[
  {
    "name": "Process Start",
    "start": 1611309102863,
    "end": 1611309104161,
    "duration": 1298,
    "pid": 2272,
    "index": 0
  },
  {
    "name": "Application Start",
    "start": 1611309104162,
    "end": 1611309104586,
    "duration": 424,
    "pid": 2272,
    "index": 1
  },
  {
    "name": "Load Plugin",
    "start": 1611309104168,
    "end": 1611309104191,
    "duration": 23,
    "pid": 2272,
    "index": 2
  },
  {
    "name": "Load Config",
    "start": 1611309104191,
    "end": 1611309104213,
    "duration": 22,
    "pid": 2272,
    "index": 3
  },
  {
    "name": "Require(0) config/config.default.js",
    "start": 1611309104192,
    "end": 1611309104192,
    "duration": 0,
    "pid": 2272,
    "index": 4
  },
  {
    "name": "Require(1) node_modules/_egg-session@3.2.0@egg-session/config/config.default.js",
    "start": 1611309104194,
    "end": 1611309104194,
    "duration": 0,
    "pid": 2272,
    "index": 5
  },
  {
    "name": "Require(2) node_modules/_egg-security@2.8.0@egg-security/config/config.default.js",
    "start": 1611309104195,
    "end": 1611309104195,
    "duration": 0,
    "pid": 2272,
    "index": 6
  },
  {
    "name": "Require(3) node_modules/_egg-jsonp@2.0.0@egg-jsonp/config/config.default.js",
    "start": 1611309104196,
    "end": 1611309104196,
    "duration": 0,
    "pid": 2272,
    "index": 7
  },
  {
    "name": "Require(4) node_modules/_egg-onerror@2.1.0@egg-onerror/config/config.default.js",
    "start": 1611309104197,
    "end": 1611309104197,
    "duration": 0,
    "pid": 2272,
    "index": 8
  },
  {
    "name": "Require(5) node_modules/_egg-i18n@2.1.1@egg-i18n/config/config.default.js",
    "start": 1611309104198,
    "end": 1611309104198,
    "duration": 0,
    "pid": 2272,
    "index": 9
  },
  {
    "name": "Require(6) node_modules/_egg-watcher@3.1.1@egg-watcher/config/config.default.js",
    "start": 1611309104199,
    "end": 1611309104199,
    "duration": 0,
    "pid": 2272,
    "index": 10
  },
  {
    "name": "Require(7) node_modules/_egg-schedule@3.6.6@egg-schedule/config/config.default.js",
    "start": 1611309104200,
    "end": 1611309104200,
    "duration": 0,
    "pid": 2272,
    "index": 11
  },
  {
    "name": "Require(8) node_modules/_egg-multipart@2.10.3@egg-multipart/config/config.default.js",
    "start": 1611309104201,
    "end": 1611309104201,
    "duration": 0,
    "pid": 2272,
    "index": 12
  },
  {
    "name": "Require(9) node_modules/_egg-development@2.7.0@egg-development/config/config.default.js",
    "start": 1611309104202,
    "end": 1611309104202,
    "duration": 0,
    "pid": 2272,
    "index": 13
  },
  {
    "name": "Require(10) node_modules/_egg-logrotator@3.1.0@egg-logrotator/config/config.default.js",
    "start": 1611309104203,
    "end": 1611309104203,
    "duration": 0,
    "pid": 2272,
    "index": 14
  },
  {
    "name": "Require(11) node_modules/_egg-static@2.2.0@egg-static/config/config.default.js",
    "start": 1611309104204,
    "end": 1611309104204,
    "duration": 0,
    "pid": 2272,
    "index": 15
  },
  {
    "name": "Require(12) node_modules/_egg-view@2.1.3@egg-view/config/config.default.js",
    "start": 1611309104205,
    "end": 1611309104205,
    "duration": 0,
    "pid": 2272,
    "index": 16
  },
  {
    "name": "Require(13) node_modules/_egg-view-ejs@2.0.1@egg-view-ejs/config/config.default.js",
    "start": 1611309104206,
    "end": 1611309104206,
    "duration": 0,
    "pid": 2272,
    "index": 17
  },
  {
    "name": "Require(14) node_modules/_egg@2.29.1@egg/config/config.default.js",
    "start": 1611309104207,
    "end": 1611309104207,
    "duration": 0,
    "pid": 2272,
    "index": 18
  },
  {
    "name": "Require(15) config/config.default.js",
    "start": 1611309104208,
    "end": 1611309104208,
    "duration": 0,
    "pid": 2272,
    "index": 19
  },
  {
    "name": "Require(16) node_modules/_egg-security@2.8.0@egg-security/config/config.local.js",
    "start": 1611309104209,
    "end": 1611309104209,
    "duration": 0,
    "pid": 2272,
    "index": 20
  },
  {
    "name": "Require(17) node_modules/_egg-watcher@3.1.1@egg-watcher/config/config.local.js",
    "start": 1611309104210,
    "end": 1611309104210,
    "duration": 0,
    "pid": 2272,
    "index": 21
  },
  {
    "name": "Require(18) node_modules/_egg-view@2.1.3@egg-view/config/config.local.js",
    "start": 1611309104212,
    "end": 1611309104212,
    "duration": 0,
    "pid": 2272,
    "index": 22
  },
  {
    "name": "Require(19) node_modules/_egg-view-ejs@2.0.1@egg-view-ejs/config/config.local.js",
    "start": 1611309104212,
    "end": 1611309104213,
    "duration": 1,
    "pid": 2272,
    "index": 23
  },
  {
    "name": "Require(20) node_modules/_egg@2.29.1@egg/config/config.local.js",
    "start": 1611309104213,
    "end": 1611309104213,
    "duration": 0,
    "pid": 2272,
    "index": 24
  },
  {
    "name": "Load extend/application.js",
    "start": 1611309104214,
    "end": 1611309104230,
    "duration": 16,
    "pid": 2272,
    "index": 25
  },
  {
    "name": "Require(21) node_modules/_egg-session@3.2.0@egg-session/app/extend/application.js",
    "start": 1611309104215,
    "end": 1611309104216,
    "duration": 1,
    "pid": 2272,
    "index": 26
  },
  {
    "name": "Require(22) node_modules/_egg-security@2.8.0@egg-security/app/extend/application.js",
    "start": 1611309104216,
    "end": 1611309104217,
    "duration": 1,
    "pid": 2272,
    "index": 27
  },
  {
    "name": "Require(23) node_modules/_egg-jsonp@2.0.0@egg-jsonp/app/extend/application.js",
    "start": 1611309104218,
    "end": 1611309104220,
    "duration": 2,
    "pid": 2272,
    "index": 28
  },
  {
    "name": "Require(24) node_modules/_egg-logrotator@3.1.0@egg-logrotator/app/extend/application.js",
    "start": 1611309104222,
    "end": 1611309104224,
    "duration": 2,
    "pid": 2272,
    "index": 29
  },
  {
    "name": "Require(25) node_modules/_egg-view@2.1.3@egg-view/app/extend/application.js",
    "start": 1611309104225,
    "end": 1611309104227,
    "duration": 2,
    "pid": 2272,
    "index": 30
  },
  {
    "name": "Load extend/request.js",
    "start": 1611309104230,
    "end": 1611309104237,
    "duration": 7,
    "pid": 2272,
    "index": 31
  },
  {
    "name": "Require(26) node_modules/_egg@2.29.1@egg/app/extend/request.js",
    "start": 1611309104233,
    "end": 1611309104234,
    "duration": 1,
    "pid": 2272,
    "index": 32
  },
  {
    "name": "Load extend/response.js",
    "start": 1611309104237,
    "end": 1611309104247,
    "duration": 10,
    "pid": 2272,
    "index": 33
  },
  {
    "name": "Require(27) node_modules/_egg@2.29.1@egg/app/extend/response.js",
    "start": 1611309104242,
    "end": 1611309104245,
    "duration": 3,
    "pid": 2272,
    "index": 34
  },
  {
    "name": "Load extend/context.js",
    "start": 1611309104247,
    "end": 1611309104321,
    "duration": 74,
    "pid": 2272,
    "index": 35
  },
  {
    "name": "Require(28) node_modules/_egg-security@2.8.0@egg-security/app/extend/context.js",
    "start": 1611309104248,
    "end": 1611309104262,
    "duration": 14,
    "pid": 2272,
    "index": 36
  },
  {
    "name": "Require(29) node_modules/_egg-jsonp@2.0.0@egg-jsonp/app/extend/context.js",
    "start": 1611309104262,
    "end": 1611309104263,
    "duration": 1,
    "pid": 2272,
    "index": 37
  },
  {
    "name": "Require(30) node_modules/_egg-i18n@2.1.1@egg-i18n/app/extend/context.js",
    "start": 1611309104264,
    "end": 1611309104264,
    "duration": 0,
    "pid": 2272,
    "index": 38
  },
  {
    "name": "Require(31) node_modules/_egg-multipart@2.10.3@egg-multipart/app/extend/context.js",
    "start": 1611309104265,
    "end": 1611309104315,
    "duration": 50,
    "pid": 2272,
    "index": 39
  },
  {
    "name": "Require(32) node_modules/_egg-view@2.1.3@egg-view/app/extend/context.js",
    "start": 1611309104315,
    "end": 1611309104316,
    "duration": 1,
    "pid": 2272,
    "index": 40
  },
  {
    "name": "Require(33) node_modules/_egg@2.29.1@egg/app/extend/context.js",
    "start": 1611309104317,
    "end": 1611309104318,
    "duration": 1,
    "pid": 2272,
    "index": 41
  },
  {
    "name": "Load extend/helper.js",
    "start": 1611309104322,
    "end": 1611309104345,
    "duration": 23,
    "pid": 2272,
    "index": 42
  },
  {
    "name": "Require(34) node_modules/_egg-security@2.8.0@egg-security/app/extend/helper.js",
    "start": 1611309104322,
    "end": 1611309104339,
    "duration": 17,
    "pid": 2272,
    "index": 43
  },
  {
    "name": "Require(35) node_modules/_egg@2.29.1@egg/app/extend/helper.js",
    "start": 1611309104342,
    "end": 1611309104342,
    "duration": 0,
    "pid": 2272,
    "index": 44
  },
  {
    "name": "Load app.js",
    "start": 1611309104346,
    "end": 1611309104383,
    "duration": 37,
    "pid": 2272,
    "index": 45
  },
  {
    "name": "Require(36) node_modules/_egg-session@3.2.0@egg-session/app.js",
    "start": 1611309104346,
    "end": 1611309104346,
    "duration": 0,
    "pid": 2272,
    "index": 46
  },
  {
    "name": "Require(37) node_modules/_egg-security@2.8.0@egg-security/app.js",
    "start": 1611309104347,
    "end": 1611309104349,
    "duration": 2,
    "pid": 2272,
    "index": 47
  },
  {
    "name": "Require(38) node_modules/_egg-onerror@2.1.0@egg-onerror/app.js",
    "start": 1611309104350,
    "end": 1611309104361,
    "duration": 11,
    "pid": 2272,
    "index": 48
  },
  {
    "name": "Require(39) node_modules/_egg-i18n@2.1.1@egg-i18n/app.js",
    "start": 1611309104361,
    "end": 1611309104371,
    "duration": 10,
    "pid": 2272,
    "index": 49
  },
  {
    "name": "Require(40) node_modules/_egg-watcher@3.1.1@egg-watcher/app.js",
    "start": 1611309104371,
    "end": 1611309104377,
    "duration": 6,
    "pid": 2272,
    "index": 50
  },
  {
    "name": "Require(41) node_modules/_egg-schedule@3.6.6@egg-schedule/app.js",
    "start": 1611309104377,
    "end": 1611309104379,
    "duration": 2,
    "pid": 2272,
    "index": 51
  },
  {
    "name": "Require(42) node_modules/_egg-multipart@2.10.3@egg-multipart/app.js",
    "start": 1611309104380,
    "end": 1611309104380,
    "duration": 0,
    "pid": 2272,
    "index": 52
  },
  {
    "name": "Require(43) node_modules/_egg-development@2.7.0@egg-development/app.js",
    "start": 1611309104380,
    "end": 1611309104381,
    "duration": 1,
    "pid": 2272,
    "index": 53
  },
  {
    "name": "Require(44) node_modules/_egg-logrotator@3.1.0@egg-logrotator/app.js",
    "start": 1611309104381,
    "end": 1611309104381,
    "duration": 0,
    "pid": 2272,
    "index": 54
  },
  {
    "name": "Require(45) node_modules/_egg-static@2.2.0@egg-static/app.js",
    "start": 1611309104381,
    "end": 1611309104382,
    "duration": 1,
    "pid": 2272,
    "index": 55
  },
  {
    "name": "Require(46) node_modules/_egg-view-ejs@2.0.1@egg-view-ejs/app.js",
    "start": 1611309104382,
    "end": 1611309104382,
    "duration": 0,
    "pid": 2272,
    "index": 56
  },
  {
    "name": "Before Start in node_modules/_egg-watcher@3.1.1@egg-watcher/lib/init.js:15:14",
    "start": 1611309104393,
    "end": 1611309104586,
    "duration": 193,
    "pid": 2272,
    "index": 57
  },
  {
    "name": "Load Service",
    "start": 1611309104430,
    "end": 1611309104435,
    "duration": 5,
    "pid": 2272,
    "index": 58
  },
  {
    "name": "Load \"service\" to Context",
    "start": 1611309104430,
    "end": 1611309104435,
    "duration": 5,
    "pid": 2272,
    "index": 59
  },
  {
    "name": "Load Middleware",
    "start": 1611309104435,
    "end": 1611309104569,
    "duration": 134,
    "pid": 2272,
    "index": 60
  },
  {
    "name": "Load \"middlewares\" to Application",
    "start": 1611309104435,
    "end": 1611309104554,
    "duration": 119,
    "pid": 2272,
    "index": 61
  },
  {
    "name": "Load Controller",
    "start": 1611309104569,
    "end": 1611309104572,
    "duration": 3,
    "pid": 2272,
    "index": 62
  },
  {
    "name": "Load \"controller\" to Application",
    "start": 1611309104569,
    "end": 1611309104572,
    "duration": 3,
    "pid": 2272,
    "index": 63
  },
  {
    "name": "Load Router",
    "start": 1611309104572,
    "end": 1611309104573,
    "duration": 1,
    "pid": 2272,
    "index": 64
  },
  {
    "name": "Require(47) app/router.js",
    "start": 1611309104572,
    "end": 1611309104572,
    "duration": 0,
    "pid": 2272,
    "index": 65
  },
  {
    "name": "Before Start in node_modules/_egg-core@4.20.0@egg-core/lib/egg.js:303:10",
    "start": 1611309104572,
    "end": 1611309104579,
    "duration": 7,
    "pid": 2272,
    "index": 66
  }
]