[
  {
    "name": "Process Start",
    "start": 1611309093490,
    "end": 1611309094615,
    "duration": 1125,
    "pid": 5016,
    "index": 0
  },
  {
    "name": "Application Start",
    "start": 1611309094615,
    "end": 1611309095059,
    "duration": 444,
    "pid": 5016,
    "index": 1
  },
  {
    "name": "Load Plugin",
    "start": 1611309094619,
    "end": 1611309094645,
    "duration": 26,
    "pid": 5016,
    "index": 2
  },
  {
    "name": "Load Config",
    "start": 1611309094645,
    "end": 1611309094669,
    "duration": 24,
    "pid": 5016,
    "index": 3
  },
  {
    "name": "Require(0) config/config.default.js",
    "start": 1611309094646,
    "end": 1611309094646,
    "duration": 0,
    "pid": 5016,
    "index": 4
  },
  {
    "name": "Require(1) node_modules/_egg-session@3.2.0@egg-session/config/config.default.js",
    "start": 1611309094648,
    "end": 1611309094648,
    "duration": 0,
    "pid": 5016,
    "index": 5
  },
  {
    "name": "Require(2) node_modules/_egg-security@2.8.0@egg-security/config/config.default.js",
    "start": 1611309094649,
    "end": 1611309094649,
    "duration": 0,
    "pid": 5016,
    "index": 6
  },
  {
    "name": "Require(3) node_modules/_egg-jsonp@2.0.0@egg-jsonp/config/config.default.js",
    "start": 1611309094650,
    "end": 1611309094650,
    "duration": 0,
    "pid": 5016,
    "index": 7
  },
  {
    "name": "Require(4) node_modules/_egg-onerror@2.1.0@egg-onerror/config/config.default.js",
    "start": 1611309094651,
    "end": 1611309094651,
    "duration": 0,
    "pid": 5016,
    "index": 8
  },
  {
    "name": "Require(5) node_modules/_egg-i18n@2.1.1@egg-i18n/config/config.default.js",
    "start": 1611309094652,
    "end": 1611309094652,
    "duration": 0,
    "pid": 5016,
    "index": 9
  },
  {
    "name": "Require(6) node_modules/_egg-watcher@3.1.1@egg-watcher/config/config.default.js",
    "start": 1611309094653,
    "end": 1611309094653,
    "duration": 0,
    "pid": 5016,
    "index": 10
  },
  {
    "name": "Require(7) node_modules/_egg-schedule@3.6.6@egg-schedule/config/config.default.js",
    "start": 1611309094654,
    "end": 1611309094654,
    "duration": 0,
    "pid": 5016,
    "index": 11
  },
  {
    "name": "Require(8) node_modules/_egg-multipart@2.10.3@egg-multipart/config/config.default.js",
    "start": 1611309094655,
    "end": 1611309094656,
    "duration": 1,
    "pid": 5016,
    "index": 12
  },
  {
    "name": "Require(9) node_modules/_egg-development@2.7.0@egg-development/config/config.default.js",
    "start": 1611309094657,
    "end": 1611309094658,
    "duration": 1,
    "pid": 5016,
    "index": 13
  },
  {
    "name": "Require(10) node_modules/_egg-logrotator@3.1.0@egg-logrotator/config/config.default.js",
    "start": 1611309094659,
    "end": 1611309094659,
    "duration": 0,
    "pid": 5016,
    "index": 14
  },
  {
    "name": "Require(11) node_modules/_egg-static@2.2.0@egg-static/config/config.default.js",
    "start": 1611309094660,
    "end": 1611309094660,
    "duration": 0,
    "pid": 5016,
    "index": 15
  },
  {
    "name": "Require(12) node_modules/_egg-view@2.1.3@egg-view/config/config.default.js",
    "start": 1611309094661,
    "end": 1611309094661,
    "duration": 0,
    "pid": 5016,
    "index": 16
  },
  {
    "name": "Require(13) node_modules/_egg-view-ejs@2.0.1@egg-view-ejs/config/config.default.js",
    "start": 1611309094662,
    "end": 1611309094662,
    "duration": 0,
    "pid": 5016,
    "index": 17
  },
  {
    "name": "Require(14) node_modules/_egg@2.29.1@egg/config/config.default.js",
    "start": 1611309094662,
    "end": 1611309094663,
    "duration": 1,
    "pid": 5016,
    "index": 18
  },
  {
    "name": "Require(15) config/config.default.js",
    "start": 1611309094664,
    "end": 1611309094664,
    "duration": 0,
    "pid": 5016,
    "index": 19
  },
  {
    "name": "Require(16) node_modules/_egg-security@2.8.0@egg-security/config/config.local.js",
    "start": 1611309094665,
    "end": 1611309094665,
    "duration": 0,
    "pid": 5016,
    "index": 20
  },
  {
    "name": "Require(17) node_modules/_egg-watcher@3.1.1@egg-watcher/config/config.local.js",
    "start": 1611309094666,
    "end": 1611309094666,
    "duration": 0,
    "pid": 5016,
    "index": 21
  },
  {
    "name": "Require(18) node_modules/_egg-view@2.1.3@egg-view/config/config.local.js",
    "start": 1611309094667,
    "end": 1611309094668,
    "duration": 1,
    "pid": 5016,
    "index": 22
  },
  {
    "name": "Require(19) node_modules/_egg-view-ejs@2.0.1@egg-view-ejs/config/config.local.js",
    "start": 1611309094668,
    "end": 1611309094668,
    "duration": 0,
    "pid": 5016,
    "index": 23
  },
  {
    "name": "Require(20) node_modules/_egg@2.29.1@egg/config/config.local.js",
    "start": 1611309094669,
    "end": 1611309094669,
    "duration": 0,
    "pid": 5016,
    "index": 24
  },
  {
    "name": "Load extend/application.js",
    "start": 1611309094670,
    "end": 1611309094686,
    "duration": 16,
    "pid": 5016,
    "index": 25
  },
  {
    "name": "Require(21) node_modules/_egg-session@3.2.0@egg-session/app/extend/application.js",
    "start": 1611309094670,
    "end": 1611309094671,
    "duration": 1,
    "pid": 5016,
    "index": 26
  },
  {
    "name": "Require(22) node_modules/_egg-security@2.8.0@egg-security/app/extend/application.js",
    "start": 1611309094672,
    "end": 1611309094674,
    "duration": 2,
    "pid": 5016,
    "index": 27
  },
  {
    "name": "Require(23) node_modules/_egg-jsonp@2.0.0@egg-jsonp/app/extend/application.js",
    "start": 1611309094675,
    "end": 1611309094677,
    "duration": 2,
    "pid": 5016,
    "index": 28
  },
  {
    "name": "Require(24) node_modules/_egg-logrotator@3.1.0@egg-logrotator/app/extend/application.js",
    "start": 1611309094678,
    "end": 1611309094681,
    "duration": 3,
    "pid": 5016,
    "index": 29
  },
  {
    "name": "Require(25) node_modules/_egg-view@2.1.3@egg-view/app/extend/application.js",
    "start": 1611309094682,
    "end": 1611309094684,
    "duration": 2,
    "pid": 5016,
    "index": 30
  },
  {
    "name": "Load extend/request.js",
    "start": 1611309094687,
    "end": 1611309094696,
    "duration": 9,
    "pid": 5016,
    "index": 31
  },
  {
    "name": "Require(26) node_modules/_egg@2.29.1@egg/app/extend/request.js",
    "start": 1611309094690,
    "end": 1611309094692,
    "duration": 2,
    "pid": 5016,
    "index": 32
  },
  {
    "name": "Load extend/response.js",
    "start": 1611309094696,
    "end": 1611309094703,
    "duration": 7,
    "pid": 5016,
    "index": 33
  },
  {
    "name": "Require(27) node_modules/_egg@2.29.1@egg/app/extend/response.js",
    "start": 1611309094698,
    "end": 1611309094701,
    "duration": 3,
    "pid": 5016,
    "index": 34
  },
  {
    "name": "Load extend/context.js",
    "start": 1611309094703,
    "end": 1611309094774,
    "duration": 71,
    "pid": 5016,
    "index": 35
  },
  {
    "name": "Require(28) node_modules/_egg-security@2.8.0@egg-security/app/extend/context.js",
    "start": 1611309094704,
    "end": 1611309094718,
    "duration": 14,
    "pid": 5016,
    "index": 36
  },
  {
    "name": "Require(29) node_modules/_egg-jsonp@2.0.0@egg-jsonp/app/extend/context.js",
    "start": 1611309094718,
    "end": 1611309094720,
    "duration": 2,
    "pid": 5016,
    "index": 37
  },
  {
    "name": "Require(30) node_modules/_egg-i18n@2.1.1@egg-i18n/app/extend/context.js",
    "start": 1611309094721,
    "end": 1611309094721,
    "duration": 0,
    "pid": 5016,
    "index": 38
  },
  {
    "name": "Require(31) node_modules/_egg-multipart@2.10.3@egg-multipart/app/extend/context.js",
    "start": 1611309094722,
    "end": 1611309094767,
    "duration": 45,
    "pid": 5016,
    "index": 39
  },
  {
    "name": "Require(32) node_modules/_egg-view@2.1.3@egg-view/app/extend/context.js",
    "start": 1611309094768,
    "end": 1611309094769,
    "duration": 1,
    "pid": 5016,
    "index": 40
  },
  {
    "name": "Require(33) node_modules/_egg@2.29.1@egg/app/extend/context.js",
    "start": 1611309094769,
    "end": 1611309094771,
    "duration": 2,
    "pid": 5016,
    "index": 41
  },
  {
    "name": "Load extend/helper.js",
    "start": 1611309094774,
    "end": 1611309094798,
    "duration": 24,
    "pid": 5016,
    "index": 42
  },
  {
    "name": "Require(34) node_modules/_egg-security@2.8.0@egg-security/app/extend/helper.js",
    "start": 1611309094775,
    "end": 1611309094793,
    "duration": 18,
    "pid": 5016,
    "index": 43
  },
  {
    "name": "Require(35) node_modules/_egg@2.29.1@egg/app/extend/helper.js",
    "start": 1611309094795,
    "end": 1611309094795,
    "duration": 0,
    "pid": 5016,
    "index": 44
  },
  {
    "name": "Load app.js",
    "start": 1611309094799,
    "end": 1611309094834,
    "duration": 35,
    "pid": 5016,
    "index": 45
  },
  {
    "name": "Require(36) node_modules/_egg-session@3.2.0@egg-session/app.js",
    "start": 1611309094799,
    "end": 1611309094799,
    "duration": 0,
    "pid": 5016,
    "index": 46
  },
  {
    "name": "Require(37) node_modules/_egg-security@2.8.0@egg-security/app.js",
    "start": 1611309094800,
    "end": 1611309094801,
    "duration": 1,
    "pid": 5016,
    "index": 47
  },
  {
    "name": "Require(38) node_modules/_egg-onerror@2.1.0@egg-onerror/app.js",
    "start": 1611309094802,
    "end": 1611309094814,
    "duration": 12,
    "pid": 5016,
    "index": 48
  },
  {
    "name": "Require(39) node_modules/_egg-i18n@2.1.1@egg-i18n/app.js",
    "start": 1611309094814,
    "end": 1611309094821,
    "duration": 7,
    "pid": 5016,
    "index": 49
  },
  {
    "name": "Require(40) node_modules/_egg-watcher@3.1.1@egg-watcher/app.js",
    "start": 1611309094822,
    "end": 1611309094827,
    "duration": 5,
    "pid": 5016,
    "index": 50
  },
  {
    "name": "Require(41) node_modules/_egg-schedule@3.6.6@egg-schedule/app.js",
    "start": 1611309094827,
    "end": 1611309094829,
    "duration": 2,
    "pid": 5016,
    "index": 51
  },
  {
    "name": "Require(42) node_modules/_egg-multipart@2.10.3@egg-multipart/app.js",
    "start": 1611309094830,
    "end": 1611309094830,
    "duration": 0,
    "pid": 5016,
    "index": 52
  },
  {
    "name": "Require(43) node_modules/_egg-development@2.7.0@egg-development/app.js",
    "start": 1611309094830,
    "end": 1611309094830,
    "duration": 0,
    "pid": 5016,
    "index": 53
  },
  {
    "name": "Require(44) node_modules/_egg-logrotator@3.1.0@egg-logrotator/app.js",
    "start": 1611309094831,
    "end": 1611309094831,
    "duration": 0,
    "pid": 5016,
    "index": 54
  },
  {
    "name": "Require(45) node_modules/_egg-static@2.2.0@egg-static/app.js",
    "start": 1611309094831,
    "end": 1611309094832,
    "duration": 1,
    "pid": 5016,
    "index": 55
  },
  {
    "name": "Require(46) node_modules/_egg-view-ejs@2.0.1@egg-view-ejs/app.js",
    "start": 1611309094833,
    "end": 1611309094833,
    "duration": 0,
    "pid": 5016,
    "index": 56
  },
  {
    "name": "Before Start in node_modules/_egg-watcher@3.1.1@egg-watcher/lib/init.js:15:14",
    "start": 1611309094842,
    "end": 1611309095059,
    "duration": 217,
    "pid": 5016,
    "index": 57
  },
  {
    "name": "Load Service",
    "start": 1611309094876,
    "end": 1611309094880,
    "duration": 4,
    "pid": 5016,
    "index": 58
  },
  {
    "name": "Load \"service\" to Context",
    "start": 1611309094876,
    "end": 1611309094880,
    "duration": 4,
    "pid": 5016,
    "index": 59
  },
  {
    "name": "Load Middleware",
    "start": 1611309094880,
    "end": 1611309095031,
    "duration": 151,
    "pid": 5016,
    "index": 60
  },
  {
    "name": "Load \"middlewares\" to Application",
    "start": 1611309094880,
    "end": 1611309094995,
    "duration": 115,
    "pid": 5016,
    "index": 61
  },
  {
    "name": "Load Controller",
    "start": 1611309095031,
    "end": 1611309095033,
    "duration": 2,
    "pid": 5016,
    "index": 62
  },
  {
    "name": "Load \"controller\" to Application",
    "start": 1611309095031,
    "end": 1611309095033,
    "duration": 2,
    "pid": 5016,
    "index": 63
  },
  {
    "name": "Load Router",
    "start": 1611309095034,
    "end": 1611309095037,
    "duration": 3,
    "pid": 5016,
    "index": 64
  },
  {
    "name": "Require(47) app/router.js",
    "start": 1611309095034,
    "end": 1611309095035,
    "duration": 1,
    "pid": 5016,
    "index": 65
  },
  {
    "name": "Before Start in node_modules/_egg-core@4.20.0@egg-core/lib/egg.js:303:10",
    "start": 1611309095035,
    "end": 1611309095045,
    "duration": 10,
    "pid": 5016,
    "index": 66
  }
]