[
  {
    "name": "Process Start",
    "start": 1611309073127,
    "end": 1611309074165,
    "duration": 1038,
    "pid": 9956,
    "index": 0
  },
  {
    "name": "Application Start",
    "start": 1611309074165,
    "end": 1611309074592,
    "duration": 427,
    "pid": 9956,
    "index": 1
  },
  {
    "name": "Load Plugin",
    "start": 1611309074169,
    "end": 1611309074189,
    "duration": 20,
    "pid": 9956,
    "index": 2
  },
  {
    "name": "Load Config",
    "start": 1611309074189,
    "end": 1611309074213,
    "duration": 24,
    "pid": 9956,
    "index": 3
  },
  {
    "name": "Require(0) config/config.default.js",
    "start": 1611309074190,
    "end": 1611309074191,
    "duration": 1,
    "pid": 9956,
    "index": 4
  },
  {
    "name": "Require(1) node_modules/_egg-session@3.2.0@egg-session/config/config.default.js",
    "start": 1611309074192,
    "end": 1611309074193,
    "duration": 1,
    "pid": 9956,
    "index": 5
  },
  {
    "name": "Require(2) node_modules/_egg-security@2.8.0@egg-security/config/config.default.js",
    "start": 1611309074193,
    "end": 1611309074193,
    "duration": 0,
    "pid": 9956,
    "index": 6
  },
  {
    "name": "Require(3) node_modules/_egg-jsonp@2.0.0@egg-jsonp/config/config.default.js",
    "start": 1611309074194,
    "end": 1611309074195,
    "duration": 1,
    "pid": 9956,
    "index": 7
  },
  {
    "name": "Require(4) node_modules/_egg-onerror@2.1.0@egg-onerror/config/config.default.js",
    "start": 1611309074195,
    "end": 1611309074196,
    "duration": 1,
    "pid": 9956,
    "index": 8
  },
  {
    "name": "Require(5) node_modules/_egg-i18n@2.1.1@egg-i18n/config/config.default.js",
    "start": 1611309074196,
    "end": 1611309074197,
    "duration": 1,
    "pid": 9956,
    "index": 9
  },
  {
    "name": "Require(6) node_modules/_egg-watcher@3.1.1@egg-watcher/config/config.default.js",
    "start": 1611309074197,
    "end": 1611309074198,
    "duration": 1,
    "pid": 9956,
    "index": 10
  },
  {
    "name": "Require(7) node_modules/_egg-schedule@3.6.6@egg-schedule/config/config.default.js",
    "start": 1611309074198,
    "end": 1611309074199,
    "duration": 1,
    "pid": 9956,
    "index": 11
  },
  {
    "name": "Require(8) node_modules/_egg-multipart@2.10.3@egg-multipart/config/config.default.js",
    "start": 1611309074199,
    "end": 1611309074200,
    "duration": 1,
    "pid": 9956,
    "index": 12
  },
  {
    "name": "Require(9) node_modules/_egg-development@2.7.0@egg-development/config/config.default.js",
    "start": 1611309074200,
    "end": 1611309074201,
    "duration": 1,
    "pid": 9956,
    "index": 13
  },
  {
    "name": "Require(10) node_modules/_egg-logrotator@3.1.0@egg-logrotator/config/config.default.js",
    "start": 1611309074201,
    "end": 1611309074202,
    "duration": 1,
    "pid": 9956,
    "index": 14
  },
  {
    "name": "Require(11) node_modules/_egg-static@2.2.0@egg-static/config/config.default.js",
    "start": 1611309074202,
    "end": 1611309074203,
    "duration": 1,
    "pid": 9956,
    "index": 15
  },
  {
    "name": "Require(12) node_modules/_egg-view@2.1.3@egg-view/config/config.default.js",
    "start": 1611309074204,
    "end": 1611309074204,
    "duration": 0,
    "pid": 9956,
    "index": 16
  },
  {
    "name": "Require(13) node_modules/_egg-view-ejs@2.0.1@egg-view-ejs/config/config.default.js",
    "start": 1611309074205,
    "end": 1611309074205,
    "duration": 0,
    "pid": 9956,
    "index": 17
  },
  {
    "name": "Require(14) node_modules/_egg@2.29.1@egg/config/config.default.js",
    "start": 1611309074206,
    "end": 1611309074206,
    "duration": 0,
    "pid": 9956,
    "index": 18
  },
  {
    "name": "Require(15) config/config.default.js",
    "start": 1611309074207,
    "end": 1611309074207,
    "duration": 0,
    "pid": 9956,
    "index": 19
  },
  {
    "name": "Require(16) node_modules/_egg-security@2.8.0@egg-security/config/config.local.js",
    "start": 1611309074208,
    "end": 1611309074208,
    "duration": 0,
    "pid": 9956,
    "index": 20
  },
  {
    "name": "Require(17) node_modules/_egg-watcher@3.1.1@egg-watcher/config/config.local.js",
    "start": 1611309074209,
    "end": 1611309074210,
    "duration": 1,
    "pid": 9956,
    "index": 21
  },
  {
    "name": "Require(18) node_modules/_egg-view@2.1.3@egg-view/config/config.local.js",
    "start": 1611309074211,
    "end": 1611309074212,
    "duration": 1,
    "pid": 9956,
    "index": 22
  },
  {
    "name": "Require(19) node_modules/_egg-view-ejs@2.0.1@egg-view-ejs/config/config.local.js",
    "start": 1611309074212,
    "end": 1611309074212,
    "duration": 0,
    "pid": 9956,
    "index": 23
  },
  {
    "name": "Require(20) node_modules/_egg@2.29.1@egg/config/config.local.js",
    "start": 1611309074213,
    "end": 1611309074213,
    "duration": 0,
    "pid": 9956,
    "index": 24
  },
  {
    "name": "Load extend/application.js",
    "start": 1611309074214,
    "end": 1611309074232,
    "duration": 18,
    "pid": 9956,
    "index": 25
  },
  {
    "name": "Require(21) node_modules/_egg-session@3.2.0@egg-session/app/extend/application.js",
    "start": 1611309074215,
    "end": 1611309074215,
    "duration": 0,
    "pid": 9956,
    "index": 26
  },
  {
    "name": "Require(22) node_modules/_egg-security@2.8.0@egg-security/app/extend/application.js",
    "start": 1611309074216,
    "end": 1611309074217,
    "duration": 1,
    "pid": 9956,
    "index": 27
  },
  {
    "name": "Require(23) node_modules/_egg-jsonp@2.0.0@egg-jsonp/app/extend/application.js",
    "start": 1611309074217,
    "end": 1611309074220,
    "duration": 3,
    "pid": 9956,
    "index": 28
  },
  {
    "name": "Require(24) node_modules/_egg-logrotator@3.1.0@egg-logrotator/app/extend/application.js",
    "start": 1611309074221,
    "end": 1611309074225,
    "duration": 4,
    "pid": 9956,
    "index": 29
  },
  {
    "name": "Require(25) node_modules/_egg-view@2.1.3@egg-view/app/extend/application.js",
    "start": 1611309074225,
    "end": 1611309074228,
    "duration": 3,
    "pid": 9956,
    "index": 30
  },
  {
    "name": "Load extend/request.js",
    "start": 1611309074232,
    "end": 1611309074243,
    "duration": 11,
    "pid": 9956,
    "index": 31
  },
  {
    "name": "Require(26) node_modules/_egg@2.29.1@egg/app/extend/request.js",
    "start": 1611309074236,
    "end": 1611309074237,
    "duration": 1,
    "pid": 9956,
    "index": 32
  },
  {
    "name": "Load extend/response.js",
    "start": 1611309074243,
    "end": 1611309074252,
    "duration": 9,
    "pid": 9956,
    "index": 33
  },
  {
    "name": "Require(27) node_modules/_egg@2.29.1@egg/app/extend/response.js",
    "start": 1611309074246,
    "end": 1611309074248,
    "duration": 2,
    "pid": 9956,
    "index": 34
  },
  {
    "name": "Load extend/context.js",
    "start": 1611309074252,
    "end": 1611309074328,
    "duration": 76,
    "pid": 9956,
    "index": 35
  },
  {
    "name": "Require(28) node_modules/_egg-security@2.8.0@egg-security/app/extend/context.js",
    "start": 1611309074252,
    "end": 1611309074267,
    "duration": 15,
    "pid": 9956,
    "index": 36
  },
  {
    "name": "Require(29) node_modules/_egg-jsonp@2.0.0@egg-jsonp/app/extend/context.js",
    "start": 1611309074268,
    "end": 1611309074269,
    "duration": 1,
    "pid": 9956,
    "index": 37
  },
  {
    "name": "Require(30) node_modules/_egg-i18n@2.1.1@egg-i18n/app/extend/context.js",
    "start": 1611309074270,
    "end": 1611309074270,
    "duration": 0,
    "pid": 9956,
    "index": 38
  },
  {
    "name": "Require(31) node_modules/_egg-multipart@2.10.3@egg-multipart/app/extend/context.js",
    "start": 1611309074271,
    "end": 1611309074321,
    "duration": 50,
    "pid": 9956,
    "index": 39
  },
  {
    "name": "Require(32) node_modules/_egg-view@2.1.3@egg-view/app/extend/context.js",
    "start": 1611309074322,
    "end": 1611309074323,
    "duration": 1,
    "pid": 9956,
    "index": 40
  },
  {
    "name": "Require(33) node_modules/_egg@2.29.1@egg/app/extend/context.js",
    "start": 1611309074323,
    "end": 1611309074325,
    "duration": 2,
    "pid": 9956,
    "index": 41
  },
  {
    "name": "Load extend/helper.js",
    "start": 1611309074328,
    "end": 1611309074351,
    "duration": 23,
    "pid": 9956,
    "index": 42
  },
  {
    "name": "Require(34) node_modules/_egg-security@2.8.0@egg-security/app/extend/helper.js",
    "start": 1611309074329,
    "end": 1611309074346,
    "duration": 17,
    "pid": 9956,
    "index": 43
  },
  {
    "name": "Require(35) node_modules/_egg@2.29.1@egg/app/extend/helper.js",
    "start": 1611309074348,
    "end": 1611309074348,
    "duration": 0,
    "pid": 9956,
    "index": 44
  },
  {
    "name": "Load app.js",
    "start": 1611309074352,
    "end": 1611309074386,
    "duration": 34,
    "pid": 9956,
    "index": 45
  },
  {
    "name": "Require(36) node_modules/_egg-session@3.2.0@egg-session/app.js",
    "start": 1611309074352,
    "end": 1611309074352,
    "duration": 0,
    "pid": 9956,
    "index": 46
  },
  {
    "name": "Require(37) node_modules/_egg-security@2.8.0@egg-security/app.js",
    "start": 1611309074353,
    "end": 1611309074354,
    "duration": 1,
    "pid": 9956,
    "index": 47
  },
  {
    "name": "Require(38) node_modules/_egg-onerror@2.1.0@egg-onerror/app.js",
    "start": 1611309074355,
    "end": 1611309074366,
    "duration": 11,
    "pid": 9956,
    "index": 48
  },
  {
    "name": "Require(39) node_modules/_egg-i18n@2.1.1@egg-i18n/app.js",
    "start": 1611309074366,
    "end": 1611309074375,
    "duration": 9,
    "pid": 9956,
    "index": 49
  },
  {
    "name": "Require(40) node_modules/_egg-watcher@3.1.1@egg-watcher/app.js",
    "start": 1611309074375,
    "end": 1611309074379,
    "duration": 4,
    "pid": 9956,
    "index": 50
  },
  {
    "name": "Require(41) node_modules/_egg-schedule@3.6.6@egg-schedule/app.js",
    "start": 1611309074380,
    "end": 1611309074382,
    "duration": 2,
    "pid": 9956,
    "index": 51
  },
  {
    "name": "Require(42) node_modules/_egg-multipart@2.10.3@egg-multipart/app.js",
    "start": 1611309074382,
    "end": 1611309074383,
    "duration": 1,
    "pid": 9956,
    "index": 52
  },
  {
    "name": "Require(43) node_modules/_egg-development@2.7.0@egg-development/app.js",
    "start": 1611309074383,
    "end": 1611309074383,
    "duration": 0,
    "pid": 9956,
    "index": 53
  },
  {
    "name": "Require(44) node_modules/_egg-logrotator@3.1.0@egg-logrotator/app.js",
    "start": 1611309074384,
    "end": 1611309074384,
    "duration": 0,
    "pid": 9956,
    "index": 54
  },
  {
    "name": "Require(45) node_modules/_egg-static@2.2.0@egg-static/app.js",
    "start": 1611309074384,
    "end": 1611309074384,
    "duration": 0,
    "pid": 9956,
    "index": 55
  },
  {
    "name": "Require(46) node_modules/_egg-view-ejs@2.0.1@egg-view-ejs/app.js",
    "start": 1611309074385,
    "end": 1611309074385,
    "duration": 0,
    "pid": 9956,
    "index": 56
  },
  {
    "name": "Before Start in node_modules/_egg-watcher@3.1.1@egg-watcher/lib/init.js:15:14",
    "start": 1611309074395,
    "end": 1611309074592,
    "duration": 197,
    "pid": 9956,
    "index": 57
  },
  {
    "name": "Load Service",
    "start": 1611309074429,
    "end": 1611309074435,
    "duration": 6,
    "pid": 9956,
    "index": 58
  },
  {
    "name": "Load \"service\" to Context",
    "start": 1611309074429,
    "end": 1611309074435,
    "duration": 6,
    "pid": 9956,
    "index": 59
  },
  {
    "name": "Load Middleware",
    "start": 1611309074435,
    "end": 1611309074573,
    "duration": 138,
    "pid": 9956,
    "index": 60
  },
  {
    "name": "Load \"middlewares\" to Application",
    "start": 1611309074435,
    "end": 1611309074557,
    "duration": 122,
    "pid": 9956,
    "index": 61
  },
  {
    "name": "Load Controller",
    "start": 1611309074573,
    "end": 1611309074575,
    "duration": 2,
    "pid": 9956,
    "index": 62
  },
  {
    "name": "Load \"controller\" to Application",
    "start": 1611309074573,
    "end": 1611309074575,
    "duration": 2,
    "pid": 9956,
    "index": 63
  },
  {
    "name": "Load Router",
    "start": 1611309074575,
    "end": 1611309074577,
    "duration": 2,
    "pid": 9956,
    "index": 64
  },
  {
    "name": "Require(47) app/router.js",
    "start": 1611309074575,
    "end": 1611309074575,
    "duration": 0,
    "pid": 9956,
    "index": 65
  },
  {
    "name": "Before Start in node_modules/_egg-core@4.20.0@egg-core/lib/egg.js:303:10",
    "start": 1611309074575,
    "end": 1611309074583,
    "duration": 8,
    "pid": 9956,
    "index": 66
  }
]