[
  {
    "name": "Process Start",
    "start": 1611309101456,
    "end": 1611309102437,
    "duration": 981,
    "pid": 16020,
    "index": 0
  },
  {
    "name": "Application Start",
    "start": 1611309102438,
    "end": 1611309102823,
    "duration": 385,
    "pid": 16020,
    "index": 1
  },
  {
    "name": "Load Plugin",
    "start": 1611309102442,
    "end": 1611309102461,
    "duration": 19,
    "pid": 16020,
    "index": 2
  },
  {
    "name": "Load Config",
    "start": 1611309102461,
    "end": 1611309102481,
    "duration": 20,
    "pid": 16020,
    "index": 3
  },
  {
    "name": "Require(0) config/config.default.js",
    "start": 1611309102461,
    "end": 1611309102462,
    "duration": 1,
    "pid": 16020,
    "index": 4
  },
  {
    "name": "Require(1) node_modules/_egg-session@3.2.0@egg-session/config/config.default.js",
    "start": 1611309102463,
    "end": 1611309102463,
    "duration": 0,
    "pid": 16020,
    "index": 5
  },
  {
    "name": "Require(2) node_modules/_egg-security@2.8.0@egg-security/config/config.default.js",
    "start": 1611309102463,
    "end": 1611309102464,
    "duration": 1,
    "pid": 16020,
    "index": 6
  },
  {
    "name": "Require(3) node_modules/_egg-jsonp@2.0.0@egg-jsonp/config/config.default.js",
    "start": 1611309102465,
    "end": 1611309102466,
    "duration": 1,
    "pid": 16020,
    "index": 7
  },
  {
    "name": "Require(4) node_modules/_egg-onerror@2.1.0@egg-onerror/config/config.default.js",
    "start": 1611309102466,
    "end": 1611309102467,
    "duration": 1,
    "pid": 16020,
    "index": 8
  },
  {
    "name": "Require(5) node_modules/_egg-i18n@2.1.1@egg-i18n/config/config.default.js",
    "start": 1611309102467,
    "end": 1611309102467,
    "duration": 0,
    "pid": 16020,
    "index": 9
  },
  {
    "name": "Require(6) node_modules/_egg-watcher@3.1.1@egg-watcher/config/config.default.js",
    "start": 1611309102468,
    "end": 1611309102468,
    "duration": 0,
    "pid": 16020,
    "index": 10
  },
  {
    "name": "Require(7) node_modules/_egg-schedule@3.6.6@egg-schedule/config/config.default.js",
    "start": 1611309102469,
    "end": 1611309102469,
    "duration": 0,
    "pid": 16020,
    "index": 11
  },
  {
    "name": "Require(8) node_modules/_egg-multipart@2.10.3@egg-multipart/config/config.default.js",
    "start": 1611309102470,
    "end": 1611309102471,
    "duration": 1,
    "pid": 16020,
    "index": 12
  },
  {
    "name": "Require(9) node_modules/_egg-development@2.7.0@egg-development/config/config.default.js",
    "start": 1611309102471,
    "end": 1611309102472,
    "duration": 1,
    "pid": 16020,
    "index": 13
  },
  {
    "name": "Require(10) node_modules/_egg-logrotator@3.1.0@egg-logrotator/config/config.default.js",
    "start": 1611309102472,
    "end": 1611309102473,
    "duration": 1,
    "pid": 16020,
    "index": 14
  },
  {
    "name": "Require(11) node_modules/_egg-static@2.2.0@egg-static/config/config.default.js",
    "start": 1611309102473,
    "end": 1611309102473,
    "duration": 0,
    "pid": 16020,
    "index": 15
  },
  {
    "name": "Require(12) node_modules/_egg-view@2.1.3@egg-view/config/config.default.js",
    "start": 1611309102474,
    "end": 1611309102474,
    "duration": 0,
    "pid": 16020,
    "index": 16
  },
  {
    "name": "Require(13) node_modules/_egg-view-ejs@2.0.1@egg-view-ejs/config/config.default.js",
    "start": 1611309102475,
    "end": 1611309102475,
    "duration": 0,
    "pid": 16020,
    "index": 17
  },
  {
    "name": "Require(14) node_modules/_egg@2.29.1@egg/config/config.default.js",
    "start": 1611309102475,
    "end": 1611309102476,
    "duration": 1,
    "pid": 16020,
    "index": 18
  },
  {
    "name": "Require(15) config/config.default.js",
    "start": 1611309102477,
    "end": 1611309102477,
    "duration": 0,
    "pid": 16020,
    "index": 19
  },
  {
    "name": "Require(16) node_modules/_egg-security@2.8.0@egg-security/config/config.local.js",
    "start": 1611309102477,
    "end": 1611309102477,
    "duration": 0,
    "pid": 16020,
    "index": 20
  },
  {
    "name": "Require(17) node_modules/_egg-watcher@3.1.1@egg-watcher/config/config.local.js",
    "start": 1611309102478,
    "end": 1611309102478,
    "duration": 0,
    "pid": 16020,
    "index": 21
  },
  {
    "name": "Require(18) node_modules/_egg-view@2.1.3@egg-view/config/config.local.js",
    "start": 1611309102480,
    "end": 1611309102480,
    "duration": 0,
    "pid": 16020,
    "index": 22
  },
  {
    "name": "Require(19) node_modules/_egg-view-ejs@2.0.1@egg-view-ejs/config/config.local.js",
    "start": 1611309102480,
    "end": 1611309102480,
    "duration": 0,
    "pid": 16020,
    "index": 23
  },
  {
    "name": "Require(20) node_modules/_egg@2.29.1@egg/config/config.local.js",
    "start": 1611309102481,
    "end": 1611309102481,
    "duration": 0,
    "pid": 16020,
    "index": 24
  },
  {
    "name": "Load extend/application.js",
    "start": 1611309102482,
    "end": 1611309102496,
    "duration": 14,
    "pid": 16020,
    "index": 25
  },
  {
    "name": "Require(21) node_modules/_egg-session@3.2.0@egg-session/app/extend/application.js",
    "start": 1611309102482,
    "end": 1611309102483,
    "duration": 1,
    "pid": 16020,
    "index": 26
  },
  {
    "name": "Require(22) node_modules/_egg-security@2.8.0@egg-security/app/extend/application.js",
    "start": 1611309102483,
    "end": 1611309102484,
    "duration": 1,
    "pid": 16020,
    "index": 27
  },
  {
    "name": "Require(23) node_modules/_egg-jsonp@2.0.0@egg-jsonp/app/extend/application.js",
    "start": 1611309102484,
    "end": 1611309102486,
    "duration": 2,
    "pid": 16020,
    "index": 28
  },
  {
    "name": "Require(24) node_modules/_egg-logrotator@3.1.0@egg-logrotator/app/extend/application.js",
    "start": 1611309102488,
    "end": 1611309102491,
    "duration": 3,
    "pid": 16020,
    "index": 29
  },
  {
    "name": "Require(25) node_modules/_egg-view@2.1.3@egg-view/app/extend/application.js",
    "start": 1611309102491,
    "end": 1611309102494,
    "duration": 3,
    "pid": 16020,
    "index": 30
  },
  {
    "name": "Load extend/request.js",
    "start": 1611309102497,
    "end": 1611309102503,
    "duration": 6,
    "pid": 16020,
    "index": 31
  },
  {
    "name": "Require(26) node_modules/_egg@2.29.1@egg/app/extend/request.js",
    "start": 1611309102499,
    "end": 1611309102500,
    "duration": 1,
    "pid": 16020,
    "index": 32
  },
  {
    "name": "Load extend/response.js",
    "start": 1611309102503,
    "end": 1611309102513,
    "duration": 10,
    "pid": 16020,
    "index": 33
  },
  {
    "name": "Require(27) node_modules/_egg@2.29.1@egg/app/extend/response.js",
    "start": 1611309102507,
    "end": 1611309102510,
    "duration": 3,
    "pid": 16020,
    "index": 34
  },
  {
    "name": "Load extend/context.js",
    "start": 1611309102513,
    "end": 1611309102584,
    "duration": 71,
    "pid": 16020,
    "index": 35
  },
  {
    "name": "Require(28) node_modules/_egg-security@2.8.0@egg-security/app/extend/context.js",
    "start": 1611309102513,
    "end": 1611309102527,
    "duration": 14,
    "pid": 16020,
    "index": 36
  },
  {
    "name": "Require(29) node_modules/_egg-jsonp@2.0.0@egg-jsonp/app/extend/context.js",
    "start": 1611309102527,
    "end": 1611309102529,
    "duration": 2,
    "pid": 16020,
    "index": 37
  },
  {
    "name": "Require(30) node_modules/_egg-i18n@2.1.1@egg-i18n/app/extend/context.js",
    "start": 1611309102529,
    "end": 1611309102530,
    "duration": 1,
    "pid": 16020,
    "index": 38
  },
  {
    "name": "Require(31) node_modules/_egg-multipart@2.10.3@egg-multipart/app/extend/context.js",
    "start": 1611309102530,
    "end": 1611309102578,
    "duration": 48,
    "pid": 16020,
    "index": 39
  },
  {
    "name": "Require(32) node_modules/_egg-view@2.1.3@egg-view/app/extend/context.js",
    "start": 1611309102579,
    "end": 1611309102580,
    "duration": 1,
    "pid": 16020,
    "index": 40
  },
  {
    "name": "Require(33) node_modules/_egg@2.29.1@egg/app/extend/context.js",
    "start": 1611309102580,
    "end": 1611309102581,
    "duration": 1,
    "pid": 16020,
    "index": 41
  },
  {
    "name": "Load extend/helper.js",
    "start": 1611309102584,
    "end": 1611309102607,
    "duration": 23,
    "pid": 16020,
    "index": 42
  },
  {
    "name": "Require(34) node_modules/_egg-security@2.8.0@egg-security/app/extend/helper.js",
    "start": 1611309102585,
    "end": 1611309102601,
    "duration": 16,
    "pid": 16020,
    "index": 43
  },
  {
    "name": "Require(35) node_modules/_egg@2.29.1@egg/app/extend/helper.js",
    "start": 1611309102604,
    "end": 1611309102604,
    "duration": 0,
    "pid": 16020,
    "index": 44
  },
  {
    "name": "Load app.js",
    "start": 1611309102607,
    "end": 1611309102641,
    "duration": 34,
    "pid": 16020,
    "index": 45
  },
  {
    "name": "Require(36) node_modules/_egg-session@3.2.0@egg-session/app.js",
    "start": 1611309102607,
    "end": 1611309102608,
    "duration": 1,
    "pid": 16020,
    "index": 46
  },
  {
    "name": "Require(37) node_modules/_egg-security@2.8.0@egg-security/app.js",
    "start": 1611309102608,
    "end": 1611309102610,
    "duration": 2,
    "pid": 16020,
    "index": 47
  },
  {
    "name": "Require(38) node_modules/_egg-onerror@2.1.0@egg-onerror/app.js",
    "start": 1611309102611,
    "end": 1611309102621,
    "duration": 10,
    "pid": 16020,
    "index": 48
  },
  {
    "name": "Require(39) node_modules/_egg-i18n@2.1.1@egg-i18n/app.js",
    "start": 1611309102621,
    "end": 1611309102629,
    "duration": 8,
    "pid": 16020,
    "index": 49
  },
  {
    "name": "Require(40) node_modules/_egg-watcher@3.1.1@egg-watcher/app.js",
    "start": 1611309102630,
    "end": 1611309102634,
    "duration": 4,
    "pid": 16020,
    "index": 50
  },
  {
    "name": "Require(41) node_modules/_egg-schedule@3.6.6@egg-schedule/app.js",
    "start": 1611309102634,
    "end": 1611309102636,
    "duration": 2,
    "pid": 16020,
    "index": 51
  },
  {
    "name": "Require(42) node_modules/_egg-multipart@2.10.3@egg-multipart/app.js",
    "start": 1611309102637,
    "end": 1611309102637,
    "duration": 0,
    "pid": 16020,
    "index": 52
  },
  {
    "name": "Require(43) node_modules/_egg-development@2.7.0@egg-development/app.js",
    "start": 1611309102637,
    "end": 1611309102638,
    "duration": 1,
    "pid": 16020,
    "index": 53
  },
  {
    "name": "Require(44) node_modules/_egg-logrotator@3.1.0@egg-logrotator/app.js",
    "start": 1611309102638,
    "end": 1611309102638,
    "duration": 0,
    "pid": 16020,
    "index": 54
  },
  {
    "name": "Require(45) node_modules/_egg-static@2.2.0@egg-static/app.js",
    "start": 1611309102639,
    "end": 1611309102639,
    "duration": 0,
    "pid": 16020,
    "index": 55
  },
  {
    "name": "Require(46) node_modules/_egg-view-ejs@2.0.1@egg-view-ejs/app.js",
    "start": 1611309102639,
    "end": 1611309102640,
    "duration": 1,
    "pid": 16020,
    "index": 56
  },
  {
    "name": "Before Start in node_modules/_egg-watcher@3.1.1@egg-watcher/lib/init.js:15:14",
    "start": 1611309102649,
    "end": 1611309102823,
    "duration": 174,
    "pid": 16020,
    "index": 57
  },
  {
    "name": "Load Service",
    "start": 1611309102680,
    "end": 1611309102684,
    "duration": 4,
    "pid": 16020,
    "index": 58
  },
  {
    "name": "Load \"service\" to Context",
    "start": 1611309102680,
    "end": 1611309102684,
    "duration": 4,
    "pid": 16020,
    "index": 59
  },
  {
    "name": "Load Middleware",
    "start": 1611309102684,
    "end": 1611309102805,
    "duration": 121,
    "pid": 16020,
    "index": 60
  },
  {
    "name": "Load \"middlewares\" to Application",
    "start": 1611309102684,
    "end": 1611309102789,
    "duration": 105,
    "pid": 16020,
    "index": 61
  },
  {
    "name": "Load Controller",
    "start": 1611309102805,
    "end": 1611309102807,
    "duration": 2,
    "pid": 16020,
    "index": 62
  },
  {
    "name": "Load \"controller\" to Application",
    "start": 1611309102805,
    "end": 1611309102807,
    "duration": 2,
    "pid": 16020,
    "index": 63
  },
  {
    "name": "Load Router",
    "start": 1611309102807,
    "end": 1611309102809,
    "duration": 2,
    "pid": 16020,
    "index": 64
  },
  {
    "name": "Require(47) app/router.js",
    "start": 1611309102807,
    "end": 1611309102808,
    "duration": 1,
    "pid": 16020,
    "index": 65
  },
  {
    "name": "Before Start in node_modules/_egg-core@4.20.0@egg-core/lib/egg.js:303:10",
    "start": 1611309102808,
    "end": 1611309102816,
    "duration": 8,
    "pid": 16020,
    "index": 66
  }
]