[
  {
    "name": "Process Start",
    "start": 1611389809061,
    "end": 1611389810076,
    "duration": 1015,
    "pid": 612,
    "index": 0
  },
  {
    "name": "Application Start",
    "start": 1611389810077,
    "end": 1611389810544,
    "duration": 467,
    "pid": 612,
    "index": 1
  },
  {
    "name": "Load Plugin",
    "start": 1611389810080,
    "end": 1611389810097,
    "duration": 17,
    "pid": 612,
    "index": 2
  },
  {
    "name": "Load Config",
    "start": 1611389810097,
    "end": 1611389810118,
    "duration": 21,
    "pid": 612,
    "index": 3
  },
  {
    "name": "Require(0) config/config.default.js",
    "start": 1611389810098,
    "end": 1611389810098,
    "duration": 0,
    "pid": 612,
    "index": 4
  },
  {
    "name": "Require(1) node_modules/_egg-session@3.2.0@egg-session/config/config.default.js",
    "start": 1611389810099,
    "end": 1611389810100,
    "duration": 1,
    "pid": 612,
    "index": 5
  },
  {
    "name": "Require(2) node_modules/_egg-security@2.8.0@egg-security/config/config.default.js",
    "start": 1611389810100,
    "end": 1611389810101,
    "duration": 1,
    "pid": 612,
    "index": 6
  },
  {
    "name": "Require(3) node_modules/_egg-jsonp@2.0.0@egg-jsonp/config/config.default.js",
    "start": 1611389810102,
    "end": 1611389810102,
    "duration": 0,
    "pid": 612,
    "index": 7
  },
  {
    "name": "Require(4) node_modules/_egg-onerror@2.1.0@egg-onerror/config/config.default.js",
    "start": 1611389810103,
    "end": 1611389810103,
    "duration": 0,
    "pid": 612,
    "index": 8
  },
  {
    "name": "Require(5) node_modules/_egg-i18n@2.1.1@egg-i18n/config/config.default.js",
    "start": 1611389810103,
    "end": 1611389810104,
    "duration": 1,
    "pid": 612,
    "index": 9
  },
  {
    "name": "Require(6) node_modules/_egg-watcher@3.1.1@egg-watcher/config/config.default.js",
    "start": 1611389810105,
    "end": 1611389810106,
    "duration": 1,
    "pid": 612,
    "index": 10
  },
  {
    "name": "Require(7) node_modules/_egg-schedule@3.6.6@egg-schedule/config/config.default.js",
    "start": 1611389810106,
    "end": 1611389810107,
    "duration": 1,
    "pid": 612,
    "index": 11
  },
  {
    "name": "Require(8) node_modules/_egg-multipart@2.10.3@egg-multipart/config/config.default.js",
    "start": 1611389810107,
    "end": 1611389810108,
    "duration": 1,
    "pid": 612,
    "index": 12
  },
  {
    "name": "Require(9) node_modules/_egg-development@2.7.0@egg-development/config/config.default.js",
    "start": 1611389810109,
    "end": 1611389810109,
    "duration": 0,
    "pid": 612,
    "index": 13
  },
  {
    "name": "Require(10) node_modules/_egg-logrotator@3.1.0@egg-logrotator/config/config.default.js",
    "start": 1611389810109,
    "end": 1611389810110,
    "duration": 1,
    "pid": 612,
    "index": 14
  },
  {
    "name": "Require(11) node_modules/_egg-static@2.2.0@egg-static/config/config.default.js",
    "start": 1611389810110,
    "end": 1611389810111,
    "duration": 1,
    "pid": 612,
    "index": 15
  },
  {
    "name": "Require(12) node_modules/_egg-view@2.1.3@egg-view/config/config.default.js",
    "start": 1611389810111,
    "end": 1611389810112,
    "duration": 1,
    "pid": 612,
    "index": 16
  },
  {
    "name": "Require(13) node_modules/_egg@2.29.1@egg/config/config.default.js",
    "start": 1611389810112,
    "end": 1611389810112,
    "duration": 0,
    "pid": 612,
    "index": 17
  },
  {
    "name": "Require(14) config/config.default.js",
    "start": 1611389810114,
    "end": 1611389810114,
    "duration": 0,
    "pid": 612,
    "index": 18
  },
  {
    "name": "Require(15) node_modules/_egg-security@2.8.0@egg-security/config/config.local.js",
    "start": 1611389810114,
    "end": 1611389810114,
    "duration": 0,
    "pid": 612,
    "index": 19
  },
  {
    "name": "Require(16) node_modules/_egg-watcher@3.1.1@egg-watcher/config/config.local.js",
    "start": 1611389810115,
    "end": 1611389810116,
    "duration": 1,
    "pid": 612,
    "index": 20
  },
  {
    "name": "Require(17) node_modules/_egg-view@2.1.3@egg-view/config/config.local.js",
    "start": 1611389810117,
    "end": 1611389810117,
    "duration": 0,
    "pid": 612,
    "index": 21
  },
  {
    "name": "Require(18) node_modules/_egg@2.29.1@egg/config/config.local.js",
    "start": 1611389810118,
    "end": 1611389810118,
    "duration": 0,
    "pid": 612,
    "index": 22
  },
  {
    "name": "Load extend/application.js",
    "start": 1611389810119,
    "end": 1611389810135,
    "duration": 16,
    "pid": 612,
    "index": 23
  },
  {
    "name": "Require(19) node_modules/_egg-session@3.2.0@egg-session/app/extend/application.js",
    "start": 1611389810120,
    "end": 1611389810120,
    "duration": 0,
    "pid": 612,
    "index": 24
  },
  {
    "name": "Require(20) node_modules/_egg-security@2.8.0@egg-security/app/extend/application.js",
    "start": 1611389810121,
    "end": 1611389810122,
    "duration": 1,
    "pid": 612,
    "index": 25
  },
  {
    "name": "Require(21) node_modules/_egg-jsonp@2.0.0@egg-jsonp/app/extend/application.js",
    "start": 1611389810123,
    "end": 1611389810125,
    "duration": 2,
    "pid": 612,
    "index": 26
  },
  {
    "name": "Require(22) node_modules/_egg-logrotator@3.1.0@egg-logrotator/app/extend/application.js",
    "start": 1611389810127,
    "end": 1611389810130,
    "duration": 3,
    "pid": 612,
    "index": 27
  },
  {
    "name": "Require(23) node_modules/_egg-view@2.1.3@egg-view/app/extend/application.js",
    "start": 1611389810130,
    "end": 1611389810132,
    "duration": 2,
    "pid": 612,
    "index": 28
  },
  {
    "name": "Load extend/request.js",
    "start": 1611389810135,
    "end": 1611389810143,
    "duration": 8,
    "pid": 612,
    "index": 29
  },
  {
    "name": "Require(24) node_modules/_egg@2.29.1@egg/app/extend/request.js",
    "start": 1611389810138,
    "end": 1611389810140,
    "duration": 2,
    "pid": 612,
    "index": 30
  },
  {
    "name": "Load extend/response.js",
    "start": 1611389810143,
    "end": 1611389810153,
    "duration": 10,
    "pid": 612,
    "index": 31
  },
  {
    "name": "Require(25) node_modules/_egg@2.29.1@egg/app/extend/response.js",
    "start": 1611389810147,
    "end": 1611389810150,
    "duration": 3,
    "pid": 612,
    "index": 32
  },
  {
    "name": "Load extend/context.js",
    "start": 1611389810153,
    "end": 1611389810219,
    "duration": 66,
    "pid": 612,
    "index": 33
  },
  {
    "name": "Require(26) node_modules/_egg-security@2.8.0@egg-security/app/extend/context.js",
    "start": 1611389810153,
    "end": 1611389810166,
    "duration": 13,
    "pid": 612,
    "index": 34
  },
  {
    "name": "Require(27) node_modules/_egg-jsonp@2.0.0@egg-jsonp/app/extend/context.js",
    "start": 1611389810167,
    "end": 1611389810168,
    "duration": 1,
    "pid": 612,
    "index": 35
  },
  {
    "name": "Require(28) node_modules/_egg-i18n@2.1.1@egg-i18n/app/extend/context.js",
    "start": 1611389810169,
    "end": 1611389810169,
    "duration": 0,
    "pid": 612,
    "index": 36
  },
  {
    "name": "Require(29) node_modules/_egg-multipart@2.10.3@egg-multipart/app/extend/context.js",
    "start": 1611389810170,
    "end": 1611389810213,
    "duration": 43,
    "pid": 612,
    "index": 37
  },
  {
    "name": "Require(30) node_modules/_egg-view@2.1.3@egg-view/app/extend/context.js",
    "start": 1611389810214,
    "end": 1611389810215,
    "duration": 1,
    "pid": 612,
    "index": 38
  },
  {
    "name": "Require(31) node_modules/_egg@2.29.1@egg/app/extend/context.js",
    "start": 1611389810215,
    "end": 1611389810216,
    "duration": 1,
    "pid": 612,
    "index": 39
  },
  {
    "name": "Load extend/helper.js",
    "start": 1611389810219,
    "end": 1611389810238,
    "duration": 19,
    "pid": 612,
    "index": 40
  },
  {
    "name": "Require(32) node_modules/_egg-security@2.8.0@egg-security/app/extend/helper.js",
    "start": 1611389810220,
    "end": 1611389810233,
    "duration": 13,
    "pid": 612,
    "index": 41
  },
  {
    "name": "Require(33) node_modules/_egg@2.29.1@egg/app/extend/helper.js",
    "start": 1611389810235,
    "end": 1611389810235,
    "duration": 0,
    "pid": 612,
    "index": 42
  },
  {
    "name": "Load app.js",
    "start": 1611389810238,
    "end": 1611389810268,
    "duration": 30,
    "pid": 612,
    "index": 43
  },
  {
    "name": "Require(34) node_modules/_egg-session@3.2.0@egg-session/app.js",
    "start": 1611389810239,
    "end": 1611389810239,
    "duration": 0,
    "pid": 612,
    "index": 44
  },
  {
    "name": "Require(35) node_modules/_egg-security@2.8.0@egg-security/app.js",
    "start": 1611389810240,
    "end": 1611389810241,
    "duration": 1,
    "pid": 612,
    "index": 45
  },
  {
    "name": "Require(36) node_modules/_egg-onerror@2.1.0@egg-onerror/app.js",
    "start": 1611389810242,
    "end": 1611389810251,
    "duration": 9,
    "pid": 612,
    "index": 46
  },
  {
    "name": "Require(37) node_modules/_egg-i18n@2.1.1@egg-i18n/app.js",
    "start": 1611389810251,
    "end": 1611389810258,
    "duration": 7,
    "pid": 612,
    "index": 47
  },
  {
    "name": "Require(38) node_modules/_egg-watcher@3.1.1@egg-watcher/app.js",
    "start": 1611389810258,
    "end": 1611389810262,
    "duration": 4,
    "pid": 612,
    "index": 48
  },
  {
    "name": "Require(39) node_modules/_egg-schedule@3.6.6@egg-schedule/app.js",
    "start": 1611389810262,
    "end": 1611389810264,
    "duration": 2,
    "pid": 612,
    "index": 49
  },
  {
    "name": "Require(40) node_modules/_egg-multipart@2.10.3@egg-multipart/app.js",
    "start": 1611389810265,
    "end": 1611389810265,
    "duration": 0,
    "pid": 612,
    "index": 50
  },
  {
    "name": "Require(41) node_modules/_egg-development@2.7.0@egg-development/app.js",
    "start": 1611389810265,
    "end": 1611389810265,
    "duration": 0,
    "pid": 612,
    "index": 51
  },
  {
    "name": "Require(42) node_modules/_egg-logrotator@3.1.0@egg-logrotator/app.js",
    "start": 1611389810266,
    "end": 1611389810266,
    "duration": 0,
    "pid": 612,
    "index": 52
  },
  {
    "name": "Require(43) node_modules/_egg-static@2.2.0@egg-static/app.js",
    "start": 1611389810266,
    "end": 1611389810266,
    "duration": 0,
    "pid": 612,
    "index": 53
  },
  {
    "name": "Before Start in node_modules/_egg-watcher@3.1.1@egg-watcher/lib/init.js:15:14",
    "start": 1611389810275,
    "end": 1611389810544,
    "duration": 269,
    "pid": 612,
    "index": 54
  },
  {
    "name": "Load Service",
    "start": 1611389810400,
    "end": 1611389810407,
    "duration": 7,
    "pid": 612,
    "index": 55
  },
  {
    "name": "Load \"service\" to Context",
    "start": 1611389810401,
    "end": 1611389810407,
    "duration": 6,
    "pid": 612,
    "index": 56
  },
  {
    "name": "Load Middleware",
    "start": 1611389810407,
    "end": 1611389810525,
    "duration": 118,
    "pid": 612,
    "index": 57
  },
  {
    "name": "Load \"middlewares\" to Application",
    "start": 1611389810407,
    "end": 1611389810510,
    "duration": 103,
    "pid": 612,
    "index": 58
  },
  {
    "name": "Load Controller",
    "start": 1611389810525,
    "end": 1611389810526,
    "duration": 1,
    "pid": 612,
    "index": 59
  },
  {
    "name": "Load \"controller\" to Application",
    "start": 1611389810525,
    "end": 1611389810526,
    "duration": 1,
    "pid": 612,
    "index": 60
  },
  {
    "name": "Load Router",
    "start": 1611389810526,
    "end": 1611389810528,
    "duration": 2,
    "pid": 612,
    "index": 61
  },
  {
    "name": "Require(44) app/router.js",
    "start": 1611389810527,
    "end": 1611389810527,
    "duration": 0,
    "pid": 612,
    "index": 62
  },
  {
    "name": "Before Start in node_modules/_egg-core@4.20.0@egg-core/lib/egg.js:303:10",
    "start": 1611389810527,
    "end": 1611389810534,
    "duration": 7,
    "pid": 612,
    "index": 63
  }
]