[
  {
    "name": "Process Start",
    "start": 1611389194660,
    "end": 1611389195748,
    "duration": 1088,
    "pid": 15488,
    "index": 0
  },
  {
    "name": "Application Start",
    "start": 1611389195749,
    "end": 1611389196141,
    "duration": 392,
    "pid": 15488,
    "index": 1
  },
  {
    "name": "Load Plugin",
    "start": 1611389195753,
    "end": 1611389195774,
    "duration": 21,
    "pid": 15488,
    "index": 2
  },
  {
    "name": "Load Config",
    "start": 1611389195774,
    "end": 1611389195797,
    "duration": 23,
    "pid": 15488,
    "index": 3
  },
  {
    "name": "Require(0) config/config.default.js",
    "start": 1611389195775,
    "end": 1611389195775,
    "duration": 0,
    "pid": 15488,
    "index": 4
  },
  {
    "name": "Require(1) node_modules/_egg-session@3.2.0@egg-session/config/config.default.js",
    "start": 1611389195777,
    "end": 1611389195777,
    "duration": 0,
    "pid": 15488,
    "index": 5
  },
  {
    "name": "Require(2) node_modules/_egg-security@2.8.0@egg-security/config/config.default.js",
    "start": 1611389195777,
    "end": 1611389195778,
    "duration": 1,
    "pid": 15488,
    "index": 6
  },
  {
    "name": "Require(3) node_modules/_egg-jsonp@2.0.0@egg-jsonp/config/config.default.js",
    "start": 1611389195779,
    "end": 1611389195779,
    "duration": 0,
    "pid": 15488,
    "index": 7
  },
  {
    "name": "Require(4) node_modules/_egg-onerror@2.1.0@egg-onerror/config/config.default.js",
    "start": 1611389195780,
    "end": 1611389195780,
    "duration": 0,
    "pid": 15488,
    "index": 8
  },
  {
    "name": "Require(5) node_modules/_egg-i18n@2.1.1@egg-i18n/config/config.default.js",
    "start": 1611389195781,
    "end": 1611389195781,
    "duration": 0,
    "pid": 15488,
    "index": 9
  },
  {
    "name": "Require(6) node_modules/_egg-watcher@3.1.1@egg-watcher/config/config.default.js",
    "start": 1611389195782,
    "end": 1611389195783,
    "duration": 1,
    "pid": 15488,
    "index": 10
  },
  {
    "name": "Require(7) node_modules/_egg-schedule@3.6.6@egg-schedule/config/config.default.js",
    "start": 1611389195783,
    "end": 1611389195783,
    "duration": 0,
    "pid": 15488,
    "index": 11
  },
  {
    "name": "Require(8) node_modules/_egg-multipart@2.10.3@egg-multipart/config/config.default.js",
    "start": 1611389195784,
    "end": 1611389195785,
    "duration": 1,
    "pid": 15488,
    "index": 12
  },
  {
    "name": "Require(9) node_modules/_egg-development@2.7.0@egg-development/config/config.default.js",
    "start": 1611389195785,
    "end": 1611389195786,
    "duration": 1,
    "pid": 15488,
    "index": 13
  },
  {
    "name": "Require(10) node_modules/_egg-logrotator@3.1.0@egg-logrotator/config/config.default.js",
    "start": 1611389195786,
    "end": 1611389195787,
    "duration": 1,
    "pid": 15488,
    "index": 14
  },
  {
    "name": "Require(11) node_modules/_egg-static@2.2.0@egg-static/config/config.default.js",
    "start": 1611389195787,
    "end": 1611389195788,
    "duration": 1,
    "pid": 15488,
    "index": 15
  },
  {
    "name": "Require(12) node_modules/_egg-view@2.1.3@egg-view/config/config.default.js",
    "start": 1611389195788,
    "end": 1611389195789,
    "duration": 1,
    "pid": 15488,
    "index": 16
  },
  {
    "name": "Require(13) node_modules/_egg-view-ejs@2.0.1@egg-view-ejs/config/config.default.js",
    "start": 1611389195789,
    "end": 1611389195790,
    "duration": 1,
    "pid": 15488,
    "index": 17
  },
  {
    "name": "Require(14) node_modules/_egg@2.29.1@egg/config/config.default.js",
    "start": 1611389195790,
    "end": 1611389195791,
    "duration": 1,
    "pid": 15488,
    "index": 18
  },
  {
    "name": "Require(15) config/config.default.js",
    "start": 1611389195792,
    "end": 1611389195792,
    "duration": 0,
    "pid": 15488,
    "index": 19
  },
  {
    "name": "Require(16) node_modules/_egg-security@2.8.0@egg-security/config/config.local.js",
    "start": 1611389195792,
    "end": 1611389195793,
    "duration": 1,
    "pid": 15488,
    "index": 20
  },
  {
    "name": "Require(17) node_modules/_egg-watcher@3.1.1@egg-watcher/config/config.local.js",
    "start": 1611389195794,
    "end": 1611389195794,
    "duration": 0,
    "pid": 15488,
    "index": 21
  },
  {
    "name": "Require(18) node_modules/_egg-view@2.1.3@egg-view/config/config.local.js",
    "start": 1611389195795,
    "end": 1611389195796,
    "duration": 1,
    "pid": 15488,
    "index": 22
  },
  {
    "name": "Require(19) node_modules/_egg-view-ejs@2.0.1@egg-view-ejs/config/config.local.js",
    "start": 1611389195796,
    "end": 1611389195796,
    "duration": 0,
    "pid": 15488,
    "index": 23
  },
  {
    "name": "Require(20) node_modules/_egg@2.29.1@egg/config/config.local.js",
    "start": 1611389195797,
    "end": 1611389195797,
    "duration": 0,
    "pid": 15488,
    "index": 24
  },
  {
    "name": "Load extend/application.js",
    "start": 1611389195798,
    "end": 1611389195814,
    "duration": 16,
    "pid": 15488,
    "index": 25
  },
  {
    "name": "Require(21) node_modules/_egg-session@3.2.0@egg-session/app/extend/application.js",
    "start": 1611389195799,
    "end": 1611389195799,
    "duration": 0,
    "pid": 15488,
    "index": 26
  },
  {
    "name": "Require(22) node_modules/_egg-security@2.8.0@egg-security/app/extend/application.js",
    "start": 1611389195800,
    "end": 1611389195801,
    "duration": 1,
    "pid": 15488,
    "index": 27
  },
  {
    "name": "Require(23) node_modules/_egg-jsonp@2.0.0@egg-jsonp/app/extend/application.js",
    "start": 1611389195802,
    "end": 1611389195804,
    "duration": 2,
    "pid": 15488,
    "index": 28
  },
  {
    "name": "Require(24) node_modules/_egg-logrotator@3.1.0@egg-logrotator/app/extend/application.js",
    "start": 1611389195805,
    "end": 1611389195808,
    "duration": 3,
    "pid": 15488,
    "index": 29
  },
  {
    "name": "Require(25) node_modules/_egg-view@2.1.3@egg-view/app/extend/application.js",
    "start": 1611389195809,
    "end": 1611389195811,
    "duration": 2,
    "pid": 15488,
    "index": 30
  },
  {
    "name": "Load extend/request.js",
    "start": 1611389195814,
    "end": 1611389195822,
    "duration": 8,
    "pid": 15488,
    "index": 31
  },
  {
    "name": "Require(26) node_modules/_egg@2.29.1@egg/app/extend/request.js",
    "start": 1611389195818,
    "end": 1611389195819,
    "duration": 1,
    "pid": 15488,
    "index": 32
  },
  {
    "name": "Load extend/response.js",
    "start": 1611389195822,
    "end": 1611389195833,
    "duration": 11,
    "pid": 15488,
    "index": 33
  },
  {
    "name": "Require(27) node_modules/_egg@2.29.1@egg/app/extend/response.js",
    "start": 1611389195827,
    "end": 1611389195830,
    "duration": 3,
    "pid": 15488,
    "index": 34
  },
  {
    "name": "Load extend/context.js",
    "start": 1611389195833,
    "end": 1611389195896,
    "duration": 63,
    "pid": 15488,
    "index": 35
  },
  {
    "name": "Require(28) node_modules/_egg-security@2.8.0@egg-security/app/extend/context.js",
    "start": 1611389195833,
    "end": 1611389195846,
    "duration": 13,
    "pid": 15488,
    "index": 36
  },
  {
    "name": "Require(29) node_modules/_egg-jsonp@2.0.0@egg-jsonp/app/extend/context.js",
    "start": 1611389195846,
    "end": 1611389195847,
    "duration": 1,
    "pid": 15488,
    "index": 37
  },
  {
    "name": "Require(30) node_modules/_egg-i18n@2.1.1@egg-i18n/app/extend/context.js",
    "start": 1611389195848,
    "end": 1611389195848,
    "duration": 0,
    "pid": 15488,
    "index": 38
  },
  {
    "name": "Require(31) node_modules/_egg-multipart@2.10.3@egg-multipart/app/extend/context.js",
    "start": 1611389195849,
    "end": 1611389195890,
    "duration": 41,
    "pid": 15488,
    "index": 39
  },
  {
    "name": "Require(32) node_modules/_egg-view@2.1.3@egg-view/app/extend/context.js",
    "start": 1611389195890,
    "end": 1611389195891,
    "duration": 1,
    "pid": 15488,
    "index": 40
  },
  {
    "name": "Require(33) node_modules/_egg@2.29.1@egg/app/extend/context.js",
    "start": 1611389195892,
    "end": 1611389195893,
    "duration": 1,
    "pid": 15488,
    "index": 41
  },
  {
    "name": "Load extend/helper.js",
    "start": 1611389195896,
    "end": 1611389195917,
    "duration": 21,
    "pid": 15488,
    "index": 42
  },
  {
    "name": "Require(34) node_modules/_egg-security@2.8.0@egg-security/app/extend/helper.js",
    "start": 1611389195896,
    "end": 1611389195912,
    "duration": 16,
    "pid": 15488,
    "index": 43
  },
  {
    "name": "Require(35) node_modules/_egg@2.29.1@egg/app/extend/helper.js",
    "start": 1611389195914,
    "end": 1611389195914,
    "duration": 0,
    "pid": 15488,
    "index": 44
  },
  {
    "name": "Load app.js",
    "start": 1611389195917,
    "end": 1611389195950,
    "duration": 33,
    "pid": 15488,
    "index": 45
  },
  {
    "name": "Require(36) node_modules/_egg-session@3.2.0@egg-session/app.js",
    "start": 1611389195917,
    "end": 1611389195918,
    "duration": 1,
    "pid": 15488,
    "index": 46
  },
  {
    "name": "Require(37) node_modules/_egg-security@2.8.0@egg-security/app.js",
    "start": 1611389195919,
    "end": 1611389195921,
    "duration": 2,
    "pid": 15488,
    "index": 47
  },
  {
    "name": "Require(38) node_modules/_egg-onerror@2.1.0@egg-onerror/app.js",
    "start": 1611389195922,
    "end": 1611389195931,
    "duration": 9,
    "pid": 15488,
    "index": 48
  },
  {
    "name": "Require(39) node_modules/_egg-i18n@2.1.1@egg-i18n/app.js",
    "start": 1611389195932,
    "end": 1611389195940,
    "duration": 8,
    "pid": 15488,
    "index": 49
  },
  {
    "name": "Require(40) node_modules/_egg-watcher@3.1.1@egg-watcher/app.js",
    "start": 1611389195940,
    "end": 1611389195944,
    "duration": 4,
    "pid": 15488,
    "index": 50
  },
  {
    "name": "Require(41) node_modules/_egg-schedule@3.6.6@egg-schedule/app.js",
    "start": 1611389195944,
    "end": 1611389195946,
    "duration": 2,
    "pid": 15488,
    "index": 51
  },
  {
    "name": "Require(42) node_modules/_egg-multipart@2.10.3@egg-multipart/app.js",
    "start": 1611389195946,
    "end": 1611389195947,
    "duration": 1,
    "pid": 15488,
    "index": 52
  },
  {
    "name": "Require(43) node_modules/_egg-development@2.7.0@egg-development/app.js",
    "start": 1611389195947,
    "end": 1611389195947,
    "duration": 0,
    "pid": 15488,
    "index": 53
  },
  {
    "name": "Require(44) node_modules/_egg-logrotator@3.1.0@egg-logrotator/app.js",
    "start": 1611389195948,
    "end": 1611389195948,
    "duration": 0,
    "pid": 15488,
    "index": 54
  },
  {
    "name": "Require(45) node_modules/_egg-static@2.2.0@egg-static/app.js",
    "start": 1611389195948,
    "end": 1611389195948,
    "duration": 0,
    "pid": 15488,
    "index": 55
  },
  {
    "name": "Require(46) node_modules/_egg-view-ejs@2.0.1@egg-view-ejs/app.js",
    "start": 1611389195949,
    "end": 1611389195949,
    "duration": 0,
    "pid": 15488,
    "index": 56
  },
  {
    "name": "Before Start in node_modules/_egg-watcher@3.1.1@egg-watcher/lib/init.js:15:14",
    "start": 1611389195959,
    "end": 1611389196141,
    "duration": 182,
    "pid": 15488,
    "index": 57
  },
  {
    "name": "Load Service",
    "start": 1611389195991,
    "end": 1611389195995,
    "duration": 4,
    "pid": 15488,
    "index": 58
  },
  {
    "name": "Load \"service\" to Context",
    "start": 1611389195991,
    "end": 1611389195995,
    "duration": 4,
    "pid": 15488,
    "index": 59
  },
  {
    "name": "Load Middleware",
    "start": 1611389195995,
    "end": 1611389196122,
    "duration": 127,
    "pid": 15488,
    "index": 60
  },
  {
    "name": "Load \"middlewares\" to Application",
    "start": 1611389195995,
    "end": 1611389196105,
    "duration": 110,
    "pid": 15488,
    "index": 61
  },
  {
    "name": "Load Controller",
    "start": 1611389196122,
    "end": 1611389196126,
    "duration": 4,
    "pid": 15488,
    "index": 62
  },
  {
    "name": "Load \"controller\" to Application",
    "start": 1611389196122,
    "end": 1611389196126,
    "duration": 4,
    "pid": 15488,
    "index": 63
  },
  {
    "name": "Load Router",
    "start": 1611389196126,
    "end": 1611389196128,
    "duration": 2,
    "pid": 15488,
    "index": 64
  },
  {
    "name": "Require(47) app/router.js",
    "start": 1611389196126,
    "end": 1611389196126,
    "duration": 0,
    "pid": 15488,
    "index": 65
  },
  {
    "name": "Before Start in node_modules/_egg-core@4.20.0@egg-core/lib/egg.js:303:10",
    "start": 1611389196127,
    "end": 1611389196135,
    "duration": 8,
    "pid": 15488,
    "index": 66
  }
]