[
  {
    "name": "Process Start",
    "start": 1611389163645,
    "end": 1611389164790,
    "duration": 1145,
    "pid": 12060,
    "index": 0
  },
  {
    "name": "Application Start",
    "start": 1611389164790,
    "end": 1611389165637,
    "duration": 847,
    "pid": 12060,
    "index": 1
  },
  {
    "name": "Load Plugin",
    "start": 1611389164795,
    "end": 1611389164816,
    "duration": 21,
    "pid": 12060,
    "index": 2
  },
  {
    "name": "Load Config",
    "start": 1611389164817,
    "end": 1611389164841,
    "duration": 24,
    "pid": 12060,
    "index": 3
  },
  {
    "name": "Require(0) config/config.default.js",
    "start": 1611389164817,
    "end": 1611389164818,
    "duration": 1,
    "pid": 12060,
    "index": 4
  },
  {
    "name": "Require(1) node_modules/_egg-session@3.2.0@egg-session/config/config.default.js",
    "start": 1611389164819,
    "end": 1611389164820,
    "duration": 1,
    "pid": 12060,
    "index": 5
  },
  {
    "name": "Require(2) node_modules/_egg-security@2.8.0@egg-security/config/config.default.js",
    "start": 1611389164820,
    "end": 1611389164821,
    "duration": 1,
    "pid": 12060,
    "index": 6
  },
  {
    "name": "Require(3) node_modules/_egg-jsonp@2.0.0@egg-jsonp/config/config.default.js",
    "start": 1611389164822,
    "end": 1611389164822,
    "duration": 0,
    "pid": 12060,
    "index": 7
  },
  {
    "name": "Require(4) node_modules/_egg-onerror@2.1.0@egg-onerror/config/config.default.js",
    "start": 1611389164823,
    "end": 1611389164823,
    "duration": 0,
    "pid": 12060,
    "index": 8
  },
  {
    "name": "Require(5) node_modules/_egg-i18n@2.1.1@egg-i18n/config/config.default.js",
    "start": 1611389164824,
    "end": 1611389164824,
    "duration": 0,
    "pid": 12060,
    "index": 9
  },
  {
    "name": "Require(6) node_modules/_egg-watcher@3.1.1@egg-watcher/config/config.default.js",
    "start": 1611389164825,
    "end": 1611389164826,
    "duration": 1,
    "pid": 12060,
    "index": 10
  },
  {
    "name": "Require(7) node_modules/_egg-schedule@3.6.6@egg-schedule/config/config.default.js",
    "start": 1611389164826,
    "end": 1611389164827,
    "duration": 1,
    "pid": 12060,
    "index": 11
  },
  {
    "name": "Require(8) node_modules/_egg-multipart@2.10.3@egg-multipart/config/config.default.js",
    "start": 1611389164827,
    "end": 1611389164828,
    "duration": 1,
    "pid": 12060,
    "index": 12
  },
  {
    "name": "Require(9) node_modules/_egg-development@2.7.0@egg-development/config/config.default.js",
    "start": 1611389164828,
    "end": 1611389164829,
    "duration": 1,
    "pid": 12060,
    "index": 13
  },
  {
    "name": "Require(10) node_modules/_egg-logrotator@3.1.0@egg-logrotator/config/config.default.js",
    "start": 1611389164829,
    "end": 1611389164830,
    "duration": 1,
    "pid": 12060,
    "index": 14
  },
  {
    "name": "Require(11) node_modules/_egg-static@2.2.0@egg-static/config/config.default.js",
    "start": 1611389164830,
    "end": 1611389164831,
    "duration": 1,
    "pid": 12060,
    "index": 15
  },
  {
    "name": "Require(12) node_modules/_egg-view@2.1.3@egg-view/config/config.default.js",
    "start": 1611389164831,
    "end": 1611389164832,
    "duration": 1,
    "pid": 12060,
    "index": 16
  },
  {
    "name": "Require(13) node_modules/_egg-view-ejs@2.0.1@egg-view-ejs/config/config.default.js",
    "start": 1611389164832,
    "end": 1611389164833,
    "duration": 1,
    "pid": 12060,
    "index": 17
  },
  {
    "name": "Require(14) node_modules/_egg@2.29.1@egg/config/config.default.js",
    "start": 1611389164833,
    "end": 1611389164834,
    "duration": 1,
    "pid": 12060,
    "index": 18
  },
  {
    "name": "Require(15) config/config.default.js",
    "start": 1611389164835,
    "end": 1611389164835,
    "duration": 0,
    "pid": 12060,
    "index": 19
  },
  {
    "name": "Require(16) node_modules/_egg-security@2.8.0@egg-security/config/config.local.js",
    "start": 1611389164836,
    "end": 1611389164836,
    "duration": 0,
    "pid": 12060,
    "index": 20
  },
  {
    "name": "Require(17) node_modules/_egg-watcher@3.1.1@egg-watcher/config/config.local.js",
    "start": 1611389164837,
    "end": 1611389164837,
    "duration": 0,
    "pid": 12060,
    "index": 21
  },
  {
    "name": "Require(18) node_modules/_egg-view@2.1.3@egg-view/config/config.local.js",
    "start": 1611389164839,
    "end": 1611389164839,
    "duration": 0,
    "pid": 12060,
    "index": 22
  },
  {
    "name": "Require(19) node_modules/_egg-view-ejs@2.0.1@egg-view-ejs/config/config.local.js",
    "start": 1611389164840,
    "end": 1611389164840,
    "duration": 0,
    "pid": 12060,
    "index": 23
  },
  {
    "name": "Require(20) node_modules/_egg@2.29.1@egg/config/config.local.js",
    "start": 1611389164840,
    "end": 1611389164840,
    "duration": 0,
    "pid": 12060,
    "index": 24
  },
  {
    "name": "Load extend/application.js",
    "start": 1611389164842,
    "end": 1611389164859,
    "duration": 17,
    "pid": 12060,
    "index": 25
  },
  {
    "name": "Require(21) node_modules/_egg-session@3.2.0@egg-session/app/extend/application.js",
    "start": 1611389164842,
    "end": 1611389164843,
    "duration": 1,
    "pid": 12060,
    "index": 26
  },
  {
    "name": "Require(22) node_modules/_egg-security@2.8.0@egg-security/app/extend/application.js",
    "start": 1611389164843,
    "end": 1611389164845,
    "duration": 2,
    "pid": 12060,
    "index": 27
  },
  {
    "name": "Require(23) node_modules/_egg-jsonp@2.0.0@egg-jsonp/app/extend/application.js",
    "start": 1611389164845,
    "end": 1611389164848,
    "duration": 3,
    "pid": 12060,
    "index": 28
  },
  {
    "name": "Require(24) node_modules/_egg-logrotator@3.1.0@egg-logrotator/app/extend/application.js",
    "start": 1611389164850,
    "end": 1611389164853,
    "duration": 3,
    "pid": 12060,
    "index": 29
  },
  {
    "name": "Require(25) node_modules/_egg-view@2.1.3@egg-view/app/extend/application.js",
    "start": 1611389164853,
    "end": 1611389164856,
    "duration": 3,
    "pid": 12060,
    "index": 30
  },
  {
    "name": "Load extend/request.js",
    "start": 1611389164860,
    "end": 1611389164869,
    "duration": 9,
    "pid": 12060,
    "index": 31
  },
  {
    "name": "Require(26) node_modules/_egg@2.29.1@egg/app/extend/request.js",
    "start": 1611389164864,
    "end": 1611389164866,
    "duration": 2,
    "pid": 12060,
    "index": 32
  },
  {
    "name": "Load extend/response.js",
    "start": 1611389164870,
    "end": 1611389164881,
    "duration": 11,
    "pid": 12060,
    "index": 33
  },
  {
    "name": "Require(27) node_modules/_egg@2.29.1@egg/app/extend/response.js",
    "start": 1611389164875,
    "end": 1611389164878,
    "duration": 3,
    "pid": 12060,
    "index": 34
  },
  {
    "name": "Load extend/context.js",
    "start": 1611389164882,
    "end": 1611389165085,
    "duration": 203,
    "pid": 12060,
    "index": 35
  },
  {
    "name": "Require(28) node_modules/_egg-security@2.8.0@egg-security/app/extend/context.js",
    "start": 1611389164882,
    "end": 1611389164899,
    "duration": 17,
    "pid": 12060,
    "index": 36
  },
  {
    "name": "Require(29) node_modules/_egg-jsonp@2.0.0@egg-jsonp/app/extend/context.js",
    "start": 1611389164899,
    "end": 1611389164901,
    "duration": 2,
    "pid": 12060,
    "index": 37
  },
  {
    "name": "Require(30) node_modules/_egg-i18n@2.1.1@egg-i18n/app/extend/context.js",
    "start": 1611389164902,
    "end": 1611389164902,
    "duration": 0,
    "pid": 12060,
    "index": 38
  },
  {
    "name": "Require(31) node_modules/_egg-multipart@2.10.3@egg-multipart/app/extend/context.js",
    "start": 1611389164903,
    "end": 1611389165050,
    "duration": 147,
    "pid": 12060,
    "index": 39
  },
  {
    "name": "Require(32) node_modules/_egg-view@2.1.3@egg-view/app/extend/context.js",
    "start": 1611389165053,
    "end": 1611389165066,
    "duration": 13,
    "pid": 12060,
    "index": 40
  },
  {
    "name": "Require(33) node_modules/_egg@2.29.1@egg/app/extend/context.js",
    "start": 1611389165067,
    "end": 1611389165076,
    "duration": 9,
    "pid": 12060,
    "index": 41
  },
  {
    "name": "Load extend/helper.js",
    "start": 1611389165085,
    "end": 1611389165134,
    "duration": 49,
    "pid": 12060,
    "index": 42
  },
  {
    "name": "Require(34) node_modules/_egg-security@2.8.0@egg-security/app/extend/helper.js",
    "start": 1611389165086,
    "end": 1611389165121,
    "duration": 35,
    "pid": 12060,
    "index": 43
  },
  {
    "name": "Require(35) node_modules/_egg@2.29.1@egg/app/extend/helper.js",
    "start": 1611389165127,
    "end": 1611389165127,
    "duration": 0,
    "pid": 12060,
    "index": 44
  },
  {
    "name": "Load app.js",
    "start": 1611389165134,
    "end": 1611389165217,
    "duration": 83,
    "pid": 12060,
    "index": 45
  },
  {
    "name": "Require(36) node_modules/_egg-session@3.2.0@egg-session/app.js",
    "start": 1611389165135,
    "end": 1611389165136,
    "duration": 1,
    "pid": 12060,
    "index": 46
  },
  {
    "name": "Require(37) node_modules/_egg-security@2.8.0@egg-security/app.js",
    "start": 1611389165137,
    "end": 1611389165142,
    "duration": 5,
    "pid": 12060,
    "index": 47
  },
  {
    "name": "Require(38) node_modules/_egg-onerror@2.1.0@egg-onerror/app.js",
    "start": 1611389165144,
    "end": 1611389165173,
    "duration": 29,
    "pid": 12060,
    "index": 48
  },
  {
    "name": "Require(39) node_modules/_egg-i18n@2.1.1@egg-i18n/app.js",
    "start": 1611389165173,
    "end": 1611389165193,
    "duration": 20,
    "pid": 12060,
    "index": 49
  },
  {
    "name": "Require(40) node_modules/_egg-watcher@3.1.1@egg-watcher/app.js",
    "start": 1611389165194,
    "end": 1611389165202,
    "duration": 8,
    "pid": 12060,
    "index": 50
  },
  {
    "name": "Require(41) node_modules/_egg-schedule@3.6.6@egg-schedule/app.js",
    "start": 1611389165203,
    "end": 1611389165208,
    "duration": 5,
    "pid": 12060,
    "index": 51
  },
  {
    "name": "Require(42) node_modules/_egg-multipart@2.10.3@egg-multipart/app.js",
    "start": 1611389165209,
    "end": 1611389165210,
    "duration": 1,
    "pid": 12060,
    "index": 52
  },
  {
    "name": "Require(43) node_modules/_egg-development@2.7.0@egg-development/app.js",
    "start": 1611389165210,
    "end": 1611389165211,
    "duration": 1,
    "pid": 12060,
    "index": 53
  },
  {
    "name": "Require(44) node_modules/_egg-logrotator@3.1.0@egg-logrotator/app.js",
    "start": 1611389165212,
    "end": 1611389165212,
    "duration": 0,
    "pid": 12060,
    "index": 54
  },
  {
    "name": "Require(45) node_modules/_egg-static@2.2.0@egg-static/app.js",
    "start": 1611389165213,
    "end": 1611389165213,
    "duration": 0,
    "pid": 12060,
    "index": 55
  },
  {
    "name": "Require(46) node_modules/_egg-view-ejs@2.0.1@egg-view-ejs/app.js",
    "start": 1611389165215,
    "end": 1611389165215,
    "duration": 0,
    "pid": 12060,
    "index": 56
  },
  {
    "name": "Before Start in node_modules/_egg-watcher@3.1.1@egg-watcher/lib/init.js:15:14",
    "start": 1611389165235,
    "end": 1611389165636,
    "duration": 401,
    "pid": 12060,
    "index": 57
  },
  {
    "name": "Load Service",
    "start": 1611389165305,
    "end": 1611389165311,
    "duration": 6,
    "pid": 12060,
    "index": 58
  },
  {
    "name": "Load \"service\" to Context",
    "start": 1611389165305,
    "end": 1611389165311,
    "duration": 6,
    "pid": 12060,
    "index": 59
  },
  {
    "name": "Load Middleware",
    "start": 1611389165311,
    "end": 1611389165582,
    "duration": 271,
    "pid": 12060,
    "index": 60
  },
  {
    "name": "Load \"middlewares\" to Application",
    "start": 1611389165311,
    "end": 1611389165538,
    "duration": 227,
    "pid": 12060,
    "index": 61
  },
  {
    "name": "Load Controller",
    "start": 1611389165583,
    "end": 1611389165590,
    "duration": 7,
    "pid": 12060,
    "index": 62
  },
  {
    "name": "Load \"controller\" to Application",
    "start": 1611389165583,
    "end": 1611389165590,
    "duration": 7,
    "pid": 12060,
    "index": 63
  },
  {
    "name": "Load Router",
    "start": 1611389165590,
    "end": 1611389165595,
    "duration": 5,
    "pid": 12060,
    "index": 64
  },
  {
    "name": "Require(47) app/router.js",
    "start": 1611389165591,
    "end": 1611389165592,
    "duration": 1,
    "pid": 12060,
    "index": 65
  },
  {
    "name": "Before Start in node_modules/_egg-core@4.20.0@egg-core/lib/egg.js:303:10",
    "start": 1611389165592,
    "end": 1611389165616,
    "duration": 24,
    "pid": 12060,
    "index": 66
  }
]