[
  {
    "name": "Process Start",
    "start": 1611389196176,
    "end": 1611389197288,
    "duration": 1112,
    "pid": 3468,
    "index": 0
  },
  {
    "name": "Application Start",
    "start": 1611389197289,
    "end": 1611389197700,
    "duration": 411,
    "pid": 3468,
    "index": 1
  },
  {
    "name": "Load Plugin",
    "start": 1611389197293,
    "end": 1611389197314,
    "duration": 21,
    "pid": 3468,
    "index": 2
  },
  {
    "name": "Load Config",
    "start": 1611389197314,
    "end": 1611389197339,
    "duration": 25,
    "pid": 3468,
    "index": 3
  },
  {
    "name": "Require(0) config/config.default.js",
    "start": 1611389197315,
    "end": 1611389197316,
    "duration": 1,
    "pid": 3468,
    "index": 4
  },
  {
    "name": "Require(1) node_modules/_egg-session@3.2.0@egg-session/config/config.default.js",
    "start": 1611389197317,
    "end": 1611389197318,
    "duration": 1,
    "pid": 3468,
    "index": 5
  },
  {
    "name": "Require(2) node_modules/_egg-security@2.8.0@egg-security/config/config.default.js",
    "start": 1611389197318,
    "end": 1611389197319,
    "duration": 1,
    "pid": 3468,
    "index": 6
  },
  {
    "name": "Require(3) node_modules/_egg-jsonp@2.0.0@egg-jsonp/config/config.default.js",
    "start": 1611389197320,
    "end": 1611389197320,
    "duration": 0,
    "pid": 3468,
    "index": 7
  },
  {
    "name": "Require(4) node_modules/_egg-onerror@2.1.0@egg-onerror/config/config.default.js",
    "start": 1611389197321,
    "end": 1611389197321,
    "duration": 0,
    "pid": 3468,
    "index": 8
  },
  {
    "name": "Require(5) node_modules/_egg-i18n@2.1.1@egg-i18n/config/config.default.js",
    "start": 1611389197322,
    "end": 1611389197322,
    "duration": 0,
    "pid": 3468,
    "index": 9
  },
  {
    "name": "Require(6) node_modules/_egg-watcher@3.1.1@egg-watcher/config/config.default.js",
    "start": 1611389197323,
    "end": 1611389197324,
    "duration": 1,
    "pid": 3468,
    "index": 10
  },
  {
    "name": "Require(7) node_modules/_egg-schedule@3.6.6@egg-schedule/config/config.default.js",
    "start": 1611389197324,
    "end": 1611389197325,
    "duration": 1,
    "pid": 3468,
    "index": 11
  },
  {
    "name": "Require(8) node_modules/_egg-multipart@2.10.3@egg-multipart/config/config.default.js",
    "start": 1611389197325,
    "end": 1611389197326,
    "duration": 1,
    "pid": 3468,
    "index": 12
  },
  {
    "name": "Require(9) node_modules/_egg-development@2.7.0@egg-development/config/config.default.js",
    "start": 1611389197326,
    "end": 1611389197327,
    "duration": 1,
    "pid": 3468,
    "index": 13
  },
  {
    "name": "Require(10) node_modules/_egg-logrotator@3.1.0@egg-logrotator/config/config.default.js",
    "start": 1611389197327,
    "end": 1611389197328,
    "duration": 1,
    "pid": 3468,
    "index": 14
  },
  {
    "name": "Require(11) node_modules/_egg-static@2.2.0@egg-static/config/config.default.js",
    "start": 1611389197328,
    "end": 1611389197329,
    "duration": 1,
    "pid": 3468,
    "index": 15
  },
  {
    "name": "Require(12) node_modules/_egg-view@2.1.3@egg-view/config/config.default.js",
    "start": 1611389197330,
    "end": 1611389197330,
    "duration": 0,
    "pid": 3468,
    "index": 16
  },
  {
    "name": "Require(13) node_modules/_egg-view-ejs@2.0.1@egg-view-ejs/config/config.default.js",
    "start": 1611389197331,
    "end": 1611389197331,
    "duration": 0,
    "pid": 3468,
    "index": 17
  },
  {
    "name": "Require(14) node_modules/_egg@2.29.1@egg/config/config.default.js",
    "start": 1611389197332,
    "end": 1611389197332,
    "duration": 0,
    "pid": 3468,
    "index": 18
  },
  {
    "name": "Require(15) config/config.default.js",
    "start": 1611389197333,
    "end": 1611389197333,
    "duration": 0,
    "pid": 3468,
    "index": 19
  },
  {
    "name": "Require(16) node_modules/_egg-security@2.8.0@egg-security/config/config.local.js",
    "start": 1611389197334,
    "end": 1611389197335,
    "duration": 1,
    "pid": 3468,
    "index": 20
  },
  {
    "name": "Require(17) node_modules/_egg-watcher@3.1.1@egg-watcher/config/config.local.js",
    "start": 1611389197336,
    "end": 1611389197336,
    "duration": 0,
    "pid": 3468,
    "index": 21
  },
  {
    "name": "Require(18) node_modules/_egg-view@2.1.3@egg-view/config/config.local.js",
    "start": 1611389197337,
    "end": 1611389197338,
    "duration": 1,
    "pid": 3468,
    "index": 22
  },
  {
    "name": "Require(19) node_modules/_egg-view-ejs@2.0.1@egg-view-ejs/config/config.local.js",
    "start": 1611389197338,
    "end": 1611389197338,
    "duration": 0,
    "pid": 3468,
    "index": 23
  },
  {
    "name": "Require(20) node_modules/_egg@2.29.1@egg/config/config.local.js",
    "start": 1611389197339,
    "end": 1611389197339,
    "duration": 0,
    "pid": 3468,
    "index": 24
  },
  {
    "name": "Load extend/application.js",
    "start": 1611389197340,
    "end": 1611389197358,
    "duration": 18,
    "pid": 3468,
    "index": 25
  },
  {
    "name": "Require(21) node_modules/_egg-session@3.2.0@egg-session/app/extend/application.js",
    "start": 1611389197341,
    "end": 1611389197341,
    "duration": 0,
    "pid": 3468,
    "index": 26
  },
  {
    "name": "Require(22) node_modules/_egg-security@2.8.0@egg-security/app/extend/application.js",
    "start": 1611389197342,
    "end": 1611389197343,
    "duration": 1,
    "pid": 3468,
    "index": 27
  },
  {
    "name": "Require(23) node_modules/_egg-jsonp@2.0.0@egg-jsonp/app/extend/application.js",
    "start": 1611389197344,
    "end": 1611389197346,
    "duration": 2,
    "pid": 3468,
    "index": 28
  },
  {
    "name": "Require(24) node_modules/_egg-logrotator@3.1.0@egg-logrotator/app/extend/application.js",
    "start": 1611389197348,
    "end": 1611389197351,
    "duration": 3,
    "pid": 3468,
    "index": 29
  },
  {
    "name": "Require(25) node_modules/_egg-view@2.1.3@egg-view/app/extend/application.js",
    "start": 1611389197352,
    "end": 1611389197354,
    "duration": 2,
    "pid": 3468,
    "index": 30
  },
  {
    "name": "Load extend/request.js",
    "start": 1611389197358,
    "end": 1611389197368,
    "duration": 10,
    "pid": 3468,
    "index": 31
  },
  {
    "name": "Require(26) node_modules/_egg@2.29.1@egg/app/extend/request.js",
    "start": 1611389197363,
    "end": 1611389197364,
    "duration": 1,
    "pid": 3468,
    "index": 32
  },
  {
    "name": "Load extend/response.js",
    "start": 1611389197368,
    "end": 1611389197378,
    "duration": 10,
    "pid": 3468,
    "index": 33
  },
  {
    "name": "Require(27) node_modules/_egg@2.29.1@egg/app/extend/response.js",
    "start": 1611389197371,
    "end": 1611389197374,
    "duration": 3,
    "pid": 3468,
    "index": 34
  },
  {
    "name": "Load extend/context.js",
    "start": 1611389197378,
    "end": 1611389197454,
    "duration": 76,
    "pid": 3468,
    "index": 35
  },
  {
    "name": "Require(28) node_modules/_egg-security@2.8.0@egg-security/app/extend/context.js",
    "start": 1611389197378,
    "end": 1611389197395,
    "duration": 17,
    "pid": 3468,
    "index": 36
  },
  {
    "name": "Require(29) node_modules/_egg-jsonp@2.0.0@egg-jsonp/app/extend/context.js",
    "start": 1611389197395,
    "end": 1611389197397,
    "duration": 2,
    "pid": 3468,
    "index": 37
  },
  {
    "name": "Require(30) node_modules/_egg-i18n@2.1.1@egg-i18n/app/extend/context.js",
    "start": 1611389197397,
    "end": 1611389197398,
    "duration": 1,
    "pid": 3468,
    "index": 38
  },
  {
    "name": "Require(31) node_modules/_egg-multipart@2.10.3@egg-multipart/app/extend/context.js",
    "start": 1611389197398,
    "end": 1611389197447,
    "duration": 49,
    "pid": 3468,
    "index": 39
  },
  {
    "name": "Require(32) node_modules/_egg-view@2.1.3@egg-view/app/extend/context.js",
    "start": 1611389197448,
    "end": 1611389197449,
    "duration": 1,
    "pid": 3468,
    "index": 40
  },
  {
    "name": "Require(33) node_modules/_egg@2.29.1@egg/app/extend/context.js",
    "start": 1611389197450,
    "end": 1611389197452,
    "duration": 2,
    "pid": 3468,
    "index": 41
  },
  {
    "name": "Load extend/helper.js",
    "start": 1611389197455,
    "end": 1611389197476,
    "duration": 21,
    "pid": 3468,
    "index": 42
  },
  {
    "name": "Require(34) node_modules/_egg-security@2.8.0@egg-security/app/extend/helper.js",
    "start": 1611389197455,
    "end": 1611389197471,
    "duration": 16,
    "pid": 3468,
    "index": 43
  },
  {
    "name": "Require(35) node_modules/_egg@2.29.1@egg/app/extend/helper.js",
    "start": 1611389197473,
    "end": 1611389197473,
    "duration": 0,
    "pid": 3468,
    "index": 44
  },
  {
    "name": "Load app.js",
    "start": 1611389197476,
    "end": 1611389197509,
    "duration": 33,
    "pid": 3468,
    "index": 45
  },
  {
    "name": "Require(36) node_modules/_egg-session@3.2.0@egg-session/app.js",
    "start": 1611389197477,
    "end": 1611389197477,
    "duration": 0,
    "pid": 3468,
    "index": 46
  },
  {
    "name": "Require(37) node_modules/_egg-security@2.8.0@egg-security/app.js",
    "start": 1611389197477,
    "end": 1611389197479,
    "duration": 2,
    "pid": 3468,
    "index": 47
  },
  {
    "name": "Require(38) node_modules/_egg-onerror@2.1.0@egg-onerror/app.js",
    "start": 1611389197480,
    "end": 1611389197490,
    "duration": 10,
    "pid": 3468,
    "index": 48
  },
  {
    "name": "Require(39) node_modules/_egg-i18n@2.1.1@egg-i18n/app.js",
    "start": 1611389197490,
    "end": 1611389197497,
    "duration": 7,
    "pid": 3468,
    "index": 49
  },
  {
    "name": "Require(40) node_modules/_egg-watcher@3.1.1@egg-watcher/app.js",
    "start": 1611389197498,
    "end": 1611389197503,
    "duration": 5,
    "pid": 3468,
    "index": 50
  },
  {
    "name": "Require(41) node_modules/_egg-schedule@3.6.6@egg-schedule/app.js",
    "start": 1611389197503,
    "end": 1611389197505,
    "duration": 2,
    "pid": 3468,
    "index": 51
  },
  {
    "name": "Require(42) node_modules/_egg-multipart@2.10.3@egg-multipart/app.js",
    "start": 1611389197506,
    "end": 1611389197506,
    "duration": 0,
    "pid": 3468,
    "index": 52
  },
  {
    "name": "Require(43) node_modules/_egg-development@2.7.0@egg-development/app.js",
    "start": 1611389197506,
    "end": 1611389197507,
    "duration": 1,
    "pid": 3468,
    "index": 53
  },
  {
    "name": "Require(44) node_modules/_egg-logrotator@3.1.0@egg-logrotator/app.js",
    "start": 1611389197507,
    "end": 1611389197507,
    "duration": 0,
    "pid": 3468,
    "index": 54
  },
  {
    "name": "Require(45) node_modules/_egg-static@2.2.0@egg-static/app.js",
    "start": 1611389197507,
    "end": 1611389197508,
    "duration": 1,
    "pid": 3468,
    "index": 55
  },
  {
    "name": "Require(46) node_modules/_egg-view-ejs@2.0.1@egg-view-ejs/app.js",
    "start": 1611389197508,
    "end": 1611389197508,
    "duration": 0,
    "pid": 3468,
    "index": 56
  },
  {
    "name": "Before Start in node_modules/_egg-watcher@3.1.1@egg-watcher/lib/init.js:15:14",
    "start": 1611389197517,
    "end": 1611389197699,
    "duration": 182,
    "pid": 3468,
    "index": 57
  },
  {
    "name": "Load Service",
    "start": 1611389197548,
    "end": 1611389197555,
    "duration": 7,
    "pid": 3468,
    "index": 58
  },
  {
    "name": "Load \"service\" to Context",
    "start": 1611389197548,
    "end": 1611389197555,
    "duration": 7,
    "pid": 3468,
    "index": 59
  },
  {
    "name": "Load Middleware",
    "start": 1611389197555,
    "end": 1611389197681,
    "duration": 126,
    "pid": 3468,
    "index": 60
  },
  {
    "name": "Load \"middlewares\" to Application",
    "start": 1611389197555,
    "end": 1611389197664,
    "duration": 109,
    "pid": 3468,
    "index": 61
  },
  {
    "name": "Load Controller",
    "start": 1611389197681,
    "end": 1611389197684,
    "duration": 3,
    "pid": 3468,
    "index": 62
  },
  {
    "name": "Load \"controller\" to Application",
    "start": 1611389197681,
    "end": 1611389197684,
    "duration": 3,
    "pid": 3468,
    "index": 63
  },
  {
    "name": "Load Router",
    "start": 1611389197684,
    "end": 1611389197686,
    "duration": 2,
    "pid": 3468,
    "index": 64
  },
  {
    "name": "Require(47) app/router.js",
    "start": 1611389197684,
    "end": 1611389197685,
    "duration": 1,
    "pid": 3468,
    "index": 65
  },
  {
    "name": "Before Start in node_modules/_egg-core@4.20.0@egg-core/lib/egg.js:303:10",
    "start": 1611389197685,
    "end": 1611389197692,
    "duration": 7,
    "pid": 3468,
    "index": 66
  }
]