[
  {
    "name": "Process Start",
    "start": 1611389197741,
    "end": 1611389198982,
    "duration": 1241,
    "pid": 3624,
    "index": 0
  },
  {
    "name": "Application Start",
    "start": 1611389198982,
    "end": 1611389199422,
    "duration": 440,
    "pid": 3624,
    "index": 1
  },
  {
    "name": "Load Plugin",
    "start": 1611389198988,
    "end": 1611389199010,
    "duration": 22,
    "pid": 3624,
    "index": 2
  },
  {
    "name": "Load Config",
    "start": 1611389199010,
    "end": 1611389199036,
    "duration": 26,
    "pid": 3624,
    "index": 3
  },
  {
    "name": "Require(0) config/config.default.js",
    "start": 1611389199011,
    "end": 1611389199011,
    "duration": 0,
    "pid": 3624,
    "index": 4
  },
  {
    "name": "Require(1) node_modules/_egg-session@3.2.0@egg-session/config/config.default.js",
    "start": 1611389199012,
    "end": 1611389199013,
    "duration": 1,
    "pid": 3624,
    "index": 5
  },
  {
    "name": "Require(2) node_modules/_egg-security@2.8.0@egg-security/config/config.default.js",
    "start": 1611389199013,
    "end": 1611389199014,
    "duration": 1,
    "pid": 3624,
    "index": 6
  },
  {
    "name": "Require(3) node_modules/_egg-jsonp@2.0.0@egg-jsonp/config/config.default.js",
    "start": 1611389199015,
    "end": 1611389199015,
    "duration": 0,
    "pid": 3624,
    "index": 7
  },
  {
    "name": "Require(4) node_modules/_egg-onerror@2.1.0@egg-onerror/config/config.default.js",
    "start": 1611389199015,
    "end": 1611389199016,
    "duration": 1,
    "pid": 3624,
    "index": 8
  },
  {
    "name": "Require(5) node_modules/_egg-i18n@2.1.1@egg-i18n/config/config.default.js",
    "start": 1611389199016,
    "end": 1611389199017,
    "duration": 1,
    "pid": 3624,
    "index": 9
  },
  {
    "name": "Require(6) node_modules/_egg-watcher@3.1.1@egg-watcher/config/config.default.js",
    "start": 1611389199019,
    "end": 1611389199020,
    "duration": 1,
    "pid": 3624,
    "index": 10
  },
  {
    "name": "Require(7) node_modules/_egg-schedule@3.6.6@egg-schedule/config/config.default.js",
    "start": 1611389199020,
    "end": 1611389199021,
    "duration": 1,
    "pid": 3624,
    "index": 11
  },
  {
    "name": "Require(8) node_modules/_egg-multipart@2.10.3@egg-multipart/config/config.default.js",
    "start": 1611389199021,
    "end": 1611389199022,
    "duration": 1,
    "pid": 3624,
    "index": 12
  },
  {
    "name": "Require(9) node_modules/_egg-development@2.7.0@egg-development/config/config.default.js",
    "start": 1611389199023,
    "end": 1611389199023,
    "duration": 0,
    "pid": 3624,
    "index": 13
  },
  {
    "name": "Require(10) node_modules/_egg-logrotator@3.1.0@egg-logrotator/config/config.default.js",
    "start": 1611389199024,
    "end": 1611389199024,
    "duration": 0,
    "pid": 3624,
    "index": 14
  },
  {
    "name": "Require(11) node_modules/_egg-static@2.2.0@egg-static/config/config.default.js",
    "start": 1611389199024,
    "end": 1611389199025,
    "duration": 1,
    "pid": 3624,
    "index": 15
  },
  {
    "name": "Require(12) node_modules/_egg-view@2.1.3@egg-view/config/config.default.js",
    "start": 1611389199025,
    "end": 1611389199026,
    "duration": 1,
    "pid": 3624,
    "index": 16
  },
  {
    "name": "Require(13) node_modules/_egg-view-ejs@2.0.1@egg-view-ejs/config/config.default.js",
    "start": 1611389199026,
    "end": 1611389199027,
    "duration": 1,
    "pid": 3624,
    "index": 17
  },
  {
    "name": "Require(14) node_modules/_egg@2.29.1@egg/config/config.default.js",
    "start": 1611389199027,
    "end": 1611389199028,
    "duration": 1,
    "pid": 3624,
    "index": 18
  },
  {
    "name": "Require(15) config/config.default.js",
    "start": 1611389199029,
    "end": 1611389199029,
    "duration": 0,
    "pid": 3624,
    "index": 19
  },
  {
    "name": "Require(16) node_modules/_egg-security@2.8.0@egg-security/config/config.local.js",
    "start": 1611389199030,
    "end": 1611389199030,
    "duration": 0,
    "pid": 3624,
    "index": 20
  },
  {
    "name": "Require(17) node_modules/_egg-watcher@3.1.1@egg-watcher/config/config.local.js",
    "start": 1611389199031,
    "end": 1611389199031,
    "duration": 0,
    "pid": 3624,
    "index": 21
  },
  {
    "name": "Require(18) node_modules/_egg-view@2.1.3@egg-view/config/config.local.js",
    "start": 1611389199033,
    "end": 1611389199033,
    "duration": 0,
    "pid": 3624,
    "index": 22
  },
  {
    "name": "Require(19) node_modules/_egg-view-ejs@2.0.1@egg-view-ejs/config/config.local.js",
    "start": 1611389199034,
    "end": 1611389199035,
    "duration": 1,
    "pid": 3624,
    "index": 23
  },
  {
    "name": "Require(20) node_modules/_egg@2.29.1@egg/config/config.local.js",
    "start": 1611389199035,
    "end": 1611389199036,
    "duration": 1,
    "pid": 3624,
    "index": 24
  },
  {
    "name": "Load extend/application.js",
    "start": 1611389199037,
    "end": 1611389199051,
    "duration": 14,
    "pid": 3624,
    "index": 25
  },
  {
    "name": "Require(21) node_modules/_egg-session@3.2.0@egg-session/app/extend/application.js",
    "start": 1611389199037,
    "end": 1611389199038,
    "duration": 1,
    "pid": 3624,
    "index": 26
  },
  {
    "name": "Require(22) node_modules/_egg-security@2.8.0@egg-security/app/extend/application.js",
    "start": 1611389199038,
    "end": 1611389199039,
    "duration": 1,
    "pid": 3624,
    "index": 27
  },
  {
    "name": "Require(23) node_modules/_egg-jsonp@2.0.0@egg-jsonp/app/extend/application.js",
    "start": 1611389199040,
    "end": 1611389199042,
    "duration": 2,
    "pid": 3624,
    "index": 28
  },
  {
    "name": "Require(24) node_modules/_egg-logrotator@3.1.0@egg-logrotator/app/extend/application.js",
    "start": 1611389199043,
    "end": 1611389199045,
    "duration": 2,
    "pid": 3624,
    "index": 29
  },
  {
    "name": "Require(25) node_modules/_egg-view@2.1.3@egg-view/app/extend/application.js",
    "start": 1611389199046,
    "end": 1611389199048,
    "duration": 2,
    "pid": 3624,
    "index": 30
  },
  {
    "name": "Load extend/request.js",
    "start": 1611389199051,
    "end": 1611389199058,
    "duration": 7,
    "pid": 3624,
    "index": 31
  },
  {
    "name": "Require(26) node_modules/_egg@2.29.1@egg/app/extend/request.js",
    "start": 1611389199054,
    "end": 1611389199055,
    "duration": 1,
    "pid": 3624,
    "index": 32
  },
  {
    "name": "Load extend/response.js",
    "start": 1611389199058,
    "end": 1611389199068,
    "duration": 10,
    "pid": 3624,
    "index": 33
  },
  {
    "name": "Require(27) node_modules/_egg@2.29.1@egg/app/extend/response.js",
    "start": 1611389199063,
    "end": 1611389199065,
    "duration": 2,
    "pid": 3624,
    "index": 34
  },
  {
    "name": "Load extend/context.js",
    "start": 1611389199068,
    "end": 1611389199146,
    "duration": 78,
    "pid": 3624,
    "index": 35
  },
  {
    "name": "Require(28) node_modules/_egg-security@2.8.0@egg-security/app/extend/context.js",
    "start": 1611389199069,
    "end": 1611389199083,
    "duration": 14,
    "pid": 3624,
    "index": 36
  },
  {
    "name": "Require(29) node_modules/_egg-jsonp@2.0.0@egg-jsonp/app/extend/context.js",
    "start": 1611389199083,
    "end": 1611389199085,
    "duration": 2,
    "pid": 3624,
    "index": 37
  },
  {
    "name": "Require(30) node_modules/_egg-i18n@2.1.1@egg-i18n/app/extend/context.js",
    "start": 1611389199086,
    "end": 1611389199086,
    "duration": 0,
    "pid": 3624,
    "index": 38
  },
  {
    "name": "Require(31) node_modules/_egg-multipart@2.10.3@egg-multipart/app/extend/context.js",
    "start": 1611389199087,
    "end": 1611389199140,
    "duration": 53,
    "pid": 3624,
    "index": 39
  },
  {
    "name": "Require(32) node_modules/_egg-view@2.1.3@egg-view/app/extend/context.js",
    "start": 1611389199141,
    "end": 1611389199141,
    "duration": 0,
    "pid": 3624,
    "index": 40
  },
  {
    "name": "Require(33) node_modules/_egg@2.29.1@egg/app/extend/context.js",
    "start": 1611389199142,
    "end": 1611389199143,
    "duration": 1,
    "pid": 3624,
    "index": 41
  },
  {
    "name": "Load extend/helper.js",
    "start": 1611389199146,
    "end": 1611389199171,
    "duration": 25,
    "pid": 3624,
    "index": 42
  },
  {
    "name": "Require(34) node_modules/_egg-security@2.8.0@egg-security/app/extend/helper.js",
    "start": 1611389199147,
    "end": 1611389199165,
    "duration": 18,
    "pid": 3624,
    "index": 43
  },
  {
    "name": "Require(35) node_modules/_egg@2.29.1@egg/app/extend/helper.js",
    "start": 1611389199167,
    "end": 1611389199168,
    "duration": 1,
    "pid": 3624,
    "index": 44
  },
  {
    "name": "Load app.js",
    "start": 1611389199172,
    "end": 1611389199211,
    "duration": 39,
    "pid": 3624,
    "index": 45
  },
  {
    "name": "Require(36) node_modules/_egg-session@3.2.0@egg-session/app.js",
    "start": 1611389199172,
    "end": 1611389199172,
    "duration": 0,
    "pid": 3624,
    "index": 46
  },
  {
    "name": "Require(37) node_modules/_egg-security@2.8.0@egg-security/app.js",
    "start": 1611389199173,
    "end": 1611389199175,
    "duration": 2,
    "pid": 3624,
    "index": 47
  },
  {
    "name": "Require(38) node_modules/_egg-onerror@2.1.0@egg-onerror/app.js",
    "start": 1611389199176,
    "end": 1611389199189,
    "duration": 13,
    "pid": 3624,
    "index": 48
  },
  {
    "name": "Require(39) node_modules/_egg-i18n@2.1.1@egg-i18n/app.js",
    "start": 1611389199189,
    "end": 1611389199198,
    "duration": 9,
    "pid": 3624,
    "index": 49
  },
  {
    "name": "Require(40) node_modules/_egg-watcher@3.1.1@egg-watcher/app.js",
    "start": 1611389199199,
    "end": 1611389199204,
    "duration": 5,
    "pid": 3624,
    "index": 50
  },
  {
    "name": "Require(41) node_modules/_egg-schedule@3.6.6@egg-schedule/app.js",
    "start": 1611389199204,
    "end": 1611389199206,
    "duration": 2,
    "pid": 3624,
    "index": 51
  },
  {
    "name": "Require(42) node_modules/_egg-multipart@2.10.3@egg-multipart/app.js",
    "start": 1611389199207,
    "end": 1611389199207,
    "duration": 0,
    "pid": 3624,
    "index": 52
  },
  {
    "name": "Require(43) node_modules/_egg-development@2.7.0@egg-development/app.js",
    "start": 1611389199207,
    "end": 1611389199208,
    "duration": 1,
    "pid": 3624,
    "index": 53
  },
  {
    "name": "Require(44) node_modules/_egg-logrotator@3.1.0@egg-logrotator/app.js",
    "start": 1611389199208,
    "end": 1611389199208,
    "duration": 0,
    "pid": 3624,
    "index": 54
  },
  {
    "name": "Require(45) node_modules/_egg-static@2.2.0@egg-static/app.js",
    "start": 1611389199209,
    "end": 1611389199209,
    "duration": 0,
    "pid": 3624,
    "index": 55
  },
  {
    "name": "Require(46) node_modules/_egg-view-ejs@2.0.1@egg-view-ejs/app.js",
    "start": 1611389199209,
    "end": 1611389199210,
    "duration": 1,
    "pid": 3624,
    "index": 56
  },
  {
    "name": "Before Start in node_modules/_egg-watcher@3.1.1@egg-watcher/lib/init.js:15:14",
    "start": 1611389199220,
    "end": 1611389199422,
    "duration": 202,
    "pid": 3624,
    "index": 57
  },
  {
    "name": "Load Service",
    "start": 1611389199254,
    "end": 1611389199259,
    "duration": 5,
    "pid": 3624,
    "index": 58
  },
  {
    "name": "Load \"service\" to Context",
    "start": 1611389199254,
    "end": 1611389199259,
    "duration": 5,
    "pid": 3624,
    "index": 59
  },
  {
    "name": "Load Middleware",
    "start": 1611389199259,
    "end": 1611389199399,
    "duration": 140,
    "pid": 3624,
    "index": 60
  },
  {
    "name": "Load \"middlewares\" to Application",
    "start": 1611389199259,
    "end": 1611389199381,
    "duration": 122,
    "pid": 3624,
    "index": 61
  },
  {
    "name": "Load Controller",
    "start": 1611389199399,
    "end": 1611389199403,
    "duration": 4,
    "pid": 3624,
    "index": 62
  },
  {
    "name": "Load \"controller\" to Application",
    "start": 1611389199399,
    "end": 1611389199403,
    "duration": 4,
    "pid": 3624,
    "index": 63
  },
  {
    "name": "Load Router",
    "start": 1611389199403,
    "end": 1611389199406,
    "duration": 3,
    "pid": 3624,
    "index": 64
  },
  {
    "name": "Require(47) app/router.js",
    "start": 1611389199404,
    "end": 1611389199404,
    "duration": 0,
    "pid": 3624,
    "index": 65
  },
  {
    "name": "Before Start in node_modules/_egg-core@4.20.0@egg-core/lib/egg.js:303:10",
    "start": 1611389199404,
    "end": 1611389199413,
    "duration": 9,
    "pid": 3624,
    "index": 66
  }
]