[
  {
    "name": "Process Start",
    "start": 1611308605180,
    "end": 1611308606254,
    "duration": 1074,
    "pid": 5640,
    "index": 0
  },
  {
    "name": "Application Start",
    "start": 1611308606255,
    "end": 1611308606658,
    "duration": 403,
    "pid": 5640,
    "index": 1
  },
  {
    "name": "Load Plugin",
    "start": 1611308606259,
    "end": 1611308606277,
    "duration": 18,
    "pid": 5640,
    "index": 2
  },
  {
    "name": "Load Config",
    "start": 1611308606277,
    "end": 1611308606298,
    "duration": 21,
    "pid": 5640,
    "index": 3
  },
  {
    "name": "Require(0) config/config.default.js",
    "start": 1611308606278,
    "end": 1611308606278,
    "duration": 0,
    "pid": 5640,
    "index": 4
  },
  {
    "name": "Require(1) node_modules/_egg-session@3.2.0@egg-session/config/config.default.js",
    "start": 1611308606279,
    "end": 1611308606280,
    "duration": 1,
    "pid": 5640,
    "index": 5
  },
  {
    "name": "Require(2) node_modules/_egg-security@2.8.0@egg-security/config/config.default.js",
    "start": 1611308606280,
    "end": 1611308606281,
    "duration": 1,
    "pid": 5640,
    "index": 6
  },
  {
    "name": "Require(3) node_modules/_egg-jsonp@2.0.0@egg-jsonp/config/config.default.js",
    "start": 1611308606281,
    "end": 1611308606282,
    "duration": 1,
    "pid": 5640,
    "index": 7
  },
  {
    "name": "Require(4) node_modules/_egg-onerror@2.1.0@egg-onerror/config/config.default.js",
    "start": 1611308606282,
    "end": 1611308606283,
    "duration": 1,
    "pid": 5640,
    "index": 8
  },
  {
    "name": "Require(5) node_modules/_egg-i18n@2.1.1@egg-i18n/config/config.default.js",
    "start": 1611308606283,
    "end": 1611308606283,
    "duration": 0,
    "pid": 5640,
    "index": 9
  },
  {
    "name": "Require(6) node_modules/_egg-watcher@3.1.1@egg-watcher/config/config.default.js",
    "start": 1611308606284,
    "end": 1611308606285,
    "duration": 1,
    "pid": 5640,
    "index": 10
  },
  {
    "name": "Require(7) node_modules/_egg-schedule@3.6.6@egg-schedule/config/config.default.js",
    "start": 1611308606285,
    "end": 1611308606286,
    "duration": 1,
    "pid": 5640,
    "index": 11
  },
  {
    "name": "Require(8) node_modules/_egg-multipart@2.10.3@egg-multipart/config/config.default.js",
    "start": 1611308606286,
    "end": 1611308606287,
    "duration": 1,
    "pid": 5640,
    "index": 12
  },
  {
    "name": "Require(9) node_modules/_egg-development@2.7.0@egg-development/config/config.default.js",
    "start": 1611308606288,
    "end": 1611308606288,
    "duration": 0,
    "pid": 5640,
    "index": 13
  },
  {
    "name": "Require(10) node_modules/_egg-logrotator@3.1.0@egg-logrotator/config/config.default.js",
    "start": 1611308606289,
    "end": 1611308606289,
    "duration": 0,
    "pid": 5640,
    "index": 14
  },
  {
    "name": "Require(11) node_modules/_egg-static@2.2.0@egg-static/config/config.default.js",
    "start": 1611308606289,
    "end": 1611308606290,
    "duration": 1,
    "pid": 5640,
    "index": 15
  },
  {
    "name": "Require(12) node_modules/_egg-view@2.1.3@egg-view/config/config.default.js",
    "start": 1611308606290,
    "end": 1611308606291,
    "duration": 1,
    "pid": 5640,
    "index": 16
  },
  {
    "name": "Require(13) node_modules/_egg-view-ejs@2.0.1@egg-view-ejs/config/config.default.js",
    "start": 1611308606291,
    "end": 1611308606292,
    "duration": 1,
    "pid": 5640,
    "index": 17
  },
  {
    "name": "Require(14) node_modules/_egg@2.29.1@egg/config/config.default.js",
    "start": 1611308606292,
    "end": 1611308606292,
    "duration": 0,
    "pid": 5640,
    "index": 18
  },
  {
    "name": "Require(15) config/config.default.js",
    "start": 1611308606293,
    "end": 1611308606293,
    "duration": 0,
    "pid": 5640,
    "index": 19
  },
  {
    "name": "Require(16) node_modules/_egg-security@2.8.0@egg-security/config/config.local.js",
    "start": 1611308606294,
    "end": 1611308606294,
    "duration": 0,
    "pid": 5640,
    "index": 20
  },
  {
    "name": "Require(17) node_modules/_egg-watcher@3.1.1@egg-watcher/config/config.local.js",
    "start": 1611308606295,
    "end": 1611308606295,
    "duration": 0,
    "pid": 5640,
    "index": 21
  },
  {
    "name": "Require(18) node_modules/_egg-view@2.1.3@egg-view/config/config.local.js",
    "start": 1611308606297,
    "end": 1611308606297,
    "duration": 0,
    "pid": 5640,
    "index": 22
  },
  {
    "name": "Require(19) node_modules/_egg-view-ejs@2.0.1@egg-view-ejs/config/config.local.js",
    "start": 1611308606297,
    "end": 1611308606297,
    "duration": 0,
    "pid": 5640,
    "index": 23
  },
  {
    "name": "Require(20) node_modules/_egg@2.29.1@egg/config/config.local.js",
    "start": 1611308606298,
    "end": 1611308606298,
    "duration": 0,
    "pid": 5640,
    "index": 24
  },
  {
    "name": "Load extend/application.js",
    "start": 1611308606299,
    "end": 1611308606315,
    "duration": 16,
    "pid": 5640,
    "index": 25
  },
  {
    "name": "Require(21) node_modules/_egg-session@3.2.0@egg-session/app/extend/application.js",
    "start": 1611308606299,
    "end": 1611308606300,
    "duration": 1,
    "pid": 5640,
    "index": 26
  },
  {
    "name": "Require(22) node_modules/_egg-security@2.8.0@egg-security/app/extend/application.js",
    "start": 1611308606300,
    "end": 1611308606302,
    "duration": 2,
    "pid": 5640,
    "index": 27
  },
  {
    "name": "Require(23) node_modules/_egg-jsonp@2.0.0@egg-jsonp/app/extend/application.js",
    "start": 1611308606302,
    "end": 1611308606304,
    "duration": 2,
    "pid": 5640,
    "index": 28
  },
  {
    "name": "Require(24) node_modules/_egg-logrotator@3.1.0@egg-logrotator/app/extend/application.js",
    "start": 1611308606306,
    "end": 1611308606308,
    "duration": 2,
    "pid": 5640,
    "index": 29
  },
  {
    "name": "Require(25) node_modules/_egg-view@2.1.3@egg-view/app/extend/application.js",
    "start": 1611308606309,
    "end": 1611308606311,
    "duration": 2,
    "pid": 5640,
    "index": 30
  },
  {
    "name": "Require(26) app/extend/application.js",
    "start": 1611308606312,
    "end": 1611308606312,
    "duration": 0,
    "pid": 5640,
    "index": 31
  },
  {
    "name": "Load extend/request.js",
    "start": 1611308606315,
    "end": 1611308606322,
    "duration": 7,
    "pid": 5640,
    "index": 32
  },
  {
    "name": "Require(27) node_modules/_egg@2.29.1@egg/app/extend/request.js",
    "start": 1611308606317,
    "end": 1611308606319,
    "duration": 2,
    "pid": 5640,
    "index": 33
  },
  {
    "name": "Require(28) app/extend/request.js",
    "start": 1611308606319,
    "end": 1611308606320,
    "duration": 1,
    "pid": 5640,
    "index": 34
  },
  {
    "name": "Load extend/response.js",
    "start": 1611308606322,
    "end": 1611308606333,
    "duration": 11,
    "pid": 5640,
    "index": 35
  },
  {
    "name": "Require(29) node_modules/_egg@2.29.1@egg/app/extend/response.js",
    "start": 1611308606328,
    "end": 1611308606330,
    "duration": 2,
    "pid": 5640,
    "index": 36
  },
  {
    "name": "Load extend/context.js",
    "start": 1611308606333,
    "end": 1611308606406,
    "duration": 73,
    "pid": 5640,
    "index": 37
  },
  {
    "name": "Require(30) node_modules/_egg-security@2.8.0@egg-security/app/extend/context.js",
    "start": 1611308606334,
    "end": 1611308606348,
    "duration": 14,
    "pid": 5640,
    "index": 38
  },
  {
    "name": "Require(31) node_modules/_egg-jsonp@2.0.0@egg-jsonp/app/extend/context.js",
    "start": 1611308606349,
    "end": 1611308606351,
    "duration": 2,
    "pid": 5640,
    "index": 39
  },
  {
    "name": "Require(32) node_modules/_egg-i18n@2.1.1@egg-i18n/app/extend/context.js",
    "start": 1611308606351,
    "end": 1611308606352,
    "duration": 1,
    "pid": 5640,
    "index": 40
  },
  {
    "name": "Require(33) node_modules/_egg-multipart@2.10.3@egg-multipart/app/extend/context.js",
    "start": 1611308606352,
    "end": 1611308606399,
    "duration": 47,
    "pid": 5640,
    "index": 41
  },
  {
    "name": "Require(34) node_modules/_egg-view@2.1.3@egg-view/app/extend/context.js",
    "start": 1611308606400,
    "end": 1611308606401,
    "duration": 1,
    "pid": 5640,
    "index": 42
  },
  {
    "name": "Require(35) node_modules/_egg@2.29.1@egg/app/extend/context.js",
    "start": 1611308606401,
    "end": 1611308606403,
    "duration": 2,
    "pid": 5640,
    "index": 43
  },
  {
    "name": "Require(36) app/extend/context.js",
    "start": 1611308606403,
    "end": 1611308606403,
    "duration": 0,
    "pid": 5640,
    "index": 44
  },
  {
    "name": "Load extend/helper.js",
    "start": 1611308606406,
    "end": 1611308606430,
    "duration": 24,
    "pid": 5640,
    "index": 45
  },
  {
    "name": "Require(37) node_modules/_egg-security@2.8.0@egg-security/app/extend/helper.js",
    "start": 1611308606407,
    "end": 1611308606422,
    "duration": 15,
    "pid": 5640,
    "index": 46
  },
  {
    "name": "Require(38) node_modules/_egg@2.29.1@egg/app/extend/helper.js",
    "start": 1611308606424,
    "end": 1611308606425,
    "duration": 1,
    "pid": 5640,
    "index": 47
  },
  {
    "name": "Require(39) app/extend/helper.js",
    "start": 1611308606425,
    "end": 1611308606427,
    "duration": 2,
    "pid": 5640,
    "index": 48
  },
  {
    "name": "Load app.js",
    "start": 1611308606430,
    "end": 1611308606464,
    "duration": 34,
    "pid": 5640,
    "index": 49
  },
  {
    "name": "Require(40) node_modules/_egg-session@3.2.0@egg-session/app.js",
    "start": 1611308606430,
    "end": 1611308606430,
    "duration": 0,
    "pid": 5640,
    "index": 50
  },
  {
    "name": "Require(41) node_modules/_egg-security@2.8.0@egg-security/app.js",
    "start": 1611308606431,
    "end": 1611308606432,
    "duration": 1,
    "pid": 5640,
    "index": 51
  },
  {
    "name": "Require(42) node_modules/_egg-onerror@2.1.0@egg-onerror/app.js",
    "start": 1611308606433,
    "end": 1611308606443,
    "duration": 10,
    "pid": 5640,
    "index": 52
  },
  {
    "name": "Require(43) node_modules/_egg-i18n@2.1.1@egg-i18n/app.js",
    "start": 1611308606443,
    "end": 1611308606451,
    "duration": 8,
    "pid": 5640,
    "index": 53
  },
  {
    "name": "Require(44) node_modules/_egg-watcher@3.1.1@egg-watcher/app.js",
    "start": 1611308606451,
    "end": 1611308606456,
    "duration": 5,
    "pid": 5640,
    "index": 54
  },
  {
    "name": "Require(45) node_modules/_egg-schedule@3.6.6@egg-schedule/app.js",
    "start": 1611308606456,
    "end": 1611308606458,
    "duration": 2,
    "pid": 5640,
    "index": 55
  },
  {
    "name": "Require(46) node_modules/_egg-multipart@2.10.3@egg-multipart/app.js",
    "start": 1611308606459,
    "end": 1611308606459,
    "duration": 0,
    "pid": 5640,
    "index": 56
  },
  {
    "name": "Require(47) node_modules/_egg-development@2.7.0@egg-development/app.js",
    "start": 1611308606459,
    "end": 1611308606460,
    "duration": 1,
    "pid": 5640,
    "index": 57
  },
  {
    "name": "Require(48) node_modules/_egg-logrotator@3.1.0@egg-logrotator/app.js",
    "start": 1611308606460,
    "end": 1611308606460,
    "duration": 0,
    "pid": 5640,
    "index": 58
  },
  {
    "name": "Require(49) node_modules/_egg-static@2.2.0@egg-static/app.js",
    "start": 1611308606461,
    "end": 1611308606461,
    "duration": 0,
    "pid": 5640,
    "index": 59
  },
  {
    "name": "Require(50) node_modules/_egg-view-ejs@2.0.1@egg-view-ejs/app.js",
    "start": 1611308606462,
    "end": 1611308606463,
    "duration": 1,
    "pid": 5640,
    "index": 60
  },
  {
    "name": "Before Start in node_modules/_egg-watcher@3.1.1@egg-watcher/lib/init.js:15:14",
    "start": 1611308606472,
    "end": 1611308606657,
    "duration": 185,
    "pid": 5640,
    "index": 61
  },
  {
    "name": "Load Service",
    "start": 1611308606505,
    "end": 1611308606515,
    "duration": 10,
    "pid": 5640,
    "index": 62
  },
  {
    "name": "Load \"service\" to Context",
    "start": 1611308606505,
    "end": 1611308606515,
    "duration": 10,
    "pid": 5640,
    "index": 63
  },
  {
    "name": "Load Middleware",
    "start": 1611308606515,
    "end": 1611308606638,
    "duration": 123,
    "pid": 5640,
    "index": 64
  },
  {
    "name": "Load \"middlewares\" to Application",
    "start": 1611308606515,
    "end": 1611308606621,
    "duration": 106,
    "pid": 5640,
    "index": 65
  },
  {
    "name": "Load Controller",
    "start": 1611308606639,
    "end": 1611308606644,
    "duration": 5,
    "pid": 5640,
    "index": 66
  },
  {
    "name": "Load \"controller\" to Application",
    "start": 1611308606639,
    "end": 1611308606644,
    "duration": 5,
    "pid": 5640,
    "index": 67
  },
  {
    "name": "Load Router",
    "start": 1611308606644,
    "end": 1611308606646,
    "duration": 2,
    "pid": 5640,
    "index": 68
  },
  {
    "name": "Require(51) app/router.js",
    "start": 1611308606644,
    "end": 1611308606644,
    "duration": 0,
    "pid": 5640,
    "index": 69
  },
  {
    "name": "Before Start in node_modules/_egg-core@4.20.0@egg-core/lib/egg.js:303:10",
    "start": 1611308606645,
    "end": 1611308606652,
    "duration": 7,
    "pid": 5640,
    "index": 70
  }
]