[
  {
    "name": "Process Start",
    "start": 1611308438261,
    "end": 1611308439414,
    "duration": 1153,
    "pid": 20000,
    "index": 0
  },
  {
    "name": "Application Start",
    "start": 1611308439415,
    "end": 1611308439864,
    "duration": 449,
    "pid": 20000,
    "index": 1
  },
  {
    "name": "Load Plugin",
    "start": 1611308439418,
    "end": 1611308439440,
    "duration": 22,
    "pid": 20000,
    "index": 2
  },
  {
    "name": "Load Config",
    "start": 1611308439440,
    "end": 1611308439464,
    "duration": 24,
    "pid": 20000,
    "index": 3
  },
  {
    "name": "Require(0) config/config.default.js",
    "start": 1611308439441,
    "end": 1611308439441,
    "duration": 0,
    "pid": 20000,
    "index": 4
  },
  {
    "name": "Require(1) node_modules/_egg-session@3.2.0@egg-session/config/config.default.js",
    "start": 1611308439443,
    "end": 1611308439443,
    "duration": 0,
    "pid": 20000,
    "index": 5
  },
  {
    "name": "Require(2) node_modules/_egg-security@2.8.0@egg-security/config/config.default.js",
    "start": 1611308439444,
    "end": 1611308439444,
    "duration": 0,
    "pid": 20000,
    "index": 6
  },
  {
    "name": "Require(3) node_modules/_egg-jsonp@2.0.0@egg-jsonp/config/config.default.js",
    "start": 1611308439445,
    "end": 1611308439446,
    "duration": 1,
    "pid": 20000,
    "index": 7
  },
  {
    "name": "Require(4) node_modules/_egg-onerror@2.1.0@egg-onerror/config/config.default.js",
    "start": 1611308439446,
    "end": 1611308439446,
    "duration": 0,
    "pid": 20000,
    "index": 8
  },
  {
    "name": "Require(5) node_modules/_egg-i18n@2.1.1@egg-i18n/config/config.default.js",
    "start": 1611308439447,
    "end": 1611308439447,
    "duration": 0,
    "pid": 20000,
    "index": 9
  },
  {
    "name": "Require(6) node_modules/_egg-watcher@3.1.1@egg-watcher/config/config.default.js",
    "start": 1611308439448,
    "end": 1611308439448,
    "duration": 0,
    "pid": 20000,
    "index": 10
  },
  {
    "name": "Require(7) node_modules/_egg-schedule@3.6.6@egg-schedule/config/config.default.js",
    "start": 1611308439449,
    "end": 1611308439449,
    "duration": 0,
    "pid": 20000,
    "index": 11
  },
  {
    "name": "Require(8) node_modules/_egg-multipart@2.10.3@egg-multipart/config/config.default.js",
    "start": 1611308439450,
    "end": 1611308439450,
    "duration": 0,
    "pid": 20000,
    "index": 12
  },
  {
    "name": "Require(9) node_modules/_egg-development@2.7.0@egg-development/config/config.default.js",
    "start": 1611308439451,
    "end": 1611308439451,
    "duration": 0,
    "pid": 20000,
    "index": 13
  },
  {
    "name": "Require(10) node_modules/_egg-logrotator@3.1.0@egg-logrotator/config/config.default.js",
    "start": 1611308439452,
    "end": 1611308439452,
    "duration": 0,
    "pid": 20000,
    "index": 14
  },
  {
    "name": "Require(11) node_modules/_egg-static@2.2.0@egg-static/config/config.default.js",
    "start": 1611308439452,
    "end": 1611308439453,
    "duration": 1,
    "pid": 20000,
    "index": 15
  },
  {
    "name": "Require(12) node_modules/_egg-view@2.1.3@egg-view/config/config.default.js",
    "start": 1611308439454,
    "end": 1611308439454,
    "duration": 0,
    "pid": 20000,
    "index": 16
  },
  {
    "name": "Require(13) node_modules/_egg-view-ejs@2.0.1@egg-view-ejs/config/config.default.js",
    "start": 1611308439455,
    "end": 1611308439455,
    "duration": 0,
    "pid": 20000,
    "index": 17
  },
  {
    "name": "Require(14) node_modules/_egg@2.29.1@egg/config/config.default.js",
    "start": 1611308439456,
    "end": 1611308439456,
    "duration": 0,
    "pid": 20000,
    "index": 18
  },
  {
    "name": "Require(15) config/config.default.js",
    "start": 1611308439458,
    "end": 1611308439458,
    "duration": 0,
    "pid": 20000,
    "index": 19
  },
  {
    "name": "Require(16) node_modules/_egg-security@2.8.0@egg-security/config/config.local.js",
    "start": 1611308439459,
    "end": 1611308439459,
    "duration": 0,
    "pid": 20000,
    "index": 20
  },
  {
    "name": "Require(17) node_modules/_egg-watcher@3.1.1@egg-watcher/config/config.local.js",
    "start": 1611308439460,
    "end": 1611308439461,
    "duration": 1,
    "pid": 20000,
    "index": 21
  },
  {
    "name": "Require(18) node_modules/_egg-view@2.1.3@egg-view/config/config.local.js",
    "start": 1611308439462,
    "end": 1611308439463,
    "duration": 1,
    "pid": 20000,
    "index": 22
  },
  {
    "name": "Require(19) node_modules/_egg-view-ejs@2.0.1@egg-view-ejs/config/config.local.js",
    "start": 1611308439463,
    "end": 1611308439464,
    "duration": 1,
    "pid": 20000,
    "index": 23
  },
  {
    "name": "Require(20) node_modules/_egg@2.29.1@egg/config/config.local.js",
    "start": 1611308439464,
    "end": 1611308439464,
    "duration": 0,
    "pid": 20000,
    "index": 24
  },
  {
    "name": "Load extend/application.js",
    "start": 1611308439465,
    "end": 1611308439482,
    "duration": 17,
    "pid": 20000,
    "index": 25
  },
  {
    "name": "Require(21) node_modules/_egg-session@3.2.0@egg-session/app/extend/application.js",
    "start": 1611308439466,
    "end": 1611308439466,
    "duration": 0,
    "pid": 20000,
    "index": 26
  },
  {
    "name": "Require(22) node_modules/_egg-security@2.8.0@egg-security/app/extend/application.js",
    "start": 1611308439467,
    "end": 1611308439468,
    "duration": 1,
    "pid": 20000,
    "index": 27
  },
  {
    "name": "Require(23) node_modules/_egg-jsonp@2.0.0@egg-jsonp/app/extend/application.js",
    "start": 1611308439469,
    "end": 1611308439471,
    "duration": 2,
    "pid": 20000,
    "index": 28
  },
  {
    "name": "Require(24) node_modules/_egg-logrotator@3.1.0@egg-logrotator/app/extend/application.js",
    "start": 1611308439472,
    "end": 1611308439476,
    "duration": 4,
    "pid": 20000,
    "index": 29
  },
  {
    "name": "Require(25) node_modules/_egg-view@2.1.3@egg-view/app/extend/application.js",
    "start": 1611308439476,
    "end": 1611308439479,
    "duration": 3,
    "pid": 20000,
    "index": 30
  },
  {
    "name": "Require(26) app/extend/application.js",
    "start": 1611308439479,
    "end": 1611308439480,
    "duration": 1,
    "pid": 20000,
    "index": 31
  },
  {
    "name": "Load extend/request.js",
    "start": 1611308439482,
    "end": 1611308439490,
    "duration": 8,
    "pid": 20000,
    "index": 32
  },
  {
    "name": "Require(27) node_modules/_egg@2.29.1@egg/app/extend/request.js",
    "start": 1611308439485,
    "end": 1611308439487,
    "duration": 2,
    "pid": 20000,
    "index": 33
  },
  {
    "name": "Require(28) app/extend/request.js",
    "start": 1611308439487,
    "end": 1611308439487,
    "duration": 0,
    "pid": 20000,
    "index": 34
  },
  {
    "name": "Load extend/response.js",
    "start": 1611308439491,
    "end": 1611308439503,
    "duration": 12,
    "pid": 20000,
    "index": 35
  },
  {
    "name": "Require(29) node_modules/_egg@2.29.1@egg/app/extend/response.js",
    "start": 1611308439496,
    "end": 1611308439499,
    "duration": 3,
    "pid": 20000,
    "index": 36
  },
  {
    "name": "Load extend/context.js",
    "start": 1611308439503,
    "end": 1611308439591,
    "duration": 88,
    "pid": 20000,
    "index": 37
  },
  {
    "name": "Require(30) node_modules/_egg-security@2.8.0@egg-security/app/extend/context.js",
    "start": 1611308439504,
    "end": 1611308439521,
    "duration": 17,
    "pid": 20000,
    "index": 38
  },
  {
    "name": "Require(31) node_modules/_egg-jsonp@2.0.0@egg-jsonp/app/extend/context.js",
    "start": 1611308439522,
    "end": 1611308439524,
    "duration": 2,
    "pid": 20000,
    "index": 39
  },
  {
    "name": "Require(32) node_modules/_egg-i18n@2.1.1@egg-i18n/app/extend/context.js",
    "start": 1611308439525,
    "end": 1611308439525,
    "duration": 0,
    "pid": 20000,
    "index": 40
  },
  {
    "name": "Require(33) node_modules/_egg-multipart@2.10.3@egg-multipart/app/extend/context.js",
    "start": 1611308439526,
    "end": 1611308439583,
    "duration": 57,
    "pid": 20000,
    "index": 41
  },
  {
    "name": "Require(34) node_modules/_egg-view@2.1.3@egg-view/app/extend/context.js",
    "start": 1611308439584,
    "end": 1611308439585,
    "duration": 1,
    "pid": 20000,
    "index": 42
  },
  {
    "name": "Require(35) node_modules/_egg@2.29.1@egg/app/extend/context.js",
    "start": 1611308439586,
    "end": 1611308439588,
    "duration": 2,
    "pid": 20000,
    "index": 43
  },
  {
    "name": "Require(36) app/extend/context.js",
    "start": 1611308439588,
    "end": 1611308439588,
    "duration": 0,
    "pid": 20000,
    "index": 44
  },
  {
    "name": "Load extend/helper.js",
    "start": 1611308439591,
    "end": 1611308439615,
    "duration": 24,
    "pid": 20000,
    "index": 45
  },
  {
    "name": "Require(37) node_modules/_egg-security@2.8.0@egg-security/app/extend/helper.js",
    "start": 1611308439592,
    "end": 1611308439608,
    "duration": 16,
    "pid": 20000,
    "index": 46
  },
  {
    "name": "Require(38) node_modules/_egg@2.29.1@egg/app/extend/helper.js",
    "start": 1611308439610,
    "end": 1611308439611,
    "duration": 1,
    "pid": 20000,
    "index": 47
  },
  {
    "name": "Require(39) app/extend/helper.js",
    "start": 1611308439611,
    "end": 1611308439613,
    "duration": 2,
    "pid": 20000,
    "index": 48
  },
  {
    "name": "Load app.js",
    "start": 1611308439616,
    "end": 1611308439654,
    "duration": 38,
    "pid": 20000,
    "index": 49
  },
  {
    "name": "Require(40) node_modules/_egg-session@3.2.0@egg-session/app.js",
    "start": 1611308439616,
    "end": 1611308439616,
    "duration": 0,
    "pid": 20000,
    "index": 50
  },
  {
    "name": "Require(41) node_modules/_egg-security@2.8.0@egg-security/app.js",
    "start": 1611308439617,
    "end": 1611308439618,
    "duration": 1,
    "pid": 20000,
    "index": 51
  },
  {
    "name": "Require(42) node_modules/_egg-onerror@2.1.0@egg-onerror/app.js",
    "start": 1611308439619,
    "end": 1611308439631,
    "duration": 12,
    "pid": 20000,
    "index": 52
  },
  {
    "name": "Require(43) node_modules/_egg-i18n@2.1.1@egg-i18n/app.js",
    "start": 1611308439631,
    "end": 1611308439639,
    "duration": 8,
    "pid": 20000,
    "index": 53
  },
  {
    "name": "Require(44) node_modules/_egg-watcher@3.1.1@egg-watcher/app.js",
    "start": 1611308439640,
    "end": 1611308439644,
    "duration": 4,
    "pid": 20000,
    "index": 54
  },
  {
    "name": "Require(45) node_modules/_egg-schedule@3.6.6@egg-schedule/app.js",
    "start": 1611308439645,
    "end": 1611308439647,
    "duration": 2,
    "pid": 20000,
    "index": 55
  },
  {
    "name": "Require(46) node_modules/_egg-multipart@2.10.3@egg-multipart/app.js",
    "start": 1611308439648,
    "end": 1611308439648,
    "duration": 0,
    "pid": 20000,
    "index": 56
  },
  {
    "name": "Require(47) node_modules/_egg-development@2.7.0@egg-development/app.js",
    "start": 1611308439649,
    "end": 1611308439649,
    "duration": 0,
    "pid": 20000,
    "index": 57
  },
  {
    "name": "Require(48) node_modules/_egg-logrotator@3.1.0@egg-logrotator/app.js",
    "start": 1611308439649,
    "end": 1611308439650,
    "duration": 1,
    "pid": 20000,
    "index": 58
  },
  {
    "name": "Require(49) node_modules/_egg-static@2.2.0@egg-static/app.js",
    "start": 1611308439650,
    "end": 1611308439650,
    "duration": 0,
    "pid": 20000,
    "index": 59
  },
  {
    "name": "Require(50) node_modules/_egg-view-ejs@2.0.1@egg-view-ejs/app.js",
    "start": 1611308439651,
    "end": 1611308439653,
    "duration": 2,
    "pid": 20000,
    "index": 60
  },
  {
    "name": "Before Start in node_modules/_egg-watcher@3.1.1@egg-watcher/lib/init.js:15:14",
    "start": 1611308439667,
    "end": 1611308439863,
    "duration": 196,
    "pid": 20000,
    "index": 61
  },
  {
    "name": "Load Service",
    "start": 1611308439701,
    "end": 1611308439706,
    "duration": 5,
    "pid": 20000,
    "index": 62
  },
  {
    "name": "Load \"service\" to Context",
    "start": 1611308439701,
    "end": 1611308439706,
    "duration": 5,
    "pid": 20000,
    "index": 63
  },
  {
    "name": "Load Middleware",
    "start": 1611308439706,
    "end": 1611308439844,
    "duration": 138,
    "pid": 20000,
    "index": 64
  },
  {
    "name": "Load \"middlewares\" to Application",
    "start": 1611308439706,
    "end": 1611308439823,
    "duration": 117,
    "pid": 20000,
    "index": 65
  },
  {
    "name": "Load Controller",
    "start": 1611308439844,
    "end": 1611308439846,
    "duration": 2,
    "pid": 20000,
    "index": 66
  },
  {
    "name": "Load \"controller\" to Application",
    "start": 1611308439844,
    "end": 1611308439846,
    "duration": 2,
    "pid": 20000,
    "index": 67
  },
  {
    "name": "Load Router",
    "start": 1611308439846,
    "end": 1611308439848,
    "duration": 2,
    "pid": 20000,
    "index": 68
  },
  {
    "name": "Require(51) app/router.js",
    "start": 1611308439847,
    "end": 1611308439847,
    "duration": 0,
    "pid": 20000,
    "index": 69
  },
  {
    "name": "Before Start in node_modules/_egg-core@4.20.0@egg-core/lib/egg.js:303:10",
    "start": 1611308439847,
    "end": 1611308439855,
    "duration": 8,
    "pid": 20000,
    "index": 70
  }
]