[
  {
    "name": "Process Start",
    "start": 1611308141093,
    "end": 1611308142259,
    "duration": 1166,
    "pid": 7900,
    "index": 0
  },
  {
    "name": "Application Start",
    "start": 1611308142259,
    "end": 1611308142687,
    "duration": 428,
    "pid": 7900,
    "index": 1
  },
  {
    "name": "Load Plugin",
    "start": 1611308142265,
    "end": 1611308142285,
    "duration": 20,
    "pid": 7900,
    "index": 2
  },
  {
    "name": "Load Config",
    "start": 1611308142285,
    "end": 1611308142309,
    "duration": 24,
    "pid": 7900,
    "index": 3
  },
  {
    "name": "Require(0) config/config.default.js",
    "start": 1611308142286,
    "end": 1611308142286,
    "duration": 0,
    "pid": 7900,
    "index": 4
  },
  {
    "name": "Require(1) node_modules/_egg-session@3.2.0@egg-session/config/config.default.js",
    "start": 1611308142287,
    "end": 1611308142288,
    "duration": 1,
    "pid": 7900,
    "index": 5
  },
  {
    "name": "Require(2) node_modules/_egg-security@2.8.0@egg-security/config/config.default.js",
    "start": 1611308142288,
    "end": 1611308142289,
    "duration": 1,
    "pid": 7900,
    "index": 6
  },
  {
    "name": "Require(3) node_modules/_egg-jsonp@2.0.0@egg-jsonp/config/config.default.js",
    "start": 1611308142290,
    "end": 1611308142290,
    "duration": 0,
    "pid": 7900,
    "index": 7
  },
  {
    "name": "Require(4) node_modules/_egg-onerror@2.1.0@egg-onerror/config/config.default.js",
    "start": 1611308142291,
    "end": 1611308142291,
    "duration": 0,
    "pid": 7900,
    "index": 8
  },
  {
    "name": "Require(5) node_modules/_egg-i18n@2.1.1@egg-i18n/config/config.default.js",
    "start": 1611308142292,
    "end": 1611308142292,
    "duration": 0,
    "pid": 7900,
    "index": 9
  },
  {
    "name": "Require(6) node_modules/_egg-watcher@3.1.1@egg-watcher/config/config.default.js",
    "start": 1611308142293,
    "end": 1611308142293,
    "duration": 0,
    "pid": 7900,
    "index": 10
  },
  {
    "name": "Require(7) node_modules/_egg-schedule@3.6.6@egg-schedule/config/config.default.js",
    "start": 1611308142294,
    "end": 1611308142294,
    "duration": 0,
    "pid": 7900,
    "index": 11
  },
  {
    "name": "Require(8) node_modules/_egg-multipart@2.10.3@egg-multipart/config/config.default.js",
    "start": 1611308142294,
    "end": 1611308142295,
    "duration": 1,
    "pid": 7900,
    "index": 12
  },
  {
    "name": "Require(9) node_modules/_egg-development@2.7.0@egg-development/config/config.default.js",
    "start": 1611308142297,
    "end": 1611308142298,
    "duration": 1,
    "pid": 7900,
    "index": 13
  },
  {
    "name": "Require(10) node_modules/_egg-logrotator@3.1.0@egg-logrotator/config/config.default.js",
    "start": 1611308142298,
    "end": 1611308142299,
    "duration": 1,
    "pid": 7900,
    "index": 14
  },
  {
    "name": "Require(11) node_modules/_egg-static@2.2.0@egg-static/config/config.default.js",
    "start": 1611308142299,
    "end": 1611308142300,
    "duration": 1,
    "pid": 7900,
    "index": 15
  },
  {
    "name": "Require(12) node_modules/_egg-view@2.1.3@egg-view/config/config.default.js",
    "start": 1611308142300,
    "end": 1611308142301,
    "duration": 1,
    "pid": 7900,
    "index": 16
  },
  {
    "name": "Require(13) node_modules/_egg-view-ejs@2.0.1@egg-view-ejs/config/config.default.js",
    "start": 1611308142301,
    "end": 1611308142302,
    "duration": 1,
    "pid": 7900,
    "index": 17
  },
  {
    "name": "Require(14) node_modules/_egg@2.29.1@egg/config/config.default.js",
    "start": 1611308142302,
    "end": 1611308142302,
    "duration": 0,
    "pid": 7900,
    "index": 18
  },
  {
    "name": "Require(15) config/config.default.js",
    "start": 1611308142304,
    "end": 1611308142304,
    "duration": 0,
    "pid": 7900,
    "index": 19
  },
  {
    "name": "Require(16) node_modules/_egg-security@2.8.0@egg-security/config/config.local.js",
    "start": 1611308142304,
    "end": 1611308142304,
    "duration": 0,
    "pid": 7900,
    "index": 20
  },
  {
    "name": "Require(17) node_modules/_egg-watcher@3.1.1@egg-watcher/config/config.local.js",
    "start": 1611308142305,
    "end": 1611308142306,
    "duration": 1,
    "pid": 7900,
    "index": 21
  },
  {
    "name": "Require(18) node_modules/_egg-view@2.1.3@egg-view/config/config.local.js",
    "start": 1611308142307,
    "end": 1611308142307,
    "duration": 0,
    "pid": 7900,
    "index": 22
  },
  {
    "name": "Require(19) node_modules/_egg-view-ejs@2.0.1@egg-view-ejs/config/config.local.js",
    "start": 1611308142308,
    "end": 1611308142308,
    "duration": 0,
    "pid": 7900,
    "index": 23
  },
  {
    "name": "Require(20) node_modules/_egg@2.29.1@egg/config/config.local.js",
    "start": 1611308142308,
    "end": 1611308142309,
    "duration": 1,
    "pid": 7900,
    "index": 24
  },
  {
    "name": "Load extend/application.js",
    "start": 1611308142310,
    "end": 1611308142329,
    "duration": 19,
    "pid": 7900,
    "index": 25
  },
  {
    "name": "Require(21) node_modules/_egg-session@3.2.0@egg-session/app/extend/application.js",
    "start": 1611308142310,
    "end": 1611308142311,
    "duration": 1,
    "pid": 7900,
    "index": 26
  },
  {
    "name": "Require(22) node_modules/_egg-security@2.8.0@egg-security/app/extend/application.js",
    "start": 1611308142311,
    "end": 1611308142314,
    "duration": 3,
    "pid": 7900,
    "index": 27
  },
  {
    "name": "Require(23) node_modules/_egg-jsonp@2.0.0@egg-jsonp/app/extend/application.js",
    "start": 1611308142315,
    "end": 1611308142317,
    "duration": 2,
    "pid": 7900,
    "index": 28
  },
  {
    "name": "Require(24) node_modules/_egg-logrotator@3.1.0@egg-logrotator/app/extend/application.js",
    "start": 1611308142319,
    "end": 1611308142322,
    "duration": 3,
    "pid": 7900,
    "index": 29
  },
  {
    "name": "Require(25) node_modules/_egg-view@2.1.3@egg-view/app/extend/application.js",
    "start": 1611308142323,
    "end": 1611308142325,
    "duration": 2,
    "pid": 7900,
    "index": 30
  },
  {
    "name": "Require(26) app/extend/application.js",
    "start": 1611308142326,
    "end": 1611308142326,
    "duration": 0,
    "pid": 7900,
    "index": 31
  },
  {
    "name": "Load extend/request.js",
    "start": 1611308142329,
    "end": 1611308142339,
    "duration": 10,
    "pid": 7900,
    "index": 32
  },
  {
    "name": "Require(27) node_modules/_egg@2.29.1@egg/app/extend/request.js",
    "start": 1611308142332,
    "end": 1611308142334,
    "duration": 2,
    "pid": 7900,
    "index": 33
  },
  {
    "name": "Require(28) app/extend/request.js",
    "start": 1611308142334,
    "end": 1611308142334,
    "duration": 0,
    "pid": 7900,
    "index": 34
  },
  {
    "name": "Load extend/response.js",
    "start": 1611308142339,
    "end": 1611308142347,
    "duration": 8,
    "pid": 7900,
    "index": 35
  },
  {
    "name": "Require(29) node_modules/_egg@2.29.1@egg/app/extend/response.js",
    "start": 1611308142341,
    "end": 1611308142343,
    "duration": 2,
    "pid": 7900,
    "index": 36
  },
  {
    "name": "Load extend/context.js",
    "start": 1611308142348,
    "end": 1611308142427,
    "duration": 79,
    "pid": 7900,
    "index": 37
  },
  {
    "name": "Require(30) node_modules/_egg-security@2.8.0@egg-security/app/extend/context.js",
    "start": 1611308142348,
    "end": 1611308142364,
    "duration": 16,
    "pid": 7900,
    "index": 38
  },
  {
    "name": "Require(31) node_modules/_egg-jsonp@2.0.0@egg-jsonp/app/extend/context.js",
    "start": 1611308142365,
    "end": 1611308142366,
    "duration": 1,
    "pid": 7900,
    "index": 39
  },
  {
    "name": "Require(32) node_modules/_egg-i18n@2.1.1@egg-i18n/app/extend/context.js",
    "start": 1611308142367,
    "end": 1611308142367,
    "duration": 0,
    "pid": 7900,
    "index": 40
  },
  {
    "name": "Require(33) node_modules/_egg-multipart@2.10.3@egg-multipart/app/extend/context.js",
    "start": 1611308142368,
    "end": 1611308142419,
    "duration": 51,
    "pid": 7900,
    "index": 41
  },
  {
    "name": "Require(34) node_modules/_egg-view@2.1.3@egg-view/app/extend/context.js",
    "start": 1611308142420,
    "end": 1611308142421,
    "duration": 1,
    "pid": 7900,
    "index": 42
  },
  {
    "name": "Require(35) node_modules/_egg@2.29.1@egg/app/extend/context.js",
    "start": 1611308142421,
    "end": 1611308142423,
    "duration": 2,
    "pid": 7900,
    "index": 43
  },
  {
    "name": "Require(36) app/extend/context.js",
    "start": 1611308142423,
    "end": 1611308142424,
    "duration": 1,
    "pid": 7900,
    "index": 44
  },
  {
    "name": "Load extend/helper.js",
    "start": 1611308142427,
    "end": 1611308142454,
    "duration": 27,
    "pid": 7900,
    "index": 45
  },
  {
    "name": "Require(37) node_modules/_egg-security@2.8.0@egg-security/app/extend/helper.js",
    "start": 1611308142427,
    "end": 1611308142446,
    "duration": 19,
    "pid": 7900,
    "index": 46
  },
  {
    "name": "Require(38) node_modules/_egg@2.29.1@egg/app/extend/helper.js",
    "start": 1611308142448,
    "end": 1611308142448,
    "duration": 0,
    "pid": 7900,
    "index": 47
  },
  {
    "name": "Require(39) app/extend/helper.js",
    "start": 1611308142449,
    "end": 1611308142451,
    "duration": 2,
    "pid": 7900,
    "index": 48
  },
  {
    "name": "Load app.js",
    "start": 1611308142454,
    "end": 1611308142489,
    "duration": 35,
    "pid": 7900,
    "index": 49
  },
  {
    "name": "Require(40) node_modules/_egg-session@3.2.0@egg-session/app.js",
    "start": 1611308142454,
    "end": 1611308142454,
    "duration": 0,
    "pid": 7900,
    "index": 50
  },
  {
    "name": "Require(41) node_modules/_egg-security@2.8.0@egg-security/app.js",
    "start": 1611308142455,
    "end": 1611308142457,
    "duration": 2,
    "pid": 7900,
    "index": 51
  },
  {
    "name": "Require(42) node_modules/_egg-onerror@2.1.0@egg-onerror/app.js",
    "start": 1611308142458,
    "end": 1611308142469,
    "duration": 11,
    "pid": 7900,
    "index": 52
  },
  {
    "name": "Require(43) node_modules/_egg-i18n@2.1.1@egg-i18n/app.js",
    "start": 1611308142469,
    "end": 1611308142477,
    "duration": 8,
    "pid": 7900,
    "index": 53
  },
  {
    "name": "Require(44) node_modules/_egg-watcher@3.1.1@egg-watcher/app.js",
    "start": 1611308142477,
    "end": 1611308142482,
    "duration": 5,
    "pid": 7900,
    "index": 54
  },
  {
    "name": "Require(45) node_modules/_egg-schedule@3.6.6@egg-schedule/app.js",
    "start": 1611308142482,
    "end": 1611308142484,
    "duration": 2,
    "pid": 7900,
    "index": 55
  },
  {
    "name": "Require(46) node_modules/_egg-multipart@2.10.3@egg-multipart/app.js",
    "start": 1611308142484,
    "end": 1611308142485,
    "duration": 1,
    "pid": 7900,
    "index": 56
  },
  {
    "name": "Require(47) node_modules/_egg-development@2.7.0@egg-development/app.js",
    "start": 1611308142485,
    "end": 1611308142486,
    "duration": 1,
    "pid": 7900,
    "index": 57
  },
  {
    "name": "Require(48) node_modules/_egg-logrotator@3.1.0@egg-logrotator/app.js",
    "start": 1611308142486,
    "end": 1611308142486,
    "duration": 0,
    "pid": 7900,
    "index": 58
  },
  {
    "name": "Require(49) node_modules/_egg-static@2.2.0@egg-static/app.js",
    "start": 1611308142486,
    "end": 1611308142487,
    "duration": 1,
    "pid": 7900,
    "index": 59
  },
  {
    "name": "Require(50) node_modules/_egg-view-ejs@2.0.1@egg-view-ejs/app.js",
    "start": 1611308142487,
    "end": 1611308142488,
    "duration": 1,
    "pid": 7900,
    "index": 60
  },
  {
    "name": "Before Start in node_modules/_egg-watcher@3.1.1@egg-watcher/lib/init.js:15:14",
    "start": 1611308142498,
    "end": 1611308142687,
    "duration": 189,
    "pid": 7900,
    "index": 61
  },
  {
    "name": "Load Service",
    "start": 1611308142530,
    "end": 1611308142539,
    "duration": 9,
    "pid": 7900,
    "index": 62
  },
  {
    "name": "Load \"service\" to Context",
    "start": 1611308142530,
    "end": 1611308142539,
    "duration": 9,
    "pid": 7900,
    "index": 63
  },
  {
    "name": "Load Middleware",
    "start": 1611308142540,
    "end": 1611308142668,
    "duration": 128,
    "pid": 7900,
    "index": 64
  },
  {
    "name": "Load \"middlewares\" to Application",
    "start": 1611308142540,
    "end": 1611308142649,
    "duration": 109,
    "pid": 7900,
    "index": 65
  },
  {
    "name": "Load Controller",
    "start": 1611308142668,
    "end": 1611308142671,
    "duration": 3,
    "pid": 7900,
    "index": 66
  },
  {
    "name": "Load \"controller\" to Application",
    "start": 1611308142668,
    "end": 1611308142671,
    "duration": 3,
    "pid": 7900,
    "index": 67
  },
  {
    "name": "Load Router",
    "start": 1611308142671,
    "end": 1611308142673,
    "duration": 2,
    "pid": 7900,
    "index": 68
  },
  {
    "name": "Require(51) app/router.js",
    "start": 1611308142672,
    "end": 1611308142672,
    "duration": 0,
    "pid": 7900,
    "index": 69
  },
  {
    "name": "Before Start in node_modules/_egg-core@4.20.0@egg-core/lib/egg.js:303:10",
    "start": 1611308142672,
    "end": 1611308142680,
    "duration": 8,
    "pid": 7900,
    "index": 70
  }
]