[
  {
    "name": "Process Start",
    "start": 1611308450883,
    "end": 1611308452043,
    "duration": 1160,
    "pid": 13532,
    "index": 0
  },
  {
    "name": "Application Start",
    "start": 1611308452043,
    "end": 1611308452469,
    "duration": 426,
    "pid": 13532,
    "index": 1
  },
  {
    "name": "Load Plugin",
    "start": 1611308452047,
    "end": 1611308452065,
    "duration": 18,
    "pid": 13532,
    "index": 2
  },
  {
    "name": "Load Config",
    "start": 1611308452065,
    "end": 1611308452085,
    "duration": 20,
    "pid": 13532,
    "index": 3
  },
  {
    "name": "Require(0) config/config.default.js",
    "start": 1611308452066,
    "end": 1611308452067,
    "duration": 1,
    "pid": 13532,
    "index": 4
  },
  {
    "name": "Require(1) node_modules/_egg-session@3.2.0@egg-session/config/config.default.js",
    "start": 1611308452068,
    "end": 1611308452069,
    "duration": 1,
    "pid": 13532,
    "index": 5
  },
  {
    "name": "Require(2) node_modules/_egg-security@2.8.0@egg-security/config/config.default.js",
    "start": 1611308452069,
    "end": 1611308452069,
    "duration": 0,
    "pid": 13532,
    "index": 6
  },
  {
    "name": "Require(3) node_modules/_egg-jsonp@2.0.0@egg-jsonp/config/config.default.js",
    "start": 1611308452070,
    "end": 1611308452071,
    "duration": 1,
    "pid": 13532,
    "index": 7
  },
  {
    "name": "Require(4) node_modules/_egg-onerror@2.1.0@egg-onerror/config/config.default.js",
    "start": 1611308452071,
    "end": 1611308452071,
    "duration": 0,
    "pid": 13532,
    "index": 8
  },
  {
    "name": "Require(5) node_modules/_egg-i18n@2.1.1@egg-i18n/config/config.default.js",
    "start": 1611308452072,
    "end": 1611308452072,
    "duration": 0,
    "pid": 13532,
    "index": 9
  },
  {
    "name": "Require(6) node_modules/_egg-watcher@3.1.1@egg-watcher/config/config.default.js",
    "start": 1611308452073,
    "end": 1611308452073,
    "duration": 0,
    "pid": 13532,
    "index": 10
  },
  {
    "name": "Require(7) node_modules/_egg-schedule@3.6.6@egg-schedule/config/config.default.js",
    "start": 1611308452074,
    "end": 1611308452074,
    "duration": 0,
    "pid": 13532,
    "index": 11
  },
  {
    "name": "Require(8) node_modules/_egg-multipart@2.10.3@egg-multipart/config/config.default.js",
    "start": 1611308452074,
    "end": 1611308452075,
    "duration": 1,
    "pid": 13532,
    "index": 12
  },
  {
    "name": "Require(9) node_modules/_egg-development@2.7.0@egg-development/config/config.default.js",
    "start": 1611308452075,
    "end": 1611308452076,
    "duration": 1,
    "pid": 13532,
    "index": 13
  },
  {
    "name": "Require(10) node_modules/_egg-logrotator@3.1.0@egg-logrotator/config/config.default.js",
    "start": 1611308452076,
    "end": 1611308452077,
    "duration": 1,
    "pid": 13532,
    "index": 14
  },
  {
    "name": "Require(11) node_modules/_egg-static@2.2.0@egg-static/config/config.default.js",
    "start": 1611308452077,
    "end": 1611308452077,
    "duration": 0,
    "pid": 13532,
    "index": 15
  },
  {
    "name": "Require(12) node_modules/_egg-view@2.1.3@egg-view/config/config.default.js",
    "start": 1611308452078,
    "end": 1611308452078,
    "duration": 0,
    "pid": 13532,
    "index": 16
  },
  {
    "name": "Require(13) node_modules/_egg-view-ejs@2.0.1@egg-view-ejs/config/config.default.js",
    "start": 1611308452079,
    "end": 1611308452079,
    "duration": 0,
    "pid": 13532,
    "index": 17
  },
  {
    "name": "Require(14) node_modules/_egg@2.29.1@egg/config/config.default.js",
    "start": 1611308452079,
    "end": 1611308452080,
    "duration": 1,
    "pid": 13532,
    "index": 18
  },
  {
    "name": "Require(15) config/config.default.js",
    "start": 1611308452081,
    "end": 1611308452081,
    "duration": 0,
    "pid": 13532,
    "index": 19
  },
  {
    "name": "Require(16) node_modules/_egg-security@2.8.0@egg-security/config/config.local.js",
    "start": 1611308452081,
    "end": 1611308452081,
    "duration": 0,
    "pid": 13532,
    "index": 20
  },
  {
    "name": "Require(17) node_modules/_egg-watcher@3.1.1@egg-watcher/config/config.local.js",
    "start": 1611308452082,
    "end": 1611308452082,
    "duration": 0,
    "pid": 13532,
    "index": 21
  },
  {
    "name": "Require(18) node_modules/_egg-view@2.1.3@egg-view/config/config.local.js",
    "start": 1611308452084,
    "end": 1611308452084,
    "duration": 0,
    "pid": 13532,
    "index": 22
  },
  {
    "name": "Require(19) node_modules/_egg-view-ejs@2.0.1@egg-view-ejs/config/config.local.js",
    "start": 1611308452084,
    "end": 1611308452084,
    "duration": 0,
    "pid": 13532,
    "index": 23
  },
  {
    "name": "Require(20) node_modules/_egg@2.29.1@egg/config/config.local.js",
    "start": 1611308452085,
    "end": 1611308452085,
    "duration": 0,
    "pid": 13532,
    "index": 24
  },
  {
    "name": "Load extend/application.js",
    "start": 1611308452086,
    "end": 1611308452103,
    "duration": 17,
    "pid": 13532,
    "index": 25
  },
  {
    "name": "Require(21) node_modules/_egg-session@3.2.0@egg-session/app/extend/application.js",
    "start": 1611308452087,
    "end": 1611308452087,
    "duration": 0,
    "pid": 13532,
    "index": 26
  },
  {
    "name": "Require(22) node_modules/_egg-security@2.8.0@egg-security/app/extend/application.js",
    "start": 1611308452087,
    "end": 1611308452088,
    "duration": 1,
    "pid": 13532,
    "index": 27
  },
  {
    "name": "Require(23) node_modules/_egg-jsonp@2.0.0@egg-jsonp/app/extend/application.js",
    "start": 1611308452089,
    "end": 1611308452091,
    "duration": 2,
    "pid": 13532,
    "index": 28
  },
  {
    "name": "Require(24) node_modules/_egg-logrotator@3.1.0@egg-logrotator/app/extend/application.js",
    "start": 1611308452093,
    "end": 1611308452095,
    "duration": 2,
    "pid": 13532,
    "index": 29
  },
  {
    "name": "Require(25) node_modules/_egg-view@2.1.3@egg-view/app/extend/application.js",
    "start": 1611308452096,
    "end": 1611308452098,
    "duration": 2,
    "pid": 13532,
    "index": 30
  },
  {
    "name": "Require(26) app/extend/application.js",
    "start": 1611308452099,
    "end": 1611308452100,
    "duration": 1,
    "pid": 13532,
    "index": 31
  },
  {
    "name": "Load extend/request.js",
    "start": 1611308452103,
    "end": 1611308452111,
    "duration": 8,
    "pid": 13532,
    "index": 32
  },
  {
    "name": "Require(27) node_modules/_egg@2.29.1@egg/app/extend/request.js",
    "start": 1611308452106,
    "end": 1611308452107,
    "duration": 1,
    "pid": 13532,
    "index": 33
  },
  {
    "name": "Require(28) app/extend/request.js",
    "start": 1611308452108,
    "end": 1611308452108,
    "duration": 0,
    "pid": 13532,
    "index": 34
  },
  {
    "name": "Load extend/response.js",
    "start": 1611308452111,
    "end": 1611308452122,
    "duration": 11,
    "pid": 13532,
    "index": 35
  },
  {
    "name": "Require(29) node_modules/_egg@2.29.1@egg/app/extend/response.js",
    "start": 1611308452115,
    "end": 1611308452118,
    "duration": 3,
    "pid": 13532,
    "index": 36
  },
  {
    "name": "Load extend/context.js",
    "start": 1611308452122,
    "end": 1611308452205,
    "duration": 83,
    "pid": 13532,
    "index": 37
  },
  {
    "name": "Require(30) node_modules/_egg-security@2.8.0@egg-security/app/extend/context.js",
    "start": 1611308452122,
    "end": 1611308452138,
    "duration": 16,
    "pid": 13532,
    "index": 38
  },
  {
    "name": "Require(31) node_modules/_egg-jsonp@2.0.0@egg-jsonp/app/extend/context.js",
    "start": 1611308452139,
    "end": 1611308452141,
    "duration": 2,
    "pid": 13532,
    "index": 39
  },
  {
    "name": "Require(32) node_modules/_egg-i18n@2.1.1@egg-i18n/app/extend/context.js",
    "start": 1611308452141,
    "end": 1611308452142,
    "duration": 1,
    "pid": 13532,
    "index": 40
  },
  {
    "name": "Require(33) node_modules/_egg-multipart@2.10.3@egg-multipart/app/extend/context.js",
    "start": 1611308452143,
    "end": 1611308452197,
    "duration": 54,
    "pid": 13532,
    "index": 41
  },
  {
    "name": "Require(34) node_modules/_egg-view@2.1.3@egg-view/app/extend/context.js",
    "start": 1611308452198,
    "end": 1611308452199,
    "duration": 1,
    "pid": 13532,
    "index": 42
  },
  {
    "name": "Require(35) node_modules/_egg@2.29.1@egg/app/extend/context.js",
    "start": 1611308452200,
    "end": 1611308452202,
    "duration": 2,
    "pid": 13532,
    "index": 43
  },
  {
    "name": "Require(36) app/extend/context.js",
    "start": 1611308452202,
    "end": 1611308452202,
    "duration": 0,
    "pid": 13532,
    "index": 44
  },
  {
    "name": "Load extend/helper.js",
    "start": 1611308452205,
    "end": 1611308452232,
    "duration": 27,
    "pid": 13532,
    "index": 45
  },
  {
    "name": "Require(37) node_modules/_egg-security@2.8.0@egg-security/app/extend/helper.js",
    "start": 1611308452206,
    "end": 1611308452224,
    "duration": 18,
    "pid": 13532,
    "index": 46
  },
  {
    "name": "Require(38) node_modules/_egg@2.29.1@egg/app/extend/helper.js",
    "start": 1611308452226,
    "end": 1611308452227,
    "duration": 1,
    "pid": 13532,
    "index": 47
  },
  {
    "name": "Require(39) app/extend/helper.js",
    "start": 1611308452227,
    "end": 1611308452229,
    "duration": 2,
    "pid": 13532,
    "index": 48
  },
  {
    "name": "Load app.js",
    "start": 1611308452232,
    "end": 1611308452269,
    "duration": 37,
    "pid": 13532,
    "index": 49
  },
  {
    "name": "Require(40) node_modules/_egg-session@3.2.0@egg-session/app.js",
    "start": 1611308452233,
    "end": 1611308452233,
    "duration": 0,
    "pid": 13532,
    "index": 50
  },
  {
    "name": "Require(41) node_modules/_egg-security@2.8.0@egg-security/app.js",
    "start": 1611308452234,
    "end": 1611308452236,
    "duration": 2,
    "pid": 13532,
    "index": 51
  },
  {
    "name": "Require(42) node_modules/_egg-onerror@2.1.0@egg-onerror/app.js",
    "start": 1611308452237,
    "end": 1611308452249,
    "duration": 12,
    "pid": 13532,
    "index": 52
  },
  {
    "name": "Require(43) node_modules/_egg-i18n@2.1.1@egg-i18n/app.js",
    "start": 1611308452249,
    "end": 1611308452257,
    "duration": 8,
    "pid": 13532,
    "index": 53
  },
  {
    "name": "Require(44) node_modules/_egg-watcher@3.1.1@egg-watcher/app.js",
    "start": 1611308452258,
    "end": 1611308452261,
    "duration": 3,
    "pid": 13532,
    "index": 54
  },
  {
    "name": "Require(45) node_modules/_egg-schedule@3.6.6@egg-schedule/app.js",
    "start": 1611308452262,
    "end": 1611308452264,
    "duration": 2,
    "pid": 13532,
    "index": 55
  },
  {
    "name": "Require(46) node_modules/_egg-multipart@2.10.3@egg-multipart/app.js",
    "start": 1611308452264,
    "end": 1611308452264,
    "duration": 0,
    "pid": 13532,
    "index": 56
  },
  {
    "name": "Require(47) node_modules/_egg-development@2.7.0@egg-development/app.js",
    "start": 1611308452265,
    "end": 1611308452265,
    "duration": 0,
    "pid": 13532,
    "index": 57
  },
  {
    "name": "Require(48) node_modules/_egg-logrotator@3.1.0@egg-logrotator/app.js",
    "start": 1611308452265,
    "end": 1611308452265,
    "duration": 0,
    "pid": 13532,
    "index": 58
  },
  {
    "name": "Require(49) node_modules/_egg-static@2.2.0@egg-static/app.js",
    "start": 1611308452266,
    "end": 1611308452266,
    "duration": 0,
    "pid": 13532,
    "index": 59
  },
  {
    "name": "Require(50) node_modules/_egg-view-ejs@2.0.1@egg-view-ejs/app.js",
    "start": 1611308452266,
    "end": 1611308452268,
    "duration": 2,
    "pid": 13532,
    "index": 60
  },
  {
    "name": "Before Start in node_modules/_egg-watcher@3.1.1@egg-watcher/lib/init.js:15:14",
    "start": 1611308452277,
    "end": 1611308452469,
    "duration": 192,
    "pid": 13532,
    "index": 61
  },
  {
    "name": "Load Service",
    "start": 1611308452307,
    "end": 1611308452313,
    "duration": 6,
    "pid": 13532,
    "index": 62
  },
  {
    "name": "Load \"service\" to Context",
    "start": 1611308452307,
    "end": 1611308452313,
    "duration": 6,
    "pid": 13532,
    "index": 63
  },
  {
    "name": "Load Middleware",
    "start": 1611308452313,
    "end": 1611308452451,
    "duration": 138,
    "pid": 13532,
    "index": 64
  },
  {
    "name": "Load \"middlewares\" to Application",
    "start": 1611308452313,
    "end": 1611308452432,
    "duration": 119,
    "pid": 13532,
    "index": 65
  },
  {
    "name": "Load Controller",
    "start": 1611308452451,
    "end": 1611308452454,
    "duration": 3,
    "pid": 13532,
    "index": 66
  },
  {
    "name": "Load \"controller\" to Application",
    "start": 1611308452451,
    "end": 1611308452454,
    "duration": 3,
    "pid": 13532,
    "index": 67
  },
  {
    "name": "Load Router",
    "start": 1611308452454,
    "end": 1611308452456,
    "duration": 2,
    "pid": 13532,
    "index": 68
  },
  {
    "name": "Require(51) app/router.js",
    "start": 1611308452454,
    "end": 1611308452454,
    "duration": 0,
    "pid": 13532,
    "index": 69
  },
  {
    "name": "Before Start in node_modules/_egg-core@4.20.0@egg-core/lib/egg.js:303:10",
    "start": 1611308452455,
    "end": 1611308452463,
    "duration": 8,
    "pid": 13532,
    "index": 70
  }
]