[
  {
    "name": "Process Start",
    "start": 1611308471063,
    "end": 1611308472300,
    "duration": 1237,
    "pid": 9428,
    "index": 0
  },
  {
    "name": "Application Start",
    "start": 1611308472301,
    "end": 1611308472745,
    "duration": 444,
    "pid": 9428,
    "index": 1
  },
  {
    "name": "Load Plugin",
    "start": 1611308472309,
    "end": 1611308472332,
    "duration": 23,
    "pid": 9428,
    "index": 2
  },
  {
    "name": "Load Config",
    "start": 1611308472332,
    "end": 1611308472361,
    "duration": 29,
    "pid": 9428,
    "index": 3
  },
  {
    "name": "Require(0) config/config.default.js",
    "start": 1611308472333,
    "end": 1611308472333,
    "duration": 0,
    "pid": 9428,
    "index": 4
  },
  {
    "name": "Require(1) node_modules/_egg-session@3.2.0@egg-session/config/config.default.js",
    "start": 1611308472335,
    "end": 1611308472336,
    "duration": 1,
    "pid": 9428,
    "index": 5
  },
  {
    "name": "Require(2) node_modules/_egg-security@2.8.0@egg-security/config/config.default.js",
    "start": 1611308472338,
    "end": 1611308472339,
    "duration": 1,
    "pid": 9428,
    "index": 6
  },
  {
    "name": "Require(3) node_modules/_egg-jsonp@2.0.0@egg-jsonp/config/config.default.js",
    "start": 1611308472340,
    "end": 1611308472340,
    "duration": 0,
    "pid": 9428,
    "index": 7
  },
  {
    "name": "Require(4) node_modules/_egg-onerror@2.1.0@egg-onerror/config/config.default.js",
    "start": 1611308472341,
    "end": 1611308472342,
    "duration": 1,
    "pid": 9428,
    "index": 8
  },
  {
    "name": "Require(5) node_modules/_egg-i18n@2.1.1@egg-i18n/config/config.default.js",
    "start": 1611308472343,
    "end": 1611308472343,
    "duration": 0,
    "pid": 9428,
    "index": 9
  },
  {
    "name": "Require(6) node_modules/_egg-watcher@3.1.1@egg-watcher/config/config.default.js",
    "start": 1611308472344,
    "end": 1611308472345,
    "duration": 1,
    "pid": 9428,
    "index": 10
  },
  {
    "name": "Require(7) node_modules/_egg-schedule@3.6.6@egg-schedule/config/config.default.js",
    "start": 1611308472345,
    "end": 1611308472346,
    "duration": 1,
    "pid": 9428,
    "index": 11
  },
  {
    "name": "Require(8) node_modules/_egg-multipart@2.10.3@egg-multipart/config/config.default.js",
    "start": 1611308472346,
    "end": 1611308472347,
    "duration": 1,
    "pid": 9428,
    "index": 12
  },
  {
    "name": "Require(9) node_modules/_egg-development@2.7.0@egg-development/config/config.default.js",
    "start": 1611308472347,
    "end": 1611308472348,
    "duration": 1,
    "pid": 9428,
    "index": 13
  },
  {
    "name": "Require(10) node_modules/_egg-logrotator@3.1.0@egg-logrotator/config/config.default.js",
    "start": 1611308472348,
    "end": 1611308472349,
    "duration": 1,
    "pid": 9428,
    "index": 14
  },
  {
    "name": "Require(11) node_modules/_egg-static@2.2.0@egg-static/config/config.default.js",
    "start": 1611308472349,
    "end": 1611308472350,
    "duration": 1,
    "pid": 9428,
    "index": 15
  },
  {
    "name": "Require(12) node_modules/_egg-view@2.1.3@egg-view/config/config.default.js",
    "start": 1611308472350,
    "end": 1611308472351,
    "duration": 1,
    "pid": 9428,
    "index": 16
  },
  {
    "name": "Require(13) node_modules/_egg-view-ejs@2.0.1@egg-view-ejs/config/config.default.js",
    "start": 1611308472351,
    "end": 1611308472352,
    "duration": 1,
    "pid": 9428,
    "index": 17
  },
  {
    "name": "Require(14) node_modules/_egg@2.29.1@egg/config/config.default.js",
    "start": 1611308472353,
    "end": 1611308472354,
    "duration": 1,
    "pid": 9428,
    "index": 18
  },
  {
    "name": "Require(15) config/config.default.js",
    "start": 1611308472355,
    "end": 1611308472355,
    "duration": 0,
    "pid": 9428,
    "index": 19
  },
  {
    "name": "Require(16) node_modules/_egg-security@2.8.0@egg-security/config/config.local.js",
    "start": 1611308472356,
    "end": 1611308472356,
    "duration": 0,
    "pid": 9428,
    "index": 20
  },
  {
    "name": "Require(17) node_modules/_egg-watcher@3.1.1@egg-watcher/config/config.local.js",
    "start": 1611308472358,
    "end": 1611308472358,
    "duration": 0,
    "pid": 9428,
    "index": 21
  },
  {
    "name": "Require(18) node_modules/_egg-view@2.1.3@egg-view/config/config.local.js",
    "start": 1611308472360,
    "end": 1611308472360,
    "duration": 0,
    "pid": 9428,
    "index": 22
  },
  {
    "name": "Require(19) node_modules/_egg-view-ejs@2.0.1@egg-view-ejs/config/config.local.js",
    "start": 1611308472360,
    "end": 1611308472361,
    "duration": 1,
    "pid": 9428,
    "index": 23
  },
  {
    "name": "Require(20) node_modules/_egg@2.29.1@egg/config/config.local.js",
    "start": 1611308472361,
    "end": 1611308472361,
    "duration": 0,
    "pid": 9428,
    "index": 24
  },
  {
    "name": "Load extend/application.js",
    "start": 1611308472363,
    "end": 1611308472381,
    "duration": 18,
    "pid": 9428,
    "index": 25
  },
  {
    "name": "Require(21) node_modules/_egg-session@3.2.0@egg-session/app/extend/application.js",
    "start": 1611308472363,
    "end": 1611308472364,
    "duration": 1,
    "pid": 9428,
    "index": 26
  },
  {
    "name": "Require(22) node_modules/_egg-security@2.8.0@egg-security/app/extend/application.js",
    "start": 1611308472365,
    "end": 1611308472366,
    "duration": 1,
    "pid": 9428,
    "index": 27
  },
  {
    "name": "Require(23) node_modules/_egg-jsonp@2.0.0@egg-jsonp/app/extend/application.js",
    "start": 1611308472367,
    "end": 1611308472369,
    "duration": 2,
    "pid": 9428,
    "index": 28
  },
  {
    "name": "Require(24) node_modules/_egg-logrotator@3.1.0@egg-logrotator/app/extend/application.js",
    "start": 1611308472371,
    "end": 1611308472374,
    "duration": 3,
    "pid": 9428,
    "index": 29
  },
  {
    "name": "Require(25) node_modules/_egg-view@2.1.3@egg-view/app/extend/application.js",
    "start": 1611308472375,
    "end": 1611308472377,
    "duration": 2,
    "pid": 9428,
    "index": 30
  },
  {
    "name": "Require(26) app/extend/application.js",
    "start": 1611308472378,
    "end": 1611308472378,
    "duration": 0,
    "pid": 9428,
    "index": 31
  },
  {
    "name": "Load extend/request.js",
    "start": 1611308472381,
    "end": 1611308472391,
    "duration": 10,
    "pid": 9428,
    "index": 32
  },
  {
    "name": "Require(27) node_modules/_egg@2.29.1@egg/app/extend/request.js",
    "start": 1611308472384,
    "end": 1611308472387,
    "duration": 3,
    "pid": 9428,
    "index": 33
  },
  {
    "name": "Require(28) app/extend/request.js",
    "start": 1611308472388,
    "end": 1611308472388,
    "duration": 0,
    "pid": 9428,
    "index": 34
  },
  {
    "name": "Load extend/response.js",
    "start": 1611308472391,
    "end": 1611308472401,
    "duration": 10,
    "pid": 9428,
    "index": 35
  },
  {
    "name": "Require(29) node_modules/_egg@2.29.1@egg/app/extend/response.js",
    "start": 1611308472395,
    "end": 1611308472397,
    "duration": 2,
    "pid": 9428,
    "index": 36
  },
  {
    "name": "Load extend/context.js",
    "start": 1611308472401,
    "end": 1611308472478,
    "duration": 77,
    "pid": 9428,
    "index": 37
  },
  {
    "name": "Require(30) node_modules/_egg-security@2.8.0@egg-security/app/extend/context.js",
    "start": 1611308472401,
    "end": 1611308472416,
    "duration": 15,
    "pid": 9428,
    "index": 38
  },
  {
    "name": "Require(31) node_modules/_egg-jsonp@2.0.0@egg-jsonp/app/extend/context.js",
    "start": 1611308472417,
    "end": 1611308472419,
    "duration": 2,
    "pid": 9428,
    "index": 39
  },
  {
    "name": "Require(32) node_modules/_egg-i18n@2.1.1@egg-i18n/app/extend/context.js",
    "start": 1611308472420,
    "end": 1611308472421,
    "duration": 1,
    "pid": 9428,
    "index": 40
  },
  {
    "name": "Require(33) node_modules/_egg-multipart@2.10.3@egg-multipart/app/extend/context.js",
    "start": 1611308472421,
    "end": 1611308472471,
    "duration": 50,
    "pid": 9428,
    "index": 41
  },
  {
    "name": "Require(34) node_modules/_egg-view@2.1.3@egg-view/app/extend/context.js",
    "start": 1611308472472,
    "end": 1611308472473,
    "duration": 1,
    "pid": 9428,
    "index": 42
  },
  {
    "name": "Require(35) node_modules/_egg@2.29.1@egg/app/extend/context.js",
    "start": 1611308472473,
    "end": 1611308472474,
    "duration": 1,
    "pid": 9428,
    "index": 43
  },
  {
    "name": "Require(36) app/extend/context.js",
    "start": 1611308472475,
    "end": 1611308472475,
    "duration": 0,
    "pid": 9428,
    "index": 44
  },
  {
    "name": "Load extend/helper.js",
    "start": 1611308472478,
    "end": 1611308472502,
    "duration": 24,
    "pid": 9428,
    "index": 45
  },
  {
    "name": "Require(37) node_modules/_egg-security@2.8.0@egg-security/app/extend/helper.js",
    "start": 1611308472478,
    "end": 1611308472495,
    "duration": 17,
    "pid": 9428,
    "index": 46
  },
  {
    "name": "Require(38) node_modules/_egg@2.29.1@egg/app/extend/helper.js",
    "start": 1611308472497,
    "end": 1611308472497,
    "duration": 0,
    "pid": 9428,
    "index": 47
  },
  {
    "name": "Require(39) app/extend/helper.js",
    "start": 1611308472497,
    "end": 1611308472499,
    "duration": 2,
    "pid": 9428,
    "index": 48
  },
  {
    "name": "Load app.js",
    "start": 1611308472503,
    "end": 1611308472538,
    "duration": 35,
    "pid": 9428,
    "index": 49
  },
  {
    "name": "Require(40) node_modules/_egg-session@3.2.0@egg-session/app.js",
    "start": 1611308472503,
    "end": 1611308472504,
    "duration": 1,
    "pid": 9428,
    "index": 50
  },
  {
    "name": "Require(41) node_modules/_egg-security@2.8.0@egg-security/app.js",
    "start": 1611308472504,
    "end": 1611308472506,
    "duration": 2,
    "pid": 9428,
    "index": 51
  },
  {
    "name": "Require(42) node_modules/_egg-onerror@2.1.0@egg-onerror/app.js",
    "start": 1611308472506,
    "end": 1611308472516,
    "duration": 10,
    "pid": 9428,
    "index": 52
  },
  {
    "name": "Require(43) node_modules/_egg-i18n@2.1.1@egg-i18n/app.js",
    "start": 1611308472517,
    "end": 1611308472525,
    "duration": 8,
    "pid": 9428,
    "index": 53
  },
  {
    "name": "Require(44) node_modules/_egg-watcher@3.1.1@egg-watcher/app.js",
    "start": 1611308472525,
    "end": 1611308472529,
    "duration": 4,
    "pid": 9428,
    "index": 54
  },
  {
    "name": "Require(45) node_modules/_egg-schedule@3.6.6@egg-schedule/app.js",
    "start": 1611308472530,
    "end": 1611308472532,
    "duration": 2,
    "pid": 9428,
    "index": 55
  },
  {
    "name": "Require(46) node_modules/_egg-multipart@2.10.3@egg-multipart/app.js",
    "start": 1611308472532,
    "end": 1611308472532,
    "duration": 0,
    "pid": 9428,
    "index": 56
  },
  {
    "name": "Require(47) node_modules/_egg-development@2.7.0@egg-development/app.js",
    "start": 1611308472533,
    "end": 1611308472533,
    "duration": 0,
    "pid": 9428,
    "index": 57
  },
  {
    "name": "Require(48) node_modules/_egg-logrotator@3.1.0@egg-logrotator/app.js",
    "start": 1611308472533,
    "end": 1611308472533,
    "duration": 0,
    "pid": 9428,
    "index": 58
  },
  {
    "name": "Require(49) node_modules/_egg-static@2.2.0@egg-static/app.js",
    "start": 1611308472534,
    "end": 1611308472534,
    "duration": 0,
    "pid": 9428,
    "index": 59
  },
  {
    "name": "Require(50) node_modules/_egg-view-ejs@2.0.1@egg-view-ejs/app.js",
    "start": 1611308472535,
    "end": 1611308472537,
    "duration": 2,
    "pid": 9428,
    "index": 60
  },
  {
    "name": "Before Start in node_modules/_egg-watcher@3.1.1@egg-watcher/lib/init.js:15:14",
    "start": 1611308472545,
    "end": 1611308472745,
    "duration": 200,
    "pid": 9428,
    "index": 61
  },
  {
    "name": "Load Service",
    "start": 1611308472576,
    "end": 1611308472582,
    "duration": 6,
    "pid": 9428,
    "index": 62
  },
  {
    "name": "Load \"service\" to Context",
    "start": 1611308472576,
    "end": 1611308472582,
    "duration": 6,
    "pid": 9428,
    "index": 63
  },
  {
    "name": "Load Middleware",
    "start": 1611308472582,
    "end": 1611308472727,
    "duration": 145,
    "pid": 9428,
    "index": 64
  },
  {
    "name": "Load \"middlewares\" to Application",
    "start": 1611308472582,
    "end": 1611308472708,
    "duration": 126,
    "pid": 9428,
    "index": 65
  },
  {
    "name": "Load Controller",
    "start": 1611308472728,
    "end": 1611308472730,
    "duration": 2,
    "pid": 9428,
    "index": 66
  },
  {
    "name": "Load \"controller\" to Application",
    "start": 1611308472728,
    "end": 1611308472730,
    "duration": 2,
    "pid": 9428,
    "index": 67
  },
  {
    "name": "Load Router",
    "start": 1611308472730,
    "end": 1611308472732,
    "duration": 2,
    "pid": 9428,
    "index": 68
  },
  {
    "name": "Require(51) app/router.js",
    "start": 1611308472730,
    "end": 1611308472731,
    "duration": 1,
    "pid": 9428,
    "index": 69
  },
  {
    "name": "Before Start in node_modules/_egg-core@4.20.0@egg-core/lib/egg.js:303:10",
    "start": 1611308472731,
    "end": 1611308472738,
    "duration": 7,
    "pid": 9428,
    "index": 70
  }
]