[
  {
    "name": "Process Start",
    "start": 1611308056236,
    "end": 1611308057380,
    "duration": 1144,
    "pid": 19540,
    "index": 0
  },
  {
    "name": "Application Start",
    "start": 1611308057381,
    "end": 1611308057822,
    "duration": 441,
    "pid": 19540,
    "index": 1
  },
  {
    "name": "Load Plugin",
    "start": 1611308057385,
    "end": 1611308057403,
    "duration": 18,
    "pid": 19540,
    "index": 2
  },
  {
    "name": "Load Config",
    "start": 1611308057403,
    "end": 1611308057427,
    "duration": 24,
    "pid": 19540,
    "index": 3
  },
  {
    "name": "Require(0) config/config.default.js",
    "start": 1611308057404,
    "end": 1611308057404,
    "duration": 0,
    "pid": 19540,
    "index": 4
  },
  {
    "name": "Require(1) node_modules/_egg-session@3.2.0@egg-session/config/config.default.js",
    "start": 1611308057406,
    "end": 1611308057406,
    "duration": 0,
    "pid": 19540,
    "index": 5
  },
  {
    "name": "Require(2) node_modules/_egg-security@2.8.0@egg-security/config/config.default.js",
    "start": 1611308057407,
    "end": 1611308057407,
    "duration": 0,
    "pid": 19540,
    "index": 6
  },
  {
    "name": "Require(3) node_modules/_egg-jsonp@2.0.0@egg-jsonp/config/config.default.js",
    "start": 1611308057408,
    "end": 1611308057409,
    "duration": 1,
    "pid": 19540,
    "index": 7
  },
  {
    "name": "Require(4) node_modules/_egg-onerror@2.1.0@egg-onerror/config/config.default.js",
    "start": 1611308057410,
    "end": 1611308057411,
    "duration": 1,
    "pid": 19540,
    "index": 8
  },
  {
    "name": "Require(5) node_modules/_egg-i18n@2.1.1@egg-i18n/config/config.default.js",
    "start": 1611308057411,
    "end": 1611308057412,
    "duration": 1,
    "pid": 19540,
    "index": 9
  },
  {
    "name": "Require(6) node_modules/_egg-watcher@3.1.1@egg-watcher/config/config.default.js",
    "start": 1611308057412,
    "end": 1611308057413,
    "duration": 1,
    "pid": 19540,
    "index": 10
  },
  {
    "name": "Require(7) node_modules/_egg-schedule@3.6.6@egg-schedule/config/config.default.js",
    "start": 1611308057413,
    "end": 1611308057414,
    "duration": 1,
    "pid": 19540,
    "index": 11
  },
  {
    "name": "Require(8) node_modules/_egg-multipart@2.10.3@egg-multipart/config/config.default.js",
    "start": 1611308057414,
    "end": 1611308057415,
    "duration": 1,
    "pid": 19540,
    "index": 12
  },
  {
    "name": "Require(9) node_modules/_egg-development@2.7.0@egg-development/config/config.default.js",
    "start": 1611308057415,
    "end": 1611308057416,
    "duration": 1,
    "pid": 19540,
    "index": 13
  },
  {
    "name": "Require(10) node_modules/_egg-logrotator@3.1.0@egg-logrotator/config/config.default.js",
    "start": 1611308057416,
    "end": 1611308057417,
    "duration": 1,
    "pid": 19540,
    "index": 14
  },
  {
    "name": "Require(11) node_modules/_egg-static@2.2.0@egg-static/config/config.default.js",
    "start": 1611308057417,
    "end": 1611308057418,
    "duration": 1,
    "pid": 19540,
    "index": 15
  },
  {
    "name": "Require(12) node_modules/_egg-view@2.1.3@egg-view/config/config.default.js",
    "start": 1611308057418,
    "end": 1611308057419,
    "duration": 1,
    "pid": 19540,
    "index": 16
  },
  {
    "name": "Require(13) node_modules/_egg-view-ejs@2.0.1@egg-view-ejs/config/config.default.js",
    "start": 1611308057419,
    "end": 1611308057420,
    "duration": 1,
    "pid": 19540,
    "index": 17
  },
  {
    "name": "Require(14) node_modules/_egg@2.29.1@egg/config/config.default.js",
    "start": 1611308057420,
    "end": 1611308057421,
    "duration": 1,
    "pid": 19540,
    "index": 18
  },
  {
    "name": "Require(15) config/config.default.js",
    "start": 1611308057422,
    "end": 1611308057422,
    "duration": 0,
    "pid": 19540,
    "index": 19
  },
  {
    "name": "Require(16) node_modules/_egg-security@2.8.0@egg-security/config/config.local.js",
    "start": 1611308057422,
    "end": 1611308057423,
    "duration": 1,
    "pid": 19540,
    "index": 20
  },
  {
    "name": "Require(17) node_modules/_egg-watcher@3.1.1@egg-watcher/config/config.local.js",
    "start": 1611308057424,
    "end": 1611308057424,
    "duration": 0,
    "pid": 19540,
    "index": 21
  },
  {
    "name": "Require(18) node_modules/_egg-view@2.1.3@egg-view/config/config.local.js",
    "start": 1611308057425,
    "end": 1611308057426,
    "duration": 1,
    "pid": 19540,
    "index": 22
  },
  {
    "name": "Require(19) node_modules/_egg-view-ejs@2.0.1@egg-view-ejs/config/config.local.js",
    "start": 1611308057426,
    "end": 1611308057426,
    "duration": 0,
    "pid": 19540,
    "index": 23
  },
  {
    "name": "Require(20) node_modules/_egg@2.29.1@egg/config/config.local.js",
    "start": 1611308057427,
    "end": 1611308057427,
    "duration": 0,
    "pid": 19540,
    "index": 24
  },
  {
    "name": "Load extend/application.js",
    "start": 1611308057428,
    "end": 1611308057444,
    "duration": 16,
    "pid": 19540,
    "index": 25
  },
  {
    "name": "Require(21) node_modules/_egg-session@3.2.0@egg-session/app/extend/application.js",
    "start": 1611308057429,
    "end": 1611308057429,
    "duration": 0,
    "pid": 19540,
    "index": 26
  },
  {
    "name": "Require(22) node_modules/_egg-security@2.8.0@egg-security/app/extend/application.js",
    "start": 1611308057429,
    "end": 1611308057430,
    "duration": 1,
    "pid": 19540,
    "index": 27
  },
  {
    "name": "Require(23) node_modules/_egg-jsonp@2.0.0@egg-jsonp/app/extend/application.js",
    "start": 1611308057431,
    "end": 1611308057433,
    "duration": 2,
    "pid": 19540,
    "index": 28
  },
  {
    "name": "Require(24) node_modules/_egg-logrotator@3.1.0@egg-logrotator/app/extend/application.js",
    "start": 1611308057434,
    "end": 1611308057437,
    "duration": 3,
    "pid": 19540,
    "index": 29
  },
  {
    "name": "Require(25) node_modules/_egg-view@2.1.3@egg-view/app/extend/application.js",
    "start": 1611308057438,
    "end": 1611308057440,
    "duration": 2,
    "pid": 19540,
    "index": 30
  },
  {
    "name": "Require(26) app/extend/application.js",
    "start": 1611308057441,
    "end": 1611308057441,
    "duration": 0,
    "pid": 19540,
    "index": 31
  },
  {
    "name": "Load extend/request.js",
    "start": 1611308057444,
    "end": 1611308057455,
    "duration": 11,
    "pid": 19540,
    "index": 32
  },
  {
    "name": "Require(27) node_modules/_egg@2.29.1@egg/app/extend/request.js",
    "start": 1611308057447,
    "end": 1611308057449,
    "duration": 2,
    "pid": 19540,
    "index": 33
  },
  {
    "name": "Require(28) app/extend/request.js",
    "start": 1611308057449,
    "end": 1611308057449,
    "duration": 0,
    "pid": 19540,
    "index": 34
  },
  {
    "name": "Load extend/response.js",
    "start": 1611308057455,
    "end": 1611308057464,
    "duration": 9,
    "pid": 19540,
    "index": 35
  },
  {
    "name": "Require(29) node_modules/_egg@2.29.1@egg/app/extend/response.js",
    "start": 1611308057458,
    "end": 1611308057461,
    "duration": 3,
    "pid": 19540,
    "index": 36
  },
  {
    "name": "Load extend/context.js",
    "start": 1611308057464,
    "end": 1611308057546,
    "duration": 82,
    "pid": 19540,
    "index": 37
  },
  {
    "name": "Require(30) node_modules/_egg-security@2.8.0@egg-security/app/extend/context.js",
    "start": 1611308057465,
    "end": 1611308057480,
    "duration": 15,
    "pid": 19540,
    "index": 38
  },
  {
    "name": "Require(31) node_modules/_egg-jsonp@2.0.0@egg-jsonp/app/extend/context.js",
    "start": 1611308057480,
    "end": 1611308057482,
    "duration": 2,
    "pid": 19540,
    "index": 39
  },
  {
    "name": "Require(32) node_modules/_egg-i18n@2.1.1@egg-i18n/app/extend/context.js",
    "start": 1611308057483,
    "end": 1611308057483,
    "duration": 0,
    "pid": 19540,
    "index": 40
  },
  {
    "name": "Require(33) node_modules/_egg-multipart@2.10.3@egg-multipart/app/extend/context.js",
    "start": 1611308057484,
    "end": 1611308057538,
    "duration": 54,
    "pid": 19540,
    "index": 41
  },
  {
    "name": "Require(34) node_modules/_egg-view@2.1.3@egg-view/app/extend/context.js",
    "start": 1611308057539,
    "end": 1611308057540,
    "duration": 1,
    "pid": 19540,
    "index": 42
  },
  {
    "name": "Require(35) node_modules/_egg@2.29.1@egg/app/extend/context.js",
    "start": 1611308057541,
    "end": 1611308057543,
    "duration": 2,
    "pid": 19540,
    "index": 43
  },
  {
    "name": "Require(36) app/extend/context.js",
    "start": 1611308057543,
    "end": 1611308057543,
    "duration": 0,
    "pid": 19540,
    "index": 44
  },
  {
    "name": "Load extend/helper.js",
    "start": 1611308057546,
    "end": 1611308057573,
    "duration": 27,
    "pid": 19540,
    "index": 45
  },
  {
    "name": "Require(37) node_modules/_egg-security@2.8.0@egg-security/app/extend/helper.js",
    "start": 1611308057547,
    "end": 1611308057565,
    "duration": 18,
    "pid": 19540,
    "index": 46
  },
  {
    "name": "Require(38) node_modules/_egg@2.29.1@egg/app/extend/helper.js",
    "start": 1611308057567,
    "end": 1611308057568,
    "duration": 1,
    "pid": 19540,
    "index": 47
  },
  {
    "name": "Require(39) app/extend/helper.js",
    "start": 1611308057568,
    "end": 1611308057570,
    "duration": 2,
    "pid": 19540,
    "index": 48
  },
  {
    "name": "Load app.js",
    "start": 1611308057573,
    "end": 1611308057610,
    "duration": 37,
    "pid": 19540,
    "index": 49
  },
  {
    "name": "Require(40) node_modules/_egg-session@3.2.0@egg-session/app.js",
    "start": 1611308057574,
    "end": 1611308057574,
    "duration": 0,
    "pid": 19540,
    "index": 50
  },
  {
    "name": "Require(41) node_modules/_egg-security@2.8.0@egg-security/app.js",
    "start": 1611308057574,
    "end": 1611308057576,
    "duration": 2,
    "pid": 19540,
    "index": 51
  },
  {
    "name": "Require(42) node_modules/_egg-onerror@2.1.0@egg-onerror/app.js",
    "start": 1611308057577,
    "end": 1611308057588,
    "duration": 11,
    "pid": 19540,
    "index": 52
  },
  {
    "name": "Require(43) node_modules/_egg-i18n@2.1.1@egg-i18n/app.js",
    "start": 1611308057588,
    "end": 1611308057597,
    "duration": 9,
    "pid": 19540,
    "index": 53
  },
  {
    "name": "Require(44) node_modules/_egg-watcher@3.1.1@egg-watcher/app.js",
    "start": 1611308057597,
    "end": 1611308057602,
    "duration": 5,
    "pid": 19540,
    "index": 54
  },
  {
    "name": "Require(45) node_modules/_egg-schedule@3.6.6@egg-schedule/app.js",
    "start": 1611308057602,
    "end": 1611308057604,
    "duration": 2,
    "pid": 19540,
    "index": 55
  },
  {
    "name": "Require(46) node_modules/_egg-multipart@2.10.3@egg-multipart/app.js",
    "start": 1611308057605,
    "end": 1611308057605,
    "duration": 0,
    "pid": 19540,
    "index": 56
  },
  {
    "name": "Require(47) node_modules/_egg-development@2.7.0@egg-development/app.js",
    "start": 1611308057606,
    "end": 1611308057606,
    "duration": 0,
    "pid": 19540,
    "index": 57
  },
  {
    "name": "Require(48) node_modules/_egg-logrotator@3.1.0@egg-logrotator/app.js",
    "start": 1611308057606,
    "end": 1611308057607,
    "duration": 1,
    "pid": 19540,
    "index": 58
  },
  {
    "name": "Require(49) node_modules/_egg-static@2.2.0@egg-static/app.js",
    "start": 1611308057607,
    "end": 1611308057607,
    "duration": 0,
    "pid": 19540,
    "index": 59
  },
  {
    "name": "Require(50) node_modules/_egg-view-ejs@2.0.1@egg-view-ejs/app.js",
    "start": 1611308057608,
    "end": 1611308057609,
    "duration": 1,
    "pid": 19540,
    "index": 60
  },
  {
    "name": "Before Start in node_modules/_egg-watcher@3.1.1@egg-watcher/lib/init.js:15:14",
    "start": 1611308057621,
    "end": 1611308057821,
    "duration": 200,
    "pid": 19540,
    "index": 61
  },
  {
    "name": "Load Service",
    "start": 1611308057653,
    "end": 1611308057662,
    "duration": 9,
    "pid": 19540,
    "index": 62
  },
  {
    "name": "Load \"service\" to Context",
    "start": 1611308057654,
    "end": 1611308057662,
    "duration": 8,
    "pid": 19540,
    "index": 63
  },
  {
    "name": "Load Middleware",
    "start": 1611308057663,
    "end": 1611308057801,
    "duration": 138,
    "pid": 19540,
    "index": 64
  },
  {
    "name": "Load \"middlewares\" to Application",
    "start": 1611308057663,
    "end": 1611308057781,
    "duration": 118,
    "pid": 19540,
    "index": 65
  },
  {
    "name": "Load Controller",
    "start": 1611308057801,
    "end": 1611308057804,
    "duration": 3,
    "pid": 19540,
    "index": 66
  },
  {
    "name": "Load \"controller\" to Application",
    "start": 1611308057801,
    "end": 1611308057804,
    "duration": 3,
    "pid": 19540,
    "index": 67
  },
  {
    "name": "Load Router",
    "start": 1611308057804,
    "end": 1611308057806,
    "duration": 2,
    "pid": 19540,
    "index": 68
  },
  {
    "name": "Require(51) app/router.js",
    "start": 1611308057804,
    "end": 1611308057805,
    "duration": 1,
    "pid": 19540,
    "index": 69
  },
  {
    "name": "Before Start in node_modules/_egg-core@4.20.0@egg-core/lib/egg.js:303:10",
    "start": 1611308057805,
    "end": 1611308057815,
    "duration": 10,
    "pid": 19540,
    "index": 70
  }
]