[
  {
    "name": "Process Start",
    "start": 1611308178538,
    "end": 1611308179682,
    "duration": 1144,
    "pid": 3588,
    "index": 0
  },
  {
    "name": "Application Start",
    "start": 1611308179682,
    "end": 1611308180136,
    "duration": 454,
    "pid": 3588,
    "index": 1
  },
  {
    "name": "Load Plugin",
    "start": 1611308179686,
    "end": 1611308179706,
    "duration": 20,
    "pid": 3588,
    "index": 2
  },
  {
    "name": "Load Config",
    "start": 1611308179706,
    "end": 1611308179731,
    "duration": 25,
    "pid": 3588,
    "index": 3
  },
  {
    "name": "Require(0) config/config.default.js",
    "start": 1611308179707,
    "end": 1611308179707,
    "duration": 0,
    "pid": 3588,
    "index": 4
  },
  {
    "name": "Require(1) node_modules/_egg-session@3.2.0@egg-session/config/config.default.js",
    "start": 1611308179709,
    "end": 1611308179710,
    "duration": 1,
    "pid": 3588,
    "index": 5
  },
  {
    "name": "Require(2) node_modules/_egg-security@2.8.0@egg-security/config/config.default.js",
    "start": 1611308179710,
    "end": 1611308179711,
    "duration": 1,
    "pid": 3588,
    "index": 6
  },
  {
    "name": "Require(3) node_modules/_egg-jsonp@2.0.0@egg-jsonp/config/config.default.js",
    "start": 1611308179711,
    "end": 1611308179712,
    "duration": 1,
    "pid": 3588,
    "index": 7
  },
  {
    "name": "Require(4) node_modules/_egg-onerror@2.1.0@egg-onerror/config/config.default.js",
    "start": 1611308179712,
    "end": 1611308179713,
    "duration": 1,
    "pid": 3588,
    "index": 8
  },
  {
    "name": "Require(5) node_modules/_egg-i18n@2.1.1@egg-i18n/config/config.default.js",
    "start": 1611308179713,
    "end": 1611308179714,
    "duration": 1,
    "pid": 3588,
    "index": 9
  },
  {
    "name": "Require(6) node_modules/_egg-watcher@3.1.1@egg-watcher/config/config.default.js",
    "start": 1611308179714,
    "end": 1611308179715,
    "duration": 1,
    "pid": 3588,
    "index": 10
  },
  {
    "name": "Require(7) node_modules/_egg-schedule@3.6.6@egg-schedule/config/config.default.js",
    "start": 1611308179715,
    "end": 1611308179716,
    "duration": 1,
    "pid": 3588,
    "index": 11
  },
  {
    "name": "Require(8) node_modules/_egg-multipart@2.10.3@egg-multipart/config/config.default.js",
    "start": 1611308179716,
    "end": 1611308179717,
    "duration": 1,
    "pid": 3588,
    "index": 12
  },
  {
    "name": "Require(9) node_modules/_egg-development@2.7.0@egg-development/config/config.default.js",
    "start": 1611308179717,
    "end": 1611308179718,
    "duration": 1,
    "pid": 3588,
    "index": 13
  },
  {
    "name": "Require(10) node_modules/_egg-logrotator@3.1.0@egg-logrotator/config/config.default.js",
    "start": 1611308179718,
    "end": 1611308179719,
    "duration": 1,
    "pid": 3588,
    "index": 14
  },
  {
    "name": "Require(11) node_modules/_egg-static@2.2.0@egg-static/config/config.default.js",
    "start": 1611308179719,
    "end": 1611308179720,
    "duration": 1,
    "pid": 3588,
    "index": 15
  },
  {
    "name": "Require(12) node_modules/_egg-view@2.1.3@egg-view/config/config.default.js",
    "start": 1611308179720,
    "end": 1611308179721,
    "duration": 1,
    "pid": 3588,
    "index": 16
  },
  {
    "name": "Require(13) node_modules/_egg-view-ejs@2.0.1@egg-view-ejs/config/config.default.js",
    "start": 1611308179722,
    "end": 1611308179722,
    "duration": 0,
    "pid": 3588,
    "index": 17
  },
  {
    "name": "Require(14) node_modules/_egg@2.29.1@egg/config/config.default.js",
    "start": 1611308179723,
    "end": 1611308179723,
    "duration": 0,
    "pid": 3588,
    "index": 18
  },
  {
    "name": "Require(15) config/config.default.js",
    "start": 1611308179725,
    "end": 1611308179725,
    "duration": 0,
    "pid": 3588,
    "index": 19
  },
  {
    "name": "Require(16) node_modules/_egg-security@2.8.0@egg-security/config/config.local.js",
    "start": 1611308179726,
    "end": 1611308179726,
    "duration": 0,
    "pid": 3588,
    "index": 20
  },
  {
    "name": "Require(17) node_modules/_egg-watcher@3.1.1@egg-watcher/config/config.local.js",
    "start": 1611308179727,
    "end": 1611308179728,
    "duration": 1,
    "pid": 3588,
    "index": 21
  },
  {
    "name": "Require(18) node_modules/_egg-view@2.1.3@egg-view/config/config.local.js",
    "start": 1611308179729,
    "end": 1611308179730,
    "duration": 1,
    "pid": 3588,
    "index": 22
  },
  {
    "name": "Require(19) node_modules/_egg-view-ejs@2.0.1@egg-view-ejs/config/config.local.js",
    "start": 1611308179730,
    "end": 1611308179730,
    "duration": 0,
    "pid": 3588,
    "index": 23
  },
  {
    "name": "Require(20) node_modules/_egg@2.29.1@egg/config/config.local.js",
    "start": 1611308179731,
    "end": 1611308179731,
    "duration": 0,
    "pid": 3588,
    "index": 24
  },
  {
    "name": "Load extend/application.js",
    "start": 1611308179732,
    "end": 1611308179752,
    "duration": 20,
    "pid": 3588,
    "index": 25
  },
  {
    "name": "Require(21) node_modules/_egg-session@3.2.0@egg-session/app/extend/application.js",
    "start": 1611308179733,
    "end": 1611308179733,
    "duration": 0,
    "pid": 3588,
    "index": 26
  },
  {
    "name": "Require(22) node_modules/_egg-security@2.8.0@egg-security/app/extend/application.js",
    "start": 1611308179734,
    "end": 1611308179735,
    "duration": 1,
    "pid": 3588,
    "index": 27
  },
  {
    "name": "Require(23) node_modules/_egg-jsonp@2.0.0@egg-jsonp/app/extend/application.js",
    "start": 1611308179736,
    "end": 1611308179738,
    "duration": 2,
    "pid": 3588,
    "index": 28
  },
  {
    "name": "Require(24) node_modules/_egg-logrotator@3.1.0@egg-logrotator/app/extend/application.js",
    "start": 1611308179740,
    "end": 1611308179745,
    "duration": 5,
    "pid": 3588,
    "index": 29
  },
  {
    "name": "Require(25) node_modules/_egg-view@2.1.3@egg-view/app/extend/application.js",
    "start": 1611308179746,
    "end": 1611308179748,
    "duration": 2,
    "pid": 3588,
    "index": 30
  },
  {
    "name": "Require(26) app/extend/application.js",
    "start": 1611308179749,
    "end": 1611308179749,
    "duration": 0,
    "pid": 3588,
    "index": 31
  },
  {
    "name": "Load extend/request.js",
    "start": 1611308179752,
    "end": 1611308179759,
    "duration": 7,
    "pid": 3588,
    "index": 32
  },
  {
    "name": "Require(27) node_modules/_egg@2.29.1@egg/app/extend/request.js",
    "start": 1611308179754,
    "end": 1611308179756,
    "duration": 2,
    "pid": 3588,
    "index": 33
  },
  {
    "name": "Require(28) app/extend/request.js",
    "start": 1611308179756,
    "end": 1611308179756,
    "duration": 0,
    "pid": 3588,
    "index": 34
  },
  {
    "name": "Load extend/response.js",
    "start": 1611308179759,
    "end": 1611308179768,
    "duration": 9,
    "pid": 3588,
    "index": 35
  },
  {
    "name": "Require(29) node_modules/_egg@2.29.1@egg/app/extend/response.js",
    "start": 1611308179763,
    "end": 1611308179765,
    "duration": 2,
    "pid": 3588,
    "index": 36
  },
  {
    "name": "Load extend/context.js",
    "start": 1611308179768,
    "end": 1611308179845,
    "duration": 77,
    "pid": 3588,
    "index": 37
  },
  {
    "name": "Require(30) node_modules/_egg-security@2.8.0@egg-security/app/extend/context.js",
    "start": 1611308179769,
    "end": 1611308179782,
    "duration": 13,
    "pid": 3588,
    "index": 38
  },
  {
    "name": "Require(31) node_modules/_egg-jsonp@2.0.0@egg-jsonp/app/extend/context.js",
    "start": 1611308179783,
    "end": 1611308179784,
    "duration": 1,
    "pid": 3588,
    "index": 39
  },
  {
    "name": "Require(32) node_modules/_egg-i18n@2.1.1@egg-i18n/app/extend/context.js",
    "start": 1611308179785,
    "end": 1611308179785,
    "duration": 0,
    "pid": 3588,
    "index": 40
  },
  {
    "name": "Require(33) node_modules/_egg-multipart@2.10.3@egg-multipart/app/extend/context.js",
    "start": 1611308179786,
    "end": 1611308179838,
    "duration": 52,
    "pid": 3588,
    "index": 41
  },
  {
    "name": "Require(34) node_modules/_egg-view@2.1.3@egg-view/app/extend/context.js",
    "start": 1611308179839,
    "end": 1611308179839,
    "duration": 0,
    "pid": 3588,
    "index": 42
  },
  {
    "name": "Require(35) node_modules/_egg@2.29.1@egg/app/extend/context.js",
    "start": 1611308179840,
    "end": 1611308179842,
    "duration": 2,
    "pid": 3588,
    "index": 43
  },
  {
    "name": "Require(36) app/extend/context.js",
    "start": 1611308179842,
    "end": 1611308179842,
    "duration": 0,
    "pid": 3588,
    "index": 44
  },
  {
    "name": "Load extend/helper.js",
    "start": 1611308179845,
    "end": 1611308179872,
    "duration": 27,
    "pid": 3588,
    "index": 45
  },
  {
    "name": "Require(37) node_modules/_egg-security@2.8.0@egg-security/app/extend/helper.js",
    "start": 1611308179845,
    "end": 1611308179864,
    "duration": 19,
    "pid": 3588,
    "index": 46
  },
  {
    "name": "Require(38) node_modules/_egg@2.29.1@egg/app/extend/helper.js",
    "start": 1611308179866,
    "end": 1611308179866,
    "duration": 0,
    "pid": 3588,
    "index": 47
  },
  {
    "name": "Require(39) app/extend/helper.js",
    "start": 1611308179867,
    "end": 1611308179869,
    "duration": 2,
    "pid": 3588,
    "index": 48
  },
  {
    "name": "Load app.js",
    "start": 1611308179872,
    "end": 1611308179935,
    "duration": 63,
    "pid": 3588,
    "index": 49
  },
  {
    "name": "Require(40) node_modules/_egg-session@3.2.0@egg-session/app.js",
    "start": 1611308179872,
    "end": 1611308179873,
    "duration": 1,
    "pid": 3588,
    "index": 50
  },
  {
    "name": "Require(41) node_modules/_egg-security@2.8.0@egg-security/app.js",
    "start": 1611308179873,
    "end": 1611308179876,
    "duration": 3,
    "pid": 3588,
    "index": 51
  },
  {
    "name": "Require(42) node_modules/_egg-onerror@2.1.0@egg-onerror/app.js",
    "start": 1611308179877,
    "end": 1611308179891,
    "duration": 14,
    "pid": 3588,
    "index": 52
  },
  {
    "name": "Require(43) node_modules/_egg-i18n@2.1.1@egg-i18n/app.js",
    "start": 1611308179891,
    "end": 1611308179905,
    "duration": 14,
    "pid": 3588,
    "index": 53
  },
  {
    "name": "Require(44) node_modules/_egg-watcher@3.1.1@egg-watcher/app.js",
    "start": 1611308179905,
    "end": 1611308179918,
    "duration": 13,
    "pid": 3588,
    "index": 54
  },
  {
    "name": "Require(45) node_modules/_egg-schedule@3.6.6@egg-schedule/app.js",
    "start": 1611308179919,
    "end": 1611308179923,
    "duration": 4,
    "pid": 3588,
    "index": 55
  },
  {
    "name": "Require(46) node_modules/_egg-multipart@2.10.3@egg-multipart/app.js",
    "start": 1611308179925,
    "end": 1611308179928,
    "duration": 3,
    "pid": 3588,
    "index": 56
  },
  {
    "name": "Require(47) node_modules/_egg-development@2.7.0@egg-development/app.js",
    "start": 1611308179928,
    "end": 1611308179929,
    "duration": 1,
    "pid": 3588,
    "index": 57
  },
  {
    "name": "Require(48) node_modules/_egg-logrotator@3.1.0@egg-logrotator/app.js",
    "start": 1611308179930,
    "end": 1611308179930,
    "duration": 0,
    "pid": 3588,
    "index": 58
  },
  {
    "name": "Require(49) node_modules/_egg-static@2.2.0@egg-static/app.js",
    "start": 1611308179930,
    "end": 1611308179931,
    "duration": 1,
    "pid": 3588,
    "index": 59
  },
  {
    "name": "Require(50) node_modules/_egg-view-ejs@2.0.1@egg-view-ejs/app.js",
    "start": 1611308179932,
    "end": 1611308179934,
    "duration": 2,
    "pid": 3588,
    "index": 60
  },
  {
    "name": "Before Start in node_modules/_egg-watcher@3.1.1@egg-watcher/lib/init.js:15:14",
    "start": 1611308179951,
    "end": 1611308180136,
    "duration": 185,
    "pid": 3588,
    "index": 61
  },
  {
    "name": "Load Service",
    "start": 1611308179984,
    "end": 1611308179989,
    "duration": 5,
    "pid": 3588,
    "index": 62
  },
  {
    "name": "Load \"service\" to Context",
    "start": 1611308179984,
    "end": 1611308179989,
    "duration": 5,
    "pid": 3588,
    "index": 63
  },
  {
    "name": "Load Middleware",
    "start": 1611308179989,
    "end": 1611308180118,
    "duration": 129,
    "pid": 3588,
    "index": 64
  },
  {
    "name": "Load \"middlewares\" to Application",
    "start": 1611308179989,
    "end": 1611308180100,
    "duration": 111,
    "pid": 3588,
    "index": 65
  },
  {
    "name": "Load Controller",
    "start": 1611308180118,
    "end": 1611308180120,
    "duration": 2,
    "pid": 3588,
    "index": 66
  },
  {
    "name": "Load \"controller\" to Application",
    "start": 1611308180118,
    "end": 1611308180120,
    "duration": 2,
    "pid": 3588,
    "index": 67
  },
  {
    "name": "Load Router",
    "start": 1611308180120,
    "end": 1611308180122,
    "duration": 2,
    "pid": 3588,
    "index": 68
  },
  {
    "name": "Require(51) app/router.js",
    "start": 1611308180120,
    "end": 1611308180121,
    "duration": 1,
    "pid": 3588,
    "index": 69
  },
  {
    "name": "Before Start in node_modules/_egg-core@4.20.0@egg-core/lib/egg.js:303:10",
    "start": 1611308180121,
    "end": 1611308180128,
    "duration": 7,
    "pid": 3588,
    "index": 70
  }
]