[
  {
    "name": "Process Start",
    "start": 1611308592257,
    "end": 1611308593277,
    "duration": 1020,
    "pid": 11488,
    "index": 0
  },
  {
    "name": "Application Start",
    "start": 1611308593277,
    "end": 1611308593672,
    "duration": 395,
    "pid": 11488,
    "index": 1
  },
  {
    "name": "Load Plugin",
    "start": 1611308593281,
    "end": 1611308593299,
    "duration": 18,
    "pid": 11488,
    "index": 2
  },
  {
    "name": "Load Config",
    "start": 1611308593299,
    "end": 1611308593319,
    "duration": 20,
    "pid": 11488,
    "index": 3
  },
  {
    "name": "Require(0) config/config.default.js",
    "start": 1611308593299,
    "end": 1611308593300,
    "duration": 1,
    "pid": 11488,
    "index": 4
  },
  {
    "name": "Require(1) node_modules/_egg-session@3.2.0@egg-session/config/config.default.js",
    "start": 1611308593301,
    "end": 1611308593301,
    "duration": 0,
    "pid": 11488,
    "index": 5
  },
  {
    "name": "Require(2) node_modules/_egg-security@2.8.0@egg-security/config/config.default.js",
    "start": 1611308593302,
    "end": 1611308593302,
    "duration": 0,
    "pid": 11488,
    "index": 6
  },
  {
    "name": "Require(3) node_modules/_egg-jsonp@2.0.0@egg-jsonp/config/config.default.js",
    "start": 1611308593303,
    "end": 1611308593303,
    "duration": 0,
    "pid": 11488,
    "index": 7
  },
  {
    "name": "Require(4) node_modules/_egg-onerror@2.1.0@egg-onerror/config/config.default.js",
    "start": 1611308593304,
    "end": 1611308593304,
    "duration": 0,
    "pid": 11488,
    "index": 8
  },
  {
    "name": "Require(5) node_modules/_egg-i18n@2.1.1@egg-i18n/config/config.default.js",
    "start": 1611308593305,
    "end": 1611308593305,
    "duration": 0,
    "pid": 11488,
    "index": 9
  },
  {
    "name": "Require(6) node_modules/_egg-watcher@3.1.1@egg-watcher/config/config.default.js",
    "start": 1611308593306,
    "end": 1611308593306,
    "duration": 0,
    "pid": 11488,
    "index": 10
  },
  {
    "name": "Require(7) node_modules/_egg-schedule@3.6.6@egg-schedule/config/config.default.js",
    "start": 1611308593306,
    "end": 1611308593307,
    "duration": 1,
    "pid": 11488,
    "index": 11
  },
  {
    "name": "Require(8) node_modules/_egg-multipart@2.10.3@egg-multipart/config/config.default.js",
    "start": 1611308593307,
    "end": 1611308593308,
    "duration": 1,
    "pid": 11488,
    "index": 12
  },
  {
    "name": "Require(9) node_modules/_egg-development@2.7.0@egg-development/config/config.default.js",
    "start": 1611308593308,
    "end": 1611308593309,
    "duration": 1,
    "pid": 11488,
    "index": 13
  },
  {
    "name": "Require(10) node_modules/_egg-logrotator@3.1.0@egg-logrotator/config/config.default.js",
    "start": 1611308593309,
    "end": 1611308593309,
    "duration": 0,
    "pid": 11488,
    "index": 14
  },
  {
    "name": "Require(11) node_modules/_egg-static@2.2.0@egg-static/config/config.default.js",
    "start": 1611308593310,
    "end": 1611308593310,
    "duration": 0,
    "pid": 11488,
    "index": 15
  },
  {
    "name": "Require(12) node_modules/_egg-view@2.1.3@egg-view/config/config.default.js",
    "start": 1611308593311,
    "end": 1611308593311,
    "duration": 0,
    "pid": 11488,
    "index": 16
  },
  {
    "name": "Require(13) node_modules/_egg-view-ejs@2.0.1@egg-view-ejs/config/config.default.js",
    "start": 1611308593312,
    "end": 1611308593312,
    "duration": 0,
    "pid": 11488,
    "index": 17
  },
  {
    "name": "Require(14) node_modules/_egg@2.29.1@egg/config/config.default.js",
    "start": 1611308593312,
    "end": 1611308593313,
    "duration": 1,
    "pid": 11488,
    "index": 18
  },
  {
    "name": "Require(15) config/config.default.js",
    "start": 1611308593314,
    "end": 1611308593314,
    "duration": 0,
    "pid": 11488,
    "index": 19
  },
  {
    "name": "Require(16) node_modules/_egg-security@2.8.0@egg-security/config/config.local.js",
    "start": 1611308593314,
    "end": 1611308593315,
    "duration": 1,
    "pid": 11488,
    "index": 20
  },
  {
    "name": "Require(17) node_modules/_egg-watcher@3.1.1@egg-watcher/config/config.local.js",
    "start": 1611308593315,
    "end": 1611308593316,
    "duration": 1,
    "pid": 11488,
    "index": 21
  },
  {
    "name": "Require(18) node_modules/_egg-view@2.1.3@egg-view/config/config.local.js",
    "start": 1611308593317,
    "end": 1611308593317,
    "duration": 0,
    "pid": 11488,
    "index": 22
  },
  {
    "name": "Require(19) node_modules/_egg-view-ejs@2.0.1@egg-view-ejs/config/config.local.js",
    "start": 1611308593318,
    "end": 1611308593318,
    "duration": 0,
    "pid": 11488,
    "index": 23
  },
  {
    "name": "Require(20) node_modules/_egg@2.29.1@egg/config/config.local.js",
    "start": 1611308593318,
    "end": 1611308593318,
    "duration": 0,
    "pid": 11488,
    "index": 24
  },
  {
    "name": "Load extend/application.js",
    "start": 1611308593319,
    "end": 1611308593336,
    "duration": 17,
    "pid": 11488,
    "index": 25
  },
  {
    "name": "Require(21) node_modules/_egg-session@3.2.0@egg-session/app/extend/application.js",
    "start": 1611308593320,
    "end": 1611308593320,
    "duration": 0,
    "pid": 11488,
    "index": 26
  },
  {
    "name": "Require(22) node_modules/_egg-security@2.8.0@egg-security/app/extend/application.js",
    "start": 1611308593321,
    "end": 1611308593322,
    "duration": 1,
    "pid": 11488,
    "index": 27
  },
  {
    "name": "Require(23) node_modules/_egg-jsonp@2.0.0@egg-jsonp/app/extend/application.js",
    "start": 1611308593322,
    "end": 1611308593324,
    "duration": 2,
    "pid": 11488,
    "index": 28
  },
  {
    "name": "Require(24) node_modules/_egg-logrotator@3.1.0@egg-logrotator/app/extend/application.js",
    "start": 1611308593326,
    "end": 1611308593329,
    "duration": 3,
    "pid": 11488,
    "index": 29
  },
  {
    "name": "Require(25) node_modules/_egg-view@2.1.3@egg-view/app/extend/application.js",
    "start": 1611308593330,
    "end": 1611308593332,
    "duration": 2,
    "pid": 11488,
    "index": 30
  },
  {
    "name": "Require(26) app/extend/application.js",
    "start": 1611308593333,
    "end": 1611308593333,
    "duration": 0,
    "pid": 11488,
    "index": 31
  },
  {
    "name": "Load extend/request.js",
    "start": 1611308593336,
    "end": 1611308593345,
    "duration": 9,
    "pid": 11488,
    "index": 32
  },
  {
    "name": "Require(27) node_modules/_egg@2.29.1@egg/app/extend/request.js",
    "start": 1611308593339,
    "end": 1611308593340,
    "duration": 1,
    "pid": 11488,
    "index": 33
  },
  {
    "name": "Require(28) app/extend/request.js",
    "start": 1611308593340,
    "end": 1611308593341,
    "duration": 1,
    "pid": 11488,
    "index": 34
  },
  {
    "name": "Load extend/response.js",
    "start": 1611308593345,
    "end": 1611308593353,
    "duration": 8,
    "pid": 11488,
    "index": 35
  },
  {
    "name": "Require(29) node_modules/_egg@2.29.1@egg/app/extend/response.js",
    "start": 1611308593348,
    "end": 1611308593350,
    "duration": 2,
    "pid": 11488,
    "index": 36
  },
  {
    "name": "Load extend/context.js",
    "start": 1611308593353,
    "end": 1611308593424,
    "duration": 71,
    "pid": 11488,
    "index": 37
  },
  {
    "name": "Require(30) node_modules/_egg-security@2.8.0@egg-security/app/extend/context.js",
    "start": 1611308593354,
    "end": 1611308593367,
    "duration": 13,
    "pid": 11488,
    "index": 38
  },
  {
    "name": "Require(31) node_modules/_egg-jsonp@2.0.0@egg-jsonp/app/extend/context.js",
    "start": 1611308593367,
    "end": 1611308593369,
    "duration": 2,
    "pid": 11488,
    "index": 39
  },
  {
    "name": "Require(32) node_modules/_egg-i18n@2.1.1@egg-i18n/app/extend/context.js",
    "start": 1611308593369,
    "end": 1611308593370,
    "duration": 1,
    "pid": 11488,
    "index": 40
  },
  {
    "name": "Require(33) node_modules/_egg-multipart@2.10.3@egg-multipart/app/extend/context.js",
    "start": 1611308593370,
    "end": 1611308593417,
    "duration": 47,
    "pid": 11488,
    "index": 41
  },
  {
    "name": "Require(34) node_modules/_egg-view@2.1.3@egg-view/app/extend/context.js",
    "start": 1611308593417,
    "end": 1611308593418,
    "duration": 1,
    "pid": 11488,
    "index": 42
  },
  {
    "name": "Require(35) node_modules/_egg@2.29.1@egg/app/extend/context.js",
    "start": 1611308593419,
    "end": 1611308593420,
    "duration": 1,
    "pid": 11488,
    "index": 43
  },
  {
    "name": "Require(36) app/extend/context.js",
    "start": 1611308593421,
    "end": 1611308593421,
    "duration": 0,
    "pid": 11488,
    "index": 44
  },
  {
    "name": "Load extend/helper.js",
    "start": 1611308593424,
    "end": 1611308593448,
    "duration": 24,
    "pid": 11488,
    "index": 45
  },
  {
    "name": "Require(37) node_modules/_egg-security@2.8.0@egg-security/app/extend/helper.js",
    "start": 1611308593424,
    "end": 1611308593440,
    "duration": 16,
    "pid": 11488,
    "index": 46
  },
  {
    "name": "Require(38) node_modules/_egg@2.29.1@egg/app/extend/helper.js",
    "start": 1611308593443,
    "end": 1611308593443,
    "duration": 0,
    "pid": 11488,
    "index": 47
  },
  {
    "name": "Require(39) app/extend/helper.js",
    "start": 1611308593443,
    "end": 1611308593446,
    "duration": 3,
    "pid": 11488,
    "index": 48
  },
  {
    "name": "Load app.js",
    "start": 1611308593449,
    "end": 1611308593484,
    "duration": 35,
    "pid": 11488,
    "index": 49
  },
  {
    "name": "Require(40) node_modules/_egg-session@3.2.0@egg-session/app.js",
    "start": 1611308593449,
    "end": 1611308593449,
    "duration": 0,
    "pid": 11488,
    "index": 50
  },
  {
    "name": "Require(41) node_modules/_egg-security@2.8.0@egg-security/app.js",
    "start": 1611308593450,
    "end": 1611308593451,
    "duration": 1,
    "pid": 11488,
    "index": 51
  },
  {
    "name": "Require(42) node_modules/_egg-onerror@2.1.0@egg-onerror/app.js",
    "start": 1611308593452,
    "end": 1611308593463,
    "duration": 11,
    "pid": 11488,
    "index": 52
  },
  {
    "name": "Require(43) node_modules/_egg-i18n@2.1.1@egg-i18n/app.js",
    "start": 1611308593463,
    "end": 1611308593471,
    "duration": 8,
    "pid": 11488,
    "index": 53
  },
  {
    "name": "Require(44) node_modules/_egg-watcher@3.1.1@egg-watcher/app.js",
    "start": 1611308593471,
    "end": 1611308593477,
    "duration": 6,
    "pid": 11488,
    "index": 54
  },
  {
    "name": "Require(45) node_modules/_egg-schedule@3.6.6@egg-schedule/app.js",
    "start": 1611308593477,
    "end": 1611308593479,
    "duration": 2,
    "pid": 11488,
    "index": 55
  },
  {
    "name": "Require(46) node_modules/_egg-multipart@2.10.3@egg-multipart/app.js",
    "start": 1611308593479,
    "end": 1611308593480,
    "duration": 1,
    "pid": 11488,
    "index": 56
  },
  {
    "name": "Require(47) node_modules/_egg-development@2.7.0@egg-development/app.js",
    "start": 1611308593480,
    "end": 1611308593480,
    "duration": 0,
    "pid": 11488,
    "index": 57
  },
  {
    "name": "Require(48) node_modules/_egg-logrotator@3.1.0@egg-logrotator/app.js",
    "start": 1611308593480,
    "end": 1611308593481,
    "duration": 1,
    "pid": 11488,
    "index": 58
  },
  {
    "name": "Require(49) node_modules/_egg-static@2.2.0@egg-static/app.js",
    "start": 1611308593481,
    "end": 1611308593481,
    "duration": 0,
    "pid": 11488,
    "index": 59
  },
  {
    "name": "Require(50) node_modules/_egg-view-ejs@2.0.1@egg-view-ejs/app.js",
    "start": 1611308593482,
    "end": 1611308593483,
    "duration": 1,
    "pid": 11488,
    "index": 60
  },
  {
    "name": "Before Start in node_modules/_egg-watcher@3.1.1@egg-watcher/lib/init.js:15:14",
    "start": 1611308593492,
    "end": 1611308593672,
    "duration": 180,
    "pid": 11488,
    "index": 61
  },
  {
    "name": "Load Service",
    "start": 1611308593521,
    "end": 1611308593530,
    "duration": 9,
    "pid": 11488,
    "index": 62
  },
  {
    "name": "Load \"service\" to Context",
    "start": 1611308593521,
    "end": 1611308593530,
    "duration": 9,
    "pid": 11488,
    "index": 63
  },
  {
    "name": "Load Middleware",
    "start": 1611308593530,
    "end": 1611308593656,
    "duration": 126,
    "pid": 11488,
    "index": 64
  },
  {
    "name": "Load \"middlewares\" to Application",
    "start": 1611308593530,
    "end": 1611308593639,
    "duration": 109,
    "pid": 11488,
    "index": 65
  },
  {
    "name": "Load Controller",
    "start": 1611308593656,
    "end": 1611308593658,
    "duration": 2,
    "pid": 11488,
    "index": 66
  },
  {
    "name": "Load \"controller\" to Application",
    "start": 1611308593656,
    "end": 1611308593658,
    "duration": 2,
    "pid": 11488,
    "index": 67
  },
  {
    "name": "Load Router",
    "start": 1611308593658,
    "end": 1611308593661,
    "duration": 3,
    "pid": 11488,
    "index": 68
  },
  {
    "name": "Require(51) app/router.js",
    "start": 1611308593659,
    "end": 1611308593659,
    "duration": 0,
    "pid": 11488,
    "index": 69
  },
  {
    "name": "Before Start in node_modules/_egg-core@4.20.0@egg-core/lib/egg.js:303:10",
    "start": 1611308593659,
    "end": 1611308593666,
    "duration": 7,
    "pid": 11488,
    "index": 70
  }
]