[
  {
    "name": "Process Start",
    "start": 1611308502454,
    "end": 1611308503612,
    "duration": 1158,
    "pid": 5432,
    "index": 0
  },
  {
    "name": "Application Start",
    "start": 1611308503613,
    "end": 1611308504022,
    "duration": 409,
    "pid": 5432,
    "index": 1
  },
  {
    "name": "Load Plugin",
    "start": 1611308503617,
    "end": 1611308503636,
    "duration": 19,
    "pid": 5432,
    "index": 2
  },
  {
    "name": "Load Config",
    "start": 1611308503636,
    "end": 1611308503656,
    "duration": 20,
    "pid": 5432,
    "index": 3
  },
  {
    "name": "Require(0) config/config.default.js",
    "start": 1611308503637,
    "end": 1611308503637,
    "duration": 0,
    "pid": 5432,
    "index": 4
  },
  {
    "name": "Require(1) node_modules/_egg-session@3.2.0@egg-session/config/config.default.js",
    "start": 1611308503638,
    "end": 1611308503639,
    "duration": 1,
    "pid": 5432,
    "index": 5
  },
  {
    "name": "Require(2) node_modules/_egg-security@2.8.0@egg-security/config/config.default.js",
    "start": 1611308503639,
    "end": 1611308503639,
    "duration": 0,
    "pid": 5432,
    "index": 6
  },
  {
    "name": "Require(3) node_modules/_egg-jsonp@2.0.0@egg-jsonp/config/config.default.js",
    "start": 1611308503640,
    "end": 1611308503641,
    "duration": 1,
    "pid": 5432,
    "index": 7
  },
  {
    "name": "Require(4) node_modules/_egg-onerror@2.1.0@egg-onerror/config/config.default.js",
    "start": 1611308503641,
    "end": 1611308503642,
    "duration": 1,
    "pid": 5432,
    "index": 8
  },
  {
    "name": "Require(5) node_modules/_egg-i18n@2.1.1@egg-i18n/config/config.default.js",
    "start": 1611308503642,
    "end": 1611308503642,
    "duration": 0,
    "pid": 5432,
    "index": 9
  },
  {
    "name": "Require(6) node_modules/_egg-watcher@3.1.1@egg-watcher/config/config.default.js",
    "start": 1611308503643,
    "end": 1611308503643,
    "duration": 0,
    "pid": 5432,
    "index": 10
  },
  {
    "name": "Require(7) node_modules/_egg-schedule@3.6.6@egg-schedule/config/config.default.js",
    "start": 1611308503644,
    "end": 1611308503644,
    "duration": 0,
    "pid": 5432,
    "index": 11
  },
  {
    "name": "Require(8) node_modules/_egg-multipart@2.10.3@egg-multipart/config/config.default.js",
    "start": 1611308503645,
    "end": 1611308503645,
    "duration": 0,
    "pid": 5432,
    "index": 12
  },
  {
    "name": "Require(9) node_modules/_egg-development@2.7.0@egg-development/config/config.default.js",
    "start": 1611308503646,
    "end": 1611308503646,
    "duration": 0,
    "pid": 5432,
    "index": 13
  },
  {
    "name": "Require(10) node_modules/_egg-logrotator@3.1.0@egg-logrotator/config/config.default.js",
    "start": 1611308503646,
    "end": 1611308503647,
    "duration": 1,
    "pid": 5432,
    "index": 14
  },
  {
    "name": "Require(11) node_modules/_egg-static@2.2.0@egg-static/config/config.default.js",
    "start": 1611308503647,
    "end": 1611308503648,
    "duration": 1,
    "pid": 5432,
    "index": 15
  },
  {
    "name": "Require(12) node_modules/_egg-view@2.1.3@egg-view/config/config.default.js",
    "start": 1611308503648,
    "end": 1611308503649,
    "duration": 1,
    "pid": 5432,
    "index": 16
  },
  {
    "name": "Require(13) node_modules/_egg-view-ejs@2.0.1@egg-view-ejs/config/config.default.js",
    "start": 1611308503649,
    "end": 1611308503649,
    "duration": 0,
    "pid": 5432,
    "index": 17
  },
  {
    "name": "Require(14) node_modules/_egg@2.29.1@egg/config/config.default.js",
    "start": 1611308503650,
    "end": 1611308503650,
    "duration": 0,
    "pid": 5432,
    "index": 18
  },
  {
    "name": "Require(15) config/config.default.js",
    "start": 1611308503651,
    "end": 1611308503651,
    "duration": 0,
    "pid": 5432,
    "index": 19
  },
  {
    "name": "Require(16) node_modules/_egg-security@2.8.0@egg-security/config/config.local.js",
    "start": 1611308503652,
    "end": 1611308503652,
    "duration": 0,
    "pid": 5432,
    "index": 20
  },
  {
    "name": "Require(17) node_modules/_egg-watcher@3.1.1@egg-watcher/config/config.local.js",
    "start": 1611308503653,
    "end": 1611308503653,
    "duration": 0,
    "pid": 5432,
    "index": 21
  },
  {
    "name": "Require(18) node_modules/_egg-view@2.1.3@egg-view/config/config.local.js",
    "start": 1611308503654,
    "end": 1611308503655,
    "duration": 1,
    "pid": 5432,
    "index": 22
  },
  {
    "name": "Require(19) node_modules/_egg-view-ejs@2.0.1@egg-view-ejs/config/config.local.js",
    "start": 1611308503655,
    "end": 1611308503655,
    "duration": 0,
    "pid": 5432,
    "index": 23
  },
  {
    "name": "Require(20) node_modules/_egg@2.29.1@egg/config/config.local.js",
    "start": 1611308503655,
    "end": 1611308503656,
    "duration": 1,
    "pid": 5432,
    "index": 24
  },
  {
    "name": "Load extend/application.js",
    "start": 1611308503657,
    "end": 1611308503672,
    "duration": 15,
    "pid": 5432,
    "index": 25
  },
  {
    "name": "Require(21) node_modules/_egg-session@3.2.0@egg-session/app/extend/application.js",
    "start": 1611308503657,
    "end": 1611308503657,
    "duration": 0,
    "pid": 5432,
    "index": 26
  },
  {
    "name": "Require(22) node_modules/_egg-security@2.8.0@egg-security/app/extend/application.js",
    "start": 1611308503658,
    "end": 1611308503659,
    "duration": 1,
    "pid": 5432,
    "index": 27
  },
  {
    "name": "Require(23) node_modules/_egg-jsonp@2.0.0@egg-jsonp/app/extend/application.js",
    "start": 1611308503659,
    "end": 1611308503661,
    "duration": 2,
    "pid": 5432,
    "index": 28
  },
  {
    "name": "Require(24) node_modules/_egg-logrotator@3.1.0@egg-logrotator/app/extend/application.js",
    "start": 1611308503663,
    "end": 1611308503665,
    "duration": 2,
    "pid": 5432,
    "index": 29
  },
  {
    "name": "Require(25) node_modules/_egg-view@2.1.3@egg-view/app/extend/application.js",
    "start": 1611308503666,
    "end": 1611308503668,
    "duration": 2,
    "pid": 5432,
    "index": 30
  },
  {
    "name": "Require(26) app/extend/application.js",
    "start": 1611308503669,
    "end": 1611308503669,
    "duration": 0,
    "pid": 5432,
    "index": 31
  },
  {
    "name": "Load extend/request.js",
    "start": 1611308503672,
    "end": 1611308503681,
    "duration": 9,
    "pid": 5432,
    "index": 32
  },
  {
    "name": "Require(27) node_modules/_egg@2.29.1@egg/app/extend/request.js",
    "start": 1611308503674,
    "end": 1611308503676,
    "duration": 2,
    "pid": 5432,
    "index": 33
  },
  {
    "name": "Require(28) app/extend/request.js",
    "start": 1611308503676,
    "end": 1611308503677,
    "duration": 1,
    "pid": 5432,
    "index": 34
  },
  {
    "name": "Load extend/response.js",
    "start": 1611308503681,
    "end": 1611308503690,
    "duration": 9,
    "pid": 5432,
    "index": 35
  },
  {
    "name": "Require(29) node_modules/_egg@2.29.1@egg/app/extend/response.js",
    "start": 1611308503684,
    "end": 1611308503686,
    "duration": 2,
    "pid": 5432,
    "index": 36
  },
  {
    "name": "Load extend/context.js",
    "start": 1611308503690,
    "end": 1611308503761,
    "duration": 71,
    "pid": 5432,
    "index": 37
  },
  {
    "name": "Require(30) node_modules/_egg-security@2.8.0@egg-security/app/extend/context.js",
    "start": 1611308503690,
    "end": 1611308503704,
    "duration": 14,
    "pid": 5432,
    "index": 38
  },
  {
    "name": "Require(31) node_modules/_egg-jsonp@2.0.0@egg-jsonp/app/extend/context.js",
    "start": 1611308503704,
    "end": 1611308503706,
    "duration": 2,
    "pid": 5432,
    "index": 39
  },
  {
    "name": "Require(32) node_modules/_egg-i18n@2.1.1@egg-i18n/app/extend/context.js",
    "start": 1611308503707,
    "end": 1611308503707,
    "duration": 0,
    "pid": 5432,
    "index": 40
  },
  {
    "name": "Require(33) node_modules/_egg-multipart@2.10.3@egg-multipart/app/extend/context.js",
    "start": 1611308503708,
    "end": 1611308503754,
    "duration": 46,
    "pid": 5432,
    "index": 41
  },
  {
    "name": "Require(34) node_modules/_egg-view@2.1.3@egg-view/app/extend/context.js",
    "start": 1611308503755,
    "end": 1611308503756,
    "duration": 1,
    "pid": 5432,
    "index": 42
  },
  {
    "name": "Require(35) node_modules/_egg@2.29.1@egg/app/extend/context.js",
    "start": 1611308503756,
    "end": 1611308503758,
    "duration": 2,
    "pid": 5432,
    "index": 43
  },
  {
    "name": "Require(36) app/extend/context.js",
    "start": 1611308503758,
    "end": 1611308503758,
    "duration": 0,
    "pid": 5432,
    "index": 44
  },
  {
    "name": "Load extend/helper.js",
    "start": 1611308503761,
    "end": 1611308503787,
    "duration": 26,
    "pid": 5432,
    "index": 45
  },
  {
    "name": "Require(37) node_modules/_egg-security@2.8.0@egg-security/app/extend/helper.js",
    "start": 1611308503762,
    "end": 1611308503779,
    "duration": 17,
    "pid": 5432,
    "index": 46
  },
  {
    "name": "Require(38) node_modules/_egg@2.29.1@egg/app/extend/helper.js",
    "start": 1611308503781,
    "end": 1611308503781,
    "duration": 0,
    "pid": 5432,
    "index": 47
  },
  {
    "name": "Require(39) app/extend/helper.js",
    "start": 1611308503782,
    "end": 1611308503784,
    "duration": 2,
    "pid": 5432,
    "index": 48
  },
  {
    "name": "Load app.js",
    "start": 1611308503787,
    "end": 1611308503822,
    "duration": 35,
    "pid": 5432,
    "index": 49
  },
  {
    "name": "Require(40) node_modules/_egg-session@3.2.0@egg-session/app.js",
    "start": 1611308503787,
    "end": 1611308503788,
    "duration": 1,
    "pid": 5432,
    "index": 50
  },
  {
    "name": "Require(41) node_modules/_egg-security@2.8.0@egg-security/app.js",
    "start": 1611308503788,
    "end": 1611308503790,
    "duration": 2,
    "pid": 5432,
    "index": 51
  },
  {
    "name": "Require(42) node_modules/_egg-onerror@2.1.0@egg-onerror/app.js",
    "start": 1611308503791,
    "end": 1611308503801,
    "duration": 10,
    "pid": 5432,
    "index": 52
  },
  {
    "name": "Require(43) node_modules/_egg-i18n@2.1.1@egg-i18n/app.js",
    "start": 1611308503802,
    "end": 1611308503810,
    "duration": 8,
    "pid": 5432,
    "index": 53
  },
  {
    "name": "Require(44) node_modules/_egg-watcher@3.1.1@egg-watcher/app.js",
    "start": 1611308503810,
    "end": 1611308503814,
    "duration": 4,
    "pid": 5432,
    "index": 54
  },
  {
    "name": "Require(45) node_modules/_egg-schedule@3.6.6@egg-schedule/app.js",
    "start": 1611308503815,
    "end": 1611308503817,
    "duration": 2,
    "pid": 5432,
    "index": 55
  },
  {
    "name": "Require(46) node_modules/_egg-multipart@2.10.3@egg-multipart/app.js",
    "start": 1611308503817,
    "end": 1611308503817,
    "duration": 0,
    "pid": 5432,
    "index": 56
  },
  {
    "name": "Require(47) node_modules/_egg-development@2.7.0@egg-development/app.js",
    "start": 1611308503818,
    "end": 1611308503818,
    "duration": 0,
    "pid": 5432,
    "index": 57
  },
  {
    "name": "Require(48) node_modules/_egg-logrotator@3.1.0@egg-logrotator/app.js",
    "start": 1611308503818,
    "end": 1611308503819,
    "duration": 1,
    "pid": 5432,
    "index": 58
  },
  {
    "name": "Require(49) node_modules/_egg-static@2.2.0@egg-static/app.js",
    "start": 1611308503819,
    "end": 1611308503819,
    "duration": 0,
    "pid": 5432,
    "index": 59
  },
  {
    "name": "Require(50) node_modules/_egg-view-ejs@2.0.1@egg-view-ejs/app.js",
    "start": 1611308503820,
    "end": 1611308503821,
    "duration": 1,
    "pid": 5432,
    "index": 60
  },
  {
    "name": "Before Start in node_modules/_egg-watcher@3.1.1@egg-watcher/lib/init.js:15:14",
    "start": 1611308503830,
    "end": 1611308504022,
    "duration": 192,
    "pid": 5432,
    "index": 61
  },
  {
    "name": "Load Service",
    "start": 1611308503860,
    "end": 1611308503869,
    "duration": 9,
    "pid": 5432,
    "index": 62
  },
  {
    "name": "Load \"service\" to Context",
    "start": 1611308503860,
    "end": 1611308503869,
    "duration": 9,
    "pid": 5432,
    "index": 63
  },
  {
    "name": "Load Middleware",
    "start": 1611308503869,
    "end": 1611308504004,
    "duration": 135,
    "pid": 5432,
    "index": 64
  },
  {
    "name": "Load \"middlewares\" to Application",
    "start": 1611308503869,
    "end": 1611308503985,
    "duration": 116,
    "pid": 5432,
    "index": 65
  },
  {
    "name": "Load Controller",
    "start": 1611308504004,
    "end": 1611308504007,
    "duration": 3,
    "pid": 5432,
    "index": 66
  },
  {
    "name": "Load \"controller\" to Application",
    "start": 1611308504004,
    "end": 1611308504007,
    "duration": 3,
    "pid": 5432,
    "index": 67
  },
  {
    "name": "Load Router",
    "start": 1611308504007,
    "end": 1611308504009,
    "duration": 2,
    "pid": 5432,
    "index": 68
  },
  {
    "name": "Require(51) app/router.js",
    "start": 1611308504007,
    "end": 1611308504007,
    "duration": 0,
    "pid": 5432,
    "index": 69
  },
  {
    "name": "Before Start in node_modules/_egg-core@4.20.0@egg-core/lib/egg.js:303:10",
    "start": 1611308504007,
    "end": 1611308504015,
    "duration": 8,
    "pid": 5432,
    "index": 70
  }
]