[
  {
    "name": "Process Start",
    "start": 1611308532883,
    "end": 1611308534728,
    "duration": 1845,
    "pid": 7120,
    "index": 0
  },
  {
    "name": "Application Start",
    "start": 1611308534730,
    "end": 1611308535419,
    "duration": 689,
    "pid": 7120,
    "index": 1
  },
  {
    "name": "Load Plugin",
    "start": 1611308534736,
    "end": 1611308534774,
    "duration": 38,
    "pid": 7120,
    "index": 2
  },
  {
    "name": "Load Config",
    "start": 1611308534774,
    "end": 1611308534816,
    "duration": 42,
    "pid": 7120,
    "index": 3
  },
  {
    "name": "Require(0) config/config.default.js",
    "start": 1611308534775,
    "end": 1611308534776,
    "duration": 1,
    "pid": 7120,
    "index": 4
  },
  {
    "name": "Require(1) node_modules/_egg-session@3.2.0@egg-session/config/config.default.js",
    "start": 1611308534779,
    "end": 1611308534780,
    "duration": 1,
    "pid": 7120,
    "index": 5
  },
  {
    "name": "Require(2) node_modules/_egg-security@2.8.0@egg-security/config/config.default.js",
    "start": 1611308534781,
    "end": 1611308534782,
    "duration": 1,
    "pid": 7120,
    "index": 6
  },
  {
    "name": "Require(3) node_modules/_egg-jsonp@2.0.0@egg-jsonp/config/config.default.js",
    "start": 1611308534784,
    "end": 1611308534785,
    "duration": 1,
    "pid": 7120,
    "index": 7
  },
  {
    "name": "Require(4) node_modules/_egg-onerror@2.1.0@egg-onerror/config/config.default.js",
    "start": 1611308534786,
    "end": 1611308534787,
    "duration": 1,
    "pid": 7120,
    "index": 8
  },
  {
    "name": "Require(5) node_modules/_egg-i18n@2.1.1@egg-i18n/config/config.default.js",
    "start": 1611308534788,
    "end": 1611308534789,
    "duration": 1,
    "pid": 7120,
    "index": 9
  },
  {
    "name": "Require(6) node_modules/_egg-watcher@3.1.1@egg-watcher/config/config.default.js",
    "start": 1611308534790,
    "end": 1611308534790,
    "duration": 0,
    "pid": 7120,
    "index": 10
  },
  {
    "name": "Require(7) node_modules/_egg-schedule@3.6.6@egg-schedule/config/config.default.js",
    "start": 1611308534791,
    "end": 1611308534792,
    "duration": 1,
    "pid": 7120,
    "index": 11
  },
  {
    "name": "Require(8) node_modules/_egg-multipart@2.10.3@egg-multipart/config/config.default.js",
    "start": 1611308534793,
    "end": 1611308534794,
    "duration": 1,
    "pid": 7120,
    "index": 12
  },
  {
    "name": "Require(9) node_modules/_egg-development@2.7.0@egg-development/config/config.default.js",
    "start": 1611308534796,
    "end": 1611308534797,
    "duration": 1,
    "pid": 7120,
    "index": 13
  },
  {
    "name": "Require(10) node_modules/_egg-logrotator@3.1.0@egg-logrotator/config/config.default.js",
    "start": 1611308534797,
    "end": 1611308534798,
    "duration": 1,
    "pid": 7120,
    "index": 14
  },
  {
    "name": "Require(11) node_modules/_egg-static@2.2.0@egg-static/config/config.default.js",
    "start": 1611308534799,
    "end": 1611308534799,
    "duration": 0,
    "pid": 7120,
    "index": 15
  },
  {
    "name": "Require(12) node_modules/_egg-view@2.1.3@egg-view/config/config.default.js",
    "start": 1611308534800,
    "end": 1611308534801,
    "duration": 1,
    "pid": 7120,
    "index": 16
  },
  {
    "name": "Require(13) node_modules/_egg-view-ejs@2.0.1@egg-view-ejs/config/config.default.js",
    "start": 1611308534802,
    "end": 1611308534802,
    "duration": 0,
    "pid": 7120,
    "index": 17
  },
  {
    "name": "Require(14) node_modules/_egg@2.29.1@egg/config/config.default.js",
    "start": 1611308534803,
    "end": 1611308534804,
    "duration": 1,
    "pid": 7120,
    "index": 18
  },
  {
    "name": "Require(15) config/config.default.js",
    "start": 1611308534806,
    "end": 1611308534806,
    "duration": 0,
    "pid": 7120,
    "index": 19
  },
  {
    "name": "Require(16) node_modules/_egg-security@2.8.0@egg-security/config/config.local.js",
    "start": 1611308534808,
    "end": 1611308534808,
    "duration": 0,
    "pid": 7120,
    "index": 20
  },
  {
    "name": "Require(17) node_modules/_egg-watcher@3.1.1@egg-watcher/config/config.local.js",
    "start": 1611308534810,
    "end": 1611308534811,
    "duration": 1,
    "pid": 7120,
    "index": 21
  },
  {
    "name": "Require(18) node_modules/_egg-view@2.1.3@egg-view/config/config.local.js",
    "start": 1611308534814,
    "end": 1611308534814,
    "duration": 0,
    "pid": 7120,
    "index": 22
  },
  {
    "name": "Require(19) node_modules/_egg-view-ejs@2.0.1@egg-view-ejs/config/config.local.js",
    "start": 1611308534815,
    "end": 1611308534815,
    "duration": 0,
    "pid": 7120,
    "index": 23
  },
  {
    "name": "Require(20) node_modules/_egg@2.29.1@egg/config/config.local.js",
    "start": 1611308534816,
    "end": 1611308534816,
    "duration": 0,
    "pid": 7120,
    "index": 24
  },
  {
    "name": "Load extend/application.js",
    "start": 1611308534818,
    "end": 1611308534845,
    "duration": 27,
    "pid": 7120,
    "index": 25
  },
  {
    "name": "Require(21) node_modules/_egg-session@3.2.0@egg-session/app/extend/application.js",
    "start": 1611308534819,
    "end": 1611308534820,
    "duration": 1,
    "pid": 7120,
    "index": 26
  },
  {
    "name": "Require(22) node_modules/_egg-security@2.8.0@egg-security/app/extend/application.js",
    "start": 1611308534820,
    "end": 1611308534822,
    "duration": 2,
    "pid": 7120,
    "index": 27
  },
  {
    "name": "Require(23) node_modules/_egg-jsonp@2.0.0@egg-jsonp/app/extend/application.js",
    "start": 1611308534823,
    "end": 1611308534826,
    "duration": 3,
    "pid": 7120,
    "index": 28
  },
  {
    "name": "Require(24) node_modules/_egg-logrotator@3.1.0@egg-logrotator/app/extend/application.js",
    "start": 1611308534829,
    "end": 1611308534834,
    "duration": 5,
    "pid": 7120,
    "index": 29
  },
  {
    "name": "Require(25) node_modules/_egg-view@2.1.3@egg-view/app/extend/application.js",
    "start": 1611308534835,
    "end": 1611308534838,
    "duration": 3,
    "pid": 7120,
    "index": 30
  },
  {
    "name": "Require(26) app/extend/application.js",
    "start": 1611308534839,
    "end": 1611308534840,
    "duration": 1,
    "pid": 7120,
    "index": 31
  },
  {
    "name": "Load extend/request.js",
    "start": 1611308534845,
    "end": 1611308534857,
    "duration": 12,
    "pid": 7120,
    "index": 32
  },
  {
    "name": "Require(27) node_modules/_egg@2.29.1@egg/app/extend/request.js",
    "start": 1611308534850,
    "end": 1611308534852,
    "duration": 2,
    "pid": 7120,
    "index": 33
  },
  {
    "name": "Require(28) app/extend/request.js",
    "start": 1611308534852,
    "end": 1611308534853,
    "duration": 1,
    "pid": 7120,
    "index": 34
  },
  {
    "name": "Load extend/response.js",
    "start": 1611308534857,
    "end": 1611308534874,
    "duration": 17,
    "pid": 7120,
    "index": 35
  },
  {
    "name": "Require(29) node_modules/_egg@2.29.1@egg/app/extend/response.js",
    "start": 1611308534865,
    "end": 1611308534869,
    "duration": 4,
    "pid": 7120,
    "index": 36
  },
  {
    "name": "Load extend/context.js",
    "start": 1611308534874,
    "end": 1611308534991,
    "duration": 117,
    "pid": 7120,
    "index": 37
  },
  {
    "name": "Require(30) node_modules/_egg-security@2.8.0@egg-security/app/extend/context.js",
    "start": 1611308534875,
    "end": 1611308534901,
    "duration": 26,
    "pid": 7120,
    "index": 38
  },
  {
    "name": "Require(31) node_modules/_egg-jsonp@2.0.0@egg-jsonp/app/extend/context.js",
    "start": 1611308534901,
    "end": 1611308534904,
    "duration": 3,
    "pid": 7120,
    "index": 39
  },
  {
    "name": "Require(32) node_modules/_egg-i18n@2.1.1@egg-i18n/app/extend/context.js",
    "start": 1611308534905,
    "end": 1611308534905,
    "duration": 0,
    "pid": 7120,
    "index": 40
  },
  {
    "name": "Require(33) node_modules/_egg-multipart@2.10.3@egg-multipart/app/extend/context.js",
    "start": 1611308534906,
    "end": 1611308534979,
    "duration": 73,
    "pid": 7120,
    "index": 41
  },
  {
    "name": "Require(34) node_modules/_egg-view@2.1.3@egg-view/app/extend/context.js",
    "start": 1611308534980,
    "end": 1611308534982,
    "duration": 2,
    "pid": 7120,
    "index": 42
  },
  {
    "name": "Require(35) node_modules/_egg@2.29.1@egg/app/extend/context.js",
    "start": 1611308534982,
    "end": 1611308534985,
    "duration": 3,
    "pid": 7120,
    "index": 43
  },
  {
    "name": "Require(36) app/extend/context.js",
    "start": 1611308534985,
    "end": 1611308534986,
    "duration": 1,
    "pid": 7120,
    "index": 44
  },
  {
    "name": "Load extend/helper.js",
    "start": 1611308534991,
    "end": 1611308535030,
    "duration": 39,
    "pid": 7120,
    "index": 45
  },
  {
    "name": "Require(37) node_modules/_egg-security@2.8.0@egg-security/app/extend/helper.js",
    "start": 1611308534992,
    "end": 1611308535017,
    "duration": 25,
    "pid": 7120,
    "index": 46
  },
  {
    "name": "Require(38) node_modules/_egg@2.29.1@egg/app/extend/helper.js",
    "start": 1611308535021,
    "end": 1611308535021,
    "duration": 0,
    "pid": 7120,
    "index": 47
  },
  {
    "name": "Require(39) app/extend/helper.js",
    "start": 1611308535022,
    "end": 1611308535025,
    "duration": 3,
    "pid": 7120,
    "index": 48
  },
  {
    "name": "Load app.js",
    "start": 1611308535031,
    "end": 1611308535086,
    "duration": 55,
    "pid": 7120,
    "index": 49
  },
  {
    "name": "Require(40) node_modules/_egg-session@3.2.0@egg-session/app.js",
    "start": 1611308535031,
    "end": 1611308535032,
    "duration": 1,
    "pid": 7120,
    "index": 50
  },
  {
    "name": "Require(41) node_modules/_egg-security@2.8.0@egg-security/app.js",
    "start": 1611308535032,
    "end": 1611308535035,
    "duration": 3,
    "pid": 7120,
    "index": 51
  },
  {
    "name": "Require(42) node_modules/_egg-onerror@2.1.0@egg-onerror/app.js",
    "start": 1611308535036,
    "end": 1611308535052,
    "duration": 16,
    "pid": 7120,
    "index": 52
  },
  {
    "name": "Require(43) node_modules/_egg-i18n@2.1.1@egg-i18n/app.js",
    "start": 1611308535053,
    "end": 1611308535066,
    "duration": 13,
    "pid": 7120,
    "index": 53
  },
  {
    "name": "Require(44) node_modules/_egg-watcher@3.1.1@egg-watcher/app.js",
    "start": 1611308535066,
    "end": 1611308535073,
    "duration": 7,
    "pid": 7120,
    "index": 54
  },
  {
    "name": "Require(45) node_modules/_egg-schedule@3.6.6@egg-schedule/app.js",
    "start": 1611308535073,
    "end": 1611308535076,
    "duration": 3,
    "pid": 7120,
    "index": 55
  },
  {
    "name": "Require(46) node_modules/_egg-multipart@2.10.3@egg-multipart/app.js",
    "start": 1611308535077,
    "end": 1611308535078,
    "duration": 1,
    "pid": 7120,
    "index": 56
  },
  {
    "name": "Require(47) node_modules/_egg-development@2.7.0@egg-development/app.js",
    "start": 1611308535078,
    "end": 1611308535079,
    "duration": 1,
    "pid": 7120,
    "index": 57
  },
  {
    "name": "Require(48) node_modules/_egg-logrotator@3.1.0@egg-logrotator/app.js",
    "start": 1611308535079,
    "end": 1611308535080,
    "duration": 1,
    "pid": 7120,
    "index": 58
  },
  {
    "name": "Require(49) node_modules/_egg-static@2.2.0@egg-static/app.js",
    "start": 1611308535080,
    "end": 1611308535080,
    "duration": 0,
    "pid": 7120,
    "index": 59
  },
  {
    "name": "Require(50) node_modules/_egg-view-ejs@2.0.1@egg-view-ejs/app.js",
    "start": 1611308535082,
    "end": 1611308535084,
    "duration": 2,
    "pid": 7120,
    "index": 60
  },
  {
    "name": "Before Start in node_modules/_egg-watcher@3.1.1@egg-watcher/lib/init.js:15:14",
    "start": 1611308535099,
    "end": 1611308535418,
    "duration": 319,
    "pid": 7120,
    "index": 61
  },
  {
    "name": "Load Service",
    "start": 1611308535145,
    "end": 1611308535154,
    "duration": 9,
    "pid": 7120,
    "index": 62
  },
  {
    "name": "Load \"service\" to Context",
    "start": 1611308535145,
    "end": 1611308535154,
    "duration": 9,
    "pid": 7120,
    "index": 63
  },
  {
    "name": "Load Middleware",
    "start": 1611308535154,
    "end": 1611308535386,
    "duration": 232,
    "pid": 7120,
    "index": 64
  },
  {
    "name": "Load \"middlewares\" to Application",
    "start": 1611308535154,
    "end": 1611308535351,
    "duration": 197,
    "pid": 7120,
    "index": 65
  },
  {
    "name": "Load Controller",
    "start": 1611308535386,
    "end": 1611308535390,
    "duration": 4,
    "pid": 7120,
    "index": 66
  },
  {
    "name": "Load \"controller\" to Application",
    "start": 1611308535386,
    "end": 1611308535390,
    "duration": 4,
    "pid": 7120,
    "index": 67
  },
  {
    "name": "Load Router",
    "start": 1611308535390,
    "end": 1611308535393,
    "duration": 3,
    "pid": 7120,
    "index": 68
  },
  {
    "name": "Require(51) app/router.js",
    "start": 1611308535390,
    "end": 1611308535391,
    "duration": 1,
    "pid": 7120,
    "index": 69
  },
  {
    "name": "Before Start in node_modules/_egg-core@4.20.0@egg-core/lib/egg.js:303:10",
    "start": 1611308535391,
    "end": 1611308535407,
    "duration": 16,
    "pid": 7120,
    "index": 70
  }
]