[
  {
    "name": "Process Start",
    "start": 1611308183083,
    "end": 1611308184234,
    "duration": 1151,
    "pid": 19896,
    "index": 0
  },
  {
    "name": "Application Start",
    "start": 1611308184235,
    "end": 1611308184676,
    "duration": 441,
    "pid": 19896,
    "index": 1
  },
  {
    "name": "Load Plugin",
    "start": 1611308184239,
    "end": 1611308184260,
    "duration": 21,
    "pid": 19896,
    "index": 2
  },
  {
    "name": "Load Config",
    "start": 1611308184260,
    "end": 1611308184283,
    "duration": 23,
    "pid": 19896,
    "index": 3
  },
  {
    "name": "Require(0) config/config.default.js",
    "start": 1611308184261,
    "end": 1611308184261,
    "duration": 0,
    "pid": 19896,
    "index": 4
  },
  {
    "name": "Require(1) node_modules/_egg-session@3.2.0@egg-session/config/config.default.js",
    "start": 1611308184263,
    "end": 1611308184263,
    "duration": 0,
    "pid": 19896,
    "index": 5
  },
  {
    "name": "Require(2) node_modules/_egg-security@2.8.0@egg-security/config/config.default.js",
    "start": 1611308184263,
    "end": 1611308184264,
    "duration": 1,
    "pid": 19896,
    "index": 6
  },
  {
    "name": "Require(3) node_modules/_egg-jsonp@2.0.0@egg-jsonp/config/config.default.js",
    "start": 1611308184265,
    "end": 1611308184265,
    "duration": 0,
    "pid": 19896,
    "index": 7
  },
  {
    "name": "Require(4) node_modules/_egg-onerror@2.1.0@egg-onerror/config/config.default.js",
    "start": 1611308184266,
    "end": 1611308184266,
    "duration": 0,
    "pid": 19896,
    "index": 8
  },
  {
    "name": "Require(5) node_modules/_egg-i18n@2.1.1@egg-i18n/config/config.default.js",
    "start": 1611308184267,
    "end": 1611308184267,
    "duration": 0,
    "pid": 19896,
    "index": 9
  },
  {
    "name": "Require(6) node_modules/_egg-watcher@3.1.1@egg-watcher/config/config.default.js",
    "start": 1611308184268,
    "end": 1611308184268,
    "duration": 0,
    "pid": 19896,
    "index": 10
  },
  {
    "name": "Require(7) node_modules/_egg-schedule@3.6.6@egg-schedule/config/config.default.js",
    "start": 1611308184269,
    "end": 1611308184269,
    "duration": 0,
    "pid": 19896,
    "index": 11
  },
  {
    "name": "Require(8) node_modules/_egg-multipart@2.10.3@egg-multipart/config/config.default.js",
    "start": 1611308184270,
    "end": 1611308184270,
    "duration": 0,
    "pid": 19896,
    "index": 12
  },
  {
    "name": "Require(9) node_modules/_egg-development@2.7.0@egg-development/config/config.default.js",
    "start": 1611308184271,
    "end": 1611308184271,
    "duration": 0,
    "pid": 19896,
    "index": 13
  },
  {
    "name": "Require(10) node_modules/_egg-logrotator@3.1.0@egg-logrotator/config/config.default.js",
    "start": 1611308184272,
    "end": 1611308184272,
    "duration": 0,
    "pid": 19896,
    "index": 14
  },
  {
    "name": "Require(11) node_modules/_egg-static@2.2.0@egg-static/config/config.default.js",
    "start": 1611308184273,
    "end": 1611308184274,
    "duration": 1,
    "pid": 19896,
    "index": 15
  },
  {
    "name": "Require(12) node_modules/_egg-view@2.1.3@egg-view/config/config.default.js",
    "start": 1611308184275,
    "end": 1611308184275,
    "duration": 0,
    "pid": 19896,
    "index": 16
  },
  {
    "name": "Require(13) node_modules/_egg-view-ejs@2.0.1@egg-view-ejs/config/config.default.js",
    "start": 1611308184276,
    "end": 1611308184276,
    "duration": 0,
    "pid": 19896,
    "index": 17
  },
  {
    "name": "Require(14) node_modules/_egg@2.29.1@egg/config/config.default.js",
    "start": 1611308184277,
    "end": 1611308184277,
    "duration": 0,
    "pid": 19896,
    "index": 18
  },
  {
    "name": "Require(15) config/config.default.js",
    "start": 1611308184278,
    "end": 1611308184278,
    "duration": 0,
    "pid": 19896,
    "index": 19
  },
  {
    "name": "Require(16) node_modules/_egg-security@2.8.0@egg-security/config/config.local.js",
    "start": 1611308184279,
    "end": 1611308184279,
    "duration": 0,
    "pid": 19896,
    "index": 20
  },
  {
    "name": "Require(17) node_modules/_egg-watcher@3.1.1@egg-watcher/config/config.local.js",
    "start": 1611308184280,
    "end": 1611308184280,
    "duration": 0,
    "pid": 19896,
    "index": 21
  },
  {
    "name": "Require(18) node_modules/_egg-view@2.1.3@egg-view/config/config.local.js",
    "start": 1611308184282,
    "end": 1611308184282,
    "duration": 0,
    "pid": 19896,
    "index": 22
  },
  {
    "name": "Require(19) node_modules/_egg-view-ejs@2.0.1@egg-view-ejs/config/config.local.js",
    "start": 1611308184282,
    "end": 1611308184282,
    "duration": 0,
    "pid": 19896,
    "index": 23
  },
  {
    "name": "Require(20) node_modules/_egg@2.29.1@egg/config/config.local.js",
    "start": 1611308184283,
    "end": 1611308184283,
    "duration": 0,
    "pid": 19896,
    "index": 24
  },
  {
    "name": "Load extend/application.js",
    "start": 1611308184284,
    "end": 1611308184304,
    "duration": 20,
    "pid": 19896,
    "index": 25
  },
  {
    "name": "Require(21) node_modules/_egg-session@3.2.0@egg-session/app/extend/application.js",
    "start": 1611308184285,
    "end": 1611308184286,
    "duration": 1,
    "pid": 19896,
    "index": 26
  },
  {
    "name": "Require(22) node_modules/_egg-security@2.8.0@egg-security/app/extend/application.js",
    "start": 1611308184286,
    "end": 1611308184287,
    "duration": 1,
    "pid": 19896,
    "index": 27
  },
  {
    "name": "Require(23) node_modules/_egg-jsonp@2.0.0@egg-jsonp/app/extend/application.js",
    "start": 1611308184288,
    "end": 1611308184292,
    "duration": 4,
    "pid": 19896,
    "index": 28
  },
  {
    "name": "Require(24) node_modules/_egg-logrotator@3.1.0@egg-logrotator/app/extend/application.js",
    "start": 1611308184293,
    "end": 1611308184297,
    "duration": 4,
    "pid": 19896,
    "index": 29
  },
  {
    "name": "Require(25) node_modules/_egg-view@2.1.3@egg-view/app/extend/application.js",
    "start": 1611308184297,
    "end": 1611308184299,
    "duration": 2,
    "pid": 19896,
    "index": 30
  },
  {
    "name": "Require(26) app/extend/application.js",
    "start": 1611308184300,
    "end": 1611308184301,
    "duration": 1,
    "pid": 19896,
    "index": 31
  },
  {
    "name": "Load extend/request.js",
    "start": 1611308184304,
    "end": 1611308184312,
    "duration": 8,
    "pid": 19896,
    "index": 32
  },
  {
    "name": "Require(27) node_modules/_egg@2.29.1@egg/app/extend/request.js",
    "start": 1611308184308,
    "end": 1611308184309,
    "duration": 1,
    "pid": 19896,
    "index": 33
  },
  {
    "name": "Require(28) app/extend/request.js",
    "start": 1611308184310,
    "end": 1611308184310,
    "duration": 0,
    "pid": 19896,
    "index": 34
  },
  {
    "name": "Load extend/response.js",
    "start": 1611308184312,
    "end": 1611308184323,
    "duration": 11,
    "pid": 19896,
    "index": 35
  },
  {
    "name": "Require(29) node_modules/_egg@2.29.1@egg/app/extend/response.js",
    "start": 1611308184317,
    "end": 1611308184320,
    "duration": 3,
    "pid": 19896,
    "index": 36
  },
  {
    "name": "Load extend/context.js",
    "start": 1611308184323,
    "end": 1611308184397,
    "duration": 74,
    "pid": 19896,
    "index": 37
  },
  {
    "name": "Require(30) node_modules/_egg-security@2.8.0@egg-security/app/extend/context.js",
    "start": 1611308184323,
    "end": 1611308184337,
    "duration": 14,
    "pid": 19896,
    "index": 38
  },
  {
    "name": "Require(31) node_modules/_egg-jsonp@2.0.0@egg-jsonp/app/extend/context.js",
    "start": 1611308184337,
    "end": 1611308184339,
    "duration": 2,
    "pid": 19896,
    "index": 39
  },
  {
    "name": "Require(32) node_modules/_egg-i18n@2.1.1@egg-i18n/app/extend/context.js",
    "start": 1611308184340,
    "end": 1611308184340,
    "duration": 0,
    "pid": 19896,
    "index": 40
  },
  {
    "name": "Require(33) node_modules/_egg-multipart@2.10.3@egg-multipart/app/extend/context.js",
    "start": 1611308184341,
    "end": 1611308184390,
    "duration": 49,
    "pid": 19896,
    "index": 41
  },
  {
    "name": "Require(34) node_modules/_egg-view@2.1.3@egg-view/app/extend/context.js",
    "start": 1611308184391,
    "end": 1611308184392,
    "duration": 1,
    "pid": 19896,
    "index": 42
  },
  {
    "name": "Require(35) node_modules/_egg@2.29.1@egg/app/extend/context.js",
    "start": 1611308184392,
    "end": 1611308184394,
    "duration": 2,
    "pid": 19896,
    "index": 43
  },
  {
    "name": "Require(36) app/extend/context.js",
    "start": 1611308184394,
    "end": 1611308184395,
    "duration": 1,
    "pid": 19896,
    "index": 44
  },
  {
    "name": "Load extend/helper.js",
    "start": 1611308184398,
    "end": 1611308184424,
    "duration": 26,
    "pid": 19896,
    "index": 45
  },
  {
    "name": "Require(37) node_modules/_egg-security@2.8.0@egg-security/app/extend/helper.js",
    "start": 1611308184398,
    "end": 1611308184415,
    "duration": 17,
    "pid": 19896,
    "index": 46
  },
  {
    "name": "Require(38) node_modules/_egg@2.29.1@egg/app/extend/helper.js",
    "start": 1611308184418,
    "end": 1611308184418,
    "duration": 0,
    "pid": 19896,
    "index": 47
  },
  {
    "name": "Require(39) app/extend/helper.js",
    "start": 1611308184419,
    "end": 1611308184421,
    "duration": 2,
    "pid": 19896,
    "index": 48
  },
  {
    "name": "Load app.js",
    "start": 1611308184424,
    "end": 1611308184460,
    "duration": 36,
    "pid": 19896,
    "index": 49
  },
  {
    "name": "Require(40) node_modules/_egg-session@3.2.0@egg-session/app.js",
    "start": 1611308184424,
    "end": 1611308184425,
    "duration": 1,
    "pid": 19896,
    "index": 50
  },
  {
    "name": "Require(41) node_modules/_egg-security@2.8.0@egg-security/app.js",
    "start": 1611308184425,
    "end": 1611308184427,
    "duration": 2,
    "pid": 19896,
    "index": 51
  },
  {
    "name": "Require(42) node_modules/_egg-onerror@2.1.0@egg-onerror/app.js",
    "start": 1611308184428,
    "end": 1611308184438,
    "duration": 10,
    "pid": 19896,
    "index": 52
  },
  {
    "name": "Require(43) node_modules/_egg-i18n@2.1.1@egg-i18n/app.js",
    "start": 1611308184439,
    "end": 1611308184447,
    "duration": 8,
    "pid": 19896,
    "index": 53
  },
  {
    "name": "Require(44) node_modules/_egg-watcher@3.1.1@egg-watcher/app.js",
    "start": 1611308184448,
    "end": 1611308184451,
    "duration": 3,
    "pid": 19896,
    "index": 54
  },
  {
    "name": "Require(45) node_modules/_egg-schedule@3.6.6@egg-schedule/app.js",
    "start": 1611308184451,
    "end": 1611308184454,
    "duration": 3,
    "pid": 19896,
    "index": 55
  },
  {
    "name": "Require(46) node_modules/_egg-multipart@2.10.3@egg-multipart/app.js",
    "start": 1611308184454,
    "end": 1611308184455,
    "duration": 1,
    "pid": 19896,
    "index": 56
  },
  {
    "name": "Require(47) node_modules/_egg-development@2.7.0@egg-development/app.js",
    "start": 1611308184455,
    "end": 1611308184455,
    "duration": 0,
    "pid": 19896,
    "index": 57
  },
  {
    "name": "Require(48) node_modules/_egg-logrotator@3.1.0@egg-logrotator/app.js",
    "start": 1611308184456,
    "end": 1611308184456,
    "duration": 0,
    "pid": 19896,
    "index": 58
  },
  {
    "name": "Require(49) node_modules/_egg-static@2.2.0@egg-static/app.js",
    "start": 1611308184456,
    "end": 1611308184457,
    "duration": 1,
    "pid": 19896,
    "index": 59
  },
  {
    "name": "Require(50) node_modules/_egg-view-ejs@2.0.1@egg-view-ejs/app.js",
    "start": 1611308184457,
    "end": 1611308184459,
    "duration": 2,
    "pid": 19896,
    "index": 60
  },
  {
    "name": "Before Start in node_modules/_egg-watcher@3.1.1@egg-watcher/lib/init.js:15:14",
    "start": 1611308184467,
    "end": 1611308184676,
    "duration": 209,
    "pid": 19896,
    "index": 61
  },
  {
    "name": "Load Service",
    "start": 1611308184498,
    "end": 1611308184506,
    "duration": 8,
    "pid": 19896,
    "index": 62
  },
  {
    "name": "Load \"service\" to Context",
    "start": 1611308184498,
    "end": 1611308184506,
    "duration": 8,
    "pid": 19896,
    "index": 63
  },
  {
    "name": "Load Middleware",
    "start": 1611308184506,
    "end": 1611308184657,
    "duration": 151,
    "pid": 19896,
    "index": 64
  },
  {
    "name": "Load \"middlewares\" to Application",
    "start": 1611308184506,
    "end": 1611308184639,
    "duration": 133,
    "pid": 19896,
    "index": 65
  },
  {
    "name": "Load Controller",
    "start": 1611308184658,
    "end": 1611308184660,
    "duration": 2,
    "pid": 19896,
    "index": 66
  },
  {
    "name": "Load \"controller\" to Application",
    "start": 1611308184658,
    "end": 1611308184660,
    "duration": 2,
    "pid": 19896,
    "index": 67
  },
  {
    "name": "Load Router",
    "start": 1611308184661,
    "end": 1611308184663,
    "duration": 2,
    "pid": 19896,
    "index": 68
  },
  {
    "name": "Require(51) app/router.js",
    "start": 1611308184661,
    "end": 1611308184661,
    "duration": 0,
    "pid": 19896,
    "index": 69
  },
  {
    "name": "Before Start in node_modules/_egg-core@4.20.0@egg-core/lib/egg.js:303:10",
    "start": 1611308184662,
    "end": 1611308184669,
    "duration": 7,
    "pid": 19896,
    "index": 70
  }
]