[
  {
    "name": "Process Start",
    "start": 1611308034835,
    "end": 1611308036050,
    "duration": 1215,
    "pid": 4552,
    "index": 0
  },
  {
    "name": "Application Start",
    "start": 1611308036051,
    "end": 1611308036505,
    "duration": 454,
    "pid": 4552,
    "index": 1
  },
  {
    "name": "Load Plugin",
    "start": 1611308036055,
    "end": 1611308036077,
    "duration": 22,
    "pid": 4552,
    "index": 2
  },
  {
    "name": "Load Config",
    "start": 1611308036077,
    "end": 1611308036101,
    "duration": 24,
    "pid": 4552,
    "index": 3
  },
  {
    "name": "Require(0) config/config.default.js",
    "start": 1611308036078,
    "end": 1611308036078,
    "duration": 0,
    "pid": 4552,
    "index": 4
  },
  {
    "name": "Require(1) node_modules/_egg-session@3.2.0@egg-session/config/config.default.js",
    "start": 1611308036080,
    "end": 1611308036080,
    "duration": 0,
    "pid": 4552,
    "index": 5
  },
  {
    "name": "Require(2) node_modules/_egg-security@2.8.0@egg-security/config/config.default.js",
    "start": 1611308036081,
    "end": 1611308036081,
    "duration": 0,
    "pid": 4552,
    "index": 6
  },
  {
    "name": "Require(3) node_modules/_egg-jsonp@2.0.0@egg-jsonp/config/config.default.js",
    "start": 1611308036082,
    "end": 1611308036083,
    "duration": 1,
    "pid": 4552,
    "index": 7
  },
  {
    "name": "Require(4) node_modules/_egg-onerror@2.1.0@egg-onerror/config/config.default.js",
    "start": 1611308036083,
    "end": 1611308036084,
    "duration": 1,
    "pid": 4552,
    "index": 8
  },
  {
    "name": "Require(5) node_modules/_egg-i18n@2.1.1@egg-i18n/config/config.default.js",
    "start": 1611308036084,
    "end": 1611308036085,
    "duration": 1,
    "pid": 4552,
    "index": 9
  },
  {
    "name": "Require(6) node_modules/_egg-watcher@3.1.1@egg-watcher/config/config.default.js",
    "start": 1611308036085,
    "end": 1611308036086,
    "duration": 1,
    "pid": 4552,
    "index": 10
  },
  {
    "name": "Require(7) node_modules/_egg-schedule@3.6.6@egg-schedule/config/config.default.js",
    "start": 1611308036087,
    "end": 1611308036087,
    "duration": 0,
    "pid": 4552,
    "index": 11
  },
  {
    "name": "Require(8) node_modules/_egg-multipart@2.10.3@egg-multipart/config/config.default.js",
    "start": 1611308036088,
    "end": 1611308036088,
    "duration": 0,
    "pid": 4552,
    "index": 12
  },
  {
    "name": "Require(9) node_modules/_egg-development@2.7.0@egg-development/config/config.default.js",
    "start": 1611308036089,
    "end": 1611308036089,
    "duration": 0,
    "pid": 4552,
    "index": 13
  },
  {
    "name": "Require(10) node_modules/_egg-logrotator@3.1.0@egg-logrotator/config/config.default.js",
    "start": 1611308036090,
    "end": 1611308036090,
    "duration": 0,
    "pid": 4552,
    "index": 14
  },
  {
    "name": "Require(11) node_modules/_egg-static@2.2.0@egg-static/config/config.default.js",
    "start": 1611308036091,
    "end": 1611308036091,
    "duration": 0,
    "pid": 4552,
    "index": 15
  },
  {
    "name": "Require(12) node_modules/_egg-view@2.1.3@egg-view/config/config.default.js",
    "start": 1611308036092,
    "end": 1611308036092,
    "duration": 0,
    "pid": 4552,
    "index": 16
  },
  {
    "name": "Require(13) node_modules/_egg-view-ejs@2.0.1@egg-view-ejs/config/config.default.js",
    "start": 1611308036093,
    "end": 1611308036093,
    "duration": 0,
    "pid": 4552,
    "index": 17
  },
  {
    "name": "Require(14) node_modules/_egg@2.29.1@egg/config/config.default.js",
    "start": 1611308036094,
    "end": 1611308036094,
    "duration": 0,
    "pid": 4552,
    "index": 18
  },
  {
    "name": "Require(15) config/config.default.js",
    "start": 1611308036096,
    "end": 1611308036096,
    "duration": 0,
    "pid": 4552,
    "index": 19
  },
  {
    "name": "Require(16) node_modules/_egg-security@2.8.0@egg-security/config/config.local.js",
    "start": 1611308036096,
    "end": 1611308036097,
    "duration": 1,
    "pid": 4552,
    "index": 20
  },
  {
    "name": "Require(17) node_modules/_egg-watcher@3.1.1@egg-watcher/config/config.local.js",
    "start": 1611308036098,
    "end": 1611308036098,
    "duration": 0,
    "pid": 4552,
    "index": 21
  },
  {
    "name": "Require(18) node_modules/_egg-view@2.1.3@egg-view/config/config.local.js",
    "start": 1611308036100,
    "end": 1611308036100,
    "duration": 0,
    "pid": 4552,
    "index": 22
  },
  {
    "name": "Require(19) node_modules/_egg-view-ejs@2.0.1@egg-view-ejs/config/config.local.js",
    "start": 1611308036100,
    "end": 1611308036101,
    "duration": 1,
    "pid": 4552,
    "index": 23
  },
  {
    "name": "Require(20) node_modules/_egg@2.29.1@egg/config/config.local.js",
    "start": 1611308036101,
    "end": 1611308036101,
    "duration": 0,
    "pid": 4552,
    "index": 24
  },
  {
    "name": "Load extend/application.js",
    "start": 1611308036102,
    "end": 1611308036120,
    "duration": 18,
    "pid": 4552,
    "index": 25
  },
  {
    "name": "Require(21) node_modules/_egg-session@3.2.0@egg-session/app/extend/application.js",
    "start": 1611308036103,
    "end": 1611308036103,
    "duration": 0,
    "pid": 4552,
    "index": 26
  },
  {
    "name": "Require(22) node_modules/_egg-security@2.8.0@egg-security/app/extend/application.js",
    "start": 1611308036104,
    "end": 1611308036105,
    "duration": 1,
    "pid": 4552,
    "index": 27
  },
  {
    "name": "Require(23) node_modules/_egg-jsonp@2.0.0@egg-jsonp/app/extend/application.js",
    "start": 1611308036106,
    "end": 1611308036108,
    "duration": 2,
    "pid": 4552,
    "index": 28
  },
  {
    "name": "Require(24) node_modules/_egg-logrotator@3.1.0@egg-logrotator/app/extend/application.js",
    "start": 1611308036110,
    "end": 1611308036113,
    "duration": 3,
    "pid": 4552,
    "index": 29
  },
  {
    "name": "Require(25) node_modules/_egg-view@2.1.3@egg-view/app/extend/application.js",
    "start": 1611308036114,
    "end": 1611308036116,
    "duration": 2,
    "pid": 4552,
    "index": 30
  },
  {
    "name": "Require(26) app/extend/application.js",
    "start": 1611308036117,
    "end": 1611308036117,
    "duration": 0,
    "pid": 4552,
    "index": 31
  },
  {
    "name": "Load extend/request.js",
    "start": 1611308036120,
    "end": 1611308036131,
    "duration": 11,
    "pid": 4552,
    "index": 32
  },
  {
    "name": "Require(27) node_modules/_egg@2.29.1@egg/app/extend/request.js",
    "start": 1611308036123,
    "end": 1611308036125,
    "duration": 2,
    "pid": 4552,
    "index": 33
  },
  {
    "name": "Require(28) app/extend/request.js",
    "start": 1611308036125,
    "end": 1611308036126,
    "duration": 1,
    "pid": 4552,
    "index": 34
  },
  {
    "name": "Load extend/response.js",
    "start": 1611308036131,
    "end": 1611308036140,
    "duration": 9,
    "pid": 4552,
    "index": 35
  },
  {
    "name": "Require(29) node_modules/_egg@2.29.1@egg/app/extend/response.js",
    "start": 1611308036134,
    "end": 1611308036137,
    "duration": 3,
    "pid": 4552,
    "index": 36
  },
  {
    "name": "Load extend/context.js",
    "start": 1611308036140,
    "end": 1611308036217,
    "duration": 77,
    "pid": 4552,
    "index": 37
  },
  {
    "name": "Require(30) node_modules/_egg-security@2.8.0@egg-security/app/extend/context.js",
    "start": 1611308036140,
    "end": 1611308036154,
    "duration": 14,
    "pid": 4552,
    "index": 38
  },
  {
    "name": "Require(31) node_modules/_egg-jsonp@2.0.0@egg-jsonp/app/extend/context.js",
    "start": 1611308036155,
    "end": 1611308036156,
    "duration": 1,
    "pid": 4552,
    "index": 39
  },
  {
    "name": "Require(32) node_modules/_egg-i18n@2.1.1@egg-i18n/app/extend/context.js",
    "start": 1611308036157,
    "end": 1611308036157,
    "duration": 0,
    "pid": 4552,
    "index": 40
  },
  {
    "name": "Require(33) node_modules/_egg-multipart@2.10.3@egg-multipart/app/extend/context.js",
    "start": 1611308036158,
    "end": 1611308036209,
    "duration": 51,
    "pid": 4552,
    "index": 41
  },
  {
    "name": "Require(34) node_modules/_egg-view@2.1.3@egg-view/app/extend/context.js",
    "start": 1611308036210,
    "end": 1611308036211,
    "duration": 1,
    "pid": 4552,
    "index": 42
  },
  {
    "name": "Require(35) node_modules/_egg@2.29.1@egg/app/extend/context.js",
    "start": 1611308036212,
    "end": 1611308036213,
    "duration": 1,
    "pid": 4552,
    "index": 43
  },
  {
    "name": "Require(36) app/extend/context.js",
    "start": 1611308036214,
    "end": 1611308036214,
    "duration": 0,
    "pid": 4552,
    "index": 44
  },
  {
    "name": "Load extend/helper.js",
    "start": 1611308036217,
    "end": 1611308036245,
    "duration": 28,
    "pid": 4552,
    "index": 45
  },
  {
    "name": "Require(37) node_modules/_egg-security@2.8.0@egg-security/app/extend/helper.js",
    "start": 1611308036218,
    "end": 1611308036236,
    "duration": 18,
    "pid": 4552,
    "index": 46
  },
  {
    "name": "Require(38) node_modules/_egg@2.29.1@egg/app/extend/helper.js",
    "start": 1611308036239,
    "end": 1611308036239,
    "duration": 0,
    "pid": 4552,
    "index": 47
  },
  {
    "name": "Require(39) app/extend/helper.js",
    "start": 1611308036239,
    "end": 1611308036241,
    "duration": 2,
    "pid": 4552,
    "index": 48
  },
  {
    "name": "Load app.js",
    "start": 1611308036245,
    "end": 1611308036288,
    "duration": 43,
    "pid": 4552,
    "index": 49
  },
  {
    "name": "Require(40) node_modules/_egg-session@3.2.0@egg-session/app.js",
    "start": 1611308036245,
    "end": 1611308036246,
    "duration": 1,
    "pid": 4552,
    "index": 50
  },
  {
    "name": "Require(41) node_modules/_egg-security@2.8.0@egg-security/app.js",
    "start": 1611308036246,
    "end": 1611308036248,
    "duration": 2,
    "pid": 4552,
    "index": 51
  },
  {
    "name": "Require(42) node_modules/_egg-onerror@2.1.0@egg-onerror/app.js",
    "start": 1611308036249,
    "end": 1611308036263,
    "duration": 14,
    "pid": 4552,
    "index": 52
  },
  {
    "name": "Require(43) node_modules/_egg-i18n@2.1.1@egg-i18n/app.js",
    "start": 1611308036263,
    "end": 1611308036272,
    "duration": 9,
    "pid": 4552,
    "index": 53
  },
  {
    "name": "Require(44) node_modules/_egg-watcher@3.1.1@egg-watcher/app.js",
    "start": 1611308036272,
    "end": 1611308036278,
    "duration": 6,
    "pid": 4552,
    "index": 54
  },
  {
    "name": "Require(45) node_modules/_egg-schedule@3.6.6@egg-schedule/app.js",
    "start": 1611308036278,
    "end": 1611308036280,
    "duration": 2,
    "pid": 4552,
    "index": 55
  },
  {
    "name": "Require(46) node_modules/_egg-multipart@2.10.3@egg-multipart/app.js",
    "start": 1611308036281,
    "end": 1611308036281,
    "duration": 0,
    "pid": 4552,
    "index": 56
  },
  {
    "name": "Require(47) node_modules/_egg-development@2.7.0@egg-development/app.js",
    "start": 1611308036282,
    "end": 1611308036282,
    "duration": 0,
    "pid": 4552,
    "index": 57
  },
  {
    "name": "Require(48) node_modules/_egg-logrotator@3.1.0@egg-logrotator/app.js",
    "start": 1611308036282,
    "end": 1611308036282,
    "duration": 0,
    "pid": 4552,
    "index": 58
  },
  {
    "name": "Require(49) node_modules/_egg-static@2.2.0@egg-static/app.js",
    "start": 1611308036283,
    "end": 1611308036283,
    "duration": 0,
    "pid": 4552,
    "index": 59
  },
  {
    "name": "Require(50) node_modules/_egg-view-ejs@2.0.1@egg-view-ejs/app.js",
    "start": 1611308036284,
    "end": 1611308036286,
    "duration": 2,
    "pid": 4552,
    "index": 60
  },
  {
    "name": "Before Start in node_modules/_egg-watcher@3.1.1@egg-watcher/lib/init.js:15:14",
    "start": 1611308036300,
    "end": 1611308036505,
    "duration": 205,
    "pid": 4552,
    "index": 61
  },
  {
    "name": "Load Service",
    "start": 1611308036335,
    "end": 1611308036342,
    "duration": 7,
    "pid": 4552,
    "index": 62
  },
  {
    "name": "Load \"service\" to Context",
    "start": 1611308036336,
    "end": 1611308036342,
    "duration": 6,
    "pid": 4552,
    "index": 63
  },
  {
    "name": "Load Middleware",
    "start": 1611308036342,
    "end": 1611308036485,
    "duration": 143,
    "pid": 4552,
    "index": 64
  },
  {
    "name": "Load \"middlewares\" to Application",
    "start": 1611308036343,
    "end": 1611308036466,
    "duration": 123,
    "pid": 4552,
    "index": 65
  },
  {
    "name": "Load Controller",
    "start": 1611308036485,
    "end": 1611308036488,
    "duration": 3,
    "pid": 4552,
    "index": 66
  },
  {
    "name": "Load \"controller\" to Application",
    "start": 1611308036485,
    "end": 1611308036488,
    "duration": 3,
    "pid": 4552,
    "index": 67
  },
  {
    "name": "Load Router",
    "start": 1611308036488,
    "end": 1611308036490,
    "duration": 2,
    "pid": 4552,
    "index": 68
  },
  {
    "name": "Require(51) app/router.js",
    "start": 1611308036488,
    "end": 1611308036488,
    "duration": 0,
    "pid": 4552,
    "index": 69
  },
  {
    "name": "Before Start in node_modules/_egg-core@4.20.0@egg-core/lib/egg.js:303:10",
    "start": 1611308036489,
    "end": 1611308036496,
    "duration": 7,
    "pid": 4552,
    "index": 70
  }
]