[
  {
    "name": "Process Start",
    "start": 1611308607285,
    "end": 1611308608566,
    "duration": 1281,
    "pid": 4340,
    "index": 0
  },
  {
    "name": "Application Start",
    "start": 1611308608567,
    "end": 1611308609041,
    "duration": 474,
    "pid": 4340,
    "index": 1
  },
  {
    "name": "Load Plugin",
    "start": 1611308608571,
    "end": 1611308608592,
    "duration": 21,
    "pid": 4340,
    "index": 2
  },
  {
    "name": "Load Config",
    "start": 1611308608592,
    "end": 1611308608615,
    "duration": 23,
    "pid": 4340,
    "index": 3
  },
  {
    "name": "Require(0) config/config.default.js",
    "start": 1611308608592,
    "end": 1611308608593,
    "duration": 1,
    "pid": 4340,
    "index": 4
  },
  {
    "name": "Require(1) node_modules/_egg-session@3.2.0@egg-session/config/config.default.js",
    "start": 1611308608594,
    "end": 1611308608594,
    "duration": 0,
    "pid": 4340,
    "index": 5
  },
  {
    "name": "Require(2) node_modules/_egg-security@2.8.0@egg-security/config/config.default.js",
    "start": 1611308608595,
    "end": 1611308608595,
    "duration": 0,
    "pid": 4340,
    "index": 6
  },
  {
    "name": "Require(3) node_modules/_egg-jsonp@2.0.0@egg-jsonp/config/config.default.js",
    "start": 1611308608596,
    "end": 1611308608597,
    "duration": 1,
    "pid": 4340,
    "index": 7
  },
  {
    "name": "Require(4) node_modules/_egg-onerror@2.1.0@egg-onerror/config/config.default.js",
    "start": 1611308608597,
    "end": 1611308608598,
    "duration": 1,
    "pid": 4340,
    "index": 8
  },
  {
    "name": "Require(5) node_modules/_egg-i18n@2.1.1@egg-i18n/config/config.default.js",
    "start": 1611308608598,
    "end": 1611308608599,
    "duration": 1,
    "pid": 4340,
    "index": 9
  },
  {
    "name": "Require(6) node_modules/_egg-watcher@3.1.1@egg-watcher/config/config.default.js",
    "start": 1611308608600,
    "end": 1611308608600,
    "duration": 0,
    "pid": 4340,
    "index": 10
  },
  {
    "name": "Require(7) node_modules/_egg-schedule@3.6.6@egg-schedule/config/config.default.js",
    "start": 1611308608601,
    "end": 1611308608601,
    "duration": 0,
    "pid": 4340,
    "index": 11
  },
  {
    "name": "Require(8) node_modules/_egg-multipart@2.10.3@egg-multipart/config/config.default.js",
    "start": 1611308608602,
    "end": 1611308608603,
    "duration": 1,
    "pid": 4340,
    "index": 12
  },
  {
    "name": "Require(9) node_modules/_egg-development@2.7.0@egg-development/config/config.default.js",
    "start": 1611308608604,
    "end": 1611308608604,
    "duration": 0,
    "pid": 4340,
    "index": 13
  },
  {
    "name": "Require(10) node_modules/_egg-logrotator@3.1.0@egg-logrotator/config/config.default.js",
    "start": 1611308608605,
    "end": 1611308608605,
    "duration": 0,
    "pid": 4340,
    "index": 14
  },
  {
    "name": "Require(11) node_modules/_egg-static@2.2.0@egg-static/config/config.default.js",
    "start": 1611308608606,
    "end": 1611308608606,
    "duration": 0,
    "pid": 4340,
    "index": 15
  },
  {
    "name": "Require(12) node_modules/_egg-view@2.1.3@egg-view/config/config.default.js",
    "start": 1611308608607,
    "end": 1611308608607,
    "duration": 0,
    "pid": 4340,
    "index": 16
  },
  {
    "name": "Require(13) node_modules/_egg-view-ejs@2.0.1@egg-view-ejs/config/config.default.js",
    "start": 1611308608608,
    "end": 1611308608608,
    "duration": 0,
    "pid": 4340,
    "index": 17
  },
  {
    "name": "Require(14) node_modules/_egg@2.29.1@egg/config/config.default.js",
    "start": 1611308608609,
    "end": 1611308608609,
    "duration": 0,
    "pid": 4340,
    "index": 18
  },
  {
    "name": "Require(15) config/config.default.js",
    "start": 1611308608610,
    "end": 1611308608610,
    "duration": 0,
    "pid": 4340,
    "index": 19
  },
  {
    "name": "Require(16) node_modules/_egg-security@2.8.0@egg-security/config/config.local.js",
    "start": 1611308608611,
    "end": 1611308608611,
    "duration": 0,
    "pid": 4340,
    "index": 20
  },
  {
    "name": "Require(17) node_modules/_egg-watcher@3.1.1@egg-watcher/config/config.local.js",
    "start": 1611308608612,
    "end": 1611308608612,
    "duration": 0,
    "pid": 4340,
    "index": 21
  },
  {
    "name": "Require(18) node_modules/_egg-view@2.1.3@egg-view/config/config.local.js",
    "start": 1611308608613,
    "end": 1611308608614,
    "duration": 1,
    "pid": 4340,
    "index": 22
  },
  {
    "name": "Require(19) node_modules/_egg-view-ejs@2.0.1@egg-view-ejs/config/config.local.js",
    "start": 1611308608614,
    "end": 1611308608614,
    "duration": 0,
    "pid": 4340,
    "index": 23
  },
  {
    "name": "Require(20) node_modules/_egg@2.29.1@egg/config/config.local.js",
    "start": 1611308608615,
    "end": 1611308608615,
    "duration": 0,
    "pid": 4340,
    "index": 24
  },
  {
    "name": "Load extend/application.js",
    "start": 1611308608616,
    "end": 1611308608639,
    "duration": 23,
    "pid": 4340,
    "index": 25
  },
  {
    "name": "Require(21) node_modules/_egg-session@3.2.0@egg-session/app/extend/application.js",
    "start": 1611308608617,
    "end": 1611308608617,
    "duration": 0,
    "pid": 4340,
    "index": 26
  },
  {
    "name": "Require(22) node_modules/_egg-security@2.8.0@egg-security/app/extend/application.js",
    "start": 1611308608617,
    "end": 1611308608620,
    "duration": 3,
    "pid": 4340,
    "index": 27
  },
  {
    "name": "Require(23) node_modules/_egg-jsonp@2.0.0@egg-jsonp/app/extend/application.js",
    "start": 1611308608620,
    "end": 1611308608623,
    "duration": 3,
    "pid": 4340,
    "index": 28
  },
  {
    "name": "Require(24) node_modules/_egg-logrotator@3.1.0@egg-logrotator/app/extend/application.js",
    "start": 1611308608625,
    "end": 1611308608629,
    "duration": 4,
    "pid": 4340,
    "index": 29
  },
  {
    "name": "Require(25) node_modules/_egg-view@2.1.3@egg-view/app/extend/application.js",
    "start": 1611308608630,
    "end": 1611308608633,
    "duration": 3,
    "pid": 4340,
    "index": 30
  },
  {
    "name": "Require(26) app/extend/application.js",
    "start": 1611308608634,
    "end": 1611308608635,
    "duration": 1,
    "pid": 4340,
    "index": 31
  },
  {
    "name": "Load extend/request.js",
    "start": 1611308608639,
    "end": 1611308608649,
    "duration": 10,
    "pid": 4340,
    "index": 32
  },
  {
    "name": "Require(27) node_modules/_egg@2.29.1@egg/app/extend/request.js",
    "start": 1611308608642,
    "end": 1611308608644,
    "duration": 2,
    "pid": 4340,
    "index": 33
  },
  {
    "name": "Require(28) app/extend/request.js",
    "start": 1611308608644,
    "end": 1611308608644,
    "duration": 0,
    "pid": 4340,
    "index": 34
  },
  {
    "name": "Load extend/response.js",
    "start": 1611308608649,
    "end": 1611308608659,
    "duration": 10,
    "pid": 4340,
    "index": 35
  },
  {
    "name": "Require(29) node_modules/_egg@2.29.1@egg/app/extend/response.js",
    "start": 1611308608653,
    "end": 1611308608656,
    "duration": 3,
    "pid": 4340,
    "index": 36
  },
  {
    "name": "Load extend/context.js",
    "start": 1611308608659,
    "end": 1611308608743,
    "duration": 84,
    "pid": 4340,
    "index": 37
  },
  {
    "name": "Require(30) node_modules/_egg-security@2.8.0@egg-security/app/extend/context.js",
    "start": 1611308608660,
    "end": 1611308608677,
    "duration": 17,
    "pid": 4340,
    "index": 38
  },
  {
    "name": "Require(31) node_modules/_egg-jsonp@2.0.0@egg-jsonp/app/extend/context.js",
    "start": 1611308608677,
    "end": 1611308608680,
    "duration": 3,
    "pid": 4340,
    "index": 39
  },
  {
    "name": "Require(32) node_modules/_egg-i18n@2.1.1@egg-i18n/app/extend/context.js",
    "start": 1611308608681,
    "end": 1611308608682,
    "duration": 1,
    "pid": 4340,
    "index": 40
  },
  {
    "name": "Require(33) node_modules/_egg-multipart@2.10.3@egg-multipart/app/extend/context.js",
    "start": 1611308608683,
    "end": 1611308608734,
    "duration": 51,
    "pid": 4340,
    "index": 41
  },
  {
    "name": "Require(34) node_modules/_egg-view@2.1.3@egg-view/app/extend/context.js",
    "start": 1611308608735,
    "end": 1611308608737,
    "duration": 2,
    "pid": 4340,
    "index": 42
  },
  {
    "name": "Require(35) node_modules/_egg@2.29.1@egg/app/extend/context.js",
    "start": 1611308608737,
    "end": 1611308608739,
    "duration": 2,
    "pid": 4340,
    "index": 43
  },
  {
    "name": "Require(36) app/extend/context.js",
    "start": 1611308608740,
    "end": 1611308608740,
    "duration": 0,
    "pid": 4340,
    "index": 44
  },
  {
    "name": "Load extend/helper.js",
    "start": 1611308608743,
    "end": 1611308608770,
    "duration": 27,
    "pid": 4340,
    "index": 45
  },
  {
    "name": "Require(37) node_modules/_egg-security@2.8.0@egg-security/app/extend/helper.js",
    "start": 1611308608744,
    "end": 1611308608761,
    "duration": 17,
    "pid": 4340,
    "index": 46
  },
  {
    "name": "Require(38) node_modules/_egg@2.29.1@egg/app/extend/helper.js",
    "start": 1611308608764,
    "end": 1611308608764,
    "duration": 0,
    "pid": 4340,
    "index": 47
  },
  {
    "name": "Require(39) app/extend/helper.js",
    "start": 1611308608764,
    "end": 1611308608766,
    "duration": 2,
    "pid": 4340,
    "index": 48
  },
  {
    "name": "Load app.js",
    "start": 1611308608771,
    "end": 1611308608809,
    "duration": 38,
    "pid": 4340,
    "index": 49
  },
  {
    "name": "Require(40) node_modules/_egg-session@3.2.0@egg-session/app.js",
    "start": 1611308608771,
    "end": 1611308608771,
    "duration": 0,
    "pid": 4340,
    "index": 50
  },
  {
    "name": "Require(41) node_modules/_egg-security@2.8.0@egg-security/app.js",
    "start": 1611308608772,
    "end": 1611308608774,
    "duration": 2,
    "pid": 4340,
    "index": 51
  },
  {
    "name": "Require(42) node_modules/_egg-onerror@2.1.0@egg-onerror/app.js",
    "start": 1611308608774,
    "end": 1611308608786,
    "duration": 12,
    "pid": 4340,
    "index": 52
  },
  {
    "name": "Require(43) node_modules/_egg-i18n@2.1.1@egg-i18n/app.js",
    "start": 1611308608787,
    "end": 1611308608795,
    "duration": 8,
    "pid": 4340,
    "index": 53
  },
  {
    "name": "Require(44) node_modules/_egg-watcher@3.1.1@egg-watcher/app.js",
    "start": 1611308608795,
    "end": 1611308608800,
    "duration": 5,
    "pid": 4340,
    "index": 54
  },
  {
    "name": "Require(45) node_modules/_egg-schedule@3.6.6@egg-schedule/app.js",
    "start": 1611308608801,
    "end": 1611308608804,
    "duration": 3,
    "pid": 4340,
    "index": 55
  },
  {
    "name": "Require(46) node_modules/_egg-multipart@2.10.3@egg-multipart/app.js",
    "start": 1611308608804,
    "end": 1611308608804,
    "duration": 0,
    "pid": 4340,
    "index": 56
  },
  {
    "name": "Require(47) node_modules/_egg-development@2.7.0@egg-development/app.js",
    "start": 1611308608805,
    "end": 1611308608805,
    "duration": 0,
    "pid": 4340,
    "index": 57
  },
  {
    "name": "Require(48) node_modules/_egg-logrotator@3.1.0@egg-logrotator/app.js",
    "start": 1611308608806,
    "end": 1611308608806,
    "duration": 0,
    "pid": 4340,
    "index": 58
  },
  {
    "name": "Require(49) node_modules/_egg-static@2.2.0@egg-static/app.js",
    "start": 1611308608806,
    "end": 1611308608806,
    "duration": 0,
    "pid": 4340,
    "index": 59
  },
  {
    "name": "Require(50) node_modules/_egg-view-ejs@2.0.1@egg-view-ejs/app.js",
    "start": 1611308608807,
    "end": 1611308608808,
    "duration": 1,
    "pid": 4340,
    "index": 60
  },
  {
    "name": "Before Start in node_modules/_egg-watcher@3.1.1@egg-watcher/lib/init.js:15:14",
    "start": 1611308608819,
    "end": 1611308609041,
    "duration": 222,
    "pid": 4340,
    "index": 61
  },
  {
    "name": "Load Service",
    "start": 1611308608853,
    "end": 1611308608861,
    "duration": 8,
    "pid": 4340,
    "index": 62
  },
  {
    "name": "Load \"service\" to Context",
    "start": 1611308608853,
    "end": 1611308608861,
    "duration": 8,
    "pid": 4340,
    "index": 63
  },
  {
    "name": "Load Middleware",
    "start": 1611308608862,
    "end": 1611308609021,
    "duration": 159,
    "pid": 4340,
    "index": 64
  },
  {
    "name": "Load \"middlewares\" to Application",
    "start": 1611308608862,
    "end": 1611308608998,
    "duration": 136,
    "pid": 4340,
    "index": 65
  },
  {
    "name": "Load Controller",
    "start": 1611308609021,
    "end": 1611308609024,
    "duration": 3,
    "pid": 4340,
    "index": 66
  },
  {
    "name": "Load \"controller\" to Application",
    "start": 1611308609021,
    "end": 1611308609024,
    "duration": 3,
    "pid": 4340,
    "index": 67
  },
  {
    "name": "Load Router",
    "start": 1611308609024,
    "end": 1611308609027,
    "duration": 3,
    "pid": 4340,
    "index": 68
  },
  {
    "name": "Require(51) app/router.js",
    "start": 1611308609025,
    "end": 1611308609025,
    "duration": 0,
    "pid": 4340,
    "index": 69
  },
  {
    "name": "Before Start in node_modules/_egg-core@4.20.0@egg-core/lib/egg.js:303:10",
    "start": 1611308609025,
    "end": 1611308609034,
    "duration": 9,
    "pid": 4340,
    "index": 70
  }
]