[
  {
    "name": "Process Start",
    "start": 1611308114220,
    "end": 1611308115351,
    "duration": 1131,
    "pid": 7876,
    "index": 0
  },
  {
    "name": "Application Start",
    "start": 1611308115352,
    "end": 1611308115765,
    "duration": 413,
    "pid": 7876,
    "index": 1
  },
  {
    "name": "Load Plugin",
    "start": 1611308115356,
    "end": 1611308115374,
    "duration": 18,
    "pid": 7876,
    "index": 2
  },
  {
    "name": "Load Config",
    "start": 1611308115374,
    "end": 1611308115397,
    "duration": 23,
    "pid": 7876,
    "index": 3
  },
  {
    "name": "Require(0) config/config.default.js",
    "start": 1611308115375,
    "end": 1611308115375,
    "duration": 0,
    "pid": 7876,
    "index": 4
  },
  {
    "name": "Require(1) node_modules/_egg-session@3.2.0@egg-session/config/config.default.js",
    "start": 1611308115377,
    "end": 1611308115377,
    "duration": 0,
    "pid": 7876,
    "index": 5
  },
  {
    "name": "Require(2) node_modules/_egg-security@2.8.0@egg-security/config/config.default.js",
    "start": 1611308115377,
    "end": 1611308115378,
    "duration": 1,
    "pid": 7876,
    "index": 6
  },
  {
    "name": "Require(3) node_modules/_egg-jsonp@2.0.0@egg-jsonp/config/config.default.js",
    "start": 1611308115379,
    "end": 1611308115379,
    "duration": 0,
    "pid": 7876,
    "index": 7
  },
  {
    "name": "Require(4) node_modules/_egg-onerror@2.1.0@egg-onerror/config/config.default.js",
    "start": 1611308115379,
    "end": 1611308115380,
    "duration": 1,
    "pid": 7876,
    "index": 8
  },
  {
    "name": "Require(5) node_modules/_egg-i18n@2.1.1@egg-i18n/config/config.default.js",
    "start": 1611308115380,
    "end": 1611308115381,
    "duration": 1,
    "pid": 7876,
    "index": 9
  },
  {
    "name": "Require(6) node_modules/_egg-watcher@3.1.1@egg-watcher/config/config.default.js",
    "start": 1611308115382,
    "end": 1611308115382,
    "duration": 0,
    "pid": 7876,
    "index": 10
  },
  {
    "name": "Require(7) node_modules/_egg-schedule@3.6.6@egg-schedule/config/config.default.js",
    "start": 1611308115383,
    "end": 1611308115383,
    "duration": 0,
    "pid": 7876,
    "index": 11
  },
  {
    "name": "Require(8) node_modules/_egg-multipart@2.10.3@egg-multipart/config/config.default.js",
    "start": 1611308115384,
    "end": 1611308115384,
    "duration": 0,
    "pid": 7876,
    "index": 12
  },
  {
    "name": "Require(9) node_modules/_egg-development@2.7.0@egg-development/config/config.default.js",
    "start": 1611308115385,
    "end": 1611308115385,
    "duration": 0,
    "pid": 7876,
    "index": 13
  },
  {
    "name": "Require(10) node_modules/_egg-logrotator@3.1.0@egg-logrotator/config/config.default.js",
    "start": 1611308115386,
    "end": 1611308115386,
    "duration": 0,
    "pid": 7876,
    "index": 14
  },
  {
    "name": "Require(11) node_modules/_egg-static@2.2.0@egg-static/config/config.default.js",
    "start": 1611308115387,
    "end": 1611308115387,
    "duration": 0,
    "pid": 7876,
    "index": 15
  },
  {
    "name": "Require(12) node_modules/_egg-view@2.1.3@egg-view/config/config.default.js",
    "start": 1611308115388,
    "end": 1611308115388,
    "duration": 0,
    "pid": 7876,
    "index": 16
  },
  {
    "name": "Require(13) node_modules/_egg-view-ejs@2.0.1@egg-view-ejs/config/config.default.js",
    "start": 1611308115389,
    "end": 1611308115389,
    "duration": 0,
    "pid": 7876,
    "index": 17
  },
  {
    "name": "Require(14) node_modules/_egg@2.29.1@egg/config/config.default.js",
    "start": 1611308115390,
    "end": 1611308115390,
    "duration": 0,
    "pid": 7876,
    "index": 18
  },
  {
    "name": "Require(15) config/config.default.js",
    "start": 1611308115391,
    "end": 1611308115391,
    "duration": 0,
    "pid": 7876,
    "index": 19
  },
  {
    "name": "Require(16) node_modules/_egg-security@2.8.0@egg-security/config/config.local.js",
    "start": 1611308115392,
    "end": 1611308115392,
    "duration": 0,
    "pid": 7876,
    "index": 20
  },
  {
    "name": "Require(17) node_modules/_egg-watcher@3.1.1@egg-watcher/config/config.local.js",
    "start": 1611308115393,
    "end": 1611308115393,
    "duration": 0,
    "pid": 7876,
    "index": 21
  },
  {
    "name": "Require(18) node_modules/_egg-view@2.1.3@egg-view/config/config.local.js",
    "start": 1611308115395,
    "end": 1611308115395,
    "duration": 0,
    "pid": 7876,
    "index": 22
  },
  {
    "name": "Require(19) node_modules/_egg-view-ejs@2.0.1@egg-view-ejs/config/config.local.js",
    "start": 1611308115396,
    "end": 1611308115396,
    "duration": 0,
    "pid": 7876,
    "index": 23
  },
  {
    "name": "Require(20) node_modules/_egg@2.29.1@egg/config/config.local.js",
    "start": 1611308115396,
    "end": 1611308115397,
    "duration": 1,
    "pid": 7876,
    "index": 24
  },
  {
    "name": "Load extend/application.js",
    "start": 1611308115398,
    "end": 1611308115415,
    "duration": 17,
    "pid": 7876,
    "index": 25
  },
  {
    "name": "Require(21) node_modules/_egg-session@3.2.0@egg-session/app/extend/application.js",
    "start": 1611308115399,
    "end": 1611308115399,
    "duration": 0,
    "pid": 7876,
    "index": 26
  },
  {
    "name": "Require(22) node_modules/_egg-security@2.8.0@egg-security/app/extend/application.js",
    "start": 1611308115400,
    "end": 1611308115401,
    "duration": 1,
    "pid": 7876,
    "index": 27
  },
  {
    "name": "Require(23) node_modules/_egg-jsonp@2.0.0@egg-jsonp/app/extend/application.js",
    "start": 1611308115401,
    "end": 1611308115403,
    "duration": 2,
    "pid": 7876,
    "index": 28
  },
  {
    "name": "Require(24) node_modules/_egg-logrotator@3.1.0@egg-logrotator/app/extend/application.js",
    "start": 1611308115405,
    "end": 1611308115408,
    "duration": 3,
    "pid": 7876,
    "index": 29
  },
  {
    "name": "Require(25) node_modules/_egg-view@2.1.3@egg-view/app/extend/application.js",
    "start": 1611308115408,
    "end": 1611308115410,
    "duration": 2,
    "pid": 7876,
    "index": 30
  },
  {
    "name": "Require(26) app/extend/application.js",
    "start": 1611308115411,
    "end": 1611308115412,
    "duration": 1,
    "pid": 7876,
    "index": 31
  },
  {
    "name": "Load extend/request.js",
    "start": 1611308115415,
    "end": 1611308115424,
    "duration": 9,
    "pid": 7876,
    "index": 32
  },
  {
    "name": "Require(27) node_modules/_egg@2.29.1@egg/app/extend/request.js",
    "start": 1611308115418,
    "end": 1611308115419,
    "duration": 1,
    "pid": 7876,
    "index": 33
  },
  {
    "name": "Require(28) app/extend/request.js",
    "start": 1611308115419,
    "end": 1611308115420,
    "duration": 1,
    "pid": 7876,
    "index": 34
  },
  {
    "name": "Load extend/response.js",
    "start": 1611308115424,
    "end": 1611308115433,
    "duration": 9,
    "pid": 7876,
    "index": 35
  },
  {
    "name": "Require(29) node_modules/_egg@2.29.1@egg/app/extend/response.js",
    "start": 1611308115427,
    "end": 1611308115430,
    "duration": 3,
    "pid": 7876,
    "index": 36
  },
  {
    "name": "Load extend/context.js",
    "start": 1611308115433,
    "end": 1611308115509,
    "duration": 76,
    "pid": 7876,
    "index": 37
  },
  {
    "name": "Require(30) node_modules/_egg-security@2.8.0@egg-security/app/extend/context.js",
    "start": 1611308115434,
    "end": 1611308115448,
    "duration": 14,
    "pid": 7876,
    "index": 38
  },
  {
    "name": "Require(31) node_modules/_egg-jsonp@2.0.0@egg-jsonp/app/extend/context.js",
    "start": 1611308115448,
    "end": 1611308115450,
    "duration": 2,
    "pid": 7876,
    "index": 39
  },
  {
    "name": "Require(32) node_modules/_egg-i18n@2.1.1@egg-i18n/app/extend/context.js",
    "start": 1611308115450,
    "end": 1611308115451,
    "duration": 1,
    "pid": 7876,
    "index": 40
  },
  {
    "name": "Require(33) node_modules/_egg-multipart@2.10.3@egg-multipart/app/extend/context.js",
    "start": 1611308115451,
    "end": 1611308115502,
    "duration": 51,
    "pid": 7876,
    "index": 41
  },
  {
    "name": "Require(34) node_modules/_egg-view@2.1.3@egg-view/app/extend/context.js",
    "start": 1611308115503,
    "end": 1611308115503,
    "duration": 0,
    "pid": 7876,
    "index": 42
  },
  {
    "name": "Require(35) node_modules/_egg@2.29.1@egg/app/extend/context.js",
    "start": 1611308115504,
    "end": 1611308115505,
    "duration": 1,
    "pid": 7876,
    "index": 43
  },
  {
    "name": "Require(36) app/extend/context.js",
    "start": 1611308115506,
    "end": 1611308115506,
    "duration": 0,
    "pid": 7876,
    "index": 44
  },
  {
    "name": "Load extend/helper.js",
    "start": 1611308115509,
    "end": 1611308115534,
    "duration": 25,
    "pid": 7876,
    "index": 45
  },
  {
    "name": "Require(37) node_modules/_egg-security@2.8.0@egg-security/app/extend/helper.js",
    "start": 1611308115510,
    "end": 1611308115526,
    "duration": 16,
    "pid": 7876,
    "index": 46
  },
  {
    "name": "Require(38) node_modules/_egg@2.29.1@egg/app/extend/helper.js",
    "start": 1611308115528,
    "end": 1611308115529,
    "duration": 1,
    "pid": 7876,
    "index": 47
  },
  {
    "name": "Require(39) app/extend/helper.js",
    "start": 1611308115529,
    "end": 1611308115531,
    "duration": 2,
    "pid": 7876,
    "index": 48
  },
  {
    "name": "Load app.js",
    "start": 1611308115534,
    "end": 1611308115569,
    "duration": 35,
    "pid": 7876,
    "index": 49
  },
  {
    "name": "Require(40) node_modules/_egg-session@3.2.0@egg-session/app.js",
    "start": 1611308115534,
    "end": 1611308115535,
    "duration": 1,
    "pid": 7876,
    "index": 50
  },
  {
    "name": "Require(41) node_modules/_egg-security@2.8.0@egg-security/app.js",
    "start": 1611308115535,
    "end": 1611308115537,
    "duration": 2,
    "pid": 7876,
    "index": 51
  },
  {
    "name": "Require(42) node_modules/_egg-onerror@2.1.0@egg-onerror/app.js",
    "start": 1611308115537,
    "end": 1611308115548,
    "duration": 11,
    "pid": 7876,
    "index": 52
  },
  {
    "name": "Require(43) node_modules/_egg-i18n@2.1.1@egg-i18n/app.js",
    "start": 1611308115548,
    "end": 1611308115556,
    "duration": 8,
    "pid": 7876,
    "index": 53
  },
  {
    "name": "Require(44) node_modules/_egg-watcher@3.1.1@egg-watcher/app.js",
    "start": 1611308115557,
    "end": 1611308115561,
    "duration": 4,
    "pid": 7876,
    "index": 54
  },
  {
    "name": "Require(45) node_modules/_egg-schedule@3.6.6@egg-schedule/app.js",
    "start": 1611308115561,
    "end": 1611308115563,
    "duration": 2,
    "pid": 7876,
    "index": 55
  },
  {
    "name": "Require(46) node_modules/_egg-multipart@2.10.3@egg-multipart/app.js",
    "start": 1611308115564,
    "end": 1611308115564,
    "duration": 0,
    "pid": 7876,
    "index": 56
  },
  {
    "name": "Require(47) node_modules/_egg-development@2.7.0@egg-development/app.js",
    "start": 1611308115565,
    "end": 1611308115565,
    "duration": 0,
    "pid": 7876,
    "index": 57
  },
  {
    "name": "Require(48) node_modules/_egg-logrotator@3.1.0@egg-logrotator/app.js",
    "start": 1611308115565,
    "end": 1611308115566,
    "duration": 1,
    "pid": 7876,
    "index": 58
  },
  {
    "name": "Require(49) node_modules/_egg-static@2.2.0@egg-static/app.js",
    "start": 1611308115566,
    "end": 1611308115566,
    "duration": 0,
    "pid": 7876,
    "index": 59
  },
  {
    "name": "Require(50) node_modules/_egg-view-ejs@2.0.1@egg-view-ejs/app.js",
    "start": 1611308115567,
    "end": 1611308115568,
    "duration": 1,
    "pid": 7876,
    "index": 60
  },
  {
    "name": "Before Start in node_modules/_egg-watcher@3.1.1@egg-watcher/lib/init.js:15:14",
    "start": 1611308115578,
    "end": 1611308115765,
    "duration": 187,
    "pid": 7876,
    "index": 61
  },
  {
    "name": "Load Service",
    "start": 1611308115608,
    "end": 1611308115617,
    "duration": 9,
    "pid": 7876,
    "index": 62
  },
  {
    "name": "Load \"service\" to Context",
    "start": 1611308115608,
    "end": 1611308115617,
    "duration": 9,
    "pid": 7876,
    "index": 63
  },
  {
    "name": "Load Middleware",
    "start": 1611308115617,
    "end": 1611308115743,
    "duration": 126,
    "pid": 7876,
    "index": 64
  },
  {
    "name": "Load \"middlewares\" to Application",
    "start": 1611308115617,
    "end": 1611308115725,
    "duration": 108,
    "pid": 7876,
    "index": 65
  },
  {
    "name": "Load Controller",
    "start": 1611308115743,
    "end": 1611308115746,
    "duration": 3,
    "pid": 7876,
    "index": 66
  },
  {
    "name": "Load \"controller\" to Application",
    "start": 1611308115743,
    "end": 1611308115746,
    "duration": 3,
    "pid": 7876,
    "index": 67
  },
  {
    "name": "Load Router",
    "start": 1611308115746,
    "end": 1611308115749,
    "duration": 3,
    "pid": 7876,
    "index": 68
  },
  {
    "name": "Require(51) app/router.js",
    "start": 1611308115746,
    "end": 1611308115747,
    "duration": 1,
    "pid": 7876,
    "index": 69
  },
  {
    "name": "Before Start in node_modules/_egg-core@4.20.0@egg-core/lib/egg.js:303:10",
    "start": 1611308115747,
    "end": 1611308115758,
    "duration": 11,
    "pid": 7876,
    "index": 70
  }
]