[
  {
    "name": "Process Start",
    "start": 1611308153971,
    "end": 1611308155028,
    "duration": 1057,
    "pid": 19884,
    "index": 0
  },
  {
    "name": "Application Start",
    "start": 1611308155028,
    "end": 1611308155470,
    "duration": 442,
    "pid": 19884,
    "index": 1
  },
  {
    "name": "Load Plugin",
    "start": 1611308155033,
    "end": 1611308155062,
    "duration": 29,
    "pid": 19884,
    "index": 2
  },
  {
    "name": "Load Config",
    "start": 1611308155062,
    "end": 1611308155087,
    "duration": 25,
    "pid": 19884,
    "index": 3
  },
  {
    "name": "Require(0) config/config.default.js",
    "start": 1611308155063,
    "end": 1611308155063,
    "duration": 0,
    "pid": 19884,
    "index": 4
  },
  {
    "name": "Require(1) node_modules/_egg-session@3.2.0@egg-session/config/config.default.js",
    "start": 1611308155065,
    "end": 1611308155065,
    "duration": 0,
    "pid": 19884,
    "index": 5
  },
  {
    "name": "Require(2) node_modules/_egg-security@2.8.0@egg-security/config/config.default.js",
    "start": 1611308155066,
    "end": 1611308155066,
    "duration": 0,
    "pid": 19884,
    "index": 6
  },
  {
    "name": "Require(3) node_modules/_egg-jsonp@2.0.0@egg-jsonp/config/config.default.js",
    "start": 1611308155068,
    "end": 1611308155068,
    "duration": 0,
    "pid": 19884,
    "index": 7
  },
  {
    "name": "Require(4) node_modules/_egg-onerror@2.1.0@egg-onerror/config/config.default.js",
    "start": 1611308155069,
    "end": 1611308155070,
    "duration": 1,
    "pid": 19884,
    "index": 8
  },
  {
    "name": "Require(5) node_modules/_egg-i18n@2.1.1@egg-i18n/config/config.default.js",
    "start": 1611308155070,
    "end": 1611308155070,
    "duration": 0,
    "pid": 19884,
    "index": 9
  },
  {
    "name": "Require(6) node_modules/_egg-watcher@3.1.1@egg-watcher/config/config.default.js",
    "start": 1611308155071,
    "end": 1611308155072,
    "duration": 1,
    "pid": 19884,
    "index": 10
  },
  {
    "name": "Require(7) node_modules/_egg-schedule@3.6.6@egg-schedule/config/config.default.js",
    "start": 1611308155072,
    "end": 1611308155073,
    "duration": 1,
    "pid": 19884,
    "index": 11
  },
  {
    "name": "Require(8) node_modules/_egg-multipart@2.10.3@egg-multipart/config/config.default.js",
    "start": 1611308155073,
    "end": 1611308155074,
    "duration": 1,
    "pid": 19884,
    "index": 12
  },
  {
    "name": "Require(9) node_modules/_egg-development@2.7.0@egg-development/config/config.default.js",
    "start": 1611308155074,
    "end": 1611308155075,
    "duration": 1,
    "pid": 19884,
    "index": 13
  },
  {
    "name": "Require(10) node_modules/_egg-logrotator@3.1.0@egg-logrotator/config/config.default.js",
    "start": 1611308155075,
    "end": 1611308155076,
    "duration": 1,
    "pid": 19884,
    "index": 14
  },
  {
    "name": "Require(11) node_modules/_egg-static@2.2.0@egg-static/config/config.default.js",
    "start": 1611308155076,
    "end": 1611308155077,
    "duration": 1,
    "pid": 19884,
    "index": 15
  },
  {
    "name": "Require(12) node_modules/_egg-view@2.1.3@egg-view/config/config.default.js",
    "start": 1611308155078,
    "end": 1611308155078,
    "duration": 0,
    "pid": 19884,
    "index": 16
  },
  {
    "name": "Require(13) node_modules/_egg-view-ejs@2.0.1@egg-view-ejs/config/config.default.js",
    "start": 1611308155079,
    "end": 1611308155079,
    "duration": 0,
    "pid": 19884,
    "index": 17
  },
  {
    "name": "Require(14) node_modules/_egg@2.29.1@egg/config/config.default.js",
    "start": 1611308155080,
    "end": 1611308155080,
    "duration": 0,
    "pid": 19884,
    "index": 18
  },
  {
    "name": "Require(15) config/config.default.js",
    "start": 1611308155081,
    "end": 1611308155081,
    "duration": 0,
    "pid": 19884,
    "index": 19
  },
  {
    "name": "Require(16) node_modules/_egg-security@2.8.0@egg-security/config/config.local.js",
    "start": 1611308155082,
    "end": 1611308155082,
    "duration": 0,
    "pid": 19884,
    "index": 20
  },
  {
    "name": "Require(17) node_modules/_egg-watcher@3.1.1@egg-watcher/config/config.local.js",
    "start": 1611308155083,
    "end": 1611308155083,
    "duration": 0,
    "pid": 19884,
    "index": 21
  },
  {
    "name": "Require(18) node_modules/_egg-view@2.1.3@egg-view/config/config.local.js",
    "start": 1611308155085,
    "end": 1611308155085,
    "duration": 0,
    "pid": 19884,
    "index": 22
  },
  {
    "name": "Require(19) node_modules/_egg-view-ejs@2.0.1@egg-view-ejs/config/config.local.js",
    "start": 1611308155086,
    "end": 1611308155086,
    "duration": 0,
    "pid": 19884,
    "index": 23
  },
  {
    "name": "Require(20) node_modules/_egg@2.29.1@egg/config/config.local.js",
    "start": 1611308155086,
    "end": 1611308155086,
    "duration": 0,
    "pid": 19884,
    "index": 24
  },
  {
    "name": "Load extend/application.js",
    "start": 1611308155087,
    "end": 1611308155106,
    "duration": 19,
    "pid": 19884,
    "index": 25
  },
  {
    "name": "Require(21) node_modules/_egg-session@3.2.0@egg-session/app/extend/application.js",
    "start": 1611308155088,
    "end": 1611308155089,
    "duration": 1,
    "pid": 19884,
    "index": 26
  },
  {
    "name": "Require(22) node_modules/_egg-security@2.8.0@egg-security/app/extend/application.js",
    "start": 1611308155089,
    "end": 1611308155091,
    "duration": 2,
    "pid": 19884,
    "index": 27
  },
  {
    "name": "Require(23) node_modules/_egg-jsonp@2.0.0@egg-jsonp/app/extend/application.js",
    "start": 1611308155092,
    "end": 1611308155094,
    "duration": 2,
    "pid": 19884,
    "index": 28
  },
  {
    "name": "Require(24) node_modules/_egg-logrotator@3.1.0@egg-logrotator/app/extend/application.js",
    "start": 1611308155096,
    "end": 1611308155099,
    "duration": 3,
    "pid": 19884,
    "index": 29
  },
  {
    "name": "Require(25) node_modules/_egg-view@2.1.3@egg-view/app/extend/application.js",
    "start": 1611308155099,
    "end": 1611308155102,
    "duration": 3,
    "pid": 19884,
    "index": 30
  },
  {
    "name": "Require(26) app/extend/application.js",
    "start": 1611308155102,
    "end": 1611308155103,
    "duration": 1,
    "pid": 19884,
    "index": 31
  },
  {
    "name": "Load extend/request.js",
    "start": 1611308155106,
    "end": 1611308155114,
    "duration": 8,
    "pid": 19884,
    "index": 32
  },
  {
    "name": "Require(27) node_modules/_egg@2.29.1@egg/app/extend/request.js",
    "start": 1611308155109,
    "end": 1611308155111,
    "duration": 2,
    "pid": 19884,
    "index": 33
  },
  {
    "name": "Require(28) app/extend/request.js",
    "start": 1611308155111,
    "end": 1611308155111,
    "duration": 0,
    "pid": 19884,
    "index": 34
  },
  {
    "name": "Load extend/response.js",
    "start": 1611308155114,
    "end": 1611308155126,
    "duration": 12,
    "pid": 19884,
    "index": 35
  },
  {
    "name": "Require(29) node_modules/_egg@2.29.1@egg/app/extend/response.js",
    "start": 1611308155120,
    "end": 1611308155122,
    "duration": 2,
    "pid": 19884,
    "index": 36
  },
  {
    "name": "Load extend/context.js",
    "start": 1611308155126,
    "end": 1611308155202,
    "duration": 76,
    "pid": 19884,
    "index": 37
  },
  {
    "name": "Require(30) node_modules/_egg-security@2.8.0@egg-security/app/extend/context.js",
    "start": 1611308155126,
    "end": 1611308155141,
    "duration": 15,
    "pid": 19884,
    "index": 38
  },
  {
    "name": "Require(31) node_modules/_egg-jsonp@2.0.0@egg-jsonp/app/extend/context.js",
    "start": 1611308155141,
    "end": 1611308155143,
    "duration": 2,
    "pid": 19884,
    "index": 39
  },
  {
    "name": "Require(32) node_modules/_egg-i18n@2.1.1@egg-i18n/app/extend/context.js",
    "start": 1611308155143,
    "end": 1611308155144,
    "duration": 1,
    "pid": 19884,
    "index": 40
  },
  {
    "name": "Require(33) node_modules/_egg-multipart@2.10.3@egg-multipart/app/extend/context.js",
    "start": 1611308155145,
    "end": 1611308155193,
    "duration": 48,
    "pid": 19884,
    "index": 41
  },
  {
    "name": "Require(34) node_modules/_egg-view@2.1.3@egg-view/app/extend/context.js",
    "start": 1611308155195,
    "end": 1611308155196,
    "duration": 1,
    "pid": 19884,
    "index": 42
  },
  {
    "name": "Require(35) node_modules/_egg@2.29.1@egg/app/extend/context.js",
    "start": 1611308155197,
    "end": 1611308155199,
    "duration": 2,
    "pid": 19884,
    "index": 43
  },
  {
    "name": "Require(36) app/extend/context.js",
    "start": 1611308155199,
    "end": 1611308155199,
    "duration": 0,
    "pid": 19884,
    "index": 44
  },
  {
    "name": "Load extend/helper.js",
    "start": 1611308155202,
    "end": 1611308155225,
    "duration": 23,
    "pid": 19884,
    "index": 45
  },
  {
    "name": "Require(37) node_modules/_egg-security@2.8.0@egg-security/app/extend/helper.js",
    "start": 1611308155203,
    "end": 1611308155217,
    "duration": 14,
    "pid": 19884,
    "index": 46
  },
  {
    "name": "Require(38) node_modules/_egg@2.29.1@egg/app/extend/helper.js",
    "start": 1611308155219,
    "end": 1611308155220,
    "duration": 1,
    "pid": 19884,
    "index": 47
  },
  {
    "name": "Require(39) app/extend/helper.js",
    "start": 1611308155220,
    "end": 1611308155222,
    "duration": 2,
    "pid": 19884,
    "index": 48
  },
  {
    "name": "Load app.js",
    "start": 1611308155225,
    "end": 1611308155262,
    "duration": 37,
    "pid": 19884,
    "index": 49
  },
  {
    "name": "Require(40) node_modules/_egg-session@3.2.0@egg-session/app.js",
    "start": 1611308155225,
    "end": 1611308155225,
    "duration": 0,
    "pid": 19884,
    "index": 50
  },
  {
    "name": "Require(41) node_modules/_egg-security@2.8.0@egg-security/app.js",
    "start": 1611308155226,
    "end": 1611308155228,
    "duration": 2,
    "pid": 19884,
    "index": 51
  },
  {
    "name": "Require(42) node_modules/_egg-onerror@2.1.0@egg-onerror/app.js",
    "start": 1611308155228,
    "end": 1611308155238,
    "duration": 10,
    "pid": 19884,
    "index": 52
  },
  {
    "name": "Require(43) node_modules/_egg-i18n@2.1.1@egg-i18n/app.js",
    "start": 1611308155239,
    "end": 1611308155247,
    "duration": 8,
    "pid": 19884,
    "index": 53
  },
  {
    "name": "Require(44) node_modules/_egg-watcher@3.1.1@egg-watcher/app.js",
    "start": 1611308155247,
    "end": 1611308155251,
    "duration": 4,
    "pid": 19884,
    "index": 54
  },
  {
    "name": "Require(45) node_modules/_egg-schedule@3.6.6@egg-schedule/app.js",
    "start": 1611308155251,
    "end": 1611308155255,
    "duration": 4,
    "pid": 19884,
    "index": 55
  },
  {
    "name": "Require(46) node_modules/_egg-multipart@2.10.3@egg-multipart/app.js",
    "start": 1611308155256,
    "end": 1611308155256,
    "duration": 0,
    "pid": 19884,
    "index": 56
  },
  {
    "name": "Require(47) node_modules/_egg-development@2.7.0@egg-development/app.js",
    "start": 1611308155257,
    "end": 1611308155257,
    "duration": 0,
    "pid": 19884,
    "index": 57
  },
  {
    "name": "Require(48) node_modules/_egg-logrotator@3.1.0@egg-logrotator/app.js",
    "start": 1611308155257,
    "end": 1611308155258,
    "duration": 1,
    "pid": 19884,
    "index": 58
  },
  {
    "name": "Require(49) node_modules/_egg-static@2.2.0@egg-static/app.js",
    "start": 1611308155258,
    "end": 1611308155258,
    "duration": 0,
    "pid": 19884,
    "index": 59
  },
  {
    "name": "Require(50) node_modules/_egg-view-ejs@2.0.1@egg-view-ejs/app.js",
    "start": 1611308155259,
    "end": 1611308155261,
    "duration": 2,
    "pid": 19884,
    "index": 60
  },
  {
    "name": "Before Start in node_modules/_egg-watcher@3.1.1@egg-watcher/lib/init.js:15:14",
    "start": 1611308155273,
    "end": 1611308155470,
    "duration": 197,
    "pid": 19884,
    "index": 61
  },
  {
    "name": "Load Service",
    "start": 1611308155307,
    "end": 1611308155312,
    "duration": 5,
    "pid": 19884,
    "index": 62
  },
  {
    "name": "Load \"service\" to Context",
    "start": 1611308155307,
    "end": 1611308155312,
    "duration": 5,
    "pid": 19884,
    "index": 63
  },
  {
    "name": "Load Middleware",
    "start": 1611308155312,
    "end": 1611308155448,
    "duration": 136,
    "pid": 19884,
    "index": 64
  },
  {
    "name": "Load \"middlewares\" to Application",
    "start": 1611308155313,
    "end": 1611308155429,
    "duration": 116,
    "pid": 19884,
    "index": 65
  },
  {
    "name": "Load Controller",
    "start": 1611308155448,
    "end": 1611308155451,
    "duration": 3,
    "pid": 19884,
    "index": 66
  },
  {
    "name": "Load \"controller\" to Application",
    "start": 1611308155448,
    "end": 1611308155451,
    "duration": 3,
    "pid": 19884,
    "index": 67
  },
  {
    "name": "Load Router",
    "start": 1611308155451,
    "end": 1611308155453,
    "duration": 2,
    "pid": 19884,
    "index": 68
  },
  {
    "name": "Require(51) app/router.js",
    "start": 1611308155451,
    "end": 1611308155452,
    "duration": 1,
    "pid": 19884,
    "index": 69
  },
  {
    "name": "Before Start in node_modules/_egg-core@4.20.0@egg-core/lib/egg.js:303:10",
    "start": 1611308155452,
    "end": 1611308155463,
    "duration": 11,
    "pid": 19884,
    "index": 70
  }
]