[
  {
    "name": "Process Start",
    "start": 1611308058180,
    "end": 1611308059636,
    "duration": 1456,
    "pid": 17564,
    "index": 0
  },
  {
    "name": "Application Start",
    "start": 1611308059636,
    "end": 1611308060164,
    "duration": 528,
    "pid": 17564,
    "index": 1
  },
  {
    "name": "Load Plugin",
    "start": 1611308059641,
    "end": 1611308059667,
    "duration": 26,
    "pid": 17564,
    "index": 2
  },
  {
    "name": "Load Config",
    "start": 1611308059667,
    "end": 1611308059697,
    "duration": 30,
    "pid": 17564,
    "index": 3
  },
  {
    "name": "Require(0) config/config.default.js",
    "start": 1611308059668,
    "end": 1611308059668,
    "duration": 0,
    "pid": 17564,
    "index": 4
  },
  {
    "name": "Require(1) node_modules/_egg-session@3.2.0@egg-session/config/config.default.js",
    "start": 1611308059670,
    "end": 1611308059671,
    "duration": 1,
    "pid": 17564,
    "index": 5
  },
  {
    "name": "Require(2) node_modules/_egg-security@2.8.0@egg-security/config/config.default.js",
    "start": 1611308059671,
    "end": 1611308059672,
    "duration": 1,
    "pid": 17564,
    "index": 6
  },
  {
    "name": "Require(3) node_modules/_egg-jsonp@2.0.0@egg-jsonp/config/config.default.js",
    "start": 1611308059673,
    "end": 1611308059674,
    "duration": 1,
    "pid": 17564,
    "index": 7
  },
  {
    "name": "Require(4) node_modules/_egg-onerror@2.1.0@egg-onerror/config/config.default.js",
    "start": 1611308059675,
    "end": 1611308059676,
    "duration": 1,
    "pid": 17564,
    "index": 8
  },
  {
    "name": "Require(5) node_modules/_egg-i18n@2.1.1@egg-i18n/config/config.default.js",
    "start": 1611308059676,
    "end": 1611308059677,
    "duration": 1,
    "pid": 17564,
    "index": 9
  },
  {
    "name": "Require(6) node_modules/_egg-watcher@3.1.1@egg-watcher/config/config.default.js",
    "start": 1611308059678,
    "end": 1611308059678,
    "duration": 0,
    "pid": 17564,
    "index": 10
  },
  {
    "name": "Require(7) node_modules/_egg-schedule@3.6.6@egg-schedule/config/config.default.js",
    "start": 1611308059679,
    "end": 1611308059679,
    "duration": 0,
    "pid": 17564,
    "index": 11
  },
  {
    "name": "Require(8) node_modules/_egg-multipart@2.10.3@egg-multipart/config/config.default.js",
    "start": 1611308059680,
    "end": 1611308059681,
    "duration": 1,
    "pid": 17564,
    "index": 12
  },
  {
    "name": "Require(9) node_modules/_egg-development@2.7.0@egg-development/config/config.default.js",
    "start": 1611308059681,
    "end": 1611308059682,
    "duration": 1,
    "pid": 17564,
    "index": 13
  },
  {
    "name": "Require(10) node_modules/_egg-logrotator@3.1.0@egg-logrotator/config/config.default.js",
    "start": 1611308059683,
    "end": 1611308059683,
    "duration": 0,
    "pid": 17564,
    "index": 14
  },
  {
    "name": "Require(11) node_modules/_egg-static@2.2.0@egg-static/config/config.default.js",
    "start": 1611308059684,
    "end": 1611308059684,
    "duration": 0,
    "pid": 17564,
    "index": 15
  },
  {
    "name": "Require(12) node_modules/_egg-view@2.1.3@egg-view/config/config.default.js",
    "start": 1611308059685,
    "end": 1611308059685,
    "duration": 0,
    "pid": 17564,
    "index": 16
  },
  {
    "name": "Require(13) node_modules/_egg-view-ejs@2.0.1@egg-view-ejs/config/config.default.js",
    "start": 1611308059686,
    "end": 1611308059687,
    "duration": 1,
    "pid": 17564,
    "index": 17
  },
  {
    "name": "Require(14) node_modules/_egg@2.29.1@egg/config/config.default.js",
    "start": 1611308059687,
    "end": 1611308059688,
    "duration": 1,
    "pid": 17564,
    "index": 18
  },
  {
    "name": "Require(15) config/config.default.js",
    "start": 1611308059689,
    "end": 1611308059689,
    "duration": 0,
    "pid": 17564,
    "index": 19
  },
  {
    "name": "Require(16) node_modules/_egg-security@2.8.0@egg-security/config/config.local.js",
    "start": 1611308059690,
    "end": 1611308059691,
    "duration": 1,
    "pid": 17564,
    "index": 20
  },
  {
    "name": "Require(17) node_modules/_egg-watcher@3.1.1@egg-watcher/config/config.local.js",
    "start": 1611308059692,
    "end": 1611308059693,
    "duration": 1,
    "pid": 17564,
    "index": 21
  },
  {
    "name": "Require(18) node_modules/_egg-view@2.1.3@egg-view/config/config.local.js",
    "start": 1611308059695,
    "end": 1611308059695,
    "duration": 0,
    "pid": 17564,
    "index": 22
  },
  {
    "name": "Require(19) node_modules/_egg-view-ejs@2.0.1@egg-view-ejs/config/config.local.js",
    "start": 1611308059695,
    "end": 1611308059696,
    "duration": 1,
    "pid": 17564,
    "index": 23
  },
  {
    "name": "Require(20) node_modules/_egg@2.29.1@egg/config/config.local.js",
    "start": 1611308059696,
    "end": 1611308059696,
    "duration": 0,
    "pid": 17564,
    "index": 24
  },
  {
    "name": "Load extend/application.js",
    "start": 1611308059698,
    "end": 1611308059719,
    "duration": 21,
    "pid": 17564,
    "index": 25
  },
  {
    "name": "Require(21) node_modules/_egg-session@3.2.0@egg-session/app/extend/application.js",
    "start": 1611308059699,
    "end": 1611308059699,
    "duration": 0,
    "pid": 17564,
    "index": 26
  },
  {
    "name": "Require(22) node_modules/_egg-security@2.8.0@egg-security/app/extend/application.js",
    "start": 1611308059700,
    "end": 1611308059701,
    "duration": 1,
    "pid": 17564,
    "index": 27
  },
  {
    "name": "Require(23) node_modules/_egg-jsonp@2.0.0@egg-jsonp/app/extend/application.js",
    "start": 1611308059702,
    "end": 1611308059704,
    "duration": 2,
    "pid": 17564,
    "index": 28
  },
  {
    "name": "Require(24) node_modules/_egg-logrotator@3.1.0@egg-logrotator/app/extend/application.js",
    "start": 1611308059707,
    "end": 1611308059711,
    "duration": 4,
    "pid": 17564,
    "index": 29
  },
  {
    "name": "Require(25) node_modules/_egg-view@2.1.3@egg-view/app/extend/application.js",
    "start": 1611308059711,
    "end": 1611308059714,
    "duration": 3,
    "pid": 17564,
    "index": 30
  },
  {
    "name": "Require(26) app/extend/application.js",
    "start": 1611308059715,
    "end": 1611308059715,
    "duration": 0,
    "pid": 17564,
    "index": 31
  },
  {
    "name": "Load extend/request.js",
    "start": 1611308059719,
    "end": 1611308059732,
    "duration": 13,
    "pid": 17564,
    "index": 32
  },
  {
    "name": "Require(27) node_modules/_egg@2.29.1@egg/app/extend/request.js",
    "start": 1611308059723,
    "end": 1611308059725,
    "duration": 2,
    "pid": 17564,
    "index": 33
  },
  {
    "name": "Require(28) app/extend/request.js",
    "start": 1611308059726,
    "end": 1611308059726,
    "duration": 0,
    "pid": 17564,
    "index": 34
  },
  {
    "name": "Load extend/response.js",
    "start": 1611308059732,
    "end": 1611308059743,
    "duration": 11,
    "pid": 17564,
    "index": 35
  },
  {
    "name": "Require(29) node_modules/_egg@2.29.1@egg/app/extend/response.js",
    "start": 1611308059735,
    "end": 1611308059738,
    "duration": 3,
    "pid": 17564,
    "index": 36
  },
  {
    "name": "Load extend/context.js",
    "start": 1611308059743,
    "end": 1611308059856,
    "duration": 113,
    "pid": 17564,
    "index": 37
  },
  {
    "name": "Require(30) node_modules/_egg-security@2.8.0@egg-security/app/extend/context.js",
    "start": 1611308059744,
    "end": 1611308059762,
    "duration": 18,
    "pid": 17564,
    "index": 38
  },
  {
    "name": "Require(31) node_modules/_egg-jsonp@2.0.0@egg-jsonp/app/extend/context.js",
    "start": 1611308059763,
    "end": 1611308059765,
    "duration": 2,
    "pid": 17564,
    "index": 39
  },
  {
    "name": "Require(32) node_modules/_egg-i18n@2.1.1@egg-i18n/app/extend/context.js",
    "start": 1611308059766,
    "end": 1611308059766,
    "duration": 0,
    "pid": 17564,
    "index": 40
  },
  {
    "name": "Require(33) node_modules/_egg-multipart@2.10.3@egg-multipart/app/extend/context.js",
    "start": 1611308059767,
    "end": 1611308059845,
    "duration": 78,
    "pid": 17564,
    "index": 41
  },
  {
    "name": "Require(34) node_modules/_egg-view@2.1.3@egg-view/app/extend/context.js",
    "start": 1611308059846,
    "end": 1611308059847,
    "duration": 1,
    "pid": 17564,
    "index": 42
  },
  {
    "name": "Require(35) node_modules/_egg@2.29.1@egg/app/extend/context.js",
    "start": 1611308059848,
    "end": 1611308059850,
    "duration": 2,
    "pid": 17564,
    "index": 43
  },
  {
    "name": "Require(36) app/extend/context.js",
    "start": 1611308059850,
    "end": 1611308059851,
    "duration": 1,
    "pid": 17564,
    "index": 44
  },
  {
    "name": "Load extend/helper.js",
    "start": 1611308059857,
    "end": 1611308059897,
    "duration": 40,
    "pid": 17564,
    "index": 45
  },
  {
    "name": "Require(37) node_modules/_egg-security@2.8.0@egg-security/app/extend/helper.js",
    "start": 1611308059858,
    "end": 1611308059888,
    "duration": 30,
    "pid": 17564,
    "index": 46
  },
  {
    "name": "Require(38) node_modules/_egg@2.29.1@egg/app/extend/helper.js",
    "start": 1611308059891,
    "end": 1611308059891,
    "duration": 0,
    "pid": 17564,
    "index": 47
  },
  {
    "name": "Require(39) app/extend/helper.js",
    "start": 1611308059892,
    "end": 1611308059894,
    "duration": 2,
    "pid": 17564,
    "index": 48
  },
  {
    "name": "Load app.js",
    "start": 1611308059898,
    "end": 1611308059949,
    "duration": 51,
    "pid": 17564,
    "index": 49
  },
  {
    "name": "Require(40) node_modules/_egg-session@3.2.0@egg-session/app.js",
    "start": 1611308059899,
    "end": 1611308059900,
    "duration": 1,
    "pid": 17564,
    "index": 50
  },
  {
    "name": "Require(41) node_modules/_egg-security@2.8.0@egg-security/app.js",
    "start": 1611308059901,
    "end": 1611308059904,
    "duration": 3,
    "pid": 17564,
    "index": 51
  },
  {
    "name": "Require(42) node_modules/_egg-onerror@2.1.0@egg-onerror/app.js",
    "start": 1611308059905,
    "end": 1611308059920,
    "duration": 15,
    "pid": 17564,
    "index": 52
  },
  {
    "name": "Require(43) node_modules/_egg-i18n@2.1.1@egg-i18n/app.js",
    "start": 1611308059921,
    "end": 1611308059932,
    "duration": 11,
    "pid": 17564,
    "index": 53
  },
  {
    "name": "Require(44) node_modules/_egg-watcher@3.1.1@egg-watcher/app.js",
    "start": 1611308059933,
    "end": 1611308059937,
    "duration": 4,
    "pid": 17564,
    "index": 54
  },
  {
    "name": "Require(45) node_modules/_egg-schedule@3.6.6@egg-schedule/app.js",
    "start": 1611308059938,
    "end": 1611308059942,
    "duration": 4,
    "pid": 17564,
    "index": 55
  },
  {
    "name": "Require(46) node_modules/_egg-multipart@2.10.3@egg-multipart/app.js",
    "start": 1611308059942,
    "end": 1611308059943,
    "duration": 1,
    "pid": 17564,
    "index": 56
  },
  {
    "name": "Require(47) node_modules/_egg-development@2.7.0@egg-development/app.js",
    "start": 1611308059943,
    "end": 1611308059943,
    "duration": 0,
    "pid": 17564,
    "index": 57
  },
  {
    "name": "Require(48) node_modules/_egg-logrotator@3.1.0@egg-logrotator/app.js",
    "start": 1611308059944,
    "end": 1611308059944,
    "duration": 0,
    "pid": 17564,
    "index": 58
  },
  {
    "name": "Require(49) node_modules/_egg-static@2.2.0@egg-static/app.js",
    "start": 1611308059945,
    "end": 1611308059945,
    "duration": 0,
    "pid": 17564,
    "index": 59
  },
  {
    "name": "Require(50) node_modules/_egg-view-ejs@2.0.1@egg-view-ejs/app.js",
    "start": 1611308059946,
    "end": 1611308059948,
    "duration": 2,
    "pid": 17564,
    "index": 60
  },
  {
    "name": "Before Start in node_modules/_egg-watcher@3.1.1@egg-watcher/lib/init.js:15:14",
    "start": 1611308059960,
    "end": 1611308060163,
    "duration": 203,
    "pid": 17564,
    "index": 61
  },
  {
    "name": "Load Service",
    "start": 1611308059999,
    "end": 1611308060008,
    "duration": 9,
    "pid": 17564,
    "index": 62
  },
  {
    "name": "Load \"service\" to Context",
    "start": 1611308059999,
    "end": 1611308060008,
    "duration": 9,
    "pid": 17564,
    "index": 63
  },
  {
    "name": "Load Middleware",
    "start": 1611308060009,
    "end": 1611308060140,
    "duration": 131,
    "pid": 17564,
    "index": 64
  },
  {
    "name": "Load \"middlewares\" to Application",
    "start": 1611308060009,
    "end": 1611308060122,
    "duration": 113,
    "pid": 17564,
    "index": 65
  },
  {
    "name": "Load Controller",
    "start": 1611308060141,
    "end": 1611308060143,
    "duration": 2,
    "pid": 17564,
    "index": 66
  },
  {
    "name": "Load \"controller\" to Application",
    "start": 1611308060141,
    "end": 1611308060143,
    "duration": 2,
    "pid": 17564,
    "index": 67
  },
  {
    "name": "Load Router",
    "start": 1611308060143,
    "end": 1611308060146,
    "duration": 3,
    "pid": 17564,
    "index": 68
  },
  {
    "name": "Require(51) app/router.js",
    "start": 1611308060144,
    "end": 1611308060144,
    "duration": 0,
    "pid": 17564,
    "index": 69
  },
  {
    "name": "Before Start in node_modules/_egg-core@4.20.0@egg-core/lib/egg.js:303:10",
    "start": 1611308060145,
    "end": 1611308060156,
    "duration": 11,
    "pid": 17564,
    "index": 70
  }
]