[
  {
    "name": "Process Start",
    "start": 1611308304317,
    "end": 1611308305489,
    "duration": 1172,
    "pid": 10256,
    "index": 0
  },
  {
    "name": "Application Start",
    "start": 1611308305490,
    "end": 1611308305926,
    "duration": 436,
    "pid": 10256,
    "index": 1
  },
  {
    "name": "Load Plugin",
    "start": 1611308305494,
    "end": 1611308305512,
    "duration": 18,
    "pid": 10256,
    "index": 2
  },
  {
    "name": "Load Config",
    "start": 1611308305512,
    "end": 1611308305533,
    "duration": 21,
    "pid": 10256,
    "index": 3
  },
  {
    "name": "Require(0) config/config.default.js",
    "start": 1611308305512,
    "end": 1611308305513,
    "duration": 1,
    "pid": 10256,
    "index": 4
  },
  {
    "name": "Require(1) node_modules/_egg-session@3.2.0@egg-session/config/config.default.js",
    "start": 1611308305514,
    "end": 1611308305514,
    "duration": 0,
    "pid": 10256,
    "index": 5
  },
  {
    "name": "Require(2) node_modules/_egg-security@2.8.0@egg-security/config/config.default.js",
    "start": 1611308305515,
    "end": 1611308305516,
    "duration": 1,
    "pid": 10256,
    "index": 6
  },
  {
    "name": "Require(3) node_modules/_egg-jsonp@2.0.0@egg-jsonp/config/config.default.js",
    "start": 1611308305516,
    "end": 1611308305517,
    "duration": 1,
    "pid": 10256,
    "index": 7
  },
  {
    "name": "Require(4) node_modules/_egg-onerror@2.1.0@egg-onerror/config/config.default.js",
    "start": 1611308305517,
    "end": 1611308305518,
    "duration": 1,
    "pid": 10256,
    "index": 8
  },
  {
    "name": "Require(5) node_modules/_egg-i18n@2.1.1@egg-i18n/config/config.default.js",
    "start": 1611308305518,
    "end": 1611308305519,
    "duration": 1,
    "pid": 10256,
    "index": 9
  },
  {
    "name": "Require(6) node_modules/_egg-watcher@3.1.1@egg-watcher/config/config.default.js",
    "start": 1611308305520,
    "end": 1611308305520,
    "duration": 0,
    "pid": 10256,
    "index": 10
  },
  {
    "name": "Require(7) node_modules/_egg-schedule@3.6.6@egg-schedule/config/config.default.js",
    "start": 1611308305520,
    "end": 1611308305521,
    "duration": 1,
    "pid": 10256,
    "index": 11
  },
  {
    "name": "Require(8) node_modules/_egg-multipart@2.10.3@egg-multipart/config/config.default.js",
    "start": 1611308305521,
    "end": 1611308305522,
    "duration": 1,
    "pid": 10256,
    "index": 12
  },
  {
    "name": "Require(9) node_modules/_egg-development@2.7.0@egg-development/config/config.default.js",
    "start": 1611308305522,
    "end": 1611308305523,
    "duration": 1,
    "pid": 10256,
    "index": 13
  },
  {
    "name": "Require(10) node_modules/_egg-logrotator@3.1.0@egg-logrotator/config/config.default.js",
    "start": 1611308305523,
    "end": 1611308305523,
    "duration": 0,
    "pid": 10256,
    "index": 14
  },
  {
    "name": "Require(11) node_modules/_egg-static@2.2.0@egg-static/config/config.default.js",
    "start": 1611308305524,
    "end": 1611308305525,
    "duration": 1,
    "pid": 10256,
    "index": 15
  },
  {
    "name": "Require(12) node_modules/_egg-view@2.1.3@egg-view/config/config.default.js",
    "start": 1611308305525,
    "end": 1611308305526,
    "duration": 1,
    "pid": 10256,
    "index": 16
  },
  {
    "name": "Require(13) node_modules/_egg-view-ejs@2.0.1@egg-view-ejs/config/config.default.js",
    "start": 1611308305526,
    "end": 1611308305527,
    "duration": 1,
    "pid": 10256,
    "index": 17
  },
  {
    "name": "Require(14) node_modules/_egg@2.29.1@egg/config/config.default.js",
    "start": 1611308305527,
    "end": 1611308305527,
    "duration": 0,
    "pid": 10256,
    "index": 18
  },
  {
    "name": "Require(15) config/config.default.js",
    "start": 1611308305528,
    "end": 1611308305528,
    "duration": 0,
    "pid": 10256,
    "index": 19
  },
  {
    "name": "Require(16) node_modules/_egg-security@2.8.0@egg-security/config/config.local.js",
    "start": 1611308305529,
    "end": 1611308305529,
    "duration": 0,
    "pid": 10256,
    "index": 20
  },
  {
    "name": "Require(17) node_modules/_egg-watcher@3.1.1@egg-watcher/config/config.local.js",
    "start": 1611308305530,
    "end": 1611308305530,
    "duration": 0,
    "pid": 10256,
    "index": 21
  },
  {
    "name": "Require(18) node_modules/_egg-view@2.1.3@egg-view/config/config.local.js",
    "start": 1611308305532,
    "end": 1611308305532,
    "duration": 0,
    "pid": 10256,
    "index": 22
  },
  {
    "name": "Require(19) node_modules/_egg-view-ejs@2.0.1@egg-view-ejs/config/config.local.js",
    "start": 1611308305532,
    "end": 1611308305532,
    "duration": 0,
    "pid": 10256,
    "index": 23
  },
  {
    "name": "Require(20) node_modules/_egg@2.29.1@egg/config/config.local.js",
    "start": 1611308305533,
    "end": 1611308305533,
    "duration": 0,
    "pid": 10256,
    "index": 24
  },
  {
    "name": "Load extend/application.js",
    "start": 1611308305534,
    "end": 1611308305551,
    "duration": 17,
    "pid": 10256,
    "index": 25
  },
  {
    "name": "Require(21) node_modules/_egg-session@3.2.0@egg-session/app/extend/application.js",
    "start": 1611308305535,
    "end": 1611308305535,
    "duration": 0,
    "pid": 10256,
    "index": 26
  },
  {
    "name": "Require(22) node_modules/_egg-security@2.8.0@egg-security/app/extend/application.js",
    "start": 1611308305536,
    "end": 1611308305537,
    "duration": 1,
    "pid": 10256,
    "index": 27
  },
  {
    "name": "Require(23) node_modules/_egg-jsonp@2.0.0@egg-jsonp/app/extend/application.js",
    "start": 1611308305537,
    "end": 1611308305539,
    "duration": 2,
    "pid": 10256,
    "index": 28
  },
  {
    "name": "Require(24) node_modules/_egg-logrotator@3.1.0@egg-logrotator/app/extend/application.js",
    "start": 1611308305541,
    "end": 1611308305544,
    "duration": 3,
    "pid": 10256,
    "index": 29
  },
  {
    "name": "Require(25) node_modules/_egg-view@2.1.3@egg-view/app/extend/application.js",
    "start": 1611308305545,
    "end": 1611308305547,
    "duration": 2,
    "pid": 10256,
    "index": 30
  },
  {
    "name": "Require(26) app/extend/application.js",
    "start": 1611308305547,
    "end": 1611308305548,
    "duration": 1,
    "pid": 10256,
    "index": 31
  },
  {
    "name": "Load extend/request.js",
    "start": 1611308305551,
    "end": 1611308305561,
    "duration": 10,
    "pid": 10256,
    "index": 32
  },
  {
    "name": "Require(27) node_modules/_egg@2.29.1@egg/app/extend/request.js",
    "start": 1611308305553,
    "end": 1611308305555,
    "duration": 2,
    "pid": 10256,
    "index": 33
  },
  {
    "name": "Require(28) app/extend/request.js",
    "start": 1611308305555,
    "end": 1611308305556,
    "duration": 1,
    "pid": 10256,
    "index": 34
  },
  {
    "name": "Load extend/response.js",
    "start": 1611308305561,
    "end": 1611308305570,
    "duration": 9,
    "pid": 10256,
    "index": 35
  },
  {
    "name": "Require(29) node_modules/_egg@2.29.1@egg/app/extend/response.js",
    "start": 1611308305564,
    "end": 1611308305566,
    "duration": 2,
    "pid": 10256,
    "index": 36
  },
  {
    "name": "Load extend/context.js",
    "start": 1611308305570,
    "end": 1611308305644,
    "duration": 74,
    "pid": 10256,
    "index": 37
  },
  {
    "name": "Require(30) node_modules/_egg-security@2.8.0@egg-security/app/extend/context.js",
    "start": 1611308305570,
    "end": 1611308305585,
    "duration": 15,
    "pid": 10256,
    "index": 38
  },
  {
    "name": "Require(31) node_modules/_egg-jsonp@2.0.0@egg-jsonp/app/extend/context.js",
    "start": 1611308305585,
    "end": 1611308305587,
    "duration": 2,
    "pid": 10256,
    "index": 39
  },
  {
    "name": "Require(32) node_modules/_egg-i18n@2.1.1@egg-i18n/app/extend/context.js",
    "start": 1611308305587,
    "end": 1611308305588,
    "duration": 1,
    "pid": 10256,
    "index": 40
  },
  {
    "name": "Require(33) node_modules/_egg-multipart@2.10.3@egg-multipart/app/extend/context.js",
    "start": 1611308305588,
    "end": 1611308305637,
    "duration": 49,
    "pid": 10256,
    "index": 41
  },
  {
    "name": "Require(34) node_modules/_egg-view@2.1.3@egg-view/app/extend/context.js",
    "start": 1611308305637,
    "end": 1611308305638,
    "duration": 1,
    "pid": 10256,
    "index": 42
  },
  {
    "name": "Require(35) node_modules/_egg@2.29.1@egg/app/extend/context.js",
    "start": 1611308305639,
    "end": 1611308305641,
    "duration": 2,
    "pid": 10256,
    "index": 43
  },
  {
    "name": "Require(36) app/extend/context.js",
    "start": 1611308305641,
    "end": 1611308305642,
    "duration": 1,
    "pid": 10256,
    "index": 44
  },
  {
    "name": "Load extend/helper.js",
    "start": 1611308305645,
    "end": 1611308305670,
    "duration": 25,
    "pid": 10256,
    "index": 45
  },
  {
    "name": "Require(37) node_modules/_egg-security@2.8.0@egg-security/app/extend/helper.js",
    "start": 1611308305645,
    "end": 1611308305662,
    "duration": 17,
    "pid": 10256,
    "index": 46
  },
  {
    "name": "Require(38) node_modules/_egg@2.29.1@egg/app/extend/helper.js",
    "start": 1611308305664,
    "end": 1611308305665,
    "duration": 1,
    "pid": 10256,
    "index": 47
  },
  {
    "name": "Require(39) app/extend/helper.js",
    "start": 1611308305665,
    "end": 1611308305667,
    "duration": 2,
    "pid": 10256,
    "index": 48
  },
  {
    "name": "Load app.js",
    "start": 1611308305670,
    "end": 1611308305706,
    "duration": 36,
    "pid": 10256,
    "index": 49
  },
  {
    "name": "Require(40) node_modules/_egg-session@3.2.0@egg-session/app.js",
    "start": 1611308305670,
    "end": 1611308305670,
    "duration": 0,
    "pid": 10256,
    "index": 50
  },
  {
    "name": "Require(41) node_modules/_egg-security@2.8.0@egg-security/app.js",
    "start": 1611308305671,
    "end": 1611308305673,
    "duration": 2,
    "pid": 10256,
    "index": 51
  },
  {
    "name": "Require(42) node_modules/_egg-onerror@2.1.0@egg-onerror/app.js",
    "start": 1611308305673,
    "end": 1611308305684,
    "duration": 11,
    "pid": 10256,
    "index": 52
  },
  {
    "name": "Require(43) node_modules/_egg-i18n@2.1.1@egg-i18n/app.js",
    "start": 1611308305684,
    "end": 1611308305693,
    "duration": 9,
    "pid": 10256,
    "index": 53
  },
  {
    "name": "Require(44) node_modules/_egg-watcher@3.1.1@egg-watcher/app.js",
    "start": 1611308305693,
    "end": 1611308305697,
    "duration": 4,
    "pid": 10256,
    "index": 54
  },
  {
    "name": "Require(45) node_modules/_egg-schedule@3.6.6@egg-schedule/app.js",
    "start": 1611308305697,
    "end": 1611308305700,
    "duration": 3,
    "pid": 10256,
    "index": 55
  },
  {
    "name": "Require(46) node_modules/_egg-multipart@2.10.3@egg-multipart/app.js",
    "start": 1611308305700,
    "end": 1611308305700,
    "duration": 0,
    "pid": 10256,
    "index": 56
  },
  {
    "name": "Require(47) node_modules/_egg-development@2.7.0@egg-development/app.js",
    "start": 1611308305701,
    "end": 1611308305701,
    "duration": 0,
    "pid": 10256,
    "index": 57
  },
  {
    "name": "Require(48) node_modules/_egg-logrotator@3.1.0@egg-logrotator/app.js",
    "start": 1611308305701,
    "end": 1611308305702,
    "duration": 1,
    "pid": 10256,
    "index": 58
  },
  {
    "name": "Require(49) node_modules/_egg-static@2.2.0@egg-static/app.js",
    "start": 1611308305702,
    "end": 1611308305703,
    "duration": 1,
    "pid": 10256,
    "index": 59
  },
  {
    "name": "Require(50) node_modules/_egg-view-ejs@2.0.1@egg-view-ejs/app.js",
    "start": 1611308305704,
    "end": 1611308305705,
    "duration": 1,
    "pid": 10256,
    "index": 60
  },
  {
    "name": "Before Start in node_modules/_egg-watcher@3.1.1@egg-watcher/lib/init.js:15:14",
    "start": 1611308305716,
    "end": 1611308305926,
    "duration": 210,
    "pid": 10256,
    "index": 61
  },
  {
    "name": "Load Service",
    "start": 1611308305749,
    "end": 1611308305754,
    "duration": 5,
    "pid": 10256,
    "index": 62
  },
  {
    "name": "Load \"service\" to Context",
    "start": 1611308305749,
    "end": 1611308305754,
    "duration": 5,
    "pid": 10256,
    "index": 63
  },
  {
    "name": "Load Middleware",
    "start": 1611308305754,
    "end": 1611308305907,
    "duration": 153,
    "pid": 10256,
    "index": 64
  },
  {
    "name": "Load \"middlewares\" to Application",
    "start": 1611308305757,
    "end": 1611308305888,
    "duration": 131,
    "pid": 10256,
    "index": 65
  },
  {
    "name": "Load Controller",
    "start": 1611308305908,
    "end": 1611308305911,
    "duration": 3,
    "pid": 10256,
    "index": 66
  },
  {
    "name": "Load \"controller\" to Application",
    "start": 1611308305908,
    "end": 1611308305911,
    "duration": 3,
    "pid": 10256,
    "index": 67
  },
  {
    "name": "Load Router",
    "start": 1611308305911,
    "end": 1611308305913,
    "duration": 2,
    "pid": 10256,
    "index": 68
  },
  {
    "name": "Require(51) app/router.js",
    "start": 1611308305911,
    "end": 1611308305911,
    "duration": 0,
    "pid": 10256,
    "index": 69
  },
  {
    "name": "Before Start in node_modules/_egg-core@4.20.0@egg-core/lib/egg.js:303:10",
    "start": 1611308305912,
    "end": 1611308305918,
    "duration": 6,
    "pid": 10256,
    "index": 70
  }
]