[
  {
    "name": "Process Start",
    "start": 1611308180188,
    "end": 1611308181299,
    "duration": 1111,
    "pid": 10964,
    "index": 0
  },
  {
    "name": "Application Start",
    "start": 1611308181299,
    "end": 1611308181729,
    "duration": 430,
    "pid": 10964,
    "index": 1
  },
  {
    "name": "Load Plugin",
    "start": 1611308181303,
    "end": 1611308181323,
    "duration": 20,
    "pid": 10964,
    "index": 2
  },
  {
    "name": "Load Config",
    "start": 1611308181323,
    "end": 1611308181344,
    "duration": 21,
    "pid": 10964,
    "index": 3
  },
  {
    "name": "Require(0) config/config.default.js",
    "start": 1611308181323,
    "end": 1611308181324,
    "duration": 1,
    "pid": 10964,
    "index": 4
  },
  {
    "name": "Require(1) node_modules/_egg-session@3.2.0@egg-session/config/config.default.js",
    "start": 1611308181325,
    "end": 1611308181326,
    "duration": 1,
    "pid": 10964,
    "index": 5
  },
  {
    "name": "Require(2) node_modules/_egg-security@2.8.0@egg-security/config/config.default.js",
    "start": 1611308181326,
    "end": 1611308181327,
    "duration": 1,
    "pid": 10964,
    "index": 6
  },
  {
    "name": "Require(3) node_modules/_egg-jsonp@2.0.0@egg-jsonp/config/config.default.js",
    "start": 1611308181328,
    "end": 1611308181328,
    "duration": 0,
    "pid": 10964,
    "index": 7
  },
  {
    "name": "Require(4) node_modules/_egg-onerror@2.1.0@egg-onerror/config/config.default.js",
    "start": 1611308181329,
    "end": 1611308181329,
    "duration": 0,
    "pid": 10964,
    "index": 8
  },
  {
    "name": "Require(5) node_modules/_egg-i18n@2.1.1@egg-i18n/config/config.default.js",
    "start": 1611308181329,
    "end": 1611308181330,
    "duration": 1,
    "pid": 10964,
    "index": 9
  },
  {
    "name": "Require(6) node_modules/_egg-watcher@3.1.1@egg-watcher/config/config.default.js",
    "start": 1611308181330,
    "end": 1611308181331,
    "duration": 1,
    "pid": 10964,
    "index": 10
  },
  {
    "name": "Require(7) node_modules/_egg-schedule@3.6.6@egg-schedule/config/config.default.js",
    "start": 1611308181331,
    "end": 1611308181332,
    "duration": 1,
    "pid": 10964,
    "index": 11
  },
  {
    "name": "Require(8) node_modules/_egg-multipart@2.10.3@egg-multipart/config/config.default.js",
    "start": 1611308181332,
    "end": 1611308181333,
    "duration": 1,
    "pid": 10964,
    "index": 12
  },
  {
    "name": "Require(9) node_modules/_egg-development@2.7.0@egg-development/config/config.default.js",
    "start": 1611308181333,
    "end": 1611308181333,
    "duration": 0,
    "pid": 10964,
    "index": 13
  },
  {
    "name": "Require(10) node_modules/_egg-logrotator@3.1.0@egg-logrotator/config/config.default.js",
    "start": 1611308181334,
    "end": 1611308181334,
    "duration": 0,
    "pid": 10964,
    "index": 14
  },
  {
    "name": "Require(11) node_modules/_egg-static@2.2.0@egg-static/config/config.default.js",
    "start": 1611308181335,
    "end": 1611308181335,
    "duration": 0,
    "pid": 10964,
    "index": 15
  },
  {
    "name": "Require(12) node_modules/_egg-view@2.1.3@egg-view/config/config.default.js",
    "start": 1611308181335,
    "end": 1611308181336,
    "duration": 1,
    "pid": 10964,
    "index": 16
  },
  {
    "name": "Require(13) node_modules/_egg-view-ejs@2.0.1@egg-view-ejs/config/config.default.js",
    "start": 1611308181336,
    "end": 1611308181337,
    "duration": 1,
    "pid": 10964,
    "index": 17
  },
  {
    "name": "Require(14) node_modules/_egg@2.29.1@egg/config/config.default.js",
    "start": 1611308181337,
    "end": 1611308181338,
    "duration": 1,
    "pid": 10964,
    "index": 18
  },
  {
    "name": "Require(15) config/config.default.js",
    "start": 1611308181339,
    "end": 1611308181339,
    "duration": 0,
    "pid": 10964,
    "index": 19
  },
  {
    "name": "Require(16) node_modules/_egg-security@2.8.0@egg-security/config/config.local.js",
    "start": 1611308181339,
    "end": 1611308181340,
    "duration": 1,
    "pid": 10964,
    "index": 20
  },
  {
    "name": "Require(17) node_modules/_egg-watcher@3.1.1@egg-watcher/config/config.local.js",
    "start": 1611308181341,
    "end": 1611308181341,
    "duration": 0,
    "pid": 10964,
    "index": 21
  },
  {
    "name": "Require(18) node_modules/_egg-view@2.1.3@egg-view/config/config.local.js",
    "start": 1611308181342,
    "end": 1611308181343,
    "duration": 1,
    "pid": 10964,
    "index": 22
  },
  {
    "name": "Require(19) node_modules/_egg-view-ejs@2.0.1@egg-view-ejs/config/config.local.js",
    "start": 1611308181343,
    "end": 1611308181343,
    "duration": 0,
    "pid": 10964,
    "index": 23
  },
  {
    "name": "Require(20) node_modules/_egg@2.29.1@egg/config/config.local.js",
    "start": 1611308181344,
    "end": 1611308181344,
    "duration": 0,
    "pid": 10964,
    "index": 24
  },
  {
    "name": "Load extend/application.js",
    "start": 1611308181345,
    "end": 1611308181360,
    "duration": 15,
    "pid": 10964,
    "index": 25
  },
  {
    "name": "Require(21) node_modules/_egg-session@3.2.0@egg-session/app/extend/application.js",
    "start": 1611308181345,
    "end": 1611308181346,
    "duration": 1,
    "pid": 10964,
    "index": 26
  },
  {
    "name": "Require(22) node_modules/_egg-security@2.8.0@egg-security/app/extend/application.js",
    "start": 1611308181346,
    "end": 1611308181347,
    "duration": 1,
    "pid": 10964,
    "index": 27
  },
  {
    "name": "Require(23) node_modules/_egg-jsonp@2.0.0@egg-jsonp/app/extend/application.js",
    "start": 1611308181348,
    "end": 1611308181349,
    "duration": 1,
    "pid": 10964,
    "index": 28
  },
  {
    "name": "Require(24) node_modules/_egg-logrotator@3.1.0@egg-logrotator/app/extend/application.js",
    "start": 1611308181351,
    "end": 1611308181353,
    "duration": 2,
    "pid": 10964,
    "index": 29
  },
  {
    "name": "Require(25) node_modules/_egg-view@2.1.3@egg-view/app/extend/application.js",
    "start": 1611308181354,
    "end": 1611308181356,
    "duration": 2,
    "pid": 10964,
    "index": 30
  },
  {
    "name": "Require(26) app/extend/application.js",
    "start": 1611308181357,
    "end": 1611308181357,
    "duration": 0,
    "pid": 10964,
    "index": 31
  },
  {
    "name": "Load extend/request.js",
    "start": 1611308181360,
    "end": 1611308181367,
    "duration": 7,
    "pid": 10964,
    "index": 32
  },
  {
    "name": "Require(27) node_modules/_egg@2.29.1@egg/app/extend/request.js",
    "start": 1611308181363,
    "end": 1611308181364,
    "duration": 1,
    "pid": 10964,
    "index": 33
  },
  {
    "name": "Require(28) app/extend/request.js",
    "start": 1611308181365,
    "end": 1611308181365,
    "duration": 0,
    "pid": 10964,
    "index": 34
  },
  {
    "name": "Load extend/response.js",
    "start": 1611308181368,
    "end": 1611308181377,
    "duration": 9,
    "pid": 10964,
    "index": 35
  },
  {
    "name": "Require(29) node_modules/_egg@2.29.1@egg/app/extend/response.js",
    "start": 1611308181372,
    "end": 1611308181374,
    "duration": 2,
    "pid": 10964,
    "index": 36
  },
  {
    "name": "Load extend/context.js",
    "start": 1611308181377,
    "end": 1611308181459,
    "duration": 82,
    "pid": 10964,
    "index": 37
  },
  {
    "name": "Require(30) node_modules/_egg-security@2.8.0@egg-security/app/extend/context.js",
    "start": 1611308181378,
    "end": 1611308181392,
    "duration": 14,
    "pid": 10964,
    "index": 38
  },
  {
    "name": "Require(31) node_modules/_egg-jsonp@2.0.0@egg-jsonp/app/extend/context.js",
    "start": 1611308181393,
    "end": 1611308181394,
    "duration": 1,
    "pid": 10964,
    "index": 39
  },
  {
    "name": "Require(32) node_modules/_egg-i18n@2.1.1@egg-i18n/app/extend/context.js",
    "start": 1611308181395,
    "end": 1611308181395,
    "duration": 0,
    "pid": 10964,
    "index": 40
  },
  {
    "name": "Require(33) node_modules/_egg-multipart@2.10.3@egg-multipart/app/extend/context.js",
    "start": 1611308181396,
    "end": 1611308181450,
    "duration": 54,
    "pid": 10964,
    "index": 41
  },
  {
    "name": "Require(34) node_modules/_egg-view@2.1.3@egg-view/app/extend/context.js",
    "start": 1611308181451,
    "end": 1611308181452,
    "duration": 1,
    "pid": 10964,
    "index": 42
  },
  {
    "name": "Require(35) node_modules/_egg@2.29.1@egg/app/extend/context.js",
    "start": 1611308181453,
    "end": 1611308181455,
    "duration": 2,
    "pid": 10964,
    "index": 43
  },
  {
    "name": "Require(36) app/extend/context.js",
    "start": 1611308181455,
    "end": 1611308181455,
    "duration": 0,
    "pid": 10964,
    "index": 44
  },
  {
    "name": "Load extend/helper.js",
    "start": 1611308181460,
    "end": 1611308181488,
    "duration": 28,
    "pid": 10964,
    "index": 45
  },
  {
    "name": "Require(37) node_modules/_egg-security@2.8.0@egg-security/app/extend/helper.js",
    "start": 1611308181460,
    "end": 1611308181481,
    "duration": 21,
    "pid": 10964,
    "index": 46
  },
  {
    "name": "Require(38) node_modules/_egg@2.29.1@egg/app/extend/helper.js",
    "start": 1611308181483,
    "end": 1611308181483,
    "duration": 0,
    "pid": 10964,
    "index": 47
  },
  {
    "name": "Require(39) app/extend/helper.js",
    "start": 1611308181484,
    "end": 1611308181486,
    "duration": 2,
    "pid": 10964,
    "index": 48
  },
  {
    "name": "Load app.js",
    "start": 1611308181489,
    "end": 1611308181525,
    "duration": 36,
    "pid": 10964,
    "index": 49
  },
  {
    "name": "Require(40) node_modules/_egg-session@3.2.0@egg-session/app.js",
    "start": 1611308181489,
    "end": 1611308181489,
    "duration": 0,
    "pid": 10964,
    "index": 50
  },
  {
    "name": "Require(41) node_modules/_egg-security@2.8.0@egg-security/app.js",
    "start": 1611308181490,
    "end": 1611308181492,
    "duration": 2,
    "pid": 10964,
    "index": 51
  },
  {
    "name": "Require(42) node_modules/_egg-onerror@2.1.0@egg-onerror/app.js",
    "start": 1611308181493,
    "end": 1611308181503,
    "duration": 10,
    "pid": 10964,
    "index": 52
  },
  {
    "name": "Require(43) node_modules/_egg-i18n@2.1.1@egg-i18n/app.js",
    "start": 1611308181504,
    "end": 1611308181512,
    "duration": 8,
    "pid": 10964,
    "index": 53
  },
  {
    "name": "Require(44) node_modules/_egg-watcher@3.1.1@egg-watcher/app.js",
    "start": 1611308181513,
    "end": 1611308181517,
    "duration": 4,
    "pid": 10964,
    "index": 54
  },
  {
    "name": "Require(45) node_modules/_egg-schedule@3.6.6@egg-schedule/app.js",
    "start": 1611308181517,
    "end": 1611308181519,
    "duration": 2,
    "pid": 10964,
    "index": 55
  },
  {
    "name": "Require(46) node_modules/_egg-multipart@2.10.3@egg-multipart/app.js",
    "start": 1611308181519,
    "end": 1611308181520,
    "duration": 1,
    "pid": 10964,
    "index": 56
  },
  {
    "name": "Require(47) node_modules/_egg-development@2.7.0@egg-development/app.js",
    "start": 1611308181520,
    "end": 1611308181520,
    "duration": 0,
    "pid": 10964,
    "index": 57
  },
  {
    "name": "Require(48) node_modules/_egg-logrotator@3.1.0@egg-logrotator/app.js",
    "start": 1611308181521,
    "end": 1611308181521,
    "duration": 0,
    "pid": 10964,
    "index": 58
  },
  {
    "name": "Require(49) node_modules/_egg-static@2.2.0@egg-static/app.js",
    "start": 1611308181521,
    "end": 1611308181521,
    "duration": 0,
    "pid": 10964,
    "index": 59
  },
  {
    "name": "Require(50) node_modules/_egg-view-ejs@2.0.1@egg-view-ejs/app.js",
    "start": 1611308181522,
    "end": 1611308181524,
    "duration": 2,
    "pid": 10964,
    "index": 60
  },
  {
    "name": "Before Start in node_modules/_egg-watcher@3.1.1@egg-watcher/lib/init.js:15:14",
    "start": 1611308181532,
    "end": 1611308181729,
    "duration": 197,
    "pid": 10964,
    "index": 61
  },
  {
    "name": "Load Service",
    "start": 1611308181563,
    "end": 1611308181569,
    "duration": 6,
    "pid": 10964,
    "index": 62
  },
  {
    "name": "Load \"service\" to Context",
    "start": 1611308181563,
    "end": 1611308181569,
    "duration": 6,
    "pid": 10964,
    "index": 63
  },
  {
    "name": "Load Middleware",
    "start": 1611308181569,
    "end": 1611308181706,
    "duration": 137,
    "pid": 10964,
    "index": 64
  },
  {
    "name": "Load \"middlewares\" to Application",
    "start": 1611308181569,
    "end": 1611308181688,
    "duration": 119,
    "pid": 10964,
    "index": 65
  },
  {
    "name": "Load Controller",
    "start": 1611308181706,
    "end": 1611308181709,
    "duration": 3,
    "pid": 10964,
    "index": 66
  },
  {
    "name": "Load \"controller\" to Application",
    "start": 1611308181706,
    "end": 1611308181709,
    "duration": 3,
    "pid": 10964,
    "index": 67
  },
  {
    "name": "Load Router",
    "start": 1611308181709,
    "end": 1611308181711,
    "duration": 2,
    "pid": 10964,
    "index": 68
  },
  {
    "name": "Require(51) app/router.js",
    "start": 1611308181709,
    "end": 1611308181709,
    "duration": 0,
    "pid": 10964,
    "index": 69
  },
  {
    "name": "Before Start in node_modules/_egg-core@4.20.0@egg-core/lib/egg.js:303:10",
    "start": 1611308181709,
    "end": 1611308181721,
    "duration": 12,
    "pid": 10964,
    "index": 70
  }
]