[
  {
    "name": "Process Start",
    "start": 1611308188178,
    "end": 1611308190450,
    "duration": 2272,
    "pid": 18316,
    "index": 0
  },
  {
    "name": "Application Start",
    "start": 1611308190451,
    "end": 1611308190965,
    "duration": 514,
    "pid": 18316,
    "index": 1
  },
  {
    "name": "Load Plugin",
    "start": 1611308190457,
    "end": 1611308190484,
    "duration": 27,
    "pid": 18316,
    "index": 2
  },
  {
    "name": "Load Config",
    "start": 1611308190484,
    "end": 1611308190513,
    "duration": 29,
    "pid": 18316,
    "index": 3
  },
  {
    "name": "Require(0) config/config.default.js",
    "start": 1611308190485,
    "end": 1611308190486,
    "duration": 1,
    "pid": 18316,
    "index": 4
  },
  {
    "name": "Require(1) node_modules/_egg-session@3.2.0@egg-session/config/config.default.js",
    "start": 1611308190488,
    "end": 1611308190488,
    "duration": 0,
    "pid": 18316,
    "index": 5
  },
  {
    "name": "Require(2) node_modules/_egg-security@2.8.0@egg-security/config/config.default.js",
    "start": 1611308190489,
    "end": 1611308190490,
    "duration": 1,
    "pid": 18316,
    "index": 6
  },
  {
    "name": "Require(3) node_modules/_egg-jsonp@2.0.0@egg-jsonp/config/config.default.js",
    "start": 1611308190491,
    "end": 1611308190492,
    "duration": 1,
    "pid": 18316,
    "index": 7
  },
  {
    "name": "Require(4) node_modules/_egg-onerror@2.1.0@egg-onerror/config/config.default.js",
    "start": 1611308190492,
    "end": 1611308190493,
    "duration": 1,
    "pid": 18316,
    "index": 8
  },
  {
    "name": "Require(5) node_modules/_egg-i18n@2.1.1@egg-i18n/config/config.default.js",
    "start": 1611308190493,
    "end": 1611308190494,
    "duration": 1,
    "pid": 18316,
    "index": 9
  },
  {
    "name": "Require(6) node_modules/_egg-watcher@3.1.1@egg-watcher/config/config.default.js",
    "start": 1611308190495,
    "end": 1611308190496,
    "duration": 1,
    "pid": 18316,
    "index": 10
  },
  {
    "name": "Require(7) node_modules/_egg-schedule@3.6.6@egg-schedule/config/config.default.js",
    "start": 1611308190496,
    "end": 1611308190497,
    "duration": 1,
    "pid": 18316,
    "index": 11
  },
  {
    "name": "Require(8) node_modules/_egg-multipart@2.10.3@egg-multipart/config/config.default.js",
    "start": 1611308190497,
    "end": 1611308190498,
    "duration": 1,
    "pid": 18316,
    "index": 12
  },
  {
    "name": "Require(9) node_modules/_egg-development@2.7.0@egg-development/config/config.default.js",
    "start": 1611308190499,
    "end": 1611308190499,
    "duration": 0,
    "pid": 18316,
    "index": 13
  },
  {
    "name": "Require(10) node_modules/_egg-logrotator@3.1.0@egg-logrotator/config/config.default.js",
    "start": 1611308190500,
    "end": 1611308190500,
    "duration": 0,
    "pid": 18316,
    "index": 14
  },
  {
    "name": "Require(11) node_modules/_egg-static@2.2.0@egg-static/config/config.default.js",
    "start": 1611308190501,
    "end": 1611308190501,
    "duration": 0,
    "pid": 18316,
    "index": 15
  },
  {
    "name": "Require(12) node_modules/_egg-view@2.1.3@egg-view/config/config.default.js",
    "start": 1611308190502,
    "end": 1611308190503,
    "duration": 1,
    "pid": 18316,
    "index": 16
  },
  {
    "name": "Require(13) node_modules/_egg-view-ejs@2.0.1@egg-view-ejs/config/config.default.js",
    "start": 1611308190503,
    "end": 1611308190504,
    "duration": 1,
    "pid": 18316,
    "index": 17
  },
  {
    "name": "Require(14) node_modules/_egg@2.29.1@egg/config/config.default.js",
    "start": 1611308190505,
    "end": 1611308190505,
    "duration": 0,
    "pid": 18316,
    "index": 18
  },
  {
    "name": "Require(15) config/config.default.js",
    "start": 1611308190507,
    "end": 1611308190507,
    "duration": 0,
    "pid": 18316,
    "index": 19
  },
  {
    "name": "Require(16) node_modules/_egg-security@2.8.0@egg-security/config/config.local.js",
    "start": 1611308190507,
    "end": 1611308190508,
    "duration": 1,
    "pid": 18316,
    "index": 20
  },
  {
    "name": "Require(17) node_modules/_egg-watcher@3.1.1@egg-watcher/config/config.local.js",
    "start": 1611308190509,
    "end": 1611308190509,
    "duration": 0,
    "pid": 18316,
    "index": 21
  },
  {
    "name": "Require(18) node_modules/_egg-view@2.1.3@egg-view/config/config.local.js",
    "start": 1611308190511,
    "end": 1611308190511,
    "duration": 0,
    "pid": 18316,
    "index": 22
  },
  {
    "name": "Require(19) node_modules/_egg-view-ejs@2.0.1@egg-view-ejs/config/config.local.js",
    "start": 1611308190512,
    "end": 1611308190512,
    "duration": 0,
    "pid": 18316,
    "index": 23
  },
  {
    "name": "Require(20) node_modules/_egg@2.29.1@egg/config/config.local.js",
    "start": 1611308190513,
    "end": 1611308190513,
    "duration": 0,
    "pid": 18316,
    "index": 24
  },
  {
    "name": "Load extend/application.js",
    "start": 1611308190514,
    "end": 1611308190536,
    "duration": 22,
    "pid": 18316,
    "index": 25
  },
  {
    "name": "Require(21) node_modules/_egg-session@3.2.0@egg-session/app/extend/application.js",
    "start": 1611308190515,
    "end": 1611308190516,
    "duration": 1,
    "pid": 18316,
    "index": 26
  },
  {
    "name": "Require(22) node_modules/_egg-security@2.8.0@egg-security/app/extend/application.js",
    "start": 1611308190516,
    "end": 1611308190518,
    "duration": 2,
    "pid": 18316,
    "index": 27
  },
  {
    "name": "Require(23) node_modules/_egg-jsonp@2.0.0@egg-jsonp/app/extend/application.js",
    "start": 1611308190518,
    "end": 1611308190521,
    "duration": 3,
    "pid": 18316,
    "index": 28
  },
  {
    "name": "Require(24) node_modules/_egg-logrotator@3.1.0@egg-logrotator/app/extend/application.js",
    "start": 1611308190523,
    "end": 1611308190527,
    "duration": 4,
    "pid": 18316,
    "index": 29
  },
  {
    "name": "Require(25) node_modules/_egg-view@2.1.3@egg-view/app/extend/application.js",
    "start": 1611308190528,
    "end": 1611308190531,
    "duration": 3,
    "pid": 18316,
    "index": 30
  },
  {
    "name": "Require(26) app/extend/application.js",
    "start": 1611308190532,
    "end": 1611308190532,
    "duration": 0,
    "pid": 18316,
    "index": 31
  },
  {
    "name": "Load extend/request.js",
    "start": 1611308190536,
    "end": 1611308190549,
    "duration": 13,
    "pid": 18316,
    "index": 32
  },
  {
    "name": "Require(27) node_modules/_egg@2.29.1@egg/app/extend/request.js",
    "start": 1611308190540,
    "end": 1611308190543,
    "duration": 3,
    "pid": 18316,
    "index": 33
  },
  {
    "name": "Require(28) app/extend/request.js",
    "start": 1611308190543,
    "end": 1611308190544,
    "duration": 1,
    "pid": 18316,
    "index": 34
  },
  {
    "name": "Load extend/response.js",
    "start": 1611308190549,
    "end": 1611308190560,
    "duration": 11,
    "pid": 18316,
    "index": 35
  },
  {
    "name": "Require(29) node_modules/_egg@2.29.1@egg/app/extend/response.js",
    "start": 1611308190553,
    "end": 1611308190556,
    "duration": 3,
    "pid": 18316,
    "index": 36
  },
  {
    "name": "Load extend/context.js",
    "start": 1611308190560,
    "end": 1611308190649,
    "duration": 89,
    "pid": 18316,
    "index": 37
  },
  {
    "name": "Require(30) node_modules/_egg-security@2.8.0@egg-security/app/extend/context.js",
    "start": 1611308190561,
    "end": 1611308190579,
    "duration": 18,
    "pid": 18316,
    "index": 38
  },
  {
    "name": "Require(31) node_modules/_egg-jsonp@2.0.0@egg-jsonp/app/extend/context.js",
    "start": 1611308190580,
    "end": 1611308190582,
    "duration": 2,
    "pid": 18316,
    "index": 39
  },
  {
    "name": "Require(32) node_modules/_egg-i18n@2.1.1@egg-i18n/app/extend/context.js",
    "start": 1611308190583,
    "end": 1611308190583,
    "duration": 0,
    "pid": 18316,
    "index": 40
  },
  {
    "name": "Require(33) node_modules/_egg-multipart@2.10.3@egg-multipart/app/extend/context.js",
    "start": 1611308190584,
    "end": 1611308190640,
    "duration": 56,
    "pid": 18316,
    "index": 41
  },
  {
    "name": "Require(34) node_modules/_egg-view@2.1.3@egg-view/app/extend/context.js",
    "start": 1611308190641,
    "end": 1611308190642,
    "duration": 1,
    "pid": 18316,
    "index": 42
  },
  {
    "name": "Require(35) node_modules/_egg@2.29.1@egg/app/extend/context.js",
    "start": 1611308190643,
    "end": 1611308190644,
    "duration": 1,
    "pid": 18316,
    "index": 43
  },
  {
    "name": "Require(36) app/extend/context.js",
    "start": 1611308190645,
    "end": 1611308190645,
    "duration": 0,
    "pid": 18316,
    "index": 44
  },
  {
    "name": "Load extend/helper.js",
    "start": 1611308190649,
    "end": 1611308190681,
    "duration": 32,
    "pid": 18316,
    "index": 45
  },
  {
    "name": "Require(37) node_modules/_egg-security@2.8.0@egg-security/app/extend/helper.js",
    "start": 1611308190649,
    "end": 1611308190671,
    "duration": 22,
    "pid": 18316,
    "index": 46
  },
  {
    "name": "Require(38) node_modules/_egg@2.29.1@egg/app/extend/helper.js",
    "start": 1611308190674,
    "end": 1611308190675,
    "duration": 1,
    "pid": 18316,
    "index": 47
  },
  {
    "name": "Require(39) app/extend/helper.js",
    "start": 1611308190675,
    "end": 1611308190677,
    "duration": 2,
    "pid": 18316,
    "index": 48
  },
  {
    "name": "Load app.js",
    "start": 1611308190682,
    "end": 1611308190727,
    "duration": 45,
    "pid": 18316,
    "index": 49
  },
  {
    "name": "Require(40) node_modules/_egg-session@3.2.0@egg-session/app.js",
    "start": 1611308190682,
    "end": 1611308190683,
    "duration": 1,
    "pid": 18316,
    "index": 50
  },
  {
    "name": "Require(41) node_modules/_egg-security@2.8.0@egg-security/app.js",
    "start": 1611308190684,
    "end": 1611308190686,
    "duration": 2,
    "pid": 18316,
    "index": 51
  },
  {
    "name": "Require(42) node_modules/_egg-onerror@2.1.0@egg-onerror/app.js",
    "start": 1611308190687,
    "end": 1611308190701,
    "duration": 14,
    "pid": 18316,
    "index": 52
  },
  {
    "name": "Require(43) node_modules/_egg-i18n@2.1.1@egg-i18n/app.js",
    "start": 1611308190701,
    "end": 1611308190711,
    "duration": 10,
    "pid": 18316,
    "index": 53
  },
  {
    "name": "Require(44) node_modules/_egg-watcher@3.1.1@egg-watcher/app.js",
    "start": 1611308190711,
    "end": 1611308190717,
    "duration": 6,
    "pid": 18316,
    "index": 54
  },
  {
    "name": "Require(45) node_modules/_egg-schedule@3.6.6@egg-schedule/app.js",
    "start": 1611308190717,
    "end": 1611308190720,
    "duration": 3,
    "pid": 18316,
    "index": 55
  },
  {
    "name": "Require(46) node_modules/_egg-multipart@2.10.3@egg-multipart/app.js",
    "start": 1611308190720,
    "end": 1611308190720,
    "duration": 0,
    "pid": 18316,
    "index": 56
  },
  {
    "name": "Require(47) node_modules/_egg-development@2.7.0@egg-development/app.js",
    "start": 1611308190721,
    "end": 1611308190721,
    "duration": 0,
    "pid": 18316,
    "index": 57
  },
  {
    "name": "Require(48) node_modules/_egg-logrotator@3.1.0@egg-logrotator/app.js",
    "start": 1611308190722,
    "end": 1611308190722,
    "duration": 0,
    "pid": 18316,
    "index": 58
  },
  {
    "name": "Require(49) node_modules/_egg-static@2.2.0@egg-static/app.js",
    "start": 1611308190723,
    "end": 1611308190723,
    "duration": 0,
    "pid": 18316,
    "index": 59
  },
  {
    "name": "Require(50) node_modules/_egg-view-ejs@2.0.1@egg-view-ejs/app.js",
    "start": 1611308190724,
    "end": 1611308190726,
    "duration": 2,
    "pid": 18316,
    "index": 60
  },
  {
    "name": "Before Start in node_modules/_egg-watcher@3.1.1@egg-watcher/lib/init.js:15:14",
    "start": 1611308190737,
    "end": 1611308190965,
    "duration": 228,
    "pid": 18316,
    "index": 61
  },
  {
    "name": "Load Service",
    "start": 1611308190775,
    "end": 1611308190785,
    "duration": 10,
    "pid": 18316,
    "index": 62
  },
  {
    "name": "Load \"service\" to Context",
    "start": 1611308190775,
    "end": 1611308190785,
    "duration": 10,
    "pid": 18316,
    "index": 63
  },
  {
    "name": "Load Middleware",
    "start": 1611308190785,
    "end": 1611308190943,
    "duration": 158,
    "pid": 18316,
    "index": 64
  },
  {
    "name": "Load \"middlewares\" to Application",
    "start": 1611308190785,
    "end": 1611308190921,
    "duration": 136,
    "pid": 18316,
    "index": 65
  },
  {
    "name": "Load Controller",
    "start": 1611308190943,
    "end": 1611308190946,
    "duration": 3,
    "pid": 18316,
    "index": 66
  },
  {
    "name": "Load \"controller\" to Application",
    "start": 1611308190943,
    "end": 1611308190946,
    "duration": 3,
    "pid": 18316,
    "index": 67
  },
  {
    "name": "Load Router",
    "start": 1611308190946,
    "end": 1611308190948,
    "duration": 2,
    "pid": 18316,
    "index": 68
  },
  {
    "name": "Require(51) app/router.js",
    "start": 1611308190946,
    "end": 1611308190946,
    "duration": 0,
    "pid": 18316,
    "index": 69
  },
  {
    "name": "Before Start in node_modules/_egg-core@4.20.0@egg-core/lib/egg.js:303:10",
    "start": 1611308190947,
    "end": 1611308190956,
    "duration": 9,
    "pid": 18316,
    "index": 70
  }
]