[
  {
    "name": "Process Start",
    "start": 1611308529721,
    "end": 1611308531002,
    "duration": 1281,
    "pid": 20060,
    "index": 0
  },
  {
    "name": "Application Start",
    "start": 1611308531002,
    "end": 1611308531413,
    "duration": 411,
    "pid": 20060,
    "index": 1
  },
  {
    "name": "Load Plugin",
    "start": 1611308531006,
    "end": 1611308531024,
    "duration": 18,
    "pid": 20060,
    "index": 2
  },
  {
    "name": "Load Config",
    "start": 1611308531024,
    "end": 1611308531046,
    "duration": 22,
    "pid": 20060,
    "index": 3
  },
  {
    "name": "Require(0) config/config.default.js",
    "start": 1611308531025,
    "end": 1611308531025,
    "duration": 0,
    "pid": 20060,
    "index": 4
  },
  {
    "name": "Require(1) node_modules/_egg-session@3.2.0@egg-session/config/config.default.js",
    "start": 1611308531026,
    "end": 1611308531027,
    "duration": 1,
    "pid": 20060,
    "index": 5
  },
  {
    "name": "Require(2) node_modules/_egg-security@2.8.0@egg-security/config/config.default.js",
    "start": 1611308531027,
    "end": 1611308531028,
    "duration": 1,
    "pid": 20060,
    "index": 6
  },
  {
    "name": "Require(3) node_modules/_egg-jsonp@2.0.0@egg-jsonp/config/config.default.js",
    "start": 1611308531029,
    "end": 1611308531029,
    "duration": 0,
    "pid": 20060,
    "index": 7
  },
  {
    "name": "Require(4) node_modules/_egg-onerror@2.1.0@egg-onerror/config/config.default.js",
    "start": 1611308531030,
    "end": 1611308531030,
    "duration": 0,
    "pid": 20060,
    "index": 8
  },
  {
    "name": "Require(5) node_modules/_egg-i18n@2.1.1@egg-i18n/config/config.default.js",
    "start": 1611308531031,
    "end": 1611308531031,
    "duration": 0,
    "pid": 20060,
    "index": 9
  },
  {
    "name": "Require(6) node_modules/_egg-watcher@3.1.1@egg-watcher/config/config.default.js",
    "start": 1611308531032,
    "end": 1611308531032,
    "duration": 0,
    "pid": 20060,
    "index": 10
  },
  {
    "name": "Require(7) node_modules/_egg-schedule@3.6.6@egg-schedule/config/config.default.js",
    "start": 1611308531033,
    "end": 1611308531033,
    "duration": 0,
    "pid": 20060,
    "index": 11
  },
  {
    "name": "Require(8) node_modules/_egg-multipart@2.10.3@egg-multipart/config/config.default.js",
    "start": 1611308531034,
    "end": 1611308531034,
    "duration": 0,
    "pid": 20060,
    "index": 12
  },
  {
    "name": "Require(9) node_modules/_egg-development@2.7.0@egg-development/config/config.default.js",
    "start": 1611308531035,
    "end": 1611308531035,
    "duration": 0,
    "pid": 20060,
    "index": 13
  },
  {
    "name": "Require(10) node_modules/_egg-logrotator@3.1.0@egg-logrotator/config/config.default.js",
    "start": 1611308531036,
    "end": 1611308531036,
    "duration": 0,
    "pid": 20060,
    "index": 14
  },
  {
    "name": "Require(11) node_modules/_egg-static@2.2.0@egg-static/config/config.default.js",
    "start": 1611308531037,
    "end": 1611308531037,
    "duration": 0,
    "pid": 20060,
    "index": 15
  },
  {
    "name": "Require(12) node_modules/_egg-view@2.1.3@egg-view/config/config.default.js",
    "start": 1611308531037,
    "end": 1611308531038,
    "duration": 1,
    "pid": 20060,
    "index": 16
  },
  {
    "name": "Require(13) node_modules/_egg-view-ejs@2.0.1@egg-view-ejs/config/config.default.js",
    "start": 1611308531038,
    "end": 1611308531039,
    "duration": 1,
    "pid": 20060,
    "index": 17
  },
  {
    "name": "Require(14) node_modules/_egg@2.29.1@egg/config/config.default.js",
    "start": 1611308531039,
    "end": 1611308531040,
    "duration": 1,
    "pid": 20060,
    "index": 18
  },
  {
    "name": "Require(15) config/config.default.js",
    "start": 1611308531041,
    "end": 1611308531041,
    "duration": 0,
    "pid": 20060,
    "index": 19
  },
  {
    "name": "Require(16) node_modules/_egg-security@2.8.0@egg-security/config/config.local.js",
    "start": 1611308531041,
    "end": 1611308531042,
    "duration": 1,
    "pid": 20060,
    "index": 20
  },
  {
    "name": "Require(17) node_modules/_egg-watcher@3.1.1@egg-watcher/config/config.local.js",
    "start": 1611308531043,
    "end": 1611308531043,
    "duration": 0,
    "pid": 20060,
    "index": 21
  },
  {
    "name": "Require(18) node_modules/_egg-view@2.1.3@egg-view/config/config.local.js",
    "start": 1611308531045,
    "end": 1611308531045,
    "duration": 0,
    "pid": 20060,
    "index": 22
  },
  {
    "name": "Require(19) node_modules/_egg-view-ejs@2.0.1@egg-view-ejs/config/config.local.js",
    "start": 1611308531045,
    "end": 1611308531046,
    "duration": 1,
    "pid": 20060,
    "index": 23
  },
  {
    "name": "Require(20) node_modules/_egg@2.29.1@egg/config/config.local.js",
    "start": 1611308531046,
    "end": 1611308531046,
    "duration": 0,
    "pid": 20060,
    "index": 24
  },
  {
    "name": "Load extend/application.js",
    "start": 1611308531047,
    "end": 1611308531065,
    "duration": 18,
    "pid": 20060,
    "index": 25
  },
  {
    "name": "Require(21) node_modules/_egg-session@3.2.0@egg-session/app/extend/application.js",
    "start": 1611308531048,
    "end": 1611308531048,
    "duration": 0,
    "pid": 20060,
    "index": 26
  },
  {
    "name": "Require(22) node_modules/_egg-security@2.8.0@egg-security/app/extend/application.js",
    "start": 1611308531049,
    "end": 1611308531050,
    "duration": 1,
    "pid": 20060,
    "index": 27
  },
  {
    "name": "Require(23) node_modules/_egg-jsonp@2.0.0@egg-jsonp/app/extend/application.js",
    "start": 1611308531051,
    "end": 1611308531053,
    "duration": 2,
    "pid": 20060,
    "index": 28
  },
  {
    "name": "Require(24) node_modules/_egg-logrotator@3.1.0@egg-logrotator/app/extend/application.js",
    "start": 1611308531054,
    "end": 1611308531058,
    "duration": 4,
    "pid": 20060,
    "index": 29
  },
  {
    "name": "Require(25) node_modules/_egg-view@2.1.3@egg-view/app/extend/application.js",
    "start": 1611308531058,
    "end": 1611308531060,
    "duration": 2,
    "pid": 20060,
    "index": 30
  },
  {
    "name": "Require(26) app/extend/application.js",
    "start": 1611308531061,
    "end": 1611308531062,
    "duration": 1,
    "pid": 20060,
    "index": 31
  },
  {
    "name": "Load extend/request.js",
    "start": 1611308531065,
    "end": 1611308531074,
    "duration": 9,
    "pid": 20060,
    "index": 32
  },
  {
    "name": "Require(27) node_modules/_egg@2.29.1@egg/app/extend/request.js",
    "start": 1611308531068,
    "end": 1611308531069,
    "duration": 1,
    "pid": 20060,
    "index": 33
  },
  {
    "name": "Require(28) app/extend/request.js",
    "start": 1611308531070,
    "end": 1611308531070,
    "duration": 0,
    "pid": 20060,
    "index": 34
  },
  {
    "name": "Load extend/response.js",
    "start": 1611308531075,
    "end": 1611308531083,
    "duration": 8,
    "pid": 20060,
    "index": 35
  },
  {
    "name": "Require(29) node_modules/_egg@2.29.1@egg/app/extend/response.js",
    "start": 1611308531077,
    "end": 1611308531080,
    "duration": 3,
    "pid": 20060,
    "index": 36
  },
  {
    "name": "Load extend/context.js",
    "start": 1611308531083,
    "end": 1611308531159,
    "duration": 76,
    "pid": 20060,
    "index": 37
  },
  {
    "name": "Require(30) node_modules/_egg-security@2.8.0@egg-security/app/extend/context.js",
    "start": 1611308531083,
    "end": 1611308531098,
    "duration": 15,
    "pid": 20060,
    "index": 38
  },
  {
    "name": "Require(31) node_modules/_egg-jsonp@2.0.0@egg-jsonp/app/extend/context.js",
    "start": 1611308531098,
    "end": 1611308531100,
    "duration": 2,
    "pid": 20060,
    "index": 39
  },
  {
    "name": "Require(32) node_modules/_egg-i18n@2.1.1@egg-i18n/app/extend/context.js",
    "start": 1611308531101,
    "end": 1611308531101,
    "duration": 0,
    "pid": 20060,
    "index": 40
  },
  {
    "name": "Require(33) node_modules/_egg-multipart@2.10.3@egg-multipart/app/extend/context.js",
    "start": 1611308531102,
    "end": 1611308531152,
    "duration": 50,
    "pid": 20060,
    "index": 41
  },
  {
    "name": "Require(34) node_modules/_egg-view@2.1.3@egg-view/app/extend/context.js",
    "start": 1611308531153,
    "end": 1611308531154,
    "duration": 1,
    "pid": 20060,
    "index": 42
  },
  {
    "name": "Require(35) node_modules/_egg@2.29.1@egg/app/extend/context.js",
    "start": 1611308531154,
    "end": 1611308531156,
    "duration": 2,
    "pid": 20060,
    "index": 43
  },
  {
    "name": "Require(36) app/extend/context.js",
    "start": 1611308531156,
    "end": 1611308531156,
    "duration": 0,
    "pid": 20060,
    "index": 44
  },
  {
    "name": "Load extend/helper.js",
    "start": 1611308531159,
    "end": 1611308531188,
    "duration": 29,
    "pid": 20060,
    "index": 45
  },
  {
    "name": "Require(37) node_modules/_egg-security@2.8.0@egg-security/app/extend/helper.js",
    "start": 1611308531160,
    "end": 1611308531177,
    "duration": 17,
    "pid": 20060,
    "index": 46
  },
  {
    "name": "Require(38) node_modules/_egg@2.29.1@egg/app/extend/helper.js",
    "start": 1611308531180,
    "end": 1611308531180,
    "duration": 0,
    "pid": 20060,
    "index": 47
  },
  {
    "name": "Require(39) app/extend/helper.js",
    "start": 1611308531181,
    "end": 1611308531184,
    "duration": 3,
    "pid": 20060,
    "index": 48
  },
  {
    "name": "Load app.js",
    "start": 1611308531188,
    "end": 1611308531225,
    "duration": 37,
    "pid": 20060,
    "index": 49
  },
  {
    "name": "Require(40) node_modules/_egg-session@3.2.0@egg-session/app.js",
    "start": 1611308531189,
    "end": 1611308531189,
    "duration": 0,
    "pid": 20060,
    "index": 50
  },
  {
    "name": "Require(41) node_modules/_egg-security@2.8.0@egg-security/app.js",
    "start": 1611308531190,
    "end": 1611308531192,
    "duration": 2,
    "pid": 20060,
    "index": 51
  },
  {
    "name": "Require(42) node_modules/_egg-onerror@2.1.0@egg-onerror/app.js",
    "start": 1611308531193,
    "end": 1611308531204,
    "duration": 11,
    "pid": 20060,
    "index": 52
  },
  {
    "name": "Require(43) node_modules/_egg-i18n@2.1.1@egg-i18n/app.js",
    "start": 1611308531204,
    "end": 1611308531212,
    "duration": 8,
    "pid": 20060,
    "index": 53
  },
  {
    "name": "Require(44) node_modules/_egg-watcher@3.1.1@egg-watcher/app.js",
    "start": 1611308531212,
    "end": 1611308531216,
    "duration": 4,
    "pid": 20060,
    "index": 54
  },
  {
    "name": "Require(45) node_modules/_egg-schedule@3.6.6@egg-schedule/app.js",
    "start": 1611308531216,
    "end": 1611308531218,
    "duration": 2,
    "pid": 20060,
    "index": 55
  },
  {
    "name": "Require(46) node_modules/_egg-multipart@2.10.3@egg-multipart/app.js",
    "start": 1611308531218,
    "end": 1611308531219,
    "duration": 1,
    "pid": 20060,
    "index": 56
  },
  {
    "name": "Require(47) node_modules/_egg-development@2.7.0@egg-development/app.js",
    "start": 1611308531219,
    "end": 1611308531220,
    "duration": 1,
    "pid": 20060,
    "index": 57
  },
  {
    "name": "Require(48) node_modules/_egg-logrotator@3.1.0@egg-logrotator/app.js",
    "start": 1611308531220,
    "end": 1611308531220,
    "duration": 0,
    "pid": 20060,
    "index": 58
  },
  {
    "name": "Require(49) node_modules/_egg-static@2.2.0@egg-static/app.js",
    "start": 1611308531221,
    "end": 1611308531221,
    "duration": 0,
    "pid": 20060,
    "index": 59
  },
  {
    "name": "Require(50) node_modules/_egg-view-ejs@2.0.1@egg-view-ejs/app.js",
    "start": 1611308531222,
    "end": 1611308531224,
    "duration": 2,
    "pid": 20060,
    "index": 60
  },
  {
    "name": "Before Start in node_modules/_egg-watcher@3.1.1@egg-watcher/lib/init.js:15:14",
    "start": 1611308531237,
    "end": 1611308531412,
    "duration": 175,
    "pid": 20060,
    "index": 61
  },
  {
    "name": "Load Service",
    "start": 1611308531266,
    "end": 1611308531274,
    "duration": 8,
    "pid": 20060,
    "index": 62
  },
  {
    "name": "Load \"service\" to Context",
    "start": 1611308531267,
    "end": 1611308531274,
    "duration": 7,
    "pid": 20060,
    "index": 63
  },
  {
    "name": "Load Middleware",
    "start": 1611308531275,
    "end": 1611308531396,
    "duration": 121,
    "pid": 20060,
    "index": 64
  },
  {
    "name": "Load \"middlewares\" to Application",
    "start": 1611308531275,
    "end": 1611308531378,
    "duration": 103,
    "pid": 20060,
    "index": 65
  },
  {
    "name": "Load Controller",
    "start": 1611308531396,
    "end": 1611308531399,
    "duration": 3,
    "pid": 20060,
    "index": 66
  },
  {
    "name": "Load \"controller\" to Application",
    "start": 1611308531396,
    "end": 1611308531399,
    "duration": 3,
    "pid": 20060,
    "index": 67
  },
  {
    "name": "Load Router",
    "start": 1611308531399,
    "end": 1611308531401,
    "duration": 2,
    "pid": 20060,
    "index": 68
  },
  {
    "name": "Require(51) app/router.js",
    "start": 1611308531399,
    "end": 1611308531399,
    "duration": 0,
    "pid": 20060,
    "index": 69
  },
  {
    "name": "Before Start in node_modules/_egg-core@4.20.0@egg-core/lib/egg.js:303:10",
    "start": 1611308531400,
    "end": 1611308531406,
    "duration": 6,
    "pid": 20060,
    "index": 70
  }
]