[
  {
    "name": "Process Start",
    "start": 1611308119336,
    "end": 1611308120477,
    "duration": 1141,
    "pid": 18064,
    "index": 0
  },
  {
    "name": "Application Start",
    "start": 1611308120478,
    "end": 1611308120923,
    "duration": 445,
    "pid": 18064,
    "index": 1
  },
  {
    "name": "Load Plugin",
    "start": 1611308120482,
    "end": 1611308120502,
    "duration": 20,
    "pid": 18064,
    "index": 2
  },
  {
    "name": "Load Config",
    "start": 1611308120502,
    "end": 1611308120526,
    "duration": 24,
    "pid": 18064,
    "index": 3
  },
  {
    "name": "Require(0) config/config.default.js",
    "start": 1611308120503,
    "end": 1611308120503,
    "duration": 0,
    "pid": 18064,
    "index": 4
  },
  {
    "name": "Require(1) node_modules/_egg-session@3.2.0@egg-session/config/config.default.js",
    "start": 1611308120505,
    "end": 1611308120505,
    "duration": 0,
    "pid": 18064,
    "index": 5
  },
  {
    "name": "Require(2) node_modules/_egg-security@2.8.0@egg-security/config/config.default.js",
    "start": 1611308120506,
    "end": 1611308120506,
    "duration": 0,
    "pid": 18064,
    "index": 6
  },
  {
    "name": "Require(3) node_modules/_egg-jsonp@2.0.0@egg-jsonp/config/config.default.js",
    "start": 1611308120507,
    "end": 1611308120507,
    "duration": 0,
    "pid": 18064,
    "index": 7
  },
  {
    "name": "Require(4) node_modules/_egg-onerror@2.1.0@egg-onerror/config/config.default.js",
    "start": 1611308120508,
    "end": 1611308120508,
    "duration": 0,
    "pid": 18064,
    "index": 8
  },
  {
    "name": "Require(5) node_modules/_egg-i18n@2.1.1@egg-i18n/config/config.default.js",
    "start": 1611308120509,
    "end": 1611308120509,
    "duration": 0,
    "pid": 18064,
    "index": 9
  },
  {
    "name": "Require(6) node_modules/_egg-watcher@3.1.1@egg-watcher/config/config.default.js",
    "start": 1611308120510,
    "end": 1611308120511,
    "duration": 1,
    "pid": 18064,
    "index": 10
  },
  {
    "name": "Require(7) node_modules/_egg-schedule@3.6.6@egg-schedule/config/config.default.js",
    "start": 1611308120511,
    "end": 1611308120511,
    "duration": 0,
    "pid": 18064,
    "index": 11
  },
  {
    "name": "Require(8) node_modules/_egg-multipart@2.10.3@egg-multipart/config/config.default.js",
    "start": 1611308120512,
    "end": 1611308120513,
    "duration": 1,
    "pid": 18064,
    "index": 12
  },
  {
    "name": "Require(9) node_modules/_egg-development@2.7.0@egg-development/config/config.default.js",
    "start": 1611308120513,
    "end": 1611308120514,
    "duration": 1,
    "pid": 18064,
    "index": 13
  },
  {
    "name": "Require(10) node_modules/_egg-logrotator@3.1.0@egg-logrotator/config/config.default.js",
    "start": 1611308120514,
    "end": 1611308120515,
    "duration": 1,
    "pid": 18064,
    "index": 14
  },
  {
    "name": "Require(11) node_modules/_egg-static@2.2.0@egg-static/config/config.default.js",
    "start": 1611308120515,
    "end": 1611308120516,
    "duration": 1,
    "pid": 18064,
    "index": 15
  },
  {
    "name": "Require(12) node_modules/_egg-view@2.1.3@egg-view/config/config.default.js",
    "start": 1611308120516,
    "end": 1611308120517,
    "duration": 1,
    "pid": 18064,
    "index": 16
  },
  {
    "name": "Require(13) node_modules/_egg-view-ejs@2.0.1@egg-view-ejs/config/config.default.js",
    "start": 1611308120517,
    "end": 1611308120518,
    "duration": 1,
    "pid": 18064,
    "index": 17
  },
  {
    "name": "Require(14) node_modules/_egg@2.29.1@egg/config/config.default.js",
    "start": 1611308120518,
    "end": 1611308120519,
    "duration": 1,
    "pid": 18064,
    "index": 18
  },
  {
    "name": "Require(15) config/config.default.js",
    "start": 1611308120520,
    "end": 1611308120520,
    "duration": 0,
    "pid": 18064,
    "index": 19
  },
  {
    "name": "Require(16) node_modules/_egg-security@2.8.0@egg-security/config/config.local.js",
    "start": 1611308120521,
    "end": 1611308120521,
    "duration": 0,
    "pid": 18064,
    "index": 20
  },
  {
    "name": "Require(17) node_modules/_egg-watcher@3.1.1@egg-watcher/config/config.local.js",
    "start": 1611308120522,
    "end": 1611308120522,
    "duration": 0,
    "pid": 18064,
    "index": 21
  },
  {
    "name": "Require(18) node_modules/_egg-view@2.1.3@egg-view/config/config.local.js",
    "start": 1611308120524,
    "end": 1611308120524,
    "duration": 0,
    "pid": 18064,
    "index": 22
  },
  {
    "name": "Require(19) node_modules/_egg-view-ejs@2.0.1@egg-view-ejs/config/config.local.js",
    "start": 1611308120525,
    "end": 1611308120525,
    "duration": 0,
    "pid": 18064,
    "index": 23
  },
  {
    "name": "Require(20) node_modules/_egg@2.29.1@egg/config/config.local.js",
    "start": 1611308120525,
    "end": 1611308120525,
    "duration": 0,
    "pid": 18064,
    "index": 24
  },
  {
    "name": "Load extend/application.js",
    "start": 1611308120527,
    "end": 1611308120543,
    "duration": 16,
    "pid": 18064,
    "index": 25
  },
  {
    "name": "Require(21) node_modules/_egg-session@3.2.0@egg-session/app/extend/application.js",
    "start": 1611308120527,
    "end": 1611308120528,
    "duration": 1,
    "pid": 18064,
    "index": 26
  },
  {
    "name": "Require(22) node_modules/_egg-security@2.8.0@egg-security/app/extend/application.js",
    "start": 1611308120528,
    "end": 1611308120530,
    "duration": 2,
    "pid": 18064,
    "index": 27
  },
  {
    "name": "Require(23) node_modules/_egg-jsonp@2.0.0@egg-jsonp/app/extend/application.js",
    "start": 1611308120530,
    "end": 1611308120532,
    "duration": 2,
    "pid": 18064,
    "index": 28
  },
  {
    "name": "Require(24) node_modules/_egg-logrotator@3.1.0@egg-logrotator/app/extend/application.js",
    "start": 1611308120534,
    "end": 1611308120537,
    "duration": 3,
    "pid": 18064,
    "index": 29
  },
  {
    "name": "Require(25) node_modules/_egg-view@2.1.3@egg-view/app/extend/application.js",
    "start": 1611308120538,
    "end": 1611308120539,
    "duration": 1,
    "pid": 18064,
    "index": 30
  },
  {
    "name": "Require(26) app/extend/application.js",
    "start": 1611308120540,
    "end": 1611308120541,
    "duration": 1,
    "pid": 18064,
    "index": 31
  },
  {
    "name": "Load extend/request.js",
    "start": 1611308120543,
    "end": 1611308120550,
    "duration": 7,
    "pid": 18064,
    "index": 32
  },
  {
    "name": "Require(27) node_modules/_egg@2.29.1@egg/app/extend/request.js",
    "start": 1611308120546,
    "end": 1611308120547,
    "duration": 1,
    "pid": 18064,
    "index": 33
  },
  {
    "name": "Require(28) app/extend/request.js",
    "start": 1611308120547,
    "end": 1611308120548,
    "duration": 1,
    "pid": 18064,
    "index": 34
  },
  {
    "name": "Load extend/response.js",
    "start": 1611308120551,
    "end": 1611308120562,
    "duration": 11,
    "pid": 18064,
    "index": 35
  },
  {
    "name": "Require(29) node_modules/_egg@2.29.1@egg/app/extend/response.js",
    "start": 1611308120556,
    "end": 1611308120558,
    "duration": 2,
    "pid": 18064,
    "index": 36
  },
  {
    "name": "Load extend/context.js",
    "start": 1611308120562,
    "end": 1611308120638,
    "duration": 76,
    "pid": 18064,
    "index": 37
  },
  {
    "name": "Require(30) node_modules/_egg-security@2.8.0@egg-security/app/extend/context.js",
    "start": 1611308120562,
    "end": 1611308120577,
    "duration": 15,
    "pid": 18064,
    "index": 38
  },
  {
    "name": "Require(31) node_modules/_egg-jsonp@2.0.0@egg-jsonp/app/extend/context.js",
    "start": 1611308120578,
    "end": 1611308120579,
    "duration": 1,
    "pid": 18064,
    "index": 39
  },
  {
    "name": "Require(32) node_modules/_egg-i18n@2.1.1@egg-i18n/app/extend/context.js",
    "start": 1611308120580,
    "end": 1611308120581,
    "duration": 1,
    "pid": 18064,
    "index": 40
  },
  {
    "name": "Require(33) node_modules/_egg-multipart@2.10.3@egg-multipart/app/extend/context.js",
    "start": 1611308120582,
    "end": 1611308120630,
    "duration": 48,
    "pid": 18064,
    "index": 41
  },
  {
    "name": "Require(34) node_modules/_egg-view@2.1.3@egg-view/app/extend/context.js",
    "start": 1611308120631,
    "end": 1611308120632,
    "duration": 1,
    "pid": 18064,
    "index": 42
  },
  {
    "name": "Require(35) node_modules/_egg@2.29.1@egg/app/extend/context.js",
    "start": 1611308120633,
    "end": 1611308120634,
    "duration": 1,
    "pid": 18064,
    "index": 43
  },
  {
    "name": "Require(36) app/extend/context.js",
    "start": 1611308120634,
    "end": 1611308120635,
    "duration": 1,
    "pid": 18064,
    "index": 44
  },
  {
    "name": "Load extend/helper.js",
    "start": 1611308120638,
    "end": 1611308120663,
    "duration": 25,
    "pid": 18064,
    "index": 45
  },
  {
    "name": "Require(37) node_modules/_egg-security@2.8.0@egg-security/app/extend/helper.js",
    "start": 1611308120638,
    "end": 1611308120655,
    "duration": 17,
    "pid": 18064,
    "index": 46
  },
  {
    "name": "Require(38) node_modules/_egg@2.29.1@egg/app/extend/helper.js",
    "start": 1611308120657,
    "end": 1611308120657,
    "duration": 0,
    "pid": 18064,
    "index": 47
  },
  {
    "name": "Require(39) app/extend/helper.js",
    "start": 1611308120658,
    "end": 1611308120660,
    "duration": 2,
    "pid": 18064,
    "index": 48
  },
  {
    "name": "Load app.js",
    "start": 1611308120663,
    "end": 1611308120703,
    "duration": 40,
    "pid": 18064,
    "index": 49
  },
  {
    "name": "Require(40) node_modules/_egg-session@3.2.0@egg-session/app.js",
    "start": 1611308120663,
    "end": 1611308120664,
    "duration": 1,
    "pid": 18064,
    "index": 50
  },
  {
    "name": "Require(41) node_modules/_egg-security@2.8.0@egg-security/app.js",
    "start": 1611308120664,
    "end": 1611308120666,
    "duration": 2,
    "pid": 18064,
    "index": 51
  },
  {
    "name": "Require(42) node_modules/_egg-onerror@2.1.0@egg-onerror/app.js",
    "start": 1611308120666,
    "end": 1611308120677,
    "duration": 11,
    "pid": 18064,
    "index": 52
  },
  {
    "name": "Require(43) node_modules/_egg-i18n@2.1.1@egg-i18n/app.js",
    "start": 1611308120677,
    "end": 1611308120686,
    "duration": 9,
    "pid": 18064,
    "index": 53
  },
  {
    "name": "Require(44) node_modules/_egg-watcher@3.1.1@egg-watcher/app.js",
    "start": 1611308120687,
    "end": 1611308120691,
    "duration": 4,
    "pid": 18064,
    "index": 54
  },
  {
    "name": "Require(45) node_modules/_egg-schedule@3.6.6@egg-schedule/app.js",
    "start": 1611308120692,
    "end": 1611308120695,
    "duration": 3,
    "pid": 18064,
    "index": 55
  },
  {
    "name": "Require(46) node_modules/_egg-multipart@2.10.3@egg-multipart/app.js",
    "start": 1611308120695,
    "end": 1611308120696,
    "duration": 1,
    "pid": 18064,
    "index": 56
  },
  {
    "name": "Require(47) node_modules/_egg-development@2.7.0@egg-development/app.js",
    "start": 1611308120697,
    "end": 1611308120697,
    "duration": 0,
    "pid": 18064,
    "index": 57
  },
  {
    "name": "Require(48) node_modules/_egg-logrotator@3.1.0@egg-logrotator/app.js",
    "start": 1611308120698,
    "end": 1611308120698,
    "duration": 0,
    "pid": 18064,
    "index": 58
  },
  {
    "name": "Require(49) node_modules/_egg-static@2.2.0@egg-static/app.js",
    "start": 1611308120699,
    "end": 1611308120699,
    "duration": 0,
    "pid": 18064,
    "index": 59
  },
  {
    "name": "Require(50) node_modules/_egg-view-ejs@2.0.1@egg-view-ejs/app.js",
    "start": 1611308120700,
    "end": 1611308120702,
    "duration": 2,
    "pid": 18064,
    "index": 60
  },
  {
    "name": "Before Start in node_modules/_egg-watcher@3.1.1@egg-watcher/lib/init.js:15:14",
    "start": 1611308120712,
    "end": 1611308120923,
    "duration": 211,
    "pid": 18064,
    "index": 61
  },
  {
    "name": "Load Service",
    "start": 1611308120744,
    "end": 1611308120750,
    "duration": 6,
    "pid": 18064,
    "index": 62
  },
  {
    "name": "Load \"service\" to Context",
    "start": 1611308120745,
    "end": 1611308120750,
    "duration": 5,
    "pid": 18064,
    "index": 63
  },
  {
    "name": "Load Middleware",
    "start": 1611308120750,
    "end": 1611308120905,
    "duration": 155,
    "pid": 18064,
    "index": 64
  },
  {
    "name": "Load \"middlewares\" to Application",
    "start": 1611308120750,
    "end": 1611308120885,
    "duration": 135,
    "pid": 18064,
    "index": 65
  },
  {
    "name": "Load Controller",
    "start": 1611308120905,
    "end": 1611308120908,
    "duration": 3,
    "pid": 18064,
    "index": 66
  },
  {
    "name": "Load \"controller\" to Application",
    "start": 1611308120905,
    "end": 1611308120908,
    "duration": 3,
    "pid": 18064,
    "index": 67
  },
  {
    "name": "Load Router",
    "start": 1611308120908,
    "end": 1611308120910,
    "duration": 2,
    "pid": 18064,
    "index": 68
  },
  {
    "name": "Require(51) app/router.js",
    "start": 1611308120908,
    "end": 1611308120908,
    "duration": 0,
    "pid": 18064,
    "index": 69
  },
  {
    "name": "Before Start in node_modules/_egg-core@4.20.0@egg-core/lib/egg.js:303:10",
    "start": 1611308120908,
    "end": 1611308120917,
    "duration": 9,
    "pid": 18064,
    "index": 70
  }
]