[
  {
    "name": "Process Start",
    "start": 1611307998186,
    "end": 1611307999619,
    "duration": 1433,
    "pid": 2340,
    "index": 0
  },
  {
    "name": "Application Start",
    "start": 1611307999619,
    "end": 1611308000150,
    "duration": 531,
    "pid": 2340,
    "index": 1
  },
  {
    "name": "Load Plugin",
    "start": 1611307999624,
    "end": 1611307999648,
    "duration": 24,
    "pid": 2340,
    "index": 2
  },
  {
    "name": "Load Config",
    "start": 1611307999648,
    "end": 1611307999674,
    "duration": 26,
    "pid": 2340,
    "index": 3
  },
  {
    "name": "Require(0) config/config.default.js",
    "start": 1611307999649,
    "end": 1611307999649,
    "duration": 0,
    "pid": 2340,
    "index": 4
  },
  {
    "name": "Require(1) node_modules/_egg-session@3.2.0@egg-session/config/config.default.js",
    "start": 1611307999651,
    "end": 1611307999652,
    "duration": 1,
    "pid": 2340,
    "index": 5
  },
  {
    "name": "Require(2) node_modules/_egg-security@2.8.0@egg-security/config/config.default.js",
    "start": 1611307999652,
    "end": 1611307999653,
    "duration": 1,
    "pid": 2340,
    "index": 6
  },
  {
    "name": "Require(3) node_modules/_egg-jsonp@2.0.0@egg-jsonp/config/config.default.js",
    "start": 1611307999654,
    "end": 1611307999654,
    "duration": 0,
    "pid": 2340,
    "index": 7
  },
  {
    "name": "Require(4) node_modules/_egg-onerror@2.1.0@egg-onerror/config/config.default.js",
    "start": 1611307999655,
    "end": 1611307999656,
    "duration": 1,
    "pid": 2340,
    "index": 8
  },
  {
    "name": "Require(5) node_modules/_egg-i18n@2.1.1@egg-i18n/config/config.default.js",
    "start": 1611307999656,
    "end": 1611307999657,
    "duration": 1,
    "pid": 2340,
    "index": 9
  },
  {
    "name": "Require(6) node_modules/_egg-watcher@3.1.1@egg-watcher/config/config.default.js",
    "start": 1611307999657,
    "end": 1611307999658,
    "duration": 1,
    "pid": 2340,
    "index": 10
  },
  {
    "name": "Require(7) node_modules/_egg-schedule@3.6.6@egg-schedule/config/config.default.js",
    "start": 1611307999658,
    "end": 1611307999659,
    "duration": 1,
    "pid": 2340,
    "index": 11
  },
  {
    "name": "Require(8) node_modules/_egg-multipart@2.10.3@egg-multipart/config/config.default.js",
    "start": 1611307999660,
    "end": 1611307999660,
    "duration": 0,
    "pid": 2340,
    "index": 12
  },
  {
    "name": "Require(9) node_modules/_egg-development@2.7.0@egg-development/config/config.default.js",
    "start": 1611307999661,
    "end": 1611307999662,
    "duration": 1,
    "pid": 2340,
    "index": 13
  },
  {
    "name": "Require(10) node_modules/_egg-logrotator@3.1.0@egg-logrotator/config/config.default.js",
    "start": 1611307999662,
    "end": 1611307999663,
    "duration": 1,
    "pid": 2340,
    "index": 14
  },
  {
    "name": "Require(11) node_modules/_egg-static@2.2.0@egg-static/config/config.default.js",
    "start": 1611307999663,
    "end": 1611307999664,
    "duration": 1,
    "pid": 2340,
    "index": 15
  },
  {
    "name": "Require(12) node_modules/_egg-view@2.1.3@egg-view/config/config.default.js",
    "start": 1611307999664,
    "end": 1611307999665,
    "duration": 1,
    "pid": 2340,
    "index": 16
  },
  {
    "name": "Require(13) node_modules/_egg-view-ejs@2.0.1@egg-view-ejs/config/config.default.js",
    "start": 1611307999665,
    "end": 1611307999666,
    "duration": 1,
    "pid": 2340,
    "index": 17
  },
  {
    "name": "Require(14) node_modules/_egg@2.29.1@egg/config/config.default.js",
    "start": 1611307999666,
    "end": 1611307999667,
    "duration": 1,
    "pid": 2340,
    "index": 18
  },
  {
    "name": "Require(15) config/config.default.js",
    "start": 1611307999668,
    "end": 1611307999668,
    "duration": 0,
    "pid": 2340,
    "index": 19
  },
  {
    "name": "Require(16) node_modules/_egg-security@2.8.0@egg-security/config/config.local.js",
    "start": 1611307999669,
    "end": 1611307999669,
    "duration": 0,
    "pid": 2340,
    "index": 20
  },
  {
    "name": "Require(17) node_modules/_egg-watcher@3.1.1@egg-watcher/config/config.local.js",
    "start": 1611307999670,
    "end": 1611307999671,
    "duration": 1,
    "pid": 2340,
    "index": 21
  },
  {
    "name": "Require(18) node_modules/_egg-view@2.1.3@egg-view/config/config.local.js",
    "start": 1611307999672,
    "end": 1611307999673,
    "duration": 1,
    "pid": 2340,
    "index": 22
  },
  {
    "name": "Require(19) node_modules/_egg-view-ejs@2.0.1@egg-view-ejs/config/config.local.js",
    "start": 1611307999673,
    "end": 1611307999673,
    "duration": 0,
    "pid": 2340,
    "index": 23
  },
  {
    "name": "Require(20) node_modules/_egg@2.29.1@egg/config/config.local.js",
    "start": 1611307999674,
    "end": 1611307999674,
    "duration": 0,
    "pid": 2340,
    "index": 24
  },
  {
    "name": "Load extend/application.js",
    "start": 1611307999676,
    "end": 1611307999695,
    "duration": 19,
    "pid": 2340,
    "index": 25
  },
  {
    "name": "Require(21) node_modules/_egg-session@3.2.0@egg-session/app/extend/application.js",
    "start": 1611307999676,
    "end": 1611307999677,
    "duration": 1,
    "pid": 2340,
    "index": 26
  },
  {
    "name": "Require(22) node_modules/_egg-security@2.8.0@egg-security/app/extend/application.js",
    "start": 1611307999677,
    "end": 1611307999679,
    "duration": 2,
    "pid": 2340,
    "index": 27
  },
  {
    "name": "Require(23) node_modules/_egg-jsonp@2.0.0@egg-jsonp/app/extend/application.js",
    "start": 1611307999679,
    "end": 1611307999682,
    "duration": 3,
    "pid": 2340,
    "index": 28
  },
  {
    "name": "Require(24) node_modules/_egg-logrotator@3.1.0@egg-logrotator/app/extend/application.js",
    "start": 1611307999684,
    "end": 1611307999687,
    "duration": 3,
    "pid": 2340,
    "index": 29
  },
  {
    "name": "Require(25) node_modules/_egg-view@2.1.3@egg-view/app/extend/application.js",
    "start": 1611307999688,
    "end": 1611307999690,
    "duration": 2,
    "pid": 2340,
    "index": 30
  },
  {
    "name": "Require(26) app/extend/application.js",
    "start": 1611307999691,
    "end": 1611307999691,
    "duration": 0,
    "pid": 2340,
    "index": 31
  },
  {
    "name": "Load extend/request.js",
    "start": 1611307999695,
    "end": 1611307999706,
    "duration": 11,
    "pid": 2340,
    "index": 32
  },
  {
    "name": "Require(27) node_modules/_egg@2.29.1@egg/app/extend/request.js",
    "start": 1611307999698,
    "end": 1611307999700,
    "duration": 2,
    "pid": 2340,
    "index": 33
  },
  {
    "name": "Require(28) app/extend/request.js",
    "start": 1611307999700,
    "end": 1611307999701,
    "duration": 1,
    "pid": 2340,
    "index": 34
  },
  {
    "name": "Load extend/response.js",
    "start": 1611307999706,
    "end": 1611307999717,
    "duration": 11,
    "pid": 2340,
    "index": 35
  },
  {
    "name": "Require(29) node_modules/_egg@2.29.1@egg/app/extend/response.js",
    "start": 1611307999710,
    "end": 1611307999713,
    "duration": 3,
    "pid": 2340,
    "index": 36
  },
  {
    "name": "Load extend/context.js",
    "start": 1611307999717,
    "end": 1611307999805,
    "duration": 88,
    "pid": 2340,
    "index": 37
  },
  {
    "name": "Require(30) node_modules/_egg-security@2.8.0@egg-security/app/extend/context.js",
    "start": 1611307999717,
    "end": 1611307999734,
    "duration": 17,
    "pid": 2340,
    "index": 38
  },
  {
    "name": "Require(31) node_modules/_egg-jsonp@2.0.0@egg-jsonp/app/extend/context.js",
    "start": 1611307999735,
    "end": 1611307999736,
    "duration": 1,
    "pid": 2340,
    "index": 39
  },
  {
    "name": "Require(32) node_modules/_egg-i18n@2.1.1@egg-i18n/app/extend/context.js",
    "start": 1611307999737,
    "end": 1611307999738,
    "duration": 1,
    "pid": 2340,
    "index": 40
  },
  {
    "name": "Require(33) node_modules/_egg-multipart@2.10.3@egg-multipart/app/extend/context.js",
    "start": 1611307999739,
    "end": 1611307999795,
    "duration": 56,
    "pid": 2340,
    "index": 41
  },
  {
    "name": "Require(34) node_modules/_egg-view@2.1.3@egg-view/app/extend/context.js",
    "start": 1611307999797,
    "end": 1611307999798,
    "duration": 1,
    "pid": 2340,
    "index": 42
  },
  {
    "name": "Require(35) node_modules/_egg@2.29.1@egg/app/extend/context.js",
    "start": 1611307999799,
    "end": 1611307999801,
    "duration": 2,
    "pid": 2340,
    "index": 43
  },
  {
    "name": "Require(36) app/extend/context.js",
    "start": 1611307999801,
    "end": 1611307999801,
    "duration": 0,
    "pid": 2340,
    "index": 44
  },
  {
    "name": "Load extend/helper.js",
    "start": 1611307999806,
    "end": 1611307999837,
    "duration": 31,
    "pid": 2340,
    "index": 45
  },
  {
    "name": "Require(37) node_modules/_egg-security@2.8.0@egg-security/app/extend/helper.js",
    "start": 1611307999806,
    "end": 1611307999827,
    "duration": 21,
    "pid": 2340,
    "index": 46
  },
  {
    "name": "Require(38) node_modules/_egg@2.29.1@egg/app/extend/helper.js",
    "start": 1611307999830,
    "end": 1611307999830,
    "duration": 0,
    "pid": 2340,
    "index": 47
  },
  {
    "name": "Require(39) app/extend/helper.js",
    "start": 1611307999831,
    "end": 1611307999834,
    "duration": 3,
    "pid": 2340,
    "index": 48
  },
  {
    "name": "Load app.js",
    "start": 1611307999838,
    "end": 1611307999881,
    "duration": 43,
    "pid": 2340,
    "index": 49
  },
  {
    "name": "Require(40) node_modules/_egg-session@3.2.0@egg-session/app.js",
    "start": 1611307999838,
    "end": 1611307999839,
    "duration": 1,
    "pid": 2340,
    "index": 50
  },
  {
    "name": "Require(41) node_modules/_egg-security@2.8.0@egg-security/app.js",
    "start": 1611307999839,
    "end": 1611307999841,
    "duration": 2,
    "pid": 2340,
    "index": 51
  },
  {
    "name": "Require(42) node_modules/_egg-onerror@2.1.0@egg-onerror/app.js",
    "start": 1611307999842,
    "end": 1611307999855,
    "duration": 13,
    "pid": 2340,
    "index": 52
  },
  {
    "name": "Require(43) node_modules/_egg-i18n@2.1.1@egg-i18n/app.js",
    "start": 1611307999856,
    "end": 1611307999866,
    "duration": 10,
    "pid": 2340,
    "index": 53
  },
  {
    "name": "Require(44) node_modules/_egg-watcher@3.1.1@egg-watcher/app.js",
    "start": 1611307999866,
    "end": 1611307999871,
    "duration": 5,
    "pid": 2340,
    "index": 54
  },
  {
    "name": "Require(45) node_modules/_egg-schedule@3.6.6@egg-schedule/app.js",
    "start": 1611307999872,
    "end": 1611307999874,
    "duration": 2,
    "pid": 2340,
    "index": 55
  },
  {
    "name": "Require(46) node_modules/_egg-multipart@2.10.3@egg-multipart/app.js",
    "start": 1611307999875,
    "end": 1611307999875,
    "duration": 0,
    "pid": 2340,
    "index": 56
  },
  {
    "name": "Require(47) node_modules/_egg-development@2.7.0@egg-development/app.js",
    "start": 1611307999876,
    "end": 1611307999876,
    "duration": 0,
    "pid": 2340,
    "index": 57
  },
  {
    "name": "Require(48) node_modules/_egg-logrotator@3.1.0@egg-logrotator/app.js",
    "start": 1611307999876,
    "end": 1611307999877,
    "duration": 1,
    "pid": 2340,
    "index": 58
  },
  {
    "name": "Require(49) node_modules/_egg-static@2.2.0@egg-static/app.js",
    "start": 1611307999877,
    "end": 1611307999877,
    "duration": 0,
    "pid": 2340,
    "index": 59
  },
  {
    "name": "Require(50) node_modules/_egg-view-ejs@2.0.1@egg-view-ejs/app.js",
    "start": 1611307999878,
    "end": 1611307999880,
    "duration": 2,
    "pid": 2340,
    "index": 60
  },
  {
    "name": "Before Start in node_modules/_egg-watcher@3.1.1@egg-watcher/lib/init.js:15:14",
    "start": 1611307999892,
    "end": 1611308000149,
    "duration": 257,
    "pid": 2340,
    "index": 61
  },
  {
    "name": "Load Service",
    "start": 1611307999929,
    "end": 1611307999935,
    "duration": 6,
    "pid": 2340,
    "index": 62
  },
  {
    "name": "Load \"service\" to Context",
    "start": 1611307999929,
    "end": 1611307999935,
    "duration": 6,
    "pid": 2340,
    "index": 63
  },
  {
    "name": "Load Middleware",
    "start": 1611307999936,
    "end": 1611308000121,
    "duration": 185,
    "pid": 2340,
    "index": 64
  },
  {
    "name": "Load \"middlewares\" to Application",
    "start": 1611307999936,
    "end": 1611308000093,
    "duration": 157,
    "pid": 2340,
    "index": 65
  },
  {
    "name": "Load Controller",
    "start": 1611308000121,
    "end": 1611308000124,
    "duration": 3,
    "pid": 2340,
    "index": 66
  },
  {
    "name": "Load \"controller\" to Application",
    "start": 1611308000121,
    "end": 1611308000124,
    "duration": 3,
    "pid": 2340,
    "index": 67
  },
  {
    "name": "Load Router",
    "start": 1611308000124,
    "end": 1611308000127,
    "duration": 3,
    "pid": 2340,
    "index": 68
  },
  {
    "name": "Require(51) app/router.js",
    "start": 1611308000125,
    "end": 1611308000125,
    "duration": 0,
    "pid": 2340,
    "index": 69
  },
  {
    "name": "Before Start in node_modules/_egg-core@4.20.0@egg-core/lib/egg.js:303:10",
    "start": 1611308000125,
    "end": 1611308000136,
    "duration": 11,
    "pid": 2340,
    "index": 70
  }
]