[
  {
    "name": "Process Start",
    "start": 1611308139360,
    "end": 1611308140449,
    "duration": 1089,
    "pid": 11928,
    "index": 0
  },
  {
    "name": "Application Start",
    "start": 1611308140449,
    "end": 1611308140854,
    "duration": 405,
    "pid": 11928,
    "index": 1
  },
  {
    "name": "Load Plugin",
    "start": 1611308140453,
    "end": 1611308140471,
    "duration": 18,
    "pid": 11928,
    "index": 2
  },
  {
    "name": "Load Config",
    "start": 1611308140471,
    "end": 1611308140492,
    "duration": 21,
    "pid": 11928,
    "index": 3
  },
  {
    "name": "Require(0) config/config.default.js",
    "start": 1611308140472,
    "end": 1611308140472,
    "duration": 0,
    "pid": 11928,
    "index": 4
  },
  {
    "name": "Require(1) node_modules/_egg-session@3.2.0@egg-session/config/config.default.js",
    "start": 1611308140474,
    "end": 1611308140474,
    "duration": 0,
    "pid": 11928,
    "index": 5
  },
  {
    "name": "Require(2) node_modules/_egg-security@2.8.0@egg-security/config/config.default.js",
    "start": 1611308140475,
    "end": 1611308140475,
    "duration": 0,
    "pid": 11928,
    "index": 6
  },
  {
    "name": "Require(3) node_modules/_egg-jsonp@2.0.0@egg-jsonp/config/config.default.js",
    "start": 1611308140476,
    "end": 1611308140476,
    "duration": 0,
    "pid": 11928,
    "index": 7
  },
  {
    "name": "Require(4) node_modules/_egg-onerror@2.1.0@egg-onerror/config/config.default.js",
    "start": 1611308140477,
    "end": 1611308140477,
    "duration": 0,
    "pid": 11928,
    "index": 8
  },
  {
    "name": "Require(5) node_modules/_egg-i18n@2.1.1@egg-i18n/config/config.default.js",
    "start": 1611308140477,
    "end": 1611308140478,
    "duration": 1,
    "pid": 11928,
    "index": 9
  },
  {
    "name": "Require(6) node_modules/_egg-watcher@3.1.1@egg-watcher/config/config.default.js",
    "start": 1611308140479,
    "end": 1611308140479,
    "duration": 0,
    "pid": 11928,
    "index": 10
  },
  {
    "name": "Require(7) node_modules/_egg-schedule@3.6.6@egg-schedule/config/config.default.js",
    "start": 1611308140479,
    "end": 1611308140480,
    "duration": 1,
    "pid": 11928,
    "index": 11
  },
  {
    "name": "Require(8) node_modules/_egg-multipart@2.10.3@egg-multipart/config/config.default.js",
    "start": 1611308140480,
    "end": 1611308140481,
    "duration": 1,
    "pid": 11928,
    "index": 12
  },
  {
    "name": "Require(9) node_modules/_egg-development@2.7.0@egg-development/config/config.default.js",
    "start": 1611308140481,
    "end": 1611308140482,
    "duration": 1,
    "pid": 11928,
    "index": 13
  },
  {
    "name": "Require(10) node_modules/_egg-logrotator@3.1.0@egg-logrotator/config/config.default.js",
    "start": 1611308140482,
    "end": 1611308140483,
    "duration": 1,
    "pid": 11928,
    "index": 14
  },
  {
    "name": "Require(11) node_modules/_egg-static@2.2.0@egg-static/config/config.default.js",
    "start": 1611308140483,
    "end": 1611308140483,
    "duration": 0,
    "pid": 11928,
    "index": 15
  },
  {
    "name": "Require(12) node_modules/_egg-view@2.1.3@egg-view/config/config.default.js",
    "start": 1611308140484,
    "end": 1611308140484,
    "duration": 0,
    "pid": 11928,
    "index": 16
  },
  {
    "name": "Require(13) node_modules/_egg-view-ejs@2.0.1@egg-view-ejs/config/config.default.js",
    "start": 1611308140485,
    "end": 1611308140485,
    "duration": 0,
    "pid": 11928,
    "index": 17
  },
  {
    "name": "Require(14) node_modules/_egg@2.29.1@egg/config/config.default.js",
    "start": 1611308140486,
    "end": 1611308140486,
    "duration": 0,
    "pid": 11928,
    "index": 18
  },
  {
    "name": "Require(15) config/config.default.js",
    "start": 1611308140487,
    "end": 1611308140487,
    "duration": 0,
    "pid": 11928,
    "index": 19
  },
  {
    "name": "Require(16) node_modules/_egg-security@2.8.0@egg-security/config/config.local.js",
    "start": 1611308140488,
    "end": 1611308140488,
    "duration": 0,
    "pid": 11928,
    "index": 20
  },
  {
    "name": "Require(17) node_modules/_egg-watcher@3.1.1@egg-watcher/config/config.local.js",
    "start": 1611308140489,
    "end": 1611308140489,
    "duration": 0,
    "pid": 11928,
    "index": 21
  },
  {
    "name": "Require(18) node_modules/_egg-view@2.1.3@egg-view/config/config.local.js",
    "start": 1611308140491,
    "end": 1611308140491,
    "duration": 0,
    "pid": 11928,
    "index": 22
  },
  {
    "name": "Require(19) node_modules/_egg-view-ejs@2.0.1@egg-view-ejs/config/config.local.js",
    "start": 1611308140491,
    "end": 1611308140492,
    "duration": 1,
    "pid": 11928,
    "index": 23
  },
  {
    "name": "Require(20) node_modules/_egg@2.29.1@egg/config/config.local.js",
    "start": 1611308140492,
    "end": 1611308140492,
    "duration": 0,
    "pid": 11928,
    "index": 24
  },
  {
    "name": "Load extend/application.js",
    "start": 1611308140493,
    "end": 1611308140509,
    "duration": 16,
    "pid": 11928,
    "index": 25
  },
  {
    "name": "Require(21) node_modules/_egg-session@3.2.0@egg-session/app/extend/application.js",
    "start": 1611308140494,
    "end": 1611308140494,
    "duration": 0,
    "pid": 11928,
    "index": 26
  },
  {
    "name": "Require(22) node_modules/_egg-security@2.8.0@egg-security/app/extend/application.js",
    "start": 1611308140495,
    "end": 1611308140496,
    "duration": 1,
    "pid": 11928,
    "index": 27
  },
  {
    "name": "Require(23) node_modules/_egg-jsonp@2.0.0@egg-jsonp/app/extend/application.js",
    "start": 1611308140496,
    "end": 1611308140498,
    "duration": 2,
    "pid": 11928,
    "index": 28
  },
  {
    "name": "Require(24) node_modules/_egg-logrotator@3.1.0@egg-logrotator/app/extend/application.js",
    "start": 1611308140500,
    "end": 1611308140503,
    "duration": 3,
    "pid": 11928,
    "index": 29
  },
  {
    "name": "Require(25) node_modules/_egg-view@2.1.3@egg-view/app/extend/application.js",
    "start": 1611308140503,
    "end": 1611308140505,
    "duration": 2,
    "pid": 11928,
    "index": 30
  },
  {
    "name": "Require(26) app/extend/application.js",
    "start": 1611308140506,
    "end": 1611308140507,
    "duration": 1,
    "pid": 11928,
    "index": 31
  },
  {
    "name": "Load extend/request.js",
    "start": 1611308140509,
    "end": 1611308140519,
    "duration": 10,
    "pid": 11928,
    "index": 32
  },
  {
    "name": "Require(27) node_modules/_egg@2.29.1@egg/app/extend/request.js",
    "start": 1611308140512,
    "end": 1611308140516,
    "duration": 4,
    "pid": 11928,
    "index": 33
  },
  {
    "name": "Require(28) app/extend/request.js",
    "start": 1611308140516,
    "end": 1611308140516,
    "duration": 0,
    "pid": 11928,
    "index": 34
  },
  {
    "name": "Load extend/response.js",
    "start": 1611308140519,
    "end": 1611308140527,
    "duration": 8,
    "pid": 11928,
    "index": 35
  },
  {
    "name": "Require(29) node_modules/_egg@2.29.1@egg/app/extend/response.js",
    "start": 1611308140522,
    "end": 1611308140524,
    "duration": 2,
    "pid": 11928,
    "index": 36
  },
  {
    "name": "Load extend/context.js",
    "start": 1611308140527,
    "end": 1611308140595,
    "duration": 68,
    "pid": 11928,
    "index": 37
  },
  {
    "name": "Require(30) node_modules/_egg-security@2.8.0@egg-security/app/extend/context.js",
    "start": 1611308140528,
    "end": 1611308140541,
    "duration": 13,
    "pid": 11928,
    "index": 38
  },
  {
    "name": "Require(31) node_modules/_egg-jsonp@2.0.0@egg-jsonp/app/extend/context.js",
    "start": 1611308140542,
    "end": 1611308140543,
    "duration": 1,
    "pid": 11928,
    "index": 39
  },
  {
    "name": "Require(32) node_modules/_egg-i18n@2.1.1@egg-i18n/app/extend/context.js",
    "start": 1611308140544,
    "end": 1611308140544,
    "duration": 0,
    "pid": 11928,
    "index": 40
  },
  {
    "name": "Require(33) node_modules/_egg-multipart@2.10.3@egg-multipart/app/extend/context.js",
    "start": 1611308140545,
    "end": 1611308140588,
    "duration": 43,
    "pid": 11928,
    "index": 41
  },
  {
    "name": "Require(34) node_modules/_egg-view@2.1.3@egg-view/app/extend/context.js",
    "start": 1611308140589,
    "end": 1611308140590,
    "duration": 1,
    "pid": 11928,
    "index": 42
  },
  {
    "name": "Require(35) node_modules/_egg@2.29.1@egg/app/extend/context.js",
    "start": 1611308140590,
    "end": 1611308140592,
    "duration": 2,
    "pid": 11928,
    "index": 43
  },
  {
    "name": "Require(36) app/extend/context.js",
    "start": 1611308140592,
    "end": 1611308140592,
    "duration": 0,
    "pid": 11928,
    "index": 44
  },
  {
    "name": "Load extend/helper.js",
    "start": 1611308140595,
    "end": 1611308140619,
    "duration": 24,
    "pid": 11928,
    "index": 45
  },
  {
    "name": "Require(37) node_modules/_egg-security@2.8.0@egg-security/app/extend/helper.js",
    "start": 1611308140595,
    "end": 1611308140611,
    "duration": 16,
    "pid": 11928,
    "index": 46
  },
  {
    "name": "Require(38) node_modules/_egg@2.29.1@egg/app/extend/helper.js",
    "start": 1611308140613,
    "end": 1611308140614,
    "duration": 1,
    "pid": 11928,
    "index": 47
  },
  {
    "name": "Require(39) app/extend/helper.js",
    "start": 1611308140614,
    "end": 1611308140616,
    "duration": 2,
    "pid": 11928,
    "index": 48
  },
  {
    "name": "Load app.js",
    "start": 1611308140619,
    "end": 1611308140655,
    "duration": 36,
    "pid": 11928,
    "index": 49
  },
  {
    "name": "Require(40) node_modules/_egg-session@3.2.0@egg-session/app.js",
    "start": 1611308140619,
    "end": 1611308140620,
    "duration": 1,
    "pid": 11928,
    "index": 50
  },
  {
    "name": "Require(41) node_modules/_egg-security@2.8.0@egg-security/app.js",
    "start": 1611308140620,
    "end": 1611308140622,
    "duration": 2,
    "pid": 11928,
    "index": 51
  },
  {
    "name": "Require(42) node_modules/_egg-onerror@2.1.0@egg-onerror/app.js",
    "start": 1611308140622,
    "end": 1611308140633,
    "duration": 11,
    "pid": 11928,
    "index": 52
  },
  {
    "name": "Require(43) node_modules/_egg-i18n@2.1.1@egg-i18n/app.js",
    "start": 1611308140634,
    "end": 1611308140642,
    "duration": 8,
    "pid": 11928,
    "index": 53
  },
  {
    "name": "Require(44) node_modules/_egg-watcher@3.1.1@egg-watcher/app.js",
    "start": 1611308140642,
    "end": 1611308140647,
    "duration": 5,
    "pid": 11928,
    "index": 54
  },
  {
    "name": "Require(45) node_modules/_egg-schedule@3.6.6@egg-schedule/app.js",
    "start": 1611308140647,
    "end": 1611308140649,
    "duration": 2,
    "pid": 11928,
    "index": 55
  },
  {
    "name": "Require(46) node_modules/_egg-multipart@2.10.3@egg-multipart/app.js",
    "start": 1611308140650,
    "end": 1611308140650,
    "duration": 0,
    "pid": 11928,
    "index": 56
  },
  {
    "name": "Require(47) node_modules/_egg-development@2.7.0@egg-development/app.js",
    "start": 1611308140651,
    "end": 1611308140651,
    "duration": 0,
    "pid": 11928,
    "index": 57
  },
  {
    "name": "Require(48) node_modules/_egg-logrotator@3.1.0@egg-logrotator/app.js",
    "start": 1611308140651,
    "end": 1611308140651,
    "duration": 0,
    "pid": 11928,
    "index": 58
  },
  {
    "name": "Require(49) node_modules/_egg-static@2.2.0@egg-static/app.js",
    "start": 1611308140652,
    "end": 1611308140652,
    "duration": 0,
    "pid": 11928,
    "index": 59
  },
  {
    "name": "Require(50) node_modules/_egg-view-ejs@2.0.1@egg-view-ejs/app.js",
    "start": 1611308140653,
    "end": 1611308140654,
    "duration": 1,
    "pid": 11928,
    "index": 60
  },
  {
    "name": "Before Start in node_modules/_egg-watcher@3.1.1@egg-watcher/lib/init.js:15:14",
    "start": 1611308140664,
    "end": 1611308140854,
    "duration": 190,
    "pid": 11928,
    "index": 61
  },
  {
    "name": "Load Service",
    "start": 1611308140693,
    "end": 1611308140704,
    "duration": 11,
    "pid": 11928,
    "index": 62
  },
  {
    "name": "Load \"service\" to Context",
    "start": 1611308140693,
    "end": 1611308140704,
    "duration": 11,
    "pid": 11928,
    "index": 63
  },
  {
    "name": "Load Middleware",
    "start": 1611308140704,
    "end": 1611308140835,
    "duration": 131,
    "pid": 11928,
    "index": 64
  },
  {
    "name": "Load \"middlewares\" to Application",
    "start": 1611308140704,
    "end": 1611308140817,
    "duration": 113,
    "pid": 11928,
    "index": 65
  },
  {
    "name": "Load Controller",
    "start": 1611308140835,
    "end": 1611308140839,
    "duration": 4,
    "pid": 11928,
    "index": 66
  },
  {
    "name": "Load \"controller\" to Application",
    "start": 1611308140835,
    "end": 1611308140839,
    "duration": 4,
    "pid": 11928,
    "index": 67
  },
  {
    "name": "Load Router",
    "start": 1611308140839,
    "end": 1611308140841,
    "duration": 2,
    "pid": 11928,
    "index": 68
  },
  {
    "name": "Require(51) app/router.js",
    "start": 1611308140839,
    "end": 1611308140840,
    "duration": 1,
    "pid": 11928,
    "index": 69
  },
  {
    "name": "Before Start in node_modules/_egg-core@4.20.0@egg-core/lib/egg.js:303:10",
    "start": 1611308140840,
    "end": 1611308140848,
    "duration": 8,
    "pid": 11928,
    "index": 70
  }
]