[
  {
    "name": "Process Start",
    "start": 1611308535480,
    "end": 1611308537340,
    "duration": 1860,
    "pid": 17468,
    "index": 0
  },
  {
    "name": "Application Start",
    "start": 1611308537341,
    "end": 1611308537866,
    "duration": 525,
    "pid": 17468,
    "index": 1
  },
  {
    "name": "Load Plugin",
    "start": 1611308537347,
    "end": 1611308537381,
    "duration": 34,
    "pid": 17468,
    "index": 2
  },
  {
    "name": "Load Config",
    "start": 1611308537381,
    "end": 1611308537411,
    "duration": 30,
    "pid": 17468,
    "index": 3
  },
  {
    "name": "Require(0) config/config.default.js",
    "start": 1611308537382,
    "end": 1611308537382,
    "duration": 0,
    "pid": 17468,
    "index": 4
  },
  {
    "name": "Require(1) node_modules/_egg-session@3.2.0@egg-session/config/config.default.js",
    "start": 1611308537384,
    "end": 1611308537385,
    "duration": 1,
    "pid": 17468,
    "index": 5
  },
  {
    "name": "Require(2) node_modules/_egg-security@2.8.0@egg-security/config/config.default.js",
    "start": 1611308537385,
    "end": 1611308537386,
    "duration": 1,
    "pid": 17468,
    "index": 6
  },
  {
    "name": "Require(3) node_modules/_egg-jsonp@2.0.0@egg-jsonp/config/config.default.js",
    "start": 1611308537387,
    "end": 1611308537388,
    "duration": 1,
    "pid": 17468,
    "index": 7
  },
  {
    "name": "Require(4) node_modules/_egg-onerror@2.1.0@egg-onerror/config/config.default.js",
    "start": 1611308537388,
    "end": 1611308537389,
    "duration": 1,
    "pid": 17468,
    "index": 8
  },
  {
    "name": "Require(5) node_modules/_egg-i18n@2.1.1@egg-i18n/config/config.default.js",
    "start": 1611308537389,
    "end": 1611308537390,
    "duration": 1,
    "pid": 17468,
    "index": 9
  },
  {
    "name": "Require(6) node_modules/_egg-watcher@3.1.1@egg-watcher/config/config.default.js",
    "start": 1611308537391,
    "end": 1611308537391,
    "duration": 0,
    "pid": 17468,
    "index": 10
  },
  {
    "name": "Require(7) node_modules/_egg-schedule@3.6.6@egg-schedule/config/config.default.js",
    "start": 1611308537392,
    "end": 1611308537392,
    "duration": 0,
    "pid": 17468,
    "index": 11
  },
  {
    "name": "Require(8) node_modules/_egg-multipart@2.10.3@egg-multipart/config/config.default.js",
    "start": 1611308537393,
    "end": 1611308537394,
    "duration": 1,
    "pid": 17468,
    "index": 12
  },
  {
    "name": "Require(9) node_modules/_egg-development@2.7.0@egg-development/config/config.default.js",
    "start": 1611308537396,
    "end": 1611308537396,
    "duration": 0,
    "pid": 17468,
    "index": 13
  },
  {
    "name": "Require(10) node_modules/_egg-logrotator@3.1.0@egg-logrotator/config/config.default.js",
    "start": 1611308537397,
    "end": 1611308537398,
    "duration": 1,
    "pid": 17468,
    "index": 14
  },
  {
    "name": "Require(11) node_modules/_egg-static@2.2.0@egg-static/config/config.default.js",
    "start": 1611308537398,
    "end": 1611308537399,
    "duration": 1,
    "pid": 17468,
    "index": 15
  },
  {
    "name": "Require(12) node_modules/_egg-view@2.1.3@egg-view/config/config.default.js",
    "start": 1611308537399,
    "end": 1611308537400,
    "duration": 1,
    "pid": 17468,
    "index": 16
  },
  {
    "name": "Require(13) node_modules/_egg-view-ejs@2.0.1@egg-view-ejs/config/config.default.js",
    "start": 1611308537401,
    "end": 1611308537401,
    "duration": 0,
    "pid": 17468,
    "index": 17
  },
  {
    "name": "Require(14) node_modules/_egg@2.29.1@egg/config/config.default.js",
    "start": 1611308537402,
    "end": 1611308537402,
    "duration": 0,
    "pid": 17468,
    "index": 18
  },
  {
    "name": "Require(15) config/config.default.js",
    "start": 1611308537404,
    "end": 1611308537404,
    "duration": 0,
    "pid": 17468,
    "index": 19
  },
  {
    "name": "Require(16) node_modules/_egg-security@2.8.0@egg-security/config/config.local.js",
    "start": 1611308537404,
    "end": 1611308537405,
    "duration": 1,
    "pid": 17468,
    "index": 20
  },
  {
    "name": "Require(17) node_modules/_egg-watcher@3.1.1@egg-watcher/config/config.local.js",
    "start": 1611308537406,
    "end": 1611308537406,
    "duration": 0,
    "pid": 17468,
    "index": 21
  },
  {
    "name": "Require(18) node_modules/_egg-view@2.1.3@egg-view/config/config.local.js",
    "start": 1611308537408,
    "end": 1611308537408,
    "duration": 0,
    "pid": 17468,
    "index": 22
  },
  {
    "name": "Require(19) node_modules/_egg-view-ejs@2.0.1@egg-view-ejs/config/config.local.js",
    "start": 1611308537409,
    "end": 1611308537409,
    "duration": 0,
    "pid": 17468,
    "index": 23
  },
  {
    "name": "Require(20) node_modules/_egg@2.29.1@egg/config/config.local.js",
    "start": 1611308537410,
    "end": 1611308537410,
    "duration": 0,
    "pid": 17468,
    "index": 24
  },
  {
    "name": "Load extend/application.js",
    "start": 1611308537412,
    "end": 1611308537433,
    "duration": 21,
    "pid": 17468,
    "index": 25
  },
  {
    "name": "Require(21) node_modules/_egg-session@3.2.0@egg-session/app/extend/application.js",
    "start": 1611308537413,
    "end": 1611308537413,
    "duration": 0,
    "pid": 17468,
    "index": 26
  },
  {
    "name": "Require(22) node_modules/_egg-security@2.8.0@egg-security/app/extend/application.js",
    "start": 1611308537414,
    "end": 1611308537415,
    "duration": 1,
    "pid": 17468,
    "index": 27
  },
  {
    "name": "Require(23) node_modules/_egg-jsonp@2.0.0@egg-jsonp/app/extend/application.js",
    "start": 1611308537416,
    "end": 1611308537419,
    "duration": 3,
    "pid": 17468,
    "index": 28
  },
  {
    "name": "Require(24) node_modules/_egg-logrotator@3.1.0@egg-logrotator/app/extend/application.js",
    "start": 1611308537421,
    "end": 1611308537424,
    "duration": 3,
    "pid": 17468,
    "index": 29
  },
  {
    "name": "Require(25) node_modules/_egg-view@2.1.3@egg-view/app/extend/application.js",
    "start": 1611308537425,
    "end": 1611308537428,
    "duration": 3,
    "pid": 17468,
    "index": 30
  },
  {
    "name": "Require(26) app/extend/application.js",
    "start": 1611308537429,
    "end": 1611308537430,
    "duration": 1,
    "pid": 17468,
    "index": 31
  },
  {
    "name": "Load extend/request.js",
    "start": 1611308537433,
    "end": 1611308537443,
    "duration": 10,
    "pid": 17468,
    "index": 32
  },
  {
    "name": "Require(27) node_modules/_egg@2.29.1@egg/app/extend/request.js",
    "start": 1611308537437,
    "end": 1611308537439,
    "duration": 2,
    "pid": 17468,
    "index": 33
  },
  {
    "name": "Require(28) app/extend/request.js",
    "start": 1611308537439,
    "end": 1611308537440,
    "duration": 1,
    "pid": 17468,
    "index": 34
  },
  {
    "name": "Load extend/response.js",
    "start": 1611308537443,
    "end": 1611308537457,
    "duration": 14,
    "pid": 17468,
    "index": 35
  },
  {
    "name": "Require(29) node_modules/_egg@2.29.1@egg/app/extend/response.js",
    "start": 1611308537449,
    "end": 1611308537452,
    "duration": 3,
    "pid": 17468,
    "index": 36
  },
  {
    "name": "Load extend/context.js",
    "start": 1611308537457,
    "end": 1611308537545,
    "duration": 88,
    "pid": 17468,
    "index": 37
  },
  {
    "name": "Require(30) node_modules/_egg-security@2.8.0@egg-security/app/extend/context.js",
    "start": 1611308537457,
    "end": 1611308537475,
    "duration": 18,
    "pid": 17468,
    "index": 38
  },
  {
    "name": "Require(31) node_modules/_egg-jsonp@2.0.0@egg-jsonp/app/extend/context.js",
    "start": 1611308537476,
    "end": 1611308537478,
    "duration": 2,
    "pid": 17468,
    "index": 39
  },
  {
    "name": "Require(32) node_modules/_egg-i18n@2.1.1@egg-i18n/app/extend/context.js",
    "start": 1611308537479,
    "end": 1611308537479,
    "duration": 0,
    "pid": 17468,
    "index": 40
  },
  {
    "name": "Require(33) node_modules/_egg-multipart@2.10.3@egg-multipart/app/extend/context.js",
    "start": 1611308537480,
    "end": 1611308537536,
    "duration": 56,
    "pid": 17468,
    "index": 41
  },
  {
    "name": "Require(34) node_modules/_egg-view@2.1.3@egg-view/app/extend/context.js",
    "start": 1611308537537,
    "end": 1611308537539,
    "duration": 2,
    "pid": 17468,
    "index": 42
  },
  {
    "name": "Require(35) node_modules/_egg@2.29.1@egg/app/extend/context.js",
    "start": 1611308537539,
    "end": 1611308537541,
    "duration": 2,
    "pid": 17468,
    "index": 43
  },
  {
    "name": "Require(36) app/extend/context.js",
    "start": 1611308537542,
    "end": 1611308537542,
    "duration": 0,
    "pid": 17468,
    "index": 44
  },
  {
    "name": "Load extend/helper.js",
    "start": 1611308537546,
    "end": 1611308537577,
    "duration": 31,
    "pid": 17468,
    "index": 45
  },
  {
    "name": "Require(37) node_modules/_egg-security@2.8.0@egg-security/app/extend/helper.js",
    "start": 1611308537546,
    "end": 1611308537567,
    "duration": 21,
    "pid": 17468,
    "index": 46
  },
  {
    "name": "Require(38) node_modules/_egg@2.29.1@egg/app/extend/helper.js",
    "start": 1611308537570,
    "end": 1611308537571,
    "duration": 1,
    "pid": 17468,
    "index": 47
  },
  {
    "name": "Require(39) app/extend/helper.js",
    "start": 1611308537571,
    "end": 1611308537573,
    "duration": 2,
    "pid": 17468,
    "index": 48
  },
  {
    "name": "Load app.js",
    "start": 1611308537577,
    "end": 1611308537624,
    "duration": 47,
    "pid": 17468,
    "index": 49
  },
  {
    "name": "Require(40) node_modules/_egg-session@3.2.0@egg-session/app.js",
    "start": 1611308537578,
    "end": 1611308537578,
    "duration": 0,
    "pid": 17468,
    "index": 50
  },
  {
    "name": "Require(41) node_modules/_egg-security@2.8.0@egg-security/app.js",
    "start": 1611308537579,
    "end": 1611308537581,
    "duration": 2,
    "pid": 17468,
    "index": 51
  },
  {
    "name": "Require(42) node_modules/_egg-onerror@2.1.0@egg-onerror/app.js",
    "start": 1611308537582,
    "end": 1611308537595,
    "duration": 13,
    "pid": 17468,
    "index": 52
  },
  {
    "name": "Require(43) node_modules/_egg-i18n@2.1.1@egg-i18n/app.js",
    "start": 1611308537596,
    "end": 1611308537606,
    "duration": 10,
    "pid": 17468,
    "index": 53
  },
  {
    "name": "Require(44) node_modules/_egg-watcher@3.1.1@egg-watcher/app.js",
    "start": 1611308537607,
    "end": 1611308537612,
    "duration": 5,
    "pid": 17468,
    "index": 54
  },
  {
    "name": "Require(45) node_modules/_egg-schedule@3.6.6@egg-schedule/app.js",
    "start": 1611308537613,
    "end": 1611308537615,
    "duration": 2,
    "pid": 17468,
    "index": 55
  },
  {
    "name": "Require(46) node_modules/_egg-multipart@2.10.3@egg-multipart/app.js",
    "start": 1611308537616,
    "end": 1611308537616,
    "duration": 0,
    "pid": 17468,
    "index": 56
  },
  {
    "name": "Require(47) node_modules/_egg-development@2.7.0@egg-development/app.js",
    "start": 1611308537617,
    "end": 1611308537617,
    "duration": 0,
    "pid": 17468,
    "index": 57
  },
  {
    "name": "Require(48) node_modules/_egg-logrotator@3.1.0@egg-logrotator/app.js",
    "start": 1611308537618,
    "end": 1611308537619,
    "duration": 1,
    "pid": 17468,
    "index": 58
  },
  {
    "name": "Require(49) node_modules/_egg-static@2.2.0@egg-static/app.js",
    "start": 1611308537619,
    "end": 1611308537620,
    "duration": 1,
    "pid": 17468,
    "index": 59
  },
  {
    "name": "Require(50) node_modules/_egg-view-ejs@2.0.1@egg-view-ejs/app.js",
    "start": 1611308537621,
    "end": 1611308537622,
    "duration": 1,
    "pid": 17468,
    "index": 60
  },
  {
    "name": "Before Start in node_modules/_egg-watcher@3.1.1@egg-watcher/lib/init.js:15:14",
    "start": 1611308537636,
    "end": 1611308537865,
    "duration": 229,
    "pid": 17468,
    "index": 61
  },
  {
    "name": "Load Service",
    "start": 1611308537676,
    "end": 1611308537683,
    "duration": 7,
    "pid": 17468,
    "index": 62
  },
  {
    "name": "Load \"service\" to Context",
    "start": 1611308537676,
    "end": 1611308537683,
    "duration": 7,
    "pid": 17468,
    "index": 63
  },
  {
    "name": "Load Middleware",
    "start": 1611308537683,
    "end": 1611308537844,
    "duration": 161,
    "pid": 17468,
    "index": 64
  },
  {
    "name": "Load \"middlewares\" to Application",
    "start": 1611308537683,
    "end": 1611308537822,
    "duration": 139,
    "pid": 17468,
    "index": 65
  },
  {
    "name": "Load Controller",
    "start": 1611308537844,
    "end": 1611308537847,
    "duration": 3,
    "pid": 17468,
    "index": 66
  },
  {
    "name": "Load \"controller\" to Application",
    "start": 1611308537844,
    "end": 1611308537847,
    "duration": 3,
    "pid": 17468,
    "index": 67
  },
  {
    "name": "Load Router",
    "start": 1611308537847,
    "end": 1611308537850,
    "duration": 3,
    "pid": 17468,
    "index": 68
  },
  {
    "name": "Require(51) app/router.js",
    "start": 1611308537848,
    "end": 1611308537848,
    "duration": 0,
    "pid": 17468,
    "index": 69
  },
  {
    "name": "Before Start in node_modules/_egg-core@4.20.0@egg-core/lib/egg.js:303:10",
    "start": 1611308537848,
    "end": 1611308537857,
    "duration": 9,
    "pid": 17468,
    "index": 70
  }
]