[
  {
    "name": "Process Start",
    "start": 1611308092266,
    "end": 1611308093458,
    "duration": 1192,
    "pid": 17648,
    "index": 0
  },
  {
    "name": "Application Start",
    "start": 1611308093459,
    "end": 1611308093903,
    "duration": 444,
    "pid": 17648,
    "index": 1
  },
  {
    "name": "Load Plugin",
    "start": 1611308093463,
    "end": 1611308093482,
    "duration": 19,
    "pid": 17648,
    "index": 2
  },
  {
    "name": "Load Config",
    "start": 1611308093483,
    "end": 1611308093508,
    "duration": 25,
    "pid": 17648,
    "index": 3
  },
  {
    "name": "Require(0) config/config.default.js",
    "start": 1611308093483,
    "end": 1611308093484,
    "duration": 1,
    "pid": 17648,
    "index": 4
  },
  {
    "name": "Require(1) node_modules/_egg-session@3.2.0@egg-session/config/config.default.js",
    "start": 1611308093485,
    "end": 1611308093486,
    "duration": 1,
    "pid": 17648,
    "index": 5
  },
  {
    "name": "Require(2) node_modules/_egg-security@2.8.0@egg-security/config/config.default.js",
    "start": 1611308093487,
    "end": 1611308093488,
    "duration": 1,
    "pid": 17648,
    "index": 6
  },
  {
    "name": "Require(3) node_modules/_egg-jsonp@2.0.0@egg-jsonp/config/config.default.js",
    "start": 1611308093489,
    "end": 1611308093489,
    "duration": 0,
    "pid": 17648,
    "index": 7
  },
  {
    "name": "Require(4) node_modules/_egg-onerror@2.1.0@egg-onerror/config/config.default.js",
    "start": 1611308093490,
    "end": 1611308093490,
    "duration": 0,
    "pid": 17648,
    "index": 8
  },
  {
    "name": "Require(5) node_modules/_egg-i18n@2.1.1@egg-i18n/config/config.default.js",
    "start": 1611308093491,
    "end": 1611308093491,
    "duration": 0,
    "pid": 17648,
    "index": 9
  },
  {
    "name": "Require(6) node_modules/_egg-watcher@3.1.1@egg-watcher/config/config.default.js",
    "start": 1611308093492,
    "end": 1611308093492,
    "duration": 0,
    "pid": 17648,
    "index": 10
  },
  {
    "name": "Require(7) node_modules/_egg-schedule@3.6.6@egg-schedule/config/config.default.js",
    "start": 1611308093493,
    "end": 1611308093493,
    "duration": 0,
    "pid": 17648,
    "index": 11
  },
  {
    "name": "Require(8) node_modules/_egg-multipart@2.10.3@egg-multipart/config/config.default.js",
    "start": 1611308093494,
    "end": 1611308093494,
    "duration": 0,
    "pid": 17648,
    "index": 12
  },
  {
    "name": "Require(9) node_modules/_egg-development@2.7.0@egg-development/config/config.default.js",
    "start": 1611308093495,
    "end": 1611308093495,
    "duration": 0,
    "pid": 17648,
    "index": 13
  },
  {
    "name": "Require(10) node_modules/_egg-logrotator@3.1.0@egg-logrotator/config/config.default.js",
    "start": 1611308093496,
    "end": 1611308093496,
    "duration": 0,
    "pid": 17648,
    "index": 14
  },
  {
    "name": "Require(11) node_modules/_egg-static@2.2.0@egg-static/config/config.default.js",
    "start": 1611308093497,
    "end": 1611308093497,
    "duration": 0,
    "pid": 17648,
    "index": 15
  },
  {
    "name": "Require(12) node_modules/_egg-view@2.1.3@egg-view/config/config.default.js",
    "start": 1611308093498,
    "end": 1611308093498,
    "duration": 0,
    "pid": 17648,
    "index": 16
  },
  {
    "name": "Require(13) node_modules/_egg-view-ejs@2.0.1@egg-view-ejs/config/config.default.js",
    "start": 1611308093499,
    "end": 1611308093499,
    "duration": 0,
    "pid": 17648,
    "index": 17
  },
  {
    "name": "Require(14) node_modules/_egg@2.29.1@egg/config/config.default.js",
    "start": 1611308093500,
    "end": 1611308093500,
    "duration": 0,
    "pid": 17648,
    "index": 18
  },
  {
    "name": "Require(15) config/config.default.js",
    "start": 1611308093502,
    "end": 1611308093502,
    "duration": 0,
    "pid": 17648,
    "index": 19
  },
  {
    "name": "Require(16) node_modules/_egg-security@2.8.0@egg-security/config/config.local.js",
    "start": 1611308093503,
    "end": 1611308093504,
    "duration": 1,
    "pid": 17648,
    "index": 20
  },
  {
    "name": "Require(17) node_modules/_egg-watcher@3.1.1@egg-watcher/config/config.local.js",
    "start": 1611308093505,
    "end": 1611308093505,
    "duration": 0,
    "pid": 17648,
    "index": 21
  },
  {
    "name": "Require(18) node_modules/_egg-view@2.1.3@egg-view/config/config.local.js",
    "start": 1611308093506,
    "end": 1611308093507,
    "duration": 1,
    "pid": 17648,
    "index": 22
  },
  {
    "name": "Require(19) node_modules/_egg-view-ejs@2.0.1@egg-view-ejs/config/config.local.js",
    "start": 1611308093507,
    "end": 1611308093507,
    "duration": 0,
    "pid": 17648,
    "index": 23
  },
  {
    "name": "Require(20) node_modules/_egg@2.29.1@egg/config/config.local.js",
    "start": 1611308093508,
    "end": 1611308093508,
    "duration": 0,
    "pid": 17648,
    "index": 24
  },
  {
    "name": "Load extend/application.js",
    "start": 1611308093509,
    "end": 1611308093525,
    "duration": 16,
    "pid": 17648,
    "index": 25
  },
  {
    "name": "Require(21) node_modules/_egg-session@3.2.0@egg-session/app/extend/application.js",
    "start": 1611308093509,
    "end": 1611308093510,
    "duration": 1,
    "pid": 17648,
    "index": 26
  },
  {
    "name": "Require(22) node_modules/_egg-security@2.8.0@egg-security/app/extend/application.js",
    "start": 1611308093510,
    "end": 1611308093511,
    "duration": 1,
    "pid": 17648,
    "index": 27
  },
  {
    "name": "Require(23) node_modules/_egg-jsonp@2.0.0@egg-jsonp/app/extend/application.js",
    "start": 1611308093512,
    "end": 1611308093514,
    "duration": 2,
    "pid": 17648,
    "index": 28
  },
  {
    "name": "Require(24) node_modules/_egg-logrotator@3.1.0@egg-logrotator/app/extend/application.js",
    "start": 1611308093515,
    "end": 1611308093518,
    "duration": 3,
    "pid": 17648,
    "index": 29
  },
  {
    "name": "Require(25) node_modules/_egg-view@2.1.3@egg-view/app/extend/application.js",
    "start": 1611308093519,
    "end": 1611308093521,
    "duration": 2,
    "pid": 17648,
    "index": 30
  },
  {
    "name": "Require(26) app/extend/application.js",
    "start": 1611308093522,
    "end": 1611308093522,
    "duration": 0,
    "pid": 17648,
    "index": 31
  },
  {
    "name": "Load extend/request.js",
    "start": 1611308093525,
    "end": 1611308093533,
    "duration": 8,
    "pid": 17648,
    "index": 32
  },
  {
    "name": "Require(27) node_modules/_egg@2.29.1@egg/app/extend/request.js",
    "start": 1611308093528,
    "end": 1611308093529,
    "duration": 1,
    "pid": 17648,
    "index": 33
  },
  {
    "name": "Require(28) app/extend/request.js",
    "start": 1611308093530,
    "end": 1611308093530,
    "duration": 0,
    "pid": 17648,
    "index": 34
  },
  {
    "name": "Load extend/response.js",
    "start": 1611308093533,
    "end": 1611308093546,
    "duration": 13,
    "pid": 17648,
    "index": 35
  },
  {
    "name": "Require(29) node_modules/_egg@2.29.1@egg/app/extend/response.js",
    "start": 1611308093539,
    "end": 1611308093542,
    "duration": 3,
    "pid": 17648,
    "index": 36
  },
  {
    "name": "Load extend/context.js",
    "start": 1611308093546,
    "end": 1611308093626,
    "duration": 80,
    "pid": 17648,
    "index": 37
  },
  {
    "name": "Require(30) node_modules/_egg-security@2.8.0@egg-security/app/extend/context.js",
    "start": 1611308093546,
    "end": 1611308093563,
    "duration": 17,
    "pid": 17648,
    "index": 38
  },
  {
    "name": "Require(31) node_modules/_egg-jsonp@2.0.0@egg-jsonp/app/extend/context.js",
    "start": 1611308093563,
    "end": 1611308093565,
    "duration": 2,
    "pid": 17648,
    "index": 39
  },
  {
    "name": "Require(32) node_modules/_egg-i18n@2.1.1@egg-i18n/app/extend/context.js",
    "start": 1611308093565,
    "end": 1611308093566,
    "duration": 1,
    "pid": 17648,
    "index": 40
  },
  {
    "name": "Require(33) node_modules/_egg-multipart@2.10.3@egg-multipart/app/extend/context.js",
    "start": 1611308093567,
    "end": 1611308093617,
    "duration": 50,
    "pid": 17648,
    "index": 41
  },
  {
    "name": "Require(34) node_modules/_egg-view@2.1.3@egg-view/app/extend/context.js",
    "start": 1611308093618,
    "end": 1611308093619,
    "duration": 1,
    "pid": 17648,
    "index": 42
  },
  {
    "name": "Require(35) node_modules/_egg@2.29.1@egg/app/extend/context.js",
    "start": 1611308093620,
    "end": 1611308093622,
    "duration": 2,
    "pid": 17648,
    "index": 43
  },
  {
    "name": "Require(36) app/extend/context.js",
    "start": 1611308093622,
    "end": 1611308093623,
    "duration": 1,
    "pid": 17648,
    "index": 44
  },
  {
    "name": "Load extend/helper.js",
    "start": 1611308093626,
    "end": 1611308093656,
    "duration": 30,
    "pid": 17648,
    "index": 45
  },
  {
    "name": "Require(37) node_modules/_egg-security@2.8.0@egg-security/app/extend/helper.js",
    "start": 1611308093627,
    "end": 1611308093647,
    "duration": 20,
    "pid": 17648,
    "index": 46
  },
  {
    "name": "Require(38) node_modules/_egg@2.29.1@egg/app/extend/helper.js",
    "start": 1611308093650,
    "end": 1611308093650,
    "duration": 0,
    "pid": 17648,
    "index": 47
  },
  {
    "name": "Require(39) app/extend/helper.js",
    "start": 1611308093650,
    "end": 1611308093653,
    "duration": 3,
    "pid": 17648,
    "index": 48
  },
  {
    "name": "Load app.js",
    "start": 1611308093656,
    "end": 1611308093698,
    "duration": 42,
    "pid": 17648,
    "index": 49
  },
  {
    "name": "Require(40) node_modules/_egg-session@3.2.0@egg-session/app.js",
    "start": 1611308093657,
    "end": 1611308093657,
    "duration": 0,
    "pid": 17648,
    "index": 50
  },
  {
    "name": "Require(41) node_modules/_egg-security@2.8.0@egg-security/app.js",
    "start": 1611308093658,
    "end": 1611308093660,
    "duration": 2,
    "pid": 17648,
    "index": 51
  },
  {
    "name": "Require(42) node_modules/_egg-onerror@2.1.0@egg-onerror/app.js",
    "start": 1611308093661,
    "end": 1611308093673,
    "duration": 12,
    "pid": 17648,
    "index": 52
  },
  {
    "name": "Require(43) node_modules/_egg-i18n@2.1.1@egg-i18n/app.js",
    "start": 1611308093674,
    "end": 1611308093683,
    "duration": 9,
    "pid": 17648,
    "index": 53
  },
  {
    "name": "Require(44) node_modules/_egg-watcher@3.1.1@egg-watcher/app.js",
    "start": 1611308093683,
    "end": 1611308093688,
    "duration": 5,
    "pid": 17648,
    "index": 54
  },
  {
    "name": "Require(45) node_modules/_egg-schedule@3.6.6@egg-schedule/app.js",
    "start": 1611308093689,
    "end": 1611308093691,
    "duration": 2,
    "pid": 17648,
    "index": 55
  },
  {
    "name": "Require(46) node_modules/_egg-multipart@2.10.3@egg-multipart/app.js",
    "start": 1611308093691,
    "end": 1611308093692,
    "duration": 1,
    "pid": 17648,
    "index": 56
  },
  {
    "name": "Require(47) node_modules/_egg-development@2.7.0@egg-development/app.js",
    "start": 1611308093692,
    "end": 1611308093693,
    "duration": 1,
    "pid": 17648,
    "index": 57
  },
  {
    "name": "Require(48) node_modules/_egg-logrotator@3.1.0@egg-logrotator/app.js",
    "start": 1611308093693,
    "end": 1611308093693,
    "duration": 0,
    "pid": 17648,
    "index": 58
  },
  {
    "name": "Require(49) node_modules/_egg-static@2.2.0@egg-static/app.js",
    "start": 1611308093694,
    "end": 1611308093694,
    "duration": 0,
    "pid": 17648,
    "index": 59
  },
  {
    "name": "Require(50) node_modules/_egg-view-ejs@2.0.1@egg-view-ejs/app.js",
    "start": 1611308093695,
    "end": 1611308093697,
    "duration": 2,
    "pid": 17648,
    "index": 60
  },
  {
    "name": "Before Start in node_modules/_egg-watcher@3.1.1@egg-watcher/lib/init.js:15:14",
    "start": 1611308093708,
    "end": 1611308093902,
    "duration": 194,
    "pid": 17648,
    "index": 61
  },
  {
    "name": "Load Service",
    "start": 1611308093744,
    "end": 1611308093750,
    "duration": 6,
    "pid": 17648,
    "index": 62
  },
  {
    "name": "Load \"service\" to Context",
    "start": 1611308093744,
    "end": 1611308093750,
    "duration": 6,
    "pid": 17648,
    "index": 63
  },
  {
    "name": "Load Middleware",
    "start": 1611308093751,
    "end": 1611308093883,
    "duration": 132,
    "pid": 17648,
    "index": 64
  },
  {
    "name": "Load \"middlewares\" to Application",
    "start": 1611308093751,
    "end": 1611308093866,
    "duration": 115,
    "pid": 17648,
    "index": 65
  },
  {
    "name": "Load Controller",
    "start": 1611308093883,
    "end": 1611308093886,
    "duration": 3,
    "pid": 17648,
    "index": 66
  },
  {
    "name": "Load \"controller\" to Application",
    "start": 1611308093883,
    "end": 1611308093886,
    "duration": 3,
    "pid": 17648,
    "index": 67
  },
  {
    "name": "Load Router",
    "start": 1611308093886,
    "end": 1611308093889,
    "duration": 3,
    "pid": 17648,
    "index": 68
  },
  {
    "name": "Require(51) app/router.js",
    "start": 1611308093886,
    "end": 1611308093886,
    "duration": 0,
    "pid": 17648,
    "index": 69
  },
  {
    "name": "Before Start in node_modules/_egg-core@4.20.0@egg-core/lib/egg.js:303:10",
    "start": 1611308093887,
    "end": 1611308093896,
    "duration": 9,
    "pid": 17648,
    "index": 70
  }
]