[
  {
    "name": "Process Start",
    "start": 1611308495596,
    "end": 1611308496638,
    "duration": 1042,
    "pid": 16508,
    "index": 0
  },
  {
    "name": "Application Start",
    "start": 1611308496639,
    "end": 1611308497042,
    "duration": 403,
    "pid": 16508,
    "index": 1
  },
  {
    "name": "Load Plugin",
    "start": 1611308496643,
    "end": 1611308496663,
    "duration": 20,
    "pid": 16508,
    "index": 2
  },
  {
    "name": "Load Config",
    "start": 1611308496663,
    "end": 1611308496684,
    "duration": 21,
    "pid": 16508,
    "index": 3
  },
  {
    "name": "Require(0) config/config.default.js",
    "start": 1611308496664,
    "end": 1611308496664,
    "duration": 0,
    "pid": 16508,
    "index": 4
  },
  {
    "name": "Require(1) node_modules/_egg-session@3.2.0@egg-session/config/config.default.js",
    "start": 1611308496665,
    "end": 1611308496666,
    "duration": 1,
    "pid": 16508,
    "index": 5
  },
  {
    "name": "Require(2) node_modules/_egg-security@2.8.0@egg-security/config/config.default.js",
    "start": 1611308496666,
    "end": 1611308496667,
    "duration": 1,
    "pid": 16508,
    "index": 6
  },
  {
    "name": "Require(3) node_modules/_egg-jsonp@2.0.0@egg-jsonp/config/config.default.js",
    "start": 1611308496668,
    "end": 1611308496668,
    "duration": 0,
    "pid": 16508,
    "index": 7
  },
  {
    "name": "Require(4) node_modules/_egg-onerror@2.1.0@egg-onerror/config/config.default.js",
    "start": 1611308496669,
    "end": 1611308496669,
    "duration": 0,
    "pid": 16508,
    "index": 8
  },
  {
    "name": "Require(5) node_modules/_egg-i18n@2.1.1@egg-i18n/config/config.default.js",
    "start": 1611308496669,
    "end": 1611308496670,
    "duration": 1,
    "pid": 16508,
    "index": 9
  },
  {
    "name": "Require(6) node_modules/_egg-watcher@3.1.1@egg-watcher/config/config.default.js",
    "start": 1611308496670,
    "end": 1611308496671,
    "duration": 1,
    "pid": 16508,
    "index": 10
  },
  {
    "name": "Require(7) node_modules/_egg-schedule@3.6.6@egg-schedule/config/config.default.js",
    "start": 1611308496671,
    "end": 1611308496672,
    "duration": 1,
    "pid": 16508,
    "index": 11
  },
  {
    "name": "Require(8) node_modules/_egg-multipart@2.10.3@egg-multipart/config/config.default.js",
    "start": 1611308496672,
    "end": 1611308496673,
    "duration": 1,
    "pid": 16508,
    "index": 12
  },
  {
    "name": "Require(9) node_modules/_egg-development@2.7.0@egg-development/config/config.default.js",
    "start": 1611308496673,
    "end": 1611308496674,
    "duration": 1,
    "pid": 16508,
    "index": 13
  },
  {
    "name": "Require(10) node_modules/_egg-logrotator@3.1.0@egg-logrotator/config/config.default.js",
    "start": 1611308496674,
    "end": 1611308496675,
    "duration": 1,
    "pid": 16508,
    "index": 14
  },
  {
    "name": "Require(11) node_modules/_egg-static@2.2.0@egg-static/config/config.default.js",
    "start": 1611308496675,
    "end": 1611308496675,
    "duration": 0,
    "pid": 16508,
    "index": 15
  },
  {
    "name": "Require(12) node_modules/_egg-view@2.1.3@egg-view/config/config.default.js",
    "start": 1611308496676,
    "end": 1611308496676,
    "duration": 0,
    "pid": 16508,
    "index": 16
  },
  {
    "name": "Require(13) node_modules/_egg-view-ejs@2.0.1@egg-view-ejs/config/config.default.js",
    "start": 1611308496677,
    "end": 1611308496677,
    "duration": 0,
    "pid": 16508,
    "index": 17
  },
  {
    "name": "Require(14) node_modules/_egg@2.29.1@egg/config/config.default.js",
    "start": 1611308496678,
    "end": 1611308496678,
    "duration": 0,
    "pid": 16508,
    "index": 18
  },
  {
    "name": "Require(15) config/config.default.js",
    "start": 1611308496679,
    "end": 1611308496679,
    "duration": 0,
    "pid": 16508,
    "index": 19
  },
  {
    "name": "Require(16) node_modules/_egg-security@2.8.0@egg-security/config/config.local.js",
    "start": 1611308496680,
    "end": 1611308496680,
    "duration": 0,
    "pid": 16508,
    "index": 20
  },
  {
    "name": "Require(17) node_modules/_egg-watcher@3.1.1@egg-watcher/config/config.local.js",
    "start": 1611308496681,
    "end": 1611308496681,
    "duration": 0,
    "pid": 16508,
    "index": 21
  },
  {
    "name": "Require(18) node_modules/_egg-view@2.1.3@egg-view/config/config.local.js",
    "start": 1611308496683,
    "end": 1611308496683,
    "duration": 0,
    "pid": 16508,
    "index": 22
  },
  {
    "name": "Require(19) node_modules/_egg-view-ejs@2.0.1@egg-view-ejs/config/config.local.js",
    "start": 1611308496683,
    "end": 1611308496683,
    "duration": 0,
    "pid": 16508,
    "index": 23
  },
  {
    "name": "Require(20) node_modules/_egg@2.29.1@egg/config/config.local.js",
    "start": 1611308496684,
    "end": 1611308496684,
    "duration": 0,
    "pid": 16508,
    "index": 24
  },
  {
    "name": "Load extend/application.js",
    "start": 1611308496685,
    "end": 1611308496702,
    "duration": 17,
    "pid": 16508,
    "index": 25
  },
  {
    "name": "Require(21) node_modules/_egg-session@3.2.0@egg-session/app/extend/application.js",
    "start": 1611308496686,
    "end": 1611308496686,
    "duration": 0,
    "pid": 16508,
    "index": 26
  },
  {
    "name": "Require(22) node_modules/_egg-security@2.8.0@egg-security/app/extend/application.js",
    "start": 1611308496687,
    "end": 1611308496688,
    "duration": 1,
    "pid": 16508,
    "index": 27
  },
  {
    "name": "Require(23) node_modules/_egg-jsonp@2.0.0@egg-jsonp/app/extend/application.js",
    "start": 1611308496688,
    "end": 1611308496690,
    "duration": 2,
    "pid": 16508,
    "index": 28
  },
  {
    "name": "Require(24) node_modules/_egg-logrotator@3.1.0@egg-logrotator/app/extend/application.js",
    "start": 1611308496692,
    "end": 1611308496695,
    "duration": 3,
    "pid": 16508,
    "index": 29
  },
  {
    "name": "Require(25) node_modules/_egg-view@2.1.3@egg-view/app/extend/application.js",
    "start": 1611308496696,
    "end": 1611308496698,
    "duration": 2,
    "pid": 16508,
    "index": 30
  },
  {
    "name": "Require(26) app/extend/application.js",
    "start": 1611308496699,
    "end": 1611308496699,
    "duration": 0,
    "pid": 16508,
    "index": 31
  },
  {
    "name": "Load extend/request.js",
    "start": 1611308496702,
    "end": 1611308496710,
    "duration": 8,
    "pid": 16508,
    "index": 32
  },
  {
    "name": "Require(27) node_modules/_egg@2.29.1@egg/app/extend/request.js",
    "start": 1611308496705,
    "end": 1611308496707,
    "duration": 2,
    "pid": 16508,
    "index": 33
  },
  {
    "name": "Require(28) app/extend/request.js",
    "start": 1611308496707,
    "end": 1611308496707,
    "duration": 0,
    "pid": 16508,
    "index": 34
  },
  {
    "name": "Load extend/response.js",
    "start": 1611308496710,
    "end": 1611308496722,
    "duration": 12,
    "pid": 16508,
    "index": 35
  },
  {
    "name": "Require(29) node_modules/_egg@2.29.1@egg/app/extend/response.js",
    "start": 1611308496716,
    "end": 1611308496719,
    "duration": 3,
    "pid": 16508,
    "index": 36
  },
  {
    "name": "Load extend/context.js",
    "start": 1611308496722,
    "end": 1611308496789,
    "duration": 67,
    "pid": 16508,
    "index": 37
  },
  {
    "name": "Require(30) node_modules/_egg-security@2.8.0@egg-security/app/extend/context.js",
    "start": 1611308496723,
    "end": 1611308496737,
    "duration": 14,
    "pid": 16508,
    "index": 38
  },
  {
    "name": "Require(31) node_modules/_egg-jsonp@2.0.0@egg-jsonp/app/extend/context.js",
    "start": 1611308496738,
    "end": 1611308496739,
    "duration": 1,
    "pid": 16508,
    "index": 39
  },
  {
    "name": "Require(32) node_modules/_egg-i18n@2.1.1@egg-i18n/app/extend/context.js",
    "start": 1611308496740,
    "end": 1611308496740,
    "duration": 0,
    "pid": 16508,
    "index": 40
  },
  {
    "name": "Require(33) node_modules/_egg-multipart@2.10.3@egg-multipart/app/extend/context.js",
    "start": 1611308496741,
    "end": 1611308496783,
    "duration": 42,
    "pid": 16508,
    "index": 41
  },
  {
    "name": "Require(34) node_modules/_egg-view@2.1.3@egg-view/app/extend/context.js",
    "start": 1611308496783,
    "end": 1611308496784,
    "duration": 1,
    "pid": 16508,
    "index": 42
  },
  {
    "name": "Require(35) node_modules/_egg@2.29.1@egg/app/extend/context.js",
    "start": 1611308496785,
    "end": 1611308496786,
    "duration": 1,
    "pid": 16508,
    "index": 43
  },
  {
    "name": "Require(36) app/extend/context.js",
    "start": 1611308496786,
    "end": 1611308496786,
    "duration": 0,
    "pid": 16508,
    "index": 44
  },
  {
    "name": "Load extend/helper.js",
    "start": 1611308496789,
    "end": 1611308496811,
    "duration": 22,
    "pid": 16508,
    "index": 45
  },
  {
    "name": "Require(37) node_modules/_egg-security@2.8.0@egg-security/app/extend/helper.js",
    "start": 1611308496789,
    "end": 1611308496804,
    "duration": 15,
    "pid": 16508,
    "index": 46
  },
  {
    "name": "Require(38) node_modules/_egg@2.29.1@egg/app/extend/helper.js",
    "start": 1611308496806,
    "end": 1611308496806,
    "duration": 0,
    "pid": 16508,
    "index": 47
  },
  {
    "name": "Require(39) app/extend/helper.js",
    "start": 1611308496807,
    "end": 1611308496808,
    "duration": 1,
    "pid": 16508,
    "index": 48
  },
  {
    "name": "Load app.js",
    "start": 1611308496811,
    "end": 1611308496844,
    "duration": 33,
    "pid": 16508,
    "index": 49
  },
  {
    "name": "Require(40) node_modules/_egg-session@3.2.0@egg-session/app.js",
    "start": 1611308496812,
    "end": 1611308496812,
    "duration": 0,
    "pid": 16508,
    "index": 50
  },
  {
    "name": "Require(41) node_modules/_egg-security@2.8.0@egg-security/app.js",
    "start": 1611308496812,
    "end": 1611308496814,
    "duration": 2,
    "pid": 16508,
    "index": 51
  },
  {
    "name": "Require(42) node_modules/_egg-onerror@2.1.0@egg-onerror/app.js",
    "start": 1611308496814,
    "end": 1611308496824,
    "duration": 10,
    "pid": 16508,
    "index": 52
  },
  {
    "name": "Require(43) node_modules/_egg-i18n@2.1.1@egg-i18n/app.js",
    "start": 1611308496824,
    "end": 1611308496832,
    "duration": 8,
    "pid": 16508,
    "index": 53
  },
  {
    "name": "Require(44) node_modules/_egg-watcher@3.1.1@egg-watcher/app.js",
    "start": 1611308496832,
    "end": 1611308496836,
    "duration": 4,
    "pid": 16508,
    "index": 54
  },
  {
    "name": "Require(45) node_modules/_egg-schedule@3.6.6@egg-schedule/app.js",
    "start": 1611308496837,
    "end": 1611308496839,
    "duration": 2,
    "pid": 16508,
    "index": 55
  },
  {
    "name": "Require(46) node_modules/_egg-multipart@2.10.3@egg-multipart/app.js",
    "start": 1611308496839,
    "end": 1611308496839,
    "duration": 0,
    "pid": 16508,
    "index": 56
  },
  {
    "name": "Require(47) node_modules/_egg-development@2.7.0@egg-development/app.js",
    "start": 1611308496840,
    "end": 1611308496840,
    "duration": 0,
    "pid": 16508,
    "index": 57
  },
  {
    "name": "Require(48) node_modules/_egg-logrotator@3.1.0@egg-logrotator/app.js",
    "start": 1611308496840,
    "end": 1611308496840,
    "duration": 0,
    "pid": 16508,
    "index": 58
  },
  {
    "name": "Require(49) node_modules/_egg-static@2.2.0@egg-static/app.js",
    "start": 1611308496841,
    "end": 1611308496841,
    "duration": 0,
    "pid": 16508,
    "index": 59
  },
  {
    "name": "Require(50) node_modules/_egg-view-ejs@2.0.1@egg-view-ejs/app.js",
    "start": 1611308496841,
    "end": 1611308496843,
    "duration": 2,
    "pid": 16508,
    "index": 60
  },
  {
    "name": "Before Start in node_modules/_egg-watcher@3.1.1@egg-watcher/lib/init.js:15:14",
    "start": 1611308496852,
    "end": 1611308497042,
    "duration": 190,
    "pid": 16508,
    "index": 61
  },
  {
    "name": "Load Service",
    "start": 1611308496883,
    "end": 1611308496889,
    "duration": 6,
    "pid": 16508,
    "index": 62
  },
  {
    "name": "Load \"service\" to Context",
    "start": 1611308496883,
    "end": 1611308496889,
    "duration": 6,
    "pid": 16508,
    "index": 63
  },
  {
    "name": "Load Middleware",
    "start": 1611308496889,
    "end": 1611308497022,
    "duration": 133,
    "pid": 16508,
    "index": 64
  },
  {
    "name": "Load \"middlewares\" to Application",
    "start": 1611308496889,
    "end": 1611308497004,
    "duration": 115,
    "pid": 16508,
    "index": 65
  },
  {
    "name": "Load Controller",
    "start": 1611308497022,
    "end": 1611308497025,
    "duration": 3,
    "pid": 16508,
    "index": 66
  },
  {
    "name": "Load \"controller\" to Application",
    "start": 1611308497022,
    "end": 1611308497025,
    "duration": 3,
    "pid": 16508,
    "index": 67
  },
  {
    "name": "Load Router",
    "start": 1611308497025,
    "end": 1611308497028,
    "duration": 3,
    "pid": 16508,
    "index": 68
  },
  {
    "name": "Require(51) app/router.js",
    "start": 1611308497026,
    "end": 1611308497026,
    "duration": 0,
    "pid": 16508,
    "index": 69
  },
  {
    "name": "Before Start in node_modules/_egg-core@4.20.0@egg-core/lib/egg.js:303:10",
    "start": 1611308497027,
    "end": 1611308497035,
    "duration": 8,
    "pid": 16508,
    "index": 70
  }
]