[
  {
    "name": "Process Start",
    "start": 1611308156259,
    "end": 1611308157529,
    "duration": 1270,
    "pid": 9008,
    "index": 0
  },
  {
    "name": "Application Start",
    "start": 1611308157530,
    "end": 1611308157965,
    "duration": 435,
    "pid": 9008,
    "index": 1
  },
  {
    "name": "Load Plugin",
    "start": 1611308157534,
    "end": 1611308157552,
    "duration": 18,
    "pid": 9008,
    "index": 2
  },
  {
    "name": "Load Config",
    "start": 1611308157552,
    "end": 1611308157573,
    "duration": 21,
    "pid": 9008,
    "index": 3
  },
  {
    "name": "Require(0) config/config.default.js",
    "start": 1611308157552,
    "end": 1611308157553,
    "duration": 1,
    "pid": 9008,
    "index": 4
  },
  {
    "name": "Require(1) node_modules/_egg-session@3.2.0@egg-session/config/config.default.js",
    "start": 1611308157554,
    "end": 1611308157554,
    "duration": 0,
    "pid": 9008,
    "index": 5
  },
  {
    "name": "Require(2) node_modules/_egg-security@2.8.0@egg-security/config/config.default.js",
    "start": 1611308157555,
    "end": 1611308157555,
    "duration": 0,
    "pid": 9008,
    "index": 6
  },
  {
    "name": "Require(3) node_modules/_egg-jsonp@2.0.0@egg-jsonp/config/config.default.js",
    "start": 1611308157556,
    "end": 1611308157557,
    "duration": 1,
    "pid": 9008,
    "index": 7
  },
  {
    "name": "Require(4) node_modules/_egg-onerror@2.1.0@egg-onerror/config/config.default.js",
    "start": 1611308157557,
    "end": 1611308157557,
    "duration": 0,
    "pid": 9008,
    "index": 8
  },
  {
    "name": "Require(5) node_modules/_egg-i18n@2.1.1@egg-i18n/config/config.default.js",
    "start": 1611308157558,
    "end": 1611308157558,
    "duration": 0,
    "pid": 9008,
    "index": 9
  },
  {
    "name": "Require(6) node_modules/_egg-watcher@3.1.1@egg-watcher/config/config.default.js",
    "start": 1611308157559,
    "end": 1611308157559,
    "duration": 0,
    "pid": 9008,
    "index": 10
  },
  {
    "name": "Require(7) node_modules/_egg-schedule@3.6.6@egg-schedule/config/config.default.js",
    "start": 1611308157560,
    "end": 1611308157560,
    "duration": 0,
    "pid": 9008,
    "index": 11
  },
  {
    "name": "Require(8) node_modules/_egg-multipart@2.10.3@egg-multipart/config/config.default.js",
    "start": 1611308157561,
    "end": 1611308157561,
    "duration": 0,
    "pid": 9008,
    "index": 12
  },
  {
    "name": "Require(9) node_modules/_egg-development@2.7.0@egg-development/config/config.default.js",
    "start": 1611308157562,
    "end": 1611308157562,
    "duration": 0,
    "pid": 9008,
    "index": 13
  },
  {
    "name": "Require(10) node_modules/_egg-logrotator@3.1.0@egg-logrotator/config/config.default.js",
    "start": 1611308157563,
    "end": 1611308157563,
    "duration": 0,
    "pid": 9008,
    "index": 14
  },
  {
    "name": "Require(11) node_modules/_egg-static@2.2.0@egg-static/config/config.default.js",
    "start": 1611308157564,
    "end": 1611308157564,
    "duration": 0,
    "pid": 9008,
    "index": 15
  },
  {
    "name": "Require(12) node_modules/_egg-view@2.1.3@egg-view/config/config.default.js",
    "start": 1611308157564,
    "end": 1611308157565,
    "duration": 1,
    "pid": 9008,
    "index": 16
  },
  {
    "name": "Require(13) node_modules/_egg-view-ejs@2.0.1@egg-view-ejs/config/config.default.js",
    "start": 1611308157565,
    "end": 1611308157566,
    "duration": 1,
    "pid": 9008,
    "index": 17
  },
  {
    "name": "Require(14) node_modules/_egg@2.29.1@egg/config/config.default.js",
    "start": 1611308157566,
    "end": 1611308157567,
    "duration": 1,
    "pid": 9008,
    "index": 18
  },
  {
    "name": "Require(15) config/config.default.js",
    "start": 1611308157568,
    "end": 1611308157568,
    "duration": 0,
    "pid": 9008,
    "index": 19
  },
  {
    "name": "Require(16) node_modules/_egg-security@2.8.0@egg-security/config/config.local.js",
    "start": 1611308157569,
    "end": 1611308157569,
    "duration": 0,
    "pid": 9008,
    "index": 20
  },
  {
    "name": "Require(17) node_modules/_egg-watcher@3.1.1@egg-watcher/config/config.local.js",
    "start": 1611308157570,
    "end": 1611308157570,
    "duration": 0,
    "pid": 9008,
    "index": 21
  },
  {
    "name": "Require(18) node_modules/_egg-view@2.1.3@egg-view/config/config.local.js",
    "start": 1611308157571,
    "end": 1611308157572,
    "duration": 1,
    "pid": 9008,
    "index": 22
  },
  {
    "name": "Require(19) node_modules/_egg-view-ejs@2.0.1@egg-view-ejs/config/config.local.js",
    "start": 1611308157572,
    "end": 1611308157572,
    "duration": 0,
    "pid": 9008,
    "index": 23
  },
  {
    "name": "Require(20) node_modules/_egg@2.29.1@egg/config/config.local.js",
    "start": 1611308157573,
    "end": 1611308157573,
    "duration": 0,
    "pid": 9008,
    "index": 24
  },
  {
    "name": "Load extend/application.js",
    "start": 1611308157574,
    "end": 1611308157590,
    "duration": 16,
    "pid": 9008,
    "index": 25
  },
  {
    "name": "Require(21) node_modules/_egg-session@3.2.0@egg-session/app/extend/application.js",
    "start": 1611308157575,
    "end": 1611308157575,
    "duration": 0,
    "pid": 9008,
    "index": 26
  },
  {
    "name": "Require(22) node_modules/_egg-security@2.8.0@egg-security/app/extend/application.js",
    "start": 1611308157575,
    "end": 1611308157577,
    "duration": 2,
    "pid": 9008,
    "index": 27
  },
  {
    "name": "Require(23) node_modules/_egg-jsonp@2.0.0@egg-jsonp/app/extend/application.js",
    "start": 1611308157577,
    "end": 1611308157579,
    "duration": 2,
    "pid": 9008,
    "index": 28
  },
  {
    "name": "Require(24) node_modules/_egg-logrotator@3.1.0@egg-logrotator/app/extend/application.js",
    "start": 1611308157581,
    "end": 1611308157584,
    "duration": 3,
    "pid": 9008,
    "index": 29
  },
  {
    "name": "Require(25) node_modules/_egg-view@2.1.3@egg-view/app/extend/application.js",
    "start": 1611308157584,
    "end": 1611308157586,
    "duration": 2,
    "pid": 9008,
    "index": 30
  },
  {
    "name": "Require(26) app/extend/application.js",
    "start": 1611308157587,
    "end": 1611308157588,
    "duration": 1,
    "pid": 9008,
    "index": 31
  },
  {
    "name": "Load extend/request.js",
    "start": 1611308157591,
    "end": 1611308157598,
    "duration": 7,
    "pid": 9008,
    "index": 32
  },
  {
    "name": "Require(27) node_modules/_egg@2.29.1@egg/app/extend/request.js",
    "start": 1611308157593,
    "end": 1611308157595,
    "duration": 2,
    "pid": 9008,
    "index": 33
  },
  {
    "name": "Require(28) app/extend/request.js",
    "start": 1611308157595,
    "end": 1611308157596,
    "duration": 1,
    "pid": 9008,
    "index": 34
  },
  {
    "name": "Load extend/response.js",
    "start": 1611308157598,
    "end": 1611308157609,
    "duration": 11,
    "pid": 9008,
    "index": 35
  },
  {
    "name": "Require(29) node_modules/_egg@2.29.1@egg/app/extend/response.js",
    "start": 1611308157603,
    "end": 1611308157606,
    "duration": 3,
    "pid": 9008,
    "index": 36
  },
  {
    "name": "Load extend/context.js",
    "start": 1611308157609,
    "end": 1611308157685,
    "duration": 76,
    "pid": 9008,
    "index": 37
  },
  {
    "name": "Require(30) node_modules/_egg-security@2.8.0@egg-security/app/extend/context.js",
    "start": 1611308157610,
    "end": 1611308157624,
    "duration": 14,
    "pid": 9008,
    "index": 38
  },
  {
    "name": "Require(31) node_modules/_egg-jsonp@2.0.0@egg-jsonp/app/extend/context.js",
    "start": 1611308157624,
    "end": 1611308157626,
    "duration": 2,
    "pid": 9008,
    "index": 39
  },
  {
    "name": "Require(32) node_modules/_egg-i18n@2.1.1@egg-i18n/app/extend/context.js",
    "start": 1611308157626,
    "end": 1611308157627,
    "duration": 1,
    "pid": 9008,
    "index": 40
  },
  {
    "name": "Require(33) node_modules/_egg-multipart@2.10.3@egg-multipart/app/extend/context.js",
    "start": 1611308157627,
    "end": 1611308157677,
    "duration": 50,
    "pid": 9008,
    "index": 41
  },
  {
    "name": "Require(34) node_modules/_egg-view@2.1.3@egg-view/app/extend/context.js",
    "start": 1611308157678,
    "end": 1611308157679,
    "duration": 1,
    "pid": 9008,
    "index": 42
  },
  {
    "name": "Require(35) node_modules/_egg@2.29.1@egg/app/extend/context.js",
    "start": 1611308157679,
    "end": 1611308157681,
    "duration": 2,
    "pid": 9008,
    "index": 43
  },
  {
    "name": "Require(36) app/extend/context.js",
    "start": 1611308157681,
    "end": 1611308157682,
    "duration": 1,
    "pid": 9008,
    "index": 44
  },
  {
    "name": "Load extend/helper.js",
    "start": 1611308157685,
    "end": 1611308157714,
    "duration": 29,
    "pid": 9008,
    "index": 45
  },
  {
    "name": "Require(37) node_modules/_egg-security@2.8.0@egg-security/app/extend/helper.js",
    "start": 1611308157685,
    "end": 1611308157706,
    "duration": 21,
    "pid": 9008,
    "index": 46
  },
  {
    "name": "Require(38) node_modules/_egg@2.29.1@egg/app/extend/helper.js",
    "start": 1611308157708,
    "end": 1611308157708,
    "duration": 0,
    "pid": 9008,
    "index": 47
  },
  {
    "name": "Require(39) app/extend/helper.js",
    "start": 1611308157709,
    "end": 1611308157711,
    "duration": 2,
    "pid": 9008,
    "index": 48
  },
  {
    "name": "Load app.js",
    "start": 1611308157714,
    "end": 1611308157752,
    "duration": 38,
    "pid": 9008,
    "index": 49
  },
  {
    "name": "Require(40) node_modules/_egg-session@3.2.0@egg-session/app.js",
    "start": 1611308157714,
    "end": 1611308157715,
    "duration": 1,
    "pid": 9008,
    "index": 50
  },
  {
    "name": "Require(41) node_modules/_egg-security@2.8.0@egg-security/app.js",
    "start": 1611308157715,
    "end": 1611308157717,
    "duration": 2,
    "pid": 9008,
    "index": 51
  },
  {
    "name": "Require(42) node_modules/_egg-onerror@2.1.0@egg-onerror/app.js",
    "start": 1611308157718,
    "end": 1611308157729,
    "duration": 11,
    "pid": 9008,
    "index": 52
  },
  {
    "name": "Require(43) node_modules/_egg-i18n@2.1.1@egg-i18n/app.js",
    "start": 1611308157730,
    "end": 1611308157738,
    "duration": 8,
    "pid": 9008,
    "index": 53
  },
  {
    "name": "Require(44) node_modules/_egg-watcher@3.1.1@egg-watcher/app.js",
    "start": 1611308157738,
    "end": 1611308157743,
    "duration": 5,
    "pid": 9008,
    "index": 54
  },
  {
    "name": "Require(45) node_modules/_egg-schedule@3.6.6@egg-schedule/app.js",
    "start": 1611308157744,
    "end": 1611308157746,
    "duration": 2,
    "pid": 9008,
    "index": 55
  },
  {
    "name": "Require(46) node_modules/_egg-multipart@2.10.3@egg-multipart/app.js",
    "start": 1611308157747,
    "end": 1611308157747,
    "duration": 0,
    "pid": 9008,
    "index": 56
  },
  {
    "name": "Require(47) node_modules/_egg-development@2.7.0@egg-development/app.js",
    "start": 1611308157747,
    "end": 1611308157748,
    "duration": 1,
    "pid": 9008,
    "index": 57
  },
  {
    "name": "Require(48) node_modules/_egg-logrotator@3.1.0@egg-logrotator/app.js",
    "start": 1611308157748,
    "end": 1611308157748,
    "duration": 0,
    "pid": 9008,
    "index": 58
  },
  {
    "name": "Require(49) node_modules/_egg-static@2.2.0@egg-static/app.js",
    "start": 1611308157749,
    "end": 1611308157749,
    "duration": 0,
    "pid": 9008,
    "index": 59
  },
  {
    "name": "Require(50) node_modules/_egg-view-ejs@2.0.1@egg-view-ejs/app.js",
    "start": 1611308157750,
    "end": 1611308157751,
    "duration": 1,
    "pid": 9008,
    "index": 60
  },
  {
    "name": "Before Start in node_modules/_egg-watcher@3.1.1@egg-watcher/lib/init.js:15:14",
    "start": 1611308157762,
    "end": 1611308157964,
    "duration": 202,
    "pid": 9008,
    "index": 61
  },
  {
    "name": "Load Service",
    "start": 1611308157797,
    "end": 1611308157803,
    "duration": 6,
    "pid": 9008,
    "index": 62
  },
  {
    "name": "Load \"service\" to Context",
    "start": 1611308157797,
    "end": 1611308157803,
    "duration": 6,
    "pid": 9008,
    "index": 63
  },
  {
    "name": "Load Middleware",
    "start": 1611308157803,
    "end": 1611308157947,
    "duration": 144,
    "pid": 9008,
    "index": 64
  },
  {
    "name": "Load \"middlewares\" to Application",
    "start": 1611308157803,
    "end": 1611308157928,
    "duration": 125,
    "pid": 9008,
    "index": 65
  },
  {
    "name": "Load Controller",
    "start": 1611308157947,
    "end": 1611308157949,
    "duration": 2,
    "pid": 9008,
    "index": 66
  },
  {
    "name": "Load \"controller\" to Application",
    "start": 1611308157947,
    "end": 1611308157949,
    "duration": 2,
    "pid": 9008,
    "index": 67
  },
  {
    "name": "Load Router",
    "start": 1611308157950,
    "end": 1611308157951,
    "duration": 1,
    "pid": 9008,
    "index": 68
  },
  {
    "name": "Require(51) app/router.js",
    "start": 1611308157950,
    "end": 1611308157950,
    "duration": 0,
    "pid": 9008,
    "index": 69
  },
  {
    "name": "Before Start in node_modules/_egg-core@4.20.0@egg-core/lib/egg.js:303:10",
    "start": 1611308157950,
    "end": 1611308157958,
    "duration": 8,
    "pid": 9008,
    "index": 70
  }
]