[
  {
    "name": "Process Start",
    "start": 1611308362041,
    "end": 1611308363142,
    "duration": 1101,
    "pid": 7328,
    "index": 0
  },
  {
    "name": "Application Start",
    "start": 1611308363143,
    "end": 1611308363586,
    "duration": 443,
    "pid": 7328,
    "index": 1
  },
  {
    "name": "Load Plugin",
    "start": 1611308363147,
    "end": 1611308363166,
    "duration": 19,
    "pid": 7328,
    "index": 2
  },
  {
    "name": "Load Config",
    "start": 1611308363166,
    "end": 1611308363188,
    "duration": 22,
    "pid": 7328,
    "index": 3
  },
  {
    "name": "Require(0) config/config.default.js",
    "start": 1611308363167,
    "end": 1611308363167,
    "duration": 0,
    "pid": 7328,
    "index": 4
  },
  {
    "name": "Require(1) node_modules/_egg-session@3.2.0@egg-session/config/config.default.js",
    "start": 1611308363169,
    "end": 1611308363169,
    "duration": 0,
    "pid": 7328,
    "index": 5
  },
  {
    "name": "Require(2) node_modules/_egg-security@2.8.0@egg-security/config/config.default.js",
    "start": 1611308363169,
    "end": 1611308363170,
    "duration": 1,
    "pid": 7328,
    "index": 6
  },
  {
    "name": "Require(3) node_modules/_egg-jsonp@2.0.0@egg-jsonp/config/config.default.js",
    "start": 1611308363171,
    "end": 1611308363171,
    "duration": 0,
    "pid": 7328,
    "index": 7
  },
  {
    "name": "Require(4) node_modules/_egg-onerror@2.1.0@egg-onerror/config/config.default.js",
    "start": 1611308363172,
    "end": 1611308363172,
    "duration": 0,
    "pid": 7328,
    "index": 8
  },
  {
    "name": "Require(5) node_modules/_egg-i18n@2.1.1@egg-i18n/config/config.default.js",
    "start": 1611308363173,
    "end": 1611308363173,
    "duration": 0,
    "pid": 7328,
    "index": 9
  },
  {
    "name": "Require(6) node_modules/_egg-watcher@3.1.1@egg-watcher/config/config.default.js",
    "start": 1611308363174,
    "end": 1611308363174,
    "duration": 0,
    "pid": 7328,
    "index": 10
  },
  {
    "name": "Require(7) node_modules/_egg-schedule@3.6.6@egg-schedule/config/config.default.js",
    "start": 1611308363174,
    "end": 1611308363175,
    "duration": 1,
    "pid": 7328,
    "index": 11
  },
  {
    "name": "Require(8) node_modules/_egg-multipart@2.10.3@egg-multipart/config/config.default.js",
    "start": 1611308363175,
    "end": 1611308363176,
    "duration": 1,
    "pid": 7328,
    "index": 12
  },
  {
    "name": "Require(9) node_modules/_egg-development@2.7.0@egg-development/config/config.default.js",
    "start": 1611308363176,
    "end": 1611308363177,
    "duration": 1,
    "pid": 7328,
    "index": 13
  },
  {
    "name": "Require(10) node_modules/_egg-logrotator@3.1.0@egg-logrotator/config/config.default.js",
    "start": 1611308363177,
    "end": 1611308363178,
    "duration": 1,
    "pid": 7328,
    "index": 14
  },
  {
    "name": "Require(11) node_modules/_egg-static@2.2.0@egg-static/config/config.default.js",
    "start": 1611308363178,
    "end": 1611308363179,
    "duration": 1,
    "pid": 7328,
    "index": 15
  },
  {
    "name": "Require(12) node_modules/_egg-view@2.1.3@egg-view/config/config.default.js",
    "start": 1611308363179,
    "end": 1611308363180,
    "duration": 1,
    "pid": 7328,
    "index": 16
  },
  {
    "name": "Require(13) node_modules/_egg-view-ejs@2.0.1@egg-view-ejs/config/config.default.js",
    "start": 1611308363180,
    "end": 1611308363181,
    "duration": 1,
    "pid": 7328,
    "index": 17
  },
  {
    "name": "Require(14) node_modules/_egg@2.29.1@egg/config/config.default.js",
    "start": 1611308363181,
    "end": 1611308363182,
    "duration": 1,
    "pid": 7328,
    "index": 18
  },
  {
    "name": "Require(15) config/config.default.js",
    "start": 1611308363183,
    "end": 1611308363183,
    "duration": 0,
    "pid": 7328,
    "index": 19
  },
  {
    "name": "Require(16) node_modules/_egg-security@2.8.0@egg-security/config/config.local.js",
    "start": 1611308363183,
    "end": 1611308363184,
    "duration": 1,
    "pid": 7328,
    "index": 20
  },
  {
    "name": "Require(17) node_modules/_egg-watcher@3.1.1@egg-watcher/config/config.local.js",
    "start": 1611308363185,
    "end": 1611308363185,
    "duration": 0,
    "pid": 7328,
    "index": 21
  },
  {
    "name": "Require(18) node_modules/_egg-view@2.1.3@egg-view/config/config.local.js",
    "start": 1611308363187,
    "end": 1611308363187,
    "duration": 0,
    "pid": 7328,
    "index": 22
  },
  {
    "name": "Require(19) node_modules/_egg-view-ejs@2.0.1@egg-view-ejs/config/config.local.js",
    "start": 1611308363187,
    "end": 1611308363187,
    "duration": 0,
    "pid": 7328,
    "index": 23
  },
  {
    "name": "Require(20) node_modules/_egg@2.29.1@egg/config/config.local.js",
    "start": 1611308363188,
    "end": 1611308363188,
    "duration": 0,
    "pid": 7328,
    "index": 24
  },
  {
    "name": "Load extend/application.js",
    "start": 1611308363189,
    "end": 1611308363208,
    "duration": 19,
    "pid": 7328,
    "index": 25
  },
  {
    "name": "Require(21) node_modules/_egg-session@3.2.0@egg-session/app/extend/application.js",
    "start": 1611308363190,
    "end": 1611308363190,
    "duration": 0,
    "pid": 7328,
    "index": 26
  },
  {
    "name": "Require(22) node_modules/_egg-security@2.8.0@egg-security/app/extend/application.js",
    "start": 1611308363191,
    "end": 1611308363192,
    "duration": 1,
    "pid": 7328,
    "index": 27
  },
  {
    "name": "Require(23) node_modules/_egg-jsonp@2.0.0@egg-jsonp/app/extend/application.js",
    "start": 1611308363192,
    "end": 1611308363195,
    "duration": 3,
    "pid": 7328,
    "index": 28
  },
  {
    "name": "Require(24) node_modules/_egg-logrotator@3.1.0@egg-logrotator/app/extend/application.js",
    "start": 1611308363196,
    "end": 1611308363199,
    "duration": 3,
    "pid": 7328,
    "index": 29
  },
  {
    "name": "Require(25) node_modules/_egg-view@2.1.3@egg-view/app/extend/application.js",
    "start": 1611308363200,
    "end": 1611308363203,
    "duration": 3,
    "pid": 7328,
    "index": 30
  },
  {
    "name": "Require(26) app/extend/application.js",
    "start": 1611308363205,
    "end": 1611308363205,
    "duration": 0,
    "pid": 7328,
    "index": 31
  },
  {
    "name": "Load extend/request.js",
    "start": 1611308363208,
    "end": 1611308363219,
    "duration": 11,
    "pid": 7328,
    "index": 32
  },
  {
    "name": "Require(27) node_modules/_egg@2.29.1@egg/app/extend/request.js",
    "start": 1611308363211,
    "end": 1611308363213,
    "duration": 2,
    "pid": 7328,
    "index": 33
  },
  {
    "name": "Require(28) app/extend/request.js",
    "start": 1611308363213,
    "end": 1611308363214,
    "duration": 1,
    "pid": 7328,
    "index": 34
  },
  {
    "name": "Load extend/response.js",
    "start": 1611308363219,
    "end": 1611308363227,
    "duration": 8,
    "pid": 7328,
    "index": 35
  },
  {
    "name": "Require(29) node_modules/_egg@2.29.1@egg/app/extend/response.js",
    "start": 1611308363222,
    "end": 1611308363224,
    "duration": 2,
    "pid": 7328,
    "index": 36
  },
  {
    "name": "Load extend/context.js",
    "start": 1611308363227,
    "end": 1611308363299,
    "duration": 72,
    "pid": 7328,
    "index": 37
  },
  {
    "name": "Require(30) node_modules/_egg-security@2.8.0@egg-security/app/extend/context.js",
    "start": 1611308363228,
    "end": 1611308363241,
    "duration": 13,
    "pid": 7328,
    "index": 38
  },
  {
    "name": "Require(31) node_modules/_egg-jsonp@2.0.0@egg-jsonp/app/extend/context.js",
    "start": 1611308363241,
    "end": 1611308363243,
    "duration": 2,
    "pid": 7328,
    "index": 39
  },
  {
    "name": "Require(32) node_modules/_egg-i18n@2.1.1@egg-i18n/app/extend/context.js",
    "start": 1611308363243,
    "end": 1611308363244,
    "duration": 1,
    "pid": 7328,
    "index": 40
  },
  {
    "name": "Require(33) node_modules/_egg-multipart@2.10.3@egg-multipart/app/extend/context.js",
    "start": 1611308363245,
    "end": 1611308363292,
    "duration": 47,
    "pid": 7328,
    "index": 41
  },
  {
    "name": "Require(34) node_modules/_egg-view@2.1.3@egg-view/app/extend/context.js",
    "start": 1611308363293,
    "end": 1611308363294,
    "duration": 1,
    "pid": 7328,
    "index": 42
  },
  {
    "name": "Require(35) node_modules/_egg@2.29.1@egg/app/extend/context.js",
    "start": 1611308363295,
    "end": 1611308363296,
    "duration": 1,
    "pid": 7328,
    "index": 43
  },
  {
    "name": "Require(36) app/extend/context.js",
    "start": 1611308363296,
    "end": 1611308363297,
    "duration": 1,
    "pid": 7328,
    "index": 44
  },
  {
    "name": "Load extend/helper.js",
    "start": 1611308363300,
    "end": 1611308363327,
    "duration": 27,
    "pid": 7328,
    "index": 45
  },
  {
    "name": "Require(37) node_modules/_egg-security@2.8.0@egg-security/app/extend/helper.js",
    "start": 1611308363301,
    "end": 1611308363319,
    "duration": 18,
    "pid": 7328,
    "index": 46
  },
  {
    "name": "Require(38) node_modules/_egg@2.29.1@egg/app/extend/helper.js",
    "start": 1611308363322,
    "end": 1611308363322,
    "duration": 0,
    "pid": 7328,
    "index": 47
  },
  {
    "name": "Require(39) app/extend/helper.js",
    "start": 1611308363322,
    "end": 1611308363324,
    "duration": 2,
    "pid": 7328,
    "index": 48
  },
  {
    "name": "Load app.js",
    "start": 1611308363327,
    "end": 1611308363365,
    "duration": 38,
    "pid": 7328,
    "index": 49
  },
  {
    "name": "Require(40) node_modules/_egg-session@3.2.0@egg-session/app.js",
    "start": 1611308363328,
    "end": 1611308363328,
    "duration": 0,
    "pid": 7328,
    "index": 50
  },
  {
    "name": "Require(41) node_modules/_egg-security@2.8.0@egg-security/app.js",
    "start": 1611308363328,
    "end": 1611308363330,
    "duration": 2,
    "pid": 7328,
    "index": 51
  },
  {
    "name": "Require(42) node_modules/_egg-onerror@2.1.0@egg-onerror/app.js",
    "start": 1611308363331,
    "end": 1611308363342,
    "duration": 11,
    "pid": 7328,
    "index": 52
  },
  {
    "name": "Require(43) node_modules/_egg-i18n@2.1.1@egg-i18n/app.js",
    "start": 1611308363343,
    "end": 1611308363352,
    "duration": 9,
    "pid": 7328,
    "index": 53
  },
  {
    "name": "Require(44) node_modules/_egg-watcher@3.1.1@egg-watcher/app.js",
    "start": 1611308363352,
    "end": 1611308363357,
    "duration": 5,
    "pid": 7328,
    "index": 54
  },
  {
    "name": "Require(45) node_modules/_egg-schedule@3.6.6@egg-schedule/app.js",
    "start": 1611308363357,
    "end": 1611308363359,
    "duration": 2,
    "pid": 7328,
    "index": 55
  },
  {
    "name": "Require(46) node_modules/_egg-multipart@2.10.3@egg-multipart/app.js",
    "start": 1611308363359,
    "end": 1611308363360,
    "duration": 1,
    "pid": 7328,
    "index": 56
  },
  {
    "name": "Require(47) node_modules/_egg-development@2.7.0@egg-development/app.js",
    "start": 1611308363360,
    "end": 1611308363360,
    "duration": 0,
    "pid": 7328,
    "index": 57
  },
  {
    "name": "Require(48) node_modules/_egg-logrotator@3.1.0@egg-logrotator/app.js",
    "start": 1611308363361,
    "end": 1611308363361,
    "duration": 0,
    "pid": 7328,
    "index": 58
  },
  {
    "name": "Require(49) node_modules/_egg-static@2.2.0@egg-static/app.js",
    "start": 1611308363361,
    "end": 1611308363361,
    "duration": 0,
    "pid": 7328,
    "index": 59
  },
  {
    "name": "Require(50) node_modules/_egg-view-ejs@2.0.1@egg-view-ejs/app.js",
    "start": 1611308363362,
    "end": 1611308363364,
    "duration": 2,
    "pid": 7328,
    "index": 60
  },
  {
    "name": "Before Start in node_modules/_egg-watcher@3.1.1@egg-watcher/lib/init.js:15:14",
    "start": 1611308363375,
    "end": 1611308363585,
    "duration": 210,
    "pid": 7328,
    "index": 61
  },
  {
    "name": "Load Service",
    "start": 1611308363407,
    "end": 1611308363415,
    "duration": 8,
    "pid": 7328,
    "index": 62
  },
  {
    "name": "Load \"service\" to Context",
    "start": 1611308363407,
    "end": 1611308363415,
    "duration": 8,
    "pid": 7328,
    "index": 63
  },
  {
    "name": "Load Middleware",
    "start": 1611308363415,
    "end": 1611308363566,
    "duration": 151,
    "pid": 7328,
    "index": 64
  },
  {
    "name": "Load \"middlewares\" to Application",
    "start": 1611308363415,
    "end": 1611308363546,
    "duration": 131,
    "pid": 7328,
    "index": 65
  },
  {
    "name": "Load Controller",
    "start": 1611308363566,
    "end": 1611308363571,
    "duration": 5,
    "pid": 7328,
    "index": 66
  },
  {
    "name": "Load \"controller\" to Application",
    "start": 1611308363566,
    "end": 1611308363571,
    "duration": 5,
    "pid": 7328,
    "index": 67
  },
  {
    "name": "Load Router",
    "start": 1611308363571,
    "end": 1611308363573,
    "duration": 2,
    "pid": 7328,
    "index": 68
  },
  {
    "name": "Require(51) app/router.js",
    "start": 1611308363571,
    "end": 1611308363571,
    "duration": 0,
    "pid": 7328,
    "index": 69
  },
  {
    "name": "Before Start in node_modules/_egg-core@4.20.0@egg-core/lib/egg.js:303:10",
    "start": 1611308363572,
    "end": 1611308363579,
    "duration": 7,
    "pid": 7328,
    "index": 70
  }
]