[
  {
    "name": "Process Start",
    "start": 1611308429218,
    "end": 1611308430728,
    "duration": 1510,
    "pid": 19864,
    "index": 0
  },
  {
    "name": "Application Start",
    "start": 1611308430728,
    "end": 1611308431215,
    "duration": 487,
    "pid": 19864,
    "index": 1
  },
  {
    "name": "Load Plugin",
    "start": 1611308430733,
    "end": 1611308430754,
    "duration": 21,
    "pid": 19864,
    "index": 2
  },
  {
    "name": "Load Config",
    "start": 1611308430754,
    "end": 1611308430777,
    "duration": 23,
    "pid": 19864,
    "index": 3
  },
  {
    "name": "Require(0) config/config.default.js",
    "start": 1611308430755,
    "end": 1611308430755,
    "duration": 0,
    "pid": 19864,
    "index": 4
  },
  {
    "name": "Require(1) node_modules/_egg-session@3.2.0@egg-session/config/config.default.js",
    "start": 1611308430756,
    "end": 1611308430757,
    "duration": 1,
    "pid": 19864,
    "index": 5
  },
  {
    "name": "Require(2) node_modules/_egg-security@2.8.0@egg-security/config/config.default.js",
    "start": 1611308430757,
    "end": 1611308430758,
    "duration": 1,
    "pid": 19864,
    "index": 6
  },
  {
    "name": "Require(3) node_modules/_egg-jsonp@2.0.0@egg-jsonp/config/config.default.js",
    "start": 1611308430759,
    "end": 1611308430759,
    "duration": 0,
    "pid": 19864,
    "index": 7
  },
  {
    "name": "Require(4) node_modules/_egg-onerror@2.1.0@egg-onerror/config/config.default.js",
    "start": 1611308430760,
    "end": 1611308430760,
    "duration": 0,
    "pid": 19864,
    "index": 8
  },
  {
    "name": "Require(5) node_modules/_egg-i18n@2.1.1@egg-i18n/config/config.default.js",
    "start": 1611308430761,
    "end": 1611308430761,
    "duration": 0,
    "pid": 19864,
    "index": 9
  },
  {
    "name": "Require(6) node_modules/_egg-watcher@3.1.1@egg-watcher/config/config.default.js",
    "start": 1611308430762,
    "end": 1611308430762,
    "duration": 0,
    "pid": 19864,
    "index": 10
  },
  {
    "name": "Require(7) node_modules/_egg-schedule@3.6.6@egg-schedule/config/config.default.js",
    "start": 1611308430763,
    "end": 1611308430763,
    "duration": 0,
    "pid": 19864,
    "index": 11
  },
  {
    "name": "Require(8) node_modules/_egg-multipart@2.10.3@egg-multipart/config/config.default.js",
    "start": 1611308430764,
    "end": 1611308430764,
    "duration": 0,
    "pid": 19864,
    "index": 12
  },
  {
    "name": "Require(9) node_modules/_egg-development@2.7.0@egg-development/config/config.default.js",
    "start": 1611308430765,
    "end": 1611308430766,
    "duration": 1,
    "pid": 19864,
    "index": 13
  },
  {
    "name": "Require(10) node_modules/_egg-logrotator@3.1.0@egg-logrotator/config/config.default.js",
    "start": 1611308430766,
    "end": 1611308430766,
    "duration": 0,
    "pid": 19864,
    "index": 14
  },
  {
    "name": "Require(11) node_modules/_egg-static@2.2.0@egg-static/config/config.default.js",
    "start": 1611308430767,
    "end": 1611308430767,
    "duration": 0,
    "pid": 19864,
    "index": 15
  },
  {
    "name": "Require(12) node_modules/_egg-view@2.1.3@egg-view/config/config.default.js",
    "start": 1611308430768,
    "end": 1611308430768,
    "duration": 0,
    "pid": 19864,
    "index": 16
  },
  {
    "name": "Require(13) node_modules/_egg-view-ejs@2.0.1@egg-view-ejs/config/config.default.js",
    "start": 1611308430769,
    "end": 1611308430769,
    "duration": 0,
    "pid": 19864,
    "index": 17
  },
  {
    "name": "Require(14) node_modules/_egg@2.29.1@egg/config/config.default.js",
    "start": 1611308430770,
    "end": 1611308430770,
    "duration": 0,
    "pid": 19864,
    "index": 18
  },
  {
    "name": "Require(15) config/config.default.js",
    "start": 1611308430772,
    "end": 1611308430772,
    "duration": 0,
    "pid": 19864,
    "index": 19
  },
  {
    "name": "Require(16) node_modules/_egg-security@2.8.0@egg-security/config/config.local.js",
    "start": 1611308430772,
    "end": 1611308430773,
    "duration": 1,
    "pid": 19864,
    "index": 20
  },
  {
    "name": "Require(17) node_modules/_egg-watcher@3.1.1@egg-watcher/config/config.local.js",
    "start": 1611308430774,
    "end": 1611308430774,
    "duration": 0,
    "pid": 19864,
    "index": 21
  },
  {
    "name": "Require(18) node_modules/_egg-view@2.1.3@egg-view/config/config.local.js",
    "start": 1611308430775,
    "end": 1611308430776,
    "duration": 1,
    "pid": 19864,
    "index": 22
  },
  {
    "name": "Require(19) node_modules/_egg-view-ejs@2.0.1@egg-view-ejs/config/config.local.js",
    "start": 1611308430776,
    "end": 1611308430776,
    "duration": 0,
    "pid": 19864,
    "index": 23
  },
  {
    "name": "Require(20) node_modules/_egg@2.29.1@egg/config/config.local.js",
    "start": 1611308430777,
    "end": 1611308430777,
    "duration": 0,
    "pid": 19864,
    "index": 24
  },
  {
    "name": "Load extend/application.js",
    "start": 1611308430778,
    "end": 1611308430795,
    "duration": 17,
    "pid": 19864,
    "index": 25
  },
  {
    "name": "Require(21) node_modules/_egg-session@3.2.0@egg-session/app/extend/application.js",
    "start": 1611308430779,
    "end": 1611308430779,
    "duration": 0,
    "pid": 19864,
    "index": 26
  },
  {
    "name": "Require(22) node_modules/_egg-security@2.8.0@egg-security/app/extend/application.js",
    "start": 1611308430780,
    "end": 1611308430781,
    "duration": 1,
    "pid": 19864,
    "index": 27
  },
  {
    "name": "Require(23) node_modules/_egg-jsonp@2.0.0@egg-jsonp/app/extend/application.js",
    "start": 1611308430782,
    "end": 1611308430784,
    "duration": 2,
    "pid": 19864,
    "index": 28
  },
  {
    "name": "Require(24) node_modules/_egg-logrotator@3.1.0@egg-logrotator/app/extend/application.js",
    "start": 1611308430786,
    "end": 1611308430789,
    "duration": 3,
    "pid": 19864,
    "index": 29
  },
  {
    "name": "Require(25) node_modules/_egg-view@2.1.3@egg-view/app/extend/application.js",
    "start": 1611308430789,
    "end": 1611308430791,
    "duration": 2,
    "pid": 19864,
    "index": 30
  },
  {
    "name": "Require(26) app/extend/application.js",
    "start": 1611308430792,
    "end": 1611308430792,
    "duration": 0,
    "pid": 19864,
    "index": 31
  },
  {
    "name": "Load extend/request.js",
    "start": 1611308430795,
    "end": 1611308430803,
    "duration": 8,
    "pid": 19864,
    "index": 32
  },
  {
    "name": "Require(27) node_modules/_egg@2.29.1@egg/app/extend/request.js",
    "start": 1611308430798,
    "end": 1611308430800,
    "duration": 2,
    "pid": 19864,
    "index": 33
  },
  {
    "name": "Require(28) app/extend/request.js",
    "start": 1611308430800,
    "end": 1611308430800,
    "duration": 0,
    "pid": 19864,
    "index": 34
  },
  {
    "name": "Load extend/response.js",
    "start": 1611308430803,
    "end": 1611308430816,
    "duration": 13,
    "pid": 19864,
    "index": 35
  },
  {
    "name": "Require(29) node_modules/_egg@2.29.1@egg/app/extend/response.js",
    "start": 1611308430809,
    "end": 1611308430812,
    "duration": 3,
    "pid": 19864,
    "index": 36
  },
  {
    "name": "Load extend/context.js",
    "start": 1611308430816,
    "end": 1611308430903,
    "duration": 87,
    "pid": 19864,
    "index": 37
  },
  {
    "name": "Require(30) node_modules/_egg-security@2.8.0@egg-security/app/extend/context.js",
    "start": 1611308430816,
    "end": 1611308430834,
    "duration": 18,
    "pid": 19864,
    "index": 38
  },
  {
    "name": "Require(31) node_modules/_egg-jsonp@2.0.0@egg-jsonp/app/extend/context.js",
    "start": 1611308430834,
    "end": 1611308430836,
    "duration": 2,
    "pid": 19864,
    "index": 39
  },
  {
    "name": "Require(32) node_modules/_egg-i18n@2.1.1@egg-i18n/app/extend/context.js",
    "start": 1611308430836,
    "end": 1611308430837,
    "duration": 1,
    "pid": 19864,
    "index": 40
  },
  {
    "name": "Require(33) node_modules/_egg-multipart@2.10.3@egg-multipart/app/extend/context.js",
    "start": 1611308430838,
    "end": 1611308430896,
    "duration": 58,
    "pid": 19864,
    "index": 41
  },
  {
    "name": "Require(34) node_modules/_egg-view@2.1.3@egg-view/app/extend/context.js",
    "start": 1611308430897,
    "end": 1611308430898,
    "duration": 1,
    "pid": 19864,
    "index": 42
  },
  {
    "name": "Require(35) node_modules/_egg@2.29.1@egg/app/extend/context.js",
    "start": 1611308430898,
    "end": 1611308430900,
    "duration": 2,
    "pid": 19864,
    "index": 43
  },
  {
    "name": "Require(36) app/extend/context.js",
    "start": 1611308430900,
    "end": 1611308430901,
    "duration": 1,
    "pid": 19864,
    "index": 44
  },
  {
    "name": "Load extend/helper.js",
    "start": 1611308430904,
    "end": 1611308430930,
    "duration": 26,
    "pid": 19864,
    "index": 45
  },
  {
    "name": "Require(37) node_modules/_egg-security@2.8.0@egg-security/app/extend/helper.js",
    "start": 1611308430904,
    "end": 1611308430922,
    "duration": 18,
    "pid": 19864,
    "index": 46
  },
  {
    "name": "Require(38) node_modules/_egg@2.29.1@egg/app/extend/helper.js",
    "start": 1611308430924,
    "end": 1611308430925,
    "duration": 1,
    "pid": 19864,
    "index": 47
  },
  {
    "name": "Require(39) app/extend/helper.js",
    "start": 1611308430925,
    "end": 1611308430927,
    "duration": 2,
    "pid": 19864,
    "index": 48
  },
  {
    "name": "Load app.js",
    "start": 1611308430930,
    "end": 1611308430973,
    "duration": 43,
    "pid": 19864,
    "index": 49
  },
  {
    "name": "Require(40) node_modules/_egg-session@3.2.0@egg-session/app.js",
    "start": 1611308430931,
    "end": 1611308430931,
    "duration": 0,
    "pid": 19864,
    "index": 50
  },
  {
    "name": "Require(41) node_modules/_egg-security@2.8.0@egg-security/app.js",
    "start": 1611308430932,
    "end": 1611308430934,
    "duration": 2,
    "pid": 19864,
    "index": 51
  },
  {
    "name": "Require(42) node_modules/_egg-onerror@2.1.0@egg-onerror/app.js",
    "start": 1611308430934,
    "end": 1611308430946,
    "duration": 12,
    "pid": 19864,
    "index": 52
  },
  {
    "name": "Require(43) node_modules/_egg-i18n@2.1.1@egg-i18n/app.js",
    "start": 1611308430947,
    "end": 1611308430957,
    "duration": 10,
    "pid": 19864,
    "index": 53
  },
  {
    "name": "Require(44) node_modules/_egg-watcher@3.1.1@egg-watcher/app.js",
    "start": 1611308430958,
    "end": 1611308430963,
    "duration": 5,
    "pid": 19864,
    "index": 54
  },
  {
    "name": "Require(45) node_modules/_egg-schedule@3.6.6@egg-schedule/app.js",
    "start": 1611308430963,
    "end": 1611308430965,
    "duration": 2,
    "pid": 19864,
    "index": 55
  },
  {
    "name": "Require(46) node_modules/_egg-multipart@2.10.3@egg-multipart/app.js",
    "start": 1611308430966,
    "end": 1611308430966,
    "duration": 0,
    "pid": 19864,
    "index": 56
  },
  {
    "name": "Require(47) node_modules/_egg-development@2.7.0@egg-development/app.js",
    "start": 1611308430966,
    "end": 1611308430967,
    "duration": 1,
    "pid": 19864,
    "index": 57
  },
  {
    "name": "Require(48) node_modules/_egg-logrotator@3.1.0@egg-logrotator/app.js",
    "start": 1611308430967,
    "end": 1611308430967,
    "duration": 0,
    "pid": 19864,
    "index": 58
  },
  {
    "name": "Require(49) node_modules/_egg-static@2.2.0@egg-static/app.js",
    "start": 1611308430968,
    "end": 1611308430968,
    "duration": 0,
    "pid": 19864,
    "index": 59
  },
  {
    "name": "Require(50) node_modules/_egg-view-ejs@2.0.1@egg-view-ejs/app.js",
    "start": 1611308430969,
    "end": 1611308430971,
    "duration": 2,
    "pid": 19864,
    "index": 60
  },
  {
    "name": "Before Start in node_modules/_egg-watcher@3.1.1@egg-watcher/lib/init.js:15:14",
    "start": 1611308430983,
    "end": 1611308431215,
    "duration": 232,
    "pid": 19864,
    "index": 61
  },
  {
    "name": "Load Service",
    "start": 1611308431019,
    "end": 1611308431027,
    "duration": 8,
    "pid": 19864,
    "index": 62
  },
  {
    "name": "Load \"service\" to Context",
    "start": 1611308431019,
    "end": 1611308431027,
    "duration": 8,
    "pid": 19864,
    "index": 63
  },
  {
    "name": "Load Middleware",
    "start": 1611308431027,
    "end": 1611308431195,
    "duration": 168,
    "pid": 19864,
    "index": 64
  },
  {
    "name": "Load \"middlewares\" to Application",
    "start": 1611308431027,
    "end": 1611308431172,
    "duration": 145,
    "pid": 19864,
    "index": 65
  },
  {
    "name": "Load Controller",
    "start": 1611308431195,
    "end": 1611308431198,
    "duration": 3,
    "pid": 19864,
    "index": 66
  },
  {
    "name": "Load \"controller\" to Application",
    "start": 1611308431195,
    "end": 1611308431198,
    "duration": 3,
    "pid": 19864,
    "index": 67
  },
  {
    "name": "Load Router",
    "start": 1611308431198,
    "end": 1611308431200,
    "duration": 2,
    "pid": 19864,
    "index": 68
  },
  {
    "name": "Require(51) app/router.js",
    "start": 1611308431198,
    "end": 1611308431198,
    "duration": 0,
    "pid": 19864,
    "index": 69
  },
  {
    "name": "Before Start in node_modules/_egg-core@4.20.0@egg-core/lib/egg.js:303:10",
    "start": 1611308431199,
    "end": 1611308431209,
    "duration": 10,
    "pid": 19864,
    "index": 70
  }
]