[
  {
    "name": "Process Start",
    "start": 1611308072532,
    "end": 1611308073674,
    "duration": 1142,
    "pid": 13404,
    "index": 0
  },
  {
    "name": "Application Start",
    "start": 1611308073675,
    "end": 1611308074155,
    "duration": 480,
    "pid": 13404,
    "index": 1
  },
  {
    "name": "Load Plugin",
    "start": 1611308073679,
    "end": 1611308073700,
    "duration": 21,
    "pid": 13404,
    "index": 2
  },
  {
    "name": "Load Config",
    "start": 1611308073700,
    "end": 1611308073723,
    "duration": 23,
    "pid": 13404,
    "index": 3
  },
  {
    "name": "Require(0) config/config.default.js",
    "start": 1611308073701,
    "end": 1611308073701,
    "duration": 0,
    "pid": 13404,
    "index": 4
  },
  {
    "name": "Require(1) node_modules/_egg-session@3.2.0@egg-session/config/config.default.js",
    "start": 1611308073702,
    "end": 1611308073703,
    "duration": 1,
    "pid": 13404,
    "index": 5
  },
  {
    "name": "Require(2) node_modules/_egg-security@2.8.0@egg-security/config/config.default.js",
    "start": 1611308073703,
    "end": 1611308073704,
    "duration": 1,
    "pid": 13404,
    "index": 6
  },
  {
    "name": "Require(3) node_modules/_egg-jsonp@2.0.0@egg-jsonp/config/config.default.js",
    "start": 1611308073705,
    "end": 1611308073706,
    "duration": 1,
    "pid": 13404,
    "index": 7
  },
  {
    "name": "Require(4) node_modules/_egg-onerror@2.1.0@egg-onerror/config/config.default.js",
    "start": 1611308073706,
    "end": 1611308073706,
    "duration": 0,
    "pid": 13404,
    "index": 8
  },
  {
    "name": "Require(5) node_modules/_egg-i18n@2.1.1@egg-i18n/config/config.default.js",
    "start": 1611308073707,
    "end": 1611308073707,
    "duration": 0,
    "pid": 13404,
    "index": 9
  },
  {
    "name": "Require(6) node_modules/_egg-watcher@3.1.1@egg-watcher/config/config.default.js",
    "start": 1611308073708,
    "end": 1611308073709,
    "duration": 1,
    "pid": 13404,
    "index": 10
  },
  {
    "name": "Require(7) node_modules/_egg-schedule@3.6.6@egg-schedule/config/config.default.js",
    "start": 1611308073709,
    "end": 1611308073710,
    "duration": 1,
    "pid": 13404,
    "index": 11
  },
  {
    "name": "Require(8) node_modules/_egg-multipart@2.10.3@egg-multipart/config/config.default.js",
    "start": 1611308073710,
    "end": 1611308073711,
    "duration": 1,
    "pid": 13404,
    "index": 12
  },
  {
    "name": "Require(9) node_modules/_egg-development@2.7.0@egg-development/config/config.default.js",
    "start": 1611308073712,
    "end": 1611308073712,
    "duration": 0,
    "pid": 13404,
    "index": 13
  },
  {
    "name": "Require(10) node_modules/_egg-logrotator@3.1.0@egg-logrotator/config/config.default.js",
    "start": 1611308073713,
    "end": 1611308073713,
    "duration": 0,
    "pid": 13404,
    "index": 14
  },
  {
    "name": "Require(11) node_modules/_egg-static@2.2.0@egg-static/config/config.default.js",
    "start": 1611308073713,
    "end": 1611308073714,
    "duration": 1,
    "pid": 13404,
    "index": 15
  },
  {
    "name": "Require(12) node_modules/_egg-view@2.1.3@egg-view/config/config.default.js",
    "start": 1611308073714,
    "end": 1611308073715,
    "duration": 1,
    "pid": 13404,
    "index": 16
  },
  {
    "name": "Require(13) node_modules/_egg-view-ejs@2.0.1@egg-view-ejs/config/config.default.js",
    "start": 1611308073715,
    "end": 1611308073716,
    "duration": 1,
    "pid": 13404,
    "index": 17
  },
  {
    "name": "Require(14) node_modules/_egg@2.29.1@egg/config/config.default.js",
    "start": 1611308073716,
    "end": 1611308073717,
    "duration": 1,
    "pid": 13404,
    "index": 18
  },
  {
    "name": "Require(15) config/config.default.js",
    "start": 1611308073718,
    "end": 1611308073718,
    "duration": 0,
    "pid": 13404,
    "index": 19
  },
  {
    "name": "Require(16) node_modules/_egg-security@2.8.0@egg-security/config/config.local.js",
    "start": 1611308073718,
    "end": 1611308073719,
    "duration": 1,
    "pid": 13404,
    "index": 20
  },
  {
    "name": "Require(17) node_modules/_egg-watcher@3.1.1@egg-watcher/config/config.local.js",
    "start": 1611308073720,
    "end": 1611308073720,
    "duration": 0,
    "pid": 13404,
    "index": 21
  },
  {
    "name": "Require(18) node_modules/_egg-view@2.1.3@egg-view/config/config.local.js",
    "start": 1611308073722,
    "end": 1611308073722,
    "duration": 0,
    "pid": 13404,
    "index": 22
  },
  {
    "name": "Require(19) node_modules/_egg-view-ejs@2.0.1@egg-view-ejs/config/config.local.js",
    "start": 1611308073722,
    "end": 1611308073723,
    "duration": 1,
    "pid": 13404,
    "index": 23
  },
  {
    "name": "Require(20) node_modules/_egg@2.29.1@egg/config/config.local.js",
    "start": 1611308073723,
    "end": 1611308073723,
    "duration": 0,
    "pid": 13404,
    "index": 24
  },
  {
    "name": "Load extend/application.js",
    "start": 1611308073724,
    "end": 1611308073742,
    "duration": 18,
    "pid": 13404,
    "index": 25
  },
  {
    "name": "Require(21) node_modules/_egg-session@3.2.0@egg-session/app/extend/application.js",
    "start": 1611308073725,
    "end": 1611308073725,
    "duration": 0,
    "pid": 13404,
    "index": 26
  },
  {
    "name": "Require(22) node_modules/_egg-security@2.8.0@egg-security/app/extend/application.js",
    "start": 1611308073726,
    "end": 1611308073727,
    "duration": 1,
    "pid": 13404,
    "index": 27
  },
  {
    "name": "Require(23) node_modules/_egg-jsonp@2.0.0@egg-jsonp/app/extend/application.js",
    "start": 1611308073727,
    "end": 1611308073730,
    "duration": 3,
    "pid": 13404,
    "index": 28
  },
  {
    "name": "Require(24) node_modules/_egg-logrotator@3.1.0@egg-logrotator/app/extend/application.js",
    "start": 1611308073731,
    "end": 1611308073734,
    "duration": 3,
    "pid": 13404,
    "index": 29
  },
  {
    "name": "Require(25) node_modules/_egg-view@2.1.3@egg-view/app/extend/application.js",
    "start": 1611308073735,
    "end": 1611308073738,
    "duration": 3,
    "pid": 13404,
    "index": 30
  },
  {
    "name": "Require(26) app/extend/application.js",
    "start": 1611308073739,
    "end": 1611308073739,
    "duration": 0,
    "pid": 13404,
    "index": 31
  },
  {
    "name": "Load extend/request.js",
    "start": 1611308073742,
    "end": 1611308073750,
    "duration": 8,
    "pid": 13404,
    "index": 32
  },
  {
    "name": "Require(27) node_modules/_egg@2.29.1@egg/app/extend/request.js",
    "start": 1611308073745,
    "end": 1611308073746,
    "duration": 1,
    "pid": 13404,
    "index": 33
  },
  {
    "name": "Require(28) app/extend/request.js",
    "start": 1611308073747,
    "end": 1611308073747,
    "duration": 0,
    "pid": 13404,
    "index": 34
  },
  {
    "name": "Load extend/response.js",
    "start": 1611308073750,
    "end": 1611308073762,
    "duration": 12,
    "pid": 13404,
    "index": 35
  },
  {
    "name": "Require(29) node_modules/_egg@2.29.1@egg/app/extend/response.js",
    "start": 1611308073755,
    "end": 1611308073758,
    "duration": 3,
    "pid": 13404,
    "index": 36
  },
  {
    "name": "Load extend/context.js",
    "start": 1611308073762,
    "end": 1611308073843,
    "duration": 81,
    "pid": 13404,
    "index": 37
  },
  {
    "name": "Require(30) node_modules/_egg-security@2.8.0@egg-security/app/extend/context.js",
    "start": 1611308073763,
    "end": 1611308073779,
    "duration": 16,
    "pid": 13404,
    "index": 38
  },
  {
    "name": "Require(31) node_modules/_egg-jsonp@2.0.0@egg-jsonp/app/extend/context.js",
    "start": 1611308073779,
    "end": 1611308073781,
    "duration": 2,
    "pid": 13404,
    "index": 39
  },
  {
    "name": "Require(32) node_modules/_egg-i18n@2.1.1@egg-i18n/app/extend/context.js",
    "start": 1611308073782,
    "end": 1611308073782,
    "duration": 0,
    "pid": 13404,
    "index": 40
  },
  {
    "name": "Require(33) node_modules/_egg-multipart@2.10.3@egg-multipart/app/extend/context.js",
    "start": 1611308073783,
    "end": 1611308073835,
    "duration": 52,
    "pid": 13404,
    "index": 41
  },
  {
    "name": "Require(34) node_modules/_egg-view@2.1.3@egg-view/app/extend/context.js",
    "start": 1611308073836,
    "end": 1611308073837,
    "duration": 1,
    "pid": 13404,
    "index": 42
  },
  {
    "name": "Require(35) node_modules/_egg@2.29.1@egg/app/extend/context.js",
    "start": 1611308073837,
    "end": 1611308073839,
    "duration": 2,
    "pid": 13404,
    "index": 43
  },
  {
    "name": "Require(36) app/extend/context.js",
    "start": 1611308073839,
    "end": 1611308073840,
    "duration": 1,
    "pid": 13404,
    "index": 44
  },
  {
    "name": "Load extend/helper.js",
    "start": 1611308073843,
    "end": 1611308073871,
    "duration": 28,
    "pid": 13404,
    "index": 45
  },
  {
    "name": "Require(37) node_modules/_egg-security@2.8.0@egg-security/app/extend/helper.js",
    "start": 1611308073844,
    "end": 1611308073862,
    "duration": 18,
    "pid": 13404,
    "index": 46
  },
  {
    "name": "Require(38) node_modules/_egg@2.29.1@egg/app/extend/helper.js",
    "start": 1611308073865,
    "end": 1611308073865,
    "duration": 0,
    "pid": 13404,
    "index": 47
  },
  {
    "name": "Require(39) app/extend/helper.js",
    "start": 1611308073866,
    "end": 1611308073868,
    "duration": 2,
    "pid": 13404,
    "index": 48
  },
  {
    "name": "Load app.js",
    "start": 1611308073871,
    "end": 1611308073910,
    "duration": 39,
    "pid": 13404,
    "index": 49
  },
  {
    "name": "Require(40) node_modules/_egg-session@3.2.0@egg-session/app.js",
    "start": 1611308073871,
    "end": 1611308073872,
    "duration": 1,
    "pid": 13404,
    "index": 50
  },
  {
    "name": "Require(41) node_modules/_egg-security@2.8.0@egg-security/app.js",
    "start": 1611308073872,
    "end": 1611308073874,
    "duration": 2,
    "pid": 13404,
    "index": 51
  },
  {
    "name": "Require(42) node_modules/_egg-onerror@2.1.0@egg-onerror/app.js",
    "start": 1611308073875,
    "end": 1611308073887,
    "duration": 12,
    "pid": 13404,
    "index": 52
  },
  {
    "name": "Require(43) node_modules/_egg-i18n@2.1.1@egg-i18n/app.js",
    "start": 1611308073888,
    "end": 1611308073897,
    "duration": 9,
    "pid": 13404,
    "index": 53
  },
  {
    "name": "Require(44) node_modules/_egg-watcher@3.1.1@egg-watcher/app.js",
    "start": 1611308073897,
    "end": 1611308073901,
    "duration": 4,
    "pid": 13404,
    "index": 54
  },
  {
    "name": "Require(45) node_modules/_egg-schedule@3.6.6@egg-schedule/app.js",
    "start": 1611308073902,
    "end": 1611308073904,
    "duration": 2,
    "pid": 13404,
    "index": 55
  },
  {
    "name": "Require(46) node_modules/_egg-multipart@2.10.3@egg-multipart/app.js",
    "start": 1611308073905,
    "end": 1611308073905,
    "duration": 0,
    "pid": 13404,
    "index": 56
  },
  {
    "name": "Require(47) node_modules/_egg-development@2.7.0@egg-development/app.js",
    "start": 1611308073906,
    "end": 1611308073906,
    "duration": 0,
    "pid": 13404,
    "index": 57
  },
  {
    "name": "Require(48) node_modules/_egg-logrotator@3.1.0@egg-logrotator/app.js",
    "start": 1611308073906,
    "end": 1611308073907,
    "duration": 1,
    "pid": 13404,
    "index": 58
  },
  {
    "name": "Require(49) node_modules/_egg-static@2.2.0@egg-static/app.js",
    "start": 1611308073907,
    "end": 1611308073907,
    "duration": 0,
    "pid": 13404,
    "index": 59
  },
  {
    "name": "Require(50) node_modules/_egg-view-ejs@2.0.1@egg-view-ejs/app.js",
    "start": 1611308073908,
    "end": 1611308073909,
    "duration": 1,
    "pid": 13404,
    "index": 60
  },
  {
    "name": "Before Start in node_modules/_egg-watcher@3.1.1@egg-watcher/lib/init.js:15:14",
    "start": 1611308073920,
    "end": 1611308074155,
    "duration": 235,
    "pid": 13404,
    "index": 61
  },
  {
    "name": "Load Service",
    "start": 1611308073951,
    "end": 1611308073956,
    "duration": 5,
    "pid": 13404,
    "index": 62
  },
  {
    "name": "Load \"service\" to Context",
    "start": 1611308073951,
    "end": 1611308073956,
    "duration": 5,
    "pid": 13404,
    "index": 63
  },
  {
    "name": "Load Middleware",
    "start": 1611308073956,
    "end": 1611308074133,
    "duration": 177,
    "pid": 13404,
    "index": 64
  },
  {
    "name": "Load \"middlewares\" to Application",
    "start": 1611308073956,
    "end": 1611308074111,
    "duration": 155,
    "pid": 13404,
    "index": 65
  },
  {
    "name": "Load Controller",
    "start": 1611308074134,
    "end": 1611308074136,
    "duration": 2,
    "pid": 13404,
    "index": 66
  },
  {
    "name": "Load \"controller\" to Application",
    "start": 1611308074134,
    "end": 1611308074136,
    "duration": 2,
    "pid": 13404,
    "index": 67
  },
  {
    "name": "Load Router",
    "start": 1611308074136,
    "end": 1611308074139,
    "duration": 3,
    "pid": 13404,
    "index": 68
  },
  {
    "name": "Require(51) app/router.js",
    "start": 1611308074137,
    "end": 1611308074137,
    "duration": 0,
    "pid": 13404,
    "index": 69
  },
  {
    "name": "Before Start in node_modules/_egg-core@4.20.0@egg-core/lib/egg.js:303:10",
    "start": 1611308074137,
    "end": 1611308074147,
    "duration": 10,
    "pid": 13404,
    "index": 70
  }
]