[
  {
    "name": "Process Start",
    "start": 1611308088965,
    "end": 1611308090089,
    "duration": 1124,
    "pid": 9736,
    "index": 0
  },
  {
    "name": "Application Start",
    "start": 1611308090090,
    "end": 1611308090531,
    "duration": 441,
    "pid": 9736,
    "index": 1
  },
  {
    "name": "Load Plugin",
    "start": 1611308090094,
    "end": 1611308090115,
    "duration": 21,
    "pid": 9736,
    "index": 2
  },
  {
    "name": "Load Config",
    "start": 1611308090115,
    "end": 1611308090139,
    "duration": 24,
    "pid": 9736,
    "index": 3
  },
  {
    "name": "Require(0) config/config.default.js",
    "start": 1611308090116,
    "end": 1611308090116,
    "duration": 0,
    "pid": 9736,
    "index": 4
  },
  {
    "name": "Require(1) node_modules/_egg-session@3.2.0@egg-session/config/config.default.js",
    "start": 1611308090118,
    "end": 1611308090118,
    "duration": 0,
    "pid": 9736,
    "index": 5
  },
  {
    "name": "Require(2) node_modules/_egg-security@2.8.0@egg-security/config/config.default.js",
    "start": 1611308090119,
    "end": 1611308090119,
    "duration": 0,
    "pid": 9736,
    "index": 6
  },
  {
    "name": "Require(3) node_modules/_egg-jsonp@2.0.0@egg-jsonp/config/config.default.js",
    "start": 1611308090120,
    "end": 1611308090121,
    "duration": 1,
    "pid": 9736,
    "index": 7
  },
  {
    "name": "Require(4) node_modules/_egg-onerror@2.1.0@egg-onerror/config/config.default.js",
    "start": 1611308090121,
    "end": 1611308090122,
    "duration": 1,
    "pid": 9736,
    "index": 8
  },
  {
    "name": "Require(5) node_modules/_egg-i18n@2.1.1@egg-i18n/config/config.default.js",
    "start": 1611308090122,
    "end": 1611308090123,
    "duration": 1,
    "pid": 9736,
    "index": 9
  },
  {
    "name": "Require(6) node_modules/_egg-watcher@3.1.1@egg-watcher/config/config.default.js",
    "start": 1611308090123,
    "end": 1611308090124,
    "duration": 1,
    "pid": 9736,
    "index": 10
  },
  {
    "name": "Require(7) node_modules/_egg-schedule@3.6.6@egg-schedule/config/config.default.js",
    "start": 1611308090124,
    "end": 1611308090125,
    "duration": 1,
    "pid": 9736,
    "index": 11
  },
  {
    "name": "Require(8) node_modules/_egg-multipart@2.10.3@egg-multipart/config/config.default.js",
    "start": 1611308090125,
    "end": 1611308090126,
    "duration": 1,
    "pid": 9736,
    "index": 12
  },
  {
    "name": "Require(9) node_modules/_egg-development@2.7.0@egg-development/config/config.default.js",
    "start": 1611308090127,
    "end": 1611308090127,
    "duration": 0,
    "pid": 9736,
    "index": 13
  },
  {
    "name": "Require(10) node_modules/_egg-logrotator@3.1.0@egg-logrotator/config/config.default.js",
    "start": 1611308090128,
    "end": 1611308090128,
    "duration": 0,
    "pid": 9736,
    "index": 14
  },
  {
    "name": "Require(11) node_modules/_egg-static@2.2.0@egg-static/config/config.default.js",
    "start": 1611308090129,
    "end": 1611308090129,
    "duration": 0,
    "pid": 9736,
    "index": 15
  },
  {
    "name": "Require(12) node_modules/_egg-view@2.1.3@egg-view/config/config.default.js",
    "start": 1611308090130,
    "end": 1611308090130,
    "duration": 0,
    "pid": 9736,
    "index": 16
  },
  {
    "name": "Require(13) node_modules/_egg-view-ejs@2.0.1@egg-view-ejs/config/config.default.js",
    "start": 1611308090131,
    "end": 1611308090131,
    "duration": 0,
    "pid": 9736,
    "index": 17
  },
  {
    "name": "Require(14) node_modules/_egg@2.29.1@egg/config/config.default.js",
    "start": 1611308090132,
    "end": 1611308090132,
    "duration": 0,
    "pid": 9736,
    "index": 18
  },
  {
    "name": "Require(15) config/config.default.js",
    "start": 1611308090133,
    "end": 1611308090133,
    "duration": 0,
    "pid": 9736,
    "index": 19
  },
  {
    "name": "Require(16) node_modules/_egg-security@2.8.0@egg-security/config/config.local.js",
    "start": 1611308090134,
    "end": 1611308090134,
    "duration": 0,
    "pid": 9736,
    "index": 20
  },
  {
    "name": "Require(17) node_modules/_egg-watcher@3.1.1@egg-watcher/config/config.local.js",
    "start": 1611308090135,
    "end": 1611308090136,
    "duration": 1,
    "pid": 9736,
    "index": 21
  },
  {
    "name": "Require(18) node_modules/_egg-view@2.1.3@egg-view/config/config.local.js",
    "start": 1611308090137,
    "end": 1611308090138,
    "duration": 1,
    "pid": 9736,
    "index": 22
  },
  {
    "name": "Require(19) node_modules/_egg-view-ejs@2.0.1@egg-view-ejs/config/config.local.js",
    "start": 1611308090138,
    "end": 1611308090138,
    "duration": 0,
    "pid": 9736,
    "index": 23
  },
  {
    "name": "Require(20) node_modules/_egg@2.29.1@egg/config/config.local.js",
    "start": 1611308090139,
    "end": 1611308090139,
    "duration": 0,
    "pid": 9736,
    "index": 24
  },
  {
    "name": "Load extend/application.js",
    "start": 1611308090140,
    "end": 1611308090158,
    "duration": 18,
    "pid": 9736,
    "index": 25
  },
  {
    "name": "Require(21) node_modules/_egg-session@3.2.0@egg-session/app/extend/application.js",
    "start": 1611308090141,
    "end": 1611308090141,
    "duration": 0,
    "pid": 9736,
    "index": 26
  },
  {
    "name": "Require(22) node_modules/_egg-security@2.8.0@egg-security/app/extend/application.js",
    "start": 1611308090142,
    "end": 1611308090143,
    "duration": 1,
    "pid": 9736,
    "index": 27
  },
  {
    "name": "Require(23) node_modules/_egg-jsonp@2.0.0@egg-jsonp/app/extend/application.js",
    "start": 1611308090143,
    "end": 1611308090146,
    "duration": 3,
    "pid": 9736,
    "index": 28
  },
  {
    "name": "Require(24) node_modules/_egg-logrotator@3.1.0@egg-logrotator/app/extend/application.js",
    "start": 1611308090148,
    "end": 1611308090151,
    "duration": 3,
    "pid": 9736,
    "index": 29
  },
  {
    "name": "Require(25) node_modules/_egg-view@2.1.3@egg-view/app/extend/application.js",
    "start": 1611308090151,
    "end": 1611308090154,
    "duration": 3,
    "pid": 9736,
    "index": 30
  },
  {
    "name": "Require(26) app/extend/application.js",
    "start": 1611308090155,
    "end": 1611308090155,
    "duration": 0,
    "pid": 9736,
    "index": 31
  },
  {
    "name": "Load extend/request.js",
    "start": 1611308090158,
    "end": 1611308090167,
    "duration": 9,
    "pid": 9736,
    "index": 32
  },
  {
    "name": "Require(27) node_modules/_egg@2.29.1@egg/app/extend/request.js",
    "start": 1611308090161,
    "end": 1611308090163,
    "duration": 2,
    "pid": 9736,
    "index": 33
  },
  {
    "name": "Require(28) app/extend/request.js",
    "start": 1611308090163,
    "end": 1611308090164,
    "duration": 1,
    "pid": 9736,
    "index": 34
  },
  {
    "name": "Load extend/response.js",
    "start": 1611308090169,
    "end": 1611308090178,
    "duration": 9,
    "pid": 9736,
    "index": 35
  },
  {
    "name": "Require(29) node_modules/_egg@2.29.1@egg/app/extend/response.js",
    "start": 1611308090172,
    "end": 1611308090175,
    "duration": 3,
    "pid": 9736,
    "index": 36
  },
  {
    "name": "Load extend/context.js",
    "start": 1611308090178,
    "end": 1611308090257,
    "duration": 79,
    "pid": 9736,
    "index": 37
  },
  {
    "name": "Require(30) node_modules/_egg-security@2.8.0@egg-security/app/extend/context.js",
    "start": 1611308090179,
    "end": 1611308090195,
    "duration": 16,
    "pid": 9736,
    "index": 38
  },
  {
    "name": "Require(31) node_modules/_egg-jsonp@2.0.0@egg-jsonp/app/extend/context.js",
    "start": 1611308090195,
    "end": 1611308090197,
    "duration": 2,
    "pid": 9736,
    "index": 39
  },
  {
    "name": "Require(32) node_modules/_egg-i18n@2.1.1@egg-i18n/app/extend/context.js",
    "start": 1611308090197,
    "end": 1611308090198,
    "duration": 1,
    "pid": 9736,
    "index": 40
  },
  {
    "name": "Require(33) node_modules/_egg-multipart@2.10.3@egg-multipart/app/extend/context.js",
    "start": 1611308090199,
    "end": 1611308090249,
    "duration": 50,
    "pid": 9736,
    "index": 41
  },
  {
    "name": "Require(34) node_modules/_egg-view@2.1.3@egg-view/app/extend/context.js",
    "start": 1611308090250,
    "end": 1611308090251,
    "duration": 1,
    "pid": 9736,
    "index": 42
  },
  {
    "name": "Require(35) node_modules/_egg@2.29.1@egg/app/extend/context.js",
    "start": 1611308090252,
    "end": 1611308090253,
    "duration": 1,
    "pid": 9736,
    "index": 43
  },
  {
    "name": "Require(36) app/extend/context.js",
    "start": 1611308090253,
    "end": 1611308090254,
    "duration": 1,
    "pid": 9736,
    "index": 44
  },
  {
    "name": "Load extend/helper.js",
    "start": 1611308090257,
    "end": 1611308090283,
    "duration": 26,
    "pid": 9736,
    "index": 45
  },
  {
    "name": "Require(37) node_modules/_egg-security@2.8.0@egg-security/app/extend/helper.js",
    "start": 1611308090257,
    "end": 1611308090275,
    "duration": 18,
    "pid": 9736,
    "index": 46
  },
  {
    "name": "Require(38) node_modules/_egg@2.29.1@egg/app/extend/helper.js",
    "start": 1611308090277,
    "end": 1611308090278,
    "duration": 1,
    "pid": 9736,
    "index": 47
  },
  {
    "name": "Require(39) app/extend/helper.js",
    "start": 1611308090278,
    "end": 1611308090280,
    "duration": 2,
    "pid": 9736,
    "index": 48
  },
  {
    "name": "Load app.js",
    "start": 1611308090283,
    "end": 1611308090321,
    "duration": 38,
    "pid": 9736,
    "index": 49
  },
  {
    "name": "Require(40) node_modules/_egg-session@3.2.0@egg-session/app.js",
    "start": 1611308090284,
    "end": 1611308090284,
    "duration": 0,
    "pid": 9736,
    "index": 50
  },
  {
    "name": "Require(41) node_modules/_egg-security@2.8.0@egg-security/app.js",
    "start": 1611308090284,
    "end": 1611308090287,
    "duration": 3,
    "pid": 9736,
    "index": 51
  },
  {
    "name": "Require(42) node_modules/_egg-onerror@2.1.0@egg-onerror/app.js",
    "start": 1611308090287,
    "end": 1611308090298,
    "duration": 11,
    "pid": 9736,
    "index": 52
  },
  {
    "name": "Require(43) node_modules/_egg-i18n@2.1.1@egg-i18n/app.js",
    "start": 1611308090299,
    "end": 1611308090307,
    "duration": 8,
    "pid": 9736,
    "index": 53
  },
  {
    "name": "Require(44) node_modules/_egg-watcher@3.1.1@egg-watcher/app.js",
    "start": 1611308090307,
    "end": 1611308090312,
    "duration": 5,
    "pid": 9736,
    "index": 54
  },
  {
    "name": "Require(45) node_modules/_egg-schedule@3.6.6@egg-schedule/app.js",
    "start": 1611308090312,
    "end": 1611308090315,
    "duration": 3,
    "pid": 9736,
    "index": 55
  },
  {
    "name": "Require(46) node_modules/_egg-multipart@2.10.3@egg-multipart/app.js",
    "start": 1611308090315,
    "end": 1611308090315,
    "duration": 0,
    "pid": 9736,
    "index": 56
  },
  {
    "name": "Require(47) node_modules/_egg-development@2.7.0@egg-development/app.js",
    "start": 1611308090316,
    "end": 1611308090316,
    "duration": 0,
    "pid": 9736,
    "index": 57
  },
  {
    "name": "Require(48) node_modules/_egg-logrotator@3.1.0@egg-logrotator/app.js",
    "start": 1611308090316,
    "end": 1611308090317,
    "duration": 1,
    "pid": 9736,
    "index": 58
  },
  {
    "name": "Require(49) node_modules/_egg-static@2.2.0@egg-static/app.js",
    "start": 1611308090317,
    "end": 1611308090317,
    "duration": 0,
    "pid": 9736,
    "index": 59
  },
  {
    "name": "Require(50) node_modules/_egg-view-ejs@2.0.1@egg-view-ejs/app.js",
    "start": 1611308090318,
    "end": 1611308090320,
    "duration": 2,
    "pid": 9736,
    "index": 60
  },
  {
    "name": "Before Start in node_modules/_egg-watcher@3.1.1@egg-watcher/lib/init.js:15:14",
    "start": 1611308090330,
    "end": 1611308090530,
    "duration": 200,
    "pid": 9736,
    "index": 61
  },
  {
    "name": "Load Service",
    "start": 1611308090359,
    "end": 1611308090364,
    "duration": 5,
    "pid": 9736,
    "index": 62
  },
  {
    "name": "Load \"service\" to Context",
    "start": 1611308090359,
    "end": 1611308090364,
    "duration": 5,
    "pid": 9736,
    "index": 63
  },
  {
    "name": "Load Middleware",
    "start": 1611308090365,
    "end": 1611308090511,
    "duration": 146,
    "pid": 9736,
    "index": 64
  },
  {
    "name": "Load \"middlewares\" to Application",
    "start": 1611308090368,
    "end": 1611308090489,
    "duration": 121,
    "pid": 9736,
    "index": 65
  },
  {
    "name": "Load Controller",
    "start": 1611308090511,
    "end": 1611308090513,
    "duration": 2,
    "pid": 9736,
    "index": 66
  },
  {
    "name": "Load \"controller\" to Application",
    "start": 1611308090511,
    "end": 1611308090513,
    "duration": 2,
    "pid": 9736,
    "index": 67
  },
  {
    "name": "Load Router",
    "start": 1611308090513,
    "end": 1611308090515,
    "duration": 2,
    "pid": 9736,
    "index": 68
  },
  {
    "name": "Require(51) app/router.js",
    "start": 1611308090513,
    "end": 1611308090514,
    "duration": 1,
    "pid": 9736,
    "index": 69
  },
  {
    "name": "Before Start in node_modules/_egg-core@4.20.0@egg-core/lib/egg.js:303:10",
    "start": 1611308090514,
    "end": 1611308090522,
    "duration": 8,
    "pid": 9736,
    "index": 70
  }
]