[
  {
    "name": "Process Start",
    "start": 1611308556935,
    "end": 1611308558057,
    "duration": 1122,
    "pid": 15980,
    "index": 0
  },
  {
    "name": "Application Start",
    "start": 1611308558058,
    "end": 1611308558462,
    "duration": 404,
    "pid": 15980,
    "index": 1
  },
  {
    "name": "Load Plugin",
    "start": 1611308558062,
    "end": 1611308558081,
    "duration": 19,
    "pid": 15980,
    "index": 2
  },
  {
    "name": "Load Config",
    "start": 1611308558081,
    "end": 1611308558102,
    "duration": 21,
    "pid": 15980,
    "index": 3
  },
  {
    "name": "Require(0) config/config.default.js",
    "start": 1611308558082,
    "end": 1611308558082,
    "duration": 0,
    "pid": 15980,
    "index": 4
  },
  {
    "name": "Require(1) node_modules/_egg-session@3.2.0@egg-session/config/config.default.js",
    "start": 1611308558083,
    "end": 1611308558084,
    "duration": 1,
    "pid": 15980,
    "index": 5
  },
  {
    "name": "Require(2) node_modules/_egg-security@2.8.0@egg-security/config/config.default.js",
    "start": 1611308558084,
    "end": 1611308558084,
    "duration": 0,
    "pid": 15980,
    "index": 6
  },
  {
    "name": "Require(3) node_modules/_egg-jsonp@2.0.0@egg-jsonp/config/config.default.js",
    "start": 1611308558085,
    "end": 1611308558086,
    "duration": 1,
    "pid": 15980,
    "index": 7
  },
  {
    "name": "Require(4) node_modules/_egg-onerror@2.1.0@egg-onerror/config/config.default.js",
    "start": 1611308558086,
    "end": 1611308558087,
    "duration": 1,
    "pid": 15980,
    "index": 8
  },
  {
    "name": "Require(5) node_modules/_egg-i18n@2.1.1@egg-i18n/config/config.default.js",
    "start": 1611308558087,
    "end": 1611308558087,
    "duration": 0,
    "pid": 15980,
    "index": 9
  },
  {
    "name": "Require(6) node_modules/_egg-watcher@3.1.1@egg-watcher/config/config.default.js",
    "start": 1611308558088,
    "end": 1611308558088,
    "duration": 0,
    "pid": 15980,
    "index": 10
  },
  {
    "name": "Require(7) node_modules/_egg-schedule@3.6.6@egg-schedule/config/config.default.js",
    "start": 1611308558089,
    "end": 1611308558089,
    "duration": 0,
    "pid": 15980,
    "index": 11
  },
  {
    "name": "Require(8) node_modules/_egg-multipart@2.10.3@egg-multipart/config/config.default.js",
    "start": 1611308558090,
    "end": 1611308558090,
    "duration": 0,
    "pid": 15980,
    "index": 12
  },
  {
    "name": "Require(9) node_modules/_egg-development@2.7.0@egg-development/config/config.default.js",
    "start": 1611308558091,
    "end": 1611308558092,
    "duration": 1,
    "pid": 15980,
    "index": 13
  },
  {
    "name": "Require(10) node_modules/_egg-logrotator@3.1.0@egg-logrotator/config/config.default.js",
    "start": 1611308558092,
    "end": 1611308558093,
    "duration": 1,
    "pid": 15980,
    "index": 14
  },
  {
    "name": "Require(11) node_modules/_egg-static@2.2.0@egg-static/config/config.default.js",
    "start": 1611308558093,
    "end": 1611308558094,
    "duration": 1,
    "pid": 15980,
    "index": 15
  },
  {
    "name": "Require(12) node_modules/_egg-view@2.1.3@egg-view/config/config.default.js",
    "start": 1611308558094,
    "end": 1611308558094,
    "duration": 0,
    "pid": 15980,
    "index": 16
  },
  {
    "name": "Require(13) node_modules/_egg-view-ejs@2.0.1@egg-view-ejs/config/config.default.js",
    "start": 1611308558095,
    "end": 1611308558095,
    "duration": 0,
    "pid": 15980,
    "index": 17
  },
  {
    "name": "Require(14) node_modules/_egg@2.29.1@egg/config/config.default.js",
    "start": 1611308558096,
    "end": 1611308558096,
    "duration": 0,
    "pid": 15980,
    "index": 18
  },
  {
    "name": "Require(15) config/config.default.js",
    "start": 1611308558097,
    "end": 1611308558097,
    "duration": 0,
    "pid": 15980,
    "index": 19
  },
  {
    "name": "Require(16) node_modules/_egg-security@2.8.0@egg-security/config/config.local.js",
    "start": 1611308558098,
    "end": 1611308558098,
    "duration": 0,
    "pid": 15980,
    "index": 20
  },
  {
    "name": "Require(17) node_modules/_egg-watcher@3.1.1@egg-watcher/config/config.local.js",
    "start": 1611308558099,
    "end": 1611308558099,
    "duration": 0,
    "pid": 15980,
    "index": 21
  },
  {
    "name": "Require(18) node_modules/_egg-view@2.1.3@egg-view/config/config.local.js",
    "start": 1611308558101,
    "end": 1611308558101,
    "duration": 0,
    "pid": 15980,
    "index": 22
  },
  {
    "name": "Require(19) node_modules/_egg-view-ejs@2.0.1@egg-view-ejs/config/config.local.js",
    "start": 1611308558101,
    "end": 1611308558102,
    "duration": 1,
    "pid": 15980,
    "index": 23
  },
  {
    "name": "Require(20) node_modules/_egg@2.29.1@egg/config/config.local.js",
    "start": 1611308558102,
    "end": 1611308558102,
    "duration": 0,
    "pid": 15980,
    "index": 24
  },
  {
    "name": "Load extend/application.js",
    "start": 1611308558103,
    "end": 1611308558119,
    "duration": 16,
    "pid": 15980,
    "index": 25
  },
  {
    "name": "Require(21) node_modules/_egg-session@3.2.0@egg-session/app/extend/application.js",
    "start": 1611308558104,
    "end": 1611308558104,
    "duration": 0,
    "pid": 15980,
    "index": 26
  },
  {
    "name": "Require(22) node_modules/_egg-security@2.8.0@egg-security/app/extend/application.js",
    "start": 1611308558105,
    "end": 1611308558106,
    "duration": 1,
    "pid": 15980,
    "index": 27
  },
  {
    "name": "Require(23) node_modules/_egg-jsonp@2.0.0@egg-jsonp/app/extend/application.js",
    "start": 1611308558106,
    "end": 1611308558109,
    "duration": 3,
    "pid": 15980,
    "index": 28
  },
  {
    "name": "Require(24) node_modules/_egg-logrotator@3.1.0@egg-logrotator/app/extend/application.js",
    "start": 1611308558110,
    "end": 1611308558113,
    "duration": 3,
    "pid": 15980,
    "index": 29
  },
  {
    "name": "Require(25) node_modules/_egg-view@2.1.3@egg-view/app/extend/application.js",
    "start": 1611308558114,
    "end": 1611308558116,
    "duration": 2,
    "pid": 15980,
    "index": 30
  },
  {
    "name": "Require(26) app/extend/application.js",
    "start": 1611308558116,
    "end": 1611308558117,
    "duration": 1,
    "pid": 15980,
    "index": 31
  },
  {
    "name": "Load extend/request.js",
    "start": 1611308558119,
    "end": 1611308558127,
    "duration": 8,
    "pid": 15980,
    "index": 32
  },
  {
    "name": "Require(27) node_modules/_egg@2.29.1@egg/app/extend/request.js",
    "start": 1611308558122,
    "end": 1611308558124,
    "duration": 2,
    "pid": 15980,
    "index": 33
  },
  {
    "name": "Require(28) app/extend/request.js",
    "start": 1611308558124,
    "end": 1611308558124,
    "duration": 0,
    "pid": 15980,
    "index": 34
  },
  {
    "name": "Load extend/response.js",
    "start": 1611308558127,
    "end": 1611308558137,
    "duration": 10,
    "pid": 15980,
    "index": 35
  },
  {
    "name": "Require(29) node_modules/_egg@2.29.1@egg/app/extend/response.js",
    "start": 1611308558132,
    "end": 1611308558134,
    "duration": 2,
    "pid": 15980,
    "index": 36
  },
  {
    "name": "Load extend/context.js",
    "start": 1611308558137,
    "end": 1611308558208,
    "duration": 71,
    "pid": 15980,
    "index": 37
  },
  {
    "name": "Require(30) node_modules/_egg-security@2.8.0@egg-security/app/extend/context.js",
    "start": 1611308558137,
    "end": 1611308558151,
    "duration": 14,
    "pid": 15980,
    "index": 38
  },
  {
    "name": "Require(31) node_modules/_egg-jsonp@2.0.0@egg-jsonp/app/extend/context.js",
    "start": 1611308558151,
    "end": 1611308558153,
    "duration": 2,
    "pid": 15980,
    "index": 39
  },
  {
    "name": "Require(32) node_modules/_egg-i18n@2.1.1@egg-i18n/app/extend/context.js",
    "start": 1611308558153,
    "end": 1611308558153,
    "duration": 0,
    "pid": 15980,
    "index": 40
  },
  {
    "name": "Require(33) node_modules/_egg-multipart@2.10.3@egg-multipart/app/extend/context.js",
    "start": 1611308558154,
    "end": 1611308558201,
    "duration": 47,
    "pid": 15980,
    "index": 41
  },
  {
    "name": "Require(34) node_modules/_egg-view@2.1.3@egg-view/app/extend/context.js",
    "start": 1611308558202,
    "end": 1611308558203,
    "duration": 1,
    "pid": 15980,
    "index": 42
  },
  {
    "name": "Require(35) node_modules/_egg@2.29.1@egg/app/extend/context.js",
    "start": 1611308558203,
    "end": 1611308558205,
    "duration": 2,
    "pid": 15980,
    "index": 43
  },
  {
    "name": "Require(36) app/extend/context.js",
    "start": 1611308558205,
    "end": 1611308558205,
    "duration": 0,
    "pid": 15980,
    "index": 44
  },
  {
    "name": "Load extend/helper.js",
    "start": 1611308558208,
    "end": 1611308558233,
    "duration": 25,
    "pid": 15980,
    "index": 45
  },
  {
    "name": "Require(37) node_modules/_egg-security@2.8.0@egg-security/app/extend/helper.js",
    "start": 1611308558209,
    "end": 1611308558225,
    "duration": 16,
    "pid": 15980,
    "index": 46
  },
  {
    "name": "Require(38) node_modules/_egg@2.29.1@egg/app/extend/helper.js",
    "start": 1611308558227,
    "end": 1611308558227,
    "duration": 0,
    "pid": 15980,
    "index": 47
  },
  {
    "name": "Require(39) app/extend/helper.js",
    "start": 1611308558228,
    "end": 1611308558230,
    "duration": 2,
    "pid": 15980,
    "index": 48
  },
  {
    "name": "Load app.js",
    "start": 1611308558233,
    "end": 1611308558268,
    "duration": 35,
    "pid": 15980,
    "index": 49
  },
  {
    "name": "Require(40) node_modules/_egg-session@3.2.0@egg-session/app.js",
    "start": 1611308558233,
    "end": 1611308558234,
    "duration": 1,
    "pid": 15980,
    "index": 50
  },
  {
    "name": "Require(41) node_modules/_egg-security@2.8.0@egg-security/app.js",
    "start": 1611308558234,
    "end": 1611308558236,
    "duration": 2,
    "pid": 15980,
    "index": 51
  },
  {
    "name": "Require(42) node_modules/_egg-onerror@2.1.0@egg-onerror/app.js",
    "start": 1611308558237,
    "end": 1611308558247,
    "duration": 10,
    "pid": 15980,
    "index": 52
  },
  {
    "name": "Require(43) node_modules/_egg-i18n@2.1.1@egg-i18n/app.js",
    "start": 1611308558247,
    "end": 1611308558255,
    "duration": 8,
    "pid": 15980,
    "index": 53
  },
  {
    "name": "Require(44) node_modules/_egg-watcher@3.1.1@egg-watcher/app.js",
    "start": 1611308558255,
    "end": 1611308558260,
    "duration": 5,
    "pid": 15980,
    "index": 54
  },
  {
    "name": "Require(45) node_modules/_egg-schedule@3.6.6@egg-schedule/app.js",
    "start": 1611308558260,
    "end": 1611308558262,
    "duration": 2,
    "pid": 15980,
    "index": 55
  },
  {
    "name": "Require(46) node_modules/_egg-multipart@2.10.3@egg-multipart/app.js",
    "start": 1611308558262,
    "end": 1611308558263,
    "duration": 1,
    "pid": 15980,
    "index": 56
  },
  {
    "name": "Require(47) node_modules/_egg-development@2.7.0@egg-development/app.js",
    "start": 1611308558263,
    "end": 1611308558263,
    "duration": 0,
    "pid": 15980,
    "index": 57
  },
  {
    "name": "Require(48) node_modules/_egg-logrotator@3.1.0@egg-logrotator/app.js",
    "start": 1611308558264,
    "end": 1611308558264,
    "duration": 0,
    "pid": 15980,
    "index": 58
  },
  {
    "name": "Require(49) node_modules/_egg-static@2.2.0@egg-static/app.js",
    "start": 1611308558264,
    "end": 1611308558265,
    "duration": 1,
    "pid": 15980,
    "index": 59
  },
  {
    "name": "Require(50) node_modules/_egg-view-ejs@2.0.1@egg-view-ejs/app.js",
    "start": 1611308558265,
    "end": 1611308558267,
    "duration": 2,
    "pid": 15980,
    "index": 60
  },
  {
    "name": "Before Start in node_modules/_egg-watcher@3.1.1@egg-watcher/lib/init.js:15:14",
    "start": 1611308558277,
    "end": 1611308558462,
    "duration": 185,
    "pid": 15980,
    "index": 61
  },
  {
    "name": "Load Service",
    "start": 1611308558305,
    "end": 1611308558311,
    "duration": 6,
    "pid": 15980,
    "index": 62
  },
  {
    "name": "Load \"service\" to Context",
    "start": 1611308558305,
    "end": 1611308558311,
    "duration": 6,
    "pid": 15980,
    "index": 63
  },
  {
    "name": "Load Middleware",
    "start": 1611308558311,
    "end": 1611308558444,
    "duration": 133,
    "pid": 15980,
    "index": 64
  },
  {
    "name": "Load \"middlewares\" to Application",
    "start": 1611308558311,
    "end": 1611308558425,
    "duration": 114,
    "pid": 15980,
    "index": 65
  },
  {
    "name": "Load Controller",
    "start": 1611308558444,
    "end": 1611308558447,
    "duration": 3,
    "pid": 15980,
    "index": 66
  },
  {
    "name": "Load \"controller\" to Application",
    "start": 1611308558444,
    "end": 1611308558447,
    "duration": 3,
    "pid": 15980,
    "index": 67
  },
  {
    "name": "Load Router",
    "start": 1611308558447,
    "end": 1611308558449,
    "duration": 2,
    "pid": 15980,
    "index": 68
  },
  {
    "name": "Require(51) app/router.js",
    "start": 1611308558447,
    "end": 1611308558448,
    "duration": 1,
    "pid": 15980,
    "index": 69
  },
  {
    "name": "Before Start in node_modules/_egg-core@4.20.0@egg-core/lib/egg.js:303:10",
    "start": 1611308558448,
    "end": 1611308558455,
    "duration": 7,
    "pid": 15980,
    "index": 70
  }
]