[
  {
    "name": "Process Start",
    "start": 1611308166357,
    "end": 1611308167475,
    "duration": 1118,
    "pid": 19324,
    "index": 0
  },
  {
    "name": "Application Start",
    "start": 1611308167476,
    "end": 1611308167910,
    "duration": 434,
    "pid": 19324,
    "index": 1
  },
  {
    "name": "Load Plugin",
    "start": 1611308167480,
    "end": 1611308167503,
    "duration": 23,
    "pid": 19324,
    "index": 2
  },
  {
    "name": "Load Config",
    "start": 1611308167503,
    "end": 1611308167527,
    "duration": 24,
    "pid": 19324,
    "index": 3
  },
  {
    "name": "Require(0) config/config.default.js",
    "start": 1611308167503,
    "end": 1611308167504,
    "duration": 1,
    "pid": 19324,
    "index": 4
  },
  {
    "name": "Require(1) node_modules/_egg-session@3.2.0@egg-session/config/config.default.js",
    "start": 1611308167505,
    "end": 1611308167506,
    "duration": 1,
    "pid": 19324,
    "index": 5
  },
  {
    "name": "Require(2) node_modules/_egg-security@2.8.0@egg-security/config/config.default.js",
    "start": 1611308167507,
    "end": 1611308167507,
    "duration": 0,
    "pid": 19324,
    "index": 6
  },
  {
    "name": "Require(3) node_modules/_egg-jsonp@2.0.0@egg-jsonp/config/config.default.js",
    "start": 1611308167509,
    "end": 1611308167510,
    "duration": 1,
    "pid": 19324,
    "index": 7
  },
  {
    "name": "Require(4) node_modules/_egg-onerror@2.1.0@egg-onerror/config/config.default.js",
    "start": 1611308167510,
    "end": 1611308167511,
    "duration": 1,
    "pid": 19324,
    "index": 8
  },
  {
    "name": "Require(5) node_modules/_egg-i18n@2.1.1@egg-i18n/config/config.default.js",
    "start": 1611308167511,
    "end": 1611308167512,
    "duration": 1,
    "pid": 19324,
    "index": 9
  },
  {
    "name": "Require(6) node_modules/_egg-watcher@3.1.1@egg-watcher/config/config.default.js",
    "start": 1611308167512,
    "end": 1611308167513,
    "duration": 1,
    "pid": 19324,
    "index": 10
  },
  {
    "name": "Require(7) node_modules/_egg-schedule@3.6.6@egg-schedule/config/config.default.js",
    "start": 1611308167513,
    "end": 1611308167514,
    "duration": 1,
    "pid": 19324,
    "index": 11
  },
  {
    "name": "Require(8) node_modules/_egg-multipart@2.10.3@egg-multipart/config/config.default.js",
    "start": 1611308167514,
    "end": 1611308167515,
    "duration": 1,
    "pid": 19324,
    "index": 12
  },
  {
    "name": "Require(9) node_modules/_egg-development@2.7.0@egg-development/config/config.default.js",
    "start": 1611308167515,
    "end": 1611308167516,
    "duration": 1,
    "pid": 19324,
    "index": 13
  },
  {
    "name": "Require(10) node_modules/_egg-logrotator@3.1.0@egg-logrotator/config/config.default.js",
    "start": 1611308167516,
    "end": 1611308167517,
    "duration": 1,
    "pid": 19324,
    "index": 14
  },
  {
    "name": "Require(11) node_modules/_egg-static@2.2.0@egg-static/config/config.default.js",
    "start": 1611308167517,
    "end": 1611308167517,
    "duration": 0,
    "pid": 19324,
    "index": 15
  },
  {
    "name": "Require(12) node_modules/_egg-view@2.1.3@egg-view/config/config.default.js",
    "start": 1611308167518,
    "end": 1611308167519,
    "duration": 1,
    "pid": 19324,
    "index": 16
  },
  {
    "name": "Require(13) node_modules/_egg-view-ejs@2.0.1@egg-view-ejs/config/config.default.js",
    "start": 1611308167519,
    "end": 1611308167519,
    "duration": 0,
    "pid": 19324,
    "index": 17
  },
  {
    "name": "Require(14) node_modules/_egg@2.29.1@egg/config/config.default.js",
    "start": 1611308167520,
    "end": 1611308167520,
    "duration": 0,
    "pid": 19324,
    "index": 18
  },
  {
    "name": "Require(15) config/config.default.js",
    "start": 1611308167521,
    "end": 1611308167521,
    "duration": 0,
    "pid": 19324,
    "index": 19
  },
  {
    "name": "Require(16) node_modules/_egg-security@2.8.0@egg-security/config/config.local.js",
    "start": 1611308167522,
    "end": 1611308167522,
    "duration": 0,
    "pid": 19324,
    "index": 20
  },
  {
    "name": "Require(17) node_modules/_egg-watcher@3.1.1@egg-watcher/config/config.local.js",
    "start": 1611308167523,
    "end": 1611308167523,
    "duration": 0,
    "pid": 19324,
    "index": 21
  },
  {
    "name": "Require(18) node_modules/_egg-view@2.1.3@egg-view/config/config.local.js",
    "start": 1611308167525,
    "end": 1611308167525,
    "duration": 0,
    "pid": 19324,
    "index": 22
  },
  {
    "name": "Require(19) node_modules/_egg-view-ejs@2.0.1@egg-view-ejs/config/config.local.js",
    "start": 1611308167526,
    "end": 1611308167526,
    "duration": 0,
    "pid": 19324,
    "index": 23
  },
  {
    "name": "Require(20) node_modules/_egg@2.29.1@egg/config/config.local.js",
    "start": 1611308167526,
    "end": 1611308167526,
    "duration": 0,
    "pid": 19324,
    "index": 24
  },
  {
    "name": "Load extend/application.js",
    "start": 1611308167527,
    "end": 1611308167544,
    "duration": 17,
    "pid": 19324,
    "index": 25
  },
  {
    "name": "Require(21) node_modules/_egg-session@3.2.0@egg-session/app/extend/application.js",
    "start": 1611308167528,
    "end": 1611308167529,
    "duration": 1,
    "pid": 19324,
    "index": 26
  },
  {
    "name": "Require(22) node_modules/_egg-security@2.8.0@egg-security/app/extend/application.js",
    "start": 1611308167529,
    "end": 1611308167530,
    "duration": 1,
    "pid": 19324,
    "index": 27
  },
  {
    "name": "Require(23) node_modules/_egg-jsonp@2.0.0@egg-jsonp/app/extend/application.js",
    "start": 1611308167531,
    "end": 1611308167533,
    "duration": 2,
    "pid": 19324,
    "index": 28
  },
  {
    "name": "Require(24) node_modules/_egg-logrotator@3.1.0@egg-logrotator/app/extend/application.js",
    "start": 1611308167534,
    "end": 1611308167537,
    "duration": 3,
    "pid": 19324,
    "index": 29
  },
  {
    "name": "Require(25) node_modules/_egg-view@2.1.3@egg-view/app/extend/application.js",
    "start": 1611308167538,
    "end": 1611308167540,
    "duration": 2,
    "pid": 19324,
    "index": 30
  },
  {
    "name": "Require(26) app/extend/application.js",
    "start": 1611308167541,
    "end": 1611308167541,
    "duration": 0,
    "pid": 19324,
    "index": 31
  },
  {
    "name": "Load extend/request.js",
    "start": 1611308167544,
    "end": 1611308167553,
    "duration": 9,
    "pid": 19324,
    "index": 32
  },
  {
    "name": "Require(27) node_modules/_egg@2.29.1@egg/app/extend/request.js",
    "start": 1611308167547,
    "end": 1611308167548,
    "duration": 1,
    "pid": 19324,
    "index": 33
  },
  {
    "name": "Require(28) app/extend/request.js",
    "start": 1611308167548,
    "end": 1611308167549,
    "duration": 1,
    "pid": 19324,
    "index": 34
  },
  {
    "name": "Load extend/response.js",
    "start": 1611308167553,
    "end": 1611308167561,
    "duration": 8,
    "pid": 19324,
    "index": 35
  },
  {
    "name": "Require(29) node_modules/_egg@2.29.1@egg/app/extend/response.js",
    "start": 1611308167556,
    "end": 1611308167558,
    "duration": 2,
    "pid": 19324,
    "index": 36
  },
  {
    "name": "Load extend/context.js",
    "start": 1611308167561,
    "end": 1611308167635,
    "duration": 74,
    "pid": 19324,
    "index": 37
  },
  {
    "name": "Require(30) node_modules/_egg-security@2.8.0@egg-security/app/extend/context.js",
    "start": 1611308167562,
    "end": 1611308167579,
    "duration": 17,
    "pid": 19324,
    "index": 38
  },
  {
    "name": "Require(31) node_modules/_egg-jsonp@2.0.0@egg-jsonp/app/extend/context.js",
    "start": 1611308167579,
    "end": 1611308167581,
    "duration": 2,
    "pid": 19324,
    "index": 39
  },
  {
    "name": "Require(32) node_modules/_egg-i18n@2.1.1@egg-i18n/app/extend/context.js",
    "start": 1611308167582,
    "end": 1611308167583,
    "duration": 1,
    "pid": 19324,
    "index": 40
  },
  {
    "name": "Require(33) node_modules/_egg-multipart@2.10.3@egg-multipart/app/extend/context.js",
    "start": 1611308167583,
    "end": 1611308167628,
    "duration": 45,
    "pid": 19324,
    "index": 41
  },
  {
    "name": "Require(34) node_modules/_egg-view@2.1.3@egg-view/app/extend/context.js",
    "start": 1611308167629,
    "end": 1611308167630,
    "duration": 1,
    "pid": 19324,
    "index": 42
  },
  {
    "name": "Require(35) node_modules/_egg@2.29.1@egg/app/extend/context.js",
    "start": 1611308167630,
    "end": 1611308167631,
    "duration": 1,
    "pid": 19324,
    "index": 43
  },
  {
    "name": "Require(36) app/extend/context.js",
    "start": 1611308167632,
    "end": 1611308167632,
    "duration": 0,
    "pid": 19324,
    "index": 44
  },
  {
    "name": "Load extend/helper.js",
    "start": 1611308167635,
    "end": 1611308167661,
    "duration": 26,
    "pid": 19324,
    "index": 45
  },
  {
    "name": "Require(37) node_modules/_egg-security@2.8.0@egg-security/app/extend/helper.js",
    "start": 1611308167635,
    "end": 1611308167651,
    "duration": 16,
    "pid": 19324,
    "index": 46
  },
  {
    "name": "Require(38) node_modules/_egg@2.29.1@egg/app/extend/helper.js",
    "start": 1611308167654,
    "end": 1611308167654,
    "duration": 0,
    "pid": 19324,
    "index": 47
  },
  {
    "name": "Require(39) app/extend/helper.js",
    "start": 1611308167654,
    "end": 1611308167657,
    "duration": 3,
    "pid": 19324,
    "index": 48
  },
  {
    "name": "Load app.js",
    "start": 1611308167661,
    "end": 1611308167697,
    "duration": 36,
    "pid": 19324,
    "index": 49
  },
  {
    "name": "Require(40) node_modules/_egg-session@3.2.0@egg-session/app.js",
    "start": 1611308167661,
    "end": 1611308167662,
    "duration": 1,
    "pid": 19324,
    "index": 50
  },
  {
    "name": "Require(41) node_modules/_egg-security@2.8.0@egg-security/app.js",
    "start": 1611308167662,
    "end": 1611308167664,
    "duration": 2,
    "pid": 19324,
    "index": 51
  },
  {
    "name": "Require(42) node_modules/_egg-onerror@2.1.0@egg-onerror/app.js",
    "start": 1611308167664,
    "end": 1611308167674,
    "duration": 10,
    "pid": 19324,
    "index": 52
  },
  {
    "name": "Require(43) node_modules/_egg-i18n@2.1.1@egg-i18n/app.js",
    "start": 1611308167676,
    "end": 1611308167684,
    "duration": 8,
    "pid": 19324,
    "index": 53
  },
  {
    "name": "Require(44) node_modules/_egg-watcher@3.1.1@egg-watcher/app.js",
    "start": 1611308167684,
    "end": 1611308167688,
    "duration": 4,
    "pid": 19324,
    "index": 54
  },
  {
    "name": "Require(45) node_modules/_egg-schedule@3.6.6@egg-schedule/app.js",
    "start": 1611308167689,
    "end": 1611308167691,
    "duration": 2,
    "pid": 19324,
    "index": 55
  },
  {
    "name": "Require(46) node_modules/_egg-multipart@2.10.3@egg-multipart/app.js",
    "start": 1611308167691,
    "end": 1611308167692,
    "duration": 1,
    "pid": 19324,
    "index": 56
  },
  {
    "name": "Require(47) node_modules/_egg-development@2.7.0@egg-development/app.js",
    "start": 1611308167692,
    "end": 1611308167693,
    "duration": 1,
    "pid": 19324,
    "index": 57
  },
  {
    "name": "Require(48) node_modules/_egg-logrotator@3.1.0@egg-logrotator/app.js",
    "start": 1611308167693,
    "end": 1611308167694,
    "duration": 1,
    "pid": 19324,
    "index": 58
  },
  {
    "name": "Require(49) node_modules/_egg-static@2.2.0@egg-static/app.js",
    "start": 1611308167694,
    "end": 1611308167694,
    "duration": 0,
    "pid": 19324,
    "index": 59
  },
  {
    "name": "Require(50) node_modules/_egg-view-ejs@2.0.1@egg-view-ejs/app.js",
    "start": 1611308167695,
    "end": 1611308167696,
    "duration": 1,
    "pid": 19324,
    "index": 60
  },
  {
    "name": "Before Start in node_modules/_egg-watcher@3.1.1@egg-watcher/lib/init.js:15:14",
    "start": 1611308167706,
    "end": 1611308167909,
    "duration": 203,
    "pid": 19324,
    "index": 61
  },
  {
    "name": "Load Service",
    "start": 1611308167736,
    "end": 1611308167745,
    "duration": 9,
    "pid": 19324,
    "index": 62
  },
  {
    "name": "Load \"service\" to Context",
    "start": 1611308167737,
    "end": 1611308167745,
    "duration": 8,
    "pid": 19324,
    "index": 63
  },
  {
    "name": "Load Middleware",
    "start": 1611308167746,
    "end": 1611308167885,
    "duration": 139,
    "pid": 19324,
    "index": 64
  },
  {
    "name": "Load \"middlewares\" to Application",
    "start": 1611308167746,
    "end": 1611308167867,
    "duration": 121,
    "pid": 19324,
    "index": 65
  },
  {
    "name": "Load Controller",
    "start": 1611308167886,
    "end": 1611308167888,
    "duration": 2,
    "pid": 19324,
    "index": 66
  },
  {
    "name": "Load \"controller\" to Application",
    "start": 1611308167886,
    "end": 1611308167888,
    "duration": 2,
    "pid": 19324,
    "index": 67
  },
  {
    "name": "Load Router",
    "start": 1611308167888,
    "end": 1611308167890,
    "duration": 2,
    "pid": 19324,
    "index": 68
  },
  {
    "name": "Require(51) app/router.js",
    "start": 1611308167888,
    "end": 1611308167889,
    "duration": 1,
    "pid": 19324,
    "index": 69
  },
  {
    "name": "Before Start in node_modules/_egg-core@4.20.0@egg-core/lib/egg.js:303:10",
    "start": 1611308167889,
    "end": 1611308167898,
    "duration": 9,
    "pid": 19324,
    "index": 70
  }
]