[
  {
    "name": "Process Start",
    "start": 1611308426461,
    "end": 1611308427649,
    "duration": 1188,
    "pid": 5248,
    "index": 0
  },
  {
    "name": "Application Start",
    "start": 1611308427650,
    "end": 1611308428084,
    "duration": 434,
    "pid": 5248,
    "index": 1
  },
  {
    "name": "Load Plugin",
    "start": 1611308427654,
    "end": 1611308427673,
    "duration": 19,
    "pid": 5248,
    "index": 2
  },
  {
    "name": "Load Config",
    "start": 1611308427673,
    "end": 1611308427696,
    "duration": 23,
    "pid": 5248,
    "index": 3
  },
  {
    "name": "Require(0) config/config.default.js",
    "start": 1611308427674,
    "end": 1611308427674,
    "duration": 0,
    "pid": 5248,
    "index": 4
  },
  {
    "name": "Require(1) node_modules/_egg-session@3.2.0@egg-session/config/config.default.js",
    "start": 1611308427676,
    "end": 1611308427676,
    "duration": 0,
    "pid": 5248,
    "index": 5
  },
  {
    "name": "Require(2) node_modules/_egg-security@2.8.0@egg-security/config/config.default.js",
    "start": 1611308427677,
    "end": 1611308427677,
    "duration": 0,
    "pid": 5248,
    "index": 6
  },
  {
    "name": "Require(3) node_modules/_egg-jsonp@2.0.0@egg-jsonp/config/config.default.js",
    "start": 1611308427678,
    "end": 1611308427679,
    "duration": 1,
    "pid": 5248,
    "index": 7
  },
  {
    "name": "Require(4) node_modules/_egg-onerror@2.1.0@egg-onerror/config/config.default.js",
    "start": 1611308427679,
    "end": 1611308427679,
    "duration": 0,
    "pid": 5248,
    "index": 8
  },
  {
    "name": "Require(5) node_modules/_egg-i18n@2.1.1@egg-i18n/config/config.default.js",
    "start": 1611308427680,
    "end": 1611308427680,
    "duration": 0,
    "pid": 5248,
    "index": 9
  },
  {
    "name": "Require(6) node_modules/_egg-watcher@3.1.1@egg-watcher/config/config.default.js",
    "start": 1611308427681,
    "end": 1611308427681,
    "duration": 0,
    "pid": 5248,
    "index": 10
  },
  {
    "name": "Require(7) node_modules/_egg-schedule@3.6.6@egg-schedule/config/config.default.js",
    "start": 1611308427682,
    "end": 1611308427682,
    "duration": 0,
    "pid": 5248,
    "index": 11
  },
  {
    "name": "Require(8) node_modules/_egg-multipart@2.10.3@egg-multipart/config/config.default.js",
    "start": 1611308427683,
    "end": 1611308427683,
    "duration": 0,
    "pid": 5248,
    "index": 12
  },
  {
    "name": "Require(9) node_modules/_egg-development@2.7.0@egg-development/config/config.default.js",
    "start": 1611308427684,
    "end": 1611308427684,
    "duration": 0,
    "pid": 5248,
    "index": 13
  },
  {
    "name": "Require(10) node_modules/_egg-logrotator@3.1.0@egg-logrotator/config/config.default.js",
    "start": 1611308427685,
    "end": 1611308427685,
    "duration": 0,
    "pid": 5248,
    "index": 14
  },
  {
    "name": "Require(11) node_modules/_egg-static@2.2.0@egg-static/config/config.default.js",
    "start": 1611308427686,
    "end": 1611308427686,
    "duration": 0,
    "pid": 5248,
    "index": 15
  },
  {
    "name": "Require(12) node_modules/_egg-view@2.1.3@egg-view/config/config.default.js",
    "start": 1611308427687,
    "end": 1611308427687,
    "duration": 0,
    "pid": 5248,
    "index": 16
  },
  {
    "name": "Require(13) node_modules/_egg-view-ejs@2.0.1@egg-view-ejs/config/config.default.js",
    "start": 1611308427688,
    "end": 1611308427688,
    "duration": 0,
    "pid": 5248,
    "index": 17
  },
  {
    "name": "Require(14) node_modules/_egg@2.29.1@egg/config/config.default.js",
    "start": 1611308427689,
    "end": 1611308427689,
    "duration": 0,
    "pid": 5248,
    "index": 18
  },
  {
    "name": "Require(15) config/config.default.js",
    "start": 1611308427690,
    "end": 1611308427691,
    "duration": 1,
    "pid": 5248,
    "index": 19
  },
  {
    "name": "Require(16) node_modules/_egg-security@2.8.0@egg-security/config/config.local.js",
    "start": 1611308427691,
    "end": 1611308427692,
    "duration": 1,
    "pid": 5248,
    "index": 20
  },
  {
    "name": "Require(17) node_modules/_egg-watcher@3.1.1@egg-watcher/config/config.local.js",
    "start": 1611308427693,
    "end": 1611308427693,
    "duration": 0,
    "pid": 5248,
    "index": 21
  },
  {
    "name": "Require(18) node_modules/_egg-view@2.1.3@egg-view/config/config.local.js",
    "start": 1611308427694,
    "end": 1611308427694,
    "duration": 0,
    "pid": 5248,
    "index": 22
  },
  {
    "name": "Require(19) node_modules/_egg-view-ejs@2.0.1@egg-view-ejs/config/config.local.js",
    "start": 1611308427695,
    "end": 1611308427695,
    "duration": 0,
    "pid": 5248,
    "index": 23
  },
  {
    "name": "Require(20) node_modules/_egg@2.29.1@egg/config/config.local.js",
    "start": 1611308427695,
    "end": 1611308427696,
    "duration": 1,
    "pid": 5248,
    "index": 24
  },
  {
    "name": "Load extend/application.js",
    "start": 1611308427697,
    "end": 1611308427712,
    "duration": 15,
    "pid": 5248,
    "index": 25
  },
  {
    "name": "Require(21) node_modules/_egg-session@3.2.0@egg-session/app/extend/application.js",
    "start": 1611308427697,
    "end": 1611308427698,
    "duration": 1,
    "pid": 5248,
    "index": 26
  },
  {
    "name": "Require(22) node_modules/_egg-security@2.8.0@egg-security/app/extend/application.js",
    "start": 1611308427698,
    "end": 1611308427699,
    "duration": 1,
    "pid": 5248,
    "index": 27
  },
  {
    "name": "Require(23) node_modules/_egg-jsonp@2.0.0@egg-jsonp/app/extend/application.js",
    "start": 1611308427700,
    "end": 1611308427701,
    "duration": 1,
    "pid": 5248,
    "index": 28
  },
  {
    "name": "Require(24) node_modules/_egg-logrotator@3.1.0@egg-logrotator/app/extend/application.js",
    "start": 1611308427703,
    "end": 1611308427706,
    "duration": 3,
    "pid": 5248,
    "index": 29
  },
  {
    "name": "Require(25) node_modules/_egg-view@2.1.3@egg-view/app/extend/application.js",
    "start": 1611308427706,
    "end": 1611308427708,
    "duration": 2,
    "pid": 5248,
    "index": 30
  },
  {
    "name": "Require(26) app/extend/application.js",
    "start": 1611308427709,
    "end": 1611308427709,
    "duration": 0,
    "pid": 5248,
    "index": 31
  },
  {
    "name": "Load extend/request.js",
    "start": 1611308427712,
    "end": 1611308427723,
    "duration": 11,
    "pid": 5248,
    "index": 32
  },
  {
    "name": "Require(27) node_modules/_egg@2.29.1@egg/app/extend/request.js",
    "start": 1611308427715,
    "end": 1611308427717,
    "duration": 2,
    "pid": 5248,
    "index": 33
  },
  {
    "name": "Require(28) app/extend/request.js",
    "start": 1611308427717,
    "end": 1611308427717,
    "duration": 0,
    "pid": 5248,
    "index": 34
  },
  {
    "name": "Load extend/response.js",
    "start": 1611308427723,
    "end": 1611308427732,
    "duration": 9,
    "pid": 5248,
    "index": 35
  },
  {
    "name": "Require(29) node_modules/_egg@2.29.1@egg/app/extend/response.js",
    "start": 1611308427726,
    "end": 1611308427728,
    "duration": 2,
    "pid": 5248,
    "index": 36
  },
  {
    "name": "Load extend/context.js",
    "start": 1611308427732,
    "end": 1611308427810,
    "duration": 78,
    "pid": 5248,
    "index": 37
  },
  {
    "name": "Require(30) node_modules/_egg-security@2.8.0@egg-security/app/extend/context.js",
    "start": 1611308427733,
    "end": 1611308427747,
    "duration": 14,
    "pid": 5248,
    "index": 38
  },
  {
    "name": "Require(31) node_modules/_egg-jsonp@2.0.0@egg-jsonp/app/extend/context.js",
    "start": 1611308427748,
    "end": 1611308427749,
    "duration": 1,
    "pid": 5248,
    "index": 39
  },
  {
    "name": "Require(32) node_modules/_egg-i18n@2.1.1@egg-i18n/app/extend/context.js",
    "start": 1611308427750,
    "end": 1611308427750,
    "duration": 0,
    "pid": 5248,
    "index": 40
  },
  {
    "name": "Require(33) node_modules/_egg-multipart@2.10.3@egg-multipart/app/extend/context.js",
    "start": 1611308427751,
    "end": 1611308427803,
    "duration": 52,
    "pid": 5248,
    "index": 41
  },
  {
    "name": "Require(34) node_modules/_egg-view@2.1.3@egg-view/app/extend/context.js",
    "start": 1611308427804,
    "end": 1611308427805,
    "duration": 1,
    "pid": 5248,
    "index": 42
  },
  {
    "name": "Require(35) node_modules/_egg@2.29.1@egg/app/extend/context.js",
    "start": 1611308427805,
    "end": 1611308427807,
    "duration": 2,
    "pid": 5248,
    "index": 43
  },
  {
    "name": "Require(36) app/extend/context.js",
    "start": 1611308427807,
    "end": 1611308427807,
    "duration": 0,
    "pid": 5248,
    "index": 44
  },
  {
    "name": "Load extend/helper.js",
    "start": 1611308427811,
    "end": 1611308427839,
    "duration": 28,
    "pid": 5248,
    "index": 45
  },
  {
    "name": "Require(37) node_modules/_egg-security@2.8.0@egg-security/app/extend/helper.js",
    "start": 1611308427811,
    "end": 1611308427830,
    "duration": 19,
    "pid": 5248,
    "index": 46
  },
  {
    "name": "Require(38) node_modules/_egg@2.29.1@egg/app/extend/helper.js",
    "start": 1611308427832,
    "end": 1611308427833,
    "duration": 1,
    "pid": 5248,
    "index": 47
  },
  {
    "name": "Require(39) app/extend/helper.js",
    "start": 1611308427833,
    "end": 1611308427835,
    "duration": 2,
    "pid": 5248,
    "index": 48
  },
  {
    "name": "Load app.js",
    "start": 1611308427839,
    "end": 1611308427876,
    "duration": 37,
    "pid": 5248,
    "index": 49
  },
  {
    "name": "Require(40) node_modules/_egg-session@3.2.0@egg-session/app.js",
    "start": 1611308427839,
    "end": 1611308427839,
    "duration": 0,
    "pid": 5248,
    "index": 50
  },
  {
    "name": "Require(41) node_modules/_egg-security@2.8.0@egg-security/app.js",
    "start": 1611308427840,
    "end": 1611308427842,
    "duration": 2,
    "pid": 5248,
    "index": 51
  },
  {
    "name": "Require(42) node_modules/_egg-onerror@2.1.0@egg-onerror/app.js",
    "start": 1611308427843,
    "end": 1611308427855,
    "duration": 12,
    "pid": 5248,
    "index": 52
  },
  {
    "name": "Require(43) node_modules/_egg-i18n@2.1.1@egg-i18n/app.js",
    "start": 1611308427855,
    "end": 1611308427864,
    "duration": 9,
    "pid": 5248,
    "index": 53
  },
  {
    "name": "Require(44) node_modules/_egg-watcher@3.1.1@egg-watcher/app.js",
    "start": 1611308427864,
    "end": 1611308427868,
    "duration": 4,
    "pid": 5248,
    "index": 54
  },
  {
    "name": "Require(45) node_modules/_egg-schedule@3.6.6@egg-schedule/app.js",
    "start": 1611308427868,
    "end": 1611308427870,
    "duration": 2,
    "pid": 5248,
    "index": 55
  },
  {
    "name": "Require(46) node_modules/_egg-multipart@2.10.3@egg-multipart/app.js",
    "start": 1611308427871,
    "end": 1611308427871,
    "duration": 0,
    "pid": 5248,
    "index": 56
  },
  {
    "name": "Require(47) node_modules/_egg-development@2.7.0@egg-development/app.js",
    "start": 1611308427872,
    "end": 1611308427872,
    "duration": 0,
    "pid": 5248,
    "index": 57
  },
  {
    "name": "Require(48) node_modules/_egg-logrotator@3.1.0@egg-logrotator/app.js",
    "start": 1611308427872,
    "end": 1611308427872,
    "duration": 0,
    "pid": 5248,
    "index": 58
  },
  {
    "name": "Require(49) node_modules/_egg-static@2.2.0@egg-static/app.js",
    "start": 1611308427873,
    "end": 1611308427873,
    "duration": 0,
    "pid": 5248,
    "index": 59
  },
  {
    "name": "Require(50) node_modules/_egg-view-ejs@2.0.1@egg-view-ejs/app.js",
    "start": 1611308427874,
    "end": 1611308427875,
    "duration": 1,
    "pid": 5248,
    "index": 60
  },
  {
    "name": "Before Start in node_modules/_egg-watcher@3.1.1@egg-watcher/lib/init.js:15:14",
    "start": 1611308427884,
    "end": 1611308428084,
    "duration": 200,
    "pid": 5248,
    "index": 61
  },
  {
    "name": "Load Service",
    "start": 1611308427918,
    "end": 1611308427927,
    "duration": 9,
    "pid": 5248,
    "index": 62
  },
  {
    "name": "Load \"service\" to Context",
    "start": 1611308427918,
    "end": 1611308427927,
    "duration": 9,
    "pid": 5248,
    "index": 63
  },
  {
    "name": "Load Middleware",
    "start": 1611308427927,
    "end": 1611308428066,
    "duration": 139,
    "pid": 5248,
    "index": 64
  },
  {
    "name": "Load \"middlewares\" to Application",
    "start": 1611308427927,
    "end": 1611308428046,
    "duration": 119,
    "pid": 5248,
    "index": 65
  },
  {
    "name": "Load Controller",
    "start": 1611308428066,
    "end": 1611308428069,
    "duration": 3,
    "pid": 5248,
    "index": 66
  },
  {
    "name": "Load \"controller\" to Application",
    "start": 1611308428066,
    "end": 1611308428069,
    "duration": 3,
    "pid": 5248,
    "index": 67
  },
  {
    "name": "Load Router",
    "start": 1611308428069,
    "end": 1611308428071,
    "duration": 2,
    "pid": 5248,
    "index": 68
  },
  {
    "name": "Require(51) app/router.js",
    "start": 1611308428069,
    "end": 1611308428070,
    "duration": 1,
    "pid": 5248,
    "index": 69
  },
  {
    "name": "Before Start in node_modules/_egg-core@4.20.0@egg-core/lib/egg.js:303:10",
    "start": 1611308428070,
    "end": 1611308428077,
    "duration": 7,
    "pid": 5248,
    "index": 70
  }
]