[
  {
    "name": "Process Start",
    "start": 1611308439924,
    "end": 1611308441111,
    "duration": 1187,
    "pid": 2420,
    "index": 0
  },
  {
    "name": "Application Start",
    "start": 1611308441112,
    "end": 1611308441561,
    "duration": 449,
    "pid": 2420,
    "index": 1
  },
  {
    "name": "Load Plugin",
    "start": 1611308441116,
    "end": 1611308441140,
    "duration": 24,
    "pid": 2420,
    "index": 2
  },
  {
    "name": "Load Config",
    "start": 1611308441140,
    "end": 1611308441163,
    "duration": 23,
    "pid": 2420,
    "index": 3
  },
  {
    "name": "Require(0) config/config.default.js",
    "start": 1611308441141,
    "end": 1611308441141,
    "duration": 0,
    "pid": 2420,
    "index": 4
  },
  {
    "name": "Require(1) node_modules/_egg-session@3.2.0@egg-session/config/config.default.js",
    "start": 1611308441143,
    "end": 1611308441143,
    "duration": 0,
    "pid": 2420,
    "index": 5
  },
  {
    "name": "Require(2) node_modules/_egg-security@2.8.0@egg-security/config/config.default.js",
    "start": 1611308441144,
    "end": 1611308441144,
    "duration": 0,
    "pid": 2420,
    "index": 6
  },
  {
    "name": "Require(3) node_modules/_egg-jsonp@2.0.0@egg-jsonp/config/config.default.js",
    "start": 1611308441145,
    "end": 1611308441146,
    "duration": 1,
    "pid": 2420,
    "index": 7
  },
  {
    "name": "Require(4) node_modules/_egg-onerror@2.1.0@egg-onerror/config/config.default.js",
    "start": 1611308441146,
    "end": 1611308441147,
    "duration": 1,
    "pid": 2420,
    "index": 8
  },
  {
    "name": "Require(5) node_modules/_egg-i18n@2.1.1@egg-i18n/config/config.default.js",
    "start": 1611308441147,
    "end": 1611308441148,
    "duration": 1,
    "pid": 2420,
    "index": 9
  },
  {
    "name": "Require(6) node_modules/_egg-watcher@3.1.1@egg-watcher/config/config.default.js",
    "start": 1611308441149,
    "end": 1611308441149,
    "duration": 0,
    "pid": 2420,
    "index": 10
  },
  {
    "name": "Require(7) node_modules/_egg-schedule@3.6.6@egg-schedule/config/config.default.js",
    "start": 1611308441150,
    "end": 1611308441150,
    "duration": 0,
    "pid": 2420,
    "index": 11
  },
  {
    "name": "Require(8) node_modules/_egg-multipart@2.10.3@egg-multipart/config/config.default.js",
    "start": 1611308441151,
    "end": 1611308441151,
    "duration": 0,
    "pid": 2420,
    "index": 12
  },
  {
    "name": "Require(9) node_modules/_egg-development@2.7.0@egg-development/config/config.default.js",
    "start": 1611308441152,
    "end": 1611308441152,
    "duration": 0,
    "pid": 2420,
    "index": 13
  },
  {
    "name": "Require(10) node_modules/_egg-logrotator@3.1.0@egg-logrotator/config/config.default.js",
    "start": 1611308441153,
    "end": 1611308441153,
    "duration": 0,
    "pid": 2420,
    "index": 14
  },
  {
    "name": "Require(11) node_modules/_egg-static@2.2.0@egg-static/config/config.default.js",
    "start": 1611308441153,
    "end": 1611308441154,
    "duration": 1,
    "pid": 2420,
    "index": 15
  },
  {
    "name": "Require(12) node_modules/_egg-view@2.1.3@egg-view/config/config.default.js",
    "start": 1611308441154,
    "end": 1611308441155,
    "duration": 1,
    "pid": 2420,
    "index": 16
  },
  {
    "name": "Require(13) node_modules/_egg-view-ejs@2.0.1@egg-view-ejs/config/config.default.js",
    "start": 1611308441155,
    "end": 1611308441156,
    "duration": 1,
    "pid": 2420,
    "index": 17
  },
  {
    "name": "Require(14) node_modules/_egg@2.29.1@egg/config/config.default.js",
    "start": 1611308441156,
    "end": 1611308441157,
    "duration": 1,
    "pid": 2420,
    "index": 18
  },
  {
    "name": "Require(15) config/config.default.js",
    "start": 1611308441158,
    "end": 1611308441158,
    "duration": 0,
    "pid": 2420,
    "index": 19
  },
  {
    "name": "Require(16) node_modules/_egg-security@2.8.0@egg-security/config/config.local.js",
    "start": 1611308441158,
    "end": 1611308441159,
    "duration": 1,
    "pid": 2420,
    "index": 20
  },
  {
    "name": "Require(17) node_modules/_egg-watcher@3.1.1@egg-watcher/config/config.local.js",
    "start": 1611308441160,
    "end": 1611308441160,
    "duration": 0,
    "pid": 2420,
    "index": 21
  },
  {
    "name": "Require(18) node_modules/_egg-view@2.1.3@egg-view/config/config.local.js",
    "start": 1611308441161,
    "end": 1611308441162,
    "duration": 1,
    "pid": 2420,
    "index": 22
  },
  {
    "name": "Require(19) node_modules/_egg-view-ejs@2.0.1@egg-view-ejs/config/config.local.js",
    "start": 1611308441162,
    "end": 1611308441162,
    "duration": 0,
    "pid": 2420,
    "index": 23
  },
  {
    "name": "Require(20) node_modules/_egg@2.29.1@egg/config/config.local.js",
    "start": 1611308441163,
    "end": 1611308441163,
    "duration": 0,
    "pid": 2420,
    "index": 24
  },
  {
    "name": "Load extend/application.js",
    "start": 1611308441164,
    "end": 1611308441181,
    "duration": 17,
    "pid": 2420,
    "index": 25
  },
  {
    "name": "Require(21) node_modules/_egg-session@3.2.0@egg-session/app/extend/application.js",
    "start": 1611308441165,
    "end": 1611308441165,
    "duration": 0,
    "pid": 2420,
    "index": 26
  },
  {
    "name": "Require(22) node_modules/_egg-security@2.8.0@egg-security/app/extend/application.js",
    "start": 1611308441165,
    "end": 1611308441167,
    "duration": 2,
    "pid": 2420,
    "index": 27
  },
  {
    "name": "Require(23) node_modules/_egg-jsonp@2.0.0@egg-jsonp/app/extend/application.js",
    "start": 1611308441167,
    "end": 1611308441169,
    "duration": 2,
    "pid": 2420,
    "index": 28
  },
  {
    "name": "Require(24) node_modules/_egg-logrotator@3.1.0@egg-logrotator/app/extend/application.js",
    "start": 1611308441171,
    "end": 1611308441174,
    "duration": 3,
    "pid": 2420,
    "index": 29
  },
  {
    "name": "Require(25) node_modules/_egg-view@2.1.3@egg-view/app/extend/application.js",
    "start": 1611308441175,
    "end": 1611308441177,
    "duration": 2,
    "pid": 2420,
    "index": 30
  },
  {
    "name": "Require(26) app/extend/application.js",
    "start": 1611308441177,
    "end": 1611308441178,
    "duration": 1,
    "pid": 2420,
    "index": 31
  },
  {
    "name": "Load extend/request.js",
    "start": 1611308441181,
    "end": 1611308441189,
    "duration": 8,
    "pid": 2420,
    "index": 32
  },
  {
    "name": "Require(27) node_modules/_egg@2.29.1@egg/app/extend/request.js",
    "start": 1611308441184,
    "end": 1611308441185,
    "duration": 1,
    "pid": 2420,
    "index": 33
  },
  {
    "name": "Require(28) app/extend/request.js",
    "start": 1611308441186,
    "end": 1611308441186,
    "duration": 0,
    "pid": 2420,
    "index": 34
  },
  {
    "name": "Load extend/response.js",
    "start": 1611308441189,
    "end": 1611308441199,
    "duration": 10,
    "pid": 2420,
    "index": 35
  },
  {
    "name": "Require(29) node_modules/_egg@2.29.1@egg/app/extend/response.js",
    "start": 1611308441194,
    "end": 1611308441196,
    "duration": 2,
    "pid": 2420,
    "index": 36
  },
  {
    "name": "Load extend/context.js",
    "start": 1611308441199,
    "end": 1611308441280,
    "duration": 81,
    "pid": 2420,
    "index": 37
  },
  {
    "name": "Require(30) node_modules/_egg-security@2.8.0@egg-security/app/extend/context.js",
    "start": 1611308441200,
    "end": 1611308441214,
    "duration": 14,
    "pid": 2420,
    "index": 38
  },
  {
    "name": "Require(31) node_modules/_egg-jsonp@2.0.0@egg-jsonp/app/extend/context.js",
    "start": 1611308441214,
    "end": 1611308441216,
    "duration": 2,
    "pid": 2420,
    "index": 39
  },
  {
    "name": "Require(32) node_modules/_egg-i18n@2.1.1@egg-i18n/app/extend/context.js",
    "start": 1611308441216,
    "end": 1611308441217,
    "duration": 1,
    "pid": 2420,
    "index": 40
  },
  {
    "name": "Require(33) node_modules/_egg-multipart@2.10.3@egg-multipart/app/extend/context.js",
    "start": 1611308441218,
    "end": 1611308441273,
    "duration": 55,
    "pid": 2420,
    "index": 41
  },
  {
    "name": "Require(34) node_modules/_egg-view@2.1.3@egg-view/app/extend/context.js",
    "start": 1611308441274,
    "end": 1611308441275,
    "duration": 1,
    "pid": 2420,
    "index": 42
  },
  {
    "name": "Require(35) node_modules/_egg@2.29.1@egg/app/extend/context.js",
    "start": 1611308441275,
    "end": 1611308441277,
    "duration": 2,
    "pid": 2420,
    "index": 43
  },
  {
    "name": "Require(36) app/extend/context.js",
    "start": 1611308441277,
    "end": 1611308441277,
    "duration": 0,
    "pid": 2420,
    "index": 44
  },
  {
    "name": "Load extend/helper.js",
    "start": 1611308441280,
    "end": 1611308441307,
    "duration": 27,
    "pid": 2420,
    "index": 45
  },
  {
    "name": "Require(37) node_modules/_egg-security@2.8.0@egg-security/app/extend/helper.js",
    "start": 1611308441281,
    "end": 1611308441298,
    "duration": 17,
    "pid": 2420,
    "index": 46
  },
  {
    "name": "Require(38) node_modules/_egg@2.29.1@egg/app/extend/helper.js",
    "start": 1611308441301,
    "end": 1611308441302,
    "duration": 1,
    "pid": 2420,
    "index": 47
  },
  {
    "name": "Require(39) app/extend/helper.js",
    "start": 1611308441302,
    "end": 1611308441304,
    "duration": 2,
    "pid": 2420,
    "index": 48
  },
  {
    "name": "Load app.js",
    "start": 1611308441307,
    "end": 1611308441345,
    "duration": 38,
    "pid": 2420,
    "index": 49
  },
  {
    "name": "Require(40) node_modules/_egg-session@3.2.0@egg-session/app.js",
    "start": 1611308441308,
    "end": 1611308441308,
    "duration": 0,
    "pid": 2420,
    "index": 50
  },
  {
    "name": "Require(41) node_modules/_egg-security@2.8.0@egg-security/app.js",
    "start": 1611308441309,
    "end": 1611308441310,
    "duration": 1,
    "pid": 2420,
    "index": 51
  },
  {
    "name": "Require(42) node_modules/_egg-onerror@2.1.0@egg-onerror/app.js",
    "start": 1611308441311,
    "end": 1611308441322,
    "duration": 11,
    "pid": 2420,
    "index": 52
  },
  {
    "name": "Require(43) node_modules/_egg-i18n@2.1.1@egg-i18n/app.js",
    "start": 1611308441323,
    "end": 1611308441331,
    "duration": 8,
    "pid": 2420,
    "index": 53
  },
  {
    "name": "Require(44) node_modules/_egg-watcher@3.1.1@egg-watcher/app.js",
    "start": 1611308441332,
    "end": 1611308441336,
    "duration": 4,
    "pid": 2420,
    "index": 54
  },
  {
    "name": "Require(45) node_modules/_egg-schedule@3.6.6@egg-schedule/app.js",
    "start": 1611308441337,
    "end": 1611308441339,
    "duration": 2,
    "pid": 2420,
    "index": 55
  },
  {
    "name": "Require(46) node_modules/_egg-multipart@2.10.3@egg-multipart/app.js",
    "start": 1611308441340,
    "end": 1611308441340,
    "duration": 0,
    "pid": 2420,
    "index": 56
  },
  {
    "name": "Require(47) node_modules/_egg-development@2.7.0@egg-development/app.js",
    "start": 1611308441340,
    "end": 1611308441341,
    "duration": 1,
    "pid": 2420,
    "index": 57
  },
  {
    "name": "Require(48) node_modules/_egg-logrotator@3.1.0@egg-logrotator/app.js",
    "start": 1611308441341,
    "end": 1611308441341,
    "duration": 0,
    "pid": 2420,
    "index": 58
  },
  {
    "name": "Require(49) node_modules/_egg-static@2.2.0@egg-static/app.js",
    "start": 1611308441342,
    "end": 1611308441342,
    "duration": 0,
    "pid": 2420,
    "index": 59
  },
  {
    "name": "Require(50) node_modules/_egg-view-ejs@2.0.1@egg-view-ejs/app.js",
    "start": 1611308441343,
    "end": 1611308441344,
    "duration": 1,
    "pid": 2420,
    "index": 60
  },
  {
    "name": "Before Start in node_modules/_egg-watcher@3.1.1@egg-watcher/lib/init.js:15:14",
    "start": 1611308441355,
    "end": 1611308441561,
    "duration": 206,
    "pid": 2420,
    "index": 61
  },
  {
    "name": "Load Service",
    "start": 1611308441392,
    "end": 1611308441398,
    "duration": 6,
    "pid": 2420,
    "index": 62
  },
  {
    "name": "Load \"service\" to Context",
    "start": 1611308441392,
    "end": 1611308441398,
    "duration": 6,
    "pid": 2420,
    "index": 63
  },
  {
    "name": "Load Middleware",
    "start": 1611308441398,
    "end": 1611308441542,
    "duration": 144,
    "pid": 2420,
    "index": 64
  },
  {
    "name": "Load \"middlewares\" to Application",
    "start": 1611308441398,
    "end": 1611308441522,
    "duration": 124,
    "pid": 2420,
    "index": 65
  },
  {
    "name": "Load Controller",
    "start": 1611308441542,
    "end": 1611308441545,
    "duration": 3,
    "pid": 2420,
    "index": 66
  },
  {
    "name": "Load \"controller\" to Application",
    "start": 1611308441542,
    "end": 1611308441545,
    "duration": 3,
    "pid": 2420,
    "index": 67
  },
  {
    "name": "Load Router",
    "start": 1611308441545,
    "end": 1611308441547,
    "duration": 2,
    "pid": 2420,
    "index": 68
  },
  {
    "name": "Require(51) app/router.js",
    "start": 1611308441545,
    "end": 1611308441545,
    "duration": 0,
    "pid": 2420,
    "index": 69
  },
  {
    "name": "Before Start in node_modules/_egg-core@4.20.0@egg-core/lib/egg.js:303:10",
    "start": 1611308441546,
    "end": 1611308441554,
    "duration": 8,
    "pid": 2420,
    "index": 70
  }
]