[
  {
    "name": "Process Start",
    "start": 1611308581143,
    "end": 1611308582202,
    "duration": 1059,
    "pid": 14500,
    "index": 0
  },
  {
    "name": "Application Start",
    "start": 1611308582202,
    "end": 1611308582604,
    "duration": 402,
    "pid": 14500,
    "index": 1
  },
  {
    "name": "Load Plugin",
    "start": 1611308582206,
    "end": 1611308582224,
    "duration": 18,
    "pid": 14500,
    "index": 2
  },
  {
    "name": "Load Config",
    "start": 1611308582224,
    "end": 1611308582245,
    "duration": 21,
    "pid": 14500,
    "index": 3
  },
  {
    "name": "Require(0) config/config.default.js",
    "start": 1611308582225,
    "end": 1611308582225,
    "duration": 0,
    "pid": 14500,
    "index": 4
  },
  {
    "name": "Require(1) node_modules/_egg-session@3.2.0@egg-session/config/config.default.js",
    "start": 1611308582226,
    "end": 1611308582227,
    "duration": 1,
    "pid": 14500,
    "index": 5
  },
  {
    "name": "Require(2) node_modules/_egg-security@2.8.0@egg-security/config/config.default.js",
    "start": 1611308582227,
    "end": 1611308582228,
    "duration": 1,
    "pid": 14500,
    "index": 6
  },
  {
    "name": "Require(3) node_modules/_egg-jsonp@2.0.0@egg-jsonp/config/config.default.js",
    "start": 1611308582229,
    "end": 1611308582229,
    "duration": 0,
    "pid": 14500,
    "index": 7
  },
  {
    "name": "Require(4) node_modules/_egg-onerror@2.1.0@egg-onerror/config/config.default.js",
    "start": 1611308582230,
    "end": 1611308582230,
    "duration": 0,
    "pid": 14500,
    "index": 8
  },
  {
    "name": "Require(5) node_modules/_egg-i18n@2.1.1@egg-i18n/config/config.default.js",
    "start": 1611308582230,
    "end": 1611308582231,
    "duration": 1,
    "pid": 14500,
    "index": 9
  },
  {
    "name": "Require(6) node_modules/_egg-watcher@3.1.1@egg-watcher/config/config.default.js",
    "start": 1611308582231,
    "end": 1611308582232,
    "duration": 1,
    "pid": 14500,
    "index": 10
  },
  {
    "name": "Require(7) node_modules/_egg-schedule@3.6.6@egg-schedule/config/config.default.js",
    "start": 1611308582232,
    "end": 1611308582233,
    "duration": 1,
    "pid": 14500,
    "index": 11
  },
  {
    "name": "Require(8) node_modules/_egg-multipart@2.10.3@egg-multipart/config/config.default.js",
    "start": 1611308582233,
    "end": 1611308582234,
    "duration": 1,
    "pid": 14500,
    "index": 12
  },
  {
    "name": "Require(9) node_modules/_egg-development@2.7.0@egg-development/config/config.default.js",
    "start": 1611308582234,
    "end": 1611308582235,
    "duration": 1,
    "pid": 14500,
    "index": 13
  },
  {
    "name": "Require(10) node_modules/_egg-logrotator@3.1.0@egg-logrotator/config/config.default.js",
    "start": 1611308582235,
    "end": 1611308582236,
    "duration": 1,
    "pid": 14500,
    "index": 14
  },
  {
    "name": "Require(11) node_modules/_egg-static@2.2.0@egg-static/config/config.default.js",
    "start": 1611308582236,
    "end": 1611308582236,
    "duration": 0,
    "pid": 14500,
    "index": 15
  },
  {
    "name": "Require(12) node_modules/_egg-view@2.1.3@egg-view/config/config.default.js",
    "start": 1611308582237,
    "end": 1611308582237,
    "duration": 0,
    "pid": 14500,
    "index": 16
  },
  {
    "name": "Require(13) node_modules/_egg-view-ejs@2.0.1@egg-view-ejs/config/config.default.js",
    "start": 1611308582238,
    "end": 1611308582238,
    "duration": 0,
    "pid": 14500,
    "index": 17
  },
  {
    "name": "Require(14) node_modules/_egg@2.29.1@egg/config/config.default.js",
    "start": 1611308582239,
    "end": 1611308582239,
    "duration": 0,
    "pid": 14500,
    "index": 18
  },
  {
    "name": "Require(15) config/config.default.js",
    "start": 1611308582240,
    "end": 1611308582240,
    "duration": 0,
    "pid": 14500,
    "index": 19
  },
  {
    "name": "Require(16) node_modules/_egg-security@2.8.0@egg-security/config/config.local.js",
    "start": 1611308582241,
    "end": 1611308582241,
    "duration": 0,
    "pid": 14500,
    "index": 20
  },
  {
    "name": "Require(17) node_modules/_egg-watcher@3.1.1@egg-watcher/config/config.local.js",
    "start": 1611308582242,
    "end": 1611308582242,
    "duration": 0,
    "pid": 14500,
    "index": 21
  },
  {
    "name": "Require(18) node_modules/_egg-view@2.1.3@egg-view/config/config.local.js",
    "start": 1611308582244,
    "end": 1611308582244,
    "duration": 0,
    "pid": 14500,
    "index": 22
  },
  {
    "name": "Require(19) node_modules/_egg-view-ejs@2.0.1@egg-view-ejs/config/config.local.js",
    "start": 1611308582244,
    "end": 1611308582245,
    "duration": 1,
    "pid": 14500,
    "index": 23
  },
  {
    "name": "Require(20) node_modules/_egg@2.29.1@egg/config/config.local.js",
    "start": 1611308582245,
    "end": 1611308582245,
    "duration": 0,
    "pid": 14500,
    "index": 24
  },
  {
    "name": "Load extend/application.js",
    "start": 1611308582246,
    "end": 1611308582261,
    "duration": 15,
    "pid": 14500,
    "index": 25
  },
  {
    "name": "Require(21) node_modules/_egg-session@3.2.0@egg-session/app/extend/application.js",
    "start": 1611308582247,
    "end": 1611308582247,
    "duration": 0,
    "pid": 14500,
    "index": 26
  },
  {
    "name": "Require(22) node_modules/_egg-security@2.8.0@egg-security/app/extend/application.js",
    "start": 1611308582248,
    "end": 1611308582249,
    "duration": 1,
    "pid": 14500,
    "index": 27
  },
  {
    "name": "Require(23) node_modules/_egg-jsonp@2.0.0@egg-jsonp/app/extend/application.js",
    "start": 1611308582249,
    "end": 1611308582251,
    "duration": 2,
    "pid": 14500,
    "index": 28
  },
  {
    "name": "Require(24) node_modules/_egg-logrotator@3.1.0@egg-logrotator/app/extend/application.js",
    "start": 1611308582253,
    "end": 1611308582255,
    "duration": 2,
    "pid": 14500,
    "index": 29
  },
  {
    "name": "Require(25) node_modules/_egg-view@2.1.3@egg-view/app/extend/application.js",
    "start": 1611308582256,
    "end": 1611308582258,
    "duration": 2,
    "pid": 14500,
    "index": 30
  },
  {
    "name": "Require(26) app/extend/application.js",
    "start": 1611308582259,
    "end": 1611308582259,
    "duration": 0,
    "pid": 14500,
    "index": 31
  },
  {
    "name": "Load extend/request.js",
    "start": 1611308582261,
    "end": 1611308582268,
    "duration": 7,
    "pid": 14500,
    "index": 32
  },
  {
    "name": "Require(27) node_modules/_egg@2.29.1@egg/app/extend/request.js",
    "start": 1611308582264,
    "end": 1611308582265,
    "duration": 1,
    "pid": 14500,
    "index": 33
  },
  {
    "name": "Require(28) app/extend/request.js",
    "start": 1611308582266,
    "end": 1611308582266,
    "duration": 0,
    "pid": 14500,
    "index": 34
  },
  {
    "name": "Load extend/response.js",
    "start": 1611308582268,
    "end": 1611308582278,
    "duration": 10,
    "pid": 14500,
    "index": 35
  },
  {
    "name": "Require(29) node_modules/_egg@2.29.1@egg/app/extend/response.js",
    "start": 1611308582273,
    "end": 1611308582275,
    "duration": 2,
    "pid": 14500,
    "index": 36
  },
  {
    "name": "Load extend/context.js",
    "start": 1611308582278,
    "end": 1611308582350,
    "duration": 72,
    "pid": 14500,
    "index": 37
  },
  {
    "name": "Require(30) node_modules/_egg-security@2.8.0@egg-security/app/extend/context.js",
    "start": 1611308582279,
    "end": 1611308582292,
    "duration": 13,
    "pid": 14500,
    "index": 38
  },
  {
    "name": "Require(31) node_modules/_egg-jsonp@2.0.0@egg-jsonp/app/extend/context.js",
    "start": 1611308582292,
    "end": 1611308582294,
    "duration": 2,
    "pid": 14500,
    "index": 39
  },
  {
    "name": "Require(32) node_modules/_egg-i18n@2.1.1@egg-i18n/app/extend/context.js",
    "start": 1611308582294,
    "end": 1611308582295,
    "duration": 1,
    "pid": 14500,
    "index": 40
  },
  {
    "name": "Require(33) node_modules/_egg-multipart@2.10.3@egg-multipart/app/extend/context.js",
    "start": 1611308582295,
    "end": 1611308582342,
    "duration": 47,
    "pid": 14500,
    "index": 41
  },
  {
    "name": "Require(34) node_modules/_egg-view@2.1.3@egg-view/app/extend/context.js",
    "start": 1611308582343,
    "end": 1611308582344,
    "duration": 1,
    "pid": 14500,
    "index": 42
  },
  {
    "name": "Require(35) node_modules/_egg@2.29.1@egg/app/extend/context.js",
    "start": 1611308582345,
    "end": 1611308582347,
    "duration": 2,
    "pid": 14500,
    "index": 43
  },
  {
    "name": "Require(36) app/extend/context.js",
    "start": 1611308582347,
    "end": 1611308582347,
    "duration": 0,
    "pid": 14500,
    "index": 44
  },
  {
    "name": "Load extend/helper.js",
    "start": 1611308582350,
    "end": 1611308582374,
    "duration": 24,
    "pid": 14500,
    "index": 45
  },
  {
    "name": "Require(37) node_modules/_egg-security@2.8.0@egg-security/app/extend/helper.js",
    "start": 1611308582351,
    "end": 1611308582366,
    "duration": 15,
    "pid": 14500,
    "index": 46
  },
  {
    "name": "Require(38) node_modules/_egg@2.29.1@egg/app/extend/helper.js",
    "start": 1611308582368,
    "end": 1611308582369,
    "duration": 1,
    "pid": 14500,
    "index": 47
  },
  {
    "name": "Require(39) app/extend/helper.js",
    "start": 1611308582369,
    "end": 1611308582371,
    "duration": 2,
    "pid": 14500,
    "index": 48
  },
  {
    "name": "Load app.js",
    "start": 1611308582374,
    "end": 1611308582409,
    "duration": 35,
    "pid": 14500,
    "index": 49
  },
  {
    "name": "Require(40) node_modules/_egg-session@3.2.0@egg-session/app.js",
    "start": 1611308582374,
    "end": 1611308582375,
    "duration": 1,
    "pid": 14500,
    "index": 50
  },
  {
    "name": "Require(41) node_modules/_egg-security@2.8.0@egg-security/app.js",
    "start": 1611308582375,
    "end": 1611308582377,
    "duration": 2,
    "pid": 14500,
    "index": 51
  },
  {
    "name": "Require(42) node_modules/_egg-onerror@2.1.0@egg-onerror/app.js",
    "start": 1611308582377,
    "end": 1611308582387,
    "duration": 10,
    "pid": 14500,
    "index": 52
  },
  {
    "name": "Require(43) node_modules/_egg-i18n@2.1.1@egg-i18n/app.js",
    "start": 1611308582387,
    "end": 1611308582396,
    "duration": 9,
    "pid": 14500,
    "index": 53
  },
  {
    "name": "Require(44) node_modules/_egg-watcher@3.1.1@egg-watcher/app.js",
    "start": 1611308582396,
    "end": 1611308582401,
    "duration": 5,
    "pid": 14500,
    "index": 54
  },
  {
    "name": "Require(45) node_modules/_egg-schedule@3.6.6@egg-schedule/app.js",
    "start": 1611308582401,
    "end": 1611308582403,
    "duration": 2,
    "pid": 14500,
    "index": 55
  },
  {
    "name": "Require(46) node_modules/_egg-multipart@2.10.3@egg-multipart/app.js",
    "start": 1611308582403,
    "end": 1611308582404,
    "duration": 1,
    "pid": 14500,
    "index": 56
  },
  {
    "name": "Require(47) node_modules/_egg-development@2.7.0@egg-development/app.js",
    "start": 1611308582404,
    "end": 1611308582404,
    "duration": 0,
    "pid": 14500,
    "index": 57
  },
  {
    "name": "Require(48) node_modules/_egg-logrotator@3.1.0@egg-logrotator/app.js",
    "start": 1611308582405,
    "end": 1611308582405,
    "duration": 0,
    "pid": 14500,
    "index": 58
  },
  {
    "name": "Require(49) node_modules/_egg-static@2.2.0@egg-static/app.js",
    "start": 1611308582405,
    "end": 1611308582406,
    "duration": 1,
    "pid": 14500,
    "index": 59
  },
  {
    "name": "Require(50) node_modules/_egg-view-ejs@2.0.1@egg-view-ejs/app.js",
    "start": 1611308582406,
    "end": 1611308582408,
    "duration": 2,
    "pid": 14500,
    "index": 60
  },
  {
    "name": "Before Start in node_modules/_egg-watcher@3.1.1@egg-watcher/lib/init.js:15:14",
    "start": 1611308582417,
    "end": 1611308582603,
    "duration": 186,
    "pid": 14500,
    "index": 61
  },
  {
    "name": "Load Service",
    "start": 1611308582449,
    "end": 1611308582455,
    "duration": 6,
    "pid": 14500,
    "index": 62
  },
  {
    "name": "Load \"service\" to Context",
    "start": 1611308582449,
    "end": 1611308582455,
    "duration": 6,
    "pid": 14500,
    "index": 63
  },
  {
    "name": "Load Middleware",
    "start": 1611308582455,
    "end": 1611308582585,
    "duration": 130,
    "pid": 14500,
    "index": 64
  },
  {
    "name": "Load \"middlewares\" to Application",
    "start": 1611308582456,
    "end": 1611308582567,
    "duration": 111,
    "pid": 14500,
    "index": 65
  },
  {
    "name": "Load Controller",
    "start": 1611308582585,
    "end": 1611308582589,
    "duration": 4,
    "pid": 14500,
    "index": 66
  },
  {
    "name": "Load \"controller\" to Application",
    "start": 1611308582585,
    "end": 1611308582589,
    "duration": 4,
    "pid": 14500,
    "index": 67
  },
  {
    "name": "Load Router",
    "start": 1611308582589,
    "end": 1611308582591,
    "duration": 2,
    "pid": 14500,
    "index": 68
  },
  {
    "name": "Require(51) app/router.js",
    "start": 1611308582589,
    "end": 1611308582590,
    "duration": 1,
    "pid": 14500,
    "index": 69
  },
  {
    "name": "Before Start in node_modules/_egg-core@4.20.0@egg-core/lib/egg.js:303:10",
    "start": 1611308582590,
    "end": 1611308582598,
    "duration": 8,
    "pid": 14500,
    "index": 70
  }
]