[
  {
    "name": "Process Start",
    "start": 1611308279976,
    "end": 1611308281191,
    "duration": 1215,
    "pid": 10348,
    "index": 0
  },
  {
    "name": "Application Start",
    "start": 1611308281192,
    "end": 1611308281634,
    "duration": 442,
    "pid": 10348,
    "index": 1
  },
  {
    "name": "Load Plugin",
    "start": 1611308281197,
    "end": 1611308281215,
    "duration": 18,
    "pid": 10348,
    "index": 2
  },
  {
    "name": "Load Config",
    "start": 1611308281215,
    "end": 1611308281238,
    "duration": 23,
    "pid": 10348,
    "index": 3
  },
  {
    "name": "Require(0) config/config.default.js",
    "start": 1611308281216,
    "end": 1611308281216,
    "duration": 0,
    "pid": 10348,
    "index": 4
  },
  {
    "name": "Require(1) node_modules/_egg-session@3.2.0@egg-session/config/config.default.js",
    "start": 1611308281218,
    "end": 1611308281218,
    "duration": 0,
    "pid": 10348,
    "index": 5
  },
  {
    "name": "Require(2) node_modules/_egg-security@2.8.0@egg-security/config/config.default.js",
    "start": 1611308281219,
    "end": 1611308281219,
    "duration": 0,
    "pid": 10348,
    "index": 6
  },
  {
    "name": "Require(3) node_modules/_egg-jsonp@2.0.0@egg-jsonp/config/config.default.js",
    "start": 1611308281220,
    "end": 1611308281221,
    "duration": 1,
    "pid": 10348,
    "index": 7
  },
  {
    "name": "Require(4) node_modules/_egg-onerror@2.1.0@egg-onerror/config/config.default.js",
    "start": 1611308281221,
    "end": 1611308281221,
    "duration": 0,
    "pid": 10348,
    "index": 8
  },
  {
    "name": "Require(5) node_modules/_egg-i18n@2.1.1@egg-i18n/config/config.default.js",
    "start": 1611308281222,
    "end": 1611308281222,
    "duration": 0,
    "pid": 10348,
    "index": 9
  },
  {
    "name": "Require(6) node_modules/_egg-watcher@3.1.1@egg-watcher/config/config.default.js",
    "start": 1611308281223,
    "end": 1611308281224,
    "duration": 1,
    "pid": 10348,
    "index": 10
  },
  {
    "name": "Require(7) node_modules/_egg-schedule@3.6.6@egg-schedule/config/config.default.js",
    "start": 1611308281224,
    "end": 1611308281225,
    "duration": 1,
    "pid": 10348,
    "index": 11
  },
  {
    "name": "Require(8) node_modules/_egg-multipart@2.10.3@egg-multipart/config/config.default.js",
    "start": 1611308281225,
    "end": 1611308281226,
    "duration": 1,
    "pid": 10348,
    "index": 12
  },
  {
    "name": "Require(9) node_modules/_egg-development@2.7.0@egg-development/config/config.default.js",
    "start": 1611308281226,
    "end": 1611308281227,
    "duration": 1,
    "pid": 10348,
    "index": 13
  },
  {
    "name": "Require(10) node_modules/_egg-logrotator@3.1.0@egg-logrotator/config/config.default.js",
    "start": 1611308281227,
    "end": 1611308281228,
    "duration": 1,
    "pid": 10348,
    "index": 14
  },
  {
    "name": "Require(11) node_modules/_egg-static@2.2.0@egg-static/config/config.default.js",
    "start": 1611308281228,
    "end": 1611308281229,
    "duration": 1,
    "pid": 10348,
    "index": 15
  },
  {
    "name": "Require(12) node_modules/_egg-view@2.1.3@egg-view/config/config.default.js",
    "start": 1611308281229,
    "end": 1611308281230,
    "duration": 1,
    "pid": 10348,
    "index": 16
  },
  {
    "name": "Require(13) node_modules/_egg-view-ejs@2.0.1@egg-view-ejs/config/config.default.js",
    "start": 1611308281230,
    "end": 1611308281231,
    "duration": 1,
    "pid": 10348,
    "index": 17
  },
  {
    "name": "Require(14) node_modules/_egg@2.29.1@egg/config/config.default.js",
    "start": 1611308281231,
    "end": 1611308281232,
    "duration": 1,
    "pid": 10348,
    "index": 18
  },
  {
    "name": "Require(15) config/config.default.js",
    "start": 1611308281233,
    "end": 1611308281233,
    "duration": 0,
    "pid": 10348,
    "index": 19
  },
  {
    "name": "Require(16) node_modules/_egg-security@2.8.0@egg-security/config/config.local.js",
    "start": 1611308281234,
    "end": 1611308281234,
    "duration": 0,
    "pid": 10348,
    "index": 20
  },
  {
    "name": "Require(17) node_modules/_egg-watcher@3.1.1@egg-watcher/config/config.local.js",
    "start": 1611308281235,
    "end": 1611308281235,
    "duration": 0,
    "pid": 10348,
    "index": 21
  },
  {
    "name": "Require(18) node_modules/_egg-view@2.1.3@egg-view/config/config.local.js",
    "start": 1611308281237,
    "end": 1611308281237,
    "duration": 0,
    "pid": 10348,
    "index": 22
  },
  {
    "name": "Require(19) node_modules/_egg-view-ejs@2.0.1@egg-view-ejs/config/config.local.js",
    "start": 1611308281237,
    "end": 1611308281238,
    "duration": 1,
    "pid": 10348,
    "index": 23
  },
  {
    "name": "Require(20) node_modules/_egg@2.29.1@egg/config/config.local.js",
    "start": 1611308281238,
    "end": 1611308281238,
    "duration": 0,
    "pid": 10348,
    "index": 24
  },
  {
    "name": "Load extend/application.js",
    "start": 1611308281239,
    "end": 1611308281256,
    "duration": 17,
    "pid": 10348,
    "index": 25
  },
  {
    "name": "Require(21) node_modules/_egg-session@3.2.0@egg-session/app/extend/application.js",
    "start": 1611308281240,
    "end": 1611308281240,
    "duration": 0,
    "pid": 10348,
    "index": 26
  },
  {
    "name": "Require(22) node_modules/_egg-security@2.8.0@egg-security/app/extend/application.js",
    "start": 1611308281241,
    "end": 1611308281242,
    "duration": 1,
    "pid": 10348,
    "index": 27
  },
  {
    "name": "Require(23) node_modules/_egg-jsonp@2.0.0@egg-jsonp/app/extend/application.js",
    "start": 1611308281243,
    "end": 1611308281245,
    "duration": 2,
    "pid": 10348,
    "index": 28
  },
  {
    "name": "Require(24) node_modules/_egg-logrotator@3.1.0@egg-logrotator/app/extend/application.js",
    "start": 1611308281247,
    "end": 1611308281250,
    "duration": 3,
    "pid": 10348,
    "index": 29
  },
  {
    "name": "Require(25) node_modules/_egg-view@2.1.3@egg-view/app/extend/application.js",
    "start": 1611308281250,
    "end": 1611308281253,
    "duration": 3,
    "pid": 10348,
    "index": 30
  },
  {
    "name": "Require(26) app/extend/application.js",
    "start": 1611308281253,
    "end": 1611308281254,
    "duration": 1,
    "pid": 10348,
    "index": 31
  },
  {
    "name": "Load extend/request.js",
    "start": 1611308281256,
    "end": 1611308281266,
    "duration": 10,
    "pid": 10348,
    "index": 32
  },
  {
    "name": "Require(27) node_modules/_egg@2.29.1@egg/app/extend/request.js",
    "start": 1611308281259,
    "end": 1611308281261,
    "duration": 2,
    "pid": 10348,
    "index": 33
  },
  {
    "name": "Require(28) app/extend/request.js",
    "start": 1611308281262,
    "end": 1611308281262,
    "duration": 0,
    "pid": 10348,
    "index": 34
  },
  {
    "name": "Load extend/response.js",
    "start": 1611308281266,
    "end": 1611308281274,
    "duration": 8,
    "pid": 10348,
    "index": 35
  },
  {
    "name": "Require(29) node_modules/_egg@2.29.1@egg/app/extend/response.js",
    "start": 1611308281269,
    "end": 1611308281271,
    "duration": 2,
    "pid": 10348,
    "index": 36
  },
  {
    "name": "Load extend/context.js",
    "start": 1611308281274,
    "end": 1611308281343,
    "duration": 69,
    "pid": 10348,
    "index": 37
  },
  {
    "name": "Require(30) node_modules/_egg-security@2.8.0@egg-security/app/extend/context.js",
    "start": 1611308281275,
    "end": 1611308281289,
    "duration": 14,
    "pid": 10348,
    "index": 38
  },
  {
    "name": "Require(31) node_modules/_egg-jsonp@2.0.0@egg-jsonp/app/extend/context.js",
    "start": 1611308281289,
    "end": 1611308281291,
    "duration": 2,
    "pid": 10348,
    "index": 39
  },
  {
    "name": "Require(32) node_modules/_egg-i18n@2.1.1@egg-i18n/app/extend/context.js",
    "start": 1611308281291,
    "end": 1611308281292,
    "duration": 1,
    "pid": 10348,
    "index": 40
  },
  {
    "name": "Require(33) node_modules/_egg-multipart@2.10.3@egg-multipart/app/extend/context.js",
    "start": 1611308281293,
    "end": 1611308281337,
    "duration": 44,
    "pid": 10348,
    "index": 41
  },
  {
    "name": "Require(34) node_modules/_egg-view@2.1.3@egg-view/app/extend/context.js",
    "start": 1611308281337,
    "end": 1611308281338,
    "duration": 1,
    "pid": 10348,
    "index": 42
  },
  {
    "name": "Require(35) node_modules/_egg@2.29.1@egg/app/extend/context.js",
    "start": 1611308281339,
    "end": 1611308281340,
    "duration": 1,
    "pid": 10348,
    "index": 43
  },
  {
    "name": "Require(36) app/extend/context.js",
    "start": 1611308281341,
    "end": 1611308281341,
    "duration": 0,
    "pid": 10348,
    "index": 44
  },
  {
    "name": "Load extend/helper.js",
    "start": 1611308281344,
    "end": 1611308281367,
    "duration": 23,
    "pid": 10348,
    "index": 45
  },
  {
    "name": "Require(37) node_modules/_egg-security@2.8.0@egg-security/app/extend/helper.js",
    "start": 1611308281344,
    "end": 1611308281359,
    "duration": 15,
    "pid": 10348,
    "index": 46
  },
  {
    "name": "Require(38) node_modules/_egg@2.29.1@egg/app/extend/helper.js",
    "start": 1611308281362,
    "end": 1611308281362,
    "duration": 0,
    "pid": 10348,
    "index": 47
  },
  {
    "name": "Require(39) app/extend/helper.js",
    "start": 1611308281363,
    "end": 1611308281365,
    "duration": 2,
    "pid": 10348,
    "index": 48
  },
  {
    "name": "Load app.js",
    "start": 1611308281368,
    "end": 1611308281402,
    "duration": 34,
    "pid": 10348,
    "index": 49
  },
  {
    "name": "Require(40) node_modules/_egg-session@3.2.0@egg-session/app.js",
    "start": 1611308281368,
    "end": 1611308281368,
    "duration": 0,
    "pid": 10348,
    "index": 50
  },
  {
    "name": "Require(41) node_modules/_egg-security@2.8.0@egg-security/app.js",
    "start": 1611308281369,
    "end": 1611308281370,
    "duration": 1,
    "pid": 10348,
    "index": 51
  },
  {
    "name": "Require(42) node_modules/_egg-onerror@2.1.0@egg-onerror/app.js",
    "start": 1611308281371,
    "end": 1611308281381,
    "duration": 10,
    "pid": 10348,
    "index": 52
  },
  {
    "name": "Require(43) node_modules/_egg-i18n@2.1.1@egg-i18n/app.js",
    "start": 1611308281382,
    "end": 1611308281389,
    "duration": 7,
    "pid": 10348,
    "index": 53
  },
  {
    "name": "Require(44) node_modules/_egg-watcher@3.1.1@egg-watcher/app.js",
    "start": 1611308281390,
    "end": 1611308281395,
    "duration": 5,
    "pid": 10348,
    "index": 54
  },
  {
    "name": "Require(45) node_modules/_egg-schedule@3.6.6@egg-schedule/app.js",
    "start": 1611308281395,
    "end": 1611308281397,
    "duration": 2,
    "pid": 10348,
    "index": 55
  },
  {
    "name": "Require(46) node_modules/_egg-multipart@2.10.3@egg-multipart/app.js",
    "start": 1611308281397,
    "end": 1611308281398,
    "duration": 1,
    "pid": 10348,
    "index": 56
  },
  {
    "name": "Require(47) node_modules/_egg-development@2.7.0@egg-development/app.js",
    "start": 1611308281398,
    "end": 1611308281398,
    "duration": 0,
    "pid": 10348,
    "index": 57
  },
  {
    "name": "Require(48) node_modules/_egg-logrotator@3.1.0@egg-logrotator/app.js",
    "start": 1611308281398,
    "end": 1611308281399,
    "duration": 1,
    "pid": 10348,
    "index": 58
  },
  {
    "name": "Require(49) node_modules/_egg-static@2.2.0@egg-static/app.js",
    "start": 1611308281399,
    "end": 1611308281399,
    "duration": 0,
    "pid": 10348,
    "index": 59
  },
  {
    "name": "Require(50) node_modules/_egg-view-ejs@2.0.1@egg-view-ejs/app.js",
    "start": 1611308281400,
    "end": 1611308281401,
    "duration": 1,
    "pid": 10348,
    "index": 60
  },
  {
    "name": "Before Start in node_modules/_egg-watcher@3.1.1@egg-watcher/lib/init.js:15:14",
    "start": 1611308281412,
    "end": 1611308281634,
    "duration": 222,
    "pid": 10348,
    "index": 61
  },
  {
    "name": "Load Service",
    "start": 1611308281447,
    "end": 1611308281456,
    "duration": 9,
    "pid": 10348,
    "index": 62
  },
  {
    "name": "Load \"service\" to Context",
    "start": 1611308281447,
    "end": 1611308281456,
    "duration": 9,
    "pid": 10348,
    "index": 63
  },
  {
    "name": "Load Middleware",
    "start": 1611308281456,
    "end": 1611308281616,
    "duration": 160,
    "pid": 10348,
    "index": 64
  },
  {
    "name": "Load \"middlewares\" to Application",
    "start": 1611308281456,
    "end": 1611308281597,
    "duration": 141,
    "pid": 10348,
    "index": 65
  },
  {
    "name": "Load Controller",
    "start": 1611308281616,
    "end": 1611308281619,
    "duration": 3,
    "pid": 10348,
    "index": 66
  },
  {
    "name": "Load \"controller\" to Application",
    "start": 1611308281616,
    "end": 1611308281619,
    "duration": 3,
    "pid": 10348,
    "index": 67
  },
  {
    "name": "Load Router",
    "start": 1611308281619,
    "end": 1611308281621,
    "duration": 2,
    "pid": 10348,
    "index": 68
  },
  {
    "name": "Require(51) app/router.js",
    "start": 1611308281619,
    "end": 1611308281619,
    "duration": 0,
    "pid": 10348,
    "index": 69
  },
  {
    "name": "Before Start in node_modules/_egg-core@4.20.0@egg-core/lib/egg.js:303:10",
    "start": 1611308281620,
    "end": 1611308281627,
    "duration": 7,
    "pid": 10348,
    "index": 70
  }
]