[
  {
    "name": "Process Start",
    "start": 1611308394377,
    "end": 1611308395504,
    "duration": 1127,
    "pid": 19676,
    "index": 0
  },
  {
    "name": "Application Start",
    "start": 1611308395504,
    "end": 1611308396032,
    "duration": 528,
    "pid": 19676,
    "index": 1
  },
  {
    "name": "Load Plugin",
    "start": 1611308395511,
    "end": 1611308395549,
    "duration": 38,
    "pid": 19676,
    "index": 2
  },
  {
    "name": "Load Config",
    "start": 1611308395549,
    "end": 1611308395580,
    "duration": 31,
    "pid": 19676,
    "index": 3
  },
  {
    "name": "Require(0) config/config.default.js",
    "start": 1611308395550,
    "end": 1611308395551,
    "duration": 1,
    "pid": 19676,
    "index": 4
  },
  {
    "name": "Require(1) node_modules/_egg-session@3.2.0@egg-session/config/config.default.js",
    "start": 1611308395553,
    "end": 1611308395554,
    "duration": 1,
    "pid": 19676,
    "index": 5
  },
  {
    "name": "Require(2) node_modules/_egg-security@2.8.0@egg-security/config/config.default.js",
    "start": 1611308395555,
    "end": 1611308395556,
    "duration": 1,
    "pid": 19676,
    "index": 6
  },
  {
    "name": "Require(3) node_modules/_egg-jsonp@2.0.0@egg-jsonp/config/config.default.js",
    "start": 1611308395557,
    "end": 1611308395558,
    "duration": 1,
    "pid": 19676,
    "index": 7
  },
  {
    "name": "Require(4) node_modules/_egg-onerror@2.1.0@egg-onerror/config/config.default.js",
    "start": 1611308395558,
    "end": 1611308395559,
    "duration": 1,
    "pid": 19676,
    "index": 8
  },
  {
    "name": "Require(5) node_modules/_egg-i18n@2.1.1@egg-i18n/config/config.default.js",
    "start": 1611308395559,
    "end": 1611308395560,
    "duration": 1,
    "pid": 19676,
    "index": 9
  },
  {
    "name": "Require(6) node_modules/_egg-watcher@3.1.1@egg-watcher/config/config.default.js",
    "start": 1611308395561,
    "end": 1611308395561,
    "duration": 0,
    "pid": 19676,
    "index": 10
  },
  {
    "name": "Require(7) node_modules/_egg-schedule@3.6.6@egg-schedule/config/config.default.js",
    "start": 1611308395563,
    "end": 1611308395564,
    "duration": 1,
    "pid": 19676,
    "index": 11
  },
  {
    "name": "Require(8) node_modules/_egg-multipart@2.10.3@egg-multipart/config/config.default.js",
    "start": 1611308395564,
    "end": 1611308395565,
    "duration": 1,
    "pid": 19676,
    "index": 12
  },
  {
    "name": "Require(9) node_modules/_egg-development@2.7.0@egg-development/config/config.default.js",
    "start": 1611308395566,
    "end": 1611308395567,
    "duration": 1,
    "pid": 19676,
    "index": 13
  },
  {
    "name": "Require(10) node_modules/_egg-logrotator@3.1.0@egg-logrotator/config/config.default.js",
    "start": 1611308395567,
    "end": 1611308395568,
    "duration": 1,
    "pid": 19676,
    "index": 14
  },
  {
    "name": "Require(11) node_modules/_egg-static@2.2.0@egg-static/config/config.default.js",
    "start": 1611308395568,
    "end": 1611308395569,
    "duration": 1,
    "pid": 19676,
    "index": 15
  },
  {
    "name": "Require(12) node_modules/_egg-view@2.1.3@egg-view/config/config.default.js",
    "start": 1611308395569,
    "end": 1611308395570,
    "duration": 1,
    "pid": 19676,
    "index": 16
  },
  {
    "name": "Require(13) node_modules/_egg-view-ejs@2.0.1@egg-view-ejs/config/config.default.js",
    "start": 1611308395570,
    "end": 1611308395571,
    "duration": 1,
    "pid": 19676,
    "index": 17
  },
  {
    "name": "Require(14) node_modules/_egg@2.29.1@egg/config/config.default.js",
    "start": 1611308395571,
    "end": 1611308395572,
    "duration": 1,
    "pid": 19676,
    "index": 18
  },
  {
    "name": "Require(15) config/config.default.js",
    "start": 1611308395573,
    "end": 1611308395573,
    "duration": 0,
    "pid": 19676,
    "index": 19
  },
  {
    "name": "Require(16) node_modules/_egg-security@2.8.0@egg-security/config/config.local.js",
    "start": 1611308395574,
    "end": 1611308395574,
    "duration": 0,
    "pid": 19676,
    "index": 20
  },
  {
    "name": "Require(17) node_modules/_egg-watcher@3.1.1@egg-watcher/config/config.local.js",
    "start": 1611308395575,
    "end": 1611308395576,
    "duration": 1,
    "pid": 19676,
    "index": 21
  },
  {
    "name": "Require(18) node_modules/_egg-view@2.1.3@egg-view/config/config.local.js",
    "start": 1611308395577,
    "end": 1611308395577,
    "duration": 0,
    "pid": 19676,
    "index": 22
  },
  {
    "name": "Require(19) node_modules/_egg-view-ejs@2.0.1@egg-view-ejs/config/config.local.js",
    "start": 1611308395578,
    "end": 1611308395578,
    "duration": 0,
    "pid": 19676,
    "index": 23
  },
  {
    "name": "Require(20) node_modules/_egg@2.29.1@egg/config/config.local.js",
    "start": 1611308395579,
    "end": 1611308395580,
    "duration": 1,
    "pid": 19676,
    "index": 24
  },
  {
    "name": "Load extend/application.js",
    "start": 1611308395581,
    "end": 1611308395604,
    "duration": 23,
    "pid": 19676,
    "index": 25
  },
  {
    "name": "Require(21) node_modules/_egg-session@3.2.0@egg-session/app/extend/application.js",
    "start": 1611308395582,
    "end": 1611308395583,
    "duration": 1,
    "pid": 19676,
    "index": 26
  },
  {
    "name": "Require(22) node_modules/_egg-security@2.8.0@egg-security/app/extend/application.js",
    "start": 1611308395583,
    "end": 1611308395587,
    "duration": 4,
    "pid": 19676,
    "index": 27
  },
  {
    "name": "Require(23) node_modules/_egg-jsonp@2.0.0@egg-jsonp/app/extend/application.js",
    "start": 1611308395588,
    "end": 1611308395590,
    "duration": 2,
    "pid": 19676,
    "index": 28
  },
  {
    "name": "Require(24) node_modules/_egg-logrotator@3.1.0@egg-logrotator/app/extend/application.js",
    "start": 1611308395593,
    "end": 1611308395598,
    "duration": 5,
    "pid": 19676,
    "index": 29
  },
  {
    "name": "Require(25) node_modules/_egg-view@2.1.3@egg-view/app/extend/application.js",
    "start": 1611308395598,
    "end": 1611308395600,
    "duration": 2,
    "pid": 19676,
    "index": 30
  },
  {
    "name": "Require(26) app/extend/application.js",
    "start": 1611308395601,
    "end": 1611308395601,
    "duration": 0,
    "pid": 19676,
    "index": 31
  },
  {
    "name": "Load extend/request.js",
    "start": 1611308395604,
    "end": 1611308395611,
    "duration": 7,
    "pid": 19676,
    "index": 32
  },
  {
    "name": "Require(27) node_modules/_egg@2.29.1@egg/app/extend/request.js",
    "start": 1611308395607,
    "end": 1611308395608,
    "duration": 1,
    "pid": 19676,
    "index": 33
  },
  {
    "name": "Require(28) app/extend/request.js",
    "start": 1611308395608,
    "end": 1611308395609,
    "duration": 1,
    "pid": 19676,
    "index": 34
  },
  {
    "name": "Load extend/response.js",
    "start": 1611308395611,
    "end": 1611308395624,
    "duration": 13,
    "pid": 19676,
    "index": 35
  },
  {
    "name": "Require(29) node_modules/_egg@2.29.1@egg/app/extend/response.js",
    "start": 1611308395618,
    "end": 1611308395620,
    "duration": 2,
    "pid": 19676,
    "index": 36
  },
  {
    "name": "Load extend/context.js",
    "start": 1611308395624,
    "end": 1611308395704,
    "duration": 80,
    "pid": 19676,
    "index": 37
  },
  {
    "name": "Require(30) node_modules/_egg-security@2.8.0@egg-security/app/extend/context.js",
    "start": 1611308395624,
    "end": 1611308395639,
    "duration": 15,
    "pid": 19676,
    "index": 38
  },
  {
    "name": "Require(31) node_modules/_egg-jsonp@2.0.0@egg-jsonp/app/extend/context.js",
    "start": 1611308395640,
    "end": 1611308395641,
    "duration": 1,
    "pid": 19676,
    "index": 39
  },
  {
    "name": "Require(32) node_modules/_egg-i18n@2.1.1@egg-i18n/app/extend/context.js",
    "start": 1611308395642,
    "end": 1611308395642,
    "duration": 0,
    "pid": 19676,
    "index": 40
  },
  {
    "name": "Require(33) node_modules/_egg-multipart@2.10.3@egg-multipart/app/extend/context.js",
    "start": 1611308395643,
    "end": 1611308395694,
    "duration": 51,
    "pid": 19676,
    "index": 41
  },
  {
    "name": "Require(34) node_modules/_egg-view@2.1.3@egg-view/app/extend/context.js",
    "start": 1611308395695,
    "end": 1611308395697,
    "duration": 2,
    "pid": 19676,
    "index": 42
  },
  {
    "name": "Require(35) node_modules/_egg@2.29.1@egg/app/extend/context.js",
    "start": 1611308395698,
    "end": 1611308395700,
    "duration": 2,
    "pid": 19676,
    "index": 43
  },
  {
    "name": "Require(36) app/extend/context.js",
    "start": 1611308395701,
    "end": 1611308395701,
    "duration": 0,
    "pid": 19676,
    "index": 44
  },
  {
    "name": "Load extend/helper.js",
    "start": 1611308395704,
    "end": 1611308395732,
    "duration": 28,
    "pid": 19676,
    "index": 45
  },
  {
    "name": "Require(37) node_modules/_egg-security@2.8.0@egg-security/app/extend/helper.js",
    "start": 1611308395704,
    "end": 1611308395723,
    "duration": 19,
    "pid": 19676,
    "index": 46
  },
  {
    "name": "Require(38) node_modules/_egg@2.29.1@egg/app/extend/helper.js",
    "start": 1611308395725,
    "end": 1611308395726,
    "duration": 1,
    "pid": 19676,
    "index": 47
  },
  {
    "name": "Require(39) app/extend/helper.js",
    "start": 1611308395726,
    "end": 1611308395728,
    "duration": 2,
    "pid": 19676,
    "index": 48
  },
  {
    "name": "Load app.js",
    "start": 1611308395733,
    "end": 1611308395779,
    "duration": 46,
    "pid": 19676,
    "index": 49
  },
  {
    "name": "Require(40) node_modules/_egg-session@3.2.0@egg-session/app.js",
    "start": 1611308395733,
    "end": 1611308395733,
    "duration": 0,
    "pid": 19676,
    "index": 50
  },
  {
    "name": "Require(41) node_modules/_egg-security@2.8.0@egg-security/app.js",
    "start": 1611308395734,
    "end": 1611308395736,
    "duration": 2,
    "pid": 19676,
    "index": 51
  },
  {
    "name": "Require(42) node_modules/_egg-onerror@2.1.0@egg-onerror/app.js",
    "start": 1611308395737,
    "end": 1611308395750,
    "duration": 13,
    "pid": 19676,
    "index": 52
  },
  {
    "name": "Require(43) node_modules/_egg-i18n@2.1.1@egg-i18n/app.js",
    "start": 1611308395751,
    "end": 1611308395760,
    "duration": 9,
    "pid": 19676,
    "index": 53
  },
  {
    "name": "Require(44) node_modules/_egg-watcher@3.1.1@egg-watcher/app.js",
    "start": 1611308395760,
    "end": 1611308395768,
    "duration": 8,
    "pid": 19676,
    "index": 54
  },
  {
    "name": "Require(45) node_modules/_egg-schedule@3.6.6@egg-schedule/app.js",
    "start": 1611308395768,
    "end": 1611308395771,
    "duration": 3,
    "pid": 19676,
    "index": 55
  },
  {
    "name": "Require(46) node_modules/_egg-multipart@2.10.3@egg-multipart/app.js",
    "start": 1611308395772,
    "end": 1611308395772,
    "duration": 0,
    "pid": 19676,
    "index": 56
  },
  {
    "name": "Require(47) node_modules/_egg-development@2.7.0@egg-development/app.js",
    "start": 1611308395773,
    "end": 1611308395773,
    "duration": 0,
    "pid": 19676,
    "index": 57
  },
  {
    "name": "Require(48) node_modules/_egg-logrotator@3.1.0@egg-logrotator/app.js",
    "start": 1611308395773,
    "end": 1611308395774,
    "duration": 1,
    "pid": 19676,
    "index": 58
  },
  {
    "name": "Require(49) node_modules/_egg-static@2.2.0@egg-static/app.js",
    "start": 1611308395774,
    "end": 1611308395774,
    "duration": 0,
    "pid": 19676,
    "index": 59
  },
  {
    "name": "Require(50) node_modules/_egg-view-ejs@2.0.1@egg-view-ejs/app.js",
    "start": 1611308395775,
    "end": 1611308395777,
    "duration": 2,
    "pid": 19676,
    "index": 60
  },
  {
    "name": "Before Start in node_modules/_egg-watcher@3.1.1@egg-watcher/lib/init.js:15:14",
    "start": 1611308395791,
    "end": 1611308396032,
    "duration": 241,
    "pid": 19676,
    "index": 61
  },
  {
    "name": "Load Service",
    "start": 1611308395853,
    "end": 1611308395861,
    "duration": 8,
    "pid": 19676,
    "index": 62
  },
  {
    "name": "Load \"service\" to Context",
    "start": 1611308395853,
    "end": 1611308395861,
    "duration": 8,
    "pid": 19676,
    "index": 63
  },
  {
    "name": "Load Middleware",
    "start": 1611308395861,
    "end": 1611308396013,
    "duration": 152,
    "pid": 19676,
    "index": 64
  },
  {
    "name": "Load \"middlewares\" to Application",
    "start": 1611308395861,
    "end": 1611308395996,
    "duration": 135,
    "pid": 19676,
    "index": 65
  },
  {
    "name": "Load Controller",
    "start": 1611308396013,
    "end": 1611308396016,
    "duration": 3,
    "pid": 19676,
    "index": 66
  },
  {
    "name": "Load \"controller\" to Application",
    "start": 1611308396013,
    "end": 1611308396016,
    "duration": 3,
    "pid": 19676,
    "index": 67
  },
  {
    "name": "Load Router",
    "start": 1611308396016,
    "end": 1611308396018,
    "duration": 2,
    "pid": 19676,
    "index": 68
  },
  {
    "name": "Require(51) app/router.js",
    "start": 1611308396016,
    "end": 1611308396017,
    "duration": 1,
    "pid": 19676,
    "index": 69
  },
  {
    "name": "Before Start in node_modules/_egg-core@4.20.0@egg-core/lib/egg.js:303:10",
    "start": 1611308396017,
    "end": 1611308396025,
    "duration": 8,
    "pid": 19676,
    "index": 70
  }
]