[
  {
    "name": "Process Start",
    "start": 1611308527840,
    "end": 1611308528950,
    "duration": 1110,
    "pid": 6408,
    "index": 0
  },
  {
    "name": "Application Start",
    "start": 1611308528951,
    "end": 1611308529351,
    "duration": 400,
    "pid": 6408,
    "index": 1
  },
  {
    "name": "Load Plugin",
    "start": 1611308528955,
    "end": 1611308528974,
    "duration": 19,
    "pid": 6408,
    "index": 2
  },
  {
    "name": "Load Config",
    "start": 1611308528975,
    "end": 1611308529000,
    "duration": 25,
    "pid": 6408,
    "index": 3
  },
  {
    "name": "Require(0) config/config.default.js",
    "start": 1611308528975,
    "end": 1611308528976,
    "duration": 1,
    "pid": 6408,
    "index": 4
  },
  {
    "name": "Require(1) node_modules/_egg-session@3.2.0@egg-session/config/config.default.js",
    "start": 1611308528977,
    "end": 1611308528978,
    "duration": 1,
    "pid": 6408,
    "index": 5
  },
  {
    "name": "Require(2) node_modules/_egg-security@2.8.0@egg-security/config/config.default.js",
    "start": 1611308528978,
    "end": 1611308528979,
    "duration": 1,
    "pid": 6408,
    "index": 6
  },
  {
    "name": "Require(3) node_modules/_egg-jsonp@2.0.0@egg-jsonp/config/config.default.js",
    "start": 1611308528980,
    "end": 1611308528981,
    "duration": 1,
    "pid": 6408,
    "index": 7
  },
  {
    "name": "Require(4) node_modules/_egg-onerror@2.1.0@egg-onerror/config/config.default.js",
    "start": 1611308528982,
    "end": 1611308528982,
    "duration": 0,
    "pid": 6408,
    "index": 8
  },
  {
    "name": "Require(5) node_modules/_egg-i18n@2.1.1@egg-i18n/config/config.default.js",
    "start": 1611308528983,
    "end": 1611308528983,
    "duration": 0,
    "pid": 6408,
    "index": 9
  },
  {
    "name": "Require(6) node_modules/_egg-watcher@3.1.1@egg-watcher/config/config.default.js",
    "start": 1611308528984,
    "end": 1611308528984,
    "duration": 0,
    "pid": 6408,
    "index": 10
  },
  {
    "name": "Require(7) node_modules/_egg-schedule@3.6.6@egg-schedule/config/config.default.js",
    "start": 1611308528985,
    "end": 1611308528985,
    "duration": 0,
    "pid": 6408,
    "index": 11
  },
  {
    "name": "Require(8) node_modules/_egg-multipart@2.10.3@egg-multipart/config/config.default.js",
    "start": 1611308528986,
    "end": 1611308528986,
    "duration": 0,
    "pid": 6408,
    "index": 12
  },
  {
    "name": "Require(9) node_modules/_egg-development@2.7.0@egg-development/config/config.default.js",
    "start": 1611308528987,
    "end": 1611308528987,
    "duration": 0,
    "pid": 6408,
    "index": 13
  },
  {
    "name": "Require(10) node_modules/_egg-logrotator@3.1.0@egg-logrotator/config/config.default.js",
    "start": 1611308528988,
    "end": 1611308528988,
    "duration": 0,
    "pid": 6408,
    "index": 14
  },
  {
    "name": "Require(11) node_modules/_egg-static@2.2.0@egg-static/config/config.default.js",
    "start": 1611308528989,
    "end": 1611308528989,
    "duration": 0,
    "pid": 6408,
    "index": 15
  },
  {
    "name": "Require(12) node_modules/_egg-view@2.1.3@egg-view/config/config.default.js",
    "start": 1611308528990,
    "end": 1611308528990,
    "duration": 0,
    "pid": 6408,
    "index": 16
  },
  {
    "name": "Require(13) node_modules/_egg-view-ejs@2.0.1@egg-view-ejs/config/config.default.js",
    "start": 1611308528991,
    "end": 1611308528991,
    "duration": 0,
    "pid": 6408,
    "index": 17
  },
  {
    "name": "Require(14) node_modules/_egg@2.29.1@egg/config/config.default.js",
    "start": 1611308528991,
    "end": 1611308528992,
    "duration": 1,
    "pid": 6408,
    "index": 18
  },
  {
    "name": "Require(15) config/config.default.js",
    "start": 1611308528993,
    "end": 1611308528993,
    "duration": 0,
    "pid": 6408,
    "index": 19
  },
  {
    "name": "Require(16) node_modules/_egg-security@2.8.0@egg-security/config/config.local.js",
    "start": 1611308528994,
    "end": 1611308528994,
    "duration": 0,
    "pid": 6408,
    "index": 20
  },
  {
    "name": "Require(17) node_modules/_egg-watcher@3.1.1@egg-watcher/config/config.local.js",
    "start": 1611308528995,
    "end": 1611308528996,
    "duration": 1,
    "pid": 6408,
    "index": 21
  },
  {
    "name": "Require(18) node_modules/_egg-view@2.1.3@egg-view/config/config.local.js",
    "start": 1611308528998,
    "end": 1611308528999,
    "duration": 1,
    "pid": 6408,
    "index": 22
  },
  {
    "name": "Require(19) node_modules/_egg-view-ejs@2.0.1@egg-view-ejs/config/config.local.js",
    "start": 1611308528999,
    "end": 1611308528999,
    "duration": 0,
    "pid": 6408,
    "index": 23
  },
  {
    "name": "Require(20) node_modules/_egg@2.29.1@egg/config/config.local.js",
    "start": 1611308529000,
    "end": 1611308529000,
    "duration": 0,
    "pid": 6408,
    "index": 24
  },
  {
    "name": "Load extend/application.js",
    "start": 1611308529001,
    "end": 1611308529019,
    "duration": 18,
    "pid": 6408,
    "index": 25
  },
  {
    "name": "Require(21) node_modules/_egg-session@3.2.0@egg-session/app/extend/application.js",
    "start": 1611308529002,
    "end": 1611308529002,
    "duration": 0,
    "pid": 6408,
    "index": 26
  },
  {
    "name": "Require(22) node_modules/_egg-security@2.8.0@egg-security/app/extend/application.js",
    "start": 1611308529003,
    "end": 1611308529004,
    "duration": 1,
    "pid": 6408,
    "index": 27
  },
  {
    "name": "Require(23) node_modules/_egg-jsonp@2.0.0@egg-jsonp/app/extend/application.js",
    "start": 1611308529004,
    "end": 1611308529007,
    "duration": 3,
    "pid": 6408,
    "index": 28
  },
  {
    "name": "Require(24) node_modules/_egg-logrotator@3.1.0@egg-logrotator/app/extend/application.js",
    "start": 1611308529008,
    "end": 1611308529011,
    "duration": 3,
    "pid": 6408,
    "index": 29
  },
  {
    "name": "Require(25) node_modules/_egg-view@2.1.3@egg-view/app/extend/application.js",
    "start": 1611308529012,
    "end": 1611308529014,
    "duration": 2,
    "pid": 6408,
    "index": 30
  },
  {
    "name": "Require(26) app/extend/application.js",
    "start": 1611308529015,
    "end": 1611308529015,
    "duration": 0,
    "pid": 6408,
    "index": 31
  },
  {
    "name": "Load extend/request.js",
    "start": 1611308529019,
    "end": 1611308529029,
    "duration": 10,
    "pid": 6408,
    "index": 32
  },
  {
    "name": "Require(27) node_modules/_egg@2.29.1@egg/app/extend/request.js",
    "start": 1611308529022,
    "end": 1611308529025,
    "duration": 3,
    "pid": 6408,
    "index": 33
  },
  {
    "name": "Require(28) app/extend/request.js",
    "start": 1611308529025,
    "end": 1611308529026,
    "duration": 1,
    "pid": 6408,
    "index": 34
  },
  {
    "name": "Load extend/response.js",
    "start": 1611308529029,
    "end": 1611308529038,
    "duration": 9,
    "pid": 6408,
    "index": 35
  },
  {
    "name": "Require(29) node_modules/_egg@2.29.1@egg/app/extend/response.js",
    "start": 1611308529032,
    "end": 1611308529035,
    "duration": 3,
    "pid": 6408,
    "index": 36
  },
  {
    "name": "Load extend/context.js",
    "start": 1611308529038,
    "end": 1611308529111,
    "duration": 73,
    "pid": 6408,
    "index": 37
  },
  {
    "name": "Require(30) node_modules/_egg-security@2.8.0@egg-security/app/extend/context.js",
    "start": 1611308529039,
    "end": 1611308529053,
    "duration": 14,
    "pid": 6408,
    "index": 38
  },
  {
    "name": "Require(31) node_modules/_egg-jsonp@2.0.0@egg-jsonp/app/extend/context.js",
    "start": 1611308529053,
    "end": 1611308529055,
    "duration": 2,
    "pid": 6408,
    "index": 39
  },
  {
    "name": "Require(32) node_modules/_egg-i18n@2.1.1@egg-i18n/app/extend/context.js",
    "start": 1611308529055,
    "end": 1611308529056,
    "duration": 1,
    "pid": 6408,
    "index": 40
  },
  {
    "name": "Require(33) node_modules/_egg-multipart@2.10.3@egg-multipart/app/extend/context.js",
    "start": 1611308529057,
    "end": 1611308529104,
    "duration": 47,
    "pid": 6408,
    "index": 41
  },
  {
    "name": "Require(34) node_modules/_egg-view@2.1.3@egg-view/app/extend/context.js",
    "start": 1611308529105,
    "end": 1611308529106,
    "duration": 1,
    "pid": 6408,
    "index": 42
  },
  {
    "name": "Require(35) node_modules/_egg@2.29.1@egg/app/extend/context.js",
    "start": 1611308529106,
    "end": 1611308529108,
    "duration": 2,
    "pid": 6408,
    "index": 43
  },
  {
    "name": "Require(36) app/extend/context.js",
    "start": 1611308529108,
    "end": 1611308529108,
    "duration": 0,
    "pid": 6408,
    "index": 44
  },
  {
    "name": "Load extend/helper.js",
    "start": 1611308529111,
    "end": 1611308529134,
    "duration": 23,
    "pid": 6408,
    "index": 45
  },
  {
    "name": "Require(37) node_modules/_egg-security@2.8.0@egg-security/app/extend/helper.js",
    "start": 1611308529112,
    "end": 1611308529127,
    "duration": 15,
    "pid": 6408,
    "index": 46
  },
  {
    "name": "Require(38) node_modules/_egg@2.29.1@egg/app/extend/helper.js",
    "start": 1611308529130,
    "end": 1611308529130,
    "duration": 0,
    "pid": 6408,
    "index": 47
  },
  {
    "name": "Require(39) app/extend/helper.js",
    "start": 1611308529130,
    "end": 1611308529132,
    "duration": 2,
    "pid": 6408,
    "index": 48
  },
  {
    "name": "Load app.js",
    "start": 1611308529135,
    "end": 1611308529169,
    "duration": 34,
    "pid": 6408,
    "index": 49
  },
  {
    "name": "Require(40) node_modules/_egg-session@3.2.0@egg-session/app.js",
    "start": 1611308529135,
    "end": 1611308529135,
    "duration": 0,
    "pid": 6408,
    "index": 50
  },
  {
    "name": "Require(41) node_modules/_egg-security@2.8.0@egg-security/app.js",
    "start": 1611308529135,
    "end": 1611308529137,
    "duration": 2,
    "pid": 6408,
    "index": 51
  },
  {
    "name": "Require(42) node_modules/_egg-onerror@2.1.0@egg-onerror/app.js",
    "start": 1611308529138,
    "end": 1611308529148,
    "duration": 10,
    "pid": 6408,
    "index": 52
  },
  {
    "name": "Require(43) node_modules/_egg-i18n@2.1.1@egg-i18n/app.js",
    "start": 1611308529148,
    "end": 1611308529157,
    "duration": 9,
    "pid": 6408,
    "index": 53
  },
  {
    "name": "Require(44) node_modules/_egg-watcher@3.1.1@egg-watcher/app.js",
    "start": 1611308529157,
    "end": 1611308529161,
    "duration": 4,
    "pid": 6408,
    "index": 54
  },
  {
    "name": "Require(45) node_modules/_egg-schedule@3.6.6@egg-schedule/app.js",
    "start": 1611308529161,
    "end": 1611308529164,
    "duration": 3,
    "pid": 6408,
    "index": 55
  },
  {
    "name": "Require(46) node_modules/_egg-multipart@2.10.3@egg-multipart/app.js",
    "start": 1611308529165,
    "end": 1611308529165,
    "duration": 0,
    "pid": 6408,
    "index": 56
  },
  {
    "name": "Require(47) node_modules/_egg-development@2.7.0@egg-development/app.js",
    "start": 1611308529165,
    "end": 1611308529165,
    "duration": 0,
    "pid": 6408,
    "index": 57
  },
  {
    "name": "Require(48) node_modules/_egg-logrotator@3.1.0@egg-logrotator/app.js",
    "start": 1611308529166,
    "end": 1611308529166,
    "duration": 0,
    "pid": 6408,
    "index": 58
  },
  {
    "name": "Require(49) node_modules/_egg-static@2.2.0@egg-static/app.js",
    "start": 1611308529166,
    "end": 1611308529166,
    "duration": 0,
    "pid": 6408,
    "index": 59
  },
  {
    "name": "Require(50) node_modules/_egg-view-ejs@2.0.1@egg-view-ejs/app.js",
    "start": 1611308529167,
    "end": 1611308529168,
    "duration": 1,
    "pid": 6408,
    "index": 60
  },
  {
    "name": "Before Start in node_modules/_egg-watcher@3.1.1@egg-watcher/lib/init.js:15:14",
    "start": 1611308529177,
    "end": 1611308529351,
    "duration": 174,
    "pid": 6408,
    "index": 61
  },
  {
    "name": "Load Service",
    "start": 1611308529206,
    "end": 1611308529214,
    "duration": 8,
    "pid": 6408,
    "index": 62
  },
  {
    "name": "Load \"service\" to Context",
    "start": 1611308529206,
    "end": 1611308529214,
    "duration": 8,
    "pid": 6408,
    "index": 63
  },
  {
    "name": "Load Middleware",
    "start": 1611308529214,
    "end": 1611308529335,
    "duration": 121,
    "pid": 6408,
    "index": 64
  },
  {
    "name": "Load \"middlewares\" to Application",
    "start": 1611308529214,
    "end": 1611308529319,
    "duration": 105,
    "pid": 6408,
    "index": 65
  },
  {
    "name": "Load Controller",
    "start": 1611308529335,
    "end": 1611308529338,
    "duration": 3,
    "pid": 6408,
    "index": 66
  },
  {
    "name": "Load \"controller\" to Application",
    "start": 1611308529336,
    "end": 1611308529338,
    "duration": 2,
    "pid": 6408,
    "index": 67
  },
  {
    "name": "Load Router",
    "start": 1611308529338,
    "end": 1611308529340,
    "duration": 2,
    "pid": 6408,
    "index": 68
  },
  {
    "name": "Require(51) app/router.js",
    "start": 1611308529338,
    "end": 1611308529339,
    "duration": 1,
    "pid": 6408,
    "index": 69
  },
  {
    "name": "Before Start in node_modules/_egg-core@4.20.0@egg-core/lib/egg.js:303:10",
    "start": 1611308529339,
    "end": 1611308529345,
    "duration": 6,
    "pid": 6408,
    "index": 70
  }
]