{
  "keys": "D:\\egg\\eggdemo01\\config\\config.default.js",
  "middleware": "D:\\egg\\eggdemo01\\config\\config.default.js",
  "view": {
    "mapping": {
      ".html": "D:\\egg\\eggdemo01\\config\\config.default.js"
    },
    "root": "D:\\egg\\eggdemo01\\node_modules\\_egg-view@2.1.3@egg-view\\config\\config.default.js",
    "cache": "D:\\egg\\eggdemo01\\node_modules\\_egg-view@2.1.3@egg-view\\config\\config.local.js",
    "defaultExtension": "D:\\egg\\eggdemo01\\node_modules\\_egg-view@2.1.3@egg-view\\config\\config.default.js",
    "defaultViewEngine": "D:\\egg\\eggdemo01\\node_modules\\_egg-view@2.1.3@egg-view\\config\\config.default.js"
  },
  "printdate": {
    "aaa": "D:\\egg\\eggdemo01\\config\\config.default.js"
  },
  "forbidip": {
    "forbidips": "D:\\egg\\eggdemo01\\config\\config.default.js"
  },
  "api": "D:\\egg\\eggdemo01\\config\\config.default.js",
  "session": {
    "maxAge": "D:\\egg\\eggdemo01\\node_modules\\_egg-session@3.2.0@egg-session\\config\\config.default.js",
    "key": "D:\\egg\\eggdemo01\\node_modules\\_egg-session@3.2.0@egg-session\\config\\config.default.js",
    "httpOnly": "D:\\egg\\eggdemo01\\node_modules\\_egg-session@3.2.0@egg-session\\config\\config.default.js",
    "encrypt": "D:\\egg\\eggdemo01\\node_modules\\_egg-session@3.2.0@egg-session\\config\\config.default.js"
  },
  "security": {
    "domainWhiteList": "D:\\egg\\eggdemo01\\node_modules\\_egg-security@2.8.0@egg-security\\config\\config.default.js",
    "protocolWhiteList": "D:\\egg\\eggdemo01\\node_modules\\_egg-security@2.8.0@egg-security\\config\\config.default.js",
    "defaultMiddleware": "D:\\egg\\eggdemo01\\node_modules\\_egg-security@2.8.0@egg-security\\config\\config.default.js",
    "csrf": {
      "enable": "D:\\egg\\eggdemo01\\node_modules\\_egg-security@2.8.0@egg-security\\config\\config.default.js",
      "type": "D:\\egg\\eggdemo01\\node_modules\\_egg-security@2.8.0@egg-security\\config\\config.default.js",
      "ignoreJSON": "D:\\egg\\eggdemo01\\node_modules\\_egg-security@2.8.0@egg-security\\config\\config.default.js",
      "useSession": "D:\\egg\\eggdemo01\\node_modules\\_egg-security@2.8.0@egg-security\\config\\config.default.js",
      "cookieName": "D:\\egg\\eggdemo01\\node_modules\\_egg-security@2.8.0@egg-security\\config\\config.default.js",
      "sessionName": "D:\\egg\\eggdemo01\\node_modules\\_egg-security@2.8.0@egg-security\\config\\config.default.js",
      "headerName": "D:\\egg\\eggdemo01\\node_modules\\_egg-security@2.8.0@egg-security\\config\\config.default.js",
      "bodyName": "D:\\egg\\eggdemo01\\node_modules\\_egg-security@2.8.0@egg-security\\config\\config.default.js",
      "queryName": "D:\\egg\\eggdemo01\\node_modules\\_egg-security@2.8.0@egg-security\\config\\config.default.js",
      "refererWhiteList": "D:\\egg\\eggdemo01\\node_modules\\_egg-security@2.8.0@egg-security\\config\\config.default.js"
    },
    "xframe": {
      "enable": "D:\\egg\\eggdemo01\\node_modules\\_egg-security@2.8.0@egg-security\\config\\config.default.js",
      "value": "D:\\egg\\eggdemo01\\node_modules\\_egg-security@2.8.0@egg-security\\config\\config.default.js"
    },
    "hsts": {
      "enable": "D:\\egg\\eggdemo01\\node_modules\\_egg-security@2.8.0@egg-security\\config\\config.local.js",
      "maxAge": "D:\\egg\\eggdemo01\\node_modules\\_egg-security@2.8.0@egg-security\\config\\config.default.js",
      "includeSubdomains": "D:\\egg\\eggdemo01\\node_modules\\_egg-security@2.8.0@egg-security\\config\\config.default.js"
    },
    "dta": {
      "enable": "D:\\egg\\eggdemo01\\node_modules\\_egg-security@2.8.0@egg-security\\config\\config.default.js"
    },
    "methodnoallow": {
      "enable": "D:\\egg\\eggdemo01\\node_modules\\_egg-security@2.8.0@egg-security\\config\\config.default.js"
    },
    "noopen": {
      "enable": "D:\\egg\\eggdemo01\\node_modules\\_egg-security@2.8.0@egg-security\\config\\config.default.js"
    },
    "nosniff": {
      "enable": "D:\\egg\\eggdemo01\\node_modules\\_egg-security@2.8.0@egg-security\\config\\config.default.js"
    },
    "referrerPolicy": {
      "enable": "D:\\egg\\eggdemo01\\node_modules\\_egg-security@2.8.0@egg-security\\config\\config.default.js",
      "value": "D:\\egg\\eggdemo01\\node_modules\\_egg-security@2.8.0@egg-security\\config\\config.default.js"
    },
    "xssProtection": {
      "enable": "D:\\egg\\eggdemo01\\node_modules\\_egg-security@2.8.0@egg-security\\config\\config.default.js",
      "value": "D:\\egg\\eggdemo01\\node_modules\\_egg-security@2.8.0@egg-security\\config\\config.default.js"
    },
    "csp": {
      "enable": "D:\\egg\\eggdemo01\\node_modules\\_egg-security@2.8.0@egg-security\\config\\config.default.js",
      "policy": "D:\\egg\\eggdemo01\\node_modules\\_egg-security@2.8.0@egg-security\\config\\config.default.js"
    },
    "ssrf": {
      "ipBlackList": "D:\\egg\\eggdemo01\\node_modules\\_egg-security@2.8.0@egg-security\\config\\config.default.js",
      "checkAddress": "D:\\egg\\eggdemo01\\node_modules\\_egg-security@2.8.0@egg-security\\config\\config.default.js"
    }
  },
  "helper": {
    "shtml": "D:\\egg\\eggdemo01\\node_modules\\_egg-security@2.8.0@egg-security\\config\\config.default.js"
  },
  "jsonp": {
    "limit": "D:\\egg\\eggdemo01\\node_modules\\_egg-jsonp@2.0.0@egg-jsonp\\config\\config.default.js",
    "callback": "D:\\egg\\eggdemo01\\node_modules\\_egg-jsonp@2.0.0@egg-jsonp\\config\\config.default.js",
    "csrf": "D:\\egg\\eggdemo01\\node_modules\\_egg-jsonp@2.0.0@egg-jsonp\\config\\config.default.js"
  },
  "onerror": {
    "errorPageUrl": "D:\\egg\\eggdemo01\\node_modules\\_egg-onerror@2.1.0@egg-onerror\\config\\config.default.js",
    "appErrorFilter": "D:\\egg\\eggdemo01\\node_modules\\_egg-onerror@2.1.0@egg-onerror\\config\\config.default.js",
    "templatePath": "D:\\egg\\eggdemo01\\node_modules\\_egg-onerror@2.1.0@egg-onerror\\config\\config.default.js"
  },
  "i18n": {
    "defaultLocale": "D:\\egg\\eggdemo01\\node_modules\\_egg-i18n@2.1.1@egg-i18n\\config\\config.default.js",
    "dirs": "D:\\egg\\eggdemo01\\node_modules\\_egg-i18n@2.1.1@egg-i18n\\config\\config.default.js",
    "queryField": "D:\\egg\\eggdemo01\\node_modules\\_egg-i18n@2.1.1@egg-i18n\\config\\config.default.js",
    "cookieField": "D:\\egg\\eggdemo01\\node_modules\\_egg-i18n@2.1.1@egg-i18n\\config\\config.default.js",
    "cookieDomain": "D:\\egg\\eggdemo01\\node_modules\\_egg-i18n@2.1.1@egg-i18n\\config\\config.default.js",
    "cookieMaxAge": "D:\\egg\\eggdemo01\\node_modules\\_egg-i18n@2.1.1@egg-i18n\\config\\config.default.js"
  },
  "watcher": {
    "type": "D:\\egg\\eggdemo01\\node_modules\\_egg-watcher@3.1.1@egg-watcher\\config\\config.local.js",
    "eventSources": {
      "default": "D:\\egg\\eggdemo01\\node_modules\\_egg-watcher@3.1.1@egg-watcher\\config\\config.default.js",
      "development": "D:\\egg\\eggdemo01\\node_modules\\_egg-watcher@3.1.1@egg-watcher\\config\\config.default.js"
    }
  },
  "customLogger": {
    "scheduleLogger": {
      "consoleLevel": "D:\\egg\\eggdemo01\\node_modules\\_egg-schedule@3.6.6@egg-schedule\\config\\config.default.js",
      "file": "D:\\egg\\eggdemo01\\node_modules\\_egg-schedule@3.6.6@egg-schedule\\config\\config.default.js"
    }
  },
  "schedule": {
    "directory": "D:\\egg\\eggdemo01\\node_modules\\_egg-schedule@3.6.6@egg-schedule\\config\\config.default.js"
  },
  "multipart": {
    "mode": "D:\\egg\\eggdemo01\\node_modules\\_egg-multipart@2.10.3@egg-multipart\\config\\config.default.js",
    "autoFields": "D:\\egg\\eggdemo01\\node_modules\\_egg-multipart@2.10.3@egg-multipart\\config\\config.default.js",
    "defaultCharset": "D:\\egg\\eggdemo01\\node_modules\\_egg-multipart@2.10.3@egg-multipart\\config\\config.default.js",
    "fieldNameSize": "D:\\egg\\eggdemo01\\node_modules\\_egg-multipart@2.10.3@egg-multipart\\config\\config.default.js",
    "fieldSize": "D:\\egg\\eggdemo01\\node_modules\\_egg-multipart@2.10.3@egg-multipart\\config\\config.default.js",
    "fields": "D:\\egg\\eggdemo01\\node_modules\\_egg-multipart@2.10.3@egg-multipart\\config\\config.default.js",
    "fileSize": "D:\\egg\\eggdemo01\\node_modules\\_egg-multipart@2.10.3@egg-multipart\\config\\config.default.js",
    "files": "D:\\egg\\eggdemo01\\node_modules\\_egg-multipart@2.10.3@egg-multipart\\config\\config.default.js",
    "fileExtensions": "D:\\egg\\eggdemo01\\node_modules\\_egg-multipart@2.10.3@egg-multipart\\config\\config.default.js",
    "whitelist": "D:\\egg\\eggdemo01\\node_modules\\_egg-multipart@2.10.3@egg-multipart\\config\\config.default.js",
    "tmpdir": "D:\\egg\\eggdemo01\\node_modules\\_egg-multipart@2.10.3@egg-multipart\\config\\config.default.js",
    "cleanSchedule": {
      "cron": "D:\\egg\\eggdemo01\\node_modules\\_egg-multipart@2.10.3@egg-multipart\\config\\config.default.js"
    }
  },
  "development": {
    "watchDirs": "D:\\egg\\eggdemo01\\node_modules\\_egg-development@2.7.0@egg-development\\config\\config.default.js",
    "ignoreDirs": "D:\\egg\\eggdemo01\\node_modules\\_egg-development@2.7.0@egg-development\\config\\config.default.js",
    "fastReady": "D:\\egg\\eggdemo01\\node_modules\\_egg-development@2.7.0@egg-development\\config\\config.default.js",
    "reloadOnDebug": "D:\\egg\\eggdemo01\\node_modules\\_egg-development@2.7.0@egg-development\\config\\config.default.js",
    "overrideDefault": "D:\\egg\\eggdemo01\\node_modules\\_egg-development@2.7.0@egg-development\\config\\config.default.js",
    "overrideIgnore": "D:\\egg\\eggdemo01\\node_modules\\_egg-development@2.7.0@egg-development\\config\\config.default.js"
  },
  "logrotator": {
    "filesRotateByHour": "D:\\egg\\eggdemo01\\node_modules\\_egg-logrotator@3.1.0@egg-logrotator\\config\\config.default.js",
    "hourDelimiter": "D:\\egg\\eggdemo01\\node_modules\\_egg-logrotator@3.1.0@egg-logrotator\\config\\config.default.js",
    "filesRotateBySize": "D:\\egg\\eggdemo01\\node_modules\\_egg-logrotator@3.1.0@egg-logrotator\\config\\config.default.js",
    "maxFileSize": "D:\\egg\\eggdemo01\\node_modules\\_egg-logrotator@3.1.0@egg-logrotator\\config\\config.default.js",
    "maxFiles": "D:\\egg\\eggdemo01\\node_modules\\_egg-logrotator@3.1.0@egg-logrotator\\config\\config.default.js",
    "rotateDuration": "D:\\egg\\eggdemo01\\node_modules\\_egg-logrotator@3.1.0@egg-logrotator\\config\\config.default.js",
    "maxDays": "D:\\egg\\eggdemo01\\node_modules\\_egg-logrotator@3.1.0@egg-logrotator\\config\\config.default.js"
  },
  "static": {
    "prefix": "D:\\egg\\eggdemo01\\node_modules\\_egg-static@2.2.0@egg-static\\config\\config.default.js",
    "dir": "D:\\egg\\eggdemo01\\node_modules\\_egg-static@2.2.0@egg-static\\config\\config.default.js",
    "dynamic": "D:\\egg\\eggdemo01\\node_modules\\_egg-static@2.2.0@egg-static\\config\\config.default.js",
    "preload": "D:\\egg\\eggdemo01\\node_modules\\_egg-static@2.2.0@egg-static\\config\\config.default.js",
    "buffer": "D:\\egg\\eggdemo01\\node_modules\\_egg-static@2.2.0@egg-static\\config\\config.default.js",
    "maxFiles": "D:\\egg\\eggdemo01\\node_modules\\_egg-static@2.2.0@egg-static\\config\\config.default.js"
  },
  "ejs": {
    "root": "D:\\egg\\eggdemo01\\node_modules\\_egg-view-ejs@2.0.1@egg-view-ejs\\config\\config.default.js",
    "cache": "D:\\egg\\eggdemo01\\node_modules\\_egg-view-ejs@2.0.1@egg-view-ejs\\config\\config.local.js",
    "debug": "D:\\egg\\eggdemo01\\node_modules\\_egg-view-ejs@2.0.1@egg-view-ejs\\config\\config.default.js",
    "compileDebug": "D:\\egg\\eggdemo01\\node_modules\\_egg-view-ejs@2.0.1@egg-view-ejs\\config\\config.default.js",
    "delimiter": "D:\\egg\\eggdemo01\\node_modules\\_egg-view-ejs@2.0.1@egg-view-ejs\\config\\config.default.js",
    "strict": "D:\\egg\\eggdemo01\\node_modules\\_egg-view-ejs@2.0.1@egg-view-ejs\\config\\config.default.js"
  },
  "env": "D:\\egg\\eggdemo01\\node_modules\\_egg@2.29.1@egg\\config\\config.default.js",
  "name": "D:\\egg\\eggdemo01\\node_modules\\_egg@2.29.1@egg\\config\\config.default.js",
  "cookies": "D:\\egg\\eggdemo01\\node_modules\\_egg@2.29.1@egg\\config\\config.default.js",
  "proxy": "D:\\egg\\eggdemo01\\node_modules\\_egg@2.29.1@egg\\config\\config.default.js",
  "maxIpsCount": "D:\\egg\\eggdemo01\\node_modules\\_egg@2.29.1@egg\\config\\config.default.js",
  "maxProxyCount": "D:\\egg\\eggdemo01\\node_modules\\_egg@2.29.1@egg\\config\\config.default.js",
  "protocolHeaders": "D:\\egg\\eggdemo01\\node_modules\\_egg@2.29.1@egg\\config\\config.default.js",
  "ipHeaders": "D:\\egg\\eggdemo01\\node_modules\\_egg@2.29.1@egg\\config\\config.default.js",
  "hostHeaders": "D:\\egg\\eggdemo01\\node_modules\\_egg@2.29.1@egg\\config\\config.default.js",
  "pkg": {
    "name": "D:\\egg\\eggdemo01\\node_modules\\_egg@2.29.1@egg\\config\\config.default.js",
    "version": "D:\\egg\\eggdemo01\\node_modules\\_egg@2.29.1@egg\\config\\config.default.js",
    "description": "D:\\egg\\eggdemo01\\node_modules\\_egg@2.29.1@egg\\config\\config.default.js",
    "private": "D:\\egg\\eggdemo01\\node_modules\\_egg@2.29.1@egg\\config\\config.default.js",
    "egg": {
      "declarations": "D:\\egg\\eggdemo01\\node_modules\\_egg@2.29.1@egg\\config\\config.default.js"
    },
    "dependencies": {
      "egg": "D:\\egg\\eggdemo01\\node_modules\\_egg@2.29.1@egg\\config\\config.default.js",
      "egg-scripts": "D:\\egg\\eggdemo01\\node_modules\\_egg@2.29.1@egg\\config\\config.default.js",
      "egg-view-ejs": "D:\\egg\\eggdemo01\\node_modules\\_egg@2.29.1@egg\\config\\config.default.js",
      "silly-datetime": "D:\\egg\\eggdemo01\\node_modules\\_egg@2.29.1@egg\\config\\config.default.js"
    },
    "devDependencies": {
      "autod": "D:\\egg\\eggdemo01\\node_modules\\_egg@2.29.1@egg\\config\\config.default.js",
      "autod-egg": "D:\\egg\\eggdemo01\\node_modules\\_egg@2.29.1@egg\\config\\config.default.js",
      "egg-bin": "D:\\egg\\eggdemo01\\node_modules\\_egg@2.29.1@egg\\config\\config.default.js",
      "egg-ci": "D:\\egg\\eggdemo01\\node_modules\\_egg@2.29.1@egg\\config\\config.default.js",
      "egg-mock": "D:\\egg\\eggdemo01\\node_modules\\_egg@2.29.1@egg\\config\\config.default.js",
      "eslint": "D:\\egg\\eggdemo01\\node_modules\\_egg@2.29.1@egg\\config\\config.default.js",
      "eslint-config-egg": "D:\\egg\\eggdemo01\\node_modules\\_egg@2.29.1@egg\\config\\config.default.js"
    },
    "engines": {
      "node": "D:\\egg\\eggdemo01\\node_modules\\_egg@2.29.1@egg\\config\\config.default.js"
    },
    "scripts": {
      "start": "D:\\egg\\eggdemo01\\node_modules\\_egg@2.29.1@egg\\config\\config.default.js",
      "stop": "D:\\egg\\eggdemo01\\node_modules\\_egg@2.29.1@egg\\config\\config.default.js",
      "dev": "D:\\egg\\eggdemo01\\node_modules\\_egg@2.29.1@egg\\config\\config.default.js",
      "debug": "D:\\egg\\eggdemo01\\node_modules\\_egg@2.29.1@egg\\config\\config.default.js",
      "test": "D:\\egg\\eggdemo01\\node_modules\\_egg@2.29.1@egg\\config\\config.default.js",
      "test-local": "D:\\egg\\eggdemo01\\node_modules\\_egg@2.29.1@egg\\config\\config.default.js",
      "cov": "D:\\egg\\eggdemo01\\node_modules\\_egg@2.29.1@egg\\config\\config.default.js",
      "lint": "D:\\egg\\eggdemo01\\node_modules\\_egg@2.29.1@egg\\config\\config.default.js",
      "ci": "D:\\egg\\eggdemo01\\node_modules\\_egg@2.29.1@egg\\config\\config.default.js",
      "autod": "D:\\egg\\eggdemo01\\node_modules\\_egg@2.29.1@egg\\config\\config.default.js"
    },
    "ci": {
      "version": "D:\\egg\\eggdemo01\\node_modules\\_egg@2.29.1@egg\\config\\config.default.js"
    },
    "repository": {
      "type": "D:\\egg\\eggdemo01\\node_modules\\_egg@2.29.1@egg\\config\\config.default.js",
      "url": "D:\\egg\\eggdemo01\\node_modules\\_egg@2.29.1@egg\\config\\config.default.js"
    },
    "author": "D:\\egg\\eggdemo01\\node_modules\\_egg@2.29.1@egg\\config\\config.default.js",
    "license": "D:\\egg\\eggdemo01\\node_modules\\_egg@2.29.1@egg\\config\\config.default.js"
  },
  "baseDir": "D:\\egg\\eggdemo01\\node_modules\\_egg@2.29.1@egg\\config\\config.default.js",
  "HOME": "D:\\egg\\eggdemo01\\node_modules\\_egg@2.29.1@egg\\config\\config.default.js",
  "rundir": "D:\\egg\\eggdemo01\\node_modules\\_egg@2.29.1@egg\\config\\config.default.js",
  "dump": {
    "ignore": "D:\\egg\\eggdemo01\\node_modules\\_egg@2.29.1@egg\\config\\config.default.js"
  },
  "confusedConfigurations": {
    "bodyparser": "D:\\egg\\eggdemo01\\node_modules\\_egg@2.29.1@egg\\config\\config.default.js",
    "notFound": "D:\\egg\\eggdemo01\\node_modules\\_egg@2.29.1@egg\\config\\config.default.js",
    "sitefile": "D:\\egg\\eggdemo01\\node_modules\\_egg@2.29.1@egg\\config\\config.default.js",
    "middlewares": "D:\\egg\\eggdemo01\\node_modules\\_egg@2.29.1@egg\\config\\config.default.js",
    "httpClient": "D:\\egg\\eggdemo01\\node_modules\\_egg@2.29.1@egg\\config\\config.default.js"
  },
  "notfound": {
    "pageUrl": "D:\\egg\\eggdemo01\\node_modules\\_egg@2.29.1@egg\\config\\config.default.js"
  },
  "siteFile": {
    "/favicon.ico": "D:\\egg\\eggdemo01\\node_modules\\_egg@2.29.1@egg\\config\\config.default.js"
  },
  "bodyParser": {
    "enable": "D:\\egg\\eggdemo01\\node_modules\\_egg@2.29.1@egg\\config\\config.default.js",
    "encoding": "D:\\egg\\eggdemo01\\node_modules\\_egg@2.29.1@egg\\config\\config.default.js",
    "formLimit": "D:\\egg\\eggdemo01\\node_modules\\_egg@2.29.1@egg\\config\\config.default.js",
    "jsonLimit": "D:\\egg\\eggdemo01\\node_modules\\_egg@2.29.1@egg\\config\\config.default.js",
    "textLimit": "D:\\egg\\eggdemo01\\node_modules\\_egg@2.29.1@egg\\config\\config.default.js",
    "strict": "D:\\egg\\eggdemo01\\node_modules\\_egg@2.29.1@egg\\config\\config.default.js",
    "queryString": {
      "arrayLimit": "D:\\egg\\eggdemo01\\node_modules\\_egg@2.29.1@egg\\config\\config.default.js",
      "depth": "D:\\egg\\eggdemo01\\node_modules\\_egg@2.29.1@egg\\config\\config.default.js",
      "parameterLimit": "D:\\egg\\eggdemo01\\node_modules\\_egg@2.29.1@egg\\config\\config.default.js"
    },
    "onerror": "D:\\egg\\eggdemo01\\node_modules\\_egg@2.29.1@egg\\config\\config.default.js"
  },
  "logger": {
    "dir": "D:\\egg\\eggdemo01\\node_modules\\_egg@2.29.1@egg\\config\\config.default.js",
    "encoding": "D:\\egg\\eggdemo01\\node_modules\\_egg@2.29.1@egg\\config\\config.default.js",
    "env": "D:\\egg\\eggdemo01\\node_modules\\_egg@2.29.1@egg\\config\\config.default.js",
    "level": "D:\\egg\\eggdemo01\\node_modules\\_egg@2.29.1@egg\\config\\config.default.js",
    "consoleLevel": "D:\\egg\\eggdemo01\\node_modules\\_egg@2.29.1@egg\\config\\config.default.js",
    "disableConsoleAfterReady": "D:\\egg\\eggdemo01\\node_modules\\_egg@2.29.1@egg\\config\\config.default.js",
    "outputJSON": "D:\\egg\\eggdemo01\\node_modules\\_egg@2.29.1@egg\\config\\config.default.js",
    "buffer": "D:\\egg\\eggdemo01\\node_modules\\_egg@2.29.1@egg\\config\\config.default.js",
    "appLogName": "D:\\egg\\eggdemo01\\node_modules\\_egg@2.29.1@egg\\config\\config.default.js",
    "coreLogName": "D:\\egg\\eggdemo01\\node_modules\\_egg@2.29.1@egg\\config\\config.default.js",
    "agentLogName": "D:\\egg\\eggdemo01\\node_modules\\_egg@2.29.1@egg\\config\\config.default.js",
    "errorLogName": "D:\\egg\\eggdemo01\\node_modules\\_egg@2.29.1@egg\\config\\config.default.js",
    "coreLogger": {
      "consoleLevel": "D:\\egg\\eggdemo01\\node_modules\\_egg@2.29.1@egg\\config\\config.local.js"
    },
    "allowDebugAtProd": "D:\\egg\\eggdemo01\\node_modules\\_egg@2.29.1@egg\\config\\config.default.js"
  },
  "httpclient": {
    "enableDNSCache": "D:\\egg\\eggdemo01\\node_modules\\_egg@2.29.1@egg\\config\\config.default.js",
    "dnsCacheLookupInterval": "D:\\egg\\eggdemo01\\node_modules\\_egg@2.29.1@egg\\config\\config.default.js",
    "dnsCacheMaxLength": "D:\\egg\\eggdemo01\\node_modules\\_egg@2.29.1@egg\\config\\config.default.js",
    "request": {
      "timeout": "D:\\egg\\eggdemo01\\node_modules\\_egg@2.29.1@egg\\config\\config.default.js"
    },
    "httpAgent": {
      "keepAlive": "D:\\egg\\eggdemo01\\node_modules\\_egg@2.29.1@egg\\config\\config.default.js",
      "freeSocketTimeout": "D:\\egg\\eggdemo01\\node_modules\\_egg@2.29.1@egg\\config\\config.default.js",
      "maxSockets": "D:\\egg\\eggdemo01\\node_modules\\_egg@2.29.1@egg\\config\\config.default.js",
      "maxFreeSockets": "D:\\egg\\eggdemo01\\node_modules\\_egg@2.29.1@egg\\config\\config.default.js"
    },
    "httpsAgent": {
      "keepAlive": "D:\\egg\\eggdemo01\\node_modules\\_egg@2.29.1@egg\\config\\config.default.js",
      "freeSocketTimeout": "D:\\egg\\eggdemo01\\node_modules\\_egg@2.29.1@egg\\config\\config.default.js",
      "maxSockets": "D:\\egg\\eggdemo01\\node_modules\\_egg@2.29.1@egg\\config\\config.default.js",
      "maxFreeSockets": "D:\\egg\\eggdemo01\\node_modules\\_egg@2.29.1@egg\\config\\config.default.js"
    }
  },
  "meta": {
    "enable": "D:\\egg\\eggdemo01\\node_modules\\_egg@2.29.1@egg\\config\\config.default.js",
    "logging": "D:\\egg\\eggdemo01\\node_modules\\_egg@2.29.1@egg\\config\\config.default.js"
  },
  "coreMiddleware": "D:\\egg\\eggdemo01\\node_modules\\_egg@2.29.1@egg\\config\\config.default.js",
  "workerStartTimeout": "D:\\egg\\eggdemo01\\node_modules\\_egg@2.29.1@egg\\config\\config.default.js",
  "serverTimeout": "D:\\egg\\eggdemo01\\node_modules\\_egg@2.29.1@egg\\config\\config.default.js",
  "cluster": {
    "listen": {
      "path": "D:\\egg\\eggdemo01\\node_modules\\_egg@2.29.1@egg\\config\\config.default.js",
      "port": "D:\\egg\\eggdemo01\\node_modules\\_egg@2.29.1@egg\\config\\config.default.js",
      "hostname": "D:\\egg\\eggdemo01\\node_modules\\_egg@2.29.1@egg\\config\\config.default.js"
    }
  },
  "clusterClient": {
    "maxWaitTime": "D:\\egg\\eggdemo01\\node_modules\\_egg@2.29.1@egg\\config\\config.default.js",
    "responseTimeout": "D:\\egg\\eggdemo01\\node_modules\\_egg@2.29.1@egg\\config\\config.default.js"
  },
  "onClientError": "D:\\egg\\eggdemo01\\node_modules\\_egg@2.29.1@egg\\config\\config.default.js"
}