[
  {
    "name": "Process Start",
    "start": 1611308602807,
    "end": 1611308603817,
    "duration": 1010,
    "pid": 6316,
    "index": 0
  },
  {
    "name": "Application Start",
    "start": 1611308603817,
    "end": 1611308604213,
    "duration": 396,
    "pid": 6316,
    "index": 1
  },
  {
    "name": "Load Plugin",
    "start": 1611308603821,
    "end": 1611308603839,
    "duration": 18,
    "pid": 6316,
    "index": 2
  },
  {
    "name": "Load Config",
    "start": 1611308603839,
    "end": 1611308603860,
    "duration": 21,
    "pid": 6316,
    "index": 3
  },
  {
    "name": "Require(0) config/config.default.js",
    "start": 1611308603840,
    "end": 1611308603840,
    "duration": 0,
    "pid": 6316,
    "index": 4
  },
  {
    "name": "Require(1) node_modules/_egg-session@3.2.0@egg-session/config/config.default.js",
    "start": 1611308603841,
    "end": 1611308603842,
    "duration": 1,
    "pid": 6316,
    "index": 5
  },
  {
    "name": "Require(2) node_modules/_egg-security@2.8.0@egg-security/config/config.default.js",
    "start": 1611308603842,
    "end": 1611308603843,
    "duration": 1,
    "pid": 6316,
    "index": 6
  },
  {
    "name": "Require(3) node_modules/_egg-jsonp@2.0.0@egg-jsonp/config/config.default.js",
    "start": 1611308603844,
    "end": 1611308603844,
    "duration": 0,
    "pid": 6316,
    "index": 7
  },
  {
    "name": "Require(4) node_modules/_egg-onerror@2.1.0@egg-onerror/config/config.default.js",
    "start": 1611308603844,
    "end": 1611308603845,
    "duration": 1,
    "pid": 6316,
    "index": 8
  },
  {
    "name": "Require(5) node_modules/_egg-i18n@2.1.1@egg-i18n/config/config.default.js",
    "start": 1611308603845,
    "end": 1611308603846,
    "duration": 1,
    "pid": 6316,
    "index": 9
  },
  {
    "name": "Require(6) node_modules/_egg-watcher@3.1.1@egg-watcher/config/config.default.js",
    "start": 1611308603846,
    "end": 1611308603847,
    "duration": 1,
    "pid": 6316,
    "index": 10
  },
  {
    "name": "Require(7) node_modules/_egg-schedule@3.6.6@egg-schedule/config/config.default.js",
    "start": 1611308603847,
    "end": 1611308603848,
    "duration": 1,
    "pid": 6316,
    "index": 11
  },
  {
    "name": "Require(8) node_modules/_egg-multipart@2.10.3@egg-multipart/config/config.default.js",
    "start": 1611308603848,
    "end": 1611308603849,
    "duration": 1,
    "pid": 6316,
    "index": 12
  },
  {
    "name": "Require(9) node_modules/_egg-development@2.7.0@egg-development/config/config.default.js",
    "start": 1611308603849,
    "end": 1611308603850,
    "duration": 1,
    "pid": 6316,
    "index": 13
  },
  {
    "name": "Require(10) node_modules/_egg-logrotator@3.1.0@egg-logrotator/config/config.default.js",
    "start": 1611308603850,
    "end": 1611308603850,
    "duration": 0,
    "pid": 6316,
    "index": 14
  },
  {
    "name": "Require(11) node_modules/_egg-static@2.2.0@egg-static/config/config.default.js",
    "start": 1611308603851,
    "end": 1611308603851,
    "duration": 0,
    "pid": 6316,
    "index": 15
  },
  {
    "name": "Require(12) node_modules/_egg-view@2.1.3@egg-view/config/config.default.js",
    "start": 1611308603852,
    "end": 1611308603852,
    "duration": 0,
    "pid": 6316,
    "index": 16
  },
  {
    "name": "Require(13) node_modules/_egg-view-ejs@2.0.1@egg-view-ejs/config/config.default.js",
    "start": 1611308603853,
    "end": 1611308603853,
    "duration": 0,
    "pid": 6316,
    "index": 17
  },
  {
    "name": "Require(14) node_modules/_egg@2.29.1@egg/config/config.default.js",
    "start": 1611308603854,
    "end": 1611308603854,
    "duration": 0,
    "pid": 6316,
    "index": 18
  },
  {
    "name": "Require(15) config/config.default.js",
    "start": 1611308603855,
    "end": 1611308603855,
    "duration": 0,
    "pid": 6316,
    "index": 19
  },
  {
    "name": "Require(16) node_modules/_egg-security@2.8.0@egg-security/config/config.local.js",
    "start": 1611308603856,
    "end": 1611308603856,
    "duration": 0,
    "pid": 6316,
    "index": 20
  },
  {
    "name": "Require(17) node_modules/_egg-watcher@3.1.1@egg-watcher/config/config.local.js",
    "start": 1611308603857,
    "end": 1611308603857,
    "duration": 0,
    "pid": 6316,
    "index": 21
  },
  {
    "name": "Require(18) node_modules/_egg-view@2.1.3@egg-view/config/config.local.js",
    "start": 1611308603858,
    "end": 1611308603858,
    "duration": 0,
    "pid": 6316,
    "index": 22
  },
  {
    "name": "Require(19) node_modules/_egg-view-ejs@2.0.1@egg-view-ejs/config/config.local.js",
    "start": 1611308603859,
    "end": 1611308603859,
    "duration": 0,
    "pid": 6316,
    "index": 23
  },
  {
    "name": "Require(20) node_modules/_egg@2.29.1@egg/config/config.local.js",
    "start": 1611308603859,
    "end": 1611308603860,
    "duration": 1,
    "pid": 6316,
    "index": 24
  },
  {
    "name": "Load extend/application.js",
    "start": 1611308603861,
    "end": 1611308603876,
    "duration": 15,
    "pid": 6316,
    "index": 25
  },
  {
    "name": "Require(21) node_modules/_egg-session@3.2.0@egg-session/app/extend/application.js",
    "start": 1611308603861,
    "end": 1611308603861,
    "duration": 0,
    "pid": 6316,
    "index": 26
  },
  {
    "name": "Require(22) node_modules/_egg-security@2.8.0@egg-security/app/extend/application.js",
    "start": 1611308603862,
    "end": 1611308603863,
    "duration": 1,
    "pid": 6316,
    "index": 27
  },
  {
    "name": "Require(23) node_modules/_egg-jsonp@2.0.0@egg-jsonp/app/extend/application.js",
    "start": 1611308603863,
    "end": 1611308603865,
    "duration": 2,
    "pid": 6316,
    "index": 28
  },
  {
    "name": "Require(24) node_modules/_egg-logrotator@3.1.0@egg-logrotator/app/extend/application.js",
    "start": 1611308603867,
    "end": 1611308603870,
    "duration": 3,
    "pid": 6316,
    "index": 29
  },
  {
    "name": "Require(25) node_modules/_egg-view@2.1.3@egg-view/app/extend/application.js",
    "start": 1611308603870,
    "end": 1611308603872,
    "duration": 2,
    "pid": 6316,
    "index": 30
  },
  {
    "name": "Require(26) app/extend/application.js",
    "start": 1611308603873,
    "end": 1611308603873,
    "duration": 0,
    "pid": 6316,
    "index": 31
  },
  {
    "name": "Load extend/request.js",
    "start": 1611308603876,
    "end": 1611308603886,
    "duration": 10,
    "pid": 6316,
    "index": 32
  },
  {
    "name": "Require(27) node_modules/_egg@2.29.1@egg/app/extend/request.js",
    "start": 1611308603878,
    "end": 1611308603880,
    "duration": 2,
    "pid": 6316,
    "index": 33
  },
  {
    "name": "Require(28) app/extend/request.js",
    "start": 1611308603880,
    "end": 1611308603880,
    "duration": 0,
    "pid": 6316,
    "index": 34
  },
  {
    "name": "Load extend/response.js",
    "start": 1611308603886,
    "end": 1611308603893,
    "duration": 7,
    "pid": 6316,
    "index": 35
  },
  {
    "name": "Require(29) node_modules/_egg@2.29.1@egg/app/extend/response.js",
    "start": 1611308603888,
    "end": 1611308603890,
    "duration": 2,
    "pid": 6316,
    "index": 36
  },
  {
    "name": "Load extend/context.js",
    "start": 1611308603893,
    "end": 1611308603960,
    "duration": 67,
    "pid": 6316,
    "index": 37
  },
  {
    "name": "Require(30) node_modules/_egg-security@2.8.0@egg-security/app/extend/context.js",
    "start": 1611308603894,
    "end": 1611308603906,
    "duration": 12,
    "pid": 6316,
    "index": 38
  },
  {
    "name": "Require(31) node_modules/_egg-jsonp@2.0.0@egg-jsonp/app/extend/context.js",
    "start": 1611308603906,
    "end": 1611308603908,
    "duration": 2,
    "pid": 6316,
    "index": 39
  },
  {
    "name": "Require(32) node_modules/_egg-i18n@2.1.1@egg-i18n/app/extend/context.js",
    "start": 1611308603908,
    "end": 1611308603909,
    "duration": 1,
    "pid": 6316,
    "index": 40
  },
  {
    "name": "Require(33) node_modules/_egg-multipart@2.10.3@egg-multipart/app/extend/context.js",
    "start": 1611308603909,
    "end": 1611308603953,
    "duration": 44,
    "pid": 6316,
    "index": 41
  },
  {
    "name": "Require(34) node_modules/_egg-view@2.1.3@egg-view/app/extend/context.js",
    "start": 1611308603954,
    "end": 1611308603954,
    "duration": 0,
    "pid": 6316,
    "index": 42
  },
  {
    "name": "Require(35) node_modules/_egg@2.29.1@egg/app/extend/context.js",
    "start": 1611308603955,
    "end": 1611308603956,
    "duration": 1,
    "pid": 6316,
    "index": 43
  },
  {
    "name": "Require(36) app/extend/context.js",
    "start": 1611308603957,
    "end": 1611308603957,
    "duration": 0,
    "pid": 6316,
    "index": 44
  },
  {
    "name": "Load extend/helper.js",
    "start": 1611308603960,
    "end": 1611308603983,
    "duration": 23,
    "pid": 6316,
    "index": 45
  },
  {
    "name": "Require(37) node_modules/_egg-security@2.8.0@egg-security/app/extend/helper.js",
    "start": 1611308603960,
    "end": 1611308603976,
    "duration": 16,
    "pid": 6316,
    "index": 46
  },
  {
    "name": "Require(38) node_modules/_egg@2.29.1@egg/app/extend/helper.js",
    "start": 1611308603978,
    "end": 1611308603978,
    "duration": 0,
    "pid": 6316,
    "index": 47
  },
  {
    "name": "Require(39) app/extend/helper.js",
    "start": 1611308603978,
    "end": 1611308603980,
    "duration": 2,
    "pid": 6316,
    "index": 48
  },
  {
    "name": "Load app.js",
    "start": 1611308603983,
    "end": 1611308604016,
    "duration": 33,
    "pid": 6316,
    "index": 49
  },
  {
    "name": "Require(40) node_modules/_egg-session@3.2.0@egg-session/app.js",
    "start": 1611308603983,
    "end": 1611308603984,
    "duration": 1,
    "pid": 6316,
    "index": 50
  },
  {
    "name": "Require(41) node_modules/_egg-security@2.8.0@egg-security/app.js",
    "start": 1611308603984,
    "end": 1611308603986,
    "duration": 2,
    "pid": 6316,
    "index": 51
  },
  {
    "name": "Require(42) node_modules/_egg-onerror@2.1.0@egg-onerror/app.js",
    "start": 1611308603986,
    "end": 1611308603996,
    "duration": 10,
    "pid": 6316,
    "index": 52
  },
  {
    "name": "Require(43) node_modules/_egg-i18n@2.1.1@egg-i18n/app.js",
    "start": 1611308603996,
    "end": 1611308604004,
    "duration": 8,
    "pid": 6316,
    "index": 53
  },
  {
    "name": "Require(44) node_modules/_egg-watcher@3.1.1@egg-watcher/app.js",
    "start": 1611308604005,
    "end": 1611308604008,
    "duration": 3,
    "pid": 6316,
    "index": 54
  },
  {
    "name": "Require(45) node_modules/_egg-schedule@3.6.6@egg-schedule/app.js",
    "start": 1611308604009,
    "end": 1611308604010,
    "duration": 1,
    "pid": 6316,
    "index": 55
  },
  {
    "name": "Require(46) node_modules/_egg-multipart@2.10.3@egg-multipart/app.js",
    "start": 1611308604011,
    "end": 1611308604011,
    "duration": 0,
    "pid": 6316,
    "index": 56
  },
  {
    "name": "Require(47) node_modules/_egg-development@2.7.0@egg-development/app.js",
    "start": 1611308604012,
    "end": 1611308604012,
    "duration": 0,
    "pid": 6316,
    "index": 57
  },
  {
    "name": "Require(48) node_modules/_egg-logrotator@3.1.0@egg-logrotator/app.js",
    "start": 1611308604013,
    "end": 1611308604013,
    "duration": 0,
    "pid": 6316,
    "index": 58
  },
  {
    "name": "Require(49) node_modules/_egg-static@2.2.0@egg-static/app.js",
    "start": 1611308604013,
    "end": 1611308604014,
    "duration": 1,
    "pid": 6316,
    "index": 59
  },
  {
    "name": "Require(50) node_modules/_egg-view-ejs@2.0.1@egg-view-ejs/app.js",
    "start": 1611308604014,
    "end": 1611308604016,
    "duration": 2,
    "pid": 6316,
    "index": 60
  },
  {
    "name": "Before Start in node_modules/_egg-watcher@3.1.1@egg-watcher/lib/init.js:15:14",
    "start": 1611308604025,
    "end": 1611308604213,
    "duration": 188,
    "pid": 6316,
    "index": 61
  },
  {
    "name": "Load Service",
    "start": 1611308604052,
    "end": 1611308604061,
    "duration": 9,
    "pid": 6316,
    "index": 62
  },
  {
    "name": "Load \"service\" to Context",
    "start": 1611308604052,
    "end": 1611308604061,
    "duration": 9,
    "pid": 6316,
    "index": 63
  },
  {
    "name": "Load Middleware",
    "start": 1611308604061,
    "end": 1611308604192,
    "duration": 131,
    "pid": 6316,
    "index": 64
  },
  {
    "name": "Load \"middlewares\" to Application",
    "start": 1611308604061,
    "end": 1611308604174,
    "duration": 113,
    "pid": 6316,
    "index": 65
  },
  {
    "name": "Load Controller",
    "start": 1611308604192,
    "end": 1611308604197,
    "duration": 5,
    "pid": 6316,
    "index": 66
  },
  {
    "name": "Load \"controller\" to Application",
    "start": 1611308604192,
    "end": 1611308604197,
    "duration": 5,
    "pid": 6316,
    "index": 67
  },
  {
    "name": "Load Router",
    "start": 1611308604197,
    "end": 1611308604199,
    "duration": 2,
    "pid": 6316,
    "index": 68
  },
  {
    "name": "Require(51) app/router.js",
    "start": 1611308604197,
    "end": 1611308604197,
    "duration": 0,
    "pid": 6316,
    "index": 69
  },
  {
    "name": "Before Start in node_modules/_egg-core@4.20.0@egg-core/lib/egg.js:303:10",
    "start": 1611308604198,
    "end": 1611308604207,
    "duration": 9,
    "pid": 6316,
    "index": 70
  }
]