[
  {
    "name": "Process Start",
    "start": 1611308120994,
    "end": 1611308122127,
    "duration": 1133,
    "pid": 14676,
    "index": 0
  },
  {
    "name": "Application Start",
    "start": 1611308122128,
    "end": 1611308122592,
    "duration": 464,
    "pid": 14676,
    "index": 1
  },
  {
    "name": "Load Plugin",
    "start": 1611308122133,
    "end": 1611308122152,
    "duration": 19,
    "pid": 14676,
    "index": 2
  },
  {
    "name": "Load Config",
    "start": 1611308122152,
    "end": 1611308122175,
    "duration": 23,
    "pid": 14676,
    "index": 3
  },
  {
    "name": "Require(0) config/config.default.js",
    "start": 1611308122152,
    "end": 1611308122153,
    "duration": 1,
    "pid": 14676,
    "index": 4
  },
  {
    "name": "Require(1) node_modules/_egg-session@3.2.0@egg-session/config/config.default.js",
    "start": 1611308122154,
    "end": 1611308122154,
    "duration": 0,
    "pid": 14676,
    "index": 5
  },
  {
    "name": "Require(2) node_modules/_egg-security@2.8.0@egg-security/config/config.default.js",
    "start": 1611308122155,
    "end": 1611308122155,
    "duration": 0,
    "pid": 14676,
    "index": 6
  },
  {
    "name": "Require(3) node_modules/_egg-jsonp@2.0.0@egg-jsonp/config/config.default.js",
    "start": 1611308122156,
    "end": 1611308122157,
    "duration": 1,
    "pid": 14676,
    "index": 7
  },
  {
    "name": "Require(4) node_modules/_egg-onerror@2.1.0@egg-onerror/config/config.default.js",
    "start": 1611308122157,
    "end": 1611308122157,
    "duration": 0,
    "pid": 14676,
    "index": 8
  },
  {
    "name": "Require(5) node_modules/_egg-i18n@2.1.1@egg-i18n/config/config.default.js",
    "start": 1611308122158,
    "end": 1611308122158,
    "duration": 0,
    "pid": 14676,
    "index": 9
  },
  {
    "name": "Require(6) node_modules/_egg-watcher@3.1.1@egg-watcher/config/config.default.js",
    "start": 1611308122159,
    "end": 1611308122159,
    "duration": 0,
    "pid": 14676,
    "index": 10
  },
  {
    "name": "Require(7) node_modules/_egg-schedule@3.6.6@egg-schedule/config/config.default.js",
    "start": 1611308122160,
    "end": 1611308122160,
    "duration": 0,
    "pid": 14676,
    "index": 11
  },
  {
    "name": "Require(8) node_modules/_egg-multipart@2.10.3@egg-multipart/config/config.default.js",
    "start": 1611308122161,
    "end": 1611308122161,
    "duration": 0,
    "pid": 14676,
    "index": 12
  },
  {
    "name": "Require(9) node_modules/_egg-development@2.7.0@egg-development/config/config.default.js",
    "start": 1611308122162,
    "end": 1611308122162,
    "duration": 0,
    "pid": 14676,
    "index": 13
  },
  {
    "name": "Require(10) node_modules/_egg-logrotator@3.1.0@egg-logrotator/config/config.default.js",
    "start": 1611308122163,
    "end": 1611308122163,
    "duration": 0,
    "pid": 14676,
    "index": 14
  },
  {
    "name": "Require(11) node_modules/_egg-static@2.2.0@egg-static/config/config.default.js",
    "start": 1611308122164,
    "end": 1611308122164,
    "duration": 0,
    "pid": 14676,
    "index": 15
  },
  {
    "name": "Require(12) node_modules/_egg-view@2.1.3@egg-view/config/config.default.js",
    "start": 1611308122165,
    "end": 1611308122166,
    "duration": 1,
    "pid": 14676,
    "index": 16
  },
  {
    "name": "Require(13) node_modules/_egg-view-ejs@2.0.1@egg-view-ejs/config/config.default.js",
    "start": 1611308122166,
    "end": 1611308122167,
    "duration": 1,
    "pid": 14676,
    "index": 17
  },
  {
    "name": "Require(14) node_modules/_egg@2.29.1@egg/config/config.default.js",
    "start": 1611308122167,
    "end": 1611308122168,
    "duration": 1,
    "pid": 14676,
    "index": 18
  },
  {
    "name": "Require(15) config/config.default.js",
    "start": 1611308122169,
    "end": 1611308122169,
    "duration": 0,
    "pid": 14676,
    "index": 19
  },
  {
    "name": "Require(16) node_modules/_egg-security@2.8.0@egg-security/config/config.local.js",
    "start": 1611308122170,
    "end": 1611308122170,
    "duration": 0,
    "pid": 14676,
    "index": 20
  },
  {
    "name": "Require(17) node_modules/_egg-watcher@3.1.1@egg-watcher/config/config.local.js",
    "start": 1611308122171,
    "end": 1611308122171,
    "duration": 0,
    "pid": 14676,
    "index": 21
  },
  {
    "name": "Require(18) node_modules/_egg-view@2.1.3@egg-view/config/config.local.js",
    "start": 1611308122173,
    "end": 1611308122173,
    "duration": 0,
    "pid": 14676,
    "index": 22
  },
  {
    "name": "Require(19) node_modules/_egg-view-ejs@2.0.1@egg-view-ejs/config/config.local.js",
    "start": 1611308122174,
    "end": 1611308122174,
    "duration": 0,
    "pid": 14676,
    "index": 23
  },
  {
    "name": "Require(20) node_modules/_egg@2.29.1@egg/config/config.local.js",
    "start": 1611308122174,
    "end": 1611308122174,
    "duration": 0,
    "pid": 14676,
    "index": 24
  },
  {
    "name": "Load extend/application.js",
    "start": 1611308122175,
    "end": 1611308122193,
    "duration": 18,
    "pid": 14676,
    "index": 25
  },
  {
    "name": "Require(21) node_modules/_egg-session@3.2.0@egg-session/app/extend/application.js",
    "start": 1611308122176,
    "end": 1611308122176,
    "duration": 0,
    "pid": 14676,
    "index": 26
  },
  {
    "name": "Require(22) node_modules/_egg-security@2.8.0@egg-security/app/extend/application.js",
    "start": 1611308122177,
    "end": 1611308122178,
    "duration": 1,
    "pid": 14676,
    "index": 27
  },
  {
    "name": "Require(23) node_modules/_egg-jsonp@2.0.0@egg-jsonp/app/extend/application.js",
    "start": 1611308122179,
    "end": 1611308122181,
    "duration": 2,
    "pid": 14676,
    "index": 28
  },
  {
    "name": "Require(24) node_modules/_egg-logrotator@3.1.0@egg-logrotator/app/extend/application.js",
    "start": 1611308122182,
    "end": 1611308122186,
    "duration": 4,
    "pid": 14676,
    "index": 29
  },
  {
    "name": "Require(25) node_modules/_egg-view@2.1.3@egg-view/app/extend/application.js",
    "start": 1611308122186,
    "end": 1611308122188,
    "duration": 2,
    "pid": 14676,
    "index": 30
  },
  {
    "name": "Require(26) app/extend/application.js",
    "start": 1611308122189,
    "end": 1611308122189,
    "duration": 0,
    "pid": 14676,
    "index": 31
  },
  {
    "name": "Load extend/request.js",
    "start": 1611308122193,
    "end": 1611308122202,
    "duration": 9,
    "pid": 14676,
    "index": 32
  },
  {
    "name": "Require(27) node_modules/_egg@2.29.1@egg/app/extend/request.js",
    "start": 1611308122196,
    "end": 1611308122197,
    "duration": 1,
    "pid": 14676,
    "index": 33
  },
  {
    "name": "Require(28) app/extend/request.js",
    "start": 1611308122198,
    "end": 1611308122198,
    "duration": 0,
    "pid": 14676,
    "index": 34
  },
  {
    "name": "Load extend/response.js",
    "start": 1611308122202,
    "end": 1611308122214,
    "duration": 12,
    "pid": 14676,
    "index": 35
  },
  {
    "name": "Require(29) node_modules/_egg@2.29.1@egg/app/extend/response.js",
    "start": 1611308122208,
    "end": 1611308122210,
    "duration": 2,
    "pid": 14676,
    "index": 36
  },
  {
    "name": "Load extend/context.js",
    "start": 1611308122214,
    "end": 1611308122304,
    "duration": 90,
    "pid": 14676,
    "index": 37
  },
  {
    "name": "Require(30) node_modules/_egg-security@2.8.0@egg-security/app/extend/context.js",
    "start": 1611308122215,
    "end": 1611308122232,
    "duration": 17,
    "pid": 14676,
    "index": 38
  },
  {
    "name": "Require(31) node_modules/_egg-jsonp@2.0.0@egg-jsonp/app/extend/context.js",
    "start": 1611308122233,
    "end": 1611308122237,
    "duration": 4,
    "pid": 14676,
    "index": 39
  },
  {
    "name": "Require(32) node_modules/_egg-i18n@2.1.1@egg-i18n/app/extend/context.js",
    "start": 1611308122238,
    "end": 1611308122238,
    "duration": 0,
    "pid": 14676,
    "index": 40
  },
  {
    "name": "Require(33) node_modules/_egg-multipart@2.10.3@egg-multipart/app/extend/context.js",
    "start": 1611308122239,
    "end": 1611308122296,
    "duration": 57,
    "pid": 14676,
    "index": 41
  },
  {
    "name": "Require(34) node_modules/_egg-view@2.1.3@egg-view/app/extend/context.js",
    "start": 1611308122297,
    "end": 1611308122298,
    "duration": 1,
    "pid": 14676,
    "index": 42
  },
  {
    "name": "Require(35) node_modules/_egg@2.29.1@egg/app/extend/context.js",
    "start": 1611308122299,
    "end": 1611308122300,
    "duration": 1,
    "pid": 14676,
    "index": 43
  },
  {
    "name": "Require(36) app/extend/context.js",
    "start": 1611308122301,
    "end": 1611308122301,
    "duration": 0,
    "pid": 14676,
    "index": 44
  },
  {
    "name": "Load extend/helper.js",
    "start": 1611308122304,
    "end": 1611308122332,
    "duration": 28,
    "pid": 14676,
    "index": 45
  },
  {
    "name": "Require(37) node_modules/_egg-security@2.8.0@egg-security/app/extend/helper.js",
    "start": 1611308122305,
    "end": 1611308122323,
    "duration": 18,
    "pid": 14676,
    "index": 46
  },
  {
    "name": "Require(38) node_modules/_egg@2.29.1@egg/app/extend/helper.js",
    "start": 1611308122326,
    "end": 1611308122326,
    "duration": 0,
    "pid": 14676,
    "index": 47
  },
  {
    "name": "Require(39) app/extend/helper.js",
    "start": 1611308122327,
    "end": 1611308122328,
    "duration": 1,
    "pid": 14676,
    "index": 48
  },
  {
    "name": "Load app.js",
    "start": 1611308122332,
    "end": 1611308122372,
    "duration": 40,
    "pid": 14676,
    "index": 49
  },
  {
    "name": "Require(40) node_modules/_egg-session@3.2.0@egg-session/app.js",
    "start": 1611308122332,
    "end": 1611308122333,
    "duration": 1,
    "pid": 14676,
    "index": 50
  },
  {
    "name": "Require(41) node_modules/_egg-security@2.8.0@egg-security/app.js",
    "start": 1611308122333,
    "end": 1611308122335,
    "duration": 2,
    "pid": 14676,
    "index": 51
  },
  {
    "name": "Require(42) node_modules/_egg-onerror@2.1.0@egg-onerror/app.js",
    "start": 1611308122336,
    "end": 1611308122350,
    "duration": 14,
    "pid": 14676,
    "index": 52
  },
  {
    "name": "Require(43) node_modules/_egg-i18n@2.1.1@egg-i18n/app.js",
    "start": 1611308122350,
    "end": 1611308122359,
    "duration": 9,
    "pid": 14676,
    "index": 53
  },
  {
    "name": "Require(44) node_modules/_egg-watcher@3.1.1@egg-watcher/app.js",
    "start": 1611308122359,
    "end": 1611308122364,
    "duration": 5,
    "pid": 14676,
    "index": 54
  },
  {
    "name": "Require(45) node_modules/_egg-schedule@3.6.6@egg-schedule/app.js",
    "start": 1611308122365,
    "end": 1611308122367,
    "duration": 2,
    "pid": 14676,
    "index": 55
  },
  {
    "name": "Require(46) node_modules/_egg-multipart@2.10.3@egg-multipart/app.js",
    "start": 1611308122367,
    "end": 1611308122368,
    "duration": 1,
    "pid": 14676,
    "index": 56
  },
  {
    "name": "Require(47) node_modules/_egg-development@2.7.0@egg-development/app.js",
    "start": 1611308122368,
    "end": 1611308122368,
    "duration": 0,
    "pid": 14676,
    "index": 57
  },
  {
    "name": "Require(48) node_modules/_egg-logrotator@3.1.0@egg-logrotator/app.js",
    "start": 1611308122369,
    "end": 1611308122369,
    "duration": 0,
    "pid": 14676,
    "index": 58
  },
  {
    "name": "Require(49) node_modules/_egg-static@2.2.0@egg-static/app.js",
    "start": 1611308122369,
    "end": 1611308122369,
    "duration": 0,
    "pid": 14676,
    "index": 59
  },
  {
    "name": "Require(50) node_modules/_egg-view-ejs@2.0.1@egg-view-ejs/app.js",
    "start": 1611308122370,
    "end": 1611308122371,
    "duration": 1,
    "pid": 14676,
    "index": 60
  },
  {
    "name": "Before Start in node_modules/_egg-watcher@3.1.1@egg-watcher/lib/init.js:15:14",
    "start": 1611308122381,
    "end": 1611308122591,
    "duration": 210,
    "pid": 14676,
    "index": 61
  },
  {
    "name": "Load Service",
    "start": 1611308122413,
    "end": 1611308122419,
    "duration": 6,
    "pid": 14676,
    "index": 62
  },
  {
    "name": "Load \"service\" to Context",
    "start": 1611308122413,
    "end": 1611308122419,
    "duration": 6,
    "pid": 14676,
    "index": 63
  },
  {
    "name": "Load Middleware",
    "start": 1611308122420,
    "end": 1611308122566,
    "duration": 146,
    "pid": 14676,
    "index": 64
  },
  {
    "name": "Load \"middlewares\" to Application",
    "start": 1611308122420,
    "end": 1611308122544,
    "duration": 124,
    "pid": 14676,
    "index": 65
  },
  {
    "name": "Load Controller",
    "start": 1611308122566,
    "end": 1611308122570,
    "duration": 4,
    "pid": 14676,
    "index": 66
  },
  {
    "name": "Load \"controller\" to Application",
    "start": 1611308122566,
    "end": 1611308122570,
    "duration": 4,
    "pid": 14676,
    "index": 67
  },
  {
    "name": "Load Router",
    "start": 1611308122570,
    "end": 1611308122572,
    "duration": 2,
    "pid": 14676,
    "index": 68
  },
  {
    "name": "Require(51) app/router.js",
    "start": 1611308122570,
    "end": 1611308122571,
    "duration": 1,
    "pid": 14676,
    "index": 69
  },
  {
    "name": "Before Start in node_modules/_egg-core@4.20.0@egg-core/lib/egg.js:303:10",
    "start": 1611308122571,
    "end": 1611308122579,
    "duration": 8,
    "pid": 14676,
    "index": 70
  }
]