[
  {
    "name": "Process Start",
    "start": 1611308453781,
    "end": 1611308455229,
    "duration": 1448,
    "pid": 7732,
    "index": 0
  },
  {
    "name": "Application Start",
    "start": 1611308455229,
    "end": 1611308455734,
    "duration": 505,
    "pid": 7732,
    "index": 1
  },
  {
    "name": "Load Plugin",
    "start": 1611308455234,
    "end": 1611308455255,
    "duration": 21,
    "pid": 7732,
    "index": 2
  },
  {
    "name": "Load Config",
    "start": 1611308455255,
    "end": 1611308455277,
    "duration": 22,
    "pid": 7732,
    "index": 3
  },
  {
    "name": "Require(0) config/config.default.js",
    "start": 1611308455256,
    "end": 1611308455256,
    "duration": 0,
    "pid": 7732,
    "index": 4
  },
  {
    "name": "Require(1) node_modules/_egg-session@3.2.0@egg-session/config/config.default.js",
    "start": 1611308455257,
    "end": 1611308455258,
    "duration": 1,
    "pid": 7732,
    "index": 5
  },
  {
    "name": "Require(2) node_modules/_egg-security@2.8.0@egg-security/config/config.default.js",
    "start": 1611308455258,
    "end": 1611308455259,
    "duration": 1,
    "pid": 7732,
    "index": 6
  },
  {
    "name": "Require(3) node_modules/_egg-jsonp@2.0.0@egg-jsonp/config/config.default.js",
    "start": 1611308455260,
    "end": 1611308455260,
    "duration": 0,
    "pid": 7732,
    "index": 7
  },
  {
    "name": "Require(4) node_modules/_egg-onerror@2.1.0@egg-onerror/config/config.default.js",
    "start": 1611308455260,
    "end": 1611308455261,
    "duration": 1,
    "pid": 7732,
    "index": 8
  },
  {
    "name": "Require(5) node_modules/_egg-i18n@2.1.1@egg-i18n/config/config.default.js",
    "start": 1611308455261,
    "end": 1611308455262,
    "duration": 1,
    "pid": 7732,
    "index": 9
  },
  {
    "name": "Require(6) node_modules/_egg-watcher@3.1.1@egg-watcher/config/config.default.js",
    "start": 1611308455263,
    "end": 1611308455263,
    "duration": 0,
    "pid": 7732,
    "index": 10
  },
  {
    "name": "Require(7) node_modules/_egg-schedule@3.6.6@egg-schedule/config/config.default.js",
    "start": 1611308455264,
    "end": 1611308455264,
    "duration": 0,
    "pid": 7732,
    "index": 11
  },
  {
    "name": "Require(8) node_modules/_egg-multipart@2.10.3@egg-multipart/config/config.default.js",
    "start": 1611308455265,
    "end": 1611308455265,
    "duration": 0,
    "pid": 7732,
    "index": 12
  },
  {
    "name": "Require(9) node_modules/_egg-development@2.7.0@egg-development/config/config.default.js",
    "start": 1611308455266,
    "end": 1611308455266,
    "duration": 0,
    "pid": 7732,
    "index": 13
  },
  {
    "name": "Require(10) node_modules/_egg-logrotator@3.1.0@egg-logrotator/config/config.default.js",
    "start": 1611308455267,
    "end": 1611308455267,
    "duration": 0,
    "pid": 7732,
    "index": 14
  },
  {
    "name": "Require(11) node_modules/_egg-static@2.2.0@egg-static/config/config.default.js",
    "start": 1611308455268,
    "end": 1611308455268,
    "duration": 0,
    "pid": 7732,
    "index": 15
  },
  {
    "name": "Require(12) node_modules/_egg-view@2.1.3@egg-view/config/config.default.js",
    "start": 1611308455269,
    "end": 1611308455269,
    "duration": 0,
    "pid": 7732,
    "index": 16
  },
  {
    "name": "Require(13) node_modules/_egg-view-ejs@2.0.1@egg-view-ejs/config/config.default.js",
    "start": 1611308455270,
    "end": 1611308455270,
    "duration": 0,
    "pid": 7732,
    "index": 17
  },
  {
    "name": "Require(14) node_modules/_egg@2.29.1@egg/config/config.default.js",
    "start": 1611308455271,
    "end": 1611308455271,
    "duration": 0,
    "pid": 7732,
    "index": 18
  },
  {
    "name": "Require(15) config/config.default.js",
    "start": 1611308455272,
    "end": 1611308455272,
    "duration": 0,
    "pid": 7732,
    "index": 19
  },
  {
    "name": "Require(16) node_modules/_egg-security@2.8.0@egg-security/config/config.local.js",
    "start": 1611308455273,
    "end": 1611308455273,
    "duration": 0,
    "pid": 7732,
    "index": 20
  },
  {
    "name": "Require(17) node_modules/_egg-watcher@3.1.1@egg-watcher/config/config.local.js",
    "start": 1611308455274,
    "end": 1611308455274,
    "duration": 0,
    "pid": 7732,
    "index": 21
  },
  {
    "name": "Require(18) node_modules/_egg-view@2.1.3@egg-view/config/config.local.js",
    "start": 1611308455276,
    "end": 1611308455276,
    "duration": 0,
    "pid": 7732,
    "index": 22
  },
  {
    "name": "Require(19) node_modules/_egg-view-ejs@2.0.1@egg-view-ejs/config/config.local.js",
    "start": 1611308455276,
    "end": 1611308455276,
    "duration": 0,
    "pid": 7732,
    "index": 23
  },
  {
    "name": "Require(20) node_modules/_egg@2.29.1@egg/config/config.local.js",
    "start": 1611308455277,
    "end": 1611308455277,
    "duration": 0,
    "pid": 7732,
    "index": 24
  },
  {
    "name": "Load extend/application.js",
    "start": 1611308455278,
    "end": 1611308455295,
    "duration": 17,
    "pid": 7732,
    "index": 25
  },
  {
    "name": "Require(21) node_modules/_egg-session@3.2.0@egg-session/app/extend/application.js",
    "start": 1611308455279,
    "end": 1611308455279,
    "duration": 0,
    "pid": 7732,
    "index": 26
  },
  {
    "name": "Require(22) node_modules/_egg-security@2.8.0@egg-security/app/extend/application.js",
    "start": 1611308455280,
    "end": 1611308455281,
    "duration": 1,
    "pid": 7732,
    "index": 27
  },
  {
    "name": "Require(23) node_modules/_egg-jsonp@2.0.0@egg-jsonp/app/extend/application.js",
    "start": 1611308455282,
    "end": 1611308455284,
    "duration": 2,
    "pid": 7732,
    "index": 28
  },
  {
    "name": "Require(24) node_modules/_egg-logrotator@3.1.0@egg-logrotator/app/extend/application.js",
    "start": 1611308455286,
    "end": 1611308455289,
    "duration": 3,
    "pid": 7732,
    "index": 29
  },
  {
    "name": "Require(25) node_modules/_egg-view@2.1.3@egg-view/app/extend/application.js",
    "start": 1611308455289,
    "end": 1611308455291,
    "duration": 2,
    "pid": 7732,
    "index": 30
  },
  {
    "name": "Require(26) app/extend/application.js",
    "start": 1611308455292,
    "end": 1611308455292,
    "duration": 0,
    "pid": 7732,
    "index": 31
  },
  {
    "name": "Load extend/request.js",
    "start": 1611308455295,
    "end": 1611308455304,
    "duration": 9,
    "pid": 7732,
    "index": 32
  },
  {
    "name": "Require(27) node_modules/_egg@2.29.1@egg/app/extend/request.js",
    "start": 1611308455298,
    "end": 1611308455300,
    "duration": 2,
    "pid": 7732,
    "index": 33
  },
  {
    "name": "Require(28) app/extend/request.js",
    "start": 1611308455301,
    "end": 1611308455301,
    "duration": 0,
    "pid": 7732,
    "index": 34
  },
  {
    "name": "Load extend/response.js",
    "start": 1611308455304,
    "end": 1611308455318,
    "duration": 14,
    "pid": 7732,
    "index": 35
  },
  {
    "name": "Require(29) node_modules/_egg@2.29.1@egg/app/extend/response.js",
    "start": 1611308455310,
    "end": 1611308455314,
    "duration": 4,
    "pid": 7732,
    "index": 36
  },
  {
    "name": "Load extend/context.js",
    "start": 1611308455318,
    "end": 1611308455408,
    "duration": 90,
    "pid": 7732,
    "index": 37
  },
  {
    "name": "Require(30) node_modules/_egg-security@2.8.0@egg-security/app/extend/context.js",
    "start": 1611308455318,
    "end": 1611308455336,
    "duration": 18,
    "pid": 7732,
    "index": 38
  },
  {
    "name": "Require(31) node_modules/_egg-jsonp@2.0.0@egg-jsonp/app/extend/context.js",
    "start": 1611308455336,
    "end": 1611308455338,
    "duration": 2,
    "pid": 7732,
    "index": 39
  },
  {
    "name": "Require(32) node_modules/_egg-i18n@2.1.1@egg-i18n/app/extend/context.js",
    "start": 1611308455339,
    "end": 1611308455340,
    "duration": 1,
    "pid": 7732,
    "index": 40
  },
  {
    "name": "Require(33) node_modules/_egg-multipart@2.10.3@egg-multipart/app/extend/context.js",
    "start": 1611308455341,
    "end": 1611308455399,
    "duration": 58,
    "pid": 7732,
    "index": 41
  },
  {
    "name": "Require(34) node_modules/_egg-view@2.1.3@egg-view/app/extend/context.js",
    "start": 1611308455400,
    "end": 1611308455401,
    "duration": 1,
    "pid": 7732,
    "index": 42
  },
  {
    "name": "Require(35) node_modules/_egg@2.29.1@egg/app/extend/context.js",
    "start": 1611308455402,
    "end": 1611308455403,
    "duration": 1,
    "pid": 7732,
    "index": 43
  },
  {
    "name": "Require(36) app/extend/context.js",
    "start": 1611308455403,
    "end": 1611308455404,
    "duration": 1,
    "pid": 7732,
    "index": 44
  },
  {
    "name": "Load extend/helper.js",
    "start": 1611308455408,
    "end": 1611308455436,
    "duration": 28,
    "pid": 7732,
    "index": 45
  },
  {
    "name": "Require(37) node_modules/_egg-security@2.8.0@egg-security/app/extend/helper.js",
    "start": 1611308455409,
    "end": 1611308455427,
    "duration": 18,
    "pid": 7732,
    "index": 46
  },
  {
    "name": "Require(38) node_modules/_egg@2.29.1@egg/app/extend/helper.js",
    "start": 1611308455430,
    "end": 1611308455430,
    "duration": 0,
    "pid": 7732,
    "index": 47
  },
  {
    "name": "Require(39) app/extend/helper.js",
    "start": 1611308455431,
    "end": 1611308455433,
    "duration": 2,
    "pid": 7732,
    "index": 48
  },
  {
    "name": "Load app.js",
    "start": 1611308455437,
    "end": 1611308455484,
    "duration": 47,
    "pid": 7732,
    "index": 49
  },
  {
    "name": "Require(40) node_modules/_egg-session@3.2.0@egg-session/app.js",
    "start": 1611308455437,
    "end": 1611308455438,
    "duration": 1,
    "pid": 7732,
    "index": 50
  },
  {
    "name": "Require(41) node_modules/_egg-security@2.8.0@egg-security/app.js",
    "start": 1611308455438,
    "end": 1611308455441,
    "duration": 3,
    "pid": 7732,
    "index": 51
  },
  {
    "name": "Require(42) node_modules/_egg-onerror@2.1.0@egg-onerror/app.js",
    "start": 1611308455442,
    "end": 1611308455456,
    "duration": 14,
    "pid": 7732,
    "index": 52
  },
  {
    "name": "Require(43) node_modules/_egg-i18n@2.1.1@egg-i18n/app.js",
    "start": 1611308455457,
    "end": 1611308455466,
    "duration": 9,
    "pid": 7732,
    "index": 53
  },
  {
    "name": "Require(44) node_modules/_egg-watcher@3.1.1@egg-watcher/app.js",
    "start": 1611308455467,
    "end": 1611308455473,
    "duration": 6,
    "pid": 7732,
    "index": 54
  },
  {
    "name": "Require(45) node_modules/_egg-schedule@3.6.6@egg-schedule/app.js",
    "start": 1611308455473,
    "end": 1611308455476,
    "duration": 3,
    "pid": 7732,
    "index": 55
  },
  {
    "name": "Require(46) node_modules/_egg-multipart@2.10.3@egg-multipart/app.js",
    "start": 1611308455477,
    "end": 1611308455477,
    "duration": 0,
    "pid": 7732,
    "index": 56
  },
  {
    "name": "Require(47) node_modules/_egg-development@2.7.0@egg-development/app.js",
    "start": 1611308455478,
    "end": 1611308455478,
    "duration": 0,
    "pid": 7732,
    "index": 57
  },
  {
    "name": "Require(48) node_modules/_egg-logrotator@3.1.0@egg-logrotator/app.js",
    "start": 1611308455478,
    "end": 1611308455479,
    "duration": 1,
    "pid": 7732,
    "index": 58
  },
  {
    "name": "Require(49) node_modules/_egg-static@2.2.0@egg-static/app.js",
    "start": 1611308455479,
    "end": 1611308455480,
    "duration": 1,
    "pid": 7732,
    "index": 59
  },
  {
    "name": "Require(50) node_modules/_egg-view-ejs@2.0.1@egg-view-ejs/app.js",
    "start": 1611308455480,
    "end": 1611308455482,
    "duration": 2,
    "pid": 7732,
    "index": 60
  },
  {
    "name": "Before Start in node_modules/_egg-watcher@3.1.1@egg-watcher/lib/init.js:15:14",
    "start": 1611308455497,
    "end": 1611308455734,
    "duration": 237,
    "pid": 7732,
    "index": 61
  },
  {
    "name": "Load Service",
    "start": 1611308455537,
    "end": 1611308455544,
    "duration": 7,
    "pid": 7732,
    "index": 62
  },
  {
    "name": "Load \"service\" to Context",
    "start": 1611308455537,
    "end": 1611308455544,
    "duration": 7,
    "pid": 7732,
    "index": 63
  },
  {
    "name": "Load Middleware",
    "start": 1611308455544,
    "end": 1611308455710,
    "duration": 166,
    "pid": 7732,
    "index": 64
  },
  {
    "name": "Load \"middlewares\" to Application",
    "start": 1611308455544,
    "end": 1611308455690,
    "duration": 146,
    "pid": 7732,
    "index": 65
  },
  {
    "name": "Load Controller",
    "start": 1611308455710,
    "end": 1611308455713,
    "duration": 3,
    "pid": 7732,
    "index": 66
  },
  {
    "name": "Load \"controller\" to Application",
    "start": 1611308455710,
    "end": 1611308455713,
    "duration": 3,
    "pid": 7732,
    "index": 67
  },
  {
    "name": "Load Router",
    "start": 1611308455713,
    "end": 1611308455715,
    "duration": 2,
    "pid": 7732,
    "index": 68
  },
  {
    "name": "Require(51) app/router.js",
    "start": 1611308455713,
    "end": 1611308455714,
    "duration": 1,
    "pid": 7732,
    "index": 69
  },
  {
    "name": "Before Start in node_modules/_egg-core@4.20.0@egg-core/lib/egg.js:303:10",
    "start": 1611308455714,
    "end": 1611308455724,
    "duration": 10,
    "pid": 7732,
    "index": 70
  }
]