[
  {
    "name": "Process Start",
    "start": 1611308185414,
    "end": 1611308187347,
    "duration": 1933,
    "pid": 11880,
    "index": 0
  },
  {
    "name": "Application Start",
    "start": 1611308187349,
    "end": 1611308188030,
    "duration": 681,
    "pid": 11880,
    "index": 1
  },
  {
    "name": "Load Plugin",
    "start": 1611308187355,
    "end": 1611308187390,
    "duration": 35,
    "pid": 11880,
    "index": 2
  },
  {
    "name": "Load Config",
    "start": 1611308187390,
    "end": 1611308187433,
    "duration": 43,
    "pid": 11880,
    "index": 3
  },
  {
    "name": "Require(0) config/config.default.js",
    "start": 1611308187391,
    "end": 1611308187392,
    "duration": 1,
    "pid": 11880,
    "index": 4
  },
  {
    "name": "Require(1) node_modules/_egg-session@3.2.0@egg-session/config/config.default.js",
    "start": 1611308187394,
    "end": 1611308187395,
    "duration": 1,
    "pid": 11880,
    "index": 5
  },
  {
    "name": "Require(2) node_modules/_egg-security@2.8.0@egg-security/config/config.default.js",
    "start": 1611308187396,
    "end": 1611308187397,
    "duration": 1,
    "pid": 11880,
    "index": 6
  },
  {
    "name": "Require(3) node_modules/_egg-jsonp@2.0.0@egg-jsonp/config/config.default.js",
    "start": 1611308187399,
    "end": 1611308187399,
    "duration": 0,
    "pid": 11880,
    "index": 7
  },
  {
    "name": "Require(4) node_modules/_egg-onerror@2.1.0@egg-onerror/config/config.default.js",
    "start": 1611308187400,
    "end": 1611308187401,
    "duration": 1,
    "pid": 11880,
    "index": 8
  },
  {
    "name": "Require(5) node_modules/_egg-i18n@2.1.1@egg-i18n/config/config.default.js",
    "start": 1611308187402,
    "end": 1611308187402,
    "duration": 0,
    "pid": 11880,
    "index": 9
  },
  {
    "name": "Require(6) node_modules/_egg-watcher@3.1.1@egg-watcher/config/config.default.js",
    "start": 1611308187404,
    "end": 1611308187404,
    "duration": 0,
    "pid": 11880,
    "index": 10
  },
  {
    "name": "Require(7) node_modules/_egg-schedule@3.6.6@egg-schedule/config/config.default.js",
    "start": 1611308187405,
    "end": 1611308187406,
    "duration": 1,
    "pid": 11880,
    "index": 11
  },
  {
    "name": "Require(8) node_modules/_egg-multipart@2.10.3@egg-multipart/config/config.default.js",
    "start": 1611308187407,
    "end": 1611308187408,
    "duration": 1,
    "pid": 11880,
    "index": 12
  },
  {
    "name": "Require(9) node_modules/_egg-development@2.7.0@egg-development/config/config.default.js",
    "start": 1611308187410,
    "end": 1611308187411,
    "duration": 1,
    "pid": 11880,
    "index": 13
  },
  {
    "name": "Require(10) node_modules/_egg-logrotator@3.1.0@egg-logrotator/config/config.default.js",
    "start": 1611308187412,
    "end": 1611308187413,
    "duration": 1,
    "pid": 11880,
    "index": 14
  },
  {
    "name": "Require(11) node_modules/_egg-static@2.2.0@egg-static/config/config.default.js",
    "start": 1611308187413,
    "end": 1611308187414,
    "duration": 1,
    "pid": 11880,
    "index": 15
  },
  {
    "name": "Require(12) node_modules/_egg-view@2.1.3@egg-view/config/config.default.js",
    "start": 1611308187415,
    "end": 1611308187416,
    "duration": 1,
    "pid": 11880,
    "index": 16
  },
  {
    "name": "Require(13) node_modules/_egg-view-ejs@2.0.1@egg-view-ejs/config/config.default.js",
    "start": 1611308187417,
    "end": 1611308187418,
    "duration": 1,
    "pid": 11880,
    "index": 17
  },
  {
    "name": "Require(14) node_modules/_egg@2.29.1@egg/config/config.default.js",
    "start": 1611308187419,
    "end": 1611308187420,
    "duration": 1,
    "pid": 11880,
    "index": 18
  },
  {
    "name": "Require(15) config/config.default.js",
    "start": 1611308187422,
    "end": 1611308187422,
    "duration": 0,
    "pid": 11880,
    "index": 19
  },
  {
    "name": "Require(16) node_modules/_egg-security@2.8.0@egg-security/config/config.local.js",
    "start": 1611308187424,
    "end": 1611308187425,
    "duration": 1,
    "pid": 11880,
    "index": 20
  },
  {
    "name": "Require(17) node_modules/_egg-watcher@3.1.1@egg-watcher/config/config.local.js",
    "start": 1611308187427,
    "end": 1611308187427,
    "duration": 0,
    "pid": 11880,
    "index": 21
  },
  {
    "name": "Require(18) node_modules/_egg-view@2.1.3@egg-view/config/config.local.js",
    "start": 1611308187430,
    "end": 1611308187430,
    "duration": 0,
    "pid": 11880,
    "index": 22
  },
  {
    "name": "Require(19) node_modules/_egg-view-ejs@2.0.1@egg-view-ejs/config/config.local.js",
    "start": 1611308187431,
    "end": 1611308187431,
    "duration": 0,
    "pid": 11880,
    "index": 23
  },
  {
    "name": "Require(20) node_modules/_egg@2.29.1@egg/config/config.local.js",
    "start": 1611308187432,
    "end": 1611308187432,
    "duration": 0,
    "pid": 11880,
    "index": 24
  },
  {
    "name": "Load extend/application.js",
    "start": 1611308187434,
    "end": 1611308187471,
    "duration": 37,
    "pid": 11880,
    "index": 25
  },
  {
    "name": "Require(21) node_modules/_egg-session@3.2.0@egg-session/app/extend/application.js",
    "start": 1611308187435,
    "end": 1611308187436,
    "duration": 1,
    "pid": 11880,
    "index": 26
  },
  {
    "name": "Require(22) node_modules/_egg-security@2.8.0@egg-security/app/extend/application.js",
    "start": 1611308187437,
    "end": 1611308187439,
    "duration": 2,
    "pid": 11880,
    "index": 27
  },
  {
    "name": "Require(23) node_modules/_egg-jsonp@2.0.0@egg-jsonp/app/extend/application.js",
    "start": 1611308187440,
    "end": 1611308187445,
    "duration": 5,
    "pid": 11880,
    "index": 28
  },
  {
    "name": "Require(24) node_modules/_egg-logrotator@3.1.0@egg-logrotator/app/extend/application.js",
    "start": 1611308187449,
    "end": 1611308187455,
    "duration": 6,
    "pid": 11880,
    "index": 29
  },
  {
    "name": "Require(25) node_modules/_egg-view@2.1.3@egg-view/app/extend/application.js",
    "start": 1611308187457,
    "end": 1611308187461,
    "duration": 4,
    "pid": 11880,
    "index": 30
  },
  {
    "name": "Require(26) app/extend/application.js",
    "start": 1611308187463,
    "end": 1611308187463,
    "duration": 0,
    "pid": 11880,
    "index": 31
  },
  {
    "name": "Load extend/request.js",
    "start": 1611308187471,
    "end": 1611308187489,
    "duration": 18,
    "pid": 11880,
    "index": 32
  },
  {
    "name": "Require(27) node_modules/_egg@2.29.1@egg/app/extend/request.js",
    "start": 1611308187476,
    "end": 1611308187480,
    "duration": 4,
    "pid": 11880,
    "index": 33
  },
  {
    "name": "Require(28) app/extend/request.js",
    "start": 1611308187480,
    "end": 1611308187481,
    "duration": 1,
    "pid": 11880,
    "index": 34
  },
  {
    "name": "Load extend/response.js",
    "start": 1611308187489,
    "end": 1611308187504,
    "duration": 15,
    "pid": 11880,
    "index": 35
  },
  {
    "name": "Require(29) node_modules/_egg@2.29.1@egg/app/extend/response.js",
    "start": 1611308187494,
    "end": 1611308187498,
    "duration": 4,
    "pid": 11880,
    "index": 36
  },
  {
    "name": "Load extend/context.js",
    "start": 1611308187504,
    "end": 1611308187622,
    "duration": 118,
    "pid": 11880,
    "index": 37
  },
  {
    "name": "Require(30) node_modules/_egg-security@2.8.0@egg-security/app/extend/context.js",
    "start": 1611308187505,
    "end": 1611308187529,
    "duration": 24,
    "pid": 11880,
    "index": 38
  },
  {
    "name": "Require(31) node_modules/_egg-jsonp@2.0.0@egg-jsonp/app/extend/context.js",
    "start": 1611308187529,
    "end": 1611308187532,
    "duration": 3,
    "pid": 11880,
    "index": 39
  },
  {
    "name": "Require(32) node_modules/_egg-i18n@2.1.1@egg-i18n/app/extend/context.js",
    "start": 1611308187533,
    "end": 1611308187533,
    "duration": 0,
    "pid": 11880,
    "index": 40
  },
  {
    "name": "Require(33) node_modules/_egg-multipart@2.10.3@egg-multipart/app/extend/context.js",
    "start": 1611308187535,
    "end": 1611308187611,
    "duration": 76,
    "pid": 11880,
    "index": 41
  },
  {
    "name": "Require(34) node_modules/_egg-view@2.1.3@egg-view/app/extend/context.js",
    "start": 1611308187612,
    "end": 1611308187613,
    "duration": 1,
    "pid": 11880,
    "index": 42
  },
  {
    "name": "Require(35) node_modules/_egg@2.29.1@egg/app/extend/context.js",
    "start": 1611308187614,
    "end": 1611308187617,
    "duration": 3,
    "pid": 11880,
    "index": 43
  },
  {
    "name": "Require(36) app/extend/context.js",
    "start": 1611308187617,
    "end": 1611308187618,
    "duration": 1,
    "pid": 11880,
    "index": 44
  },
  {
    "name": "Load extend/helper.js",
    "start": 1611308187623,
    "end": 1611308187662,
    "duration": 39,
    "pid": 11880,
    "index": 45
  },
  {
    "name": "Require(37) node_modules/_egg-security@2.8.0@egg-security/app/extend/helper.js",
    "start": 1611308187623,
    "end": 1611308187649,
    "duration": 26,
    "pid": 11880,
    "index": 46
  },
  {
    "name": "Require(38) node_modules/_egg@2.29.1@egg/app/extend/helper.js",
    "start": 1611308187653,
    "end": 1611308187654,
    "duration": 1,
    "pid": 11880,
    "index": 47
  },
  {
    "name": "Require(39) app/extend/helper.js",
    "start": 1611308187654,
    "end": 1611308187657,
    "duration": 3,
    "pid": 11880,
    "index": 48
  },
  {
    "name": "Load app.js",
    "start": 1611308187662,
    "end": 1611308187719,
    "duration": 57,
    "pid": 11880,
    "index": 49
  },
  {
    "name": "Require(40) node_modules/_egg-session@3.2.0@egg-session/app.js",
    "start": 1611308187663,
    "end": 1611308187663,
    "duration": 0,
    "pid": 11880,
    "index": 50
  },
  {
    "name": "Require(41) node_modules/_egg-security@2.8.0@egg-security/app.js",
    "start": 1611308187664,
    "end": 1611308187667,
    "duration": 3,
    "pid": 11880,
    "index": 51
  },
  {
    "name": "Require(42) node_modules/_egg-onerror@2.1.0@egg-onerror/app.js",
    "start": 1611308187668,
    "end": 1611308187685,
    "duration": 17,
    "pid": 11880,
    "index": 52
  },
  {
    "name": "Require(43) node_modules/_egg-i18n@2.1.1@egg-i18n/app.js",
    "start": 1611308187686,
    "end": 1611308187698,
    "duration": 12,
    "pid": 11880,
    "index": 53
  },
  {
    "name": "Require(44) node_modules/_egg-watcher@3.1.1@egg-watcher/app.js",
    "start": 1611308187699,
    "end": 1611308187705,
    "duration": 6,
    "pid": 11880,
    "index": 54
  },
  {
    "name": "Require(45) node_modules/_egg-schedule@3.6.6@egg-schedule/app.js",
    "start": 1611308187706,
    "end": 1611308187709,
    "duration": 3,
    "pid": 11880,
    "index": 55
  },
  {
    "name": "Require(46) node_modules/_egg-multipart@2.10.3@egg-multipart/app.js",
    "start": 1611308187710,
    "end": 1611308187711,
    "duration": 1,
    "pid": 11880,
    "index": 56
  },
  {
    "name": "Require(47) node_modules/_egg-development@2.7.0@egg-development/app.js",
    "start": 1611308187711,
    "end": 1611308187712,
    "duration": 1,
    "pid": 11880,
    "index": 57
  },
  {
    "name": "Require(48) node_modules/_egg-logrotator@3.1.0@egg-logrotator/app.js",
    "start": 1611308187712,
    "end": 1611308187713,
    "duration": 1,
    "pid": 11880,
    "index": 58
  },
  {
    "name": "Require(49) node_modules/_egg-static@2.2.0@egg-static/app.js",
    "start": 1611308187713,
    "end": 1611308187714,
    "duration": 1,
    "pid": 11880,
    "index": 59
  },
  {
    "name": "Require(50) node_modules/_egg-view-ejs@2.0.1@egg-view-ejs/app.js",
    "start": 1611308187715,
    "end": 1611308187717,
    "duration": 2,
    "pid": 11880,
    "index": 60
  },
  {
    "name": "Before Start in node_modules/_egg-watcher@3.1.1@egg-watcher/lib/init.js:15:14",
    "start": 1611308187735,
    "end": 1611308188030,
    "duration": 295,
    "pid": 11880,
    "index": 61
  },
  {
    "name": "Load Service",
    "start": 1611308187780,
    "end": 1611308187794,
    "duration": 14,
    "pid": 11880,
    "index": 62
  },
  {
    "name": "Load \"service\" to Context",
    "start": 1611308187781,
    "end": 1611308187794,
    "duration": 13,
    "pid": 11880,
    "index": 63
  },
  {
    "name": "Load Middleware",
    "start": 1611308187794,
    "end": 1611308188000,
    "duration": 206,
    "pid": 11880,
    "index": 64
  },
  {
    "name": "Load \"middlewares\" to Application",
    "start": 1611308187794,
    "end": 1611308187973,
    "duration": 179,
    "pid": 11880,
    "index": 65
  },
  {
    "name": "Load Controller",
    "start": 1611308188000,
    "end": 1611308188005,
    "duration": 5,
    "pid": 11880,
    "index": 66
  },
  {
    "name": "Load \"controller\" to Application",
    "start": 1611308188000,
    "end": 1611308188005,
    "duration": 5,
    "pid": 11880,
    "index": 67
  },
  {
    "name": "Load Router",
    "start": 1611308188005,
    "end": 1611308188008,
    "duration": 3,
    "pid": 11880,
    "index": 68
  },
  {
    "name": "Require(51) app/router.js",
    "start": 1611308188005,
    "end": 1611308188006,
    "duration": 1,
    "pid": 11880,
    "index": 69
  },
  {
    "name": "Before Start in node_modules/_egg-core@4.20.0@egg-core/lib/egg.js:303:10",
    "start": 1611308188006,
    "end": 1611308188019,
    "duration": 13,
    "pid": 11880,
    "index": 70
  }
]