[
  {
    "name": "Process Start",
    "start": 1611308577635,
    "end": 1611308578720,
    "duration": 1085,
    "pid": 3564,
    "index": 0
  },
  {
    "name": "Application Start",
    "start": 1611308578721,
    "end": 1611308579138,
    "duration": 417,
    "pid": 3564,
    "index": 1
  },
  {
    "name": "Load Plugin",
    "start": 1611308578726,
    "end": 1611308578744,
    "duration": 18,
    "pid": 3564,
    "index": 2
  },
  {
    "name": "Load Config",
    "start": 1611308578744,
    "end": 1611308578766,
    "duration": 22,
    "pid": 3564,
    "index": 3
  },
  {
    "name": "Require(0) config/config.default.js",
    "start": 1611308578745,
    "end": 1611308578745,
    "duration": 0,
    "pid": 3564,
    "index": 4
  },
  {
    "name": "Require(1) node_modules/_egg-session@3.2.0@egg-session/config/config.default.js",
    "start": 1611308578746,
    "end": 1611308578747,
    "duration": 1,
    "pid": 3564,
    "index": 5
  },
  {
    "name": "Require(2) node_modules/_egg-security@2.8.0@egg-security/config/config.default.js",
    "start": 1611308578747,
    "end": 1611308578748,
    "duration": 1,
    "pid": 3564,
    "index": 6
  },
  {
    "name": "Require(3) node_modules/_egg-jsonp@2.0.0@egg-jsonp/config/config.default.js",
    "start": 1611308578748,
    "end": 1611308578749,
    "duration": 1,
    "pid": 3564,
    "index": 7
  },
  {
    "name": "Require(4) node_modules/_egg-onerror@2.1.0@egg-onerror/config/config.default.js",
    "start": 1611308578749,
    "end": 1611308578750,
    "duration": 1,
    "pid": 3564,
    "index": 8
  },
  {
    "name": "Require(5) node_modules/_egg-i18n@2.1.1@egg-i18n/config/config.default.js",
    "start": 1611308578750,
    "end": 1611308578751,
    "duration": 1,
    "pid": 3564,
    "index": 9
  },
  {
    "name": "Require(6) node_modules/_egg-watcher@3.1.1@egg-watcher/config/config.default.js",
    "start": 1611308578751,
    "end": 1611308578752,
    "duration": 1,
    "pid": 3564,
    "index": 10
  },
  {
    "name": "Require(7) node_modules/_egg-schedule@3.6.6@egg-schedule/config/config.default.js",
    "start": 1611308578752,
    "end": 1611308578753,
    "duration": 1,
    "pid": 3564,
    "index": 11
  },
  {
    "name": "Require(8) node_modules/_egg-multipart@2.10.3@egg-multipart/config/config.default.js",
    "start": 1611308578753,
    "end": 1611308578754,
    "duration": 1,
    "pid": 3564,
    "index": 12
  },
  {
    "name": "Require(9) node_modules/_egg-development@2.7.0@egg-development/config/config.default.js",
    "start": 1611308578754,
    "end": 1611308578755,
    "duration": 1,
    "pid": 3564,
    "index": 13
  },
  {
    "name": "Require(10) node_modules/_egg-logrotator@3.1.0@egg-logrotator/config/config.default.js",
    "start": 1611308578755,
    "end": 1611308578756,
    "duration": 1,
    "pid": 3564,
    "index": 14
  },
  {
    "name": "Require(11) node_modules/_egg-static@2.2.0@egg-static/config/config.default.js",
    "start": 1611308578756,
    "end": 1611308578757,
    "duration": 1,
    "pid": 3564,
    "index": 15
  },
  {
    "name": "Require(12) node_modules/_egg-view@2.1.3@egg-view/config/config.default.js",
    "start": 1611308578757,
    "end": 1611308578758,
    "duration": 1,
    "pid": 3564,
    "index": 16
  },
  {
    "name": "Require(13) node_modules/_egg-view-ejs@2.0.1@egg-view-ejs/config/config.default.js",
    "start": 1611308578758,
    "end": 1611308578759,
    "duration": 1,
    "pid": 3564,
    "index": 17
  },
  {
    "name": "Require(14) node_modules/_egg@2.29.1@egg/config/config.default.js",
    "start": 1611308578759,
    "end": 1611308578760,
    "duration": 1,
    "pid": 3564,
    "index": 18
  },
  {
    "name": "Require(15) config/config.default.js",
    "start": 1611308578761,
    "end": 1611308578761,
    "duration": 0,
    "pid": 3564,
    "index": 19
  },
  {
    "name": "Require(16) node_modules/_egg-security@2.8.0@egg-security/config/config.local.js",
    "start": 1611308578761,
    "end": 1611308578762,
    "duration": 1,
    "pid": 3564,
    "index": 20
  },
  {
    "name": "Require(17) node_modules/_egg-watcher@3.1.1@egg-watcher/config/config.local.js",
    "start": 1611308578763,
    "end": 1611308578763,
    "duration": 0,
    "pid": 3564,
    "index": 21
  },
  {
    "name": "Require(18) node_modules/_egg-view@2.1.3@egg-view/config/config.local.js",
    "start": 1611308578764,
    "end": 1611308578764,
    "duration": 0,
    "pid": 3564,
    "index": 22
  },
  {
    "name": "Require(19) node_modules/_egg-view-ejs@2.0.1@egg-view-ejs/config/config.local.js",
    "start": 1611308578765,
    "end": 1611308578765,
    "duration": 0,
    "pid": 3564,
    "index": 23
  },
  {
    "name": "Require(20) node_modules/_egg@2.29.1@egg/config/config.local.js",
    "start": 1611308578765,
    "end": 1611308578766,
    "duration": 1,
    "pid": 3564,
    "index": 24
  },
  {
    "name": "Load extend/application.js",
    "start": 1611308578767,
    "end": 1611308578783,
    "duration": 16,
    "pid": 3564,
    "index": 25
  },
  {
    "name": "Require(21) node_modules/_egg-session@3.2.0@egg-session/app/extend/application.js",
    "start": 1611308578767,
    "end": 1611308578768,
    "duration": 1,
    "pid": 3564,
    "index": 26
  },
  {
    "name": "Require(22) node_modules/_egg-security@2.8.0@egg-security/app/extend/application.js",
    "start": 1611308578768,
    "end": 1611308578769,
    "duration": 1,
    "pid": 3564,
    "index": 27
  },
  {
    "name": "Require(23) node_modules/_egg-jsonp@2.0.0@egg-jsonp/app/extend/application.js",
    "start": 1611308578770,
    "end": 1611308578772,
    "duration": 2,
    "pid": 3564,
    "index": 28
  },
  {
    "name": "Require(24) node_modules/_egg-logrotator@3.1.0@egg-logrotator/app/extend/application.js",
    "start": 1611308578774,
    "end": 1611308578777,
    "duration": 3,
    "pid": 3564,
    "index": 29
  },
  {
    "name": "Require(25) node_modules/_egg-view@2.1.3@egg-view/app/extend/application.js",
    "start": 1611308578777,
    "end": 1611308578779,
    "duration": 2,
    "pid": 3564,
    "index": 30
  },
  {
    "name": "Require(26) app/extend/application.js",
    "start": 1611308578780,
    "end": 1611308578780,
    "duration": 0,
    "pid": 3564,
    "index": 31
  },
  {
    "name": "Load extend/request.js",
    "start": 1611308578783,
    "end": 1611308578793,
    "duration": 10,
    "pid": 3564,
    "index": 32
  },
  {
    "name": "Require(27) node_modules/_egg@2.29.1@egg/app/extend/request.js",
    "start": 1611308578786,
    "end": 1611308578787,
    "duration": 1,
    "pid": 3564,
    "index": 33
  },
  {
    "name": "Require(28) app/extend/request.js",
    "start": 1611308578787,
    "end": 1611308578788,
    "duration": 1,
    "pid": 3564,
    "index": 34
  },
  {
    "name": "Load extend/response.js",
    "start": 1611308578793,
    "end": 1611308578801,
    "duration": 8,
    "pid": 3564,
    "index": 35
  },
  {
    "name": "Require(29) node_modules/_egg@2.29.1@egg/app/extend/response.js",
    "start": 1611308578795,
    "end": 1611308578798,
    "duration": 3,
    "pid": 3564,
    "index": 36
  },
  {
    "name": "Load extend/context.js",
    "start": 1611308578801,
    "end": 1611308578876,
    "duration": 75,
    "pid": 3564,
    "index": 37
  },
  {
    "name": "Require(30) node_modules/_egg-security@2.8.0@egg-security/app/extend/context.js",
    "start": 1611308578801,
    "end": 1611308578815,
    "duration": 14,
    "pid": 3564,
    "index": 38
  },
  {
    "name": "Require(31) node_modules/_egg-jsonp@2.0.0@egg-jsonp/app/extend/context.js",
    "start": 1611308578815,
    "end": 1611308578817,
    "duration": 2,
    "pid": 3564,
    "index": 39
  },
  {
    "name": "Require(32) node_modules/_egg-i18n@2.1.1@egg-i18n/app/extend/context.js",
    "start": 1611308578818,
    "end": 1611308578818,
    "duration": 0,
    "pid": 3564,
    "index": 40
  },
  {
    "name": "Require(33) node_modules/_egg-multipart@2.10.3@egg-multipart/app/extend/context.js",
    "start": 1611308578819,
    "end": 1611308578868,
    "duration": 49,
    "pid": 3564,
    "index": 41
  },
  {
    "name": "Require(34) node_modules/_egg-view@2.1.3@egg-view/app/extend/context.js",
    "start": 1611308578869,
    "end": 1611308578870,
    "duration": 1,
    "pid": 3564,
    "index": 42
  },
  {
    "name": "Require(35) node_modules/_egg@2.29.1@egg/app/extend/context.js",
    "start": 1611308578870,
    "end": 1611308578872,
    "duration": 2,
    "pid": 3564,
    "index": 43
  },
  {
    "name": "Require(36) app/extend/context.js",
    "start": 1611308578873,
    "end": 1611308578873,
    "duration": 0,
    "pid": 3564,
    "index": 44
  },
  {
    "name": "Load extend/helper.js",
    "start": 1611308578876,
    "end": 1611308578901,
    "duration": 25,
    "pid": 3564,
    "index": 45
  },
  {
    "name": "Require(37) node_modules/_egg-security@2.8.0@egg-security/app/extend/helper.js",
    "start": 1611308578877,
    "end": 1611308578893,
    "duration": 16,
    "pid": 3564,
    "index": 46
  },
  {
    "name": "Require(38) node_modules/_egg@2.29.1@egg/app/extend/helper.js",
    "start": 1611308578896,
    "end": 1611308578896,
    "duration": 0,
    "pid": 3564,
    "index": 47
  },
  {
    "name": "Require(39) app/extend/helper.js",
    "start": 1611308578896,
    "end": 1611308578898,
    "duration": 2,
    "pid": 3564,
    "index": 48
  },
  {
    "name": "Load app.js",
    "start": 1611308578901,
    "end": 1611308578937,
    "duration": 36,
    "pid": 3564,
    "index": 49
  },
  {
    "name": "Require(40) node_modules/_egg-session@3.2.0@egg-session/app.js",
    "start": 1611308578902,
    "end": 1611308578902,
    "duration": 0,
    "pid": 3564,
    "index": 50
  },
  {
    "name": "Require(41) node_modules/_egg-security@2.8.0@egg-security/app.js",
    "start": 1611308578902,
    "end": 1611308578904,
    "duration": 2,
    "pid": 3564,
    "index": 51
  },
  {
    "name": "Require(42) node_modules/_egg-onerror@2.1.0@egg-onerror/app.js",
    "start": 1611308578905,
    "end": 1611308578916,
    "duration": 11,
    "pid": 3564,
    "index": 52
  },
  {
    "name": "Require(43) node_modules/_egg-i18n@2.1.1@egg-i18n/app.js",
    "start": 1611308578917,
    "end": 1611308578925,
    "duration": 8,
    "pid": 3564,
    "index": 53
  },
  {
    "name": "Require(44) node_modules/_egg-watcher@3.1.1@egg-watcher/app.js",
    "start": 1611308578925,
    "end": 1611308578929,
    "duration": 4,
    "pid": 3564,
    "index": 54
  },
  {
    "name": "Require(45) node_modules/_egg-schedule@3.6.6@egg-schedule/app.js",
    "start": 1611308578929,
    "end": 1611308578931,
    "duration": 2,
    "pid": 3564,
    "index": 55
  },
  {
    "name": "Require(46) node_modules/_egg-multipart@2.10.3@egg-multipart/app.js",
    "start": 1611308578932,
    "end": 1611308578932,
    "duration": 0,
    "pid": 3564,
    "index": 56
  },
  {
    "name": "Require(47) node_modules/_egg-development@2.7.0@egg-development/app.js",
    "start": 1611308578932,
    "end": 1611308578933,
    "duration": 1,
    "pid": 3564,
    "index": 57
  },
  {
    "name": "Require(48) node_modules/_egg-logrotator@3.1.0@egg-logrotator/app.js",
    "start": 1611308578933,
    "end": 1611308578933,
    "duration": 0,
    "pid": 3564,
    "index": 58
  },
  {
    "name": "Require(49) node_modules/_egg-static@2.2.0@egg-static/app.js",
    "start": 1611308578933,
    "end": 1611308578934,
    "duration": 1,
    "pid": 3564,
    "index": 59
  },
  {
    "name": "Require(50) node_modules/_egg-view-ejs@2.0.1@egg-view-ejs/app.js",
    "start": 1611308578934,
    "end": 1611308578936,
    "duration": 2,
    "pid": 3564,
    "index": 60
  },
  {
    "name": "Before Start in node_modules/_egg-watcher@3.1.1@egg-watcher/lib/init.js:15:14",
    "start": 1611308578946,
    "end": 1611308579137,
    "duration": 191,
    "pid": 3564,
    "index": 61
  },
  {
    "name": "Load Service",
    "start": 1611308578978,
    "end": 1611308578987,
    "duration": 9,
    "pid": 3564,
    "index": 62
  },
  {
    "name": "Load \"service\" to Context",
    "start": 1611308578978,
    "end": 1611308578987,
    "duration": 9,
    "pid": 3564,
    "index": 63
  },
  {
    "name": "Load Middleware",
    "start": 1611308578987,
    "end": 1611308579120,
    "duration": 133,
    "pid": 3564,
    "index": 64
  },
  {
    "name": "Load \"middlewares\" to Application",
    "start": 1611308578987,
    "end": 1611308579102,
    "duration": 115,
    "pid": 3564,
    "index": 65
  },
  {
    "name": "Load Controller",
    "start": 1611308579120,
    "end": 1611308579123,
    "duration": 3,
    "pid": 3564,
    "index": 66
  },
  {
    "name": "Load \"controller\" to Application",
    "start": 1611308579120,
    "end": 1611308579123,
    "duration": 3,
    "pid": 3564,
    "index": 67
  },
  {
    "name": "Load Router",
    "start": 1611308579123,
    "end": 1611308579125,
    "duration": 2,
    "pid": 3564,
    "index": 68
  },
  {
    "name": "Require(51) app/router.js",
    "start": 1611308579123,
    "end": 1611308579124,
    "duration": 1,
    "pid": 3564,
    "index": 69
  },
  {
    "name": "Before Start in node_modules/_egg-core@4.20.0@egg-core/lib/egg.js:303:10",
    "start": 1611308579124,
    "end": 1611308579130,
    "duration": 6,
    "pid": 3564,
    "index": 70
  }
]