[
  {
    "name": "Process Start",
    "start": 1611308608433,
    "end": 1611308609677,
    "duration": 1244,
    "pid": 9848,
    "index": 0
  },
  {
    "name": "Application Start",
    "start": 1611308609678,
    "end": 1611308610254,
    "duration": 576,
    "pid": 9848,
    "index": 1
  },
  {
    "name": "Load Plugin",
    "start": 1611308609683,
    "end": 1611308609707,
    "duration": 24,
    "pid": 9848,
    "index": 2
  },
  {
    "name": "Load Config",
    "start": 1611308609707,
    "end": 1611308609735,
    "duration": 28,
    "pid": 9848,
    "index": 3
  },
  {
    "name": "Require(0) config/config.default.js",
    "start": 1611308609708,
    "end": 1611308609708,
    "duration": 0,
    "pid": 9848,
    "index": 4
  },
  {
    "name": "Require(1) node_modules/_egg-session@3.2.0@egg-session/config/config.default.js",
    "start": 1611308609710,
    "end": 1611308609711,
    "duration": 1,
    "pid": 9848,
    "index": 5
  },
  {
    "name": "Require(2) node_modules/_egg-security@2.8.0@egg-security/config/config.default.js",
    "start": 1611308609711,
    "end": 1611308609712,
    "duration": 1,
    "pid": 9848,
    "index": 6
  },
  {
    "name": "Require(3) node_modules/_egg-jsonp@2.0.0@egg-jsonp/config/config.default.js",
    "start": 1611308609713,
    "end": 1611308609714,
    "duration": 1,
    "pid": 9848,
    "index": 7
  },
  {
    "name": "Require(4) node_modules/_egg-onerror@2.1.0@egg-onerror/config/config.default.js",
    "start": 1611308609714,
    "end": 1611308609715,
    "duration": 1,
    "pid": 9848,
    "index": 8
  },
  {
    "name": "Require(5) node_modules/_egg-i18n@2.1.1@egg-i18n/config/config.default.js",
    "start": 1611308609715,
    "end": 1611308609716,
    "duration": 1,
    "pid": 9848,
    "index": 9
  },
  {
    "name": "Require(6) node_modules/_egg-watcher@3.1.1@egg-watcher/config/config.default.js",
    "start": 1611308609717,
    "end": 1611308609717,
    "duration": 0,
    "pid": 9848,
    "index": 10
  },
  {
    "name": "Require(7) node_modules/_egg-schedule@3.6.6@egg-schedule/config/config.default.js",
    "start": 1611308609718,
    "end": 1611308609719,
    "duration": 1,
    "pid": 9848,
    "index": 11
  },
  {
    "name": "Require(8) node_modules/_egg-multipart@2.10.3@egg-multipart/config/config.default.js",
    "start": 1611308609720,
    "end": 1611308609720,
    "duration": 0,
    "pid": 9848,
    "index": 12
  },
  {
    "name": "Require(9) node_modules/_egg-development@2.7.0@egg-development/config/config.default.js",
    "start": 1611308609721,
    "end": 1611308609722,
    "duration": 1,
    "pid": 9848,
    "index": 13
  },
  {
    "name": "Require(10) node_modules/_egg-logrotator@3.1.0@egg-logrotator/config/config.default.js",
    "start": 1611308609722,
    "end": 1611308609723,
    "duration": 1,
    "pid": 9848,
    "index": 14
  },
  {
    "name": "Require(11) node_modules/_egg-static@2.2.0@egg-static/config/config.default.js",
    "start": 1611308609723,
    "end": 1611308609724,
    "duration": 1,
    "pid": 9848,
    "index": 15
  },
  {
    "name": "Require(12) node_modules/_egg-view@2.1.3@egg-view/config/config.default.js",
    "start": 1611308609725,
    "end": 1611308609725,
    "duration": 0,
    "pid": 9848,
    "index": 16
  },
  {
    "name": "Require(13) node_modules/_egg-view-ejs@2.0.1@egg-view-ejs/config/config.default.js",
    "start": 1611308609726,
    "end": 1611308609726,
    "duration": 0,
    "pid": 9848,
    "index": 17
  },
  {
    "name": "Require(14) node_modules/_egg@2.29.1@egg/config/config.default.js",
    "start": 1611308609727,
    "end": 1611308609728,
    "duration": 1,
    "pid": 9848,
    "index": 18
  },
  {
    "name": "Require(15) config/config.default.js",
    "start": 1611308609729,
    "end": 1611308609729,
    "duration": 0,
    "pid": 9848,
    "index": 19
  },
  {
    "name": "Require(16) node_modules/_egg-security@2.8.0@egg-security/config/config.local.js",
    "start": 1611308609730,
    "end": 1611308609730,
    "duration": 0,
    "pid": 9848,
    "index": 20
  },
  {
    "name": "Require(17) node_modules/_egg-watcher@3.1.1@egg-watcher/config/config.local.js",
    "start": 1611308609731,
    "end": 1611308609731,
    "duration": 0,
    "pid": 9848,
    "index": 21
  },
  {
    "name": "Require(18) node_modules/_egg-view@2.1.3@egg-view/config/config.local.js",
    "start": 1611308609733,
    "end": 1611308609733,
    "duration": 0,
    "pid": 9848,
    "index": 22
  },
  {
    "name": "Require(19) node_modules/_egg-view-ejs@2.0.1@egg-view-ejs/config/config.local.js",
    "start": 1611308609734,
    "end": 1611308609734,
    "duration": 0,
    "pid": 9848,
    "index": 23
  },
  {
    "name": "Require(20) node_modules/_egg@2.29.1@egg/config/config.local.js",
    "start": 1611308609735,
    "end": 1611308609735,
    "duration": 0,
    "pid": 9848,
    "index": 24
  },
  {
    "name": "Load extend/application.js",
    "start": 1611308609736,
    "end": 1611308609757,
    "duration": 21,
    "pid": 9848,
    "index": 25
  },
  {
    "name": "Require(21) node_modules/_egg-session@3.2.0@egg-session/app/extend/application.js",
    "start": 1611308609737,
    "end": 1611308609738,
    "duration": 1,
    "pid": 9848,
    "index": 26
  },
  {
    "name": "Require(22) node_modules/_egg-security@2.8.0@egg-security/app/extend/application.js",
    "start": 1611308609738,
    "end": 1611308609740,
    "duration": 2,
    "pid": 9848,
    "index": 27
  },
  {
    "name": "Require(23) node_modules/_egg-jsonp@2.0.0@egg-jsonp/app/extend/application.js",
    "start": 1611308609740,
    "end": 1611308609743,
    "duration": 3,
    "pid": 9848,
    "index": 28
  },
  {
    "name": "Require(24) node_modules/_egg-logrotator@3.1.0@egg-logrotator/app/extend/application.js",
    "start": 1611308609745,
    "end": 1611308609748,
    "duration": 3,
    "pid": 9848,
    "index": 29
  },
  {
    "name": "Require(25) node_modules/_egg-view@2.1.3@egg-view/app/extend/application.js",
    "start": 1611308609749,
    "end": 1611308609752,
    "duration": 3,
    "pid": 9848,
    "index": 30
  },
  {
    "name": "Require(26) app/extend/application.js",
    "start": 1611308609753,
    "end": 1611308609754,
    "duration": 1,
    "pid": 9848,
    "index": 31
  },
  {
    "name": "Load extend/request.js",
    "start": 1611308609757,
    "end": 1611308609767,
    "duration": 10,
    "pid": 9848,
    "index": 32
  },
  {
    "name": "Require(27) node_modules/_egg@2.29.1@egg/app/extend/request.js",
    "start": 1611308609761,
    "end": 1611308609762,
    "duration": 1,
    "pid": 9848,
    "index": 33
  },
  {
    "name": "Require(28) app/extend/request.js",
    "start": 1611308609763,
    "end": 1611308609763,
    "duration": 0,
    "pid": 9848,
    "index": 34
  },
  {
    "name": "Load extend/response.js",
    "start": 1611308609767,
    "end": 1611308609781,
    "duration": 14,
    "pid": 9848,
    "index": 35
  },
  {
    "name": "Require(29) node_modules/_egg@2.29.1@egg/app/extend/response.js",
    "start": 1611308609774,
    "end": 1611308609777,
    "duration": 3,
    "pid": 9848,
    "index": 36
  },
  {
    "name": "Load extend/context.js",
    "start": 1611308609781,
    "end": 1611308609872,
    "duration": 91,
    "pid": 9848,
    "index": 37
  },
  {
    "name": "Require(30) node_modules/_egg-security@2.8.0@egg-security/app/extend/context.js",
    "start": 1611308609782,
    "end": 1611308609800,
    "duration": 18,
    "pid": 9848,
    "index": 38
  },
  {
    "name": "Require(31) node_modules/_egg-jsonp@2.0.0@egg-jsonp/app/extend/context.js",
    "start": 1611308609801,
    "end": 1611308609803,
    "duration": 2,
    "pid": 9848,
    "index": 39
  },
  {
    "name": "Require(32) node_modules/_egg-i18n@2.1.1@egg-i18n/app/extend/context.js",
    "start": 1611308609804,
    "end": 1611308609805,
    "duration": 1,
    "pid": 9848,
    "index": 40
  },
  {
    "name": "Require(33) node_modules/_egg-multipart@2.10.3@egg-multipart/app/extend/context.js",
    "start": 1611308609806,
    "end": 1611308609863,
    "duration": 57,
    "pid": 9848,
    "index": 41
  },
  {
    "name": "Require(34) node_modules/_egg-view@2.1.3@egg-view/app/extend/context.js",
    "start": 1611308609864,
    "end": 1611308609865,
    "duration": 1,
    "pid": 9848,
    "index": 42
  },
  {
    "name": "Require(35) node_modules/_egg@2.29.1@egg/app/extend/context.js",
    "start": 1611308609866,
    "end": 1611308609868,
    "duration": 2,
    "pid": 9848,
    "index": 43
  },
  {
    "name": "Require(36) app/extend/context.js",
    "start": 1611308609868,
    "end": 1611308609869,
    "duration": 1,
    "pid": 9848,
    "index": 44
  },
  {
    "name": "Load extend/helper.js",
    "start": 1611308609873,
    "end": 1611308609906,
    "duration": 33,
    "pid": 9848,
    "index": 45
  },
  {
    "name": "Require(37) node_modules/_egg-security@2.8.0@egg-security/app/extend/helper.js",
    "start": 1611308609873,
    "end": 1611308609893,
    "duration": 20,
    "pid": 9848,
    "index": 46
  },
  {
    "name": "Require(38) node_modules/_egg@2.29.1@egg/app/extend/helper.js",
    "start": 1611308609896,
    "end": 1611308609897,
    "duration": 1,
    "pid": 9848,
    "index": 47
  },
  {
    "name": "Require(39) app/extend/helper.js",
    "start": 1611308609897,
    "end": 1611308609899,
    "duration": 2,
    "pid": 9848,
    "index": 48
  },
  {
    "name": "Load app.js",
    "start": 1611308609906,
    "end": 1611308609961,
    "duration": 55,
    "pid": 9848,
    "index": 49
  },
  {
    "name": "Require(40) node_modules/_egg-session@3.2.0@egg-session/app.js",
    "start": 1611308609907,
    "end": 1611308609908,
    "duration": 1,
    "pid": 9848,
    "index": 50
  },
  {
    "name": "Require(41) node_modules/_egg-security@2.8.0@egg-security/app.js",
    "start": 1611308609909,
    "end": 1611308609914,
    "duration": 5,
    "pid": 9848,
    "index": 51
  },
  {
    "name": "Require(42) node_modules/_egg-onerror@2.1.0@egg-onerror/app.js",
    "start": 1611308609915,
    "end": 1611308609937,
    "duration": 22,
    "pid": 9848,
    "index": 52
  },
  {
    "name": "Require(43) node_modules/_egg-i18n@2.1.1@egg-i18n/app.js",
    "start": 1611308609937,
    "end": 1611308609946,
    "duration": 9,
    "pid": 9848,
    "index": 53
  },
  {
    "name": "Require(44) node_modules/_egg-watcher@3.1.1@egg-watcher/app.js",
    "start": 1611308609946,
    "end": 1611308609952,
    "duration": 6,
    "pid": 9848,
    "index": 54
  },
  {
    "name": "Require(45) node_modules/_egg-schedule@3.6.6@egg-schedule/app.js",
    "start": 1611308609952,
    "end": 1611308609955,
    "duration": 3,
    "pid": 9848,
    "index": 55
  },
  {
    "name": "Require(46) node_modules/_egg-multipart@2.10.3@egg-multipart/app.js",
    "start": 1611308609955,
    "end": 1611308609956,
    "duration": 1,
    "pid": 9848,
    "index": 56
  },
  {
    "name": "Require(47) node_modules/_egg-development@2.7.0@egg-development/app.js",
    "start": 1611308609956,
    "end": 1611308609956,
    "duration": 0,
    "pid": 9848,
    "index": 57
  },
  {
    "name": "Require(48) node_modules/_egg-logrotator@3.1.0@egg-logrotator/app.js",
    "start": 1611308609957,
    "end": 1611308609957,
    "duration": 0,
    "pid": 9848,
    "index": 58
  },
  {
    "name": "Require(49) node_modules/_egg-static@2.2.0@egg-static/app.js",
    "start": 1611308609957,
    "end": 1611308609958,
    "duration": 1,
    "pid": 9848,
    "index": 59
  },
  {
    "name": "Require(50) node_modules/_egg-view-ejs@2.0.1@egg-view-ejs/app.js",
    "start": 1611308609958,
    "end": 1611308609960,
    "duration": 2,
    "pid": 9848,
    "index": 60
  },
  {
    "name": "Before Start in node_modules/_egg-watcher@3.1.1@egg-watcher/lib/init.js:15:14",
    "start": 1611308609972,
    "end": 1611308610253,
    "duration": 281,
    "pid": 9848,
    "index": 61
  },
  {
    "name": "Load Service",
    "start": 1611308610009,
    "end": 1611308610015,
    "duration": 6,
    "pid": 9848,
    "index": 62
  },
  {
    "name": "Load \"service\" to Context",
    "start": 1611308610009,
    "end": 1611308610015,
    "duration": 6,
    "pid": 9848,
    "index": 63
  },
  {
    "name": "Load Middleware",
    "start": 1611308610015,
    "end": 1611308610218,
    "duration": 203,
    "pid": 9848,
    "index": 64
  },
  {
    "name": "Load \"middlewares\" to Application",
    "start": 1611308610016,
    "end": 1611308610152,
    "duration": 136,
    "pid": 9848,
    "index": 65
  },
  {
    "name": "Load Controller",
    "start": 1611308610218,
    "end": 1611308610225,
    "duration": 7,
    "pid": 9848,
    "index": 66
  },
  {
    "name": "Load \"controller\" to Application",
    "start": 1611308610218,
    "end": 1611308610225,
    "duration": 7,
    "pid": 9848,
    "index": 67
  },
  {
    "name": "Load Router",
    "start": 1611308610225,
    "end": 1611308610229,
    "duration": 4,
    "pid": 9848,
    "index": 68
  },
  {
    "name": "Require(51) app/router.js",
    "start": 1611308610225,
    "end": 1611308610226,
    "duration": 1,
    "pid": 9848,
    "index": 69
  },
  {
    "name": "Before Start in node_modules/_egg-core@4.20.0@egg-core/lib/egg.js:303:10",
    "start": 1611308610226,
    "end": 1611308610243,
    "duration": 17,
    "pid": 9848,
    "index": 70
  }
]