[
  {
    "name": "Process Start",
    "start": 1611308074835,
    "end": 1611308076211,
    "duration": 1376,
    "pid": 11312,
    "index": 0
  },
  {
    "name": "Application Start",
    "start": 1611308076211,
    "end": 1611308076730,
    "duration": 519,
    "pid": 11312,
    "index": 1
  },
  {
    "name": "Load Plugin",
    "start": 1611308076218,
    "end": 1611308076253,
    "duration": 35,
    "pid": 11312,
    "index": 2
  },
  {
    "name": "Load Config",
    "start": 1611308076253,
    "end": 1611308076283,
    "duration": 30,
    "pid": 11312,
    "index": 3
  },
  {
    "name": "Require(0) config/config.default.js",
    "start": 1611308076255,
    "end": 1611308076256,
    "duration": 1,
    "pid": 11312,
    "index": 4
  },
  {
    "name": "Require(1) node_modules/_egg-session@3.2.0@egg-session/config/config.default.js",
    "start": 1611308076257,
    "end": 1611308076258,
    "duration": 1,
    "pid": 11312,
    "index": 5
  },
  {
    "name": "Require(2) node_modules/_egg-security@2.8.0@egg-security/config/config.default.js",
    "start": 1611308076259,
    "end": 1611308076260,
    "duration": 1,
    "pid": 11312,
    "index": 6
  },
  {
    "name": "Require(3) node_modules/_egg-jsonp@2.0.0@egg-jsonp/config/config.default.js",
    "start": 1611308076261,
    "end": 1611308076261,
    "duration": 0,
    "pid": 11312,
    "index": 7
  },
  {
    "name": "Require(4) node_modules/_egg-onerror@2.1.0@egg-onerror/config/config.default.js",
    "start": 1611308076262,
    "end": 1611308076262,
    "duration": 0,
    "pid": 11312,
    "index": 8
  },
  {
    "name": "Require(5) node_modules/_egg-i18n@2.1.1@egg-i18n/config/config.default.js",
    "start": 1611308076263,
    "end": 1611308076263,
    "duration": 0,
    "pid": 11312,
    "index": 9
  },
  {
    "name": "Require(6) node_modules/_egg-watcher@3.1.1@egg-watcher/config/config.default.js",
    "start": 1611308076264,
    "end": 1611308076265,
    "duration": 1,
    "pid": 11312,
    "index": 10
  },
  {
    "name": "Require(7) node_modules/_egg-schedule@3.6.6@egg-schedule/config/config.default.js",
    "start": 1611308076265,
    "end": 1611308076266,
    "duration": 1,
    "pid": 11312,
    "index": 11
  },
  {
    "name": "Require(8) node_modules/_egg-multipart@2.10.3@egg-multipart/config/config.default.js",
    "start": 1611308076266,
    "end": 1611308076267,
    "duration": 1,
    "pid": 11312,
    "index": 12
  },
  {
    "name": "Require(9) node_modules/_egg-development@2.7.0@egg-development/config/config.default.js",
    "start": 1611308076268,
    "end": 1611308076268,
    "duration": 0,
    "pid": 11312,
    "index": 13
  },
  {
    "name": "Require(10) node_modules/_egg-logrotator@3.1.0@egg-logrotator/config/config.default.js",
    "start": 1611308076269,
    "end": 1611308076269,
    "duration": 0,
    "pid": 11312,
    "index": 14
  },
  {
    "name": "Require(11) node_modules/_egg-static@2.2.0@egg-static/config/config.default.js",
    "start": 1611308076270,
    "end": 1611308076271,
    "duration": 1,
    "pid": 11312,
    "index": 15
  },
  {
    "name": "Require(12) node_modules/_egg-view@2.1.3@egg-view/config/config.default.js",
    "start": 1611308076272,
    "end": 1611308076273,
    "duration": 1,
    "pid": 11312,
    "index": 16
  },
  {
    "name": "Require(13) node_modules/_egg-view-ejs@2.0.1@egg-view-ejs/config/config.default.js",
    "start": 1611308076273,
    "end": 1611308076274,
    "duration": 1,
    "pid": 11312,
    "index": 17
  },
  {
    "name": "Require(14) node_modules/_egg@2.29.1@egg/config/config.default.js",
    "start": 1611308076274,
    "end": 1611308076275,
    "duration": 1,
    "pid": 11312,
    "index": 18
  },
  {
    "name": "Require(15) config/config.default.js",
    "start": 1611308076276,
    "end": 1611308076276,
    "duration": 0,
    "pid": 11312,
    "index": 19
  },
  {
    "name": "Require(16) node_modules/_egg-security@2.8.0@egg-security/config/config.local.js",
    "start": 1611308076277,
    "end": 1611308076277,
    "duration": 0,
    "pid": 11312,
    "index": 20
  },
  {
    "name": "Require(17) node_modules/_egg-watcher@3.1.1@egg-watcher/config/config.local.js",
    "start": 1611308076279,
    "end": 1611308076279,
    "duration": 0,
    "pid": 11312,
    "index": 21
  },
  {
    "name": "Require(18) node_modules/_egg-view@2.1.3@egg-view/config/config.local.js",
    "start": 1611308076280,
    "end": 1611308076281,
    "duration": 1,
    "pid": 11312,
    "index": 22
  },
  {
    "name": "Require(19) node_modules/_egg-view-ejs@2.0.1@egg-view-ejs/config/config.local.js",
    "start": 1611308076281,
    "end": 1611308076281,
    "duration": 0,
    "pid": 11312,
    "index": 23
  },
  {
    "name": "Require(20) node_modules/_egg@2.29.1@egg/config/config.local.js",
    "start": 1611308076282,
    "end": 1611308076282,
    "duration": 0,
    "pid": 11312,
    "index": 24
  },
  {
    "name": "Load extend/application.js",
    "start": 1611308076284,
    "end": 1611308076311,
    "duration": 27,
    "pid": 11312,
    "index": 25
  },
  {
    "name": "Require(21) node_modules/_egg-session@3.2.0@egg-session/app/extend/application.js",
    "start": 1611308076285,
    "end": 1611308076286,
    "duration": 1,
    "pid": 11312,
    "index": 26
  },
  {
    "name": "Require(22) node_modules/_egg-security@2.8.0@egg-security/app/extend/application.js",
    "start": 1611308076287,
    "end": 1611308076289,
    "duration": 2,
    "pid": 11312,
    "index": 27
  },
  {
    "name": "Require(23) node_modules/_egg-jsonp@2.0.0@egg-jsonp/app/extend/application.js",
    "start": 1611308076290,
    "end": 1611308076293,
    "duration": 3,
    "pid": 11312,
    "index": 28
  },
  {
    "name": "Require(24) node_modules/_egg-logrotator@3.1.0@egg-logrotator/app/extend/application.js",
    "start": 1611308076295,
    "end": 1611308076301,
    "duration": 6,
    "pid": 11312,
    "index": 29
  },
  {
    "name": "Require(25) node_modules/_egg-view@2.1.3@egg-view/app/extend/application.js",
    "start": 1611308076301,
    "end": 1611308076306,
    "duration": 5,
    "pid": 11312,
    "index": 30
  },
  {
    "name": "Require(26) app/extend/application.js",
    "start": 1611308076307,
    "end": 1611308076308,
    "duration": 1,
    "pid": 11312,
    "index": 31
  },
  {
    "name": "Load extend/request.js",
    "start": 1611308076311,
    "end": 1611308076321,
    "duration": 10,
    "pid": 11312,
    "index": 32
  },
  {
    "name": "Require(27) node_modules/_egg@2.29.1@egg/app/extend/request.js",
    "start": 1611308076314,
    "end": 1611308076316,
    "duration": 2,
    "pid": 11312,
    "index": 33
  },
  {
    "name": "Require(28) app/extend/request.js",
    "start": 1611308076317,
    "end": 1611308076317,
    "duration": 0,
    "pid": 11312,
    "index": 34
  },
  {
    "name": "Load extend/response.js",
    "start": 1611308076321,
    "end": 1611308076333,
    "duration": 12,
    "pid": 11312,
    "index": 35
  },
  {
    "name": "Require(29) node_modules/_egg@2.29.1@egg/app/extend/response.js",
    "start": 1611308076327,
    "end": 1611308076329,
    "duration": 2,
    "pid": 11312,
    "index": 36
  },
  {
    "name": "Load extend/context.js",
    "start": 1611308076333,
    "end": 1611308076425,
    "duration": 92,
    "pid": 11312,
    "index": 37
  },
  {
    "name": "Require(30) node_modules/_egg-security@2.8.0@egg-security/app/extend/context.js",
    "start": 1611308076334,
    "end": 1611308076351,
    "duration": 17,
    "pid": 11312,
    "index": 38
  },
  {
    "name": "Require(31) node_modules/_egg-jsonp@2.0.0@egg-jsonp/app/extend/context.js",
    "start": 1611308076351,
    "end": 1611308076353,
    "duration": 2,
    "pid": 11312,
    "index": 39
  },
  {
    "name": "Require(32) node_modules/_egg-i18n@2.1.1@egg-i18n/app/extend/context.js",
    "start": 1611308076354,
    "end": 1611308076355,
    "duration": 1,
    "pid": 11312,
    "index": 40
  },
  {
    "name": "Require(33) node_modules/_egg-multipart@2.10.3@egg-multipart/app/extend/context.js",
    "start": 1611308076356,
    "end": 1611308076416,
    "duration": 60,
    "pid": 11312,
    "index": 41
  },
  {
    "name": "Require(34) node_modules/_egg-view@2.1.3@egg-view/app/extend/context.js",
    "start": 1611308076417,
    "end": 1611308076418,
    "duration": 1,
    "pid": 11312,
    "index": 42
  },
  {
    "name": "Require(35) node_modules/_egg@2.29.1@egg/app/extend/context.js",
    "start": 1611308076419,
    "end": 1611308076421,
    "duration": 2,
    "pid": 11312,
    "index": 43
  },
  {
    "name": "Require(36) app/extend/context.js",
    "start": 1611308076421,
    "end": 1611308076421,
    "duration": 0,
    "pid": 11312,
    "index": 44
  },
  {
    "name": "Load extend/helper.js",
    "start": 1611308076425,
    "end": 1611308076458,
    "duration": 33,
    "pid": 11312,
    "index": 45
  },
  {
    "name": "Require(37) node_modules/_egg-security@2.8.0@egg-security/app/extend/helper.js",
    "start": 1611308076426,
    "end": 1611308076448,
    "duration": 22,
    "pid": 11312,
    "index": 46
  },
  {
    "name": "Require(38) node_modules/_egg@2.29.1@egg/app/extend/helper.js",
    "start": 1611308076451,
    "end": 1611308076451,
    "duration": 0,
    "pid": 11312,
    "index": 47
  },
  {
    "name": "Require(39) app/extend/helper.js",
    "start": 1611308076452,
    "end": 1611308076454,
    "duration": 2,
    "pid": 11312,
    "index": 48
  },
  {
    "name": "Load app.js",
    "start": 1611308076458,
    "end": 1611308076500,
    "duration": 42,
    "pid": 11312,
    "index": 49
  },
  {
    "name": "Require(40) node_modules/_egg-session@3.2.0@egg-session/app.js",
    "start": 1611308076459,
    "end": 1611308076459,
    "duration": 0,
    "pid": 11312,
    "index": 50
  },
  {
    "name": "Require(41) node_modules/_egg-security@2.8.0@egg-security/app.js",
    "start": 1611308076459,
    "end": 1611308076462,
    "duration": 3,
    "pid": 11312,
    "index": 51
  },
  {
    "name": "Require(42) node_modules/_egg-onerror@2.1.0@egg-onerror/app.js",
    "start": 1611308076462,
    "end": 1611308076475,
    "duration": 13,
    "pid": 11312,
    "index": 52
  },
  {
    "name": "Require(43) node_modules/_egg-i18n@2.1.1@egg-i18n/app.js",
    "start": 1611308076476,
    "end": 1611308076485,
    "duration": 9,
    "pid": 11312,
    "index": 53
  },
  {
    "name": "Require(44) node_modules/_egg-watcher@3.1.1@egg-watcher/app.js",
    "start": 1611308076486,
    "end": 1611308076491,
    "duration": 5,
    "pid": 11312,
    "index": 54
  },
  {
    "name": "Require(45) node_modules/_egg-schedule@3.6.6@egg-schedule/app.js",
    "start": 1611308076491,
    "end": 1611308076494,
    "duration": 3,
    "pid": 11312,
    "index": 55
  },
  {
    "name": "Require(46) node_modules/_egg-multipart@2.10.3@egg-multipart/app.js",
    "start": 1611308076494,
    "end": 1611308076495,
    "duration": 1,
    "pid": 11312,
    "index": 56
  },
  {
    "name": "Require(47) node_modules/_egg-development@2.7.0@egg-development/app.js",
    "start": 1611308076495,
    "end": 1611308076495,
    "duration": 0,
    "pid": 11312,
    "index": 57
  },
  {
    "name": "Require(48) node_modules/_egg-logrotator@3.1.0@egg-logrotator/app.js",
    "start": 1611308076496,
    "end": 1611308076496,
    "duration": 0,
    "pid": 11312,
    "index": 58
  },
  {
    "name": "Require(49) node_modules/_egg-static@2.2.0@egg-static/app.js",
    "start": 1611308076497,
    "end": 1611308076497,
    "duration": 0,
    "pid": 11312,
    "index": 59
  },
  {
    "name": "Require(50) node_modules/_egg-view-ejs@2.0.1@egg-view-ejs/app.js",
    "start": 1611308076498,
    "end": 1611308076499,
    "duration": 1,
    "pid": 11312,
    "index": 60
  },
  {
    "name": "Before Start in node_modules/_egg-watcher@3.1.1@egg-watcher/lib/init.js:15:14",
    "start": 1611308076511,
    "end": 1611308076730,
    "duration": 219,
    "pid": 11312,
    "index": 61
  },
  {
    "name": "Load Service",
    "start": 1611308076550,
    "end": 1611308076560,
    "duration": 10,
    "pid": 11312,
    "index": 62
  },
  {
    "name": "Load \"service\" to Context",
    "start": 1611308076550,
    "end": 1611308076560,
    "duration": 10,
    "pid": 11312,
    "index": 63
  },
  {
    "name": "Load Middleware",
    "start": 1611308076560,
    "end": 1611308076711,
    "duration": 151,
    "pid": 11312,
    "index": 64
  },
  {
    "name": "Load \"middlewares\" to Application",
    "start": 1611308076560,
    "end": 1611308076688,
    "duration": 128,
    "pid": 11312,
    "index": 65
  },
  {
    "name": "Load Controller",
    "start": 1611308076711,
    "end": 1611308076714,
    "duration": 3,
    "pid": 11312,
    "index": 66
  },
  {
    "name": "Load \"controller\" to Application",
    "start": 1611308076711,
    "end": 1611308076714,
    "duration": 3,
    "pid": 11312,
    "index": 67
  },
  {
    "name": "Load Router",
    "start": 1611308076714,
    "end": 1611308076716,
    "duration": 2,
    "pid": 11312,
    "index": 68
  },
  {
    "name": "Require(51) app/router.js",
    "start": 1611308076714,
    "end": 1611308076714,
    "duration": 0,
    "pid": 11312,
    "index": 69
  },
  {
    "name": "Before Start in node_modules/_egg-core@4.20.0@egg-core/lib/egg.js:303:10",
    "start": 1611308076715,
    "end": 1611308076723,
    "duration": 8,
    "pid": 11312,
    "index": 70
  }
]