[
  {
    "name": "Process Start",
    "start": 1611308112474,
    "end": 1611308113601,
    "duration": 1127,
    "pid": 7116,
    "index": 0
  },
  {
    "name": "Application Start",
    "start": 1611308113602,
    "end": 1611308114036,
    "duration": 434,
    "pid": 7116,
    "index": 1
  },
  {
    "name": "Load Plugin",
    "start": 1611308113605,
    "end": 1611308113623,
    "duration": 18,
    "pid": 7116,
    "index": 2
  },
  {
    "name": "Load Config",
    "start": 1611308113623,
    "end": 1611308113645,
    "duration": 22,
    "pid": 7116,
    "index": 3
  },
  {
    "name": "Require(0) config/config.default.js",
    "start": 1611308113624,
    "end": 1611308113624,
    "duration": 0,
    "pid": 7116,
    "index": 4
  },
  {
    "name": "Require(1) node_modules/_egg-session@3.2.0@egg-session/config/config.default.js",
    "start": 1611308113626,
    "end": 1611308113626,
    "duration": 0,
    "pid": 7116,
    "index": 5
  },
  {
    "name": "Require(2) node_modules/_egg-security@2.8.0@egg-security/config/config.default.js",
    "start": 1611308113627,
    "end": 1611308113627,
    "duration": 0,
    "pid": 7116,
    "index": 6
  },
  {
    "name": "Require(3) node_modules/_egg-jsonp@2.0.0@egg-jsonp/config/config.default.js",
    "start": 1611308113628,
    "end": 1611308113628,
    "duration": 0,
    "pid": 7116,
    "index": 7
  },
  {
    "name": "Require(4) node_modules/_egg-onerror@2.1.0@egg-onerror/config/config.default.js",
    "start": 1611308113629,
    "end": 1611308113629,
    "duration": 0,
    "pid": 7116,
    "index": 8
  },
  {
    "name": "Require(5) node_modules/_egg-i18n@2.1.1@egg-i18n/config/config.default.js",
    "start": 1611308113630,
    "end": 1611308113630,
    "duration": 0,
    "pid": 7116,
    "index": 9
  },
  {
    "name": "Require(6) node_modules/_egg-watcher@3.1.1@egg-watcher/config/config.default.js",
    "start": 1611308113631,
    "end": 1611308113631,
    "duration": 0,
    "pid": 7116,
    "index": 10
  },
  {
    "name": "Require(7) node_modules/_egg-schedule@3.6.6@egg-schedule/config/config.default.js",
    "start": 1611308113632,
    "end": 1611308113632,
    "duration": 0,
    "pid": 7116,
    "index": 11
  },
  {
    "name": "Require(8) node_modules/_egg-multipart@2.10.3@egg-multipart/config/config.default.js",
    "start": 1611308113633,
    "end": 1611308113634,
    "duration": 1,
    "pid": 7116,
    "index": 12
  },
  {
    "name": "Require(9) node_modules/_egg-development@2.7.0@egg-development/config/config.default.js",
    "start": 1611308113634,
    "end": 1611308113635,
    "duration": 1,
    "pid": 7116,
    "index": 13
  },
  {
    "name": "Require(10) node_modules/_egg-logrotator@3.1.0@egg-logrotator/config/config.default.js",
    "start": 1611308113635,
    "end": 1611308113636,
    "duration": 1,
    "pid": 7116,
    "index": 14
  },
  {
    "name": "Require(11) node_modules/_egg-static@2.2.0@egg-static/config/config.default.js",
    "start": 1611308113636,
    "end": 1611308113636,
    "duration": 0,
    "pid": 7116,
    "index": 15
  },
  {
    "name": "Require(12) node_modules/_egg-view@2.1.3@egg-view/config/config.default.js",
    "start": 1611308113637,
    "end": 1611308113637,
    "duration": 0,
    "pid": 7116,
    "index": 16
  },
  {
    "name": "Require(13) node_modules/_egg-view-ejs@2.0.1@egg-view-ejs/config/config.default.js",
    "start": 1611308113638,
    "end": 1611308113638,
    "duration": 0,
    "pid": 7116,
    "index": 17
  },
  {
    "name": "Require(14) node_modules/_egg@2.29.1@egg/config/config.default.js",
    "start": 1611308113639,
    "end": 1611308113639,
    "duration": 0,
    "pid": 7116,
    "index": 18
  },
  {
    "name": "Require(15) config/config.default.js",
    "start": 1611308113640,
    "end": 1611308113640,
    "duration": 0,
    "pid": 7116,
    "index": 19
  },
  {
    "name": "Require(16) node_modules/_egg-security@2.8.0@egg-security/config/config.local.js",
    "start": 1611308113641,
    "end": 1611308113641,
    "duration": 0,
    "pid": 7116,
    "index": 20
  },
  {
    "name": "Require(17) node_modules/_egg-watcher@3.1.1@egg-watcher/config/config.local.js",
    "start": 1611308113642,
    "end": 1611308113642,
    "duration": 0,
    "pid": 7116,
    "index": 21
  },
  {
    "name": "Require(18) node_modules/_egg-view@2.1.3@egg-view/config/config.local.js",
    "start": 1611308113644,
    "end": 1611308113644,
    "duration": 0,
    "pid": 7116,
    "index": 22
  },
  {
    "name": "Require(19) node_modules/_egg-view-ejs@2.0.1@egg-view-ejs/config/config.local.js",
    "start": 1611308113644,
    "end": 1611308113644,
    "duration": 0,
    "pid": 7116,
    "index": 23
  },
  {
    "name": "Require(20) node_modules/_egg@2.29.1@egg/config/config.local.js",
    "start": 1611308113645,
    "end": 1611308113645,
    "duration": 0,
    "pid": 7116,
    "index": 24
  },
  {
    "name": "Load extend/application.js",
    "start": 1611308113646,
    "end": 1611308113663,
    "duration": 17,
    "pid": 7116,
    "index": 25
  },
  {
    "name": "Require(21) node_modules/_egg-session@3.2.0@egg-session/app/extend/application.js",
    "start": 1611308113647,
    "end": 1611308113647,
    "duration": 0,
    "pid": 7116,
    "index": 26
  },
  {
    "name": "Require(22) node_modules/_egg-security@2.8.0@egg-security/app/extend/application.js",
    "start": 1611308113648,
    "end": 1611308113649,
    "duration": 1,
    "pid": 7116,
    "index": 27
  },
  {
    "name": "Require(23) node_modules/_egg-jsonp@2.0.0@egg-jsonp/app/extend/application.js",
    "start": 1611308113650,
    "end": 1611308113652,
    "duration": 2,
    "pid": 7116,
    "index": 28
  },
  {
    "name": "Require(24) node_modules/_egg-logrotator@3.1.0@egg-logrotator/app/extend/application.js",
    "start": 1611308113653,
    "end": 1611308113656,
    "duration": 3,
    "pid": 7116,
    "index": 29
  },
  {
    "name": "Require(25) node_modules/_egg-view@2.1.3@egg-view/app/extend/application.js",
    "start": 1611308113657,
    "end": 1611308113659,
    "duration": 2,
    "pid": 7116,
    "index": 30
  },
  {
    "name": "Require(26) app/extend/application.js",
    "start": 1611308113659,
    "end": 1611308113660,
    "duration": 1,
    "pid": 7116,
    "index": 31
  },
  {
    "name": "Load extend/request.js",
    "start": 1611308113663,
    "end": 1611308113671,
    "duration": 8,
    "pid": 7116,
    "index": 32
  },
  {
    "name": "Require(27) node_modules/_egg@2.29.1@egg/app/extend/request.js",
    "start": 1611308113666,
    "end": 1611308113667,
    "duration": 1,
    "pid": 7116,
    "index": 33
  },
  {
    "name": "Require(28) app/extend/request.js",
    "start": 1611308113668,
    "end": 1611308113668,
    "duration": 0,
    "pid": 7116,
    "index": 34
  },
  {
    "name": "Load extend/response.js",
    "start": 1611308113671,
    "end": 1611308113681,
    "duration": 10,
    "pid": 7116,
    "index": 35
  },
  {
    "name": "Require(29) node_modules/_egg@2.29.1@egg/app/extend/response.js",
    "start": 1611308113676,
    "end": 1611308113678,
    "duration": 2,
    "pid": 7116,
    "index": 36
  },
  {
    "name": "Load extend/context.js",
    "start": 1611308113681,
    "end": 1611308113757,
    "duration": 76,
    "pid": 7116,
    "index": 37
  },
  {
    "name": "Require(30) node_modules/_egg-security@2.8.0@egg-security/app/extend/context.js",
    "start": 1611308113682,
    "end": 1611308113695,
    "duration": 13,
    "pid": 7116,
    "index": 38
  },
  {
    "name": "Require(31) node_modules/_egg-jsonp@2.0.0@egg-jsonp/app/extend/context.js",
    "start": 1611308113696,
    "end": 1611308113697,
    "duration": 1,
    "pid": 7116,
    "index": 39
  },
  {
    "name": "Require(32) node_modules/_egg-i18n@2.1.1@egg-i18n/app/extend/context.js",
    "start": 1611308113698,
    "end": 1611308113698,
    "duration": 0,
    "pid": 7116,
    "index": 40
  },
  {
    "name": "Require(33) node_modules/_egg-multipart@2.10.3@egg-multipart/app/extend/context.js",
    "start": 1611308113700,
    "end": 1611308113751,
    "duration": 51,
    "pid": 7116,
    "index": 41
  },
  {
    "name": "Require(34) node_modules/_egg-view@2.1.3@egg-view/app/extend/context.js",
    "start": 1611308113752,
    "end": 1611308113753,
    "duration": 1,
    "pid": 7116,
    "index": 42
  },
  {
    "name": "Require(35) node_modules/_egg@2.29.1@egg/app/extend/context.js",
    "start": 1611308113753,
    "end": 1611308113754,
    "duration": 1,
    "pid": 7116,
    "index": 43
  },
  {
    "name": "Require(36) app/extend/context.js",
    "start": 1611308113755,
    "end": 1611308113755,
    "duration": 0,
    "pid": 7116,
    "index": 44
  },
  {
    "name": "Load extend/helper.js",
    "start": 1611308113758,
    "end": 1611308113783,
    "duration": 25,
    "pid": 7116,
    "index": 45
  },
  {
    "name": "Require(37) node_modules/_egg-security@2.8.0@egg-security/app/extend/helper.js",
    "start": 1611308113758,
    "end": 1611308113776,
    "duration": 18,
    "pid": 7116,
    "index": 46
  },
  {
    "name": "Require(38) node_modules/_egg@2.29.1@egg/app/extend/helper.js",
    "start": 1611308113778,
    "end": 1611308113778,
    "duration": 0,
    "pid": 7116,
    "index": 47
  },
  {
    "name": "Require(39) app/extend/helper.js",
    "start": 1611308113779,
    "end": 1611308113781,
    "duration": 2,
    "pid": 7116,
    "index": 48
  },
  {
    "name": "Load app.js",
    "start": 1611308113784,
    "end": 1611308113819,
    "duration": 35,
    "pid": 7116,
    "index": 49
  },
  {
    "name": "Require(40) node_modules/_egg-session@3.2.0@egg-session/app.js",
    "start": 1611308113784,
    "end": 1611308113785,
    "duration": 1,
    "pid": 7116,
    "index": 50
  },
  {
    "name": "Require(41) node_modules/_egg-security@2.8.0@egg-security/app.js",
    "start": 1611308113785,
    "end": 1611308113787,
    "duration": 2,
    "pid": 7116,
    "index": 51
  },
  {
    "name": "Require(42) node_modules/_egg-onerror@2.1.0@egg-onerror/app.js",
    "start": 1611308113788,
    "end": 1611308113798,
    "duration": 10,
    "pid": 7116,
    "index": 52
  },
  {
    "name": "Require(43) node_modules/_egg-i18n@2.1.1@egg-i18n/app.js",
    "start": 1611308113799,
    "end": 1611308113807,
    "duration": 8,
    "pid": 7116,
    "index": 53
  },
  {
    "name": "Require(44) node_modules/_egg-watcher@3.1.1@egg-watcher/app.js",
    "start": 1611308113807,
    "end": 1611308113811,
    "duration": 4,
    "pid": 7116,
    "index": 54
  },
  {
    "name": "Require(45) node_modules/_egg-schedule@3.6.6@egg-schedule/app.js",
    "start": 1611308113811,
    "end": 1611308113813,
    "duration": 2,
    "pid": 7116,
    "index": 55
  },
  {
    "name": "Require(46) node_modules/_egg-multipart@2.10.3@egg-multipart/app.js",
    "start": 1611308113814,
    "end": 1611308113814,
    "duration": 0,
    "pid": 7116,
    "index": 56
  },
  {
    "name": "Require(47) node_modules/_egg-development@2.7.0@egg-development/app.js",
    "start": 1611308113814,
    "end": 1611308113815,
    "duration": 1,
    "pid": 7116,
    "index": 57
  },
  {
    "name": "Require(48) node_modules/_egg-logrotator@3.1.0@egg-logrotator/app.js",
    "start": 1611308113815,
    "end": 1611308113815,
    "duration": 0,
    "pid": 7116,
    "index": 58
  },
  {
    "name": "Require(49) node_modules/_egg-static@2.2.0@egg-static/app.js",
    "start": 1611308113816,
    "end": 1611308113816,
    "duration": 0,
    "pid": 7116,
    "index": 59
  },
  {
    "name": "Require(50) node_modules/_egg-view-ejs@2.0.1@egg-view-ejs/app.js",
    "start": 1611308113817,
    "end": 1611308113818,
    "duration": 1,
    "pid": 7116,
    "index": 60
  },
  {
    "name": "Before Start in node_modules/_egg-watcher@3.1.1@egg-watcher/lib/init.js:15:14",
    "start": 1611308113827,
    "end": 1611308114036,
    "duration": 209,
    "pid": 7116,
    "index": 61
  },
  {
    "name": "Load Service",
    "start": 1611308113858,
    "end": 1611308113864,
    "duration": 6,
    "pid": 7116,
    "index": 62
  },
  {
    "name": "Load \"service\" to Context",
    "start": 1611308113858,
    "end": 1611308113864,
    "duration": 6,
    "pid": 7116,
    "index": 63
  },
  {
    "name": "Load Middleware",
    "start": 1611308113865,
    "end": 1611308114014,
    "duration": 149,
    "pid": 7116,
    "index": 64
  },
  {
    "name": "Load \"middlewares\" to Application",
    "start": 1611308113865,
    "end": 1611308113996,
    "duration": 131,
    "pid": 7116,
    "index": 65
  },
  {
    "name": "Load Controller",
    "start": 1611308114015,
    "end": 1611308114018,
    "duration": 3,
    "pid": 7116,
    "index": 66
  },
  {
    "name": "Load \"controller\" to Application",
    "start": 1611308114015,
    "end": 1611308114018,
    "duration": 3,
    "pid": 7116,
    "index": 67
  },
  {
    "name": "Load Router",
    "start": 1611308114018,
    "end": 1611308114020,
    "duration": 2,
    "pid": 7116,
    "index": 68
  },
  {
    "name": "Require(51) app/router.js",
    "start": 1611308114018,
    "end": 1611308114018,
    "duration": 0,
    "pid": 7116,
    "index": 69
  },
  {
    "name": "Before Start in node_modules/_egg-core@4.20.0@egg-core/lib/egg.js:303:10",
    "start": 1611308114018,
    "end": 1611308114028,
    "duration": 10,
    "pid": 7116,
    "index": 70
  }
]