[
  {
    "name": "Process Start",
    "start": 1611308454385,
    "end": 1611308455779,
    "duration": 1394,
    "pid": 3456,
    "index": 0
  },
  {
    "name": "Application Start",
    "start": 1611308455780,
    "end": 1611308456220,
    "duration": 440,
    "pid": 3456,
    "index": 1
  },
  {
    "name": "Load Plugin",
    "start": 1611308455785,
    "end": 1611308455808,
    "duration": 23,
    "pid": 3456,
    "index": 2
  },
  {
    "name": "Load Config",
    "start": 1611308455808,
    "end": 1611308455833,
    "duration": 25,
    "pid": 3456,
    "index": 3
  },
  {
    "name": "Require(0) config/config.default.js",
    "start": 1611308455809,
    "end": 1611308455809,
    "duration": 0,
    "pid": 3456,
    "index": 4
  },
  {
    "name": "Require(1) node_modules/_egg-session@3.2.0@egg-session/config/config.default.js",
    "start": 1611308455811,
    "end": 1611308455811,
    "duration": 0,
    "pid": 3456,
    "index": 5
  },
  {
    "name": "Require(2) node_modules/_egg-security@2.8.0@egg-security/config/config.default.js",
    "start": 1611308455812,
    "end": 1611308455812,
    "duration": 0,
    "pid": 3456,
    "index": 6
  },
  {
    "name": "Require(3) node_modules/_egg-jsonp@2.0.0@egg-jsonp/config/config.default.js",
    "start": 1611308455813,
    "end": 1611308455814,
    "duration": 1,
    "pid": 3456,
    "index": 7
  },
  {
    "name": "Require(4) node_modules/_egg-onerror@2.1.0@egg-onerror/config/config.default.js",
    "start": 1611308455814,
    "end": 1611308455815,
    "duration": 1,
    "pid": 3456,
    "index": 8
  },
  {
    "name": "Require(5) node_modules/_egg-i18n@2.1.1@egg-i18n/config/config.default.js",
    "start": 1611308455815,
    "end": 1611308455816,
    "duration": 1,
    "pid": 3456,
    "index": 9
  },
  {
    "name": "Require(6) node_modules/_egg-watcher@3.1.1@egg-watcher/config/config.default.js",
    "start": 1611308455817,
    "end": 1611308455817,
    "duration": 0,
    "pid": 3456,
    "index": 10
  },
  {
    "name": "Require(7) node_modules/_egg-schedule@3.6.6@egg-schedule/config/config.default.js",
    "start": 1611308455818,
    "end": 1611308455818,
    "duration": 0,
    "pid": 3456,
    "index": 11
  },
  {
    "name": "Require(8) node_modules/_egg-multipart@2.10.3@egg-multipart/config/config.default.js",
    "start": 1611308455819,
    "end": 1611308455819,
    "duration": 0,
    "pid": 3456,
    "index": 12
  },
  {
    "name": "Require(9) node_modules/_egg-development@2.7.0@egg-development/config/config.default.js",
    "start": 1611308455820,
    "end": 1611308455821,
    "duration": 1,
    "pid": 3456,
    "index": 13
  },
  {
    "name": "Require(10) node_modules/_egg-logrotator@3.1.0@egg-logrotator/config/config.default.js",
    "start": 1611308455821,
    "end": 1611308455822,
    "duration": 1,
    "pid": 3456,
    "index": 14
  },
  {
    "name": "Require(11) node_modules/_egg-static@2.2.0@egg-static/config/config.default.js",
    "start": 1611308455822,
    "end": 1611308455823,
    "duration": 1,
    "pid": 3456,
    "index": 15
  },
  {
    "name": "Require(12) node_modules/_egg-view@2.1.3@egg-view/config/config.default.js",
    "start": 1611308455823,
    "end": 1611308455824,
    "duration": 1,
    "pid": 3456,
    "index": 16
  },
  {
    "name": "Require(13) node_modules/_egg-view-ejs@2.0.1@egg-view-ejs/config/config.default.js",
    "start": 1611308455824,
    "end": 1611308455825,
    "duration": 1,
    "pid": 3456,
    "index": 17
  },
  {
    "name": "Require(14) node_modules/_egg@2.29.1@egg/config/config.default.js",
    "start": 1611308455825,
    "end": 1611308455826,
    "duration": 1,
    "pid": 3456,
    "index": 18
  },
  {
    "name": "Require(15) config/config.default.js",
    "start": 1611308455827,
    "end": 1611308455827,
    "duration": 0,
    "pid": 3456,
    "index": 19
  },
  {
    "name": "Require(16) node_modules/_egg-security@2.8.0@egg-security/config/config.local.js",
    "start": 1611308455828,
    "end": 1611308455828,
    "duration": 0,
    "pid": 3456,
    "index": 20
  },
  {
    "name": "Require(17) node_modules/_egg-watcher@3.1.1@egg-watcher/config/config.local.js",
    "start": 1611308455829,
    "end": 1611308455829,
    "duration": 0,
    "pid": 3456,
    "index": 21
  },
  {
    "name": "Require(18) node_modules/_egg-view@2.1.3@egg-view/config/config.local.js",
    "start": 1611308455831,
    "end": 1611308455831,
    "duration": 0,
    "pid": 3456,
    "index": 22
  },
  {
    "name": "Require(19) node_modules/_egg-view-ejs@2.0.1@egg-view-ejs/config/config.local.js",
    "start": 1611308455832,
    "end": 1611308455832,
    "duration": 0,
    "pid": 3456,
    "index": 23
  },
  {
    "name": "Require(20) node_modules/_egg@2.29.1@egg/config/config.local.js",
    "start": 1611308455832,
    "end": 1611308455833,
    "duration": 1,
    "pid": 3456,
    "index": 24
  },
  {
    "name": "Load extend/application.js",
    "start": 1611308455834,
    "end": 1611308455853,
    "duration": 19,
    "pid": 3456,
    "index": 25
  },
  {
    "name": "Require(21) node_modules/_egg-session@3.2.0@egg-session/app/extend/application.js",
    "start": 1611308455835,
    "end": 1611308455835,
    "duration": 0,
    "pid": 3456,
    "index": 26
  },
  {
    "name": "Require(22) node_modules/_egg-security@2.8.0@egg-security/app/extend/application.js",
    "start": 1611308455836,
    "end": 1611308455837,
    "duration": 1,
    "pid": 3456,
    "index": 27
  },
  {
    "name": "Require(23) node_modules/_egg-jsonp@2.0.0@egg-jsonp/app/extend/application.js",
    "start": 1611308455838,
    "end": 1611308455840,
    "duration": 2,
    "pid": 3456,
    "index": 28
  },
  {
    "name": "Require(24) node_modules/_egg-logrotator@3.1.0@egg-logrotator/app/extend/application.js",
    "start": 1611308455842,
    "end": 1611308455845,
    "duration": 3,
    "pid": 3456,
    "index": 29
  },
  {
    "name": "Require(25) node_modules/_egg-view@2.1.3@egg-view/app/extend/application.js",
    "start": 1611308455846,
    "end": 1611308455848,
    "duration": 2,
    "pid": 3456,
    "index": 30
  },
  {
    "name": "Require(26) app/extend/application.js",
    "start": 1611308455849,
    "end": 1611308455849,
    "duration": 0,
    "pid": 3456,
    "index": 31
  },
  {
    "name": "Load extend/request.js",
    "start": 1611308455853,
    "end": 1611308455862,
    "duration": 9,
    "pid": 3456,
    "index": 32
  },
  {
    "name": "Require(27) node_modules/_egg@2.29.1@egg/app/extend/request.js",
    "start": 1611308455857,
    "end": 1611308455858,
    "duration": 1,
    "pid": 3456,
    "index": 33
  },
  {
    "name": "Require(28) app/extend/request.js",
    "start": 1611308455859,
    "end": 1611308455859,
    "duration": 0,
    "pid": 3456,
    "index": 34
  },
  {
    "name": "Load extend/response.js",
    "start": 1611308455862,
    "end": 1611308455874,
    "duration": 12,
    "pid": 3456,
    "index": 35
  },
  {
    "name": "Require(29) node_modules/_egg@2.29.1@egg/app/extend/response.js",
    "start": 1611308455867,
    "end": 1611308455870,
    "duration": 3,
    "pid": 3456,
    "index": 36
  },
  {
    "name": "Load extend/context.js",
    "start": 1611308455874,
    "end": 1611308455948,
    "duration": 74,
    "pid": 3456,
    "index": 37
  },
  {
    "name": "Require(30) node_modules/_egg-security@2.8.0@egg-security/app/extend/context.js",
    "start": 1611308455874,
    "end": 1611308455890,
    "duration": 16,
    "pid": 3456,
    "index": 38
  },
  {
    "name": "Require(31) node_modules/_egg-jsonp@2.0.0@egg-jsonp/app/extend/context.js",
    "start": 1611308455890,
    "end": 1611308455892,
    "duration": 2,
    "pid": 3456,
    "index": 39
  },
  {
    "name": "Require(32) node_modules/_egg-i18n@2.1.1@egg-i18n/app/extend/context.js",
    "start": 1611308455893,
    "end": 1611308455893,
    "duration": 0,
    "pid": 3456,
    "index": 40
  },
  {
    "name": "Require(33) node_modules/_egg-multipart@2.10.3@egg-multipart/app/extend/context.js",
    "start": 1611308455894,
    "end": 1611308455941,
    "duration": 47,
    "pid": 3456,
    "index": 41
  },
  {
    "name": "Require(34) node_modules/_egg-view@2.1.3@egg-view/app/extend/context.js",
    "start": 1611308455942,
    "end": 1611308455943,
    "duration": 1,
    "pid": 3456,
    "index": 42
  },
  {
    "name": "Require(35) node_modules/_egg@2.29.1@egg/app/extend/context.js",
    "start": 1611308455943,
    "end": 1611308455945,
    "duration": 2,
    "pid": 3456,
    "index": 43
  },
  {
    "name": "Require(36) app/extend/context.js",
    "start": 1611308455945,
    "end": 1611308455945,
    "duration": 0,
    "pid": 3456,
    "index": 44
  },
  {
    "name": "Load extend/helper.js",
    "start": 1611308455948,
    "end": 1611308455971,
    "duration": 23,
    "pid": 3456,
    "index": 45
  },
  {
    "name": "Require(37) node_modules/_egg-security@2.8.0@egg-security/app/extend/helper.js",
    "start": 1611308455948,
    "end": 1611308455964,
    "duration": 16,
    "pid": 3456,
    "index": 46
  },
  {
    "name": "Require(38) node_modules/_egg@2.29.1@egg/app/extend/helper.js",
    "start": 1611308455966,
    "end": 1611308455966,
    "duration": 0,
    "pid": 3456,
    "index": 47
  },
  {
    "name": "Require(39) app/extend/helper.js",
    "start": 1611308455967,
    "end": 1611308455968,
    "duration": 1,
    "pid": 3456,
    "index": 48
  },
  {
    "name": "Load app.js",
    "start": 1611308455971,
    "end": 1611308456006,
    "duration": 35,
    "pid": 3456,
    "index": 49
  },
  {
    "name": "Require(40) node_modules/_egg-session@3.2.0@egg-session/app.js",
    "start": 1611308455972,
    "end": 1611308455972,
    "duration": 0,
    "pid": 3456,
    "index": 50
  },
  {
    "name": "Require(41) node_modules/_egg-security@2.8.0@egg-security/app.js",
    "start": 1611308455972,
    "end": 1611308455974,
    "duration": 2,
    "pid": 3456,
    "index": 51
  },
  {
    "name": "Require(42) node_modules/_egg-onerror@2.1.0@egg-onerror/app.js",
    "start": 1611308455975,
    "end": 1611308455985,
    "duration": 10,
    "pid": 3456,
    "index": 52
  },
  {
    "name": "Require(43) node_modules/_egg-i18n@2.1.1@egg-i18n/app.js",
    "start": 1611308455985,
    "end": 1611308455993,
    "duration": 8,
    "pid": 3456,
    "index": 53
  },
  {
    "name": "Require(44) node_modules/_egg-watcher@3.1.1@egg-watcher/app.js",
    "start": 1611308455994,
    "end": 1611308455998,
    "duration": 4,
    "pid": 3456,
    "index": 54
  },
  {
    "name": "Require(45) node_modules/_egg-schedule@3.6.6@egg-schedule/app.js",
    "start": 1611308455998,
    "end": 1611308456000,
    "duration": 2,
    "pid": 3456,
    "index": 55
  },
  {
    "name": "Require(46) node_modules/_egg-multipart@2.10.3@egg-multipart/app.js",
    "start": 1611308456000,
    "end": 1611308456001,
    "duration": 1,
    "pid": 3456,
    "index": 56
  },
  {
    "name": "Require(47) node_modules/_egg-development@2.7.0@egg-development/app.js",
    "start": 1611308456001,
    "end": 1611308456002,
    "duration": 1,
    "pid": 3456,
    "index": 57
  },
  {
    "name": "Require(48) node_modules/_egg-logrotator@3.1.0@egg-logrotator/app.js",
    "start": 1611308456002,
    "end": 1611308456002,
    "duration": 0,
    "pid": 3456,
    "index": 58
  },
  {
    "name": "Require(49) node_modules/_egg-static@2.2.0@egg-static/app.js",
    "start": 1611308456003,
    "end": 1611308456003,
    "duration": 0,
    "pid": 3456,
    "index": 59
  },
  {
    "name": "Require(50) node_modules/_egg-view-ejs@2.0.1@egg-view-ejs/app.js",
    "start": 1611308456003,
    "end": 1611308456005,
    "duration": 2,
    "pid": 3456,
    "index": 60
  },
  {
    "name": "Before Start in node_modules/_egg-watcher@3.1.1@egg-watcher/lib/init.js:15:14",
    "start": 1611308456014,
    "end": 1611308456220,
    "duration": 206,
    "pid": 3456,
    "index": 61
  },
  {
    "name": "Load Service",
    "start": 1611308456047,
    "end": 1611308456054,
    "duration": 7,
    "pid": 3456,
    "index": 62
  },
  {
    "name": "Load \"service\" to Context",
    "start": 1611308456047,
    "end": 1611308456054,
    "duration": 7,
    "pid": 3456,
    "index": 63
  },
  {
    "name": "Load Middleware",
    "start": 1611308456054,
    "end": 1611308456198,
    "duration": 144,
    "pid": 3456,
    "index": 64
  },
  {
    "name": "Load \"middlewares\" to Application",
    "start": 1611308456054,
    "end": 1611308456178,
    "duration": 124,
    "pid": 3456,
    "index": 65
  },
  {
    "name": "Load Controller",
    "start": 1611308456198,
    "end": 1611308456201,
    "duration": 3,
    "pid": 3456,
    "index": 66
  },
  {
    "name": "Load \"controller\" to Application",
    "start": 1611308456199,
    "end": 1611308456201,
    "duration": 2,
    "pid": 3456,
    "index": 67
  },
  {
    "name": "Load Router",
    "start": 1611308456201,
    "end": 1611308456204,
    "duration": 3,
    "pid": 3456,
    "index": 68
  },
  {
    "name": "Require(51) app/router.js",
    "start": 1611308456202,
    "end": 1611308456202,
    "duration": 0,
    "pid": 3456,
    "index": 69
  },
  {
    "name": "Before Start in node_modules/_egg-core@4.20.0@egg-core/lib/egg.js:303:10",
    "start": 1611308456202,
    "end": 1611308456214,
    "duration": 12,
    "pid": 3456,
    "index": 70
  }
]