[
  {
    "name": "Process Start",
    "start": 1611308085409,
    "end": 1611308086624,
    "duration": 1215,
    "pid": 20388,
    "index": 0
  },
  {
    "name": "Application Start",
    "start": 1611308086625,
    "end": 1611308087050,
    "duration": 425,
    "pid": 20388,
    "index": 1
  },
  {
    "name": "Load Plugin",
    "start": 1611308086629,
    "end": 1611308086648,
    "duration": 19,
    "pid": 20388,
    "index": 2
  },
  {
    "name": "Load Config",
    "start": 1611308086648,
    "end": 1611308086669,
    "duration": 21,
    "pid": 20388,
    "index": 3
  },
  {
    "name": "Require(0) config/config.default.js",
    "start": 1611308086648,
    "end": 1611308086649,
    "duration": 1,
    "pid": 20388,
    "index": 4
  },
  {
    "name": "Require(1) node_modules/_egg-session@3.2.0@egg-session/config/config.default.js",
    "start": 1611308086650,
    "end": 1611308086650,
    "duration": 0,
    "pid": 20388,
    "index": 5
  },
  {
    "name": "Require(2) node_modules/_egg-security@2.8.0@egg-security/config/config.default.js",
    "start": 1611308086651,
    "end": 1611308086651,
    "duration": 0,
    "pid": 20388,
    "index": 6
  },
  {
    "name": "Require(3) node_modules/_egg-jsonp@2.0.0@egg-jsonp/config/config.default.js",
    "start": 1611308086652,
    "end": 1611308086653,
    "duration": 1,
    "pid": 20388,
    "index": 7
  },
  {
    "name": "Require(4) node_modules/_egg-onerror@2.1.0@egg-onerror/config/config.default.js",
    "start": 1611308086653,
    "end": 1611308086654,
    "duration": 1,
    "pid": 20388,
    "index": 8
  },
  {
    "name": "Require(5) node_modules/_egg-i18n@2.1.1@egg-i18n/config/config.default.js",
    "start": 1611308086654,
    "end": 1611308086654,
    "duration": 0,
    "pid": 20388,
    "index": 9
  },
  {
    "name": "Require(6) node_modules/_egg-watcher@3.1.1@egg-watcher/config/config.default.js",
    "start": 1611308086655,
    "end": 1611308086656,
    "duration": 1,
    "pid": 20388,
    "index": 10
  },
  {
    "name": "Require(7) node_modules/_egg-schedule@3.6.6@egg-schedule/config/config.default.js",
    "start": 1611308086656,
    "end": 1611308086656,
    "duration": 0,
    "pid": 20388,
    "index": 11
  },
  {
    "name": "Require(8) node_modules/_egg-multipart@2.10.3@egg-multipart/config/config.default.js",
    "start": 1611308086657,
    "end": 1611308086657,
    "duration": 0,
    "pid": 20388,
    "index": 12
  },
  {
    "name": "Require(9) node_modules/_egg-development@2.7.0@egg-development/config/config.default.js",
    "start": 1611308086658,
    "end": 1611308086658,
    "duration": 0,
    "pid": 20388,
    "index": 13
  },
  {
    "name": "Require(10) node_modules/_egg-logrotator@3.1.0@egg-logrotator/config/config.default.js",
    "start": 1611308086659,
    "end": 1611308086659,
    "duration": 0,
    "pid": 20388,
    "index": 14
  },
  {
    "name": "Require(11) node_modules/_egg-static@2.2.0@egg-static/config/config.default.js",
    "start": 1611308086660,
    "end": 1611308086660,
    "duration": 0,
    "pid": 20388,
    "index": 15
  },
  {
    "name": "Require(12) node_modules/_egg-view@2.1.3@egg-view/config/config.default.js",
    "start": 1611308086661,
    "end": 1611308086661,
    "duration": 0,
    "pid": 20388,
    "index": 16
  },
  {
    "name": "Require(13) node_modules/_egg-view-ejs@2.0.1@egg-view-ejs/config/config.default.js",
    "start": 1611308086662,
    "end": 1611308086662,
    "duration": 0,
    "pid": 20388,
    "index": 17
  },
  {
    "name": "Require(14) node_modules/_egg@2.29.1@egg/config/config.default.js",
    "start": 1611308086663,
    "end": 1611308086663,
    "duration": 0,
    "pid": 20388,
    "index": 18
  },
  {
    "name": "Require(15) config/config.default.js",
    "start": 1611308086664,
    "end": 1611308086664,
    "duration": 0,
    "pid": 20388,
    "index": 19
  },
  {
    "name": "Require(16) node_modules/_egg-security@2.8.0@egg-security/config/config.local.js",
    "start": 1611308086665,
    "end": 1611308086665,
    "duration": 0,
    "pid": 20388,
    "index": 20
  },
  {
    "name": "Require(17) node_modules/_egg-watcher@3.1.1@egg-watcher/config/config.local.js",
    "start": 1611308086666,
    "end": 1611308086666,
    "duration": 0,
    "pid": 20388,
    "index": 21
  },
  {
    "name": "Require(18) node_modules/_egg-view@2.1.3@egg-view/config/config.local.js",
    "start": 1611308086668,
    "end": 1611308086668,
    "duration": 0,
    "pid": 20388,
    "index": 22
  },
  {
    "name": "Require(19) node_modules/_egg-view-ejs@2.0.1@egg-view-ejs/config/config.local.js",
    "start": 1611308086668,
    "end": 1611308086669,
    "duration": 1,
    "pid": 20388,
    "index": 23
  },
  {
    "name": "Require(20) node_modules/_egg@2.29.1@egg/config/config.local.js",
    "start": 1611308086669,
    "end": 1611308086669,
    "duration": 0,
    "pid": 20388,
    "index": 24
  },
  {
    "name": "Load extend/application.js",
    "start": 1611308086670,
    "end": 1611308086686,
    "duration": 16,
    "pid": 20388,
    "index": 25
  },
  {
    "name": "Require(21) node_modules/_egg-session@3.2.0@egg-session/app/extend/application.js",
    "start": 1611308086671,
    "end": 1611308086671,
    "duration": 0,
    "pid": 20388,
    "index": 26
  },
  {
    "name": "Require(22) node_modules/_egg-security@2.8.0@egg-security/app/extend/application.js",
    "start": 1611308086672,
    "end": 1611308086673,
    "duration": 1,
    "pid": 20388,
    "index": 27
  },
  {
    "name": "Require(23) node_modules/_egg-jsonp@2.0.0@egg-jsonp/app/extend/application.js",
    "start": 1611308086674,
    "end": 1611308086676,
    "duration": 2,
    "pid": 20388,
    "index": 28
  },
  {
    "name": "Require(24) node_modules/_egg-logrotator@3.1.0@egg-logrotator/app/extend/application.js",
    "start": 1611308086678,
    "end": 1611308086680,
    "duration": 2,
    "pid": 20388,
    "index": 29
  },
  {
    "name": "Require(25) node_modules/_egg-view@2.1.3@egg-view/app/extend/application.js",
    "start": 1611308086681,
    "end": 1611308086683,
    "duration": 2,
    "pid": 20388,
    "index": 30
  },
  {
    "name": "Require(26) app/extend/application.js",
    "start": 1611308086683,
    "end": 1611308086684,
    "duration": 1,
    "pid": 20388,
    "index": 31
  },
  {
    "name": "Load extend/request.js",
    "start": 1611308086686,
    "end": 1611308086693,
    "duration": 7,
    "pid": 20388,
    "index": 32
  },
  {
    "name": "Require(27) node_modules/_egg@2.29.1@egg/app/extend/request.js",
    "start": 1611308086689,
    "end": 1611308086690,
    "duration": 1,
    "pid": 20388,
    "index": 33
  },
  {
    "name": "Require(28) app/extend/request.js",
    "start": 1611308086691,
    "end": 1611308086691,
    "duration": 0,
    "pid": 20388,
    "index": 34
  },
  {
    "name": "Load extend/response.js",
    "start": 1611308086693,
    "end": 1611308086703,
    "duration": 10,
    "pid": 20388,
    "index": 35
  },
  {
    "name": "Require(29) node_modules/_egg@2.29.1@egg/app/extend/response.js",
    "start": 1611308086698,
    "end": 1611308086700,
    "duration": 2,
    "pid": 20388,
    "index": 36
  },
  {
    "name": "Load extend/context.js",
    "start": 1611308086703,
    "end": 1611308086781,
    "duration": 78,
    "pid": 20388,
    "index": 37
  },
  {
    "name": "Require(30) node_modules/_egg-security@2.8.0@egg-security/app/extend/context.js",
    "start": 1611308086704,
    "end": 1611308086718,
    "duration": 14,
    "pid": 20388,
    "index": 38
  },
  {
    "name": "Require(31) node_modules/_egg-jsonp@2.0.0@egg-jsonp/app/extend/context.js",
    "start": 1611308086719,
    "end": 1611308086720,
    "duration": 1,
    "pid": 20388,
    "index": 39
  },
  {
    "name": "Require(32) node_modules/_egg-i18n@2.1.1@egg-i18n/app/extend/context.js",
    "start": 1611308086721,
    "end": 1611308086721,
    "duration": 0,
    "pid": 20388,
    "index": 40
  },
  {
    "name": "Require(33) node_modules/_egg-multipart@2.10.3@egg-multipart/app/extend/context.js",
    "start": 1611308086722,
    "end": 1611308086773,
    "duration": 51,
    "pid": 20388,
    "index": 41
  },
  {
    "name": "Require(34) node_modules/_egg-view@2.1.3@egg-view/app/extend/context.js",
    "start": 1611308086774,
    "end": 1611308086775,
    "duration": 1,
    "pid": 20388,
    "index": 42
  },
  {
    "name": "Require(35) node_modules/_egg@2.29.1@egg/app/extend/context.js",
    "start": 1611308086776,
    "end": 1611308086777,
    "duration": 1,
    "pid": 20388,
    "index": 43
  },
  {
    "name": "Require(36) app/extend/context.js",
    "start": 1611308086778,
    "end": 1611308086778,
    "duration": 0,
    "pid": 20388,
    "index": 44
  },
  {
    "name": "Load extend/helper.js",
    "start": 1611308086781,
    "end": 1611308086812,
    "duration": 31,
    "pid": 20388,
    "index": 45
  },
  {
    "name": "Require(37) node_modules/_egg-security@2.8.0@egg-security/app/extend/helper.js",
    "start": 1611308086782,
    "end": 1611308086800,
    "duration": 18,
    "pid": 20388,
    "index": 46
  },
  {
    "name": "Require(38) node_modules/_egg@2.29.1@egg/app/extend/helper.js",
    "start": 1611308086805,
    "end": 1611308086805,
    "duration": 0,
    "pid": 20388,
    "index": 47
  },
  {
    "name": "Require(39) app/extend/helper.js",
    "start": 1611308086806,
    "end": 1611308086809,
    "duration": 3,
    "pid": 20388,
    "index": 48
  },
  {
    "name": "Load app.js",
    "start": 1611308086812,
    "end": 1611308086848,
    "duration": 36,
    "pid": 20388,
    "index": 49
  },
  {
    "name": "Require(40) node_modules/_egg-session@3.2.0@egg-session/app.js",
    "start": 1611308086813,
    "end": 1611308086813,
    "duration": 0,
    "pid": 20388,
    "index": 50
  },
  {
    "name": "Require(41) node_modules/_egg-security@2.8.0@egg-security/app.js",
    "start": 1611308086813,
    "end": 1611308086815,
    "duration": 2,
    "pid": 20388,
    "index": 51
  },
  {
    "name": "Require(42) node_modules/_egg-onerror@2.1.0@egg-onerror/app.js",
    "start": 1611308086816,
    "end": 1611308086827,
    "duration": 11,
    "pid": 20388,
    "index": 52
  },
  {
    "name": "Require(43) node_modules/_egg-i18n@2.1.1@egg-i18n/app.js",
    "start": 1611308086827,
    "end": 1611308086835,
    "duration": 8,
    "pid": 20388,
    "index": 53
  },
  {
    "name": "Require(44) node_modules/_egg-watcher@3.1.1@egg-watcher/app.js",
    "start": 1611308086835,
    "end": 1611308086840,
    "duration": 5,
    "pid": 20388,
    "index": 54
  },
  {
    "name": "Require(45) node_modules/_egg-schedule@3.6.6@egg-schedule/app.js",
    "start": 1611308086840,
    "end": 1611308086842,
    "duration": 2,
    "pid": 20388,
    "index": 55
  },
  {
    "name": "Require(46) node_modules/_egg-multipart@2.10.3@egg-multipart/app.js",
    "start": 1611308086843,
    "end": 1611308086843,
    "duration": 0,
    "pid": 20388,
    "index": 56
  },
  {
    "name": "Require(47) node_modules/_egg-development@2.7.0@egg-development/app.js",
    "start": 1611308086843,
    "end": 1611308086844,
    "duration": 1,
    "pid": 20388,
    "index": 57
  },
  {
    "name": "Require(48) node_modules/_egg-logrotator@3.1.0@egg-logrotator/app.js",
    "start": 1611308086844,
    "end": 1611308086844,
    "duration": 0,
    "pid": 20388,
    "index": 58
  },
  {
    "name": "Require(49) node_modules/_egg-static@2.2.0@egg-static/app.js",
    "start": 1611308086844,
    "end": 1611308086845,
    "duration": 1,
    "pid": 20388,
    "index": 59
  },
  {
    "name": "Require(50) node_modules/_egg-view-ejs@2.0.1@egg-view-ejs/app.js",
    "start": 1611308086845,
    "end": 1611308086847,
    "duration": 2,
    "pid": 20388,
    "index": 60
  },
  {
    "name": "Before Start in node_modules/_egg-watcher@3.1.1@egg-watcher/lib/init.js:15:14",
    "start": 1611308086856,
    "end": 1611308087049,
    "duration": 193,
    "pid": 20388,
    "index": 61
  },
  {
    "name": "Load Service",
    "start": 1611308086889,
    "end": 1611308086895,
    "duration": 6,
    "pid": 20388,
    "index": 62
  },
  {
    "name": "Load \"service\" to Context",
    "start": 1611308086889,
    "end": 1611308086895,
    "duration": 6,
    "pid": 20388,
    "index": 63
  },
  {
    "name": "Load Middleware",
    "start": 1611308086895,
    "end": 1611308087032,
    "duration": 137,
    "pid": 20388,
    "index": 64
  },
  {
    "name": "Load \"middlewares\" to Application",
    "start": 1611308086895,
    "end": 1611308087015,
    "duration": 120,
    "pid": 20388,
    "index": 65
  },
  {
    "name": "Load Controller",
    "start": 1611308087032,
    "end": 1611308087035,
    "duration": 3,
    "pid": 20388,
    "index": 66
  },
  {
    "name": "Load \"controller\" to Application",
    "start": 1611308087032,
    "end": 1611308087035,
    "duration": 3,
    "pid": 20388,
    "index": 67
  },
  {
    "name": "Load Router",
    "start": 1611308087035,
    "end": 1611308087037,
    "duration": 2,
    "pid": 20388,
    "index": 68
  },
  {
    "name": "Require(51) app/router.js",
    "start": 1611308087035,
    "end": 1611308087036,
    "duration": 1,
    "pid": 20388,
    "index": 69
  },
  {
    "name": "Before Start in node_modules/_egg-core@4.20.0@egg-core/lib/egg.js:303:10",
    "start": 1611308087036,
    "end": 1611308087043,
    "duration": 7,
    "pid": 20388,
    "index": 70
  }
]