[
  {
    "name": "Process Start",
    "start": 1611306768266,
    "end": 1611306769348,
    "duration": 1082,
    "pid": 8656,
    "index": 0
  },
  {
    "name": "Application Start",
    "start": 1611306769348,
    "end": 1611306769753,
    "duration": 405,
    "pid": 8656,
    "index": 1
  },
  {
    "name": "Load Plugin",
    "start": 1611306769353,
    "end": 1611306769375,
    "duration": 22,
    "pid": 8656,
    "index": 2
  },
  {
    "name": "Load Config",
    "start": 1611306769376,
    "end": 1611306769397,
    "duration": 21,
    "pid": 8656,
    "index": 3
  },
  {
    "name": "Require(0) config/config.default.js",
    "start": 1611306769376,
    "end": 1611306769376,
    "duration": 0,
    "pid": 8656,
    "index": 4
  },
  {
    "name": "Require(1) node_modules/_egg-session@3.2.0@egg-session/config/config.default.js",
    "start": 1611306769378,
    "end": 1611306769378,
    "duration": 0,
    "pid": 8656,
    "index": 5
  },
  {
    "name": "Require(2) node_modules/_egg-security@2.8.0@egg-security/config/config.default.js",
    "start": 1611306769379,
    "end": 1611306769379,
    "duration": 0,
    "pid": 8656,
    "index": 6
  },
  {
    "name": "Require(3) node_modules/_egg-jsonp@2.0.0@egg-jsonp/config/config.default.js",
    "start": 1611306769380,
    "end": 1611306769380,
    "duration": 0,
    "pid": 8656,
    "index": 7
  },
  {
    "name": "Require(4) node_modules/_egg-onerror@2.1.0@egg-onerror/config/config.default.js",
    "start": 1611306769381,
    "end": 1611306769381,
    "duration": 0,
    "pid": 8656,
    "index": 8
  },
  {
    "name": "Require(5) node_modules/_egg-i18n@2.1.1@egg-i18n/config/config.default.js",
    "start": 1611306769382,
    "end": 1611306769382,
    "duration": 0,
    "pid": 8656,
    "index": 9
  },
  {
    "name": "Require(6) node_modules/_egg-watcher@3.1.1@egg-watcher/config/config.default.js",
    "start": 1611306769383,
    "end": 1611306769383,
    "duration": 0,
    "pid": 8656,
    "index": 10
  },
  {
    "name": "Require(7) node_modules/_egg-schedule@3.6.6@egg-schedule/config/config.default.js",
    "start": 1611306769384,
    "end": 1611306769384,
    "duration": 0,
    "pid": 8656,
    "index": 11
  },
  {
    "name": "Require(8) node_modules/_egg-multipart@2.10.3@egg-multipart/config/config.default.js",
    "start": 1611306769384,
    "end": 1611306769385,
    "duration": 1,
    "pid": 8656,
    "index": 12
  },
  {
    "name": "Require(9) node_modules/_egg-development@2.7.0@egg-development/config/config.default.js",
    "start": 1611306769385,
    "end": 1611306769386,
    "duration": 1,
    "pid": 8656,
    "index": 13
  },
  {
    "name": "Require(10) node_modules/_egg-logrotator@3.1.0@egg-logrotator/config/config.default.js",
    "start": 1611306769386,
    "end": 1611306769387,
    "duration": 1,
    "pid": 8656,
    "index": 14
  },
  {
    "name": "Require(11) node_modules/_egg-static@2.2.0@egg-static/config/config.default.js",
    "start": 1611306769387,
    "end": 1611306769387,
    "duration": 0,
    "pid": 8656,
    "index": 15
  },
  {
    "name": "Require(12) node_modules/_egg-view@2.1.3@egg-view/config/config.default.js",
    "start": 1611306769388,
    "end": 1611306769388,
    "duration": 0,
    "pid": 8656,
    "index": 16
  },
  {
    "name": "Require(13) node_modules/_egg-view-ejs@2.0.1@egg-view-ejs/config/config.default.js",
    "start": 1611306769389,
    "end": 1611306769389,
    "duration": 0,
    "pid": 8656,
    "index": 17
  },
  {
    "name": "Require(14) node_modules/_egg@2.29.1@egg/config/config.default.js",
    "start": 1611306769390,
    "end": 1611306769390,
    "duration": 0,
    "pid": 8656,
    "index": 18
  },
  {
    "name": "Require(15) config/config.default.js",
    "start": 1611306769391,
    "end": 1611306769391,
    "duration": 0,
    "pid": 8656,
    "index": 19
  },
  {
    "name": "Require(16) node_modules/_egg-security@2.8.0@egg-security/config/config.local.js",
    "start": 1611306769392,
    "end": 1611306769392,
    "duration": 0,
    "pid": 8656,
    "index": 20
  },
  {
    "name": "Require(17) node_modules/_egg-watcher@3.1.1@egg-watcher/config/config.local.js",
    "start": 1611306769394,
    "end": 1611306769394,
    "duration": 0,
    "pid": 8656,
    "index": 21
  },
  {
    "name": "Require(18) node_modules/_egg-view@2.1.3@egg-view/config/config.local.js",
    "start": 1611306769395,
    "end": 1611306769396,
    "duration": 1,
    "pid": 8656,
    "index": 22
  },
  {
    "name": "Require(19) node_modules/_egg-view-ejs@2.0.1@egg-view-ejs/config/config.local.js",
    "start": 1611306769396,
    "end": 1611306769396,
    "duration": 0,
    "pid": 8656,
    "index": 23
  },
  {
    "name": "Require(20) node_modules/_egg@2.29.1@egg/config/config.local.js",
    "start": 1611306769396,
    "end": 1611306769397,
    "duration": 1,
    "pid": 8656,
    "index": 24
  },
  {
    "name": "Load extend/application.js",
    "start": 1611306769398,
    "end": 1611306769413,
    "duration": 15,
    "pid": 8656,
    "index": 25
  },
  {
    "name": "Require(21) node_modules/_egg-session@3.2.0@egg-session/app/extend/application.js",
    "start": 1611306769398,
    "end": 1611306769399,
    "duration": 1,
    "pid": 8656,
    "index": 26
  },
  {
    "name": "Require(22) node_modules/_egg-security@2.8.0@egg-security/app/extend/application.js",
    "start": 1611306769399,
    "end": 1611306769400,
    "duration": 1,
    "pid": 8656,
    "index": 27
  },
  {
    "name": "Require(23) node_modules/_egg-jsonp@2.0.0@egg-jsonp/app/extend/application.js",
    "start": 1611306769401,
    "end": 1611306769403,
    "duration": 2,
    "pid": 8656,
    "index": 28
  },
  {
    "name": "Require(24) node_modules/_egg-logrotator@3.1.0@egg-logrotator/app/extend/application.js",
    "start": 1611306769404,
    "end": 1611306769407,
    "duration": 3,
    "pid": 8656,
    "index": 29
  },
  {
    "name": "Require(25) node_modules/_egg-view@2.1.3@egg-view/app/extend/application.js",
    "start": 1611306769408,
    "end": 1611306769410,
    "duration": 2,
    "pid": 8656,
    "index": 30
  },
  {
    "name": "Load extend/request.js",
    "start": 1611306769414,
    "end": 1611306769422,
    "duration": 8,
    "pid": 8656,
    "index": 31
  },
  {
    "name": "Require(26) node_modules/_egg@2.29.1@egg/app/extend/request.js",
    "start": 1611306769416,
    "end": 1611306769419,
    "duration": 3,
    "pid": 8656,
    "index": 32
  },
  {
    "name": "Load extend/response.js",
    "start": 1611306769422,
    "end": 1611306769429,
    "duration": 7,
    "pid": 8656,
    "index": 33
  },
  {
    "name": "Require(27) node_modules/_egg@2.29.1@egg/app/extend/response.js",
    "start": 1611306769424,
    "end": 1611306769426,
    "duration": 2,
    "pid": 8656,
    "index": 34
  },
  {
    "name": "Load extend/context.js",
    "start": 1611306769429,
    "end": 1611306769504,
    "duration": 75,
    "pid": 8656,
    "index": 35
  },
  {
    "name": "Require(28) node_modules/_egg-security@2.8.0@egg-security/app/extend/context.js",
    "start": 1611306769430,
    "end": 1611306769445,
    "duration": 15,
    "pid": 8656,
    "index": 36
  },
  {
    "name": "Require(29) node_modules/_egg-jsonp@2.0.0@egg-jsonp/app/extend/context.js",
    "start": 1611306769446,
    "end": 1611306769447,
    "duration": 1,
    "pid": 8656,
    "index": 37
  },
  {
    "name": "Require(30) node_modules/_egg-i18n@2.1.1@egg-i18n/app/extend/context.js",
    "start": 1611306769448,
    "end": 1611306769448,
    "duration": 0,
    "pid": 8656,
    "index": 38
  },
  {
    "name": "Require(31) node_modules/_egg-multipart@2.10.3@egg-multipart/app/extend/context.js",
    "start": 1611306769449,
    "end": 1611306769498,
    "duration": 49,
    "pid": 8656,
    "index": 39
  },
  {
    "name": "Require(32) node_modules/_egg-view@2.1.3@egg-view/app/extend/context.js",
    "start": 1611306769498,
    "end": 1611306769499,
    "duration": 1,
    "pid": 8656,
    "index": 40
  },
  {
    "name": "Require(33) node_modules/_egg@2.29.1@egg/app/extend/context.js",
    "start": 1611306769500,
    "end": 1611306769501,
    "duration": 1,
    "pid": 8656,
    "index": 41
  },
  {
    "name": "Load extend/helper.js",
    "start": 1611306769504,
    "end": 1611306769527,
    "duration": 23,
    "pid": 8656,
    "index": 42
  },
  {
    "name": "Require(34) node_modules/_egg-security@2.8.0@egg-security/app/extend/helper.js",
    "start": 1611306769505,
    "end": 1611306769521,
    "duration": 16,
    "pid": 8656,
    "index": 43
  },
  {
    "name": "Require(35) node_modules/_egg@2.29.1@egg/app/extend/helper.js",
    "start": 1611306769524,
    "end": 1611306769524,
    "duration": 0,
    "pid": 8656,
    "index": 44
  },
  {
    "name": "Load app.js",
    "start": 1611306769527,
    "end": 1611306769561,
    "duration": 34,
    "pid": 8656,
    "index": 45
  },
  {
    "name": "Require(36) node_modules/_egg-session@3.2.0@egg-session/app.js",
    "start": 1611306769528,
    "end": 1611306769528,
    "duration": 0,
    "pid": 8656,
    "index": 46
  },
  {
    "name": "Require(37) node_modules/_egg-security@2.8.0@egg-security/app.js",
    "start": 1611306769528,
    "end": 1611306769530,
    "duration": 2,
    "pid": 8656,
    "index": 47
  },
  {
    "name": "Require(38) node_modules/_egg-onerror@2.1.0@egg-onerror/app.js",
    "start": 1611306769531,
    "end": 1611306769541,
    "duration": 10,
    "pid": 8656,
    "index": 48
  },
  {
    "name": "Require(39) node_modules/_egg-i18n@2.1.1@egg-i18n/app.js",
    "start": 1611306769542,
    "end": 1611306769550,
    "duration": 8,
    "pid": 8656,
    "index": 49
  },
  {
    "name": "Require(40) node_modules/_egg-watcher@3.1.1@egg-watcher/app.js",
    "start": 1611306769550,
    "end": 1611306769554,
    "duration": 4,
    "pid": 8656,
    "index": 50
  },
  {
    "name": "Require(41) node_modules/_egg-schedule@3.6.6@egg-schedule/app.js",
    "start": 1611306769555,
    "end": 1611306769557,
    "duration": 2,
    "pid": 8656,
    "index": 51
  },
  {
    "name": "Require(42) node_modules/_egg-multipart@2.10.3@egg-multipart/app.js",
    "start": 1611306769557,
    "end": 1611306769558,
    "duration": 1,
    "pid": 8656,
    "index": 52
  },
  {
    "name": "Require(43) node_modules/_egg-development@2.7.0@egg-development/app.js",
    "start": 1611306769558,
    "end": 1611306769558,
    "duration": 0,
    "pid": 8656,
    "index": 53
  },
  {
    "name": "Require(44) node_modules/_egg-logrotator@3.1.0@egg-logrotator/app.js",
    "start": 1611306769559,
    "end": 1611306769559,
    "duration": 0,
    "pid": 8656,
    "index": 54
  },
  {
    "name": "Require(45) node_modules/_egg-static@2.2.0@egg-static/app.js",
    "start": 1611306769559,
    "end": 1611306769559,
    "duration": 0,
    "pid": 8656,
    "index": 55
  },
  {
    "name": "Require(46) node_modules/_egg-view-ejs@2.0.1@egg-view-ejs/app.js",
    "start": 1611306769560,
    "end": 1611306769560,
    "duration": 0,
    "pid": 8656,
    "index": 56
  },
  {
    "name": "Before Start in node_modules/_egg-watcher@3.1.1@egg-watcher/lib/init.js:15:14",
    "start": 1611306769570,
    "end": 1611306769752,
    "duration": 182,
    "pid": 8656,
    "index": 57
  },
  {
    "name": "Load Service",
    "start": 1611306769605,
    "end": 1611306769614,
    "duration": 9,
    "pid": 8656,
    "index": 58
  },
  {
    "name": "Load \"service\" to Context",
    "start": 1611306769605,
    "end": 1611306769614,
    "duration": 9,
    "pid": 8656,
    "index": 59
  },
  {
    "name": "Load Middleware",
    "start": 1611306769615,
    "end": 1611306769734,
    "duration": 119,
    "pid": 8656,
    "index": 60
  },
  {
    "name": "Load \"middlewares\" to Application",
    "start": 1611306769615,
    "end": 1611306769720,
    "duration": 105,
    "pid": 8656,
    "index": 61
  },
  {
    "name": "Load Controller",
    "start": 1611306769734,
    "end": 1611306769737,
    "duration": 3,
    "pid": 8656,
    "index": 62
  },
  {
    "name": "Load \"controller\" to Application",
    "start": 1611306769734,
    "end": 1611306769737,
    "duration": 3,
    "pid": 8656,
    "index": 63
  },
  {
    "name": "Load Router",
    "start": 1611306769737,
    "end": 1611306769739,
    "duration": 2,
    "pid": 8656,
    "index": 64
  },
  {
    "name": "Require(47) app/router.js",
    "start": 1611306769737,
    "end": 1611306769737,
    "duration": 0,
    "pid": 8656,
    "index": 65
  },
  {
    "name": "Before Start in node_modules/_egg-core@4.20.0@egg-core/lib/egg.js:303:10",
    "start": 1611306769738,
    "end": 1611306769745,
    "duration": 7,
    "pid": 8656,
    "index": 66
  }
]