[
  {
    "name": "Process Start",
    "start": 1611306746947,
    "end": 1611306748122,
    "duration": 1175,
    "pid": 11792,
    "index": 0
  },
  {
    "name": "Application Start",
    "start": 1611306748122,
    "end": 1611306748596,
    "duration": 474,
    "pid": 11792,
    "index": 1
  },
  {
    "name": "Load Plugin",
    "start": 1611306748128,
    "end": 1611306748155,
    "duration": 27,
    "pid": 11792,
    "index": 2
  },
  {
    "name": "Load Config",
    "start": 1611306748155,
    "end": 1611306748180,
    "duration": 25,
    "pid": 11792,
    "index": 3
  },
  {
    "name": "Require(0) config/config.default.js",
    "start": 1611306748156,
    "end": 1611306748156,
    "duration": 0,
    "pid": 11792,
    "index": 4
  },
  {
    "name": "Require(1) node_modules/_egg-session@3.2.0@egg-session/config/config.default.js",
    "start": 1611306748157,
    "end": 1611306748157,
    "duration": 0,
    "pid": 11792,
    "index": 5
  },
  {
    "name": "Require(2) node_modules/_egg-security@2.8.0@egg-security/config/config.default.js",
    "start": 1611306748158,
    "end": 1611306748158,
    "duration": 0,
    "pid": 11792,
    "index": 6
  },
  {
    "name": "Require(3) node_modules/_egg-jsonp@2.0.0@egg-jsonp/config/config.default.js",
    "start": 1611306748159,
    "end": 1611306748160,
    "duration": 1,
    "pid": 11792,
    "index": 7
  },
  {
    "name": "Require(4) node_modules/_egg-onerror@2.1.0@egg-onerror/config/config.default.js",
    "start": 1611306748161,
    "end": 1611306748162,
    "duration": 1,
    "pid": 11792,
    "index": 8
  },
  {
    "name": "Require(5) node_modules/_egg-i18n@2.1.1@egg-i18n/config/config.default.js",
    "start": 1611306748163,
    "end": 1611306748163,
    "duration": 0,
    "pid": 11792,
    "index": 9
  },
  {
    "name": "Require(6) node_modules/_egg-watcher@3.1.1@egg-watcher/config/config.default.js",
    "start": 1611306748164,
    "end": 1611306748164,
    "duration": 0,
    "pid": 11792,
    "index": 10
  },
  {
    "name": "Require(7) node_modules/_egg-schedule@3.6.6@egg-schedule/config/config.default.js",
    "start": 1611306748165,
    "end": 1611306748165,
    "duration": 0,
    "pid": 11792,
    "index": 11
  },
  {
    "name": "Require(8) node_modules/_egg-multipart@2.10.3@egg-multipart/config/config.default.js",
    "start": 1611306748166,
    "end": 1611306748166,
    "duration": 0,
    "pid": 11792,
    "index": 12
  },
  {
    "name": "Require(9) node_modules/_egg-development@2.7.0@egg-development/config/config.default.js",
    "start": 1611306748167,
    "end": 1611306748168,
    "duration": 1,
    "pid": 11792,
    "index": 13
  },
  {
    "name": "Require(10) node_modules/_egg-logrotator@3.1.0@egg-logrotator/config/config.default.js",
    "start": 1611306748168,
    "end": 1611306748169,
    "duration": 1,
    "pid": 11792,
    "index": 14
  },
  {
    "name": "Require(11) node_modules/_egg-static@2.2.0@egg-static/config/config.default.js",
    "start": 1611306748169,
    "end": 1611306748170,
    "duration": 1,
    "pid": 11792,
    "index": 15
  },
  {
    "name": "Require(12) node_modules/_egg-view@2.1.3@egg-view/config/config.default.js",
    "start": 1611306748170,
    "end": 1611306748170,
    "duration": 0,
    "pid": 11792,
    "index": 16
  },
  {
    "name": "Require(13) node_modules/_egg-view-ejs@2.0.1@egg-view-ejs/config/config.default.js",
    "start": 1611306748171,
    "end": 1611306748171,
    "duration": 0,
    "pid": 11792,
    "index": 17
  },
  {
    "name": "Require(14) node_modules/_egg@2.29.1@egg/config/config.default.js",
    "start": 1611306748172,
    "end": 1611306748172,
    "duration": 0,
    "pid": 11792,
    "index": 18
  },
  {
    "name": "Require(15) config/config.default.js",
    "start": 1611306748173,
    "end": 1611306748173,
    "duration": 0,
    "pid": 11792,
    "index": 19
  },
  {
    "name": "Require(16) node_modules/_egg-security@2.8.0@egg-security/config/config.local.js",
    "start": 1611306748174,
    "end": 1611306748174,
    "duration": 0,
    "pid": 11792,
    "index": 20
  },
  {
    "name": "Require(17) node_modules/_egg-watcher@3.1.1@egg-watcher/config/config.local.js",
    "start": 1611306748175,
    "end": 1611306748175,
    "duration": 0,
    "pid": 11792,
    "index": 21
  },
  {
    "name": "Require(18) node_modules/_egg-view@2.1.3@egg-view/config/config.local.js",
    "start": 1611306748177,
    "end": 1611306748178,
    "duration": 1,
    "pid": 11792,
    "index": 22
  },
  {
    "name": "Require(19) node_modules/_egg-view-ejs@2.0.1@egg-view-ejs/config/config.local.js",
    "start": 1611306748179,
    "end": 1611306748179,
    "duration": 0,
    "pid": 11792,
    "index": 23
  },
  {
    "name": "Require(20) node_modules/_egg@2.29.1@egg/config/config.local.js",
    "start": 1611306748180,
    "end": 1611306748180,
    "duration": 0,
    "pid": 11792,
    "index": 24
  },
  {
    "name": "Load extend/application.js",
    "start": 1611306748181,
    "end": 1611306748201,
    "duration": 20,
    "pid": 11792,
    "index": 25
  },
  {
    "name": "Require(21) node_modules/_egg-session@3.2.0@egg-session/app/extend/application.js",
    "start": 1611306748182,
    "end": 1611306748182,
    "duration": 0,
    "pid": 11792,
    "index": 26
  },
  {
    "name": "Require(22) node_modules/_egg-security@2.8.0@egg-security/app/extend/application.js",
    "start": 1611306748183,
    "end": 1611306748184,
    "duration": 1,
    "pid": 11792,
    "index": 27
  },
  {
    "name": "Require(23) node_modules/_egg-jsonp@2.0.0@egg-jsonp/app/extend/application.js",
    "start": 1611306748184,
    "end": 1611306748186,
    "duration": 2,
    "pid": 11792,
    "index": 28
  },
  {
    "name": "Require(24) node_modules/_egg-logrotator@3.1.0@egg-logrotator/app/extend/application.js",
    "start": 1611306748188,
    "end": 1611306748191,
    "duration": 3,
    "pid": 11792,
    "index": 29
  },
  {
    "name": "Require(25) node_modules/_egg-view@2.1.3@egg-view/app/extend/application.js",
    "start": 1611306748191,
    "end": 1611306748196,
    "duration": 5,
    "pid": 11792,
    "index": 30
  },
  {
    "name": "Load extend/request.js",
    "start": 1611306748201,
    "end": 1611306748213,
    "duration": 12,
    "pid": 11792,
    "index": 31
  },
  {
    "name": "Require(26) node_modules/_egg@2.29.1@egg/app/extend/request.js",
    "start": 1611306748205,
    "end": 1611306748206,
    "duration": 1,
    "pid": 11792,
    "index": 32
  },
  {
    "name": "Load extend/response.js",
    "start": 1611306748214,
    "end": 1611306748223,
    "duration": 9,
    "pid": 11792,
    "index": 33
  },
  {
    "name": "Require(27) node_modules/_egg@2.29.1@egg/app/extend/response.js",
    "start": 1611306748216,
    "end": 1611306748219,
    "duration": 3,
    "pid": 11792,
    "index": 34
  },
  {
    "name": "Load extend/context.js",
    "start": 1611306748223,
    "end": 1611306748307,
    "duration": 84,
    "pid": 11792,
    "index": 35
  },
  {
    "name": "Require(28) node_modules/_egg-security@2.8.0@egg-security/app/extend/context.js",
    "start": 1611306748223,
    "end": 1611306748239,
    "duration": 16,
    "pid": 11792,
    "index": 36
  },
  {
    "name": "Require(29) node_modules/_egg-jsonp@2.0.0@egg-jsonp/app/extend/context.js",
    "start": 1611306748240,
    "end": 1611306748241,
    "duration": 1,
    "pid": 11792,
    "index": 37
  },
  {
    "name": "Require(30) node_modules/_egg-i18n@2.1.1@egg-i18n/app/extend/context.js",
    "start": 1611306748242,
    "end": 1611306748242,
    "duration": 0,
    "pid": 11792,
    "index": 38
  },
  {
    "name": "Require(31) node_modules/_egg-multipart@2.10.3@egg-multipart/app/extend/context.js",
    "start": 1611306748244,
    "end": 1611306748299,
    "duration": 55,
    "pid": 11792,
    "index": 39
  },
  {
    "name": "Require(32) node_modules/_egg-view@2.1.3@egg-view/app/extend/context.js",
    "start": 1611306748300,
    "end": 1611306748302,
    "duration": 2,
    "pid": 11792,
    "index": 40
  },
  {
    "name": "Require(33) node_modules/_egg@2.29.1@egg/app/extend/context.js",
    "start": 1611306748302,
    "end": 1611306748304,
    "duration": 2,
    "pid": 11792,
    "index": 41
  },
  {
    "name": "Load extend/helper.js",
    "start": 1611306748307,
    "end": 1611306748333,
    "duration": 26,
    "pid": 11792,
    "index": 42
  },
  {
    "name": "Require(34) node_modules/_egg-security@2.8.0@egg-security/app/extend/helper.js",
    "start": 1611306748308,
    "end": 1611306748326,
    "duration": 18,
    "pid": 11792,
    "index": 43
  },
  {
    "name": "Require(35) node_modules/_egg@2.29.1@egg/app/extend/helper.js",
    "start": 1611306748330,
    "end": 1611306748330,
    "duration": 0,
    "pid": 11792,
    "index": 44
  },
  {
    "name": "Load app.js",
    "start": 1611306748333,
    "end": 1611306748372,
    "duration": 39,
    "pid": 11792,
    "index": 45
  },
  {
    "name": "Require(36) node_modules/_egg-session@3.2.0@egg-session/app.js",
    "start": 1611306748334,
    "end": 1611306748334,
    "duration": 0,
    "pid": 11792,
    "index": 46
  },
  {
    "name": "Require(37) node_modules/_egg-security@2.8.0@egg-security/app.js",
    "start": 1611306748334,
    "end": 1611306748336,
    "duration": 2,
    "pid": 11792,
    "index": 47
  },
  {
    "name": "Require(38) node_modules/_egg-onerror@2.1.0@egg-onerror/app.js",
    "start": 1611306748337,
    "end": 1611306748350,
    "duration": 13,
    "pid": 11792,
    "index": 48
  },
  {
    "name": "Require(39) node_modules/_egg-i18n@2.1.1@egg-i18n/app.js",
    "start": 1611306748350,
    "end": 1611306748358,
    "duration": 8,
    "pid": 11792,
    "index": 49
  },
  {
    "name": "Require(40) node_modules/_egg-watcher@3.1.1@egg-watcher/app.js",
    "start": 1611306748358,
    "end": 1611306748365,
    "duration": 7,
    "pid": 11792,
    "index": 50
  },
  {
    "name": "Require(41) node_modules/_egg-schedule@3.6.6@egg-schedule/app.js",
    "start": 1611306748365,
    "end": 1611306748367,
    "duration": 2,
    "pid": 11792,
    "index": 51
  },
  {
    "name": "Require(42) node_modules/_egg-multipart@2.10.3@egg-multipart/app.js",
    "start": 1611306748368,
    "end": 1611306748368,
    "duration": 0,
    "pid": 11792,
    "index": 52
  },
  {
    "name": "Require(43) node_modules/_egg-development@2.7.0@egg-development/app.js",
    "start": 1611306748369,
    "end": 1611306748369,
    "duration": 0,
    "pid": 11792,
    "index": 53
  },
  {
    "name": "Require(44) node_modules/_egg-logrotator@3.1.0@egg-logrotator/app.js",
    "start": 1611306748369,
    "end": 1611306748369,
    "duration": 0,
    "pid": 11792,
    "index": 54
  },
  {
    "name": "Require(45) node_modules/_egg-static@2.2.0@egg-static/app.js",
    "start": 1611306748370,
    "end": 1611306748370,
    "duration": 0,
    "pid": 11792,
    "index": 55
  },
  {
    "name": "Require(46) node_modules/_egg-view-ejs@2.0.1@egg-view-ejs/app.js",
    "start": 1611306748371,
    "end": 1611306748371,
    "duration": 0,
    "pid": 11792,
    "index": 56
  },
  {
    "name": "Before Start in node_modules/_egg-watcher@3.1.1@egg-watcher/lib/init.js:15:14",
    "start": 1611306748384,
    "end": 1611306748596,
    "duration": 212,
    "pid": 11792,
    "index": 57
  },
  {
    "name": "Load Service",
    "start": 1611306748422,
    "end": 1611306748435,
    "duration": 13,
    "pid": 11792,
    "index": 58
  },
  {
    "name": "Load \"service\" to Context",
    "start": 1611306748422,
    "end": 1611306748435,
    "duration": 13,
    "pid": 11792,
    "index": 59
  },
  {
    "name": "Load Middleware",
    "start": 1611306748435,
    "end": 1611306748576,
    "duration": 141,
    "pid": 11792,
    "index": 60
  },
  {
    "name": "Load \"middlewares\" to Application",
    "start": 1611306748435,
    "end": 1611306748562,
    "duration": 127,
    "pid": 11792,
    "index": 61
  },
  {
    "name": "Load Controller",
    "start": 1611306748576,
    "end": 1611306748580,
    "duration": 4,
    "pid": 11792,
    "index": 62
  },
  {
    "name": "Load \"controller\" to Application",
    "start": 1611306748576,
    "end": 1611306748580,
    "duration": 4,
    "pid": 11792,
    "index": 63
  },
  {
    "name": "Load Router",
    "start": 1611306748580,
    "end": 1611306748582,
    "duration": 2,
    "pid": 11792,
    "index": 64
  },
  {
    "name": "Require(47) app/router.js",
    "start": 1611306748580,
    "end": 1611306748580,
    "duration": 0,
    "pid": 11792,
    "index": 65
  },
  {
    "name": "Before Start in node_modules/_egg-core@4.20.0@egg-core/lib/egg.js:303:10",
    "start": 1611306748581,
    "end": 1611306748588,
    "duration": 7,
    "pid": 11792,
    "index": 66
  }
]