[
  {
    "name": "Process Start",
    "start": 1611306783523,
    "end": 1611306784747,
    "duration": 1224,
    "pid": 19932,
    "index": 0
  },
  {
    "name": "Application Start",
    "start": 1611306784747,
    "end": 1611306785200,
    "duration": 453,
    "pid": 19932,
    "index": 1
  },
  {
    "name": "Load Plugin",
    "start": 1611306784751,
    "end": 1611306784771,
    "duration": 20,
    "pid": 19932,
    "index": 2
  },
  {
    "name": "Load Config",
    "start": 1611306784771,
    "end": 1611306784793,
    "duration": 22,
    "pid": 19932,
    "index": 3
  },
  {
    "name": "Require(0) config/config.default.js",
    "start": 1611306784772,
    "end": 1611306784772,
    "duration": 0,
    "pid": 19932,
    "index": 4
  },
  {
    "name": "Require(1) node_modules/_egg-session@3.2.0@egg-session/config/config.default.js",
    "start": 1611306784773,
    "end": 1611306784774,
    "duration": 1,
    "pid": 19932,
    "index": 5
  },
  {
    "name": "Require(2) node_modules/_egg-security@2.8.0@egg-security/config/config.default.js",
    "start": 1611306784774,
    "end": 1611306784775,
    "duration": 1,
    "pid": 19932,
    "index": 6
  },
  {
    "name": "Require(3) node_modules/_egg-jsonp@2.0.0@egg-jsonp/config/config.default.js",
    "start": 1611306784776,
    "end": 1611306784776,
    "duration": 0,
    "pid": 19932,
    "index": 7
  },
  {
    "name": "Require(4) node_modules/_egg-onerror@2.1.0@egg-onerror/config/config.default.js",
    "start": 1611306784777,
    "end": 1611306784777,
    "duration": 0,
    "pid": 19932,
    "index": 8
  },
  {
    "name": "Require(5) node_modules/_egg-i18n@2.1.1@egg-i18n/config/config.default.js",
    "start": 1611306784778,
    "end": 1611306784778,
    "duration": 0,
    "pid": 19932,
    "index": 9
  },
  {
    "name": "Require(6) node_modules/_egg-watcher@3.1.1@egg-watcher/config/config.default.js",
    "start": 1611306784779,
    "end": 1611306784779,
    "duration": 0,
    "pid": 19932,
    "index": 10
  },
  {
    "name": "Require(7) node_modules/_egg-schedule@3.6.6@egg-schedule/config/config.default.js",
    "start": 1611306784780,
    "end": 1611306784780,
    "duration": 0,
    "pid": 19932,
    "index": 11
  },
  {
    "name": "Require(8) node_modules/_egg-multipart@2.10.3@egg-multipart/config/config.default.js",
    "start": 1611306784781,
    "end": 1611306784781,
    "duration": 0,
    "pid": 19932,
    "index": 12
  },
  {
    "name": "Require(9) node_modules/_egg-development@2.7.0@egg-development/config/config.default.js",
    "start": 1611306784782,
    "end": 1611306784782,
    "duration": 0,
    "pid": 19932,
    "index": 13
  },
  {
    "name": "Require(10) node_modules/_egg-logrotator@3.1.0@egg-logrotator/config/config.default.js",
    "start": 1611306784783,
    "end": 1611306784783,
    "duration": 0,
    "pid": 19932,
    "index": 14
  },
  {
    "name": "Require(11) node_modules/_egg-static@2.2.0@egg-static/config/config.default.js",
    "start": 1611306784784,
    "end": 1611306784784,
    "duration": 0,
    "pid": 19932,
    "index": 15
  },
  {
    "name": "Require(12) node_modules/_egg-view@2.1.3@egg-view/config/config.default.js",
    "start": 1611306784785,
    "end": 1611306784785,
    "duration": 0,
    "pid": 19932,
    "index": 16
  },
  {
    "name": "Require(13) node_modules/_egg-view-ejs@2.0.1@egg-view-ejs/config/config.default.js",
    "start": 1611306784786,
    "end": 1611306784786,
    "duration": 0,
    "pid": 19932,
    "index": 17
  },
  {
    "name": "Require(14) node_modules/_egg@2.29.1@egg/config/config.default.js",
    "start": 1611306784786,
    "end": 1611306784787,
    "duration": 1,
    "pid": 19932,
    "index": 18
  },
  {
    "name": "Require(15) config/config.default.js",
    "start": 1611306784788,
    "end": 1611306784788,
    "duration": 0,
    "pid": 19932,
    "index": 19
  },
  {
    "name": "Require(16) node_modules/_egg-security@2.8.0@egg-security/config/config.local.js",
    "start": 1611306784789,
    "end": 1611306784789,
    "duration": 0,
    "pid": 19932,
    "index": 20
  },
  {
    "name": "Require(17) node_modules/_egg-watcher@3.1.1@egg-watcher/config/config.local.js",
    "start": 1611306784790,
    "end": 1611306784790,
    "duration": 0,
    "pid": 19932,
    "index": 21
  },
  {
    "name": "Require(18) node_modules/_egg-view@2.1.3@egg-view/config/config.local.js",
    "start": 1611306784792,
    "end": 1611306784792,
    "duration": 0,
    "pid": 19932,
    "index": 22
  },
  {
    "name": "Require(19) node_modules/_egg-view-ejs@2.0.1@egg-view-ejs/config/config.local.js",
    "start": 1611306784792,
    "end": 1611306784793,
    "duration": 1,
    "pid": 19932,
    "index": 23
  },
  {
    "name": "Require(20) node_modules/_egg@2.29.1@egg/config/config.local.js",
    "start": 1611306784793,
    "end": 1611306784793,
    "duration": 0,
    "pid": 19932,
    "index": 24
  },
  {
    "name": "Load extend/application.js",
    "start": 1611306784794,
    "end": 1611306784810,
    "duration": 16,
    "pid": 19932,
    "index": 25
  },
  {
    "name": "Require(21) node_modules/_egg-session@3.2.0@egg-session/app/extend/application.js",
    "start": 1611306784795,
    "end": 1611306784795,
    "duration": 0,
    "pid": 19932,
    "index": 26
  },
  {
    "name": "Require(22) node_modules/_egg-security@2.8.0@egg-security/app/extend/application.js",
    "start": 1611306784796,
    "end": 1611306784797,
    "duration": 1,
    "pid": 19932,
    "index": 27
  },
  {
    "name": "Require(23) node_modules/_egg-jsonp@2.0.0@egg-jsonp/app/extend/application.js",
    "start": 1611306784797,
    "end": 1611306784800,
    "duration": 3,
    "pid": 19932,
    "index": 28
  },
  {
    "name": "Require(24) node_modules/_egg-logrotator@3.1.0@egg-logrotator/app/extend/application.js",
    "start": 1611306784801,
    "end": 1611306784804,
    "duration": 3,
    "pid": 19932,
    "index": 29
  },
  {
    "name": "Require(25) node_modules/_egg-view@2.1.3@egg-view/app/extend/application.js",
    "start": 1611306784805,
    "end": 1611306784807,
    "duration": 2,
    "pid": 19932,
    "index": 30
  },
  {
    "name": "Load extend/request.js",
    "start": 1611306784810,
    "end": 1611306784817,
    "duration": 7,
    "pid": 19932,
    "index": 31
  },
  {
    "name": "Require(26) node_modules/_egg@2.29.1@egg/app/extend/request.js",
    "start": 1611306784813,
    "end": 1611306784814,
    "duration": 1,
    "pid": 19932,
    "index": 32
  },
  {
    "name": "Load extend/response.js",
    "start": 1611306784817,
    "end": 1611306784827,
    "duration": 10,
    "pid": 19932,
    "index": 33
  },
  {
    "name": "Require(27) node_modules/_egg@2.29.1@egg/app/extend/response.js",
    "start": 1611306784822,
    "end": 1611306784824,
    "duration": 2,
    "pid": 19932,
    "index": 34
  },
  {
    "name": "Load extend/context.js",
    "start": 1611306784827,
    "end": 1611306784899,
    "duration": 72,
    "pid": 19932,
    "index": 35
  },
  {
    "name": "Require(28) node_modules/_egg-security@2.8.0@egg-security/app/extend/context.js",
    "start": 1611306784828,
    "end": 1611306784843,
    "duration": 15,
    "pid": 19932,
    "index": 36
  },
  {
    "name": "Require(29) node_modules/_egg-jsonp@2.0.0@egg-jsonp/app/extend/context.js",
    "start": 1611306784843,
    "end": 1611306784845,
    "duration": 2,
    "pid": 19932,
    "index": 37
  },
  {
    "name": "Require(30) node_modules/_egg-i18n@2.1.1@egg-i18n/app/extend/context.js",
    "start": 1611306784845,
    "end": 1611306784846,
    "duration": 1,
    "pid": 19932,
    "index": 38
  },
  {
    "name": "Require(31) node_modules/_egg-multipart@2.10.3@egg-multipart/app/extend/context.js",
    "start": 1611306784847,
    "end": 1611306784892,
    "duration": 45,
    "pid": 19932,
    "index": 39
  },
  {
    "name": "Require(32) node_modules/_egg-view@2.1.3@egg-view/app/extend/context.js",
    "start": 1611306784893,
    "end": 1611306784894,
    "duration": 1,
    "pid": 19932,
    "index": 40
  },
  {
    "name": "Require(33) node_modules/_egg@2.29.1@egg/app/extend/context.js",
    "start": 1611306784894,
    "end": 1611306784896,
    "duration": 2,
    "pid": 19932,
    "index": 41
  },
  {
    "name": "Load extend/helper.js",
    "start": 1611306784899,
    "end": 1611306784921,
    "duration": 22,
    "pid": 19932,
    "index": 42
  },
  {
    "name": "Require(34) node_modules/_egg-security@2.8.0@egg-security/app/extend/helper.js",
    "start": 1611306784899,
    "end": 1611306784915,
    "duration": 16,
    "pid": 19932,
    "index": 43
  },
  {
    "name": "Require(35) node_modules/_egg@2.29.1@egg/app/extend/helper.js",
    "start": 1611306784918,
    "end": 1611306784918,
    "duration": 0,
    "pid": 19932,
    "index": 44
  },
  {
    "name": "Load app.js",
    "start": 1611306784921,
    "end": 1611306784956,
    "duration": 35,
    "pid": 19932,
    "index": 45
  },
  {
    "name": "Require(36) node_modules/_egg-session@3.2.0@egg-session/app.js",
    "start": 1611306784922,
    "end": 1611306784922,
    "duration": 0,
    "pid": 19932,
    "index": 46
  },
  {
    "name": "Require(37) node_modules/_egg-security@2.8.0@egg-security/app.js",
    "start": 1611306784922,
    "end": 1611306784924,
    "duration": 2,
    "pid": 19932,
    "index": 47
  },
  {
    "name": "Require(38) node_modules/_egg-onerror@2.1.0@egg-onerror/app.js",
    "start": 1611306784925,
    "end": 1611306784935,
    "duration": 10,
    "pid": 19932,
    "index": 48
  },
  {
    "name": "Require(39) node_modules/_egg-i18n@2.1.1@egg-i18n/app.js",
    "start": 1611306784935,
    "end": 1611306784944,
    "duration": 9,
    "pid": 19932,
    "index": 49
  },
  {
    "name": "Require(40) node_modules/_egg-watcher@3.1.1@egg-watcher/app.js",
    "start": 1611306784944,
    "end": 1611306784949,
    "duration": 5,
    "pid": 19932,
    "index": 50
  },
  {
    "name": "Require(41) node_modules/_egg-schedule@3.6.6@egg-schedule/app.js",
    "start": 1611306784949,
    "end": 1611306784951,
    "duration": 2,
    "pid": 19932,
    "index": 51
  },
  {
    "name": "Require(42) node_modules/_egg-multipart@2.10.3@egg-multipart/app.js",
    "start": 1611306784952,
    "end": 1611306784952,
    "duration": 0,
    "pid": 19932,
    "index": 52
  },
  {
    "name": "Require(43) node_modules/_egg-development@2.7.0@egg-development/app.js",
    "start": 1611306784953,
    "end": 1611306784953,
    "duration": 0,
    "pid": 19932,
    "index": 53
  },
  {
    "name": "Require(44) node_modules/_egg-logrotator@3.1.0@egg-logrotator/app.js",
    "start": 1611306784953,
    "end": 1611306784953,
    "duration": 0,
    "pid": 19932,
    "index": 54
  },
  {
    "name": "Require(45) node_modules/_egg-static@2.2.0@egg-static/app.js",
    "start": 1611306784954,
    "end": 1611306784954,
    "duration": 0,
    "pid": 19932,
    "index": 55
  },
  {
    "name": "Require(46) node_modules/_egg-view-ejs@2.0.1@egg-view-ejs/app.js",
    "start": 1611306784955,
    "end": 1611306784955,
    "duration": 0,
    "pid": 19932,
    "index": 56
  },
  {
    "name": "Before Start in node_modules/_egg-watcher@3.1.1@egg-watcher/lib/init.js:15:14",
    "start": 1611306784965,
    "end": 1611306785199,
    "duration": 234,
    "pid": 19932,
    "index": 57
  },
  {
    "name": "Load Service",
    "start": 1611306784998,
    "end": 1611306785007,
    "duration": 9,
    "pid": 19932,
    "index": 58
  },
  {
    "name": "Load \"service\" to Context",
    "start": 1611306784998,
    "end": 1611306785007,
    "duration": 9,
    "pid": 19932,
    "index": 59
  },
  {
    "name": "Load Middleware",
    "start": 1611306785007,
    "end": 1611306785181,
    "duration": 174,
    "pid": 19932,
    "index": 60
  },
  {
    "name": "Load \"middlewares\" to Application",
    "start": 1611306785007,
    "end": 1611306785164,
    "duration": 157,
    "pid": 19932,
    "index": 61
  },
  {
    "name": "Load Controller",
    "start": 1611306785181,
    "end": 1611306785183,
    "duration": 2,
    "pid": 19932,
    "index": 62
  },
  {
    "name": "Load \"controller\" to Application",
    "start": 1611306785181,
    "end": 1611306785183,
    "duration": 2,
    "pid": 19932,
    "index": 63
  },
  {
    "name": "Load Router",
    "start": 1611306785183,
    "end": 1611306785185,
    "duration": 2,
    "pid": 19932,
    "index": 64
  },
  {
    "name": "Require(47) app/router.js",
    "start": 1611306785183,
    "end": 1611306785184,
    "duration": 1,
    "pid": 19932,
    "index": 65
  },
  {
    "name": "Before Start in node_modules/_egg-core@4.20.0@egg-core/lib/egg.js:303:10",
    "start": 1611306785184,
    "end": 1611306785192,
    "duration": 8,
    "pid": 19932,
    "index": 66
  }
]