[
  {
    "name": "Process Start",
    "start": 1611306802281,
    "end": 1611306803441,
    "duration": 1160,
    "pid": 8348,
    "index": 0
  },
  {
    "name": "Application Start",
    "start": 1611306803441,
    "end": 1611306803859,
    "duration": 418,
    "pid": 8348,
    "index": 1
  },
  {
    "name": "Load Plugin",
    "start": 1611306803446,
    "end": 1611306803469,
    "duration": 23,
    "pid": 8348,
    "index": 2
  },
  {
    "name": "Load Config",
    "start": 1611306803469,
    "end": 1611306803492,
    "duration": 23,
    "pid": 8348,
    "index": 3
  },
  {
    "name": "Require(0) config/config.default.js",
    "start": 1611306803470,
    "end": 1611306803471,
    "duration": 1,
    "pid": 8348,
    "index": 4
  },
  {
    "name": "Require(1) node_modules/_egg-session@3.2.0@egg-session/config/config.default.js",
    "start": 1611306803473,
    "end": 1611306803473,
    "duration": 0,
    "pid": 8348,
    "index": 5
  },
  {
    "name": "Require(2) node_modules/_egg-security@2.8.0@egg-security/config/config.default.js",
    "start": 1611306803474,
    "end": 1611306803474,
    "duration": 0,
    "pid": 8348,
    "index": 6
  },
  {
    "name": "Require(3) node_modules/_egg-jsonp@2.0.0@egg-jsonp/config/config.default.js",
    "start": 1611306803475,
    "end": 1611306803476,
    "duration": 1,
    "pid": 8348,
    "index": 7
  },
  {
    "name": "Require(4) node_modules/_egg-onerror@2.1.0@egg-onerror/config/config.default.js",
    "start": 1611306803476,
    "end": 1611306803476,
    "duration": 0,
    "pid": 8348,
    "index": 8
  },
  {
    "name": "Require(5) node_modules/_egg-i18n@2.1.1@egg-i18n/config/config.default.js",
    "start": 1611306803477,
    "end": 1611306803477,
    "duration": 0,
    "pid": 8348,
    "index": 9
  },
  {
    "name": "Require(6) node_modules/_egg-watcher@3.1.1@egg-watcher/config/config.default.js",
    "start": 1611306803478,
    "end": 1611306803478,
    "duration": 0,
    "pid": 8348,
    "index": 10
  },
  {
    "name": "Require(7) node_modules/_egg-schedule@3.6.6@egg-schedule/config/config.default.js",
    "start": 1611306803479,
    "end": 1611306803479,
    "duration": 0,
    "pid": 8348,
    "index": 11
  },
  {
    "name": "Require(8) node_modules/_egg-multipart@2.10.3@egg-multipart/config/config.default.js",
    "start": 1611306803480,
    "end": 1611306803480,
    "duration": 0,
    "pid": 8348,
    "index": 12
  },
  {
    "name": "Require(9) node_modules/_egg-development@2.7.0@egg-development/config/config.default.js",
    "start": 1611306803481,
    "end": 1611306803481,
    "duration": 0,
    "pid": 8348,
    "index": 13
  },
  {
    "name": "Require(10) node_modules/_egg-logrotator@3.1.0@egg-logrotator/config/config.default.js",
    "start": 1611306803482,
    "end": 1611306803482,
    "duration": 0,
    "pid": 8348,
    "index": 14
  },
  {
    "name": "Require(11) node_modules/_egg-static@2.2.0@egg-static/config/config.default.js",
    "start": 1611306803482,
    "end": 1611306803483,
    "duration": 1,
    "pid": 8348,
    "index": 15
  },
  {
    "name": "Require(12) node_modules/_egg-view@2.1.3@egg-view/config/config.default.js",
    "start": 1611306803483,
    "end": 1611306803484,
    "duration": 1,
    "pid": 8348,
    "index": 16
  },
  {
    "name": "Require(13) node_modules/_egg-view-ejs@2.0.1@egg-view-ejs/config/config.default.js",
    "start": 1611306803484,
    "end": 1611306803484,
    "duration": 0,
    "pid": 8348,
    "index": 17
  },
  {
    "name": "Require(14) node_modules/_egg@2.29.1@egg/config/config.default.js",
    "start": 1611306803485,
    "end": 1611306803485,
    "duration": 0,
    "pid": 8348,
    "index": 18
  },
  {
    "name": "Require(15) config/config.default.js",
    "start": 1611306803487,
    "end": 1611306803487,
    "duration": 0,
    "pid": 8348,
    "index": 19
  },
  {
    "name": "Require(16) node_modules/_egg-security@2.8.0@egg-security/config/config.local.js",
    "start": 1611306803487,
    "end": 1611306803487,
    "duration": 0,
    "pid": 8348,
    "index": 20
  },
  {
    "name": "Require(17) node_modules/_egg-watcher@3.1.1@egg-watcher/config/config.local.js",
    "start": 1611306803489,
    "end": 1611306803489,
    "duration": 0,
    "pid": 8348,
    "index": 21
  },
  {
    "name": "Require(18) node_modules/_egg-view@2.1.3@egg-view/config/config.local.js",
    "start": 1611306803490,
    "end": 1611306803490,
    "duration": 0,
    "pid": 8348,
    "index": 22
  },
  {
    "name": "Require(19) node_modules/_egg-view-ejs@2.0.1@egg-view-ejs/config/config.local.js",
    "start": 1611306803491,
    "end": 1611306803491,
    "duration": 0,
    "pid": 8348,
    "index": 23
  },
  {
    "name": "Require(20) node_modules/_egg@2.29.1@egg/config/config.local.js",
    "start": 1611306803491,
    "end": 1611306803491,
    "duration": 0,
    "pid": 8348,
    "index": 24
  },
  {
    "name": "Load extend/application.js",
    "start": 1611306803493,
    "end": 1611306803508,
    "duration": 15,
    "pid": 8348,
    "index": 25
  },
  {
    "name": "Require(21) node_modules/_egg-session@3.2.0@egg-session/app/extend/application.js",
    "start": 1611306803493,
    "end": 1611306803494,
    "duration": 1,
    "pid": 8348,
    "index": 26
  },
  {
    "name": "Require(22) node_modules/_egg-security@2.8.0@egg-security/app/extend/application.js",
    "start": 1611306803494,
    "end": 1611306803495,
    "duration": 1,
    "pid": 8348,
    "index": 27
  },
  {
    "name": "Require(23) node_modules/_egg-jsonp@2.0.0@egg-jsonp/app/extend/application.js",
    "start": 1611306803495,
    "end": 1611306803497,
    "duration": 2,
    "pid": 8348,
    "index": 28
  },
  {
    "name": "Require(24) node_modules/_egg-logrotator@3.1.0@egg-logrotator/app/extend/application.js",
    "start": 1611306803499,
    "end": 1611306803502,
    "duration": 3,
    "pid": 8348,
    "index": 29
  },
  {
    "name": "Require(25) node_modules/_egg-view@2.1.3@egg-view/app/extend/application.js",
    "start": 1611306803502,
    "end": 1611306803505,
    "duration": 3,
    "pid": 8348,
    "index": 30
  },
  {
    "name": "Load extend/request.js",
    "start": 1611306803508,
    "end": 1611306803515,
    "duration": 7,
    "pid": 8348,
    "index": 31
  },
  {
    "name": "Require(26) node_modules/_egg@2.29.1@egg/app/extend/request.js",
    "start": 1611306803511,
    "end": 1611306803512,
    "duration": 1,
    "pid": 8348,
    "index": 32
  },
  {
    "name": "Load extend/response.js",
    "start": 1611306803515,
    "end": 1611306803526,
    "duration": 11,
    "pid": 8348,
    "index": 33
  },
  {
    "name": "Require(27) node_modules/_egg@2.29.1@egg/app/extend/response.js",
    "start": 1611306803520,
    "end": 1611306803523,
    "duration": 3,
    "pid": 8348,
    "index": 34
  },
  {
    "name": "Load extend/context.js",
    "start": 1611306803526,
    "end": 1611306803600,
    "duration": 74,
    "pid": 8348,
    "index": 35
  },
  {
    "name": "Require(28) node_modules/_egg-security@2.8.0@egg-security/app/extend/context.js",
    "start": 1611306803527,
    "end": 1611306803542,
    "duration": 15,
    "pid": 8348,
    "index": 36
  },
  {
    "name": "Require(29) node_modules/_egg-jsonp@2.0.0@egg-jsonp/app/extend/context.js",
    "start": 1611306803542,
    "end": 1611306803544,
    "duration": 2,
    "pid": 8348,
    "index": 37
  },
  {
    "name": "Require(30) node_modules/_egg-i18n@2.1.1@egg-i18n/app/extend/context.js",
    "start": 1611306803544,
    "end": 1611306803545,
    "duration": 1,
    "pid": 8348,
    "index": 38
  },
  {
    "name": "Require(31) node_modules/_egg-multipart@2.10.3@egg-multipart/app/extend/context.js",
    "start": 1611306803545,
    "end": 1611306803593,
    "duration": 48,
    "pid": 8348,
    "index": 39
  },
  {
    "name": "Require(32) node_modules/_egg-view@2.1.3@egg-view/app/extend/context.js",
    "start": 1611306803594,
    "end": 1611306803595,
    "duration": 1,
    "pid": 8348,
    "index": 40
  },
  {
    "name": "Require(33) node_modules/_egg@2.29.1@egg/app/extend/context.js",
    "start": 1611306803595,
    "end": 1611306803597,
    "duration": 2,
    "pid": 8348,
    "index": 41
  },
  {
    "name": "Load extend/helper.js",
    "start": 1611306803600,
    "end": 1611306803624,
    "duration": 24,
    "pid": 8348,
    "index": 42
  },
  {
    "name": "Require(34) node_modules/_egg-security@2.8.0@egg-security/app/extend/helper.js",
    "start": 1611306803600,
    "end": 1611306803617,
    "duration": 17,
    "pid": 8348,
    "index": 43
  },
  {
    "name": "Require(35) node_modules/_egg@2.29.1@egg/app/extend/helper.js",
    "start": 1611306803620,
    "end": 1611306803621,
    "duration": 1,
    "pid": 8348,
    "index": 44
  },
  {
    "name": "Load app.js",
    "start": 1611306803624,
    "end": 1611306803658,
    "duration": 34,
    "pid": 8348,
    "index": 45
  },
  {
    "name": "Require(36) node_modules/_egg-session@3.2.0@egg-session/app.js",
    "start": 1611306803624,
    "end": 1611306803624,
    "duration": 0,
    "pid": 8348,
    "index": 46
  },
  {
    "name": "Require(37) node_modules/_egg-security@2.8.0@egg-security/app.js",
    "start": 1611306803625,
    "end": 1611306803627,
    "duration": 2,
    "pid": 8348,
    "index": 47
  },
  {
    "name": "Require(38) node_modules/_egg-onerror@2.1.0@egg-onerror/app.js",
    "start": 1611306803627,
    "end": 1611306803639,
    "duration": 12,
    "pid": 8348,
    "index": 48
  },
  {
    "name": "Require(39) node_modules/_egg-i18n@2.1.1@egg-i18n/app.js",
    "start": 1611306803639,
    "end": 1611306803646,
    "duration": 7,
    "pid": 8348,
    "index": 49
  },
  {
    "name": "Require(40) node_modules/_egg-watcher@3.1.1@egg-watcher/app.js",
    "start": 1611306803647,
    "end": 1611306803651,
    "duration": 4,
    "pid": 8348,
    "index": 50
  },
  {
    "name": "Require(41) node_modules/_egg-schedule@3.6.6@egg-schedule/app.js",
    "start": 1611306803651,
    "end": 1611306803653,
    "duration": 2,
    "pid": 8348,
    "index": 51
  },
  {
    "name": "Require(42) node_modules/_egg-multipart@2.10.3@egg-multipart/app.js",
    "start": 1611306803654,
    "end": 1611306803654,
    "duration": 0,
    "pid": 8348,
    "index": 52
  },
  {
    "name": "Require(43) node_modules/_egg-development@2.7.0@egg-development/app.js",
    "start": 1611306803654,
    "end": 1611306803655,
    "duration": 1,
    "pid": 8348,
    "index": 53
  },
  {
    "name": "Require(44) node_modules/_egg-logrotator@3.1.0@egg-logrotator/app.js",
    "start": 1611306803655,
    "end": 1611306803655,
    "duration": 0,
    "pid": 8348,
    "index": 54
  },
  {
    "name": "Require(45) node_modules/_egg-static@2.2.0@egg-static/app.js",
    "start": 1611306803656,
    "end": 1611306803656,
    "duration": 0,
    "pid": 8348,
    "index": 55
  },
  {
    "name": "Require(46) node_modules/_egg-view-ejs@2.0.1@egg-view-ejs/app.js",
    "start": 1611306803656,
    "end": 1611306803657,
    "duration": 1,
    "pid": 8348,
    "index": 56
  },
  {
    "name": "Before Start in node_modules/_egg-watcher@3.1.1@egg-watcher/lib/init.js:15:14",
    "start": 1611306803666,
    "end": 1611306803858,
    "duration": 192,
    "pid": 8348,
    "index": 57
  },
  {
    "name": "Load Service",
    "start": 1611306803700,
    "end": 1611306803708,
    "duration": 8,
    "pid": 8348,
    "index": 58
  },
  {
    "name": "Load \"service\" to Context",
    "start": 1611306803700,
    "end": 1611306803708,
    "duration": 8,
    "pid": 8348,
    "index": 59
  },
  {
    "name": "Load Middleware",
    "start": 1611306803708,
    "end": 1611306803842,
    "duration": 134,
    "pid": 8348,
    "index": 60
  },
  {
    "name": "Load \"middlewares\" to Application",
    "start": 1611306803708,
    "end": 1611306803827,
    "duration": 119,
    "pid": 8348,
    "index": 61
  },
  {
    "name": "Load Controller",
    "start": 1611306803842,
    "end": 1611306803844,
    "duration": 2,
    "pid": 8348,
    "index": 62
  },
  {
    "name": "Load \"controller\" to Application",
    "start": 1611306803842,
    "end": 1611306803844,
    "duration": 2,
    "pid": 8348,
    "index": 63
  },
  {
    "name": "Load Router",
    "start": 1611306803844,
    "end": 1611306803846,
    "duration": 2,
    "pid": 8348,
    "index": 64
  },
  {
    "name": "Require(47) app/router.js",
    "start": 1611306803844,
    "end": 1611306803845,
    "duration": 1,
    "pid": 8348,
    "index": 65
  },
  {
    "name": "Before Start in node_modules/_egg-core@4.20.0@egg-core/lib/egg.js:303:10",
    "start": 1611306803845,
    "end": 1611306803851,
    "duration": 6,
    "pid": 8348,
    "index": 66
  }
]