[
  {
    "name": "Process Start",
    "start": 1611306766602,
    "end": 1611306767749,
    "duration": 1147,
    "pid": 1600,
    "index": 0
  },
  {
    "name": "Application Start",
    "start": 1611306767750,
    "end": 1611306768223,
    "duration": 473,
    "pid": 1600,
    "index": 1
  },
  {
    "name": "Load Plugin",
    "start": 1611306767755,
    "end": 1611306767785,
    "duration": 30,
    "pid": 1600,
    "index": 2
  },
  {
    "name": "Load Config",
    "start": 1611306767785,
    "end": 1611306767812,
    "duration": 27,
    "pid": 1600,
    "index": 3
  },
  {
    "name": "Require(0) config/config.default.js",
    "start": 1611306767786,
    "end": 1611306767786,
    "duration": 0,
    "pid": 1600,
    "index": 4
  },
  {
    "name": "Require(1) node_modules/_egg-session@3.2.0@egg-session/config/config.default.js",
    "start": 1611306767787,
    "end": 1611306767788,
    "duration": 1,
    "pid": 1600,
    "index": 5
  },
  {
    "name": "Require(2) node_modules/_egg-security@2.8.0@egg-security/config/config.default.js",
    "start": 1611306767788,
    "end": 1611306767789,
    "duration": 1,
    "pid": 1600,
    "index": 6
  },
  {
    "name": "Require(3) node_modules/_egg-jsonp@2.0.0@egg-jsonp/config/config.default.js",
    "start": 1611306767790,
    "end": 1611306767790,
    "duration": 0,
    "pid": 1600,
    "index": 7
  },
  {
    "name": "Require(4) node_modules/_egg-onerror@2.1.0@egg-onerror/config/config.default.js",
    "start": 1611306767792,
    "end": 1611306767793,
    "duration": 1,
    "pid": 1600,
    "index": 8
  },
  {
    "name": "Require(5) node_modules/_egg-i18n@2.1.1@egg-i18n/config/config.default.js",
    "start": 1611306767794,
    "end": 1611306767794,
    "duration": 0,
    "pid": 1600,
    "index": 9
  },
  {
    "name": "Require(6) node_modules/_egg-watcher@3.1.1@egg-watcher/config/config.default.js",
    "start": 1611306767795,
    "end": 1611306767796,
    "duration": 1,
    "pid": 1600,
    "index": 10
  },
  {
    "name": "Require(7) node_modules/_egg-schedule@3.6.6@egg-schedule/config/config.default.js",
    "start": 1611306767796,
    "end": 1611306767797,
    "duration": 1,
    "pid": 1600,
    "index": 11
  },
  {
    "name": "Require(8) node_modules/_egg-multipart@2.10.3@egg-multipart/config/config.default.js",
    "start": 1611306767797,
    "end": 1611306767798,
    "duration": 1,
    "pid": 1600,
    "index": 12
  },
  {
    "name": "Require(9) node_modules/_egg-development@2.7.0@egg-development/config/config.default.js",
    "start": 1611306767799,
    "end": 1611306767799,
    "duration": 0,
    "pid": 1600,
    "index": 13
  },
  {
    "name": "Require(10) node_modules/_egg-logrotator@3.1.0@egg-logrotator/config/config.default.js",
    "start": 1611306767799,
    "end": 1611306767800,
    "duration": 1,
    "pid": 1600,
    "index": 14
  },
  {
    "name": "Require(11) node_modules/_egg-static@2.2.0@egg-static/config/config.default.js",
    "start": 1611306767800,
    "end": 1611306767801,
    "duration": 1,
    "pid": 1600,
    "index": 15
  },
  {
    "name": "Require(12) node_modules/_egg-view@2.1.3@egg-view/config/config.default.js",
    "start": 1611306767802,
    "end": 1611306767802,
    "duration": 0,
    "pid": 1600,
    "index": 16
  },
  {
    "name": "Require(13) node_modules/_egg-view-ejs@2.0.1@egg-view-ejs/config/config.default.js",
    "start": 1611306767803,
    "end": 1611306767803,
    "duration": 0,
    "pid": 1600,
    "index": 17
  },
  {
    "name": "Require(14) node_modules/_egg@2.29.1@egg/config/config.default.js",
    "start": 1611306767804,
    "end": 1611306767804,
    "duration": 0,
    "pid": 1600,
    "index": 18
  },
  {
    "name": "Require(15) config/config.default.js",
    "start": 1611306767805,
    "end": 1611306767805,
    "duration": 0,
    "pid": 1600,
    "index": 19
  },
  {
    "name": "Require(16) node_modules/_egg-security@2.8.0@egg-security/config/config.local.js",
    "start": 1611306767806,
    "end": 1611306767806,
    "duration": 0,
    "pid": 1600,
    "index": 20
  },
  {
    "name": "Require(17) node_modules/_egg-watcher@3.1.1@egg-watcher/config/config.local.js",
    "start": 1611306767807,
    "end": 1611306767808,
    "duration": 1,
    "pid": 1600,
    "index": 21
  },
  {
    "name": "Require(18) node_modules/_egg-view@2.1.3@egg-view/config/config.local.js",
    "start": 1611306767810,
    "end": 1611306767811,
    "duration": 1,
    "pid": 1600,
    "index": 22
  },
  {
    "name": "Require(19) node_modules/_egg-view-ejs@2.0.1@egg-view-ejs/config/config.local.js",
    "start": 1611306767811,
    "end": 1611306767811,
    "duration": 0,
    "pid": 1600,
    "index": 23
  },
  {
    "name": "Require(20) node_modules/_egg@2.29.1@egg/config/config.local.js",
    "start": 1611306767812,
    "end": 1611306767812,
    "duration": 0,
    "pid": 1600,
    "index": 24
  },
  {
    "name": "Load extend/application.js",
    "start": 1611306767813,
    "end": 1611306767835,
    "duration": 22,
    "pid": 1600,
    "index": 25
  },
  {
    "name": "Require(21) node_modules/_egg-session@3.2.0@egg-session/app/extend/application.js",
    "start": 1611306767814,
    "end": 1611306767814,
    "duration": 0,
    "pid": 1600,
    "index": 26
  },
  {
    "name": "Require(22) node_modules/_egg-security@2.8.0@egg-security/app/extend/application.js",
    "start": 1611306767814,
    "end": 1611306767816,
    "duration": 2,
    "pid": 1600,
    "index": 27
  },
  {
    "name": "Require(23) node_modules/_egg-jsonp@2.0.0@egg-jsonp/app/extend/application.js",
    "start": 1611306767816,
    "end": 1611306767819,
    "duration": 3,
    "pid": 1600,
    "index": 28
  },
  {
    "name": "Require(24) node_modules/_egg-logrotator@3.1.0@egg-logrotator/app/extend/application.js",
    "start": 1611306767820,
    "end": 1611306767824,
    "duration": 4,
    "pid": 1600,
    "index": 29
  },
  {
    "name": "Require(25) node_modules/_egg-view@2.1.3@egg-view/app/extend/application.js",
    "start": 1611306767826,
    "end": 1611306767831,
    "duration": 5,
    "pid": 1600,
    "index": 30
  },
  {
    "name": "Load extend/request.js",
    "start": 1611306767835,
    "end": 1611306767847,
    "duration": 12,
    "pid": 1600,
    "index": 31
  },
  {
    "name": "Require(26) node_modules/_egg@2.29.1@egg/app/extend/request.js",
    "start": 1611306767838,
    "end": 1611306767843,
    "duration": 5,
    "pid": 1600,
    "index": 32
  },
  {
    "name": "Load extend/response.js",
    "start": 1611306767847,
    "end": 1611306767863,
    "duration": 16,
    "pid": 1600,
    "index": 33
  },
  {
    "name": "Require(27) node_modules/_egg@2.29.1@egg/app/extend/response.js",
    "start": 1611306767853,
    "end": 1611306767858,
    "duration": 5,
    "pid": 1600,
    "index": 34
  },
  {
    "name": "Load extend/context.js",
    "start": 1611306767863,
    "end": 1611306767953,
    "duration": 90,
    "pid": 1600,
    "index": 35
  },
  {
    "name": "Require(28) node_modules/_egg-security@2.8.0@egg-security/app/extend/context.js",
    "start": 1611306767864,
    "end": 1611306767883,
    "duration": 19,
    "pid": 1600,
    "index": 36
  },
  {
    "name": "Require(29) node_modules/_egg-jsonp@2.0.0@egg-jsonp/app/extend/context.js",
    "start": 1611306767883,
    "end": 1611306767885,
    "duration": 2,
    "pid": 1600,
    "index": 37
  },
  {
    "name": "Require(30) node_modules/_egg-i18n@2.1.1@egg-i18n/app/extend/context.js",
    "start": 1611306767886,
    "end": 1611306767886,
    "duration": 0,
    "pid": 1600,
    "index": 38
  },
  {
    "name": "Require(31) node_modules/_egg-multipart@2.10.3@egg-multipart/app/extend/context.js",
    "start": 1611306767887,
    "end": 1611306767947,
    "duration": 60,
    "pid": 1600,
    "index": 39
  },
  {
    "name": "Require(32) node_modules/_egg-view@2.1.3@egg-view/app/extend/context.js",
    "start": 1611306767948,
    "end": 1611306767948,
    "duration": 0,
    "pid": 1600,
    "index": 40
  },
  {
    "name": "Require(33) node_modules/_egg@2.29.1@egg/app/extend/context.js",
    "start": 1611306767949,
    "end": 1611306767950,
    "duration": 1,
    "pid": 1600,
    "index": 41
  },
  {
    "name": "Load extend/helper.js",
    "start": 1611306767953,
    "end": 1611306767977,
    "duration": 24,
    "pid": 1600,
    "index": 42
  },
  {
    "name": "Require(34) node_modules/_egg-security@2.8.0@egg-security/app/extend/helper.js",
    "start": 1611306767954,
    "end": 1611306767970,
    "duration": 16,
    "pid": 1600,
    "index": 43
  },
  {
    "name": "Require(35) node_modules/_egg@2.29.1@egg/app/extend/helper.js",
    "start": 1611306767973,
    "end": 1611306767973,
    "duration": 0,
    "pid": 1600,
    "index": 44
  },
  {
    "name": "Load app.js",
    "start": 1611306767977,
    "end": 1611306768010,
    "duration": 33,
    "pid": 1600,
    "index": 45
  },
  {
    "name": "Require(36) node_modules/_egg-session@3.2.0@egg-session/app.js",
    "start": 1611306767977,
    "end": 1611306767977,
    "duration": 0,
    "pid": 1600,
    "index": 46
  },
  {
    "name": "Require(37) node_modules/_egg-security@2.8.0@egg-security/app.js",
    "start": 1611306767978,
    "end": 1611306767979,
    "duration": 1,
    "pid": 1600,
    "index": 47
  },
  {
    "name": "Require(38) node_modules/_egg-onerror@2.1.0@egg-onerror/app.js",
    "start": 1611306767980,
    "end": 1611306767990,
    "duration": 10,
    "pid": 1600,
    "index": 48
  },
  {
    "name": "Require(39) node_modules/_egg-i18n@2.1.1@egg-i18n/app.js",
    "start": 1611306767991,
    "end": 1611306767999,
    "duration": 8,
    "pid": 1600,
    "index": 49
  },
  {
    "name": "Require(40) node_modules/_egg-watcher@3.1.1@egg-watcher/app.js",
    "start": 1611306767999,
    "end": 1611306768003,
    "duration": 4,
    "pid": 1600,
    "index": 50
  },
  {
    "name": "Require(41) node_modules/_egg-schedule@3.6.6@egg-schedule/app.js",
    "start": 1611306768004,
    "end": 1611306768006,
    "duration": 2,
    "pid": 1600,
    "index": 51
  },
  {
    "name": "Require(42) node_modules/_egg-multipart@2.10.3@egg-multipart/app.js",
    "start": 1611306768006,
    "end": 1611306768006,
    "duration": 0,
    "pid": 1600,
    "index": 52
  },
  {
    "name": "Require(43) node_modules/_egg-development@2.7.0@egg-development/app.js",
    "start": 1611306768007,
    "end": 1611306768007,
    "duration": 0,
    "pid": 1600,
    "index": 53
  },
  {
    "name": "Require(44) node_modules/_egg-logrotator@3.1.0@egg-logrotator/app.js",
    "start": 1611306768007,
    "end": 1611306768008,
    "duration": 1,
    "pid": 1600,
    "index": 54
  },
  {
    "name": "Require(45) node_modules/_egg-static@2.2.0@egg-static/app.js",
    "start": 1611306768008,
    "end": 1611306768008,
    "duration": 0,
    "pid": 1600,
    "index": 55
  },
  {
    "name": "Require(46) node_modules/_egg-view-ejs@2.0.1@egg-view-ejs/app.js",
    "start": 1611306768009,
    "end": 1611306768009,
    "duration": 0,
    "pid": 1600,
    "index": 56
  },
  {
    "name": "Before Start in node_modules/_egg-watcher@3.1.1@egg-watcher/lib/init.js:15:14",
    "start": 1611306768017,
    "end": 1611306768223,
    "duration": 206,
    "pid": 1600,
    "index": 57
  },
  {
    "name": "Load Service",
    "start": 1611306768052,
    "end": 1611306768060,
    "duration": 8,
    "pid": 1600,
    "index": 58
  },
  {
    "name": "Load \"service\" to Context",
    "start": 1611306768052,
    "end": 1611306768060,
    "duration": 8,
    "pid": 1600,
    "index": 59
  },
  {
    "name": "Load Middleware",
    "start": 1611306768060,
    "end": 1611306768201,
    "duration": 141,
    "pid": 1600,
    "index": 60
  },
  {
    "name": "Load \"middlewares\" to Application",
    "start": 1611306768060,
    "end": 1611306768184,
    "duration": 124,
    "pid": 1600,
    "index": 61
  },
  {
    "name": "Load Controller",
    "start": 1611306768201,
    "end": 1611306768204,
    "duration": 3,
    "pid": 1600,
    "index": 62
  },
  {
    "name": "Load \"controller\" to Application",
    "start": 1611306768201,
    "end": 1611306768204,
    "duration": 3,
    "pid": 1600,
    "index": 63
  },
  {
    "name": "Load Router",
    "start": 1611306768204,
    "end": 1611306768206,
    "duration": 2,
    "pid": 1600,
    "index": 64
  },
  {
    "name": "Require(47) app/router.js",
    "start": 1611306768204,
    "end": 1611306768204,
    "duration": 0,
    "pid": 1600,
    "index": 65
  },
  {
    "name": "Before Start in node_modules/_egg-core@4.20.0@egg-core/lib/egg.js:303:10",
    "start": 1611306768204,
    "end": 1611306768214,
    "duration": 10,
    "pid": 1600,
    "index": 66
  }
]