[
  {
    "name": "Process Start",
    "start": 1611306800600,
    "end": 1611306801807,
    "duration": 1207,
    "pid": 4344,
    "index": 0
  },
  {
    "name": "Application Start",
    "start": 1611306801807,
    "end": 1611306802243,
    "duration": 436,
    "pid": 4344,
    "index": 1
  },
  {
    "name": "Load Plugin",
    "start": 1611306801811,
    "end": 1611306801831,
    "duration": 20,
    "pid": 4344,
    "index": 2
  },
  {
    "name": "Load Config",
    "start": 1611306801831,
    "end": 1611306801854,
    "duration": 23,
    "pid": 4344,
    "index": 3
  },
  {
    "name": "Require(0) config/config.default.js",
    "start": 1611306801832,
    "end": 1611306801832,
    "duration": 0,
    "pid": 4344,
    "index": 4
  },
  {
    "name": "Require(1) node_modules/_egg-session@3.2.0@egg-session/config/config.default.js",
    "start": 1611306801834,
    "end": 1611306801834,
    "duration": 0,
    "pid": 4344,
    "index": 5
  },
  {
    "name": "Require(2) node_modules/_egg-security@2.8.0@egg-security/config/config.default.js",
    "start": 1611306801834,
    "end": 1611306801835,
    "duration": 1,
    "pid": 4344,
    "index": 6
  },
  {
    "name": "Require(3) node_modules/_egg-jsonp@2.0.0@egg-jsonp/config/config.default.js",
    "start": 1611306801836,
    "end": 1611306801837,
    "duration": 1,
    "pid": 4344,
    "index": 7
  },
  {
    "name": "Require(4) node_modules/_egg-onerror@2.1.0@egg-onerror/config/config.default.js",
    "start": 1611306801837,
    "end": 1611306801838,
    "duration": 1,
    "pid": 4344,
    "index": 8
  },
  {
    "name": "Require(5) node_modules/_egg-i18n@2.1.1@egg-i18n/config/config.default.js",
    "start": 1611306801838,
    "end": 1611306801839,
    "duration": 1,
    "pid": 4344,
    "index": 9
  },
  {
    "name": "Require(6) node_modules/_egg-watcher@3.1.1@egg-watcher/config/config.default.js",
    "start": 1611306801839,
    "end": 1611306801840,
    "duration": 1,
    "pid": 4344,
    "index": 10
  },
  {
    "name": "Require(7) node_modules/_egg-schedule@3.6.6@egg-schedule/config/config.default.js",
    "start": 1611306801840,
    "end": 1611306801841,
    "duration": 1,
    "pid": 4344,
    "index": 11
  },
  {
    "name": "Require(8) node_modules/_egg-multipart@2.10.3@egg-multipart/config/config.default.js",
    "start": 1611306801841,
    "end": 1611306801842,
    "duration": 1,
    "pid": 4344,
    "index": 12
  },
  {
    "name": "Require(9) node_modules/_egg-development@2.7.0@egg-development/config/config.default.js",
    "start": 1611306801842,
    "end": 1611306801843,
    "duration": 1,
    "pid": 4344,
    "index": 13
  },
  {
    "name": "Require(10) node_modules/_egg-logrotator@3.1.0@egg-logrotator/config/config.default.js",
    "start": 1611306801843,
    "end": 1611306801844,
    "duration": 1,
    "pid": 4344,
    "index": 14
  },
  {
    "name": "Require(11) node_modules/_egg-static@2.2.0@egg-static/config/config.default.js",
    "start": 1611306801844,
    "end": 1611306801845,
    "duration": 1,
    "pid": 4344,
    "index": 15
  },
  {
    "name": "Require(12) node_modules/_egg-view@2.1.3@egg-view/config/config.default.js",
    "start": 1611306801845,
    "end": 1611306801846,
    "duration": 1,
    "pid": 4344,
    "index": 16
  },
  {
    "name": "Require(13) node_modules/_egg-view-ejs@2.0.1@egg-view-ejs/config/config.default.js",
    "start": 1611306801846,
    "end": 1611306801847,
    "duration": 1,
    "pid": 4344,
    "index": 17
  },
  {
    "name": "Require(14) node_modules/_egg@2.29.1@egg/config/config.default.js",
    "start": 1611306801847,
    "end": 1611306801848,
    "duration": 1,
    "pid": 4344,
    "index": 18
  },
  {
    "name": "Require(15) config/config.default.js",
    "start": 1611306801849,
    "end": 1611306801849,
    "duration": 0,
    "pid": 4344,
    "index": 19
  },
  {
    "name": "Require(16) node_modules/_egg-security@2.8.0@egg-security/config/config.local.js",
    "start": 1611306801849,
    "end": 1611306801850,
    "duration": 1,
    "pid": 4344,
    "index": 20
  },
  {
    "name": "Require(17) node_modules/_egg-watcher@3.1.1@egg-watcher/config/config.local.js",
    "start": 1611306801851,
    "end": 1611306801851,
    "duration": 0,
    "pid": 4344,
    "index": 21
  },
  {
    "name": "Require(18) node_modules/_egg-view@2.1.3@egg-view/config/config.local.js",
    "start": 1611306801852,
    "end": 1611306801853,
    "duration": 1,
    "pid": 4344,
    "index": 22
  },
  {
    "name": "Require(19) node_modules/_egg-view-ejs@2.0.1@egg-view-ejs/config/config.local.js",
    "start": 1611306801853,
    "end": 1611306801853,
    "duration": 0,
    "pid": 4344,
    "index": 23
  },
  {
    "name": "Require(20) node_modules/_egg@2.29.1@egg/config/config.local.js",
    "start": 1611306801854,
    "end": 1611306801854,
    "duration": 0,
    "pid": 4344,
    "index": 24
  },
  {
    "name": "Load extend/application.js",
    "start": 1611306801855,
    "end": 1611306801871,
    "duration": 16,
    "pid": 4344,
    "index": 25
  },
  {
    "name": "Require(21) node_modules/_egg-session@3.2.0@egg-session/app/extend/application.js",
    "start": 1611306801856,
    "end": 1611306801856,
    "duration": 0,
    "pid": 4344,
    "index": 26
  },
  {
    "name": "Require(22) node_modules/_egg-security@2.8.0@egg-security/app/extend/application.js",
    "start": 1611306801856,
    "end": 1611306801858,
    "duration": 2,
    "pid": 4344,
    "index": 27
  },
  {
    "name": "Require(23) node_modules/_egg-jsonp@2.0.0@egg-jsonp/app/extend/application.js",
    "start": 1611306801858,
    "end": 1611306801860,
    "duration": 2,
    "pid": 4344,
    "index": 28
  },
  {
    "name": "Require(24) node_modules/_egg-logrotator@3.1.0@egg-logrotator/app/extend/application.js",
    "start": 1611306801862,
    "end": 1611306801865,
    "duration": 3,
    "pid": 4344,
    "index": 29
  },
  {
    "name": "Require(25) node_modules/_egg-view@2.1.3@egg-view/app/extend/application.js",
    "start": 1611306801866,
    "end": 1611306801868,
    "duration": 2,
    "pid": 4344,
    "index": 30
  },
  {
    "name": "Load extend/request.js",
    "start": 1611306801871,
    "end": 1611306801881,
    "duration": 10,
    "pid": 4344,
    "index": 31
  },
  {
    "name": "Require(26) node_modules/_egg@2.29.1@egg/app/extend/request.js",
    "start": 1611306801874,
    "end": 1611306801876,
    "duration": 2,
    "pid": 4344,
    "index": 32
  },
  {
    "name": "Load extend/response.js",
    "start": 1611306801881,
    "end": 1611306801889,
    "duration": 8,
    "pid": 4344,
    "index": 33
  },
  {
    "name": "Require(27) node_modules/_egg@2.29.1@egg/app/extend/response.js",
    "start": 1611306801884,
    "end": 1611306801886,
    "duration": 2,
    "pid": 4344,
    "index": 34
  },
  {
    "name": "Load extend/context.js",
    "start": 1611306801889,
    "end": 1611306801965,
    "duration": 76,
    "pid": 4344,
    "index": 35
  },
  {
    "name": "Require(28) node_modules/_egg-security@2.8.0@egg-security/app/extend/context.js",
    "start": 1611306801890,
    "end": 1611306801903,
    "duration": 13,
    "pid": 4344,
    "index": 36
  },
  {
    "name": "Require(29) node_modules/_egg-jsonp@2.0.0@egg-jsonp/app/extend/context.js",
    "start": 1611306801904,
    "end": 1611306801905,
    "duration": 1,
    "pid": 4344,
    "index": 37
  },
  {
    "name": "Require(30) node_modules/_egg-i18n@2.1.1@egg-i18n/app/extend/context.js",
    "start": 1611306801906,
    "end": 1611306801907,
    "duration": 1,
    "pid": 4344,
    "index": 38
  },
  {
    "name": "Require(31) node_modules/_egg-multipart@2.10.3@egg-multipart/app/extend/context.js",
    "start": 1611306801907,
    "end": 1611306801958,
    "duration": 51,
    "pid": 4344,
    "index": 39
  },
  {
    "name": "Require(32) node_modules/_egg-view@2.1.3@egg-view/app/extend/context.js",
    "start": 1611306801959,
    "end": 1611306801960,
    "duration": 1,
    "pid": 4344,
    "index": 40
  },
  {
    "name": "Require(33) node_modules/_egg@2.29.1@egg/app/extend/context.js",
    "start": 1611306801960,
    "end": 1611306801962,
    "duration": 2,
    "pid": 4344,
    "index": 41
  },
  {
    "name": "Load extend/helper.js",
    "start": 1611306801965,
    "end": 1611306801989,
    "duration": 24,
    "pid": 4344,
    "index": 42
  },
  {
    "name": "Require(34) node_modules/_egg-security@2.8.0@egg-security/app/extend/helper.js",
    "start": 1611306801966,
    "end": 1611306801983,
    "duration": 17,
    "pid": 4344,
    "index": 43
  },
  {
    "name": "Require(35) node_modules/_egg@2.29.1@egg/app/extend/helper.js",
    "start": 1611306801985,
    "end": 1611306801986,
    "duration": 1,
    "pid": 4344,
    "index": 44
  },
  {
    "name": "Load app.js",
    "start": 1611306801989,
    "end": 1611306802025,
    "duration": 36,
    "pid": 4344,
    "index": 45
  },
  {
    "name": "Require(36) node_modules/_egg-session@3.2.0@egg-session/app.js",
    "start": 1611306801989,
    "end": 1611306801990,
    "duration": 1,
    "pid": 4344,
    "index": 46
  },
  {
    "name": "Require(37) node_modules/_egg-security@2.8.0@egg-security/app.js",
    "start": 1611306801990,
    "end": 1611306801992,
    "duration": 2,
    "pid": 4344,
    "index": 47
  },
  {
    "name": "Require(38) node_modules/_egg-onerror@2.1.0@egg-onerror/app.js",
    "start": 1611306801993,
    "end": 1611306802004,
    "duration": 11,
    "pid": 4344,
    "index": 48
  },
  {
    "name": "Require(39) node_modules/_egg-i18n@2.1.1@egg-i18n/app.js",
    "start": 1611306802005,
    "end": 1611306802013,
    "duration": 8,
    "pid": 4344,
    "index": 49
  },
  {
    "name": "Require(40) node_modules/_egg-watcher@3.1.1@egg-watcher/app.js",
    "start": 1611306802013,
    "end": 1611306802018,
    "duration": 5,
    "pid": 4344,
    "index": 50
  },
  {
    "name": "Require(41) node_modules/_egg-schedule@3.6.6@egg-schedule/app.js",
    "start": 1611306802019,
    "end": 1611306802021,
    "duration": 2,
    "pid": 4344,
    "index": 51
  },
  {
    "name": "Require(42) node_modules/_egg-multipart@2.10.3@egg-multipart/app.js",
    "start": 1611306802022,
    "end": 1611306802022,
    "duration": 0,
    "pid": 4344,
    "index": 52
  },
  {
    "name": "Require(43) node_modules/_egg-development@2.7.0@egg-development/app.js",
    "start": 1611306802022,
    "end": 1611306802023,
    "duration": 1,
    "pid": 4344,
    "index": 53
  },
  {
    "name": "Require(44) node_modules/_egg-logrotator@3.1.0@egg-logrotator/app.js",
    "start": 1611306802023,
    "end": 1611306802023,
    "duration": 0,
    "pid": 4344,
    "index": 54
  },
  {
    "name": "Require(45) node_modules/_egg-static@2.2.0@egg-static/app.js",
    "start": 1611306802024,
    "end": 1611306802024,
    "duration": 0,
    "pid": 4344,
    "index": 55
  },
  {
    "name": "Require(46) node_modules/_egg-view-ejs@2.0.1@egg-view-ejs/app.js",
    "start": 1611306802024,
    "end": 1611306802025,
    "duration": 1,
    "pid": 4344,
    "index": 56
  },
  {
    "name": "Before Start in node_modules/_egg-watcher@3.1.1@egg-watcher/lib/init.js:15:14",
    "start": 1611306802033,
    "end": 1611306802243,
    "duration": 210,
    "pid": 4344,
    "index": 57
  },
  {
    "name": "Load Service",
    "start": 1611306802067,
    "end": 1611306802078,
    "duration": 11,
    "pid": 4344,
    "index": 58
  },
  {
    "name": "Load \"service\" to Context",
    "start": 1611306802068,
    "end": 1611306802078,
    "duration": 10,
    "pid": 4344,
    "index": 59
  },
  {
    "name": "Load Middleware",
    "start": 1611306802078,
    "end": 1611306802222,
    "duration": 144,
    "pid": 4344,
    "index": 60
  },
  {
    "name": "Load \"middlewares\" to Application",
    "start": 1611306802078,
    "end": 1611306802201,
    "duration": 123,
    "pid": 4344,
    "index": 61
  },
  {
    "name": "Load Controller",
    "start": 1611306802223,
    "end": 1611306802225,
    "duration": 2,
    "pid": 4344,
    "index": 62
  },
  {
    "name": "Load \"controller\" to Application",
    "start": 1611306802223,
    "end": 1611306802225,
    "duration": 2,
    "pid": 4344,
    "index": 63
  },
  {
    "name": "Load Router",
    "start": 1611306802225,
    "end": 1611306802228,
    "duration": 3,
    "pid": 4344,
    "index": 64
  },
  {
    "name": "Require(47) app/router.js",
    "start": 1611306802226,
    "end": 1611306802226,
    "duration": 0,
    "pid": 4344,
    "index": 65
  },
  {
    "name": "Before Start in node_modules/_egg-core@4.20.0@egg-core/lib/egg.js:303:10",
    "start": 1611306802226,
    "end": 1611306802235,
    "duration": 9,
    "pid": 4344,
    "index": 66
  }
]