[
  {
    "name": "Process Start",
    "start": 1611306831471,
    "end": 1611306832594,
    "duration": 1123,
    "pid": 15256,
    "index": 0
  },
  {
    "name": "Application Start",
    "start": 1611306832595,
    "end": 1611306832987,
    "duration": 392,
    "pid": 15256,
    "index": 1
  },
  {
    "name": "Load Plugin",
    "start": 1611306832600,
    "end": 1611306832618,
    "duration": 18,
    "pid": 15256,
    "index": 2
  },
  {
    "name": "Load Config",
    "start": 1611306832618,
    "end": 1611306832639,
    "duration": 21,
    "pid": 15256,
    "index": 3
  },
  {
    "name": "Require(0) config/config.default.js",
    "start": 1611306832619,
    "end": 1611306832619,
    "duration": 0,
    "pid": 15256,
    "index": 4
  },
  {
    "name": "Require(1) node_modules/_egg-session@3.2.0@egg-session/config/config.default.js",
    "start": 1611306832620,
    "end": 1611306832621,
    "duration": 1,
    "pid": 15256,
    "index": 5
  },
  {
    "name": "Require(2) node_modules/_egg-security@2.8.0@egg-security/config/config.default.js",
    "start": 1611306832621,
    "end": 1611306832622,
    "duration": 1,
    "pid": 15256,
    "index": 6
  },
  {
    "name": "Require(3) node_modules/_egg-jsonp@2.0.0@egg-jsonp/config/config.default.js",
    "start": 1611306832623,
    "end": 1611306832623,
    "duration": 0,
    "pid": 15256,
    "index": 7
  },
  {
    "name": "Require(4) node_modules/_egg-onerror@2.1.0@egg-onerror/config/config.default.js",
    "start": 1611306832623,
    "end": 1611306832624,
    "duration": 1,
    "pid": 15256,
    "index": 8
  },
  {
    "name": "Require(5) node_modules/_egg-i18n@2.1.1@egg-i18n/config/config.default.js",
    "start": 1611306832624,
    "end": 1611306832625,
    "duration": 1,
    "pid": 15256,
    "index": 9
  },
  {
    "name": "Require(6) node_modules/_egg-watcher@3.1.1@egg-watcher/config/config.default.js",
    "start": 1611306832625,
    "end": 1611306832626,
    "duration": 1,
    "pid": 15256,
    "index": 10
  },
  {
    "name": "Require(7) node_modules/_egg-schedule@3.6.6@egg-schedule/config/config.default.js",
    "start": 1611306832626,
    "end": 1611306832626,
    "duration": 0,
    "pid": 15256,
    "index": 11
  },
  {
    "name": "Require(8) node_modules/_egg-multipart@2.10.3@egg-multipart/config/config.default.js",
    "start": 1611306832627,
    "end": 1611306832627,
    "duration": 0,
    "pid": 15256,
    "index": 12
  },
  {
    "name": "Require(9) node_modules/_egg-development@2.7.0@egg-development/config/config.default.js",
    "start": 1611306832628,
    "end": 1611306832628,
    "duration": 0,
    "pid": 15256,
    "index": 13
  },
  {
    "name": "Require(10) node_modules/_egg-logrotator@3.1.0@egg-logrotator/config/config.default.js",
    "start": 1611306832629,
    "end": 1611306832629,
    "duration": 0,
    "pid": 15256,
    "index": 14
  },
  {
    "name": "Require(11) node_modules/_egg-static@2.2.0@egg-static/config/config.default.js",
    "start": 1611306832630,
    "end": 1611306832630,
    "duration": 0,
    "pid": 15256,
    "index": 15
  },
  {
    "name": "Require(12) node_modules/_egg-view@2.1.3@egg-view/config/config.default.js",
    "start": 1611306832630,
    "end": 1611306832631,
    "duration": 1,
    "pid": 15256,
    "index": 16
  },
  {
    "name": "Require(13) node_modules/_egg-view-ejs@2.0.1@egg-view-ejs/config/config.default.js",
    "start": 1611306832631,
    "end": 1611306832632,
    "duration": 1,
    "pid": 15256,
    "index": 17
  },
  {
    "name": "Require(14) node_modules/_egg@2.29.1@egg/config/config.default.js",
    "start": 1611306832633,
    "end": 1611306832633,
    "duration": 0,
    "pid": 15256,
    "index": 18
  },
  {
    "name": "Require(15) config/config.default.js",
    "start": 1611306832634,
    "end": 1611306832634,
    "duration": 0,
    "pid": 15256,
    "index": 19
  },
  {
    "name": "Require(16) node_modules/_egg-security@2.8.0@egg-security/config/config.local.js",
    "start": 1611306832635,
    "end": 1611306832635,
    "duration": 0,
    "pid": 15256,
    "index": 20
  },
  {
    "name": "Require(17) node_modules/_egg-watcher@3.1.1@egg-watcher/config/config.local.js",
    "start": 1611306832636,
    "end": 1611306832637,
    "duration": 1,
    "pid": 15256,
    "index": 21
  },
  {
    "name": "Require(18) node_modules/_egg-view@2.1.3@egg-view/config/config.local.js",
    "start": 1611306832638,
    "end": 1611306832638,
    "duration": 0,
    "pid": 15256,
    "index": 22
  },
  {
    "name": "Require(19) node_modules/_egg-view-ejs@2.0.1@egg-view-ejs/config/config.local.js",
    "start": 1611306832638,
    "end": 1611306832639,
    "duration": 1,
    "pid": 15256,
    "index": 23
  },
  {
    "name": "Require(20) node_modules/_egg@2.29.1@egg/config/config.local.js",
    "start": 1611306832639,
    "end": 1611306832639,
    "duration": 0,
    "pid": 15256,
    "index": 24
  },
  {
    "name": "Load extend/application.js",
    "start": 1611306832640,
    "end": 1611306832655,
    "duration": 15,
    "pid": 15256,
    "index": 25
  },
  {
    "name": "Require(21) node_modules/_egg-session@3.2.0@egg-session/app/extend/application.js",
    "start": 1611306832641,
    "end": 1611306832641,
    "duration": 0,
    "pid": 15256,
    "index": 26
  },
  {
    "name": "Require(22) node_modules/_egg-security@2.8.0@egg-security/app/extend/application.js",
    "start": 1611306832641,
    "end": 1611306832643,
    "duration": 2,
    "pid": 15256,
    "index": 27
  },
  {
    "name": "Require(23) node_modules/_egg-jsonp@2.0.0@egg-jsonp/app/extend/application.js",
    "start": 1611306832643,
    "end": 1611306832645,
    "duration": 2,
    "pid": 15256,
    "index": 28
  },
  {
    "name": "Require(24) node_modules/_egg-logrotator@3.1.0@egg-logrotator/app/extend/application.js",
    "start": 1611306832646,
    "end": 1611306832650,
    "duration": 4,
    "pid": 15256,
    "index": 29
  },
  {
    "name": "Require(25) node_modules/_egg-view@2.1.3@egg-view/app/extend/application.js",
    "start": 1611306832650,
    "end": 1611306832652,
    "duration": 2,
    "pid": 15256,
    "index": 30
  },
  {
    "name": "Load extend/request.js",
    "start": 1611306832655,
    "end": 1611306832665,
    "duration": 10,
    "pid": 15256,
    "index": 31
  },
  {
    "name": "Require(26) node_modules/_egg@2.29.1@egg/app/extend/request.js",
    "start": 1611306832658,
    "end": 1611306832659,
    "duration": 1,
    "pid": 15256,
    "index": 32
  },
  {
    "name": "Load extend/response.js",
    "start": 1611306832665,
    "end": 1611306832673,
    "duration": 8,
    "pid": 15256,
    "index": 33
  },
  {
    "name": "Require(27) node_modules/_egg@2.29.1@egg/app/extend/response.js",
    "start": 1611306832668,
    "end": 1611306832670,
    "duration": 2,
    "pid": 15256,
    "index": 34
  },
  {
    "name": "Load extend/context.js",
    "start": 1611306832673,
    "end": 1611306832741,
    "duration": 68,
    "pid": 15256,
    "index": 35
  },
  {
    "name": "Require(28) node_modules/_egg-security@2.8.0@egg-security/app/extend/context.js",
    "start": 1611306832674,
    "end": 1611306832688,
    "duration": 14,
    "pid": 15256,
    "index": 36
  },
  {
    "name": "Require(29) node_modules/_egg-jsonp@2.0.0@egg-jsonp/app/extend/context.js",
    "start": 1611306832688,
    "end": 1611306832689,
    "duration": 1,
    "pid": 15256,
    "index": 37
  },
  {
    "name": "Require(30) node_modules/_egg-i18n@2.1.1@egg-i18n/app/extend/context.js",
    "start": 1611306832690,
    "end": 1611306832690,
    "duration": 0,
    "pid": 15256,
    "index": 38
  },
  {
    "name": "Require(31) node_modules/_egg-multipart@2.10.3@egg-multipart/app/extend/context.js",
    "start": 1611306832691,
    "end": 1611306832735,
    "duration": 44,
    "pid": 15256,
    "index": 39
  },
  {
    "name": "Require(32) node_modules/_egg-view@2.1.3@egg-view/app/extend/context.js",
    "start": 1611306832736,
    "end": 1611306832737,
    "duration": 1,
    "pid": 15256,
    "index": 40
  },
  {
    "name": "Require(33) node_modules/_egg@2.29.1@egg/app/extend/context.js",
    "start": 1611306832737,
    "end": 1611306832738,
    "duration": 1,
    "pid": 15256,
    "index": 41
  },
  {
    "name": "Load extend/helper.js",
    "start": 1611306832741,
    "end": 1611306832763,
    "duration": 22,
    "pid": 15256,
    "index": 42
  },
  {
    "name": "Require(34) node_modules/_egg-security@2.8.0@egg-security/app/extend/helper.js",
    "start": 1611306832742,
    "end": 1611306832758,
    "duration": 16,
    "pid": 15256,
    "index": 43
  },
  {
    "name": "Require(35) node_modules/_egg@2.29.1@egg/app/extend/helper.js",
    "start": 1611306832760,
    "end": 1611306832760,
    "duration": 0,
    "pid": 15256,
    "index": 44
  },
  {
    "name": "Load app.js",
    "start": 1611306832764,
    "end": 1611306832798,
    "duration": 34,
    "pid": 15256,
    "index": 45
  },
  {
    "name": "Require(36) node_modules/_egg-session@3.2.0@egg-session/app.js",
    "start": 1611306832764,
    "end": 1611306832764,
    "duration": 0,
    "pid": 15256,
    "index": 46
  },
  {
    "name": "Require(37) node_modules/_egg-security@2.8.0@egg-security/app.js",
    "start": 1611306832765,
    "end": 1611306832767,
    "duration": 2,
    "pid": 15256,
    "index": 47
  },
  {
    "name": "Require(38) node_modules/_egg-onerror@2.1.0@egg-onerror/app.js",
    "start": 1611306832768,
    "end": 1611306832778,
    "duration": 10,
    "pid": 15256,
    "index": 48
  },
  {
    "name": "Require(39) node_modules/_egg-i18n@2.1.1@egg-i18n/app.js",
    "start": 1611306832778,
    "end": 1611306832787,
    "duration": 9,
    "pid": 15256,
    "index": 49
  },
  {
    "name": "Require(40) node_modules/_egg-watcher@3.1.1@egg-watcher/app.js",
    "start": 1611306832788,
    "end": 1611306832791,
    "duration": 3,
    "pid": 15256,
    "index": 50
  },
  {
    "name": "Require(41) node_modules/_egg-schedule@3.6.6@egg-schedule/app.js",
    "start": 1611306832792,
    "end": 1611306832793,
    "duration": 1,
    "pid": 15256,
    "index": 51
  },
  {
    "name": "Require(42) node_modules/_egg-multipart@2.10.3@egg-multipart/app.js",
    "start": 1611306832794,
    "end": 1611306832794,
    "duration": 0,
    "pid": 15256,
    "index": 52
  },
  {
    "name": "Require(43) node_modules/_egg-development@2.7.0@egg-development/app.js",
    "start": 1611306832794,
    "end": 1611306832795,
    "duration": 1,
    "pid": 15256,
    "index": 53
  },
  {
    "name": "Require(44) node_modules/_egg-logrotator@3.1.0@egg-logrotator/app.js",
    "start": 1611306832795,
    "end": 1611306832795,
    "duration": 0,
    "pid": 15256,
    "index": 54
  },
  {
    "name": "Require(45) node_modules/_egg-static@2.2.0@egg-static/app.js",
    "start": 1611306832795,
    "end": 1611306832796,
    "duration": 1,
    "pid": 15256,
    "index": 55
  },
  {
    "name": "Require(46) node_modules/_egg-view-ejs@2.0.1@egg-view-ejs/app.js",
    "start": 1611306832796,
    "end": 1611306832797,
    "duration": 1,
    "pid": 15256,
    "index": 56
  },
  {
    "name": "Before Start in node_modules/_egg-watcher@3.1.1@egg-watcher/lib/init.js:15:14",
    "start": 1611306832807,
    "end": 1611306832986,
    "duration": 179,
    "pid": 15256,
    "index": 57
  },
  {
    "name": "Load Service",
    "start": 1611306832839,
    "end": 1611306832848,
    "duration": 9,
    "pid": 15256,
    "index": 58
  },
  {
    "name": "Load \"service\" to Context",
    "start": 1611306832839,
    "end": 1611306832848,
    "duration": 9,
    "pid": 15256,
    "index": 59
  },
  {
    "name": "Load Middleware",
    "start": 1611306832848,
    "end": 1611306832969,
    "duration": 121,
    "pid": 15256,
    "index": 60
  },
  {
    "name": "Load \"middlewares\" to Application",
    "start": 1611306832848,
    "end": 1611306832954,
    "duration": 106,
    "pid": 15256,
    "index": 61
  },
  {
    "name": "Load Controller",
    "start": 1611306832969,
    "end": 1611306832972,
    "duration": 3,
    "pid": 15256,
    "index": 62
  },
  {
    "name": "Load \"controller\" to Application",
    "start": 1611306832969,
    "end": 1611306832972,
    "duration": 3,
    "pid": 15256,
    "index": 63
  },
  {
    "name": "Load Router",
    "start": 1611306832972,
    "end": 1611306832974,
    "duration": 2,
    "pid": 15256,
    "index": 64
  },
  {
    "name": "Require(47) app/router.js",
    "start": 1611306832972,
    "end": 1611306832972,
    "duration": 0,
    "pid": 15256,
    "index": 65
  },
  {
    "name": "Before Start in node_modules/_egg-core@4.20.0@egg-core/lib/egg.js:303:10",
    "start": 1611306832972,
    "end": 1611306832979,
    "duration": 7,
    "pid": 15256,
    "index": 66
  }
]