[
  {
    "name": "Process Start",
    "start": 1611306688929,
    "end": 1611306690037,
    "duration": 1108,
    "pid": 17836,
    "index": 0
  },
  {
    "name": "Application Start",
    "start": 1611306690037,
    "end": 1611306690456,
    "duration": 419,
    "pid": 17836,
    "index": 1
  },
  {
    "name": "Load Plugin",
    "start": 1611306690041,
    "end": 1611306690063,
    "duration": 22,
    "pid": 17836,
    "index": 2
  },
  {
    "name": "Load Config",
    "start": 1611306690063,
    "end": 1611306690089,
    "duration": 26,
    "pid": 17836,
    "index": 3
  },
  {
    "name": "Require(0) config/config.default.js",
    "start": 1611306690064,
    "end": 1611306690064,
    "duration": 0,
    "pid": 17836,
    "index": 4
  },
  {
    "name": "Require(1) node_modules/_egg-session@3.2.0@egg-session/config/config.default.js",
    "start": 1611306690066,
    "end": 1611306690066,
    "duration": 0,
    "pid": 17836,
    "index": 5
  },
  {
    "name": "Require(2) node_modules/_egg-security@2.8.0@egg-security/config/config.default.js",
    "start": 1611306690067,
    "end": 1611306690068,
    "duration": 1,
    "pid": 17836,
    "index": 6
  },
  {
    "name": "Require(3) node_modules/_egg-jsonp@2.0.0@egg-jsonp/config/config.default.js",
    "start": 1611306690069,
    "end": 1611306690070,
    "duration": 1,
    "pid": 17836,
    "index": 7
  },
  {
    "name": "Require(4) node_modules/_egg-onerror@2.1.0@egg-onerror/config/config.default.js",
    "start": 1611306690070,
    "end": 1611306690071,
    "duration": 1,
    "pid": 17836,
    "index": 8
  },
  {
    "name": "Require(5) node_modules/_egg-i18n@2.1.1@egg-i18n/config/config.default.js",
    "start": 1611306690071,
    "end": 1611306690072,
    "duration": 1,
    "pid": 17836,
    "index": 9
  },
  {
    "name": "Require(6) node_modules/_egg-watcher@3.1.1@egg-watcher/config/config.default.js",
    "start": 1611306690073,
    "end": 1611306690073,
    "duration": 0,
    "pid": 17836,
    "index": 10
  },
  {
    "name": "Require(7) node_modules/_egg-schedule@3.6.6@egg-schedule/config/config.default.js",
    "start": 1611306690074,
    "end": 1611306690074,
    "duration": 0,
    "pid": 17836,
    "index": 11
  },
  {
    "name": "Require(8) node_modules/_egg-multipart@2.10.3@egg-multipart/config/config.default.js",
    "start": 1611306690075,
    "end": 1611306690075,
    "duration": 0,
    "pid": 17836,
    "index": 12
  },
  {
    "name": "Require(9) node_modules/_egg-development@2.7.0@egg-development/config/config.default.js",
    "start": 1611306690076,
    "end": 1611306690076,
    "duration": 0,
    "pid": 17836,
    "index": 13
  },
  {
    "name": "Require(10) node_modules/_egg-logrotator@3.1.0@egg-logrotator/config/config.default.js",
    "start": 1611306690077,
    "end": 1611306690077,
    "duration": 0,
    "pid": 17836,
    "index": 14
  },
  {
    "name": "Require(11) node_modules/_egg-static@2.2.0@egg-static/config/config.default.js",
    "start": 1611306690078,
    "end": 1611306690078,
    "duration": 0,
    "pid": 17836,
    "index": 15
  },
  {
    "name": "Require(12) node_modules/_egg-view@2.1.3@egg-view/config/config.default.js",
    "start": 1611306690079,
    "end": 1611306690079,
    "duration": 0,
    "pid": 17836,
    "index": 16
  },
  {
    "name": "Require(13) node_modules/_egg-view-ejs@2.0.1@egg-view-ejs/config/config.default.js",
    "start": 1611306690080,
    "end": 1611306690080,
    "duration": 0,
    "pid": 17836,
    "index": 17
  },
  {
    "name": "Require(14) node_modules/_egg@2.29.1@egg/config/config.default.js",
    "start": 1611306690081,
    "end": 1611306690081,
    "duration": 0,
    "pid": 17836,
    "index": 18
  },
  {
    "name": "Require(15) config/config.default.js",
    "start": 1611306690082,
    "end": 1611306690083,
    "duration": 1,
    "pid": 17836,
    "index": 19
  },
  {
    "name": "Require(16) node_modules/_egg-security@2.8.0@egg-security/config/config.local.js",
    "start": 1611306690083,
    "end": 1611306690084,
    "duration": 1,
    "pid": 17836,
    "index": 20
  },
  {
    "name": "Require(17) node_modules/_egg-watcher@3.1.1@egg-watcher/config/config.local.js",
    "start": 1611306690085,
    "end": 1611306690085,
    "duration": 0,
    "pid": 17836,
    "index": 21
  },
  {
    "name": "Require(18) node_modules/_egg-view@2.1.3@egg-view/config/config.local.js",
    "start": 1611306690087,
    "end": 1611306690088,
    "duration": 1,
    "pid": 17836,
    "index": 22
  },
  {
    "name": "Require(19) node_modules/_egg-view-ejs@2.0.1@egg-view-ejs/config/config.local.js",
    "start": 1611306690088,
    "end": 1611306690088,
    "duration": 0,
    "pid": 17836,
    "index": 23
  },
  {
    "name": "Require(20) node_modules/_egg@2.29.1@egg/config/config.local.js",
    "start": 1611306690089,
    "end": 1611306690089,
    "duration": 0,
    "pid": 17836,
    "index": 24
  },
  {
    "name": "Load extend/application.js",
    "start": 1611306690090,
    "end": 1611306690107,
    "duration": 17,
    "pid": 17836,
    "index": 25
  },
  {
    "name": "Require(21) node_modules/_egg-session@3.2.0@egg-session/app/extend/application.js",
    "start": 1611306690091,
    "end": 1611306690091,
    "duration": 0,
    "pid": 17836,
    "index": 26
  },
  {
    "name": "Require(22) node_modules/_egg-security@2.8.0@egg-security/app/extend/application.js",
    "start": 1611306690092,
    "end": 1611306690093,
    "duration": 1,
    "pid": 17836,
    "index": 27
  },
  {
    "name": "Require(23) node_modules/_egg-jsonp@2.0.0@egg-jsonp/app/extend/application.js",
    "start": 1611306690094,
    "end": 1611306690096,
    "duration": 2,
    "pid": 17836,
    "index": 28
  },
  {
    "name": "Require(24) node_modules/_egg-logrotator@3.1.0@egg-logrotator/app/extend/application.js",
    "start": 1611306690098,
    "end": 1611306690101,
    "duration": 3,
    "pid": 17836,
    "index": 29
  },
  {
    "name": "Require(25) node_modules/_egg-view@2.1.3@egg-view/app/extend/application.js",
    "start": 1611306690102,
    "end": 1611306690104,
    "duration": 2,
    "pid": 17836,
    "index": 30
  },
  {
    "name": "Load extend/request.js",
    "start": 1611306690107,
    "end": 1611306690114,
    "duration": 7,
    "pid": 17836,
    "index": 31
  },
  {
    "name": "Require(26) node_modules/_egg@2.29.1@egg/app/extend/request.js",
    "start": 1611306690110,
    "end": 1611306690111,
    "duration": 1,
    "pid": 17836,
    "index": 32
  },
  {
    "name": "Load extend/response.js",
    "start": 1611306690114,
    "end": 1611306690126,
    "duration": 12,
    "pid": 17836,
    "index": 33
  },
  {
    "name": "Require(27) node_modules/_egg@2.29.1@egg/app/extend/response.js",
    "start": 1611306690120,
    "end": 1611306690123,
    "duration": 3,
    "pid": 17836,
    "index": 34
  },
  {
    "name": "Load extend/context.js",
    "start": 1611306690126,
    "end": 1611306690206,
    "duration": 80,
    "pid": 17836,
    "index": 35
  },
  {
    "name": "Require(28) node_modules/_egg-security@2.8.0@egg-security/app/extend/context.js",
    "start": 1611306690126,
    "end": 1611306690141,
    "duration": 15,
    "pid": 17836,
    "index": 36
  },
  {
    "name": "Require(29) node_modules/_egg-jsonp@2.0.0@egg-jsonp/app/extend/context.js",
    "start": 1611306690142,
    "end": 1611306690143,
    "duration": 1,
    "pid": 17836,
    "index": 37
  },
  {
    "name": "Require(30) node_modules/_egg-i18n@2.1.1@egg-i18n/app/extend/context.js",
    "start": 1611306690144,
    "end": 1611306690144,
    "duration": 0,
    "pid": 17836,
    "index": 38
  },
  {
    "name": "Require(31) node_modules/_egg-multipart@2.10.3@egg-multipart/app/extend/context.js",
    "start": 1611306690145,
    "end": 1611306690199,
    "duration": 54,
    "pid": 17836,
    "index": 39
  },
  {
    "name": "Require(32) node_modules/_egg-view@2.1.3@egg-view/app/extend/context.js",
    "start": 1611306690200,
    "end": 1611306690201,
    "duration": 1,
    "pid": 17836,
    "index": 40
  },
  {
    "name": "Require(33) node_modules/_egg@2.29.1@egg/app/extend/context.js",
    "start": 1611306690202,
    "end": 1611306690203,
    "duration": 1,
    "pid": 17836,
    "index": 41
  },
  {
    "name": "Load extend/helper.js",
    "start": 1611306690206,
    "end": 1611306690228,
    "duration": 22,
    "pid": 17836,
    "index": 42
  },
  {
    "name": "Require(34) node_modules/_egg-security@2.8.0@egg-security/app/extend/helper.js",
    "start": 1611306690206,
    "end": 1611306690222,
    "duration": 16,
    "pid": 17836,
    "index": 43
  },
  {
    "name": "Require(35) node_modules/_egg@2.29.1@egg/app/extend/helper.js",
    "start": 1611306690224,
    "end": 1611306690225,
    "duration": 1,
    "pid": 17836,
    "index": 44
  },
  {
    "name": "Load app.js",
    "start": 1611306690228,
    "end": 1611306690261,
    "duration": 33,
    "pid": 17836,
    "index": 45
  },
  {
    "name": "Require(36) node_modules/_egg-session@3.2.0@egg-session/app.js",
    "start": 1611306690228,
    "end": 1611306690228,
    "duration": 0,
    "pid": 17836,
    "index": 46
  },
  {
    "name": "Require(37) node_modules/_egg-security@2.8.0@egg-security/app.js",
    "start": 1611306690229,
    "end": 1611306690231,
    "duration": 2,
    "pid": 17836,
    "index": 47
  },
  {
    "name": "Require(38) node_modules/_egg-onerror@2.1.0@egg-onerror/app.js",
    "start": 1611306690231,
    "end": 1611306690242,
    "duration": 11,
    "pid": 17836,
    "index": 48
  },
  {
    "name": "Require(39) node_modules/_egg-i18n@2.1.1@egg-i18n/app.js",
    "start": 1611306690243,
    "end": 1611306690251,
    "duration": 8,
    "pid": 17836,
    "index": 49
  },
  {
    "name": "Require(40) node_modules/_egg-watcher@3.1.1@egg-watcher/app.js",
    "start": 1611306690251,
    "end": 1611306690255,
    "duration": 4,
    "pid": 17836,
    "index": 50
  },
  {
    "name": "Require(41) node_modules/_egg-schedule@3.6.6@egg-schedule/app.js",
    "start": 1611306690255,
    "end": 1611306690257,
    "duration": 2,
    "pid": 17836,
    "index": 51
  },
  {
    "name": "Require(42) node_modules/_egg-multipart@2.10.3@egg-multipart/app.js",
    "start": 1611306690257,
    "end": 1611306690258,
    "duration": 1,
    "pid": 17836,
    "index": 52
  },
  {
    "name": "Require(43) node_modules/_egg-development@2.7.0@egg-development/app.js",
    "start": 1611306690258,
    "end": 1611306690258,
    "duration": 0,
    "pid": 17836,
    "index": 53
  },
  {
    "name": "Require(44) node_modules/_egg-logrotator@3.1.0@egg-logrotator/app.js",
    "start": 1611306690259,
    "end": 1611306690259,
    "duration": 0,
    "pid": 17836,
    "index": 54
  },
  {
    "name": "Require(45) node_modules/_egg-static@2.2.0@egg-static/app.js",
    "start": 1611306690259,
    "end": 1611306690259,
    "duration": 0,
    "pid": 17836,
    "index": 55
  },
  {
    "name": "Require(46) node_modules/_egg-view-ejs@2.0.1@egg-view-ejs/app.js",
    "start": 1611306690260,
    "end": 1611306690260,
    "duration": 0,
    "pid": 17836,
    "index": 56
  },
  {
    "name": "Before Start in node_modules/_egg-watcher@3.1.1@egg-watcher/lib/init.js:15:14",
    "start": 1611306690269,
    "end": 1611306690455,
    "duration": 186,
    "pid": 17836,
    "index": 57
  },
  {
    "name": "Load Service",
    "start": 1611306690302,
    "end": 1611306690309,
    "duration": 7,
    "pid": 17836,
    "index": 58
  },
  {
    "name": "Load \"service\" to Context",
    "start": 1611306690302,
    "end": 1611306690309,
    "duration": 7,
    "pid": 17836,
    "index": 59
  },
  {
    "name": "Load Middleware",
    "start": 1611306690309,
    "end": 1611306690436,
    "duration": 127,
    "pid": 17836,
    "index": 60
  },
  {
    "name": "Load \"middlewares\" to Application",
    "start": 1611306690309,
    "end": 1611306690421,
    "duration": 112,
    "pid": 17836,
    "index": 61
  },
  {
    "name": "Load Controller",
    "start": 1611306690436,
    "end": 1611306690438,
    "duration": 2,
    "pid": 17836,
    "index": 62
  },
  {
    "name": "Load \"controller\" to Application",
    "start": 1611306690436,
    "end": 1611306690438,
    "duration": 2,
    "pid": 17836,
    "index": 63
  },
  {
    "name": "Load Router",
    "start": 1611306690438,
    "end": 1611306690440,
    "duration": 2,
    "pid": 17836,
    "index": 64
  },
  {
    "name": "Require(47) app/router.js",
    "start": 1611306690439,
    "end": 1611306690439,
    "duration": 0,
    "pid": 17836,
    "index": 65
  },
  {
    "name": "Before Start in node_modules/_egg-core@4.20.0@egg-core/lib/egg.js:303:10",
    "start": 1611306690439,
    "end": 1611306690446,
    "duration": 7,
    "pid": 17836,
    "index": 66
  }
]