[
  {
    "name": "Process Start",
    "start": 1611388862898,
    "end": 1611388864203,
    "duration": 1305,
    "pid": 10044,
    "index": 0
  },
  {
    "name": "Application Start",
    "start": 1611388864204,
    "end": 1611388864620,
    "duration": 416,
    "pid": 10044,
    "index": 1
  },
  {
    "name": "Load Plugin",
    "start": 1611388864209,
    "end": 1611388864230,
    "duration": 21,
    "pid": 10044,
    "index": 2
  },
  {
    "name": "Load Config",
    "start": 1611388864230,
    "end": 1611388864249,
    "duration": 19,
    "pid": 10044,
    "index": 3
  },
  {
    "name": "Require(0) config/config.default.js",
    "start": 1611388864230,
    "end": 1611388864231,
    "duration": 1,
    "pid": 10044,
    "index": 4
  },
  {
    "name": "Require(1) node_modules/_egg-session@3.2.0@egg-session/config/config.default.js",
    "start": 1611388864232,
    "end": 1611388864232,
    "duration": 0,
    "pid": 10044,
    "index": 5
  },
  {
    "name": "Require(2) node_modules/_egg-security@2.8.0@egg-security/config/config.default.js",
    "start": 1611388864233,
    "end": 1611388864233,
    "duration": 0,
    "pid": 10044,
    "index": 6
  },
  {
    "name": "Require(3) node_modules/_egg-jsonp@2.0.0@egg-jsonp/config/config.default.js",
    "start": 1611388864234,
    "end": 1611388864234,
    "duration": 0,
    "pid": 10044,
    "index": 7
  },
  {
    "name": "Require(4) node_modules/_egg-onerror@2.1.0@egg-onerror/config/config.default.js",
    "start": 1611388864235,
    "end": 1611388864235,
    "duration": 0,
    "pid": 10044,
    "index": 8
  },
  {
    "name": "Require(5) node_modules/_egg-i18n@2.1.1@egg-i18n/config/config.default.js",
    "start": 1611388864236,
    "end": 1611388864236,
    "duration": 0,
    "pid": 10044,
    "index": 9
  },
  {
    "name": "Require(6) node_modules/_egg-watcher@3.1.1@egg-watcher/config/config.default.js",
    "start": 1611388864236,
    "end": 1611388864237,
    "duration": 1,
    "pid": 10044,
    "index": 10
  },
  {
    "name": "Require(7) node_modules/_egg-schedule@3.6.6@egg-schedule/config/config.default.js",
    "start": 1611388864237,
    "end": 1611388864237,
    "duration": 0,
    "pid": 10044,
    "index": 11
  },
  {
    "name": "Require(8) node_modules/_egg-multipart@2.10.3@egg-multipart/config/config.default.js",
    "start": 1611388864238,
    "end": 1611388864238,
    "duration": 0,
    "pid": 10044,
    "index": 12
  },
  {
    "name": "Require(9) node_modules/_egg-development@2.7.0@egg-development/config/config.default.js",
    "start": 1611388864239,
    "end": 1611388864239,
    "duration": 0,
    "pid": 10044,
    "index": 13
  },
  {
    "name": "Require(10) node_modules/_egg-logrotator@3.1.0@egg-logrotator/config/config.default.js",
    "start": 1611388864240,
    "end": 1611388864240,
    "duration": 0,
    "pid": 10044,
    "index": 14
  },
  {
    "name": "Require(11) node_modules/_egg-static@2.2.0@egg-static/config/config.default.js",
    "start": 1611388864241,
    "end": 1611388864241,
    "duration": 0,
    "pid": 10044,
    "index": 15
  },
  {
    "name": "Require(12) node_modules/_egg-view@2.1.3@egg-view/config/config.default.js",
    "start": 1611388864242,
    "end": 1611388864242,
    "duration": 0,
    "pid": 10044,
    "index": 16
  },
  {
    "name": "Require(13) node_modules/_egg-view-ejs@2.0.1@egg-view-ejs/config/config.default.js",
    "start": 1611388864243,
    "end": 1611388864243,
    "duration": 0,
    "pid": 10044,
    "index": 17
  },
  {
    "name": "Require(14) node_modules/_egg@2.29.1@egg/config/config.default.js",
    "start": 1611388864243,
    "end": 1611388864244,
    "duration": 1,
    "pid": 10044,
    "index": 18
  },
  {
    "name": "Require(15) config/config.default.js",
    "start": 1611388864245,
    "end": 1611388864245,
    "duration": 0,
    "pid": 10044,
    "index": 19
  },
  {
    "name": "Require(16) node_modules/_egg-security@2.8.0@egg-security/config/config.local.js",
    "start": 1611388864245,
    "end": 1611388864245,
    "duration": 0,
    "pid": 10044,
    "index": 20
  },
  {
    "name": "Require(17) node_modules/_egg-watcher@3.1.1@egg-watcher/config/config.local.js",
    "start": 1611388864246,
    "end": 1611388864247,
    "duration": 1,
    "pid": 10044,
    "index": 21
  },
  {
    "name": "Require(18) node_modules/_egg-view@2.1.3@egg-view/config/config.local.js",
    "start": 1611388864248,
    "end": 1611388864248,
    "duration": 0,
    "pid": 10044,
    "index": 22
  },
  {
    "name": "Require(19) node_modules/_egg-view-ejs@2.0.1@egg-view-ejs/config/config.local.js",
    "start": 1611388864248,
    "end": 1611388864249,
    "duration": 1,
    "pid": 10044,
    "index": 23
  },
  {
    "name": "Require(20) node_modules/_egg@2.29.1@egg/config/config.local.js",
    "start": 1611388864249,
    "end": 1611388864249,
    "duration": 0,
    "pid": 10044,
    "index": 24
  },
  {
    "name": "Load extend/application.js",
    "start": 1611388864250,
    "end": 1611388864264,
    "duration": 14,
    "pid": 10044,
    "index": 25
  },
  {
    "name": "Require(21) node_modules/_egg-session@3.2.0@egg-session/app/extend/application.js",
    "start": 1611388864251,
    "end": 1611388864251,
    "duration": 0,
    "pid": 10044,
    "index": 26
  },
  {
    "name": "Require(22) node_modules/_egg-security@2.8.0@egg-security/app/extend/application.js",
    "start": 1611388864252,
    "end": 1611388864253,
    "duration": 1,
    "pid": 10044,
    "index": 27
  },
  {
    "name": "Require(23) node_modules/_egg-jsonp@2.0.0@egg-jsonp/app/extend/application.js",
    "start": 1611388864253,
    "end": 1611388864255,
    "duration": 2,
    "pid": 10044,
    "index": 28
  },
  {
    "name": "Require(24) node_modules/_egg-logrotator@3.1.0@egg-logrotator/app/extend/application.js",
    "start": 1611388864256,
    "end": 1611388864259,
    "duration": 3,
    "pid": 10044,
    "index": 29
  },
  {
    "name": "Require(25) node_modules/_egg-view@2.1.3@egg-view/app/extend/application.js",
    "start": 1611388864259,
    "end": 1611388864261,
    "duration": 2,
    "pid": 10044,
    "index": 30
  },
  {
    "name": "Load extend/request.js",
    "start": 1611388864264,
    "end": 1611388864271,
    "duration": 7,
    "pid": 10044,
    "index": 31
  },
  {
    "name": "Require(26) node_modules/_egg@2.29.1@egg/app/extend/request.js",
    "start": 1611388864267,
    "end": 1611388864268,
    "duration": 1,
    "pid": 10044,
    "index": 32
  },
  {
    "name": "Load extend/response.js",
    "start": 1611388864271,
    "end": 1611388864284,
    "duration": 13,
    "pid": 10044,
    "index": 33
  },
  {
    "name": "Require(27) node_modules/_egg@2.29.1@egg/app/extend/response.js",
    "start": 1611388864276,
    "end": 1611388864279,
    "duration": 3,
    "pid": 10044,
    "index": 34
  },
  {
    "name": "Load extend/context.js",
    "start": 1611388864284,
    "end": 1611388864363,
    "duration": 79,
    "pid": 10044,
    "index": 35
  },
  {
    "name": "Require(28) node_modules/_egg-security@2.8.0@egg-security/app/extend/context.js",
    "start": 1611388864286,
    "end": 1611388864311,
    "duration": 25,
    "pid": 10044,
    "index": 36
  },
  {
    "name": "Require(29) node_modules/_egg-jsonp@2.0.0@egg-jsonp/app/extend/context.js",
    "start": 1611388864311,
    "end": 1611388864313,
    "duration": 2,
    "pid": 10044,
    "index": 37
  },
  {
    "name": "Require(30) node_modules/_egg-i18n@2.1.1@egg-i18n/app/extend/context.js",
    "start": 1611388864313,
    "end": 1611388864314,
    "duration": 1,
    "pid": 10044,
    "index": 38
  },
  {
    "name": "Require(31) node_modules/_egg-multipart@2.10.3@egg-multipart/app/extend/context.js",
    "start": 1611388864315,
    "end": 1611388864357,
    "duration": 42,
    "pid": 10044,
    "index": 39
  },
  {
    "name": "Require(32) node_modules/_egg-view@2.1.3@egg-view/app/extend/context.js",
    "start": 1611388864358,
    "end": 1611388864359,
    "duration": 1,
    "pid": 10044,
    "index": 40
  },
  {
    "name": "Require(33) node_modules/_egg@2.29.1@egg/app/extend/context.js",
    "start": 1611388864359,
    "end": 1611388864361,
    "duration": 2,
    "pid": 10044,
    "index": 41
  },
  {
    "name": "Load extend/helper.js",
    "start": 1611388864363,
    "end": 1611388864384,
    "duration": 21,
    "pid": 10044,
    "index": 42
  },
  {
    "name": "Require(34) node_modules/_egg-security@2.8.0@egg-security/app/extend/helper.js",
    "start": 1611388864364,
    "end": 1611388864379,
    "duration": 15,
    "pid": 10044,
    "index": 43
  },
  {
    "name": "Require(35) node_modules/_egg@2.29.1@egg/app/extend/helper.js",
    "start": 1611388864381,
    "end": 1611388864382,
    "duration": 1,
    "pid": 10044,
    "index": 44
  },
  {
    "name": "Load app.js",
    "start": 1611388864384,
    "end": 1611388864417,
    "duration": 33,
    "pid": 10044,
    "index": 45
  },
  {
    "name": "Require(36) node_modules/_egg-session@3.2.0@egg-session/app.js",
    "start": 1611388864385,
    "end": 1611388864385,
    "duration": 0,
    "pid": 10044,
    "index": 46
  },
  {
    "name": "Require(37) node_modules/_egg-security@2.8.0@egg-security/app.js",
    "start": 1611388864385,
    "end": 1611388864387,
    "duration": 2,
    "pid": 10044,
    "index": 47
  },
  {
    "name": "Require(38) node_modules/_egg-onerror@2.1.0@egg-onerror/app.js",
    "start": 1611388864388,
    "end": 1611388864397,
    "duration": 9,
    "pid": 10044,
    "index": 48
  },
  {
    "name": "Require(39) node_modules/_egg-i18n@2.1.1@egg-i18n/app.js",
    "start": 1611388864398,
    "end": 1611388864405,
    "duration": 7,
    "pid": 10044,
    "index": 49
  },
  {
    "name": "Require(40) node_modules/_egg-watcher@3.1.1@egg-watcher/app.js",
    "start": 1611388864406,
    "end": 1611388864410,
    "duration": 4,
    "pid": 10044,
    "index": 50
  },
  {
    "name": "Require(41) node_modules/_egg-schedule@3.6.6@egg-schedule/app.js",
    "start": 1611388864410,
    "end": 1611388864413,
    "duration": 3,
    "pid": 10044,
    "index": 51
  },
  {
    "name": "Require(42) node_modules/_egg-multipart@2.10.3@egg-multipart/app.js",
    "start": 1611388864413,
    "end": 1611388864413,
    "duration": 0,
    "pid": 10044,
    "index": 52
  },
  {
    "name": "Require(43) node_modules/_egg-development@2.7.0@egg-development/app.js",
    "start": 1611388864414,
    "end": 1611388864414,
    "duration": 0,
    "pid": 10044,
    "index": 53
  },
  {
    "name": "Require(44) node_modules/_egg-logrotator@3.1.0@egg-logrotator/app.js",
    "start": 1611388864414,
    "end": 1611388864414,
    "duration": 0,
    "pid": 10044,
    "index": 54
  },
  {
    "name": "Require(45) node_modules/_egg-static@2.2.0@egg-static/app.js",
    "start": 1611388864415,
    "end": 1611388864415,
    "duration": 0,
    "pid": 10044,
    "index": 55
  },
  {
    "name": "Require(46) node_modules/_egg-view-ejs@2.0.1@egg-view-ejs/app.js",
    "start": 1611388864416,
    "end": 1611388864416,
    "duration": 0,
    "pid": 10044,
    "index": 56
  },
  {
    "name": "Before Start in node_modules/_egg-watcher@3.1.1@egg-watcher/lib/init.js:15:14",
    "start": 1611388864425,
    "end": 1611388864620,
    "duration": 195,
    "pid": 10044,
    "index": 57
  },
  {
    "name": "Load Service",
    "start": 1611388864456,
    "end": 1611388864461,
    "duration": 5,
    "pid": 10044,
    "index": 58
  },
  {
    "name": "Load \"service\" to Context",
    "start": 1611388864456,
    "end": 1611388864461,
    "duration": 5,
    "pid": 10044,
    "index": 59
  },
  {
    "name": "Load Middleware",
    "start": 1611388864461,
    "end": 1611388864596,
    "duration": 135,
    "pid": 10044,
    "index": 60
  },
  {
    "name": "Load \"middlewares\" to Application",
    "start": 1611388864461,
    "end": 1611388864581,
    "duration": 120,
    "pid": 10044,
    "index": 61
  },
  {
    "name": "Load Controller",
    "start": 1611388864596,
    "end": 1611388864603,
    "duration": 7,
    "pid": 10044,
    "index": 62
  },
  {
    "name": "Load \"controller\" to Application",
    "start": 1611388864596,
    "end": 1611388864603,
    "duration": 7,
    "pid": 10044,
    "index": 63
  },
  {
    "name": "Load Router",
    "start": 1611388864603,
    "end": 1611388864607,
    "duration": 4,
    "pid": 10044,
    "index": 64
  },
  {
    "name": "Require(47) app/router.js",
    "start": 1611388864604,
    "end": 1611388864604,
    "duration": 0,
    "pid": 10044,
    "index": 65
  },
  {
    "name": "Before Start in node_modules/_egg-core@4.20.0@egg-core/lib/egg.js:303:10",
    "start": 1611388864605,
    "end": 1611388864614,
    "duration": 9,
    "pid": 10044,
    "index": 66
  }
]