[
  {
    "name": "Process Start",
    "start": 1611388811541,
    "end": 1611388812644,
    "duration": 1103,
    "pid": 1564,
    "index": 0
  },
  {
    "name": "Application Start",
    "start": 1611388812644,
    "end": 1611388813114,
    "duration": 470,
    "pid": 1564,
    "index": 1
  },
  {
    "name": "Load Plugin",
    "start": 1611388812648,
    "end": 1611388812668,
    "duration": 20,
    "pid": 1564,
    "index": 2
  },
  {
    "name": "Load Config",
    "start": 1611388812668,
    "end": 1611388812690,
    "duration": 22,
    "pid": 1564,
    "index": 3
  },
  {
    "name": "Require(0) config/config.default.js",
    "start": 1611388812669,
    "end": 1611388812669,
    "duration": 0,
    "pid": 1564,
    "index": 4
  },
  {
    "name": "Require(1) node_modules/_egg-session@3.2.0@egg-session/config/config.default.js",
    "start": 1611388812670,
    "end": 1611388812671,
    "duration": 1,
    "pid": 1564,
    "index": 5
  },
  {
    "name": "Require(2) node_modules/_egg-security@2.8.0@egg-security/config/config.default.js",
    "start": 1611388812671,
    "end": 1611388812671,
    "duration": 0,
    "pid": 1564,
    "index": 6
  },
  {
    "name": "Require(3) node_modules/_egg-jsonp@2.0.0@egg-jsonp/config/config.default.js",
    "start": 1611388812672,
    "end": 1611388812673,
    "duration": 1,
    "pid": 1564,
    "index": 7
  },
  {
    "name": "Require(4) node_modules/_egg-onerror@2.1.0@egg-onerror/config/config.default.js",
    "start": 1611388812673,
    "end": 1611388812674,
    "duration": 1,
    "pid": 1564,
    "index": 8
  },
  {
    "name": "Require(5) node_modules/_egg-i18n@2.1.1@egg-i18n/config/config.default.js",
    "start": 1611388812674,
    "end": 1611388812675,
    "duration": 1,
    "pid": 1564,
    "index": 9
  },
  {
    "name": "Require(6) node_modules/_egg-watcher@3.1.1@egg-watcher/config/config.default.js",
    "start": 1611388812675,
    "end": 1611388812676,
    "duration": 1,
    "pid": 1564,
    "index": 10
  },
  {
    "name": "Require(7) node_modules/_egg-schedule@3.6.6@egg-schedule/config/config.default.js",
    "start": 1611388812676,
    "end": 1611388812677,
    "duration": 1,
    "pid": 1564,
    "index": 11
  },
  {
    "name": "Require(8) node_modules/_egg-multipart@2.10.3@egg-multipart/config/config.default.js",
    "start": 1611388812677,
    "end": 1611388812678,
    "duration": 1,
    "pid": 1564,
    "index": 12
  },
  {
    "name": "Require(9) node_modules/_egg-development@2.7.0@egg-development/config/config.default.js",
    "start": 1611388812678,
    "end": 1611388812679,
    "duration": 1,
    "pid": 1564,
    "index": 13
  },
  {
    "name": "Require(10) node_modules/_egg-logrotator@3.1.0@egg-logrotator/config/config.default.js",
    "start": 1611388812679,
    "end": 1611388812680,
    "duration": 1,
    "pid": 1564,
    "index": 14
  },
  {
    "name": "Require(11) node_modules/_egg-static@2.2.0@egg-static/config/config.default.js",
    "start": 1611388812680,
    "end": 1611388812681,
    "duration": 1,
    "pid": 1564,
    "index": 15
  },
  {
    "name": "Require(12) node_modules/_egg-view@2.1.3@egg-view/config/config.default.js",
    "start": 1611388812681,
    "end": 1611388812682,
    "duration": 1,
    "pid": 1564,
    "index": 16
  },
  {
    "name": "Require(13) node_modules/_egg-view-ejs@2.0.1@egg-view-ejs/config/config.default.js",
    "start": 1611388812682,
    "end": 1611388812683,
    "duration": 1,
    "pid": 1564,
    "index": 17
  },
  {
    "name": "Require(14) node_modules/_egg@2.29.1@egg/config/config.default.js",
    "start": 1611388812683,
    "end": 1611388812684,
    "duration": 1,
    "pid": 1564,
    "index": 18
  },
  {
    "name": "Require(15) config/config.default.js",
    "start": 1611388812685,
    "end": 1611388812685,
    "duration": 0,
    "pid": 1564,
    "index": 19
  },
  {
    "name": "Require(16) node_modules/_egg-security@2.8.0@egg-security/config/config.local.js",
    "start": 1611388812686,
    "end": 1611388812686,
    "duration": 0,
    "pid": 1564,
    "index": 20
  },
  {
    "name": "Require(17) node_modules/_egg-watcher@3.1.1@egg-watcher/config/config.local.js",
    "start": 1611388812687,
    "end": 1611388812687,
    "duration": 0,
    "pid": 1564,
    "index": 21
  },
  {
    "name": "Require(18) node_modules/_egg-view@2.1.3@egg-view/config/config.local.js",
    "start": 1611388812689,
    "end": 1611388812689,
    "duration": 0,
    "pid": 1564,
    "index": 22
  },
  {
    "name": "Require(19) node_modules/_egg-view-ejs@2.0.1@egg-view-ejs/config/config.local.js",
    "start": 1611388812689,
    "end": 1611388812690,
    "duration": 1,
    "pid": 1564,
    "index": 23
  },
  {
    "name": "Require(20) node_modules/_egg@2.29.1@egg/config/config.local.js",
    "start": 1611388812690,
    "end": 1611388812690,
    "duration": 0,
    "pid": 1564,
    "index": 24
  },
  {
    "name": "Load extend/application.js",
    "start": 1611388812691,
    "end": 1611388812708,
    "duration": 17,
    "pid": 1564,
    "index": 25
  },
  {
    "name": "Require(21) node_modules/_egg-session@3.2.0@egg-session/app/extend/application.js",
    "start": 1611388812692,
    "end": 1611388812692,
    "duration": 0,
    "pid": 1564,
    "index": 26
  },
  {
    "name": "Require(22) node_modules/_egg-security@2.8.0@egg-security/app/extend/application.js",
    "start": 1611388812693,
    "end": 1611388812694,
    "duration": 1,
    "pid": 1564,
    "index": 27
  },
  {
    "name": "Require(23) node_modules/_egg-jsonp@2.0.0@egg-jsonp/app/extend/application.js",
    "start": 1611388812694,
    "end": 1611388812696,
    "duration": 2,
    "pid": 1564,
    "index": 28
  },
  {
    "name": "Require(24) node_modules/_egg-logrotator@3.1.0@egg-logrotator/app/extend/application.js",
    "start": 1611388812698,
    "end": 1611388812702,
    "duration": 4,
    "pid": 1564,
    "index": 29
  },
  {
    "name": "Require(25) node_modules/_egg-view@2.1.3@egg-view/app/extend/application.js",
    "start": 1611388812702,
    "end": 1611388812705,
    "duration": 3,
    "pid": 1564,
    "index": 30
  },
  {
    "name": "Load extend/request.js",
    "start": 1611388812708,
    "end": 1611388812716,
    "duration": 8,
    "pid": 1564,
    "index": 31
  },
  {
    "name": "Require(26) node_modules/_egg@2.29.1@egg/app/extend/request.js",
    "start": 1611388812711,
    "end": 1611388812713,
    "duration": 2,
    "pid": 1564,
    "index": 32
  },
  {
    "name": "Load extend/response.js",
    "start": 1611388812716,
    "end": 1611388812730,
    "duration": 14,
    "pid": 1564,
    "index": 33
  },
  {
    "name": "Require(27) node_modules/_egg@2.29.1@egg/app/extend/response.js",
    "start": 1611388812722,
    "end": 1611388812725,
    "duration": 3,
    "pid": 1564,
    "index": 34
  },
  {
    "name": "Load extend/context.js",
    "start": 1611388812730,
    "end": 1611388812812,
    "duration": 82,
    "pid": 1564,
    "index": 35
  },
  {
    "name": "Require(28) node_modules/_egg-security@2.8.0@egg-security/app/extend/context.js",
    "start": 1611388812730,
    "end": 1611388812747,
    "duration": 17,
    "pid": 1564,
    "index": 36
  },
  {
    "name": "Require(29) node_modules/_egg-jsonp@2.0.0@egg-jsonp/app/extend/context.js",
    "start": 1611388812747,
    "end": 1611388812749,
    "duration": 2,
    "pid": 1564,
    "index": 37
  },
  {
    "name": "Require(30) node_modules/_egg-i18n@2.1.1@egg-i18n/app/extend/context.js",
    "start": 1611388812750,
    "end": 1611388812750,
    "duration": 0,
    "pid": 1564,
    "index": 38
  },
  {
    "name": "Require(31) node_modules/_egg-multipart@2.10.3@egg-multipart/app/extend/context.js",
    "start": 1611388812751,
    "end": 1611388812805,
    "duration": 54,
    "pid": 1564,
    "index": 39
  },
  {
    "name": "Require(32) node_modules/_egg-view@2.1.3@egg-view/app/extend/context.js",
    "start": 1611388812806,
    "end": 1611388812807,
    "duration": 1,
    "pid": 1564,
    "index": 40
  },
  {
    "name": "Require(33) node_modules/_egg@2.29.1@egg/app/extend/context.js",
    "start": 1611388812807,
    "end": 1611388812809,
    "duration": 2,
    "pid": 1564,
    "index": 41
  },
  {
    "name": "Load extend/helper.js",
    "start": 1611388812812,
    "end": 1611388812838,
    "duration": 26,
    "pid": 1564,
    "index": 42
  },
  {
    "name": "Require(34) node_modules/_egg-security@2.8.0@egg-security/app/extend/helper.js",
    "start": 1611388812813,
    "end": 1611388812831,
    "duration": 18,
    "pid": 1564,
    "index": 43
  },
  {
    "name": "Require(35) node_modules/_egg@2.29.1@egg/app/extend/helper.js",
    "start": 1611388812834,
    "end": 1611388812835,
    "duration": 1,
    "pid": 1564,
    "index": 44
  },
  {
    "name": "Load app.js",
    "start": 1611388812838,
    "end": 1611388812875,
    "duration": 37,
    "pid": 1564,
    "index": 45
  },
  {
    "name": "Require(36) node_modules/_egg-session@3.2.0@egg-session/app.js",
    "start": 1611388812838,
    "end": 1611388812839,
    "duration": 1,
    "pid": 1564,
    "index": 46
  },
  {
    "name": "Require(37) node_modules/_egg-security@2.8.0@egg-security/app.js",
    "start": 1611388812839,
    "end": 1611388812841,
    "duration": 2,
    "pid": 1564,
    "index": 47
  },
  {
    "name": "Require(38) node_modules/_egg-onerror@2.1.0@egg-onerror/app.js",
    "start": 1611388812842,
    "end": 1611388812854,
    "duration": 12,
    "pid": 1564,
    "index": 48
  },
  {
    "name": "Require(39) node_modules/_egg-i18n@2.1.1@egg-i18n/app.js",
    "start": 1611388812854,
    "end": 1611388812862,
    "duration": 8,
    "pid": 1564,
    "index": 49
  },
  {
    "name": "Require(40) node_modules/_egg-watcher@3.1.1@egg-watcher/app.js",
    "start": 1611388812863,
    "end": 1611388812867,
    "duration": 4,
    "pid": 1564,
    "index": 50
  },
  {
    "name": "Require(41) node_modules/_egg-schedule@3.6.6@egg-schedule/app.js",
    "start": 1611388812868,
    "end": 1611388812870,
    "duration": 2,
    "pid": 1564,
    "index": 51
  },
  {
    "name": "Require(42) node_modules/_egg-multipart@2.10.3@egg-multipart/app.js",
    "start": 1611388812870,
    "end": 1611388812871,
    "duration": 1,
    "pid": 1564,
    "index": 52
  },
  {
    "name": "Require(43) node_modules/_egg-development@2.7.0@egg-development/app.js",
    "start": 1611388812871,
    "end": 1611388812872,
    "duration": 1,
    "pid": 1564,
    "index": 53
  },
  {
    "name": "Require(44) node_modules/_egg-logrotator@3.1.0@egg-logrotator/app.js",
    "start": 1611388812872,
    "end": 1611388812872,
    "duration": 0,
    "pid": 1564,
    "index": 54
  },
  {
    "name": "Require(45) node_modules/_egg-static@2.2.0@egg-static/app.js",
    "start": 1611388812873,
    "end": 1611388812873,
    "duration": 0,
    "pid": 1564,
    "index": 55
  },
  {
    "name": "Require(46) node_modules/_egg-view-ejs@2.0.1@egg-view-ejs/app.js",
    "start": 1611388812874,
    "end": 1611388812874,
    "duration": 0,
    "pid": 1564,
    "index": 56
  },
  {
    "name": "Before Start in node_modules/_egg-watcher@3.1.1@egg-watcher/lib/init.js:15:14",
    "start": 1611388812884,
    "end": 1611388813113,
    "duration": 229,
    "pid": 1564,
    "index": 57
  },
  {
    "name": "Load Service",
    "start": 1611388812919,
    "end": 1611388812924,
    "duration": 5,
    "pid": 1564,
    "index": 58
  },
  {
    "name": "Load \"service\" to Context",
    "start": 1611388812920,
    "end": 1611388812924,
    "duration": 4,
    "pid": 1564,
    "index": 59
  },
  {
    "name": "Load Middleware",
    "start": 1611388812925,
    "end": 1611388813084,
    "duration": 159,
    "pid": 1564,
    "index": 60
  },
  {
    "name": "Load \"middlewares\" to Application",
    "start": 1611388812925,
    "end": 1611388813067,
    "duration": 142,
    "pid": 1564,
    "index": 61
  },
  {
    "name": "Load Controller",
    "start": 1611388813084,
    "end": 1611388813093,
    "duration": 9,
    "pid": 1564,
    "index": 62
  },
  {
    "name": "Load \"controller\" to Application",
    "start": 1611388813084,
    "end": 1611388813093,
    "duration": 9,
    "pid": 1564,
    "index": 63
  },
  {
    "name": "Load Router",
    "start": 1611388813093,
    "end": 1611388813098,
    "duration": 5,
    "pid": 1564,
    "index": 64
  },
  {
    "name": "Require(47) app/router.js",
    "start": 1611388813093,
    "end": 1611388813094,
    "duration": 1,
    "pid": 1564,
    "index": 65
  },
  {
    "name": "Before Start in node_modules/_egg-core@4.20.0@egg-core/lib/egg.js:303:10",
    "start": 1611388813095,
    "end": 1611388813106,
    "duration": 11,
    "pid": 1564,
    "index": 66
  }
]