[
  {
    "name": "Process Start",
    "start": 1611388868674,
    "end": 1611388869847,
    "duration": 1173,
    "pid": 16028,
    "index": 0
  },
  {
    "name": "Application Start",
    "start": 1611388869848,
    "end": 1611388870282,
    "duration": 434,
    "pid": 16028,
    "index": 1
  },
  {
    "name": "Load Plugin",
    "start": 1611388869851,
    "end": 1611388869869,
    "duration": 18,
    "pid": 16028,
    "index": 2
  },
  {
    "name": "Load Config",
    "start": 1611388869869,
    "end": 1611388869891,
    "duration": 22,
    "pid": 16028,
    "index": 3
  },
  {
    "name": "Require(0) config/config.default.js",
    "start": 1611388869870,
    "end": 1611388869871,
    "duration": 1,
    "pid": 16028,
    "index": 4
  },
  {
    "name": "Require(1) node_modules/_egg-session@3.2.0@egg-session/config/config.default.js",
    "start": 1611388869872,
    "end": 1611388869872,
    "duration": 0,
    "pid": 16028,
    "index": 5
  },
  {
    "name": "Require(2) node_modules/_egg-security@2.8.0@egg-security/config/config.default.js",
    "start": 1611388869873,
    "end": 1611388869873,
    "duration": 0,
    "pid": 16028,
    "index": 6
  },
  {
    "name": "Require(3) node_modules/_egg-jsonp@2.0.0@egg-jsonp/config/config.default.js",
    "start": 1611388869874,
    "end": 1611388869875,
    "duration": 1,
    "pid": 16028,
    "index": 7
  },
  {
    "name": "Require(4) node_modules/_egg-onerror@2.1.0@egg-onerror/config/config.default.js",
    "start": 1611388869875,
    "end": 1611388869876,
    "duration": 1,
    "pid": 16028,
    "index": 8
  },
  {
    "name": "Require(5) node_modules/_egg-i18n@2.1.1@egg-i18n/config/config.default.js",
    "start": 1611388869876,
    "end": 1611388869877,
    "duration": 1,
    "pid": 16028,
    "index": 9
  },
  {
    "name": "Require(6) node_modules/_egg-watcher@3.1.1@egg-watcher/config/config.default.js",
    "start": 1611388869877,
    "end": 1611388869878,
    "duration": 1,
    "pid": 16028,
    "index": 10
  },
  {
    "name": "Require(7) node_modules/_egg-schedule@3.6.6@egg-schedule/config/config.default.js",
    "start": 1611388869878,
    "end": 1611388869879,
    "duration": 1,
    "pid": 16028,
    "index": 11
  },
  {
    "name": "Require(8) node_modules/_egg-multipart@2.10.3@egg-multipart/config/config.default.js",
    "start": 1611388869879,
    "end": 1611388869880,
    "duration": 1,
    "pid": 16028,
    "index": 12
  },
  {
    "name": "Require(9) node_modules/_egg-development@2.7.0@egg-development/config/config.default.js",
    "start": 1611388869880,
    "end": 1611388869881,
    "duration": 1,
    "pid": 16028,
    "index": 13
  },
  {
    "name": "Require(10) node_modules/_egg-logrotator@3.1.0@egg-logrotator/config/config.default.js",
    "start": 1611388869881,
    "end": 1611388869882,
    "duration": 1,
    "pid": 16028,
    "index": 14
  },
  {
    "name": "Require(11) node_modules/_egg-static@2.2.0@egg-static/config/config.default.js",
    "start": 1611388869882,
    "end": 1611388869883,
    "duration": 1,
    "pid": 16028,
    "index": 15
  },
  {
    "name": "Require(12) node_modules/_egg-view@2.1.3@egg-view/config/config.default.js",
    "start": 1611388869883,
    "end": 1611388869884,
    "duration": 1,
    "pid": 16028,
    "index": 16
  },
  {
    "name": "Require(13) node_modules/_egg-view-ejs@2.0.1@egg-view-ejs/config/config.default.js",
    "start": 1611388869884,
    "end": 1611388869885,
    "duration": 1,
    "pid": 16028,
    "index": 17
  },
  {
    "name": "Require(14) node_modules/_egg@2.29.1@egg/config/config.default.js",
    "start": 1611388869885,
    "end": 1611388869885,
    "duration": 0,
    "pid": 16028,
    "index": 18
  },
  {
    "name": "Require(15) config/config.default.js",
    "start": 1611388869887,
    "end": 1611388869887,
    "duration": 0,
    "pid": 16028,
    "index": 19
  },
  {
    "name": "Require(16) node_modules/_egg-security@2.8.0@egg-security/config/config.local.js",
    "start": 1611388869887,
    "end": 1611388869887,
    "duration": 0,
    "pid": 16028,
    "index": 20
  },
  {
    "name": "Require(17) node_modules/_egg-watcher@3.1.1@egg-watcher/config/config.local.js",
    "start": 1611388869888,
    "end": 1611388869889,
    "duration": 1,
    "pid": 16028,
    "index": 21
  },
  {
    "name": "Require(18) node_modules/_egg-view@2.1.3@egg-view/config/config.local.js",
    "start": 1611388869890,
    "end": 1611388869890,
    "duration": 0,
    "pid": 16028,
    "index": 22
  },
  {
    "name": "Require(19) node_modules/_egg-view-ejs@2.0.1@egg-view-ejs/config/config.local.js",
    "start": 1611388869891,
    "end": 1611388869891,
    "duration": 0,
    "pid": 16028,
    "index": 23
  },
  {
    "name": "Require(20) node_modules/_egg@2.29.1@egg/config/config.local.js",
    "start": 1611388869891,
    "end": 1611388869891,
    "duration": 0,
    "pid": 16028,
    "index": 24
  },
  {
    "name": "Load extend/application.js",
    "start": 1611388869892,
    "end": 1611388869907,
    "duration": 15,
    "pid": 16028,
    "index": 25
  },
  {
    "name": "Require(21) node_modules/_egg-session@3.2.0@egg-session/app/extend/application.js",
    "start": 1611388869893,
    "end": 1611388869893,
    "duration": 0,
    "pid": 16028,
    "index": 26
  },
  {
    "name": "Require(22) node_modules/_egg-security@2.8.0@egg-security/app/extend/application.js",
    "start": 1611388869894,
    "end": 1611388869895,
    "duration": 1,
    "pid": 16028,
    "index": 27
  },
  {
    "name": "Require(23) node_modules/_egg-jsonp@2.0.0@egg-jsonp/app/extend/application.js",
    "start": 1611388869895,
    "end": 1611388869897,
    "duration": 2,
    "pid": 16028,
    "index": 28
  },
  {
    "name": "Require(24) node_modules/_egg-logrotator@3.1.0@egg-logrotator/app/extend/application.js",
    "start": 1611388869898,
    "end": 1611388869901,
    "duration": 3,
    "pid": 16028,
    "index": 29
  },
  {
    "name": "Require(25) node_modules/_egg-view@2.1.3@egg-view/app/extend/application.js",
    "start": 1611388869902,
    "end": 1611388869903,
    "duration": 1,
    "pid": 16028,
    "index": 30
  },
  {
    "name": "Load extend/request.js",
    "start": 1611388869907,
    "end": 1611388869914,
    "duration": 7,
    "pid": 16028,
    "index": 31
  },
  {
    "name": "Require(26) node_modules/_egg@2.29.1@egg/app/extend/request.js",
    "start": 1611388869909,
    "end": 1611388869911,
    "duration": 2,
    "pid": 16028,
    "index": 32
  },
  {
    "name": "Load extend/response.js",
    "start": 1611388869914,
    "end": 1611388869924,
    "duration": 10,
    "pid": 16028,
    "index": 33
  },
  {
    "name": "Require(27) node_modules/_egg@2.29.1@egg/app/extend/response.js",
    "start": 1611388869919,
    "end": 1611388869921,
    "duration": 2,
    "pid": 16028,
    "index": 34
  },
  {
    "name": "Load extend/context.js",
    "start": 1611388869924,
    "end": 1611388870001,
    "duration": 77,
    "pid": 16028,
    "index": 35
  },
  {
    "name": "Require(28) node_modules/_egg-security@2.8.0@egg-security/app/extend/context.js",
    "start": 1611388869924,
    "end": 1611388869939,
    "duration": 15,
    "pid": 16028,
    "index": 36
  },
  {
    "name": "Require(29) node_modules/_egg-jsonp@2.0.0@egg-jsonp/app/extend/context.js",
    "start": 1611388869939,
    "end": 1611388869941,
    "duration": 2,
    "pid": 16028,
    "index": 37
  },
  {
    "name": "Require(30) node_modules/_egg-i18n@2.1.1@egg-i18n/app/extend/context.js",
    "start": 1611388869941,
    "end": 1611388869942,
    "duration": 1,
    "pid": 16028,
    "index": 38
  },
  {
    "name": "Require(31) node_modules/_egg-multipart@2.10.3@egg-multipart/app/extend/context.js",
    "start": 1611388869943,
    "end": 1611388869994,
    "duration": 51,
    "pid": 16028,
    "index": 39
  },
  {
    "name": "Require(32) node_modules/_egg-view@2.1.3@egg-view/app/extend/context.js",
    "start": 1611388869995,
    "end": 1611388869996,
    "duration": 1,
    "pid": 16028,
    "index": 40
  },
  {
    "name": "Require(33) node_modules/_egg@2.29.1@egg/app/extend/context.js",
    "start": 1611388869996,
    "end": 1611388869998,
    "duration": 2,
    "pid": 16028,
    "index": 41
  },
  {
    "name": "Load extend/helper.js",
    "start": 1611388870001,
    "end": 1611388870022,
    "duration": 21,
    "pid": 16028,
    "index": 42
  },
  {
    "name": "Require(34) node_modules/_egg-security@2.8.0@egg-security/app/extend/helper.js",
    "start": 1611388870002,
    "end": 1611388870017,
    "duration": 15,
    "pid": 16028,
    "index": 43
  },
  {
    "name": "Require(35) node_modules/_egg@2.29.1@egg/app/extend/helper.js",
    "start": 1611388870019,
    "end": 1611388870019,
    "duration": 0,
    "pid": 16028,
    "index": 44
  },
  {
    "name": "Load app.js",
    "start": 1611388870022,
    "end": 1611388870053,
    "duration": 31,
    "pid": 16028,
    "index": 45
  },
  {
    "name": "Require(36) node_modules/_egg-session@3.2.0@egg-session/app.js",
    "start": 1611388870022,
    "end": 1611388870023,
    "duration": 1,
    "pid": 16028,
    "index": 46
  },
  {
    "name": "Require(37) node_modules/_egg-security@2.8.0@egg-security/app.js",
    "start": 1611388870023,
    "end": 1611388870025,
    "duration": 2,
    "pid": 16028,
    "index": 47
  },
  {
    "name": "Require(38) node_modules/_egg-onerror@2.1.0@egg-onerror/app.js",
    "start": 1611388870025,
    "end": 1611388870035,
    "duration": 10,
    "pid": 16028,
    "index": 48
  },
  {
    "name": "Require(39) node_modules/_egg-i18n@2.1.1@egg-i18n/app.js",
    "start": 1611388870035,
    "end": 1611388870042,
    "duration": 7,
    "pid": 16028,
    "index": 49
  },
  {
    "name": "Require(40) node_modules/_egg-watcher@3.1.1@egg-watcher/app.js",
    "start": 1611388870042,
    "end": 1611388870046,
    "duration": 4,
    "pid": 16028,
    "index": 50
  },
  {
    "name": "Require(41) node_modules/_egg-schedule@3.6.6@egg-schedule/app.js",
    "start": 1611388870047,
    "end": 1611388870049,
    "duration": 2,
    "pid": 16028,
    "index": 51
  },
  {
    "name": "Require(42) node_modules/_egg-multipart@2.10.3@egg-multipart/app.js",
    "start": 1611388870049,
    "end": 1611388870049,
    "duration": 0,
    "pid": 16028,
    "index": 52
  },
  {
    "name": "Require(43) node_modules/_egg-development@2.7.0@egg-development/app.js",
    "start": 1611388870050,
    "end": 1611388870050,
    "duration": 0,
    "pid": 16028,
    "index": 53
  },
  {
    "name": "Require(44) node_modules/_egg-logrotator@3.1.0@egg-logrotator/app.js",
    "start": 1611388870050,
    "end": 1611388870051,
    "duration": 1,
    "pid": 16028,
    "index": 54
  },
  {
    "name": "Require(45) node_modules/_egg-static@2.2.0@egg-static/app.js",
    "start": 1611388870051,
    "end": 1611388870051,
    "duration": 0,
    "pid": 16028,
    "index": 55
  },
  {
    "name": "Require(46) node_modules/_egg-view-ejs@2.0.1@egg-view-ejs/app.js",
    "start": 1611388870052,
    "end": 1611388870052,
    "duration": 0,
    "pid": 16028,
    "index": 56
  },
  {
    "name": "Before Start in node_modules/_egg-watcher@3.1.1@egg-watcher/lib/init.js:15:14",
    "start": 1611388870061,
    "end": 1611388870281,
    "duration": 220,
    "pid": 16028,
    "index": 57
  },
  {
    "name": "Load Service",
    "start": 1611388870093,
    "end": 1611388870100,
    "duration": 7,
    "pid": 16028,
    "index": 58
  },
  {
    "name": "Load \"service\" to Context",
    "start": 1611388870093,
    "end": 1611388870100,
    "duration": 7,
    "pid": 16028,
    "index": 59
  },
  {
    "name": "Load Middleware",
    "start": 1611388870100,
    "end": 1611388870253,
    "duration": 153,
    "pid": 16028,
    "index": 60
  },
  {
    "name": "Load \"middlewares\" to Application",
    "start": 1611388870100,
    "end": 1611388870238,
    "duration": 138,
    "pid": 16028,
    "index": 61
  },
  {
    "name": "Load Controller",
    "start": 1611388870253,
    "end": 1611388870263,
    "duration": 10,
    "pid": 16028,
    "index": 62
  },
  {
    "name": "Load \"controller\" to Application",
    "start": 1611388870253,
    "end": 1611388870263,
    "duration": 10,
    "pid": 16028,
    "index": 63
  },
  {
    "name": "Load Router",
    "start": 1611388870263,
    "end": 1611388870267,
    "duration": 4,
    "pid": 16028,
    "index": 64
  },
  {
    "name": "Require(47) app/router.js",
    "start": 1611388870263,
    "end": 1611388870263,
    "duration": 0,
    "pid": 16028,
    "index": 65
  },
  {
    "name": "Before Start in node_modules/_egg-core@4.20.0@egg-core/lib/egg.js:303:10",
    "start": 1611388870264,
    "end": 1611388870274,
    "duration": 10,
    "pid": 16028,
    "index": 66
  }
]