[
  {
    "name": "Process Start",
    "start": 1611388779083,
    "end": 1611388780088,
    "duration": 1005,
    "pid": 8744,
    "index": 0
  },
  {
    "name": "Application Start",
    "start": 1611388780089,
    "end": 1611388780497,
    "duration": 408,
    "pid": 8744,
    "index": 1
  },
  {
    "name": "Load Plugin",
    "start": 1611388780093,
    "end": 1611388780112,
    "duration": 19,
    "pid": 8744,
    "index": 2
  },
  {
    "name": "Load Config",
    "start": 1611388780113,
    "end": 1611388780133,
    "duration": 20,
    "pid": 8744,
    "index": 3
  },
  {
    "name": "Require(0) config/config.default.js",
    "start": 1611388780113,
    "end": 1611388780114,
    "duration": 1,
    "pid": 8744,
    "index": 4
  },
  {
    "name": "Require(1) node_modules/_egg-session@3.2.0@egg-session/config/config.default.js",
    "start": 1611388780115,
    "end": 1611388780115,
    "duration": 0,
    "pid": 8744,
    "index": 5
  },
  {
    "name": "Require(2) node_modules/_egg-security@2.8.0@egg-security/config/config.default.js",
    "start": 1611388780116,
    "end": 1611388780116,
    "duration": 0,
    "pid": 8744,
    "index": 6
  },
  {
    "name": "Require(3) node_modules/_egg-jsonp@2.0.0@egg-jsonp/config/config.default.js",
    "start": 1611388780117,
    "end": 1611388780117,
    "duration": 0,
    "pid": 8744,
    "index": 7
  },
  {
    "name": "Require(4) node_modules/_egg-onerror@2.1.0@egg-onerror/config/config.default.js",
    "start": 1611388780118,
    "end": 1611388780118,
    "duration": 0,
    "pid": 8744,
    "index": 8
  },
  {
    "name": "Require(5) node_modules/_egg-i18n@2.1.1@egg-i18n/config/config.default.js",
    "start": 1611388780119,
    "end": 1611388780119,
    "duration": 0,
    "pid": 8744,
    "index": 9
  },
  {
    "name": "Require(6) node_modules/_egg-watcher@3.1.1@egg-watcher/config/config.default.js",
    "start": 1611388780120,
    "end": 1611388780120,
    "duration": 0,
    "pid": 8744,
    "index": 10
  },
  {
    "name": "Require(7) node_modules/_egg-schedule@3.6.6@egg-schedule/config/config.default.js",
    "start": 1611388780120,
    "end": 1611388780121,
    "duration": 1,
    "pid": 8744,
    "index": 11
  },
  {
    "name": "Require(8) node_modules/_egg-multipart@2.10.3@egg-multipart/config/config.default.js",
    "start": 1611388780121,
    "end": 1611388780122,
    "duration": 1,
    "pid": 8744,
    "index": 12
  },
  {
    "name": "Require(9) node_modules/_egg-development@2.7.0@egg-development/config/config.default.js",
    "start": 1611388780122,
    "end": 1611388780123,
    "duration": 1,
    "pid": 8744,
    "index": 13
  },
  {
    "name": "Require(10) node_modules/_egg-logrotator@3.1.0@egg-logrotator/config/config.default.js",
    "start": 1611388780123,
    "end": 1611388780123,
    "duration": 0,
    "pid": 8744,
    "index": 14
  },
  {
    "name": "Require(11) node_modules/_egg-static@2.2.0@egg-static/config/config.default.js",
    "start": 1611388780124,
    "end": 1611388780124,
    "duration": 0,
    "pid": 8744,
    "index": 15
  },
  {
    "name": "Require(12) node_modules/_egg-view@2.1.3@egg-view/config/config.default.js",
    "start": 1611388780125,
    "end": 1611388780125,
    "duration": 0,
    "pid": 8744,
    "index": 16
  },
  {
    "name": "Require(13) node_modules/_egg-view-ejs@2.0.1@egg-view-ejs/config/config.default.js",
    "start": 1611388780126,
    "end": 1611388780126,
    "duration": 0,
    "pid": 8744,
    "index": 17
  },
  {
    "name": "Require(14) node_modules/_egg@2.29.1@egg/config/config.default.js",
    "start": 1611388780126,
    "end": 1611388780127,
    "duration": 1,
    "pid": 8744,
    "index": 18
  },
  {
    "name": "Require(15) config/config.default.js",
    "start": 1611388780128,
    "end": 1611388780128,
    "duration": 0,
    "pid": 8744,
    "index": 19
  },
  {
    "name": "Require(16) node_modules/_egg-security@2.8.0@egg-security/config/config.local.js",
    "start": 1611388780129,
    "end": 1611388780129,
    "duration": 0,
    "pid": 8744,
    "index": 20
  },
  {
    "name": "Require(17) node_modules/_egg-watcher@3.1.1@egg-watcher/config/config.local.js",
    "start": 1611388780130,
    "end": 1611388780130,
    "duration": 0,
    "pid": 8744,
    "index": 21
  },
  {
    "name": "Require(18) node_modules/_egg-view@2.1.3@egg-view/config/config.local.js",
    "start": 1611388780132,
    "end": 1611388780132,
    "duration": 0,
    "pid": 8744,
    "index": 22
  },
  {
    "name": "Require(19) node_modules/_egg-view-ejs@2.0.1@egg-view-ejs/config/config.local.js",
    "start": 1611388780132,
    "end": 1611388780133,
    "duration": 1,
    "pid": 8744,
    "index": 23
  },
  {
    "name": "Require(20) node_modules/_egg@2.29.1@egg/config/config.local.js",
    "start": 1611388780133,
    "end": 1611388780133,
    "duration": 0,
    "pid": 8744,
    "index": 24
  },
  {
    "name": "Load extend/application.js",
    "start": 1611388780134,
    "end": 1611388780148,
    "duration": 14,
    "pid": 8744,
    "index": 25
  },
  {
    "name": "Require(21) node_modules/_egg-session@3.2.0@egg-session/app/extend/application.js",
    "start": 1611388780135,
    "end": 1611388780135,
    "duration": 0,
    "pid": 8744,
    "index": 26
  },
  {
    "name": "Require(22) node_modules/_egg-security@2.8.0@egg-security/app/extend/application.js",
    "start": 1611388780136,
    "end": 1611388780137,
    "duration": 1,
    "pid": 8744,
    "index": 27
  },
  {
    "name": "Require(23) node_modules/_egg-jsonp@2.0.0@egg-jsonp/app/extend/application.js",
    "start": 1611388780137,
    "end": 1611388780139,
    "duration": 2,
    "pid": 8744,
    "index": 28
  },
  {
    "name": "Require(24) node_modules/_egg-logrotator@3.1.0@egg-logrotator/app/extend/application.js",
    "start": 1611388780140,
    "end": 1611388780143,
    "duration": 3,
    "pid": 8744,
    "index": 29
  },
  {
    "name": "Require(25) node_modules/_egg-view@2.1.3@egg-view/app/extend/application.js",
    "start": 1611388780144,
    "end": 1611388780145,
    "duration": 1,
    "pid": 8744,
    "index": 30
  },
  {
    "name": "Load extend/request.js",
    "start": 1611388780148,
    "end": 1611388780157,
    "duration": 9,
    "pid": 8744,
    "index": 31
  },
  {
    "name": "Require(26) node_modules/_egg@2.29.1@egg/app/extend/request.js",
    "start": 1611388780151,
    "end": 1611388780152,
    "duration": 1,
    "pid": 8744,
    "index": 32
  },
  {
    "name": "Load extend/response.js",
    "start": 1611388780157,
    "end": 1611388780164,
    "duration": 7,
    "pid": 8744,
    "index": 33
  },
  {
    "name": "Require(27) node_modules/_egg@2.29.1@egg/app/extend/response.js",
    "start": 1611388780159,
    "end": 1611388780161,
    "duration": 2,
    "pid": 8744,
    "index": 34
  },
  {
    "name": "Load extend/context.js",
    "start": 1611388780164,
    "end": 1611388780234,
    "duration": 70,
    "pid": 8744,
    "index": 35
  },
  {
    "name": "Require(28) node_modules/_egg-security@2.8.0@egg-security/app/extend/context.js",
    "start": 1611388780165,
    "end": 1611388780178,
    "duration": 13,
    "pid": 8744,
    "index": 36
  },
  {
    "name": "Require(29) node_modules/_egg-jsonp@2.0.0@egg-jsonp/app/extend/context.js",
    "start": 1611388780179,
    "end": 1611388780180,
    "duration": 1,
    "pid": 8744,
    "index": 37
  },
  {
    "name": "Require(30) node_modules/_egg-i18n@2.1.1@egg-i18n/app/extend/context.js",
    "start": 1611388780181,
    "end": 1611388780181,
    "duration": 0,
    "pid": 8744,
    "index": 38
  },
  {
    "name": "Require(31) node_modules/_egg-multipart@2.10.3@egg-multipart/app/extend/context.js",
    "start": 1611388780182,
    "end": 1611388780228,
    "duration": 46,
    "pid": 8744,
    "index": 39
  },
  {
    "name": "Require(32) node_modules/_egg-view@2.1.3@egg-view/app/extend/context.js",
    "start": 1611388780229,
    "end": 1611388780230,
    "duration": 1,
    "pid": 8744,
    "index": 40
  },
  {
    "name": "Require(33) node_modules/_egg@2.29.1@egg/app/extend/context.js",
    "start": 1611388780230,
    "end": 1611388780231,
    "duration": 1,
    "pid": 8744,
    "index": 41
  },
  {
    "name": "Load extend/helper.js",
    "start": 1611388780234,
    "end": 1611388780255,
    "duration": 21,
    "pid": 8744,
    "index": 42
  },
  {
    "name": "Require(34) node_modules/_egg-security@2.8.0@egg-security/app/extend/helper.js",
    "start": 1611388780234,
    "end": 1611388780250,
    "duration": 16,
    "pid": 8744,
    "index": 43
  },
  {
    "name": "Require(35) node_modules/_egg@2.29.1@egg/app/extend/helper.js",
    "start": 1611388780252,
    "end": 1611388780252,
    "duration": 0,
    "pid": 8744,
    "index": 44
  },
  {
    "name": "Load app.js",
    "start": 1611388780255,
    "end": 1611388780287,
    "duration": 32,
    "pid": 8744,
    "index": 45
  },
  {
    "name": "Require(36) node_modules/_egg-session@3.2.0@egg-session/app.js",
    "start": 1611388780256,
    "end": 1611388780256,
    "duration": 0,
    "pid": 8744,
    "index": 46
  },
  {
    "name": "Require(37) node_modules/_egg-security@2.8.0@egg-security/app.js",
    "start": 1611388780256,
    "end": 1611388780258,
    "duration": 2,
    "pid": 8744,
    "index": 47
  },
  {
    "name": "Require(38) node_modules/_egg-onerror@2.1.0@egg-onerror/app.js",
    "start": 1611388780259,
    "end": 1611388780268,
    "duration": 9,
    "pid": 8744,
    "index": 48
  },
  {
    "name": "Require(39) node_modules/_egg-i18n@2.1.1@egg-i18n/app.js",
    "start": 1611388780268,
    "end": 1611388780276,
    "duration": 8,
    "pid": 8744,
    "index": 49
  },
  {
    "name": "Require(40) node_modules/_egg-watcher@3.1.1@egg-watcher/app.js",
    "start": 1611388780276,
    "end": 1611388780281,
    "duration": 5,
    "pid": 8744,
    "index": 50
  },
  {
    "name": "Require(41) node_modules/_egg-schedule@3.6.6@egg-schedule/app.js",
    "start": 1611388780281,
    "end": 1611388780283,
    "duration": 2,
    "pid": 8744,
    "index": 51
  },
  {
    "name": "Require(42) node_modules/_egg-multipart@2.10.3@egg-multipart/app.js",
    "start": 1611388780283,
    "end": 1611388780284,
    "duration": 1,
    "pid": 8744,
    "index": 52
  },
  {
    "name": "Require(43) node_modules/_egg-development@2.7.0@egg-development/app.js",
    "start": 1611388780284,
    "end": 1611388780284,
    "duration": 0,
    "pid": 8744,
    "index": 53
  },
  {
    "name": "Require(44) node_modules/_egg-logrotator@3.1.0@egg-logrotator/app.js",
    "start": 1611388780284,
    "end": 1611388780285,
    "duration": 1,
    "pid": 8744,
    "index": 54
  },
  {
    "name": "Require(45) node_modules/_egg-static@2.2.0@egg-static/app.js",
    "start": 1611388780285,
    "end": 1611388780285,
    "duration": 0,
    "pid": 8744,
    "index": 55
  },
  {
    "name": "Require(46) node_modules/_egg-view-ejs@2.0.1@egg-view-ejs/app.js",
    "start": 1611388780286,
    "end": 1611388780286,
    "duration": 0,
    "pid": 8744,
    "index": 56
  },
  {
    "name": "Before Start in node_modules/_egg-watcher@3.1.1@egg-watcher/lib/init.js:15:14",
    "start": 1611388780295,
    "end": 1611388780497,
    "duration": 202,
    "pid": 8744,
    "index": 57
  },
  {
    "name": "Load Service",
    "start": 1611388780325,
    "end": 1611388780329,
    "duration": 4,
    "pid": 8744,
    "index": 58
  },
  {
    "name": "Load \"service\" to Context",
    "start": 1611388780325,
    "end": 1611388780329,
    "duration": 4,
    "pid": 8744,
    "index": 59
  },
  {
    "name": "Load Middleware",
    "start": 1611388780329,
    "end": 1611388780467,
    "duration": 138,
    "pid": 8744,
    "index": 60
  },
  {
    "name": "Load \"middlewares\" to Application",
    "start": 1611388780329,
    "end": 1611388780452,
    "duration": 123,
    "pid": 8744,
    "index": 61
  },
  {
    "name": "Load Controller",
    "start": 1611388780468,
    "end": 1611388780477,
    "duration": 9,
    "pid": 8744,
    "index": 62
  },
  {
    "name": "Load \"controller\" to Application",
    "start": 1611388780468,
    "end": 1611388780477,
    "duration": 9,
    "pid": 8744,
    "index": 63
  },
  {
    "name": "Load Router",
    "start": 1611388780477,
    "end": 1611388780482,
    "duration": 5,
    "pid": 8744,
    "index": 64
  },
  {
    "name": "Require(47) app/router.js",
    "start": 1611388780477,
    "end": 1611388780477,
    "duration": 0,
    "pid": 8744,
    "index": 65
  },
  {
    "name": "Before Start in node_modules/_egg-core@4.20.0@egg-core/lib/egg.js:303:10",
    "start": 1611388780478,
    "end": 1611388780488,
    "duration": 10,
    "pid": 8744,
    "index": 66
  }
]