[
  {
    "name": "Process Start",
    "start": 1611388804208,
    "end": 1611388805401,
    "duration": 1193,
    "pid": 1340,
    "index": 0
  },
  {
    "name": "Application Start",
    "start": 1611388805401,
    "end": 1611388805818,
    "duration": 417,
    "pid": 1340,
    "index": 1
  },
  {
    "name": "Load Plugin",
    "start": 1611388805405,
    "end": 1611388805423,
    "duration": 18,
    "pid": 1340,
    "index": 2
  },
  {
    "name": "Load Config",
    "start": 1611388805424,
    "end": 1611388805445,
    "duration": 21,
    "pid": 1340,
    "index": 3
  },
  {
    "name": "Require(0) config/config.default.js",
    "start": 1611388805424,
    "end": 1611388805424,
    "duration": 0,
    "pid": 1340,
    "index": 4
  },
  {
    "name": "Require(1) node_modules/_egg-session@3.2.0@egg-session/config/config.default.js",
    "start": 1611388805426,
    "end": 1611388805426,
    "duration": 0,
    "pid": 1340,
    "index": 5
  },
  {
    "name": "Require(2) node_modules/_egg-security@2.8.0@egg-security/config/config.default.js",
    "start": 1611388805427,
    "end": 1611388805427,
    "duration": 0,
    "pid": 1340,
    "index": 6
  },
  {
    "name": "Require(3) node_modules/_egg-jsonp@2.0.0@egg-jsonp/config/config.default.js",
    "start": 1611388805428,
    "end": 1611388805428,
    "duration": 0,
    "pid": 1340,
    "index": 7
  },
  {
    "name": "Require(4) node_modules/_egg-onerror@2.1.0@egg-onerror/config/config.default.js",
    "start": 1611388805429,
    "end": 1611388805429,
    "duration": 0,
    "pid": 1340,
    "index": 8
  },
  {
    "name": "Require(5) node_modules/_egg-i18n@2.1.1@egg-i18n/config/config.default.js",
    "start": 1611388805430,
    "end": 1611388805430,
    "duration": 0,
    "pid": 1340,
    "index": 9
  },
  {
    "name": "Require(6) node_modules/_egg-watcher@3.1.1@egg-watcher/config/config.default.js",
    "start": 1611388805431,
    "end": 1611388805431,
    "duration": 0,
    "pid": 1340,
    "index": 10
  },
  {
    "name": "Require(7) node_modules/_egg-schedule@3.6.6@egg-schedule/config/config.default.js",
    "start": 1611388805431,
    "end": 1611388805432,
    "duration": 1,
    "pid": 1340,
    "index": 11
  },
  {
    "name": "Require(8) node_modules/_egg-multipart@2.10.3@egg-multipart/config/config.default.js",
    "start": 1611388805432,
    "end": 1611388805433,
    "duration": 1,
    "pid": 1340,
    "index": 12
  },
  {
    "name": "Require(9) node_modules/_egg-development@2.7.0@egg-development/config/config.default.js",
    "start": 1611388805433,
    "end": 1611388805434,
    "duration": 1,
    "pid": 1340,
    "index": 13
  },
  {
    "name": "Require(10) node_modules/_egg-logrotator@3.1.0@egg-logrotator/config/config.default.js",
    "start": 1611388805434,
    "end": 1611388805435,
    "duration": 1,
    "pid": 1340,
    "index": 14
  },
  {
    "name": "Require(11) node_modules/_egg-static@2.2.0@egg-static/config/config.default.js",
    "start": 1611388805435,
    "end": 1611388805436,
    "duration": 1,
    "pid": 1340,
    "index": 15
  },
  {
    "name": "Require(12) node_modules/_egg-view@2.1.3@egg-view/config/config.default.js",
    "start": 1611388805436,
    "end": 1611388805437,
    "duration": 1,
    "pid": 1340,
    "index": 16
  },
  {
    "name": "Require(13) node_modules/_egg-view-ejs@2.0.1@egg-view-ejs/config/config.default.js",
    "start": 1611388805437,
    "end": 1611388805438,
    "duration": 1,
    "pid": 1340,
    "index": 17
  },
  {
    "name": "Require(14) node_modules/_egg@2.29.1@egg/config/config.default.js",
    "start": 1611388805438,
    "end": 1611388805439,
    "duration": 1,
    "pid": 1340,
    "index": 18
  },
  {
    "name": "Require(15) config/config.default.js",
    "start": 1611388805440,
    "end": 1611388805440,
    "duration": 0,
    "pid": 1340,
    "index": 19
  },
  {
    "name": "Require(16) node_modules/_egg-security@2.8.0@egg-security/config/config.local.js",
    "start": 1611388805440,
    "end": 1611388805441,
    "duration": 1,
    "pid": 1340,
    "index": 20
  },
  {
    "name": "Require(17) node_modules/_egg-watcher@3.1.1@egg-watcher/config/config.local.js",
    "start": 1611388805442,
    "end": 1611388805442,
    "duration": 0,
    "pid": 1340,
    "index": 21
  },
  {
    "name": "Require(18) node_modules/_egg-view@2.1.3@egg-view/config/config.local.js",
    "start": 1611388805443,
    "end": 1611388805443,
    "duration": 0,
    "pid": 1340,
    "index": 22
  },
  {
    "name": "Require(19) node_modules/_egg-view-ejs@2.0.1@egg-view-ejs/config/config.local.js",
    "start": 1611388805444,
    "end": 1611388805444,
    "duration": 0,
    "pid": 1340,
    "index": 23
  },
  {
    "name": "Require(20) node_modules/_egg@2.29.1@egg/config/config.local.js",
    "start": 1611388805444,
    "end": 1611388805445,
    "duration": 1,
    "pid": 1340,
    "index": 24
  },
  {
    "name": "Load extend/application.js",
    "start": 1611388805446,
    "end": 1611388805461,
    "duration": 15,
    "pid": 1340,
    "index": 25
  },
  {
    "name": "Require(21) node_modules/_egg-session@3.2.0@egg-session/app/extend/application.js",
    "start": 1611388805446,
    "end": 1611388805447,
    "duration": 1,
    "pid": 1340,
    "index": 26
  },
  {
    "name": "Require(22) node_modules/_egg-security@2.8.0@egg-security/app/extend/application.js",
    "start": 1611388805447,
    "end": 1611388805448,
    "duration": 1,
    "pid": 1340,
    "index": 27
  },
  {
    "name": "Require(23) node_modules/_egg-jsonp@2.0.0@egg-jsonp/app/extend/application.js",
    "start": 1611388805449,
    "end": 1611388805451,
    "duration": 2,
    "pid": 1340,
    "index": 28
  },
  {
    "name": "Require(24) node_modules/_egg-logrotator@3.1.0@egg-logrotator/app/extend/application.js",
    "start": 1611388805452,
    "end": 1611388805455,
    "duration": 3,
    "pid": 1340,
    "index": 29
  },
  {
    "name": "Require(25) node_modules/_egg-view@2.1.3@egg-view/app/extend/application.js",
    "start": 1611388805456,
    "end": 1611388805458,
    "duration": 2,
    "pid": 1340,
    "index": 30
  },
  {
    "name": "Load extend/request.js",
    "start": 1611388805461,
    "end": 1611388805470,
    "duration": 9,
    "pid": 1340,
    "index": 31
  },
  {
    "name": "Require(26) node_modules/_egg@2.29.1@egg/app/extend/request.js",
    "start": 1611388805464,
    "end": 1611388805465,
    "duration": 1,
    "pid": 1340,
    "index": 32
  },
  {
    "name": "Load extend/response.js",
    "start": 1611388805470,
    "end": 1611388805478,
    "duration": 8,
    "pid": 1340,
    "index": 33
  },
  {
    "name": "Require(27) node_modules/_egg@2.29.1@egg/app/extend/response.js",
    "start": 1611388805473,
    "end": 1611388805475,
    "duration": 2,
    "pid": 1340,
    "index": 34
  },
  {
    "name": "Load extend/context.js",
    "start": 1611388805478,
    "end": 1611388805549,
    "duration": 71,
    "pid": 1340,
    "index": 35
  },
  {
    "name": "Require(28) node_modules/_egg-security@2.8.0@egg-security/app/extend/context.js",
    "start": 1611388805478,
    "end": 1611388805492,
    "duration": 14,
    "pid": 1340,
    "index": 36
  },
  {
    "name": "Require(29) node_modules/_egg-jsonp@2.0.0@egg-jsonp/app/extend/context.js",
    "start": 1611388805492,
    "end": 1611388805493,
    "duration": 1,
    "pid": 1340,
    "index": 37
  },
  {
    "name": "Require(30) node_modules/_egg-i18n@2.1.1@egg-i18n/app/extend/context.js",
    "start": 1611388805494,
    "end": 1611388805494,
    "duration": 0,
    "pid": 1340,
    "index": 38
  },
  {
    "name": "Require(31) node_modules/_egg-multipart@2.10.3@egg-multipart/app/extend/context.js",
    "start": 1611388805495,
    "end": 1611388805543,
    "duration": 48,
    "pid": 1340,
    "index": 39
  },
  {
    "name": "Require(32) node_modules/_egg-view@2.1.3@egg-view/app/extend/context.js",
    "start": 1611388805544,
    "end": 1611388805545,
    "duration": 1,
    "pid": 1340,
    "index": 40
  },
  {
    "name": "Require(33) node_modules/_egg@2.29.1@egg/app/extend/context.js",
    "start": 1611388805545,
    "end": 1611388805546,
    "duration": 1,
    "pid": 1340,
    "index": 41
  },
  {
    "name": "Load extend/helper.js",
    "start": 1611388805549,
    "end": 1611388805569,
    "duration": 20,
    "pid": 1340,
    "index": 42
  },
  {
    "name": "Require(34) node_modules/_egg-security@2.8.0@egg-security/app/extend/helper.js",
    "start": 1611388805550,
    "end": 1611388805564,
    "duration": 14,
    "pid": 1340,
    "index": 43
  },
  {
    "name": "Require(35) node_modules/_egg@2.29.1@egg/app/extend/helper.js",
    "start": 1611388805566,
    "end": 1611388805566,
    "duration": 0,
    "pid": 1340,
    "index": 44
  },
  {
    "name": "Load app.js",
    "start": 1611388805569,
    "end": 1611388805600,
    "duration": 31,
    "pid": 1340,
    "index": 45
  },
  {
    "name": "Require(36) node_modules/_egg-session@3.2.0@egg-session/app.js",
    "start": 1611388805570,
    "end": 1611388805570,
    "duration": 0,
    "pid": 1340,
    "index": 46
  },
  {
    "name": "Require(37) node_modules/_egg-security@2.8.0@egg-security/app.js",
    "start": 1611388805570,
    "end": 1611388805572,
    "duration": 2,
    "pid": 1340,
    "index": 47
  },
  {
    "name": "Require(38) node_modules/_egg-onerror@2.1.0@egg-onerror/app.js",
    "start": 1611388805573,
    "end": 1611388805582,
    "duration": 9,
    "pid": 1340,
    "index": 48
  },
  {
    "name": "Require(39) node_modules/_egg-i18n@2.1.1@egg-i18n/app.js",
    "start": 1611388805582,
    "end": 1611388805590,
    "duration": 8,
    "pid": 1340,
    "index": 49
  },
  {
    "name": "Require(40) node_modules/_egg-watcher@3.1.1@egg-watcher/app.js",
    "start": 1611388805590,
    "end": 1611388805594,
    "duration": 4,
    "pid": 1340,
    "index": 50
  },
  {
    "name": "Require(41) node_modules/_egg-schedule@3.6.6@egg-schedule/app.js",
    "start": 1611388805594,
    "end": 1611388805596,
    "duration": 2,
    "pid": 1340,
    "index": 51
  },
  {
    "name": "Require(42) node_modules/_egg-multipart@2.10.3@egg-multipart/app.js",
    "start": 1611388805596,
    "end": 1611388805597,
    "duration": 1,
    "pid": 1340,
    "index": 52
  },
  {
    "name": "Require(43) node_modules/_egg-development@2.7.0@egg-development/app.js",
    "start": 1611388805597,
    "end": 1611388805597,
    "duration": 0,
    "pid": 1340,
    "index": 53
  },
  {
    "name": "Require(44) node_modules/_egg-logrotator@3.1.0@egg-logrotator/app.js",
    "start": 1611388805598,
    "end": 1611388805598,
    "duration": 0,
    "pid": 1340,
    "index": 54
  },
  {
    "name": "Require(45) node_modules/_egg-static@2.2.0@egg-static/app.js",
    "start": 1611388805598,
    "end": 1611388805598,
    "duration": 0,
    "pid": 1340,
    "index": 55
  },
  {
    "name": "Require(46) node_modules/_egg-view-ejs@2.0.1@egg-view-ejs/app.js",
    "start": 1611388805599,
    "end": 1611388805599,
    "duration": 0,
    "pid": 1340,
    "index": 56
  },
  {
    "name": "Before Start in node_modules/_egg-watcher@3.1.1@egg-watcher/lib/init.js:15:14",
    "start": 1611388805608,
    "end": 1611388805817,
    "duration": 209,
    "pid": 1340,
    "index": 57
  },
  {
    "name": "Load Service",
    "start": 1611388805644,
    "end": 1611388805648,
    "duration": 4,
    "pid": 1340,
    "index": 58
  },
  {
    "name": "Load \"service\" to Context",
    "start": 1611388805644,
    "end": 1611388805648,
    "duration": 4,
    "pid": 1340,
    "index": 59
  },
  {
    "name": "Load Middleware",
    "start": 1611388805648,
    "end": 1611388805792,
    "duration": 144,
    "pid": 1340,
    "index": 60
  },
  {
    "name": "Load \"middlewares\" to Application",
    "start": 1611388805648,
    "end": 1611388805776,
    "duration": 128,
    "pid": 1340,
    "index": 61
  },
  {
    "name": "Load Controller",
    "start": 1611388805792,
    "end": 1611388805799,
    "duration": 7,
    "pid": 1340,
    "index": 62
  },
  {
    "name": "Load \"controller\" to Application",
    "start": 1611388805792,
    "end": 1611388805799,
    "duration": 7,
    "pid": 1340,
    "index": 63
  },
  {
    "name": "Load Router",
    "start": 1611388805799,
    "end": 1611388805803,
    "duration": 4,
    "pid": 1340,
    "index": 64
  },
  {
    "name": "Require(47) app/router.js",
    "start": 1611388805799,
    "end": 1611388805799,
    "duration": 0,
    "pid": 1340,
    "index": 65
  },
  {
    "name": "Before Start in node_modules/_egg-core@4.20.0@egg-core/lib/egg.js:303:10",
    "start": 1611388805800,
    "end": 1611388805810,
    "duration": 10,
    "pid": 1340,
    "index": 66
  }
]