[
  {
    "name": "Process Start",
    "start": 1611388848810,
    "end": 1611388850013,
    "duration": 1203,
    "pid": 16544,
    "index": 0
  },
  {
    "name": "Application Start",
    "start": 1611388850014,
    "end": 1611388850625,
    "duration": 611,
    "pid": 16544,
    "index": 1
  },
  {
    "name": "Load Plugin",
    "start": 1611388850018,
    "end": 1611388850040,
    "duration": 22,
    "pid": 16544,
    "index": 2
  },
  {
    "name": "Load Config",
    "start": 1611388850041,
    "end": 1611388850077,
    "duration": 36,
    "pid": 16544,
    "index": 3
  },
  {
    "name": "Require(0) config/config.default.js",
    "start": 1611388850042,
    "end": 1611388850042,
    "duration": 0,
    "pid": 16544,
    "index": 4
  },
  {
    "name": "Require(1) node_modules/_egg-session@3.2.0@egg-session/config/config.default.js",
    "start": 1611388850045,
    "end": 1611388850046,
    "duration": 1,
    "pid": 16544,
    "index": 5
  },
  {
    "name": "Require(2) node_modules/_egg-security@2.8.0@egg-security/config/config.default.js",
    "start": 1611388850047,
    "end": 1611388850047,
    "duration": 0,
    "pid": 16544,
    "index": 6
  },
  {
    "name": "Require(3) node_modules/_egg-jsonp@2.0.0@egg-jsonp/config/config.default.js",
    "start": 1611388850049,
    "end": 1611388850050,
    "duration": 1,
    "pid": 16544,
    "index": 7
  },
  {
    "name": "Require(4) node_modules/_egg-onerror@2.1.0@egg-onerror/config/config.default.js",
    "start": 1611388850051,
    "end": 1611388850052,
    "duration": 1,
    "pid": 16544,
    "index": 8
  },
  {
    "name": "Require(5) node_modules/_egg-i18n@2.1.1@egg-i18n/config/config.default.js",
    "start": 1611388850053,
    "end": 1611388850053,
    "duration": 0,
    "pid": 16544,
    "index": 9
  },
  {
    "name": "Require(6) node_modules/_egg-watcher@3.1.1@egg-watcher/config/config.default.js",
    "start": 1611388850054,
    "end": 1611388850055,
    "duration": 1,
    "pid": 16544,
    "index": 10
  },
  {
    "name": "Require(7) node_modules/_egg-schedule@3.6.6@egg-schedule/config/config.default.js",
    "start": 1611388850056,
    "end": 1611388850058,
    "duration": 2,
    "pid": 16544,
    "index": 11
  },
  {
    "name": "Require(8) node_modules/_egg-multipart@2.10.3@egg-multipart/config/config.default.js",
    "start": 1611388850059,
    "end": 1611388850060,
    "duration": 1,
    "pid": 16544,
    "index": 12
  },
  {
    "name": "Require(9) node_modules/_egg-development@2.7.0@egg-development/config/config.default.js",
    "start": 1611388850061,
    "end": 1611388850062,
    "duration": 1,
    "pid": 16544,
    "index": 13
  },
  {
    "name": "Require(10) node_modules/_egg-logrotator@3.1.0@egg-logrotator/config/config.default.js",
    "start": 1611388850063,
    "end": 1611388850063,
    "duration": 0,
    "pid": 16544,
    "index": 14
  },
  {
    "name": "Require(11) node_modules/_egg-static@2.2.0@egg-static/config/config.default.js",
    "start": 1611388850064,
    "end": 1611388850065,
    "duration": 1,
    "pid": 16544,
    "index": 15
  },
  {
    "name": "Require(12) node_modules/_egg-view@2.1.3@egg-view/config/config.default.js",
    "start": 1611388850065,
    "end": 1611388850066,
    "duration": 1,
    "pid": 16544,
    "index": 16
  },
  {
    "name": "Require(13) node_modules/_egg-view-ejs@2.0.1@egg-view-ejs/config/config.default.js",
    "start": 1611388850067,
    "end": 1611388850067,
    "duration": 0,
    "pid": 16544,
    "index": 17
  },
  {
    "name": "Require(14) node_modules/_egg@2.29.1@egg/config/config.default.js",
    "start": 1611388850068,
    "end": 1611388850068,
    "duration": 0,
    "pid": 16544,
    "index": 18
  },
  {
    "name": "Require(15) config/config.default.js",
    "start": 1611388850070,
    "end": 1611388850070,
    "duration": 0,
    "pid": 16544,
    "index": 19
  },
  {
    "name": "Require(16) node_modules/_egg-security@2.8.0@egg-security/config/config.local.js",
    "start": 1611388850071,
    "end": 1611388850071,
    "duration": 0,
    "pid": 16544,
    "index": 20
  },
  {
    "name": "Require(17) node_modules/_egg-watcher@3.1.1@egg-watcher/config/config.local.js",
    "start": 1611388850073,
    "end": 1611388850073,
    "duration": 0,
    "pid": 16544,
    "index": 21
  },
  {
    "name": "Require(18) node_modules/_egg-view@2.1.3@egg-view/config/config.local.js",
    "start": 1611388850075,
    "end": 1611388850075,
    "duration": 0,
    "pid": 16544,
    "index": 22
  },
  {
    "name": "Require(19) node_modules/_egg-view-ejs@2.0.1@egg-view-ejs/config/config.local.js",
    "start": 1611388850075,
    "end": 1611388850076,
    "duration": 1,
    "pid": 16544,
    "index": 23
  },
  {
    "name": "Require(20) node_modules/_egg@2.29.1@egg/config/config.local.js",
    "start": 1611388850076,
    "end": 1611388850076,
    "duration": 0,
    "pid": 16544,
    "index": 24
  },
  {
    "name": "Load extend/application.js",
    "start": 1611388850078,
    "end": 1611388850095,
    "duration": 17,
    "pid": 16544,
    "index": 25
  },
  {
    "name": "Require(21) node_modules/_egg-session@3.2.0@egg-session/app/extend/application.js",
    "start": 1611388850079,
    "end": 1611388850079,
    "duration": 0,
    "pid": 16544,
    "index": 26
  },
  {
    "name": "Require(22) node_modules/_egg-security@2.8.0@egg-security/app/extend/application.js",
    "start": 1611388850080,
    "end": 1611388850081,
    "duration": 1,
    "pid": 16544,
    "index": 27
  },
  {
    "name": "Require(23) node_modules/_egg-jsonp@2.0.0@egg-jsonp/app/extend/application.js",
    "start": 1611388850082,
    "end": 1611388850084,
    "duration": 2,
    "pid": 16544,
    "index": 28
  },
  {
    "name": "Require(24) node_modules/_egg-logrotator@3.1.0@egg-logrotator/app/extend/application.js",
    "start": 1611388850086,
    "end": 1611388850089,
    "duration": 3,
    "pid": 16544,
    "index": 29
  },
  {
    "name": "Require(25) node_modules/_egg-view@2.1.3@egg-view/app/extend/application.js",
    "start": 1611388850090,
    "end": 1611388850092,
    "duration": 2,
    "pid": 16544,
    "index": 30
  },
  {
    "name": "Load extend/request.js",
    "start": 1611388850095,
    "end": 1611388850102,
    "duration": 7,
    "pid": 16544,
    "index": 31
  },
  {
    "name": "Require(26) node_modules/_egg@2.29.1@egg/app/extend/request.js",
    "start": 1611388850098,
    "end": 1611388850099,
    "duration": 1,
    "pid": 16544,
    "index": 32
  },
  {
    "name": "Load extend/response.js",
    "start": 1611388850102,
    "end": 1611388850112,
    "duration": 10,
    "pid": 16544,
    "index": 33
  },
  {
    "name": "Require(27) node_modules/_egg@2.29.1@egg/app/extend/response.js",
    "start": 1611388850106,
    "end": 1611388850109,
    "duration": 3,
    "pid": 16544,
    "index": 34
  },
  {
    "name": "Load extend/context.js",
    "start": 1611388850112,
    "end": 1611388850193,
    "duration": 81,
    "pid": 16544,
    "index": 35
  },
  {
    "name": "Require(28) node_modules/_egg-security@2.8.0@egg-security/app/extend/context.js",
    "start": 1611388850112,
    "end": 1611388850125,
    "duration": 13,
    "pid": 16544,
    "index": 36
  },
  {
    "name": "Require(29) node_modules/_egg-jsonp@2.0.0@egg-jsonp/app/extend/context.js",
    "start": 1611388850125,
    "end": 1611388850127,
    "duration": 2,
    "pid": 16544,
    "index": 37
  },
  {
    "name": "Require(30) node_modules/_egg-i18n@2.1.1@egg-i18n/app/extend/context.js",
    "start": 1611388850128,
    "end": 1611388850128,
    "duration": 0,
    "pid": 16544,
    "index": 38
  },
  {
    "name": "Require(31) node_modules/_egg-multipart@2.10.3@egg-multipart/app/extend/context.js",
    "start": 1611388850129,
    "end": 1611388850184,
    "duration": 55,
    "pid": 16544,
    "index": 39
  },
  {
    "name": "Require(32) node_modules/_egg-view@2.1.3@egg-view/app/extend/context.js",
    "start": 1611388850185,
    "end": 1611388850186,
    "duration": 1,
    "pid": 16544,
    "index": 40
  },
  {
    "name": "Require(33) node_modules/_egg@2.29.1@egg/app/extend/context.js",
    "start": 1611388850187,
    "end": 1611388850189,
    "duration": 2,
    "pid": 16544,
    "index": 41
  },
  {
    "name": "Load extend/helper.js",
    "start": 1611388850193,
    "end": 1611388850219,
    "duration": 26,
    "pid": 16544,
    "index": 42
  },
  {
    "name": "Require(34) node_modules/_egg-security@2.8.0@egg-security/app/extend/helper.js",
    "start": 1611388850193,
    "end": 1611388850213,
    "duration": 20,
    "pid": 16544,
    "index": 43
  },
  {
    "name": "Require(35) node_modules/_egg@2.29.1@egg/app/extend/helper.js",
    "start": 1611388850216,
    "end": 1611388850216,
    "duration": 0,
    "pid": 16544,
    "index": 44
  },
  {
    "name": "Load app.js",
    "start": 1611388850220,
    "end": 1611388850253,
    "duration": 33,
    "pid": 16544,
    "index": 45
  },
  {
    "name": "Require(36) node_modules/_egg-session@3.2.0@egg-session/app.js",
    "start": 1611388850220,
    "end": 1611388850220,
    "duration": 0,
    "pid": 16544,
    "index": 46
  },
  {
    "name": "Require(37) node_modules/_egg-security@2.8.0@egg-security/app.js",
    "start": 1611388850221,
    "end": 1611388850223,
    "duration": 2,
    "pid": 16544,
    "index": 47
  },
  {
    "name": "Require(38) node_modules/_egg-onerror@2.1.0@egg-onerror/app.js",
    "start": 1611388850223,
    "end": 1611388850233,
    "duration": 10,
    "pid": 16544,
    "index": 48
  },
  {
    "name": "Require(39) node_modules/_egg-i18n@2.1.1@egg-i18n/app.js",
    "start": 1611388850234,
    "end": 1611388850241,
    "duration": 7,
    "pid": 16544,
    "index": 49
  },
  {
    "name": "Require(40) node_modules/_egg-watcher@3.1.1@egg-watcher/app.js",
    "start": 1611388850241,
    "end": 1611388850246,
    "duration": 5,
    "pid": 16544,
    "index": 50
  },
  {
    "name": "Require(41) node_modules/_egg-schedule@3.6.6@egg-schedule/app.js",
    "start": 1611388850246,
    "end": 1611388850248,
    "duration": 2,
    "pid": 16544,
    "index": 51
  },
  {
    "name": "Require(42) node_modules/_egg-multipart@2.10.3@egg-multipart/app.js",
    "start": 1611388850249,
    "end": 1611388850249,
    "duration": 0,
    "pid": 16544,
    "index": 52
  },
  {
    "name": "Require(43) node_modules/_egg-development@2.7.0@egg-development/app.js",
    "start": 1611388850250,
    "end": 1611388850250,
    "duration": 0,
    "pid": 16544,
    "index": 53
  },
  {
    "name": "Require(44) node_modules/_egg-logrotator@3.1.0@egg-logrotator/app.js",
    "start": 1611388850250,
    "end": 1611388850250,
    "duration": 0,
    "pid": 16544,
    "index": 54
  },
  {
    "name": "Require(45) node_modules/_egg-static@2.2.0@egg-static/app.js",
    "start": 1611388850251,
    "end": 1611388850251,
    "duration": 0,
    "pid": 16544,
    "index": 55
  },
  {
    "name": "Require(46) node_modules/_egg-view-ejs@2.0.1@egg-view-ejs/app.js",
    "start": 1611388850251,
    "end": 1611388850252,
    "duration": 1,
    "pid": 16544,
    "index": 56
  },
  {
    "name": "Before Start in node_modules/_egg-watcher@3.1.1@egg-watcher/lib/init.js:15:14",
    "start": 1611388850261,
    "end": 1611388850624,
    "duration": 363,
    "pid": 16544,
    "index": 57
  },
  {
    "name": "Load Service",
    "start": 1611388850297,
    "end": 1611388850303,
    "duration": 6,
    "pid": 16544,
    "index": 58
  },
  {
    "name": "Load \"service\" to Context",
    "start": 1611388850298,
    "end": 1611388850303,
    "duration": 5,
    "pid": 16544,
    "index": 59
  },
  {
    "name": "Load Middleware",
    "start": 1611388850303,
    "end": 1611388850492,
    "duration": 189,
    "pid": 16544,
    "index": 60
  },
  {
    "name": "Load \"middlewares\" to Application",
    "start": 1611388850303,
    "end": 1611388850464,
    "duration": 161,
    "pid": 16544,
    "index": 61
  },
  {
    "name": "Load Controller",
    "start": 1611388850492,
    "end": 1611388850503,
    "duration": 11,
    "pid": 16544,
    "index": 62
  },
  {
    "name": "Load \"controller\" to Application",
    "start": 1611388850492,
    "end": 1611388850503,
    "duration": 11,
    "pid": 16544,
    "index": 63
  },
  {
    "name": "Load Router",
    "start": 1611388850503,
    "end": 1611388850509,
    "duration": 6,
    "pid": 16544,
    "index": 64
  },
  {
    "name": "Require(47) app/router.js",
    "start": 1611388850504,
    "end": 1611388850504,
    "duration": 0,
    "pid": 16544,
    "index": 65
  },
  {
    "name": "Before Start in node_modules/_egg-core@4.20.0@egg-core/lib/egg.js:303:10",
    "start": 1611388850505,
    "end": 1611388850518,
    "duration": 13,
    "pid": 16544,
    "index": 66
  }
]