[
  {
    "name": "Process Start",
    "start": 1611388802682,
    "end": 1611388803744,
    "duration": 1062,
    "pid": 19392,
    "index": 0
  },
  {
    "name": "Application Start",
    "start": 1611388803745,
    "end": 1611388804169,
    "duration": 424,
    "pid": 19392,
    "index": 1
  },
  {
    "name": "Load Plugin",
    "start": 1611388803749,
    "end": 1611388803768,
    "duration": 19,
    "pid": 19392,
    "index": 2
  },
  {
    "name": "Load Config",
    "start": 1611388803768,
    "end": 1611388803788,
    "duration": 20,
    "pid": 19392,
    "index": 3
  },
  {
    "name": "Require(0) config/config.default.js",
    "start": 1611388803769,
    "end": 1611388803769,
    "duration": 0,
    "pid": 19392,
    "index": 4
  },
  {
    "name": "Require(1) node_modules/_egg-session@3.2.0@egg-session/config/config.default.js",
    "start": 1611388803771,
    "end": 1611388803771,
    "duration": 0,
    "pid": 19392,
    "index": 5
  },
  {
    "name": "Require(2) node_modules/_egg-security@2.8.0@egg-security/config/config.default.js",
    "start": 1611388803771,
    "end": 1611388803772,
    "duration": 1,
    "pid": 19392,
    "index": 6
  },
  {
    "name": "Require(3) node_modules/_egg-jsonp@2.0.0@egg-jsonp/config/config.default.js",
    "start": 1611388803773,
    "end": 1611388803773,
    "duration": 0,
    "pid": 19392,
    "index": 7
  },
  {
    "name": "Require(4) node_modules/_egg-onerror@2.1.0@egg-onerror/config/config.default.js",
    "start": 1611388803773,
    "end": 1611388803774,
    "duration": 1,
    "pid": 19392,
    "index": 8
  },
  {
    "name": "Require(5) node_modules/_egg-i18n@2.1.1@egg-i18n/config/config.default.js",
    "start": 1611388803774,
    "end": 1611388803774,
    "duration": 0,
    "pid": 19392,
    "index": 9
  },
  {
    "name": "Require(6) node_modules/_egg-watcher@3.1.1@egg-watcher/config/config.default.js",
    "start": 1611388803775,
    "end": 1611388803775,
    "duration": 0,
    "pid": 19392,
    "index": 10
  },
  {
    "name": "Require(7) node_modules/_egg-schedule@3.6.6@egg-schedule/config/config.default.js",
    "start": 1611388803776,
    "end": 1611388803776,
    "duration": 0,
    "pid": 19392,
    "index": 11
  },
  {
    "name": "Require(8) node_modules/_egg-multipart@2.10.3@egg-multipart/config/config.default.js",
    "start": 1611388803777,
    "end": 1611388803777,
    "duration": 0,
    "pid": 19392,
    "index": 12
  },
  {
    "name": "Require(9) node_modules/_egg-development@2.7.0@egg-development/config/config.default.js",
    "start": 1611388803778,
    "end": 1611388803778,
    "duration": 0,
    "pid": 19392,
    "index": 13
  },
  {
    "name": "Require(10) node_modules/_egg-logrotator@3.1.0@egg-logrotator/config/config.default.js",
    "start": 1611388803778,
    "end": 1611388803779,
    "duration": 1,
    "pid": 19392,
    "index": 14
  },
  {
    "name": "Require(11) node_modules/_egg-static@2.2.0@egg-static/config/config.default.js",
    "start": 1611388803779,
    "end": 1611388803779,
    "duration": 0,
    "pid": 19392,
    "index": 15
  },
  {
    "name": "Require(12) node_modules/_egg-view@2.1.3@egg-view/config/config.default.js",
    "start": 1611388803780,
    "end": 1611388803780,
    "duration": 0,
    "pid": 19392,
    "index": 16
  },
  {
    "name": "Require(13) node_modules/_egg-view-ejs@2.0.1@egg-view-ejs/config/config.default.js",
    "start": 1611388803781,
    "end": 1611388803781,
    "duration": 0,
    "pid": 19392,
    "index": 17
  },
  {
    "name": "Require(14) node_modules/_egg@2.29.1@egg/config/config.default.js",
    "start": 1611388803782,
    "end": 1611388803782,
    "duration": 0,
    "pid": 19392,
    "index": 18
  },
  {
    "name": "Require(15) config/config.default.js",
    "start": 1611388803783,
    "end": 1611388803783,
    "duration": 0,
    "pid": 19392,
    "index": 19
  },
  {
    "name": "Require(16) node_modules/_egg-security@2.8.0@egg-security/config/config.local.js",
    "start": 1611388803784,
    "end": 1611388803784,
    "duration": 0,
    "pid": 19392,
    "index": 20
  },
  {
    "name": "Require(17) node_modules/_egg-watcher@3.1.1@egg-watcher/config/config.local.js",
    "start": 1611388803785,
    "end": 1611388803785,
    "duration": 0,
    "pid": 19392,
    "index": 21
  },
  {
    "name": "Require(18) node_modules/_egg-view@2.1.3@egg-view/config/config.local.js",
    "start": 1611388803787,
    "end": 1611388803787,
    "duration": 0,
    "pid": 19392,
    "index": 22
  },
  {
    "name": "Require(19) node_modules/_egg-view-ejs@2.0.1@egg-view-ejs/config/config.local.js",
    "start": 1611388803787,
    "end": 1611388803787,
    "duration": 0,
    "pid": 19392,
    "index": 23
  },
  {
    "name": "Require(20) node_modules/_egg@2.29.1@egg/config/config.local.js",
    "start": 1611388803788,
    "end": 1611388803788,
    "duration": 0,
    "pid": 19392,
    "index": 24
  },
  {
    "name": "Load extend/application.js",
    "start": 1611388803789,
    "end": 1611388803805,
    "duration": 16,
    "pid": 19392,
    "index": 25
  },
  {
    "name": "Require(21) node_modules/_egg-session@3.2.0@egg-session/app/extend/application.js",
    "start": 1611388803790,
    "end": 1611388803790,
    "duration": 0,
    "pid": 19392,
    "index": 26
  },
  {
    "name": "Require(22) node_modules/_egg-security@2.8.0@egg-security/app/extend/application.js",
    "start": 1611388803791,
    "end": 1611388803792,
    "duration": 1,
    "pid": 19392,
    "index": 27
  },
  {
    "name": "Require(23) node_modules/_egg-jsonp@2.0.0@egg-jsonp/app/extend/application.js",
    "start": 1611388803792,
    "end": 1611388803794,
    "duration": 2,
    "pid": 19392,
    "index": 28
  },
  {
    "name": "Require(24) node_modules/_egg-logrotator@3.1.0@egg-logrotator/app/extend/application.js",
    "start": 1611388803796,
    "end": 1611388803799,
    "duration": 3,
    "pid": 19392,
    "index": 29
  },
  {
    "name": "Require(25) node_modules/_egg-view@2.1.3@egg-view/app/extend/application.js",
    "start": 1611388803800,
    "end": 1611388803802,
    "duration": 2,
    "pid": 19392,
    "index": 30
  },
  {
    "name": "Load extend/request.js",
    "start": 1611388803805,
    "end": 1611388803813,
    "duration": 8,
    "pid": 19392,
    "index": 31
  },
  {
    "name": "Require(26) node_modules/_egg@2.29.1@egg/app/extend/request.js",
    "start": 1611388803808,
    "end": 1611388803809,
    "duration": 1,
    "pid": 19392,
    "index": 32
  },
  {
    "name": "Load extend/response.js",
    "start": 1611388803813,
    "end": 1611388803821,
    "duration": 8,
    "pid": 19392,
    "index": 33
  },
  {
    "name": "Require(27) node_modules/_egg@2.29.1@egg/app/extend/response.js",
    "start": 1611388803816,
    "end": 1611388803818,
    "duration": 2,
    "pid": 19392,
    "index": 34
  },
  {
    "name": "Load extend/context.js",
    "start": 1611388803821,
    "end": 1611388803889,
    "duration": 68,
    "pid": 19392,
    "index": 35
  },
  {
    "name": "Require(28) node_modules/_egg-security@2.8.0@egg-security/app/extend/context.js",
    "start": 1611388803822,
    "end": 1611388803835,
    "duration": 13,
    "pid": 19392,
    "index": 36
  },
  {
    "name": "Require(29) node_modules/_egg-jsonp@2.0.0@egg-jsonp/app/extend/context.js",
    "start": 1611388803835,
    "end": 1611388803837,
    "duration": 2,
    "pid": 19392,
    "index": 37
  },
  {
    "name": "Require(30) node_modules/_egg-i18n@2.1.1@egg-i18n/app/extend/context.js",
    "start": 1611388803838,
    "end": 1611388803838,
    "duration": 0,
    "pid": 19392,
    "index": 38
  },
  {
    "name": "Require(31) node_modules/_egg-multipart@2.10.3@egg-multipart/app/extend/context.js",
    "start": 1611388803839,
    "end": 1611388803882,
    "duration": 43,
    "pid": 19392,
    "index": 39
  },
  {
    "name": "Require(32) node_modules/_egg-view@2.1.3@egg-view/app/extend/context.js",
    "start": 1611388803883,
    "end": 1611388803884,
    "duration": 1,
    "pid": 19392,
    "index": 40
  },
  {
    "name": "Require(33) node_modules/_egg@2.29.1@egg/app/extend/context.js",
    "start": 1611388803884,
    "end": 1611388803886,
    "duration": 2,
    "pid": 19392,
    "index": 41
  },
  {
    "name": "Load extend/helper.js",
    "start": 1611388803889,
    "end": 1611388803919,
    "duration": 30,
    "pid": 19392,
    "index": 42
  },
  {
    "name": "Require(34) node_modules/_egg-security@2.8.0@egg-security/app/extend/helper.js",
    "start": 1611388803890,
    "end": 1611388803914,
    "duration": 24,
    "pid": 19392,
    "index": 43
  },
  {
    "name": "Require(35) node_modules/_egg@2.29.1@egg/app/extend/helper.js",
    "start": 1611388803916,
    "end": 1611388803916,
    "duration": 0,
    "pid": 19392,
    "index": 44
  },
  {
    "name": "Load app.js",
    "start": 1611388803919,
    "end": 1611388803955,
    "duration": 36,
    "pid": 19392,
    "index": 45
  },
  {
    "name": "Require(36) node_modules/_egg-session@3.2.0@egg-session/app.js",
    "start": 1611388803919,
    "end": 1611388803920,
    "duration": 1,
    "pid": 19392,
    "index": 46
  },
  {
    "name": "Require(37) node_modules/_egg-security@2.8.0@egg-security/app.js",
    "start": 1611388803920,
    "end": 1611388803922,
    "duration": 2,
    "pid": 19392,
    "index": 47
  },
  {
    "name": "Require(38) node_modules/_egg-onerror@2.1.0@egg-onerror/app.js",
    "start": 1611388803922,
    "end": 1611388803932,
    "duration": 10,
    "pid": 19392,
    "index": 48
  },
  {
    "name": "Require(39) node_modules/_egg-i18n@2.1.1@egg-i18n/app.js",
    "start": 1611388803932,
    "end": 1611388803941,
    "duration": 9,
    "pid": 19392,
    "index": 49
  },
  {
    "name": "Require(40) node_modules/_egg-watcher@3.1.1@egg-watcher/app.js",
    "start": 1611388803942,
    "end": 1611388803948,
    "duration": 6,
    "pid": 19392,
    "index": 50
  },
  {
    "name": "Require(41) node_modules/_egg-schedule@3.6.6@egg-schedule/app.js",
    "start": 1611388803948,
    "end": 1611388803950,
    "duration": 2,
    "pid": 19392,
    "index": 51
  },
  {
    "name": "Require(42) node_modules/_egg-multipart@2.10.3@egg-multipart/app.js",
    "start": 1611388803950,
    "end": 1611388803951,
    "duration": 1,
    "pid": 19392,
    "index": 52
  },
  {
    "name": "Require(43) node_modules/_egg-development@2.7.0@egg-development/app.js",
    "start": 1611388803951,
    "end": 1611388803952,
    "duration": 1,
    "pid": 19392,
    "index": 53
  },
  {
    "name": "Require(44) node_modules/_egg-logrotator@3.1.0@egg-logrotator/app.js",
    "start": 1611388803952,
    "end": 1611388803952,
    "duration": 0,
    "pid": 19392,
    "index": 54
  },
  {
    "name": "Require(45) node_modules/_egg-static@2.2.0@egg-static/app.js",
    "start": 1611388803952,
    "end": 1611388803953,
    "duration": 1,
    "pid": 19392,
    "index": 55
  },
  {
    "name": "Require(46) node_modules/_egg-view-ejs@2.0.1@egg-view-ejs/app.js",
    "start": 1611388803953,
    "end": 1611388803953,
    "duration": 0,
    "pid": 19392,
    "index": 56
  },
  {
    "name": "Before Start in node_modules/_egg-watcher@3.1.1@egg-watcher/lib/init.js:15:14",
    "start": 1611388803966,
    "end": 1611388804169,
    "duration": 203,
    "pid": 19392,
    "index": 57
  },
  {
    "name": "Load Service",
    "start": 1611388804001,
    "end": 1611388804006,
    "duration": 5,
    "pid": 19392,
    "index": 58
  },
  {
    "name": "Load \"service\" to Context",
    "start": 1611388804001,
    "end": 1611388804006,
    "duration": 5,
    "pid": 19392,
    "index": 59
  },
  {
    "name": "Load Middleware",
    "start": 1611388804006,
    "end": 1611388804143,
    "duration": 137,
    "pid": 19392,
    "index": 60
  },
  {
    "name": "Load \"middlewares\" to Application",
    "start": 1611388804008,
    "end": 1611388804127,
    "duration": 119,
    "pid": 19392,
    "index": 61
  },
  {
    "name": "Load Controller",
    "start": 1611388804144,
    "end": 1611388804151,
    "duration": 7,
    "pid": 19392,
    "index": 62
  },
  {
    "name": "Load \"controller\" to Application",
    "start": 1611388804144,
    "end": 1611388804151,
    "duration": 7,
    "pid": 19392,
    "index": 63
  },
  {
    "name": "Load Router",
    "start": 1611388804151,
    "end": 1611388804155,
    "duration": 4,
    "pid": 19392,
    "index": 64
  },
  {
    "name": "Require(47) app/router.js",
    "start": 1611388804151,
    "end": 1611388804151,
    "duration": 0,
    "pid": 19392,
    "index": 65
  },
  {
    "name": "Before Start in node_modules/_egg-core@4.20.0@egg-core/lib/egg.js:303:10",
    "start": 1611388804152,
    "end": 1611388804161,
    "duration": 9,
    "pid": 19392,
    "index": 66
  }
]