[
  {
    "name": "Process Start",
    "start": 1611388850855,
    "end": 1611388851943,
    "duration": 1088,
    "pid": 19856,
    "index": 0
  },
  {
    "name": "Application Start",
    "start": 1611388851944,
    "end": 1611388852388,
    "duration": 444,
    "pid": 19856,
    "index": 1
  },
  {
    "name": "Load Plugin",
    "start": 1611388851948,
    "end": 1611388851970,
    "duration": 22,
    "pid": 19856,
    "index": 2
  },
  {
    "name": "Load Config",
    "start": 1611388851970,
    "end": 1611388851994,
    "duration": 24,
    "pid": 19856,
    "index": 3
  },
  {
    "name": "Require(0) config/config.default.js",
    "start": 1611388851971,
    "end": 1611388851971,
    "duration": 0,
    "pid": 19856,
    "index": 4
  },
  {
    "name": "Require(1) node_modules/_egg-session@3.2.0@egg-session/config/config.default.js",
    "start": 1611388851973,
    "end": 1611388851973,
    "duration": 0,
    "pid": 19856,
    "index": 5
  },
  {
    "name": "Require(2) node_modules/_egg-security@2.8.0@egg-security/config/config.default.js",
    "start": 1611388851974,
    "end": 1611388851974,
    "duration": 0,
    "pid": 19856,
    "index": 6
  },
  {
    "name": "Require(3) node_modules/_egg-jsonp@2.0.0@egg-jsonp/config/config.default.js",
    "start": 1611388851975,
    "end": 1611388851976,
    "duration": 1,
    "pid": 19856,
    "index": 7
  },
  {
    "name": "Require(4) node_modules/_egg-onerror@2.1.0@egg-onerror/config/config.default.js",
    "start": 1611388851976,
    "end": 1611388851976,
    "duration": 0,
    "pid": 19856,
    "index": 8
  },
  {
    "name": "Require(5) node_modules/_egg-i18n@2.1.1@egg-i18n/config/config.default.js",
    "start": 1611388851977,
    "end": 1611388851977,
    "duration": 0,
    "pid": 19856,
    "index": 9
  },
  {
    "name": "Require(6) node_modules/_egg-watcher@3.1.1@egg-watcher/config/config.default.js",
    "start": 1611388851978,
    "end": 1611388851979,
    "duration": 1,
    "pid": 19856,
    "index": 10
  },
  {
    "name": "Require(7) node_modules/_egg-schedule@3.6.6@egg-schedule/config/config.default.js",
    "start": 1611388851979,
    "end": 1611388851980,
    "duration": 1,
    "pid": 19856,
    "index": 11
  },
  {
    "name": "Require(8) node_modules/_egg-multipart@2.10.3@egg-multipart/config/config.default.js",
    "start": 1611388851980,
    "end": 1611388851981,
    "duration": 1,
    "pid": 19856,
    "index": 12
  },
  {
    "name": "Require(9) node_modules/_egg-development@2.7.0@egg-development/config/config.default.js",
    "start": 1611388851982,
    "end": 1611388851982,
    "duration": 0,
    "pid": 19856,
    "index": 13
  },
  {
    "name": "Require(10) node_modules/_egg-logrotator@3.1.0@egg-logrotator/config/config.default.js",
    "start": 1611388851983,
    "end": 1611388851983,
    "duration": 0,
    "pid": 19856,
    "index": 14
  },
  {
    "name": "Require(11) node_modules/_egg-static@2.2.0@egg-static/config/config.default.js",
    "start": 1611388851983,
    "end": 1611388851984,
    "duration": 1,
    "pid": 19856,
    "index": 15
  },
  {
    "name": "Require(12) node_modules/_egg-view@2.1.3@egg-view/config/config.default.js",
    "start": 1611388851985,
    "end": 1611388851985,
    "duration": 0,
    "pid": 19856,
    "index": 16
  },
  {
    "name": "Require(13) node_modules/_egg-view-ejs@2.0.1@egg-view-ejs/config/config.default.js",
    "start": 1611388851986,
    "end": 1611388851986,
    "duration": 0,
    "pid": 19856,
    "index": 17
  },
  {
    "name": "Require(14) node_modules/_egg@2.29.1@egg/config/config.default.js",
    "start": 1611388851986,
    "end": 1611388851987,
    "duration": 1,
    "pid": 19856,
    "index": 18
  },
  {
    "name": "Require(15) config/config.default.js",
    "start": 1611388851988,
    "end": 1611388851988,
    "duration": 0,
    "pid": 19856,
    "index": 19
  },
  {
    "name": "Require(16) node_modules/_egg-security@2.8.0@egg-security/config/config.local.js",
    "start": 1611388851989,
    "end": 1611388851989,
    "duration": 0,
    "pid": 19856,
    "index": 20
  },
  {
    "name": "Require(17) node_modules/_egg-watcher@3.1.1@egg-watcher/config/config.local.js",
    "start": 1611388851990,
    "end": 1611388851991,
    "duration": 1,
    "pid": 19856,
    "index": 21
  },
  {
    "name": "Require(18) node_modules/_egg-view@2.1.3@egg-view/config/config.local.js",
    "start": 1611388851992,
    "end": 1611388851992,
    "duration": 0,
    "pid": 19856,
    "index": 22
  },
  {
    "name": "Require(19) node_modules/_egg-view-ejs@2.0.1@egg-view-ejs/config/config.local.js",
    "start": 1611388851993,
    "end": 1611388851993,
    "duration": 0,
    "pid": 19856,
    "index": 23
  },
  {
    "name": "Require(20) node_modules/_egg@2.29.1@egg/config/config.local.js",
    "start": 1611388851993,
    "end": 1611388851994,
    "duration": 1,
    "pid": 19856,
    "index": 24
  },
  {
    "name": "Load extend/application.js",
    "start": 1611388851995,
    "end": 1611388852012,
    "duration": 17,
    "pid": 19856,
    "index": 25
  },
  {
    "name": "Require(21) node_modules/_egg-session@3.2.0@egg-session/app/extend/application.js",
    "start": 1611388851996,
    "end": 1611388851996,
    "duration": 0,
    "pid": 19856,
    "index": 26
  },
  {
    "name": "Require(22) node_modules/_egg-security@2.8.0@egg-security/app/extend/application.js",
    "start": 1611388851997,
    "end": 1611388851998,
    "duration": 1,
    "pid": 19856,
    "index": 27
  },
  {
    "name": "Require(23) node_modules/_egg-jsonp@2.0.0@egg-jsonp/app/extend/application.js",
    "start": 1611388851998,
    "end": 1611388852001,
    "duration": 3,
    "pid": 19856,
    "index": 28
  },
  {
    "name": "Require(24) node_modules/_egg-logrotator@3.1.0@egg-logrotator/app/extend/application.js",
    "start": 1611388852003,
    "end": 1611388852006,
    "duration": 3,
    "pid": 19856,
    "index": 29
  },
  {
    "name": "Require(25) node_modules/_egg-view@2.1.3@egg-view/app/extend/application.js",
    "start": 1611388852007,
    "end": 1611388852009,
    "duration": 2,
    "pid": 19856,
    "index": 30
  },
  {
    "name": "Load extend/request.js",
    "start": 1611388852013,
    "end": 1611388852021,
    "duration": 8,
    "pid": 19856,
    "index": 31
  },
  {
    "name": "Require(26) node_modules/_egg@2.29.1@egg/app/extend/request.js",
    "start": 1611388852016,
    "end": 1611388852017,
    "duration": 1,
    "pid": 19856,
    "index": 32
  },
  {
    "name": "Load extend/response.js",
    "start": 1611388852021,
    "end": 1611388852032,
    "duration": 11,
    "pid": 19856,
    "index": 33
  },
  {
    "name": "Require(27) node_modules/_egg@2.29.1@egg/app/extend/response.js",
    "start": 1611388852026,
    "end": 1611388852029,
    "duration": 3,
    "pid": 19856,
    "index": 34
  },
  {
    "name": "Load extend/context.js",
    "start": 1611388852032,
    "end": 1611388852101,
    "duration": 69,
    "pid": 19856,
    "index": 35
  },
  {
    "name": "Require(28) node_modules/_egg-security@2.8.0@egg-security/app/extend/context.js",
    "start": 1611388852033,
    "end": 1611388852046,
    "duration": 13,
    "pid": 19856,
    "index": 36
  },
  {
    "name": "Require(29) node_modules/_egg-jsonp@2.0.0@egg-jsonp/app/extend/context.js",
    "start": 1611388852047,
    "end": 1611388852048,
    "duration": 1,
    "pid": 19856,
    "index": 37
  },
  {
    "name": "Require(30) node_modules/_egg-i18n@2.1.1@egg-i18n/app/extend/context.js",
    "start": 1611388852049,
    "end": 1611388852049,
    "duration": 0,
    "pid": 19856,
    "index": 38
  },
  {
    "name": "Require(31) node_modules/_egg-multipart@2.10.3@egg-multipart/app/extend/context.js",
    "start": 1611388852050,
    "end": 1611388852094,
    "duration": 44,
    "pid": 19856,
    "index": 39
  },
  {
    "name": "Require(32) node_modules/_egg-view@2.1.3@egg-view/app/extend/context.js",
    "start": 1611388852095,
    "end": 1611388852096,
    "duration": 1,
    "pid": 19856,
    "index": 40
  },
  {
    "name": "Require(33) node_modules/_egg@2.29.1@egg/app/extend/context.js",
    "start": 1611388852097,
    "end": 1611388852098,
    "duration": 1,
    "pid": 19856,
    "index": 41
  },
  {
    "name": "Load extend/helper.js",
    "start": 1611388852101,
    "end": 1611388852123,
    "duration": 22,
    "pid": 19856,
    "index": 42
  },
  {
    "name": "Require(34) node_modules/_egg-security@2.8.0@egg-security/app/extend/helper.js",
    "start": 1611388852102,
    "end": 1611388852118,
    "duration": 16,
    "pid": 19856,
    "index": 43
  },
  {
    "name": "Require(35) node_modules/_egg@2.29.1@egg/app/extend/helper.js",
    "start": 1611388852120,
    "end": 1611388852120,
    "duration": 0,
    "pid": 19856,
    "index": 44
  },
  {
    "name": "Load app.js",
    "start": 1611388852123,
    "end": 1611388852156,
    "duration": 33,
    "pid": 19856,
    "index": 45
  },
  {
    "name": "Require(36) node_modules/_egg-session@3.2.0@egg-session/app.js",
    "start": 1611388852124,
    "end": 1611388852124,
    "duration": 0,
    "pid": 19856,
    "index": 46
  },
  {
    "name": "Require(37) node_modules/_egg-security@2.8.0@egg-security/app.js",
    "start": 1611388852124,
    "end": 1611388852126,
    "duration": 2,
    "pid": 19856,
    "index": 47
  },
  {
    "name": "Require(38) node_modules/_egg-onerror@2.1.0@egg-onerror/app.js",
    "start": 1611388852127,
    "end": 1611388852137,
    "duration": 10,
    "pid": 19856,
    "index": 48
  },
  {
    "name": "Require(39) node_modules/_egg-i18n@2.1.1@egg-i18n/app.js",
    "start": 1611388852137,
    "end": 1611388852145,
    "duration": 8,
    "pid": 19856,
    "index": 49
  },
  {
    "name": "Require(40) node_modules/_egg-watcher@3.1.1@egg-watcher/app.js",
    "start": 1611388852146,
    "end": 1611388852150,
    "duration": 4,
    "pid": 19856,
    "index": 50
  },
  {
    "name": "Require(41) node_modules/_egg-schedule@3.6.6@egg-schedule/app.js",
    "start": 1611388852150,
    "end": 1611388852152,
    "duration": 2,
    "pid": 19856,
    "index": 51
  },
  {
    "name": "Require(42) node_modules/_egg-multipart@2.10.3@egg-multipart/app.js",
    "start": 1611388852152,
    "end": 1611388852153,
    "duration": 1,
    "pid": 19856,
    "index": 52
  },
  {
    "name": "Require(43) node_modules/_egg-development@2.7.0@egg-development/app.js",
    "start": 1611388852153,
    "end": 1611388852153,
    "duration": 0,
    "pid": 19856,
    "index": 53
  },
  {
    "name": "Require(44) node_modules/_egg-logrotator@3.1.0@egg-logrotator/app.js",
    "start": 1611388852154,
    "end": 1611388852154,
    "duration": 0,
    "pid": 19856,
    "index": 54
  },
  {
    "name": "Require(45) node_modules/_egg-static@2.2.0@egg-static/app.js",
    "start": 1611388852154,
    "end": 1611388852155,
    "duration": 1,
    "pid": 19856,
    "index": 55
  },
  {
    "name": "Require(46) node_modules/_egg-view-ejs@2.0.1@egg-view-ejs/app.js",
    "start": 1611388852155,
    "end": 1611388852155,
    "duration": 0,
    "pid": 19856,
    "index": 56
  },
  {
    "name": "Before Start in node_modules/_egg-watcher@3.1.1@egg-watcher/lib/init.js:15:14",
    "start": 1611388852164,
    "end": 1611388852388,
    "duration": 224,
    "pid": 19856,
    "index": 57
  },
  {
    "name": "Load Service",
    "start": 1611388852198,
    "end": 1611388852203,
    "duration": 5,
    "pid": 19856,
    "index": 58
  },
  {
    "name": "Load \"service\" to Context",
    "start": 1611388852198,
    "end": 1611388852203,
    "duration": 5,
    "pid": 19856,
    "index": 59
  },
  {
    "name": "Load Middleware",
    "start": 1611388852203,
    "end": 1611388852361,
    "duration": 158,
    "pid": 19856,
    "index": 60
  },
  {
    "name": "Load \"middlewares\" to Application",
    "start": 1611388852203,
    "end": 1611388852345,
    "duration": 142,
    "pid": 19856,
    "index": 61
  },
  {
    "name": "Load Controller",
    "start": 1611388852361,
    "end": 1611388852370,
    "duration": 9,
    "pid": 19856,
    "index": 62
  },
  {
    "name": "Load \"controller\" to Application",
    "start": 1611388852361,
    "end": 1611388852370,
    "duration": 9,
    "pid": 19856,
    "index": 63
  },
  {
    "name": "Load Router",
    "start": 1611388852370,
    "end": 1611388852374,
    "duration": 4,
    "pid": 19856,
    "index": 64
  },
  {
    "name": "Require(47) app/router.js",
    "start": 1611388852371,
    "end": 1611388852371,
    "duration": 0,
    "pid": 19856,
    "index": 65
  },
  {
    "name": "Before Start in node_modules/_egg-core@4.20.0@egg-core/lib/egg.js:303:10",
    "start": 1611388852372,
    "end": 1611388852382,
    "duration": 10,
    "pid": 19856,
    "index": 66
  }
]