[
  {
    "name": "Process Start",
    "start": 1611388719859,
    "end": 1611388720925,
    "duration": 1066,
    "pid": 17788,
    "index": 0
  },
  {
    "name": "Application Start",
    "start": 1611388720926,
    "end": 1611388721361,
    "duration": 435,
    "pid": 17788,
    "index": 1
  },
  {
    "name": "Load Plugin",
    "start": 1611388720931,
    "end": 1611388720951,
    "duration": 20,
    "pid": 17788,
    "index": 2
  },
  {
    "name": "Load Config",
    "start": 1611388720951,
    "end": 1611388720976,
    "duration": 25,
    "pid": 17788,
    "index": 3
  },
  {
    "name": "Require(0) config/config.default.js",
    "start": 1611388720952,
    "end": 1611388720952,
    "duration": 0,
    "pid": 17788,
    "index": 4
  },
  {
    "name": "Require(1) node_modules/_egg-session@3.2.0@egg-session/config/config.default.js",
    "start": 1611388720954,
    "end": 1611388720954,
    "duration": 0,
    "pid": 17788,
    "index": 5
  },
  {
    "name": "Require(2) node_modules/_egg-security@2.8.0@egg-security/config/config.default.js",
    "start": 1611388720955,
    "end": 1611388720955,
    "duration": 0,
    "pid": 17788,
    "index": 6
  },
  {
    "name": "Require(3) node_modules/_egg-jsonp@2.0.0@egg-jsonp/config/config.default.js",
    "start": 1611388720956,
    "end": 1611388720956,
    "duration": 0,
    "pid": 17788,
    "index": 7
  },
  {
    "name": "Require(4) node_modules/_egg-onerror@2.1.0@egg-onerror/config/config.default.js",
    "start": 1611388720957,
    "end": 1611388720957,
    "duration": 0,
    "pid": 17788,
    "index": 8
  },
  {
    "name": "Require(5) node_modules/_egg-i18n@2.1.1@egg-i18n/config/config.default.js",
    "start": 1611388720958,
    "end": 1611388720958,
    "duration": 0,
    "pid": 17788,
    "index": 9
  },
  {
    "name": "Require(6) node_modules/_egg-watcher@3.1.1@egg-watcher/config/config.default.js",
    "start": 1611388720959,
    "end": 1611388720960,
    "duration": 1,
    "pid": 17788,
    "index": 10
  },
  {
    "name": "Require(7) node_modules/_egg-schedule@3.6.6@egg-schedule/config/config.default.js",
    "start": 1611388720960,
    "end": 1611388720961,
    "duration": 1,
    "pid": 17788,
    "index": 11
  },
  {
    "name": "Require(8) node_modules/_egg-multipart@2.10.3@egg-multipart/config/config.default.js",
    "start": 1611388720961,
    "end": 1611388720962,
    "duration": 1,
    "pid": 17788,
    "index": 12
  },
  {
    "name": "Require(9) node_modules/_egg-development@2.7.0@egg-development/config/config.default.js",
    "start": 1611388720963,
    "end": 1611388720963,
    "duration": 0,
    "pid": 17788,
    "index": 13
  },
  {
    "name": "Require(10) node_modules/_egg-logrotator@3.1.0@egg-logrotator/config/config.default.js",
    "start": 1611388720964,
    "end": 1611388720964,
    "duration": 0,
    "pid": 17788,
    "index": 14
  },
  {
    "name": "Require(11) node_modules/_egg-static@2.2.0@egg-static/config/config.default.js",
    "start": 1611388720965,
    "end": 1611388720965,
    "duration": 0,
    "pid": 17788,
    "index": 15
  },
  {
    "name": "Require(12) node_modules/_egg-view@2.1.3@egg-view/config/config.default.js",
    "start": 1611388720966,
    "end": 1611388720966,
    "duration": 0,
    "pid": 17788,
    "index": 16
  },
  {
    "name": "Require(13) node_modules/_egg-view-ejs@2.0.1@egg-view-ejs/config/config.default.js",
    "start": 1611388720967,
    "end": 1611388720968,
    "duration": 1,
    "pid": 17788,
    "index": 17
  },
  {
    "name": "Require(14) node_modules/_egg@2.29.1@egg/config/config.default.js",
    "start": 1611388720968,
    "end": 1611388720968,
    "duration": 0,
    "pid": 17788,
    "index": 18
  },
  {
    "name": "Require(15) config/config.default.js",
    "start": 1611388720970,
    "end": 1611388720970,
    "duration": 0,
    "pid": 17788,
    "index": 19
  },
  {
    "name": "Require(16) node_modules/_egg-security@2.8.0@egg-security/config/config.local.js",
    "start": 1611388720970,
    "end": 1611388720971,
    "duration": 1,
    "pid": 17788,
    "index": 20
  },
  {
    "name": "Require(17) node_modules/_egg-watcher@3.1.1@egg-watcher/config/config.local.js",
    "start": 1611388720972,
    "end": 1611388720972,
    "duration": 0,
    "pid": 17788,
    "index": 21
  },
  {
    "name": "Require(18) node_modules/_egg-view@2.1.3@egg-view/config/config.local.js",
    "start": 1611388720974,
    "end": 1611388720974,
    "duration": 0,
    "pid": 17788,
    "index": 22
  },
  {
    "name": "Require(19) node_modules/_egg-view-ejs@2.0.1@egg-view-ejs/config/config.local.js",
    "start": 1611388720974,
    "end": 1611388720975,
    "duration": 1,
    "pid": 17788,
    "index": 23
  },
  {
    "name": "Require(20) node_modules/_egg@2.29.1@egg/config/config.local.js",
    "start": 1611388720975,
    "end": 1611388720975,
    "duration": 0,
    "pid": 17788,
    "index": 24
  },
  {
    "name": "Load extend/application.js",
    "start": 1611388720977,
    "end": 1611388720997,
    "duration": 20,
    "pid": 17788,
    "index": 25
  },
  {
    "name": "Require(21) node_modules/_egg-session@3.2.0@egg-session/app/extend/application.js",
    "start": 1611388720978,
    "end": 1611388720979,
    "duration": 1,
    "pid": 17788,
    "index": 26
  },
  {
    "name": "Require(22) node_modules/_egg-security@2.8.0@egg-security/app/extend/application.js",
    "start": 1611388720980,
    "end": 1611388720981,
    "duration": 1,
    "pid": 17788,
    "index": 27
  },
  {
    "name": "Require(23) node_modules/_egg-jsonp@2.0.0@egg-jsonp/app/extend/application.js",
    "start": 1611388720982,
    "end": 1611388720985,
    "duration": 3,
    "pid": 17788,
    "index": 28
  },
  {
    "name": "Require(24) node_modules/_egg-logrotator@3.1.0@egg-logrotator/app/extend/application.js",
    "start": 1611388720988,
    "end": 1611388720992,
    "duration": 4,
    "pid": 17788,
    "index": 29
  },
  {
    "name": "Require(25) node_modules/_egg-view@2.1.3@egg-view/app/extend/application.js",
    "start": 1611388720992,
    "end": 1611388720994,
    "duration": 2,
    "pid": 17788,
    "index": 30
  },
  {
    "name": "Load extend/request.js",
    "start": 1611388720997,
    "end": 1611388721006,
    "duration": 9,
    "pid": 17788,
    "index": 31
  },
  {
    "name": "Require(26) node_modules/_egg@2.29.1@egg/app/extend/request.js",
    "start": 1611388721000,
    "end": 1611388721002,
    "duration": 2,
    "pid": 17788,
    "index": 32
  },
  {
    "name": "Load extend/response.js",
    "start": 1611388721006,
    "end": 1611388721017,
    "duration": 11,
    "pid": 17788,
    "index": 33
  },
  {
    "name": "Require(27) node_modules/_egg@2.29.1@egg/app/extend/response.js",
    "start": 1611388721011,
    "end": 1611388721014,
    "duration": 3,
    "pid": 17788,
    "index": 34
  },
  {
    "name": "Load extend/context.js",
    "start": 1611388721017,
    "end": 1611388721088,
    "duration": 71,
    "pid": 17788,
    "index": 35
  },
  {
    "name": "Require(28) node_modules/_egg-security@2.8.0@egg-security/app/extend/context.js",
    "start": 1611388721017,
    "end": 1611388721031,
    "duration": 14,
    "pid": 17788,
    "index": 36
  },
  {
    "name": "Require(29) node_modules/_egg-jsonp@2.0.0@egg-jsonp/app/extend/context.js",
    "start": 1611388721031,
    "end": 1611388721033,
    "duration": 2,
    "pid": 17788,
    "index": 37
  },
  {
    "name": "Require(30) node_modules/_egg-i18n@2.1.1@egg-i18n/app/extend/context.js",
    "start": 1611388721033,
    "end": 1611388721034,
    "duration": 1,
    "pid": 17788,
    "index": 38
  },
  {
    "name": "Require(31) node_modules/_egg-multipart@2.10.3@egg-multipart/app/extend/context.js",
    "start": 1611388721035,
    "end": 1611388721081,
    "duration": 46,
    "pid": 17788,
    "index": 39
  },
  {
    "name": "Require(32) node_modules/_egg-view@2.1.3@egg-view/app/extend/context.js",
    "start": 1611388721082,
    "end": 1611388721083,
    "duration": 1,
    "pid": 17788,
    "index": 40
  },
  {
    "name": "Require(33) node_modules/_egg@2.29.1@egg/app/extend/context.js",
    "start": 1611388721084,
    "end": 1611388721085,
    "duration": 1,
    "pid": 17788,
    "index": 41
  },
  {
    "name": "Load extend/helper.js",
    "start": 1611388721088,
    "end": 1611388721111,
    "duration": 23,
    "pid": 17788,
    "index": 42
  },
  {
    "name": "Require(34) node_modules/_egg-security@2.8.0@egg-security/app/extend/helper.js",
    "start": 1611388721089,
    "end": 1611388721105,
    "duration": 16,
    "pid": 17788,
    "index": 43
  },
  {
    "name": "Require(35) node_modules/_egg@2.29.1@egg/app/extend/helper.js",
    "start": 1611388721107,
    "end": 1611388721108,
    "duration": 1,
    "pid": 17788,
    "index": 44
  },
  {
    "name": "Load app.js",
    "start": 1611388721111,
    "end": 1611388721147,
    "duration": 36,
    "pid": 17788,
    "index": 45
  },
  {
    "name": "Require(36) node_modules/_egg-session@3.2.0@egg-session/app.js",
    "start": 1611388721111,
    "end": 1611388721112,
    "duration": 1,
    "pid": 17788,
    "index": 46
  },
  {
    "name": "Require(37) node_modules/_egg-security@2.8.0@egg-security/app.js",
    "start": 1611388721112,
    "end": 1611388721115,
    "duration": 3,
    "pid": 17788,
    "index": 47
  },
  {
    "name": "Require(38) node_modules/_egg-onerror@2.1.0@egg-onerror/app.js",
    "start": 1611388721116,
    "end": 1611388721126,
    "duration": 10,
    "pid": 17788,
    "index": 48
  },
  {
    "name": "Require(39) node_modules/_egg-i18n@2.1.1@egg-i18n/app.js",
    "start": 1611388721126,
    "end": 1611388721135,
    "duration": 9,
    "pid": 17788,
    "index": 49
  },
  {
    "name": "Require(40) node_modules/_egg-watcher@3.1.1@egg-watcher/app.js",
    "start": 1611388721135,
    "end": 1611388721140,
    "duration": 5,
    "pid": 17788,
    "index": 50
  },
  {
    "name": "Require(41) node_modules/_egg-schedule@3.6.6@egg-schedule/app.js",
    "start": 1611388721140,
    "end": 1611388721142,
    "duration": 2,
    "pid": 17788,
    "index": 51
  },
  {
    "name": "Require(42) node_modules/_egg-multipart@2.10.3@egg-multipart/app.js",
    "start": 1611388721143,
    "end": 1611388721143,
    "duration": 0,
    "pid": 17788,
    "index": 52
  },
  {
    "name": "Require(43) node_modules/_egg-development@2.7.0@egg-development/app.js",
    "start": 1611388721144,
    "end": 1611388721144,
    "duration": 0,
    "pid": 17788,
    "index": 53
  },
  {
    "name": "Require(44) node_modules/_egg-logrotator@3.1.0@egg-logrotator/app.js",
    "start": 1611388721144,
    "end": 1611388721144,
    "duration": 0,
    "pid": 17788,
    "index": 54
  },
  {
    "name": "Require(45) node_modules/_egg-static@2.2.0@egg-static/app.js",
    "start": 1611388721145,
    "end": 1611388721145,
    "duration": 0,
    "pid": 17788,
    "index": 55
  },
  {
    "name": "Require(46) node_modules/_egg-view-ejs@2.0.1@egg-view-ejs/app.js",
    "start": 1611388721146,
    "end": 1611388721146,
    "duration": 0,
    "pid": 17788,
    "index": 56
  },
  {
    "name": "Before Start in node_modules/_egg-watcher@3.1.1@egg-watcher/lib/init.js:15:14",
    "start": 1611388721156,
    "end": 1611388721360,
    "duration": 204,
    "pid": 17788,
    "index": 57
  },
  {
    "name": "Load Service",
    "start": 1611388721191,
    "end": 1611388721196,
    "duration": 5,
    "pid": 17788,
    "index": 58
  },
  {
    "name": "Load \"service\" to Context",
    "start": 1611388721191,
    "end": 1611388721196,
    "duration": 5,
    "pid": 17788,
    "index": 59
  },
  {
    "name": "Load Middleware",
    "start": 1611388721196,
    "end": 1611388721333,
    "duration": 137,
    "pid": 17788,
    "index": 60
  },
  {
    "name": "Load \"middlewares\" to Application",
    "start": 1611388721196,
    "end": 1611388721317,
    "duration": 121,
    "pid": 17788,
    "index": 61
  },
  {
    "name": "Load Controller",
    "start": 1611388721333,
    "end": 1611388721341,
    "duration": 8,
    "pid": 17788,
    "index": 62
  },
  {
    "name": "Load \"controller\" to Application",
    "start": 1611388721333,
    "end": 1611388721341,
    "duration": 8,
    "pid": 17788,
    "index": 63
  },
  {
    "name": "Load Router",
    "start": 1611388721341,
    "end": 1611388721345,
    "duration": 4,
    "pid": 17788,
    "index": 64
  },
  {
    "name": "Require(47) app/router.js",
    "start": 1611388721341,
    "end": 1611388721342,
    "duration": 1,
    "pid": 17788,
    "index": 65
  },
  {
    "name": "Before Start in node_modules/_egg-core@4.20.0@egg-core/lib/egg.js:303:10",
    "start": 1611388721342,
    "end": 1611388721352,
    "duration": 10,
    "pid": 17788,
    "index": 66
  }
]