[
  {
    "name": "Process Start",
    "start": 1611388864892,
    "end": 1611388865989,
    "duration": 1097,
    "pid": 18008,
    "index": 0
  },
  {
    "name": "Application Start",
    "start": 1611388865990,
    "end": 1611388866398,
    "duration": 408,
    "pid": 18008,
    "index": 1
  },
  {
    "name": "Load Plugin",
    "start": 1611388865993,
    "end": 1611388866012,
    "duration": 19,
    "pid": 18008,
    "index": 2
  },
  {
    "name": "Load Config",
    "start": 1611388866012,
    "end": 1611388866032,
    "duration": 20,
    "pid": 18008,
    "index": 3
  },
  {
    "name": "Require(0) config/config.default.js",
    "start": 1611388866012,
    "end": 1611388866013,
    "duration": 1,
    "pid": 18008,
    "index": 4
  },
  {
    "name": "Require(1) node_modules/_egg-session@3.2.0@egg-session/config/config.default.js",
    "start": 1611388866014,
    "end": 1611388866015,
    "duration": 1,
    "pid": 18008,
    "index": 5
  },
  {
    "name": "Require(2) node_modules/_egg-security@2.8.0@egg-security/config/config.default.js",
    "start": 1611388866015,
    "end": 1611388866015,
    "duration": 0,
    "pid": 18008,
    "index": 6
  },
  {
    "name": "Require(3) node_modules/_egg-jsonp@2.0.0@egg-jsonp/config/config.default.js",
    "start": 1611388866016,
    "end": 1611388866017,
    "duration": 1,
    "pid": 18008,
    "index": 7
  },
  {
    "name": "Require(4) node_modules/_egg-onerror@2.1.0@egg-onerror/config/config.default.js",
    "start": 1611388866017,
    "end": 1611388866018,
    "duration": 1,
    "pid": 18008,
    "index": 8
  },
  {
    "name": "Require(5) node_modules/_egg-i18n@2.1.1@egg-i18n/config/config.default.js",
    "start": 1611388866018,
    "end": 1611388866019,
    "duration": 1,
    "pid": 18008,
    "index": 9
  },
  {
    "name": "Require(6) node_modules/_egg-watcher@3.1.1@egg-watcher/config/config.default.js",
    "start": 1611388866019,
    "end": 1611388866019,
    "duration": 0,
    "pid": 18008,
    "index": 10
  },
  {
    "name": "Require(7) node_modules/_egg-schedule@3.6.6@egg-schedule/config/config.default.js",
    "start": 1611388866020,
    "end": 1611388866020,
    "duration": 0,
    "pid": 18008,
    "index": 11
  },
  {
    "name": "Require(8) node_modules/_egg-multipart@2.10.3@egg-multipart/config/config.default.js",
    "start": 1611388866021,
    "end": 1611388866021,
    "duration": 0,
    "pid": 18008,
    "index": 12
  },
  {
    "name": "Require(9) node_modules/_egg-development@2.7.0@egg-development/config/config.default.js",
    "start": 1611388866022,
    "end": 1611388866022,
    "duration": 0,
    "pid": 18008,
    "index": 13
  },
  {
    "name": "Require(10) node_modules/_egg-logrotator@3.1.0@egg-logrotator/config/config.default.js",
    "start": 1611388866023,
    "end": 1611388866023,
    "duration": 0,
    "pid": 18008,
    "index": 14
  },
  {
    "name": "Require(11) node_modules/_egg-static@2.2.0@egg-static/config/config.default.js",
    "start": 1611388866023,
    "end": 1611388866024,
    "duration": 1,
    "pid": 18008,
    "index": 15
  },
  {
    "name": "Require(12) node_modules/_egg-view@2.1.3@egg-view/config/config.default.js",
    "start": 1611388866024,
    "end": 1611388866025,
    "duration": 1,
    "pid": 18008,
    "index": 16
  },
  {
    "name": "Require(13) node_modules/_egg-view-ejs@2.0.1@egg-view-ejs/config/config.default.js",
    "start": 1611388866025,
    "end": 1611388866025,
    "duration": 0,
    "pid": 18008,
    "index": 17
  },
  {
    "name": "Require(14) node_modules/_egg@2.29.1@egg/config/config.default.js",
    "start": 1611388866026,
    "end": 1611388866026,
    "duration": 0,
    "pid": 18008,
    "index": 18
  },
  {
    "name": "Require(15) config/config.default.js",
    "start": 1611388866027,
    "end": 1611388866027,
    "duration": 0,
    "pid": 18008,
    "index": 19
  },
  {
    "name": "Require(16) node_modules/_egg-security@2.8.0@egg-security/config/config.local.js",
    "start": 1611388866028,
    "end": 1611388866028,
    "duration": 0,
    "pid": 18008,
    "index": 20
  },
  {
    "name": "Require(17) node_modules/_egg-watcher@3.1.1@egg-watcher/config/config.local.js",
    "start": 1611388866029,
    "end": 1611388866029,
    "duration": 0,
    "pid": 18008,
    "index": 21
  },
  {
    "name": "Require(18) node_modules/_egg-view@2.1.3@egg-view/config/config.local.js",
    "start": 1611388866030,
    "end": 1611388866030,
    "duration": 0,
    "pid": 18008,
    "index": 22
  },
  {
    "name": "Require(19) node_modules/_egg-view-ejs@2.0.1@egg-view-ejs/config/config.local.js",
    "start": 1611388866031,
    "end": 1611388866031,
    "duration": 0,
    "pid": 18008,
    "index": 23
  },
  {
    "name": "Require(20) node_modules/_egg@2.29.1@egg/config/config.local.js",
    "start": 1611388866031,
    "end": 1611388866032,
    "duration": 1,
    "pid": 18008,
    "index": 24
  },
  {
    "name": "Load extend/application.js",
    "start": 1611388866033,
    "end": 1611388866048,
    "duration": 15,
    "pid": 18008,
    "index": 25
  },
  {
    "name": "Require(21) node_modules/_egg-session@3.2.0@egg-session/app/extend/application.js",
    "start": 1611388866033,
    "end": 1611388866033,
    "duration": 0,
    "pid": 18008,
    "index": 26
  },
  {
    "name": "Require(22) node_modules/_egg-security@2.8.0@egg-security/app/extend/application.js",
    "start": 1611388866034,
    "end": 1611388866035,
    "duration": 1,
    "pid": 18008,
    "index": 27
  },
  {
    "name": "Require(23) node_modules/_egg-jsonp@2.0.0@egg-jsonp/app/extend/application.js",
    "start": 1611388866035,
    "end": 1611388866037,
    "duration": 2,
    "pid": 18008,
    "index": 28
  },
  {
    "name": "Require(24) node_modules/_egg-logrotator@3.1.0@egg-logrotator/app/extend/application.js",
    "start": 1611388866039,
    "end": 1611388866042,
    "duration": 3,
    "pid": 18008,
    "index": 29
  },
  {
    "name": "Require(25) node_modules/_egg-view@2.1.3@egg-view/app/extend/application.js",
    "start": 1611388866042,
    "end": 1611388866045,
    "duration": 3,
    "pid": 18008,
    "index": 30
  },
  {
    "name": "Load extend/request.js",
    "start": 1611388866048,
    "end": 1611388866057,
    "duration": 9,
    "pid": 18008,
    "index": 31
  },
  {
    "name": "Require(26) node_modules/_egg@2.29.1@egg/app/extend/request.js",
    "start": 1611388866051,
    "end": 1611388866052,
    "duration": 1,
    "pid": 18008,
    "index": 32
  },
  {
    "name": "Load extend/response.js",
    "start": 1611388866057,
    "end": 1611388866067,
    "duration": 10,
    "pid": 18008,
    "index": 33
  },
  {
    "name": "Require(27) node_modules/_egg@2.29.1@egg/app/extend/response.js",
    "start": 1611388866060,
    "end": 1611388866063,
    "duration": 3,
    "pid": 18008,
    "index": 34
  },
  {
    "name": "Load extend/context.js",
    "start": 1611388866067,
    "end": 1611388866140,
    "duration": 73,
    "pid": 18008,
    "index": 35
  },
  {
    "name": "Require(28) node_modules/_egg-security@2.8.0@egg-security/app/extend/context.js",
    "start": 1611388866068,
    "end": 1611388866082,
    "duration": 14,
    "pid": 18008,
    "index": 36
  },
  {
    "name": "Require(29) node_modules/_egg-jsonp@2.0.0@egg-jsonp/app/extend/context.js",
    "start": 1611388866082,
    "end": 1611388866083,
    "duration": 1,
    "pid": 18008,
    "index": 37
  },
  {
    "name": "Require(30) node_modules/_egg-i18n@2.1.1@egg-i18n/app/extend/context.js",
    "start": 1611388866084,
    "end": 1611388866084,
    "duration": 0,
    "pid": 18008,
    "index": 38
  },
  {
    "name": "Require(31) node_modules/_egg-multipart@2.10.3@egg-multipart/app/extend/context.js",
    "start": 1611388866085,
    "end": 1611388866133,
    "duration": 48,
    "pid": 18008,
    "index": 39
  },
  {
    "name": "Require(32) node_modules/_egg-view@2.1.3@egg-view/app/extend/context.js",
    "start": 1611388866134,
    "end": 1611388866135,
    "duration": 1,
    "pid": 18008,
    "index": 40
  },
  {
    "name": "Require(33) node_modules/_egg@2.29.1@egg/app/extend/context.js",
    "start": 1611388866135,
    "end": 1611388866137,
    "duration": 2,
    "pid": 18008,
    "index": 41
  },
  {
    "name": "Load extend/helper.js",
    "start": 1611388866140,
    "end": 1611388866163,
    "duration": 23,
    "pid": 18008,
    "index": 42
  },
  {
    "name": "Require(34) node_modules/_egg-security@2.8.0@egg-security/app/extend/helper.js",
    "start": 1611388866141,
    "end": 1611388866157,
    "duration": 16,
    "pid": 18008,
    "index": 43
  },
  {
    "name": "Require(35) node_modules/_egg@2.29.1@egg/app/extend/helper.js",
    "start": 1611388866160,
    "end": 1611388866160,
    "duration": 0,
    "pid": 18008,
    "index": 44
  },
  {
    "name": "Load app.js",
    "start": 1611388866163,
    "end": 1611388866197,
    "duration": 34,
    "pid": 18008,
    "index": 45
  },
  {
    "name": "Require(36) node_modules/_egg-session@3.2.0@egg-session/app.js",
    "start": 1611388866164,
    "end": 1611388866164,
    "duration": 0,
    "pid": 18008,
    "index": 46
  },
  {
    "name": "Require(37) node_modules/_egg-security@2.8.0@egg-security/app.js",
    "start": 1611388866164,
    "end": 1611388866166,
    "duration": 2,
    "pid": 18008,
    "index": 47
  },
  {
    "name": "Require(38) node_modules/_egg-onerror@2.1.0@egg-onerror/app.js",
    "start": 1611388866167,
    "end": 1611388866178,
    "duration": 11,
    "pid": 18008,
    "index": 48
  },
  {
    "name": "Require(39) node_modules/_egg-i18n@2.1.1@egg-i18n/app.js",
    "start": 1611388866179,
    "end": 1611388866187,
    "duration": 8,
    "pid": 18008,
    "index": 49
  },
  {
    "name": "Require(40) node_modules/_egg-watcher@3.1.1@egg-watcher/app.js",
    "start": 1611388866187,
    "end": 1611388866192,
    "duration": 5,
    "pid": 18008,
    "index": 50
  },
  {
    "name": "Require(41) node_modules/_egg-schedule@3.6.6@egg-schedule/app.js",
    "start": 1611388866192,
    "end": 1611388866194,
    "duration": 2,
    "pid": 18008,
    "index": 51
  },
  {
    "name": "Require(42) node_modules/_egg-multipart@2.10.3@egg-multipart/app.js",
    "start": 1611388866194,
    "end": 1611388866194,
    "duration": 0,
    "pid": 18008,
    "index": 52
  },
  {
    "name": "Require(43) node_modules/_egg-development@2.7.0@egg-development/app.js",
    "start": 1611388866195,
    "end": 1611388866195,
    "duration": 0,
    "pid": 18008,
    "index": 53
  },
  {
    "name": "Require(44) node_modules/_egg-logrotator@3.1.0@egg-logrotator/app.js",
    "start": 1611388866195,
    "end": 1611388866195,
    "duration": 0,
    "pid": 18008,
    "index": 54
  },
  {
    "name": "Require(45) node_modules/_egg-static@2.2.0@egg-static/app.js",
    "start": 1611388866196,
    "end": 1611388866196,
    "duration": 0,
    "pid": 18008,
    "index": 55
  },
  {
    "name": "Require(46) node_modules/_egg-view-ejs@2.0.1@egg-view-ejs/app.js",
    "start": 1611388866196,
    "end": 1611388866196,
    "duration": 0,
    "pid": 18008,
    "index": 56
  },
  {
    "name": "Before Start in node_modules/_egg-watcher@3.1.1@egg-watcher/lib/init.js:15:14",
    "start": 1611388866205,
    "end": 1611388866397,
    "duration": 192,
    "pid": 18008,
    "index": 57
  },
  {
    "name": "Load Service",
    "start": 1611388866235,
    "end": 1611388866239,
    "duration": 4,
    "pid": 18008,
    "index": 58
  },
  {
    "name": "Load \"service\" to Context",
    "start": 1611388866235,
    "end": 1611388866239,
    "duration": 4,
    "pid": 18008,
    "index": 59
  },
  {
    "name": "Load Middleware",
    "start": 1611388866239,
    "end": 1611388866373,
    "duration": 134,
    "pid": 18008,
    "index": 60
  },
  {
    "name": "Load \"middlewares\" to Application",
    "start": 1611388866239,
    "end": 1611388866359,
    "duration": 120,
    "pid": 18008,
    "index": 61
  },
  {
    "name": "Load Controller",
    "start": 1611388866373,
    "end": 1611388866380,
    "duration": 7,
    "pid": 18008,
    "index": 62
  },
  {
    "name": "Load \"controller\" to Application",
    "start": 1611388866373,
    "end": 1611388866380,
    "duration": 7,
    "pid": 18008,
    "index": 63
  },
  {
    "name": "Load Router",
    "start": 1611388866380,
    "end": 1611388866384,
    "duration": 4,
    "pid": 18008,
    "index": 64
  },
  {
    "name": "Require(47) app/router.js",
    "start": 1611388866380,
    "end": 1611388866380,
    "duration": 0,
    "pid": 18008,
    "index": 65
  },
  {
    "name": "Before Start in node_modules/_egg-core@4.20.0@egg-core/lib/egg.js:303:10",
    "start": 1611388866381,
    "end": 1611388866390,
    "duration": 9,
    "pid": 18008,
    "index": 66
  }
]