[
  {
    "name": "Process Start",
    "start": 1611388846535,
    "end": 1611388847574,
    "duration": 1039,
    "pid": 16468,
    "index": 0
  },
  {
    "name": "Application Start",
    "start": 1611388847575,
    "end": 1611388848004,
    "duration": 429,
    "pid": 16468,
    "index": 1
  },
  {
    "name": "Load Plugin",
    "start": 1611388847579,
    "end": 1611388847597,
    "duration": 18,
    "pid": 16468,
    "index": 2
  },
  {
    "name": "Load Config",
    "start": 1611388847597,
    "end": 1611388847617,
    "duration": 20,
    "pid": 16468,
    "index": 3
  },
  {
    "name": "Require(0) config/config.default.js",
    "start": 1611388847598,
    "end": 1611388847599,
    "duration": 1,
    "pid": 16468,
    "index": 4
  },
  {
    "name": "Require(1) node_modules/_egg-session@3.2.0@egg-session/config/config.default.js",
    "start": 1611388847600,
    "end": 1611388847600,
    "duration": 0,
    "pid": 16468,
    "index": 5
  },
  {
    "name": "Require(2) node_modules/_egg-security@2.8.0@egg-security/config/config.default.js",
    "start": 1611388847601,
    "end": 1611388847601,
    "duration": 0,
    "pid": 16468,
    "index": 6
  },
  {
    "name": "Require(3) node_modules/_egg-jsonp@2.0.0@egg-jsonp/config/config.default.js",
    "start": 1611388847602,
    "end": 1611388847602,
    "duration": 0,
    "pid": 16468,
    "index": 7
  },
  {
    "name": "Require(4) node_modules/_egg-onerror@2.1.0@egg-onerror/config/config.default.js",
    "start": 1611388847603,
    "end": 1611388847603,
    "duration": 0,
    "pid": 16468,
    "index": 8
  },
  {
    "name": "Require(5) node_modules/_egg-i18n@2.1.1@egg-i18n/config/config.default.js",
    "start": 1611388847604,
    "end": 1611388847604,
    "duration": 0,
    "pid": 16468,
    "index": 9
  },
  {
    "name": "Require(6) node_modules/_egg-watcher@3.1.1@egg-watcher/config/config.default.js",
    "start": 1611388847604,
    "end": 1611388847605,
    "duration": 1,
    "pid": 16468,
    "index": 10
  },
  {
    "name": "Require(7) node_modules/_egg-schedule@3.6.6@egg-schedule/config/config.default.js",
    "start": 1611388847605,
    "end": 1611388847606,
    "duration": 1,
    "pid": 16468,
    "index": 11
  },
  {
    "name": "Require(8) node_modules/_egg-multipart@2.10.3@egg-multipart/config/config.default.js",
    "start": 1611388847606,
    "end": 1611388847606,
    "duration": 0,
    "pid": 16468,
    "index": 12
  },
  {
    "name": "Require(9) node_modules/_egg-development@2.7.0@egg-development/config/config.default.js",
    "start": 1611388847607,
    "end": 1611388847607,
    "duration": 0,
    "pid": 16468,
    "index": 13
  },
  {
    "name": "Require(10) node_modules/_egg-logrotator@3.1.0@egg-logrotator/config/config.default.js",
    "start": 1611388847608,
    "end": 1611388847608,
    "duration": 0,
    "pid": 16468,
    "index": 14
  },
  {
    "name": "Require(11) node_modules/_egg-static@2.2.0@egg-static/config/config.default.js",
    "start": 1611388847609,
    "end": 1611388847609,
    "duration": 0,
    "pid": 16468,
    "index": 15
  },
  {
    "name": "Require(12) node_modules/_egg-view@2.1.3@egg-view/config/config.default.js",
    "start": 1611388847609,
    "end": 1611388847610,
    "duration": 1,
    "pid": 16468,
    "index": 16
  },
  {
    "name": "Require(13) node_modules/_egg-view-ejs@2.0.1@egg-view-ejs/config/config.default.js",
    "start": 1611388847610,
    "end": 1611388847611,
    "duration": 1,
    "pid": 16468,
    "index": 17
  },
  {
    "name": "Require(14) node_modules/_egg@2.29.1@egg/config/config.default.js",
    "start": 1611388847611,
    "end": 1611388847612,
    "duration": 1,
    "pid": 16468,
    "index": 18
  },
  {
    "name": "Require(15) config/config.default.js",
    "start": 1611388847613,
    "end": 1611388847613,
    "duration": 0,
    "pid": 16468,
    "index": 19
  },
  {
    "name": "Require(16) node_modules/_egg-security@2.8.0@egg-security/config/config.local.js",
    "start": 1611388847613,
    "end": 1611388847613,
    "duration": 0,
    "pid": 16468,
    "index": 20
  },
  {
    "name": "Require(17) node_modules/_egg-watcher@3.1.1@egg-watcher/config/config.local.js",
    "start": 1611388847614,
    "end": 1611388847615,
    "duration": 1,
    "pid": 16468,
    "index": 21
  },
  {
    "name": "Require(18) node_modules/_egg-view@2.1.3@egg-view/config/config.local.js",
    "start": 1611388847616,
    "end": 1611388847616,
    "duration": 0,
    "pid": 16468,
    "index": 22
  },
  {
    "name": "Require(19) node_modules/_egg-view-ejs@2.0.1@egg-view-ejs/config/config.local.js",
    "start": 1611388847616,
    "end": 1611388847617,
    "duration": 1,
    "pid": 16468,
    "index": 23
  },
  {
    "name": "Require(20) node_modules/_egg@2.29.1@egg/config/config.local.js",
    "start": 1611388847617,
    "end": 1611388847617,
    "duration": 0,
    "pid": 16468,
    "index": 24
  },
  {
    "name": "Load extend/application.js",
    "start": 1611388847618,
    "end": 1611388847633,
    "duration": 15,
    "pid": 16468,
    "index": 25
  },
  {
    "name": "Require(21) node_modules/_egg-session@3.2.0@egg-session/app/extend/application.js",
    "start": 1611388847619,
    "end": 1611388847619,
    "duration": 0,
    "pid": 16468,
    "index": 26
  },
  {
    "name": "Require(22) node_modules/_egg-security@2.8.0@egg-security/app/extend/application.js",
    "start": 1611388847620,
    "end": 1611388847621,
    "duration": 1,
    "pid": 16468,
    "index": 27
  },
  {
    "name": "Require(23) node_modules/_egg-jsonp@2.0.0@egg-jsonp/app/extend/application.js",
    "start": 1611388847621,
    "end": 1611388847623,
    "duration": 2,
    "pid": 16468,
    "index": 28
  },
  {
    "name": "Require(24) node_modules/_egg-logrotator@3.1.0@egg-logrotator/app/extend/application.js",
    "start": 1611388847625,
    "end": 1611388847628,
    "duration": 3,
    "pid": 16468,
    "index": 29
  },
  {
    "name": "Require(25) node_modules/_egg-view@2.1.3@egg-view/app/extend/application.js",
    "start": 1611388847628,
    "end": 1611388847630,
    "duration": 2,
    "pid": 16468,
    "index": 30
  },
  {
    "name": "Load extend/request.js",
    "start": 1611388847633,
    "end": 1611388847642,
    "duration": 9,
    "pid": 16468,
    "index": 31
  },
  {
    "name": "Require(26) node_modules/_egg@2.29.1@egg/app/extend/request.js",
    "start": 1611388847636,
    "end": 1611388847637,
    "duration": 1,
    "pid": 16468,
    "index": 32
  },
  {
    "name": "Load extend/response.js",
    "start": 1611388847642,
    "end": 1611388847650,
    "duration": 8,
    "pid": 16468,
    "index": 33
  },
  {
    "name": "Require(27) node_modules/_egg@2.29.1@egg/app/extend/response.js",
    "start": 1611388847645,
    "end": 1611388847648,
    "duration": 3,
    "pid": 16468,
    "index": 34
  },
  {
    "name": "Load extend/context.js",
    "start": 1611388847650,
    "end": 1611388847726,
    "duration": 76,
    "pid": 16468,
    "index": 35
  },
  {
    "name": "Require(28) node_modules/_egg-security@2.8.0@egg-security/app/extend/context.js",
    "start": 1611388847651,
    "end": 1611388847665,
    "duration": 14,
    "pid": 16468,
    "index": 36
  },
  {
    "name": "Require(29) node_modules/_egg-jsonp@2.0.0@egg-jsonp/app/extend/context.js",
    "start": 1611388847666,
    "end": 1611388847668,
    "duration": 2,
    "pid": 16468,
    "index": 37
  },
  {
    "name": "Require(30) node_modules/_egg-i18n@2.1.1@egg-i18n/app/extend/context.js",
    "start": 1611388847668,
    "end": 1611388847669,
    "duration": 1,
    "pid": 16468,
    "index": 38
  },
  {
    "name": "Require(31) node_modules/_egg-multipart@2.10.3@egg-multipart/app/extend/context.js",
    "start": 1611388847670,
    "end": 1611388847719,
    "duration": 49,
    "pid": 16468,
    "index": 39
  },
  {
    "name": "Require(32) node_modules/_egg-view@2.1.3@egg-view/app/extend/context.js",
    "start": 1611388847720,
    "end": 1611388847721,
    "duration": 1,
    "pid": 16468,
    "index": 40
  },
  {
    "name": "Require(33) node_modules/_egg@2.29.1@egg/app/extend/context.js",
    "start": 1611388847722,
    "end": 1611388847723,
    "duration": 1,
    "pid": 16468,
    "index": 41
  },
  {
    "name": "Load extend/helper.js",
    "start": 1611388847726,
    "end": 1611388847753,
    "duration": 27,
    "pid": 16468,
    "index": 42
  },
  {
    "name": "Require(34) node_modules/_egg-security@2.8.0@egg-security/app/extend/helper.js",
    "start": 1611388847727,
    "end": 1611388847747,
    "duration": 20,
    "pid": 16468,
    "index": 43
  },
  {
    "name": "Require(35) node_modules/_egg@2.29.1@egg/app/extend/helper.js",
    "start": 1611388847750,
    "end": 1611388847750,
    "duration": 0,
    "pid": 16468,
    "index": 44
  },
  {
    "name": "Load app.js",
    "start": 1611388847753,
    "end": 1611388847791,
    "duration": 38,
    "pid": 16468,
    "index": 45
  },
  {
    "name": "Require(36) node_modules/_egg-session@3.2.0@egg-session/app.js",
    "start": 1611388847754,
    "end": 1611388847754,
    "duration": 0,
    "pid": 16468,
    "index": 46
  },
  {
    "name": "Require(37) node_modules/_egg-security@2.8.0@egg-security/app.js",
    "start": 1611388847754,
    "end": 1611388847756,
    "duration": 2,
    "pid": 16468,
    "index": 47
  },
  {
    "name": "Require(38) node_modules/_egg-onerror@2.1.0@egg-onerror/app.js",
    "start": 1611388847757,
    "end": 1611388847769,
    "duration": 12,
    "pid": 16468,
    "index": 48
  },
  {
    "name": "Require(39) node_modules/_egg-i18n@2.1.1@egg-i18n/app.js",
    "start": 1611388847769,
    "end": 1611388847778,
    "duration": 9,
    "pid": 16468,
    "index": 49
  },
  {
    "name": "Require(40) node_modules/_egg-watcher@3.1.1@egg-watcher/app.js",
    "start": 1611388847778,
    "end": 1611388847783,
    "duration": 5,
    "pid": 16468,
    "index": 50
  },
  {
    "name": "Require(41) node_modules/_egg-schedule@3.6.6@egg-schedule/app.js",
    "start": 1611388847783,
    "end": 1611388847786,
    "duration": 3,
    "pid": 16468,
    "index": 51
  },
  {
    "name": "Require(42) node_modules/_egg-multipart@2.10.3@egg-multipart/app.js",
    "start": 1611388847787,
    "end": 1611388847787,
    "duration": 0,
    "pid": 16468,
    "index": 52
  },
  {
    "name": "Require(43) node_modules/_egg-development@2.7.0@egg-development/app.js",
    "start": 1611388847788,
    "end": 1611388847788,
    "duration": 0,
    "pid": 16468,
    "index": 53
  },
  {
    "name": "Require(44) node_modules/_egg-logrotator@3.1.0@egg-logrotator/app.js",
    "start": 1611388847788,
    "end": 1611388847788,
    "duration": 0,
    "pid": 16468,
    "index": 54
  },
  {
    "name": "Require(45) node_modules/_egg-static@2.2.0@egg-static/app.js",
    "start": 1611388847789,
    "end": 1611388847789,
    "duration": 0,
    "pid": 16468,
    "index": 55
  },
  {
    "name": "Require(46) node_modules/_egg-view-ejs@2.0.1@egg-view-ejs/app.js",
    "start": 1611388847790,
    "end": 1611388847790,
    "duration": 0,
    "pid": 16468,
    "index": 56
  },
  {
    "name": "Before Start in node_modules/_egg-watcher@3.1.1@egg-watcher/lib/init.js:15:14",
    "start": 1611388847800,
    "end": 1611388848004,
    "duration": 204,
    "pid": 16468,
    "index": 57
  },
  {
    "name": "Load Service",
    "start": 1611388847838,
    "end": 1611388847843,
    "duration": 5,
    "pid": 16468,
    "index": 58
  },
  {
    "name": "Load \"service\" to Context",
    "start": 1611388847838,
    "end": 1611388847843,
    "duration": 5,
    "pid": 16468,
    "index": 59
  },
  {
    "name": "Load Middleware",
    "start": 1611388847843,
    "end": 1611388847977,
    "duration": 134,
    "pid": 16468,
    "index": 60
  },
  {
    "name": "Load \"middlewares\" to Application",
    "start": 1611388847843,
    "end": 1611388847961,
    "duration": 118,
    "pid": 16468,
    "index": 61
  },
  {
    "name": "Load Controller",
    "start": 1611388847977,
    "end": 1611388847986,
    "duration": 9,
    "pid": 16468,
    "index": 62
  },
  {
    "name": "Load \"controller\" to Application",
    "start": 1611388847977,
    "end": 1611388847986,
    "duration": 9,
    "pid": 16468,
    "index": 63
  },
  {
    "name": "Load Router",
    "start": 1611388847986,
    "end": 1611388847990,
    "duration": 4,
    "pid": 16468,
    "index": 64
  },
  {
    "name": "Require(47) app/router.js",
    "start": 1611388847986,
    "end": 1611388847987,
    "duration": 1,
    "pid": 16468,
    "index": 65
  },
  {
    "name": "Before Start in node_modules/_egg-core@4.20.0@egg-core/lib/egg.js:303:10",
    "start": 1611388847987,
    "end": 1611388847997,
    "duration": 10,
    "pid": 16468,
    "index": 66
  }
]