[
  {
    "name": "Process Start",
    "start": 1611388871138,
    "end": 1611388872288,
    "duration": 1150,
    "pid": 15492,
    "index": 0
  },
  {
    "name": "Application Start",
    "start": 1611388872289,
    "end": 1611388872740,
    "duration": 451,
    "pid": 15492,
    "index": 1
  },
  {
    "name": "Load Plugin",
    "start": 1611388872293,
    "end": 1611388872314,
    "duration": 21,
    "pid": 15492,
    "index": 2
  },
  {
    "name": "Load Config",
    "start": 1611388872314,
    "end": 1611388872337,
    "duration": 23,
    "pid": 15492,
    "index": 3
  },
  {
    "name": "Require(0) config/config.default.js",
    "start": 1611388872314,
    "end": 1611388872315,
    "duration": 1,
    "pid": 15492,
    "index": 4
  },
  {
    "name": "Require(1) node_modules/_egg-session@3.2.0@egg-session/config/config.default.js",
    "start": 1611388872316,
    "end": 1611388872317,
    "duration": 1,
    "pid": 15492,
    "index": 5
  },
  {
    "name": "Require(2) node_modules/_egg-security@2.8.0@egg-security/config/config.default.js",
    "start": 1611388872317,
    "end": 1611388872318,
    "duration": 1,
    "pid": 15492,
    "index": 6
  },
  {
    "name": "Require(3) node_modules/_egg-jsonp@2.0.0@egg-jsonp/config/config.default.js",
    "start": 1611388872318,
    "end": 1611388872319,
    "duration": 1,
    "pid": 15492,
    "index": 7
  },
  {
    "name": "Require(4) node_modules/_egg-onerror@2.1.0@egg-onerror/config/config.default.js",
    "start": 1611388872319,
    "end": 1611388872320,
    "duration": 1,
    "pid": 15492,
    "index": 8
  },
  {
    "name": "Require(5) node_modules/_egg-i18n@2.1.1@egg-i18n/config/config.default.js",
    "start": 1611388872320,
    "end": 1611388872321,
    "duration": 1,
    "pid": 15492,
    "index": 9
  },
  {
    "name": "Require(6) node_modules/_egg-watcher@3.1.1@egg-watcher/config/config.default.js",
    "start": 1611388872321,
    "end": 1611388872322,
    "duration": 1,
    "pid": 15492,
    "index": 10
  },
  {
    "name": "Require(7) node_modules/_egg-schedule@3.6.6@egg-schedule/config/config.default.js",
    "start": 1611388872322,
    "end": 1611388872323,
    "duration": 1,
    "pid": 15492,
    "index": 11
  },
  {
    "name": "Require(8) node_modules/_egg-multipart@2.10.3@egg-multipart/config/config.default.js",
    "start": 1611388872323,
    "end": 1611388872324,
    "duration": 1,
    "pid": 15492,
    "index": 12
  },
  {
    "name": "Require(9) node_modules/_egg-development@2.7.0@egg-development/config/config.default.js",
    "start": 1611388872324,
    "end": 1611388872325,
    "duration": 1,
    "pid": 15492,
    "index": 13
  },
  {
    "name": "Require(10) node_modules/_egg-logrotator@3.1.0@egg-logrotator/config/config.default.js",
    "start": 1611388872325,
    "end": 1611388872326,
    "duration": 1,
    "pid": 15492,
    "index": 14
  },
  {
    "name": "Require(11) node_modules/_egg-static@2.2.0@egg-static/config/config.default.js",
    "start": 1611388872327,
    "end": 1611388872327,
    "duration": 0,
    "pid": 15492,
    "index": 15
  },
  {
    "name": "Require(12) node_modules/_egg-view@2.1.3@egg-view/config/config.default.js",
    "start": 1611388872328,
    "end": 1611388872328,
    "duration": 0,
    "pid": 15492,
    "index": 16
  },
  {
    "name": "Require(13) node_modules/_egg-view-ejs@2.0.1@egg-view-ejs/config/config.default.js",
    "start": 1611388872329,
    "end": 1611388872329,
    "duration": 0,
    "pid": 15492,
    "index": 17
  },
  {
    "name": "Require(14) node_modules/_egg@2.29.1@egg/config/config.default.js",
    "start": 1611388872330,
    "end": 1611388872330,
    "duration": 0,
    "pid": 15492,
    "index": 18
  },
  {
    "name": "Require(15) config/config.default.js",
    "start": 1611388872331,
    "end": 1611388872331,
    "duration": 0,
    "pid": 15492,
    "index": 19
  },
  {
    "name": "Require(16) node_modules/_egg-security@2.8.0@egg-security/config/config.local.js",
    "start": 1611388872332,
    "end": 1611388872332,
    "duration": 0,
    "pid": 15492,
    "index": 20
  },
  {
    "name": "Require(17) node_modules/_egg-watcher@3.1.1@egg-watcher/config/config.local.js",
    "start": 1611388872333,
    "end": 1611388872334,
    "duration": 1,
    "pid": 15492,
    "index": 21
  },
  {
    "name": "Require(18) node_modules/_egg-view@2.1.3@egg-view/config/config.local.js",
    "start": 1611388872335,
    "end": 1611388872335,
    "duration": 0,
    "pid": 15492,
    "index": 22
  },
  {
    "name": "Require(19) node_modules/_egg-view-ejs@2.0.1@egg-view-ejs/config/config.local.js",
    "start": 1611388872336,
    "end": 1611388872336,
    "duration": 0,
    "pid": 15492,
    "index": 23
  },
  {
    "name": "Require(20) node_modules/_egg@2.29.1@egg/config/config.local.js",
    "start": 1611388872336,
    "end": 1611388872337,
    "duration": 1,
    "pid": 15492,
    "index": 24
  },
  {
    "name": "Load extend/application.js",
    "start": 1611388872338,
    "end": 1611388872355,
    "duration": 17,
    "pid": 15492,
    "index": 25
  },
  {
    "name": "Require(21) node_modules/_egg-session@3.2.0@egg-session/app/extend/application.js",
    "start": 1611388872339,
    "end": 1611388872339,
    "duration": 0,
    "pid": 15492,
    "index": 26
  },
  {
    "name": "Require(22) node_modules/_egg-security@2.8.0@egg-security/app/extend/application.js",
    "start": 1611388872340,
    "end": 1611388872341,
    "duration": 1,
    "pid": 15492,
    "index": 27
  },
  {
    "name": "Require(23) node_modules/_egg-jsonp@2.0.0@egg-jsonp/app/extend/application.js",
    "start": 1611388872341,
    "end": 1611388872344,
    "duration": 3,
    "pid": 15492,
    "index": 28
  },
  {
    "name": "Require(24) node_modules/_egg-logrotator@3.1.0@egg-logrotator/app/extend/application.js",
    "start": 1611388872346,
    "end": 1611388872349,
    "duration": 3,
    "pid": 15492,
    "index": 29
  },
  {
    "name": "Require(25) node_modules/_egg-view@2.1.3@egg-view/app/extend/application.js",
    "start": 1611388872350,
    "end": 1611388872352,
    "duration": 2,
    "pid": 15492,
    "index": 30
  },
  {
    "name": "Load extend/request.js",
    "start": 1611388872355,
    "end": 1611388872362,
    "duration": 7,
    "pid": 15492,
    "index": 31
  },
  {
    "name": "Require(26) node_modules/_egg@2.29.1@egg/app/extend/request.js",
    "start": 1611388872357,
    "end": 1611388872359,
    "duration": 2,
    "pid": 15492,
    "index": 32
  },
  {
    "name": "Load extend/response.js",
    "start": 1611388872362,
    "end": 1611388872371,
    "duration": 9,
    "pid": 15492,
    "index": 33
  },
  {
    "name": "Require(27) node_modules/_egg@2.29.1@egg/app/extend/response.js",
    "start": 1611388872366,
    "end": 1611388872368,
    "duration": 2,
    "pid": 15492,
    "index": 34
  },
  {
    "name": "Load extend/context.js",
    "start": 1611388872371,
    "end": 1611388872449,
    "duration": 78,
    "pid": 15492,
    "index": 35
  },
  {
    "name": "Require(28) node_modules/_egg-security@2.8.0@egg-security/app/extend/context.js",
    "start": 1611388872372,
    "end": 1611388872386,
    "duration": 14,
    "pid": 15492,
    "index": 36
  },
  {
    "name": "Require(29) node_modules/_egg-jsonp@2.0.0@egg-jsonp/app/extend/context.js",
    "start": 1611388872386,
    "end": 1611388872388,
    "duration": 2,
    "pid": 15492,
    "index": 37
  },
  {
    "name": "Require(30) node_modules/_egg-i18n@2.1.1@egg-i18n/app/extend/context.js",
    "start": 1611388872389,
    "end": 1611388872389,
    "duration": 0,
    "pid": 15492,
    "index": 38
  },
  {
    "name": "Require(31) node_modules/_egg-multipart@2.10.3@egg-multipart/app/extend/context.js",
    "start": 1611388872390,
    "end": 1611388872442,
    "duration": 52,
    "pid": 15492,
    "index": 39
  },
  {
    "name": "Require(32) node_modules/_egg-view@2.1.3@egg-view/app/extend/context.js",
    "start": 1611388872443,
    "end": 1611388872444,
    "duration": 1,
    "pid": 15492,
    "index": 40
  },
  {
    "name": "Require(33) node_modules/_egg@2.29.1@egg/app/extend/context.js",
    "start": 1611388872444,
    "end": 1611388872446,
    "duration": 2,
    "pid": 15492,
    "index": 41
  },
  {
    "name": "Load extend/helper.js",
    "start": 1611388872449,
    "end": 1611388872474,
    "duration": 25,
    "pid": 15492,
    "index": 42
  },
  {
    "name": "Require(34) node_modules/_egg-security@2.8.0@egg-security/app/extend/helper.js",
    "start": 1611388872450,
    "end": 1611388872468,
    "duration": 18,
    "pid": 15492,
    "index": 43
  },
  {
    "name": "Require(35) node_modules/_egg@2.29.1@egg/app/extend/helper.js",
    "start": 1611388872470,
    "end": 1611388872470,
    "duration": 0,
    "pid": 15492,
    "index": 44
  },
  {
    "name": "Load app.js",
    "start": 1611388872474,
    "end": 1611388872515,
    "duration": 41,
    "pid": 15492,
    "index": 45
  },
  {
    "name": "Require(36) node_modules/_egg-session@3.2.0@egg-session/app.js",
    "start": 1611388872474,
    "end": 1611388872475,
    "duration": 1,
    "pid": 15492,
    "index": 46
  },
  {
    "name": "Require(37) node_modules/_egg-security@2.8.0@egg-security/app.js",
    "start": 1611388872475,
    "end": 1611388872478,
    "duration": 3,
    "pid": 15492,
    "index": 47
  },
  {
    "name": "Require(38) node_modules/_egg-onerror@2.1.0@egg-onerror/app.js",
    "start": 1611388872478,
    "end": 1611388872489,
    "duration": 11,
    "pid": 15492,
    "index": 48
  },
  {
    "name": "Require(39) node_modules/_egg-i18n@2.1.1@egg-i18n/app.js",
    "start": 1611388872490,
    "end": 1611388872500,
    "duration": 10,
    "pid": 15492,
    "index": 49
  },
  {
    "name": "Require(40) node_modules/_egg-watcher@3.1.1@egg-watcher/app.js",
    "start": 1611388872501,
    "end": 1611388872505,
    "duration": 4,
    "pid": 15492,
    "index": 50
  },
  {
    "name": "Require(41) node_modules/_egg-schedule@3.6.6@egg-schedule/app.js",
    "start": 1611388872506,
    "end": 1611388872508,
    "duration": 2,
    "pid": 15492,
    "index": 51
  },
  {
    "name": "Require(42) node_modules/_egg-multipart@2.10.3@egg-multipart/app.js",
    "start": 1611388872508,
    "end": 1611388872509,
    "duration": 1,
    "pid": 15492,
    "index": 52
  },
  {
    "name": "Require(43) node_modules/_egg-development@2.7.0@egg-development/app.js",
    "start": 1611388872509,
    "end": 1611388872510,
    "duration": 1,
    "pid": 15492,
    "index": 53
  },
  {
    "name": "Require(44) node_modules/_egg-logrotator@3.1.0@egg-logrotator/app.js",
    "start": 1611388872511,
    "end": 1611388872511,
    "duration": 0,
    "pid": 15492,
    "index": 54
  },
  {
    "name": "Require(45) node_modules/_egg-static@2.2.0@egg-static/app.js",
    "start": 1611388872512,
    "end": 1611388872512,
    "duration": 0,
    "pid": 15492,
    "index": 55
  },
  {
    "name": "Require(46) node_modules/_egg-view-ejs@2.0.1@egg-view-ejs/app.js",
    "start": 1611388872513,
    "end": 1611388872514,
    "duration": 1,
    "pid": 15492,
    "index": 56
  },
  {
    "name": "Before Start in node_modules/_egg-watcher@3.1.1@egg-watcher/lib/init.js:15:14",
    "start": 1611388872526,
    "end": 1611388872740,
    "duration": 214,
    "pid": 15492,
    "index": 57
  },
  {
    "name": "Load Service",
    "start": 1611388872562,
    "end": 1611388872567,
    "duration": 5,
    "pid": 15492,
    "index": 58
  },
  {
    "name": "Load \"service\" to Context",
    "start": 1611388872562,
    "end": 1611388872567,
    "duration": 5,
    "pid": 15492,
    "index": 59
  },
  {
    "name": "Load Middleware",
    "start": 1611388872568,
    "end": 1611388872718,
    "duration": 150,
    "pid": 15492,
    "index": 60
  },
  {
    "name": "Load \"middlewares\" to Application",
    "start": 1611388872568,
    "end": 1611388872702,
    "duration": 134,
    "pid": 15492,
    "index": 61
  },
  {
    "name": "Load Controller",
    "start": 1611388872718,
    "end": 1611388872725,
    "duration": 7,
    "pid": 15492,
    "index": 62
  },
  {
    "name": "Load \"controller\" to Application",
    "start": 1611388872718,
    "end": 1611388872725,
    "duration": 7,
    "pid": 15492,
    "index": 63
  },
  {
    "name": "Load Router",
    "start": 1611388872725,
    "end": 1611388872728,
    "duration": 3,
    "pid": 15492,
    "index": 64
  },
  {
    "name": "Require(47) app/router.js",
    "start": 1611388872725,
    "end": 1611388872725,
    "duration": 0,
    "pid": 15492,
    "index": 65
  },
  {
    "name": "Before Start in node_modules/_egg-core@4.20.0@egg-core/lib/egg.js:303:10",
    "start": 1611388872726,
    "end": 1611388872734,
    "duration": 8,
    "pid": 15492,
    "index": 66
  }
]