[
  {
    "name": "Process Start",
    "start": 1611388867336,
    "end": 1611388868624,
    "duration": 1288,
    "pid": 13456,
    "index": 0
  },
  {
    "name": "Application Start",
    "start": 1611388868624,
    "end": 1611388869150,
    "duration": 526,
    "pid": 13456,
    "index": 1
  },
  {
    "name": "Load Plugin",
    "start": 1611388868628,
    "end": 1611388868647,
    "duration": 19,
    "pid": 13456,
    "index": 2
  },
  {
    "name": "Load Config",
    "start": 1611388868648,
    "end": 1611388868673,
    "duration": 25,
    "pid": 13456,
    "index": 3
  },
  {
    "name": "Require(0) config/config.default.js",
    "start": 1611388868648,
    "end": 1611388868648,
    "duration": 0,
    "pid": 13456,
    "index": 4
  },
  {
    "name": "Require(1) node_modules/_egg-session@3.2.0@egg-session/config/config.default.js",
    "start": 1611388868650,
    "end": 1611388868651,
    "duration": 1,
    "pid": 13456,
    "index": 5
  },
  {
    "name": "Require(2) node_modules/_egg-security@2.8.0@egg-security/config/config.default.js",
    "start": 1611388868651,
    "end": 1611388868652,
    "duration": 1,
    "pid": 13456,
    "index": 6
  },
  {
    "name": "Require(3) node_modules/_egg-jsonp@2.0.0@egg-jsonp/config/config.default.js",
    "start": 1611388868653,
    "end": 1611388868653,
    "duration": 0,
    "pid": 13456,
    "index": 7
  },
  {
    "name": "Require(4) node_modules/_egg-onerror@2.1.0@egg-onerror/config/config.default.js",
    "start": 1611388868653,
    "end": 1611388868654,
    "duration": 1,
    "pid": 13456,
    "index": 8
  },
  {
    "name": "Require(5) node_modules/_egg-i18n@2.1.1@egg-i18n/config/config.default.js",
    "start": 1611388868655,
    "end": 1611388868655,
    "duration": 0,
    "pid": 13456,
    "index": 9
  },
  {
    "name": "Require(6) node_modules/_egg-watcher@3.1.1@egg-watcher/config/config.default.js",
    "start": 1611388868656,
    "end": 1611388868657,
    "duration": 1,
    "pid": 13456,
    "index": 10
  },
  {
    "name": "Require(7) node_modules/_egg-schedule@3.6.6@egg-schedule/config/config.default.js",
    "start": 1611388868657,
    "end": 1611388868658,
    "duration": 1,
    "pid": 13456,
    "index": 11
  },
  {
    "name": "Require(8) node_modules/_egg-multipart@2.10.3@egg-multipart/config/config.default.js",
    "start": 1611388868659,
    "end": 1611388868660,
    "duration": 1,
    "pid": 13456,
    "index": 12
  },
  {
    "name": "Require(9) node_modules/_egg-development@2.7.0@egg-development/config/config.default.js",
    "start": 1611388868661,
    "end": 1611388868661,
    "duration": 0,
    "pid": 13456,
    "index": 13
  },
  {
    "name": "Require(10) node_modules/_egg-logrotator@3.1.0@egg-logrotator/config/config.default.js",
    "start": 1611388868662,
    "end": 1611388868662,
    "duration": 0,
    "pid": 13456,
    "index": 14
  },
  {
    "name": "Require(11) node_modules/_egg-static@2.2.0@egg-static/config/config.default.js",
    "start": 1611388868662,
    "end": 1611388868663,
    "duration": 1,
    "pid": 13456,
    "index": 15
  },
  {
    "name": "Require(12) node_modules/_egg-view@2.1.3@egg-view/config/config.default.js",
    "start": 1611388868663,
    "end": 1611388868664,
    "duration": 1,
    "pid": 13456,
    "index": 16
  },
  {
    "name": "Require(13) node_modules/_egg-view-ejs@2.0.1@egg-view-ejs/config/config.default.js",
    "start": 1611388868664,
    "end": 1611388868665,
    "duration": 1,
    "pid": 13456,
    "index": 17
  },
  {
    "name": "Require(14) node_modules/_egg@2.29.1@egg/config/config.default.js",
    "start": 1611388868665,
    "end": 1611388868666,
    "duration": 1,
    "pid": 13456,
    "index": 18
  },
  {
    "name": "Require(15) config/config.default.js",
    "start": 1611388868667,
    "end": 1611388868667,
    "duration": 0,
    "pid": 13456,
    "index": 19
  },
  {
    "name": "Require(16) node_modules/_egg-security@2.8.0@egg-security/config/config.local.js",
    "start": 1611388868668,
    "end": 1611388868668,
    "duration": 0,
    "pid": 13456,
    "index": 20
  },
  {
    "name": "Require(17) node_modules/_egg-watcher@3.1.1@egg-watcher/config/config.local.js",
    "start": 1611388868669,
    "end": 1611388868670,
    "duration": 1,
    "pid": 13456,
    "index": 21
  },
  {
    "name": "Require(18) node_modules/_egg-view@2.1.3@egg-view/config/config.local.js",
    "start": 1611388868671,
    "end": 1611388868671,
    "duration": 0,
    "pid": 13456,
    "index": 22
  },
  {
    "name": "Require(19) node_modules/_egg-view-ejs@2.0.1@egg-view-ejs/config/config.local.js",
    "start": 1611388868672,
    "end": 1611388868672,
    "duration": 0,
    "pid": 13456,
    "index": 23
  },
  {
    "name": "Require(20) node_modules/_egg@2.29.1@egg/config/config.local.js",
    "start": 1611388868672,
    "end": 1611388868673,
    "duration": 1,
    "pid": 13456,
    "index": 24
  },
  {
    "name": "Load extend/application.js",
    "start": 1611388868674,
    "end": 1611388868695,
    "duration": 21,
    "pid": 13456,
    "index": 25
  },
  {
    "name": "Require(21) node_modules/_egg-session@3.2.0@egg-session/app/extend/application.js",
    "start": 1611388868676,
    "end": 1611388868677,
    "duration": 1,
    "pid": 13456,
    "index": 26
  },
  {
    "name": "Require(22) node_modules/_egg-security@2.8.0@egg-security/app/extend/application.js",
    "start": 1611388868678,
    "end": 1611388868679,
    "duration": 1,
    "pid": 13456,
    "index": 27
  },
  {
    "name": "Require(23) node_modules/_egg-jsonp@2.0.0@egg-jsonp/app/extend/application.js",
    "start": 1611388868680,
    "end": 1611388868682,
    "duration": 2,
    "pid": 13456,
    "index": 28
  },
  {
    "name": "Require(24) node_modules/_egg-logrotator@3.1.0@egg-logrotator/app/extend/application.js",
    "start": 1611388868684,
    "end": 1611388868687,
    "duration": 3,
    "pid": 13456,
    "index": 29
  },
  {
    "name": "Require(25) node_modules/_egg-view@2.1.3@egg-view/app/extend/application.js",
    "start": 1611388868688,
    "end": 1611388868690,
    "duration": 2,
    "pid": 13456,
    "index": 30
  },
  {
    "name": "Load extend/request.js",
    "start": 1611388868695,
    "end": 1611388868707,
    "duration": 12,
    "pid": 13456,
    "index": 31
  },
  {
    "name": "Require(26) node_modules/_egg@2.29.1@egg/app/extend/request.js",
    "start": 1611388868698,
    "end": 1611388868700,
    "duration": 2,
    "pid": 13456,
    "index": 32
  },
  {
    "name": "Load extend/response.js",
    "start": 1611388868707,
    "end": 1611388868722,
    "duration": 15,
    "pid": 13456,
    "index": 33
  },
  {
    "name": "Require(27) node_modules/_egg@2.29.1@egg/app/extend/response.js",
    "start": 1611388868712,
    "end": 1611388868716,
    "duration": 4,
    "pid": 13456,
    "index": 34
  },
  {
    "name": "Load extend/context.js",
    "start": 1611388868722,
    "end": 1611388868816,
    "duration": 94,
    "pid": 13456,
    "index": 35
  },
  {
    "name": "Require(28) node_modules/_egg-security@2.8.0@egg-security/app/extend/context.js",
    "start": 1611388868723,
    "end": 1611388868747,
    "duration": 24,
    "pid": 13456,
    "index": 36
  },
  {
    "name": "Require(29) node_modules/_egg-jsonp@2.0.0@egg-jsonp/app/extend/context.js",
    "start": 1611388868747,
    "end": 1611388868749,
    "duration": 2,
    "pid": 13456,
    "index": 37
  },
  {
    "name": "Require(30) node_modules/_egg-i18n@2.1.1@egg-i18n/app/extend/context.js",
    "start": 1611388868750,
    "end": 1611388868750,
    "duration": 0,
    "pid": 13456,
    "index": 38
  },
  {
    "name": "Require(31) node_modules/_egg-multipart@2.10.3@egg-multipart/app/extend/context.js",
    "start": 1611388868751,
    "end": 1611388868807,
    "duration": 56,
    "pid": 13456,
    "index": 39
  },
  {
    "name": "Require(32) node_modules/_egg-view@2.1.3@egg-view/app/extend/context.js",
    "start": 1611388868808,
    "end": 1611388868810,
    "duration": 2,
    "pid": 13456,
    "index": 40
  },
  {
    "name": "Require(33) node_modules/_egg@2.29.1@egg/app/extend/context.js",
    "start": 1611388868810,
    "end": 1611388868812,
    "duration": 2,
    "pid": 13456,
    "index": 41
  },
  {
    "name": "Load extend/helper.js",
    "start": 1611388868816,
    "end": 1611388868844,
    "duration": 28,
    "pid": 13456,
    "index": 42
  },
  {
    "name": "Require(34) node_modules/_egg-security@2.8.0@egg-security/app/extend/helper.js",
    "start": 1611388868817,
    "end": 1611388868837,
    "duration": 20,
    "pid": 13456,
    "index": 43
  },
  {
    "name": "Require(35) node_modules/_egg@2.29.1@egg/app/extend/helper.js",
    "start": 1611388868840,
    "end": 1611388868840,
    "duration": 0,
    "pid": 13456,
    "index": 44
  },
  {
    "name": "Load app.js",
    "start": 1611388868844,
    "end": 1611388868884,
    "duration": 40,
    "pid": 13456,
    "index": 45
  },
  {
    "name": "Require(36) node_modules/_egg-session@3.2.0@egg-session/app.js",
    "start": 1611388868845,
    "end": 1611388868845,
    "duration": 0,
    "pid": 13456,
    "index": 46
  },
  {
    "name": "Require(37) node_modules/_egg-security@2.8.0@egg-security/app.js",
    "start": 1611388868845,
    "end": 1611388868848,
    "duration": 3,
    "pid": 13456,
    "index": 47
  },
  {
    "name": "Require(38) node_modules/_egg-onerror@2.1.0@egg-onerror/app.js",
    "start": 1611388868848,
    "end": 1611388868861,
    "duration": 13,
    "pid": 13456,
    "index": 48
  },
  {
    "name": "Require(39) node_modules/_egg-i18n@2.1.1@egg-i18n/app.js",
    "start": 1611388868861,
    "end": 1611388868871,
    "duration": 10,
    "pid": 13456,
    "index": 49
  },
  {
    "name": "Require(40) node_modules/_egg-watcher@3.1.1@egg-watcher/app.js",
    "start": 1611388868872,
    "end": 1611388868877,
    "duration": 5,
    "pid": 13456,
    "index": 50
  },
  {
    "name": "Require(41) node_modules/_egg-schedule@3.6.6@egg-schedule/app.js",
    "start": 1611388868877,
    "end": 1611388868880,
    "duration": 3,
    "pid": 13456,
    "index": 51
  },
  {
    "name": "Require(42) node_modules/_egg-multipart@2.10.3@egg-multipart/app.js",
    "start": 1611388868880,
    "end": 1611388868880,
    "duration": 0,
    "pid": 13456,
    "index": 52
  },
  {
    "name": "Require(43) node_modules/_egg-development@2.7.0@egg-development/app.js",
    "start": 1611388868881,
    "end": 1611388868881,
    "duration": 0,
    "pid": 13456,
    "index": 53
  },
  {
    "name": "Require(44) node_modules/_egg-logrotator@3.1.0@egg-logrotator/app.js",
    "start": 1611388868881,
    "end": 1611388868882,
    "duration": 1,
    "pid": 13456,
    "index": 54
  },
  {
    "name": "Require(45) node_modules/_egg-static@2.2.0@egg-static/app.js",
    "start": 1611388868882,
    "end": 1611388868882,
    "duration": 0,
    "pid": 13456,
    "index": 55
  },
  {
    "name": "Require(46) node_modules/_egg-view-ejs@2.0.1@egg-view-ejs/app.js",
    "start": 1611388868883,
    "end": 1611388868883,
    "duration": 0,
    "pid": 13456,
    "index": 56
  },
  {
    "name": "Before Start in node_modules/_egg-watcher@3.1.1@egg-watcher/lib/init.js:15:14",
    "start": 1611388868893,
    "end": 1611388869150,
    "duration": 257,
    "pid": 13456,
    "index": 57
  },
  {
    "name": "Load Service",
    "start": 1611388868931,
    "end": 1611388868936,
    "duration": 5,
    "pid": 13456,
    "index": 58
  },
  {
    "name": "Load \"service\" to Context",
    "start": 1611388868931,
    "end": 1611388868936,
    "duration": 5,
    "pid": 13456,
    "index": 59
  },
  {
    "name": "Load Middleware",
    "start": 1611388868936,
    "end": 1611388869121,
    "duration": 185,
    "pid": 13456,
    "index": 60
  },
  {
    "name": "Load \"middlewares\" to Application",
    "start": 1611388868936,
    "end": 1611388869102,
    "duration": 166,
    "pid": 13456,
    "index": 61
  },
  {
    "name": "Load Controller",
    "start": 1611388869121,
    "end": 1611388869130,
    "duration": 9,
    "pid": 13456,
    "index": 62
  },
  {
    "name": "Load \"controller\" to Application",
    "start": 1611388869121,
    "end": 1611388869130,
    "duration": 9,
    "pid": 13456,
    "index": 63
  },
  {
    "name": "Load Router",
    "start": 1611388869130,
    "end": 1611388869135,
    "duration": 5,
    "pid": 13456,
    "index": 64
  },
  {
    "name": "Require(47) app/router.js",
    "start": 1611388869130,
    "end": 1611388869131,
    "duration": 1,
    "pid": 13456,
    "index": 65
  },
  {
    "name": "Before Start in node_modules/_egg-core@4.20.0@egg-core/lib/egg.js:303:10",
    "start": 1611388869132,
    "end": 1611388869142,
    "duration": 10,
    "pid": 13456,
    "index": 66
  }
]