[
  {
    "name": "Process Start",
    "start": 1611388852426,
    "end": 1611388853649,
    "duration": 1223,
    "pid": 15236,
    "index": 0
  },
  {
    "name": "Application Start",
    "start": 1611388853650,
    "end": 1611388854180,
    "duration": 530,
    "pid": 15236,
    "index": 1
  },
  {
    "name": "Load Plugin",
    "start": 1611388853653,
    "end": 1611388853672,
    "duration": 19,
    "pid": 15236,
    "index": 2
  },
  {
    "name": "Load Config",
    "start": 1611388853672,
    "end": 1611388853694,
    "duration": 22,
    "pid": 15236,
    "index": 3
  },
  {
    "name": "Require(0) config/config.default.js",
    "start": 1611388853673,
    "end": 1611388853673,
    "duration": 0,
    "pid": 15236,
    "index": 4
  },
  {
    "name": "Require(1) node_modules/_egg-session@3.2.0@egg-session/config/config.default.js",
    "start": 1611388853674,
    "end": 1611388853675,
    "duration": 1,
    "pid": 15236,
    "index": 5
  },
  {
    "name": "Require(2) node_modules/_egg-security@2.8.0@egg-security/config/config.default.js",
    "start": 1611388853675,
    "end": 1611388853676,
    "duration": 1,
    "pid": 15236,
    "index": 6
  },
  {
    "name": "Require(3) node_modules/_egg-jsonp@2.0.0@egg-jsonp/config/config.default.js",
    "start": 1611388853677,
    "end": 1611388853678,
    "duration": 1,
    "pid": 15236,
    "index": 7
  },
  {
    "name": "Require(4) node_modules/_egg-onerror@2.1.0@egg-onerror/config/config.default.js",
    "start": 1611388853678,
    "end": 1611388853679,
    "duration": 1,
    "pid": 15236,
    "index": 8
  },
  {
    "name": "Require(5) node_modules/_egg-i18n@2.1.1@egg-i18n/config/config.default.js",
    "start": 1611388853679,
    "end": 1611388853680,
    "duration": 1,
    "pid": 15236,
    "index": 9
  },
  {
    "name": "Require(6) node_modules/_egg-watcher@3.1.1@egg-watcher/config/config.default.js",
    "start": 1611388853680,
    "end": 1611388853681,
    "duration": 1,
    "pid": 15236,
    "index": 10
  },
  {
    "name": "Require(7) node_modules/_egg-schedule@3.6.6@egg-schedule/config/config.default.js",
    "start": 1611388853681,
    "end": 1611388853682,
    "duration": 1,
    "pid": 15236,
    "index": 11
  },
  {
    "name": "Require(8) node_modules/_egg-multipart@2.10.3@egg-multipart/config/config.default.js",
    "start": 1611388853682,
    "end": 1611388853682,
    "duration": 0,
    "pid": 15236,
    "index": 12
  },
  {
    "name": "Require(9) node_modules/_egg-development@2.7.0@egg-development/config/config.default.js",
    "start": 1611388853683,
    "end": 1611388853683,
    "duration": 0,
    "pid": 15236,
    "index": 13
  },
  {
    "name": "Require(10) node_modules/_egg-logrotator@3.1.0@egg-logrotator/config/config.default.js",
    "start": 1611388853684,
    "end": 1611388853684,
    "duration": 0,
    "pid": 15236,
    "index": 14
  },
  {
    "name": "Require(11) node_modules/_egg-static@2.2.0@egg-static/config/config.default.js",
    "start": 1611388853685,
    "end": 1611388853685,
    "duration": 0,
    "pid": 15236,
    "index": 15
  },
  {
    "name": "Require(12) node_modules/_egg-view@2.1.3@egg-view/config/config.default.js",
    "start": 1611388853686,
    "end": 1611388853686,
    "duration": 0,
    "pid": 15236,
    "index": 16
  },
  {
    "name": "Require(13) node_modules/_egg-view-ejs@2.0.1@egg-view-ejs/config/config.default.js",
    "start": 1611388853686,
    "end": 1611388853687,
    "duration": 1,
    "pid": 15236,
    "index": 17
  },
  {
    "name": "Require(14) node_modules/_egg@2.29.1@egg/config/config.default.js",
    "start": 1611388853687,
    "end": 1611388853688,
    "duration": 1,
    "pid": 15236,
    "index": 18
  },
  {
    "name": "Require(15) config/config.default.js",
    "start": 1611388853689,
    "end": 1611388853689,
    "duration": 0,
    "pid": 15236,
    "index": 19
  },
  {
    "name": "Require(16) node_modules/_egg-security@2.8.0@egg-security/config/config.local.js",
    "start": 1611388853689,
    "end": 1611388853690,
    "duration": 1,
    "pid": 15236,
    "index": 20
  },
  {
    "name": "Require(17) node_modules/_egg-watcher@3.1.1@egg-watcher/config/config.local.js",
    "start": 1611388853691,
    "end": 1611388853691,
    "duration": 0,
    "pid": 15236,
    "index": 21
  },
  {
    "name": "Require(18) node_modules/_egg-view@2.1.3@egg-view/config/config.local.js",
    "start": 1611388853692,
    "end": 1611388853692,
    "duration": 0,
    "pid": 15236,
    "index": 22
  },
  {
    "name": "Require(19) node_modules/_egg-view-ejs@2.0.1@egg-view-ejs/config/config.local.js",
    "start": 1611388853693,
    "end": 1611388853693,
    "duration": 0,
    "pid": 15236,
    "index": 23
  },
  {
    "name": "Require(20) node_modules/_egg@2.29.1@egg/config/config.local.js",
    "start": 1611388853693,
    "end": 1611388853694,
    "duration": 1,
    "pid": 15236,
    "index": 24
  },
  {
    "name": "Load extend/application.js",
    "start": 1611388853695,
    "end": 1611388853717,
    "duration": 22,
    "pid": 15236,
    "index": 25
  },
  {
    "name": "Require(21) node_modules/_egg-session@3.2.0@egg-session/app/extend/application.js",
    "start": 1611388853696,
    "end": 1611388853696,
    "duration": 0,
    "pid": 15236,
    "index": 26
  },
  {
    "name": "Require(22) node_modules/_egg-security@2.8.0@egg-security/app/extend/application.js",
    "start": 1611388853697,
    "end": 1611388853698,
    "duration": 1,
    "pid": 15236,
    "index": 27
  },
  {
    "name": "Require(23) node_modules/_egg-jsonp@2.0.0@egg-jsonp/app/extend/application.js",
    "start": 1611388853698,
    "end": 1611388853701,
    "duration": 3,
    "pid": 15236,
    "index": 28
  },
  {
    "name": "Require(24) node_modules/_egg-logrotator@3.1.0@egg-logrotator/app/extend/application.js",
    "start": 1611388853702,
    "end": 1611388853705,
    "duration": 3,
    "pid": 15236,
    "index": 29
  },
  {
    "name": "Require(25) node_modules/_egg-view@2.1.3@egg-view/app/extend/application.js",
    "start": 1611388853706,
    "end": 1611388853708,
    "duration": 2,
    "pid": 15236,
    "index": 30
  },
  {
    "name": "Load extend/request.js",
    "start": 1611388853717,
    "end": 1611388853740,
    "duration": 23,
    "pid": 15236,
    "index": 31
  },
  {
    "name": "Require(26) node_modules/_egg@2.29.1@egg/app/extend/request.js",
    "start": 1611388853730,
    "end": 1611388853733,
    "duration": 3,
    "pid": 15236,
    "index": 32
  },
  {
    "name": "Load extend/response.js",
    "start": 1611388853741,
    "end": 1611388853764,
    "duration": 23,
    "pid": 15236,
    "index": 33
  },
  {
    "name": "Require(27) node_modules/_egg@2.29.1@egg/app/extend/response.js",
    "start": 1611388853753,
    "end": 1611388853758,
    "duration": 5,
    "pid": 15236,
    "index": 34
  },
  {
    "name": "Load extend/context.js",
    "start": 1611388853764,
    "end": 1611388853863,
    "duration": 99,
    "pid": 15236,
    "index": 35
  },
  {
    "name": "Require(28) node_modules/_egg-security@2.8.0@egg-security/app/extend/context.js",
    "start": 1611388853764,
    "end": 1611388853788,
    "duration": 24,
    "pid": 15236,
    "index": 36
  },
  {
    "name": "Require(29) node_modules/_egg-jsonp@2.0.0@egg-jsonp/app/extend/context.js",
    "start": 1611388853788,
    "end": 1611388853790,
    "duration": 2,
    "pid": 15236,
    "index": 37
  },
  {
    "name": "Require(30) node_modules/_egg-i18n@2.1.1@egg-i18n/app/extend/context.js",
    "start": 1611388853791,
    "end": 1611388853791,
    "duration": 0,
    "pid": 15236,
    "index": 38
  },
  {
    "name": "Require(31) node_modules/_egg-multipart@2.10.3@egg-multipart/app/extend/context.js",
    "start": 1611388853792,
    "end": 1611388853856,
    "duration": 64,
    "pid": 15236,
    "index": 39
  },
  {
    "name": "Require(32) node_modules/_egg-view@2.1.3@egg-view/app/extend/context.js",
    "start": 1611388853857,
    "end": 1611388853858,
    "duration": 1,
    "pid": 15236,
    "index": 40
  },
  {
    "name": "Require(33) node_modules/_egg@2.29.1@egg/app/extend/context.js",
    "start": 1611388853858,
    "end": 1611388853860,
    "duration": 2,
    "pid": 15236,
    "index": 41
  },
  {
    "name": "Load extend/helper.js",
    "start": 1611388853863,
    "end": 1611388853889,
    "duration": 26,
    "pid": 15236,
    "index": 42
  },
  {
    "name": "Require(34) node_modules/_egg-security@2.8.0@egg-security/app/extend/helper.js",
    "start": 1611388853864,
    "end": 1611388853883,
    "duration": 19,
    "pid": 15236,
    "index": 43
  },
  {
    "name": "Require(35) node_modules/_egg@2.29.1@egg/app/extend/helper.js",
    "start": 1611388853885,
    "end": 1611388853886,
    "duration": 1,
    "pid": 15236,
    "index": 44
  },
  {
    "name": "Load app.js",
    "start": 1611388853889,
    "end": 1611388853929,
    "duration": 40,
    "pid": 15236,
    "index": 45
  },
  {
    "name": "Require(36) node_modules/_egg-session@3.2.0@egg-session/app.js",
    "start": 1611388853889,
    "end": 1611388853890,
    "duration": 1,
    "pid": 15236,
    "index": 46
  },
  {
    "name": "Require(37) node_modules/_egg-security@2.8.0@egg-security/app.js",
    "start": 1611388853890,
    "end": 1611388853892,
    "duration": 2,
    "pid": 15236,
    "index": 47
  },
  {
    "name": "Require(38) node_modules/_egg-onerror@2.1.0@egg-onerror/app.js",
    "start": 1611388853893,
    "end": 1611388853905,
    "duration": 12,
    "pid": 15236,
    "index": 48
  },
  {
    "name": "Require(39) node_modules/_egg-i18n@2.1.1@egg-i18n/app.js",
    "start": 1611388853905,
    "end": 1611388853915,
    "duration": 10,
    "pid": 15236,
    "index": 49
  },
  {
    "name": "Require(40) node_modules/_egg-watcher@3.1.1@egg-watcher/app.js",
    "start": 1611388853915,
    "end": 1611388853920,
    "duration": 5,
    "pid": 15236,
    "index": 50
  },
  {
    "name": "Require(41) node_modules/_egg-schedule@3.6.6@egg-schedule/app.js",
    "start": 1611388853921,
    "end": 1611388853923,
    "duration": 2,
    "pid": 15236,
    "index": 51
  },
  {
    "name": "Require(42) node_modules/_egg-multipart@2.10.3@egg-multipart/app.js",
    "start": 1611388853923,
    "end": 1611388853924,
    "duration": 1,
    "pid": 15236,
    "index": 52
  },
  {
    "name": "Require(43) node_modules/_egg-development@2.7.0@egg-development/app.js",
    "start": 1611388853924,
    "end": 1611388853925,
    "duration": 1,
    "pid": 15236,
    "index": 53
  },
  {
    "name": "Require(44) node_modules/_egg-logrotator@3.1.0@egg-logrotator/app.js",
    "start": 1611388853925,
    "end": 1611388853925,
    "duration": 0,
    "pid": 15236,
    "index": 54
  },
  {
    "name": "Require(45) node_modules/_egg-static@2.2.0@egg-static/app.js",
    "start": 1611388853926,
    "end": 1611388853926,
    "duration": 0,
    "pid": 15236,
    "index": 55
  },
  {
    "name": "Require(46) node_modules/_egg-view-ejs@2.0.1@egg-view-ejs/app.js",
    "start": 1611388853927,
    "end": 1611388853927,
    "duration": 0,
    "pid": 15236,
    "index": 56
  },
  {
    "name": "Before Start in node_modules/_egg-watcher@3.1.1@egg-watcher/lib/init.js:15:14",
    "start": 1611388853938,
    "end": 1611388854179,
    "duration": 241,
    "pid": 15236,
    "index": 57
  },
  {
    "name": "Load Service",
    "start": 1611388853974,
    "end": 1611388853979,
    "duration": 5,
    "pid": 15236,
    "index": 58
  },
  {
    "name": "Load \"service\" to Context",
    "start": 1611388853974,
    "end": 1611388853979,
    "duration": 5,
    "pid": 15236,
    "index": 59
  },
  {
    "name": "Load Middleware",
    "start": 1611388853979,
    "end": 1611388854152,
    "duration": 173,
    "pid": 15236,
    "index": 60
  },
  {
    "name": "Load \"middlewares\" to Application",
    "start": 1611388853979,
    "end": 1611388854134,
    "duration": 155,
    "pid": 15236,
    "index": 61
  },
  {
    "name": "Load Controller",
    "start": 1611388854152,
    "end": 1611388854160,
    "duration": 8,
    "pid": 15236,
    "index": 62
  },
  {
    "name": "Load \"controller\" to Application",
    "start": 1611388854152,
    "end": 1611388854160,
    "duration": 8,
    "pid": 15236,
    "index": 63
  },
  {
    "name": "Load Router",
    "start": 1611388854160,
    "end": 1611388854165,
    "duration": 5,
    "pid": 15236,
    "index": 64
  },
  {
    "name": "Require(47) app/router.js",
    "start": 1611388854160,
    "end": 1611388854161,
    "duration": 1,
    "pid": 15236,
    "index": 65
  },
  {
    "name": "Before Start in node_modules/_egg-core@4.20.0@egg-core/lib/egg.js:303:10",
    "start": 1611388854162,
    "end": 1611388854171,
    "duration": 9,
    "pid": 15236,
    "index": 66
  }
]