[
  {
    "name": "Process Start",
    "start": 1611388813150,
    "end": 1611388814345,
    "duration": 1195,
    "pid": 19176,
    "index": 0
  },
  {
    "name": "Application Start",
    "start": 1611388814345,
    "end": 1611388814869,
    "duration": 524,
    "pid": 19176,
    "index": 1
  },
  {
    "name": "Load Plugin",
    "start": 1611388814349,
    "end": 1611388814367,
    "duration": 18,
    "pid": 19176,
    "index": 2
  },
  {
    "name": "Load Config",
    "start": 1611388814367,
    "end": 1611388814389,
    "duration": 22,
    "pid": 19176,
    "index": 3
  },
  {
    "name": "Require(0) config/config.default.js",
    "start": 1611388814368,
    "end": 1611388814368,
    "duration": 0,
    "pid": 19176,
    "index": 4
  },
  {
    "name": "Require(1) node_modules/_egg-session@3.2.0@egg-session/config/config.default.js",
    "start": 1611388814369,
    "end": 1611388814370,
    "duration": 1,
    "pid": 19176,
    "index": 5
  },
  {
    "name": "Require(2) node_modules/_egg-security@2.8.0@egg-security/config/config.default.js",
    "start": 1611388814370,
    "end": 1611388814371,
    "duration": 1,
    "pid": 19176,
    "index": 6
  },
  {
    "name": "Require(3) node_modules/_egg-jsonp@2.0.0@egg-jsonp/config/config.default.js",
    "start": 1611388814372,
    "end": 1611388814372,
    "duration": 0,
    "pid": 19176,
    "index": 7
  },
  {
    "name": "Require(4) node_modules/_egg-onerror@2.1.0@egg-onerror/config/config.default.js",
    "start": 1611388814373,
    "end": 1611388814373,
    "duration": 0,
    "pid": 19176,
    "index": 8
  },
  {
    "name": "Require(5) node_modules/_egg-i18n@2.1.1@egg-i18n/config/config.default.js",
    "start": 1611388814373,
    "end": 1611388814374,
    "duration": 1,
    "pid": 19176,
    "index": 9
  },
  {
    "name": "Require(6) node_modules/_egg-watcher@3.1.1@egg-watcher/config/config.default.js",
    "start": 1611388814374,
    "end": 1611388814375,
    "duration": 1,
    "pid": 19176,
    "index": 10
  },
  {
    "name": "Require(7) node_modules/_egg-schedule@3.6.6@egg-schedule/config/config.default.js",
    "start": 1611388814375,
    "end": 1611388814376,
    "duration": 1,
    "pid": 19176,
    "index": 11
  },
  {
    "name": "Require(8) node_modules/_egg-multipart@2.10.3@egg-multipart/config/config.default.js",
    "start": 1611388814376,
    "end": 1611388814377,
    "duration": 1,
    "pid": 19176,
    "index": 12
  },
  {
    "name": "Require(9) node_modules/_egg-development@2.7.0@egg-development/config/config.default.js",
    "start": 1611388814377,
    "end": 1611388814378,
    "duration": 1,
    "pid": 19176,
    "index": 13
  },
  {
    "name": "Require(10) node_modules/_egg-logrotator@3.1.0@egg-logrotator/config/config.default.js",
    "start": 1611388814378,
    "end": 1611388814379,
    "duration": 1,
    "pid": 19176,
    "index": 14
  },
  {
    "name": "Require(11) node_modules/_egg-static@2.2.0@egg-static/config/config.default.js",
    "start": 1611388814379,
    "end": 1611388814379,
    "duration": 0,
    "pid": 19176,
    "index": 15
  },
  {
    "name": "Require(12) node_modules/_egg-view@2.1.3@egg-view/config/config.default.js",
    "start": 1611388814380,
    "end": 1611388814380,
    "duration": 0,
    "pid": 19176,
    "index": 16
  },
  {
    "name": "Require(13) node_modules/_egg-view-ejs@2.0.1@egg-view-ejs/config/config.default.js",
    "start": 1611388814381,
    "end": 1611388814381,
    "duration": 0,
    "pid": 19176,
    "index": 17
  },
  {
    "name": "Require(14) node_modules/_egg@2.29.1@egg/config/config.default.js",
    "start": 1611388814382,
    "end": 1611388814382,
    "duration": 0,
    "pid": 19176,
    "index": 18
  },
  {
    "name": "Require(15) config/config.default.js",
    "start": 1611388814383,
    "end": 1611388814383,
    "duration": 0,
    "pid": 19176,
    "index": 19
  },
  {
    "name": "Require(16) node_modules/_egg-security@2.8.0@egg-security/config/config.local.js",
    "start": 1611388814384,
    "end": 1611388814385,
    "duration": 1,
    "pid": 19176,
    "index": 20
  },
  {
    "name": "Require(17) node_modules/_egg-watcher@3.1.1@egg-watcher/config/config.local.js",
    "start": 1611388814386,
    "end": 1611388814386,
    "duration": 0,
    "pid": 19176,
    "index": 21
  },
  {
    "name": "Require(18) node_modules/_egg-view@2.1.3@egg-view/config/config.local.js",
    "start": 1611388814387,
    "end": 1611388814388,
    "duration": 1,
    "pid": 19176,
    "index": 22
  },
  {
    "name": "Require(19) node_modules/_egg-view-ejs@2.0.1@egg-view-ejs/config/config.local.js",
    "start": 1611388814388,
    "end": 1611388814388,
    "duration": 0,
    "pid": 19176,
    "index": 23
  },
  {
    "name": "Require(20) node_modules/_egg@2.29.1@egg/config/config.local.js",
    "start": 1611388814389,
    "end": 1611388814389,
    "duration": 0,
    "pid": 19176,
    "index": 24
  },
  {
    "name": "Load extend/application.js",
    "start": 1611388814390,
    "end": 1611388814407,
    "duration": 17,
    "pid": 19176,
    "index": 25
  },
  {
    "name": "Require(21) node_modules/_egg-session@3.2.0@egg-session/app/extend/application.js",
    "start": 1611388814391,
    "end": 1611388814391,
    "duration": 0,
    "pid": 19176,
    "index": 26
  },
  {
    "name": "Require(22) node_modules/_egg-security@2.8.0@egg-security/app/extend/application.js",
    "start": 1611388814391,
    "end": 1611388814393,
    "duration": 2,
    "pid": 19176,
    "index": 27
  },
  {
    "name": "Require(23) node_modules/_egg-jsonp@2.0.0@egg-jsonp/app/extend/application.js",
    "start": 1611388814393,
    "end": 1611388814395,
    "duration": 2,
    "pid": 19176,
    "index": 28
  },
  {
    "name": "Require(24) node_modules/_egg-logrotator@3.1.0@egg-logrotator/app/extend/application.js",
    "start": 1611388814397,
    "end": 1611388814400,
    "duration": 3,
    "pid": 19176,
    "index": 29
  },
  {
    "name": "Require(25) node_modules/_egg-view@2.1.3@egg-view/app/extend/application.js",
    "start": 1611388814401,
    "end": 1611388814403,
    "duration": 2,
    "pid": 19176,
    "index": 30
  },
  {
    "name": "Load extend/request.js",
    "start": 1611388814407,
    "end": 1611388814417,
    "duration": 10,
    "pid": 19176,
    "index": 31
  },
  {
    "name": "Require(26) node_modules/_egg@2.29.1@egg/app/extend/request.js",
    "start": 1611388814410,
    "end": 1611388814414,
    "duration": 4,
    "pid": 19176,
    "index": 32
  },
  {
    "name": "Load extend/response.js",
    "start": 1611388814417,
    "end": 1611388814426,
    "duration": 9,
    "pid": 19176,
    "index": 33
  },
  {
    "name": "Require(27) node_modules/_egg@2.29.1@egg/app/extend/response.js",
    "start": 1611388814420,
    "end": 1611388814423,
    "duration": 3,
    "pid": 19176,
    "index": 34
  },
  {
    "name": "Load extend/context.js",
    "start": 1611388814426,
    "end": 1611388814505,
    "duration": 79,
    "pid": 19176,
    "index": 35
  },
  {
    "name": "Require(28) node_modules/_egg-security@2.8.0@egg-security/app/extend/context.js",
    "start": 1611388814427,
    "end": 1611388814442,
    "duration": 15,
    "pid": 19176,
    "index": 36
  },
  {
    "name": "Require(29) node_modules/_egg-jsonp@2.0.0@egg-jsonp/app/extend/context.js",
    "start": 1611388814443,
    "end": 1611388814444,
    "duration": 1,
    "pid": 19176,
    "index": 37
  },
  {
    "name": "Require(30) node_modules/_egg-i18n@2.1.1@egg-i18n/app/extend/context.js",
    "start": 1611388814445,
    "end": 1611388814445,
    "duration": 0,
    "pid": 19176,
    "index": 38
  },
  {
    "name": "Require(31) node_modules/_egg-multipart@2.10.3@egg-multipart/app/extend/context.js",
    "start": 1611388814446,
    "end": 1611388814497,
    "duration": 51,
    "pid": 19176,
    "index": 39
  },
  {
    "name": "Require(32) node_modules/_egg-view@2.1.3@egg-view/app/extend/context.js",
    "start": 1611388814499,
    "end": 1611388814500,
    "duration": 1,
    "pid": 19176,
    "index": 40
  },
  {
    "name": "Require(33) node_modules/_egg@2.29.1@egg/app/extend/context.js",
    "start": 1611388814500,
    "end": 1611388814502,
    "duration": 2,
    "pid": 19176,
    "index": 41
  },
  {
    "name": "Load extend/helper.js",
    "start": 1611388814506,
    "end": 1611388814531,
    "duration": 25,
    "pid": 19176,
    "index": 42
  },
  {
    "name": "Require(34) node_modules/_egg-security@2.8.0@egg-security/app/extend/helper.js",
    "start": 1611388814507,
    "end": 1611388814525,
    "duration": 18,
    "pid": 19176,
    "index": 43
  },
  {
    "name": "Require(35) node_modules/_egg@2.29.1@egg/app/extend/helper.js",
    "start": 1611388814527,
    "end": 1611388814528,
    "duration": 1,
    "pid": 19176,
    "index": 44
  },
  {
    "name": "Load app.js",
    "start": 1611388814531,
    "end": 1611388814569,
    "duration": 38,
    "pid": 19176,
    "index": 45
  },
  {
    "name": "Require(36) node_modules/_egg-session@3.2.0@egg-session/app.js",
    "start": 1611388814531,
    "end": 1611388814532,
    "duration": 1,
    "pid": 19176,
    "index": 46
  },
  {
    "name": "Require(37) node_modules/_egg-security@2.8.0@egg-security/app.js",
    "start": 1611388814532,
    "end": 1611388814534,
    "duration": 2,
    "pid": 19176,
    "index": 47
  },
  {
    "name": "Require(38) node_modules/_egg-onerror@2.1.0@egg-onerror/app.js",
    "start": 1611388814535,
    "end": 1611388814546,
    "duration": 11,
    "pid": 19176,
    "index": 48
  },
  {
    "name": "Require(39) node_modules/_egg-i18n@2.1.1@egg-i18n/app.js",
    "start": 1611388814546,
    "end": 1611388814556,
    "duration": 10,
    "pid": 19176,
    "index": 49
  },
  {
    "name": "Require(40) node_modules/_egg-watcher@3.1.1@egg-watcher/app.js",
    "start": 1611388814557,
    "end": 1611388814561,
    "duration": 4,
    "pid": 19176,
    "index": 50
  },
  {
    "name": "Require(41) node_modules/_egg-schedule@3.6.6@egg-schedule/app.js",
    "start": 1611388814562,
    "end": 1611388814564,
    "duration": 2,
    "pid": 19176,
    "index": 51
  },
  {
    "name": "Require(42) node_modules/_egg-multipart@2.10.3@egg-multipart/app.js",
    "start": 1611388814564,
    "end": 1611388814565,
    "duration": 1,
    "pid": 19176,
    "index": 52
  },
  {
    "name": "Require(43) node_modules/_egg-development@2.7.0@egg-development/app.js",
    "start": 1611388814565,
    "end": 1611388814566,
    "duration": 1,
    "pid": 19176,
    "index": 53
  },
  {
    "name": "Require(44) node_modules/_egg-logrotator@3.1.0@egg-logrotator/app.js",
    "start": 1611388814566,
    "end": 1611388814566,
    "duration": 0,
    "pid": 19176,
    "index": 54
  },
  {
    "name": "Require(45) node_modules/_egg-static@2.2.0@egg-static/app.js",
    "start": 1611388814567,
    "end": 1611388814567,
    "duration": 0,
    "pid": 19176,
    "index": 55
  },
  {
    "name": "Require(46) node_modules/_egg-view-ejs@2.0.1@egg-view-ejs/app.js",
    "start": 1611388814568,
    "end": 1611388814568,
    "duration": 0,
    "pid": 19176,
    "index": 56
  },
  {
    "name": "Before Start in node_modules/_egg-watcher@3.1.1@egg-watcher/lib/init.js:15:14",
    "start": 1611388814578,
    "end": 1611388814869,
    "duration": 291,
    "pid": 19176,
    "index": 57
  },
  {
    "name": "Load Service",
    "start": 1611388814619,
    "end": 1611388814630,
    "duration": 11,
    "pid": 19176,
    "index": 58
  },
  {
    "name": "Load \"service\" to Context",
    "start": 1611388814620,
    "end": 1611388814630,
    "duration": 10,
    "pid": 19176,
    "index": 59
  },
  {
    "name": "Load Middleware",
    "start": 1611388814631,
    "end": 1611388814819,
    "duration": 188,
    "pid": 19176,
    "index": 60
  },
  {
    "name": "Load \"middlewares\" to Application",
    "start": 1611388814631,
    "end": 1611388814795,
    "duration": 164,
    "pid": 19176,
    "index": 61
  },
  {
    "name": "Load Controller",
    "start": 1611388814819,
    "end": 1611388814835,
    "duration": 16,
    "pid": 19176,
    "index": 62
  },
  {
    "name": "Load \"controller\" to Application",
    "start": 1611388814819,
    "end": 1611388814835,
    "duration": 16,
    "pid": 19176,
    "index": 63
  },
  {
    "name": "Load Router",
    "start": 1611388814835,
    "end": 1611388814844,
    "duration": 9,
    "pid": 19176,
    "index": 64
  },
  {
    "name": "Require(47) app/router.js",
    "start": 1611388814836,
    "end": 1611388814836,
    "duration": 0,
    "pid": 19176,
    "index": 65
  },
  {
    "name": "Before Start in node_modules/_egg-core@4.20.0@egg-core/lib/egg.js:303:10",
    "start": 1611388814838,
    "end": 1611388814855,
    "duration": 17,
    "pid": 19176,
    "index": 66
  }
]