[
  {
    "name": "Process Start",
    "start": 1611388780537,
    "end": 1611388781724,
    "duration": 1187,
    "pid": 15412,
    "index": 0
  },
  {
    "name": "Application Start",
    "start": 1611388781724,
    "end": 1611388782140,
    "duration": 416,
    "pid": 15412,
    "index": 1
  },
  {
    "name": "Load Plugin",
    "start": 1611388781728,
    "end": 1611388781746,
    "duration": 18,
    "pid": 15412,
    "index": 2
  },
  {
    "name": "Load Config",
    "start": 1611388781746,
    "end": 1611388781768,
    "duration": 22,
    "pid": 15412,
    "index": 3
  },
  {
    "name": "Require(0) config/config.default.js",
    "start": 1611388781747,
    "end": 1611388781747,
    "duration": 0,
    "pid": 15412,
    "index": 4
  },
  {
    "name": "Require(1) node_modules/_egg-session@3.2.0@egg-session/config/config.default.js",
    "start": 1611388781748,
    "end": 1611388781749,
    "duration": 1,
    "pid": 15412,
    "index": 5
  },
  {
    "name": "Require(2) node_modules/_egg-security@2.8.0@egg-security/config/config.default.js",
    "start": 1611388781749,
    "end": 1611388781750,
    "duration": 1,
    "pid": 15412,
    "index": 6
  },
  {
    "name": "Require(3) node_modules/_egg-jsonp@2.0.0@egg-jsonp/config/config.default.js",
    "start": 1611388781750,
    "end": 1611388781751,
    "duration": 1,
    "pid": 15412,
    "index": 7
  },
  {
    "name": "Require(4) node_modules/_egg-onerror@2.1.0@egg-onerror/config/config.default.js",
    "start": 1611388781751,
    "end": 1611388781752,
    "duration": 1,
    "pid": 15412,
    "index": 8
  },
  {
    "name": "Require(5) node_modules/_egg-i18n@2.1.1@egg-i18n/config/config.default.js",
    "start": 1611388781752,
    "end": 1611388781752,
    "duration": 0,
    "pid": 15412,
    "index": 9
  },
  {
    "name": "Require(6) node_modules/_egg-watcher@3.1.1@egg-watcher/config/config.default.js",
    "start": 1611388781753,
    "end": 1611388781754,
    "duration": 1,
    "pid": 15412,
    "index": 10
  },
  {
    "name": "Require(7) node_modules/_egg-schedule@3.6.6@egg-schedule/config/config.default.js",
    "start": 1611388781754,
    "end": 1611388781755,
    "duration": 1,
    "pid": 15412,
    "index": 11
  },
  {
    "name": "Require(8) node_modules/_egg-multipart@2.10.3@egg-multipart/config/config.default.js",
    "start": 1611388781756,
    "end": 1611388781756,
    "duration": 0,
    "pid": 15412,
    "index": 12
  },
  {
    "name": "Require(9) node_modules/_egg-development@2.7.0@egg-development/config/config.default.js",
    "start": 1611388781757,
    "end": 1611388781758,
    "duration": 1,
    "pid": 15412,
    "index": 13
  },
  {
    "name": "Require(10) node_modules/_egg-logrotator@3.1.0@egg-logrotator/config/config.default.js",
    "start": 1611388781759,
    "end": 1611388781759,
    "duration": 0,
    "pid": 15412,
    "index": 14
  },
  {
    "name": "Require(11) node_modules/_egg-static@2.2.0@egg-static/config/config.default.js",
    "start": 1611388781759,
    "end": 1611388781760,
    "duration": 1,
    "pid": 15412,
    "index": 15
  },
  {
    "name": "Require(12) node_modules/_egg-view@2.1.3@egg-view/config/config.default.js",
    "start": 1611388781760,
    "end": 1611388781761,
    "duration": 1,
    "pid": 15412,
    "index": 16
  },
  {
    "name": "Require(13) node_modules/_egg-view-ejs@2.0.1@egg-view-ejs/config/config.default.js",
    "start": 1611388781761,
    "end": 1611388781762,
    "duration": 1,
    "pid": 15412,
    "index": 17
  },
  {
    "name": "Require(14) node_modules/_egg@2.29.1@egg/config/config.default.js",
    "start": 1611388781762,
    "end": 1611388781762,
    "duration": 0,
    "pid": 15412,
    "index": 18
  },
  {
    "name": "Require(15) config/config.default.js",
    "start": 1611388781763,
    "end": 1611388781763,
    "duration": 0,
    "pid": 15412,
    "index": 19
  },
  {
    "name": "Require(16) node_modules/_egg-security@2.8.0@egg-security/config/config.local.js",
    "start": 1611388781764,
    "end": 1611388781764,
    "duration": 0,
    "pid": 15412,
    "index": 20
  },
  {
    "name": "Require(17) node_modules/_egg-watcher@3.1.1@egg-watcher/config/config.local.js",
    "start": 1611388781765,
    "end": 1611388781765,
    "duration": 0,
    "pid": 15412,
    "index": 21
  },
  {
    "name": "Require(18) node_modules/_egg-view@2.1.3@egg-view/config/config.local.js",
    "start": 1611388781767,
    "end": 1611388781767,
    "duration": 0,
    "pid": 15412,
    "index": 22
  },
  {
    "name": "Require(19) node_modules/_egg-view-ejs@2.0.1@egg-view-ejs/config/config.local.js",
    "start": 1611388781767,
    "end": 1611388781767,
    "duration": 0,
    "pid": 15412,
    "index": 23
  },
  {
    "name": "Require(20) node_modules/_egg@2.29.1@egg/config/config.local.js",
    "start": 1611388781768,
    "end": 1611388781768,
    "duration": 0,
    "pid": 15412,
    "index": 24
  },
  {
    "name": "Load extend/application.js",
    "start": 1611388781769,
    "end": 1611388781784,
    "duration": 15,
    "pid": 15412,
    "index": 25
  },
  {
    "name": "Require(21) node_modules/_egg-session@3.2.0@egg-session/app/extend/application.js",
    "start": 1611388781769,
    "end": 1611388781770,
    "duration": 1,
    "pid": 15412,
    "index": 26
  },
  {
    "name": "Require(22) node_modules/_egg-security@2.8.0@egg-security/app/extend/application.js",
    "start": 1611388781770,
    "end": 1611388781772,
    "duration": 2,
    "pid": 15412,
    "index": 27
  },
  {
    "name": "Require(23) node_modules/_egg-jsonp@2.0.0@egg-jsonp/app/extend/application.js",
    "start": 1611388781773,
    "end": 1611388781775,
    "duration": 2,
    "pid": 15412,
    "index": 28
  },
  {
    "name": "Require(24) node_modules/_egg-logrotator@3.1.0@egg-logrotator/app/extend/application.js",
    "start": 1611388781776,
    "end": 1611388781779,
    "duration": 3,
    "pid": 15412,
    "index": 29
  },
  {
    "name": "Require(25) node_modules/_egg-view@2.1.3@egg-view/app/extend/application.js",
    "start": 1611388781779,
    "end": 1611388781781,
    "duration": 2,
    "pid": 15412,
    "index": 30
  },
  {
    "name": "Load extend/request.js",
    "start": 1611388781784,
    "end": 1611388781793,
    "duration": 9,
    "pid": 15412,
    "index": 31
  },
  {
    "name": "Require(26) node_modules/_egg@2.29.1@egg/app/extend/request.js",
    "start": 1611388781787,
    "end": 1611388781790,
    "duration": 3,
    "pid": 15412,
    "index": 32
  },
  {
    "name": "Load extend/response.js",
    "start": 1611388781793,
    "end": 1611388781802,
    "duration": 9,
    "pid": 15412,
    "index": 33
  },
  {
    "name": "Require(27) node_modules/_egg@2.29.1@egg/app/extend/response.js",
    "start": 1611388781797,
    "end": 1611388781799,
    "duration": 2,
    "pid": 15412,
    "index": 34
  },
  {
    "name": "Load extend/context.js",
    "start": 1611388781802,
    "end": 1611388781877,
    "duration": 75,
    "pid": 15412,
    "index": 35
  },
  {
    "name": "Require(28) node_modules/_egg-security@2.8.0@egg-security/app/extend/context.js",
    "start": 1611388781803,
    "end": 1611388781817,
    "duration": 14,
    "pid": 15412,
    "index": 36
  },
  {
    "name": "Require(29) node_modules/_egg-jsonp@2.0.0@egg-jsonp/app/extend/context.js",
    "start": 1611388781817,
    "end": 1611388781819,
    "duration": 2,
    "pid": 15412,
    "index": 37
  },
  {
    "name": "Require(30) node_modules/_egg-i18n@2.1.1@egg-i18n/app/extend/context.js",
    "start": 1611388781819,
    "end": 1611388781820,
    "duration": 1,
    "pid": 15412,
    "index": 38
  },
  {
    "name": "Require(31) node_modules/_egg-multipart@2.10.3@egg-multipart/app/extend/context.js",
    "start": 1611388781821,
    "end": 1611388781870,
    "duration": 49,
    "pid": 15412,
    "index": 39
  },
  {
    "name": "Require(32) node_modules/_egg-view@2.1.3@egg-view/app/extend/context.js",
    "start": 1611388781871,
    "end": 1611388781872,
    "duration": 1,
    "pid": 15412,
    "index": 40
  },
  {
    "name": "Require(33) node_modules/_egg@2.29.1@egg/app/extend/context.js",
    "start": 1611388781873,
    "end": 1611388781874,
    "duration": 1,
    "pid": 15412,
    "index": 41
  },
  {
    "name": "Load extend/helper.js",
    "start": 1611388781877,
    "end": 1611388781901,
    "duration": 24,
    "pid": 15412,
    "index": 42
  },
  {
    "name": "Require(34) node_modules/_egg-security@2.8.0@egg-security/app/extend/helper.js",
    "start": 1611388781878,
    "end": 1611388781895,
    "duration": 17,
    "pid": 15412,
    "index": 43
  },
  {
    "name": "Require(35) node_modules/_egg@2.29.1@egg/app/extend/helper.js",
    "start": 1611388781897,
    "end": 1611388781898,
    "duration": 1,
    "pid": 15412,
    "index": 44
  },
  {
    "name": "Load app.js",
    "start": 1611388781901,
    "end": 1611388781938,
    "duration": 37,
    "pid": 15412,
    "index": 45
  },
  {
    "name": "Require(36) node_modules/_egg-session@3.2.0@egg-session/app.js",
    "start": 1611388781901,
    "end": 1611388781902,
    "duration": 1,
    "pid": 15412,
    "index": 46
  },
  {
    "name": "Require(37) node_modules/_egg-security@2.8.0@egg-security/app.js",
    "start": 1611388781902,
    "end": 1611388781904,
    "duration": 2,
    "pid": 15412,
    "index": 47
  },
  {
    "name": "Require(38) node_modules/_egg-onerror@2.1.0@egg-onerror/app.js",
    "start": 1611388781905,
    "end": 1611388781916,
    "duration": 11,
    "pid": 15412,
    "index": 48
  },
  {
    "name": "Require(39) node_modules/_egg-i18n@2.1.1@egg-i18n/app.js",
    "start": 1611388781916,
    "end": 1611388781926,
    "duration": 10,
    "pid": 15412,
    "index": 49
  },
  {
    "name": "Require(40) node_modules/_egg-watcher@3.1.1@egg-watcher/app.js",
    "start": 1611388781927,
    "end": 1611388781931,
    "duration": 4,
    "pid": 15412,
    "index": 50
  },
  {
    "name": "Require(41) node_modules/_egg-schedule@3.6.6@egg-schedule/app.js",
    "start": 1611388781932,
    "end": 1611388781934,
    "duration": 2,
    "pid": 15412,
    "index": 51
  },
  {
    "name": "Require(42) node_modules/_egg-multipart@2.10.3@egg-multipart/app.js",
    "start": 1611388781934,
    "end": 1611388781934,
    "duration": 0,
    "pid": 15412,
    "index": 52
  },
  {
    "name": "Require(43) node_modules/_egg-development@2.7.0@egg-development/app.js",
    "start": 1611388781935,
    "end": 1611388781935,
    "duration": 0,
    "pid": 15412,
    "index": 53
  },
  {
    "name": "Require(44) node_modules/_egg-logrotator@3.1.0@egg-logrotator/app.js",
    "start": 1611388781935,
    "end": 1611388781935,
    "duration": 0,
    "pid": 15412,
    "index": 54
  },
  {
    "name": "Require(45) node_modules/_egg-static@2.2.0@egg-static/app.js",
    "start": 1611388781936,
    "end": 1611388781936,
    "duration": 0,
    "pid": 15412,
    "index": 55
  },
  {
    "name": "Require(46) node_modules/_egg-view-ejs@2.0.1@egg-view-ejs/app.js",
    "start": 1611388781936,
    "end": 1611388781937,
    "duration": 1,
    "pid": 15412,
    "index": 56
  },
  {
    "name": "Before Start in node_modules/_egg-watcher@3.1.1@egg-watcher/lib/init.js:15:14",
    "start": 1611388781947,
    "end": 1611388782140,
    "duration": 193,
    "pid": 15412,
    "index": 57
  },
  {
    "name": "Load Service",
    "start": 1611388781980,
    "end": 1611388781984,
    "duration": 4,
    "pid": 15412,
    "index": 58
  },
  {
    "name": "Load \"service\" to Context",
    "start": 1611388781980,
    "end": 1611388781984,
    "duration": 4,
    "pid": 15412,
    "index": 59
  },
  {
    "name": "Load Middleware",
    "start": 1611388781984,
    "end": 1611388782117,
    "duration": 133,
    "pid": 15412,
    "index": 60
  },
  {
    "name": "Load \"middlewares\" to Application",
    "start": 1611388781984,
    "end": 1611388782102,
    "duration": 118,
    "pid": 15412,
    "index": 61
  },
  {
    "name": "Load Controller",
    "start": 1611388782117,
    "end": 1611388782124,
    "duration": 7,
    "pid": 15412,
    "index": 62
  },
  {
    "name": "Load \"controller\" to Application",
    "start": 1611388782117,
    "end": 1611388782124,
    "duration": 7,
    "pid": 15412,
    "index": 63
  },
  {
    "name": "Load Router",
    "start": 1611388782124,
    "end": 1611388782128,
    "duration": 4,
    "pid": 15412,
    "index": 64
  },
  {
    "name": "Require(47) app/router.js",
    "start": 1611388782124,
    "end": 1611388782124,
    "duration": 0,
    "pid": 15412,
    "index": 65
  },
  {
    "name": "Before Start in node_modules/_egg-core@4.20.0@egg-core/lib/egg.js:303:10",
    "start": 1611388782125,
    "end": 1611388782133,
    "duration": 8,
    "pid": 15412,
    "index": 66
  }
]