[
  {
    "name": "Process Start",
    "start": 1611388822802,
    "end": 1611388823866,
    "duration": 1064,
    "pid": 5084,
    "index": 0
  },
  {
    "name": "Application Start",
    "start": 1611388823866,
    "end": 1611388824328,
    "duration": 462,
    "pid": 5084,
    "index": 1
  },
  {
    "name": "Load Plugin",
    "start": 1611388823870,
    "end": 1611388823890,
    "duration": 20,
    "pid": 5084,
    "index": 2
  },
  {
    "name": "Load Config",
    "start": 1611388823890,
    "end": 1611388823911,
    "duration": 21,
    "pid": 5084,
    "index": 3
  },
  {
    "name": "Require(0) config/config.default.js",
    "start": 1611388823890,
    "end": 1611388823891,
    "duration": 1,
    "pid": 5084,
    "index": 4
  },
  {
    "name": "Require(1) node_modules/_egg-session@3.2.0@egg-session/config/config.default.js",
    "start": 1611388823892,
    "end": 1611388823893,
    "duration": 1,
    "pid": 5084,
    "index": 5
  },
  {
    "name": "Require(2) node_modules/_egg-security@2.8.0@egg-security/config/config.default.js",
    "start": 1611388823893,
    "end": 1611388823893,
    "duration": 0,
    "pid": 5084,
    "index": 6
  },
  {
    "name": "Require(3) node_modules/_egg-jsonp@2.0.0@egg-jsonp/config/config.default.js",
    "start": 1611388823894,
    "end": 1611388823895,
    "duration": 1,
    "pid": 5084,
    "index": 7
  },
  {
    "name": "Require(4) node_modules/_egg-onerror@2.1.0@egg-onerror/config/config.default.js",
    "start": 1611388823895,
    "end": 1611388823896,
    "duration": 1,
    "pid": 5084,
    "index": 8
  },
  {
    "name": "Require(5) node_modules/_egg-i18n@2.1.1@egg-i18n/config/config.default.js",
    "start": 1611388823896,
    "end": 1611388823897,
    "duration": 1,
    "pid": 5084,
    "index": 9
  },
  {
    "name": "Require(6) node_modules/_egg-watcher@3.1.1@egg-watcher/config/config.default.js",
    "start": 1611388823897,
    "end": 1611388823897,
    "duration": 0,
    "pid": 5084,
    "index": 10
  },
  {
    "name": "Require(7) node_modules/_egg-schedule@3.6.6@egg-schedule/config/config.default.js",
    "start": 1611388823898,
    "end": 1611388823898,
    "duration": 0,
    "pid": 5084,
    "index": 11
  },
  {
    "name": "Require(8) node_modules/_egg-multipart@2.10.3@egg-multipart/config/config.default.js",
    "start": 1611388823899,
    "end": 1611388823899,
    "duration": 0,
    "pid": 5084,
    "index": 12
  },
  {
    "name": "Require(9) node_modules/_egg-development@2.7.0@egg-development/config/config.default.js",
    "start": 1611388823900,
    "end": 1611388823900,
    "duration": 0,
    "pid": 5084,
    "index": 13
  },
  {
    "name": "Require(10) node_modules/_egg-logrotator@3.1.0@egg-logrotator/config/config.default.js",
    "start": 1611388823901,
    "end": 1611388823901,
    "duration": 0,
    "pid": 5084,
    "index": 14
  },
  {
    "name": "Require(11) node_modules/_egg-static@2.2.0@egg-static/config/config.default.js",
    "start": 1611388823902,
    "end": 1611388823902,
    "duration": 0,
    "pid": 5084,
    "index": 15
  },
  {
    "name": "Require(12) node_modules/_egg-view@2.1.3@egg-view/config/config.default.js",
    "start": 1611388823903,
    "end": 1611388823903,
    "duration": 0,
    "pid": 5084,
    "index": 16
  },
  {
    "name": "Require(13) node_modules/_egg-view-ejs@2.0.1@egg-view-ejs/config/config.default.js",
    "start": 1611388823903,
    "end": 1611388823904,
    "duration": 1,
    "pid": 5084,
    "index": 17
  },
  {
    "name": "Require(14) node_modules/_egg@2.29.1@egg/config/config.default.js",
    "start": 1611388823904,
    "end": 1611388823905,
    "duration": 1,
    "pid": 5084,
    "index": 18
  },
  {
    "name": "Require(15) config/config.default.js",
    "start": 1611388823906,
    "end": 1611388823906,
    "duration": 0,
    "pid": 5084,
    "index": 19
  },
  {
    "name": "Require(16) node_modules/_egg-security@2.8.0@egg-security/config/config.local.js",
    "start": 1611388823906,
    "end": 1611388823907,
    "duration": 1,
    "pid": 5084,
    "index": 20
  },
  {
    "name": "Require(17) node_modules/_egg-watcher@3.1.1@egg-watcher/config/config.local.js",
    "start": 1611388823908,
    "end": 1611388823908,
    "duration": 0,
    "pid": 5084,
    "index": 21
  },
  {
    "name": "Require(18) node_modules/_egg-view@2.1.3@egg-view/config/config.local.js",
    "start": 1611388823909,
    "end": 1611388823909,
    "duration": 0,
    "pid": 5084,
    "index": 22
  },
  {
    "name": "Require(19) node_modules/_egg-view-ejs@2.0.1@egg-view-ejs/config/config.local.js",
    "start": 1611388823910,
    "end": 1611388823910,
    "duration": 0,
    "pid": 5084,
    "index": 23
  },
  {
    "name": "Require(20) node_modules/_egg@2.29.1@egg/config/config.local.js",
    "start": 1611388823910,
    "end": 1611388823911,
    "duration": 1,
    "pid": 5084,
    "index": 24
  },
  {
    "name": "Load extend/application.js",
    "start": 1611388823912,
    "end": 1611388823927,
    "duration": 15,
    "pid": 5084,
    "index": 25
  },
  {
    "name": "Require(21) node_modules/_egg-session@3.2.0@egg-session/app/extend/application.js",
    "start": 1611388823912,
    "end": 1611388823913,
    "duration": 1,
    "pid": 5084,
    "index": 26
  },
  {
    "name": "Require(22) node_modules/_egg-security@2.8.0@egg-security/app/extend/application.js",
    "start": 1611388823913,
    "end": 1611388823914,
    "duration": 1,
    "pid": 5084,
    "index": 27
  },
  {
    "name": "Require(23) node_modules/_egg-jsonp@2.0.0@egg-jsonp/app/extend/application.js",
    "start": 1611388823915,
    "end": 1611388823917,
    "duration": 2,
    "pid": 5084,
    "index": 28
  },
  {
    "name": "Require(24) node_modules/_egg-logrotator@3.1.0@egg-logrotator/app/extend/application.js",
    "start": 1611388823918,
    "end": 1611388823921,
    "duration": 3,
    "pid": 5084,
    "index": 29
  },
  {
    "name": "Require(25) node_modules/_egg-view@2.1.3@egg-view/app/extend/application.js",
    "start": 1611388823922,
    "end": 1611388823924,
    "duration": 2,
    "pid": 5084,
    "index": 30
  },
  {
    "name": "Load extend/request.js",
    "start": 1611388823927,
    "end": 1611388823936,
    "duration": 9,
    "pid": 5084,
    "index": 31
  },
  {
    "name": "Require(26) node_modules/_egg@2.29.1@egg/app/extend/request.js",
    "start": 1611388823930,
    "end": 1611388823931,
    "duration": 1,
    "pid": 5084,
    "index": 32
  },
  {
    "name": "Load extend/response.js",
    "start": 1611388823936,
    "end": 1611388823944,
    "duration": 8,
    "pid": 5084,
    "index": 33
  },
  {
    "name": "Require(27) node_modules/_egg@2.29.1@egg/app/extend/response.js",
    "start": 1611388823938,
    "end": 1611388823941,
    "duration": 3,
    "pid": 5084,
    "index": 34
  },
  {
    "name": "Load extend/context.js",
    "start": 1611388823944,
    "end": 1611388824019,
    "duration": 75,
    "pid": 5084,
    "index": 35
  },
  {
    "name": "Require(28) node_modules/_egg-security@2.8.0@egg-security/app/extend/context.js",
    "start": 1611388823944,
    "end": 1611388823958,
    "duration": 14,
    "pid": 5084,
    "index": 36
  },
  {
    "name": "Require(29) node_modules/_egg-jsonp@2.0.0@egg-jsonp/app/extend/context.js",
    "start": 1611388823958,
    "end": 1611388823960,
    "duration": 2,
    "pid": 5084,
    "index": 37
  },
  {
    "name": "Require(30) node_modules/_egg-i18n@2.1.1@egg-i18n/app/extend/context.js",
    "start": 1611388823960,
    "end": 1611388823961,
    "duration": 1,
    "pid": 5084,
    "index": 38
  },
  {
    "name": "Require(31) node_modules/_egg-multipart@2.10.3@egg-multipart/app/extend/context.js",
    "start": 1611388823961,
    "end": 1611388824011,
    "duration": 50,
    "pid": 5084,
    "index": 39
  },
  {
    "name": "Require(32) node_modules/_egg-view@2.1.3@egg-view/app/extend/context.js",
    "start": 1611388824012,
    "end": 1611388824013,
    "duration": 1,
    "pid": 5084,
    "index": 40
  },
  {
    "name": "Require(33) node_modules/_egg@2.29.1@egg/app/extend/context.js",
    "start": 1611388824013,
    "end": 1611388824015,
    "duration": 2,
    "pid": 5084,
    "index": 41
  },
  {
    "name": "Load extend/helper.js",
    "start": 1611388824019,
    "end": 1611388824043,
    "duration": 24,
    "pid": 5084,
    "index": 42
  },
  {
    "name": "Require(34) node_modules/_egg-security@2.8.0@egg-security/app/extend/helper.js",
    "start": 1611388824019,
    "end": 1611388824038,
    "duration": 19,
    "pid": 5084,
    "index": 43
  },
  {
    "name": "Require(35) node_modules/_egg@2.29.1@egg/app/extend/helper.js",
    "start": 1611388824040,
    "end": 1611388824041,
    "duration": 1,
    "pid": 5084,
    "index": 44
  },
  {
    "name": "Load app.js",
    "start": 1611388824043,
    "end": 1611388824080,
    "duration": 37,
    "pid": 5084,
    "index": 45
  },
  {
    "name": "Require(36) node_modules/_egg-session@3.2.0@egg-session/app.js",
    "start": 1611388824044,
    "end": 1611388824044,
    "duration": 0,
    "pid": 5084,
    "index": 46
  },
  {
    "name": "Require(37) node_modules/_egg-security@2.8.0@egg-security/app.js",
    "start": 1611388824044,
    "end": 1611388824046,
    "duration": 2,
    "pid": 5084,
    "index": 47
  },
  {
    "name": "Require(38) node_modules/_egg-onerror@2.1.0@egg-onerror/app.js",
    "start": 1611388824047,
    "end": 1611388824058,
    "duration": 11,
    "pid": 5084,
    "index": 48
  },
  {
    "name": "Require(39) node_modules/_egg-i18n@2.1.1@egg-i18n/app.js",
    "start": 1611388824059,
    "end": 1611388824067,
    "duration": 8,
    "pid": 5084,
    "index": 49
  },
  {
    "name": "Require(40) node_modules/_egg-watcher@3.1.1@egg-watcher/app.js",
    "start": 1611388824068,
    "end": 1611388824073,
    "duration": 5,
    "pid": 5084,
    "index": 50
  },
  {
    "name": "Require(41) node_modules/_egg-schedule@3.6.6@egg-schedule/app.js",
    "start": 1611388824073,
    "end": 1611388824075,
    "duration": 2,
    "pid": 5084,
    "index": 51
  },
  {
    "name": "Require(42) node_modules/_egg-multipart@2.10.3@egg-multipart/app.js",
    "start": 1611388824076,
    "end": 1611388824076,
    "duration": 0,
    "pid": 5084,
    "index": 52
  },
  {
    "name": "Require(43) node_modules/_egg-development@2.7.0@egg-development/app.js",
    "start": 1611388824077,
    "end": 1611388824077,
    "duration": 0,
    "pid": 5084,
    "index": 53
  },
  {
    "name": "Require(44) node_modules/_egg-logrotator@3.1.0@egg-logrotator/app.js",
    "start": 1611388824077,
    "end": 1611388824077,
    "duration": 0,
    "pid": 5084,
    "index": 54
  },
  {
    "name": "Require(45) node_modules/_egg-static@2.2.0@egg-static/app.js",
    "start": 1611388824078,
    "end": 1611388824078,
    "duration": 0,
    "pid": 5084,
    "index": 55
  },
  {
    "name": "Require(46) node_modules/_egg-view-ejs@2.0.1@egg-view-ejs/app.js",
    "start": 1611388824079,
    "end": 1611388824079,
    "duration": 0,
    "pid": 5084,
    "index": 56
  },
  {
    "name": "Before Start in node_modules/_egg-watcher@3.1.1@egg-watcher/lib/init.js:15:14",
    "start": 1611388824089,
    "end": 1611388824328,
    "duration": 239,
    "pid": 5084,
    "index": 57
  },
  {
    "name": "Load Service",
    "start": 1611388824127,
    "end": 1611388824131,
    "duration": 4,
    "pid": 5084,
    "index": 58
  },
  {
    "name": "Load \"service\" to Context",
    "start": 1611388824127,
    "end": 1611388824131,
    "duration": 4,
    "pid": 5084,
    "index": 59
  },
  {
    "name": "Load Middleware",
    "start": 1611388824132,
    "end": 1611388824303,
    "duration": 171,
    "pid": 5084,
    "index": 60
  },
  {
    "name": "Load \"middlewares\" to Application",
    "start": 1611388824132,
    "end": 1611388824285,
    "duration": 153,
    "pid": 5084,
    "index": 61
  },
  {
    "name": "Load Controller",
    "start": 1611388824303,
    "end": 1611388824310,
    "duration": 7,
    "pid": 5084,
    "index": 62
  },
  {
    "name": "Load \"controller\" to Application",
    "start": 1611388824303,
    "end": 1611388824310,
    "duration": 7,
    "pid": 5084,
    "index": 63
  },
  {
    "name": "Load Router",
    "start": 1611388824310,
    "end": 1611388824314,
    "duration": 4,
    "pid": 5084,
    "index": 64
  },
  {
    "name": "Require(47) app/router.js",
    "start": 1611388824311,
    "end": 1611388824311,
    "duration": 0,
    "pid": 5084,
    "index": 65
  },
  {
    "name": "Before Start in node_modules/_egg-core@4.20.0@egg-core/lib/egg.js:303:10",
    "start": 1611388824312,
    "end": 1611388824321,
    "duration": 9,
    "pid": 5084,
    "index": 66
  }
]