[
  {
    "name": "Process Start",
    "start": 1611388860731,
    "end": 1611388861833,
    "duration": 1102,
    "pid": 8908,
    "index": 0
  },
  {
    "name": "Application Start",
    "start": 1611388861834,
    "end": 1611388862292,
    "duration": 458,
    "pid": 8908,
    "index": 1
  },
  {
    "name": "Load Plugin",
    "start": 1611388861838,
    "end": 1611388861859,
    "duration": 21,
    "pid": 8908,
    "index": 2
  },
  {
    "name": "Load Config",
    "start": 1611388861859,
    "end": 1611388861882,
    "duration": 23,
    "pid": 8908,
    "index": 3
  },
  {
    "name": "Require(0) config/config.default.js",
    "start": 1611388861859,
    "end": 1611388861860,
    "duration": 1,
    "pid": 8908,
    "index": 4
  },
  {
    "name": "Require(1) node_modules/_egg-session@3.2.0@egg-session/config/config.default.js",
    "start": 1611388861861,
    "end": 1611388861862,
    "duration": 1,
    "pid": 8908,
    "index": 5
  },
  {
    "name": "Require(2) node_modules/_egg-security@2.8.0@egg-security/config/config.default.js",
    "start": 1611388861862,
    "end": 1611388861863,
    "duration": 1,
    "pid": 8908,
    "index": 6
  },
  {
    "name": "Require(3) node_modules/_egg-jsonp@2.0.0@egg-jsonp/config/config.default.js",
    "start": 1611388861864,
    "end": 1611388861864,
    "duration": 0,
    "pid": 8908,
    "index": 7
  },
  {
    "name": "Require(4) node_modules/_egg-onerror@2.1.0@egg-onerror/config/config.default.js",
    "start": 1611388861865,
    "end": 1611388861865,
    "duration": 0,
    "pid": 8908,
    "index": 8
  },
  {
    "name": "Require(5) node_modules/_egg-i18n@2.1.1@egg-i18n/config/config.default.js",
    "start": 1611388861866,
    "end": 1611388861866,
    "duration": 0,
    "pid": 8908,
    "index": 9
  },
  {
    "name": "Require(6) node_modules/_egg-watcher@3.1.1@egg-watcher/config/config.default.js",
    "start": 1611388861867,
    "end": 1611388861867,
    "duration": 0,
    "pid": 8908,
    "index": 10
  },
  {
    "name": "Require(7) node_modules/_egg-schedule@3.6.6@egg-schedule/config/config.default.js",
    "start": 1611388861868,
    "end": 1611388861868,
    "duration": 0,
    "pid": 8908,
    "index": 11
  },
  {
    "name": "Require(8) node_modules/_egg-multipart@2.10.3@egg-multipart/config/config.default.js",
    "start": 1611388861869,
    "end": 1611388861869,
    "duration": 0,
    "pid": 8908,
    "index": 12
  },
  {
    "name": "Require(9) node_modules/_egg-development@2.7.0@egg-development/config/config.default.js",
    "start": 1611388861870,
    "end": 1611388861870,
    "duration": 0,
    "pid": 8908,
    "index": 13
  },
  {
    "name": "Require(10) node_modules/_egg-logrotator@3.1.0@egg-logrotator/config/config.default.js",
    "start": 1611388861871,
    "end": 1611388861871,
    "duration": 0,
    "pid": 8908,
    "index": 14
  },
  {
    "name": "Require(11) node_modules/_egg-static@2.2.0@egg-static/config/config.default.js",
    "start": 1611388861872,
    "end": 1611388861872,
    "duration": 0,
    "pid": 8908,
    "index": 15
  },
  {
    "name": "Require(12) node_modules/_egg-view@2.1.3@egg-view/config/config.default.js",
    "start": 1611388861873,
    "end": 1611388861873,
    "duration": 0,
    "pid": 8908,
    "index": 16
  },
  {
    "name": "Require(13) node_modules/_egg-view-ejs@2.0.1@egg-view-ejs/config/config.default.js",
    "start": 1611388861874,
    "end": 1611388861874,
    "duration": 0,
    "pid": 8908,
    "index": 17
  },
  {
    "name": "Require(14) node_modules/_egg@2.29.1@egg/config/config.default.js",
    "start": 1611388861875,
    "end": 1611388861875,
    "duration": 0,
    "pid": 8908,
    "index": 18
  },
  {
    "name": "Require(15) config/config.default.js",
    "start": 1611388861876,
    "end": 1611388861876,
    "duration": 0,
    "pid": 8908,
    "index": 19
  },
  {
    "name": "Require(16) node_modules/_egg-security@2.8.0@egg-security/config/config.local.js",
    "start": 1611388861877,
    "end": 1611388861877,
    "duration": 0,
    "pid": 8908,
    "index": 20
  },
  {
    "name": "Require(17) node_modules/_egg-watcher@3.1.1@egg-watcher/config/config.local.js",
    "start": 1611388861878,
    "end": 1611388861879,
    "duration": 1,
    "pid": 8908,
    "index": 21
  },
  {
    "name": "Require(18) node_modules/_egg-view@2.1.3@egg-view/config/config.local.js",
    "start": 1611388861880,
    "end": 1611388861880,
    "duration": 0,
    "pid": 8908,
    "index": 22
  },
  {
    "name": "Require(19) node_modules/_egg-view-ejs@2.0.1@egg-view-ejs/config/config.local.js",
    "start": 1611388861881,
    "end": 1611388861881,
    "duration": 0,
    "pid": 8908,
    "index": 23
  },
  {
    "name": "Require(20) node_modules/_egg@2.29.1@egg/config/config.local.js",
    "start": 1611388861881,
    "end": 1611388861882,
    "duration": 1,
    "pid": 8908,
    "index": 24
  },
  {
    "name": "Load extend/application.js",
    "start": 1611388861883,
    "end": 1611388861899,
    "duration": 16,
    "pid": 8908,
    "index": 25
  },
  {
    "name": "Require(21) node_modules/_egg-session@3.2.0@egg-session/app/extend/application.js",
    "start": 1611388861883,
    "end": 1611388861884,
    "duration": 1,
    "pid": 8908,
    "index": 26
  },
  {
    "name": "Require(22) node_modules/_egg-security@2.8.0@egg-security/app/extend/application.js",
    "start": 1611388861884,
    "end": 1611388861886,
    "duration": 2,
    "pid": 8908,
    "index": 27
  },
  {
    "name": "Require(23) node_modules/_egg-jsonp@2.0.0@egg-jsonp/app/extend/application.js",
    "start": 1611388861886,
    "end": 1611388861888,
    "duration": 2,
    "pid": 8908,
    "index": 28
  },
  {
    "name": "Require(24) node_modules/_egg-logrotator@3.1.0@egg-logrotator/app/extend/application.js",
    "start": 1611388861890,
    "end": 1611388861893,
    "duration": 3,
    "pid": 8908,
    "index": 29
  },
  {
    "name": "Require(25) node_modules/_egg-view@2.1.3@egg-view/app/extend/application.js",
    "start": 1611388861894,
    "end": 1611388861896,
    "duration": 2,
    "pid": 8908,
    "index": 30
  },
  {
    "name": "Load extend/request.js",
    "start": 1611388861899,
    "end": 1611388861909,
    "duration": 10,
    "pid": 8908,
    "index": 31
  },
  {
    "name": "Require(26) node_modules/_egg@2.29.1@egg/app/extend/request.js",
    "start": 1611388861902,
    "end": 1611388861904,
    "duration": 2,
    "pid": 8908,
    "index": 32
  },
  {
    "name": "Load extend/response.js",
    "start": 1611388861909,
    "end": 1611388861918,
    "duration": 9,
    "pid": 8908,
    "index": 33
  },
  {
    "name": "Require(27) node_modules/_egg@2.29.1@egg/app/extend/response.js",
    "start": 1611388861912,
    "end": 1611388861914,
    "duration": 2,
    "pid": 8908,
    "index": 34
  },
  {
    "name": "Load extend/context.js",
    "start": 1611388861918,
    "end": 1611388861993,
    "duration": 75,
    "pid": 8908,
    "index": 35
  },
  {
    "name": "Require(28) node_modules/_egg-security@2.8.0@egg-security/app/extend/context.js",
    "start": 1611388861918,
    "end": 1611388861933,
    "duration": 15,
    "pid": 8908,
    "index": 36
  },
  {
    "name": "Require(29) node_modules/_egg-jsonp@2.0.0@egg-jsonp/app/extend/context.js",
    "start": 1611388861933,
    "end": 1611388861935,
    "duration": 2,
    "pid": 8908,
    "index": 37
  },
  {
    "name": "Require(30) node_modules/_egg-i18n@2.1.1@egg-i18n/app/extend/context.js",
    "start": 1611388861935,
    "end": 1611388861936,
    "duration": 1,
    "pid": 8908,
    "index": 38
  },
  {
    "name": "Require(31) node_modules/_egg-multipart@2.10.3@egg-multipart/app/extend/context.js",
    "start": 1611388861936,
    "end": 1611388861986,
    "duration": 50,
    "pid": 8908,
    "index": 39
  },
  {
    "name": "Require(32) node_modules/_egg-view@2.1.3@egg-view/app/extend/context.js",
    "start": 1611388861987,
    "end": 1611388861988,
    "duration": 1,
    "pid": 8908,
    "index": 40
  },
  {
    "name": "Require(33) node_modules/_egg@2.29.1@egg/app/extend/context.js",
    "start": 1611388861989,
    "end": 1611388861990,
    "duration": 1,
    "pid": 8908,
    "index": 41
  },
  {
    "name": "Load extend/helper.js",
    "start": 1611388861993,
    "end": 1611388862016,
    "duration": 23,
    "pid": 8908,
    "index": 42
  },
  {
    "name": "Require(34) node_modules/_egg-security@2.8.0@egg-security/app/extend/helper.js",
    "start": 1611388861994,
    "end": 1611388862011,
    "duration": 17,
    "pid": 8908,
    "index": 43
  },
  {
    "name": "Require(35) node_modules/_egg@2.29.1@egg/app/extend/helper.js",
    "start": 1611388862013,
    "end": 1611388862013,
    "duration": 0,
    "pid": 8908,
    "index": 44
  },
  {
    "name": "Load app.js",
    "start": 1611388862017,
    "end": 1611388862054,
    "duration": 37,
    "pid": 8908,
    "index": 45
  },
  {
    "name": "Require(36) node_modules/_egg-session@3.2.0@egg-session/app.js",
    "start": 1611388862017,
    "end": 1611388862017,
    "duration": 0,
    "pid": 8908,
    "index": 46
  },
  {
    "name": "Require(37) node_modules/_egg-security@2.8.0@egg-security/app.js",
    "start": 1611388862018,
    "end": 1611388862020,
    "duration": 2,
    "pid": 8908,
    "index": 47
  },
  {
    "name": "Require(38) node_modules/_egg-onerror@2.1.0@egg-onerror/app.js",
    "start": 1611388862020,
    "end": 1611388862031,
    "duration": 11,
    "pid": 8908,
    "index": 48
  },
  {
    "name": "Require(39) node_modules/_egg-i18n@2.1.1@egg-i18n/app.js",
    "start": 1611388862031,
    "end": 1611388862041,
    "duration": 10,
    "pid": 8908,
    "index": 49
  },
  {
    "name": "Require(40) node_modules/_egg-watcher@3.1.1@egg-watcher/app.js",
    "start": 1611388862042,
    "end": 1611388862046,
    "duration": 4,
    "pid": 8908,
    "index": 50
  },
  {
    "name": "Require(41) node_modules/_egg-schedule@3.6.6@egg-schedule/app.js",
    "start": 1611388862047,
    "end": 1611388862049,
    "duration": 2,
    "pid": 8908,
    "index": 51
  },
  {
    "name": "Require(42) node_modules/_egg-multipart@2.10.3@egg-multipart/app.js",
    "start": 1611388862050,
    "end": 1611388862050,
    "duration": 0,
    "pid": 8908,
    "index": 52
  },
  {
    "name": "Require(43) node_modules/_egg-development@2.7.0@egg-development/app.js",
    "start": 1611388862051,
    "end": 1611388862051,
    "duration": 0,
    "pid": 8908,
    "index": 53
  },
  {
    "name": "Require(44) node_modules/_egg-logrotator@3.1.0@egg-logrotator/app.js",
    "start": 1611388862051,
    "end": 1611388862051,
    "duration": 0,
    "pid": 8908,
    "index": 54
  },
  {
    "name": "Require(45) node_modules/_egg-static@2.2.0@egg-static/app.js",
    "start": 1611388862052,
    "end": 1611388862052,
    "duration": 0,
    "pid": 8908,
    "index": 55
  },
  {
    "name": "Require(46) node_modules/_egg-view-ejs@2.0.1@egg-view-ejs/app.js",
    "start": 1611388862053,
    "end": 1611388862053,
    "duration": 0,
    "pid": 8908,
    "index": 56
  },
  {
    "name": "Before Start in node_modules/_egg-watcher@3.1.1@egg-watcher/lib/init.js:15:14",
    "start": 1611388862065,
    "end": 1611388862291,
    "duration": 226,
    "pid": 8908,
    "index": 57
  },
  {
    "name": "Load Service",
    "start": 1611388862103,
    "end": 1611388862108,
    "duration": 5,
    "pid": 8908,
    "index": 58
  },
  {
    "name": "Load \"service\" to Context",
    "start": 1611388862104,
    "end": 1611388862108,
    "duration": 4,
    "pid": 8908,
    "index": 59
  },
  {
    "name": "Load Middleware",
    "start": 1611388862109,
    "end": 1611388862263,
    "duration": 154,
    "pid": 8908,
    "index": 60
  },
  {
    "name": "Load \"middlewares\" to Application",
    "start": 1611388862109,
    "end": 1611388862247,
    "duration": 138,
    "pid": 8908,
    "index": 61
  },
  {
    "name": "Load Controller",
    "start": 1611388862263,
    "end": 1611388862270,
    "duration": 7,
    "pid": 8908,
    "index": 62
  },
  {
    "name": "Load \"controller\" to Application",
    "start": 1611388862263,
    "end": 1611388862270,
    "duration": 7,
    "pid": 8908,
    "index": 63
  },
  {
    "name": "Load Router",
    "start": 1611388862270,
    "end": 1611388862274,
    "duration": 4,
    "pid": 8908,
    "index": 64
  },
  {
    "name": "Require(47) app/router.js",
    "start": 1611388862270,
    "end": 1611388862271,
    "duration": 1,
    "pid": 8908,
    "index": 65
  },
  {
    "name": "Before Start in node_modules/_egg-core@4.20.0@egg-core/lib/egg.js:303:10",
    "start": 1611388862271,
    "end": 1611388862284,
    "duration": 13,
    "pid": 8908,
    "index": 66
  }
]