[
  {
    "name": null,
    "methods": [
      "HEAD",
      "GET"
    ],
    "paramNames": [],
    "path": "/admin/user",
    "regexp": "/^\\/admin\\/user(?:\\/(?=$))?$/",
    "stack": [
      "auth",
      "wrappedController"
    ]
  },
  {
    "name": "admin_article",
    "methods": [
      "HEAD",
      "GET"
    ],
    "paramNames": [],
    "path": "/admin/article",
    "regexp": "/^\\/admin\\/article(?:\\/(?=$))?$/",
    "stack": [
      "auth",
      "wrappedController"
    ]
  },
  {
    "name": null,
    "methods": [
      "HEAD",
      "GET"
    ],
    "paramNames": [],
    "path": "/admin/article/add",
    "regexp": "/^\\/admin\\/article\\/add(?:\\/(?=$))?$/",
    "stack": [
      "wrappedController"
    ]
  },
  {
    "name": null,
    "methods": [
      "HEAD",
      "GET"
    ],
    "paramNames": [],
    "path": "/admin/article/edit",
    "regexp": "/^\\/admin\\/article\\/edit(?:\\/(?=$))?$/",
    "stack": [
      "wrappedController"
    ]
  },
  {
    "name": null,
    "methods": [
      "HEAD",
      "GET"
    ],
    "paramNames": [],
    "path": "/admin/product",
    "regexp": "/^\\/admin\\/product(?:\\/(?=$))?$/",
    "stack": [
      "wrappedController"
    ]
  },
  {
    "name": null,
    "methods": [
      "HEAD",
      "GET"
    ],
    "paramNames": [],
    "path": "/admin/product/add",
    "regexp": "/^\\/admin\\/product\\/add(?:\\/(?=$))?$/",
    "stack": [
      "wrappedController"
    ]
  },
  {
    "name": null,
    "methods": [
      "HEAD",
      "GET"
    ],
    "paramNames": [],
    "path": "/admin/product/edit",
    "regexp": "/^\\/admin\\/product\\/edit(?:\\/(?=$))?$/",
    "stack": [
      "wrappedController"
    ]
  },
  {
    "name": null,
    "methods": [
      "HEAD",
      "GET"
    ],
    "paramNames": [],
    "path": "/api/user",
    "regexp": "/^\\/api\\/user(?:\\/(?=$))?$/",
    "stack": [
      "wrappedController"
    ]
  },
  {
    "name": null,
    "methods": [
      "HEAD",
      "GET"
    ],
    "paramNames": [],
    "path": "/api/product",
    "regexp": "/^\\/api\\/product(?:\\/(?=$))?$/",
    "stack": [
      "wrappedController"
    ]
  },
  {
    "name": "index",
    "methods": [
      "HEAD",
      "GET"
    ],
    "paramNames": [],
    "path": "/",
    "regexp": "/^(?:\\/(?=$))?$/",
    "stack": [
      "wrappedController"
    ]
  },
  {
    "name": null,
    "methods": [
      "HEAD",
      "GET"
    ],
    "paramNames": [],
    "path": "/shop",
    "regexp": "/^\\/shop(?:\\/(?=$))?$/",
    "stack": [
      "wrappedController"
    ]
  },
  {
    "name": null,
    "methods": [
      "HEAD",
      "ACL",
      "BIND",
      "CHECKOUT",
      "CONNECT",
      "COPY",
      "DELETE",
      "GET",
      "HEAD",
      "LINK",
      "LOCK",
      "M-SEARCH",
      "MERGE",
      "MKACTIVITY",
      "MKCALENDAR",
      "MKCOL",
      "MOVE",
      "NOTIFY",
      "OPTIONS",
      "PATCH",
      "POST",
      "PRI",
      "PROPFIND",
      "PROPPATCH",
      "PURGE",
      "PUT",
      "REBIND",
      "REPORT",
      "SEARCH",
      "SOURCE",
      "SUBSCRIBE",
      "TRACE",
      "UNBIND",
      "UNLINK",
      "UNLOCK",
      "UNSUBSCRIBE"
    ],
    "paramNames": [],
    "path": "/news2",
    "regexp": "/^\\/news2(?:\\/(?=$))?$/",
    "stack": [
      "wrappedController"
    ]
  }
]