[
  {
    "name": "Application Start",
    "start": 1535452413001,
    "end": 1535452413718,
    "duration": 717,
    "pid": 12472,
    "index": 0
  },
  {
    "name": "Load Plugin",
    "start": 1535452413008,
    "end": 1535452413047,
    "duration": 39,
    "pid": 12472,
    "index": 1
  },
  {
    "name": "Load Config",
    "start": 1535452413047,
    "end": 1535452413082,
    "duration": 35,
    "pid": 12472,
    "index": 2
  },
  {
    "name": "Require(0) config/config.default.js",
    "start": 1535452413049,
    "end": 1535452413050,
    "duration": 1,
    "pid": 12472,
    "index": 3
  },
  {
    "name": "Require(1) node_modules/_egg-session@3.1.0@egg-session/config/config.default.js",
    "start": 1535452413052,
    "end": 1535452413056,
    "duration": 4,
    "pid": 12472,
    "index": 4
  },
  {
    "name": "Require(2) node_modules/_egg-security@2.2.3@egg-security/config/config.default.js",
    "start": 1535452413057,
    "end": 1535452413057,
    "duration": 0,
    "pid": 12472,
    "index": 5
  },
  {
    "name": "Require(3) node_modules/_egg-jsonp@2.0.0@egg-jsonp/config/config.default.js",
    "start": 1535452413059,
    "end": 1535452413059,
    "duration": 0,
    "pid": 12472,
    "index": 6
  },
  {
    "name": "Require(4) node_modules/_egg-onerror@2.1.0@egg-onerror/config/config.default.js",
    "start": 1535452413060,
    "end": 1535452413060,
    "duration": 0,
    "pid": 12472,
    "index": 7
  },
  {
    "name": "Require(5) node_modules/_egg-i18n@2.0.0@egg-i18n/config/config.default.js",
    "start": 1535452413061,
    "end": 1535452413061,
    "duration": 0,
    "pid": 12472,
    "index": 8
  },
  {
    "name": "Require(6) node_modules/_egg-watcher@3.0.0@egg-watcher/config/config.default.js",
    "start": 1535452413062,
    "end": 1535452413062,
    "duration": 0,
    "pid": 12472,
    "index": 9
  },
  {
    "name": "Require(7) node_modules/_egg-multipart@2.1.0@egg-multipart/config/config.default.js",
    "start": 1535452413063,
    "end": 1535452413063,
    "duration": 0,
    "pid": 12472,
    "index": 10
  },
  {
    "name": "Require(8) node_modules/_egg-development@2.4.1@egg-development/config/config.default.js",
    "start": 1535452413064,
    "end": 1535452413064,
    "duration": 0,
    "pid": 12472,
    "index": 11
  },
  {
    "name": "Require(9) node_modules/_egg-schedule@3.3.0@egg-schedule/config/config.default.js",
    "start": 1535452413065,
    "end": 1535452413065,
    "duration": 0,
    "pid": 12472,
    "index": 12
  },
  {
    "name": "Require(10) node_modules/_egg-logrotator@3.0.3@egg-logrotator/config/config.default.js",
    "start": 1535452413066,
    "end": 1535452413066,
    "duration": 0,
    "pid": 12472,
    "index": 13
  },
  {
    "name": "Require(11) node_modules/_egg-static@2.1.1@egg-static/config/config.default.js",
    "start": 1535452413067,
    "end": 1535452413067,
    "duration": 0,
    "pid": 12472,
    "index": 14
  },
  {
    "name": "Require(12) node_modules/_egg-view@2.1.0@egg-view/config/config.default.js",
    "start": 1535452413068,
    "end": 1535452413068,
    "duration": 0,
    "pid": 12472,
    "index": 15
  },
  {
    "name": "Require(13) node_modules/_egg-view-ejs@2.0.0@egg-view-ejs/config/config.default.js",
    "start": 1535452413069,
    "end": 1535452413069,
    "duration": 0,
    "pid": 12472,
    "index": 16
  },
  {
    "name": "Require(14) node_modules/_egg-mysql@3.0.0@egg-mysql/config/config.default.js",
    "start": 1535452413070,
    "end": 1535452413070,
    "duration": 0,
    "pid": 12472,
    "index": 17
  },
  {
    "name": "Require(15) node_modules/_egg@2.10.0@egg/config/config.default.js",
    "start": 1535452413071,
    "end": 1535452413072,
    "duration": 1,
    "pid": 12472,
    "index": 18
  },
  {
    "name": "Require(16) config/config.default.js",
    "start": 1535452413074,
    "end": 1535452413074,
    "duration": 0,
    "pid": 12472,
    "index": 19
  },
  {
    "name": "Require(17) node_modules/_egg-security@2.2.3@egg-security/config/config.local.js",
    "start": 1535452413075,
    "end": 1535452413076,
    "duration": 1,
    "pid": 12472,
    "index": 20
  },
  {
    "name": "Require(18) node_modules/_egg-watcher@3.0.0@egg-watcher/config/config.local.js",
    "start": 1535452413077,
    "end": 1535452413078,
    "duration": 1,
    "pid": 12472,
    "index": 21
  },
  {
    "name": "Require(19) node_modules/_egg-view@2.1.0@egg-view/config/config.local.js",
    "start": 1535452413080,
    "end": 1535452413080,
    "duration": 0,
    "pid": 12472,
    "index": 22
  },
  {
    "name": "Require(20) node_modules/_egg-view-ejs@2.0.0@egg-view-ejs/config/config.local.js",
    "start": 1535452413081,
    "end": 1535452413081,
    "duration": 0,
    "pid": 12472,
    "index": 23
  },
  {
    "name": "Require(21) node_modules/_egg@2.10.0@egg/config/config.local.js",
    "start": 1535452413082,
    "end": 1535452413082,
    "duration": 0,
    "pid": 12472,
    "index": 24
  },
  {
    "name": "Load extend/application.js",
    "start": 1535452413084,
    "end": 1535452413106,
    "duration": 22,
    "pid": 12472,
    "index": 25
  },
  {
    "name": "Require(22) node_modules/_egg-session@3.1.0@egg-session/app/extend/application.js",
    "start": 1535452413085,
    "end": 1535452413085,
    "duration": 0,
    "pid": 12472,
    "index": 26
  },
  {
    "name": "Require(23) node_modules/_egg-security@2.2.3@egg-security/app/extend/application.js",
    "start": 1535452413086,
    "end": 1535452413087,
    "duration": 1,
    "pid": 12472,
    "index": 27
  },
  {
    "name": "Require(24) node_modules/_egg-jsonp@2.0.0@egg-jsonp/app/extend/application.js",
    "start": 1535452413088,
    "end": 1535452413092,
    "duration": 4,
    "pid": 12472,
    "index": 28
  },
  {
    "name": "Require(25) node_modules/_egg-logrotator@3.0.3@egg-logrotator/app/extend/application.js",
    "start": 1535452413094,
    "end": 1535452413098,
    "duration": 4,
    "pid": 12472,
    "index": 29
  },
  {
    "name": "Require(26) node_modules/_egg-view@2.1.0@egg-view/app/extend/application.js",
    "start": 1535452413098,
    "end": 1535452413101,
    "duration": 3,
    "pid": 12472,
    "index": 30
  },
  {
    "name": "Load extend/request.js",
    "start": 1535452413106,
    "end": 1535452413117,
    "duration": 11,
    "pid": 12472,
    "index": 31
  },
  {
    "name": "Require(27) node_modules/_egg@2.10.0@egg/app/extend/request.js",
    "start": 1535452413110,
    "end": 1535452413113,
    "duration": 3,
    "pid": 12472,
    "index": 32
  },
  {
    "name": "Load extend/response.js",
    "start": 1535452413118,
    "end": 1535452413130,
    "duration": 12,
    "pid": 12472,
    "index": 33
  },
  {
    "name": "Require(28) node_modules/_egg@2.10.0@egg/app/extend/response.js",
    "start": 1535452413121,
    "end": 1535452413126,
    "duration": 5,
    "pid": 12472,
    "index": 34
  },
  {
    "name": "Load extend/context.js",
    "start": 1535452413130,
    "end": 1535452413232,
    "duration": 102,
    "pid": 12472,
    "index": 35
  },
  {
    "name": "Require(29) node_modules/_egg-security@2.2.3@egg-security/app/extend/context.js",
    "start": 1535452413131,
    "end": 1535452413153,
    "duration": 22,
    "pid": 12472,
    "index": 36
  },
  {
    "name": "Require(30) node_modules/_egg-jsonp@2.0.0@egg-jsonp/app/extend/context.js",
    "start": 1535452413153,
    "end": 1535452413156,
    "duration": 3,
    "pid": 12472,
    "index": 37
  },
  {
    "name": "Require(31) node_modules/_egg-i18n@2.0.0@egg-i18n/app/extend/context.js",
    "start": 1535452413157,
    "end": 1535452413157,
    "duration": 0,
    "pid": 12472,
    "index": 38
  },
  {
    "name": "Require(32) node_modules/_egg-multipart@2.1.0@egg-multipart/app/extend/context.js",
    "start": 1535452413158,
    "end": 1535452413221,
    "duration": 63,
    "pid": 12472,
    "index": 39
  },
  {
    "name": "Require(33) node_modules/_egg-view@2.1.0@egg-view/app/extend/context.js",
    "start": 1535452413223,
    "end": 1535452413224,
    "duration": 1,
    "pid": 12472,
    "index": 40
  },
  {
    "name": "Require(34) node_modules/_egg@2.10.0@egg/app/extend/context.js",
    "start": 1535452413225,
    "end": 1535452413228,
    "duration": 3,
    "pid": 12472,
    "index": 41
  },
  {
    "name": "Load extend/helper.js",
    "start": 1535452413232,
    "end": 1535452413267,
    "duration": 35,
    "pid": 12472,
    "index": 42
  },
  {
    "name": "Require(35) node_modules/_egg-security@2.2.3@egg-security/app/extend/helper.js",
    "start": 1535452413234,
    "end": 1535452413258,
    "duration": 24,
    "pid": 12472,
    "index": 43
  },
  {
    "name": "Require(36) node_modules/_egg@2.10.0@egg/app/extend/helper.js",
    "start": 1535452413262,
    "end": 1535452413262,
    "duration": 0,
    "pid": 12472,
    "index": 44
  },
  {
    "name": "Load app.js",
    "start": 1535452413267,
    "end": 1535452413532,
    "duration": 265,
    "pid": 12472,
    "index": 45
  },
  {
    "name": "Require(37) node_modules/_egg-session@3.1.0@egg-session/app.js",
    "start": 1535452413268,
    "end": 1535452413268,
    "duration": 0,
    "pid": 12472,
    "index": 46
  },
  {
    "name": "Require(38) node_modules/_egg-security@2.2.3@egg-security/app.js",
    "start": 1535452413269,
    "end": 1535452413272,
    "duration": 3,
    "pid": 12472,
    "index": 47
  },
  {
    "name": "Require(39) node_modules/_egg-onerror@2.1.0@egg-onerror/app.js",
    "start": 1535452413273,
    "end": 1535452413288,
    "duration": 15,
    "pid": 12472,
    "index": 48
  },
  {
    "name": "Require(40) node_modules/_egg-i18n@2.0.0@egg-i18n/app.js",
    "start": 1535452413289,
    "end": 1535452413301,
    "duration": 12,
    "pid": 12472,
    "index": 49
  },
  {
    "name": "Require(41) node_modules/_egg-watcher@3.0.0@egg-watcher/app.js",
    "start": 1535452413306,
    "end": 1535452413312,
    "duration": 6,
    "pid": 12472,
    "index": 50
  },
  {
    "name": "Before Start in node_modules/_egg-watcher@3.0.0@egg-watcher/app.js:15:7",
    "start": 1535452413326,
    "end": 1535452413714,
    "duration": 388,
    "pid": 12472,
    "index": 51
  },
  {
    "name": "Require(42) node_modules/_egg-multipart@2.1.0@egg-multipart/app.js",
    "start": 1535452413328,
    "end": 1535452413333,
    "duration": 5,
    "pid": 12472,
    "index": 52
  },
  {
    "name": "Require(43) node_modules/_egg-development@2.4.1@egg-development/app.js",
    "start": 1535452413334,
    "end": 1535452413335,
    "duration": 1,
    "pid": 12472,
    "index": 53
  },
  {
    "name": "Require(44) node_modules/_egg-schedule@3.3.0@egg-schedule/app.js",
    "start": 1535452413336,
    "end": 1535452413340,
    "duration": 4,
    "pid": 12472,
    "index": 54
  },
  {
    "name": "Require(45) node_modules/_egg-logrotator@3.0.3@egg-logrotator/app.js",
    "start": 1535452413388,
    "end": 1535452413388,
    "duration": 0,
    "pid": 12472,
    "index": 55
  },
  {
    "name": "Require(46) node_modules/_egg-static@2.1.1@egg-static/app.js",
    "start": 1535452413389,
    "end": 1535452413389,
    "duration": 0,
    "pid": 12472,
    "index": 56
  },
  {
    "name": "Require(47) node_modules/_egg-view-ejs@2.0.0@egg-view-ejs/app.js",
    "start": 1535452413390,
    "end": 1535452413391,
    "duration": 1,
    "pid": 12472,
    "index": 57
  },
  {
    "name": "Require(48) node_modules/_egg-mysql@3.0.0@egg-mysql/app.js",
    "start": 1535452413398,
    "end": 1535452413423,
    "duration": 25,
    "pid": 12472,
    "index": 58
  },
  {
    "name": "Before Start in node_modules/_egg-mysql@3.0.0@egg-mysql/lib/mysql.js:20:7",
    "start": 1535452413529,
    "end": 1535452413718,
    "duration": 189,
    "pid": 12472,
    "index": 59
  },
  {
    "name": "Load Service",
    "start": 1535452413532,
    "end": 1535452413543,
    "duration": 11,
    "pid": 12472,
    "index": 60
  },
  {
    "name": "Load \"service\" to Context",
    "start": 1535452413532,
    "end": 1535452413543,
    "duration": 11,
    "pid": 12472,
    "index": 61
  },
  {
    "name": "Load Middleware",
    "start": 1535452413544,
    "end": 1535452413670,
    "duration": 126,
    "pid": 12472,
    "index": 62
  },
  {
    "name": "Load \"middlewares\" to Application",
    "start": 1535452413544,
    "end": 1535452413652,
    "duration": 108,
    "pid": 12472,
    "index": 63
  },
  {
    "name": "Load Controller",
    "start": 1535452413670,
    "end": 1535452413674,
    "duration": 4,
    "pid": 12472,
    "index": 64
  },
  {
    "name": "Load \"controller\" to Application",
    "start": 1535452413670,
    "end": 1535452413674,
    "duration": 4,
    "pid": 12472,
    "index": 65
  },
  {
    "name": "Load Router",
    "start": 1535452413674,
    "end": 1535452413677,
    "duration": 3,
    "pid": 12472,
    "index": 66
  },
  {
    "name": "Require(49) app/router.js",
    "start": 1535452413674,
    "end": 1535452413675,
    "duration": 1,
    "pid": 12472,
    "index": 67
  },
  {
    "name": "Before Start in node_modules/_egg-core@4.9.1@egg-core/lib/egg.js:328:10",
    "start": 1535452413675,
    "end": 1535452413696,
    "duration": 21,
    "pid": 12472,
    "index": 68
  }
]