[
  {
    "name": "Application Start",
    "start": 1535453692569,
    "end": 1535453693734,
    "duration": 1165,
    "pid": 18352,
    "index": 0
  },
  {
    "name": "Load Plugin",
    "start": 1535453692577,
    "end": 1535453692623,
    "duration": 46,
    "pid": 18352,
    "index": 1
  },
  {
    "name": "Load Config",
    "start": 1535453692623,
    "end": 1535453692657,
    "duration": 34,
    "pid": 18352,
    "index": 2
  },
  {
    "name": "Require(0) config/config.default.js",
    "start": 1535453692624,
    "end": 1535453692625,
    "duration": 1,
    "pid": 18352,
    "index": 3
  },
  {
    "name": "Require(1) node_modules/_egg-session@3.1.0@egg-session/config/config.default.js",
    "start": 1535453692628,
    "end": 1535453692628,
    "duration": 0,
    "pid": 18352,
    "index": 4
  },
  {
    "name": "Require(2) node_modules/_egg-security@2.2.3@egg-security/config/config.default.js",
    "start": 1535453692629,
    "end": 1535453692629,
    "duration": 0,
    "pid": 18352,
    "index": 5
  },
  {
    "name": "Require(3) node_modules/_egg-jsonp@2.0.0@egg-jsonp/config/config.default.js",
    "start": 1535453692630,
    "end": 1535453692631,
    "duration": 1,
    "pid": 18352,
    "index": 6
  },
  {
    "name": "Require(4) node_modules/_egg-onerror@2.1.0@egg-onerror/config/config.default.js",
    "start": 1535453692632,
    "end": 1535453692633,
    "duration": 1,
    "pid": 18352,
    "index": 7
  },
  {
    "name": "Require(5) node_modules/_egg-i18n@2.0.0@egg-i18n/config/config.default.js",
    "start": 1535453692633,
    "end": 1535453692634,
    "duration": 1,
    "pid": 18352,
    "index": 8
  },
  {
    "name": "Require(6) node_modules/_egg-watcher@3.0.0@egg-watcher/config/config.default.js",
    "start": 1535453692635,
    "end": 1535453692635,
    "duration": 0,
    "pid": 18352,
    "index": 9
  },
  {
    "name": "Require(7) node_modules/_egg-multipart@2.1.0@egg-multipart/config/config.default.js",
    "start": 1535453692636,
    "end": 1535453692636,
    "duration": 0,
    "pid": 18352,
    "index": 10
  },
  {
    "name": "Require(8) node_modules/_egg-development@2.4.1@egg-development/config/config.default.js",
    "start": 1535453692637,
    "end": 1535453692637,
    "duration": 0,
    "pid": 18352,
    "index": 11
  },
  {
    "name": "Require(9) node_modules/_egg-schedule@3.3.0@egg-schedule/config/config.default.js",
    "start": 1535453692638,
    "end": 1535453692638,
    "duration": 0,
    "pid": 18352,
    "index": 12
  },
  {
    "name": "Require(10) node_modules/_egg-logrotator@3.0.3@egg-logrotator/config/config.default.js",
    "start": 1535453692639,
    "end": 1535453692640,
    "duration": 1,
    "pid": 18352,
    "index": 13
  },
  {
    "name": "Require(11) node_modules/_egg-static@2.1.1@egg-static/config/config.default.js",
    "start": 1535453692640,
    "end": 1535453692641,
    "duration": 1,
    "pid": 18352,
    "index": 14
  },
  {
    "name": "Require(12) node_modules/_egg-view@2.1.0@egg-view/config/config.default.js",
    "start": 1535453692642,
    "end": 1535453692642,
    "duration": 0,
    "pid": 18352,
    "index": 15
  },
  {
    "name": "Require(13) node_modules/_egg-view-ejs@2.0.0@egg-view-ejs/config/config.default.js",
    "start": 1535453692643,
    "end": 1535453692644,
    "duration": 1,
    "pid": 18352,
    "index": 16
  },
  {
    "name": "Require(14) node_modules/_egg-mysql@3.0.0@egg-mysql/config/config.default.js",
    "start": 1535453692644,
    "end": 1535453692645,
    "duration": 1,
    "pid": 18352,
    "index": 17
  },
  {
    "name": "Require(15) node_modules/_egg@2.10.0@egg/config/config.default.js",
    "start": 1535453692645,
    "end": 1535453692646,
    "duration": 1,
    "pid": 18352,
    "index": 18
  },
  {
    "name": "Require(16) config/config.default.js",
    "start": 1535453692648,
    "end": 1535453692648,
    "duration": 0,
    "pid": 18352,
    "index": 19
  },
  {
    "name": "Require(17) node_modules/_egg-security@2.2.3@egg-security/config/config.local.js",
    "start": 1535453692649,
    "end": 1535453692649,
    "duration": 0,
    "pid": 18352,
    "index": 20
  },
  {
    "name": "Require(18) node_modules/_egg-watcher@3.0.0@egg-watcher/config/config.local.js",
    "start": 1535453692651,
    "end": 1535453692652,
    "duration": 1,
    "pid": 18352,
    "index": 21
  },
  {
    "name": "Require(19) node_modules/_egg-view@2.1.0@egg-view/config/config.local.js",
    "start": 1535453692655,
    "end": 1535453692655,
    "duration": 0,
    "pid": 18352,
    "index": 22
  },
  {
    "name": "Require(20) node_modules/_egg-view-ejs@2.0.0@egg-view-ejs/config/config.local.js",
    "start": 1535453692655,
    "end": 1535453692656,
    "duration": 1,
    "pid": 18352,
    "index": 23
  },
  {
    "name": "Require(21) node_modules/_egg@2.10.0@egg/config/config.local.js",
    "start": 1535453692657,
    "end": 1535453692657,
    "duration": 0,
    "pid": 18352,
    "index": 24
  },
  {
    "name": "Load extend/application.js",
    "start": 1535453692660,
    "end": 1535453692688,
    "duration": 28,
    "pid": 18352,
    "index": 25
  },
  {
    "name": "Require(22) node_modules/_egg-session@3.1.0@egg-session/app/extend/application.js",
    "start": 1535453692661,
    "end": 1535453692662,
    "duration": 1,
    "pid": 18352,
    "index": 26
  },
  {
    "name": "Require(23) node_modules/_egg-security@2.2.3@egg-security/app/extend/application.js",
    "start": 1535453692663,
    "end": 1535453692664,
    "duration": 1,
    "pid": 18352,
    "index": 27
  },
  {
    "name": "Require(24) node_modules/_egg-jsonp@2.0.0@egg-jsonp/app/extend/application.js",
    "start": 1535453692665,
    "end": 1535453692669,
    "duration": 4,
    "pid": 18352,
    "index": 28
  },
  {
    "name": "Require(25) node_modules/_egg-logrotator@3.0.3@egg-logrotator/app/extend/application.js",
    "start": 1535453692672,
    "end": 1535453692676,
    "duration": 4,
    "pid": 18352,
    "index": 29
  },
  {
    "name": "Require(26) node_modules/_egg-view@2.1.0@egg-view/app/extend/application.js",
    "start": 1535453692678,
    "end": 1535453692682,
    "duration": 4,
    "pid": 18352,
    "index": 30
  },
  {
    "name": "Load extend/request.js",
    "start": 1535453692688,
    "end": 1535453692703,
    "duration": 15,
    "pid": 18352,
    "index": 31
  },
  {
    "name": "Require(27) node_modules/_egg@2.10.0@egg/app/extend/request.js",
    "start": 1535453692693,
    "end": 1535453692696,
    "duration": 3,
    "pid": 18352,
    "index": 32
  },
  {
    "name": "Load extend/response.js",
    "start": 1535453692703,
    "end": 1535453692717,
    "duration": 14,
    "pid": 18352,
    "index": 33
  },
  {
    "name": "Require(28) node_modules/_egg@2.10.0@egg/app/extend/response.js",
    "start": 1535453692709,
    "end": 1535453692713,
    "duration": 4,
    "pid": 18352,
    "index": 34
  },
  {
    "name": "Load extend/context.js",
    "start": 1535453692718,
    "end": 1535453692832,
    "duration": 114,
    "pid": 18352,
    "index": 35
  },
  {
    "name": "Require(29) node_modules/_egg-security@2.2.3@egg-security/app/extend/context.js",
    "start": 1535453692719,
    "end": 1535453692743,
    "duration": 24,
    "pid": 18352,
    "index": 36
  },
  {
    "name": "Require(30) node_modules/_egg-jsonp@2.0.0@egg-jsonp/app/extend/context.js",
    "start": 1535453692743,
    "end": 1535453692746,
    "duration": 3,
    "pid": 18352,
    "index": 37
  },
  {
    "name": "Require(31) node_modules/_egg-i18n@2.0.0@egg-i18n/app/extend/context.js",
    "start": 1535453692747,
    "end": 1535453692747,
    "duration": 0,
    "pid": 18352,
    "index": 38
  },
  {
    "name": "Require(32) node_modules/_egg-multipart@2.1.0@egg-multipart/app/extend/context.js",
    "start": 1535453692748,
    "end": 1535453692814,
    "duration": 66,
    "pid": 18352,
    "index": 39
  },
  {
    "name": "Require(33) node_modules/_egg-view@2.1.0@egg-view/app/extend/context.js",
    "start": 1535453692816,
    "end": 1535453692821,
    "duration": 5,
    "pid": 18352,
    "index": 40
  },
  {
    "name": "Require(34) node_modules/_egg@2.10.0@egg/app/extend/context.js",
    "start": 1535453692822,
    "end": 1535453692826,
    "duration": 4,
    "pid": 18352,
    "index": 41
  },
  {
    "name": "Load extend/helper.js",
    "start": 1535453692832,
    "end": 1535453692882,
    "duration": 50,
    "pid": 18352,
    "index": 42
  },
  {
    "name": "Require(35) node_modules/_egg-security@2.2.3@egg-security/app/extend/helper.js",
    "start": 1535453692834,
    "end": 1535453692870,
    "duration": 36,
    "pid": 18352,
    "index": 43
  },
  {
    "name": "Require(36) node_modules/_egg@2.10.0@egg/app/extend/helper.js",
    "start": 1535453692875,
    "end": 1535453692876,
    "duration": 1,
    "pid": 18352,
    "index": 44
  },
  {
    "name": "Load app.js",
    "start": 1535453692882,
    "end": 1535453693254,
    "duration": 372,
    "pid": 18352,
    "index": 45
  },
  {
    "name": "Require(37) node_modules/_egg-session@3.1.0@egg-session/app.js",
    "start": 1535453692883,
    "end": 1535453692883,
    "duration": 0,
    "pid": 18352,
    "index": 46
  },
  {
    "name": "Require(38) node_modules/_egg-security@2.2.3@egg-security/app.js",
    "start": 1535453692884,
    "end": 1535453692888,
    "duration": 4,
    "pid": 18352,
    "index": 47
  },
  {
    "name": "Require(39) node_modules/_egg-onerror@2.1.0@egg-onerror/app.js",
    "start": 1535453692891,
    "end": 1535453692915,
    "duration": 24,
    "pid": 18352,
    "index": 48
  },
  {
    "name": "Require(40) node_modules/_egg-i18n@2.0.0@egg-i18n/app.js",
    "start": 1535453692918,
    "end": 1535453692936,
    "duration": 18,
    "pid": 18352,
    "index": 49
  },
  {
    "name": "Require(41) node_modules/_egg-watcher@3.0.0@egg-watcher/app.js",
    "start": 1535453692942,
    "end": 1535453692951,
    "duration": 9,
    "pid": 18352,
    "index": 50
  },
  {
    "name": "Before Start in node_modules/_egg-watcher@3.0.0@egg-watcher/app.js:15:7",
    "start": 1535453692968,
    "end": 1535453693715,
    "duration": 747,
    "pid": 18352,
    "index": 51
  },
  {
    "name": "Require(42) node_modules/_egg-multipart@2.1.0@egg-multipart/app.js",
    "start": 1535453692971,
    "end": 1535453692977,
    "duration": 6,
    "pid": 18352,
    "index": 52
  },
  {
    "name": "Require(43) node_modules/_egg-development@2.4.1@egg-development/app.js",
    "start": 1535453692979,
    "end": 1535453692980,
    "duration": 1,
    "pid": 18352,
    "index": 53
  },
  {
    "name": "Require(44) node_modules/_egg-schedule@3.3.0@egg-schedule/app.js",
    "start": 1535453692980,
    "end": 1535453692984,
    "duration": 4,
    "pid": 18352,
    "index": 54
  },
  {
    "name": "Require(45) node_modules/_egg-logrotator@3.0.3@egg-logrotator/app.js",
    "start": 1535453693052,
    "end": 1535453693053,
    "duration": 1,
    "pid": 18352,
    "index": 55
  },
  {
    "name": "Require(46) node_modules/_egg-static@2.1.1@egg-static/app.js",
    "start": 1535453693054,
    "end": 1535453693055,
    "duration": 1,
    "pid": 18352,
    "index": 56
  },
  {
    "name": "Require(47) node_modules/_egg-view-ejs@2.0.0@egg-view-ejs/app.js",
    "start": 1535453693056,
    "end": 1535453693057,
    "duration": 1,
    "pid": 18352,
    "index": 57
  },
  {
    "name": "Require(48) node_modules/_egg-mysql@3.0.0@egg-mysql/app.js",
    "start": 1535453693069,
    "end": 1535453693105,
    "duration": 36,
    "pid": 18352,
    "index": 58
  },
  {
    "name": "Before Start in node_modules/_egg-mysql@3.0.0@egg-mysql/lib/mysql.js:20:7",
    "start": 1535453693251,
    "end": 1535453693733,
    "duration": 482,
    "pid": 18352,
    "index": 59
  },
  {
    "name": "Load Service",
    "start": 1535453693254,
    "end": 1535453693268,
    "duration": 14,
    "pid": 18352,
    "index": 60
  },
  {
    "name": "Load \"service\" to Context",
    "start": 1535453693254,
    "end": 1535453693268,
    "duration": 14,
    "pid": 18352,
    "index": 61
  },
  {
    "name": "Load Middleware",
    "start": 1535453693268,
    "end": 1535453693587,
    "duration": 319,
    "pid": 18352,
    "index": 62
  },
  {
    "name": "Load \"middlewares\" to Application",
    "start": 1535453693269,
    "end": 1535453693488,
    "duration": 219,
    "pid": 18352,
    "index": 63
  },
  {
    "name": "Load Controller",
    "start": 1535453693587,
    "end": 1535453693594,
    "duration": 7,
    "pid": 18352,
    "index": 64
  },
  {
    "name": "Load \"controller\" to Application",
    "start": 1535453693587,
    "end": 1535453693594,
    "duration": 7,
    "pid": 18352,
    "index": 65
  },
  {
    "name": "Load Router",
    "start": 1535453693594,
    "end": 1535453693604,
    "duration": 10,
    "pid": 18352,
    "index": 66
  },
  {
    "name": "Require(49) app/router.js",
    "start": 1535453693595,
    "end": 1535453693600,
    "duration": 5,
    "pid": 18352,
    "index": 67
  },
  {
    "name": "Before Start in node_modules/_egg-core@4.9.1@egg-core/lib/egg.js:328:10",
    "start": 1535453693601,
    "end": 1535453693650,
    "duration": 49,
    "pid": 18352,
    "index": 68
  }
]