[
  {
    "name": "Application Start",
    "start": 1535453665289,
    "end": 1535453666119,
    "duration": 830,
    "pid": 15672,
    "index": 0
  },
  {
    "name": "Load Plugin",
    "start": 1535453665298,
    "end": 1535453665342,
    "duration": 44,
    "pid": 15672,
    "index": 1
  },
  {
    "name": "Load Config",
    "start": 1535453665342,
    "end": 1535453665379,
    "duration": 37,
    "pid": 15672,
    "index": 2
  },
  {
    "name": "Require(0) config/config.default.js",
    "start": 1535453665343,
    "end": 1535453665344,
    "duration": 1,
    "pid": 15672,
    "index": 3
  },
  {
    "name": "Require(1) node_modules/_egg-session@3.1.0@egg-session/config/config.default.js",
    "start": 1535453665345,
    "end": 1535453665346,
    "duration": 1,
    "pid": 15672,
    "index": 4
  },
  {
    "name": "Require(2) node_modules/_egg-security@2.2.3@egg-security/config/config.default.js",
    "start": 1535453665347,
    "end": 1535453665347,
    "duration": 0,
    "pid": 15672,
    "index": 5
  },
  {
    "name": "Require(3) node_modules/_egg-jsonp@2.0.0@egg-jsonp/config/config.default.js",
    "start": 1535453665348,
    "end": 1535453665349,
    "duration": 1,
    "pid": 15672,
    "index": 6
  },
  {
    "name": "Require(4) node_modules/_egg-onerror@2.1.0@egg-onerror/config/config.default.js",
    "start": 1535453665350,
    "end": 1535453665350,
    "duration": 0,
    "pid": 15672,
    "index": 7
  },
  {
    "name": "Require(5) node_modules/_egg-i18n@2.0.0@egg-i18n/config/config.default.js",
    "start": 1535453665351,
    "end": 1535453665351,
    "duration": 0,
    "pid": 15672,
    "index": 8
  },
  {
    "name": "Require(6) node_modules/_egg-watcher@3.0.0@egg-watcher/config/config.default.js",
    "start": 1535453665352,
    "end": 1535453665353,
    "duration": 1,
    "pid": 15672,
    "index": 9
  },
  {
    "name": "Require(7) node_modules/_egg-multipart@2.1.0@egg-multipart/config/config.default.js",
    "start": 1535453665353,
    "end": 1535453665354,
    "duration": 1,
    "pid": 15672,
    "index": 10
  },
  {
    "name": "Require(8) node_modules/_egg-development@2.4.1@egg-development/config/config.default.js",
    "start": 1535453665355,
    "end": 1535453665355,
    "duration": 0,
    "pid": 15672,
    "index": 11
  },
  {
    "name": "Require(9) node_modules/_egg-schedule@3.3.0@egg-schedule/config/config.default.js",
    "start": 1535453665356,
    "end": 1535453665356,
    "duration": 0,
    "pid": 15672,
    "index": 12
  },
  {
    "name": "Require(10) node_modules/_egg-logrotator@3.0.3@egg-logrotator/config/config.default.js",
    "start": 1535453665357,
    "end": 1535453665359,
    "duration": 2,
    "pid": 15672,
    "index": 13
  },
  {
    "name": "Require(11) node_modules/_egg-static@2.1.1@egg-static/config/config.default.js",
    "start": 1535453665359,
    "end": 1535453665360,
    "duration": 1,
    "pid": 15672,
    "index": 14
  },
  {
    "name": "Require(12) node_modules/_egg-view@2.1.0@egg-view/config/config.default.js",
    "start": 1535453665361,
    "end": 1535453665361,
    "duration": 0,
    "pid": 15672,
    "index": 15
  },
  {
    "name": "Require(13) node_modules/_egg-view-ejs@2.0.0@egg-view-ejs/config/config.default.js",
    "start": 1535453665362,
    "end": 1535453665362,
    "duration": 0,
    "pid": 15672,
    "index": 16
  },
  {
    "name": "Require(14) node_modules/_egg-mysql@3.0.0@egg-mysql/config/config.default.js",
    "start": 1535453665363,
    "end": 1535453665364,
    "duration": 1,
    "pid": 15672,
    "index": 17
  },
  {
    "name": "Require(15) node_modules/_egg@2.10.0@egg/config/config.default.js",
    "start": 1535453665364,
    "end": 1535453665365,
    "duration": 1,
    "pid": 15672,
    "index": 18
  },
  {
    "name": "Require(16) config/config.default.js",
    "start": 1535453665371,
    "end": 1535453665371,
    "duration": 0,
    "pid": 15672,
    "index": 19
  },
  {
    "name": "Require(17) node_modules/_egg-security@2.2.3@egg-security/config/config.local.js",
    "start": 1535453665372,
    "end": 1535453665372,
    "duration": 0,
    "pid": 15672,
    "index": 20
  },
  {
    "name": "Require(18) node_modules/_egg-watcher@3.0.0@egg-watcher/config/config.local.js",
    "start": 1535453665374,
    "end": 1535453665374,
    "duration": 0,
    "pid": 15672,
    "index": 21
  },
  {
    "name": "Require(19) node_modules/_egg-view@2.1.0@egg-view/config/config.local.js",
    "start": 1535453665377,
    "end": 1535453665377,
    "duration": 0,
    "pid": 15672,
    "index": 22
  },
  {
    "name": "Require(20) node_modules/_egg-view-ejs@2.0.0@egg-view-ejs/config/config.local.js",
    "start": 1535453665378,
    "end": 1535453665378,
    "duration": 0,
    "pid": 15672,
    "index": 23
  },
  {
    "name": "Require(21) node_modules/_egg@2.10.0@egg/config/config.local.js",
    "start": 1535453665379,
    "end": 1535453665379,
    "duration": 0,
    "pid": 15672,
    "index": 24
  },
  {
    "name": "Load extend/application.js",
    "start": 1535453665381,
    "end": 1535453665408,
    "duration": 27,
    "pid": 15672,
    "index": 25
  },
  {
    "name": "Require(22) node_modules/_egg-session@3.1.0@egg-session/app/extend/application.js",
    "start": 1535453665382,
    "end": 1535453665382,
    "duration": 0,
    "pid": 15672,
    "index": 26
  },
  {
    "name": "Require(23) node_modules/_egg-security@2.2.3@egg-security/app/extend/application.js",
    "start": 1535453665383,
    "end": 1535453665384,
    "duration": 1,
    "pid": 15672,
    "index": 27
  },
  {
    "name": "Require(24) node_modules/_egg-jsonp@2.0.0@egg-jsonp/app/extend/application.js",
    "start": 1535453665385,
    "end": 1535453665388,
    "duration": 3,
    "pid": 15672,
    "index": 28
  },
  {
    "name": "Require(25) node_modules/_egg-logrotator@3.0.3@egg-logrotator/app/extend/application.js",
    "start": 1535453665390,
    "end": 1535453665398,
    "duration": 8,
    "pid": 15672,
    "index": 29
  },
  {
    "name": "Require(26) node_modules/_egg-view@2.1.0@egg-view/app/extend/application.js",
    "start": 1535453665399,
    "end": 1535453665403,
    "duration": 4,
    "pid": 15672,
    "index": 30
  },
  {
    "name": "Load extend/request.js",
    "start": 1535453665408,
    "end": 1535453665420,
    "duration": 12,
    "pid": 15672,
    "index": 31
  },
  {
    "name": "Require(27) node_modules/_egg@2.10.0@egg/app/extend/request.js",
    "start": 1535453665412,
    "end": 1535453665415,
    "duration": 3,
    "pid": 15672,
    "index": 32
  },
  {
    "name": "Load extend/response.js",
    "start": 1535453665420,
    "end": 1535453665432,
    "duration": 12,
    "pid": 15672,
    "index": 33
  },
  {
    "name": "Require(28) node_modules/_egg@2.10.0@egg/app/extend/response.js",
    "start": 1535453665424,
    "end": 1535453665428,
    "duration": 4,
    "pid": 15672,
    "index": 34
  },
  {
    "name": "Load extend/context.js",
    "start": 1535453665432,
    "end": 1535453665533,
    "duration": 101,
    "pid": 15672,
    "index": 35
  },
  {
    "name": "Require(29) node_modules/_egg-security@2.2.3@egg-security/app/extend/context.js",
    "start": 1535453665433,
    "end": 1535453665458,
    "duration": 25,
    "pid": 15672,
    "index": 36
  },
  {
    "name": "Require(30) node_modules/_egg-jsonp@2.0.0@egg-jsonp/app/extend/context.js",
    "start": 1535453665458,
    "end": 1535453665460,
    "duration": 2,
    "pid": 15672,
    "index": 37
  },
  {
    "name": "Require(31) node_modules/_egg-i18n@2.0.0@egg-i18n/app/extend/context.js",
    "start": 1535453665461,
    "end": 1535453665462,
    "duration": 1,
    "pid": 15672,
    "index": 38
  },
  {
    "name": "Require(32) node_modules/_egg-multipart@2.1.0@egg-multipart/app/extend/context.js",
    "start": 1535453665463,
    "end": 1535453665522,
    "duration": 59,
    "pid": 15672,
    "index": 39
  },
  {
    "name": "Require(33) node_modules/_egg-view@2.1.0@egg-view/app/extend/context.js",
    "start": 1535453665523,
    "end": 1535453665524,
    "duration": 1,
    "pid": 15672,
    "index": 40
  },
  {
    "name": "Require(34) node_modules/_egg@2.10.0@egg/app/extend/context.js",
    "start": 1535453665525,
    "end": 1535453665528,
    "duration": 3,
    "pid": 15672,
    "index": 41
  },
  {
    "name": "Load extend/helper.js",
    "start": 1535453665533,
    "end": 1535453665571,
    "duration": 38,
    "pid": 15672,
    "index": 42
  },
  {
    "name": "Require(35) node_modules/_egg-security@2.2.3@egg-security/app/extend/helper.js",
    "start": 1535453665534,
    "end": 1535453665561,
    "duration": 27,
    "pid": 15672,
    "index": 43
  },
  {
    "name": "Require(36) node_modules/_egg@2.10.0@egg/app/extend/helper.js",
    "start": 1535453665566,
    "end": 1535453665566,
    "duration": 0,
    "pid": 15672,
    "index": 44
  },
  {
    "name": "Load app.js",
    "start": 1535453665571,
    "end": 1535453665899,
    "duration": 328,
    "pid": 15672,
    "index": 45
  },
  {
    "name": "Require(37) node_modules/_egg-session@3.1.0@egg-session/app.js",
    "start": 1535453665571,
    "end": 1535453665572,
    "duration": 1,
    "pid": 15672,
    "index": 46
  },
  {
    "name": "Require(38) node_modules/_egg-security@2.2.3@egg-security/app.js",
    "start": 1535453665573,
    "end": 1535453665577,
    "duration": 4,
    "pid": 15672,
    "index": 47
  },
  {
    "name": "Require(39) node_modules/_egg-onerror@2.1.0@egg-onerror/app.js",
    "start": 1535453665580,
    "end": 1535453665599,
    "duration": 19,
    "pid": 15672,
    "index": 48
  },
  {
    "name": "Require(40) node_modules/_egg-i18n@2.0.0@egg-i18n/app.js",
    "start": 1535453665601,
    "end": 1535453665613,
    "duration": 12,
    "pid": 15672,
    "index": 49
  },
  {
    "name": "Require(41) node_modules/_egg-watcher@3.0.0@egg-watcher/app.js",
    "start": 1535453665617,
    "end": 1535453665624,
    "duration": 7,
    "pid": 15672,
    "index": 50
  },
  {
    "name": "Before Start in node_modules/_egg-watcher@3.0.0@egg-watcher/app.js:15:7",
    "start": 1535453665638,
    "end": 1535453666114,
    "duration": 476,
    "pid": 15672,
    "index": 51
  },
  {
    "name": "Require(42) node_modules/_egg-multipart@2.1.0@egg-multipart/app.js",
    "start": 1535453665640,
    "end": 1535453665648,
    "duration": 8,
    "pid": 15672,
    "index": 52
  },
  {
    "name": "Require(43) node_modules/_egg-development@2.4.1@egg-development/app.js",
    "start": 1535453665650,
    "end": 1535453665651,
    "duration": 1,
    "pid": 15672,
    "index": 53
  },
  {
    "name": "Require(44) node_modules/_egg-schedule@3.3.0@egg-schedule/app.js",
    "start": 1535453665652,
    "end": 1535453665656,
    "duration": 4,
    "pid": 15672,
    "index": 54
  },
  {
    "name": "Require(45) node_modules/_egg-logrotator@3.0.3@egg-logrotator/app.js",
    "start": 1535453665719,
    "end": 1535453665720,
    "duration": 1,
    "pid": 15672,
    "index": 55
  },
  {
    "name": "Require(46) node_modules/_egg-static@2.1.1@egg-static/app.js",
    "start": 1535453665720,
    "end": 1535453665721,
    "duration": 1,
    "pid": 15672,
    "index": 56
  },
  {
    "name": "Require(47) node_modules/_egg-view-ejs@2.0.0@egg-view-ejs/app.js",
    "start": 1535453665722,
    "end": 1535453665722,
    "duration": 0,
    "pid": 15672,
    "index": 57
  },
  {
    "name": "Require(48) node_modules/_egg-mysql@3.0.0@egg-mysql/app.js",
    "start": 1535453665729,
    "end": 1535453665756,
    "duration": 27,
    "pid": 15672,
    "index": 58
  },
  {
    "name": "Before Start in node_modules/_egg-mysql@3.0.0@egg-mysql/lib/mysql.js:20:7",
    "start": 1535453665897,
    "end": 1535453666119,
    "duration": 222,
    "pid": 15672,
    "index": 59
  },
  {
    "name": "Load Service",
    "start": 1535453665899,
    "end": 1535453665911,
    "duration": 12,
    "pid": 15672,
    "index": 60
  },
  {
    "name": "Load \"service\" to Context",
    "start": 1535453665900,
    "end": 1535453665911,
    "duration": 11,
    "pid": 15672,
    "index": 61
  },
  {
    "name": "Load Middleware",
    "start": 1535453665911,
    "end": 1535453666063,
    "duration": 152,
    "pid": 15672,
    "index": 62
  },
  {
    "name": "Load \"middlewares\" to Application",
    "start": 1535453665911,
    "end": 1535453666045,
    "duration": 134,
    "pid": 15672,
    "index": 63
  },
  {
    "name": "Load Controller",
    "start": 1535453666064,
    "end": 1535453666067,
    "duration": 3,
    "pid": 15672,
    "index": 64
  },
  {
    "name": "Load \"controller\" to Application",
    "start": 1535453666064,
    "end": 1535453666067,
    "duration": 3,
    "pid": 15672,
    "index": 65
  },
  {
    "name": "Load Router",
    "start": 1535453666067,
    "end": 1535453666071,
    "duration": 4,
    "pid": 15672,
    "index": 66
  },
  {
    "name": "Require(49) app/router.js",
    "start": 1535453666068,
    "end": 1535453666069,
    "duration": 1,
    "pid": 15672,
    "index": 67
  },
  {
    "name": "Before Start in node_modules/_egg-core@4.9.1@egg-core/lib/egg.js:328:10",
    "start": 1535453666069,
    "end": 1535453666093,
    "duration": 24,
    "pid": 15672,
    "index": 68
  }
]