[
  {
    "name": "Application Start",
    "start": 1535451814759,
    "end": 1535451815843,
    "duration": 1084,
    "pid": 7260,
    "index": 0
  },
  {
    "name": "Load Plugin",
    "start": 1535451814766,
    "end": 1535451814817,
    "duration": 51,
    "pid": 7260,
    "index": 1
  },
  {
    "name": "Load Config",
    "start": 1535451814818,
    "end": 1535451814888,
    "duration": 70,
    "pid": 7260,
    "index": 2
  },
  {
    "name": "Require(0) config/config.default.js",
    "start": 1535451814819,
    "end": 1535451814820,
    "duration": 1,
    "pid": 7260,
    "index": 3
  },
  {
    "name": "Require(1) node_modules/_egg-session@3.1.0@egg-session/config/config.default.js",
    "start": 1535451814826,
    "end": 1535451814826,
    "duration": 0,
    "pid": 7260,
    "index": 4
  },
  {
    "name": "Require(2) node_modules/_egg-security@2.2.3@egg-security/config/config.default.js",
    "start": 1535451814827,
    "end": 1535451814828,
    "duration": 1,
    "pid": 7260,
    "index": 5
  },
  {
    "name": "Require(3) node_modules/_egg-jsonp@2.0.0@egg-jsonp/config/config.default.js",
    "start": 1535451814830,
    "end": 1535451814831,
    "duration": 1,
    "pid": 7260,
    "index": 6
  },
  {
    "name": "Require(4) node_modules/_egg-onerror@2.1.0@egg-onerror/config/config.default.js",
    "start": 1535451814832,
    "end": 1535451814832,
    "duration": 0,
    "pid": 7260,
    "index": 7
  },
  {
    "name": "Require(5) node_modules/_egg-i18n@2.0.0@egg-i18n/config/config.default.js",
    "start": 1535451814834,
    "end": 1535451814834,
    "duration": 0,
    "pid": 7260,
    "index": 8
  },
  {
    "name": "Require(6) node_modules/_egg-watcher@3.0.0@egg-watcher/config/config.default.js",
    "start": 1535451814836,
    "end": 1535451814837,
    "duration": 1,
    "pid": 7260,
    "index": 9
  },
  {
    "name": "Require(7) node_modules/_egg-multipart@2.1.0@egg-multipart/config/config.default.js",
    "start": 1535451814838,
    "end": 1535451814839,
    "duration": 1,
    "pid": 7260,
    "index": 10
  },
  {
    "name": "Require(8) node_modules/_egg-development@2.4.1@egg-development/config/config.default.js",
    "start": 1535451814840,
    "end": 1535451814841,
    "duration": 1,
    "pid": 7260,
    "index": 11
  },
  {
    "name": "Require(9) node_modules/_egg-schedule@3.3.0@egg-schedule/config/config.default.js",
    "start": 1535451814843,
    "end": 1535451814844,
    "duration": 1,
    "pid": 7260,
    "index": 12
  },
  {
    "name": "Require(10) node_modules/_egg-logrotator@3.0.3@egg-logrotator/config/config.default.js",
    "start": 1535451814846,
    "end": 1535451814846,
    "duration": 0,
    "pid": 7260,
    "index": 13
  },
  {
    "name": "Require(11) node_modules/_egg-static@2.1.1@egg-static/config/config.default.js",
    "start": 1535451814848,
    "end": 1535451814850,
    "duration": 2,
    "pid": 7260,
    "index": 14
  },
  {
    "name": "Require(12) node_modules/_egg-view@2.1.0@egg-view/config/config.default.js",
    "start": 1535451814852,
    "end": 1535451814855,
    "duration": 3,
    "pid": 7260,
    "index": 15
  },
  {
    "name": "Require(13) node_modules/_egg-view-ejs@2.0.0@egg-view-ejs/config/config.default.js",
    "start": 1535451814860,
    "end": 1535451814860,
    "duration": 0,
    "pid": 7260,
    "index": 16
  },
  {
    "name": "Require(14) node_modules/_egg-mysql@3.0.0@egg-mysql/config/config.default.js",
    "start": 1535451814861,
    "end": 1535451814862,
    "duration": 1,
    "pid": 7260,
    "index": 17
  },
  {
    "name": "Require(15) node_modules/_egg@2.10.0@egg/config/config.default.js",
    "start": 1535451814863,
    "end": 1535451814865,
    "duration": 2,
    "pid": 7260,
    "index": 18
  },
  {
    "name": "Require(16) config/config.default.js",
    "start": 1535451814868,
    "end": 1535451814868,
    "duration": 0,
    "pid": 7260,
    "index": 19
  },
  {
    "name": "Require(17) node_modules/_egg-security@2.2.3@egg-security/config/config.local.js",
    "start": 1535451814870,
    "end": 1535451814870,
    "duration": 0,
    "pid": 7260,
    "index": 20
  },
  {
    "name": "Require(18) node_modules/_egg-watcher@3.0.0@egg-watcher/config/config.local.js",
    "start": 1535451814874,
    "end": 1535451814875,
    "duration": 1,
    "pid": 7260,
    "index": 21
  },
  {
    "name": "Require(19) node_modules/_egg-view@2.1.0@egg-view/config/config.local.js",
    "start": 1535451814878,
    "end": 1535451814879,
    "duration": 1,
    "pid": 7260,
    "index": 22
  },
  {
    "name": "Require(20) node_modules/_egg-view-ejs@2.0.0@egg-view-ejs/config/config.local.js",
    "start": 1535451814880,
    "end": 1535451814881,
    "duration": 1,
    "pid": 7260,
    "index": 23
  },
  {
    "name": "Require(21) node_modules/_egg@2.10.0@egg/config/config.local.js",
    "start": 1535451814882,
    "end": 1535451814888,
    "duration": 6,
    "pid": 7260,
    "index": 24
  },
  {
    "name": "Load extend/application.js",
    "start": 1535451814891,
    "end": 1535451814945,
    "duration": 54,
    "pid": 7260,
    "index": 25
  },
  {
    "name": "Require(22) node_modules/_egg-session@3.1.0@egg-session/app/extend/application.js",
    "start": 1535451814893,
    "end": 1535451814893,
    "duration": 0,
    "pid": 7260,
    "index": 26
  },
  {
    "name": "Require(23) node_modules/_egg-security@2.2.3@egg-security/app/extend/application.js",
    "start": 1535451814894,
    "end": 1535451814896,
    "duration": 2,
    "pid": 7260,
    "index": 27
  },
  {
    "name": "Require(24) node_modules/_egg-jsonp@2.0.0@egg-jsonp/app/extend/application.js",
    "start": 1535451814898,
    "end": 1535451814907,
    "duration": 9,
    "pid": 7260,
    "index": 28
  },
  {
    "name": "Require(25) node_modules/_egg-logrotator@3.0.3@egg-logrotator/app/extend/application.js",
    "start": 1535451814910,
    "end": 1535451814933,
    "duration": 23,
    "pid": 7260,
    "index": 29
  },
  {
    "name": "Require(26) node_modules/_egg-view@2.1.0@egg-view/app/extend/application.js",
    "start": 1535451814934,
    "end": 1535451814938,
    "duration": 4,
    "pid": 7260,
    "index": 30
  },
  {
    "name": "Load extend/request.js",
    "start": 1535451814945,
    "end": 1535451814963,
    "duration": 18,
    "pid": 7260,
    "index": 31
  },
  {
    "name": "Require(27) node_modules/_egg@2.10.0@egg/app/extend/request.js",
    "start": 1535451814951,
    "end": 1535451814956,
    "duration": 5,
    "pid": 7260,
    "index": 32
  },
  {
    "name": "Load extend/response.js",
    "start": 1535451814963,
    "end": 1535451814982,
    "duration": 19,
    "pid": 7260,
    "index": 33
  },
  {
    "name": "Require(28) node_modules/_egg@2.10.0@egg/app/extend/response.js",
    "start": 1535451814970,
    "end": 1535451814976,
    "duration": 6,
    "pid": 7260,
    "index": 34
  },
  {
    "name": "Load extend/context.js",
    "start": 1535451814983,
    "end": 1535451815153,
    "duration": 170,
    "pid": 7260,
    "index": 35
  },
  {
    "name": "Require(29) node_modules/_egg-security@2.2.3@egg-security/app/extend/context.js",
    "start": 1535451814984,
    "end": 1535451815015,
    "duration": 31,
    "pid": 7260,
    "index": 36
  },
  {
    "name": "Require(30) node_modules/_egg-jsonp@2.0.0@egg-jsonp/app/extend/context.js",
    "start": 1535451815015,
    "end": 1535451815019,
    "duration": 4,
    "pid": 7260,
    "index": 37
  },
  {
    "name": "Require(31) node_modules/_egg-i18n@2.0.0@egg-i18n/app/extend/context.js",
    "start": 1535451815020,
    "end": 1535451815021,
    "duration": 1,
    "pid": 7260,
    "index": 38
  },
  {
    "name": "Require(32) node_modules/_egg-multipart@2.1.0@egg-multipart/app/extend/context.js",
    "start": 1535451815022,
    "end": 1535451815135,
    "duration": 113,
    "pid": 7260,
    "index": 39
  },
  {
    "name": "Require(33) node_modules/_egg-view@2.1.0@egg-view/app/extend/context.js",
    "start": 1535451815138,
    "end": 1535451815141,
    "duration": 3,
    "pid": 7260,
    "index": 40
  },
  {
    "name": "Require(34) node_modules/_egg@2.10.0@egg/app/extend/context.js",
    "start": 1535451815142,
    "end": 1535451815146,
    "duration": 4,
    "pid": 7260,
    "index": 41
  },
  {
    "name": "Load extend/helper.js",
    "start": 1535451815153,
    "end": 1535451815226,
    "duration": 73,
    "pid": 7260,
    "index": 42
  },
  {
    "name": "Require(35) node_modules/_egg-security@2.2.3@egg-security/app/extend/helper.js",
    "start": 1535451815154,
    "end": 1535451815213,
    "duration": 59,
    "pid": 7260,
    "index": 43
  },
  {
    "name": "Require(36) node_modules/_egg@2.10.0@egg/app/extend/helper.js",
    "start": 1535451815219,
    "end": 1535451815220,
    "duration": 1,
    "pid": 7260,
    "index": 44
  },
  {
    "name": "Load app.js",
    "start": 1535451815226,
    "end": 1535451815606,
    "duration": 380,
    "pid": 7260,
    "index": 45
  },
  {
    "name": "Require(37) node_modules/_egg-session@3.1.0@egg-session/app.js",
    "start": 1535451815227,
    "end": 1535451815228,
    "duration": 1,
    "pid": 7260,
    "index": 46
  },
  {
    "name": "Require(38) node_modules/_egg-security@2.2.3@egg-security/app.js",
    "start": 1535451815229,
    "end": 1535451815233,
    "duration": 4,
    "pid": 7260,
    "index": 47
  },
  {
    "name": "Require(39) node_modules/_egg-onerror@2.1.0@egg-onerror/app.js",
    "start": 1535451815236,
    "end": 1535451815260,
    "duration": 24,
    "pid": 7260,
    "index": 48
  },
  {
    "name": "Require(40) node_modules/_egg-i18n@2.0.0@egg-i18n/app.js",
    "start": 1535451815263,
    "end": 1535451815285,
    "duration": 22,
    "pid": 7260,
    "index": 49
  },
  {
    "name": "Require(41) node_modules/_egg-watcher@3.0.0@egg-watcher/app.js",
    "start": 1535451815293,
    "end": 1535451815302,
    "duration": 9,
    "pid": 7260,
    "index": 50
  },
  {
    "name": "Before Start in node_modules/_egg-watcher@3.0.0@egg-watcher/app.js:15:7",
    "start": 1535451815327,
    "end": 1535451815837,
    "duration": 510,
    "pid": 7260,
    "index": 51
  },
  {
    "name": "Require(42) node_modules/_egg-multipart@2.1.0@egg-multipart/app.js",
    "start": 1535451815329,
    "end": 1535451815337,
    "duration": 8,
    "pid": 7260,
    "index": 52
  },
  {
    "name": "Require(43) node_modules/_egg-development@2.4.1@egg-development/app.js",
    "start": 1535451815340,
    "end": 1535451815340,
    "duration": 0,
    "pid": 7260,
    "index": 53
  },
  {
    "name": "Require(44) node_modules/_egg-schedule@3.3.0@egg-schedule/app.js",
    "start": 1535451815342,
    "end": 1535451815346,
    "duration": 4,
    "pid": 7260,
    "index": 54
  },
  {
    "name": "Require(45) node_modules/_egg-logrotator@3.0.3@egg-logrotator/app.js",
    "start": 1535451815444,
    "end": 1535451815445,
    "duration": 1,
    "pid": 7260,
    "index": 55
  },
  {
    "name": "Require(46) node_modules/_egg-static@2.1.1@egg-static/app.js",
    "start": 1535451815446,
    "end": 1535451815446,
    "duration": 0,
    "pid": 7260,
    "index": 56
  },
  {
    "name": "Require(47) node_modules/_egg-view-ejs@2.0.0@egg-view-ejs/app.js",
    "start": 1535451815448,
    "end": 1535451815449,
    "duration": 1,
    "pid": 7260,
    "index": 57
  },
  {
    "name": "Require(48) node_modules/_egg-mysql@3.0.0@egg-mysql/app.js",
    "start": 1535451815460,
    "end": 1535451815491,
    "duration": 31,
    "pid": 7260,
    "index": 58
  },
  {
    "name": "Before Start in node_modules/_egg-mysql@3.0.0@egg-mysql/lib/mysql.js:20:7",
    "start": 1535451815604,
    "end": 1535451815842,
    "duration": 238,
    "pid": 7260,
    "index": 59
  },
  {
    "name": "Load Service",
    "start": 1535451815606,
    "end": 1535451815614,
    "duration": 8,
    "pid": 7260,
    "index": 60
  },
  {
    "name": "Load \"service\" to Context",
    "start": 1535451815606,
    "end": 1535451815614,
    "duration": 8,
    "pid": 7260,
    "index": 61
  },
  {
    "name": "Load Middleware",
    "start": 1535451815615,
    "end": 1535451815778,
    "duration": 163,
    "pid": 7260,
    "index": 62
  },
  {
    "name": "Load \"middlewares\" to Application",
    "start": 1535451815615,
    "end": 1535451815755,
    "duration": 140,
    "pid": 7260,
    "index": 63
  },
  {
    "name": "Load Controller",
    "start": 1535451815778,
    "end": 1535451815783,
    "duration": 5,
    "pid": 7260,
    "index": 64
  },
  {
    "name": "Load \"controller\" to Application",
    "start": 1535451815779,
    "end": 1535451815783,
    "duration": 4,
    "pid": 7260,
    "index": 65
  },
  {
    "name": "Load Router",
    "start": 1535451815783,
    "end": 1535451815788,
    "duration": 5,
    "pid": 7260,
    "index": 66
  },
  {
    "name": "Require(49) app/router.js",
    "start": 1535451815783,
    "end": 1535451815784,
    "duration": 1,
    "pid": 7260,
    "index": 67
  },
  {
    "name": "Before Start in node_modules/_egg-core@4.9.1@egg-core/lib/egg.js:328:10",
    "start": 1535451815784,
    "end": 1535451815815,
    "duration": 31,
    "pid": 7260,
    "index": 68
  }
]