[
  {
    "name": "Application Start",
    "start": 1535453941350,
    "end": 1535453942213,
    "duration": 863,
    "pid": 11620,
    "index": 0
  },
  {
    "name": "Load Plugin",
    "start": 1535453941358,
    "end": 1535453941393,
    "duration": 35,
    "pid": 11620,
    "index": 1
  },
  {
    "name": "Load Config",
    "start": 1535453941393,
    "end": 1535453941426,
    "duration": 33,
    "pid": 11620,
    "index": 2
  },
  {
    "name": "Require(0) config/config.default.js",
    "start": 1535453941394,
    "end": 1535453941394,
    "duration": 0,
    "pid": 11620,
    "index": 3
  },
  {
    "name": "Require(1) node_modules/_egg-session@3.1.0@egg-session/config/config.default.js",
    "start": 1535453941396,
    "end": 1535453941397,
    "duration": 1,
    "pid": 11620,
    "index": 4
  },
  {
    "name": "Require(2) node_modules/_egg-security@2.2.3@egg-security/config/config.default.js",
    "start": 1535453941397,
    "end": 1535453941398,
    "duration": 1,
    "pid": 11620,
    "index": 5
  },
  {
    "name": "Require(3) node_modules/_egg-jsonp@2.0.0@egg-jsonp/config/config.default.js",
    "start": 1535453941399,
    "end": 1535453941399,
    "duration": 0,
    "pid": 11620,
    "index": 6
  },
  {
    "name": "Require(4) node_modules/_egg-onerror@2.1.0@egg-onerror/config/config.default.js",
    "start": 1535453941400,
    "end": 1535453941400,
    "duration": 0,
    "pid": 11620,
    "index": 7
  },
  {
    "name": "Require(5) node_modules/_egg-i18n@2.0.0@egg-i18n/config/config.default.js",
    "start": 1535453941401,
    "end": 1535453941402,
    "duration": 1,
    "pid": 11620,
    "index": 8
  },
  {
    "name": "Require(6) node_modules/_egg-watcher@3.0.0@egg-watcher/config/config.default.js",
    "start": 1535453941403,
    "end": 1535453941403,
    "duration": 0,
    "pid": 11620,
    "index": 9
  },
  {
    "name": "Require(7) node_modules/_egg-multipart@2.1.0@egg-multipart/config/config.default.js",
    "start": 1535453941405,
    "end": 1535453941405,
    "duration": 0,
    "pid": 11620,
    "index": 10
  },
  {
    "name": "Require(8) node_modules/_egg-development@2.4.1@egg-development/config/config.default.js",
    "start": 1535453941406,
    "end": 1535453941407,
    "duration": 1,
    "pid": 11620,
    "index": 11
  },
  {
    "name": "Require(9) node_modules/_egg-schedule@3.3.0@egg-schedule/config/config.default.js",
    "start": 1535453941407,
    "end": 1535453941408,
    "duration": 1,
    "pid": 11620,
    "index": 12
  },
  {
    "name": "Require(10) node_modules/_egg-logrotator@3.0.3@egg-logrotator/config/config.default.js",
    "start": 1535453941408,
    "end": 1535453941409,
    "duration": 1,
    "pid": 11620,
    "index": 13
  },
  {
    "name": "Require(11) node_modules/_egg-static@2.1.1@egg-static/config/config.default.js",
    "start": 1535453941409,
    "end": 1535453941410,
    "duration": 1,
    "pid": 11620,
    "index": 14
  },
  {
    "name": "Require(12) node_modules/_egg-view@2.1.0@egg-view/config/config.default.js",
    "start": 1535453941411,
    "end": 1535453941411,
    "duration": 0,
    "pid": 11620,
    "index": 15
  },
  {
    "name": "Require(13) node_modules/_egg-view-ejs@2.0.0@egg-view-ejs/config/config.default.js",
    "start": 1535453941412,
    "end": 1535453941412,
    "duration": 0,
    "pid": 11620,
    "index": 16
  },
  {
    "name": "Require(14) node_modules/_egg-mysql@3.0.0@egg-mysql/config/config.default.js",
    "start": 1535453941413,
    "end": 1535453941414,
    "duration": 1,
    "pid": 11620,
    "index": 17
  },
  {
    "name": "Require(15) node_modules/_egg@2.10.0@egg/config/config.default.js",
    "start": 1535453941414,
    "end": 1535453941415,
    "duration": 1,
    "pid": 11620,
    "index": 18
  },
  {
    "name": "Require(16) config/config.default.js",
    "start": 1535453941417,
    "end": 1535453941417,
    "duration": 0,
    "pid": 11620,
    "index": 19
  },
  {
    "name": "Require(17) node_modules/_egg-security@2.2.3@egg-security/config/config.local.js",
    "start": 1535453941418,
    "end": 1535453941419,
    "duration": 1,
    "pid": 11620,
    "index": 20
  },
  {
    "name": "Require(18) node_modules/_egg-watcher@3.0.0@egg-watcher/config/config.local.js",
    "start": 1535453941421,
    "end": 1535453941421,
    "duration": 0,
    "pid": 11620,
    "index": 21
  },
  {
    "name": "Require(19) node_modules/_egg-view@2.1.0@egg-view/config/config.local.js",
    "start": 1535453941424,
    "end": 1535453941424,
    "duration": 0,
    "pid": 11620,
    "index": 22
  },
  {
    "name": "Require(20) node_modules/_egg-view-ejs@2.0.0@egg-view-ejs/config/config.local.js",
    "start": 1535453941424,
    "end": 1535453941425,
    "duration": 1,
    "pid": 11620,
    "index": 23
  },
  {
    "name": "Require(21) node_modules/_egg@2.10.0@egg/config/config.local.js",
    "start": 1535453941425,
    "end": 1535453941426,
    "duration": 1,
    "pid": 11620,
    "index": 24
  },
  {
    "name": "Load extend/application.js",
    "start": 1535453941428,
    "end": 1535453941457,
    "duration": 29,
    "pid": 11620,
    "index": 25
  },
  {
    "name": "Require(22) node_modules/_egg-session@3.1.0@egg-session/app/extend/application.js",
    "start": 1535453941428,
    "end": 1535453941429,
    "duration": 1,
    "pid": 11620,
    "index": 26
  },
  {
    "name": "Require(23) node_modules/_egg-security@2.2.3@egg-security/app/extend/application.js",
    "start": 1535453941430,
    "end": 1535453941431,
    "duration": 1,
    "pid": 11620,
    "index": 27
  },
  {
    "name": "Require(24) node_modules/_egg-jsonp@2.0.0@egg-jsonp/app/extend/application.js",
    "start": 1535453941432,
    "end": 1535453941434,
    "duration": 2,
    "pid": 11620,
    "index": 28
  },
  {
    "name": "Require(25) node_modules/_egg-logrotator@3.0.3@egg-logrotator/app/extend/application.js",
    "start": 1535453941437,
    "end": 1535453941442,
    "duration": 5,
    "pid": 11620,
    "index": 29
  },
  {
    "name": "Require(26) node_modules/_egg-view@2.1.0@egg-view/app/extend/application.js",
    "start": 1535453941443,
    "end": 1535453941449,
    "duration": 6,
    "pid": 11620,
    "index": 30
  },
  {
    "name": "Load extend/request.js",
    "start": 1535453941457,
    "end": 1535453941469,
    "duration": 12,
    "pid": 11620,
    "index": 31
  },
  {
    "name": "Require(27) node_modules/_egg@2.10.0@egg/app/extend/request.js",
    "start": 1535453941461,
    "end": 1535453941464,
    "duration": 3,
    "pid": 11620,
    "index": 32
  },
  {
    "name": "Load extend/response.js",
    "start": 1535453941469,
    "end": 1535453941481,
    "duration": 12,
    "pid": 11620,
    "index": 33
  },
  {
    "name": "Require(28) node_modules/_egg@2.10.0@egg/app/extend/response.js",
    "start": 1535453941473,
    "end": 1535453941477,
    "duration": 4,
    "pid": 11620,
    "index": 34
  },
  {
    "name": "Load extend/context.js",
    "start": 1535453941482,
    "end": 1535453941576,
    "duration": 94,
    "pid": 11620,
    "index": 35
  },
  {
    "name": "Require(29) node_modules/_egg-security@2.2.3@egg-security/app/extend/context.js",
    "start": 1535453941483,
    "end": 1535453941505,
    "duration": 22,
    "pid": 11620,
    "index": 36
  },
  {
    "name": "Require(30) node_modules/_egg-jsonp@2.0.0@egg-jsonp/app/extend/context.js",
    "start": 1535453941506,
    "end": 1535453941509,
    "duration": 3,
    "pid": 11620,
    "index": 37
  },
  {
    "name": "Require(31) node_modules/_egg-i18n@2.0.0@egg-i18n/app/extend/context.js",
    "start": 1535453941510,
    "end": 1535453941510,
    "duration": 0,
    "pid": 11620,
    "index": 38
  },
  {
    "name": "Require(32) node_modules/_egg-multipart@2.1.0@egg-multipart/app/extend/context.js",
    "start": 1535453941512,
    "end": 1535453941564,
    "duration": 52,
    "pid": 11620,
    "index": 39
  },
  {
    "name": "Require(33) node_modules/_egg-view@2.1.0@egg-view/app/extend/context.js",
    "start": 1535453941566,
    "end": 1535453941568,
    "duration": 2,
    "pid": 11620,
    "index": 40
  },
  {
    "name": "Require(34) node_modules/_egg@2.10.0@egg/app/extend/context.js",
    "start": 1535453941569,
    "end": 1535453941571,
    "duration": 2,
    "pid": 11620,
    "index": 41
  },
  {
    "name": "Load extend/helper.js",
    "start": 1535453941576,
    "end": 1535453941612,
    "duration": 36,
    "pid": 11620,
    "index": 42
  },
  {
    "name": "Require(35) node_modules/_egg-security@2.2.3@egg-security/app/extend/helper.js",
    "start": 1535453941577,
    "end": 1535453941602,
    "duration": 25,
    "pid": 11620,
    "index": 43
  },
  {
    "name": "Require(36) node_modules/_egg@2.10.0@egg/app/extend/helper.js",
    "start": 1535453941607,
    "end": 1535453941607,
    "duration": 0,
    "pid": 11620,
    "index": 44
  },
  {
    "name": "Load app.js",
    "start": 1535453941612,
    "end": 1535453941947,
    "duration": 335,
    "pid": 11620,
    "index": 45
  },
  {
    "name": "Require(37) node_modules/_egg-session@3.1.0@egg-session/app.js",
    "start": 1535453941613,
    "end": 1535453941613,
    "duration": 0,
    "pid": 11620,
    "index": 46
  },
  {
    "name": "Require(38) node_modules/_egg-security@2.2.3@egg-security/app.js",
    "start": 1535453941614,
    "end": 1535453941617,
    "duration": 3,
    "pid": 11620,
    "index": 47
  },
  {
    "name": "Require(39) node_modules/_egg-onerror@2.1.0@egg-onerror/app.js",
    "start": 1535453941618,
    "end": 1535453941634,
    "duration": 16,
    "pid": 11620,
    "index": 48
  },
  {
    "name": "Require(40) node_modules/_egg-i18n@2.0.0@egg-i18n/app.js",
    "start": 1535453941636,
    "end": 1535453941653,
    "duration": 17,
    "pid": 11620,
    "index": 49
  },
  {
    "name": "Require(41) node_modules/_egg-watcher@3.0.0@egg-watcher/app.js",
    "start": 1535453941660,
    "end": 1535453941671,
    "duration": 11,
    "pid": 11620,
    "index": 50
  },
  {
    "name": "Before Start in node_modules/_egg-watcher@3.0.0@egg-watcher/app.js:15:7",
    "start": 1535453941693,
    "end": 1535453942194,
    "duration": 501,
    "pid": 11620,
    "index": 51
  },
  {
    "name": "Require(42) node_modules/_egg-multipart@2.1.0@egg-multipart/app.js",
    "start": 1535453941695,
    "end": 1535453941700,
    "duration": 5,
    "pid": 11620,
    "index": 52
  },
  {
    "name": "Require(43) node_modules/_egg-development@2.4.1@egg-development/app.js",
    "start": 1535453941702,
    "end": 1535453941702,
    "duration": 0,
    "pid": 11620,
    "index": 53
  },
  {
    "name": "Require(44) node_modules/_egg-schedule@3.3.0@egg-schedule/app.js",
    "start": 1535453941704,
    "end": 1535453941708,
    "duration": 4,
    "pid": 11620,
    "index": 54
  },
  {
    "name": "Require(45) node_modules/_egg-logrotator@3.0.3@egg-logrotator/app.js",
    "start": 1535453941779,
    "end": 1535453941779,
    "duration": 0,
    "pid": 11620,
    "index": 55
  },
  {
    "name": "Require(46) node_modules/_egg-static@2.1.1@egg-static/app.js",
    "start": 1535453941780,
    "end": 1535453941780,
    "duration": 0,
    "pid": 11620,
    "index": 56
  },
  {
    "name": "Require(47) node_modules/_egg-view-ejs@2.0.0@egg-view-ejs/app.js",
    "start": 1535453941782,
    "end": 1535453941782,
    "duration": 0,
    "pid": 11620,
    "index": 57
  },
  {
    "name": "Require(48) node_modules/_egg-mysql@3.0.0@egg-mysql/app.js",
    "start": 1535453941792,
    "end": 1535453941820,
    "duration": 28,
    "pid": 11620,
    "index": 58
  },
  {
    "name": "Before Start in node_modules/_egg-mysql@3.0.0@egg-mysql/lib/mysql.js:20:7",
    "start": 1535453941945,
    "end": 1535453942213,
    "duration": 268,
    "pid": 11620,
    "index": 59
  },
  {
    "name": "Load Service",
    "start": 1535453941947,
    "end": 1535453941955,
    "duration": 8,
    "pid": 11620,
    "index": 60
  },
  {
    "name": "Load \"service\" to Context",
    "start": 1535453941948,
    "end": 1535453941955,
    "duration": 7,
    "pid": 11620,
    "index": 61
  },
  {
    "name": "Load Middleware",
    "start": 1535453941955,
    "end": 1535453942090,
    "duration": 135,
    "pid": 11620,
    "index": 62
  },
  {
    "name": "Load \"middlewares\" to Application",
    "start": 1535453941955,
    "end": 1535453942074,
    "duration": 119,
    "pid": 11620,
    "index": 63
  },
  {
    "name": "Load Controller",
    "start": 1535453942090,
    "end": 1535453942094,
    "duration": 4,
    "pid": 11620,
    "index": 64
  },
  {
    "name": "Load \"controller\" to Application",
    "start": 1535453942091,
    "end": 1535453942094,
    "duration": 3,
    "pid": 11620,
    "index": 65
  },
  {
    "name": "Load Router",
    "start": 1535453942094,
    "end": 1535453942097,
    "duration": 3,
    "pid": 11620,
    "index": 66
  },
  {
    "name": "Require(49) app/router.js",
    "start": 1535453942094,
    "end": 1535453942095,
    "duration": 1,
    "pid": 11620,
    "index": 67
  },
  {
    "name": "Before Start in node_modules/_egg-core@4.9.1@egg-core/lib/egg.js:328:10",
    "start": 1535453942095,
    "end": 1535453942128,
    "duration": 33,
    "pid": 11620,
    "index": 68
  }
]