[
  {
    "name": "Application Start",
    "start": 1535452148955,
    "end": 1535452149761,
    "duration": 806,
    "pid": 12048,
    "index": 0
  },
  {
    "name": "Load Plugin",
    "start": 1535452148964,
    "end": 1535452149002,
    "duration": 38,
    "pid": 12048,
    "index": 1
  },
  {
    "name": "Load Config",
    "start": 1535452149002,
    "end": 1535452149044,
    "duration": 42,
    "pid": 12048,
    "index": 2
  },
  {
    "name": "Require(0) config/config.default.js",
    "start": 1535452149003,
    "end": 1535452149004,
    "duration": 1,
    "pid": 12048,
    "index": 3
  },
  {
    "name": "Require(1) node_modules/_egg-session@3.1.0@egg-session/config/config.default.js",
    "start": 1535452149006,
    "end": 1535452149007,
    "duration": 1,
    "pid": 12048,
    "index": 4
  },
  {
    "name": "Require(2) node_modules/_egg-security@2.2.3@egg-security/config/config.default.js",
    "start": 1535452149008,
    "end": 1535452149008,
    "duration": 0,
    "pid": 12048,
    "index": 5
  },
  {
    "name": "Require(3) node_modules/_egg-jsonp@2.0.0@egg-jsonp/config/config.default.js",
    "start": 1535452149009,
    "end": 1535452149010,
    "duration": 1,
    "pid": 12048,
    "index": 6
  },
  {
    "name": "Require(4) node_modules/_egg-onerror@2.1.0@egg-onerror/config/config.default.js",
    "start": 1535452149011,
    "end": 1535452149011,
    "duration": 0,
    "pid": 12048,
    "index": 7
  },
  {
    "name": "Require(5) node_modules/_egg-i18n@2.0.0@egg-i18n/config/config.default.js",
    "start": 1535452149012,
    "end": 1535452149013,
    "duration": 1,
    "pid": 12048,
    "index": 8
  },
  {
    "name": "Require(6) node_modules/_egg-watcher@3.0.0@egg-watcher/config/config.default.js",
    "start": 1535452149014,
    "end": 1535452149014,
    "duration": 0,
    "pid": 12048,
    "index": 9
  },
  {
    "name": "Require(7) node_modules/_egg-multipart@2.1.0@egg-multipart/config/config.default.js",
    "start": 1535452149015,
    "end": 1535452149015,
    "duration": 0,
    "pid": 12048,
    "index": 10
  },
  {
    "name": "Require(8) node_modules/_egg-development@2.4.1@egg-development/config/config.default.js",
    "start": 1535452149016,
    "end": 1535452149016,
    "duration": 0,
    "pid": 12048,
    "index": 11
  },
  {
    "name": "Require(9) node_modules/_egg-schedule@3.3.0@egg-schedule/config/config.default.js",
    "start": 1535452149017,
    "end": 1535452149018,
    "duration": 1,
    "pid": 12048,
    "index": 12
  },
  {
    "name": "Require(10) node_modules/_egg-logrotator@3.0.3@egg-logrotator/config/config.default.js",
    "start": 1535452149019,
    "end": 1535452149019,
    "duration": 0,
    "pid": 12048,
    "index": 13
  },
  {
    "name": "Require(11) node_modules/_egg-static@2.1.1@egg-static/config/config.default.js",
    "start": 1535452149020,
    "end": 1535452149021,
    "duration": 1,
    "pid": 12048,
    "index": 14
  },
  {
    "name": "Require(12) node_modules/_egg-view@2.1.0@egg-view/config/config.default.js",
    "start": 1535452149022,
    "end": 1535452149023,
    "duration": 1,
    "pid": 12048,
    "index": 15
  },
  {
    "name": "Require(13) node_modules/_egg-view-ejs@2.0.0@egg-view-ejs/config/config.default.js",
    "start": 1535452149024,
    "end": 1535452149024,
    "duration": 0,
    "pid": 12048,
    "index": 16
  },
  {
    "name": "Require(14) node_modules/_egg-mysql@3.0.0@egg-mysql/config/config.default.js",
    "start": 1535452149025,
    "end": 1535452149026,
    "duration": 1,
    "pid": 12048,
    "index": 17
  },
  {
    "name": "Require(15) node_modules/_egg@2.10.0@egg/config/config.default.js",
    "start": 1535452149026,
    "end": 1535452149027,
    "duration": 1,
    "pid": 12048,
    "index": 18
  },
  {
    "name": "Require(16) config/config.default.js",
    "start": 1535452149030,
    "end": 1535452149030,
    "duration": 0,
    "pid": 12048,
    "index": 19
  },
  {
    "name": "Require(17) node_modules/_egg-security@2.2.3@egg-security/config/config.local.js",
    "start": 1535452149031,
    "end": 1535452149031,
    "duration": 0,
    "pid": 12048,
    "index": 20
  },
  {
    "name": "Require(18) node_modules/_egg-watcher@3.0.0@egg-watcher/config/config.local.js",
    "start": 1535452149037,
    "end": 1535452149037,
    "duration": 0,
    "pid": 12048,
    "index": 21
  },
  {
    "name": "Require(19) node_modules/_egg-view@2.1.0@egg-view/config/config.local.js",
    "start": 1535452149040,
    "end": 1535452149041,
    "duration": 1,
    "pid": 12048,
    "index": 22
  },
  {
    "name": "Require(20) node_modules/_egg-view-ejs@2.0.0@egg-view-ejs/config/config.local.js",
    "start": 1535452149042,
    "end": 1535452149042,
    "duration": 0,
    "pid": 12048,
    "index": 23
  },
  {
    "name": "Require(21) node_modules/_egg@2.10.0@egg/config/config.local.js",
    "start": 1535452149043,
    "end": 1535452149044,
    "duration": 1,
    "pid": 12048,
    "index": 24
  },
  {
    "name": "Load extend/application.js",
    "start": 1535452149045,
    "end": 1535452149076,
    "duration": 31,
    "pid": 12048,
    "index": 25
  },
  {
    "name": "Require(22) node_modules/_egg-session@3.1.0@egg-session/app/extend/application.js",
    "start": 1535452149047,
    "end": 1535452149047,
    "duration": 0,
    "pid": 12048,
    "index": 26
  },
  {
    "name": "Require(23) node_modules/_egg-security@2.2.3@egg-security/app/extend/application.js",
    "start": 1535452149048,
    "end": 1535452149050,
    "duration": 2,
    "pid": 12048,
    "index": 27
  },
  {
    "name": "Require(24) node_modules/_egg-jsonp@2.0.0@egg-jsonp/app/extend/application.js",
    "start": 1535452149050,
    "end": 1535452149055,
    "duration": 5,
    "pid": 12048,
    "index": 28
  },
  {
    "name": "Require(25) node_modules/_egg-logrotator@3.0.3@egg-logrotator/app/extend/application.js",
    "start": 1535452149057,
    "end": 1535452149062,
    "duration": 5,
    "pid": 12048,
    "index": 29
  },
  {
    "name": "Require(26) node_modules/_egg-view@2.1.0@egg-view/app/extend/application.js",
    "start": 1535452149063,
    "end": 1535452149067,
    "duration": 4,
    "pid": 12048,
    "index": 30
  },
  {
    "name": "Load extend/request.js",
    "start": 1535452149076,
    "end": 1535452149097,
    "duration": 21,
    "pid": 12048,
    "index": 31
  },
  {
    "name": "Require(27) node_modules/_egg@2.10.0@egg/app/extend/request.js",
    "start": 1535452149081,
    "end": 1535452149087,
    "duration": 6,
    "pid": 12048,
    "index": 32
  },
  {
    "name": "Load extend/response.js",
    "start": 1535452149097,
    "end": 1535452149111,
    "duration": 14,
    "pid": 12048,
    "index": 33
  },
  {
    "name": "Require(28) node_modules/_egg@2.10.0@egg/app/extend/response.js",
    "start": 1535452149103,
    "end": 1535452149106,
    "duration": 3,
    "pid": 12048,
    "index": 34
  },
  {
    "name": "Load extend/context.js",
    "start": 1535452149111,
    "end": 1535452149234,
    "duration": 123,
    "pid": 12048,
    "index": 35
  },
  {
    "name": "Require(29) node_modules/_egg-security@2.2.3@egg-security/app/extend/context.js",
    "start": 1535452149112,
    "end": 1535452149143,
    "duration": 31,
    "pid": 12048,
    "index": 36
  },
  {
    "name": "Require(30) node_modules/_egg-jsonp@2.0.0@egg-jsonp/app/extend/context.js",
    "start": 1535452149143,
    "end": 1535452149147,
    "duration": 4,
    "pid": 12048,
    "index": 37
  },
  {
    "name": "Require(31) node_modules/_egg-i18n@2.0.0@egg-i18n/app/extend/context.js",
    "start": 1535452149148,
    "end": 1535452149149,
    "duration": 1,
    "pid": 12048,
    "index": 38
  },
  {
    "name": "Require(32) node_modules/_egg-multipart@2.1.0@egg-multipart/app/extend/context.js",
    "start": 1535452149150,
    "end": 1535452149222,
    "duration": 72,
    "pid": 12048,
    "index": 39
  },
  {
    "name": "Require(33) node_modules/_egg-view@2.1.0@egg-view/app/extend/context.js",
    "start": 1535452149223,
    "end": 1535452149225,
    "duration": 2,
    "pid": 12048,
    "index": 40
  },
  {
    "name": "Require(34) node_modules/_egg@2.10.0@egg/app/extend/context.js",
    "start": 1535452149226,
    "end": 1535452149229,
    "duration": 3,
    "pid": 12048,
    "index": 41
  },
  {
    "name": "Load extend/helper.js",
    "start": 1535452149234,
    "end": 1535452149269,
    "duration": 35,
    "pid": 12048,
    "index": 42
  },
  {
    "name": "Require(35) node_modules/_egg-security@2.2.3@egg-security/app/extend/helper.js",
    "start": 1535452149236,
    "end": 1535452149260,
    "duration": 24,
    "pid": 12048,
    "index": 43
  },
  {
    "name": "Require(36) node_modules/_egg@2.10.0@egg/app/extend/helper.js",
    "start": 1535452149264,
    "end": 1535452149264,
    "duration": 0,
    "pid": 12048,
    "index": 44
  },
  {
    "name": "Load app.js",
    "start": 1535452149269,
    "end": 1535452149564,
    "duration": 295,
    "pid": 12048,
    "index": 45
  },
  {
    "name": "Require(37) node_modules/_egg-session@3.1.0@egg-session/app.js",
    "start": 1535452149270,
    "end": 1535452149270,
    "duration": 0,
    "pid": 12048,
    "index": 46
  },
  {
    "name": "Require(38) node_modules/_egg-security@2.2.3@egg-security/app.js",
    "start": 1535452149271,
    "end": 1535452149274,
    "duration": 3,
    "pid": 12048,
    "index": 47
  },
  {
    "name": "Require(39) node_modules/_egg-onerror@2.1.0@egg-onerror/app.js",
    "start": 1535452149275,
    "end": 1535452149291,
    "duration": 16,
    "pid": 12048,
    "index": 48
  },
  {
    "name": "Require(40) node_modules/_egg-i18n@2.0.0@egg-i18n/app.js",
    "start": 1535452149293,
    "end": 1535452149305,
    "duration": 12,
    "pid": 12048,
    "index": 49
  },
  {
    "name": "Require(41) node_modules/_egg-watcher@3.0.0@egg-watcher/app.js",
    "start": 1535452149310,
    "end": 1535452149316,
    "duration": 6,
    "pid": 12048,
    "index": 50
  },
  {
    "name": "Before Start in node_modules/_egg-watcher@3.0.0@egg-watcher/app.js:15:7",
    "start": 1535452149328,
    "end": 1535452149750,
    "duration": 422,
    "pid": 12048,
    "index": 51
  },
  {
    "name": "Require(42) node_modules/_egg-multipart@2.1.0@egg-multipart/app.js",
    "start": 1535452149330,
    "end": 1535452149335,
    "duration": 5,
    "pid": 12048,
    "index": 52
  },
  {
    "name": "Require(43) node_modules/_egg-development@2.4.1@egg-development/app.js",
    "start": 1535452149337,
    "end": 1535452149337,
    "duration": 0,
    "pid": 12048,
    "index": 53
  },
  {
    "name": "Require(44) node_modules/_egg-schedule@3.3.0@egg-schedule/app.js",
    "start": 1535452149338,
    "end": 1535452149342,
    "duration": 4,
    "pid": 12048,
    "index": 54
  },
  {
    "name": "Require(45) node_modules/_egg-logrotator@3.0.3@egg-logrotator/app.js",
    "start": 1535452149394,
    "end": 1535452149395,
    "duration": 1,
    "pid": 12048,
    "index": 55
  },
  {
    "name": "Require(46) node_modules/_egg-static@2.1.1@egg-static/app.js",
    "start": 1535452149395,
    "end": 1535452149396,
    "duration": 1,
    "pid": 12048,
    "index": 56
  },
  {
    "name": "Require(47) node_modules/_egg-view-ejs@2.0.0@egg-view-ejs/app.js",
    "start": 1535452149397,
    "end": 1535452149398,
    "duration": 1,
    "pid": 12048,
    "index": 57
  },
  {
    "name": "Require(48) node_modules/_egg-mysql@3.0.0@egg-mysql/app.js",
    "start": 1535452149408,
    "end": 1535452149436,
    "duration": 28,
    "pid": 12048,
    "index": 58
  },
  {
    "name": "Before Start in node_modules/_egg-mysql@3.0.0@egg-mysql/lib/mysql.js:20:7",
    "start": 1535452149562,
    "end": 1535452149761,
    "duration": 199,
    "pid": 12048,
    "index": 59
  },
  {
    "name": "Load Service",
    "start": 1535452149564,
    "end": 1535452149571,
    "duration": 7,
    "pid": 12048,
    "index": 60
  },
  {
    "name": "Load \"service\" to Context",
    "start": 1535452149564,
    "end": 1535452149571,
    "duration": 7,
    "pid": 12048,
    "index": 61
  },
  {
    "name": "Load Middleware",
    "start": 1535452149572,
    "end": 1535452149706,
    "duration": 134,
    "pid": 12048,
    "index": 62
  },
  {
    "name": "Load \"middlewares\" to Application",
    "start": 1535452149572,
    "end": 1535452149689,
    "duration": 117,
    "pid": 12048,
    "index": 63
  },
  {
    "name": "Load Controller",
    "start": 1535452149706,
    "end": 1535452149710,
    "duration": 4,
    "pid": 12048,
    "index": 64
  },
  {
    "name": "Load \"controller\" to Application",
    "start": 1535452149706,
    "end": 1535452149710,
    "duration": 4,
    "pid": 12048,
    "index": 65
  },
  {
    "name": "Load Router",
    "start": 1535452149710,
    "end": 1535452149713,
    "duration": 3,
    "pid": 12048,
    "index": 66
  },
  {
    "name": "Require(49) app/router.js",
    "start": 1535452149710,
    "end": 1535452149711,
    "duration": 1,
    "pid": 12048,
    "index": 67
  },
  {
    "name": "Before Start in node_modules/_egg-core@4.9.1@egg-core/lib/egg.js:328:10",
    "start": 1535452149711,
    "end": 1535452149733,
    "duration": 22,
    "pid": 12048,
    "index": 68
  }
]