[
  {
    "name": "Application Start",
    "start": 1535468088818,
    "end": 1535468089648,
    "duration": 830,
    "pid": 3152,
    "index": 0
  },
  {
    "name": "Load Plugin",
    "start": 1535468088828,
    "end": 1535468088865,
    "duration": 37,
    "pid": 3152,
    "index": 1
  },
  {
    "name": "Load Config",
    "start": 1535468088866,
    "end": 1535468088913,
    "duration": 47,
    "pid": 3152,
    "index": 2
  },
  {
    "name": "Require(0) config/config.default.js",
    "start": 1535468088867,
    "end": 1535468088867,
    "duration": 0,
    "pid": 3152,
    "index": 3
  },
  {
    "name": "Require(1) node_modules/_egg-session@3.1.0@egg-session/config/config.default.js",
    "start": 1535468088869,
    "end": 1535468088869,
    "duration": 0,
    "pid": 3152,
    "index": 4
  },
  {
    "name": "Require(2) node_modules/_egg-security@2.2.3@egg-security/config/config.default.js",
    "start": 1535468088870,
    "end": 1535468088871,
    "duration": 1,
    "pid": 3152,
    "index": 5
  },
  {
    "name": "Require(3) node_modules/_egg-jsonp@2.0.0@egg-jsonp/config/config.default.js",
    "start": 1535468088872,
    "end": 1535468088872,
    "duration": 0,
    "pid": 3152,
    "index": 6
  },
  {
    "name": "Require(4) node_modules/_egg-onerror@2.1.0@egg-onerror/config/config.default.js",
    "start": 1535468088873,
    "end": 1535468088873,
    "duration": 0,
    "pid": 3152,
    "index": 7
  },
  {
    "name": "Require(5) node_modules/_egg-i18n@2.0.0@egg-i18n/config/config.default.js",
    "start": 1535468088874,
    "end": 1535468088875,
    "duration": 1,
    "pid": 3152,
    "index": 8
  },
  {
    "name": "Require(6) node_modules/_egg-watcher@3.0.0@egg-watcher/config/config.default.js",
    "start": 1535468088876,
    "end": 1535468088877,
    "duration": 1,
    "pid": 3152,
    "index": 9
  },
  {
    "name": "Require(7) node_modules/_egg-multipart@2.1.0@egg-multipart/config/config.default.js",
    "start": 1535468088878,
    "end": 1535468088879,
    "duration": 1,
    "pid": 3152,
    "index": 10
  },
  {
    "name": "Require(8) node_modules/_egg-development@2.4.1@egg-development/config/config.default.js",
    "start": 1535468088883,
    "end": 1535468088884,
    "duration": 1,
    "pid": 3152,
    "index": 11
  },
  {
    "name": "Require(9) node_modules/_egg-schedule@3.3.0@egg-schedule/config/config.default.js",
    "start": 1535468088884,
    "end": 1535468088885,
    "duration": 1,
    "pid": 3152,
    "index": 12
  },
  {
    "name": "Require(10) node_modules/_egg-logrotator@3.0.3@egg-logrotator/config/config.default.js",
    "start": 1535468088887,
    "end": 1535468088887,
    "duration": 0,
    "pid": 3152,
    "index": 13
  },
  {
    "name": "Require(11) node_modules/_egg-static@2.1.1@egg-static/config/config.default.js",
    "start": 1535468088888,
    "end": 1535468088889,
    "duration": 1,
    "pid": 3152,
    "index": 14
  },
  {
    "name": "Require(12) node_modules/_egg-view@2.1.0@egg-view/config/config.default.js",
    "start": 1535468088889,
    "end": 1535468088890,
    "duration": 1,
    "pid": 3152,
    "index": 15
  },
  {
    "name": "Require(13) node_modules/_egg-view-ejs@2.0.0@egg-view-ejs/config/config.default.js",
    "start": 1535468088891,
    "end": 1535468088891,
    "duration": 0,
    "pid": 3152,
    "index": 16
  },
  {
    "name": "Require(14) node_modules/_egg-mysql@3.0.0@egg-mysql/config/config.default.js",
    "start": 1535468088892,
    "end": 1535468088893,
    "duration": 1,
    "pid": 3152,
    "index": 17
  },
  {
    "name": "Require(15) node_modules/_egg@2.10.0@egg/config/config.default.js",
    "start": 1535468088893,
    "end": 1535468088895,
    "duration": 2,
    "pid": 3152,
    "index": 18
  },
  {
    "name": "Require(16) config/config.default.js",
    "start": 1535468088900,
    "end": 1535468088900,
    "duration": 0,
    "pid": 3152,
    "index": 19
  },
  {
    "name": "Require(17) node_modules/_egg-security@2.2.3@egg-security/config/config.local.js",
    "start": 1535468088902,
    "end": 1535468088902,
    "duration": 0,
    "pid": 3152,
    "index": 20
  },
  {
    "name": "Require(18) node_modules/_egg-watcher@3.0.0@egg-watcher/config/config.local.js",
    "start": 1535468088905,
    "end": 1535468088905,
    "duration": 0,
    "pid": 3152,
    "index": 21
  },
  {
    "name": "Require(19) node_modules/_egg-view@2.1.0@egg-view/config/config.local.js",
    "start": 1535468088909,
    "end": 1535468088909,
    "duration": 0,
    "pid": 3152,
    "index": 22
  },
  {
    "name": "Require(20) node_modules/_egg-view-ejs@2.0.0@egg-view-ejs/config/config.local.js",
    "start": 1535468088911,
    "end": 1535468088911,
    "duration": 0,
    "pid": 3152,
    "index": 23
  },
  {
    "name": "Require(21) node_modules/_egg@2.10.0@egg/config/config.local.js",
    "start": 1535468088913,
    "end": 1535468088913,
    "duration": 0,
    "pid": 3152,
    "index": 24
  },
  {
    "name": "Load extend/application.js",
    "start": 1535468088915,
    "end": 1535468088938,
    "duration": 23,
    "pid": 3152,
    "index": 25
  },
  {
    "name": "Require(22) node_modules/_egg-session@3.1.0@egg-session/app/extend/application.js",
    "start": 1535468088916,
    "end": 1535468088916,
    "duration": 0,
    "pid": 3152,
    "index": 26
  },
  {
    "name": "Require(23) node_modules/_egg-security@2.2.3@egg-security/app/extend/application.js",
    "start": 1535468088917,
    "end": 1535468088918,
    "duration": 1,
    "pid": 3152,
    "index": 27
  },
  {
    "name": "Require(24) node_modules/_egg-jsonp@2.0.0@egg-jsonp/app/extend/application.js",
    "start": 1535468088919,
    "end": 1535468088922,
    "duration": 3,
    "pid": 3152,
    "index": 28
  },
  {
    "name": "Require(25) node_modules/_egg-logrotator@3.0.3@egg-logrotator/app/extend/application.js",
    "start": 1535468088924,
    "end": 1535468088929,
    "duration": 5,
    "pid": 3152,
    "index": 29
  },
  {
    "name": "Require(26) node_modules/_egg-view@2.1.0@egg-view/app/extend/application.js",
    "start": 1535468088930,
    "end": 1535468088932,
    "duration": 2,
    "pid": 3152,
    "index": 30
  },
  {
    "name": "Load extend/request.js",
    "start": 1535468088938,
    "end": 1535468088950,
    "duration": 12,
    "pid": 3152,
    "index": 31
  },
  {
    "name": "Require(27) node_modules/_egg@2.10.0@egg/app/extend/request.js",
    "start": 1535468088942,
    "end": 1535468088945,
    "duration": 3,
    "pid": 3152,
    "index": 32
  },
  {
    "name": "Load extend/response.js",
    "start": 1535468088950,
    "end": 1535468088964,
    "duration": 14,
    "pid": 3152,
    "index": 33
  },
  {
    "name": "Require(28) node_modules/_egg@2.10.0@egg/app/extend/response.js",
    "start": 1535468088955,
    "end": 1535468088959,
    "duration": 4,
    "pid": 3152,
    "index": 34
  },
  {
    "name": "Load extend/context.js",
    "start": 1535468088964,
    "end": 1535468089132,
    "duration": 168,
    "pid": 3152,
    "index": 35
  },
  {
    "name": "Require(29) node_modules/_egg-security@2.2.3@egg-security/app/extend/context.js",
    "start": 1535468088965,
    "end": 1535468089000,
    "duration": 35,
    "pid": 3152,
    "index": 36
  },
  {
    "name": "Require(30) node_modules/_egg-jsonp@2.0.0@egg-jsonp/app/extend/context.js",
    "start": 1535468089001,
    "end": 1535468089005,
    "duration": 4,
    "pid": 3152,
    "index": 37
  },
  {
    "name": "Require(31) node_modules/_egg-i18n@2.0.0@egg-i18n/app/extend/context.js",
    "start": 1535468089007,
    "end": 1535468089007,
    "duration": 0,
    "pid": 3152,
    "index": 38
  },
  {
    "name": "Require(32) node_modules/_egg-multipart@2.1.0@egg-multipart/app/extend/context.js",
    "start": 1535468089008,
    "end": 1535468089115,
    "duration": 107,
    "pid": 3152,
    "index": 39
  },
  {
    "name": "Require(33) node_modules/_egg-view@2.1.0@egg-view/app/extend/context.js",
    "start": 1535468089118,
    "end": 1535468089120,
    "duration": 2,
    "pid": 3152,
    "index": 40
  },
  {
    "name": "Require(34) node_modules/_egg@2.10.0@egg/app/extend/context.js",
    "start": 1535468089122,
    "end": 1535468089128,
    "duration": 6,
    "pid": 3152,
    "index": 41
  },
  {
    "name": "Load extend/helper.js",
    "start": 1535468089133,
    "end": 1535468089168,
    "duration": 35,
    "pid": 3152,
    "index": 42
  },
  {
    "name": "Require(35) node_modules/_egg-security@2.2.3@egg-security/app/extend/helper.js",
    "start": 1535468089133,
    "end": 1535468089160,
    "duration": 27,
    "pid": 3152,
    "index": 43
  },
  {
    "name": "Require(36) node_modules/_egg@2.10.0@egg/app/extend/helper.js",
    "start": 1535468089163,
    "end": 1535468089164,
    "duration": 1,
    "pid": 3152,
    "index": 44
  },
  {
    "name": "Load app.js",
    "start": 1535468089168,
    "end": 1535468089438,
    "duration": 270,
    "pid": 3152,
    "index": 45
  },
  {
    "name": "Require(37) node_modules/_egg-session@3.1.0@egg-session/app.js",
    "start": 1535468089169,
    "end": 1535468089169,
    "duration": 0,
    "pid": 3152,
    "index": 46
  },
  {
    "name": "Require(38) node_modules/_egg-security@2.2.3@egg-security/app.js",
    "start": 1535468089170,
    "end": 1535468089172,
    "duration": 2,
    "pid": 3152,
    "index": 47
  },
  {
    "name": "Require(39) node_modules/_egg-onerror@2.1.0@egg-onerror/app.js",
    "start": 1535468089175,
    "end": 1535468089189,
    "duration": 14,
    "pid": 3152,
    "index": 48
  },
  {
    "name": "Require(40) node_modules/_egg-i18n@2.0.0@egg-i18n/app.js",
    "start": 1535468089191,
    "end": 1535468089205,
    "duration": 14,
    "pid": 3152,
    "index": 49
  },
  {
    "name": "Require(41) node_modules/_egg-watcher@3.0.0@egg-watcher/app.js",
    "start": 1535468089210,
    "end": 1535468089216,
    "duration": 6,
    "pid": 3152,
    "index": 50
  },
  {
    "name": "Before Start in node_modules/_egg-watcher@3.0.0@egg-watcher/app.js:15:7",
    "start": 1535468089228,
    "end": 1535468089643,
    "duration": 415,
    "pid": 3152,
    "index": 51
  },
  {
    "name": "Require(42) node_modules/_egg-multipart@2.1.0@egg-multipart/app.js",
    "start": 1535468089229,
    "end": 1535468089238,
    "duration": 9,
    "pid": 3152,
    "index": 52
  },
  {
    "name": "Require(43) node_modules/_egg-development@2.4.1@egg-development/app.js",
    "start": 1535468089240,
    "end": 1535468089240,
    "duration": 0,
    "pid": 3152,
    "index": 53
  },
  {
    "name": "Require(44) node_modules/_egg-schedule@3.3.0@egg-schedule/app.js",
    "start": 1535468089241,
    "end": 1535468089243,
    "duration": 2,
    "pid": 3152,
    "index": 54
  },
  {
    "name": "Require(45) node_modules/_egg-logrotator@3.0.3@egg-logrotator/app.js",
    "start": 1535468089292,
    "end": 1535468089292,
    "duration": 0,
    "pid": 3152,
    "index": 55
  },
  {
    "name": "Require(46) node_modules/_egg-static@2.1.1@egg-static/app.js",
    "start": 1535468089293,
    "end": 1535468089293,
    "duration": 0,
    "pid": 3152,
    "index": 56
  },
  {
    "name": "Require(47) node_modules/_egg-view-ejs@2.0.0@egg-view-ejs/app.js",
    "start": 1535468089294,
    "end": 1535468089295,
    "duration": 1,
    "pid": 3152,
    "index": 57
  },
  {
    "name": "Require(48) node_modules/_egg-mysql@3.0.0@egg-mysql/app.js",
    "start": 1535468089306,
    "end": 1535468089332,
    "duration": 26,
    "pid": 3152,
    "index": 58
  },
  {
    "name": "Before Start in node_modules/_egg-mysql@3.0.0@egg-mysql/lib/mysql.js:20:7",
    "start": 1535468089436,
    "end": 1535468089647,
    "duration": 211,
    "pid": 3152,
    "index": 59
  },
  {
    "name": "Load Service",
    "start": 1535468089438,
    "end": 1535468089444,
    "duration": 6,
    "pid": 3152,
    "index": 60
  },
  {
    "name": "Load \"service\" to Context",
    "start": 1535468089438,
    "end": 1535468089444,
    "duration": 6,
    "pid": 3152,
    "index": 61
  },
  {
    "name": "Load Middleware",
    "start": 1535468089445,
    "end": 1535468089593,
    "duration": 148,
    "pid": 3152,
    "index": 62
  },
  {
    "name": "Load \"middlewares\" to Application",
    "start": 1535468089445,
    "end": 1535468089564,
    "duration": 119,
    "pid": 3152,
    "index": 63
  },
  {
    "name": "Load Controller",
    "start": 1535468089593,
    "end": 1535468089597,
    "duration": 4,
    "pid": 3152,
    "index": 64
  },
  {
    "name": "Load \"controller\" to Application",
    "start": 1535468089593,
    "end": 1535468089597,
    "duration": 4,
    "pid": 3152,
    "index": 65
  },
  {
    "name": "Load Router",
    "start": 1535468089598,
    "end": 1535468089601,
    "duration": 3,
    "pid": 3152,
    "index": 66
  },
  {
    "name": "Require(49) app/router.js",
    "start": 1535468089598,
    "end": 1535468089598,
    "duration": 0,
    "pid": 3152,
    "index": 67
  },
  {
    "name": "Before Start in node_modules/_egg-core@4.9.1@egg-core/lib/egg.js:328:10",
    "start": 1535468089599,
    "end": 1535468089624,
    "duration": 25,
    "pid": 3152,
    "index": 68
  }
]