[
  {
    "name": "Application Start",
    "start": 1535454392865,
    "end": 1535454393831,
    "duration": 966,
    "pid": 10172,
    "index": 0
  },
  {
    "name": "Load Plugin",
    "start": 1535454392873,
    "end": 1535454392915,
    "duration": 42,
    "pid": 10172,
    "index": 1
  },
  {
    "name": "Load Config",
    "start": 1535454392915,
    "end": 1535454392957,
    "duration": 42,
    "pid": 10172,
    "index": 2
  },
  {
    "name": "Require(0) config/config.default.js",
    "start": 1535454392917,
    "end": 1535454392918,
    "duration": 1,
    "pid": 10172,
    "index": 3
  },
  {
    "name": "Require(1) node_modules/_egg-session@3.1.0@egg-session/config/config.default.js",
    "start": 1535454392921,
    "end": 1535454392921,
    "duration": 0,
    "pid": 10172,
    "index": 4
  },
  {
    "name": "Require(2) node_modules/_egg-security@2.2.3@egg-security/config/config.default.js",
    "start": 1535454392925,
    "end": 1535454392926,
    "duration": 1,
    "pid": 10172,
    "index": 5
  },
  {
    "name": "Require(3) node_modules/_egg-jsonp@2.0.0@egg-jsonp/config/config.default.js",
    "start": 1535454392927,
    "end": 1535454392928,
    "duration": 1,
    "pid": 10172,
    "index": 6
  },
  {
    "name": "Require(4) node_modules/_egg-onerror@2.1.0@egg-onerror/config/config.default.js",
    "start": 1535454392929,
    "end": 1535454392929,
    "duration": 0,
    "pid": 10172,
    "index": 7
  },
  {
    "name": "Require(5) node_modules/_egg-i18n@2.0.0@egg-i18n/config/config.default.js",
    "start": 1535454392930,
    "end": 1535454392930,
    "duration": 0,
    "pid": 10172,
    "index": 8
  },
  {
    "name": "Require(6) node_modules/_egg-watcher@3.0.0@egg-watcher/config/config.default.js",
    "start": 1535454392931,
    "end": 1535454392931,
    "duration": 0,
    "pid": 10172,
    "index": 9
  },
  {
    "name": "Require(7) node_modules/_egg-multipart@2.1.0@egg-multipart/config/config.default.js",
    "start": 1535454392932,
    "end": 1535454392932,
    "duration": 0,
    "pid": 10172,
    "index": 10
  },
  {
    "name": "Require(8) node_modules/_egg-development@2.4.1@egg-development/config/config.default.js",
    "start": 1535454392933,
    "end": 1535454392934,
    "duration": 1,
    "pid": 10172,
    "index": 11
  },
  {
    "name": "Require(9) node_modules/_egg-schedule@3.3.0@egg-schedule/config/config.default.js",
    "start": 1535454392935,
    "end": 1535454392935,
    "duration": 0,
    "pid": 10172,
    "index": 12
  },
  {
    "name": "Require(10) node_modules/_egg-logrotator@3.0.3@egg-logrotator/config/config.default.js",
    "start": 1535454392936,
    "end": 1535454392937,
    "duration": 1,
    "pid": 10172,
    "index": 13
  },
  {
    "name": "Require(11) node_modules/_egg-static@2.1.1@egg-static/config/config.default.js",
    "start": 1535454392937,
    "end": 1535454392938,
    "duration": 1,
    "pid": 10172,
    "index": 14
  },
  {
    "name": "Require(12) node_modules/_egg-view@2.1.0@egg-view/config/config.default.js",
    "start": 1535454392939,
    "end": 1535454392940,
    "duration": 1,
    "pid": 10172,
    "index": 15
  },
  {
    "name": "Require(13) node_modules/_egg-view-ejs@2.0.0@egg-view-ejs/config/config.default.js",
    "start": 1535454392941,
    "end": 1535454392941,
    "duration": 0,
    "pid": 10172,
    "index": 16
  },
  {
    "name": "Require(14) node_modules/_egg-mysql@3.0.0@egg-mysql/config/config.default.js",
    "start": 1535454392942,
    "end": 1535454392943,
    "duration": 1,
    "pid": 10172,
    "index": 17
  },
  {
    "name": "Require(15) node_modules/_egg@2.10.0@egg/config/config.default.js",
    "start": 1535454392944,
    "end": 1535454392945,
    "duration": 1,
    "pid": 10172,
    "index": 18
  },
  {
    "name": "Require(16) config/config.default.js",
    "start": 1535454392948,
    "end": 1535454392948,
    "duration": 0,
    "pid": 10172,
    "index": 19
  },
  {
    "name": "Require(17) node_modules/_egg-security@2.2.3@egg-security/config/config.local.js",
    "start": 1535454392949,
    "end": 1535454392950,
    "duration": 1,
    "pid": 10172,
    "index": 20
  },
  {
    "name": "Require(18) node_modules/_egg-watcher@3.0.0@egg-watcher/config/config.local.js",
    "start": 1535454392951,
    "end": 1535454392952,
    "duration": 1,
    "pid": 10172,
    "index": 21
  },
  {
    "name": "Require(19) node_modules/_egg-view@2.1.0@egg-view/config/config.local.js",
    "start": 1535454392954,
    "end": 1535454392955,
    "duration": 1,
    "pid": 10172,
    "index": 22
  },
  {
    "name": "Require(20) node_modules/_egg-view-ejs@2.0.0@egg-view-ejs/config/config.local.js",
    "start": 1535454392955,
    "end": 1535454392956,
    "duration": 1,
    "pid": 10172,
    "index": 23
  },
  {
    "name": "Require(21) node_modules/_egg@2.10.0@egg/config/config.local.js",
    "start": 1535454392957,
    "end": 1535454392957,
    "duration": 0,
    "pid": 10172,
    "index": 24
  },
  {
    "name": "Load extend/application.js",
    "start": 1535454392959,
    "end": 1535454392985,
    "duration": 26,
    "pid": 10172,
    "index": 25
  },
  {
    "name": "Require(22) node_modules/_egg-session@3.1.0@egg-session/app/extend/application.js",
    "start": 1535454392960,
    "end": 1535454392960,
    "duration": 0,
    "pid": 10172,
    "index": 26
  },
  {
    "name": "Require(23) node_modules/_egg-security@2.2.3@egg-security/app/extend/application.js",
    "start": 1535454392961,
    "end": 1535454392963,
    "duration": 2,
    "pid": 10172,
    "index": 27
  },
  {
    "name": "Require(24) node_modules/_egg-jsonp@2.0.0@egg-jsonp/app/extend/application.js",
    "start": 1535454392963,
    "end": 1535454392966,
    "duration": 3,
    "pid": 10172,
    "index": 28
  },
  {
    "name": "Require(25) node_modules/_egg-logrotator@3.0.3@egg-logrotator/app/extend/application.js",
    "start": 1535454392969,
    "end": 1535454392974,
    "duration": 5,
    "pid": 10172,
    "index": 29
  },
  {
    "name": "Require(26) node_modules/_egg-view@2.1.0@egg-view/app/extend/application.js",
    "start": 1535454392975,
    "end": 1535454392979,
    "duration": 4,
    "pid": 10172,
    "index": 30
  },
  {
    "name": "Load extend/request.js",
    "start": 1535454392985,
    "end": 1535454392996,
    "duration": 11,
    "pid": 10172,
    "index": 31
  },
  {
    "name": "Require(27) node_modules/_egg@2.10.0@egg/app/extend/request.js",
    "start": 1535454392989,
    "end": 1535454392992,
    "duration": 3,
    "pid": 10172,
    "index": 32
  },
  {
    "name": "Load extend/response.js",
    "start": 1535454392996,
    "end": 1535454393013,
    "duration": 17,
    "pid": 10172,
    "index": 33
  },
  {
    "name": "Require(28) node_modules/_egg@2.10.0@egg/app/extend/response.js",
    "start": 1535454393003,
    "end": 1535454393008,
    "duration": 5,
    "pid": 10172,
    "index": 34
  },
  {
    "name": "Load extend/context.js",
    "start": 1535454393013,
    "end": 1535454393116,
    "duration": 103,
    "pid": 10172,
    "index": 35
  },
  {
    "name": "Require(29) node_modules/_egg-security@2.2.3@egg-security/app/extend/context.js",
    "start": 1535454393014,
    "end": 1535454393035,
    "duration": 21,
    "pid": 10172,
    "index": 36
  },
  {
    "name": "Require(30) node_modules/_egg-jsonp@2.0.0@egg-jsonp/app/extend/context.js",
    "start": 1535454393036,
    "end": 1535454393038,
    "duration": 2,
    "pid": 10172,
    "index": 37
  },
  {
    "name": "Require(31) node_modules/_egg-i18n@2.0.0@egg-i18n/app/extend/context.js",
    "start": 1535454393039,
    "end": 1535454393040,
    "duration": 1,
    "pid": 10172,
    "index": 38
  },
  {
    "name": "Require(32) node_modules/_egg-multipart@2.1.0@egg-multipart/app/extend/context.js",
    "start": 1535454393040,
    "end": 1535454393104,
    "duration": 64,
    "pid": 10172,
    "index": 39
  },
  {
    "name": "Require(33) node_modules/_egg-view@2.1.0@egg-view/app/extend/context.js",
    "start": 1535454393105,
    "end": 1535454393107,
    "duration": 2,
    "pid": 10172,
    "index": 40
  },
  {
    "name": "Require(34) node_modules/_egg@2.10.0@egg/app/extend/context.js",
    "start": 1535454393109,
    "end": 1535454393111,
    "duration": 2,
    "pid": 10172,
    "index": 41
  },
  {
    "name": "Load extend/helper.js",
    "start": 1535454393116,
    "end": 1535454393155,
    "duration": 39,
    "pid": 10172,
    "index": 42
  },
  {
    "name": "Require(35) node_modules/_egg-security@2.2.3@egg-security/app/extend/helper.js",
    "start": 1535454393117,
    "end": 1535454393144,
    "duration": 27,
    "pid": 10172,
    "index": 43
  },
  {
    "name": "Require(36) node_modules/_egg@2.10.0@egg/app/extend/helper.js",
    "start": 1535454393148,
    "end": 1535454393148,
    "duration": 0,
    "pid": 10172,
    "index": 44
  },
  {
    "name": "Load app.js",
    "start": 1535454393155,
    "end": 1535454393556,
    "duration": 401,
    "pid": 10172,
    "index": 45
  },
  {
    "name": "Require(37) node_modules/_egg-session@3.1.0@egg-session/app.js",
    "start": 1535454393156,
    "end": 1535454393157,
    "duration": 1,
    "pid": 10172,
    "index": 46
  },
  {
    "name": "Require(38) node_modules/_egg-security@2.2.3@egg-security/app.js",
    "start": 1535454393158,
    "end": 1535454393162,
    "duration": 4,
    "pid": 10172,
    "index": 47
  },
  {
    "name": "Require(39) node_modules/_egg-onerror@2.1.0@egg-onerror/app.js",
    "start": 1535454393163,
    "end": 1535454393178,
    "duration": 15,
    "pid": 10172,
    "index": 48
  },
  {
    "name": "Require(40) node_modules/_egg-i18n@2.0.0@egg-i18n/app.js",
    "start": 1535454393180,
    "end": 1535454393194,
    "duration": 14,
    "pid": 10172,
    "index": 49
  },
  {
    "name": "Require(41) node_modules/_egg-watcher@3.0.0@egg-watcher/app.js",
    "start": 1535454393207,
    "end": 1535454393213,
    "duration": 6,
    "pid": 10172,
    "index": 50
  },
  {
    "name": "Before Start in node_modules/_egg-watcher@3.0.0@egg-watcher/app.js:15:7",
    "start": 1535454393238,
    "end": 1535454393827,
    "duration": 589,
    "pid": 10172,
    "index": 51
  },
  {
    "name": "Require(42) node_modules/_egg-multipart@2.1.0@egg-multipart/app.js",
    "start": 1535454393240,
    "end": 1535454393247,
    "duration": 7,
    "pid": 10172,
    "index": 52
  },
  {
    "name": "Require(43) node_modules/_egg-development@2.4.1@egg-development/app.js",
    "start": 1535454393248,
    "end": 1535454393249,
    "duration": 1,
    "pid": 10172,
    "index": 53
  },
  {
    "name": "Require(44) node_modules/_egg-schedule@3.3.0@egg-schedule/app.js",
    "start": 1535454393249,
    "end": 1535454393253,
    "duration": 4,
    "pid": 10172,
    "index": 54
  },
  {
    "name": "Require(45) node_modules/_egg-logrotator@3.0.3@egg-logrotator/app.js",
    "start": 1535454393313,
    "end": 1535454393316,
    "duration": 3,
    "pid": 10172,
    "index": 55
  },
  {
    "name": "Require(46) node_modules/_egg-static@2.1.1@egg-static/app.js",
    "start": 1535454393318,
    "end": 1535454393319,
    "duration": 1,
    "pid": 10172,
    "index": 56
  },
  {
    "name": "Require(47) node_modules/_egg-view-ejs@2.0.0@egg-view-ejs/app.js",
    "start": 1535454393324,
    "end": 1535454393325,
    "duration": 1,
    "pid": 10172,
    "index": 57
  },
  {
    "name": "Require(48) node_modules/_egg-mysql@3.0.0@egg-mysql/app.js",
    "start": 1535454393336,
    "end": 1535454393374,
    "duration": 38,
    "pid": 10172,
    "index": 58
  },
  {
    "name": "Before Start in node_modules/_egg-mysql@3.0.0@egg-mysql/lib/mysql.js:20:7",
    "start": 1535454393553,
    "end": 1535454393831,
    "duration": 278,
    "pid": 10172,
    "index": 59
  },
  {
    "name": "Load Service",
    "start": 1535454393557,
    "end": 1535454393568,
    "duration": 11,
    "pid": 10172,
    "index": 60
  },
  {
    "name": "Load \"service\" to Context",
    "start": 1535454393557,
    "end": 1535454393568,
    "duration": 11,
    "pid": 10172,
    "index": 61
  },
  {
    "name": "Load Middleware",
    "start": 1535454393568,
    "end": 1535454393761,
    "duration": 193,
    "pid": 10172,
    "index": 62
  },
  {
    "name": "Load \"middlewares\" to Application",
    "start": 1535454393569,
    "end": 1535454393736,
    "duration": 167,
    "pid": 10172,
    "index": 63
  },
  {
    "name": "Load Controller",
    "start": 1535454393762,
    "end": 1535454393766,
    "duration": 4,
    "pid": 10172,
    "index": 64
  },
  {
    "name": "Load \"controller\" to Application",
    "start": 1535454393762,
    "end": 1535454393766,
    "duration": 4,
    "pid": 10172,
    "index": 65
  },
  {
    "name": "Load Router",
    "start": 1535454393766,
    "end": 1535454393771,
    "duration": 5,
    "pid": 10172,
    "index": 66
  },
  {
    "name": "Require(49) app/router.js",
    "start": 1535454393767,
    "end": 1535454393768,
    "duration": 1,
    "pid": 10172,
    "index": 67
  },
  {
    "name": "Before Start in node_modules/_egg-core@4.9.1@egg-core/lib/egg.js:328:10",
    "start": 1535454393768,
    "end": 1535454393798,
    "duration": 30,
    "pid": 10172,
    "index": 68
  }
]