[
  {
    "name": "Application Start",
    "start": 1535451903088,
    "end": 1535451903995,
    "duration": 907,
    "pid": 4384,
    "index": 0
  },
  {
    "name": "Load Plugin",
    "start": 1535451903095,
    "end": 1535451903128,
    "duration": 33,
    "pid": 4384,
    "index": 1
  },
  {
    "name": "Load Config",
    "start": 1535451903128,
    "end": 1535451903160,
    "duration": 32,
    "pid": 4384,
    "index": 2
  },
  {
    "name": "Require(0) config/config.default.js",
    "start": 1535451903129,
    "end": 1535451903130,
    "duration": 1,
    "pid": 4384,
    "index": 3
  },
  {
    "name": "Require(1) node_modules/_egg-session@3.1.0@egg-session/config/config.default.js",
    "start": 1535451903132,
    "end": 1535451903132,
    "duration": 0,
    "pid": 4384,
    "index": 4
  },
  {
    "name": "Require(2) node_modules/_egg-security@2.2.3@egg-security/config/config.default.js",
    "start": 1535451903133,
    "end": 1535451903134,
    "duration": 1,
    "pid": 4384,
    "index": 5
  },
  {
    "name": "Require(3) node_modules/_egg-jsonp@2.0.0@egg-jsonp/config/config.default.js",
    "start": 1535451903135,
    "end": 1535451903135,
    "duration": 0,
    "pid": 4384,
    "index": 6
  },
  {
    "name": "Require(4) node_modules/_egg-onerror@2.1.0@egg-onerror/config/config.default.js",
    "start": 1535451903136,
    "end": 1535451903136,
    "duration": 0,
    "pid": 4384,
    "index": 7
  },
  {
    "name": "Require(5) node_modules/_egg-i18n@2.0.0@egg-i18n/config/config.default.js",
    "start": 1535451903137,
    "end": 1535451903138,
    "duration": 1,
    "pid": 4384,
    "index": 8
  },
  {
    "name": "Require(6) node_modules/_egg-watcher@3.0.0@egg-watcher/config/config.default.js",
    "start": 1535451903139,
    "end": 1535451903140,
    "duration": 1,
    "pid": 4384,
    "index": 9
  },
  {
    "name": "Require(7) node_modules/_egg-multipart@2.1.0@egg-multipart/config/config.default.js",
    "start": 1535451903140,
    "end": 1535451903141,
    "duration": 1,
    "pid": 4384,
    "index": 10
  },
  {
    "name": "Require(8) node_modules/_egg-development@2.4.1@egg-development/config/config.default.js",
    "start": 1535451903142,
    "end": 1535451903142,
    "duration": 0,
    "pid": 4384,
    "index": 11
  },
  {
    "name": "Require(9) node_modules/_egg-schedule@3.3.0@egg-schedule/config/config.default.js",
    "start": 1535451903143,
    "end": 1535451903143,
    "duration": 0,
    "pid": 4384,
    "index": 12
  },
  {
    "name": "Require(10) node_modules/_egg-logrotator@3.0.3@egg-logrotator/config/config.default.js",
    "start": 1535451903144,
    "end": 1535451903144,
    "duration": 0,
    "pid": 4384,
    "index": 13
  },
  {
    "name": "Require(11) node_modules/_egg-static@2.1.1@egg-static/config/config.default.js",
    "start": 1535451903145,
    "end": 1535451903146,
    "duration": 1,
    "pid": 4384,
    "index": 14
  },
  {
    "name": "Require(12) node_modules/_egg-view@2.1.0@egg-view/config/config.default.js",
    "start": 1535451903147,
    "end": 1535451903147,
    "duration": 0,
    "pid": 4384,
    "index": 15
  },
  {
    "name": "Require(13) node_modules/_egg-view-ejs@2.0.0@egg-view-ejs/config/config.default.js",
    "start": 1535451903148,
    "end": 1535451903148,
    "duration": 0,
    "pid": 4384,
    "index": 16
  },
  {
    "name": "Require(14) node_modules/_egg-mysql@3.0.0@egg-mysql/config/config.default.js",
    "start": 1535451903149,
    "end": 1535451903149,
    "duration": 0,
    "pid": 4384,
    "index": 17
  },
  {
    "name": "Require(15) node_modules/_egg@2.10.0@egg/config/config.default.js",
    "start": 1535451903150,
    "end": 1535451903151,
    "duration": 1,
    "pid": 4384,
    "index": 18
  },
  {
    "name": "Require(16) config/config.default.js",
    "start": 1535451903153,
    "end": 1535451903153,
    "duration": 0,
    "pid": 4384,
    "index": 19
  },
  {
    "name": "Require(17) node_modules/_egg-security@2.2.3@egg-security/config/config.local.js",
    "start": 1535451903154,
    "end": 1535451903154,
    "duration": 0,
    "pid": 4384,
    "index": 20
  },
  {
    "name": "Require(18) node_modules/_egg-watcher@3.0.0@egg-watcher/config/config.local.js",
    "start": 1535451903155,
    "end": 1535451903156,
    "duration": 1,
    "pid": 4384,
    "index": 21
  },
  {
    "name": "Require(19) node_modules/_egg-view@2.1.0@egg-view/config/config.local.js",
    "start": 1535451903158,
    "end": 1535451903158,
    "duration": 0,
    "pid": 4384,
    "index": 22
  },
  {
    "name": "Require(20) node_modules/_egg-view-ejs@2.0.0@egg-view-ejs/config/config.local.js",
    "start": 1535451903158,
    "end": 1535451903159,
    "duration": 1,
    "pid": 4384,
    "index": 23
  },
  {
    "name": "Require(21) node_modules/_egg@2.10.0@egg/config/config.local.js",
    "start": 1535451903159,
    "end": 1535451903160,
    "duration": 1,
    "pid": 4384,
    "index": 24
  },
  {
    "name": "Load extend/application.js",
    "start": 1535451903162,
    "end": 1535451903194,
    "duration": 32,
    "pid": 4384,
    "index": 25
  },
  {
    "name": "Require(22) node_modules/_egg-session@3.1.0@egg-session/app/extend/application.js",
    "start": 1535451903163,
    "end": 1535451903164,
    "duration": 1,
    "pid": 4384,
    "index": 26
  },
  {
    "name": "Require(23) node_modules/_egg-security@2.2.3@egg-security/app/extend/application.js",
    "start": 1535451903164,
    "end": 1535451903166,
    "duration": 2,
    "pid": 4384,
    "index": 27
  },
  {
    "name": "Require(24) node_modules/_egg-jsonp@2.0.0@egg-jsonp/app/extend/application.js",
    "start": 1535451903167,
    "end": 1535451903172,
    "duration": 5,
    "pid": 4384,
    "index": 28
  },
  {
    "name": "Require(25) node_modules/_egg-logrotator@3.0.3@egg-logrotator/app/extend/application.js",
    "start": 1535451903178,
    "end": 1535451903185,
    "duration": 7,
    "pid": 4384,
    "index": 29
  },
  {
    "name": "Require(26) node_modules/_egg-view@2.1.0@egg-view/app/extend/application.js",
    "start": 1535451903186,
    "end": 1535451903189,
    "duration": 3,
    "pid": 4384,
    "index": 30
  },
  {
    "name": "Load extend/request.js",
    "start": 1535451903194,
    "end": 1535451903225,
    "duration": 31,
    "pid": 4384,
    "index": 31
  },
  {
    "name": "Require(27) node_modules/_egg@2.10.0@egg/app/extend/request.js",
    "start": 1535451903211,
    "end": 1535451903214,
    "duration": 3,
    "pid": 4384,
    "index": 32
  },
  {
    "name": "Load extend/response.js",
    "start": 1535451903225,
    "end": 1535451903241,
    "duration": 16,
    "pid": 4384,
    "index": 33
  },
  {
    "name": "Require(28) node_modules/_egg@2.10.0@egg/app/extend/response.js",
    "start": 1535451903233,
    "end": 1535451903237,
    "duration": 4,
    "pid": 4384,
    "index": 34
  },
  {
    "name": "Load extend/context.js",
    "start": 1535451903241,
    "end": 1535451903329,
    "duration": 88,
    "pid": 4384,
    "index": 35
  },
  {
    "name": "Require(29) node_modules/_egg-security@2.2.3@egg-security/app/extend/context.js",
    "start": 1535451903242,
    "end": 1535451903262,
    "duration": 20,
    "pid": 4384,
    "index": 36
  },
  {
    "name": "Require(30) node_modules/_egg-jsonp@2.0.0@egg-jsonp/app/extend/context.js",
    "start": 1535451903262,
    "end": 1535451903264,
    "duration": 2,
    "pid": 4384,
    "index": 37
  },
  {
    "name": "Require(31) node_modules/_egg-i18n@2.0.0@egg-i18n/app/extend/context.js",
    "start": 1535451903265,
    "end": 1535451903266,
    "duration": 1,
    "pid": 4384,
    "index": 38
  },
  {
    "name": "Require(32) node_modules/_egg-multipart@2.1.0@egg-multipart/app/extend/context.js",
    "start": 1535451903267,
    "end": 1535451903319,
    "duration": 52,
    "pid": 4384,
    "index": 39
  },
  {
    "name": "Require(33) node_modules/_egg-view@2.1.0@egg-view/app/extend/context.js",
    "start": 1535451903320,
    "end": 1535451903321,
    "duration": 1,
    "pid": 4384,
    "index": 40
  },
  {
    "name": "Require(34) node_modules/_egg@2.10.0@egg/app/extend/context.js",
    "start": 1535451903322,
    "end": 1535451903324,
    "duration": 2,
    "pid": 4384,
    "index": 41
  },
  {
    "name": "Load extend/helper.js",
    "start": 1535451903330,
    "end": 1535451903391,
    "duration": 61,
    "pid": 4384,
    "index": 42
  },
  {
    "name": "Require(35) node_modules/_egg-security@2.2.3@egg-security/app/extend/helper.js",
    "start": 1535451903330,
    "end": 1535451903374,
    "duration": 44,
    "pid": 4384,
    "index": 43
  },
  {
    "name": "Require(36) node_modules/_egg@2.10.0@egg/app/extend/helper.js",
    "start": 1535451903379,
    "end": 1535451903379,
    "duration": 0,
    "pid": 4384,
    "index": 44
  },
  {
    "name": "Load app.js",
    "start": 1535451903391,
    "end": 1535451903767,
    "duration": 376,
    "pid": 4384,
    "index": 45
  },
  {
    "name": "Require(37) node_modules/_egg-session@3.1.0@egg-session/app.js",
    "start": 1535451903392,
    "end": 1535451903392,
    "duration": 0,
    "pid": 4384,
    "index": 46
  },
  {
    "name": "Require(38) node_modules/_egg-security@2.2.3@egg-security/app.js",
    "start": 1535451903393,
    "end": 1535451903396,
    "duration": 3,
    "pid": 4384,
    "index": 47
  },
  {
    "name": "Require(39) node_modules/_egg-onerror@2.1.0@egg-onerror/app.js",
    "start": 1535451903398,
    "end": 1535451903415,
    "duration": 17,
    "pid": 4384,
    "index": 48
  },
  {
    "name": "Require(40) node_modules/_egg-i18n@2.0.0@egg-i18n/app.js",
    "start": 1535451903418,
    "end": 1535451903431,
    "duration": 13,
    "pid": 4384,
    "index": 49
  },
  {
    "name": "Require(41) node_modules/_egg-watcher@3.0.0@egg-watcher/app.js",
    "start": 1535451903436,
    "end": 1535451903442,
    "duration": 6,
    "pid": 4384,
    "index": 50
  },
  {
    "name": "Before Start in node_modules/_egg-watcher@3.0.0@egg-watcher/app.js:15:7",
    "start": 1535451903454,
    "end": 1535451903991,
    "duration": 537,
    "pid": 4384,
    "index": 51
  },
  {
    "name": "Require(42) node_modules/_egg-multipart@2.1.0@egg-multipart/app.js",
    "start": 1535451903456,
    "end": 1535451903460,
    "duration": 4,
    "pid": 4384,
    "index": 52
  },
  {
    "name": "Require(43) node_modules/_egg-development@2.4.1@egg-development/app.js",
    "start": 1535451903462,
    "end": 1535451903463,
    "duration": 1,
    "pid": 4384,
    "index": 53
  },
  {
    "name": "Require(44) node_modules/_egg-schedule@3.3.0@egg-schedule/app.js",
    "start": 1535451903464,
    "end": 1535451903469,
    "duration": 5,
    "pid": 4384,
    "index": 54
  },
  {
    "name": "Require(45) node_modules/_egg-logrotator@3.0.3@egg-logrotator/app.js",
    "start": 1535451903566,
    "end": 1535451903567,
    "duration": 1,
    "pid": 4384,
    "index": 55
  },
  {
    "name": "Require(46) node_modules/_egg-static@2.1.1@egg-static/app.js",
    "start": 1535451903568,
    "end": 1535451903568,
    "duration": 0,
    "pid": 4384,
    "index": 56
  },
  {
    "name": "Require(47) node_modules/_egg-view-ejs@2.0.0@egg-view-ejs/app.js",
    "start": 1535451903570,
    "end": 1535451903570,
    "duration": 0,
    "pid": 4384,
    "index": 57
  },
  {
    "name": "Require(48) node_modules/_egg-mysql@3.0.0@egg-mysql/app.js",
    "start": 1535451903580,
    "end": 1535451903610,
    "duration": 30,
    "pid": 4384,
    "index": 58
  },
  {
    "name": "Before Start in node_modules/_egg-mysql@3.0.0@egg-mysql/lib/mysql.js:20:7",
    "start": 1535451903764,
    "end": 1535451903994,
    "duration": 230,
    "pid": 4384,
    "index": 59
  },
  {
    "name": "Load Service",
    "start": 1535451903767,
    "end": 1535451903777,
    "duration": 10,
    "pid": 4384,
    "index": 60
  },
  {
    "name": "Load \"service\" to Context",
    "start": 1535451903767,
    "end": 1535451903777,
    "duration": 10,
    "pid": 4384,
    "index": 61
  },
  {
    "name": "Load Middleware",
    "start": 1535451903778,
    "end": 1535451903943,
    "duration": 165,
    "pid": 4384,
    "index": 62
  },
  {
    "name": "Load \"middlewares\" to Application",
    "start": 1535451903778,
    "end": 1535451903926,
    "duration": 148,
    "pid": 4384,
    "index": 63
  },
  {
    "name": "Load Controller",
    "start": 1535451903943,
    "end": 1535451903946,
    "duration": 3,
    "pid": 4384,
    "index": 64
  },
  {
    "name": "Load \"controller\" to Application",
    "start": 1535451903943,
    "end": 1535451903946,
    "duration": 3,
    "pid": 4384,
    "index": 65
  },
  {
    "name": "Load Router",
    "start": 1535451903946,
    "end": 1535451903950,
    "duration": 4,
    "pid": 4384,
    "index": 66
  },
  {
    "name": "Require(49) app/router.js",
    "start": 1535451903947,
    "end": 1535451903947,
    "duration": 0,
    "pid": 4384,
    "index": 67
  },
  {
    "name": "Before Start in node_modules/_egg-core@4.9.1@egg-core/lib/egg.js:328:10",
    "start": 1535451903947,
    "end": 1535451903971,
    "duration": 24,
    "pid": 4384,
    "index": 68
  }
]