[
  {
    "name": "Application Start",
    "start": 1535453678064,
    "end": 1535453678789,
    "duration": 725,
    "pid": 12524,
    "index": 0
  },
  {
    "name": "Load Plugin",
    "start": 1535453678072,
    "end": 1535453678116,
    "duration": 44,
    "pid": 12524,
    "index": 1
  },
  {
    "name": "Load Config",
    "start": 1535453678117,
    "end": 1535453678152,
    "duration": 35,
    "pid": 12524,
    "index": 2
  },
  {
    "name": "Require(0) config/config.default.js",
    "start": 1535453678118,
    "end": 1535453678118,
    "duration": 0,
    "pid": 12524,
    "index": 3
  },
  {
    "name": "Require(1) node_modules/_egg-session@3.1.0@egg-session/config/config.default.js",
    "start": 1535453678120,
    "end": 1535453678120,
    "duration": 0,
    "pid": 12524,
    "index": 4
  },
  {
    "name": "Require(2) node_modules/_egg-security@2.2.3@egg-security/config/config.default.js",
    "start": 1535453678121,
    "end": 1535453678122,
    "duration": 1,
    "pid": 12524,
    "index": 5
  },
  {
    "name": "Require(3) node_modules/_egg-jsonp@2.0.0@egg-jsonp/config/config.default.js",
    "start": 1535453678123,
    "end": 1535453678123,
    "duration": 0,
    "pid": 12524,
    "index": 6
  },
  {
    "name": "Require(4) node_modules/_egg-onerror@2.1.0@egg-onerror/config/config.default.js",
    "start": 1535453678124,
    "end": 1535453678125,
    "duration": 1,
    "pid": 12524,
    "index": 7
  },
  {
    "name": "Require(5) node_modules/_egg-i18n@2.0.0@egg-i18n/config/config.default.js",
    "start": 1535453678125,
    "end": 1535453678126,
    "duration": 1,
    "pid": 12524,
    "index": 8
  },
  {
    "name": "Require(6) node_modules/_egg-watcher@3.0.0@egg-watcher/config/config.default.js",
    "start": 1535453678127,
    "end": 1535453678127,
    "duration": 0,
    "pid": 12524,
    "index": 9
  },
  {
    "name": "Require(7) node_modules/_egg-multipart@2.1.0@egg-multipart/config/config.default.js",
    "start": 1535453678128,
    "end": 1535453678128,
    "duration": 0,
    "pid": 12524,
    "index": 10
  },
  {
    "name": "Require(8) node_modules/_egg-development@2.4.1@egg-development/config/config.default.js",
    "start": 1535453678129,
    "end": 1535453678129,
    "duration": 0,
    "pid": 12524,
    "index": 11
  },
  {
    "name": "Require(9) node_modules/_egg-schedule@3.3.0@egg-schedule/config/config.default.js",
    "start": 1535453678130,
    "end": 1535453678130,
    "duration": 0,
    "pid": 12524,
    "index": 12
  },
  {
    "name": "Require(10) node_modules/_egg-logrotator@3.0.3@egg-logrotator/config/config.default.js",
    "start": 1535453678131,
    "end": 1535453678131,
    "duration": 0,
    "pid": 12524,
    "index": 13
  },
  {
    "name": "Require(11) node_modules/_egg-static@2.1.1@egg-static/config/config.default.js",
    "start": 1535453678132,
    "end": 1535453678132,
    "duration": 0,
    "pid": 12524,
    "index": 14
  },
  {
    "name": "Require(12) node_modules/_egg-view@2.1.0@egg-view/config/config.default.js",
    "start": 1535453678133,
    "end": 1535453678134,
    "duration": 1,
    "pid": 12524,
    "index": 15
  },
  {
    "name": "Require(13) node_modules/_egg-view-ejs@2.0.0@egg-view-ejs/config/config.default.js",
    "start": 1535453678135,
    "end": 1535453678135,
    "duration": 0,
    "pid": 12524,
    "index": 16
  },
  {
    "name": "Require(14) node_modules/_egg-mysql@3.0.0@egg-mysql/config/config.default.js",
    "start": 1535453678136,
    "end": 1535453678136,
    "duration": 0,
    "pid": 12524,
    "index": 17
  },
  {
    "name": "Require(15) node_modules/_egg@2.10.0@egg/config/config.default.js",
    "start": 1535453678137,
    "end": 1535453678137,
    "duration": 0,
    "pid": 12524,
    "index": 18
  },
  {
    "name": "Require(16) config/config.default.js",
    "start": 1535453678140,
    "end": 1535453678140,
    "duration": 0,
    "pid": 12524,
    "index": 19
  },
  {
    "name": "Require(17) node_modules/_egg-security@2.2.3@egg-security/config/config.local.js",
    "start": 1535453678146,
    "end": 1535453678146,
    "duration": 0,
    "pid": 12524,
    "index": 20
  },
  {
    "name": "Require(18) node_modules/_egg-watcher@3.0.0@egg-watcher/config/config.local.js",
    "start": 1535453678148,
    "end": 1535453678148,
    "duration": 0,
    "pid": 12524,
    "index": 21
  },
  {
    "name": "Require(19) node_modules/_egg-view@2.1.0@egg-view/config/config.local.js",
    "start": 1535453678150,
    "end": 1535453678151,
    "duration": 1,
    "pid": 12524,
    "index": 22
  },
  {
    "name": "Require(20) node_modules/_egg-view-ejs@2.0.0@egg-view-ejs/config/config.local.js",
    "start": 1535453678151,
    "end": 1535453678151,
    "duration": 0,
    "pid": 12524,
    "index": 23
  },
  {
    "name": "Require(21) node_modules/_egg@2.10.0@egg/config/config.local.js",
    "start": 1535453678152,
    "end": 1535453678152,
    "duration": 0,
    "pid": 12524,
    "index": 24
  },
  {
    "name": "Load extend/application.js",
    "start": 1535453678154,
    "end": 1535453678176,
    "duration": 22,
    "pid": 12524,
    "index": 25
  },
  {
    "name": "Require(22) node_modules/_egg-session@3.1.0@egg-session/app/extend/application.js",
    "start": 1535453678155,
    "end": 1535453678156,
    "duration": 1,
    "pid": 12524,
    "index": 26
  },
  {
    "name": "Require(23) node_modules/_egg-security@2.2.3@egg-security/app/extend/application.js",
    "start": 1535453678157,
    "end": 1535453678158,
    "duration": 1,
    "pid": 12524,
    "index": 27
  },
  {
    "name": "Require(24) node_modules/_egg-jsonp@2.0.0@egg-jsonp/app/extend/application.js",
    "start": 1535453678159,
    "end": 1535453678161,
    "duration": 2,
    "pid": 12524,
    "index": 28
  },
  {
    "name": "Require(25) node_modules/_egg-logrotator@3.0.3@egg-logrotator/app/extend/application.js",
    "start": 1535453678163,
    "end": 1535453678167,
    "duration": 4,
    "pid": 12524,
    "index": 29
  },
  {
    "name": "Require(26) node_modules/_egg-view@2.1.0@egg-view/app/extend/application.js",
    "start": 1535453678168,
    "end": 1535453678171,
    "duration": 3,
    "pid": 12524,
    "index": 30
  },
  {
    "name": "Load extend/request.js",
    "start": 1535453678176,
    "end": 1535453678187,
    "duration": 11,
    "pid": 12524,
    "index": 31
  },
  {
    "name": "Require(27) node_modules/_egg@2.10.0@egg/app/extend/request.js",
    "start": 1535453678180,
    "end": 1535453678182,
    "duration": 2,
    "pid": 12524,
    "index": 32
  },
  {
    "name": "Load extend/response.js",
    "start": 1535453678187,
    "end": 1535453678201,
    "duration": 14,
    "pid": 12524,
    "index": 33
  },
  {
    "name": "Require(28) node_modules/_egg@2.10.0@egg/app/extend/response.js",
    "start": 1535453678191,
    "end": 1535453678194,
    "duration": 3,
    "pid": 12524,
    "index": 34
  },
  {
    "name": "Load extend/context.js",
    "start": 1535453678201,
    "end": 1535453678291,
    "duration": 90,
    "pid": 12524,
    "index": 35
  },
  {
    "name": "Require(29) node_modules/_egg-security@2.2.3@egg-security/app/extend/context.js",
    "start": 1535453678202,
    "end": 1535453678221,
    "duration": 19,
    "pid": 12524,
    "index": 36
  },
  {
    "name": "Require(30) node_modules/_egg-jsonp@2.0.0@egg-jsonp/app/extend/context.js",
    "start": 1535453678222,
    "end": 1535453678224,
    "duration": 2,
    "pid": 12524,
    "index": 37
  },
  {
    "name": "Require(31) node_modules/_egg-i18n@2.0.0@egg-i18n/app/extend/context.js",
    "start": 1535453678225,
    "end": 1535453678225,
    "duration": 0,
    "pid": 12524,
    "index": 38
  },
  {
    "name": "Require(32) node_modules/_egg-multipart@2.1.0@egg-multipart/app/extend/context.js",
    "start": 1535453678226,
    "end": 1535453678280,
    "duration": 54,
    "pid": 12524,
    "index": 39
  },
  {
    "name": "Require(33) node_modules/_egg-view@2.1.0@egg-view/app/extend/context.js",
    "start": 1535453678281,
    "end": 1535453678283,
    "duration": 2,
    "pid": 12524,
    "index": 40
  },
  {
    "name": "Require(34) node_modules/_egg@2.10.0@egg/app/extend/context.js",
    "start": 1535453678284,
    "end": 1535453678286,
    "duration": 2,
    "pid": 12524,
    "index": 41
  },
  {
    "name": "Load extend/helper.js",
    "start": 1535453678291,
    "end": 1535453678326,
    "duration": 35,
    "pid": 12524,
    "index": 42
  },
  {
    "name": "Require(35) node_modules/_egg-security@2.2.3@egg-security/app/extend/helper.js",
    "start": 1535453678292,
    "end": 1535453678318,
    "duration": 26,
    "pid": 12524,
    "index": 43
  },
  {
    "name": "Require(36) node_modules/_egg@2.10.0@egg/app/extend/helper.js",
    "start": 1535453678321,
    "end": 1535453678322,
    "duration": 1,
    "pid": 12524,
    "index": 44
  },
  {
    "name": "Load app.js",
    "start": 1535453678326,
    "end": 1535453678608,
    "duration": 282,
    "pid": 12524,
    "index": 45
  },
  {
    "name": "Require(37) node_modules/_egg-session@3.1.0@egg-session/app.js",
    "start": 1535453678327,
    "end": 1535453678327,
    "duration": 0,
    "pid": 12524,
    "index": 46
  },
  {
    "name": "Require(38) node_modules/_egg-security@2.2.3@egg-security/app.js",
    "start": 1535453678328,
    "end": 1535453678332,
    "duration": 4,
    "pid": 12524,
    "index": 47
  },
  {
    "name": "Require(39) node_modules/_egg-onerror@2.1.0@egg-onerror/app.js",
    "start": 1535453678334,
    "end": 1535453678350,
    "duration": 16,
    "pid": 12524,
    "index": 48
  },
  {
    "name": "Require(40) node_modules/_egg-i18n@2.0.0@egg-i18n/app.js",
    "start": 1535453678351,
    "end": 1535453678365,
    "duration": 14,
    "pid": 12524,
    "index": 49
  },
  {
    "name": "Require(41) node_modules/_egg-watcher@3.0.0@egg-watcher/app.js",
    "start": 1535453678369,
    "end": 1535453678375,
    "duration": 6,
    "pid": 12524,
    "index": 50
  },
  {
    "name": "Before Start in node_modules/_egg-watcher@3.0.0@egg-watcher/app.js:15:7",
    "start": 1535453678385,
    "end": 1535453678780,
    "duration": 395,
    "pid": 12524,
    "index": 51
  },
  {
    "name": "Require(42) node_modules/_egg-multipart@2.1.0@egg-multipart/app.js",
    "start": 1535453678387,
    "end": 1535453678392,
    "duration": 5,
    "pid": 12524,
    "index": 52
  },
  {
    "name": "Require(43) node_modules/_egg-development@2.4.1@egg-development/app.js",
    "start": 1535453678393,
    "end": 1535453678393,
    "duration": 0,
    "pid": 12524,
    "index": 53
  },
  {
    "name": "Require(44) node_modules/_egg-schedule@3.3.0@egg-schedule/app.js",
    "start": 1535453678394,
    "end": 1535453678397,
    "duration": 3,
    "pid": 12524,
    "index": 54
  },
  {
    "name": "Require(45) node_modules/_egg-logrotator@3.0.3@egg-logrotator/app.js",
    "start": 1535453678463,
    "end": 1535453678464,
    "duration": 1,
    "pid": 12524,
    "index": 55
  },
  {
    "name": "Require(46) node_modules/_egg-static@2.1.1@egg-static/app.js",
    "start": 1535453678465,
    "end": 1535453678465,
    "duration": 0,
    "pid": 12524,
    "index": 56
  },
  {
    "name": "Require(47) node_modules/_egg-view-ejs@2.0.0@egg-view-ejs/app.js",
    "start": 1535453678466,
    "end": 1535453678466,
    "duration": 0,
    "pid": 12524,
    "index": 57
  },
  {
    "name": "Require(48) node_modules/_egg-mysql@3.0.0@egg-mysql/app.js",
    "start": 1535453678474,
    "end": 1535453678501,
    "duration": 27,
    "pid": 12524,
    "index": 58
  },
  {
    "name": "Before Start in node_modules/_egg-mysql@3.0.0@egg-mysql/lib/mysql.js:20:7",
    "start": 1535453678605,
    "end": 1535453678789,
    "duration": 184,
    "pid": 12524,
    "index": 59
  },
  {
    "name": "Load Service",
    "start": 1535453678608,
    "end": 1535453678614,
    "duration": 6,
    "pid": 12524,
    "index": 60
  },
  {
    "name": "Load \"service\" to Context",
    "start": 1535453678608,
    "end": 1535453678614,
    "duration": 6,
    "pid": 12524,
    "index": 61
  },
  {
    "name": "Load Middleware",
    "start": 1535453678614,
    "end": 1535453678743,
    "duration": 129,
    "pid": 12524,
    "index": 62
  },
  {
    "name": "Load \"middlewares\" to Application",
    "start": 1535453678615,
    "end": 1535453678727,
    "duration": 112,
    "pid": 12524,
    "index": 63
  },
  {
    "name": "Load Controller",
    "start": 1535453678743,
    "end": 1535453678746,
    "duration": 3,
    "pid": 12524,
    "index": 64
  },
  {
    "name": "Load \"controller\" to Application",
    "start": 1535453678743,
    "end": 1535453678746,
    "duration": 3,
    "pid": 12524,
    "index": 65
  },
  {
    "name": "Load Router",
    "start": 1535453678746,
    "end": 1535453678750,
    "duration": 4,
    "pid": 12524,
    "index": 66
  },
  {
    "name": "Require(49) app/router.js",
    "start": 1535453678747,
    "end": 1535453678747,
    "duration": 0,
    "pid": 12524,
    "index": 67
  },
  {
    "name": "Before Start in node_modules/_egg-core@4.9.1@egg-core/lib/egg.js:328:10",
    "start": 1535453678747,
    "end": 1535453678766,
    "duration": 19,
    "pid": 12524,
    "index": 68
  }
]