[
  {
    "name": "Application Start",
    "start": 1535452623641,
    "end": 1535452624437,
    "duration": 796,
    "pid": 14428,
    "index": 0
  },
  {
    "name": "Load Plugin",
    "start": 1535452623648,
    "end": 1535452623689,
    "duration": 41,
    "pid": 14428,
    "index": 1
  },
  {
    "name": "Load Config",
    "start": 1535452623689,
    "end": 1535452623733,
    "duration": 44,
    "pid": 14428,
    "index": 2
  },
  {
    "name": "Require(0) config/config.default.js",
    "start": 1535452623691,
    "end": 1535452623692,
    "duration": 1,
    "pid": 14428,
    "index": 3
  },
  {
    "name": "Require(1) node_modules/_egg-session@3.1.0@egg-session/config/config.default.js",
    "start": 1535452623695,
    "end": 1535452623695,
    "duration": 0,
    "pid": 14428,
    "index": 4
  },
  {
    "name": "Require(2) node_modules/_egg-security@2.2.3@egg-security/config/config.default.js",
    "start": 1535452623696,
    "end": 1535452623697,
    "duration": 1,
    "pid": 14428,
    "index": 5
  },
  {
    "name": "Require(3) node_modules/_egg-jsonp@2.0.0@egg-jsonp/config/config.default.js",
    "start": 1535452623699,
    "end": 1535452623700,
    "duration": 1,
    "pid": 14428,
    "index": 6
  },
  {
    "name": "Require(4) node_modules/_egg-onerror@2.1.0@egg-onerror/config/config.default.js",
    "start": 1535452623701,
    "end": 1535452623701,
    "duration": 0,
    "pid": 14428,
    "index": 7
  },
  {
    "name": "Require(5) node_modules/_egg-i18n@2.0.0@egg-i18n/config/config.default.js",
    "start": 1535452623702,
    "end": 1535452623702,
    "duration": 0,
    "pid": 14428,
    "index": 8
  },
  {
    "name": "Require(6) node_modules/_egg-watcher@3.0.0@egg-watcher/config/config.default.js",
    "start": 1535452623703,
    "end": 1535452623704,
    "duration": 1,
    "pid": 14428,
    "index": 9
  },
  {
    "name": "Require(7) node_modules/_egg-multipart@2.1.0@egg-multipart/config/config.default.js",
    "start": 1535452623704,
    "end": 1535452623705,
    "duration": 1,
    "pid": 14428,
    "index": 10
  },
  {
    "name": "Require(8) node_modules/_egg-development@2.4.1@egg-development/config/config.default.js",
    "start": 1535452623706,
    "end": 1535452623707,
    "duration": 1,
    "pid": 14428,
    "index": 11
  },
  {
    "name": "Require(9) node_modules/_egg-schedule@3.3.0@egg-schedule/config/config.default.js",
    "start": 1535452623708,
    "end": 1535452623709,
    "duration": 1,
    "pid": 14428,
    "index": 12
  },
  {
    "name": "Require(10) node_modules/_egg-logrotator@3.0.3@egg-logrotator/config/config.default.js",
    "start": 1535452623710,
    "end": 1535452623710,
    "duration": 0,
    "pid": 14428,
    "index": 13
  },
  {
    "name": "Require(11) node_modules/_egg-static@2.1.1@egg-static/config/config.default.js",
    "start": 1535452623711,
    "end": 1535452623711,
    "duration": 0,
    "pid": 14428,
    "index": 14
  },
  {
    "name": "Require(12) node_modules/_egg-view@2.1.0@egg-view/config/config.default.js",
    "start": 1535452623712,
    "end": 1535452623712,
    "duration": 0,
    "pid": 14428,
    "index": 15
  },
  {
    "name": "Require(13) node_modules/_egg-view-ejs@2.0.0@egg-view-ejs/config/config.default.js",
    "start": 1535452623713,
    "end": 1535452623714,
    "duration": 1,
    "pid": 14428,
    "index": 16
  },
  {
    "name": "Require(14) node_modules/_egg-mysql@3.0.0@egg-mysql/config/config.default.js",
    "start": 1535452623714,
    "end": 1535452623715,
    "duration": 1,
    "pid": 14428,
    "index": 17
  },
  {
    "name": "Require(15) node_modules/_egg@2.10.0@egg/config/config.default.js",
    "start": 1535452623716,
    "end": 1535452623718,
    "duration": 2,
    "pid": 14428,
    "index": 18
  },
  {
    "name": "Require(16) config/config.default.js",
    "start": 1535452623720,
    "end": 1535452623720,
    "duration": 0,
    "pid": 14428,
    "index": 19
  },
  {
    "name": "Require(17) node_modules/_egg-security@2.2.3@egg-security/config/config.local.js",
    "start": 1535452623721,
    "end": 1535452623722,
    "duration": 1,
    "pid": 14428,
    "index": 20
  },
  {
    "name": "Require(18) node_modules/_egg-watcher@3.0.0@egg-watcher/config/config.local.js",
    "start": 1535452623723,
    "end": 1535452623724,
    "duration": 1,
    "pid": 14428,
    "index": 21
  },
  {
    "name": "Require(19) node_modules/_egg-view@2.1.0@egg-view/config/config.local.js",
    "start": 1535452623726,
    "end": 1535452623726,
    "duration": 0,
    "pid": 14428,
    "index": 22
  },
  {
    "name": "Require(20) node_modules/_egg-view-ejs@2.0.0@egg-view-ejs/config/config.local.js",
    "start": 1535452623727,
    "end": 1535452623727,
    "duration": 0,
    "pid": 14428,
    "index": 23
  },
  {
    "name": "Require(21) node_modules/_egg@2.10.0@egg/config/config.local.js",
    "start": 1535452623732,
    "end": 1535452623732,
    "duration": 0,
    "pid": 14428,
    "index": 24
  },
  {
    "name": "Load extend/application.js",
    "start": 1535452623735,
    "end": 1535452623761,
    "duration": 26,
    "pid": 14428,
    "index": 25
  },
  {
    "name": "Require(22) node_modules/_egg-session@3.1.0@egg-session/app/extend/application.js",
    "start": 1535452623737,
    "end": 1535452623738,
    "duration": 1,
    "pid": 14428,
    "index": 26
  },
  {
    "name": "Require(23) node_modules/_egg-security@2.2.3@egg-security/app/extend/application.js",
    "start": 1535452623739,
    "end": 1535452623741,
    "duration": 2,
    "pid": 14428,
    "index": 27
  },
  {
    "name": "Require(24) node_modules/_egg-jsonp@2.0.0@egg-jsonp/app/extend/application.js",
    "start": 1535452623742,
    "end": 1535452623745,
    "duration": 3,
    "pid": 14428,
    "index": 28
  },
  {
    "name": "Require(25) node_modules/_egg-logrotator@3.0.3@egg-logrotator/app/extend/application.js",
    "start": 1535452623748,
    "end": 1535452623751,
    "duration": 3,
    "pid": 14428,
    "index": 29
  },
  {
    "name": "Require(26) node_modules/_egg-view@2.1.0@egg-view/app/extend/application.js",
    "start": 1535452623752,
    "end": 1535452623755,
    "duration": 3,
    "pid": 14428,
    "index": 30
  },
  {
    "name": "Load extend/request.js",
    "start": 1535452623761,
    "end": 1535452623774,
    "duration": 13,
    "pid": 14428,
    "index": 31
  },
  {
    "name": "Require(27) node_modules/_egg@2.10.0@egg/app/extend/request.js",
    "start": 1535452623766,
    "end": 1535452623769,
    "duration": 3,
    "pid": 14428,
    "index": 32
  },
  {
    "name": "Load extend/response.js",
    "start": 1535452623774,
    "end": 1535452623787,
    "duration": 13,
    "pid": 14428,
    "index": 33
  },
  {
    "name": "Require(28) node_modules/_egg@2.10.0@egg/app/extend/response.js",
    "start": 1535452623779,
    "end": 1535452623783,
    "duration": 4,
    "pid": 14428,
    "index": 34
  },
  {
    "name": "Load extend/context.js",
    "start": 1535452623787,
    "end": 1535452623897,
    "duration": 110,
    "pid": 14428,
    "index": 35
  },
  {
    "name": "Require(29) node_modules/_egg-security@2.2.3@egg-security/app/extend/context.js",
    "start": 1535452623788,
    "end": 1535452623807,
    "duration": 19,
    "pid": 14428,
    "index": 36
  },
  {
    "name": "Require(30) node_modules/_egg-jsonp@2.0.0@egg-jsonp/app/extend/context.js",
    "start": 1535452623808,
    "end": 1535452623810,
    "duration": 2,
    "pid": 14428,
    "index": 37
  },
  {
    "name": "Require(31) node_modules/_egg-i18n@2.0.0@egg-i18n/app/extend/context.js",
    "start": 1535452623811,
    "end": 1535452623811,
    "duration": 0,
    "pid": 14428,
    "index": 38
  },
  {
    "name": "Require(32) node_modules/_egg-multipart@2.1.0@egg-multipart/app/extend/context.js",
    "start": 1535452623812,
    "end": 1535452623874,
    "duration": 62,
    "pid": 14428,
    "index": 39
  },
  {
    "name": "Require(33) node_modules/_egg-view@2.1.0@egg-view/app/extend/context.js",
    "start": 1535452623876,
    "end": 1535452623879,
    "duration": 3,
    "pid": 14428,
    "index": 40
  },
  {
    "name": "Require(34) node_modules/_egg@2.10.0@egg/app/extend/context.js",
    "start": 1535452623880,
    "end": 1535452623885,
    "duration": 5,
    "pid": 14428,
    "index": 41
  },
  {
    "name": "Load extend/helper.js",
    "start": 1535452623897,
    "end": 1535452623934,
    "duration": 37,
    "pid": 14428,
    "index": 42
  },
  {
    "name": "Require(35) node_modules/_egg-security@2.2.3@egg-security/app/extend/helper.js",
    "start": 1535452623898,
    "end": 1535452623924,
    "duration": 26,
    "pid": 14428,
    "index": 43
  },
  {
    "name": "Require(36) node_modules/_egg@2.10.0@egg/app/extend/helper.js",
    "start": 1535452623928,
    "end": 1535452623929,
    "duration": 1,
    "pid": 14428,
    "index": 44
  },
  {
    "name": "Load app.js",
    "start": 1535452623934,
    "end": 1535452624224,
    "duration": 290,
    "pid": 14428,
    "index": 45
  },
  {
    "name": "Require(37) node_modules/_egg-session@3.1.0@egg-session/app.js",
    "start": 1535452623935,
    "end": 1535452623935,
    "duration": 0,
    "pid": 14428,
    "index": 46
  },
  {
    "name": "Require(38) node_modules/_egg-security@2.2.3@egg-security/app.js",
    "start": 1535452623936,
    "end": 1535452623942,
    "duration": 6,
    "pid": 14428,
    "index": 47
  },
  {
    "name": "Require(39) node_modules/_egg-onerror@2.1.0@egg-onerror/app.js",
    "start": 1535452623944,
    "end": 1535452623960,
    "duration": 16,
    "pid": 14428,
    "index": 48
  },
  {
    "name": "Require(40) node_modules/_egg-i18n@2.0.0@egg-i18n/app.js",
    "start": 1535452623962,
    "end": 1535452623974,
    "duration": 12,
    "pid": 14428,
    "index": 49
  },
  {
    "name": "Require(41) node_modules/_egg-watcher@3.0.0@egg-watcher/app.js",
    "start": 1535452623979,
    "end": 1535452623986,
    "duration": 7,
    "pid": 14428,
    "index": 50
  },
  {
    "name": "Before Start in node_modules/_egg-watcher@3.0.0@egg-watcher/app.js:15:7",
    "start": 1535452623996,
    "end": 1535452624429,
    "duration": 433,
    "pid": 14428,
    "index": 51
  },
  {
    "name": "Require(42) node_modules/_egg-multipart@2.1.0@egg-multipart/app.js",
    "start": 1535452623998,
    "end": 1535452624004,
    "duration": 6,
    "pid": 14428,
    "index": 52
  },
  {
    "name": "Require(43) node_modules/_egg-development@2.4.1@egg-development/app.js",
    "start": 1535452624005,
    "end": 1535452624006,
    "duration": 1,
    "pid": 14428,
    "index": 53
  },
  {
    "name": "Require(44) node_modules/_egg-schedule@3.3.0@egg-schedule/app.js",
    "start": 1535452624007,
    "end": 1535452624011,
    "duration": 4,
    "pid": 14428,
    "index": 54
  },
  {
    "name": "Require(45) node_modules/_egg-logrotator@3.0.3@egg-logrotator/app.js",
    "start": 1535452624064,
    "end": 1535452624064,
    "duration": 0,
    "pid": 14428,
    "index": 55
  },
  {
    "name": "Require(46) node_modules/_egg-static@2.1.1@egg-static/app.js",
    "start": 1535452624065,
    "end": 1535452624065,
    "duration": 0,
    "pid": 14428,
    "index": 56
  },
  {
    "name": "Require(47) node_modules/_egg-view-ejs@2.0.0@egg-view-ejs/app.js",
    "start": 1535452624066,
    "end": 1535452624066,
    "duration": 0,
    "pid": 14428,
    "index": 57
  },
  {
    "name": "Require(48) node_modules/_egg-mysql@3.0.0@egg-mysql/app.js",
    "start": 1535452624075,
    "end": 1535452624100,
    "duration": 25,
    "pid": 14428,
    "index": 58
  },
  {
    "name": "Before Start in node_modules/_egg-mysql@3.0.0@egg-mysql/lib/mysql.js:20:7",
    "start": 1535452624222,
    "end": 1535452624437,
    "duration": 215,
    "pid": 14428,
    "index": 59
  },
  {
    "name": "Load Service",
    "start": 1535452624224,
    "end": 1535452624231,
    "duration": 7,
    "pid": 14428,
    "index": 60
  },
  {
    "name": "Load \"service\" to Context",
    "start": 1535452624225,
    "end": 1535452624231,
    "duration": 6,
    "pid": 14428,
    "index": 61
  },
  {
    "name": "Load Middleware",
    "start": 1535452624231,
    "end": 1535452624380,
    "duration": 149,
    "pid": 14428,
    "index": 62
  },
  {
    "name": "Load \"middlewares\" to Application",
    "start": 1535452624232,
    "end": 1535452624362,
    "duration": 130,
    "pid": 14428,
    "index": 63
  },
  {
    "name": "Load Controller",
    "start": 1535452624380,
    "end": 1535452624383,
    "duration": 3,
    "pid": 14428,
    "index": 64
  },
  {
    "name": "Load \"controller\" to Application",
    "start": 1535452624380,
    "end": 1535452624383,
    "duration": 3,
    "pid": 14428,
    "index": 65
  },
  {
    "name": "Load Router",
    "start": 1535452624383,
    "end": 1535452624387,
    "duration": 4,
    "pid": 14428,
    "index": 66
  },
  {
    "name": "Require(49) app/router.js",
    "start": 1535452624384,
    "end": 1535452624385,
    "duration": 1,
    "pid": 14428,
    "index": 67
  },
  {
    "name": "Before Start in node_modules/_egg-core@4.9.1@egg-core/lib/egg.js:328:10",
    "start": 1535452624385,
    "end": 1535452624408,
    "duration": 23,
    "pid": 14428,
    "index": 68
  }
]