[
  {
    "name": "Application Start",
    "start": 1535452388855,
    "end": 1535452389904,
    "duration": 1049,
    "pid": 12092,
    "index": 0
  },
  {
    "name": "Load Plugin",
    "start": 1535452388864,
    "end": 1535452388922,
    "duration": 58,
    "pid": 12092,
    "index": 1
  },
  {
    "name": "Load Config",
    "start": 1535452388923,
    "end": 1535452388974,
    "duration": 51,
    "pid": 12092,
    "index": 2
  },
  {
    "name": "Require(0) config/config.default.js",
    "start": 1535452388924,
    "end": 1535452388925,
    "duration": 1,
    "pid": 12092,
    "index": 3
  },
  {
    "name": "Require(1) node_modules/_egg-session@3.1.0@egg-session/config/config.default.js",
    "start": 1535452388928,
    "end": 1535452388929,
    "duration": 1,
    "pid": 12092,
    "index": 4
  },
  {
    "name": "Require(2) node_modules/_egg-security@2.2.3@egg-security/config/config.default.js",
    "start": 1535452388929,
    "end": 1535452388930,
    "duration": 1,
    "pid": 12092,
    "index": 5
  },
  {
    "name": "Require(3) node_modules/_egg-jsonp@2.0.0@egg-jsonp/config/config.default.js",
    "start": 1535452388931,
    "end": 1535452388933,
    "duration": 2,
    "pid": 12092,
    "index": 6
  },
  {
    "name": "Require(4) node_modules/_egg-onerror@2.1.0@egg-onerror/config/config.default.js",
    "start": 1535452388934,
    "end": 1535452388935,
    "duration": 1,
    "pid": 12092,
    "index": 7
  },
  {
    "name": "Require(5) node_modules/_egg-i18n@2.0.0@egg-i18n/config/config.default.js",
    "start": 1535452388936,
    "end": 1535452388937,
    "duration": 1,
    "pid": 12092,
    "index": 8
  },
  {
    "name": "Require(6) node_modules/_egg-watcher@3.0.0@egg-watcher/config/config.default.js",
    "start": 1535452388938,
    "end": 1535452388939,
    "duration": 1,
    "pid": 12092,
    "index": 9
  },
  {
    "name": "Require(7) node_modules/_egg-multipart@2.1.0@egg-multipart/config/config.default.js",
    "start": 1535452388940,
    "end": 1535452388941,
    "duration": 1,
    "pid": 12092,
    "index": 10
  },
  {
    "name": "Require(8) node_modules/_egg-development@2.4.1@egg-development/config/config.default.js",
    "start": 1535452388943,
    "end": 1535452388943,
    "duration": 0,
    "pid": 12092,
    "index": 11
  },
  {
    "name": "Require(9) node_modules/_egg-schedule@3.3.0@egg-schedule/config/config.default.js",
    "start": 1535452388944,
    "end": 1535452388945,
    "duration": 1,
    "pid": 12092,
    "index": 12
  },
  {
    "name": "Require(10) node_modules/_egg-logrotator@3.0.3@egg-logrotator/config/config.default.js",
    "start": 1535452388946,
    "end": 1535452388947,
    "duration": 1,
    "pid": 12092,
    "index": 13
  },
  {
    "name": "Require(11) node_modules/_egg-static@2.1.1@egg-static/config/config.default.js",
    "start": 1535452388949,
    "end": 1535452388949,
    "duration": 0,
    "pid": 12092,
    "index": 14
  },
  {
    "name": "Require(12) node_modules/_egg-view@2.1.0@egg-view/config/config.default.js",
    "start": 1535452388952,
    "end": 1535452388952,
    "duration": 0,
    "pid": 12092,
    "index": 15
  },
  {
    "name": "Require(13) node_modules/_egg-view-ejs@2.0.0@egg-view-ejs/config/config.default.js",
    "start": 1535452388954,
    "end": 1535452388954,
    "duration": 0,
    "pid": 12092,
    "index": 16
  },
  {
    "name": "Require(14) node_modules/_egg-mysql@3.0.0@egg-mysql/config/config.default.js",
    "start": 1535452388955,
    "end": 1535452388957,
    "duration": 2,
    "pid": 12092,
    "index": 17
  },
  {
    "name": "Require(15) node_modules/_egg@2.10.0@egg/config/config.default.js",
    "start": 1535452388958,
    "end": 1535452388959,
    "duration": 1,
    "pid": 12092,
    "index": 18
  },
  {
    "name": "Require(16) config/config.default.js",
    "start": 1535452388962,
    "end": 1535452388962,
    "duration": 0,
    "pid": 12092,
    "index": 19
  },
  {
    "name": "Require(17) node_modules/_egg-security@2.2.3@egg-security/config/config.local.js",
    "start": 1535452388965,
    "end": 1535452388965,
    "duration": 0,
    "pid": 12092,
    "index": 20
  },
  {
    "name": "Require(18) node_modules/_egg-watcher@3.0.0@egg-watcher/config/config.local.js",
    "start": 1535452388967,
    "end": 1535452388968,
    "duration": 1,
    "pid": 12092,
    "index": 21
  },
  {
    "name": "Require(19) node_modules/_egg-view@2.1.0@egg-view/config/config.local.js",
    "start": 1535452388970,
    "end": 1535452388971,
    "duration": 1,
    "pid": 12092,
    "index": 22
  },
  {
    "name": "Require(20) node_modules/_egg-view-ejs@2.0.0@egg-view-ejs/config/config.local.js",
    "start": 1535452388971,
    "end": 1535452388972,
    "duration": 1,
    "pid": 12092,
    "index": 23
  },
  {
    "name": "Require(21) node_modules/_egg@2.10.0@egg/config/config.local.js",
    "start": 1535452388973,
    "end": 1535452388974,
    "duration": 1,
    "pid": 12092,
    "index": 24
  },
  {
    "name": "Load extend/application.js",
    "start": 1535452388976,
    "end": 1535452389019,
    "duration": 43,
    "pid": 12092,
    "index": 25
  },
  {
    "name": "Require(22) node_modules/_egg-session@3.1.0@egg-session/app/extend/application.js",
    "start": 1535452388977,
    "end": 1535452388978,
    "duration": 1,
    "pid": 12092,
    "index": 26
  },
  {
    "name": "Require(23) node_modules/_egg-security@2.2.3@egg-security/app/extend/application.js",
    "start": 1535452388979,
    "end": 1535452388982,
    "duration": 3,
    "pid": 12092,
    "index": 27
  },
  {
    "name": "Require(24) node_modules/_egg-jsonp@2.0.0@egg-jsonp/app/extend/application.js",
    "start": 1535452388983,
    "end": 1535452388989,
    "duration": 6,
    "pid": 12092,
    "index": 28
  },
  {
    "name": "Require(25) node_modules/_egg-logrotator@3.0.3@egg-logrotator/app/extend/application.js",
    "start": 1535452388993,
    "end": 1535452389000,
    "duration": 7,
    "pid": 12092,
    "index": 29
  },
  {
    "name": "Require(26) node_modules/_egg-view@2.1.0@egg-view/app/extend/application.js",
    "start": 1535452389001,
    "end": 1535452389007,
    "duration": 6,
    "pid": 12092,
    "index": 30
  },
  {
    "name": "Load extend/request.js",
    "start": 1535452389019,
    "end": 1535452389036,
    "duration": 17,
    "pid": 12092,
    "index": 31
  },
  {
    "name": "Require(27) node_modules/_egg@2.10.0@egg/app/extend/request.js",
    "start": 1535452389026,
    "end": 1535452389030,
    "duration": 4,
    "pid": 12092,
    "index": 32
  },
  {
    "name": "Load extend/response.js",
    "start": 1535452389036,
    "end": 1535452389054,
    "duration": 18,
    "pid": 12092,
    "index": 33
  },
  {
    "name": "Require(28) node_modules/_egg@2.10.0@egg/app/extend/response.js",
    "start": 1535452389041,
    "end": 1535452389048,
    "duration": 7,
    "pid": 12092,
    "index": 34
  },
  {
    "name": "Load extend/context.js",
    "start": 1535452389054,
    "end": 1535452389217,
    "duration": 163,
    "pid": 12092,
    "index": 35
  },
  {
    "name": "Require(29) node_modules/_egg-security@2.2.3@egg-security/app/extend/context.js",
    "start": 1535452389056,
    "end": 1535452389082,
    "duration": 26,
    "pid": 12092,
    "index": 36
  },
  {
    "name": "Require(30) node_modules/_egg-jsonp@2.0.0@egg-jsonp/app/extend/context.js",
    "start": 1535452389083,
    "end": 1535452389085,
    "duration": 2,
    "pid": 12092,
    "index": 37
  },
  {
    "name": "Require(31) node_modules/_egg-i18n@2.0.0@egg-i18n/app/extend/context.js",
    "start": 1535452389087,
    "end": 1535452389087,
    "duration": 0,
    "pid": 12092,
    "index": 38
  },
  {
    "name": "Require(32) node_modules/_egg-multipart@2.1.0@egg-multipart/app/extend/context.js",
    "start": 1535452389088,
    "end": 1535452389189,
    "duration": 101,
    "pid": 12092,
    "index": 39
  },
  {
    "name": "Require(33) node_modules/_egg-view@2.1.0@egg-view/app/extend/context.js",
    "start": 1535452389192,
    "end": 1535452389195,
    "duration": 3,
    "pid": 12092,
    "index": 40
  },
  {
    "name": "Require(34) node_modules/_egg@2.10.0@egg/app/extend/context.js",
    "start": 1535452389197,
    "end": 1535452389208,
    "duration": 11,
    "pid": 12092,
    "index": 41
  },
  {
    "name": "Load extend/helper.js",
    "start": 1535452389217,
    "end": 1535452389259,
    "duration": 42,
    "pid": 12092,
    "index": 42
  },
  {
    "name": "Require(35) node_modules/_egg-security@2.2.3@egg-security/app/extend/helper.js",
    "start": 1535452389219,
    "end": 1535452389251,
    "duration": 32,
    "pid": 12092,
    "index": 43
  },
  {
    "name": "Require(36) node_modules/_egg@2.10.0@egg/app/extend/helper.js",
    "start": 1535452389254,
    "end": 1535452389255,
    "duration": 1,
    "pid": 12092,
    "index": 44
  },
  {
    "name": "Load app.js",
    "start": 1535452389259,
    "end": 1535452389661,
    "duration": 402,
    "pid": 12092,
    "index": 45
  },
  {
    "name": "Require(37) node_modules/_egg-session@3.1.0@egg-session/app.js",
    "start": 1535452389260,
    "end": 1535452389262,
    "duration": 2,
    "pid": 12092,
    "index": 46
  },
  {
    "name": "Require(38) node_modules/_egg-security@2.2.3@egg-security/app.js",
    "start": 1535452389263,
    "end": 1535452389269,
    "duration": 6,
    "pid": 12092,
    "index": 47
  },
  {
    "name": "Require(39) node_modules/_egg-onerror@2.1.0@egg-onerror/app.js",
    "start": 1535452389271,
    "end": 1535452389292,
    "duration": 21,
    "pid": 12092,
    "index": 48
  },
  {
    "name": "Require(40) node_modules/_egg-i18n@2.0.0@egg-i18n/app.js",
    "start": 1535452389293,
    "end": 1535452389310,
    "duration": 17,
    "pid": 12092,
    "index": 49
  },
  {
    "name": "Require(41) node_modules/_egg-watcher@3.0.0@egg-watcher/app.js",
    "start": 1535452389315,
    "end": 1535452389324,
    "duration": 9,
    "pid": 12092,
    "index": 50
  },
  {
    "name": "Before Start in node_modules/_egg-watcher@3.0.0@egg-watcher/app.js:15:7",
    "start": 1535452389342,
    "end": 1535452389897,
    "duration": 555,
    "pid": 12092,
    "index": 51
  },
  {
    "name": "Require(42) node_modules/_egg-multipart@2.1.0@egg-multipart/app.js",
    "start": 1535452389345,
    "end": 1535452389353,
    "duration": 8,
    "pid": 12092,
    "index": 52
  },
  {
    "name": "Require(43) node_modules/_egg-development@2.4.1@egg-development/app.js",
    "start": 1535452389355,
    "end": 1535452389355,
    "duration": 0,
    "pid": 12092,
    "index": 53
  },
  {
    "name": "Require(44) node_modules/_egg-schedule@3.3.0@egg-schedule/app.js",
    "start": 1535452389356,
    "end": 1535452389360,
    "duration": 4,
    "pid": 12092,
    "index": 54
  },
  {
    "name": "Require(45) node_modules/_egg-logrotator@3.0.3@egg-logrotator/app.js",
    "start": 1535452389474,
    "end": 1535452389475,
    "duration": 1,
    "pid": 12092,
    "index": 55
  },
  {
    "name": "Require(46) node_modules/_egg-static@2.1.1@egg-static/app.js",
    "start": 1535452389476,
    "end": 1535452389476,
    "duration": 0,
    "pid": 12092,
    "index": 56
  },
  {
    "name": "Require(47) node_modules/_egg-view-ejs@2.0.0@egg-view-ejs/app.js",
    "start": 1535452389478,
    "end": 1535452389479,
    "duration": 1,
    "pid": 12092,
    "index": 57
  },
  {
    "name": "Require(48) node_modules/_egg-mysql@3.0.0@egg-mysql/app.js",
    "start": 1535452389498,
    "end": 1535452389531,
    "duration": 33,
    "pid": 12092,
    "index": 58
  },
  {
    "name": "Before Start in node_modules/_egg-mysql@3.0.0@egg-mysql/lib/mysql.js:20:7",
    "start": 1535452389659,
    "end": 1535452389904,
    "duration": 245,
    "pid": 12092,
    "index": 59
  },
  {
    "name": "Load Service",
    "start": 1535452389661,
    "end": 1535452389672,
    "duration": 11,
    "pid": 12092,
    "index": 60
  },
  {
    "name": "Load \"service\" to Context",
    "start": 1535452389661,
    "end": 1535452389672,
    "duration": 11,
    "pid": 12092,
    "index": 61
  },
  {
    "name": "Load Middleware",
    "start": 1535452389672,
    "end": 1535452389843,
    "duration": 171,
    "pid": 12092,
    "index": 62
  },
  {
    "name": "Load \"middlewares\" to Application",
    "start": 1535452389672,
    "end": 1535452389822,
    "duration": 150,
    "pid": 12092,
    "index": 63
  },
  {
    "name": "Load Controller",
    "start": 1535452389843,
    "end": 1535452389848,
    "duration": 5,
    "pid": 12092,
    "index": 64
  },
  {
    "name": "Load \"controller\" to Application",
    "start": 1535452389843,
    "end": 1535452389848,
    "duration": 5,
    "pid": 12092,
    "index": 65
  },
  {
    "name": "Load Router",
    "start": 1535452389848,
    "end": 1535452389853,
    "duration": 5,
    "pid": 12092,
    "index": 66
  },
  {
    "name": "Require(49) app/router.js",
    "start": 1535452389849,
    "end": 1535452389849,
    "duration": 0,
    "pid": 12092,
    "index": 67
  },
  {
    "name": "Before Start in node_modules/_egg-core@4.9.1@egg-core/lib/egg.js:328:10",
    "start": 1535452389850,
    "end": 1535452389878,
    "duration": 28,
    "pid": 12092,
    "index": 68
  }
]