[
  {
    "name": "Application Start",
    "start": 1535467719047,
    "end": 1535467720471,
    "duration": 1424,
    "pid": 18284,
    "index": 0
  },
  {
    "name": "Load Plugin",
    "start": 1535467719056,
    "end": 1535467719123,
    "duration": 67,
    "pid": 18284,
    "index": 1
  },
  {
    "name": "Load Config",
    "start": 1535467719124,
    "end": 1535467719493,
    "duration": 369,
    "pid": 18284,
    "index": 2
  },
  {
    "name": "Require(0) config/config.default.js",
    "start": 1535467719125,
    "end": 1535467719126,
    "duration": 1,
    "pid": 18284,
    "index": 3
  },
  {
    "name": "Require(1) node_modules/_egg-session@3.1.0@egg-session/config/config.default.js",
    "start": 1535467719129,
    "end": 1535467719130,
    "duration": 1,
    "pid": 18284,
    "index": 4
  },
  {
    "name": "Require(2) node_modules/_egg-security@2.2.3@egg-security/config/config.default.js",
    "start": 1535467719131,
    "end": 1535467719131,
    "duration": 0,
    "pid": 18284,
    "index": 5
  },
  {
    "name": "Require(3) node_modules/_egg-jsonp@2.0.0@egg-jsonp/config/config.default.js",
    "start": 1535467719134,
    "end": 1535467719134,
    "duration": 0,
    "pid": 18284,
    "index": 6
  },
  {
    "name": "Require(4) node_modules/_egg-onerror@2.1.0@egg-onerror/config/config.default.js",
    "start": 1535467719137,
    "end": 1535467719138,
    "duration": 1,
    "pid": 18284,
    "index": 7
  },
  {
    "name": "Require(5) node_modules/_egg-i18n@2.0.0@egg-i18n/config/config.default.js",
    "start": 1535467719139,
    "end": 1535467719140,
    "duration": 1,
    "pid": 18284,
    "index": 8
  },
  {
    "name": "Require(6) node_modules/_egg-watcher@3.0.0@egg-watcher/config/config.default.js",
    "start": 1535467719141,
    "end": 1535467719158,
    "duration": 17,
    "pid": 18284,
    "index": 9
  },
  {
    "name": "Require(7) node_modules/_egg-multipart@2.1.0@egg-multipart/config/config.default.js",
    "start": 1535467719221,
    "end": 1535467719225,
    "duration": 4,
    "pid": 18284,
    "index": 10
  },
  {
    "name": "Require(8) node_modules/_egg-development@2.4.1@egg-development/config/config.default.js",
    "start": 1535467719236,
    "end": 1535467719237,
    "duration": 1,
    "pid": 18284,
    "index": 11
  },
  {
    "name": "Require(9) node_modules/_egg-schedule@3.3.0@egg-schedule/config/config.default.js",
    "start": 1535467719240,
    "end": 1535467719240,
    "duration": 0,
    "pid": 18284,
    "index": 12
  },
  {
    "name": "Require(10) node_modules/_egg-logrotator@3.0.3@egg-logrotator/config/config.default.js",
    "start": 1535467719242,
    "end": 1535467719243,
    "duration": 1,
    "pid": 18284,
    "index": 13
  },
  {
    "name": "Require(11) node_modules/_egg-static@2.1.1@egg-static/config/config.default.js",
    "start": 1535467719244,
    "end": 1535467719245,
    "duration": 1,
    "pid": 18284,
    "index": 14
  },
  {
    "name": "Require(12) node_modules/_egg-view@2.1.0@egg-view/config/config.default.js",
    "start": 1535467719246,
    "end": 1535467719247,
    "duration": 1,
    "pid": 18284,
    "index": 15
  },
  {
    "name": "Require(13) node_modules/_egg-view-ejs@2.0.0@egg-view-ejs/config/config.default.js",
    "start": 1535467719257,
    "end": 1535467719259,
    "duration": 2,
    "pid": 18284,
    "index": 16
  },
  {
    "name": "Require(14) node_modules/_egg-mysql@3.0.0@egg-mysql/config/config.default.js",
    "start": 1535467719349,
    "end": 1535467719350,
    "duration": 1,
    "pid": 18284,
    "index": 17
  },
  {
    "name": "Require(15) node_modules/_egg@2.10.0@egg/config/config.default.js",
    "start": 1535467719351,
    "end": 1535467719360,
    "duration": 9,
    "pid": 18284,
    "index": 18
  },
  {
    "name": "Require(16) config/config.default.js",
    "start": 1535467719399,
    "end": 1535467719400,
    "duration": 1,
    "pid": 18284,
    "index": 19
  },
  {
    "name": "Require(17) node_modules/_egg-security@2.2.3@egg-security/config/config.local.js",
    "start": 1535467719418,
    "end": 1535467719419,
    "duration": 1,
    "pid": 18284,
    "index": 20
  },
  {
    "name": "Require(18) node_modules/_egg-watcher@3.0.0@egg-watcher/config/config.local.js",
    "start": 1535467719479,
    "end": 1535467719480,
    "duration": 1,
    "pid": 18284,
    "index": 21
  },
  {
    "name": "Require(19) node_modules/_egg-view@2.1.0@egg-view/config/config.local.js",
    "start": 1535467719485,
    "end": 1535467719486,
    "duration": 1,
    "pid": 18284,
    "index": 22
  },
  {
    "name": "Require(20) node_modules/_egg-view-ejs@2.0.0@egg-view-ejs/config/config.local.js",
    "start": 1535467719488,
    "end": 1535467719489,
    "duration": 1,
    "pid": 18284,
    "index": 23
  },
  {
    "name": "Require(21) node_modules/_egg@2.10.0@egg/config/config.local.js",
    "start": 1535467719491,
    "end": 1535467719492,
    "duration": 1,
    "pid": 18284,
    "index": 24
  },
  {
    "name": "Load extend/application.js",
    "start": 1535467719502,
    "end": 1535467719631,
    "duration": 129,
    "pid": 18284,
    "index": 25
  },
  {
    "name": "Require(22) node_modules/_egg-session@3.1.0@egg-session/app/extend/application.js",
    "start": 1535467719507,
    "end": 1535467719508,
    "duration": 1,
    "pid": 18284,
    "index": 26
  },
  {
    "name": "Require(23) node_modules/_egg-security@2.2.3@egg-security/app/extend/application.js",
    "start": 1535467719510,
    "end": 1535467719515,
    "duration": 5,
    "pid": 18284,
    "index": 27
  },
  {
    "name": "Require(24) node_modules/_egg-jsonp@2.0.0@egg-jsonp/app/extend/application.js",
    "start": 1535467719516,
    "end": 1535467719523,
    "duration": 7,
    "pid": 18284,
    "index": 28
  },
  {
    "name": "Require(25) node_modules/_egg-logrotator@3.0.3@egg-logrotator/app/extend/application.js",
    "start": 1535467719560,
    "end": 1535467719590,
    "duration": 30,
    "pid": 18284,
    "index": 29
  },
  {
    "name": "Require(26) node_modules/_egg-view@2.1.0@egg-view/app/extend/application.js",
    "start": 1535467719598,
    "end": 1535467719606,
    "duration": 8,
    "pid": 18284,
    "index": 30
  },
  {
    "name": "Load extend/request.js",
    "start": 1535467719631,
    "end": 1535467719683,
    "duration": 52,
    "pid": 18284,
    "index": 31
  },
  {
    "name": "Require(27) node_modules/_egg@2.10.0@egg/app/extend/request.js",
    "start": 1535467719664,
    "end": 1535467719676,
    "duration": 12,
    "pid": 18284,
    "index": 32
  },
  {
    "name": "Load extend/response.js",
    "start": 1535467719684,
    "end": 1535467719705,
    "duration": 21,
    "pid": 18284,
    "index": 33
  },
  {
    "name": "Require(28) node_modules/_egg@2.10.0@egg/app/extend/response.js",
    "start": 1535467719692,
    "end": 1535467719697,
    "duration": 5,
    "pid": 18284,
    "index": 34
  },
  {
    "name": "Load extend/context.js",
    "start": 1535467719705,
    "end": 1535467719921,
    "duration": 216,
    "pid": 18284,
    "index": 35
  },
  {
    "name": "Require(29) node_modules/_egg-security@2.2.3@egg-security/app/extend/context.js",
    "start": 1535467719707,
    "end": 1535467719791,
    "duration": 84,
    "pid": 18284,
    "index": 36
  },
  {
    "name": "Require(30) node_modules/_egg-jsonp@2.0.0@egg-jsonp/app/extend/context.js",
    "start": 1535467719792,
    "end": 1535467719797,
    "duration": 5,
    "pid": 18284,
    "index": 37
  },
  {
    "name": "Require(31) node_modules/_egg-i18n@2.0.0@egg-i18n/app/extend/context.js",
    "start": 1535467719800,
    "end": 1535467719801,
    "duration": 1,
    "pid": 18284,
    "index": 38
  },
  {
    "name": "Require(32) node_modules/_egg-multipart@2.1.0@egg-multipart/app/extend/context.js",
    "start": 1535467719805,
    "end": 1535467719910,
    "duration": 105,
    "pid": 18284,
    "index": 39
  },
  {
    "name": "Require(33) node_modules/_egg-view@2.1.0@egg-view/app/extend/context.js",
    "start": 1535467719911,
    "end": 1535467719913,
    "duration": 2,
    "pid": 18284,
    "index": 40
  },
  {
    "name": "Require(34) node_modules/_egg@2.10.0@egg/app/extend/context.js",
    "start": 1535467719914,
    "end": 1535467719917,
    "duration": 3,
    "pid": 18284,
    "index": 41
  },
  {
    "name": "Load extend/helper.js",
    "start": 1535467719921,
    "end": 1535467719955,
    "duration": 34,
    "pid": 18284,
    "index": 42
  },
  {
    "name": "Require(35) node_modules/_egg-security@2.2.3@egg-security/app/extend/helper.js",
    "start": 1535467719922,
    "end": 1535467719946,
    "duration": 24,
    "pid": 18284,
    "index": 43
  },
  {
    "name": "Require(36) node_modules/_egg@2.10.0@egg/app/extend/helper.js",
    "start": 1535467719950,
    "end": 1535467719950,
    "duration": 0,
    "pid": 18284,
    "index": 44
  },
  {
    "name": "Load app.js",
    "start": 1535467719955,
    "end": 1535467720290,
    "duration": 335,
    "pid": 18284,
    "index": 45
  },
  {
    "name": "Require(37) node_modules/_egg-session@3.1.0@egg-session/app.js",
    "start": 1535467719955,
    "end": 1535467719956,
    "duration": 1,
    "pid": 18284,
    "index": 46
  },
  {
    "name": "Require(38) node_modules/_egg-security@2.2.3@egg-security/app.js",
    "start": 1535467719956,
    "end": 1535467719959,
    "duration": 3,
    "pid": 18284,
    "index": 47
  },
  {
    "name": "Require(39) node_modules/_egg-onerror@2.1.0@egg-onerror/app.js",
    "start": 1535467719960,
    "end": 1535467719975,
    "duration": 15,
    "pid": 18284,
    "index": 48
  },
  {
    "name": "Require(40) node_modules/_egg-i18n@2.0.0@egg-i18n/app.js",
    "start": 1535467719976,
    "end": 1535467719988,
    "duration": 12,
    "pid": 18284,
    "index": 49
  },
  {
    "name": "Require(41) node_modules/_egg-watcher@3.0.0@egg-watcher/app.js",
    "start": 1535467719994,
    "end": 1535467720003,
    "duration": 9,
    "pid": 18284,
    "index": 50
  },
  {
    "name": "Before Start in node_modules/_egg-watcher@3.0.0@egg-watcher/app.js:15:7",
    "start": 1535467720017,
    "end": 1535467720467,
    "duration": 450,
    "pid": 18284,
    "index": 51
  },
  {
    "name": "Require(42) node_modules/_egg-multipart@2.1.0@egg-multipart/app.js",
    "start": 1535467720018,
    "end": 1535467720023,
    "duration": 5,
    "pid": 18284,
    "index": 52
  },
  {
    "name": "Require(43) node_modules/_egg-development@2.4.1@egg-development/app.js",
    "start": 1535467720024,
    "end": 1535467720024,
    "duration": 0,
    "pid": 18284,
    "index": 53
  },
  {
    "name": "Require(44) node_modules/_egg-schedule@3.3.0@egg-schedule/app.js",
    "start": 1535467720025,
    "end": 1535467720028,
    "duration": 3,
    "pid": 18284,
    "index": 54
  },
  {
    "name": "Require(45) node_modules/_egg-logrotator@3.0.3@egg-logrotator/app.js",
    "start": 1535467720082,
    "end": 1535467720082,
    "duration": 0,
    "pid": 18284,
    "index": 55
  },
  {
    "name": "Require(46) node_modules/_egg-static@2.1.1@egg-static/app.js",
    "start": 1535467720083,
    "end": 1535467720083,
    "duration": 0,
    "pid": 18284,
    "index": 56
  },
  {
    "name": "Require(47) node_modules/_egg-view-ejs@2.0.0@egg-view-ejs/app.js",
    "start": 1535467720084,
    "end": 1535467720085,
    "duration": 1,
    "pid": 18284,
    "index": 57
  },
  {
    "name": "Require(48) node_modules/_egg-mysql@3.0.0@egg-mysql/app.js",
    "start": 1535467720096,
    "end": 1535467720138,
    "duration": 42,
    "pid": 18284,
    "index": 58
  },
  {
    "name": "Before Start in node_modules/_egg-mysql@3.0.0@egg-mysql/lib/mysql.js:20:7",
    "start": 1535467720288,
    "end": 1535467720471,
    "duration": 183,
    "pid": 18284,
    "index": 59
  },
  {
    "name": "Load Service",
    "start": 1535467720290,
    "end": 1535467720297,
    "duration": 7,
    "pid": 18284,
    "index": 60
  },
  {
    "name": "Load \"service\" to Context",
    "start": 1535467720290,
    "end": 1535467720297,
    "duration": 7,
    "pid": 18284,
    "index": 61
  },
  {
    "name": "Load Middleware",
    "start": 1535467720297,
    "end": 1535467720426,
    "duration": 129,
    "pid": 18284,
    "index": 62
  },
  {
    "name": "Load \"middlewares\" to Application",
    "start": 1535467720297,
    "end": 1535467720409,
    "duration": 112,
    "pid": 18284,
    "index": 63
  },
  {
    "name": "Load Controller",
    "start": 1535467720426,
    "end": 1535467720429,
    "duration": 3,
    "pid": 18284,
    "index": 64
  },
  {
    "name": "Load \"controller\" to Application",
    "start": 1535467720426,
    "end": 1535467720429,
    "duration": 3,
    "pid": 18284,
    "index": 65
  },
  {
    "name": "Load Router",
    "start": 1535467720429,
    "end": 1535467720432,
    "duration": 3,
    "pid": 18284,
    "index": 66
  },
  {
    "name": "Require(49) app/router.js",
    "start": 1535467720430,
    "end": 1535467720430,
    "duration": 0,
    "pid": 18284,
    "index": 67
  },
  {
    "name": "Before Start in node_modules/_egg-core@4.9.1@egg-core/lib/egg.js:328:10",
    "start": 1535467720430,
    "end": 1535467720451,
    "duration": 21,
    "pid": 18284,
    "index": 68
  }
]