[
  {
    "name": "Application Start",
    "start": 1535451714484,
    "end": 1535451715852,
    "duration": 1368,
    "pid": 13732,
    "index": 0
  },
  {
    "name": "Load Plugin",
    "start": 1535451714502,
    "end": 1535451714564,
    "duration": 62,
    "pid": 13732,
    "index": 1
  },
  {
    "name": "Load Config",
    "start": 1535451714564,
    "end": 1535451714635,
    "duration": 71,
    "pid": 13732,
    "index": 2
  },
  {
    "name": "Require(0) config/config.default.js",
    "start": 1535451714566,
    "end": 1535451714567,
    "duration": 1,
    "pid": 13732,
    "index": 3
  },
  {
    "name": "Require(1) node_modules/_egg-session@3.1.0@egg-session/config/config.default.js",
    "start": 1535451714571,
    "end": 1535451714571,
    "duration": 0,
    "pid": 13732,
    "index": 4
  },
  {
    "name": "Require(2) node_modules/_egg-security@2.2.3@egg-security/config/config.default.js",
    "start": 1535451714572,
    "end": 1535451714573,
    "duration": 1,
    "pid": 13732,
    "index": 5
  },
  {
    "name": "Require(3) node_modules/_egg-jsonp@2.0.0@egg-jsonp/config/config.default.js",
    "start": 1535451714576,
    "end": 1535451714576,
    "duration": 0,
    "pid": 13732,
    "index": 6
  },
  {
    "name": "Require(4) node_modules/_egg-onerror@2.1.0@egg-onerror/config/config.default.js",
    "start": 1535451714578,
    "end": 1535451714578,
    "duration": 0,
    "pid": 13732,
    "index": 7
  },
  {
    "name": "Require(5) node_modules/_egg-i18n@2.0.0@egg-i18n/config/config.default.js",
    "start": 1535451714579,
    "end": 1535451714580,
    "duration": 1,
    "pid": 13732,
    "index": 8
  },
  {
    "name": "Require(6) node_modules/_egg-watcher@3.0.0@egg-watcher/config/config.default.js",
    "start": 1535451714581,
    "end": 1535451714582,
    "duration": 1,
    "pid": 13732,
    "index": 9
  },
  {
    "name": "Require(7) node_modules/_egg-multipart@2.1.0@egg-multipart/config/config.default.js",
    "start": 1535451714583,
    "end": 1535451714583,
    "duration": 0,
    "pid": 13732,
    "index": 10
  },
  {
    "name": "Require(8) node_modules/_egg-development@2.4.1@egg-development/config/config.default.js",
    "start": 1535451714584,
    "end": 1535451714585,
    "duration": 1,
    "pid": 13732,
    "index": 11
  },
  {
    "name": "Require(9) node_modules/_egg-schedule@3.3.0@egg-schedule/config/config.default.js",
    "start": 1535451714586,
    "end": 1535451714587,
    "duration": 1,
    "pid": 13732,
    "index": 12
  },
  {
    "name": "Require(10) node_modules/_egg-logrotator@3.0.3@egg-logrotator/config/config.default.js",
    "start": 1535451714588,
    "end": 1535451714588,
    "duration": 0,
    "pid": 13732,
    "index": 13
  },
  {
    "name": "Require(11) node_modules/_egg-static@2.1.1@egg-static/config/config.default.js",
    "start": 1535451714590,
    "end": 1535451714590,
    "duration": 0,
    "pid": 13732,
    "index": 14
  },
  {
    "name": "Require(12) node_modules/_egg-view@2.1.0@egg-view/config/config.default.js",
    "start": 1535451714594,
    "end": 1535451714595,
    "duration": 1,
    "pid": 13732,
    "index": 15
  },
  {
    "name": "Require(13) node_modules/_egg-view-ejs@2.0.0@egg-view-ejs/config/config.default.js",
    "start": 1535451714596,
    "end": 1535451714597,
    "duration": 1,
    "pid": 13732,
    "index": 16
  },
  {
    "name": "Require(14) node_modules/_egg-mysql@3.0.0@egg-mysql/config/config.default.js",
    "start": 1535451714599,
    "end": 1535451714600,
    "duration": 1,
    "pid": 13732,
    "index": 17
  },
  {
    "name": "Require(15) node_modules/_egg@2.10.0@egg/config/config.default.js",
    "start": 1535451714601,
    "end": 1535451714602,
    "duration": 1,
    "pid": 13732,
    "index": 18
  },
  {
    "name": "Require(16) config/config.default.js",
    "start": 1535451714616,
    "end": 1535451714616,
    "duration": 0,
    "pid": 13732,
    "index": 19
  },
  {
    "name": "Require(17) node_modules/_egg-security@2.2.3@egg-security/config/config.local.js",
    "start": 1535451714618,
    "end": 1535451714620,
    "duration": 2,
    "pid": 13732,
    "index": 20
  },
  {
    "name": "Require(18) node_modules/_egg-watcher@3.0.0@egg-watcher/config/config.local.js",
    "start": 1535451714625,
    "end": 1535451714626,
    "duration": 1,
    "pid": 13732,
    "index": 21
  },
  {
    "name": "Require(19) node_modules/_egg-view@2.1.0@egg-view/config/config.local.js",
    "start": 1535451714630,
    "end": 1535451714631,
    "duration": 1,
    "pid": 13732,
    "index": 22
  },
  {
    "name": "Require(20) node_modules/_egg-view-ejs@2.0.0@egg-view-ejs/config/config.local.js",
    "start": 1535451714632,
    "end": 1535451714632,
    "duration": 0,
    "pid": 13732,
    "index": 23
  },
  {
    "name": "Require(21) node_modules/_egg@2.10.0@egg/config/config.local.js",
    "start": 1535451714634,
    "end": 1535451714635,
    "duration": 1,
    "pid": 13732,
    "index": 24
  },
  {
    "name": "Load extend/application.js",
    "start": 1535451714638,
    "end": 1535451714679,
    "duration": 41,
    "pid": 13732,
    "index": 25
  },
  {
    "name": "Require(22) node_modules/_egg-session@3.1.0@egg-session/app/extend/application.js",
    "start": 1535451714639,
    "end": 1535451714640,
    "duration": 1,
    "pid": 13732,
    "index": 26
  },
  {
    "name": "Require(23) node_modules/_egg-security@2.2.3@egg-security/app/extend/application.js",
    "start": 1535451714641,
    "end": 1535451714643,
    "duration": 2,
    "pid": 13732,
    "index": 27
  },
  {
    "name": "Require(24) node_modules/_egg-jsonp@2.0.0@egg-jsonp/app/extend/application.js",
    "start": 1535451714645,
    "end": 1535451714649,
    "duration": 4,
    "pid": 13732,
    "index": 28
  },
  {
    "name": "Require(25) node_modules/_egg-logrotator@3.0.3@egg-logrotator/app/extend/application.js",
    "start": 1535451714653,
    "end": 1535451714663,
    "duration": 10,
    "pid": 13732,
    "index": 29
  },
  {
    "name": "Require(26) node_modules/_egg-view@2.1.0@egg-view/app/extend/application.js",
    "start": 1535451714665,
    "end": 1535451714669,
    "duration": 4,
    "pid": 13732,
    "index": 30
  },
  {
    "name": "Load extend/request.js",
    "start": 1535451714679,
    "end": 1535451714705,
    "duration": 26,
    "pid": 13732,
    "index": 31
  },
  {
    "name": "Require(27) node_modules/_egg@2.10.0@egg/app/extend/request.js",
    "start": 1535451714686,
    "end": 1535451714690,
    "duration": 4,
    "pid": 13732,
    "index": 32
  },
  {
    "name": "Load extend/response.js",
    "start": 1535451714705,
    "end": 1535451714732,
    "duration": 27,
    "pid": 13732,
    "index": 33
  },
  {
    "name": "Require(28) node_modules/_egg@2.10.0@egg/app/extend/response.js",
    "start": 1535451714717,
    "end": 1535451714722,
    "duration": 5,
    "pid": 13732,
    "index": 34
  },
  {
    "name": "Load extend/context.js",
    "start": 1535451714732,
    "end": 1535451714929,
    "duration": 197,
    "pid": 13732,
    "index": 35
  },
  {
    "name": "Require(29) node_modules/_egg-security@2.2.3@egg-security/app/extend/context.js",
    "start": 1535451714733,
    "end": 1535451714773,
    "duration": 40,
    "pid": 13732,
    "index": 36
  },
  {
    "name": "Require(30) node_modules/_egg-jsonp@2.0.0@egg-jsonp/app/extend/context.js",
    "start": 1535451714774,
    "end": 1535451714778,
    "duration": 4,
    "pid": 13732,
    "index": 37
  },
  {
    "name": "Require(31) node_modules/_egg-i18n@2.0.0@egg-i18n/app/extend/context.js",
    "start": 1535451714782,
    "end": 1535451714783,
    "duration": 1,
    "pid": 13732,
    "index": 38
  },
  {
    "name": "Require(32) node_modules/_egg-multipart@2.1.0@egg-multipart/app/extend/context.js",
    "start": 1535451714784,
    "end": 1535451714910,
    "duration": 126,
    "pid": 13732,
    "index": 39
  },
  {
    "name": "Require(33) node_modules/_egg-view@2.1.0@egg-view/app/extend/context.js",
    "start": 1535451714912,
    "end": 1535451714915,
    "duration": 3,
    "pid": 13732,
    "index": 40
  },
  {
    "name": "Require(34) node_modules/_egg@2.10.0@egg/app/extend/context.js",
    "start": 1535451714916,
    "end": 1535451714921,
    "duration": 5,
    "pid": 13732,
    "index": 41
  },
  {
    "name": "Load extend/helper.js",
    "start": 1535451714929,
    "end": 1535451714997,
    "duration": 68,
    "pid": 13732,
    "index": 42
  },
  {
    "name": "Require(35) node_modules/_egg-security@2.2.3@egg-security/app/extend/helper.js",
    "start": 1535451714930,
    "end": 1535451714984,
    "duration": 54,
    "pid": 13732,
    "index": 43
  },
  {
    "name": "Require(36) node_modules/_egg@2.10.0@egg/app/extend/helper.js",
    "start": 1535451714989,
    "end": 1535451714990,
    "duration": 1,
    "pid": 13732,
    "index": 44
  },
  {
    "name": "Load app.js",
    "start": 1535451714997,
    "end": 1535451715462,
    "duration": 465,
    "pid": 13732,
    "index": 45
  },
  {
    "name": "Require(37) node_modules/_egg-session@3.1.0@egg-session/app.js",
    "start": 1535451714999,
    "end": 1535451714999,
    "duration": 0,
    "pid": 13732,
    "index": 46
  },
  {
    "name": "Require(38) node_modules/_egg-security@2.2.3@egg-security/app.js",
    "start": 1535451715000,
    "end": 1535451715005,
    "duration": 5,
    "pid": 13732,
    "index": 47
  },
  {
    "name": "Require(39) node_modules/_egg-onerror@2.1.0@egg-onerror/app.js",
    "start": 1535451715007,
    "end": 1535451715032,
    "duration": 25,
    "pid": 13732,
    "index": 48
  },
  {
    "name": "Require(40) node_modules/_egg-i18n@2.0.0@egg-i18n/app.js",
    "start": 1535451715035,
    "end": 1535451715053,
    "duration": 18,
    "pid": 13732,
    "index": 49
  },
  {
    "name": "Require(41) node_modules/_egg-watcher@3.0.0@egg-watcher/app.js",
    "start": 1535451715061,
    "end": 1535451715071,
    "duration": 10,
    "pid": 13732,
    "index": 50
  },
  {
    "name": "Before Start in node_modules/_egg-watcher@3.0.0@egg-watcher/app.js:15:7",
    "start": 1535451715090,
    "end": 1535451715835,
    "duration": 745,
    "pid": 13732,
    "index": 51
  },
  {
    "name": "Require(42) node_modules/_egg-multipart@2.1.0@egg-multipart/app.js",
    "start": 1535451715092,
    "end": 1535451715102,
    "duration": 10,
    "pid": 13732,
    "index": 52
  },
  {
    "name": "Require(43) node_modules/_egg-development@2.4.1@egg-development/app.js",
    "start": 1535451715104,
    "end": 1535451715104,
    "duration": 0,
    "pid": 13732,
    "index": 53
  },
  {
    "name": "Require(44) node_modules/_egg-schedule@3.3.0@egg-schedule/app.js",
    "start": 1535451715105,
    "end": 1535451715110,
    "duration": 5,
    "pid": 13732,
    "index": 54
  },
  {
    "name": "Require(45) node_modules/_egg-logrotator@3.0.3@egg-logrotator/app.js",
    "start": 1535451715194,
    "end": 1535451715195,
    "duration": 1,
    "pid": 13732,
    "index": 55
  },
  {
    "name": "Require(46) node_modules/_egg-static@2.1.1@egg-static/app.js",
    "start": 1535451715196,
    "end": 1535451715197,
    "duration": 1,
    "pid": 13732,
    "index": 56
  },
  {
    "name": "Require(47) node_modules/_egg-view-ejs@2.0.0@egg-view-ejs/app.js",
    "start": 1535451715207,
    "end": 1535451715207,
    "duration": 0,
    "pid": 13732,
    "index": 57
  },
  {
    "name": "Require(48) node_modules/_egg-mysql@3.0.0@egg-mysql/app.js",
    "start": 1535451715224,
    "end": 1535451715266,
    "duration": 42,
    "pid": 13732,
    "index": 58
  },
  {
    "name": "Before Start in node_modules/_egg-mysql@3.0.0@egg-mysql/lib/mysql.js:20:7",
    "start": 1535451715459,
    "end": 1535451715852,
    "duration": 393,
    "pid": 13732,
    "index": 59
  },
  {
    "name": "Load Service",
    "start": 1535451715462,
    "end": 1535451715474,
    "duration": 12,
    "pid": 13732,
    "index": 60
  },
  {
    "name": "Load \"service\" to Context",
    "start": 1535451715463,
    "end": 1535451715474,
    "duration": 11,
    "pid": 13732,
    "index": 61
  },
  {
    "name": "Load Middleware",
    "start": 1535451715474,
    "end": 1535451715708,
    "duration": 234,
    "pid": 13732,
    "index": 62
  },
  {
    "name": "Load \"middlewares\" to Application",
    "start": 1535451715475,
    "end": 1535451715676,
    "duration": 201,
    "pid": 13732,
    "index": 63
  },
  {
    "name": "Load Controller",
    "start": 1535451715708,
    "end": 1535451715716,
    "duration": 8,
    "pid": 13732,
    "index": 64
  },
  {
    "name": "Load \"controller\" to Application",
    "start": 1535451715708,
    "end": 1535451715716,
    "duration": 8,
    "pid": 13732,
    "index": 65
  },
  {
    "name": "Load Router",
    "start": 1535451715716,
    "end": 1535451715721,
    "duration": 5,
    "pid": 13732,
    "index": 66
  },
  {
    "name": "Require(49) app/router.js",
    "start": 1535451715717,
    "end": 1535451715718,
    "duration": 1,
    "pid": 13732,
    "index": 67
  },
  {
    "name": "Before Start in node_modules/_egg-core@4.9.1@egg-core/lib/egg.js:328:10",
    "start": 1535451715718,
    "end": 1535451715768,
    "duration": 50,
    "pid": 13732,
    "index": 68
  }
]