[
  {
    "name": "Application Start",
    "start": 1535452303472,
    "end": 1535452304246,
    "duration": 774,
    "pid": 11836,
    "index": 0
  },
  {
    "name": "Load Plugin",
    "start": 1535452303479,
    "end": 1535452303522,
    "duration": 43,
    "pid": 11836,
    "index": 1
  },
  {
    "name": "Load Config",
    "start": 1535452303522,
    "end": 1535452303563,
    "duration": 41,
    "pid": 11836,
    "index": 2
  },
  {
    "name": "Require(0) config/config.default.js",
    "start": 1535452303523,
    "end": 1535452303524,
    "duration": 1,
    "pid": 11836,
    "index": 3
  },
  {
    "name": "Require(1) node_modules/_egg-session@3.1.0@egg-session/config/config.default.js",
    "start": 1535452303526,
    "end": 1535452303527,
    "duration": 1,
    "pid": 11836,
    "index": 4
  },
  {
    "name": "Require(2) node_modules/_egg-security@2.2.3@egg-security/config/config.default.js",
    "start": 1535452303528,
    "end": 1535452303529,
    "duration": 1,
    "pid": 11836,
    "index": 5
  },
  {
    "name": "Require(3) node_modules/_egg-jsonp@2.0.0@egg-jsonp/config/config.default.js",
    "start": 1535452303532,
    "end": 1535452303533,
    "duration": 1,
    "pid": 11836,
    "index": 6
  },
  {
    "name": "Require(4) node_modules/_egg-onerror@2.1.0@egg-onerror/config/config.default.js",
    "start": 1535452303534,
    "end": 1535452303534,
    "duration": 0,
    "pid": 11836,
    "index": 7
  },
  {
    "name": "Require(5) node_modules/_egg-i18n@2.0.0@egg-i18n/config/config.default.js",
    "start": 1535452303535,
    "end": 1535452303536,
    "duration": 1,
    "pid": 11836,
    "index": 8
  },
  {
    "name": "Require(6) node_modules/_egg-watcher@3.0.0@egg-watcher/config/config.default.js",
    "start": 1535452303538,
    "end": 1535452303539,
    "duration": 1,
    "pid": 11836,
    "index": 9
  },
  {
    "name": "Require(7) node_modules/_egg-multipart@2.1.0@egg-multipart/config/config.default.js",
    "start": 1535452303540,
    "end": 1535452303540,
    "duration": 0,
    "pid": 11836,
    "index": 10
  },
  {
    "name": "Require(8) node_modules/_egg-development@2.4.1@egg-development/config/config.default.js",
    "start": 1535452303541,
    "end": 1535452303542,
    "duration": 1,
    "pid": 11836,
    "index": 11
  },
  {
    "name": "Require(9) node_modules/_egg-schedule@3.3.0@egg-schedule/config/config.default.js",
    "start": 1535452303543,
    "end": 1535452303544,
    "duration": 1,
    "pid": 11836,
    "index": 12
  },
  {
    "name": "Require(10) node_modules/_egg-logrotator@3.0.3@egg-logrotator/config/config.default.js",
    "start": 1535452303545,
    "end": 1535452303546,
    "duration": 1,
    "pid": 11836,
    "index": 13
  },
  {
    "name": "Require(11) node_modules/_egg-static@2.1.1@egg-static/config/config.default.js",
    "start": 1535452303546,
    "end": 1535452303547,
    "duration": 1,
    "pid": 11836,
    "index": 14
  },
  {
    "name": "Require(12) node_modules/_egg-view@2.1.0@egg-view/config/config.default.js",
    "start": 1535452303548,
    "end": 1535452303549,
    "duration": 1,
    "pid": 11836,
    "index": 15
  },
  {
    "name": "Require(13) node_modules/_egg-view-ejs@2.0.0@egg-view-ejs/config/config.default.js",
    "start": 1535452303549,
    "end": 1535452303550,
    "duration": 1,
    "pid": 11836,
    "index": 16
  },
  {
    "name": "Require(14) node_modules/_egg-mysql@3.0.0@egg-mysql/config/config.default.js",
    "start": 1535452303551,
    "end": 1535452303551,
    "duration": 0,
    "pid": 11836,
    "index": 17
  },
  {
    "name": "Require(15) node_modules/_egg@2.10.0@egg/config/config.default.js",
    "start": 1535452303552,
    "end": 1535452303553,
    "duration": 1,
    "pid": 11836,
    "index": 18
  },
  {
    "name": "Require(16) config/config.default.js",
    "start": 1535452303555,
    "end": 1535452303555,
    "duration": 0,
    "pid": 11836,
    "index": 19
  },
  {
    "name": "Require(17) node_modules/_egg-security@2.2.3@egg-security/config/config.local.js",
    "start": 1535452303556,
    "end": 1535452303556,
    "duration": 0,
    "pid": 11836,
    "index": 20
  },
  {
    "name": "Require(18) node_modules/_egg-watcher@3.0.0@egg-watcher/config/config.local.js",
    "start": 1535452303557,
    "end": 1535452303558,
    "duration": 1,
    "pid": 11836,
    "index": 21
  },
  {
    "name": "Require(19) node_modules/_egg-view@2.1.0@egg-view/config/config.local.js",
    "start": 1535452303560,
    "end": 1535452303561,
    "duration": 1,
    "pid": 11836,
    "index": 22
  },
  {
    "name": "Require(20) node_modules/_egg-view-ejs@2.0.0@egg-view-ejs/config/config.local.js",
    "start": 1535452303561,
    "end": 1535452303562,
    "duration": 1,
    "pid": 11836,
    "index": 23
  },
  {
    "name": "Require(21) node_modules/_egg@2.10.0@egg/config/config.local.js",
    "start": 1535452303562,
    "end": 1535452303563,
    "duration": 1,
    "pid": 11836,
    "index": 24
  },
  {
    "name": "Load extend/application.js",
    "start": 1535452303565,
    "end": 1535452303593,
    "duration": 28,
    "pid": 11836,
    "index": 25
  },
  {
    "name": "Require(22) node_modules/_egg-session@3.1.0@egg-session/app/extend/application.js",
    "start": 1535452303565,
    "end": 1535452303566,
    "duration": 1,
    "pid": 11836,
    "index": 26
  },
  {
    "name": "Require(23) node_modules/_egg-security@2.2.3@egg-security/app/extend/application.js",
    "start": 1535452303567,
    "end": 1535452303568,
    "duration": 1,
    "pid": 11836,
    "index": 27
  },
  {
    "name": "Require(24) node_modules/_egg-jsonp@2.0.0@egg-jsonp/app/extend/application.js",
    "start": 1535452303571,
    "end": 1535452303575,
    "duration": 4,
    "pid": 11836,
    "index": 28
  },
  {
    "name": "Require(25) node_modules/_egg-logrotator@3.0.3@egg-logrotator/app/extend/application.js",
    "start": 1535452303581,
    "end": 1535452303584,
    "duration": 3,
    "pid": 11836,
    "index": 29
  },
  {
    "name": "Require(26) node_modules/_egg-view@2.1.0@egg-view/app/extend/application.js",
    "start": 1535452303585,
    "end": 1535452303588,
    "duration": 3,
    "pid": 11836,
    "index": 30
  },
  {
    "name": "Load extend/request.js",
    "start": 1535452303593,
    "end": 1535452303604,
    "duration": 11,
    "pid": 11836,
    "index": 31
  },
  {
    "name": "Require(27) node_modules/_egg@2.10.0@egg/app/extend/request.js",
    "start": 1535452303597,
    "end": 1535452303599,
    "duration": 2,
    "pid": 11836,
    "index": 32
  },
  {
    "name": "Load extend/response.js",
    "start": 1535452303604,
    "end": 1535452303617,
    "duration": 13,
    "pid": 11836,
    "index": 33
  },
  {
    "name": "Require(28) node_modules/_egg@2.10.0@egg/app/extend/response.js",
    "start": 1535452303609,
    "end": 1535452303613,
    "duration": 4,
    "pid": 11836,
    "index": 34
  },
  {
    "name": "Load extend/context.js",
    "start": 1535452303617,
    "end": 1535452303719,
    "duration": 102,
    "pid": 11836,
    "index": 35
  },
  {
    "name": "Require(29) node_modules/_egg-security@2.2.3@egg-security/app/extend/context.js",
    "start": 1535452303618,
    "end": 1535452303641,
    "duration": 23,
    "pid": 11836,
    "index": 36
  },
  {
    "name": "Require(30) node_modules/_egg-jsonp@2.0.0@egg-jsonp/app/extend/context.js",
    "start": 1535452303642,
    "end": 1535452303646,
    "duration": 4,
    "pid": 11836,
    "index": 37
  },
  {
    "name": "Require(31) node_modules/_egg-i18n@2.0.0@egg-i18n/app/extend/context.js",
    "start": 1535452303648,
    "end": 1535452303649,
    "duration": 1,
    "pid": 11836,
    "index": 38
  },
  {
    "name": "Require(32) node_modules/_egg-multipart@2.1.0@egg-multipart/app/extend/context.js",
    "start": 1535452303650,
    "end": 1535452303707,
    "duration": 57,
    "pid": 11836,
    "index": 39
  },
  {
    "name": "Require(33) node_modules/_egg-view@2.1.0@egg-view/app/extend/context.js",
    "start": 1535452303708,
    "end": 1535452303709,
    "duration": 1,
    "pid": 11836,
    "index": 40
  },
  {
    "name": "Require(34) node_modules/_egg@2.10.0@egg/app/extend/context.js",
    "start": 1535452303710,
    "end": 1535452303713,
    "duration": 3,
    "pid": 11836,
    "index": 41
  },
  {
    "name": "Load extend/helper.js",
    "start": 1535452303719,
    "end": 1535452303755,
    "duration": 36,
    "pid": 11836,
    "index": 42
  },
  {
    "name": "Require(35) node_modules/_egg-security@2.2.3@egg-security/app/extend/helper.js",
    "start": 1535452303720,
    "end": 1535452303747,
    "duration": 27,
    "pid": 11836,
    "index": 43
  },
  {
    "name": "Require(36) node_modules/_egg@2.10.0@egg/app/extend/helper.js",
    "start": 1535452303751,
    "end": 1535452303751,
    "duration": 0,
    "pid": 11836,
    "index": 44
  },
  {
    "name": "Load app.js",
    "start": 1535452303755,
    "end": 1535452304034,
    "duration": 279,
    "pid": 11836,
    "index": 45
  },
  {
    "name": "Require(37) node_modules/_egg-session@3.1.0@egg-session/app.js",
    "start": 1535452303756,
    "end": 1535452303756,
    "duration": 0,
    "pid": 11836,
    "index": 46
  },
  {
    "name": "Require(38) node_modules/_egg-security@2.2.3@egg-security/app.js",
    "start": 1535452303757,
    "end": 1535452303760,
    "duration": 3,
    "pid": 11836,
    "index": 47
  },
  {
    "name": "Require(39) node_modules/_egg-onerror@2.1.0@egg-onerror/app.js",
    "start": 1535452303761,
    "end": 1535452303778,
    "duration": 17,
    "pid": 11836,
    "index": 48
  },
  {
    "name": "Require(40) node_modules/_egg-i18n@2.0.0@egg-i18n/app.js",
    "start": 1535452303781,
    "end": 1535452303799,
    "duration": 18,
    "pid": 11836,
    "index": 49
  },
  {
    "name": "Require(41) node_modules/_egg-watcher@3.0.0@egg-watcher/app.js",
    "start": 1535452303804,
    "end": 1535452303811,
    "duration": 7,
    "pid": 11836,
    "index": 50
  },
  {
    "name": "Before Start in node_modules/_egg-watcher@3.0.0@egg-watcher/app.js:15:7",
    "start": 1535452303824,
    "end": 1535452304243,
    "duration": 419,
    "pid": 11836,
    "index": 51
  },
  {
    "name": "Require(42) node_modules/_egg-multipart@2.1.0@egg-multipart/app.js",
    "start": 1535452303826,
    "end": 1535452303830,
    "duration": 4,
    "pid": 11836,
    "index": 52
  },
  {
    "name": "Require(43) node_modules/_egg-development@2.4.1@egg-development/app.js",
    "start": 1535452303832,
    "end": 1535452303832,
    "duration": 0,
    "pid": 11836,
    "index": 53
  },
  {
    "name": "Require(44) node_modules/_egg-schedule@3.3.0@egg-schedule/app.js",
    "start": 1535452303832,
    "end": 1535452303835,
    "duration": 3,
    "pid": 11836,
    "index": 54
  },
  {
    "name": "Require(45) node_modules/_egg-logrotator@3.0.3@egg-logrotator/app.js",
    "start": 1535452303883,
    "end": 1535452303883,
    "duration": 0,
    "pid": 11836,
    "index": 55
  },
  {
    "name": "Require(46) node_modules/_egg-static@2.1.1@egg-static/app.js",
    "start": 1535452303884,
    "end": 1535452303884,
    "duration": 0,
    "pid": 11836,
    "index": 56
  },
  {
    "name": "Require(47) node_modules/_egg-view-ejs@2.0.0@egg-view-ejs/app.js",
    "start": 1535452303885,
    "end": 1535452303886,
    "duration": 1,
    "pid": 11836,
    "index": 57
  },
  {
    "name": "Require(48) node_modules/_egg-mysql@3.0.0@egg-mysql/app.js",
    "start": 1535452303893,
    "end": 1535452303918,
    "duration": 25,
    "pid": 11836,
    "index": 58
  },
  {
    "name": "Before Start in node_modules/_egg-mysql@3.0.0@egg-mysql/lib/mysql.js:20:7",
    "start": 1535452304031,
    "end": 1535452304246,
    "duration": 215,
    "pid": 11836,
    "index": 59
  },
  {
    "name": "Load Service",
    "start": 1535452304034,
    "end": 1535452304040,
    "duration": 6,
    "pid": 11836,
    "index": 60
  },
  {
    "name": "Load \"service\" to Context",
    "start": 1535452304034,
    "end": 1535452304040,
    "duration": 6,
    "pid": 11836,
    "index": 61
  },
  {
    "name": "Load Middleware",
    "start": 1535452304041,
    "end": 1535452304180,
    "duration": 139,
    "pid": 11836,
    "index": 62
  },
  {
    "name": "Load \"middlewares\" to Application",
    "start": 1535452304041,
    "end": 1535452304161,
    "duration": 120,
    "pid": 11836,
    "index": 63
  },
  {
    "name": "Load Controller",
    "start": 1535452304180,
    "end": 1535452304184,
    "duration": 4,
    "pid": 11836,
    "index": 64
  },
  {
    "name": "Load \"controller\" to Application",
    "start": 1535452304180,
    "end": 1535452304184,
    "duration": 4,
    "pid": 11836,
    "index": 65
  },
  {
    "name": "Load Router",
    "start": 1535452304184,
    "end": 1535452304189,
    "duration": 5,
    "pid": 11836,
    "index": 66
  },
  {
    "name": "Require(49) app/router.js",
    "start": 1535452304185,
    "end": 1535452304186,
    "duration": 1,
    "pid": 11836,
    "index": 67
  },
  {
    "name": "Before Start in node_modules/_egg-core@4.9.1@egg-core/lib/egg.js:328:10",
    "start": 1535452304187,
    "end": 1535452304218,
    "duration": 31,
    "pid": 11836,
    "index": 68
  }
]