[
  {
    "name": "Application Start",
    "start": 1535468097536,
    "end": 1535468098277,
    "duration": 741,
    "pid": 12964,
    "index": 0
  },
  {
    "name": "Load Plugin",
    "start": 1535468097543,
    "end": 1535468097587,
    "duration": 44,
    "pid": 12964,
    "index": 1
  },
  {
    "name": "Load Config",
    "start": 1535468097587,
    "end": 1535468097624,
    "duration": 37,
    "pid": 12964,
    "index": 2
  },
  {
    "name": "Require(0) config/config.default.js",
    "start": 1535468097589,
    "end": 1535468097590,
    "duration": 1,
    "pid": 12964,
    "index": 3
  },
  {
    "name": "Require(1) node_modules/_egg-session@3.1.0@egg-session/config/config.default.js",
    "start": 1535468097594,
    "end": 1535468097595,
    "duration": 1,
    "pid": 12964,
    "index": 4
  },
  {
    "name": "Require(2) node_modules/_egg-security@2.2.3@egg-security/config/config.default.js",
    "start": 1535468097596,
    "end": 1535468097596,
    "duration": 0,
    "pid": 12964,
    "index": 5
  },
  {
    "name": "Require(3) node_modules/_egg-jsonp@2.0.0@egg-jsonp/config/config.default.js",
    "start": 1535468097601,
    "end": 1535468097601,
    "duration": 0,
    "pid": 12964,
    "index": 6
  },
  {
    "name": "Require(4) node_modules/_egg-onerror@2.1.0@egg-onerror/config/config.default.js",
    "start": 1535468097602,
    "end": 1535468097603,
    "duration": 1,
    "pid": 12964,
    "index": 7
  },
  {
    "name": "Require(5) node_modules/_egg-i18n@2.0.0@egg-i18n/config/config.default.js",
    "start": 1535468097603,
    "end": 1535468097604,
    "duration": 1,
    "pid": 12964,
    "index": 8
  },
  {
    "name": "Require(6) node_modules/_egg-watcher@3.0.0@egg-watcher/config/config.default.js",
    "start": 1535468097604,
    "end": 1535468097605,
    "duration": 1,
    "pid": 12964,
    "index": 9
  },
  {
    "name": "Require(7) node_modules/_egg-multipart@2.1.0@egg-multipart/config/config.default.js",
    "start": 1535468097605,
    "end": 1535468097606,
    "duration": 1,
    "pid": 12964,
    "index": 10
  },
  {
    "name": "Require(8) node_modules/_egg-development@2.4.1@egg-development/config/config.default.js",
    "start": 1535468097607,
    "end": 1535468097608,
    "duration": 1,
    "pid": 12964,
    "index": 11
  },
  {
    "name": "Require(9) node_modules/_egg-schedule@3.3.0@egg-schedule/config/config.default.js",
    "start": 1535468097609,
    "end": 1535468097609,
    "duration": 0,
    "pid": 12964,
    "index": 12
  },
  {
    "name": "Require(10) node_modules/_egg-logrotator@3.0.3@egg-logrotator/config/config.default.js",
    "start": 1535468097610,
    "end": 1535468097610,
    "duration": 0,
    "pid": 12964,
    "index": 13
  },
  {
    "name": "Require(11) node_modules/_egg-static@2.1.1@egg-static/config/config.default.js",
    "start": 1535468097611,
    "end": 1535468097611,
    "duration": 0,
    "pid": 12964,
    "index": 14
  },
  {
    "name": "Require(12) node_modules/_egg-view@2.1.0@egg-view/config/config.default.js",
    "start": 1535468097612,
    "end": 1535468097612,
    "duration": 0,
    "pid": 12964,
    "index": 15
  },
  {
    "name": "Require(13) node_modules/_egg-view-ejs@2.0.0@egg-view-ejs/config/config.default.js",
    "start": 1535468097613,
    "end": 1535468097613,
    "duration": 0,
    "pid": 12964,
    "index": 16
  },
  {
    "name": "Require(14) node_modules/_egg-mysql@3.0.0@egg-mysql/config/config.default.js",
    "start": 1535468097614,
    "end": 1535468097614,
    "duration": 0,
    "pid": 12964,
    "index": 17
  },
  {
    "name": "Require(15) node_modules/_egg@2.10.0@egg/config/config.default.js",
    "start": 1535468097615,
    "end": 1535468097615,
    "duration": 0,
    "pid": 12964,
    "index": 18
  },
  {
    "name": "Require(16) config/config.default.js",
    "start": 1535468097617,
    "end": 1535468097617,
    "duration": 0,
    "pid": 12964,
    "index": 19
  },
  {
    "name": "Require(17) node_modules/_egg-security@2.2.3@egg-security/config/config.local.js",
    "start": 1535468097618,
    "end": 1535468097618,
    "duration": 0,
    "pid": 12964,
    "index": 20
  },
  {
    "name": "Require(18) node_modules/_egg-watcher@3.0.0@egg-watcher/config/config.local.js",
    "start": 1535468097620,
    "end": 1535468097620,
    "duration": 0,
    "pid": 12964,
    "index": 21
  },
  {
    "name": "Require(19) node_modules/_egg-view@2.1.0@egg-view/config/config.local.js",
    "start": 1535468097622,
    "end": 1535468097622,
    "duration": 0,
    "pid": 12964,
    "index": 22
  },
  {
    "name": "Require(20) node_modules/_egg-view-ejs@2.0.0@egg-view-ejs/config/config.local.js",
    "start": 1535468097623,
    "end": 1535468097623,
    "duration": 0,
    "pid": 12964,
    "index": 23
  },
  {
    "name": "Require(21) node_modules/_egg@2.10.0@egg/config/config.local.js",
    "start": 1535468097624,
    "end": 1535468097624,
    "duration": 0,
    "pid": 12964,
    "index": 24
  },
  {
    "name": "Load extend/application.js",
    "start": 1535468097626,
    "end": 1535468097662,
    "duration": 36,
    "pid": 12964,
    "index": 25
  },
  {
    "name": "Require(22) node_modules/_egg-session@3.1.0@egg-session/app/extend/application.js",
    "start": 1535468097627,
    "end": 1535468097628,
    "duration": 1,
    "pid": 12964,
    "index": 26
  },
  {
    "name": "Require(23) node_modules/_egg-security@2.2.3@egg-security/app/extend/application.js",
    "start": 1535468097629,
    "end": 1535468097631,
    "duration": 2,
    "pid": 12964,
    "index": 27
  },
  {
    "name": "Require(24) node_modules/_egg-jsonp@2.0.0@egg-jsonp/app/extend/application.js",
    "start": 1535468097632,
    "end": 1535468097636,
    "duration": 4,
    "pid": 12964,
    "index": 28
  },
  {
    "name": "Require(25) node_modules/_egg-logrotator@3.0.3@egg-logrotator/app/extend/application.js",
    "start": 1535468097639,
    "end": 1535468097644,
    "duration": 5,
    "pid": 12964,
    "index": 29
  },
  {
    "name": "Require(26) node_modules/_egg-view@2.1.0@egg-view/app/extend/application.js",
    "start": 1535468097645,
    "end": 1535468097648,
    "duration": 3,
    "pid": 12964,
    "index": 30
  },
  {
    "name": "Load extend/request.js",
    "start": 1535468097662,
    "end": 1535468097675,
    "duration": 13,
    "pid": 12964,
    "index": 31
  },
  {
    "name": "Require(27) node_modules/_egg@2.10.0@egg/app/extend/request.js",
    "start": 1535468097667,
    "end": 1535468097669,
    "duration": 2,
    "pid": 12964,
    "index": 32
  },
  {
    "name": "Load extend/response.js",
    "start": 1535468097675,
    "end": 1535468097688,
    "duration": 13,
    "pid": 12964,
    "index": 33
  },
  {
    "name": "Require(28) node_modules/_egg@2.10.0@egg/app/extend/response.js",
    "start": 1535468097679,
    "end": 1535468097683,
    "duration": 4,
    "pid": 12964,
    "index": 34
  },
  {
    "name": "Load extend/context.js",
    "start": 1535468097688,
    "end": 1535468097788,
    "duration": 100,
    "pid": 12964,
    "index": 35
  },
  {
    "name": "Require(29) node_modules/_egg-security@2.2.3@egg-security/app/extend/context.js",
    "start": 1535468097689,
    "end": 1535468097712,
    "duration": 23,
    "pid": 12964,
    "index": 36
  },
  {
    "name": "Require(30) node_modules/_egg-jsonp@2.0.0@egg-jsonp/app/extend/context.js",
    "start": 1535468097713,
    "end": 1535468097716,
    "duration": 3,
    "pid": 12964,
    "index": 37
  },
  {
    "name": "Require(31) node_modules/_egg-i18n@2.0.0@egg-i18n/app/extend/context.js",
    "start": 1535468097718,
    "end": 1535468097718,
    "duration": 0,
    "pid": 12964,
    "index": 38
  },
  {
    "name": "Require(32) node_modules/_egg-multipart@2.1.0@egg-multipart/app/extend/context.js",
    "start": 1535468097719,
    "end": 1535468097777,
    "duration": 58,
    "pid": 12964,
    "index": 39
  },
  {
    "name": "Require(33) node_modules/_egg-view@2.1.0@egg-view/app/extend/context.js",
    "start": 1535468097778,
    "end": 1535468097779,
    "duration": 1,
    "pid": 12964,
    "index": 40
  },
  {
    "name": "Require(34) node_modules/_egg@2.10.0@egg/app/extend/context.js",
    "start": 1535468097780,
    "end": 1535468097784,
    "duration": 4,
    "pid": 12964,
    "index": 41
  },
  {
    "name": "Load extend/helper.js",
    "start": 1535468097788,
    "end": 1535468097826,
    "duration": 38,
    "pid": 12964,
    "index": 42
  },
  {
    "name": "Require(35) node_modules/_egg-security@2.2.3@egg-security/app/extend/helper.js",
    "start": 1535468097789,
    "end": 1535468097816,
    "duration": 27,
    "pid": 12964,
    "index": 43
  },
  {
    "name": "Require(36) node_modules/_egg@2.10.0@egg/app/extend/helper.js",
    "start": 1535468097819,
    "end": 1535468097820,
    "duration": 1,
    "pid": 12964,
    "index": 44
  },
  {
    "name": "Load app.js",
    "start": 1535468097827,
    "end": 1535468098084,
    "duration": 257,
    "pid": 12964,
    "index": 45
  },
  {
    "name": "Require(37) node_modules/_egg-session@3.1.0@egg-session/app.js",
    "start": 1535468097827,
    "end": 1535468097828,
    "duration": 1,
    "pid": 12964,
    "index": 46
  },
  {
    "name": "Require(38) node_modules/_egg-security@2.2.3@egg-security/app.js",
    "start": 1535468097829,
    "end": 1535468097834,
    "duration": 5,
    "pid": 12964,
    "index": 47
  },
  {
    "name": "Require(39) node_modules/_egg-onerror@2.1.0@egg-onerror/app.js",
    "start": 1535468097836,
    "end": 1535468097850,
    "duration": 14,
    "pid": 12964,
    "index": 48
  },
  {
    "name": "Require(40) node_modules/_egg-i18n@2.0.0@egg-i18n/app.js",
    "start": 1535468097851,
    "end": 1535468097865,
    "duration": 14,
    "pid": 12964,
    "index": 49
  },
  {
    "name": "Require(41) node_modules/_egg-watcher@3.0.0@egg-watcher/app.js",
    "start": 1535468097870,
    "end": 1535468097877,
    "duration": 7,
    "pid": 12964,
    "index": 50
  },
  {
    "name": "Before Start in node_modules/_egg-watcher@3.0.0@egg-watcher/app.js:15:7",
    "start": 1535468097888,
    "end": 1535468098273,
    "duration": 385,
    "pid": 12964,
    "index": 51
  },
  {
    "name": "Require(42) node_modules/_egg-multipart@2.1.0@egg-multipart/app.js",
    "start": 1535468097890,
    "end": 1535468097899,
    "duration": 9,
    "pid": 12964,
    "index": 52
  },
  {
    "name": "Require(43) node_modules/_egg-development@2.4.1@egg-development/app.js",
    "start": 1535468097900,
    "end": 1535468097901,
    "duration": 1,
    "pid": 12964,
    "index": 53
  },
  {
    "name": "Require(44) node_modules/_egg-schedule@3.3.0@egg-schedule/app.js",
    "start": 1535468097901,
    "end": 1535468097905,
    "duration": 4,
    "pid": 12964,
    "index": 54
  },
  {
    "name": "Require(45) node_modules/_egg-logrotator@3.0.3@egg-logrotator/app.js",
    "start": 1535468097953,
    "end": 1535468097954,
    "duration": 1,
    "pid": 12964,
    "index": 55
  },
  {
    "name": "Require(46) node_modules/_egg-static@2.1.1@egg-static/app.js",
    "start": 1535468097954,
    "end": 1535468097955,
    "duration": 1,
    "pid": 12964,
    "index": 56
  },
  {
    "name": "Require(47) node_modules/_egg-view-ejs@2.0.0@egg-view-ejs/app.js",
    "start": 1535468097956,
    "end": 1535468097956,
    "duration": 0,
    "pid": 12964,
    "index": 57
  },
  {
    "name": "Require(48) node_modules/_egg-mysql@3.0.0@egg-mysql/app.js",
    "start": 1535468097963,
    "end": 1535468097987,
    "duration": 24,
    "pid": 12964,
    "index": 58
  },
  {
    "name": "Before Start in node_modules/_egg-mysql@3.0.0@egg-mysql/lib/mysql.js:20:7",
    "start": 1535468098082,
    "end": 1535468098277,
    "duration": 195,
    "pid": 12964,
    "index": 59
  },
  {
    "name": "Load Service",
    "start": 1535468098084,
    "end": 1535468098091,
    "duration": 7,
    "pid": 12964,
    "index": 60
  },
  {
    "name": "Load \"service\" to Context",
    "start": 1535468098085,
    "end": 1535468098091,
    "duration": 6,
    "pid": 12964,
    "index": 61
  },
  {
    "name": "Load Middleware",
    "start": 1535468098091,
    "end": 1535468098223,
    "duration": 132,
    "pid": 12964,
    "index": 62
  },
  {
    "name": "Load \"middlewares\" to Application",
    "start": 1535468098091,
    "end": 1535468098206,
    "duration": 115,
    "pid": 12964,
    "index": 63
  },
  {
    "name": "Load Controller",
    "start": 1535468098223,
    "end": 1535468098226,
    "duration": 3,
    "pid": 12964,
    "index": 64
  },
  {
    "name": "Load \"controller\" to Application",
    "start": 1535468098223,
    "end": 1535468098226,
    "duration": 3,
    "pid": 12964,
    "index": 65
  },
  {
    "name": "Load Router",
    "start": 1535468098226,
    "end": 1535468098229,
    "duration": 3,
    "pid": 12964,
    "index": 66
  },
  {
    "name": "Require(49) app/router.js",
    "start": 1535468098227,
    "end": 1535468098227,
    "duration": 0,
    "pid": 12964,
    "index": 67
  },
  {
    "name": "Before Start in node_modules/_egg-core@4.9.1@egg-core/lib/egg.js:328:10",
    "start": 1535468098228,
    "end": 1535468098252,
    "duration": 24,
    "pid": 12964,
    "index": 68
  }
]