[
  {
    "name": "Application Start",
    "start": 1535451709414,
    "end": 1535451710307,
    "duration": 893,
    "pid": 3136,
    "index": 0
  },
  {
    "name": "Load Plugin",
    "start": 1535451709423,
    "end": 1535451709457,
    "duration": 34,
    "pid": 3136,
    "index": 1
  },
  {
    "name": "Load Config",
    "start": 1535451709457,
    "end": 1535451709501,
    "duration": 44,
    "pid": 3136,
    "index": 2
  },
  {
    "name": "Require(0) config/config.default.js",
    "start": 1535451709458,
    "end": 1535451709458,
    "duration": 0,
    "pid": 3136,
    "index": 3
  },
  {
    "name": "Require(1) node_modules/_egg-session@3.1.0@egg-session/config/config.default.js",
    "start": 1535451709461,
    "end": 1535451709461,
    "duration": 0,
    "pid": 3136,
    "index": 4
  },
  {
    "name": "Require(2) node_modules/_egg-security@2.2.3@egg-security/config/config.default.js",
    "start": 1535451709462,
    "end": 1535451709462,
    "duration": 0,
    "pid": 3136,
    "index": 5
  },
  {
    "name": "Require(3) node_modules/_egg-jsonp@2.0.0@egg-jsonp/config/config.default.js",
    "start": 1535451709464,
    "end": 1535451709464,
    "duration": 0,
    "pid": 3136,
    "index": 6
  },
  {
    "name": "Require(4) node_modules/_egg-onerror@2.1.0@egg-onerror/config/config.default.js",
    "start": 1535451709465,
    "end": 1535451709465,
    "duration": 0,
    "pid": 3136,
    "index": 7
  },
  {
    "name": "Require(5) node_modules/_egg-i18n@2.0.0@egg-i18n/config/config.default.js",
    "start": 1535451709466,
    "end": 1535451709466,
    "duration": 0,
    "pid": 3136,
    "index": 8
  },
  {
    "name": "Require(6) node_modules/_egg-watcher@3.0.0@egg-watcher/config/config.default.js",
    "start": 1535451709467,
    "end": 1535451709467,
    "duration": 0,
    "pid": 3136,
    "index": 9
  },
  {
    "name": "Require(7) node_modules/_egg-multipart@2.1.0@egg-multipart/config/config.default.js",
    "start": 1535451709469,
    "end": 1535451709469,
    "duration": 0,
    "pid": 3136,
    "index": 10
  },
  {
    "name": "Require(8) node_modules/_egg-development@2.4.1@egg-development/config/config.default.js",
    "start": 1535451709470,
    "end": 1535451709470,
    "duration": 0,
    "pid": 3136,
    "index": 11
  },
  {
    "name": "Require(9) node_modules/_egg-schedule@3.3.0@egg-schedule/config/config.default.js",
    "start": 1535451709471,
    "end": 1535451709471,
    "duration": 0,
    "pid": 3136,
    "index": 12
  },
  {
    "name": "Require(10) node_modules/_egg-logrotator@3.0.3@egg-logrotator/config/config.default.js",
    "start": 1535451709472,
    "end": 1535451709473,
    "duration": 1,
    "pid": 3136,
    "index": 13
  },
  {
    "name": "Require(11) node_modules/_egg-static@2.1.1@egg-static/config/config.default.js",
    "start": 1535451709474,
    "end": 1535451709475,
    "duration": 1,
    "pid": 3136,
    "index": 14
  },
  {
    "name": "Require(12) node_modules/_egg-view@2.1.0@egg-view/config/config.default.js",
    "start": 1535451709476,
    "end": 1535451709477,
    "duration": 1,
    "pid": 3136,
    "index": 15
  },
  {
    "name": "Require(13) node_modules/_egg-view-ejs@2.0.0@egg-view-ejs/config/config.default.js",
    "start": 1535451709478,
    "end": 1535451709478,
    "duration": 0,
    "pid": 3136,
    "index": 16
  },
  {
    "name": "Require(14) node_modules/_egg-mysql@3.0.0@egg-mysql/config/config.default.js",
    "start": 1535451709480,
    "end": 1535451709481,
    "duration": 1,
    "pid": 3136,
    "index": 17
  },
  {
    "name": "Require(15) node_modules/_egg@2.10.0@egg/config/config.default.js",
    "start": 1535451709482,
    "end": 1535451709484,
    "duration": 2,
    "pid": 3136,
    "index": 18
  },
  {
    "name": "Require(16) config/config.default.js",
    "start": 1535451709487,
    "end": 1535451709487,
    "duration": 0,
    "pid": 3136,
    "index": 19
  },
  {
    "name": "Require(17) node_modules/_egg-security@2.2.3@egg-security/config/config.local.js",
    "start": 1535451709488,
    "end": 1535451709489,
    "duration": 1,
    "pid": 3136,
    "index": 20
  },
  {
    "name": "Require(18) node_modules/_egg-watcher@3.0.0@egg-watcher/config/config.local.js",
    "start": 1535451709493,
    "end": 1535451709493,
    "duration": 0,
    "pid": 3136,
    "index": 21
  },
  {
    "name": "Require(19) node_modules/_egg-view@2.1.0@egg-view/config/config.local.js",
    "start": 1535451709496,
    "end": 1535451709496,
    "duration": 0,
    "pid": 3136,
    "index": 22
  },
  {
    "name": "Require(20) node_modules/_egg-view-ejs@2.0.0@egg-view-ejs/config/config.local.js",
    "start": 1535451709497,
    "end": 1535451709497,
    "duration": 0,
    "pid": 3136,
    "index": 23
  },
  {
    "name": "Require(21) node_modules/_egg@2.10.0@egg/config/config.local.js",
    "start": 1535451709500,
    "end": 1535451709501,
    "duration": 1,
    "pid": 3136,
    "index": 24
  },
  {
    "name": "Load extend/application.js",
    "start": 1535451709507,
    "end": 1535451709529,
    "duration": 22,
    "pid": 3136,
    "index": 25
  },
  {
    "name": "Require(22) node_modules/_egg-session@3.1.0@egg-session/app/extend/application.js",
    "start": 1535451709508,
    "end": 1535451709509,
    "duration": 1,
    "pid": 3136,
    "index": 26
  },
  {
    "name": "Require(23) node_modules/_egg-security@2.2.3@egg-security/app/extend/application.js",
    "start": 1535451709509,
    "end": 1535451709511,
    "duration": 2,
    "pid": 3136,
    "index": 27
  },
  {
    "name": "Require(24) node_modules/_egg-jsonp@2.0.0@egg-jsonp/app/extend/application.js",
    "start": 1535451709511,
    "end": 1535451709515,
    "duration": 4,
    "pid": 3136,
    "index": 28
  },
  {
    "name": "Require(25) node_modules/_egg-logrotator@3.0.3@egg-logrotator/app/extend/application.js",
    "start": 1535451709517,
    "end": 1535451709521,
    "duration": 4,
    "pid": 3136,
    "index": 29
  },
  {
    "name": "Require(26) node_modules/_egg-view@2.1.0@egg-view/app/extend/application.js",
    "start": 1535451709522,
    "end": 1535451709524,
    "duration": 2,
    "pid": 3136,
    "index": 30
  },
  {
    "name": "Load extend/request.js",
    "start": 1535451709530,
    "end": 1535451709541,
    "duration": 11,
    "pid": 3136,
    "index": 31
  },
  {
    "name": "Require(27) node_modules/_egg@2.10.0@egg/app/extend/request.js",
    "start": 1535451709534,
    "end": 1535451709536,
    "duration": 2,
    "pid": 3136,
    "index": 32
  },
  {
    "name": "Load extend/response.js",
    "start": 1535451709541,
    "end": 1535451709553,
    "duration": 12,
    "pid": 3136,
    "index": 33
  },
  {
    "name": "Require(28) node_modules/_egg@2.10.0@egg/app/extend/response.js",
    "start": 1535451709545,
    "end": 1535451709549,
    "duration": 4,
    "pid": 3136,
    "index": 34
  },
  {
    "name": "Load extend/context.js",
    "start": 1535451709553,
    "end": 1535451709731,
    "duration": 178,
    "pid": 3136,
    "index": 35
  },
  {
    "name": "Require(29) node_modules/_egg-security@2.2.3@egg-security/app/extend/context.js",
    "start": 1535451709554,
    "end": 1535451709588,
    "duration": 34,
    "pid": 3136,
    "index": 36
  },
  {
    "name": "Require(30) node_modules/_egg-jsonp@2.0.0@egg-jsonp/app/extend/context.js",
    "start": 1535451709589,
    "end": 1535451709591,
    "duration": 2,
    "pid": 3136,
    "index": 37
  },
  {
    "name": "Require(31) node_modules/_egg-i18n@2.0.0@egg-i18n/app/extend/context.js",
    "start": 1535451709593,
    "end": 1535451709594,
    "duration": 1,
    "pid": 3136,
    "index": 38
  },
  {
    "name": "Require(32) node_modules/_egg-multipart@2.1.0@egg-multipart/app/extend/context.js",
    "start": 1535451709596,
    "end": 1535451709715,
    "duration": 119,
    "pid": 3136,
    "index": 39
  },
  {
    "name": "Require(33) node_modules/_egg-view@2.1.0@egg-view/app/extend/context.js",
    "start": 1535451709718,
    "end": 1535451709720,
    "duration": 2,
    "pid": 3136,
    "index": 40
  },
  {
    "name": "Require(34) node_modules/_egg@2.10.0@egg/app/extend/context.js",
    "start": 1535451709721,
    "end": 1535451709725,
    "duration": 4,
    "pid": 3136,
    "index": 41
  },
  {
    "name": "Load extend/helper.js",
    "start": 1535451709732,
    "end": 1535451709789,
    "duration": 57,
    "pid": 3136,
    "index": 42
  },
  {
    "name": "Require(35) node_modules/_egg-security@2.2.3@egg-security/app/extend/helper.js",
    "start": 1535451709733,
    "end": 1535451709769,
    "duration": 36,
    "pid": 3136,
    "index": 43
  },
  {
    "name": "Require(36) node_modules/_egg@2.10.0@egg/app/extend/helper.js",
    "start": 1535451709782,
    "end": 1535451709783,
    "duration": 1,
    "pid": 3136,
    "index": 44
  },
  {
    "name": "Load app.js",
    "start": 1535451709789,
    "end": 1535451710079,
    "duration": 290,
    "pid": 3136,
    "index": 45
  },
  {
    "name": "Require(37) node_modules/_egg-session@3.1.0@egg-session/app.js",
    "start": 1535451709791,
    "end": 1535451709791,
    "duration": 0,
    "pid": 3136,
    "index": 46
  },
  {
    "name": "Require(38) node_modules/_egg-security@2.2.3@egg-security/app.js",
    "start": 1535451709792,
    "end": 1535451709797,
    "duration": 5,
    "pid": 3136,
    "index": 47
  },
  {
    "name": "Require(39) node_modules/_egg-onerror@2.1.0@egg-onerror/app.js",
    "start": 1535451709799,
    "end": 1535451709826,
    "duration": 27,
    "pid": 3136,
    "index": 48
  },
  {
    "name": "Require(40) node_modules/_egg-i18n@2.0.0@egg-i18n/app.js",
    "start": 1535451709828,
    "end": 1535451709840,
    "duration": 12,
    "pid": 3136,
    "index": 49
  },
  {
    "name": "Require(41) node_modules/_egg-watcher@3.0.0@egg-watcher/app.js",
    "start": 1535451709845,
    "end": 1535451709851,
    "duration": 6,
    "pid": 3136,
    "index": 50
  },
  {
    "name": "Before Start in node_modules/_egg-watcher@3.0.0@egg-watcher/app.js:15:7",
    "start": 1535451709863,
    "end": 1535451710300,
    "duration": 437,
    "pid": 3136,
    "index": 51
  },
  {
    "name": "Require(42) node_modules/_egg-multipart@2.1.0@egg-multipart/app.js",
    "start": 1535451709864,
    "end": 1535451709869,
    "duration": 5,
    "pid": 3136,
    "index": 52
  },
  {
    "name": "Require(43) node_modules/_egg-development@2.4.1@egg-development/app.js",
    "start": 1535451709870,
    "end": 1535451709871,
    "duration": 1,
    "pid": 3136,
    "index": 53
  },
  {
    "name": "Require(44) node_modules/_egg-schedule@3.3.0@egg-schedule/app.js",
    "start": 1535451709871,
    "end": 1535451709874,
    "duration": 3,
    "pid": 3136,
    "index": 54
  },
  {
    "name": "Require(45) node_modules/_egg-logrotator@3.0.3@egg-logrotator/app.js",
    "start": 1535451709926,
    "end": 1535451709926,
    "duration": 0,
    "pid": 3136,
    "index": 55
  },
  {
    "name": "Require(46) node_modules/_egg-static@2.1.1@egg-static/app.js",
    "start": 1535451709927,
    "end": 1535451709927,
    "duration": 0,
    "pid": 3136,
    "index": 56
  },
  {
    "name": "Require(47) node_modules/_egg-view-ejs@2.0.0@egg-view-ejs/app.js",
    "start": 1535451709928,
    "end": 1535451709928,
    "duration": 0,
    "pid": 3136,
    "index": 57
  },
  {
    "name": "Require(48) node_modules/_egg-mysql@3.0.0@egg-mysql/app.js",
    "start": 1535451709936,
    "end": 1535451709964,
    "duration": 28,
    "pid": 3136,
    "index": 58
  },
  {
    "name": "Before Start in node_modules/_egg-mysql@3.0.0@egg-mysql/lib/mysql.js:20:7",
    "start": 1535451710077,
    "end": 1535451710306,
    "duration": 229,
    "pid": 3136,
    "index": 59
  },
  {
    "name": "Load Service",
    "start": 1535451710079,
    "end": 1535451710090,
    "duration": 11,
    "pid": 3136,
    "index": 60
  },
  {
    "name": "Load \"service\" to Context",
    "start": 1535451710080,
    "end": 1535451710090,
    "duration": 10,
    "pid": 3136,
    "index": 61
  },
  {
    "name": "Load Middleware",
    "start": 1535451710091,
    "end": 1535451710231,
    "duration": 140,
    "pid": 3136,
    "index": 62
  },
  {
    "name": "Load \"middlewares\" to Application",
    "start": 1535451710092,
    "end": 1535451710208,
    "duration": 116,
    "pid": 3136,
    "index": 63
  },
  {
    "name": "Load Controller",
    "start": 1535451710231,
    "end": 1535451710236,
    "duration": 5,
    "pid": 3136,
    "index": 64
  },
  {
    "name": "Load \"controller\" to Application",
    "start": 1535451710231,
    "end": 1535451710236,
    "duration": 5,
    "pid": 3136,
    "index": 65
  },
  {
    "name": "Load Router",
    "start": 1535451710236,
    "end": 1535451710241,
    "duration": 5,
    "pid": 3136,
    "index": 66
  },
  {
    "name": "Require(49) app/router.js",
    "start": 1535451710237,
    "end": 1535451710238,
    "duration": 1,
    "pid": 3136,
    "index": 67
  },
  {
    "name": "Before Start in node_modules/_egg-core@4.9.1@egg-core/lib/egg.js:328:10",
    "start": 1535451710238,
    "end": 1535451710271,
    "duration": 33,
    "pid": 3136,
    "index": 68
  }
]