[
  {
    "name": "Application Start",
    "start": 1535452378350,
    "end": 1535452379124,
    "duration": 774,
    "pid": 2940,
    "index": 0
  },
  {
    "name": "Load Plugin",
    "start": 1535452378357,
    "end": 1535452378391,
    "duration": 34,
    "pid": 2940,
    "index": 1
  },
  {
    "name": "Load Config",
    "start": 1535452378391,
    "end": 1535452378426,
    "duration": 35,
    "pid": 2940,
    "index": 2
  },
  {
    "name": "Require(0) config/config.default.js",
    "start": 1535452378392,
    "end": 1535452378393,
    "duration": 1,
    "pid": 2940,
    "index": 3
  },
  {
    "name": "Require(1) node_modules/_egg-session@3.1.0@egg-session/config/config.default.js",
    "start": 1535452378395,
    "end": 1535452378395,
    "duration": 0,
    "pid": 2940,
    "index": 4
  },
  {
    "name": "Require(2) node_modules/_egg-security@2.2.3@egg-security/config/config.default.js",
    "start": 1535452378396,
    "end": 1535452378397,
    "duration": 1,
    "pid": 2940,
    "index": 5
  },
  {
    "name": "Require(3) node_modules/_egg-jsonp@2.0.0@egg-jsonp/config/config.default.js",
    "start": 1535452378398,
    "end": 1535452378398,
    "duration": 0,
    "pid": 2940,
    "index": 6
  },
  {
    "name": "Require(4) node_modules/_egg-onerror@2.1.0@egg-onerror/config/config.default.js",
    "start": 1535452378399,
    "end": 1535452378399,
    "duration": 0,
    "pid": 2940,
    "index": 7
  },
  {
    "name": "Require(5) node_modules/_egg-i18n@2.0.0@egg-i18n/config/config.default.js",
    "start": 1535452378400,
    "end": 1535452378400,
    "duration": 0,
    "pid": 2940,
    "index": 8
  },
  {
    "name": "Require(6) node_modules/_egg-watcher@3.0.0@egg-watcher/config/config.default.js",
    "start": 1535452378401,
    "end": 1535452378402,
    "duration": 1,
    "pid": 2940,
    "index": 9
  },
  {
    "name": "Require(7) node_modules/_egg-multipart@2.1.0@egg-multipart/config/config.default.js",
    "start": 1535452378402,
    "end": 1535452378403,
    "duration": 1,
    "pid": 2940,
    "index": 10
  },
  {
    "name": "Require(8) node_modules/_egg-development@2.4.1@egg-development/config/config.default.js",
    "start": 1535452378404,
    "end": 1535452378405,
    "duration": 1,
    "pid": 2940,
    "index": 11
  },
  {
    "name": "Require(9) node_modules/_egg-schedule@3.3.0@egg-schedule/config/config.default.js",
    "start": 1535452378405,
    "end": 1535452378406,
    "duration": 1,
    "pid": 2940,
    "index": 12
  },
  {
    "name": "Require(10) node_modules/_egg-logrotator@3.0.3@egg-logrotator/config/config.default.js",
    "start": 1535452378407,
    "end": 1535452378407,
    "duration": 0,
    "pid": 2940,
    "index": 13
  },
  {
    "name": "Require(11) node_modules/_egg-static@2.1.1@egg-static/config/config.default.js",
    "start": 1535452378408,
    "end": 1535452378408,
    "duration": 0,
    "pid": 2940,
    "index": 14
  },
  {
    "name": "Require(12) node_modules/_egg-view@2.1.0@egg-view/config/config.default.js",
    "start": 1535452378409,
    "end": 1535452378409,
    "duration": 0,
    "pid": 2940,
    "index": 15
  },
  {
    "name": "Require(13) node_modules/_egg-view-ejs@2.0.0@egg-view-ejs/config/config.default.js",
    "start": 1535452378410,
    "end": 1535452378410,
    "duration": 0,
    "pid": 2940,
    "index": 16
  },
  {
    "name": "Require(14) node_modules/_egg-mysql@3.0.0@egg-mysql/config/config.default.js",
    "start": 1535452378411,
    "end": 1535452378412,
    "duration": 1,
    "pid": 2940,
    "index": 17
  },
  {
    "name": "Require(15) node_modules/_egg@2.10.0@egg/config/config.default.js",
    "start": 1535452378412,
    "end": 1535452378413,
    "duration": 1,
    "pid": 2940,
    "index": 18
  },
  {
    "name": "Require(16) config/config.default.js",
    "start": 1535452378415,
    "end": 1535452378415,
    "duration": 0,
    "pid": 2940,
    "index": 19
  },
  {
    "name": "Require(17) node_modules/_egg-security@2.2.3@egg-security/config/config.local.js",
    "start": 1535452378416,
    "end": 1535452378416,
    "duration": 0,
    "pid": 2940,
    "index": 20
  },
  {
    "name": "Require(18) node_modules/_egg-watcher@3.0.0@egg-watcher/config/config.local.js",
    "start": 1535452378418,
    "end": 1535452378418,
    "duration": 0,
    "pid": 2940,
    "index": 21
  },
  {
    "name": "Require(19) node_modules/_egg-view@2.1.0@egg-view/config/config.local.js",
    "start": 1535452378420,
    "end": 1535452378421,
    "duration": 1,
    "pid": 2940,
    "index": 22
  },
  {
    "name": "Require(20) node_modules/_egg-view-ejs@2.0.0@egg-view-ejs/config/config.local.js",
    "start": 1535452378421,
    "end": 1535452378421,
    "duration": 0,
    "pid": 2940,
    "index": 23
  },
  {
    "name": "Require(21) node_modules/_egg@2.10.0@egg/config/config.local.js",
    "start": 1535452378423,
    "end": 1535452378425,
    "duration": 2,
    "pid": 2940,
    "index": 24
  },
  {
    "name": "Load extend/application.js",
    "start": 1535452378427,
    "end": 1535452378452,
    "duration": 25,
    "pid": 2940,
    "index": 25
  },
  {
    "name": "Require(22) node_modules/_egg-session@3.1.0@egg-session/app/extend/application.js",
    "start": 1535452378428,
    "end": 1535452378428,
    "duration": 0,
    "pid": 2940,
    "index": 26
  },
  {
    "name": "Require(23) node_modules/_egg-security@2.2.3@egg-security/app/extend/application.js",
    "start": 1535452378429,
    "end": 1535452378431,
    "duration": 2,
    "pid": 2940,
    "index": 27
  },
  {
    "name": "Require(24) node_modules/_egg-jsonp@2.0.0@egg-jsonp/app/extend/application.js",
    "start": 1535452378431,
    "end": 1535452378438,
    "duration": 7,
    "pid": 2940,
    "index": 28
  },
  {
    "name": "Require(25) node_modules/_egg-logrotator@3.0.3@egg-logrotator/app/extend/application.js",
    "start": 1535452378440,
    "end": 1535452378444,
    "duration": 4,
    "pid": 2940,
    "index": 29
  },
  {
    "name": "Require(26) node_modules/_egg-view@2.1.0@egg-view/app/extend/application.js",
    "start": 1535452378445,
    "end": 1535452378447,
    "duration": 2,
    "pid": 2940,
    "index": 30
  },
  {
    "name": "Load extend/request.js",
    "start": 1535452378453,
    "end": 1535452378464,
    "duration": 11,
    "pid": 2940,
    "index": 31
  },
  {
    "name": "Require(27) node_modules/_egg@2.10.0@egg/app/extend/request.js",
    "start": 1535452378457,
    "end": 1535452378459,
    "duration": 2,
    "pid": 2940,
    "index": 32
  },
  {
    "name": "Load extend/response.js",
    "start": 1535452378464,
    "end": 1535452378476,
    "duration": 12,
    "pid": 2940,
    "index": 33
  },
  {
    "name": "Require(28) node_modules/_egg@2.10.0@egg/app/extend/response.js",
    "start": 1535452378469,
    "end": 1535452378472,
    "duration": 3,
    "pid": 2940,
    "index": 34
  },
  {
    "name": "Load extend/context.js",
    "start": 1535452378476,
    "end": 1535452378574,
    "duration": 98,
    "pid": 2940,
    "index": 35
  },
  {
    "name": "Require(29) node_modules/_egg-security@2.2.3@egg-security/app/extend/context.js",
    "start": 1535452378477,
    "end": 1535452378497,
    "duration": 20,
    "pid": 2940,
    "index": 36
  },
  {
    "name": "Require(30) node_modules/_egg-jsonp@2.0.0@egg-jsonp/app/extend/context.js",
    "start": 1535452378498,
    "end": 1535452378501,
    "duration": 3,
    "pid": 2940,
    "index": 37
  },
  {
    "name": "Require(31) node_modules/_egg-i18n@2.0.0@egg-i18n/app/extend/context.js",
    "start": 1535452378502,
    "end": 1535452378502,
    "duration": 0,
    "pid": 2940,
    "index": 38
  },
  {
    "name": "Require(32) node_modules/_egg-multipart@2.1.0@egg-multipart/app/extend/context.js",
    "start": 1535452378503,
    "end": 1535452378564,
    "duration": 61,
    "pid": 2940,
    "index": 39
  },
  {
    "name": "Require(33) node_modules/_egg-view@2.1.0@egg-view/app/extend/context.js",
    "start": 1535452378565,
    "end": 1535452378567,
    "duration": 2,
    "pid": 2940,
    "index": 40
  },
  {
    "name": "Require(34) node_modules/_egg@2.10.0@egg/app/extend/context.js",
    "start": 1535452378567,
    "end": 1535452378570,
    "duration": 3,
    "pid": 2940,
    "index": 41
  },
  {
    "name": "Load extend/helper.js",
    "start": 1535452378575,
    "end": 1535452378607,
    "duration": 32,
    "pid": 2940,
    "index": 42
  },
  {
    "name": "Require(35) node_modules/_egg-security@2.2.3@egg-security/app/extend/helper.js",
    "start": 1535452378576,
    "end": 1535452378599,
    "duration": 23,
    "pid": 2940,
    "index": 43
  },
  {
    "name": "Require(36) node_modules/_egg@2.10.0@egg/app/extend/helper.js",
    "start": 1535452378602,
    "end": 1535452378603,
    "duration": 1,
    "pid": 2940,
    "index": 44
  },
  {
    "name": "Load app.js",
    "start": 1535452378607,
    "end": 1535452378935,
    "duration": 328,
    "pid": 2940,
    "index": 45
  },
  {
    "name": "Require(37) node_modules/_egg-session@3.1.0@egg-session/app.js",
    "start": 1535452378608,
    "end": 1535452378609,
    "duration": 1,
    "pid": 2940,
    "index": 46
  },
  {
    "name": "Require(38) node_modules/_egg-security@2.2.3@egg-security/app.js",
    "start": 1535452378609,
    "end": 1535452378612,
    "duration": 3,
    "pid": 2940,
    "index": 47
  },
  {
    "name": "Require(39) node_modules/_egg-onerror@2.1.0@egg-onerror/app.js",
    "start": 1535452378613,
    "end": 1535452378628,
    "duration": 15,
    "pid": 2940,
    "index": 48
  },
  {
    "name": "Require(40) node_modules/_egg-i18n@2.0.0@egg-i18n/app.js",
    "start": 1535452378630,
    "end": 1535452378644,
    "duration": 14,
    "pid": 2940,
    "index": 49
  },
  {
    "name": "Require(41) node_modules/_egg-watcher@3.0.0@egg-watcher/app.js",
    "start": 1535452378649,
    "end": 1535452378656,
    "duration": 7,
    "pid": 2940,
    "index": 50
  },
  {
    "name": "Before Start in node_modules/_egg-watcher@3.0.0@egg-watcher/app.js:15:7",
    "start": 1535452378670,
    "end": 1535452379120,
    "duration": 450,
    "pid": 2940,
    "index": 51
  },
  {
    "name": "Require(42) node_modules/_egg-multipart@2.1.0@egg-multipart/app.js",
    "start": 1535452378672,
    "end": 1535452378678,
    "duration": 6,
    "pid": 2940,
    "index": 52
  },
  {
    "name": "Require(43) node_modules/_egg-development@2.4.1@egg-development/app.js",
    "start": 1535452378680,
    "end": 1535452378681,
    "duration": 1,
    "pid": 2940,
    "index": 53
  },
  {
    "name": "Require(44) node_modules/_egg-schedule@3.3.0@egg-schedule/app.js",
    "start": 1535452378682,
    "end": 1535452378689,
    "duration": 7,
    "pid": 2940,
    "index": 54
  },
  {
    "name": "Require(45) node_modules/_egg-logrotator@3.0.3@egg-logrotator/app.js",
    "start": 1535452378751,
    "end": 1535452378751,
    "duration": 0,
    "pid": 2940,
    "index": 55
  },
  {
    "name": "Require(46) node_modules/_egg-static@2.1.1@egg-static/app.js",
    "start": 1535452378752,
    "end": 1535452378753,
    "duration": 1,
    "pid": 2940,
    "index": 56
  },
  {
    "name": "Require(47) node_modules/_egg-view-ejs@2.0.0@egg-view-ejs/app.js",
    "start": 1535452378754,
    "end": 1535452378755,
    "duration": 1,
    "pid": 2940,
    "index": 57
  },
  {
    "name": "Require(48) node_modules/_egg-mysql@3.0.0@egg-mysql/app.js",
    "start": 1535452378768,
    "end": 1535452378821,
    "duration": 53,
    "pid": 2940,
    "index": 58
  },
  {
    "name": "Before Start in node_modules/_egg-mysql@3.0.0@egg-mysql/lib/mysql.js:20:7",
    "start": 1535452378933,
    "end": 1535452379124,
    "duration": 191,
    "pid": 2940,
    "index": 59
  },
  {
    "name": "Load Service",
    "start": 1535452378936,
    "end": 1535452378944,
    "duration": 8,
    "pid": 2940,
    "index": 60
  },
  {
    "name": "Load \"service\" to Context",
    "start": 1535452378936,
    "end": 1535452378944,
    "duration": 8,
    "pid": 2940,
    "index": 61
  },
  {
    "name": "Load Middleware",
    "start": 1535452378945,
    "end": 1535452379076,
    "duration": 131,
    "pid": 2940,
    "index": 62
  },
  {
    "name": "Load \"middlewares\" to Application",
    "start": 1535452378945,
    "end": 1535452379059,
    "duration": 114,
    "pid": 2940,
    "index": 63
  },
  {
    "name": "Load Controller",
    "start": 1535452379076,
    "end": 1535452379079,
    "duration": 3,
    "pid": 2940,
    "index": 64
  },
  {
    "name": "Load \"controller\" to Application",
    "start": 1535452379076,
    "end": 1535452379079,
    "duration": 3,
    "pid": 2940,
    "index": 65
  },
  {
    "name": "Load Router",
    "start": 1535452379080,
    "end": 1535452379082,
    "duration": 2,
    "pid": 2940,
    "index": 66
  },
  {
    "name": "Require(49) app/router.js",
    "start": 1535452379080,
    "end": 1535452379080,
    "duration": 0,
    "pid": 2940,
    "index": 67
  },
  {
    "name": "Before Start in node_modules/_egg-core@4.9.1@egg-core/lib/egg.js:328:10",
    "start": 1535452379081,
    "end": 1535452379102,
    "duration": 21,
    "pid": 2940,
    "index": 68
  }
]