[
  {
    "name": "Application Start",
    "start": 1535452676570,
    "end": 1535452677507,
    "duration": 937,
    "pid": 15064,
    "index": 0
  },
  {
    "name": "Load Plugin",
    "start": 1535452676578,
    "end": 1535452676623,
    "duration": 45,
    "pid": 15064,
    "index": 1
  },
  {
    "name": "Load Config",
    "start": 1535452676623,
    "end": 1535452676668,
    "duration": 45,
    "pid": 15064,
    "index": 2
  },
  {
    "name": "Require(0) config/config.default.js",
    "start": 1535452676625,
    "end": 1535452676625,
    "duration": 0,
    "pid": 15064,
    "index": 3
  },
  {
    "name": "Require(1) node_modules/_egg-session@3.1.0@egg-session/config/config.default.js",
    "start": 1535452676629,
    "end": 1535452676629,
    "duration": 0,
    "pid": 15064,
    "index": 4
  },
  {
    "name": "Require(2) node_modules/_egg-security@2.2.3@egg-security/config/config.default.js",
    "start": 1535452676630,
    "end": 1535452676631,
    "duration": 1,
    "pid": 15064,
    "index": 5
  },
  {
    "name": "Require(3) node_modules/_egg-jsonp@2.0.0@egg-jsonp/config/config.default.js",
    "start": 1535452676633,
    "end": 1535452676634,
    "duration": 1,
    "pid": 15064,
    "index": 6
  },
  {
    "name": "Require(4) node_modules/_egg-onerror@2.1.0@egg-onerror/config/config.default.js",
    "start": 1535452676636,
    "end": 1535452676636,
    "duration": 0,
    "pid": 15064,
    "index": 7
  },
  {
    "name": "Require(5) node_modules/_egg-i18n@2.0.0@egg-i18n/config/config.default.js",
    "start": 1535452676638,
    "end": 1535452676639,
    "duration": 1,
    "pid": 15064,
    "index": 8
  },
  {
    "name": "Require(6) node_modules/_egg-watcher@3.0.0@egg-watcher/config/config.default.js",
    "start": 1535452676640,
    "end": 1535452676641,
    "duration": 1,
    "pid": 15064,
    "index": 9
  },
  {
    "name": "Require(7) node_modules/_egg-multipart@2.1.0@egg-multipart/config/config.default.js",
    "start": 1535452676642,
    "end": 1535452676643,
    "duration": 1,
    "pid": 15064,
    "index": 10
  },
  {
    "name": "Require(8) node_modules/_egg-development@2.4.1@egg-development/config/config.default.js",
    "start": 1535452676644,
    "end": 1535452676644,
    "duration": 0,
    "pid": 15064,
    "index": 11
  },
  {
    "name": "Require(9) node_modules/_egg-schedule@3.3.0@egg-schedule/config/config.default.js",
    "start": 1535452676645,
    "end": 1535452676646,
    "duration": 1,
    "pid": 15064,
    "index": 12
  },
  {
    "name": "Require(10) node_modules/_egg-logrotator@3.0.3@egg-logrotator/config/config.default.js",
    "start": 1535452676646,
    "end": 1535452676647,
    "duration": 1,
    "pid": 15064,
    "index": 13
  },
  {
    "name": "Require(11) node_modules/_egg-static@2.1.1@egg-static/config/config.default.js",
    "start": 1535452676647,
    "end": 1535452676648,
    "duration": 1,
    "pid": 15064,
    "index": 14
  },
  {
    "name": "Require(12) node_modules/_egg-view@2.1.0@egg-view/config/config.default.js",
    "start": 1535452676649,
    "end": 1535452676649,
    "duration": 0,
    "pid": 15064,
    "index": 15
  },
  {
    "name": "Require(13) node_modules/_egg-view-ejs@2.0.0@egg-view-ejs/config/config.default.js",
    "start": 1535452676650,
    "end": 1535452676651,
    "duration": 1,
    "pid": 15064,
    "index": 16
  },
  {
    "name": "Require(14) node_modules/_egg-mysql@3.0.0@egg-mysql/config/config.default.js",
    "start": 1535452676651,
    "end": 1535452676652,
    "duration": 1,
    "pid": 15064,
    "index": 17
  },
  {
    "name": "Require(15) node_modules/_egg@2.10.0@egg/config/config.default.js",
    "start": 1535452676654,
    "end": 1535452676655,
    "duration": 1,
    "pid": 15064,
    "index": 18
  },
  {
    "name": "Require(16) config/config.default.js",
    "start": 1535452676657,
    "end": 1535452676657,
    "duration": 0,
    "pid": 15064,
    "index": 19
  },
  {
    "name": "Require(17) node_modules/_egg-security@2.2.3@egg-security/config/config.local.js",
    "start": 1535452676658,
    "end": 1535452676659,
    "duration": 1,
    "pid": 15064,
    "index": 20
  },
  {
    "name": "Require(18) node_modules/_egg-watcher@3.0.0@egg-watcher/config/config.local.js",
    "start": 1535452676660,
    "end": 1535452676661,
    "duration": 1,
    "pid": 15064,
    "index": 21
  },
  {
    "name": "Require(19) node_modules/_egg-view@2.1.0@egg-view/config/config.local.js",
    "start": 1535452676664,
    "end": 1535452676665,
    "duration": 1,
    "pid": 15064,
    "index": 22
  },
  {
    "name": "Require(20) node_modules/_egg-view-ejs@2.0.0@egg-view-ejs/config/config.local.js",
    "start": 1535452676666,
    "end": 1535452676666,
    "duration": 0,
    "pid": 15064,
    "index": 23
  },
  {
    "name": "Require(21) node_modules/_egg@2.10.0@egg/config/config.local.js",
    "start": 1535452676667,
    "end": 1535452676668,
    "duration": 1,
    "pid": 15064,
    "index": 24
  },
  {
    "name": "Load extend/application.js",
    "start": 1535452676671,
    "end": 1535452676697,
    "duration": 26,
    "pid": 15064,
    "index": 25
  },
  {
    "name": "Require(22) node_modules/_egg-session@3.1.0@egg-session/app/extend/application.js",
    "start": 1535452676672,
    "end": 1535452676673,
    "duration": 1,
    "pid": 15064,
    "index": 26
  },
  {
    "name": "Require(23) node_modules/_egg-security@2.2.3@egg-security/app/extend/application.js",
    "start": 1535452676674,
    "end": 1535452676676,
    "duration": 2,
    "pid": 15064,
    "index": 27
  },
  {
    "name": "Require(24) node_modules/_egg-jsonp@2.0.0@egg-jsonp/app/extend/application.js",
    "start": 1535452676677,
    "end": 1535452676680,
    "duration": 3,
    "pid": 15064,
    "index": 28
  },
  {
    "name": "Require(25) node_modules/_egg-logrotator@3.0.3@egg-logrotator/app/extend/application.js",
    "start": 1535452676682,
    "end": 1535452676686,
    "duration": 4,
    "pid": 15064,
    "index": 29
  },
  {
    "name": "Require(26) node_modules/_egg-view@2.1.0@egg-view/app/extend/application.js",
    "start": 1535452676687,
    "end": 1535452676691,
    "duration": 4,
    "pid": 15064,
    "index": 30
  },
  {
    "name": "Load extend/request.js",
    "start": 1535452676697,
    "end": 1535452676711,
    "duration": 14,
    "pid": 15064,
    "index": 31
  },
  {
    "name": "Require(27) node_modules/_egg@2.10.0@egg/app/extend/request.js",
    "start": 1535452676701,
    "end": 1535452676705,
    "duration": 4,
    "pid": 15064,
    "index": 32
  },
  {
    "name": "Load extend/response.js",
    "start": 1535452676711,
    "end": 1535452676724,
    "duration": 13,
    "pid": 15064,
    "index": 33
  },
  {
    "name": "Require(28) node_modules/_egg@2.10.0@egg/app/extend/response.js",
    "start": 1535452676716,
    "end": 1535452676720,
    "duration": 4,
    "pid": 15064,
    "index": 34
  },
  {
    "name": "Load extend/context.js",
    "start": 1535452676724,
    "end": 1535452676830,
    "duration": 106,
    "pid": 15064,
    "index": 35
  },
  {
    "name": "Require(29) node_modules/_egg-security@2.2.3@egg-security/app/extend/context.js",
    "start": 1535452676725,
    "end": 1535452676747,
    "duration": 22,
    "pid": 15064,
    "index": 36
  },
  {
    "name": "Require(30) node_modules/_egg-jsonp@2.0.0@egg-jsonp/app/extend/context.js",
    "start": 1535452676748,
    "end": 1535452676751,
    "duration": 3,
    "pid": 15064,
    "index": 37
  },
  {
    "name": "Require(31) node_modules/_egg-i18n@2.0.0@egg-i18n/app/extend/context.js",
    "start": 1535452676752,
    "end": 1535452676753,
    "duration": 1,
    "pid": 15064,
    "index": 38
  },
  {
    "name": "Require(32) node_modules/_egg-multipart@2.1.0@egg-multipart/app/extend/context.js",
    "start": 1535452676754,
    "end": 1535452676816,
    "duration": 62,
    "pid": 15064,
    "index": 39
  },
  {
    "name": "Require(33) node_modules/_egg-view@2.1.0@egg-view/app/extend/context.js",
    "start": 1535452676817,
    "end": 1535452676819,
    "duration": 2,
    "pid": 15064,
    "index": 40
  },
  {
    "name": "Require(34) node_modules/_egg@2.10.0@egg/app/extend/context.js",
    "start": 1535452676820,
    "end": 1535452676824,
    "duration": 4,
    "pid": 15064,
    "index": 41
  },
  {
    "name": "Load extend/helper.js",
    "start": 1535452676830,
    "end": 1535452676869,
    "duration": 39,
    "pid": 15064,
    "index": 42
  },
  {
    "name": "Require(35) node_modules/_egg-security@2.2.3@egg-security/app/extend/helper.js",
    "start": 1535452676831,
    "end": 1535452676857,
    "duration": 26,
    "pid": 15064,
    "index": 43
  },
  {
    "name": "Require(36) node_modules/_egg@2.10.0@egg/app/extend/helper.js",
    "start": 1535452676862,
    "end": 1535452676863,
    "duration": 1,
    "pid": 15064,
    "index": 44
  },
  {
    "name": "Load app.js",
    "start": 1535452676869,
    "end": 1535452677260,
    "duration": 391,
    "pid": 15064,
    "index": 45
  },
  {
    "name": "Require(37) node_modules/_egg-session@3.1.0@egg-session/app.js",
    "start": 1535452676869,
    "end": 1535452676870,
    "duration": 1,
    "pid": 15064,
    "index": 46
  },
  {
    "name": "Require(38) node_modules/_egg-security@2.2.3@egg-security/app.js",
    "start": 1535452676871,
    "end": 1535452676874,
    "duration": 3,
    "pid": 15064,
    "index": 47
  },
  {
    "name": "Require(39) node_modules/_egg-onerror@2.1.0@egg-onerror/app.js",
    "start": 1535452676875,
    "end": 1535452676892,
    "duration": 17,
    "pid": 15064,
    "index": 48
  },
  {
    "name": "Require(40) node_modules/_egg-i18n@2.0.0@egg-i18n/app.js",
    "start": 1535452676893,
    "end": 1535452676906,
    "duration": 13,
    "pid": 15064,
    "index": 49
  },
  {
    "name": "Require(41) node_modules/_egg-watcher@3.0.0@egg-watcher/app.js",
    "start": 1535452676913,
    "end": 1535452676919,
    "duration": 6,
    "pid": 15064,
    "index": 50
  },
  {
    "name": "Before Start in node_modules/_egg-watcher@3.0.0@egg-watcher/app.js:15:7",
    "start": 1535452676938,
    "end": 1535452677502,
    "duration": 564,
    "pid": 15064,
    "index": 51
  },
  {
    "name": "Require(42) node_modules/_egg-multipart@2.1.0@egg-multipart/app.js",
    "start": 1535452676940,
    "end": 1535452676945,
    "duration": 5,
    "pid": 15064,
    "index": 52
  },
  {
    "name": "Require(43) node_modules/_egg-development@2.4.1@egg-development/app.js",
    "start": 1535452676946,
    "end": 1535452676947,
    "duration": 1,
    "pid": 15064,
    "index": 53
  },
  {
    "name": "Require(44) node_modules/_egg-schedule@3.3.0@egg-schedule/app.js",
    "start": 1535452676947,
    "end": 1535452676951,
    "duration": 4,
    "pid": 15064,
    "index": 54
  },
  {
    "name": "Require(45) node_modules/_egg-logrotator@3.0.3@egg-logrotator/app.js",
    "start": 1535452677065,
    "end": 1535452677066,
    "duration": 1,
    "pid": 15064,
    "index": 55
  },
  {
    "name": "Require(46) node_modules/_egg-static@2.1.1@egg-static/app.js",
    "start": 1535452677067,
    "end": 1535452677068,
    "duration": 1,
    "pid": 15064,
    "index": 56
  },
  {
    "name": "Require(47) node_modules/_egg-view-ejs@2.0.0@egg-view-ejs/app.js",
    "start": 1535452677070,
    "end": 1535452677071,
    "duration": 1,
    "pid": 15064,
    "index": 57
  },
  {
    "name": "Require(48) node_modules/_egg-mysql@3.0.0@egg-mysql/app.js",
    "start": 1535452677082,
    "end": 1535452677119,
    "duration": 37,
    "pid": 15064,
    "index": 58
  },
  {
    "name": "Before Start in node_modules/_egg-mysql@3.0.0@egg-mysql/lib/mysql.js:20:7",
    "start": 1535452677257,
    "end": 1535452677507,
    "duration": 250,
    "pid": 15064,
    "index": 59
  },
  {
    "name": "Load Service",
    "start": 1535452677260,
    "end": 1535452677277,
    "duration": 17,
    "pid": 15064,
    "index": 60
  },
  {
    "name": "Load \"service\" to Context",
    "start": 1535452677260,
    "end": 1535452677277,
    "duration": 17,
    "pid": 15064,
    "index": 61
  },
  {
    "name": "Load Middleware",
    "start": 1535452677277,
    "end": 1535452677448,
    "duration": 171,
    "pid": 15064,
    "index": 62
  },
  {
    "name": "Load \"middlewares\" to Application",
    "start": 1535452677278,
    "end": 1535452677429,
    "duration": 151,
    "pid": 15064,
    "index": 63
  },
  {
    "name": "Load Controller",
    "start": 1535452677449,
    "end": 1535452677452,
    "duration": 3,
    "pid": 15064,
    "index": 64
  },
  {
    "name": "Load \"controller\" to Application",
    "start": 1535452677449,
    "end": 1535452677452,
    "duration": 3,
    "pid": 15064,
    "index": 65
  },
  {
    "name": "Load Router",
    "start": 1535452677452,
    "end": 1535452677456,
    "duration": 4,
    "pid": 15064,
    "index": 66
  },
  {
    "name": "Require(49) app/router.js",
    "start": 1535452677452,
    "end": 1535452677453,
    "duration": 1,
    "pid": 15064,
    "index": 67
  },
  {
    "name": "Before Start in node_modules/_egg-core@4.9.1@egg-core/lib/egg.js:328:10",
    "start": 1535452677453,
    "end": 1535452677478,
    "duration": 25,
    "pid": 15064,
    "index": 68
  }
]