[
  {
    "name": "Application Start",
    "start": 1535454094790,
    "end": 1535454095602,
    "duration": 812,
    "pid": 5476,
    "index": 0
  },
  {
    "name": "Load Plugin",
    "start": 1535454094799,
    "end": 1535454094833,
    "duration": 34,
    "pid": 5476,
    "index": 1
  },
  {
    "name": "Load Config",
    "start": 1535454094834,
    "end": 1535454094870,
    "duration": 36,
    "pid": 5476,
    "index": 2
  },
  {
    "name": "Require(0) config/config.default.js",
    "start": 1535454094835,
    "end": 1535454094835,
    "duration": 0,
    "pid": 5476,
    "index": 3
  },
  {
    "name": "Require(1) node_modules/_egg-session@3.1.0@egg-session/config/config.default.js",
    "start": 1535454094837,
    "end": 1535454094838,
    "duration": 1,
    "pid": 5476,
    "index": 4
  },
  {
    "name": "Require(2) node_modules/_egg-security@2.2.3@egg-security/config/config.default.js",
    "start": 1535454094839,
    "end": 1535454094839,
    "duration": 0,
    "pid": 5476,
    "index": 5
  },
  {
    "name": "Require(3) node_modules/_egg-jsonp@2.0.0@egg-jsonp/config/config.default.js",
    "start": 1535454094841,
    "end": 1535454094841,
    "duration": 0,
    "pid": 5476,
    "index": 6
  },
  {
    "name": "Require(4) node_modules/_egg-onerror@2.1.0@egg-onerror/config/config.default.js",
    "start": 1535454094842,
    "end": 1535454094843,
    "duration": 1,
    "pid": 5476,
    "index": 7
  },
  {
    "name": "Require(5) node_modules/_egg-i18n@2.0.0@egg-i18n/config/config.default.js",
    "start": 1535454094843,
    "end": 1535454094844,
    "duration": 1,
    "pid": 5476,
    "index": 8
  },
  {
    "name": "Require(6) node_modules/_egg-watcher@3.0.0@egg-watcher/config/config.default.js",
    "start": 1535454094844,
    "end": 1535454094845,
    "duration": 1,
    "pid": 5476,
    "index": 9
  },
  {
    "name": "Require(7) node_modules/_egg-multipart@2.1.0@egg-multipart/config/config.default.js",
    "start": 1535454094845,
    "end": 1535454094846,
    "duration": 1,
    "pid": 5476,
    "index": 10
  },
  {
    "name": "Require(8) node_modules/_egg-development@2.4.1@egg-development/config/config.default.js",
    "start": 1535454094847,
    "end": 1535454094847,
    "duration": 0,
    "pid": 5476,
    "index": 11
  },
  {
    "name": "Require(9) node_modules/_egg-schedule@3.3.0@egg-schedule/config/config.default.js",
    "start": 1535454094848,
    "end": 1535454094848,
    "duration": 0,
    "pid": 5476,
    "index": 12
  },
  {
    "name": "Require(10) node_modules/_egg-logrotator@3.0.3@egg-logrotator/config/config.default.js",
    "start": 1535454094849,
    "end": 1535454094849,
    "duration": 0,
    "pid": 5476,
    "index": 13
  },
  {
    "name": "Require(11) node_modules/_egg-static@2.1.1@egg-static/config/config.default.js",
    "start": 1535454094850,
    "end": 1535454094851,
    "duration": 1,
    "pid": 5476,
    "index": 14
  },
  {
    "name": "Require(12) node_modules/_egg-view@2.1.0@egg-view/config/config.default.js",
    "start": 1535454094851,
    "end": 1535454094852,
    "duration": 1,
    "pid": 5476,
    "index": 15
  },
  {
    "name": "Require(13) node_modules/_egg-view-ejs@2.0.0@egg-view-ejs/config/config.default.js",
    "start": 1535454094853,
    "end": 1535454094853,
    "duration": 0,
    "pid": 5476,
    "index": 16
  },
  {
    "name": "Require(14) node_modules/_egg-mysql@3.0.0@egg-mysql/config/config.default.js",
    "start": 1535454094854,
    "end": 1535454094854,
    "duration": 0,
    "pid": 5476,
    "index": 17
  },
  {
    "name": "Require(15) node_modules/_egg@2.10.0@egg/config/config.default.js",
    "start": 1535454094855,
    "end": 1535454094856,
    "duration": 1,
    "pid": 5476,
    "index": 18
  },
  {
    "name": "Require(16) config/config.default.js",
    "start": 1535454094858,
    "end": 1535454094858,
    "duration": 0,
    "pid": 5476,
    "index": 19
  },
  {
    "name": "Require(17) node_modules/_egg-security@2.2.3@egg-security/config/config.local.js",
    "start": 1535454094859,
    "end": 1535454094860,
    "duration": 1,
    "pid": 5476,
    "index": 20
  },
  {
    "name": "Require(18) node_modules/_egg-watcher@3.0.0@egg-watcher/config/config.local.js",
    "start": 1535454094861,
    "end": 1535454094862,
    "duration": 1,
    "pid": 5476,
    "index": 21
  },
  {
    "name": "Require(19) node_modules/_egg-view@2.1.0@egg-view/config/config.local.js",
    "start": 1535454094864,
    "end": 1535454094864,
    "duration": 0,
    "pid": 5476,
    "index": 22
  },
  {
    "name": "Require(20) node_modules/_egg-view-ejs@2.0.0@egg-view-ejs/config/config.local.js",
    "start": 1535454094865,
    "end": 1535454094865,
    "duration": 0,
    "pid": 5476,
    "index": 23
  },
  {
    "name": "Require(21) node_modules/_egg@2.10.0@egg/config/config.local.js",
    "start": 1535454094869,
    "end": 1535454094870,
    "duration": 1,
    "pid": 5476,
    "index": 24
  },
  {
    "name": "Load extend/application.js",
    "start": 1535454094872,
    "end": 1535454094895,
    "duration": 23,
    "pid": 5476,
    "index": 25
  },
  {
    "name": "Require(22) node_modules/_egg-session@3.1.0@egg-session/app/extend/application.js",
    "start": 1535454094873,
    "end": 1535454094874,
    "duration": 1,
    "pid": 5476,
    "index": 26
  },
  {
    "name": "Require(23) node_modules/_egg-security@2.2.3@egg-security/app/extend/application.js",
    "start": 1535454094875,
    "end": 1535454094877,
    "duration": 2,
    "pid": 5476,
    "index": 27
  },
  {
    "name": "Require(24) node_modules/_egg-jsonp@2.0.0@egg-jsonp/app/extend/application.js",
    "start": 1535454094877,
    "end": 1535454094880,
    "duration": 3,
    "pid": 5476,
    "index": 28
  },
  {
    "name": "Require(25) node_modules/_egg-logrotator@3.0.3@egg-logrotator/app/extend/application.js",
    "start": 1535454094882,
    "end": 1535454094887,
    "duration": 5,
    "pid": 5476,
    "index": 29
  },
  {
    "name": "Require(26) node_modules/_egg-view@2.1.0@egg-view/app/extend/application.js",
    "start": 1535454094887,
    "end": 1535454094890,
    "duration": 3,
    "pid": 5476,
    "index": 30
  },
  {
    "name": "Load extend/request.js",
    "start": 1535454094895,
    "end": 1535454094909,
    "duration": 14,
    "pid": 5476,
    "index": 31
  },
  {
    "name": "Require(27) node_modules/_egg@2.10.0@egg/app/extend/request.js",
    "start": 1535454094899,
    "end": 1535454094902,
    "duration": 3,
    "pid": 5476,
    "index": 32
  },
  {
    "name": "Load extend/response.js",
    "start": 1535454094909,
    "end": 1535454094922,
    "duration": 13,
    "pid": 5476,
    "index": 33
  },
  {
    "name": "Require(28) node_modules/_egg@2.10.0@egg/app/extend/response.js",
    "start": 1535454094913,
    "end": 1535454094916,
    "duration": 3,
    "pid": 5476,
    "index": 34
  },
  {
    "name": "Load extend/context.js",
    "start": 1535454094922,
    "end": 1535454095019,
    "duration": 97,
    "pid": 5476,
    "index": 35
  },
  {
    "name": "Require(29) node_modules/_egg-security@2.2.3@egg-security/app/extend/context.js",
    "start": 1535454094923,
    "end": 1535454094941,
    "duration": 18,
    "pid": 5476,
    "index": 36
  },
  {
    "name": "Require(30) node_modules/_egg-jsonp@2.0.0@egg-jsonp/app/extend/context.js",
    "start": 1535454094942,
    "end": 1535454094944,
    "duration": 2,
    "pid": 5476,
    "index": 37
  },
  {
    "name": "Require(31) node_modules/_egg-i18n@2.0.0@egg-i18n/app/extend/context.js",
    "start": 1535454094944,
    "end": 1535454094945,
    "duration": 1,
    "pid": 5476,
    "index": 38
  },
  {
    "name": "Require(32) node_modules/_egg-multipart@2.1.0@egg-multipart/app/extend/context.js",
    "start": 1535454094946,
    "end": 1535454095006,
    "duration": 60,
    "pid": 5476,
    "index": 39
  },
  {
    "name": "Require(33) node_modules/_egg-view@2.1.0@egg-view/app/extend/context.js",
    "start": 1535454095008,
    "end": 1535454095009,
    "duration": 1,
    "pid": 5476,
    "index": 40
  },
  {
    "name": "Require(34) node_modules/_egg@2.10.0@egg/app/extend/context.js",
    "start": 1535454095011,
    "end": 1535454095014,
    "duration": 3,
    "pid": 5476,
    "index": 41
  },
  {
    "name": "Load extend/helper.js",
    "start": 1535454095019,
    "end": 1535454095052,
    "duration": 33,
    "pid": 5476,
    "index": 42
  },
  {
    "name": "Require(35) node_modules/_egg-security@2.2.3@egg-security/app/extend/helper.js",
    "start": 1535454095020,
    "end": 1535454095044,
    "duration": 24,
    "pid": 5476,
    "index": 43
  },
  {
    "name": "Require(36) node_modules/_egg@2.10.0@egg/app/extend/helper.js",
    "start": 1535454095048,
    "end": 1535454095048,
    "duration": 0,
    "pid": 5476,
    "index": 44
  },
  {
    "name": "Load app.js",
    "start": 1535454095052,
    "end": 1535454095364,
    "duration": 312,
    "pid": 5476,
    "index": 45
  },
  {
    "name": "Require(37) node_modules/_egg-session@3.1.0@egg-session/app.js",
    "start": 1535454095053,
    "end": 1535454095053,
    "duration": 0,
    "pid": 5476,
    "index": 46
  },
  {
    "name": "Require(38) node_modules/_egg-security@2.2.3@egg-security/app.js",
    "start": 1535454095054,
    "end": 1535454095057,
    "duration": 3,
    "pid": 5476,
    "index": 47
  },
  {
    "name": "Require(39) node_modules/_egg-onerror@2.1.0@egg-onerror/app.js",
    "start": 1535454095059,
    "end": 1535454095073,
    "duration": 14,
    "pid": 5476,
    "index": 48
  },
  {
    "name": "Require(40) node_modules/_egg-i18n@2.0.0@egg-i18n/app.js",
    "start": 1535454095075,
    "end": 1535454095092,
    "duration": 17,
    "pid": 5476,
    "index": 49
  },
  {
    "name": "Require(41) node_modules/_egg-watcher@3.0.0@egg-watcher/app.js",
    "start": 1535454095099,
    "end": 1535454095116,
    "duration": 17,
    "pid": 5476,
    "index": 50
  },
  {
    "name": "Before Start in node_modules/_egg-watcher@3.0.0@egg-watcher/app.js:15:7",
    "start": 1535454095131,
    "end": 1535454095594,
    "duration": 463,
    "pid": 5476,
    "index": 51
  },
  {
    "name": "Require(42) node_modules/_egg-multipart@2.1.0@egg-multipart/app.js",
    "start": 1535454095133,
    "end": 1535454095139,
    "duration": 6,
    "pid": 5476,
    "index": 52
  },
  {
    "name": "Require(43) node_modules/_egg-development@2.4.1@egg-development/app.js",
    "start": 1535454095140,
    "end": 1535454095140,
    "duration": 0,
    "pid": 5476,
    "index": 53
  },
  {
    "name": "Require(44) node_modules/_egg-schedule@3.3.0@egg-schedule/app.js",
    "start": 1535454095141,
    "end": 1535454095144,
    "duration": 3,
    "pid": 5476,
    "index": 54
  },
  {
    "name": "Require(45) node_modules/_egg-logrotator@3.0.3@egg-logrotator/app.js",
    "start": 1535454095196,
    "end": 1535454095196,
    "duration": 0,
    "pid": 5476,
    "index": 55
  },
  {
    "name": "Require(46) node_modules/_egg-static@2.1.1@egg-static/app.js",
    "start": 1535454095197,
    "end": 1535454095198,
    "duration": 1,
    "pid": 5476,
    "index": 56
  },
  {
    "name": "Require(47) node_modules/_egg-view-ejs@2.0.0@egg-view-ejs/app.js",
    "start": 1535454095203,
    "end": 1535454095204,
    "duration": 1,
    "pid": 5476,
    "index": 57
  },
  {
    "name": "Require(48) node_modules/_egg-mysql@3.0.0@egg-mysql/app.js",
    "start": 1535454095212,
    "end": 1535454095237,
    "duration": 25,
    "pid": 5476,
    "index": 58
  },
  {
    "name": "Before Start in node_modules/_egg-mysql@3.0.0@egg-mysql/lib/mysql.js:20:7",
    "start": 1535454095362,
    "end": 1535454095601,
    "duration": 239,
    "pid": 5476,
    "index": 59
  },
  {
    "name": "Load Service",
    "start": 1535454095364,
    "end": 1535454095370,
    "duration": 6,
    "pid": 5476,
    "index": 60
  },
  {
    "name": "Load \"service\" to Context",
    "start": 1535454095364,
    "end": 1535454095370,
    "duration": 6,
    "pid": 5476,
    "index": 61
  },
  {
    "name": "Load Middleware",
    "start": 1535454095370,
    "end": 1535454095536,
    "duration": 166,
    "pid": 5476,
    "index": 62
  },
  {
    "name": "Load \"middlewares\" to Application",
    "start": 1535454095371,
    "end": 1535454095513,
    "duration": 142,
    "pid": 5476,
    "index": 63
  },
  {
    "name": "Load Controller",
    "start": 1535454095536,
    "end": 1535454095539,
    "duration": 3,
    "pid": 5476,
    "index": 64
  },
  {
    "name": "Load \"controller\" to Application",
    "start": 1535454095536,
    "end": 1535454095539,
    "duration": 3,
    "pid": 5476,
    "index": 65
  },
  {
    "name": "Load Router",
    "start": 1535454095539,
    "end": 1535454095544,
    "duration": 5,
    "pid": 5476,
    "index": 66
  },
  {
    "name": "Require(49) app/router.js",
    "start": 1535454095540,
    "end": 1535454095540,
    "duration": 0,
    "pid": 5476,
    "index": 67
  },
  {
    "name": "Before Start in node_modules/_egg-core@4.9.1@egg-core/lib/egg.js:328:10",
    "start": 1535454095541,
    "end": 1535454095571,
    "duration": 30,
    "pid": 5476,
    "index": 68
  }
]