[
  {
    "name": "Application Start",
    "start": 1535451756509,
    "end": 1535451757334,
    "duration": 825,
    "pid": 15228,
    "index": 0
  },
  {
    "name": "Load Plugin",
    "start": 1535451756518,
    "end": 1535451756554,
    "duration": 36,
    "pid": 15228,
    "index": 1
  },
  {
    "name": "Load Config",
    "start": 1535451756554,
    "end": 1535451756596,
    "duration": 42,
    "pid": 15228,
    "index": 2
  },
  {
    "name": "Require(0) config/config.default.js",
    "start": 1535451756555,
    "end": 1535451756555,
    "duration": 0,
    "pid": 15228,
    "index": 3
  },
  {
    "name": "Require(1) node_modules/_egg-session@3.1.0@egg-session/config/config.default.js",
    "start": 1535451756557,
    "end": 1535451756558,
    "duration": 1,
    "pid": 15228,
    "index": 4
  },
  {
    "name": "Require(2) node_modules/_egg-security@2.2.3@egg-security/config/config.default.js",
    "start": 1535451756559,
    "end": 1535451756559,
    "duration": 0,
    "pid": 15228,
    "index": 5
  },
  {
    "name": "Require(3) node_modules/_egg-jsonp@2.0.0@egg-jsonp/config/config.default.js",
    "start": 1535451756561,
    "end": 1535451756561,
    "duration": 0,
    "pid": 15228,
    "index": 6
  },
  {
    "name": "Require(4) node_modules/_egg-onerror@2.1.0@egg-onerror/config/config.default.js",
    "start": 1535451756562,
    "end": 1535451756562,
    "duration": 0,
    "pid": 15228,
    "index": 7
  },
  {
    "name": "Require(5) node_modules/_egg-i18n@2.0.0@egg-i18n/config/config.default.js",
    "start": 1535451756563,
    "end": 1535451756564,
    "duration": 1,
    "pid": 15228,
    "index": 8
  },
  {
    "name": "Require(6) node_modules/_egg-watcher@3.0.0@egg-watcher/config/config.default.js",
    "start": 1535451756564,
    "end": 1535451756565,
    "duration": 1,
    "pid": 15228,
    "index": 9
  },
  {
    "name": "Require(7) node_modules/_egg-multipart@2.1.0@egg-multipart/config/config.default.js",
    "start": 1535451756565,
    "end": 1535451756566,
    "duration": 1,
    "pid": 15228,
    "index": 10
  },
  {
    "name": "Require(8) node_modules/_egg-development@2.4.1@egg-development/config/config.default.js",
    "start": 1535451756567,
    "end": 1535451756567,
    "duration": 0,
    "pid": 15228,
    "index": 11
  },
  {
    "name": "Require(9) node_modules/_egg-schedule@3.3.0@egg-schedule/config/config.default.js",
    "start": 1535451756568,
    "end": 1535451756568,
    "duration": 0,
    "pid": 15228,
    "index": 12
  },
  {
    "name": "Require(10) node_modules/_egg-logrotator@3.0.3@egg-logrotator/config/config.default.js",
    "start": 1535451756570,
    "end": 1535451756570,
    "duration": 0,
    "pid": 15228,
    "index": 13
  },
  {
    "name": "Require(11) node_modules/_egg-static@2.1.1@egg-static/config/config.default.js",
    "start": 1535451756571,
    "end": 1535451756572,
    "duration": 1,
    "pid": 15228,
    "index": 14
  },
  {
    "name": "Require(12) node_modules/_egg-view@2.1.0@egg-view/config/config.default.js",
    "start": 1535451756573,
    "end": 1535451756573,
    "duration": 0,
    "pid": 15228,
    "index": 15
  },
  {
    "name": "Require(13) node_modules/_egg-view-ejs@2.0.0@egg-view-ejs/config/config.default.js",
    "start": 1535451756574,
    "end": 1535451756575,
    "duration": 1,
    "pid": 15228,
    "index": 16
  },
  {
    "name": "Require(14) node_modules/_egg-mysql@3.0.0@egg-mysql/config/config.default.js",
    "start": 1535451756576,
    "end": 1535451756576,
    "duration": 0,
    "pid": 15228,
    "index": 17
  },
  {
    "name": "Require(15) node_modules/_egg@2.10.0@egg/config/config.default.js",
    "start": 1535451756577,
    "end": 1535451756578,
    "duration": 1,
    "pid": 15228,
    "index": 18
  },
  {
    "name": "Require(16) config/config.default.js",
    "start": 1535451756587,
    "end": 1535451756587,
    "duration": 0,
    "pid": 15228,
    "index": 19
  },
  {
    "name": "Require(17) node_modules/_egg-security@2.2.3@egg-security/config/config.local.js",
    "start": 1535451756588,
    "end": 1535451756589,
    "duration": 1,
    "pid": 15228,
    "index": 20
  },
  {
    "name": "Require(18) node_modules/_egg-watcher@3.0.0@egg-watcher/config/config.local.js",
    "start": 1535451756591,
    "end": 1535451756592,
    "duration": 1,
    "pid": 15228,
    "index": 21
  },
  {
    "name": "Require(19) node_modules/_egg-view@2.1.0@egg-view/config/config.local.js",
    "start": 1535451756594,
    "end": 1535451756594,
    "duration": 0,
    "pid": 15228,
    "index": 22
  },
  {
    "name": "Require(20) node_modules/_egg-view-ejs@2.0.0@egg-view-ejs/config/config.local.js",
    "start": 1535451756595,
    "end": 1535451756595,
    "duration": 0,
    "pid": 15228,
    "index": 23
  },
  {
    "name": "Require(21) node_modules/_egg@2.10.0@egg/config/config.local.js",
    "start": 1535451756596,
    "end": 1535451756596,
    "duration": 0,
    "pid": 15228,
    "index": 24
  },
  {
    "name": "Load extend/application.js",
    "start": 1535451756598,
    "end": 1535451756623,
    "duration": 25,
    "pid": 15228,
    "index": 25
  },
  {
    "name": "Require(22) node_modules/_egg-session@3.1.0@egg-session/app/extend/application.js",
    "start": 1535451756599,
    "end": 1535451756600,
    "duration": 1,
    "pid": 15228,
    "index": 26
  },
  {
    "name": "Require(23) node_modules/_egg-security@2.2.3@egg-security/app/extend/application.js",
    "start": 1535451756601,
    "end": 1535451756602,
    "duration": 1,
    "pid": 15228,
    "index": 27
  },
  {
    "name": "Require(24) node_modules/_egg-jsonp@2.0.0@egg-jsonp/app/extend/application.js",
    "start": 1535451756603,
    "end": 1535451756606,
    "duration": 3,
    "pid": 15228,
    "index": 28
  },
  {
    "name": "Require(25) node_modules/_egg-logrotator@3.0.3@egg-logrotator/app/extend/application.js",
    "start": 1535451756608,
    "end": 1535451756613,
    "duration": 5,
    "pid": 15228,
    "index": 29
  },
  {
    "name": "Require(26) node_modules/_egg-view@2.1.0@egg-view/app/extend/application.js",
    "start": 1535451756614,
    "end": 1535451756617,
    "duration": 3,
    "pid": 15228,
    "index": 30
  },
  {
    "name": "Load extend/request.js",
    "start": 1535451756623,
    "end": 1535451756635,
    "duration": 12,
    "pid": 15228,
    "index": 31
  },
  {
    "name": "Require(27) node_modules/_egg@2.10.0@egg/app/extend/request.js",
    "start": 1535451756628,
    "end": 1535451756630,
    "duration": 2,
    "pid": 15228,
    "index": 32
  },
  {
    "name": "Load extend/response.js",
    "start": 1535451756636,
    "end": 1535451756649,
    "duration": 13,
    "pid": 15228,
    "index": 33
  },
  {
    "name": "Require(28) node_modules/_egg@2.10.0@egg/app/extend/response.js",
    "start": 1535451756641,
    "end": 1535451756644,
    "duration": 3,
    "pid": 15228,
    "index": 34
  },
  {
    "name": "Load extend/context.js",
    "start": 1535451756649,
    "end": 1535451756759,
    "duration": 110,
    "pid": 15228,
    "index": 35
  },
  {
    "name": "Require(29) node_modules/_egg-security@2.2.3@egg-security/app/extend/context.js",
    "start": 1535451756649,
    "end": 1535451756669,
    "duration": 20,
    "pid": 15228,
    "index": 36
  },
  {
    "name": "Require(30) node_modules/_egg-jsonp@2.0.0@egg-jsonp/app/extend/context.js",
    "start": 1535451756670,
    "end": 1535451756672,
    "duration": 2,
    "pid": 15228,
    "index": 37
  },
  {
    "name": "Require(31) node_modules/_egg-i18n@2.0.0@egg-i18n/app/extend/context.js",
    "start": 1535451756673,
    "end": 1535451756674,
    "duration": 1,
    "pid": 15228,
    "index": 38
  },
  {
    "name": "Require(32) node_modules/_egg-multipart@2.1.0@egg-multipart/app/extend/context.js",
    "start": 1535451756674,
    "end": 1535451756746,
    "duration": 72,
    "pid": 15228,
    "index": 39
  },
  {
    "name": "Require(33) node_modules/_egg-view@2.1.0@egg-view/app/extend/context.js",
    "start": 1535451756748,
    "end": 1535451756749,
    "duration": 1,
    "pid": 15228,
    "index": 40
  },
  {
    "name": "Require(34) node_modules/_egg@2.10.0@egg/app/extend/context.js",
    "start": 1535451756750,
    "end": 1535451756754,
    "duration": 4,
    "pid": 15228,
    "index": 41
  },
  {
    "name": "Load extend/helper.js",
    "start": 1535451756760,
    "end": 1535451756798,
    "duration": 38,
    "pid": 15228,
    "index": 42
  },
  {
    "name": "Require(35) node_modules/_egg-security@2.2.3@egg-security/app/extend/helper.js",
    "start": 1535451756760,
    "end": 1535451756789,
    "duration": 29,
    "pid": 15228,
    "index": 43
  },
  {
    "name": "Require(36) node_modules/_egg@2.10.0@egg/app/extend/helper.js",
    "start": 1535451756792,
    "end": 1535451756793,
    "duration": 1,
    "pid": 15228,
    "index": 44
  },
  {
    "name": "Load app.js",
    "start": 1535451756798,
    "end": 1535451757113,
    "duration": 315,
    "pid": 15228,
    "index": 45
  },
  {
    "name": "Require(37) node_modules/_egg-session@3.1.0@egg-session/app.js",
    "start": 1535451756799,
    "end": 1535451756800,
    "duration": 1,
    "pid": 15228,
    "index": 46
  },
  {
    "name": "Require(38) node_modules/_egg-security@2.2.3@egg-security/app.js",
    "start": 1535451756801,
    "end": 1535451756804,
    "duration": 3,
    "pid": 15228,
    "index": 47
  },
  {
    "name": "Require(39) node_modules/_egg-onerror@2.1.0@egg-onerror/app.js",
    "start": 1535451756806,
    "end": 1535451756823,
    "duration": 17,
    "pid": 15228,
    "index": 48
  },
  {
    "name": "Require(40) node_modules/_egg-i18n@2.0.0@egg-i18n/app.js",
    "start": 1535451756825,
    "end": 1535451756838,
    "duration": 13,
    "pid": 15228,
    "index": 49
  },
  {
    "name": "Require(41) node_modules/_egg-watcher@3.0.0@egg-watcher/app.js",
    "start": 1535451756845,
    "end": 1535451756853,
    "duration": 8,
    "pid": 15228,
    "index": 50
  },
  {
    "name": "Before Start in node_modules/_egg-watcher@3.0.0@egg-watcher/app.js:15:7",
    "start": 1535451756865,
    "end": 1535451757329,
    "duration": 464,
    "pid": 15228,
    "index": 51
  },
  {
    "name": "Require(42) node_modules/_egg-multipart@2.1.0@egg-multipart/app.js",
    "start": 1535451756866,
    "end": 1535451756871,
    "duration": 5,
    "pid": 15228,
    "index": 52
  },
  {
    "name": "Require(43) node_modules/_egg-development@2.4.1@egg-development/app.js",
    "start": 1535451756873,
    "end": 1535451756873,
    "duration": 0,
    "pid": 15228,
    "index": 53
  },
  {
    "name": "Require(44) node_modules/_egg-schedule@3.3.0@egg-schedule/app.js",
    "start": 1535451756874,
    "end": 1535451756878,
    "duration": 4,
    "pid": 15228,
    "index": 54
  },
  {
    "name": "Require(45) node_modules/_egg-logrotator@3.0.3@egg-logrotator/app.js",
    "start": 1535451756949,
    "end": 1535451756950,
    "duration": 1,
    "pid": 15228,
    "index": 55
  },
  {
    "name": "Require(46) node_modules/_egg-static@2.1.1@egg-static/app.js",
    "start": 1535451756951,
    "end": 1535451756951,
    "duration": 0,
    "pid": 15228,
    "index": 56
  },
  {
    "name": "Require(47) node_modules/_egg-view-ejs@2.0.0@egg-view-ejs/app.js",
    "start": 1535451756953,
    "end": 1535451756953,
    "duration": 0,
    "pid": 15228,
    "index": 57
  },
  {
    "name": "Require(48) node_modules/_egg-mysql@3.0.0@egg-mysql/app.js",
    "start": 1535451756961,
    "end": 1535451756988,
    "duration": 27,
    "pid": 15228,
    "index": 58
  },
  {
    "name": "Before Start in node_modules/_egg-mysql@3.0.0@egg-mysql/lib/mysql.js:20:7",
    "start": 1535451757112,
    "end": 1535451757333,
    "duration": 221,
    "pid": 15228,
    "index": 59
  },
  {
    "name": "Load Service",
    "start": 1535451757114,
    "end": 1535451757121,
    "duration": 7,
    "pid": 15228,
    "index": 60
  },
  {
    "name": "Load \"service\" to Context",
    "start": 1535451757114,
    "end": 1535451757121,
    "duration": 7,
    "pid": 15228,
    "index": 61
  },
  {
    "name": "Load Middleware",
    "start": 1535451757122,
    "end": 1535451757277,
    "duration": 155,
    "pid": 15228,
    "index": 62
  },
  {
    "name": "Load \"middlewares\" to Application",
    "start": 1535451757122,
    "end": 1535451757256,
    "duration": 134,
    "pid": 15228,
    "index": 63
  },
  {
    "name": "Load Controller",
    "start": 1535451757277,
    "end": 1535451757281,
    "duration": 4,
    "pid": 15228,
    "index": 64
  },
  {
    "name": "Load \"controller\" to Application",
    "start": 1535451757277,
    "end": 1535451757281,
    "duration": 4,
    "pid": 15228,
    "index": 65
  },
  {
    "name": "Load Router",
    "start": 1535451757282,
    "end": 1535451757286,
    "duration": 4,
    "pid": 15228,
    "index": 66
  },
  {
    "name": "Require(49) app/router.js",
    "start": 1535451757282,
    "end": 1535451757283,
    "duration": 1,
    "pid": 15228,
    "index": 67
  },
  {
    "name": "Before Start in node_modules/_egg-core@4.9.1@egg-core/lib/egg.js:328:10",
    "start": 1535451757283,
    "end": 1535451757310,
    "duration": 27,
    "pid": 15228,
    "index": 68
  }
]