[
  {
    "name": "Application Start",
    "start": 1535467997668,
    "end": 1535467998388,
    "duration": 720,
    "pid": 8684,
    "index": 0
  },
  {
    "name": "Load Plugin",
    "start": 1535467997675,
    "end": 1535467997712,
    "duration": 37,
    "pid": 8684,
    "index": 1
  },
  {
    "name": "Load Config",
    "start": 1535467997712,
    "end": 1535467997747,
    "duration": 35,
    "pid": 8684,
    "index": 2
  },
  {
    "name": "Require(0) config/config.default.js",
    "start": 1535467997713,
    "end": 1535467997714,
    "duration": 1,
    "pid": 8684,
    "index": 3
  },
  {
    "name": "Require(1) node_modules/_egg-session@3.1.0@egg-session/config/config.default.js",
    "start": 1535467997717,
    "end": 1535467997718,
    "duration": 1,
    "pid": 8684,
    "index": 4
  },
  {
    "name": "Require(2) node_modules/_egg-security@2.2.3@egg-security/config/config.default.js",
    "start": 1535467997719,
    "end": 1535467997720,
    "duration": 1,
    "pid": 8684,
    "index": 5
  },
  {
    "name": "Require(3) node_modules/_egg-jsonp@2.0.0@egg-jsonp/config/config.default.js",
    "start": 1535467997721,
    "end": 1535467997722,
    "duration": 1,
    "pid": 8684,
    "index": 6
  },
  {
    "name": "Require(4) node_modules/_egg-onerror@2.1.0@egg-onerror/config/config.default.js",
    "start": 1535467997722,
    "end": 1535467997723,
    "duration": 1,
    "pid": 8684,
    "index": 7
  },
  {
    "name": "Require(5) node_modules/_egg-i18n@2.0.0@egg-i18n/config/config.default.js",
    "start": 1535467997724,
    "end": 1535467997724,
    "duration": 0,
    "pid": 8684,
    "index": 8
  },
  {
    "name": "Require(6) node_modules/_egg-watcher@3.0.0@egg-watcher/config/config.default.js",
    "start": 1535467997725,
    "end": 1535467997725,
    "duration": 0,
    "pid": 8684,
    "index": 9
  },
  {
    "name": "Require(7) node_modules/_egg-multipart@2.1.0@egg-multipart/config/config.default.js",
    "start": 1535467997726,
    "end": 1535467997726,
    "duration": 0,
    "pid": 8684,
    "index": 10
  },
  {
    "name": "Require(8) node_modules/_egg-development@2.4.1@egg-development/config/config.default.js",
    "start": 1535467997727,
    "end": 1535467997728,
    "duration": 1,
    "pid": 8684,
    "index": 11
  },
  {
    "name": "Require(9) node_modules/_egg-schedule@3.3.0@egg-schedule/config/config.default.js",
    "start": 1535467997728,
    "end": 1535467997729,
    "duration": 1,
    "pid": 8684,
    "index": 12
  },
  {
    "name": "Require(10) node_modules/_egg-logrotator@3.0.3@egg-logrotator/config/config.default.js",
    "start": 1535467997729,
    "end": 1535467997730,
    "duration": 1,
    "pid": 8684,
    "index": 13
  },
  {
    "name": "Require(11) node_modules/_egg-static@2.1.1@egg-static/config/config.default.js",
    "start": 1535467997730,
    "end": 1535467997731,
    "duration": 1,
    "pid": 8684,
    "index": 14
  },
  {
    "name": "Require(12) node_modules/_egg-view@2.1.0@egg-view/config/config.default.js",
    "start": 1535467997731,
    "end": 1535467997732,
    "duration": 1,
    "pid": 8684,
    "index": 15
  },
  {
    "name": "Require(13) node_modules/_egg-view-ejs@2.0.0@egg-view-ejs/config/config.default.js",
    "start": 1535467997733,
    "end": 1535467997733,
    "duration": 0,
    "pid": 8684,
    "index": 16
  },
  {
    "name": "Require(14) node_modules/_egg-mysql@3.0.0@egg-mysql/config/config.default.js",
    "start": 1535467997734,
    "end": 1535467997735,
    "duration": 1,
    "pid": 8684,
    "index": 17
  },
  {
    "name": "Require(15) node_modules/_egg@2.10.0@egg/config/config.default.js",
    "start": 1535467997736,
    "end": 1535467997737,
    "duration": 1,
    "pid": 8684,
    "index": 18
  },
  {
    "name": "Require(16) config/config.default.js",
    "start": 1535467997739,
    "end": 1535467997739,
    "duration": 0,
    "pid": 8684,
    "index": 19
  },
  {
    "name": "Require(17) node_modules/_egg-security@2.2.3@egg-security/config/config.local.js",
    "start": 1535467997740,
    "end": 1535467997740,
    "duration": 0,
    "pid": 8684,
    "index": 20
  },
  {
    "name": "Require(18) node_modules/_egg-watcher@3.0.0@egg-watcher/config/config.local.js",
    "start": 1535467997742,
    "end": 1535467997742,
    "duration": 0,
    "pid": 8684,
    "index": 21
  },
  {
    "name": "Require(19) node_modules/_egg-view@2.1.0@egg-view/config/config.local.js",
    "start": 1535467997744,
    "end": 1535467997745,
    "duration": 1,
    "pid": 8684,
    "index": 22
  },
  {
    "name": "Require(20) node_modules/_egg-view-ejs@2.0.0@egg-view-ejs/config/config.local.js",
    "start": 1535467997745,
    "end": 1535467997745,
    "duration": 0,
    "pid": 8684,
    "index": 23
  },
  {
    "name": "Require(21) node_modules/_egg@2.10.0@egg/config/config.local.js",
    "start": 1535467997746,
    "end": 1535467997747,
    "duration": 1,
    "pid": 8684,
    "index": 24
  },
  {
    "name": "Load extend/application.js",
    "start": 1535467997749,
    "end": 1535467997778,
    "duration": 29,
    "pid": 8684,
    "index": 25
  },
  {
    "name": "Require(22) node_modules/_egg-session@3.1.0@egg-session/app/extend/application.js",
    "start": 1535467997750,
    "end": 1535467997751,
    "duration": 1,
    "pid": 8684,
    "index": 26
  },
  {
    "name": "Require(23) node_modules/_egg-security@2.2.3@egg-security/app/extend/application.js",
    "start": 1535467997752,
    "end": 1535467997753,
    "duration": 1,
    "pid": 8684,
    "index": 27
  },
  {
    "name": "Require(24) node_modules/_egg-jsonp@2.0.0@egg-jsonp/app/extend/application.js",
    "start": 1535467997754,
    "end": 1535467997757,
    "duration": 3,
    "pid": 8684,
    "index": 28
  },
  {
    "name": "Require(25) node_modules/_egg-logrotator@3.0.3@egg-logrotator/app/extend/application.js",
    "start": 1535467997759,
    "end": 1535467997764,
    "duration": 5,
    "pid": 8684,
    "index": 29
  },
  {
    "name": "Require(26) node_modules/_egg-view@2.1.0@egg-view/app/extend/application.js",
    "start": 1535467997764,
    "end": 1535467997770,
    "duration": 6,
    "pid": 8684,
    "index": 30
  },
  {
    "name": "Load extend/request.js",
    "start": 1535467997778,
    "end": 1535467997789,
    "duration": 11,
    "pid": 8684,
    "index": 31
  },
  {
    "name": "Require(27) node_modules/_egg@2.10.0@egg/app/extend/request.js",
    "start": 1535467997783,
    "end": 1535467997785,
    "duration": 2,
    "pid": 8684,
    "index": 32
  },
  {
    "name": "Load extend/response.js",
    "start": 1535467997789,
    "end": 1535467997801,
    "duration": 12,
    "pid": 8684,
    "index": 33
  },
  {
    "name": "Require(28) node_modules/_egg@2.10.0@egg/app/extend/response.js",
    "start": 1535467997793,
    "end": 1535467997796,
    "duration": 3,
    "pid": 8684,
    "index": 34
  },
  {
    "name": "Load extend/context.js",
    "start": 1535467997801,
    "end": 1535467997889,
    "duration": 88,
    "pid": 8684,
    "index": 35
  },
  {
    "name": "Require(29) node_modules/_egg-security@2.2.3@egg-security/app/extend/context.js",
    "start": 1535467997802,
    "end": 1535467997820,
    "duration": 18,
    "pid": 8684,
    "index": 36
  },
  {
    "name": "Require(30) node_modules/_egg-jsonp@2.0.0@egg-jsonp/app/extend/context.js",
    "start": 1535467997820,
    "end": 1535467997822,
    "duration": 2,
    "pid": 8684,
    "index": 37
  },
  {
    "name": "Require(31) node_modules/_egg-i18n@2.0.0@egg-i18n/app/extend/context.js",
    "start": 1535467997824,
    "end": 1535467997824,
    "duration": 0,
    "pid": 8684,
    "index": 38
  },
  {
    "name": "Require(32) node_modules/_egg-multipart@2.1.0@egg-multipart/app/extend/context.js",
    "start": 1535467997825,
    "end": 1535467997878,
    "duration": 53,
    "pid": 8684,
    "index": 39
  },
  {
    "name": "Require(33) node_modules/_egg-view@2.1.0@egg-view/app/extend/context.js",
    "start": 1535467997880,
    "end": 1535467997881,
    "duration": 1,
    "pid": 8684,
    "index": 40
  },
  {
    "name": "Require(34) node_modules/_egg@2.10.0@egg/app/extend/context.js",
    "start": 1535467997882,
    "end": 1535467997885,
    "duration": 3,
    "pid": 8684,
    "index": 41
  },
  {
    "name": "Load extend/helper.js",
    "start": 1535467997890,
    "end": 1535467997921,
    "duration": 31,
    "pid": 8684,
    "index": 42
  },
  {
    "name": "Require(35) node_modules/_egg-security@2.2.3@egg-security/app/extend/helper.js",
    "start": 1535467997890,
    "end": 1535467997914,
    "duration": 24,
    "pid": 8684,
    "index": 43
  },
  {
    "name": "Require(36) node_modules/_egg@2.10.0@egg/app/extend/helper.js",
    "start": 1535467997917,
    "end": 1535467997917,
    "duration": 0,
    "pid": 8684,
    "index": 44
  },
  {
    "name": "Load app.js",
    "start": 1535467997921,
    "end": 1535467998190,
    "duration": 269,
    "pid": 8684,
    "index": 45
  },
  {
    "name": "Require(37) node_modules/_egg-session@3.1.0@egg-session/app.js",
    "start": 1535467997923,
    "end": 1535467997923,
    "duration": 0,
    "pid": 8684,
    "index": 46
  },
  {
    "name": "Require(38) node_modules/_egg-security@2.2.3@egg-security/app.js",
    "start": 1535467997924,
    "end": 1535467997927,
    "duration": 3,
    "pid": 8684,
    "index": 47
  },
  {
    "name": "Require(39) node_modules/_egg-onerror@2.1.0@egg-onerror/app.js",
    "start": 1535467997928,
    "end": 1535467997942,
    "duration": 14,
    "pid": 8684,
    "index": 48
  },
  {
    "name": "Require(40) node_modules/_egg-i18n@2.0.0@egg-i18n/app.js",
    "start": 1535467997943,
    "end": 1535467997955,
    "duration": 12,
    "pid": 8684,
    "index": 49
  },
  {
    "name": "Require(41) node_modules/_egg-watcher@3.0.0@egg-watcher/app.js",
    "start": 1535467997959,
    "end": 1535467997965,
    "duration": 6,
    "pid": 8684,
    "index": 50
  },
  {
    "name": "Before Start in node_modules/_egg-watcher@3.0.0@egg-watcher/app.js:15:7",
    "start": 1535467997976,
    "end": 1535467998383,
    "duration": 407,
    "pid": 8684,
    "index": 51
  },
  {
    "name": "Require(42) node_modules/_egg-multipart@2.1.0@egg-multipart/app.js",
    "start": 1535467997978,
    "end": 1535467997984,
    "duration": 6,
    "pid": 8684,
    "index": 52
  },
  {
    "name": "Require(43) node_modules/_egg-development@2.4.1@egg-development/app.js",
    "start": 1535467997986,
    "end": 1535467997987,
    "duration": 1,
    "pid": 8684,
    "index": 53
  },
  {
    "name": "Require(44) node_modules/_egg-schedule@3.3.0@egg-schedule/app.js",
    "start": 1535467997987,
    "end": 1535467997990,
    "duration": 3,
    "pid": 8684,
    "index": 54
  },
  {
    "name": "Require(45) node_modules/_egg-logrotator@3.0.3@egg-logrotator/app.js",
    "start": 1535467998048,
    "end": 1535467998049,
    "duration": 1,
    "pid": 8684,
    "index": 55
  },
  {
    "name": "Require(46) node_modules/_egg-static@2.1.1@egg-static/app.js",
    "start": 1535467998049,
    "end": 1535467998050,
    "duration": 1,
    "pid": 8684,
    "index": 56
  },
  {
    "name": "Require(47) node_modules/_egg-view-ejs@2.0.0@egg-view-ejs/app.js",
    "start": 1535467998051,
    "end": 1535467998051,
    "duration": 0,
    "pid": 8684,
    "index": 57
  },
  {
    "name": "Require(48) node_modules/_egg-mysql@3.0.0@egg-mysql/app.js",
    "start": 1535467998058,
    "end": 1535467998086,
    "duration": 28,
    "pid": 8684,
    "index": 58
  },
  {
    "name": "Before Start in node_modules/_egg-mysql@3.0.0@egg-mysql/lib/mysql.js:20:7",
    "start": 1535467998188,
    "end": 1535467998388,
    "duration": 200,
    "pid": 8684,
    "index": 59
  },
  {
    "name": "Load Service",
    "start": 1535467998190,
    "end": 1535467998197,
    "duration": 7,
    "pid": 8684,
    "index": 60
  },
  {
    "name": "Load \"service\" to Context",
    "start": 1535467998191,
    "end": 1535467998197,
    "duration": 6,
    "pid": 8684,
    "index": 61
  },
  {
    "name": "Load Middleware",
    "start": 1535467998197,
    "end": 1535467998340,
    "duration": 143,
    "pid": 8684,
    "index": 62
  },
  {
    "name": "Load \"middlewares\" to Application",
    "start": 1535467998198,
    "end": 1535467998319,
    "duration": 121,
    "pid": 8684,
    "index": 63
  },
  {
    "name": "Load Controller",
    "start": 1535467998340,
    "end": 1535467998344,
    "duration": 4,
    "pid": 8684,
    "index": 64
  },
  {
    "name": "Load \"controller\" to Application",
    "start": 1535467998340,
    "end": 1535467998344,
    "duration": 4,
    "pid": 8684,
    "index": 65
  },
  {
    "name": "Load Router",
    "start": 1535467998344,
    "end": 1535467998347,
    "duration": 3,
    "pid": 8684,
    "index": 66
  },
  {
    "name": "Require(49) app/router.js",
    "start": 1535467998344,
    "end": 1535467998345,
    "duration": 1,
    "pid": 8684,
    "index": 67
  },
  {
    "name": "Before Start in node_modules/_egg-core@4.9.1@egg-core/lib/egg.js:328:10",
    "start": 1535467998345,
    "end": 1535467998366,
    "duration": 21,
    "pid": 8684,
    "index": 68
  }
]