[
  {
    "name": "Application Start",
    "start": 1535454097474,
    "end": 1535454098442,
    "duration": 968,
    "pid": 17648,
    "index": 0
  },
  {
    "name": "Load Plugin",
    "start": 1535454097485,
    "end": 1535454097533,
    "duration": 48,
    "pid": 17648,
    "index": 1
  },
  {
    "name": "Load Config",
    "start": 1535454097533,
    "end": 1535454097566,
    "duration": 33,
    "pid": 17648,
    "index": 2
  },
  {
    "name": "Require(0) config/config.default.js",
    "start": 1535454097534,
    "end": 1535454097534,
    "duration": 0,
    "pid": 17648,
    "index": 3
  },
  {
    "name": "Require(1) node_modules/_egg-session@3.1.0@egg-session/config/config.default.js",
    "start": 1535454097536,
    "end": 1535454097537,
    "duration": 1,
    "pid": 17648,
    "index": 4
  },
  {
    "name": "Require(2) node_modules/_egg-security@2.2.3@egg-security/config/config.default.js",
    "start": 1535454097537,
    "end": 1535454097538,
    "duration": 1,
    "pid": 17648,
    "index": 5
  },
  {
    "name": "Require(3) node_modules/_egg-jsonp@2.0.0@egg-jsonp/config/config.default.js",
    "start": 1535454097539,
    "end": 1535454097539,
    "duration": 0,
    "pid": 17648,
    "index": 6
  },
  {
    "name": "Require(4) node_modules/_egg-onerror@2.1.0@egg-onerror/config/config.default.js",
    "start": 1535454097540,
    "end": 1535454097540,
    "duration": 0,
    "pid": 17648,
    "index": 7
  },
  {
    "name": "Require(5) node_modules/_egg-i18n@2.0.0@egg-i18n/config/config.default.js",
    "start": 1535454097541,
    "end": 1535454097542,
    "duration": 1,
    "pid": 17648,
    "index": 8
  },
  {
    "name": "Require(6) node_modules/_egg-watcher@3.0.0@egg-watcher/config/config.default.js",
    "start": 1535454097543,
    "end": 1535454097544,
    "duration": 1,
    "pid": 17648,
    "index": 9
  },
  {
    "name": "Require(7) node_modules/_egg-multipart@2.1.0@egg-multipart/config/config.default.js",
    "start": 1535454097544,
    "end": 1535454097545,
    "duration": 1,
    "pid": 17648,
    "index": 10
  },
  {
    "name": "Require(8) node_modules/_egg-development@2.4.1@egg-development/config/config.default.js",
    "start": 1535454097546,
    "end": 1535454097546,
    "duration": 0,
    "pid": 17648,
    "index": 11
  },
  {
    "name": "Require(9) node_modules/_egg-schedule@3.3.0@egg-schedule/config/config.default.js",
    "start": 1535454097547,
    "end": 1535454097547,
    "duration": 0,
    "pid": 17648,
    "index": 12
  },
  {
    "name": "Require(10) node_modules/_egg-logrotator@3.0.3@egg-logrotator/config/config.default.js",
    "start": 1535454097548,
    "end": 1535454097548,
    "duration": 0,
    "pid": 17648,
    "index": 13
  },
  {
    "name": "Require(11) node_modules/_egg-static@2.1.1@egg-static/config/config.default.js",
    "start": 1535454097549,
    "end": 1535454097549,
    "duration": 0,
    "pid": 17648,
    "index": 14
  },
  {
    "name": "Require(12) node_modules/_egg-view@2.1.0@egg-view/config/config.default.js",
    "start": 1535454097550,
    "end": 1535454097551,
    "duration": 1,
    "pid": 17648,
    "index": 15
  },
  {
    "name": "Require(13) node_modules/_egg-view-ejs@2.0.0@egg-view-ejs/config/config.default.js",
    "start": 1535454097551,
    "end": 1535454097552,
    "duration": 1,
    "pid": 17648,
    "index": 16
  },
  {
    "name": "Require(14) node_modules/_egg-mysql@3.0.0@egg-mysql/config/config.default.js",
    "start": 1535454097553,
    "end": 1535454097553,
    "duration": 0,
    "pid": 17648,
    "index": 17
  },
  {
    "name": "Require(15) node_modules/_egg@2.10.0@egg/config/config.default.js",
    "start": 1535454097554,
    "end": 1535454097555,
    "duration": 1,
    "pid": 17648,
    "index": 18
  },
  {
    "name": "Require(16) config/config.default.js",
    "start": 1535454097557,
    "end": 1535454097557,
    "duration": 0,
    "pid": 17648,
    "index": 19
  },
  {
    "name": "Require(17) node_modules/_egg-security@2.2.3@egg-security/config/config.local.js",
    "start": 1535454097558,
    "end": 1535454097558,
    "duration": 0,
    "pid": 17648,
    "index": 20
  },
  {
    "name": "Require(18) node_modules/_egg-watcher@3.0.0@egg-watcher/config/config.local.js",
    "start": 1535454097559,
    "end": 1535454097560,
    "duration": 1,
    "pid": 17648,
    "index": 21
  },
  {
    "name": "Require(19) node_modules/_egg-view@2.1.0@egg-view/config/config.local.js",
    "start": 1535454097563,
    "end": 1535454097563,
    "duration": 0,
    "pid": 17648,
    "index": 22
  },
  {
    "name": "Require(20) node_modules/_egg-view-ejs@2.0.0@egg-view-ejs/config/config.local.js",
    "start": 1535454097564,
    "end": 1535454097564,
    "duration": 0,
    "pid": 17648,
    "index": 23
  },
  {
    "name": "Require(21) node_modules/_egg@2.10.0@egg/config/config.local.js",
    "start": 1535454097565,
    "end": 1535454097566,
    "duration": 1,
    "pid": 17648,
    "index": 24
  },
  {
    "name": "Load extend/application.js",
    "start": 1535454097568,
    "end": 1535454097597,
    "duration": 29,
    "pid": 17648,
    "index": 25
  },
  {
    "name": "Require(22) node_modules/_egg-session@3.1.0@egg-session/app/extend/application.js",
    "start": 1535454097569,
    "end": 1535454097569,
    "duration": 0,
    "pid": 17648,
    "index": 26
  },
  {
    "name": "Require(23) node_modules/_egg-security@2.2.3@egg-security/app/extend/application.js",
    "start": 1535454097570,
    "end": 1535454097571,
    "duration": 1,
    "pid": 17648,
    "index": 27
  },
  {
    "name": "Require(24) node_modules/_egg-jsonp@2.0.0@egg-jsonp/app/extend/application.js",
    "start": 1535454097573,
    "end": 1535454097577,
    "duration": 4,
    "pid": 17648,
    "index": 28
  },
  {
    "name": "Require(25) node_modules/_egg-logrotator@3.0.3@egg-logrotator/app/extend/application.js",
    "start": 1535454097580,
    "end": 1535454097585,
    "duration": 5,
    "pid": 17648,
    "index": 29
  },
  {
    "name": "Require(26) node_modules/_egg-view@2.1.0@egg-view/app/extend/application.js",
    "start": 1535454097586,
    "end": 1535454097589,
    "duration": 3,
    "pid": 17648,
    "index": 30
  },
  {
    "name": "Load extend/request.js",
    "start": 1535454097598,
    "end": 1535454097616,
    "duration": 18,
    "pid": 17648,
    "index": 31
  },
  {
    "name": "Require(27) node_modules/_egg@2.10.0@egg/app/extend/request.js",
    "start": 1535454097604,
    "end": 1535454097610,
    "duration": 6,
    "pid": 17648,
    "index": 32
  },
  {
    "name": "Load extend/response.js",
    "start": 1535454097616,
    "end": 1535454097634,
    "duration": 18,
    "pid": 17648,
    "index": 33
  },
  {
    "name": "Require(28) node_modules/_egg@2.10.0@egg/app/extend/response.js",
    "start": 1535454097622,
    "end": 1535454097627,
    "duration": 5,
    "pid": 17648,
    "index": 34
  },
  {
    "name": "Load extend/context.js",
    "start": 1535454097634,
    "end": 1535454097770,
    "duration": 136,
    "pid": 17648,
    "index": 35
  },
  {
    "name": "Require(29) node_modules/_egg-security@2.2.3@egg-security/app/extend/context.js",
    "start": 1535454097635,
    "end": 1535454097661,
    "duration": 26,
    "pid": 17648,
    "index": 36
  },
  {
    "name": "Require(30) node_modules/_egg-jsonp@2.0.0@egg-jsonp/app/extend/context.js",
    "start": 1535454097661,
    "end": 1535454097663,
    "duration": 2,
    "pid": 17648,
    "index": 37
  },
  {
    "name": "Require(31) node_modules/_egg-i18n@2.0.0@egg-i18n/app/extend/context.js",
    "start": 1535454097664,
    "end": 1535454097665,
    "duration": 1,
    "pid": 17648,
    "index": 38
  },
  {
    "name": "Require(32) node_modules/_egg-multipart@2.1.0@egg-multipart/app/extend/context.js",
    "start": 1535454097666,
    "end": 1535454097749,
    "duration": 83,
    "pid": 17648,
    "index": 39
  },
  {
    "name": "Require(33) node_modules/_egg-view@2.1.0@egg-view/app/extend/context.js",
    "start": 1535454097751,
    "end": 1535454097753,
    "duration": 2,
    "pid": 17648,
    "index": 40
  },
  {
    "name": "Require(34) node_modules/_egg@2.10.0@egg/app/extend/context.js",
    "start": 1535454097755,
    "end": 1535454097763,
    "duration": 8,
    "pid": 17648,
    "index": 41
  },
  {
    "name": "Load extend/helper.js",
    "start": 1535454097770,
    "end": 1535454097816,
    "duration": 46,
    "pid": 17648,
    "index": 42
  },
  {
    "name": "Require(35) node_modules/_egg-security@2.2.3@egg-security/app/extend/helper.js",
    "start": 1535454097771,
    "end": 1535454097804,
    "duration": 33,
    "pid": 17648,
    "index": 43
  },
  {
    "name": "Require(36) node_modules/_egg@2.10.0@egg/app/extend/helper.js",
    "start": 1535454097808,
    "end": 1535454097809,
    "duration": 1,
    "pid": 17648,
    "index": 44
  },
  {
    "name": "Load app.js",
    "start": 1535454097816,
    "end": 1535454098144,
    "duration": 328,
    "pid": 17648,
    "index": 45
  },
  {
    "name": "Require(37) node_modules/_egg-session@3.1.0@egg-session/app.js",
    "start": 1535454097817,
    "end": 1535454097817,
    "duration": 0,
    "pid": 17648,
    "index": 46
  },
  {
    "name": "Require(38) node_modules/_egg-security@2.2.3@egg-security/app.js",
    "start": 1535454097818,
    "end": 1535454097825,
    "duration": 7,
    "pid": 17648,
    "index": 47
  },
  {
    "name": "Require(39) node_modules/_egg-onerror@2.1.0@egg-onerror/app.js",
    "start": 1535454097827,
    "end": 1535454097844,
    "duration": 17,
    "pid": 17648,
    "index": 48
  },
  {
    "name": "Require(40) node_modules/_egg-i18n@2.0.0@egg-i18n/app.js",
    "start": 1535454097846,
    "end": 1535454097864,
    "duration": 18,
    "pid": 17648,
    "index": 49
  },
  {
    "name": "Require(41) node_modules/_egg-watcher@3.0.0@egg-watcher/app.js",
    "start": 1535454097872,
    "end": 1535454097879,
    "duration": 7,
    "pid": 17648,
    "index": 50
  },
  {
    "name": "Before Start in node_modules/_egg-watcher@3.0.0@egg-watcher/app.js:15:7",
    "start": 1535454097892,
    "end": 1535454098432,
    "duration": 540,
    "pid": 17648,
    "index": 51
  },
  {
    "name": "Require(42) node_modules/_egg-multipart@2.1.0@egg-multipart/app.js",
    "start": 1535454097894,
    "end": 1535454097900,
    "duration": 6,
    "pid": 17648,
    "index": 52
  },
  {
    "name": "Require(43) node_modules/_egg-development@2.4.1@egg-development/app.js",
    "start": 1535454097902,
    "end": 1535454097903,
    "duration": 1,
    "pid": 17648,
    "index": 53
  },
  {
    "name": "Require(44) node_modules/_egg-schedule@3.3.0@egg-schedule/app.js",
    "start": 1535454097903,
    "end": 1535454097908,
    "duration": 5,
    "pid": 17648,
    "index": 54
  },
  {
    "name": "Require(45) node_modules/_egg-logrotator@3.0.3@egg-logrotator/app.js",
    "start": 1535454097977,
    "end": 1535454097978,
    "duration": 1,
    "pid": 17648,
    "index": 55
  },
  {
    "name": "Require(46) node_modules/_egg-static@2.1.1@egg-static/app.js",
    "start": 1535454097978,
    "end": 1535454097979,
    "duration": 1,
    "pid": 17648,
    "index": 56
  },
  {
    "name": "Require(47) node_modules/_egg-view-ejs@2.0.0@egg-view-ejs/app.js",
    "start": 1535454097981,
    "end": 1535454097981,
    "duration": 0,
    "pid": 17648,
    "index": 57
  },
  {
    "name": "Require(48) node_modules/_egg-mysql@3.0.0@egg-mysql/app.js",
    "start": 1535454097990,
    "end": 1535454098020,
    "duration": 30,
    "pid": 17648,
    "index": 58
  },
  {
    "name": "Before Start in node_modules/_egg-mysql@3.0.0@egg-mysql/lib/mysql.js:20:7",
    "start": 1535454098141,
    "end": 1535454098441,
    "duration": 300,
    "pid": 17648,
    "index": 59
  },
  {
    "name": "Load Service",
    "start": 1535454098144,
    "end": 1535454098153,
    "duration": 9,
    "pid": 17648,
    "index": 60
  },
  {
    "name": "Load \"service\" to Context",
    "start": 1535454098144,
    "end": 1535454098153,
    "duration": 9,
    "pid": 17648,
    "index": 61
  },
  {
    "name": "Load Middleware",
    "start": 1535454098154,
    "end": 1535454098358,
    "duration": 204,
    "pid": 17648,
    "index": 62
  },
  {
    "name": "Load \"middlewares\" to Application",
    "start": 1535454098154,
    "end": 1535454098331,
    "duration": 177,
    "pid": 17648,
    "index": 63
  },
  {
    "name": "Load Controller",
    "start": 1535454098358,
    "end": 1535454098363,
    "duration": 5,
    "pid": 17648,
    "index": 64
  },
  {
    "name": "Load \"controller\" to Application",
    "start": 1535454098358,
    "end": 1535454098363,
    "duration": 5,
    "pid": 17648,
    "index": 65
  },
  {
    "name": "Load Router",
    "start": 1535454098363,
    "end": 1535454098368,
    "duration": 5,
    "pid": 17648,
    "index": 66
  },
  {
    "name": "Require(49) app/router.js",
    "start": 1535454098363,
    "end": 1535454098364,
    "duration": 1,
    "pid": 17648,
    "index": 67
  },
  {
    "name": "Before Start in node_modules/_egg-core@4.9.1@egg-core/lib/egg.js:328:10",
    "start": 1535454098365,
    "end": 1535454098402,
    "duration": 37,
    "pid": 17648,
    "index": 68
  }
]