[
  {
    "name": "Application Start",
    "start": 1535452582997,
    "end": 1535452583894,
    "duration": 897,
    "pid": 15356,
    "index": 0
  },
  {
    "name": "Load Plugin",
    "start": 1535452583004,
    "end": 1535452583039,
    "duration": 35,
    "pid": 15356,
    "index": 1
  },
  {
    "name": "Load Config",
    "start": 1535452583039,
    "end": 1535452583077,
    "duration": 38,
    "pid": 15356,
    "index": 2
  },
  {
    "name": "Require(0) config/config.default.js",
    "start": 1535452583041,
    "end": 1535452583042,
    "duration": 1,
    "pid": 15356,
    "index": 3
  },
  {
    "name": "Require(1) node_modules/_egg-session@3.1.0@egg-session/config/config.default.js",
    "start": 1535452583044,
    "end": 1535452583045,
    "duration": 1,
    "pid": 15356,
    "index": 4
  },
  {
    "name": "Require(2) node_modules/_egg-security@2.2.3@egg-security/config/config.default.js",
    "start": 1535452583046,
    "end": 1535452583046,
    "duration": 0,
    "pid": 15356,
    "index": 5
  },
  {
    "name": "Require(3) node_modules/_egg-jsonp@2.0.0@egg-jsonp/config/config.default.js",
    "start": 1535452583048,
    "end": 1535452583048,
    "duration": 0,
    "pid": 15356,
    "index": 6
  },
  {
    "name": "Require(4) node_modules/_egg-onerror@2.1.0@egg-onerror/config/config.default.js",
    "start": 1535452583049,
    "end": 1535452583049,
    "duration": 0,
    "pid": 15356,
    "index": 7
  },
  {
    "name": "Require(5) node_modules/_egg-i18n@2.0.0@egg-i18n/config/config.default.js",
    "start": 1535452583050,
    "end": 1535452583051,
    "duration": 1,
    "pid": 15356,
    "index": 8
  },
  {
    "name": "Require(6) node_modules/_egg-watcher@3.0.0@egg-watcher/config/config.default.js",
    "start": 1535452583051,
    "end": 1535452583052,
    "duration": 1,
    "pid": 15356,
    "index": 9
  },
  {
    "name": "Require(7) node_modules/_egg-multipart@2.1.0@egg-multipart/config/config.default.js",
    "start": 1535452583053,
    "end": 1535452583054,
    "duration": 1,
    "pid": 15356,
    "index": 10
  },
  {
    "name": "Require(8) node_modules/_egg-development@2.4.1@egg-development/config/config.default.js",
    "start": 1535452583055,
    "end": 1535452583056,
    "duration": 1,
    "pid": 15356,
    "index": 11
  },
  {
    "name": "Require(9) node_modules/_egg-schedule@3.3.0@egg-schedule/config/config.default.js",
    "start": 1535452583058,
    "end": 1535452583058,
    "duration": 0,
    "pid": 15356,
    "index": 12
  },
  {
    "name": "Require(10) node_modules/_egg-logrotator@3.0.3@egg-logrotator/config/config.default.js",
    "start": 1535452583060,
    "end": 1535452583060,
    "duration": 0,
    "pid": 15356,
    "index": 13
  },
  {
    "name": "Require(11) node_modules/_egg-static@2.1.1@egg-static/config/config.default.js",
    "start": 1535452583061,
    "end": 1535452583061,
    "duration": 0,
    "pid": 15356,
    "index": 14
  },
  {
    "name": "Require(12) node_modules/_egg-view@2.1.0@egg-view/config/config.default.js",
    "start": 1535452583062,
    "end": 1535452583063,
    "duration": 1,
    "pid": 15356,
    "index": 15
  },
  {
    "name": "Require(13) node_modules/_egg-view-ejs@2.0.0@egg-view-ejs/config/config.default.js",
    "start": 1535452583064,
    "end": 1535452583064,
    "duration": 0,
    "pid": 15356,
    "index": 16
  },
  {
    "name": "Require(14) node_modules/_egg-mysql@3.0.0@egg-mysql/config/config.default.js",
    "start": 1535452583065,
    "end": 1535452583065,
    "duration": 0,
    "pid": 15356,
    "index": 17
  },
  {
    "name": "Require(15) node_modules/_egg@2.10.0@egg/config/config.default.js",
    "start": 1535452583066,
    "end": 1535452583067,
    "duration": 1,
    "pid": 15356,
    "index": 18
  },
  {
    "name": "Require(16) config/config.default.js",
    "start": 1535452583069,
    "end": 1535452583069,
    "duration": 0,
    "pid": 15356,
    "index": 19
  },
  {
    "name": "Require(17) node_modules/_egg-security@2.2.3@egg-security/config/config.local.js",
    "start": 1535452583070,
    "end": 1535452583070,
    "duration": 0,
    "pid": 15356,
    "index": 20
  },
  {
    "name": "Require(18) node_modules/_egg-watcher@3.0.0@egg-watcher/config/config.local.js",
    "start": 1535452583072,
    "end": 1535452583072,
    "duration": 0,
    "pid": 15356,
    "index": 21
  },
  {
    "name": "Require(19) node_modules/_egg-view@2.1.0@egg-view/config/config.local.js",
    "start": 1535452583075,
    "end": 1535452583075,
    "duration": 0,
    "pid": 15356,
    "index": 22
  },
  {
    "name": "Require(20) node_modules/_egg-view-ejs@2.0.0@egg-view-ejs/config/config.local.js",
    "start": 1535452583076,
    "end": 1535452583076,
    "duration": 0,
    "pid": 15356,
    "index": 23
  },
  {
    "name": "Require(21) node_modules/_egg@2.10.0@egg/config/config.local.js",
    "start": 1535452583077,
    "end": 1535452583077,
    "duration": 0,
    "pid": 15356,
    "index": 24
  },
  {
    "name": "Load extend/application.js",
    "start": 1535452583083,
    "end": 1535452583104,
    "duration": 21,
    "pid": 15356,
    "index": 25
  },
  {
    "name": "Require(22) node_modules/_egg-session@3.1.0@egg-session/app/extend/application.js",
    "start": 1535452583084,
    "end": 1535452583084,
    "duration": 0,
    "pid": 15356,
    "index": 26
  },
  {
    "name": "Require(23) node_modules/_egg-security@2.2.3@egg-security/app/extend/application.js",
    "start": 1535452583085,
    "end": 1535452583086,
    "duration": 1,
    "pid": 15356,
    "index": 27
  },
  {
    "name": "Require(24) node_modules/_egg-jsonp@2.0.0@egg-jsonp/app/extend/application.js",
    "start": 1535452583087,
    "end": 1535452583090,
    "duration": 3,
    "pid": 15356,
    "index": 28
  },
  {
    "name": "Require(25) node_modules/_egg-logrotator@3.0.3@egg-logrotator/app/extend/application.js",
    "start": 1535452583092,
    "end": 1535452583096,
    "duration": 4,
    "pid": 15356,
    "index": 29
  },
  {
    "name": "Require(26) node_modules/_egg-view@2.1.0@egg-view/app/extend/application.js",
    "start": 1535452583097,
    "end": 1535452583099,
    "duration": 2,
    "pid": 15356,
    "index": 30
  },
  {
    "name": "Load extend/request.js",
    "start": 1535452583104,
    "end": 1535452583118,
    "duration": 14,
    "pid": 15356,
    "index": 31
  },
  {
    "name": "Require(27) node_modules/_egg@2.10.0@egg/app/extend/request.js",
    "start": 1535452583109,
    "end": 1535452583112,
    "duration": 3,
    "pid": 15356,
    "index": 32
  },
  {
    "name": "Load extend/response.js",
    "start": 1535452583118,
    "end": 1535452583132,
    "duration": 14,
    "pid": 15356,
    "index": 33
  },
  {
    "name": "Require(28) node_modules/_egg@2.10.0@egg/app/extend/response.js",
    "start": 1535452583124,
    "end": 1535452583128,
    "duration": 4,
    "pid": 15356,
    "index": 34
  },
  {
    "name": "Load extend/context.js",
    "start": 1535452583133,
    "end": 1535452583234,
    "duration": 101,
    "pid": 15356,
    "index": 35
  },
  {
    "name": "Require(29) node_modules/_egg-security@2.2.3@egg-security/app/extend/context.js",
    "start": 1535452583134,
    "end": 1535452583156,
    "duration": 22,
    "pid": 15356,
    "index": 36
  },
  {
    "name": "Require(30) node_modules/_egg-jsonp@2.0.0@egg-jsonp/app/extend/context.js",
    "start": 1535452583157,
    "end": 1535452583159,
    "duration": 2,
    "pid": 15356,
    "index": 37
  },
  {
    "name": "Require(31) node_modules/_egg-i18n@2.0.0@egg-i18n/app/extend/context.js",
    "start": 1535452583159,
    "end": 1535452583160,
    "duration": 1,
    "pid": 15356,
    "index": 38
  },
  {
    "name": "Require(32) node_modules/_egg-multipart@2.1.0@egg-multipart/app/extend/context.js",
    "start": 1535452583161,
    "end": 1535452583223,
    "duration": 62,
    "pid": 15356,
    "index": 39
  },
  {
    "name": "Require(33) node_modules/_egg-view@2.1.0@egg-view/app/extend/context.js",
    "start": 1535452583224,
    "end": 1535452583225,
    "duration": 1,
    "pid": 15356,
    "index": 40
  },
  {
    "name": "Require(34) node_modules/_egg@2.10.0@egg/app/extend/context.js",
    "start": 1535452583226,
    "end": 1535452583229,
    "duration": 3,
    "pid": 15356,
    "index": 41
  },
  {
    "name": "Load extend/helper.js",
    "start": 1535452583234,
    "end": 1535452583270,
    "duration": 36,
    "pid": 15356,
    "index": 42
  },
  {
    "name": "Require(35) node_modules/_egg-security@2.2.3@egg-security/app/extend/helper.js",
    "start": 1535452583235,
    "end": 1535452583262,
    "duration": 27,
    "pid": 15356,
    "index": 43
  },
  {
    "name": "Require(36) node_modules/_egg@2.10.0@egg/app/extend/helper.js",
    "start": 1535452583265,
    "end": 1535452583266,
    "duration": 1,
    "pid": 15356,
    "index": 44
  },
  {
    "name": "Load app.js",
    "start": 1535452583270,
    "end": 1535452583607,
    "duration": 337,
    "pid": 15356,
    "index": 45
  },
  {
    "name": "Require(37) node_modules/_egg-session@3.1.0@egg-session/app.js",
    "start": 1535452583270,
    "end": 1535452583271,
    "duration": 1,
    "pid": 15356,
    "index": 46
  },
  {
    "name": "Require(38) node_modules/_egg-security@2.2.3@egg-security/app.js",
    "start": 1535452583272,
    "end": 1535452583275,
    "duration": 3,
    "pid": 15356,
    "index": 47
  },
  {
    "name": "Require(39) node_modules/_egg-onerror@2.1.0@egg-onerror/app.js",
    "start": 1535452583276,
    "end": 1535452583298,
    "duration": 22,
    "pid": 15356,
    "index": 48
  },
  {
    "name": "Require(40) node_modules/_egg-i18n@2.0.0@egg-i18n/app.js",
    "start": 1535452583300,
    "end": 1535452583312,
    "duration": 12,
    "pid": 15356,
    "index": 49
  },
  {
    "name": "Require(41) node_modules/_egg-watcher@3.0.0@egg-watcher/app.js",
    "start": 1535452583318,
    "end": 1535452583325,
    "duration": 7,
    "pid": 15356,
    "index": 50
  },
  {
    "name": "Before Start in node_modules/_egg-watcher@3.0.0@egg-watcher/app.js:15:7",
    "start": 1535452583338,
    "end": 1535452583876,
    "duration": 538,
    "pid": 15356,
    "index": 51
  },
  {
    "name": "Require(42) node_modules/_egg-multipart@2.1.0@egg-multipart/app.js",
    "start": 1535452583340,
    "end": 1535452583347,
    "duration": 7,
    "pid": 15356,
    "index": 52
  },
  {
    "name": "Require(43) node_modules/_egg-development@2.4.1@egg-development/app.js",
    "start": 1535452583349,
    "end": 1535452583350,
    "duration": 1,
    "pid": 15356,
    "index": 53
  },
  {
    "name": "Require(44) node_modules/_egg-schedule@3.3.0@egg-schedule/app.js",
    "start": 1535452583350,
    "end": 1535452583354,
    "duration": 4,
    "pid": 15356,
    "index": 54
  },
  {
    "name": "Require(45) node_modules/_egg-logrotator@3.0.3@egg-logrotator/app.js",
    "start": 1535452583414,
    "end": 1535452583414,
    "duration": 0,
    "pid": 15356,
    "index": 55
  },
  {
    "name": "Require(46) node_modules/_egg-static@2.1.1@egg-static/app.js",
    "start": 1535452583416,
    "end": 1535452583417,
    "duration": 1,
    "pid": 15356,
    "index": 56
  },
  {
    "name": "Require(47) node_modules/_egg-view-ejs@2.0.0@egg-view-ejs/app.js",
    "start": 1535452583419,
    "end": 1535452583420,
    "duration": 1,
    "pid": 15356,
    "index": 57
  },
  {
    "name": "Require(48) node_modules/_egg-mysql@3.0.0@egg-mysql/app.js",
    "start": 1535452583428,
    "end": 1535452583457,
    "duration": 29,
    "pid": 15356,
    "index": 58
  },
  {
    "name": "Before Start in node_modules/_egg-mysql@3.0.0@egg-mysql/lib/mysql.js:20:7",
    "start": 1535452583605,
    "end": 1535452583893,
    "duration": 288,
    "pid": 15356,
    "index": 59
  },
  {
    "name": "Load Service",
    "start": 1535452583607,
    "end": 1535452583615,
    "duration": 8,
    "pid": 15356,
    "index": 60
  },
  {
    "name": "Load \"service\" to Context",
    "start": 1535452583607,
    "end": 1535452583615,
    "duration": 8,
    "pid": 15356,
    "index": 61
  },
  {
    "name": "Load Middleware",
    "start": 1535452583615,
    "end": 1535452583814,
    "duration": 199,
    "pid": 15356,
    "index": 62
  },
  {
    "name": "Load \"middlewares\" to Application",
    "start": 1535452583616,
    "end": 1535452583794,
    "duration": 178,
    "pid": 15356,
    "index": 63
  },
  {
    "name": "Load Controller",
    "start": 1535452583815,
    "end": 1535452583822,
    "duration": 7,
    "pid": 15356,
    "index": 64
  },
  {
    "name": "Load \"controller\" to Application",
    "start": 1535452583815,
    "end": 1535452583822,
    "duration": 7,
    "pid": 15356,
    "index": 65
  },
  {
    "name": "Load Router",
    "start": 1535452583822,
    "end": 1535452583826,
    "duration": 4,
    "pid": 15356,
    "index": 66
  },
  {
    "name": "Require(49) app/router.js",
    "start": 1535452583822,
    "end": 1535452583823,
    "duration": 1,
    "pid": 15356,
    "index": 67
  },
  {
    "name": "Before Start in node_modules/_egg-core@4.9.1@egg-core/lib/egg.js:328:10",
    "start": 1535452583824,
    "end": 1535452583850,
    "duration": 26,
    "pid": 15356,
    "index": 68
  }
]