[
  {
    "name": "Application Start",
    "start": 1535453064602,
    "end": 1535453065406,
    "duration": 804,
    "pid": 10284,
    "index": 0
  },
  {
    "name": "Load Plugin",
    "start": 1535453064610,
    "end": 1535453064647,
    "duration": 37,
    "pid": 10284,
    "index": 1
  },
  {
    "name": "Load Config",
    "start": 1535453064648,
    "end": 1535453064688,
    "duration": 40,
    "pid": 10284,
    "index": 2
  },
  {
    "name": "Require(0) config/config.default.js",
    "start": 1535453064649,
    "end": 1535453064649,
    "duration": 0,
    "pid": 10284,
    "index": 3
  },
  {
    "name": "Require(1) node_modules/_egg-session@3.1.0@egg-session/config/config.default.js",
    "start": 1535453064653,
    "end": 1535453064653,
    "duration": 0,
    "pid": 10284,
    "index": 4
  },
  {
    "name": "Require(2) node_modules/_egg-security@2.2.3@egg-security/config/config.default.js",
    "start": 1535453064655,
    "end": 1535453064655,
    "duration": 0,
    "pid": 10284,
    "index": 5
  },
  {
    "name": "Require(3) node_modules/_egg-jsonp@2.0.0@egg-jsonp/config/config.default.js",
    "start": 1535453064657,
    "end": 1535453064657,
    "duration": 0,
    "pid": 10284,
    "index": 6
  },
  {
    "name": "Require(4) node_modules/_egg-onerror@2.1.0@egg-onerror/config/config.default.js",
    "start": 1535453064658,
    "end": 1535453064658,
    "duration": 0,
    "pid": 10284,
    "index": 7
  },
  {
    "name": "Require(5) node_modules/_egg-i18n@2.0.0@egg-i18n/config/config.default.js",
    "start": 1535453064659,
    "end": 1535453064659,
    "duration": 0,
    "pid": 10284,
    "index": 8
  },
  {
    "name": "Require(6) node_modules/_egg-watcher@3.0.0@egg-watcher/config/config.default.js",
    "start": 1535453064660,
    "end": 1535453064660,
    "duration": 0,
    "pid": 10284,
    "index": 9
  },
  {
    "name": "Require(7) node_modules/_egg-multipart@2.1.0@egg-multipart/config/config.default.js",
    "start": 1535453064661,
    "end": 1535453064662,
    "duration": 1,
    "pid": 10284,
    "index": 10
  },
  {
    "name": "Require(8) node_modules/_egg-development@2.4.1@egg-development/config/config.default.js",
    "start": 1535453064662,
    "end": 1535453064663,
    "duration": 1,
    "pid": 10284,
    "index": 11
  },
  {
    "name": "Require(9) node_modules/_egg-schedule@3.3.0@egg-schedule/config/config.default.js",
    "start": 1535453064663,
    "end": 1535453064664,
    "duration": 1,
    "pid": 10284,
    "index": 12
  },
  {
    "name": "Require(10) node_modules/_egg-logrotator@3.0.3@egg-logrotator/config/config.default.js",
    "start": 1535453064665,
    "end": 1535453064665,
    "duration": 0,
    "pid": 10284,
    "index": 13
  },
  {
    "name": "Require(11) node_modules/_egg-static@2.1.1@egg-static/config/config.default.js",
    "start": 1535453064666,
    "end": 1535453064666,
    "duration": 0,
    "pid": 10284,
    "index": 14
  },
  {
    "name": "Require(12) node_modules/_egg-view@2.1.0@egg-view/config/config.default.js",
    "start": 1535453064667,
    "end": 1535453064667,
    "duration": 0,
    "pid": 10284,
    "index": 15
  },
  {
    "name": "Require(13) node_modules/_egg-view-ejs@2.0.0@egg-view-ejs/config/config.default.js",
    "start": 1535453064669,
    "end": 1535453064669,
    "duration": 0,
    "pid": 10284,
    "index": 16
  },
  {
    "name": "Require(14) node_modules/_egg-mysql@3.0.0@egg-mysql/config/config.default.js",
    "start": 1535453064670,
    "end": 1535453064671,
    "duration": 1,
    "pid": 10284,
    "index": 17
  },
  {
    "name": "Require(15) node_modules/_egg@2.10.0@egg/config/config.default.js",
    "start": 1535453064672,
    "end": 1535453064673,
    "duration": 1,
    "pid": 10284,
    "index": 18
  },
  {
    "name": "Require(16) config/config.default.js",
    "start": 1535453064675,
    "end": 1535453064675,
    "duration": 0,
    "pid": 10284,
    "index": 19
  },
  {
    "name": "Require(17) node_modules/_egg-security@2.2.3@egg-security/config/config.local.js",
    "start": 1535453064676,
    "end": 1535453064677,
    "duration": 1,
    "pid": 10284,
    "index": 20
  },
  {
    "name": "Require(18) node_modules/_egg-watcher@3.0.0@egg-watcher/config/config.local.js",
    "start": 1535453064678,
    "end": 1535453064679,
    "duration": 1,
    "pid": 10284,
    "index": 21
  },
  {
    "name": "Require(19) node_modules/_egg-view@2.1.0@egg-view/config/config.local.js",
    "start": 1535453064681,
    "end": 1535453064681,
    "duration": 0,
    "pid": 10284,
    "index": 22
  },
  {
    "name": "Require(20) node_modules/_egg-view-ejs@2.0.0@egg-view-ejs/config/config.local.js",
    "start": 1535453064682,
    "end": 1535453064683,
    "duration": 1,
    "pid": 10284,
    "index": 23
  },
  {
    "name": "Require(21) node_modules/_egg@2.10.0@egg/config/config.local.js",
    "start": 1535453064684,
    "end": 1535453064688,
    "duration": 4,
    "pid": 10284,
    "index": 24
  },
  {
    "name": "Load extend/application.js",
    "start": 1535453064690,
    "end": 1535453064713,
    "duration": 23,
    "pid": 10284,
    "index": 25
  },
  {
    "name": "Require(22) node_modules/_egg-session@3.1.0@egg-session/app/extend/application.js",
    "start": 1535453064691,
    "end": 1535453064691,
    "duration": 0,
    "pid": 10284,
    "index": 26
  },
  {
    "name": "Require(23) node_modules/_egg-security@2.2.3@egg-security/app/extend/application.js",
    "start": 1535453064692,
    "end": 1535453064693,
    "duration": 1,
    "pid": 10284,
    "index": 27
  },
  {
    "name": "Require(24) node_modules/_egg-jsonp@2.0.0@egg-jsonp/app/extend/application.js",
    "start": 1535453064694,
    "end": 1535453064697,
    "duration": 3,
    "pid": 10284,
    "index": 28
  },
  {
    "name": "Require(25) node_modules/_egg-logrotator@3.0.3@egg-logrotator/app/extend/application.js",
    "start": 1535453064699,
    "end": 1535453064705,
    "duration": 6,
    "pid": 10284,
    "index": 29
  },
  {
    "name": "Require(26) node_modules/_egg-view@2.1.0@egg-view/app/extend/application.js",
    "start": 1535453064706,
    "end": 1535453064708,
    "duration": 2,
    "pid": 10284,
    "index": 30
  },
  {
    "name": "Load extend/request.js",
    "start": 1535453064713,
    "end": 1535453064725,
    "duration": 12,
    "pid": 10284,
    "index": 31
  },
  {
    "name": "Require(27) node_modules/_egg@2.10.0@egg/app/extend/request.js",
    "start": 1535453064718,
    "end": 1535453064720,
    "duration": 2,
    "pid": 10284,
    "index": 32
  },
  {
    "name": "Load extend/response.js",
    "start": 1535453064725,
    "end": 1535453064737,
    "duration": 12,
    "pid": 10284,
    "index": 33
  },
  {
    "name": "Require(28) node_modules/_egg@2.10.0@egg/app/extend/response.js",
    "start": 1535453064728,
    "end": 1535453064732,
    "duration": 4,
    "pid": 10284,
    "index": 34
  },
  {
    "name": "Load extend/context.js",
    "start": 1535453064737,
    "end": 1535453064835,
    "duration": 98,
    "pid": 10284,
    "index": 35
  },
  {
    "name": "Require(29) node_modules/_egg-security@2.2.3@egg-security/app/extend/context.js",
    "start": 1535453064738,
    "end": 1535453064755,
    "duration": 17,
    "pid": 10284,
    "index": 36
  },
  {
    "name": "Require(30) node_modules/_egg-jsonp@2.0.0@egg-jsonp/app/extend/context.js",
    "start": 1535453064756,
    "end": 1535453064758,
    "duration": 2,
    "pid": 10284,
    "index": 37
  },
  {
    "name": "Require(31) node_modules/_egg-i18n@2.0.0@egg-i18n/app/extend/context.js",
    "start": 1535453064759,
    "end": 1535453064759,
    "duration": 0,
    "pid": 10284,
    "index": 38
  },
  {
    "name": "Require(32) node_modules/_egg-multipart@2.1.0@egg-multipart/app/extend/context.js",
    "start": 1535453064760,
    "end": 1535453064824,
    "duration": 64,
    "pid": 10284,
    "index": 39
  },
  {
    "name": "Require(33) node_modules/_egg-view@2.1.0@egg-view/app/extend/context.js",
    "start": 1535453064826,
    "end": 1535453064827,
    "duration": 1,
    "pid": 10284,
    "index": 40
  },
  {
    "name": "Require(34) node_modules/_egg@2.10.0@egg/app/extend/context.js",
    "start": 1535453064828,
    "end": 1535453064831,
    "duration": 3,
    "pid": 10284,
    "index": 41
  },
  {
    "name": "Load extend/helper.js",
    "start": 1535453064835,
    "end": 1535453064870,
    "duration": 35,
    "pid": 10284,
    "index": 42
  },
  {
    "name": "Require(35) node_modules/_egg-security@2.2.3@egg-security/app/extend/helper.js",
    "start": 1535453064836,
    "end": 1535453064862,
    "duration": 26,
    "pid": 10284,
    "index": 43
  },
  {
    "name": "Require(36) node_modules/_egg@2.10.0@egg/app/extend/helper.js",
    "start": 1535453064865,
    "end": 1535453064866,
    "duration": 1,
    "pid": 10284,
    "index": 44
  },
  {
    "name": "Load app.js",
    "start": 1535453064870,
    "end": 1535453065156,
    "duration": 286,
    "pid": 10284,
    "index": 45
  },
  {
    "name": "Require(37) node_modules/_egg-session@3.1.0@egg-session/app.js",
    "start": 1535453064870,
    "end": 1535453064871,
    "duration": 1,
    "pid": 10284,
    "index": 46
  },
  {
    "name": "Require(38) node_modules/_egg-security@2.2.3@egg-security/app.js",
    "start": 1535453064871,
    "end": 1535453064874,
    "duration": 3,
    "pid": 10284,
    "index": 47
  },
  {
    "name": "Require(39) node_modules/_egg-onerror@2.1.0@egg-onerror/app.js",
    "start": 1535453064875,
    "end": 1535453064889,
    "duration": 14,
    "pid": 10284,
    "index": 48
  },
  {
    "name": "Require(40) node_modules/_egg-i18n@2.0.0@egg-i18n/app.js",
    "start": 1535453064891,
    "end": 1535453064904,
    "duration": 13,
    "pid": 10284,
    "index": 49
  },
  {
    "name": "Require(41) node_modules/_egg-watcher@3.0.0@egg-watcher/app.js",
    "start": 1535453064909,
    "end": 1535453064914,
    "duration": 5,
    "pid": 10284,
    "index": 50
  },
  {
    "name": "Before Start in node_modules/_egg-watcher@3.0.0@egg-watcher/app.js:15:7",
    "start": 1535453064925,
    "end": 1535453065400,
    "duration": 475,
    "pid": 10284,
    "index": 51
  },
  {
    "name": "Require(42) node_modules/_egg-multipart@2.1.0@egg-multipart/app.js",
    "start": 1535453064927,
    "end": 1535453064931,
    "duration": 4,
    "pid": 10284,
    "index": 52
  },
  {
    "name": "Require(43) node_modules/_egg-development@2.4.1@egg-development/app.js",
    "start": 1535453064932,
    "end": 1535453064933,
    "duration": 1,
    "pid": 10284,
    "index": 53
  },
  {
    "name": "Require(44) node_modules/_egg-schedule@3.3.0@egg-schedule/app.js",
    "start": 1535453064934,
    "end": 1535453064938,
    "duration": 4,
    "pid": 10284,
    "index": 54
  },
  {
    "name": "Require(45) node_modules/_egg-logrotator@3.0.3@egg-logrotator/app.js",
    "start": 1535453064998,
    "end": 1535453064999,
    "duration": 1,
    "pid": 10284,
    "index": 55
  },
  {
    "name": "Require(46) node_modules/_egg-static@2.1.1@egg-static/app.js",
    "start": 1535453065000,
    "end": 1535453065000,
    "duration": 0,
    "pid": 10284,
    "index": 56
  },
  {
    "name": "Require(47) node_modules/_egg-view-ejs@2.0.0@egg-view-ejs/app.js",
    "start": 1535453065002,
    "end": 1535453065002,
    "duration": 0,
    "pid": 10284,
    "index": 57
  },
  {
    "name": "Require(48) node_modules/_egg-mysql@3.0.0@egg-mysql/app.js",
    "start": 1535453065009,
    "end": 1535453065036,
    "duration": 27,
    "pid": 10284,
    "index": 58
  },
  {
    "name": "Before Start in node_modules/_egg-mysql@3.0.0@egg-mysql/lib/mysql.js:20:7",
    "start": 1535453065155,
    "end": 1535453065406,
    "duration": 251,
    "pid": 10284,
    "index": 59
  },
  {
    "name": "Load Service",
    "start": 1535453065157,
    "end": 1535453065163,
    "duration": 6,
    "pid": 10284,
    "index": 60
  },
  {
    "name": "Load \"service\" to Context",
    "start": 1535453065157,
    "end": 1535453065163,
    "duration": 6,
    "pid": 10284,
    "index": 61
  },
  {
    "name": "Load Middleware",
    "start": 1535453065164,
    "end": 1535453065345,
    "duration": 181,
    "pid": 10284,
    "index": 62
  },
  {
    "name": "Load \"middlewares\" to Application",
    "start": 1535453065164,
    "end": 1535453065319,
    "duration": 155,
    "pid": 10284,
    "index": 63
  },
  {
    "name": "Load Controller",
    "start": 1535453065345,
    "end": 1535453065350,
    "duration": 5,
    "pid": 10284,
    "index": 64
  },
  {
    "name": "Load \"controller\" to Application",
    "start": 1535453065345,
    "end": 1535453065350,
    "duration": 5,
    "pid": 10284,
    "index": 65
  },
  {
    "name": "Load Router",
    "start": 1535453065350,
    "end": 1535453065353,
    "duration": 3,
    "pid": 10284,
    "index": 66
  },
  {
    "name": "Require(49) app/router.js",
    "start": 1535453065350,
    "end": 1535453065351,
    "duration": 1,
    "pid": 10284,
    "index": 67
  },
  {
    "name": "Before Start in node_modules/_egg-core@4.9.1@egg-core/lib/egg.js:328:10",
    "start": 1535453065351,
    "end": 1535453065376,
    "duration": 25,
    "pid": 10284,
    "index": 68
  }
]