[
  {
    "name": "Application Start",
    "start": 1535451584712,
    "end": 1535451585899,
    "duration": 1187,
    "pid": 13464,
    "index": 0
  },
  {
    "name": "Load Plugin",
    "start": 1535451584722,
    "end": 1535451584789,
    "duration": 67,
    "pid": 13464,
    "index": 1
  },
  {
    "name": "Load Config",
    "start": 1535451584789,
    "end": 1535451584844,
    "duration": 55,
    "pid": 13464,
    "index": 2
  },
  {
    "name": "Require(0) config/config.default.js",
    "start": 1535451584791,
    "end": 1535451584793,
    "duration": 2,
    "pid": 13464,
    "index": 3
  },
  {
    "name": "Require(1) node_modules/_egg-session@3.1.0@egg-session/config/config.default.js",
    "start": 1535451584796,
    "end": 1535451584796,
    "duration": 0,
    "pid": 13464,
    "index": 4
  },
  {
    "name": "Require(2) node_modules/_egg-security@2.2.3@egg-security/config/config.default.js",
    "start": 1535451584797,
    "end": 1535451584798,
    "duration": 1,
    "pid": 13464,
    "index": 5
  },
  {
    "name": "Require(3) node_modules/_egg-jsonp@2.0.0@egg-jsonp/config/config.default.js",
    "start": 1535451584800,
    "end": 1535451584801,
    "duration": 1,
    "pid": 13464,
    "index": 6
  },
  {
    "name": "Require(4) node_modules/_egg-onerror@2.1.0@egg-onerror/config/config.default.js",
    "start": 1535451584802,
    "end": 1535451584802,
    "duration": 0,
    "pid": 13464,
    "index": 7
  },
  {
    "name": "Require(5) node_modules/_egg-i18n@2.0.0@egg-i18n/config/config.default.js",
    "start": 1535451584803,
    "end": 1535451584804,
    "duration": 1,
    "pid": 13464,
    "index": 8
  },
  {
    "name": "Require(6) node_modules/_egg-watcher@3.0.0@egg-watcher/config/config.default.js",
    "start": 1535451584805,
    "end": 1535451584806,
    "duration": 1,
    "pid": 13464,
    "index": 9
  },
  {
    "name": "Require(7) node_modules/_egg-multipart@2.1.0@egg-multipart/config/config.default.js",
    "start": 1535451584807,
    "end": 1535451584807,
    "duration": 0,
    "pid": 13464,
    "index": 10
  },
  {
    "name": "Require(8) node_modules/_egg-development@2.4.1@egg-development/config/config.default.js",
    "start": 1535451584808,
    "end": 1535451584809,
    "duration": 1,
    "pid": 13464,
    "index": 11
  },
  {
    "name": "Require(9) node_modules/_egg-schedule@3.3.0@egg-schedule/config/config.default.js",
    "start": 1535451584811,
    "end": 1535451584812,
    "duration": 1,
    "pid": 13464,
    "index": 12
  },
  {
    "name": "Require(10) node_modules/_egg-logrotator@3.0.3@egg-logrotator/config/config.default.js",
    "start": 1535451584813,
    "end": 1535451584814,
    "duration": 1,
    "pid": 13464,
    "index": 13
  },
  {
    "name": "Require(11) node_modules/_egg-static@2.1.1@egg-static/config/config.default.js",
    "start": 1535451584815,
    "end": 1535451584816,
    "duration": 1,
    "pid": 13464,
    "index": 14
  },
  {
    "name": "Require(12) node_modules/_egg-view@2.1.0@egg-view/config/config.default.js",
    "start": 1535451584817,
    "end": 1535451584818,
    "duration": 1,
    "pid": 13464,
    "index": 15
  },
  {
    "name": "Require(13) node_modules/_egg-view-ejs@2.0.0@egg-view-ejs/config/config.default.js",
    "start": 1535451584819,
    "end": 1535451584820,
    "duration": 1,
    "pid": 13464,
    "index": 16
  },
  {
    "name": "Require(14) node_modules/_egg-mysql@3.0.0@egg-mysql/config/config.default.js",
    "start": 1535451584824,
    "end": 1535451584824,
    "duration": 0,
    "pid": 13464,
    "index": 17
  },
  {
    "name": "Require(15) node_modules/_egg@2.10.0@egg/config/config.default.js",
    "start": 1535451584826,
    "end": 1535451584827,
    "duration": 1,
    "pid": 13464,
    "index": 18
  },
  {
    "name": "Require(16) config/config.default.js",
    "start": 1535451584830,
    "end": 1535451584830,
    "duration": 0,
    "pid": 13464,
    "index": 19
  },
  {
    "name": "Require(17) node_modules/_egg-security@2.2.3@egg-security/config/config.local.js",
    "start": 1535451584831,
    "end": 1535451584832,
    "duration": 1,
    "pid": 13464,
    "index": 20
  },
  {
    "name": "Require(18) node_modules/_egg-watcher@3.0.0@egg-watcher/config/config.local.js",
    "start": 1535451584835,
    "end": 1535451584835,
    "duration": 0,
    "pid": 13464,
    "index": 21
  },
  {
    "name": "Require(19) node_modules/_egg-view@2.1.0@egg-view/config/config.local.js",
    "start": 1535451584839,
    "end": 1535451584839,
    "duration": 0,
    "pid": 13464,
    "index": 22
  },
  {
    "name": "Require(20) node_modules/_egg-view-ejs@2.0.0@egg-view-ejs/config/config.local.js",
    "start": 1535451584840,
    "end": 1535451584841,
    "duration": 1,
    "pid": 13464,
    "index": 23
  },
  {
    "name": "Require(21) node_modules/_egg@2.10.0@egg/config/config.local.js",
    "start": 1535451584843,
    "end": 1535451584843,
    "duration": 0,
    "pid": 13464,
    "index": 24
  },
  {
    "name": "Load extend/application.js",
    "start": 1535451584846,
    "end": 1535451584880,
    "duration": 34,
    "pid": 13464,
    "index": 25
  },
  {
    "name": "Require(22) node_modules/_egg-session@3.1.0@egg-session/app/extend/application.js",
    "start": 1535451584848,
    "end": 1535451584848,
    "duration": 0,
    "pid": 13464,
    "index": 26
  },
  {
    "name": "Require(23) node_modules/_egg-security@2.2.3@egg-security/app/extend/application.js",
    "start": 1535451584849,
    "end": 1535451584852,
    "duration": 3,
    "pid": 13464,
    "index": 27
  },
  {
    "name": "Require(24) node_modules/_egg-jsonp@2.0.0@egg-jsonp/app/extend/application.js",
    "start": 1535451584853,
    "end": 1535451584857,
    "duration": 4,
    "pid": 13464,
    "index": 28
  },
  {
    "name": "Require(25) node_modules/_egg-logrotator@3.0.3@egg-logrotator/app/extend/application.js",
    "start": 1535451584861,
    "end": 1535451584867,
    "duration": 6,
    "pid": 13464,
    "index": 29
  },
  {
    "name": "Require(26) node_modules/_egg-view@2.1.0@egg-view/app/extend/application.js",
    "start": 1535451584868,
    "end": 1535451584873,
    "duration": 5,
    "pid": 13464,
    "index": 30
  },
  {
    "name": "Load extend/request.js",
    "start": 1535451584880,
    "end": 1535451584898,
    "duration": 18,
    "pid": 13464,
    "index": 31
  },
  {
    "name": "Require(27) node_modules/_egg@2.10.0@egg/app/extend/request.js",
    "start": 1535451584887,
    "end": 1535451584891,
    "duration": 4,
    "pid": 13464,
    "index": 32
  },
  {
    "name": "Load extend/response.js",
    "start": 1535451584898,
    "end": 1535451584920,
    "duration": 22,
    "pid": 13464,
    "index": 33
  },
  {
    "name": "Require(28) node_modules/_egg@2.10.0@egg/app/extend/response.js",
    "start": 1535451584906,
    "end": 1535451584911,
    "duration": 5,
    "pid": 13464,
    "index": 34
  },
  {
    "name": "Load extend/context.js",
    "start": 1535451584920,
    "end": 1535451585106,
    "duration": 186,
    "pid": 13464,
    "index": 35
  },
  {
    "name": "Require(29) node_modules/_egg-security@2.2.3@egg-security/app/extend/context.js",
    "start": 1535451584921,
    "end": 1535451584946,
    "duration": 25,
    "pid": 13464,
    "index": 36
  },
  {
    "name": "Require(30) node_modules/_egg-jsonp@2.0.0@egg-jsonp/app/extend/context.js",
    "start": 1535451584947,
    "end": 1535451584951,
    "duration": 4,
    "pid": 13464,
    "index": 37
  },
  {
    "name": "Require(31) node_modules/_egg-i18n@2.0.0@egg-i18n/app/extend/context.js",
    "start": 1535451584954,
    "end": 1535451584955,
    "duration": 1,
    "pid": 13464,
    "index": 38
  },
  {
    "name": "Require(32) node_modules/_egg-multipart@2.1.0@egg-multipart/app/extend/context.js",
    "start": 1535451584956,
    "end": 1535451585088,
    "duration": 132,
    "pid": 13464,
    "index": 39
  },
  {
    "name": "Require(33) node_modules/_egg-view@2.1.0@egg-view/app/extend/context.js",
    "start": 1535451585090,
    "end": 1535451585092,
    "duration": 2,
    "pid": 13464,
    "index": 40
  },
  {
    "name": "Require(34) node_modules/_egg@2.10.0@egg/app/extend/context.js",
    "start": 1535451585095,
    "end": 1535451585099,
    "duration": 4,
    "pid": 13464,
    "index": 41
  },
  {
    "name": "Load extend/helper.js",
    "start": 1535451585106,
    "end": 1535451585159,
    "duration": 53,
    "pid": 13464,
    "index": 42
  },
  {
    "name": "Require(35) node_modules/_egg-security@2.2.3@egg-security/app/extend/helper.js",
    "start": 1535451585107,
    "end": 1535451585146,
    "duration": 39,
    "pid": 13464,
    "index": 43
  },
  {
    "name": "Require(36) node_modules/_egg@2.10.0@egg/app/extend/helper.js",
    "start": 1535451585151,
    "end": 1535451585152,
    "duration": 1,
    "pid": 13464,
    "index": 44
  },
  {
    "name": "Load app.js",
    "start": 1535451585159,
    "end": 1535451585602,
    "duration": 443,
    "pid": 13464,
    "index": 45
  },
  {
    "name": "Require(37) node_modules/_egg-session@3.1.0@egg-session/app.js",
    "start": 1535451585160,
    "end": 1535451585161,
    "duration": 1,
    "pid": 13464,
    "index": 46
  },
  {
    "name": "Require(38) node_modules/_egg-security@2.2.3@egg-security/app.js",
    "start": 1535451585162,
    "end": 1535451585168,
    "duration": 6,
    "pid": 13464,
    "index": 47
  },
  {
    "name": "Require(39) node_modules/_egg-onerror@2.1.0@egg-onerror/app.js",
    "start": 1535451585170,
    "end": 1535451585193,
    "duration": 23,
    "pid": 13464,
    "index": 48
  },
  {
    "name": "Require(40) node_modules/_egg-i18n@2.0.0@egg-i18n/app.js",
    "start": 1535451585195,
    "end": 1535451585233,
    "duration": 38,
    "pid": 13464,
    "index": 49
  },
  {
    "name": "Require(41) node_modules/_egg-watcher@3.0.0@egg-watcher/app.js",
    "start": 1535451585243,
    "end": 1535451585252,
    "duration": 9,
    "pid": 13464,
    "index": 50
  },
  {
    "name": "Before Start in node_modules/_egg-watcher@3.0.0@egg-watcher/app.js:15:7",
    "start": 1535451585270,
    "end": 1535451585889,
    "duration": 619,
    "pid": 13464,
    "index": 51
  },
  {
    "name": "Require(42) node_modules/_egg-multipart@2.1.0@egg-multipart/app.js",
    "start": 1535451585272,
    "end": 1535451585279,
    "duration": 7,
    "pid": 13464,
    "index": 52
  },
  {
    "name": "Require(43) node_modules/_egg-development@2.4.1@egg-development/app.js",
    "start": 1535451585281,
    "end": 1535451585282,
    "duration": 1,
    "pid": 13464,
    "index": 53
  },
  {
    "name": "Require(44) node_modules/_egg-schedule@3.3.0@egg-schedule/app.js",
    "start": 1535451585283,
    "end": 1535451585287,
    "duration": 4,
    "pid": 13464,
    "index": 54
  },
  {
    "name": "Require(45) node_modules/_egg-logrotator@3.0.3@egg-logrotator/app.js",
    "start": 1535451585385,
    "end": 1535451585386,
    "duration": 1,
    "pid": 13464,
    "index": 55
  },
  {
    "name": "Require(46) node_modules/_egg-static@2.1.1@egg-static/app.js",
    "start": 1535451585387,
    "end": 1535451585388,
    "duration": 1,
    "pid": 13464,
    "index": 56
  },
  {
    "name": "Require(47) node_modules/_egg-view-ejs@2.0.0@egg-view-ejs/app.js",
    "start": 1535451585390,
    "end": 1535451585390,
    "duration": 0,
    "pid": 13464,
    "index": 57
  },
  {
    "name": "Require(48) node_modules/_egg-mysql@3.0.0@egg-mysql/app.js",
    "start": 1535451585401,
    "end": 1535451585444,
    "duration": 43,
    "pid": 13464,
    "index": 58
  },
  {
    "name": "Before Start in node_modules/_egg-mysql@3.0.0@egg-mysql/lib/mysql.js:20:7",
    "start": 1535451585600,
    "end": 1535451585898,
    "duration": 298,
    "pid": 13464,
    "index": 59
  },
  {
    "name": "Load Service",
    "start": 1535451585602,
    "end": 1535451585611,
    "duration": 9,
    "pid": 13464,
    "index": 60
  },
  {
    "name": "Load \"service\" to Context",
    "start": 1535451585602,
    "end": 1535451585611,
    "duration": 9,
    "pid": 13464,
    "index": 61
  },
  {
    "name": "Load Middleware",
    "start": 1535451585611,
    "end": 1535451585799,
    "duration": 188,
    "pid": 13464,
    "index": 62
  },
  {
    "name": "Load \"middlewares\" to Application",
    "start": 1535451585611,
    "end": 1535451585767,
    "duration": 156,
    "pid": 13464,
    "index": 63
  },
  {
    "name": "Load Controller",
    "start": 1535451585799,
    "end": 1535451585805,
    "duration": 6,
    "pid": 13464,
    "index": 64
  },
  {
    "name": "Load \"controller\" to Application",
    "start": 1535451585800,
    "end": 1535451585805,
    "duration": 5,
    "pid": 13464,
    "index": 65
  },
  {
    "name": "Load Router",
    "start": 1535451585805,
    "end": 1535451585809,
    "duration": 4,
    "pid": 13464,
    "index": 66
  },
  {
    "name": "Require(49) app/router.js",
    "start": 1535451585805,
    "end": 1535451585806,
    "duration": 1,
    "pid": 13464,
    "index": 67
  },
  {
    "name": "Before Start in node_modules/_egg-core@4.9.1@egg-core/lib/egg.js:328:10",
    "start": 1535451585807,
    "end": 1535451585854,
    "duration": 47,
    "pid": 13464,
    "index": 68
  }
]