[
  {
    "name": "Application Start",
    "start": 1535468424257,
    "end": 1535468425072,
    "duration": 815,
    "pid": 2132,
    "index": 0
  },
  {
    "name": "Load Plugin",
    "start": 1535468424265,
    "end": 1535468424300,
    "duration": 35,
    "pid": 2132,
    "index": 1
  },
  {
    "name": "Load Config",
    "start": 1535468424301,
    "end": 1535468424337,
    "duration": 36,
    "pid": 2132,
    "index": 2
  },
  {
    "name": "Require(0) config/config.default.js",
    "start": 1535468424302,
    "end": 1535468424302,
    "duration": 0,
    "pid": 2132,
    "index": 3
  },
  {
    "name": "Require(1) node_modules/_egg-session@3.1.0@egg-session/config/config.default.js",
    "start": 1535468424305,
    "end": 1535468424305,
    "duration": 0,
    "pid": 2132,
    "index": 4
  },
  {
    "name": "Require(2) node_modules/_egg-security@2.2.3@egg-security/config/config.default.js",
    "start": 1535468424306,
    "end": 1535468424307,
    "duration": 1,
    "pid": 2132,
    "index": 5
  },
  {
    "name": "Require(3) node_modules/_egg-jsonp@2.0.0@egg-jsonp/config/config.default.js",
    "start": 1535468424308,
    "end": 1535468424309,
    "duration": 1,
    "pid": 2132,
    "index": 6
  },
  {
    "name": "Require(4) node_modules/_egg-onerror@2.1.0@egg-onerror/config/config.default.js",
    "start": 1535468424310,
    "end": 1535468424310,
    "duration": 0,
    "pid": 2132,
    "index": 7
  },
  {
    "name": "Require(5) node_modules/_egg-i18n@2.0.0@egg-i18n/config/config.default.js",
    "start": 1535468424311,
    "end": 1535468424312,
    "duration": 1,
    "pid": 2132,
    "index": 8
  },
  {
    "name": "Require(6) node_modules/_egg-watcher@3.0.0@egg-watcher/config/config.default.js",
    "start": 1535468424312,
    "end": 1535468424313,
    "duration": 1,
    "pid": 2132,
    "index": 9
  },
  {
    "name": "Require(7) node_modules/_egg-multipart@2.1.0@egg-multipart/config/config.default.js",
    "start": 1535468424313,
    "end": 1535468424314,
    "duration": 1,
    "pid": 2132,
    "index": 10
  },
  {
    "name": "Require(8) node_modules/_egg-development@2.4.1@egg-development/config/config.default.js",
    "start": 1535468424314,
    "end": 1535468424315,
    "duration": 1,
    "pid": 2132,
    "index": 11
  },
  {
    "name": "Require(9) node_modules/_egg-schedule@3.3.0@egg-schedule/config/config.default.js",
    "start": 1535468424316,
    "end": 1535468424316,
    "duration": 0,
    "pid": 2132,
    "index": 12
  },
  {
    "name": "Require(10) node_modules/_egg-logrotator@3.0.3@egg-logrotator/config/config.default.js",
    "start": 1535468424317,
    "end": 1535468424317,
    "duration": 0,
    "pid": 2132,
    "index": 13
  },
  {
    "name": "Require(11) node_modules/_egg-static@2.1.1@egg-static/config/config.default.js",
    "start": 1535468424318,
    "end": 1535468424318,
    "duration": 0,
    "pid": 2132,
    "index": 14
  },
  {
    "name": "Require(12) node_modules/_egg-view@2.1.0@egg-view/config/config.default.js",
    "start": 1535468424319,
    "end": 1535468424319,
    "duration": 0,
    "pid": 2132,
    "index": 15
  },
  {
    "name": "Require(13) node_modules/_egg-view-ejs@2.0.0@egg-view-ejs/config/config.default.js",
    "start": 1535468424320,
    "end": 1535468424320,
    "duration": 0,
    "pid": 2132,
    "index": 16
  },
  {
    "name": "Require(14) node_modules/_egg-mysql@3.0.0@egg-mysql/config/config.default.js",
    "start": 1535468424321,
    "end": 1535468424322,
    "duration": 1,
    "pid": 2132,
    "index": 17
  },
  {
    "name": "Require(15) node_modules/_egg@2.10.0@egg/config/config.default.js",
    "start": 1535468424322,
    "end": 1535468424324,
    "duration": 2,
    "pid": 2132,
    "index": 18
  },
  {
    "name": "Require(16) config/config.default.js",
    "start": 1535468424328,
    "end": 1535468424328,
    "duration": 0,
    "pid": 2132,
    "index": 19
  },
  {
    "name": "Require(17) node_modules/_egg-security@2.2.3@egg-security/config/config.local.js",
    "start": 1535468424330,
    "end": 1535468424330,
    "duration": 0,
    "pid": 2132,
    "index": 20
  },
  {
    "name": "Require(18) node_modules/_egg-watcher@3.0.0@egg-watcher/config/config.local.js",
    "start": 1535468424332,
    "end": 1535468424332,
    "duration": 0,
    "pid": 2132,
    "index": 21
  },
  {
    "name": "Require(19) node_modules/_egg-view@2.1.0@egg-view/config/config.local.js",
    "start": 1535468424334,
    "end": 1535468424334,
    "duration": 0,
    "pid": 2132,
    "index": 22
  },
  {
    "name": "Require(20) node_modules/_egg-view-ejs@2.0.0@egg-view-ejs/config/config.local.js",
    "start": 1535468424335,
    "end": 1535468424335,
    "duration": 0,
    "pid": 2132,
    "index": 23
  },
  {
    "name": "Require(21) node_modules/_egg@2.10.0@egg/config/config.local.js",
    "start": 1535468424336,
    "end": 1535468424337,
    "duration": 1,
    "pid": 2132,
    "index": 24
  },
  {
    "name": "Load extend/application.js",
    "start": 1535468424339,
    "end": 1535468424368,
    "duration": 29,
    "pid": 2132,
    "index": 25
  },
  {
    "name": "Require(22) node_modules/_egg-session@3.1.0@egg-session/app/extend/application.js",
    "start": 1535468424340,
    "end": 1535468424341,
    "duration": 1,
    "pid": 2132,
    "index": 26
  },
  {
    "name": "Require(23) node_modules/_egg-security@2.2.3@egg-security/app/extend/application.js",
    "start": 1535468424342,
    "end": 1535468424343,
    "duration": 1,
    "pid": 2132,
    "index": 27
  },
  {
    "name": "Require(24) node_modules/_egg-jsonp@2.0.0@egg-jsonp/app/extend/application.js",
    "start": 1535468424344,
    "end": 1535468424347,
    "duration": 3,
    "pid": 2132,
    "index": 28
  },
  {
    "name": "Require(25) node_modules/_egg-logrotator@3.0.3@egg-logrotator/app/extend/application.js",
    "start": 1535468424349,
    "end": 1535468424356,
    "duration": 7,
    "pid": 2132,
    "index": 29
  },
  {
    "name": "Require(26) node_modules/_egg-view@2.1.0@egg-view/app/extend/application.js",
    "start": 1535468424357,
    "end": 1535468424361,
    "duration": 4,
    "pid": 2132,
    "index": 30
  },
  {
    "name": "Load extend/request.js",
    "start": 1535468424368,
    "end": 1535468424381,
    "duration": 13,
    "pid": 2132,
    "index": 31
  },
  {
    "name": "Require(27) node_modules/_egg@2.10.0@egg/app/extend/request.js",
    "start": 1535468424373,
    "end": 1535468424376,
    "duration": 3,
    "pid": 2132,
    "index": 32
  },
  {
    "name": "Load extend/response.js",
    "start": 1535468424381,
    "end": 1535468424397,
    "duration": 16,
    "pid": 2132,
    "index": 33
  },
  {
    "name": "Require(28) node_modules/_egg@2.10.0@egg/app/extend/response.js",
    "start": 1535468424385,
    "end": 1535468424390,
    "duration": 5,
    "pid": 2132,
    "index": 34
  },
  {
    "name": "Load extend/context.js",
    "start": 1535468424397,
    "end": 1535468424493,
    "duration": 96,
    "pid": 2132,
    "index": 35
  },
  {
    "name": "Require(29) node_modules/_egg-security@2.2.3@egg-security/app/extend/context.js",
    "start": 1535468424398,
    "end": 1535468424424,
    "duration": 26,
    "pid": 2132,
    "index": 36
  },
  {
    "name": "Require(30) node_modules/_egg-jsonp@2.0.0@egg-jsonp/app/extend/context.js",
    "start": 1535468424425,
    "end": 1535468424427,
    "duration": 2,
    "pid": 2132,
    "index": 37
  },
  {
    "name": "Require(31) node_modules/_egg-i18n@2.0.0@egg-i18n/app/extend/context.js",
    "start": 1535468424428,
    "end": 1535468424428,
    "duration": 0,
    "pid": 2132,
    "index": 38
  },
  {
    "name": "Require(32) node_modules/_egg-multipart@2.1.0@egg-multipart/app/extend/context.js",
    "start": 1535468424429,
    "end": 1535468424482,
    "duration": 53,
    "pid": 2132,
    "index": 39
  },
  {
    "name": "Require(33) node_modules/_egg-view@2.1.0@egg-view/app/extend/context.js",
    "start": 1535468424485,
    "end": 1535468424486,
    "duration": 1,
    "pid": 2132,
    "index": 40
  },
  {
    "name": "Require(34) node_modules/_egg@2.10.0@egg/app/extend/context.js",
    "start": 1535468424487,
    "end": 1535468424489,
    "duration": 2,
    "pid": 2132,
    "index": 41
  },
  {
    "name": "Load extend/helper.js",
    "start": 1535468424493,
    "end": 1535468424528,
    "duration": 35,
    "pid": 2132,
    "index": 42
  },
  {
    "name": "Require(35) node_modules/_egg-security@2.2.3@egg-security/app/extend/helper.js",
    "start": 1535468424494,
    "end": 1535468424521,
    "duration": 27,
    "pid": 2132,
    "index": 43
  },
  {
    "name": "Require(36) node_modules/_egg@2.10.0@egg/app/extend/helper.js",
    "start": 1535468424524,
    "end": 1535468424524,
    "duration": 0,
    "pid": 2132,
    "index": 44
  },
  {
    "name": "Load app.js",
    "start": 1535468424528,
    "end": 1535468424870,
    "duration": 342,
    "pid": 2132,
    "index": 45
  },
  {
    "name": "Require(37) node_modules/_egg-session@3.1.0@egg-session/app.js",
    "start": 1535468424529,
    "end": 1535468424529,
    "duration": 0,
    "pid": 2132,
    "index": 46
  },
  {
    "name": "Require(38) node_modules/_egg-security@2.2.3@egg-security/app.js",
    "start": 1535468424530,
    "end": 1535468424533,
    "duration": 3,
    "pid": 2132,
    "index": 47
  },
  {
    "name": "Require(39) node_modules/_egg-onerror@2.1.0@egg-onerror/app.js",
    "start": 1535468424535,
    "end": 1535468424551,
    "duration": 16,
    "pid": 2132,
    "index": 48
  },
  {
    "name": "Require(40) node_modules/_egg-i18n@2.0.0@egg-i18n/app.js",
    "start": 1535468424553,
    "end": 1535468424569,
    "duration": 16,
    "pid": 2132,
    "index": 49
  },
  {
    "name": "Require(41) node_modules/_egg-watcher@3.0.0@egg-watcher/app.js",
    "start": 1535468424575,
    "end": 1535468424584,
    "duration": 9,
    "pid": 2132,
    "index": 50
  },
  {
    "name": "Before Start in node_modules/_egg-watcher@3.0.0@egg-watcher/app.js:15:7",
    "start": 1535468424599,
    "end": 1535468425067,
    "duration": 468,
    "pid": 2132,
    "index": 51
  },
  {
    "name": "Require(42) node_modules/_egg-multipart@2.1.0@egg-multipart/app.js",
    "start": 1535468424601,
    "end": 1535468424608,
    "duration": 7,
    "pid": 2132,
    "index": 52
  },
  {
    "name": "Require(43) node_modules/_egg-development@2.4.1@egg-development/app.js",
    "start": 1535468424609,
    "end": 1535468424610,
    "duration": 1,
    "pid": 2132,
    "index": 53
  },
  {
    "name": "Require(44) node_modules/_egg-schedule@3.3.0@egg-schedule/app.js",
    "start": 1535468424611,
    "end": 1535468424614,
    "duration": 3,
    "pid": 2132,
    "index": 54
  },
  {
    "name": "Require(45) node_modules/_egg-logrotator@3.0.3@egg-logrotator/app.js",
    "start": 1535468424688,
    "end": 1535468424688,
    "duration": 0,
    "pid": 2132,
    "index": 55
  },
  {
    "name": "Require(46) node_modules/_egg-static@2.1.1@egg-static/app.js",
    "start": 1535468424689,
    "end": 1535468424690,
    "duration": 1,
    "pid": 2132,
    "index": 56
  },
  {
    "name": "Require(47) node_modules/_egg-view-ejs@2.0.0@egg-view-ejs/app.js",
    "start": 1535468424692,
    "end": 1535468424693,
    "duration": 1,
    "pid": 2132,
    "index": 57
  },
  {
    "name": "Require(48) node_modules/_egg-mysql@3.0.0@egg-mysql/app.js",
    "start": 1535468424706,
    "end": 1535468424745,
    "duration": 39,
    "pid": 2132,
    "index": 58
  },
  {
    "name": "Before Start in node_modules/_egg-mysql@3.0.0@egg-mysql/lib/mysql.js:20:7",
    "start": 1535468424868,
    "end": 1535468425071,
    "duration": 203,
    "pid": 2132,
    "index": 59
  },
  {
    "name": "Load Service",
    "start": 1535468424870,
    "end": 1535468424877,
    "duration": 7,
    "pid": 2132,
    "index": 60
  },
  {
    "name": "Load \"service\" to Context",
    "start": 1535468424870,
    "end": 1535468424877,
    "duration": 7,
    "pid": 2132,
    "index": 61
  },
  {
    "name": "Load Middleware",
    "start": 1535468424878,
    "end": 1535468425016,
    "duration": 138,
    "pid": 2132,
    "index": 62
  },
  {
    "name": "Load \"middlewares\" to Application",
    "start": 1535468424878,
    "end": 1535468424998,
    "duration": 120,
    "pid": 2132,
    "index": 63
  },
  {
    "name": "Load Controller",
    "start": 1535468425016,
    "end": 1535468425021,
    "duration": 5,
    "pid": 2132,
    "index": 64
  },
  {
    "name": "Load \"controller\" to Application",
    "start": 1535468425016,
    "end": 1535468425021,
    "duration": 5,
    "pid": 2132,
    "index": 65
  },
  {
    "name": "Load Router",
    "start": 1535468425021,
    "end": 1535468425024,
    "duration": 3,
    "pid": 2132,
    "index": 66
  },
  {
    "name": "Require(49) app/router.js",
    "start": 1535468425021,
    "end": 1535468425021,
    "duration": 0,
    "pid": 2132,
    "index": 67
  },
  {
    "name": "Before Start in node_modules/_egg-core@4.9.1@egg-core/lib/egg.js:328:10",
    "start": 1535468425022,
    "end": 1535468425047,
    "duration": 25,
    "pid": 2132,
    "index": 68
  }
]