[
  {
    "name": "Application Start",
    "start": 1535468127447,
    "end": 1535468128238,
    "duration": 791,
    "pid": 7492,
    "index": 0
  },
  {
    "name": "Load Plugin",
    "start": 1535468127456,
    "end": 1535468127501,
    "duration": 45,
    "pid": 7492,
    "index": 1
  },
  {
    "name": "Load Config",
    "start": 1535468127501,
    "end": 1535468127546,
    "duration": 45,
    "pid": 7492,
    "index": 2
  },
  {
    "name": "Require(0) config/config.default.js",
    "start": 1535468127502,
    "end": 1535468127503,
    "duration": 1,
    "pid": 7492,
    "index": 3
  },
  {
    "name": "Require(1) node_modules/_egg-session@3.1.0@egg-session/config/config.default.js",
    "start": 1535468127505,
    "end": 1535468127505,
    "duration": 0,
    "pid": 7492,
    "index": 4
  },
  {
    "name": "Require(2) node_modules/_egg-security@2.2.3@egg-security/config/config.default.js",
    "start": 1535468127506,
    "end": 1535468127507,
    "duration": 1,
    "pid": 7492,
    "index": 5
  },
  {
    "name": "Require(3) node_modules/_egg-jsonp@2.0.0@egg-jsonp/config/config.default.js",
    "start": 1535468127508,
    "end": 1535468127508,
    "duration": 0,
    "pid": 7492,
    "index": 6
  },
  {
    "name": "Require(4) node_modules/_egg-onerror@2.1.0@egg-onerror/config/config.default.js",
    "start": 1535468127509,
    "end": 1535468127509,
    "duration": 0,
    "pid": 7492,
    "index": 7
  },
  {
    "name": "Require(5) node_modules/_egg-i18n@2.0.0@egg-i18n/config/config.default.js",
    "start": 1535468127510,
    "end": 1535468127510,
    "duration": 0,
    "pid": 7492,
    "index": 8
  },
  {
    "name": "Require(6) node_modules/_egg-watcher@3.0.0@egg-watcher/config/config.default.js",
    "start": 1535468127512,
    "end": 1535468127512,
    "duration": 0,
    "pid": 7492,
    "index": 9
  },
  {
    "name": "Require(7) node_modules/_egg-multipart@2.1.0@egg-multipart/config/config.default.js",
    "start": 1535468127513,
    "end": 1535468127514,
    "duration": 1,
    "pid": 7492,
    "index": 10
  },
  {
    "name": "Require(8) node_modules/_egg-development@2.4.1@egg-development/config/config.default.js",
    "start": 1535468127515,
    "end": 1535468127515,
    "duration": 0,
    "pid": 7492,
    "index": 11
  },
  {
    "name": "Require(9) node_modules/_egg-schedule@3.3.0@egg-schedule/config/config.default.js",
    "start": 1535468127516,
    "end": 1535468127517,
    "duration": 1,
    "pid": 7492,
    "index": 12
  },
  {
    "name": "Require(10) node_modules/_egg-logrotator@3.0.3@egg-logrotator/config/config.default.js",
    "start": 1535468127518,
    "end": 1535468127519,
    "duration": 1,
    "pid": 7492,
    "index": 13
  },
  {
    "name": "Require(11) node_modules/_egg-static@2.1.1@egg-static/config/config.default.js",
    "start": 1535468127520,
    "end": 1535468127520,
    "duration": 0,
    "pid": 7492,
    "index": 14
  },
  {
    "name": "Require(12) node_modules/_egg-view@2.1.0@egg-view/config/config.default.js",
    "start": 1535468127522,
    "end": 1535468127522,
    "duration": 0,
    "pid": 7492,
    "index": 15
  },
  {
    "name": "Require(13) node_modules/_egg-view-ejs@2.0.0@egg-view-ejs/config/config.default.js",
    "start": 1535468127524,
    "end": 1535468127524,
    "duration": 0,
    "pid": 7492,
    "index": 16
  },
  {
    "name": "Require(14) node_modules/_egg-mysql@3.0.0@egg-mysql/config/config.default.js",
    "start": 1535468127525,
    "end": 1535468127526,
    "duration": 1,
    "pid": 7492,
    "index": 17
  },
  {
    "name": "Require(15) node_modules/_egg@2.10.0@egg/config/config.default.js",
    "start": 1535468127527,
    "end": 1535468127527,
    "duration": 0,
    "pid": 7492,
    "index": 18
  },
  {
    "name": "Require(16) config/config.default.js",
    "start": 1535468127532,
    "end": 1535468127532,
    "duration": 0,
    "pid": 7492,
    "index": 19
  },
  {
    "name": "Require(17) node_modules/_egg-security@2.2.3@egg-security/config/config.local.js",
    "start": 1535468127534,
    "end": 1535468127534,
    "duration": 0,
    "pid": 7492,
    "index": 20
  },
  {
    "name": "Require(18) node_modules/_egg-watcher@3.0.0@egg-watcher/config/config.local.js",
    "start": 1535468127537,
    "end": 1535468127538,
    "duration": 1,
    "pid": 7492,
    "index": 21
  },
  {
    "name": "Require(19) node_modules/_egg-view@2.1.0@egg-view/config/config.local.js",
    "start": 1535468127540,
    "end": 1535468127543,
    "duration": 3,
    "pid": 7492,
    "index": 22
  },
  {
    "name": "Require(20) node_modules/_egg-view-ejs@2.0.0@egg-view-ejs/config/config.local.js",
    "start": 1535468127544,
    "end": 1535468127544,
    "duration": 0,
    "pid": 7492,
    "index": 23
  },
  {
    "name": "Require(21) node_modules/_egg@2.10.0@egg/config/config.local.js",
    "start": 1535468127545,
    "end": 1535468127546,
    "duration": 1,
    "pid": 7492,
    "index": 24
  },
  {
    "name": "Load extend/application.js",
    "start": 1535468127550,
    "end": 1535468127583,
    "duration": 33,
    "pid": 7492,
    "index": 25
  },
  {
    "name": "Require(22) node_modules/_egg-session@3.1.0@egg-session/app/extend/application.js",
    "start": 1535468127552,
    "end": 1535468127553,
    "duration": 1,
    "pid": 7492,
    "index": 26
  },
  {
    "name": "Require(23) node_modules/_egg-security@2.2.3@egg-security/app/extend/application.js",
    "start": 1535468127556,
    "end": 1535468127558,
    "duration": 2,
    "pid": 7492,
    "index": 27
  },
  {
    "name": "Require(24) node_modules/_egg-jsonp@2.0.0@egg-jsonp/app/extend/application.js",
    "start": 1535468127559,
    "end": 1535468127562,
    "duration": 3,
    "pid": 7492,
    "index": 28
  },
  {
    "name": "Require(25) node_modules/_egg-logrotator@3.0.3@egg-logrotator/app/extend/application.js",
    "start": 1535468127569,
    "end": 1535468127575,
    "duration": 6,
    "pid": 7492,
    "index": 29
  },
  {
    "name": "Require(26) node_modules/_egg-view@2.1.0@egg-view/app/extend/application.js",
    "start": 1535468127576,
    "end": 1535468127578,
    "duration": 2,
    "pid": 7492,
    "index": 30
  },
  {
    "name": "Load extend/request.js",
    "start": 1535468127583,
    "end": 1535468127597,
    "duration": 14,
    "pid": 7492,
    "index": 31
  },
  {
    "name": "Require(27) node_modules/_egg@2.10.0@egg/app/extend/request.js",
    "start": 1535468127588,
    "end": 1535468127590,
    "duration": 2,
    "pid": 7492,
    "index": 32
  },
  {
    "name": "Load extend/response.js",
    "start": 1535468127597,
    "end": 1535468127615,
    "duration": 18,
    "pid": 7492,
    "index": 33
  },
  {
    "name": "Require(28) node_modules/_egg@2.10.0@egg/app/extend/response.js",
    "start": 1535468127603,
    "end": 1535468127608,
    "duration": 5,
    "pid": 7492,
    "index": 34
  },
  {
    "name": "Load extend/context.js",
    "start": 1535468127615,
    "end": 1535468127740,
    "duration": 125,
    "pid": 7492,
    "index": 35
  },
  {
    "name": "Require(29) node_modules/_egg-security@2.2.3@egg-security/app/extend/context.js",
    "start": 1535468127616,
    "end": 1535468127638,
    "duration": 22,
    "pid": 7492,
    "index": 36
  },
  {
    "name": "Require(30) node_modules/_egg-jsonp@2.0.0@egg-jsonp/app/extend/context.js",
    "start": 1535468127638,
    "end": 1535468127641,
    "duration": 3,
    "pid": 7492,
    "index": 37
  },
  {
    "name": "Require(31) node_modules/_egg-i18n@2.0.0@egg-i18n/app/extend/context.js",
    "start": 1535468127641,
    "end": 1535468127642,
    "duration": 1,
    "pid": 7492,
    "index": 38
  },
  {
    "name": "Require(32) node_modules/_egg-multipart@2.1.0@egg-multipart/app/extend/context.js",
    "start": 1535468127643,
    "end": 1535468127727,
    "duration": 84,
    "pid": 7492,
    "index": 39
  },
  {
    "name": "Require(33) node_modules/_egg-view@2.1.0@egg-view/app/extend/context.js",
    "start": 1535468127728,
    "end": 1535468127730,
    "duration": 2,
    "pid": 7492,
    "index": 40
  },
  {
    "name": "Require(34) node_modules/_egg@2.10.0@egg/app/extend/context.js",
    "start": 1535468127731,
    "end": 1535468127735,
    "duration": 4,
    "pid": 7492,
    "index": 41
  },
  {
    "name": "Load extend/helper.js",
    "start": 1535468127740,
    "end": 1535468127777,
    "duration": 37,
    "pid": 7492,
    "index": 42
  },
  {
    "name": "Require(35) node_modules/_egg-security@2.2.3@egg-security/app/extend/helper.js",
    "start": 1535468127741,
    "end": 1535468127769,
    "duration": 28,
    "pid": 7492,
    "index": 43
  },
  {
    "name": "Require(36) node_modules/_egg@2.10.0@egg/app/extend/helper.js",
    "start": 1535468127772,
    "end": 1535468127773,
    "duration": 1,
    "pid": 7492,
    "index": 44
  },
  {
    "name": "Load app.js",
    "start": 1535468127777,
    "end": 1535468128046,
    "duration": 269,
    "pid": 7492,
    "index": 45
  },
  {
    "name": "Require(37) node_modules/_egg-session@3.1.0@egg-session/app.js",
    "start": 1535468127778,
    "end": 1535468127778,
    "duration": 0,
    "pid": 7492,
    "index": 46
  },
  {
    "name": "Require(38) node_modules/_egg-security@2.2.3@egg-security/app.js",
    "start": 1535468127779,
    "end": 1535468127781,
    "duration": 2,
    "pid": 7492,
    "index": 47
  },
  {
    "name": "Require(39) node_modules/_egg-onerror@2.1.0@egg-onerror/app.js",
    "start": 1535468127784,
    "end": 1535468127798,
    "duration": 14,
    "pid": 7492,
    "index": 48
  },
  {
    "name": "Require(40) node_modules/_egg-i18n@2.0.0@egg-i18n/app.js",
    "start": 1535468127800,
    "end": 1535468127810,
    "duration": 10,
    "pid": 7492,
    "index": 49
  },
  {
    "name": "Require(41) node_modules/_egg-watcher@3.0.0@egg-watcher/app.js",
    "start": 1535468127815,
    "end": 1535468127822,
    "duration": 7,
    "pid": 7492,
    "index": 50
  },
  {
    "name": "Before Start in node_modules/_egg-watcher@3.0.0@egg-watcher/app.js:15:7",
    "start": 1535468127838,
    "end": 1535468128234,
    "duration": 396,
    "pid": 7492,
    "index": 51
  },
  {
    "name": "Require(42) node_modules/_egg-multipart@2.1.0@egg-multipart/app.js",
    "start": 1535468127840,
    "end": 1535468127845,
    "duration": 5,
    "pid": 7492,
    "index": 52
  },
  {
    "name": "Require(43) node_modules/_egg-development@2.4.1@egg-development/app.js",
    "start": 1535468127846,
    "end": 1535468127847,
    "duration": 1,
    "pid": 7492,
    "index": 53
  },
  {
    "name": "Require(44) node_modules/_egg-schedule@3.3.0@egg-schedule/app.js",
    "start": 1535468127847,
    "end": 1535468127850,
    "duration": 3,
    "pid": 7492,
    "index": 54
  },
  {
    "name": "Require(45) node_modules/_egg-logrotator@3.0.3@egg-logrotator/app.js",
    "start": 1535468127901,
    "end": 1535468127902,
    "duration": 1,
    "pid": 7492,
    "index": 55
  },
  {
    "name": "Require(46) node_modules/_egg-static@2.1.1@egg-static/app.js",
    "start": 1535468127902,
    "end": 1535468127903,
    "duration": 1,
    "pid": 7492,
    "index": 56
  },
  {
    "name": "Require(47) node_modules/_egg-view-ejs@2.0.0@egg-view-ejs/app.js",
    "start": 1535468127904,
    "end": 1535468127905,
    "duration": 1,
    "pid": 7492,
    "index": 57
  },
  {
    "name": "Require(48) node_modules/_egg-mysql@3.0.0@egg-mysql/app.js",
    "start": 1535468127913,
    "end": 1535468127938,
    "duration": 25,
    "pid": 7492,
    "index": 58
  },
  {
    "name": "Before Start in node_modules/_egg-mysql@3.0.0@egg-mysql/lib/mysql.js:20:7",
    "start": 1535468128044,
    "end": 1535468128238,
    "duration": 194,
    "pid": 7492,
    "index": 59
  },
  {
    "name": "Load Service",
    "start": 1535468128046,
    "end": 1535468128053,
    "duration": 7,
    "pid": 7492,
    "index": 60
  },
  {
    "name": "Load \"service\" to Context",
    "start": 1535468128046,
    "end": 1535468128053,
    "duration": 7,
    "pid": 7492,
    "index": 61
  },
  {
    "name": "Load Middleware",
    "start": 1535468128054,
    "end": 1535468128183,
    "duration": 129,
    "pid": 7492,
    "index": 62
  },
  {
    "name": "Load \"middlewares\" to Application",
    "start": 1535468128054,
    "end": 1535468128166,
    "duration": 112,
    "pid": 7492,
    "index": 63
  },
  {
    "name": "Load Controller",
    "start": 1535468128184,
    "end": 1535468128188,
    "duration": 4,
    "pid": 7492,
    "index": 64
  },
  {
    "name": "Load \"controller\" to Application",
    "start": 1535468128184,
    "end": 1535468128188,
    "duration": 4,
    "pid": 7492,
    "index": 65
  },
  {
    "name": "Load Router",
    "start": 1535468128188,
    "end": 1535468128191,
    "duration": 3,
    "pid": 7492,
    "index": 66
  },
  {
    "name": "Require(49) app/router.js",
    "start": 1535468128188,
    "end": 1535468128188,
    "duration": 0,
    "pid": 7492,
    "index": 67
  },
  {
    "name": "Before Start in node_modules/_egg-core@4.9.1@egg-core/lib/egg.js:328:10",
    "start": 1535468128189,
    "end": 1535468128212,
    "duration": 23,
    "pid": 7492,
    "index": 68
  }
]