[
  {
    "name": "Application Start",
    "start": 1535453685251,
    "end": 1535453686060,
    "duration": 809,
    "pid": 14352,
    "index": 0
  },
  {
    "name": "Load Plugin",
    "start": 1535453685259,
    "end": 1535453685297,
    "duration": 38,
    "pid": 14352,
    "index": 1
  },
  {
    "name": "Load Config",
    "start": 1535453685297,
    "end": 1535453685356,
    "duration": 59,
    "pid": 14352,
    "index": 2
  },
  {
    "name": "Require(0) config/config.default.js",
    "start": 1535453685298,
    "end": 1535453685299,
    "duration": 1,
    "pid": 14352,
    "index": 3
  },
  {
    "name": "Require(1) node_modules/_egg-session@3.1.0@egg-session/config/config.default.js",
    "start": 1535453685301,
    "end": 1535453685302,
    "duration": 1,
    "pid": 14352,
    "index": 4
  },
  {
    "name": "Require(2) node_modules/_egg-security@2.2.3@egg-security/config/config.default.js",
    "start": 1535453685304,
    "end": 1535453685304,
    "duration": 0,
    "pid": 14352,
    "index": 5
  },
  {
    "name": "Require(3) node_modules/_egg-jsonp@2.0.0@egg-jsonp/config/config.default.js",
    "start": 1535453685306,
    "end": 1535453685307,
    "duration": 1,
    "pid": 14352,
    "index": 6
  },
  {
    "name": "Require(4) node_modules/_egg-onerror@2.1.0@egg-onerror/config/config.default.js",
    "start": 1535453685308,
    "end": 1535453685309,
    "duration": 1,
    "pid": 14352,
    "index": 7
  },
  {
    "name": "Require(5) node_modules/_egg-i18n@2.0.0@egg-i18n/config/config.default.js",
    "start": 1535453685311,
    "end": 1535453685311,
    "duration": 0,
    "pid": 14352,
    "index": 8
  },
  {
    "name": "Require(6) node_modules/_egg-watcher@3.0.0@egg-watcher/config/config.default.js",
    "start": 1535453685313,
    "end": 1535453685313,
    "duration": 0,
    "pid": 14352,
    "index": 9
  },
  {
    "name": "Require(7) node_modules/_egg-multipart@2.1.0@egg-multipart/config/config.default.js",
    "start": 1535453685315,
    "end": 1535453685316,
    "duration": 1,
    "pid": 14352,
    "index": 10
  },
  {
    "name": "Require(8) node_modules/_egg-development@2.4.1@egg-development/config/config.default.js",
    "start": 1535453685317,
    "end": 1535453685317,
    "duration": 0,
    "pid": 14352,
    "index": 11
  },
  {
    "name": "Require(9) node_modules/_egg-schedule@3.3.0@egg-schedule/config/config.default.js",
    "start": 1535453685319,
    "end": 1535453685319,
    "duration": 0,
    "pid": 14352,
    "index": 12
  },
  {
    "name": "Require(10) node_modules/_egg-logrotator@3.0.3@egg-logrotator/config/config.default.js",
    "start": 1535453685321,
    "end": 1535453685322,
    "duration": 1,
    "pid": 14352,
    "index": 13
  },
  {
    "name": "Require(11) node_modules/_egg-static@2.1.1@egg-static/config/config.default.js",
    "start": 1535453685323,
    "end": 1535453685323,
    "duration": 0,
    "pid": 14352,
    "index": 14
  },
  {
    "name": "Require(12) node_modules/_egg-view@2.1.0@egg-view/config/config.default.js",
    "start": 1535453685325,
    "end": 1535453685325,
    "duration": 0,
    "pid": 14352,
    "index": 15
  },
  {
    "name": "Require(13) node_modules/_egg-view-ejs@2.0.0@egg-view-ejs/config/config.default.js",
    "start": 1535453685327,
    "end": 1535453685327,
    "duration": 0,
    "pid": 14352,
    "index": 16
  },
  {
    "name": "Require(14) node_modules/_egg-mysql@3.0.0@egg-mysql/config/config.default.js",
    "start": 1535453685329,
    "end": 1535453685330,
    "duration": 1,
    "pid": 14352,
    "index": 17
  },
  {
    "name": "Require(15) node_modules/_egg@2.10.0@egg/config/config.default.js",
    "start": 1535453685331,
    "end": 1535453685332,
    "duration": 1,
    "pid": 14352,
    "index": 18
  },
  {
    "name": "Require(16) config/config.default.js",
    "start": 1535453685337,
    "end": 1535453685337,
    "duration": 0,
    "pid": 14352,
    "index": 19
  },
  {
    "name": "Require(17) node_modules/_egg-security@2.2.3@egg-security/config/config.local.js",
    "start": 1535453685339,
    "end": 1535453685340,
    "duration": 1,
    "pid": 14352,
    "index": 20
  },
  {
    "name": "Require(18) node_modules/_egg-watcher@3.0.0@egg-watcher/config/config.local.js",
    "start": 1535453685344,
    "end": 1535453685344,
    "duration": 0,
    "pid": 14352,
    "index": 21
  },
  {
    "name": "Require(19) node_modules/_egg-view@2.1.0@egg-view/config/config.local.js",
    "start": 1535453685348,
    "end": 1535453685348,
    "duration": 0,
    "pid": 14352,
    "index": 22
  },
  {
    "name": "Require(20) node_modules/_egg-view-ejs@2.0.0@egg-view-ejs/config/config.local.js",
    "start": 1535453685349,
    "end": 1535453685350,
    "duration": 1,
    "pid": 14352,
    "index": 23
  },
  {
    "name": "Require(21) node_modules/_egg@2.10.0@egg/config/config.local.js",
    "start": 1535453685351,
    "end": 1535453685356,
    "duration": 5,
    "pid": 14352,
    "index": 24
  },
  {
    "name": "Load extend/application.js",
    "start": 1535453685359,
    "end": 1535453685390,
    "duration": 31,
    "pid": 14352,
    "index": 25
  },
  {
    "name": "Require(22) node_modules/_egg-session@3.1.0@egg-session/app/extend/application.js",
    "start": 1535453685361,
    "end": 1535453685361,
    "duration": 0,
    "pid": 14352,
    "index": 26
  },
  {
    "name": "Require(23) node_modules/_egg-security@2.2.3@egg-security/app/extend/application.js",
    "start": 1535453685362,
    "end": 1535453685364,
    "duration": 2,
    "pid": 14352,
    "index": 27
  },
  {
    "name": "Require(24) node_modules/_egg-jsonp@2.0.0@egg-jsonp/app/extend/application.js",
    "start": 1535453685365,
    "end": 1535453685371,
    "duration": 6,
    "pid": 14352,
    "index": 28
  },
  {
    "name": "Require(25) node_modules/_egg-logrotator@3.0.3@egg-logrotator/app/extend/application.js",
    "start": 1535453685374,
    "end": 1535453685378,
    "duration": 4,
    "pid": 14352,
    "index": 29
  },
  {
    "name": "Require(26) node_modules/_egg-view@2.1.0@egg-view/app/extend/application.js",
    "start": 1535453685380,
    "end": 1535453685383,
    "duration": 3,
    "pid": 14352,
    "index": 30
  },
  {
    "name": "Load extend/request.js",
    "start": 1535453685391,
    "end": 1535453685404,
    "duration": 13,
    "pid": 14352,
    "index": 31
  },
  {
    "name": "Require(27) node_modules/_egg@2.10.0@egg/app/extend/request.js",
    "start": 1535453685395,
    "end": 1535453685398,
    "duration": 3,
    "pid": 14352,
    "index": 32
  },
  {
    "name": "Load extend/response.js",
    "start": 1535453685405,
    "end": 1535453685417,
    "duration": 12,
    "pid": 14352,
    "index": 33
  },
  {
    "name": "Require(28) node_modules/_egg@2.10.0@egg/app/extend/response.js",
    "start": 1535453685409,
    "end": 1535453685412,
    "duration": 3,
    "pid": 14352,
    "index": 34
  },
  {
    "name": "Load extend/context.js",
    "start": 1535453685417,
    "end": 1535453685520,
    "duration": 103,
    "pid": 14352,
    "index": 35
  },
  {
    "name": "Require(29) node_modules/_egg-security@2.2.3@egg-security/app/extend/context.js",
    "start": 1535453685418,
    "end": 1535453685437,
    "duration": 19,
    "pid": 14352,
    "index": 36
  },
  {
    "name": "Require(30) node_modules/_egg-jsonp@2.0.0@egg-jsonp/app/extend/context.js",
    "start": 1535453685438,
    "end": 1535453685440,
    "duration": 2,
    "pid": 14352,
    "index": 37
  },
  {
    "name": "Require(31) node_modules/_egg-i18n@2.0.0@egg-i18n/app/extend/context.js",
    "start": 1535453685441,
    "end": 1535453685441,
    "duration": 0,
    "pid": 14352,
    "index": 38
  },
  {
    "name": "Require(32) node_modules/_egg-multipart@2.1.0@egg-multipart/app/extend/context.js",
    "start": 1535453685442,
    "end": 1535453685508,
    "duration": 66,
    "pid": 14352,
    "index": 39
  },
  {
    "name": "Require(33) node_modules/_egg-view@2.1.0@egg-view/app/extend/context.js",
    "start": 1535453685510,
    "end": 1535453685512,
    "duration": 2,
    "pid": 14352,
    "index": 40
  },
  {
    "name": "Require(34) node_modules/_egg@2.10.0@egg/app/extend/context.js",
    "start": 1535453685513,
    "end": 1535453685515,
    "duration": 2,
    "pid": 14352,
    "index": 41
  },
  {
    "name": "Load extend/helper.js",
    "start": 1535453685520,
    "end": 1535453685567,
    "duration": 47,
    "pid": 14352,
    "index": 42
  },
  {
    "name": "Require(35) node_modules/_egg-security@2.2.3@egg-security/app/extend/helper.js",
    "start": 1535453685521,
    "end": 1535453685555,
    "duration": 34,
    "pid": 14352,
    "index": 43
  },
  {
    "name": "Require(36) node_modules/_egg@2.10.0@egg/app/extend/helper.js",
    "start": 1535453685560,
    "end": 1535453685561,
    "duration": 1,
    "pid": 14352,
    "index": 44
  },
  {
    "name": "Load app.js",
    "start": 1535453685567,
    "end": 1535453685875,
    "duration": 308,
    "pid": 14352,
    "index": 45
  },
  {
    "name": "Require(37) node_modules/_egg-session@3.1.0@egg-session/app.js",
    "start": 1535453685568,
    "end": 1535453685569,
    "duration": 1,
    "pid": 14352,
    "index": 46
  },
  {
    "name": "Require(38) node_modules/_egg-security@2.2.3@egg-security/app.js",
    "start": 1535453685570,
    "end": 1535453685576,
    "duration": 6,
    "pid": 14352,
    "index": 47
  },
  {
    "name": "Require(39) node_modules/_egg-onerror@2.1.0@egg-onerror/app.js",
    "start": 1535453685578,
    "end": 1535453685597,
    "duration": 19,
    "pid": 14352,
    "index": 48
  },
  {
    "name": "Require(40) node_modules/_egg-i18n@2.0.0@egg-i18n/app.js",
    "start": 1535453685599,
    "end": 1535453685612,
    "duration": 13,
    "pid": 14352,
    "index": 49
  },
  {
    "name": "Require(41) node_modules/_egg-watcher@3.0.0@egg-watcher/app.js",
    "start": 1535453685617,
    "end": 1535453685623,
    "duration": 6,
    "pid": 14352,
    "index": 50
  },
  {
    "name": "Before Start in node_modules/_egg-watcher@3.0.0@egg-watcher/app.js:15:7",
    "start": 1535453685644,
    "end": 1535453686055,
    "duration": 411,
    "pid": 14352,
    "index": 51
  },
  {
    "name": "Require(42) node_modules/_egg-multipart@2.1.0@egg-multipart/app.js",
    "start": 1535453685646,
    "end": 1535453685653,
    "duration": 7,
    "pid": 14352,
    "index": 52
  },
  {
    "name": "Require(43) node_modules/_egg-development@2.4.1@egg-development/app.js",
    "start": 1535453685655,
    "end": 1535453685655,
    "duration": 0,
    "pid": 14352,
    "index": 53
  },
  {
    "name": "Require(44) node_modules/_egg-schedule@3.3.0@egg-schedule/app.js",
    "start": 1535453685656,
    "end": 1535453685659,
    "duration": 3,
    "pid": 14352,
    "index": 54
  },
  {
    "name": "Require(45) node_modules/_egg-logrotator@3.0.3@egg-logrotator/app.js",
    "start": 1535453685724,
    "end": 1535453685724,
    "duration": 0,
    "pid": 14352,
    "index": 55
  },
  {
    "name": "Require(46) node_modules/_egg-static@2.1.1@egg-static/app.js",
    "start": 1535453685725,
    "end": 1535453685725,
    "duration": 0,
    "pid": 14352,
    "index": 56
  },
  {
    "name": "Require(47) node_modules/_egg-view-ejs@2.0.0@egg-view-ejs/app.js",
    "start": 1535453685726,
    "end": 1535453685726,
    "duration": 0,
    "pid": 14352,
    "index": 57
  },
  {
    "name": "Require(48) node_modules/_egg-mysql@3.0.0@egg-mysql/app.js",
    "start": 1535453685735,
    "end": 1535453685764,
    "duration": 29,
    "pid": 14352,
    "index": 58
  },
  {
    "name": "Before Start in node_modules/_egg-mysql@3.0.0@egg-mysql/lib/mysql.js:20:7",
    "start": 1535453685873,
    "end": 1535453686059,
    "duration": 186,
    "pid": 14352,
    "index": 59
  },
  {
    "name": "Load Service",
    "start": 1535453685875,
    "end": 1535453685882,
    "duration": 7,
    "pid": 14352,
    "index": 60
  },
  {
    "name": "Load \"service\" to Context",
    "start": 1535453685876,
    "end": 1535453685882,
    "duration": 6,
    "pid": 14352,
    "index": 61
  },
  {
    "name": "Load Middleware",
    "start": 1535453685883,
    "end": 1535453686013,
    "duration": 130,
    "pid": 14352,
    "index": 62
  },
  {
    "name": "Load \"middlewares\" to Application",
    "start": 1535453685883,
    "end": 1535453685993,
    "duration": 110,
    "pid": 14352,
    "index": 63
  },
  {
    "name": "Load Controller",
    "start": 1535453686013,
    "end": 1535453686016,
    "duration": 3,
    "pid": 14352,
    "index": 64
  },
  {
    "name": "Load \"controller\" to Application",
    "start": 1535453686013,
    "end": 1535453686016,
    "duration": 3,
    "pid": 14352,
    "index": 65
  },
  {
    "name": "Load Router",
    "start": 1535453686016,
    "end": 1535453686019,
    "duration": 3,
    "pid": 14352,
    "index": 66
  },
  {
    "name": "Require(49) app/router.js",
    "start": 1535453686016,
    "end": 1535453686017,
    "duration": 1,
    "pid": 14352,
    "index": 67
  },
  {
    "name": "Before Start in node_modules/_egg-core@4.9.1@egg-core/lib/egg.js:328:10",
    "start": 1535453686017,
    "end": 1535453686038,
    "duration": 21,
    "pid": 14352,
    "index": 68
  }
]