[
  {
    "name": "Application Start",
    "start": 1535467757859,
    "end": 1535467758679,
    "duration": 820,
    "pid": 732,
    "index": 0
  },
  {
    "name": "Load Plugin",
    "start": 1535467757867,
    "end": 1535467757909,
    "duration": 42,
    "pid": 732,
    "index": 1
  },
  {
    "name": "Load Config",
    "start": 1535467757909,
    "end": 1535467757945,
    "duration": 36,
    "pid": 732,
    "index": 2
  },
  {
    "name": "Require(0) config/config.default.js",
    "start": 1535467757910,
    "end": 1535467757910,
    "duration": 0,
    "pid": 732,
    "index": 3
  },
  {
    "name": "Require(1) node_modules/_egg-session@3.1.0@egg-session/config/config.default.js",
    "start": 1535467757912,
    "end": 1535467757913,
    "duration": 1,
    "pid": 732,
    "index": 4
  },
  {
    "name": "Require(2) node_modules/_egg-security@2.2.3@egg-security/config/config.default.js",
    "start": 1535467757913,
    "end": 1535467757914,
    "duration": 1,
    "pid": 732,
    "index": 5
  },
  {
    "name": "Require(3) node_modules/_egg-jsonp@2.0.0@egg-jsonp/config/config.default.js",
    "start": 1535467757915,
    "end": 1535467757916,
    "duration": 1,
    "pid": 732,
    "index": 6
  },
  {
    "name": "Require(4) node_modules/_egg-onerror@2.1.0@egg-onerror/config/config.default.js",
    "start": 1535467757917,
    "end": 1535467757917,
    "duration": 0,
    "pid": 732,
    "index": 7
  },
  {
    "name": "Require(5) node_modules/_egg-i18n@2.0.0@egg-i18n/config/config.default.js",
    "start": 1535467757918,
    "end": 1535467757919,
    "duration": 1,
    "pid": 732,
    "index": 8
  },
  {
    "name": "Require(6) node_modules/_egg-watcher@3.0.0@egg-watcher/config/config.default.js",
    "start": 1535467757920,
    "end": 1535467757921,
    "duration": 1,
    "pid": 732,
    "index": 9
  },
  {
    "name": "Require(7) node_modules/_egg-multipart@2.1.0@egg-multipart/config/config.default.js",
    "start": 1535467757922,
    "end": 1535467757922,
    "duration": 0,
    "pid": 732,
    "index": 10
  },
  {
    "name": "Require(8) node_modules/_egg-development@2.4.1@egg-development/config/config.default.js",
    "start": 1535467757924,
    "end": 1535467757924,
    "duration": 0,
    "pid": 732,
    "index": 11
  },
  {
    "name": "Require(9) node_modules/_egg-schedule@3.3.0@egg-schedule/config/config.default.js",
    "start": 1535467757925,
    "end": 1535467757925,
    "duration": 0,
    "pid": 732,
    "index": 12
  },
  {
    "name": "Require(10) node_modules/_egg-logrotator@3.0.3@egg-logrotator/config/config.default.js",
    "start": 1535467757927,
    "end": 1535467757927,
    "duration": 0,
    "pid": 732,
    "index": 13
  },
  {
    "name": "Require(11) node_modules/_egg-static@2.1.1@egg-static/config/config.default.js",
    "start": 1535467757928,
    "end": 1535467757929,
    "duration": 1,
    "pid": 732,
    "index": 14
  },
  {
    "name": "Require(12) node_modules/_egg-view@2.1.0@egg-view/config/config.default.js",
    "start": 1535467757930,
    "end": 1535467757930,
    "duration": 0,
    "pid": 732,
    "index": 15
  },
  {
    "name": "Require(13) node_modules/_egg-view-ejs@2.0.0@egg-view-ejs/config/config.default.js",
    "start": 1535467757931,
    "end": 1535467757932,
    "duration": 1,
    "pid": 732,
    "index": 16
  },
  {
    "name": "Require(14) node_modules/_egg-mysql@3.0.0@egg-mysql/config/config.default.js",
    "start": 1535467757933,
    "end": 1535467757933,
    "duration": 0,
    "pid": 732,
    "index": 17
  },
  {
    "name": "Require(15) node_modules/_egg@2.10.0@egg/config/config.default.js",
    "start": 1535467757934,
    "end": 1535467757934,
    "duration": 0,
    "pid": 732,
    "index": 18
  },
  {
    "name": "Require(16) config/config.default.js",
    "start": 1535467757936,
    "end": 1535467757936,
    "duration": 0,
    "pid": 732,
    "index": 19
  },
  {
    "name": "Require(17) node_modules/_egg-security@2.2.3@egg-security/config/config.local.js",
    "start": 1535467757937,
    "end": 1535467757938,
    "duration": 1,
    "pid": 732,
    "index": 20
  },
  {
    "name": "Require(18) node_modules/_egg-watcher@3.0.0@egg-watcher/config/config.local.js",
    "start": 1535467757940,
    "end": 1535467757940,
    "duration": 0,
    "pid": 732,
    "index": 21
  },
  {
    "name": "Require(19) node_modules/_egg-view@2.1.0@egg-view/config/config.local.js",
    "start": 1535467757942,
    "end": 1535467757943,
    "duration": 1,
    "pid": 732,
    "index": 22
  },
  {
    "name": "Require(20) node_modules/_egg-view-ejs@2.0.0@egg-view-ejs/config/config.local.js",
    "start": 1535467757943,
    "end": 1535467757944,
    "duration": 1,
    "pid": 732,
    "index": 23
  },
  {
    "name": "Require(21) node_modules/_egg@2.10.0@egg/config/config.local.js",
    "start": 1535467757944,
    "end": 1535467757945,
    "duration": 1,
    "pid": 732,
    "index": 24
  },
  {
    "name": "Load extend/application.js",
    "start": 1535467757946,
    "end": 1535467757972,
    "duration": 26,
    "pid": 732,
    "index": 25
  },
  {
    "name": "Require(22) node_modules/_egg-session@3.1.0@egg-session/app/extend/application.js",
    "start": 1535467757947,
    "end": 1535467757948,
    "duration": 1,
    "pid": 732,
    "index": 26
  },
  {
    "name": "Require(23) node_modules/_egg-security@2.2.3@egg-security/app/extend/application.js",
    "start": 1535467757949,
    "end": 1535467757950,
    "duration": 1,
    "pid": 732,
    "index": 27
  },
  {
    "name": "Require(24) node_modules/_egg-jsonp@2.0.0@egg-jsonp/app/extend/application.js",
    "start": 1535467757951,
    "end": 1535467757954,
    "duration": 3,
    "pid": 732,
    "index": 28
  },
  {
    "name": "Require(25) node_modules/_egg-logrotator@3.0.3@egg-logrotator/app/extend/application.js",
    "start": 1535467757957,
    "end": 1535467757962,
    "duration": 5,
    "pid": 732,
    "index": 29
  },
  {
    "name": "Require(26) node_modules/_egg-view@2.1.0@egg-view/app/extend/application.js",
    "start": 1535467757963,
    "end": 1535467757966,
    "duration": 3,
    "pid": 732,
    "index": 30
  },
  {
    "name": "Load extend/request.js",
    "start": 1535467757972,
    "end": 1535467757983,
    "duration": 11,
    "pid": 732,
    "index": 31
  },
  {
    "name": "Require(27) node_modules/_egg@2.10.0@egg/app/extend/request.js",
    "start": 1535467757976,
    "end": 1535467757979,
    "duration": 3,
    "pid": 732,
    "index": 32
  },
  {
    "name": "Load extend/response.js",
    "start": 1535467757983,
    "end": 1535467757996,
    "duration": 13,
    "pid": 732,
    "index": 33
  },
  {
    "name": "Require(28) node_modules/_egg@2.10.0@egg/app/extend/response.js",
    "start": 1535467757987,
    "end": 1535467757991,
    "duration": 4,
    "pid": 732,
    "index": 34
  },
  {
    "name": "Load extend/context.js",
    "start": 1535467757996,
    "end": 1535467758090,
    "duration": 94,
    "pid": 732,
    "index": 35
  },
  {
    "name": "Require(29) node_modules/_egg-security@2.2.3@egg-security/app/extend/context.js",
    "start": 1535467757997,
    "end": 1535467758018,
    "duration": 21,
    "pid": 732,
    "index": 36
  },
  {
    "name": "Require(30) node_modules/_egg-jsonp@2.0.0@egg-jsonp/app/extend/context.js",
    "start": 1535467758018,
    "end": 1535467758020,
    "duration": 2,
    "pid": 732,
    "index": 37
  },
  {
    "name": "Require(31) node_modules/_egg-i18n@2.0.0@egg-i18n/app/extend/context.js",
    "start": 1535467758021,
    "end": 1535467758022,
    "duration": 1,
    "pid": 732,
    "index": 38
  },
  {
    "name": "Require(32) node_modules/_egg-multipart@2.1.0@egg-multipart/app/extend/context.js",
    "start": 1535467758023,
    "end": 1535467758079,
    "duration": 56,
    "pid": 732,
    "index": 39
  },
  {
    "name": "Require(33) node_modules/_egg-view@2.1.0@egg-view/app/extend/context.js",
    "start": 1535467758081,
    "end": 1535467758082,
    "duration": 1,
    "pid": 732,
    "index": 40
  },
  {
    "name": "Require(34) node_modules/_egg@2.10.0@egg/app/extend/context.js",
    "start": 1535467758083,
    "end": 1535467758086,
    "duration": 3,
    "pid": 732,
    "index": 41
  },
  {
    "name": "Load extend/helper.js",
    "start": 1535467758090,
    "end": 1535467758126,
    "duration": 36,
    "pid": 732,
    "index": 42
  },
  {
    "name": "Require(35) node_modules/_egg-security@2.2.3@egg-security/app/extend/helper.js",
    "start": 1535467758091,
    "end": 1535467758117,
    "duration": 26,
    "pid": 732,
    "index": 43
  },
  {
    "name": "Require(36) node_modules/_egg@2.10.0@egg/app/extend/helper.js",
    "start": 1535467758121,
    "end": 1535467758121,
    "duration": 0,
    "pid": 732,
    "index": 44
  },
  {
    "name": "Load app.js",
    "start": 1535467758126,
    "end": 1535467758426,
    "duration": 300,
    "pid": 732,
    "index": 45
  },
  {
    "name": "Require(37) node_modules/_egg-session@3.1.0@egg-session/app.js",
    "start": 1535467758127,
    "end": 1535467758127,
    "duration": 0,
    "pid": 732,
    "index": 46
  },
  {
    "name": "Require(38) node_modules/_egg-security@2.2.3@egg-security/app.js",
    "start": 1535467758129,
    "end": 1535467758133,
    "duration": 4,
    "pid": 732,
    "index": 47
  },
  {
    "name": "Require(39) node_modules/_egg-onerror@2.1.0@egg-onerror/app.js",
    "start": 1535467758135,
    "end": 1535467758149,
    "duration": 14,
    "pid": 732,
    "index": 48
  },
  {
    "name": "Require(40) node_modules/_egg-i18n@2.0.0@egg-i18n/app.js",
    "start": 1535467758151,
    "end": 1535467758167,
    "duration": 16,
    "pid": 732,
    "index": 49
  },
  {
    "name": "Require(41) node_modules/_egg-watcher@3.0.0@egg-watcher/app.js",
    "start": 1535467758172,
    "end": 1535467758178,
    "duration": 6,
    "pid": 732,
    "index": 50
  },
  {
    "name": "Before Start in node_modules/_egg-watcher@3.0.0@egg-watcher/app.js:15:7",
    "start": 1535467758190,
    "end": 1535467758672,
    "duration": 482,
    "pid": 732,
    "index": 51
  },
  {
    "name": "Require(42) node_modules/_egg-multipart@2.1.0@egg-multipart/app.js",
    "start": 1535467758192,
    "end": 1535467758196,
    "duration": 4,
    "pid": 732,
    "index": 52
  },
  {
    "name": "Require(43) node_modules/_egg-development@2.4.1@egg-development/app.js",
    "start": 1535467758200,
    "end": 1535467758200,
    "duration": 0,
    "pid": 732,
    "index": 53
  },
  {
    "name": "Require(44) node_modules/_egg-schedule@3.3.0@egg-schedule/app.js",
    "start": 1535467758201,
    "end": 1535467758204,
    "duration": 3,
    "pid": 732,
    "index": 54
  },
  {
    "name": "Require(45) node_modules/_egg-logrotator@3.0.3@egg-logrotator/app.js",
    "start": 1535467758263,
    "end": 1535467758264,
    "duration": 1,
    "pid": 732,
    "index": 55
  },
  {
    "name": "Require(46) node_modules/_egg-static@2.1.1@egg-static/app.js",
    "start": 1535467758264,
    "end": 1535467758265,
    "duration": 1,
    "pid": 732,
    "index": 56
  },
  {
    "name": "Require(47) node_modules/_egg-view-ejs@2.0.0@egg-view-ejs/app.js",
    "start": 1535467758266,
    "end": 1535467758266,
    "duration": 0,
    "pid": 732,
    "index": 57
  },
  {
    "name": "Require(48) node_modules/_egg-mysql@3.0.0@egg-mysql/app.js",
    "start": 1535467758274,
    "end": 1535467758299,
    "duration": 25,
    "pid": 732,
    "index": 58
  },
  {
    "name": "Before Start in node_modules/_egg-mysql@3.0.0@egg-mysql/lib/mysql.js:20:7",
    "start": 1535467758424,
    "end": 1535467758678,
    "duration": 254,
    "pid": 732,
    "index": 59
  },
  {
    "name": "Load Service",
    "start": 1535467758426,
    "end": 1535467758433,
    "duration": 7,
    "pid": 732,
    "index": 60
  },
  {
    "name": "Load \"service\" to Context",
    "start": 1535467758426,
    "end": 1535467758433,
    "duration": 7,
    "pid": 732,
    "index": 61
  },
  {
    "name": "Load Middleware",
    "start": 1535467758433,
    "end": 1535467758600,
    "duration": 167,
    "pid": 732,
    "index": 62
  },
  {
    "name": "Load \"middlewares\" to Application",
    "start": 1535467758433,
    "end": 1535467758576,
    "duration": 143,
    "pid": 732,
    "index": 63
  },
  {
    "name": "Load Controller",
    "start": 1535467758600,
    "end": 1535467758605,
    "duration": 5,
    "pid": 732,
    "index": 64
  },
  {
    "name": "Load \"controller\" to Application",
    "start": 1535467758600,
    "end": 1535467758605,
    "duration": 5,
    "pid": 732,
    "index": 65
  },
  {
    "name": "Load Router",
    "start": 1535467758605,
    "end": 1535467758610,
    "duration": 5,
    "pid": 732,
    "index": 66
  },
  {
    "name": "Require(49) app/router.js",
    "start": 1535467758605,
    "end": 1535467758606,
    "duration": 1,
    "pid": 732,
    "index": 67
  },
  {
    "name": "Before Start in node_modules/_egg-core@4.9.1@egg-core/lib/egg.js:328:10",
    "start": 1535467758607,
    "end": 1535467758639,
    "duration": 32,
    "pid": 732,
    "index": 68
  }
]