[
  {
    "name": "Application Start",
    "start": 1535467974982,
    "end": 1535467975916,
    "duration": 934,
    "pid": 9480,
    "index": 0
  },
  {
    "name": "Load Plugin",
    "start": 1535467974993,
    "end": 1535467975046,
    "duration": 53,
    "pid": 9480,
    "index": 1
  },
  {
    "name": "Load Config",
    "start": 1535467975047,
    "end": 1535467975092,
    "duration": 45,
    "pid": 9480,
    "index": 2
  },
  {
    "name": "Require(0) config/config.default.js",
    "start": 1535467975048,
    "end": 1535467975049,
    "duration": 1,
    "pid": 9480,
    "index": 3
  },
  {
    "name": "Require(1) node_modules/_egg-session@3.1.0@egg-session/config/config.default.js",
    "start": 1535467975052,
    "end": 1535467975053,
    "duration": 1,
    "pid": 9480,
    "index": 4
  },
  {
    "name": "Require(2) node_modules/_egg-security@2.2.3@egg-security/config/config.default.js",
    "start": 1535467975054,
    "end": 1535467975054,
    "duration": 0,
    "pid": 9480,
    "index": 5
  },
  {
    "name": "Require(3) node_modules/_egg-jsonp@2.0.0@egg-jsonp/config/config.default.js",
    "start": 1535467975056,
    "end": 1535467975057,
    "duration": 1,
    "pid": 9480,
    "index": 6
  },
  {
    "name": "Require(4) node_modules/_egg-onerror@2.1.0@egg-onerror/config/config.default.js",
    "start": 1535467975058,
    "end": 1535467975059,
    "duration": 1,
    "pid": 9480,
    "index": 7
  },
  {
    "name": "Require(5) node_modules/_egg-i18n@2.0.0@egg-i18n/config/config.default.js",
    "start": 1535467975060,
    "end": 1535467975060,
    "duration": 0,
    "pid": 9480,
    "index": 8
  },
  {
    "name": "Require(6) node_modules/_egg-watcher@3.0.0@egg-watcher/config/config.default.js",
    "start": 1535467975061,
    "end": 1535467975062,
    "duration": 1,
    "pid": 9480,
    "index": 9
  },
  {
    "name": "Require(7) node_modules/_egg-multipart@2.1.0@egg-multipart/config/config.default.js",
    "start": 1535467975063,
    "end": 1535467975064,
    "duration": 1,
    "pid": 9480,
    "index": 10
  },
  {
    "name": "Require(8) node_modules/_egg-development@2.4.1@egg-development/config/config.default.js",
    "start": 1535467975065,
    "end": 1535467975065,
    "duration": 0,
    "pid": 9480,
    "index": 11
  },
  {
    "name": "Require(9) node_modules/_egg-schedule@3.3.0@egg-schedule/config/config.default.js",
    "start": 1535467975066,
    "end": 1535467975067,
    "duration": 1,
    "pid": 9480,
    "index": 12
  },
  {
    "name": "Require(10) node_modules/_egg-logrotator@3.0.3@egg-logrotator/config/config.default.js",
    "start": 1535467975068,
    "end": 1535467975068,
    "duration": 0,
    "pid": 9480,
    "index": 13
  },
  {
    "name": "Require(11) node_modules/_egg-static@2.1.1@egg-static/config/config.default.js",
    "start": 1535467975069,
    "end": 1535467975070,
    "duration": 1,
    "pid": 9480,
    "index": 14
  },
  {
    "name": "Require(12) node_modules/_egg-view@2.1.0@egg-view/config/config.default.js",
    "start": 1535467975071,
    "end": 1535467975072,
    "duration": 1,
    "pid": 9480,
    "index": 15
  },
  {
    "name": "Require(13) node_modules/_egg-view-ejs@2.0.0@egg-view-ejs/config/config.default.js",
    "start": 1535467975073,
    "end": 1535467975074,
    "duration": 1,
    "pid": 9480,
    "index": 16
  },
  {
    "name": "Require(14) node_modules/_egg-mysql@3.0.0@egg-mysql/config/config.default.js",
    "start": 1535467975075,
    "end": 1535467975076,
    "duration": 1,
    "pid": 9480,
    "index": 17
  },
  {
    "name": "Require(15) node_modules/_egg@2.10.0@egg/config/config.default.js",
    "start": 1535467975077,
    "end": 1535467975078,
    "duration": 1,
    "pid": 9480,
    "index": 18
  },
  {
    "name": "Require(16) config/config.default.js",
    "start": 1535467975080,
    "end": 1535467975080,
    "duration": 0,
    "pid": 9480,
    "index": 19
  },
  {
    "name": "Require(17) node_modules/_egg-security@2.2.3@egg-security/config/config.local.js",
    "start": 1535467975082,
    "end": 1535467975082,
    "duration": 0,
    "pid": 9480,
    "index": 20
  },
  {
    "name": "Require(18) node_modules/_egg-watcher@3.0.0@egg-watcher/config/config.local.js",
    "start": 1535467975084,
    "end": 1535467975085,
    "duration": 1,
    "pid": 9480,
    "index": 21
  },
  {
    "name": "Require(19) node_modules/_egg-view@2.1.0@egg-view/config/config.local.js",
    "start": 1535467975087,
    "end": 1535467975088,
    "duration": 1,
    "pid": 9480,
    "index": 22
  },
  {
    "name": "Require(20) node_modules/_egg-view-ejs@2.0.0@egg-view-ejs/config/config.local.js",
    "start": 1535467975089,
    "end": 1535467975089,
    "duration": 0,
    "pid": 9480,
    "index": 23
  },
  {
    "name": "Require(21) node_modules/_egg@2.10.0@egg/config/config.local.js",
    "start": 1535467975091,
    "end": 1535467975091,
    "duration": 0,
    "pid": 9480,
    "index": 24
  },
  {
    "name": "Load extend/application.js",
    "start": 1535467975094,
    "end": 1535467975129,
    "duration": 35,
    "pid": 9480,
    "index": 25
  },
  {
    "name": "Require(22) node_modules/_egg-session@3.1.0@egg-session/app/extend/application.js",
    "start": 1535467975096,
    "end": 1535467975096,
    "duration": 0,
    "pid": 9480,
    "index": 26
  },
  {
    "name": "Require(23) node_modules/_egg-security@2.2.3@egg-security/app/extend/application.js",
    "start": 1535467975097,
    "end": 1535467975100,
    "duration": 3,
    "pid": 9480,
    "index": 27
  },
  {
    "name": "Require(24) node_modules/_egg-jsonp@2.0.0@egg-jsonp/app/extend/application.js",
    "start": 1535467975101,
    "end": 1535467975106,
    "duration": 5,
    "pid": 9480,
    "index": 28
  },
  {
    "name": "Require(25) node_modules/_egg-logrotator@3.0.3@egg-logrotator/app/extend/application.js",
    "start": 1535467975110,
    "end": 1535467975115,
    "duration": 5,
    "pid": 9480,
    "index": 29
  },
  {
    "name": "Require(26) node_modules/_egg-view@2.1.0@egg-view/app/extend/application.js",
    "start": 1535467975117,
    "end": 1535467975121,
    "duration": 4,
    "pid": 9480,
    "index": 30
  },
  {
    "name": "Load extend/request.js",
    "start": 1535467975129,
    "end": 1535467975147,
    "duration": 18,
    "pid": 9480,
    "index": 31
  },
  {
    "name": "Require(27) node_modules/_egg@2.10.0@egg/app/extend/request.js",
    "start": 1535467975135,
    "end": 1535467975140,
    "duration": 5,
    "pid": 9480,
    "index": 32
  },
  {
    "name": "Load extend/response.js",
    "start": 1535467975147,
    "end": 1535467975164,
    "duration": 17,
    "pid": 9480,
    "index": 33
  },
  {
    "name": "Require(28) node_modules/_egg@2.10.0@egg/app/extend/response.js",
    "start": 1535467975153,
    "end": 1535467975158,
    "duration": 5,
    "pid": 9480,
    "index": 34
  },
  {
    "name": "Load extend/context.js",
    "start": 1535467975164,
    "end": 1535467975310,
    "duration": 146,
    "pid": 9480,
    "index": 35
  },
  {
    "name": "Require(29) node_modules/_egg-security@2.2.3@egg-security/app/extend/context.js",
    "start": 1535467975165,
    "end": 1535467975193,
    "duration": 28,
    "pid": 9480,
    "index": 36
  },
  {
    "name": "Require(30) node_modules/_egg-jsonp@2.0.0@egg-jsonp/app/extend/context.js",
    "start": 1535467975194,
    "end": 1535467975197,
    "duration": 3,
    "pid": 9480,
    "index": 37
  },
  {
    "name": "Require(31) node_modules/_egg-i18n@2.0.0@egg-i18n/app/extend/context.js",
    "start": 1535467975198,
    "end": 1535467975199,
    "duration": 1,
    "pid": 9480,
    "index": 38
  },
  {
    "name": "Require(32) node_modules/_egg-multipart@2.1.0@egg-multipart/app/extend/context.js",
    "start": 1535467975201,
    "end": 1535467975289,
    "duration": 88,
    "pid": 9480,
    "index": 39
  },
  {
    "name": "Require(33) node_modules/_egg-view@2.1.0@egg-view/app/extend/context.js",
    "start": 1535467975293,
    "end": 1535467975296,
    "duration": 3,
    "pid": 9480,
    "index": 40
  },
  {
    "name": "Require(34) node_modules/_egg@2.10.0@egg/app/extend/context.js",
    "start": 1535467975298,
    "end": 1535467975303,
    "duration": 5,
    "pid": 9480,
    "index": 41
  },
  {
    "name": "Load extend/helper.js",
    "start": 1535467975311,
    "end": 1535467975360,
    "duration": 49,
    "pid": 9480,
    "index": 42
  },
  {
    "name": "Require(35) node_modules/_egg-security@2.2.3@egg-security/app/extend/helper.js",
    "start": 1535467975312,
    "end": 1535467975348,
    "duration": 36,
    "pid": 9480,
    "index": 43
  },
  {
    "name": "Require(36) node_modules/_egg@2.10.0@egg/app/extend/helper.js",
    "start": 1535467975353,
    "end": 1535467975354,
    "duration": 1,
    "pid": 9480,
    "index": 44
  },
  {
    "name": "Load app.js",
    "start": 1535467975361,
    "end": 1535467975670,
    "duration": 309,
    "pid": 9480,
    "index": 45
  },
  {
    "name": "Require(37) node_modules/_egg-session@3.1.0@egg-session/app.js",
    "start": 1535467975361,
    "end": 1535467975362,
    "duration": 1,
    "pid": 9480,
    "index": 46
  },
  {
    "name": "Require(38) node_modules/_egg-security@2.2.3@egg-security/app.js",
    "start": 1535467975363,
    "end": 1535467975366,
    "duration": 3,
    "pid": 9480,
    "index": 47
  },
  {
    "name": "Require(39) node_modules/_egg-onerror@2.1.0@egg-onerror/app.js",
    "start": 1535467975368,
    "end": 1535467975387,
    "duration": 19,
    "pid": 9480,
    "index": 48
  },
  {
    "name": "Require(40) node_modules/_egg-i18n@2.0.0@egg-i18n/app.js",
    "start": 1535467975388,
    "end": 1535467975403,
    "duration": 15,
    "pid": 9480,
    "index": 49
  },
  {
    "name": "Require(41) node_modules/_egg-watcher@3.0.0@egg-watcher/app.js",
    "start": 1535467975409,
    "end": 1535467975416,
    "duration": 7,
    "pid": 9480,
    "index": 50
  },
  {
    "name": "Before Start in node_modules/_egg-watcher@3.0.0@egg-watcher/app.js:15:7",
    "start": 1535467975429,
    "end": 1535467975907,
    "duration": 478,
    "pid": 9480,
    "index": 51
  },
  {
    "name": "Require(42) node_modules/_egg-multipart@2.1.0@egg-multipart/app.js",
    "start": 1535467975431,
    "end": 1535467975437,
    "duration": 6,
    "pid": 9480,
    "index": 52
  },
  {
    "name": "Require(43) node_modules/_egg-development@2.4.1@egg-development/app.js",
    "start": 1535467975439,
    "end": 1535467975439,
    "duration": 0,
    "pid": 9480,
    "index": 53
  },
  {
    "name": "Require(44) node_modules/_egg-schedule@3.3.0@egg-schedule/app.js",
    "start": 1535467975440,
    "end": 1535467975444,
    "duration": 4,
    "pid": 9480,
    "index": 54
  },
  {
    "name": "Require(45) node_modules/_egg-logrotator@3.0.3@egg-logrotator/app.js",
    "start": 1535467975500,
    "end": 1535467975500,
    "duration": 0,
    "pid": 9480,
    "index": 55
  },
  {
    "name": "Require(46) node_modules/_egg-static@2.1.1@egg-static/app.js",
    "start": 1535467975501,
    "end": 1535467975502,
    "duration": 1,
    "pid": 9480,
    "index": 56
  },
  {
    "name": "Require(47) node_modules/_egg-view-ejs@2.0.0@egg-view-ejs/app.js",
    "start": 1535467975503,
    "end": 1535467975504,
    "duration": 1,
    "pid": 9480,
    "index": 57
  },
  {
    "name": "Require(48) node_modules/_egg-mysql@3.0.0@egg-mysql/app.js",
    "start": 1535467975513,
    "end": 1535467975542,
    "duration": 29,
    "pid": 9480,
    "index": 58
  },
  {
    "name": "Before Start in node_modules/_egg-mysql@3.0.0@egg-mysql/lib/mysql.js:20:7",
    "start": 1535467975668,
    "end": 1535467975916,
    "duration": 248,
    "pid": 9480,
    "index": 59
  },
  {
    "name": "Load Service",
    "start": 1535467975670,
    "end": 1535467975683,
    "duration": 13,
    "pid": 9480,
    "index": 60
  },
  {
    "name": "Load \"service\" to Context",
    "start": 1535467975671,
    "end": 1535467975683,
    "duration": 12,
    "pid": 9480,
    "index": 61
  },
  {
    "name": "Load Middleware",
    "start": 1535467975684,
    "end": 1535467975842,
    "duration": 158,
    "pid": 9480,
    "index": 62
  },
  {
    "name": "Load \"middlewares\" to Application",
    "start": 1535467975684,
    "end": 1535467975821,
    "duration": 137,
    "pid": 9480,
    "index": 63
  },
  {
    "name": "Load Controller",
    "start": 1535467975842,
    "end": 1535467975847,
    "duration": 5,
    "pid": 9480,
    "index": 64
  },
  {
    "name": "Load \"controller\" to Application",
    "start": 1535467975842,
    "end": 1535467975847,
    "duration": 5,
    "pid": 9480,
    "index": 65
  },
  {
    "name": "Load Router",
    "start": 1535467975847,
    "end": 1535467975852,
    "duration": 5,
    "pid": 9480,
    "index": 66
  },
  {
    "name": "Require(49) app/router.js",
    "start": 1535467975848,
    "end": 1535467975848,
    "duration": 0,
    "pid": 9480,
    "index": 67
  },
  {
    "name": "Before Start in node_modules/_egg-core@4.9.1@egg-core/lib/egg.js:328:10",
    "start": 1535467975849,
    "end": 1535467975878,
    "duration": 29,
    "pid": 9480,
    "index": 68
  }
]