[
  {
    "name": "Application Start",
    "start": 1535453706642,
    "end": 1535453707356,
    "duration": 714,
    "pid": 15480,
    "index": 0
  },
  {
    "name": "Load Plugin",
    "start": 1535453706648,
    "end": 1535453706683,
    "duration": 35,
    "pid": 15480,
    "index": 1
  },
  {
    "name": "Load Config",
    "start": 1535453706684,
    "end": 1535453706723,
    "duration": 39,
    "pid": 15480,
    "index": 2
  },
  {
    "name": "Require(0) config/config.default.js",
    "start": 1535453706686,
    "end": 1535453706687,
    "duration": 1,
    "pid": 15480,
    "index": 3
  },
  {
    "name": "Require(1) node_modules/_egg-session@3.1.0@egg-session/config/config.default.js",
    "start": 1535453706689,
    "end": 1535453706689,
    "duration": 0,
    "pid": 15480,
    "index": 4
  },
  {
    "name": "Require(2) node_modules/_egg-security@2.2.3@egg-security/config/config.default.js",
    "start": 1535453706690,
    "end": 1535453706690,
    "duration": 0,
    "pid": 15480,
    "index": 5
  },
  {
    "name": "Require(3) node_modules/_egg-jsonp@2.0.0@egg-jsonp/config/config.default.js",
    "start": 1535453706691,
    "end": 1535453706692,
    "duration": 1,
    "pid": 15480,
    "index": 6
  },
  {
    "name": "Require(4) node_modules/_egg-onerror@2.1.0@egg-onerror/config/config.default.js",
    "start": 1535453706693,
    "end": 1535453706693,
    "duration": 0,
    "pid": 15480,
    "index": 7
  },
  {
    "name": "Require(5) node_modules/_egg-i18n@2.0.0@egg-i18n/config/config.default.js",
    "start": 1535453706694,
    "end": 1535453706694,
    "duration": 0,
    "pid": 15480,
    "index": 8
  },
  {
    "name": "Require(6) node_modules/_egg-watcher@3.0.0@egg-watcher/config/config.default.js",
    "start": 1535453706697,
    "end": 1535453706698,
    "duration": 1,
    "pid": 15480,
    "index": 9
  },
  {
    "name": "Require(7) node_modules/_egg-multipart@2.1.0@egg-multipart/config/config.default.js",
    "start": 1535453706699,
    "end": 1535453706700,
    "duration": 1,
    "pid": 15480,
    "index": 10
  },
  {
    "name": "Require(8) node_modules/_egg-development@2.4.1@egg-development/config/config.default.js",
    "start": 1535453706701,
    "end": 1535453706702,
    "duration": 1,
    "pid": 15480,
    "index": 11
  },
  {
    "name": "Require(9) node_modules/_egg-schedule@3.3.0@egg-schedule/config/config.default.js",
    "start": 1535453706703,
    "end": 1535453706703,
    "duration": 0,
    "pid": 15480,
    "index": 12
  },
  {
    "name": "Require(10) node_modules/_egg-logrotator@3.0.3@egg-logrotator/config/config.default.js",
    "start": 1535453706704,
    "end": 1535453706705,
    "duration": 1,
    "pid": 15480,
    "index": 13
  },
  {
    "name": "Require(11) node_modules/_egg-static@2.1.1@egg-static/config/config.default.js",
    "start": 1535453706706,
    "end": 1535453706706,
    "duration": 0,
    "pid": 15480,
    "index": 14
  },
  {
    "name": "Require(12) node_modules/_egg-view@2.1.0@egg-view/config/config.default.js",
    "start": 1535453706707,
    "end": 1535453706708,
    "duration": 1,
    "pid": 15480,
    "index": 15
  },
  {
    "name": "Require(13) node_modules/_egg-view-ejs@2.0.0@egg-view-ejs/config/config.default.js",
    "start": 1535453706709,
    "end": 1535453706709,
    "duration": 0,
    "pid": 15480,
    "index": 16
  },
  {
    "name": "Require(14) node_modules/_egg-mysql@3.0.0@egg-mysql/config/config.default.js",
    "start": 1535453706711,
    "end": 1535453706711,
    "duration": 0,
    "pid": 15480,
    "index": 17
  },
  {
    "name": "Require(15) node_modules/_egg@2.10.0@egg/config/config.default.js",
    "start": 1535453706712,
    "end": 1535453706713,
    "duration": 1,
    "pid": 15480,
    "index": 18
  },
  {
    "name": "Require(16) config/config.default.js",
    "start": 1535453706715,
    "end": 1535453706715,
    "duration": 0,
    "pid": 15480,
    "index": 19
  },
  {
    "name": "Require(17) node_modules/_egg-security@2.2.3@egg-security/config/config.local.js",
    "start": 1535453706716,
    "end": 1535453706716,
    "duration": 0,
    "pid": 15480,
    "index": 20
  },
  {
    "name": "Require(18) node_modules/_egg-watcher@3.0.0@egg-watcher/config/config.local.js",
    "start": 1535453706718,
    "end": 1535453706718,
    "duration": 0,
    "pid": 15480,
    "index": 21
  },
  {
    "name": "Require(19) node_modules/_egg-view@2.1.0@egg-view/config/config.local.js",
    "start": 1535453706720,
    "end": 1535453706720,
    "duration": 0,
    "pid": 15480,
    "index": 22
  },
  {
    "name": "Require(20) node_modules/_egg-view-ejs@2.0.0@egg-view-ejs/config/config.local.js",
    "start": 1535453706721,
    "end": 1535453706722,
    "duration": 1,
    "pid": 15480,
    "index": 23
  },
  {
    "name": "Require(21) node_modules/_egg@2.10.0@egg/config/config.local.js",
    "start": 1535453706723,
    "end": 1535453706723,
    "duration": 0,
    "pid": 15480,
    "index": 24
  },
  {
    "name": "Load extend/application.js",
    "start": 1535453706729,
    "end": 1535453706751,
    "duration": 22,
    "pid": 15480,
    "index": 25
  },
  {
    "name": "Require(22) node_modules/_egg-session@3.1.0@egg-session/app/extend/application.js",
    "start": 1535453706730,
    "end": 1535453706731,
    "duration": 1,
    "pid": 15480,
    "index": 26
  },
  {
    "name": "Require(23) node_modules/_egg-security@2.2.3@egg-security/app/extend/application.js",
    "start": 1535453706732,
    "end": 1535453706733,
    "duration": 1,
    "pid": 15480,
    "index": 27
  },
  {
    "name": "Require(24) node_modules/_egg-jsonp@2.0.0@egg-jsonp/app/extend/application.js",
    "start": 1535453706733,
    "end": 1535453706736,
    "duration": 3,
    "pid": 15480,
    "index": 28
  },
  {
    "name": "Require(25) node_modules/_egg-logrotator@3.0.3@egg-logrotator/app/extend/application.js",
    "start": 1535453706738,
    "end": 1535453706742,
    "duration": 4,
    "pid": 15480,
    "index": 29
  },
  {
    "name": "Require(26) node_modules/_egg-view@2.1.0@egg-view/app/extend/application.js",
    "start": 1535453706743,
    "end": 1535453706746,
    "duration": 3,
    "pid": 15480,
    "index": 30
  },
  {
    "name": "Load extend/request.js",
    "start": 1535453706751,
    "end": 1535453706762,
    "duration": 11,
    "pid": 15480,
    "index": 31
  },
  {
    "name": "Require(27) node_modules/_egg@2.10.0@egg/app/extend/request.js",
    "start": 1535453706755,
    "end": 1535453706757,
    "duration": 2,
    "pid": 15480,
    "index": 32
  },
  {
    "name": "Load extend/response.js",
    "start": 1535453706762,
    "end": 1535453706774,
    "duration": 12,
    "pid": 15480,
    "index": 33
  },
  {
    "name": "Require(28) node_modules/_egg@2.10.0@egg/app/extend/response.js",
    "start": 1535453706766,
    "end": 1535453706770,
    "duration": 4,
    "pid": 15480,
    "index": 34
  },
  {
    "name": "Load extend/context.js",
    "start": 1535453706774,
    "end": 1535453706864,
    "duration": 90,
    "pid": 15480,
    "index": 35
  },
  {
    "name": "Require(29) node_modules/_egg-security@2.2.3@egg-security/app/extend/context.js",
    "start": 1535453706775,
    "end": 1535453706793,
    "duration": 18,
    "pid": 15480,
    "index": 36
  },
  {
    "name": "Require(30) node_modules/_egg-jsonp@2.0.0@egg-jsonp/app/extend/context.js",
    "start": 1535453706794,
    "end": 1535453706796,
    "duration": 2,
    "pid": 15480,
    "index": 37
  },
  {
    "name": "Require(31) node_modules/_egg-i18n@2.0.0@egg-i18n/app/extend/context.js",
    "start": 1535453706797,
    "end": 1535453706797,
    "duration": 0,
    "pid": 15480,
    "index": 38
  },
  {
    "name": "Require(32) node_modules/_egg-multipart@2.1.0@egg-multipart/app/extend/context.js",
    "start": 1535453706798,
    "end": 1535453706854,
    "duration": 56,
    "pid": 15480,
    "index": 39
  },
  {
    "name": "Require(33) node_modules/_egg-view@2.1.0@egg-view/app/extend/context.js",
    "start": 1535453706855,
    "end": 1535453706857,
    "duration": 2,
    "pid": 15480,
    "index": 40
  },
  {
    "name": "Require(34) node_modules/_egg@2.10.0@egg/app/extend/context.js",
    "start": 1535453706858,
    "end": 1535453706860,
    "duration": 2,
    "pid": 15480,
    "index": 41
  },
  {
    "name": "Load extend/helper.js",
    "start": 1535453706865,
    "end": 1535453706896,
    "duration": 31,
    "pid": 15480,
    "index": 42
  },
  {
    "name": "Require(35) node_modules/_egg-security@2.2.3@egg-security/app/extend/helper.js",
    "start": 1535453706865,
    "end": 1535453706888,
    "duration": 23,
    "pid": 15480,
    "index": 43
  },
  {
    "name": "Require(36) node_modules/_egg@2.10.0@egg/app/extend/helper.js",
    "start": 1535453706891,
    "end": 1535453706892,
    "duration": 1,
    "pid": 15480,
    "index": 44
  },
  {
    "name": "Load app.js",
    "start": 1535453706897,
    "end": 1535453707155,
    "duration": 258,
    "pid": 15480,
    "index": 45
  },
  {
    "name": "Require(37) node_modules/_egg-session@3.1.0@egg-session/app.js",
    "start": 1535453706897,
    "end": 1535453706898,
    "duration": 1,
    "pid": 15480,
    "index": 46
  },
  {
    "name": "Require(38) node_modules/_egg-security@2.2.3@egg-security/app.js",
    "start": 1535453706898,
    "end": 1535453706901,
    "duration": 3,
    "pid": 15480,
    "index": 47
  },
  {
    "name": "Require(39) node_modules/_egg-onerror@2.1.0@egg-onerror/app.js",
    "start": 1535453706903,
    "end": 1535453706919,
    "duration": 16,
    "pid": 15480,
    "index": 48
  },
  {
    "name": "Require(40) node_modules/_egg-i18n@2.0.0@egg-i18n/app.js",
    "start": 1535453706920,
    "end": 1535453706932,
    "duration": 12,
    "pid": 15480,
    "index": 49
  },
  {
    "name": "Require(41) node_modules/_egg-watcher@3.0.0@egg-watcher/app.js",
    "start": 1535453706938,
    "end": 1535453706943,
    "duration": 5,
    "pid": 15480,
    "index": 50
  },
  {
    "name": "Before Start in node_modules/_egg-watcher@3.0.0@egg-watcher/app.js:15:7",
    "start": 1535453706954,
    "end": 1535453707352,
    "duration": 398,
    "pid": 15480,
    "index": 51
  },
  {
    "name": "Require(42) node_modules/_egg-multipart@2.1.0@egg-multipart/app.js",
    "start": 1535453706956,
    "end": 1535453706961,
    "duration": 5,
    "pid": 15480,
    "index": 52
  },
  {
    "name": "Require(43) node_modules/_egg-development@2.4.1@egg-development/app.js",
    "start": 1535453706962,
    "end": 1535453706962,
    "duration": 0,
    "pid": 15480,
    "index": 53
  },
  {
    "name": "Require(44) node_modules/_egg-schedule@3.3.0@egg-schedule/app.js",
    "start": 1535453706963,
    "end": 1535453706966,
    "duration": 3,
    "pid": 15480,
    "index": 54
  },
  {
    "name": "Require(45) node_modules/_egg-logrotator@3.0.3@egg-logrotator/app.js",
    "start": 1535453707016,
    "end": 1535453707016,
    "duration": 0,
    "pid": 15480,
    "index": 55
  },
  {
    "name": "Require(46) node_modules/_egg-static@2.1.1@egg-static/app.js",
    "start": 1535453707017,
    "end": 1535453707018,
    "duration": 1,
    "pid": 15480,
    "index": 56
  },
  {
    "name": "Require(47) node_modules/_egg-view-ejs@2.0.0@egg-view-ejs/app.js",
    "start": 1535453707019,
    "end": 1535453707020,
    "duration": 1,
    "pid": 15480,
    "index": 57
  },
  {
    "name": "Require(48) node_modules/_egg-mysql@3.0.0@egg-mysql/app.js",
    "start": 1535453707027,
    "end": 1535453707052,
    "duration": 25,
    "pid": 15480,
    "index": 58
  },
  {
    "name": "Before Start in node_modules/_egg-mysql@3.0.0@egg-mysql/lib/mysql.js:20:7",
    "start": 1535453707153,
    "end": 1535453707356,
    "duration": 203,
    "pid": 15480,
    "index": 59
  },
  {
    "name": "Load Service",
    "start": 1535453707155,
    "end": 1535453707163,
    "duration": 8,
    "pid": 15480,
    "index": 60
  },
  {
    "name": "Load \"service\" to Context",
    "start": 1535453707156,
    "end": 1535453707163,
    "duration": 7,
    "pid": 15480,
    "index": 61
  },
  {
    "name": "Load Middleware",
    "start": 1535453707163,
    "end": 1535453707303,
    "duration": 140,
    "pid": 15480,
    "index": 62
  },
  {
    "name": "Load \"middlewares\" to Application",
    "start": 1535453707163,
    "end": 1535453707285,
    "duration": 122,
    "pid": 15480,
    "index": 63
  },
  {
    "name": "Load Controller",
    "start": 1535453707303,
    "end": 1535453707308,
    "duration": 5,
    "pid": 15480,
    "index": 64
  },
  {
    "name": "Load \"controller\" to Application",
    "start": 1535453707303,
    "end": 1535453707308,
    "duration": 5,
    "pid": 15480,
    "index": 65
  },
  {
    "name": "Load Router",
    "start": 1535453707308,
    "end": 1535453707312,
    "duration": 4,
    "pid": 15480,
    "index": 66
  },
  {
    "name": "Require(49) app/router.js",
    "start": 1535453707308,
    "end": 1535453707309,
    "duration": 1,
    "pid": 15480,
    "index": 67
  },
  {
    "name": "Before Start in node_modules/_egg-core@4.9.1@egg-core/lib/egg.js:328:10",
    "start": 1535453707310,
    "end": 1535453707332,
    "duration": 22,
    "pid": 15480,
    "index": 68
  }
]