[
  {
    "name": "Application Start",
    "start": 1535452586044,
    "end": 1535452586957,
    "duration": 913,
    "pid": 2472,
    "index": 0
  },
  {
    "name": "Load Plugin",
    "start": 1535452586052,
    "end": 1535452586088,
    "duration": 36,
    "pid": 2472,
    "index": 1
  },
  {
    "name": "Load Config",
    "start": 1535452586089,
    "end": 1535452586139,
    "duration": 50,
    "pid": 2472,
    "index": 2
  },
  {
    "name": "Require(0) config/config.default.js",
    "start": 1535452586090,
    "end": 1535452586090,
    "duration": 0,
    "pid": 2472,
    "index": 3
  },
  {
    "name": "Require(1) node_modules/_egg-session@3.1.0@egg-session/config/config.default.js",
    "start": 1535452586093,
    "end": 1535452586094,
    "duration": 1,
    "pid": 2472,
    "index": 4
  },
  {
    "name": "Require(2) node_modules/_egg-security@2.2.3@egg-security/config/config.default.js",
    "start": 1535452586095,
    "end": 1535452586096,
    "duration": 1,
    "pid": 2472,
    "index": 5
  },
  {
    "name": "Require(3) node_modules/_egg-jsonp@2.0.0@egg-jsonp/config/config.default.js",
    "start": 1535452586098,
    "end": 1535452586099,
    "duration": 1,
    "pid": 2472,
    "index": 6
  },
  {
    "name": "Require(4) node_modules/_egg-onerror@2.1.0@egg-onerror/config/config.default.js",
    "start": 1535452586100,
    "end": 1535452586100,
    "duration": 0,
    "pid": 2472,
    "index": 7
  },
  {
    "name": "Require(5) node_modules/_egg-i18n@2.0.0@egg-i18n/config/config.default.js",
    "start": 1535452586101,
    "end": 1535452586102,
    "duration": 1,
    "pid": 2472,
    "index": 8
  },
  {
    "name": "Require(6) node_modules/_egg-watcher@3.0.0@egg-watcher/config/config.default.js",
    "start": 1535452586103,
    "end": 1535452586104,
    "duration": 1,
    "pid": 2472,
    "index": 9
  },
  {
    "name": "Require(7) node_modules/_egg-multipart@2.1.0@egg-multipart/config/config.default.js",
    "start": 1535452586105,
    "end": 1535452586106,
    "duration": 1,
    "pid": 2472,
    "index": 10
  },
  {
    "name": "Require(8) node_modules/_egg-development@2.4.1@egg-development/config/config.default.js",
    "start": 1535452586107,
    "end": 1535452586108,
    "duration": 1,
    "pid": 2472,
    "index": 11
  },
  {
    "name": "Require(9) node_modules/_egg-schedule@3.3.0@egg-schedule/config/config.default.js",
    "start": 1535452586109,
    "end": 1535452586110,
    "duration": 1,
    "pid": 2472,
    "index": 12
  },
  {
    "name": "Require(10) node_modules/_egg-logrotator@3.0.3@egg-logrotator/config/config.default.js",
    "start": 1535452586111,
    "end": 1535452586112,
    "duration": 1,
    "pid": 2472,
    "index": 13
  },
  {
    "name": "Require(11) node_modules/_egg-static@2.1.1@egg-static/config/config.default.js",
    "start": 1535452586113,
    "end": 1535452586113,
    "duration": 0,
    "pid": 2472,
    "index": 14
  },
  {
    "name": "Require(12) node_modules/_egg-view@2.1.0@egg-view/config/config.default.js",
    "start": 1535452586114,
    "end": 1535452586115,
    "duration": 1,
    "pid": 2472,
    "index": 15
  },
  {
    "name": "Require(13) node_modules/_egg-view-ejs@2.0.0@egg-view-ejs/config/config.default.js",
    "start": 1535452586117,
    "end": 1535452586117,
    "duration": 0,
    "pid": 2472,
    "index": 16
  },
  {
    "name": "Require(14) node_modules/_egg-mysql@3.0.0@egg-mysql/config/config.default.js",
    "start": 1535452586119,
    "end": 1535452586119,
    "duration": 0,
    "pid": 2472,
    "index": 17
  },
  {
    "name": "Require(15) node_modules/_egg@2.10.0@egg/config/config.default.js",
    "start": 1535452586120,
    "end": 1535452586121,
    "duration": 1,
    "pid": 2472,
    "index": 18
  },
  {
    "name": "Require(16) config/config.default.js",
    "start": 1535452586125,
    "end": 1535452586125,
    "duration": 0,
    "pid": 2472,
    "index": 19
  },
  {
    "name": "Require(17) node_modules/_egg-security@2.2.3@egg-security/config/config.local.js",
    "start": 1535452586126,
    "end": 1535452586128,
    "duration": 2,
    "pid": 2472,
    "index": 20
  },
  {
    "name": "Require(18) node_modules/_egg-watcher@3.0.0@egg-watcher/config/config.local.js",
    "start": 1535452586130,
    "end": 1535452586131,
    "duration": 1,
    "pid": 2472,
    "index": 21
  },
  {
    "name": "Require(19) node_modules/_egg-view@2.1.0@egg-view/config/config.local.js",
    "start": 1535452586134,
    "end": 1535452586134,
    "duration": 0,
    "pid": 2472,
    "index": 22
  },
  {
    "name": "Require(20) node_modules/_egg-view-ejs@2.0.0@egg-view-ejs/config/config.local.js",
    "start": 1535452586135,
    "end": 1535452586136,
    "duration": 1,
    "pid": 2472,
    "index": 23
  },
  {
    "name": "Require(21) node_modules/_egg@2.10.0@egg/config/config.local.js",
    "start": 1535452586137,
    "end": 1535452586139,
    "duration": 2,
    "pid": 2472,
    "index": 24
  },
  {
    "name": "Load extend/application.js",
    "start": 1535452586147,
    "end": 1535452586179,
    "duration": 32,
    "pid": 2472,
    "index": 25
  },
  {
    "name": "Require(22) node_modules/_egg-session@3.1.0@egg-session/app/extend/application.js",
    "start": 1535452586149,
    "end": 1535452586149,
    "duration": 0,
    "pid": 2472,
    "index": 26
  },
  {
    "name": "Require(23) node_modules/_egg-security@2.2.3@egg-security/app/extend/application.js",
    "start": 1535452586150,
    "end": 1535452586154,
    "duration": 4,
    "pid": 2472,
    "index": 27
  },
  {
    "name": "Require(24) node_modules/_egg-jsonp@2.0.0@egg-jsonp/app/extend/application.js",
    "start": 1535452586155,
    "end": 1535452586159,
    "duration": 4,
    "pid": 2472,
    "index": 28
  },
  {
    "name": "Require(25) node_modules/_egg-logrotator@3.0.3@egg-logrotator/app/extend/application.js",
    "start": 1535452586162,
    "end": 1535452586167,
    "duration": 5,
    "pid": 2472,
    "index": 29
  },
  {
    "name": "Require(26) node_modules/_egg-view@2.1.0@egg-view/app/extend/application.js",
    "start": 1535452586168,
    "end": 1535452586172,
    "duration": 4,
    "pid": 2472,
    "index": 30
  },
  {
    "name": "Load extend/request.js",
    "start": 1535452586180,
    "end": 1535452586193,
    "duration": 13,
    "pid": 2472,
    "index": 31
  },
  {
    "name": "Require(27) node_modules/_egg@2.10.0@egg/app/extend/request.js",
    "start": 1535452586184,
    "end": 1535452586187,
    "duration": 3,
    "pid": 2472,
    "index": 32
  },
  {
    "name": "Load extend/response.js",
    "start": 1535452586193,
    "end": 1535452586213,
    "duration": 20,
    "pid": 2472,
    "index": 33
  },
  {
    "name": "Require(28) node_modules/_egg@2.10.0@egg/app/extend/response.js",
    "start": 1535452586198,
    "end": 1535452586207,
    "duration": 9,
    "pid": 2472,
    "index": 34
  },
  {
    "name": "Load extend/context.js",
    "start": 1535452586213,
    "end": 1535452586344,
    "duration": 131,
    "pid": 2472,
    "index": 35
  },
  {
    "name": "Require(29) node_modules/_egg-security@2.2.3@egg-security/app/extend/context.js",
    "start": 1535452586215,
    "end": 1535452586239,
    "duration": 24,
    "pid": 2472,
    "index": 36
  },
  {
    "name": "Require(30) node_modules/_egg-jsonp@2.0.0@egg-jsonp/app/extend/context.js",
    "start": 1535452586240,
    "end": 1535452586242,
    "duration": 2,
    "pid": 2472,
    "index": 37
  },
  {
    "name": "Require(31) node_modules/_egg-i18n@2.0.0@egg-i18n/app/extend/context.js",
    "start": 1535452586243,
    "end": 1535452586244,
    "duration": 1,
    "pid": 2472,
    "index": 38
  },
  {
    "name": "Require(32) node_modules/_egg-multipart@2.1.0@egg-multipart/app/extend/context.js",
    "start": 1535452586245,
    "end": 1535452586327,
    "duration": 82,
    "pid": 2472,
    "index": 39
  },
  {
    "name": "Require(33) node_modules/_egg-view@2.1.0@egg-view/app/extend/context.js",
    "start": 1535452586329,
    "end": 1535452586331,
    "duration": 2,
    "pid": 2472,
    "index": 40
  },
  {
    "name": "Require(34) node_modules/_egg@2.10.0@egg/app/extend/context.js",
    "start": 1535452586332,
    "end": 1535452586336,
    "duration": 4,
    "pid": 2472,
    "index": 41
  },
  {
    "name": "Load extend/helper.js",
    "start": 1535452586344,
    "end": 1535452586397,
    "duration": 53,
    "pid": 2472,
    "index": 42
  },
  {
    "name": "Require(35) node_modules/_egg-security@2.2.3@egg-security/app/extend/helper.js",
    "start": 1535452586346,
    "end": 1535452586383,
    "duration": 37,
    "pid": 2472,
    "index": 43
  },
  {
    "name": "Require(36) node_modules/_egg@2.10.0@egg/app/extend/helper.js",
    "start": 1535452586390,
    "end": 1535452586390,
    "duration": 0,
    "pid": 2472,
    "index": 44
  },
  {
    "name": "Load app.js",
    "start": 1535452586397,
    "end": 1535452586728,
    "duration": 331,
    "pid": 2472,
    "index": 45
  },
  {
    "name": "Require(37) node_modules/_egg-session@3.1.0@egg-session/app.js",
    "start": 1535452586398,
    "end": 1535452586398,
    "duration": 0,
    "pid": 2472,
    "index": 46
  },
  {
    "name": "Require(38) node_modules/_egg-security@2.2.3@egg-security/app.js",
    "start": 1535452586399,
    "end": 1535452586403,
    "duration": 4,
    "pid": 2472,
    "index": 47
  },
  {
    "name": "Require(39) node_modules/_egg-onerror@2.1.0@egg-onerror/app.js",
    "start": 1535452586405,
    "end": 1535452586422,
    "duration": 17,
    "pid": 2472,
    "index": 48
  },
  {
    "name": "Require(40) node_modules/_egg-i18n@2.0.0@egg-i18n/app.js",
    "start": 1535452586423,
    "end": 1535452586439,
    "duration": 16,
    "pid": 2472,
    "index": 49
  },
  {
    "name": "Require(41) node_modules/_egg-watcher@3.0.0@egg-watcher/app.js",
    "start": 1535452586444,
    "end": 1535452586452,
    "duration": 8,
    "pid": 2472,
    "index": 50
  },
  {
    "name": "Before Start in node_modules/_egg-watcher@3.0.0@egg-watcher/app.js:15:7",
    "start": 1535452586470,
    "end": 1535452586951,
    "duration": 481,
    "pid": 2472,
    "index": 51
  },
  {
    "name": "Require(42) node_modules/_egg-multipart@2.1.0@egg-multipart/app.js",
    "start": 1535452586472,
    "end": 1535452586478,
    "duration": 6,
    "pid": 2472,
    "index": 52
  },
  {
    "name": "Require(43) node_modules/_egg-development@2.4.1@egg-development/app.js",
    "start": 1535452586479,
    "end": 1535452586480,
    "duration": 1,
    "pid": 2472,
    "index": 53
  },
  {
    "name": "Require(44) node_modules/_egg-schedule@3.3.0@egg-schedule/app.js",
    "start": 1535452586481,
    "end": 1535452586485,
    "duration": 4,
    "pid": 2472,
    "index": 54
  },
  {
    "name": "Require(45) node_modules/_egg-logrotator@3.0.3@egg-logrotator/app.js",
    "start": 1535452586550,
    "end": 1535452586551,
    "duration": 1,
    "pid": 2472,
    "index": 55
  },
  {
    "name": "Require(46) node_modules/_egg-static@2.1.1@egg-static/app.js",
    "start": 1535452586551,
    "end": 1535452586552,
    "duration": 1,
    "pid": 2472,
    "index": 56
  },
  {
    "name": "Require(47) node_modules/_egg-view-ejs@2.0.0@egg-view-ejs/app.js",
    "start": 1535452586554,
    "end": 1535452586554,
    "duration": 0,
    "pid": 2472,
    "index": 57
  },
  {
    "name": "Require(48) node_modules/_egg-mysql@3.0.0@egg-mysql/app.js",
    "start": 1535452586562,
    "end": 1535452586591,
    "duration": 29,
    "pid": 2472,
    "index": 58
  },
  {
    "name": "Before Start in node_modules/_egg-mysql@3.0.0@egg-mysql/lib/mysql.js:20:7",
    "start": 1535452586726,
    "end": 1535452586957,
    "duration": 231,
    "pid": 2472,
    "index": 59
  },
  {
    "name": "Load Service",
    "start": 1535452586728,
    "end": 1535452586736,
    "duration": 8,
    "pid": 2472,
    "index": 60
  },
  {
    "name": "Load \"service\" to Context",
    "start": 1535452586728,
    "end": 1535452586736,
    "duration": 8,
    "pid": 2472,
    "index": 61
  },
  {
    "name": "Load Middleware",
    "start": 1535452586737,
    "end": 1535452586895,
    "duration": 158,
    "pid": 2472,
    "index": 62
  },
  {
    "name": "Load \"middlewares\" to Application",
    "start": 1535452586737,
    "end": 1535452586872,
    "duration": 135,
    "pid": 2472,
    "index": 63
  },
  {
    "name": "Load Controller",
    "start": 1535452586895,
    "end": 1535452586899,
    "duration": 4,
    "pid": 2472,
    "index": 64
  },
  {
    "name": "Load \"controller\" to Application",
    "start": 1535452586895,
    "end": 1535452586899,
    "duration": 4,
    "pid": 2472,
    "index": 65
  },
  {
    "name": "Load Router",
    "start": 1535452586899,
    "end": 1535452586902,
    "duration": 3,
    "pid": 2472,
    "index": 66
  },
  {
    "name": "Require(49) app/router.js",
    "start": 1535452586899,
    "end": 1535452586900,
    "duration": 1,
    "pid": 2472,
    "index": 67
  },
  {
    "name": "Before Start in node_modules/_egg-core@4.9.1@egg-core/lib/egg.js:328:10",
    "start": 1535452586900,
    "end": 1535452586926,
    "duration": 26,
    "pid": 2472,
    "index": 68
  }
]