[
  {
    "name": "Application Start",
    "start": 1535453051329,
    "end": 1535453052290,
    "duration": 961,
    "pid": 7396,
    "index": 0
  },
  {
    "name": "Load Plugin",
    "start": 1535453051337,
    "end": 1535453051386,
    "duration": 49,
    "pid": 7396,
    "index": 1
  },
  {
    "name": "Load Config",
    "start": 1535453051386,
    "end": 1535453051429,
    "duration": 43,
    "pid": 7396,
    "index": 2
  },
  {
    "name": "Require(0) config/config.default.js",
    "start": 1535453051387,
    "end": 1535453051388,
    "duration": 1,
    "pid": 7396,
    "index": 3
  },
  {
    "name": "Require(1) node_modules/_egg-session@3.1.0@egg-session/config/config.default.js",
    "start": 1535453051390,
    "end": 1535453051391,
    "duration": 1,
    "pid": 7396,
    "index": 4
  },
  {
    "name": "Require(2) node_modules/_egg-security@2.2.3@egg-security/config/config.default.js",
    "start": 1535453051392,
    "end": 1535453051393,
    "duration": 1,
    "pid": 7396,
    "index": 5
  },
  {
    "name": "Require(3) node_modules/_egg-jsonp@2.0.0@egg-jsonp/config/config.default.js",
    "start": 1535453051395,
    "end": 1535453051395,
    "duration": 0,
    "pid": 7396,
    "index": 6
  },
  {
    "name": "Require(4) node_modules/_egg-onerror@2.1.0@egg-onerror/config/config.default.js",
    "start": 1535453051396,
    "end": 1535453051397,
    "duration": 1,
    "pid": 7396,
    "index": 7
  },
  {
    "name": "Require(5) node_modules/_egg-i18n@2.0.0@egg-i18n/config/config.default.js",
    "start": 1535453051398,
    "end": 1535453051398,
    "duration": 0,
    "pid": 7396,
    "index": 8
  },
  {
    "name": "Require(6) node_modules/_egg-watcher@3.0.0@egg-watcher/config/config.default.js",
    "start": 1535453051399,
    "end": 1535453051400,
    "duration": 1,
    "pid": 7396,
    "index": 9
  },
  {
    "name": "Require(7) node_modules/_egg-multipart@2.1.0@egg-multipart/config/config.default.js",
    "start": 1535453051401,
    "end": 1535453051402,
    "duration": 1,
    "pid": 7396,
    "index": 10
  },
  {
    "name": "Require(8) node_modules/_egg-development@2.4.1@egg-development/config/config.default.js",
    "start": 1535453051403,
    "end": 1535453051404,
    "duration": 1,
    "pid": 7396,
    "index": 11
  },
  {
    "name": "Require(9) node_modules/_egg-schedule@3.3.0@egg-schedule/config/config.default.js",
    "start": 1535453051405,
    "end": 1535453051405,
    "duration": 0,
    "pid": 7396,
    "index": 12
  },
  {
    "name": "Require(10) node_modules/_egg-logrotator@3.0.3@egg-logrotator/config/config.default.js",
    "start": 1535453051406,
    "end": 1535453051406,
    "duration": 0,
    "pid": 7396,
    "index": 13
  },
  {
    "name": "Require(11) node_modules/_egg-static@2.1.1@egg-static/config/config.default.js",
    "start": 1535453051407,
    "end": 1535453051407,
    "duration": 0,
    "pid": 7396,
    "index": 14
  },
  {
    "name": "Require(12) node_modules/_egg-view@2.1.0@egg-view/config/config.default.js",
    "start": 1535453051409,
    "end": 1535453051409,
    "duration": 0,
    "pid": 7396,
    "index": 15
  },
  {
    "name": "Require(13) node_modules/_egg-view-ejs@2.0.0@egg-view-ejs/config/config.default.js",
    "start": 1535453051410,
    "end": 1535453051411,
    "duration": 1,
    "pid": 7396,
    "index": 16
  },
  {
    "name": "Require(14) node_modules/_egg-mysql@3.0.0@egg-mysql/config/config.default.js",
    "start": 1535453051412,
    "end": 1535453051412,
    "duration": 0,
    "pid": 7396,
    "index": 17
  },
  {
    "name": "Require(15) node_modules/_egg@2.10.0@egg/config/config.default.js",
    "start": 1535453051413,
    "end": 1535453051414,
    "duration": 1,
    "pid": 7396,
    "index": 18
  },
  {
    "name": "Require(16) config/config.default.js",
    "start": 1535453051417,
    "end": 1535453051417,
    "duration": 0,
    "pid": 7396,
    "index": 19
  },
  {
    "name": "Require(17) node_modules/_egg-security@2.2.3@egg-security/config/config.local.js",
    "start": 1535453051419,
    "end": 1535453051419,
    "duration": 0,
    "pid": 7396,
    "index": 20
  },
  {
    "name": "Require(18) node_modules/_egg-watcher@3.0.0@egg-watcher/config/config.local.js",
    "start": 1535453051422,
    "end": 1535453051422,
    "duration": 0,
    "pid": 7396,
    "index": 21
  },
  {
    "name": "Require(19) node_modules/_egg-view@2.1.0@egg-view/config/config.local.js",
    "start": 1535453051425,
    "end": 1535453051425,
    "duration": 0,
    "pid": 7396,
    "index": 22
  },
  {
    "name": "Require(20) node_modules/_egg-view-ejs@2.0.0@egg-view-ejs/config/config.local.js",
    "start": 1535453051426,
    "end": 1535453051427,
    "duration": 1,
    "pid": 7396,
    "index": 23
  },
  {
    "name": "Require(21) node_modules/_egg@2.10.0@egg/config/config.local.js",
    "start": 1535453051428,
    "end": 1535453051428,
    "duration": 0,
    "pid": 7396,
    "index": 24
  },
  {
    "name": "Load extend/application.js",
    "start": 1535453051430,
    "end": 1535453051467,
    "duration": 37,
    "pid": 7396,
    "index": 25
  },
  {
    "name": "Require(22) node_modules/_egg-session@3.1.0@egg-session/app/extend/application.js",
    "start": 1535453051431,
    "end": 1535453051432,
    "duration": 1,
    "pid": 7396,
    "index": 26
  },
  {
    "name": "Require(23) node_modules/_egg-security@2.2.3@egg-security/app/extend/application.js",
    "start": 1535453051433,
    "end": 1535453051436,
    "duration": 3,
    "pid": 7396,
    "index": 27
  },
  {
    "name": "Require(24) node_modules/_egg-jsonp@2.0.0@egg-jsonp/app/extend/application.js",
    "start": 1535453051437,
    "end": 1535453051442,
    "duration": 5,
    "pid": 7396,
    "index": 28
  },
  {
    "name": "Require(25) node_modules/_egg-logrotator@3.0.3@egg-logrotator/app/extend/application.js",
    "start": 1535453051445,
    "end": 1535453051453,
    "duration": 8,
    "pid": 7396,
    "index": 29
  },
  {
    "name": "Require(26) node_modules/_egg-view@2.1.0@egg-view/app/extend/application.js",
    "start": 1535453051455,
    "end": 1535453051458,
    "duration": 3,
    "pid": 7396,
    "index": 30
  },
  {
    "name": "Load extend/request.js",
    "start": 1535453051467,
    "end": 1535453051485,
    "duration": 18,
    "pid": 7396,
    "index": 31
  },
  {
    "name": "Require(27) node_modules/_egg@2.10.0@egg/app/extend/request.js",
    "start": 1535453051475,
    "end": 1535453051479,
    "duration": 4,
    "pid": 7396,
    "index": 32
  },
  {
    "name": "Load extend/response.js",
    "start": 1535453051485,
    "end": 1535453051501,
    "duration": 16,
    "pid": 7396,
    "index": 33
  },
  {
    "name": "Require(28) node_modules/_egg@2.10.0@egg/app/extend/response.js",
    "start": 1535453051491,
    "end": 1535453051495,
    "duration": 4,
    "pid": 7396,
    "index": 34
  },
  {
    "name": "Load extend/context.js",
    "start": 1535453051502,
    "end": 1535453051651,
    "duration": 149,
    "pid": 7396,
    "index": 35
  },
  {
    "name": "Require(29) node_modules/_egg-security@2.2.3@egg-security/app/extend/context.js",
    "start": 1535453051503,
    "end": 1535453051528,
    "duration": 25,
    "pid": 7396,
    "index": 36
  },
  {
    "name": "Require(30) node_modules/_egg-jsonp@2.0.0@egg-jsonp/app/extend/context.js",
    "start": 1535453051529,
    "end": 1535453051533,
    "duration": 4,
    "pid": 7396,
    "index": 37
  },
  {
    "name": "Require(31) node_modules/_egg-i18n@2.0.0@egg-i18n/app/extend/context.js",
    "start": 1535453051534,
    "end": 1535453051534,
    "duration": 0,
    "pid": 7396,
    "index": 38
  },
  {
    "name": "Require(32) node_modules/_egg-multipart@2.1.0@egg-multipart/app/extend/context.js",
    "start": 1535453051535,
    "end": 1535453051630,
    "duration": 95,
    "pid": 7396,
    "index": 39
  },
  {
    "name": "Require(33) node_modules/_egg-view@2.1.0@egg-view/app/extend/context.js",
    "start": 1535453051632,
    "end": 1535453051635,
    "duration": 3,
    "pid": 7396,
    "index": 40
  },
  {
    "name": "Require(34) node_modules/_egg@2.10.0@egg/app/extend/context.js",
    "start": 1535453051637,
    "end": 1535453051641,
    "duration": 4,
    "pid": 7396,
    "index": 41
  },
  {
    "name": "Load extend/helper.js",
    "start": 1535453051651,
    "end": 1535453051692,
    "duration": 41,
    "pid": 7396,
    "index": 42
  },
  {
    "name": "Require(35) node_modules/_egg-security@2.2.3@egg-security/app/extend/helper.js",
    "start": 1535453051653,
    "end": 1535453051680,
    "duration": 27,
    "pid": 7396,
    "index": 43
  },
  {
    "name": "Require(36) node_modules/_egg@2.10.0@egg/app/extend/helper.js",
    "start": 1535453051684,
    "end": 1535453051685,
    "duration": 1,
    "pid": 7396,
    "index": 44
  },
  {
    "name": "Load app.js",
    "start": 1535453051692,
    "end": 1535453052020,
    "duration": 328,
    "pid": 7396,
    "index": 45
  },
  {
    "name": "Require(37) node_modules/_egg-session@3.1.0@egg-session/app.js",
    "start": 1535453051693,
    "end": 1535453051693,
    "duration": 0,
    "pid": 7396,
    "index": 46
  },
  {
    "name": "Require(38) node_modules/_egg-security@2.2.3@egg-security/app.js",
    "start": 1535453051695,
    "end": 1535453051700,
    "duration": 5,
    "pid": 7396,
    "index": 47
  },
  {
    "name": "Require(39) node_modules/_egg-onerror@2.1.0@egg-onerror/app.js",
    "start": 1535453051702,
    "end": 1535453051728,
    "duration": 26,
    "pid": 7396,
    "index": 48
  },
  {
    "name": "Require(40) node_modules/_egg-i18n@2.0.0@egg-i18n/app.js",
    "start": 1535453051730,
    "end": 1535453051747,
    "duration": 17,
    "pid": 7396,
    "index": 49
  },
  {
    "name": "Require(41) node_modules/_egg-watcher@3.0.0@egg-watcher/app.js",
    "start": 1535453051754,
    "end": 1535453051761,
    "duration": 7,
    "pid": 7396,
    "index": 50
  },
  {
    "name": "Before Start in node_modules/_egg-watcher@3.0.0@egg-watcher/app.js:15:7",
    "start": 1535453051776,
    "end": 1535453052288,
    "duration": 512,
    "pid": 7396,
    "index": 51
  },
  {
    "name": "Require(42) node_modules/_egg-multipart@2.1.0@egg-multipart/app.js",
    "start": 1535453051778,
    "end": 1535453051783,
    "duration": 5,
    "pid": 7396,
    "index": 52
  },
  {
    "name": "Require(43) node_modules/_egg-development@2.4.1@egg-development/app.js",
    "start": 1535453051785,
    "end": 1535453051785,
    "duration": 0,
    "pid": 7396,
    "index": 53
  },
  {
    "name": "Require(44) node_modules/_egg-schedule@3.3.0@egg-schedule/app.js",
    "start": 1535453051786,
    "end": 1535453051790,
    "duration": 4,
    "pid": 7396,
    "index": 54
  },
  {
    "name": "Require(45) node_modules/_egg-logrotator@3.0.3@egg-logrotator/app.js",
    "start": 1535453051853,
    "end": 1535453051854,
    "duration": 1,
    "pid": 7396,
    "index": 55
  },
  {
    "name": "Require(46) node_modules/_egg-static@2.1.1@egg-static/app.js",
    "start": 1535453051854,
    "end": 1535453051855,
    "duration": 1,
    "pid": 7396,
    "index": 56
  },
  {
    "name": "Require(47) node_modules/_egg-view-ejs@2.0.0@egg-view-ejs/app.js",
    "start": 1535453051856,
    "end": 1535453051856,
    "duration": 0,
    "pid": 7396,
    "index": 57
  },
  {
    "name": "Require(48) node_modules/_egg-mysql@3.0.0@egg-mysql/app.js",
    "start": 1535453051864,
    "end": 1535453051898,
    "duration": 34,
    "pid": 7396,
    "index": 58
  },
  {
    "name": "Before Start in node_modules/_egg-mysql@3.0.0@egg-mysql/lib/mysql.js:20:7",
    "start": 1535453052018,
    "end": 1535453052290,
    "duration": 272,
    "pid": 7396,
    "index": 59
  },
  {
    "name": "Load Service",
    "start": 1535453052020,
    "end": 1535453052028,
    "duration": 8,
    "pid": 7396,
    "index": 60
  },
  {
    "name": "Load \"service\" to Context",
    "start": 1535453052021,
    "end": 1535453052028,
    "duration": 7,
    "pid": 7396,
    "index": 61
  },
  {
    "name": "Load Middleware",
    "start": 1535453052029,
    "end": 1535453052210,
    "duration": 181,
    "pid": 7396,
    "index": 62
  },
  {
    "name": "Load \"middlewares\" to Application",
    "start": 1535453052029,
    "end": 1535453052180,
    "duration": 151,
    "pid": 7396,
    "index": 63
  },
  {
    "name": "Load Controller",
    "start": 1535453052210,
    "end": 1535453052215,
    "duration": 5,
    "pid": 7396,
    "index": 64
  },
  {
    "name": "Load \"controller\" to Application",
    "start": 1535453052210,
    "end": 1535453052215,
    "duration": 5,
    "pid": 7396,
    "index": 65
  },
  {
    "name": "Load Router",
    "start": 1535453052215,
    "end": 1535453052220,
    "duration": 5,
    "pid": 7396,
    "index": 66
  },
  {
    "name": "Require(49) app/router.js",
    "start": 1535453052216,
    "end": 1535453052216,
    "duration": 0,
    "pid": 7396,
    "index": 67
  },
  {
    "name": "Before Start in node_modules/_egg-core@4.9.1@egg-core/lib/egg.js:328:10",
    "start": 1535453052217,
    "end": 1535453052256,
    "duration": 39,
    "pid": 7396,
    "index": 68
  }
]