[
  {
    "name": "Application Start",
    "start": 1535452644708,
    "end": 1535452645473,
    "duration": 765,
    "pid": 17864,
    "index": 0
  },
  {
    "name": "Load Plugin",
    "start": 1535452644716,
    "end": 1535452644771,
    "duration": 55,
    "pid": 17864,
    "index": 1
  },
  {
    "name": "Load Config",
    "start": 1535452644772,
    "end": 1535452644826,
    "duration": 54,
    "pid": 17864,
    "index": 2
  },
  {
    "name": "Require(0) config/config.default.js",
    "start": 1535452644773,
    "end": 1535452644774,
    "duration": 1,
    "pid": 17864,
    "index": 3
  },
  {
    "name": "Require(1) node_modules/_egg-session@3.1.0@egg-session/config/config.default.js",
    "start": 1535452644778,
    "end": 1535452644779,
    "duration": 1,
    "pid": 17864,
    "index": 4
  },
  {
    "name": "Require(2) node_modules/_egg-security@2.2.3@egg-security/config/config.default.js",
    "start": 1535452644779,
    "end": 1535452644780,
    "duration": 1,
    "pid": 17864,
    "index": 5
  },
  {
    "name": "Require(3) node_modules/_egg-jsonp@2.0.0@egg-jsonp/config/config.default.js",
    "start": 1535452644781,
    "end": 1535452644782,
    "duration": 1,
    "pid": 17864,
    "index": 6
  },
  {
    "name": "Require(4) node_modules/_egg-onerror@2.1.0@egg-onerror/config/config.default.js",
    "start": 1535452644783,
    "end": 1535452644783,
    "duration": 0,
    "pid": 17864,
    "index": 7
  },
  {
    "name": "Require(5) node_modules/_egg-i18n@2.0.0@egg-i18n/config/config.default.js",
    "start": 1535452644784,
    "end": 1535452644785,
    "duration": 1,
    "pid": 17864,
    "index": 8
  },
  {
    "name": "Require(6) node_modules/_egg-watcher@3.0.0@egg-watcher/config/config.default.js",
    "start": 1535452644786,
    "end": 1535452644787,
    "duration": 1,
    "pid": 17864,
    "index": 9
  },
  {
    "name": "Require(7) node_modules/_egg-multipart@2.1.0@egg-multipart/config/config.default.js",
    "start": 1535452644788,
    "end": 1535452644789,
    "duration": 1,
    "pid": 17864,
    "index": 10
  },
  {
    "name": "Require(8) node_modules/_egg-development@2.4.1@egg-development/config/config.default.js",
    "start": 1535452644790,
    "end": 1535452644790,
    "duration": 0,
    "pid": 17864,
    "index": 11
  },
  {
    "name": "Require(9) node_modules/_egg-schedule@3.3.0@egg-schedule/config/config.default.js",
    "start": 1535452644791,
    "end": 1535452644793,
    "duration": 2,
    "pid": 17864,
    "index": 12
  },
  {
    "name": "Require(10) node_modules/_egg-logrotator@3.0.3@egg-logrotator/config/config.default.js",
    "start": 1535452644795,
    "end": 1535452644795,
    "duration": 0,
    "pid": 17864,
    "index": 13
  },
  {
    "name": "Require(11) node_modules/_egg-static@2.1.1@egg-static/config/config.default.js",
    "start": 1535452644796,
    "end": 1535452644797,
    "duration": 1,
    "pid": 17864,
    "index": 14
  },
  {
    "name": "Require(12) node_modules/_egg-view@2.1.0@egg-view/config/config.default.js",
    "start": 1535452644798,
    "end": 1535452644799,
    "duration": 1,
    "pid": 17864,
    "index": 15
  },
  {
    "name": "Require(13) node_modules/_egg-view-ejs@2.0.0@egg-view-ejs/config/config.default.js",
    "start": 1535452644800,
    "end": 1535452644801,
    "duration": 1,
    "pid": 17864,
    "index": 16
  },
  {
    "name": "Require(14) node_modules/_egg-mysql@3.0.0@egg-mysql/config/config.default.js",
    "start": 1535452644802,
    "end": 1535452644803,
    "duration": 1,
    "pid": 17864,
    "index": 17
  },
  {
    "name": "Require(15) node_modules/_egg@2.10.0@egg/config/config.default.js",
    "start": 1535452644804,
    "end": 1535452644805,
    "duration": 1,
    "pid": 17864,
    "index": 18
  },
  {
    "name": "Require(16) config/config.default.js",
    "start": 1535452644809,
    "end": 1535452644809,
    "duration": 0,
    "pid": 17864,
    "index": 19
  },
  {
    "name": "Require(17) node_modules/_egg-security@2.2.3@egg-security/config/config.local.js",
    "start": 1535452644811,
    "end": 1535452644811,
    "duration": 0,
    "pid": 17864,
    "index": 20
  },
  {
    "name": "Require(18) node_modules/_egg-watcher@3.0.0@egg-watcher/config/config.local.js",
    "start": 1535452644814,
    "end": 1535452644815,
    "duration": 1,
    "pid": 17864,
    "index": 21
  },
  {
    "name": "Require(19) node_modules/_egg-view@2.1.0@egg-view/config/config.local.js",
    "start": 1535452644818,
    "end": 1535452644818,
    "duration": 0,
    "pid": 17864,
    "index": 22
  },
  {
    "name": "Require(20) node_modules/_egg-view-ejs@2.0.0@egg-view-ejs/config/config.local.js",
    "start": 1535452644819,
    "end": 1535452644820,
    "duration": 1,
    "pid": 17864,
    "index": 23
  },
  {
    "name": "Require(21) node_modules/_egg@2.10.0@egg/config/config.local.js",
    "start": 1535452644821,
    "end": 1535452644826,
    "duration": 5,
    "pid": 17864,
    "index": 24
  },
  {
    "name": "Load extend/application.js",
    "start": 1535452644828,
    "end": 1535452644853,
    "duration": 25,
    "pid": 17864,
    "index": 25
  },
  {
    "name": "Require(22) node_modules/_egg-session@3.1.0@egg-session/app/extend/application.js",
    "start": 1535452644830,
    "end": 1535452644830,
    "duration": 0,
    "pid": 17864,
    "index": 26
  },
  {
    "name": "Require(23) node_modules/_egg-security@2.2.3@egg-security/app/extend/application.js",
    "start": 1535452644831,
    "end": 1535452644833,
    "duration": 2,
    "pid": 17864,
    "index": 27
  },
  {
    "name": "Require(24) node_modules/_egg-jsonp@2.0.0@egg-jsonp/app/extend/application.js",
    "start": 1535452644834,
    "end": 1535452644837,
    "duration": 3,
    "pid": 17864,
    "index": 28
  },
  {
    "name": "Require(25) node_modules/_egg-logrotator@3.0.3@egg-logrotator/app/extend/application.js",
    "start": 1535452644839,
    "end": 1535452644844,
    "duration": 5,
    "pid": 17864,
    "index": 29
  },
  {
    "name": "Require(26) node_modules/_egg-view@2.1.0@egg-view/app/extend/application.js",
    "start": 1535452644845,
    "end": 1535452644847,
    "duration": 2,
    "pid": 17864,
    "index": 30
  },
  {
    "name": "Load extend/request.js",
    "start": 1535452644853,
    "end": 1535452644867,
    "duration": 14,
    "pid": 17864,
    "index": 31
  },
  {
    "name": "Require(27) node_modules/_egg@2.10.0@egg/app/extend/request.js",
    "start": 1535452644858,
    "end": 1535452644861,
    "duration": 3,
    "pid": 17864,
    "index": 32
  },
  {
    "name": "Load extend/response.js",
    "start": 1535452644867,
    "end": 1535452644881,
    "duration": 14,
    "pid": 17864,
    "index": 33
  },
  {
    "name": "Require(28) node_modules/_egg@2.10.0@egg/app/extend/response.js",
    "start": 1535452644872,
    "end": 1535452644876,
    "duration": 4,
    "pid": 17864,
    "index": 34
  },
  {
    "name": "Load extend/context.js",
    "start": 1535452644881,
    "end": 1535452644979,
    "duration": 98,
    "pid": 17864,
    "index": 35
  },
  {
    "name": "Require(29) node_modules/_egg-security@2.2.3@egg-security/app/extend/context.js",
    "start": 1535452644882,
    "end": 1535452644908,
    "duration": 26,
    "pid": 17864,
    "index": 36
  },
  {
    "name": "Require(30) node_modules/_egg-jsonp@2.0.0@egg-jsonp/app/extend/context.js",
    "start": 1535452644909,
    "end": 1535452644911,
    "duration": 2,
    "pid": 17864,
    "index": 37
  },
  {
    "name": "Require(31) node_modules/_egg-i18n@2.0.0@egg-i18n/app/extend/context.js",
    "start": 1535452644912,
    "end": 1535452644912,
    "duration": 0,
    "pid": 17864,
    "index": 38
  },
  {
    "name": "Require(32) node_modules/_egg-multipart@2.1.0@egg-multipart/app/extend/context.js",
    "start": 1535452644913,
    "end": 1535452644967,
    "duration": 54,
    "pid": 17864,
    "index": 39
  },
  {
    "name": "Require(33) node_modules/_egg-view@2.1.0@egg-view/app/extend/context.js",
    "start": 1535452644969,
    "end": 1535452644971,
    "duration": 2,
    "pid": 17864,
    "index": 40
  },
  {
    "name": "Require(34) node_modules/_egg@2.10.0@egg/app/extend/context.js",
    "start": 1535452644972,
    "end": 1535452644974,
    "duration": 2,
    "pid": 17864,
    "index": 41
  },
  {
    "name": "Load extend/helper.js",
    "start": 1535452644979,
    "end": 1535452645013,
    "duration": 34,
    "pid": 17864,
    "index": 42
  },
  {
    "name": "Require(35) node_modules/_egg-security@2.2.3@egg-security/app/extend/helper.js",
    "start": 1535452644980,
    "end": 1535452645005,
    "duration": 25,
    "pid": 17864,
    "index": 43
  },
  {
    "name": "Require(36) node_modules/_egg@2.10.0@egg/app/extend/helper.js",
    "start": 1535452645008,
    "end": 1535452645009,
    "duration": 1,
    "pid": 17864,
    "index": 44
  },
  {
    "name": "Load app.js",
    "start": 1535452645013,
    "end": 1535452645282,
    "duration": 269,
    "pid": 17864,
    "index": 45
  },
  {
    "name": "Require(37) node_modules/_egg-session@3.1.0@egg-session/app.js",
    "start": 1535452645014,
    "end": 1535452645014,
    "duration": 0,
    "pid": 17864,
    "index": 46
  },
  {
    "name": "Require(38) node_modules/_egg-security@2.2.3@egg-security/app.js",
    "start": 1535452645015,
    "end": 1535452645018,
    "duration": 3,
    "pid": 17864,
    "index": 47
  },
  {
    "name": "Require(39) node_modules/_egg-onerror@2.1.0@egg-onerror/app.js",
    "start": 1535452645020,
    "end": 1535452645034,
    "duration": 14,
    "pid": 17864,
    "index": 48
  },
  {
    "name": "Require(40) node_modules/_egg-i18n@2.0.0@egg-i18n/app.js",
    "start": 1535452645036,
    "end": 1535452645048,
    "duration": 12,
    "pid": 17864,
    "index": 49
  },
  {
    "name": "Require(41) node_modules/_egg-watcher@3.0.0@egg-watcher/app.js",
    "start": 1535452645053,
    "end": 1535452645059,
    "duration": 6,
    "pid": 17864,
    "index": 50
  },
  {
    "name": "Before Start in node_modules/_egg-watcher@3.0.0@egg-watcher/app.js:15:7",
    "start": 1535452645070,
    "end": 1535452645468,
    "duration": 398,
    "pid": 17864,
    "index": 51
  },
  {
    "name": "Require(42) node_modules/_egg-multipart@2.1.0@egg-multipart/app.js",
    "start": 1535452645071,
    "end": 1535452645076,
    "duration": 5,
    "pid": 17864,
    "index": 52
  },
  {
    "name": "Require(43) node_modules/_egg-development@2.4.1@egg-development/app.js",
    "start": 1535452645078,
    "end": 1535452645078,
    "duration": 0,
    "pid": 17864,
    "index": 53
  },
  {
    "name": "Require(44) node_modules/_egg-schedule@3.3.0@egg-schedule/app.js",
    "start": 1535452645079,
    "end": 1535452645082,
    "duration": 3,
    "pid": 17864,
    "index": 54
  },
  {
    "name": "Require(45) node_modules/_egg-logrotator@3.0.3@egg-logrotator/app.js",
    "start": 1535452645133,
    "end": 1535452645134,
    "duration": 1,
    "pid": 17864,
    "index": 55
  },
  {
    "name": "Require(46) node_modules/_egg-static@2.1.1@egg-static/app.js",
    "start": 1535452645134,
    "end": 1535452645135,
    "duration": 1,
    "pid": 17864,
    "index": 56
  },
  {
    "name": "Require(47) node_modules/_egg-view-ejs@2.0.0@egg-view-ejs/app.js",
    "start": 1535452645136,
    "end": 1535452645137,
    "duration": 1,
    "pid": 17864,
    "index": 57
  },
  {
    "name": "Require(48) node_modules/_egg-mysql@3.0.0@egg-mysql/app.js",
    "start": 1535452645147,
    "end": 1535452645171,
    "duration": 24,
    "pid": 17864,
    "index": 58
  },
  {
    "name": "Before Start in node_modules/_egg-mysql@3.0.0@egg-mysql/lib/mysql.js:20:7",
    "start": 1535452645280,
    "end": 1535452645472,
    "duration": 192,
    "pid": 17864,
    "index": 59
  },
  {
    "name": "Load Service",
    "start": 1535452645282,
    "end": 1535452645289,
    "duration": 7,
    "pid": 17864,
    "index": 60
  },
  {
    "name": "Load \"service\" to Context",
    "start": 1535452645282,
    "end": 1535452645289,
    "duration": 7,
    "pid": 17864,
    "index": 61
  },
  {
    "name": "Load Middleware",
    "start": 1535452645289,
    "end": 1535452645424,
    "duration": 135,
    "pid": 17864,
    "index": 62
  },
  {
    "name": "Load \"middlewares\" to Application",
    "start": 1535452645289,
    "end": 1535452645407,
    "duration": 118,
    "pid": 17864,
    "index": 63
  },
  {
    "name": "Load Controller",
    "start": 1535452645424,
    "end": 1535452645427,
    "duration": 3,
    "pid": 17864,
    "index": 64
  },
  {
    "name": "Load \"controller\" to Application",
    "start": 1535452645424,
    "end": 1535452645427,
    "duration": 3,
    "pid": 17864,
    "index": 65
  },
  {
    "name": "Load Router",
    "start": 1535452645427,
    "end": 1535452645430,
    "duration": 3,
    "pid": 17864,
    "index": 66
  },
  {
    "name": "Require(49) app/router.js",
    "start": 1535452645428,
    "end": 1535452645428,
    "duration": 0,
    "pid": 17864,
    "index": 67
  },
  {
    "name": "Before Start in node_modules/_egg-core@4.9.1@egg-core/lib/egg.js:328:10",
    "start": 1535452645429,
    "end": 1535452645451,
    "duration": 22,
    "pid": 17864,
    "index": 68
  }
]