[
  {
    "name": "Application Start",
    "start": 1535454071852,
    "end": 1535454072603,
    "duration": 751,
    "pid": 16136,
    "index": 0
  },
  {
    "name": "Load Plugin",
    "start": 1535454071860,
    "end": 1535454071892,
    "duration": 32,
    "pid": 16136,
    "index": 1
  },
  {
    "name": "Load Config",
    "start": 1535454071893,
    "end": 1535454071929,
    "duration": 36,
    "pid": 16136,
    "index": 2
  },
  {
    "name": "Require(0) config/config.default.js",
    "start": 1535454071895,
    "end": 1535454071896,
    "duration": 1,
    "pid": 16136,
    "index": 3
  },
  {
    "name": "Require(1) node_modules/_egg-session@3.1.0@egg-session/config/config.default.js",
    "start": 1535454071898,
    "end": 1535454071899,
    "duration": 1,
    "pid": 16136,
    "index": 4
  },
  {
    "name": "Require(2) node_modules/_egg-security@2.2.3@egg-security/config/config.default.js",
    "start": 1535454071900,
    "end": 1535454071901,
    "duration": 1,
    "pid": 16136,
    "index": 5
  },
  {
    "name": "Require(3) node_modules/_egg-jsonp@2.0.0@egg-jsonp/config/config.default.js",
    "start": 1535454071904,
    "end": 1535454071904,
    "duration": 0,
    "pid": 16136,
    "index": 6
  },
  {
    "name": "Require(4) node_modules/_egg-onerror@2.1.0@egg-onerror/config/config.default.js",
    "start": 1535454071905,
    "end": 1535454071906,
    "duration": 1,
    "pid": 16136,
    "index": 7
  },
  {
    "name": "Require(5) node_modules/_egg-i18n@2.0.0@egg-i18n/config/config.default.js",
    "start": 1535454071906,
    "end": 1535454071907,
    "duration": 1,
    "pid": 16136,
    "index": 8
  },
  {
    "name": "Require(6) node_modules/_egg-watcher@3.0.0@egg-watcher/config/config.default.js",
    "start": 1535454071908,
    "end": 1535454071908,
    "duration": 0,
    "pid": 16136,
    "index": 9
  },
  {
    "name": "Require(7) node_modules/_egg-multipart@2.1.0@egg-multipart/config/config.default.js",
    "start": 1535454071909,
    "end": 1535454071909,
    "duration": 0,
    "pid": 16136,
    "index": 10
  },
  {
    "name": "Require(8) node_modules/_egg-development@2.4.1@egg-development/config/config.default.js",
    "start": 1535454071910,
    "end": 1535454071911,
    "duration": 1,
    "pid": 16136,
    "index": 11
  },
  {
    "name": "Require(9) node_modules/_egg-schedule@3.3.0@egg-schedule/config/config.default.js",
    "start": 1535454071911,
    "end": 1535454071912,
    "duration": 1,
    "pid": 16136,
    "index": 12
  },
  {
    "name": "Require(10) node_modules/_egg-logrotator@3.0.3@egg-logrotator/config/config.default.js",
    "start": 1535454071912,
    "end": 1535454071913,
    "duration": 1,
    "pid": 16136,
    "index": 13
  },
  {
    "name": "Require(11) node_modules/_egg-static@2.1.1@egg-static/config/config.default.js",
    "start": 1535454071913,
    "end": 1535454071914,
    "duration": 1,
    "pid": 16136,
    "index": 14
  },
  {
    "name": "Require(12) node_modules/_egg-view@2.1.0@egg-view/config/config.default.js",
    "start": 1535454071914,
    "end": 1535454071915,
    "duration": 1,
    "pid": 16136,
    "index": 15
  },
  {
    "name": "Require(13) node_modules/_egg-view-ejs@2.0.0@egg-view-ejs/config/config.default.js",
    "start": 1535454071916,
    "end": 1535454071916,
    "duration": 0,
    "pid": 16136,
    "index": 16
  },
  {
    "name": "Require(14) node_modules/_egg-mysql@3.0.0@egg-mysql/config/config.default.js",
    "start": 1535454071917,
    "end": 1535454071918,
    "duration": 1,
    "pid": 16136,
    "index": 17
  },
  {
    "name": "Require(15) node_modules/_egg@2.10.0@egg/config/config.default.js",
    "start": 1535454071918,
    "end": 1535454071919,
    "duration": 1,
    "pid": 16136,
    "index": 18
  },
  {
    "name": "Require(16) config/config.default.js",
    "start": 1535454071921,
    "end": 1535454071921,
    "duration": 0,
    "pid": 16136,
    "index": 19
  },
  {
    "name": "Require(17) node_modules/_egg-security@2.2.3@egg-security/config/config.local.js",
    "start": 1535454071922,
    "end": 1535454071922,
    "duration": 0,
    "pid": 16136,
    "index": 20
  },
  {
    "name": "Require(18) node_modules/_egg-watcher@3.0.0@egg-watcher/config/config.local.js",
    "start": 1535454071924,
    "end": 1535454071924,
    "duration": 0,
    "pid": 16136,
    "index": 21
  },
  {
    "name": "Require(19) node_modules/_egg-view@2.1.0@egg-view/config/config.local.js",
    "start": 1535454071926,
    "end": 1535454071926,
    "duration": 0,
    "pid": 16136,
    "index": 22
  },
  {
    "name": "Require(20) node_modules/_egg-view-ejs@2.0.0@egg-view-ejs/config/config.local.js",
    "start": 1535454071927,
    "end": 1535454071927,
    "duration": 0,
    "pid": 16136,
    "index": 23
  },
  {
    "name": "Require(21) node_modules/_egg@2.10.0@egg/config/config.local.js",
    "start": 1535454071928,
    "end": 1535454071928,
    "duration": 0,
    "pid": 16136,
    "index": 24
  },
  {
    "name": "Load extend/application.js",
    "start": 1535454071930,
    "end": 1535454071959,
    "duration": 29,
    "pid": 16136,
    "index": 25
  },
  {
    "name": "Require(22) node_modules/_egg-session@3.1.0@egg-session/app/extend/application.js",
    "start": 1535454071931,
    "end": 1535454071931,
    "duration": 0,
    "pid": 16136,
    "index": 26
  },
  {
    "name": "Require(23) node_modules/_egg-security@2.2.3@egg-security/app/extend/application.js",
    "start": 1535454071932,
    "end": 1535454071933,
    "duration": 1,
    "pid": 16136,
    "index": 27
  },
  {
    "name": "Require(24) node_modules/_egg-jsonp@2.0.0@egg-jsonp/app/extend/application.js",
    "start": 1535454071934,
    "end": 1535454071940,
    "duration": 6,
    "pid": 16136,
    "index": 28
  },
  {
    "name": "Require(25) node_modules/_egg-logrotator@3.0.3@egg-logrotator/app/extend/application.js",
    "start": 1535454071942,
    "end": 1535454071946,
    "duration": 4,
    "pid": 16136,
    "index": 29
  },
  {
    "name": "Require(26) node_modules/_egg-view@2.1.0@egg-view/app/extend/application.js",
    "start": 1535454071947,
    "end": 1535454071950,
    "duration": 3,
    "pid": 16136,
    "index": 30
  },
  {
    "name": "Load extend/request.js",
    "start": 1535454071959,
    "end": 1535454071972,
    "duration": 13,
    "pid": 16136,
    "index": 31
  },
  {
    "name": "Require(27) node_modules/_egg@2.10.0@egg/app/extend/request.js",
    "start": 1535454071963,
    "end": 1535454071966,
    "duration": 3,
    "pid": 16136,
    "index": 32
  },
  {
    "name": "Load extend/response.js",
    "start": 1535454071972,
    "end": 1535454071983,
    "duration": 11,
    "pid": 16136,
    "index": 33
  },
  {
    "name": "Require(28) node_modules/_egg@2.10.0@egg/app/extend/response.js",
    "start": 1535454071975,
    "end": 1535454071978,
    "duration": 3,
    "pid": 16136,
    "index": 34
  },
  {
    "name": "Load extend/context.js",
    "start": 1535454071983,
    "end": 1535454072075,
    "duration": 92,
    "pid": 16136,
    "index": 35
  },
  {
    "name": "Require(29) node_modules/_egg-security@2.2.3@egg-security/app/extend/context.js",
    "start": 1535454071984,
    "end": 1535454072004,
    "duration": 20,
    "pid": 16136,
    "index": 36
  },
  {
    "name": "Require(30) node_modules/_egg-jsonp@2.0.0@egg-jsonp/app/extend/context.js",
    "start": 1535454072005,
    "end": 1535454072007,
    "duration": 2,
    "pid": 16136,
    "index": 37
  },
  {
    "name": "Require(31) node_modules/_egg-i18n@2.0.0@egg-i18n/app/extend/context.js",
    "start": 1535454072007,
    "end": 1535454072008,
    "duration": 1,
    "pid": 16136,
    "index": 38
  },
  {
    "name": "Require(32) node_modules/_egg-multipart@2.1.0@egg-multipart/app/extend/context.js",
    "start": 1535454072009,
    "end": 1535454072065,
    "duration": 56,
    "pid": 16136,
    "index": 39
  },
  {
    "name": "Require(33) node_modules/_egg-view@2.1.0@egg-view/app/extend/context.js",
    "start": 1535454072067,
    "end": 1535454072068,
    "duration": 1,
    "pid": 16136,
    "index": 40
  },
  {
    "name": "Require(34) node_modules/_egg@2.10.0@egg/app/extend/context.js",
    "start": 1535454072069,
    "end": 1535454072071,
    "duration": 2,
    "pid": 16136,
    "index": 41
  },
  {
    "name": "Load extend/helper.js",
    "start": 1535454072075,
    "end": 1535454072107,
    "duration": 32,
    "pid": 16136,
    "index": 42
  },
  {
    "name": "Require(35) node_modules/_egg-security@2.2.3@egg-security/app/extend/helper.js",
    "start": 1535454072076,
    "end": 1535454072099,
    "duration": 23,
    "pid": 16136,
    "index": 43
  },
  {
    "name": "Require(36) node_modules/_egg@2.10.0@egg/app/extend/helper.js",
    "start": 1535454072102,
    "end": 1535454072102,
    "duration": 0,
    "pid": 16136,
    "index": 44
  },
  {
    "name": "Load app.js",
    "start": 1535454072107,
    "end": 1535454072401,
    "duration": 294,
    "pid": 16136,
    "index": 45
  },
  {
    "name": "Require(37) node_modules/_egg-session@3.1.0@egg-session/app.js",
    "start": 1535454072108,
    "end": 1535454072108,
    "duration": 0,
    "pid": 16136,
    "index": 46
  },
  {
    "name": "Require(38) node_modules/_egg-security@2.2.3@egg-security/app.js",
    "start": 1535454072109,
    "end": 1535454072112,
    "duration": 3,
    "pid": 16136,
    "index": 47
  },
  {
    "name": "Require(39) node_modules/_egg-onerror@2.1.0@egg-onerror/app.js",
    "start": 1535454072114,
    "end": 1535454072130,
    "duration": 16,
    "pid": 16136,
    "index": 48
  },
  {
    "name": "Require(40) node_modules/_egg-i18n@2.0.0@egg-i18n/app.js",
    "start": 1535454072131,
    "end": 1535454072143,
    "duration": 12,
    "pid": 16136,
    "index": 49
  },
  {
    "name": "Require(41) node_modules/_egg-watcher@3.0.0@egg-watcher/app.js",
    "start": 1535454072148,
    "end": 1535454072153,
    "duration": 5,
    "pid": 16136,
    "index": 50
  },
  {
    "name": "Before Start in node_modules/_egg-watcher@3.0.0@egg-watcher/app.js:15:7",
    "start": 1535454072169,
    "end": 1535454072599,
    "duration": 430,
    "pid": 16136,
    "index": 51
  },
  {
    "name": "Require(42) node_modules/_egg-multipart@2.1.0@egg-multipart/app.js",
    "start": 1535454072171,
    "end": 1535454072176,
    "duration": 5,
    "pid": 16136,
    "index": 52
  },
  {
    "name": "Require(43) node_modules/_egg-development@2.4.1@egg-development/app.js",
    "start": 1535454072179,
    "end": 1535454072179,
    "duration": 0,
    "pid": 16136,
    "index": 53
  },
  {
    "name": "Require(44) node_modules/_egg-schedule@3.3.0@egg-schedule/app.js",
    "start": 1535454072180,
    "end": 1535454072184,
    "duration": 4,
    "pid": 16136,
    "index": 54
  },
  {
    "name": "Require(45) node_modules/_egg-logrotator@3.0.3@egg-logrotator/app.js",
    "start": 1535454072235,
    "end": 1535454072236,
    "duration": 1,
    "pid": 16136,
    "index": 55
  },
  {
    "name": "Require(46) node_modules/_egg-static@2.1.1@egg-static/app.js",
    "start": 1535454072236,
    "end": 1535454072237,
    "duration": 1,
    "pid": 16136,
    "index": 56
  },
  {
    "name": "Require(47) node_modules/_egg-view-ejs@2.0.0@egg-view-ejs/app.js",
    "start": 1535454072238,
    "end": 1535454072238,
    "duration": 0,
    "pid": 16136,
    "index": 57
  },
  {
    "name": "Require(48) node_modules/_egg-mysql@3.0.0@egg-mysql/app.js",
    "start": 1535454072246,
    "end": 1535454072273,
    "duration": 27,
    "pid": 16136,
    "index": 58
  },
  {
    "name": "Before Start in node_modules/_egg-mysql@3.0.0@egg-mysql/lib/mysql.js:20:7",
    "start": 1535454072399,
    "end": 1535454072602,
    "duration": 203,
    "pid": 16136,
    "index": 59
  },
  {
    "name": "Load Service",
    "start": 1535454072401,
    "end": 1535454072409,
    "duration": 8,
    "pid": 16136,
    "index": 60
  },
  {
    "name": "Load \"service\" to Context",
    "start": 1535454072401,
    "end": 1535454072409,
    "duration": 8,
    "pid": 16136,
    "index": 61
  },
  {
    "name": "Load Middleware",
    "start": 1535454072409,
    "end": 1535454072551,
    "duration": 142,
    "pid": 16136,
    "index": 62
  },
  {
    "name": "Load \"middlewares\" to Application",
    "start": 1535454072409,
    "end": 1535454072532,
    "duration": 123,
    "pid": 16136,
    "index": 63
  },
  {
    "name": "Load Controller",
    "start": 1535454072551,
    "end": 1535454072556,
    "duration": 5,
    "pid": 16136,
    "index": 64
  },
  {
    "name": "Load \"controller\" to Application",
    "start": 1535454072551,
    "end": 1535454072556,
    "duration": 5,
    "pid": 16136,
    "index": 65
  },
  {
    "name": "Load Router",
    "start": 1535454072556,
    "end": 1535454072562,
    "duration": 6,
    "pid": 16136,
    "index": 66
  },
  {
    "name": "Require(49) app/router.js",
    "start": 1535454072556,
    "end": 1535454072557,
    "duration": 1,
    "pid": 16136,
    "index": 67
  },
  {
    "name": "Before Start in node_modules/_egg-core@4.9.1@egg-core/lib/egg.js:328:10",
    "start": 1535454072557,
    "end": 1535454072583,
    "duration": 26,
    "pid": 16136,
    "index": 68
  }
]