[
  {
    "name": "Application Start",
    "start": 1535468026342,
    "end": 1535468027251,
    "duration": 909,
    "pid": 12772,
    "index": 0
  },
  {
    "name": "Load Plugin",
    "start": 1535468026349,
    "end": 1535468026384,
    "duration": 35,
    "pid": 12772,
    "index": 1
  },
  {
    "name": "Load Config",
    "start": 1535468026384,
    "end": 1535468026420,
    "duration": 36,
    "pid": 12772,
    "index": 2
  },
  {
    "name": "Require(0) config/config.default.js",
    "start": 1535468026385,
    "end": 1535468026386,
    "duration": 1,
    "pid": 12772,
    "index": 3
  },
  {
    "name": "Require(1) node_modules/_egg-session@3.1.0@egg-session/config/config.default.js",
    "start": 1535468026389,
    "end": 1535468026389,
    "duration": 0,
    "pid": 12772,
    "index": 4
  },
  {
    "name": "Require(2) node_modules/_egg-security@2.2.3@egg-security/config/config.default.js",
    "start": 1535468026390,
    "end": 1535468026390,
    "duration": 0,
    "pid": 12772,
    "index": 5
  },
  {
    "name": "Require(3) node_modules/_egg-jsonp@2.0.0@egg-jsonp/config/config.default.js",
    "start": 1535468026392,
    "end": 1535468026392,
    "duration": 0,
    "pid": 12772,
    "index": 6
  },
  {
    "name": "Require(4) node_modules/_egg-onerror@2.1.0@egg-onerror/config/config.default.js",
    "start": 1535468026393,
    "end": 1535468026393,
    "duration": 0,
    "pid": 12772,
    "index": 7
  },
  {
    "name": "Require(5) node_modules/_egg-i18n@2.0.0@egg-i18n/config/config.default.js",
    "start": 1535468026394,
    "end": 1535468026394,
    "duration": 0,
    "pid": 12772,
    "index": 8
  },
  {
    "name": "Require(6) node_modules/_egg-watcher@3.0.0@egg-watcher/config/config.default.js",
    "start": 1535468026395,
    "end": 1535468026396,
    "duration": 1,
    "pid": 12772,
    "index": 9
  },
  {
    "name": "Require(7) node_modules/_egg-multipart@2.1.0@egg-multipart/config/config.default.js",
    "start": 1535468026397,
    "end": 1535468026397,
    "duration": 0,
    "pid": 12772,
    "index": 10
  },
  {
    "name": "Require(8) node_modules/_egg-development@2.4.1@egg-development/config/config.default.js",
    "start": 1535468026398,
    "end": 1535468026398,
    "duration": 0,
    "pid": 12772,
    "index": 11
  },
  {
    "name": "Require(9) node_modules/_egg-schedule@3.3.0@egg-schedule/config/config.default.js",
    "start": 1535468026399,
    "end": 1535468026399,
    "duration": 0,
    "pid": 12772,
    "index": 12
  },
  {
    "name": "Require(10) node_modules/_egg-logrotator@3.0.3@egg-logrotator/config/config.default.js",
    "start": 1535468026401,
    "end": 1535468026401,
    "duration": 0,
    "pid": 12772,
    "index": 13
  },
  {
    "name": "Require(11) node_modules/_egg-static@2.1.1@egg-static/config/config.default.js",
    "start": 1535468026402,
    "end": 1535468026402,
    "duration": 0,
    "pid": 12772,
    "index": 14
  },
  {
    "name": "Require(12) node_modules/_egg-view@2.1.0@egg-view/config/config.default.js",
    "start": 1535468026403,
    "end": 1535468026404,
    "duration": 1,
    "pid": 12772,
    "index": 15
  },
  {
    "name": "Require(13) node_modules/_egg-view-ejs@2.0.0@egg-view-ejs/config/config.default.js",
    "start": 1535468026406,
    "end": 1535468026406,
    "duration": 0,
    "pid": 12772,
    "index": 16
  },
  {
    "name": "Require(14) node_modules/_egg-mysql@3.0.0@egg-mysql/config/config.default.js",
    "start": 1535468026407,
    "end": 1535468026407,
    "duration": 0,
    "pid": 12772,
    "index": 17
  },
  {
    "name": "Require(15) node_modules/_egg@2.10.0@egg/config/config.default.js",
    "start": 1535468026408,
    "end": 1535468026409,
    "duration": 1,
    "pid": 12772,
    "index": 18
  },
  {
    "name": "Require(16) config/config.default.js",
    "start": 1535468026411,
    "end": 1535468026411,
    "duration": 0,
    "pid": 12772,
    "index": 19
  },
  {
    "name": "Require(17) node_modules/_egg-security@2.2.3@egg-security/config/config.local.js",
    "start": 1535468026412,
    "end": 1535468026412,
    "duration": 0,
    "pid": 12772,
    "index": 20
  },
  {
    "name": "Require(18) node_modules/_egg-watcher@3.0.0@egg-watcher/config/config.local.js",
    "start": 1535468026414,
    "end": 1535468026414,
    "duration": 0,
    "pid": 12772,
    "index": 21
  },
  {
    "name": "Require(19) node_modules/_egg-view@2.1.0@egg-view/config/config.local.js",
    "start": 1535468026416,
    "end": 1535468026417,
    "duration": 1,
    "pid": 12772,
    "index": 22
  },
  {
    "name": "Require(20) node_modules/_egg-view-ejs@2.0.0@egg-view-ejs/config/config.local.js",
    "start": 1535468026417,
    "end": 1535468026418,
    "duration": 1,
    "pid": 12772,
    "index": 23
  },
  {
    "name": "Require(21) node_modules/_egg@2.10.0@egg/config/config.local.js",
    "start": 1535468026419,
    "end": 1535468026419,
    "duration": 0,
    "pid": 12772,
    "index": 24
  },
  {
    "name": "Load extend/application.js",
    "start": 1535468026421,
    "end": 1535468026452,
    "duration": 31,
    "pid": 12772,
    "index": 25
  },
  {
    "name": "Require(22) node_modules/_egg-session@3.1.0@egg-session/app/extend/application.js",
    "start": 1535468026424,
    "end": 1535468026425,
    "duration": 1,
    "pid": 12772,
    "index": 26
  },
  {
    "name": "Require(23) node_modules/_egg-security@2.2.3@egg-security/app/extend/application.js",
    "start": 1535468026426,
    "end": 1535468026427,
    "duration": 1,
    "pid": 12772,
    "index": 27
  },
  {
    "name": "Require(24) node_modules/_egg-jsonp@2.0.0@egg-jsonp/app/extend/application.js",
    "start": 1535468026428,
    "end": 1535468026434,
    "duration": 6,
    "pid": 12772,
    "index": 28
  },
  {
    "name": "Require(25) node_modules/_egg-logrotator@3.0.3@egg-logrotator/app/extend/application.js",
    "start": 1535468026436,
    "end": 1535468026441,
    "duration": 5,
    "pid": 12772,
    "index": 29
  },
  {
    "name": "Require(26) node_modules/_egg-view@2.1.0@egg-view/app/extend/application.js",
    "start": 1535468026441,
    "end": 1535468026444,
    "duration": 3,
    "pid": 12772,
    "index": 30
  },
  {
    "name": "Load extend/request.js",
    "start": 1535468026452,
    "end": 1535468026464,
    "duration": 12,
    "pid": 12772,
    "index": 31
  },
  {
    "name": "Require(27) node_modules/_egg@2.10.0@egg/app/extend/request.js",
    "start": 1535468026457,
    "end": 1535468026459,
    "duration": 2,
    "pid": 12772,
    "index": 32
  },
  {
    "name": "Load extend/response.js",
    "start": 1535468026464,
    "end": 1535468026476,
    "duration": 12,
    "pid": 12772,
    "index": 33
  },
  {
    "name": "Require(28) node_modules/_egg@2.10.0@egg/app/extend/response.js",
    "start": 1535468026468,
    "end": 1535468026472,
    "duration": 4,
    "pid": 12772,
    "index": 34
  },
  {
    "name": "Load extend/context.js",
    "start": 1535468026476,
    "end": 1535468026626,
    "duration": 150,
    "pid": 12772,
    "index": 35
  },
  {
    "name": "Require(29) node_modules/_egg-security@2.2.3@egg-security/app/extend/context.js",
    "start": 1535468026477,
    "end": 1535468026500,
    "duration": 23,
    "pid": 12772,
    "index": 36
  },
  {
    "name": "Require(30) node_modules/_egg-jsonp@2.0.0@egg-jsonp/app/extend/context.js",
    "start": 1535468026501,
    "end": 1535468026506,
    "duration": 5,
    "pid": 12772,
    "index": 37
  },
  {
    "name": "Require(31) node_modules/_egg-i18n@2.0.0@egg-i18n/app/extend/context.js",
    "start": 1535468026507,
    "end": 1535468026507,
    "duration": 0,
    "pid": 12772,
    "index": 38
  },
  {
    "name": "Require(32) node_modules/_egg-multipart@2.1.0@egg-multipart/app/extend/context.js",
    "start": 1535468026508,
    "end": 1535468026613,
    "duration": 105,
    "pid": 12772,
    "index": 39
  },
  {
    "name": "Require(33) node_modules/_egg-view@2.1.0@egg-view/app/extend/context.js",
    "start": 1535468026615,
    "end": 1535468026617,
    "duration": 2,
    "pid": 12772,
    "index": 40
  },
  {
    "name": "Require(34) node_modules/_egg@2.10.0@egg/app/extend/context.js",
    "start": 1535468026618,
    "end": 1535468026620,
    "duration": 2,
    "pid": 12772,
    "index": 41
  },
  {
    "name": "Load extend/helper.js",
    "start": 1535468026626,
    "end": 1535468026662,
    "duration": 36,
    "pid": 12772,
    "index": 42
  },
  {
    "name": "Require(35) node_modules/_egg-security@2.2.3@egg-security/app/extend/helper.js",
    "start": 1535468026627,
    "end": 1535468026652,
    "duration": 25,
    "pid": 12772,
    "index": 43
  },
  {
    "name": "Require(36) node_modules/_egg@2.10.0@egg/app/extend/helper.js",
    "start": 1535468026657,
    "end": 1535468026658,
    "duration": 1,
    "pid": 12772,
    "index": 44
  },
  {
    "name": "Load app.js",
    "start": 1535468026662,
    "end": 1535468027014,
    "duration": 352,
    "pid": 12772,
    "index": 45
  },
  {
    "name": "Require(37) node_modules/_egg-session@3.1.0@egg-session/app.js",
    "start": 1535468026663,
    "end": 1535468026663,
    "duration": 0,
    "pid": 12772,
    "index": 46
  },
  {
    "name": "Require(38) node_modules/_egg-security@2.2.3@egg-security/app.js",
    "start": 1535468026664,
    "end": 1535468026666,
    "duration": 2,
    "pid": 12772,
    "index": 47
  },
  {
    "name": "Require(39) node_modules/_egg-onerror@2.1.0@egg-onerror/app.js",
    "start": 1535468026668,
    "end": 1535468026686,
    "duration": 18,
    "pid": 12772,
    "index": 48
  },
  {
    "name": "Require(40) node_modules/_egg-i18n@2.0.0@egg-i18n/app.js",
    "start": 1535468026689,
    "end": 1535468026707,
    "duration": 18,
    "pid": 12772,
    "index": 49
  },
  {
    "name": "Require(41) node_modules/_egg-watcher@3.0.0@egg-watcher/app.js",
    "start": 1535468026712,
    "end": 1535468026718,
    "duration": 6,
    "pid": 12772,
    "index": 50
  },
  {
    "name": "Before Start in node_modules/_egg-watcher@3.0.0@egg-watcher/app.js:15:7",
    "start": 1535468026729,
    "end": 1535468027246,
    "duration": 517,
    "pid": 12772,
    "index": 51
  },
  {
    "name": "Require(42) node_modules/_egg-multipart@2.1.0@egg-multipart/app.js",
    "start": 1535468026731,
    "end": 1535468026736,
    "duration": 5,
    "pid": 12772,
    "index": 52
  },
  {
    "name": "Require(43) node_modules/_egg-development@2.4.1@egg-development/app.js",
    "start": 1535468026737,
    "end": 1535468026737,
    "duration": 0,
    "pid": 12772,
    "index": 53
  },
  {
    "name": "Require(44) node_modules/_egg-schedule@3.3.0@egg-schedule/app.js",
    "start": 1535468026738,
    "end": 1535468026741,
    "duration": 3,
    "pid": 12772,
    "index": 54
  },
  {
    "name": "Require(45) node_modules/_egg-logrotator@3.0.3@egg-logrotator/app.js",
    "start": 1535468026803,
    "end": 1535468026804,
    "duration": 1,
    "pid": 12772,
    "index": 55
  },
  {
    "name": "Require(46) node_modules/_egg-static@2.1.1@egg-static/app.js",
    "start": 1535468026806,
    "end": 1535468026806,
    "duration": 0,
    "pid": 12772,
    "index": 56
  },
  {
    "name": "Require(47) node_modules/_egg-view-ejs@2.0.0@egg-view-ejs/app.js",
    "start": 1535468026810,
    "end": 1535468026810,
    "duration": 0,
    "pid": 12772,
    "index": 57
  },
  {
    "name": "Require(48) node_modules/_egg-mysql@3.0.0@egg-mysql/app.js",
    "start": 1535468026820,
    "end": 1535468026866,
    "duration": 46,
    "pid": 12772,
    "index": 58
  },
  {
    "name": "Before Start in node_modules/_egg-mysql@3.0.0@egg-mysql/lib/mysql.js:20:7",
    "start": 1535468027011,
    "end": 1535468027251,
    "duration": 240,
    "pid": 12772,
    "index": 59
  },
  {
    "name": "Load Service",
    "start": 1535468027014,
    "end": 1535468027021,
    "duration": 7,
    "pid": 12772,
    "index": 60
  },
  {
    "name": "Load \"service\" to Context",
    "start": 1535468027014,
    "end": 1535468027021,
    "duration": 7,
    "pid": 12772,
    "index": 61
  },
  {
    "name": "Load Middleware",
    "start": 1535468027022,
    "end": 1535468027197,
    "duration": 175,
    "pid": 12772,
    "index": 62
  },
  {
    "name": "Load \"middlewares\" to Application",
    "start": 1535468027022,
    "end": 1535468027181,
    "duration": 159,
    "pid": 12772,
    "index": 63
  },
  {
    "name": "Load Controller",
    "start": 1535468027197,
    "end": 1535468027202,
    "duration": 5,
    "pid": 12772,
    "index": 64
  },
  {
    "name": "Load \"controller\" to Application",
    "start": 1535468027197,
    "end": 1535468027202,
    "duration": 5,
    "pid": 12772,
    "index": 65
  },
  {
    "name": "Load Router",
    "start": 1535468027202,
    "end": 1535468027206,
    "duration": 4,
    "pid": 12772,
    "index": 66
  },
  {
    "name": "Require(49) app/router.js",
    "start": 1535468027203,
    "end": 1535468027203,
    "duration": 0,
    "pid": 12772,
    "index": 67
  },
  {
    "name": "Before Start in node_modules/_egg-core@4.9.1@egg-core/lib/egg.js:328:10",
    "start": 1535468027204,
    "end": 1535468027226,
    "duration": 22,
    "pid": 12772,
    "index": 68
  }
]