[
  {
    "name": "Application Start",
    "start": 1535452176731,
    "end": 1535452177685,
    "duration": 954,
    "pid": 18312,
    "index": 0
  },
  {
    "name": "Load Plugin",
    "start": 1535452176746,
    "end": 1535452176806,
    "duration": 60,
    "pid": 18312,
    "index": 1
  },
  {
    "name": "Load Config",
    "start": 1535452176807,
    "end": 1535452176866,
    "duration": 59,
    "pid": 18312,
    "index": 2
  },
  {
    "name": "Require(0) config/config.default.js",
    "start": 1535452176808,
    "end": 1535452176809,
    "duration": 1,
    "pid": 18312,
    "index": 3
  },
  {
    "name": "Require(1) node_modules/_egg-session@3.1.0@egg-session/config/config.default.js",
    "start": 1535452176812,
    "end": 1535452176813,
    "duration": 1,
    "pid": 18312,
    "index": 4
  },
  {
    "name": "Require(2) node_modules/_egg-security@2.2.3@egg-security/config/config.default.js",
    "start": 1535452176815,
    "end": 1535452176815,
    "duration": 0,
    "pid": 18312,
    "index": 5
  },
  {
    "name": "Require(3) node_modules/_egg-jsonp@2.0.0@egg-jsonp/config/config.default.js",
    "start": 1535452176817,
    "end": 1535452176818,
    "duration": 1,
    "pid": 18312,
    "index": 6
  },
  {
    "name": "Require(4) node_modules/_egg-onerror@2.1.0@egg-onerror/config/config.default.js",
    "start": 1535452176819,
    "end": 1535452176819,
    "duration": 0,
    "pid": 18312,
    "index": 7
  },
  {
    "name": "Require(5) node_modules/_egg-i18n@2.0.0@egg-i18n/config/config.default.js",
    "start": 1535452176824,
    "end": 1535452176834,
    "duration": 10,
    "pid": 18312,
    "index": 8
  },
  {
    "name": "Require(6) node_modules/_egg-watcher@3.0.0@egg-watcher/config/config.default.js",
    "start": 1535452176836,
    "end": 1535452176837,
    "duration": 1,
    "pid": 18312,
    "index": 9
  },
  {
    "name": "Require(7) node_modules/_egg-multipart@2.1.0@egg-multipart/config/config.default.js",
    "start": 1535452176838,
    "end": 1535452176839,
    "duration": 1,
    "pid": 18312,
    "index": 10
  },
  {
    "name": "Require(8) node_modules/_egg-development@2.4.1@egg-development/config/config.default.js",
    "start": 1535452176841,
    "end": 1535452176842,
    "duration": 1,
    "pid": 18312,
    "index": 11
  },
  {
    "name": "Require(9) node_modules/_egg-schedule@3.3.0@egg-schedule/config/config.default.js",
    "start": 1535452176843,
    "end": 1535452176843,
    "duration": 0,
    "pid": 18312,
    "index": 12
  },
  {
    "name": "Require(10) node_modules/_egg-logrotator@3.0.3@egg-logrotator/config/config.default.js",
    "start": 1535452176844,
    "end": 1535452176845,
    "duration": 1,
    "pid": 18312,
    "index": 13
  },
  {
    "name": "Require(11) node_modules/_egg-static@2.1.1@egg-static/config/config.default.js",
    "start": 1535452176846,
    "end": 1535452176847,
    "duration": 1,
    "pid": 18312,
    "index": 14
  },
  {
    "name": "Require(12) node_modules/_egg-view@2.1.0@egg-view/config/config.default.js",
    "start": 1535452176848,
    "end": 1535452176848,
    "duration": 0,
    "pid": 18312,
    "index": 15
  },
  {
    "name": "Require(13) node_modules/_egg-view-ejs@2.0.0@egg-view-ejs/config/config.default.js",
    "start": 1535452176849,
    "end": 1535452176850,
    "duration": 1,
    "pid": 18312,
    "index": 16
  },
  {
    "name": "Require(14) node_modules/_egg-mysql@3.0.0@egg-mysql/config/config.default.js",
    "start": 1535452176851,
    "end": 1535452176851,
    "duration": 0,
    "pid": 18312,
    "index": 17
  },
  {
    "name": "Require(15) node_modules/_egg@2.10.0@egg/config/config.default.js",
    "start": 1535452176852,
    "end": 1535452176854,
    "duration": 2,
    "pid": 18312,
    "index": 18
  },
  {
    "name": "Require(16) config/config.default.js",
    "start": 1535452176857,
    "end": 1535452176857,
    "duration": 0,
    "pid": 18312,
    "index": 19
  },
  {
    "name": "Require(17) node_modules/_egg-security@2.2.3@egg-security/config/config.local.js",
    "start": 1535452176858,
    "end": 1535452176859,
    "duration": 1,
    "pid": 18312,
    "index": 20
  },
  {
    "name": "Require(18) node_modules/_egg-watcher@3.0.0@egg-watcher/config/config.local.js",
    "start": 1535452176860,
    "end": 1535452176861,
    "duration": 1,
    "pid": 18312,
    "index": 21
  },
  {
    "name": "Require(19) node_modules/_egg-view@2.1.0@egg-view/config/config.local.js",
    "start": 1535452176863,
    "end": 1535452176864,
    "duration": 1,
    "pid": 18312,
    "index": 22
  },
  {
    "name": "Require(20) node_modules/_egg-view-ejs@2.0.0@egg-view-ejs/config/config.local.js",
    "start": 1535452176864,
    "end": 1535452176864,
    "duration": 0,
    "pid": 18312,
    "index": 23
  },
  {
    "name": "Require(21) node_modules/_egg@2.10.0@egg/config/config.local.js",
    "start": 1535452176865,
    "end": 1535452176866,
    "duration": 1,
    "pid": 18312,
    "index": 24
  },
  {
    "name": "Load extend/application.js",
    "start": 1535452176869,
    "end": 1535452176896,
    "duration": 27,
    "pid": 18312,
    "index": 25
  },
  {
    "name": "Require(22) node_modules/_egg-session@3.1.0@egg-session/app/extend/application.js",
    "start": 1535452176870,
    "end": 1535452176871,
    "duration": 1,
    "pid": 18312,
    "index": 26
  },
  {
    "name": "Require(23) node_modules/_egg-security@2.2.3@egg-security/app/extend/application.js",
    "start": 1535452176872,
    "end": 1535452176874,
    "duration": 2,
    "pid": 18312,
    "index": 27
  },
  {
    "name": "Require(24) node_modules/_egg-jsonp@2.0.0@egg-jsonp/app/extend/application.js",
    "start": 1535452176875,
    "end": 1535452176879,
    "duration": 4,
    "pid": 18312,
    "index": 28
  },
  {
    "name": "Require(25) node_modules/_egg-logrotator@3.0.3@egg-logrotator/app/extend/application.js",
    "start": 1535452176881,
    "end": 1535452176886,
    "duration": 5,
    "pid": 18312,
    "index": 29
  },
  {
    "name": "Require(26) node_modules/_egg-view@2.1.0@egg-view/app/extend/application.js",
    "start": 1535452176888,
    "end": 1535452176891,
    "duration": 3,
    "pid": 18312,
    "index": 30
  },
  {
    "name": "Load extend/request.js",
    "start": 1535452176897,
    "end": 1535452176911,
    "duration": 14,
    "pid": 18312,
    "index": 31
  },
  {
    "name": "Require(27) node_modules/_egg@2.10.0@egg/app/extend/request.js",
    "start": 1535452176902,
    "end": 1535452176905,
    "duration": 3,
    "pid": 18312,
    "index": 32
  },
  {
    "name": "Load extend/response.js",
    "start": 1535452176911,
    "end": 1535452176924,
    "duration": 13,
    "pid": 18312,
    "index": 33
  },
  {
    "name": "Require(28) node_modules/_egg@2.10.0@egg/app/extend/response.js",
    "start": 1535452176915,
    "end": 1535452176919,
    "duration": 4,
    "pid": 18312,
    "index": 34
  },
  {
    "name": "Load extend/context.js",
    "start": 1535452176924,
    "end": 1535452177041,
    "duration": 117,
    "pid": 18312,
    "index": 35
  },
  {
    "name": "Require(29) node_modules/_egg-security@2.2.3@egg-security/app/extend/context.js",
    "start": 1535452176925,
    "end": 1535452176951,
    "duration": 26,
    "pid": 18312,
    "index": 36
  },
  {
    "name": "Require(30) node_modules/_egg-jsonp@2.0.0@egg-jsonp/app/extend/context.js",
    "start": 1535452176952,
    "end": 1535452176955,
    "duration": 3,
    "pid": 18312,
    "index": 37
  },
  {
    "name": "Require(31) node_modules/_egg-i18n@2.0.0@egg-i18n/app/extend/context.js",
    "start": 1535452176956,
    "end": 1535452176956,
    "duration": 0,
    "pid": 18312,
    "index": 38
  },
  {
    "name": "Require(32) node_modules/_egg-multipart@2.1.0@egg-multipart/app/extend/context.js",
    "start": 1535452176957,
    "end": 1535452177028,
    "duration": 71,
    "pid": 18312,
    "index": 39
  },
  {
    "name": "Require(33) node_modules/_egg-view@2.1.0@egg-view/app/extend/context.js",
    "start": 1535452177030,
    "end": 1535452177032,
    "duration": 2,
    "pid": 18312,
    "index": 40
  },
  {
    "name": "Require(34) node_modules/_egg@2.10.0@egg/app/extend/context.js",
    "start": 1535452177033,
    "end": 1535452177036,
    "duration": 3,
    "pid": 18312,
    "index": 41
  },
  {
    "name": "Load extend/helper.js",
    "start": 1535452177042,
    "end": 1535452177085,
    "duration": 43,
    "pid": 18312,
    "index": 42
  },
  {
    "name": "Require(35) node_modules/_egg-security@2.2.3@egg-security/app/extend/helper.js",
    "start": 1535452177043,
    "end": 1535452177075,
    "duration": 32,
    "pid": 18312,
    "index": 43
  },
  {
    "name": "Require(36) node_modules/_egg@2.10.0@egg/app/extend/helper.js",
    "start": 1535452177079,
    "end": 1535452177079,
    "duration": 0,
    "pid": 18312,
    "index": 44
  },
  {
    "name": "Load app.js",
    "start": 1535452177085,
    "end": 1535452177429,
    "duration": 344,
    "pid": 18312,
    "index": 45
  },
  {
    "name": "Require(37) node_modules/_egg-session@3.1.0@egg-session/app.js",
    "start": 1535452177086,
    "end": 1535452177086,
    "duration": 0,
    "pid": 18312,
    "index": 46
  },
  {
    "name": "Require(38) node_modules/_egg-security@2.2.3@egg-security/app.js",
    "start": 1535452177088,
    "end": 1535452177091,
    "duration": 3,
    "pid": 18312,
    "index": 47
  },
  {
    "name": "Require(39) node_modules/_egg-onerror@2.1.0@egg-onerror/app.js",
    "start": 1535452177093,
    "end": 1535452177109,
    "duration": 16,
    "pid": 18312,
    "index": 48
  },
  {
    "name": "Require(40) node_modules/_egg-i18n@2.0.0@egg-i18n/app.js",
    "start": 1535452177111,
    "end": 1535452177128,
    "duration": 17,
    "pid": 18312,
    "index": 49
  },
  {
    "name": "Require(41) node_modules/_egg-watcher@3.0.0@egg-watcher/app.js",
    "start": 1535452177134,
    "end": 1535452177143,
    "duration": 9,
    "pid": 18312,
    "index": 50
  },
  {
    "name": "Before Start in node_modules/_egg-watcher@3.0.0@egg-watcher/app.js:15:7",
    "start": 1535452177159,
    "end": 1535452177678,
    "duration": 519,
    "pid": 18312,
    "index": 51
  },
  {
    "name": "Require(42) node_modules/_egg-multipart@2.1.0@egg-multipart/app.js",
    "start": 1535452177161,
    "end": 1535452177172,
    "duration": 11,
    "pid": 18312,
    "index": 52
  },
  {
    "name": "Require(43) node_modules/_egg-development@2.4.1@egg-development/app.js",
    "start": 1535452177174,
    "end": 1535452177174,
    "duration": 0,
    "pid": 18312,
    "index": 53
  },
  {
    "name": "Require(44) node_modules/_egg-schedule@3.3.0@egg-schedule/app.js",
    "start": 1535452177175,
    "end": 1535452177179,
    "duration": 4,
    "pid": 18312,
    "index": 54
  },
  {
    "name": "Require(45) node_modules/_egg-logrotator@3.0.3@egg-logrotator/app.js",
    "start": 1535452177244,
    "end": 1535452177245,
    "duration": 1,
    "pid": 18312,
    "index": 55
  },
  {
    "name": "Require(46) node_modules/_egg-static@2.1.1@egg-static/app.js",
    "start": 1535452177245,
    "end": 1535452177246,
    "duration": 1,
    "pid": 18312,
    "index": 56
  },
  {
    "name": "Require(47) node_modules/_egg-view-ejs@2.0.0@egg-view-ejs/app.js",
    "start": 1535452177247,
    "end": 1535452177247,
    "duration": 0,
    "pid": 18312,
    "index": 57
  },
  {
    "name": "Require(48) node_modules/_egg-mysql@3.0.0@egg-mysql/app.js",
    "start": 1535452177258,
    "end": 1535452177289,
    "duration": 31,
    "pid": 18312,
    "index": 58
  },
  {
    "name": "Before Start in node_modules/_egg-mysql@3.0.0@egg-mysql/lib/mysql.js:20:7",
    "start": 1535452177426,
    "end": 1535452177685,
    "duration": 259,
    "pid": 18312,
    "index": 59
  },
  {
    "name": "Load Service",
    "start": 1535452177429,
    "end": 1535452177439,
    "duration": 10,
    "pid": 18312,
    "index": 60
  },
  {
    "name": "Load \"service\" to Context",
    "start": 1535452177430,
    "end": 1535452177439,
    "duration": 9,
    "pid": 18312,
    "index": 61
  },
  {
    "name": "Load Middleware",
    "start": 1535452177439,
    "end": 1535452177620,
    "duration": 181,
    "pid": 18312,
    "index": 62
  },
  {
    "name": "Load \"middlewares\" to Application",
    "start": 1535452177440,
    "end": 1535452177587,
    "duration": 147,
    "pid": 18312,
    "index": 63
  },
  {
    "name": "Load Controller",
    "start": 1535452177620,
    "end": 1535452177624,
    "duration": 4,
    "pid": 18312,
    "index": 64
  },
  {
    "name": "Load \"controller\" to Application",
    "start": 1535452177620,
    "end": 1535452177624,
    "duration": 4,
    "pid": 18312,
    "index": 65
  },
  {
    "name": "Load Router",
    "start": 1535452177624,
    "end": 1535452177628,
    "duration": 4,
    "pid": 18312,
    "index": 66
  },
  {
    "name": "Require(49) app/router.js",
    "start": 1535452177625,
    "end": 1535452177625,
    "duration": 0,
    "pid": 18312,
    "index": 67
  },
  {
    "name": "Before Start in node_modules/_egg-core@4.9.1@egg-core/lib/egg.js:328:10",
    "start": 1535452177626,
    "end": 1535452177648,
    "duration": 22,
    "pid": 18312,
    "index": 68
  }
]