[
  {
    "name": "Application Start",
    "start": 1535468565251,
    "end": 1535468566121,
    "duration": 870,
    "pid": 16240,
    "index": 0
  },
  {
    "name": "Load Plugin",
    "start": 1535468565259,
    "end": 1535468565304,
    "duration": 45,
    "pid": 16240,
    "index": 1
  },
  {
    "name": "Load Config",
    "start": 1535468565304,
    "end": 1535468565344,
    "duration": 40,
    "pid": 16240,
    "index": 2
  },
  {
    "name": "Require(0) config/config.default.js",
    "start": 1535468565309,
    "end": 1535468565310,
    "duration": 1,
    "pid": 16240,
    "index": 3
  },
  {
    "name": "Require(1) node_modules/_egg-session@3.1.0@egg-session/config/config.default.js",
    "start": 1535468565312,
    "end": 1535468565313,
    "duration": 1,
    "pid": 16240,
    "index": 4
  },
  {
    "name": "Require(2) node_modules/_egg-security@2.2.3@egg-security/config/config.default.js",
    "start": 1535468565313,
    "end": 1535468565314,
    "duration": 1,
    "pid": 16240,
    "index": 5
  },
  {
    "name": "Require(3) node_modules/_egg-jsonp@2.0.0@egg-jsonp/config/config.default.js",
    "start": 1535468565315,
    "end": 1535468565316,
    "duration": 1,
    "pid": 16240,
    "index": 6
  },
  {
    "name": "Require(4) node_modules/_egg-onerror@2.1.0@egg-onerror/config/config.default.js",
    "start": 1535468565316,
    "end": 1535468565317,
    "duration": 1,
    "pid": 16240,
    "index": 7
  },
  {
    "name": "Require(5) node_modules/_egg-i18n@2.0.0@egg-i18n/config/config.default.js",
    "start": 1535468565318,
    "end": 1535468565318,
    "duration": 0,
    "pid": 16240,
    "index": 8
  },
  {
    "name": "Require(6) node_modules/_egg-watcher@3.0.0@egg-watcher/config/config.default.js",
    "start": 1535468565319,
    "end": 1535468565320,
    "duration": 1,
    "pid": 16240,
    "index": 9
  },
  {
    "name": "Require(7) node_modules/_egg-multipart@2.1.0@egg-multipart/config/config.default.js",
    "start": 1535468565321,
    "end": 1535468565321,
    "duration": 0,
    "pid": 16240,
    "index": 10
  },
  {
    "name": "Require(8) node_modules/_egg-development@2.4.1@egg-development/config/config.default.js",
    "start": 1535468565322,
    "end": 1535468565323,
    "duration": 1,
    "pid": 16240,
    "index": 11
  },
  {
    "name": "Require(9) node_modules/_egg-schedule@3.3.0@egg-schedule/config/config.default.js",
    "start": 1535468565323,
    "end": 1535468565324,
    "duration": 1,
    "pid": 16240,
    "index": 12
  },
  {
    "name": "Require(10) node_modules/_egg-logrotator@3.0.3@egg-logrotator/config/config.default.js",
    "start": 1535468565325,
    "end": 1535468565326,
    "duration": 1,
    "pid": 16240,
    "index": 13
  },
  {
    "name": "Require(11) node_modules/_egg-static@2.1.1@egg-static/config/config.default.js",
    "start": 1535468565327,
    "end": 1535468565327,
    "duration": 0,
    "pid": 16240,
    "index": 14
  },
  {
    "name": "Require(12) node_modules/_egg-view@2.1.0@egg-view/config/config.default.js",
    "start": 1535468565328,
    "end": 1535468565328,
    "duration": 0,
    "pid": 16240,
    "index": 15
  },
  {
    "name": "Require(13) node_modules/_egg-view-ejs@2.0.0@egg-view-ejs/config/config.default.js",
    "start": 1535468565330,
    "end": 1535468565330,
    "duration": 0,
    "pid": 16240,
    "index": 16
  },
  {
    "name": "Require(14) node_modules/_egg-mysql@3.0.0@egg-mysql/config/config.default.js",
    "start": 1535468565331,
    "end": 1535468565332,
    "duration": 1,
    "pid": 16240,
    "index": 17
  },
  {
    "name": "Require(15) node_modules/_egg@2.10.0@egg/config/config.default.js",
    "start": 1535468565332,
    "end": 1535468565333,
    "duration": 1,
    "pid": 16240,
    "index": 18
  },
  {
    "name": "Require(16) config/config.default.js",
    "start": 1535468565335,
    "end": 1535468565335,
    "duration": 0,
    "pid": 16240,
    "index": 19
  },
  {
    "name": "Require(17) node_modules/_egg-security@2.2.3@egg-security/config/config.local.js",
    "start": 1535468565336,
    "end": 1535468565336,
    "duration": 0,
    "pid": 16240,
    "index": 20
  },
  {
    "name": "Require(18) node_modules/_egg-watcher@3.0.0@egg-watcher/config/config.local.js",
    "start": 1535468565338,
    "end": 1535468565338,
    "duration": 0,
    "pid": 16240,
    "index": 21
  },
  {
    "name": "Require(19) node_modules/_egg-view@2.1.0@egg-view/config/config.local.js",
    "start": 1535468565341,
    "end": 1535468565341,
    "duration": 0,
    "pid": 16240,
    "index": 22
  },
  {
    "name": "Require(20) node_modules/_egg-view-ejs@2.0.0@egg-view-ejs/config/config.local.js",
    "start": 1535468565342,
    "end": 1535468565342,
    "duration": 0,
    "pid": 16240,
    "index": 23
  },
  {
    "name": "Require(21) node_modules/_egg@2.10.0@egg/config/config.local.js",
    "start": 1535468565343,
    "end": 1535468565344,
    "duration": 1,
    "pid": 16240,
    "index": 24
  },
  {
    "name": "Load extend/application.js",
    "start": 1535468565346,
    "end": 1535468565371,
    "duration": 25,
    "pid": 16240,
    "index": 25
  },
  {
    "name": "Require(22) node_modules/_egg-session@3.1.0@egg-session/app/extend/application.js",
    "start": 1535468565347,
    "end": 1535468565347,
    "duration": 0,
    "pid": 16240,
    "index": 26
  },
  {
    "name": "Require(23) node_modules/_egg-security@2.2.3@egg-security/app/extend/application.js",
    "start": 1535468565348,
    "end": 1535468565349,
    "duration": 1,
    "pid": 16240,
    "index": 27
  },
  {
    "name": "Require(24) node_modules/_egg-jsonp@2.0.0@egg-jsonp/app/extend/application.js",
    "start": 1535468565350,
    "end": 1535468565353,
    "duration": 3,
    "pid": 16240,
    "index": 28
  },
  {
    "name": "Require(25) node_modules/_egg-logrotator@3.0.3@egg-logrotator/app/extend/application.js",
    "start": 1535468565356,
    "end": 1535468565362,
    "duration": 6,
    "pid": 16240,
    "index": 29
  },
  {
    "name": "Require(26) node_modules/_egg-view@2.1.0@egg-view/app/extend/application.js",
    "start": 1535468565363,
    "end": 1535468565366,
    "duration": 3,
    "pid": 16240,
    "index": 30
  },
  {
    "name": "Load extend/request.js",
    "start": 1535468565371,
    "end": 1535468565383,
    "duration": 12,
    "pid": 16240,
    "index": 31
  },
  {
    "name": "Require(27) node_modules/_egg@2.10.0@egg/app/extend/request.js",
    "start": 1535468565376,
    "end": 1535468565379,
    "duration": 3,
    "pid": 16240,
    "index": 32
  },
  {
    "name": "Load extend/response.js",
    "start": 1535468565383,
    "end": 1535468565396,
    "duration": 13,
    "pid": 16240,
    "index": 33
  },
  {
    "name": "Require(28) node_modules/_egg@2.10.0@egg/app/extend/response.js",
    "start": 1535468565388,
    "end": 1535468565391,
    "duration": 3,
    "pid": 16240,
    "index": 34
  },
  {
    "name": "Load extend/context.js",
    "start": 1535468565396,
    "end": 1535468565505,
    "duration": 109,
    "pid": 16240,
    "index": 35
  },
  {
    "name": "Require(29) node_modules/_egg-security@2.2.3@egg-security/app/extend/context.js",
    "start": 1535468565397,
    "end": 1535468565417,
    "duration": 20,
    "pid": 16240,
    "index": 36
  },
  {
    "name": "Require(30) node_modules/_egg-jsonp@2.0.0@egg-jsonp/app/extend/context.js",
    "start": 1535468565417,
    "end": 1535468565421,
    "duration": 4,
    "pid": 16240,
    "index": 37
  },
  {
    "name": "Require(31) node_modules/_egg-i18n@2.0.0@egg-i18n/app/extend/context.js",
    "start": 1535468565422,
    "end": 1535468565422,
    "duration": 0,
    "pid": 16240,
    "index": 38
  },
  {
    "name": "Require(32) node_modules/_egg-multipart@2.1.0@egg-multipart/app/extend/context.js",
    "start": 1535468565423,
    "end": 1535468565490,
    "duration": 67,
    "pid": 16240,
    "index": 39
  },
  {
    "name": "Require(33) node_modules/_egg-view@2.1.0@egg-view/app/extend/context.js",
    "start": 1535468565492,
    "end": 1535468565493,
    "duration": 1,
    "pid": 16240,
    "index": 40
  },
  {
    "name": "Require(34) node_modules/_egg@2.10.0@egg/app/extend/context.js",
    "start": 1535468565494,
    "end": 1535468565498,
    "duration": 4,
    "pid": 16240,
    "index": 41
  },
  {
    "name": "Load extend/helper.js",
    "start": 1535468565505,
    "end": 1535468565546,
    "duration": 41,
    "pid": 16240,
    "index": 42
  },
  {
    "name": "Require(35) node_modules/_egg-security@2.2.3@egg-security/app/extend/helper.js",
    "start": 1535468565506,
    "end": 1535468565536,
    "duration": 30,
    "pid": 16240,
    "index": 43
  },
  {
    "name": "Require(36) node_modules/_egg@2.10.0@egg/app/extend/helper.js",
    "start": 1535468565540,
    "end": 1535468565541,
    "duration": 1,
    "pid": 16240,
    "index": 44
  },
  {
    "name": "Load app.js",
    "start": 1535468565546,
    "end": 1535468565860,
    "duration": 314,
    "pid": 16240,
    "index": 45
  },
  {
    "name": "Require(37) node_modules/_egg-session@3.1.0@egg-session/app.js",
    "start": 1535468565547,
    "end": 1535468565547,
    "duration": 0,
    "pid": 16240,
    "index": 46
  },
  {
    "name": "Require(38) node_modules/_egg-security@2.2.3@egg-security/app.js",
    "start": 1535468565548,
    "end": 1535468565551,
    "duration": 3,
    "pid": 16240,
    "index": 47
  },
  {
    "name": "Require(39) node_modules/_egg-onerror@2.1.0@egg-onerror/app.js",
    "start": 1535468565553,
    "end": 1535468565568,
    "duration": 15,
    "pid": 16240,
    "index": 48
  },
  {
    "name": "Require(40) node_modules/_egg-i18n@2.0.0@egg-i18n/app.js",
    "start": 1535468565570,
    "end": 1535468565587,
    "duration": 17,
    "pid": 16240,
    "index": 49
  },
  {
    "name": "Require(41) node_modules/_egg-watcher@3.0.0@egg-watcher/app.js",
    "start": 1535468565593,
    "end": 1535468565601,
    "duration": 8,
    "pid": 16240,
    "index": 50
  },
  {
    "name": "Before Start in node_modules/_egg-watcher@3.0.0@egg-watcher/app.js:15:7",
    "start": 1535468565617,
    "end": 1535468566107,
    "duration": 490,
    "pid": 16240,
    "index": 51
  },
  {
    "name": "Require(42) node_modules/_egg-multipart@2.1.0@egg-multipart/app.js",
    "start": 1535468565620,
    "end": 1535468565625,
    "duration": 5,
    "pid": 16240,
    "index": 52
  },
  {
    "name": "Require(43) node_modules/_egg-development@2.4.1@egg-development/app.js",
    "start": 1535468565626,
    "end": 1535468565627,
    "duration": 1,
    "pid": 16240,
    "index": 53
  },
  {
    "name": "Require(44) node_modules/_egg-schedule@3.3.0@egg-schedule/app.js",
    "start": 1535468565628,
    "end": 1535468565630,
    "duration": 2,
    "pid": 16240,
    "index": 54
  },
  {
    "name": "Require(45) node_modules/_egg-logrotator@3.0.3@egg-logrotator/app.js",
    "start": 1535468565695,
    "end": 1535468565695,
    "duration": 0,
    "pid": 16240,
    "index": 55
  },
  {
    "name": "Require(46) node_modules/_egg-static@2.1.1@egg-static/app.js",
    "start": 1535468565696,
    "end": 1535468565697,
    "duration": 1,
    "pid": 16240,
    "index": 56
  },
  {
    "name": "Require(47) node_modules/_egg-view-ejs@2.0.0@egg-view-ejs/app.js",
    "start": 1535468565699,
    "end": 1535468565700,
    "duration": 1,
    "pid": 16240,
    "index": 57
  },
  {
    "name": "Require(48) node_modules/_egg-mysql@3.0.0@egg-mysql/app.js",
    "start": 1535468565711,
    "end": 1535468565741,
    "duration": 30,
    "pid": 16240,
    "index": 58
  },
  {
    "name": "Before Start in node_modules/_egg-mysql@3.0.0@egg-mysql/lib/mysql.js:20:7",
    "start": 1535468565859,
    "end": 1535468566120,
    "duration": 261,
    "pid": 16240,
    "index": 59
  },
  {
    "name": "Load Service",
    "start": 1535468565861,
    "end": 1535468565868,
    "duration": 7,
    "pid": 16240,
    "index": 60
  },
  {
    "name": "Load \"service\" to Context",
    "start": 1535468565861,
    "end": 1535468565868,
    "duration": 7,
    "pid": 16240,
    "index": 61
  },
  {
    "name": "Load Middleware",
    "start": 1535468565868,
    "end": 1535468566038,
    "duration": 170,
    "pid": 16240,
    "index": 62
  },
  {
    "name": "Load \"middlewares\" to Application",
    "start": 1535468565869,
    "end": 1535468566016,
    "duration": 147,
    "pid": 16240,
    "index": 63
  },
  {
    "name": "Load Controller",
    "start": 1535468566038,
    "end": 1535468566043,
    "duration": 5,
    "pid": 16240,
    "index": 64
  },
  {
    "name": "Load \"controller\" to Application",
    "start": 1535468566038,
    "end": 1535468566043,
    "duration": 5,
    "pid": 16240,
    "index": 65
  },
  {
    "name": "Load Router",
    "start": 1535468566043,
    "end": 1535468566048,
    "duration": 5,
    "pid": 16240,
    "index": 66
  },
  {
    "name": "Require(49) app/router.js",
    "start": 1535468566044,
    "end": 1535468566045,
    "duration": 1,
    "pid": 16240,
    "index": 67
  },
  {
    "name": "Before Start in node_modules/_egg-core@4.9.1@egg-core/lib/egg.js:328:10",
    "start": 1535468566045,
    "end": 1535468566073,
    "duration": 28,
    "pid": 16240,
    "index": 68
  }
]