[
  {
    "name": "Application Start",
    "start": 1535451687713,
    "end": 1535451688469,
    "duration": 756,
    "pid": 11640,
    "index": 0
  },
  {
    "name": "Load Plugin",
    "start": 1535451687721,
    "end": 1535451687762,
    "duration": 41,
    "pid": 11640,
    "index": 1
  },
  {
    "name": "Load Config",
    "start": 1535451687762,
    "end": 1535451687790,
    "duration": 28,
    "pid": 11640,
    "index": 2
  },
  {
    "name": "Require(0) config/config.default.js",
    "start": 1535451687763,
    "end": 1535451687764,
    "duration": 1,
    "pid": 11640,
    "index": 3
  },
  {
    "name": "Require(1) node_modules/_egg-session@3.1.0@egg-session/config/config.default.js",
    "start": 1535451687766,
    "end": 1535451687766,
    "duration": 0,
    "pid": 11640,
    "index": 4
  },
  {
    "name": "Require(2) node_modules/_egg-security@2.2.3@egg-security/config/config.default.js",
    "start": 1535451687767,
    "end": 1535451687767,
    "duration": 0,
    "pid": 11640,
    "index": 5
  },
  {
    "name": "Require(3) node_modules/_egg-jsonp@2.0.0@egg-jsonp/config/config.default.js",
    "start": 1535451687768,
    "end": 1535451687768,
    "duration": 0,
    "pid": 11640,
    "index": 6
  },
  {
    "name": "Require(4) node_modules/_egg-onerror@2.1.0@egg-onerror/config/config.default.js",
    "start": 1535451687769,
    "end": 1535451687769,
    "duration": 0,
    "pid": 11640,
    "index": 7
  },
  {
    "name": "Require(5) node_modules/_egg-i18n@2.0.0@egg-i18n/config/config.default.js",
    "start": 1535451687770,
    "end": 1535451687770,
    "duration": 0,
    "pid": 11640,
    "index": 8
  },
  {
    "name": "Require(6) node_modules/_egg-watcher@3.0.0@egg-watcher/config/config.default.js",
    "start": 1535451687771,
    "end": 1535451687772,
    "duration": 1,
    "pid": 11640,
    "index": 9
  },
  {
    "name": "Require(7) node_modules/_egg-multipart@2.1.0@egg-multipart/config/config.default.js",
    "start": 1535451687772,
    "end": 1535451687773,
    "duration": 1,
    "pid": 11640,
    "index": 10
  },
  {
    "name": "Require(8) node_modules/_egg-development@2.4.1@egg-development/config/config.default.js",
    "start": 1535451687773,
    "end": 1535451687774,
    "duration": 1,
    "pid": 11640,
    "index": 11
  },
  {
    "name": "Require(9) node_modules/_egg-schedule@3.3.0@egg-schedule/config/config.default.js",
    "start": 1535451687774,
    "end": 1535451687775,
    "duration": 1,
    "pid": 11640,
    "index": 12
  },
  {
    "name": "Require(10) node_modules/_egg-logrotator@3.0.3@egg-logrotator/config/config.default.js",
    "start": 1535451687775,
    "end": 1535451687776,
    "duration": 1,
    "pid": 11640,
    "index": 13
  },
  {
    "name": "Require(11) node_modules/_egg-static@2.1.1@egg-static/config/config.default.js",
    "start": 1535451687776,
    "end": 1535451687777,
    "duration": 1,
    "pid": 11640,
    "index": 14
  },
  {
    "name": "Require(12) node_modules/_egg-view@2.1.0@egg-view/config/config.default.js",
    "start": 1535451687777,
    "end": 1535451687778,
    "duration": 1,
    "pid": 11640,
    "index": 15
  },
  {
    "name": "Require(13) node_modules/_egg-view-ejs@2.0.0@egg-view-ejs/config/config.default.js",
    "start": 1535451687778,
    "end": 1535451687779,
    "duration": 1,
    "pid": 11640,
    "index": 16
  },
  {
    "name": "Require(14) node_modules/_egg-mysql@3.0.0@egg-mysql/config/config.default.js",
    "start": 1535451687779,
    "end": 1535451687780,
    "duration": 1,
    "pid": 11640,
    "index": 17
  },
  {
    "name": "Require(15) node_modules/_egg@2.10.0@egg/config/config.default.js",
    "start": 1535451687780,
    "end": 1535451687781,
    "duration": 1,
    "pid": 11640,
    "index": 18
  },
  {
    "name": "Require(16) config/config.default.js",
    "start": 1535451687783,
    "end": 1535451687783,
    "duration": 0,
    "pid": 11640,
    "index": 19
  },
  {
    "name": "Require(17) node_modules/_egg-security@2.2.3@egg-security/config/config.local.js",
    "start": 1535451687784,
    "end": 1535451687785,
    "duration": 1,
    "pid": 11640,
    "index": 20
  },
  {
    "name": "Require(18) node_modules/_egg-watcher@3.0.0@egg-watcher/config/config.local.js",
    "start": 1535451687786,
    "end": 1535451687786,
    "duration": 0,
    "pid": 11640,
    "index": 21
  },
  {
    "name": "Require(19) node_modules/_egg-view@2.1.0@egg-view/config/config.local.js",
    "start": 1535451687788,
    "end": 1535451687788,
    "duration": 0,
    "pid": 11640,
    "index": 22
  },
  {
    "name": "Require(20) node_modules/_egg-view-ejs@2.0.0@egg-view-ejs/config/config.local.js",
    "start": 1535451687789,
    "end": 1535451687789,
    "duration": 0,
    "pid": 11640,
    "index": 23
  },
  {
    "name": "Require(21) node_modules/_egg@2.10.0@egg/config/config.local.js",
    "start": 1535451687790,
    "end": 1535451687790,
    "duration": 0,
    "pid": 11640,
    "index": 24
  },
  {
    "name": "Load extend/application.js",
    "start": 1535451687792,
    "end": 1535451687813,
    "duration": 21,
    "pid": 11640,
    "index": 25
  },
  {
    "name": "Require(22) node_modules/_egg-session@3.1.0@egg-session/app/extend/application.js",
    "start": 1535451687793,
    "end": 1535451687793,
    "duration": 0,
    "pid": 11640,
    "index": 26
  },
  {
    "name": "Require(23) node_modules/_egg-security@2.2.3@egg-security/app/extend/application.js",
    "start": 1535451687794,
    "end": 1535451687795,
    "duration": 1,
    "pid": 11640,
    "index": 27
  },
  {
    "name": "Require(24) node_modules/_egg-jsonp@2.0.0@egg-jsonp/app/extend/application.js",
    "start": 1535451687796,
    "end": 1535451687798,
    "duration": 2,
    "pid": 11640,
    "index": 28
  },
  {
    "name": "Require(25) node_modules/_egg-logrotator@3.0.3@egg-logrotator/app/extend/application.js",
    "start": 1535451687801,
    "end": 1535451687804,
    "duration": 3,
    "pid": 11640,
    "index": 29
  },
  {
    "name": "Require(26) node_modules/_egg-view@2.1.0@egg-view/app/extend/application.js",
    "start": 1535451687805,
    "end": 1535451687808,
    "duration": 3,
    "pid": 11640,
    "index": 30
  },
  {
    "name": "Load extend/request.js",
    "start": 1535451687813,
    "end": 1535451687826,
    "duration": 13,
    "pid": 11640,
    "index": 31
  },
  {
    "name": "Require(27) node_modules/_egg@2.10.0@egg/app/extend/request.js",
    "start": 1535451687818,
    "end": 1535451687821,
    "duration": 3,
    "pid": 11640,
    "index": 32
  },
  {
    "name": "Load extend/response.js",
    "start": 1535451687826,
    "end": 1535451687838,
    "duration": 12,
    "pid": 11640,
    "index": 33
  },
  {
    "name": "Require(28) node_modules/_egg@2.10.0@egg/app/extend/response.js",
    "start": 1535451687830,
    "end": 1535451687833,
    "duration": 3,
    "pid": 11640,
    "index": 34
  },
  {
    "name": "Load extend/context.js",
    "start": 1535451687838,
    "end": 1535451687928,
    "duration": 90,
    "pid": 11640,
    "index": 35
  },
  {
    "name": "Require(29) node_modules/_egg-security@2.2.3@egg-security/app/extend/context.js",
    "start": 1535451687839,
    "end": 1535451687857,
    "duration": 18,
    "pid": 11640,
    "index": 36
  },
  {
    "name": "Require(30) node_modules/_egg-jsonp@2.0.0@egg-jsonp/app/extend/context.js",
    "start": 1535451687858,
    "end": 1535451687860,
    "duration": 2,
    "pid": 11640,
    "index": 37
  },
  {
    "name": "Require(31) node_modules/_egg-i18n@2.0.0@egg-i18n/app/extend/context.js",
    "start": 1535451687862,
    "end": 1535451687862,
    "duration": 0,
    "pid": 11640,
    "index": 38
  },
  {
    "name": "Require(32) node_modules/_egg-multipart@2.1.0@egg-multipart/app/extend/context.js",
    "start": 1535451687863,
    "end": 1535451687917,
    "duration": 54,
    "pid": 11640,
    "index": 39
  },
  {
    "name": "Require(33) node_modules/_egg-view@2.1.0@egg-view/app/extend/context.js",
    "start": 1535451687918,
    "end": 1535451687920,
    "duration": 2,
    "pid": 11640,
    "index": 40
  },
  {
    "name": "Require(34) node_modules/_egg@2.10.0@egg/app/extend/context.js",
    "start": 1535451687921,
    "end": 1535451687924,
    "duration": 3,
    "pid": 11640,
    "index": 41
  },
  {
    "name": "Load extend/helper.js",
    "start": 1535451687928,
    "end": 1535451687965,
    "duration": 37,
    "pid": 11640,
    "index": 42
  },
  {
    "name": "Require(35) node_modules/_egg-security@2.2.3@egg-security/app/extend/helper.js",
    "start": 1535451687929,
    "end": 1535451687956,
    "duration": 27,
    "pid": 11640,
    "index": 43
  },
  {
    "name": "Require(36) node_modules/_egg@2.10.0@egg/app/extend/helper.js",
    "start": 1535451687960,
    "end": 1535451687960,
    "duration": 0,
    "pid": 11640,
    "index": 44
  },
  {
    "name": "Load app.js",
    "start": 1535451687965,
    "end": 1535451688278,
    "duration": 313,
    "pid": 11640,
    "index": 45
  },
  {
    "name": "Require(37) node_modules/_egg-session@3.1.0@egg-session/app.js",
    "start": 1535451687965,
    "end": 1535451687966,
    "duration": 1,
    "pid": 11640,
    "index": 46
  },
  {
    "name": "Require(38) node_modules/_egg-security@2.2.3@egg-security/app.js",
    "start": 1535451687967,
    "end": 1535451687970,
    "duration": 3,
    "pid": 11640,
    "index": 47
  },
  {
    "name": "Require(39) node_modules/_egg-onerror@2.1.0@egg-onerror/app.js",
    "start": 1535451687972,
    "end": 1535451687987,
    "duration": 15,
    "pid": 11640,
    "index": 48
  },
  {
    "name": "Require(40) node_modules/_egg-i18n@2.0.0@egg-i18n/app.js",
    "start": 1535451687989,
    "end": 1535451688001,
    "duration": 12,
    "pid": 11640,
    "index": 49
  },
  {
    "name": "Require(41) node_modules/_egg-watcher@3.0.0@egg-watcher/app.js",
    "start": 1535451688006,
    "end": 1535451688011,
    "duration": 5,
    "pid": 11640,
    "index": 50
  },
  {
    "name": "Before Start in node_modules/_egg-watcher@3.0.0@egg-watcher/app.js:15:7",
    "start": 1535451688023,
    "end": 1535451688460,
    "duration": 437,
    "pid": 11640,
    "index": 51
  },
  {
    "name": "Require(42) node_modules/_egg-multipart@2.1.0@egg-multipart/app.js",
    "start": 1535451688025,
    "end": 1535451688030,
    "duration": 5,
    "pid": 11640,
    "index": 52
  },
  {
    "name": "Require(43) node_modules/_egg-development@2.4.1@egg-development/app.js",
    "start": 1535451688031,
    "end": 1535451688031,
    "duration": 0,
    "pid": 11640,
    "index": 53
  },
  {
    "name": "Require(44) node_modules/_egg-schedule@3.3.0@egg-schedule/app.js",
    "start": 1535451688032,
    "end": 1535451688036,
    "duration": 4,
    "pid": 11640,
    "index": 54
  },
  {
    "name": "Require(45) node_modules/_egg-logrotator@3.0.3@egg-logrotator/app.js",
    "start": 1535451688101,
    "end": 1535451688101,
    "duration": 0,
    "pid": 11640,
    "index": 55
  },
  {
    "name": "Require(46) node_modules/_egg-static@2.1.1@egg-static/app.js",
    "start": 1535451688102,
    "end": 1535451688102,
    "duration": 0,
    "pid": 11640,
    "index": 56
  },
  {
    "name": "Require(47) node_modules/_egg-view-ejs@2.0.0@egg-view-ejs/app.js",
    "start": 1535451688104,
    "end": 1535451688104,
    "duration": 0,
    "pid": 11640,
    "index": 57
  },
  {
    "name": "Require(48) node_modules/_egg-mysql@3.0.0@egg-mysql/app.js",
    "start": 1535451688113,
    "end": 1535451688142,
    "duration": 29,
    "pid": 11640,
    "index": 58
  },
  {
    "name": "Before Start in node_modules/_egg-mysql@3.0.0@egg-mysql/lib/mysql.js:20:7",
    "start": 1535451688275,
    "end": 1535451688468,
    "duration": 193,
    "pid": 11640,
    "index": 59
  },
  {
    "name": "Load Service",
    "start": 1535451688278,
    "end": 1535451688284,
    "duration": 6,
    "pid": 11640,
    "index": 60
  },
  {
    "name": "Load \"service\" to Context",
    "start": 1535451688278,
    "end": 1535451688284,
    "duration": 6,
    "pid": 11640,
    "index": 61
  },
  {
    "name": "Load Middleware",
    "start": 1535451688284,
    "end": 1535451688413,
    "duration": 129,
    "pid": 11640,
    "index": 62
  },
  {
    "name": "Load \"middlewares\" to Application",
    "start": 1535451688284,
    "end": 1535451688396,
    "duration": 112,
    "pid": 11640,
    "index": 63
  },
  {
    "name": "Load Controller",
    "start": 1535451688413,
    "end": 1535451688417,
    "duration": 4,
    "pid": 11640,
    "index": 64
  },
  {
    "name": "Load \"controller\" to Application",
    "start": 1535451688413,
    "end": 1535451688417,
    "duration": 4,
    "pid": 11640,
    "index": 65
  },
  {
    "name": "Load Router",
    "start": 1535451688417,
    "end": 1535451688423,
    "duration": 6,
    "pid": 11640,
    "index": 66
  },
  {
    "name": "Require(49) app/router.js",
    "start": 1535451688417,
    "end": 1535451688418,
    "duration": 1,
    "pid": 11640,
    "index": 67
  },
  {
    "name": "Before Start in node_modules/_egg-core@4.9.1@egg-core/lib/egg.js:328:10",
    "start": 1535451688419,
    "end": 1535451688443,
    "duration": 24,
    "pid": 11640,
    "index": 68
  }
]