[
  {
    "name": "Application Start",
    "start": 1535452883804,
    "end": 1535452884745,
    "duration": 941,
    "pid": 17012,
    "index": 0
  },
  {
    "name": "Load Plugin",
    "start": 1535452883815,
    "end": 1535452883878,
    "duration": 63,
    "pid": 17012,
    "index": 1
  },
  {
    "name": "Load Config",
    "start": 1535452883879,
    "end": 1535452883931,
    "duration": 52,
    "pid": 17012,
    "index": 2
  },
  {
    "name": "Require(0) config/config.default.js",
    "start": 1535452883880,
    "end": 1535452883881,
    "duration": 1,
    "pid": 17012,
    "index": 3
  },
  {
    "name": "Require(1) node_modules/_egg-session@3.1.0@egg-session/config/config.default.js",
    "start": 1535452883883,
    "end": 1535452883884,
    "duration": 1,
    "pid": 17012,
    "index": 4
  },
  {
    "name": "Require(2) node_modules/_egg-security@2.2.3@egg-security/config/config.default.js",
    "start": 1535452883885,
    "end": 1535452883885,
    "duration": 0,
    "pid": 17012,
    "index": 5
  },
  {
    "name": "Require(3) node_modules/_egg-jsonp@2.0.0@egg-jsonp/config/config.default.js",
    "start": 1535452883887,
    "end": 1535452883888,
    "duration": 1,
    "pid": 17012,
    "index": 6
  },
  {
    "name": "Require(4) node_modules/_egg-onerror@2.1.0@egg-onerror/config/config.default.js",
    "start": 1535452883889,
    "end": 1535452883889,
    "duration": 0,
    "pid": 17012,
    "index": 7
  },
  {
    "name": "Require(5) node_modules/_egg-i18n@2.0.0@egg-i18n/config/config.default.js",
    "start": 1535452883891,
    "end": 1535452883893,
    "duration": 2,
    "pid": 17012,
    "index": 8
  },
  {
    "name": "Require(6) node_modules/_egg-watcher@3.0.0@egg-watcher/config/config.default.js",
    "start": 1535452883895,
    "end": 1535452883895,
    "duration": 0,
    "pid": 17012,
    "index": 9
  },
  {
    "name": "Require(7) node_modules/_egg-multipart@2.1.0@egg-multipart/config/config.default.js",
    "start": 1535452883896,
    "end": 1535452883897,
    "duration": 1,
    "pid": 17012,
    "index": 10
  },
  {
    "name": "Require(8) node_modules/_egg-development@2.4.1@egg-development/config/config.default.js",
    "start": 1535452883899,
    "end": 1535452883899,
    "duration": 0,
    "pid": 17012,
    "index": 11
  },
  {
    "name": "Require(9) node_modules/_egg-schedule@3.3.0@egg-schedule/config/config.default.js",
    "start": 1535452883900,
    "end": 1535452883901,
    "duration": 1,
    "pid": 17012,
    "index": 12
  },
  {
    "name": "Require(10) node_modules/_egg-logrotator@3.0.3@egg-logrotator/config/config.default.js",
    "start": 1535452883903,
    "end": 1535452883903,
    "duration": 0,
    "pid": 17012,
    "index": 13
  },
  {
    "name": "Require(11) node_modules/_egg-static@2.1.1@egg-static/config/config.default.js",
    "start": 1535452883905,
    "end": 1535452883905,
    "duration": 0,
    "pid": 17012,
    "index": 14
  },
  {
    "name": "Require(12) node_modules/_egg-view@2.1.0@egg-view/config/config.default.js",
    "start": 1535452883907,
    "end": 1535452883912,
    "duration": 5,
    "pid": 17012,
    "index": 15
  },
  {
    "name": "Require(13) node_modules/_egg-view-ejs@2.0.0@egg-view-ejs/config/config.default.js",
    "start": 1535452883913,
    "end": 1535452883914,
    "duration": 1,
    "pid": 17012,
    "index": 16
  },
  {
    "name": "Require(14) node_modules/_egg-mysql@3.0.0@egg-mysql/config/config.default.js",
    "start": 1535452883915,
    "end": 1535452883916,
    "duration": 1,
    "pid": 17012,
    "index": 17
  },
  {
    "name": "Require(15) node_modules/_egg@2.10.0@egg/config/config.default.js",
    "start": 1535452883917,
    "end": 1535452883917,
    "duration": 0,
    "pid": 17012,
    "index": 18
  },
  {
    "name": "Require(16) config/config.default.js",
    "start": 1535452883920,
    "end": 1535452883920,
    "duration": 0,
    "pid": 17012,
    "index": 19
  },
  {
    "name": "Require(17) node_modules/_egg-security@2.2.3@egg-security/config/config.local.js",
    "start": 1535452883922,
    "end": 1535452883922,
    "duration": 0,
    "pid": 17012,
    "index": 20
  },
  {
    "name": "Require(18) node_modules/_egg-watcher@3.0.0@egg-watcher/config/config.local.js",
    "start": 1535452883924,
    "end": 1535452883925,
    "duration": 1,
    "pid": 17012,
    "index": 21
  },
  {
    "name": "Require(19) node_modules/_egg-view@2.1.0@egg-view/config/config.local.js",
    "start": 1535452883928,
    "end": 1535452883928,
    "duration": 0,
    "pid": 17012,
    "index": 22
  },
  {
    "name": "Require(20) node_modules/_egg-view-ejs@2.0.0@egg-view-ejs/config/config.local.js",
    "start": 1535452883929,
    "end": 1535452883929,
    "duration": 0,
    "pid": 17012,
    "index": 23
  },
  {
    "name": "Require(21) node_modules/_egg@2.10.0@egg/config/config.local.js",
    "start": 1535452883930,
    "end": 1535452883931,
    "duration": 1,
    "pid": 17012,
    "index": 24
  },
  {
    "name": "Load extend/application.js",
    "start": 1535452883933,
    "end": 1535452883964,
    "duration": 31,
    "pid": 17012,
    "index": 25
  },
  {
    "name": "Require(22) node_modules/_egg-session@3.1.0@egg-session/app/extend/application.js",
    "start": 1535452883934,
    "end": 1535452883935,
    "duration": 1,
    "pid": 17012,
    "index": 26
  },
  {
    "name": "Require(23) node_modules/_egg-security@2.2.3@egg-security/app/extend/application.js",
    "start": 1535452883936,
    "end": 1535452883938,
    "duration": 2,
    "pid": 17012,
    "index": 27
  },
  {
    "name": "Require(24) node_modules/_egg-jsonp@2.0.0@egg-jsonp/app/extend/application.js",
    "start": 1535452883939,
    "end": 1535452883944,
    "duration": 5,
    "pid": 17012,
    "index": 28
  },
  {
    "name": "Require(25) node_modules/_egg-logrotator@3.0.3@egg-logrotator/app/extend/application.js",
    "start": 1535452883947,
    "end": 1535452883953,
    "duration": 6,
    "pid": 17012,
    "index": 29
  },
  {
    "name": "Require(26) node_modules/_egg-view@2.1.0@egg-view/app/extend/application.js",
    "start": 1535452883954,
    "end": 1535452883957,
    "duration": 3,
    "pid": 17012,
    "index": 30
  },
  {
    "name": "Load extend/request.js",
    "start": 1535452883964,
    "end": 1535452883979,
    "duration": 15,
    "pid": 17012,
    "index": 31
  },
  {
    "name": "Require(27) node_modules/_egg@2.10.0@egg/app/extend/request.js",
    "start": 1535452883970,
    "end": 1535452883973,
    "duration": 3,
    "pid": 17012,
    "index": 32
  },
  {
    "name": "Load extend/response.js",
    "start": 1535452883980,
    "end": 1535452883996,
    "duration": 16,
    "pid": 17012,
    "index": 33
  },
  {
    "name": "Require(28) node_modules/_egg@2.10.0@egg/app/extend/response.js",
    "start": 1535452883986,
    "end": 1535452883990,
    "duration": 4,
    "pid": 17012,
    "index": 34
  },
  {
    "name": "Load extend/context.js",
    "start": 1535452883996,
    "end": 1535452884124,
    "duration": 128,
    "pid": 17012,
    "index": 35
  },
  {
    "name": "Require(29) node_modules/_egg-security@2.2.3@egg-security/app/extend/context.js",
    "start": 1535452883997,
    "end": 1535452884021,
    "duration": 24,
    "pid": 17012,
    "index": 36
  },
  {
    "name": "Require(30) node_modules/_egg-jsonp@2.0.0@egg-jsonp/app/extend/context.js",
    "start": 1535452884021,
    "end": 1535452884024,
    "duration": 3,
    "pid": 17012,
    "index": 37
  },
  {
    "name": "Require(31) node_modules/_egg-i18n@2.0.0@egg-i18n/app/extend/context.js",
    "start": 1535452884025,
    "end": 1535452884026,
    "duration": 1,
    "pid": 17012,
    "index": 38
  },
  {
    "name": "Require(32) node_modules/_egg-multipart@2.1.0@egg-multipart/app/extend/context.js",
    "start": 1535452884027,
    "end": 1535452884109,
    "duration": 82,
    "pid": 17012,
    "index": 39
  },
  {
    "name": "Require(33) node_modules/_egg-view@2.1.0@egg-view/app/extend/context.js",
    "start": 1535452884111,
    "end": 1535452884113,
    "duration": 2,
    "pid": 17012,
    "index": 40
  },
  {
    "name": "Require(34) node_modules/_egg@2.10.0@egg/app/extend/context.js",
    "start": 1535452884114,
    "end": 1535452884118,
    "duration": 4,
    "pid": 17012,
    "index": 41
  },
  {
    "name": "Load extend/helper.js",
    "start": 1535452884125,
    "end": 1535452884170,
    "duration": 45,
    "pid": 17012,
    "index": 42
  },
  {
    "name": "Require(35) node_modules/_egg-security@2.2.3@egg-security/app/extend/helper.js",
    "start": 1535452884126,
    "end": 1535452884159,
    "duration": 33,
    "pid": 17012,
    "index": 43
  },
  {
    "name": "Require(36) node_modules/_egg@2.10.0@egg/app/extend/helper.js",
    "start": 1535452884164,
    "end": 1535452884164,
    "duration": 0,
    "pid": 17012,
    "index": 44
  },
  {
    "name": "Load app.js",
    "start": 1535452884170,
    "end": 1535452884548,
    "duration": 378,
    "pid": 17012,
    "index": 45
  },
  {
    "name": "Require(37) node_modules/_egg-session@3.1.0@egg-session/app.js",
    "start": 1535452884171,
    "end": 1535452884172,
    "duration": 1,
    "pid": 17012,
    "index": 46
  },
  {
    "name": "Require(38) node_modules/_egg-security@2.2.3@egg-security/app.js",
    "start": 1535452884173,
    "end": 1535452884177,
    "duration": 4,
    "pid": 17012,
    "index": 47
  },
  {
    "name": "Require(39) node_modules/_egg-onerror@2.1.0@egg-onerror/app.js",
    "start": 1535452884179,
    "end": 1535452884199,
    "duration": 20,
    "pid": 17012,
    "index": 48
  },
  {
    "name": "Require(40) node_modules/_egg-i18n@2.0.0@egg-i18n/app.js",
    "start": 1535452884205,
    "end": 1535452884226,
    "duration": 21,
    "pid": 17012,
    "index": 49
  },
  {
    "name": "Require(41) node_modules/_egg-watcher@3.0.0@egg-watcher/app.js",
    "start": 1535452884233,
    "end": 1535452884242,
    "duration": 9,
    "pid": 17012,
    "index": 50
  },
  {
    "name": "Before Start in node_modules/_egg-watcher@3.0.0@egg-watcher/app.js:15:7",
    "start": 1535452884257,
    "end": 1535452884740,
    "duration": 483,
    "pid": 17012,
    "index": 51
  },
  {
    "name": "Require(42) node_modules/_egg-multipart@2.1.0@egg-multipart/app.js",
    "start": 1535452884259,
    "end": 1535452884267,
    "duration": 8,
    "pid": 17012,
    "index": 52
  },
  {
    "name": "Require(43) node_modules/_egg-development@2.4.1@egg-development/app.js",
    "start": 1535452884269,
    "end": 1535452884270,
    "duration": 1,
    "pid": 17012,
    "index": 53
  },
  {
    "name": "Require(44) node_modules/_egg-schedule@3.3.0@egg-schedule/app.js",
    "start": 1535452884271,
    "end": 1535452884277,
    "duration": 6,
    "pid": 17012,
    "index": 54
  },
  {
    "name": "Require(45) node_modules/_egg-logrotator@3.0.3@egg-logrotator/app.js",
    "start": 1535452884382,
    "end": 1535452884387,
    "duration": 5,
    "pid": 17012,
    "index": 55
  },
  {
    "name": "Require(46) node_modules/_egg-static@2.1.1@egg-static/app.js",
    "start": 1535452884388,
    "end": 1535452884389,
    "duration": 1,
    "pid": 17012,
    "index": 56
  },
  {
    "name": "Require(47) node_modules/_egg-view-ejs@2.0.0@egg-view-ejs/app.js",
    "start": 1535452884391,
    "end": 1535452884391,
    "duration": 0,
    "pid": 17012,
    "index": 57
  },
  {
    "name": "Require(48) node_modules/_egg-mysql@3.0.0@egg-mysql/app.js",
    "start": 1535452884398,
    "end": 1535452884422,
    "duration": 24,
    "pid": 17012,
    "index": 58
  },
  {
    "name": "Before Start in node_modules/_egg-mysql@3.0.0@egg-mysql/lib/mysql.js:20:7",
    "start": 1535452884546,
    "end": 1535452884745,
    "duration": 199,
    "pid": 17012,
    "index": 59
  },
  {
    "name": "Load Service",
    "start": 1535452884548,
    "end": 1535452884554,
    "duration": 6,
    "pid": 17012,
    "index": 60
  },
  {
    "name": "Load \"service\" to Context",
    "start": 1535452884548,
    "end": 1535452884554,
    "duration": 6,
    "pid": 17012,
    "index": 61
  },
  {
    "name": "Load Middleware",
    "start": 1535452884555,
    "end": 1535452884696,
    "duration": 141,
    "pid": 17012,
    "index": 62
  },
  {
    "name": "Load \"middlewares\" to Application",
    "start": 1535452884555,
    "end": 1535452884679,
    "duration": 124,
    "pid": 17012,
    "index": 63
  },
  {
    "name": "Load Controller",
    "start": 1535452884696,
    "end": 1535452884700,
    "duration": 4,
    "pid": 17012,
    "index": 64
  },
  {
    "name": "Load \"controller\" to Application",
    "start": 1535452884696,
    "end": 1535452884700,
    "duration": 4,
    "pid": 17012,
    "index": 65
  },
  {
    "name": "Load Router",
    "start": 1535452884700,
    "end": 1535452884703,
    "duration": 3,
    "pid": 17012,
    "index": 66
  },
  {
    "name": "Require(49) app/router.js",
    "start": 1535452884701,
    "end": 1535452884701,
    "duration": 0,
    "pid": 17012,
    "index": 67
  },
  {
    "name": "Before Start in node_modules/_egg-core@4.9.1@egg-core/lib/egg.js:328:10",
    "start": 1535452884702,
    "end": 1535452884723,
    "duration": 21,
    "pid": 17012,
    "index": 68
  }
]