[
  {
    "name": "Application Start",
    "start": 1535468225914,
    "end": 1535468226658,
    "duration": 744,
    "pid": 2776,
    "index": 0
  },
  {
    "name": "Load Plugin",
    "start": 1535468225923,
    "end": 1535468225959,
    "duration": 36,
    "pid": 2776,
    "index": 1
  },
  {
    "name": "Load Config",
    "start": 1535468225959,
    "end": 1535468225998,
    "duration": 39,
    "pid": 2776,
    "index": 2
  },
  {
    "name": "Require(0) config/config.default.js",
    "start": 1535468225960,
    "end": 1535468225960,
    "duration": 0,
    "pid": 2776,
    "index": 3
  },
  {
    "name": "Require(1) node_modules/_egg-session@3.1.0@egg-session/config/config.default.js",
    "start": 1535468225962,
    "end": 1535468225963,
    "duration": 1,
    "pid": 2776,
    "index": 4
  },
  {
    "name": "Require(2) node_modules/_egg-security@2.2.3@egg-security/config/config.default.js",
    "start": 1535468225964,
    "end": 1535468225964,
    "duration": 0,
    "pid": 2776,
    "index": 5
  },
  {
    "name": "Require(3) node_modules/_egg-jsonp@2.0.0@egg-jsonp/config/config.default.js",
    "start": 1535468225966,
    "end": 1535468225968,
    "duration": 2,
    "pid": 2776,
    "index": 6
  },
  {
    "name": "Require(4) node_modules/_egg-onerror@2.1.0@egg-onerror/config/config.default.js",
    "start": 1535468225970,
    "end": 1535468225970,
    "duration": 0,
    "pid": 2776,
    "index": 7
  },
  {
    "name": "Require(5) node_modules/_egg-i18n@2.0.0@egg-i18n/config/config.default.js",
    "start": 1535468225971,
    "end": 1535468225972,
    "duration": 1,
    "pid": 2776,
    "index": 8
  },
  {
    "name": "Require(6) node_modules/_egg-watcher@3.0.0@egg-watcher/config/config.default.js",
    "start": 1535468225973,
    "end": 1535468225974,
    "duration": 1,
    "pid": 2776,
    "index": 9
  },
  {
    "name": "Require(7) node_modules/_egg-multipart@2.1.0@egg-multipart/config/config.default.js",
    "start": 1535468225974,
    "end": 1535468225975,
    "duration": 1,
    "pid": 2776,
    "index": 10
  },
  {
    "name": "Require(8) node_modules/_egg-development@2.4.1@egg-development/config/config.default.js",
    "start": 1535468225976,
    "end": 1535468225976,
    "duration": 0,
    "pid": 2776,
    "index": 11
  },
  {
    "name": "Require(9) node_modules/_egg-schedule@3.3.0@egg-schedule/config/config.default.js",
    "start": 1535468225977,
    "end": 1535468225977,
    "duration": 0,
    "pid": 2776,
    "index": 12
  },
  {
    "name": "Require(10) node_modules/_egg-logrotator@3.0.3@egg-logrotator/config/config.default.js",
    "start": 1535468225978,
    "end": 1535468225982,
    "duration": 4,
    "pid": 2776,
    "index": 13
  },
  {
    "name": "Require(11) node_modules/_egg-static@2.1.1@egg-static/config/config.default.js",
    "start": 1535468225983,
    "end": 1535468225985,
    "duration": 2,
    "pid": 2776,
    "index": 14
  },
  {
    "name": "Require(12) node_modules/_egg-view@2.1.0@egg-view/config/config.default.js",
    "start": 1535468225986,
    "end": 1535468225986,
    "duration": 0,
    "pid": 2776,
    "index": 15
  },
  {
    "name": "Require(13) node_modules/_egg-view-ejs@2.0.0@egg-view-ejs/config/config.default.js",
    "start": 1535468225987,
    "end": 1535468225987,
    "duration": 0,
    "pid": 2776,
    "index": 16
  },
  {
    "name": "Require(14) node_modules/_egg-mysql@3.0.0@egg-mysql/config/config.default.js",
    "start": 1535468225988,
    "end": 1535468225988,
    "duration": 0,
    "pid": 2776,
    "index": 17
  },
  {
    "name": "Require(15) node_modules/_egg@2.10.0@egg/config/config.default.js",
    "start": 1535468225989,
    "end": 1535468225989,
    "duration": 0,
    "pid": 2776,
    "index": 18
  },
  {
    "name": "Require(16) config/config.default.js",
    "start": 1535468225991,
    "end": 1535468225991,
    "duration": 0,
    "pid": 2776,
    "index": 19
  },
  {
    "name": "Require(17) node_modules/_egg-security@2.2.3@egg-security/config/config.local.js",
    "start": 1535468225992,
    "end": 1535468225992,
    "duration": 0,
    "pid": 2776,
    "index": 20
  },
  {
    "name": "Require(18) node_modules/_egg-watcher@3.0.0@egg-watcher/config/config.local.js",
    "start": 1535468225993,
    "end": 1535468225994,
    "duration": 1,
    "pid": 2776,
    "index": 21
  },
  {
    "name": "Require(19) node_modules/_egg-view@2.1.0@egg-view/config/config.local.js",
    "start": 1535468225996,
    "end": 1535468225996,
    "duration": 0,
    "pid": 2776,
    "index": 22
  },
  {
    "name": "Require(20) node_modules/_egg-view-ejs@2.0.0@egg-view-ejs/config/config.local.js",
    "start": 1535468225997,
    "end": 1535468225997,
    "duration": 0,
    "pid": 2776,
    "index": 23
  },
  {
    "name": "Require(21) node_modules/_egg@2.10.0@egg/config/config.local.js",
    "start": 1535468225998,
    "end": 1535468225998,
    "duration": 0,
    "pid": 2776,
    "index": 24
  },
  {
    "name": "Load extend/application.js",
    "start": 1535468226000,
    "end": 1535468226026,
    "duration": 26,
    "pid": 2776,
    "index": 25
  },
  {
    "name": "Require(22) node_modules/_egg-session@3.1.0@egg-session/app/extend/application.js",
    "start": 1535468226001,
    "end": 1535468226002,
    "duration": 1,
    "pid": 2776,
    "index": 26
  },
  {
    "name": "Require(23) node_modules/_egg-security@2.2.3@egg-security/app/extend/application.js",
    "start": 1535468226003,
    "end": 1535468226005,
    "duration": 2,
    "pid": 2776,
    "index": 27
  },
  {
    "name": "Require(24) node_modules/_egg-jsonp@2.0.0@egg-jsonp/app/extend/application.js",
    "start": 1535468226006,
    "end": 1535468226009,
    "duration": 3,
    "pid": 2776,
    "index": 28
  },
  {
    "name": "Require(25) node_modules/_egg-logrotator@3.0.3@egg-logrotator/app/extend/application.js",
    "start": 1535468226011,
    "end": 1535468226017,
    "duration": 6,
    "pid": 2776,
    "index": 29
  },
  {
    "name": "Require(26) node_modules/_egg-view@2.1.0@egg-view/app/extend/application.js",
    "start": 1535468226018,
    "end": 1535468226021,
    "duration": 3,
    "pid": 2776,
    "index": 30
  },
  {
    "name": "Load extend/request.js",
    "start": 1535468226026,
    "end": 1535468226039,
    "duration": 13,
    "pid": 2776,
    "index": 31
  },
  {
    "name": "Require(27) node_modules/_egg@2.10.0@egg/app/extend/request.js",
    "start": 1535468226030,
    "end": 1535468226034,
    "duration": 4,
    "pid": 2776,
    "index": 32
  },
  {
    "name": "Load extend/response.js",
    "start": 1535468226039,
    "end": 1535468226050,
    "duration": 11,
    "pid": 2776,
    "index": 33
  },
  {
    "name": "Require(28) node_modules/_egg@2.10.0@egg/app/extend/response.js",
    "start": 1535468226043,
    "end": 1535468226046,
    "duration": 3,
    "pid": 2776,
    "index": 34
  },
  {
    "name": "Load extend/context.js",
    "start": 1535468226050,
    "end": 1535468226144,
    "duration": 94,
    "pid": 2776,
    "index": 35
  },
  {
    "name": "Require(29) node_modules/_egg-security@2.2.3@egg-security/app/extend/context.js",
    "start": 1535468226051,
    "end": 1535468226069,
    "duration": 18,
    "pid": 2776,
    "index": 36
  },
  {
    "name": "Require(30) node_modules/_egg-jsonp@2.0.0@egg-jsonp/app/extend/context.js",
    "start": 1535468226069,
    "end": 1535468226071,
    "duration": 2,
    "pid": 2776,
    "index": 37
  },
  {
    "name": "Require(31) node_modules/_egg-i18n@2.0.0@egg-i18n/app/extend/context.js",
    "start": 1535468226072,
    "end": 1535468226072,
    "duration": 0,
    "pid": 2776,
    "index": 38
  },
  {
    "name": "Require(32) node_modules/_egg-multipart@2.1.0@egg-multipart/app/extend/context.js",
    "start": 1535468226073,
    "end": 1535468226133,
    "duration": 60,
    "pid": 2776,
    "index": 39
  },
  {
    "name": "Require(33) node_modules/_egg-view@2.1.0@egg-view/app/extend/context.js",
    "start": 1535468226134,
    "end": 1535468226136,
    "duration": 2,
    "pid": 2776,
    "index": 40
  },
  {
    "name": "Require(34) node_modules/_egg@2.10.0@egg/app/extend/context.js",
    "start": 1535468226137,
    "end": 1535468226140,
    "duration": 3,
    "pid": 2776,
    "index": 41
  },
  {
    "name": "Load extend/helper.js",
    "start": 1535468226144,
    "end": 1535468226174,
    "duration": 30,
    "pid": 2776,
    "index": 42
  },
  {
    "name": "Require(35) node_modules/_egg-security@2.2.3@egg-security/app/extend/helper.js",
    "start": 1535468226145,
    "end": 1535468226167,
    "duration": 22,
    "pid": 2776,
    "index": 43
  },
  {
    "name": "Require(36) node_modules/_egg@2.10.0@egg/app/extend/helper.js",
    "start": 1535468226170,
    "end": 1535468226170,
    "duration": 0,
    "pid": 2776,
    "index": 44
  },
  {
    "name": "Load app.js",
    "start": 1535468226174,
    "end": 1535468226447,
    "duration": 273,
    "pid": 2776,
    "index": 45
  },
  {
    "name": "Require(37) node_modules/_egg-session@3.1.0@egg-session/app.js",
    "start": 1535468226175,
    "end": 1535468226176,
    "duration": 1,
    "pid": 2776,
    "index": 46
  },
  {
    "name": "Require(38) node_modules/_egg-security@2.2.3@egg-security/app.js",
    "start": 1535468226176,
    "end": 1535468226179,
    "duration": 3,
    "pid": 2776,
    "index": 47
  },
  {
    "name": "Require(39) node_modules/_egg-onerror@2.1.0@egg-onerror/app.js",
    "start": 1535468226181,
    "end": 1535468226195,
    "duration": 14,
    "pid": 2776,
    "index": 48
  },
  {
    "name": "Require(40) node_modules/_egg-i18n@2.0.0@egg-i18n/app.js",
    "start": 1535468226197,
    "end": 1535468226210,
    "duration": 13,
    "pid": 2776,
    "index": 49
  },
  {
    "name": "Require(41) node_modules/_egg-watcher@3.0.0@egg-watcher/app.js",
    "start": 1535468226215,
    "end": 1535468226222,
    "duration": 7,
    "pid": 2776,
    "index": 50
  },
  {
    "name": "Before Start in node_modules/_egg-watcher@3.0.0@egg-watcher/app.js:15:7",
    "start": 1535468226234,
    "end": 1535468226653,
    "duration": 419,
    "pid": 2776,
    "index": 51
  },
  {
    "name": "Require(42) node_modules/_egg-multipart@2.1.0@egg-multipart/app.js",
    "start": 1535468226236,
    "end": 1535468226243,
    "duration": 7,
    "pid": 2776,
    "index": 52
  },
  {
    "name": "Require(43) node_modules/_egg-development@2.4.1@egg-development/app.js",
    "start": 1535468226244,
    "end": 1535468226244,
    "duration": 0,
    "pid": 2776,
    "index": 53
  },
  {
    "name": "Require(44) node_modules/_egg-schedule@3.3.0@egg-schedule/app.js",
    "start": 1535468226245,
    "end": 1535468226249,
    "duration": 4,
    "pid": 2776,
    "index": 54
  },
  {
    "name": "Require(45) node_modules/_egg-logrotator@3.0.3@egg-logrotator/app.js",
    "start": 1535468226305,
    "end": 1535468226305,
    "duration": 0,
    "pid": 2776,
    "index": 55
  },
  {
    "name": "Require(46) node_modules/_egg-static@2.1.1@egg-static/app.js",
    "start": 1535468226306,
    "end": 1535468226306,
    "duration": 0,
    "pid": 2776,
    "index": 56
  },
  {
    "name": "Require(47) node_modules/_egg-view-ejs@2.0.0@egg-view-ejs/app.js",
    "start": 1535468226308,
    "end": 1535468226309,
    "duration": 1,
    "pid": 2776,
    "index": 57
  },
  {
    "name": "Require(48) node_modules/_egg-mysql@3.0.0@egg-mysql/app.js",
    "start": 1535468226319,
    "end": 1535468226347,
    "duration": 28,
    "pid": 2776,
    "index": 58
  },
  {
    "name": "Before Start in node_modules/_egg-mysql@3.0.0@egg-mysql/lib/mysql.js:20:7",
    "start": 1535468226445,
    "end": 1535468226658,
    "duration": 213,
    "pid": 2776,
    "index": 59
  },
  {
    "name": "Load Service",
    "start": 1535468226448,
    "end": 1535468226455,
    "duration": 7,
    "pid": 2776,
    "index": 60
  },
  {
    "name": "Load \"service\" to Context",
    "start": 1535468226448,
    "end": 1535468226455,
    "duration": 7,
    "pid": 2776,
    "index": 61
  },
  {
    "name": "Load Middleware",
    "start": 1535468226456,
    "end": 1535468226610,
    "duration": 154,
    "pid": 2776,
    "index": 62
  },
  {
    "name": "Load \"middlewares\" to Application",
    "start": 1535468226456,
    "end": 1535468226593,
    "duration": 137,
    "pid": 2776,
    "index": 63
  },
  {
    "name": "Load Controller",
    "start": 1535468226610,
    "end": 1535468226613,
    "duration": 3,
    "pid": 2776,
    "index": 64
  },
  {
    "name": "Load \"controller\" to Application",
    "start": 1535468226610,
    "end": 1535468226613,
    "duration": 3,
    "pid": 2776,
    "index": 65
  },
  {
    "name": "Load Router",
    "start": 1535468226613,
    "end": 1535468226616,
    "duration": 3,
    "pid": 2776,
    "index": 66
  },
  {
    "name": "Require(49) app/router.js",
    "start": 1535468226614,
    "end": 1535468226614,
    "duration": 0,
    "pid": 2776,
    "index": 67
  },
  {
    "name": "Before Start in node_modules/_egg-core@4.9.1@egg-core/lib/egg.js:328:10",
    "start": 1535468226615,
    "end": 1535468226636,
    "duration": 21,
    "pid": 2776,
    "index": 68
  }
]