[
  {
    "name": "Application Start",
    "start": 1535468056252,
    "end": 1535468056990,
    "duration": 738,
    "pid": 11844,
    "index": 0
  },
  {
    "name": "Load Plugin",
    "start": 1535468056258,
    "end": 1535468056298,
    "duration": 40,
    "pid": 11844,
    "index": 1
  },
  {
    "name": "Load Config",
    "start": 1535468056298,
    "end": 1535468056338,
    "duration": 40,
    "pid": 11844,
    "index": 2
  },
  {
    "name": "Require(0) config/config.default.js",
    "start": 1535468056300,
    "end": 1535468056301,
    "duration": 1,
    "pid": 11844,
    "index": 3
  },
  {
    "name": "Require(1) node_modules/_egg-session@3.1.0@egg-session/config/config.default.js",
    "start": 1535468056304,
    "end": 1535468056304,
    "duration": 0,
    "pid": 11844,
    "index": 4
  },
  {
    "name": "Require(2) node_modules/_egg-security@2.2.3@egg-security/config/config.default.js",
    "start": 1535468056305,
    "end": 1535468056306,
    "duration": 1,
    "pid": 11844,
    "index": 5
  },
  {
    "name": "Require(3) node_modules/_egg-jsonp@2.0.0@egg-jsonp/config/config.default.js",
    "start": 1535468056307,
    "end": 1535468056308,
    "duration": 1,
    "pid": 11844,
    "index": 6
  },
  {
    "name": "Require(4) node_modules/_egg-onerror@2.1.0@egg-onerror/config/config.default.js",
    "start": 1535468056308,
    "end": 1535468056309,
    "duration": 1,
    "pid": 11844,
    "index": 7
  },
  {
    "name": "Require(5) node_modules/_egg-i18n@2.0.0@egg-i18n/config/config.default.js",
    "start": 1535468056309,
    "end": 1535468056310,
    "duration": 1,
    "pid": 11844,
    "index": 8
  },
  {
    "name": "Require(6) node_modules/_egg-watcher@3.0.0@egg-watcher/config/config.default.js",
    "start": 1535468056311,
    "end": 1535468056311,
    "duration": 0,
    "pid": 11844,
    "index": 9
  },
  {
    "name": "Require(7) node_modules/_egg-multipart@2.1.0@egg-multipart/config/config.default.js",
    "start": 1535468056312,
    "end": 1535468056314,
    "duration": 2,
    "pid": 11844,
    "index": 10
  },
  {
    "name": "Require(8) node_modules/_egg-development@2.4.1@egg-development/config/config.default.js",
    "start": 1535468056314,
    "end": 1535468056315,
    "duration": 1,
    "pid": 11844,
    "index": 11
  },
  {
    "name": "Require(9) node_modules/_egg-schedule@3.3.0@egg-schedule/config/config.default.js",
    "start": 1535468056316,
    "end": 1535468056316,
    "duration": 0,
    "pid": 11844,
    "index": 12
  },
  {
    "name": "Require(10) node_modules/_egg-logrotator@3.0.3@egg-logrotator/config/config.default.js",
    "start": 1535468056320,
    "end": 1535468056321,
    "duration": 1,
    "pid": 11844,
    "index": 13
  },
  {
    "name": "Require(11) node_modules/_egg-static@2.1.1@egg-static/config/config.default.js",
    "start": 1535468056322,
    "end": 1535468056322,
    "duration": 0,
    "pid": 11844,
    "index": 14
  },
  {
    "name": "Require(12) node_modules/_egg-view@2.1.0@egg-view/config/config.default.js",
    "start": 1535468056323,
    "end": 1535468056324,
    "duration": 1,
    "pid": 11844,
    "index": 15
  },
  {
    "name": "Require(13) node_modules/_egg-view-ejs@2.0.0@egg-view-ejs/config/config.default.js",
    "start": 1535468056326,
    "end": 1535468056326,
    "duration": 0,
    "pid": 11844,
    "index": 16
  },
  {
    "name": "Require(14) node_modules/_egg-mysql@3.0.0@egg-mysql/config/config.default.js",
    "start": 1535468056327,
    "end": 1535468056327,
    "duration": 0,
    "pid": 11844,
    "index": 17
  },
  {
    "name": "Require(15) node_modules/_egg@2.10.0@egg/config/config.default.js",
    "start": 1535468056328,
    "end": 1535468056329,
    "duration": 1,
    "pid": 11844,
    "index": 18
  },
  {
    "name": "Require(16) config/config.default.js",
    "start": 1535468056330,
    "end": 1535468056330,
    "duration": 0,
    "pid": 11844,
    "index": 19
  },
  {
    "name": "Require(17) node_modules/_egg-security@2.2.3@egg-security/config/config.local.js",
    "start": 1535468056331,
    "end": 1535468056332,
    "duration": 1,
    "pid": 11844,
    "index": 20
  },
  {
    "name": "Require(18) node_modules/_egg-watcher@3.0.0@egg-watcher/config/config.local.js",
    "start": 1535468056333,
    "end": 1535468056333,
    "duration": 0,
    "pid": 11844,
    "index": 21
  },
  {
    "name": "Require(19) node_modules/_egg-view@2.1.0@egg-view/config/config.local.js",
    "start": 1535468056335,
    "end": 1535468056335,
    "duration": 0,
    "pid": 11844,
    "index": 22
  },
  {
    "name": "Require(20) node_modules/_egg-view-ejs@2.0.0@egg-view-ejs/config/config.local.js",
    "start": 1535468056336,
    "end": 1535468056336,
    "duration": 0,
    "pid": 11844,
    "index": 23
  },
  {
    "name": "Require(21) node_modules/_egg@2.10.0@egg/config/config.local.js",
    "start": 1535468056337,
    "end": 1535468056337,
    "duration": 0,
    "pid": 11844,
    "index": 24
  },
  {
    "name": "Load extend/application.js",
    "start": 1535468056339,
    "end": 1535468056361,
    "duration": 22,
    "pid": 11844,
    "index": 25
  },
  {
    "name": "Require(22) node_modules/_egg-session@3.1.0@egg-session/app/extend/application.js",
    "start": 1535468056340,
    "end": 1535468056340,
    "duration": 0,
    "pid": 11844,
    "index": 26
  },
  {
    "name": "Require(23) node_modules/_egg-security@2.2.3@egg-security/app/extend/application.js",
    "start": 1535468056341,
    "end": 1535468056342,
    "duration": 1,
    "pid": 11844,
    "index": 27
  },
  {
    "name": "Require(24) node_modules/_egg-jsonp@2.0.0@egg-jsonp/app/extend/application.js",
    "start": 1535468056343,
    "end": 1535468056347,
    "duration": 4,
    "pid": 11844,
    "index": 28
  },
  {
    "name": "Require(25) node_modules/_egg-logrotator@3.0.3@egg-logrotator/app/extend/application.js",
    "start": 1535468056349,
    "end": 1535468056352,
    "duration": 3,
    "pid": 11844,
    "index": 29
  },
  {
    "name": "Require(26) node_modules/_egg-view@2.1.0@egg-view/app/extend/application.js",
    "start": 1535468056353,
    "end": 1535468056357,
    "duration": 4,
    "pid": 11844,
    "index": 30
  },
  {
    "name": "Load extend/request.js",
    "start": 1535468056361,
    "end": 1535468056373,
    "duration": 12,
    "pid": 11844,
    "index": 31
  },
  {
    "name": "Require(27) node_modules/_egg@2.10.0@egg/app/extend/request.js",
    "start": 1535468056365,
    "end": 1535468056368,
    "duration": 3,
    "pid": 11844,
    "index": 32
  },
  {
    "name": "Load extend/response.js",
    "start": 1535468056373,
    "end": 1535468056387,
    "duration": 14,
    "pid": 11844,
    "index": 33
  },
  {
    "name": "Require(28) node_modules/_egg@2.10.0@egg/app/extend/response.js",
    "start": 1535468056379,
    "end": 1535468056382,
    "duration": 3,
    "pid": 11844,
    "index": 34
  },
  {
    "name": "Load extend/context.js",
    "start": 1535468056387,
    "end": 1535468056476,
    "duration": 89,
    "pid": 11844,
    "index": 35
  },
  {
    "name": "Require(29) node_modules/_egg-security@2.2.3@egg-security/app/extend/context.js",
    "start": 1535468056388,
    "end": 1535468056405,
    "duration": 17,
    "pid": 11844,
    "index": 36
  },
  {
    "name": "Require(30) node_modules/_egg-jsonp@2.0.0@egg-jsonp/app/extend/context.js",
    "start": 1535468056406,
    "end": 1535468056409,
    "duration": 3,
    "pid": 11844,
    "index": 37
  },
  {
    "name": "Require(31) node_modules/_egg-i18n@2.0.0@egg-i18n/app/extend/context.js",
    "start": 1535468056410,
    "end": 1535468056410,
    "duration": 0,
    "pid": 11844,
    "index": 38
  },
  {
    "name": "Require(32) node_modules/_egg-multipart@2.1.0@egg-multipart/app/extend/context.js",
    "start": 1535468056411,
    "end": 1535468056464,
    "duration": 53,
    "pid": 11844,
    "index": 39
  },
  {
    "name": "Require(33) node_modules/_egg-view@2.1.0@egg-view/app/extend/context.js",
    "start": 1535468056466,
    "end": 1535468056468,
    "duration": 2,
    "pid": 11844,
    "index": 40
  },
  {
    "name": "Require(34) node_modules/_egg@2.10.0@egg/app/extend/context.js",
    "start": 1535468056469,
    "end": 1535468056472,
    "duration": 3,
    "pid": 11844,
    "index": 41
  },
  {
    "name": "Load extend/helper.js",
    "start": 1535468056476,
    "end": 1535468056517,
    "duration": 41,
    "pid": 11844,
    "index": 42
  },
  {
    "name": "Require(35) node_modules/_egg-security@2.2.3@egg-security/app/extend/helper.js",
    "start": 1535468056477,
    "end": 1535468056503,
    "duration": 26,
    "pid": 11844,
    "index": 43
  },
  {
    "name": "Require(36) node_modules/_egg@2.10.0@egg/app/extend/helper.js",
    "start": 1535468056507,
    "end": 1535468056507,
    "duration": 0,
    "pid": 11844,
    "index": 44
  },
  {
    "name": "Load app.js",
    "start": 1535468056517,
    "end": 1535468056805,
    "duration": 288,
    "pid": 11844,
    "index": 45
  },
  {
    "name": "Require(37) node_modules/_egg-session@3.1.0@egg-session/app.js",
    "start": 1535468056518,
    "end": 1535468056518,
    "duration": 0,
    "pid": 11844,
    "index": 46
  },
  {
    "name": "Require(38) node_modules/_egg-security@2.2.3@egg-security/app.js",
    "start": 1535468056520,
    "end": 1535468056524,
    "duration": 4,
    "pid": 11844,
    "index": 47
  },
  {
    "name": "Require(39) node_modules/_egg-onerror@2.1.0@egg-onerror/app.js",
    "start": 1535468056526,
    "end": 1535468056548,
    "duration": 22,
    "pid": 11844,
    "index": 48
  },
  {
    "name": "Require(40) node_modules/_egg-i18n@2.0.0@egg-i18n/app.js",
    "start": 1535468056551,
    "end": 1535468056564,
    "duration": 13,
    "pid": 11844,
    "index": 49
  },
  {
    "name": "Require(41) node_modules/_egg-watcher@3.0.0@egg-watcher/app.js",
    "start": 1535468056569,
    "end": 1535468056576,
    "duration": 7,
    "pid": 11844,
    "index": 50
  },
  {
    "name": "Before Start in node_modules/_egg-watcher@3.0.0@egg-watcher/app.js:15:7",
    "start": 1535468056587,
    "end": 1535468056986,
    "duration": 399,
    "pid": 11844,
    "index": 51
  },
  {
    "name": "Require(42) node_modules/_egg-multipart@2.1.0@egg-multipart/app.js",
    "start": 1535468056589,
    "end": 1535468056599,
    "duration": 10,
    "pid": 11844,
    "index": 52
  },
  {
    "name": "Require(43) node_modules/_egg-development@2.4.1@egg-development/app.js",
    "start": 1535468056600,
    "end": 1535468056601,
    "duration": 1,
    "pid": 11844,
    "index": 53
  },
  {
    "name": "Require(44) node_modules/_egg-schedule@3.3.0@egg-schedule/app.js",
    "start": 1535468056601,
    "end": 1535468056604,
    "duration": 3,
    "pid": 11844,
    "index": 54
  },
  {
    "name": "Require(45) node_modules/_egg-logrotator@3.0.3@egg-logrotator/app.js",
    "start": 1535468056657,
    "end": 1535468056657,
    "duration": 0,
    "pid": 11844,
    "index": 55
  },
  {
    "name": "Require(46) node_modules/_egg-static@2.1.1@egg-static/app.js",
    "start": 1535468056658,
    "end": 1535468056658,
    "duration": 0,
    "pid": 11844,
    "index": 56
  },
  {
    "name": "Require(47) node_modules/_egg-view-ejs@2.0.0@egg-view-ejs/app.js",
    "start": 1535468056660,
    "end": 1535468056660,
    "duration": 0,
    "pid": 11844,
    "index": 57
  },
  {
    "name": "Require(48) node_modules/_egg-mysql@3.0.0@egg-mysql/app.js",
    "start": 1535468056667,
    "end": 1535468056692,
    "duration": 25,
    "pid": 11844,
    "index": 58
  },
  {
    "name": "Before Start in node_modules/_egg-mysql@3.0.0@egg-mysql/lib/mysql.js:20:7",
    "start": 1535468056803,
    "end": 1535468056990,
    "duration": 187,
    "pid": 11844,
    "index": 59
  },
  {
    "name": "Load Service",
    "start": 1535468056805,
    "end": 1535468056813,
    "duration": 8,
    "pid": 11844,
    "index": 60
  },
  {
    "name": "Load \"service\" to Context",
    "start": 1535468056805,
    "end": 1535468056813,
    "duration": 8,
    "pid": 11844,
    "index": 61
  },
  {
    "name": "Load Middleware",
    "start": 1535468056813,
    "end": 1535468056943,
    "duration": 130,
    "pid": 11844,
    "index": 62
  },
  {
    "name": "Load \"middlewares\" to Application",
    "start": 1535468056813,
    "end": 1535468056926,
    "duration": 113,
    "pid": 11844,
    "index": 63
  },
  {
    "name": "Load Controller",
    "start": 1535468056943,
    "end": 1535468056946,
    "duration": 3,
    "pid": 11844,
    "index": 64
  },
  {
    "name": "Load \"controller\" to Application",
    "start": 1535468056943,
    "end": 1535468056946,
    "duration": 3,
    "pid": 11844,
    "index": 65
  },
  {
    "name": "Load Router",
    "start": 1535468056946,
    "end": 1535468056949,
    "duration": 3,
    "pid": 11844,
    "index": 66
  },
  {
    "name": "Require(49) app/router.js",
    "start": 1535468056947,
    "end": 1535468056947,
    "duration": 0,
    "pid": 11844,
    "index": 67
  },
  {
    "name": "Before Start in node_modules/_egg-core@4.9.1@egg-core/lib/egg.js:328:10",
    "start": 1535468056947,
    "end": 1535468056969,
    "duration": 22,
    "pid": 11844,
    "index": 68
  }
]