[
  {
    "name": "Application Start",
    "start": 1535452513431,
    "end": 1535452514256,
    "duration": 825,
    "pid": 8792,
    "index": 0
  },
  {
    "name": "Load Plugin",
    "start": 1535452513438,
    "end": 1535452513474,
    "duration": 36,
    "pid": 8792,
    "index": 1
  },
  {
    "name": "Load Config",
    "start": 1535452513474,
    "end": 1535452513518,
    "duration": 44,
    "pid": 8792,
    "index": 2
  },
  {
    "name": "Require(0) config/config.default.js",
    "start": 1535452513476,
    "end": 1535452513476,
    "duration": 0,
    "pid": 8792,
    "index": 3
  },
  {
    "name": "Require(1) node_modules/_egg-session@3.1.0@egg-session/config/config.default.js",
    "start": 1535452513479,
    "end": 1535452513480,
    "duration": 1,
    "pid": 8792,
    "index": 4
  },
  {
    "name": "Require(2) node_modules/_egg-security@2.2.3@egg-security/config/config.default.js",
    "start": 1535452513481,
    "end": 1535452513481,
    "duration": 0,
    "pid": 8792,
    "index": 5
  },
  {
    "name": "Require(3) node_modules/_egg-jsonp@2.0.0@egg-jsonp/config/config.default.js",
    "start": 1535452513483,
    "end": 1535452513483,
    "duration": 0,
    "pid": 8792,
    "index": 6
  },
  {
    "name": "Require(4) node_modules/_egg-onerror@2.1.0@egg-onerror/config/config.default.js",
    "start": 1535452513484,
    "end": 1535452513485,
    "duration": 1,
    "pid": 8792,
    "index": 7
  },
  {
    "name": "Require(5) node_modules/_egg-i18n@2.0.0@egg-i18n/config/config.default.js",
    "start": 1535452513485,
    "end": 1535452513486,
    "duration": 1,
    "pid": 8792,
    "index": 8
  },
  {
    "name": "Require(6) node_modules/_egg-watcher@3.0.0@egg-watcher/config/config.default.js",
    "start": 1535452513487,
    "end": 1535452513488,
    "duration": 1,
    "pid": 8792,
    "index": 9
  },
  {
    "name": "Require(7) node_modules/_egg-multipart@2.1.0@egg-multipart/config/config.default.js",
    "start": 1535452513488,
    "end": 1535452513489,
    "duration": 1,
    "pid": 8792,
    "index": 10
  },
  {
    "name": "Require(8) node_modules/_egg-development@2.4.1@egg-development/config/config.default.js",
    "start": 1535452513490,
    "end": 1535452513490,
    "duration": 0,
    "pid": 8792,
    "index": 11
  },
  {
    "name": "Require(9) node_modules/_egg-schedule@3.3.0@egg-schedule/config/config.default.js",
    "start": 1535452513491,
    "end": 1535452513491,
    "duration": 0,
    "pid": 8792,
    "index": 12
  },
  {
    "name": "Require(10) node_modules/_egg-logrotator@3.0.3@egg-logrotator/config/config.default.js",
    "start": 1535452513492,
    "end": 1535452513492,
    "duration": 0,
    "pid": 8792,
    "index": 13
  },
  {
    "name": "Require(11) node_modules/_egg-static@2.1.1@egg-static/config/config.default.js",
    "start": 1535452513493,
    "end": 1535452513493,
    "duration": 0,
    "pid": 8792,
    "index": 14
  },
  {
    "name": "Require(12) node_modules/_egg-view@2.1.0@egg-view/config/config.default.js",
    "start": 1535452513494,
    "end": 1535452513494,
    "duration": 0,
    "pid": 8792,
    "index": 15
  },
  {
    "name": "Require(13) node_modules/_egg-view-ejs@2.0.0@egg-view-ejs/config/config.default.js",
    "start": 1535452513495,
    "end": 1535452513496,
    "duration": 1,
    "pid": 8792,
    "index": 16
  },
  {
    "name": "Require(14) node_modules/_egg-mysql@3.0.0@egg-mysql/config/config.default.js",
    "start": 1535452513500,
    "end": 1535452513500,
    "duration": 0,
    "pid": 8792,
    "index": 17
  },
  {
    "name": "Require(15) node_modules/_egg@2.10.0@egg/config/config.default.js",
    "start": 1535452513501,
    "end": 1535452513503,
    "duration": 2,
    "pid": 8792,
    "index": 18
  },
  {
    "name": "Require(16) config/config.default.js",
    "start": 1535452513506,
    "end": 1535452513506,
    "duration": 0,
    "pid": 8792,
    "index": 19
  },
  {
    "name": "Require(17) node_modules/_egg-security@2.2.3@egg-security/config/config.local.js",
    "start": 1535452513508,
    "end": 1535452513508,
    "duration": 0,
    "pid": 8792,
    "index": 20
  },
  {
    "name": "Require(18) node_modules/_egg-watcher@3.0.0@egg-watcher/config/config.local.js",
    "start": 1535452513510,
    "end": 1535452513511,
    "duration": 1,
    "pid": 8792,
    "index": 21
  },
  {
    "name": "Require(19) node_modules/_egg-view@2.1.0@egg-view/config/config.local.js",
    "start": 1535452513515,
    "end": 1535452513515,
    "duration": 0,
    "pid": 8792,
    "index": 22
  },
  {
    "name": "Require(20) node_modules/_egg-view-ejs@2.0.0@egg-view-ejs/config/config.local.js",
    "start": 1535452513516,
    "end": 1535452513516,
    "duration": 0,
    "pid": 8792,
    "index": 23
  },
  {
    "name": "Require(21) node_modules/_egg@2.10.0@egg/config/config.local.js",
    "start": 1535452513518,
    "end": 1535452513518,
    "duration": 0,
    "pid": 8792,
    "index": 24
  },
  {
    "name": "Load extend/application.js",
    "start": 1535452513520,
    "end": 1535452513569,
    "duration": 49,
    "pid": 8792,
    "index": 25
  },
  {
    "name": "Require(22) node_modules/_egg-session@3.1.0@egg-session/app/extend/application.js",
    "start": 1535452513522,
    "end": 1535452513523,
    "duration": 1,
    "pid": 8792,
    "index": 26
  },
  {
    "name": "Require(23) node_modules/_egg-security@2.2.3@egg-security/app/extend/application.js",
    "start": 1535452513524,
    "end": 1535452513526,
    "duration": 2,
    "pid": 8792,
    "index": 27
  },
  {
    "name": "Require(24) node_modules/_egg-jsonp@2.0.0@egg-jsonp/app/extend/application.js",
    "start": 1535452513528,
    "end": 1535452513532,
    "duration": 4,
    "pid": 8792,
    "index": 28
  },
  {
    "name": "Require(25) node_modules/_egg-logrotator@3.0.3@egg-logrotator/app/extend/application.js",
    "start": 1535452513536,
    "end": 1535452513553,
    "duration": 17,
    "pid": 8792,
    "index": 29
  },
  {
    "name": "Require(26) node_modules/_egg-view@2.1.0@egg-view/app/extend/application.js",
    "start": 1535452513555,
    "end": 1535452513560,
    "duration": 5,
    "pid": 8792,
    "index": 30
  },
  {
    "name": "Load extend/request.js",
    "start": 1535452513569,
    "end": 1535452513586,
    "duration": 17,
    "pid": 8792,
    "index": 31
  },
  {
    "name": "Require(27) node_modules/_egg@2.10.0@egg/app/extend/request.js",
    "start": 1535452513576,
    "end": 1535452513580,
    "duration": 4,
    "pid": 8792,
    "index": 32
  },
  {
    "name": "Load extend/response.js",
    "start": 1535452513586,
    "end": 1535452513602,
    "duration": 16,
    "pid": 8792,
    "index": 33
  },
  {
    "name": "Require(28) node_modules/_egg@2.10.0@egg/app/extend/response.js",
    "start": 1535452513592,
    "end": 1535452513596,
    "duration": 4,
    "pid": 8792,
    "index": 34
  },
  {
    "name": "Load extend/context.js",
    "start": 1535452513602,
    "end": 1535452513719,
    "duration": 117,
    "pid": 8792,
    "index": 35
  },
  {
    "name": "Require(29) node_modules/_egg-security@2.2.3@egg-security/app/extend/context.js",
    "start": 1535452513605,
    "end": 1535452513628,
    "duration": 23,
    "pid": 8792,
    "index": 36
  },
  {
    "name": "Require(30) node_modules/_egg-jsonp@2.0.0@egg-jsonp/app/extend/context.js",
    "start": 1535452513628,
    "end": 1535452513630,
    "duration": 2,
    "pid": 8792,
    "index": 37
  },
  {
    "name": "Require(31) node_modules/_egg-i18n@2.0.0@egg-i18n/app/extend/context.js",
    "start": 1535452513631,
    "end": 1535452513632,
    "duration": 1,
    "pid": 8792,
    "index": 38
  },
  {
    "name": "Require(32) node_modules/_egg-multipart@2.1.0@egg-multipart/app/extend/context.js",
    "start": 1535452513637,
    "end": 1535452513707,
    "duration": 70,
    "pid": 8792,
    "index": 39
  },
  {
    "name": "Require(33) node_modules/_egg-view@2.1.0@egg-view/app/extend/context.js",
    "start": 1535452513708,
    "end": 1535452513710,
    "duration": 2,
    "pid": 8792,
    "index": 40
  },
  {
    "name": "Require(34) node_modules/_egg@2.10.0@egg/app/extend/context.js",
    "start": 1535452513711,
    "end": 1535452513713,
    "duration": 2,
    "pid": 8792,
    "index": 41
  },
  {
    "name": "Load extend/helper.js",
    "start": 1535452513719,
    "end": 1535452513763,
    "duration": 44,
    "pid": 8792,
    "index": 42
  },
  {
    "name": "Require(35) node_modules/_egg-security@2.2.3@egg-security/app/extend/helper.js",
    "start": 1535452513721,
    "end": 1535452513752,
    "duration": 31,
    "pid": 8792,
    "index": 43
  },
  {
    "name": "Require(36) node_modules/_egg@2.10.0@egg/app/extend/helper.js",
    "start": 1535452513758,
    "end": 1535452513758,
    "duration": 0,
    "pid": 8792,
    "index": 44
  },
  {
    "name": "Load app.js",
    "start": 1535452513763,
    "end": 1535452514029,
    "duration": 266,
    "pid": 8792,
    "index": 45
  },
  {
    "name": "Require(37) node_modules/_egg-session@3.1.0@egg-session/app.js",
    "start": 1535452513764,
    "end": 1535452513764,
    "duration": 0,
    "pid": 8792,
    "index": 46
  },
  {
    "name": "Require(38) node_modules/_egg-security@2.2.3@egg-security/app.js",
    "start": 1535452513765,
    "end": 1535452513768,
    "duration": 3,
    "pid": 8792,
    "index": 47
  },
  {
    "name": "Require(39) node_modules/_egg-onerror@2.1.0@egg-onerror/app.js",
    "start": 1535452513769,
    "end": 1535452513786,
    "duration": 17,
    "pid": 8792,
    "index": 48
  },
  {
    "name": "Require(40) node_modules/_egg-i18n@2.0.0@egg-i18n/app.js",
    "start": 1535452513789,
    "end": 1535452513801,
    "duration": 12,
    "pid": 8792,
    "index": 49
  },
  {
    "name": "Require(41) node_modules/_egg-watcher@3.0.0@egg-watcher/app.js",
    "start": 1535452513807,
    "end": 1535452513813,
    "duration": 6,
    "pid": 8792,
    "index": 50
  },
  {
    "name": "Before Start in node_modules/_egg-watcher@3.0.0@egg-watcher/app.js:15:7",
    "start": 1535452513826,
    "end": 1535452514250,
    "duration": 424,
    "pid": 8792,
    "index": 51
  },
  {
    "name": "Require(42) node_modules/_egg-multipart@2.1.0@egg-multipart/app.js",
    "start": 1535452513827,
    "end": 1535452513832,
    "duration": 5,
    "pid": 8792,
    "index": 52
  },
  {
    "name": "Require(43) node_modules/_egg-development@2.4.1@egg-development/app.js",
    "start": 1535452513833,
    "end": 1535452513833,
    "duration": 0,
    "pid": 8792,
    "index": 53
  },
  {
    "name": "Require(44) node_modules/_egg-schedule@3.3.0@egg-schedule/app.js",
    "start": 1535452513834,
    "end": 1535452513838,
    "duration": 4,
    "pid": 8792,
    "index": 54
  },
  {
    "name": "Require(45) node_modules/_egg-logrotator@3.0.3@egg-logrotator/app.js",
    "start": 1535452513888,
    "end": 1535452513888,
    "duration": 0,
    "pid": 8792,
    "index": 55
  },
  {
    "name": "Require(46) node_modules/_egg-static@2.1.1@egg-static/app.js",
    "start": 1535452513889,
    "end": 1535452513889,
    "duration": 0,
    "pid": 8792,
    "index": 56
  },
  {
    "name": "Require(47) node_modules/_egg-view-ejs@2.0.0@egg-view-ejs/app.js",
    "start": 1535452513891,
    "end": 1535452513891,
    "duration": 0,
    "pid": 8792,
    "index": 57
  },
  {
    "name": "Require(48) node_modules/_egg-mysql@3.0.0@egg-mysql/app.js",
    "start": 1535452513898,
    "end": 1535452513924,
    "duration": 26,
    "pid": 8792,
    "index": 58
  },
  {
    "name": "Before Start in node_modules/_egg-mysql@3.0.0@egg-mysql/lib/mysql.js:20:7",
    "start": 1535452514027,
    "end": 1535452514256,
    "duration": 229,
    "pid": 8792,
    "index": 59
  },
  {
    "name": "Load Service",
    "start": 1535452514029,
    "end": 1535452514037,
    "duration": 8,
    "pid": 8792,
    "index": 60
  },
  {
    "name": "Load \"service\" to Context",
    "start": 1535452514030,
    "end": 1535452514037,
    "duration": 7,
    "pid": 8792,
    "index": 61
  },
  {
    "name": "Load Middleware",
    "start": 1535452514037,
    "end": 1535452514190,
    "duration": 153,
    "pid": 8792,
    "index": 62
  },
  {
    "name": "Load \"middlewares\" to Application",
    "start": 1535452514038,
    "end": 1535452514171,
    "duration": 133,
    "pid": 8792,
    "index": 63
  },
  {
    "name": "Load Controller",
    "start": 1535452514191,
    "end": 1535452514195,
    "duration": 4,
    "pid": 8792,
    "index": 64
  },
  {
    "name": "Load \"controller\" to Application",
    "start": 1535452514191,
    "end": 1535452514195,
    "duration": 4,
    "pid": 8792,
    "index": 65
  },
  {
    "name": "Load Router",
    "start": 1535452514195,
    "end": 1535452514198,
    "duration": 3,
    "pid": 8792,
    "index": 66
  },
  {
    "name": "Require(49) app/router.js",
    "start": 1535452514196,
    "end": 1535452514196,
    "duration": 0,
    "pid": 8792,
    "index": 67
  },
  {
    "name": "Before Start in node_modules/_egg-core@4.9.1@egg-core/lib/egg.js:328:10",
    "start": 1535452514196,
    "end": 1535452514228,
    "duration": 32,
    "pid": 8792,
    "index": 68
  }
]