[
  {
    "name": "Application Start",
    "start": 1535454422118,
    "end": 1535454422914,
    "duration": 796,
    "pid": 10768,
    "index": 0
  },
  {
    "name": "Load Plugin",
    "start": 1535454422126,
    "end": 1535454422160,
    "duration": 34,
    "pid": 10768,
    "index": 1
  },
  {
    "name": "Load Config",
    "start": 1535454422160,
    "end": 1535454422192,
    "duration": 32,
    "pid": 10768,
    "index": 2
  },
  {
    "name": "Require(0) config/config.default.js",
    "start": 1535454422161,
    "end": 1535454422162,
    "duration": 1,
    "pid": 10768,
    "index": 3
  },
  {
    "name": "Require(1) node_modules/_egg-session@3.1.0@egg-session/config/config.default.js",
    "start": 1535454422164,
    "end": 1535454422164,
    "duration": 0,
    "pid": 10768,
    "index": 4
  },
  {
    "name": "Require(2) node_modules/_egg-security@2.2.3@egg-security/config/config.default.js",
    "start": 1535454422165,
    "end": 1535454422165,
    "duration": 0,
    "pid": 10768,
    "index": 5
  },
  {
    "name": "Require(3) node_modules/_egg-jsonp@2.0.0@egg-jsonp/config/config.default.js",
    "start": 1535454422167,
    "end": 1535454422167,
    "duration": 0,
    "pid": 10768,
    "index": 6
  },
  {
    "name": "Require(4) node_modules/_egg-onerror@2.1.0@egg-onerror/config/config.default.js",
    "start": 1535454422168,
    "end": 1535454422169,
    "duration": 1,
    "pid": 10768,
    "index": 7
  },
  {
    "name": "Require(5) node_modules/_egg-i18n@2.0.0@egg-i18n/config/config.default.js",
    "start": 1535454422169,
    "end": 1535454422170,
    "duration": 1,
    "pid": 10768,
    "index": 8
  },
  {
    "name": "Require(6) node_modules/_egg-watcher@3.0.0@egg-watcher/config/config.default.js",
    "start": 1535454422171,
    "end": 1535454422171,
    "duration": 0,
    "pid": 10768,
    "index": 9
  },
  {
    "name": "Require(7) node_modules/_egg-multipart@2.1.0@egg-multipart/config/config.default.js",
    "start": 1535454422172,
    "end": 1535454422172,
    "duration": 0,
    "pid": 10768,
    "index": 10
  },
  {
    "name": "Require(8) node_modules/_egg-development@2.4.1@egg-development/config/config.default.js",
    "start": 1535454422173,
    "end": 1535454422173,
    "duration": 0,
    "pid": 10768,
    "index": 11
  },
  {
    "name": "Require(9) node_modules/_egg-schedule@3.3.0@egg-schedule/config/config.default.js",
    "start": 1535454422174,
    "end": 1535454422174,
    "duration": 0,
    "pid": 10768,
    "index": 12
  },
  {
    "name": "Require(10) node_modules/_egg-logrotator@3.0.3@egg-logrotator/config/config.default.js",
    "start": 1535454422175,
    "end": 1535454422175,
    "duration": 0,
    "pid": 10768,
    "index": 13
  },
  {
    "name": "Require(11) node_modules/_egg-static@2.1.1@egg-static/config/config.default.js",
    "start": 1535454422176,
    "end": 1535454422176,
    "duration": 0,
    "pid": 10768,
    "index": 14
  },
  {
    "name": "Require(12) node_modules/_egg-view@2.1.0@egg-view/config/config.default.js",
    "start": 1535454422177,
    "end": 1535454422178,
    "duration": 1,
    "pid": 10768,
    "index": 15
  },
  {
    "name": "Require(13) node_modules/_egg-view-ejs@2.0.0@egg-view-ejs/config/config.default.js",
    "start": 1535454422179,
    "end": 1535454422179,
    "duration": 0,
    "pid": 10768,
    "index": 16
  },
  {
    "name": "Require(14) node_modules/_egg-mysql@3.0.0@egg-mysql/config/config.default.js",
    "start": 1535454422180,
    "end": 1535454422180,
    "duration": 0,
    "pid": 10768,
    "index": 17
  },
  {
    "name": "Require(15) node_modules/_egg@2.10.0@egg/config/config.default.js",
    "start": 1535454422181,
    "end": 1535454422181,
    "duration": 0,
    "pid": 10768,
    "index": 18
  },
  {
    "name": "Require(16) config/config.default.js",
    "start": 1535454422183,
    "end": 1535454422183,
    "duration": 0,
    "pid": 10768,
    "index": 19
  },
  {
    "name": "Require(17) node_modules/_egg-security@2.2.3@egg-security/config/config.local.js",
    "start": 1535454422184,
    "end": 1535454422184,
    "duration": 0,
    "pid": 10768,
    "index": 20
  },
  {
    "name": "Require(18) node_modules/_egg-watcher@3.0.0@egg-watcher/config/config.local.js",
    "start": 1535454422187,
    "end": 1535454422187,
    "duration": 0,
    "pid": 10768,
    "index": 21
  },
  {
    "name": "Require(19) node_modules/_egg-view@2.1.0@egg-view/config/config.local.js",
    "start": 1535454422189,
    "end": 1535454422190,
    "duration": 1,
    "pid": 10768,
    "index": 22
  },
  {
    "name": "Require(20) node_modules/_egg-view-ejs@2.0.0@egg-view-ejs/config/config.local.js",
    "start": 1535454422190,
    "end": 1535454422191,
    "duration": 1,
    "pid": 10768,
    "index": 23
  },
  {
    "name": "Require(21) node_modules/_egg@2.10.0@egg/config/config.local.js",
    "start": 1535454422192,
    "end": 1535454422192,
    "duration": 0,
    "pid": 10768,
    "index": 24
  },
  {
    "name": "Load extend/application.js",
    "start": 1535454422194,
    "end": 1535454422228,
    "duration": 34,
    "pid": 10768,
    "index": 25
  },
  {
    "name": "Require(22) node_modules/_egg-session@3.1.0@egg-session/app/extend/application.js",
    "start": 1535454422195,
    "end": 1535454422195,
    "duration": 0,
    "pid": 10768,
    "index": 26
  },
  {
    "name": "Require(23) node_modules/_egg-security@2.2.3@egg-security/app/extend/application.js",
    "start": 1535454422196,
    "end": 1535454422198,
    "duration": 2,
    "pid": 10768,
    "index": 27
  },
  {
    "name": "Require(24) node_modules/_egg-jsonp@2.0.0@egg-jsonp/app/extend/application.js",
    "start": 1535454422199,
    "end": 1535454422202,
    "duration": 3,
    "pid": 10768,
    "index": 28
  },
  {
    "name": "Require(25) node_modules/_egg-logrotator@3.0.3@egg-logrotator/app/extend/application.js",
    "start": 1535454422207,
    "end": 1535454422215,
    "duration": 8,
    "pid": 10768,
    "index": 29
  },
  {
    "name": "Require(26) node_modules/_egg-view@2.1.0@egg-view/app/extend/application.js",
    "start": 1535454422216,
    "end": 1535454422223,
    "duration": 7,
    "pid": 10768,
    "index": 30
  },
  {
    "name": "Load extend/request.js",
    "start": 1535454422228,
    "end": 1535454422240,
    "duration": 12,
    "pid": 10768,
    "index": 31
  },
  {
    "name": "Require(27) node_modules/_egg@2.10.0@egg/app/extend/request.js",
    "start": 1535454422233,
    "end": 1535454422236,
    "duration": 3,
    "pid": 10768,
    "index": 32
  },
  {
    "name": "Load extend/response.js",
    "start": 1535454422240,
    "end": 1535454422252,
    "duration": 12,
    "pid": 10768,
    "index": 33
  },
  {
    "name": "Require(28) node_modules/_egg@2.10.0@egg/app/extend/response.js",
    "start": 1535454422244,
    "end": 1535454422247,
    "duration": 3,
    "pid": 10768,
    "index": 34
  },
  {
    "name": "Load extend/context.js",
    "start": 1535454422252,
    "end": 1535454422348,
    "duration": 96,
    "pid": 10768,
    "index": 35
  },
  {
    "name": "Require(29) node_modules/_egg-security@2.2.3@egg-security/app/extend/context.js",
    "start": 1535454422253,
    "end": 1535454422270,
    "duration": 17,
    "pid": 10768,
    "index": 36
  },
  {
    "name": "Require(30) node_modules/_egg-jsonp@2.0.0@egg-jsonp/app/extend/context.js",
    "start": 1535454422271,
    "end": 1535454422273,
    "duration": 2,
    "pid": 10768,
    "index": 37
  },
  {
    "name": "Require(31) node_modules/_egg-i18n@2.0.0@egg-i18n/app/extend/context.js",
    "start": 1535454422274,
    "end": 1535454422274,
    "duration": 0,
    "pid": 10768,
    "index": 38
  },
  {
    "name": "Require(32) node_modules/_egg-multipart@2.1.0@egg-multipart/app/extend/context.js",
    "start": 1535454422275,
    "end": 1535454422331,
    "duration": 56,
    "pid": 10768,
    "index": 39
  },
  {
    "name": "Require(33) node_modules/_egg-view@2.1.0@egg-view/app/extend/context.js",
    "start": 1535454422332,
    "end": 1535454422335,
    "duration": 3,
    "pid": 10768,
    "index": 40
  },
  {
    "name": "Require(34) node_modules/_egg@2.10.0@egg/app/extend/context.js",
    "start": 1535454422336,
    "end": 1535454422339,
    "duration": 3,
    "pid": 10768,
    "index": 41
  },
  {
    "name": "Load extend/helper.js",
    "start": 1535454422348,
    "end": 1535454422384,
    "duration": 36,
    "pid": 10768,
    "index": 42
  },
  {
    "name": "Require(35) node_modules/_egg-security@2.2.3@egg-security/app/extend/helper.js",
    "start": 1535454422349,
    "end": 1535454422375,
    "duration": 26,
    "pid": 10768,
    "index": 43
  },
  {
    "name": "Require(36) node_modules/_egg@2.10.0@egg/app/extend/helper.js",
    "start": 1535454422379,
    "end": 1535454422380,
    "duration": 1,
    "pid": 10768,
    "index": 44
  },
  {
    "name": "Load app.js",
    "start": 1535454422385,
    "end": 1535454422707,
    "duration": 322,
    "pid": 10768,
    "index": 45
  },
  {
    "name": "Require(37) node_modules/_egg-session@3.1.0@egg-session/app.js",
    "start": 1535454422385,
    "end": 1535454422386,
    "duration": 1,
    "pid": 10768,
    "index": 46
  },
  {
    "name": "Require(38) node_modules/_egg-security@2.2.3@egg-security/app.js",
    "start": 1535454422386,
    "end": 1535454422390,
    "duration": 4,
    "pid": 10768,
    "index": 47
  },
  {
    "name": "Require(39) node_modules/_egg-onerror@2.1.0@egg-onerror/app.js",
    "start": 1535454422391,
    "end": 1535454422413,
    "duration": 22,
    "pid": 10768,
    "index": 48
  },
  {
    "name": "Require(40) node_modules/_egg-i18n@2.0.0@egg-i18n/app.js",
    "start": 1535454422415,
    "end": 1535454422428,
    "duration": 13,
    "pid": 10768,
    "index": 49
  },
  {
    "name": "Require(41) node_modules/_egg-watcher@3.0.0@egg-watcher/app.js",
    "start": 1535454422433,
    "end": 1535454422441,
    "duration": 8,
    "pid": 10768,
    "index": 50
  },
  {
    "name": "Before Start in node_modules/_egg-watcher@3.0.0@egg-watcher/app.js:15:7",
    "start": 1535454422458,
    "end": 1535454422909,
    "duration": 451,
    "pid": 10768,
    "index": 51
  },
  {
    "name": "Require(42) node_modules/_egg-multipart@2.1.0@egg-multipart/app.js",
    "start": 1535454422460,
    "end": 1535454422466,
    "duration": 6,
    "pid": 10768,
    "index": 52
  },
  {
    "name": "Require(43) node_modules/_egg-development@2.4.1@egg-development/app.js",
    "start": 1535454422467,
    "end": 1535454422468,
    "duration": 1,
    "pid": 10768,
    "index": 53
  },
  {
    "name": "Require(44) node_modules/_egg-schedule@3.3.0@egg-schedule/app.js",
    "start": 1535454422469,
    "end": 1535454422473,
    "duration": 4,
    "pid": 10768,
    "index": 54
  },
  {
    "name": "Require(45) node_modules/_egg-logrotator@3.0.3@egg-logrotator/app.js",
    "start": 1535454422536,
    "end": 1535454422536,
    "duration": 0,
    "pid": 10768,
    "index": 55
  },
  {
    "name": "Require(46) node_modules/_egg-static@2.1.1@egg-static/app.js",
    "start": 1535454422537,
    "end": 1535454422538,
    "duration": 1,
    "pid": 10768,
    "index": 56
  },
  {
    "name": "Require(47) node_modules/_egg-view-ejs@2.0.0@egg-view-ejs/app.js",
    "start": 1535454422539,
    "end": 1535454422540,
    "duration": 1,
    "pid": 10768,
    "index": 57
  },
  {
    "name": "Require(48) node_modules/_egg-mysql@3.0.0@egg-mysql/app.js",
    "start": 1535454422550,
    "end": 1535454422586,
    "duration": 36,
    "pid": 10768,
    "index": 58
  },
  {
    "name": "Before Start in node_modules/_egg-mysql@3.0.0@egg-mysql/lib/mysql.js:20:7",
    "start": 1535454422704,
    "end": 1535454422914,
    "duration": 210,
    "pid": 10768,
    "index": 59
  },
  {
    "name": "Load Service",
    "start": 1535454422707,
    "end": 1535454422715,
    "duration": 8,
    "pid": 10768,
    "index": 60
  },
  {
    "name": "Load \"service\" to Context",
    "start": 1535454422707,
    "end": 1535454422715,
    "duration": 8,
    "pid": 10768,
    "index": 61
  },
  {
    "name": "Load Middleware",
    "start": 1535454422715,
    "end": 1535454422854,
    "duration": 139,
    "pid": 10768,
    "index": 62
  },
  {
    "name": "Load \"middlewares\" to Application",
    "start": 1535454422715,
    "end": 1535454422838,
    "duration": 123,
    "pid": 10768,
    "index": 63
  },
  {
    "name": "Load Controller",
    "start": 1535454422854,
    "end": 1535454422858,
    "duration": 4,
    "pid": 10768,
    "index": 64
  },
  {
    "name": "Load \"controller\" to Application",
    "start": 1535454422854,
    "end": 1535454422858,
    "duration": 4,
    "pid": 10768,
    "index": 65
  },
  {
    "name": "Load Router",
    "start": 1535454422858,
    "end": 1535454422861,
    "duration": 3,
    "pid": 10768,
    "index": 66
  },
  {
    "name": "Require(49) app/router.js",
    "start": 1535454422859,
    "end": 1535454422859,
    "duration": 0,
    "pid": 10768,
    "index": 67
  },
  {
    "name": "Before Start in node_modules/_egg-core@4.9.1@egg-core/lib/egg.js:328:10",
    "start": 1535454422859,
    "end": 1535454422883,
    "duration": 24,
    "pid": 10768,
    "index": 68
  }
]