[
  {
    "name": "Application Start",
    "start": 1535452825683,
    "end": 1535452826610,
    "duration": 927,
    "pid": 12968,
    "index": 0
  },
  {
    "name": "Load Plugin",
    "start": 1535452825694,
    "end": 1535452825758,
    "duration": 64,
    "pid": 12968,
    "index": 1
  },
  {
    "name": "Load Config",
    "start": 1535452825758,
    "end": 1535452825802,
    "duration": 44,
    "pid": 12968,
    "index": 2
  },
  {
    "name": "Require(0) config/config.default.js",
    "start": 1535452825762,
    "end": 1535452825763,
    "duration": 1,
    "pid": 12968,
    "index": 3
  },
  {
    "name": "Require(1) node_modules/_egg-session@3.1.0@egg-session/config/config.default.js",
    "start": 1535452825766,
    "end": 1535452825766,
    "duration": 0,
    "pid": 12968,
    "index": 4
  },
  {
    "name": "Require(2) node_modules/_egg-security@2.2.3@egg-security/config/config.default.js",
    "start": 1535452825768,
    "end": 1535452825768,
    "duration": 0,
    "pid": 12968,
    "index": 5
  },
  {
    "name": "Require(3) node_modules/_egg-jsonp@2.0.0@egg-jsonp/config/config.default.js",
    "start": 1535452825770,
    "end": 1535452825771,
    "duration": 1,
    "pid": 12968,
    "index": 6
  },
  {
    "name": "Require(4) node_modules/_egg-onerror@2.1.0@egg-onerror/config/config.default.js",
    "start": 1535452825771,
    "end": 1535452825772,
    "duration": 1,
    "pid": 12968,
    "index": 7
  },
  {
    "name": "Require(5) node_modules/_egg-i18n@2.0.0@egg-i18n/config/config.default.js",
    "start": 1535452825773,
    "end": 1535452825773,
    "duration": 0,
    "pid": 12968,
    "index": 8
  },
  {
    "name": "Require(6) node_modules/_egg-watcher@3.0.0@egg-watcher/config/config.default.js",
    "start": 1535452825774,
    "end": 1535452825775,
    "duration": 1,
    "pid": 12968,
    "index": 9
  },
  {
    "name": "Require(7) node_modules/_egg-multipart@2.1.0@egg-multipart/config/config.default.js",
    "start": 1535452825776,
    "end": 1535452825778,
    "duration": 2,
    "pid": 12968,
    "index": 10
  },
  {
    "name": "Require(8) node_modules/_egg-development@2.4.1@egg-development/config/config.default.js",
    "start": 1535452825778,
    "end": 1535452825779,
    "duration": 1,
    "pid": 12968,
    "index": 11
  },
  {
    "name": "Require(9) node_modules/_egg-schedule@3.3.0@egg-schedule/config/config.default.js",
    "start": 1535452825780,
    "end": 1535452825780,
    "duration": 0,
    "pid": 12968,
    "index": 12
  },
  {
    "name": "Require(10) node_modules/_egg-logrotator@3.0.3@egg-logrotator/config/config.default.js",
    "start": 1535452825781,
    "end": 1535452825782,
    "duration": 1,
    "pid": 12968,
    "index": 13
  },
  {
    "name": "Require(11) node_modules/_egg-static@2.1.1@egg-static/config/config.default.js",
    "start": 1535452825782,
    "end": 1535452825783,
    "duration": 1,
    "pid": 12968,
    "index": 14
  },
  {
    "name": "Require(12) node_modules/_egg-view@2.1.0@egg-view/config/config.default.js",
    "start": 1535452825784,
    "end": 1535452825785,
    "duration": 1,
    "pid": 12968,
    "index": 15
  },
  {
    "name": "Require(13) node_modules/_egg-view-ejs@2.0.0@egg-view-ejs/config/config.default.js",
    "start": 1535452825786,
    "end": 1535452825786,
    "duration": 0,
    "pid": 12968,
    "index": 16
  },
  {
    "name": "Require(14) node_modules/_egg-mysql@3.0.0@egg-mysql/config/config.default.js",
    "start": 1535452825787,
    "end": 1535452825788,
    "duration": 1,
    "pid": 12968,
    "index": 17
  },
  {
    "name": "Require(15) node_modules/_egg@2.10.0@egg/config/config.default.js",
    "start": 1535452825788,
    "end": 1535452825789,
    "duration": 1,
    "pid": 12968,
    "index": 18
  },
  {
    "name": "Require(16) config/config.default.js",
    "start": 1535452825791,
    "end": 1535452825791,
    "duration": 0,
    "pid": 12968,
    "index": 19
  },
  {
    "name": "Require(17) node_modules/_egg-security@2.2.3@egg-security/config/config.local.js",
    "start": 1535452825792,
    "end": 1535452825793,
    "duration": 1,
    "pid": 12968,
    "index": 20
  },
  {
    "name": "Require(18) node_modules/_egg-watcher@3.0.0@egg-watcher/config/config.local.js",
    "start": 1535452825796,
    "end": 1535452825796,
    "duration": 0,
    "pid": 12968,
    "index": 21
  },
  {
    "name": "Require(19) node_modules/_egg-view@2.1.0@egg-view/config/config.local.js",
    "start": 1535452825798,
    "end": 1535452825799,
    "duration": 1,
    "pid": 12968,
    "index": 22
  },
  {
    "name": "Require(20) node_modules/_egg-view-ejs@2.0.0@egg-view-ejs/config/config.local.js",
    "start": 1535452825799,
    "end": 1535452825800,
    "duration": 1,
    "pid": 12968,
    "index": 23
  },
  {
    "name": "Require(21) node_modules/_egg@2.10.0@egg/config/config.local.js",
    "start": 1535452825801,
    "end": 1535452825802,
    "duration": 1,
    "pid": 12968,
    "index": 24
  },
  {
    "name": "Load extend/application.js",
    "start": 1535452825805,
    "end": 1535452825830,
    "duration": 25,
    "pid": 12968,
    "index": 25
  },
  {
    "name": "Require(22) node_modules/_egg-session@3.1.0@egg-session/app/extend/application.js",
    "start": 1535452825806,
    "end": 1535452825806,
    "duration": 0,
    "pid": 12968,
    "index": 26
  },
  {
    "name": "Require(23) node_modules/_egg-security@2.2.3@egg-security/app/extend/application.js",
    "start": 1535452825807,
    "end": 1535452825809,
    "duration": 2,
    "pid": 12968,
    "index": 27
  },
  {
    "name": "Require(24) node_modules/_egg-jsonp@2.0.0@egg-jsonp/app/extend/application.js",
    "start": 1535452825809,
    "end": 1535452825812,
    "duration": 3,
    "pid": 12968,
    "index": 28
  },
  {
    "name": "Require(25) node_modules/_egg-logrotator@3.0.3@egg-logrotator/app/extend/application.js",
    "start": 1535452825815,
    "end": 1535452825820,
    "duration": 5,
    "pid": 12968,
    "index": 29
  },
  {
    "name": "Require(26) node_modules/_egg-view@2.1.0@egg-view/app/extend/application.js",
    "start": 1535452825821,
    "end": 1535452825824,
    "duration": 3,
    "pid": 12968,
    "index": 30
  },
  {
    "name": "Load extend/request.js",
    "start": 1535452825830,
    "end": 1535452825842,
    "duration": 12,
    "pid": 12968,
    "index": 31
  },
  {
    "name": "Require(27) node_modules/_egg@2.10.0@egg/app/extend/request.js",
    "start": 1535452825834,
    "end": 1535452825837,
    "duration": 3,
    "pid": 12968,
    "index": 32
  },
  {
    "name": "Load extend/response.js",
    "start": 1535452825842,
    "end": 1535452825854,
    "duration": 12,
    "pid": 12968,
    "index": 33
  },
  {
    "name": "Require(28) node_modules/_egg@2.10.0@egg/app/extend/response.js",
    "start": 1535452825846,
    "end": 1535452825850,
    "duration": 4,
    "pid": 12968,
    "index": 34
  },
  {
    "name": "Load extend/context.js",
    "start": 1535452825854,
    "end": 1535452825967,
    "duration": 113,
    "pid": 12968,
    "index": 35
  },
  {
    "name": "Require(29) node_modules/_egg-security@2.2.3@egg-security/app/extend/context.js",
    "start": 1535452825855,
    "end": 1535452825876,
    "duration": 21,
    "pid": 12968,
    "index": 36
  },
  {
    "name": "Require(30) node_modules/_egg-jsonp@2.0.0@egg-jsonp/app/extend/context.js",
    "start": 1535452825876,
    "end": 1535452825879,
    "duration": 3,
    "pid": 12968,
    "index": 37
  },
  {
    "name": "Require(31) node_modules/_egg-i18n@2.0.0@egg-i18n/app/extend/context.js",
    "start": 1535452825880,
    "end": 1535452825880,
    "duration": 0,
    "pid": 12968,
    "index": 38
  },
  {
    "name": "Require(32) node_modules/_egg-multipart@2.1.0@egg-multipart/app/extend/context.js",
    "start": 1535452825881,
    "end": 1535452825955,
    "duration": 74,
    "pid": 12968,
    "index": 39
  },
  {
    "name": "Require(33) node_modules/_egg-view@2.1.0@egg-view/app/extend/context.js",
    "start": 1535452825957,
    "end": 1535452825958,
    "duration": 1,
    "pid": 12968,
    "index": 40
  },
  {
    "name": "Require(34) node_modules/_egg@2.10.0@egg/app/extend/context.js",
    "start": 1535452825959,
    "end": 1535452825962,
    "duration": 3,
    "pid": 12968,
    "index": 41
  },
  {
    "name": "Load extend/helper.js",
    "start": 1535452825967,
    "end": 1535452826005,
    "duration": 38,
    "pid": 12968,
    "index": 42
  },
  {
    "name": "Require(35) node_modules/_egg-security@2.2.3@egg-security/app/extend/helper.js",
    "start": 1535452825968,
    "end": 1535452825995,
    "duration": 27,
    "pid": 12968,
    "index": 43
  },
  {
    "name": "Require(36) node_modules/_egg@2.10.0@egg/app/extend/helper.js",
    "start": 1535452825998,
    "end": 1535452825999,
    "duration": 1,
    "pid": 12968,
    "index": 44
  },
  {
    "name": "Load app.js",
    "start": 1535452826005,
    "end": 1535452826367,
    "duration": 362,
    "pid": 12968,
    "index": 45
  },
  {
    "name": "Require(37) node_modules/_egg-session@3.1.0@egg-session/app.js",
    "start": 1535452826006,
    "end": 1535452826006,
    "duration": 0,
    "pid": 12968,
    "index": 46
  },
  {
    "name": "Require(38) node_modules/_egg-security@2.2.3@egg-security/app.js",
    "start": 1535452826007,
    "end": 1535452826011,
    "duration": 4,
    "pid": 12968,
    "index": 47
  },
  {
    "name": "Require(39) node_modules/_egg-onerror@2.1.0@egg-onerror/app.js",
    "start": 1535452826012,
    "end": 1535452826027,
    "duration": 15,
    "pid": 12968,
    "index": 48
  },
  {
    "name": "Require(40) node_modules/_egg-i18n@2.0.0@egg-i18n/app.js",
    "start": 1535452826030,
    "end": 1535452826047,
    "duration": 17,
    "pid": 12968,
    "index": 49
  },
  {
    "name": "Require(41) node_modules/_egg-watcher@3.0.0@egg-watcher/app.js",
    "start": 1535452826056,
    "end": 1535452826062,
    "duration": 6,
    "pid": 12968,
    "index": 50
  },
  {
    "name": "Before Start in node_modules/_egg-watcher@3.0.0@egg-watcher/app.js:15:7",
    "start": 1535452826080,
    "end": 1535452826605,
    "duration": 525,
    "pid": 12968,
    "index": 51
  },
  {
    "name": "Require(42) node_modules/_egg-multipart@2.1.0@egg-multipart/app.js",
    "start": 1535452826082,
    "end": 1535452826087,
    "duration": 5,
    "pid": 12968,
    "index": 52
  },
  {
    "name": "Require(43) node_modules/_egg-development@2.4.1@egg-development/app.js",
    "start": 1535452826088,
    "end": 1535452826089,
    "duration": 1,
    "pid": 12968,
    "index": 53
  },
  {
    "name": "Require(44) node_modules/_egg-schedule@3.3.0@egg-schedule/app.js",
    "start": 1535452826090,
    "end": 1535452826093,
    "duration": 3,
    "pid": 12968,
    "index": 54
  },
  {
    "name": "Require(45) node_modules/_egg-logrotator@3.0.3@egg-logrotator/app.js",
    "start": 1535452826154,
    "end": 1535452826154,
    "duration": 0,
    "pid": 12968,
    "index": 55
  },
  {
    "name": "Require(46) node_modules/_egg-static@2.1.1@egg-static/app.js",
    "start": 1535452826155,
    "end": 1535452826155,
    "duration": 0,
    "pid": 12968,
    "index": 56
  },
  {
    "name": "Require(47) node_modules/_egg-view-ejs@2.0.0@egg-view-ejs/app.js",
    "start": 1535452826156,
    "end": 1535452826157,
    "duration": 1,
    "pid": 12968,
    "index": 57
  },
  {
    "name": "Require(48) node_modules/_egg-mysql@3.0.0@egg-mysql/app.js",
    "start": 1535452826165,
    "end": 1535452826206,
    "duration": 41,
    "pid": 12968,
    "index": 58
  },
  {
    "name": "Before Start in node_modules/_egg-mysql@3.0.0@egg-mysql/lib/mysql.js:20:7",
    "start": 1535452826365,
    "end": 1535452826610,
    "duration": 245,
    "pid": 12968,
    "index": 59
  },
  {
    "name": "Load Service",
    "start": 1535452826367,
    "end": 1535452826377,
    "duration": 10,
    "pid": 12968,
    "index": 60
  },
  {
    "name": "Load \"service\" to Context",
    "start": 1535452826368,
    "end": 1535452826377,
    "duration": 9,
    "pid": 12968,
    "index": 61
  },
  {
    "name": "Load Middleware",
    "start": 1535452826377,
    "end": 1535452826555,
    "duration": 178,
    "pid": 12968,
    "index": 62
  },
  {
    "name": "Load \"middlewares\" to Application",
    "start": 1535452826378,
    "end": 1535452826531,
    "duration": 153,
    "pid": 12968,
    "index": 63
  },
  {
    "name": "Load Controller",
    "start": 1535452826555,
    "end": 1535452826560,
    "duration": 5,
    "pid": 12968,
    "index": 64
  },
  {
    "name": "Load \"controller\" to Application",
    "start": 1535452826555,
    "end": 1535452826560,
    "duration": 5,
    "pid": 12968,
    "index": 65
  },
  {
    "name": "Load Router",
    "start": 1535452826560,
    "end": 1535452826564,
    "duration": 4,
    "pid": 12968,
    "index": 66
  },
  {
    "name": "Require(49) app/router.js",
    "start": 1535452826561,
    "end": 1535452826561,
    "duration": 0,
    "pid": 12968,
    "index": 67
  },
  {
    "name": "Before Start in node_modules/_egg-core@4.9.1@egg-core/lib/egg.js:328:10",
    "start": 1535452826562,
    "end": 1535452826586,
    "duration": 24,
    "pid": 12968,
    "index": 68
  }
]