[
  {
    "name": "Application Start",
    "start": 1535468434951,
    "end": 1535468435682,
    "duration": 731,
    "pid": 10764,
    "index": 0
  },
  {
    "name": "Load Plugin",
    "start": 1535468434959,
    "end": 1535468434993,
    "duration": 34,
    "pid": 10764,
    "index": 1
  },
  {
    "name": "Load Config",
    "start": 1535468434993,
    "end": 1535468435029,
    "duration": 36,
    "pid": 10764,
    "index": 2
  },
  {
    "name": "Require(0) config/config.default.js",
    "start": 1535468434994,
    "end": 1535468434995,
    "duration": 1,
    "pid": 10764,
    "index": 3
  },
  {
    "name": "Require(1) node_modules/_egg-session@3.1.0@egg-session/config/config.default.js",
    "start": 1535468434997,
    "end": 1535468434997,
    "duration": 0,
    "pid": 10764,
    "index": 4
  },
  {
    "name": "Require(2) node_modules/_egg-security@2.2.3@egg-security/config/config.default.js",
    "start": 1535468434998,
    "end": 1535468434999,
    "duration": 1,
    "pid": 10764,
    "index": 5
  },
  {
    "name": "Require(3) node_modules/_egg-jsonp@2.0.0@egg-jsonp/config/config.default.js",
    "start": 1535468435000,
    "end": 1535468435001,
    "duration": 1,
    "pid": 10764,
    "index": 6
  },
  {
    "name": "Require(4) node_modules/_egg-onerror@2.1.0@egg-onerror/config/config.default.js",
    "start": 1535468435002,
    "end": 1535468435002,
    "duration": 0,
    "pid": 10764,
    "index": 7
  },
  {
    "name": "Require(5) node_modules/_egg-i18n@2.0.0@egg-i18n/config/config.default.js",
    "start": 1535468435003,
    "end": 1535468435003,
    "duration": 0,
    "pid": 10764,
    "index": 8
  },
  {
    "name": "Require(6) node_modules/_egg-watcher@3.0.0@egg-watcher/config/config.default.js",
    "start": 1535468435004,
    "end": 1535468435005,
    "duration": 1,
    "pid": 10764,
    "index": 9
  },
  {
    "name": "Require(7) node_modules/_egg-multipart@2.1.0@egg-multipart/config/config.default.js",
    "start": 1535468435005,
    "end": 1535468435006,
    "duration": 1,
    "pid": 10764,
    "index": 10
  },
  {
    "name": "Require(8) node_modules/_egg-development@2.4.1@egg-development/config/config.default.js",
    "start": 1535468435007,
    "end": 1535468435007,
    "duration": 0,
    "pid": 10764,
    "index": 11
  },
  {
    "name": "Require(9) node_modules/_egg-schedule@3.3.0@egg-schedule/config/config.default.js",
    "start": 1535468435008,
    "end": 1535468435008,
    "duration": 0,
    "pid": 10764,
    "index": 12
  },
  {
    "name": "Require(10) node_modules/_egg-logrotator@3.0.3@egg-logrotator/config/config.default.js",
    "start": 1535468435009,
    "end": 1535468435009,
    "duration": 0,
    "pid": 10764,
    "index": 13
  },
  {
    "name": "Require(11) node_modules/_egg-static@2.1.1@egg-static/config/config.default.js",
    "start": 1535468435010,
    "end": 1535468435010,
    "duration": 0,
    "pid": 10764,
    "index": 14
  },
  {
    "name": "Require(12) node_modules/_egg-view@2.1.0@egg-view/config/config.default.js",
    "start": 1535468435011,
    "end": 1535468435012,
    "duration": 1,
    "pid": 10764,
    "index": 15
  },
  {
    "name": "Require(13) node_modules/_egg-view-ejs@2.0.0@egg-view-ejs/config/config.default.js",
    "start": 1535468435013,
    "end": 1535468435014,
    "duration": 1,
    "pid": 10764,
    "index": 16
  },
  {
    "name": "Require(14) node_modules/_egg-mysql@3.0.0@egg-mysql/config/config.default.js",
    "start": 1535468435015,
    "end": 1535468435015,
    "duration": 0,
    "pid": 10764,
    "index": 17
  },
  {
    "name": "Require(15) node_modules/_egg@2.10.0@egg/config/config.default.js",
    "start": 1535468435017,
    "end": 1535468435018,
    "duration": 1,
    "pid": 10764,
    "index": 18
  },
  {
    "name": "Require(16) config/config.default.js",
    "start": 1535468435020,
    "end": 1535468435020,
    "duration": 0,
    "pid": 10764,
    "index": 19
  },
  {
    "name": "Require(17) node_modules/_egg-security@2.2.3@egg-security/config/config.local.js",
    "start": 1535468435021,
    "end": 1535468435022,
    "duration": 1,
    "pid": 10764,
    "index": 20
  },
  {
    "name": "Require(18) node_modules/_egg-watcher@3.0.0@egg-watcher/config/config.local.js",
    "start": 1535468435023,
    "end": 1535468435024,
    "duration": 1,
    "pid": 10764,
    "index": 21
  },
  {
    "name": "Require(19) node_modules/_egg-view@2.1.0@egg-view/config/config.local.js",
    "start": 1535468435026,
    "end": 1535468435026,
    "duration": 0,
    "pid": 10764,
    "index": 22
  },
  {
    "name": "Require(20) node_modules/_egg-view-ejs@2.0.0@egg-view-ejs/config/config.local.js",
    "start": 1535468435027,
    "end": 1535468435027,
    "duration": 0,
    "pid": 10764,
    "index": 23
  },
  {
    "name": "Require(21) node_modules/_egg@2.10.0@egg/config/config.local.js",
    "start": 1535468435028,
    "end": 1535468435029,
    "duration": 1,
    "pid": 10764,
    "index": 24
  },
  {
    "name": "Load extend/application.js",
    "start": 1535468435030,
    "end": 1535468435061,
    "duration": 31,
    "pid": 10764,
    "index": 25
  },
  {
    "name": "Require(22) node_modules/_egg-session@3.1.0@egg-session/app/extend/application.js",
    "start": 1535468435031,
    "end": 1535468435032,
    "duration": 1,
    "pid": 10764,
    "index": 26
  },
  {
    "name": "Require(23) node_modules/_egg-security@2.2.3@egg-security/app/extend/application.js",
    "start": 1535468435032,
    "end": 1535468435034,
    "duration": 2,
    "pid": 10764,
    "index": 27
  },
  {
    "name": "Require(24) node_modules/_egg-jsonp@2.0.0@egg-jsonp/app/extend/application.js",
    "start": 1535468435035,
    "end": 1535468435038,
    "duration": 3,
    "pid": 10764,
    "index": 28
  },
  {
    "name": "Require(25) node_modules/_egg-logrotator@3.0.3@egg-logrotator/app/extend/application.js",
    "start": 1535468435043,
    "end": 1535468435052,
    "duration": 9,
    "pid": 10764,
    "index": 29
  },
  {
    "name": "Require(26) node_modules/_egg-view@2.1.0@egg-view/app/extend/application.js",
    "start": 1535468435053,
    "end": 1535468435055,
    "duration": 2,
    "pid": 10764,
    "index": 30
  },
  {
    "name": "Load extend/request.js",
    "start": 1535468435061,
    "end": 1535468435072,
    "duration": 11,
    "pid": 10764,
    "index": 31
  },
  {
    "name": "Require(27) node_modules/_egg@2.10.0@egg/app/extend/request.js",
    "start": 1535468435065,
    "end": 1535468435067,
    "duration": 2,
    "pid": 10764,
    "index": 32
  },
  {
    "name": "Load extend/response.js",
    "start": 1535468435072,
    "end": 1535468435085,
    "duration": 13,
    "pid": 10764,
    "index": 33
  },
  {
    "name": "Require(28) node_modules/_egg@2.10.0@egg/app/extend/response.js",
    "start": 1535468435076,
    "end": 1535468435080,
    "duration": 4,
    "pid": 10764,
    "index": 34
  },
  {
    "name": "Load extend/context.js",
    "start": 1535468435085,
    "end": 1535468435176,
    "duration": 91,
    "pid": 10764,
    "index": 35
  },
  {
    "name": "Require(29) node_modules/_egg-security@2.2.3@egg-security/app/extend/context.js",
    "start": 1535468435086,
    "end": 1535468435108,
    "duration": 22,
    "pid": 10764,
    "index": 36
  },
  {
    "name": "Require(30) node_modules/_egg-jsonp@2.0.0@egg-jsonp/app/extend/context.js",
    "start": 1535468435108,
    "end": 1535468435110,
    "duration": 2,
    "pid": 10764,
    "index": 37
  },
  {
    "name": "Require(31) node_modules/_egg-i18n@2.0.0@egg-i18n/app/extend/context.js",
    "start": 1535468435111,
    "end": 1535468435111,
    "duration": 0,
    "pid": 10764,
    "index": 38
  },
  {
    "name": "Require(32) node_modules/_egg-multipart@2.1.0@egg-multipart/app/extend/context.js",
    "start": 1535468435112,
    "end": 1535468435165,
    "duration": 53,
    "pid": 10764,
    "index": 39
  },
  {
    "name": "Require(33) node_modules/_egg-view@2.1.0@egg-view/app/extend/context.js",
    "start": 1535468435166,
    "end": 1535468435168,
    "duration": 2,
    "pid": 10764,
    "index": 40
  },
  {
    "name": "Require(34) node_modules/_egg@2.10.0@egg/app/extend/context.js",
    "start": 1535468435169,
    "end": 1535468435171,
    "duration": 2,
    "pid": 10764,
    "index": 41
  },
  {
    "name": "Load extend/helper.js",
    "start": 1535468435176,
    "end": 1535468435208,
    "duration": 32,
    "pid": 10764,
    "index": 42
  },
  {
    "name": "Require(35) node_modules/_egg-security@2.2.3@egg-security/app/extend/helper.js",
    "start": 1535468435177,
    "end": 1535468435199,
    "duration": 22,
    "pid": 10764,
    "index": 43
  },
  {
    "name": "Require(36) node_modules/_egg@2.10.0@egg/app/extend/helper.js",
    "start": 1535468435203,
    "end": 1535468435204,
    "duration": 1,
    "pid": 10764,
    "index": 44
  },
  {
    "name": "Load app.js",
    "start": 1535468435208,
    "end": 1535468435481,
    "duration": 273,
    "pid": 10764,
    "index": 45
  },
  {
    "name": "Require(37) node_modules/_egg-session@3.1.0@egg-session/app.js",
    "start": 1535468435209,
    "end": 1535468435209,
    "duration": 0,
    "pid": 10764,
    "index": 46
  },
  {
    "name": "Require(38) node_modules/_egg-security@2.2.3@egg-security/app.js",
    "start": 1535468435210,
    "end": 1535468435212,
    "duration": 2,
    "pid": 10764,
    "index": 47
  },
  {
    "name": "Require(39) node_modules/_egg-onerror@2.1.0@egg-onerror/app.js",
    "start": 1535468435214,
    "end": 1535468435228,
    "duration": 14,
    "pid": 10764,
    "index": 48
  },
  {
    "name": "Require(40) node_modules/_egg-i18n@2.0.0@egg-i18n/app.js",
    "start": 1535468435229,
    "end": 1535468435242,
    "duration": 13,
    "pid": 10764,
    "index": 49
  },
  {
    "name": "Require(41) node_modules/_egg-watcher@3.0.0@egg-watcher/app.js",
    "start": 1535468435246,
    "end": 1535468435252,
    "duration": 6,
    "pid": 10764,
    "index": 50
  },
  {
    "name": "Before Start in node_modules/_egg-watcher@3.0.0@egg-watcher/app.js:15:7",
    "start": 1535468435263,
    "end": 1535468435677,
    "duration": 414,
    "pid": 10764,
    "index": 51
  },
  {
    "name": "Require(42) node_modules/_egg-multipart@2.1.0@egg-multipart/app.js",
    "start": 1535468435266,
    "end": 1535468435271,
    "duration": 5,
    "pid": 10764,
    "index": 52
  },
  {
    "name": "Require(43) node_modules/_egg-development@2.4.1@egg-development/app.js",
    "start": 1535468435272,
    "end": 1535468435273,
    "duration": 1,
    "pid": 10764,
    "index": 53
  },
  {
    "name": "Require(44) node_modules/_egg-schedule@3.3.0@egg-schedule/app.js",
    "start": 1535468435273,
    "end": 1535468435276,
    "duration": 3,
    "pid": 10764,
    "index": 54
  },
  {
    "name": "Require(45) node_modules/_egg-logrotator@3.0.3@egg-logrotator/app.js",
    "start": 1535468435326,
    "end": 1535468435327,
    "duration": 1,
    "pid": 10764,
    "index": 55
  },
  {
    "name": "Require(46) node_modules/_egg-static@2.1.1@egg-static/app.js",
    "start": 1535468435327,
    "end": 1535468435328,
    "duration": 1,
    "pid": 10764,
    "index": 56
  },
  {
    "name": "Require(47) node_modules/_egg-view-ejs@2.0.0@egg-view-ejs/app.js",
    "start": 1535468435330,
    "end": 1535468435330,
    "duration": 0,
    "pid": 10764,
    "index": 57
  },
  {
    "name": "Require(48) node_modules/_egg-mysql@3.0.0@egg-mysql/app.js",
    "start": 1535468435338,
    "end": 1535468435364,
    "duration": 26,
    "pid": 10764,
    "index": 58
  },
  {
    "name": "Before Start in node_modules/_egg-mysql@3.0.0@egg-mysql/lib/mysql.js:20:7",
    "start": 1535468435479,
    "end": 1535468435682,
    "duration": 203,
    "pid": 10764,
    "index": 59
  },
  {
    "name": "Load Service",
    "start": 1535468435481,
    "end": 1535468435490,
    "duration": 9,
    "pid": 10764,
    "index": 60
  },
  {
    "name": "Load \"service\" to Context",
    "start": 1535468435482,
    "end": 1535468435490,
    "duration": 8,
    "pid": 10764,
    "index": 61
  },
  {
    "name": "Load Middleware",
    "start": 1535468435490,
    "end": 1535468435622,
    "duration": 132,
    "pid": 10764,
    "index": 62
  },
  {
    "name": "Load \"middlewares\" to Application",
    "start": 1535468435491,
    "end": 1535468435604,
    "duration": 113,
    "pid": 10764,
    "index": 63
  },
  {
    "name": "Load Controller",
    "start": 1535468435622,
    "end": 1535468435625,
    "duration": 3,
    "pid": 10764,
    "index": 64
  },
  {
    "name": "Load \"controller\" to Application",
    "start": 1535468435622,
    "end": 1535468435625,
    "duration": 3,
    "pid": 10764,
    "index": 65
  },
  {
    "name": "Load Router",
    "start": 1535468435625,
    "end": 1535468435628,
    "duration": 3,
    "pid": 10764,
    "index": 66
  },
  {
    "name": "Require(49) app/router.js",
    "start": 1535468435626,
    "end": 1535468435626,
    "duration": 0,
    "pid": 10764,
    "index": 67
  },
  {
    "name": "Before Start in node_modules/_egg-core@4.9.1@egg-core/lib/egg.js:328:10",
    "start": 1535468435626,
    "end": 1535468435649,
    "duration": 23,
    "pid": 10764,
    "index": 68
  }
]