[
  {
    "name": "Application Start",
    "start": 1535468235912,
    "end": 1535468236702,
    "duration": 790,
    "pid": 5156,
    "index": 0
  },
  {
    "name": "Load Plugin",
    "start": 1535468235919,
    "end": 1535468235953,
    "duration": 34,
    "pid": 5156,
    "index": 1
  },
  {
    "name": "Load Config",
    "start": 1535468235953,
    "end": 1535468235986,
    "duration": 33,
    "pid": 5156,
    "index": 2
  },
  {
    "name": "Require(0) config/config.default.js",
    "start": 1535468235954,
    "end": 1535468235954,
    "duration": 0,
    "pid": 5156,
    "index": 3
  },
  {
    "name": "Require(1) node_modules/_egg-session@3.1.0@egg-session/config/config.default.js",
    "start": 1535468235956,
    "end": 1535468235957,
    "duration": 1,
    "pid": 5156,
    "index": 4
  },
  {
    "name": "Require(2) node_modules/_egg-security@2.2.3@egg-security/config/config.default.js",
    "start": 1535468235958,
    "end": 1535468235958,
    "duration": 0,
    "pid": 5156,
    "index": 5
  },
  {
    "name": "Require(3) node_modules/_egg-jsonp@2.0.0@egg-jsonp/config/config.default.js",
    "start": 1535468235959,
    "end": 1535468235960,
    "duration": 1,
    "pid": 5156,
    "index": 6
  },
  {
    "name": "Require(4) node_modules/_egg-onerror@2.1.0@egg-onerror/config/config.default.js",
    "start": 1535468235960,
    "end": 1535468235961,
    "duration": 1,
    "pid": 5156,
    "index": 7
  },
  {
    "name": "Require(5) node_modules/_egg-i18n@2.0.0@egg-i18n/config/config.default.js",
    "start": 1535468235961,
    "end": 1535468235962,
    "duration": 1,
    "pid": 5156,
    "index": 8
  },
  {
    "name": "Require(6) node_modules/_egg-watcher@3.0.0@egg-watcher/config/config.default.js",
    "start": 1535468235963,
    "end": 1535468235963,
    "duration": 0,
    "pid": 5156,
    "index": 9
  },
  {
    "name": "Require(7) node_modules/_egg-multipart@2.1.0@egg-multipart/config/config.default.js",
    "start": 1535468235964,
    "end": 1535468235964,
    "duration": 0,
    "pid": 5156,
    "index": 10
  },
  {
    "name": "Require(8) node_modules/_egg-development@2.4.1@egg-development/config/config.default.js",
    "start": 1535468235965,
    "end": 1535468235966,
    "duration": 1,
    "pid": 5156,
    "index": 11
  },
  {
    "name": "Require(9) node_modules/_egg-schedule@3.3.0@egg-schedule/config/config.default.js",
    "start": 1535468235967,
    "end": 1535468235967,
    "duration": 0,
    "pid": 5156,
    "index": 12
  },
  {
    "name": "Require(10) node_modules/_egg-logrotator@3.0.3@egg-logrotator/config/config.default.js",
    "start": 1535468235969,
    "end": 1535468235969,
    "duration": 0,
    "pid": 5156,
    "index": 13
  },
  {
    "name": "Require(11) node_modules/_egg-static@2.1.1@egg-static/config/config.default.js",
    "start": 1535468235970,
    "end": 1535468235971,
    "duration": 1,
    "pid": 5156,
    "index": 14
  },
  {
    "name": "Require(12) node_modules/_egg-view@2.1.0@egg-view/config/config.default.js",
    "start": 1535468235971,
    "end": 1535468235972,
    "duration": 1,
    "pid": 5156,
    "index": 15
  },
  {
    "name": "Require(13) node_modules/_egg-view-ejs@2.0.0@egg-view-ejs/config/config.default.js",
    "start": 1535468235973,
    "end": 1535468235973,
    "duration": 0,
    "pid": 5156,
    "index": 16
  },
  {
    "name": "Require(14) node_modules/_egg-mysql@3.0.0@egg-mysql/config/config.default.js",
    "start": 1535468235974,
    "end": 1535468235974,
    "duration": 0,
    "pid": 5156,
    "index": 17
  },
  {
    "name": "Require(15) node_modules/_egg@2.10.0@egg/config/config.default.js",
    "start": 1535468235975,
    "end": 1535468235976,
    "duration": 1,
    "pid": 5156,
    "index": 18
  },
  {
    "name": "Require(16) config/config.default.js",
    "start": 1535468235978,
    "end": 1535468235978,
    "duration": 0,
    "pid": 5156,
    "index": 19
  },
  {
    "name": "Require(17) node_modules/_egg-security@2.2.3@egg-security/config/config.local.js",
    "start": 1535468235979,
    "end": 1535468235979,
    "duration": 0,
    "pid": 5156,
    "index": 20
  },
  {
    "name": "Require(18) node_modules/_egg-watcher@3.0.0@egg-watcher/config/config.local.js",
    "start": 1535468235980,
    "end": 1535468235981,
    "duration": 1,
    "pid": 5156,
    "index": 21
  },
  {
    "name": "Require(19) node_modules/_egg-view@2.1.0@egg-view/config/config.local.js",
    "start": 1535468235983,
    "end": 1535468235983,
    "duration": 0,
    "pid": 5156,
    "index": 22
  },
  {
    "name": "Require(20) node_modules/_egg-view-ejs@2.0.0@egg-view-ejs/config/config.local.js",
    "start": 1535468235984,
    "end": 1535468235985,
    "duration": 1,
    "pid": 5156,
    "index": 23
  },
  {
    "name": "Require(21) node_modules/_egg@2.10.0@egg/config/config.local.js",
    "start": 1535468235985,
    "end": 1535468235986,
    "duration": 1,
    "pid": 5156,
    "index": 24
  },
  {
    "name": "Load extend/application.js",
    "start": 1535468235988,
    "end": 1535468236015,
    "duration": 27,
    "pid": 5156,
    "index": 25
  },
  {
    "name": "Require(22) node_modules/_egg-session@3.1.0@egg-session/app/extend/application.js",
    "start": 1535468235988,
    "end": 1535468235989,
    "duration": 1,
    "pid": 5156,
    "index": 26
  },
  {
    "name": "Require(23) node_modules/_egg-security@2.2.3@egg-security/app/extend/application.js",
    "start": 1535468235990,
    "end": 1535468235991,
    "duration": 1,
    "pid": 5156,
    "index": 27
  },
  {
    "name": "Require(24) node_modules/_egg-jsonp@2.0.0@egg-jsonp/app/extend/application.js",
    "start": 1535468235992,
    "end": 1535468235995,
    "duration": 3,
    "pid": 5156,
    "index": 28
  },
  {
    "name": "Require(25) node_modules/_egg-logrotator@3.0.3@egg-logrotator/app/extend/application.js",
    "start": 1535468235997,
    "end": 1535468236003,
    "duration": 6,
    "pid": 5156,
    "index": 29
  },
  {
    "name": "Require(26) node_modules/_egg-view@2.1.0@egg-view/app/extend/application.js",
    "start": 1535468236004,
    "end": 1535468236008,
    "duration": 4,
    "pid": 5156,
    "index": 30
  },
  {
    "name": "Load extend/request.js",
    "start": 1535468236015,
    "end": 1535468236031,
    "duration": 16,
    "pid": 5156,
    "index": 31
  },
  {
    "name": "Require(27) node_modules/_egg@2.10.0@egg/app/extend/request.js",
    "start": 1535468236023,
    "end": 1535468236025,
    "duration": 2,
    "pid": 5156,
    "index": 32
  },
  {
    "name": "Load extend/response.js",
    "start": 1535468236031,
    "end": 1535468236042,
    "duration": 11,
    "pid": 5156,
    "index": 33
  },
  {
    "name": "Require(28) node_modules/_egg@2.10.0@egg/app/extend/response.js",
    "start": 1535468236035,
    "end": 1535468236038,
    "duration": 3,
    "pid": 5156,
    "index": 34
  },
  {
    "name": "Load extend/context.js",
    "start": 1535468236042,
    "end": 1535468236136,
    "duration": 94,
    "pid": 5156,
    "index": 35
  },
  {
    "name": "Require(29) node_modules/_egg-security@2.2.3@egg-security/app/extend/context.js",
    "start": 1535468236043,
    "end": 1535468236064,
    "duration": 21,
    "pid": 5156,
    "index": 36
  },
  {
    "name": "Require(30) node_modules/_egg-jsonp@2.0.0@egg-jsonp/app/extend/context.js",
    "start": 1535468236065,
    "end": 1535468236068,
    "duration": 3,
    "pid": 5156,
    "index": 37
  },
  {
    "name": "Require(31) node_modules/_egg-i18n@2.0.0@egg-i18n/app/extend/context.js",
    "start": 1535468236068,
    "end": 1535468236069,
    "duration": 1,
    "pid": 5156,
    "index": 38
  },
  {
    "name": "Require(32) node_modules/_egg-multipart@2.1.0@egg-multipart/app/extend/context.js",
    "start": 1535468236070,
    "end": 1535468236126,
    "duration": 56,
    "pid": 5156,
    "index": 39
  },
  {
    "name": "Require(33) node_modules/_egg-view@2.1.0@egg-view/app/extend/context.js",
    "start": 1535468236128,
    "end": 1535468236129,
    "duration": 1,
    "pid": 5156,
    "index": 40
  },
  {
    "name": "Require(34) node_modules/_egg@2.10.0@egg/app/extend/context.js",
    "start": 1535468236130,
    "end": 1535468236132,
    "duration": 2,
    "pid": 5156,
    "index": 41
  },
  {
    "name": "Load extend/helper.js",
    "start": 1535468236136,
    "end": 1535468236168,
    "duration": 32,
    "pid": 5156,
    "index": 42
  },
  {
    "name": "Require(35) node_modules/_egg-security@2.2.3@egg-security/app/extend/helper.js",
    "start": 1535468236138,
    "end": 1535468236160,
    "duration": 22,
    "pid": 5156,
    "index": 43
  },
  {
    "name": "Require(36) node_modules/_egg@2.10.0@egg/app/extend/helper.js",
    "start": 1535468236164,
    "end": 1535468236164,
    "duration": 0,
    "pid": 5156,
    "index": 44
  },
  {
    "name": "Load app.js",
    "start": 1535468236168,
    "end": 1535468236468,
    "duration": 300,
    "pid": 5156,
    "index": 45
  },
  {
    "name": "Require(37) node_modules/_egg-session@3.1.0@egg-session/app.js",
    "start": 1535468236169,
    "end": 1535468236169,
    "duration": 0,
    "pid": 5156,
    "index": 46
  },
  {
    "name": "Require(38) node_modules/_egg-security@2.2.3@egg-security/app.js",
    "start": 1535468236170,
    "end": 1535468236172,
    "duration": 2,
    "pid": 5156,
    "index": 47
  },
  {
    "name": "Require(39) node_modules/_egg-onerror@2.1.0@egg-onerror/app.js",
    "start": 1535468236174,
    "end": 1535468236188,
    "duration": 14,
    "pid": 5156,
    "index": 48
  },
  {
    "name": "Require(40) node_modules/_egg-i18n@2.0.0@egg-i18n/app.js",
    "start": 1535468236190,
    "end": 1535468236202,
    "duration": 12,
    "pid": 5156,
    "index": 49
  },
  {
    "name": "Require(41) node_modules/_egg-watcher@3.0.0@egg-watcher/app.js",
    "start": 1535468236206,
    "end": 1535468236212,
    "duration": 6,
    "pid": 5156,
    "index": 50
  },
  {
    "name": "Before Start in node_modules/_egg-watcher@3.0.0@egg-watcher/app.js:15:7",
    "start": 1535468236223,
    "end": 1535468236695,
    "duration": 472,
    "pid": 5156,
    "index": 51
  },
  {
    "name": "Require(42) node_modules/_egg-multipart@2.1.0@egg-multipart/app.js",
    "start": 1535468236225,
    "end": 1535468236229,
    "duration": 4,
    "pid": 5156,
    "index": 52
  },
  {
    "name": "Require(43) node_modules/_egg-development@2.4.1@egg-development/app.js",
    "start": 1535468236230,
    "end": 1535468236231,
    "duration": 1,
    "pid": 5156,
    "index": 53
  },
  {
    "name": "Require(44) node_modules/_egg-schedule@3.3.0@egg-schedule/app.js",
    "start": 1535468236231,
    "end": 1535468236234,
    "duration": 3,
    "pid": 5156,
    "index": 54
  },
  {
    "name": "Require(45) node_modules/_egg-logrotator@3.0.3@egg-logrotator/app.js",
    "start": 1535468236296,
    "end": 1535468236297,
    "duration": 1,
    "pid": 5156,
    "index": 55
  },
  {
    "name": "Require(46) node_modules/_egg-static@2.1.1@egg-static/app.js",
    "start": 1535468236298,
    "end": 1535468236298,
    "duration": 0,
    "pid": 5156,
    "index": 56
  },
  {
    "name": "Require(47) node_modules/_egg-view-ejs@2.0.0@egg-view-ejs/app.js",
    "start": 1535468236299,
    "end": 1535468236300,
    "duration": 1,
    "pid": 5156,
    "index": 57
  },
  {
    "name": "Require(48) node_modules/_egg-mysql@3.0.0@egg-mysql/app.js",
    "start": 1535468236307,
    "end": 1535468236341,
    "duration": 34,
    "pid": 5156,
    "index": 58
  },
  {
    "name": "Before Start in node_modules/_egg-mysql@3.0.0@egg-mysql/lib/mysql.js:20:7",
    "start": 1535468236466,
    "end": 1535468236701,
    "duration": 235,
    "pid": 5156,
    "index": 59
  },
  {
    "name": "Load Service",
    "start": 1535468236468,
    "end": 1535468236477,
    "duration": 9,
    "pid": 5156,
    "index": 60
  },
  {
    "name": "Load \"service\" to Context",
    "start": 1535468236468,
    "end": 1535468236477,
    "duration": 9,
    "pid": 5156,
    "index": 61
  },
  {
    "name": "Load Middleware",
    "start": 1535468236477,
    "end": 1535468236644,
    "duration": 167,
    "pid": 5156,
    "index": 62
  },
  {
    "name": "Load \"middlewares\" to Application",
    "start": 1535468236478,
    "end": 1535468236627,
    "duration": 149,
    "pid": 5156,
    "index": 63
  },
  {
    "name": "Load Controller",
    "start": 1535468236644,
    "end": 1535468236647,
    "duration": 3,
    "pid": 5156,
    "index": 64
  },
  {
    "name": "Load \"controller\" to Application",
    "start": 1535468236644,
    "end": 1535468236647,
    "duration": 3,
    "pid": 5156,
    "index": 65
  },
  {
    "name": "Load Router",
    "start": 1535468236647,
    "end": 1535468236650,
    "duration": 3,
    "pid": 5156,
    "index": 66
  },
  {
    "name": "Require(49) app/router.js",
    "start": 1535468236647,
    "end": 1535468236648,
    "duration": 1,
    "pid": 5156,
    "index": 67
  },
  {
    "name": "Before Start in node_modules/_egg-core@4.9.1@egg-core/lib/egg.js:328:10",
    "start": 1535468236648,
    "end": 1535468236678,
    "duration": 30,
    "pid": 5156,
    "index": 68
  }
]