[
  {
    "name": "Application Start",
    "start": 1535453114031,
    "end": 1535453114764,
    "duration": 733,
    "pid": 13960,
    "index": 0
  },
  {
    "name": "Load Plugin",
    "start": 1535453114038,
    "end": 1535453114068,
    "duration": 30,
    "pid": 13960,
    "index": 1
  },
  {
    "name": "Load Config",
    "start": 1535453114068,
    "end": 1535453114099,
    "duration": 31,
    "pid": 13960,
    "index": 2
  },
  {
    "name": "Require(0) config/config.default.js",
    "start": 1535453114069,
    "end": 1535453114070,
    "duration": 1,
    "pid": 13960,
    "index": 3
  },
  {
    "name": "Require(1) node_modules/_egg-session@3.1.0@egg-session/config/config.default.js",
    "start": 1535453114072,
    "end": 1535453114072,
    "duration": 0,
    "pid": 13960,
    "index": 4
  },
  {
    "name": "Require(2) node_modules/_egg-security@2.2.3@egg-security/config/config.default.js",
    "start": 1535453114073,
    "end": 1535453114074,
    "duration": 1,
    "pid": 13960,
    "index": 5
  },
  {
    "name": "Require(3) node_modules/_egg-jsonp@2.0.0@egg-jsonp/config/config.default.js",
    "start": 1535453114075,
    "end": 1535453114075,
    "duration": 0,
    "pid": 13960,
    "index": 6
  },
  {
    "name": "Require(4) node_modules/_egg-onerror@2.1.0@egg-onerror/config/config.default.js",
    "start": 1535453114076,
    "end": 1535453114076,
    "duration": 0,
    "pid": 13960,
    "index": 7
  },
  {
    "name": "Require(5) node_modules/_egg-i18n@2.0.0@egg-i18n/config/config.default.js",
    "start": 1535453114077,
    "end": 1535453114077,
    "duration": 0,
    "pid": 13960,
    "index": 8
  },
  {
    "name": "Require(6) node_modules/_egg-watcher@3.0.0@egg-watcher/config/config.default.js",
    "start": 1535453114078,
    "end": 1535453114079,
    "duration": 1,
    "pid": 13960,
    "index": 9
  },
  {
    "name": "Require(7) node_modules/_egg-multipart@2.1.0@egg-multipart/config/config.default.js",
    "start": 1535453114079,
    "end": 1535453114080,
    "duration": 1,
    "pid": 13960,
    "index": 10
  },
  {
    "name": "Require(8) node_modules/_egg-development@2.4.1@egg-development/config/config.default.js",
    "start": 1535453114081,
    "end": 1535453114081,
    "duration": 0,
    "pid": 13960,
    "index": 11
  },
  {
    "name": "Require(9) node_modules/_egg-schedule@3.3.0@egg-schedule/config/config.default.js",
    "start": 1535453114081,
    "end": 1535453114082,
    "duration": 1,
    "pid": 13960,
    "index": 12
  },
  {
    "name": "Require(10) node_modules/_egg-logrotator@3.0.3@egg-logrotator/config/config.default.js",
    "start": 1535453114082,
    "end": 1535453114083,
    "duration": 1,
    "pid": 13960,
    "index": 13
  },
  {
    "name": "Require(11) node_modules/_egg-static@2.1.1@egg-static/config/config.default.js",
    "start": 1535453114084,
    "end": 1535453114084,
    "duration": 0,
    "pid": 13960,
    "index": 14
  },
  {
    "name": "Require(12) node_modules/_egg-view@2.1.0@egg-view/config/config.default.js",
    "start": 1535453114085,
    "end": 1535453114085,
    "duration": 0,
    "pid": 13960,
    "index": 15
  },
  {
    "name": "Require(13) node_modules/_egg-view-ejs@2.0.0@egg-view-ejs/config/config.default.js",
    "start": 1535453114086,
    "end": 1535453114086,
    "duration": 0,
    "pid": 13960,
    "index": 16
  },
  {
    "name": "Require(14) node_modules/_egg-mysql@3.0.0@egg-mysql/config/config.default.js",
    "start": 1535453114087,
    "end": 1535453114087,
    "duration": 0,
    "pid": 13960,
    "index": 17
  },
  {
    "name": "Require(15) node_modules/_egg@2.10.0@egg/config/config.default.js",
    "start": 1535453114088,
    "end": 1535453114088,
    "duration": 0,
    "pid": 13960,
    "index": 18
  },
  {
    "name": "Require(16) config/config.default.js",
    "start": 1535453114091,
    "end": 1535453114091,
    "duration": 0,
    "pid": 13960,
    "index": 19
  },
  {
    "name": "Require(17) node_modules/_egg-security@2.2.3@egg-security/config/config.local.js",
    "start": 1535453114092,
    "end": 1535453114093,
    "duration": 1,
    "pid": 13960,
    "index": 20
  },
  {
    "name": "Require(18) node_modules/_egg-watcher@3.0.0@egg-watcher/config/config.local.js",
    "start": 1535453114094,
    "end": 1535453114094,
    "duration": 0,
    "pid": 13960,
    "index": 21
  },
  {
    "name": "Require(19) node_modules/_egg-view@2.1.0@egg-view/config/config.local.js",
    "start": 1535453114096,
    "end": 1535453114097,
    "duration": 1,
    "pid": 13960,
    "index": 22
  },
  {
    "name": "Require(20) node_modules/_egg-view-ejs@2.0.0@egg-view-ejs/config/config.local.js",
    "start": 1535453114097,
    "end": 1535453114097,
    "duration": 0,
    "pid": 13960,
    "index": 23
  },
  {
    "name": "Require(21) node_modules/_egg@2.10.0@egg/config/config.local.js",
    "start": 1535453114098,
    "end": 1535453114098,
    "duration": 0,
    "pid": 13960,
    "index": 24
  },
  {
    "name": "Load extend/application.js",
    "start": 1535453114100,
    "end": 1535453114128,
    "duration": 28,
    "pid": 13960,
    "index": 25
  },
  {
    "name": "Require(22) node_modules/_egg-session@3.1.0@egg-session/app/extend/application.js",
    "start": 1535453114101,
    "end": 1535453114101,
    "duration": 0,
    "pid": 13960,
    "index": 26
  },
  {
    "name": "Require(23) node_modules/_egg-security@2.2.3@egg-security/app/extend/application.js",
    "start": 1535453114102,
    "end": 1535453114106,
    "duration": 4,
    "pid": 13960,
    "index": 27
  },
  {
    "name": "Require(24) node_modules/_egg-jsonp@2.0.0@egg-jsonp/app/extend/application.js",
    "start": 1535453114107,
    "end": 1535453114110,
    "duration": 3,
    "pid": 13960,
    "index": 28
  },
  {
    "name": "Require(25) node_modules/_egg-logrotator@3.0.3@egg-logrotator/app/extend/application.js",
    "start": 1535453114113,
    "end": 1535453114117,
    "duration": 4,
    "pid": 13960,
    "index": 29
  },
  {
    "name": "Require(26) node_modules/_egg-view@2.1.0@egg-view/app/extend/application.js",
    "start": 1535453114118,
    "end": 1535453114123,
    "duration": 5,
    "pid": 13960,
    "index": 30
  },
  {
    "name": "Load extend/request.js",
    "start": 1535453114128,
    "end": 1535453114138,
    "duration": 10,
    "pid": 13960,
    "index": 31
  },
  {
    "name": "Require(27) node_modules/_egg@2.10.0@egg/app/extend/request.js",
    "start": 1535453114132,
    "end": 1535453114134,
    "duration": 2,
    "pid": 13960,
    "index": 32
  },
  {
    "name": "Load extend/response.js",
    "start": 1535453114139,
    "end": 1535453114149,
    "duration": 10,
    "pid": 13960,
    "index": 33
  },
  {
    "name": "Require(28) node_modules/_egg@2.10.0@egg/app/extend/response.js",
    "start": 1535453114142,
    "end": 1535453114145,
    "duration": 3,
    "pid": 13960,
    "index": 34
  },
  {
    "name": "Load extend/context.js",
    "start": 1535453114149,
    "end": 1535453114235,
    "duration": 86,
    "pid": 13960,
    "index": 35
  },
  {
    "name": "Require(29) node_modules/_egg-security@2.2.3@egg-security/app/extend/context.js",
    "start": 1535453114149,
    "end": 1535453114165,
    "duration": 16,
    "pid": 13960,
    "index": 36
  },
  {
    "name": "Require(30) node_modules/_egg-jsonp@2.0.0@egg-jsonp/app/extend/context.js",
    "start": 1535453114166,
    "end": 1535453114168,
    "duration": 2,
    "pid": 13960,
    "index": 37
  },
  {
    "name": "Require(31) node_modules/_egg-i18n@2.0.0@egg-i18n/app/extend/context.js",
    "start": 1535453114168,
    "end": 1535453114169,
    "duration": 1,
    "pid": 13960,
    "index": 38
  },
  {
    "name": "Require(32) node_modules/_egg-multipart@2.1.0@egg-multipart/app/extend/context.js",
    "start": 1535453114169,
    "end": 1535453114224,
    "duration": 55,
    "pid": 13960,
    "index": 39
  },
  {
    "name": "Require(33) node_modules/_egg-view@2.1.0@egg-view/app/extend/context.js",
    "start": 1535453114225,
    "end": 1535453114227,
    "duration": 2,
    "pid": 13960,
    "index": 40
  },
  {
    "name": "Require(34) node_modules/_egg@2.10.0@egg/app/extend/context.js",
    "start": 1535453114227,
    "end": 1535453114230,
    "duration": 3,
    "pid": 13960,
    "index": 41
  },
  {
    "name": "Load extend/helper.js",
    "start": 1535453114235,
    "end": 1535453114276,
    "duration": 41,
    "pid": 13960,
    "index": 42
  },
  {
    "name": "Require(35) node_modules/_egg-security@2.2.3@egg-security/app/extend/helper.js",
    "start": 1535453114236,
    "end": 1535453114266,
    "duration": 30,
    "pid": 13960,
    "index": 43
  },
  {
    "name": "Require(36) node_modules/_egg@2.10.0@egg/app/extend/helper.js",
    "start": 1535453114271,
    "end": 1535453114271,
    "duration": 0,
    "pid": 13960,
    "index": 44
  },
  {
    "name": "Load app.js",
    "start": 1535453114276,
    "end": 1535453114548,
    "duration": 272,
    "pid": 13960,
    "index": 45
  },
  {
    "name": "Require(37) node_modules/_egg-session@3.1.0@egg-session/app.js",
    "start": 1535453114277,
    "end": 1535453114277,
    "duration": 0,
    "pid": 13960,
    "index": 46
  },
  {
    "name": "Require(38) node_modules/_egg-security@2.2.3@egg-security/app.js",
    "start": 1535453114278,
    "end": 1535453114281,
    "duration": 3,
    "pid": 13960,
    "index": 47
  },
  {
    "name": "Require(39) node_modules/_egg-onerror@2.1.0@egg-onerror/app.js",
    "start": 1535453114282,
    "end": 1535453114298,
    "duration": 16,
    "pid": 13960,
    "index": 48
  },
  {
    "name": "Require(40) node_modules/_egg-i18n@2.0.0@egg-i18n/app.js",
    "start": 1535453114299,
    "end": 1535453114312,
    "duration": 13,
    "pid": 13960,
    "index": 49
  },
  {
    "name": "Require(41) node_modules/_egg-watcher@3.0.0@egg-watcher/app.js",
    "start": 1535453114317,
    "end": 1535453114323,
    "duration": 6,
    "pid": 13960,
    "index": 50
  },
  {
    "name": "Before Start in node_modules/_egg-watcher@3.0.0@egg-watcher/app.js:15:7",
    "start": 1535453114339,
    "end": 1535453114758,
    "duration": 419,
    "pid": 13960,
    "index": 51
  },
  {
    "name": "Require(42) node_modules/_egg-multipart@2.1.0@egg-multipart/app.js",
    "start": 1535453114341,
    "end": 1535453114346,
    "duration": 5,
    "pid": 13960,
    "index": 52
  },
  {
    "name": "Require(43) node_modules/_egg-development@2.4.1@egg-development/app.js",
    "start": 1535453114348,
    "end": 1535453114348,
    "duration": 0,
    "pid": 13960,
    "index": 53
  },
  {
    "name": "Require(44) node_modules/_egg-schedule@3.3.0@egg-schedule/app.js",
    "start": 1535453114349,
    "end": 1535453114352,
    "duration": 3,
    "pid": 13960,
    "index": 54
  },
  {
    "name": "Require(45) node_modules/_egg-logrotator@3.0.3@egg-logrotator/app.js",
    "start": 1535453114410,
    "end": 1535453114411,
    "duration": 1,
    "pid": 13960,
    "index": 55
  },
  {
    "name": "Require(46) node_modules/_egg-static@2.1.1@egg-static/app.js",
    "start": 1535453114411,
    "end": 1535453114412,
    "duration": 1,
    "pid": 13960,
    "index": 56
  },
  {
    "name": "Require(47) node_modules/_egg-view-ejs@2.0.0@egg-view-ejs/app.js",
    "start": 1535453114413,
    "end": 1535453114413,
    "duration": 0,
    "pid": 13960,
    "index": 57
  },
  {
    "name": "Require(48) node_modules/_egg-mysql@3.0.0@egg-mysql/app.js",
    "start": 1535453114425,
    "end": 1535453114456,
    "duration": 31,
    "pid": 13960,
    "index": 58
  },
  {
    "name": "Before Start in node_modules/_egg-mysql@3.0.0@egg-mysql/lib/mysql.js:20:7",
    "start": 1535453114546,
    "end": 1535453114763,
    "duration": 217,
    "pid": 13960,
    "index": 59
  },
  {
    "name": "Load Service",
    "start": 1535453114548,
    "end": 1535453114554,
    "duration": 6,
    "pid": 13960,
    "index": 60
  },
  {
    "name": "Load \"service\" to Context",
    "start": 1535453114548,
    "end": 1535453114554,
    "duration": 6,
    "pid": 13960,
    "index": 61
  },
  {
    "name": "Load Middleware",
    "start": 1535453114554,
    "end": 1535453114705,
    "duration": 151,
    "pid": 13960,
    "index": 62
  },
  {
    "name": "Load \"middlewares\" to Application",
    "start": 1535453114554,
    "end": 1535453114685,
    "duration": 131,
    "pid": 13960,
    "index": 63
  },
  {
    "name": "Load Controller",
    "start": 1535453114705,
    "end": 1535453114710,
    "duration": 5,
    "pid": 13960,
    "index": 64
  },
  {
    "name": "Load \"controller\" to Application",
    "start": 1535453114705,
    "end": 1535453114710,
    "duration": 5,
    "pid": 13960,
    "index": 65
  },
  {
    "name": "Load Router",
    "start": 1535453114710,
    "end": 1535453114714,
    "duration": 4,
    "pid": 13960,
    "index": 66
  },
  {
    "name": "Require(49) app/router.js",
    "start": 1535453114711,
    "end": 1535453114711,
    "duration": 0,
    "pid": 13960,
    "index": 67
  },
  {
    "name": "Before Start in node_modules/_egg-core@4.9.1@egg-core/lib/egg.js:328:10",
    "start": 1535453114712,
    "end": 1535453114738,
    "duration": 26,
    "pid": 13960,
    "index": 68
  }
]