[
  {
    "name": "Application Start",
    "start": 1535453601144,
    "end": 1535453602082,
    "duration": 938,
    "pid": 6472,
    "index": 0
  },
  {
    "name": "Load Plugin",
    "start": 1535453601154,
    "end": 1535453601191,
    "duration": 37,
    "pid": 6472,
    "index": 1
  },
  {
    "name": "Load Config",
    "start": 1535453601191,
    "end": 1535453601241,
    "duration": 50,
    "pid": 6472,
    "index": 2
  },
  {
    "name": "Require(0) config/config.default.js",
    "start": 1535453601192,
    "end": 1535453601193,
    "duration": 1,
    "pid": 6472,
    "index": 3
  },
  {
    "name": "Require(1) node_modules/_egg-session@3.1.0@egg-session/config/config.default.js",
    "start": 1535453601195,
    "end": 1535453601196,
    "duration": 1,
    "pid": 6472,
    "index": 4
  },
  {
    "name": "Require(2) node_modules/_egg-security@2.2.3@egg-security/config/config.default.js",
    "start": 1535453601197,
    "end": 1535453601197,
    "duration": 0,
    "pid": 6472,
    "index": 5
  },
  {
    "name": "Require(3) node_modules/_egg-jsonp@2.0.0@egg-jsonp/config/config.default.js",
    "start": 1535453601199,
    "end": 1535453601200,
    "duration": 1,
    "pid": 6472,
    "index": 6
  },
  {
    "name": "Require(4) node_modules/_egg-onerror@2.1.0@egg-onerror/config/config.default.js",
    "start": 1535453601201,
    "end": 1535453601201,
    "duration": 0,
    "pid": 6472,
    "index": 7
  },
  {
    "name": "Require(5) node_modules/_egg-i18n@2.0.0@egg-i18n/config/config.default.js",
    "start": 1535453601202,
    "end": 1535453601203,
    "duration": 1,
    "pid": 6472,
    "index": 8
  },
  {
    "name": "Require(6) node_modules/_egg-watcher@3.0.0@egg-watcher/config/config.default.js",
    "start": 1535453601204,
    "end": 1535453601204,
    "duration": 0,
    "pid": 6472,
    "index": 9
  },
  {
    "name": "Require(7) node_modules/_egg-multipart@2.1.0@egg-multipart/config/config.default.js",
    "start": 1535453601205,
    "end": 1535453601206,
    "duration": 1,
    "pid": 6472,
    "index": 10
  },
  {
    "name": "Require(8) node_modules/_egg-development@2.4.1@egg-development/config/config.default.js",
    "start": 1535453601212,
    "end": 1535453601213,
    "duration": 1,
    "pid": 6472,
    "index": 11
  },
  {
    "name": "Require(9) node_modules/_egg-schedule@3.3.0@egg-schedule/config/config.default.js",
    "start": 1535453601214,
    "end": 1535453601215,
    "duration": 1,
    "pid": 6472,
    "index": 12
  },
  {
    "name": "Require(10) node_modules/_egg-logrotator@3.0.3@egg-logrotator/config/config.default.js",
    "start": 1535453601216,
    "end": 1535453601217,
    "duration": 1,
    "pid": 6472,
    "index": 13
  },
  {
    "name": "Require(11) node_modules/_egg-static@2.1.1@egg-static/config/config.default.js",
    "start": 1535453601217,
    "end": 1535453601218,
    "duration": 1,
    "pid": 6472,
    "index": 14
  },
  {
    "name": "Require(12) node_modules/_egg-view@2.1.0@egg-view/config/config.default.js",
    "start": 1535453601219,
    "end": 1535453601220,
    "duration": 1,
    "pid": 6472,
    "index": 15
  },
  {
    "name": "Require(13) node_modules/_egg-view-ejs@2.0.0@egg-view-ejs/config/config.default.js",
    "start": 1535453601221,
    "end": 1535453601221,
    "duration": 0,
    "pid": 6472,
    "index": 16
  },
  {
    "name": "Require(14) node_modules/_egg-mysql@3.0.0@egg-mysql/config/config.default.js",
    "start": 1535453601222,
    "end": 1535453601223,
    "duration": 1,
    "pid": 6472,
    "index": 17
  },
  {
    "name": "Require(15) node_modules/_egg@2.10.0@egg/config/config.default.js",
    "start": 1535453601223,
    "end": 1535453601224,
    "duration": 1,
    "pid": 6472,
    "index": 18
  },
  {
    "name": "Require(16) config/config.default.js",
    "start": 1535453601226,
    "end": 1535453601226,
    "duration": 0,
    "pid": 6472,
    "index": 19
  },
  {
    "name": "Require(17) node_modules/_egg-security@2.2.3@egg-security/config/config.local.js",
    "start": 1535453601227,
    "end": 1535453601228,
    "duration": 1,
    "pid": 6472,
    "index": 20
  },
  {
    "name": "Require(18) node_modules/_egg-watcher@3.0.0@egg-watcher/config/config.local.js",
    "start": 1535453601230,
    "end": 1535453601230,
    "duration": 0,
    "pid": 6472,
    "index": 21
  },
  {
    "name": "Require(19) node_modules/_egg-view@2.1.0@egg-view/config/config.local.js",
    "start": 1535453601234,
    "end": 1535453601234,
    "duration": 0,
    "pid": 6472,
    "index": 22
  },
  {
    "name": "Require(20) node_modules/_egg-view-ejs@2.0.0@egg-view-ejs/config/config.local.js",
    "start": 1535453601235,
    "end": 1535453601235,
    "duration": 0,
    "pid": 6472,
    "index": 23
  },
  {
    "name": "Require(21) node_modules/_egg@2.10.0@egg/config/config.local.js",
    "start": 1535453601236,
    "end": 1535453601241,
    "duration": 5,
    "pid": 6472,
    "index": 24
  },
  {
    "name": "Load extend/application.js",
    "start": 1535453601243,
    "end": 1535453601277,
    "duration": 34,
    "pid": 6472,
    "index": 25
  },
  {
    "name": "Require(22) node_modules/_egg-session@3.1.0@egg-session/app/extend/application.js",
    "start": 1535453601244,
    "end": 1535453601245,
    "duration": 1,
    "pid": 6472,
    "index": 26
  },
  {
    "name": "Require(23) node_modules/_egg-security@2.2.3@egg-security/app/extend/application.js",
    "start": 1535453601246,
    "end": 1535453601248,
    "duration": 2,
    "pid": 6472,
    "index": 27
  },
  {
    "name": "Require(24) node_modules/_egg-jsonp@2.0.0@egg-jsonp/app/extend/application.js",
    "start": 1535453601249,
    "end": 1535453601254,
    "duration": 5,
    "pid": 6472,
    "index": 28
  },
  {
    "name": "Require(25) node_modules/_egg-logrotator@3.0.3@egg-logrotator/app/extend/application.js",
    "start": 1535453601257,
    "end": 1535453601266,
    "duration": 9,
    "pid": 6472,
    "index": 29
  },
  {
    "name": "Require(26) node_modules/_egg-view@2.1.0@egg-view/app/extend/application.js",
    "start": 1535453601267,
    "end": 1535453601271,
    "duration": 4,
    "pid": 6472,
    "index": 30
  },
  {
    "name": "Load extend/request.js",
    "start": 1535453601277,
    "end": 1535453601289,
    "duration": 12,
    "pid": 6472,
    "index": 31
  },
  {
    "name": "Require(27) node_modules/_egg@2.10.0@egg/app/extend/request.js",
    "start": 1535453601281,
    "end": 1535453601284,
    "duration": 3,
    "pid": 6472,
    "index": 32
  },
  {
    "name": "Load extend/response.js",
    "start": 1535453601289,
    "end": 1535453601302,
    "duration": 13,
    "pid": 6472,
    "index": 33
  },
  {
    "name": "Require(28) node_modules/_egg@2.10.0@egg/app/extend/response.js",
    "start": 1535453601293,
    "end": 1535453601297,
    "duration": 4,
    "pid": 6472,
    "index": 34
  },
  {
    "name": "Load extend/context.js",
    "start": 1535453601302,
    "end": 1535453601420,
    "duration": 118,
    "pid": 6472,
    "index": 35
  },
  {
    "name": "Require(29) node_modules/_egg-security@2.2.3@egg-security/app/extend/context.js",
    "start": 1535453601303,
    "end": 1535453601328,
    "duration": 25,
    "pid": 6472,
    "index": 36
  },
  {
    "name": "Require(30) node_modules/_egg-jsonp@2.0.0@egg-jsonp/app/extend/context.js",
    "start": 1535453601329,
    "end": 1535453601332,
    "duration": 3,
    "pid": 6472,
    "index": 37
  },
  {
    "name": "Require(31) node_modules/_egg-i18n@2.0.0@egg-i18n/app/extend/context.js",
    "start": 1535453601333,
    "end": 1535453601334,
    "duration": 1,
    "pid": 6472,
    "index": 38
  },
  {
    "name": "Require(32) node_modules/_egg-multipart@2.1.0@egg-multipart/app/extend/context.js",
    "start": 1535453601335,
    "end": 1535453601408,
    "duration": 73,
    "pid": 6472,
    "index": 39
  },
  {
    "name": "Require(33) node_modules/_egg-view@2.1.0@egg-view/app/extend/context.js",
    "start": 1535453601410,
    "end": 1535453601411,
    "duration": 1,
    "pid": 6472,
    "index": 40
  },
  {
    "name": "Require(34) node_modules/_egg@2.10.0@egg/app/extend/context.js",
    "start": 1535453601412,
    "end": 1535453601415,
    "duration": 3,
    "pid": 6472,
    "index": 41
  },
  {
    "name": "Load extend/helper.js",
    "start": 1535453601421,
    "end": 1535453601460,
    "duration": 39,
    "pid": 6472,
    "index": 42
  },
  {
    "name": "Require(35) node_modules/_egg-security@2.2.3@egg-security/app/extend/helper.js",
    "start": 1535453601422,
    "end": 1535453601451,
    "duration": 29,
    "pid": 6472,
    "index": 43
  },
  {
    "name": "Require(36) node_modules/_egg@2.10.0@egg/app/extend/helper.js",
    "start": 1535453601455,
    "end": 1535453601456,
    "duration": 1,
    "pid": 6472,
    "index": 44
  },
  {
    "name": "Load app.js",
    "start": 1535453601461,
    "end": 1535453601831,
    "duration": 370,
    "pid": 6472,
    "index": 45
  },
  {
    "name": "Require(37) node_modules/_egg-session@3.1.0@egg-session/app.js",
    "start": 1535453601461,
    "end": 1535453601462,
    "duration": 1,
    "pid": 6472,
    "index": 46
  },
  {
    "name": "Require(38) node_modules/_egg-security@2.2.3@egg-security/app.js",
    "start": 1535453601463,
    "end": 1535453601466,
    "duration": 3,
    "pid": 6472,
    "index": 47
  },
  {
    "name": "Require(39) node_modules/_egg-onerror@2.1.0@egg-onerror/app.js",
    "start": 1535453601468,
    "end": 1535453601485,
    "duration": 17,
    "pid": 6472,
    "index": 48
  },
  {
    "name": "Require(40) node_modules/_egg-i18n@2.0.0@egg-i18n/app.js",
    "start": 1535453601487,
    "end": 1535453601504,
    "duration": 17,
    "pid": 6472,
    "index": 49
  },
  {
    "name": "Require(41) node_modules/_egg-watcher@3.0.0@egg-watcher/app.js",
    "start": 1535453601509,
    "end": 1535453601517,
    "duration": 8,
    "pid": 6472,
    "index": 50
  },
  {
    "name": "Before Start in node_modules/_egg-watcher@3.0.0@egg-watcher/app.js:15:7",
    "start": 1535453601539,
    "end": 1535453602080,
    "duration": 541,
    "pid": 6472,
    "index": 51
  },
  {
    "name": "Require(42) node_modules/_egg-multipart@2.1.0@egg-multipart/app.js",
    "start": 1535453601542,
    "end": 1535453601548,
    "duration": 6,
    "pid": 6472,
    "index": 52
  },
  {
    "name": "Require(43) node_modules/_egg-development@2.4.1@egg-development/app.js",
    "start": 1535453601550,
    "end": 1535453601550,
    "duration": 0,
    "pid": 6472,
    "index": 53
  },
  {
    "name": "Require(44) node_modules/_egg-schedule@3.3.0@egg-schedule/app.js",
    "start": 1535453601551,
    "end": 1535453601555,
    "duration": 4,
    "pid": 6472,
    "index": 54
  },
  {
    "name": "Require(45) node_modules/_egg-logrotator@3.0.3@egg-logrotator/app.js",
    "start": 1535453601634,
    "end": 1535453601636,
    "duration": 2,
    "pid": 6472,
    "index": 55
  },
  {
    "name": "Require(46) node_modules/_egg-static@2.1.1@egg-static/app.js",
    "start": 1535453601637,
    "end": 1535453601638,
    "duration": 1,
    "pid": 6472,
    "index": 56
  },
  {
    "name": "Require(47) node_modules/_egg-view-ejs@2.0.0@egg-view-ejs/app.js",
    "start": 1535453601640,
    "end": 1535453601640,
    "duration": 0,
    "pid": 6472,
    "index": 57
  },
  {
    "name": "Require(48) node_modules/_egg-mysql@3.0.0@egg-mysql/app.js",
    "start": 1535453601651,
    "end": 1535453601687,
    "duration": 36,
    "pid": 6472,
    "index": 58
  },
  {
    "name": "Before Start in node_modules/_egg-mysql@3.0.0@egg-mysql/lib/mysql.js:20:7",
    "start": 1535453601829,
    "end": 1535453602082,
    "duration": 253,
    "pid": 6472,
    "index": 59
  },
  {
    "name": "Load Service",
    "start": 1535453601831,
    "end": 1535453601839,
    "duration": 8,
    "pid": 6472,
    "index": 60
  },
  {
    "name": "Load \"service\" to Context",
    "start": 1535453601831,
    "end": 1535453601839,
    "duration": 8,
    "pid": 6472,
    "index": 61
  },
  {
    "name": "Load Middleware",
    "start": 1535453601839,
    "end": 1535453602020,
    "duration": 181,
    "pid": 6472,
    "index": 62
  },
  {
    "name": "Load \"middlewares\" to Application",
    "start": 1535453601839,
    "end": 1535453601996,
    "duration": 157,
    "pid": 6472,
    "index": 63
  },
  {
    "name": "Load Controller",
    "start": 1535453602020,
    "end": 1535453602023,
    "duration": 3,
    "pid": 6472,
    "index": 64
  },
  {
    "name": "Load \"controller\" to Application",
    "start": 1535453602020,
    "end": 1535453602023,
    "duration": 3,
    "pid": 6472,
    "index": 65
  },
  {
    "name": "Load Router",
    "start": 1535453602023,
    "end": 1535453602027,
    "duration": 4,
    "pid": 6472,
    "index": 66
  },
  {
    "name": "Require(49) app/router.js",
    "start": 1535453602024,
    "end": 1535453602024,
    "duration": 0,
    "pid": 6472,
    "index": 67
  },
  {
    "name": "Before Start in node_modules/_egg-core@4.9.1@egg-core/lib/egg.js:328:10",
    "start": 1535453602025,
    "end": 1535453602049,
    "duration": 24,
    "pid": 6472,
    "index": 68
  }
]