[
  {
    "name": "Application Start",
    "start": 1535453641254,
    "end": 1535453642006,
    "duration": 752,
    "pid": 14508,
    "index": 0
  },
  {
    "name": "Load Plugin",
    "start": 1535453641261,
    "end": 1535453641292,
    "duration": 31,
    "pid": 14508,
    "index": 1
  },
  {
    "name": "Load Config",
    "start": 1535453641292,
    "end": 1535453641328,
    "duration": 36,
    "pid": 14508,
    "index": 2
  },
  {
    "name": "Require(0) config/config.default.js",
    "start": 1535453641294,
    "end": 1535453641295,
    "duration": 1,
    "pid": 14508,
    "index": 3
  },
  {
    "name": "Require(1) node_modules/_egg-session@3.1.0@egg-session/config/config.default.js",
    "start": 1535453641296,
    "end": 1535453641297,
    "duration": 1,
    "pid": 14508,
    "index": 4
  },
  {
    "name": "Require(2) node_modules/_egg-security@2.2.3@egg-security/config/config.default.js",
    "start": 1535453641297,
    "end": 1535453641298,
    "duration": 1,
    "pid": 14508,
    "index": 5
  },
  {
    "name": "Require(3) node_modules/_egg-jsonp@2.0.0@egg-jsonp/config/config.default.js",
    "start": 1535453641299,
    "end": 1535453641300,
    "duration": 1,
    "pid": 14508,
    "index": 6
  },
  {
    "name": "Require(4) node_modules/_egg-onerror@2.1.0@egg-onerror/config/config.default.js",
    "start": 1535453641301,
    "end": 1535453641301,
    "duration": 0,
    "pid": 14508,
    "index": 7
  },
  {
    "name": "Require(5) node_modules/_egg-i18n@2.0.0@egg-i18n/config/config.default.js",
    "start": 1535453641302,
    "end": 1535453641302,
    "duration": 0,
    "pid": 14508,
    "index": 8
  },
  {
    "name": "Require(6) node_modules/_egg-watcher@3.0.0@egg-watcher/config/config.default.js",
    "start": 1535453641303,
    "end": 1535453641304,
    "duration": 1,
    "pid": 14508,
    "index": 9
  },
  {
    "name": "Require(7) node_modules/_egg-multipart@2.1.0@egg-multipart/config/config.default.js",
    "start": 1535453641305,
    "end": 1535453641305,
    "duration": 0,
    "pid": 14508,
    "index": 10
  },
  {
    "name": "Require(8) node_modules/_egg-development@2.4.1@egg-development/config/config.default.js",
    "start": 1535453641306,
    "end": 1535453641307,
    "duration": 1,
    "pid": 14508,
    "index": 11
  },
  {
    "name": "Require(9) node_modules/_egg-schedule@3.3.0@egg-schedule/config/config.default.js",
    "start": 1535453641308,
    "end": 1535453641309,
    "duration": 1,
    "pid": 14508,
    "index": 12
  },
  {
    "name": "Require(10) node_modules/_egg-logrotator@3.0.3@egg-logrotator/config/config.default.js",
    "start": 1535453641310,
    "end": 1535453641311,
    "duration": 1,
    "pid": 14508,
    "index": 13
  },
  {
    "name": "Require(11) node_modules/_egg-static@2.1.1@egg-static/config/config.default.js",
    "start": 1535453641312,
    "end": 1535453641313,
    "duration": 1,
    "pid": 14508,
    "index": 14
  },
  {
    "name": "Require(12) node_modules/_egg-view@2.1.0@egg-view/config/config.default.js",
    "start": 1535453641314,
    "end": 1535453641314,
    "duration": 0,
    "pid": 14508,
    "index": 15
  },
  {
    "name": "Require(13) node_modules/_egg-view-ejs@2.0.0@egg-view-ejs/config/config.default.js",
    "start": 1535453641315,
    "end": 1535453641316,
    "duration": 1,
    "pid": 14508,
    "index": 16
  },
  {
    "name": "Require(14) node_modules/_egg-mysql@3.0.0@egg-mysql/config/config.default.js",
    "start": 1535453641316,
    "end": 1535453641317,
    "duration": 1,
    "pid": 14508,
    "index": 17
  },
  {
    "name": "Require(15) node_modules/_egg@2.10.0@egg/config/config.default.js",
    "start": 1535453641317,
    "end": 1535453641318,
    "duration": 1,
    "pid": 14508,
    "index": 18
  },
  {
    "name": "Require(16) config/config.default.js",
    "start": 1535453641320,
    "end": 1535453641320,
    "duration": 0,
    "pid": 14508,
    "index": 19
  },
  {
    "name": "Require(17) node_modules/_egg-security@2.2.3@egg-security/config/config.local.js",
    "start": 1535453641321,
    "end": 1535453641321,
    "duration": 0,
    "pid": 14508,
    "index": 20
  },
  {
    "name": "Require(18) node_modules/_egg-watcher@3.0.0@egg-watcher/config/config.local.js",
    "start": 1535453641322,
    "end": 1535453641323,
    "duration": 1,
    "pid": 14508,
    "index": 21
  },
  {
    "name": "Require(19) node_modules/_egg-view@2.1.0@egg-view/config/config.local.js",
    "start": 1535453641325,
    "end": 1535453641326,
    "duration": 1,
    "pid": 14508,
    "index": 22
  },
  {
    "name": "Require(20) node_modules/_egg-view-ejs@2.0.0@egg-view-ejs/config/config.local.js",
    "start": 1535453641326,
    "end": 1535453641327,
    "duration": 1,
    "pid": 14508,
    "index": 23
  },
  {
    "name": "Require(21) node_modules/_egg@2.10.0@egg/config/config.local.js",
    "start": 1535453641328,
    "end": 1535453641328,
    "duration": 0,
    "pid": 14508,
    "index": 24
  },
  {
    "name": "Load extend/application.js",
    "start": 1535453641330,
    "end": 1535453641356,
    "duration": 26,
    "pid": 14508,
    "index": 25
  },
  {
    "name": "Require(22) node_modules/_egg-session@3.1.0@egg-session/app/extend/application.js",
    "start": 1535453641331,
    "end": 1535453641331,
    "duration": 0,
    "pid": 14508,
    "index": 26
  },
  {
    "name": "Require(23) node_modules/_egg-security@2.2.3@egg-security/app/extend/application.js",
    "start": 1535453641332,
    "end": 1535453641334,
    "duration": 2,
    "pid": 14508,
    "index": 27
  },
  {
    "name": "Require(24) node_modules/_egg-jsonp@2.0.0@egg-jsonp/app/extend/application.js",
    "start": 1535453641335,
    "end": 1535453641338,
    "duration": 3,
    "pid": 14508,
    "index": 28
  },
  {
    "name": "Require(25) node_modules/_egg-logrotator@3.0.3@egg-logrotator/app/extend/application.js",
    "start": 1535453641340,
    "end": 1535453641346,
    "duration": 6,
    "pid": 14508,
    "index": 29
  },
  {
    "name": "Require(26) node_modules/_egg-view@2.1.0@egg-view/app/extend/application.js",
    "start": 1535453641347,
    "end": 1535453641350,
    "duration": 3,
    "pid": 14508,
    "index": 30
  },
  {
    "name": "Load extend/request.js",
    "start": 1535453641356,
    "end": 1535453641368,
    "duration": 12,
    "pid": 14508,
    "index": 31
  },
  {
    "name": "Require(27) node_modules/_egg@2.10.0@egg/app/extend/request.js",
    "start": 1535453641361,
    "end": 1535453641363,
    "duration": 2,
    "pid": 14508,
    "index": 32
  },
  {
    "name": "Load extend/response.js",
    "start": 1535453641368,
    "end": 1535453641381,
    "duration": 13,
    "pid": 14508,
    "index": 33
  },
  {
    "name": "Require(28) node_modules/_egg@2.10.0@egg/app/extend/response.js",
    "start": 1535453641372,
    "end": 1535453641376,
    "duration": 4,
    "pid": 14508,
    "index": 34
  },
  {
    "name": "Load extend/context.js",
    "start": 1535453641381,
    "end": 1535453641474,
    "duration": 93,
    "pid": 14508,
    "index": 35
  },
  {
    "name": "Require(29) node_modules/_egg-security@2.2.3@egg-security/app/extend/context.js",
    "start": 1535453641382,
    "end": 1535453641401,
    "duration": 19,
    "pid": 14508,
    "index": 36
  },
  {
    "name": "Require(30) node_modules/_egg-jsonp@2.0.0@egg-jsonp/app/extend/context.js",
    "start": 1535453641402,
    "end": 1535453641404,
    "duration": 2,
    "pid": 14508,
    "index": 37
  },
  {
    "name": "Require(31) node_modules/_egg-i18n@2.0.0@egg-i18n/app/extend/context.js",
    "start": 1535453641405,
    "end": 1535453641405,
    "duration": 0,
    "pid": 14508,
    "index": 38
  },
  {
    "name": "Require(32) node_modules/_egg-multipart@2.1.0@egg-multipart/app/extend/context.js",
    "start": 1535453641406,
    "end": 1535453641464,
    "duration": 58,
    "pid": 14508,
    "index": 39
  },
  {
    "name": "Require(33) node_modules/_egg-view@2.1.0@egg-view/app/extend/context.js",
    "start": 1535453641465,
    "end": 1535453641466,
    "duration": 1,
    "pid": 14508,
    "index": 40
  },
  {
    "name": "Require(34) node_modules/_egg@2.10.0@egg/app/extend/context.js",
    "start": 1535453641467,
    "end": 1535453641470,
    "duration": 3,
    "pid": 14508,
    "index": 41
  },
  {
    "name": "Load extend/helper.js",
    "start": 1535453641474,
    "end": 1535453641509,
    "duration": 35,
    "pid": 14508,
    "index": 42
  },
  {
    "name": "Require(35) node_modules/_egg-security@2.2.3@egg-security/app/extend/helper.js",
    "start": 1535453641475,
    "end": 1535453641497,
    "duration": 22,
    "pid": 14508,
    "index": 43
  },
  {
    "name": "Require(36) node_modules/_egg@2.10.0@egg/app/extend/helper.js",
    "start": 1535453641503,
    "end": 1535453641503,
    "duration": 0,
    "pid": 14508,
    "index": 44
  },
  {
    "name": "Load app.js",
    "start": 1535453641509,
    "end": 1535453641774,
    "duration": 265,
    "pid": 14508,
    "index": 45
  },
  {
    "name": "Require(37) node_modules/_egg-session@3.1.0@egg-session/app.js",
    "start": 1535453641510,
    "end": 1535453641510,
    "duration": 0,
    "pid": 14508,
    "index": 46
  },
  {
    "name": "Require(38) node_modules/_egg-security@2.2.3@egg-security/app.js",
    "start": 1535453641511,
    "end": 1535453641515,
    "duration": 4,
    "pid": 14508,
    "index": 47
  },
  {
    "name": "Require(39) node_modules/_egg-onerror@2.1.0@egg-onerror/app.js",
    "start": 1535453641516,
    "end": 1535453641531,
    "duration": 15,
    "pid": 14508,
    "index": 48
  },
  {
    "name": "Require(40) node_modules/_egg-i18n@2.0.0@egg-i18n/app.js",
    "start": 1535453641534,
    "end": 1535453641549,
    "duration": 15,
    "pid": 14508,
    "index": 49
  },
  {
    "name": "Require(41) node_modules/_egg-watcher@3.0.0@egg-watcher/app.js",
    "start": 1535453641553,
    "end": 1535453641559,
    "duration": 6,
    "pid": 14508,
    "index": 50
  },
  {
    "name": "Before Start in node_modules/_egg-watcher@3.0.0@egg-watcher/app.js:15:7",
    "start": 1535453641571,
    "end": 1535453642000,
    "duration": 429,
    "pid": 14508,
    "index": 51
  },
  {
    "name": "Require(42) node_modules/_egg-multipart@2.1.0@egg-multipart/app.js",
    "start": 1535453641573,
    "end": 1535453641578,
    "duration": 5,
    "pid": 14508,
    "index": 52
  },
  {
    "name": "Require(43) node_modules/_egg-development@2.4.1@egg-development/app.js",
    "start": 1535453641579,
    "end": 1535453641579,
    "duration": 0,
    "pid": 14508,
    "index": 53
  },
  {
    "name": "Require(44) node_modules/_egg-schedule@3.3.0@egg-schedule/app.js",
    "start": 1535453641580,
    "end": 1535453641583,
    "duration": 3,
    "pid": 14508,
    "index": 54
  },
  {
    "name": "Require(45) node_modules/_egg-logrotator@3.0.3@egg-logrotator/app.js",
    "start": 1535453641632,
    "end": 1535453641632,
    "duration": 0,
    "pid": 14508,
    "index": 55
  },
  {
    "name": "Require(46) node_modules/_egg-static@2.1.1@egg-static/app.js",
    "start": 1535453641633,
    "end": 1535453641633,
    "duration": 0,
    "pid": 14508,
    "index": 56
  },
  {
    "name": "Require(47) node_modules/_egg-view-ejs@2.0.0@egg-view-ejs/app.js",
    "start": 1535453641634,
    "end": 1535453641635,
    "duration": 1,
    "pid": 14508,
    "index": 57
  },
  {
    "name": "Require(48) node_modules/_egg-mysql@3.0.0@egg-mysql/app.js",
    "start": 1535453641642,
    "end": 1535453641666,
    "duration": 24,
    "pid": 14508,
    "index": 58
  },
  {
    "name": "Before Start in node_modules/_egg-mysql@3.0.0@egg-mysql/lib/mysql.js:20:7",
    "start": 1535453641772,
    "end": 1535453642006,
    "duration": 234,
    "pid": 14508,
    "index": 59
  },
  {
    "name": "Load Service",
    "start": 1535453641774,
    "end": 1535453641788,
    "duration": 14,
    "pid": 14508,
    "index": 60
  },
  {
    "name": "Load \"service\" to Context",
    "start": 1535453641774,
    "end": 1535453641788,
    "duration": 14,
    "pid": 14508,
    "index": 61
  },
  {
    "name": "Load Middleware",
    "start": 1535453641793,
    "end": 1535453641946,
    "duration": 153,
    "pid": 14508,
    "index": 62
  },
  {
    "name": "Load \"middlewares\" to Application",
    "start": 1535453641794,
    "end": 1535453641930,
    "duration": 136,
    "pid": 14508,
    "index": 63
  },
  {
    "name": "Load Controller",
    "start": 1535453641946,
    "end": 1535453641950,
    "duration": 4,
    "pid": 14508,
    "index": 64
  },
  {
    "name": "Load \"controller\" to Application",
    "start": 1535453641946,
    "end": 1535453641950,
    "duration": 4,
    "pid": 14508,
    "index": 65
  },
  {
    "name": "Load Router",
    "start": 1535453641950,
    "end": 1535453641954,
    "duration": 4,
    "pid": 14508,
    "index": 66
  },
  {
    "name": "Require(49) app/router.js",
    "start": 1535453641951,
    "end": 1535453641951,
    "duration": 0,
    "pid": 14508,
    "index": 67
  },
  {
    "name": "Before Start in node_modules/_egg-core@4.9.1@egg-core/lib/egg.js:328:10",
    "start": 1535453641952,
    "end": 1535453641974,
    "duration": 22,
    "pid": 14508,
    "index": 68
  }
]