[
  {
    "name": "Application Start",
    "start": 1535453024211,
    "end": 1535453024944,
    "duration": 733,
    "pid": 8544,
    "index": 0
  },
  {
    "name": "Load Plugin",
    "start": 1535453024219,
    "end": 1535453024257,
    "duration": 38,
    "pid": 8544,
    "index": 1
  },
  {
    "name": "Load Config",
    "start": 1535453024258,
    "end": 1535453024291,
    "duration": 33,
    "pid": 8544,
    "index": 2
  },
  {
    "name": "Require(0) config/config.default.js",
    "start": 1535453024259,
    "end": 1535453024259,
    "duration": 0,
    "pid": 8544,
    "index": 3
  },
  {
    "name": "Require(1) node_modules/_egg-session@3.1.0@egg-session/config/config.default.js",
    "start": 1535453024261,
    "end": 1535453024262,
    "duration": 1,
    "pid": 8544,
    "index": 4
  },
  {
    "name": "Require(2) node_modules/_egg-security@2.2.3@egg-security/config/config.default.js",
    "start": 1535453024263,
    "end": 1535453024263,
    "duration": 0,
    "pid": 8544,
    "index": 5
  },
  {
    "name": "Require(3) node_modules/_egg-jsonp@2.0.0@egg-jsonp/config/config.default.js",
    "start": 1535453024264,
    "end": 1535453024265,
    "duration": 1,
    "pid": 8544,
    "index": 6
  },
  {
    "name": "Require(4) node_modules/_egg-onerror@2.1.0@egg-onerror/config/config.default.js",
    "start": 1535453024266,
    "end": 1535453024266,
    "duration": 0,
    "pid": 8544,
    "index": 7
  },
  {
    "name": "Require(5) node_modules/_egg-i18n@2.0.0@egg-i18n/config/config.default.js",
    "start": 1535453024267,
    "end": 1535453024267,
    "duration": 0,
    "pid": 8544,
    "index": 8
  },
  {
    "name": "Require(6) node_modules/_egg-watcher@3.0.0@egg-watcher/config/config.default.js",
    "start": 1535453024268,
    "end": 1535453024269,
    "duration": 1,
    "pid": 8544,
    "index": 9
  },
  {
    "name": "Require(7) node_modules/_egg-multipart@2.1.0@egg-multipart/config/config.default.js",
    "start": 1535453024270,
    "end": 1535453024271,
    "duration": 1,
    "pid": 8544,
    "index": 10
  },
  {
    "name": "Require(8) node_modules/_egg-development@2.4.1@egg-development/config/config.default.js",
    "start": 1535453024271,
    "end": 1535453024272,
    "duration": 1,
    "pid": 8544,
    "index": 11
  },
  {
    "name": "Require(9) node_modules/_egg-schedule@3.3.0@egg-schedule/config/config.default.js",
    "start": 1535453024273,
    "end": 1535453024273,
    "duration": 0,
    "pid": 8544,
    "index": 12
  },
  {
    "name": "Require(10) node_modules/_egg-logrotator@3.0.3@egg-logrotator/config/config.default.js",
    "start": 1535453024274,
    "end": 1535453024274,
    "duration": 0,
    "pid": 8544,
    "index": 13
  },
  {
    "name": "Require(11) node_modules/_egg-static@2.1.1@egg-static/config/config.default.js",
    "start": 1535453024275,
    "end": 1535453024275,
    "duration": 0,
    "pid": 8544,
    "index": 14
  },
  {
    "name": "Require(12) node_modules/_egg-view@2.1.0@egg-view/config/config.default.js",
    "start": 1535453024276,
    "end": 1535453024276,
    "duration": 0,
    "pid": 8544,
    "index": 15
  },
  {
    "name": "Require(13) node_modules/_egg-view-ejs@2.0.0@egg-view-ejs/config/config.default.js",
    "start": 1535453024277,
    "end": 1535453024278,
    "duration": 1,
    "pid": 8544,
    "index": 16
  },
  {
    "name": "Require(14) node_modules/_egg-mysql@3.0.0@egg-mysql/config/config.default.js",
    "start": 1535453024279,
    "end": 1535453024280,
    "duration": 1,
    "pid": 8544,
    "index": 17
  },
  {
    "name": "Require(15) node_modules/_egg@2.10.0@egg/config/config.default.js",
    "start": 1535453024280,
    "end": 1535453024281,
    "duration": 1,
    "pid": 8544,
    "index": 18
  },
  {
    "name": "Require(16) config/config.default.js",
    "start": 1535453024283,
    "end": 1535453024283,
    "duration": 0,
    "pid": 8544,
    "index": 19
  },
  {
    "name": "Require(17) node_modules/_egg-security@2.2.3@egg-security/config/config.local.js",
    "start": 1535453024284,
    "end": 1535453024284,
    "duration": 0,
    "pid": 8544,
    "index": 20
  },
  {
    "name": "Require(18) node_modules/_egg-watcher@3.0.0@egg-watcher/config/config.local.js",
    "start": 1535453024286,
    "end": 1535453024286,
    "duration": 0,
    "pid": 8544,
    "index": 21
  },
  {
    "name": "Require(19) node_modules/_egg-view@2.1.0@egg-view/config/config.local.js",
    "start": 1535453024288,
    "end": 1535453024288,
    "duration": 0,
    "pid": 8544,
    "index": 22
  },
  {
    "name": "Require(20) node_modules/_egg-view-ejs@2.0.0@egg-view-ejs/config/config.local.js",
    "start": 1535453024289,
    "end": 1535453024289,
    "duration": 0,
    "pid": 8544,
    "index": 23
  },
  {
    "name": "Require(21) node_modules/_egg@2.10.0@egg/config/config.local.js",
    "start": 1535453024290,
    "end": 1535453024291,
    "duration": 1,
    "pid": 8544,
    "index": 24
  },
  {
    "name": "Load extend/application.js",
    "start": 1535453024292,
    "end": 1535453024320,
    "duration": 28,
    "pid": 8544,
    "index": 25
  },
  {
    "name": "Require(22) node_modules/_egg-session@3.1.0@egg-session/app/extend/application.js",
    "start": 1535453024293,
    "end": 1535453024294,
    "duration": 1,
    "pid": 8544,
    "index": 26
  },
  {
    "name": "Require(23) node_modules/_egg-security@2.2.3@egg-security/app/extend/application.js",
    "start": 1535453024295,
    "end": 1535453024296,
    "duration": 1,
    "pid": 8544,
    "index": 27
  },
  {
    "name": "Require(24) node_modules/_egg-jsonp@2.0.0@egg-jsonp/app/extend/application.js",
    "start": 1535453024300,
    "end": 1535453024305,
    "duration": 5,
    "pid": 8544,
    "index": 28
  },
  {
    "name": "Require(25) node_modules/_egg-logrotator@3.0.3@egg-logrotator/app/extend/application.js",
    "start": 1535453024308,
    "end": 1535453024312,
    "duration": 4,
    "pid": 8544,
    "index": 29
  },
  {
    "name": "Require(26) node_modules/_egg-view@2.1.0@egg-view/app/extend/application.js",
    "start": 1535453024313,
    "end": 1535453024315,
    "duration": 2,
    "pid": 8544,
    "index": 30
  },
  {
    "name": "Load extend/request.js",
    "start": 1535453024320,
    "end": 1535453024332,
    "duration": 12,
    "pid": 8544,
    "index": 31
  },
  {
    "name": "Require(27) node_modules/_egg@2.10.0@egg/app/extend/request.js",
    "start": 1535453024324,
    "end": 1535453024327,
    "duration": 3,
    "pid": 8544,
    "index": 32
  },
  {
    "name": "Load extend/response.js",
    "start": 1535453024332,
    "end": 1535453024345,
    "duration": 13,
    "pid": 8544,
    "index": 33
  },
  {
    "name": "Require(28) node_modules/_egg@2.10.0@egg/app/extend/response.js",
    "start": 1535453024337,
    "end": 1535453024341,
    "duration": 4,
    "pid": 8544,
    "index": 34
  },
  {
    "name": "Load extend/context.js",
    "start": 1535453024345,
    "end": 1535453024441,
    "duration": 96,
    "pid": 8544,
    "index": 35
  },
  {
    "name": "Require(29) node_modules/_egg-security@2.2.3@egg-security/app/extend/context.js",
    "start": 1535453024346,
    "end": 1535453024365,
    "duration": 19,
    "pid": 8544,
    "index": 36
  },
  {
    "name": "Require(30) node_modules/_egg-jsonp@2.0.0@egg-jsonp/app/extend/context.js",
    "start": 1535453024366,
    "end": 1535453024368,
    "duration": 2,
    "pid": 8544,
    "index": 37
  },
  {
    "name": "Require(31) node_modules/_egg-i18n@2.0.0@egg-i18n/app/extend/context.js",
    "start": 1535453024369,
    "end": 1535453024370,
    "duration": 1,
    "pid": 8544,
    "index": 38
  },
  {
    "name": "Require(32) node_modules/_egg-multipart@2.1.0@egg-multipart/app/extend/context.js",
    "start": 1535453024371,
    "end": 1535453024429,
    "duration": 58,
    "pid": 8544,
    "index": 39
  },
  {
    "name": "Require(33) node_modules/_egg-view@2.1.0@egg-view/app/extend/context.js",
    "start": 1535453024431,
    "end": 1535453024433,
    "duration": 2,
    "pid": 8544,
    "index": 40
  },
  {
    "name": "Require(34) node_modules/_egg@2.10.0@egg/app/extend/context.js",
    "start": 1535453024434,
    "end": 1535453024437,
    "duration": 3,
    "pid": 8544,
    "index": 41
  },
  {
    "name": "Load extend/helper.js",
    "start": 1535453024441,
    "end": 1535453024475,
    "duration": 34,
    "pid": 8544,
    "index": 42
  },
  {
    "name": "Require(35) node_modules/_egg-security@2.2.3@egg-security/app/extend/helper.js",
    "start": 1535453024442,
    "end": 1535453024466,
    "duration": 24,
    "pid": 8544,
    "index": 43
  },
  {
    "name": "Require(36) node_modules/_egg@2.10.0@egg/app/extend/helper.js",
    "start": 1535453024470,
    "end": 1535453024471,
    "duration": 1,
    "pid": 8544,
    "index": 44
  },
  {
    "name": "Load app.js",
    "start": 1535453024475,
    "end": 1535453024737,
    "duration": 262,
    "pid": 8544,
    "index": 45
  },
  {
    "name": "Require(37) node_modules/_egg-session@3.1.0@egg-session/app.js",
    "start": 1535453024475,
    "end": 1535453024476,
    "duration": 1,
    "pid": 8544,
    "index": 46
  },
  {
    "name": "Require(38) node_modules/_egg-security@2.2.3@egg-security/app.js",
    "start": 1535453024477,
    "end": 1535453024480,
    "duration": 3,
    "pid": 8544,
    "index": 47
  },
  {
    "name": "Require(39) node_modules/_egg-onerror@2.1.0@egg-onerror/app.js",
    "start": 1535453024481,
    "end": 1535453024496,
    "duration": 15,
    "pid": 8544,
    "index": 48
  },
  {
    "name": "Require(40) node_modules/_egg-i18n@2.0.0@egg-i18n/app.js",
    "start": 1535453024497,
    "end": 1535453024510,
    "duration": 13,
    "pid": 8544,
    "index": 49
  },
  {
    "name": "Require(41) node_modules/_egg-watcher@3.0.0@egg-watcher/app.js",
    "start": 1535453024515,
    "end": 1535453024521,
    "duration": 6,
    "pid": 8544,
    "index": 50
  },
  {
    "name": "Before Start in node_modules/_egg-watcher@3.0.0@egg-watcher/app.js:15:7",
    "start": 1535453024533,
    "end": 1535453024938,
    "duration": 405,
    "pid": 8544,
    "index": 51
  },
  {
    "name": "Require(42) node_modules/_egg-multipart@2.1.0@egg-multipart/app.js",
    "start": 1535453024535,
    "end": 1535453024539,
    "duration": 4,
    "pid": 8544,
    "index": 52
  },
  {
    "name": "Require(43) node_modules/_egg-development@2.4.1@egg-development/app.js",
    "start": 1535453024541,
    "end": 1535453024541,
    "duration": 0,
    "pid": 8544,
    "index": 53
  },
  {
    "name": "Require(44) node_modules/_egg-schedule@3.3.0@egg-schedule/app.js",
    "start": 1535453024542,
    "end": 1535453024544,
    "duration": 2,
    "pid": 8544,
    "index": 54
  },
  {
    "name": "Require(45) node_modules/_egg-logrotator@3.0.3@egg-logrotator/app.js",
    "start": 1535453024594,
    "end": 1535453024595,
    "duration": 1,
    "pid": 8544,
    "index": 55
  },
  {
    "name": "Require(46) node_modules/_egg-static@2.1.1@egg-static/app.js",
    "start": 1535453024595,
    "end": 1535453024596,
    "duration": 1,
    "pid": 8544,
    "index": 56
  },
  {
    "name": "Require(47) node_modules/_egg-view-ejs@2.0.0@egg-view-ejs/app.js",
    "start": 1535453024597,
    "end": 1535453024597,
    "duration": 0,
    "pid": 8544,
    "index": 57
  },
  {
    "name": "Require(48) node_modules/_egg-mysql@3.0.0@egg-mysql/app.js",
    "start": 1535453024604,
    "end": 1535453024630,
    "duration": 26,
    "pid": 8544,
    "index": 58
  },
  {
    "name": "Before Start in node_modules/_egg-mysql@3.0.0@egg-mysql/lib/mysql.js:20:7",
    "start": 1535453024735,
    "end": 1535453024944,
    "duration": 209,
    "pid": 8544,
    "index": 59
  },
  {
    "name": "Load Service",
    "start": 1535453024737,
    "end": 1535453024743,
    "duration": 6,
    "pid": 8544,
    "index": 60
  },
  {
    "name": "Load \"service\" to Context",
    "start": 1535453024737,
    "end": 1535453024743,
    "duration": 6,
    "pid": 8544,
    "index": 61
  },
  {
    "name": "Load Middleware",
    "start": 1535453024743,
    "end": 1535453024875,
    "duration": 132,
    "pid": 8544,
    "index": 62
  },
  {
    "name": "Load \"middlewares\" to Application",
    "start": 1535453024744,
    "end": 1535453024855,
    "duration": 111,
    "pid": 8544,
    "index": 63
  },
  {
    "name": "Load Controller",
    "start": 1535453024875,
    "end": 1535453024880,
    "duration": 5,
    "pid": 8544,
    "index": 64
  },
  {
    "name": "Load \"controller\" to Application",
    "start": 1535453024876,
    "end": 1535453024880,
    "duration": 4,
    "pid": 8544,
    "index": 65
  },
  {
    "name": "Load Router",
    "start": 1535453024881,
    "end": 1535453024886,
    "duration": 5,
    "pid": 8544,
    "index": 66
  },
  {
    "name": "Require(49) app/router.js",
    "start": 1535453024881,
    "end": 1535453024882,
    "duration": 1,
    "pid": 8544,
    "index": 67
  },
  {
    "name": "Before Start in node_modules/_egg-core@4.9.1@egg-core/lib/egg.js:328:10",
    "start": 1535453024882,
    "end": 1535453024915,
    "duration": 33,
    "pid": 8544,
    "index": 68
  }
]