[
  {
    "name": "Application Start",
    "start": 1535452821835,
    "end": 1535452822748,
    "duration": 913,
    "pid": 9944,
    "index": 0
  },
  {
    "name": "Load Plugin",
    "start": 1535452821843,
    "end": 1535452821892,
    "duration": 49,
    "pid": 9944,
    "index": 1
  },
  {
    "name": "Load Config",
    "start": 1535452821893,
    "end": 1535452821952,
    "duration": 59,
    "pid": 9944,
    "index": 2
  },
  {
    "name": "Require(0) config/config.default.js",
    "start": 1535452821894,
    "end": 1535452821895,
    "duration": 1,
    "pid": 9944,
    "index": 3
  },
  {
    "name": "Require(1) node_modules/_egg-session@3.1.0@egg-session/config/config.default.js",
    "start": 1535452821898,
    "end": 1535452821898,
    "duration": 0,
    "pid": 9944,
    "index": 4
  },
  {
    "name": "Require(2) node_modules/_egg-security@2.2.3@egg-security/config/config.default.js",
    "start": 1535452821899,
    "end": 1535452821900,
    "duration": 1,
    "pid": 9944,
    "index": 5
  },
  {
    "name": "Require(3) node_modules/_egg-jsonp@2.0.0@egg-jsonp/config/config.default.js",
    "start": 1535452821902,
    "end": 1535452821903,
    "duration": 1,
    "pid": 9944,
    "index": 6
  },
  {
    "name": "Require(4) node_modules/_egg-onerror@2.1.0@egg-onerror/config/config.default.js",
    "start": 1535452821903,
    "end": 1535452821904,
    "duration": 1,
    "pid": 9944,
    "index": 7
  },
  {
    "name": "Require(5) node_modules/_egg-i18n@2.0.0@egg-i18n/config/config.default.js",
    "start": 1535452821905,
    "end": 1535452821906,
    "duration": 1,
    "pid": 9944,
    "index": 8
  },
  {
    "name": "Require(6) node_modules/_egg-watcher@3.0.0@egg-watcher/config/config.default.js",
    "start": 1535452821907,
    "end": 1535452821909,
    "duration": 2,
    "pid": 9944,
    "index": 9
  },
  {
    "name": "Require(7) node_modules/_egg-multipart@2.1.0@egg-multipart/config/config.default.js",
    "start": 1535452821912,
    "end": 1535452821912,
    "duration": 0,
    "pid": 9944,
    "index": 10
  },
  {
    "name": "Require(8) node_modules/_egg-development@2.4.1@egg-development/config/config.default.js",
    "start": 1535452821914,
    "end": 1535452821914,
    "duration": 0,
    "pid": 9944,
    "index": 11
  },
  {
    "name": "Require(9) node_modules/_egg-schedule@3.3.0@egg-schedule/config/config.default.js",
    "start": 1535452821915,
    "end": 1535452821916,
    "duration": 1,
    "pid": 9944,
    "index": 12
  },
  {
    "name": "Require(10) node_modules/_egg-logrotator@3.0.3@egg-logrotator/config/config.default.js",
    "start": 1535452821918,
    "end": 1535452821918,
    "duration": 0,
    "pid": 9944,
    "index": 13
  },
  {
    "name": "Require(11) node_modules/_egg-static@2.1.1@egg-static/config/config.default.js",
    "start": 1535452821920,
    "end": 1535452821921,
    "duration": 1,
    "pid": 9944,
    "index": 14
  },
  {
    "name": "Require(12) node_modules/_egg-view@2.1.0@egg-view/config/config.default.js",
    "start": 1535452821923,
    "end": 1535452821923,
    "duration": 0,
    "pid": 9944,
    "index": 15
  },
  {
    "name": "Require(13) node_modules/_egg-view-ejs@2.0.0@egg-view-ejs/config/config.default.js",
    "start": 1535452821925,
    "end": 1535452821925,
    "duration": 0,
    "pid": 9944,
    "index": 16
  },
  {
    "name": "Require(14) node_modules/_egg-mysql@3.0.0@egg-mysql/config/config.default.js",
    "start": 1535452821927,
    "end": 1535452821927,
    "duration": 0,
    "pid": 9944,
    "index": 17
  },
  {
    "name": "Require(15) node_modules/_egg@2.10.0@egg/config/config.default.js",
    "start": 1535452821928,
    "end": 1535452821929,
    "duration": 1,
    "pid": 9944,
    "index": 18
  },
  {
    "name": "Require(16) config/config.default.js",
    "start": 1535452821933,
    "end": 1535452821933,
    "duration": 0,
    "pid": 9944,
    "index": 19
  },
  {
    "name": "Require(17) node_modules/_egg-security@2.2.3@egg-security/config/config.local.js",
    "start": 1535452821935,
    "end": 1535452821935,
    "duration": 0,
    "pid": 9944,
    "index": 20
  },
  {
    "name": "Require(18) node_modules/_egg-watcher@3.0.0@egg-watcher/config/config.local.js",
    "start": 1535452821938,
    "end": 1535452821939,
    "duration": 1,
    "pid": 9944,
    "index": 21
  },
  {
    "name": "Require(19) node_modules/_egg-view@2.1.0@egg-view/config/config.local.js",
    "start": 1535452821942,
    "end": 1535452821943,
    "duration": 1,
    "pid": 9944,
    "index": 22
  },
  {
    "name": "Require(20) node_modules/_egg-view-ejs@2.0.0@egg-view-ejs/config/config.local.js",
    "start": 1535452821944,
    "end": 1535452821944,
    "duration": 0,
    "pid": 9944,
    "index": 23
  },
  {
    "name": "Require(21) node_modules/_egg@2.10.0@egg/config/config.local.js",
    "start": 1535452821951,
    "end": 1535452821952,
    "duration": 1,
    "pid": 9944,
    "index": 24
  },
  {
    "name": "Load extend/application.js",
    "start": 1535452821954,
    "end": 1535452821981,
    "duration": 27,
    "pid": 9944,
    "index": 25
  },
  {
    "name": "Require(22) node_modules/_egg-session@3.1.0@egg-session/app/extend/application.js",
    "start": 1535452821955,
    "end": 1535452821956,
    "duration": 1,
    "pid": 9944,
    "index": 26
  },
  {
    "name": "Require(23) node_modules/_egg-security@2.2.3@egg-security/app/extend/application.js",
    "start": 1535452821957,
    "end": 1535452821959,
    "duration": 2,
    "pid": 9944,
    "index": 27
  },
  {
    "name": "Require(24) node_modules/_egg-jsonp@2.0.0@egg-jsonp/app/extend/application.js",
    "start": 1535452821959,
    "end": 1535452821963,
    "duration": 4,
    "pid": 9944,
    "index": 28
  },
  {
    "name": "Require(25) node_modules/_egg-logrotator@3.0.3@egg-logrotator/app/extend/application.js",
    "start": 1535452821965,
    "end": 1535452821970,
    "duration": 5,
    "pid": 9944,
    "index": 29
  },
  {
    "name": "Require(26) node_modules/_egg-view@2.1.0@egg-view/app/extend/application.js",
    "start": 1535452821971,
    "end": 1535452821974,
    "duration": 3,
    "pid": 9944,
    "index": 30
  },
  {
    "name": "Load extend/request.js",
    "start": 1535452821981,
    "end": 1535452821994,
    "duration": 13,
    "pid": 9944,
    "index": 31
  },
  {
    "name": "Require(27) node_modules/_egg@2.10.0@egg/app/extend/request.js",
    "start": 1535452821986,
    "end": 1535452821989,
    "duration": 3,
    "pid": 9944,
    "index": 32
  },
  {
    "name": "Load extend/response.js",
    "start": 1535452821994,
    "end": 1535452822009,
    "duration": 15,
    "pid": 9944,
    "index": 33
  },
  {
    "name": "Require(28) node_modules/_egg@2.10.0@egg/app/extend/response.js",
    "start": 1535452821998,
    "end": 1535452822003,
    "duration": 5,
    "pid": 9944,
    "index": 34
  },
  {
    "name": "Load extend/context.js",
    "start": 1535452822009,
    "end": 1535452822131,
    "duration": 122,
    "pid": 9944,
    "index": 35
  },
  {
    "name": "Require(29) node_modules/_egg-security@2.2.3@egg-security/app/extend/context.js",
    "start": 1535452822010,
    "end": 1535452822032,
    "duration": 22,
    "pid": 9944,
    "index": 36
  },
  {
    "name": "Require(30) node_modules/_egg-jsonp@2.0.0@egg-jsonp/app/extend/context.js",
    "start": 1535452822033,
    "end": 1535452822036,
    "duration": 3,
    "pid": 9944,
    "index": 37
  },
  {
    "name": "Require(31) node_modules/_egg-i18n@2.0.0@egg-i18n/app/extend/context.js",
    "start": 1535452822037,
    "end": 1535452822037,
    "duration": 0,
    "pid": 9944,
    "index": 38
  },
  {
    "name": "Require(32) node_modules/_egg-multipart@2.1.0@egg-multipart/app/extend/context.js",
    "start": 1535452822038,
    "end": 1535452822113,
    "duration": 75,
    "pid": 9944,
    "index": 39
  },
  {
    "name": "Require(33) node_modules/_egg-view@2.1.0@egg-view/app/extend/context.js",
    "start": 1535452822116,
    "end": 1535452822118,
    "duration": 2,
    "pid": 9944,
    "index": 40
  },
  {
    "name": "Require(34) node_modules/_egg@2.10.0@egg/app/extend/context.js",
    "start": 1535452822120,
    "end": 1535452822124,
    "duration": 4,
    "pid": 9944,
    "index": 41
  },
  {
    "name": "Load extend/helper.js",
    "start": 1535452822132,
    "end": 1535452822180,
    "duration": 48,
    "pid": 9944,
    "index": 42
  },
  {
    "name": "Require(35) node_modules/_egg-security@2.2.3@egg-security/app/extend/helper.js",
    "start": 1535452822133,
    "end": 1535452822169,
    "duration": 36,
    "pid": 9944,
    "index": 43
  },
  {
    "name": "Require(36) node_modules/_egg@2.10.0@egg/app/extend/helper.js",
    "start": 1535452822173,
    "end": 1535452822174,
    "duration": 1,
    "pid": 9944,
    "index": 44
  },
  {
    "name": "Load app.js",
    "start": 1535452822180,
    "end": 1535452822551,
    "duration": 371,
    "pid": 9944,
    "index": 45
  },
  {
    "name": "Require(37) node_modules/_egg-session@3.1.0@egg-session/app.js",
    "start": 1535452822181,
    "end": 1535452822182,
    "duration": 1,
    "pid": 9944,
    "index": 46
  },
  {
    "name": "Require(38) node_modules/_egg-security@2.2.3@egg-security/app.js",
    "start": 1535452822183,
    "end": 1535452822188,
    "duration": 5,
    "pid": 9944,
    "index": 47
  },
  {
    "name": "Require(39) node_modules/_egg-onerror@2.1.0@egg-onerror/app.js",
    "start": 1535452822191,
    "end": 1535452822215,
    "duration": 24,
    "pid": 9944,
    "index": 48
  },
  {
    "name": "Require(40) node_modules/_egg-i18n@2.0.0@egg-i18n/app.js",
    "start": 1535452822217,
    "end": 1535452822237,
    "duration": 20,
    "pid": 9944,
    "index": 49
  },
  {
    "name": "Require(41) node_modules/_egg-watcher@3.0.0@egg-watcher/app.js",
    "start": 1535452822243,
    "end": 1535452822251,
    "duration": 8,
    "pid": 9944,
    "index": 50
  },
  {
    "name": "Before Start in node_modules/_egg-watcher@3.0.0@egg-watcher/app.js:15:7",
    "start": 1535452822267,
    "end": 1535452822743,
    "duration": 476,
    "pid": 9944,
    "index": 51
  },
  {
    "name": "Require(42) node_modules/_egg-multipart@2.1.0@egg-multipart/app.js",
    "start": 1535452822270,
    "end": 1535452822276,
    "duration": 6,
    "pid": 9944,
    "index": 52
  },
  {
    "name": "Require(43) node_modules/_egg-development@2.4.1@egg-development/app.js",
    "start": 1535452822278,
    "end": 1535452822279,
    "duration": 1,
    "pid": 9944,
    "index": 53
  },
  {
    "name": "Require(44) node_modules/_egg-schedule@3.3.0@egg-schedule/app.js",
    "start": 1535452822280,
    "end": 1535452822284,
    "duration": 4,
    "pid": 9944,
    "index": 54
  },
  {
    "name": "Require(45) node_modules/_egg-logrotator@3.0.3@egg-logrotator/app.js",
    "start": 1535452822362,
    "end": 1535452822362,
    "duration": 0,
    "pid": 9944,
    "index": 55
  },
  {
    "name": "Require(46) node_modules/_egg-static@2.1.1@egg-static/app.js",
    "start": 1535452822363,
    "end": 1535452822364,
    "duration": 1,
    "pid": 9944,
    "index": 56
  },
  {
    "name": "Require(47) node_modules/_egg-view-ejs@2.0.0@egg-view-ejs/app.js",
    "start": 1535452822366,
    "end": 1535452822366,
    "duration": 0,
    "pid": 9944,
    "index": 57
  },
  {
    "name": "Require(48) node_modules/_egg-mysql@3.0.0@egg-mysql/app.js",
    "start": 1535452822379,
    "end": 1535452822419,
    "duration": 40,
    "pid": 9944,
    "index": 58
  },
  {
    "name": "Before Start in node_modules/_egg-mysql@3.0.0@egg-mysql/lib/mysql.js:20:7",
    "start": 1535452822549,
    "end": 1535452822748,
    "duration": 199,
    "pid": 9944,
    "index": 59
  },
  {
    "name": "Load Service",
    "start": 1535452822551,
    "end": 1535452822557,
    "duration": 6,
    "pid": 9944,
    "index": 60
  },
  {
    "name": "Load \"service\" to Context",
    "start": 1535452822551,
    "end": 1535452822557,
    "duration": 6,
    "pid": 9944,
    "index": 61
  },
  {
    "name": "Load Middleware",
    "start": 1535452822557,
    "end": 1535452822697,
    "duration": 140,
    "pid": 9944,
    "index": 62
  },
  {
    "name": "Load \"middlewares\" to Application",
    "start": 1535452822558,
    "end": 1535452822678,
    "duration": 120,
    "pid": 9944,
    "index": 63
  },
  {
    "name": "Load Controller",
    "start": 1535452822697,
    "end": 1535452822700,
    "duration": 3,
    "pid": 9944,
    "index": 64
  },
  {
    "name": "Load \"controller\" to Application",
    "start": 1535452822697,
    "end": 1535452822700,
    "duration": 3,
    "pid": 9944,
    "index": 65
  },
  {
    "name": "Load Router",
    "start": 1535452822700,
    "end": 1535452822704,
    "duration": 4,
    "pid": 9944,
    "index": 66
  },
  {
    "name": "Require(49) app/router.js",
    "start": 1535452822701,
    "end": 1535452822701,
    "duration": 0,
    "pid": 9944,
    "index": 67
  },
  {
    "name": "Before Start in node_modules/_egg-core@4.9.1@egg-core/lib/egg.js:328:10",
    "start": 1535452822702,
    "end": 1535452822726,
    "duration": 24,
    "pid": 9944,
    "index": 68
  }
]