[
  {
    "name": "Application Start",
    "start": 1535452855893,
    "end": 1535452856741,
    "duration": 848,
    "pid": 15168,
    "index": 0
  },
  {
    "name": "Load Plugin",
    "start": 1535452855900,
    "end": 1535452855933,
    "duration": 33,
    "pid": 15168,
    "index": 1
  },
  {
    "name": "Load Config",
    "start": 1535452855933,
    "end": 1535452855969,
    "duration": 36,
    "pid": 15168,
    "index": 2
  },
  {
    "name": "Require(0) config/config.default.js",
    "start": 1535452855934,
    "end": 1535452855934,
    "duration": 0,
    "pid": 15168,
    "index": 3
  },
  {
    "name": "Require(1) node_modules/_egg-session@3.1.0@egg-session/config/config.default.js",
    "start": 1535452855936,
    "end": 1535452855937,
    "duration": 1,
    "pid": 15168,
    "index": 4
  },
  {
    "name": "Require(2) node_modules/_egg-security@2.2.3@egg-security/config/config.default.js",
    "start": 1535452855938,
    "end": 1535452855938,
    "duration": 0,
    "pid": 15168,
    "index": 5
  },
  {
    "name": "Require(3) node_modules/_egg-jsonp@2.0.0@egg-jsonp/config/config.default.js",
    "start": 1535452855940,
    "end": 1535452855940,
    "duration": 0,
    "pid": 15168,
    "index": 6
  },
  {
    "name": "Require(4) node_modules/_egg-onerror@2.1.0@egg-onerror/config/config.default.js",
    "start": 1535452855942,
    "end": 1535452855943,
    "duration": 1,
    "pid": 15168,
    "index": 7
  },
  {
    "name": "Require(5) node_modules/_egg-i18n@2.0.0@egg-i18n/config/config.default.js",
    "start": 1535452855944,
    "end": 1535452855944,
    "duration": 0,
    "pid": 15168,
    "index": 8
  },
  {
    "name": "Require(6) node_modules/_egg-watcher@3.0.0@egg-watcher/config/config.default.js",
    "start": 1535452855945,
    "end": 1535452855946,
    "duration": 1,
    "pid": 15168,
    "index": 9
  },
  {
    "name": "Require(7) node_modules/_egg-multipart@2.1.0@egg-multipart/config/config.default.js",
    "start": 1535452855947,
    "end": 1535452855947,
    "duration": 0,
    "pid": 15168,
    "index": 10
  },
  {
    "name": "Require(8) node_modules/_egg-development@2.4.1@egg-development/config/config.default.js",
    "start": 1535452855948,
    "end": 1535452855948,
    "duration": 0,
    "pid": 15168,
    "index": 11
  },
  {
    "name": "Require(9) node_modules/_egg-schedule@3.3.0@egg-schedule/config/config.default.js",
    "start": 1535452855949,
    "end": 1535452855949,
    "duration": 0,
    "pid": 15168,
    "index": 12
  },
  {
    "name": "Require(10) node_modules/_egg-logrotator@3.0.3@egg-logrotator/config/config.default.js",
    "start": 1535452855951,
    "end": 1535452855951,
    "duration": 0,
    "pid": 15168,
    "index": 13
  },
  {
    "name": "Require(11) node_modules/_egg-static@2.1.1@egg-static/config/config.default.js",
    "start": 1535452855952,
    "end": 1535452855952,
    "duration": 0,
    "pid": 15168,
    "index": 14
  },
  {
    "name": "Require(12) node_modules/_egg-view@2.1.0@egg-view/config/config.default.js",
    "start": 1535452855953,
    "end": 1535452855954,
    "duration": 1,
    "pid": 15168,
    "index": 15
  },
  {
    "name": "Require(13) node_modules/_egg-view-ejs@2.0.0@egg-view-ejs/config/config.default.js",
    "start": 1535452855954,
    "end": 1535452855955,
    "duration": 1,
    "pid": 15168,
    "index": 16
  },
  {
    "name": "Require(14) node_modules/_egg-mysql@3.0.0@egg-mysql/config/config.default.js",
    "start": 1535452855956,
    "end": 1535452855956,
    "duration": 0,
    "pid": 15168,
    "index": 17
  },
  {
    "name": "Require(15) node_modules/_egg@2.10.0@egg/config/config.default.js",
    "start": 1535452855957,
    "end": 1535452855958,
    "duration": 1,
    "pid": 15168,
    "index": 18
  },
  {
    "name": "Require(16) config/config.default.js",
    "start": 1535452855960,
    "end": 1535452855960,
    "duration": 0,
    "pid": 15168,
    "index": 19
  },
  {
    "name": "Require(17) node_modules/_egg-security@2.2.3@egg-security/config/config.local.js",
    "start": 1535452855961,
    "end": 1535452855961,
    "duration": 0,
    "pid": 15168,
    "index": 20
  },
  {
    "name": "Require(18) node_modules/_egg-watcher@3.0.0@egg-watcher/config/config.local.js",
    "start": 1535452855963,
    "end": 1535452855963,
    "duration": 0,
    "pid": 15168,
    "index": 21
  },
  {
    "name": "Require(19) node_modules/_egg-view@2.1.0@egg-view/config/config.local.js",
    "start": 1535452855966,
    "end": 1535452855966,
    "duration": 0,
    "pid": 15168,
    "index": 22
  },
  {
    "name": "Require(20) node_modules/_egg-view-ejs@2.0.0@egg-view-ejs/config/config.local.js",
    "start": 1535452855967,
    "end": 1535452855967,
    "duration": 0,
    "pid": 15168,
    "index": 23
  },
  {
    "name": "Require(21) node_modules/_egg@2.10.0@egg/config/config.local.js",
    "start": 1535452855968,
    "end": 1535452855968,
    "duration": 0,
    "pid": 15168,
    "index": 24
  },
  {
    "name": "Load extend/application.js",
    "start": 1535452855970,
    "end": 1535452856012,
    "duration": 42,
    "pid": 15168,
    "index": 25
  },
  {
    "name": "Require(22) node_modules/_egg-session@3.1.0@egg-session/app/extend/application.js",
    "start": 1535452855971,
    "end": 1535452855972,
    "duration": 1,
    "pid": 15168,
    "index": 26
  },
  {
    "name": "Require(23) node_modules/_egg-security@2.2.3@egg-security/app/extend/application.js",
    "start": 1535452855975,
    "end": 1535452855976,
    "duration": 1,
    "pid": 15168,
    "index": 27
  },
  {
    "name": "Require(24) node_modules/_egg-jsonp@2.0.0@egg-jsonp/app/extend/application.js",
    "start": 1535452855977,
    "end": 1535452855981,
    "duration": 4,
    "pid": 15168,
    "index": 28
  },
  {
    "name": "Require(25) node_modules/_egg-logrotator@3.0.3@egg-logrotator/app/extend/application.js",
    "start": 1535452855985,
    "end": 1535452855995,
    "duration": 10,
    "pid": 15168,
    "index": 29
  },
  {
    "name": "Require(26) node_modules/_egg-view@2.1.0@egg-view/app/extend/application.js",
    "start": 1535452855996,
    "end": 1535452856004,
    "duration": 8,
    "pid": 15168,
    "index": 30
  },
  {
    "name": "Load extend/request.js",
    "start": 1535452856012,
    "end": 1535452856024,
    "duration": 12,
    "pid": 15168,
    "index": 31
  },
  {
    "name": "Require(27) node_modules/_egg@2.10.0@egg/app/extend/request.js",
    "start": 1535452856016,
    "end": 1535452856018,
    "duration": 2,
    "pid": 15168,
    "index": 32
  },
  {
    "name": "Load extend/response.js",
    "start": 1535452856024,
    "end": 1535452856036,
    "duration": 12,
    "pid": 15168,
    "index": 33
  },
  {
    "name": "Require(28) node_modules/_egg@2.10.0@egg/app/extend/response.js",
    "start": 1535452856028,
    "end": 1535452856031,
    "duration": 3,
    "pid": 15168,
    "index": 34
  },
  {
    "name": "Load extend/context.js",
    "start": 1535452856036,
    "end": 1535452856126,
    "duration": 90,
    "pid": 15168,
    "index": 35
  },
  {
    "name": "Require(29) node_modules/_egg-security@2.2.3@egg-security/app/extend/context.js",
    "start": 1535452856037,
    "end": 1535452856055,
    "duration": 18,
    "pid": 15168,
    "index": 36
  },
  {
    "name": "Require(30) node_modules/_egg-jsonp@2.0.0@egg-jsonp/app/extend/context.js",
    "start": 1535452856056,
    "end": 1535452856059,
    "duration": 3,
    "pid": 15168,
    "index": 37
  },
  {
    "name": "Require(31) node_modules/_egg-i18n@2.0.0@egg-i18n/app/extend/context.js",
    "start": 1535452856060,
    "end": 1535452856060,
    "duration": 0,
    "pid": 15168,
    "index": 38
  },
  {
    "name": "Require(32) node_modules/_egg-multipart@2.1.0@egg-multipart/app/extend/context.js",
    "start": 1535452856061,
    "end": 1535452856115,
    "duration": 54,
    "pid": 15168,
    "index": 39
  },
  {
    "name": "Require(33) node_modules/_egg-view@2.1.0@egg-view/app/extend/context.js",
    "start": 1535452856116,
    "end": 1535452856117,
    "duration": 1,
    "pid": 15168,
    "index": 40
  },
  {
    "name": "Require(34) node_modules/_egg@2.10.0@egg/app/extend/context.js",
    "start": 1535452856118,
    "end": 1535452856120,
    "duration": 2,
    "pid": 15168,
    "index": 41
  },
  {
    "name": "Load extend/helper.js",
    "start": 1535452856126,
    "end": 1535452856162,
    "duration": 36,
    "pid": 15168,
    "index": 42
  },
  {
    "name": "Require(35) node_modules/_egg-security@2.2.3@egg-security/app/extend/helper.js",
    "start": 1535452856127,
    "end": 1535452856153,
    "duration": 26,
    "pid": 15168,
    "index": 43
  },
  {
    "name": "Require(36) node_modules/_egg@2.10.0@egg/app/extend/helper.js",
    "start": 1535452856158,
    "end": 1535452856158,
    "duration": 0,
    "pid": 15168,
    "index": 44
  },
  {
    "name": "Load app.js",
    "start": 1535452856162,
    "end": 1535452856521,
    "duration": 359,
    "pid": 15168,
    "index": 45
  },
  {
    "name": "Require(37) node_modules/_egg-session@3.1.0@egg-session/app.js",
    "start": 1535452856163,
    "end": 1535452856163,
    "duration": 0,
    "pid": 15168,
    "index": 46
  },
  {
    "name": "Require(38) node_modules/_egg-security@2.2.3@egg-security/app.js",
    "start": 1535452856164,
    "end": 1535452856167,
    "duration": 3,
    "pid": 15168,
    "index": 47
  },
  {
    "name": "Require(39) node_modules/_egg-onerror@2.1.0@egg-onerror/app.js",
    "start": 1535452856168,
    "end": 1535452856182,
    "duration": 14,
    "pid": 15168,
    "index": 48
  },
  {
    "name": "Require(40) node_modules/_egg-i18n@2.0.0@egg-i18n/app.js",
    "start": 1535452856184,
    "end": 1535452856199,
    "duration": 15,
    "pid": 15168,
    "index": 49
  },
  {
    "name": "Require(41) node_modules/_egg-watcher@3.0.0@egg-watcher/app.js",
    "start": 1535452856209,
    "end": 1535452856216,
    "duration": 7,
    "pid": 15168,
    "index": 50
  },
  {
    "name": "Before Start in node_modules/_egg-watcher@3.0.0@egg-watcher/app.js:15:7",
    "start": 1535452856231,
    "end": 1535452856734,
    "duration": 503,
    "pid": 15168,
    "index": 51
  },
  {
    "name": "Require(42) node_modules/_egg-multipart@2.1.0@egg-multipart/app.js",
    "start": 1535452856232,
    "end": 1535452856237,
    "duration": 5,
    "pid": 15168,
    "index": 52
  },
  {
    "name": "Require(43) node_modules/_egg-development@2.4.1@egg-development/app.js",
    "start": 1535452856239,
    "end": 1535452856239,
    "duration": 0,
    "pid": 15168,
    "index": 53
  },
  {
    "name": "Require(44) node_modules/_egg-schedule@3.3.0@egg-schedule/app.js",
    "start": 1535452856240,
    "end": 1535452856244,
    "duration": 4,
    "pid": 15168,
    "index": 54
  },
  {
    "name": "Require(45) node_modules/_egg-logrotator@3.0.3@egg-logrotator/app.js",
    "start": 1535452856312,
    "end": 1535452856313,
    "duration": 1,
    "pid": 15168,
    "index": 55
  },
  {
    "name": "Require(46) node_modules/_egg-static@2.1.1@egg-static/app.js",
    "start": 1535452856314,
    "end": 1535452856314,
    "duration": 0,
    "pid": 15168,
    "index": 56
  },
  {
    "name": "Require(47) node_modules/_egg-view-ejs@2.0.0@egg-view-ejs/app.js",
    "start": 1535452856316,
    "end": 1535452856317,
    "duration": 1,
    "pid": 15168,
    "index": 57
  },
  {
    "name": "Require(48) node_modules/_egg-mysql@3.0.0@egg-mysql/app.js",
    "start": 1535452856329,
    "end": 1535452856360,
    "duration": 31,
    "pid": 15168,
    "index": 58
  },
  {
    "name": "Before Start in node_modules/_egg-mysql@3.0.0@egg-mysql/lib/mysql.js:20:7",
    "start": 1535452856517,
    "end": 1535452856740,
    "duration": 223,
    "pid": 15168,
    "index": 59
  },
  {
    "name": "Load Service",
    "start": 1535452856521,
    "end": 1535452856537,
    "duration": 16,
    "pid": 15168,
    "index": 60
  },
  {
    "name": "Load \"service\" to Context",
    "start": 1535452856522,
    "end": 1535452856537,
    "duration": 15,
    "pid": 15168,
    "index": 61
  },
  {
    "name": "Load Middleware",
    "start": 1535452856537,
    "end": 1535452856687,
    "duration": 150,
    "pid": 15168,
    "index": 62
  },
  {
    "name": "Load \"middlewares\" to Application",
    "start": 1535452856538,
    "end": 1535452856671,
    "duration": 133,
    "pid": 15168,
    "index": 63
  },
  {
    "name": "Load Controller",
    "start": 1535452856687,
    "end": 1535452856691,
    "duration": 4,
    "pid": 15168,
    "index": 64
  },
  {
    "name": "Load \"controller\" to Application",
    "start": 1535452856687,
    "end": 1535452856691,
    "duration": 4,
    "pid": 15168,
    "index": 65
  },
  {
    "name": "Load Router",
    "start": 1535452856691,
    "end": 1535452856694,
    "duration": 3,
    "pid": 15168,
    "index": 66
  },
  {
    "name": "Require(49) app/router.js",
    "start": 1535452856692,
    "end": 1535452856692,
    "duration": 0,
    "pid": 15168,
    "index": 67
  },
  {
    "name": "Before Start in node_modules/_egg-core@4.9.1@egg-core/lib/egg.js:328:10",
    "start": 1535452856693,
    "end": 1535452856714,
    "duration": 21,
    "pid": 15168,
    "index": 68
  }
]