[
  {
    "name": "Application Start",
    "start": 1535452158298,
    "end": 1535452159098,
    "duration": 800,
    "pid": 16472,
    "index": 0
  },
  {
    "name": "Load Plugin",
    "start": 1535452158305,
    "end": 1535452158348,
    "duration": 43,
    "pid": 16472,
    "index": 1
  },
  {
    "name": "Load Config",
    "start": 1535452158348,
    "end": 1535452158393,
    "duration": 45,
    "pid": 16472,
    "index": 2
  },
  {
    "name": "Require(0) config/config.default.js",
    "start": 1535452158349,
    "end": 1535452158350,
    "duration": 1,
    "pid": 16472,
    "index": 3
  },
  {
    "name": "Require(1) node_modules/_egg-session@3.1.0@egg-session/config/config.default.js",
    "start": 1535452158353,
    "end": 1535452158354,
    "duration": 1,
    "pid": 16472,
    "index": 4
  },
  {
    "name": "Require(2) node_modules/_egg-security@2.2.3@egg-security/config/config.default.js",
    "start": 1535452158356,
    "end": 1535452158356,
    "duration": 0,
    "pid": 16472,
    "index": 5
  },
  {
    "name": "Require(3) node_modules/_egg-jsonp@2.0.0@egg-jsonp/config/config.default.js",
    "start": 1535452158358,
    "end": 1535452158359,
    "duration": 1,
    "pid": 16472,
    "index": 6
  },
  {
    "name": "Require(4) node_modules/_egg-onerror@2.1.0@egg-onerror/config/config.default.js",
    "start": 1535452158360,
    "end": 1535452158361,
    "duration": 1,
    "pid": 16472,
    "index": 7
  },
  {
    "name": "Require(5) node_modules/_egg-i18n@2.0.0@egg-i18n/config/config.default.js",
    "start": 1535452158362,
    "end": 1535452158363,
    "duration": 1,
    "pid": 16472,
    "index": 8
  },
  {
    "name": "Require(6) node_modules/_egg-watcher@3.0.0@egg-watcher/config/config.default.js",
    "start": 1535452158364,
    "end": 1535452158365,
    "duration": 1,
    "pid": 16472,
    "index": 9
  },
  {
    "name": "Require(7) node_modules/_egg-multipart@2.1.0@egg-multipart/config/config.default.js",
    "start": 1535452158366,
    "end": 1535452158371,
    "duration": 5,
    "pid": 16472,
    "index": 10
  },
  {
    "name": "Require(8) node_modules/_egg-development@2.4.1@egg-development/config/config.default.js",
    "start": 1535452158372,
    "end": 1535452158373,
    "duration": 1,
    "pid": 16472,
    "index": 11
  },
  {
    "name": "Require(9) node_modules/_egg-schedule@3.3.0@egg-schedule/config/config.default.js",
    "start": 1535452158374,
    "end": 1535452158374,
    "duration": 0,
    "pid": 16472,
    "index": 12
  },
  {
    "name": "Require(10) node_modules/_egg-logrotator@3.0.3@egg-logrotator/config/config.default.js",
    "start": 1535452158375,
    "end": 1535452158375,
    "duration": 0,
    "pid": 16472,
    "index": 13
  },
  {
    "name": "Require(11) node_modules/_egg-static@2.1.1@egg-static/config/config.default.js",
    "start": 1535452158376,
    "end": 1535452158376,
    "duration": 0,
    "pid": 16472,
    "index": 14
  },
  {
    "name": "Require(12) node_modules/_egg-view@2.1.0@egg-view/config/config.default.js",
    "start": 1535452158377,
    "end": 1535452158378,
    "duration": 1,
    "pid": 16472,
    "index": 15
  },
  {
    "name": "Require(13) node_modules/_egg-view-ejs@2.0.0@egg-view-ejs/config/config.default.js",
    "start": 1535452158378,
    "end": 1535452158379,
    "duration": 1,
    "pid": 16472,
    "index": 16
  },
  {
    "name": "Require(14) node_modules/_egg-mysql@3.0.0@egg-mysql/config/config.default.js",
    "start": 1535452158380,
    "end": 1535452158380,
    "duration": 0,
    "pid": 16472,
    "index": 17
  },
  {
    "name": "Require(15) node_modules/_egg@2.10.0@egg/config/config.default.js",
    "start": 1535452158380,
    "end": 1535452158381,
    "duration": 1,
    "pid": 16472,
    "index": 18
  },
  {
    "name": "Require(16) config/config.default.js",
    "start": 1535452158383,
    "end": 1535452158383,
    "duration": 0,
    "pid": 16472,
    "index": 19
  },
  {
    "name": "Require(17) node_modules/_egg-security@2.2.3@egg-security/config/config.local.js",
    "start": 1535452158384,
    "end": 1535452158385,
    "duration": 1,
    "pid": 16472,
    "index": 20
  },
  {
    "name": "Require(18) node_modules/_egg-watcher@3.0.0@egg-watcher/config/config.local.js",
    "start": 1535452158387,
    "end": 1535452158387,
    "duration": 0,
    "pid": 16472,
    "index": 21
  },
  {
    "name": "Require(19) node_modules/_egg-view@2.1.0@egg-view/config/config.local.js",
    "start": 1535452158390,
    "end": 1535452158390,
    "duration": 0,
    "pid": 16472,
    "index": 22
  },
  {
    "name": "Require(20) node_modules/_egg-view-ejs@2.0.0@egg-view-ejs/config/config.local.js",
    "start": 1535452158391,
    "end": 1535452158391,
    "duration": 0,
    "pid": 16472,
    "index": 23
  },
  {
    "name": "Require(21) node_modules/_egg@2.10.0@egg/config/config.local.js",
    "start": 1535452158392,
    "end": 1535452158393,
    "duration": 1,
    "pid": 16472,
    "index": 24
  },
  {
    "name": "Load extend/application.js",
    "start": 1535452158395,
    "end": 1535452158418,
    "duration": 23,
    "pid": 16472,
    "index": 25
  },
  {
    "name": "Require(22) node_modules/_egg-session@3.1.0@egg-session/app/extend/application.js",
    "start": 1535452158395,
    "end": 1535452158396,
    "duration": 1,
    "pid": 16472,
    "index": 26
  },
  {
    "name": "Require(23) node_modules/_egg-security@2.2.3@egg-security/app/extend/application.js",
    "start": 1535452158397,
    "end": 1535452158398,
    "duration": 1,
    "pid": 16472,
    "index": 27
  },
  {
    "name": "Require(24) node_modules/_egg-jsonp@2.0.0@egg-jsonp/app/extend/application.js",
    "start": 1535452158399,
    "end": 1535452158403,
    "duration": 4,
    "pid": 16472,
    "index": 28
  },
  {
    "name": "Require(25) node_modules/_egg-logrotator@3.0.3@egg-logrotator/app/extend/application.js",
    "start": 1535452158406,
    "end": 1535452158409,
    "duration": 3,
    "pid": 16472,
    "index": 29
  },
  {
    "name": "Require(26) node_modules/_egg-view@2.1.0@egg-view/app/extend/application.js",
    "start": 1535452158410,
    "end": 1535452158413,
    "duration": 3,
    "pid": 16472,
    "index": 30
  },
  {
    "name": "Load extend/request.js",
    "start": 1535452158418,
    "end": 1535452158430,
    "duration": 12,
    "pid": 16472,
    "index": 31
  },
  {
    "name": "Require(27) node_modules/_egg@2.10.0@egg/app/extend/request.js",
    "start": 1535452158423,
    "end": 1535452158426,
    "duration": 3,
    "pid": 16472,
    "index": 32
  },
  {
    "name": "Load extend/response.js",
    "start": 1535452158430,
    "end": 1535452158443,
    "duration": 13,
    "pid": 16472,
    "index": 33
  },
  {
    "name": "Require(28) node_modules/_egg@2.10.0@egg/app/extend/response.js",
    "start": 1535452158435,
    "end": 1535452158438,
    "duration": 3,
    "pid": 16472,
    "index": 34
  },
  {
    "name": "Load extend/context.js",
    "start": 1535452158443,
    "end": 1535452158568,
    "duration": 125,
    "pid": 16472,
    "index": 35
  },
  {
    "name": "Require(29) node_modules/_egg-security@2.2.3@egg-security/app/extend/context.js",
    "start": 1535452158444,
    "end": 1535452158472,
    "duration": 28,
    "pid": 16472,
    "index": 36
  },
  {
    "name": "Require(30) node_modules/_egg-jsonp@2.0.0@egg-jsonp/app/extend/context.js",
    "start": 1535452158473,
    "end": 1535452158479,
    "duration": 6,
    "pid": 16472,
    "index": 37
  },
  {
    "name": "Require(31) node_modules/_egg-i18n@2.0.0@egg-i18n/app/extend/context.js",
    "start": 1535452158481,
    "end": 1535452158481,
    "duration": 0,
    "pid": 16472,
    "index": 38
  },
  {
    "name": "Require(32) node_modules/_egg-multipart@2.1.0@egg-multipart/app/extend/context.js",
    "start": 1535452158483,
    "end": 1535452158558,
    "duration": 75,
    "pid": 16472,
    "index": 39
  },
  {
    "name": "Require(33) node_modules/_egg-view@2.1.0@egg-view/app/extend/context.js",
    "start": 1535452158560,
    "end": 1535452158561,
    "duration": 1,
    "pid": 16472,
    "index": 40
  },
  {
    "name": "Require(34) node_modules/_egg@2.10.0@egg/app/extend/context.js",
    "start": 1535452158562,
    "end": 1535452158564,
    "duration": 2,
    "pid": 16472,
    "index": 41
  },
  {
    "name": "Load extend/helper.js",
    "start": 1535452158568,
    "end": 1535452158608,
    "duration": 40,
    "pid": 16472,
    "index": 42
  },
  {
    "name": "Require(35) node_modules/_egg-security@2.2.3@egg-security/app/extend/helper.js",
    "start": 1535452158569,
    "end": 1535452158596,
    "duration": 27,
    "pid": 16472,
    "index": 43
  },
  {
    "name": "Require(36) node_modules/_egg@2.10.0@egg/app/extend/helper.js",
    "start": 1535452158599,
    "end": 1535452158600,
    "duration": 1,
    "pid": 16472,
    "index": 44
  },
  {
    "name": "Load app.js",
    "start": 1535452158608,
    "end": 1535452158899,
    "duration": 291,
    "pid": 16472,
    "index": 45
  },
  {
    "name": "Require(37) node_modules/_egg-session@3.1.0@egg-session/app.js",
    "start": 1535452158609,
    "end": 1535452158609,
    "duration": 0,
    "pid": 16472,
    "index": 46
  },
  {
    "name": "Require(38) node_modules/_egg-security@2.2.3@egg-security/app.js",
    "start": 1535452158610,
    "end": 1535452158614,
    "duration": 4,
    "pid": 16472,
    "index": 47
  },
  {
    "name": "Require(39) node_modules/_egg-onerror@2.1.0@egg-onerror/app.js",
    "start": 1535452158616,
    "end": 1535452158630,
    "duration": 14,
    "pid": 16472,
    "index": 48
  },
  {
    "name": "Require(40) node_modules/_egg-i18n@2.0.0@egg-i18n/app.js",
    "start": 1535452158632,
    "end": 1535452158646,
    "duration": 14,
    "pid": 16472,
    "index": 49
  },
  {
    "name": "Require(41) node_modules/_egg-watcher@3.0.0@egg-watcher/app.js",
    "start": 1535452158650,
    "end": 1535452158658,
    "duration": 8,
    "pid": 16472,
    "index": 50
  },
  {
    "name": "Before Start in node_modules/_egg-watcher@3.0.0@egg-watcher/app.js:15:7",
    "start": 1535452158671,
    "end": 1535452159093,
    "duration": 422,
    "pid": 16472,
    "index": 51
  },
  {
    "name": "Require(42) node_modules/_egg-multipart@2.1.0@egg-multipart/app.js",
    "start": 1535452158673,
    "end": 1535452158681,
    "duration": 8,
    "pid": 16472,
    "index": 52
  },
  {
    "name": "Require(43) node_modules/_egg-development@2.4.1@egg-development/app.js",
    "start": 1535452158682,
    "end": 1535452158682,
    "duration": 0,
    "pid": 16472,
    "index": 53
  },
  {
    "name": "Require(44) node_modules/_egg-schedule@3.3.0@egg-schedule/app.js",
    "start": 1535452158683,
    "end": 1535452158686,
    "duration": 3,
    "pid": 16472,
    "index": 54
  },
  {
    "name": "Require(45) node_modules/_egg-logrotator@3.0.3@egg-logrotator/app.js",
    "start": 1535452158749,
    "end": 1535452158750,
    "duration": 1,
    "pid": 16472,
    "index": 55
  },
  {
    "name": "Require(46) node_modules/_egg-static@2.1.1@egg-static/app.js",
    "start": 1535452158750,
    "end": 1535452158751,
    "duration": 1,
    "pid": 16472,
    "index": 56
  },
  {
    "name": "Require(47) node_modules/_egg-view-ejs@2.0.0@egg-view-ejs/app.js",
    "start": 1535452158753,
    "end": 1535452158753,
    "duration": 0,
    "pid": 16472,
    "index": 57
  },
  {
    "name": "Require(48) node_modules/_egg-mysql@3.0.0@egg-mysql/app.js",
    "start": 1535452158761,
    "end": 1535452158792,
    "duration": 31,
    "pid": 16472,
    "index": 58
  },
  {
    "name": "Before Start in node_modules/_egg-mysql@3.0.0@egg-mysql/lib/mysql.js:20:7",
    "start": 1535452158897,
    "end": 1535452159098,
    "duration": 201,
    "pid": 16472,
    "index": 59
  },
  {
    "name": "Load Service",
    "start": 1535452158899,
    "end": 1535452158908,
    "duration": 9,
    "pid": 16472,
    "index": 60
  },
  {
    "name": "Load \"service\" to Context",
    "start": 1535452158900,
    "end": 1535452158908,
    "duration": 8,
    "pid": 16472,
    "index": 61
  },
  {
    "name": "Load Middleware",
    "start": 1535452158908,
    "end": 1535452159053,
    "duration": 145,
    "pid": 16472,
    "index": 62
  },
  {
    "name": "Load \"middlewares\" to Application",
    "start": 1535452158908,
    "end": 1535452159036,
    "duration": 128,
    "pid": 16472,
    "index": 63
  },
  {
    "name": "Load Controller",
    "start": 1535452159053,
    "end": 1535452159056,
    "duration": 3,
    "pid": 16472,
    "index": 64
  },
  {
    "name": "Load \"controller\" to Application",
    "start": 1535452159053,
    "end": 1535452159056,
    "duration": 3,
    "pid": 16472,
    "index": 65
  },
  {
    "name": "Load Router",
    "start": 1535452159056,
    "end": 1535452159059,
    "duration": 3,
    "pid": 16472,
    "index": 66
  },
  {
    "name": "Require(49) app/router.js",
    "start": 1535452159056,
    "end": 1535452159057,
    "duration": 1,
    "pid": 16472,
    "index": 67
  },
  {
    "name": "Before Start in node_modules/_egg-core@4.9.1@egg-core/lib/egg.js:328:10",
    "start": 1535452159057,
    "end": 1535452159077,
    "duration": 20,
    "pid": 16472,
    "index": 68
  }
]