[
  {
    "name": "Application Start",
    "start": 1535453147935,
    "end": 1535453148685,
    "duration": 750,
    "pid": 10748,
    "index": 0
  },
  {
    "name": "Load Plugin",
    "start": 1535453147944,
    "end": 1535453147985,
    "duration": 41,
    "pid": 10748,
    "index": 1
  },
  {
    "name": "Load Config",
    "start": 1535453147985,
    "end": 1535453148019,
    "duration": 34,
    "pid": 10748,
    "index": 2
  },
  {
    "name": "Require(0) config/config.default.js",
    "start": 1535453147986,
    "end": 1535453147987,
    "duration": 1,
    "pid": 10748,
    "index": 3
  },
  {
    "name": "Require(1) node_modules/_egg-session@3.1.0@egg-session/config/config.default.js",
    "start": 1535453147988,
    "end": 1535453147989,
    "duration": 1,
    "pid": 10748,
    "index": 4
  },
  {
    "name": "Require(2) node_modules/_egg-security@2.2.3@egg-security/config/config.default.js",
    "start": 1535453147990,
    "end": 1535453147990,
    "duration": 0,
    "pid": 10748,
    "index": 5
  },
  {
    "name": "Require(3) node_modules/_egg-jsonp@2.0.0@egg-jsonp/config/config.default.js",
    "start": 1535453147991,
    "end": 1535453147991,
    "duration": 0,
    "pid": 10748,
    "index": 6
  },
  {
    "name": "Require(4) node_modules/_egg-onerror@2.1.0@egg-onerror/config/config.default.js",
    "start": 1535453147992,
    "end": 1535453147992,
    "duration": 0,
    "pid": 10748,
    "index": 7
  },
  {
    "name": "Require(5) node_modules/_egg-i18n@2.0.0@egg-i18n/config/config.default.js",
    "start": 1535453147993,
    "end": 1535453147994,
    "duration": 1,
    "pid": 10748,
    "index": 8
  },
  {
    "name": "Require(6) node_modules/_egg-watcher@3.0.0@egg-watcher/config/config.default.js",
    "start": 1535453147994,
    "end": 1535453147995,
    "duration": 1,
    "pid": 10748,
    "index": 9
  },
  {
    "name": "Require(7) node_modules/_egg-multipart@2.1.0@egg-multipart/config/config.default.js",
    "start": 1535453147996,
    "end": 1535453147996,
    "duration": 0,
    "pid": 10748,
    "index": 10
  },
  {
    "name": "Require(8) node_modules/_egg-development@2.4.1@egg-development/config/config.default.js",
    "start": 1535453147997,
    "end": 1535453147997,
    "duration": 0,
    "pid": 10748,
    "index": 11
  },
  {
    "name": "Require(9) node_modules/_egg-schedule@3.3.0@egg-schedule/config/config.default.js",
    "start": 1535453147998,
    "end": 1535453147998,
    "duration": 0,
    "pid": 10748,
    "index": 12
  },
  {
    "name": "Require(10) node_modules/_egg-logrotator@3.0.3@egg-logrotator/config/config.default.js",
    "start": 1535453147999,
    "end": 1535453147999,
    "duration": 0,
    "pid": 10748,
    "index": 13
  },
  {
    "name": "Require(11) node_modules/_egg-static@2.1.1@egg-static/config/config.default.js",
    "start": 1535453148000,
    "end": 1535453148000,
    "duration": 0,
    "pid": 10748,
    "index": 14
  },
  {
    "name": "Require(12) node_modules/_egg-view@2.1.0@egg-view/config/config.default.js",
    "start": 1535453148001,
    "end": 1535453148002,
    "duration": 1,
    "pid": 10748,
    "index": 15
  },
  {
    "name": "Require(13) node_modules/_egg-view-ejs@2.0.0@egg-view-ejs/config/config.default.js",
    "start": 1535453148003,
    "end": 1535453148004,
    "duration": 1,
    "pid": 10748,
    "index": 16
  },
  {
    "name": "Require(14) node_modules/_egg-mysql@3.0.0@egg-mysql/config/config.default.js",
    "start": 1535453148005,
    "end": 1535453148006,
    "duration": 1,
    "pid": 10748,
    "index": 17
  },
  {
    "name": "Require(15) node_modules/_egg@2.10.0@egg/config/config.default.js",
    "start": 1535453148006,
    "end": 1535453148007,
    "duration": 1,
    "pid": 10748,
    "index": 18
  },
  {
    "name": "Require(16) config/config.default.js",
    "start": 1535453148009,
    "end": 1535453148009,
    "duration": 0,
    "pid": 10748,
    "index": 19
  },
  {
    "name": "Require(17) node_modules/_egg-security@2.2.3@egg-security/config/config.local.js",
    "start": 1535453148010,
    "end": 1535453148010,
    "duration": 0,
    "pid": 10748,
    "index": 20
  },
  {
    "name": "Require(18) node_modules/_egg-watcher@3.0.0@egg-watcher/config/config.local.js",
    "start": 1535453148011,
    "end": 1535453148012,
    "duration": 1,
    "pid": 10748,
    "index": 21
  },
  {
    "name": "Require(19) node_modules/_egg-view@2.1.0@egg-view/config/config.local.js",
    "start": 1535453148014,
    "end": 1535453148015,
    "duration": 1,
    "pid": 10748,
    "index": 22
  },
  {
    "name": "Require(20) node_modules/_egg-view-ejs@2.0.0@egg-view-ejs/config/config.local.js",
    "start": 1535453148016,
    "end": 1535453148016,
    "duration": 0,
    "pid": 10748,
    "index": 23
  },
  {
    "name": "Require(21) node_modules/_egg@2.10.0@egg/config/config.local.js",
    "start": 1535453148018,
    "end": 1535453148019,
    "duration": 1,
    "pid": 10748,
    "index": 24
  },
  {
    "name": "Load extend/application.js",
    "start": 1535453148021,
    "end": 1535453148047,
    "duration": 26,
    "pid": 10748,
    "index": 25
  },
  {
    "name": "Require(22) node_modules/_egg-session@3.1.0@egg-session/app/extend/application.js",
    "start": 1535453148022,
    "end": 1535453148022,
    "duration": 0,
    "pid": 10748,
    "index": 26
  },
  {
    "name": "Require(23) node_modules/_egg-security@2.2.3@egg-security/app/extend/application.js",
    "start": 1535453148023,
    "end": 1535453148025,
    "duration": 2,
    "pid": 10748,
    "index": 27
  },
  {
    "name": "Require(24) node_modules/_egg-jsonp@2.0.0@egg-jsonp/app/extend/application.js",
    "start": 1535453148026,
    "end": 1535453148030,
    "duration": 4,
    "pid": 10748,
    "index": 28
  },
  {
    "name": "Require(25) node_modules/_egg-logrotator@3.0.3@egg-logrotator/app/extend/application.js",
    "start": 1535453148032,
    "end": 1535453148037,
    "duration": 5,
    "pid": 10748,
    "index": 29
  },
  {
    "name": "Require(26) node_modules/_egg-view@2.1.0@egg-view/app/extend/application.js",
    "start": 1535453148038,
    "end": 1535453148041,
    "duration": 3,
    "pid": 10748,
    "index": 30
  },
  {
    "name": "Load extend/request.js",
    "start": 1535453148047,
    "end": 1535453148061,
    "duration": 14,
    "pid": 10748,
    "index": 31
  },
  {
    "name": "Require(27) node_modules/_egg@2.10.0@egg/app/extend/request.js",
    "start": 1535453148053,
    "end": 1535453148056,
    "duration": 3,
    "pid": 10748,
    "index": 32
  },
  {
    "name": "Load extend/response.js",
    "start": 1535453148061,
    "end": 1535453148074,
    "duration": 13,
    "pid": 10748,
    "index": 33
  },
  {
    "name": "Require(28) node_modules/_egg@2.10.0@egg/app/extend/response.js",
    "start": 1535453148067,
    "end": 1535453148070,
    "duration": 3,
    "pid": 10748,
    "index": 34
  },
  {
    "name": "Load extend/context.js",
    "start": 1535453148074,
    "end": 1535453148178,
    "duration": 104,
    "pid": 10748,
    "index": 35
  },
  {
    "name": "Require(29) node_modules/_egg-security@2.2.3@egg-security/app/extend/context.js",
    "start": 1535453148075,
    "end": 1535453148096,
    "duration": 21,
    "pid": 10748,
    "index": 36
  },
  {
    "name": "Require(30) node_modules/_egg-jsonp@2.0.0@egg-jsonp/app/extend/context.js",
    "start": 1535453148097,
    "end": 1535453148099,
    "duration": 2,
    "pid": 10748,
    "index": 37
  },
  {
    "name": "Require(31) node_modules/_egg-i18n@2.0.0@egg-i18n/app/extend/context.js",
    "start": 1535453148100,
    "end": 1535453148101,
    "duration": 1,
    "pid": 10748,
    "index": 38
  },
  {
    "name": "Require(32) node_modules/_egg-multipart@2.1.0@egg-multipart/app/extend/context.js",
    "start": 1535453148101,
    "end": 1535453148167,
    "duration": 66,
    "pid": 10748,
    "index": 39
  },
  {
    "name": "Require(33) node_modules/_egg-view@2.1.0@egg-view/app/extend/context.js",
    "start": 1535453148168,
    "end": 1535453148170,
    "duration": 2,
    "pid": 10748,
    "index": 40
  },
  {
    "name": "Require(34) node_modules/_egg@2.10.0@egg/app/extend/context.js",
    "start": 1535453148171,
    "end": 1535453148174,
    "duration": 3,
    "pid": 10748,
    "index": 41
  },
  {
    "name": "Load extend/helper.js",
    "start": 1535453148178,
    "end": 1535453148213,
    "duration": 35,
    "pid": 10748,
    "index": 42
  },
  {
    "name": "Require(35) node_modules/_egg-security@2.2.3@egg-security/app/extend/helper.js",
    "start": 1535453148179,
    "end": 1535453148204,
    "duration": 25,
    "pid": 10748,
    "index": 43
  },
  {
    "name": "Require(36) node_modules/_egg@2.10.0@egg/app/extend/helper.js",
    "start": 1535453148208,
    "end": 1535453148209,
    "duration": 1,
    "pid": 10748,
    "index": 44
  },
  {
    "name": "Load app.js",
    "start": 1535453148213,
    "end": 1535453148495,
    "duration": 282,
    "pid": 10748,
    "index": 45
  },
  {
    "name": "Require(37) node_modules/_egg-session@3.1.0@egg-session/app.js",
    "start": 1535453148214,
    "end": 1535453148215,
    "duration": 1,
    "pid": 10748,
    "index": 46
  },
  {
    "name": "Require(38) node_modules/_egg-security@2.2.3@egg-security/app.js",
    "start": 1535453148216,
    "end": 1535453148220,
    "duration": 4,
    "pid": 10748,
    "index": 47
  },
  {
    "name": "Require(39) node_modules/_egg-onerror@2.1.0@egg-onerror/app.js",
    "start": 1535453148222,
    "end": 1535453148238,
    "duration": 16,
    "pid": 10748,
    "index": 48
  },
  {
    "name": "Require(40) node_modules/_egg-i18n@2.0.0@egg-i18n/app.js",
    "start": 1535453148240,
    "end": 1535453148257,
    "duration": 17,
    "pid": 10748,
    "index": 49
  },
  {
    "name": "Require(41) node_modules/_egg-watcher@3.0.0@egg-watcher/app.js",
    "start": 1535453148261,
    "end": 1535453148267,
    "duration": 6,
    "pid": 10748,
    "index": 50
  },
  {
    "name": "Before Start in node_modules/_egg-watcher@3.0.0@egg-watcher/app.js:15:7",
    "start": 1535453148281,
    "end": 1535453148681,
    "duration": 400,
    "pid": 10748,
    "index": 51
  },
  {
    "name": "Require(42) node_modules/_egg-multipart@2.1.0@egg-multipart/app.js",
    "start": 1535453148283,
    "end": 1535453148288,
    "duration": 5,
    "pid": 10748,
    "index": 52
  },
  {
    "name": "Require(43) node_modules/_egg-development@2.4.1@egg-development/app.js",
    "start": 1535453148289,
    "end": 1535453148290,
    "duration": 1,
    "pid": 10748,
    "index": 53
  },
  {
    "name": "Require(44) node_modules/_egg-schedule@3.3.0@egg-schedule/app.js",
    "start": 1535453148290,
    "end": 1535453148294,
    "duration": 4,
    "pid": 10748,
    "index": 54
  },
  {
    "name": "Require(45) node_modules/_egg-logrotator@3.0.3@egg-logrotator/app.js",
    "start": 1535453148344,
    "end": 1535453148345,
    "duration": 1,
    "pid": 10748,
    "index": 55
  },
  {
    "name": "Require(46) node_modules/_egg-static@2.1.1@egg-static/app.js",
    "start": 1535453148345,
    "end": 1535453148346,
    "duration": 1,
    "pid": 10748,
    "index": 56
  },
  {
    "name": "Require(47) node_modules/_egg-view-ejs@2.0.0@egg-view-ejs/app.js",
    "start": 1535453148347,
    "end": 1535453148348,
    "duration": 1,
    "pid": 10748,
    "index": 57
  },
  {
    "name": "Require(48) node_modules/_egg-mysql@3.0.0@egg-mysql/app.js",
    "start": 1535453148356,
    "end": 1535453148387,
    "duration": 31,
    "pid": 10748,
    "index": 58
  },
  {
    "name": "Before Start in node_modules/_egg-mysql@3.0.0@egg-mysql/lib/mysql.js:20:7",
    "start": 1535453148493,
    "end": 1535453148684,
    "duration": 191,
    "pid": 10748,
    "index": 59
  },
  {
    "name": "Load Service",
    "start": 1535453148495,
    "end": 1535453148505,
    "duration": 10,
    "pid": 10748,
    "index": 60
  },
  {
    "name": "Load \"service\" to Context",
    "start": 1535453148495,
    "end": 1535453148505,
    "duration": 10,
    "pid": 10748,
    "index": 61
  },
  {
    "name": "Load Middleware",
    "start": 1535453148505,
    "end": 1535453148634,
    "duration": 129,
    "pid": 10748,
    "index": 62
  },
  {
    "name": "Load \"middlewares\" to Application",
    "start": 1535453148506,
    "end": 1535453148617,
    "duration": 111,
    "pid": 10748,
    "index": 63
  },
  {
    "name": "Load Controller",
    "start": 1535453148634,
    "end": 1535453148638,
    "duration": 4,
    "pid": 10748,
    "index": 64
  },
  {
    "name": "Load \"controller\" to Application",
    "start": 1535453148634,
    "end": 1535453148638,
    "duration": 4,
    "pid": 10748,
    "index": 65
  },
  {
    "name": "Load Router",
    "start": 1535453148638,
    "end": 1535453148642,
    "duration": 4,
    "pid": 10748,
    "index": 66
  },
  {
    "name": "Require(49) app/router.js",
    "start": 1535453148639,
    "end": 1535453148639,
    "duration": 0,
    "pid": 10748,
    "index": 67
  },
  {
    "name": "Before Start in node_modules/_egg-core@4.9.1@egg-core/lib/egg.js:328:10",
    "start": 1535453148640,
    "end": 1535453148663,
    "duration": 23,
    "pid": 10748,
    "index": 68
  }
]