[
  {
    "name": "Application Start",
    "start": 1535453946547,
    "end": 1535453947371,
    "duration": 824,
    "pid": 6812,
    "index": 0
  },
  {
    "name": "Load Plugin",
    "start": 1535453946553,
    "end": 1535453946594,
    "duration": 41,
    "pid": 6812,
    "index": 1
  },
  {
    "name": "Load Config",
    "start": 1535453946594,
    "end": 1535453946629,
    "duration": 35,
    "pid": 6812,
    "index": 2
  },
  {
    "name": "Require(0) config/config.default.js",
    "start": 1535453946595,
    "end": 1535453946596,
    "duration": 1,
    "pid": 6812,
    "index": 3
  },
  {
    "name": "Require(1) node_modules/_egg-session@3.1.0@egg-session/config/config.default.js",
    "start": 1535453946598,
    "end": 1535453946599,
    "duration": 1,
    "pid": 6812,
    "index": 4
  },
  {
    "name": "Require(2) node_modules/_egg-security@2.2.3@egg-security/config/config.default.js",
    "start": 1535453946600,
    "end": 1535453946600,
    "duration": 0,
    "pid": 6812,
    "index": 5
  },
  {
    "name": "Require(3) node_modules/_egg-jsonp@2.0.0@egg-jsonp/config/config.default.js",
    "start": 1535453946601,
    "end": 1535453946602,
    "duration": 1,
    "pid": 6812,
    "index": 6
  },
  {
    "name": "Require(4) node_modules/_egg-onerror@2.1.0@egg-onerror/config/config.default.js",
    "start": 1535453946602,
    "end": 1535453946603,
    "duration": 1,
    "pid": 6812,
    "index": 7
  },
  {
    "name": "Require(5) node_modules/_egg-i18n@2.0.0@egg-i18n/config/config.default.js",
    "start": 1535453946604,
    "end": 1535453946605,
    "duration": 1,
    "pid": 6812,
    "index": 8
  },
  {
    "name": "Require(6) node_modules/_egg-watcher@3.0.0@egg-watcher/config/config.default.js",
    "start": 1535453946606,
    "end": 1535453946606,
    "duration": 0,
    "pid": 6812,
    "index": 9
  },
  {
    "name": "Require(7) node_modules/_egg-multipart@2.1.0@egg-multipart/config/config.default.js",
    "start": 1535453946607,
    "end": 1535453946607,
    "duration": 0,
    "pid": 6812,
    "index": 10
  },
  {
    "name": "Require(8) node_modules/_egg-development@2.4.1@egg-development/config/config.default.js",
    "start": 1535453946608,
    "end": 1535453946608,
    "duration": 0,
    "pid": 6812,
    "index": 11
  },
  {
    "name": "Require(9) node_modules/_egg-schedule@3.3.0@egg-schedule/config/config.default.js",
    "start": 1535453946609,
    "end": 1535453946609,
    "duration": 0,
    "pid": 6812,
    "index": 12
  },
  {
    "name": "Require(10) node_modules/_egg-logrotator@3.0.3@egg-logrotator/config/config.default.js",
    "start": 1535453946610,
    "end": 1535453946611,
    "duration": 1,
    "pid": 6812,
    "index": 13
  },
  {
    "name": "Require(11) node_modules/_egg-static@2.1.1@egg-static/config/config.default.js",
    "start": 1535453946611,
    "end": 1535453946612,
    "duration": 1,
    "pid": 6812,
    "index": 14
  },
  {
    "name": "Require(12) node_modules/_egg-view@2.1.0@egg-view/config/config.default.js",
    "start": 1535453946612,
    "end": 1535453946613,
    "duration": 1,
    "pid": 6812,
    "index": 15
  },
  {
    "name": "Require(13) node_modules/_egg-view-ejs@2.0.0@egg-view-ejs/config/config.default.js",
    "start": 1535453946614,
    "end": 1535453946614,
    "duration": 0,
    "pid": 6812,
    "index": 16
  },
  {
    "name": "Require(14) node_modules/_egg-mysql@3.0.0@egg-mysql/config/config.default.js",
    "start": 1535453946615,
    "end": 1535453946615,
    "duration": 0,
    "pid": 6812,
    "index": 17
  },
  {
    "name": "Require(15) node_modules/_egg@2.10.0@egg/config/config.default.js",
    "start": 1535453946616,
    "end": 1535453946617,
    "duration": 1,
    "pid": 6812,
    "index": 18
  },
  {
    "name": "Require(16) config/config.default.js",
    "start": 1535453946619,
    "end": 1535453946619,
    "duration": 0,
    "pid": 6812,
    "index": 19
  },
  {
    "name": "Require(17) node_modules/_egg-security@2.2.3@egg-security/config/config.local.js",
    "start": 1535453946619,
    "end": 1535453946620,
    "duration": 1,
    "pid": 6812,
    "index": 20
  },
  {
    "name": "Require(18) node_modules/_egg-watcher@3.0.0@egg-watcher/config/config.local.js",
    "start": 1535453946621,
    "end": 1535453946622,
    "duration": 1,
    "pid": 6812,
    "index": 21
  },
  {
    "name": "Require(19) node_modules/_egg-view@2.1.0@egg-view/config/config.local.js",
    "start": 1535453946626,
    "end": 1535453946626,
    "duration": 0,
    "pid": 6812,
    "index": 22
  },
  {
    "name": "Require(20) node_modules/_egg-view-ejs@2.0.0@egg-view-ejs/config/config.local.js",
    "start": 1535453946627,
    "end": 1535453946628,
    "duration": 1,
    "pid": 6812,
    "index": 23
  },
  {
    "name": "Require(21) node_modules/_egg@2.10.0@egg/config/config.local.js",
    "start": 1535453946629,
    "end": 1535453946629,
    "duration": 0,
    "pid": 6812,
    "index": 24
  },
  {
    "name": "Load extend/application.js",
    "start": 1535453946631,
    "end": 1535453946678,
    "duration": 47,
    "pid": 6812,
    "index": 25
  },
  {
    "name": "Require(22) node_modules/_egg-session@3.1.0@egg-session/app/extend/application.js",
    "start": 1535453946632,
    "end": 1535453946633,
    "duration": 1,
    "pid": 6812,
    "index": 26
  },
  {
    "name": "Require(23) node_modules/_egg-security@2.2.3@egg-security/app/extend/application.js",
    "start": 1535453946634,
    "end": 1535453946636,
    "duration": 2,
    "pid": 6812,
    "index": 27
  },
  {
    "name": "Require(24) node_modules/_egg-jsonp@2.0.0@egg-jsonp/app/extend/application.js",
    "start": 1535453946637,
    "end": 1535453946642,
    "duration": 5,
    "pid": 6812,
    "index": 28
  },
  {
    "name": "Require(25) node_modules/_egg-logrotator@3.0.3@egg-logrotator/app/extend/application.js",
    "start": 1535453946649,
    "end": 1535453946661,
    "duration": 12,
    "pid": 6812,
    "index": 29
  },
  {
    "name": "Require(26) node_modules/_egg-view@2.1.0@egg-view/app/extend/application.js",
    "start": 1535453946663,
    "end": 1535453946669,
    "duration": 6,
    "pid": 6812,
    "index": 30
  },
  {
    "name": "Load extend/request.js",
    "start": 1535453946678,
    "end": 1535453946692,
    "duration": 14,
    "pid": 6812,
    "index": 31
  },
  {
    "name": "Require(27) node_modules/_egg@2.10.0@egg/app/extend/request.js",
    "start": 1535453946682,
    "end": 1535453946687,
    "duration": 5,
    "pid": 6812,
    "index": 32
  },
  {
    "name": "Load extend/response.js",
    "start": 1535453946692,
    "end": 1535453946708,
    "duration": 16,
    "pid": 6812,
    "index": 33
  },
  {
    "name": "Require(28) node_modules/_egg@2.10.0@egg/app/extend/response.js",
    "start": 1535453946697,
    "end": 1535453946701,
    "duration": 4,
    "pid": 6812,
    "index": 34
  },
  {
    "name": "Load extend/context.js",
    "start": 1535453946708,
    "end": 1535453946810,
    "duration": 102,
    "pid": 6812,
    "index": 35
  },
  {
    "name": "Require(29) node_modules/_egg-security@2.2.3@egg-security/app/extend/context.js",
    "start": 1535453946709,
    "end": 1535453946731,
    "duration": 22,
    "pid": 6812,
    "index": 36
  },
  {
    "name": "Require(30) node_modules/_egg-jsonp@2.0.0@egg-jsonp/app/extend/context.js",
    "start": 1535453946732,
    "end": 1535453946734,
    "duration": 2,
    "pid": 6812,
    "index": 37
  },
  {
    "name": "Require(31) node_modules/_egg-i18n@2.0.0@egg-i18n/app/extend/context.js",
    "start": 1535453946736,
    "end": 1535453946736,
    "duration": 0,
    "pid": 6812,
    "index": 38
  },
  {
    "name": "Require(32) node_modules/_egg-multipart@2.1.0@egg-multipart/app/extend/context.js",
    "start": 1535453946737,
    "end": 1535453946798,
    "duration": 61,
    "pid": 6812,
    "index": 39
  },
  {
    "name": "Require(33) node_modules/_egg-view@2.1.0@egg-view/app/extend/context.js",
    "start": 1535453946800,
    "end": 1535453946802,
    "duration": 2,
    "pid": 6812,
    "index": 40
  },
  {
    "name": "Require(34) node_modules/_egg@2.10.0@egg/app/extend/context.js",
    "start": 1535453946803,
    "end": 1535453946806,
    "duration": 3,
    "pid": 6812,
    "index": 41
  },
  {
    "name": "Load extend/helper.js",
    "start": 1535453946811,
    "end": 1535453946849,
    "duration": 38,
    "pid": 6812,
    "index": 42
  },
  {
    "name": "Require(35) node_modules/_egg-security@2.2.3@egg-security/app/extend/helper.js",
    "start": 1535453946812,
    "end": 1535453946838,
    "duration": 26,
    "pid": 6812,
    "index": 43
  },
  {
    "name": "Require(36) node_modules/_egg@2.10.0@egg/app/extend/helper.js",
    "start": 1535453946843,
    "end": 1535453946843,
    "duration": 0,
    "pid": 6812,
    "index": 44
  },
  {
    "name": "Load app.js",
    "start": 1535453946849,
    "end": 1535453947116,
    "duration": 267,
    "pid": 6812,
    "index": 45
  },
  {
    "name": "Require(37) node_modules/_egg-session@3.1.0@egg-session/app.js",
    "start": 1535453946850,
    "end": 1535453946850,
    "duration": 0,
    "pid": 6812,
    "index": 46
  },
  {
    "name": "Require(38) node_modules/_egg-security@2.2.3@egg-security/app.js",
    "start": 1535453946851,
    "end": 1535453946854,
    "duration": 3,
    "pid": 6812,
    "index": 47
  },
  {
    "name": "Require(39) node_modules/_egg-onerror@2.1.0@egg-onerror/app.js",
    "start": 1535453946856,
    "end": 1535453946878,
    "duration": 22,
    "pid": 6812,
    "index": 48
  },
  {
    "name": "Require(40) node_modules/_egg-i18n@2.0.0@egg-i18n/app.js",
    "start": 1535453946880,
    "end": 1535453946893,
    "duration": 13,
    "pid": 6812,
    "index": 49
  },
  {
    "name": "Require(41) node_modules/_egg-watcher@3.0.0@egg-watcher/app.js",
    "start": 1535453946898,
    "end": 1535453946903,
    "duration": 5,
    "pid": 6812,
    "index": 50
  },
  {
    "name": "Before Start in node_modules/_egg-watcher@3.0.0@egg-watcher/app.js:15:7",
    "start": 1535453946917,
    "end": 1535453947367,
    "duration": 450,
    "pid": 6812,
    "index": 51
  },
  {
    "name": "Require(42) node_modules/_egg-multipart@2.1.0@egg-multipart/app.js",
    "start": 1535453946919,
    "end": 1535453946924,
    "duration": 5,
    "pid": 6812,
    "index": 52
  },
  {
    "name": "Require(43) node_modules/_egg-development@2.4.1@egg-development/app.js",
    "start": 1535453946925,
    "end": 1535453946925,
    "duration": 0,
    "pid": 6812,
    "index": 53
  },
  {
    "name": "Require(44) node_modules/_egg-schedule@3.3.0@egg-schedule/app.js",
    "start": 1535453946926,
    "end": 1535453946929,
    "duration": 3,
    "pid": 6812,
    "index": 54
  },
  {
    "name": "Require(45) node_modules/_egg-logrotator@3.0.3@egg-logrotator/app.js",
    "start": 1535453946976,
    "end": 1535453946976,
    "duration": 0,
    "pid": 6812,
    "index": 55
  },
  {
    "name": "Require(46) node_modules/_egg-static@2.1.1@egg-static/app.js",
    "start": 1535453946977,
    "end": 1535453946977,
    "duration": 0,
    "pid": 6812,
    "index": 56
  },
  {
    "name": "Require(47) node_modules/_egg-view-ejs@2.0.0@egg-view-ejs/app.js",
    "start": 1535453946979,
    "end": 1535453946979,
    "duration": 0,
    "pid": 6812,
    "index": 57
  },
  {
    "name": "Require(48) node_modules/_egg-mysql@3.0.0@egg-mysql/app.js",
    "start": 1535453946986,
    "end": 1535453947014,
    "duration": 28,
    "pid": 6812,
    "index": 58
  },
  {
    "name": "Before Start in node_modules/_egg-mysql@3.0.0@egg-mysql/lib/mysql.js:20:7",
    "start": 1535453947115,
    "end": 1535453947370,
    "duration": 255,
    "pid": 6812,
    "index": 59
  },
  {
    "name": "Load Service",
    "start": 1535453947117,
    "end": 1535453947127,
    "duration": 10,
    "pid": 6812,
    "index": 60
  },
  {
    "name": "Load \"service\" to Context",
    "start": 1535453947117,
    "end": 1535453947127,
    "duration": 10,
    "pid": 6812,
    "index": 61
  },
  {
    "name": "Load Middleware",
    "start": 1535453947127,
    "end": 1535453947302,
    "duration": 175,
    "pid": 6812,
    "index": 62
  },
  {
    "name": "Load \"middlewares\" to Application",
    "start": 1535453947128,
    "end": 1535453947279,
    "duration": 151,
    "pid": 6812,
    "index": 63
  },
  {
    "name": "Load Controller",
    "start": 1535453947302,
    "end": 1535453947310,
    "duration": 8,
    "pid": 6812,
    "index": 64
  },
  {
    "name": "Load \"controller\" to Application",
    "start": 1535453947303,
    "end": 1535453947310,
    "duration": 7,
    "pid": 6812,
    "index": 65
  },
  {
    "name": "Load Router",
    "start": 1535453947310,
    "end": 1535453947322,
    "duration": 12,
    "pid": 6812,
    "index": 66
  },
  {
    "name": "Require(49) app/router.js",
    "start": 1535453947311,
    "end": 1535453947312,
    "duration": 1,
    "pid": 6812,
    "index": 67
  },
  {
    "name": "Before Start in node_modules/_egg-core@4.9.1@egg-core/lib/egg.js:328:10",
    "start": 1535453947314,
    "end": 1535453947350,
    "duration": 36,
    "pid": 6812,
    "index": 68
  }
]