[
  {
    "name": "Application Start",
    "start": 1535453779499,
    "end": 1535453780288,
    "duration": 789,
    "pid": 696,
    "index": 0
  },
  {
    "name": "Load Plugin",
    "start": 1535453779512,
    "end": 1535453779566,
    "duration": 54,
    "pid": 696,
    "index": 1
  },
  {
    "name": "Load Config",
    "start": 1535453779566,
    "end": 1535453779613,
    "duration": 47,
    "pid": 696,
    "index": 2
  },
  {
    "name": "Require(0) config/config.default.js",
    "start": 1535453779567,
    "end": 1535453779568,
    "duration": 1,
    "pid": 696,
    "index": 3
  },
  {
    "name": "Require(1) node_modules/_egg-session@3.1.0@egg-session/config/config.default.js",
    "start": 1535453779571,
    "end": 1535453779572,
    "duration": 1,
    "pid": 696,
    "index": 4
  },
  {
    "name": "Require(2) node_modules/_egg-security@2.2.3@egg-security/config/config.default.js",
    "start": 1535453779573,
    "end": 1535453779574,
    "duration": 1,
    "pid": 696,
    "index": 5
  },
  {
    "name": "Require(3) node_modules/_egg-jsonp@2.0.0@egg-jsonp/config/config.default.js",
    "start": 1535453779575,
    "end": 1535453779576,
    "duration": 1,
    "pid": 696,
    "index": 6
  },
  {
    "name": "Require(4) node_modules/_egg-onerror@2.1.0@egg-onerror/config/config.default.js",
    "start": 1535453779576,
    "end": 1535453779577,
    "duration": 1,
    "pid": 696,
    "index": 7
  },
  {
    "name": "Require(5) node_modules/_egg-i18n@2.0.0@egg-i18n/config/config.default.js",
    "start": 1535453779578,
    "end": 1535453779578,
    "duration": 0,
    "pid": 696,
    "index": 8
  },
  {
    "name": "Require(6) node_modules/_egg-watcher@3.0.0@egg-watcher/config/config.default.js",
    "start": 1535453779579,
    "end": 1535453779579,
    "duration": 0,
    "pid": 696,
    "index": 9
  },
  {
    "name": "Require(7) node_modules/_egg-multipart@2.1.0@egg-multipart/config/config.default.js",
    "start": 1535453779580,
    "end": 1535453779584,
    "duration": 4,
    "pid": 696,
    "index": 10
  },
  {
    "name": "Require(8) node_modules/_egg-development@2.4.1@egg-development/config/config.default.js",
    "start": 1535453779585,
    "end": 1535453779586,
    "duration": 1,
    "pid": 696,
    "index": 11
  },
  {
    "name": "Require(9) node_modules/_egg-schedule@3.3.0@egg-schedule/config/config.default.js",
    "start": 1535453779587,
    "end": 1535453779587,
    "duration": 0,
    "pid": 696,
    "index": 12
  },
  {
    "name": "Require(10) node_modules/_egg-logrotator@3.0.3@egg-logrotator/config/config.default.js",
    "start": 1535453779589,
    "end": 1535453779589,
    "duration": 0,
    "pid": 696,
    "index": 13
  },
  {
    "name": "Require(11) node_modules/_egg-static@2.1.1@egg-static/config/config.default.js",
    "start": 1535453779590,
    "end": 1535453779591,
    "duration": 1,
    "pid": 696,
    "index": 14
  },
  {
    "name": "Require(12) node_modules/_egg-view@2.1.0@egg-view/config/config.default.js",
    "start": 1535453779592,
    "end": 1535453779593,
    "duration": 1,
    "pid": 696,
    "index": 15
  },
  {
    "name": "Require(13) node_modules/_egg-view-ejs@2.0.0@egg-view-ejs/config/config.default.js",
    "start": 1535453779594,
    "end": 1535453779594,
    "duration": 0,
    "pid": 696,
    "index": 16
  },
  {
    "name": "Require(14) node_modules/_egg-mysql@3.0.0@egg-mysql/config/config.default.js",
    "start": 1535453779596,
    "end": 1535453779596,
    "duration": 0,
    "pid": 696,
    "index": 17
  },
  {
    "name": "Require(15) node_modules/_egg@2.10.0@egg/config/config.default.js",
    "start": 1535453779597,
    "end": 1535453779598,
    "duration": 1,
    "pid": 696,
    "index": 18
  },
  {
    "name": "Require(16) config/config.default.js",
    "start": 1535453779601,
    "end": 1535453779601,
    "duration": 0,
    "pid": 696,
    "index": 19
  },
  {
    "name": "Require(17) node_modules/_egg-security@2.2.3@egg-security/config/config.local.js",
    "start": 1535453779603,
    "end": 1535453779603,
    "duration": 0,
    "pid": 696,
    "index": 20
  },
  {
    "name": "Require(18) node_modules/_egg-watcher@3.0.0@egg-watcher/config/config.local.js",
    "start": 1535453779605,
    "end": 1535453779606,
    "duration": 1,
    "pid": 696,
    "index": 21
  },
  {
    "name": "Require(19) node_modules/_egg-view@2.1.0@egg-view/config/config.local.js",
    "start": 1535453779609,
    "end": 1535453779610,
    "duration": 1,
    "pid": 696,
    "index": 22
  },
  {
    "name": "Require(20) node_modules/_egg-view-ejs@2.0.0@egg-view-ejs/config/config.local.js",
    "start": 1535453779611,
    "end": 1535453779611,
    "duration": 0,
    "pid": 696,
    "index": 23
  },
  {
    "name": "Require(21) node_modules/_egg@2.10.0@egg/config/config.local.js",
    "start": 1535453779612,
    "end": 1535453779613,
    "duration": 1,
    "pid": 696,
    "index": 24
  },
  {
    "name": "Load extend/application.js",
    "start": 1535453779615,
    "end": 1535453779644,
    "duration": 29,
    "pid": 696,
    "index": 25
  },
  {
    "name": "Require(22) node_modules/_egg-session@3.1.0@egg-session/app/extend/application.js",
    "start": 1535453779616,
    "end": 1535453779617,
    "duration": 1,
    "pid": 696,
    "index": 26
  },
  {
    "name": "Require(23) node_modules/_egg-security@2.2.3@egg-security/app/extend/application.js",
    "start": 1535453779618,
    "end": 1535453779620,
    "duration": 2,
    "pid": 696,
    "index": 27
  },
  {
    "name": "Require(24) node_modules/_egg-jsonp@2.0.0@egg-jsonp/app/extend/application.js",
    "start": 1535453779621,
    "end": 1535453779624,
    "duration": 3,
    "pid": 696,
    "index": 28
  },
  {
    "name": "Require(25) node_modules/_egg-logrotator@3.0.3@egg-logrotator/app/extend/application.js",
    "start": 1535453779627,
    "end": 1535453779632,
    "duration": 5,
    "pid": 696,
    "index": 29
  },
  {
    "name": "Require(26) node_modules/_egg-view@2.1.0@egg-view/app/extend/application.js",
    "start": 1535453779633,
    "end": 1535453779638,
    "duration": 5,
    "pid": 696,
    "index": 30
  },
  {
    "name": "Load extend/request.js",
    "start": 1535453779645,
    "end": 1535453779660,
    "duration": 15,
    "pid": 696,
    "index": 31
  },
  {
    "name": "Require(27) node_modules/_egg@2.10.0@egg/app/extend/request.js",
    "start": 1535453779651,
    "end": 1535453779656,
    "duration": 5,
    "pid": 696,
    "index": 32
  },
  {
    "name": "Load extend/response.js",
    "start": 1535453779660,
    "end": 1535453779681,
    "duration": 21,
    "pid": 696,
    "index": 33
  },
  {
    "name": "Require(28) node_modules/_egg@2.10.0@egg/app/extend/response.js",
    "start": 1535453779672,
    "end": 1535453779677,
    "duration": 5,
    "pid": 696,
    "index": 34
  },
  {
    "name": "Load extend/context.js",
    "start": 1535453779682,
    "end": 1535453779783,
    "duration": 101,
    "pid": 696,
    "index": 35
  },
  {
    "name": "Require(29) node_modules/_egg-security@2.2.3@egg-security/app/extend/context.js",
    "start": 1535453779682,
    "end": 1535453779703,
    "duration": 21,
    "pid": 696,
    "index": 36
  },
  {
    "name": "Require(30) node_modules/_egg-jsonp@2.0.0@egg-jsonp/app/extend/context.js",
    "start": 1535453779703,
    "end": 1535453779706,
    "duration": 3,
    "pid": 696,
    "index": 37
  },
  {
    "name": "Require(31) node_modules/_egg-i18n@2.0.0@egg-i18n/app/extend/context.js",
    "start": 1535453779707,
    "end": 1535453779707,
    "duration": 0,
    "pid": 696,
    "index": 38
  },
  {
    "name": "Require(32) node_modules/_egg-multipart@2.1.0@egg-multipart/app/extend/context.js",
    "start": 1535453779708,
    "end": 1535453779769,
    "duration": 61,
    "pid": 696,
    "index": 39
  },
  {
    "name": "Require(33) node_modules/_egg-view@2.1.0@egg-view/app/extend/context.js",
    "start": 1535453779771,
    "end": 1535453779773,
    "duration": 2,
    "pid": 696,
    "index": 40
  },
  {
    "name": "Require(34) node_modules/_egg@2.10.0@egg/app/extend/context.js",
    "start": 1535453779775,
    "end": 1535453779778,
    "duration": 3,
    "pid": 696,
    "index": 41
  },
  {
    "name": "Load extend/helper.js",
    "start": 1535453779783,
    "end": 1535453779817,
    "duration": 34,
    "pid": 696,
    "index": 42
  },
  {
    "name": "Require(35) node_modules/_egg-security@2.2.3@egg-security/app/extend/helper.js",
    "start": 1535453779784,
    "end": 1535453779809,
    "duration": 25,
    "pid": 696,
    "index": 43
  },
  {
    "name": "Require(36) node_modules/_egg@2.10.0@egg/app/extend/helper.js",
    "start": 1535453779812,
    "end": 1535453779813,
    "duration": 1,
    "pid": 696,
    "index": 44
  },
  {
    "name": "Load app.js",
    "start": 1535453779817,
    "end": 1535453780090,
    "duration": 273,
    "pid": 696,
    "index": 45
  },
  {
    "name": "Require(37) node_modules/_egg-session@3.1.0@egg-session/app.js",
    "start": 1535453779818,
    "end": 1535453779818,
    "duration": 0,
    "pid": 696,
    "index": 46
  },
  {
    "name": "Require(38) node_modules/_egg-security@2.2.3@egg-security/app.js",
    "start": 1535453779819,
    "end": 1535453779822,
    "duration": 3,
    "pid": 696,
    "index": 47
  },
  {
    "name": "Require(39) node_modules/_egg-onerror@2.1.0@egg-onerror/app.js",
    "start": 1535453779825,
    "end": 1535453779841,
    "duration": 16,
    "pid": 696,
    "index": 48
  },
  {
    "name": "Require(40) node_modules/_egg-i18n@2.0.0@egg-i18n/app.js",
    "start": 1535453779843,
    "end": 1535453779857,
    "duration": 14,
    "pid": 696,
    "index": 49
  },
  {
    "name": "Require(41) node_modules/_egg-watcher@3.0.0@egg-watcher/app.js",
    "start": 1535453779862,
    "end": 1535453779869,
    "duration": 7,
    "pid": 696,
    "index": 50
  },
  {
    "name": "Before Start in node_modules/_egg-watcher@3.0.0@egg-watcher/app.js:15:7",
    "start": 1535453779882,
    "end": 1535453780285,
    "duration": 403,
    "pid": 696,
    "index": 51
  },
  {
    "name": "Require(42) node_modules/_egg-multipart@2.1.0@egg-multipart/app.js",
    "start": 1535453779883,
    "end": 1535453779892,
    "duration": 9,
    "pid": 696,
    "index": 52
  },
  {
    "name": "Require(43) node_modules/_egg-development@2.4.1@egg-development/app.js",
    "start": 1535453779893,
    "end": 1535453779893,
    "duration": 0,
    "pid": 696,
    "index": 53
  },
  {
    "name": "Require(44) node_modules/_egg-schedule@3.3.0@egg-schedule/app.js",
    "start": 1535453779894,
    "end": 1535453779897,
    "duration": 3,
    "pid": 696,
    "index": 54
  },
  {
    "name": "Require(45) node_modules/_egg-logrotator@3.0.3@egg-logrotator/app.js",
    "start": 1535453779954,
    "end": 1535453779955,
    "duration": 1,
    "pid": 696,
    "index": 55
  },
  {
    "name": "Require(46) node_modules/_egg-static@2.1.1@egg-static/app.js",
    "start": 1535453779955,
    "end": 1535453779956,
    "duration": 1,
    "pid": 696,
    "index": 56
  },
  {
    "name": "Require(47) node_modules/_egg-view-ejs@2.0.0@egg-view-ejs/app.js",
    "start": 1535453779957,
    "end": 1535453779957,
    "duration": 0,
    "pid": 696,
    "index": 57
  },
  {
    "name": "Require(48) node_modules/_egg-mysql@3.0.0@egg-mysql/app.js",
    "start": 1535453779964,
    "end": 1535453779989,
    "duration": 25,
    "pid": 696,
    "index": 58
  },
  {
    "name": "Before Start in node_modules/_egg-mysql@3.0.0@egg-mysql/lib/mysql.js:20:7",
    "start": 1535453780088,
    "end": 1535453780288,
    "duration": 200,
    "pid": 696,
    "index": 59
  },
  {
    "name": "Load Service",
    "start": 1535453780090,
    "end": 1535453780098,
    "duration": 8,
    "pid": 696,
    "index": 60
  },
  {
    "name": "Load \"service\" to Context",
    "start": 1535453780090,
    "end": 1535453780098,
    "duration": 8,
    "pid": 696,
    "index": 61
  },
  {
    "name": "Load Middleware",
    "start": 1535453780098,
    "end": 1535453780239,
    "duration": 141,
    "pid": 696,
    "index": 62
  },
  {
    "name": "Load \"middlewares\" to Application",
    "start": 1535453780098,
    "end": 1535453780221,
    "duration": 123,
    "pid": 696,
    "index": 63
  },
  {
    "name": "Load Controller",
    "start": 1535453780239,
    "end": 1535453780242,
    "duration": 3,
    "pid": 696,
    "index": 64
  },
  {
    "name": "Load \"controller\" to Application",
    "start": 1535453780239,
    "end": 1535453780242,
    "duration": 3,
    "pid": 696,
    "index": 65
  },
  {
    "name": "Load Router",
    "start": 1535453780242,
    "end": 1535453780246,
    "duration": 4,
    "pid": 696,
    "index": 66
  },
  {
    "name": "Require(49) app/router.js",
    "start": 1535453780243,
    "end": 1535453780243,
    "duration": 0,
    "pid": 696,
    "index": 67
  },
  {
    "name": "Before Start in node_modules/_egg-core@4.9.1@egg-core/lib/egg.js:328:10",
    "start": 1535453780244,
    "end": 1535453780266,
    "duration": 22,
    "pid": 696,
    "index": 68
  }
]