[
  {
    "name": "Application Start",
    "start": 1535453045248,
    "end": 1535453046048,
    "duration": 800,
    "pid": 10488,
    "index": 0
  },
  {
    "name": "Load Plugin",
    "start": 1535453045257,
    "end": 1535453045287,
    "duration": 30,
    "pid": 10488,
    "index": 1
  },
  {
    "name": "Load Config",
    "start": 1535453045287,
    "end": 1535453045317,
    "duration": 30,
    "pid": 10488,
    "index": 2
  },
  {
    "name": "Require(0) config/config.default.js",
    "start": 1535453045288,
    "end": 1535453045289,
    "duration": 1,
    "pid": 10488,
    "index": 3
  },
  {
    "name": "Require(1) node_modules/_egg-session@3.1.0@egg-session/config/config.default.js",
    "start": 1535453045291,
    "end": 1535453045291,
    "duration": 0,
    "pid": 10488,
    "index": 4
  },
  {
    "name": "Require(2) node_modules/_egg-security@2.2.3@egg-security/config/config.default.js",
    "start": 1535453045292,
    "end": 1535453045292,
    "duration": 0,
    "pid": 10488,
    "index": 5
  },
  {
    "name": "Require(3) node_modules/_egg-jsonp@2.0.0@egg-jsonp/config/config.default.js",
    "start": 1535453045293,
    "end": 1535453045294,
    "duration": 1,
    "pid": 10488,
    "index": 6
  },
  {
    "name": "Require(4) node_modules/_egg-onerror@2.1.0@egg-onerror/config/config.default.js",
    "start": 1535453045295,
    "end": 1535453045295,
    "duration": 0,
    "pid": 10488,
    "index": 7
  },
  {
    "name": "Require(5) node_modules/_egg-i18n@2.0.0@egg-i18n/config/config.default.js",
    "start": 1535453045296,
    "end": 1535453045296,
    "duration": 0,
    "pid": 10488,
    "index": 8
  },
  {
    "name": "Require(6) node_modules/_egg-watcher@3.0.0@egg-watcher/config/config.default.js",
    "start": 1535453045297,
    "end": 1535453045297,
    "duration": 0,
    "pid": 10488,
    "index": 9
  },
  {
    "name": "Require(7) node_modules/_egg-multipart@2.1.0@egg-multipart/config/config.default.js",
    "start": 1535453045298,
    "end": 1535453045298,
    "duration": 0,
    "pid": 10488,
    "index": 10
  },
  {
    "name": "Require(8) node_modules/_egg-development@2.4.1@egg-development/config/config.default.js",
    "start": 1535453045299,
    "end": 1535453045299,
    "duration": 0,
    "pid": 10488,
    "index": 11
  },
  {
    "name": "Require(9) node_modules/_egg-schedule@3.3.0@egg-schedule/config/config.default.js",
    "start": 1535453045300,
    "end": 1535453045300,
    "duration": 0,
    "pid": 10488,
    "index": 12
  },
  {
    "name": "Require(10) node_modules/_egg-logrotator@3.0.3@egg-logrotator/config/config.default.js",
    "start": 1535453045301,
    "end": 1535453045301,
    "duration": 0,
    "pid": 10488,
    "index": 13
  },
  {
    "name": "Require(11) node_modules/_egg-static@2.1.1@egg-static/config/config.default.js",
    "start": 1535453045302,
    "end": 1535453045302,
    "duration": 0,
    "pid": 10488,
    "index": 14
  },
  {
    "name": "Require(12) node_modules/_egg-view@2.1.0@egg-view/config/config.default.js",
    "start": 1535453045303,
    "end": 1535453045303,
    "duration": 0,
    "pid": 10488,
    "index": 15
  },
  {
    "name": "Require(13) node_modules/_egg-view-ejs@2.0.0@egg-view-ejs/config/config.default.js",
    "start": 1535453045304,
    "end": 1535453045304,
    "duration": 0,
    "pid": 10488,
    "index": 16
  },
  {
    "name": "Require(14) node_modules/_egg-mysql@3.0.0@egg-mysql/config/config.default.js",
    "start": 1535453045305,
    "end": 1535453045305,
    "duration": 0,
    "pid": 10488,
    "index": 17
  },
  {
    "name": "Require(15) node_modules/_egg@2.10.0@egg/config/config.default.js",
    "start": 1535453045306,
    "end": 1535453045306,
    "duration": 0,
    "pid": 10488,
    "index": 18
  },
  {
    "name": "Require(16) config/config.default.js",
    "start": 1535453045308,
    "end": 1535453045308,
    "duration": 0,
    "pid": 10488,
    "index": 19
  },
  {
    "name": "Require(17) node_modules/_egg-security@2.2.3@egg-security/config/config.local.js",
    "start": 1535453045309,
    "end": 1535453045309,
    "duration": 0,
    "pid": 10488,
    "index": 20
  },
  {
    "name": "Require(18) node_modules/_egg-watcher@3.0.0@egg-watcher/config/config.local.js",
    "start": 1535453045310,
    "end": 1535453045311,
    "duration": 1,
    "pid": 10488,
    "index": 21
  },
  {
    "name": "Require(19) node_modules/_egg-view@2.1.0@egg-view/config/config.local.js",
    "start": 1535453045314,
    "end": 1535453045314,
    "duration": 0,
    "pid": 10488,
    "index": 22
  },
  {
    "name": "Require(20) node_modules/_egg-view-ejs@2.0.0@egg-view-ejs/config/config.local.js",
    "start": 1535453045315,
    "end": 1535453045315,
    "duration": 0,
    "pid": 10488,
    "index": 23
  },
  {
    "name": "Require(21) node_modules/_egg@2.10.0@egg/config/config.local.js",
    "start": 1535453045316,
    "end": 1535453045316,
    "duration": 0,
    "pid": 10488,
    "index": 24
  },
  {
    "name": "Load extend/application.js",
    "start": 1535453045318,
    "end": 1535453045341,
    "duration": 23,
    "pid": 10488,
    "index": 25
  },
  {
    "name": "Require(22) node_modules/_egg-session@3.1.0@egg-session/app/extend/application.js",
    "start": 1535453045319,
    "end": 1535453045319,
    "duration": 0,
    "pid": 10488,
    "index": 26
  },
  {
    "name": "Require(23) node_modules/_egg-security@2.2.3@egg-security/app/extend/application.js",
    "start": 1535453045320,
    "end": 1535453045321,
    "duration": 1,
    "pid": 10488,
    "index": 27
  },
  {
    "name": "Require(24) node_modules/_egg-jsonp@2.0.0@egg-jsonp/app/extend/application.js",
    "start": 1535453045322,
    "end": 1535453045325,
    "duration": 3,
    "pid": 10488,
    "index": 28
  },
  {
    "name": "Require(25) node_modules/_egg-logrotator@3.0.3@egg-logrotator/app/extend/application.js",
    "start": 1535453045327,
    "end": 1535453045331,
    "duration": 4,
    "pid": 10488,
    "index": 29
  },
  {
    "name": "Require(26) node_modules/_egg-view@2.1.0@egg-view/app/extend/application.js",
    "start": 1535453045332,
    "end": 1535453045336,
    "duration": 4,
    "pid": 10488,
    "index": 30
  },
  {
    "name": "Load extend/request.js",
    "start": 1535453045341,
    "end": 1535453045354,
    "duration": 13,
    "pid": 10488,
    "index": 31
  },
  {
    "name": "Require(27) node_modules/_egg@2.10.0@egg/app/extend/request.js",
    "start": 1535453045346,
    "end": 1535453045349,
    "duration": 3,
    "pid": 10488,
    "index": 32
  },
  {
    "name": "Load extend/response.js",
    "start": 1535453045354,
    "end": 1535453045369,
    "duration": 15,
    "pid": 10488,
    "index": 33
  },
  {
    "name": "Require(28) node_modules/_egg@2.10.0@egg/app/extend/response.js",
    "start": 1535453045358,
    "end": 1535453045362,
    "duration": 4,
    "pid": 10488,
    "index": 34
  },
  {
    "name": "Load extend/context.js",
    "start": 1535453045369,
    "end": 1535453045465,
    "duration": 96,
    "pid": 10488,
    "index": 35
  },
  {
    "name": "Require(29) node_modules/_egg-security@2.2.3@egg-security/app/extend/context.js",
    "start": 1535453045370,
    "end": 1535453045389,
    "duration": 19,
    "pid": 10488,
    "index": 36
  },
  {
    "name": "Require(30) node_modules/_egg-jsonp@2.0.0@egg-jsonp/app/extend/context.js",
    "start": 1535453045389,
    "end": 1535453045392,
    "duration": 3,
    "pid": 10488,
    "index": 37
  },
  {
    "name": "Require(31) node_modules/_egg-i18n@2.0.0@egg-i18n/app/extend/context.js",
    "start": 1535453045392,
    "end": 1535453045393,
    "duration": 1,
    "pid": 10488,
    "index": 38
  },
  {
    "name": "Require(32) node_modules/_egg-multipart@2.1.0@egg-multipart/app/extend/context.js",
    "start": 1535453045393,
    "end": 1535453045454,
    "duration": 61,
    "pid": 10488,
    "index": 39
  },
  {
    "name": "Require(33) node_modules/_egg-view@2.1.0@egg-view/app/extend/context.js",
    "start": 1535453045455,
    "end": 1535453045457,
    "duration": 2,
    "pid": 10488,
    "index": 40
  },
  {
    "name": "Require(34) node_modules/_egg@2.10.0@egg/app/extend/context.js",
    "start": 1535453045457,
    "end": 1535453045460,
    "duration": 3,
    "pid": 10488,
    "index": 41
  },
  {
    "name": "Load extend/helper.js",
    "start": 1535453045465,
    "end": 1535453045497,
    "duration": 32,
    "pid": 10488,
    "index": 42
  },
  {
    "name": "Require(35) node_modules/_egg-security@2.2.3@egg-security/app/extend/helper.js",
    "start": 1535453045466,
    "end": 1535453045489,
    "duration": 23,
    "pid": 10488,
    "index": 43
  },
  {
    "name": "Require(36) node_modules/_egg@2.10.0@egg/app/extend/helper.js",
    "start": 1535453045493,
    "end": 1535453045493,
    "duration": 0,
    "pid": 10488,
    "index": 44
  },
  {
    "name": "Load app.js",
    "start": 1535453045497,
    "end": 1535453045849,
    "duration": 352,
    "pid": 10488,
    "index": 45
  },
  {
    "name": "Require(37) node_modules/_egg-session@3.1.0@egg-session/app.js",
    "start": 1535453045498,
    "end": 1535453045498,
    "duration": 0,
    "pid": 10488,
    "index": 46
  },
  {
    "name": "Require(38) node_modules/_egg-security@2.2.3@egg-security/app.js",
    "start": 1535453045499,
    "end": 1535453045503,
    "duration": 4,
    "pid": 10488,
    "index": 47
  },
  {
    "name": "Require(39) node_modules/_egg-onerror@2.1.0@egg-onerror/app.js",
    "start": 1535453045505,
    "end": 1535453045564,
    "duration": 59,
    "pid": 10488,
    "index": 48
  },
  {
    "name": "Require(40) node_modules/_egg-i18n@2.0.0@egg-i18n/app.js",
    "start": 1535453045566,
    "end": 1535453045583,
    "duration": 17,
    "pid": 10488,
    "index": 49
  },
  {
    "name": "Require(41) node_modules/_egg-watcher@3.0.0@egg-watcher/app.js",
    "start": 1535453045590,
    "end": 1535453045598,
    "duration": 8,
    "pid": 10488,
    "index": 50
  },
  {
    "name": "Before Start in node_modules/_egg-watcher@3.0.0@egg-watcher/app.js:15:7",
    "start": 1535453045615,
    "end": 1535453046042,
    "duration": 427,
    "pid": 10488,
    "index": 51
  },
  {
    "name": "Require(42) node_modules/_egg-multipart@2.1.0@egg-multipart/app.js",
    "start": 1535453045618,
    "end": 1535453045626,
    "duration": 8,
    "pid": 10488,
    "index": 52
  },
  {
    "name": "Require(43) node_modules/_egg-development@2.4.1@egg-development/app.js",
    "start": 1535453045627,
    "end": 1535453045627,
    "duration": 0,
    "pid": 10488,
    "index": 53
  },
  {
    "name": "Require(44) node_modules/_egg-schedule@3.3.0@egg-schedule/app.js",
    "start": 1535453045628,
    "end": 1535453045633,
    "duration": 5,
    "pid": 10488,
    "index": 54
  },
  {
    "name": "Require(45) node_modules/_egg-logrotator@3.0.3@egg-logrotator/app.js",
    "start": 1535453045703,
    "end": 1535453045703,
    "duration": 0,
    "pid": 10488,
    "index": 55
  },
  {
    "name": "Require(46) node_modules/_egg-static@2.1.1@egg-static/app.js",
    "start": 1535453045704,
    "end": 1535453045704,
    "duration": 0,
    "pid": 10488,
    "index": 56
  },
  {
    "name": "Require(47) node_modules/_egg-view-ejs@2.0.0@egg-view-ejs/app.js",
    "start": 1535453045706,
    "end": 1535453045706,
    "duration": 0,
    "pid": 10488,
    "index": 57
  },
  {
    "name": "Require(48) node_modules/_egg-mysql@3.0.0@egg-mysql/app.js",
    "start": 1535453045713,
    "end": 1535453045741,
    "duration": 28,
    "pid": 10488,
    "index": 58
  },
  {
    "name": "Before Start in node_modules/_egg-mysql@3.0.0@egg-mysql/lib/mysql.js:20:7",
    "start": 1535453045847,
    "end": 1535453046048,
    "duration": 201,
    "pid": 10488,
    "index": 59
  },
  {
    "name": "Load Service",
    "start": 1535453045849,
    "end": 1535453045856,
    "duration": 7,
    "pid": 10488,
    "index": 60
  },
  {
    "name": "Load \"service\" to Context",
    "start": 1535453045850,
    "end": 1535453045856,
    "duration": 6,
    "pid": 10488,
    "index": 61
  },
  {
    "name": "Load Middleware",
    "start": 1535453045856,
    "end": 1535453045992,
    "duration": 136,
    "pid": 10488,
    "index": 62
  },
  {
    "name": "Load \"middlewares\" to Application",
    "start": 1535453045856,
    "end": 1535453045976,
    "duration": 120,
    "pid": 10488,
    "index": 63
  },
  {
    "name": "Load Controller",
    "start": 1535453045993,
    "end": 1535453045996,
    "duration": 3,
    "pid": 10488,
    "index": 64
  },
  {
    "name": "Load \"controller\" to Application",
    "start": 1535453045993,
    "end": 1535453045996,
    "duration": 3,
    "pid": 10488,
    "index": 65
  },
  {
    "name": "Load Router",
    "start": 1535453045996,
    "end": 1535453046000,
    "duration": 4,
    "pid": 10488,
    "index": 66
  },
  {
    "name": "Require(49) app/router.js",
    "start": 1535453045996,
    "end": 1535453045997,
    "duration": 1,
    "pid": 10488,
    "index": 67
  },
  {
    "name": "Before Start in node_modules/_egg-core@4.9.1@egg-core/lib/egg.js:328:10",
    "start": 1535453045997,
    "end": 1535453046022,
    "duration": 25,
    "pid": 10488,
    "index": 68
  }
]