[
  {
    "name": "Application Start",
    "start": 1535452521773,
    "end": 1535452522849,
    "duration": 1076,
    "pid": 6476,
    "index": 0
  },
  {
    "name": "Load Plugin",
    "start": 1535452521787,
    "end": 1535452521844,
    "duration": 57,
    "pid": 6476,
    "index": 1
  },
  {
    "name": "Load Config",
    "start": 1535452521845,
    "end": 1535452521909,
    "duration": 64,
    "pid": 6476,
    "index": 2
  },
  {
    "name": "Require(0) config/config.default.js",
    "start": 1535452521847,
    "end": 1535452521848,
    "duration": 1,
    "pid": 6476,
    "index": 3
  },
  {
    "name": "Require(1) node_modules/_egg-session@3.1.0@egg-session/config/config.default.js",
    "start": 1535452521851,
    "end": 1535452521852,
    "duration": 1,
    "pid": 6476,
    "index": 4
  },
  {
    "name": "Require(2) node_modules/_egg-security@2.2.3@egg-security/config/config.default.js",
    "start": 1535452521852,
    "end": 1535452521853,
    "duration": 1,
    "pid": 6476,
    "index": 5
  },
  {
    "name": "Require(3) node_modules/_egg-jsonp@2.0.0@egg-jsonp/config/config.default.js",
    "start": 1535452521855,
    "end": 1535452521855,
    "duration": 0,
    "pid": 6476,
    "index": 6
  },
  {
    "name": "Require(4) node_modules/_egg-onerror@2.1.0@egg-onerror/config/config.default.js",
    "start": 1535452521856,
    "end": 1535452521857,
    "duration": 1,
    "pid": 6476,
    "index": 7
  },
  {
    "name": "Require(5) node_modules/_egg-i18n@2.0.0@egg-i18n/config/config.default.js",
    "start": 1535452521858,
    "end": 1535452521858,
    "duration": 0,
    "pid": 6476,
    "index": 8
  },
  {
    "name": "Require(6) node_modules/_egg-watcher@3.0.0@egg-watcher/config/config.default.js",
    "start": 1535452521859,
    "end": 1535452521859,
    "duration": 0,
    "pid": 6476,
    "index": 9
  },
  {
    "name": "Require(7) node_modules/_egg-multipart@2.1.0@egg-multipart/config/config.default.js",
    "start": 1535452521861,
    "end": 1535452521861,
    "duration": 0,
    "pid": 6476,
    "index": 10
  },
  {
    "name": "Require(8) node_modules/_egg-development@2.4.1@egg-development/config/config.default.js",
    "start": 1535452521863,
    "end": 1535452521864,
    "duration": 1,
    "pid": 6476,
    "index": 11
  },
  {
    "name": "Require(9) node_modules/_egg-schedule@3.3.0@egg-schedule/config/config.default.js",
    "start": 1535452521865,
    "end": 1535452521866,
    "duration": 1,
    "pid": 6476,
    "index": 12
  },
  {
    "name": "Require(10) node_modules/_egg-logrotator@3.0.3@egg-logrotator/config/config.default.js",
    "start": 1535452521868,
    "end": 1535452521868,
    "duration": 0,
    "pid": 6476,
    "index": 13
  },
  {
    "name": "Require(11) node_modules/_egg-static@2.1.1@egg-static/config/config.default.js",
    "start": 1535452521869,
    "end": 1535452521870,
    "duration": 1,
    "pid": 6476,
    "index": 14
  },
  {
    "name": "Require(12) node_modules/_egg-view@2.1.0@egg-view/config/config.default.js",
    "start": 1535452521872,
    "end": 1535452521872,
    "duration": 0,
    "pid": 6476,
    "index": 15
  },
  {
    "name": "Require(13) node_modules/_egg-view-ejs@2.0.0@egg-view-ejs/config/config.default.js",
    "start": 1535452521874,
    "end": 1535452521874,
    "duration": 0,
    "pid": 6476,
    "index": 16
  },
  {
    "name": "Require(14) node_modules/_egg-mysql@3.0.0@egg-mysql/config/config.default.js",
    "start": 1535452521876,
    "end": 1535452521877,
    "duration": 1,
    "pid": 6476,
    "index": 17
  },
  {
    "name": "Require(15) node_modules/_egg@2.10.0@egg/config/config.default.js",
    "start": 1535452521878,
    "end": 1535452521880,
    "duration": 2,
    "pid": 6476,
    "index": 18
  },
  {
    "name": "Require(16) config/config.default.js",
    "start": 1535452521884,
    "end": 1535452521884,
    "duration": 0,
    "pid": 6476,
    "index": 19
  },
  {
    "name": "Require(17) node_modules/_egg-security@2.2.3@egg-security/config/config.local.js",
    "start": 1535452521887,
    "end": 1535452521887,
    "duration": 0,
    "pid": 6476,
    "index": 20
  },
  {
    "name": "Require(18) node_modules/_egg-watcher@3.0.0@egg-watcher/config/config.local.js",
    "start": 1535452521890,
    "end": 1535452521890,
    "duration": 0,
    "pid": 6476,
    "index": 21
  },
  {
    "name": "Require(19) node_modules/_egg-view@2.1.0@egg-view/config/config.local.js",
    "start": 1535452521894,
    "end": 1535452521899,
    "duration": 5,
    "pid": 6476,
    "index": 22
  },
  {
    "name": "Require(20) node_modules/_egg-view-ejs@2.0.0@egg-view-ejs/config/config.local.js",
    "start": 1535452521900,
    "end": 1535452521900,
    "duration": 0,
    "pid": 6476,
    "index": 23
  },
  {
    "name": "Require(21) node_modules/_egg@2.10.0@egg/config/config.local.js",
    "start": 1535452521902,
    "end": 1535452521909,
    "duration": 7,
    "pid": 6476,
    "index": 24
  },
  {
    "name": "Load extend/application.js",
    "start": 1535452521912,
    "end": 1535452521955,
    "duration": 43,
    "pid": 6476,
    "index": 25
  },
  {
    "name": "Require(22) node_modules/_egg-session@3.1.0@egg-session/app/extend/application.js",
    "start": 1535452521913,
    "end": 1535452521914,
    "duration": 1,
    "pid": 6476,
    "index": 26
  },
  {
    "name": "Require(23) node_modules/_egg-security@2.2.3@egg-security/app/extend/application.js",
    "start": 1535452521916,
    "end": 1535452521919,
    "duration": 3,
    "pid": 6476,
    "index": 27
  },
  {
    "name": "Require(24) node_modules/_egg-jsonp@2.0.0@egg-jsonp/app/extend/application.js",
    "start": 1535452521920,
    "end": 1535452521924,
    "duration": 4,
    "pid": 6476,
    "index": 28
  },
  {
    "name": "Require(25) node_modules/_egg-logrotator@3.0.3@egg-logrotator/app/extend/application.js",
    "start": 1535452521928,
    "end": 1535452521938,
    "duration": 10,
    "pid": 6476,
    "index": 29
  },
  {
    "name": "Require(26) node_modules/_egg-view@2.1.0@egg-view/app/extend/application.js",
    "start": 1535452521940,
    "end": 1535452521944,
    "duration": 4,
    "pid": 6476,
    "index": 30
  },
  {
    "name": "Load extend/request.js",
    "start": 1535452521955,
    "end": 1535452521975,
    "duration": 20,
    "pid": 6476,
    "index": 31
  },
  {
    "name": "Require(27) node_modules/_egg@2.10.0@egg/app/extend/request.js",
    "start": 1535452521961,
    "end": 1535452521966,
    "duration": 5,
    "pid": 6476,
    "index": 32
  },
  {
    "name": "Load extend/response.js",
    "start": 1535452521975,
    "end": 1535452521994,
    "duration": 19,
    "pid": 6476,
    "index": 33
  },
  {
    "name": "Require(28) node_modules/_egg@2.10.0@egg/app/extend/response.js",
    "start": 1535452521982,
    "end": 1535452521987,
    "duration": 5,
    "pid": 6476,
    "index": 34
  },
  {
    "name": "Load extend/context.js",
    "start": 1535452521994,
    "end": 1535452522176,
    "duration": 182,
    "pid": 6476,
    "index": 35
  },
  {
    "name": "Require(29) node_modules/_egg-security@2.2.3@egg-security/app/extend/context.js",
    "start": 1535452521996,
    "end": 1535452522038,
    "duration": 42,
    "pid": 6476,
    "index": 36
  },
  {
    "name": "Require(30) node_modules/_egg-jsonp@2.0.0@egg-jsonp/app/extend/context.js",
    "start": 1535452522039,
    "end": 1535452522042,
    "duration": 3,
    "pid": 6476,
    "index": 37
  },
  {
    "name": "Require(31) node_modules/_egg-i18n@2.0.0@egg-i18n/app/extend/context.js",
    "start": 1535452522044,
    "end": 1535452522045,
    "duration": 1,
    "pid": 6476,
    "index": 38
  },
  {
    "name": "Require(32) node_modules/_egg-multipart@2.1.0@egg-multipart/app/extend/context.js",
    "start": 1535452522047,
    "end": 1535452522147,
    "duration": 100,
    "pid": 6476,
    "index": 39
  },
  {
    "name": "Require(33) node_modules/_egg-view@2.1.0@egg-view/app/extend/context.js",
    "start": 1535452522150,
    "end": 1535452522152,
    "duration": 2,
    "pid": 6476,
    "index": 40
  },
  {
    "name": "Require(34) node_modules/_egg@2.10.0@egg/app/extend/context.js",
    "start": 1535452522153,
    "end": 1535452522159,
    "duration": 6,
    "pid": 6476,
    "index": 41
  },
  {
    "name": "Load extend/helper.js",
    "start": 1535452522176,
    "end": 1535452522281,
    "duration": 105,
    "pid": 6476,
    "index": 42
  },
  {
    "name": "Require(35) node_modules/_egg-security@2.2.3@egg-security/app/extend/helper.js",
    "start": 1535452522179,
    "end": 1535452522259,
    "duration": 80,
    "pid": 6476,
    "index": 43
  },
  {
    "name": "Require(36) node_modules/_egg@2.10.0@egg/app/extend/helper.js",
    "start": 1535452522271,
    "end": 1535452522272,
    "duration": 1,
    "pid": 6476,
    "index": 44
  },
  {
    "name": "Load app.js",
    "start": 1535452522282,
    "end": 1535452522654,
    "duration": 372,
    "pid": 6476,
    "index": 45
  },
  {
    "name": "Require(37) node_modules/_egg-session@3.1.0@egg-session/app.js",
    "start": 1535452522284,
    "end": 1535452522284,
    "duration": 0,
    "pid": 6476,
    "index": 46
  },
  {
    "name": "Require(38) node_modules/_egg-security@2.2.3@egg-security/app.js",
    "start": 1535452522285,
    "end": 1535452522290,
    "duration": 5,
    "pid": 6476,
    "index": 47
  },
  {
    "name": "Require(39) node_modules/_egg-onerror@2.1.0@egg-onerror/app.js",
    "start": 1535452522292,
    "end": 1535452522317,
    "duration": 25,
    "pid": 6476,
    "index": 48
  },
  {
    "name": "Require(40) node_modules/_egg-i18n@2.0.0@egg-i18n/app.js",
    "start": 1535452522321,
    "end": 1535452522344,
    "duration": 23,
    "pid": 6476,
    "index": 49
  },
  {
    "name": "Require(41) node_modules/_egg-watcher@3.0.0@egg-watcher/app.js",
    "start": 1535452522355,
    "end": 1535452522368,
    "duration": 13,
    "pid": 6476,
    "index": 50
  },
  {
    "name": "Before Start in node_modules/_egg-watcher@3.0.0@egg-watcher/app.js:15:7",
    "start": 1535452522385,
    "end": 1535452522845,
    "duration": 460,
    "pid": 6476,
    "index": 51
  },
  {
    "name": "Require(42) node_modules/_egg-multipart@2.1.0@egg-multipart/app.js",
    "start": 1535452522388,
    "end": 1535452522393,
    "duration": 5,
    "pid": 6476,
    "index": 52
  },
  {
    "name": "Require(43) node_modules/_egg-development@2.4.1@egg-development/app.js",
    "start": 1535452522396,
    "end": 1535452522396,
    "duration": 0,
    "pid": 6476,
    "index": 53
  },
  {
    "name": "Require(44) node_modules/_egg-schedule@3.3.0@egg-schedule/app.js",
    "start": 1535452522397,
    "end": 1535452522401,
    "duration": 4,
    "pid": 6476,
    "index": 54
  },
  {
    "name": "Require(45) node_modules/_egg-logrotator@3.0.3@egg-logrotator/app.js",
    "start": 1535452522463,
    "end": 1535452522463,
    "duration": 0,
    "pid": 6476,
    "index": 55
  },
  {
    "name": "Require(46) node_modules/_egg-static@2.1.1@egg-static/app.js",
    "start": 1535452522464,
    "end": 1535452522464,
    "duration": 0,
    "pid": 6476,
    "index": 56
  },
  {
    "name": "Require(47) node_modules/_egg-view-ejs@2.0.0@egg-view-ejs/app.js",
    "start": 1535452522466,
    "end": 1535452522466,
    "duration": 0,
    "pid": 6476,
    "index": 57
  },
  {
    "name": "Require(48) node_modules/_egg-mysql@3.0.0@egg-mysql/app.js",
    "start": 1535452522474,
    "end": 1535452522502,
    "duration": 28,
    "pid": 6476,
    "index": 58
  },
  {
    "name": "Before Start in node_modules/_egg-mysql@3.0.0@egg-mysql/lib/mysql.js:20:7",
    "start": 1535452522652,
    "end": 1535452522849,
    "duration": 197,
    "pid": 6476,
    "index": 59
  },
  {
    "name": "Load Service",
    "start": 1535452522654,
    "end": 1535452522664,
    "duration": 10,
    "pid": 6476,
    "index": 60
  },
  {
    "name": "Load \"service\" to Context",
    "start": 1535452522654,
    "end": 1535452522664,
    "duration": 10,
    "pid": 6476,
    "index": 61
  },
  {
    "name": "Load Middleware",
    "start": 1535452522667,
    "end": 1535452522798,
    "duration": 131,
    "pid": 6476,
    "index": 62
  },
  {
    "name": "Load \"middlewares\" to Application",
    "start": 1535452522667,
    "end": 1535452522782,
    "duration": 115,
    "pid": 6476,
    "index": 63
  },
  {
    "name": "Load Controller",
    "start": 1535452522798,
    "end": 1535452522801,
    "duration": 3,
    "pid": 6476,
    "index": 64
  },
  {
    "name": "Load \"controller\" to Application",
    "start": 1535452522798,
    "end": 1535452522801,
    "duration": 3,
    "pid": 6476,
    "index": 65
  },
  {
    "name": "Load Router",
    "start": 1535452522801,
    "end": 1535452522805,
    "duration": 4,
    "pid": 6476,
    "index": 66
  },
  {
    "name": "Require(49) app/router.js",
    "start": 1535452522802,
    "end": 1535452522802,
    "duration": 0,
    "pid": 6476,
    "index": 67
  },
  {
    "name": "Before Start in node_modules/_egg-core@4.9.1@egg-core/lib/egg.js:328:10",
    "start": 1535452522803,
    "end": 1535452522828,
    "duration": 25,
    "pid": 6476,
    "index": 68
  }
]