[
  {
    "name": "Application Start",
    "start": 1535454059725,
    "end": 1535454060942,
    "duration": 1217,
    "pid": 15352,
    "index": 0
  },
  {
    "name": "Load Plugin",
    "start": 1535454059737,
    "end": 1535454059805,
    "duration": 68,
    "pid": 15352,
    "index": 1
  },
  {
    "name": "Load Config",
    "start": 1535454059805,
    "end": 1535454059859,
    "duration": 54,
    "pid": 15352,
    "index": 2
  },
  {
    "name": "Require(0) config/config.default.js",
    "start": 1535454059807,
    "end": 1535454059807,
    "duration": 0,
    "pid": 15352,
    "index": 3
  },
  {
    "name": "Require(1) node_modules/_egg-session@3.1.0@egg-session/config/config.default.js",
    "start": 1535454059811,
    "end": 1535454059811,
    "duration": 0,
    "pid": 15352,
    "index": 4
  },
  {
    "name": "Require(2) node_modules/_egg-security@2.2.3@egg-security/config/config.default.js",
    "start": 1535454059813,
    "end": 1535454059813,
    "duration": 0,
    "pid": 15352,
    "index": 5
  },
  {
    "name": "Require(3) node_modules/_egg-jsonp@2.0.0@egg-jsonp/config/config.default.js",
    "start": 1535454059815,
    "end": 1535454059816,
    "duration": 1,
    "pid": 15352,
    "index": 6
  },
  {
    "name": "Require(4) node_modules/_egg-onerror@2.1.0@egg-onerror/config/config.default.js",
    "start": 1535454059817,
    "end": 1535454059818,
    "duration": 1,
    "pid": 15352,
    "index": 7
  },
  {
    "name": "Require(5) node_modules/_egg-i18n@2.0.0@egg-i18n/config/config.default.js",
    "start": 1535454059819,
    "end": 1535454059820,
    "duration": 1,
    "pid": 15352,
    "index": 8
  },
  {
    "name": "Require(6) node_modules/_egg-watcher@3.0.0@egg-watcher/config/config.default.js",
    "start": 1535454059822,
    "end": 1535454059823,
    "duration": 1,
    "pid": 15352,
    "index": 9
  },
  {
    "name": "Require(7) node_modules/_egg-multipart@2.1.0@egg-multipart/config/config.default.js",
    "start": 1535454059826,
    "end": 1535454059826,
    "duration": 0,
    "pid": 15352,
    "index": 10
  },
  {
    "name": "Require(8) node_modules/_egg-development@2.4.1@egg-development/config/config.default.js",
    "start": 1535454059828,
    "end": 1535454059829,
    "duration": 1,
    "pid": 15352,
    "index": 11
  },
  {
    "name": "Require(9) node_modules/_egg-schedule@3.3.0@egg-schedule/config/config.default.js",
    "start": 1535454059831,
    "end": 1535454059831,
    "duration": 0,
    "pid": 15352,
    "index": 12
  },
  {
    "name": "Require(10) node_modules/_egg-logrotator@3.0.3@egg-logrotator/config/config.default.js",
    "start": 1535454059832,
    "end": 1535454059833,
    "duration": 1,
    "pid": 15352,
    "index": 13
  },
  {
    "name": "Require(11) node_modules/_egg-static@2.1.1@egg-static/config/config.default.js",
    "start": 1535454059834,
    "end": 1535454059835,
    "duration": 1,
    "pid": 15352,
    "index": 14
  },
  {
    "name": "Require(12) node_modules/_egg-view@2.1.0@egg-view/config/config.default.js",
    "start": 1535454059836,
    "end": 1535454059836,
    "duration": 0,
    "pid": 15352,
    "index": 15
  },
  {
    "name": "Require(13) node_modules/_egg-view-ejs@2.0.0@egg-view-ejs/config/config.default.js",
    "start": 1535454059838,
    "end": 1535454059838,
    "duration": 0,
    "pid": 15352,
    "index": 16
  },
  {
    "name": "Require(14) node_modules/_egg-mysql@3.0.0@egg-mysql/config/config.default.js",
    "start": 1535454059840,
    "end": 1535454059840,
    "duration": 0,
    "pid": 15352,
    "index": 17
  },
  {
    "name": "Require(15) node_modules/_egg@2.10.0@egg/config/config.default.js",
    "start": 1535454059841,
    "end": 1535454059842,
    "duration": 1,
    "pid": 15352,
    "index": 18
  },
  {
    "name": "Require(16) config/config.default.js",
    "start": 1535454059845,
    "end": 1535454059845,
    "duration": 0,
    "pid": 15352,
    "index": 19
  },
  {
    "name": "Require(17) node_modules/_egg-security@2.2.3@egg-security/config/config.local.js",
    "start": 1535454059847,
    "end": 1535454059847,
    "duration": 0,
    "pid": 15352,
    "index": 20
  },
  {
    "name": "Require(18) node_modules/_egg-watcher@3.0.0@egg-watcher/config/config.local.js",
    "start": 1535454059849,
    "end": 1535454059850,
    "duration": 1,
    "pid": 15352,
    "index": 21
  },
  {
    "name": "Require(19) node_modules/_egg-view@2.1.0@egg-view/config/config.local.js",
    "start": 1535454059853,
    "end": 1535454059854,
    "duration": 1,
    "pid": 15352,
    "index": 22
  },
  {
    "name": "Require(20) node_modules/_egg-view-ejs@2.0.0@egg-view-ejs/config/config.local.js",
    "start": 1535454059855,
    "end": 1535454059856,
    "duration": 1,
    "pid": 15352,
    "index": 23
  },
  {
    "name": "Require(21) node_modules/_egg@2.10.0@egg/config/config.local.js",
    "start": 1535454059858,
    "end": 1535454059858,
    "duration": 0,
    "pid": 15352,
    "index": 24
  },
  {
    "name": "Load extend/application.js",
    "start": 1535454059861,
    "end": 1535454059898,
    "duration": 37,
    "pid": 15352,
    "index": 25
  },
  {
    "name": "Require(22) node_modules/_egg-session@3.1.0@egg-session/app/extend/application.js",
    "start": 1535454059862,
    "end": 1535454059863,
    "duration": 1,
    "pid": 15352,
    "index": 26
  },
  {
    "name": "Require(23) node_modules/_egg-security@2.2.3@egg-security/app/extend/application.js",
    "start": 1535454059864,
    "end": 1535454059866,
    "duration": 2,
    "pid": 15352,
    "index": 27
  },
  {
    "name": "Require(24) node_modules/_egg-jsonp@2.0.0@egg-jsonp/app/extend/application.js",
    "start": 1535454059867,
    "end": 1535454059871,
    "duration": 4,
    "pid": 15352,
    "index": 28
  },
  {
    "name": "Require(25) node_modules/_egg-logrotator@3.0.3@egg-logrotator/app/extend/application.js",
    "start": 1535454059877,
    "end": 1535454059884,
    "duration": 7,
    "pid": 15352,
    "index": 29
  },
  {
    "name": "Require(26) node_modules/_egg-view@2.1.0@egg-view/app/extend/application.js",
    "start": 1535454059886,
    "end": 1535454059889,
    "duration": 3,
    "pid": 15352,
    "index": 30
  },
  {
    "name": "Load extend/request.js",
    "start": 1535454059898,
    "end": 1535454059918,
    "duration": 20,
    "pid": 15352,
    "index": 31
  },
  {
    "name": "Require(27) node_modules/_egg@2.10.0@egg/app/extend/request.js",
    "start": 1535454059907,
    "end": 1535454059911,
    "duration": 4,
    "pid": 15352,
    "index": 32
  },
  {
    "name": "Load extend/response.js",
    "start": 1535454059918,
    "end": 1535454059937,
    "duration": 19,
    "pid": 15352,
    "index": 33
  },
  {
    "name": "Require(28) node_modules/_egg@2.10.0@egg/app/extend/response.js",
    "start": 1535454059925,
    "end": 1535454059930,
    "duration": 5,
    "pid": 15352,
    "index": 34
  },
  {
    "name": "Load extend/context.js",
    "start": 1535454059937,
    "end": 1535454060089,
    "duration": 152,
    "pid": 15352,
    "index": 35
  },
  {
    "name": "Require(29) node_modules/_egg-security@2.2.3@egg-security/app/extend/context.js",
    "start": 1535454059938,
    "end": 1535454059967,
    "duration": 29,
    "pid": 15352,
    "index": 36
  },
  {
    "name": "Require(30) node_modules/_egg-jsonp@2.0.0@egg-jsonp/app/extend/context.js",
    "start": 1535454059967,
    "end": 1535454059973,
    "duration": 6,
    "pid": 15352,
    "index": 37
  },
  {
    "name": "Require(31) node_modules/_egg-i18n@2.0.0@egg-i18n/app/extend/context.js",
    "start": 1535454059974,
    "end": 1535454059975,
    "duration": 1,
    "pid": 15352,
    "index": 38
  },
  {
    "name": "Require(32) node_modules/_egg-multipart@2.1.0@egg-multipart/app/extend/context.js",
    "start": 1535454059976,
    "end": 1535454060073,
    "duration": 97,
    "pid": 15352,
    "index": 39
  },
  {
    "name": "Require(33) node_modules/_egg-view@2.1.0@egg-view/app/extend/context.js",
    "start": 1535454060076,
    "end": 1535454060078,
    "duration": 2,
    "pid": 15352,
    "index": 40
  },
  {
    "name": "Require(34) node_modules/_egg@2.10.0@egg/app/extend/context.js",
    "start": 1535454060079,
    "end": 1535454060083,
    "duration": 4,
    "pid": 15352,
    "index": 41
  },
  {
    "name": "Load extend/helper.js",
    "start": 1535454060090,
    "end": 1535454060148,
    "duration": 58,
    "pid": 15352,
    "index": 42
  },
  {
    "name": "Require(35) node_modules/_egg-security@2.2.3@egg-security/app/extend/helper.js",
    "start": 1535454060091,
    "end": 1535454060135,
    "duration": 44,
    "pid": 15352,
    "index": 43
  },
  {
    "name": "Require(36) node_modules/_egg@2.10.0@egg/app/extend/helper.js",
    "start": 1535454060141,
    "end": 1535454060142,
    "duration": 1,
    "pid": 15352,
    "index": 44
  },
  {
    "name": "Load app.js",
    "start": 1535454060148,
    "end": 1535454060640,
    "duration": 492,
    "pid": 15352,
    "index": 45
  },
  {
    "name": "Require(37) node_modules/_egg-session@3.1.0@egg-session/app.js",
    "start": 1535454060149,
    "end": 1535454060150,
    "duration": 1,
    "pid": 15352,
    "index": 46
  },
  {
    "name": "Require(38) node_modules/_egg-security@2.2.3@egg-security/app.js",
    "start": 1535454060151,
    "end": 1535454060155,
    "duration": 4,
    "pid": 15352,
    "index": 47
  },
  {
    "name": "Require(39) node_modules/_egg-onerror@2.1.0@egg-onerror/app.js",
    "start": 1535454060158,
    "end": 1535454060183,
    "duration": 25,
    "pid": 15352,
    "index": 48
  },
  {
    "name": "Require(40) node_modules/_egg-i18n@2.0.0@egg-i18n/app.js",
    "start": 1535454060187,
    "end": 1535454060220,
    "duration": 33,
    "pid": 15352,
    "index": 49
  },
  {
    "name": "Require(41) node_modules/_egg-watcher@3.0.0@egg-watcher/app.js",
    "start": 1535454060229,
    "end": 1535454060247,
    "duration": 18,
    "pid": 15352,
    "index": 50
  },
  {
    "name": "Before Start in node_modules/_egg-watcher@3.0.0@egg-watcher/app.js:15:7",
    "start": 1535454060274,
    "end": 1535454060919,
    "duration": 645,
    "pid": 15352,
    "index": 51
  },
  {
    "name": "Require(42) node_modules/_egg-multipart@2.1.0@egg-multipart/app.js",
    "start": 1535454060277,
    "end": 1535454060292,
    "duration": 15,
    "pid": 15352,
    "index": 52
  },
  {
    "name": "Require(43) node_modules/_egg-development@2.4.1@egg-development/app.js",
    "start": 1535454060294,
    "end": 1535454060295,
    "duration": 1,
    "pid": 15352,
    "index": 53
  },
  {
    "name": "Require(44) node_modules/_egg-schedule@3.3.0@egg-schedule/app.js",
    "start": 1535454060296,
    "end": 1535454060301,
    "duration": 5,
    "pid": 15352,
    "index": 54
  },
  {
    "name": "Require(45) node_modules/_egg-logrotator@3.0.3@egg-logrotator/app.js",
    "start": 1535454060395,
    "end": 1535454060395,
    "duration": 0,
    "pid": 15352,
    "index": 55
  },
  {
    "name": "Require(46) node_modules/_egg-static@2.1.1@egg-static/app.js",
    "start": 1535454060396,
    "end": 1535454060397,
    "duration": 1,
    "pid": 15352,
    "index": 56
  },
  {
    "name": "Require(47) node_modules/_egg-view-ejs@2.0.0@egg-view-ejs/app.js",
    "start": 1535454060399,
    "end": 1535454060400,
    "duration": 1,
    "pid": 15352,
    "index": 57
  },
  {
    "name": "Require(48) node_modules/_egg-mysql@3.0.0@egg-mysql/app.js",
    "start": 1535454060413,
    "end": 1535454060454,
    "duration": 41,
    "pid": 15352,
    "index": 58
  },
  {
    "name": "Before Start in node_modules/_egg-mysql@3.0.0@egg-mysql/lib/mysql.js:20:7",
    "start": 1535454060636,
    "end": 1535454060942,
    "duration": 306,
    "pid": 15352,
    "index": 59
  },
  {
    "name": "Load Service",
    "start": 1535454060640,
    "end": 1535454060651,
    "duration": 11,
    "pid": 15352,
    "index": 60
  },
  {
    "name": "Load \"service\" to Context",
    "start": 1535454060640,
    "end": 1535454060651,
    "duration": 11,
    "pid": 15352,
    "index": 61
  },
  {
    "name": "Load Middleware",
    "start": 1535454060651,
    "end": 1535454060851,
    "duration": 200,
    "pid": 15352,
    "index": 62
  },
  {
    "name": "Load \"middlewares\" to Application",
    "start": 1535454060652,
    "end": 1535454060824,
    "duration": 172,
    "pid": 15352,
    "index": 63
  },
  {
    "name": "Load Controller",
    "start": 1535454060851,
    "end": 1535454060857,
    "duration": 6,
    "pid": 15352,
    "index": 64
  },
  {
    "name": "Load \"controller\" to Application",
    "start": 1535454060851,
    "end": 1535454060857,
    "duration": 6,
    "pid": 15352,
    "index": 65
  },
  {
    "name": "Load Router",
    "start": 1535454060857,
    "end": 1535454060861,
    "duration": 4,
    "pid": 15352,
    "index": 66
  },
  {
    "name": "Require(49) app/router.js",
    "start": 1535454060858,
    "end": 1535454060858,
    "duration": 0,
    "pid": 15352,
    "index": 67
  },
  {
    "name": "Before Start in node_modules/_egg-core@4.9.1@egg-core/lib/egg.js:328:10",
    "start": 1535454060859,
    "end": 1535454060889,
    "duration": 30,
    "pid": 15352,
    "index": 68
  }
]