[
  {
    "name": "Application Start",
    "start": 1535454401483,
    "end": 1535454402378,
    "duration": 895,
    "pid": 17412,
    "index": 0
  },
  {
    "name": "Load Plugin",
    "start": 1535454401491,
    "end": 1535454401540,
    "duration": 49,
    "pid": 17412,
    "index": 1
  },
  {
    "name": "Load Config",
    "start": 1535454401541,
    "end": 1535454401584,
    "duration": 43,
    "pid": 17412,
    "index": 2
  },
  {
    "name": "Require(0) config/config.default.js",
    "start": 1535454401542,
    "end": 1535454401543,
    "duration": 1,
    "pid": 17412,
    "index": 3
  },
  {
    "name": "Require(1) node_modules/_egg-session@3.1.0@egg-session/config/config.default.js",
    "start": 1535454401545,
    "end": 1535454401546,
    "duration": 1,
    "pid": 17412,
    "index": 4
  },
  {
    "name": "Require(2) node_modules/_egg-security@2.2.3@egg-security/config/config.default.js",
    "start": 1535454401547,
    "end": 1535454401548,
    "duration": 1,
    "pid": 17412,
    "index": 5
  },
  {
    "name": "Require(3) node_modules/_egg-jsonp@2.0.0@egg-jsonp/config/config.default.js",
    "start": 1535454401549,
    "end": 1535454401550,
    "duration": 1,
    "pid": 17412,
    "index": 6
  },
  {
    "name": "Require(4) node_modules/_egg-onerror@2.1.0@egg-onerror/config/config.default.js",
    "start": 1535454401551,
    "end": 1535454401552,
    "duration": 1,
    "pid": 17412,
    "index": 7
  },
  {
    "name": "Require(5) node_modules/_egg-i18n@2.0.0@egg-i18n/config/config.default.js",
    "start": 1535454401552,
    "end": 1535454401553,
    "duration": 1,
    "pid": 17412,
    "index": 8
  },
  {
    "name": "Require(6) node_modules/_egg-watcher@3.0.0@egg-watcher/config/config.default.js",
    "start": 1535454401554,
    "end": 1535454401554,
    "duration": 0,
    "pid": 17412,
    "index": 9
  },
  {
    "name": "Require(7) node_modules/_egg-multipart@2.1.0@egg-multipart/config/config.default.js",
    "start": 1535454401555,
    "end": 1535454401556,
    "duration": 1,
    "pid": 17412,
    "index": 10
  },
  {
    "name": "Require(8) node_modules/_egg-development@2.4.1@egg-development/config/config.default.js",
    "start": 1535454401556,
    "end": 1535454401557,
    "duration": 1,
    "pid": 17412,
    "index": 11
  },
  {
    "name": "Require(9) node_modules/_egg-schedule@3.3.0@egg-schedule/config/config.default.js",
    "start": 1535454401558,
    "end": 1535454401559,
    "duration": 1,
    "pid": 17412,
    "index": 12
  },
  {
    "name": "Require(10) node_modules/_egg-logrotator@3.0.3@egg-logrotator/config/config.default.js",
    "start": 1535454401560,
    "end": 1535454401560,
    "duration": 0,
    "pid": 17412,
    "index": 13
  },
  {
    "name": "Require(11) node_modules/_egg-static@2.1.1@egg-static/config/config.default.js",
    "start": 1535454401561,
    "end": 1535454401561,
    "duration": 0,
    "pid": 17412,
    "index": 14
  },
  {
    "name": "Require(12) node_modules/_egg-view@2.1.0@egg-view/config/config.default.js",
    "start": 1535454401563,
    "end": 1535454401564,
    "duration": 1,
    "pid": 17412,
    "index": 15
  },
  {
    "name": "Require(13) node_modules/_egg-view-ejs@2.0.0@egg-view-ejs/config/config.default.js",
    "start": 1535454401566,
    "end": 1535454401567,
    "duration": 1,
    "pid": 17412,
    "index": 16
  },
  {
    "name": "Require(14) node_modules/_egg-mysql@3.0.0@egg-mysql/config/config.default.js",
    "start": 1535454401568,
    "end": 1535454401569,
    "duration": 1,
    "pid": 17412,
    "index": 17
  },
  {
    "name": "Require(15) node_modules/_egg@2.10.0@egg/config/config.default.js",
    "start": 1535454401570,
    "end": 1535454401571,
    "duration": 1,
    "pid": 17412,
    "index": 18
  },
  {
    "name": "Require(16) config/config.default.js",
    "start": 1535454401573,
    "end": 1535454401573,
    "duration": 0,
    "pid": 17412,
    "index": 19
  },
  {
    "name": "Require(17) node_modules/_egg-security@2.2.3@egg-security/config/config.local.js",
    "start": 1535454401574,
    "end": 1535454401575,
    "duration": 1,
    "pid": 17412,
    "index": 20
  },
  {
    "name": "Require(18) node_modules/_egg-watcher@3.0.0@egg-watcher/config/config.local.js",
    "start": 1535454401576,
    "end": 1535454401577,
    "duration": 1,
    "pid": 17412,
    "index": 21
  },
  {
    "name": "Require(19) node_modules/_egg-view@2.1.0@egg-view/config/config.local.js",
    "start": 1535454401579,
    "end": 1535454401580,
    "duration": 1,
    "pid": 17412,
    "index": 22
  },
  {
    "name": "Require(20) node_modules/_egg-view-ejs@2.0.0@egg-view-ejs/config/config.local.js",
    "start": 1535454401581,
    "end": 1535454401582,
    "duration": 1,
    "pid": 17412,
    "index": 23
  },
  {
    "name": "Require(21) node_modules/_egg@2.10.0@egg/config/config.local.js",
    "start": 1535454401583,
    "end": 1535454401584,
    "duration": 1,
    "pid": 17412,
    "index": 24
  },
  {
    "name": "Load extend/application.js",
    "start": 1535454401586,
    "end": 1535454401636,
    "duration": 50,
    "pid": 17412,
    "index": 25
  },
  {
    "name": "Require(22) node_modules/_egg-session@3.1.0@egg-session/app/extend/application.js",
    "start": 1535454401587,
    "end": 1535454401588,
    "duration": 1,
    "pid": 17412,
    "index": 26
  },
  {
    "name": "Require(23) node_modules/_egg-security@2.2.3@egg-security/app/extend/application.js",
    "start": 1535454401589,
    "end": 1535454401592,
    "duration": 3,
    "pid": 17412,
    "index": 27
  },
  {
    "name": "Require(24) node_modules/_egg-jsonp@2.0.0@egg-jsonp/app/extend/application.js",
    "start": 1535454401596,
    "end": 1535454401606,
    "duration": 10,
    "pid": 17412,
    "index": 28
  },
  {
    "name": "Require(25) node_modules/_egg-logrotator@3.0.3@egg-logrotator/app/extend/application.js",
    "start": 1535454401608,
    "end": 1535454401614,
    "duration": 6,
    "pid": 17412,
    "index": 29
  },
  {
    "name": "Require(26) node_modules/_egg-view@2.1.0@egg-view/app/extend/application.js",
    "start": 1535454401615,
    "end": 1535454401618,
    "duration": 3,
    "pid": 17412,
    "index": 30
  },
  {
    "name": "Load extend/request.js",
    "start": 1535454401637,
    "end": 1535454401658,
    "duration": 21,
    "pid": 17412,
    "index": 31
  },
  {
    "name": "Require(27) node_modules/_egg@2.10.0@egg/app/extend/request.js",
    "start": 1535454401649,
    "end": 1535454401653,
    "duration": 4,
    "pid": 17412,
    "index": 32
  },
  {
    "name": "Load extend/response.js",
    "start": 1535454401658,
    "end": 1535454401673,
    "duration": 15,
    "pid": 17412,
    "index": 33
  },
  {
    "name": "Require(28) node_modules/_egg@2.10.0@egg/app/extend/response.js",
    "start": 1535454401663,
    "end": 1535454401669,
    "duration": 6,
    "pid": 17412,
    "index": 34
  },
  {
    "name": "Load extend/context.js",
    "start": 1535454401673,
    "end": 1535454401862,
    "duration": 189,
    "pid": 17412,
    "index": 35
  },
  {
    "name": "Require(29) node_modules/_egg-security@2.2.3@egg-security/app/extend/context.js",
    "start": 1535454401674,
    "end": 1535454401722,
    "duration": 48,
    "pid": 17412,
    "index": 36
  },
  {
    "name": "Require(30) node_modules/_egg-jsonp@2.0.0@egg-jsonp/app/extend/context.js",
    "start": 1535454401723,
    "end": 1535454401739,
    "duration": 16,
    "pid": 17412,
    "index": 37
  },
  {
    "name": "Require(31) node_modules/_egg-i18n@2.0.0@egg-i18n/app/extend/context.js",
    "start": 1535454401742,
    "end": 1535454401743,
    "duration": 1,
    "pid": 17412,
    "index": 38
  },
  {
    "name": "Require(32) node_modules/_egg-multipart@2.1.0@egg-multipart/app/extend/context.js",
    "start": 1535454401744,
    "end": 1535454401850,
    "duration": 106,
    "pid": 17412,
    "index": 39
  },
  {
    "name": "Require(33) node_modules/_egg-view@2.1.0@egg-view/app/extend/context.js",
    "start": 1535454401851,
    "end": 1535454401853,
    "duration": 2,
    "pid": 17412,
    "index": 40
  },
  {
    "name": "Require(34) node_modules/_egg@2.10.0@egg/app/extend/context.js",
    "start": 1535454401854,
    "end": 1535454401857,
    "duration": 3,
    "pid": 17412,
    "index": 41
  },
  {
    "name": "Load extend/helper.js",
    "start": 1535454401862,
    "end": 1535454401921,
    "duration": 59,
    "pid": 17412,
    "index": 42
  },
  {
    "name": "Require(35) node_modules/_egg-security@2.2.3@egg-security/app/extend/helper.js",
    "start": 1535454401865,
    "end": 1535454401906,
    "duration": 41,
    "pid": 17412,
    "index": 43
  },
  {
    "name": "Require(36) node_modules/_egg@2.10.0@egg/app/extend/helper.js",
    "start": 1535454401910,
    "end": 1535454401911,
    "duration": 1,
    "pid": 17412,
    "index": 44
  },
  {
    "name": "Load app.js",
    "start": 1535454401921,
    "end": 1535454402187,
    "duration": 266,
    "pid": 17412,
    "index": 45
  },
  {
    "name": "Require(37) node_modules/_egg-session@3.1.0@egg-session/app.js",
    "start": 1535454401921,
    "end": 1535454401922,
    "duration": 1,
    "pid": 17412,
    "index": 46
  },
  {
    "name": "Require(38) node_modules/_egg-security@2.2.3@egg-security/app.js",
    "start": 1535454401923,
    "end": 1535454401927,
    "duration": 4,
    "pid": 17412,
    "index": 47
  },
  {
    "name": "Require(39) node_modules/_egg-onerror@2.1.0@egg-onerror/app.js",
    "start": 1535454401930,
    "end": 1535454401947,
    "duration": 17,
    "pid": 17412,
    "index": 48
  },
  {
    "name": "Require(40) node_modules/_egg-i18n@2.0.0@egg-i18n/app.js",
    "start": 1535454401949,
    "end": 1535454401960,
    "duration": 11,
    "pid": 17412,
    "index": 49
  },
  {
    "name": "Require(41) node_modules/_egg-watcher@3.0.0@egg-watcher/app.js",
    "start": 1535454401965,
    "end": 1535454401973,
    "duration": 8,
    "pid": 17412,
    "index": 50
  },
  {
    "name": "Before Start in node_modules/_egg-watcher@3.0.0@egg-watcher/app.js:15:7",
    "start": 1535454401984,
    "end": 1535454402373,
    "duration": 389,
    "pid": 17412,
    "index": 51
  },
  {
    "name": "Require(42) node_modules/_egg-multipart@2.1.0@egg-multipart/app.js",
    "start": 1535454401986,
    "end": 1535454401991,
    "duration": 5,
    "pid": 17412,
    "index": 52
  },
  {
    "name": "Require(43) node_modules/_egg-development@2.4.1@egg-development/app.js",
    "start": 1535454401992,
    "end": 1535454401992,
    "duration": 0,
    "pid": 17412,
    "index": 53
  },
  {
    "name": "Require(44) node_modules/_egg-schedule@3.3.0@egg-schedule/app.js",
    "start": 1535454401993,
    "end": 1535454401997,
    "duration": 4,
    "pid": 17412,
    "index": 54
  },
  {
    "name": "Require(45) node_modules/_egg-logrotator@3.0.3@egg-logrotator/app.js",
    "start": 1535454402048,
    "end": 1535454402048,
    "duration": 0,
    "pid": 17412,
    "index": 55
  },
  {
    "name": "Require(46) node_modules/_egg-static@2.1.1@egg-static/app.js",
    "start": 1535454402049,
    "end": 1535454402049,
    "duration": 0,
    "pid": 17412,
    "index": 56
  },
  {
    "name": "Require(47) node_modules/_egg-view-ejs@2.0.0@egg-view-ejs/app.js",
    "start": 1535454402050,
    "end": 1535454402050,
    "duration": 0,
    "pid": 17412,
    "index": 57
  },
  {
    "name": "Require(48) node_modules/_egg-mysql@3.0.0@egg-mysql/app.js",
    "start": 1535454402057,
    "end": 1535454402085,
    "duration": 28,
    "pid": 17412,
    "index": 58
  },
  {
    "name": "Before Start in node_modules/_egg-mysql@3.0.0@egg-mysql/lib/mysql.js:20:7",
    "start": 1535454402185,
    "end": 1535454402378,
    "duration": 193,
    "pid": 17412,
    "index": 59
  },
  {
    "name": "Load Service",
    "start": 1535454402187,
    "end": 1535454402195,
    "duration": 8,
    "pid": 17412,
    "index": 60
  },
  {
    "name": "Load \"service\" to Context",
    "start": 1535454402188,
    "end": 1535454402194,
    "duration": 6,
    "pid": 17412,
    "index": 61
  },
  {
    "name": "Load Middleware",
    "start": 1535454402195,
    "end": 1535454402328,
    "duration": 133,
    "pid": 17412,
    "index": 62
  },
  {
    "name": "Load \"middlewares\" to Application",
    "start": 1535454402195,
    "end": 1535454402310,
    "duration": 115,
    "pid": 17412,
    "index": 63
  },
  {
    "name": "Load Controller",
    "start": 1535454402328,
    "end": 1535454402331,
    "duration": 3,
    "pid": 17412,
    "index": 64
  },
  {
    "name": "Load \"controller\" to Application",
    "start": 1535454402328,
    "end": 1535454402331,
    "duration": 3,
    "pid": 17412,
    "index": 65
  },
  {
    "name": "Load Router",
    "start": 1535454402331,
    "end": 1535454402335,
    "duration": 4,
    "pid": 17412,
    "index": 66
  },
  {
    "name": "Require(49) app/router.js",
    "start": 1535454402332,
    "end": 1535454402332,
    "duration": 0,
    "pid": 17412,
    "index": 67
  },
  {
    "name": "Before Start in node_modules/_egg-core@4.9.1@egg-core/lib/egg.js:328:10",
    "start": 1535454402333,
    "end": 1535454402355,
    "duration": 22,
    "pid": 17412,
    "index": 68
  }
]