[
  {
    "name": "Application Start",
    "start": 1535452183233,
    "end": 1535452184374,
    "duration": 1141,
    "pid": 1328,
    "index": 0
  },
  {
    "name": "Load Plugin",
    "start": 1535452183240,
    "end": 1535452183273,
    "duration": 33,
    "pid": 1328,
    "index": 1
  },
  {
    "name": "Load Config",
    "start": 1535452183274,
    "end": 1535452183308,
    "duration": 34,
    "pid": 1328,
    "index": 2
  },
  {
    "name": "Require(0) config/config.default.js",
    "start": 1535452183275,
    "end": 1535452183275,
    "duration": 0,
    "pid": 1328,
    "index": 3
  },
  {
    "name": "Require(1) node_modules/_egg-session@3.1.0@egg-session/config/config.default.js",
    "start": 1535452183277,
    "end": 1535452183278,
    "duration": 1,
    "pid": 1328,
    "index": 4
  },
  {
    "name": "Require(2) node_modules/_egg-security@2.2.3@egg-security/config/config.default.js",
    "start": 1535452183278,
    "end": 1535452183279,
    "duration": 1,
    "pid": 1328,
    "index": 5
  },
  {
    "name": "Require(3) node_modules/_egg-jsonp@2.0.0@egg-jsonp/config/config.default.js",
    "start": 1535452183281,
    "end": 1535452183282,
    "duration": 1,
    "pid": 1328,
    "index": 6
  },
  {
    "name": "Require(4) node_modules/_egg-onerror@2.1.0@egg-onerror/config/config.default.js",
    "start": 1535452183282,
    "end": 1535452183283,
    "duration": 1,
    "pid": 1328,
    "index": 7
  },
  {
    "name": "Require(5) node_modules/_egg-i18n@2.0.0@egg-i18n/config/config.default.js",
    "start": 1535452183283,
    "end": 1535452183284,
    "duration": 1,
    "pid": 1328,
    "index": 8
  },
  {
    "name": "Require(6) node_modules/_egg-watcher@3.0.0@egg-watcher/config/config.default.js",
    "start": 1535452183285,
    "end": 1535452183285,
    "duration": 0,
    "pid": 1328,
    "index": 9
  },
  {
    "name": "Require(7) node_modules/_egg-multipart@2.1.0@egg-multipart/config/config.default.js",
    "start": 1535452183286,
    "end": 1535452183286,
    "duration": 0,
    "pid": 1328,
    "index": 10
  },
  {
    "name": "Require(8) node_modules/_egg-development@2.4.1@egg-development/config/config.default.js",
    "start": 1535452183287,
    "end": 1535452183288,
    "duration": 1,
    "pid": 1328,
    "index": 11
  },
  {
    "name": "Require(9) node_modules/_egg-schedule@3.3.0@egg-schedule/config/config.default.js",
    "start": 1535452183288,
    "end": 1535452183289,
    "duration": 1,
    "pid": 1328,
    "index": 12
  },
  {
    "name": "Require(10) node_modules/_egg-logrotator@3.0.3@egg-logrotator/config/config.default.js",
    "start": 1535452183289,
    "end": 1535452183290,
    "duration": 1,
    "pid": 1328,
    "index": 13
  },
  {
    "name": "Require(11) node_modules/_egg-static@2.1.1@egg-static/config/config.default.js",
    "start": 1535452183291,
    "end": 1535452183291,
    "duration": 0,
    "pid": 1328,
    "index": 14
  },
  {
    "name": "Require(12) node_modules/_egg-view@2.1.0@egg-view/config/config.default.js",
    "start": 1535452183292,
    "end": 1535452183292,
    "duration": 0,
    "pid": 1328,
    "index": 15
  },
  {
    "name": "Require(13) node_modules/_egg-view-ejs@2.0.0@egg-view-ejs/config/config.default.js",
    "start": 1535452183293,
    "end": 1535452183293,
    "duration": 0,
    "pid": 1328,
    "index": 16
  },
  {
    "name": "Require(14) node_modules/_egg-mysql@3.0.0@egg-mysql/config/config.default.js",
    "start": 1535452183294,
    "end": 1535452183294,
    "duration": 0,
    "pid": 1328,
    "index": 17
  },
  {
    "name": "Require(15) node_modules/_egg@2.10.0@egg/config/config.default.js",
    "start": 1535452183295,
    "end": 1535452183296,
    "duration": 1,
    "pid": 1328,
    "index": 18
  },
  {
    "name": "Require(16) config/config.default.js",
    "start": 1535452183298,
    "end": 1535452183298,
    "duration": 0,
    "pid": 1328,
    "index": 19
  },
  {
    "name": "Require(17) node_modules/_egg-security@2.2.3@egg-security/config/config.local.js",
    "start": 1535452183299,
    "end": 1535452183299,
    "duration": 0,
    "pid": 1328,
    "index": 20
  },
  {
    "name": "Require(18) node_modules/_egg-watcher@3.0.0@egg-watcher/config/config.local.js",
    "start": 1535452183301,
    "end": 1535452183302,
    "duration": 1,
    "pid": 1328,
    "index": 21
  },
  {
    "name": "Require(19) node_modules/_egg-view@2.1.0@egg-view/config/config.local.js",
    "start": 1535452183304,
    "end": 1535452183305,
    "duration": 1,
    "pid": 1328,
    "index": 22
  },
  {
    "name": "Require(20) node_modules/_egg-view-ejs@2.0.0@egg-view-ejs/config/config.local.js",
    "start": 1535452183305,
    "end": 1535452183305,
    "duration": 0,
    "pid": 1328,
    "index": 23
  },
  {
    "name": "Require(21) node_modules/_egg@2.10.0@egg/config/config.local.js",
    "start": 1535452183306,
    "end": 1535452183307,
    "duration": 1,
    "pid": 1328,
    "index": 24
  },
  {
    "name": "Load extend/application.js",
    "start": 1535452183315,
    "end": 1535452183344,
    "duration": 29,
    "pid": 1328,
    "index": 25
  },
  {
    "name": "Require(22) node_modules/_egg-session@3.1.0@egg-session/app/extend/application.js",
    "start": 1535452183316,
    "end": 1535452183317,
    "duration": 1,
    "pid": 1328,
    "index": 26
  },
  {
    "name": "Require(23) node_modules/_egg-security@2.2.3@egg-security/app/extend/application.js",
    "start": 1535452183318,
    "end": 1535452183320,
    "duration": 2,
    "pid": 1328,
    "index": 27
  },
  {
    "name": "Require(24) node_modules/_egg-jsonp@2.0.0@egg-jsonp/app/extend/application.js",
    "start": 1535452183321,
    "end": 1535452183324,
    "duration": 3,
    "pid": 1328,
    "index": 28
  },
  {
    "name": "Require(25) node_modules/_egg-logrotator@3.0.3@egg-logrotator/app/extend/application.js",
    "start": 1535452183327,
    "end": 1535452183332,
    "duration": 5,
    "pid": 1328,
    "index": 29
  },
  {
    "name": "Require(26) node_modules/_egg-view@2.1.0@egg-view/app/extend/application.js",
    "start": 1535452183333,
    "end": 1535452183336,
    "duration": 3,
    "pid": 1328,
    "index": 30
  },
  {
    "name": "Load extend/request.js",
    "start": 1535452183344,
    "end": 1535452183356,
    "duration": 12,
    "pid": 1328,
    "index": 31
  },
  {
    "name": "Require(27) node_modules/_egg@2.10.0@egg/app/extend/request.js",
    "start": 1535452183348,
    "end": 1535452183351,
    "duration": 3,
    "pid": 1328,
    "index": 32
  },
  {
    "name": "Load extend/response.js",
    "start": 1535452183356,
    "end": 1535452183367,
    "duration": 11,
    "pid": 1328,
    "index": 33
  },
  {
    "name": "Require(28) node_modules/_egg@2.10.0@egg/app/extend/response.js",
    "start": 1535452183360,
    "end": 1535452183363,
    "duration": 3,
    "pid": 1328,
    "index": 34
  },
  {
    "name": "Load extend/context.js",
    "start": 1535452183367,
    "end": 1535452183468,
    "duration": 101,
    "pid": 1328,
    "index": 35
  },
  {
    "name": "Require(29) node_modules/_egg-security@2.2.3@egg-security/app/extend/context.js",
    "start": 1535452183368,
    "end": 1535452183388,
    "duration": 20,
    "pid": 1328,
    "index": 36
  },
  {
    "name": "Require(30) node_modules/_egg-jsonp@2.0.0@egg-jsonp/app/extend/context.js",
    "start": 1535452183388,
    "end": 1535452183391,
    "duration": 3,
    "pid": 1328,
    "index": 37
  },
  {
    "name": "Require(31) node_modules/_egg-i18n@2.0.0@egg-i18n/app/extend/context.js",
    "start": 1535452183392,
    "end": 1535452183392,
    "duration": 0,
    "pid": 1328,
    "index": 38
  },
  {
    "name": "Require(32) node_modules/_egg-multipart@2.1.0@egg-multipart/app/extend/context.js",
    "start": 1535452183393,
    "end": 1535452183453,
    "duration": 60,
    "pid": 1328,
    "index": 39
  },
  {
    "name": "Require(33) node_modules/_egg-view@2.1.0@egg-view/app/extend/context.js",
    "start": 1535452183455,
    "end": 1535452183456,
    "duration": 1,
    "pid": 1328,
    "index": 40
  },
  {
    "name": "Require(34) node_modules/_egg@2.10.0@egg/app/extend/context.js",
    "start": 1535452183457,
    "end": 1535452183460,
    "duration": 3,
    "pid": 1328,
    "index": 41
  },
  {
    "name": "Load extend/helper.js",
    "start": 1535452183468,
    "end": 1535452183554,
    "duration": 86,
    "pid": 1328,
    "index": 42
  },
  {
    "name": "Require(35) node_modules/_egg-security@2.2.3@egg-security/app/extend/helper.js",
    "start": 1535452183469,
    "end": 1535452183506,
    "duration": 37,
    "pid": 1328,
    "index": 43
  },
  {
    "name": "Require(36) node_modules/_egg@2.10.0@egg/app/extend/helper.js",
    "start": 1535452183520,
    "end": 1535452183523,
    "duration": 3,
    "pid": 1328,
    "index": 44
  },
  {
    "name": "Load app.js",
    "start": 1535452183554,
    "end": 1535452184072,
    "duration": 518,
    "pid": 1328,
    "index": 45
  },
  {
    "name": "Require(37) node_modules/_egg-session@3.1.0@egg-session/app.js",
    "start": 1535452183555,
    "end": 1535452183556,
    "duration": 1,
    "pid": 1328,
    "index": 46
  },
  {
    "name": "Require(38) node_modules/_egg-security@2.2.3@egg-security/app.js",
    "start": 1535452183562,
    "end": 1535452183570,
    "duration": 8,
    "pid": 1328,
    "index": 47
  },
  {
    "name": "Require(39) node_modules/_egg-onerror@2.1.0@egg-onerror/app.js",
    "start": 1535452183573,
    "end": 1535452183592,
    "duration": 19,
    "pid": 1328,
    "index": 48
  },
  {
    "name": "Require(40) node_modules/_egg-i18n@2.0.0@egg-i18n/app.js",
    "start": 1535452183595,
    "end": 1535452183612,
    "duration": 17,
    "pid": 1328,
    "index": 49
  },
  {
    "name": "Require(41) node_modules/_egg-watcher@3.0.0@egg-watcher/app.js",
    "start": 1535452183619,
    "end": 1535452183627,
    "duration": 8,
    "pid": 1328,
    "index": 50
  },
  {
    "name": "Before Start in node_modules/_egg-watcher@3.0.0@egg-watcher/app.js:15:7",
    "start": 1535452183642,
    "end": 1535452184370,
    "duration": 728,
    "pid": 1328,
    "index": 51
  },
  {
    "name": "Require(42) node_modules/_egg-multipart@2.1.0@egg-multipart/app.js",
    "start": 1535452183644,
    "end": 1535452183652,
    "duration": 8,
    "pid": 1328,
    "index": 52
  },
  {
    "name": "Require(43) node_modules/_egg-development@2.4.1@egg-development/app.js",
    "start": 1535452183655,
    "end": 1535452183655,
    "duration": 0,
    "pid": 1328,
    "index": 53
  },
  {
    "name": "Require(44) node_modules/_egg-schedule@3.3.0@egg-schedule/app.js",
    "start": 1535452183656,
    "end": 1535452183659,
    "duration": 3,
    "pid": 1328,
    "index": 54
  },
  {
    "name": "Require(45) node_modules/_egg-logrotator@3.0.3@egg-logrotator/app.js",
    "start": 1535452183777,
    "end": 1535452183778,
    "duration": 1,
    "pid": 1328,
    "index": 55
  },
  {
    "name": "Require(46) node_modules/_egg-static@2.1.1@egg-static/app.js",
    "start": 1535452183780,
    "end": 1535452183781,
    "duration": 1,
    "pid": 1328,
    "index": 56
  },
  {
    "name": "Require(47) node_modules/_egg-view-ejs@2.0.0@egg-view-ejs/app.js",
    "start": 1535452183784,
    "end": 1535452183785,
    "duration": 1,
    "pid": 1328,
    "index": 57
  },
  {
    "name": "Require(48) node_modules/_egg-mysql@3.0.0@egg-mysql/app.js",
    "start": 1535452183798,
    "end": 1535452183864,
    "duration": 66,
    "pid": 1328,
    "index": 58
  },
  {
    "name": "Before Start in node_modules/_egg-mysql@3.0.0@egg-mysql/lib/mysql.js:20:7",
    "start": 1535452184070,
    "end": 1535452184374,
    "duration": 304,
    "pid": 1328,
    "index": 59
  },
  {
    "name": "Load Service",
    "start": 1535452184072,
    "end": 1535452184083,
    "duration": 11,
    "pid": 1328,
    "index": 60
  },
  {
    "name": "Load \"service\" to Context",
    "start": 1535452184073,
    "end": 1535452184083,
    "duration": 10,
    "pid": 1328,
    "index": 61
  },
  {
    "name": "Load Middleware",
    "start": 1535452184083,
    "end": 1535452184308,
    "duration": 225,
    "pid": 1328,
    "index": 62
  },
  {
    "name": "Load \"middlewares\" to Application",
    "start": 1535452184083,
    "end": 1535452184284,
    "duration": 201,
    "pid": 1328,
    "index": 63
  },
  {
    "name": "Load Controller",
    "start": 1535452184308,
    "end": 1535452184313,
    "duration": 5,
    "pid": 1328,
    "index": 64
  },
  {
    "name": "Load \"controller\" to Application",
    "start": 1535452184308,
    "end": 1535452184313,
    "duration": 5,
    "pid": 1328,
    "index": 65
  },
  {
    "name": "Load Router",
    "start": 1535452184313,
    "end": 1535452184317,
    "duration": 4,
    "pid": 1328,
    "index": 66
  },
  {
    "name": "Require(49) app/router.js",
    "start": 1535452184313,
    "end": 1535452184314,
    "duration": 1,
    "pid": 1328,
    "index": 67
  },
  {
    "name": "Before Start in node_modules/_egg-core@4.9.1@egg-core/lib/egg.js:328:10",
    "start": 1535452184314,
    "end": 1535452184347,
    "duration": 33,
    "pid": 1328,
    "index": 68
  }
]