[
  {
    "name": "Application Start",
    "start": 1535451868764,
    "end": 1535451869635,
    "duration": 871,
    "pid": 17720,
    "index": 0
  },
  {
    "name": "Load Plugin",
    "start": 1535451868772,
    "end": 1535451868815,
    "duration": 43,
    "pid": 17720,
    "index": 1
  },
  {
    "name": "Load Config",
    "start": 1535451868815,
    "end": 1535451868851,
    "duration": 36,
    "pid": 17720,
    "index": 2
  },
  {
    "name": "Require(0) config/config.default.js",
    "start": 1535451868817,
    "end": 1535451868818,
    "duration": 1,
    "pid": 17720,
    "index": 3
  },
  {
    "name": "Require(1) node_modules/_egg-session@3.1.0@egg-session/config/config.default.js",
    "start": 1535451868820,
    "end": 1535451868821,
    "duration": 1,
    "pid": 17720,
    "index": 4
  },
  {
    "name": "Require(2) node_modules/_egg-security@2.2.3@egg-security/config/config.default.js",
    "start": 1535451868822,
    "end": 1535451868822,
    "duration": 0,
    "pid": 17720,
    "index": 5
  },
  {
    "name": "Require(3) node_modules/_egg-jsonp@2.0.0@egg-jsonp/config/config.default.js",
    "start": 1535451868824,
    "end": 1535451868824,
    "duration": 0,
    "pid": 17720,
    "index": 6
  },
  {
    "name": "Require(4) node_modules/_egg-onerror@2.1.0@egg-onerror/config/config.default.js",
    "start": 1535451868825,
    "end": 1535451868826,
    "duration": 1,
    "pid": 17720,
    "index": 7
  },
  {
    "name": "Require(5) node_modules/_egg-i18n@2.0.0@egg-i18n/config/config.default.js",
    "start": 1535451868826,
    "end": 1535451868827,
    "duration": 1,
    "pid": 17720,
    "index": 8
  },
  {
    "name": "Require(6) node_modules/_egg-watcher@3.0.0@egg-watcher/config/config.default.js",
    "start": 1535451868828,
    "end": 1535451868828,
    "duration": 0,
    "pid": 17720,
    "index": 9
  },
  {
    "name": "Require(7) node_modules/_egg-multipart@2.1.0@egg-multipart/config/config.default.js",
    "start": 1535451868829,
    "end": 1535451868829,
    "duration": 0,
    "pid": 17720,
    "index": 10
  },
  {
    "name": "Require(8) node_modules/_egg-development@2.4.1@egg-development/config/config.default.js",
    "start": 1535451868830,
    "end": 1535451868830,
    "duration": 0,
    "pid": 17720,
    "index": 11
  },
  {
    "name": "Require(9) node_modules/_egg-schedule@3.3.0@egg-schedule/config/config.default.js",
    "start": 1535451868831,
    "end": 1535451868831,
    "duration": 0,
    "pid": 17720,
    "index": 12
  },
  {
    "name": "Require(10) node_modules/_egg-logrotator@3.0.3@egg-logrotator/config/config.default.js",
    "start": 1535451868832,
    "end": 1535451868832,
    "duration": 0,
    "pid": 17720,
    "index": 13
  },
  {
    "name": "Require(11) node_modules/_egg-static@2.1.1@egg-static/config/config.default.js",
    "start": 1535451868833,
    "end": 1535451868834,
    "duration": 1,
    "pid": 17720,
    "index": 14
  },
  {
    "name": "Require(12) node_modules/_egg-view@2.1.0@egg-view/config/config.default.js",
    "start": 1535451868835,
    "end": 1535451868835,
    "duration": 0,
    "pid": 17720,
    "index": 15
  },
  {
    "name": "Require(13) node_modules/_egg-view-ejs@2.0.0@egg-view-ejs/config/config.default.js",
    "start": 1535451868836,
    "end": 1535451868836,
    "duration": 0,
    "pid": 17720,
    "index": 16
  },
  {
    "name": "Require(14) node_modules/_egg-mysql@3.0.0@egg-mysql/config/config.default.js",
    "start": 1535451868837,
    "end": 1535451868837,
    "duration": 0,
    "pid": 17720,
    "index": 17
  },
  {
    "name": "Require(15) node_modules/_egg@2.10.0@egg/config/config.default.js",
    "start": 1535451868838,
    "end": 1535451868839,
    "duration": 1,
    "pid": 17720,
    "index": 18
  },
  {
    "name": "Require(16) config/config.default.js",
    "start": 1535451868841,
    "end": 1535451868841,
    "duration": 0,
    "pid": 17720,
    "index": 19
  },
  {
    "name": "Require(17) node_modules/_egg-security@2.2.3@egg-security/config/config.local.js",
    "start": 1535451868842,
    "end": 1535451868843,
    "duration": 1,
    "pid": 17720,
    "index": 20
  },
  {
    "name": "Require(18) node_modules/_egg-watcher@3.0.0@egg-watcher/config/config.local.js",
    "start": 1535451868844,
    "end": 1535451868845,
    "duration": 1,
    "pid": 17720,
    "index": 21
  },
  {
    "name": "Require(19) node_modules/_egg-view@2.1.0@egg-view/config/config.local.js",
    "start": 1535451868847,
    "end": 1535451868848,
    "duration": 1,
    "pid": 17720,
    "index": 22
  },
  {
    "name": "Require(20) node_modules/_egg-view-ejs@2.0.0@egg-view-ejs/config/config.local.js",
    "start": 1535451868848,
    "end": 1535451868849,
    "duration": 1,
    "pid": 17720,
    "index": 23
  },
  {
    "name": "Require(21) node_modules/_egg@2.10.0@egg/config/config.local.js",
    "start": 1535451868850,
    "end": 1535451868850,
    "duration": 0,
    "pid": 17720,
    "index": 24
  },
  {
    "name": "Load extend/application.js",
    "start": 1535451868853,
    "end": 1535451868886,
    "duration": 33,
    "pid": 17720,
    "index": 25
  },
  {
    "name": "Require(22) node_modules/_egg-session@3.1.0@egg-session/app/extend/application.js",
    "start": 1535451868854,
    "end": 1535451868855,
    "duration": 1,
    "pid": 17720,
    "index": 26
  },
  {
    "name": "Require(23) node_modules/_egg-security@2.2.3@egg-security/app/extend/application.js",
    "start": 1535451868856,
    "end": 1535451868857,
    "duration": 1,
    "pid": 17720,
    "index": 27
  },
  {
    "name": "Require(24) node_modules/_egg-jsonp@2.0.0@egg-jsonp/app/extend/application.js",
    "start": 1535451868858,
    "end": 1535451868861,
    "duration": 3,
    "pid": 17720,
    "index": 28
  },
  {
    "name": "Require(25) node_modules/_egg-logrotator@3.0.3@egg-logrotator/app/extend/application.js",
    "start": 1535451868864,
    "end": 1535451868868,
    "duration": 4,
    "pid": 17720,
    "index": 29
  },
  {
    "name": "Require(26) node_modules/_egg-view@2.1.0@egg-view/app/extend/application.js",
    "start": 1535451868869,
    "end": 1535451868875,
    "duration": 6,
    "pid": 17720,
    "index": 30
  },
  {
    "name": "Load extend/request.js",
    "start": 1535451868886,
    "end": 1535451868899,
    "duration": 13,
    "pid": 17720,
    "index": 31
  },
  {
    "name": "Require(27) node_modules/_egg@2.10.0@egg/app/extend/request.js",
    "start": 1535451868892,
    "end": 1535451868895,
    "duration": 3,
    "pid": 17720,
    "index": 32
  },
  {
    "name": "Load extend/response.js",
    "start": 1535451868899,
    "end": 1535451868912,
    "duration": 13,
    "pid": 17720,
    "index": 33
  },
  {
    "name": "Require(28) node_modules/_egg@2.10.0@egg/app/extend/response.js",
    "start": 1535451868904,
    "end": 1535451868908,
    "duration": 4,
    "pid": 17720,
    "index": 34
  },
  {
    "name": "Load extend/context.js",
    "start": 1535451868912,
    "end": 1535451869034,
    "duration": 122,
    "pid": 17720,
    "index": 35
  },
  {
    "name": "Require(29) node_modules/_egg-security@2.2.3@egg-security/app/extend/context.js",
    "start": 1535451868913,
    "end": 1535451868941,
    "duration": 28,
    "pid": 17720,
    "index": 36
  },
  {
    "name": "Require(30) node_modules/_egg-jsonp@2.0.0@egg-jsonp/app/extend/context.js",
    "start": 1535451868942,
    "end": 1535451868947,
    "duration": 5,
    "pid": 17720,
    "index": 37
  },
  {
    "name": "Require(31) node_modules/_egg-i18n@2.0.0@egg-i18n/app/extend/context.js",
    "start": 1535451868949,
    "end": 1535451868952,
    "duration": 3,
    "pid": 17720,
    "index": 38
  },
  {
    "name": "Require(32) node_modules/_egg-multipart@2.1.0@egg-multipart/app/extend/context.js",
    "start": 1535451868955,
    "end": 1535451869022,
    "duration": 67,
    "pid": 17720,
    "index": 39
  },
  {
    "name": "Require(33) node_modules/_egg-view@2.1.0@egg-view/app/extend/context.js",
    "start": 1535451869024,
    "end": 1535451869025,
    "duration": 1,
    "pid": 17720,
    "index": 40
  },
  {
    "name": "Require(34) node_modules/_egg@2.10.0@egg/app/extend/context.js",
    "start": 1535451869026,
    "end": 1535451869029,
    "duration": 3,
    "pid": 17720,
    "index": 41
  },
  {
    "name": "Load extend/helper.js",
    "start": 1535451869034,
    "end": 1535451869073,
    "duration": 39,
    "pid": 17720,
    "index": 42
  },
  {
    "name": "Require(35) node_modules/_egg-security@2.2.3@egg-security/app/extend/helper.js",
    "start": 1535451869036,
    "end": 1535451869064,
    "duration": 28,
    "pid": 17720,
    "index": 43
  },
  {
    "name": "Require(36) node_modules/_egg@2.10.0@egg/app/extend/helper.js",
    "start": 1535451869068,
    "end": 1535451869069,
    "duration": 1,
    "pid": 17720,
    "index": 44
  },
  {
    "name": "Load app.js",
    "start": 1535451869074,
    "end": 1535451869403,
    "duration": 329,
    "pid": 17720,
    "index": 45
  },
  {
    "name": "Require(37) node_modules/_egg-session@3.1.0@egg-session/app.js",
    "start": 1535451869074,
    "end": 1535451869075,
    "duration": 1,
    "pid": 17720,
    "index": 46
  },
  {
    "name": "Require(38) node_modules/_egg-security@2.2.3@egg-security/app.js",
    "start": 1535451869076,
    "end": 1535451869079,
    "duration": 3,
    "pid": 17720,
    "index": 47
  },
  {
    "name": "Require(39) node_modules/_egg-onerror@2.1.0@egg-onerror/app.js",
    "start": 1535451869081,
    "end": 1535451869096,
    "duration": 15,
    "pid": 17720,
    "index": 48
  },
  {
    "name": "Require(40) node_modules/_egg-i18n@2.0.0@egg-i18n/app.js",
    "start": 1535451869098,
    "end": 1535451869110,
    "duration": 12,
    "pid": 17720,
    "index": 49
  },
  {
    "name": "Require(41) node_modules/_egg-watcher@3.0.0@egg-watcher/app.js",
    "start": 1535451869114,
    "end": 1535451869120,
    "duration": 6,
    "pid": 17720,
    "index": 50
  },
  {
    "name": "Before Start in node_modules/_egg-watcher@3.0.0@egg-watcher/app.js:15:7",
    "start": 1535451869133,
    "end": 1535451869629,
    "duration": 496,
    "pid": 17720,
    "index": 51
  },
  {
    "name": "Require(42) node_modules/_egg-multipart@2.1.0@egg-multipart/app.js",
    "start": 1535451869135,
    "end": 1535451869141,
    "duration": 6,
    "pid": 17720,
    "index": 52
  },
  {
    "name": "Require(43) node_modules/_egg-development@2.4.1@egg-development/app.js",
    "start": 1535451869142,
    "end": 1535451869143,
    "duration": 1,
    "pid": 17720,
    "index": 53
  },
  {
    "name": "Require(44) node_modules/_egg-schedule@3.3.0@egg-schedule/app.js",
    "start": 1535451869144,
    "end": 1535451869148,
    "duration": 4,
    "pid": 17720,
    "index": 54
  },
  {
    "name": "Require(45) node_modules/_egg-logrotator@3.0.3@egg-logrotator/app.js",
    "start": 1535451869219,
    "end": 1535451869221,
    "duration": 2,
    "pid": 17720,
    "index": 55
  },
  {
    "name": "Require(46) node_modules/_egg-static@2.1.1@egg-static/app.js",
    "start": 1535451869223,
    "end": 1535451869224,
    "duration": 1,
    "pid": 17720,
    "index": 56
  },
  {
    "name": "Require(47) node_modules/_egg-view-ejs@2.0.0@egg-view-ejs/app.js",
    "start": 1535451869228,
    "end": 1535451869228,
    "duration": 0,
    "pid": 17720,
    "index": 57
  },
  {
    "name": "Require(48) node_modules/_egg-mysql@3.0.0@egg-mysql/app.js",
    "start": 1535451869238,
    "end": 1535451869269,
    "duration": 31,
    "pid": 17720,
    "index": 58
  },
  {
    "name": "Before Start in node_modules/_egg-mysql@3.0.0@egg-mysql/lib/mysql.js:20:7",
    "start": 1535451869400,
    "end": 1535451869635,
    "duration": 235,
    "pid": 17720,
    "index": 59
  },
  {
    "name": "Load Service",
    "start": 1535451869403,
    "end": 1535451869411,
    "duration": 8,
    "pid": 17720,
    "index": 60
  },
  {
    "name": "Load \"service\" to Context",
    "start": 1535451869403,
    "end": 1535451869411,
    "duration": 8,
    "pid": 17720,
    "index": 61
  },
  {
    "name": "Load Middleware",
    "start": 1535451869411,
    "end": 1535451869575,
    "duration": 164,
    "pid": 17720,
    "index": 62
  },
  {
    "name": "Load \"middlewares\" to Application",
    "start": 1535451869412,
    "end": 1535451869555,
    "duration": 143,
    "pid": 17720,
    "index": 63
  },
  {
    "name": "Load Controller",
    "start": 1535451869575,
    "end": 1535451869579,
    "duration": 4,
    "pid": 17720,
    "index": 64
  },
  {
    "name": "Load \"controller\" to Application",
    "start": 1535451869575,
    "end": 1535451869579,
    "duration": 4,
    "pid": 17720,
    "index": 65
  },
  {
    "name": "Load Router",
    "start": 1535451869579,
    "end": 1535451869582,
    "duration": 3,
    "pid": 17720,
    "index": 66
  },
  {
    "name": "Require(49) app/router.js",
    "start": 1535451869579,
    "end": 1535451869580,
    "duration": 1,
    "pid": 17720,
    "index": 67
  },
  {
    "name": "Before Start in node_modules/_egg-core@4.9.1@egg-core/lib/egg.js:328:10",
    "start": 1535451869580,
    "end": 1535451869608,
    "duration": 28,
    "pid": 17720,
    "index": 68
  }
]