[
  {
    "name": "Application Start",
    "start": 1535453755745,
    "end": 1535453756679,
    "duration": 934,
    "pid": 15756,
    "index": 0
  },
  {
    "name": "Load Plugin",
    "start": 1535453755753,
    "end": 1535453755793,
    "duration": 40,
    "pid": 15756,
    "index": 1
  },
  {
    "name": "Load Config",
    "start": 1535453755794,
    "end": 1535453755833,
    "duration": 39,
    "pid": 15756,
    "index": 2
  },
  {
    "name": "Require(0) config/config.default.js",
    "start": 1535453755795,
    "end": 1535453755795,
    "duration": 0,
    "pid": 15756,
    "index": 3
  },
  {
    "name": "Require(1) node_modules/_egg-session@3.1.0@egg-session/config/config.default.js",
    "start": 1535453755797,
    "end": 1535453755798,
    "duration": 1,
    "pid": 15756,
    "index": 4
  },
  {
    "name": "Require(2) node_modules/_egg-security@2.2.3@egg-security/config/config.default.js",
    "start": 1535453755799,
    "end": 1535453755799,
    "duration": 0,
    "pid": 15756,
    "index": 5
  },
  {
    "name": "Require(3) node_modules/_egg-jsonp@2.0.0@egg-jsonp/config/config.default.js",
    "start": 1535453755801,
    "end": 1535453755801,
    "duration": 0,
    "pid": 15756,
    "index": 6
  },
  {
    "name": "Require(4) node_modules/_egg-onerror@2.1.0@egg-onerror/config/config.default.js",
    "start": 1535453755802,
    "end": 1535453755803,
    "duration": 1,
    "pid": 15756,
    "index": 7
  },
  {
    "name": "Require(5) node_modules/_egg-i18n@2.0.0@egg-i18n/config/config.default.js",
    "start": 1535453755804,
    "end": 1535453755805,
    "duration": 1,
    "pid": 15756,
    "index": 8
  },
  {
    "name": "Require(6) node_modules/_egg-watcher@3.0.0@egg-watcher/config/config.default.js",
    "start": 1535453755806,
    "end": 1535453755806,
    "duration": 0,
    "pid": 15756,
    "index": 9
  },
  {
    "name": "Require(7) node_modules/_egg-multipart@2.1.0@egg-multipart/config/config.default.js",
    "start": 1535453755807,
    "end": 1535453755808,
    "duration": 1,
    "pid": 15756,
    "index": 10
  },
  {
    "name": "Require(8) node_modules/_egg-development@2.4.1@egg-development/config/config.default.js",
    "start": 1535453755809,
    "end": 1535453755810,
    "duration": 1,
    "pid": 15756,
    "index": 11
  },
  {
    "name": "Require(9) node_modules/_egg-schedule@3.3.0@egg-schedule/config/config.default.js",
    "start": 1535453755811,
    "end": 1535453755812,
    "duration": 1,
    "pid": 15756,
    "index": 12
  },
  {
    "name": "Require(10) node_modules/_egg-logrotator@3.0.3@egg-logrotator/config/config.default.js",
    "start": 1535453755813,
    "end": 1535453755813,
    "duration": 0,
    "pid": 15756,
    "index": 13
  },
  {
    "name": "Require(11) node_modules/_egg-static@2.1.1@egg-static/config/config.default.js",
    "start": 1535453755814,
    "end": 1535453755815,
    "duration": 1,
    "pid": 15756,
    "index": 14
  },
  {
    "name": "Require(12) node_modules/_egg-view@2.1.0@egg-view/config/config.default.js",
    "start": 1535453755816,
    "end": 1535453755817,
    "duration": 1,
    "pid": 15756,
    "index": 15
  },
  {
    "name": "Require(13) node_modules/_egg-view-ejs@2.0.0@egg-view-ejs/config/config.default.js",
    "start": 1535453755818,
    "end": 1535453755818,
    "duration": 0,
    "pid": 15756,
    "index": 16
  },
  {
    "name": "Require(14) node_modules/_egg-mysql@3.0.0@egg-mysql/config/config.default.js",
    "start": 1535453755819,
    "end": 1535453755819,
    "duration": 0,
    "pid": 15756,
    "index": 17
  },
  {
    "name": "Require(15) node_modules/_egg@2.10.0@egg/config/config.default.js",
    "start": 1535453755820,
    "end": 1535453755821,
    "duration": 1,
    "pid": 15756,
    "index": 18
  },
  {
    "name": "Require(16) config/config.default.js",
    "start": 1535453755823,
    "end": 1535453755823,
    "duration": 0,
    "pid": 15756,
    "index": 19
  },
  {
    "name": "Require(17) node_modules/_egg-security@2.2.3@egg-security/config/config.local.js",
    "start": 1535453755824,
    "end": 1535453755825,
    "duration": 1,
    "pid": 15756,
    "index": 20
  },
  {
    "name": "Require(18) node_modules/_egg-watcher@3.0.0@egg-watcher/config/config.local.js",
    "start": 1535453755826,
    "end": 1535453755826,
    "duration": 0,
    "pid": 15756,
    "index": 21
  },
  {
    "name": "Require(19) node_modules/_egg-view@2.1.0@egg-view/config/config.local.js",
    "start": 1535453755829,
    "end": 1535453755830,
    "duration": 1,
    "pid": 15756,
    "index": 22
  },
  {
    "name": "Require(20) node_modules/_egg-view-ejs@2.0.0@egg-view-ejs/config/config.local.js",
    "start": 1535453755831,
    "end": 1535453755831,
    "duration": 0,
    "pid": 15756,
    "index": 23
  },
  {
    "name": "Require(21) node_modules/_egg@2.10.0@egg/config/config.local.js",
    "start": 1535453755832,
    "end": 1535453755833,
    "duration": 1,
    "pid": 15756,
    "index": 24
  },
  {
    "name": "Load extend/application.js",
    "start": 1535453755835,
    "end": 1535453755861,
    "duration": 26,
    "pid": 15756,
    "index": 25
  },
  {
    "name": "Require(22) node_modules/_egg-session@3.1.0@egg-session/app/extend/application.js",
    "start": 1535453755836,
    "end": 1535453755836,
    "duration": 0,
    "pid": 15756,
    "index": 26
  },
  {
    "name": "Require(23) node_modules/_egg-security@2.2.3@egg-security/app/extend/application.js",
    "start": 1535453755837,
    "end": 1535453755839,
    "duration": 2,
    "pid": 15756,
    "index": 27
  },
  {
    "name": "Require(24) node_modules/_egg-jsonp@2.0.0@egg-jsonp/app/extend/application.js",
    "start": 1535453755840,
    "end": 1535453755843,
    "duration": 3,
    "pid": 15756,
    "index": 28
  },
  {
    "name": "Require(25) node_modules/_egg-logrotator@3.0.3@egg-logrotator/app/extend/application.js",
    "start": 1535453755846,
    "end": 1535453755850,
    "duration": 4,
    "pid": 15756,
    "index": 29
  },
  {
    "name": "Require(26) node_modules/_egg-view@2.1.0@egg-view/app/extend/application.js",
    "start": 1535453755851,
    "end": 1535453755855,
    "duration": 4,
    "pid": 15756,
    "index": 30
  },
  {
    "name": "Load extend/request.js",
    "start": 1535453755861,
    "end": 1535453755874,
    "duration": 13,
    "pid": 15756,
    "index": 31
  },
  {
    "name": "Require(27) node_modules/_egg@2.10.0@egg/app/extend/request.js",
    "start": 1535453755866,
    "end": 1535453755869,
    "duration": 3,
    "pid": 15756,
    "index": 32
  },
  {
    "name": "Load extend/response.js",
    "start": 1535453755874,
    "end": 1535453755888,
    "duration": 14,
    "pid": 15756,
    "index": 33
  },
  {
    "name": "Require(28) node_modules/_egg@2.10.0@egg/app/extend/response.js",
    "start": 1535453755879,
    "end": 1535453755883,
    "duration": 4,
    "pid": 15756,
    "index": 34
  },
  {
    "name": "Load extend/context.js",
    "start": 1535453755888,
    "end": 1535453756005,
    "duration": 117,
    "pid": 15756,
    "index": 35
  },
  {
    "name": "Require(29) node_modules/_egg-security@2.2.3@egg-security/app/extend/context.js",
    "start": 1535453755889,
    "end": 1535453755914,
    "duration": 25,
    "pid": 15756,
    "index": 36
  },
  {
    "name": "Require(30) node_modules/_egg-jsonp@2.0.0@egg-jsonp/app/extend/context.js",
    "start": 1535453755914,
    "end": 1535453755918,
    "duration": 4,
    "pid": 15756,
    "index": 37
  },
  {
    "name": "Require(31) node_modules/_egg-i18n@2.0.0@egg-i18n/app/extend/context.js",
    "start": 1535453755919,
    "end": 1535453755920,
    "duration": 1,
    "pid": 15756,
    "index": 38
  },
  {
    "name": "Require(32) node_modules/_egg-multipart@2.1.0@egg-multipart/app/extend/context.js",
    "start": 1535453755921,
    "end": 1535453755993,
    "duration": 72,
    "pid": 15756,
    "index": 39
  },
  {
    "name": "Require(33) node_modules/_egg-view@2.1.0@egg-view/app/extend/context.js",
    "start": 1535453755994,
    "end": 1535453755996,
    "duration": 2,
    "pid": 15756,
    "index": 40
  },
  {
    "name": "Require(34) node_modules/_egg@2.10.0@egg/app/extend/context.js",
    "start": 1535453755998,
    "end": 1535453756000,
    "duration": 2,
    "pid": 15756,
    "index": 41
  },
  {
    "name": "Load extend/helper.js",
    "start": 1535453756006,
    "end": 1535453756046,
    "duration": 40,
    "pid": 15756,
    "index": 42
  },
  {
    "name": "Require(35) node_modules/_egg-security@2.2.3@egg-security/app/extend/helper.js",
    "start": 1535453756006,
    "end": 1535453756037,
    "duration": 31,
    "pid": 15756,
    "index": 43
  },
  {
    "name": "Require(36) node_modules/_egg@2.10.0@egg/app/extend/helper.js",
    "start": 1535453756041,
    "end": 1535453756041,
    "duration": 0,
    "pid": 15756,
    "index": 44
  },
  {
    "name": "Load app.js",
    "start": 1535453756046,
    "end": 1535453756452,
    "duration": 406,
    "pid": 15756,
    "index": 45
  },
  {
    "name": "Require(37) node_modules/_egg-session@3.1.0@egg-session/app.js",
    "start": 1535453756047,
    "end": 1535453756048,
    "duration": 1,
    "pid": 15756,
    "index": 46
  },
  {
    "name": "Require(38) node_modules/_egg-security@2.2.3@egg-security/app.js",
    "start": 1535453756048,
    "end": 1535453756052,
    "duration": 4,
    "pid": 15756,
    "index": 47
  },
  {
    "name": "Require(39) node_modules/_egg-onerror@2.1.0@egg-onerror/app.js",
    "start": 1535453756055,
    "end": 1535453756070,
    "duration": 15,
    "pid": 15756,
    "index": 48
  },
  {
    "name": "Require(40) node_modules/_egg-i18n@2.0.0@egg-i18n/app.js",
    "start": 1535453756072,
    "end": 1535453756086,
    "duration": 14,
    "pid": 15756,
    "index": 49
  },
  {
    "name": "Require(41) node_modules/_egg-watcher@3.0.0@egg-watcher/app.js",
    "start": 1535453756092,
    "end": 1535453756098,
    "duration": 6,
    "pid": 15756,
    "index": 50
  },
  {
    "name": "Before Start in node_modules/_egg-watcher@3.0.0@egg-watcher/app.js:15:7",
    "start": 1535453756113,
    "end": 1535453756676,
    "duration": 563,
    "pid": 15756,
    "index": 51
  },
  {
    "name": "Require(42) node_modules/_egg-multipart@2.1.0@egg-multipart/app.js",
    "start": 1535453756114,
    "end": 1535453756122,
    "duration": 8,
    "pid": 15756,
    "index": 52
  },
  {
    "name": "Require(43) node_modules/_egg-development@2.4.1@egg-development/app.js",
    "start": 1535453756124,
    "end": 1535453756124,
    "duration": 0,
    "pid": 15756,
    "index": 53
  },
  {
    "name": "Require(44) node_modules/_egg-schedule@3.3.0@egg-schedule/app.js",
    "start": 1535453756125,
    "end": 1535453756130,
    "duration": 5,
    "pid": 15756,
    "index": 54
  },
  {
    "name": "Require(45) node_modules/_egg-logrotator@3.0.3@egg-logrotator/app.js",
    "start": 1535453756227,
    "end": 1535453756228,
    "duration": 1,
    "pid": 15756,
    "index": 55
  },
  {
    "name": "Require(46) node_modules/_egg-static@2.1.1@egg-static/app.js",
    "start": 1535453756228,
    "end": 1535453756229,
    "duration": 1,
    "pid": 15756,
    "index": 56
  },
  {
    "name": "Require(47) node_modules/_egg-view-ejs@2.0.0@egg-view-ejs/app.js",
    "start": 1535453756230,
    "end": 1535453756231,
    "duration": 1,
    "pid": 15756,
    "index": 57
  },
  {
    "name": "Require(48) node_modules/_egg-mysql@3.0.0@egg-mysql/app.js",
    "start": 1535453756242,
    "end": 1535453756280,
    "duration": 38,
    "pid": 15756,
    "index": 58
  },
  {
    "name": "Before Start in node_modules/_egg-mysql@3.0.0@egg-mysql/lib/mysql.js:20:7",
    "start": 1535453756449,
    "end": 1535453756679,
    "duration": 230,
    "pid": 15756,
    "index": 59
  },
  {
    "name": "Load Service",
    "start": 1535453756452,
    "end": 1535453756465,
    "duration": 13,
    "pid": 15756,
    "index": 60
  },
  {
    "name": "Load \"service\" to Context",
    "start": 1535453756452,
    "end": 1535453756465,
    "duration": 13,
    "pid": 15756,
    "index": 61
  },
  {
    "name": "Load Middleware",
    "start": 1535453756465,
    "end": 1535453756618,
    "duration": 153,
    "pid": 15756,
    "index": 62
  },
  {
    "name": "Load \"middlewares\" to Application",
    "start": 1535453756465,
    "end": 1535453756598,
    "duration": 133,
    "pid": 15756,
    "index": 63
  },
  {
    "name": "Load Controller",
    "start": 1535453756618,
    "end": 1535453756622,
    "duration": 4,
    "pid": 15756,
    "index": 64
  },
  {
    "name": "Load \"controller\" to Application",
    "start": 1535453756618,
    "end": 1535453756622,
    "duration": 4,
    "pid": 15756,
    "index": 65
  },
  {
    "name": "Load Router",
    "start": 1535453756622,
    "end": 1535453756626,
    "duration": 4,
    "pid": 15756,
    "index": 66
  },
  {
    "name": "Require(49) app/router.js",
    "start": 1535453756623,
    "end": 1535453756623,
    "duration": 0,
    "pid": 15756,
    "index": 67
  },
  {
    "name": "Before Start in node_modules/_egg-core@4.9.1@egg-core/lib/egg.js:328:10",
    "start": 1535453756624,
    "end": 1535453756650,
    "duration": 26,
    "pid": 15756,
    "index": 68
  }
]