[
  {
    "name": "Application Start",
    "start": 1535452518873,
    "end": 1535452519697,
    "duration": 824,
    "pid": 10484,
    "index": 0
  },
  {
    "name": "Load Plugin",
    "start": 1535452518883,
    "end": 1535452518915,
    "duration": 32,
    "pid": 10484,
    "index": 1
  },
  {
    "name": "Load Config",
    "start": 1535452518915,
    "end": 1535452518950,
    "duration": 35,
    "pid": 10484,
    "index": 2
  },
  {
    "name": "Require(0) config/config.default.js",
    "start": 1535452518916,
    "end": 1535452518916,
    "duration": 0,
    "pid": 10484,
    "index": 3
  },
  {
    "name": "Require(1) node_modules/_egg-session@3.1.0@egg-session/config/config.default.js",
    "start": 1535452518918,
    "end": 1535452518918,
    "duration": 0,
    "pid": 10484,
    "index": 4
  },
  {
    "name": "Require(2) node_modules/_egg-security@2.2.3@egg-security/config/config.default.js",
    "start": 1535452518919,
    "end": 1535452518920,
    "duration": 1,
    "pid": 10484,
    "index": 5
  },
  {
    "name": "Require(3) node_modules/_egg-jsonp@2.0.0@egg-jsonp/config/config.default.js",
    "start": 1535452518921,
    "end": 1535452518921,
    "duration": 0,
    "pid": 10484,
    "index": 6
  },
  {
    "name": "Require(4) node_modules/_egg-onerror@2.1.0@egg-onerror/config/config.default.js",
    "start": 1535452518922,
    "end": 1535452518922,
    "duration": 0,
    "pid": 10484,
    "index": 7
  },
  {
    "name": "Require(5) node_modules/_egg-i18n@2.0.0@egg-i18n/config/config.default.js",
    "start": 1535452518923,
    "end": 1535452518923,
    "duration": 0,
    "pid": 10484,
    "index": 8
  },
  {
    "name": "Require(6) node_modules/_egg-watcher@3.0.0@egg-watcher/config/config.default.js",
    "start": 1535452518924,
    "end": 1535452518925,
    "duration": 1,
    "pid": 10484,
    "index": 9
  },
  {
    "name": "Require(7) node_modules/_egg-multipart@2.1.0@egg-multipart/config/config.default.js",
    "start": 1535452518926,
    "end": 1535452518926,
    "duration": 0,
    "pid": 10484,
    "index": 10
  },
  {
    "name": "Require(8) node_modules/_egg-development@2.4.1@egg-development/config/config.default.js",
    "start": 1535452518927,
    "end": 1535452518927,
    "duration": 0,
    "pid": 10484,
    "index": 11
  },
  {
    "name": "Require(9) node_modules/_egg-schedule@3.3.0@egg-schedule/config/config.default.js",
    "start": 1535452518928,
    "end": 1535452518928,
    "duration": 0,
    "pid": 10484,
    "index": 12
  },
  {
    "name": "Require(10) node_modules/_egg-logrotator@3.0.3@egg-logrotator/config/config.default.js",
    "start": 1535452518929,
    "end": 1535452518930,
    "duration": 1,
    "pid": 10484,
    "index": 13
  },
  {
    "name": "Require(11) node_modules/_egg-static@2.1.1@egg-static/config/config.default.js",
    "start": 1535452518930,
    "end": 1535452518931,
    "duration": 1,
    "pid": 10484,
    "index": 14
  },
  {
    "name": "Require(12) node_modules/_egg-view@2.1.0@egg-view/config/config.default.js",
    "start": 1535452518931,
    "end": 1535452518932,
    "duration": 1,
    "pid": 10484,
    "index": 15
  },
  {
    "name": "Require(13) node_modules/_egg-view-ejs@2.0.0@egg-view-ejs/config/config.default.js",
    "start": 1535452518933,
    "end": 1535452518934,
    "duration": 1,
    "pid": 10484,
    "index": 16
  },
  {
    "name": "Require(14) node_modules/_egg-mysql@3.0.0@egg-mysql/config/config.default.js",
    "start": 1535452518935,
    "end": 1535452518935,
    "duration": 0,
    "pid": 10484,
    "index": 17
  },
  {
    "name": "Require(15) node_modules/_egg@2.10.0@egg/config/config.default.js",
    "start": 1535452518936,
    "end": 1535452518937,
    "duration": 1,
    "pid": 10484,
    "index": 18
  },
  {
    "name": "Require(16) config/config.default.js",
    "start": 1535452518940,
    "end": 1535452518940,
    "duration": 0,
    "pid": 10484,
    "index": 19
  },
  {
    "name": "Require(17) node_modules/_egg-security@2.2.3@egg-security/config/config.local.js",
    "start": 1535452518941,
    "end": 1535452518941,
    "duration": 0,
    "pid": 10484,
    "index": 20
  },
  {
    "name": "Require(18) node_modules/_egg-watcher@3.0.0@egg-watcher/config/config.local.js",
    "start": 1535452518943,
    "end": 1535452518944,
    "duration": 1,
    "pid": 10484,
    "index": 21
  },
  {
    "name": "Require(19) node_modules/_egg-view@2.1.0@egg-view/config/config.local.js",
    "start": 1535452518946,
    "end": 1535452518947,
    "duration": 1,
    "pid": 10484,
    "index": 22
  },
  {
    "name": "Require(20) node_modules/_egg-view-ejs@2.0.0@egg-view-ejs/config/config.local.js",
    "start": 1535452518947,
    "end": 1535452518948,
    "duration": 1,
    "pid": 10484,
    "index": 23
  },
  {
    "name": "Require(21) node_modules/_egg@2.10.0@egg/config/config.local.js",
    "start": 1535452518949,
    "end": 1535452518949,
    "duration": 0,
    "pid": 10484,
    "index": 24
  },
  {
    "name": "Load extend/application.js",
    "start": 1535452518951,
    "end": 1535452518976,
    "duration": 25,
    "pid": 10484,
    "index": 25
  },
  {
    "name": "Require(22) node_modules/_egg-session@3.1.0@egg-session/app/extend/application.js",
    "start": 1535452518952,
    "end": 1535452518952,
    "duration": 0,
    "pid": 10484,
    "index": 26
  },
  {
    "name": "Require(23) node_modules/_egg-security@2.2.3@egg-security/app/extend/application.js",
    "start": 1535452518953,
    "end": 1535452518955,
    "duration": 2,
    "pid": 10484,
    "index": 27
  },
  {
    "name": "Require(24) node_modules/_egg-jsonp@2.0.0@egg-jsonp/app/extend/application.js",
    "start": 1535452518955,
    "end": 1535452518958,
    "duration": 3,
    "pid": 10484,
    "index": 28
  },
  {
    "name": "Require(25) node_modules/_egg-logrotator@3.0.3@egg-logrotator/app/extend/application.js",
    "start": 1535452518960,
    "end": 1535452518964,
    "duration": 4,
    "pid": 10484,
    "index": 29
  },
  {
    "name": "Require(26) node_modules/_egg-view@2.1.0@egg-view/app/extend/application.js",
    "start": 1535452518965,
    "end": 1535452518971,
    "duration": 6,
    "pid": 10484,
    "index": 30
  },
  {
    "name": "Load extend/request.js",
    "start": 1535452518977,
    "end": 1535452518993,
    "duration": 16,
    "pid": 10484,
    "index": 31
  },
  {
    "name": "Require(27) node_modules/_egg@2.10.0@egg/app/extend/request.js",
    "start": 1535452518986,
    "end": 1535452518988,
    "duration": 2,
    "pid": 10484,
    "index": 32
  },
  {
    "name": "Load extend/response.js",
    "start": 1535452518993,
    "end": 1535452519006,
    "duration": 13,
    "pid": 10484,
    "index": 33
  },
  {
    "name": "Require(28) node_modules/_egg@2.10.0@egg/app/extend/response.js",
    "start": 1535452518996,
    "end": 1535452519001,
    "duration": 5,
    "pid": 10484,
    "index": 34
  },
  {
    "name": "Load extend/context.js",
    "start": 1535452519006,
    "end": 1535452519095,
    "duration": 89,
    "pid": 10484,
    "index": 35
  },
  {
    "name": "Require(29) node_modules/_egg-security@2.2.3@egg-security/app/extend/context.js",
    "start": 1535452519007,
    "end": 1535452519026,
    "duration": 19,
    "pid": 10484,
    "index": 36
  },
  {
    "name": "Require(30) node_modules/_egg-jsonp@2.0.0@egg-jsonp/app/extend/context.js",
    "start": 1535452519026,
    "end": 1535452519029,
    "duration": 3,
    "pid": 10484,
    "index": 37
  },
  {
    "name": "Require(31) node_modules/_egg-i18n@2.0.0@egg-i18n/app/extend/context.js",
    "start": 1535452519030,
    "end": 1535452519030,
    "duration": 0,
    "pid": 10484,
    "index": 38
  },
  {
    "name": "Require(32) node_modules/_egg-multipart@2.1.0@egg-multipart/app/extend/context.js",
    "start": 1535452519031,
    "end": 1535452519084,
    "duration": 53,
    "pid": 10484,
    "index": 39
  },
  {
    "name": "Require(33) node_modules/_egg-view@2.1.0@egg-view/app/extend/context.js",
    "start": 1535452519086,
    "end": 1535452519087,
    "duration": 1,
    "pid": 10484,
    "index": 40
  },
  {
    "name": "Require(34) node_modules/_egg@2.10.0@egg/app/extend/context.js",
    "start": 1535452519088,
    "end": 1535452519090,
    "duration": 2,
    "pid": 10484,
    "index": 41
  },
  {
    "name": "Load extend/helper.js",
    "start": 1535452519095,
    "end": 1535452519132,
    "duration": 37,
    "pid": 10484,
    "index": 42
  },
  {
    "name": "Require(35) node_modules/_egg-security@2.2.3@egg-security/app/extend/helper.js",
    "start": 1535452519096,
    "end": 1535452519119,
    "duration": 23,
    "pid": 10484,
    "index": 43
  },
  {
    "name": "Require(36) node_modules/_egg@2.10.0@egg/app/extend/helper.js",
    "start": 1535452519124,
    "end": 1535452519125,
    "duration": 1,
    "pid": 10484,
    "index": 44
  },
  {
    "name": "Load app.js",
    "start": 1535452519132,
    "end": 1535452519484,
    "duration": 352,
    "pid": 10484,
    "index": 45
  },
  {
    "name": "Require(37) node_modules/_egg-session@3.1.0@egg-session/app.js",
    "start": 1535452519133,
    "end": 1535452519134,
    "duration": 1,
    "pid": 10484,
    "index": 46
  },
  {
    "name": "Require(38) node_modules/_egg-security@2.2.3@egg-security/app.js",
    "start": 1535452519136,
    "end": 1535452519141,
    "duration": 5,
    "pid": 10484,
    "index": 47
  },
  {
    "name": "Require(39) node_modules/_egg-onerror@2.1.0@egg-onerror/app.js",
    "start": 1535452519144,
    "end": 1535452519172,
    "duration": 28,
    "pid": 10484,
    "index": 48
  },
  {
    "name": "Require(40) node_modules/_egg-i18n@2.0.0@egg-i18n/app.js",
    "start": 1535452519175,
    "end": 1535452519199,
    "duration": 24,
    "pid": 10484,
    "index": 49
  },
  {
    "name": "Require(41) node_modules/_egg-watcher@3.0.0@egg-watcher/app.js",
    "start": 1535452519210,
    "end": 1535452519219,
    "duration": 9,
    "pid": 10484,
    "index": 50
  },
  {
    "name": "Before Start in node_modules/_egg-watcher@3.0.0@egg-watcher/app.js:15:7",
    "start": 1535452519232,
    "end": 1535452519692,
    "duration": 460,
    "pid": 10484,
    "index": 51
  },
  {
    "name": "Require(42) node_modules/_egg-multipart@2.1.0@egg-multipart/app.js",
    "start": 1535452519234,
    "end": 1535452519239,
    "duration": 5,
    "pid": 10484,
    "index": 52
  },
  {
    "name": "Require(43) node_modules/_egg-development@2.4.1@egg-development/app.js",
    "start": 1535452519240,
    "end": 1535452519241,
    "duration": 1,
    "pid": 10484,
    "index": 53
  },
  {
    "name": "Require(44) node_modules/_egg-schedule@3.3.0@egg-schedule/app.js",
    "start": 1535452519241,
    "end": 1535452519245,
    "duration": 4,
    "pid": 10484,
    "index": 54
  },
  {
    "name": "Require(45) node_modules/_egg-logrotator@3.0.3@egg-logrotator/app.js",
    "start": 1535452519305,
    "end": 1535452519306,
    "duration": 1,
    "pid": 10484,
    "index": 55
  },
  {
    "name": "Require(46) node_modules/_egg-static@2.1.1@egg-static/app.js",
    "start": 1535452519307,
    "end": 1535452519308,
    "duration": 1,
    "pid": 10484,
    "index": 56
  },
  {
    "name": "Require(47) node_modules/_egg-view-ejs@2.0.0@egg-view-ejs/app.js",
    "start": 1535452519310,
    "end": 1535452519310,
    "duration": 0,
    "pid": 10484,
    "index": 57
  },
  {
    "name": "Require(48) node_modules/_egg-mysql@3.0.0@egg-mysql/app.js",
    "start": 1535452519327,
    "end": 1535452519364,
    "duration": 37,
    "pid": 10484,
    "index": 58
  },
  {
    "name": "Before Start in node_modules/_egg-mysql@3.0.0@egg-mysql/lib/mysql.js:20:7",
    "start": 1535452519482,
    "end": 1535452519696,
    "duration": 214,
    "pid": 10484,
    "index": 59
  },
  {
    "name": "Load Service",
    "start": 1535452519484,
    "end": 1535452519491,
    "duration": 7,
    "pid": 10484,
    "index": 60
  },
  {
    "name": "Load \"service\" to Context",
    "start": 1535452519485,
    "end": 1535452519491,
    "duration": 6,
    "pid": 10484,
    "index": 61
  },
  {
    "name": "Load Middleware",
    "start": 1535452519492,
    "end": 1535452519629,
    "duration": 137,
    "pid": 10484,
    "index": 62
  },
  {
    "name": "Load \"middlewares\" to Application",
    "start": 1535452519492,
    "end": 1535452519608,
    "duration": 116,
    "pid": 10484,
    "index": 63
  },
  {
    "name": "Load Controller",
    "start": 1535452519631,
    "end": 1535452519637,
    "duration": 6,
    "pid": 10484,
    "index": 64
  },
  {
    "name": "Load \"controller\" to Application",
    "start": 1535452519631,
    "end": 1535452519637,
    "duration": 6,
    "pid": 10484,
    "index": 65
  },
  {
    "name": "Load Router",
    "start": 1535452519638,
    "end": 1535452519642,
    "duration": 4,
    "pid": 10484,
    "index": 66
  },
  {
    "name": "Require(49) app/router.js",
    "start": 1535452519638,
    "end": 1535452519639,
    "duration": 1,
    "pid": 10484,
    "index": 67
  },
  {
    "name": "Before Start in node_modules/_egg-core@4.9.1@egg-core/lib/egg.js:328:10",
    "start": 1535452519639,
    "end": 1535452519668,
    "duration": 29,
    "pid": 10484,
    "index": 68
  }
]