[
  {
    "name": "Application Start",
    "start": 1535453048604,
    "end": 1535453049558,
    "duration": 954,
    "pid": 1148,
    "index": 0
  },
  {
    "name": "Load Plugin",
    "start": 1535453048612,
    "end": 1535453048654,
    "duration": 42,
    "pid": 1148,
    "index": 1
  },
  {
    "name": "Load Config",
    "start": 1535453048655,
    "end": 1535453048731,
    "duration": 76,
    "pid": 1148,
    "index": 2
  },
  {
    "name": "Require(0) config/config.default.js",
    "start": 1535453048656,
    "end": 1535453048657,
    "duration": 1,
    "pid": 1148,
    "index": 3
  },
  {
    "name": "Require(1) node_modules/_egg-session@3.1.0@egg-session/config/config.default.js",
    "start": 1535453048661,
    "end": 1535453048662,
    "duration": 1,
    "pid": 1148,
    "index": 4
  },
  {
    "name": "Require(2) node_modules/_egg-security@2.2.3@egg-security/config/config.default.js",
    "start": 1535453048663,
    "end": 1535453048664,
    "duration": 1,
    "pid": 1148,
    "index": 5
  },
  {
    "name": "Require(3) node_modules/_egg-jsonp@2.0.0@egg-jsonp/config/config.default.js",
    "start": 1535453048666,
    "end": 1535453048667,
    "duration": 1,
    "pid": 1148,
    "index": 6
  },
  {
    "name": "Require(4) node_modules/_egg-onerror@2.1.0@egg-onerror/config/config.default.js",
    "start": 1535453048668,
    "end": 1535453048668,
    "duration": 0,
    "pid": 1148,
    "index": 7
  },
  {
    "name": "Require(5) node_modules/_egg-i18n@2.0.0@egg-i18n/config/config.default.js",
    "start": 1535453048670,
    "end": 1535453048671,
    "duration": 1,
    "pid": 1148,
    "index": 8
  },
  {
    "name": "Require(6) node_modules/_egg-watcher@3.0.0@egg-watcher/config/config.default.js",
    "start": 1535453048672,
    "end": 1535453048673,
    "duration": 1,
    "pid": 1148,
    "index": 9
  },
  {
    "name": "Require(7) node_modules/_egg-multipart@2.1.0@egg-multipart/config/config.default.js",
    "start": 1535453048674,
    "end": 1535453048697,
    "duration": 23,
    "pid": 1148,
    "index": 10
  },
  {
    "name": "Require(8) node_modules/_egg-development@2.4.1@egg-development/config/config.default.js",
    "start": 1535453048700,
    "end": 1535453048701,
    "duration": 1,
    "pid": 1148,
    "index": 11
  },
  {
    "name": "Require(9) node_modules/_egg-schedule@3.3.0@egg-schedule/config/config.default.js",
    "start": 1535453048702,
    "end": 1535453048703,
    "duration": 1,
    "pid": 1148,
    "index": 12
  },
  {
    "name": "Require(10) node_modules/_egg-logrotator@3.0.3@egg-logrotator/config/config.default.js",
    "start": 1535453048704,
    "end": 1535453048705,
    "duration": 1,
    "pid": 1148,
    "index": 13
  },
  {
    "name": "Require(11) node_modules/_egg-static@2.1.1@egg-static/config/config.default.js",
    "start": 1535453048707,
    "end": 1535453048708,
    "duration": 1,
    "pid": 1148,
    "index": 14
  },
  {
    "name": "Require(12) node_modules/_egg-view@2.1.0@egg-view/config/config.default.js",
    "start": 1535453048709,
    "end": 1535453048710,
    "duration": 1,
    "pid": 1148,
    "index": 15
  },
  {
    "name": "Require(13) node_modules/_egg-view-ejs@2.0.0@egg-view-ejs/config/config.default.js",
    "start": 1535453048712,
    "end": 1535453048712,
    "duration": 0,
    "pid": 1148,
    "index": 16
  },
  {
    "name": "Require(14) node_modules/_egg-mysql@3.0.0@egg-mysql/config/config.default.js",
    "start": 1535453048714,
    "end": 1535453048714,
    "duration": 0,
    "pid": 1148,
    "index": 17
  },
  {
    "name": "Require(15) node_modules/_egg@2.10.0@egg/config/config.default.js",
    "start": 1535453048715,
    "end": 1535453048716,
    "duration": 1,
    "pid": 1148,
    "index": 18
  },
  {
    "name": "Require(16) config/config.default.js",
    "start": 1535453048720,
    "end": 1535453048720,
    "duration": 0,
    "pid": 1148,
    "index": 19
  },
  {
    "name": "Require(17) node_modules/_egg-security@2.2.3@egg-security/config/config.local.js",
    "start": 1535453048721,
    "end": 1535453048722,
    "duration": 1,
    "pid": 1148,
    "index": 20
  },
  {
    "name": "Require(18) node_modules/_egg-watcher@3.0.0@egg-watcher/config/config.local.js",
    "start": 1535453048724,
    "end": 1535453048725,
    "duration": 1,
    "pid": 1148,
    "index": 21
  },
  {
    "name": "Require(19) node_modules/_egg-view@2.1.0@egg-view/config/config.local.js",
    "start": 1535453048728,
    "end": 1535453048728,
    "duration": 0,
    "pid": 1148,
    "index": 22
  },
  {
    "name": "Require(20) node_modules/_egg-view-ejs@2.0.0@egg-view-ejs/config/config.local.js",
    "start": 1535453048729,
    "end": 1535453048729,
    "duration": 0,
    "pid": 1148,
    "index": 23
  },
  {
    "name": "Require(21) node_modules/_egg@2.10.0@egg/config/config.local.js",
    "start": 1535453048730,
    "end": 1535453048731,
    "duration": 1,
    "pid": 1148,
    "index": 24
  },
  {
    "name": "Load extend/application.js",
    "start": 1535453048733,
    "end": 1535453048763,
    "duration": 30,
    "pid": 1148,
    "index": 25
  },
  {
    "name": "Require(22) node_modules/_egg-session@3.1.0@egg-session/app/extend/application.js",
    "start": 1535453048734,
    "end": 1535453048734,
    "duration": 0,
    "pid": 1148,
    "index": 26
  },
  {
    "name": "Require(23) node_modules/_egg-security@2.2.3@egg-security/app/extend/application.js",
    "start": 1535453048735,
    "end": 1535453048738,
    "duration": 3,
    "pid": 1148,
    "index": 27
  },
  {
    "name": "Require(24) node_modules/_egg-jsonp@2.0.0@egg-jsonp/app/extend/application.js",
    "start": 1535453048738,
    "end": 1535453048742,
    "duration": 4,
    "pid": 1148,
    "index": 28
  },
  {
    "name": "Require(25) node_modules/_egg-logrotator@3.0.3@egg-logrotator/app/extend/application.js",
    "start": 1535453048745,
    "end": 1535453048750,
    "duration": 5,
    "pid": 1148,
    "index": 29
  },
  {
    "name": "Require(26) node_modules/_egg-view@2.1.0@egg-view/app/extend/application.js",
    "start": 1535453048751,
    "end": 1535453048755,
    "duration": 4,
    "pid": 1148,
    "index": 30
  },
  {
    "name": "Load extend/request.js",
    "start": 1535453048764,
    "end": 1535453048780,
    "duration": 16,
    "pid": 1148,
    "index": 31
  },
  {
    "name": "Require(27) node_modules/_egg@2.10.0@egg/app/extend/request.js",
    "start": 1535453048770,
    "end": 1535453048774,
    "duration": 4,
    "pid": 1148,
    "index": 32
  },
  {
    "name": "Load extend/response.js",
    "start": 1535453048781,
    "end": 1535453048799,
    "duration": 18,
    "pid": 1148,
    "index": 33
  },
  {
    "name": "Require(28) node_modules/_egg@2.10.0@egg/app/extend/response.js",
    "start": 1535453048785,
    "end": 1535453048790,
    "duration": 5,
    "pid": 1148,
    "index": 34
  },
  {
    "name": "Load extend/context.js",
    "start": 1535453048799,
    "end": 1535453048967,
    "duration": 168,
    "pid": 1148,
    "index": 35
  },
  {
    "name": "Require(29) node_modules/_egg-security@2.2.3@egg-security/app/extend/context.js",
    "start": 1535453048801,
    "end": 1535453048849,
    "duration": 48,
    "pid": 1148,
    "index": 36
  },
  {
    "name": "Require(30) node_modules/_egg-jsonp@2.0.0@egg-jsonp/app/extend/context.js",
    "start": 1535453048850,
    "end": 1535453048854,
    "duration": 4,
    "pid": 1148,
    "index": 37
  },
  {
    "name": "Require(31) node_modules/_egg-i18n@2.0.0@egg-i18n/app/extend/context.js",
    "start": 1535453048856,
    "end": 1535453048857,
    "duration": 1,
    "pid": 1148,
    "index": 38
  },
  {
    "name": "Require(32) node_modules/_egg-multipart@2.1.0@egg-multipart/app/extend/context.js",
    "start": 1535453048858,
    "end": 1535453048948,
    "duration": 90,
    "pid": 1148,
    "index": 39
  },
  {
    "name": "Require(33) node_modules/_egg-view@2.1.0@egg-view/app/extend/context.js",
    "start": 1535453048951,
    "end": 1535453048953,
    "duration": 2,
    "pid": 1148,
    "index": 40
  },
  {
    "name": "Require(34) node_modules/_egg@2.10.0@egg/app/extend/context.js",
    "start": 1535453048955,
    "end": 1535453048959,
    "duration": 4,
    "pid": 1148,
    "index": 41
  },
  {
    "name": "Load extend/helper.js",
    "start": 1535453048968,
    "end": 1535453049027,
    "duration": 59,
    "pid": 1148,
    "index": 42
  },
  {
    "name": "Require(35) node_modules/_egg-security@2.2.3@egg-security/app/extend/helper.js",
    "start": 1535453048969,
    "end": 1535453049014,
    "duration": 45,
    "pid": 1148,
    "index": 43
  },
  {
    "name": "Require(36) node_modules/_egg@2.10.0@egg/app/extend/helper.js",
    "start": 1535453049020,
    "end": 1535453049020,
    "duration": 0,
    "pid": 1148,
    "index": 44
  },
  {
    "name": "Load app.js",
    "start": 1535453049027,
    "end": 1535453049342,
    "duration": 315,
    "pid": 1148,
    "index": 45
  },
  {
    "name": "Require(37) node_modules/_egg-session@3.1.0@egg-session/app.js",
    "start": 1535453049028,
    "end": 1535453049029,
    "duration": 1,
    "pid": 1148,
    "index": 46
  },
  {
    "name": "Require(38) node_modules/_egg-security@2.2.3@egg-security/app.js",
    "start": 1535453049029,
    "end": 1535453049032,
    "duration": 3,
    "pid": 1148,
    "index": 47
  },
  {
    "name": "Require(39) node_modules/_egg-onerror@2.1.0@egg-onerror/app.js",
    "start": 1535453049034,
    "end": 1535453049052,
    "duration": 18,
    "pid": 1148,
    "index": 48
  },
  {
    "name": "Require(40) node_modules/_egg-i18n@2.0.0@egg-i18n/app.js",
    "start": 1535453049054,
    "end": 1535453049073,
    "duration": 19,
    "pid": 1148,
    "index": 49
  },
  {
    "name": "Require(41) node_modules/_egg-watcher@3.0.0@egg-watcher/app.js",
    "start": 1535453049078,
    "end": 1535453049085,
    "duration": 7,
    "pid": 1148,
    "index": 50
  },
  {
    "name": "Before Start in node_modules/_egg-watcher@3.0.0@egg-watcher/app.js:15:7",
    "start": 1535453049098,
    "end": 1535453049552,
    "duration": 454,
    "pid": 1148,
    "index": 51
  },
  {
    "name": "Require(42) node_modules/_egg-multipart@2.1.0@egg-multipart/app.js",
    "start": 1535453049100,
    "end": 1535453049108,
    "duration": 8,
    "pid": 1148,
    "index": 52
  },
  {
    "name": "Require(43) node_modules/_egg-development@2.4.1@egg-development/app.js",
    "start": 1535453049110,
    "end": 1535453049111,
    "duration": 1,
    "pid": 1148,
    "index": 53
  },
  {
    "name": "Require(44) node_modules/_egg-schedule@3.3.0@egg-schedule/app.js",
    "start": 1535453049112,
    "end": 1535453049115,
    "duration": 3,
    "pid": 1148,
    "index": 54
  },
  {
    "name": "Require(45) node_modules/_egg-logrotator@3.0.3@egg-logrotator/app.js",
    "start": 1535453049174,
    "end": 1535453049174,
    "duration": 0,
    "pid": 1148,
    "index": 55
  },
  {
    "name": "Require(46) node_modules/_egg-static@2.1.1@egg-static/app.js",
    "start": 1535453049175,
    "end": 1535453049175,
    "duration": 0,
    "pid": 1148,
    "index": 56
  },
  {
    "name": "Require(47) node_modules/_egg-view-ejs@2.0.0@egg-view-ejs/app.js",
    "start": 1535453049177,
    "end": 1535453049177,
    "duration": 0,
    "pid": 1148,
    "index": 57
  },
  {
    "name": "Require(48) node_modules/_egg-mysql@3.0.0@egg-mysql/app.js",
    "start": 1535453049186,
    "end": 1535453049219,
    "duration": 33,
    "pid": 1148,
    "index": 58
  },
  {
    "name": "Before Start in node_modules/_egg-mysql@3.0.0@egg-mysql/lib/mysql.js:20:7",
    "start": 1535453049340,
    "end": 1535453049558,
    "duration": 218,
    "pid": 1148,
    "index": 59
  },
  {
    "name": "Load Service",
    "start": 1535453049342,
    "end": 1535453049351,
    "duration": 9,
    "pid": 1148,
    "index": 60
  },
  {
    "name": "Load \"service\" to Context",
    "start": 1535453049342,
    "end": 1535453049351,
    "duration": 9,
    "pid": 1148,
    "index": 61
  },
  {
    "name": "Load Middleware",
    "start": 1535453049351,
    "end": 1535453049506,
    "duration": 155,
    "pid": 1148,
    "index": 62
  },
  {
    "name": "Load \"middlewares\" to Application",
    "start": 1535453049351,
    "end": 1535453049486,
    "duration": 135,
    "pid": 1148,
    "index": 63
  },
  {
    "name": "Load Controller",
    "start": 1535453049506,
    "end": 1535453049510,
    "duration": 4,
    "pid": 1148,
    "index": 64
  },
  {
    "name": "Load \"controller\" to Application",
    "start": 1535453049506,
    "end": 1535453049510,
    "duration": 4,
    "pid": 1148,
    "index": 65
  },
  {
    "name": "Load Router",
    "start": 1535453049510,
    "end": 1535453049514,
    "duration": 4,
    "pid": 1148,
    "index": 66
  },
  {
    "name": "Require(49) app/router.js",
    "start": 1535453049511,
    "end": 1535453049511,
    "duration": 0,
    "pid": 1148,
    "index": 67
  },
  {
    "name": "Before Start in node_modules/_egg-core@4.9.1@egg-core/lib/egg.js:328:10",
    "start": 1535453049512,
    "end": 1535453049531,
    "duration": 19,
    "pid": 1148,
    "index": 68
  }
]