[
  {
    "name": "Application Start",
    "start": 1535468272331,
    "end": 1535468273169,
    "duration": 838,
    "pid": 18100,
    "index": 0
  },
  {
    "name": "Load Plugin",
    "start": 1535468272340,
    "end": 1535468272374,
    "duration": 34,
    "pid": 18100,
    "index": 1
  },
  {
    "name": "Load Config",
    "start": 1535468272374,
    "end": 1535468272416,
    "duration": 42,
    "pid": 18100,
    "index": 2
  },
  {
    "name": "Require(0) config/config.default.js",
    "start": 1535468272375,
    "end": 1535468272376,
    "duration": 1,
    "pid": 18100,
    "index": 3
  },
  {
    "name": "Require(1) node_modules/_egg-session@3.1.0@egg-session/config/config.default.js",
    "start": 1535468272377,
    "end": 1535468272378,
    "duration": 1,
    "pid": 18100,
    "index": 4
  },
  {
    "name": "Require(2) node_modules/_egg-security@2.2.3@egg-security/config/config.default.js",
    "start": 1535468272379,
    "end": 1535468272379,
    "duration": 0,
    "pid": 18100,
    "index": 5
  },
  {
    "name": "Require(3) node_modules/_egg-jsonp@2.0.0@egg-jsonp/config/config.default.js",
    "start": 1535468272380,
    "end": 1535468272381,
    "duration": 1,
    "pid": 18100,
    "index": 6
  },
  {
    "name": "Require(4) node_modules/_egg-onerror@2.1.0@egg-onerror/config/config.default.js",
    "start": 1535468272382,
    "end": 1535468272382,
    "duration": 0,
    "pid": 18100,
    "index": 7
  },
  {
    "name": "Require(5) node_modules/_egg-i18n@2.0.0@egg-i18n/config/config.default.js",
    "start": 1535468272383,
    "end": 1535468272383,
    "duration": 0,
    "pid": 18100,
    "index": 8
  },
  {
    "name": "Require(6) node_modules/_egg-watcher@3.0.0@egg-watcher/config/config.default.js",
    "start": 1535468272384,
    "end": 1535468272387,
    "duration": 3,
    "pid": 18100,
    "index": 9
  },
  {
    "name": "Require(7) node_modules/_egg-multipart@2.1.0@egg-multipart/config/config.default.js",
    "start": 1535468272389,
    "end": 1535468272390,
    "duration": 1,
    "pid": 18100,
    "index": 10
  },
  {
    "name": "Require(8) node_modules/_egg-development@2.4.1@egg-development/config/config.default.js",
    "start": 1535468272392,
    "end": 1535468272392,
    "duration": 0,
    "pid": 18100,
    "index": 11
  },
  {
    "name": "Require(9) node_modules/_egg-schedule@3.3.0@egg-schedule/config/config.default.js",
    "start": 1535468272393,
    "end": 1535468272393,
    "duration": 0,
    "pid": 18100,
    "index": 12
  },
  {
    "name": "Require(10) node_modules/_egg-logrotator@3.0.3@egg-logrotator/config/config.default.js",
    "start": 1535468272395,
    "end": 1535468272395,
    "duration": 0,
    "pid": 18100,
    "index": 13
  },
  {
    "name": "Require(11) node_modules/_egg-static@2.1.1@egg-static/config/config.default.js",
    "start": 1535468272396,
    "end": 1535468272396,
    "duration": 0,
    "pid": 18100,
    "index": 14
  },
  {
    "name": "Require(12) node_modules/_egg-view@2.1.0@egg-view/config/config.default.js",
    "start": 1535468272397,
    "end": 1535468272398,
    "duration": 1,
    "pid": 18100,
    "index": 15
  },
  {
    "name": "Require(13) node_modules/_egg-view-ejs@2.0.0@egg-view-ejs/config/config.default.js",
    "start": 1535468272399,
    "end": 1535468272399,
    "duration": 0,
    "pid": 18100,
    "index": 16
  },
  {
    "name": "Require(14) node_modules/_egg-mysql@3.0.0@egg-mysql/config/config.default.js",
    "start": 1535468272400,
    "end": 1535468272400,
    "duration": 0,
    "pid": 18100,
    "index": 17
  },
  {
    "name": "Require(15) node_modules/_egg@2.10.0@egg/config/config.default.js",
    "start": 1535468272401,
    "end": 1535468272402,
    "duration": 1,
    "pid": 18100,
    "index": 18
  },
  {
    "name": "Require(16) config/config.default.js",
    "start": 1535468272408,
    "end": 1535468272408,
    "duration": 0,
    "pid": 18100,
    "index": 19
  },
  {
    "name": "Require(17) node_modules/_egg-security@2.2.3@egg-security/config/config.local.js",
    "start": 1535468272410,
    "end": 1535468272410,
    "duration": 0,
    "pid": 18100,
    "index": 20
  },
  {
    "name": "Require(18) node_modules/_egg-watcher@3.0.0@egg-watcher/config/config.local.js",
    "start": 1535468272411,
    "end": 1535468272412,
    "duration": 1,
    "pid": 18100,
    "index": 21
  },
  {
    "name": "Require(19) node_modules/_egg-view@2.1.0@egg-view/config/config.local.js",
    "start": 1535468272414,
    "end": 1535468272414,
    "duration": 0,
    "pid": 18100,
    "index": 22
  },
  {
    "name": "Require(20) node_modules/_egg-view-ejs@2.0.0@egg-view-ejs/config/config.local.js",
    "start": 1535468272415,
    "end": 1535468272415,
    "duration": 0,
    "pid": 18100,
    "index": 23
  },
  {
    "name": "Require(21) node_modules/_egg@2.10.0@egg/config/config.local.js",
    "start": 1535468272416,
    "end": 1535468272416,
    "duration": 0,
    "pid": 18100,
    "index": 24
  },
  {
    "name": "Load extend/application.js",
    "start": 1535468272418,
    "end": 1535468272442,
    "duration": 24,
    "pid": 18100,
    "index": 25
  },
  {
    "name": "Require(22) node_modules/_egg-session@3.1.0@egg-session/app/extend/application.js",
    "start": 1535468272419,
    "end": 1535468272420,
    "duration": 1,
    "pid": 18100,
    "index": 26
  },
  {
    "name": "Require(23) node_modules/_egg-security@2.2.3@egg-security/app/extend/application.js",
    "start": 1535468272421,
    "end": 1535468272423,
    "duration": 2,
    "pid": 18100,
    "index": 27
  },
  {
    "name": "Require(24) node_modules/_egg-jsonp@2.0.0@egg-jsonp/app/extend/application.js",
    "start": 1535468272424,
    "end": 1535468272427,
    "duration": 3,
    "pid": 18100,
    "index": 28
  },
  {
    "name": "Require(25) node_modules/_egg-logrotator@3.0.3@egg-logrotator/app/extend/application.js",
    "start": 1535468272429,
    "end": 1535468272434,
    "duration": 5,
    "pid": 18100,
    "index": 29
  },
  {
    "name": "Require(26) node_modules/_egg-view@2.1.0@egg-view/app/extend/application.js",
    "start": 1535468272434,
    "end": 1535468272437,
    "duration": 3,
    "pid": 18100,
    "index": 30
  },
  {
    "name": "Load extend/request.js",
    "start": 1535468272442,
    "end": 1535468272457,
    "duration": 15,
    "pid": 18100,
    "index": 31
  },
  {
    "name": "Require(27) node_modules/_egg@2.10.0@egg/app/extend/request.js",
    "start": 1535468272447,
    "end": 1535468272452,
    "duration": 5,
    "pid": 18100,
    "index": 32
  },
  {
    "name": "Load extend/response.js",
    "start": 1535468272457,
    "end": 1535468272468,
    "duration": 11,
    "pid": 18100,
    "index": 33
  },
  {
    "name": "Require(28) node_modules/_egg@2.10.0@egg/app/extend/response.js",
    "start": 1535468272461,
    "end": 1535468272464,
    "duration": 3,
    "pid": 18100,
    "index": 34
  },
  {
    "name": "Load extend/context.js",
    "start": 1535468272468,
    "end": 1535468272579,
    "duration": 111,
    "pid": 18100,
    "index": 35
  },
  {
    "name": "Require(29) node_modules/_egg-security@2.2.3@egg-security/app/extend/context.js",
    "start": 1535468272468,
    "end": 1535468272489,
    "duration": 21,
    "pid": 18100,
    "index": 36
  },
  {
    "name": "Require(30) node_modules/_egg-jsonp@2.0.0@egg-jsonp/app/extend/context.js",
    "start": 1535468272490,
    "end": 1535468272493,
    "duration": 3,
    "pid": 18100,
    "index": 37
  },
  {
    "name": "Require(31) node_modules/_egg-i18n@2.0.0@egg-i18n/app/extend/context.js",
    "start": 1535468272494,
    "end": 1535468272494,
    "duration": 0,
    "pid": 18100,
    "index": 38
  },
  {
    "name": "Require(32) node_modules/_egg-multipart@2.1.0@egg-multipart/app/extend/context.js",
    "start": 1535468272495,
    "end": 1535468272563,
    "duration": 68,
    "pid": 18100,
    "index": 39
  },
  {
    "name": "Require(33) node_modules/_egg-view@2.1.0@egg-view/app/extend/context.js",
    "start": 1535468272565,
    "end": 1535468272567,
    "duration": 2,
    "pid": 18100,
    "index": 40
  },
  {
    "name": "Require(34) node_modules/_egg@2.10.0@egg/app/extend/context.js",
    "start": 1535468272569,
    "end": 1535468272573,
    "duration": 4,
    "pid": 18100,
    "index": 41
  },
  {
    "name": "Load extend/helper.js",
    "start": 1535468272579,
    "end": 1535468272613,
    "duration": 34,
    "pid": 18100,
    "index": 42
  },
  {
    "name": "Require(35) node_modules/_egg-security@2.2.3@egg-security/app/extend/helper.js",
    "start": 1535468272580,
    "end": 1535468272603,
    "duration": 23,
    "pid": 18100,
    "index": 43
  },
  {
    "name": "Require(36) node_modules/_egg@2.10.0@egg/app/extend/helper.js",
    "start": 1535468272607,
    "end": 1535468272607,
    "duration": 0,
    "pid": 18100,
    "index": 44
  },
  {
    "name": "Load app.js",
    "start": 1535468272613,
    "end": 1535468272932,
    "duration": 319,
    "pid": 18100,
    "index": 45
  },
  {
    "name": "Require(37) node_modules/_egg-session@3.1.0@egg-session/app.js",
    "start": 1535468272614,
    "end": 1535468272614,
    "duration": 0,
    "pid": 18100,
    "index": 46
  },
  {
    "name": "Require(38) node_modules/_egg-security@2.2.3@egg-security/app.js",
    "start": 1535468272615,
    "end": 1535468272618,
    "duration": 3,
    "pid": 18100,
    "index": 47
  },
  {
    "name": "Require(39) node_modules/_egg-onerror@2.1.0@egg-onerror/app.js",
    "start": 1535468272620,
    "end": 1535468272641,
    "duration": 21,
    "pid": 18100,
    "index": 48
  },
  {
    "name": "Require(40) node_modules/_egg-i18n@2.0.0@egg-i18n/app.js",
    "start": 1535468272643,
    "end": 1535468272670,
    "duration": 27,
    "pid": 18100,
    "index": 49
  },
  {
    "name": "Require(41) node_modules/_egg-watcher@3.0.0@egg-watcher/app.js",
    "start": 1535468272675,
    "end": 1535468272681,
    "duration": 6,
    "pid": 18100,
    "index": 50
  },
  {
    "name": "Before Start in node_modules/_egg-watcher@3.0.0@egg-watcher/app.js:15:7",
    "start": 1535468272704,
    "end": 1535468273162,
    "duration": 458,
    "pid": 18100,
    "index": 51
  },
  {
    "name": "Require(42) node_modules/_egg-multipart@2.1.0@egg-multipart/app.js",
    "start": 1535468272706,
    "end": 1535468272711,
    "duration": 5,
    "pid": 18100,
    "index": 52
  },
  {
    "name": "Require(43) node_modules/_egg-development@2.4.1@egg-development/app.js",
    "start": 1535468272712,
    "end": 1535468272713,
    "duration": 1,
    "pid": 18100,
    "index": 53
  },
  {
    "name": "Require(44) node_modules/_egg-schedule@3.3.0@egg-schedule/app.js",
    "start": 1535468272713,
    "end": 1535468272717,
    "duration": 4,
    "pid": 18100,
    "index": 54
  },
  {
    "name": "Require(45) node_modules/_egg-logrotator@3.0.3@egg-logrotator/app.js",
    "start": 1535468272770,
    "end": 1535468272771,
    "duration": 1,
    "pid": 18100,
    "index": 55
  },
  {
    "name": "Require(46) node_modules/_egg-static@2.1.1@egg-static/app.js",
    "start": 1535468272771,
    "end": 1535468272772,
    "duration": 1,
    "pid": 18100,
    "index": 56
  },
  {
    "name": "Require(47) node_modules/_egg-view-ejs@2.0.0@egg-view-ejs/app.js",
    "start": 1535468272773,
    "end": 1535468272774,
    "duration": 1,
    "pid": 18100,
    "index": 57
  },
  {
    "name": "Require(48) node_modules/_egg-mysql@3.0.0@egg-mysql/app.js",
    "start": 1535468272783,
    "end": 1535468272815,
    "duration": 32,
    "pid": 18100,
    "index": 58
  },
  {
    "name": "Before Start in node_modules/_egg-mysql@3.0.0@egg-mysql/lib/mysql.js:20:7",
    "start": 1535468272931,
    "end": 1535468273168,
    "duration": 237,
    "pid": 18100,
    "index": 59
  },
  {
    "name": "Load Service",
    "start": 1535468272933,
    "end": 1535468272940,
    "duration": 7,
    "pid": 18100,
    "index": 60
  },
  {
    "name": "Load \"service\" to Context",
    "start": 1535468272933,
    "end": 1535468272940,
    "duration": 7,
    "pid": 18100,
    "index": 61
  },
  {
    "name": "Load Middleware",
    "start": 1535468272941,
    "end": 1535468273101,
    "duration": 160,
    "pid": 18100,
    "index": 62
  },
  {
    "name": "Load \"middlewares\" to Application",
    "start": 1535468272941,
    "end": 1535468273076,
    "duration": 135,
    "pid": 18100,
    "index": 63
  },
  {
    "name": "Load Controller",
    "start": 1535468273101,
    "end": 1535468273107,
    "duration": 6,
    "pid": 18100,
    "index": 64
  },
  {
    "name": "Load \"controller\" to Application",
    "start": 1535468273102,
    "end": 1535468273107,
    "duration": 5,
    "pid": 18100,
    "index": 65
  },
  {
    "name": "Load Router",
    "start": 1535468273107,
    "end": 1535468273111,
    "duration": 4,
    "pid": 18100,
    "index": 66
  },
  {
    "name": "Require(49) app/router.js",
    "start": 1535468273107,
    "end": 1535468273108,
    "duration": 1,
    "pid": 18100,
    "index": 67
  },
  {
    "name": "Before Start in node_modules/_egg-core@4.9.1@egg-core/lib/egg.js:328:10",
    "start": 1535468273108,
    "end": 1535468273140,
    "duration": 32,
    "pid": 18100,
    "index": 68
  }
]