[
  {
    "name": "Application Start",
    "start": 1535452497258,
    "end": 1535452497971,
    "duration": 713,
    "pid": 4780,
    "index": 0
  },
  {
    "name": "Load Plugin",
    "start": 1535452497265,
    "end": 1535452497300,
    "duration": 35,
    "pid": 4780,
    "index": 1
  },
  {
    "name": "Load Config",
    "start": 1535452497300,
    "end": 1535452497348,
    "duration": 48,
    "pid": 4780,
    "index": 2
  },
  {
    "name": "Require(0) config/config.default.js",
    "start": 1535452497301,
    "end": 1535452497302,
    "duration": 1,
    "pid": 4780,
    "index": 3
  },
  {
    "name": "Require(1) node_modules/_egg-session@3.1.0@egg-session/config/config.default.js",
    "start": 1535452497307,
    "end": 1535452497308,
    "duration": 1,
    "pid": 4780,
    "index": 4
  },
  {
    "name": "Require(2) node_modules/_egg-security@2.2.3@egg-security/config/config.default.js",
    "start": 1535452497309,
    "end": 1535452497309,
    "duration": 0,
    "pid": 4780,
    "index": 5
  },
  {
    "name": "Require(3) node_modules/_egg-jsonp@2.0.0@egg-jsonp/config/config.default.js",
    "start": 1535452497315,
    "end": 1535452497315,
    "duration": 0,
    "pid": 4780,
    "index": 6
  },
  {
    "name": "Require(4) node_modules/_egg-onerror@2.1.0@egg-onerror/config/config.default.js",
    "start": 1535452497316,
    "end": 1535452497317,
    "duration": 1,
    "pid": 4780,
    "index": 7
  },
  {
    "name": "Require(5) node_modules/_egg-i18n@2.0.0@egg-i18n/config/config.default.js",
    "start": 1535452497317,
    "end": 1535452497318,
    "duration": 1,
    "pid": 4780,
    "index": 8
  },
  {
    "name": "Require(6) node_modules/_egg-watcher@3.0.0@egg-watcher/config/config.default.js",
    "start": 1535452497318,
    "end": 1535452497319,
    "duration": 1,
    "pid": 4780,
    "index": 9
  },
  {
    "name": "Require(7) node_modules/_egg-multipart@2.1.0@egg-multipart/config/config.default.js",
    "start": 1535452497319,
    "end": 1535452497320,
    "duration": 1,
    "pid": 4780,
    "index": 10
  },
  {
    "name": "Require(8) node_modules/_egg-development@2.4.1@egg-development/config/config.default.js",
    "start": 1535452497320,
    "end": 1535452497321,
    "duration": 1,
    "pid": 4780,
    "index": 11
  },
  {
    "name": "Require(9) node_modules/_egg-schedule@3.3.0@egg-schedule/config/config.default.js",
    "start": 1535452497322,
    "end": 1535452497323,
    "duration": 1,
    "pid": 4780,
    "index": 12
  },
  {
    "name": "Require(10) node_modules/_egg-logrotator@3.0.3@egg-logrotator/config/config.default.js",
    "start": 1535452497325,
    "end": 1535452497325,
    "duration": 0,
    "pid": 4780,
    "index": 13
  },
  {
    "name": "Require(11) node_modules/_egg-static@2.1.1@egg-static/config/config.default.js",
    "start": 1535452497326,
    "end": 1535452497327,
    "duration": 1,
    "pid": 4780,
    "index": 14
  },
  {
    "name": "Require(12) node_modules/_egg-view@2.1.0@egg-view/config/config.default.js",
    "start": 1535452497328,
    "end": 1535452497328,
    "duration": 0,
    "pid": 4780,
    "index": 15
  },
  {
    "name": "Require(13) node_modules/_egg-view-ejs@2.0.0@egg-view-ejs/config/config.default.js",
    "start": 1535452497329,
    "end": 1535452497329,
    "duration": 0,
    "pid": 4780,
    "index": 16
  },
  {
    "name": "Require(14) node_modules/_egg-mysql@3.0.0@egg-mysql/config/config.default.js",
    "start": 1535452497330,
    "end": 1535452497331,
    "duration": 1,
    "pid": 4780,
    "index": 17
  },
  {
    "name": "Require(15) node_modules/_egg@2.10.0@egg/config/config.default.js",
    "start": 1535452497331,
    "end": 1535452497332,
    "duration": 1,
    "pid": 4780,
    "index": 18
  },
  {
    "name": "Require(16) config/config.default.js",
    "start": 1535452497334,
    "end": 1535452497334,
    "duration": 0,
    "pid": 4780,
    "index": 19
  },
  {
    "name": "Require(17) node_modules/_egg-security@2.2.3@egg-security/config/config.local.js",
    "start": 1535452497335,
    "end": 1535452497336,
    "duration": 1,
    "pid": 4780,
    "index": 20
  },
  {
    "name": "Require(18) node_modules/_egg-watcher@3.0.0@egg-watcher/config/config.local.js",
    "start": 1535452497337,
    "end": 1535452497338,
    "duration": 1,
    "pid": 4780,
    "index": 21
  },
  {
    "name": "Require(19) node_modules/_egg-view@2.1.0@egg-view/config/config.local.js",
    "start": 1535452497345,
    "end": 1535452497346,
    "duration": 1,
    "pid": 4780,
    "index": 22
  },
  {
    "name": "Require(20) node_modules/_egg-view-ejs@2.0.0@egg-view-ejs/config/config.local.js",
    "start": 1535452497347,
    "end": 1535452497347,
    "duration": 0,
    "pid": 4780,
    "index": 23
  },
  {
    "name": "Require(21) node_modules/_egg@2.10.0@egg/config/config.local.js",
    "start": 1535452497348,
    "end": 1535452497348,
    "duration": 0,
    "pid": 4780,
    "index": 24
  },
  {
    "name": "Load extend/application.js",
    "start": 1535452497350,
    "end": 1535452497378,
    "duration": 28,
    "pid": 4780,
    "index": 25
  },
  {
    "name": "Require(22) node_modules/_egg-session@3.1.0@egg-session/app/extend/application.js",
    "start": 1535452497351,
    "end": 1535452497351,
    "duration": 0,
    "pid": 4780,
    "index": 26
  },
  {
    "name": "Require(23) node_modules/_egg-security@2.2.3@egg-security/app/extend/application.js",
    "start": 1535452497352,
    "end": 1535452497353,
    "duration": 1,
    "pid": 4780,
    "index": 27
  },
  {
    "name": "Require(24) node_modules/_egg-jsonp@2.0.0@egg-jsonp/app/extend/application.js",
    "start": 1535452497354,
    "end": 1535452497359,
    "duration": 5,
    "pid": 4780,
    "index": 28
  },
  {
    "name": "Require(25) node_modules/_egg-logrotator@3.0.3@egg-logrotator/app/extend/application.js",
    "start": 1535452497362,
    "end": 1535452497369,
    "duration": 7,
    "pid": 4780,
    "index": 29
  },
  {
    "name": "Require(26) node_modules/_egg-view@2.1.0@egg-view/app/extend/application.js",
    "start": 1535452497370,
    "end": 1535452497374,
    "duration": 4,
    "pid": 4780,
    "index": 30
  },
  {
    "name": "Load extend/request.js",
    "start": 1535452497379,
    "end": 1535452497390,
    "duration": 11,
    "pid": 4780,
    "index": 31
  },
  {
    "name": "Require(27) node_modules/_egg@2.10.0@egg/app/extend/request.js",
    "start": 1535452497382,
    "end": 1535452497385,
    "duration": 3,
    "pid": 4780,
    "index": 32
  },
  {
    "name": "Load extend/response.js",
    "start": 1535452497391,
    "end": 1535452497402,
    "duration": 11,
    "pid": 4780,
    "index": 33
  },
  {
    "name": "Require(28) node_modules/_egg@2.10.0@egg/app/extend/response.js",
    "start": 1535452497395,
    "end": 1535452497398,
    "duration": 3,
    "pid": 4780,
    "index": 34
  },
  {
    "name": "Load extend/context.js",
    "start": 1535452497402,
    "end": 1535452497499,
    "duration": 97,
    "pid": 4780,
    "index": 35
  },
  {
    "name": "Require(29) node_modules/_egg-security@2.2.3@egg-security/app/extend/context.js",
    "start": 1535452497403,
    "end": 1535452497423,
    "duration": 20,
    "pid": 4780,
    "index": 36
  },
  {
    "name": "Require(30) node_modules/_egg-jsonp@2.0.0@egg-jsonp/app/extend/context.js",
    "start": 1535452497423,
    "end": 1535452497425,
    "duration": 2,
    "pid": 4780,
    "index": 37
  },
  {
    "name": "Require(31) node_modules/_egg-i18n@2.0.0@egg-i18n/app/extend/context.js",
    "start": 1535452497426,
    "end": 1535452497426,
    "duration": 0,
    "pid": 4780,
    "index": 38
  },
  {
    "name": "Require(32) node_modules/_egg-multipart@2.1.0@egg-multipart/app/extend/context.js",
    "start": 1535452497427,
    "end": 1535452497489,
    "duration": 62,
    "pid": 4780,
    "index": 39
  },
  {
    "name": "Require(33) node_modules/_egg-view@2.1.0@egg-view/app/extend/context.js",
    "start": 1535452497490,
    "end": 1535452497491,
    "duration": 1,
    "pid": 4780,
    "index": 40
  },
  {
    "name": "Require(34) node_modules/_egg@2.10.0@egg/app/extend/context.js",
    "start": 1535452497492,
    "end": 1535452497495,
    "duration": 3,
    "pid": 4780,
    "index": 41
  },
  {
    "name": "Load extend/helper.js",
    "start": 1535452497499,
    "end": 1535452497533,
    "duration": 34,
    "pid": 4780,
    "index": 42
  },
  {
    "name": "Require(35) node_modules/_egg-security@2.2.3@egg-security/app/extend/helper.js",
    "start": 1535452497500,
    "end": 1535452497524,
    "duration": 24,
    "pid": 4780,
    "index": 43
  },
  {
    "name": "Require(36) node_modules/_egg@2.10.0@egg/app/extend/helper.js",
    "start": 1535452497528,
    "end": 1535452497528,
    "duration": 0,
    "pid": 4780,
    "index": 44
  },
  {
    "name": "Load app.js",
    "start": 1535452497533,
    "end": 1535452497782,
    "duration": 249,
    "pid": 4780,
    "index": 45
  },
  {
    "name": "Require(37) node_modules/_egg-session@3.1.0@egg-session/app.js",
    "start": 1535452497534,
    "end": 1535452497535,
    "duration": 1,
    "pid": 4780,
    "index": 46
  },
  {
    "name": "Require(38) node_modules/_egg-security@2.2.3@egg-security/app.js",
    "start": 1535452497536,
    "end": 1535452497540,
    "duration": 4,
    "pid": 4780,
    "index": 47
  },
  {
    "name": "Require(39) node_modules/_egg-onerror@2.1.0@egg-onerror/app.js",
    "start": 1535452497543,
    "end": 1535452497558,
    "duration": 15,
    "pid": 4780,
    "index": 48
  },
  {
    "name": "Require(40) node_modules/_egg-i18n@2.0.0@egg-i18n/app.js",
    "start": 1535452497559,
    "end": 1535452497571,
    "duration": 12,
    "pid": 4780,
    "index": 49
  },
  {
    "name": "Require(41) node_modules/_egg-watcher@3.0.0@egg-watcher/app.js",
    "start": 1535452497576,
    "end": 1535452497581,
    "duration": 5,
    "pid": 4780,
    "index": 50
  },
  {
    "name": "Before Start in node_modules/_egg-watcher@3.0.0@egg-watcher/app.js:15:7",
    "start": 1535452497595,
    "end": 1535452497967,
    "duration": 372,
    "pid": 4780,
    "index": 51
  },
  {
    "name": "Require(42) node_modules/_egg-multipart@2.1.0@egg-multipart/app.js",
    "start": 1535452497596,
    "end": 1535452497601,
    "duration": 5,
    "pid": 4780,
    "index": 52
  },
  {
    "name": "Require(43) node_modules/_egg-development@2.4.1@egg-development/app.js",
    "start": 1535452497602,
    "end": 1535452497602,
    "duration": 0,
    "pid": 4780,
    "index": 53
  },
  {
    "name": "Require(44) node_modules/_egg-schedule@3.3.0@egg-schedule/app.js",
    "start": 1535452497603,
    "end": 1535452497606,
    "duration": 3,
    "pid": 4780,
    "index": 54
  },
  {
    "name": "Require(45) node_modules/_egg-logrotator@3.0.3@egg-logrotator/app.js",
    "start": 1535452497652,
    "end": 1535452497652,
    "duration": 0,
    "pid": 4780,
    "index": 55
  },
  {
    "name": "Require(46) node_modules/_egg-static@2.1.1@egg-static/app.js",
    "start": 1535452497653,
    "end": 1535452497653,
    "duration": 0,
    "pid": 4780,
    "index": 56
  },
  {
    "name": "Require(47) node_modules/_egg-view-ejs@2.0.0@egg-view-ejs/app.js",
    "start": 1535452497655,
    "end": 1535452497655,
    "duration": 0,
    "pid": 4780,
    "index": 57
  },
  {
    "name": "Require(48) node_modules/_egg-mysql@3.0.0@egg-mysql/app.js",
    "start": 1535452497662,
    "end": 1535452497685,
    "duration": 23,
    "pid": 4780,
    "index": 58
  },
  {
    "name": "Before Start in node_modules/_egg-mysql@3.0.0@egg-mysql/lib/mysql.js:20:7",
    "start": 1535452497780,
    "end": 1535452497971,
    "duration": 191,
    "pid": 4780,
    "index": 59
  },
  {
    "name": "Load Service",
    "start": 1535452497782,
    "end": 1535452497788,
    "duration": 6,
    "pid": 4780,
    "index": 60
  },
  {
    "name": "Load \"service\" to Context",
    "start": 1535452497782,
    "end": 1535452497788,
    "duration": 6,
    "pid": 4780,
    "index": 61
  },
  {
    "name": "Load Middleware",
    "start": 1535452497789,
    "end": 1535452497920,
    "duration": 131,
    "pid": 4780,
    "index": 62
  },
  {
    "name": "Load \"middlewares\" to Application",
    "start": 1535452497789,
    "end": 1535452497904,
    "duration": 115,
    "pid": 4780,
    "index": 63
  },
  {
    "name": "Load Controller",
    "start": 1535452497920,
    "end": 1535452497924,
    "duration": 4,
    "pid": 4780,
    "index": 64
  },
  {
    "name": "Load \"controller\" to Application",
    "start": 1535452497921,
    "end": 1535452497924,
    "duration": 3,
    "pid": 4780,
    "index": 65
  },
  {
    "name": "Load Router",
    "start": 1535452497924,
    "end": 1535452497928,
    "duration": 4,
    "pid": 4780,
    "index": 66
  },
  {
    "name": "Require(49) app/router.js",
    "start": 1535452497925,
    "end": 1535452497925,
    "duration": 0,
    "pid": 4780,
    "index": 67
  },
  {
    "name": "Before Start in node_modules/_egg-core@4.9.1@egg-core/lib/egg.js:328:10",
    "start": 1535452497925,
    "end": 1535452497951,
    "duration": 26,
    "pid": 4780,
    "index": 68
  }
]