[
  {
    "name": "Application Start",
    "start": 1535454328639,
    "end": 1535454329518,
    "duration": 879,
    "pid": 6128,
    "index": 0
  },
  {
    "name": "Load Plugin",
    "start": 1535454328647,
    "end": 1535454328694,
    "duration": 47,
    "pid": 6128,
    "index": 1
  },
  {
    "name": "Load Config",
    "start": 1535454328695,
    "end": 1535454328735,
    "duration": 40,
    "pid": 6128,
    "index": 2
  },
  {
    "name": "Require(0) config/config.default.js",
    "start": 1535454328697,
    "end": 1535454328698,
    "duration": 1,
    "pid": 6128,
    "index": 3
  },
  {
    "name": "Require(1) node_modules/_egg-session@3.1.0@egg-session/config/config.default.js",
    "start": 1535454328701,
    "end": 1535454328702,
    "duration": 1,
    "pid": 6128,
    "index": 4
  },
  {
    "name": "Require(2) node_modules/_egg-security@2.2.3@egg-security/config/config.default.js",
    "start": 1535454328702,
    "end": 1535454328703,
    "duration": 1,
    "pid": 6128,
    "index": 5
  },
  {
    "name": "Require(3) node_modules/_egg-jsonp@2.0.0@egg-jsonp/config/config.default.js",
    "start": 1535454328705,
    "end": 1535454328706,
    "duration": 1,
    "pid": 6128,
    "index": 6
  },
  {
    "name": "Require(4) node_modules/_egg-onerror@2.1.0@egg-onerror/config/config.default.js",
    "start": 1535454328707,
    "end": 1535454328707,
    "duration": 0,
    "pid": 6128,
    "index": 7
  },
  {
    "name": "Require(5) node_modules/_egg-i18n@2.0.0@egg-i18n/config/config.default.js",
    "start": 1535454328708,
    "end": 1535454328709,
    "duration": 1,
    "pid": 6128,
    "index": 8
  },
  {
    "name": "Require(6) node_modules/_egg-watcher@3.0.0@egg-watcher/config/config.default.js",
    "start": 1535454328710,
    "end": 1535454328710,
    "duration": 0,
    "pid": 6128,
    "index": 9
  },
  {
    "name": "Require(7) node_modules/_egg-multipart@2.1.0@egg-multipart/config/config.default.js",
    "start": 1535454328711,
    "end": 1535454328712,
    "duration": 1,
    "pid": 6128,
    "index": 10
  },
  {
    "name": "Require(8) node_modules/_egg-development@2.4.1@egg-development/config/config.default.js",
    "start": 1535454328713,
    "end": 1535454328713,
    "duration": 0,
    "pid": 6128,
    "index": 11
  },
  {
    "name": "Require(9) node_modules/_egg-schedule@3.3.0@egg-schedule/config/config.default.js",
    "start": 1535454328714,
    "end": 1535454328714,
    "duration": 0,
    "pid": 6128,
    "index": 12
  },
  {
    "name": "Require(10) node_modules/_egg-logrotator@3.0.3@egg-logrotator/config/config.default.js",
    "start": 1535454328715,
    "end": 1535454328715,
    "duration": 0,
    "pid": 6128,
    "index": 13
  },
  {
    "name": "Require(11) node_modules/_egg-static@2.1.1@egg-static/config/config.default.js",
    "start": 1535454328716,
    "end": 1535454328718,
    "duration": 2,
    "pid": 6128,
    "index": 14
  },
  {
    "name": "Require(12) node_modules/_egg-view@2.1.0@egg-view/config/config.default.js",
    "start": 1535454328719,
    "end": 1535454328719,
    "duration": 0,
    "pid": 6128,
    "index": 15
  },
  {
    "name": "Require(13) node_modules/_egg-view-ejs@2.0.0@egg-view-ejs/config/config.default.js",
    "start": 1535454328720,
    "end": 1535454328721,
    "duration": 1,
    "pid": 6128,
    "index": 16
  },
  {
    "name": "Require(14) node_modules/_egg-mysql@3.0.0@egg-mysql/config/config.default.js",
    "start": 1535454328722,
    "end": 1535454328722,
    "duration": 0,
    "pid": 6128,
    "index": 17
  },
  {
    "name": "Require(15) node_modules/_egg@2.10.0@egg/config/config.default.js",
    "start": 1535454328723,
    "end": 1535454328723,
    "duration": 0,
    "pid": 6128,
    "index": 18
  },
  {
    "name": "Require(16) config/config.default.js",
    "start": 1535454328725,
    "end": 1535454328725,
    "duration": 0,
    "pid": 6128,
    "index": 19
  },
  {
    "name": "Require(17) node_modules/_egg-security@2.2.3@egg-security/config/config.local.js",
    "start": 1535454328726,
    "end": 1535454328727,
    "duration": 1,
    "pid": 6128,
    "index": 20
  },
  {
    "name": "Require(18) node_modules/_egg-watcher@3.0.0@egg-watcher/config/config.local.js",
    "start": 1535454328729,
    "end": 1535454328729,
    "duration": 0,
    "pid": 6128,
    "index": 21
  },
  {
    "name": "Require(19) node_modules/_egg-view@2.1.0@egg-view/config/config.local.js",
    "start": 1535454328732,
    "end": 1535454328732,
    "duration": 0,
    "pid": 6128,
    "index": 22
  },
  {
    "name": "Require(20) node_modules/_egg-view-ejs@2.0.0@egg-view-ejs/config/config.local.js",
    "start": 1535454328733,
    "end": 1535454328733,
    "duration": 0,
    "pid": 6128,
    "index": 23
  },
  {
    "name": "Require(21) node_modules/_egg@2.10.0@egg/config/config.local.js",
    "start": 1535454328734,
    "end": 1535454328735,
    "duration": 1,
    "pid": 6128,
    "index": 24
  },
  {
    "name": "Load extend/application.js",
    "start": 1535454328737,
    "end": 1535454328762,
    "duration": 25,
    "pid": 6128,
    "index": 25
  },
  {
    "name": "Require(22) node_modules/_egg-session@3.1.0@egg-session/app/extend/application.js",
    "start": 1535454328738,
    "end": 1535454328739,
    "duration": 1,
    "pid": 6128,
    "index": 26
  },
  {
    "name": "Require(23) node_modules/_egg-security@2.2.3@egg-security/app/extend/application.js",
    "start": 1535454328740,
    "end": 1535454328741,
    "duration": 1,
    "pid": 6128,
    "index": 27
  },
  {
    "name": "Require(24) node_modules/_egg-jsonp@2.0.0@egg-jsonp/app/extend/application.js",
    "start": 1535454328742,
    "end": 1535454328746,
    "duration": 4,
    "pid": 6128,
    "index": 28
  },
  {
    "name": "Require(25) node_modules/_egg-logrotator@3.0.3@egg-logrotator/app/extend/application.js",
    "start": 1535454328748,
    "end": 1535454328753,
    "duration": 5,
    "pid": 6128,
    "index": 29
  },
  {
    "name": "Require(26) node_modules/_egg-view@2.1.0@egg-view/app/extend/application.js",
    "start": 1535454328754,
    "end": 1535454328757,
    "duration": 3,
    "pid": 6128,
    "index": 30
  },
  {
    "name": "Load extend/request.js",
    "start": 1535454328762,
    "end": 1535454328778,
    "duration": 16,
    "pid": 6128,
    "index": 31
  },
  {
    "name": "Require(27) node_modules/_egg@2.10.0@egg/app/extend/request.js",
    "start": 1535454328767,
    "end": 1535454328771,
    "duration": 4,
    "pid": 6128,
    "index": 32
  },
  {
    "name": "Load extend/response.js",
    "start": 1535454328778,
    "end": 1535454328792,
    "duration": 14,
    "pid": 6128,
    "index": 33
  },
  {
    "name": "Require(28) node_modules/_egg@2.10.0@egg/app/extend/response.js",
    "start": 1535454328783,
    "end": 1535454328787,
    "duration": 4,
    "pid": 6128,
    "index": 34
  },
  {
    "name": "Load extend/context.js",
    "start": 1535454328793,
    "end": 1535454328909,
    "duration": 116,
    "pid": 6128,
    "index": 35
  },
  {
    "name": "Require(29) node_modules/_egg-security@2.2.3@egg-security/app/extend/context.js",
    "start": 1535454328794,
    "end": 1535454328821,
    "duration": 27,
    "pid": 6128,
    "index": 36
  },
  {
    "name": "Require(30) node_modules/_egg-jsonp@2.0.0@egg-jsonp/app/extend/context.js",
    "start": 1535454328822,
    "end": 1535454328825,
    "duration": 3,
    "pid": 6128,
    "index": 37
  },
  {
    "name": "Require(31) node_modules/_egg-i18n@2.0.0@egg-i18n/app/extend/context.js",
    "start": 1535454328827,
    "end": 1535454328828,
    "duration": 1,
    "pid": 6128,
    "index": 38
  },
  {
    "name": "Require(32) node_modules/_egg-multipart@2.1.0@egg-multipart/app/extend/context.js",
    "start": 1535454328829,
    "end": 1535454328897,
    "duration": 68,
    "pid": 6128,
    "index": 39
  },
  {
    "name": "Require(33) node_modules/_egg-view@2.1.0@egg-view/app/extend/context.js",
    "start": 1535454328898,
    "end": 1535454328900,
    "duration": 2,
    "pid": 6128,
    "index": 40
  },
  {
    "name": "Require(34) node_modules/_egg@2.10.0@egg/app/extend/context.js",
    "start": 1535454328901,
    "end": 1535454328903,
    "duration": 2,
    "pid": 6128,
    "index": 41
  },
  {
    "name": "Load extend/helper.js",
    "start": 1535454328909,
    "end": 1535454328951,
    "duration": 42,
    "pid": 6128,
    "index": 42
  },
  {
    "name": "Require(35) node_modules/_egg-security@2.2.3@egg-security/app/extend/helper.js",
    "start": 1535454328911,
    "end": 1535454328940,
    "duration": 29,
    "pid": 6128,
    "index": 43
  },
  {
    "name": "Require(36) node_modules/_egg@2.10.0@egg/app/extend/helper.js",
    "start": 1535454328943,
    "end": 1535454328944,
    "duration": 1,
    "pid": 6128,
    "index": 44
  },
  {
    "name": "Load app.js",
    "start": 1535454328951,
    "end": 1535454329271,
    "duration": 320,
    "pid": 6128,
    "index": 45
  },
  {
    "name": "Require(37) node_modules/_egg-session@3.1.0@egg-session/app.js",
    "start": 1535454328951,
    "end": 1535454328952,
    "duration": 1,
    "pid": 6128,
    "index": 46
  },
  {
    "name": "Require(38) node_modules/_egg-security@2.2.3@egg-security/app.js",
    "start": 1535454328953,
    "end": 1535454328957,
    "duration": 4,
    "pid": 6128,
    "index": 47
  },
  {
    "name": "Require(39) node_modules/_egg-onerror@2.1.0@egg-onerror/app.js",
    "start": 1535454328959,
    "end": 1535454328975,
    "duration": 16,
    "pid": 6128,
    "index": 48
  },
  {
    "name": "Require(40) node_modules/_egg-i18n@2.0.0@egg-i18n/app.js",
    "start": 1535454328976,
    "end": 1535454328993,
    "duration": 17,
    "pid": 6128,
    "index": 49
  },
  {
    "name": "Require(41) node_modules/_egg-watcher@3.0.0@egg-watcher/app.js",
    "start": 1535454328999,
    "end": 1535454329008,
    "duration": 9,
    "pid": 6128,
    "index": 50
  },
  {
    "name": "Before Start in node_modules/_egg-watcher@3.0.0@egg-watcher/app.js:15:7",
    "start": 1535454329022,
    "end": 1535454329510,
    "duration": 488,
    "pid": 6128,
    "index": 51
  },
  {
    "name": "Require(42) node_modules/_egg-multipart@2.1.0@egg-multipart/app.js",
    "start": 1535454329024,
    "end": 1535454329029,
    "duration": 5,
    "pid": 6128,
    "index": 52
  },
  {
    "name": "Require(43) node_modules/_egg-development@2.4.1@egg-development/app.js",
    "start": 1535454329030,
    "end": 1535454329030,
    "duration": 0,
    "pid": 6128,
    "index": 53
  },
  {
    "name": "Require(44) node_modules/_egg-schedule@3.3.0@egg-schedule/app.js",
    "start": 1535454329031,
    "end": 1535454329035,
    "duration": 4,
    "pid": 6128,
    "index": 54
  },
  {
    "name": "Require(45) node_modules/_egg-logrotator@3.0.3@egg-logrotator/app.js",
    "start": 1535454329092,
    "end": 1535454329093,
    "duration": 1,
    "pid": 6128,
    "index": 55
  },
  {
    "name": "Require(46) node_modules/_egg-static@2.1.1@egg-static/app.js",
    "start": 1535454329093,
    "end": 1535454329094,
    "duration": 1,
    "pid": 6128,
    "index": 56
  },
  {
    "name": "Require(47) node_modules/_egg-view-ejs@2.0.0@egg-view-ejs/app.js",
    "start": 1535454329095,
    "end": 1535454329095,
    "duration": 0,
    "pid": 6128,
    "index": 57
  },
  {
    "name": "Require(48) node_modules/_egg-mysql@3.0.0@egg-mysql/app.js",
    "start": 1535454329103,
    "end": 1535454329133,
    "duration": 30,
    "pid": 6128,
    "index": 58
  },
  {
    "name": "Before Start in node_modules/_egg-mysql@3.0.0@egg-mysql/lib/mysql.js:20:7",
    "start": 1535454329269,
    "end": 1535454329517,
    "duration": 248,
    "pid": 6128,
    "index": 59
  },
  {
    "name": "Load Service",
    "start": 1535454329271,
    "end": 1535454329278,
    "duration": 7,
    "pid": 6128,
    "index": 60
  },
  {
    "name": "Load \"service\" to Context",
    "start": 1535454329272,
    "end": 1535454329278,
    "duration": 6,
    "pid": 6128,
    "index": 61
  },
  {
    "name": "Load Middleware",
    "start": 1535454329279,
    "end": 1535454329442,
    "duration": 163,
    "pid": 6128,
    "index": 62
  },
  {
    "name": "Load \"middlewares\" to Application",
    "start": 1535454329279,
    "end": 1535454329417,
    "duration": 138,
    "pid": 6128,
    "index": 63
  },
  {
    "name": "Load Controller",
    "start": 1535454329443,
    "end": 1535454329447,
    "duration": 4,
    "pid": 6128,
    "index": 64
  },
  {
    "name": "Load \"controller\" to Application",
    "start": 1535454329443,
    "end": 1535454329447,
    "duration": 4,
    "pid": 6128,
    "index": 65
  },
  {
    "name": "Load Router",
    "start": 1535454329447,
    "end": 1535454329452,
    "duration": 5,
    "pid": 6128,
    "index": 66
  },
  {
    "name": "Require(49) app/router.js",
    "start": 1535454329448,
    "end": 1535454329448,
    "duration": 0,
    "pid": 6128,
    "index": 67
  },
  {
    "name": "Before Start in node_modules/_egg-core@4.9.1@egg-core/lib/egg.js:328:10",
    "start": 1535454329449,
    "end": 1535454329481,
    "duration": 32,
    "pid": 6128,
    "index": 68
  }
]