[
  {
    "name": "Application Start",
    "start": 1535467698760,
    "end": 1535467699781,
    "duration": 1021,
    "pid": 10800,
    "index": 0
  },
  {
    "name": "Load Plugin",
    "start": 1535467698771,
    "end": 1535467698824,
    "duration": 53,
    "pid": 10800,
    "index": 1
  },
  {
    "name": "Load Config",
    "start": 1535467698824,
    "end": 1535467698877,
    "duration": 53,
    "pid": 10800,
    "index": 2
  },
  {
    "name": "Require(0) config/config.default.js",
    "start": 1535467698825,
    "end": 1535467698826,
    "duration": 1,
    "pid": 10800,
    "index": 3
  },
  {
    "name": "Require(1) node_modules/_egg-session@3.1.0@egg-session/config/config.default.js",
    "start": 1535467698828,
    "end": 1535467698829,
    "duration": 1,
    "pid": 10800,
    "index": 4
  },
  {
    "name": "Require(2) node_modules/_egg-security@2.2.3@egg-security/config/config.default.js",
    "start": 1535467698830,
    "end": 1535467698831,
    "duration": 1,
    "pid": 10800,
    "index": 5
  },
  {
    "name": "Require(3) node_modules/_egg-jsonp@2.0.0@egg-jsonp/config/config.default.js",
    "start": 1535467698833,
    "end": 1535467698833,
    "duration": 0,
    "pid": 10800,
    "index": 6
  },
  {
    "name": "Require(4) node_modules/_egg-onerror@2.1.0@egg-onerror/config/config.default.js",
    "start": 1535467698834,
    "end": 1535467698835,
    "duration": 1,
    "pid": 10800,
    "index": 7
  },
  {
    "name": "Require(5) node_modules/_egg-i18n@2.0.0@egg-i18n/config/config.default.js",
    "start": 1535467698836,
    "end": 1535467698837,
    "duration": 1,
    "pid": 10800,
    "index": 8
  },
  {
    "name": "Require(6) node_modules/_egg-watcher@3.0.0@egg-watcher/config/config.default.js",
    "start": 1535467698838,
    "end": 1535467698839,
    "duration": 1,
    "pid": 10800,
    "index": 9
  },
  {
    "name": "Require(7) node_modules/_egg-multipart@2.1.0@egg-multipart/config/config.default.js",
    "start": 1535467698840,
    "end": 1535467698841,
    "duration": 1,
    "pid": 10800,
    "index": 10
  },
  {
    "name": "Require(8) node_modules/_egg-development@2.4.1@egg-development/config/config.default.js",
    "start": 1535467698842,
    "end": 1535467698844,
    "duration": 2,
    "pid": 10800,
    "index": 11
  },
  {
    "name": "Require(9) node_modules/_egg-schedule@3.3.0@egg-schedule/config/config.default.js",
    "start": 1535467698845,
    "end": 1535467698845,
    "duration": 0,
    "pid": 10800,
    "index": 12
  },
  {
    "name": "Require(10) node_modules/_egg-logrotator@3.0.3@egg-logrotator/config/config.default.js",
    "start": 1535467698846,
    "end": 1535467698847,
    "duration": 1,
    "pid": 10800,
    "index": 13
  },
  {
    "name": "Require(11) node_modules/_egg-static@2.1.1@egg-static/config/config.default.js",
    "start": 1535467698848,
    "end": 1535467698849,
    "duration": 1,
    "pid": 10800,
    "index": 14
  },
  {
    "name": "Require(12) node_modules/_egg-view@2.1.0@egg-view/config/config.default.js",
    "start": 1535467698850,
    "end": 1535467698851,
    "duration": 1,
    "pid": 10800,
    "index": 15
  },
  {
    "name": "Require(13) node_modules/_egg-view-ejs@2.0.0@egg-view-ejs/config/config.default.js",
    "start": 1535467698852,
    "end": 1535467698852,
    "duration": 0,
    "pid": 10800,
    "index": 16
  },
  {
    "name": "Require(14) node_modules/_egg-mysql@3.0.0@egg-mysql/config/config.default.js",
    "start": 1535467698853,
    "end": 1535467698854,
    "duration": 1,
    "pid": 10800,
    "index": 17
  },
  {
    "name": "Require(15) node_modules/_egg@2.10.0@egg/config/config.default.js",
    "start": 1535467698855,
    "end": 1535467698855,
    "duration": 0,
    "pid": 10800,
    "index": 18
  },
  {
    "name": "Require(16) config/config.default.js",
    "start": 1535467698858,
    "end": 1535467698858,
    "duration": 0,
    "pid": 10800,
    "index": 19
  },
  {
    "name": "Require(17) node_modules/_egg-security@2.2.3@egg-security/config/config.local.js",
    "start": 1535467698859,
    "end": 1535467698860,
    "duration": 1,
    "pid": 10800,
    "index": 20
  },
  {
    "name": "Require(18) node_modules/_egg-watcher@3.0.0@egg-watcher/config/config.local.js",
    "start": 1535467698862,
    "end": 1535467698863,
    "duration": 1,
    "pid": 10800,
    "index": 21
  },
  {
    "name": "Require(19) node_modules/_egg-view@2.1.0@egg-view/config/config.local.js",
    "start": 1535467698865,
    "end": 1535467698866,
    "duration": 1,
    "pid": 10800,
    "index": 22
  },
  {
    "name": "Require(20) node_modules/_egg-view-ejs@2.0.0@egg-view-ejs/config/config.local.js",
    "start": 1535467698867,
    "end": 1535467698867,
    "duration": 0,
    "pid": 10800,
    "index": 23
  },
  {
    "name": "Require(21) node_modules/_egg@2.10.0@egg/config/config.local.js",
    "start": 1535467698869,
    "end": 1535467698877,
    "duration": 8,
    "pid": 10800,
    "index": 24
  },
  {
    "name": "Load extend/application.js",
    "start": 1535467698880,
    "end": 1535467698919,
    "duration": 39,
    "pid": 10800,
    "index": 25
  },
  {
    "name": "Require(22) node_modules/_egg-session@3.1.0@egg-session/app/extend/application.js",
    "start": 1535467698881,
    "end": 1535467698883,
    "duration": 2,
    "pid": 10800,
    "index": 26
  },
  {
    "name": "Require(23) node_modules/_egg-security@2.2.3@egg-security/app/extend/application.js",
    "start": 1535467698885,
    "end": 1535467698889,
    "duration": 4,
    "pid": 10800,
    "index": 27
  },
  {
    "name": "Require(24) node_modules/_egg-jsonp@2.0.0@egg-jsonp/app/extend/application.js",
    "start": 1535467698890,
    "end": 1535467698894,
    "duration": 4,
    "pid": 10800,
    "index": 28
  },
  {
    "name": "Require(25) node_modules/_egg-logrotator@3.0.3@egg-logrotator/app/extend/application.js",
    "start": 1535467698898,
    "end": 1535467698905,
    "duration": 7,
    "pid": 10800,
    "index": 29
  },
  {
    "name": "Require(26) node_modules/_egg-view@2.1.0@egg-view/app/extend/application.js",
    "start": 1535467698906,
    "end": 1535467698909,
    "duration": 3,
    "pid": 10800,
    "index": 30
  },
  {
    "name": "Load extend/request.js",
    "start": 1535467698919,
    "end": 1535467698938,
    "duration": 19,
    "pid": 10800,
    "index": 31
  },
  {
    "name": "Require(27) node_modules/_egg@2.10.0@egg/app/extend/request.js",
    "start": 1535467698927,
    "end": 1535467698932,
    "duration": 5,
    "pid": 10800,
    "index": 32
  },
  {
    "name": "Load extend/response.js",
    "start": 1535467698938,
    "end": 1535467698953,
    "duration": 15,
    "pid": 10800,
    "index": 33
  },
  {
    "name": "Require(28) node_modules/_egg@2.10.0@egg/app/extend/response.js",
    "start": 1535467698943,
    "end": 1535467698949,
    "duration": 6,
    "pid": 10800,
    "index": 34
  },
  {
    "name": "Load extend/context.js",
    "start": 1535467698953,
    "end": 1535467699096,
    "duration": 143,
    "pid": 10800,
    "index": 35
  },
  {
    "name": "Require(29) node_modules/_egg-security@2.2.3@egg-security/app/extend/context.js",
    "start": 1535467698954,
    "end": 1535467698981,
    "duration": 27,
    "pid": 10800,
    "index": 36
  },
  {
    "name": "Require(30) node_modules/_egg-jsonp@2.0.0@egg-jsonp/app/extend/context.js",
    "start": 1535467698981,
    "end": 1535467698984,
    "duration": 3,
    "pid": 10800,
    "index": 37
  },
  {
    "name": "Require(31) node_modules/_egg-i18n@2.0.0@egg-i18n/app/extend/context.js",
    "start": 1535467698985,
    "end": 1535467698986,
    "duration": 1,
    "pid": 10800,
    "index": 38
  },
  {
    "name": "Require(32) node_modules/_egg-multipart@2.1.0@egg-multipart/app/extend/context.js",
    "start": 1535467698987,
    "end": 1535467699080,
    "duration": 93,
    "pid": 10800,
    "index": 39
  },
  {
    "name": "Require(33) node_modules/_egg-view@2.1.0@egg-view/app/extend/context.js",
    "start": 1535467699082,
    "end": 1535467699084,
    "duration": 2,
    "pid": 10800,
    "index": 40
  },
  {
    "name": "Require(34) node_modules/_egg@2.10.0@egg/app/extend/context.js",
    "start": 1535467699085,
    "end": 1535467699087,
    "duration": 2,
    "pid": 10800,
    "index": 41
  },
  {
    "name": "Load extend/helper.js",
    "start": 1535467699096,
    "end": 1535467699148,
    "duration": 52,
    "pid": 10800,
    "index": 42
  },
  {
    "name": "Require(35) node_modules/_egg-security@2.2.3@egg-security/app/extend/helper.js",
    "start": 1535467699098,
    "end": 1535467699133,
    "duration": 35,
    "pid": 10800,
    "index": 43
  },
  {
    "name": "Require(36) node_modules/_egg@2.10.0@egg/app/extend/helper.js",
    "start": 1535467699138,
    "end": 1535467699139,
    "duration": 1,
    "pid": 10800,
    "index": 44
  },
  {
    "name": "Load app.js",
    "start": 1535467699148,
    "end": 1535467699475,
    "duration": 327,
    "pid": 10800,
    "index": 45
  },
  {
    "name": "Require(37) node_modules/_egg-session@3.1.0@egg-session/app.js",
    "start": 1535467699149,
    "end": 1535467699150,
    "duration": 1,
    "pid": 10800,
    "index": 46
  },
  {
    "name": "Require(38) node_modules/_egg-security@2.2.3@egg-security/app.js",
    "start": 1535467699151,
    "end": 1535467699158,
    "duration": 7,
    "pid": 10800,
    "index": 47
  },
  {
    "name": "Require(39) node_modules/_egg-onerror@2.1.0@egg-onerror/app.js",
    "start": 1535467699161,
    "end": 1535467699182,
    "duration": 21,
    "pid": 10800,
    "index": 48
  },
  {
    "name": "Require(40) node_modules/_egg-i18n@2.0.0@egg-i18n/app.js",
    "start": 1535467699183,
    "end": 1535467699200,
    "duration": 17,
    "pid": 10800,
    "index": 49
  },
  {
    "name": "Require(41) node_modules/_egg-watcher@3.0.0@egg-watcher/app.js",
    "start": 1535467699205,
    "end": 1535467699212,
    "duration": 7,
    "pid": 10800,
    "index": 50
  },
  {
    "name": "Before Start in node_modules/_egg-watcher@3.0.0@egg-watcher/app.js:15:7",
    "start": 1535467699223,
    "end": 1535467699774,
    "duration": 551,
    "pid": 10800,
    "index": 51
  },
  {
    "name": "Require(42) node_modules/_egg-multipart@2.1.0@egg-multipart/app.js",
    "start": 1535467699225,
    "end": 1535467699232,
    "duration": 7,
    "pid": 10800,
    "index": 52
  },
  {
    "name": "Require(43) node_modules/_egg-development@2.4.1@egg-development/app.js",
    "start": 1535467699233,
    "end": 1535467699234,
    "duration": 1,
    "pid": 10800,
    "index": 53
  },
  {
    "name": "Require(44) node_modules/_egg-schedule@3.3.0@egg-schedule/app.js",
    "start": 1535467699234,
    "end": 1535467699237,
    "duration": 3,
    "pid": 10800,
    "index": 54
  },
  {
    "name": "Require(45) node_modules/_egg-logrotator@3.0.3@egg-logrotator/app.js",
    "start": 1535467699304,
    "end": 1535467699304,
    "duration": 0,
    "pid": 10800,
    "index": 55
  },
  {
    "name": "Require(46) node_modules/_egg-static@2.1.1@egg-static/app.js",
    "start": 1535467699305,
    "end": 1535467699305,
    "duration": 0,
    "pid": 10800,
    "index": 56
  },
  {
    "name": "Require(47) node_modules/_egg-view-ejs@2.0.0@egg-view-ejs/app.js",
    "start": 1535467699307,
    "end": 1535467699308,
    "duration": 1,
    "pid": 10800,
    "index": 57
  },
  {
    "name": "Require(48) node_modules/_egg-mysql@3.0.0@egg-mysql/app.js",
    "start": 1535467699318,
    "end": 1535467699350,
    "duration": 32,
    "pid": 10800,
    "index": 58
  },
  {
    "name": "Before Start in node_modules/_egg-mysql@3.0.0@egg-mysql/lib/mysql.js:20:7",
    "start": 1535467699473,
    "end": 1535467699780,
    "duration": 307,
    "pid": 10800,
    "index": 59
  },
  {
    "name": "Load Service",
    "start": 1535467699475,
    "end": 1535467699483,
    "duration": 8,
    "pid": 10800,
    "index": 60
  },
  {
    "name": "Load \"service\" to Context",
    "start": 1535467699475,
    "end": 1535467699483,
    "duration": 8,
    "pid": 10800,
    "index": 61
  },
  {
    "name": "Load Middleware",
    "start": 1535467699483,
    "end": 1535467699706,
    "duration": 223,
    "pid": 10800,
    "index": 62
  },
  {
    "name": "Load \"middlewares\" to Application",
    "start": 1535467699484,
    "end": 1535467699646,
    "duration": 162,
    "pid": 10800,
    "index": 63
  },
  {
    "name": "Load Controller",
    "start": 1535467699706,
    "end": 1535467699711,
    "duration": 5,
    "pid": 10800,
    "index": 64
  },
  {
    "name": "Load \"controller\" to Application",
    "start": 1535467699706,
    "end": 1535467699711,
    "duration": 5,
    "pid": 10800,
    "index": 65
  },
  {
    "name": "Load Router",
    "start": 1535467699711,
    "end": 1535467699716,
    "duration": 5,
    "pid": 10800,
    "index": 66
  },
  {
    "name": "Require(49) app/router.js",
    "start": 1535467699712,
    "end": 1535467699713,
    "duration": 1,
    "pid": 10800,
    "index": 67
  },
  {
    "name": "Before Start in node_modules/_egg-core@4.9.1@egg-core/lib/egg.js:328:10",
    "start": 1535467699713,
    "end": 1535467699747,
    "duration": 34,
    "pid": 10800,
    "index": 68
  }
]