[
  {
    "name": "Application Start",
    "start": 1535451484158,
    "end": 1535451484959,
    "duration": 801,
    "pid": 6164,
    "index": 0
  },
  {
    "name": "Load Plugin",
    "start": 1535451484169,
    "end": 1535451484233,
    "duration": 64,
    "pid": 6164,
    "index": 1
  },
  {
    "name": "Load Config",
    "start": 1535451484234,
    "end": 1535451484288,
    "duration": 54,
    "pid": 6164,
    "index": 2
  },
  {
    "name": "Require(0) config/config.default.js",
    "start": 1535451484235,
    "end": 1535451484236,
    "duration": 1,
    "pid": 6164,
    "index": 3
  },
  {
    "name": "Require(1) node_modules/_egg-session@3.1.0@egg-session/config/config.default.js",
    "start": 1535451484239,
    "end": 1535451484240,
    "duration": 1,
    "pid": 6164,
    "index": 4
  },
  {
    "name": "Require(2) node_modules/_egg-security@2.2.3@egg-security/config/config.default.js",
    "start": 1535451484241,
    "end": 1535451484242,
    "duration": 1,
    "pid": 6164,
    "index": 5
  },
  {
    "name": "Require(3) node_modules/_egg-jsonp@2.0.0@egg-jsonp/config/config.default.js",
    "start": 1535451484243,
    "end": 1535451484244,
    "duration": 1,
    "pid": 6164,
    "index": 6
  },
  {
    "name": "Require(4) node_modules/_egg-onerror@2.1.0@egg-onerror/config/config.default.js",
    "start": 1535451484245,
    "end": 1535451484245,
    "duration": 0,
    "pid": 6164,
    "index": 7
  },
  {
    "name": "Require(5) node_modules/_egg-i18n@2.0.0@egg-i18n/config/config.default.js",
    "start": 1535451484247,
    "end": 1535451484247,
    "duration": 0,
    "pid": 6164,
    "index": 8
  },
  {
    "name": "Require(6) node_modules/_egg-watcher@3.0.0@egg-watcher/config/config.default.js",
    "start": 1535451484248,
    "end": 1535451484249,
    "duration": 1,
    "pid": 6164,
    "index": 9
  },
  {
    "name": "Require(7) node_modules/_egg-multipart@2.1.0@egg-multipart/config/config.default.js",
    "start": 1535451484250,
    "end": 1535451484250,
    "duration": 0,
    "pid": 6164,
    "index": 10
  },
  {
    "name": "Require(8) node_modules/_egg-development@2.4.1@egg-development/config/config.default.js",
    "start": 1535451484251,
    "end": 1535451484252,
    "duration": 1,
    "pid": 6164,
    "index": 11
  },
  {
    "name": "Require(9) node_modules/_egg-schedule@3.3.0@egg-schedule/config/config.default.js",
    "start": 1535451484253,
    "end": 1535451484253,
    "duration": 0,
    "pid": 6164,
    "index": 12
  },
  {
    "name": "Require(10) node_modules/_egg-logrotator@3.0.3@egg-logrotator/config/config.default.js",
    "start": 1535451484255,
    "end": 1535451484255,
    "duration": 0,
    "pid": 6164,
    "index": 13
  },
  {
    "name": "Require(11) node_modules/_egg-static@2.1.1@egg-static/config/config.default.js",
    "start": 1535451484257,
    "end": 1535451484257,
    "duration": 0,
    "pid": 6164,
    "index": 14
  },
  {
    "name": "Require(12) node_modules/_egg-view@2.1.0@egg-view/config/config.default.js",
    "start": 1535451484258,
    "end": 1535451484259,
    "duration": 1,
    "pid": 6164,
    "index": 15
  },
  {
    "name": "Require(13) node_modules/_egg-view-ejs@2.0.0@egg-view-ejs/config/config.default.js",
    "start": 1535451484261,
    "end": 1535451484262,
    "duration": 1,
    "pid": 6164,
    "index": 16
  },
  {
    "name": "Require(14) node_modules/_egg-mysql@3.0.0@egg-mysql/config/config.default.js",
    "start": 1535451484263,
    "end": 1535451484264,
    "duration": 1,
    "pid": 6164,
    "index": 17
  },
  {
    "name": "Require(15) node_modules/_egg@2.10.0@egg/config/config.default.js",
    "start": 1535451484264,
    "end": 1535451484265,
    "duration": 1,
    "pid": 6164,
    "index": 18
  },
  {
    "name": "Require(16) config/config.default.js",
    "start": 1535451484269,
    "end": 1535451484270,
    "duration": 1,
    "pid": 6164,
    "index": 19
  },
  {
    "name": "Require(17) node_modules/_egg-security@2.2.3@egg-security/config/config.local.js",
    "start": 1535451484271,
    "end": 1535451484272,
    "duration": 1,
    "pid": 6164,
    "index": 20
  },
  {
    "name": "Require(18) node_modules/_egg-watcher@3.0.0@egg-watcher/config/config.local.js",
    "start": 1535451484274,
    "end": 1535451484275,
    "duration": 1,
    "pid": 6164,
    "index": 21
  },
  {
    "name": "Require(19) node_modules/_egg-view@2.1.0@egg-view/config/config.local.js",
    "start": 1535451484278,
    "end": 1535451484279,
    "duration": 1,
    "pid": 6164,
    "index": 22
  },
  {
    "name": "Require(20) node_modules/_egg-view-ejs@2.0.0@egg-view-ejs/config/config.local.js",
    "start": 1535451484280,
    "end": 1535451484280,
    "duration": 0,
    "pid": 6164,
    "index": 23
  },
  {
    "name": "Require(21) node_modules/_egg@2.10.0@egg/config/config.local.js",
    "start": 1535451484281,
    "end": 1535451484287,
    "duration": 6,
    "pid": 6164,
    "index": 24
  },
  {
    "name": "Load extend/application.js",
    "start": 1535451484291,
    "end": 1535451484326,
    "duration": 35,
    "pid": 6164,
    "index": 25
  },
  {
    "name": "Require(22) node_modules/_egg-session@3.1.0@egg-session/app/extend/application.js",
    "start": 1535451484292,
    "end": 1535451484293,
    "duration": 1,
    "pid": 6164,
    "index": 26
  },
  {
    "name": "Require(23) node_modules/_egg-security@2.2.3@egg-security/app/extend/application.js",
    "start": 1535451484293,
    "end": 1535451484295,
    "duration": 2,
    "pid": 6164,
    "index": 27
  },
  {
    "name": "Require(24) node_modules/_egg-jsonp@2.0.0@egg-jsonp/app/extend/application.js",
    "start": 1535451484296,
    "end": 1535451484300,
    "duration": 4,
    "pid": 6164,
    "index": 28
  },
  {
    "name": "Require(25) node_modules/_egg-logrotator@3.0.3@egg-logrotator/app/extend/application.js",
    "start": 1535451484304,
    "end": 1535451484313,
    "duration": 9,
    "pid": 6164,
    "index": 29
  },
  {
    "name": "Require(26) node_modules/_egg-view@2.1.0@egg-view/app/extend/application.js",
    "start": 1535451484314,
    "end": 1535451484318,
    "duration": 4,
    "pid": 6164,
    "index": 30
  },
  {
    "name": "Load extend/request.js",
    "start": 1535451484326,
    "end": 1535451484340,
    "duration": 14,
    "pid": 6164,
    "index": 31
  },
  {
    "name": "Require(27) node_modules/_egg@2.10.0@egg/app/extend/request.js",
    "start": 1535451484331,
    "end": 1535451484335,
    "duration": 4,
    "pid": 6164,
    "index": 32
  },
  {
    "name": "Load extend/response.js",
    "start": 1535451484340,
    "end": 1535451484353,
    "duration": 13,
    "pid": 6164,
    "index": 33
  },
  {
    "name": "Require(28) node_modules/_egg@2.10.0@egg/app/extend/response.js",
    "start": 1535451484346,
    "end": 1535451484349,
    "duration": 3,
    "pid": 6164,
    "index": 34
  },
  {
    "name": "Load extend/context.js",
    "start": 1535451484353,
    "end": 1535451484472,
    "duration": 119,
    "pid": 6164,
    "index": 35
  },
  {
    "name": "Require(29) node_modules/_egg-security@2.2.3@egg-security/app/extend/context.js",
    "start": 1535451484354,
    "end": 1535451484379,
    "duration": 25,
    "pid": 6164,
    "index": 36
  },
  {
    "name": "Require(30) node_modules/_egg-jsonp@2.0.0@egg-jsonp/app/extend/context.js",
    "start": 1535451484379,
    "end": 1535451484383,
    "duration": 4,
    "pid": 6164,
    "index": 37
  },
  {
    "name": "Require(31) node_modules/_egg-i18n@2.0.0@egg-i18n/app/extend/context.js",
    "start": 1535451484384,
    "end": 1535451484384,
    "duration": 0,
    "pid": 6164,
    "index": 38
  },
  {
    "name": "Require(32) node_modules/_egg-multipart@2.1.0@egg-multipart/app/extend/context.js",
    "start": 1535451484387,
    "end": 1535451484459,
    "duration": 72,
    "pid": 6164,
    "index": 39
  },
  {
    "name": "Require(33) node_modules/_egg-view@2.1.0@egg-view/app/extend/context.js",
    "start": 1535451484461,
    "end": 1535451484463,
    "duration": 2,
    "pid": 6164,
    "index": 40
  },
  {
    "name": "Require(34) node_modules/_egg@2.10.0@egg/app/extend/context.js",
    "start": 1535451484465,
    "end": 1535451484468,
    "duration": 3,
    "pid": 6164,
    "index": 41
  },
  {
    "name": "Load extend/helper.js",
    "start": 1535451484473,
    "end": 1535451484512,
    "duration": 39,
    "pid": 6164,
    "index": 42
  },
  {
    "name": "Require(35) node_modules/_egg-security@2.2.3@egg-security/app/extend/helper.js",
    "start": 1535451484473,
    "end": 1535451484502,
    "duration": 29,
    "pid": 6164,
    "index": 43
  },
  {
    "name": "Require(36) node_modules/_egg@2.10.0@egg/app/extend/helper.js",
    "start": 1535451484505,
    "end": 1535451484506,
    "duration": 1,
    "pid": 6164,
    "index": 44
  },
  {
    "name": "Load app.js",
    "start": 1535451484512,
    "end": 1535451484702,
    "duration": 190,
    "pid": 6164,
    "index": 45
  },
  {
    "name": "Require(37) node_modules/_egg-session@3.1.0@egg-session/app.js",
    "start": 1535451484513,
    "end": 1535451484513,
    "duration": 0,
    "pid": 6164,
    "index": 46
  },
  {
    "name": "Require(38) node_modules/_egg-security@2.2.3@egg-security/app.js",
    "start": 1535451484514,
    "end": 1535451484519,
    "duration": 5,
    "pid": 6164,
    "index": 47
  },
  {
    "name": "Require(39) node_modules/_egg-onerror@2.1.0@egg-onerror/app.js",
    "start": 1535451484521,
    "end": 1535451484536,
    "duration": 15,
    "pid": 6164,
    "index": 48
  },
  {
    "name": "Require(40) node_modules/_egg-i18n@2.0.0@egg-i18n/app.js",
    "start": 1535451484537,
    "end": 1535451484552,
    "duration": 15,
    "pid": 6164,
    "index": 49
  },
  {
    "name": "Require(41) node_modules/_egg-watcher@3.0.0@egg-watcher/app.js",
    "start": 1535451484557,
    "end": 1535451484564,
    "duration": 7,
    "pid": 6164,
    "index": 50
  },
  {
    "name": "Before Start in node_modules/_egg-watcher@3.0.0@egg-watcher/app.js:15:7",
    "start": 1535451484579,
    "end": 1535451484958,
    "duration": 379,
    "pid": 6164,
    "index": 51
  },
  {
    "name": "Require(42) node_modules/_egg-multipart@2.1.0@egg-multipart/app.js",
    "start": 1535451484581,
    "end": 1535451484586,
    "duration": 5,
    "pid": 6164,
    "index": 52
  },
  {
    "name": "Require(43) node_modules/_egg-development@2.4.1@egg-development/app.js",
    "start": 1535451484588,
    "end": 1535451484588,
    "duration": 0,
    "pid": 6164,
    "index": 53
  },
  {
    "name": "Require(44) node_modules/_egg-schedule@3.3.0@egg-schedule/app.js",
    "start": 1535451484589,
    "end": 1535451484593,
    "duration": 4,
    "pid": 6164,
    "index": 54
  },
  {
    "name": "Require(45) node_modules/_egg-logrotator@3.0.3@egg-logrotator/app.js",
    "start": 1535451484661,
    "end": 1535451484661,
    "duration": 0,
    "pid": 6164,
    "index": 55
  },
  {
    "name": "Require(46) node_modules/_egg-static@2.1.1@egg-static/app.js",
    "start": 1535451484662,
    "end": 1535451484662,
    "duration": 0,
    "pid": 6164,
    "index": 56
  },
  {
    "name": "Require(47) node_modules/_egg-view-ejs@2.0.0@egg-view-ejs/app.js",
    "start": 1535451484664,
    "end": 1535451484664,
    "duration": 0,
    "pid": 6164,
    "index": 57
  },
  {
    "name": "Require(48) node_modules/_egg-mysql@3.0.0@egg-mysql/app.js",
    "start": 1535451484672,
    "end": 1535451484698,
    "duration": 26,
    "pid": 6164,
    "index": 58
  },
  {
    "name": "Load Service",
    "start": 1535451484702,
    "end": 1535451484710,
    "duration": 8,
    "pid": 6164,
    "index": 59
  },
  {
    "name": "Load \"service\" to Context",
    "start": 1535451484702,
    "end": 1535451484710,
    "duration": 8,
    "pid": 6164,
    "index": 60
  },
  {
    "name": "Load Middleware",
    "start": 1535451484711,
    "end": 1535451484909,
    "duration": 198,
    "pid": 6164,
    "index": 61
  },
  {
    "name": "Load \"middlewares\" to Application",
    "start": 1535451484711,
    "end": 1535451484890,
    "duration": 179,
    "pid": 6164,
    "index": 62
  },
  {
    "name": "Load Controller",
    "start": 1535451484909,
    "end": 1535451484913,
    "duration": 4,
    "pid": 6164,
    "index": 63
  },
  {
    "name": "Load \"controller\" to Application",
    "start": 1535451484909,
    "end": 1535451484913,
    "duration": 4,
    "pid": 6164,
    "index": 64
  },
  {
    "name": "Load Router",
    "start": 1535451484913,
    "end": 1535451484919,
    "duration": 6,
    "pid": 6164,
    "index": 65
  },
  {
    "name": "Require(49) app/router.js",
    "start": 1535451484914,
    "end": 1535451484915,
    "duration": 1,
    "pid": 6164,
    "index": 66
  },
  {
    "name": "Before Start in node_modules/_egg-core@4.9.1@egg-core/lib/egg.js:328:10",
    "start": 1535451484916,
    "end": 1535451484936,
    "duration": 20,
    "pid": 6164,
    "index": 67
  }
]