[
  {
    "name": "Application Start",
    "start": 1535468390690,
    "end": 1535468391553,
    "duration": 863,
    "pid": 2660,
    "index": 0
  },
  {
    "name": "Load Plugin",
    "start": 1535468390704,
    "end": 1535468390738,
    "duration": 34,
    "pid": 2660,
    "index": 1
  },
  {
    "name": "Load Config",
    "start": 1535468390738,
    "end": 1535468390775,
    "duration": 37,
    "pid": 2660,
    "index": 2
  },
  {
    "name": "Require(0) config/config.default.js",
    "start": 1535468390739,
    "end": 1535468390739,
    "duration": 0,
    "pid": 2660,
    "index": 3
  },
  {
    "name": "Require(1) node_modules/_egg-session@3.1.0@egg-session/config/config.default.js",
    "start": 1535468390741,
    "end": 1535468390742,
    "duration": 1,
    "pid": 2660,
    "index": 4
  },
  {
    "name": "Require(2) node_modules/_egg-security@2.2.3@egg-security/config/config.default.js",
    "start": 1535468390743,
    "end": 1535468390743,
    "duration": 0,
    "pid": 2660,
    "index": 5
  },
  {
    "name": "Require(3) node_modules/_egg-jsonp@2.0.0@egg-jsonp/config/config.default.js",
    "start": 1535468390744,
    "end": 1535468390745,
    "duration": 1,
    "pid": 2660,
    "index": 6
  },
  {
    "name": "Require(4) node_modules/_egg-onerror@2.1.0@egg-onerror/config/config.default.js",
    "start": 1535468390746,
    "end": 1535468390746,
    "duration": 0,
    "pid": 2660,
    "index": 7
  },
  {
    "name": "Require(5) node_modules/_egg-i18n@2.0.0@egg-i18n/config/config.default.js",
    "start": 1535468390747,
    "end": 1535468390748,
    "duration": 1,
    "pid": 2660,
    "index": 8
  },
  {
    "name": "Require(6) node_modules/_egg-watcher@3.0.0@egg-watcher/config/config.default.js",
    "start": 1535468390748,
    "end": 1535468390749,
    "duration": 1,
    "pid": 2660,
    "index": 9
  },
  {
    "name": "Require(7) node_modules/_egg-multipart@2.1.0@egg-multipart/config/config.default.js",
    "start": 1535468390751,
    "end": 1535468390751,
    "duration": 0,
    "pid": 2660,
    "index": 10
  },
  {
    "name": "Require(8) node_modules/_egg-development@2.4.1@egg-development/config/config.default.js",
    "start": 1535468390753,
    "end": 1535468390753,
    "duration": 0,
    "pid": 2660,
    "index": 11
  },
  {
    "name": "Require(9) node_modules/_egg-schedule@3.3.0@egg-schedule/config/config.default.js",
    "start": 1535468390754,
    "end": 1535468390755,
    "duration": 1,
    "pid": 2660,
    "index": 12
  },
  {
    "name": "Require(10) node_modules/_egg-logrotator@3.0.3@egg-logrotator/config/config.default.js",
    "start": 1535468390756,
    "end": 1535468390756,
    "duration": 0,
    "pid": 2660,
    "index": 13
  },
  {
    "name": "Require(11) node_modules/_egg-static@2.1.1@egg-static/config/config.default.js",
    "start": 1535468390757,
    "end": 1535468390758,
    "duration": 1,
    "pid": 2660,
    "index": 14
  },
  {
    "name": "Require(12) node_modules/_egg-view@2.1.0@egg-view/config/config.default.js",
    "start": 1535468390759,
    "end": 1535468390759,
    "duration": 0,
    "pid": 2660,
    "index": 15
  },
  {
    "name": "Require(13) node_modules/_egg-view-ejs@2.0.0@egg-view-ejs/config/config.default.js",
    "start": 1535468390760,
    "end": 1535468390761,
    "duration": 1,
    "pid": 2660,
    "index": 16
  },
  {
    "name": "Require(14) node_modules/_egg-mysql@3.0.0@egg-mysql/config/config.default.js",
    "start": 1535468390762,
    "end": 1535468390763,
    "duration": 1,
    "pid": 2660,
    "index": 17
  },
  {
    "name": "Require(15) node_modules/_egg@2.10.0@egg/config/config.default.js",
    "start": 1535468390764,
    "end": 1535468390765,
    "duration": 1,
    "pid": 2660,
    "index": 18
  },
  {
    "name": "Require(16) config/config.default.js",
    "start": 1535468390766,
    "end": 1535468390766,
    "duration": 0,
    "pid": 2660,
    "index": 19
  },
  {
    "name": "Require(17) node_modules/_egg-security@2.2.3@egg-security/config/config.local.js",
    "start": 1535468390767,
    "end": 1535468390768,
    "duration": 1,
    "pid": 2660,
    "index": 20
  },
  {
    "name": "Require(18) node_modules/_egg-watcher@3.0.0@egg-watcher/config/config.local.js",
    "start": 1535468390769,
    "end": 1535468390770,
    "duration": 1,
    "pid": 2660,
    "index": 21
  },
  {
    "name": "Require(19) node_modules/_egg-view@2.1.0@egg-view/config/config.local.js",
    "start": 1535468390772,
    "end": 1535468390773,
    "duration": 1,
    "pid": 2660,
    "index": 22
  },
  {
    "name": "Require(20) node_modules/_egg-view-ejs@2.0.0@egg-view-ejs/config/config.local.js",
    "start": 1535468390773,
    "end": 1535468390774,
    "duration": 1,
    "pid": 2660,
    "index": 23
  },
  {
    "name": "Require(21) node_modules/_egg@2.10.0@egg/config/config.local.js",
    "start": 1535468390775,
    "end": 1535468390775,
    "duration": 0,
    "pid": 2660,
    "index": 24
  },
  {
    "name": "Load extend/application.js",
    "start": 1535468390778,
    "end": 1535468390805,
    "duration": 27,
    "pid": 2660,
    "index": 25
  },
  {
    "name": "Require(22) node_modules/_egg-session@3.1.0@egg-session/app/extend/application.js",
    "start": 1535468390779,
    "end": 1535468390780,
    "duration": 1,
    "pid": 2660,
    "index": 26
  },
  {
    "name": "Require(23) node_modules/_egg-security@2.2.3@egg-security/app/extend/application.js",
    "start": 1535468390782,
    "end": 1535468390784,
    "duration": 2,
    "pid": 2660,
    "index": 27
  },
  {
    "name": "Require(24) node_modules/_egg-jsonp@2.0.0@egg-jsonp/app/extend/application.js",
    "start": 1535468390784,
    "end": 1535468390788,
    "duration": 4,
    "pid": 2660,
    "index": 28
  },
  {
    "name": "Require(25) node_modules/_egg-logrotator@3.0.3@egg-logrotator/app/extend/application.js",
    "start": 1535468390791,
    "end": 1535468390796,
    "duration": 5,
    "pid": 2660,
    "index": 29
  },
  {
    "name": "Require(26) node_modules/_egg-view@2.1.0@egg-view/app/extend/application.js",
    "start": 1535468390797,
    "end": 1535468390800,
    "duration": 3,
    "pid": 2660,
    "index": 30
  },
  {
    "name": "Load extend/request.js",
    "start": 1535468390805,
    "end": 1535468390820,
    "duration": 15,
    "pid": 2660,
    "index": 31
  },
  {
    "name": "Require(27) node_modules/_egg@2.10.0@egg/app/extend/request.js",
    "start": 1535468390811,
    "end": 1535468390814,
    "duration": 3,
    "pid": 2660,
    "index": 32
  },
  {
    "name": "Load extend/response.js",
    "start": 1535468390820,
    "end": 1535468390834,
    "duration": 14,
    "pid": 2660,
    "index": 33
  },
  {
    "name": "Require(28) node_modules/_egg@2.10.0@egg/app/extend/response.js",
    "start": 1535468390826,
    "end": 1535468390830,
    "duration": 4,
    "pid": 2660,
    "index": 34
  },
  {
    "name": "Load extend/context.js",
    "start": 1535468390834,
    "end": 1535468390943,
    "duration": 109,
    "pid": 2660,
    "index": 35
  },
  {
    "name": "Require(29) node_modules/_egg-security@2.2.3@egg-security/app/extend/context.js",
    "start": 1535468390835,
    "end": 1535468390857,
    "duration": 22,
    "pid": 2660,
    "index": 36
  },
  {
    "name": "Require(30) node_modules/_egg-jsonp@2.0.0@egg-jsonp/app/extend/context.js",
    "start": 1535468390858,
    "end": 1535468390861,
    "duration": 3,
    "pid": 2660,
    "index": 37
  },
  {
    "name": "Require(31) node_modules/_egg-i18n@2.0.0@egg-i18n/app/extend/context.js",
    "start": 1535468390862,
    "end": 1535468390862,
    "duration": 0,
    "pid": 2660,
    "index": 38
  },
  {
    "name": "Require(32) node_modules/_egg-multipart@2.1.0@egg-multipart/app/extend/context.js",
    "start": 1535468390863,
    "end": 1535468390931,
    "duration": 68,
    "pid": 2660,
    "index": 39
  },
  {
    "name": "Require(33) node_modules/_egg-view@2.1.0@egg-view/app/extend/context.js",
    "start": 1535468390932,
    "end": 1535468390934,
    "duration": 2,
    "pid": 2660,
    "index": 40
  },
  {
    "name": "Require(34) node_modules/_egg@2.10.0@egg/app/extend/context.js",
    "start": 1535468390936,
    "end": 1535468390938,
    "duration": 2,
    "pid": 2660,
    "index": 41
  },
  {
    "name": "Load extend/helper.js",
    "start": 1535468390943,
    "end": 1535468390982,
    "duration": 39,
    "pid": 2660,
    "index": 42
  },
  {
    "name": "Require(35) node_modules/_egg-security@2.2.3@egg-security/app/extend/helper.js",
    "start": 1535468390944,
    "end": 1535468390974,
    "duration": 30,
    "pid": 2660,
    "index": 43
  },
  {
    "name": "Require(36) node_modules/_egg@2.10.0@egg/app/extend/helper.js",
    "start": 1535468390977,
    "end": 1535468390978,
    "duration": 1,
    "pid": 2660,
    "index": 44
  },
  {
    "name": "Load app.js",
    "start": 1535468390982,
    "end": 1535468391315,
    "duration": 333,
    "pid": 2660,
    "index": 45
  },
  {
    "name": "Require(37) node_modules/_egg-session@3.1.0@egg-session/app.js",
    "start": 1535468390983,
    "end": 1535468390983,
    "duration": 0,
    "pid": 2660,
    "index": 46
  },
  {
    "name": "Require(38) node_modules/_egg-security@2.2.3@egg-security/app.js",
    "start": 1535468390984,
    "end": 1535468390988,
    "duration": 4,
    "pid": 2660,
    "index": 47
  },
  {
    "name": "Require(39) node_modules/_egg-onerror@2.1.0@egg-onerror/app.js",
    "start": 1535468390990,
    "end": 1535468391007,
    "duration": 17,
    "pid": 2660,
    "index": 48
  },
  {
    "name": "Require(40) node_modules/_egg-i18n@2.0.0@egg-i18n/app.js",
    "start": 1535468391008,
    "end": 1535468391025,
    "duration": 17,
    "pid": 2660,
    "index": 49
  },
  {
    "name": "Require(41) node_modules/_egg-watcher@3.0.0@egg-watcher/app.js",
    "start": 1535468391030,
    "end": 1535468391037,
    "duration": 7,
    "pid": 2660,
    "index": 50
  },
  {
    "name": "Before Start in node_modules/_egg-watcher@3.0.0@egg-watcher/app.js:15:7",
    "start": 1535468391050,
    "end": 1535468391546,
    "duration": 496,
    "pid": 2660,
    "index": 51
  },
  {
    "name": "Require(42) node_modules/_egg-multipart@2.1.0@egg-multipart/app.js",
    "start": 1535468391052,
    "end": 1535468391059,
    "duration": 7,
    "pid": 2660,
    "index": 52
  },
  {
    "name": "Require(43) node_modules/_egg-development@2.4.1@egg-development/app.js",
    "start": 1535468391061,
    "end": 1535468391061,
    "duration": 0,
    "pid": 2660,
    "index": 53
  },
  {
    "name": "Require(44) node_modules/_egg-schedule@3.3.0@egg-schedule/app.js",
    "start": 1535468391062,
    "end": 1535468391065,
    "duration": 3,
    "pid": 2660,
    "index": 54
  },
  {
    "name": "Require(45) node_modules/_egg-logrotator@3.0.3@egg-logrotator/app.js",
    "start": 1535468391128,
    "end": 1535468391128,
    "duration": 0,
    "pid": 2660,
    "index": 55
  },
  {
    "name": "Require(46) node_modules/_egg-static@2.1.1@egg-static/app.js",
    "start": 1535468391129,
    "end": 1535468391129,
    "duration": 0,
    "pid": 2660,
    "index": 56
  },
  {
    "name": "Require(47) node_modules/_egg-view-ejs@2.0.0@egg-view-ejs/app.js",
    "start": 1535468391131,
    "end": 1535468391131,
    "duration": 0,
    "pid": 2660,
    "index": 57
  },
  {
    "name": "Require(48) node_modules/_egg-mysql@3.0.0@egg-mysql/app.js",
    "start": 1535468391140,
    "end": 1535468391181,
    "duration": 41,
    "pid": 2660,
    "index": 58
  },
  {
    "name": "Before Start in node_modules/_egg-mysql@3.0.0@egg-mysql/lib/mysql.js:20:7",
    "start": 1535468391313,
    "end": 1535468391552,
    "duration": 239,
    "pid": 2660,
    "index": 59
  },
  {
    "name": "Load Service",
    "start": 1535468391315,
    "end": 1535468391329,
    "duration": 14,
    "pid": 2660,
    "index": 60
  },
  {
    "name": "Load \"service\" to Context",
    "start": 1535468391315,
    "end": 1535468391329,
    "duration": 14,
    "pid": 2660,
    "index": 61
  },
  {
    "name": "Load Middleware",
    "start": 1535468391329,
    "end": 1535468391476,
    "duration": 147,
    "pid": 2660,
    "index": 62
  },
  {
    "name": "Load \"middlewares\" to Application",
    "start": 1535468391329,
    "end": 1535468391457,
    "duration": 128,
    "pid": 2660,
    "index": 63
  },
  {
    "name": "Load Controller",
    "start": 1535468391476,
    "end": 1535468391480,
    "duration": 4,
    "pid": 2660,
    "index": 64
  },
  {
    "name": "Load \"controller\" to Application",
    "start": 1535468391476,
    "end": 1535468391480,
    "duration": 4,
    "pid": 2660,
    "index": 65
  },
  {
    "name": "Load Router",
    "start": 1535468391480,
    "end": 1535468391483,
    "duration": 3,
    "pid": 2660,
    "index": 66
  },
  {
    "name": "Require(49) app/router.js",
    "start": 1535468391481,
    "end": 1535468391481,
    "duration": 0,
    "pid": 2660,
    "index": 67
  },
  {
    "name": "Before Start in node_modules/_egg-core@4.9.1@egg-core/lib/egg.js:328:10",
    "start": 1535468391481,
    "end": 1535468391515,
    "duration": 34,
    "pid": 2660,
    "index": 68
  }
]