[
  {
    "name": "Application Start",
    "start": 1535468059368,
    "end": 1535468060289,
    "duration": 921,
    "pid": 13996,
    "index": 0
  },
  {
    "name": "Load Plugin",
    "start": 1535468059377,
    "end": 1535468059414,
    "duration": 37,
    "pid": 13996,
    "index": 1
  },
  {
    "name": "Load Config",
    "start": 1535468059415,
    "end": 1535468059455,
    "duration": 40,
    "pid": 13996,
    "index": 2
  },
  {
    "name": "Require(0) config/config.default.js",
    "start": 1535468059416,
    "end": 1535468059416,
    "duration": 0,
    "pid": 13996,
    "index": 3
  },
  {
    "name": "Require(1) node_modules/_egg-session@3.1.0@egg-session/config/config.default.js",
    "start": 1535468059418,
    "end": 1535468059419,
    "duration": 1,
    "pid": 13996,
    "index": 4
  },
  {
    "name": "Require(2) node_modules/_egg-security@2.2.3@egg-security/config/config.default.js",
    "start": 1535468059419,
    "end": 1535468059420,
    "duration": 1,
    "pid": 13996,
    "index": 5
  },
  {
    "name": "Require(3) node_modules/_egg-jsonp@2.0.0@egg-jsonp/config/config.default.js",
    "start": 1535468059422,
    "end": 1535468059423,
    "duration": 1,
    "pid": 13996,
    "index": 6
  },
  {
    "name": "Require(4) node_modules/_egg-onerror@2.1.0@egg-onerror/config/config.default.js",
    "start": 1535468059424,
    "end": 1535468059424,
    "duration": 0,
    "pid": 13996,
    "index": 7
  },
  {
    "name": "Require(5) node_modules/_egg-i18n@2.0.0@egg-i18n/config/config.default.js",
    "start": 1535468059425,
    "end": 1535468059426,
    "duration": 1,
    "pid": 13996,
    "index": 8
  },
  {
    "name": "Require(6) node_modules/_egg-watcher@3.0.0@egg-watcher/config/config.default.js",
    "start": 1535468059427,
    "end": 1535468059427,
    "duration": 0,
    "pid": 13996,
    "index": 9
  },
  {
    "name": "Require(7) node_modules/_egg-multipart@2.1.0@egg-multipart/config/config.default.js",
    "start": 1535468059428,
    "end": 1535468059429,
    "duration": 1,
    "pid": 13996,
    "index": 10
  },
  {
    "name": "Require(8) node_modules/_egg-development@2.4.1@egg-development/config/config.default.js",
    "start": 1535468059429,
    "end": 1535468059430,
    "duration": 1,
    "pid": 13996,
    "index": 11
  },
  {
    "name": "Require(9) node_modules/_egg-schedule@3.3.0@egg-schedule/config/config.default.js",
    "start": 1535468059431,
    "end": 1535468059431,
    "duration": 0,
    "pid": 13996,
    "index": 12
  },
  {
    "name": "Require(10) node_modules/_egg-logrotator@3.0.3@egg-logrotator/config/config.default.js",
    "start": 1535468059432,
    "end": 1535468059432,
    "duration": 0,
    "pid": 13996,
    "index": 13
  },
  {
    "name": "Require(11) node_modules/_egg-static@2.1.1@egg-static/config/config.default.js",
    "start": 1535468059433,
    "end": 1535468059434,
    "duration": 1,
    "pid": 13996,
    "index": 14
  },
  {
    "name": "Require(12) node_modules/_egg-view@2.1.0@egg-view/config/config.default.js",
    "start": 1535468059435,
    "end": 1535468059436,
    "duration": 1,
    "pid": 13996,
    "index": 15
  },
  {
    "name": "Require(13) node_modules/_egg-view-ejs@2.0.0@egg-view-ejs/config/config.default.js",
    "start": 1535468059437,
    "end": 1535468059437,
    "duration": 0,
    "pid": 13996,
    "index": 16
  },
  {
    "name": "Require(14) node_modules/_egg-mysql@3.0.0@egg-mysql/config/config.default.js",
    "start": 1535468059438,
    "end": 1535468059439,
    "duration": 1,
    "pid": 13996,
    "index": 17
  },
  {
    "name": "Require(15) node_modules/_egg@2.10.0@egg/config/config.default.js",
    "start": 1535468059440,
    "end": 1535468059441,
    "duration": 1,
    "pid": 13996,
    "index": 18
  },
  {
    "name": "Require(16) config/config.default.js",
    "start": 1535468059445,
    "end": 1535468059445,
    "duration": 0,
    "pid": 13996,
    "index": 19
  },
  {
    "name": "Require(17) node_modules/_egg-security@2.2.3@egg-security/config/config.local.js",
    "start": 1535468059446,
    "end": 1535468059447,
    "duration": 1,
    "pid": 13996,
    "index": 20
  },
  {
    "name": "Require(18) node_modules/_egg-watcher@3.0.0@egg-watcher/config/config.local.js",
    "start": 1535468059450,
    "end": 1535468059450,
    "duration": 0,
    "pid": 13996,
    "index": 21
  },
  {
    "name": "Require(19) node_modules/_egg-view@2.1.0@egg-view/config/config.local.js",
    "start": 1535468059453,
    "end": 1535468059453,
    "duration": 0,
    "pid": 13996,
    "index": 22
  },
  {
    "name": "Require(20) node_modules/_egg-view-ejs@2.0.0@egg-view-ejs/config/config.local.js",
    "start": 1535468059454,
    "end": 1535468059454,
    "duration": 0,
    "pid": 13996,
    "index": 23
  },
  {
    "name": "Require(21) node_modules/_egg@2.10.0@egg/config/config.local.js",
    "start": 1535468059455,
    "end": 1535468059455,
    "duration": 0,
    "pid": 13996,
    "index": 24
  },
  {
    "name": "Load extend/application.js",
    "start": 1535468059461,
    "end": 1535468059487,
    "duration": 26,
    "pid": 13996,
    "index": 25
  },
  {
    "name": "Require(22) node_modules/_egg-session@3.1.0@egg-session/app/extend/application.js",
    "start": 1535468059463,
    "end": 1535468059463,
    "duration": 0,
    "pid": 13996,
    "index": 26
  },
  {
    "name": "Require(23) node_modules/_egg-security@2.2.3@egg-security/app/extend/application.js",
    "start": 1535468059464,
    "end": 1535468059465,
    "duration": 1,
    "pid": 13996,
    "index": 27
  },
  {
    "name": "Require(24) node_modules/_egg-jsonp@2.0.0@egg-jsonp/app/extend/application.js",
    "start": 1535468059466,
    "end": 1535468059470,
    "duration": 4,
    "pid": 13996,
    "index": 28
  },
  {
    "name": "Require(25) node_modules/_egg-logrotator@3.0.3@egg-logrotator/app/extend/application.js",
    "start": 1535468059472,
    "end": 1535468059477,
    "duration": 5,
    "pid": 13996,
    "index": 29
  },
  {
    "name": "Require(26) node_modules/_egg-view@2.1.0@egg-view/app/extend/application.js",
    "start": 1535468059479,
    "end": 1535468059482,
    "duration": 3,
    "pid": 13996,
    "index": 30
  },
  {
    "name": "Load extend/request.js",
    "start": 1535468059487,
    "end": 1535468059499,
    "duration": 12,
    "pid": 13996,
    "index": 31
  },
  {
    "name": "Require(27) node_modules/_egg@2.10.0@egg/app/extend/request.js",
    "start": 1535468059491,
    "end": 1535468059494,
    "duration": 3,
    "pid": 13996,
    "index": 32
  },
  {
    "name": "Load extend/response.js",
    "start": 1535468059499,
    "end": 1535468059513,
    "duration": 14,
    "pid": 13996,
    "index": 33
  },
  {
    "name": "Require(28) node_modules/_egg@2.10.0@egg/app/extend/response.js",
    "start": 1535468059503,
    "end": 1535468059508,
    "duration": 5,
    "pid": 13996,
    "index": 34
  },
  {
    "name": "Load extend/context.js",
    "start": 1535468059513,
    "end": 1535468059643,
    "duration": 130,
    "pid": 13996,
    "index": 35
  },
  {
    "name": "Require(29) node_modules/_egg-security@2.2.3@egg-security/app/extend/context.js",
    "start": 1535468059514,
    "end": 1535468059537,
    "duration": 23,
    "pid": 13996,
    "index": 36
  },
  {
    "name": "Require(30) node_modules/_egg-jsonp@2.0.0@egg-jsonp/app/extend/context.js",
    "start": 1535468059537,
    "end": 1535468059540,
    "duration": 3,
    "pid": 13996,
    "index": 37
  },
  {
    "name": "Require(31) node_modules/_egg-i18n@2.0.0@egg-i18n/app/extend/context.js",
    "start": 1535468059541,
    "end": 1535468059541,
    "duration": 0,
    "pid": 13996,
    "index": 38
  },
  {
    "name": "Require(32) node_modules/_egg-multipart@2.1.0@egg-multipart/app/extend/context.js",
    "start": 1535468059542,
    "end": 1535468059627,
    "duration": 85,
    "pid": 13996,
    "index": 39
  },
  {
    "name": "Require(33) node_modules/_egg-view@2.1.0@egg-view/app/extend/context.js",
    "start": 1535468059629,
    "end": 1535468059631,
    "duration": 2,
    "pid": 13996,
    "index": 40
  },
  {
    "name": "Require(34) node_modules/_egg@2.10.0@egg/app/extend/context.js",
    "start": 1535468059632,
    "end": 1535468059637,
    "duration": 5,
    "pid": 13996,
    "index": 41
  },
  {
    "name": "Load extend/helper.js",
    "start": 1535468059644,
    "end": 1535468059699,
    "duration": 55,
    "pid": 13996,
    "index": 42
  },
  {
    "name": "Require(35) node_modules/_egg-security@2.2.3@egg-security/app/extend/helper.js",
    "start": 1535468059645,
    "end": 1535468059685,
    "duration": 40,
    "pid": 13996,
    "index": 43
  },
  {
    "name": "Require(36) node_modules/_egg@2.10.0@egg/app/extend/helper.js",
    "start": 1535468059691,
    "end": 1535468059691,
    "duration": 0,
    "pid": 13996,
    "index": 44
  },
  {
    "name": "Load app.js",
    "start": 1535468059699,
    "end": 1535468060052,
    "duration": 353,
    "pid": 13996,
    "index": 45
  },
  {
    "name": "Require(37) node_modules/_egg-session@3.1.0@egg-session/app.js",
    "start": 1535468059700,
    "end": 1535468059701,
    "duration": 1,
    "pid": 13996,
    "index": 46
  },
  {
    "name": "Require(38) node_modules/_egg-security@2.2.3@egg-security/app.js",
    "start": 1535468059702,
    "end": 1535468059707,
    "duration": 5,
    "pid": 13996,
    "index": 47
  },
  {
    "name": "Require(39) node_modules/_egg-onerror@2.1.0@egg-onerror/app.js",
    "start": 1535468059709,
    "end": 1535468059731,
    "duration": 22,
    "pid": 13996,
    "index": 48
  },
  {
    "name": "Require(40) node_modules/_egg-i18n@2.0.0@egg-i18n/app.js",
    "start": 1535468059733,
    "end": 1535468059752,
    "duration": 19,
    "pid": 13996,
    "index": 49
  },
  {
    "name": "Require(41) node_modules/_egg-watcher@3.0.0@egg-watcher/app.js",
    "start": 1535468059759,
    "end": 1535468059768,
    "duration": 9,
    "pid": 13996,
    "index": 50
  },
  {
    "name": "Before Start in node_modules/_egg-watcher@3.0.0@egg-watcher/app.js:15:7",
    "start": 1535468059783,
    "end": 1535468060284,
    "duration": 501,
    "pid": 13996,
    "index": 51
  },
  {
    "name": "Require(42) node_modules/_egg-multipart@2.1.0@egg-multipart/app.js",
    "start": 1535468059785,
    "end": 1535468059790,
    "duration": 5,
    "pid": 13996,
    "index": 52
  },
  {
    "name": "Require(43) node_modules/_egg-development@2.4.1@egg-development/app.js",
    "start": 1535468059792,
    "end": 1535468059792,
    "duration": 0,
    "pid": 13996,
    "index": 53
  },
  {
    "name": "Require(44) node_modules/_egg-schedule@3.3.0@egg-schedule/app.js",
    "start": 1535468059793,
    "end": 1535468059798,
    "duration": 5,
    "pid": 13996,
    "index": 54
  },
  {
    "name": "Require(45) node_modules/_egg-logrotator@3.0.3@egg-logrotator/app.js",
    "start": 1535468059880,
    "end": 1535468059880,
    "duration": 0,
    "pid": 13996,
    "index": 55
  },
  {
    "name": "Require(46) node_modules/_egg-static@2.1.1@egg-static/app.js",
    "start": 1535468059881,
    "end": 1535468059882,
    "duration": 1,
    "pid": 13996,
    "index": 56
  },
  {
    "name": "Require(47) node_modules/_egg-view-ejs@2.0.0@egg-view-ejs/app.js",
    "start": 1535468059884,
    "end": 1535468059884,
    "duration": 0,
    "pid": 13996,
    "index": 57
  },
  {
    "name": "Require(48) node_modules/_egg-mysql@3.0.0@egg-mysql/app.js",
    "start": 1535468059893,
    "end": 1535468059923,
    "duration": 30,
    "pid": 13996,
    "index": 58
  },
  {
    "name": "Before Start in node_modules/_egg-mysql@3.0.0@egg-mysql/lib/mysql.js:20:7",
    "start": 1535468060050,
    "end": 1535468060289,
    "duration": 239,
    "pid": 13996,
    "index": 59
  },
  {
    "name": "Load Service",
    "start": 1535468060052,
    "end": 1535468060060,
    "duration": 8,
    "pid": 13996,
    "index": 60
  },
  {
    "name": "Load \"service\" to Context",
    "start": 1535468060052,
    "end": 1535468060060,
    "duration": 8,
    "pid": 13996,
    "index": 61
  },
  {
    "name": "Load Middleware",
    "start": 1535468060061,
    "end": 1535468060229,
    "duration": 168,
    "pid": 13996,
    "index": 62
  },
  {
    "name": "Load \"middlewares\" to Application",
    "start": 1535468060061,
    "end": 1535468060212,
    "duration": 151,
    "pid": 13996,
    "index": 63
  },
  {
    "name": "Load Controller",
    "start": 1535468060230,
    "end": 1535468060233,
    "duration": 3,
    "pid": 13996,
    "index": 64
  },
  {
    "name": "Load \"controller\" to Application",
    "start": 1535468060230,
    "end": 1535468060233,
    "duration": 3,
    "pid": 13996,
    "index": 65
  },
  {
    "name": "Load Router",
    "start": 1535468060233,
    "end": 1535468060236,
    "duration": 3,
    "pid": 13996,
    "index": 66
  },
  {
    "name": "Require(49) app/router.js",
    "start": 1535468060233,
    "end": 1535468060234,
    "duration": 1,
    "pid": 13996,
    "index": 67
  },
  {
    "name": "Before Start in node_modules/_egg-core@4.9.1@egg-core/lib/egg.js:328:10",
    "start": 1535468060234,
    "end": 1535468060261,
    "duration": 27,
    "pid": 13996,
    "index": 68
  }
]