[
  {
    "name": "Application Start",
    "start": 1535451759745,
    "end": 1535451760566,
    "duration": 821,
    "pid": 1424,
    "index": 0
  },
  {
    "name": "Load Plugin",
    "start": 1535451759755,
    "end": 1535451759808,
    "duration": 53,
    "pid": 1424,
    "index": 1
  },
  {
    "name": "Load Config",
    "start": 1535451759808,
    "end": 1535451759850,
    "duration": 42,
    "pid": 1424,
    "index": 2
  },
  {
    "name": "Require(0) config/config.default.js",
    "start": 1535451759809,
    "end": 1535451759810,
    "duration": 1,
    "pid": 1424,
    "index": 3
  },
  {
    "name": "Require(1) node_modules/_egg-session@3.1.0@egg-session/config/config.default.js",
    "start": 1535451759812,
    "end": 1535451759813,
    "duration": 1,
    "pid": 1424,
    "index": 4
  },
  {
    "name": "Require(2) node_modules/_egg-security@2.2.3@egg-security/config/config.default.js",
    "start": 1535451759813,
    "end": 1535451759814,
    "duration": 1,
    "pid": 1424,
    "index": 5
  },
  {
    "name": "Require(3) node_modules/_egg-jsonp@2.0.0@egg-jsonp/config/config.default.js",
    "start": 1535451759815,
    "end": 1535451759816,
    "duration": 1,
    "pid": 1424,
    "index": 6
  },
  {
    "name": "Require(4) node_modules/_egg-onerror@2.1.0@egg-onerror/config/config.default.js",
    "start": 1535451759817,
    "end": 1535451759817,
    "duration": 0,
    "pid": 1424,
    "index": 7
  },
  {
    "name": "Require(5) node_modules/_egg-i18n@2.0.0@egg-i18n/config/config.default.js",
    "start": 1535451759818,
    "end": 1535451759819,
    "duration": 1,
    "pid": 1424,
    "index": 8
  },
  {
    "name": "Require(6) node_modules/_egg-watcher@3.0.0@egg-watcher/config/config.default.js",
    "start": 1535451759820,
    "end": 1535451759821,
    "duration": 1,
    "pid": 1424,
    "index": 9
  },
  {
    "name": "Require(7) node_modules/_egg-multipart@2.1.0@egg-multipart/config/config.default.js",
    "start": 1535451759822,
    "end": 1535451759822,
    "duration": 0,
    "pid": 1424,
    "index": 10
  },
  {
    "name": "Require(8) node_modules/_egg-development@2.4.1@egg-development/config/config.default.js",
    "start": 1535451759823,
    "end": 1535451759824,
    "duration": 1,
    "pid": 1424,
    "index": 11
  },
  {
    "name": "Require(9) node_modules/_egg-schedule@3.3.0@egg-schedule/config/config.default.js",
    "start": 1535451759825,
    "end": 1535451759826,
    "duration": 1,
    "pid": 1424,
    "index": 12
  },
  {
    "name": "Require(10) node_modules/_egg-logrotator@3.0.3@egg-logrotator/config/config.default.js",
    "start": 1535451759827,
    "end": 1535451759828,
    "duration": 1,
    "pid": 1424,
    "index": 13
  },
  {
    "name": "Require(11) node_modules/_egg-static@2.1.1@egg-static/config/config.default.js",
    "start": 1535451759829,
    "end": 1535451759829,
    "duration": 0,
    "pid": 1424,
    "index": 14
  },
  {
    "name": "Require(12) node_modules/_egg-view@2.1.0@egg-view/config/config.default.js",
    "start": 1535451759831,
    "end": 1535451759831,
    "duration": 0,
    "pid": 1424,
    "index": 15
  },
  {
    "name": "Require(13) node_modules/_egg-view-ejs@2.0.0@egg-view-ejs/config/config.default.js",
    "start": 1535451759832,
    "end": 1535451759832,
    "duration": 0,
    "pid": 1424,
    "index": 16
  },
  {
    "name": "Require(14) node_modules/_egg-mysql@3.0.0@egg-mysql/config/config.default.js",
    "start": 1535451759833,
    "end": 1535451759834,
    "duration": 1,
    "pid": 1424,
    "index": 17
  },
  {
    "name": "Require(15) node_modules/_egg@2.10.0@egg/config/config.default.js",
    "start": 1535451759835,
    "end": 1535451759836,
    "duration": 1,
    "pid": 1424,
    "index": 18
  },
  {
    "name": "Require(16) config/config.default.js",
    "start": 1535451759839,
    "end": 1535451759839,
    "duration": 0,
    "pid": 1424,
    "index": 19
  },
  {
    "name": "Require(17) node_modules/_egg-security@2.2.3@egg-security/config/config.local.js",
    "start": 1535451759840,
    "end": 1535451759841,
    "duration": 1,
    "pid": 1424,
    "index": 20
  },
  {
    "name": "Require(18) node_modules/_egg-watcher@3.0.0@egg-watcher/config/config.local.js",
    "start": 1535451759843,
    "end": 1535451759843,
    "duration": 0,
    "pid": 1424,
    "index": 21
  },
  {
    "name": "Require(19) node_modules/_egg-view@2.1.0@egg-view/config/config.local.js",
    "start": 1535451759846,
    "end": 1535451759846,
    "duration": 0,
    "pid": 1424,
    "index": 22
  },
  {
    "name": "Require(20) node_modules/_egg-view-ejs@2.0.0@egg-view-ejs/config/config.local.js",
    "start": 1535451759847,
    "end": 1535451759848,
    "duration": 1,
    "pid": 1424,
    "index": 23
  },
  {
    "name": "Require(21) node_modules/_egg@2.10.0@egg/config/config.local.js",
    "start": 1535451759849,
    "end": 1535451759849,
    "duration": 0,
    "pid": 1424,
    "index": 24
  },
  {
    "name": "Load extend/application.js",
    "start": 1535451759852,
    "end": 1535451759882,
    "duration": 30,
    "pid": 1424,
    "index": 25
  },
  {
    "name": "Require(22) node_modules/_egg-session@3.1.0@egg-session/app/extend/application.js",
    "start": 1535451759853,
    "end": 1535451759854,
    "duration": 1,
    "pid": 1424,
    "index": 26
  },
  {
    "name": "Require(23) node_modules/_egg-security@2.2.3@egg-security/app/extend/application.js",
    "start": 1535451759855,
    "end": 1535451759857,
    "duration": 2,
    "pid": 1424,
    "index": 27
  },
  {
    "name": "Require(24) node_modules/_egg-jsonp@2.0.0@egg-jsonp/app/extend/application.js",
    "start": 1535451759858,
    "end": 1535451759863,
    "duration": 5,
    "pid": 1424,
    "index": 28
  },
  {
    "name": "Require(25) node_modules/_egg-logrotator@3.0.3@egg-logrotator/app/extend/application.js",
    "start": 1535451759865,
    "end": 1535451759870,
    "duration": 5,
    "pid": 1424,
    "index": 29
  },
  {
    "name": "Require(26) node_modules/_egg-view@2.1.0@egg-view/app/extend/application.js",
    "start": 1535451759870,
    "end": 1535451759875,
    "duration": 5,
    "pid": 1424,
    "index": 30
  },
  {
    "name": "Load extend/request.js",
    "start": 1535451759882,
    "end": 1535451759895,
    "duration": 13,
    "pid": 1424,
    "index": 31
  },
  {
    "name": "Require(27) node_modules/_egg@2.10.0@egg/app/extend/request.js",
    "start": 1535451759888,
    "end": 1535451759891,
    "duration": 3,
    "pid": 1424,
    "index": 32
  },
  {
    "name": "Load extend/response.js",
    "start": 1535451759896,
    "end": 1535451759908,
    "duration": 12,
    "pid": 1424,
    "index": 33
  },
  {
    "name": "Require(28) node_modules/_egg@2.10.0@egg/app/extend/response.js",
    "start": 1535451759900,
    "end": 1535451759903,
    "duration": 3,
    "pid": 1424,
    "index": 34
  },
  {
    "name": "Load extend/context.js",
    "start": 1535451759908,
    "end": 1535451760008,
    "duration": 100,
    "pid": 1424,
    "index": 35
  },
  {
    "name": "Require(29) node_modules/_egg-security@2.2.3@egg-security/app/extend/context.js",
    "start": 1535451759908,
    "end": 1535451759930,
    "duration": 22,
    "pid": 1424,
    "index": 36
  },
  {
    "name": "Require(30) node_modules/_egg-jsonp@2.0.0@egg-jsonp/app/extend/context.js",
    "start": 1535451759931,
    "end": 1535451759934,
    "duration": 3,
    "pid": 1424,
    "index": 37
  },
  {
    "name": "Require(31) node_modules/_egg-i18n@2.0.0@egg-i18n/app/extend/context.js",
    "start": 1535451759935,
    "end": 1535451759936,
    "duration": 1,
    "pid": 1424,
    "index": 38
  },
  {
    "name": "Require(32) node_modules/_egg-multipart@2.1.0@egg-multipart/app/extend/context.js",
    "start": 1535451759937,
    "end": 1535451759996,
    "duration": 59,
    "pid": 1424,
    "index": 39
  },
  {
    "name": "Require(33) node_modules/_egg-view@2.1.0@egg-view/app/extend/context.js",
    "start": 1535451759998,
    "end": 1535451760000,
    "duration": 2,
    "pid": 1424,
    "index": 40
  },
  {
    "name": "Require(34) node_modules/_egg@2.10.0@egg/app/extend/context.js",
    "start": 1535451760001,
    "end": 1535451760003,
    "duration": 2,
    "pid": 1424,
    "index": 41
  },
  {
    "name": "Load extend/helper.js",
    "start": 1535451760008,
    "end": 1535451760044,
    "duration": 36,
    "pid": 1424,
    "index": 42
  },
  {
    "name": "Require(35) node_modules/_egg-security@2.2.3@egg-security/app/extend/helper.js",
    "start": 1535451760009,
    "end": 1535451760036,
    "duration": 27,
    "pid": 1424,
    "index": 43
  },
  {
    "name": "Require(36) node_modules/_egg@2.10.0@egg/app/extend/helper.js",
    "start": 1535451760039,
    "end": 1535451760040,
    "duration": 1,
    "pid": 1424,
    "index": 44
  },
  {
    "name": "Load app.js",
    "start": 1535451760044,
    "end": 1535451760337,
    "duration": 293,
    "pid": 1424,
    "index": 45
  },
  {
    "name": "Require(37) node_modules/_egg-session@3.1.0@egg-session/app.js",
    "start": 1535451760045,
    "end": 1535451760045,
    "duration": 0,
    "pid": 1424,
    "index": 46
  },
  {
    "name": "Require(38) node_modules/_egg-security@2.2.3@egg-security/app.js",
    "start": 1535451760046,
    "end": 1535451760048,
    "duration": 2,
    "pid": 1424,
    "index": 47
  },
  {
    "name": "Require(39) node_modules/_egg-onerror@2.1.0@egg-onerror/app.js",
    "start": 1535451760051,
    "end": 1535451760068,
    "duration": 17,
    "pid": 1424,
    "index": 48
  },
  {
    "name": "Require(40) node_modules/_egg-i18n@2.0.0@egg-i18n/app.js",
    "start": 1535451760070,
    "end": 1535451760082,
    "duration": 12,
    "pid": 1424,
    "index": 49
  },
  {
    "name": "Require(41) node_modules/_egg-watcher@3.0.0@egg-watcher/app.js",
    "start": 1535451760089,
    "end": 1535451760096,
    "duration": 7,
    "pid": 1424,
    "index": 50
  },
  {
    "name": "Before Start in node_modules/_egg-watcher@3.0.0@egg-watcher/app.js:15:7",
    "start": 1535451760109,
    "end": 1535451760559,
    "duration": 450,
    "pid": 1424,
    "index": 51
  },
  {
    "name": "Require(42) node_modules/_egg-multipart@2.1.0@egg-multipart/app.js",
    "start": 1535451760111,
    "end": 1535451760116,
    "duration": 5,
    "pid": 1424,
    "index": 52
  },
  {
    "name": "Require(43) node_modules/_egg-development@2.4.1@egg-development/app.js",
    "start": 1535451760117,
    "end": 1535451760118,
    "duration": 1,
    "pid": 1424,
    "index": 53
  },
  {
    "name": "Require(44) node_modules/_egg-schedule@3.3.0@egg-schedule/app.js",
    "start": 1535451760118,
    "end": 1535451760121,
    "duration": 3,
    "pid": 1424,
    "index": 54
  },
  {
    "name": "Require(45) node_modules/_egg-logrotator@3.0.3@egg-logrotator/app.js",
    "start": 1535451760175,
    "end": 1535451760176,
    "duration": 1,
    "pid": 1424,
    "index": 55
  },
  {
    "name": "Require(46) node_modules/_egg-static@2.1.1@egg-static/app.js",
    "start": 1535451760176,
    "end": 1535451760177,
    "duration": 1,
    "pid": 1424,
    "index": 56
  },
  {
    "name": "Require(47) node_modules/_egg-view-ejs@2.0.0@egg-view-ejs/app.js",
    "start": 1535451760178,
    "end": 1535451760178,
    "duration": 0,
    "pid": 1424,
    "index": 57
  },
  {
    "name": "Require(48) node_modules/_egg-mysql@3.0.0@egg-mysql/app.js",
    "start": 1535451760186,
    "end": 1535451760220,
    "duration": 34,
    "pid": 1424,
    "index": 58
  },
  {
    "name": "Before Start in node_modules/_egg-mysql@3.0.0@egg-mysql/lib/mysql.js:20:7",
    "start": 1535451760334,
    "end": 1535451760565,
    "duration": 231,
    "pid": 1424,
    "index": 59
  },
  {
    "name": "Load Service",
    "start": 1535451760337,
    "end": 1535451760343,
    "duration": 6,
    "pid": 1424,
    "index": 60
  },
  {
    "name": "Load \"service\" to Context",
    "start": 1535451760337,
    "end": 1535451760343,
    "duration": 6,
    "pid": 1424,
    "index": 61
  },
  {
    "name": "Load Middleware",
    "start": 1535451760344,
    "end": 1535451760499,
    "duration": 155,
    "pid": 1424,
    "index": 62
  },
  {
    "name": "Load \"middlewares\" to Application",
    "start": 1535451760344,
    "end": 1535451760477,
    "duration": 133,
    "pid": 1424,
    "index": 63
  },
  {
    "name": "Load Controller",
    "start": 1535451760499,
    "end": 1535451760504,
    "duration": 5,
    "pid": 1424,
    "index": 64
  },
  {
    "name": "Load \"controller\" to Application",
    "start": 1535451760499,
    "end": 1535451760504,
    "duration": 5,
    "pid": 1424,
    "index": 65
  },
  {
    "name": "Load Router",
    "start": 1535451760504,
    "end": 1535451760509,
    "duration": 5,
    "pid": 1424,
    "index": 66
  },
  {
    "name": "Require(49) app/router.js",
    "start": 1535451760505,
    "end": 1535451760505,
    "duration": 0,
    "pid": 1424,
    "index": 67
  },
  {
    "name": "Before Start in node_modules/_egg-core@4.9.1@egg-core/lib/egg.js:328:10",
    "start": 1535451760506,
    "end": 1535451760533,
    "duration": 27,
    "pid": 1424,
    "index": 68
  }
]