[
  {
    "name": "Application Start",
    "start": 1535451987057,
    "end": 1535451987804,
    "duration": 747,
    "pid": 4628,
    "index": 0
  },
  {
    "name": "Load Plugin",
    "start": 1535451987068,
    "end": 1535451987102,
    "duration": 34,
    "pid": 4628,
    "index": 1
  },
  {
    "name": "Load Config",
    "start": 1535451987102,
    "end": 1535451987135,
    "duration": 33,
    "pid": 4628,
    "index": 2
  },
  {
    "name": "Require(0) config/config.default.js",
    "start": 1535451987104,
    "end": 1535451987104,
    "duration": 0,
    "pid": 4628,
    "index": 3
  },
  {
    "name": "Require(1) node_modules/_egg-session@3.1.0@egg-session/config/config.default.js",
    "start": 1535451987107,
    "end": 1535451987107,
    "duration": 0,
    "pid": 4628,
    "index": 4
  },
  {
    "name": "Require(2) node_modules/_egg-security@2.2.3@egg-security/config/config.default.js",
    "start": 1535451987108,
    "end": 1535451987108,
    "duration": 0,
    "pid": 4628,
    "index": 5
  },
  {
    "name": "Require(3) node_modules/_egg-jsonp@2.0.0@egg-jsonp/config/config.default.js",
    "start": 1535451987110,
    "end": 1535451987110,
    "duration": 0,
    "pid": 4628,
    "index": 6
  },
  {
    "name": "Require(4) node_modules/_egg-onerror@2.1.0@egg-onerror/config/config.default.js",
    "start": 1535451987111,
    "end": 1535451987112,
    "duration": 1,
    "pid": 4628,
    "index": 7
  },
  {
    "name": "Require(5) node_modules/_egg-i18n@2.0.0@egg-i18n/config/config.default.js",
    "start": 1535451987112,
    "end": 1535451987113,
    "duration": 1,
    "pid": 4628,
    "index": 8
  },
  {
    "name": "Require(6) node_modules/_egg-watcher@3.0.0@egg-watcher/config/config.default.js",
    "start": 1535451987114,
    "end": 1535451987114,
    "duration": 0,
    "pid": 4628,
    "index": 9
  },
  {
    "name": "Require(7) node_modules/_egg-multipart@2.1.0@egg-multipart/config/config.default.js",
    "start": 1535451987115,
    "end": 1535451987115,
    "duration": 0,
    "pid": 4628,
    "index": 10
  },
  {
    "name": "Require(8) node_modules/_egg-development@2.4.1@egg-development/config/config.default.js",
    "start": 1535451987116,
    "end": 1535451987116,
    "duration": 0,
    "pid": 4628,
    "index": 11
  },
  {
    "name": "Require(9) node_modules/_egg-schedule@3.3.0@egg-schedule/config/config.default.js",
    "start": 1535451987117,
    "end": 1535451987117,
    "duration": 0,
    "pid": 4628,
    "index": 12
  },
  {
    "name": "Require(10) node_modules/_egg-logrotator@3.0.3@egg-logrotator/config/config.default.js",
    "start": 1535451987118,
    "end": 1535451987119,
    "duration": 1,
    "pid": 4628,
    "index": 13
  },
  {
    "name": "Require(11) node_modules/_egg-static@2.1.1@egg-static/config/config.default.js",
    "start": 1535451987119,
    "end": 1535451987120,
    "duration": 1,
    "pid": 4628,
    "index": 14
  },
  {
    "name": "Require(12) node_modules/_egg-view@2.1.0@egg-view/config/config.default.js",
    "start": 1535451987120,
    "end": 1535451987121,
    "duration": 1,
    "pid": 4628,
    "index": 15
  },
  {
    "name": "Require(13) node_modules/_egg-view-ejs@2.0.0@egg-view-ejs/config/config.default.js",
    "start": 1535451987122,
    "end": 1535451987122,
    "duration": 0,
    "pid": 4628,
    "index": 16
  },
  {
    "name": "Require(14) node_modules/_egg-mysql@3.0.0@egg-mysql/config/config.default.js",
    "start": 1535451987123,
    "end": 1535451987123,
    "duration": 0,
    "pid": 4628,
    "index": 17
  },
  {
    "name": "Require(15) node_modules/_egg@2.10.0@egg/config/config.default.js",
    "start": 1535451987124,
    "end": 1535451987125,
    "duration": 1,
    "pid": 4628,
    "index": 18
  },
  {
    "name": "Require(16) config/config.default.js",
    "start": 1535451987127,
    "end": 1535451987127,
    "duration": 0,
    "pid": 4628,
    "index": 19
  },
  {
    "name": "Require(17) node_modules/_egg-security@2.2.3@egg-security/config/config.local.js",
    "start": 1535451987128,
    "end": 1535451987128,
    "duration": 0,
    "pid": 4628,
    "index": 20
  },
  {
    "name": "Require(18) node_modules/_egg-watcher@3.0.0@egg-watcher/config/config.local.js",
    "start": 1535451987130,
    "end": 1535451987130,
    "duration": 0,
    "pid": 4628,
    "index": 21
  },
  {
    "name": "Require(19) node_modules/_egg-view@2.1.0@egg-view/config/config.local.js",
    "start": 1535451987132,
    "end": 1535451987133,
    "duration": 1,
    "pid": 4628,
    "index": 22
  },
  {
    "name": "Require(20) node_modules/_egg-view-ejs@2.0.0@egg-view-ejs/config/config.local.js",
    "start": 1535451987133,
    "end": 1535451987134,
    "duration": 1,
    "pid": 4628,
    "index": 23
  },
  {
    "name": "Require(21) node_modules/_egg@2.10.0@egg/config/config.local.js",
    "start": 1535451987134,
    "end": 1535451987135,
    "duration": 1,
    "pid": 4628,
    "index": 24
  },
  {
    "name": "Load extend/application.js",
    "start": 1535451987137,
    "end": 1535451987171,
    "duration": 34,
    "pid": 4628,
    "index": 25
  },
  {
    "name": "Require(22) node_modules/_egg-session@3.1.0@egg-session/app/extend/application.js",
    "start": 1535451987138,
    "end": 1535451987140,
    "duration": 2,
    "pid": 4628,
    "index": 26
  },
  {
    "name": "Require(23) node_modules/_egg-security@2.2.3@egg-security/app/extend/application.js",
    "start": 1535451987141,
    "end": 1535451987143,
    "duration": 2,
    "pid": 4628,
    "index": 27
  },
  {
    "name": "Require(24) node_modules/_egg-jsonp@2.0.0@egg-jsonp/app/extend/application.js",
    "start": 1535451987147,
    "end": 1535451987150,
    "duration": 3,
    "pid": 4628,
    "index": 28
  },
  {
    "name": "Require(25) node_modules/_egg-logrotator@3.0.3@egg-logrotator/app/extend/application.js",
    "start": 1535451987154,
    "end": 1535451987158,
    "duration": 4,
    "pid": 4628,
    "index": 29
  },
  {
    "name": "Require(26) node_modules/_egg-view@2.1.0@egg-view/app/extend/application.js",
    "start": 1535451987159,
    "end": 1535451987166,
    "duration": 7,
    "pid": 4628,
    "index": 30
  },
  {
    "name": "Load extend/request.js",
    "start": 1535451987172,
    "end": 1535451987183,
    "duration": 11,
    "pid": 4628,
    "index": 31
  },
  {
    "name": "Require(27) node_modules/_egg@2.10.0@egg/app/extend/request.js",
    "start": 1535451987176,
    "end": 1535451987178,
    "duration": 2,
    "pid": 4628,
    "index": 32
  },
  {
    "name": "Load extend/response.js",
    "start": 1535451987183,
    "end": 1535451987194,
    "duration": 11,
    "pid": 4628,
    "index": 33
  },
  {
    "name": "Require(28) node_modules/_egg@2.10.0@egg/app/extend/response.js",
    "start": 1535451987187,
    "end": 1535451987190,
    "duration": 3,
    "pid": 4628,
    "index": 34
  },
  {
    "name": "Load extend/context.js",
    "start": 1535451987194,
    "end": 1535451987288,
    "duration": 94,
    "pid": 4628,
    "index": 35
  },
  {
    "name": "Require(29) node_modules/_egg-security@2.2.3@egg-security/app/extend/context.js",
    "start": 1535451987195,
    "end": 1535451987219,
    "duration": 24,
    "pid": 4628,
    "index": 36
  },
  {
    "name": "Require(30) node_modules/_egg-jsonp@2.0.0@egg-jsonp/app/extend/context.js",
    "start": 1535451987219,
    "end": 1535451987221,
    "duration": 2,
    "pid": 4628,
    "index": 37
  },
  {
    "name": "Require(31) node_modules/_egg-i18n@2.0.0@egg-i18n/app/extend/context.js",
    "start": 1535451987222,
    "end": 1535451987222,
    "duration": 0,
    "pid": 4628,
    "index": 38
  },
  {
    "name": "Require(32) node_modules/_egg-multipart@2.1.0@egg-multipart/app/extend/context.js",
    "start": 1535451987223,
    "end": 1535451987278,
    "duration": 55,
    "pid": 4628,
    "index": 39
  },
  {
    "name": "Require(33) node_modules/_egg-view@2.1.0@egg-view/app/extend/context.js",
    "start": 1535451987280,
    "end": 1535451987281,
    "duration": 1,
    "pid": 4628,
    "index": 40
  },
  {
    "name": "Require(34) node_modules/_egg@2.10.0@egg/app/extend/context.js",
    "start": 1535451987282,
    "end": 1535451987284,
    "duration": 2,
    "pid": 4628,
    "index": 41
  },
  {
    "name": "Load extend/helper.js",
    "start": 1535451987288,
    "end": 1535451987320,
    "duration": 32,
    "pid": 4628,
    "index": 42
  },
  {
    "name": "Require(35) node_modules/_egg-security@2.2.3@egg-security/app/extend/helper.js",
    "start": 1535451987289,
    "end": 1535451987313,
    "duration": 24,
    "pid": 4628,
    "index": 43
  },
  {
    "name": "Require(36) node_modules/_egg@2.10.0@egg/app/extend/helper.js",
    "start": 1535451987316,
    "end": 1535451987316,
    "duration": 0,
    "pid": 4628,
    "index": 44
  },
  {
    "name": "Load app.js",
    "start": 1535451987321,
    "end": 1535451987593,
    "duration": 272,
    "pid": 4628,
    "index": 45
  },
  {
    "name": "Require(37) node_modules/_egg-session@3.1.0@egg-session/app.js",
    "start": 1535451987321,
    "end": 1535451987322,
    "duration": 1,
    "pid": 4628,
    "index": 46
  },
  {
    "name": "Require(38) node_modules/_egg-security@2.2.3@egg-security/app.js",
    "start": 1535451987322,
    "end": 1535451987326,
    "duration": 4,
    "pid": 4628,
    "index": 47
  },
  {
    "name": "Require(39) node_modules/_egg-onerror@2.1.0@egg-onerror/app.js",
    "start": 1535451987328,
    "end": 1535451987345,
    "duration": 17,
    "pid": 4628,
    "index": 48
  },
  {
    "name": "Require(40) node_modules/_egg-i18n@2.0.0@egg-i18n/app.js",
    "start": 1535451987347,
    "end": 1535451987361,
    "duration": 14,
    "pid": 4628,
    "index": 49
  },
  {
    "name": "Require(41) node_modules/_egg-watcher@3.0.0@egg-watcher/app.js",
    "start": 1535451987365,
    "end": 1535451987371,
    "duration": 6,
    "pid": 4628,
    "index": 50
  },
  {
    "name": "Before Start in node_modules/_egg-watcher@3.0.0@egg-watcher/app.js:15:7",
    "start": 1535451987382,
    "end": 1535451987800,
    "duration": 418,
    "pid": 4628,
    "index": 51
  },
  {
    "name": "Require(42) node_modules/_egg-multipart@2.1.0@egg-multipart/app.js",
    "start": 1535451987383,
    "end": 1535451987388,
    "duration": 5,
    "pid": 4628,
    "index": 52
  },
  {
    "name": "Require(43) node_modules/_egg-development@2.4.1@egg-development/app.js",
    "start": 1535451987389,
    "end": 1535451987390,
    "duration": 1,
    "pid": 4628,
    "index": 53
  },
  {
    "name": "Require(44) node_modules/_egg-schedule@3.3.0@egg-schedule/app.js",
    "start": 1535451987390,
    "end": 1535451987393,
    "duration": 3,
    "pid": 4628,
    "index": 54
  },
  {
    "name": "Require(45) node_modules/_egg-logrotator@3.0.3@egg-logrotator/app.js",
    "start": 1535451987440,
    "end": 1535451987440,
    "duration": 0,
    "pid": 4628,
    "index": 55
  },
  {
    "name": "Require(46) node_modules/_egg-static@2.1.1@egg-static/app.js",
    "start": 1535451987441,
    "end": 1535451987441,
    "duration": 0,
    "pid": 4628,
    "index": 56
  },
  {
    "name": "Require(47) node_modules/_egg-view-ejs@2.0.0@egg-view-ejs/app.js",
    "start": 1535451987442,
    "end": 1535451987443,
    "duration": 1,
    "pid": 4628,
    "index": 57
  },
  {
    "name": "Require(48) node_modules/_egg-mysql@3.0.0@egg-mysql/app.js",
    "start": 1535451987451,
    "end": 1535451987476,
    "duration": 25,
    "pid": 4628,
    "index": 58
  },
  {
    "name": "Before Start in node_modules/_egg-mysql@3.0.0@egg-mysql/lib/mysql.js:20:7",
    "start": 1535451987590,
    "end": 1535451987804,
    "duration": 214,
    "pid": 4628,
    "index": 59
  },
  {
    "name": "Load Service",
    "start": 1535451987593,
    "end": 1535451987600,
    "duration": 7,
    "pid": 4628,
    "index": 60
  },
  {
    "name": "Load \"service\" to Context",
    "start": 1535451987593,
    "end": 1535451987600,
    "duration": 7,
    "pid": 4628,
    "index": 61
  },
  {
    "name": "Load Middleware",
    "start": 1535451987600,
    "end": 1535451987753,
    "duration": 153,
    "pid": 4628,
    "index": 62
  },
  {
    "name": "Load \"middlewares\" to Application",
    "start": 1535451987600,
    "end": 1535451987729,
    "duration": 129,
    "pid": 4628,
    "index": 63
  },
  {
    "name": "Load Controller",
    "start": 1535451987753,
    "end": 1535451987756,
    "duration": 3,
    "pid": 4628,
    "index": 64
  },
  {
    "name": "Load \"controller\" to Application",
    "start": 1535451987753,
    "end": 1535451987756,
    "duration": 3,
    "pid": 4628,
    "index": 65
  },
  {
    "name": "Load Router",
    "start": 1535451987757,
    "end": 1535451987761,
    "duration": 4,
    "pid": 4628,
    "index": 66
  },
  {
    "name": "Require(49) app/router.js",
    "start": 1535451987757,
    "end": 1535451987757,
    "duration": 0,
    "pid": 4628,
    "index": 67
  },
  {
    "name": "Before Start in node_modules/_egg-core@4.9.1@egg-core/lib/egg.js:328:10",
    "start": 1535451987758,
    "end": 1535451987782,
    "duration": 24,
    "pid": 4628,
    "index": 68
  }
]