[
  {
    "name": "Application Start",
    "start": 1535453931925,
    "end": 1535453932738,
    "duration": 813,
    "pid": 16800,
    "index": 0
  },
  {
    "name": "Load Plugin",
    "start": 1535453931932,
    "end": 1535453931970,
    "duration": 38,
    "pid": 16800,
    "index": 1
  },
  {
    "name": "Load Config",
    "start": 1535453931970,
    "end": 1535453932008,
    "duration": 38,
    "pid": 16800,
    "index": 2
  },
  {
    "name": "Require(0) config/config.default.js",
    "start": 1535453931971,
    "end": 1535453931972,
    "duration": 1,
    "pid": 16800,
    "index": 3
  },
  {
    "name": "Require(1) node_modules/_egg-session@3.1.0@egg-session/config/config.default.js",
    "start": 1535453931974,
    "end": 1535453931975,
    "duration": 1,
    "pid": 16800,
    "index": 4
  },
  {
    "name": "Require(2) node_modules/_egg-security@2.2.3@egg-security/config/config.default.js",
    "start": 1535453931975,
    "end": 1535453931976,
    "duration": 1,
    "pid": 16800,
    "index": 5
  },
  {
    "name": "Require(3) node_modules/_egg-jsonp@2.0.0@egg-jsonp/config/config.default.js",
    "start": 1535453931977,
    "end": 1535453931978,
    "duration": 1,
    "pid": 16800,
    "index": 6
  },
  {
    "name": "Require(4) node_modules/_egg-onerror@2.1.0@egg-onerror/config/config.default.js",
    "start": 1535453931979,
    "end": 1535453931980,
    "duration": 1,
    "pid": 16800,
    "index": 7
  },
  {
    "name": "Require(5) node_modules/_egg-i18n@2.0.0@egg-i18n/config/config.default.js",
    "start": 1535453931981,
    "end": 1535453931985,
    "duration": 4,
    "pid": 16800,
    "index": 8
  },
  {
    "name": "Require(6) node_modules/_egg-watcher@3.0.0@egg-watcher/config/config.default.js",
    "start": 1535453931986,
    "end": 1535453931987,
    "duration": 1,
    "pid": 16800,
    "index": 9
  },
  {
    "name": "Require(7) node_modules/_egg-multipart@2.1.0@egg-multipart/config/config.default.js",
    "start": 1535453931987,
    "end": 1535453931988,
    "duration": 1,
    "pid": 16800,
    "index": 10
  },
  {
    "name": "Require(8) node_modules/_egg-development@2.4.1@egg-development/config/config.default.js",
    "start": 1535453931989,
    "end": 1535453931989,
    "duration": 0,
    "pid": 16800,
    "index": 11
  },
  {
    "name": "Require(9) node_modules/_egg-schedule@3.3.0@egg-schedule/config/config.default.js",
    "start": 1535453931990,
    "end": 1535453931990,
    "duration": 0,
    "pid": 16800,
    "index": 12
  },
  {
    "name": "Require(10) node_modules/_egg-logrotator@3.0.3@egg-logrotator/config/config.default.js",
    "start": 1535453931991,
    "end": 1535453931991,
    "duration": 0,
    "pid": 16800,
    "index": 13
  },
  {
    "name": "Require(11) node_modules/_egg-static@2.1.1@egg-static/config/config.default.js",
    "start": 1535453931992,
    "end": 1535453931992,
    "duration": 0,
    "pid": 16800,
    "index": 14
  },
  {
    "name": "Require(12) node_modules/_egg-view@2.1.0@egg-view/config/config.default.js",
    "start": 1535453931993,
    "end": 1535453931993,
    "duration": 0,
    "pid": 16800,
    "index": 15
  },
  {
    "name": "Require(13) node_modules/_egg-view-ejs@2.0.0@egg-view-ejs/config/config.default.js",
    "start": 1535453931994,
    "end": 1535453931995,
    "duration": 1,
    "pid": 16800,
    "index": 16
  },
  {
    "name": "Require(14) node_modules/_egg-mysql@3.0.0@egg-mysql/config/config.default.js",
    "start": 1535453931996,
    "end": 1535453931997,
    "duration": 1,
    "pid": 16800,
    "index": 17
  },
  {
    "name": "Require(15) node_modules/_egg@2.10.0@egg/config/config.default.js",
    "start": 1535453931997,
    "end": 1535453931998,
    "duration": 1,
    "pid": 16800,
    "index": 18
  },
  {
    "name": "Require(16) config/config.default.js",
    "start": 1535453932000,
    "end": 1535453932000,
    "duration": 0,
    "pid": 16800,
    "index": 19
  },
  {
    "name": "Require(17) node_modules/_egg-security@2.2.3@egg-security/config/config.local.js",
    "start": 1535453932001,
    "end": 1535453932001,
    "duration": 0,
    "pid": 16800,
    "index": 20
  },
  {
    "name": "Require(18) node_modules/_egg-watcher@3.0.0@egg-watcher/config/config.local.js",
    "start": 1535453932003,
    "end": 1535453932003,
    "duration": 0,
    "pid": 16800,
    "index": 21
  },
  {
    "name": "Require(19) node_modules/_egg-view@2.1.0@egg-view/config/config.local.js",
    "start": 1535453932005,
    "end": 1535453932006,
    "duration": 1,
    "pid": 16800,
    "index": 22
  },
  {
    "name": "Require(20) node_modules/_egg-view-ejs@2.0.0@egg-view-ejs/config/config.local.js",
    "start": 1535453932006,
    "end": 1535453932007,
    "duration": 1,
    "pid": 16800,
    "index": 23
  },
  {
    "name": "Require(21) node_modules/_egg@2.10.0@egg/config/config.local.js",
    "start": 1535453932007,
    "end": 1535453932008,
    "duration": 1,
    "pid": 16800,
    "index": 24
  },
  {
    "name": "Load extend/application.js",
    "start": 1535453932009,
    "end": 1535453932034,
    "duration": 25,
    "pid": 16800,
    "index": 25
  },
  {
    "name": "Require(22) node_modules/_egg-session@3.1.0@egg-session/app/extend/application.js",
    "start": 1535453932010,
    "end": 1535453932011,
    "duration": 1,
    "pid": 16800,
    "index": 26
  },
  {
    "name": "Require(23) node_modules/_egg-security@2.2.3@egg-security/app/extend/application.js",
    "start": 1535453932011,
    "end": 1535453932014,
    "duration": 3,
    "pid": 16800,
    "index": 27
  },
  {
    "name": "Require(24) node_modules/_egg-jsonp@2.0.0@egg-jsonp/app/extend/application.js",
    "start": 1535453932015,
    "end": 1535453932018,
    "duration": 3,
    "pid": 16800,
    "index": 28
  },
  {
    "name": "Require(25) node_modules/_egg-logrotator@3.0.3@egg-logrotator/app/extend/application.js",
    "start": 1535453932021,
    "end": 1535453932025,
    "duration": 4,
    "pid": 16800,
    "index": 29
  },
  {
    "name": "Require(26) node_modules/_egg-view@2.1.0@egg-view/app/extend/application.js",
    "start": 1535453932026,
    "end": 1535453932029,
    "duration": 3,
    "pid": 16800,
    "index": 30
  },
  {
    "name": "Load extend/request.js",
    "start": 1535453932034,
    "end": 1535453932047,
    "duration": 13,
    "pid": 16800,
    "index": 31
  },
  {
    "name": "Require(27) node_modules/_egg@2.10.0@egg/app/extend/request.js",
    "start": 1535453932039,
    "end": 1535453932041,
    "duration": 2,
    "pid": 16800,
    "index": 32
  },
  {
    "name": "Load extend/response.js",
    "start": 1535453932047,
    "end": 1535453932063,
    "duration": 16,
    "pid": 16800,
    "index": 33
  },
  {
    "name": "Require(28) node_modules/_egg@2.10.0@egg/app/extend/response.js",
    "start": 1535453932053,
    "end": 1535453932057,
    "duration": 4,
    "pid": 16800,
    "index": 34
  },
  {
    "name": "Load extend/context.js",
    "start": 1535453932063,
    "end": 1535453932179,
    "duration": 116,
    "pid": 16800,
    "index": 35
  },
  {
    "name": "Require(29) node_modules/_egg-security@2.2.3@egg-security/app/extend/context.js",
    "start": 1535453932064,
    "end": 1535453932086,
    "duration": 22,
    "pid": 16800,
    "index": 36
  },
  {
    "name": "Require(30) node_modules/_egg-jsonp@2.0.0@egg-jsonp/app/extend/context.js",
    "start": 1535453932086,
    "end": 1535453932090,
    "duration": 4,
    "pid": 16800,
    "index": 37
  },
  {
    "name": "Require(31) node_modules/_egg-i18n@2.0.0@egg-i18n/app/extend/context.js",
    "start": 1535453932091,
    "end": 1535453932092,
    "duration": 1,
    "pid": 16800,
    "index": 38
  },
  {
    "name": "Require(32) node_modules/_egg-multipart@2.1.0@egg-multipart/app/extend/context.js",
    "start": 1535453932093,
    "end": 1535453932168,
    "duration": 75,
    "pid": 16800,
    "index": 39
  },
  {
    "name": "Require(33) node_modules/_egg-view@2.1.0@egg-view/app/extend/context.js",
    "start": 1535453932170,
    "end": 1535453932171,
    "duration": 1,
    "pid": 16800,
    "index": 40
  },
  {
    "name": "Require(34) node_modules/_egg@2.10.0@egg/app/extend/context.js",
    "start": 1535453932172,
    "end": 1535453932174,
    "duration": 2,
    "pid": 16800,
    "index": 41
  },
  {
    "name": "Load extend/helper.js",
    "start": 1535453932179,
    "end": 1535453932213,
    "duration": 34,
    "pid": 16800,
    "index": 42
  },
  {
    "name": "Require(35) node_modules/_egg-security@2.2.3@egg-security/app/extend/helper.js",
    "start": 1535453932180,
    "end": 1535453932205,
    "duration": 25,
    "pid": 16800,
    "index": 43
  },
  {
    "name": "Require(36) node_modules/_egg@2.10.0@egg/app/extend/helper.js",
    "start": 1535453932209,
    "end": 1535453932209,
    "duration": 0,
    "pid": 16800,
    "index": 44
  },
  {
    "name": "Load app.js",
    "start": 1535453932213,
    "end": 1535453932501,
    "duration": 288,
    "pid": 16800,
    "index": 45
  },
  {
    "name": "Require(37) node_modules/_egg-session@3.1.0@egg-session/app.js",
    "start": 1535453932214,
    "end": 1535453932214,
    "duration": 0,
    "pid": 16800,
    "index": 46
  },
  {
    "name": "Require(38) node_modules/_egg-security@2.2.3@egg-security/app.js",
    "start": 1535453932215,
    "end": 1535453932219,
    "duration": 4,
    "pid": 16800,
    "index": 47
  },
  {
    "name": "Require(39) node_modules/_egg-onerror@2.1.0@egg-onerror/app.js",
    "start": 1535453932220,
    "end": 1535453932235,
    "duration": 15,
    "pid": 16800,
    "index": 48
  },
  {
    "name": "Require(40) node_modules/_egg-i18n@2.0.0@egg-i18n/app.js",
    "start": 1535453932236,
    "end": 1535453932251,
    "duration": 15,
    "pid": 16800,
    "index": 49
  },
  {
    "name": "Require(41) node_modules/_egg-watcher@3.0.0@egg-watcher/app.js",
    "start": 1535453932256,
    "end": 1535453932262,
    "duration": 6,
    "pid": 16800,
    "index": 50
  },
  {
    "name": "Before Start in node_modules/_egg-watcher@3.0.0@egg-watcher/app.js:15:7",
    "start": 1535453932272,
    "end": 1535453932733,
    "duration": 461,
    "pid": 16800,
    "index": 51
  },
  {
    "name": "Require(42) node_modules/_egg-multipart@2.1.0@egg-multipart/app.js",
    "start": 1535453932274,
    "end": 1535453932281,
    "duration": 7,
    "pid": 16800,
    "index": 52
  },
  {
    "name": "Require(43) node_modules/_egg-development@2.4.1@egg-development/app.js",
    "start": 1535453932283,
    "end": 1535453932283,
    "duration": 0,
    "pid": 16800,
    "index": 53
  },
  {
    "name": "Require(44) node_modules/_egg-schedule@3.3.0@egg-schedule/app.js",
    "start": 1535453932284,
    "end": 1535453932287,
    "duration": 3,
    "pid": 16800,
    "index": 54
  },
  {
    "name": "Require(45) node_modules/_egg-logrotator@3.0.3@egg-logrotator/app.js",
    "start": 1535453932347,
    "end": 1535453932347,
    "duration": 0,
    "pid": 16800,
    "index": 55
  },
  {
    "name": "Require(46) node_modules/_egg-static@2.1.1@egg-static/app.js",
    "start": 1535453932348,
    "end": 1535453932349,
    "duration": 1,
    "pid": 16800,
    "index": 56
  },
  {
    "name": "Require(47) node_modules/_egg-view-ejs@2.0.0@egg-view-ejs/app.js",
    "start": 1535453932350,
    "end": 1535453932351,
    "duration": 1,
    "pid": 16800,
    "index": 57
  },
  {
    "name": "Require(48) node_modules/_egg-mysql@3.0.0@egg-mysql/app.js",
    "start": 1535453932358,
    "end": 1535453932384,
    "duration": 26,
    "pid": 16800,
    "index": 58
  },
  {
    "name": "Before Start in node_modules/_egg-mysql@3.0.0@egg-mysql/lib/mysql.js:20:7",
    "start": 1535453932498,
    "end": 1535453932737,
    "duration": 239,
    "pid": 16800,
    "index": 59
  },
  {
    "name": "Load Service",
    "start": 1535453932501,
    "end": 1535453932513,
    "duration": 12,
    "pid": 16800,
    "index": 60
  },
  {
    "name": "Load \"service\" to Context",
    "start": 1535453932502,
    "end": 1535453932513,
    "duration": 11,
    "pid": 16800,
    "index": 61
  },
  {
    "name": "Load Middleware",
    "start": 1535453932513,
    "end": 1535453932684,
    "duration": 171,
    "pid": 16800,
    "index": 62
  },
  {
    "name": "Load \"middlewares\" to Application",
    "start": 1535453932513,
    "end": 1535453932659,
    "duration": 146,
    "pid": 16800,
    "index": 63
  },
  {
    "name": "Load Controller",
    "start": 1535453932684,
    "end": 1535453932689,
    "duration": 5,
    "pid": 16800,
    "index": 64
  },
  {
    "name": "Load \"controller\" to Application",
    "start": 1535453932684,
    "end": 1535453932689,
    "duration": 5,
    "pid": 16800,
    "index": 65
  },
  {
    "name": "Load Router",
    "start": 1535453932689,
    "end": 1535453932693,
    "duration": 4,
    "pid": 16800,
    "index": 66
  },
  {
    "name": "Require(49) app/router.js",
    "start": 1535453932690,
    "end": 1535453932690,
    "duration": 0,
    "pid": 16800,
    "index": 67
  },
  {
    "name": "Before Start in node_modules/_egg-core@4.9.1@egg-core/lib/egg.js:328:10",
    "start": 1535453932691,
    "end": 1535453932715,
    "duration": 24,
    "pid": 16800,
    "index": 68
  }
]