[
  {
    "name": "Application Start",
    "start": 1535467971873,
    "end": 1535467972843,
    "duration": 970,
    "pid": 5088,
    "index": 0
  },
  {
    "name": "Load Plugin",
    "start": 1535467971881,
    "end": 1535467971923,
    "duration": 42,
    "pid": 5088,
    "index": 1
  },
  {
    "name": "Load Config",
    "start": 1535467971923,
    "end": 1535467971970,
    "duration": 47,
    "pid": 5088,
    "index": 2
  },
  {
    "name": "Require(0) config/config.default.js",
    "start": 1535467971924,
    "end": 1535467971926,
    "duration": 2,
    "pid": 5088,
    "index": 3
  },
  {
    "name": "Require(1) node_modules/_egg-session@3.1.0@egg-session/config/config.default.js",
    "start": 1535467971929,
    "end": 1535467971930,
    "duration": 1,
    "pid": 5088,
    "index": 4
  },
  {
    "name": "Require(2) node_modules/_egg-security@2.2.3@egg-security/config/config.default.js",
    "start": 1535467971931,
    "end": 1535467971932,
    "duration": 1,
    "pid": 5088,
    "index": 5
  },
  {
    "name": "Require(3) node_modules/_egg-jsonp@2.0.0@egg-jsonp/config/config.default.js",
    "start": 1535467971934,
    "end": 1535467971935,
    "duration": 1,
    "pid": 5088,
    "index": 6
  },
  {
    "name": "Require(4) node_modules/_egg-onerror@2.1.0@egg-onerror/config/config.default.js",
    "start": 1535467971936,
    "end": 1535467971936,
    "duration": 0,
    "pid": 5088,
    "index": 7
  },
  {
    "name": "Require(5) node_modules/_egg-i18n@2.0.0@egg-i18n/config/config.default.js",
    "start": 1535467971937,
    "end": 1535467971938,
    "duration": 1,
    "pid": 5088,
    "index": 8
  },
  {
    "name": "Require(6) node_modules/_egg-watcher@3.0.0@egg-watcher/config/config.default.js",
    "start": 1535467971939,
    "end": 1535467971939,
    "duration": 0,
    "pid": 5088,
    "index": 9
  },
  {
    "name": "Require(7) node_modules/_egg-multipart@2.1.0@egg-multipart/config/config.default.js",
    "start": 1535467971940,
    "end": 1535467971941,
    "duration": 1,
    "pid": 5088,
    "index": 10
  },
  {
    "name": "Require(8) node_modules/_egg-development@2.4.1@egg-development/config/config.default.js",
    "start": 1535467971941,
    "end": 1535467971942,
    "duration": 1,
    "pid": 5088,
    "index": 11
  },
  {
    "name": "Require(9) node_modules/_egg-schedule@3.3.0@egg-schedule/config/config.default.js",
    "start": 1535467971942,
    "end": 1535467971943,
    "duration": 1,
    "pid": 5088,
    "index": 12
  },
  {
    "name": "Require(10) node_modules/_egg-logrotator@3.0.3@egg-logrotator/config/config.default.js",
    "start": 1535467971944,
    "end": 1535467971945,
    "duration": 1,
    "pid": 5088,
    "index": 13
  },
  {
    "name": "Require(11) node_modules/_egg-static@2.1.1@egg-static/config/config.default.js",
    "start": 1535467971946,
    "end": 1535467971946,
    "duration": 0,
    "pid": 5088,
    "index": 14
  },
  {
    "name": "Require(12) node_modules/_egg-view@2.1.0@egg-view/config/config.default.js",
    "start": 1535467971947,
    "end": 1535467971948,
    "duration": 1,
    "pid": 5088,
    "index": 15
  },
  {
    "name": "Require(13) node_modules/_egg-view-ejs@2.0.0@egg-view-ejs/config/config.default.js",
    "start": 1535467971950,
    "end": 1535467971951,
    "duration": 1,
    "pid": 5088,
    "index": 16
  },
  {
    "name": "Require(14) node_modules/_egg-mysql@3.0.0@egg-mysql/config/config.default.js",
    "start": 1535467971952,
    "end": 1535467971953,
    "duration": 1,
    "pid": 5088,
    "index": 17
  },
  {
    "name": "Require(15) node_modules/_egg@2.10.0@egg/config/config.default.js",
    "start": 1535467971953,
    "end": 1535467971954,
    "duration": 1,
    "pid": 5088,
    "index": 18
  },
  {
    "name": "Require(16) config/config.default.js",
    "start": 1535467971956,
    "end": 1535467971957,
    "duration": 1,
    "pid": 5088,
    "index": 19
  },
  {
    "name": "Require(17) node_modules/_egg-security@2.2.3@egg-security/config/config.local.js",
    "start": 1535467971957,
    "end": 1535467971958,
    "duration": 1,
    "pid": 5088,
    "index": 20
  },
  {
    "name": "Require(18) node_modules/_egg-watcher@3.0.0@egg-watcher/config/config.local.js",
    "start": 1535467971960,
    "end": 1535467971960,
    "duration": 0,
    "pid": 5088,
    "index": 21
  },
  {
    "name": "Require(19) node_modules/_egg-view@2.1.0@egg-view/config/config.local.js",
    "start": 1535467971963,
    "end": 1535467971963,
    "duration": 0,
    "pid": 5088,
    "index": 22
  },
  {
    "name": "Require(20) node_modules/_egg-view-ejs@2.0.0@egg-view-ejs/config/config.local.js",
    "start": 1535467971964,
    "end": 1535467971964,
    "duration": 0,
    "pid": 5088,
    "index": 23
  },
  {
    "name": "Require(21) node_modules/_egg@2.10.0@egg/config/config.local.js",
    "start": 1535467971965,
    "end": 1535467971970,
    "duration": 5,
    "pid": 5088,
    "index": 24
  },
  {
    "name": "Load extend/application.js",
    "start": 1535467971972,
    "end": 1535467972003,
    "duration": 31,
    "pid": 5088,
    "index": 25
  },
  {
    "name": "Require(22) node_modules/_egg-session@3.1.0@egg-session/app/extend/application.js",
    "start": 1535467971974,
    "end": 1535467971974,
    "duration": 0,
    "pid": 5088,
    "index": 26
  },
  {
    "name": "Require(23) node_modules/_egg-security@2.2.3@egg-security/app/extend/application.js",
    "start": 1535467971975,
    "end": 1535467971978,
    "duration": 3,
    "pid": 5088,
    "index": 27
  },
  {
    "name": "Require(24) node_modules/_egg-jsonp@2.0.0@egg-jsonp/app/extend/application.js",
    "start": 1535467971979,
    "end": 1535467971982,
    "duration": 3,
    "pid": 5088,
    "index": 28
  },
  {
    "name": "Require(25) node_modules/_egg-logrotator@3.0.3@egg-logrotator/app/extend/application.js",
    "start": 1535467971985,
    "end": 1535467971990,
    "duration": 5,
    "pid": 5088,
    "index": 29
  },
  {
    "name": "Require(26) node_modules/_egg-view@2.1.0@egg-view/app/extend/application.js",
    "start": 1535467971992,
    "end": 1535467971995,
    "duration": 3,
    "pid": 5088,
    "index": 30
  },
  {
    "name": "Load extend/request.js",
    "start": 1535467972003,
    "end": 1535467972024,
    "duration": 21,
    "pid": 5088,
    "index": 31
  },
  {
    "name": "Require(27) node_modules/_egg@2.10.0@egg/app/extend/request.js",
    "start": 1535467972012,
    "end": 1535467972017,
    "duration": 5,
    "pid": 5088,
    "index": 32
  },
  {
    "name": "Load extend/response.js",
    "start": 1535467972024,
    "end": 1535467972043,
    "duration": 19,
    "pid": 5088,
    "index": 33
  },
  {
    "name": "Require(28) node_modules/_egg@2.10.0@egg/app/extend/response.js",
    "start": 1535467972032,
    "end": 1535467972037,
    "duration": 5,
    "pid": 5088,
    "index": 34
  },
  {
    "name": "Load extend/context.js",
    "start": 1535467972043,
    "end": 1535467972172,
    "duration": 129,
    "pid": 5088,
    "index": 35
  },
  {
    "name": "Require(29) node_modules/_egg-security@2.2.3@egg-security/app/extend/context.js",
    "start": 1535467972044,
    "end": 1535467972073,
    "duration": 29,
    "pid": 5088,
    "index": 36
  },
  {
    "name": "Require(30) node_modules/_egg-jsonp@2.0.0@egg-jsonp/app/extend/context.js",
    "start": 1535467972075,
    "end": 1535467972079,
    "duration": 4,
    "pid": 5088,
    "index": 37
  },
  {
    "name": "Require(31) node_modules/_egg-i18n@2.0.0@egg-i18n/app/extend/context.js",
    "start": 1535467972080,
    "end": 1535467972081,
    "duration": 1,
    "pid": 5088,
    "index": 38
  },
  {
    "name": "Require(32) node_modules/_egg-multipart@2.1.0@egg-multipart/app/extend/context.js",
    "start": 1535467972082,
    "end": 1535467972161,
    "duration": 79,
    "pid": 5088,
    "index": 39
  },
  {
    "name": "Require(33) node_modules/_egg-view@2.1.0@egg-view/app/extend/context.js",
    "start": 1535467972162,
    "end": 1535467972163,
    "duration": 1,
    "pid": 5088,
    "index": 40
  },
  {
    "name": "Require(34) node_modules/_egg@2.10.0@egg/app/extend/context.js",
    "start": 1535467972164,
    "end": 1535467972167,
    "duration": 3,
    "pid": 5088,
    "index": 41
  },
  {
    "name": "Load extend/helper.js",
    "start": 1535467972172,
    "end": 1535467972209,
    "duration": 37,
    "pid": 5088,
    "index": 42
  },
  {
    "name": "Require(35) node_modules/_egg-security@2.2.3@egg-security/app/extend/helper.js",
    "start": 1535467972173,
    "end": 1535467972198,
    "duration": 25,
    "pid": 5088,
    "index": 43
  },
  {
    "name": "Require(36) node_modules/_egg@2.10.0@egg/app/extend/helper.js",
    "start": 1535467972203,
    "end": 1535467972203,
    "duration": 0,
    "pid": 5088,
    "index": 44
  },
  {
    "name": "Load app.js",
    "start": 1535467972209,
    "end": 1535467972583,
    "duration": 374,
    "pid": 5088,
    "index": 45
  },
  {
    "name": "Require(37) node_modules/_egg-session@3.1.0@egg-session/app.js",
    "start": 1535467972210,
    "end": 1535467972210,
    "duration": 0,
    "pid": 5088,
    "index": 46
  },
  {
    "name": "Require(38) node_modules/_egg-security@2.2.3@egg-security/app.js",
    "start": 1535467972212,
    "end": 1535467972215,
    "duration": 3,
    "pid": 5088,
    "index": 47
  },
  {
    "name": "Require(39) node_modules/_egg-onerror@2.1.0@egg-onerror/app.js",
    "start": 1535467972217,
    "end": 1535467972234,
    "duration": 17,
    "pid": 5088,
    "index": 48
  },
  {
    "name": "Require(40) node_modules/_egg-i18n@2.0.0@egg-i18n/app.js",
    "start": 1535467972236,
    "end": 1535467972251,
    "duration": 15,
    "pid": 5088,
    "index": 49
  },
  {
    "name": "Require(41) node_modules/_egg-watcher@3.0.0@egg-watcher/app.js",
    "start": 1535467972257,
    "end": 1535467972267,
    "duration": 10,
    "pid": 5088,
    "index": 50
  },
  {
    "name": "Before Start in node_modules/_egg-watcher@3.0.0@egg-watcher/app.js:15:7",
    "start": 1535467972285,
    "end": 1535467972837,
    "duration": 552,
    "pid": 5088,
    "index": 51
  },
  {
    "name": "Require(42) node_modules/_egg-multipart@2.1.0@egg-multipart/app.js",
    "start": 1535467972287,
    "end": 1535467972292,
    "duration": 5,
    "pid": 5088,
    "index": 52
  },
  {
    "name": "Require(43) node_modules/_egg-development@2.4.1@egg-development/app.js",
    "start": 1535467972296,
    "end": 1535467972296,
    "duration": 0,
    "pid": 5088,
    "index": 53
  },
  {
    "name": "Require(44) node_modules/_egg-schedule@3.3.0@egg-schedule/app.js",
    "start": 1535467972297,
    "end": 1535467972301,
    "duration": 4,
    "pid": 5088,
    "index": 54
  },
  {
    "name": "Require(45) node_modules/_egg-logrotator@3.0.3@egg-logrotator/app.js",
    "start": 1535467972400,
    "end": 1535467972401,
    "duration": 1,
    "pid": 5088,
    "index": 55
  },
  {
    "name": "Require(46) node_modules/_egg-static@2.1.1@egg-static/app.js",
    "start": 1535467972402,
    "end": 1535467972402,
    "duration": 0,
    "pid": 5088,
    "index": 56
  },
  {
    "name": "Require(47) node_modules/_egg-view-ejs@2.0.0@egg-view-ejs/app.js",
    "start": 1535467972404,
    "end": 1535467972404,
    "duration": 0,
    "pid": 5088,
    "index": 57
  },
  {
    "name": "Require(48) node_modules/_egg-mysql@3.0.0@egg-mysql/app.js",
    "start": 1535467972413,
    "end": 1535467972446,
    "duration": 33,
    "pid": 5088,
    "index": 58
  },
  {
    "name": "Before Start in node_modules/_egg-mysql@3.0.0@egg-mysql/lib/mysql.js:20:7",
    "start": 1535467972580,
    "end": 1535467972843,
    "duration": 263,
    "pid": 5088,
    "index": 59
  },
  {
    "name": "Load Service",
    "start": 1535467972583,
    "end": 1535467972593,
    "duration": 10,
    "pid": 5088,
    "index": 60
  },
  {
    "name": "Load \"service\" to Context",
    "start": 1535467972583,
    "end": 1535467972593,
    "duration": 10,
    "pid": 5088,
    "index": 61
  },
  {
    "name": "Load Middleware",
    "start": 1535467972593,
    "end": 1535467972780,
    "duration": 187,
    "pid": 5088,
    "index": 62
  },
  {
    "name": "Load \"middlewares\" to Application",
    "start": 1535467972594,
    "end": 1535467972750,
    "duration": 156,
    "pid": 5088,
    "index": 63
  },
  {
    "name": "Load Controller",
    "start": 1535467972780,
    "end": 1535467972785,
    "duration": 5,
    "pid": 5088,
    "index": 64
  },
  {
    "name": "Load \"controller\" to Application",
    "start": 1535467972781,
    "end": 1535467972785,
    "duration": 4,
    "pid": 5088,
    "index": 65
  },
  {
    "name": "Load Router",
    "start": 1535467972785,
    "end": 1535467972790,
    "duration": 5,
    "pid": 5088,
    "index": 66
  },
  {
    "name": "Require(49) app/router.js",
    "start": 1535467972786,
    "end": 1535467972786,
    "duration": 0,
    "pid": 5088,
    "index": 67
  },
  {
    "name": "Before Start in node_modules/_egg-core@4.9.1@egg-core/lib/egg.js:328:10",
    "start": 1535467972787,
    "end": 1535467972814,
    "duration": 27,
    "pid": 5088,
    "index": 68
  }
]