[
  {
    "name": "Application Start",
    "start": 1535451874303,
    "end": 1535451875152,
    "duration": 849,
    "pid": 9948,
    "index": 0
  },
  {
    "name": "Load Plugin",
    "start": 1535451874311,
    "end": 1535451874362,
    "duration": 51,
    "pid": 9948,
    "index": 1
  },
  {
    "name": "Load Config",
    "start": 1535451874362,
    "end": 1535451874401,
    "duration": 39,
    "pid": 9948,
    "index": 2
  },
  {
    "name": "Require(0) config/config.default.js",
    "start": 1535451874363,
    "end": 1535451874364,
    "duration": 1,
    "pid": 9948,
    "index": 3
  },
  {
    "name": "Require(1) node_modules/_egg-session@3.1.0@egg-session/config/config.default.js",
    "start": 1535451874367,
    "end": 1535451874368,
    "duration": 1,
    "pid": 9948,
    "index": 4
  },
  {
    "name": "Require(2) node_modules/_egg-security@2.2.3@egg-security/config/config.default.js",
    "start": 1535451874369,
    "end": 1535451874369,
    "duration": 0,
    "pid": 9948,
    "index": 5
  },
  {
    "name": "Require(3) node_modules/_egg-jsonp@2.0.0@egg-jsonp/config/config.default.js",
    "start": 1535451874370,
    "end": 1535451874371,
    "duration": 1,
    "pid": 9948,
    "index": 6
  },
  {
    "name": "Require(4) node_modules/_egg-onerror@2.1.0@egg-onerror/config/config.default.js",
    "start": 1535451874372,
    "end": 1535451874373,
    "duration": 1,
    "pid": 9948,
    "index": 7
  },
  {
    "name": "Require(5) node_modules/_egg-i18n@2.0.0@egg-i18n/config/config.default.js",
    "start": 1535451874374,
    "end": 1535451874374,
    "duration": 0,
    "pid": 9948,
    "index": 8
  },
  {
    "name": "Require(6) node_modules/_egg-watcher@3.0.0@egg-watcher/config/config.default.js",
    "start": 1535451874375,
    "end": 1535451874376,
    "duration": 1,
    "pid": 9948,
    "index": 9
  },
  {
    "name": "Require(7) node_modules/_egg-multipart@2.1.0@egg-multipart/config/config.default.js",
    "start": 1535451874376,
    "end": 1535451874377,
    "duration": 1,
    "pid": 9948,
    "index": 10
  },
  {
    "name": "Require(8) node_modules/_egg-development@2.4.1@egg-development/config/config.default.js",
    "start": 1535451874378,
    "end": 1535451874379,
    "duration": 1,
    "pid": 9948,
    "index": 11
  },
  {
    "name": "Require(9) node_modules/_egg-schedule@3.3.0@egg-schedule/config/config.default.js",
    "start": 1535451874379,
    "end": 1535451874380,
    "duration": 1,
    "pid": 9948,
    "index": 12
  },
  {
    "name": "Require(10) node_modules/_egg-logrotator@3.0.3@egg-logrotator/config/config.default.js",
    "start": 1535451874381,
    "end": 1535451874382,
    "duration": 1,
    "pid": 9948,
    "index": 13
  },
  {
    "name": "Require(11) node_modules/_egg-static@2.1.1@egg-static/config/config.default.js",
    "start": 1535451874383,
    "end": 1535451874383,
    "duration": 0,
    "pid": 9948,
    "index": 14
  },
  {
    "name": "Require(12) node_modules/_egg-view@2.1.0@egg-view/config/config.default.js",
    "start": 1535451874385,
    "end": 1535451874385,
    "duration": 0,
    "pid": 9948,
    "index": 15
  },
  {
    "name": "Require(13) node_modules/_egg-view-ejs@2.0.0@egg-view-ejs/config/config.default.js",
    "start": 1535451874386,
    "end": 1535451874387,
    "duration": 1,
    "pid": 9948,
    "index": 16
  },
  {
    "name": "Require(14) node_modules/_egg-mysql@3.0.0@egg-mysql/config/config.default.js",
    "start": 1535451874388,
    "end": 1535451874388,
    "duration": 0,
    "pid": 9948,
    "index": 17
  },
  {
    "name": "Require(15) node_modules/_egg@2.10.0@egg/config/config.default.js",
    "start": 1535451874389,
    "end": 1535451874389,
    "duration": 0,
    "pid": 9948,
    "index": 18
  },
  {
    "name": "Require(16) config/config.default.js",
    "start": 1535451874391,
    "end": 1535451874391,
    "duration": 0,
    "pid": 9948,
    "index": 19
  },
  {
    "name": "Require(17) node_modules/_egg-security@2.2.3@egg-security/config/config.local.js",
    "start": 1535451874393,
    "end": 1535451874393,
    "duration": 0,
    "pid": 9948,
    "index": 20
  },
  {
    "name": "Require(18) node_modules/_egg-watcher@3.0.0@egg-watcher/config/config.local.js",
    "start": 1535451874395,
    "end": 1535451874396,
    "duration": 1,
    "pid": 9948,
    "index": 21
  },
  {
    "name": "Require(19) node_modules/_egg-view@2.1.0@egg-view/config/config.local.js",
    "start": 1535451874398,
    "end": 1535451874398,
    "duration": 0,
    "pid": 9948,
    "index": 22
  },
  {
    "name": "Require(20) node_modules/_egg-view-ejs@2.0.0@egg-view-ejs/config/config.local.js",
    "start": 1535451874399,
    "end": 1535451874399,
    "duration": 0,
    "pid": 9948,
    "index": 23
  },
  {
    "name": "Require(21) node_modules/_egg@2.10.0@egg/config/config.local.js",
    "start": 1535451874400,
    "end": 1535451874400,
    "duration": 0,
    "pid": 9948,
    "index": 24
  },
  {
    "name": "Load extend/application.js",
    "start": 1535451874403,
    "end": 1535451874426,
    "duration": 23,
    "pid": 9948,
    "index": 25
  },
  {
    "name": "Require(22) node_modules/_egg-session@3.1.0@egg-session/app/extend/application.js",
    "start": 1535451874404,
    "end": 1535451874404,
    "duration": 0,
    "pid": 9948,
    "index": 26
  },
  {
    "name": "Require(23) node_modules/_egg-security@2.2.3@egg-security/app/extend/application.js",
    "start": 1535451874405,
    "end": 1535451874406,
    "duration": 1,
    "pid": 9948,
    "index": 27
  },
  {
    "name": "Require(24) node_modules/_egg-jsonp@2.0.0@egg-jsonp/app/extend/application.js",
    "start": 1535451874407,
    "end": 1535451874410,
    "duration": 3,
    "pid": 9948,
    "index": 28
  },
  {
    "name": "Require(25) node_modules/_egg-logrotator@3.0.3@egg-logrotator/app/extend/application.js",
    "start": 1535451874413,
    "end": 1535451874417,
    "duration": 4,
    "pid": 9948,
    "index": 29
  },
  {
    "name": "Require(26) node_modules/_egg-view@2.1.0@egg-view/app/extend/application.js",
    "start": 1535451874418,
    "end": 1535451874420,
    "duration": 2,
    "pid": 9948,
    "index": 30
  },
  {
    "name": "Load extend/request.js",
    "start": 1535451874426,
    "end": 1535451874437,
    "duration": 11,
    "pid": 9948,
    "index": 31
  },
  {
    "name": "Require(27) node_modules/_egg@2.10.0@egg/app/extend/request.js",
    "start": 1535451874430,
    "end": 1535451874432,
    "duration": 2,
    "pid": 9948,
    "index": 32
  },
  {
    "name": "Load extend/response.js",
    "start": 1535451874437,
    "end": 1535451874452,
    "duration": 15,
    "pid": 9948,
    "index": 33
  },
  {
    "name": "Require(28) node_modules/_egg@2.10.0@egg/app/extend/response.js",
    "start": 1535451874443,
    "end": 1535451874446,
    "duration": 3,
    "pid": 9948,
    "index": 34
  },
  {
    "name": "Load extend/context.js",
    "start": 1535451874452,
    "end": 1535451874564,
    "duration": 112,
    "pid": 9948,
    "index": 35
  },
  {
    "name": "Require(29) node_modules/_egg-security@2.2.3@egg-security/app/extend/context.js",
    "start": 1535451874453,
    "end": 1535451874474,
    "duration": 21,
    "pid": 9948,
    "index": 36
  },
  {
    "name": "Require(30) node_modules/_egg-jsonp@2.0.0@egg-jsonp/app/extend/context.js",
    "start": 1535451874475,
    "end": 1535451874478,
    "duration": 3,
    "pid": 9948,
    "index": 37
  },
  {
    "name": "Require(31) node_modules/_egg-i18n@2.0.0@egg-i18n/app/extend/context.js",
    "start": 1535451874479,
    "end": 1535451874479,
    "duration": 0,
    "pid": 9948,
    "index": 38
  },
  {
    "name": "Require(32) node_modules/_egg-multipart@2.1.0@egg-multipart/app/extend/context.js",
    "start": 1535451874480,
    "end": 1535451874549,
    "duration": 69,
    "pid": 9948,
    "index": 39
  },
  {
    "name": "Require(33) node_modules/_egg-view@2.1.0@egg-view/app/extend/context.js",
    "start": 1535451874551,
    "end": 1535451874553,
    "duration": 2,
    "pid": 9948,
    "index": 40
  },
  {
    "name": "Require(34) node_modules/_egg@2.10.0@egg/app/extend/context.js",
    "start": 1535451874554,
    "end": 1535451874557,
    "duration": 3,
    "pid": 9948,
    "index": 41
  },
  {
    "name": "Load extend/helper.js",
    "start": 1535451874565,
    "end": 1535451874600,
    "duration": 35,
    "pid": 9948,
    "index": 42
  },
  {
    "name": "Require(35) node_modules/_egg-security@2.2.3@egg-security/app/extend/helper.js",
    "start": 1535451874566,
    "end": 1535451874591,
    "duration": 25,
    "pid": 9948,
    "index": 43
  },
  {
    "name": "Require(36) node_modules/_egg@2.10.0@egg/app/extend/helper.js",
    "start": 1535451874595,
    "end": 1535451874595,
    "duration": 0,
    "pid": 9948,
    "index": 44
  },
  {
    "name": "Load app.js",
    "start": 1535451874600,
    "end": 1535451874899,
    "duration": 299,
    "pid": 9948,
    "index": 45
  },
  {
    "name": "Require(37) node_modules/_egg-session@3.1.0@egg-session/app.js",
    "start": 1535451874601,
    "end": 1535451874601,
    "duration": 0,
    "pid": 9948,
    "index": 46
  },
  {
    "name": "Require(38) node_modules/_egg-security@2.2.3@egg-security/app.js",
    "start": 1535451874602,
    "end": 1535451874606,
    "duration": 4,
    "pid": 9948,
    "index": 47
  },
  {
    "name": "Require(39) node_modules/_egg-onerror@2.1.0@egg-onerror/app.js",
    "start": 1535451874608,
    "end": 1535451874623,
    "duration": 15,
    "pid": 9948,
    "index": 48
  },
  {
    "name": "Require(40) node_modules/_egg-i18n@2.0.0@egg-i18n/app.js",
    "start": 1535451874626,
    "end": 1535451874638,
    "duration": 12,
    "pid": 9948,
    "index": 49
  },
  {
    "name": "Require(41) node_modules/_egg-watcher@3.0.0@egg-watcher/app.js",
    "start": 1535451874647,
    "end": 1535451874653,
    "duration": 6,
    "pid": 9948,
    "index": 50
  },
  {
    "name": "Before Start in node_modules/_egg-watcher@3.0.0@egg-watcher/app.js:15:7",
    "start": 1535451874665,
    "end": 1535451875149,
    "duration": 484,
    "pid": 9948,
    "index": 51
  },
  {
    "name": "Require(42) node_modules/_egg-multipart@2.1.0@egg-multipart/app.js",
    "start": 1535451874667,
    "end": 1535451874673,
    "duration": 6,
    "pid": 9948,
    "index": 52
  },
  {
    "name": "Require(43) node_modules/_egg-development@2.4.1@egg-development/app.js",
    "start": 1535451874675,
    "end": 1535451874675,
    "duration": 0,
    "pid": 9948,
    "index": 53
  },
  {
    "name": "Require(44) node_modules/_egg-schedule@3.3.0@egg-schedule/app.js",
    "start": 1535451874676,
    "end": 1535451874679,
    "duration": 3,
    "pid": 9948,
    "index": 54
  },
  {
    "name": "Require(45) node_modules/_egg-logrotator@3.0.3@egg-logrotator/app.js",
    "start": 1535451874734,
    "end": 1535451874734,
    "duration": 0,
    "pid": 9948,
    "index": 55
  },
  {
    "name": "Require(46) node_modules/_egg-static@2.1.1@egg-static/app.js",
    "start": 1535451874735,
    "end": 1535451874736,
    "duration": 1,
    "pid": 9948,
    "index": 56
  },
  {
    "name": "Require(47) node_modules/_egg-view-ejs@2.0.0@egg-view-ejs/app.js",
    "start": 1535451874738,
    "end": 1535451874738,
    "duration": 0,
    "pid": 9948,
    "index": 57
  },
  {
    "name": "Require(48) node_modules/_egg-mysql@3.0.0@egg-mysql/app.js",
    "start": 1535451874748,
    "end": 1535451874773,
    "duration": 25,
    "pid": 9948,
    "index": 58
  },
  {
    "name": "Before Start in node_modules/_egg-mysql@3.0.0@egg-mysql/lib/mysql.js:20:7",
    "start": 1535451874897,
    "end": 1535451875152,
    "duration": 255,
    "pid": 9948,
    "index": 59
  },
  {
    "name": "Load Service",
    "start": 1535451874899,
    "end": 1535451874911,
    "duration": 12,
    "pid": 9948,
    "index": 60
  },
  {
    "name": "Load \"service\" to Context",
    "start": 1535451874900,
    "end": 1535451874911,
    "duration": 11,
    "pid": 9948,
    "index": 61
  },
  {
    "name": "Load Middleware",
    "start": 1535451874911,
    "end": 1535451875083,
    "duration": 172,
    "pid": 9948,
    "index": 62
  },
  {
    "name": "Load \"middlewares\" to Application",
    "start": 1535451874911,
    "end": 1535451875054,
    "duration": 143,
    "pid": 9948,
    "index": 63
  },
  {
    "name": "Load Controller",
    "start": 1535451875083,
    "end": 1535451875087,
    "duration": 4,
    "pid": 9948,
    "index": 64
  },
  {
    "name": "Load \"controller\" to Application",
    "start": 1535451875083,
    "end": 1535451875087,
    "duration": 4,
    "pid": 9948,
    "index": 65
  },
  {
    "name": "Load Router",
    "start": 1535451875087,
    "end": 1535451875092,
    "duration": 5,
    "pid": 9948,
    "index": 66
  },
  {
    "name": "Require(49) app/router.js",
    "start": 1535451875088,
    "end": 1535451875088,
    "duration": 0,
    "pid": 9948,
    "index": 67
  },
  {
    "name": "Before Start in node_modules/_egg-core@4.9.1@egg-core/lib/egg.js:328:10",
    "start": 1535451875089,
    "end": 1535451875120,
    "duration": 31,
    "pid": 9948,
    "index": 68
  }
]