[
  {
    "name": "Application Start",
    "start": 1535468319723,
    "end": 1535468320788,
    "duration": 1065,
    "pid": 8444,
    "index": 0
  },
  {
    "name": "Load Plugin",
    "start": 1535468319734,
    "end": 1535468319790,
    "duration": 56,
    "pid": 8444,
    "index": 1
  },
  {
    "name": "Load Config",
    "start": 1535468319791,
    "end": 1535468319853,
    "duration": 62,
    "pid": 8444,
    "index": 2
  },
  {
    "name": "Require(0) config/config.default.js",
    "start": 1535468319792,
    "end": 1535468319794,
    "duration": 2,
    "pid": 8444,
    "index": 3
  },
  {
    "name": "Require(1) node_modules/_egg-session@3.1.0@egg-session/config/config.default.js",
    "start": 1535468319798,
    "end": 1535468319799,
    "duration": 1,
    "pid": 8444,
    "index": 4
  },
  {
    "name": "Require(2) node_modules/_egg-security@2.2.3@egg-security/config/config.default.js",
    "start": 1535468319800,
    "end": 1535468319801,
    "duration": 1,
    "pid": 8444,
    "index": 5
  },
  {
    "name": "Require(3) node_modules/_egg-jsonp@2.0.0@egg-jsonp/config/config.default.js",
    "start": 1535468319804,
    "end": 1535468319805,
    "duration": 1,
    "pid": 8444,
    "index": 6
  },
  {
    "name": "Require(4) node_modules/_egg-onerror@2.1.0@egg-onerror/config/config.default.js",
    "start": 1535468319806,
    "end": 1535468319806,
    "duration": 0,
    "pid": 8444,
    "index": 7
  },
  {
    "name": "Require(5) node_modules/_egg-i18n@2.0.0@egg-i18n/config/config.default.js",
    "start": 1535468319808,
    "end": 1535468319809,
    "duration": 1,
    "pid": 8444,
    "index": 8
  },
  {
    "name": "Require(6) node_modules/_egg-watcher@3.0.0@egg-watcher/config/config.default.js",
    "start": 1535468319810,
    "end": 1535468319811,
    "duration": 1,
    "pid": 8444,
    "index": 9
  },
  {
    "name": "Require(7) node_modules/_egg-multipart@2.1.0@egg-multipart/config/config.default.js",
    "start": 1535468319812,
    "end": 1535468319813,
    "duration": 1,
    "pid": 8444,
    "index": 10
  },
  {
    "name": "Require(8) node_modules/_egg-development@2.4.1@egg-development/config/config.default.js",
    "start": 1535468319814,
    "end": 1535468319815,
    "duration": 1,
    "pid": 8444,
    "index": 11
  },
  {
    "name": "Require(9) node_modules/_egg-schedule@3.3.0@egg-schedule/config/config.default.js",
    "start": 1535468319816,
    "end": 1535468319817,
    "duration": 1,
    "pid": 8444,
    "index": 12
  },
  {
    "name": "Require(10) node_modules/_egg-logrotator@3.0.3@egg-logrotator/config/config.default.js",
    "start": 1535468319826,
    "end": 1535468319826,
    "duration": 0,
    "pid": 8444,
    "index": 13
  },
  {
    "name": "Require(11) node_modules/_egg-static@2.1.1@egg-static/config/config.default.js",
    "start": 1535468319828,
    "end": 1535468319828,
    "duration": 0,
    "pid": 8444,
    "index": 14
  },
  {
    "name": "Require(12) node_modules/_egg-view@2.1.0@egg-view/config/config.default.js",
    "start": 1535468319830,
    "end": 1535468319830,
    "duration": 0,
    "pid": 8444,
    "index": 15
  },
  {
    "name": "Require(13) node_modules/_egg-view-ejs@2.0.0@egg-view-ejs/config/config.default.js",
    "start": 1535468319831,
    "end": 1535468319832,
    "duration": 1,
    "pid": 8444,
    "index": 16
  },
  {
    "name": "Require(14) node_modules/_egg-mysql@3.0.0@egg-mysql/config/config.default.js",
    "start": 1535468319834,
    "end": 1535468319834,
    "duration": 0,
    "pid": 8444,
    "index": 17
  },
  {
    "name": "Require(15) node_modules/_egg@2.10.0@egg/config/config.default.js",
    "start": 1535468319835,
    "end": 1535468319836,
    "duration": 1,
    "pid": 8444,
    "index": 18
  },
  {
    "name": "Require(16) config/config.default.js",
    "start": 1535468319839,
    "end": 1535468319839,
    "duration": 0,
    "pid": 8444,
    "index": 19
  },
  {
    "name": "Require(17) node_modules/_egg-security@2.2.3@egg-security/config/config.local.js",
    "start": 1535468319842,
    "end": 1535468319842,
    "duration": 0,
    "pid": 8444,
    "index": 20
  },
  {
    "name": "Require(18) node_modules/_egg-watcher@3.0.0@egg-watcher/config/config.local.js",
    "start": 1535468319845,
    "end": 1535468319846,
    "duration": 1,
    "pid": 8444,
    "index": 21
  },
  {
    "name": "Require(19) node_modules/_egg-view@2.1.0@egg-view/config/config.local.js",
    "start": 1535468319849,
    "end": 1535468319850,
    "duration": 1,
    "pid": 8444,
    "index": 22
  },
  {
    "name": "Require(20) node_modules/_egg-view-ejs@2.0.0@egg-view-ejs/config/config.local.js",
    "start": 1535468319850,
    "end": 1535468319851,
    "duration": 1,
    "pid": 8444,
    "index": 23
  },
  {
    "name": "Require(21) node_modules/_egg@2.10.0@egg/config/config.local.js",
    "start": 1535468319852,
    "end": 1535468319853,
    "duration": 1,
    "pid": 8444,
    "index": 24
  },
  {
    "name": "Load extend/application.js",
    "start": 1535468319856,
    "end": 1535468319892,
    "duration": 36,
    "pid": 8444,
    "index": 25
  },
  {
    "name": "Require(22) node_modules/_egg-session@3.1.0@egg-session/app/extend/application.js",
    "start": 1535468319857,
    "end": 1535468319858,
    "duration": 1,
    "pid": 8444,
    "index": 26
  },
  {
    "name": "Require(23) node_modules/_egg-security@2.2.3@egg-security/app/extend/application.js",
    "start": 1535468319859,
    "end": 1535468319861,
    "duration": 2,
    "pid": 8444,
    "index": 27
  },
  {
    "name": "Require(24) node_modules/_egg-jsonp@2.0.0@egg-jsonp/app/extend/application.js",
    "start": 1535468319862,
    "end": 1535468319866,
    "duration": 4,
    "pid": 8444,
    "index": 28
  },
  {
    "name": "Require(25) node_modules/_egg-logrotator@3.0.3@egg-logrotator/app/extend/application.js",
    "start": 1535468319872,
    "end": 1535468319878,
    "duration": 6,
    "pid": 8444,
    "index": 29
  },
  {
    "name": "Require(26) node_modules/_egg-view@2.1.0@egg-view/app/extend/application.js",
    "start": 1535468319879,
    "end": 1535468319883,
    "duration": 4,
    "pid": 8444,
    "index": 30
  },
  {
    "name": "Load extend/request.js",
    "start": 1535468319892,
    "end": 1535468319914,
    "duration": 22,
    "pid": 8444,
    "index": 31
  },
  {
    "name": "Require(27) node_modules/_egg@2.10.0@egg/app/extend/request.js",
    "start": 1535468319899,
    "end": 1535468319908,
    "duration": 9,
    "pid": 8444,
    "index": 32
  },
  {
    "name": "Load extend/response.js",
    "start": 1535468319914,
    "end": 1535468319933,
    "duration": 19,
    "pid": 8444,
    "index": 33
  },
  {
    "name": "Require(28) node_modules/_egg@2.10.0@egg/app/extend/response.js",
    "start": 1535468319920,
    "end": 1535468319925,
    "duration": 5,
    "pid": 8444,
    "index": 34
  },
  {
    "name": "Load extend/context.js",
    "start": 1535468319933,
    "end": 1535468320074,
    "duration": 141,
    "pid": 8444,
    "index": 35
  },
  {
    "name": "Require(29) node_modules/_egg-security@2.2.3@egg-security/app/extend/context.js",
    "start": 1535468319934,
    "end": 1535468319961,
    "duration": 27,
    "pid": 8444,
    "index": 36
  },
  {
    "name": "Require(30) node_modules/_egg-jsonp@2.0.0@egg-jsonp/app/extend/context.js",
    "start": 1535468319962,
    "end": 1535468319966,
    "duration": 4,
    "pid": 8444,
    "index": 37
  },
  {
    "name": "Require(31) node_modules/_egg-i18n@2.0.0@egg-i18n/app/extend/context.js",
    "start": 1535468319968,
    "end": 1535468319969,
    "duration": 1,
    "pid": 8444,
    "index": 38
  },
  {
    "name": "Require(32) node_modules/_egg-multipart@2.1.0@egg-multipart/app/extend/context.js",
    "start": 1535468319970,
    "end": 1535468320060,
    "duration": 90,
    "pid": 8444,
    "index": 39
  },
  {
    "name": "Require(33) node_modules/_egg-view@2.1.0@egg-view/app/extend/context.js",
    "start": 1535468320062,
    "end": 1535468320064,
    "duration": 2,
    "pid": 8444,
    "index": 40
  },
  {
    "name": "Require(34) node_modules/_egg@2.10.0@egg/app/extend/context.js",
    "start": 1535468320065,
    "end": 1535468320067,
    "duration": 2,
    "pid": 8444,
    "index": 41
  },
  {
    "name": "Load extend/helper.js",
    "start": 1535468320075,
    "end": 1535468320124,
    "duration": 49,
    "pid": 8444,
    "index": 42
  },
  {
    "name": "Require(35) node_modules/_egg-security@2.2.3@egg-security/app/extend/helper.js",
    "start": 1535468320076,
    "end": 1535468320110,
    "duration": 34,
    "pid": 8444,
    "index": 43
  },
  {
    "name": "Require(36) node_modules/_egg@2.10.0@egg/app/extend/helper.js",
    "start": 1535468320116,
    "end": 1535468320117,
    "duration": 1,
    "pid": 8444,
    "index": 44
  },
  {
    "name": "Load app.js",
    "start": 1535468320124,
    "end": 1535468320519,
    "duration": 395,
    "pid": 8444,
    "index": 45
  },
  {
    "name": "Require(37) node_modules/_egg-session@3.1.0@egg-session/app.js",
    "start": 1535468320125,
    "end": 1535468320126,
    "duration": 1,
    "pid": 8444,
    "index": 46
  },
  {
    "name": "Require(38) node_modules/_egg-security@2.2.3@egg-security/app.js",
    "start": 1535468320127,
    "end": 1535468320131,
    "duration": 4,
    "pid": 8444,
    "index": 47
  },
  {
    "name": "Require(39) node_modules/_egg-onerror@2.1.0@egg-onerror/app.js",
    "start": 1535468320133,
    "end": 1535468320154,
    "duration": 21,
    "pid": 8444,
    "index": 48
  },
  {
    "name": "Require(40) node_modules/_egg-i18n@2.0.0@egg-i18n/app.js",
    "start": 1535468320156,
    "end": 1535468320178,
    "duration": 22,
    "pid": 8444,
    "index": 49
  },
  {
    "name": "Require(41) node_modules/_egg-watcher@3.0.0@egg-watcher/app.js",
    "start": 1535468320185,
    "end": 1535468320193,
    "duration": 8,
    "pid": 8444,
    "index": 50
  },
  {
    "name": "Before Start in node_modules/_egg-watcher@3.0.0@egg-watcher/app.js:15:7",
    "start": 1535468320210,
    "end": 1535468320782,
    "duration": 572,
    "pid": 8444,
    "index": 51
  },
  {
    "name": "Require(42) node_modules/_egg-multipart@2.1.0@egg-multipart/app.js",
    "start": 1535468320213,
    "end": 1535468320220,
    "duration": 7,
    "pid": 8444,
    "index": 52
  },
  {
    "name": "Require(43) node_modules/_egg-development@2.4.1@egg-development/app.js",
    "start": 1535468320222,
    "end": 1535468320222,
    "duration": 0,
    "pid": 8444,
    "index": 53
  },
  {
    "name": "Require(44) node_modules/_egg-schedule@3.3.0@egg-schedule/app.js",
    "start": 1535468320223,
    "end": 1535468320227,
    "duration": 4,
    "pid": 8444,
    "index": 54
  },
  {
    "name": "Require(45) node_modules/_egg-logrotator@3.0.3@egg-logrotator/app.js",
    "start": 1535468320317,
    "end": 1535468320318,
    "duration": 1,
    "pid": 8444,
    "index": 55
  },
  {
    "name": "Require(46) node_modules/_egg-static@2.1.1@egg-static/app.js",
    "start": 1535468320319,
    "end": 1535468320319,
    "duration": 0,
    "pid": 8444,
    "index": 56
  },
  {
    "name": "Require(47) node_modules/_egg-view-ejs@2.0.0@egg-view-ejs/app.js",
    "start": 1535468320321,
    "end": 1535468320322,
    "duration": 1,
    "pid": 8444,
    "index": 57
  },
  {
    "name": "Require(48) node_modules/_egg-mysql@3.0.0@egg-mysql/app.js",
    "start": 1535468320334,
    "end": 1535468320373,
    "duration": 39,
    "pid": 8444,
    "index": 58
  },
  {
    "name": "Before Start in node_modules/_egg-mysql@3.0.0@egg-mysql/lib/mysql.js:20:7",
    "start": 1535468320516,
    "end": 1535468320787,
    "duration": 271,
    "pid": 8444,
    "index": 59
  },
  {
    "name": "Load Service",
    "start": 1535468320519,
    "end": 1535468320527,
    "duration": 8,
    "pid": 8444,
    "index": 60
  },
  {
    "name": "Load \"service\" to Context",
    "start": 1535468320519,
    "end": 1535468320527,
    "duration": 8,
    "pid": 8444,
    "index": 61
  },
  {
    "name": "Load Middleware",
    "start": 1535468320527,
    "end": 1535468320721,
    "duration": 194,
    "pid": 8444,
    "index": 62
  },
  {
    "name": "Load \"middlewares\" to Application",
    "start": 1535468320528,
    "end": 1535468320690,
    "duration": 162,
    "pid": 8444,
    "index": 63
  },
  {
    "name": "Load Controller",
    "start": 1535468320722,
    "end": 1535468320726,
    "duration": 4,
    "pid": 8444,
    "index": 64
  },
  {
    "name": "Load \"controller\" to Application",
    "start": 1535468320722,
    "end": 1535468320726,
    "duration": 4,
    "pid": 8444,
    "index": 65
  },
  {
    "name": "Load Router",
    "start": 1535468320726,
    "end": 1535468320731,
    "duration": 5,
    "pid": 8444,
    "index": 66
  },
  {
    "name": "Require(49) app/router.js",
    "start": 1535468320727,
    "end": 1535468320727,
    "duration": 0,
    "pid": 8444,
    "index": 67
  },
  {
    "name": "Before Start in node_modules/_egg-core@4.9.1@egg-core/lib/egg.js:328:10",
    "start": 1535468320728,
    "end": 1535468320755,
    "duration": 27,
    "pid": 8444,
    "index": 68
  }
]