[
  {
    "name": "Application Start",
    "start": 1535452853119,
    "end": 1535452854186,
    "duration": 1067,
    "pid": 14000,
    "index": 0
  },
  {
    "name": "Load Plugin",
    "start": 1535452853127,
    "end": 1535452853171,
    "duration": 44,
    "pid": 14000,
    "index": 1
  },
  {
    "name": "Load Config",
    "start": 1535452853171,
    "end": 1535452853215,
    "duration": 44,
    "pid": 14000,
    "index": 2
  },
  {
    "name": "Require(0) config/config.default.js",
    "start": 1535452853173,
    "end": 1535452853174,
    "duration": 1,
    "pid": 14000,
    "index": 3
  },
  {
    "name": "Require(1) node_modules/_egg-session@3.1.0@egg-session/config/config.default.js",
    "start": 1535452853176,
    "end": 1535452853177,
    "duration": 1,
    "pid": 14000,
    "index": 4
  },
  {
    "name": "Require(2) node_modules/_egg-security@2.2.3@egg-security/config/config.default.js",
    "start": 1535452853178,
    "end": 1535452853178,
    "duration": 0,
    "pid": 14000,
    "index": 5
  },
  {
    "name": "Require(3) node_modules/_egg-jsonp@2.0.0@egg-jsonp/config/config.default.js",
    "start": 1535452853180,
    "end": 1535452853180,
    "duration": 0,
    "pid": 14000,
    "index": 6
  },
  {
    "name": "Require(4) node_modules/_egg-onerror@2.1.0@egg-onerror/config/config.default.js",
    "start": 1535452853181,
    "end": 1535452853181,
    "duration": 0,
    "pid": 14000,
    "index": 7
  },
  {
    "name": "Require(5) node_modules/_egg-i18n@2.0.0@egg-i18n/config/config.default.js",
    "start": 1535452853182,
    "end": 1535452853183,
    "duration": 1,
    "pid": 14000,
    "index": 8
  },
  {
    "name": "Require(6) node_modules/_egg-watcher@3.0.0@egg-watcher/config/config.default.js",
    "start": 1535452853184,
    "end": 1535452853184,
    "duration": 0,
    "pid": 14000,
    "index": 9
  },
  {
    "name": "Require(7) node_modules/_egg-multipart@2.1.0@egg-multipart/config/config.default.js",
    "start": 1535452853185,
    "end": 1535452853189,
    "duration": 4,
    "pid": 14000,
    "index": 10
  },
  {
    "name": "Require(8) node_modules/_egg-development@2.4.1@egg-development/config/config.default.js",
    "start": 1535452853190,
    "end": 1535452853191,
    "duration": 1,
    "pid": 14000,
    "index": 11
  },
  {
    "name": "Require(9) node_modules/_egg-schedule@3.3.0@egg-schedule/config/config.default.js",
    "start": 1535452853192,
    "end": 1535452853192,
    "duration": 0,
    "pid": 14000,
    "index": 12
  },
  {
    "name": "Require(10) node_modules/_egg-logrotator@3.0.3@egg-logrotator/config/config.default.js",
    "start": 1535452853193,
    "end": 1535452853194,
    "duration": 1,
    "pid": 14000,
    "index": 13
  },
  {
    "name": "Require(11) node_modules/_egg-static@2.1.1@egg-static/config/config.default.js",
    "start": 1535452853195,
    "end": 1535452853195,
    "duration": 0,
    "pid": 14000,
    "index": 14
  },
  {
    "name": "Require(12) node_modules/_egg-view@2.1.0@egg-view/config/config.default.js",
    "start": 1535452853196,
    "end": 1535452853197,
    "duration": 1,
    "pid": 14000,
    "index": 15
  },
  {
    "name": "Require(13) node_modules/_egg-view-ejs@2.0.0@egg-view-ejs/config/config.default.js",
    "start": 1535452853198,
    "end": 1535452853198,
    "duration": 0,
    "pid": 14000,
    "index": 16
  },
  {
    "name": "Require(14) node_modules/_egg-mysql@3.0.0@egg-mysql/config/config.default.js",
    "start": 1535452853200,
    "end": 1535452853201,
    "duration": 1,
    "pid": 14000,
    "index": 17
  },
  {
    "name": "Require(15) node_modules/_egg@2.10.0@egg/config/config.default.js",
    "start": 1535452853202,
    "end": 1535452853202,
    "duration": 0,
    "pid": 14000,
    "index": 18
  },
  {
    "name": "Require(16) config/config.default.js",
    "start": 1535452853204,
    "end": 1535452853204,
    "duration": 0,
    "pid": 14000,
    "index": 19
  },
  {
    "name": "Require(17) node_modules/_egg-security@2.2.3@egg-security/config/config.local.js",
    "start": 1535452853205,
    "end": 1535452853206,
    "duration": 1,
    "pid": 14000,
    "index": 20
  },
  {
    "name": "Require(18) node_modules/_egg-watcher@3.0.0@egg-watcher/config/config.local.js",
    "start": 1535452853209,
    "end": 1535452853210,
    "duration": 1,
    "pid": 14000,
    "index": 21
  },
  {
    "name": "Require(19) node_modules/_egg-view@2.1.0@egg-view/config/config.local.js",
    "start": 1535452853212,
    "end": 1535452853213,
    "duration": 1,
    "pid": 14000,
    "index": 22
  },
  {
    "name": "Require(20) node_modules/_egg-view-ejs@2.0.0@egg-view-ejs/config/config.local.js",
    "start": 1535452853213,
    "end": 1535452853213,
    "duration": 0,
    "pid": 14000,
    "index": 23
  },
  {
    "name": "Require(21) node_modules/_egg@2.10.0@egg/config/config.local.js",
    "start": 1535452853214,
    "end": 1535452853215,
    "duration": 1,
    "pid": 14000,
    "index": 24
  },
  {
    "name": "Load extend/application.js",
    "start": 1535452853217,
    "end": 1535452853242,
    "duration": 25,
    "pid": 14000,
    "index": 25
  },
  {
    "name": "Require(22) node_modules/_egg-session@3.1.0@egg-session/app/extend/application.js",
    "start": 1535452853218,
    "end": 1535452853218,
    "duration": 0,
    "pid": 14000,
    "index": 26
  },
  {
    "name": "Require(23) node_modules/_egg-security@2.2.3@egg-security/app/extend/application.js",
    "start": 1535452853219,
    "end": 1535452853220,
    "duration": 1,
    "pid": 14000,
    "index": 27
  },
  {
    "name": "Require(24) node_modules/_egg-jsonp@2.0.0@egg-jsonp/app/extend/application.js",
    "start": 1535452853220,
    "end": 1535452853224,
    "duration": 4,
    "pid": 14000,
    "index": 28
  },
  {
    "name": "Require(25) node_modules/_egg-logrotator@3.0.3@egg-logrotator/app/extend/application.js",
    "start": 1535452853227,
    "end": 1535452853231,
    "duration": 4,
    "pid": 14000,
    "index": 29
  },
  {
    "name": "Require(26) node_modules/_egg-view@2.1.0@egg-view/app/extend/application.js",
    "start": 1535452853232,
    "end": 1535452853235,
    "duration": 3,
    "pid": 14000,
    "index": 30
  },
  {
    "name": "Load extend/request.js",
    "start": 1535452853242,
    "end": 1535452853254,
    "duration": 12,
    "pid": 14000,
    "index": 31
  },
  {
    "name": "Require(27) node_modules/_egg@2.10.0@egg/app/extend/request.js",
    "start": 1535452853247,
    "end": 1535452853250,
    "duration": 3,
    "pid": 14000,
    "index": 32
  },
  {
    "name": "Load extend/response.js",
    "start": 1535452853254,
    "end": 1535452853267,
    "duration": 13,
    "pid": 14000,
    "index": 33
  },
  {
    "name": "Require(28) node_modules/_egg@2.10.0@egg/app/extend/response.js",
    "start": 1535452853258,
    "end": 1535452853262,
    "duration": 4,
    "pid": 14000,
    "index": 34
  },
  {
    "name": "Load extend/context.js",
    "start": 1535452853267,
    "end": 1535452853373,
    "duration": 106,
    "pid": 14000,
    "index": 35
  },
  {
    "name": "Require(29) node_modules/_egg-security@2.2.3@egg-security/app/extend/context.js",
    "start": 1535452853268,
    "end": 1535452853288,
    "duration": 20,
    "pid": 14000,
    "index": 36
  },
  {
    "name": "Require(30) node_modules/_egg-jsonp@2.0.0@egg-jsonp/app/extend/context.js",
    "start": 1535452853289,
    "end": 1535452853291,
    "duration": 2,
    "pid": 14000,
    "index": 37
  },
  {
    "name": "Require(31) node_modules/_egg-i18n@2.0.0@egg-i18n/app/extend/context.js",
    "start": 1535452853292,
    "end": 1535452853292,
    "duration": 0,
    "pid": 14000,
    "index": 38
  },
  {
    "name": "Require(32) node_modules/_egg-multipart@2.1.0@egg-multipart/app/extend/context.js",
    "start": 1535452853294,
    "end": 1535452853361,
    "duration": 67,
    "pid": 14000,
    "index": 39
  },
  {
    "name": "Require(33) node_modules/_egg-view@2.1.0@egg-view/app/extend/context.js",
    "start": 1535452853362,
    "end": 1535452853364,
    "duration": 2,
    "pid": 14000,
    "index": 40
  },
  {
    "name": "Require(34) node_modules/_egg@2.10.0@egg/app/extend/context.js",
    "start": 1535452853365,
    "end": 1535452853368,
    "duration": 3,
    "pid": 14000,
    "index": 41
  },
  {
    "name": "Load extend/helper.js",
    "start": 1535452853373,
    "end": 1535452853414,
    "duration": 41,
    "pid": 14000,
    "index": 42
  },
  {
    "name": "Require(35) node_modules/_egg-security@2.2.3@egg-security/app/extend/helper.js",
    "start": 1535452853375,
    "end": 1535452853404,
    "duration": 29,
    "pid": 14000,
    "index": 43
  },
  {
    "name": "Require(36) node_modules/_egg@2.10.0@egg/app/extend/helper.js",
    "start": 1535452853408,
    "end": 1535452853409,
    "duration": 1,
    "pid": 14000,
    "index": 44
  },
  {
    "name": "Load app.js",
    "start": 1535452853414,
    "end": 1535452853836,
    "duration": 422,
    "pid": 14000,
    "index": 45
  },
  {
    "name": "Require(37) node_modules/_egg-session@3.1.0@egg-session/app.js",
    "start": 1535452853415,
    "end": 1535452853415,
    "duration": 0,
    "pid": 14000,
    "index": 46
  },
  {
    "name": "Require(38) node_modules/_egg-security@2.2.3@egg-security/app.js",
    "start": 1535452853416,
    "end": 1535452853420,
    "duration": 4,
    "pid": 14000,
    "index": 47
  },
  {
    "name": "Require(39) node_modules/_egg-onerror@2.1.0@egg-onerror/app.js",
    "start": 1535452853421,
    "end": 1535452853435,
    "duration": 14,
    "pid": 14000,
    "index": 48
  },
  {
    "name": "Require(40) node_modules/_egg-i18n@2.0.0@egg-i18n/app.js",
    "start": 1535452853437,
    "end": 1535452853449,
    "duration": 12,
    "pid": 14000,
    "index": 49
  },
  {
    "name": "Require(41) node_modules/_egg-watcher@3.0.0@egg-watcher/app.js",
    "start": 1535452853454,
    "end": 1535452853460,
    "duration": 6,
    "pid": 14000,
    "index": 50
  },
  {
    "name": "Before Start in node_modules/_egg-watcher@3.0.0@egg-watcher/app.js:15:7",
    "start": 1535452853474,
    "end": 1535452854176,
    "duration": 702,
    "pid": 14000,
    "index": 51
  },
  {
    "name": "Require(42) node_modules/_egg-multipart@2.1.0@egg-multipart/app.js",
    "start": 1535452853476,
    "end": 1535452853486,
    "duration": 10,
    "pid": 14000,
    "index": 52
  },
  {
    "name": "Require(43) node_modules/_egg-development@2.4.1@egg-development/app.js",
    "start": 1535452853488,
    "end": 1535452853489,
    "duration": 1,
    "pid": 14000,
    "index": 53
  },
  {
    "name": "Require(44) node_modules/_egg-schedule@3.3.0@egg-schedule/app.js",
    "start": 1535452853490,
    "end": 1535452853494,
    "duration": 4,
    "pid": 14000,
    "index": 54
  },
  {
    "name": "Require(45) node_modules/_egg-logrotator@3.0.3@egg-logrotator/app.js",
    "start": 1535452853626,
    "end": 1535452853627,
    "duration": 1,
    "pid": 14000,
    "index": 55
  },
  {
    "name": "Require(46) node_modules/_egg-static@2.1.1@egg-static/app.js",
    "start": 1535452853628,
    "end": 1535452853629,
    "duration": 1,
    "pid": 14000,
    "index": 56
  },
  {
    "name": "Require(47) node_modules/_egg-view-ejs@2.0.0@egg-view-ejs/app.js",
    "start": 1535452853631,
    "end": 1535452853632,
    "duration": 1,
    "pid": 14000,
    "index": 57
  },
  {
    "name": "Require(48) node_modules/_egg-mysql@3.0.0@egg-mysql/app.js",
    "start": 1535452853650,
    "end": 1535452853702,
    "duration": 52,
    "pid": 14000,
    "index": 58
  },
  {
    "name": "Before Start in node_modules/_egg-mysql@3.0.0@egg-mysql/lib/mysql.js:20:7",
    "start": 1535452853833,
    "end": 1535452854186,
    "duration": 353,
    "pid": 14000,
    "index": 59
  },
  {
    "name": "Load Service",
    "start": 1535452853836,
    "end": 1535452853849,
    "duration": 13,
    "pid": 14000,
    "index": 60
  },
  {
    "name": "Load \"service\" to Context",
    "start": 1535452853837,
    "end": 1535452853849,
    "duration": 12,
    "pid": 14000,
    "index": 61
  },
  {
    "name": "Load Middleware",
    "start": 1535452853849,
    "end": 1535452854093,
    "duration": 244,
    "pid": 14000,
    "index": 62
  },
  {
    "name": "Load \"middlewares\" to Application",
    "start": 1535452853850,
    "end": 1535452854055,
    "duration": 205,
    "pid": 14000,
    "index": 63
  },
  {
    "name": "Load Controller",
    "start": 1535452854093,
    "end": 1535452854099,
    "duration": 6,
    "pid": 14000,
    "index": 64
  },
  {
    "name": "Load \"controller\" to Application",
    "start": 1535452854094,
    "end": 1535452854099,
    "duration": 5,
    "pid": 14000,
    "index": 65
  },
  {
    "name": "Load Router",
    "start": 1535452854099,
    "end": 1535452854107,
    "duration": 8,
    "pid": 14000,
    "index": 66
  },
  {
    "name": "Require(49) app/router.js",
    "start": 1535452854100,
    "end": 1535452854101,
    "duration": 1,
    "pid": 14000,
    "index": 67
  },
  {
    "name": "Before Start in node_modules/_egg-core@4.9.1@egg-core/lib/egg.js:328:10",
    "start": 1535452854102,
    "end": 1535452854138,
    "duration": 36,
    "pid": 14000,
    "index": 68
  }
]