[
  {
    "name": "Application Start",
    "start": 1535452103323,
    "end": 1535452104260,
    "duration": 937,
    "pid": 6360,
    "index": 0
  },
  {
    "name": "Load Plugin",
    "start": 1535452103331,
    "end": 1535452103388,
    "duration": 57,
    "pid": 6360,
    "index": 1
  },
  {
    "name": "Load Config",
    "start": 1535452103388,
    "end": 1535452103440,
    "duration": 52,
    "pid": 6360,
    "index": 2
  },
  {
    "name": "Require(0) config/config.default.js",
    "start": 1535452103390,
    "end": 1535452103390,
    "duration": 0,
    "pid": 6360,
    "index": 3
  },
  {
    "name": "Require(1) node_modules/_egg-session@3.1.0@egg-session/config/config.default.js",
    "start": 1535452103393,
    "end": 1535452103394,
    "duration": 1,
    "pid": 6360,
    "index": 4
  },
  {
    "name": "Require(2) node_modules/_egg-security@2.2.3@egg-security/config/config.default.js",
    "start": 1535452103395,
    "end": 1535452103396,
    "duration": 1,
    "pid": 6360,
    "index": 5
  },
  {
    "name": "Require(3) node_modules/_egg-jsonp@2.0.0@egg-jsonp/config/config.default.js",
    "start": 1535452103398,
    "end": 1535452103399,
    "duration": 1,
    "pid": 6360,
    "index": 6
  },
  {
    "name": "Require(4) node_modules/_egg-onerror@2.1.0@egg-onerror/config/config.default.js",
    "start": 1535452103400,
    "end": 1535452103401,
    "duration": 1,
    "pid": 6360,
    "index": 7
  },
  {
    "name": "Require(5) node_modules/_egg-i18n@2.0.0@egg-i18n/config/config.default.js",
    "start": 1535452103402,
    "end": 1535452103402,
    "duration": 0,
    "pid": 6360,
    "index": 8
  },
  {
    "name": "Require(6) node_modules/_egg-watcher@3.0.0@egg-watcher/config/config.default.js",
    "start": 1535452103403,
    "end": 1535452103403,
    "duration": 0,
    "pid": 6360,
    "index": 9
  },
  {
    "name": "Require(7) node_modules/_egg-multipart@2.1.0@egg-multipart/config/config.default.js",
    "start": 1535452103404,
    "end": 1535452103404,
    "duration": 0,
    "pid": 6360,
    "index": 10
  },
  {
    "name": "Require(8) node_modules/_egg-development@2.4.1@egg-development/config/config.default.js",
    "start": 1535452103405,
    "end": 1535452103405,
    "duration": 0,
    "pid": 6360,
    "index": 11
  },
  {
    "name": "Require(9) node_modules/_egg-schedule@3.3.0@egg-schedule/config/config.default.js",
    "start": 1535452103406,
    "end": 1535452103406,
    "duration": 0,
    "pid": 6360,
    "index": 12
  },
  {
    "name": "Require(10) node_modules/_egg-logrotator@3.0.3@egg-logrotator/config/config.default.js",
    "start": 1535452103407,
    "end": 1535452103408,
    "duration": 1,
    "pid": 6360,
    "index": 13
  },
  {
    "name": "Require(11) node_modules/_egg-static@2.1.1@egg-static/config/config.default.js",
    "start": 1535452103408,
    "end": 1535452103410,
    "duration": 2,
    "pid": 6360,
    "index": 14
  },
  {
    "name": "Require(12) node_modules/_egg-view@2.1.0@egg-view/config/config.default.js",
    "start": 1535452103411,
    "end": 1535452103412,
    "duration": 1,
    "pid": 6360,
    "index": 15
  },
  {
    "name": "Require(13) node_modules/_egg-view-ejs@2.0.0@egg-view-ejs/config/config.default.js",
    "start": 1535452103414,
    "end": 1535452103415,
    "duration": 1,
    "pid": 6360,
    "index": 16
  },
  {
    "name": "Require(14) node_modules/_egg-mysql@3.0.0@egg-mysql/config/config.default.js",
    "start": 1535452103416,
    "end": 1535452103416,
    "duration": 0,
    "pid": 6360,
    "index": 17
  },
  {
    "name": "Require(15) node_modules/_egg@2.10.0@egg/config/config.default.js",
    "start": 1535452103417,
    "end": 1535452103419,
    "duration": 2,
    "pid": 6360,
    "index": 18
  },
  {
    "name": "Require(16) config/config.default.js",
    "start": 1535452103423,
    "end": 1535452103423,
    "duration": 0,
    "pid": 6360,
    "index": 19
  },
  {
    "name": "Require(17) node_modules/_egg-security@2.2.3@egg-security/config/config.local.js",
    "start": 1535452103424,
    "end": 1535452103424,
    "duration": 0,
    "pid": 6360,
    "index": 20
  },
  {
    "name": "Require(18) node_modules/_egg-watcher@3.0.0@egg-watcher/config/config.local.js",
    "start": 1535452103431,
    "end": 1535452103432,
    "duration": 1,
    "pid": 6360,
    "index": 21
  },
  {
    "name": "Require(19) node_modules/_egg-view@2.1.0@egg-view/config/config.local.js",
    "start": 1535452103436,
    "end": 1535452103436,
    "duration": 0,
    "pid": 6360,
    "index": 22
  },
  {
    "name": "Require(20) node_modules/_egg-view-ejs@2.0.0@egg-view-ejs/config/config.local.js",
    "start": 1535452103437,
    "end": 1535452103438,
    "duration": 1,
    "pid": 6360,
    "index": 23
  },
  {
    "name": "Require(21) node_modules/_egg@2.10.0@egg/config/config.local.js",
    "start": 1535452103439,
    "end": 1535452103440,
    "duration": 1,
    "pid": 6360,
    "index": 24
  },
  {
    "name": "Load extend/application.js",
    "start": 1535452103443,
    "end": 1535452103474,
    "duration": 31,
    "pid": 6360,
    "index": 25
  },
  {
    "name": "Require(22) node_modules/_egg-session@3.1.0@egg-session/app/extend/application.js",
    "start": 1535452103444,
    "end": 1535452103445,
    "duration": 1,
    "pid": 6360,
    "index": 26
  },
  {
    "name": "Require(23) node_modules/_egg-security@2.2.3@egg-security/app/extend/application.js",
    "start": 1535452103446,
    "end": 1535452103448,
    "duration": 2,
    "pid": 6360,
    "index": 27
  },
  {
    "name": "Require(24) node_modules/_egg-jsonp@2.0.0@egg-jsonp/app/extend/application.js",
    "start": 1535452103449,
    "end": 1535452103453,
    "duration": 4,
    "pid": 6360,
    "index": 28
  },
  {
    "name": "Require(25) node_modules/_egg-logrotator@3.0.3@egg-logrotator/app/extend/application.js",
    "start": 1535452103456,
    "end": 1535452103461,
    "duration": 5,
    "pid": 6360,
    "index": 29
  },
  {
    "name": "Require(26) node_modules/_egg-view@2.1.0@egg-view/app/extend/application.js",
    "start": 1535452103462,
    "end": 1535452103466,
    "duration": 4,
    "pid": 6360,
    "index": 30
  },
  {
    "name": "Load extend/request.js",
    "start": 1535452103474,
    "end": 1535452103492,
    "duration": 18,
    "pid": 6360,
    "index": 31
  },
  {
    "name": "Require(27) node_modules/_egg@2.10.0@egg/app/extend/request.js",
    "start": 1535452103482,
    "end": 1535452103486,
    "duration": 4,
    "pid": 6360,
    "index": 32
  },
  {
    "name": "Load extend/response.js",
    "start": 1535452103492,
    "end": 1535452103514,
    "duration": 22,
    "pid": 6360,
    "index": 33
  },
  {
    "name": "Require(28) node_modules/_egg@2.10.0@egg/app/extend/response.js",
    "start": 1535452103501,
    "end": 1535452103507,
    "duration": 6,
    "pid": 6360,
    "index": 34
  },
  {
    "name": "Load extend/context.js",
    "start": 1535452103514,
    "end": 1535452103664,
    "duration": 150,
    "pid": 6360,
    "index": 35
  },
  {
    "name": "Require(29) node_modules/_egg-security@2.2.3@egg-security/app/extend/context.js",
    "start": 1535452103516,
    "end": 1535452103552,
    "duration": 36,
    "pid": 6360,
    "index": 36
  },
  {
    "name": "Require(30) node_modules/_egg-jsonp@2.0.0@egg-jsonp/app/extend/context.js",
    "start": 1535452103553,
    "end": 1535452103556,
    "duration": 3,
    "pid": 6360,
    "index": 37
  },
  {
    "name": "Require(31) node_modules/_egg-i18n@2.0.0@egg-i18n/app/extend/context.js",
    "start": 1535452103558,
    "end": 1535452103558,
    "duration": 0,
    "pid": 6360,
    "index": 38
  },
  {
    "name": "Require(32) node_modules/_egg-multipart@2.1.0@egg-multipart/app/extend/context.js",
    "start": 1535452103560,
    "end": 1535452103646,
    "duration": 86,
    "pid": 6360,
    "index": 39
  },
  {
    "name": "Require(33) node_modules/_egg-view@2.1.0@egg-view/app/extend/context.js",
    "start": 1535452103649,
    "end": 1535452103651,
    "duration": 2,
    "pid": 6360,
    "index": 40
  },
  {
    "name": "Require(34) node_modules/_egg@2.10.0@egg/app/extend/context.js",
    "start": 1535452103652,
    "end": 1535452103657,
    "duration": 5,
    "pid": 6360,
    "index": 41
  },
  {
    "name": "Load extend/helper.js",
    "start": 1535452103665,
    "end": 1535452103712,
    "duration": 47,
    "pid": 6360,
    "index": 42
  },
  {
    "name": "Require(35) node_modules/_egg-security@2.2.3@egg-security/app/extend/helper.js",
    "start": 1535452103666,
    "end": 1535452103701,
    "duration": 35,
    "pid": 6360,
    "index": 43
  },
  {
    "name": "Require(36) node_modules/_egg@2.10.0@egg/app/extend/helper.js",
    "start": 1535452103706,
    "end": 1535452103707,
    "duration": 1,
    "pid": 6360,
    "index": 44
  },
  {
    "name": "Load app.js",
    "start": 1535452103713,
    "end": 1535452104032,
    "duration": 319,
    "pid": 6360,
    "index": 45
  },
  {
    "name": "Require(37) node_modules/_egg-session@3.1.0@egg-session/app.js",
    "start": 1535452103714,
    "end": 1535452103714,
    "duration": 0,
    "pid": 6360,
    "index": 46
  },
  {
    "name": "Require(38) node_modules/_egg-security@2.2.3@egg-security/app.js",
    "start": 1535452103716,
    "end": 1535452103720,
    "duration": 4,
    "pid": 6360,
    "index": 47
  },
  {
    "name": "Require(39) node_modules/_egg-onerror@2.1.0@egg-onerror/app.js",
    "start": 1535452103722,
    "end": 1535452103746,
    "duration": 24,
    "pid": 6360,
    "index": 48
  },
  {
    "name": "Require(40) node_modules/_egg-i18n@2.0.0@egg-i18n/app.js",
    "start": 1535452103748,
    "end": 1535452103763,
    "duration": 15,
    "pid": 6360,
    "index": 49
  },
  {
    "name": "Require(41) node_modules/_egg-watcher@3.0.0@egg-watcher/app.js",
    "start": 1535452103768,
    "end": 1535452103774,
    "duration": 6,
    "pid": 6360,
    "index": 50
  },
  {
    "name": "Before Start in node_modules/_egg-watcher@3.0.0@egg-watcher/app.js:15:7",
    "start": 1535452103792,
    "end": 1535452104256,
    "duration": 464,
    "pid": 6360,
    "index": 51
  },
  {
    "name": "Require(42) node_modules/_egg-multipart@2.1.0@egg-multipart/app.js",
    "start": 1535452103794,
    "end": 1535452103799,
    "duration": 5,
    "pid": 6360,
    "index": 52
  },
  {
    "name": "Require(43) node_modules/_egg-development@2.4.1@egg-development/app.js",
    "start": 1535452103800,
    "end": 1535452103801,
    "duration": 1,
    "pid": 6360,
    "index": 53
  },
  {
    "name": "Require(44) node_modules/_egg-schedule@3.3.0@egg-schedule/app.js",
    "start": 1535452103801,
    "end": 1535452103804,
    "duration": 3,
    "pid": 6360,
    "index": 54
  },
  {
    "name": "Require(45) node_modules/_egg-logrotator@3.0.3@egg-logrotator/app.js",
    "start": 1535452103866,
    "end": 1535452103867,
    "duration": 1,
    "pid": 6360,
    "index": 55
  },
  {
    "name": "Require(46) node_modules/_egg-static@2.1.1@egg-static/app.js",
    "start": 1535452103867,
    "end": 1535452103868,
    "duration": 1,
    "pid": 6360,
    "index": 56
  },
  {
    "name": "Require(47) node_modules/_egg-view-ejs@2.0.0@egg-view-ejs/app.js",
    "start": 1535452103869,
    "end": 1535452103869,
    "duration": 0,
    "pid": 6360,
    "index": 57
  },
  {
    "name": "Require(48) node_modules/_egg-mysql@3.0.0@egg-mysql/app.js",
    "start": 1535452103879,
    "end": 1535452103906,
    "duration": 27,
    "pid": 6360,
    "index": 58
  },
  {
    "name": "Before Start in node_modules/_egg-mysql@3.0.0@egg-mysql/lib/mysql.js:20:7",
    "start": 1535452104030,
    "end": 1535452104260,
    "duration": 230,
    "pid": 6360,
    "index": 59
  },
  {
    "name": "Load Service",
    "start": 1535452104032,
    "end": 1535452104040,
    "duration": 8,
    "pid": 6360,
    "index": 60
  },
  {
    "name": "Load \"service\" to Context",
    "start": 1535452104032,
    "end": 1535452104040,
    "duration": 8,
    "pid": 6360,
    "index": 61
  },
  {
    "name": "Load Middleware",
    "start": 1535452104040,
    "end": 1535452104192,
    "duration": 152,
    "pid": 6360,
    "index": 62
  },
  {
    "name": "Load \"middlewares\" to Application",
    "start": 1535452104041,
    "end": 1535452104173,
    "duration": 132,
    "pid": 6360,
    "index": 63
  },
  {
    "name": "Load Controller",
    "start": 1535452104192,
    "end": 1535452104196,
    "duration": 4,
    "pid": 6360,
    "index": 64
  },
  {
    "name": "Load \"controller\" to Application",
    "start": 1535452104192,
    "end": 1535452104196,
    "duration": 4,
    "pid": 6360,
    "index": 65
  },
  {
    "name": "Load Router",
    "start": 1535452104196,
    "end": 1535452104204,
    "duration": 8,
    "pid": 6360,
    "index": 66
  },
  {
    "name": "Require(49) app/router.js",
    "start": 1535452104198,
    "end": 1535452104200,
    "duration": 2,
    "pid": 6360,
    "index": 67
  },
  {
    "name": "Before Start in node_modules/_egg-core@4.9.1@egg-core/lib/egg.js:328:10",
    "start": 1535452104202,
    "end": 1535452104230,
    "duration": 28,
    "pid": 6360,
    "index": 68
  }
]