[
  {
    "name": "Application Start",
    "start": 1535451581321,
    "end": 1535451582112,
    "duration": 791,
    "pid": 10100,
    "index": 0
  },
  {
    "name": "Load Plugin",
    "start": 1535451581329,
    "end": 1535451581362,
    "duration": 33,
    "pid": 10100,
    "index": 1
  },
  {
    "name": "Load Config",
    "start": 1535451581363,
    "end": 1535451581397,
    "duration": 34,
    "pid": 10100,
    "index": 2
  },
  {
    "name": "Require(0) config/config.default.js",
    "start": 1535451581364,
    "end": 1535451581365,
    "duration": 1,
    "pid": 10100,
    "index": 3
  },
  {
    "name": "Require(1) node_modules/_egg-session@3.1.0@egg-session/config/config.default.js",
    "start": 1535451581367,
    "end": 1535451581367,
    "duration": 0,
    "pid": 10100,
    "index": 4
  },
  {
    "name": "Require(2) node_modules/_egg-security@2.2.3@egg-security/config/config.default.js",
    "start": 1535451581368,
    "end": 1535451581368,
    "duration": 0,
    "pid": 10100,
    "index": 5
  },
  {
    "name": "Require(3) node_modules/_egg-jsonp@2.0.0@egg-jsonp/config/config.default.js",
    "start": 1535451581370,
    "end": 1535451581370,
    "duration": 0,
    "pid": 10100,
    "index": 6
  },
  {
    "name": "Require(4) node_modules/_egg-onerror@2.1.0@egg-onerror/config/config.default.js",
    "start": 1535451581371,
    "end": 1535451581371,
    "duration": 0,
    "pid": 10100,
    "index": 7
  },
  {
    "name": "Require(5) node_modules/_egg-i18n@2.0.0@egg-i18n/config/config.default.js",
    "start": 1535451581372,
    "end": 1535451581372,
    "duration": 0,
    "pid": 10100,
    "index": 8
  },
  {
    "name": "Require(6) node_modules/_egg-watcher@3.0.0@egg-watcher/config/config.default.js",
    "start": 1535451581373,
    "end": 1535451581374,
    "duration": 1,
    "pid": 10100,
    "index": 9
  },
  {
    "name": "Require(7) node_modules/_egg-multipart@2.1.0@egg-multipart/config/config.default.js",
    "start": 1535451581375,
    "end": 1535451581376,
    "duration": 1,
    "pid": 10100,
    "index": 10
  },
  {
    "name": "Require(8) node_modules/_egg-development@2.4.1@egg-development/config/config.default.js",
    "start": 1535451581377,
    "end": 1535451581377,
    "duration": 0,
    "pid": 10100,
    "index": 11
  },
  {
    "name": "Require(9) node_modules/_egg-schedule@3.3.0@egg-schedule/config/config.default.js",
    "start": 1535451581378,
    "end": 1535451581378,
    "duration": 0,
    "pid": 10100,
    "index": 12
  },
  {
    "name": "Require(10) node_modules/_egg-logrotator@3.0.3@egg-logrotator/config/config.default.js",
    "start": 1535451581379,
    "end": 1535451581379,
    "duration": 0,
    "pid": 10100,
    "index": 13
  },
  {
    "name": "Require(11) node_modules/_egg-static@2.1.1@egg-static/config/config.default.js",
    "start": 1535451581380,
    "end": 1535451581381,
    "duration": 1,
    "pid": 10100,
    "index": 14
  },
  {
    "name": "Require(12) node_modules/_egg-view@2.1.0@egg-view/config/config.default.js",
    "start": 1535451581381,
    "end": 1535451581382,
    "duration": 1,
    "pid": 10100,
    "index": 15
  },
  {
    "name": "Require(13) node_modules/_egg-view-ejs@2.0.0@egg-view-ejs/config/config.default.js",
    "start": 1535451581383,
    "end": 1535451581383,
    "duration": 0,
    "pid": 10100,
    "index": 16
  },
  {
    "name": "Require(14) node_modules/_egg-mysql@3.0.0@egg-mysql/config/config.default.js",
    "start": 1535451581384,
    "end": 1535451581384,
    "duration": 0,
    "pid": 10100,
    "index": 17
  },
  {
    "name": "Require(15) node_modules/_egg@2.10.0@egg/config/config.default.js",
    "start": 1535451581385,
    "end": 1535451581385,
    "duration": 0,
    "pid": 10100,
    "index": 18
  },
  {
    "name": "Require(16) config/config.default.js",
    "start": 1535451581388,
    "end": 1535451581388,
    "duration": 0,
    "pid": 10100,
    "index": 19
  },
  {
    "name": "Require(17) node_modules/_egg-security@2.2.3@egg-security/config/config.local.js",
    "start": 1535451581389,
    "end": 1535451581389,
    "duration": 0,
    "pid": 10100,
    "index": 20
  },
  {
    "name": "Require(18) node_modules/_egg-watcher@3.0.0@egg-watcher/config/config.local.js",
    "start": 1535451581391,
    "end": 1535451581391,
    "duration": 0,
    "pid": 10100,
    "index": 21
  },
  {
    "name": "Require(19) node_modules/_egg-view@2.1.0@egg-view/config/config.local.js",
    "start": 1535451581393,
    "end": 1535451581393,
    "duration": 0,
    "pid": 10100,
    "index": 22
  },
  {
    "name": "Require(20) node_modules/_egg-view-ejs@2.0.0@egg-view-ejs/config/config.local.js",
    "start": 1535451581394,
    "end": 1535451581395,
    "duration": 1,
    "pid": 10100,
    "index": 23
  },
  {
    "name": "Require(21) node_modules/_egg@2.10.0@egg/config/config.local.js",
    "start": 1535451581396,
    "end": 1535451581397,
    "duration": 1,
    "pid": 10100,
    "index": 24
  },
  {
    "name": "Load extend/application.js",
    "start": 1535451581399,
    "end": 1535451581432,
    "duration": 33,
    "pid": 10100,
    "index": 25
  },
  {
    "name": "Require(22) node_modules/_egg-session@3.1.0@egg-session/app/extend/application.js",
    "start": 1535451581400,
    "end": 1535451581400,
    "duration": 0,
    "pid": 10100,
    "index": 26
  },
  {
    "name": "Require(23) node_modules/_egg-security@2.2.3@egg-security/app/extend/application.js",
    "start": 1535451581401,
    "end": 1535451581403,
    "duration": 2,
    "pid": 10100,
    "index": 27
  },
  {
    "name": "Require(24) node_modules/_egg-jsonp@2.0.0@egg-jsonp/app/extend/application.js",
    "start": 1535451581403,
    "end": 1535451581408,
    "duration": 5,
    "pid": 10100,
    "index": 28
  },
  {
    "name": "Require(25) node_modules/_egg-logrotator@3.0.3@egg-logrotator/app/extend/application.js",
    "start": 1535451581413,
    "end": 1535451581418,
    "duration": 5,
    "pid": 10100,
    "index": 29
  },
  {
    "name": "Require(26) node_modules/_egg-view@2.1.0@egg-view/app/extend/application.js",
    "start": 1535451581419,
    "end": 1535451581424,
    "duration": 5,
    "pid": 10100,
    "index": 30
  },
  {
    "name": "Load extend/request.js",
    "start": 1535451581432,
    "end": 1535451581444,
    "duration": 12,
    "pid": 10100,
    "index": 31
  },
  {
    "name": "Require(27) node_modules/_egg@2.10.0@egg/app/extend/request.js",
    "start": 1535451581436,
    "end": 1535451581439,
    "duration": 3,
    "pid": 10100,
    "index": 32
  },
  {
    "name": "Load extend/response.js",
    "start": 1535451581444,
    "end": 1535451581456,
    "duration": 12,
    "pid": 10100,
    "index": 33
  },
  {
    "name": "Require(28) node_modules/_egg@2.10.0@egg/app/extend/response.js",
    "start": 1535451581449,
    "end": 1535451581452,
    "duration": 3,
    "pid": 10100,
    "index": 34
  },
  {
    "name": "Load extend/context.js",
    "start": 1535451581456,
    "end": 1535451581558,
    "duration": 102,
    "pid": 10100,
    "index": 35
  },
  {
    "name": "Require(29) node_modules/_egg-security@2.2.3@egg-security/app/extend/context.js",
    "start": 1535451581457,
    "end": 1535451581474,
    "duration": 17,
    "pid": 10100,
    "index": 36
  },
  {
    "name": "Require(30) node_modules/_egg-jsonp@2.0.0@egg-jsonp/app/extend/context.js",
    "start": 1535451581475,
    "end": 1535451581477,
    "duration": 2,
    "pid": 10100,
    "index": 37
  },
  {
    "name": "Require(31) node_modules/_egg-i18n@2.0.0@egg-i18n/app/extend/context.js",
    "start": 1535451581478,
    "end": 1535451581478,
    "duration": 0,
    "pid": 10100,
    "index": 38
  },
  {
    "name": "Require(32) node_modules/_egg-multipart@2.1.0@egg-multipart/app/extend/context.js",
    "start": 1535451581479,
    "end": 1535451581546,
    "duration": 67,
    "pid": 10100,
    "index": 39
  },
  {
    "name": "Require(33) node_modules/_egg-view@2.1.0@egg-view/app/extend/context.js",
    "start": 1535451581548,
    "end": 1535451581550,
    "duration": 2,
    "pid": 10100,
    "index": 40
  },
  {
    "name": "Require(34) node_modules/_egg@2.10.0@egg/app/extend/context.js",
    "start": 1535451581551,
    "end": 1535451581554,
    "duration": 3,
    "pid": 10100,
    "index": 41
  },
  {
    "name": "Load extend/helper.js",
    "start": 1535451581558,
    "end": 1535451581591,
    "duration": 33,
    "pid": 10100,
    "index": 42
  },
  {
    "name": "Require(35) node_modules/_egg-security@2.2.3@egg-security/app/extend/helper.js",
    "start": 1535451581559,
    "end": 1535451581584,
    "duration": 25,
    "pid": 10100,
    "index": 43
  },
  {
    "name": "Require(36) node_modules/_egg@2.10.0@egg/app/extend/helper.js",
    "start": 1535451581587,
    "end": 1535451581587,
    "duration": 0,
    "pid": 10100,
    "index": 44
  },
  {
    "name": "Load app.js",
    "start": 1535451581592,
    "end": 1535451581899,
    "duration": 307,
    "pid": 10100,
    "index": 45
  },
  {
    "name": "Require(37) node_modules/_egg-session@3.1.0@egg-session/app.js",
    "start": 1535451581592,
    "end": 1535451581593,
    "duration": 1,
    "pid": 10100,
    "index": 46
  },
  {
    "name": "Require(38) node_modules/_egg-security@2.2.3@egg-security/app.js",
    "start": 1535451581593,
    "end": 1535451581597,
    "duration": 4,
    "pid": 10100,
    "index": 47
  },
  {
    "name": "Require(39) node_modules/_egg-onerror@2.1.0@egg-onerror/app.js",
    "start": 1535451581598,
    "end": 1535451581612,
    "duration": 14,
    "pid": 10100,
    "index": 48
  },
  {
    "name": "Require(40) node_modules/_egg-i18n@2.0.0@egg-i18n/app.js",
    "start": 1535451581613,
    "end": 1535451581627,
    "duration": 14,
    "pid": 10100,
    "index": 49
  },
  {
    "name": "Require(41) node_modules/_egg-watcher@3.0.0@egg-watcher/app.js",
    "start": 1535451581633,
    "end": 1535451581639,
    "duration": 6,
    "pid": 10100,
    "index": 50
  },
  {
    "name": "Before Start in node_modules/_egg-watcher@3.0.0@egg-watcher/app.js:15:7",
    "start": 1535451581650,
    "end": 1535451582108,
    "duration": 458,
    "pid": 10100,
    "index": 51
  },
  {
    "name": "Require(42) node_modules/_egg-multipart@2.1.0@egg-multipart/app.js",
    "start": 1535451581652,
    "end": 1535451581658,
    "duration": 6,
    "pid": 10100,
    "index": 52
  },
  {
    "name": "Require(43) node_modules/_egg-development@2.4.1@egg-development/app.js",
    "start": 1535451581659,
    "end": 1535451581659,
    "duration": 0,
    "pid": 10100,
    "index": 53
  },
  {
    "name": "Require(44) node_modules/_egg-schedule@3.3.0@egg-schedule/app.js",
    "start": 1535451581660,
    "end": 1535451581663,
    "duration": 3,
    "pid": 10100,
    "index": 54
  },
  {
    "name": "Require(45) node_modules/_egg-logrotator@3.0.3@egg-logrotator/app.js",
    "start": 1535451581723,
    "end": 1535451581723,
    "duration": 0,
    "pid": 10100,
    "index": 55
  },
  {
    "name": "Require(46) node_modules/_egg-static@2.1.1@egg-static/app.js",
    "start": 1535451581724,
    "end": 1535451581724,
    "duration": 0,
    "pid": 10100,
    "index": 56
  },
  {
    "name": "Require(47) node_modules/_egg-view-ejs@2.0.0@egg-view-ejs/app.js",
    "start": 1535451581725,
    "end": 1535451581725,
    "duration": 0,
    "pid": 10100,
    "index": 57
  },
  {
    "name": "Require(48) node_modules/_egg-mysql@3.0.0@egg-mysql/app.js",
    "start": 1535451581732,
    "end": 1535451581764,
    "duration": 32,
    "pid": 10100,
    "index": 58
  },
  {
    "name": "Before Start in node_modules/_egg-mysql@3.0.0@egg-mysql/lib/mysql.js:20:7",
    "start": 1535451581896,
    "end": 1535451582112,
    "duration": 216,
    "pid": 10100,
    "index": 59
  },
  {
    "name": "Load Service",
    "start": 1535451581899,
    "end": 1535451581909,
    "duration": 10,
    "pid": 10100,
    "index": 60
  },
  {
    "name": "Load \"service\" to Context",
    "start": 1535451581900,
    "end": 1535451581909,
    "duration": 9,
    "pid": 10100,
    "index": 61
  },
  {
    "name": "Load Middleware",
    "start": 1535451581909,
    "end": 1535451582066,
    "duration": 157,
    "pid": 10100,
    "index": 62
  },
  {
    "name": "Load \"middlewares\" to Application",
    "start": 1535451581910,
    "end": 1535451582048,
    "duration": 138,
    "pid": 10100,
    "index": 63
  },
  {
    "name": "Load Controller",
    "start": 1535451582067,
    "end": 1535451582070,
    "duration": 3,
    "pid": 10100,
    "index": 64
  },
  {
    "name": "Load \"controller\" to Application",
    "start": 1535451582067,
    "end": 1535451582070,
    "duration": 3,
    "pid": 10100,
    "index": 65
  },
  {
    "name": "Load Router",
    "start": 1535451582070,
    "end": 1535451582073,
    "duration": 3,
    "pid": 10100,
    "index": 66
  },
  {
    "name": "Require(49) app/router.js",
    "start": 1535451582070,
    "end": 1535451582071,
    "duration": 1,
    "pid": 10100,
    "index": 67
  },
  {
    "name": "Before Start in node_modules/_egg-core@4.9.1@egg-core/lib/egg.js:328:10",
    "start": 1535451582071,
    "end": 1535451582092,
    "duration": 21,
    "pid": 10100,
    "index": 68
  }
]