[
  {
    "name": "Application Start",
    "start": 1535468412854,
    "end": 1535468413732,
    "duration": 878,
    "pid": 6280,
    "index": 0
  },
  {
    "name": "Load Plugin",
    "start": 1535468412862,
    "end": 1535468412897,
    "duration": 35,
    "pid": 6280,
    "index": 1
  },
  {
    "name": "Load Config",
    "start": 1535468412897,
    "end": 1535468412941,
    "duration": 44,
    "pid": 6280,
    "index": 2
  },
  {
    "name": "Require(0) config/config.default.js",
    "start": 1535468412899,
    "end": 1535468412900,
    "duration": 1,
    "pid": 6280,
    "index": 3
  },
  {
    "name": "Require(1) node_modules/_egg-session@3.1.0@egg-session/config/config.default.js",
    "start": 1535468412902,
    "end": 1535468412903,
    "duration": 1,
    "pid": 6280,
    "index": 4
  },
  {
    "name": "Require(2) node_modules/_egg-security@2.2.3@egg-security/config/config.default.js",
    "start": 1535468412904,
    "end": 1535468412904,
    "duration": 0,
    "pid": 6280,
    "index": 5
  },
  {
    "name": "Require(3) node_modules/_egg-jsonp@2.0.0@egg-jsonp/config/config.default.js",
    "start": 1535468412905,
    "end": 1535468412906,
    "duration": 1,
    "pid": 6280,
    "index": 6
  },
  {
    "name": "Require(4) node_modules/_egg-onerror@2.1.0@egg-onerror/config/config.default.js",
    "start": 1535468412907,
    "end": 1535468412908,
    "duration": 1,
    "pid": 6280,
    "index": 7
  },
  {
    "name": "Require(5) node_modules/_egg-i18n@2.0.0@egg-i18n/config/config.default.js",
    "start": 1535468412909,
    "end": 1535468412909,
    "duration": 0,
    "pid": 6280,
    "index": 8
  },
  {
    "name": "Require(6) node_modules/_egg-watcher@3.0.0@egg-watcher/config/config.default.js",
    "start": 1535468412910,
    "end": 1535468412911,
    "duration": 1,
    "pid": 6280,
    "index": 9
  },
  {
    "name": "Require(7) node_modules/_egg-multipart@2.1.0@egg-multipart/config/config.default.js",
    "start": 1535468412911,
    "end": 1535468412912,
    "duration": 1,
    "pid": 6280,
    "index": 10
  },
  {
    "name": "Require(8) node_modules/_egg-development@2.4.1@egg-development/config/config.default.js",
    "start": 1535468412913,
    "end": 1535468412914,
    "duration": 1,
    "pid": 6280,
    "index": 11
  },
  {
    "name": "Require(9) node_modules/_egg-schedule@3.3.0@egg-schedule/config/config.default.js",
    "start": 1535468412915,
    "end": 1535468412916,
    "duration": 1,
    "pid": 6280,
    "index": 12
  },
  {
    "name": "Require(10) node_modules/_egg-logrotator@3.0.3@egg-logrotator/config/config.default.js",
    "start": 1535468412917,
    "end": 1535468412918,
    "duration": 1,
    "pid": 6280,
    "index": 13
  },
  {
    "name": "Require(11) node_modules/_egg-static@2.1.1@egg-static/config/config.default.js",
    "start": 1535468412919,
    "end": 1535468412919,
    "duration": 0,
    "pid": 6280,
    "index": 14
  },
  {
    "name": "Require(12) node_modules/_egg-view@2.1.0@egg-view/config/config.default.js",
    "start": 1535468412920,
    "end": 1535468412921,
    "duration": 1,
    "pid": 6280,
    "index": 15
  },
  {
    "name": "Require(13) node_modules/_egg-view-ejs@2.0.0@egg-view-ejs/config/config.default.js",
    "start": 1535468412922,
    "end": 1535468412923,
    "duration": 1,
    "pid": 6280,
    "index": 16
  },
  {
    "name": "Require(14) node_modules/_egg-mysql@3.0.0@egg-mysql/config/config.default.js",
    "start": 1535468412925,
    "end": 1535468412926,
    "duration": 1,
    "pid": 6280,
    "index": 17
  },
  {
    "name": "Require(15) node_modules/_egg@2.10.0@egg/config/config.default.js",
    "start": 1535468412927,
    "end": 1535468412929,
    "duration": 2,
    "pid": 6280,
    "index": 18
  },
  {
    "name": "Require(16) config/config.default.js",
    "start": 1535468412932,
    "end": 1535468412932,
    "duration": 0,
    "pid": 6280,
    "index": 19
  },
  {
    "name": "Require(17) node_modules/_egg-security@2.2.3@egg-security/config/config.local.js",
    "start": 1535468412933,
    "end": 1535468412933,
    "duration": 0,
    "pid": 6280,
    "index": 20
  },
  {
    "name": "Require(18) node_modules/_egg-watcher@3.0.0@egg-watcher/config/config.local.js",
    "start": 1535468412935,
    "end": 1535468412935,
    "duration": 0,
    "pid": 6280,
    "index": 21
  },
  {
    "name": "Require(19) node_modules/_egg-view@2.1.0@egg-view/config/config.local.js",
    "start": 1535468412937,
    "end": 1535468412938,
    "duration": 1,
    "pid": 6280,
    "index": 22
  },
  {
    "name": "Require(20) node_modules/_egg-view-ejs@2.0.0@egg-view-ejs/config/config.local.js",
    "start": 1535468412939,
    "end": 1535468412939,
    "duration": 0,
    "pid": 6280,
    "index": 23
  },
  {
    "name": "Require(21) node_modules/_egg@2.10.0@egg/config/config.local.js",
    "start": 1535468412940,
    "end": 1535468412941,
    "duration": 1,
    "pid": 6280,
    "index": 24
  },
  {
    "name": "Load extend/application.js",
    "start": 1535468412943,
    "end": 1535468412976,
    "duration": 33,
    "pid": 6280,
    "index": 25
  },
  {
    "name": "Require(22) node_modules/_egg-session@3.1.0@egg-session/app/extend/application.js",
    "start": 1535468412944,
    "end": 1535468412945,
    "duration": 1,
    "pid": 6280,
    "index": 26
  },
  {
    "name": "Require(23) node_modules/_egg-security@2.2.3@egg-security/app/extend/application.js",
    "start": 1535468412946,
    "end": 1535468412948,
    "duration": 2,
    "pid": 6280,
    "index": 27
  },
  {
    "name": "Require(24) node_modules/_egg-jsonp@2.0.0@egg-jsonp/app/extend/application.js",
    "start": 1535468412949,
    "end": 1535468412952,
    "duration": 3,
    "pid": 6280,
    "index": 28
  },
  {
    "name": "Require(25) node_modules/_egg-logrotator@3.0.3@egg-logrotator/app/extend/application.js",
    "start": 1535468412954,
    "end": 1535468412960,
    "duration": 6,
    "pid": 6280,
    "index": 29
  },
  {
    "name": "Require(26) node_modules/_egg-view@2.1.0@egg-view/app/extend/application.js",
    "start": 1535468412961,
    "end": 1535468412967,
    "duration": 6,
    "pid": 6280,
    "index": 30
  },
  {
    "name": "Load extend/request.js",
    "start": 1535468412976,
    "end": 1535468412992,
    "duration": 16,
    "pid": 6280,
    "index": 31
  },
  {
    "name": "Require(27) node_modules/_egg@2.10.0@egg/app/extend/request.js",
    "start": 1535468412982,
    "end": 1535468412986,
    "duration": 4,
    "pid": 6280,
    "index": 32
  },
  {
    "name": "Load extend/response.js",
    "start": 1535468412992,
    "end": 1535468413013,
    "duration": 21,
    "pid": 6280,
    "index": 33
  },
  {
    "name": "Require(28) node_modules/_egg@2.10.0@egg/app/extend/response.js",
    "start": 1535468412997,
    "end": 1535468413005,
    "duration": 8,
    "pid": 6280,
    "index": 34
  },
  {
    "name": "Load extend/context.js",
    "start": 1535468413013,
    "end": 1535468413144,
    "duration": 131,
    "pid": 6280,
    "index": 35
  },
  {
    "name": "Require(29) node_modules/_egg-security@2.2.3@egg-security/app/extend/context.js",
    "start": 1535468413014,
    "end": 1535468413039,
    "duration": 25,
    "pid": 6280,
    "index": 36
  },
  {
    "name": "Require(30) node_modules/_egg-jsonp@2.0.0@egg-jsonp/app/extend/context.js",
    "start": 1535468413040,
    "end": 1535468413045,
    "duration": 5,
    "pid": 6280,
    "index": 37
  },
  {
    "name": "Require(31) node_modules/_egg-i18n@2.0.0@egg-i18n/app/extend/context.js",
    "start": 1535468413046,
    "end": 1535468413047,
    "duration": 1,
    "pid": 6280,
    "index": 38
  },
  {
    "name": "Require(32) node_modules/_egg-multipart@2.1.0@egg-multipart/app/extend/context.js",
    "start": 1535468413047,
    "end": 1535468413129,
    "duration": 82,
    "pid": 6280,
    "index": 39
  },
  {
    "name": "Require(33) node_modules/_egg-view@2.1.0@egg-view/app/extend/context.js",
    "start": 1535468413130,
    "end": 1535468413132,
    "duration": 2,
    "pid": 6280,
    "index": 40
  },
  {
    "name": "Require(34) node_modules/_egg@2.10.0@egg/app/extend/context.js",
    "start": 1535468413133,
    "end": 1535468413138,
    "duration": 5,
    "pid": 6280,
    "index": 41
  },
  {
    "name": "Load extend/helper.js",
    "start": 1535468413145,
    "end": 1535468413189,
    "duration": 44,
    "pid": 6280,
    "index": 42
  },
  {
    "name": "Require(35) node_modules/_egg-security@2.2.3@egg-security/app/extend/helper.js",
    "start": 1535468413145,
    "end": 1535468413179,
    "duration": 34,
    "pid": 6280,
    "index": 43
  },
  {
    "name": "Require(36) node_modules/_egg@2.10.0@egg/app/extend/helper.js",
    "start": 1535468413183,
    "end": 1535468413184,
    "duration": 1,
    "pid": 6280,
    "index": 44
  },
  {
    "name": "Load app.js",
    "start": 1535468413189,
    "end": 1535468413495,
    "duration": 306,
    "pid": 6280,
    "index": 45
  },
  {
    "name": "Require(37) node_modules/_egg-session@3.1.0@egg-session/app.js",
    "start": 1535468413190,
    "end": 1535468413191,
    "duration": 1,
    "pid": 6280,
    "index": 46
  },
  {
    "name": "Require(38) node_modules/_egg-security@2.2.3@egg-security/app.js",
    "start": 1535468413192,
    "end": 1535468413196,
    "duration": 4,
    "pid": 6280,
    "index": 47
  },
  {
    "name": "Require(39) node_modules/_egg-onerror@2.1.0@egg-onerror/app.js",
    "start": 1535468413198,
    "end": 1535468413217,
    "duration": 19,
    "pid": 6280,
    "index": 48
  },
  {
    "name": "Require(40) node_modules/_egg-i18n@2.0.0@egg-i18n/app.js",
    "start": 1535468413219,
    "end": 1535468413234,
    "duration": 15,
    "pid": 6280,
    "index": 49
  },
  {
    "name": "Require(41) node_modules/_egg-watcher@3.0.0@egg-watcher/app.js",
    "start": 1535468413239,
    "end": 1535468413248,
    "duration": 9,
    "pid": 6280,
    "index": 50
  },
  {
    "name": "Before Start in node_modules/_egg-watcher@3.0.0@egg-watcher/app.js:15:7",
    "start": 1535468413262,
    "end": 1535468413725,
    "duration": 463,
    "pid": 6280,
    "index": 51
  },
  {
    "name": "Require(42) node_modules/_egg-multipart@2.1.0@egg-multipart/app.js",
    "start": 1535468413264,
    "end": 1535468413271,
    "duration": 7,
    "pid": 6280,
    "index": 52
  },
  {
    "name": "Require(43) node_modules/_egg-development@2.4.1@egg-development/app.js",
    "start": 1535468413272,
    "end": 1535468413273,
    "duration": 1,
    "pid": 6280,
    "index": 53
  },
  {
    "name": "Require(44) node_modules/_egg-schedule@3.3.0@egg-schedule/app.js",
    "start": 1535468413275,
    "end": 1535468413279,
    "duration": 4,
    "pid": 6280,
    "index": 54
  },
  {
    "name": "Require(45) node_modules/_egg-logrotator@3.0.3@egg-logrotator/app.js",
    "start": 1535468413348,
    "end": 1535468413348,
    "duration": 0,
    "pid": 6280,
    "index": 55
  },
  {
    "name": "Require(46) node_modules/_egg-static@2.1.1@egg-static/app.js",
    "start": 1535468413349,
    "end": 1535468413349,
    "duration": 0,
    "pid": 6280,
    "index": 56
  },
  {
    "name": "Require(47) node_modules/_egg-view-ejs@2.0.0@egg-view-ejs/app.js",
    "start": 1535468413350,
    "end": 1535468413350,
    "duration": 0,
    "pid": 6280,
    "index": 57
  },
  {
    "name": "Require(48) node_modules/_egg-mysql@3.0.0@egg-mysql/app.js",
    "start": 1535468413359,
    "end": 1535468413386,
    "duration": 27,
    "pid": 6280,
    "index": 58
  },
  {
    "name": "Before Start in node_modules/_egg-mysql@3.0.0@egg-mysql/lib/mysql.js:20:7",
    "start": 1535468413493,
    "end": 1535468413731,
    "duration": 238,
    "pid": 6280,
    "index": 59
  },
  {
    "name": "Load Service",
    "start": 1535468413495,
    "end": 1535468413505,
    "duration": 10,
    "pid": 6280,
    "index": 60
  },
  {
    "name": "Load \"service\" to Context",
    "start": 1535468413496,
    "end": 1535468413505,
    "duration": 9,
    "pid": 6280,
    "index": 61
  },
  {
    "name": "Load Middleware",
    "start": 1535468413505,
    "end": 1535468413654,
    "duration": 149,
    "pid": 6280,
    "index": 62
  },
  {
    "name": "Load \"middlewares\" to Application",
    "start": 1535468413505,
    "end": 1535468413633,
    "duration": 128,
    "pid": 6280,
    "index": 63
  },
  {
    "name": "Load Controller",
    "start": 1535468413655,
    "end": 1535468413661,
    "duration": 6,
    "pid": 6280,
    "index": 64
  },
  {
    "name": "Load \"controller\" to Application",
    "start": 1535468413655,
    "end": 1535468413661,
    "duration": 6,
    "pid": 6280,
    "index": 65
  },
  {
    "name": "Load Router",
    "start": 1535468413661,
    "end": 1535468413664,
    "duration": 3,
    "pid": 6280,
    "index": 66
  },
  {
    "name": "Require(49) app/router.js",
    "start": 1535468413661,
    "end": 1535468413662,
    "duration": 1,
    "pid": 6280,
    "index": 67
  },
  {
    "name": "Before Start in node_modules/_egg-core@4.9.1@egg-core/lib/egg.js:328:10",
    "start": 1535468413662,
    "end": 1535468413691,
    "duration": 29,
    "pid": 6280,
    "index": 68
  }
]