[
  {
    "name": "Application Start",
    "start": 1535454121525,
    "end": 1535454122545,
    "duration": 1020,
    "pid": 16836,
    "index": 0
  },
  {
    "name": "Load Plugin",
    "start": 1535454121536,
    "end": 1535454121600,
    "duration": 64,
    "pid": 16836,
    "index": 1
  },
  {
    "name": "Load Config",
    "start": 1535454121600,
    "end": 1535454121670,
    "duration": 70,
    "pid": 16836,
    "index": 2
  },
  {
    "name": "Require(0) config/config.default.js",
    "start": 1535454121602,
    "end": 1535454121603,
    "duration": 1,
    "pid": 16836,
    "index": 3
  },
  {
    "name": "Require(1) node_modules/_egg-session@3.1.0@egg-session/config/config.default.js",
    "start": 1535454121607,
    "end": 1535454121608,
    "duration": 1,
    "pid": 16836,
    "index": 4
  },
  {
    "name": "Require(2) node_modules/_egg-security@2.2.3@egg-security/config/config.default.js",
    "start": 1535454121609,
    "end": 1535454121610,
    "duration": 1,
    "pid": 16836,
    "index": 5
  },
  {
    "name": "Require(3) node_modules/_egg-jsonp@2.0.0@egg-jsonp/config/config.default.js",
    "start": 1535454121612,
    "end": 1535454121613,
    "duration": 1,
    "pid": 16836,
    "index": 6
  },
  {
    "name": "Require(4) node_modules/_egg-onerror@2.1.0@egg-onerror/config/config.default.js",
    "start": 1535454121614,
    "end": 1535454121614,
    "duration": 0,
    "pid": 16836,
    "index": 7
  },
  {
    "name": "Require(5) node_modules/_egg-i18n@2.0.0@egg-i18n/config/config.default.js",
    "start": 1535454121615,
    "end": 1535454121616,
    "duration": 1,
    "pid": 16836,
    "index": 8
  },
  {
    "name": "Require(6) node_modules/_egg-watcher@3.0.0@egg-watcher/config/config.default.js",
    "start": 1535454121620,
    "end": 1535454121621,
    "duration": 1,
    "pid": 16836,
    "index": 9
  },
  {
    "name": "Require(7) node_modules/_egg-multipart@2.1.0@egg-multipart/config/config.default.js",
    "start": 1535454121622,
    "end": 1535454121623,
    "duration": 1,
    "pid": 16836,
    "index": 10
  },
  {
    "name": "Require(8) node_modules/_egg-development@2.4.1@egg-development/config/config.default.js",
    "start": 1535454121626,
    "end": 1535454121626,
    "duration": 0,
    "pid": 16836,
    "index": 11
  },
  {
    "name": "Require(9) node_modules/_egg-schedule@3.3.0@egg-schedule/config/config.default.js",
    "start": 1535454121628,
    "end": 1535454121628,
    "duration": 0,
    "pid": 16836,
    "index": 12
  },
  {
    "name": "Require(10) node_modules/_egg-logrotator@3.0.3@egg-logrotator/config/config.default.js",
    "start": 1535454121629,
    "end": 1535454121630,
    "duration": 1,
    "pid": 16836,
    "index": 13
  },
  {
    "name": "Require(11) node_modules/_egg-static@2.1.1@egg-static/config/config.default.js",
    "start": 1535454121631,
    "end": 1535454121632,
    "duration": 1,
    "pid": 16836,
    "index": 14
  },
  {
    "name": "Require(12) node_modules/_egg-view@2.1.0@egg-view/config/config.default.js",
    "start": 1535454121633,
    "end": 1535454121634,
    "duration": 1,
    "pid": 16836,
    "index": 15
  },
  {
    "name": "Require(13) node_modules/_egg-view-ejs@2.0.0@egg-view-ejs/config/config.default.js",
    "start": 1535454121635,
    "end": 1535454121636,
    "duration": 1,
    "pid": 16836,
    "index": 16
  },
  {
    "name": "Require(14) node_modules/_egg-mysql@3.0.0@egg-mysql/config/config.default.js",
    "start": 1535454121637,
    "end": 1535454121638,
    "duration": 1,
    "pid": 16836,
    "index": 17
  },
  {
    "name": "Require(15) node_modules/_egg@2.10.0@egg/config/config.default.js",
    "start": 1535454121639,
    "end": 1535454121641,
    "duration": 2,
    "pid": 16836,
    "index": 18
  },
  {
    "name": "Require(16) config/config.default.js",
    "start": 1535454121645,
    "end": 1535454121645,
    "duration": 0,
    "pid": 16836,
    "index": 19
  },
  {
    "name": "Require(17) node_modules/_egg-security@2.2.3@egg-security/config/config.local.js",
    "start": 1535454121647,
    "end": 1535454121647,
    "duration": 0,
    "pid": 16836,
    "index": 20
  },
  {
    "name": "Require(18) node_modules/_egg-watcher@3.0.0@egg-watcher/config/config.local.js",
    "start": 1535454121649,
    "end": 1535454121650,
    "duration": 1,
    "pid": 16836,
    "index": 21
  },
  {
    "name": "Require(19) node_modules/_egg-view@2.1.0@egg-view/config/config.local.js",
    "start": 1535454121663,
    "end": 1535454121664,
    "duration": 1,
    "pid": 16836,
    "index": 22
  },
  {
    "name": "Require(20) node_modules/_egg-view-ejs@2.0.0@egg-view-ejs/config/config.local.js",
    "start": 1535454121665,
    "end": 1535454121666,
    "duration": 1,
    "pid": 16836,
    "index": 23
  },
  {
    "name": "Require(21) node_modules/_egg@2.10.0@egg/config/config.local.js",
    "start": 1535454121669,
    "end": 1535454121670,
    "duration": 1,
    "pid": 16836,
    "index": 24
  },
  {
    "name": "Load extend/application.js",
    "start": 1535454121673,
    "end": 1535454121713,
    "duration": 40,
    "pid": 16836,
    "index": 25
  },
  {
    "name": "Require(22) node_modules/_egg-session@3.1.0@egg-session/app/extend/application.js",
    "start": 1535454121674,
    "end": 1535454121674,
    "duration": 0,
    "pid": 16836,
    "index": 26
  },
  {
    "name": "Require(23) node_modules/_egg-security@2.2.3@egg-security/app/extend/application.js",
    "start": 1535454121675,
    "end": 1535454121677,
    "duration": 2,
    "pid": 16836,
    "index": 27
  },
  {
    "name": "Require(24) node_modules/_egg-jsonp@2.0.0@egg-jsonp/app/extend/application.js",
    "start": 1535454121678,
    "end": 1535454121683,
    "duration": 5,
    "pid": 16836,
    "index": 28
  },
  {
    "name": "Require(25) node_modules/_egg-logrotator@3.0.3@egg-logrotator/app/extend/application.js",
    "start": 1535454121687,
    "end": 1535454121694,
    "duration": 7,
    "pid": 16836,
    "index": 29
  },
  {
    "name": "Require(26) node_modules/_egg-view@2.1.0@egg-view/app/extend/application.js",
    "start": 1535454121698,
    "end": 1535454121703,
    "duration": 5,
    "pid": 16836,
    "index": 30
  },
  {
    "name": "Load extend/request.js",
    "start": 1535454121714,
    "end": 1535454121736,
    "duration": 22,
    "pid": 16836,
    "index": 31
  },
  {
    "name": "Require(27) node_modules/_egg@2.10.0@egg/app/extend/request.js",
    "start": 1535454121722,
    "end": 1535454121726,
    "duration": 4,
    "pid": 16836,
    "index": 32
  },
  {
    "name": "Load extend/response.js",
    "start": 1535454121736,
    "end": 1535454121755,
    "duration": 19,
    "pid": 16836,
    "index": 33
  },
  {
    "name": "Require(28) node_modules/_egg@2.10.0@egg/app/extend/response.js",
    "start": 1535454121742,
    "end": 1535454121747,
    "duration": 5,
    "pid": 16836,
    "index": 34
  },
  {
    "name": "Load extend/context.js",
    "start": 1535454121756,
    "end": 1535454121920,
    "duration": 164,
    "pid": 16836,
    "index": 35
  },
  {
    "name": "Require(29) node_modules/_egg-security@2.2.3@egg-security/app/extend/context.js",
    "start": 1535454121756,
    "end": 1535454121792,
    "duration": 36,
    "pid": 16836,
    "index": 36
  },
  {
    "name": "Require(30) node_modules/_egg-jsonp@2.0.0@egg-jsonp/app/extend/context.js",
    "start": 1535454121793,
    "end": 1535454121797,
    "duration": 4,
    "pid": 16836,
    "index": 37
  },
  {
    "name": "Require(31) node_modules/_egg-i18n@2.0.0@egg-i18n/app/extend/context.js",
    "start": 1535454121798,
    "end": 1535454121799,
    "duration": 1,
    "pid": 16836,
    "index": 38
  },
  {
    "name": "Require(32) node_modules/_egg-multipart@2.1.0@egg-multipart/app/extend/context.js",
    "start": 1535454121800,
    "end": 1535454121894,
    "duration": 94,
    "pid": 16836,
    "index": 39
  },
  {
    "name": "Require(33) node_modules/_egg-view@2.1.0@egg-view/app/extend/context.js",
    "start": 1535454121898,
    "end": 1535454121905,
    "duration": 7,
    "pid": 16836,
    "index": 40
  },
  {
    "name": "Require(34) node_modules/_egg@2.10.0@egg/app/extend/context.js",
    "start": 1535454121907,
    "end": 1535454121911,
    "duration": 4,
    "pid": 16836,
    "index": 41
  },
  {
    "name": "Load extend/helper.js",
    "start": 1535454121920,
    "end": 1535454121977,
    "duration": 57,
    "pid": 16836,
    "index": 42
  },
  {
    "name": "Require(35) node_modules/_egg-security@2.2.3@egg-security/app/extend/helper.js",
    "start": 1535454121921,
    "end": 1535454121964,
    "duration": 43,
    "pid": 16836,
    "index": 43
  },
  {
    "name": "Require(36) node_modules/_egg@2.10.0@egg/app/extend/helper.js",
    "start": 1535454121970,
    "end": 1535454121970,
    "duration": 0,
    "pid": 16836,
    "index": 44
  },
  {
    "name": "Load app.js",
    "start": 1535454121977,
    "end": 1535454122313,
    "duration": 336,
    "pid": 16836,
    "index": 45
  },
  {
    "name": "Require(37) node_modules/_egg-session@3.1.0@egg-session/app.js",
    "start": 1535454121978,
    "end": 1535454121978,
    "duration": 0,
    "pid": 16836,
    "index": 46
  },
  {
    "name": "Require(38) node_modules/_egg-security@2.2.3@egg-security/app.js",
    "start": 1535454121979,
    "end": 1535454121985,
    "duration": 6,
    "pid": 16836,
    "index": 47
  },
  {
    "name": "Require(39) node_modules/_egg-onerror@2.1.0@egg-onerror/app.js",
    "start": 1535454121986,
    "end": 1535454122006,
    "duration": 20,
    "pid": 16836,
    "index": 48
  },
  {
    "name": "Require(40) node_modules/_egg-i18n@2.0.0@egg-i18n/app.js",
    "start": 1535454122008,
    "end": 1535454122026,
    "duration": 18,
    "pid": 16836,
    "index": 49
  },
  {
    "name": "Require(41) node_modules/_egg-watcher@3.0.0@egg-watcher/app.js",
    "start": 1535454122030,
    "end": 1535454122038,
    "duration": 8,
    "pid": 16836,
    "index": 50
  },
  {
    "name": "Before Start in node_modules/_egg-watcher@3.0.0@egg-watcher/app.js:15:7",
    "start": 1535454122055,
    "end": 1535454122539,
    "duration": 484,
    "pid": 16836,
    "index": 51
  },
  {
    "name": "Require(42) node_modules/_egg-multipart@2.1.0@egg-multipart/app.js",
    "start": 1535454122058,
    "end": 1535454122064,
    "duration": 6,
    "pid": 16836,
    "index": 52
  },
  {
    "name": "Require(43) node_modules/_egg-development@2.4.1@egg-development/app.js",
    "start": 1535454122066,
    "end": 1535454122066,
    "duration": 0,
    "pid": 16836,
    "index": 53
  },
  {
    "name": "Require(44) node_modules/_egg-schedule@3.3.0@egg-schedule/app.js",
    "start": 1535454122068,
    "end": 1535454122072,
    "duration": 4,
    "pid": 16836,
    "index": 54
  },
  {
    "name": "Require(45) node_modules/_egg-logrotator@3.0.3@egg-logrotator/app.js",
    "start": 1535454122137,
    "end": 1535454122137,
    "duration": 0,
    "pid": 16836,
    "index": 55
  },
  {
    "name": "Require(46) node_modules/_egg-static@2.1.1@egg-static/app.js",
    "start": 1535454122138,
    "end": 1535454122138,
    "duration": 0,
    "pid": 16836,
    "index": 56
  },
  {
    "name": "Require(47) node_modules/_egg-view-ejs@2.0.0@egg-view-ejs/app.js",
    "start": 1535454122140,
    "end": 1535454122140,
    "duration": 0,
    "pid": 16836,
    "index": 57
  },
  {
    "name": "Require(48) node_modules/_egg-mysql@3.0.0@egg-mysql/app.js",
    "start": 1535454122148,
    "end": 1535454122179,
    "duration": 31,
    "pid": 16836,
    "index": 58
  },
  {
    "name": "Before Start in node_modules/_egg-mysql@3.0.0@egg-mysql/lib/mysql.js:20:7",
    "start": 1535454122311,
    "end": 1535454122544,
    "duration": 233,
    "pid": 16836,
    "index": 59
  },
  {
    "name": "Load Service",
    "start": 1535454122313,
    "end": 1535454122320,
    "duration": 7,
    "pid": 16836,
    "index": 60
  },
  {
    "name": "Load \"service\" to Context",
    "start": 1535454122313,
    "end": 1535454122320,
    "duration": 7,
    "pid": 16836,
    "index": 61
  },
  {
    "name": "Load Middleware",
    "start": 1535454122320,
    "end": 1535454122473,
    "duration": 153,
    "pid": 16836,
    "index": 62
  },
  {
    "name": "Load \"middlewares\" to Application",
    "start": 1535454122320,
    "end": 1535454122455,
    "duration": 135,
    "pid": 16836,
    "index": 63
  },
  {
    "name": "Load Controller",
    "start": 1535454122474,
    "end": 1535454122477,
    "duration": 3,
    "pid": 16836,
    "index": 64
  },
  {
    "name": "Load \"controller\" to Application",
    "start": 1535454122474,
    "end": 1535454122477,
    "duration": 3,
    "pid": 16836,
    "index": 65
  },
  {
    "name": "Load Router",
    "start": 1535454122477,
    "end": 1535454122480,
    "duration": 3,
    "pid": 16836,
    "index": 66
  },
  {
    "name": "Require(49) app/router.js",
    "start": 1535454122478,
    "end": 1535454122478,
    "duration": 0,
    "pid": 16836,
    "index": 67
  },
  {
    "name": "Before Start in node_modules/_egg-core@4.9.1@egg-core/lib/egg.js:328:10",
    "start": 1535454122479,
    "end": 1535454122514,
    "duration": 35,
    "pid": 16836,
    "index": 68
  }
]