[
  {
    "name": "Application Start",
    "start": 1535468358560,
    "end": 1535468359527,
    "duration": 967,
    "pid": 16348,
    "index": 0
  },
  {
    "name": "Load Plugin",
    "start": 1535468358568,
    "end": 1535468358603,
    "duration": 35,
    "pid": 16348,
    "index": 1
  },
  {
    "name": "Load Config",
    "start": 1535468358603,
    "end": 1535468358640,
    "duration": 37,
    "pid": 16348,
    "index": 2
  },
  {
    "name": "Require(0) config/config.default.js",
    "start": 1535468358605,
    "end": 1535468358605,
    "duration": 0,
    "pid": 16348,
    "index": 3
  },
  {
    "name": "Require(1) node_modules/_egg-session@3.1.0@egg-session/config/config.default.js",
    "start": 1535468358607,
    "end": 1535468358607,
    "duration": 0,
    "pid": 16348,
    "index": 4
  },
  {
    "name": "Require(2) node_modules/_egg-security@2.2.3@egg-security/config/config.default.js",
    "start": 1535468358608,
    "end": 1535468358609,
    "duration": 1,
    "pid": 16348,
    "index": 5
  },
  {
    "name": "Require(3) node_modules/_egg-jsonp@2.0.0@egg-jsonp/config/config.default.js",
    "start": 1535468358610,
    "end": 1535468358612,
    "duration": 2,
    "pid": 16348,
    "index": 6
  },
  {
    "name": "Require(4) node_modules/_egg-onerror@2.1.0@egg-onerror/config/config.default.js",
    "start": 1535468358613,
    "end": 1535468358613,
    "duration": 0,
    "pid": 16348,
    "index": 7
  },
  {
    "name": "Require(5) node_modules/_egg-i18n@2.0.0@egg-i18n/config/config.default.js",
    "start": 1535468358614,
    "end": 1535468358614,
    "duration": 0,
    "pid": 16348,
    "index": 8
  },
  {
    "name": "Require(6) node_modules/_egg-watcher@3.0.0@egg-watcher/config/config.default.js",
    "start": 1535468358615,
    "end": 1535468358615,
    "duration": 0,
    "pid": 16348,
    "index": 9
  },
  {
    "name": "Require(7) node_modules/_egg-multipart@2.1.0@egg-multipart/config/config.default.js",
    "start": 1535468358616,
    "end": 1535468358617,
    "duration": 1,
    "pid": 16348,
    "index": 10
  },
  {
    "name": "Require(8) node_modules/_egg-development@2.4.1@egg-development/config/config.default.js",
    "start": 1535468358617,
    "end": 1535468358618,
    "duration": 1,
    "pid": 16348,
    "index": 11
  },
  {
    "name": "Require(9) node_modules/_egg-schedule@3.3.0@egg-schedule/config/config.default.js",
    "start": 1535468358618,
    "end": 1535468358619,
    "duration": 1,
    "pid": 16348,
    "index": 12
  },
  {
    "name": "Require(10) node_modules/_egg-logrotator@3.0.3@egg-logrotator/config/config.default.js",
    "start": 1535468358620,
    "end": 1535468358620,
    "duration": 0,
    "pid": 16348,
    "index": 13
  },
  {
    "name": "Require(11) node_modules/_egg-static@2.1.1@egg-static/config/config.default.js",
    "start": 1535468358622,
    "end": 1535468358622,
    "duration": 0,
    "pid": 16348,
    "index": 14
  },
  {
    "name": "Require(12) node_modules/_egg-view@2.1.0@egg-view/config/config.default.js",
    "start": 1535468358623,
    "end": 1535468358624,
    "duration": 1,
    "pid": 16348,
    "index": 15
  },
  {
    "name": "Require(13) node_modules/_egg-view-ejs@2.0.0@egg-view-ejs/config/config.default.js",
    "start": 1535468358624,
    "end": 1535468358625,
    "duration": 1,
    "pid": 16348,
    "index": 16
  },
  {
    "name": "Require(14) node_modules/_egg-mysql@3.0.0@egg-mysql/config/config.default.js",
    "start": 1535468358626,
    "end": 1535468358626,
    "duration": 0,
    "pid": 16348,
    "index": 17
  },
  {
    "name": "Require(15) node_modules/_egg@2.10.0@egg/config/config.default.js",
    "start": 1535468358627,
    "end": 1535468358628,
    "duration": 1,
    "pid": 16348,
    "index": 18
  },
  {
    "name": "Require(16) config/config.default.js",
    "start": 1535468358631,
    "end": 1535468358631,
    "duration": 0,
    "pid": 16348,
    "index": 19
  },
  {
    "name": "Require(17) node_modules/_egg-security@2.2.3@egg-security/config/config.local.js",
    "start": 1535468358632,
    "end": 1535468358632,
    "duration": 0,
    "pid": 16348,
    "index": 20
  },
  {
    "name": "Require(18) node_modules/_egg-watcher@3.0.0@egg-watcher/config/config.local.js",
    "start": 1535468358634,
    "end": 1535468358634,
    "duration": 0,
    "pid": 16348,
    "index": 21
  },
  {
    "name": "Require(19) node_modules/_egg-view@2.1.0@egg-view/config/config.local.js",
    "start": 1535468358637,
    "end": 1535468358637,
    "duration": 0,
    "pid": 16348,
    "index": 22
  },
  {
    "name": "Require(20) node_modules/_egg-view-ejs@2.0.0@egg-view-ejs/config/config.local.js",
    "start": 1535468358638,
    "end": 1535468358638,
    "duration": 0,
    "pid": 16348,
    "index": 23
  },
  {
    "name": "Require(21) node_modules/_egg@2.10.0@egg/config/config.local.js",
    "start": 1535468358639,
    "end": 1535468358639,
    "duration": 0,
    "pid": 16348,
    "index": 24
  },
  {
    "name": "Load extend/application.js",
    "start": 1535468358641,
    "end": 1535468358677,
    "duration": 36,
    "pid": 16348,
    "index": 25
  },
  {
    "name": "Require(22) node_modules/_egg-session@3.1.0@egg-session/app/extend/application.js",
    "start": 1535468358642,
    "end": 1535468358643,
    "duration": 1,
    "pid": 16348,
    "index": 26
  },
  {
    "name": "Require(23) node_modules/_egg-security@2.2.3@egg-security/app/extend/application.js",
    "start": 1535468358646,
    "end": 1535468358648,
    "duration": 2,
    "pid": 16348,
    "index": 27
  },
  {
    "name": "Require(24) node_modules/_egg-jsonp@2.0.0@egg-jsonp/app/extend/application.js",
    "start": 1535468358649,
    "end": 1535468358652,
    "duration": 3,
    "pid": 16348,
    "index": 28
  },
  {
    "name": "Require(25) node_modules/_egg-logrotator@3.0.3@egg-logrotator/app/extend/application.js",
    "start": 1535468358659,
    "end": 1535468358668,
    "duration": 9,
    "pid": 16348,
    "index": 29
  },
  {
    "name": "Require(26) node_modules/_egg-view@2.1.0@egg-view/app/extend/application.js",
    "start": 1535468358669,
    "end": 1535468358672,
    "duration": 3,
    "pid": 16348,
    "index": 30
  },
  {
    "name": "Load extend/request.js",
    "start": 1535468358677,
    "end": 1535468358689,
    "duration": 12,
    "pid": 16348,
    "index": 31
  },
  {
    "name": "Require(27) node_modules/_egg@2.10.0@egg/app/extend/request.js",
    "start": 1535468358681,
    "end": 1535468358684,
    "duration": 3,
    "pid": 16348,
    "index": 32
  },
  {
    "name": "Load extend/response.js",
    "start": 1535468358689,
    "end": 1535468358704,
    "duration": 15,
    "pid": 16348,
    "index": 33
  },
  {
    "name": "Require(28) node_modules/_egg@2.10.0@egg/app/extend/response.js",
    "start": 1535468358693,
    "end": 1535468358697,
    "duration": 4,
    "pid": 16348,
    "index": 34
  },
  {
    "name": "Load extend/context.js",
    "start": 1535468358704,
    "end": 1535468358797,
    "duration": 93,
    "pid": 16348,
    "index": 35
  },
  {
    "name": "Require(29) node_modules/_egg-security@2.2.3@egg-security/app/extend/context.js",
    "start": 1535468358705,
    "end": 1535468358724,
    "duration": 19,
    "pid": 16348,
    "index": 36
  },
  {
    "name": "Require(30) node_modules/_egg-jsonp@2.0.0@egg-jsonp/app/extend/context.js",
    "start": 1535468358724,
    "end": 1535468358726,
    "duration": 2,
    "pid": 16348,
    "index": 37
  },
  {
    "name": "Require(31) node_modules/_egg-i18n@2.0.0@egg-i18n/app/extend/context.js",
    "start": 1535468358727,
    "end": 1535468358728,
    "duration": 1,
    "pid": 16348,
    "index": 38
  },
  {
    "name": "Require(32) node_modules/_egg-multipart@2.1.0@egg-multipart/app/extend/context.js",
    "start": 1535468358728,
    "end": 1535468358785,
    "duration": 57,
    "pid": 16348,
    "index": 39
  },
  {
    "name": "Require(33) node_modules/_egg-view@2.1.0@egg-view/app/extend/context.js",
    "start": 1535468358786,
    "end": 1535468358788,
    "duration": 2,
    "pid": 16348,
    "index": 40
  },
  {
    "name": "Require(34) node_modules/_egg@2.10.0@egg/app/extend/context.js",
    "start": 1535468358789,
    "end": 1535468358791,
    "duration": 2,
    "pid": 16348,
    "index": 41
  },
  {
    "name": "Load extend/helper.js",
    "start": 1535468358798,
    "end": 1535468358840,
    "duration": 42,
    "pid": 16348,
    "index": 42
  },
  {
    "name": "Require(35) node_modules/_egg-security@2.2.3@egg-security/app/extend/helper.js",
    "start": 1535468358798,
    "end": 1535468358828,
    "duration": 30,
    "pid": 16348,
    "index": 43
  },
  {
    "name": "Require(36) node_modules/_egg@2.10.0@egg/app/extend/helper.js",
    "start": 1535468358835,
    "end": 1535468358835,
    "duration": 0,
    "pid": 16348,
    "index": 44
  },
  {
    "name": "Load app.js",
    "start": 1535468358840,
    "end": 1535468359214,
    "duration": 374,
    "pid": 16348,
    "index": 45
  },
  {
    "name": "Require(37) node_modules/_egg-session@3.1.0@egg-session/app.js",
    "start": 1535468358841,
    "end": 1535468358841,
    "duration": 0,
    "pid": 16348,
    "index": 46
  },
  {
    "name": "Require(38) node_modules/_egg-security@2.2.3@egg-security/app.js",
    "start": 1535468358842,
    "end": 1535468358846,
    "duration": 4,
    "pid": 16348,
    "index": 47
  },
  {
    "name": "Require(39) node_modules/_egg-onerror@2.1.0@egg-onerror/app.js",
    "start": 1535468358849,
    "end": 1535468358878,
    "duration": 29,
    "pid": 16348,
    "index": 48
  },
  {
    "name": "Require(40) node_modules/_egg-i18n@2.0.0@egg-i18n/app.js",
    "start": 1535468358880,
    "end": 1535468358911,
    "duration": 31,
    "pid": 16348,
    "index": 49
  },
  {
    "name": "Require(41) node_modules/_egg-watcher@3.0.0@egg-watcher/app.js",
    "start": 1535468358920,
    "end": 1535468358927,
    "duration": 7,
    "pid": 16348,
    "index": 50
  },
  {
    "name": "Before Start in node_modules/_egg-watcher@3.0.0@egg-watcher/app.js:15:7",
    "start": 1535468358940,
    "end": 1535468359518,
    "duration": 578,
    "pid": 16348,
    "index": 51
  },
  {
    "name": "Require(42) node_modules/_egg-multipart@2.1.0@egg-multipart/app.js",
    "start": 1535468358942,
    "end": 1535468358949,
    "duration": 7,
    "pid": 16348,
    "index": 52
  },
  {
    "name": "Require(43) node_modules/_egg-development@2.4.1@egg-development/app.js",
    "start": 1535468358950,
    "end": 1535468358951,
    "duration": 1,
    "pid": 16348,
    "index": 53
  },
  {
    "name": "Require(44) node_modules/_egg-schedule@3.3.0@egg-schedule/app.js",
    "start": 1535468358952,
    "end": 1535468358955,
    "duration": 3,
    "pid": 16348,
    "index": 54
  },
  {
    "name": "Require(45) node_modules/_egg-logrotator@3.0.3@egg-logrotator/app.js",
    "start": 1535468359020,
    "end": 1535468359020,
    "duration": 0,
    "pid": 16348,
    "index": 55
  },
  {
    "name": "Require(46) node_modules/_egg-static@2.1.1@egg-static/app.js",
    "start": 1535468359021,
    "end": 1535468359021,
    "duration": 0,
    "pid": 16348,
    "index": 56
  },
  {
    "name": "Require(47) node_modules/_egg-view-ejs@2.0.0@egg-view-ejs/app.js",
    "start": 1535468359023,
    "end": 1535468359023,
    "duration": 0,
    "pid": 16348,
    "index": 57
  },
  {
    "name": "Require(48) node_modules/_egg-mysql@3.0.0@egg-mysql/app.js",
    "start": 1535468359032,
    "end": 1535468359061,
    "duration": 29,
    "pid": 16348,
    "index": 58
  },
  {
    "name": "Before Start in node_modules/_egg-mysql@3.0.0@egg-mysql/lib/mysql.js:20:7",
    "start": 1535468359211,
    "end": 1535468359527,
    "duration": 316,
    "pid": 16348,
    "index": 59
  },
  {
    "name": "Load Service",
    "start": 1535468359215,
    "end": 1535468359225,
    "duration": 10,
    "pid": 16348,
    "index": 60
  },
  {
    "name": "Load \"service\" to Context",
    "start": 1535468359215,
    "end": 1535468359225,
    "duration": 10,
    "pid": 16348,
    "index": 61
  },
  {
    "name": "Load Middleware",
    "start": 1535468359225,
    "end": 1535468359460,
    "duration": 235,
    "pid": 16348,
    "index": 62
  },
  {
    "name": "Load \"middlewares\" to Application",
    "start": 1535468359225,
    "end": 1535468359427,
    "duration": 202,
    "pid": 16348,
    "index": 63
  },
  {
    "name": "Load Controller",
    "start": 1535468359460,
    "end": 1535468359467,
    "duration": 7,
    "pid": 16348,
    "index": 64
  },
  {
    "name": "Load \"controller\" to Application",
    "start": 1535468359460,
    "end": 1535468359467,
    "duration": 7,
    "pid": 16348,
    "index": 65
  },
  {
    "name": "Load Router",
    "start": 1535468359467,
    "end": 1535468359471,
    "duration": 4,
    "pid": 16348,
    "index": 66
  },
  {
    "name": "Require(49) app/router.js",
    "start": 1535468359468,
    "end": 1535468359469,
    "duration": 1,
    "pid": 16348,
    "index": 67
  },
  {
    "name": "Before Start in node_modules/_egg-core@4.9.1@egg-core/lib/egg.js:328:10",
    "start": 1535468359469,
    "end": 1535468359494,
    "duration": 25,
    "pid": 16348,
    "index": 68
  }
]