[
  {
    "name": "Application Start",
    "start": 1535468231466,
    "end": 1535468232212,
    "duration": 746,
    "pid": 3980,
    "index": 0
  },
  {
    "name": "Load Plugin",
    "start": 1535468231474,
    "end": 1535468231518,
    "duration": 44,
    "pid": 3980,
    "index": 1
  },
  {
    "name": "Load Config",
    "start": 1535468231518,
    "end": 1535468231553,
    "duration": 35,
    "pid": 3980,
    "index": 2
  },
  {
    "name": "Require(0) config/config.default.js",
    "start": 1535468231519,
    "end": 1535468231520,
    "duration": 1,
    "pid": 3980,
    "index": 3
  },
  {
    "name": "Require(1) node_modules/_egg-session@3.1.0@egg-session/config/config.default.js",
    "start": 1535468231521,
    "end": 1535468231522,
    "duration": 1,
    "pid": 3980,
    "index": 4
  },
  {
    "name": "Require(2) node_modules/_egg-security@2.2.3@egg-security/config/config.default.js",
    "start": 1535468231522,
    "end": 1535468231523,
    "duration": 1,
    "pid": 3980,
    "index": 5
  },
  {
    "name": "Require(3) node_modules/_egg-jsonp@2.0.0@egg-jsonp/config/config.default.js",
    "start": 1535468231524,
    "end": 1535468231524,
    "duration": 0,
    "pid": 3980,
    "index": 6
  },
  {
    "name": "Require(4) node_modules/_egg-onerror@2.1.0@egg-onerror/config/config.default.js",
    "start": 1535468231525,
    "end": 1535468231525,
    "duration": 0,
    "pid": 3980,
    "index": 7
  },
  {
    "name": "Require(5) node_modules/_egg-i18n@2.0.0@egg-i18n/config/config.default.js",
    "start": 1535468231526,
    "end": 1535468231526,
    "duration": 0,
    "pid": 3980,
    "index": 8
  },
  {
    "name": "Require(6) node_modules/_egg-watcher@3.0.0@egg-watcher/config/config.default.js",
    "start": 1535468231527,
    "end": 1535468231528,
    "duration": 1,
    "pid": 3980,
    "index": 9
  },
  {
    "name": "Require(7) node_modules/_egg-multipart@2.1.0@egg-multipart/config/config.default.js",
    "start": 1535468231529,
    "end": 1535468231530,
    "duration": 1,
    "pid": 3980,
    "index": 10
  },
  {
    "name": "Require(8) node_modules/_egg-development@2.4.1@egg-development/config/config.default.js",
    "start": 1535468231531,
    "end": 1535468231531,
    "duration": 0,
    "pid": 3980,
    "index": 11
  },
  {
    "name": "Require(9) node_modules/_egg-schedule@3.3.0@egg-schedule/config/config.default.js",
    "start": 1535468231532,
    "end": 1535468231533,
    "duration": 1,
    "pid": 3980,
    "index": 12
  },
  {
    "name": "Require(10) node_modules/_egg-logrotator@3.0.3@egg-logrotator/config/config.default.js",
    "start": 1535468231535,
    "end": 1535468231536,
    "duration": 1,
    "pid": 3980,
    "index": 13
  },
  {
    "name": "Require(11) node_modules/_egg-static@2.1.1@egg-static/config/config.default.js",
    "start": 1535468231537,
    "end": 1535468231537,
    "duration": 0,
    "pid": 3980,
    "index": 14
  },
  {
    "name": "Require(12) node_modules/_egg-view@2.1.0@egg-view/config/config.default.js",
    "start": 1535468231538,
    "end": 1535468231539,
    "duration": 1,
    "pid": 3980,
    "index": 15
  },
  {
    "name": "Require(13) node_modules/_egg-view-ejs@2.0.0@egg-view-ejs/config/config.default.js",
    "start": 1535468231539,
    "end": 1535468231540,
    "duration": 1,
    "pid": 3980,
    "index": 16
  },
  {
    "name": "Require(14) node_modules/_egg-mysql@3.0.0@egg-mysql/config/config.default.js",
    "start": 1535468231541,
    "end": 1535468231542,
    "duration": 1,
    "pid": 3980,
    "index": 17
  },
  {
    "name": "Require(15) node_modules/_egg@2.10.0@egg/config/config.default.js",
    "start": 1535468231542,
    "end": 1535468231543,
    "duration": 1,
    "pid": 3980,
    "index": 18
  },
  {
    "name": "Require(16) config/config.default.js",
    "start": 1535468231546,
    "end": 1535468231546,
    "duration": 0,
    "pid": 3980,
    "index": 19
  },
  {
    "name": "Require(17) node_modules/_egg-security@2.2.3@egg-security/config/config.local.js",
    "start": 1535468231546,
    "end": 1535468231547,
    "duration": 1,
    "pid": 3980,
    "index": 20
  },
  {
    "name": "Require(18) node_modules/_egg-watcher@3.0.0@egg-watcher/config/config.local.js",
    "start": 1535468231548,
    "end": 1535468231548,
    "duration": 0,
    "pid": 3980,
    "index": 21
  },
  {
    "name": "Require(19) node_modules/_egg-view@2.1.0@egg-view/config/config.local.js",
    "start": 1535468231550,
    "end": 1535468231551,
    "duration": 1,
    "pid": 3980,
    "index": 22
  },
  {
    "name": "Require(20) node_modules/_egg-view-ejs@2.0.0@egg-view-ejs/config/config.local.js",
    "start": 1535468231551,
    "end": 1535468231551,
    "duration": 0,
    "pid": 3980,
    "index": 23
  },
  {
    "name": "Require(21) node_modules/_egg@2.10.0@egg/config/config.local.js",
    "start": 1535468231552,
    "end": 1535468231552,
    "duration": 0,
    "pid": 3980,
    "index": 24
  },
  {
    "name": "Load extend/application.js",
    "start": 1535468231554,
    "end": 1535468231577,
    "duration": 23,
    "pid": 3980,
    "index": 25
  },
  {
    "name": "Require(22) node_modules/_egg-session@3.1.0@egg-session/app/extend/application.js",
    "start": 1535468231555,
    "end": 1535468231555,
    "duration": 0,
    "pid": 3980,
    "index": 26
  },
  {
    "name": "Require(23) node_modules/_egg-security@2.2.3@egg-security/app/extend/application.js",
    "start": 1535468231556,
    "end": 1535468231557,
    "duration": 1,
    "pid": 3980,
    "index": 27
  },
  {
    "name": "Require(24) node_modules/_egg-jsonp@2.0.0@egg-jsonp/app/extend/application.js",
    "start": 1535468231558,
    "end": 1535468231562,
    "duration": 4,
    "pid": 3980,
    "index": 28
  },
  {
    "name": "Require(25) node_modules/_egg-logrotator@3.0.3@egg-logrotator/app/extend/application.js",
    "start": 1535468231564,
    "end": 1535468231568,
    "duration": 4,
    "pid": 3980,
    "index": 29
  },
  {
    "name": "Require(26) node_modules/_egg-view@2.1.0@egg-view/app/extend/application.js",
    "start": 1535468231569,
    "end": 1535468231572,
    "duration": 3,
    "pid": 3980,
    "index": 30
  },
  {
    "name": "Load extend/request.js",
    "start": 1535468231577,
    "end": 1535468231588,
    "duration": 11,
    "pid": 3980,
    "index": 31
  },
  {
    "name": "Require(27) node_modules/_egg@2.10.0@egg/app/extend/request.js",
    "start": 1535468231581,
    "end": 1535468231584,
    "duration": 3,
    "pid": 3980,
    "index": 32
  },
  {
    "name": "Load extend/response.js",
    "start": 1535468231588,
    "end": 1535468231601,
    "duration": 13,
    "pid": 3980,
    "index": 33
  },
  {
    "name": "Require(28) node_modules/_egg@2.10.0@egg/app/extend/response.js",
    "start": 1535468231593,
    "end": 1535468231597,
    "duration": 4,
    "pid": 3980,
    "index": 34
  },
  {
    "name": "Load extend/context.js",
    "start": 1535468231601,
    "end": 1535468231696,
    "duration": 95,
    "pid": 3980,
    "index": 35
  },
  {
    "name": "Require(29) node_modules/_egg-security@2.2.3@egg-security/app/extend/context.js",
    "start": 1535468231602,
    "end": 1535468231620,
    "duration": 18,
    "pid": 3980,
    "index": 36
  },
  {
    "name": "Require(30) node_modules/_egg-jsonp@2.0.0@egg-jsonp/app/extend/context.js",
    "start": 1535468231620,
    "end": 1535468231623,
    "duration": 3,
    "pid": 3980,
    "index": 37
  },
  {
    "name": "Require(31) node_modules/_egg-i18n@2.0.0@egg-i18n/app/extend/context.js",
    "start": 1535468231624,
    "end": 1535468231624,
    "duration": 0,
    "pid": 3980,
    "index": 38
  },
  {
    "name": "Require(32) node_modules/_egg-multipart@2.1.0@egg-multipart/app/extend/context.js",
    "start": 1535468231625,
    "end": 1535468231684,
    "duration": 59,
    "pid": 3980,
    "index": 39
  },
  {
    "name": "Require(33) node_modules/_egg-view@2.1.0@egg-view/app/extend/context.js",
    "start": 1535468231686,
    "end": 1535468231687,
    "duration": 1,
    "pid": 3980,
    "index": 40
  },
  {
    "name": "Require(34) node_modules/_egg@2.10.0@egg/app/extend/context.js",
    "start": 1535468231688,
    "end": 1535468231691,
    "duration": 3,
    "pid": 3980,
    "index": 41
  },
  {
    "name": "Load extend/helper.js",
    "start": 1535468231696,
    "end": 1535468231731,
    "duration": 35,
    "pid": 3980,
    "index": 42
  },
  {
    "name": "Require(35) node_modules/_egg-security@2.2.3@egg-security/app/extend/helper.js",
    "start": 1535468231697,
    "end": 1535468231723,
    "duration": 26,
    "pid": 3980,
    "index": 43
  },
  {
    "name": "Require(36) node_modules/_egg@2.10.0@egg/app/extend/helper.js",
    "start": 1535468231727,
    "end": 1535468231727,
    "duration": 0,
    "pid": 3980,
    "index": 44
  },
  {
    "name": "Load app.js",
    "start": 1535468231731,
    "end": 1535468232013,
    "duration": 282,
    "pid": 3980,
    "index": 45
  },
  {
    "name": "Require(37) node_modules/_egg-session@3.1.0@egg-session/app.js",
    "start": 1535468231732,
    "end": 1535468231732,
    "duration": 0,
    "pid": 3980,
    "index": 46
  },
  {
    "name": "Require(38) node_modules/_egg-security@2.2.3@egg-security/app.js",
    "start": 1535468231733,
    "end": 1535468231736,
    "duration": 3,
    "pid": 3980,
    "index": 47
  },
  {
    "name": "Require(39) node_modules/_egg-onerror@2.1.0@egg-onerror/app.js",
    "start": 1535468231738,
    "end": 1535468231752,
    "duration": 14,
    "pid": 3980,
    "index": 48
  },
  {
    "name": "Require(40) node_modules/_egg-i18n@2.0.0@egg-i18n/app.js",
    "start": 1535468231754,
    "end": 1535468231768,
    "duration": 14,
    "pid": 3980,
    "index": 49
  },
  {
    "name": "Require(41) node_modules/_egg-watcher@3.0.0@egg-watcher/app.js",
    "start": 1535468231772,
    "end": 1535468231778,
    "duration": 6,
    "pid": 3980,
    "index": 50
  },
  {
    "name": "Before Start in node_modules/_egg-watcher@3.0.0@egg-watcher/app.js:15:7",
    "start": 1535468231789,
    "end": 1535468232208,
    "duration": 419,
    "pid": 3980,
    "index": 51
  },
  {
    "name": "Require(42) node_modules/_egg-multipart@2.1.0@egg-multipart/app.js",
    "start": 1535468231791,
    "end": 1535468231797,
    "duration": 6,
    "pid": 3980,
    "index": 52
  },
  {
    "name": "Require(43) node_modules/_egg-development@2.4.1@egg-development/app.js",
    "start": 1535468231799,
    "end": 1535468231799,
    "duration": 0,
    "pid": 3980,
    "index": 53
  },
  {
    "name": "Require(44) node_modules/_egg-schedule@3.3.0@egg-schedule/app.js",
    "start": 1535468231800,
    "end": 1535468231802,
    "duration": 2,
    "pid": 3980,
    "index": 54
  },
  {
    "name": "Require(45) node_modules/_egg-logrotator@3.0.3@egg-logrotator/app.js",
    "start": 1535468231852,
    "end": 1535468231852,
    "duration": 0,
    "pid": 3980,
    "index": 55
  },
  {
    "name": "Require(46) node_modules/_egg-static@2.1.1@egg-static/app.js",
    "start": 1535468231853,
    "end": 1535468231853,
    "duration": 0,
    "pid": 3980,
    "index": 56
  },
  {
    "name": "Require(47) node_modules/_egg-view-ejs@2.0.0@egg-view-ejs/app.js",
    "start": 1535468231855,
    "end": 1535468231855,
    "duration": 0,
    "pid": 3980,
    "index": 57
  },
  {
    "name": "Require(48) node_modules/_egg-mysql@3.0.0@egg-mysql/app.js",
    "start": 1535468231862,
    "end": 1535468231887,
    "duration": 25,
    "pid": 3980,
    "index": 58
  },
  {
    "name": "Before Start in node_modules/_egg-mysql@3.0.0@egg-mysql/lib/mysql.js:20:7",
    "start": 1535468232011,
    "end": 1535468232212,
    "duration": 201,
    "pid": 3980,
    "index": 59
  },
  {
    "name": "Load Service",
    "start": 1535468232014,
    "end": 1535468232023,
    "duration": 9,
    "pid": 3980,
    "index": 60
  },
  {
    "name": "Load \"service\" to Context",
    "start": 1535468232014,
    "end": 1535468232023,
    "duration": 9,
    "pid": 3980,
    "index": 61
  },
  {
    "name": "Load Middleware",
    "start": 1535468232024,
    "end": 1535468232163,
    "duration": 139,
    "pid": 3980,
    "index": 62
  },
  {
    "name": "Load \"middlewares\" to Application",
    "start": 1535468232024,
    "end": 1535468232146,
    "duration": 122,
    "pid": 3980,
    "index": 63
  },
  {
    "name": "Load Controller",
    "start": 1535468232163,
    "end": 1535468232167,
    "duration": 4,
    "pid": 3980,
    "index": 64
  },
  {
    "name": "Load \"controller\" to Application",
    "start": 1535468232163,
    "end": 1535468232167,
    "duration": 4,
    "pid": 3980,
    "index": 65
  },
  {
    "name": "Load Router",
    "start": 1535468232167,
    "end": 1535468232171,
    "duration": 4,
    "pid": 3980,
    "index": 66
  },
  {
    "name": "Require(49) app/router.js",
    "start": 1535468232168,
    "end": 1535468232168,
    "duration": 0,
    "pid": 3980,
    "index": 67
  },
  {
    "name": "Before Start in node_modules/_egg-core@4.9.1@egg-core/lib/egg.js:328:10",
    "start": 1535468232169,
    "end": 1535468232190,
    "duration": 21,
    "pid": 3980,
    "index": 68
  }
]