[
  {
    "name": "Application Start",
    "start": 1535451930499,
    "end": 1535451931211,
    "duration": 712,
    "pid": 4300,
    "index": 0
  },
  {
    "name": "Load Plugin",
    "start": 1535451930506,
    "end": 1535451930550,
    "duration": 44,
    "pid": 4300,
    "index": 1
  },
  {
    "name": "Load Config",
    "start": 1535451930550,
    "end": 1535451930587,
    "duration": 37,
    "pid": 4300,
    "index": 2
  },
  {
    "name": "Require(0) config/config.default.js",
    "start": 1535451930551,
    "end": 1535451930552,
    "duration": 1,
    "pid": 4300,
    "index": 3
  },
  {
    "name": "Require(1) node_modules/_egg-session@3.1.0@egg-session/config/config.default.js",
    "start": 1535451930554,
    "end": 1535451930555,
    "duration": 1,
    "pid": 4300,
    "index": 4
  },
  {
    "name": "Require(2) node_modules/_egg-security@2.2.3@egg-security/config/config.default.js",
    "start": 1535451930556,
    "end": 1535451930556,
    "duration": 0,
    "pid": 4300,
    "index": 5
  },
  {
    "name": "Require(3) node_modules/_egg-jsonp@2.0.0@egg-jsonp/config/config.default.js",
    "start": 1535451930557,
    "end": 1535451930558,
    "duration": 1,
    "pid": 4300,
    "index": 6
  },
  {
    "name": "Require(4) node_modules/_egg-onerror@2.1.0@egg-onerror/config/config.default.js",
    "start": 1535451930558,
    "end": 1535451930559,
    "duration": 1,
    "pid": 4300,
    "index": 7
  },
  {
    "name": "Require(5) node_modules/_egg-i18n@2.0.0@egg-i18n/config/config.default.js",
    "start": 1535451930559,
    "end": 1535451930560,
    "duration": 1,
    "pid": 4300,
    "index": 8
  },
  {
    "name": "Require(6) node_modules/_egg-watcher@3.0.0@egg-watcher/config/config.default.js",
    "start": 1535451930561,
    "end": 1535451930561,
    "duration": 0,
    "pid": 4300,
    "index": 9
  },
  {
    "name": "Require(7) node_modules/_egg-multipart@2.1.0@egg-multipart/config/config.default.js",
    "start": 1535451930562,
    "end": 1535451930563,
    "duration": 1,
    "pid": 4300,
    "index": 10
  },
  {
    "name": "Require(8) node_modules/_egg-development@2.4.1@egg-development/config/config.default.js",
    "start": 1535451930564,
    "end": 1535451930564,
    "duration": 0,
    "pid": 4300,
    "index": 11
  },
  {
    "name": "Require(9) node_modules/_egg-schedule@3.3.0@egg-schedule/config/config.default.js",
    "start": 1535451930565,
    "end": 1535451930565,
    "duration": 0,
    "pid": 4300,
    "index": 12
  },
  {
    "name": "Require(10) node_modules/_egg-logrotator@3.0.3@egg-logrotator/config/config.default.js",
    "start": 1535451930566,
    "end": 1535451930567,
    "duration": 1,
    "pid": 4300,
    "index": 13
  },
  {
    "name": "Require(11) node_modules/_egg-static@2.1.1@egg-static/config/config.default.js",
    "start": 1535451930567,
    "end": 1535451930568,
    "duration": 1,
    "pid": 4300,
    "index": 14
  },
  {
    "name": "Require(12) node_modules/_egg-view@2.1.0@egg-view/config/config.default.js",
    "start": 1535451930569,
    "end": 1535451930573,
    "duration": 4,
    "pid": 4300,
    "index": 15
  },
  {
    "name": "Require(13) node_modules/_egg-view-ejs@2.0.0@egg-view-ejs/config/config.default.js",
    "start": 1535451930574,
    "end": 1535451930575,
    "duration": 1,
    "pid": 4300,
    "index": 16
  },
  {
    "name": "Require(14) node_modules/_egg-mysql@3.0.0@egg-mysql/config/config.default.js",
    "start": 1535451930576,
    "end": 1535451930577,
    "duration": 1,
    "pid": 4300,
    "index": 17
  },
  {
    "name": "Require(15) node_modules/_egg@2.10.0@egg/config/config.default.js",
    "start": 1535451930577,
    "end": 1535451930578,
    "duration": 1,
    "pid": 4300,
    "index": 18
  },
  {
    "name": "Require(16) config/config.default.js",
    "start": 1535451930580,
    "end": 1535451930580,
    "duration": 0,
    "pid": 4300,
    "index": 19
  },
  {
    "name": "Require(17) node_modules/_egg-security@2.2.3@egg-security/config/config.local.js",
    "start": 1535451930581,
    "end": 1535451930581,
    "duration": 0,
    "pid": 4300,
    "index": 20
  },
  {
    "name": "Require(18) node_modules/_egg-watcher@3.0.0@egg-watcher/config/config.local.js",
    "start": 1535451930583,
    "end": 1535451930583,
    "duration": 0,
    "pid": 4300,
    "index": 21
  },
  {
    "name": "Require(19) node_modules/_egg-view@2.1.0@egg-view/config/config.local.js",
    "start": 1535451930585,
    "end": 1535451930585,
    "duration": 0,
    "pid": 4300,
    "index": 22
  },
  {
    "name": "Require(20) node_modules/_egg-view-ejs@2.0.0@egg-view-ejs/config/config.local.js",
    "start": 1535451930586,
    "end": 1535451930586,
    "duration": 0,
    "pid": 4300,
    "index": 23
  },
  {
    "name": "Require(21) node_modules/_egg@2.10.0@egg/config/config.local.js",
    "start": 1535451930587,
    "end": 1535451930587,
    "duration": 0,
    "pid": 4300,
    "index": 24
  },
  {
    "name": "Load extend/application.js",
    "start": 1535451930589,
    "end": 1535451930610,
    "duration": 21,
    "pid": 4300,
    "index": 25
  },
  {
    "name": "Require(22) node_modules/_egg-session@3.1.0@egg-session/app/extend/application.js",
    "start": 1535451930590,
    "end": 1535451930590,
    "duration": 0,
    "pid": 4300,
    "index": 26
  },
  {
    "name": "Require(23) node_modules/_egg-security@2.2.3@egg-security/app/extend/application.js",
    "start": 1535451930591,
    "end": 1535451930592,
    "duration": 1,
    "pid": 4300,
    "index": 27
  },
  {
    "name": "Require(24) node_modules/_egg-jsonp@2.0.0@egg-jsonp/app/extend/application.js",
    "start": 1535451930592,
    "end": 1535451930596,
    "duration": 4,
    "pid": 4300,
    "index": 28
  },
  {
    "name": "Require(25) node_modules/_egg-logrotator@3.0.3@egg-logrotator/app/extend/application.js",
    "start": 1535451930598,
    "end": 1535451930602,
    "duration": 4,
    "pid": 4300,
    "index": 29
  },
  {
    "name": "Require(26) node_modules/_egg-view@2.1.0@egg-view/app/extend/application.js",
    "start": 1535451930603,
    "end": 1535451930606,
    "duration": 3,
    "pid": 4300,
    "index": 30
  },
  {
    "name": "Load extend/request.js",
    "start": 1535451930611,
    "end": 1535451930622,
    "duration": 11,
    "pid": 4300,
    "index": 31
  },
  {
    "name": "Require(27) node_modules/_egg@2.10.0@egg/app/extend/request.js",
    "start": 1535451930615,
    "end": 1535451930618,
    "duration": 3,
    "pid": 4300,
    "index": 32
  },
  {
    "name": "Load extend/response.js",
    "start": 1535451930623,
    "end": 1535451930633,
    "duration": 10,
    "pid": 4300,
    "index": 33
  },
  {
    "name": "Require(28) node_modules/_egg@2.10.0@egg/app/extend/response.js",
    "start": 1535451930626,
    "end": 1535451930629,
    "duration": 3,
    "pid": 4300,
    "index": 34
  },
  {
    "name": "Load extend/context.js",
    "start": 1535451930634,
    "end": 1535451930722,
    "duration": 88,
    "pid": 4300,
    "index": 35
  },
  {
    "name": "Require(29) node_modules/_egg-security@2.2.3@egg-security/app/extend/context.js",
    "start": 1535451930634,
    "end": 1535451930652,
    "duration": 18,
    "pid": 4300,
    "index": 36
  },
  {
    "name": "Require(30) node_modules/_egg-jsonp@2.0.0@egg-jsonp/app/extend/context.js",
    "start": 1535451930653,
    "end": 1535451930655,
    "duration": 2,
    "pid": 4300,
    "index": 37
  },
  {
    "name": "Require(31) node_modules/_egg-i18n@2.0.0@egg-i18n/app/extend/context.js",
    "start": 1535451930656,
    "end": 1535451930656,
    "duration": 0,
    "pid": 4300,
    "index": 38
  },
  {
    "name": "Require(32) node_modules/_egg-multipart@2.1.0@egg-multipart/app/extend/context.js",
    "start": 1535451930657,
    "end": 1535451930711,
    "duration": 54,
    "pid": 4300,
    "index": 39
  },
  {
    "name": "Require(33) node_modules/_egg-view@2.1.0@egg-view/app/extend/context.js",
    "start": 1535451930713,
    "end": 1535451930714,
    "duration": 1,
    "pid": 4300,
    "index": 40
  },
  {
    "name": "Require(34) node_modules/_egg@2.10.0@egg/app/extend/context.js",
    "start": 1535451930715,
    "end": 1535451930717,
    "duration": 2,
    "pid": 4300,
    "index": 41
  },
  {
    "name": "Load extend/helper.js",
    "start": 1535451930722,
    "end": 1535451930756,
    "duration": 34,
    "pid": 4300,
    "index": 42
  },
  {
    "name": "Require(35) node_modules/_egg-security@2.2.3@egg-security/app/extend/helper.js",
    "start": 1535451930723,
    "end": 1535451930749,
    "duration": 26,
    "pid": 4300,
    "index": 43
  },
  {
    "name": "Require(36) node_modules/_egg@2.10.0@egg/app/extend/helper.js",
    "start": 1535451930752,
    "end": 1535451930752,
    "duration": 0,
    "pid": 4300,
    "index": 44
  },
  {
    "name": "Load app.js",
    "start": 1535451930756,
    "end": 1535451931022,
    "duration": 266,
    "pid": 4300,
    "index": 45
  },
  {
    "name": "Require(37) node_modules/_egg-session@3.1.0@egg-session/app.js",
    "start": 1535451930757,
    "end": 1535451930758,
    "duration": 1,
    "pid": 4300,
    "index": 46
  },
  {
    "name": "Require(38) node_modules/_egg-security@2.2.3@egg-security/app.js",
    "start": 1535451930758,
    "end": 1535451930763,
    "duration": 5,
    "pid": 4300,
    "index": 47
  },
  {
    "name": "Require(39) node_modules/_egg-onerror@2.1.0@egg-onerror/app.js",
    "start": 1535451930765,
    "end": 1535451930778,
    "duration": 13,
    "pid": 4300,
    "index": 48
  },
  {
    "name": "Require(40) node_modules/_egg-i18n@2.0.0@egg-i18n/app.js",
    "start": 1535451930780,
    "end": 1535451930794,
    "duration": 14,
    "pid": 4300,
    "index": 49
  },
  {
    "name": "Require(41) node_modules/_egg-watcher@3.0.0@egg-watcher/app.js",
    "start": 1535451930798,
    "end": 1535451930804,
    "duration": 6,
    "pid": 4300,
    "index": 50
  },
  {
    "name": "Before Start in node_modules/_egg-watcher@3.0.0@egg-watcher/app.js:15:7",
    "start": 1535451930816,
    "end": 1535451931206,
    "duration": 390,
    "pid": 4300,
    "index": 51
  },
  {
    "name": "Require(42) node_modules/_egg-multipart@2.1.0@egg-multipart/app.js",
    "start": 1535451930818,
    "end": 1535451930827,
    "duration": 9,
    "pid": 4300,
    "index": 52
  },
  {
    "name": "Require(43) node_modules/_egg-development@2.4.1@egg-development/app.js",
    "start": 1535451930828,
    "end": 1535451930829,
    "duration": 1,
    "pid": 4300,
    "index": 53
  },
  {
    "name": "Require(44) node_modules/_egg-schedule@3.3.0@egg-schedule/app.js",
    "start": 1535451930829,
    "end": 1535451930832,
    "duration": 3,
    "pid": 4300,
    "index": 54
  },
  {
    "name": "Require(45) node_modules/_egg-logrotator@3.0.3@egg-logrotator/app.js",
    "start": 1535451930880,
    "end": 1535451930880,
    "duration": 0,
    "pid": 4300,
    "index": 55
  },
  {
    "name": "Require(46) node_modules/_egg-static@2.1.1@egg-static/app.js",
    "start": 1535451930881,
    "end": 1535451930881,
    "duration": 0,
    "pid": 4300,
    "index": 56
  },
  {
    "name": "Require(47) node_modules/_egg-view-ejs@2.0.0@egg-view-ejs/app.js",
    "start": 1535451930882,
    "end": 1535451930883,
    "duration": 1,
    "pid": 4300,
    "index": 57
  },
  {
    "name": "Require(48) node_modules/_egg-mysql@3.0.0@egg-mysql/app.js",
    "start": 1535451930891,
    "end": 1535451930917,
    "duration": 26,
    "pid": 4300,
    "index": 58
  },
  {
    "name": "Before Start in node_modules/_egg-mysql@3.0.0@egg-mysql/lib/mysql.js:20:7",
    "start": 1535451931020,
    "end": 1535451931211,
    "duration": 191,
    "pid": 4300,
    "index": 59
  },
  {
    "name": "Load Service",
    "start": 1535451931022,
    "end": 1535451931029,
    "duration": 7,
    "pid": 4300,
    "index": 60
  },
  {
    "name": "Load \"service\" to Context",
    "start": 1535451931023,
    "end": 1535451931029,
    "duration": 6,
    "pid": 4300,
    "index": 61
  },
  {
    "name": "Load Middleware",
    "start": 1535451931030,
    "end": 1535451931156,
    "duration": 126,
    "pid": 4300,
    "index": 62
  },
  {
    "name": "Load \"middlewares\" to Application",
    "start": 1535451931030,
    "end": 1535451931138,
    "duration": 108,
    "pid": 4300,
    "index": 63
  },
  {
    "name": "Load Controller",
    "start": 1535451931156,
    "end": 1535451931160,
    "duration": 4,
    "pid": 4300,
    "index": 64
  },
  {
    "name": "Load \"controller\" to Application",
    "start": 1535451931157,
    "end": 1535451931160,
    "duration": 3,
    "pid": 4300,
    "index": 65
  },
  {
    "name": "Load Router",
    "start": 1535451931160,
    "end": 1535451931163,
    "duration": 3,
    "pid": 4300,
    "index": 66
  },
  {
    "name": "Require(49) app/router.js",
    "start": 1535451931160,
    "end": 1535451931160,
    "duration": 0,
    "pid": 4300,
    "index": 67
  },
  {
    "name": "Before Start in node_modules/_egg-core@4.9.1@egg-core/lib/egg.js:328:10",
    "start": 1535451931161,
    "end": 1535451931183,
    "duration": 22,
    "pid": 4300,
    "index": 68
  }
]