[
  {
    "name": "Application Start",
    "start": 1535454326046,
    "end": 1535454326778,
    "duration": 732,
    "pid": 7660,
    "index": 0
  },
  {
    "name": "Load Plugin",
    "start": 1535454326053,
    "end": 1535454326087,
    "duration": 34,
    "pid": 7660,
    "index": 1
  },
  {
    "name": "Load Config",
    "start": 1535454326087,
    "end": 1535454326121,
    "duration": 34,
    "pid": 7660,
    "index": 2
  },
  {
    "name": "Require(0) config/config.default.js",
    "start": 1535454326088,
    "end": 1535454326088,
    "duration": 0,
    "pid": 7660,
    "index": 3
  },
  {
    "name": "Require(1) node_modules/_egg-session@3.1.0@egg-session/config/config.default.js",
    "start": 1535454326090,
    "end": 1535454326091,
    "duration": 1,
    "pid": 7660,
    "index": 4
  },
  {
    "name": "Require(2) node_modules/_egg-security@2.2.3@egg-security/config/config.default.js",
    "start": 1535454326092,
    "end": 1535454326093,
    "duration": 1,
    "pid": 7660,
    "index": 5
  },
  {
    "name": "Require(3) node_modules/_egg-jsonp@2.0.0@egg-jsonp/config/config.default.js",
    "start": 1535454326094,
    "end": 1535454326095,
    "duration": 1,
    "pid": 7660,
    "index": 6
  },
  {
    "name": "Require(4) node_modules/_egg-onerror@2.1.0@egg-onerror/config/config.default.js",
    "start": 1535454326096,
    "end": 1535454326096,
    "duration": 0,
    "pid": 7660,
    "index": 7
  },
  {
    "name": "Require(5) node_modules/_egg-i18n@2.0.0@egg-i18n/config/config.default.js",
    "start": 1535454326097,
    "end": 1535454326097,
    "duration": 0,
    "pid": 7660,
    "index": 8
  },
  {
    "name": "Require(6) node_modules/_egg-watcher@3.0.0@egg-watcher/config/config.default.js",
    "start": 1535454326098,
    "end": 1535454326099,
    "duration": 1,
    "pid": 7660,
    "index": 9
  },
  {
    "name": "Require(7) node_modules/_egg-multipart@2.1.0@egg-multipart/config/config.default.js",
    "start": 1535454326100,
    "end": 1535454326100,
    "duration": 0,
    "pid": 7660,
    "index": 10
  },
  {
    "name": "Require(8) node_modules/_egg-development@2.4.1@egg-development/config/config.default.js",
    "start": 1535454326101,
    "end": 1535454326102,
    "duration": 1,
    "pid": 7660,
    "index": 11
  },
  {
    "name": "Require(9) node_modules/_egg-schedule@3.3.0@egg-schedule/config/config.default.js",
    "start": 1535454326102,
    "end": 1535454326103,
    "duration": 1,
    "pid": 7660,
    "index": 12
  },
  {
    "name": "Require(10) node_modules/_egg-logrotator@3.0.3@egg-logrotator/config/config.default.js",
    "start": 1535454326104,
    "end": 1535454326104,
    "duration": 0,
    "pid": 7660,
    "index": 13
  },
  {
    "name": "Require(11) node_modules/_egg-static@2.1.1@egg-static/config/config.default.js",
    "start": 1535454326105,
    "end": 1535454326106,
    "duration": 1,
    "pid": 7660,
    "index": 14
  },
  {
    "name": "Require(12) node_modules/_egg-view@2.1.0@egg-view/config/config.default.js",
    "start": 1535454326107,
    "end": 1535454326107,
    "duration": 0,
    "pid": 7660,
    "index": 15
  },
  {
    "name": "Require(13) node_modules/_egg-view-ejs@2.0.0@egg-view-ejs/config/config.default.js",
    "start": 1535454326108,
    "end": 1535454326108,
    "duration": 0,
    "pid": 7660,
    "index": 16
  },
  {
    "name": "Require(14) node_modules/_egg-mysql@3.0.0@egg-mysql/config/config.default.js",
    "start": 1535454326109,
    "end": 1535454326109,
    "duration": 0,
    "pid": 7660,
    "index": 17
  },
  {
    "name": "Require(15) node_modules/_egg@2.10.0@egg/config/config.default.js",
    "start": 1535454326110,
    "end": 1535454326111,
    "duration": 1,
    "pid": 7660,
    "index": 18
  },
  {
    "name": "Require(16) config/config.default.js",
    "start": 1535454326113,
    "end": 1535454326113,
    "duration": 0,
    "pid": 7660,
    "index": 19
  },
  {
    "name": "Require(17) node_modules/_egg-security@2.2.3@egg-security/config/config.local.js",
    "start": 1535454326114,
    "end": 1535454326114,
    "duration": 0,
    "pid": 7660,
    "index": 20
  },
  {
    "name": "Require(18) node_modules/_egg-watcher@3.0.0@egg-watcher/config/config.local.js",
    "start": 1535454326116,
    "end": 1535454326116,
    "duration": 0,
    "pid": 7660,
    "index": 21
  },
  {
    "name": "Require(19) node_modules/_egg-view@2.1.0@egg-view/config/config.local.js",
    "start": 1535454326118,
    "end": 1535454326118,
    "duration": 0,
    "pid": 7660,
    "index": 22
  },
  {
    "name": "Require(20) node_modules/_egg-view-ejs@2.0.0@egg-view-ejs/config/config.local.js",
    "start": 1535454326119,
    "end": 1535454326119,
    "duration": 0,
    "pid": 7660,
    "index": 23
  },
  {
    "name": "Require(21) node_modules/_egg@2.10.0@egg/config/config.local.js",
    "start": 1535454326120,
    "end": 1535454326121,
    "duration": 1,
    "pid": 7660,
    "index": 24
  },
  {
    "name": "Load extend/application.js",
    "start": 1535454326122,
    "end": 1535454326150,
    "duration": 28,
    "pid": 7660,
    "index": 25
  },
  {
    "name": "Require(22) node_modules/_egg-session@3.1.0@egg-session/app/extend/application.js",
    "start": 1535454326123,
    "end": 1535454326124,
    "duration": 1,
    "pid": 7660,
    "index": 26
  },
  {
    "name": "Require(23) node_modules/_egg-security@2.2.3@egg-security/app/extend/application.js",
    "start": 1535454326125,
    "end": 1535454326127,
    "duration": 2,
    "pid": 7660,
    "index": 27
  },
  {
    "name": "Require(24) node_modules/_egg-jsonp@2.0.0@egg-jsonp/app/extend/application.js",
    "start": 1535454326128,
    "end": 1535454326132,
    "duration": 4,
    "pid": 7660,
    "index": 28
  },
  {
    "name": "Require(25) node_modules/_egg-logrotator@3.0.3@egg-logrotator/app/extend/application.js",
    "start": 1535454326134,
    "end": 1535454326142,
    "duration": 8,
    "pid": 7660,
    "index": 29
  },
  {
    "name": "Require(26) node_modules/_egg-view@2.1.0@egg-view/app/extend/application.js",
    "start": 1535454326143,
    "end": 1535454326146,
    "duration": 3,
    "pid": 7660,
    "index": 30
  },
  {
    "name": "Load extend/request.js",
    "start": 1535454326150,
    "end": 1535454326162,
    "duration": 12,
    "pid": 7660,
    "index": 31
  },
  {
    "name": "Require(27) node_modules/_egg@2.10.0@egg/app/extend/request.js",
    "start": 1535454326155,
    "end": 1535454326157,
    "duration": 2,
    "pid": 7660,
    "index": 32
  },
  {
    "name": "Load extend/response.js",
    "start": 1535454326162,
    "end": 1535454326173,
    "duration": 11,
    "pid": 7660,
    "index": 33
  },
  {
    "name": "Require(28) node_modules/_egg@2.10.0@egg/app/extend/response.js",
    "start": 1535454326166,
    "end": 1535454326170,
    "duration": 4,
    "pid": 7660,
    "index": 34
  },
  {
    "name": "Load extend/context.js",
    "start": 1535454326174,
    "end": 1535454326277,
    "duration": 103,
    "pid": 7660,
    "index": 35
  },
  {
    "name": "Require(29) node_modules/_egg-security@2.2.3@egg-security/app/extend/context.js",
    "start": 1535454326174,
    "end": 1535454326193,
    "duration": 19,
    "pid": 7660,
    "index": 36
  },
  {
    "name": "Require(30) node_modules/_egg-jsonp@2.0.0@egg-jsonp/app/extend/context.js",
    "start": 1535454326194,
    "end": 1535454326196,
    "duration": 2,
    "pid": 7660,
    "index": 37
  },
  {
    "name": "Require(31) node_modules/_egg-i18n@2.0.0@egg-i18n/app/extend/context.js",
    "start": 1535454326197,
    "end": 1535454326198,
    "duration": 1,
    "pid": 7660,
    "index": 38
  },
  {
    "name": "Require(32) node_modules/_egg-multipart@2.1.0@egg-multipart/app/extend/context.js",
    "start": 1535454326202,
    "end": 1535454326266,
    "duration": 64,
    "pid": 7660,
    "index": 39
  },
  {
    "name": "Require(33) node_modules/_egg-view@2.1.0@egg-view/app/extend/context.js",
    "start": 1535454326268,
    "end": 1535454326269,
    "duration": 1,
    "pid": 7660,
    "index": 40
  },
  {
    "name": "Require(34) node_modules/_egg@2.10.0@egg/app/extend/context.js",
    "start": 1535454326270,
    "end": 1535454326272,
    "duration": 2,
    "pid": 7660,
    "index": 41
  },
  {
    "name": "Load extend/helper.js",
    "start": 1535454326277,
    "end": 1535454326309,
    "duration": 32,
    "pid": 7660,
    "index": 42
  },
  {
    "name": "Require(35) node_modules/_egg-security@2.2.3@egg-security/app/extend/helper.js",
    "start": 1535454326278,
    "end": 1535454326301,
    "duration": 23,
    "pid": 7660,
    "index": 43
  },
  {
    "name": "Require(36) node_modules/_egg@2.10.0@egg/app/extend/helper.js",
    "start": 1535454326304,
    "end": 1535454326305,
    "duration": 1,
    "pid": 7660,
    "index": 44
  },
  {
    "name": "Load app.js",
    "start": 1535454326309,
    "end": 1535454326580,
    "duration": 271,
    "pid": 7660,
    "index": 45
  },
  {
    "name": "Require(37) node_modules/_egg-session@3.1.0@egg-session/app.js",
    "start": 1535454326310,
    "end": 1535454326310,
    "duration": 0,
    "pid": 7660,
    "index": 46
  },
  {
    "name": "Require(38) node_modules/_egg-security@2.2.3@egg-security/app.js",
    "start": 1535454326311,
    "end": 1535454326314,
    "duration": 3,
    "pid": 7660,
    "index": 47
  },
  {
    "name": "Require(39) node_modules/_egg-onerror@2.1.0@egg-onerror/app.js",
    "start": 1535454326316,
    "end": 1535454326329,
    "duration": 13,
    "pid": 7660,
    "index": 48
  },
  {
    "name": "Require(40) node_modules/_egg-i18n@2.0.0@egg-i18n/app.js",
    "start": 1535454326331,
    "end": 1535454326346,
    "duration": 15,
    "pid": 7660,
    "index": 49
  },
  {
    "name": "Require(41) node_modules/_egg-watcher@3.0.0@egg-watcher/app.js",
    "start": 1535454326351,
    "end": 1535454326358,
    "duration": 7,
    "pid": 7660,
    "index": 50
  },
  {
    "name": "Before Start in node_modules/_egg-watcher@3.0.0@egg-watcher/app.js:15:7",
    "start": 1535454326368,
    "end": 1535454326772,
    "duration": 404,
    "pid": 7660,
    "index": 51
  },
  {
    "name": "Require(42) node_modules/_egg-multipart@2.1.0@egg-multipart/app.js",
    "start": 1535454326370,
    "end": 1535454326374,
    "duration": 4,
    "pid": 7660,
    "index": 52
  },
  {
    "name": "Require(43) node_modules/_egg-development@2.4.1@egg-development/app.js",
    "start": 1535454326376,
    "end": 1535454326377,
    "duration": 1,
    "pid": 7660,
    "index": 53
  },
  {
    "name": "Require(44) node_modules/_egg-schedule@3.3.0@egg-schedule/app.js",
    "start": 1535454326377,
    "end": 1535454326380,
    "duration": 3,
    "pid": 7660,
    "index": 54
  },
  {
    "name": "Require(45) node_modules/_egg-logrotator@3.0.3@egg-logrotator/app.js",
    "start": 1535454326434,
    "end": 1535454326435,
    "duration": 1,
    "pid": 7660,
    "index": 55
  },
  {
    "name": "Require(46) node_modules/_egg-static@2.1.1@egg-static/app.js",
    "start": 1535454326435,
    "end": 1535454326436,
    "duration": 1,
    "pid": 7660,
    "index": 56
  },
  {
    "name": "Require(47) node_modules/_egg-view-ejs@2.0.0@egg-view-ejs/app.js",
    "start": 1535454326437,
    "end": 1535454326437,
    "duration": 0,
    "pid": 7660,
    "index": 57
  },
  {
    "name": "Require(48) node_modules/_egg-mysql@3.0.0@egg-mysql/app.js",
    "start": 1535454326447,
    "end": 1535454326472,
    "duration": 25,
    "pid": 7660,
    "index": 58
  },
  {
    "name": "Before Start in node_modules/_egg-mysql@3.0.0@egg-mysql/lib/mysql.js:20:7",
    "start": 1535454326579,
    "end": 1535454326777,
    "duration": 198,
    "pid": 7660,
    "index": 59
  },
  {
    "name": "Load Service",
    "start": 1535454326580,
    "end": 1535454326587,
    "duration": 7,
    "pid": 7660,
    "index": 60
  },
  {
    "name": "Load \"service\" to Context",
    "start": 1535454326581,
    "end": 1535454326587,
    "duration": 6,
    "pid": 7660,
    "index": 61
  },
  {
    "name": "Load Middleware",
    "start": 1535454326587,
    "end": 1535454326725,
    "duration": 138,
    "pid": 7660,
    "index": 62
  },
  {
    "name": "Load \"middlewares\" to Application",
    "start": 1535454326587,
    "end": 1535454326706,
    "duration": 119,
    "pid": 7660,
    "index": 63
  },
  {
    "name": "Load Controller",
    "start": 1535454326725,
    "end": 1535454326730,
    "duration": 5,
    "pid": 7660,
    "index": 64
  },
  {
    "name": "Load \"controller\" to Application",
    "start": 1535454326725,
    "end": 1535454326730,
    "duration": 5,
    "pid": 7660,
    "index": 65
  },
  {
    "name": "Load Router",
    "start": 1535454326730,
    "end": 1535454326733,
    "duration": 3,
    "pid": 7660,
    "index": 66
  },
  {
    "name": "Require(49) app/router.js",
    "start": 1535454326730,
    "end": 1535454326731,
    "duration": 1,
    "pid": 7660,
    "index": 67
  },
  {
    "name": "Before Start in node_modules/_egg-core@4.9.1@egg-core/lib/egg.js:328:10",
    "start": 1535454326731,
    "end": 1535454326753,
    "duration": 22,
    "pid": 7660,
    "index": 68
  }
]