[
  {
    "name": "Application Start",
    "start": 1535451481527,
    "end": 1535451482357,
    "duration": 830,
    "pid": 8652,
    "index": 0
  },
  {
    "name": "Load Plugin",
    "start": 1535451481536,
    "end": 1535451481583,
    "duration": 47,
    "pid": 8652,
    "index": 1
  },
  {
    "name": "Load Config",
    "start": 1535451481583,
    "end": 1535451481666,
    "duration": 83,
    "pid": 8652,
    "index": 2
  },
  {
    "name": "Require(0) config/config.default.js",
    "start": 1535451481585,
    "end": 1535451481586,
    "duration": 1,
    "pid": 8652,
    "index": 3
  },
  {
    "name": "Require(1) node_modules/_egg-session@3.1.0@egg-session/config/config.default.js",
    "start": 1535451481589,
    "end": 1535451481589,
    "duration": 0,
    "pid": 8652,
    "index": 4
  },
  {
    "name": "Require(2) node_modules/_egg-security@2.2.3@egg-security/config/config.default.js",
    "start": 1535451481590,
    "end": 1535451481591,
    "duration": 1,
    "pid": 8652,
    "index": 5
  },
  {
    "name": "Require(3) node_modules/_egg-jsonp@2.0.0@egg-jsonp/config/config.default.js",
    "start": 1535451481597,
    "end": 1535451481598,
    "duration": 1,
    "pid": 8652,
    "index": 6
  },
  {
    "name": "Require(4) node_modules/_egg-onerror@2.1.0@egg-onerror/config/config.default.js",
    "start": 1535451481599,
    "end": 1535451481600,
    "duration": 1,
    "pid": 8652,
    "index": 7
  },
  {
    "name": "Require(5) node_modules/_egg-i18n@2.0.0@egg-i18n/config/config.default.js",
    "start": 1535451481602,
    "end": 1535451481603,
    "duration": 1,
    "pid": 8652,
    "index": 8
  },
  {
    "name": "Require(6) node_modules/_egg-watcher@3.0.0@egg-watcher/config/config.default.js",
    "start": 1535451481605,
    "end": 1535451481605,
    "duration": 0,
    "pid": 8652,
    "index": 9
  },
  {
    "name": "Require(7) node_modules/_egg-multipart@2.1.0@egg-multipart/config/config.default.js",
    "start": 1535451481607,
    "end": 1535451481607,
    "duration": 0,
    "pid": 8652,
    "index": 10
  },
  {
    "name": "Require(8) node_modules/_egg-development@2.4.1@egg-development/config/config.default.js",
    "start": 1535451481608,
    "end": 1535451481630,
    "duration": 22,
    "pid": 8652,
    "index": 11
  },
  {
    "name": "Require(9) node_modules/_egg-schedule@3.3.0@egg-schedule/config/config.default.js",
    "start": 1535451481631,
    "end": 1535451481632,
    "duration": 1,
    "pid": 8652,
    "index": 12
  },
  {
    "name": "Require(10) node_modules/_egg-logrotator@3.0.3@egg-logrotator/config/config.default.js",
    "start": 1535451481634,
    "end": 1535451481635,
    "duration": 1,
    "pid": 8652,
    "index": 13
  },
  {
    "name": "Require(11) node_modules/_egg-static@2.1.1@egg-static/config/config.default.js",
    "start": 1535451481638,
    "end": 1535451481639,
    "duration": 1,
    "pid": 8652,
    "index": 14
  },
  {
    "name": "Require(12) node_modules/_egg-view@2.1.0@egg-view/config/config.default.js",
    "start": 1535451481640,
    "end": 1535451481640,
    "duration": 0,
    "pid": 8652,
    "index": 15
  },
  {
    "name": "Require(13) node_modules/_egg-view-ejs@2.0.0@egg-view-ejs/config/config.default.js",
    "start": 1535451481642,
    "end": 1535451481642,
    "duration": 0,
    "pid": 8652,
    "index": 16
  },
  {
    "name": "Require(14) node_modules/_egg-mysql@3.0.0@egg-mysql/config/config.default.js",
    "start": 1535451481643,
    "end": 1535451481644,
    "duration": 1,
    "pid": 8652,
    "index": 17
  },
  {
    "name": "Require(15) node_modules/_egg@2.10.0@egg/config/config.default.js",
    "start": 1535451481645,
    "end": 1535451481646,
    "duration": 1,
    "pid": 8652,
    "index": 18
  },
  {
    "name": "Require(16) config/config.default.js",
    "start": 1535451481652,
    "end": 1535451481653,
    "duration": 1,
    "pid": 8652,
    "index": 19
  },
  {
    "name": "Require(17) node_modules/_egg-security@2.2.3@egg-security/config/config.local.js",
    "start": 1535451481655,
    "end": 1535451481656,
    "duration": 1,
    "pid": 8652,
    "index": 20
  },
  {
    "name": "Require(18) node_modules/_egg-watcher@3.0.0@egg-watcher/config/config.local.js",
    "start": 1535451481658,
    "end": 1535451481659,
    "duration": 1,
    "pid": 8652,
    "index": 21
  },
  {
    "name": "Require(19) node_modules/_egg-view@2.1.0@egg-view/config/config.local.js",
    "start": 1535451481662,
    "end": 1535451481662,
    "duration": 0,
    "pid": 8652,
    "index": 22
  },
  {
    "name": "Require(20) node_modules/_egg-view-ejs@2.0.0@egg-view-ejs/config/config.local.js",
    "start": 1535451481663,
    "end": 1535451481663,
    "duration": 0,
    "pid": 8652,
    "index": 23
  },
  {
    "name": "Require(21) node_modules/_egg@2.10.0@egg/config/config.local.js",
    "start": 1535451481665,
    "end": 1535451481665,
    "duration": 0,
    "pid": 8652,
    "index": 24
  },
  {
    "name": "Load extend/application.js",
    "start": 1535451481669,
    "end": 1535451481712,
    "duration": 43,
    "pid": 8652,
    "index": 25
  },
  {
    "name": "Require(22) node_modules/_egg-session@3.1.0@egg-session/app/extend/application.js",
    "start": 1535451481673,
    "end": 1535451481673,
    "duration": 0,
    "pid": 8652,
    "index": 26
  },
  {
    "name": "Require(23) node_modules/_egg-security@2.2.3@egg-security/app/extend/application.js",
    "start": 1535451481674,
    "end": 1535451481676,
    "duration": 2,
    "pid": 8652,
    "index": 27
  },
  {
    "name": "Require(24) node_modules/_egg-jsonp@2.0.0@egg-jsonp/app/extend/application.js",
    "start": 1535451481677,
    "end": 1535451481682,
    "duration": 5,
    "pid": 8652,
    "index": 28
  },
  {
    "name": "Require(25) node_modules/_egg-logrotator@3.0.3@egg-logrotator/app/extend/application.js",
    "start": 1535451481686,
    "end": 1535451481698,
    "duration": 12,
    "pid": 8652,
    "index": 29
  },
  {
    "name": "Require(26) node_modules/_egg-view@2.1.0@egg-view/app/extend/application.js",
    "start": 1535451481700,
    "end": 1535451481705,
    "duration": 5,
    "pid": 8652,
    "index": 30
  },
  {
    "name": "Load extend/request.js",
    "start": 1535451481712,
    "end": 1535451481727,
    "duration": 15,
    "pid": 8652,
    "index": 31
  },
  {
    "name": "Require(27) node_modules/_egg@2.10.0@egg/app/extend/request.js",
    "start": 1535451481717,
    "end": 1535451481722,
    "duration": 5,
    "pid": 8652,
    "index": 32
  },
  {
    "name": "Load extend/response.js",
    "start": 1535451481727,
    "end": 1535451481741,
    "duration": 14,
    "pid": 8652,
    "index": 33
  },
  {
    "name": "Require(28) node_modules/_egg@2.10.0@egg/app/extend/response.js",
    "start": 1535451481733,
    "end": 1535451481736,
    "duration": 3,
    "pid": 8652,
    "index": 34
  },
  {
    "name": "Load extend/context.js",
    "start": 1535451481741,
    "end": 1535451481859,
    "duration": 118,
    "pid": 8652,
    "index": 35
  },
  {
    "name": "Require(29) node_modules/_egg-security@2.2.3@egg-security/app/extend/context.js",
    "start": 1535451481742,
    "end": 1535451481765,
    "duration": 23,
    "pid": 8652,
    "index": 36
  },
  {
    "name": "Require(30) node_modules/_egg-jsonp@2.0.0@egg-jsonp/app/extend/context.js",
    "start": 1535451481766,
    "end": 1535451481769,
    "duration": 3,
    "pid": 8652,
    "index": 37
  },
  {
    "name": "Require(31) node_modules/_egg-i18n@2.0.0@egg-i18n/app/extend/context.js",
    "start": 1535451481770,
    "end": 1535451481770,
    "duration": 0,
    "pid": 8652,
    "index": 38
  },
  {
    "name": "Require(32) node_modules/_egg-multipart@2.1.0@egg-multipart/app/extend/context.js",
    "start": 1535451481771,
    "end": 1535451481847,
    "duration": 76,
    "pid": 8652,
    "index": 39
  },
  {
    "name": "Require(33) node_modules/_egg-view@2.1.0@egg-view/app/extend/context.js",
    "start": 1535451481848,
    "end": 1535451481850,
    "duration": 2,
    "pid": 8652,
    "index": 40
  },
  {
    "name": "Require(34) node_modules/_egg@2.10.0@egg/app/extend/context.js",
    "start": 1535451481851,
    "end": 1535451481853,
    "duration": 2,
    "pid": 8652,
    "index": 41
  },
  {
    "name": "Load extend/helper.js",
    "start": 1535451481859,
    "end": 1535451481903,
    "duration": 44,
    "pid": 8652,
    "index": 42
  },
  {
    "name": "Require(35) node_modules/_egg-security@2.2.3@egg-security/app/extend/helper.js",
    "start": 1535451481860,
    "end": 1535451481891,
    "duration": 31,
    "pid": 8652,
    "index": 43
  },
  {
    "name": "Require(36) node_modules/_egg@2.10.0@egg/app/extend/helper.js",
    "start": 1535451481896,
    "end": 1535451481897,
    "duration": 1,
    "pid": 8652,
    "index": 44
  },
  {
    "name": "Load app.js",
    "start": 1535451481903,
    "end": 1535451482133,
    "duration": 230,
    "pid": 8652,
    "index": 45
  },
  {
    "name": "Require(37) node_modules/_egg-session@3.1.0@egg-session/app.js",
    "start": 1535451481904,
    "end": 1535451481904,
    "duration": 0,
    "pid": 8652,
    "index": 46
  },
  {
    "name": "Require(38) node_modules/_egg-security@2.2.3@egg-security/app.js",
    "start": 1535451481905,
    "end": 1535451481909,
    "duration": 4,
    "pid": 8652,
    "index": 47
  },
  {
    "name": "Require(39) node_modules/_egg-onerror@2.1.0@egg-onerror/app.js",
    "start": 1535451481911,
    "end": 1535451481932,
    "duration": 21,
    "pid": 8652,
    "index": 48
  },
  {
    "name": "Require(40) node_modules/_egg-i18n@2.0.0@egg-i18n/app.js",
    "start": 1535451481935,
    "end": 1535451481949,
    "duration": 14,
    "pid": 8652,
    "index": 49
  },
  {
    "name": "Require(41) node_modules/_egg-watcher@3.0.0@egg-watcher/app.js",
    "start": 1535451481954,
    "end": 1535451481962,
    "duration": 8,
    "pid": 8652,
    "index": 50
  },
  {
    "name": "Before Start in node_modules/_egg-watcher@3.0.0@egg-watcher/app.js:15:7",
    "start": 1535451481977,
    "end": 1535451482356,
    "duration": 379,
    "pid": 8652,
    "index": 51
  },
  {
    "name": "Require(42) node_modules/_egg-multipart@2.1.0@egg-multipart/app.js",
    "start": 1535451481979,
    "end": 1535451481990,
    "duration": 11,
    "pid": 8652,
    "index": 52
  },
  {
    "name": "Require(43) node_modules/_egg-development@2.4.1@egg-development/app.js",
    "start": 1535451481991,
    "end": 1535451481992,
    "duration": 1,
    "pid": 8652,
    "index": 53
  },
  {
    "name": "Require(44) node_modules/_egg-schedule@3.3.0@egg-schedule/app.js",
    "start": 1535451481993,
    "end": 1535451481996,
    "duration": 3,
    "pid": 8652,
    "index": 54
  },
  {
    "name": "Require(45) node_modules/_egg-logrotator@3.0.3@egg-logrotator/app.js",
    "start": 1535451482087,
    "end": 1535451482088,
    "duration": 1,
    "pid": 8652,
    "index": 55
  },
  {
    "name": "Require(46) node_modules/_egg-static@2.1.1@egg-static/app.js",
    "start": 1535451482088,
    "end": 1535451482089,
    "duration": 1,
    "pid": 8652,
    "index": 56
  },
  {
    "name": "Require(47) node_modules/_egg-view-ejs@2.0.0@egg-view-ejs/app.js",
    "start": 1535451482090,
    "end": 1535451482090,
    "duration": 0,
    "pid": 8652,
    "index": 57
  },
  {
    "name": "Require(48) node_modules/_egg-mysql@3.0.0@egg-mysql/app.js",
    "start": 1535451482099,
    "end": 1535451482130,
    "duration": 31,
    "pid": 8652,
    "index": 58
  },
  {
    "name": "Load Service",
    "start": 1535451482133,
    "end": 1535451482141,
    "duration": 8,
    "pid": 8652,
    "index": 59
  },
  {
    "name": "Load \"service\" to Context",
    "start": 1535451482133,
    "end": 1535451482141,
    "duration": 8,
    "pid": 8652,
    "index": 60
  },
  {
    "name": "Load Middleware",
    "start": 1535451482141,
    "end": 1535451482316,
    "duration": 175,
    "pid": 8652,
    "index": 61
  },
  {
    "name": "Load \"middlewares\" to Application",
    "start": 1535451482141,
    "end": 1535451482296,
    "duration": 155,
    "pid": 8652,
    "index": 62
  },
  {
    "name": "Load Controller",
    "start": 1535451482316,
    "end": 1535451482320,
    "duration": 4,
    "pid": 8652,
    "index": 63
  },
  {
    "name": "Load \"controller\" to Application",
    "start": 1535451482316,
    "end": 1535451482320,
    "duration": 4,
    "pid": 8652,
    "index": 64
  },
  {
    "name": "Load Router",
    "start": 1535451482320,
    "end": 1535451482324,
    "duration": 4,
    "pid": 8652,
    "index": 65
  },
  {
    "name": "Require(49) app/router.js",
    "start": 1535451482321,
    "end": 1535451482322,
    "duration": 1,
    "pid": 8652,
    "index": 66
  },
  {
    "name": "Before Start in node_modules/_egg-core@4.9.1@egg-core/lib/egg.js:328:10",
    "start": 1535451482323,
    "end": 1535451482344,
    "duration": 21,
    "pid": 8652,
    "index": 67
  }
]