[
  {
    "name": "Application Start",
    "start": 1535453626538,
    "end": 1535453627323,
    "duration": 785,
    "pid": 2336,
    "index": 0
  },
  {
    "name": "Load Plugin",
    "start": 1535453626547,
    "end": 1535453626583,
    "duration": 36,
    "pid": 2336,
    "index": 1
  },
  {
    "name": "Load Config",
    "start": 1535453626583,
    "end": 1535453626627,
    "duration": 44,
    "pid": 2336,
    "index": 2
  },
  {
    "name": "Require(0) config/config.default.js",
    "start": 1535453626584,
    "end": 1535453626584,
    "duration": 0,
    "pid": 2336,
    "index": 3
  },
  {
    "name": "Require(1) node_modules/_egg-session@3.1.0@egg-session/config/config.default.js",
    "start": 1535453626586,
    "end": 1535453626587,
    "duration": 1,
    "pid": 2336,
    "index": 4
  },
  {
    "name": "Require(2) node_modules/_egg-security@2.2.3@egg-security/config/config.default.js",
    "start": 1535453626587,
    "end": 1535453626588,
    "duration": 1,
    "pid": 2336,
    "index": 5
  },
  {
    "name": "Require(3) node_modules/_egg-jsonp@2.0.0@egg-jsonp/config/config.default.js",
    "start": 1535453626590,
    "end": 1535453626590,
    "duration": 0,
    "pid": 2336,
    "index": 6
  },
  {
    "name": "Require(4) node_modules/_egg-onerror@2.1.0@egg-onerror/config/config.default.js",
    "start": 1535453626591,
    "end": 1535453626591,
    "duration": 0,
    "pid": 2336,
    "index": 7
  },
  {
    "name": "Require(5) node_modules/_egg-i18n@2.0.0@egg-i18n/config/config.default.js",
    "start": 1535453626592,
    "end": 1535453626592,
    "duration": 0,
    "pid": 2336,
    "index": 8
  },
  {
    "name": "Require(6) node_modules/_egg-watcher@3.0.0@egg-watcher/config/config.default.js",
    "start": 1535453626593,
    "end": 1535453626594,
    "duration": 1,
    "pid": 2336,
    "index": 9
  },
  {
    "name": "Require(7) node_modules/_egg-multipart@2.1.0@egg-multipart/config/config.default.js",
    "start": 1535453626594,
    "end": 1535453626595,
    "duration": 1,
    "pid": 2336,
    "index": 10
  },
  {
    "name": "Require(8) node_modules/_egg-development@2.4.1@egg-development/config/config.default.js",
    "start": 1535453626595,
    "end": 1535453626596,
    "duration": 1,
    "pid": 2336,
    "index": 11
  },
  {
    "name": "Require(9) node_modules/_egg-schedule@3.3.0@egg-schedule/config/config.default.js",
    "start": 1535453626596,
    "end": 1535453626597,
    "duration": 1,
    "pid": 2336,
    "index": 12
  },
  {
    "name": "Require(10) node_modules/_egg-logrotator@3.0.3@egg-logrotator/config/config.default.js",
    "start": 1535453626598,
    "end": 1535453626598,
    "duration": 0,
    "pid": 2336,
    "index": 13
  },
  {
    "name": "Require(11) node_modules/_egg-static@2.1.1@egg-static/config/config.default.js",
    "start": 1535453626599,
    "end": 1535453626599,
    "duration": 0,
    "pid": 2336,
    "index": 14
  },
  {
    "name": "Require(12) node_modules/_egg-view@2.1.0@egg-view/config/config.default.js",
    "start": 1535453626600,
    "end": 1535453626601,
    "duration": 1,
    "pid": 2336,
    "index": 15
  },
  {
    "name": "Require(13) node_modules/_egg-view-ejs@2.0.0@egg-view-ejs/config/config.default.js",
    "start": 1535453626602,
    "end": 1535453626602,
    "duration": 0,
    "pid": 2336,
    "index": 16
  },
  {
    "name": "Require(14) node_modules/_egg-mysql@3.0.0@egg-mysql/config/config.default.js",
    "start": 1535453626603,
    "end": 1535453626603,
    "duration": 0,
    "pid": 2336,
    "index": 17
  },
  {
    "name": "Require(15) node_modules/_egg@2.10.0@egg/config/config.default.js",
    "start": 1535453626604,
    "end": 1535453626605,
    "duration": 1,
    "pid": 2336,
    "index": 18
  },
  {
    "name": "Require(16) config/config.default.js",
    "start": 1535453626609,
    "end": 1535453626609,
    "duration": 0,
    "pid": 2336,
    "index": 19
  },
  {
    "name": "Require(17) node_modules/_egg-security@2.2.3@egg-security/config/config.local.js",
    "start": 1535453626610,
    "end": 1535453626611,
    "duration": 1,
    "pid": 2336,
    "index": 20
  },
  {
    "name": "Require(18) node_modules/_egg-watcher@3.0.0@egg-watcher/config/config.local.js",
    "start": 1535453626617,
    "end": 1535453626617,
    "duration": 0,
    "pid": 2336,
    "index": 21
  },
  {
    "name": "Require(19) node_modules/_egg-view@2.1.0@egg-view/config/config.local.js",
    "start": 1535453626623,
    "end": 1535453626624,
    "duration": 1,
    "pid": 2336,
    "index": 22
  },
  {
    "name": "Require(20) node_modules/_egg-view-ejs@2.0.0@egg-view-ejs/config/config.local.js",
    "start": 1535453626625,
    "end": 1535453626625,
    "duration": 0,
    "pid": 2336,
    "index": 23
  },
  {
    "name": "Require(21) node_modules/_egg@2.10.0@egg/config/config.local.js",
    "start": 1535453626626,
    "end": 1535453626627,
    "duration": 1,
    "pid": 2336,
    "index": 24
  },
  {
    "name": "Load extend/application.js",
    "start": 1535453626629,
    "end": 1535453626664,
    "duration": 35,
    "pid": 2336,
    "index": 25
  },
  {
    "name": "Require(22) node_modules/_egg-session@3.1.0@egg-session/app/extend/application.js",
    "start": 1535453626630,
    "end": 1535453626631,
    "duration": 1,
    "pid": 2336,
    "index": 26
  },
  {
    "name": "Require(23) node_modules/_egg-security@2.2.3@egg-security/app/extend/application.js",
    "start": 1535453626633,
    "end": 1535453626634,
    "duration": 1,
    "pid": 2336,
    "index": 27
  },
  {
    "name": "Require(24) node_modules/_egg-jsonp@2.0.0@egg-jsonp/app/extend/application.js",
    "start": 1535453626635,
    "end": 1535453626639,
    "duration": 4,
    "pid": 2336,
    "index": 28
  },
  {
    "name": "Require(25) node_modules/_egg-logrotator@3.0.3@egg-logrotator/app/extend/application.js",
    "start": 1535453626642,
    "end": 1535453626649,
    "duration": 7,
    "pid": 2336,
    "index": 29
  },
  {
    "name": "Require(26) node_modules/_egg-view@2.1.0@egg-view/app/extend/application.js",
    "start": 1535453626650,
    "end": 1535453626656,
    "duration": 6,
    "pid": 2336,
    "index": 30
  },
  {
    "name": "Load extend/request.js",
    "start": 1535453626664,
    "end": 1535453626681,
    "duration": 17,
    "pid": 2336,
    "index": 31
  },
  {
    "name": "Require(27) node_modules/_egg@2.10.0@egg/app/extend/request.js",
    "start": 1535453626671,
    "end": 1535453626676,
    "duration": 5,
    "pid": 2336,
    "index": 32
  },
  {
    "name": "Load extend/response.js",
    "start": 1535453626681,
    "end": 1535453626693,
    "duration": 12,
    "pid": 2336,
    "index": 33
  },
  {
    "name": "Require(28) node_modules/_egg@2.10.0@egg/app/extend/response.js",
    "start": 1535453626685,
    "end": 1535453626689,
    "duration": 4,
    "pid": 2336,
    "index": 34
  },
  {
    "name": "Load extend/context.js",
    "start": 1535453626693,
    "end": 1535453626788,
    "duration": 95,
    "pid": 2336,
    "index": 35
  },
  {
    "name": "Require(29) node_modules/_egg-security@2.2.3@egg-security/app/extend/context.js",
    "start": 1535453626694,
    "end": 1535453626717,
    "duration": 23,
    "pid": 2336,
    "index": 36
  },
  {
    "name": "Require(30) node_modules/_egg-jsonp@2.0.0@egg-jsonp/app/extend/context.js",
    "start": 1535453626718,
    "end": 1535453626720,
    "duration": 2,
    "pid": 2336,
    "index": 37
  },
  {
    "name": "Require(31) node_modules/_egg-i18n@2.0.0@egg-i18n/app/extend/context.js",
    "start": 1535453626721,
    "end": 1535453626721,
    "duration": 0,
    "pid": 2336,
    "index": 38
  },
  {
    "name": "Require(32) node_modules/_egg-multipart@2.1.0@egg-multipart/app/extend/context.js",
    "start": 1535453626722,
    "end": 1535453626777,
    "duration": 55,
    "pid": 2336,
    "index": 39
  },
  {
    "name": "Require(33) node_modules/_egg-view@2.1.0@egg-view/app/extend/context.js",
    "start": 1535453626779,
    "end": 1535453626780,
    "duration": 1,
    "pid": 2336,
    "index": 40
  },
  {
    "name": "Require(34) node_modules/_egg@2.10.0@egg/app/extend/context.js",
    "start": 1535453626781,
    "end": 1535453626783,
    "duration": 2,
    "pid": 2336,
    "index": 41
  },
  {
    "name": "Load extend/helper.js",
    "start": 1535453626788,
    "end": 1535453626821,
    "duration": 33,
    "pid": 2336,
    "index": 42
  },
  {
    "name": "Require(35) node_modules/_egg-security@2.2.3@egg-security/app/extend/helper.js",
    "start": 1535453626789,
    "end": 1535453626813,
    "duration": 24,
    "pid": 2336,
    "index": 43
  },
  {
    "name": "Require(36) node_modules/_egg@2.10.0@egg/app/extend/helper.js",
    "start": 1535453626816,
    "end": 1535453626817,
    "duration": 1,
    "pid": 2336,
    "index": 44
  },
  {
    "name": "Load app.js",
    "start": 1535453626821,
    "end": 1535453627109,
    "duration": 288,
    "pid": 2336,
    "index": 45
  },
  {
    "name": "Require(37) node_modules/_egg-session@3.1.0@egg-session/app.js",
    "start": 1535453626822,
    "end": 1535453626822,
    "duration": 0,
    "pid": 2336,
    "index": 46
  },
  {
    "name": "Require(38) node_modules/_egg-security@2.2.3@egg-security/app.js",
    "start": 1535453626823,
    "end": 1535453626826,
    "duration": 3,
    "pid": 2336,
    "index": 47
  },
  {
    "name": "Require(39) node_modules/_egg-onerror@2.1.0@egg-onerror/app.js",
    "start": 1535453626828,
    "end": 1535453626842,
    "duration": 14,
    "pid": 2336,
    "index": 48
  },
  {
    "name": "Require(40) node_modules/_egg-i18n@2.0.0@egg-i18n/app.js",
    "start": 1535453626844,
    "end": 1535453626855,
    "duration": 11,
    "pid": 2336,
    "index": 49
  },
  {
    "name": "Require(41) node_modules/_egg-watcher@3.0.0@egg-watcher/app.js",
    "start": 1535453626861,
    "end": 1535453626866,
    "duration": 5,
    "pid": 2336,
    "index": 50
  },
  {
    "name": "Before Start in node_modules/_egg-watcher@3.0.0@egg-watcher/app.js:15:7",
    "start": 1535453626877,
    "end": 1535453627318,
    "duration": 441,
    "pid": 2336,
    "index": 51
  },
  {
    "name": "Require(42) node_modules/_egg-multipart@2.1.0@egg-multipart/app.js",
    "start": 1535453626879,
    "end": 1535453626883,
    "duration": 4,
    "pid": 2336,
    "index": 52
  },
  {
    "name": "Require(43) node_modules/_egg-development@2.4.1@egg-development/app.js",
    "start": 1535453626885,
    "end": 1535453626885,
    "duration": 0,
    "pid": 2336,
    "index": 53
  },
  {
    "name": "Require(44) node_modules/_egg-schedule@3.3.0@egg-schedule/app.js",
    "start": 1535453626886,
    "end": 1535453626890,
    "duration": 4,
    "pid": 2336,
    "index": 54
  },
  {
    "name": "Require(45) node_modules/_egg-logrotator@3.0.3@egg-logrotator/app.js",
    "start": 1535453626945,
    "end": 1535453626946,
    "duration": 1,
    "pid": 2336,
    "index": 55
  },
  {
    "name": "Require(46) node_modules/_egg-static@2.1.1@egg-static/app.js",
    "start": 1535453626946,
    "end": 1535453626947,
    "duration": 1,
    "pid": 2336,
    "index": 56
  },
  {
    "name": "Require(47) node_modules/_egg-view-ejs@2.0.0@egg-view-ejs/app.js",
    "start": 1535453626948,
    "end": 1535453626948,
    "duration": 0,
    "pid": 2336,
    "index": 57
  },
  {
    "name": "Require(48) node_modules/_egg-mysql@3.0.0@egg-mysql/app.js",
    "start": 1535453626956,
    "end": 1535453626983,
    "duration": 27,
    "pid": 2336,
    "index": 58
  },
  {
    "name": "Before Start in node_modules/_egg-mysql@3.0.0@egg-mysql/lib/mysql.js:20:7",
    "start": 1535453627106,
    "end": 1535453627323,
    "duration": 217,
    "pid": 2336,
    "index": 59
  },
  {
    "name": "Load Service",
    "start": 1535453627109,
    "end": 1535453627117,
    "duration": 8,
    "pid": 2336,
    "index": 60
  },
  {
    "name": "Load \"service\" to Context",
    "start": 1535453627109,
    "end": 1535453627117,
    "duration": 8,
    "pid": 2336,
    "index": 61
  },
  {
    "name": "Load Middleware",
    "start": 1535453627117,
    "end": 1535453627271,
    "duration": 154,
    "pid": 2336,
    "index": 62
  },
  {
    "name": "Load \"middlewares\" to Application",
    "start": 1535453627117,
    "end": 1535453627249,
    "duration": 132,
    "pid": 2336,
    "index": 63
  },
  {
    "name": "Load Controller",
    "start": 1535453627271,
    "end": 1535453627274,
    "duration": 3,
    "pid": 2336,
    "index": 64
  },
  {
    "name": "Load \"controller\" to Application",
    "start": 1535453627271,
    "end": 1535453627274,
    "duration": 3,
    "pid": 2336,
    "index": 65
  },
  {
    "name": "Load Router",
    "start": 1535453627274,
    "end": 1535453627277,
    "duration": 3,
    "pid": 2336,
    "index": 66
  },
  {
    "name": "Require(49) app/router.js",
    "start": 1535453627274,
    "end": 1535453627275,
    "duration": 1,
    "pid": 2336,
    "index": 67
  },
  {
    "name": "Before Start in node_modules/_egg-core@4.9.1@egg-core/lib/egg.js:328:10",
    "start": 1535453627276,
    "end": 1535453627298,
    "duration": 22,
    "pid": 2336,
    "index": 68
  }
]