[
  {
    "name": "Application Start",
    "start": 1535451573028,
    "end": 1535451573759,
    "duration": 731,
    "pid": 13880,
    "index": 0
  },
  {
    "name": "Load Plugin",
    "start": 1535451573035,
    "end": 1535451573067,
    "duration": 32,
    "pid": 13880,
    "index": 1
  },
  {
    "name": "Load Config",
    "start": 1535451573068,
    "end": 1535451573101,
    "duration": 33,
    "pid": 13880,
    "index": 2
  },
  {
    "name": "Require(0) config/config.default.js",
    "start": 1535451573069,
    "end": 1535451573069,
    "duration": 0,
    "pid": 13880,
    "index": 3
  },
  {
    "name": "Require(1) node_modules/_egg-session@3.1.0@egg-session/config/config.default.js",
    "start": 1535451573071,
    "end": 1535451573072,
    "duration": 1,
    "pid": 13880,
    "index": 4
  },
  {
    "name": "Require(2) node_modules/_egg-security@2.2.3@egg-security/config/config.default.js",
    "start": 1535451573073,
    "end": 1535451573074,
    "duration": 1,
    "pid": 13880,
    "index": 5
  },
  {
    "name": "Require(3) node_modules/_egg-jsonp@2.0.0@egg-jsonp/config/config.default.js",
    "start": 1535451573075,
    "end": 1535451573076,
    "duration": 1,
    "pid": 13880,
    "index": 6
  },
  {
    "name": "Require(4) node_modules/_egg-onerror@2.1.0@egg-onerror/config/config.default.js",
    "start": 1535451573076,
    "end": 1535451573077,
    "duration": 1,
    "pid": 13880,
    "index": 7
  },
  {
    "name": "Require(5) node_modules/_egg-i18n@2.0.0@egg-i18n/config/config.default.js",
    "start": 1535451573077,
    "end": 1535451573078,
    "duration": 1,
    "pid": 13880,
    "index": 8
  },
  {
    "name": "Require(6) node_modules/_egg-watcher@3.0.0@egg-watcher/config/config.default.js",
    "start": 1535451573078,
    "end": 1535451573079,
    "duration": 1,
    "pid": 13880,
    "index": 9
  },
  {
    "name": "Require(7) node_modules/_egg-multipart@2.1.0@egg-multipart/config/config.default.js",
    "start": 1535451573080,
    "end": 1535451573080,
    "duration": 0,
    "pid": 13880,
    "index": 10
  },
  {
    "name": "Require(8) node_modules/_egg-development@2.4.1@egg-development/config/config.default.js",
    "start": 1535451573081,
    "end": 1535451573082,
    "duration": 1,
    "pid": 13880,
    "index": 11
  },
  {
    "name": "Require(9) node_modules/_egg-schedule@3.3.0@egg-schedule/config/config.default.js",
    "start": 1535451573082,
    "end": 1535451573083,
    "duration": 1,
    "pid": 13880,
    "index": 12
  },
  {
    "name": "Require(10) node_modules/_egg-logrotator@3.0.3@egg-logrotator/config/config.default.js",
    "start": 1535451573084,
    "end": 1535451573084,
    "duration": 0,
    "pid": 13880,
    "index": 13
  },
  {
    "name": "Require(11) node_modules/_egg-static@2.1.1@egg-static/config/config.default.js",
    "start": 1535451573085,
    "end": 1535451573085,
    "duration": 0,
    "pid": 13880,
    "index": 14
  },
  {
    "name": "Require(12) node_modules/_egg-view@2.1.0@egg-view/config/config.default.js",
    "start": 1535451573086,
    "end": 1535451573086,
    "duration": 0,
    "pid": 13880,
    "index": 15
  },
  {
    "name": "Require(13) node_modules/_egg-view-ejs@2.0.0@egg-view-ejs/config/config.default.js",
    "start": 1535451573087,
    "end": 1535451573088,
    "duration": 1,
    "pid": 13880,
    "index": 16
  },
  {
    "name": "Require(14) node_modules/_egg-mysql@3.0.0@egg-mysql/config/config.default.js",
    "start": 1535451573088,
    "end": 1535451573089,
    "duration": 1,
    "pid": 13880,
    "index": 17
  },
  {
    "name": "Require(15) node_modules/_egg@2.10.0@egg/config/config.default.js",
    "start": 1535451573089,
    "end": 1535451573090,
    "duration": 1,
    "pid": 13880,
    "index": 18
  },
  {
    "name": "Require(16) config/config.default.js",
    "start": 1535451573093,
    "end": 1535451573093,
    "duration": 0,
    "pid": 13880,
    "index": 19
  },
  {
    "name": "Require(17) node_modules/_egg-security@2.2.3@egg-security/config/config.local.js",
    "start": 1535451573094,
    "end": 1535451573094,
    "duration": 0,
    "pid": 13880,
    "index": 20
  },
  {
    "name": "Require(18) node_modules/_egg-watcher@3.0.0@egg-watcher/config/config.local.js",
    "start": 1535451573096,
    "end": 1535451573096,
    "duration": 0,
    "pid": 13880,
    "index": 21
  },
  {
    "name": "Require(19) node_modules/_egg-view@2.1.0@egg-view/config/config.local.js",
    "start": 1535451573099,
    "end": 1535451573099,
    "duration": 0,
    "pid": 13880,
    "index": 22
  },
  {
    "name": "Require(20) node_modules/_egg-view-ejs@2.0.0@egg-view-ejs/config/config.local.js",
    "start": 1535451573100,
    "end": 1535451573100,
    "duration": 0,
    "pid": 13880,
    "index": 23
  },
  {
    "name": "Require(21) node_modules/_egg@2.10.0@egg/config/config.local.js",
    "start": 1535451573101,
    "end": 1535451573101,
    "duration": 0,
    "pid": 13880,
    "index": 24
  },
  {
    "name": "Load extend/application.js",
    "start": 1535451573103,
    "end": 1535451573133,
    "duration": 30,
    "pid": 13880,
    "index": 25
  },
  {
    "name": "Require(22) node_modules/_egg-session@3.1.0@egg-session/app/extend/application.js",
    "start": 1535451573104,
    "end": 1535451573105,
    "duration": 1,
    "pid": 13880,
    "index": 26
  },
  {
    "name": "Require(23) node_modules/_egg-security@2.2.3@egg-security/app/extend/application.js",
    "start": 1535451573106,
    "end": 1535451573110,
    "duration": 4,
    "pid": 13880,
    "index": 27
  },
  {
    "name": "Require(24) node_modules/_egg-jsonp@2.0.0@egg-jsonp/app/extend/application.js",
    "start": 1535451573112,
    "end": 1535451573115,
    "duration": 3,
    "pid": 13880,
    "index": 28
  },
  {
    "name": "Require(25) node_modules/_egg-logrotator@3.0.3@egg-logrotator/app/extend/application.js",
    "start": 1535451573117,
    "end": 1535451573124,
    "duration": 7,
    "pid": 13880,
    "index": 29
  },
  {
    "name": "Require(26) node_modules/_egg-view@2.1.0@egg-view/app/extend/application.js",
    "start": 1535451573125,
    "end": 1535451573128,
    "duration": 3,
    "pid": 13880,
    "index": 30
  },
  {
    "name": "Load extend/request.js",
    "start": 1535451573133,
    "end": 1535451573145,
    "duration": 12,
    "pid": 13880,
    "index": 31
  },
  {
    "name": "Require(27) node_modules/_egg@2.10.0@egg/app/extend/request.js",
    "start": 1535451573137,
    "end": 1535451573140,
    "duration": 3,
    "pid": 13880,
    "index": 32
  },
  {
    "name": "Load extend/response.js",
    "start": 1535451573146,
    "end": 1535451573157,
    "duration": 11,
    "pid": 13880,
    "index": 33
  },
  {
    "name": "Require(28) node_modules/_egg@2.10.0@egg/app/extend/response.js",
    "start": 1535451573149,
    "end": 1535451573153,
    "duration": 4,
    "pid": 13880,
    "index": 34
  },
  {
    "name": "Load extend/context.js",
    "start": 1535451573157,
    "end": 1535451573258,
    "duration": 101,
    "pid": 13880,
    "index": 35
  },
  {
    "name": "Require(29) node_modules/_egg-security@2.2.3@egg-security/app/extend/context.js",
    "start": 1535451573158,
    "end": 1535451573177,
    "duration": 19,
    "pid": 13880,
    "index": 36
  },
  {
    "name": "Require(30) node_modules/_egg-jsonp@2.0.0@egg-jsonp/app/extend/context.js",
    "start": 1535451573177,
    "end": 1535451573179,
    "duration": 2,
    "pid": 13880,
    "index": 37
  },
  {
    "name": "Require(31) node_modules/_egg-i18n@2.0.0@egg-i18n/app/extend/context.js",
    "start": 1535451573180,
    "end": 1535451573181,
    "duration": 1,
    "pid": 13880,
    "index": 38
  },
  {
    "name": "Require(32) node_modules/_egg-multipart@2.1.0@egg-multipart/app/extend/context.js",
    "start": 1535451573181,
    "end": 1535451573248,
    "duration": 67,
    "pid": 13880,
    "index": 39
  },
  {
    "name": "Require(33) node_modules/_egg-view@2.1.0@egg-view/app/extend/context.js",
    "start": 1535451573249,
    "end": 1535451573250,
    "duration": 1,
    "pid": 13880,
    "index": 40
  },
  {
    "name": "Require(34) node_modules/_egg@2.10.0@egg/app/extend/context.js",
    "start": 1535451573251,
    "end": 1535451573254,
    "duration": 3,
    "pid": 13880,
    "index": 41
  },
  {
    "name": "Load extend/helper.js",
    "start": 1535451573258,
    "end": 1535451573290,
    "duration": 32,
    "pid": 13880,
    "index": 42
  },
  {
    "name": "Require(35) node_modules/_egg-security@2.2.3@egg-security/app/extend/helper.js",
    "start": 1535451573259,
    "end": 1535451573282,
    "duration": 23,
    "pid": 13880,
    "index": 43
  },
  {
    "name": "Require(36) node_modules/_egg@2.10.0@egg/app/extend/helper.js",
    "start": 1535451573285,
    "end": 1535451573286,
    "duration": 1,
    "pid": 13880,
    "index": 44
  },
  {
    "name": "Load app.js",
    "start": 1535451573290,
    "end": 1535451573562,
    "duration": 272,
    "pid": 13880,
    "index": 45
  },
  {
    "name": "Require(37) node_modules/_egg-session@3.1.0@egg-session/app.js",
    "start": 1535451573291,
    "end": 1535451573291,
    "duration": 0,
    "pid": 13880,
    "index": 46
  },
  {
    "name": "Require(38) node_modules/_egg-security@2.2.3@egg-security/app.js",
    "start": 1535451573292,
    "end": 1535451573295,
    "duration": 3,
    "pid": 13880,
    "index": 47
  },
  {
    "name": "Require(39) node_modules/_egg-onerror@2.1.0@egg-onerror/app.js",
    "start": 1535451573297,
    "end": 1535451573311,
    "duration": 14,
    "pid": 13880,
    "index": 48
  },
  {
    "name": "Require(40) node_modules/_egg-i18n@2.0.0@egg-i18n/app.js",
    "start": 1535451573312,
    "end": 1535451573324,
    "duration": 12,
    "pid": 13880,
    "index": 49
  },
  {
    "name": "Require(41) node_modules/_egg-watcher@3.0.0@egg-watcher/app.js",
    "start": 1535451573328,
    "end": 1535451573334,
    "duration": 6,
    "pid": 13880,
    "index": 50
  },
  {
    "name": "Before Start in node_modules/_egg-watcher@3.0.0@egg-watcher/app.js:15:7",
    "start": 1535451573345,
    "end": 1535451573754,
    "duration": 409,
    "pid": 13880,
    "index": 51
  },
  {
    "name": "Require(42) node_modules/_egg-multipart@2.1.0@egg-multipart/app.js",
    "start": 1535451573347,
    "end": 1535451573351,
    "duration": 4,
    "pid": 13880,
    "index": 52
  },
  {
    "name": "Require(43) node_modules/_egg-development@2.4.1@egg-development/app.js",
    "start": 1535451573353,
    "end": 1535451573353,
    "duration": 0,
    "pid": 13880,
    "index": 53
  },
  {
    "name": "Require(44) node_modules/_egg-schedule@3.3.0@egg-schedule/app.js",
    "start": 1535451573354,
    "end": 1535451573356,
    "duration": 2,
    "pid": 13880,
    "index": 54
  },
  {
    "name": "Require(45) node_modules/_egg-logrotator@3.0.3@egg-logrotator/app.js",
    "start": 1535451573407,
    "end": 1535451573407,
    "duration": 0,
    "pid": 13880,
    "index": 55
  },
  {
    "name": "Require(46) node_modules/_egg-static@2.1.1@egg-static/app.js",
    "start": 1535451573408,
    "end": 1535451573408,
    "duration": 0,
    "pid": 13880,
    "index": 56
  },
  {
    "name": "Require(47) node_modules/_egg-view-ejs@2.0.0@egg-view-ejs/app.js",
    "start": 1535451573409,
    "end": 1535451573409,
    "duration": 0,
    "pid": 13880,
    "index": 57
  },
  {
    "name": "Require(48) node_modules/_egg-mysql@3.0.0@egg-mysql/app.js",
    "start": 1535451573417,
    "end": 1535451573444,
    "duration": 27,
    "pid": 13880,
    "index": 58
  },
  {
    "name": "Before Start in node_modules/_egg-mysql@3.0.0@egg-mysql/lib/mysql.js:20:7",
    "start": 1535451573560,
    "end": 1535451573759,
    "duration": 199,
    "pid": 13880,
    "index": 59
  },
  {
    "name": "Load Service",
    "start": 1535451573562,
    "end": 1535451573569,
    "duration": 7,
    "pid": 13880,
    "index": 60
  },
  {
    "name": "Load \"service\" to Context",
    "start": 1535451573563,
    "end": 1535451573569,
    "duration": 6,
    "pid": 13880,
    "index": 61
  },
  {
    "name": "Load Middleware",
    "start": 1535451573569,
    "end": 1535451573710,
    "duration": 141,
    "pid": 13880,
    "index": 62
  },
  {
    "name": "Load \"middlewares\" to Application",
    "start": 1535451573570,
    "end": 1535451573693,
    "duration": 123,
    "pid": 13880,
    "index": 63
  },
  {
    "name": "Load Controller",
    "start": 1535451573711,
    "end": 1535451573714,
    "duration": 3,
    "pid": 13880,
    "index": 64
  },
  {
    "name": "Load \"controller\" to Application",
    "start": 1535451573711,
    "end": 1535451573714,
    "duration": 3,
    "pid": 13880,
    "index": 65
  },
  {
    "name": "Load Router",
    "start": 1535451573714,
    "end": 1535451573717,
    "duration": 3,
    "pid": 13880,
    "index": 66
  },
  {
    "name": "Require(49) app/router.js",
    "start": 1535451573714,
    "end": 1535451573714,
    "duration": 0,
    "pid": 13880,
    "index": 67
  },
  {
    "name": "Before Start in node_modules/_egg-core@4.9.1@egg-core/lib/egg.js:328:10",
    "start": 1535451573715,
    "end": 1535451573738,
    "duration": 23,
    "pid": 13880,
    "index": 68
  }
]