[
  {
    "name": "Application Start",
    "start": 1535452546816,
    "end": 1535452547629,
    "duration": 813,
    "pid": 4360,
    "index": 0
  },
  {
    "name": "Load Plugin",
    "start": 1535452546825,
    "end": 1535452546858,
    "duration": 33,
    "pid": 4360,
    "index": 1
  },
  {
    "name": "Load Config",
    "start": 1535452546858,
    "end": 1535452546895,
    "duration": 37,
    "pid": 4360,
    "index": 2
  },
  {
    "name": "Require(0) config/config.default.js",
    "start": 1535452546859,
    "end": 1535452546859,
    "duration": 0,
    "pid": 4360,
    "index": 3
  },
  {
    "name": "Require(1) node_modules/_egg-session@3.1.0@egg-session/config/config.default.js",
    "start": 1535452546861,
    "end": 1535452546862,
    "duration": 1,
    "pid": 4360,
    "index": 4
  },
  {
    "name": "Require(2) node_modules/_egg-security@2.2.3@egg-security/config/config.default.js",
    "start": 1535452546863,
    "end": 1535452546864,
    "duration": 1,
    "pid": 4360,
    "index": 5
  },
  {
    "name": "Require(3) node_modules/_egg-jsonp@2.0.0@egg-jsonp/config/config.default.js",
    "start": 1535452546866,
    "end": 1535452546866,
    "duration": 0,
    "pid": 4360,
    "index": 6
  },
  {
    "name": "Require(4) node_modules/_egg-onerror@2.1.0@egg-onerror/config/config.default.js",
    "start": 1535452546867,
    "end": 1535452546867,
    "duration": 0,
    "pid": 4360,
    "index": 7
  },
  {
    "name": "Require(5) node_modules/_egg-i18n@2.0.0@egg-i18n/config/config.default.js",
    "start": 1535452546868,
    "end": 1535452546868,
    "duration": 0,
    "pid": 4360,
    "index": 8
  },
  {
    "name": "Require(6) node_modules/_egg-watcher@3.0.0@egg-watcher/config/config.default.js",
    "start": 1535452546869,
    "end": 1535452546869,
    "duration": 0,
    "pid": 4360,
    "index": 9
  },
  {
    "name": "Require(7) node_modules/_egg-multipart@2.1.0@egg-multipart/config/config.default.js",
    "start": 1535452546870,
    "end": 1535452546870,
    "duration": 0,
    "pid": 4360,
    "index": 10
  },
  {
    "name": "Require(8) node_modules/_egg-development@2.4.1@egg-development/config/config.default.js",
    "start": 1535452546871,
    "end": 1535452546872,
    "duration": 1,
    "pid": 4360,
    "index": 11
  },
  {
    "name": "Require(9) node_modules/_egg-schedule@3.3.0@egg-schedule/config/config.default.js",
    "start": 1535452546873,
    "end": 1535452546873,
    "duration": 0,
    "pid": 4360,
    "index": 12
  },
  {
    "name": "Require(10) node_modules/_egg-logrotator@3.0.3@egg-logrotator/config/config.default.js",
    "start": 1535452546874,
    "end": 1535452546874,
    "duration": 0,
    "pid": 4360,
    "index": 13
  },
  {
    "name": "Require(11) node_modules/_egg-static@2.1.1@egg-static/config/config.default.js",
    "start": 1535452546875,
    "end": 1535452546875,
    "duration": 0,
    "pid": 4360,
    "index": 14
  },
  {
    "name": "Require(12) node_modules/_egg-view@2.1.0@egg-view/config/config.default.js",
    "start": 1535452546876,
    "end": 1535452546877,
    "duration": 1,
    "pid": 4360,
    "index": 15
  },
  {
    "name": "Require(13) node_modules/_egg-view-ejs@2.0.0@egg-view-ejs/config/config.default.js",
    "start": 1535452546878,
    "end": 1535452546878,
    "duration": 0,
    "pid": 4360,
    "index": 16
  },
  {
    "name": "Require(14) node_modules/_egg-mysql@3.0.0@egg-mysql/config/config.default.js",
    "start": 1535452546879,
    "end": 1535452546879,
    "duration": 0,
    "pid": 4360,
    "index": 17
  },
  {
    "name": "Require(15) node_modules/_egg@2.10.0@egg/config/config.default.js",
    "start": 1535452546880,
    "end": 1535452546880,
    "duration": 0,
    "pid": 4360,
    "index": 18
  },
  {
    "name": "Require(16) config/config.default.js",
    "start": 1535452546883,
    "end": 1535452546883,
    "duration": 0,
    "pid": 4360,
    "index": 19
  },
  {
    "name": "Require(17) node_modules/_egg-security@2.2.3@egg-security/config/config.local.js",
    "start": 1535452546884,
    "end": 1535452546884,
    "duration": 0,
    "pid": 4360,
    "index": 20
  },
  {
    "name": "Require(18) node_modules/_egg-watcher@3.0.0@egg-watcher/config/config.local.js",
    "start": 1535452546886,
    "end": 1535452546886,
    "duration": 0,
    "pid": 4360,
    "index": 21
  },
  {
    "name": "Require(19) node_modules/_egg-view@2.1.0@egg-view/config/config.local.js",
    "start": 1535452546889,
    "end": 1535452546889,
    "duration": 0,
    "pid": 4360,
    "index": 22
  },
  {
    "name": "Require(20) node_modules/_egg-view-ejs@2.0.0@egg-view-ejs/config/config.local.js",
    "start": 1535452546890,
    "end": 1535452546890,
    "duration": 0,
    "pid": 4360,
    "index": 23
  },
  {
    "name": "Require(21) node_modules/_egg@2.10.0@egg/config/config.local.js",
    "start": 1535452546891,
    "end": 1535452546895,
    "duration": 4,
    "pid": 4360,
    "index": 24
  },
  {
    "name": "Load extend/application.js",
    "start": 1535452546897,
    "end": 1535452546918,
    "duration": 21,
    "pid": 4360,
    "index": 25
  },
  {
    "name": "Require(22) node_modules/_egg-session@3.1.0@egg-session/app/extend/application.js",
    "start": 1535452546898,
    "end": 1535452546899,
    "duration": 1,
    "pid": 4360,
    "index": 26
  },
  {
    "name": "Require(23) node_modules/_egg-security@2.2.3@egg-security/app/extend/application.js",
    "start": 1535452546899,
    "end": 1535452546901,
    "duration": 2,
    "pid": 4360,
    "index": 27
  },
  {
    "name": "Require(24) node_modules/_egg-jsonp@2.0.0@egg-jsonp/app/extend/application.js",
    "start": 1535452546901,
    "end": 1535452546904,
    "duration": 3,
    "pid": 4360,
    "index": 28
  },
  {
    "name": "Require(25) node_modules/_egg-logrotator@3.0.3@egg-logrotator/app/extend/application.js",
    "start": 1535452546906,
    "end": 1535452546910,
    "duration": 4,
    "pid": 4360,
    "index": 29
  },
  {
    "name": "Require(26) node_modules/_egg-view@2.1.0@egg-view/app/extend/application.js",
    "start": 1535452546911,
    "end": 1535452546913,
    "duration": 2,
    "pid": 4360,
    "index": 30
  },
  {
    "name": "Load extend/request.js",
    "start": 1535452546918,
    "end": 1535452546930,
    "duration": 12,
    "pid": 4360,
    "index": 31
  },
  {
    "name": "Require(27) node_modules/_egg@2.10.0@egg/app/extend/request.js",
    "start": 1535452546922,
    "end": 1535452546926,
    "duration": 4,
    "pid": 4360,
    "index": 32
  },
  {
    "name": "Load extend/response.js",
    "start": 1535452546930,
    "end": 1535452546949,
    "duration": 19,
    "pid": 4360,
    "index": 33
  },
  {
    "name": "Require(28) node_modules/_egg@2.10.0@egg/app/extend/response.js",
    "start": 1535452546939,
    "end": 1535452546944,
    "duration": 5,
    "pid": 4360,
    "index": 34
  },
  {
    "name": "Load extend/context.js",
    "start": 1535452546949,
    "end": 1535452547086,
    "duration": 137,
    "pid": 4360,
    "index": 35
  },
  {
    "name": "Require(29) node_modules/_egg-security@2.2.3@egg-security/app/extend/context.js",
    "start": 1535452546949,
    "end": 1535452546968,
    "duration": 19,
    "pid": 4360,
    "index": 36
  },
  {
    "name": "Require(30) node_modules/_egg-jsonp@2.0.0@egg-jsonp/app/extend/context.js",
    "start": 1535452546968,
    "end": 1535452546970,
    "duration": 2,
    "pid": 4360,
    "index": 37
  },
  {
    "name": "Require(31) node_modules/_egg-i18n@2.0.0@egg-i18n/app/extend/context.js",
    "start": 1535452546971,
    "end": 1535452546971,
    "duration": 0,
    "pid": 4360,
    "index": 38
  },
  {
    "name": "Require(32) node_modules/_egg-multipart@2.1.0@egg-multipart/app/extend/context.js",
    "start": 1535452546972,
    "end": 1535452547063,
    "duration": 91,
    "pid": 4360,
    "index": 39
  },
  {
    "name": "Require(33) node_modules/_egg-view@2.1.0@egg-view/app/extend/context.js",
    "start": 1535452547065,
    "end": 1535452547068,
    "duration": 3,
    "pid": 4360,
    "index": 40
  },
  {
    "name": "Require(34) node_modules/_egg@2.10.0@egg/app/extend/context.js",
    "start": 1535452547070,
    "end": 1535452547078,
    "duration": 8,
    "pid": 4360,
    "index": 41
  },
  {
    "name": "Load extend/helper.js",
    "start": 1535452547087,
    "end": 1535452547127,
    "duration": 40,
    "pid": 4360,
    "index": 42
  },
  {
    "name": "Require(35) node_modules/_egg-security@2.2.3@egg-security/app/extend/helper.js",
    "start": 1535452547089,
    "end": 1535452547117,
    "duration": 28,
    "pid": 4360,
    "index": 43
  },
  {
    "name": "Require(36) node_modules/_egg@2.10.0@egg/app/extend/helper.js",
    "start": 1535452547122,
    "end": 1535452547122,
    "duration": 0,
    "pid": 4360,
    "index": 44
  },
  {
    "name": "Load app.js",
    "start": 1535452547128,
    "end": 1535452547443,
    "duration": 315,
    "pid": 4360,
    "index": 45
  },
  {
    "name": "Require(37) node_modules/_egg-session@3.1.0@egg-session/app.js",
    "start": 1535452547128,
    "end": 1535452547129,
    "duration": 1,
    "pid": 4360,
    "index": 46
  },
  {
    "name": "Require(38) node_modules/_egg-security@2.2.3@egg-security/app.js",
    "start": 1535452547130,
    "end": 1535452547133,
    "duration": 3,
    "pid": 4360,
    "index": 47
  },
  {
    "name": "Require(39) node_modules/_egg-onerror@2.1.0@egg-onerror/app.js",
    "start": 1535452547135,
    "end": 1535452547159,
    "duration": 24,
    "pid": 4360,
    "index": 48
  },
  {
    "name": "Require(40) node_modules/_egg-i18n@2.0.0@egg-i18n/app.js",
    "start": 1535452547161,
    "end": 1535452547176,
    "duration": 15,
    "pid": 4360,
    "index": 49
  },
  {
    "name": "Require(41) node_modules/_egg-watcher@3.0.0@egg-watcher/app.js",
    "start": 1535452547181,
    "end": 1535452547187,
    "duration": 6,
    "pid": 4360,
    "index": 50
  },
  {
    "name": "Before Start in node_modules/_egg-watcher@3.0.0@egg-watcher/app.js:15:7",
    "start": 1535452547209,
    "end": 1535452547623,
    "duration": 414,
    "pid": 4360,
    "index": 51
  },
  {
    "name": "Require(42) node_modules/_egg-multipart@2.1.0@egg-multipart/app.js",
    "start": 1535452547210,
    "end": 1535452547215,
    "duration": 5,
    "pid": 4360,
    "index": 52
  },
  {
    "name": "Require(43) node_modules/_egg-development@2.4.1@egg-development/app.js",
    "start": 1535452547218,
    "end": 1535452547218,
    "duration": 0,
    "pid": 4360,
    "index": 53
  },
  {
    "name": "Require(44) node_modules/_egg-schedule@3.3.0@egg-schedule/app.js",
    "start": 1535452547219,
    "end": 1535452547224,
    "duration": 5,
    "pid": 4360,
    "index": 54
  },
  {
    "name": "Require(45) node_modules/_egg-logrotator@3.0.3@egg-logrotator/app.js",
    "start": 1535452547282,
    "end": 1535452547282,
    "duration": 0,
    "pid": 4360,
    "index": 55
  },
  {
    "name": "Require(46) node_modules/_egg-static@2.1.1@egg-static/app.js",
    "start": 1535452547283,
    "end": 1535452547283,
    "duration": 0,
    "pid": 4360,
    "index": 56
  },
  {
    "name": "Require(47) node_modules/_egg-view-ejs@2.0.0@egg-view-ejs/app.js",
    "start": 1535452547285,
    "end": 1535452547285,
    "duration": 0,
    "pid": 4360,
    "index": 57
  },
  {
    "name": "Require(48) node_modules/_egg-mysql@3.0.0@egg-mysql/app.js",
    "start": 1535452547294,
    "end": 1535452547327,
    "duration": 33,
    "pid": 4360,
    "index": 58
  },
  {
    "name": "Before Start in node_modules/_egg-mysql@3.0.0@egg-mysql/lib/mysql.js:20:7",
    "start": 1535452547441,
    "end": 1535452547628,
    "duration": 187,
    "pid": 4360,
    "index": 59
  },
  {
    "name": "Load Service",
    "start": 1535452547443,
    "end": 1535452547450,
    "duration": 7,
    "pid": 4360,
    "index": 60
  },
  {
    "name": "Load \"service\" to Context",
    "start": 1535452547443,
    "end": 1535452547450,
    "duration": 7,
    "pid": 4360,
    "index": 61
  },
  {
    "name": "Load Middleware",
    "start": 1535452547450,
    "end": 1535452547577,
    "duration": 127,
    "pid": 4360,
    "index": 62
  },
  {
    "name": "Load \"middlewares\" to Application",
    "start": 1535452547451,
    "end": 1535452547560,
    "duration": 109,
    "pid": 4360,
    "index": 63
  },
  {
    "name": "Load Controller",
    "start": 1535452547578,
    "end": 1535452547582,
    "duration": 4,
    "pid": 4360,
    "index": 64
  },
  {
    "name": "Load \"controller\" to Application",
    "start": 1535452547578,
    "end": 1535452547582,
    "duration": 4,
    "pid": 4360,
    "index": 65
  },
  {
    "name": "Load Router",
    "start": 1535452547582,
    "end": 1535452547585,
    "duration": 3,
    "pid": 4360,
    "index": 66
  },
  {
    "name": "Require(49) app/router.js",
    "start": 1535452547582,
    "end": 1535452547583,
    "duration": 1,
    "pid": 4360,
    "index": 67
  },
  {
    "name": "Before Start in node_modules/_egg-core@4.9.1@egg-core/lib/egg.js:328:10",
    "start": 1535452547583,
    "end": 1535452547606,
    "duration": 23,
    "pid": 4360,
    "index": 68
  }
]