[
  {
    "name": "Application Start",
    "start": 1535454085133,
    "end": 1535454086005,
    "duration": 872,
    "pid": 6832,
    "index": 0
  },
  {
    "name": "Load Plugin",
    "start": 1535454085146,
    "end": 1535454085198,
    "duration": 52,
    "pid": 6832,
    "index": 1
  },
  {
    "name": "Load Config",
    "start": 1535454085199,
    "end": 1535454085266,
    "duration": 67,
    "pid": 6832,
    "index": 2
  },
  {
    "name": "Require(0) config/config.default.js",
    "start": 1535454085207,
    "end": 1535454085208,
    "duration": 1,
    "pid": 6832,
    "index": 3
  },
  {
    "name": "Require(1) node_modules/_egg-session@3.1.0@egg-session/config/config.default.js",
    "start": 1535454085211,
    "end": 1535454085212,
    "duration": 1,
    "pid": 6832,
    "index": 4
  },
  {
    "name": "Require(2) node_modules/_egg-security@2.2.3@egg-security/config/config.default.js",
    "start": 1535454085213,
    "end": 1535454085215,
    "duration": 2,
    "pid": 6832,
    "index": 5
  },
  {
    "name": "Require(3) node_modules/_egg-jsonp@2.0.0@egg-jsonp/config/config.default.js",
    "start": 1535454085218,
    "end": 1535454085218,
    "duration": 0,
    "pid": 6832,
    "index": 6
  },
  {
    "name": "Require(4) node_modules/_egg-onerror@2.1.0@egg-onerror/config/config.default.js",
    "start": 1535454085219,
    "end": 1535454085220,
    "duration": 1,
    "pid": 6832,
    "index": 7
  },
  {
    "name": "Require(5) node_modules/_egg-i18n@2.0.0@egg-i18n/config/config.default.js",
    "start": 1535454085221,
    "end": 1535454085222,
    "duration": 1,
    "pid": 6832,
    "index": 8
  },
  {
    "name": "Require(6) node_modules/_egg-watcher@3.0.0@egg-watcher/config/config.default.js",
    "start": 1535454085223,
    "end": 1535454085224,
    "duration": 1,
    "pid": 6832,
    "index": 9
  },
  {
    "name": "Require(7) node_modules/_egg-multipart@2.1.0@egg-multipart/config/config.default.js",
    "start": 1535454085226,
    "end": 1535454085227,
    "duration": 1,
    "pid": 6832,
    "index": 10
  },
  {
    "name": "Require(8) node_modules/_egg-development@2.4.1@egg-development/config/config.default.js",
    "start": 1535454085228,
    "end": 1535454085228,
    "duration": 0,
    "pid": 6832,
    "index": 11
  },
  {
    "name": "Require(9) node_modules/_egg-schedule@3.3.0@egg-schedule/config/config.default.js",
    "start": 1535454085229,
    "end": 1535454085230,
    "duration": 1,
    "pid": 6832,
    "index": 12
  },
  {
    "name": "Require(10) node_modules/_egg-logrotator@3.0.3@egg-logrotator/config/config.default.js",
    "start": 1535454085232,
    "end": 1535454085232,
    "duration": 0,
    "pid": 6832,
    "index": 13
  },
  {
    "name": "Require(11) node_modules/_egg-static@2.1.1@egg-static/config/config.default.js",
    "start": 1535454085233,
    "end": 1535454085234,
    "duration": 1,
    "pid": 6832,
    "index": 14
  },
  {
    "name": "Require(12) node_modules/_egg-view@2.1.0@egg-view/config/config.default.js",
    "start": 1535454085235,
    "end": 1535454085236,
    "duration": 1,
    "pid": 6832,
    "index": 15
  },
  {
    "name": "Require(13) node_modules/_egg-view-ejs@2.0.0@egg-view-ejs/config/config.default.js",
    "start": 1535454085237,
    "end": 1535454085238,
    "duration": 1,
    "pid": 6832,
    "index": 16
  },
  {
    "name": "Require(14) node_modules/_egg-mysql@3.0.0@egg-mysql/config/config.default.js",
    "start": 1535454085239,
    "end": 1535454085240,
    "duration": 1,
    "pid": 6832,
    "index": 17
  },
  {
    "name": "Require(15) node_modules/_egg@2.10.0@egg/config/config.default.js",
    "start": 1535454085241,
    "end": 1535454085242,
    "duration": 1,
    "pid": 6832,
    "index": 18
  },
  {
    "name": "Require(16) config/config.default.js",
    "start": 1535454085246,
    "end": 1535454085246,
    "duration": 0,
    "pid": 6832,
    "index": 19
  },
  {
    "name": "Require(17) node_modules/_egg-security@2.2.3@egg-security/config/config.local.js",
    "start": 1535454085248,
    "end": 1535454085250,
    "duration": 2,
    "pid": 6832,
    "index": 20
  },
  {
    "name": "Require(18) node_modules/_egg-watcher@3.0.0@egg-watcher/config/config.local.js",
    "start": 1535454085254,
    "end": 1535454085255,
    "duration": 1,
    "pid": 6832,
    "index": 21
  },
  {
    "name": "Require(19) node_modules/_egg-view@2.1.0@egg-view/config/config.local.js",
    "start": 1535454085262,
    "end": 1535454085263,
    "duration": 1,
    "pid": 6832,
    "index": 22
  },
  {
    "name": "Require(20) node_modules/_egg-view-ejs@2.0.0@egg-view-ejs/config/config.local.js",
    "start": 1535454085264,
    "end": 1535454085264,
    "duration": 0,
    "pid": 6832,
    "index": 23
  },
  {
    "name": "Require(21) node_modules/_egg@2.10.0@egg/config/config.local.js",
    "start": 1535454085265,
    "end": 1535454085266,
    "duration": 1,
    "pid": 6832,
    "index": 24
  },
  {
    "name": "Load extend/application.js",
    "start": 1535454085269,
    "end": 1535454085342,
    "duration": 73,
    "pid": 6832,
    "index": 25
  },
  {
    "name": "Require(22) node_modules/_egg-session@3.1.0@egg-session/app/extend/application.js",
    "start": 1535454085271,
    "end": 1535454085272,
    "duration": 1,
    "pid": 6832,
    "index": 26
  },
  {
    "name": "Require(23) node_modules/_egg-security@2.2.3@egg-security/app/extend/application.js",
    "start": 1535454085273,
    "end": 1535454085277,
    "duration": 4,
    "pid": 6832,
    "index": 27
  },
  {
    "name": "Require(24) node_modules/_egg-jsonp@2.0.0@egg-jsonp/app/extend/application.js",
    "start": 1535454085279,
    "end": 1535454085289,
    "duration": 10,
    "pid": 6832,
    "index": 28
  },
  {
    "name": "Require(25) node_modules/_egg-logrotator@3.0.3@egg-logrotator/app/extend/application.js",
    "start": 1535454085293,
    "end": 1535454085326,
    "duration": 33,
    "pid": 6832,
    "index": 29
  },
  {
    "name": "Require(26) node_modules/_egg-view@2.1.0@egg-view/app/extend/application.js",
    "start": 1535454085328,
    "end": 1535454085333,
    "duration": 5,
    "pid": 6832,
    "index": 30
  },
  {
    "name": "Load extend/request.js",
    "start": 1535454085343,
    "end": 1535454085366,
    "duration": 23,
    "pid": 6832,
    "index": 31
  },
  {
    "name": "Require(27) node_modules/_egg@2.10.0@egg/app/extend/request.js",
    "start": 1535454085348,
    "end": 1535454085357,
    "duration": 9,
    "pid": 6832,
    "index": 32
  },
  {
    "name": "Load extend/response.js",
    "start": 1535454085366,
    "end": 1535454085395,
    "duration": 29,
    "pid": 6832,
    "index": 33
  },
  {
    "name": "Require(28) node_modules/_egg@2.10.0@egg/app/extend/response.js",
    "start": 1535454085381,
    "end": 1535454085386,
    "duration": 5,
    "pid": 6832,
    "index": 34
  },
  {
    "name": "Load extend/context.js",
    "start": 1535454085396,
    "end": 1535454085512,
    "duration": 116,
    "pid": 6832,
    "index": 35
  },
  {
    "name": "Require(29) node_modules/_egg-security@2.2.3@egg-security/app/extend/context.js",
    "start": 1535454085397,
    "end": 1535454085432,
    "duration": 35,
    "pid": 6832,
    "index": 36
  },
  {
    "name": "Require(30) node_modules/_egg-jsonp@2.0.0@egg-jsonp/app/extend/context.js",
    "start": 1535454085433,
    "end": 1535454085435,
    "duration": 2,
    "pid": 6832,
    "index": 37
  },
  {
    "name": "Require(31) node_modules/_egg-i18n@2.0.0@egg-i18n/app/extend/context.js",
    "start": 1535454085436,
    "end": 1535454085436,
    "duration": 0,
    "pid": 6832,
    "index": 38
  },
  {
    "name": "Require(32) node_modules/_egg-multipart@2.1.0@egg-multipart/app/extend/context.js",
    "start": 1535454085437,
    "end": 1535454085496,
    "duration": 59,
    "pid": 6832,
    "index": 39
  },
  {
    "name": "Require(33) node_modules/_egg-view@2.1.0@egg-view/app/extend/context.js",
    "start": 1535454085499,
    "end": 1535454085500,
    "duration": 1,
    "pid": 6832,
    "index": 40
  },
  {
    "name": "Require(34) node_modules/_egg@2.10.0@egg/app/extend/context.js",
    "start": 1535454085501,
    "end": 1535454085505,
    "duration": 4,
    "pid": 6832,
    "index": 41
  },
  {
    "name": "Load extend/helper.js",
    "start": 1535454085512,
    "end": 1535454085545,
    "duration": 33,
    "pid": 6832,
    "index": 42
  },
  {
    "name": "Require(35) node_modules/_egg-security@2.2.3@egg-security/app/extend/helper.js",
    "start": 1535454085513,
    "end": 1535454085535,
    "duration": 22,
    "pid": 6832,
    "index": 43
  },
  {
    "name": "Require(36) node_modules/_egg@2.10.0@egg/app/extend/helper.js",
    "start": 1535454085539,
    "end": 1535454085539,
    "duration": 0,
    "pid": 6832,
    "index": 44
  },
  {
    "name": "Load app.js",
    "start": 1535454085545,
    "end": 1535454085811,
    "duration": 266,
    "pid": 6832,
    "index": 45
  },
  {
    "name": "Require(37) node_modules/_egg-session@3.1.0@egg-session/app.js",
    "start": 1535454085546,
    "end": 1535454085546,
    "duration": 0,
    "pid": 6832,
    "index": 46
  },
  {
    "name": "Require(38) node_modules/_egg-security@2.2.3@egg-security/app.js",
    "start": 1535454085547,
    "end": 1535454085550,
    "duration": 3,
    "pid": 6832,
    "index": 47
  },
  {
    "name": "Require(39) node_modules/_egg-onerror@2.1.0@egg-onerror/app.js",
    "start": 1535454085551,
    "end": 1535454085565,
    "duration": 14,
    "pid": 6832,
    "index": 48
  },
  {
    "name": "Require(40) node_modules/_egg-i18n@2.0.0@egg-i18n/app.js",
    "start": 1535454085566,
    "end": 1535454085579,
    "duration": 13,
    "pid": 6832,
    "index": 49
  },
  {
    "name": "Require(41) node_modules/_egg-watcher@3.0.0@egg-watcher/app.js",
    "start": 1535454085584,
    "end": 1535454085591,
    "duration": 7,
    "pid": 6832,
    "index": 50
  },
  {
    "name": "Before Start in node_modules/_egg-watcher@3.0.0@egg-watcher/app.js:15:7",
    "start": 1535454085602,
    "end": 1535454086000,
    "duration": 398,
    "pid": 6832,
    "index": 51
  },
  {
    "name": "Require(42) node_modules/_egg-multipart@2.1.0@egg-multipart/app.js",
    "start": 1535454085603,
    "end": 1535454085609,
    "duration": 6,
    "pid": 6832,
    "index": 52
  },
  {
    "name": "Require(43) node_modules/_egg-development@2.4.1@egg-development/app.js",
    "start": 1535454085611,
    "end": 1535454085611,
    "duration": 0,
    "pid": 6832,
    "index": 53
  },
  {
    "name": "Require(44) node_modules/_egg-schedule@3.3.0@egg-schedule/app.js",
    "start": 1535454085611,
    "end": 1535454085614,
    "duration": 3,
    "pid": 6832,
    "index": 54
  },
  {
    "name": "Require(45) node_modules/_egg-logrotator@3.0.3@egg-logrotator/app.js",
    "start": 1535454085667,
    "end": 1535454085667,
    "duration": 0,
    "pid": 6832,
    "index": 55
  },
  {
    "name": "Require(46) node_modules/_egg-static@2.1.1@egg-static/app.js",
    "start": 1535454085668,
    "end": 1535454085668,
    "duration": 0,
    "pid": 6832,
    "index": 56
  },
  {
    "name": "Require(47) node_modules/_egg-view-ejs@2.0.0@egg-view-ejs/app.js",
    "start": 1535454085670,
    "end": 1535454085670,
    "duration": 0,
    "pid": 6832,
    "index": 57
  },
  {
    "name": "Require(48) node_modules/_egg-mysql@3.0.0@egg-mysql/app.js",
    "start": 1535454085678,
    "end": 1535454085704,
    "duration": 26,
    "pid": 6832,
    "index": 58
  },
  {
    "name": "Before Start in node_modules/_egg-mysql@3.0.0@egg-mysql/lib/mysql.js:20:7",
    "start": 1535454085809,
    "end": 1535454086005,
    "duration": 196,
    "pid": 6832,
    "index": 59
  },
  {
    "name": "Load Service",
    "start": 1535454085811,
    "end": 1535454085818,
    "duration": 7,
    "pid": 6832,
    "index": 60
  },
  {
    "name": "Load \"service\" to Context",
    "start": 1535454085811,
    "end": 1535454085818,
    "duration": 7,
    "pid": 6832,
    "index": 61
  },
  {
    "name": "Load Middleware",
    "start": 1535454085818,
    "end": 1535454085954,
    "duration": 136,
    "pid": 6832,
    "index": 62
  },
  {
    "name": "Load \"middlewares\" to Application",
    "start": 1535454085818,
    "end": 1535454085938,
    "duration": 120,
    "pid": 6832,
    "index": 63
  },
  {
    "name": "Load Controller",
    "start": 1535454085955,
    "end": 1535454085958,
    "duration": 3,
    "pid": 6832,
    "index": 64
  },
  {
    "name": "Load \"controller\" to Application",
    "start": 1535454085955,
    "end": 1535454085958,
    "duration": 3,
    "pid": 6832,
    "index": 65
  },
  {
    "name": "Load Router",
    "start": 1535454085959,
    "end": 1535454085961,
    "duration": 2,
    "pid": 6832,
    "index": 66
  },
  {
    "name": "Require(49) app/router.js",
    "start": 1535454085959,
    "end": 1535454085959,
    "duration": 0,
    "pid": 6832,
    "index": 67
  },
  {
    "name": "Before Start in node_modules/_egg-core@4.9.1@egg-core/lib/egg.js:328:10",
    "start": 1535454085960,
    "end": 1535454085982,
    "duration": 22,
    "pid": 6832,
    "index": 68
  }
]