[
  {
    "name": "Application Start",
    "start": 1535453745657,
    "end": 1535453746410,
    "duration": 753,
    "pid": 12660,
    "index": 0
  },
  {
    "name": "Load Plugin",
    "start": 1535453745663,
    "end": 1535453745696,
    "duration": 33,
    "pid": 12660,
    "index": 1
  },
  {
    "name": "Load Config",
    "start": 1535453745696,
    "end": 1535453745734,
    "duration": 38,
    "pid": 12660,
    "index": 2
  },
  {
    "name": "Require(0) config/config.default.js",
    "start": 1535453745697,
    "end": 1535453745697,
    "duration": 0,
    "pid": 12660,
    "index": 3
  },
  {
    "name": "Require(1) node_modules/_egg-session@3.1.0@egg-session/config/config.default.js",
    "start": 1535453745700,
    "end": 1535453745701,
    "duration": 1,
    "pid": 12660,
    "index": 4
  },
  {
    "name": "Require(2) node_modules/_egg-security@2.2.3@egg-security/config/config.default.js",
    "start": 1535453745703,
    "end": 1535453745703,
    "duration": 0,
    "pid": 12660,
    "index": 5
  },
  {
    "name": "Require(3) node_modules/_egg-jsonp@2.0.0@egg-jsonp/config/config.default.js",
    "start": 1535453745705,
    "end": 1535453745706,
    "duration": 1,
    "pid": 12660,
    "index": 6
  },
  {
    "name": "Require(4) node_modules/_egg-onerror@2.1.0@egg-onerror/config/config.default.js",
    "start": 1535453745707,
    "end": 1535453745707,
    "duration": 0,
    "pid": 12660,
    "index": 7
  },
  {
    "name": "Require(5) node_modules/_egg-i18n@2.0.0@egg-i18n/config/config.default.js",
    "start": 1535453745708,
    "end": 1535453745709,
    "duration": 1,
    "pid": 12660,
    "index": 8
  },
  {
    "name": "Require(6) node_modules/_egg-watcher@3.0.0@egg-watcher/config/config.default.js",
    "start": 1535453745710,
    "end": 1535453745710,
    "duration": 0,
    "pid": 12660,
    "index": 9
  },
  {
    "name": "Require(7) node_modules/_egg-multipart@2.1.0@egg-multipart/config/config.default.js",
    "start": 1535453745711,
    "end": 1535453745712,
    "duration": 1,
    "pid": 12660,
    "index": 10
  },
  {
    "name": "Require(8) node_modules/_egg-development@2.4.1@egg-development/config/config.default.js",
    "start": 1535453745712,
    "end": 1535453745713,
    "duration": 1,
    "pid": 12660,
    "index": 11
  },
  {
    "name": "Require(9) node_modules/_egg-schedule@3.3.0@egg-schedule/config/config.default.js",
    "start": 1535453745713,
    "end": 1535453745714,
    "duration": 1,
    "pid": 12660,
    "index": 12
  },
  {
    "name": "Require(10) node_modules/_egg-logrotator@3.0.3@egg-logrotator/config/config.default.js",
    "start": 1535453745718,
    "end": 1535453745719,
    "duration": 1,
    "pid": 12660,
    "index": 13
  },
  {
    "name": "Require(11) node_modules/_egg-static@2.1.1@egg-static/config/config.default.js",
    "start": 1535453745720,
    "end": 1535453745721,
    "duration": 1,
    "pid": 12660,
    "index": 14
  },
  {
    "name": "Require(12) node_modules/_egg-view@2.1.0@egg-view/config/config.default.js",
    "start": 1535453745721,
    "end": 1535453745722,
    "duration": 1,
    "pid": 12660,
    "index": 15
  },
  {
    "name": "Require(13) node_modules/_egg-view-ejs@2.0.0@egg-view-ejs/config/config.default.js",
    "start": 1535453745723,
    "end": 1535453745723,
    "duration": 0,
    "pid": 12660,
    "index": 16
  },
  {
    "name": "Require(14) node_modules/_egg-mysql@3.0.0@egg-mysql/config/config.default.js",
    "start": 1535453745724,
    "end": 1535453745724,
    "duration": 0,
    "pid": 12660,
    "index": 17
  },
  {
    "name": "Require(15) node_modules/_egg@2.10.0@egg/config/config.default.js",
    "start": 1535453745724,
    "end": 1535453745725,
    "duration": 1,
    "pid": 12660,
    "index": 18
  },
  {
    "name": "Require(16) config/config.default.js",
    "start": 1535453745727,
    "end": 1535453745727,
    "duration": 0,
    "pid": 12660,
    "index": 19
  },
  {
    "name": "Require(17) node_modules/_egg-security@2.2.3@egg-security/config/config.local.js",
    "start": 1535453745728,
    "end": 1535453745728,
    "duration": 0,
    "pid": 12660,
    "index": 20
  },
  {
    "name": "Require(18) node_modules/_egg-watcher@3.0.0@egg-watcher/config/config.local.js",
    "start": 1535453745729,
    "end": 1535453745729,
    "duration": 0,
    "pid": 12660,
    "index": 21
  },
  {
    "name": "Require(19) node_modules/_egg-view@2.1.0@egg-view/config/config.local.js",
    "start": 1535453745732,
    "end": 1535453745732,
    "duration": 0,
    "pid": 12660,
    "index": 22
  },
  {
    "name": "Require(20) node_modules/_egg-view-ejs@2.0.0@egg-view-ejs/config/config.local.js",
    "start": 1535453745733,
    "end": 1535453745733,
    "duration": 0,
    "pid": 12660,
    "index": 23
  },
  {
    "name": "Require(21) node_modules/_egg@2.10.0@egg/config/config.local.js",
    "start": 1535453745734,
    "end": 1535453745734,
    "duration": 0,
    "pid": 12660,
    "index": 24
  },
  {
    "name": "Load extend/application.js",
    "start": 1535453745736,
    "end": 1535453745758,
    "duration": 22,
    "pid": 12660,
    "index": 25
  },
  {
    "name": "Require(22) node_modules/_egg-session@3.1.0@egg-session/app/extend/application.js",
    "start": 1535453745737,
    "end": 1535453745737,
    "duration": 0,
    "pid": 12660,
    "index": 26
  },
  {
    "name": "Require(23) node_modules/_egg-security@2.2.3@egg-security/app/extend/application.js",
    "start": 1535453745738,
    "end": 1535453745739,
    "duration": 1,
    "pid": 12660,
    "index": 27
  },
  {
    "name": "Require(24) node_modules/_egg-jsonp@2.0.0@egg-jsonp/app/extend/application.js",
    "start": 1535453745740,
    "end": 1535453745743,
    "duration": 3,
    "pid": 12660,
    "index": 28
  },
  {
    "name": "Require(25) node_modules/_egg-logrotator@3.0.3@egg-logrotator/app/extend/application.js",
    "start": 1535453745745,
    "end": 1535453745748,
    "duration": 3,
    "pid": 12660,
    "index": 29
  },
  {
    "name": "Require(26) node_modules/_egg-view@2.1.0@egg-view/app/extend/application.js",
    "start": 1535453745750,
    "end": 1535453745753,
    "duration": 3,
    "pid": 12660,
    "index": 30
  },
  {
    "name": "Load extend/request.js",
    "start": 1535453745758,
    "end": 1535453745770,
    "duration": 12,
    "pid": 12660,
    "index": 31
  },
  {
    "name": "Require(27) node_modules/_egg@2.10.0@egg/app/extend/request.js",
    "start": 1535453745762,
    "end": 1535453745765,
    "duration": 3,
    "pid": 12660,
    "index": 32
  },
  {
    "name": "Load extend/response.js",
    "start": 1535453745771,
    "end": 1535453745782,
    "duration": 11,
    "pid": 12660,
    "index": 33
  },
  {
    "name": "Require(28) node_modules/_egg@2.10.0@egg/app/extend/response.js",
    "start": 1535453745775,
    "end": 1535453745778,
    "duration": 3,
    "pid": 12660,
    "index": 34
  },
  {
    "name": "Load extend/context.js",
    "start": 1535453745782,
    "end": 1535453745875,
    "duration": 93,
    "pid": 12660,
    "index": 35
  },
  {
    "name": "Require(29) node_modules/_egg-security@2.2.3@egg-security/app/extend/context.js",
    "start": 1535453745783,
    "end": 1535453745803,
    "duration": 20,
    "pid": 12660,
    "index": 36
  },
  {
    "name": "Require(30) node_modules/_egg-jsonp@2.0.0@egg-jsonp/app/extend/context.js",
    "start": 1535453745803,
    "end": 1535453745806,
    "duration": 3,
    "pid": 12660,
    "index": 37
  },
  {
    "name": "Require(31) node_modules/_egg-i18n@2.0.0@egg-i18n/app/extend/context.js",
    "start": 1535453745807,
    "end": 1535453745807,
    "duration": 0,
    "pid": 12660,
    "index": 38
  },
  {
    "name": "Require(32) node_modules/_egg-multipart@2.1.0@egg-multipart/app/extend/context.js",
    "start": 1535453745808,
    "end": 1535453745864,
    "duration": 56,
    "pid": 12660,
    "index": 39
  },
  {
    "name": "Require(33) node_modules/_egg-view@2.1.0@egg-view/app/extend/context.js",
    "start": 1535453745866,
    "end": 1535453745867,
    "duration": 1,
    "pid": 12660,
    "index": 40
  },
  {
    "name": "Require(34) node_modules/_egg@2.10.0@egg/app/extend/context.js",
    "start": 1535453745868,
    "end": 1535453745871,
    "duration": 3,
    "pid": 12660,
    "index": 41
  },
  {
    "name": "Load extend/helper.js",
    "start": 1535453745876,
    "end": 1535453745911,
    "duration": 35,
    "pid": 12660,
    "index": 42
  },
  {
    "name": "Require(35) node_modules/_egg-security@2.2.3@egg-security/app/extend/helper.js",
    "start": 1535453745876,
    "end": 1535453745901,
    "duration": 25,
    "pid": 12660,
    "index": 43
  },
  {
    "name": "Require(36) node_modules/_egg@2.10.0@egg/app/extend/helper.js",
    "start": 1535453745906,
    "end": 1535453745906,
    "duration": 0,
    "pid": 12660,
    "index": 44
  },
  {
    "name": "Load app.js",
    "start": 1535453745911,
    "end": 1535453746202,
    "duration": 291,
    "pid": 12660,
    "index": 45
  },
  {
    "name": "Require(37) node_modules/_egg-session@3.1.0@egg-session/app.js",
    "start": 1535453745911,
    "end": 1535453745912,
    "duration": 1,
    "pid": 12660,
    "index": 46
  },
  {
    "name": "Require(38) node_modules/_egg-security@2.2.3@egg-security/app.js",
    "start": 1535453745912,
    "end": 1535453745915,
    "duration": 3,
    "pid": 12660,
    "index": 47
  },
  {
    "name": "Require(39) node_modules/_egg-onerror@2.1.0@egg-onerror/app.js",
    "start": 1535453745918,
    "end": 1535453745932,
    "duration": 14,
    "pid": 12660,
    "index": 48
  },
  {
    "name": "Require(40) node_modules/_egg-i18n@2.0.0@egg-i18n/app.js",
    "start": 1535453745934,
    "end": 1535453745946,
    "duration": 12,
    "pid": 12660,
    "index": 49
  },
  {
    "name": "Require(41) node_modules/_egg-watcher@3.0.0@egg-watcher/app.js",
    "start": 1535453745950,
    "end": 1535453745958,
    "duration": 8,
    "pid": 12660,
    "index": 50
  },
  {
    "name": "Before Start in node_modules/_egg-watcher@3.0.0@egg-watcher/app.js:15:7",
    "start": 1535453745969,
    "end": 1535453746403,
    "duration": 434,
    "pid": 12660,
    "index": 51
  },
  {
    "name": "Require(42) node_modules/_egg-multipart@2.1.0@egg-multipart/app.js",
    "start": 1535453745970,
    "end": 1535453745978,
    "duration": 8,
    "pid": 12660,
    "index": 52
  },
  {
    "name": "Require(43) node_modules/_egg-development@2.4.1@egg-development/app.js",
    "start": 1535453745979,
    "end": 1535453745979,
    "duration": 0,
    "pid": 12660,
    "index": 53
  },
  {
    "name": "Require(44) node_modules/_egg-schedule@3.3.0@egg-schedule/app.js",
    "start": 1535453745980,
    "end": 1535453745984,
    "duration": 4,
    "pid": 12660,
    "index": 54
  },
  {
    "name": "Require(45) node_modules/_egg-logrotator@3.0.3@egg-logrotator/app.js",
    "start": 1535453746033,
    "end": 1535453746033,
    "duration": 0,
    "pid": 12660,
    "index": 55
  },
  {
    "name": "Require(46) node_modules/_egg-static@2.1.1@egg-static/app.js",
    "start": 1535453746034,
    "end": 1535453746034,
    "duration": 0,
    "pid": 12660,
    "index": 56
  },
  {
    "name": "Require(47) node_modules/_egg-view-ejs@2.0.0@egg-view-ejs/app.js",
    "start": 1535453746036,
    "end": 1535453746037,
    "duration": 1,
    "pid": 12660,
    "index": 57
  },
  {
    "name": "Require(48) node_modules/_egg-mysql@3.0.0@egg-mysql/app.js",
    "start": 1535453746046,
    "end": 1535453746074,
    "duration": 28,
    "pid": 12660,
    "index": 58
  },
  {
    "name": "Before Start in node_modules/_egg-mysql@3.0.0@egg-mysql/lib/mysql.js:20:7",
    "start": 1535453746193,
    "end": 1535453746410,
    "duration": 217,
    "pid": 12660,
    "index": 59
  },
  {
    "name": "Load Service",
    "start": 1535453746202,
    "end": 1535453746214,
    "duration": 12,
    "pid": 12660,
    "index": 60
  },
  {
    "name": "Load \"service\" to Context",
    "start": 1535453746203,
    "end": 1535453746214,
    "duration": 11,
    "pid": 12660,
    "index": 61
  },
  {
    "name": "Load Middleware",
    "start": 1535453746214,
    "end": 1535453746348,
    "duration": 134,
    "pid": 12660,
    "index": 62
  },
  {
    "name": "Load \"middlewares\" to Application",
    "start": 1535453746215,
    "end": 1535453746327,
    "duration": 112,
    "pid": 12660,
    "index": 63
  },
  {
    "name": "Load Controller",
    "start": 1535453746349,
    "end": 1535453746353,
    "duration": 4,
    "pid": 12660,
    "index": 64
  },
  {
    "name": "Load \"controller\" to Application",
    "start": 1535453746349,
    "end": 1535453746353,
    "duration": 4,
    "pid": 12660,
    "index": 65
  },
  {
    "name": "Load Router",
    "start": 1535453746353,
    "end": 1535453746357,
    "duration": 4,
    "pid": 12660,
    "index": 66
  },
  {
    "name": "Require(49) app/router.js",
    "start": 1535453746354,
    "end": 1535453746354,
    "duration": 0,
    "pid": 12660,
    "index": 67
  },
  {
    "name": "Before Start in node_modules/_egg-core@4.9.1@egg-core/lib/egg.js:328:10",
    "start": 1535453746355,
    "end": 1535453746382,
    "duration": 27,
    "pid": 12660,
    "index": 68
  }
]