[
  {
    "name": "Application Start",
    "start": 1535452221459,
    "end": 1535452223146,
    "duration": 1687,
    "pid": 11388,
    "index": 0
  },
  {
    "name": "Load Plugin",
    "start": 1535452221470,
    "end": 1535452221521,
    "duration": 51,
    "pid": 11388,
    "index": 1
  },
  {
    "name": "Load Config",
    "start": 1535452221521,
    "end": 1535452221588,
    "duration": 67,
    "pid": 11388,
    "index": 2
  },
  {
    "name": "Require(0) config/config.default.js",
    "start": 1535452221523,
    "end": 1535452221523,
    "duration": 0,
    "pid": 11388,
    "index": 3
  },
  {
    "name": "Require(1) node_modules/_egg-session@3.1.0@egg-session/config/config.default.js",
    "start": 1535452221526,
    "end": 1535452221527,
    "duration": 1,
    "pid": 11388,
    "index": 4
  },
  {
    "name": "Require(2) node_modules/_egg-security@2.2.3@egg-security/config/config.default.js",
    "start": 1535452221528,
    "end": 1535452221529,
    "duration": 1,
    "pid": 11388,
    "index": 5
  },
  {
    "name": "Require(3) node_modules/_egg-jsonp@2.0.0@egg-jsonp/config/config.default.js",
    "start": 1535452221530,
    "end": 1535452221531,
    "duration": 1,
    "pid": 11388,
    "index": 6
  },
  {
    "name": "Require(4) node_modules/_egg-onerror@2.1.0@egg-onerror/config/config.default.js",
    "start": 1535452221532,
    "end": 1535452221533,
    "duration": 1,
    "pid": 11388,
    "index": 7
  },
  {
    "name": "Require(5) node_modules/_egg-i18n@2.0.0@egg-i18n/config/config.default.js",
    "start": 1535452221534,
    "end": 1535452221535,
    "duration": 1,
    "pid": 11388,
    "index": 8
  },
  {
    "name": "Require(6) node_modules/_egg-watcher@3.0.0@egg-watcher/config/config.default.js",
    "start": 1535452221536,
    "end": 1535452221537,
    "duration": 1,
    "pid": 11388,
    "index": 9
  },
  {
    "name": "Require(7) node_modules/_egg-multipart@2.1.0@egg-multipart/config/config.default.js",
    "start": 1535452221539,
    "end": 1535452221539,
    "duration": 0,
    "pid": 11388,
    "index": 10
  },
  {
    "name": "Require(8) node_modules/_egg-development@2.4.1@egg-development/config/config.default.js",
    "start": 1535452221540,
    "end": 1535452221541,
    "duration": 1,
    "pid": 11388,
    "index": 11
  },
  {
    "name": "Require(9) node_modules/_egg-schedule@3.3.0@egg-schedule/config/config.default.js",
    "start": 1535452221543,
    "end": 1535452221543,
    "duration": 0,
    "pid": 11388,
    "index": 12
  },
  {
    "name": "Require(10) node_modules/_egg-logrotator@3.0.3@egg-logrotator/config/config.default.js",
    "start": 1535452221547,
    "end": 1535452221548,
    "duration": 1,
    "pid": 11388,
    "index": 13
  },
  {
    "name": "Require(11) node_modules/_egg-static@2.1.1@egg-static/config/config.default.js",
    "start": 1535452221549,
    "end": 1535452221549,
    "duration": 0,
    "pid": 11388,
    "index": 14
  },
  {
    "name": "Require(12) node_modules/_egg-view@2.1.0@egg-view/config/config.default.js",
    "start": 1535452221550,
    "end": 1535452221551,
    "duration": 1,
    "pid": 11388,
    "index": 15
  },
  {
    "name": "Require(13) node_modules/_egg-view-ejs@2.0.0@egg-view-ejs/config/config.default.js",
    "start": 1535452221552,
    "end": 1535452221552,
    "duration": 0,
    "pid": 11388,
    "index": 16
  },
  {
    "name": "Require(14) node_modules/_egg-mysql@3.0.0@egg-mysql/config/config.default.js",
    "start": 1535452221555,
    "end": 1535452221556,
    "duration": 1,
    "pid": 11388,
    "index": 17
  },
  {
    "name": "Require(15) node_modules/_egg@2.10.0@egg/config/config.default.js",
    "start": 1535452221558,
    "end": 1535452221559,
    "duration": 1,
    "pid": 11388,
    "index": 18
  },
  {
    "name": "Require(16) config/config.default.js",
    "start": 1535452221563,
    "end": 1535452221563,
    "duration": 0,
    "pid": 11388,
    "index": 19
  },
  {
    "name": "Require(17) node_modules/_egg-security@2.2.3@egg-security/config/config.local.js",
    "start": 1535452221565,
    "end": 1535452221566,
    "duration": 1,
    "pid": 11388,
    "index": 20
  },
  {
    "name": "Require(18) node_modules/_egg-watcher@3.0.0@egg-watcher/config/config.local.js",
    "start": 1535452221569,
    "end": 1535452221569,
    "duration": 0,
    "pid": 11388,
    "index": 21
  },
  {
    "name": "Require(19) node_modules/_egg-view@2.1.0@egg-view/config/config.local.js",
    "start": 1535452221584,
    "end": 1535452221584,
    "duration": 0,
    "pid": 11388,
    "index": 22
  },
  {
    "name": "Require(20) node_modules/_egg-view-ejs@2.0.0@egg-view-ejs/config/config.local.js",
    "start": 1535452221585,
    "end": 1535452221586,
    "duration": 1,
    "pid": 11388,
    "index": 23
  },
  {
    "name": "Require(21) node_modules/_egg@2.10.0@egg/config/config.local.js",
    "start": 1535452221587,
    "end": 1535452221587,
    "duration": 0,
    "pid": 11388,
    "index": 24
  },
  {
    "name": "Load extend/application.js",
    "start": 1535452221590,
    "end": 1535452221632,
    "duration": 42,
    "pid": 11388,
    "index": 25
  },
  {
    "name": "Require(22) node_modules/_egg-session@3.1.0@egg-session/app/extend/application.js",
    "start": 1535452221592,
    "end": 1535452221593,
    "duration": 1,
    "pid": 11388,
    "index": 26
  },
  {
    "name": "Require(23) node_modules/_egg-security@2.2.3@egg-security/app/extend/application.js",
    "start": 1535452221596,
    "end": 1535452221599,
    "duration": 3,
    "pid": 11388,
    "index": 27
  },
  {
    "name": "Require(24) node_modules/_egg-jsonp@2.0.0@egg-jsonp/app/extend/application.js",
    "start": 1535452221600,
    "end": 1535452221605,
    "duration": 5,
    "pid": 11388,
    "index": 28
  },
  {
    "name": "Require(25) node_modules/_egg-logrotator@3.0.3@egg-logrotator/app/extend/application.js",
    "start": 1535452221610,
    "end": 1535452221616,
    "duration": 6,
    "pid": 11388,
    "index": 29
  },
  {
    "name": "Require(26) node_modules/_egg-view@2.1.0@egg-view/app/extend/application.js",
    "start": 1535452221617,
    "end": 1535452221622,
    "duration": 5,
    "pid": 11388,
    "index": 30
  },
  {
    "name": "Load extend/request.js",
    "start": 1535452221632,
    "end": 1535452221664,
    "duration": 32,
    "pid": 11388,
    "index": 31
  },
  {
    "name": "Require(27) node_modules/_egg@2.10.0@egg/app/extend/request.js",
    "start": 1535452221651,
    "end": 1535452221657,
    "duration": 6,
    "pid": 11388,
    "index": 32
  },
  {
    "name": "Load extend/response.js",
    "start": 1535452221664,
    "end": 1535452221684,
    "duration": 20,
    "pid": 11388,
    "index": 33
  },
  {
    "name": "Require(28) node_modules/_egg@2.10.0@egg/app/extend/response.js",
    "start": 1535452221671,
    "end": 1535452221677,
    "duration": 6,
    "pid": 11388,
    "index": 34
  },
  {
    "name": "Load extend/context.js",
    "start": 1535452221685,
    "end": 1535452221884,
    "duration": 199,
    "pid": 11388,
    "index": 35
  },
  {
    "name": "Require(29) node_modules/_egg-security@2.2.3@egg-security/app/extend/context.js",
    "start": 1535452221686,
    "end": 1535452221720,
    "duration": 34,
    "pid": 11388,
    "index": 36
  },
  {
    "name": "Require(30) node_modules/_egg-jsonp@2.0.0@egg-jsonp/app/extend/context.js",
    "start": 1535452221722,
    "end": 1535452221727,
    "duration": 5,
    "pid": 11388,
    "index": 37
  },
  {
    "name": "Require(31) node_modules/_egg-i18n@2.0.0@egg-i18n/app/extend/context.js",
    "start": 1535452221730,
    "end": 1535452221731,
    "duration": 1,
    "pid": 11388,
    "index": 38
  },
  {
    "name": "Require(32) node_modules/_egg-multipart@2.1.0@egg-multipart/app/extend/context.js",
    "start": 1535452221732,
    "end": 1535452221866,
    "duration": 134,
    "pid": 11388,
    "index": 39
  },
  {
    "name": "Require(33) node_modules/_egg-view@2.1.0@egg-view/app/extend/context.js",
    "start": 1535452221869,
    "end": 1535452221871,
    "duration": 2,
    "pid": 11388,
    "index": 40
  },
  {
    "name": "Require(34) node_modules/_egg@2.10.0@egg/app/extend/context.js",
    "start": 1535452221873,
    "end": 1535452221878,
    "duration": 5,
    "pid": 11388,
    "index": 41
  },
  {
    "name": "Load extend/helper.js",
    "start": 1535452221884,
    "end": 1535452222011,
    "duration": 127,
    "pid": 11388,
    "index": 42
  },
  {
    "name": "Require(35) node_modules/_egg-security@2.2.3@egg-security/app/extend/helper.js",
    "start": 1535452221887,
    "end": 1535452221981,
    "duration": 94,
    "pid": 11388,
    "index": 43
  },
  {
    "name": "Require(36) node_modules/_egg@2.10.0@egg/app/extend/helper.js",
    "start": 1535452221999,
    "end": 1535452222000,
    "duration": 1,
    "pid": 11388,
    "index": 44
  },
  {
    "name": "Load app.js",
    "start": 1535452222011,
    "end": 1535452222696,
    "duration": 685,
    "pid": 11388,
    "index": 45
  },
  {
    "name": "Require(37) node_modules/_egg-session@3.1.0@egg-session/app.js",
    "start": 1535452222012,
    "end": 1535452222013,
    "duration": 1,
    "pid": 11388,
    "index": 46
  },
  {
    "name": "Require(38) node_modules/_egg-security@2.2.3@egg-security/app.js",
    "start": 1535452222014,
    "end": 1535452222019,
    "duration": 5,
    "pid": 11388,
    "index": 47
  },
  {
    "name": "Require(39) node_modules/_egg-onerror@2.1.0@egg-onerror/app.js",
    "start": 1535452222022,
    "end": 1535452222051,
    "duration": 29,
    "pid": 11388,
    "index": 48
  },
  {
    "name": "Require(40) node_modules/_egg-i18n@2.0.0@egg-i18n/app.js",
    "start": 1535452222060,
    "end": 1535452222107,
    "duration": 47,
    "pid": 11388,
    "index": 49
  },
  {
    "name": "Require(41) node_modules/_egg-watcher@3.0.0@egg-watcher/app.js",
    "start": 1535452222114,
    "end": 1535452222123,
    "duration": 9,
    "pid": 11388,
    "index": 50
  },
  {
    "name": "Before Start in node_modules/_egg-watcher@3.0.0@egg-watcher/app.js:15:7",
    "start": 1535452222185,
    "end": 1535452223131,
    "duration": 946,
    "pid": 11388,
    "index": 51
  },
  {
    "name": "Require(42) node_modules/_egg-multipart@2.1.0@egg-multipart/app.js",
    "start": 1535452222190,
    "end": 1535452222199,
    "duration": 9,
    "pid": 11388,
    "index": 52
  },
  {
    "name": "Require(43) node_modules/_egg-development@2.4.1@egg-development/app.js",
    "start": 1535452222203,
    "end": 1535452222207,
    "duration": 4,
    "pid": 11388,
    "index": 53
  },
  {
    "name": "Require(44) node_modules/_egg-schedule@3.3.0@egg-schedule/app.js",
    "start": 1535452222208,
    "end": 1535452222214,
    "duration": 6,
    "pid": 11388,
    "index": 54
  },
  {
    "name": "Require(45) node_modules/_egg-logrotator@3.0.3@egg-logrotator/app.js",
    "start": 1535452222345,
    "end": 1535452222346,
    "duration": 1,
    "pid": 11388,
    "index": 55
  },
  {
    "name": "Require(46) node_modules/_egg-static@2.1.1@egg-static/app.js",
    "start": 1535452222347,
    "end": 1535452222348,
    "duration": 1,
    "pid": 11388,
    "index": 56
  },
  {
    "name": "Require(47) node_modules/_egg-view-ejs@2.0.0@egg-view-ejs/app.js",
    "start": 1535452222350,
    "end": 1535452222350,
    "duration": 0,
    "pid": 11388,
    "index": 57
  },
  {
    "name": "Require(48) node_modules/_egg-mysql@3.0.0@egg-mysql/app.js",
    "start": 1535452222367,
    "end": 1535452222433,
    "duration": 66,
    "pid": 11388,
    "index": 58
  },
  {
    "name": "Before Start in node_modules/_egg-mysql@3.0.0@egg-mysql/lib/mysql.js:20:7",
    "start": 1535452222693,
    "end": 1535452223145,
    "duration": 452,
    "pid": 11388,
    "index": 59
  },
  {
    "name": "Load Service",
    "start": 1535452222696,
    "end": 1535452222708,
    "duration": 12,
    "pid": 11388,
    "index": 60
  },
  {
    "name": "Load \"service\" to Context",
    "start": 1535452222696,
    "end": 1535452222708,
    "duration": 12,
    "pid": 11388,
    "index": 61
  },
  {
    "name": "Load Middleware",
    "start": 1535452222709,
    "end": 1535452222987,
    "duration": 278,
    "pid": 11388,
    "index": 62
  },
  {
    "name": "Load \"middlewares\" to Application",
    "start": 1535452222709,
    "end": 1535452222945,
    "duration": 236,
    "pid": 11388,
    "index": 63
  },
  {
    "name": "Load Controller",
    "start": 1535452222988,
    "end": 1535452222993,
    "duration": 5,
    "pid": 11388,
    "index": 64
  },
  {
    "name": "Load \"controller\" to Application",
    "start": 1535452222988,
    "end": 1535452222993,
    "duration": 5,
    "pid": 11388,
    "index": 65
  },
  {
    "name": "Load Router",
    "start": 1535452222994,
    "end": 1535452222999,
    "duration": 5,
    "pid": 11388,
    "index": 66
  },
  {
    "name": "Require(49) app/router.js",
    "start": 1535452222994,
    "end": 1535452222995,
    "duration": 1,
    "pid": 11388,
    "index": 67
  },
  {
    "name": "Before Start in node_modules/_egg-core@4.9.1@egg-core/lib/egg.js:328:10",
    "start": 1535452222996,
    "end": 1535452223075,
    "duration": 79,
    "pid": 11388,
    "index": 68
  }
]