[
  {
    "name": "Application Start",
    "start": 1535452173087,
    "end": 1535452173815,
    "duration": 728,
    "pid": 10148,
    "index": 0
  },
  {
    "name": "Load Plugin",
    "start": 1535452173094,
    "end": 1535452173130,
    "duration": 36,
    "pid": 10148,
    "index": 1
  },
  {
    "name": "Load Config",
    "start": 1535452173130,
    "end": 1535452173164,
    "duration": 34,
    "pid": 10148,
    "index": 2
  },
  {
    "name": "Require(0) config/config.default.js",
    "start": 1535452173131,
    "end": 1535452173132,
    "duration": 1,
    "pid": 10148,
    "index": 3
  },
  {
    "name": "Require(1) node_modules/_egg-session@3.1.0@egg-session/config/config.default.js",
    "start": 1535452173133,
    "end": 1535452173134,
    "duration": 1,
    "pid": 10148,
    "index": 4
  },
  {
    "name": "Require(2) node_modules/_egg-security@2.2.3@egg-security/config/config.default.js",
    "start": 1535452173135,
    "end": 1535452173135,
    "duration": 0,
    "pid": 10148,
    "index": 5
  },
  {
    "name": "Require(3) node_modules/_egg-jsonp@2.0.0@egg-jsonp/config/config.default.js",
    "start": 1535452173137,
    "end": 1535452173138,
    "duration": 1,
    "pid": 10148,
    "index": 6
  },
  {
    "name": "Require(4) node_modules/_egg-onerror@2.1.0@egg-onerror/config/config.default.js",
    "start": 1535452173139,
    "end": 1535452173140,
    "duration": 1,
    "pid": 10148,
    "index": 7
  },
  {
    "name": "Require(5) node_modules/_egg-i18n@2.0.0@egg-i18n/config/config.default.js",
    "start": 1535452173141,
    "end": 1535452173141,
    "duration": 0,
    "pid": 10148,
    "index": 8
  },
  {
    "name": "Require(6) node_modules/_egg-watcher@3.0.0@egg-watcher/config/config.default.js",
    "start": 1535452173142,
    "end": 1535452173143,
    "duration": 1,
    "pid": 10148,
    "index": 9
  },
  {
    "name": "Require(7) node_modules/_egg-multipart@2.1.0@egg-multipart/config/config.default.js",
    "start": 1535452173144,
    "end": 1535452173144,
    "duration": 0,
    "pid": 10148,
    "index": 10
  },
  {
    "name": "Require(8) node_modules/_egg-development@2.4.1@egg-development/config/config.default.js",
    "start": 1535452173145,
    "end": 1535452173145,
    "duration": 0,
    "pid": 10148,
    "index": 11
  },
  {
    "name": "Require(9) node_modules/_egg-schedule@3.3.0@egg-schedule/config/config.default.js",
    "start": 1535452173146,
    "end": 1535452173147,
    "duration": 1,
    "pid": 10148,
    "index": 12
  },
  {
    "name": "Require(10) node_modules/_egg-logrotator@3.0.3@egg-logrotator/config/config.default.js",
    "start": 1535452173148,
    "end": 1535452173148,
    "duration": 0,
    "pid": 10148,
    "index": 13
  },
  {
    "name": "Require(11) node_modules/_egg-static@2.1.1@egg-static/config/config.default.js",
    "start": 1535452173149,
    "end": 1535452173150,
    "duration": 1,
    "pid": 10148,
    "index": 14
  },
  {
    "name": "Require(12) node_modules/_egg-view@2.1.0@egg-view/config/config.default.js",
    "start": 1535452173152,
    "end": 1535452173152,
    "duration": 0,
    "pid": 10148,
    "index": 15
  },
  {
    "name": "Require(13) node_modules/_egg-view-ejs@2.0.0@egg-view-ejs/config/config.default.js",
    "start": 1535452173153,
    "end": 1535452173153,
    "duration": 0,
    "pid": 10148,
    "index": 16
  },
  {
    "name": "Require(14) node_modules/_egg-mysql@3.0.0@egg-mysql/config/config.default.js",
    "start": 1535452173154,
    "end": 1535452173154,
    "duration": 0,
    "pid": 10148,
    "index": 17
  },
  {
    "name": "Require(15) node_modules/_egg@2.10.0@egg/config/config.default.js",
    "start": 1535452173155,
    "end": 1535452173156,
    "duration": 1,
    "pid": 10148,
    "index": 18
  },
  {
    "name": "Require(16) config/config.default.js",
    "start": 1535452173157,
    "end": 1535452173157,
    "duration": 0,
    "pid": 10148,
    "index": 19
  },
  {
    "name": "Require(17) node_modules/_egg-security@2.2.3@egg-security/config/config.local.js",
    "start": 1535452173158,
    "end": 1535452173159,
    "duration": 1,
    "pid": 10148,
    "index": 20
  },
  {
    "name": "Require(18) node_modules/_egg-watcher@3.0.0@egg-watcher/config/config.local.js",
    "start": 1535452173160,
    "end": 1535452173160,
    "duration": 0,
    "pid": 10148,
    "index": 21
  },
  {
    "name": "Require(19) node_modules/_egg-view@2.1.0@egg-view/config/config.local.js",
    "start": 1535452173162,
    "end": 1535452173162,
    "duration": 0,
    "pid": 10148,
    "index": 22
  },
  {
    "name": "Require(20) node_modules/_egg-view-ejs@2.0.0@egg-view-ejs/config/config.local.js",
    "start": 1535452173163,
    "end": 1535452173163,
    "duration": 0,
    "pid": 10148,
    "index": 23
  },
  {
    "name": "Require(21) node_modules/_egg@2.10.0@egg/config/config.local.js",
    "start": 1535452173164,
    "end": 1535452173164,
    "duration": 0,
    "pid": 10148,
    "index": 24
  },
  {
    "name": "Load extend/application.js",
    "start": 1535452173166,
    "end": 1535452173188,
    "duration": 22,
    "pid": 10148,
    "index": 25
  },
  {
    "name": "Require(22) node_modules/_egg-session@3.1.0@egg-session/app/extend/application.js",
    "start": 1535452173167,
    "end": 1535452173167,
    "duration": 0,
    "pid": 10148,
    "index": 26
  },
  {
    "name": "Require(23) node_modules/_egg-security@2.2.3@egg-security/app/extend/application.js",
    "start": 1535452173168,
    "end": 1535452173169,
    "duration": 1,
    "pid": 10148,
    "index": 27
  },
  {
    "name": "Require(24) node_modules/_egg-jsonp@2.0.0@egg-jsonp/app/extend/application.js",
    "start": 1535452173170,
    "end": 1535452173174,
    "duration": 4,
    "pid": 10148,
    "index": 28
  },
  {
    "name": "Require(25) node_modules/_egg-logrotator@3.0.3@egg-logrotator/app/extend/application.js",
    "start": 1535452173176,
    "end": 1535452173179,
    "duration": 3,
    "pid": 10148,
    "index": 29
  },
  {
    "name": "Require(26) node_modules/_egg-view@2.1.0@egg-view/app/extend/application.js",
    "start": 1535452173180,
    "end": 1535452173182,
    "duration": 2,
    "pid": 10148,
    "index": 30
  },
  {
    "name": "Load extend/request.js",
    "start": 1535452173188,
    "end": 1535452173202,
    "duration": 14,
    "pid": 10148,
    "index": 31
  },
  {
    "name": "Require(27) node_modules/_egg@2.10.0@egg/app/extend/request.js",
    "start": 1535452173192,
    "end": 1535452173195,
    "duration": 3,
    "pid": 10148,
    "index": 32
  },
  {
    "name": "Load extend/response.js",
    "start": 1535452173202,
    "end": 1535452173216,
    "duration": 14,
    "pid": 10148,
    "index": 33
  },
  {
    "name": "Require(28) node_modules/_egg@2.10.0@egg/app/extend/response.js",
    "start": 1535452173208,
    "end": 1535452173212,
    "duration": 4,
    "pid": 10148,
    "index": 34
  },
  {
    "name": "Load extend/context.js",
    "start": 1535452173216,
    "end": 1535452173306,
    "duration": 90,
    "pid": 10148,
    "index": 35
  },
  {
    "name": "Require(29) node_modules/_egg-security@2.2.3@egg-security/app/extend/context.js",
    "start": 1535452173217,
    "end": 1535452173235,
    "duration": 18,
    "pid": 10148,
    "index": 36
  },
  {
    "name": "Require(30) node_modules/_egg-jsonp@2.0.0@egg-jsonp/app/extend/context.js",
    "start": 1535452173235,
    "end": 1535452173238,
    "duration": 3,
    "pid": 10148,
    "index": 37
  },
  {
    "name": "Require(31) node_modules/_egg-i18n@2.0.0@egg-i18n/app/extend/context.js",
    "start": 1535452173239,
    "end": 1535452173239,
    "duration": 0,
    "pid": 10148,
    "index": 38
  },
  {
    "name": "Require(32) node_modules/_egg-multipart@2.1.0@egg-multipart/app/extend/context.js",
    "start": 1535452173240,
    "end": 1535452173294,
    "duration": 54,
    "pid": 10148,
    "index": 39
  },
  {
    "name": "Require(33) node_modules/_egg-view@2.1.0@egg-view/app/extend/context.js",
    "start": 1535452173296,
    "end": 1535452173297,
    "duration": 1,
    "pid": 10148,
    "index": 40
  },
  {
    "name": "Require(34) node_modules/_egg@2.10.0@egg/app/extend/context.js",
    "start": 1535452173298,
    "end": 1535452173302,
    "duration": 4,
    "pid": 10148,
    "index": 41
  },
  {
    "name": "Load extend/helper.js",
    "start": 1535452173307,
    "end": 1535452173342,
    "duration": 35,
    "pid": 10148,
    "index": 42
  },
  {
    "name": "Require(35) node_modules/_egg-security@2.2.3@egg-security/app/extend/helper.js",
    "start": 1535452173307,
    "end": 1535452173332,
    "duration": 25,
    "pid": 10148,
    "index": 43
  },
  {
    "name": "Require(36) node_modules/_egg@2.10.0@egg/app/extend/helper.js",
    "start": 1535452173336,
    "end": 1535452173337,
    "duration": 1,
    "pid": 10148,
    "index": 44
  },
  {
    "name": "Load app.js",
    "start": 1535452173342,
    "end": 1535452173622,
    "duration": 280,
    "pid": 10148,
    "index": 45
  },
  {
    "name": "Require(37) node_modules/_egg-session@3.1.0@egg-session/app.js",
    "start": 1535452173343,
    "end": 1535452173343,
    "duration": 0,
    "pid": 10148,
    "index": 46
  },
  {
    "name": "Require(38) node_modules/_egg-security@2.2.3@egg-security/app.js",
    "start": 1535452173344,
    "end": 1535452173347,
    "duration": 3,
    "pid": 10148,
    "index": 47
  },
  {
    "name": "Require(39) node_modules/_egg-onerror@2.1.0@egg-onerror/app.js",
    "start": 1535452173348,
    "end": 1535452173362,
    "duration": 14,
    "pid": 10148,
    "index": 48
  },
  {
    "name": "Require(40) node_modules/_egg-i18n@2.0.0@egg-i18n/app.js",
    "start": 1535452173363,
    "end": 1535452173380,
    "duration": 17,
    "pid": 10148,
    "index": 49
  },
  {
    "name": "Require(41) node_modules/_egg-watcher@3.0.0@egg-watcher/app.js",
    "start": 1535452173384,
    "end": 1535452173391,
    "duration": 7,
    "pid": 10148,
    "index": 50
  },
  {
    "name": "Before Start in node_modules/_egg-watcher@3.0.0@egg-watcher/app.js:15:7",
    "start": 1535452173406,
    "end": 1535452173808,
    "duration": 402,
    "pid": 10148,
    "index": 51
  },
  {
    "name": "Require(42) node_modules/_egg-multipart@2.1.0@egg-multipart/app.js",
    "start": 1535452173408,
    "end": 1535452173416,
    "duration": 8,
    "pid": 10148,
    "index": 52
  },
  {
    "name": "Require(43) node_modules/_egg-development@2.4.1@egg-development/app.js",
    "start": 1535452173418,
    "end": 1535452173418,
    "duration": 0,
    "pid": 10148,
    "index": 53
  },
  {
    "name": "Require(44) node_modules/_egg-schedule@3.3.0@egg-schedule/app.js",
    "start": 1535452173419,
    "end": 1535452173424,
    "duration": 5,
    "pid": 10148,
    "index": 54
  },
  {
    "name": "Require(45) node_modules/_egg-logrotator@3.0.3@egg-logrotator/app.js",
    "start": 1535452173475,
    "end": 1535452173475,
    "duration": 0,
    "pid": 10148,
    "index": 55
  },
  {
    "name": "Require(46) node_modules/_egg-static@2.1.1@egg-static/app.js",
    "start": 1535452173476,
    "end": 1535452173476,
    "duration": 0,
    "pid": 10148,
    "index": 56
  },
  {
    "name": "Require(47) node_modules/_egg-view-ejs@2.0.0@egg-view-ejs/app.js",
    "start": 1535452173477,
    "end": 1535452173478,
    "duration": 1,
    "pid": 10148,
    "index": 57
  },
  {
    "name": "Require(48) node_modules/_egg-mysql@3.0.0@egg-mysql/app.js",
    "start": 1535452173485,
    "end": 1535452173517,
    "duration": 32,
    "pid": 10148,
    "index": 58
  },
  {
    "name": "Before Start in node_modules/_egg-mysql@3.0.0@egg-mysql/lib/mysql.js:20:7",
    "start": 1535452173620,
    "end": 1535452173814,
    "duration": 194,
    "pid": 10148,
    "index": 59
  },
  {
    "name": "Load Service",
    "start": 1535452173622,
    "end": 1535452173631,
    "duration": 9,
    "pid": 10148,
    "index": 60
  },
  {
    "name": "Load \"service\" to Context",
    "start": 1535452173622,
    "end": 1535452173631,
    "duration": 9,
    "pid": 10148,
    "index": 61
  },
  {
    "name": "Load Middleware",
    "start": 1535452173631,
    "end": 1535452173762,
    "duration": 131,
    "pid": 10148,
    "index": 62
  },
  {
    "name": "Load \"middlewares\" to Application",
    "start": 1535452173631,
    "end": 1535452173743,
    "duration": 112,
    "pid": 10148,
    "index": 63
  },
  {
    "name": "Load Controller",
    "start": 1535452173762,
    "end": 1535452173766,
    "duration": 4,
    "pid": 10148,
    "index": 64
  },
  {
    "name": "Load \"controller\" to Application",
    "start": 1535452173762,
    "end": 1535452173766,
    "duration": 4,
    "pid": 10148,
    "index": 65
  },
  {
    "name": "Load Router",
    "start": 1535452173766,
    "end": 1535452173770,
    "duration": 4,
    "pid": 10148,
    "index": 66
  },
  {
    "name": "Require(49) app/router.js",
    "start": 1535452173767,
    "end": 1535452173768,
    "duration": 1,
    "pid": 10148,
    "index": 67
  },
  {
    "name": "Before Start in node_modules/_egg-core@4.9.1@egg-core/lib/egg.js:328:10",
    "start": 1535452173768,
    "end": 1535452173789,
    "duration": 21,
    "pid": 10148,
    "index": 68
  }
]