[
  {
    "name": "Application Start",
    "start": 1535451937181,
    "end": 1535451938099,
    "duration": 918,
    "pid": 5140,
    "index": 0
  },
  {
    "name": "Load Plugin",
    "start": 1535451937188,
    "end": 1535451937227,
    "duration": 39,
    "pid": 5140,
    "index": 1
  },
  {
    "name": "Load Config",
    "start": 1535451937227,
    "end": 1535451937284,
    "duration": 57,
    "pid": 5140,
    "index": 2
  },
  {
    "name": "Require(0) config/config.default.js",
    "start": 1535451937229,
    "end": 1535451937230,
    "duration": 1,
    "pid": 5140,
    "index": 3
  },
  {
    "name": "Require(1) node_modules/_egg-session@3.1.0@egg-session/config/config.default.js",
    "start": 1535451937241,
    "end": 1535451937242,
    "duration": 1,
    "pid": 5140,
    "index": 4
  },
  {
    "name": "Require(2) node_modules/_egg-security@2.2.3@egg-security/config/config.default.js",
    "start": 1535451937243,
    "end": 1535451937245,
    "duration": 2,
    "pid": 5140,
    "index": 5
  },
  {
    "name": "Require(3) node_modules/_egg-jsonp@2.0.0@egg-jsonp/config/config.default.js",
    "start": 1535451937248,
    "end": 1535451937249,
    "duration": 1,
    "pid": 5140,
    "index": 6
  },
  {
    "name": "Require(4) node_modules/_egg-onerror@2.1.0@egg-onerror/config/config.default.js",
    "start": 1535451937249,
    "end": 1535451937250,
    "duration": 1,
    "pid": 5140,
    "index": 7
  },
  {
    "name": "Require(5) node_modules/_egg-i18n@2.0.0@egg-i18n/config/config.default.js",
    "start": 1535451937251,
    "end": 1535451937251,
    "duration": 0,
    "pid": 5140,
    "index": 8
  },
  {
    "name": "Require(6) node_modules/_egg-watcher@3.0.0@egg-watcher/config/config.default.js",
    "start": 1535451937253,
    "end": 1535451937254,
    "duration": 1,
    "pid": 5140,
    "index": 9
  },
  {
    "name": "Require(7) node_modules/_egg-multipart@2.1.0@egg-multipart/config/config.default.js",
    "start": 1535451937255,
    "end": 1535451937256,
    "duration": 1,
    "pid": 5140,
    "index": 10
  },
  {
    "name": "Require(8) node_modules/_egg-development@2.4.1@egg-development/config/config.default.js",
    "start": 1535451937257,
    "end": 1535451937257,
    "duration": 0,
    "pid": 5140,
    "index": 11
  },
  {
    "name": "Require(9) node_modules/_egg-schedule@3.3.0@egg-schedule/config/config.default.js",
    "start": 1535451937258,
    "end": 1535451937258,
    "duration": 0,
    "pid": 5140,
    "index": 12
  },
  {
    "name": "Require(10) node_modules/_egg-logrotator@3.0.3@egg-logrotator/config/config.default.js",
    "start": 1535451937259,
    "end": 1535451937260,
    "duration": 1,
    "pid": 5140,
    "index": 13
  },
  {
    "name": "Require(11) node_modules/_egg-static@2.1.1@egg-static/config/config.default.js",
    "start": 1535451937261,
    "end": 1535451937262,
    "duration": 1,
    "pid": 5140,
    "index": 14
  },
  {
    "name": "Require(12) node_modules/_egg-view@2.1.0@egg-view/config/config.default.js",
    "start": 1535451937263,
    "end": 1535451937264,
    "duration": 1,
    "pid": 5140,
    "index": 15
  },
  {
    "name": "Require(13) node_modules/_egg-view-ejs@2.0.0@egg-view-ejs/config/config.default.js",
    "start": 1535451937265,
    "end": 1535451937265,
    "duration": 0,
    "pid": 5140,
    "index": 16
  },
  {
    "name": "Require(14) node_modules/_egg-mysql@3.0.0@egg-mysql/config/config.default.js",
    "start": 1535451937266,
    "end": 1535451937267,
    "duration": 1,
    "pid": 5140,
    "index": 17
  },
  {
    "name": "Require(15) node_modules/_egg@2.10.0@egg/config/config.default.js",
    "start": 1535451937268,
    "end": 1535451937269,
    "duration": 1,
    "pid": 5140,
    "index": 18
  },
  {
    "name": "Require(16) config/config.default.js",
    "start": 1535451937274,
    "end": 1535451937274,
    "duration": 0,
    "pid": 5140,
    "index": 19
  },
  {
    "name": "Require(17) node_modules/_egg-security@2.2.3@egg-security/config/config.local.js",
    "start": 1535451937276,
    "end": 1535451937276,
    "duration": 0,
    "pid": 5140,
    "index": 20
  },
  {
    "name": "Require(18) node_modules/_egg-watcher@3.0.0@egg-watcher/config/config.local.js",
    "start": 1535451937278,
    "end": 1535451937278,
    "duration": 0,
    "pid": 5140,
    "index": 21
  },
  {
    "name": "Require(19) node_modules/_egg-view@2.1.0@egg-view/config/config.local.js",
    "start": 1535451937281,
    "end": 1535451937281,
    "duration": 0,
    "pid": 5140,
    "index": 22
  },
  {
    "name": "Require(20) node_modules/_egg-view-ejs@2.0.0@egg-view-ejs/config/config.local.js",
    "start": 1535451937282,
    "end": 1535451937282,
    "duration": 0,
    "pid": 5140,
    "index": 23
  },
  {
    "name": "Require(21) node_modules/_egg@2.10.0@egg/config/config.local.js",
    "start": 1535451937283,
    "end": 1535451937283,
    "duration": 0,
    "pid": 5140,
    "index": 24
  },
  {
    "name": "Load extend/application.js",
    "start": 1535451937285,
    "end": 1535451937310,
    "duration": 25,
    "pid": 5140,
    "index": 25
  },
  {
    "name": "Require(22) node_modules/_egg-session@3.1.0@egg-session/app/extend/application.js",
    "start": 1535451937286,
    "end": 1535451937286,
    "duration": 0,
    "pid": 5140,
    "index": 26
  },
  {
    "name": "Require(23) node_modules/_egg-security@2.2.3@egg-security/app/extend/application.js",
    "start": 1535451937287,
    "end": 1535451937288,
    "duration": 1,
    "pid": 5140,
    "index": 27
  },
  {
    "name": "Require(24) node_modules/_egg-jsonp@2.0.0@egg-jsonp/app/extend/application.js",
    "start": 1535451937289,
    "end": 1535451937293,
    "duration": 4,
    "pid": 5140,
    "index": 28
  },
  {
    "name": "Require(25) node_modules/_egg-logrotator@3.0.3@egg-logrotator/app/extend/application.js",
    "start": 1535451937295,
    "end": 1535451937299,
    "duration": 4,
    "pid": 5140,
    "index": 29
  },
  {
    "name": "Require(26) node_modules/_egg-view@2.1.0@egg-view/app/extend/application.js",
    "start": 1535451937300,
    "end": 1535451937302,
    "duration": 2,
    "pid": 5140,
    "index": 30
  },
  {
    "name": "Load extend/request.js",
    "start": 1535451937310,
    "end": 1535451937337,
    "duration": 27,
    "pid": 5140,
    "index": 31
  },
  {
    "name": "Require(27) node_modules/_egg@2.10.0@egg/app/extend/request.js",
    "start": 1535451937324,
    "end": 1535451937328,
    "duration": 4,
    "pid": 5140,
    "index": 32
  },
  {
    "name": "Load extend/response.js",
    "start": 1535451937337,
    "end": 1535451937360,
    "duration": 23,
    "pid": 5140,
    "index": 33
  },
  {
    "name": "Require(28) node_modules/_egg@2.10.0@egg/app/extend/response.js",
    "start": 1535451937345,
    "end": 1535451937353,
    "duration": 8,
    "pid": 5140,
    "index": 34
  },
  {
    "name": "Load extend/context.js",
    "start": 1535451937360,
    "end": 1535451937518,
    "duration": 158,
    "pid": 5140,
    "index": 35
  },
  {
    "name": "Require(29) node_modules/_egg-security@2.2.3@egg-security/app/extend/context.js",
    "start": 1535451937361,
    "end": 1535451937412,
    "duration": 51,
    "pid": 5140,
    "index": 36
  },
  {
    "name": "Require(30) node_modules/_egg-jsonp@2.0.0@egg-jsonp/app/extend/context.js",
    "start": 1535451937413,
    "end": 1535451937417,
    "duration": 4,
    "pid": 5140,
    "index": 37
  },
  {
    "name": "Require(31) node_modules/_egg-i18n@2.0.0@egg-i18n/app/extend/context.js",
    "start": 1535451937419,
    "end": 1535451937420,
    "duration": 1,
    "pid": 5140,
    "index": 38
  },
  {
    "name": "Require(32) node_modules/_egg-multipart@2.1.0@egg-multipart/app/extend/context.js",
    "start": 1535451937421,
    "end": 1535451937502,
    "duration": 81,
    "pid": 5140,
    "index": 39
  },
  {
    "name": "Require(33) node_modules/_egg-view@2.1.0@egg-view/app/extend/context.js",
    "start": 1535451937505,
    "end": 1535451937507,
    "duration": 2,
    "pid": 5140,
    "index": 40
  },
  {
    "name": "Require(34) node_modules/_egg@2.10.0@egg/app/extend/context.js",
    "start": 1535451937508,
    "end": 1535451937512,
    "duration": 4,
    "pid": 5140,
    "index": 41
  },
  {
    "name": "Load extend/helper.js",
    "start": 1535451937518,
    "end": 1535451937559,
    "duration": 41,
    "pid": 5140,
    "index": 42
  },
  {
    "name": "Require(35) node_modules/_egg-security@2.2.3@egg-security/app/extend/helper.js",
    "start": 1535451937519,
    "end": 1535451937550,
    "duration": 31,
    "pid": 5140,
    "index": 43
  },
  {
    "name": "Require(36) node_modules/_egg@2.10.0@egg/app/extend/helper.js",
    "start": 1535451937554,
    "end": 1535451937555,
    "duration": 1,
    "pid": 5140,
    "index": 44
  },
  {
    "name": "Load app.js",
    "start": 1535451937560,
    "end": 1535451937869,
    "duration": 309,
    "pid": 5140,
    "index": 45
  },
  {
    "name": "Require(37) node_modules/_egg-session@3.1.0@egg-session/app.js",
    "start": 1535451937561,
    "end": 1535451937561,
    "duration": 0,
    "pid": 5140,
    "index": 46
  },
  {
    "name": "Require(38) node_modules/_egg-security@2.2.3@egg-security/app.js",
    "start": 1535451937562,
    "end": 1535451937566,
    "duration": 4,
    "pid": 5140,
    "index": 47
  },
  {
    "name": "Require(39) node_modules/_egg-onerror@2.1.0@egg-onerror/app.js",
    "start": 1535451937567,
    "end": 1535451937583,
    "duration": 16,
    "pid": 5140,
    "index": 48
  },
  {
    "name": "Require(40) node_modules/_egg-i18n@2.0.0@egg-i18n/app.js",
    "start": 1535451937585,
    "end": 1535451937599,
    "duration": 14,
    "pid": 5140,
    "index": 49
  },
  {
    "name": "Require(41) node_modules/_egg-watcher@3.0.0@egg-watcher/app.js",
    "start": 1535451937605,
    "end": 1535451937612,
    "duration": 7,
    "pid": 5140,
    "index": 50
  },
  {
    "name": "Before Start in node_modules/_egg-watcher@3.0.0@egg-watcher/app.js:15:7",
    "start": 1535451937628,
    "end": 1535451938092,
    "duration": 464,
    "pid": 5140,
    "index": 51
  },
  {
    "name": "Require(42) node_modules/_egg-multipart@2.1.0@egg-multipart/app.js",
    "start": 1535451937630,
    "end": 1535451937635,
    "duration": 5,
    "pid": 5140,
    "index": 52
  },
  {
    "name": "Require(43) node_modules/_egg-development@2.4.1@egg-development/app.js",
    "start": 1535451937637,
    "end": 1535451937637,
    "duration": 0,
    "pid": 5140,
    "index": 53
  },
  {
    "name": "Require(44) node_modules/_egg-schedule@3.3.0@egg-schedule/app.js",
    "start": 1535451937638,
    "end": 1535451937642,
    "duration": 4,
    "pid": 5140,
    "index": 54
  },
  {
    "name": "Require(45) node_modules/_egg-logrotator@3.0.3@egg-logrotator/app.js",
    "start": 1535451937708,
    "end": 1535451937708,
    "duration": 0,
    "pid": 5140,
    "index": 55
  },
  {
    "name": "Require(46) node_modules/_egg-static@2.1.1@egg-static/app.js",
    "start": 1535451937709,
    "end": 1535451937710,
    "duration": 1,
    "pid": 5140,
    "index": 56
  },
  {
    "name": "Require(47) node_modules/_egg-view-ejs@2.0.0@egg-view-ejs/app.js",
    "start": 1535451937712,
    "end": 1535451937712,
    "duration": 0,
    "pid": 5140,
    "index": 57
  },
  {
    "name": "Require(48) node_modules/_egg-mysql@3.0.0@egg-mysql/app.js",
    "start": 1535451937724,
    "end": 1535451937757,
    "duration": 33,
    "pid": 5140,
    "index": 58
  },
  {
    "name": "Before Start in node_modules/_egg-mysql@3.0.0@egg-mysql/lib/mysql.js:20:7",
    "start": 1535451937867,
    "end": 1535451938099,
    "duration": 232,
    "pid": 5140,
    "index": 59
  },
  {
    "name": "Load Service",
    "start": 1535451937869,
    "end": 1535451937876,
    "duration": 7,
    "pid": 5140,
    "index": 60
  },
  {
    "name": "Load \"service\" to Context",
    "start": 1535451937870,
    "end": 1535451937876,
    "duration": 6,
    "pid": 5140,
    "index": 61
  },
  {
    "name": "Load Middleware",
    "start": 1535451937877,
    "end": 1535451938041,
    "duration": 164,
    "pid": 5140,
    "index": 62
  },
  {
    "name": "Load \"middlewares\" to Application",
    "start": 1535451937877,
    "end": 1535451938022,
    "duration": 145,
    "pid": 5140,
    "index": 63
  },
  {
    "name": "Load Controller",
    "start": 1535451938042,
    "end": 1535451938045,
    "duration": 3,
    "pid": 5140,
    "index": 64
  },
  {
    "name": "Load \"controller\" to Application",
    "start": 1535451938042,
    "end": 1535451938045,
    "duration": 3,
    "pid": 5140,
    "index": 65
  },
  {
    "name": "Load Router",
    "start": 1535451938045,
    "end": 1535451938050,
    "duration": 5,
    "pid": 5140,
    "index": 66
  },
  {
    "name": "Require(49) app/router.js",
    "start": 1535451938045,
    "end": 1535451938046,
    "duration": 1,
    "pid": 5140,
    "index": 67
  },
  {
    "name": "Before Start in node_modules/_egg-core@4.9.1@egg-core/lib/egg.js:328:10",
    "start": 1535451938046,
    "end": 1535451938073,
    "duration": 27,
    "pid": 5140,
    "index": 68
  }
]