[
  {
    "name": "Application Start",
    "start": 1535452100242,
    "end": 1535452101060,
    "duration": 818,
    "pid": 16756,
    "index": 0
  },
  {
    "name": "Load Plugin",
    "start": 1535452100249,
    "end": 1535452100285,
    "duration": 36,
    "pid": 16756,
    "index": 1
  },
  {
    "name": "Load Config",
    "start": 1535452100285,
    "end": 1535452100325,
    "duration": 40,
    "pid": 16756,
    "index": 2
  },
  {
    "name": "Require(0) config/config.default.js",
    "start": 1535452100287,
    "end": 1535452100287,
    "duration": 0,
    "pid": 16756,
    "index": 3
  },
  {
    "name": "Require(1) node_modules/_egg-session@3.1.0@egg-session/config/config.default.js",
    "start": 1535452100290,
    "end": 1535452100294,
    "duration": 4,
    "pid": 16756,
    "index": 4
  },
  {
    "name": "Require(2) node_modules/_egg-security@2.2.3@egg-security/config/config.default.js",
    "start": 1535452100295,
    "end": 1535452100296,
    "duration": 1,
    "pid": 16756,
    "index": 5
  },
  {
    "name": "Require(3) node_modules/_egg-jsonp@2.0.0@egg-jsonp/config/config.default.js",
    "start": 1535452100298,
    "end": 1535452100298,
    "duration": 0,
    "pid": 16756,
    "index": 6
  },
  {
    "name": "Require(4) node_modules/_egg-onerror@2.1.0@egg-onerror/config/config.default.js",
    "start": 1535452100299,
    "end": 1535452100300,
    "duration": 1,
    "pid": 16756,
    "index": 7
  },
  {
    "name": "Require(5) node_modules/_egg-i18n@2.0.0@egg-i18n/config/config.default.js",
    "start": 1535452100300,
    "end": 1535452100301,
    "duration": 1,
    "pid": 16756,
    "index": 8
  },
  {
    "name": "Require(6) node_modules/_egg-watcher@3.0.0@egg-watcher/config/config.default.js",
    "start": 1535452100301,
    "end": 1535452100302,
    "duration": 1,
    "pid": 16756,
    "index": 9
  },
  {
    "name": "Require(7) node_modules/_egg-multipart@2.1.0@egg-multipart/config/config.default.js",
    "start": 1535452100303,
    "end": 1535452100303,
    "duration": 0,
    "pid": 16756,
    "index": 10
  },
  {
    "name": "Require(8) node_modules/_egg-development@2.4.1@egg-development/config/config.default.js",
    "start": 1535452100304,
    "end": 1535452100304,
    "duration": 0,
    "pid": 16756,
    "index": 11
  },
  {
    "name": "Require(9) node_modules/_egg-schedule@3.3.0@egg-schedule/config/config.default.js",
    "start": 1535452100305,
    "end": 1535452100305,
    "duration": 0,
    "pid": 16756,
    "index": 12
  },
  {
    "name": "Require(10) node_modules/_egg-logrotator@3.0.3@egg-logrotator/config/config.default.js",
    "start": 1535452100306,
    "end": 1535452100306,
    "duration": 0,
    "pid": 16756,
    "index": 13
  },
  {
    "name": "Require(11) node_modules/_egg-static@2.1.1@egg-static/config/config.default.js",
    "start": 1535452100307,
    "end": 1535452100307,
    "duration": 0,
    "pid": 16756,
    "index": 14
  },
  {
    "name": "Require(12) node_modules/_egg-view@2.1.0@egg-view/config/config.default.js",
    "start": 1535452100308,
    "end": 1535452100309,
    "duration": 1,
    "pid": 16756,
    "index": 15
  },
  {
    "name": "Require(13) node_modules/_egg-view-ejs@2.0.0@egg-view-ejs/config/config.default.js",
    "start": 1535452100310,
    "end": 1535452100311,
    "duration": 1,
    "pid": 16756,
    "index": 16
  },
  {
    "name": "Require(14) node_modules/_egg-mysql@3.0.0@egg-mysql/config/config.default.js",
    "start": 1535452100312,
    "end": 1535452100312,
    "duration": 0,
    "pid": 16756,
    "index": 17
  },
  {
    "name": "Require(15) node_modules/_egg@2.10.0@egg/config/config.default.js",
    "start": 1535452100313,
    "end": 1535452100314,
    "duration": 1,
    "pid": 16756,
    "index": 18
  },
  {
    "name": "Require(16) config/config.default.js",
    "start": 1535452100317,
    "end": 1535452100317,
    "duration": 0,
    "pid": 16756,
    "index": 19
  },
  {
    "name": "Require(17) node_modules/_egg-security@2.2.3@egg-security/config/config.local.js",
    "start": 1535452100318,
    "end": 1535452100318,
    "duration": 0,
    "pid": 16756,
    "index": 20
  },
  {
    "name": "Require(18) node_modules/_egg-watcher@3.0.0@egg-watcher/config/config.local.js",
    "start": 1535452100320,
    "end": 1535452100320,
    "duration": 0,
    "pid": 16756,
    "index": 21
  },
  {
    "name": "Require(19) node_modules/_egg-view@2.1.0@egg-view/config/config.local.js",
    "start": 1535452100322,
    "end": 1535452100322,
    "duration": 0,
    "pid": 16756,
    "index": 22
  },
  {
    "name": "Require(20) node_modules/_egg-view-ejs@2.0.0@egg-view-ejs/config/config.local.js",
    "start": 1535452100323,
    "end": 1535452100323,
    "duration": 0,
    "pid": 16756,
    "index": 23
  },
  {
    "name": "Require(21) node_modules/_egg@2.10.0@egg/config/config.local.js",
    "start": 1535452100324,
    "end": 1535452100325,
    "duration": 1,
    "pid": 16756,
    "index": 24
  },
  {
    "name": "Load extend/application.js",
    "start": 1535452100326,
    "end": 1535452100358,
    "duration": 32,
    "pid": 16756,
    "index": 25
  },
  {
    "name": "Require(22) node_modules/_egg-session@3.1.0@egg-session/app/extend/application.js",
    "start": 1535452100327,
    "end": 1535452100328,
    "duration": 1,
    "pid": 16756,
    "index": 26
  },
  {
    "name": "Require(23) node_modules/_egg-security@2.2.3@egg-security/app/extend/application.js",
    "start": 1535452100328,
    "end": 1535452100330,
    "duration": 2,
    "pid": 16756,
    "index": 27
  },
  {
    "name": "Require(24) node_modules/_egg-jsonp@2.0.0@egg-jsonp/app/extend/application.js",
    "start": 1535452100331,
    "end": 1535452100335,
    "duration": 4,
    "pid": 16756,
    "index": 28
  },
  {
    "name": "Require(25) node_modules/_egg-logrotator@3.0.3@egg-logrotator/app/extend/application.js",
    "start": 1535452100338,
    "end": 1535452100347,
    "duration": 9,
    "pid": 16756,
    "index": 29
  },
  {
    "name": "Require(26) node_modules/_egg-view@2.1.0@egg-view/app/extend/application.js",
    "start": 1535452100348,
    "end": 1535452100352,
    "duration": 4,
    "pid": 16756,
    "index": 30
  },
  {
    "name": "Load extend/request.js",
    "start": 1535452100358,
    "end": 1535452100370,
    "duration": 12,
    "pid": 16756,
    "index": 31
  },
  {
    "name": "Require(27) node_modules/_egg@2.10.0@egg/app/extend/request.js",
    "start": 1535452100363,
    "end": 1535452100365,
    "duration": 2,
    "pid": 16756,
    "index": 32
  },
  {
    "name": "Load extend/response.js",
    "start": 1535452100370,
    "end": 1535452100382,
    "duration": 12,
    "pid": 16756,
    "index": 33
  },
  {
    "name": "Require(28) node_modules/_egg@2.10.0@egg/app/extend/response.js",
    "start": 1535452100374,
    "end": 1535452100377,
    "duration": 3,
    "pid": 16756,
    "index": 34
  },
  {
    "name": "Load extend/context.js",
    "start": 1535452100382,
    "end": 1535452100469,
    "duration": 87,
    "pid": 16756,
    "index": 35
  },
  {
    "name": "Require(29) node_modules/_egg-security@2.2.3@egg-security/app/extend/context.js",
    "start": 1535452100383,
    "end": 1535452100402,
    "duration": 19,
    "pid": 16756,
    "index": 36
  },
  {
    "name": "Require(30) node_modules/_egg-jsonp@2.0.0@egg-jsonp/app/extend/context.js",
    "start": 1535452100402,
    "end": 1535452100404,
    "duration": 2,
    "pid": 16756,
    "index": 37
  },
  {
    "name": "Require(31) node_modules/_egg-i18n@2.0.0@egg-i18n/app/extend/context.js",
    "start": 1535452100405,
    "end": 1535452100406,
    "duration": 1,
    "pid": 16756,
    "index": 38
  },
  {
    "name": "Require(32) node_modules/_egg-multipart@2.1.0@egg-multipart/app/extend/context.js",
    "start": 1535452100407,
    "end": 1535452100459,
    "duration": 52,
    "pid": 16756,
    "index": 39
  },
  {
    "name": "Require(33) node_modules/_egg-view@2.1.0@egg-view/app/extend/context.js",
    "start": 1535452100460,
    "end": 1535452100461,
    "duration": 1,
    "pid": 16756,
    "index": 40
  },
  {
    "name": "Require(34) node_modules/_egg@2.10.0@egg/app/extend/context.js",
    "start": 1535452100462,
    "end": 1535452100465,
    "duration": 3,
    "pid": 16756,
    "index": 41
  },
  {
    "name": "Load extend/helper.js",
    "start": 1535452100469,
    "end": 1535452100502,
    "duration": 33,
    "pid": 16756,
    "index": 42
  },
  {
    "name": "Require(35) node_modules/_egg-security@2.2.3@egg-security/app/extend/helper.js",
    "start": 1535452100470,
    "end": 1535452100493,
    "duration": 23,
    "pid": 16756,
    "index": 43
  },
  {
    "name": "Require(36) node_modules/_egg@2.10.0@egg/app/extend/helper.js",
    "start": 1535452100497,
    "end": 1535452100498,
    "duration": 1,
    "pid": 16756,
    "index": 44
  },
  {
    "name": "Load app.js",
    "start": 1535452100502,
    "end": 1535452100829,
    "duration": 327,
    "pid": 16756,
    "index": 45
  },
  {
    "name": "Require(37) node_modules/_egg-session@3.1.0@egg-session/app.js",
    "start": 1535452100503,
    "end": 1535452100503,
    "duration": 0,
    "pid": 16756,
    "index": 46
  },
  {
    "name": "Require(38) node_modules/_egg-security@2.2.3@egg-security/app.js",
    "start": 1535452100504,
    "end": 1535452100507,
    "duration": 3,
    "pid": 16756,
    "index": 47
  },
  {
    "name": "Require(39) node_modules/_egg-onerror@2.1.0@egg-onerror/app.js",
    "start": 1535452100509,
    "end": 1535452100530,
    "duration": 21,
    "pid": 16756,
    "index": 48
  },
  {
    "name": "Require(40) node_modules/_egg-i18n@2.0.0@egg-i18n/app.js",
    "start": 1535452100532,
    "end": 1535452100548,
    "duration": 16,
    "pid": 16756,
    "index": 49
  },
  {
    "name": "Require(41) node_modules/_egg-watcher@3.0.0@egg-watcher/app.js",
    "start": 1535452100553,
    "end": 1535452100560,
    "duration": 7,
    "pid": 16756,
    "index": 50
  },
  {
    "name": "Before Start in node_modules/_egg-watcher@3.0.0@egg-watcher/app.js:15:7",
    "start": 1535452100578,
    "end": 1535452101055,
    "duration": 477,
    "pid": 16756,
    "index": 51
  },
  {
    "name": "Require(42) node_modules/_egg-multipart@2.1.0@egg-multipart/app.js",
    "start": 1535452100580,
    "end": 1535452100587,
    "duration": 7,
    "pid": 16756,
    "index": 52
  },
  {
    "name": "Require(43) node_modules/_egg-development@2.4.1@egg-development/app.js",
    "start": 1535452100588,
    "end": 1535452100589,
    "duration": 1,
    "pid": 16756,
    "index": 53
  },
  {
    "name": "Require(44) node_modules/_egg-schedule@3.3.0@egg-schedule/app.js",
    "start": 1535452100589,
    "end": 1535452100592,
    "duration": 3,
    "pid": 16756,
    "index": 54
  },
  {
    "name": "Require(45) node_modules/_egg-logrotator@3.0.3@egg-logrotator/app.js",
    "start": 1535452100645,
    "end": 1535452100645,
    "duration": 0,
    "pid": 16756,
    "index": 55
  },
  {
    "name": "Require(46) node_modules/_egg-static@2.1.1@egg-static/app.js",
    "start": 1535452100646,
    "end": 1535452100646,
    "duration": 0,
    "pid": 16756,
    "index": 56
  },
  {
    "name": "Require(47) node_modules/_egg-view-ejs@2.0.0@egg-view-ejs/app.js",
    "start": 1535452100648,
    "end": 1535452100648,
    "duration": 0,
    "pid": 16756,
    "index": 57
  },
  {
    "name": "Require(48) node_modules/_egg-mysql@3.0.0@egg-mysql/app.js",
    "start": 1535452100657,
    "end": 1535452100691,
    "duration": 34,
    "pid": 16756,
    "index": 58
  },
  {
    "name": "Before Start in node_modules/_egg-mysql@3.0.0@egg-mysql/lib/mysql.js:20:7",
    "start": 1535452100824,
    "end": 1535452101060,
    "duration": 236,
    "pid": 16756,
    "index": 59
  },
  {
    "name": "Load Service",
    "start": 1535452100829,
    "end": 1535452100840,
    "duration": 11,
    "pid": 16756,
    "index": 60
  },
  {
    "name": "Load \"service\" to Context",
    "start": 1535452100829,
    "end": 1535452100840,
    "duration": 11,
    "pid": 16756,
    "index": 61
  },
  {
    "name": "Load Middleware",
    "start": 1535452100841,
    "end": 1535452101002,
    "duration": 161,
    "pid": 16756,
    "index": 62
  },
  {
    "name": "Load \"middlewares\" to Application",
    "start": 1535452100841,
    "end": 1535452100984,
    "duration": 143,
    "pid": 16756,
    "index": 63
  },
  {
    "name": "Load Controller",
    "start": 1535452101002,
    "end": 1535452101006,
    "duration": 4,
    "pid": 16756,
    "index": 64
  },
  {
    "name": "Load \"controller\" to Application",
    "start": 1535452101003,
    "end": 1535452101006,
    "duration": 3,
    "pid": 16756,
    "index": 65
  },
  {
    "name": "Load Router",
    "start": 1535452101006,
    "end": 1535452101009,
    "duration": 3,
    "pid": 16756,
    "index": 66
  },
  {
    "name": "Require(49) app/router.js",
    "start": 1535452101006,
    "end": 1535452101007,
    "duration": 1,
    "pid": 16756,
    "index": 67
  },
  {
    "name": "Before Start in node_modules/_egg-core@4.9.1@egg-core/lib/egg.js:328:10",
    "start": 1535452101007,
    "end": 1535452101034,
    "duration": 27,
    "pid": 16756,
    "index": 68
  }
]