[
  {
    "name": "Application Start",
    "start": 1535452695768,
    "end": 1535452696518,
    "duration": 750,
    "pid": 18084,
    "index": 0
  },
  {
    "name": "Load Plugin",
    "start": 1535452695775,
    "end": 1535452695808,
    "duration": 33,
    "pid": 18084,
    "index": 1
  },
  {
    "name": "Load Config",
    "start": 1535452695809,
    "end": 1535452695843,
    "duration": 34,
    "pid": 18084,
    "index": 2
  },
  {
    "name": "Require(0) config/config.default.js",
    "start": 1535452695810,
    "end": 1535452695810,
    "duration": 0,
    "pid": 18084,
    "index": 3
  },
  {
    "name": "Require(1) node_modules/_egg-session@3.1.0@egg-session/config/config.default.js",
    "start": 1535452695812,
    "end": 1535452695813,
    "duration": 1,
    "pid": 18084,
    "index": 4
  },
  {
    "name": "Require(2) node_modules/_egg-security@2.2.3@egg-security/config/config.default.js",
    "start": 1535452695813,
    "end": 1535452695814,
    "duration": 1,
    "pid": 18084,
    "index": 5
  },
  {
    "name": "Require(3) node_modules/_egg-jsonp@2.0.0@egg-jsonp/config/config.default.js",
    "start": 1535452695815,
    "end": 1535452695816,
    "duration": 1,
    "pid": 18084,
    "index": 6
  },
  {
    "name": "Require(4) node_modules/_egg-onerror@2.1.0@egg-onerror/config/config.default.js",
    "start": 1535452695817,
    "end": 1535452695817,
    "duration": 0,
    "pid": 18084,
    "index": 7
  },
  {
    "name": "Require(5) node_modules/_egg-i18n@2.0.0@egg-i18n/config/config.default.js",
    "start": 1535452695818,
    "end": 1535452695818,
    "duration": 0,
    "pid": 18084,
    "index": 8
  },
  {
    "name": "Require(6) node_modules/_egg-watcher@3.0.0@egg-watcher/config/config.default.js",
    "start": 1535452695819,
    "end": 1535452695819,
    "duration": 0,
    "pid": 18084,
    "index": 9
  },
  {
    "name": "Require(7) node_modules/_egg-multipart@2.1.0@egg-multipart/config/config.default.js",
    "start": 1535452695820,
    "end": 1535452695820,
    "duration": 0,
    "pid": 18084,
    "index": 10
  },
  {
    "name": "Require(8) node_modules/_egg-development@2.4.1@egg-development/config/config.default.js",
    "start": 1535452695821,
    "end": 1535452695822,
    "duration": 1,
    "pid": 18084,
    "index": 11
  },
  {
    "name": "Require(9) node_modules/_egg-schedule@3.3.0@egg-schedule/config/config.default.js",
    "start": 1535452695822,
    "end": 1535452695822,
    "duration": 0,
    "pid": 18084,
    "index": 12
  },
  {
    "name": "Require(10) node_modules/_egg-logrotator@3.0.3@egg-logrotator/config/config.default.js",
    "start": 1535452695824,
    "end": 1535452695824,
    "duration": 0,
    "pid": 18084,
    "index": 13
  },
  {
    "name": "Require(11) node_modules/_egg-static@2.1.1@egg-static/config/config.default.js",
    "start": 1535452695825,
    "end": 1535452695826,
    "duration": 1,
    "pid": 18084,
    "index": 14
  },
  {
    "name": "Require(12) node_modules/_egg-view@2.1.0@egg-view/config/config.default.js",
    "start": 1535452695827,
    "end": 1535452695828,
    "duration": 1,
    "pid": 18084,
    "index": 15
  },
  {
    "name": "Require(13) node_modules/_egg-view-ejs@2.0.0@egg-view-ejs/config/config.default.js",
    "start": 1535452695829,
    "end": 1535452695829,
    "duration": 0,
    "pid": 18084,
    "index": 16
  },
  {
    "name": "Require(14) node_modules/_egg-mysql@3.0.0@egg-mysql/config/config.default.js",
    "start": 1535452695830,
    "end": 1535452695831,
    "duration": 1,
    "pid": 18084,
    "index": 17
  },
  {
    "name": "Require(15) node_modules/_egg@2.10.0@egg/config/config.default.js",
    "start": 1535452695832,
    "end": 1535452695832,
    "duration": 0,
    "pid": 18084,
    "index": 18
  },
  {
    "name": "Require(16) config/config.default.js",
    "start": 1535452695834,
    "end": 1535452695834,
    "duration": 0,
    "pid": 18084,
    "index": 19
  },
  {
    "name": "Require(17) node_modules/_egg-security@2.2.3@egg-security/config/config.local.js",
    "start": 1535452695835,
    "end": 1535452695836,
    "duration": 1,
    "pid": 18084,
    "index": 20
  },
  {
    "name": "Require(18) node_modules/_egg-watcher@3.0.0@egg-watcher/config/config.local.js",
    "start": 1535452695837,
    "end": 1535452695838,
    "duration": 1,
    "pid": 18084,
    "index": 21
  },
  {
    "name": "Require(19) node_modules/_egg-view@2.1.0@egg-view/config/config.local.js",
    "start": 1535452695840,
    "end": 1535452695840,
    "duration": 0,
    "pid": 18084,
    "index": 22
  },
  {
    "name": "Require(20) node_modules/_egg-view-ejs@2.0.0@egg-view-ejs/config/config.local.js",
    "start": 1535452695841,
    "end": 1535452695841,
    "duration": 0,
    "pid": 18084,
    "index": 23
  },
  {
    "name": "Require(21) node_modules/_egg@2.10.0@egg/config/config.local.js",
    "start": 1535452695842,
    "end": 1535452695842,
    "duration": 0,
    "pid": 18084,
    "index": 24
  },
  {
    "name": "Load extend/application.js",
    "start": 1535452695844,
    "end": 1535452695872,
    "duration": 28,
    "pid": 18084,
    "index": 25
  },
  {
    "name": "Require(22) node_modules/_egg-session@3.1.0@egg-session/app/extend/application.js",
    "start": 1535452695845,
    "end": 1535452695846,
    "duration": 1,
    "pid": 18084,
    "index": 26
  },
  {
    "name": "Require(23) node_modules/_egg-security@2.2.3@egg-security/app/extend/application.js",
    "start": 1535452695847,
    "end": 1535452695848,
    "duration": 1,
    "pid": 18084,
    "index": 27
  },
  {
    "name": "Require(24) node_modules/_egg-jsonp@2.0.0@egg-jsonp/app/extend/application.js",
    "start": 1535452695849,
    "end": 1535452695852,
    "duration": 3,
    "pid": 18084,
    "index": 28
  },
  {
    "name": "Require(25) node_modules/_egg-logrotator@3.0.3@egg-logrotator/app/extend/application.js",
    "start": 1535452695854,
    "end": 1535452695863,
    "duration": 9,
    "pid": 18084,
    "index": 29
  },
  {
    "name": "Require(26) node_modules/_egg-view@2.1.0@egg-view/app/extend/application.js",
    "start": 1535452695864,
    "end": 1535452695867,
    "duration": 3,
    "pid": 18084,
    "index": 30
  },
  {
    "name": "Load extend/request.js",
    "start": 1535452695872,
    "end": 1535452695887,
    "duration": 15,
    "pid": 18084,
    "index": 31
  },
  {
    "name": "Require(27) node_modules/_egg@2.10.0@egg/app/extend/request.js",
    "start": 1535452695880,
    "end": 1535452695882,
    "duration": 2,
    "pid": 18084,
    "index": 32
  },
  {
    "name": "Load extend/response.js",
    "start": 1535452695888,
    "end": 1535452695899,
    "duration": 11,
    "pid": 18084,
    "index": 33
  },
  {
    "name": "Require(28) node_modules/_egg@2.10.0@egg/app/extend/response.js",
    "start": 1535452695892,
    "end": 1535452695895,
    "duration": 3,
    "pid": 18084,
    "index": 34
  },
  {
    "name": "Load extend/context.js",
    "start": 1535452695900,
    "end": 1535452695989,
    "duration": 89,
    "pid": 18084,
    "index": 35
  },
  {
    "name": "Require(29) node_modules/_egg-security@2.2.3@egg-security/app/extend/context.js",
    "start": 1535452695900,
    "end": 1535452695918,
    "duration": 18,
    "pid": 18084,
    "index": 36
  },
  {
    "name": "Require(30) node_modules/_egg-jsonp@2.0.0@egg-jsonp/app/extend/context.js",
    "start": 1535452695918,
    "end": 1535452695920,
    "duration": 2,
    "pid": 18084,
    "index": 37
  },
  {
    "name": "Require(31) node_modules/_egg-i18n@2.0.0@egg-i18n/app/extend/context.js",
    "start": 1535452695921,
    "end": 1535452695922,
    "duration": 1,
    "pid": 18084,
    "index": 38
  },
  {
    "name": "Require(32) node_modules/_egg-multipart@2.1.0@egg-multipart/app/extend/context.js",
    "start": 1535452695923,
    "end": 1535452695978,
    "duration": 55,
    "pid": 18084,
    "index": 39
  },
  {
    "name": "Require(33) node_modules/_egg-view@2.1.0@egg-view/app/extend/context.js",
    "start": 1535452695980,
    "end": 1535452695981,
    "duration": 1,
    "pid": 18084,
    "index": 40
  },
  {
    "name": "Require(34) node_modules/_egg@2.10.0@egg/app/extend/context.js",
    "start": 1535452695982,
    "end": 1535452695985,
    "duration": 3,
    "pid": 18084,
    "index": 41
  },
  {
    "name": "Load extend/helper.js",
    "start": 1535452695990,
    "end": 1535452696022,
    "duration": 32,
    "pid": 18084,
    "index": 42
  },
  {
    "name": "Require(35) node_modules/_egg-security@2.2.3@egg-security/app/extend/helper.js",
    "start": 1535452695990,
    "end": 1535452696014,
    "duration": 24,
    "pid": 18084,
    "index": 43
  },
  {
    "name": "Require(36) node_modules/_egg@2.10.0@egg/app/extend/helper.js",
    "start": 1535452696017,
    "end": 1535452696018,
    "duration": 1,
    "pid": 18084,
    "index": 44
  },
  {
    "name": "Load app.js",
    "start": 1535452696022,
    "end": 1535452696300,
    "duration": 278,
    "pid": 18084,
    "index": 45
  },
  {
    "name": "Require(37) node_modules/_egg-session@3.1.0@egg-session/app.js",
    "start": 1535452696023,
    "end": 1535452696023,
    "duration": 0,
    "pid": 18084,
    "index": 46
  },
  {
    "name": "Require(38) node_modules/_egg-security@2.2.3@egg-security/app.js",
    "start": 1535452696024,
    "end": 1535452696027,
    "duration": 3,
    "pid": 18084,
    "index": 47
  },
  {
    "name": "Require(39) node_modules/_egg-onerror@2.1.0@egg-onerror/app.js",
    "start": 1535452696029,
    "end": 1535452696043,
    "duration": 14,
    "pid": 18084,
    "index": 48
  },
  {
    "name": "Require(40) node_modules/_egg-i18n@2.0.0@egg-i18n/app.js",
    "start": 1535452696044,
    "end": 1535452696056,
    "duration": 12,
    "pid": 18084,
    "index": 49
  },
  {
    "name": "Require(41) node_modules/_egg-watcher@3.0.0@egg-watcher/app.js",
    "start": 1535452696060,
    "end": 1535452696066,
    "duration": 6,
    "pid": 18084,
    "index": 50
  },
  {
    "name": "Before Start in node_modules/_egg-watcher@3.0.0@egg-watcher/app.js:15:7",
    "start": 1535452696076,
    "end": 1535452696513,
    "duration": 437,
    "pid": 18084,
    "index": 51
  },
  {
    "name": "Require(42) node_modules/_egg-multipart@2.1.0@egg-multipart/app.js",
    "start": 1535452696078,
    "end": 1535452696083,
    "duration": 5,
    "pid": 18084,
    "index": 52
  },
  {
    "name": "Require(43) node_modules/_egg-development@2.4.1@egg-development/app.js",
    "start": 1535452696084,
    "end": 1535452696085,
    "duration": 1,
    "pid": 18084,
    "index": 53
  },
  {
    "name": "Require(44) node_modules/_egg-schedule@3.3.0@egg-schedule/app.js",
    "start": 1535452696085,
    "end": 1535452696088,
    "duration": 3,
    "pid": 18084,
    "index": 54
  },
  {
    "name": "Require(45) node_modules/_egg-logrotator@3.0.3@egg-logrotator/app.js",
    "start": 1535452696139,
    "end": 1535452696141,
    "duration": 2,
    "pid": 18084,
    "index": 55
  },
  {
    "name": "Require(46) node_modules/_egg-static@2.1.1@egg-static/app.js",
    "start": 1535452696142,
    "end": 1535452696142,
    "duration": 0,
    "pid": 18084,
    "index": 56
  },
  {
    "name": "Require(47) node_modules/_egg-view-ejs@2.0.0@egg-view-ejs/app.js",
    "start": 1535452696144,
    "end": 1535452696145,
    "duration": 1,
    "pid": 18084,
    "index": 57
  },
  {
    "name": "Require(48) node_modules/_egg-mysql@3.0.0@egg-mysql/app.js",
    "start": 1535452696154,
    "end": 1535452696178,
    "duration": 24,
    "pid": 18084,
    "index": 58
  },
  {
    "name": "Before Start in node_modules/_egg-mysql@3.0.0@egg-mysql/lib/mysql.js:20:7",
    "start": 1535452696298,
    "end": 1535452696517,
    "duration": 219,
    "pid": 18084,
    "index": 59
  },
  {
    "name": "Load Service",
    "start": 1535452696300,
    "end": 1535452696308,
    "duration": 8,
    "pid": 18084,
    "index": 60
  },
  {
    "name": "Load \"service\" to Context",
    "start": 1535452696301,
    "end": 1535452696308,
    "duration": 7,
    "pid": 18084,
    "index": 61
  },
  {
    "name": "Load Middleware",
    "start": 1535452696309,
    "end": 1535452696461,
    "duration": 152,
    "pid": 18084,
    "index": 62
  },
  {
    "name": "Load \"middlewares\" to Application",
    "start": 1535452696309,
    "end": 1535452696440,
    "duration": 131,
    "pid": 18084,
    "index": 63
  },
  {
    "name": "Load Controller",
    "start": 1535452696461,
    "end": 1535452696466,
    "duration": 5,
    "pid": 18084,
    "index": 64
  },
  {
    "name": "Load \"controller\" to Application",
    "start": 1535452696461,
    "end": 1535452696466,
    "duration": 5,
    "pid": 18084,
    "index": 65
  },
  {
    "name": "Load Router",
    "start": 1535452696466,
    "end": 1535452696471,
    "duration": 5,
    "pid": 18084,
    "index": 66
  },
  {
    "name": "Require(49) app/router.js",
    "start": 1535452696467,
    "end": 1535452696467,
    "duration": 0,
    "pid": 18084,
    "index": 67
  },
  {
    "name": "Before Start in node_modules/_egg-core@4.9.1@egg-core/lib/egg.js:328:10",
    "start": 1535452696468,
    "end": 1535452696492,
    "duration": 24,
    "pid": 18084,
    "index": 68
  }
]