[
  {
    "name": "Application Start",
    "start": 1535452359583,
    "end": 1535452360605,
    "duration": 1022,
    "pid": 13372,
    "index": 0
  },
  {
    "name": "Load Plugin",
    "start": 1535452359594,
    "end": 1535452359658,
    "duration": 64,
    "pid": 13372,
    "index": 1
  },
  {
    "name": "Load Config",
    "start": 1535452359658,
    "end": 1535452359697,
    "duration": 39,
    "pid": 13372,
    "index": 2
  },
  {
    "name": "Require(0) config/config.default.js",
    "start": 1535452359659,
    "end": 1535452359659,
    "duration": 0,
    "pid": 13372,
    "index": 3
  },
  {
    "name": "Require(1) node_modules/_egg-session@3.1.0@egg-session/config/config.default.js",
    "start": 1535452359662,
    "end": 1535452359663,
    "duration": 1,
    "pid": 13372,
    "index": 4
  },
  {
    "name": "Require(2) node_modules/_egg-security@2.2.3@egg-security/config/config.default.js",
    "start": 1535452359664,
    "end": 1535452359665,
    "duration": 1,
    "pid": 13372,
    "index": 5
  },
  {
    "name": "Require(3) node_modules/_egg-jsonp@2.0.0@egg-jsonp/config/config.default.js",
    "start": 1535452359666,
    "end": 1535452359667,
    "duration": 1,
    "pid": 13372,
    "index": 6
  },
  {
    "name": "Require(4) node_modules/_egg-onerror@2.1.0@egg-onerror/config/config.default.js",
    "start": 1535452359668,
    "end": 1535452359668,
    "duration": 0,
    "pid": 13372,
    "index": 7
  },
  {
    "name": "Require(5) node_modules/_egg-i18n@2.0.0@egg-i18n/config/config.default.js",
    "start": 1535452359669,
    "end": 1535452359670,
    "duration": 1,
    "pid": 13372,
    "index": 8
  },
  {
    "name": "Require(6) node_modules/_egg-watcher@3.0.0@egg-watcher/config/config.default.js",
    "start": 1535452359671,
    "end": 1535452359671,
    "duration": 0,
    "pid": 13372,
    "index": 9
  },
  {
    "name": "Require(7) node_modules/_egg-multipart@2.1.0@egg-multipart/config/config.default.js",
    "start": 1535452359672,
    "end": 1535452359673,
    "duration": 1,
    "pid": 13372,
    "index": 10
  },
  {
    "name": "Require(8) node_modules/_egg-development@2.4.1@egg-development/config/config.default.js",
    "start": 1535452359674,
    "end": 1535452359674,
    "duration": 0,
    "pid": 13372,
    "index": 11
  },
  {
    "name": "Require(9) node_modules/_egg-schedule@3.3.0@egg-schedule/config/config.default.js",
    "start": 1535452359675,
    "end": 1535452359675,
    "duration": 0,
    "pid": 13372,
    "index": 12
  },
  {
    "name": "Require(10) node_modules/_egg-logrotator@3.0.3@egg-logrotator/config/config.default.js",
    "start": 1535452359676,
    "end": 1535452359677,
    "duration": 1,
    "pid": 13372,
    "index": 13
  },
  {
    "name": "Require(11) node_modules/_egg-static@2.1.1@egg-static/config/config.default.js",
    "start": 1535452359678,
    "end": 1535452359679,
    "duration": 1,
    "pid": 13372,
    "index": 14
  },
  {
    "name": "Require(12) node_modules/_egg-view@2.1.0@egg-view/config/config.default.js",
    "start": 1535452359680,
    "end": 1535452359680,
    "duration": 0,
    "pid": 13372,
    "index": 15
  },
  {
    "name": "Require(13) node_modules/_egg-view-ejs@2.0.0@egg-view-ejs/config/config.default.js",
    "start": 1535452359681,
    "end": 1535452359682,
    "duration": 1,
    "pid": 13372,
    "index": 16
  },
  {
    "name": "Require(14) node_modules/_egg-mysql@3.0.0@egg-mysql/config/config.default.js",
    "start": 1535452359684,
    "end": 1535452359684,
    "duration": 0,
    "pid": 13372,
    "index": 17
  },
  {
    "name": "Require(15) node_modules/_egg@2.10.0@egg/config/config.default.js",
    "start": 1535452359685,
    "end": 1535452359686,
    "duration": 1,
    "pid": 13372,
    "index": 18
  },
  {
    "name": "Require(16) config/config.default.js",
    "start": 1535452359688,
    "end": 1535452359688,
    "duration": 0,
    "pid": 13372,
    "index": 19
  },
  {
    "name": "Require(17) node_modules/_egg-security@2.2.3@egg-security/config/config.local.js",
    "start": 1535452359689,
    "end": 1535452359689,
    "duration": 0,
    "pid": 13372,
    "index": 20
  },
  {
    "name": "Require(18) node_modules/_egg-watcher@3.0.0@egg-watcher/config/config.local.js",
    "start": 1535452359690,
    "end": 1535452359691,
    "duration": 1,
    "pid": 13372,
    "index": 21
  },
  {
    "name": "Require(19) node_modules/_egg-view@2.1.0@egg-view/config/config.local.js",
    "start": 1535452359693,
    "end": 1535452359694,
    "duration": 1,
    "pid": 13372,
    "index": 22
  },
  {
    "name": "Require(20) node_modules/_egg-view-ejs@2.0.0@egg-view-ejs/config/config.local.js",
    "start": 1535452359695,
    "end": 1535452359695,
    "duration": 0,
    "pid": 13372,
    "index": 23
  },
  {
    "name": "Require(21) node_modules/_egg@2.10.0@egg/config/config.local.js",
    "start": 1535452359696,
    "end": 1535452359697,
    "duration": 1,
    "pid": 13372,
    "index": 24
  },
  {
    "name": "Load extend/application.js",
    "start": 1535452359700,
    "end": 1535452359729,
    "duration": 29,
    "pid": 13372,
    "index": 25
  },
  {
    "name": "Require(22) node_modules/_egg-session@3.1.0@egg-session/app/extend/application.js",
    "start": 1535452359702,
    "end": 1535452359702,
    "duration": 0,
    "pid": 13372,
    "index": 26
  },
  {
    "name": "Require(23) node_modules/_egg-security@2.2.3@egg-security/app/extend/application.js",
    "start": 1535452359703,
    "end": 1535452359705,
    "duration": 2,
    "pid": 13372,
    "index": 27
  },
  {
    "name": "Require(24) node_modules/_egg-jsonp@2.0.0@egg-jsonp/app/extend/application.js",
    "start": 1535452359706,
    "end": 1535452359710,
    "duration": 4,
    "pid": 13372,
    "index": 28
  },
  {
    "name": "Require(25) node_modules/_egg-logrotator@3.0.3@egg-logrotator/app/extend/application.js",
    "start": 1535452359713,
    "end": 1535452359719,
    "duration": 6,
    "pid": 13372,
    "index": 29
  },
  {
    "name": "Require(26) node_modules/_egg-view@2.1.0@egg-view/app/extend/application.js",
    "start": 1535452359721,
    "end": 1535452359724,
    "duration": 3,
    "pid": 13372,
    "index": 30
  },
  {
    "name": "Load extend/request.js",
    "start": 1535452359729,
    "end": 1535452359750,
    "duration": 21,
    "pid": 13372,
    "index": 31
  },
  {
    "name": "Require(27) node_modules/_egg@2.10.0@egg/app/extend/request.js",
    "start": 1535452359737,
    "end": 1535452359741,
    "duration": 4,
    "pid": 13372,
    "index": 32
  },
  {
    "name": "Load extend/response.js",
    "start": 1535452359750,
    "end": 1535452359765,
    "duration": 15,
    "pid": 13372,
    "index": 33
  },
  {
    "name": "Require(28) node_modules/_egg@2.10.0@egg/app/extend/response.js",
    "start": 1535452359755,
    "end": 1535452359759,
    "duration": 4,
    "pid": 13372,
    "index": 34
  },
  {
    "name": "Load extend/context.js",
    "start": 1535452359765,
    "end": 1535452359905,
    "duration": 140,
    "pid": 13372,
    "index": 35
  },
  {
    "name": "Require(29) node_modules/_egg-security@2.2.3@egg-security/app/extend/context.js",
    "start": 1535452359767,
    "end": 1535452359795,
    "duration": 28,
    "pid": 13372,
    "index": 36
  },
  {
    "name": "Require(30) node_modules/_egg-jsonp@2.0.0@egg-jsonp/app/extend/context.js",
    "start": 1535452359796,
    "end": 1535452359801,
    "duration": 5,
    "pid": 13372,
    "index": 37
  },
  {
    "name": "Require(31) node_modules/_egg-i18n@2.0.0@egg-i18n/app/extend/context.js",
    "start": 1535452359802,
    "end": 1535452359803,
    "duration": 1,
    "pid": 13372,
    "index": 38
  },
  {
    "name": "Require(32) node_modules/_egg-multipart@2.1.0@egg-multipart/app/extend/context.js",
    "start": 1535452359805,
    "end": 1535452359890,
    "duration": 85,
    "pid": 13372,
    "index": 39
  },
  {
    "name": "Require(33) node_modules/_egg-view@2.1.0@egg-view/app/extend/context.js",
    "start": 1535452359892,
    "end": 1535452359893,
    "duration": 1,
    "pid": 13372,
    "index": 40
  },
  {
    "name": "Require(34) node_modules/_egg@2.10.0@egg/app/extend/context.js",
    "start": 1535452359894,
    "end": 1535452359898,
    "duration": 4,
    "pid": 13372,
    "index": 41
  },
  {
    "name": "Load extend/helper.js",
    "start": 1535452359906,
    "end": 1535452359958,
    "duration": 52,
    "pid": 13372,
    "index": 42
  },
  {
    "name": "Require(35) node_modules/_egg-security@2.2.3@egg-security/app/extend/helper.js",
    "start": 1535452359906,
    "end": 1535452359943,
    "duration": 37,
    "pid": 13372,
    "index": 43
  },
  {
    "name": "Require(36) node_modules/_egg@2.10.0@egg/app/extend/helper.js",
    "start": 1535452359951,
    "end": 1535452359952,
    "duration": 1,
    "pid": 13372,
    "index": 44
  },
  {
    "name": "Load app.js",
    "start": 1535452359959,
    "end": 1535452360383,
    "duration": 424,
    "pid": 13372,
    "index": 45
  },
  {
    "name": "Require(37) node_modules/_egg-session@3.1.0@egg-session/app.js",
    "start": 1535452359959,
    "end": 1535452359960,
    "duration": 1,
    "pid": 13372,
    "index": 46
  },
  {
    "name": "Require(38) node_modules/_egg-security@2.2.3@egg-security/app.js",
    "start": 1535452359961,
    "end": 1535452359968,
    "duration": 7,
    "pid": 13372,
    "index": 47
  },
  {
    "name": "Require(39) node_modules/_egg-onerror@2.1.0@egg-onerror/app.js",
    "start": 1535452359971,
    "end": 1535452359994,
    "duration": 23,
    "pid": 13372,
    "index": 48
  },
  {
    "name": "Require(40) node_modules/_egg-i18n@2.0.0@egg-i18n/app.js",
    "start": 1535452359996,
    "end": 1535452360018,
    "duration": 22,
    "pid": 13372,
    "index": 49
  },
  {
    "name": "Require(41) node_modules/_egg-watcher@3.0.0@egg-watcher/app.js",
    "start": 1535452360023,
    "end": 1535452360031,
    "duration": 8,
    "pid": 13372,
    "index": 50
  },
  {
    "name": "Before Start in node_modules/_egg-watcher@3.0.0@egg-watcher/app.js:15:7",
    "start": 1535452360053,
    "end": 1535452360597,
    "duration": 544,
    "pid": 13372,
    "index": 51
  },
  {
    "name": "Require(42) node_modules/_egg-multipart@2.1.0@egg-multipart/app.js",
    "start": 1535452360055,
    "end": 1535452360061,
    "duration": 6,
    "pid": 13372,
    "index": 52
  },
  {
    "name": "Require(43) node_modules/_egg-development@2.4.1@egg-development/app.js",
    "start": 1535452360063,
    "end": 1535452360064,
    "duration": 1,
    "pid": 13372,
    "index": 53
  },
  {
    "name": "Require(44) node_modules/_egg-schedule@3.3.0@egg-schedule/app.js",
    "start": 1535452360065,
    "end": 1535452360071,
    "duration": 6,
    "pid": 13372,
    "index": 54
  },
  {
    "name": "Require(45) node_modules/_egg-logrotator@3.0.3@egg-logrotator/app.js",
    "start": 1535452360153,
    "end": 1535452360154,
    "duration": 1,
    "pid": 13372,
    "index": 55
  },
  {
    "name": "Require(46) node_modules/_egg-static@2.1.1@egg-static/app.js",
    "start": 1535452360155,
    "end": 1535452360155,
    "duration": 0,
    "pid": 13372,
    "index": 56
  },
  {
    "name": "Require(47) node_modules/_egg-view-ejs@2.0.0@egg-view-ejs/app.js",
    "start": 1535452360158,
    "end": 1535452360158,
    "duration": 0,
    "pid": 13372,
    "index": 57
  },
  {
    "name": "Require(48) node_modules/_egg-mysql@3.0.0@egg-mysql/app.js",
    "start": 1535452360180,
    "end": 1535452360220,
    "duration": 40,
    "pid": 13372,
    "index": 58
  },
  {
    "name": "Before Start in node_modules/_egg-mysql@3.0.0@egg-mysql/lib/mysql.js:20:7",
    "start": 1535452360380,
    "end": 1535452360604,
    "duration": 224,
    "pid": 13372,
    "index": 59
  },
  {
    "name": "Load Service",
    "start": 1535452360383,
    "end": 1535452360393,
    "duration": 10,
    "pid": 13372,
    "index": 60
  },
  {
    "name": "Load \"service\" to Context",
    "start": 1535452360383,
    "end": 1535452360393,
    "duration": 10,
    "pid": 13372,
    "index": 61
  },
  {
    "name": "Load Middleware",
    "start": 1535452360393,
    "end": 1535452360555,
    "duration": 162,
    "pid": 13372,
    "index": 62
  },
  {
    "name": "Load \"middlewares\" to Application",
    "start": 1535452360394,
    "end": 1535452360533,
    "duration": 139,
    "pid": 13372,
    "index": 63
  },
  {
    "name": "Load Controller",
    "start": 1535452360555,
    "end": 1535452360559,
    "duration": 4,
    "pid": 13372,
    "index": 64
  },
  {
    "name": "Load \"controller\" to Application",
    "start": 1535452360555,
    "end": 1535452360559,
    "duration": 4,
    "pid": 13372,
    "index": 65
  },
  {
    "name": "Load Router",
    "start": 1535452360559,
    "end": 1535452360564,
    "duration": 5,
    "pid": 13372,
    "index": 66
  },
  {
    "name": "Require(49) app/router.js",
    "start": 1535452360559,
    "end": 1535452360560,
    "duration": 1,
    "pid": 13372,
    "index": 67
  },
  {
    "name": "Before Start in node_modules/_egg-core@4.9.1@egg-core/lib/egg.js:328:10",
    "start": 1535452360560,
    "end": 1535452360582,
    "duration": 22,
    "pid": 13372,
    "index": 68
  }
]