[
  {
    "name": "Application Start",
    "start": 1535452599406,
    "end": 1535452600234,
    "duration": 828,
    "pid": 744,
    "index": 0
  },
  {
    "name": "Load Plugin",
    "start": 1535452599413,
    "end": 1535452599447,
    "duration": 34,
    "pid": 744,
    "index": 1
  },
  {
    "name": "Load Config",
    "start": 1535452599447,
    "end": 1535452599483,
    "duration": 36,
    "pid": 744,
    "index": 2
  },
  {
    "name": "Require(0) config/config.default.js",
    "start": 1535452599449,
    "end": 1535452599450,
    "duration": 1,
    "pid": 744,
    "index": 3
  },
  {
    "name": "Require(1) node_modules/_egg-session@3.1.0@egg-session/config/config.default.js",
    "start": 1535452599452,
    "end": 1535452599453,
    "duration": 1,
    "pid": 744,
    "index": 4
  },
  {
    "name": "Require(2) node_modules/_egg-security@2.2.3@egg-security/config/config.default.js",
    "start": 1535452599454,
    "end": 1535452599454,
    "duration": 0,
    "pid": 744,
    "index": 5
  },
  {
    "name": "Require(3) node_modules/_egg-jsonp@2.0.0@egg-jsonp/config/config.default.js",
    "start": 1535452599455,
    "end": 1535452599456,
    "duration": 1,
    "pid": 744,
    "index": 6
  },
  {
    "name": "Require(4) node_modules/_egg-onerror@2.1.0@egg-onerror/config/config.default.js",
    "start": 1535452599456,
    "end": 1535452599457,
    "duration": 1,
    "pid": 744,
    "index": 7
  },
  {
    "name": "Require(5) node_modules/_egg-i18n@2.0.0@egg-i18n/config/config.default.js",
    "start": 1535452599457,
    "end": 1535452599458,
    "duration": 1,
    "pid": 744,
    "index": 8
  },
  {
    "name": "Require(6) node_modules/_egg-watcher@3.0.0@egg-watcher/config/config.default.js",
    "start": 1535452599459,
    "end": 1535452599459,
    "duration": 0,
    "pid": 744,
    "index": 9
  },
  {
    "name": "Require(7) node_modules/_egg-multipart@2.1.0@egg-multipart/config/config.default.js",
    "start": 1535452599460,
    "end": 1535452599461,
    "duration": 1,
    "pid": 744,
    "index": 10
  },
  {
    "name": "Require(8) node_modules/_egg-development@2.4.1@egg-development/config/config.default.js",
    "start": 1535452599461,
    "end": 1535452599462,
    "duration": 1,
    "pid": 744,
    "index": 11
  },
  {
    "name": "Require(9) node_modules/_egg-schedule@3.3.0@egg-schedule/config/config.default.js",
    "start": 1535452599462,
    "end": 1535452599463,
    "duration": 1,
    "pid": 744,
    "index": 12
  },
  {
    "name": "Require(10) node_modules/_egg-logrotator@3.0.3@egg-logrotator/config/config.default.js",
    "start": 1535452599463,
    "end": 1535452599464,
    "duration": 1,
    "pid": 744,
    "index": 13
  },
  {
    "name": "Require(11) node_modules/_egg-static@2.1.1@egg-static/config/config.default.js",
    "start": 1535452599465,
    "end": 1535452599465,
    "duration": 0,
    "pid": 744,
    "index": 14
  },
  {
    "name": "Require(12) node_modules/_egg-view@2.1.0@egg-view/config/config.default.js",
    "start": 1535452599467,
    "end": 1535452599468,
    "duration": 1,
    "pid": 744,
    "index": 15
  },
  {
    "name": "Require(13) node_modules/_egg-view-ejs@2.0.0@egg-view-ejs/config/config.default.js",
    "start": 1535452599469,
    "end": 1535452599470,
    "duration": 1,
    "pid": 744,
    "index": 16
  },
  {
    "name": "Require(14) node_modules/_egg-mysql@3.0.0@egg-mysql/config/config.default.js",
    "start": 1535452599471,
    "end": 1535452599471,
    "duration": 0,
    "pid": 744,
    "index": 17
  },
  {
    "name": "Require(15) node_modules/_egg@2.10.0@egg/config/config.default.js",
    "start": 1535452599472,
    "end": 1535452599472,
    "duration": 0,
    "pid": 744,
    "index": 18
  },
  {
    "name": "Require(16) config/config.default.js",
    "start": 1535452599474,
    "end": 1535452599475,
    "duration": 1,
    "pid": 744,
    "index": 19
  },
  {
    "name": "Require(17) node_modules/_egg-security@2.2.3@egg-security/config/config.local.js",
    "start": 1535452599475,
    "end": 1535452599476,
    "duration": 1,
    "pid": 744,
    "index": 20
  },
  {
    "name": "Require(18) node_modules/_egg-watcher@3.0.0@egg-watcher/config/config.local.js",
    "start": 1535452599477,
    "end": 1535452599478,
    "duration": 1,
    "pid": 744,
    "index": 21
  },
  {
    "name": "Require(19) node_modules/_egg-view@2.1.0@egg-view/config/config.local.js",
    "start": 1535452599480,
    "end": 1535452599480,
    "duration": 0,
    "pid": 744,
    "index": 22
  },
  {
    "name": "Require(20) node_modules/_egg-view-ejs@2.0.0@egg-view-ejs/config/config.local.js",
    "start": 1535452599481,
    "end": 1535452599482,
    "duration": 1,
    "pid": 744,
    "index": 23
  },
  {
    "name": "Require(21) node_modules/_egg@2.10.0@egg/config/config.local.js",
    "start": 1535452599483,
    "end": 1535452599483,
    "duration": 0,
    "pid": 744,
    "index": 24
  },
  {
    "name": "Load extend/application.js",
    "start": 1535452599485,
    "end": 1535452599522,
    "duration": 37,
    "pid": 744,
    "index": 25
  },
  {
    "name": "Require(22) node_modules/_egg-session@3.1.0@egg-session/app/extend/application.js",
    "start": 1535452599486,
    "end": 1535452599487,
    "duration": 1,
    "pid": 744,
    "index": 26
  },
  {
    "name": "Require(23) node_modules/_egg-security@2.2.3@egg-security/app/extend/application.js",
    "start": 1535452599487,
    "end": 1535452599489,
    "duration": 2,
    "pid": 744,
    "index": 27
  },
  {
    "name": "Require(24) node_modules/_egg-jsonp@2.0.0@egg-jsonp/app/extend/application.js",
    "start": 1535452599490,
    "end": 1535452599495,
    "duration": 5,
    "pid": 744,
    "index": 28
  },
  {
    "name": "Require(25) node_modules/_egg-logrotator@3.0.3@egg-logrotator/app/extend/application.js",
    "start": 1535452599498,
    "end": 1535452599508,
    "duration": 10,
    "pid": 744,
    "index": 29
  },
  {
    "name": "Require(26) node_modules/_egg-view@2.1.0@egg-view/app/extend/application.js",
    "start": 1535452599509,
    "end": 1535452599514,
    "duration": 5,
    "pid": 744,
    "index": 30
  },
  {
    "name": "Load extend/request.js",
    "start": 1535452599522,
    "end": 1535452599534,
    "duration": 12,
    "pid": 744,
    "index": 31
  },
  {
    "name": "Require(27) node_modules/_egg@2.10.0@egg/app/extend/request.js",
    "start": 1535452599526,
    "end": 1535452599529,
    "duration": 3,
    "pid": 744,
    "index": 32
  },
  {
    "name": "Load extend/response.js",
    "start": 1535452599534,
    "end": 1535452599547,
    "duration": 13,
    "pid": 744,
    "index": 33
  },
  {
    "name": "Require(28) node_modules/_egg@2.10.0@egg/app/extend/response.js",
    "start": 1535452599539,
    "end": 1535452599543,
    "duration": 4,
    "pid": 744,
    "index": 34
  },
  {
    "name": "Load extend/context.js",
    "start": 1535452599548,
    "end": 1535452599647,
    "duration": 99,
    "pid": 744,
    "index": 35
  },
  {
    "name": "Require(29) node_modules/_egg-security@2.2.3@egg-security/app/extend/context.js",
    "start": 1535452599549,
    "end": 1535452599571,
    "duration": 22,
    "pid": 744,
    "index": 36
  },
  {
    "name": "Require(30) node_modules/_egg-jsonp@2.0.0@egg-jsonp/app/extend/context.js",
    "start": 1535452599572,
    "end": 1535452599574,
    "duration": 2,
    "pid": 744,
    "index": 37
  },
  {
    "name": "Require(31) node_modules/_egg-i18n@2.0.0@egg-i18n/app/extend/context.js",
    "start": 1535452599575,
    "end": 1535452599576,
    "duration": 1,
    "pid": 744,
    "index": 38
  },
  {
    "name": "Require(32) node_modules/_egg-multipart@2.1.0@egg-multipart/app/extend/context.js",
    "start": 1535452599576,
    "end": 1535452599637,
    "duration": 61,
    "pid": 744,
    "index": 39
  },
  {
    "name": "Require(33) node_modules/_egg-view@2.1.0@egg-view/app/extend/context.js",
    "start": 1535452599638,
    "end": 1535452599640,
    "duration": 2,
    "pid": 744,
    "index": 40
  },
  {
    "name": "Require(34) node_modules/_egg@2.10.0@egg/app/extend/context.js",
    "start": 1535452599641,
    "end": 1535452599643,
    "duration": 2,
    "pid": 744,
    "index": 41
  },
  {
    "name": "Load extend/helper.js",
    "start": 1535452599647,
    "end": 1535452599683,
    "duration": 36,
    "pid": 744,
    "index": 42
  },
  {
    "name": "Require(35) node_modules/_egg-security@2.2.3@egg-security/app/extend/helper.js",
    "start": 1535452599648,
    "end": 1535452599675,
    "duration": 27,
    "pid": 744,
    "index": 43
  },
  {
    "name": "Require(36) node_modules/_egg@2.10.0@egg/app/extend/helper.js",
    "start": 1535452599678,
    "end": 1535452599678,
    "duration": 0,
    "pid": 744,
    "index": 44
  },
  {
    "name": "Load app.js",
    "start": 1535452599684,
    "end": 1535452599993,
    "duration": 309,
    "pid": 744,
    "index": 45
  },
  {
    "name": "Require(37) node_modules/_egg-session@3.1.0@egg-session/app.js",
    "start": 1535452599684,
    "end": 1535452599685,
    "duration": 1,
    "pid": 744,
    "index": 46
  },
  {
    "name": "Require(38) node_modules/_egg-security@2.2.3@egg-security/app.js",
    "start": 1535452599685,
    "end": 1535452599688,
    "duration": 3,
    "pid": 744,
    "index": 47
  },
  {
    "name": "Require(39) node_modules/_egg-onerror@2.1.0@egg-onerror/app.js",
    "start": 1535452599690,
    "end": 1535452599705,
    "duration": 15,
    "pid": 744,
    "index": 48
  },
  {
    "name": "Require(40) node_modules/_egg-i18n@2.0.0@egg-i18n/app.js",
    "start": 1535452599707,
    "end": 1535452599719,
    "duration": 12,
    "pid": 744,
    "index": 49
  },
  {
    "name": "Require(41) node_modules/_egg-watcher@3.0.0@egg-watcher/app.js",
    "start": 1535452599724,
    "end": 1535452599731,
    "duration": 7,
    "pid": 744,
    "index": 50
  },
  {
    "name": "Before Start in node_modules/_egg-watcher@3.0.0@egg-watcher/app.js:15:7",
    "start": 1535452599744,
    "end": 1535452600229,
    "duration": 485,
    "pid": 744,
    "index": 51
  },
  {
    "name": "Require(42) node_modules/_egg-multipart@2.1.0@egg-multipart/app.js",
    "start": 1535452599745,
    "end": 1535452599752,
    "duration": 7,
    "pid": 744,
    "index": 52
  },
  {
    "name": "Require(43) node_modules/_egg-development@2.4.1@egg-development/app.js",
    "start": 1535452599754,
    "end": 1535452599754,
    "duration": 0,
    "pid": 744,
    "index": 53
  },
  {
    "name": "Require(44) node_modules/_egg-schedule@3.3.0@egg-schedule/app.js",
    "start": 1535452599755,
    "end": 1535452599758,
    "duration": 3,
    "pid": 744,
    "index": 54
  },
  {
    "name": "Require(45) node_modules/_egg-logrotator@3.0.3@egg-logrotator/app.js",
    "start": 1535452599810,
    "end": 1535452599810,
    "duration": 0,
    "pid": 744,
    "index": 55
  },
  {
    "name": "Require(46) node_modules/_egg-static@2.1.1@egg-static/app.js",
    "start": 1535452599811,
    "end": 1535452599811,
    "duration": 0,
    "pid": 744,
    "index": 56
  },
  {
    "name": "Require(47) node_modules/_egg-view-ejs@2.0.0@egg-view-ejs/app.js",
    "start": 1535452599813,
    "end": 1535452599813,
    "duration": 0,
    "pid": 744,
    "index": 57
  },
  {
    "name": "Require(48) node_modules/_egg-mysql@3.0.0@egg-mysql/app.js",
    "start": 1535452599821,
    "end": 1535452599852,
    "duration": 31,
    "pid": 744,
    "index": 58
  },
  {
    "name": "Before Start in node_modules/_egg-mysql@3.0.0@egg-mysql/lib/mysql.js:20:7",
    "start": 1535452599991,
    "end": 1535452600234,
    "duration": 243,
    "pid": 744,
    "index": 59
  },
  {
    "name": "Load Service",
    "start": 1535452599993,
    "end": 1535452600005,
    "duration": 12,
    "pid": 744,
    "index": 60
  },
  {
    "name": "Load \"service\" to Context",
    "start": 1535452599994,
    "end": 1535452600005,
    "duration": 11,
    "pid": 744,
    "index": 61
  },
  {
    "name": "Load Middleware",
    "start": 1535452600005,
    "end": 1535452600172,
    "duration": 167,
    "pid": 744,
    "index": 62
  },
  {
    "name": "Load \"middlewares\" to Application",
    "start": 1535452600006,
    "end": 1535452600153,
    "duration": 147,
    "pid": 744,
    "index": 63
  },
  {
    "name": "Load Controller",
    "start": 1535452600172,
    "end": 1535452600175,
    "duration": 3,
    "pid": 744,
    "index": 64
  },
  {
    "name": "Load \"controller\" to Application",
    "start": 1535452600172,
    "end": 1535452600175,
    "duration": 3,
    "pid": 744,
    "index": 65
  },
  {
    "name": "Load Router",
    "start": 1535452600175,
    "end": 1535452600178,
    "duration": 3,
    "pid": 744,
    "index": 66
  },
  {
    "name": "Require(49) app/router.js",
    "start": 1535452600176,
    "end": 1535452600176,
    "duration": 0,
    "pid": 744,
    "index": 67
  },
  {
    "name": "Before Start in node_modules/_egg-core@4.9.1@egg-core/lib/egg.js:328:10",
    "start": 1535452600177,
    "end": 1535452600208,
    "duration": 31,
    "pid": 744,
    "index": 68
  }
]