[
  {
    "name": "Application Start",
    "start": 1535453266195,
    "end": 1535453266959,
    "duration": 764,
    "pid": 832,
    "index": 0
  },
  {
    "name": "Load Plugin",
    "start": 1535453266203,
    "end": 1535453266241,
    "duration": 38,
    "pid": 832,
    "index": 1
  },
  {
    "name": "Load Config",
    "start": 1535453266242,
    "end": 1535453266276,
    "duration": 34,
    "pid": 832,
    "index": 2
  },
  {
    "name": "Require(0) config/config.default.js",
    "start": 1535453266243,
    "end": 1535453266243,
    "duration": 0,
    "pid": 832,
    "index": 3
  },
  {
    "name": "Require(1) node_modules/_egg-session@3.1.0@egg-session/config/config.default.js",
    "start": 1535453266245,
    "end": 1535453266246,
    "duration": 1,
    "pid": 832,
    "index": 4
  },
  {
    "name": "Require(2) node_modules/_egg-security@2.2.3@egg-security/config/config.default.js",
    "start": 1535453266247,
    "end": 1535453266247,
    "duration": 0,
    "pid": 832,
    "index": 5
  },
  {
    "name": "Require(3) node_modules/_egg-jsonp@2.0.0@egg-jsonp/config/config.default.js",
    "start": 1535453266249,
    "end": 1535453266249,
    "duration": 0,
    "pid": 832,
    "index": 6
  },
  {
    "name": "Require(4) node_modules/_egg-onerror@2.1.0@egg-onerror/config/config.default.js",
    "start": 1535453266250,
    "end": 1535453266251,
    "duration": 1,
    "pid": 832,
    "index": 7
  },
  {
    "name": "Require(5) node_modules/_egg-i18n@2.0.0@egg-i18n/config/config.default.js",
    "start": 1535453266251,
    "end": 1535453266252,
    "duration": 1,
    "pid": 832,
    "index": 8
  },
  {
    "name": "Require(6) node_modules/_egg-watcher@3.0.0@egg-watcher/config/config.default.js",
    "start": 1535453266253,
    "end": 1535453266253,
    "duration": 0,
    "pid": 832,
    "index": 9
  },
  {
    "name": "Require(7) node_modules/_egg-multipart@2.1.0@egg-multipart/config/config.default.js",
    "start": 1535453266254,
    "end": 1535453266254,
    "duration": 0,
    "pid": 832,
    "index": 10
  },
  {
    "name": "Require(8) node_modules/_egg-development@2.4.1@egg-development/config/config.default.js",
    "start": 1535453266255,
    "end": 1535453266255,
    "duration": 0,
    "pid": 832,
    "index": 11
  },
  {
    "name": "Require(9) node_modules/_egg-schedule@3.3.0@egg-schedule/config/config.default.js",
    "start": 1535453266256,
    "end": 1535453266256,
    "duration": 0,
    "pid": 832,
    "index": 12
  },
  {
    "name": "Require(10) node_modules/_egg-logrotator@3.0.3@egg-logrotator/config/config.default.js",
    "start": 1535453266257,
    "end": 1535453266258,
    "duration": 1,
    "pid": 832,
    "index": 13
  },
  {
    "name": "Require(11) node_modules/_egg-static@2.1.1@egg-static/config/config.default.js",
    "start": 1535453266258,
    "end": 1535453266259,
    "duration": 1,
    "pid": 832,
    "index": 14
  },
  {
    "name": "Require(12) node_modules/_egg-view@2.1.0@egg-view/config/config.default.js",
    "start": 1535453266259,
    "end": 1535453266260,
    "duration": 1,
    "pid": 832,
    "index": 15
  },
  {
    "name": "Require(13) node_modules/_egg-view-ejs@2.0.0@egg-view-ejs/config/config.default.js",
    "start": 1535453266261,
    "end": 1535453266262,
    "duration": 1,
    "pid": 832,
    "index": 16
  },
  {
    "name": "Require(14) node_modules/_egg-mysql@3.0.0@egg-mysql/config/config.default.js",
    "start": 1535453266263,
    "end": 1535453266263,
    "duration": 0,
    "pid": 832,
    "index": 17
  },
  {
    "name": "Require(15) node_modules/_egg@2.10.0@egg/config/config.default.js",
    "start": 1535453266264,
    "end": 1535453266265,
    "duration": 1,
    "pid": 832,
    "index": 18
  },
  {
    "name": "Require(16) config/config.default.js",
    "start": 1535453266268,
    "end": 1535453266268,
    "duration": 0,
    "pid": 832,
    "index": 19
  },
  {
    "name": "Require(17) node_modules/_egg-security@2.2.3@egg-security/config/config.local.js",
    "start": 1535453266268,
    "end": 1535453266269,
    "duration": 1,
    "pid": 832,
    "index": 20
  },
  {
    "name": "Require(18) node_modules/_egg-watcher@3.0.0@egg-watcher/config/config.local.js",
    "start": 1535453266270,
    "end": 1535453266271,
    "duration": 1,
    "pid": 832,
    "index": 21
  },
  {
    "name": "Require(19) node_modules/_egg-view@2.1.0@egg-view/config/config.local.js",
    "start": 1535453266273,
    "end": 1535453266273,
    "duration": 0,
    "pid": 832,
    "index": 22
  },
  {
    "name": "Require(20) node_modules/_egg-view-ejs@2.0.0@egg-view-ejs/config/config.local.js",
    "start": 1535453266274,
    "end": 1535453266274,
    "duration": 0,
    "pid": 832,
    "index": 23
  },
  {
    "name": "Require(21) node_modules/_egg@2.10.0@egg/config/config.local.js",
    "start": 1535453266275,
    "end": 1535453266276,
    "duration": 1,
    "pid": 832,
    "index": 24
  },
  {
    "name": "Load extend/application.js",
    "start": 1535453266279,
    "end": 1535453266310,
    "duration": 31,
    "pid": 832,
    "index": 25
  },
  {
    "name": "Require(22) node_modules/_egg-session@3.1.0@egg-session/app/extend/application.js",
    "start": 1535453266280,
    "end": 1535453266281,
    "duration": 1,
    "pid": 832,
    "index": 26
  },
  {
    "name": "Require(23) node_modules/_egg-security@2.2.3@egg-security/app/extend/application.js",
    "start": 1535453266283,
    "end": 1535453266285,
    "duration": 2,
    "pid": 832,
    "index": 27
  },
  {
    "name": "Require(24) node_modules/_egg-jsonp@2.0.0@egg-jsonp/app/extend/application.js",
    "start": 1535453266286,
    "end": 1535453266289,
    "duration": 3,
    "pid": 832,
    "index": 28
  },
  {
    "name": "Require(25) node_modules/_egg-logrotator@3.0.3@egg-logrotator/app/extend/application.js",
    "start": 1535453266291,
    "end": 1535453266298,
    "duration": 7,
    "pid": 832,
    "index": 29
  },
  {
    "name": "Require(26) node_modules/_egg-view@2.1.0@egg-view/app/extend/application.js",
    "start": 1535453266299,
    "end": 1535453266302,
    "duration": 3,
    "pid": 832,
    "index": 30
  },
  {
    "name": "Load extend/request.js",
    "start": 1535453266310,
    "end": 1535453266321,
    "duration": 11,
    "pid": 832,
    "index": 31
  },
  {
    "name": "Require(27) node_modules/_egg@2.10.0@egg/app/extend/request.js",
    "start": 1535453266314,
    "end": 1535453266317,
    "duration": 3,
    "pid": 832,
    "index": 32
  },
  {
    "name": "Load extend/response.js",
    "start": 1535453266321,
    "end": 1535453266336,
    "duration": 15,
    "pid": 832,
    "index": 33
  },
  {
    "name": "Require(28) node_modules/_egg@2.10.0@egg/app/extend/response.js",
    "start": 1535453266325,
    "end": 1535453266329,
    "duration": 4,
    "pid": 832,
    "index": 34
  },
  {
    "name": "Load extend/context.js",
    "start": 1535453266336,
    "end": 1535453266426,
    "duration": 90,
    "pid": 832,
    "index": 35
  },
  {
    "name": "Require(29) node_modules/_egg-security@2.2.3@egg-security/app/extend/context.js",
    "start": 1535453266337,
    "end": 1535453266356,
    "duration": 19,
    "pid": 832,
    "index": 36
  },
  {
    "name": "Require(30) node_modules/_egg-jsonp@2.0.0@egg-jsonp/app/extend/context.js",
    "start": 1535453266356,
    "end": 1535453266359,
    "duration": 3,
    "pid": 832,
    "index": 37
  },
  {
    "name": "Require(31) node_modules/_egg-i18n@2.0.0@egg-i18n/app/extend/context.js",
    "start": 1535453266359,
    "end": 1535453266360,
    "duration": 1,
    "pid": 832,
    "index": 38
  },
  {
    "name": "Require(32) node_modules/_egg-multipart@2.1.0@egg-multipart/app/extend/context.js",
    "start": 1535453266360,
    "end": 1535453266415,
    "duration": 55,
    "pid": 832,
    "index": 39
  },
  {
    "name": "Require(33) node_modules/_egg-view@2.1.0@egg-view/app/extend/context.js",
    "start": 1535453266417,
    "end": 1535453266418,
    "duration": 1,
    "pid": 832,
    "index": 40
  },
  {
    "name": "Require(34) node_modules/_egg@2.10.0@egg/app/extend/context.js",
    "start": 1535453266419,
    "end": 1535453266422,
    "duration": 3,
    "pid": 832,
    "index": 41
  },
  {
    "name": "Load extend/helper.js",
    "start": 1535453266426,
    "end": 1535453266458,
    "duration": 32,
    "pid": 832,
    "index": 42
  },
  {
    "name": "Require(35) node_modules/_egg-security@2.2.3@egg-security/app/extend/helper.js",
    "start": 1535453266427,
    "end": 1535453266449,
    "duration": 22,
    "pid": 832,
    "index": 43
  },
  {
    "name": "Require(36) node_modules/_egg@2.10.0@egg/app/extend/helper.js",
    "start": 1535453266453,
    "end": 1535453266454,
    "duration": 1,
    "pid": 832,
    "index": 44
  },
  {
    "name": "Load app.js",
    "start": 1535453266458,
    "end": 1535453266750,
    "duration": 292,
    "pid": 832,
    "index": 45
  },
  {
    "name": "Require(37) node_modules/_egg-session@3.1.0@egg-session/app.js",
    "start": 1535453266458,
    "end": 1535453266459,
    "duration": 1,
    "pid": 832,
    "index": 46
  },
  {
    "name": "Require(38) node_modules/_egg-security@2.2.3@egg-security/app.js",
    "start": 1535453266459,
    "end": 1535453266462,
    "duration": 3,
    "pid": 832,
    "index": 47
  },
  {
    "name": "Require(39) node_modules/_egg-onerror@2.1.0@egg-onerror/app.js",
    "start": 1535453266464,
    "end": 1535453266479,
    "duration": 15,
    "pid": 832,
    "index": 48
  },
  {
    "name": "Require(40) node_modules/_egg-i18n@2.0.0@egg-i18n/app.js",
    "start": 1535453266480,
    "end": 1535453266491,
    "duration": 11,
    "pid": 832,
    "index": 49
  },
  {
    "name": "Require(41) node_modules/_egg-watcher@3.0.0@egg-watcher/app.js",
    "start": 1535453266496,
    "end": 1535453266502,
    "duration": 6,
    "pid": 832,
    "index": 50
  },
  {
    "name": "Before Start in node_modules/_egg-watcher@3.0.0@egg-watcher/app.js:15:7",
    "start": 1535453266512,
    "end": 1535453266956,
    "duration": 444,
    "pid": 832,
    "index": 51
  },
  {
    "name": "Require(42) node_modules/_egg-multipart@2.1.0@egg-multipart/app.js",
    "start": 1535453266513,
    "end": 1535453266519,
    "duration": 6,
    "pid": 832,
    "index": 52
  },
  {
    "name": "Require(43) node_modules/_egg-development@2.4.1@egg-development/app.js",
    "start": 1535453266520,
    "end": 1535453266520,
    "duration": 0,
    "pid": 832,
    "index": 53
  },
  {
    "name": "Require(44) node_modules/_egg-schedule@3.3.0@egg-schedule/app.js",
    "start": 1535453266521,
    "end": 1535453266524,
    "duration": 3,
    "pid": 832,
    "index": 54
  },
  {
    "name": "Require(45) node_modules/_egg-logrotator@3.0.3@egg-logrotator/app.js",
    "start": 1535453266577,
    "end": 1535453266577,
    "duration": 0,
    "pid": 832,
    "index": 55
  },
  {
    "name": "Require(46) node_modules/_egg-static@2.1.1@egg-static/app.js",
    "start": 1535453266578,
    "end": 1535453266578,
    "duration": 0,
    "pid": 832,
    "index": 56
  },
  {
    "name": "Require(47) node_modules/_egg-view-ejs@2.0.0@egg-view-ejs/app.js",
    "start": 1535453266580,
    "end": 1535453266580,
    "duration": 0,
    "pid": 832,
    "index": 57
  },
  {
    "name": "Require(48) node_modules/_egg-mysql@3.0.0@egg-mysql/app.js",
    "start": 1535453266589,
    "end": 1535453266621,
    "duration": 32,
    "pid": 832,
    "index": 58
  },
  {
    "name": "Before Start in node_modules/_egg-mysql@3.0.0@egg-mysql/lib/mysql.js:20:7",
    "start": 1535453266748,
    "end": 1535453266959,
    "duration": 211,
    "pid": 832,
    "index": 59
  },
  {
    "name": "Load Service",
    "start": 1535453266750,
    "end": 1535453266759,
    "duration": 9,
    "pid": 832,
    "index": 60
  },
  {
    "name": "Load \"service\" to Context",
    "start": 1535453266750,
    "end": 1535453266759,
    "duration": 9,
    "pid": 832,
    "index": 61
  },
  {
    "name": "Load Middleware",
    "start": 1535453266759,
    "end": 1535453266907,
    "duration": 148,
    "pid": 832,
    "index": 62
  },
  {
    "name": "Load \"middlewares\" to Application",
    "start": 1535453266760,
    "end": 1535453266889,
    "duration": 129,
    "pid": 832,
    "index": 63
  },
  {
    "name": "Load Controller",
    "start": 1535453266907,
    "end": 1535453266910,
    "duration": 3,
    "pid": 832,
    "index": 64
  },
  {
    "name": "Load \"controller\" to Application",
    "start": 1535453266907,
    "end": 1535453266910,
    "duration": 3,
    "pid": 832,
    "index": 65
  },
  {
    "name": "Load Router",
    "start": 1535453266910,
    "end": 1535453266913,
    "duration": 3,
    "pid": 832,
    "index": 66
  },
  {
    "name": "Require(49) app/router.js",
    "start": 1535453266911,
    "end": 1535453266911,
    "duration": 0,
    "pid": 832,
    "index": 67
  },
  {
    "name": "Before Start in node_modules/_egg-core@4.9.1@egg-core/lib/egg.js:328:10",
    "start": 1535453266912,
    "end": 1535453266936,
    "duration": 24,
    "pid": 832,
    "index": 68
  }
]