[
  {
    "name": "Application Start",
    "start": 1535468084645,
    "end": 1535468085417,
    "duration": 772,
    "pid": 14544,
    "index": 0
  },
  {
    "name": "Load Plugin",
    "start": 1535468084660,
    "end": 1535468084702,
    "duration": 42,
    "pid": 14544,
    "index": 1
  },
  {
    "name": "Load Config",
    "start": 1535468084703,
    "end": 1535468084740,
    "duration": 37,
    "pid": 14544,
    "index": 2
  },
  {
    "name": "Require(0) config/config.default.js",
    "start": 1535468084704,
    "end": 1535468084705,
    "duration": 1,
    "pid": 14544,
    "index": 3
  },
  {
    "name": "Require(1) node_modules/_egg-session@3.1.0@egg-session/config/config.default.js",
    "start": 1535468084708,
    "end": 1535468084708,
    "duration": 0,
    "pid": 14544,
    "index": 4
  },
  {
    "name": "Require(2) node_modules/_egg-security@2.2.3@egg-security/config/config.default.js",
    "start": 1535468084709,
    "end": 1535468084710,
    "duration": 1,
    "pid": 14544,
    "index": 5
  },
  {
    "name": "Require(3) node_modules/_egg-jsonp@2.0.0@egg-jsonp/config/config.default.js",
    "start": 1535468084711,
    "end": 1535468084711,
    "duration": 0,
    "pid": 14544,
    "index": 6
  },
  {
    "name": "Require(4) node_modules/_egg-onerror@2.1.0@egg-onerror/config/config.default.js",
    "start": 1535468084712,
    "end": 1535468084712,
    "duration": 0,
    "pid": 14544,
    "index": 7
  },
  {
    "name": "Require(5) node_modules/_egg-i18n@2.0.0@egg-i18n/config/config.default.js",
    "start": 1535468084713,
    "end": 1535468084714,
    "duration": 1,
    "pid": 14544,
    "index": 8
  },
  {
    "name": "Require(6) node_modules/_egg-watcher@3.0.0@egg-watcher/config/config.default.js",
    "start": 1535468084715,
    "end": 1535468084715,
    "duration": 0,
    "pid": 14544,
    "index": 9
  },
  {
    "name": "Require(7) node_modules/_egg-multipart@2.1.0@egg-multipart/config/config.default.js",
    "start": 1535468084716,
    "end": 1535468084717,
    "duration": 1,
    "pid": 14544,
    "index": 10
  },
  {
    "name": "Require(8) node_modules/_egg-development@2.4.1@egg-development/config/config.default.js",
    "start": 1535468084718,
    "end": 1535468084718,
    "duration": 0,
    "pid": 14544,
    "index": 11
  },
  {
    "name": "Require(9) node_modules/_egg-schedule@3.3.0@egg-schedule/config/config.default.js",
    "start": 1535468084719,
    "end": 1535468084719,
    "duration": 0,
    "pid": 14544,
    "index": 12
  },
  {
    "name": "Require(10) node_modules/_egg-logrotator@3.0.3@egg-logrotator/config/config.default.js",
    "start": 1535468084721,
    "end": 1535468084721,
    "duration": 0,
    "pid": 14544,
    "index": 13
  },
  {
    "name": "Require(11) node_modules/_egg-static@2.1.1@egg-static/config/config.default.js",
    "start": 1535468084722,
    "end": 1535468084722,
    "duration": 0,
    "pid": 14544,
    "index": 14
  },
  {
    "name": "Require(12) node_modules/_egg-view@2.1.0@egg-view/config/config.default.js",
    "start": 1535468084723,
    "end": 1535468084724,
    "duration": 1,
    "pid": 14544,
    "index": 15
  },
  {
    "name": "Require(13) node_modules/_egg-view-ejs@2.0.0@egg-view-ejs/config/config.default.js",
    "start": 1535468084725,
    "end": 1535468084725,
    "duration": 0,
    "pid": 14544,
    "index": 16
  },
  {
    "name": "Require(14) node_modules/_egg-mysql@3.0.0@egg-mysql/config/config.default.js",
    "start": 1535468084726,
    "end": 1535468084726,
    "duration": 0,
    "pid": 14544,
    "index": 17
  },
  {
    "name": "Require(15) node_modules/_egg@2.10.0@egg/config/config.default.js",
    "start": 1535468084727,
    "end": 1535468084728,
    "duration": 1,
    "pid": 14544,
    "index": 18
  },
  {
    "name": "Require(16) config/config.default.js",
    "start": 1535468084730,
    "end": 1535468084730,
    "duration": 0,
    "pid": 14544,
    "index": 19
  },
  {
    "name": "Require(17) node_modules/_egg-security@2.2.3@egg-security/config/config.local.js",
    "start": 1535468084731,
    "end": 1535468084732,
    "duration": 1,
    "pid": 14544,
    "index": 20
  },
  {
    "name": "Require(18) node_modules/_egg-watcher@3.0.0@egg-watcher/config/config.local.js",
    "start": 1535468084733,
    "end": 1535468084734,
    "duration": 1,
    "pid": 14544,
    "index": 21
  },
  {
    "name": "Require(19) node_modules/_egg-view@2.1.0@egg-view/config/config.local.js",
    "start": 1535468084737,
    "end": 1535468084737,
    "duration": 0,
    "pid": 14544,
    "index": 22
  },
  {
    "name": "Require(20) node_modules/_egg-view-ejs@2.0.0@egg-view-ejs/config/config.local.js",
    "start": 1535468084738,
    "end": 1535468084738,
    "duration": 0,
    "pid": 14544,
    "index": 23
  },
  {
    "name": "Require(21) node_modules/_egg@2.10.0@egg/config/config.local.js",
    "start": 1535468084739,
    "end": 1535468084740,
    "duration": 1,
    "pid": 14544,
    "index": 24
  },
  {
    "name": "Load extend/application.js",
    "start": 1535468084742,
    "end": 1535468084773,
    "duration": 31,
    "pid": 14544,
    "index": 25
  },
  {
    "name": "Require(22) node_modules/_egg-session@3.1.0@egg-session/app/extend/application.js",
    "start": 1535468084742,
    "end": 1535468084743,
    "duration": 1,
    "pid": 14544,
    "index": 26
  },
  {
    "name": "Require(23) node_modules/_egg-security@2.2.3@egg-security/app/extend/application.js",
    "start": 1535468084744,
    "end": 1535468084749,
    "duration": 5,
    "pid": 14544,
    "index": 27
  },
  {
    "name": "Require(24) node_modules/_egg-jsonp@2.0.0@egg-jsonp/app/extend/application.js",
    "start": 1535468084750,
    "end": 1535468084753,
    "duration": 3,
    "pid": 14544,
    "index": 28
  },
  {
    "name": "Require(25) node_modules/_egg-logrotator@3.0.3@egg-logrotator/app/extend/application.js",
    "start": 1535468084759,
    "end": 1535468084764,
    "duration": 5,
    "pid": 14544,
    "index": 29
  },
  {
    "name": "Require(26) node_modules/_egg-view@2.1.0@egg-view/app/extend/application.js",
    "start": 1535468084765,
    "end": 1535468084767,
    "duration": 2,
    "pid": 14544,
    "index": 30
  },
  {
    "name": "Load extend/request.js",
    "start": 1535468084773,
    "end": 1535468084786,
    "duration": 13,
    "pid": 14544,
    "index": 31
  },
  {
    "name": "Require(27) node_modules/_egg@2.10.0@egg/app/extend/request.js",
    "start": 1535468084778,
    "end": 1535468084781,
    "duration": 3,
    "pid": 14544,
    "index": 32
  },
  {
    "name": "Load extend/response.js",
    "start": 1535468084786,
    "end": 1535468084798,
    "duration": 12,
    "pid": 14544,
    "index": 33
  },
  {
    "name": "Require(28) node_modules/_egg@2.10.0@egg/app/extend/response.js",
    "start": 1535468084791,
    "end": 1535468084794,
    "duration": 3,
    "pid": 14544,
    "index": 34
  },
  {
    "name": "Load extend/context.js",
    "start": 1535468084798,
    "end": 1535468084899,
    "duration": 101,
    "pid": 14544,
    "index": 35
  },
  {
    "name": "Require(29) node_modules/_egg-security@2.2.3@egg-security/app/extend/context.js",
    "start": 1535468084800,
    "end": 1535468084823,
    "duration": 23,
    "pid": 14544,
    "index": 36
  },
  {
    "name": "Require(30) node_modules/_egg-jsonp@2.0.0@egg-jsonp/app/extend/context.js",
    "start": 1535468084824,
    "end": 1535468084827,
    "duration": 3,
    "pid": 14544,
    "index": 37
  },
  {
    "name": "Require(31) node_modules/_egg-i18n@2.0.0@egg-i18n/app/extend/context.js",
    "start": 1535468084828,
    "end": 1535468084829,
    "duration": 1,
    "pid": 14544,
    "index": 38
  },
  {
    "name": "Require(32) node_modules/_egg-multipart@2.1.0@egg-multipart/app/extend/context.js",
    "start": 1535468084831,
    "end": 1535468084889,
    "duration": 58,
    "pid": 14544,
    "index": 39
  },
  {
    "name": "Require(33) node_modules/_egg-view@2.1.0@egg-view/app/extend/context.js",
    "start": 1535468084890,
    "end": 1535468084891,
    "duration": 1,
    "pid": 14544,
    "index": 40
  },
  {
    "name": "Require(34) node_modules/_egg@2.10.0@egg/app/extend/context.js",
    "start": 1535468084892,
    "end": 1535468084895,
    "duration": 3,
    "pid": 14544,
    "index": 41
  },
  {
    "name": "Load extend/helper.js",
    "start": 1535468084899,
    "end": 1535468084934,
    "duration": 35,
    "pid": 14544,
    "index": 42
  },
  {
    "name": "Require(35) node_modules/_egg-security@2.2.3@egg-security/app/extend/helper.js",
    "start": 1535468084900,
    "end": 1535468084925,
    "duration": 25,
    "pid": 14544,
    "index": 43
  },
  {
    "name": "Require(36) node_modules/_egg@2.10.0@egg/app/extend/helper.js",
    "start": 1535468084929,
    "end": 1535468084929,
    "duration": 0,
    "pid": 14544,
    "index": 44
  },
  {
    "name": "Load app.js",
    "start": 1535468084934,
    "end": 1535468085221,
    "duration": 287,
    "pid": 14544,
    "index": 45
  },
  {
    "name": "Require(37) node_modules/_egg-session@3.1.0@egg-session/app.js",
    "start": 1535468084935,
    "end": 1535468084936,
    "duration": 1,
    "pid": 14544,
    "index": 46
  },
  {
    "name": "Require(38) node_modules/_egg-security@2.2.3@egg-security/app.js",
    "start": 1535468084936,
    "end": 1535468084939,
    "duration": 3,
    "pid": 14544,
    "index": 47
  },
  {
    "name": "Require(39) node_modules/_egg-onerror@2.1.0@egg-onerror/app.js",
    "start": 1535468084941,
    "end": 1535468084955,
    "duration": 14,
    "pid": 14544,
    "index": 48
  },
  {
    "name": "Require(40) node_modules/_egg-i18n@2.0.0@egg-i18n/app.js",
    "start": 1535468084957,
    "end": 1535468084974,
    "duration": 17,
    "pid": 14544,
    "index": 49
  },
  {
    "name": "Require(41) node_modules/_egg-watcher@3.0.0@egg-watcher/app.js",
    "start": 1535468084978,
    "end": 1535468084984,
    "duration": 6,
    "pid": 14544,
    "index": 50
  },
  {
    "name": "Before Start in node_modules/_egg-watcher@3.0.0@egg-watcher/app.js:15:7",
    "start": 1535468084995,
    "end": 1535468085412,
    "duration": 417,
    "pid": 14544,
    "index": 51
  },
  {
    "name": "Require(42) node_modules/_egg-multipart@2.1.0@egg-multipart/app.js",
    "start": 1535468084997,
    "end": 1535468085002,
    "duration": 5,
    "pid": 14544,
    "index": 52
  },
  {
    "name": "Require(43) node_modules/_egg-development@2.4.1@egg-development/app.js",
    "start": 1535468085004,
    "end": 1535468085005,
    "duration": 1,
    "pid": 14544,
    "index": 53
  },
  {
    "name": "Require(44) node_modules/_egg-schedule@3.3.0@egg-schedule/app.js",
    "start": 1535468085005,
    "end": 1535468085010,
    "duration": 5,
    "pid": 14544,
    "index": 54
  },
  {
    "name": "Require(45) node_modules/_egg-logrotator@3.0.3@egg-logrotator/app.js",
    "start": 1535468085067,
    "end": 1535468085067,
    "duration": 0,
    "pid": 14544,
    "index": 55
  },
  {
    "name": "Require(46) node_modules/_egg-static@2.1.1@egg-static/app.js",
    "start": 1535468085068,
    "end": 1535468085068,
    "duration": 0,
    "pid": 14544,
    "index": 56
  },
  {
    "name": "Require(47) node_modules/_egg-view-ejs@2.0.0@egg-view-ejs/app.js",
    "start": 1535468085070,
    "end": 1535468085070,
    "duration": 0,
    "pid": 14544,
    "index": 57
  },
  {
    "name": "Require(48) node_modules/_egg-mysql@3.0.0@egg-mysql/app.js",
    "start": 1535468085078,
    "end": 1535468085105,
    "duration": 27,
    "pid": 14544,
    "index": 58
  },
  {
    "name": "Before Start in node_modules/_egg-mysql@3.0.0@egg-mysql/lib/mysql.js:20:7",
    "start": 1535468085219,
    "end": 1535468085417,
    "duration": 198,
    "pid": 14544,
    "index": 59
  },
  {
    "name": "Load Service",
    "start": 1535468085221,
    "end": 1535468085228,
    "duration": 7,
    "pid": 14544,
    "index": 60
  },
  {
    "name": "Load \"service\" to Context",
    "start": 1535468085221,
    "end": 1535468085228,
    "duration": 7,
    "pid": 14544,
    "index": 61
  },
  {
    "name": "Load Middleware",
    "start": 1535468085228,
    "end": 1535468085368,
    "duration": 140,
    "pid": 14544,
    "index": 62
  },
  {
    "name": "Load \"middlewares\" to Application",
    "start": 1535468085228,
    "end": 1535468085348,
    "duration": 120,
    "pid": 14544,
    "index": 63
  },
  {
    "name": "Load Controller",
    "start": 1535468085368,
    "end": 1535468085371,
    "duration": 3,
    "pid": 14544,
    "index": 64
  },
  {
    "name": "Load \"controller\" to Application",
    "start": 1535468085368,
    "end": 1535468085371,
    "duration": 3,
    "pid": 14544,
    "index": 65
  },
  {
    "name": "Load Router",
    "start": 1535468085371,
    "end": 1535468085374,
    "duration": 3,
    "pid": 14544,
    "index": 66
  },
  {
    "name": "Require(49) app/router.js",
    "start": 1535468085371,
    "end": 1535468085372,
    "duration": 1,
    "pid": 14544,
    "index": 67
  },
  {
    "name": "Before Start in node_modules/_egg-core@4.9.1@egg-core/lib/egg.js:328:10",
    "start": 1535468085372,
    "end": 1535468085394,
    "duration": 22,
    "pid": 14544,
    "index": 68
  }
]