[
  {
    "name": "Application Start",
    "start": 1535453209515,
    "end": 1535453210438,
    "duration": 923,
    "pid": 14988,
    "index": 0
  },
  {
    "name": "Load Plugin",
    "start": 1535453209523,
    "end": 1535453209559,
    "duration": 36,
    "pid": 14988,
    "index": 1
  },
  {
    "name": "Load Config",
    "start": 1535453209559,
    "end": 1535453209612,
    "duration": 53,
    "pid": 14988,
    "index": 2
  },
  {
    "name": "Require(0) config/config.default.js",
    "start": 1535453209560,
    "end": 1535453209561,
    "duration": 1,
    "pid": 14988,
    "index": 3
  },
  {
    "name": "Require(1) node_modules/_egg-session@3.1.0@egg-session/config/config.default.js",
    "start": 1535453209563,
    "end": 1535453209563,
    "duration": 0,
    "pid": 14988,
    "index": 4
  },
  {
    "name": "Require(2) node_modules/_egg-security@2.2.3@egg-security/config/config.default.js",
    "start": 1535453209564,
    "end": 1535453209564,
    "duration": 0,
    "pid": 14988,
    "index": 5
  },
  {
    "name": "Require(3) node_modules/_egg-jsonp@2.0.0@egg-jsonp/config/config.default.js",
    "start": 1535453209567,
    "end": 1535453209567,
    "duration": 0,
    "pid": 14988,
    "index": 6
  },
  {
    "name": "Require(4) node_modules/_egg-onerror@2.1.0@egg-onerror/config/config.default.js",
    "start": 1535453209568,
    "end": 1535453209568,
    "duration": 0,
    "pid": 14988,
    "index": 7
  },
  {
    "name": "Require(5) node_modules/_egg-i18n@2.0.0@egg-i18n/config/config.default.js",
    "start": 1535453209569,
    "end": 1535453209570,
    "duration": 1,
    "pid": 14988,
    "index": 8
  },
  {
    "name": "Require(6) node_modules/_egg-watcher@3.0.0@egg-watcher/config/config.default.js",
    "start": 1535453209570,
    "end": 1535453209571,
    "duration": 1,
    "pid": 14988,
    "index": 9
  },
  {
    "name": "Require(7) node_modules/_egg-multipart@2.1.0@egg-multipart/config/config.default.js",
    "start": 1535453209572,
    "end": 1535453209574,
    "duration": 2,
    "pid": 14988,
    "index": 10
  },
  {
    "name": "Require(8) node_modules/_egg-development@2.4.1@egg-development/config/config.default.js",
    "start": 1535453209575,
    "end": 1535453209575,
    "duration": 0,
    "pid": 14988,
    "index": 11
  },
  {
    "name": "Require(9) node_modules/_egg-schedule@3.3.0@egg-schedule/config/config.default.js",
    "start": 1535453209576,
    "end": 1535453209576,
    "duration": 0,
    "pid": 14988,
    "index": 12
  },
  {
    "name": "Require(10) node_modules/_egg-logrotator@3.0.3@egg-logrotator/config/config.default.js",
    "start": 1535453209577,
    "end": 1535453209578,
    "duration": 1,
    "pid": 14988,
    "index": 13
  },
  {
    "name": "Require(11) node_modules/_egg-static@2.1.1@egg-static/config/config.default.js",
    "start": 1535453209580,
    "end": 1535453209580,
    "duration": 0,
    "pid": 14988,
    "index": 14
  },
  {
    "name": "Require(12) node_modules/_egg-view@2.1.0@egg-view/config/config.default.js",
    "start": 1535453209581,
    "end": 1535453209582,
    "duration": 1,
    "pid": 14988,
    "index": 15
  },
  {
    "name": "Require(13) node_modules/_egg-view-ejs@2.0.0@egg-view-ejs/config/config.default.js",
    "start": 1535453209584,
    "end": 1535453209584,
    "duration": 0,
    "pid": 14988,
    "index": 16
  },
  {
    "name": "Require(14) node_modules/_egg-mysql@3.0.0@egg-mysql/config/config.default.js",
    "start": 1535453209586,
    "end": 1535453209593,
    "duration": 7,
    "pid": 14988,
    "index": 17
  },
  {
    "name": "Require(15) node_modules/_egg@2.10.0@egg/config/config.default.js",
    "start": 1535453209595,
    "end": 1535453209596,
    "duration": 1,
    "pid": 14988,
    "index": 18
  },
  {
    "name": "Require(16) config/config.default.js",
    "start": 1535453209600,
    "end": 1535453209600,
    "duration": 0,
    "pid": 14988,
    "index": 19
  },
  {
    "name": "Require(17) node_modules/_egg-security@2.2.3@egg-security/config/config.local.js",
    "start": 1535453209601,
    "end": 1535453209601,
    "duration": 0,
    "pid": 14988,
    "index": 20
  },
  {
    "name": "Require(18) node_modules/_egg-watcher@3.0.0@egg-watcher/config/config.local.js",
    "start": 1535453209603,
    "end": 1535453209603,
    "duration": 0,
    "pid": 14988,
    "index": 21
  },
  {
    "name": "Require(19) node_modules/_egg-view@2.1.0@egg-view/config/config.local.js",
    "start": 1535453209608,
    "end": 1535453209608,
    "duration": 0,
    "pid": 14988,
    "index": 22
  },
  {
    "name": "Require(20) node_modules/_egg-view-ejs@2.0.0@egg-view-ejs/config/config.local.js",
    "start": 1535453209609,
    "end": 1535453209610,
    "duration": 1,
    "pid": 14988,
    "index": 23
  },
  {
    "name": "Require(21) node_modules/_egg@2.10.0@egg/config/config.local.js",
    "start": 1535453209611,
    "end": 1535453209612,
    "duration": 1,
    "pid": 14988,
    "index": 24
  },
  {
    "name": "Load extend/application.js",
    "start": 1535453209614,
    "end": 1535453209644,
    "duration": 30,
    "pid": 14988,
    "index": 25
  },
  {
    "name": "Require(22) node_modules/_egg-session@3.1.0@egg-session/app/extend/application.js",
    "start": 1535453209615,
    "end": 1535453209615,
    "duration": 0,
    "pid": 14988,
    "index": 26
  },
  {
    "name": "Require(23) node_modules/_egg-security@2.2.3@egg-security/app/extend/application.js",
    "start": 1535453209616,
    "end": 1535453209618,
    "duration": 2,
    "pid": 14988,
    "index": 27
  },
  {
    "name": "Require(24) node_modules/_egg-jsonp@2.0.0@egg-jsonp/app/extend/application.js",
    "start": 1535453209618,
    "end": 1535453209622,
    "duration": 4,
    "pid": 14988,
    "index": 28
  },
  {
    "name": "Require(25) node_modules/_egg-logrotator@3.0.3@egg-logrotator/app/extend/application.js",
    "start": 1535453209624,
    "end": 1535453209632,
    "duration": 8,
    "pid": 14988,
    "index": 29
  },
  {
    "name": "Require(26) node_modules/_egg-view@2.1.0@egg-view/app/extend/application.js",
    "start": 1535453209634,
    "end": 1535453209638,
    "duration": 4,
    "pid": 14988,
    "index": 30
  },
  {
    "name": "Load extend/request.js",
    "start": 1535453209645,
    "end": 1535453209662,
    "duration": 17,
    "pid": 14988,
    "index": 31
  },
  {
    "name": "Require(27) node_modules/_egg@2.10.0@egg/app/extend/request.js",
    "start": 1535453209654,
    "end": 1535453209657,
    "duration": 3,
    "pid": 14988,
    "index": 32
  },
  {
    "name": "Load extend/response.js",
    "start": 1535453209662,
    "end": 1535453209676,
    "duration": 14,
    "pid": 14988,
    "index": 33
  },
  {
    "name": "Require(28) node_modules/_egg@2.10.0@egg/app/extend/response.js",
    "start": 1535453209666,
    "end": 1535453209670,
    "duration": 4,
    "pid": 14988,
    "index": 34
  },
  {
    "name": "Load extend/context.js",
    "start": 1535453209676,
    "end": 1535453209790,
    "duration": 114,
    "pid": 14988,
    "index": 35
  },
  {
    "name": "Require(29) node_modules/_egg-security@2.2.3@egg-security/app/extend/context.js",
    "start": 1535453209677,
    "end": 1535453209699,
    "duration": 22,
    "pid": 14988,
    "index": 36
  },
  {
    "name": "Require(30) node_modules/_egg-jsonp@2.0.0@egg-jsonp/app/extend/context.js",
    "start": 1535453209700,
    "end": 1535453209703,
    "duration": 3,
    "pid": 14988,
    "index": 37
  },
  {
    "name": "Require(31) node_modules/_egg-i18n@2.0.0@egg-i18n/app/extend/context.js",
    "start": 1535453209705,
    "end": 1535453209705,
    "duration": 0,
    "pid": 14988,
    "index": 38
  },
  {
    "name": "Require(32) node_modules/_egg-multipart@2.1.0@egg-multipart/app/extend/context.js",
    "start": 1535453209706,
    "end": 1535453209778,
    "duration": 72,
    "pid": 14988,
    "index": 39
  },
  {
    "name": "Require(33) node_modules/_egg-view@2.1.0@egg-view/app/extend/context.js",
    "start": 1535453209780,
    "end": 1535453209781,
    "duration": 1,
    "pid": 14988,
    "index": 40
  },
  {
    "name": "Require(34) node_modules/_egg@2.10.0@egg/app/extend/context.js",
    "start": 1535453209782,
    "end": 1535453209785,
    "duration": 3,
    "pid": 14988,
    "index": 41
  },
  {
    "name": "Load extend/helper.js",
    "start": 1535453209790,
    "end": 1535453209845,
    "duration": 55,
    "pid": 14988,
    "index": 42
  },
  {
    "name": "Require(35) node_modules/_egg-security@2.2.3@egg-security/app/extend/helper.js",
    "start": 1535453209791,
    "end": 1535453209832,
    "duration": 41,
    "pid": 14988,
    "index": 43
  },
  {
    "name": "Require(36) node_modules/_egg@2.10.0@egg/app/extend/helper.js",
    "start": 1535453209839,
    "end": 1535453209840,
    "duration": 1,
    "pid": 14988,
    "index": 44
  },
  {
    "name": "Load app.js",
    "start": 1535453209845,
    "end": 1535453210136,
    "duration": 291,
    "pid": 14988,
    "index": 45
  },
  {
    "name": "Require(37) node_modules/_egg-session@3.1.0@egg-session/app.js",
    "start": 1535453209845,
    "end": 1535453209846,
    "duration": 1,
    "pid": 14988,
    "index": 46
  },
  {
    "name": "Require(38) node_modules/_egg-security@2.2.3@egg-security/app.js",
    "start": 1535453209847,
    "end": 1535453209849,
    "duration": 2,
    "pid": 14988,
    "index": 47
  },
  {
    "name": "Require(39) node_modules/_egg-onerror@2.1.0@egg-onerror/app.js",
    "start": 1535453209851,
    "end": 1535453209866,
    "duration": 15,
    "pid": 14988,
    "index": 48
  },
  {
    "name": "Require(40) node_modules/_egg-i18n@2.0.0@egg-i18n/app.js",
    "start": 1535453209867,
    "end": 1535453209880,
    "duration": 13,
    "pid": 14988,
    "index": 49
  },
  {
    "name": "Require(41) node_modules/_egg-watcher@3.0.0@egg-watcher/app.js",
    "start": 1535453209884,
    "end": 1535453209890,
    "duration": 6,
    "pid": 14988,
    "index": 50
  },
  {
    "name": "Before Start in node_modules/_egg-watcher@3.0.0@egg-watcher/app.js:15:7",
    "start": 1535453209901,
    "end": 1535453210427,
    "duration": 526,
    "pid": 14988,
    "index": 51
  },
  {
    "name": "Require(42) node_modules/_egg-multipart@2.1.0@egg-multipart/app.js",
    "start": 1535453209902,
    "end": 1535453209907,
    "duration": 5,
    "pid": 14988,
    "index": 52
  },
  {
    "name": "Require(43) node_modules/_egg-development@2.4.1@egg-development/app.js",
    "start": 1535453209909,
    "end": 1535453209909,
    "duration": 0,
    "pid": 14988,
    "index": 53
  },
  {
    "name": "Require(44) node_modules/_egg-schedule@3.3.0@egg-schedule/app.js",
    "start": 1535453209910,
    "end": 1535453209913,
    "duration": 3,
    "pid": 14988,
    "index": 54
  },
  {
    "name": "Require(45) node_modules/_egg-logrotator@3.0.3@egg-logrotator/app.js",
    "start": 1535453209968,
    "end": 1535453209968,
    "duration": 0,
    "pid": 14988,
    "index": 55
  },
  {
    "name": "Require(46) node_modules/_egg-static@2.1.1@egg-static/app.js",
    "start": 1535453209969,
    "end": 1535453209969,
    "duration": 0,
    "pid": 14988,
    "index": 56
  },
  {
    "name": "Require(47) node_modules/_egg-view-ejs@2.0.0@egg-view-ejs/app.js",
    "start": 1535453209971,
    "end": 1535453209972,
    "duration": 1,
    "pid": 14988,
    "index": 57
  },
  {
    "name": "Require(48) node_modules/_egg-mysql@3.0.0@egg-mysql/app.js",
    "start": 1535453209980,
    "end": 1535453210006,
    "duration": 26,
    "pid": 14988,
    "index": 58
  },
  {
    "name": "Before Start in node_modules/_egg-mysql@3.0.0@egg-mysql/lib/mysql.js:20:7",
    "start": 1535453210133,
    "end": 1535453210437,
    "duration": 304,
    "pid": 14988,
    "index": 59
  },
  {
    "name": "Load Service",
    "start": 1535453210136,
    "end": 1535453210145,
    "duration": 9,
    "pid": 14988,
    "index": 60
  },
  {
    "name": "Load \"service\" to Context",
    "start": 1535453210136,
    "end": 1535453210145,
    "duration": 9,
    "pid": 14988,
    "index": 61
  },
  {
    "name": "Load Middleware",
    "start": 1535453210145,
    "end": 1535453210329,
    "duration": 184,
    "pid": 14988,
    "index": 62
  },
  {
    "name": "Load \"middlewares\" to Application",
    "start": 1535453210146,
    "end": 1535453210293,
    "duration": 147,
    "pid": 14988,
    "index": 63
  },
  {
    "name": "Load Controller",
    "start": 1535453210329,
    "end": 1535453210346,
    "duration": 17,
    "pid": 14988,
    "index": 64
  },
  {
    "name": "Load \"controller\" to Application",
    "start": 1535453210329,
    "end": 1535453210346,
    "duration": 17,
    "pid": 14988,
    "index": 65
  },
  {
    "name": "Load Router",
    "start": 1535453210346,
    "end": 1535453210353,
    "duration": 7,
    "pid": 14988,
    "index": 66
  },
  {
    "name": "Require(49) app/router.js",
    "start": 1535453210347,
    "end": 1535453210348,
    "duration": 1,
    "pid": 14988,
    "index": 67
  },
  {
    "name": "Before Start in node_modules/_egg-core@4.9.1@egg-core/lib/egg.js:328:10",
    "start": 1535453210349,
    "end": 1535453210390,
    "duration": 41,
    "pid": 14988,
    "index": 68
  }
]