[
  {
    "name": "Application Start",
    "start": 1535468062165,
    "end": 1535468063055,
    "duration": 890,
    "pid": 13328,
    "index": 0
  },
  {
    "name": "Load Plugin",
    "start": 1535468062174,
    "end": 1535468062224,
    "duration": 50,
    "pid": 13328,
    "index": 1
  },
  {
    "name": "Load Config",
    "start": 1535468062225,
    "end": 1535468062279,
    "duration": 54,
    "pid": 13328,
    "index": 2
  },
  {
    "name": "Require(0) config/config.default.js",
    "start": 1535468062226,
    "end": 1535468062227,
    "duration": 1,
    "pid": 13328,
    "index": 3
  },
  {
    "name": "Require(1) node_modules/_egg-session@3.1.0@egg-session/config/config.default.js",
    "start": 1535468062231,
    "end": 1535468062232,
    "duration": 1,
    "pid": 13328,
    "index": 4
  },
  {
    "name": "Require(2) node_modules/_egg-security@2.2.3@egg-security/config/config.default.js",
    "start": 1535468062233,
    "end": 1535468062234,
    "duration": 1,
    "pid": 13328,
    "index": 5
  },
  {
    "name": "Require(3) node_modules/_egg-jsonp@2.0.0@egg-jsonp/config/config.default.js",
    "start": 1535468062236,
    "end": 1535468062237,
    "duration": 1,
    "pid": 13328,
    "index": 6
  },
  {
    "name": "Require(4) node_modules/_egg-onerror@2.1.0@egg-onerror/config/config.default.js",
    "start": 1535468062238,
    "end": 1535468062239,
    "duration": 1,
    "pid": 13328,
    "index": 7
  },
  {
    "name": "Require(5) node_modules/_egg-i18n@2.0.0@egg-i18n/config/config.default.js",
    "start": 1535468062240,
    "end": 1535468062241,
    "duration": 1,
    "pid": 13328,
    "index": 8
  },
  {
    "name": "Require(6) node_modules/_egg-watcher@3.0.0@egg-watcher/config/config.default.js",
    "start": 1535468062242,
    "end": 1535468062242,
    "duration": 0,
    "pid": 13328,
    "index": 9
  },
  {
    "name": "Require(7) node_modules/_egg-multipart@2.1.0@egg-multipart/config/config.default.js",
    "start": 1535468062243,
    "end": 1535468062245,
    "duration": 2,
    "pid": 13328,
    "index": 10
  },
  {
    "name": "Require(8) node_modules/_egg-development@2.4.1@egg-development/config/config.default.js",
    "start": 1535468062246,
    "end": 1535468062247,
    "duration": 1,
    "pid": 13328,
    "index": 11
  },
  {
    "name": "Require(9) node_modules/_egg-schedule@3.3.0@egg-schedule/config/config.default.js",
    "start": 1535468062248,
    "end": 1535468062249,
    "duration": 1,
    "pid": 13328,
    "index": 12
  },
  {
    "name": "Require(10) node_modules/_egg-logrotator@3.0.3@egg-logrotator/config/config.default.js",
    "start": 1535468062249,
    "end": 1535468062250,
    "duration": 1,
    "pid": 13328,
    "index": 13
  },
  {
    "name": "Require(11) node_modules/_egg-static@2.1.1@egg-static/config/config.default.js",
    "start": 1535468062251,
    "end": 1535468062251,
    "duration": 0,
    "pid": 13328,
    "index": 14
  },
  {
    "name": "Require(12) node_modules/_egg-view@2.1.0@egg-view/config/config.default.js",
    "start": 1535468062252,
    "end": 1535468062253,
    "duration": 1,
    "pid": 13328,
    "index": 15
  },
  {
    "name": "Require(13) node_modules/_egg-view-ejs@2.0.0@egg-view-ejs/config/config.default.js",
    "start": 1535468062254,
    "end": 1535468062254,
    "duration": 0,
    "pid": 13328,
    "index": 16
  },
  {
    "name": "Require(14) node_modules/_egg-mysql@3.0.0@egg-mysql/config/config.default.js",
    "start": 1535468062255,
    "end": 1535468062256,
    "duration": 1,
    "pid": 13328,
    "index": 17
  },
  {
    "name": "Require(15) node_modules/_egg@2.10.0@egg/config/config.default.js",
    "start": 1535468062256,
    "end": 1535468062258,
    "duration": 2,
    "pid": 13328,
    "index": 18
  },
  {
    "name": "Require(16) config/config.default.js",
    "start": 1535468062262,
    "end": 1535468062262,
    "duration": 0,
    "pid": 13328,
    "index": 19
  },
  {
    "name": "Require(17) node_modules/_egg-security@2.2.3@egg-security/config/config.local.js",
    "start": 1535468062263,
    "end": 1535468062263,
    "duration": 0,
    "pid": 13328,
    "index": 20
  },
  {
    "name": "Require(18) node_modules/_egg-watcher@3.0.0@egg-watcher/config/config.local.js",
    "start": 1535468062269,
    "end": 1535468062270,
    "duration": 1,
    "pid": 13328,
    "index": 21
  },
  {
    "name": "Require(19) node_modules/_egg-view@2.1.0@egg-view/config/config.local.js",
    "start": 1535468062273,
    "end": 1535468062273,
    "duration": 0,
    "pid": 13328,
    "index": 22
  },
  {
    "name": "Require(20) node_modules/_egg-view-ejs@2.0.0@egg-view-ejs/config/config.local.js",
    "start": 1535468062274,
    "end": 1535468062275,
    "duration": 1,
    "pid": 13328,
    "index": 23
  },
  {
    "name": "Require(21) node_modules/_egg@2.10.0@egg/config/config.local.js",
    "start": 1535468062278,
    "end": 1535468062279,
    "duration": 1,
    "pid": 13328,
    "index": 24
  },
  {
    "name": "Load extend/application.js",
    "start": 1535468062281,
    "end": 1535468062316,
    "duration": 35,
    "pid": 13328,
    "index": 25
  },
  {
    "name": "Require(22) node_modules/_egg-session@3.1.0@egg-session/app/extend/application.js",
    "start": 1535468062283,
    "end": 1535468062283,
    "duration": 0,
    "pid": 13328,
    "index": 26
  },
  {
    "name": "Require(23) node_modules/_egg-security@2.2.3@egg-security/app/extend/application.js",
    "start": 1535468062285,
    "end": 1535468062288,
    "duration": 3,
    "pid": 13328,
    "index": 27
  },
  {
    "name": "Require(24) node_modules/_egg-jsonp@2.0.0@egg-jsonp/app/extend/application.js",
    "start": 1535468062289,
    "end": 1535468062292,
    "duration": 3,
    "pid": 13328,
    "index": 28
  },
  {
    "name": "Require(25) node_modules/_egg-logrotator@3.0.3@egg-logrotator/app/extend/application.js",
    "start": 1535468062295,
    "end": 1535468062304,
    "duration": 9,
    "pid": 13328,
    "index": 29
  },
  {
    "name": "Require(26) node_modules/_egg-view@2.1.0@egg-view/app/extend/application.js",
    "start": 1535468062305,
    "end": 1535468062309,
    "duration": 4,
    "pid": 13328,
    "index": 30
  },
  {
    "name": "Load extend/request.js",
    "start": 1535468062316,
    "end": 1535468062335,
    "duration": 19,
    "pid": 13328,
    "index": 31
  },
  {
    "name": "Require(27) node_modules/_egg@2.10.0@egg/app/extend/request.js",
    "start": 1535468062325,
    "end": 1535468062329,
    "duration": 4,
    "pid": 13328,
    "index": 32
  },
  {
    "name": "Load extend/response.js",
    "start": 1535468062336,
    "end": 1535468062351,
    "duration": 15,
    "pid": 13328,
    "index": 33
  },
  {
    "name": "Require(28) node_modules/_egg@2.10.0@egg/app/extend/response.js",
    "start": 1535468062341,
    "end": 1535468062347,
    "duration": 6,
    "pid": 13328,
    "index": 34
  },
  {
    "name": "Load extend/context.js",
    "start": 1535468062351,
    "end": 1535468062482,
    "duration": 131,
    "pid": 13328,
    "index": 35
  },
  {
    "name": "Require(29) node_modules/_egg-security@2.2.3@egg-security/app/extend/context.js",
    "start": 1535468062352,
    "end": 1535468062377,
    "duration": 25,
    "pid": 13328,
    "index": 36
  },
  {
    "name": "Require(30) node_modules/_egg-jsonp@2.0.0@egg-jsonp/app/extend/context.js",
    "start": 1535468062378,
    "end": 1535468062381,
    "duration": 3,
    "pid": 13328,
    "index": 37
  },
  {
    "name": "Require(31) node_modules/_egg-i18n@2.0.0@egg-i18n/app/extend/context.js",
    "start": 1535468062383,
    "end": 1535468062383,
    "duration": 0,
    "pid": 13328,
    "index": 38
  },
  {
    "name": "Require(32) node_modules/_egg-multipart@2.1.0@egg-multipart/app/extend/context.js",
    "start": 1535468062384,
    "end": 1535468062467,
    "duration": 83,
    "pid": 13328,
    "index": 39
  },
  {
    "name": "Require(33) node_modules/_egg-view@2.1.0@egg-view/app/extend/context.js",
    "start": 1535468062468,
    "end": 1535468062470,
    "duration": 2,
    "pid": 13328,
    "index": 40
  },
  {
    "name": "Require(34) node_modules/_egg@2.10.0@egg/app/extend/context.js",
    "start": 1535468062471,
    "end": 1535468062475,
    "duration": 4,
    "pid": 13328,
    "index": 41
  },
  {
    "name": "Load extend/helper.js",
    "start": 1535468062482,
    "end": 1535468062529,
    "duration": 47,
    "pid": 13328,
    "index": 42
  },
  {
    "name": "Require(35) node_modules/_egg-security@2.2.3@egg-security/app/extend/helper.js",
    "start": 1535468062484,
    "end": 1535468062521,
    "duration": 37,
    "pid": 13328,
    "index": 43
  },
  {
    "name": "Require(36) node_modules/_egg@2.10.0@egg/app/extend/helper.js",
    "start": 1535468062524,
    "end": 1535468062524,
    "duration": 0,
    "pid": 13328,
    "index": 44
  },
  {
    "name": "Load app.js",
    "start": 1535468062529,
    "end": 1535468062846,
    "duration": 317,
    "pid": 13328,
    "index": 45
  },
  {
    "name": "Require(37) node_modules/_egg-session@3.1.0@egg-session/app.js",
    "start": 1535468062530,
    "end": 1535468062531,
    "duration": 1,
    "pid": 13328,
    "index": 46
  },
  {
    "name": "Require(38) node_modules/_egg-security@2.2.3@egg-security/app.js",
    "start": 1535468062532,
    "end": 1535468062536,
    "duration": 4,
    "pid": 13328,
    "index": 47
  },
  {
    "name": "Require(39) node_modules/_egg-onerror@2.1.0@egg-onerror/app.js",
    "start": 1535468062537,
    "end": 1535468062554,
    "duration": 17,
    "pid": 13328,
    "index": 48
  },
  {
    "name": "Require(40) node_modules/_egg-i18n@2.0.0@egg-i18n/app.js",
    "start": 1535468062556,
    "end": 1535468062570,
    "duration": 14,
    "pid": 13328,
    "index": 49
  },
  {
    "name": "Require(41) node_modules/_egg-watcher@3.0.0@egg-watcher/app.js",
    "start": 1535468062576,
    "end": 1535468062582,
    "duration": 6,
    "pid": 13328,
    "index": 50
  },
  {
    "name": "Before Start in node_modules/_egg-watcher@3.0.0@egg-watcher/app.js:15:7",
    "start": 1535468062594,
    "end": 1535468063050,
    "duration": 456,
    "pid": 13328,
    "index": 51
  },
  {
    "name": "Require(42) node_modules/_egg-multipart@2.1.0@egg-multipart/app.js",
    "start": 1535468062596,
    "end": 1535468062602,
    "duration": 6,
    "pid": 13328,
    "index": 52
  },
  {
    "name": "Require(43) node_modules/_egg-development@2.4.1@egg-development/app.js",
    "start": 1535468062603,
    "end": 1535468062604,
    "duration": 1,
    "pid": 13328,
    "index": 53
  },
  {
    "name": "Require(44) node_modules/_egg-schedule@3.3.0@egg-schedule/app.js",
    "start": 1535468062605,
    "end": 1535468062610,
    "duration": 5,
    "pid": 13328,
    "index": 54
  },
  {
    "name": "Require(45) node_modules/_egg-logrotator@3.0.3@egg-logrotator/app.js",
    "start": 1535468062673,
    "end": 1535468062673,
    "duration": 0,
    "pid": 13328,
    "index": 55
  },
  {
    "name": "Require(46) node_modules/_egg-static@2.1.1@egg-static/app.js",
    "start": 1535468062674,
    "end": 1535468062675,
    "duration": 1,
    "pid": 13328,
    "index": 56
  },
  {
    "name": "Require(47) node_modules/_egg-view-ejs@2.0.0@egg-view-ejs/app.js",
    "start": 1535468062676,
    "end": 1535468062677,
    "duration": 1,
    "pid": 13328,
    "index": 57
  },
  {
    "name": "Require(48) node_modules/_egg-mysql@3.0.0@egg-mysql/app.js",
    "start": 1535468062688,
    "end": 1535468062722,
    "duration": 34,
    "pid": 13328,
    "index": 58
  },
  {
    "name": "Before Start in node_modules/_egg-mysql@3.0.0@egg-mysql/lib/mysql.js:20:7",
    "start": 1535468062844,
    "end": 1535468063054,
    "duration": 210,
    "pid": 13328,
    "index": 59
  },
  {
    "name": "Load Service",
    "start": 1535468062846,
    "end": 1535468062853,
    "duration": 7,
    "pid": 13328,
    "index": 60
  },
  {
    "name": "Load \"service\" to Context",
    "start": 1535468062846,
    "end": 1535468062853,
    "duration": 7,
    "pid": 13328,
    "index": 61
  },
  {
    "name": "Load Middleware",
    "start": 1535468062853,
    "end": 1535468062996,
    "duration": 143,
    "pid": 13328,
    "index": 62
  },
  {
    "name": "Load \"middlewares\" to Application",
    "start": 1535468062854,
    "end": 1535468062978,
    "duration": 124,
    "pid": 13328,
    "index": 63
  },
  {
    "name": "Load Controller",
    "start": 1535468062996,
    "end": 1535468063001,
    "duration": 5,
    "pid": 13328,
    "index": 64
  },
  {
    "name": "Load \"controller\" to Application",
    "start": 1535468062996,
    "end": 1535468063001,
    "duration": 5,
    "pid": 13328,
    "index": 65
  },
  {
    "name": "Load Router",
    "start": 1535468063001,
    "end": 1535468063006,
    "duration": 5,
    "pid": 13328,
    "index": 66
  },
  {
    "name": "Require(49) app/router.js",
    "start": 1535468063002,
    "end": 1535468063003,
    "duration": 1,
    "pid": 13328,
    "index": 67
  },
  {
    "name": "Before Start in node_modules/_egg-core@4.9.1@egg-core/lib/egg.js:328:10",
    "start": 1535468063003,
    "end": 1535468063027,
    "duration": 24,
    "pid": 13328,
    "index": 68
  }
]