[
  {
    "name": "Application Start",
    "start": 1535452385618,
    "end": 1535452386581,
    "duration": 963,
    "pid": 6120,
    "index": 0
  },
  {
    "name": "Load Plugin",
    "start": 1535452385627,
    "end": 1535452385666,
    "duration": 39,
    "pid": 6120,
    "index": 1
  },
  {
    "name": "Load Config",
    "start": 1535452385666,
    "end": 1535452385707,
    "duration": 41,
    "pid": 6120,
    "index": 2
  },
  {
    "name": "Require(0) config/config.default.js",
    "start": 1535452385668,
    "end": 1535452385668,
    "duration": 0,
    "pid": 6120,
    "index": 3
  },
  {
    "name": "Require(1) node_modules/_egg-session@3.1.0@egg-session/config/config.default.js",
    "start": 1535452385671,
    "end": 1535452385671,
    "duration": 0,
    "pid": 6120,
    "index": 4
  },
  {
    "name": "Require(2) node_modules/_egg-security@2.2.3@egg-security/config/config.default.js",
    "start": 1535452385672,
    "end": 1535452385673,
    "duration": 1,
    "pid": 6120,
    "index": 5
  },
  {
    "name": "Require(3) node_modules/_egg-jsonp@2.0.0@egg-jsonp/config/config.default.js",
    "start": 1535452385674,
    "end": 1535452385674,
    "duration": 0,
    "pid": 6120,
    "index": 6
  },
  {
    "name": "Require(4) node_modules/_egg-onerror@2.1.0@egg-onerror/config/config.default.js",
    "start": 1535452385675,
    "end": 1535452385676,
    "duration": 1,
    "pid": 6120,
    "index": 7
  },
  {
    "name": "Require(5) node_modules/_egg-i18n@2.0.0@egg-i18n/config/config.default.js",
    "start": 1535452385677,
    "end": 1535452385678,
    "duration": 1,
    "pid": 6120,
    "index": 8
  },
  {
    "name": "Require(6) node_modules/_egg-watcher@3.0.0@egg-watcher/config/config.default.js",
    "start": 1535452385679,
    "end": 1535452385679,
    "duration": 0,
    "pid": 6120,
    "index": 9
  },
  {
    "name": "Require(7) node_modules/_egg-multipart@2.1.0@egg-multipart/config/config.default.js",
    "start": 1535452385680,
    "end": 1535452385681,
    "duration": 1,
    "pid": 6120,
    "index": 10
  },
  {
    "name": "Require(8) node_modules/_egg-development@2.4.1@egg-development/config/config.default.js",
    "start": 1535452385681,
    "end": 1535452385682,
    "duration": 1,
    "pid": 6120,
    "index": 11
  },
  {
    "name": "Require(9) node_modules/_egg-schedule@3.3.0@egg-schedule/config/config.default.js",
    "start": 1535452385683,
    "end": 1535452385684,
    "duration": 1,
    "pid": 6120,
    "index": 12
  },
  {
    "name": "Require(10) node_modules/_egg-logrotator@3.0.3@egg-logrotator/config/config.default.js",
    "start": 1535452385685,
    "end": 1535452385686,
    "duration": 1,
    "pid": 6120,
    "index": 13
  },
  {
    "name": "Require(11) node_modules/_egg-static@2.1.1@egg-static/config/config.default.js",
    "start": 1535452385687,
    "end": 1535452385687,
    "duration": 0,
    "pid": 6120,
    "index": 14
  },
  {
    "name": "Require(12) node_modules/_egg-view@2.1.0@egg-view/config/config.default.js",
    "start": 1535452385688,
    "end": 1535452385689,
    "duration": 1,
    "pid": 6120,
    "index": 15
  },
  {
    "name": "Require(13) node_modules/_egg-view-ejs@2.0.0@egg-view-ejs/config/config.default.js",
    "start": 1535452385690,
    "end": 1535452385690,
    "duration": 0,
    "pid": 6120,
    "index": 16
  },
  {
    "name": "Require(14) node_modules/_egg-mysql@3.0.0@egg-mysql/config/config.default.js",
    "start": 1535452385691,
    "end": 1535452385692,
    "duration": 1,
    "pid": 6120,
    "index": 17
  },
  {
    "name": "Require(15) node_modules/_egg@2.10.0@egg/config/config.default.js",
    "start": 1535452385693,
    "end": 1535452385693,
    "duration": 0,
    "pid": 6120,
    "index": 18
  },
  {
    "name": "Require(16) config/config.default.js",
    "start": 1535452385696,
    "end": 1535452385696,
    "duration": 0,
    "pid": 6120,
    "index": 19
  },
  {
    "name": "Require(17) node_modules/_egg-security@2.2.3@egg-security/config/config.local.js",
    "start": 1535452385698,
    "end": 1535452385698,
    "duration": 0,
    "pid": 6120,
    "index": 20
  },
  {
    "name": "Require(18) node_modules/_egg-watcher@3.0.0@egg-watcher/config/config.local.js",
    "start": 1535452385702,
    "end": 1535452385702,
    "duration": 0,
    "pid": 6120,
    "index": 21
  },
  {
    "name": "Require(19) node_modules/_egg-view@2.1.0@egg-view/config/config.local.js",
    "start": 1535452385704,
    "end": 1535452385705,
    "duration": 1,
    "pid": 6120,
    "index": 22
  },
  {
    "name": "Require(20) node_modules/_egg-view-ejs@2.0.0@egg-view-ejs/config/config.local.js",
    "start": 1535452385705,
    "end": 1535452385706,
    "duration": 1,
    "pid": 6120,
    "index": 23
  },
  {
    "name": "Require(21) node_modules/_egg@2.10.0@egg/config/config.local.js",
    "start": 1535452385707,
    "end": 1535452385707,
    "duration": 0,
    "pid": 6120,
    "index": 24
  },
  {
    "name": "Load extend/application.js",
    "start": 1535452385709,
    "end": 1535452385733,
    "duration": 24,
    "pid": 6120,
    "index": 25
  },
  {
    "name": "Require(22) node_modules/_egg-session@3.1.0@egg-session/app/extend/application.js",
    "start": 1535452385710,
    "end": 1535452385710,
    "duration": 0,
    "pid": 6120,
    "index": 26
  },
  {
    "name": "Require(23) node_modules/_egg-security@2.2.3@egg-security/app/extend/application.js",
    "start": 1535452385711,
    "end": 1535452385712,
    "duration": 1,
    "pid": 6120,
    "index": 27
  },
  {
    "name": "Require(24) node_modules/_egg-jsonp@2.0.0@egg-jsonp/app/extend/application.js",
    "start": 1535452385713,
    "end": 1535452385717,
    "duration": 4,
    "pid": 6120,
    "index": 28
  },
  {
    "name": "Require(25) node_modules/_egg-logrotator@3.0.3@egg-logrotator/app/extend/application.js",
    "start": 1535452385719,
    "end": 1535452385724,
    "duration": 5,
    "pid": 6120,
    "index": 29
  },
  {
    "name": "Require(26) node_modules/_egg-view@2.1.0@egg-view/app/extend/application.js",
    "start": 1535452385725,
    "end": 1535452385728,
    "duration": 3,
    "pid": 6120,
    "index": 30
  },
  {
    "name": "Load extend/request.js",
    "start": 1535452385733,
    "end": 1535452385750,
    "duration": 17,
    "pid": 6120,
    "index": 31
  },
  {
    "name": "Require(27) node_modules/_egg@2.10.0@egg/app/extend/request.js",
    "start": 1535452385739,
    "end": 1535452385744,
    "duration": 5,
    "pid": 6120,
    "index": 32
  },
  {
    "name": "Load extend/response.js",
    "start": 1535452385750,
    "end": 1535452385765,
    "duration": 15,
    "pid": 6120,
    "index": 33
  },
  {
    "name": "Require(28) node_modules/_egg@2.10.0@egg/app/extend/response.js",
    "start": 1535452385756,
    "end": 1535452385759,
    "duration": 3,
    "pid": 6120,
    "index": 34
  },
  {
    "name": "Load extend/context.js",
    "start": 1535452385765,
    "end": 1535452385881,
    "duration": 116,
    "pid": 6120,
    "index": 35
  },
  {
    "name": "Require(29) node_modules/_egg-security@2.2.3@egg-security/app/extend/context.js",
    "start": 1535452385767,
    "end": 1535452385790,
    "duration": 23,
    "pid": 6120,
    "index": 36
  },
  {
    "name": "Require(30) node_modules/_egg-jsonp@2.0.0@egg-jsonp/app/extend/context.js",
    "start": 1535452385790,
    "end": 1535452385792,
    "duration": 2,
    "pid": 6120,
    "index": 37
  },
  {
    "name": "Require(31) node_modules/_egg-i18n@2.0.0@egg-i18n/app/extend/context.js",
    "start": 1535452385793,
    "end": 1535452385794,
    "duration": 1,
    "pid": 6120,
    "index": 38
  },
  {
    "name": "Require(32) node_modules/_egg-multipart@2.1.0@egg-multipart/app/extend/context.js",
    "start": 1535452385795,
    "end": 1535452385862,
    "duration": 67,
    "pid": 6120,
    "index": 39
  },
  {
    "name": "Require(33) node_modules/_egg-view@2.1.0@egg-view/app/extend/context.js",
    "start": 1535452385865,
    "end": 1535452385867,
    "duration": 2,
    "pid": 6120,
    "index": 40
  },
  {
    "name": "Require(34) node_modules/_egg@2.10.0@egg/app/extend/context.js",
    "start": 1535452385868,
    "end": 1535452385872,
    "duration": 4,
    "pid": 6120,
    "index": 41
  },
  {
    "name": "Load extend/helper.js",
    "start": 1535452385882,
    "end": 1535452385923,
    "duration": 41,
    "pid": 6120,
    "index": 42
  },
  {
    "name": "Require(35) node_modules/_egg-security@2.2.3@egg-security/app/extend/helper.js",
    "start": 1535452385883,
    "end": 1535452385914,
    "duration": 31,
    "pid": 6120,
    "index": 43
  },
  {
    "name": "Require(36) node_modules/_egg@2.10.0@egg/app/extend/helper.js",
    "start": 1535452385918,
    "end": 1535452385918,
    "duration": 0,
    "pid": 6120,
    "index": 44
  },
  {
    "name": "Load app.js",
    "start": 1535452385923,
    "end": 1535452386313,
    "duration": 390,
    "pid": 6120,
    "index": 45
  },
  {
    "name": "Require(37) node_modules/_egg-session@3.1.0@egg-session/app.js",
    "start": 1535452385925,
    "end": 1535452385925,
    "duration": 0,
    "pid": 6120,
    "index": 46
  },
  {
    "name": "Require(38) node_modules/_egg-security@2.2.3@egg-security/app.js",
    "start": 1535452385926,
    "end": 1535452385931,
    "duration": 5,
    "pid": 6120,
    "index": 47
  },
  {
    "name": "Require(39) node_modules/_egg-onerror@2.1.0@egg-onerror/app.js",
    "start": 1535452385933,
    "end": 1535452385953,
    "duration": 20,
    "pid": 6120,
    "index": 48
  },
  {
    "name": "Require(40) node_modules/_egg-i18n@2.0.0@egg-i18n/app.js",
    "start": 1535452385955,
    "end": 1535452385969,
    "duration": 14,
    "pid": 6120,
    "index": 49
  },
  {
    "name": "Require(41) node_modules/_egg-watcher@3.0.0@egg-watcher/app.js",
    "start": 1535452385975,
    "end": 1535452385982,
    "duration": 7,
    "pid": 6120,
    "index": 50
  },
  {
    "name": "Before Start in node_modules/_egg-watcher@3.0.0@egg-watcher/app.js:15:7",
    "start": 1535452385996,
    "end": 1535452386579,
    "duration": 583,
    "pid": 6120,
    "index": 51
  },
  {
    "name": "Require(42) node_modules/_egg-multipart@2.1.0@egg-multipart/app.js",
    "start": 1535452385999,
    "end": 1535452386005,
    "duration": 6,
    "pid": 6120,
    "index": 52
  },
  {
    "name": "Require(43) node_modules/_egg-development@2.4.1@egg-development/app.js",
    "start": 1535452386007,
    "end": 1535452386007,
    "duration": 0,
    "pid": 6120,
    "index": 53
  },
  {
    "name": "Require(44) node_modules/_egg-schedule@3.3.0@egg-schedule/app.js",
    "start": 1535452386008,
    "end": 1535452386011,
    "duration": 3,
    "pid": 6120,
    "index": 54
  },
  {
    "name": "Require(45) node_modules/_egg-logrotator@3.0.3@egg-logrotator/app.js",
    "start": 1535452386071,
    "end": 1535452386072,
    "duration": 1,
    "pid": 6120,
    "index": 55
  },
  {
    "name": "Require(46) node_modules/_egg-static@2.1.1@egg-static/app.js",
    "start": 1535452386072,
    "end": 1535452386073,
    "duration": 1,
    "pid": 6120,
    "index": 56
  },
  {
    "name": "Require(47) node_modules/_egg-view-ejs@2.0.0@egg-view-ejs/app.js",
    "start": 1535452386075,
    "end": 1535452386076,
    "duration": 1,
    "pid": 6120,
    "index": 57
  },
  {
    "name": "Require(48) node_modules/_egg-mysql@3.0.0@egg-mysql/app.js",
    "start": 1535452386086,
    "end": 1535452386122,
    "duration": 36,
    "pid": 6120,
    "index": 58
  },
  {
    "name": "Before Start in node_modules/_egg-mysql@3.0.0@egg-mysql/lib/mysql.js:20:7",
    "start": 1535452386310,
    "end": 1535452386581,
    "duration": 271,
    "pid": 6120,
    "index": 59
  },
  {
    "name": "Load Service",
    "start": 1535452386313,
    "end": 1535452386326,
    "duration": 13,
    "pid": 6120,
    "index": 60
  },
  {
    "name": "Load \"service\" to Context",
    "start": 1535452386313,
    "end": 1535452386326,
    "duration": 13,
    "pid": 6120,
    "index": 61
  },
  {
    "name": "Load Middleware",
    "start": 1535452386326,
    "end": 1535452386516,
    "duration": 190,
    "pid": 6120,
    "index": 62
  },
  {
    "name": "Load \"middlewares\" to Application",
    "start": 1535452386326,
    "end": 1535452386494,
    "duration": 168,
    "pid": 6120,
    "index": 63
  },
  {
    "name": "Load Controller",
    "start": 1535452386516,
    "end": 1535452386520,
    "duration": 4,
    "pid": 6120,
    "index": 64
  },
  {
    "name": "Load \"controller\" to Application",
    "start": 1535452386516,
    "end": 1535452386520,
    "duration": 4,
    "pid": 6120,
    "index": 65
  },
  {
    "name": "Load Router",
    "start": 1535452386520,
    "end": 1535452386524,
    "duration": 4,
    "pid": 6120,
    "index": 66
  },
  {
    "name": "Require(49) app/router.js",
    "start": 1535452386520,
    "end": 1535452386521,
    "duration": 1,
    "pid": 6120,
    "index": 67
  },
  {
    "name": "Before Start in node_modules/_egg-core@4.9.1@egg-core/lib/egg.js:328:10",
    "start": 1535452386521,
    "end": 1535452386550,
    "duration": 29,
    "pid": 6120,
    "index": 68
  }
]