[
  {
    "name": "Application Start",
    "start": 1535468261541,
    "end": 1535468262519,
    "duration": 978,
    "pid": 14896,
    "index": 0
  },
  {
    "name": "Load Plugin",
    "start": 1535468261548,
    "end": 1535468261591,
    "duration": 43,
    "pid": 14896,
    "index": 1
  },
  {
    "name": "Load Config",
    "start": 1535468261591,
    "end": 1535468261644,
    "duration": 53,
    "pid": 14896,
    "index": 2
  },
  {
    "name": "Require(0) config/config.default.js",
    "start": 1535468261592,
    "end": 1535468261593,
    "duration": 1,
    "pid": 14896,
    "index": 3
  },
  {
    "name": "Require(1) node_modules/_egg-session@3.1.0@egg-session/config/config.default.js",
    "start": 1535468261596,
    "end": 1535468261596,
    "duration": 0,
    "pid": 14896,
    "index": 4
  },
  {
    "name": "Require(2) node_modules/_egg-security@2.2.3@egg-security/config/config.default.js",
    "start": 1535468261597,
    "end": 1535468261597,
    "duration": 0,
    "pid": 14896,
    "index": 5
  },
  {
    "name": "Require(3) node_modules/_egg-jsonp@2.0.0@egg-jsonp/config/config.default.js",
    "start": 1535468261598,
    "end": 1535468261599,
    "duration": 1,
    "pid": 14896,
    "index": 6
  },
  {
    "name": "Require(4) node_modules/_egg-onerror@2.1.0@egg-onerror/config/config.default.js",
    "start": 1535468261599,
    "end": 1535468261600,
    "duration": 1,
    "pid": 14896,
    "index": 7
  },
  {
    "name": "Require(5) node_modules/_egg-i18n@2.0.0@egg-i18n/config/config.default.js",
    "start": 1535468261601,
    "end": 1535468261601,
    "duration": 0,
    "pid": 14896,
    "index": 8
  },
  {
    "name": "Require(6) node_modules/_egg-watcher@3.0.0@egg-watcher/config/config.default.js",
    "start": 1535468261602,
    "end": 1535468261602,
    "duration": 0,
    "pid": 14896,
    "index": 9
  },
  {
    "name": "Require(7) node_modules/_egg-multipart@2.1.0@egg-multipart/config/config.default.js",
    "start": 1535468261603,
    "end": 1535468261603,
    "duration": 0,
    "pid": 14896,
    "index": 10
  },
  {
    "name": "Require(8) node_modules/_egg-development@2.4.1@egg-development/config/config.default.js",
    "start": 1535468261605,
    "end": 1535468261605,
    "duration": 0,
    "pid": 14896,
    "index": 11
  },
  {
    "name": "Require(9) node_modules/_egg-schedule@3.3.0@egg-schedule/config/config.default.js",
    "start": 1535468261606,
    "end": 1535468261606,
    "duration": 0,
    "pid": 14896,
    "index": 12
  },
  {
    "name": "Require(10) node_modules/_egg-logrotator@3.0.3@egg-logrotator/config/config.default.js",
    "start": 1535468261607,
    "end": 1535468261608,
    "duration": 1,
    "pid": 14896,
    "index": 13
  },
  {
    "name": "Require(11) node_modules/_egg-static@2.1.1@egg-static/config/config.default.js",
    "start": 1535468261609,
    "end": 1535468261609,
    "duration": 0,
    "pid": 14896,
    "index": 14
  },
  {
    "name": "Require(12) node_modules/_egg-view@2.1.0@egg-view/config/config.default.js",
    "start": 1535468261611,
    "end": 1535468261611,
    "duration": 0,
    "pid": 14896,
    "index": 15
  },
  {
    "name": "Require(13) node_modules/_egg-view-ejs@2.0.0@egg-view-ejs/config/config.default.js",
    "start": 1535468261612,
    "end": 1535468261613,
    "duration": 1,
    "pid": 14896,
    "index": 16
  },
  {
    "name": "Require(14) node_modules/_egg-mysql@3.0.0@egg-mysql/config/config.default.js",
    "start": 1535468261614,
    "end": 1535468261615,
    "duration": 1,
    "pid": 14896,
    "index": 17
  },
  {
    "name": "Require(15) node_modules/_egg@2.10.0@egg/config/config.default.js",
    "start": 1535468261616,
    "end": 1535468261617,
    "duration": 1,
    "pid": 14896,
    "index": 18
  },
  {
    "name": "Require(16) config/config.default.js",
    "start": 1535468261620,
    "end": 1535468261620,
    "duration": 0,
    "pid": 14896,
    "index": 19
  },
  {
    "name": "Require(17) node_modules/_egg-security@2.2.3@egg-security/config/config.local.js",
    "start": 1535468261623,
    "end": 1535468261623,
    "duration": 0,
    "pid": 14896,
    "index": 20
  },
  {
    "name": "Require(18) node_modules/_egg-watcher@3.0.0@egg-watcher/config/config.local.js",
    "start": 1535468261634,
    "end": 1535468261635,
    "duration": 1,
    "pid": 14896,
    "index": 21
  },
  {
    "name": "Require(19) node_modules/_egg-view@2.1.0@egg-view/config/config.local.js",
    "start": 1535468261640,
    "end": 1535468261641,
    "duration": 1,
    "pid": 14896,
    "index": 22
  },
  {
    "name": "Require(20) node_modules/_egg-view-ejs@2.0.0@egg-view-ejs/config/config.local.js",
    "start": 1535468261641,
    "end": 1535468261642,
    "duration": 1,
    "pid": 14896,
    "index": 23
  },
  {
    "name": "Require(21) node_modules/_egg@2.10.0@egg/config/config.local.js",
    "start": 1535468261643,
    "end": 1535468261644,
    "duration": 1,
    "pid": 14896,
    "index": 24
  },
  {
    "name": "Load extend/application.js",
    "start": 1535468261646,
    "end": 1535468261686,
    "duration": 40,
    "pid": 14896,
    "index": 25
  },
  {
    "name": "Require(22) node_modules/_egg-session@3.1.0@egg-session/app/extend/application.js",
    "start": 1535468261648,
    "end": 1535468261648,
    "duration": 0,
    "pid": 14896,
    "index": 26
  },
  {
    "name": "Require(23) node_modules/_egg-security@2.2.3@egg-security/app/extend/application.js",
    "start": 1535468261649,
    "end": 1535468261654,
    "duration": 5,
    "pid": 14896,
    "index": 27
  },
  {
    "name": "Require(24) node_modules/_egg-jsonp@2.0.0@egg-jsonp/app/extend/application.js",
    "start": 1535468261658,
    "end": 1535468261662,
    "duration": 4,
    "pid": 14896,
    "index": 28
  },
  {
    "name": "Require(25) node_modules/_egg-logrotator@3.0.3@egg-logrotator/app/extend/application.js",
    "start": 1535468261666,
    "end": 1535468261676,
    "duration": 10,
    "pid": 14896,
    "index": 29
  },
  {
    "name": "Require(26) node_modules/_egg-view@2.1.0@egg-view/app/extend/application.js",
    "start": 1535468261677,
    "end": 1535468261681,
    "duration": 4,
    "pid": 14896,
    "index": 30
  },
  {
    "name": "Load extend/request.js",
    "start": 1535468261686,
    "end": 1535468261705,
    "duration": 19,
    "pid": 14896,
    "index": 31
  },
  {
    "name": "Require(27) node_modules/_egg@2.10.0@egg/app/extend/request.js",
    "start": 1535468261693,
    "end": 1535468261696,
    "duration": 3,
    "pid": 14896,
    "index": 32
  },
  {
    "name": "Load extend/response.js",
    "start": 1535468261705,
    "end": 1535468261722,
    "duration": 17,
    "pid": 14896,
    "index": 33
  },
  {
    "name": "Require(28) node_modules/_egg@2.10.0@egg/app/extend/response.js",
    "start": 1535468261711,
    "end": 1535468261716,
    "duration": 5,
    "pid": 14896,
    "index": 34
  },
  {
    "name": "Load extend/context.js",
    "start": 1535468261722,
    "end": 1535468261863,
    "duration": 141,
    "pid": 14896,
    "index": 35
  },
  {
    "name": "Require(29) node_modules/_egg-security@2.2.3@egg-security/app/extend/context.js",
    "start": 1535468261724,
    "end": 1535468261753,
    "duration": 29,
    "pid": 14896,
    "index": 36
  },
  {
    "name": "Require(30) node_modules/_egg-jsonp@2.0.0@egg-jsonp/app/extend/context.js",
    "start": 1535468261753,
    "end": 1535468261757,
    "duration": 4,
    "pid": 14896,
    "index": 37
  },
  {
    "name": "Require(31) node_modules/_egg-i18n@2.0.0@egg-i18n/app/extend/context.js",
    "start": 1535468261758,
    "end": 1535468261758,
    "duration": 0,
    "pid": 14896,
    "index": 38
  },
  {
    "name": "Require(32) node_modules/_egg-multipart@2.1.0@egg-multipart/app/extend/context.js",
    "start": 1535468261760,
    "end": 1535468261848,
    "duration": 88,
    "pid": 14896,
    "index": 39
  },
  {
    "name": "Require(33) node_modules/_egg-view@2.1.0@egg-view/app/extend/context.js",
    "start": 1535468261850,
    "end": 1535468261852,
    "duration": 2,
    "pid": 14896,
    "index": 40
  },
  {
    "name": "Require(34) node_modules/_egg@2.10.0@egg/app/extend/context.js",
    "start": 1535468261853,
    "end": 1535468261856,
    "duration": 3,
    "pid": 14896,
    "index": 41
  },
  {
    "name": "Load extend/helper.js",
    "start": 1535468261863,
    "end": 1535468261915,
    "duration": 52,
    "pid": 14896,
    "index": 42
  },
  {
    "name": "Require(35) node_modules/_egg-security@2.2.3@egg-security/app/extend/helper.js",
    "start": 1535468261864,
    "end": 1535468261903,
    "duration": 39,
    "pid": 14896,
    "index": 43
  },
  {
    "name": "Require(36) node_modules/_egg@2.10.0@egg/app/extend/helper.js",
    "start": 1535468261908,
    "end": 1535468261909,
    "duration": 1,
    "pid": 14896,
    "index": 44
  },
  {
    "name": "Load app.js",
    "start": 1535468261915,
    "end": 1535468262283,
    "duration": 368,
    "pid": 14896,
    "index": 45
  },
  {
    "name": "Require(37) node_modules/_egg-session@3.1.0@egg-session/app.js",
    "start": 1535468261916,
    "end": 1535468261916,
    "duration": 0,
    "pid": 14896,
    "index": 46
  },
  {
    "name": "Require(38) node_modules/_egg-security@2.2.3@egg-security/app.js",
    "start": 1535468261917,
    "end": 1535468261922,
    "duration": 5,
    "pid": 14896,
    "index": 47
  },
  {
    "name": "Require(39) node_modules/_egg-onerror@2.1.0@egg-onerror/app.js",
    "start": 1535468261924,
    "end": 1535468261953,
    "duration": 29,
    "pid": 14896,
    "index": 48
  },
  {
    "name": "Require(40) node_modules/_egg-i18n@2.0.0@egg-i18n/app.js",
    "start": 1535468261956,
    "end": 1535468261980,
    "duration": 24,
    "pid": 14896,
    "index": 49
  },
  {
    "name": "Require(41) node_modules/_egg-watcher@3.0.0@egg-watcher/app.js",
    "start": 1535468261991,
    "end": 1535468262000,
    "duration": 9,
    "pid": 14896,
    "index": 50
  },
  {
    "name": "Before Start in node_modules/_egg-watcher@3.0.0@egg-watcher/app.js:15:7",
    "start": 1535468262016,
    "end": 1535468262514,
    "duration": 498,
    "pid": 14896,
    "index": 51
  },
  {
    "name": "Require(42) node_modules/_egg-multipart@2.1.0@egg-multipart/app.js",
    "start": 1535468262018,
    "end": 1535468262023,
    "duration": 5,
    "pid": 14896,
    "index": 52
  },
  {
    "name": "Require(43) node_modules/_egg-development@2.4.1@egg-development/app.js",
    "start": 1535468262024,
    "end": 1535468262025,
    "duration": 1,
    "pid": 14896,
    "index": 53
  },
  {
    "name": "Require(44) node_modules/_egg-schedule@3.3.0@egg-schedule/app.js",
    "start": 1535468262026,
    "end": 1535468262028,
    "duration": 2,
    "pid": 14896,
    "index": 54
  },
  {
    "name": "Require(45) node_modules/_egg-logrotator@3.0.3@egg-logrotator/app.js",
    "start": 1535468262106,
    "end": 1535468262107,
    "duration": 1,
    "pid": 14896,
    "index": 55
  },
  {
    "name": "Require(46) node_modules/_egg-static@2.1.1@egg-static/app.js",
    "start": 1535468262108,
    "end": 1535468262108,
    "duration": 0,
    "pid": 14896,
    "index": 56
  },
  {
    "name": "Require(47) node_modules/_egg-view-ejs@2.0.0@egg-view-ejs/app.js",
    "start": 1535468262110,
    "end": 1535468262111,
    "duration": 1,
    "pid": 14896,
    "index": 57
  },
  {
    "name": "Require(48) node_modules/_egg-mysql@3.0.0@egg-mysql/app.js",
    "start": 1535468262121,
    "end": 1535468262148,
    "duration": 27,
    "pid": 14896,
    "index": 58
  },
  {
    "name": "Before Start in node_modules/_egg-mysql@3.0.0@egg-mysql/lib/mysql.js:20:7",
    "start": 1535468262281,
    "end": 1535468262519,
    "duration": 238,
    "pid": 14896,
    "index": 59
  },
  {
    "name": "Load Service",
    "start": 1535468262283,
    "end": 1535468262290,
    "duration": 7,
    "pid": 14896,
    "index": 60
  },
  {
    "name": "Load \"service\" to Context",
    "start": 1535468262283,
    "end": 1535468262290,
    "duration": 7,
    "pid": 14896,
    "index": 61
  },
  {
    "name": "Load Middleware",
    "start": 1535468262290,
    "end": 1535468262456,
    "duration": 166,
    "pid": 14896,
    "index": 62
  },
  {
    "name": "Load \"middlewares\" to Application",
    "start": 1535468262290,
    "end": 1535468262434,
    "duration": 144,
    "pid": 14896,
    "index": 63
  },
  {
    "name": "Load Controller",
    "start": 1535468262456,
    "end": 1535468262460,
    "duration": 4,
    "pid": 14896,
    "index": 64
  },
  {
    "name": "Load \"controller\" to Application",
    "start": 1535468262456,
    "end": 1535468262460,
    "duration": 4,
    "pid": 14896,
    "index": 65
  },
  {
    "name": "Load Router",
    "start": 1535468262460,
    "end": 1535468262464,
    "duration": 4,
    "pid": 14896,
    "index": 66
  },
  {
    "name": "Require(49) app/router.js",
    "start": 1535468262461,
    "end": 1535468262461,
    "duration": 0,
    "pid": 14896,
    "index": 67
  },
  {
    "name": "Before Start in node_modules/_egg-core@4.9.1@egg-core/lib/egg.js:328:10",
    "start": 1535468262462,
    "end": 1535468262487,
    "duration": 25,
    "pid": 14896,
    "index": 68
  }
]