[
  {
    "name": "Application Start",
    "start": 1535452382729,
    "end": 1535452383619,
    "duration": 890,
    "pid": 18000,
    "index": 0
  },
  {
    "name": "Load Plugin",
    "start": 1535452382742,
    "end": 1535452382781,
    "duration": 39,
    "pid": 18000,
    "index": 1
  },
  {
    "name": "Load Config",
    "start": 1535452382781,
    "end": 1535452382820,
    "duration": 39,
    "pid": 18000,
    "index": 2
  },
  {
    "name": "Require(0) config/config.default.js",
    "start": 1535452382782,
    "end": 1535452382783,
    "duration": 1,
    "pid": 18000,
    "index": 3
  },
  {
    "name": "Require(1) node_modules/_egg-session@3.1.0@egg-session/config/config.default.js",
    "start": 1535452382785,
    "end": 1535452382785,
    "duration": 0,
    "pid": 18000,
    "index": 4
  },
  {
    "name": "Require(2) node_modules/_egg-security@2.2.3@egg-security/config/config.default.js",
    "start": 1535452382786,
    "end": 1535452382787,
    "duration": 1,
    "pid": 18000,
    "index": 5
  },
  {
    "name": "Require(3) node_modules/_egg-jsonp@2.0.0@egg-jsonp/config/config.default.js",
    "start": 1535452382788,
    "end": 1535452382789,
    "duration": 1,
    "pid": 18000,
    "index": 6
  },
  {
    "name": "Require(4) node_modules/_egg-onerror@2.1.0@egg-onerror/config/config.default.js",
    "start": 1535452382790,
    "end": 1535452382790,
    "duration": 0,
    "pid": 18000,
    "index": 7
  },
  {
    "name": "Require(5) node_modules/_egg-i18n@2.0.0@egg-i18n/config/config.default.js",
    "start": 1535452382791,
    "end": 1535452382792,
    "duration": 1,
    "pid": 18000,
    "index": 8
  },
  {
    "name": "Require(6) node_modules/_egg-watcher@3.0.0@egg-watcher/config/config.default.js",
    "start": 1535452382793,
    "end": 1535452382793,
    "duration": 0,
    "pid": 18000,
    "index": 9
  },
  {
    "name": "Require(7) node_modules/_egg-multipart@2.1.0@egg-multipart/config/config.default.js",
    "start": 1535452382794,
    "end": 1535452382795,
    "duration": 1,
    "pid": 18000,
    "index": 10
  },
  {
    "name": "Require(8) node_modules/_egg-development@2.4.1@egg-development/config/config.default.js",
    "start": 1535452382796,
    "end": 1535452382797,
    "duration": 1,
    "pid": 18000,
    "index": 11
  },
  {
    "name": "Require(9) node_modules/_egg-schedule@3.3.0@egg-schedule/config/config.default.js",
    "start": 1535452382798,
    "end": 1535452382799,
    "duration": 1,
    "pid": 18000,
    "index": 12
  },
  {
    "name": "Require(10) node_modules/_egg-logrotator@3.0.3@egg-logrotator/config/config.default.js",
    "start": 1535452382800,
    "end": 1535452382800,
    "duration": 0,
    "pid": 18000,
    "index": 13
  },
  {
    "name": "Require(11) node_modules/_egg-static@2.1.1@egg-static/config/config.default.js",
    "start": 1535452382802,
    "end": 1535452382802,
    "duration": 0,
    "pid": 18000,
    "index": 14
  },
  {
    "name": "Require(12) node_modules/_egg-view@2.1.0@egg-view/config/config.default.js",
    "start": 1535452382804,
    "end": 1535452382805,
    "duration": 1,
    "pid": 18000,
    "index": 15
  },
  {
    "name": "Require(13) node_modules/_egg-view-ejs@2.0.0@egg-view-ejs/config/config.default.js",
    "start": 1535452382806,
    "end": 1535452382806,
    "duration": 0,
    "pid": 18000,
    "index": 16
  },
  {
    "name": "Require(14) node_modules/_egg-mysql@3.0.0@egg-mysql/config/config.default.js",
    "start": 1535452382807,
    "end": 1535452382807,
    "duration": 0,
    "pid": 18000,
    "index": 17
  },
  {
    "name": "Require(15) node_modules/_egg@2.10.0@egg/config/config.default.js",
    "start": 1535452382808,
    "end": 1535452382809,
    "duration": 1,
    "pid": 18000,
    "index": 18
  },
  {
    "name": "Require(16) config/config.default.js",
    "start": 1535452382810,
    "end": 1535452382810,
    "duration": 0,
    "pid": 18000,
    "index": 19
  },
  {
    "name": "Require(17) node_modules/_egg-security@2.2.3@egg-security/config/config.local.js",
    "start": 1535452382811,
    "end": 1535452382812,
    "duration": 1,
    "pid": 18000,
    "index": 20
  },
  {
    "name": "Require(18) node_modules/_egg-watcher@3.0.0@egg-watcher/config/config.local.js",
    "start": 1535452382814,
    "end": 1535452382814,
    "duration": 0,
    "pid": 18000,
    "index": 21
  },
  {
    "name": "Require(19) node_modules/_egg-view@2.1.0@egg-view/config/config.local.js",
    "start": 1535452382817,
    "end": 1535452382817,
    "duration": 0,
    "pid": 18000,
    "index": 22
  },
  {
    "name": "Require(20) node_modules/_egg-view-ejs@2.0.0@egg-view-ejs/config/config.local.js",
    "start": 1535452382818,
    "end": 1535452382818,
    "duration": 0,
    "pid": 18000,
    "index": 23
  },
  {
    "name": "Require(21) node_modules/_egg@2.10.0@egg/config/config.local.js",
    "start": 1535452382819,
    "end": 1535452382819,
    "duration": 0,
    "pid": 18000,
    "index": 24
  },
  {
    "name": "Load extend/application.js",
    "start": 1535452382822,
    "end": 1535452382847,
    "duration": 25,
    "pid": 18000,
    "index": 25
  },
  {
    "name": "Require(22) node_modules/_egg-session@3.1.0@egg-session/app/extend/application.js",
    "start": 1535452382824,
    "end": 1535452382824,
    "duration": 0,
    "pid": 18000,
    "index": 26
  },
  {
    "name": "Require(23) node_modules/_egg-security@2.2.3@egg-security/app/extend/application.js",
    "start": 1535452382825,
    "end": 1535452382827,
    "duration": 2,
    "pid": 18000,
    "index": 27
  },
  {
    "name": "Require(24) node_modules/_egg-jsonp@2.0.0@egg-jsonp/app/extend/application.js",
    "start": 1535452382828,
    "end": 1535452382832,
    "duration": 4,
    "pid": 18000,
    "index": 28
  },
  {
    "name": "Require(25) node_modules/_egg-logrotator@3.0.3@egg-logrotator/app/extend/application.js",
    "start": 1535452382834,
    "end": 1535452382839,
    "duration": 5,
    "pid": 18000,
    "index": 29
  },
  {
    "name": "Require(26) node_modules/_egg-view@2.1.0@egg-view/app/extend/application.js",
    "start": 1535452382840,
    "end": 1535452382842,
    "duration": 2,
    "pid": 18000,
    "index": 30
  },
  {
    "name": "Load extend/request.js",
    "start": 1535452382847,
    "end": 1535452382859,
    "duration": 12,
    "pid": 18000,
    "index": 31
  },
  {
    "name": "Require(27) node_modules/_egg@2.10.0@egg/app/extend/request.js",
    "start": 1535452382851,
    "end": 1535452382854,
    "duration": 3,
    "pid": 18000,
    "index": 32
  },
  {
    "name": "Load extend/response.js",
    "start": 1535452382859,
    "end": 1535452382873,
    "duration": 14,
    "pid": 18000,
    "index": 33
  },
  {
    "name": "Require(28) node_modules/_egg@2.10.0@egg/app/extend/response.js",
    "start": 1535452382863,
    "end": 1535452382867,
    "duration": 4,
    "pid": 18000,
    "index": 34
  },
  {
    "name": "Load extend/context.js",
    "start": 1535452382873,
    "end": 1535452382986,
    "duration": 113,
    "pid": 18000,
    "index": 35
  },
  {
    "name": "Require(29) node_modules/_egg-security@2.2.3@egg-security/app/extend/context.js",
    "start": 1535452382873,
    "end": 1535452382896,
    "duration": 23,
    "pid": 18000,
    "index": 36
  },
  {
    "name": "Require(30) node_modules/_egg-jsonp@2.0.0@egg-jsonp/app/extend/context.js",
    "start": 1535452382897,
    "end": 1535452382902,
    "duration": 5,
    "pid": 18000,
    "index": 37
  },
  {
    "name": "Require(31) node_modules/_egg-i18n@2.0.0@egg-i18n/app/extend/context.js",
    "start": 1535452382904,
    "end": 1535452382904,
    "duration": 0,
    "pid": 18000,
    "index": 38
  },
  {
    "name": "Require(32) node_modules/_egg-multipart@2.1.0@egg-multipart/app/extend/context.js",
    "start": 1535452382906,
    "end": 1535452382968,
    "duration": 62,
    "pid": 18000,
    "index": 39
  },
  {
    "name": "Require(33) node_modules/_egg-view@2.1.0@egg-view/app/extend/context.js",
    "start": 1535452382970,
    "end": 1535452382972,
    "duration": 2,
    "pid": 18000,
    "index": 40
  },
  {
    "name": "Require(34) node_modules/_egg@2.10.0@egg/app/extend/context.js",
    "start": 1535452382973,
    "end": 1535452382979,
    "duration": 6,
    "pid": 18000,
    "index": 41
  },
  {
    "name": "Load extend/helper.js",
    "start": 1535452382987,
    "end": 1535452383035,
    "duration": 48,
    "pid": 18000,
    "index": 42
  },
  {
    "name": "Require(35) node_modules/_egg-security@2.2.3@egg-security/app/extend/helper.js",
    "start": 1535452382988,
    "end": 1535452383024,
    "duration": 36,
    "pid": 18000,
    "index": 43
  },
  {
    "name": "Require(36) node_modules/_egg@2.10.0@egg/app/extend/helper.js",
    "start": 1535452383030,
    "end": 1535452383031,
    "duration": 1,
    "pid": 18000,
    "index": 44
  },
  {
    "name": "Load app.js",
    "start": 1535452383035,
    "end": 1535452383405,
    "duration": 370,
    "pid": 18000,
    "index": 45
  },
  {
    "name": "Require(37) node_modules/_egg-session@3.1.0@egg-session/app.js",
    "start": 1535452383036,
    "end": 1535452383036,
    "duration": 0,
    "pid": 18000,
    "index": 46
  },
  {
    "name": "Require(38) node_modules/_egg-security@2.2.3@egg-security/app.js",
    "start": 1535452383037,
    "end": 1535452383041,
    "duration": 4,
    "pid": 18000,
    "index": 47
  },
  {
    "name": "Require(39) node_modules/_egg-onerror@2.1.0@egg-onerror/app.js",
    "start": 1535452383042,
    "end": 1535452383058,
    "duration": 16,
    "pid": 18000,
    "index": 48
  },
  {
    "name": "Require(40) node_modules/_egg-i18n@2.0.0@egg-i18n/app.js",
    "start": 1535452383060,
    "end": 1535452383075,
    "duration": 15,
    "pid": 18000,
    "index": 49
  },
  {
    "name": "Require(41) node_modules/_egg-watcher@3.0.0@egg-watcher/app.js",
    "start": 1535452383080,
    "end": 1535452383086,
    "duration": 6,
    "pid": 18000,
    "index": 50
  },
  {
    "name": "Before Start in node_modules/_egg-watcher@3.0.0@egg-watcher/app.js:15:7",
    "start": 1535452383100,
    "end": 1535452383615,
    "duration": 515,
    "pid": 18000,
    "index": 51
  },
  {
    "name": "Require(42) node_modules/_egg-multipart@2.1.0@egg-multipart/app.js",
    "start": 1535452383101,
    "end": 1535452383106,
    "duration": 5,
    "pid": 18000,
    "index": 52
  },
  {
    "name": "Require(43) node_modules/_egg-development@2.4.1@egg-development/app.js",
    "start": 1535452383107,
    "end": 1535452383107,
    "duration": 0,
    "pid": 18000,
    "index": 53
  },
  {
    "name": "Require(44) node_modules/_egg-schedule@3.3.0@egg-schedule/app.js",
    "start": 1535452383109,
    "end": 1535452383112,
    "duration": 3,
    "pid": 18000,
    "index": 54
  },
  {
    "name": "Require(45) node_modules/_egg-logrotator@3.0.3@egg-logrotator/app.js",
    "start": 1535452383168,
    "end": 1535452383168,
    "duration": 0,
    "pid": 18000,
    "index": 55
  },
  {
    "name": "Require(46) node_modules/_egg-static@2.1.1@egg-static/app.js",
    "start": 1535452383169,
    "end": 1535452383169,
    "duration": 0,
    "pid": 18000,
    "index": 56
  },
  {
    "name": "Require(47) node_modules/_egg-view-ejs@2.0.0@egg-view-ejs/app.js",
    "start": 1535452383171,
    "end": 1535452383171,
    "duration": 0,
    "pid": 18000,
    "index": 57
  },
  {
    "name": "Require(48) node_modules/_egg-mysql@3.0.0@egg-mysql/app.js",
    "start": 1535452383180,
    "end": 1535452383228,
    "duration": 48,
    "pid": 18000,
    "index": 58
  },
  {
    "name": "Before Start in node_modules/_egg-mysql@3.0.0@egg-mysql/lib/mysql.js:20:7",
    "start": 1535452383403,
    "end": 1535452383619,
    "duration": 216,
    "pid": 18000,
    "index": 59
  },
  {
    "name": "Load Service",
    "start": 1535452383405,
    "end": 1535452383414,
    "duration": 9,
    "pid": 18000,
    "index": 60
  },
  {
    "name": "Load \"service\" to Context",
    "start": 1535452383405,
    "end": 1535452383414,
    "duration": 9,
    "pid": 18000,
    "index": 61
  },
  {
    "name": "Load Middleware",
    "start": 1535452383414,
    "end": 1535452383569,
    "duration": 155,
    "pid": 18000,
    "index": 62
  },
  {
    "name": "Load \"middlewares\" to Application",
    "start": 1535452383415,
    "end": 1535452383553,
    "duration": 138,
    "pid": 18000,
    "index": 63
  },
  {
    "name": "Load Controller",
    "start": 1535452383570,
    "end": 1535452383573,
    "duration": 3,
    "pid": 18000,
    "index": 64
  },
  {
    "name": "Load \"controller\" to Application",
    "start": 1535452383570,
    "end": 1535452383573,
    "duration": 3,
    "pid": 18000,
    "index": 65
  },
  {
    "name": "Load Router",
    "start": 1535452383573,
    "end": 1535452383576,
    "duration": 3,
    "pid": 18000,
    "index": 66
  },
  {
    "name": "Require(49) app/router.js",
    "start": 1535452383574,
    "end": 1535452383574,
    "duration": 0,
    "pid": 18000,
    "index": 67
  },
  {
    "name": "Before Start in node_modules/_egg-core@4.9.1@egg-core/lib/egg.js:328:10",
    "start": 1535452383575,
    "end": 1535452383597,
    "duration": 22,
    "pid": 18000,
    "index": 68
  }
]