[
  {
    "name": "Application Start",
    "start": 1535453015389,
    "end": 1535453016178,
    "duration": 789,
    "pid": 14592,
    "index": 0
  },
  {
    "name": "Load Plugin",
    "start": 1535453015396,
    "end": 1535453015431,
    "duration": 35,
    "pid": 14592,
    "index": 1
  },
  {
    "name": "Load Config",
    "start": 1535453015431,
    "end": 1535453015471,
    "duration": 40,
    "pid": 14592,
    "index": 2
  },
  {
    "name": "Require(0) config/config.default.js",
    "start": 1535453015432,
    "end": 1535453015432,
    "duration": 0,
    "pid": 14592,
    "index": 3
  },
  {
    "name": "Require(1) node_modules/_egg-session@3.1.0@egg-session/config/config.default.js",
    "start": 1535453015435,
    "end": 1535453015435,
    "duration": 0,
    "pid": 14592,
    "index": 4
  },
  {
    "name": "Require(2) node_modules/_egg-security@2.2.3@egg-security/config/config.default.js",
    "start": 1535453015436,
    "end": 1535453015436,
    "duration": 0,
    "pid": 14592,
    "index": 5
  },
  {
    "name": "Require(3) node_modules/_egg-jsonp@2.0.0@egg-jsonp/config/config.default.js",
    "start": 1535453015439,
    "end": 1535453015440,
    "duration": 1,
    "pid": 14592,
    "index": 6
  },
  {
    "name": "Require(4) node_modules/_egg-onerror@2.1.0@egg-onerror/config/config.default.js",
    "start": 1535453015440,
    "end": 1535453015441,
    "duration": 1,
    "pid": 14592,
    "index": 7
  },
  {
    "name": "Require(5) node_modules/_egg-i18n@2.0.0@egg-i18n/config/config.default.js",
    "start": 1535453015442,
    "end": 1535453015443,
    "duration": 1,
    "pid": 14592,
    "index": 8
  },
  {
    "name": "Require(6) node_modules/_egg-watcher@3.0.0@egg-watcher/config/config.default.js",
    "start": 1535453015443,
    "end": 1535453015444,
    "duration": 1,
    "pid": 14592,
    "index": 9
  },
  {
    "name": "Require(7) node_modules/_egg-multipart@2.1.0@egg-multipart/config/config.default.js",
    "start": 1535453015445,
    "end": 1535453015445,
    "duration": 0,
    "pid": 14592,
    "index": 10
  },
  {
    "name": "Require(8) node_modules/_egg-development@2.4.1@egg-development/config/config.default.js",
    "start": 1535453015446,
    "end": 1535453015446,
    "duration": 0,
    "pid": 14592,
    "index": 11
  },
  {
    "name": "Require(9) node_modules/_egg-schedule@3.3.0@egg-schedule/config/config.default.js",
    "start": 1535453015447,
    "end": 1535453015447,
    "duration": 0,
    "pid": 14592,
    "index": 12
  },
  {
    "name": "Require(10) node_modules/_egg-logrotator@3.0.3@egg-logrotator/config/config.default.js",
    "start": 1535453015448,
    "end": 1535453015448,
    "duration": 0,
    "pid": 14592,
    "index": 13
  },
  {
    "name": "Require(11) node_modules/_egg-static@2.1.1@egg-static/config/config.default.js",
    "start": 1535453015449,
    "end": 1535453015450,
    "duration": 1,
    "pid": 14592,
    "index": 14
  },
  {
    "name": "Require(12) node_modules/_egg-view@2.1.0@egg-view/config/config.default.js",
    "start": 1535453015451,
    "end": 1535453015451,
    "duration": 0,
    "pid": 14592,
    "index": 15
  },
  {
    "name": "Require(13) node_modules/_egg-view-ejs@2.0.0@egg-view-ejs/config/config.default.js",
    "start": 1535453015452,
    "end": 1535453015452,
    "duration": 0,
    "pid": 14592,
    "index": 16
  },
  {
    "name": "Require(14) node_modules/_egg-mysql@3.0.0@egg-mysql/config/config.default.js",
    "start": 1535453015453,
    "end": 1535453015454,
    "duration": 1,
    "pid": 14592,
    "index": 17
  },
  {
    "name": "Require(15) node_modules/_egg@2.10.0@egg/config/config.default.js",
    "start": 1535453015454,
    "end": 1535453015455,
    "duration": 1,
    "pid": 14592,
    "index": 18
  },
  {
    "name": "Require(16) config/config.default.js",
    "start": 1535453015457,
    "end": 1535453015457,
    "duration": 0,
    "pid": 14592,
    "index": 19
  },
  {
    "name": "Require(17) node_modules/_egg-security@2.2.3@egg-security/config/config.local.js",
    "start": 1535453015458,
    "end": 1535453015458,
    "duration": 0,
    "pid": 14592,
    "index": 20
  },
  {
    "name": "Require(18) node_modules/_egg-watcher@3.0.0@egg-watcher/config/config.local.js",
    "start": 1535453015460,
    "end": 1535453015461,
    "duration": 1,
    "pid": 14592,
    "index": 21
  },
  {
    "name": "Require(19) node_modules/_egg-view@2.1.0@egg-view/config/config.local.js",
    "start": 1535453015464,
    "end": 1535453015465,
    "duration": 1,
    "pid": 14592,
    "index": 22
  },
  {
    "name": "Require(20) node_modules/_egg-view-ejs@2.0.0@egg-view-ejs/config/config.local.js",
    "start": 1535453015466,
    "end": 1535453015466,
    "duration": 0,
    "pid": 14592,
    "index": 23
  },
  {
    "name": "Require(21) node_modules/_egg@2.10.0@egg/config/config.local.js",
    "start": 1535453015467,
    "end": 1535453015471,
    "duration": 4,
    "pid": 14592,
    "index": 24
  },
  {
    "name": "Load extend/application.js",
    "start": 1535453015473,
    "end": 1535453015497,
    "duration": 24,
    "pid": 14592,
    "index": 25
  },
  {
    "name": "Require(22) node_modules/_egg-session@3.1.0@egg-session/app/extend/application.js",
    "start": 1535453015474,
    "end": 1535453015474,
    "duration": 0,
    "pid": 14592,
    "index": 26
  },
  {
    "name": "Require(23) node_modules/_egg-security@2.2.3@egg-security/app/extend/application.js",
    "start": 1535453015475,
    "end": 1535453015477,
    "duration": 2,
    "pid": 14592,
    "index": 27
  },
  {
    "name": "Require(24) node_modules/_egg-jsonp@2.0.0@egg-jsonp/app/extend/application.js",
    "start": 1535453015477,
    "end": 1535453015480,
    "duration": 3,
    "pid": 14592,
    "index": 28
  },
  {
    "name": "Require(25) node_modules/_egg-logrotator@3.0.3@egg-logrotator/app/extend/application.js",
    "start": 1535453015482,
    "end": 1535453015486,
    "duration": 4,
    "pid": 14592,
    "index": 29
  },
  {
    "name": "Require(26) node_modules/_egg-view@2.1.0@egg-view/app/extend/application.js",
    "start": 1535453015487,
    "end": 1535453015490,
    "duration": 3,
    "pid": 14592,
    "index": 30
  },
  {
    "name": "Load extend/request.js",
    "start": 1535453015498,
    "end": 1535453015524,
    "duration": 26,
    "pid": 14592,
    "index": 31
  },
  {
    "name": "Require(27) node_modules/_egg@2.10.0@egg/app/extend/request.js",
    "start": 1535453015504,
    "end": 1535453015516,
    "duration": 12,
    "pid": 14592,
    "index": 32
  },
  {
    "name": "Load extend/response.js",
    "start": 1535453015524,
    "end": 1535453015537,
    "duration": 13,
    "pid": 14592,
    "index": 33
  },
  {
    "name": "Require(28) node_modules/_egg@2.10.0@egg/app/extend/response.js",
    "start": 1535453015530,
    "end": 1535453015533,
    "duration": 3,
    "pid": 14592,
    "index": 34
  },
  {
    "name": "Load extend/context.js",
    "start": 1535453015537,
    "end": 1535453015642,
    "duration": 105,
    "pid": 14592,
    "index": 35
  },
  {
    "name": "Require(29) node_modules/_egg-security@2.2.3@egg-security/app/extend/context.js",
    "start": 1535453015538,
    "end": 1535453015566,
    "duration": 28,
    "pid": 14592,
    "index": 36
  },
  {
    "name": "Require(30) node_modules/_egg-jsonp@2.0.0@egg-jsonp/app/extend/context.js",
    "start": 1535453015567,
    "end": 1535453015570,
    "duration": 3,
    "pid": 14592,
    "index": 37
  },
  {
    "name": "Require(31) node_modules/_egg-i18n@2.0.0@egg-i18n/app/extend/context.js",
    "start": 1535453015572,
    "end": 1535453015572,
    "duration": 0,
    "pid": 14592,
    "index": 38
  },
  {
    "name": "Require(32) node_modules/_egg-multipart@2.1.0@egg-multipart/app/extend/context.js",
    "start": 1535453015573,
    "end": 1535453015630,
    "duration": 57,
    "pid": 14592,
    "index": 39
  },
  {
    "name": "Require(33) node_modules/_egg-view@2.1.0@egg-view/app/extend/context.js",
    "start": 1535453015631,
    "end": 1535453015632,
    "duration": 1,
    "pid": 14592,
    "index": 40
  },
  {
    "name": "Require(34) node_modules/_egg@2.10.0@egg/app/extend/context.js",
    "start": 1535453015633,
    "end": 1535453015636,
    "duration": 3,
    "pid": 14592,
    "index": 41
  },
  {
    "name": "Load extend/helper.js",
    "start": 1535453015642,
    "end": 1535453015678,
    "duration": 36,
    "pid": 14592,
    "index": 42
  },
  {
    "name": "Require(35) node_modules/_egg-security@2.2.3@egg-security/app/extend/helper.js",
    "start": 1535453015644,
    "end": 1535453015668,
    "duration": 24,
    "pid": 14592,
    "index": 43
  },
  {
    "name": "Require(36) node_modules/_egg@2.10.0@egg/app/extend/helper.js",
    "start": 1535453015673,
    "end": 1535453015673,
    "duration": 0,
    "pid": 14592,
    "index": 44
  },
  {
    "name": "Load app.js",
    "start": 1535453015678,
    "end": 1535453015971,
    "duration": 293,
    "pid": 14592,
    "index": 45
  },
  {
    "name": "Require(37) node_modules/_egg-session@3.1.0@egg-session/app.js",
    "start": 1535453015679,
    "end": 1535453015679,
    "duration": 0,
    "pid": 14592,
    "index": 46
  },
  {
    "name": "Require(38) node_modules/_egg-security@2.2.3@egg-security/app.js",
    "start": 1535453015680,
    "end": 1535453015682,
    "duration": 2,
    "pid": 14592,
    "index": 47
  },
  {
    "name": "Require(39) node_modules/_egg-onerror@2.1.0@egg-onerror/app.js",
    "start": 1535453015684,
    "end": 1535453015700,
    "duration": 16,
    "pid": 14592,
    "index": 48
  },
  {
    "name": "Require(40) node_modules/_egg-i18n@2.0.0@egg-i18n/app.js",
    "start": 1535453015702,
    "end": 1535453015716,
    "duration": 14,
    "pid": 14592,
    "index": 49
  },
  {
    "name": "Require(41) node_modules/_egg-watcher@3.0.0@egg-watcher/app.js",
    "start": 1535453015721,
    "end": 1535453015726,
    "duration": 5,
    "pid": 14592,
    "index": 50
  },
  {
    "name": "Before Start in node_modules/_egg-watcher@3.0.0@egg-watcher/app.js:15:7",
    "start": 1535453015738,
    "end": 1535453016172,
    "duration": 434,
    "pid": 14592,
    "index": 51
  },
  {
    "name": "Require(42) node_modules/_egg-multipart@2.1.0@egg-multipart/app.js",
    "start": 1535453015739,
    "end": 1535453015744,
    "duration": 5,
    "pid": 14592,
    "index": 52
  },
  {
    "name": "Require(43) node_modules/_egg-development@2.4.1@egg-development/app.js",
    "start": 1535453015745,
    "end": 1535453015746,
    "duration": 1,
    "pid": 14592,
    "index": 53
  },
  {
    "name": "Require(44) node_modules/_egg-schedule@3.3.0@egg-schedule/app.js",
    "start": 1535453015747,
    "end": 1535453015753,
    "duration": 6,
    "pid": 14592,
    "index": 54
  },
  {
    "name": "Require(45) node_modules/_egg-logrotator@3.0.3@egg-logrotator/app.js",
    "start": 1535453015814,
    "end": 1535453015815,
    "duration": 1,
    "pid": 14592,
    "index": 55
  },
  {
    "name": "Require(46) node_modules/_egg-static@2.1.1@egg-static/app.js",
    "start": 1535453015816,
    "end": 1535453015816,
    "duration": 0,
    "pid": 14592,
    "index": 56
  },
  {
    "name": "Require(47) node_modules/_egg-view-ejs@2.0.0@egg-view-ejs/app.js",
    "start": 1535453015817,
    "end": 1535453015818,
    "duration": 1,
    "pid": 14592,
    "index": 57
  },
  {
    "name": "Require(48) node_modules/_egg-mysql@3.0.0@egg-mysql/app.js",
    "start": 1535453015826,
    "end": 1535453015858,
    "duration": 32,
    "pid": 14592,
    "index": 58
  },
  {
    "name": "Before Start in node_modules/_egg-mysql@3.0.0@egg-mysql/lib/mysql.js:20:7",
    "start": 1535453015969,
    "end": 1535453016178,
    "duration": 209,
    "pid": 14592,
    "index": 59
  },
  {
    "name": "Load Service",
    "start": 1535453015971,
    "end": 1535453015978,
    "duration": 7,
    "pid": 14592,
    "index": 60
  },
  {
    "name": "Load \"service\" to Context",
    "start": 1535453015971,
    "end": 1535453015978,
    "duration": 7,
    "pid": 14592,
    "index": 61
  },
  {
    "name": "Load Middleware",
    "start": 1535453015978,
    "end": 1535453016126,
    "duration": 148,
    "pid": 14592,
    "index": 62
  },
  {
    "name": "Load \"middlewares\" to Application",
    "start": 1535453015978,
    "end": 1535453016108,
    "duration": 130,
    "pid": 14592,
    "index": 63
  },
  {
    "name": "Load Controller",
    "start": 1535453016126,
    "end": 1535453016130,
    "duration": 4,
    "pid": 14592,
    "index": 64
  },
  {
    "name": "Load \"controller\" to Application",
    "start": 1535453016127,
    "end": 1535453016130,
    "duration": 3,
    "pid": 14592,
    "index": 65
  },
  {
    "name": "Load Router",
    "start": 1535453016130,
    "end": 1535453016133,
    "duration": 3,
    "pid": 14592,
    "index": 66
  },
  {
    "name": "Require(49) app/router.js",
    "start": 1535453016130,
    "end": 1535453016131,
    "duration": 1,
    "pid": 14592,
    "index": 67
  },
  {
    "name": "Before Start in node_modules/_egg-core@4.9.1@egg-core/lib/egg.js:328:10",
    "start": 1535453016131,
    "end": 1535453016152,
    "duration": 21,
    "pid": 14592,
    "index": 68
  }
]