[
  {
    "name": "Application Start",
    "start": 1535451575779,
    "end": 1535451576730,
    "duration": 951,
    "pid": 15580,
    "index": 0
  },
  {
    "name": "Load Plugin",
    "start": 1535451575790,
    "end": 1535451575867,
    "duration": 77,
    "pid": 15580,
    "index": 1
  },
  {
    "name": "Load Config",
    "start": 1535451575867,
    "end": 1535451575945,
    "duration": 78,
    "pid": 15580,
    "index": 2
  },
  {
    "name": "Require(0) config/config.default.js",
    "start": 1535451575870,
    "end": 1535451575871,
    "duration": 1,
    "pid": 15580,
    "index": 3
  },
  {
    "name": "Require(1) node_modules/_egg-session@3.1.0@egg-session/config/config.default.js",
    "start": 1535451575877,
    "end": 1535451575878,
    "duration": 1,
    "pid": 15580,
    "index": 4
  },
  {
    "name": "Require(2) node_modules/_egg-security@2.2.3@egg-security/config/config.default.js",
    "start": 1535451575879,
    "end": 1535451575880,
    "duration": 1,
    "pid": 15580,
    "index": 5
  },
  {
    "name": "Require(3) node_modules/_egg-jsonp@2.0.0@egg-jsonp/config/config.default.js",
    "start": 1535451575882,
    "end": 1535451575886,
    "duration": 4,
    "pid": 15580,
    "index": 6
  },
  {
    "name": "Require(4) node_modules/_egg-onerror@2.1.0@egg-onerror/config/config.default.js",
    "start": 1535451575888,
    "end": 1535451575889,
    "duration": 1,
    "pid": 15580,
    "index": 7
  },
  {
    "name": "Require(5) node_modules/_egg-i18n@2.0.0@egg-i18n/config/config.default.js",
    "start": 1535451575890,
    "end": 1535451575892,
    "duration": 2,
    "pid": 15580,
    "index": 8
  },
  {
    "name": "Require(6) node_modules/_egg-watcher@3.0.0@egg-watcher/config/config.default.js",
    "start": 1535451575894,
    "end": 1535451575894,
    "duration": 0,
    "pid": 15580,
    "index": 9
  },
  {
    "name": "Require(7) node_modules/_egg-multipart@2.1.0@egg-multipart/config/config.default.js",
    "start": 1535451575896,
    "end": 1535451575896,
    "duration": 0,
    "pid": 15580,
    "index": 10
  },
  {
    "name": "Require(8) node_modules/_egg-development@2.4.1@egg-development/config/config.default.js",
    "start": 1535451575904,
    "end": 1535451575905,
    "duration": 1,
    "pid": 15580,
    "index": 11
  },
  {
    "name": "Require(9) node_modules/_egg-schedule@3.3.0@egg-schedule/config/config.default.js",
    "start": 1535451575906,
    "end": 1535451575907,
    "duration": 1,
    "pid": 15580,
    "index": 12
  },
  {
    "name": "Require(10) node_modules/_egg-logrotator@3.0.3@egg-logrotator/config/config.default.js",
    "start": 1535451575908,
    "end": 1535451575909,
    "duration": 1,
    "pid": 15580,
    "index": 13
  },
  {
    "name": "Require(11) node_modules/_egg-static@2.1.1@egg-static/config/config.default.js",
    "start": 1535451575910,
    "end": 1535451575911,
    "duration": 1,
    "pid": 15580,
    "index": 14
  },
  {
    "name": "Require(12) node_modules/_egg-view@2.1.0@egg-view/config/config.default.js",
    "start": 1535451575914,
    "end": 1535451575915,
    "duration": 1,
    "pid": 15580,
    "index": 15
  },
  {
    "name": "Require(13) node_modules/_egg-view-ejs@2.0.0@egg-view-ejs/config/config.default.js",
    "start": 1535451575917,
    "end": 1535451575918,
    "duration": 1,
    "pid": 15580,
    "index": 16
  },
  {
    "name": "Require(14) node_modules/_egg-mysql@3.0.0@egg-mysql/config/config.default.js",
    "start": 1535451575921,
    "end": 1535451575922,
    "duration": 1,
    "pid": 15580,
    "index": 17
  },
  {
    "name": "Require(15) node_modules/_egg@2.10.0@egg/config/config.default.js",
    "start": 1535451575923,
    "end": 1535451575924,
    "duration": 1,
    "pid": 15580,
    "index": 18
  },
  {
    "name": "Require(16) config/config.default.js",
    "start": 1535451575927,
    "end": 1535451575927,
    "duration": 0,
    "pid": 15580,
    "index": 19
  },
  {
    "name": "Require(17) node_modules/_egg-security@2.2.3@egg-security/config/config.local.js",
    "start": 1535451575929,
    "end": 1535451575929,
    "duration": 0,
    "pid": 15580,
    "index": 20
  },
  {
    "name": "Require(18) node_modules/_egg-watcher@3.0.0@egg-watcher/config/config.local.js",
    "start": 1535451575937,
    "end": 1535451575938,
    "duration": 1,
    "pid": 15580,
    "index": 21
  },
  {
    "name": "Require(19) node_modules/_egg-view@2.1.0@egg-view/config/config.local.js",
    "start": 1535451575942,
    "end": 1535451575943,
    "duration": 1,
    "pid": 15580,
    "index": 22
  },
  {
    "name": "Require(20) node_modules/_egg-view-ejs@2.0.0@egg-view-ejs/config/config.local.js",
    "start": 1535451575943,
    "end": 1535451575944,
    "duration": 1,
    "pid": 15580,
    "index": 23
  },
  {
    "name": "Require(21) node_modules/_egg@2.10.0@egg/config/config.local.js",
    "start": 1535451575945,
    "end": 1535451575945,
    "duration": 0,
    "pid": 15580,
    "index": 24
  },
  {
    "name": "Load extend/application.js",
    "start": 1535451575948,
    "end": 1535451575985,
    "duration": 37,
    "pid": 15580,
    "index": 25
  },
  {
    "name": "Require(22) node_modules/_egg-session@3.1.0@egg-session/app/extend/application.js",
    "start": 1535451575950,
    "end": 1535451575950,
    "duration": 0,
    "pid": 15580,
    "index": 26
  },
  {
    "name": "Require(23) node_modules/_egg-security@2.2.3@egg-security/app/extend/application.js",
    "start": 1535451575951,
    "end": 1535451575954,
    "duration": 3,
    "pid": 15580,
    "index": 27
  },
  {
    "name": "Require(24) node_modules/_egg-jsonp@2.0.0@egg-jsonp/app/extend/application.js",
    "start": 1535451575955,
    "end": 1535451575965,
    "duration": 10,
    "pid": 15580,
    "index": 28
  },
  {
    "name": "Require(25) node_modules/_egg-logrotator@3.0.3@egg-logrotator/app/extend/application.js",
    "start": 1535451575969,
    "end": 1535451575974,
    "duration": 5,
    "pid": 15580,
    "index": 29
  },
  {
    "name": "Require(26) node_modules/_egg-view@2.1.0@egg-view/app/extend/application.js",
    "start": 1535451575976,
    "end": 1535451575979,
    "duration": 3,
    "pid": 15580,
    "index": 30
  },
  {
    "name": "Load extend/request.js",
    "start": 1535451575985,
    "end": 1535451575999,
    "duration": 14,
    "pid": 15580,
    "index": 31
  },
  {
    "name": "Require(27) node_modules/_egg@2.10.0@egg/app/extend/request.js",
    "start": 1535451575991,
    "end": 1535451575994,
    "duration": 3,
    "pid": 15580,
    "index": 32
  },
  {
    "name": "Load extend/response.js",
    "start": 1535451575999,
    "end": 1535451576014,
    "duration": 15,
    "pid": 15580,
    "index": 33
  },
  {
    "name": "Require(28) node_modules/_egg@2.10.0@egg/app/extend/response.js",
    "start": 1535451576005,
    "end": 1535451576009,
    "duration": 4,
    "pid": 15580,
    "index": 34
  },
  {
    "name": "Load extend/context.js",
    "start": 1535451576014,
    "end": 1535451576143,
    "duration": 129,
    "pid": 15580,
    "index": 35
  },
  {
    "name": "Require(29) node_modules/_egg-security@2.2.3@egg-security/app/extend/context.js",
    "start": 1535451576015,
    "end": 1535451576047,
    "duration": 32,
    "pid": 15580,
    "index": 36
  },
  {
    "name": "Require(30) node_modules/_egg-jsonp@2.0.0@egg-jsonp/app/extend/context.js",
    "start": 1535451576048,
    "end": 1535451576051,
    "duration": 3,
    "pid": 15580,
    "index": 37
  },
  {
    "name": "Require(31) node_modules/_egg-i18n@2.0.0@egg-i18n/app/extend/context.js",
    "start": 1535451576052,
    "end": 1535451576053,
    "duration": 1,
    "pid": 15580,
    "index": 38
  },
  {
    "name": "Require(32) node_modules/_egg-multipart@2.1.0@egg-multipart/app/extend/context.js",
    "start": 1535451576054,
    "end": 1535451576130,
    "duration": 76,
    "pid": 15580,
    "index": 39
  },
  {
    "name": "Require(33) node_modules/_egg-view@2.1.0@egg-view/app/extend/context.js",
    "start": 1535451576132,
    "end": 1535451576133,
    "duration": 1,
    "pid": 15580,
    "index": 40
  },
  {
    "name": "Require(34) node_modules/_egg@2.10.0@egg/app/extend/context.js",
    "start": 1535451576135,
    "end": 1535451576138,
    "duration": 3,
    "pid": 15580,
    "index": 41
  },
  {
    "name": "Load extend/helper.js",
    "start": 1535451576144,
    "end": 1535451576187,
    "duration": 43,
    "pid": 15580,
    "index": 42
  },
  {
    "name": "Require(35) node_modules/_egg-security@2.2.3@egg-security/app/extend/helper.js",
    "start": 1535451576145,
    "end": 1535451576177,
    "duration": 32,
    "pid": 15580,
    "index": 43
  },
  {
    "name": "Require(36) node_modules/_egg@2.10.0@egg/app/extend/helper.js",
    "start": 1535451576181,
    "end": 1535451576181,
    "duration": 0,
    "pid": 15580,
    "index": 44
  },
  {
    "name": "Load app.js",
    "start": 1535451576187,
    "end": 1535451576505,
    "duration": 318,
    "pid": 15580,
    "index": 45
  },
  {
    "name": "Require(37) node_modules/_egg-session@3.1.0@egg-session/app.js",
    "start": 1535451576187,
    "end": 1535451576188,
    "duration": 1,
    "pid": 15580,
    "index": 46
  },
  {
    "name": "Require(38) node_modules/_egg-security@2.2.3@egg-security/app.js",
    "start": 1535451576189,
    "end": 1535451576192,
    "duration": 3,
    "pid": 15580,
    "index": 47
  },
  {
    "name": "Require(39) node_modules/_egg-onerror@2.1.0@egg-onerror/app.js",
    "start": 1535451576194,
    "end": 1535451576213,
    "duration": 19,
    "pid": 15580,
    "index": 48
  },
  {
    "name": "Require(40) node_modules/_egg-i18n@2.0.0@egg-i18n/app.js",
    "start": 1535451576215,
    "end": 1535451576233,
    "duration": 18,
    "pid": 15580,
    "index": 49
  },
  {
    "name": "Require(41) node_modules/_egg-watcher@3.0.0@egg-watcher/app.js",
    "start": 1535451576239,
    "end": 1535451576246,
    "duration": 7,
    "pid": 15580,
    "index": 50
  },
  {
    "name": "Before Start in node_modules/_egg-watcher@3.0.0@egg-watcher/app.js:15:7",
    "start": 1535451576258,
    "end": 1535451576725,
    "duration": 467,
    "pid": 15580,
    "index": 51
  },
  {
    "name": "Require(42) node_modules/_egg-multipart@2.1.0@egg-multipart/app.js",
    "start": 1535451576261,
    "end": 1535451576269,
    "duration": 8,
    "pid": 15580,
    "index": 52
  },
  {
    "name": "Require(43) node_modules/_egg-development@2.4.1@egg-development/app.js",
    "start": 1535451576271,
    "end": 1535451576271,
    "duration": 0,
    "pid": 15580,
    "index": 53
  },
  {
    "name": "Require(44) node_modules/_egg-schedule@3.3.0@egg-schedule/app.js",
    "start": 1535451576272,
    "end": 1535451576276,
    "duration": 4,
    "pid": 15580,
    "index": 54
  },
  {
    "name": "Require(45) node_modules/_egg-logrotator@3.0.3@egg-logrotator/app.js",
    "start": 1535451576339,
    "end": 1535451576340,
    "duration": 1,
    "pid": 15580,
    "index": 55
  },
  {
    "name": "Require(46) node_modules/_egg-static@2.1.1@egg-static/app.js",
    "start": 1535451576340,
    "end": 1535451576341,
    "duration": 1,
    "pid": 15580,
    "index": 56
  },
  {
    "name": "Require(47) node_modules/_egg-view-ejs@2.0.0@egg-view-ejs/app.js",
    "start": 1535451576343,
    "end": 1535451576343,
    "duration": 0,
    "pid": 15580,
    "index": 57
  },
  {
    "name": "Require(48) node_modules/_egg-mysql@3.0.0@egg-mysql/app.js",
    "start": 1535451576351,
    "end": 1535451576383,
    "duration": 32,
    "pid": 15580,
    "index": 58
  },
  {
    "name": "Before Start in node_modules/_egg-mysql@3.0.0@egg-mysql/lib/mysql.js:20:7",
    "start": 1535451576502,
    "end": 1535451576730,
    "duration": 228,
    "pid": 15580,
    "index": 59
  },
  {
    "name": "Load Service",
    "start": 1535451576505,
    "end": 1535451576514,
    "duration": 9,
    "pid": 15580,
    "index": 60
  },
  {
    "name": "Load \"service\" to Context",
    "start": 1535451576505,
    "end": 1535451576514,
    "duration": 9,
    "pid": 15580,
    "index": 61
  },
  {
    "name": "Load Middleware",
    "start": 1535451576514,
    "end": 1535451576671,
    "duration": 157,
    "pid": 15580,
    "index": 62
  },
  {
    "name": "Load \"middlewares\" to Application",
    "start": 1535451576514,
    "end": 1535451576649,
    "duration": 135,
    "pid": 15580,
    "index": 63
  },
  {
    "name": "Load Controller",
    "start": 1535451576672,
    "end": 1535451576677,
    "duration": 5,
    "pid": 15580,
    "index": 64
  },
  {
    "name": "Load \"controller\" to Application",
    "start": 1535451576672,
    "end": 1535451576677,
    "duration": 5,
    "pid": 15580,
    "index": 65
  },
  {
    "name": "Load Router",
    "start": 1535451576677,
    "end": 1535451576681,
    "duration": 4,
    "pid": 15580,
    "index": 66
  },
  {
    "name": "Require(49) app/router.js",
    "start": 1535451576677,
    "end": 1535451576678,
    "duration": 1,
    "pid": 15580,
    "index": 67
  },
  {
    "name": "Before Start in node_modules/_egg-core@4.9.1@egg-core/lib/egg.js:328:10",
    "start": 1535451576679,
    "end": 1535451576704,
    "duration": 25,
    "pid": 15580,
    "index": 68
  }
]