[
  {
    "name": "Application Start",
    "start": 1535453960480,
    "end": 1535453961433,
    "duration": 953,
    "pid": 14204,
    "index": 0
  },
  {
    "name": "Load Plugin",
    "start": 1535453960489,
    "end": 1535453960551,
    "duration": 62,
    "pid": 14204,
    "index": 1
  },
  {
    "name": "Load Config",
    "start": 1535453960551,
    "end": 1535453960596,
    "duration": 45,
    "pid": 14204,
    "index": 2
  },
  {
    "name": "Require(0) config/config.default.js",
    "start": 1535453960553,
    "end": 1535453960553,
    "duration": 0,
    "pid": 14204,
    "index": 3
  },
  {
    "name": "Require(1) node_modules/_egg-session@3.1.0@egg-session/config/config.default.js",
    "start": 1535453960558,
    "end": 1535453960558,
    "duration": 0,
    "pid": 14204,
    "index": 4
  },
  {
    "name": "Require(2) node_modules/_egg-security@2.2.3@egg-security/config/config.default.js",
    "start": 1535453960559,
    "end": 1535453960560,
    "duration": 1,
    "pid": 14204,
    "index": 5
  },
  {
    "name": "Require(3) node_modules/_egg-jsonp@2.0.0@egg-jsonp/config/config.default.js",
    "start": 1535453960561,
    "end": 1535453960562,
    "duration": 1,
    "pid": 14204,
    "index": 6
  },
  {
    "name": "Require(4) node_modules/_egg-onerror@2.1.0@egg-onerror/config/config.default.js",
    "start": 1535453960562,
    "end": 1535453960563,
    "duration": 1,
    "pid": 14204,
    "index": 7
  },
  {
    "name": "Require(5) node_modules/_egg-i18n@2.0.0@egg-i18n/config/config.default.js",
    "start": 1535453960564,
    "end": 1535453960564,
    "duration": 0,
    "pid": 14204,
    "index": 8
  },
  {
    "name": "Require(6) node_modules/_egg-watcher@3.0.0@egg-watcher/config/config.default.js",
    "start": 1535453960566,
    "end": 1535453960567,
    "duration": 1,
    "pid": 14204,
    "index": 9
  },
  {
    "name": "Require(7) node_modules/_egg-multipart@2.1.0@egg-multipart/config/config.default.js",
    "start": 1535453960567,
    "end": 1535453960568,
    "duration": 1,
    "pid": 14204,
    "index": 10
  },
  {
    "name": "Require(8) node_modules/_egg-development@2.4.1@egg-development/config/config.default.js",
    "start": 1535453960569,
    "end": 1535453960570,
    "duration": 1,
    "pid": 14204,
    "index": 11
  },
  {
    "name": "Require(9) node_modules/_egg-schedule@3.3.0@egg-schedule/config/config.default.js",
    "start": 1535453960570,
    "end": 1535453960571,
    "duration": 1,
    "pid": 14204,
    "index": 12
  },
  {
    "name": "Require(10) node_modules/_egg-logrotator@3.0.3@egg-logrotator/config/config.default.js",
    "start": 1535453960572,
    "end": 1535453960572,
    "duration": 0,
    "pid": 14204,
    "index": 13
  },
  {
    "name": "Require(11) node_modules/_egg-static@2.1.1@egg-static/config/config.default.js",
    "start": 1535453960573,
    "end": 1535453960573,
    "duration": 0,
    "pid": 14204,
    "index": 14
  },
  {
    "name": "Require(12) node_modules/_egg-view@2.1.0@egg-view/config/config.default.js",
    "start": 1535453960574,
    "end": 1535453960574,
    "duration": 0,
    "pid": 14204,
    "index": 15
  },
  {
    "name": "Require(13) node_modules/_egg-view-ejs@2.0.0@egg-view-ejs/config/config.default.js",
    "start": 1535453960576,
    "end": 1535453960577,
    "duration": 1,
    "pid": 14204,
    "index": 16
  },
  {
    "name": "Require(14) node_modules/_egg-mysql@3.0.0@egg-mysql/config/config.default.js",
    "start": 1535453960578,
    "end": 1535453960579,
    "duration": 1,
    "pid": 14204,
    "index": 17
  },
  {
    "name": "Require(15) node_modules/_egg@2.10.0@egg/config/config.default.js",
    "start": 1535453960580,
    "end": 1535453960581,
    "duration": 1,
    "pid": 14204,
    "index": 18
  },
  {
    "name": "Require(16) config/config.default.js",
    "start": 1535453960584,
    "end": 1535453960584,
    "duration": 0,
    "pid": 14204,
    "index": 19
  },
  {
    "name": "Require(17) node_modules/_egg-security@2.2.3@egg-security/config/config.local.js",
    "start": 1535453960585,
    "end": 1535453960586,
    "duration": 1,
    "pid": 14204,
    "index": 20
  },
  {
    "name": "Require(18) node_modules/_egg-watcher@3.0.0@egg-watcher/config/config.local.js",
    "start": 1535453960588,
    "end": 1535453960588,
    "duration": 0,
    "pid": 14204,
    "index": 21
  },
  {
    "name": "Require(19) node_modules/_egg-view@2.1.0@egg-view/config/config.local.js",
    "start": 1535453960591,
    "end": 1535453960592,
    "duration": 1,
    "pid": 14204,
    "index": 22
  },
  {
    "name": "Require(20) node_modules/_egg-view-ejs@2.0.0@egg-view-ejs/config/config.local.js",
    "start": 1535453960592,
    "end": 1535453960594,
    "duration": 2,
    "pid": 14204,
    "index": 23
  },
  {
    "name": "Require(21) node_modules/_egg@2.10.0@egg/config/config.local.js",
    "start": 1535453960595,
    "end": 1535453960596,
    "duration": 1,
    "pid": 14204,
    "index": 24
  },
  {
    "name": "Load extend/application.js",
    "start": 1535453960599,
    "end": 1535453960635,
    "duration": 36,
    "pid": 14204,
    "index": 25
  },
  {
    "name": "Require(22) node_modules/_egg-session@3.1.0@egg-session/app/extend/application.js",
    "start": 1535453960600,
    "end": 1535453960602,
    "duration": 2,
    "pid": 14204,
    "index": 26
  },
  {
    "name": "Require(23) node_modules/_egg-security@2.2.3@egg-security/app/extend/application.js",
    "start": 1535453960602,
    "end": 1535453960606,
    "duration": 4,
    "pid": 14204,
    "index": 27
  },
  {
    "name": "Require(24) node_modules/_egg-jsonp@2.0.0@egg-jsonp/app/extend/application.js",
    "start": 1535453960607,
    "end": 1535453960611,
    "duration": 4,
    "pid": 14204,
    "index": 28
  },
  {
    "name": "Require(25) node_modules/_egg-logrotator@3.0.3@egg-logrotator/app/extend/application.js",
    "start": 1535453960615,
    "end": 1535453960621,
    "duration": 6,
    "pid": 14204,
    "index": 29
  },
  {
    "name": "Require(26) node_modules/_egg-view@2.1.0@egg-view/app/extend/application.js",
    "start": 1535453960622,
    "end": 1535453960627,
    "duration": 5,
    "pid": 14204,
    "index": 30
  },
  {
    "name": "Load extend/request.js",
    "start": 1535453960635,
    "end": 1535453960653,
    "duration": 18,
    "pid": 14204,
    "index": 31
  },
  {
    "name": "Require(27) node_modules/_egg@2.10.0@egg/app/extend/request.js",
    "start": 1535453960641,
    "end": 1535453960646,
    "duration": 5,
    "pid": 14204,
    "index": 32
  },
  {
    "name": "Load extend/response.js",
    "start": 1535453960653,
    "end": 1535453960674,
    "duration": 21,
    "pid": 14204,
    "index": 33
  },
  {
    "name": "Require(28) node_modules/_egg@2.10.0@egg/app/extend/response.js",
    "start": 1535453960659,
    "end": 1535453960667,
    "duration": 8,
    "pid": 14204,
    "index": 34
  },
  {
    "name": "Load extend/context.js",
    "start": 1535453960674,
    "end": 1535453960807,
    "duration": 133,
    "pid": 14204,
    "index": 35
  },
  {
    "name": "Require(29) node_modules/_egg-security@2.2.3@egg-security/app/extend/context.js",
    "start": 1535453960675,
    "end": 1535453960708,
    "duration": 33,
    "pid": 14204,
    "index": 36
  },
  {
    "name": "Require(30) node_modules/_egg-jsonp@2.0.0@egg-jsonp/app/extend/context.js",
    "start": 1535453960708,
    "end": 1535453960712,
    "duration": 4,
    "pid": 14204,
    "index": 37
  },
  {
    "name": "Require(31) node_modules/_egg-i18n@2.0.0@egg-i18n/app/extend/context.js",
    "start": 1535453960713,
    "end": 1535453960714,
    "duration": 1,
    "pid": 14204,
    "index": 38
  },
  {
    "name": "Require(32) node_modules/_egg-multipart@2.1.0@egg-multipart/app/extend/context.js",
    "start": 1535453960715,
    "end": 1535453960794,
    "duration": 79,
    "pid": 14204,
    "index": 39
  },
  {
    "name": "Require(33) node_modules/_egg-view@2.1.0@egg-view/app/extend/context.js",
    "start": 1535453960796,
    "end": 1535453960798,
    "duration": 2,
    "pid": 14204,
    "index": 40
  },
  {
    "name": "Require(34) node_modules/_egg@2.10.0@egg/app/extend/context.js",
    "start": 1535453960799,
    "end": 1535453960802,
    "duration": 3,
    "pid": 14204,
    "index": 41
  },
  {
    "name": "Load extend/helper.js",
    "start": 1535453960807,
    "end": 1535453960850,
    "duration": 43,
    "pid": 14204,
    "index": 42
  },
  {
    "name": "Require(35) node_modules/_egg-security@2.2.3@egg-security/app/extend/helper.js",
    "start": 1535453960808,
    "end": 1535453960838,
    "duration": 30,
    "pid": 14204,
    "index": 43
  },
  {
    "name": "Require(36) node_modules/_egg@2.10.0@egg/app/extend/helper.js",
    "start": 1535453960843,
    "end": 1535453960844,
    "duration": 1,
    "pid": 14204,
    "index": 44
  },
  {
    "name": "Load app.js",
    "start": 1535453960850,
    "end": 1535453961189,
    "duration": 339,
    "pid": 14204,
    "index": 45
  },
  {
    "name": "Require(37) node_modules/_egg-session@3.1.0@egg-session/app.js",
    "start": 1535453960851,
    "end": 1535453960851,
    "duration": 0,
    "pid": 14204,
    "index": 46
  },
  {
    "name": "Require(38) node_modules/_egg-security@2.2.3@egg-security/app.js",
    "start": 1535453960852,
    "end": 1535453960856,
    "duration": 4,
    "pid": 14204,
    "index": 47
  },
  {
    "name": "Require(39) node_modules/_egg-onerror@2.1.0@egg-onerror/app.js",
    "start": 1535453960858,
    "end": 1535453960875,
    "duration": 17,
    "pid": 14204,
    "index": 48
  },
  {
    "name": "Require(40) node_modules/_egg-i18n@2.0.0@egg-i18n/app.js",
    "start": 1535453960877,
    "end": 1535453960892,
    "duration": 15,
    "pid": 14204,
    "index": 49
  },
  {
    "name": "Require(41) node_modules/_egg-watcher@3.0.0@egg-watcher/app.js",
    "start": 1535453960902,
    "end": 1535453960910,
    "duration": 8,
    "pid": 14204,
    "index": 50
  },
  {
    "name": "Before Start in node_modules/_egg-watcher@3.0.0@egg-watcher/app.js:15:7",
    "start": 1535453960927,
    "end": 1535453961428,
    "duration": 501,
    "pid": 14204,
    "index": 51
  },
  {
    "name": "Require(42) node_modules/_egg-multipart@2.1.0@egg-multipart/app.js",
    "start": 1535453960929,
    "end": 1535453960936,
    "duration": 7,
    "pid": 14204,
    "index": 52
  },
  {
    "name": "Require(43) node_modules/_egg-development@2.4.1@egg-development/app.js",
    "start": 1535453960937,
    "end": 1535453960937,
    "duration": 0,
    "pid": 14204,
    "index": 53
  },
  {
    "name": "Require(44) node_modules/_egg-schedule@3.3.0@egg-schedule/app.js",
    "start": 1535453960938,
    "end": 1535453960941,
    "duration": 3,
    "pid": 14204,
    "index": 54
  },
  {
    "name": "Require(45) node_modules/_egg-logrotator@3.0.3@egg-logrotator/app.js",
    "start": 1535453961004,
    "end": 1535453961005,
    "duration": 1,
    "pid": 14204,
    "index": 55
  },
  {
    "name": "Require(46) node_modules/_egg-static@2.1.1@egg-static/app.js",
    "start": 1535453961006,
    "end": 1535453961006,
    "duration": 0,
    "pid": 14204,
    "index": 56
  },
  {
    "name": "Require(47) node_modules/_egg-view-ejs@2.0.0@egg-view-ejs/app.js",
    "start": 1535453961007,
    "end": 1535453961008,
    "duration": 1,
    "pid": 14204,
    "index": 57
  },
  {
    "name": "Require(48) node_modules/_egg-mysql@3.0.0@egg-mysql/app.js",
    "start": 1535453961018,
    "end": 1535453961048,
    "duration": 30,
    "pid": 14204,
    "index": 58
  },
  {
    "name": "Before Start in node_modules/_egg-mysql@3.0.0@egg-mysql/lib/mysql.js:20:7",
    "start": 1535453961187,
    "end": 1535453961433,
    "duration": 246,
    "pid": 14204,
    "index": 59
  },
  {
    "name": "Load Service",
    "start": 1535453961189,
    "end": 1535453961197,
    "duration": 8,
    "pid": 14204,
    "index": 60
  },
  {
    "name": "Load \"service\" to Context",
    "start": 1535453961189,
    "end": 1535453961197,
    "duration": 8,
    "pid": 14204,
    "index": 61
  },
  {
    "name": "Load Middleware",
    "start": 1535453961198,
    "end": 1535453961372,
    "duration": 174,
    "pid": 14204,
    "index": 62
  },
  {
    "name": "Load \"middlewares\" to Application",
    "start": 1535453961198,
    "end": 1535453961351,
    "duration": 153,
    "pid": 14204,
    "index": 63
  },
  {
    "name": "Load Controller",
    "start": 1535453961373,
    "end": 1535453961377,
    "duration": 4,
    "pid": 14204,
    "index": 64
  },
  {
    "name": "Load \"controller\" to Application",
    "start": 1535453961373,
    "end": 1535453961377,
    "duration": 4,
    "pid": 14204,
    "index": 65
  },
  {
    "name": "Load Router",
    "start": 1535453961377,
    "end": 1535453961380,
    "duration": 3,
    "pid": 14204,
    "index": 66
  },
  {
    "name": "Require(49) app/router.js",
    "start": 1535453961377,
    "end": 1535453961378,
    "duration": 1,
    "pid": 14204,
    "index": 67
  },
  {
    "name": "Before Start in node_modules/_egg-core@4.9.1@egg-core/lib/egg.js:328:10",
    "start": 1535453961378,
    "end": 1535453961405,
    "duration": 27,
    "pid": 14204,
    "index": 68
  }
]