[
  {
    "name": "Application Start",
    "start": 1535468580849,
    "end": 1535468581626,
    "duration": 777,
    "pid": 17268,
    "index": 0
  },
  {
    "name": "Load Plugin",
    "start": 1535468580859,
    "end": 1535468580896,
    "duration": 37,
    "pid": 17268,
    "index": 1
  },
  {
    "name": "Load Config",
    "start": 1535468580896,
    "end": 1535468580935,
    "duration": 39,
    "pid": 17268,
    "index": 2
  },
  {
    "name": "Require(0) config/config.default.js",
    "start": 1535468580897,
    "end": 1535468580898,
    "duration": 1,
    "pid": 17268,
    "index": 3
  },
  {
    "name": "Require(1) node_modules/_egg-session@3.1.0@egg-session/config/config.default.js",
    "start": 1535468580902,
    "end": 1535468580902,
    "duration": 0,
    "pid": 17268,
    "index": 4
  },
  {
    "name": "Require(2) node_modules/_egg-security@2.2.3@egg-security/config/config.default.js",
    "start": 1535468580903,
    "end": 1535468580904,
    "duration": 1,
    "pid": 17268,
    "index": 5
  },
  {
    "name": "Require(3) node_modules/_egg-jsonp@2.0.0@egg-jsonp/config/config.default.js",
    "start": 1535468580906,
    "end": 1535468580907,
    "duration": 1,
    "pid": 17268,
    "index": 6
  },
  {
    "name": "Require(4) node_modules/_egg-onerror@2.1.0@egg-onerror/config/config.default.js",
    "start": 1535468580908,
    "end": 1535468580908,
    "duration": 0,
    "pid": 17268,
    "index": 7
  },
  {
    "name": "Require(5) node_modules/_egg-i18n@2.0.0@egg-i18n/config/config.default.js",
    "start": 1535468580909,
    "end": 1535468580909,
    "duration": 0,
    "pid": 17268,
    "index": 8
  },
  {
    "name": "Require(6) node_modules/_egg-watcher@3.0.0@egg-watcher/config/config.default.js",
    "start": 1535468580910,
    "end": 1535468580910,
    "duration": 0,
    "pid": 17268,
    "index": 9
  },
  {
    "name": "Require(7) node_modules/_egg-multipart@2.1.0@egg-multipart/config/config.default.js",
    "start": 1535468580911,
    "end": 1535468580912,
    "duration": 1,
    "pid": 17268,
    "index": 10
  },
  {
    "name": "Require(8) node_modules/_egg-development@2.4.1@egg-development/config/config.default.js",
    "start": 1535468580913,
    "end": 1535468580913,
    "duration": 0,
    "pid": 17268,
    "index": 11
  },
  {
    "name": "Require(9) node_modules/_egg-schedule@3.3.0@egg-schedule/config/config.default.js",
    "start": 1535468580914,
    "end": 1535468580914,
    "duration": 0,
    "pid": 17268,
    "index": 12
  },
  {
    "name": "Require(10) node_modules/_egg-logrotator@3.0.3@egg-logrotator/config/config.default.js",
    "start": 1535468580915,
    "end": 1535468580916,
    "duration": 1,
    "pid": 17268,
    "index": 13
  },
  {
    "name": "Require(11) node_modules/_egg-static@2.1.1@egg-static/config/config.default.js",
    "start": 1535468580918,
    "end": 1535468580918,
    "duration": 0,
    "pid": 17268,
    "index": 14
  },
  {
    "name": "Require(12) node_modules/_egg-view@2.1.0@egg-view/config/config.default.js",
    "start": 1535468580919,
    "end": 1535468580920,
    "duration": 1,
    "pid": 17268,
    "index": 15
  },
  {
    "name": "Require(13) node_modules/_egg-view-ejs@2.0.0@egg-view-ejs/config/config.default.js",
    "start": 1535468580921,
    "end": 1535468580921,
    "duration": 0,
    "pid": 17268,
    "index": 16
  },
  {
    "name": "Require(14) node_modules/_egg-mysql@3.0.0@egg-mysql/config/config.default.js",
    "start": 1535468580923,
    "end": 1535468580923,
    "duration": 0,
    "pid": 17268,
    "index": 17
  },
  {
    "name": "Require(15) node_modules/_egg@2.10.0@egg/config/config.default.js",
    "start": 1535468580924,
    "end": 1535468580925,
    "duration": 1,
    "pid": 17268,
    "index": 18
  },
  {
    "name": "Require(16) config/config.default.js",
    "start": 1535468580927,
    "end": 1535468580927,
    "duration": 0,
    "pid": 17268,
    "index": 19
  },
  {
    "name": "Require(17) node_modules/_egg-security@2.2.3@egg-security/config/config.local.js",
    "start": 1535468580928,
    "end": 1535468580928,
    "duration": 0,
    "pid": 17268,
    "index": 20
  },
  {
    "name": "Require(18) node_modules/_egg-watcher@3.0.0@egg-watcher/config/config.local.js",
    "start": 1535468580929,
    "end": 1535468580930,
    "duration": 1,
    "pid": 17268,
    "index": 21
  },
  {
    "name": "Require(19) node_modules/_egg-view@2.1.0@egg-view/config/config.local.js",
    "start": 1535468580932,
    "end": 1535468580932,
    "duration": 0,
    "pid": 17268,
    "index": 22
  },
  {
    "name": "Require(20) node_modules/_egg-view-ejs@2.0.0@egg-view-ejs/config/config.local.js",
    "start": 1535468580933,
    "end": 1535468580933,
    "duration": 0,
    "pid": 17268,
    "index": 23
  },
  {
    "name": "Require(21) node_modules/_egg@2.10.0@egg/config/config.local.js",
    "start": 1535468580934,
    "end": 1535468580935,
    "duration": 1,
    "pid": 17268,
    "index": 24
  },
  {
    "name": "Load extend/application.js",
    "start": 1535468580937,
    "end": 1535468580965,
    "duration": 28,
    "pid": 17268,
    "index": 25
  },
  {
    "name": "Require(22) node_modules/_egg-session@3.1.0@egg-session/app/extend/application.js",
    "start": 1535468580938,
    "end": 1535468580939,
    "duration": 1,
    "pid": 17268,
    "index": 26
  },
  {
    "name": "Require(23) node_modules/_egg-security@2.2.3@egg-security/app/extend/application.js",
    "start": 1535468580940,
    "end": 1535468580941,
    "duration": 1,
    "pid": 17268,
    "index": 27
  },
  {
    "name": "Require(24) node_modules/_egg-jsonp@2.0.0@egg-jsonp/app/extend/application.js",
    "start": 1535468580942,
    "end": 1535468580945,
    "duration": 3,
    "pid": 17268,
    "index": 28
  },
  {
    "name": "Require(25) node_modules/_egg-logrotator@3.0.3@egg-logrotator/app/extend/application.js",
    "start": 1535468580950,
    "end": 1535468580955,
    "duration": 5,
    "pid": 17268,
    "index": 29
  },
  {
    "name": "Require(26) node_modules/_egg-view@2.1.0@egg-view/app/extend/application.js",
    "start": 1535468580956,
    "end": 1535468580960,
    "duration": 4,
    "pid": 17268,
    "index": 30
  },
  {
    "name": "Load extend/request.js",
    "start": 1535468580965,
    "end": 1535468580980,
    "duration": 15,
    "pid": 17268,
    "index": 31
  },
  {
    "name": "Require(27) node_modules/_egg@2.10.0@egg/app/extend/request.js",
    "start": 1535468580973,
    "end": 1535468580976,
    "duration": 3,
    "pid": 17268,
    "index": 32
  },
  {
    "name": "Load extend/response.js",
    "start": 1535468580980,
    "end": 1535468580993,
    "duration": 13,
    "pid": 17268,
    "index": 33
  },
  {
    "name": "Require(28) node_modules/_egg@2.10.0@egg/app/extend/response.js",
    "start": 1535468580986,
    "end": 1535468580989,
    "duration": 3,
    "pid": 17268,
    "index": 34
  },
  {
    "name": "Load extend/context.js",
    "start": 1535468580993,
    "end": 1535468581087,
    "duration": 94,
    "pid": 17268,
    "index": 35
  },
  {
    "name": "Require(29) node_modules/_egg-security@2.2.3@egg-security/app/extend/context.js",
    "start": 1535468580995,
    "end": 1535468581016,
    "duration": 21,
    "pid": 17268,
    "index": 36
  },
  {
    "name": "Require(30) node_modules/_egg-jsonp@2.0.0@egg-jsonp/app/extend/context.js",
    "start": 1535468581016,
    "end": 1535468581019,
    "duration": 3,
    "pid": 17268,
    "index": 37
  },
  {
    "name": "Require(31) node_modules/_egg-i18n@2.0.0@egg-i18n/app/extend/context.js",
    "start": 1535468581019,
    "end": 1535468581020,
    "duration": 1,
    "pid": 17268,
    "index": 38
  },
  {
    "name": "Require(32) node_modules/_egg-multipart@2.1.0@egg-multipart/app/extend/context.js",
    "start": 1535468581020,
    "end": 1535468581077,
    "duration": 57,
    "pid": 17268,
    "index": 39
  },
  {
    "name": "Require(33) node_modules/_egg-view@2.1.0@egg-view/app/extend/context.js",
    "start": 1535468581079,
    "end": 1535468581080,
    "duration": 1,
    "pid": 17268,
    "index": 40
  },
  {
    "name": "Require(34) node_modules/_egg@2.10.0@egg/app/extend/context.js",
    "start": 1535468581081,
    "end": 1535468581083,
    "duration": 2,
    "pid": 17268,
    "index": 41
  },
  {
    "name": "Load extend/helper.js",
    "start": 1535468581087,
    "end": 1535468581123,
    "duration": 36,
    "pid": 17268,
    "index": 42
  },
  {
    "name": "Require(35) node_modules/_egg-security@2.2.3@egg-security/app/extend/helper.js",
    "start": 1535468581088,
    "end": 1535468581115,
    "duration": 27,
    "pid": 17268,
    "index": 43
  },
  {
    "name": "Require(36) node_modules/_egg@2.10.0@egg/app/extend/helper.js",
    "start": 1535468581118,
    "end": 1535468581119,
    "duration": 1,
    "pid": 17268,
    "index": 44
  },
  {
    "name": "Load app.js",
    "start": 1535468581123,
    "end": 1535468581422,
    "duration": 299,
    "pid": 17268,
    "index": 45
  },
  {
    "name": "Require(37) node_modules/_egg-session@3.1.0@egg-session/app.js",
    "start": 1535468581123,
    "end": 1535468581124,
    "duration": 1,
    "pid": 17268,
    "index": 46
  },
  {
    "name": "Require(38) node_modules/_egg-security@2.2.3@egg-security/app.js",
    "start": 1535468581125,
    "end": 1535468581128,
    "duration": 3,
    "pid": 17268,
    "index": 47
  },
  {
    "name": "Require(39) node_modules/_egg-onerror@2.1.0@egg-onerror/app.js",
    "start": 1535468581130,
    "end": 1535468581144,
    "duration": 14,
    "pid": 17268,
    "index": 48
  },
  {
    "name": "Require(40) node_modules/_egg-i18n@2.0.0@egg-i18n/app.js",
    "start": 1535468581146,
    "end": 1535468581158,
    "duration": 12,
    "pid": 17268,
    "index": 49
  },
  {
    "name": "Require(41) node_modules/_egg-watcher@3.0.0@egg-watcher/app.js",
    "start": 1535468581163,
    "end": 1535468581170,
    "duration": 7,
    "pid": 17268,
    "index": 50
  },
  {
    "name": "Before Start in node_modules/_egg-watcher@3.0.0@egg-watcher/app.js:15:7",
    "start": 1535468581182,
    "end": 1535468581622,
    "duration": 440,
    "pid": 17268,
    "index": 51
  },
  {
    "name": "Require(42) node_modules/_egg-multipart@2.1.0@egg-multipart/app.js",
    "start": 1535468581183,
    "end": 1535468581188,
    "duration": 5,
    "pid": 17268,
    "index": 52
  },
  {
    "name": "Require(43) node_modules/_egg-development@2.4.1@egg-development/app.js",
    "start": 1535468581190,
    "end": 1535468581190,
    "duration": 0,
    "pid": 17268,
    "index": 53
  },
  {
    "name": "Require(44) node_modules/_egg-schedule@3.3.0@egg-schedule/app.js",
    "start": 1535468581191,
    "end": 1535468581194,
    "duration": 3,
    "pid": 17268,
    "index": 54
  },
  {
    "name": "Require(45) node_modules/_egg-logrotator@3.0.3@egg-logrotator/app.js",
    "start": 1535468581251,
    "end": 1535468581251,
    "duration": 0,
    "pid": 17268,
    "index": 55
  },
  {
    "name": "Require(46) node_modules/_egg-static@2.1.1@egg-static/app.js",
    "start": 1535468581252,
    "end": 1535468581253,
    "duration": 1,
    "pid": 17268,
    "index": 56
  },
  {
    "name": "Require(47) node_modules/_egg-view-ejs@2.0.0@egg-view-ejs/app.js",
    "start": 1535468581254,
    "end": 1535468581255,
    "duration": 1,
    "pid": 17268,
    "index": 57
  },
  {
    "name": "Require(48) node_modules/_egg-mysql@3.0.0@egg-mysql/app.js",
    "start": 1535468581262,
    "end": 1535468581293,
    "duration": 31,
    "pid": 17268,
    "index": 58
  },
  {
    "name": "Before Start in node_modules/_egg-mysql@3.0.0@egg-mysql/lib/mysql.js:20:7",
    "start": 1535468581420,
    "end": 1535468581626,
    "duration": 206,
    "pid": 17268,
    "index": 59
  },
  {
    "name": "Load Service",
    "start": 1535468581422,
    "end": 1535468581430,
    "duration": 8,
    "pid": 17268,
    "index": 60
  },
  {
    "name": "Load \"service\" to Context",
    "start": 1535468581423,
    "end": 1535468581430,
    "duration": 7,
    "pid": 17268,
    "index": 61
  },
  {
    "name": "Load Middleware",
    "start": 1535468581430,
    "end": 1535468581578,
    "duration": 148,
    "pid": 17268,
    "index": 62
  },
  {
    "name": "Load \"middlewares\" to Application",
    "start": 1535468581430,
    "end": 1535468581560,
    "duration": 130,
    "pid": 17268,
    "index": 63
  },
  {
    "name": "Load Controller",
    "start": 1535468581578,
    "end": 1535468581581,
    "duration": 3,
    "pid": 17268,
    "index": 64
  },
  {
    "name": "Load \"controller\" to Application",
    "start": 1535468581578,
    "end": 1535468581581,
    "duration": 3,
    "pid": 17268,
    "index": 65
  },
  {
    "name": "Load Router",
    "start": 1535468581581,
    "end": 1535468581584,
    "duration": 3,
    "pid": 17268,
    "index": 66
  },
  {
    "name": "Require(49) app/router.js",
    "start": 1535468581582,
    "end": 1535468581582,
    "duration": 0,
    "pid": 17268,
    "index": 67
  },
  {
    "name": "Before Start in node_modules/_egg-core@4.9.1@egg-core/lib/egg.js:328:10",
    "start": 1535468581582,
    "end": 1535468581605,
    "duration": 23,
    "pid": 17268,
    "index": 68
  }
]