[
  {
    "name": "Application Start",
    "start": 1535451862989,
    "end": 1535451863977,
    "duration": 988,
    "pid": 2868,
    "index": 0
  },
  {
    "name": "Load Plugin",
    "start": 1535451862997,
    "end": 1535451863047,
    "duration": 50,
    "pid": 2868,
    "index": 1
  },
  {
    "name": "Load Config",
    "start": 1535451863047,
    "end": 1535451863109,
    "duration": 62,
    "pid": 2868,
    "index": 2
  },
  {
    "name": "Require(0) config/config.default.js",
    "start": 1535451863052,
    "end": 1535451863052,
    "duration": 0,
    "pid": 2868,
    "index": 3
  },
  {
    "name": "Require(1) node_modules/_egg-session@3.1.0@egg-session/config/config.default.js",
    "start": 1535451863058,
    "end": 1535451863059,
    "duration": 1,
    "pid": 2868,
    "index": 4
  },
  {
    "name": "Require(2) node_modules/_egg-security@2.2.3@egg-security/config/config.default.js",
    "start": 1535451863061,
    "end": 1535451863062,
    "duration": 1,
    "pid": 2868,
    "index": 5
  },
  {
    "name": "Require(3) node_modules/_egg-jsonp@2.0.0@egg-jsonp/config/config.default.js",
    "start": 1535451863064,
    "end": 1535451863065,
    "duration": 1,
    "pid": 2868,
    "index": 6
  },
  {
    "name": "Require(4) node_modules/_egg-onerror@2.1.0@egg-onerror/config/config.default.js",
    "start": 1535451863066,
    "end": 1535451863067,
    "duration": 1,
    "pid": 2868,
    "index": 7
  },
  {
    "name": "Require(5) node_modules/_egg-i18n@2.0.0@egg-i18n/config/config.default.js",
    "start": 1535451863069,
    "end": 1535451863070,
    "duration": 1,
    "pid": 2868,
    "index": 8
  },
  {
    "name": "Require(6) node_modules/_egg-watcher@3.0.0@egg-watcher/config/config.default.js",
    "start": 1535451863074,
    "end": 1535451863075,
    "duration": 1,
    "pid": 2868,
    "index": 9
  },
  {
    "name": "Require(7) node_modules/_egg-multipart@2.1.0@egg-multipart/config/config.default.js",
    "start": 1535451863076,
    "end": 1535451863077,
    "duration": 1,
    "pid": 2868,
    "index": 10
  },
  {
    "name": "Require(8) node_modules/_egg-development@2.4.1@egg-development/config/config.default.js",
    "start": 1535451863078,
    "end": 1535451863078,
    "duration": 0,
    "pid": 2868,
    "index": 11
  },
  {
    "name": "Require(9) node_modules/_egg-schedule@3.3.0@egg-schedule/config/config.default.js",
    "start": 1535451863079,
    "end": 1535451863080,
    "duration": 1,
    "pid": 2868,
    "index": 12
  },
  {
    "name": "Require(10) node_modules/_egg-logrotator@3.0.3@egg-logrotator/config/config.default.js",
    "start": 1535451863081,
    "end": 1535451863082,
    "duration": 1,
    "pid": 2868,
    "index": 13
  },
  {
    "name": "Require(11) node_modules/_egg-static@2.1.1@egg-static/config/config.default.js",
    "start": 1535451863082,
    "end": 1535451863083,
    "duration": 1,
    "pid": 2868,
    "index": 14
  },
  {
    "name": "Require(12) node_modules/_egg-view@2.1.0@egg-view/config/config.default.js",
    "start": 1535451863084,
    "end": 1535451863084,
    "duration": 0,
    "pid": 2868,
    "index": 15
  },
  {
    "name": "Require(13) node_modules/_egg-view-ejs@2.0.0@egg-view-ejs/config/config.default.js",
    "start": 1535451863085,
    "end": 1535451863086,
    "duration": 1,
    "pid": 2868,
    "index": 16
  },
  {
    "name": "Require(14) node_modules/_egg-mysql@3.0.0@egg-mysql/config/config.default.js",
    "start": 1535451863087,
    "end": 1535451863087,
    "duration": 0,
    "pid": 2868,
    "index": 17
  },
  {
    "name": "Require(15) node_modules/_egg@2.10.0@egg/config/config.default.js",
    "start": 1535451863089,
    "end": 1535451863090,
    "duration": 1,
    "pid": 2868,
    "index": 18
  },
  {
    "name": "Require(16) config/config.default.js",
    "start": 1535451863098,
    "end": 1535451863098,
    "duration": 0,
    "pid": 2868,
    "index": 19
  },
  {
    "name": "Require(17) node_modules/_egg-security@2.2.3@egg-security/config/config.local.js",
    "start": 1535451863099,
    "end": 1535451863100,
    "duration": 1,
    "pid": 2868,
    "index": 20
  },
  {
    "name": "Require(18) node_modules/_egg-watcher@3.0.0@egg-watcher/config/config.local.js",
    "start": 1535451863101,
    "end": 1535451863102,
    "duration": 1,
    "pid": 2868,
    "index": 21
  },
  {
    "name": "Require(19) node_modules/_egg-view@2.1.0@egg-view/config/config.local.js",
    "start": 1535451863105,
    "end": 1535451863105,
    "duration": 0,
    "pid": 2868,
    "index": 22
  },
  {
    "name": "Require(20) node_modules/_egg-view-ejs@2.0.0@egg-view-ejs/config/config.local.js",
    "start": 1535451863107,
    "end": 1535451863107,
    "duration": 0,
    "pid": 2868,
    "index": 23
  },
  {
    "name": "Require(21) node_modules/_egg@2.10.0@egg/config/config.local.js",
    "start": 1535451863108,
    "end": 1535451863108,
    "duration": 0,
    "pid": 2868,
    "index": 24
  },
  {
    "name": "Load extend/application.js",
    "start": 1535451863110,
    "end": 1535451863137,
    "duration": 27,
    "pid": 2868,
    "index": 25
  },
  {
    "name": "Require(22) node_modules/_egg-session@3.1.0@egg-session/app/extend/application.js",
    "start": 1535451863111,
    "end": 1535451863112,
    "duration": 1,
    "pid": 2868,
    "index": 26
  },
  {
    "name": "Require(23) node_modules/_egg-security@2.2.3@egg-security/app/extend/application.js",
    "start": 1535451863113,
    "end": 1535451863115,
    "duration": 2,
    "pid": 2868,
    "index": 27
  },
  {
    "name": "Require(24) node_modules/_egg-jsonp@2.0.0@egg-jsonp/app/extend/application.js",
    "start": 1535451863115,
    "end": 1535451863118,
    "duration": 3,
    "pid": 2868,
    "index": 28
  },
  {
    "name": "Require(25) node_modules/_egg-logrotator@3.0.3@egg-logrotator/app/extend/application.js",
    "start": 1535451863120,
    "end": 1535451863125,
    "duration": 5,
    "pid": 2868,
    "index": 29
  },
  {
    "name": "Require(26) node_modules/_egg-view@2.1.0@egg-view/app/extend/application.js",
    "start": 1535451863125,
    "end": 1535451863130,
    "duration": 5,
    "pid": 2868,
    "index": 30
  },
  {
    "name": "Load extend/request.js",
    "start": 1535451863137,
    "end": 1535451863152,
    "duration": 15,
    "pid": 2868,
    "index": 31
  },
  {
    "name": "Require(27) node_modules/_egg@2.10.0@egg/app/extend/request.js",
    "start": 1535451863144,
    "end": 1535451863147,
    "duration": 3,
    "pid": 2868,
    "index": 32
  },
  {
    "name": "Load extend/response.js",
    "start": 1535451863152,
    "end": 1535451863168,
    "duration": 16,
    "pid": 2868,
    "index": 33
  },
  {
    "name": "Require(28) node_modules/_egg@2.10.0@egg/app/extend/response.js",
    "start": 1535451863157,
    "end": 1535451863161,
    "duration": 4,
    "pid": 2868,
    "index": 34
  },
  {
    "name": "Load extend/context.js",
    "start": 1535451863168,
    "end": 1535451863319,
    "duration": 151,
    "pid": 2868,
    "index": 35
  },
  {
    "name": "Require(29) node_modules/_egg-security@2.2.3@egg-security/app/extend/context.js",
    "start": 1535451863169,
    "end": 1535451863204,
    "duration": 35,
    "pid": 2868,
    "index": 36
  },
  {
    "name": "Require(30) node_modules/_egg-jsonp@2.0.0@egg-jsonp/app/extend/context.js",
    "start": 1535451863205,
    "end": 1535451863209,
    "duration": 4,
    "pid": 2868,
    "index": 37
  },
  {
    "name": "Require(31) node_modules/_egg-i18n@2.0.0@egg-i18n/app/extend/context.js",
    "start": 1535451863210,
    "end": 1535451863210,
    "duration": 0,
    "pid": 2868,
    "index": 38
  },
  {
    "name": "Require(32) node_modules/_egg-multipart@2.1.0@egg-multipart/app/extend/context.js",
    "start": 1535451863217,
    "end": 1535451863298,
    "duration": 81,
    "pid": 2868,
    "index": 39
  },
  {
    "name": "Require(33) node_modules/_egg-view@2.1.0@egg-view/app/extend/context.js",
    "start": 1535451863300,
    "end": 1535451863302,
    "duration": 2,
    "pid": 2868,
    "index": 40
  },
  {
    "name": "Require(34) node_modules/_egg@2.10.0@egg/app/extend/context.js",
    "start": 1535451863303,
    "end": 1535451863307,
    "duration": 4,
    "pid": 2868,
    "index": 41
  },
  {
    "name": "Load extend/helper.js",
    "start": 1535451863319,
    "end": 1535451863368,
    "duration": 49,
    "pid": 2868,
    "index": 42
  },
  {
    "name": "Require(35) node_modules/_egg-security@2.2.3@egg-security/app/extend/helper.js",
    "start": 1535451863320,
    "end": 1535451863360,
    "duration": 40,
    "pid": 2868,
    "index": 43
  },
  {
    "name": "Require(36) node_modules/_egg@2.10.0@egg/app/extend/helper.js",
    "start": 1535451863363,
    "end": 1535451863364,
    "duration": 1,
    "pid": 2868,
    "index": 44
  },
  {
    "name": "Load app.js",
    "start": 1535451863368,
    "end": 1535451863738,
    "duration": 370,
    "pid": 2868,
    "index": 45
  },
  {
    "name": "Require(37) node_modules/_egg-session@3.1.0@egg-session/app.js",
    "start": 1535451863368,
    "end": 1535451863369,
    "duration": 1,
    "pid": 2868,
    "index": 46
  },
  {
    "name": "Require(38) node_modules/_egg-security@2.2.3@egg-security/app.js",
    "start": 1535451863369,
    "end": 1535451863372,
    "duration": 3,
    "pid": 2868,
    "index": 47
  },
  {
    "name": "Require(39) node_modules/_egg-onerror@2.1.0@egg-onerror/app.js",
    "start": 1535451863375,
    "end": 1535451863394,
    "duration": 19,
    "pid": 2868,
    "index": 48
  },
  {
    "name": "Require(40) node_modules/_egg-i18n@2.0.0@egg-i18n/app.js",
    "start": 1535451863399,
    "end": 1535451863422,
    "duration": 23,
    "pid": 2868,
    "index": 49
  },
  {
    "name": "Require(41) node_modules/_egg-watcher@3.0.0@egg-watcher/app.js",
    "start": 1535451863430,
    "end": 1535451863444,
    "duration": 14,
    "pid": 2868,
    "index": 50
  },
  {
    "name": "Before Start in node_modules/_egg-watcher@3.0.0@egg-watcher/app.js:15:7",
    "start": 1535451863458,
    "end": 1535451863973,
    "duration": 515,
    "pid": 2868,
    "index": 51
  },
  {
    "name": "Require(42) node_modules/_egg-multipart@2.1.0@egg-multipart/app.js",
    "start": 1535451863459,
    "end": 1535451863465,
    "duration": 6,
    "pid": 2868,
    "index": 52
  },
  {
    "name": "Require(43) node_modules/_egg-development@2.4.1@egg-development/app.js",
    "start": 1535451863467,
    "end": 1535451863467,
    "duration": 0,
    "pid": 2868,
    "index": 53
  },
  {
    "name": "Require(44) node_modules/_egg-schedule@3.3.0@egg-schedule/app.js",
    "start": 1535451863468,
    "end": 1535451863472,
    "duration": 4,
    "pid": 2868,
    "index": 54
  },
  {
    "name": "Require(45) node_modules/_egg-logrotator@3.0.3@egg-logrotator/app.js",
    "start": 1535451863566,
    "end": 1535451863567,
    "duration": 1,
    "pid": 2868,
    "index": 55
  },
  {
    "name": "Require(46) node_modules/_egg-static@2.1.1@egg-static/app.js",
    "start": 1535451863567,
    "end": 1535451863567,
    "duration": 0,
    "pid": 2868,
    "index": 56
  },
  {
    "name": "Require(47) node_modules/_egg-view-ejs@2.0.0@egg-view-ejs/app.js",
    "start": 1535451863569,
    "end": 1535451863569,
    "duration": 0,
    "pid": 2868,
    "index": 57
  },
  {
    "name": "Require(48) node_modules/_egg-mysql@3.0.0@egg-mysql/app.js",
    "start": 1535451863576,
    "end": 1535451863605,
    "duration": 29,
    "pid": 2868,
    "index": 58
  },
  {
    "name": "Before Start in node_modules/_egg-mysql@3.0.0@egg-mysql/lib/mysql.js:20:7",
    "start": 1535451863733,
    "end": 1535451863977,
    "duration": 244,
    "pid": 2868,
    "index": 59
  },
  {
    "name": "Load Service",
    "start": 1535451863738,
    "end": 1535451863756,
    "duration": 18,
    "pid": 2868,
    "index": 60
  },
  {
    "name": "Load \"service\" to Context",
    "start": 1535451863739,
    "end": 1535451863756,
    "duration": 17,
    "pid": 2868,
    "index": 61
  },
  {
    "name": "Load Middleware",
    "start": 1535451863757,
    "end": 1535451863920,
    "duration": 163,
    "pid": 2868,
    "index": 62
  },
  {
    "name": "Load \"middlewares\" to Application",
    "start": 1535451863757,
    "end": 1535451863897,
    "duration": 140,
    "pid": 2868,
    "index": 63
  },
  {
    "name": "Load Controller",
    "start": 1535451863920,
    "end": 1535451863926,
    "duration": 6,
    "pid": 2868,
    "index": 64
  },
  {
    "name": "Load \"controller\" to Application",
    "start": 1535451863920,
    "end": 1535451863926,
    "duration": 6,
    "pid": 2868,
    "index": 65
  },
  {
    "name": "Load Router",
    "start": 1535451863926,
    "end": 1535451863929,
    "duration": 3,
    "pid": 2868,
    "index": 66
  },
  {
    "name": "Require(49) app/router.js",
    "start": 1535451863926,
    "end": 1535451863926,
    "duration": 0,
    "pid": 2868,
    "index": 67
  },
  {
    "name": "Before Start in node_modules/_egg-core@4.9.1@egg-core/lib/egg.js:328:10",
    "start": 1535451863927,
    "end": 1535451863954,
    "duration": 27,
    "pid": 2868,
    "index": 68
  }
]