[
  {
    "name": "Application Start",
    "start": 1535453935016,
    "end": 1535453935967,
    "duration": 951,
    "pid": 18012,
    "index": 0
  },
  {
    "name": "Load Plugin",
    "start": 1535453935024,
    "end": 1535453935060,
    "duration": 36,
    "pid": 18012,
    "index": 1
  },
  {
    "name": "Load Config",
    "start": 1535453935061,
    "end": 1535453935096,
    "duration": 35,
    "pid": 18012,
    "index": 2
  },
  {
    "name": "Require(0) config/config.default.js",
    "start": 1535453935062,
    "end": 1535453935063,
    "duration": 1,
    "pid": 18012,
    "index": 3
  },
  {
    "name": "Require(1) node_modules/_egg-session@3.1.0@egg-session/config/config.default.js",
    "start": 1535453935065,
    "end": 1535453935066,
    "duration": 1,
    "pid": 18012,
    "index": 4
  },
  {
    "name": "Require(2) node_modules/_egg-security@2.2.3@egg-security/config/config.default.js",
    "start": 1535453935066,
    "end": 1535453935067,
    "duration": 1,
    "pid": 18012,
    "index": 5
  },
  {
    "name": "Require(3) node_modules/_egg-jsonp@2.0.0@egg-jsonp/config/config.default.js",
    "start": 1535453935068,
    "end": 1535453935069,
    "duration": 1,
    "pid": 18012,
    "index": 6
  },
  {
    "name": "Require(4) node_modules/_egg-onerror@2.1.0@egg-onerror/config/config.default.js",
    "start": 1535453935069,
    "end": 1535453935070,
    "duration": 1,
    "pid": 18012,
    "index": 7
  },
  {
    "name": "Require(5) node_modules/_egg-i18n@2.0.0@egg-i18n/config/config.default.js",
    "start": 1535453935070,
    "end": 1535453935071,
    "duration": 1,
    "pid": 18012,
    "index": 8
  },
  {
    "name": "Require(6) node_modules/_egg-watcher@3.0.0@egg-watcher/config/config.default.js",
    "start": 1535453935072,
    "end": 1535453935072,
    "duration": 0,
    "pid": 18012,
    "index": 9
  },
  {
    "name": "Require(7) node_modules/_egg-multipart@2.1.0@egg-multipart/config/config.default.js",
    "start": 1535453935073,
    "end": 1535453935073,
    "duration": 0,
    "pid": 18012,
    "index": 10
  },
  {
    "name": "Require(8) node_modules/_egg-development@2.4.1@egg-development/config/config.default.js",
    "start": 1535453935075,
    "end": 1535453935076,
    "duration": 1,
    "pid": 18012,
    "index": 11
  },
  {
    "name": "Require(9) node_modules/_egg-schedule@3.3.0@egg-schedule/config/config.default.js",
    "start": 1535453935076,
    "end": 1535453935077,
    "duration": 1,
    "pid": 18012,
    "index": 12
  },
  {
    "name": "Require(10) node_modules/_egg-logrotator@3.0.3@egg-logrotator/config/config.default.js",
    "start": 1535453935078,
    "end": 1535453935078,
    "duration": 0,
    "pid": 18012,
    "index": 13
  },
  {
    "name": "Require(11) node_modules/_egg-static@2.1.1@egg-static/config/config.default.js",
    "start": 1535453935079,
    "end": 1535453935079,
    "duration": 0,
    "pid": 18012,
    "index": 14
  },
  {
    "name": "Require(12) node_modules/_egg-view@2.1.0@egg-view/config/config.default.js",
    "start": 1535453935080,
    "end": 1535453935080,
    "duration": 0,
    "pid": 18012,
    "index": 15
  },
  {
    "name": "Require(13) node_modules/_egg-view-ejs@2.0.0@egg-view-ejs/config/config.default.js",
    "start": 1535453935081,
    "end": 1535453935081,
    "duration": 0,
    "pid": 18012,
    "index": 16
  },
  {
    "name": "Require(14) node_modules/_egg-mysql@3.0.0@egg-mysql/config/config.default.js",
    "start": 1535453935082,
    "end": 1535453935083,
    "duration": 1,
    "pid": 18012,
    "index": 17
  },
  {
    "name": "Require(15) node_modules/_egg@2.10.0@egg/config/config.default.js",
    "start": 1535453935083,
    "end": 1535453935084,
    "duration": 1,
    "pid": 18012,
    "index": 18
  },
  {
    "name": "Require(16) config/config.default.js",
    "start": 1535453935086,
    "end": 1535453935086,
    "duration": 0,
    "pid": 18012,
    "index": 19
  },
  {
    "name": "Require(17) node_modules/_egg-security@2.2.3@egg-security/config/config.local.js",
    "start": 1535453935087,
    "end": 1535453935088,
    "duration": 1,
    "pid": 18012,
    "index": 20
  },
  {
    "name": "Require(18) node_modules/_egg-watcher@3.0.0@egg-watcher/config/config.local.js",
    "start": 1535453935090,
    "end": 1535453935090,
    "duration": 0,
    "pid": 18012,
    "index": 21
  },
  {
    "name": "Require(19) node_modules/_egg-view@2.1.0@egg-view/config/config.local.js",
    "start": 1535453935093,
    "end": 1535453935094,
    "duration": 1,
    "pid": 18012,
    "index": 22
  },
  {
    "name": "Require(20) node_modules/_egg-view-ejs@2.0.0@egg-view-ejs/config/config.local.js",
    "start": 1535453935094,
    "end": 1535453935095,
    "duration": 1,
    "pid": 18012,
    "index": 23
  },
  {
    "name": "Require(21) node_modules/_egg@2.10.0@egg/config/config.local.js",
    "start": 1535453935096,
    "end": 1535453935096,
    "duration": 0,
    "pid": 18012,
    "index": 24
  },
  {
    "name": "Load extend/application.js",
    "start": 1535453935098,
    "end": 1535453935129,
    "duration": 31,
    "pid": 18012,
    "index": 25
  },
  {
    "name": "Require(22) node_modules/_egg-session@3.1.0@egg-session/app/extend/application.js",
    "start": 1535453935099,
    "end": 1535453935100,
    "duration": 1,
    "pid": 18012,
    "index": 26
  },
  {
    "name": "Require(23) node_modules/_egg-security@2.2.3@egg-security/app/extend/application.js",
    "start": 1535453935101,
    "end": 1535453935102,
    "duration": 1,
    "pid": 18012,
    "index": 27
  },
  {
    "name": "Require(24) node_modules/_egg-jsonp@2.0.0@egg-jsonp/app/extend/application.js",
    "start": 1535453935103,
    "end": 1535453935108,
    "duration": 5,
    "pid": 18012,
    "index": 28
  },
  {
    "name": "Require(25) node_modules/_egg-logrotator@3.0.3@egg-logrotator/app/extend/application.js",
    "start": 1535453935111,
    "end": 1535453935116,
    "duration": 5,
    "pid": 18012,
    "index": 29
  },
  {
    "name": "Require(26) node_modules/_egg-view@2.1.0@egg-view/app/extend/application.js",
    "start": 1535453935117,
    "end": 1535453935120,
    "duration": 3,
    "pid": 18012,
    "index": 30
  },
  {
    "name": "Load extend/request.js",
    "start": 1535453935129,
    "end": 1535453935145,
    "duration": 16,
    "pid": 18012,
    "index": 31
  },
  {
    "name": "Require(27) node_modules/_egg@2.10.0@egg/app/extend/request.js",
    "start": 1535453935135,
    "end": 1535453935138,
    "duration": 3,
    "pid": 18012,
    "index": 32
  },
  {
    "name": "Load extend/response.js",
    "start": 1535453935145,
    "end": 1535453935160,
    "duration": 15,
    "pid": 18012,
    "index": 33
  },
  {
    "name": "Require(28) node_modules/_egg@2.10.0@egg/app/extend/response.js",
    "start": 1535453935151,
    "end": 1535453935154,
    "duration": 3,
    "pid": 18012,
    "index": 34
  },
  {
    "name": "Load extend/context.js",
    "start": 1535453935160,
    "end": 1535453935297,
    "duration": 137,
    "pid": 18012,
    "index": 35
  },
  {
    "name": "Require(29) node_modules/_egg-security@2.2.3@egg-security/app/extend/context.js",
    "start": 1535453935161,
    "end": 1535453935188,
    "duration": 27,
    "pid": 18012,
    "index": 36
  },
  {
    "name": "Require(30) node_modules/_egg-jsonp@2.0.0@egg-jsonp/app/extend/context.js",
    "start": 1535453935188,
    "end": 1535453935192,
    "duration": 4,
    "pid": 18012,
    "index": 37
  },
  {
    "name": "Require(31) node_modules/_egg-i18n@2.0.0@egg-i18n/app/extend/context.js",
    "start": 1535453935193,
    "end": 1535453935193,
    "duration": 0,
    "pid": 18012,
    "index": 38
  },
  {
    "name": "Require(32) node_modules/_egg-multipart@2.1.0@egg-multipart/app/extend/context.js",
    "start": 1535453935195,
    "end": 1535453935281,
    "duration": 86,
    "pid": 18012,
    "index": 39
  },
  {
    "name": "Require(33) node_modules/_egg-view@2.1.0@egg-view/app/extend/context.js",
    "start": 1535453935283,
    "end": 1535453935286,
    "duration": 3,
    "pid": 18012,
    "index": 40
  },
  {
    "name": "Require(34) node_modules/_egg@2.10.0@egg/app/extend/context.js",
    "start": 1535453935287,
    "end": 1535453935290,
    "duration": 3,
    "pid": 18012,
    "index": 41
  },
  {
    "name": "Load extend/helper.js",
    "start": 1535453935297,
    "end": 1535453935349,
    "duration": 52,
    "pid": 18012,
    "index": 42
  },
  {
    "name": "Require(35) node_modules/_egg-security@2.2.3@egg-security/app/extend/helper.js",
    "start": 1535453935298,
    "end": 1535453935335,
    "duration": 37,
    "pid": 18012,
    "index": 43
  },
  {
    "name": "Require(36) node_modules/_egg@2.10.0@egg/app/extend/helper.js",
    "start": 1535453935340,
    "end": 1535453935344,
    "duration": 4,
    "pid": 18012,
    "index": 44
  },
  {
    "name": "Load app.js",
    "start": 1535453935349,
    "end": 1535453935699,
    "duration": 350,
    "pid": 18012,
    "index": 45
  },
  {
    "name": "Require(37) node_modules/_egg-session@3.1.0@egg-session/app.js",
    "start": 1535453935350,
    "end": 1535453935350,
    "duration": 0,
    "pid": 18012,
    "index": 46
  },
  {
    "name": "Require(38) node_modules/_egg-security@2.2.3@egg-security/app.js",
    "start": 1535453935351,
    "end": 1535453935356,
    "duration": 5,
    "pid": 18012,
    "index": 47
  },
  {
    "name": "Require(39) node_modules/_egg-onerror@2.1.0@egg-onerror/app.js",
    "start": 1535453935358,
    "end": 1535453935383,
    "duration": 25,
    "pid": 18012,
    "index": 48
  },
  {
    "name": "Require(40) node_modules/_egg-i18n@2.0.0@egg-i18n/app.js",
    "start": 1535453935386,
    "end": 1535453935403,
    "duration": 17,
    "pid": 18012,
    "index": 49
  },
  {
    "name": "Require(41) node_modules/_egg-watcher@3.0.0@egg-watcher/app.js",
    "start": 1535453935411,
    "end": 1535453935420,
    "duration": 9,
    "pid": 18012,
    "index": 50
  },
  {
    "name": "Before Start in node_modules/_egg-watcher@3.0.0@egg-watcher/app.js:15:7",
    "start": 1535453935437,
    "end": 1535453935961,
    "duration": 524,
    "pid": 18012,
    "index": 51
  },
  {
    "name": "Require(42) node_modules/_egg-multipart@2.1.0@egg-multipart/app.js",
    "start": 1535453935439,
    "end": 1535453935446,
    "duration": 7,
    "pid": 18012,
    "index": 52
  },
  {
    "name": "Require(43) node_modules/_egg-development@2.4.1@egg-development/app.js",
    "start": 1535453935448,
    "end": 1535453935449,
    "duration": 1,
    "pid": 18012,
    "index": 53
  },
  {
    "name": "Require(44) node_modules/_egg-schedule@3.3.0@egg-schedule/app.js",
    "start": 1535453935450,
    "end": 1535453935454,
    "duration": 4,
    "pid": 18012,
    "index": 54
  },
  {
    "name": "Require(45) node_modules/_egg-logrotator@3.0.3@egg-logrotator/app.js",
    "start": 1535453935528,
    "end": 1535453935528,
    "duration": 0,
    "pid": 18012,
    "index": 55
  },
  {
    "name": "Require(46) node_modules/_egg-static@2.1.1@egg-static/app.js",
    "start": 1535453935529,
    "end": 1535453935529,
    "duration": 0,
    "pid": 18012,
    "index": 56
  },
  {
    "name": "Require(47) node_modules/_egg-view-ejs@2.0.0@egg-view-ejs/app.js",
    "start": 1535453935531,
    "end": 1535453935532,
    "duration": 1,
    "pid": 18012,
    "index": 57
  },
  {
    "name": "Require(48) node_modules/_egg-mysql@3.0.0@egg-mysql/app.js",
    "start": 1535453935539,
    "end": 1535453935568,
    "duration": 29,
    "pid": 18012,
    "index": 58
  },
  {
    "name": "Before Start in node_modules/_egg-mysql@3.0.0@egg-mysql/lib/mysql.js:20:7",
    "start": 1535453935697,
    "end": 1535453935967,
    "duration": 270,
    "pid": 18012,
    "index": 59
  },
  {
    "name": "Load Service",
    "start": 1535453935699,
    "end": 1535453935707,
    "duration": 8,
    "pid": 18012,
    "index": 60
  },
  {
    "name": "Load \"service\" to Context",
    "start": 1535453935700,
    "end": 1535453935707,
    "duration": 7,
    "pid": 18012,
    "index": 61
  },
  {
    "name": "Load Middleware",
    "start": 1535453935707,
    "end": 1535453935872,
    "duration": 165,
    "pid": 18012,
    "index": 62
  },
  {
    "name": "Load \"middlewares\" to Application",
    "start": 1535453935708,
    "end": 1535453935843,
    "duration": 135,
    "pid": 18012,
    "index": 63
  },
  {
    "name": "Load Controller",
    "start": 1535453935872,
    "end": 1535453935883,
    "duration": 11,
    "pid": 18012,
    "index": 64
  },
  {
    "name": "Load \"controller\" to Application",
    "start": 1535453935872,
    "end": 1535453935883,
    "duration": 11,
    "pid": 18012,
    "index": 65
  },
  {
    "name": "Load Router",
    "start": 1535453935883,
    "end": 1535453935889,
    "duration": 6,
    "pid": 18012,
    "index": 66
  },
  {
    "name": "Require(49) app/router.js",
    "start": 1535453935884,
    "end": 1535453935885,
    "duration": 1,
    "pid": 18012,
    "index": 67
  },
  {
    "name": "Before Start in node_modules/_egg-core@4.9.1@egg-core/lib/egg.js:328:10",
    "start": 1535453935886,
    "end": 1535453935930,
    "duration": 44,
    "pid": 18012,
    "index": 68
  }
]