[
  {
    "name": "Application Start",
    "start": 1535453681402,
    "end": 1535453682359,
    "duration": 957,
    "pid": 13804,
    "index": 0
  },
  {
    "name": "Load Plugin",
    "start": 1535453681411,
    "end": 1535453681448,
    "duration": 37,
    "pid": 13804,
    "index": 1
  },
  {
    "name": "Load Config",
    "start": 1535453681449,
    "end": 1535453681494,
    "duration": 45,
    "pid": 13804,
    "index": 2
  },
  {
    "name": "Require(0) config/config.default.js",
    "start": 1535453681450,
    "end": 1535453681451,
    "duration": 1,
    "pid": 13804,
    "index": 3
  },
  {
    "name": "Require(1) node_modules/_egg-session@3.1.0@egg-session/config/config.default.js",
    "start": 1535453681453,
    "end": 1535453681454,
    "duration": 1,
    "pid": 13804,
    "index": 4
  },
  {
    "name": "Require(2) node_modules/_egg-security@2.2.3@egg-security/config/config.default.js",
    "start": 1535453681455,
    "end": 1535453681455,
    "duration": 0,
    "pid": 13804,
    "index": 5
  },
  {
    "name": "Require(3) node_modules/_egg-jsonp@2.0.0@egg-jsonp/config/config.default.js",
    "start": 1535453681457,
    "end": 1535453681458,
    "duration": 1,
    "pid": 13804,
    "index": 6
  },
  {
    "name": "Require(4) node_modules/_egg-onerror@2.1.0@egg-onerror/config/config.default.js",
    "start": 1535453681459,
    "end": 1535453681460,
    "duration": 1,
    "pid": 13804,
    "index": 7
  },
  {
    "name": "Require(5) node_modules/_egg-i18n@2.0.0@egg-i18n/config/config.default.js",
    "start": 1535453681461,
    "end": 1535453681462,
    "duration": 1,
    "pid": 13804,
    "index": 8
  },
  {
    "name": "Require(6) node_modules/_egg-watcher@3.0.0@egg-watcher/config/config.default.js",
    "start": 1535453681463,
    "end": 1535453681464,
    "duration": 1,
    "pid": 13804,
    "index": 9
  },
  {
    "name": "Require(7) node_modules/_egg-multipart@2.1.0@egg-multipart/config/config.default.js",
    "start": 1535453681465,
    "end": 1535453681465,
    "duration": 0,
    "pid": 13804,
    "index": 10
  },
  {
    "name": "Require(8) node_modules/_egg-development@2.4.1@egg-development/config/config.default.js",
    "start": 1535453681471,
    "end": 1535453681472,
    "duration": 1,
    "pid": 13804,
    "index": 11
  },
  {
    "name": "Require(9) node_modules/_egg-schedule@3.3.0@egg-schedule/config/config.default.js",
    "start": 1535453681473,
    "end": 1535453681473,
    "duration": 0,
    "pid": 13804,
    "index": 12
  },
  {
    "name": "Require(10) node_modules/_egg-logrotator@3.0.3@egg-logrotator/config/config.default.js",
    "start": 1535453681475,
    "end": 1535453681475,
    "duration": 0,
    "pid": 13804,
    "index": 13
  },
  {
    "name": "Require(11) node_modules/_egg-static@2.1.1@egg-static/config/config.default.js",
    "start": 1535453681476,
    "end": 1535453681477,
    "duration": 1,
    "pid": 13804,
    "index": 14
  },
  {
    "name": "Require(12) node_modules/_egg-view@2.1.0@egg-view/config/config.default.js",
    "start": 1535453681478,
    "end": 1535453681478,
    "duration": 0,
    "pid": 13804,
    "index": 15
  },
  {
    "name": "Require(13) node_modules/_egg-view-ejs@2.0.0@egg-view-ejs/config/config.default.js",
    "start": 1535453681479,
    "end": 1535453681480,
    "duration": 1,
    "pid": 13804,
    "index": 16
  },
  {
    "name": "Require(14) node_modules/_egg-mysql@3.0.0@egg-mysql/config/config.default.js",
    "start": 1535453681481,
    "end": 1535453681482,
    "duration": 1,
    "pid": 13804,
    "index": 17
  },
  {
    "name": "Require(15) node_modules/_egg@2.10.0@egg/config/config.default.js",
    "start": 1535453681482,
    "end": 1535453681483,
    "duration": 1,
    "pid": 13804,
    "index": 18
  },
  {
    "name": "Require(16) config/config.default.js",
    "start": 1535453681485,
    "end": 1535453681485,
    "duration": 0,
    "pid": 13804,
    "index": 19
  },
  {
    "name": "Require(17) node_modules/_egg-security@2.2.3@egg-security/config/config.local.js",
    "start": 1535453681486,
    "end": 1535453681486,
    "duration": 0,
    "pid": 13804,
    "index": 20
  },
  {
    "name": "Require(18) node_modules/_egg-watcher@3.0.0@egg-watcher/config/config.local.js",
    "start": 1535453681488,
    "end": 1535453681489,
    "duration": 1,
    "pid": 13804,
    "index": 21
  },
  {
    "name": "Require(19) node_modules/_egg-view@2.1.0@egg-view/config/config.local.js",
    "start": 1535453681491,
    "end": 1535453681492,
    "duration": 1,
    "pid": 13804,
    "index": 22
  },
  {
    "name": "Require(20) node_modules/_egg-view-ejs@2.0.0@egg-view-ejs/config/config.local.js",
    "start": 1535453681492,
    "end": 1535453681493,
    "duration": 1,
    "pid": 13804,
    "index": 23
  },
  {
    "name": "Require(21) node_modules/_egg@2.10.0@egg/config/config.local.js",
    "start": 1535453681493,
    "end": 1535453681494,
    "duration": 1,
    "pid": 13804,
    "index": 24
  },
  {
    "name": "Load extend/application.js",
    "start": 1535453681496,
    "end": 1535453681522,
    "duration": 26,
    "pid": 13804,
    "index": 25
  },
  {
    "name": "Require(22) node_modules/_egg-session@3.1.0@egg-session/app/extend/application.js",
    "start": 1535453681496,
    "end": 1535453681497,
    "duration": 1,
    "pid": 13804,
    "index": 26
  },
  {
    "name": "Require(23) node_modules/_egg-security@2.2.3@egg-security/app/extend/application.js",
    "start": 1535453681498,
    "end": 1535453681501,
    "duration": 3,
    "pid": 13804,
    "index": 27
  },
  {
    "name": "Require(24) node_modules/_egg-jsonp@2.0.0@egg-jsonp/app/extend/application.js",
    "start": 1535453681501,
    "end": 1535453681505,
    "duration": 4,
    "pid": 13804,
    "index": 28
  },
  {
    "name": "Require(25) node_modules/_egg-logrotator@3.0.3@egg-logrotator/app/extend/application.js",
    "start": 1535453681507,
    "end": 1535453681511,
    "duration": 4,
    "pid": 13804,
    "index": 29
  },
  {
    "name": "Require(26) node_modules/_egg-view@2.1.0@egg-view/app/extend/application.js",
    "start": 1535453681512,
    "end": 1535453681515,
    "duration": 3,
    "pid": 13804,
    "index": 30
  },
  {
    "name": "Load extend/request.js",
    "start": 1535453681522,
    "end": 1535453681537,
    "duration": 15,
    "pid": 13804,
    "index": 31
  },
  {
    "name": "Require(27) node_modules/_egg@2.10.0@egg/app/extend/request.js",
    "start": 1535453681528,
    "end": 1535453681531,
    "duration": 3,
    "pid": 13804,
    "index": 32
  },
  {
    "name": "Load extend/response.js",
    "start": 1535453681537,
    "end": 1535453681552,
    "duration": 15,
    "pid": 13804,
    "index": 33
  },
  {
    "name": "Require(28) node_modules/_egg@2.10.0@egg/app/extend/response.js",
    "start": 1535453681541,
    "end": 1535453681546,
    "duration": 5,
    "pid": 13804,
    "index": 34
  },
  {
    "name": "Load extend/context.js",
    "start": 1535453681552,
    "end": 1535453681657,
    "duration": 105,
    "pid": 13804,
    "index": 35
  },
  {
    "name": "Require(29) node_modules/_egg-security@2.2.3@egg-security/app/extend/context.js",
    "start": 1535453681554,
    "end": 1535453681574,
    "duration": 20,
    "pid": 13804,
    "index": 36
  },
  {
    "name": "Require(30) node_modules/_egg-jsonp@2.0.0@egg-jsonp/app/extend/context.js",
    "start": 1535453681575,
    "end": 1535453681577,
    "duration": 2,
    "pid": 13804,
    "index": 37
  },
  {
    "name": "Require(31) node_modules/_egg-i18n@2.0.0@egg-i18n/app/extend/context.js",
    "start": 1535453681578,
    "end": 1535453681578,
    "duration": 0,
    "pid": 13804,
    "index": 38
  },
  {
    "name": "Require(32) node_modules/_egg-multipart@2.1.0@egg-multipart/app/extend/context.js",
    "start": 1535453681579,
    "end": 1535453681643,
    "duration": 64,
    "pid": 13804,
    "index": 39
  },
  {
    "name": "Require(33) node_modules/_egg-view@2.1.0@egg-view/app/extend/context.js",
    "start": 1535453681644,
    "end": 1535453681646,
    "duration": 2,
    "pid": 13804,
    "index": 40
  },
  {
    "name": "Require(34) node_modules/_egg@2.10.0@egg/app/extend/context.js",
    "start": 1535453681647,
    "end": 1535453681651,
    "duration": 4,
    "pid": 13804,
    "index": 41
  },
  {
    "name": "Load extend/helper.js",
    "start": 1535453681657,
    "end": 1535453681706,
    "duration": 49,
    "pid": 13804,
    "index": 42
  },
  {
    "name": "Require(35) node_modules/_egg-security@2.2.3@egg-security/app/extend/helper.js",
    "start": 1535453681658,
    "end": 1535453681693,
    "duration": 35,
    "pid": 13804,
    "index": 43
  },
  {
    "name": "Require(36) node_modules/_egg@2.10.0@egg/app/extend/helper.js",
    "start": 1535453681697,
    "end": 1535453681698,
    "duration": 1,
    "pid": 13804,
    "index": 44
  },
  {
    "name": "Load app.js",
    "start": 1535453681706,
    "end": 1535453682101,
    "duration": 395,
    "pid": 13804,
    "index": 45
  },
  {
    "name": "Require(37) node_modules/_egg-session@3.1.0@egg-session/app.js",
    "start": 1535453681707,
    "end": 1535453681708,
    "duration": 1,
    "pid": 13804,
    "index": 46
  },
  {
    "name": "Require(38) node_modules/_egg-security@2.2.3@egg-security/app.js",
    "start": 1535453681710,
    "end": 1535453681715,
    "duration": 5,
    "pid": 13804,
    "index": 47
  },
  {
    "name": "Require(39) node_modules/_egg-onerror@2.1.0@egg-onerror/app.js",
    "start": 1535453681717,
    "end": 1535453681736,
    "duration": 19,
    "pid": 13804,
    "index": 48
  },
  {
    "name": "Require(40) node_modules/_egg-i18n@2.0.0@egg-i18n/app.js",
    "start": 1535453681738,
    "end": 1535453681755,
    "duration": 17,
    "pid": 13804,
    "index": 49
  },
  {
    "name": "Require(41) node_modules/_egg-watcher@3.0.0@egg-watcher/app.js",
    "start": 1535453681762,
    "end": 1535453681770,
    "duration": 8,
    "pid": 13804,
    "index": 50
  },
  {
    "name": "Before Start in node_modules/_egg-watcher@3.0.0@egg-watcher/app.js:15:7",
    "start": 1535453681787,
    "end": 1535453682354,
    "duration": 567,
    "pid": 13804,
    "index": 51
  },
  {
    "name": "Require(42) node_modules/_egg-multipart@2.1.0@egg-multipart/app.js",
    "start": 1535453681789,
    "end": 1535453681800,
    "duration": 11,
    "pid": 13804,
    "index": 52
  },
  {
    "name": "Require(43) node_modules/_egg-development@2.4.1@egg-development/app.js",
    "start": 1535453681802,
    "end": 1535453681803,
    "duration": 1,
    "pid": 13804,
    "index": 53
  },
  {
    "name": "Require(44) node_modules/_egg-schedule@3.3.0@egg-schedule/app.js",
    "start": 1535453681803,
    "end": 1535453681807,
    "duration": 4,
    "pid": 13804,
    "index": 54
  },
  {
    "name": "Require(45) node_modules/_egg-logrotator@3.0.3@egg-logrotator/app.js",
    "start": 1535453681887,
    "end": 1535453681887,
    "duration": 0,
    "pid": 13804,
    "index": 55
  },
  {
    "name": "Require(46) node_modules/_egg-static@2.1.1@egg-static/app.js",
    "start": 1535453681889,
    "end": 1535453681890,
    "duration": 1,
    "pid": 13804,
    "index": 56
  },
  {
    "name": "Require(47) node_modules/_egg-view-ejs@2.0.0@egg-view-ejs/app.js",
    "start": 1535453681892,
    "end": 1535453681892,
    "duration": 0,
    "pid": 13804,
    "index": 57
  },
  {
    "name": "Require(48) node_modules/_egg-mysql@3.0.0@egg-mysql/app.js",
    "start": 1535453681910,
    "end": 1535453681949,
    "duration": 39,
    "pid": 13804,
    "index": 58
  },
  {
    "name": "Before Start in node_modules/_egg-mysql@3.0.0@egg-mysql/lib/mysql.js:20:7",
    "start": 1535453682099,
    "end": 1535453682359,
    "duration": 260,
    "pid": 13804,
    "index": 59
  },
  {
    "name": "Load Service",
    "start": 1535453682102,
    "end": 1535453682114,
    "duration": 12,
    "pid": 13804,
    "index": 60
  },
  {
    "name": "Load \"service\" to Context",
    "start": 1535453682103,
    "end": 1535453682114,
    "duration": 11,
    "pid": 13804,
    "index": 61
  },
  {
    "name": "Load Middleware",
    "start": 1535453682114,
    "end": 1535453682300,
    "duration": 186,
    "pid": 13804,
    "index": 62
  },
  {
    "name": "Load \"middlewares\" to Application",
    "start": 1535453682114,
    "end": 1535453682276,
    "duration": 162,
    "pid": 13804,
    "index": 63
  },
  {
    "name": "Load Controller",
    "start": 1535453682300,
    "end": 1535453682307,
    "duration": 7,
    "pid": 13804,
    "index": 64
  },
  {
    "name": "Load \"controller\" to Application",
    "start": 1535453682300,
    "end": 1535453682307,
    "duration": 7,
    "pid": 13804,
    "index": 65
  },
  {
    "name": "Load Router",
    "start": 1535453682307,
    "end": 1535453682311,
    "duration": 4,
    "pid": 13804,
    "index": 66
  },
  {
    "name": "Require(49) app/router.js",
    "start": 1535453682308,
    "end": 1535453682308,
    "duration": 0,
    "pid": 13804,
    "index": 67
  },
  {
    "name": "Before Start in node_modules/_egg-core@4.9.1@egg-core/lib/egg.js:328:10",
    "start": 1535453682309,
    "end": 1535453682334,
    "duration": 25,
    "pid": 13804,
    "index": 68
  }
]