[
  {
    "name": "Application Start",
    "start": 1535452262602,
    "end": 1535452263310,
    "duration": 708,
    "pid": 15156,
    "index": 0
  },
  {
    "name": "Load Plugin",
    "start": 1535452262610,
    "end": 1535452262644,
    "duration": 34,
    "pid": 15156,
    "index": 1
  },
  {
    "name": "Load Config",
    "start": 1535452262644,
    "end": 1535452262676,
    "duration": 32,
    "pid": 15156,
    "index": 2
  },
  {
    "name": "Require(0) config/config.default.js",
    "start": 1535452262645,
    "end": 1535452262646,
    "duration": 1,
    "pid": 15156,
    "index": 3
  },
  {
    "name": "Require(1) node_modules/_egg-session@3.1.0@egg-session/config/config.default.js",
    "start": 1535452262648,
    "end": 1535452262648,
    "duration": 0,
    "pid": 15156,
    "index": 4
  },
  {
    "name": "Require(2) node_modules/_egg-security@2.2.3@egg-security/config/config.default.js",
    "start": 1535452262649,
    "end": 1535452262649,
    "duration": 0,
    "pid": 15156,
    "index": 5
  },
  {
    "name": "Require(3) node_modules/_egg-jsonp@2.0.0@egg-jsonp/config/config.default.js",
    "start": 1535452262651,
    "end": 1535452262651,
    "duration": 0,
    "pid": 15156,
    "index": 6
  },
  {
    "name": "Require(4) node_modules/_egg-onerror@2.1.0@egg-onerror/config/config.default.js",
    "start": 1535452262652,
    "end": 1535452262652,
    "duration": 0,
    "pid": 15156,
    "index": 7
  },
  {
    "name": "Require(5) node_modules/_egg-i18n@2.0.0@egg-i18n/config/config.default.js",
    "start": 1535452262653,
    "end": 1535452262653,
    "duration": 0,
    "pid": 15156,
    "index": 8
  },
  {
    "name": "Require(6) node_modules/_egg-watcher@3.0.0@egg-watcher/config/config.default.js",
    "start": 1535452262654,
    "end": 1535452262654,
    "duration": 0,
    "pid": 15156,
    "index": 9
  },
  {
    "name": "Require(7) node_modules/_egg-multipart@2.1.0@egg-multipart/config/config.default.js",
    "start": 1535452262655,
    "end": 1535452262656,
    "duration": 1,
    "pid": 15156,
    "index": 10
  },
  {
    "name": "Require(8) node_modules/_egg-development@2.4.1@egg-development/config/config.default.js",
    "start": 1535452262656,
    "end": 1535452262657,
    "duration": 1,
    "pid": 15156,
    "index": 11
  },
  {
    "name": "Require(9) node_modules/_egg-schedule@3.3.0@egg-schedule/config/config.default.js",
    "start": 1535452262658,
    "end": 1535452262658,
    "duration": 0,
    "pid": 15156,
    "index": 12
  },
  {
    "name": "Require(10) node_modules/_egg-logrotator@3.0.3@egg-logrotator/config/config.default.js",
    "start": 1535452262659,
    "end": 1535452262659,
    "duration": 0,
    "pid": 15156,
    "index": 13
  },
  {
    "name": "Require(11) node_modules/_egg-static@2.1.1@egg-static/config/config.default.js",
    "start": 1535452262660,
    "end": 1535452262661,
    "duration": 1,
    "pid": 15156,
    "index": 14
  },
  {
    "name": "Require(12) node_modules/_egg-view@2.1.0@egg-view/config/config.default.js",
    "start": 1535452262661,
    "end": 1535452262662,
    "duration": 1,
    "pid": 15156,
    "index": 15
  },
  {
    "name": "Require(13) node_modules/_egg-view-ejs@2.0.0@egg-view-ejs/config/config.default.js",
    "start": 1535452262663,
    "end": 1535452262663,
    "duration": 0,
    "pid": 15156,
    "index": 16
  },
  {
    "name": "Require(14) node_modules/_egg-mysql@3.0.0@egg-mysql/config/config.default.js",
    "start": 1535452262664,
    "end": 1535452262664,
    "duration": 0,
    "pid": 15156,
    "index": 17
  },
  {
    "name": "Require(15) node_modules/_egg@2.10.0@egg/config/config.default.js",
    "start": 1535452262665,
    "end": 1535452262665,
    "duration": 0,
    "pid": 15156,
    "index": 18
  },
  {
    "name": "Require(16) config/config.default.js",
    "start": 1535452262668,
    "end": 1535452262668,
    "duration": 0,
    "pid": 15156,
    "index": 19
  },
  {
    "name": "Require(17) node_modules/_egg-security@2.2.3@egg-security/config/config.local.js",
    "start": 1535452262669,
    "end": 1535452262669,
    "duration": 0,
    "pid": 15156,
    "index": 20
  },
  {
    "name": "Require(18) node_modules/_egg-watcher@3.0.0@egg-watcher/config/config.local.js",
    "start": 1535452262671,
    "end": 1535452262671,
    "duration": 0,
    "pid": 15156,
    "index": 21
  },
  {
    "name": "Require(19) node_modules/_egg-view@2.1.0@egg-view/config/config.local.js",
    "start": 1535452262673,
    "end": 1535452262674,
    "duration": 1,
    "pid": 15156,
    "index": 22
  },
  {
    "name": "Require(20) node_modules/_egg-view-ejs@2.0.0@egg-view-ejs/config/config.local.js",
    "start": 1535452262674,
    "end": 1535452262675,
    "duration": 1,
    "pid": 15156,
    "index": 23
  },
  {
    "name": "Require(21) node_modules/_egg@2.10.0@egg/config/config.local.js",
    "start": 1535452262675,
    "end": 1535452262676,
    "duration": 1,
    "pid": 15156,
    "index": 24
  },
  {
    "name": "Load extend/application.js",
    "start": 1535452262678,
    "end": 1535452262705,
    "duration": 27,
    "pid": 15156,
    "index": 25
  },
  {
    "name": "Require(22) node_modules/_egg-session@3.1.0@egg-session/app/extend/application.js",
    "start": 1535452262678,
    "end": 1535452262679,
    "duration": 1,
    "pid": 15156,
    "index": 26
  },
  {
    "name": "Require(23) node_modules/_egg-security@2.2.3@egg-security/app/extend/application.js",
    "start": 1535452262680,
    "end": 1535452262681,
    "duration": 1,
    "pid": 15156,
    "index": 27
  },
  {
    "name": "Require(24) node_modules/_egg-jsonp@2.0.0@egg-jsonp/app/extend/application.js",
    "start": 1535452262682,
    "end": 1535452262685,
    "duration": 3,
    "pid": 15156,
    "index": 28
  },
  {
    "name": "Require(25) node_modules/_egg-logrotator@3.0.3@egg-logrotator/app/extend/application.js",
    "start": 1535452262687,
    "end": 1535452262692,
    "duration": 5,
    "pid": 15156,
    "index": 29
  },
  {
    "name": "Require(26) node_modules/_egg-view@2.1.0@egg-view/app/extend/application.js",
    "start": 1535452262692,
    "end": 1535452262695,
    "duration": 3,
    "pid": 15156,
    "index": 30
  },
  {
    "name": "Load extend/request.js",
    "start": 1535452262705,
    "end": 1535452262716,
    "duration": 11,
    "pid": 15156,
    "index": 31
  },
  {
    "name": "Require(27) node_modules/_egg@2.10.0@egg/app/extend/request.js",
    "start": 1535452262709,
    "end": 1535452262712,
    "duration": 3,
    "pid": 15156,
    "index": 32
  },
  {
    "name": "Load extend/response.js",
    "start": 1535452262716,
    "end": 1535452262728,
    "duration": 12,
    "pid": 15156,
    "index": 33
  },
  {
    "name": "Require(28) node_modules/_egg@2.10.0@egg/app/extend/response.js",
    "start": 1535452262721,
    "end": 1535452262724,
    "duration": 3,
    "pid": 15156,
    "index": 34
  },
  {
    "name": "Load extend/context.js",
    "start": 1535452262728,
    "end": 1535452262818,
    "duration": 90,
    "pid": 15156,
    "index": 35
  },
  {
    "name": "Require(29) node_modules/_egg-security@2.2.3@egg-security/app/extend/context.js",
    "start": 1535452262729,
    "end": 1535452262747,
    "duration": 18,
    "pid": 15156,
    "index": 36
  },
  {
    "name": "Require(30) node_modules/_egg-jsonp@2.0.0@egg-jsonp/app/extend/context.js",
    "start": 1535452262748,
    "end": 1535452262750,
    "duration": 2,
    "pid": 15156,
    "index": 37
  },
  {
    "name": "Require(31) node_modules/_egg-i18n@2.0.0@egg-i18n/app/extend/context.js",
    "start": 1535452262751,
    "end": 1535452262751,
    "duration": 0,
    "pid": 15156,
    "index": 38
  },
  {
    "name": "Require(32) node_modules/_egg-multipart@2.1.0@egg-multipart/app/extend/context.js",
    "start": 1535452262752,
    "end": 1535452262807,
    "duration": 55,
    "pid": 15156,
    "index": 39
  },
  {
    "name": "Require(33) node_modules/_egg-view@2.1.0@egg-view/app/extend/context.js",
    "start": 1535452262809,
    "end": 1535452262810,
    "duration": 1,
    "pid": 15156,
    "index": 40
  },
  {
    "name": "Require(34) node_modules/_egg@2.10.0@egg/app/extend/context.js",
    "start": 1535452262811,
    "end": 1535452262813,
    "duration": 2,
    "pid": 15156,
    "index": 41
  },
  {
    "name": "Load extend/helper.js",
    "start": 1535452262818,
    "end": 1535452262853,
    "duration": 35,
    "pid": 15156,
    "index": 42
  },
  {
    "name": "Require(35) node_modules/_egg-security@2.2.3@egg-security/app/extend/helper.js",
    "start": 1535452262819,
    "end": 1535452262845,
    "duration": 26,
    "pid": 15156,
    "index": 43
  },
  {
    "name": "Require(36) node_modules/_egg@2.10.0@egg/app/extend/helper.js",
    "start": 1535452262849,
    "end": 1535452262849,
    "duration": 0,
    "pid": 15156,
    "index": 44
  },
  {
    "name": "Load app.js",
    "start": 1535452262853,
    "end": 1535452263113,
    "duration": 260,
    "pid": 15156,
    "index": 45
  },
  {
    "name": "Require(37) node_modules/_egg-session@3.1.0@egg-session/app.js",
    "start": 1535452262854,
    "end": 1535452262854,
    "duration": 0,
    "pid": 15156,
    "index": 46
  },
  {
    "name": "Require(38) node_modules/_egg-security@2.2.3@egg-security/app.js",
    "start": 1535452262855,
    "end": 1535452262859,
    "duration": 4,
    "pid": 15156,
    "index": 47
  },
  {
    "name": "Require(39) node_modules/_egg-onerror@2.1.0@egg-onerror/app.js",
    "start": 1535452262862,
    "end": 1535452262879,
    "duration": 17,
    "pid": 15156,
    "index": 48
  },
  {
    "name": "Require(40) node_modules/_egg-i18n@2.0.0@egg-i18n/app.js",
    "start": 1535452262881,
    "end": 1535452262892,
    "duration": 11,
    "pid": 15156,
    "index": 49
  },
  {
    "name": "Require(41) node_modules/_egg-watcher@3.0.0@egg-watcher/app.js",
    "start": 1535452262897,
    "end": 1535452262902,
    "duration": 5,
    "pid": 15156,
    "index": 50
  },
  {
    "name": "Before Start in node_modules/_egg-watcher@3.0.0@egg-watcher/app.js:15:7",
    "start": 1535452262913,
    "end": 1535452263306,
    "duration": 393,
    "pid": 15156,
    "index": 51
  },
  {
    "name": "Require(42) node_modules/_egg-multipart@2.1.0@egg-multipart/app.js",
    "start": 1535452262914,
    "end": 1535452262919,
    "duration": 5,
    "pid": 15156,
    "index": 52
  },
  {
    "name": "Require(43) node_modules/_egg-development@2.4.1@egg-development/app.js",
    "start": 1535452262920,
    "end": 1535452262921,
    "duration": 1,
    "pid": 15156,
    "index": 53
  },
  {
    "name": "Require(44) node_modules/_egg-schedule@3.3.0@egg-schedule/app.js",
    "start": 1535452262921,
    "end": 1535452262925,
    "duration": 4,
    "pid": 15156,
    "index": 54
  },
  {
    "name": "Require(45) node_modules/_egg-logrotator@3.0.3@egg-logrotator/app.js",
    "start": 1535452262974,
    "end": 1535452262974,
    "duration": 0,
    "pid": 15156,
    "index": 55
  },
  {
    "name": "Require(46) node_modules/_egg-static@2.1.1@egg-static/app.js",
    "start": 1535452262975,
    "end": 1535452262975,
    "duration": 0,
    "pid": 15156,
    "index": 56
  },
  {
    "name": "Require(47) node_modules/_egg-view-ejs@2.0.0@egg-view-ejs/app.js",
    "start": 1535452262977,
    "end": 1535452262977,
    "duration": 0,
    "pid": 15156,
    "index": 57
  },
  {
    "name": "Require(48) node_modules/_egg-mysql@3.0.0@egg-mysql/app.js",
    "start": 1535452262984,
    "end": 1535452263012,
    "duration": 28,
    "pid": 15156,
    "index": 58
  },
  {
    "name": "Before Start in node_modules/_egg-mysql@3.0.0@egg-mysql/lib/mysql.js:20:7",
    "start": 1535452263111,
    "end": 1535452263310,
    "duration": 199,
    "pid": 15156,
    "index": 59
  },
  {
    "name": "Load Service",
    "start": 1535452263114,
    "end": 1535452263120,
    "duration": 6,
    "pid": 15156,
    "index": 60
  },
  {
    "name": "Load \"service\" to Context",
    "start": 1535452263114,
    "end": 1535452263120,
    "duration": 6,
    "pid": 15156,
    "index": 61
  },
  {
    "name": "Load Middleware",
    "start": 1535452263120,
    "end": 1535452263254,
    "duration": 134,
    "pid": 15156,
    "index": 62
  },
  {
    "name": "Load \"middlewares\" to Application",
    "start": 1535452263120,
    "end": 1535452263238,
    "duration": 118,
    "pid": 15156,
    "index": 63
  },
  {
    "name": "Load Controller",
    "start": 1535452263254,
    "end": 1535452263258,
    "duration": 4,
    "pid": 15156,
    "index": 64
  },
  {
    "name": "Load \"controller\" to Application",
    "start": 1535452263255,
    "end": 1535452263258,
    "duration": 3,
    "pid": 15156,
    "index": 65
  },
  {
    "name": "Load Router",
    "start": 1535452263258,
    "end": 1535452263261,
    "duration": 3,
    "pid": 15156,
    "index": 66
  },
  {
    "name": "Require(49) app/router.js",
    "start": 1535452263258,
    "end": 1535452263258,
    "duration": 0,
    "pid": 15156,
    "index": 67
  },
  {
    "name": "Before Start in node_modules/_egg-core@4.9.1@egg-core/lib/egg.js:328:10",
    "start": 1535452263259,
    "end": 1535452263284,
    "duration": 25,
    "pid": 15156,
    "index": 68
  }
]