[
  {
    "name": "Application Start",
    "start": 1535453725619,
    "end": 1535453726411,
    "duration": 792,
    "pid": 13696,
    "index": 0
  },
  {
    "name": "Load Plugin",
    "start": 1535453725627,
    "end": 1535453725666,
    "duration": 39,
    "pid": 13696,
    "index": 1
  },
  {
    "name": "Load Config",
    "start": 1535453725666,
    "end": 1535453725707,
    "duration": 41,
    "pid": 13696,
    "index": 2
  },
  {
    "name": "Require(0) config/config.default.js",
    "start": 1535453725668,
    "end": 1535453725668,
    "duration": 0,
    "pid": 13696,
    "index": 3
  },
  {
    "name": "Require(1) node_modules/_egg-session@3.1.0@egg-session/config/config.default.js",
    "start": 1535453725670,
    "end": 1535453725671,
    "duration": 1,
    "pid": 13696,
    "index": 4
  },
  {
    "name": "Require(2) node_modules/_egg-security@2.2.3@egg-security/config/config.default.js",
    "start": 1535453725672,
    "end": 1535453725672,
    "duration": 0,
    "pid": 13696,
    "index": 5
  },
  {
    "name": "Require(3) node_modules/_egg-jsonp@2.0.0@egg-jsonp/config/config.default.js",
    "start": 1535453725673,
    "end": 1535453725675,
    "duration": 2,
    "pid": 13696,
    "index": 6
  },
  {
    "name": "Require(4) node_modules/_egg-onerror@2.1.0@egg-onerror/config/config.default.js",
    "start": 1535453725676,
    "end": 1535453725676,
    "duration": 0,
    "pid": 13696,
    "index": 7
  },
  {
    "name": "Require(5) node_modules/_egg-i18n@2.0.0@egg-i18n/config/config.default.js",
    "start": 1535453725677,
    "end": 1535453725678,
    "duration": 1,
    "pid": 13696,
    "index": 8
  },
  {
    "name": "Require(6) node_modules/_egg-watcher@3.0.0@egg-watcher/config/config.default.js",
    "start": 1535453725682,
    "end": 1535453725683,
    "duration": 1,
    "pid": 13696,
    "index": 9
  },
  {
    "name": "Require(7) node_modules/_egg-multipart@2.1.0@egg-multipart/config/config.default.js",
    "start": 1535453725683,
    "end": 1535453725684,
    "duration": 1,
    "pid": 13696,
    "index": 10
  },
  {
    "name": "Require(8) node_modules/_egg-development@2.4.1@egg-development/config/config.default.js",
    "start": 1535453725685,
    "end": 1535453725685,
    "duration": 0,
    "pid": 13696,
    "index": 11
  },
  {
    "name": "Require(9) node_modules/_egg-schedule@3.3.0@egg-schedule/config/config.default.js",
    "start": 1535453725686,
    "end": 1535453725687,
    "duration": 1,
    "pid": 13696,
    "index": 12
  },
  {
    "name": "Require(10) node_modules/_egg-logrotator@3.0.3@egg-logrotator/config/config.default.js",
    "start": 1535453725688,
    "end": 1535453725688,
    "duration": 0,
    "pid": 13696,
    "index": 13
  },
  {
    "name": "Require(11) node_modules/_egg-static@2.1.1@egg-static/config/config.default.js",
    "start": 1535453725689,
    "end": 1535453725689,
    "duration": 0,
    "pid": 13696,
    "index": 14
  },
  {
    "name": "Require(12) node_modules/_egg-view@2.1.0@egg-view/config/config.default.js",
    "start": 1535453725690,
    "end": 1535453725691,
    "duration": 1,
    "pid": 13696,
    "index": 15
  },
  {
    "name": "Require(13) node_modules/_egg-view-ejs@2.0.0@egg-view-ejs/config/config.default.js",
    "start": 1535453725692,
    "end": 1535453725692,
    "duration": 0,
    "pid": 13696,
    "index": 16
  },
  {
    "name": "Require(14) node_modules/_egg-mysql@3.0.0@egg-mysql/config/config.default.js",
    "start": 1535453725693,
    "end": 1535453725693,
    "duration": 0,
    "pid": 13696,
    "index": 17
  },
  {
    "name": "Require(15) node_modules/_egg@2.10.0@egg/config/config.default.js",
    "start": 1535453725694,
    "end": 1535453725694,
    "duration": 0,
    "pid": 13696,
    "index": 18
  },
  {
    "name": "Require(16) config/config.default.js",
    "start": 1535453725697,
    "end": 1535453725697,
    "duration": 0,
    "pid": 13696,
    "index": 19
  },
  {
    "name": "Require(17) node_modules/_egg-security@2.2.3@egg-security/config/config.local.js",
    "start": 1535453725698,
    "end": 1535453725698,
    "duration": 0,
    "pid": 13696,
    "index": 20
  },
  {
    "name": "Require(18) node_modules/_egg-watcher@3.0.0@egg-watcher/config/config.local.js",
    "start": 1535453725700,
    "end": 1535453725700,
    "duration": 0,
    "pid": 13696,
    "index": 21
  },
  {
    "name": "Require(19) node_modules/_egg-view@2.1.0@egg-view/config/config.local.js",
    "start": 1535453725703,
    "end": 1535453725703,
    "duration": 0,
    "pid": 13696,
    "index": 22
  },
  {
    "name": "Require(20) node_modules/_egg-view-ejs@2.0.0@egg-view-ejs/config/config.local.js",
    "start": 1535453725704,
    "end": 1535453725705,
    "duration": 1,
    "pid": 13696,
    "index": 23
  },
  {
    "name": "Require(21) node_modules/_egg@2.10.0@egg/config/config.local.js",
    "start": 1535453725706,
    "end": 1535453725706,
    "duration": 0,
    "pid": 13696,
    "index": 24
  },
  {
    "name": "Load extend/application.js",
    "start": 1535453725709,
    "end": 1535453725738,
    "duration": 29,
    "pid": 13696,
    "index": 25
  },
  {
    "name": "Require(22) node_modules/_egg-session@3.1.0@egg-session/app/extend/application.js",
    "start": 1535453725711,
    "end": 1535453725712,
    "duration": 1,
    "pid": 13696,
    "index": 26
  },
  {
    "name": "Require(23) node_modules/_egg-security@2.2.3@egg-security/app/extend/application.js",
    "start": 1535453725712,
    "end": 1535453725714,
    "duration": 2,
    "pid": 13696,
    "index": 27
  },
  {
    "name": "Require(24) node_modules/_egg-jsonp@2.0.0@egg-jsonp/app/extend/application.js",
    "start": 1535453725714,
    "end": 1535453725719,
    "duration": 5,
    "pid": 13696,
    "index": 28
  },
  {
    "name": "Require(25) node_modules/_egg-logrotator@3.0.3@egg-logrotator/app/extend/application.js",
    "start": 1535453725723,
    "end": 1535453725728,
    "duration": 5,
    "pid": 13696,
    "index": 29
  },
  {
    "name": "Require(26) node_modules/_egg-view@2.1.0@egg-view/app/extend/application.js",
    "start": 1535453725729,
    "end": 1535453725733,
    "duration": 4,
    "pid": 13696,
    "index": 30
  },
  {
    "name": "Load extend/request.js",
    "start": 1535453725738,
    "end": 1535453725753,
    "duration": 15,
    "pid": 13696,
    "index": 31
  },
  {
    "name": "Require(27) node_modules/_egg@2.10.0@egg/app/extend/request.js",
    "start": 1535453725742,
    "end": 1535453725745,
    "duration": 3,
    "pid": 13696,
    "index": 32
  },
  {
    "name": "Load extend/response.js",
    "start": 1535453725754,
    "end": 1535453725768,
    "duration": 14,
    "pid": 13696,
    "index": 33
  },
  {
    "name": "Require(28) node_modules/_egg@2.10.0@egg/app/extend/response.js",
    "start": 1535453725759,
    "end": 1535453725763,
    "duration": 4,
    "pid": 13696,
    "index": 34
  },
  {
    "name": "Load extend/context.js",
    "start": 1535453725768,
    "end": 1535453725866,
    "duration": 98,
    "pid": 13696,
    "index": 35
  },
  {
    "name": "Require(29) node_modules/_egg-security@2.2.3@egg-security/app/extend/context.js",
    "start": 1535453725769,
    "end": 1535453725791,
    "duration": 22,
    "pid": 13696,
    "index": 36
  },
  {
    "name": "Require(30) node_modules/_egg-jsonp@2.0.0@egg-jsonp/app/extend/context.js",
    "start": 1535453725792,
    "end": 1535453725795,
    "duration": 3,
    "pid": 13696,
    "index": 37
  },
  {
    "name": "Require(31) node_modules/_egg-i18n@2.0.0@egg-i18n/app/extend/context.js",
    "start": 1535453725796,
    "end": 1535453725796,
    "duration": 0,
    "pid": 13696,
    "index": 38
  },
  {
    "name": "Require(32) node_modules/_egg-multipart@2.1.0@egg-multipart/app/extend/context.js",
    "start": 1535453725798,
    "end": 1535453725855,
    "duration": 57,
    "pid": 13696,
    "index": 39
  },
  {
    "name": "Require(33) node_modules/_egg-view@2.1.0@egg-view/app/extend/context.js",
    "start": 1535453725857,
    "end": 1535453725858,
    "duration": 1,
    "pid": 13696,
    "index": 40
  },
  {
    "name": "Require(34) node_modules/_egg@2.10.0@egg/app/extend/context.js",
    "start": 1535453725859,
    "end": 1535453725861,
    "duration": 2,
    "pid": 13696,
    "index": 41
  },
  {
    "name": "Load extend/helper.js",
    "start": 1535453725866,
    "end": 1535453725901,
    "duration": 35,
    "pid": 13696,
    "index": 42
  },
  {
    "name": "Require(35) node_modules/_egg-security@2.2.3@egg-security/app/extend/helper.js",
    "start": 1535453725867,
    "end": 1535453725892,
    "duration": 25,
    "pid": 13696,
    "index": 43
  },
  {
    "name": "Require(36) node_modules/_egg@2.10.0@egg/app/extend/helper.js",
    "start": 1535453725896,
    "end": 1535453725896,
    "duration": 0,
    "pid": 13696,
    "index": 44
  },
  {
    "name": "Load app.js",
    "start": 1535453725901,
    "end": 1535453726191,
    "duration": 290,
    "pid": 13696,
    "index": 45
  },
  {
    "name": "Require(37) node_modules/_egg-session@3.1.0@egg-session/app.js",
    "start": 1535453725901,
    "end": 1535453725902,
    "duration": 1,
    "pid": 13696,
    "index": 46
  },
  {
    "name": "Require(38) node_modules/_egg-security@2.2.3@egg-security/app.js",
    "start": 1535453725903,
    "end": 1535453725908,
    "duration": 5,
    "pid": 13696,
    "index": 47
  },
  {
    "name": "Require(39) node_modules/_egg-onerror@2.1.0@egg-onerror/app.js",
    "start": 1535453725909,
    "end": 1535453725923,
    "duration": 14,
    "pid": 13696,
    "index": 48
  },
  {
    "name": "Require(40) node_modules/_egg-i18n@2.0.0@egg-i18n/app.js",
    "start": 1535453725925,
    "end": 1535453725949,
    "duration": 24,
    "pid": 13696,
    "index": 49
  },
  {
    "name": "Require(41) node_modules/_egg-watcher@3.0.0@egg-watcher/app.js",
    "start": 1535453725957,
    "end": 1535453725965,
    "duration": 8,
    "pid": 13696,
    "index": 50
  },
  {
    "name": "Before Start in node_modules/_egg-watcher@3.0.0@egg-watcher/app.js:15:7",
    "start": 1535453725978,
    "end": 1535453726406,
    "duration": 428,
    "pid": 13696,
    "index": 51
  },
  {
    "name": "Require(42) node_modules/_egg-multipart@2.1.0@egg-multipart/app.js",
    "start": 1535453725980,
    "end": 1535453725988,
    "duration": 8,
    "pid": 13696,
    "index": 52
  },
  {
    "name": "Require(43) node_modules/_egg-development@2.4.1@egg-development/app.js",
    "start": 1535453725989,
    "end": 1535453725989,
    "duration": 0,
    "pid": 13696,
    "index": 53
  },
  {
    "name": "Require(44) node_modules/_egg-schedule@3.3.0@egg-schedule/app.js",
    "start": 1535453725990,
    "end": 1535453725993,
    "duration": 3,
    "pid": 13696,
    "index": 54
  },
  {
    "name": "Require(45) node_modules/_egg-logrotator@3.0.3@egg-logrotator/app.js",
    "start": 1535453726042,
    "end": 1535453726043,
    "duration": 1,
    "pid": 13696,
    "index": 55
  },
  {
    "name": "Require(46) node_modules/_egg-static@2.1.1@egg-static/app.js",
    "start": 1535453726044,
    "end": 1535453726044,
    "duration": 0,
    "pid": 13696,
    "index": 56
  },
  {
    "name": "Require(47) node_modules/_egg-view-ejs@2.0.0@egg-view-ejs/app.js",
    "start": 1535453726045,
    "end": 1535453726046,
    "duration": 1,
    "pid": 13696,
    "index": 57
  },
  {
    "name": "Require(48) node_modules/_egg-mysql@3.0.0@egg-mysql/app.js",
    "start": 1535453726053,
    "end": 1535453726082,
    "duration": 29,
    "pid": 13696,
    "index": 58
  },
  {
    "name": "Before Start in node_modules/_egg-mysql@3.0.0@egg-mysql/lib/mysql.js:20:7",
    "start": 1535453726189,
    "end": 1535453726410,
    "duration": 221,
    "pid": 13696,
    "index": 59
  },
  {
    "name": "Load Service",
    "start": 1535453726191,
    "end": 1535453726198,
    "duration": 7,
    "pid": 13696,
    "index": 60
  },
  {
    "name": "Load \"service\" to Context",
    "start": 1535453726191,
    "end": 1535453726198,
    "duration": 7,
    "pid": 13696,
    "index": 61
  },
  {
    "name": "Load Middleware",
    "start": 1535453726198,
    "end": 1535453726351,
    "duration": 153,
    "pid": 13696,
    "index": 62
  },
  {
    "name": "Load \"middlewares\" to Application",
    "start": 1535453726198,
    "end": 1535453726332,
    "duration": 134,
    "pid": 13696,
    "index": 63
  },
  {
    "name": "Load Controller",
    "start": 1535453726352,
    "end": 1535453726355,
    "duration": 3,
    "pid": 13696,
    "index": 64
  },
  {
    "name": "Load \"controller\" to Application",
    "start": 1535453726352,
    "end": 1535453726355,
    "duration": 3,
    "pid": 13696,
    "index": 65
  },
  {
    "name": "Load Router",
    "start": 1535453726355,
    "end": 1535453726359,
    "duration": 4,
    "pid": 13696,
    "index": 66
  },
  {
    "name": "Require(49) app/router.js",
    "start": 1535453726356,
    "end": 1535453726356,
    "duration": 0,
    "pid": 13696,
    "index": 67
  },
  {
    "name": "Before Start in node_modules/_egg-core@4.9.1@egg-core/lib/egg.js:328:10",
    "start": 1535453726357,
    "end": 1535453726381,
    "duration": 24,
    "pid": 13696,
    "index": 68
  }
]