[
  {
    "name": "Application Start",
    "start": 1535451968728,
    "end": 1535451969566,
    "duration": 838,
    "pid": 12868,
    "index": 0
  },
  {
    "name": "Load Plugin",
    "start": 1535451968737,
    "end": 1535451968773,
    "duration": 36,
    "pid": 12868,
    "index": 1
  },
  {
    "name": "Load Config",
    "start": 1535451968773,
    "end": 1535451968822,
    "duration": 49,
    "pid": 12868,
    "index": 2
  },
  {
    "name": "Require(0) config/config.default.js",
    "start": 1535451968774,
    "end": 1535451968774,
    "duration": 0,
    "pid": 12868,
    "index": 3
  },
  {
    "name": "Require(1) node_modules/_egg-session@3.1.0@egg-session/config/config.default.js",
    "start": 1535451968776,
    "end": 1535451968777,
    "duration": 1,
    "pid": 12868,
    "index": 4
  },
  {
    "name": "Require(2) node_modules/_egg-security@2.2.3@egg-security/config/config.default.js",
    "start": 1535451968777,
    "end": 1535451968778,
    "duration": 1,
    "pid": 12868,
    "index": 5
  },
  {
    "name": "Require(3) node_modules/_egg-jsonp@2.0.0@egg-jsonp/config/config.default.js",
    "start": 1535451968779,
    "end": 1535451968779,
    "duration": 0,
    "pid": 12868,
    "index": 6
  },
  {
    "name": "Require(4) node_modules/_egg-onerror@2.1.0@egg-onerror/config/config.default.js",
    "start": 1535451968780,
    "end": 1535451968781,
    "duration": 1,
    "pid": 12868,
    "index": 7
  },
  {
    "name": "Require(5) node_modules/_egg-i18n@2.0.0@egg-i18n/config/config.default.js",
    "start": 1535451968782,
    "end": 1535451968783,
    "duration": 1,
    "pid": 12868,
    "index": 8
  },
  {
    "name": "Require(6) node_modules/_egg-watcher@3.0.0@egg-watcher/config/config.default.js",
    "start": 1535451968783,
    "end": 1535451968784,
    "duration": 1,
    "pid": 12868,
    "index": 9
  },
  {
    "name": "Require(7) node_modules/_egg-multipart@2.1.0@egg-multipart/config/config.default.js",
    "start": 1535451968785,
    "end": 1535451968785,
    "duration": 0,
    "pid": 12868,
    "index": 10
  },
  {
    "name": "Require(8) node_modules/_egg-development@2.4.1@egg-development/config/config.default.js",
    "start": 1535451968786,
    "end": 1535451968786,
    "duration": 0,
    "pid": 12868,
    "index": 11
  },
  {
    "name": "Require(9) node_modules/_egg-schedule@3.3.0@egg-schedule/config/config.default.js",
    "start": 1535451968787,
    "end": 1535451968787,
    "duration": 0,
    "pid": 12868,
    "index": 12
  },
  {
    "name": "Require(10) node_modules/_egg-logrotator@3.0.3@egg-logrotator/config/config.default.js",
    "start": 1535451968788,
    "end": 1535451968789,
    "duration": 1,
    "pid": 12868,
    "index": 13
  },
  {
    "name": "Require(11) node_modules/_egg-static@2.1.1@egg-static/config/config.default.js",
    "start": 1535451968790,
    "end": 1535451968790,
    "duration": 0,
    "pid": 12868,
    "index": 14
  },
  {
    "name": "Require(12) node_modules/_egg-view@2.1.0@egg-view/config/config.default.js",
    "start": 1535451968792,
    "end": 1535451968792,
    "duration": 0,
    "pid": 12868,
    "index": 15
  },
  {
    "name": "Require(13) node_modules/_egg-view-ejs@2.0.0@egg-view-ejs/config/config.default.js",
    "start": 1535451968795,
    "end": 1535451968796,
    "duration": 1,
    "pid": 12868,
    "index": 16
  },
  {
    "name": "Require(14) node_modules/_egg-mysql@3.0.0@egg-mysql/config/config.default.js",
    "start": 1535451968797,
    "end": 1535451968798,
    "duration": 1,
    "pid": 12868,
    "index": 17
  },
  {
    "name": "Require(15) node_modules/_egg@2.10.0@egg/config/config.default.js",
    "start": 1535451968799,
    "end": 1535451968801,
    "duration": 2,
    "pid": 12868,
    "index": 18
  },
  {
    "name": "Require(16) config/config.default.js",
    "start": 1535451968804,
    "end": 1535451968805,
    "duration": 1,
    "pid": 12868,
    "index": 19
  },
  {
    "name": "Require(17) node_modules/_egg-security@2.2.3@egg-security/config/config.local.js",
    "start": 1535451968806,
    "end": 1535451968806,
    "duration": 0,
    "pid": 12868,
    "index": 20
  },
  {
    "name": "Require(18) node_modules/_egg-watcher@3.0.0@egg-watcher/config/config.local.js",
    "start": 1535451968808,
    "end": 1535451968808,
    "duration": 0,
    "pid": 12868,
    "index": 21
  },
  {
    "name": "Require(19) node_modules/_egg-view@2.1.0@egg-view/config/config.local.js",
    "start": 1535451968817,
    "end": 1535451968817,
    "duration": 0,
    "pid": 12868,
    "index": 22
  },
  {
    "name": "Require(20) node_modules/_egg-view-ejs@2.0.0@egg-view-ejs/config/config.local.js",
    "start": 1535451968818,
    "end": 1535451968819,
    "duration": 1,
    "pid": 12868,
    "index": 23
  },
  {
    "name": "Require(21) node_modules/_egg@2.10.0@egg/config/config.local.js",
    "start": 1535451968821,
    "end": 1535451968821,
    "duration": 0,
    "pid": 12868,
    "index": 24
  },
  {
    "name": "Load extend/application.js",
    "start": 1535451968824,
    "end": 1535451968859,
    "duration": 35,
    "pid": 12868,
    "index": 25
  },
  {
    "name": "Require(22) node_modules/_egg-session@3.1.0@egg-session/app/extend/application.js",
    "start": 1535451968825,
    "end": 1535451968825,
    "duration": 0,
    "pid": 12868,
    "index": 26
  },
  {
    "name": "Require(23) node_modules/_egg-security@2.2.3@egg-security/app/extend/application.js",
    "start": 1535451968826,
    "end": 1535451968828,
    "duration": 2,
    "pid": 12868,
    "index": 27
  },
  {
    "name": "Require(24) node_modules/_egg-jsonp@2.0.0@egg-jsonp/app/extend/application.js",
    "start": 1535451968828,
    "end": 1535451968832,
    "duration": 4,
    "pid": 12868,
    "index": 28
  },
  {
    "name": "Require(25) node_modules/_egg-logrotator@3.0.3@egg-logrotator/app/extend/application.js",
    "start": 1535451968839,
    "end": 1535451968850,
    "duration": 11,
    "pid": 12868,
    "index": 29
  },
  {
    "name": "Require(26) node_modules/_egg-view@2.1.0@egg-view/app/extend/application.js",
    "start": 1535451968851,
    "end": 1535451968854,
    "duration": 3,
    "pid": 12868,
    "index": 30
  },
  {
    "name": "Load extend/request.js",
    "start": 1535451968859,
    "end": 1535451968869,
    "duration": 10,
    "pid": 12868,
    "index": 31
  },
  {
    "name": "Require(27) node_modules/_egg@2.10.0@egg/app/extend/request.js",
    "start": 1535451968863,
    "end": 1535451968865,
    "duration": 2,
    "pid": 12868,
    "index": 32
  },
  {
    "name": "Load extend/response.js",
    "start": 1535451968869,
    "end": 1535451968881,
    "duration": 12,
    "pid": 12868,
    "index": 33
  },
  {
    "name": "Require(28) node_modules/_egg@2.10.0@egg/app/extend/response.js",
    "start": 1535451968873,
    "end": 1535451968877,
    "duration": 4,
    "pid": 12868,
    "index": 34
  },
  {
    "name": "Load extend/context.js",
    "start": 1535451968881,
    "end": 1535451968974,
    "duration": 93,
    "pid": 12868,
    "index": 35
  },
  {
    "name": "Require(29) node_modules/_egg-security@2.2.3@egg-security/app/extend/context.js",
    "start": 1535451968882,
    "end": 1535451968900,
    "duration": 18,
    "pid": 12868,
    "index": 36
  },
  {
    "name": "Require(30) node_modules/_egg-jsonp@2.0.0@egg-jsonp/app/extend/context.js",
    "start": 1535451968900,
    "end": 1535451968902,
    "duration": 2,
    "pid": 12868,
    "index": 37
  },
  {
    "name": "Require(31) node_modules/_egg-i18n@2.0.0@egg-i18n/app/extend/context.js",
    "start": 1535451968903,
    "end": 1535451968904,
    "duration": 1,
    "pid": 12868,
    "index": 38
  },
  {
    "name": "Require(32) node_modules/_egg-multipart@2.1.0@egg-multipart/app/extend/context.js",
    "start": 1535451968904,
    "end": 1535451968962,
    "duration": 58,
    "pid": 12868,
    "index": 39
  },
  {
    "name": "Require(33) node_modules/_egg-view@2.1.0@egg-view/app/extend/context.js",
    "start": 1535451968963,
    "end": 1535451968965,
    "duration": 2,
    "pid": 12868,
    "index": 40
  },
  {
    "name": "Require(34) node_modules/_egg@2.10.0@egg/app/extend/context.js",
    "start": 1535451968967,
    "end": 1535451968969,
    "duration": 2,
    "pid": 12868,
    "index": 41
  },
  {
    "name": "Load extend/helper.js",
    "start": 1535451968974,
    "end": 1535451969010,
    "duration": 36,
    "pid": 12868,
    "index": 42
  },
  {
    "name": "Require(35) node_modules/_egg-security@2.2.3@egg-security/app/extend/helper.js",
    "start": 1535451968975,
    "end": 1535451968998,
    "duration": 23,
    "pid": 12868,
    "index": 43
  },
  {
    "name": "Require(36) node_modules/_egg@2.10.0@egg/app/extend/helper.js",
    "start": 1535451969005,
    "end": 1535451969005,
    "duration": 0,
    "pid": 12868,
    "index": 44
  },
  {
    "name": "Load app.js",
    "start": 1535451969010,
    "end": 1535451969309,
    "duration": 299,
    "pid": 12868,
    "index": 45
  },
  {
    "name": "Require(37) node_modules/_egg-session@3.1.0@egg-session/app.js",
    "start": 1535451969011,
    "end": 1535451969011,
    "duration": 0,
    "pid": 12868,
    "index": 46
  },
  {
    "name": "Require(38) node_modules/_egg-security@2.2.3@egg-security/app.js",
    "start": 1535451969012,
    "end": 1535451969015,
    "duration": 3,
    "pid": 12868,
    "index": 47
  },
  {
    "name": "Require(39) node_modules/_egg-onerror@2.1.0@egg-onerror/app.js",
    "start": 1535451969017,
    "end": 1535451969033,
    "duration": 16,
    "pid": 12868,
    "index": 48
  },
  {
    "name": "Require(40) node_modules/_egg-i18n@2.0.0@egg-i18n/app.js",
    "start": 1535451969035,
    "end": 1535451969053,
    "duration": 18,
    "pid": 12868,
    "index": 49
  },
  {
    "name": "Require(41) node_modules/_egg-watcher@3.0.0@egg-watcher/app.js",
    "start": 1535451969059,
    "end": 1535451969067,
    "duration": 8,
    "pid": 12868,
    "index": 50
  },
  {
    "name": "Before Start in node_modules/_egg-watcher@3.0.0@egg-watcher/app.js:15:7",
    "start": 1535451969079,
    "end": 1535451969561,
    "duration": 482,
    "pid": 12868,
    "index": 51
  },
  {
    "name": "Require(42) node_modules/_egg-multipart@2.1.0@egg-multipart/app.js",
    "start": 1535451969080,
    "end": 1535451969086,
    "duration": 6,
    "pid": 12868,
    "index": 52
  },
  {
    "name": "Require(43) node_modules/_egg-development@2.4.1@egg-development/app.js",
    "start": 1535451969088,
    "end": 1535451969088,
    "duration": 0,
    "pid": 12868,
    "index": 53
  },
  {
    "name": "Require(44) node_modules/_egg-schedule@3.3.0@egg-schedule/app.js",
    "start": 1535451969089,
    "end": 1535451969092,
    "duration": 3,
    "pid": 12868,
    "index": 54
  },
  {
    "name": "Require(45) node_modules/_egg-logrotator@3.0.3@egg-logrotator/app.js",
    "start": 1535451969141,
    "end": 1535451969141,
    "duration": 0,
    "pid": 12868,
    "index": 55
  },
  {
    "name": "Require(46) node_modules/_egg-static@2.1.1@egg-static/app.js",
    "start": 1535451969142,
    "end": 1535451969143,
    "duration": 1,
    "pid": 12868,
    "index": 56
  },
  {
    "name": "Require(47) node_modules/_egg-view-ejs@2.0.0@egg-view-ejs/app.js",
    "start": 1535451969145,
    "end": 1535451969146,
    "duration": 1,
    "pid": 12868,
    "index": 57
  },
  {
    "name": "Require(48) node_modules/_egg-mysql@3.0.0@egg-mysql/app.js",
    "start": 1535451969153,
    "end": 1535451969177,
    "duration": 24,
    "pid": 12868,
    "index": 58
  },
  {
    "name": "Before Start in node_modules/_egg-mysql@3.0.0@egg-mysql/lib/mysql.js:20:7",
    "start": 1535451969307,
    "end": 1535451969566,
    "duration": 259,
    "pid": 12868,
    "index": 59
  },
  {
    "name": "Load Service",
    "start": 1535451969310,
    "end": 1535451969319,
    "duration": 9,
    "pid": 12868,
    "index": 60
  },
  {
    "name": "Load \"service\" to Context",
    "start": 1535451969310,
    "end": 1535451969319,
    "duration": 9,
    "pid": 12868,
    "index": 61
  },
  {
    "name": "Load Middleware",
    "start": 1535451969319,
    "end": 1535451969503,
    "duration": 184,
    "pid": 12868,
    "index": 62
  },
  {
    "name": "Load \"middlewares\" to Application",
    "start": 1535451969319,
    "end": 1535451969483,
    "duration": 164,
    "pid": 12868,
    "index": 63
  },
  {
    "name": "Load Controller",
    "start": 1535451969504,
    "end": 1535451969507,
    "duration": 3,
    "pid": 12868,
    "index": 64
  },
  {
    "name": "Load \"controller\" to Application",
    "start": 1535451969504,
    "end": 1535451969507,
    "duration": 3,
    "pid": 12868,
    "index": 65
  },
  {
    "name": "Load Router",
    "start": 1535451969507,
    "end": 1535451969511,
    "duration": 4,
    "pid": 12868,
    "index": 66
  },
  {
    "name": "Require(49) app/router.js",
    "start": 1535451969508,
    "end": 1535451969508,
    "duration": 0,
    "pid": 12868,
    "index": 67
  },
  {
    "name": "Before Start in node_modules/_egg-core@4.9.1@egg-core/lib/egg.js:328:10",
    "start": 1535451969508,
    "end": 1535451969536,
    "duration": 28,
    "pid": 12868,
    "index": 68
  }
]