[
  {
    "name": "Application Start",
    "start": 1535453268453,
    "end": 1535453269266,
    "duration": 813,
    "pid": 15832,
    "index": 0
  },
  {
    "name": "Load Plugin",
    "start": 1535453268460,
    "end": 1535453268492,
    "duration": 32,
    "pid": 15832,
    "index": 1
  },
  {
    "name": "Load Config",
    "start": 1535453268493,
    "end": 1535453268527,
    "duration": 34,
    "pid": 15832,
    "index": 2
  },
  {
    "name": "Require(0) config/config.default.js",
    "start": 1535453268494,
    "end": 1535453268494,
    "duration": 0,
    "pid": 15832,
    "index": 3
  },
  {
    "name": "Require(1) node_modules/_egg-session@3.1.0@egg-session/config/config.default.js",
    "start": 1535453268497,
    "end": 1535453268497,
    "duration": 0,
    "pid": 15832,
    "index": 4
  },
  {
    "name": "Require(2) node_modules/_egg-security@2.2.3@egg-security/config/config.default.js",
    "start": 1535453268498,
    "end": 1535453268499,
    "duration": 1,
    "pid": 15832,
    "index": 5
  },
  {
    "name": "Require(3) node_modules/_egg-jsonp@2.0.0@egg-jsonp/config/config.default.js",
    "start": 1535453268500,
    "end": 1535453268501,
    "duration": 1,
    "pid": 15832,
    "index": 6
  },
  {
    "name": "Require(4) node_modules/_egg-onerror@2.1.0@egg-onerror/config/config.default.js",
    "start": 1535453268502,
    "end": 1535453268502,
    "duration": 0,
    "pid": 15832,
    "index": 7
  },
  {
    "name": "Require(5) node_modules/_egg-i18n@2.0.0@egg-i18n/config/config.default.js",
    "start": 1535453268503,
    "end": 1535453268503,
    "duration": 0,
    "pid": 15832,
    "index": 8
  },
  {
    "name": "Require(6) node_modules/_egg-watcher@3.0.0@egg-watcher/config/config.default.js",
    "start": 1535453268504,
    "end": 1535453268504,
    "duration": 0,
    "pid": 15832,
    "index": 9
  },
  {
    "name": "Require(7) node_modules/_egg-multipart@2.1.0@egg-multipart/config/config.default.js",
    "start": 1535453268505,
    "end": 1535453268508,
    "duration": 3,
    "pid": 15832,
    "index": 10
  },
  {
    "name": "Require(8) node_modules/_egg-development@2.4.1@egg-development/config/config.default.js",
    "start": 1535453268509,
    "end": 1535453268510,
    "duration": 1,
    "pid": 15832,
    "index": 11
  },
  {
    "name": "Require(9) node_modules/_egg-schedule@3.3.0@egg-schedule/config/config.default.js",
    "start": 1535453268511,
    "end": 1535453268511,
    "duration": 0,
    "pid": 15832,
    "index": 12
  },
  {
    "name": "Require(10) node_modules/_egg-logrotator@3.0.3@egg-logrotator/config/config.default.js",
    "start": 1535453268512,
    "end": 1535453268513,
    "duration": 1,
    "pid": 15832,
    "index": 13
  },
  {
    "name": "Require(11) node_modules/_egg-static@2.1.1@egg-static/config/config.default.js",
    "start": 1535453268513,
    "end": 1535453268514,
    "duration": 1,
    "pid": 15832,
    "index": 14
  },
  {
    "name": "Require(12) node_modules/_egg-view@2.1.0@egg-view/config/config.default.js",
    "start": 1535453268514,
    "end": 1535453268515,
    "duration": 1,
    "pid": 15832,
    "index": 15
  },
  {
    "name": "Require(13) node_modules/_egg-view-ejs@2.0.0@egg-view-ejs/config/config.default.js",
    "start": 1535453268515,
    "end": 1535453268516,
    "duration": 1,
    "pid": 15832,
    "index": 16
  },
  {
    "name": "Require(14) node_modules/_egg-mysql@3.0.0@egg-mysql/config/config.default.js",
    "start": 1535453268517,
    "end": 1535453268517,
    "duration": 0,
    "pid": 15832,
    "index": 17
  },
  {
    "name": "Require(15) node_modules/_egg@2.10.0@egg/config/config.default.js",
    "start": 1535453268517,
    "end": 1535453268518,
    "duration": 1,
    "pid": 15832,
    "index": 18
  },
  {
    "name": "Require(16) config/config.default.js",
    "start": 1535453268520,
    "end": 1535453268520,
    "duration": 0,
    "pid": 15832,
    "index": 19
  },
  {
    "name": "Require(17) node_modules/_egg-security@2.2.3@egg-security/config/config.local.js",
    "start": 1535453268521,
    "end": 1535453268521,
    "duration": 0,
    "pid": 15832,
    "index": 20
  },
  {
    "name": "Require(18) node_modules/_egg-watcher@3.0.0@egg-watcher/config/config.local.js",
    "start": 1535453268522,
    "end": 1535453268523,
    "duration": 1,
    "pid": 15832,
    "index": 21
  },
  {
    "name": "Require(19) node_modules/_egg-view@2.1.0@egg-view/config/config.local.js",
    "start": 1535453268525,
    "end": 1535453268525,
    "duration": 0,
    "pid": 15832,
    "index": 22
  },
  {
    "name": "Require(20) node_modules/_egg-view-ejs@2.0.0@egg-view-ejs/config/config.local.js",
    "start": 1535453268525,
    "end": 1535453268526,
    "duration": 1,
    "pid": 15832,
    "index": 23
  },
  {
    "name": "Require(21) node_modules/_egg@2.10.0@egg/config/config.local.js",
    "start": 1535453268526,
    "end": 1535453268527,
    "duration": 1,
    "pid": 15832,
    "index": 24
  },
  {
    "name": "Load extend/application.js",
    "start": 1535453268529,
    "end": 1535453268554,
    "duration": 25,
    "pid": 15832,
    "index": 25
  },
  {
    "name": "Require(22) node_modules/_egg-session@3.1.0@egg-session/app/extend/application.js",
    "start": 1535453268531,
    "end": 1535453268531,
    "duration": 0,
    "pid": 15832,
    "index": 26
  },
  {
    "name": "Require(23) node_modules/_egg-security@2.2.3@egg-security/app/extend/application.js",
    "start": 1535453268533,
    "end": 1535453268535,
    "duration": 2,
    "pid": 15832,
    "index": 27
  },
  {
    "name": "Require(24) node_modules/_egg-jsonp@2.0.0@egg-jsonp/app/extend/application.js",
    "start": 1535453268535,
    "end": 1535453268538,
    "duration": 3,
    "pid": 15832,
    "index": 28
  },
  {
    "name": "Require(25) node_modules/_egg-logrotator@3.0.3@egg-logrotator/app/extend/application.js",
    "start": 1535453268541,
    "end": 1535453268544,
    "duration": 3,
    "pid": 15832,
    "index": 29
  },
  {
    "name": "Require(26) node_modules/_egg-view@2.1.0@egg-view/app/extend/application.js",
    "start": 1535453268546,
    "end": 1535453268549,
    "duration": 3,
    "pid": 15832,
    "index": 30
  },
  {
    "name": "Load extend/request.js",
    "start": 1535453268554,
    "end": 1535453268570,
    "duration": 16,
    "pid": 15832,
    "index": 31
  },
  {
    "name": "Require(27) node_modules/_egg@2.10.0@egg/app/extend/request.js",
    "start": 1535453268559,
    "end": 1535453268563,
    "duration": 4,
    "pid": 15832,
    "index": 32
  },
  {
    "name": "Load extend/response.js",
    "start": 1535453268570,
    "end": 1535453268600,
    "duration": 30,
    "pid": 15832,
    "index": 33
  },
  {
    "name": "Require(28) node_modules/_egg@2.10.0@egg/app/extend/response.js",
    "start": 1535453268581,
    "end": 1535453268587,
    "duration": 6,
    "pid": 15832,
    "index": 34
  },
  {
    "name": "Load extend/context.js",
    "start": 1535453268600,
    "end": 1535453268735,
    "duration": 135,
    "pid": 15832,
    "index": 35
  },
  {
    "name": "Require(29) node_modules/_egg-security@2.2.3@egg-security/app/extend/context.js",
    "start": 1535453268602,
    "end": 1535453268643,
    "duration": 41,
    "pid": 15832,
    "index": 36
  },
  {
    "name": "Require(30) node_modules/_egg-jsonp@2.0.0@egg-jsonp/app/extend/context.js",
    "start": 1535453268648,
    "end": 1535453268653,
    "duration": 5,
    "pid": 15832,
    "index": 37
  },
  {
    "name": "Require(31) node_modules/_egg-i18n@2.0.0@egg-i18n/app/extend/context.js",
    "start": 1535453268656,
    "end": 1535453268656,
    "duration": 0,
    "pid": 15832,
    "index": 38
  },
  {
    "name": "Require(32) node_modules/_egg-multipart@2.1.0@egg-multipart/app/extend/context.js",
    "start": 1535453268662,
    "end": 1535453268723,
    "duration": 61,
    "pid": 15832,
    "index": 39
  },
  {
    "name": "Require(33) node_modules/_egg-view@2.1.0@egg-view/app/extend/context.js",
    "start": 1535453268724,
    "end": 1535453268726,
    "duration": 2,
    "pid": 15832,
    "index": 40
  },
  {
    "name": "Require(34) node_modules/_egg@2.10.0@egg/app/extend/context.js",
    "start": 1535453268726,
    "end": 1535453268729,
    "duration": 3,
    "pid": 15832,
    "index": 41
  },
  {
    "name": "Load extend/helper.js",
    "start": 1535453268735,
    "end": 1535453268772,
    "duration": 37,
    "pid": 15832,
    "index": 42
  },
  {
    "name": "Require(35) node_modules/_egg-security@2.2.3@egg-security/app/extend/helper.js",
    "start": 1535453268736,
    "end": 1535453268763,
    "duration": 27,
    "pid": 15832,
    "index": 43
  },
  {
    "name": "Require(36) node_modules/_egg@2.10.0@egg/app/extend/helper.js",
    "start": 1535453268767,
    "end": 1535453268768,
    "duration": 1,
    "pid": 15832,
    "index": 44
  },
  {
    "name": "Load app.js",
    "start": 1535453268772,
    "end": 1535453269037,
    "duration": 265,
    "pid": 15832,
    "index": 45
  },
  {
    "name": "Require(37) node_modules/_egg-session@3.1.0@egg-session/app.js",
    "start": 1535453268773,
    "end": 1535453268773,
    "duration": 0,
    "pid": 15832,
    "index": 46
  },
  {
    "name": "Require(38) node_modules/_egg-security@2.2.3@egg-security/app.js",
    "start": 1535453268774,
    "end": 1535453268777,
    "duration": 3,
    "pid": 15832,
    "index": 47
  },
  {
    "name": "Require(39) node_modules/_egg-onerror@2.1.0@egg-onerror/app.js",
    "start": 1535453268779,
    "end": 1535453268792,
    "duration": 13,
    "pid": 15832,
    "index": 48
  },
  {
    "name": "Require(40) node_modules/_egg-i18n@2.0.0@egg-i18n/app.js",
    "start": 1535453268793,
    "end": 1535453268806,
    "duration": 13,
    "pid": 15832,
    "index": 49
  },
  {
    "name": "Require(41) node_modules/_egg-watcher@3.0.0@egg-watcher/app.js",
    "start": 1535453268810,
    "end": 1535453268816,
    "duration": 6,
    "pid": 15832,
    "index": 50
  },
  {
    "name": "Before Start in node_modules/_egg-watcher@3.0.0@egg-watcher/app.js:15:7",
    "start": 1535453268826,
    "end": 1535453269260,
    "duration": 434,
    "pid": 15832,
    "index": 51
  },
  {
    "name": "Require(42) node_modules/_egg-multipart@2.1.0@egg-multipart/app.js",
    "start": 1535453268828,
    "end": 1535453268836,
    "duration": 8,
    "pid": 15832,
    "index": 52
  },
  {
    "name": "Require(43) node_modules/_egg-development@2.4.1@egg-development/app.js",
    "start": 1535453268837,
    "end": 1535453268837,
    "duration": 0,
    "pid": 15832,
    "index": 53
  },
  {
    "name": "Require(44) node_modules/_egg-schedule@3.3.0@egg-schedule/app.js",
    "start": 1535453268838,
    "end": 1535453268841,
    "duration": 3,
    "pid": 15832,
    "index": 54
  },
  {
    "name": "Require(45) node_modules/_egg-logrotator@3.0.3@egg-logrotator/app.js",
    "start": 1535453268887,
    "end": 1535453268888,
    "duration": 1,
    "pid": 15832,
    "index": 55
  },
  {
    "name": "Require(46) node_modules/_egg-static@2.1.1@egg-static/app.js",
    "start": 1535453268889,
    "end": 1535453268889,
    "duration": 0,
    "pid": 15832,
    "index": 56
  },
  {
    "name": "Require(47) node_modules/_egg-view-ejs@2.0.0@egg-view-ejs/app.js",
    "start": 1535453268890,
    "end": 1535453268891,
    "duration": 1,
    "pid": 15832,
    "index": 57
  },
  {
    "name": "Require(48) node_modules/_egg-mysql@3.0.0@egg-mysql/app.js",
    "start": 1535453268899,
    "end": 1535453268924,
    "duration": 25,
    "pid": 15832,
    "index": 58
  },
  {
    "name": "Before Start in node_modules/_egg-mysql@3.0.0@egg-mysql/lib/mysql.js:20:7",
    "start": 1535453269036,
    "end": 1535453269266,
    "duration": 230,
    "pid": 15832,
    "index": 59
  },
  {
    "name": "Load Service",
    "start": 1535453269038,
    "end": 1535453269044,
    "duration": 6,
    "pid": 15832,
    "index": 60
  },
  {
    "name": "Load \"service\" to Context",
    "start": 1535453269038,
    "end": 1535453269044,
    "duration": 6,
    "pid": 15832,
    "index": 61
  },
  {
    "name": "Load Middleware",
    "start": 1535453269044,
    "end": 1535453269199,
    "duration": 155,
    "pid": 15832,
    "index": 62
  },
  {
    "name": "Load \"middlewares\" to Application",
    "start": 1535453269044,
    "end": 1535453269181,
    "duration": 137,
    "pid": 15832,
    "index": 63
  },
  {
    "name": "Load Controller",
    "start": 1535453269199,
    "end": 1535453269210,
    "duration": 11,
    "pid": 15832,
    "index": 64
  },
  {
    "name": "Load \"controller\" to Application",
    "start": 1535453269199,
    "end": 1535453269210,
    "duration": 11,
    "pid": 15832,
    "index": 65
  },
  {
    "name": "Load Router",
    "start": 1535453269210,
    "end": 1535453269215,
    "duration": 5,
    "pid": 15832,
    "index": 66
  },
  {
    "name": "Require(49) app/router.js",
    "start": 1535453269210,
    "end": 1535453269211,
    "duration": 1,
    "pid": 15832,
    "index": 67
  },
  {
    "name": "Before Start in node_modules/_egg-core@4.9.1@egg-core/lib/egg.js:328:10",
    "start": 1535453269212,
    "end": 1535453269237,
    "duration": 25,
    "pid": 15832,
    "index": 68
  }
]