[
  {
    "name": "Application Start",
    "start": 1535452110409,
    "end": 1535452111234,
    "duration": 825,
    "pid": 18304,
    "index": 0
  },
  {
    "name": "Load Plugin",
    "start": 1535452110416,
    "end": 1535452110458,
    "duration": 42,
    "pid": 18304,
    "index": 1
  },
  {
    "name": "Load Config",
    "start": 1535452110458,
    "end": 1535452110501,
    "duration": 43,
    "pid": 18304,
    "index": 2
  },
  {
    "name": "Require(0) config/config.default.js",
    "start": 1535452110459,
    "end": 1535452110460,
    "duration": 1,
    "pid": 18304,
    "index": 3
  },
  {
    "name": "Require(1) node_modules/_egg-session@3.1.0@egg-session/config/config.default.js",
    "start": 1535452110462,
    "end": 1535452110462,
    "duration": 0,
    "pid": 18304,
    "index": 4
  },
  {
    "name": "Require(2) node_modules/_egg-security@2.2.3@egg-security/config/config.default.js",
    "start": 1535452110463,
    "end": 1535452110464,
    "duration": 1,
    "pid": 18304,
    "index": 5
  },
  {
    "name": "Require(3) node_modules/_egg-jsonp@2.0.0@egg-jsonp/config/config.default.js",
    "start": 1535452110465,
    "end": 1535452110466,
    "duration": 1,
    "pid": 18304,
    "index": 6
  },
  {
    "name": "Require(4) node_modules/_egg-onerror@2.1.0@egg-onerror/config/config.default.js",
    "start": 1535452110467,
    "end": 1535452110468,
    "duration": 1,
    "pid": 18304,
    "index": 7
  },
  {
    "name": "Require(5) node_modules/_egg-i18n@2.0.0@egg-i18n/config/config.default.js",
    "start": 1535452110468,
    "end": 1535452110469,
    "duration": 1,
    "pid": 18304,
    "index": 8
  },
  {
    "name": "Require(6) node_modules/_egg-watcher@3.0.0@egg-watcher/config/config.default.js",
    "start": 1535452110470,
    "end": 1535452110470,
    "duration": 0,
    "pid": 18304,
    "index": 9
  },
  {
    "name": "Require(7) node_modules/_egg-multipart@2.1.0@egg-multipart/config/config.default.js",
    "start": 1535452110471,
    "end": 1535452110471,
    "duration": 0,
    "pid": 18304,
    "index": 10
  },
  {
    "name": "Require(8) node_modules/_egg-development@2.4.1@egg-development/config/config.default.js",
    "start": 1535452110472,
    "end": 1535452110473,
    "duration": 1,
    "pid": 18304,
    "index": 11
  },
  {
    "name": "Require(9) node_modules/_egg-schedule@3.3.0@egg-schedule/config/config.default.js",
    "start": 1535452110473,
    "end": 1535452110474,
    "duration": 1,
    "pid": 18304,
    "index": 12
  },
  {
    "name": "Require(10) node_modules/_egg-logrotator@3.0.3@egg-logrotator/config/config.default.js",
    "start": 1535452110475,
    "end": 1535452110475,
    "duration": 0,
    "pid": 18304,
    "index": 13
  },
  {
    "name": "Require(11) node_modules/_egg-static@2.1.1@egg-static/config/config.default.js",
    "start": 1535452110476,
    "end": 1535452110476,
    "duration": 0,
    "pid": 18304,
    "index": 14
  },
  {
    "name": "Require(12) node_modules/_egg-view@2.1.0@egg-view/config/config.default.js",
    "start": 1535452110477,
    "end": 1535452110477,
    "duration": 0,
    "pid": 18304,
    "index": 15
  },
  {
    "name": "Require(13) node_modules/_egg-view-ejs@2.0.0@egg-view-ejs/config/config.default.js",
    "start": 1535452110478,
    "end": 1535452110479,
    "duration": 1,
    "pid": 18304,
    "index": 16
  },
  {
    "name": "Require(14) node_modules/_egg-mysql@3.0.0@egg-mysql/config/config.default.js",
    "start": 1535452110480,
    "end": 1535452110481,
    "duration": 1,
    "pid": 18304,
    "index": 17
  },
  {
    "name": "Require(15) node_modules/_egg@2.10.0@egg/config/config.default.js",
    "start": 1535452110482,
    "end": 1535452110483,
    "duration": 1,
    "pid": 18304,
    "index": 18
  },
  {
    "name": "Require(16) config/config.default.js",
    "start": 1535452110485,
    "end": 1535452110485,
    "duration": 0,
    "pid": 18304,
    "index": 19
  },
  {
    "name": "Require(17) node_modules/_egg-security@2.2.3@egg-security/config/config.local.js",
    "start": 1535452110487,
    "end": 1535452110487,
    "duration": 0,
    "pid": 18304,
    "index": 20
  },
  {
    "name": "Require(18) node_modules/_egg-watcher@3.0.0@egg-watcher/config/config.local.js",
    "start": 1535452110490,
    "end": 1535452110494,
    "duration": 4,
    "pid": 18304,
    "index": 21
  },
  {
    "name": "Require(19) node_modules/_egg-view@2.1.0@egg-view/config/config.local.js",
    "start": 1535452110497,
    "end": 1535452110498,
    "duration": 1,
    "pid": 18304,
    "index": 22
  },
  {
    "name": "Require(20) node_modules/_egg-view-ejs@2.0.0@egg-view-ejs/config/config.local.js",
    "start": 1535452110498,
    "end": 1535452110499,
    "duration": 1,
    "pid": 18304,
    "index": 23
  },
  {
    "name": "Require(21) node_modules/_egg@2.10.0@egg/config/config.local.js",
    "start": 1535452110500,
    "end": 1535452110501,
    "duration": 1,
    "pid": 18304,
    "index": 24
  },
  {
    "name": "Load extend/application.js",
    "start": 1535452110503,
    "end": 1535452110528,
    "duration": 25,
    "pid": 18304,
    "index": 25
  },
  {
    "name": "Require(22) node_modules/_egg-session@3.1.0@egg-session/app/extend/application.js",
    "start": 1535452110504,
    "end": 1535452110504,
    "duration": 0,
    "pid": 18304,
    "index": 26
  },
  {
    "name": "Require(23) node_modules/_egg-security@2.2.3@egg-security/app/extend/application.js",
    "start": 1535452110505,
    "end": 1535452110506,
    "duration": 1,
    "pid": 18304,
    "index": 27
  },
  {
    "name": "Require(24) node_modules/_egg-jsonp@2.0.0@egg-jsonp/app/extend/application.js",
    "start": 1535452110507,
    "end": 1535452110510,
    "duration": 3,
    "pid": 18304,
    "index": 28
  },
  {
    "name": "Require(25) node_modules/_egg-logrotator@3.0.3@egg-logrotator/app/extend/application.js",
    "start": 1535452110513,
    "end": 1535452110519,
    "duration": 6,
    "pid": 18304,
    "index": 29
  },
  {
    "name": "Require(26) node_modules/_egg-view@2.1.0@egg-view/app/extend/application.js",
    "start": 1535452110520,
    "end": 1535452110523,
    "duration": 3,
    "pid": 18304,
    "index": 30
  },
  {
    "name": "Load extend/request.js",
    "start": 1535452110528,
    "end": 1535452110541,
    "duration": 13,
    "pid": 18304,
    "index": 31
  },
  {
    "name": "Require(27) node_modules/_egg@2.10.0@egg/app/extend/request.js",
    "start": 1535452110533,
    "end": 1535452110536,
    "duration": 3,
    "pid": 18304,
    "index": 32
  },
  {
    "name": "Load extend/response.js",
    "start": 1535452110541,
    "end": 1535452110556,
    "duration": 15,
    "pid": 18304,
    "index": 33
  },
  {
    "name": "Require(28) node_modules/_egg@2.10.0@egg/app/extend/response.js",
    "start": 1535452110546,
    "end": 1535452110551,
    "duration": 5,
    "pid": 18304,
    "index": 34
  },
  {
    "name": "Load extend/context.js",
    "start": 1535452110556,
    "end": 1535452110662,
    "duration": 106,
    "pid": 18304,
    "index": 35
  },
  {
    "name": "Require(29) node_modules/_egg-security@2.2.3@egg-security/app/extend/context.js",
    "start": 1535452110557,
    "end": 1535452110578,
    "duration": 21,
    "pid": 18304,
    "index": 36
  },
  {
    "name": "Require(30) node_modules/_egg-jsonp@2.0.0@egg-jsonp/app/extend/context.js",
    "start": 1535452110579,
    "end": 1535452110582,
    "duration": 3,
    "pid": 18304,
    "index": 37
  },
  {
    "name": "Require(31) node_modules/_egg-i18n@2.0.0@egg-i18n/app/extend/context.js",
    "start": 1535452110583,
    "end": 1535452110583,
    "duration": 0,
    "pid": 18304,
    "index": 38
  },
  {
    "name": "Require(32) node_modules/_egg-multipart@2.1.0@egg-multipart/app/extend/context.js",
    "start": 1535452110584,
    "end": 1535452110650,
    "duration": 66,
    "pid": 18304,
    "index": 39
  },
  {
    "name": "Require(33) node_modules/_egg-view@2.1.0@egg-view/app/extend/context.js",
    "start": 1535452110651,
    "end": 1535452110653,
    "duration": 2,
    "pid": 18304,
    "index": 40
  },
  {
    "name": "Require(34) node_modules/_egg@2.10.0@egg/app/extend/context.js",
    "start": 1535452110654,
    "end": 1535452110657,
    "duration": 3,
    "pid": 18304,
    "index": 41
  },
  {
    "name": "Load extend/helper.js",
    "start": 1535452110662,
    "end": 1535452110701,
    "duration": 39,
    "pid": 18304,
    "index": 42
  },
  {
    "name": "Require(35) node_modules/_egg-security@2.2.3@egg-security/app/extend/helper.js",
    "start": 1535452110663,
    "end": 1535452110690,
    "duration": 27,
    "pid": 18304,
    "index": 43
  },
  {
    "name": "Require(36) node_modules/_egg@2.10.0@egg/app/extend/helper.js",
    "start": 1535452110695,
    "end": 1535452110695,
    "duration": 0,
    "pid": 18304,
    "index": 44
  },
  {
    "name": "Load app.js",
    "start": 1535452110701,
    "end": 1535452111016,
    "duration": 315,
    "pid": 18304,
    "index": 45
  },
  {
    "name": "Require(37) node_modules/_egg-session@3.1.0@egg-session/app.js",
    "start": 1535452110702,
    "end": 1535452110702,
    "duration": 0,
    "pid": 18304,
    "index": 46
  },
  {
    "name": "Require(38) node_modules/_egg-security@2.2.3@egg-security/app.js",
    "start": 1535452110703,
    "end": 1535452110706,
    "duration": 3,
    "pid": 18304,
    "index": 47
  },
  {
    "name": "Require(39) node_modules/_egg-onerror@2.1.0@egg-onerror/app.js",
    "start": 1535452110708,
    "end": 1535452110726,
    "duration": 18,
    "pid": 18304,
    "index": 48
  },
  {
    "name": "Require(40) node_modules/_egg-i18n@2.0.0@egg-i18n/app.js",
    "start": 1535452110728,
    "end": 1535452110745,
    "duration": 17,
    "pid": 18304,
    "index": 49
  },
  {
    "name": "Require(41) node_modules/_egg-watcher@3.0.0@egg-watcher/app.js",
    "start": 1535452110752,
    "end": 1535452110761,
    "duration": 9,
    "pid": 18304,
    "index": 50
  },
  {
    "name": "Before Start in node_modules/_egg-watcher@3.0.0@egg-watcher/app.js:15:7",
    "start": 1535452110774,
    "end": 1535452111229,
    "duration": 455,
    "pid": 18304,
    "index": 51
  },
  {
    "name": "Require(42) node_modules/_egg-multipart@2.1.0@egg-multipart/app.js",
    "start": 1535452110775,
    "end": 1535452110780,
    "duration": 5,
    "pid": 18304,
    "index": 52
  },
  {
    "name": "Require(43) node_modules/_egg-development@2.4.1@egg-development/app.js",
    "start": 1535452110782,
    "end": 1535452110782,
    "duration": 0,
    "pid": 18304,
    "index": 53
  },
  {
    "name": "Require(44) node_modules/_egg-schedule@3.3.0@egg-schedule/app.js",
    "start": 1535452110783,
    "end": 1535452110786,
    "duration": 3,
    "pid": 18304,
    "index": 54
  },
  {
    "name": "Require(45) node_modules/_egg-logrotator@3.0.3@egg-logrotator/app.js",
    "start": 1535452110843,
    "end": 1535452110843,
    "duration": 0,
    "pid": 18304,
    "index": 55
  },
  {
    "name": "Require(46) node_modules/_egg-static@2.1.1@egg-static/app.js",
    "start": 1535452110844,
    "end": 1535452110844,
    "duration": 0,
    "pid": 18304,
    "index": 56
  },
  {
    "name": "Require(47) node_modules/_egg-view-ejs@2.0.0@egg-view-ejs/app.js",
    "start": 1535452110846,
    "end": 1535452110846,
    "duration": 0,
    "pid": 18304,
    "index": 57
  },
  {
    "name": "Require(48) node_modules/_egg-mysql@3.0.0@egg-mysql/app.js",
    "start": 1535452110853,
    "end": 1535452110880,
    "duration": 27,
    "pid": 18304,
    "index": 58
  },
  {
    "name": "Before Start in node_modules/_egg-mysql@3.0.0@egg-mysql/lib/mysql.js:20:7",
    "start": 1535452111014,
    "end": 1535452111233,
    "duration": 219,
    "pid": 18304,
    "index": 59
  },
  {
    "name": "Load Service",
    "start": 1535452111016,
    "end": 1535452111024,
    "duration": 8,
    "pid": 18304,
    "index": 60
  },
  {
    "name": "Load \"service\" to Context",
    "start": 1535452111016,
    "end": 1535452111024,
    "duration": 8,
    "pid": 18304,
    "index": 61
  },
  {
    "name": "Load Middleware",
    "start": 1535452111025,
    "end": 1535452111175,
    "duration": 150,
    "pid": 18304,
    "index": 62
  },
  {
    "name": "Load \"middlewares\" to Application",
    "start": 1535452111025,
    "end": 1535452111156,
    "duration": 131,
    "pid": 18304,
    "index": 63
  },
  {
    "name": "Load Controller",
    "start": 1535452111176,
    "end": 1535452111179,
    "duration": 3,
    "pid": 18304,
    "index": 64
  },
  {
    "name": "Load \"controller\" to Application",
    "start": 1535452111176,
    "end": 1535452111179,
    "duration": 3,
    "pid": 18304,
    "index": 65
  },
  {
    "name": "Load Router",
    "start": 1535452111179,
    "end": 1535452111182,
    "duration": 3,
    "pid": 18304,
    "index": 66
  },
  {
    "name": "Require(49) app/router.js",
    "start": 1535452111180,
    "end": 1535452111180,
    "duration": 0,
    "pid": 18304,
    "index": 67
  },
  {
    "name": "Before Start in node_modules/_egg-core@4.9.1@egg-core/lib/egg.js:328:10",
    "start": 1535452111180,
    "end": 1535452111206,
    "duration": 26,
    "pid": 18304,
    "index": 68
  }
]