[
  {
    "name": "Application Start",
    "start": 1535452526857,
    "end": 1535452527655,
    "duration": 798,
    "pid": 9544,
    "index": 0
  },
  {
    "name": "Load Plugin",
    "start": 1535452526865,
    "end": 1535452526899,
    "duration": 34,
    "pid": 9544,
    "index": 1
  },
  {
    "name": "Load Config",
    "start": 1535452526899,
    "end": 1535452526937,
    "duration": 38,
    "pid": 9544,
    "index": 2
  },
  {
    "name": "Require(0) config/config.default.js",
    "start": 1535452526900,
    "end": 1535452526900,
    "duration": 0,
    "pid": 9544,
    "index": 3
  },
  {
    "name": "Require(1) node_modules/_egg-session@3.1.0@egg-session/config/config.default.js",
    "start": 1535452526902,
    "end": 1535452526903,
    "duration": 1,
    "pid": 9544,
    "index": 4
  },
  {
    "name": "Require(2) node_modules/_egg-security@2.2.3@egg-security/config/config.default.js",
    "start": 1535452526904,
    "end": 1535452526905,
    "duration": 1,
    "pid": 9544,
    "index": 5
  },
  {
    "name": "Require(3) node_modules/_egg-jsonp@2.0.0@egg-jsonp/config/config.default.js",
    "start": 1535452526906,
    "end": 1535452526906,
    "duration": 0,
    "pid": 9544,
    "index": 6
  },
  {
    "name": "Require(4) node_modules/_egg-onerror@2.1.0@egg-onerror/config/config.default.js",
    "start": 1535452526907,
    "end": 1535452526908,
    "duration": 1,
    "pid": 9544,
    "index": 7
  },
  {
    "name": "Require(5) node_modules/_egg-i18n@2.0.0@egg-i18n/config/config.default.js",
    "start": 1535452526908,
    "end": 1535452526909,
    "duration": 1,
    "pid": 9544,
    "index": 8
  },
  {
    "name": "Require(6) node_modules/_egg-watcher@3.0.0@egg-watcher/config/config.default.js",
    "start": 1535452526910,
    "end": 1535452526910,
    "duration": 0,
    "pid": 9544,
    "index": 9
  },
  {
    "name": "Require(7) node_modules/_egg-multipart@2.1.0@egg-multipart/config/config.default.js",
    "start": 1535452526911,
    "end": 1535452526911,
    "duration": 0,
    "pid": 9544,
    "index": 10
  },
  {
    "name": "Require(8) node_modules/_egg-development@2.4.1@egg-development/config/config.default.js",
    "start": 1535452526912,
    "end": 1535452526913,
    "duration": 1,
    "pid": 9544,
    "index": 11
  },
  {
    "name": "Require(9) node_modules/_egg-schedule@3.3.0@egg-schedule/config/config.default.js",
    "start": 1535452526913,
    "end": 1535452526914,
    "duration": 1,
    "pid": 9544,
    "index": 12
  },
  {
    "name": "Require(10) node_modules/_egg-logrotator@3.0.3@egg-logrotator/config/config.default.js",
    "start": 1535452526914,
    "end": 1535452526915,
    "duration": 1,
    "pid": 9544,
    "index": 13
  },
  {
    "name": "Require(11) node_modules/_egg-static@2.1.1@egg-static/config/config.default.js",
    "start": 1535452526915,
    "end": 1535452526916,
    "duration": 1,
    "pid": 9544,
    "index": 14
  },
  {
    "name": "Require(12) node_modules/_egg-view@2.1.0@egg-view/config/config.default.js",
    "start": 1535452526917,
    "end": 1535452526917,
    "duration": 0,
    "pid": 9544,
    "index": 15
  },
  {
    "name": "Require(13) node_modules/_egg-view-ejs@2.0.0@egg-view-ejs/config/config.default.js",
    "start": 1535452526918,
    "end": 1535452526918,
    "duration": 0,
    "pid": 9544,
    "index": 16
  },
  {
    "name": "Require(14) node_modules/_egg-mysql@3.0.0@egg-mysql/config/config.default.js",
    "start": 1535452526919,
    "end": 1535452526919,
    "duration": 0,
    "pid": 9544,
    "index": 17
  },
  {
    "name": "Require(15) node_modules/_egg@2.10.0@egg/config/config.default.js",
    "start": 1535452526920,
    "end": 1535452526921,
    "duration": 1,
    "pid": 9544,
    "index": 18
  },
  {
    "name": "Require(16) config/config.default.js",
    "start": 1535452526924,
    "end": 1535452526924,
    "duration": 0,
    "pid": 9544,
    "index": 19
  },
  {
    "name": "Require(17) node_modules/_egg-security@2.2.3@egg-security/config/config.local.js",
    "start": 1535452526925,
    "end": 1535452526925,
    "duration": 0,
    "pid": 9544,
    "index": 20
  },
  {
    "name": "Require(18) node_modules/_egg-watcher@3.0.0@egg-watcher/config/config.local.js",
    "start": 1535452526927,
    "end": 1535452526927,
    "duration": 0,
    "pid": 9544,
    "index": 21
  },
  {
    "name": "Require(19) node_modules/_egg-view@2.1.0@egg-view/config/config.local.js",
    "start": 1535452526929,
    "end": 1535452526930,
    "duration": 1,
    "pid": 9544,
    "index": 22
  },
  {
    "name": "Require(20) node_modules/_egg-view-ejs@2.0.0@egg-view-ejs/config/config.local.js",
    "start": 1535452526930,
    "end": 1535452526931,
    "duration": 1,
    "pid": 9544,
    "index": 23
  },
  {
    "name": "Require(21) node_modules/_egg@2.10.0@egg/config/config.local.js",
    "start": 1535452526931,
    "end": 1535452526936,
    "duration": 5,
    "pid": 9544,
    "index": 24
  },
  {
    "name": "Load extend/application.js",
    "start": 1535452526939,
    "end": 1535452526974,
    "duration": 35,
    "pid": 9544,
    "index": 25
  },
  {
    "name": "Require(22) node_modules/_egg-session@3.1.0@egg-session/app/extend/application.js",
    "start": 1535452526940,
    "end": 1535452526940,
    "duration": 0,
    "pid": 9544,
    "index": 26
  },
  {
    "name": "Require(23) node_modules/_egg-security@2.2.3@egg-security/app/extend/application.js",
    "start": 1535452526941,
    "end": 1535452526943,
    "duration": 2,
    "pid": 9544,
    "index": 27
  },
  {
    "name": "Require(24) node_modules/_egg-jsonp@2.0.0@egg-jsonp/app/extend/application.js",
    "start": 1535452526943,
    "end": 1535452526947,
    "duration": 4,
    "pid": 9544,
    "index": 28
  },
  {
    "name": "Require(25) node_modules/_egg-logrotator@3.0.3@egg-logrotator/app/extend/application.js",
    "start": 1535452526950,
    "end": 1535452526958,
    "duration": 8,
    "pid": 9544,
    "index": 29
  },
  {
    "name": "Require(26) node_modules/_egg-view@2.1.0@egg-view/app/extend/application.js",
    "start": 1535452526960,
    "end": 1535452526962,
    "duration": 2,
    "pid": 9544,
    "index": 30
  },
  {
    "name": "Load extend/request.js",
    "start": 1535452526975,
    "end": 1535452526995,
    "duration": 20,
    "pid": 9544,
    "index": 31
  },
  {
    "name": "Require(27) node_modules/_egg@2.10.0@egg/app/extend/request.js",
    "start": 1535452526984,
    "end": 1535452526987,
    "duration": 3,
    "pid": 9544,
    "index": 32
  },
  {
    "name": "Load extend/response.js",
    "start": 1535452526995,
    "end": 1535452527013,
    "duration": 18,
    "pid": 9544,
    "index": 33
  },
  {
    "name": "Require(28) node_modules/_egg@2.10.0@egg/app/extend/response.js",
    "start": 1535452527003,
    "end": 1535452527008,
    "duration": 5,
    "pid": 9544,
    "index": 34
  },
  {
    "name": "Load extend/context.js",
    "start": 1535452527013,
    "end": 1535452527102,
    "duration": 89,
    "pid": 9544,
    "index": 35
  },
  {
    "name": "Require(29) node_modules/_egg-security@2.2.3@egg-security/app/extend/context.js",
    "start": 1535452527014,
    "end": 1535452527034,
    "duration": 20,
    "pid": 9544,
    "index": 36
  },
  {
    "name": "Require(30) node_modules/_egg-jsonp@2.0.0@egg-jsonp/app/extend/context.js",
    "start": 1535452527035,
    "end": 1535452527037,
    "duration": 2,
    "pid": 9544,
    "index": 37
  },
  {
    "name": "Require(31) node_modules/_egg-i18n@2.0.0@egg-i18n/app/extend/context.js",
    "start": 1535452527038,
    "end": 1535452527038,
    "duration": 0,
    "pid": 9544,
    "index": 38
  },
  {
    "name": "Require(32) node_modules/_egg-multipart@2.1.0@egg-multipart/app/extend/context.js",
    "start": 1535452527039,
    "end": 1535452527091,
    "duration": 52,
    "pid": 9544,
    "index": 39
  },
  {
    "name": "Require(33) node_modules/_egg-view@2.1.0@egg-view/app/extend/context.js",
    "start": 1535452527093,
    "end": 1535452527094,
    "duration": 1,
    "pid": 9544,
    "index": 40
  },
  {
    "name": "Require(34) node_modules/_egg@2.10.0@egg/app/extend/context.js",
    "start": 1535452527095,
    "end": 1535452527098,
    "duration": 3,
    "pid": 9544,
    "index": 41
  },
  {
    "name": "Load extend/helper.js",
    "start": 1535452527102,
    "end": 1535452527140,
    "duration": 38,
    "pid": 9544,
    "index": 42
  },
  {
    "name": "Require(35) node_modules/_egg-security@2.2.3@egg-security/app/extend/helper.js",
    "start": 1535452527103,
    "end": 1535452527129,
    "duration": 26,
    "pid": 9544,
    "index": 43
  },
  {
    "name": "Require(36) node_modules/_egg@2.10.0@egg/app/extend/helper.js",
    "start": 1535452527133,
    "end": 1535452527133,
    "duration": 0,
    "pid": 9544,
    "index": 44
  },
  {
    "name": "Load app.js",
    "start": 1535452527140,
    "end": 1535452527461,
    "duration": 321,
    "pid": 9544,
    "index": 45
  },
  {
    "name": "Require(37) node_modules/_egg-session@3.1.0@egg-session/app.js",
    "start": 1535452527141,
    "end": 1535452527141,
    "duration": 0,
    "pid": 9544,
    "index": 46
  },
  {
    "name": "Require(38) node_modules/_egg-security@2.2.3@egg-security/app.js",
    "start": 1535452527142,
    "end": 1535452527146,
    "duration": 4,
    "pid": 9544,
    "index": 47
  },
  {
    "name": "Require(39) node_modules/_egg-onerror@2.1.0@egg-onerror/app.js",
    "start": 1535452527148,
    "end": 1535452527165,
    "duration": 17,
    "pid": 9544,
    "index": 48
  },
  {
    "name": "Require(40) node_modules/_egg-i18n@2.0.0@egg-i18n/app.js",
    "start": 1535452527167,
    "end": 1535452527181,
    "duration": 14,
    "pid": 9544,
    "index": 49
  },
  {
    "name": "Require(41) node_modules/_egg-watcher@3.0.0@egg-watcher/app.js",
    "start": 1535452527187,
    "end": 1535452527194,
    "duration": 7,
    "pid": 9544,
    "index": 50
  },
  {
    "name": "Before Start in node_modules/_egg-watcher@3.0.0@egg-watcher/app.js:15:7",
    "start": 1535452527214,
    "end": 1535452527651,
    "duration": 437,
    "pid": 9544,
    "index": 51
  },
  {
    "name": "Require(42) node_modules/_egg-multipart@2.1.0@egg-multipart/app.js",
    "start": 1535452527216,
    "end": 1535452527222,
    "duration": 6,
    "pid": 9544,
    "index": 52
  },
  {
    "name": "Require(43) node_modules/_egg-development@2.4.1@egg-development/app.js",
    "start": 1535452527224,
    "end": 1535452527225,
    "duration": 1,
    "pid": 9544,
    "index": 53
  },
  {
    "name": "Require(44) node_modules/_egg-schedule@3.3.0@egg-schedule/app.js",
    "start": 1535452527226,
    "end": 1535452527229,
    "duration": 3,
    "pid": 9544,
    "index": 54
  },
  {
    "name": "Require(45) node_modules/_egg-logrotator@3.0.3@egg-logrotator/app.js",
    "start": 1535452527293,
    "end": 1535452527294,
    "duration": 1,
    "pid": 9544,
    "index": 55
  },
  {
    "name": "Require(46) node_modules/_egg-static@2.1.1@egg-static/app.js",
    "start": 1535452527295,
    "end": 1535452527295,
    "duration": 0,
    "pid": 9544,
    "index": 56
  },
  {
    "name": "Require(47) node_modules/_egg-view-ejs@2.0.0@egg-view-ejs/app.js",
    "start": 1535452527297,
    "end": 1535452527297,
    "duration": 0,
    "pid": 9544,
    "index": 57
  },
  {
    "name": "Require(48) node_modules/_egg-mysql@3.0.0@egg-mysql/app.js",
    "start": 1535452527305,
    "end": 1535452527340,
    "duration": 35,
    "pid": 9544,
    "index": 58
  },
  {
    "name": "Before Start in node_modules/_egg-mysql@3.0.0@egg-mysql/lib/mysql.js:20:7",
    "start": 1535452527459,
    "end": 1535452527655,
    "duration": 196,
    "pid": 9544,
    "index": 59
  },
  {
    "name": "Load Service",
    "start": 1535452527461,
    "end": 1535452527469,
    "duration": 8,
    "pid": 9544,
    "index": 60
  },
  {
    "name": "Load \"service\" to Context",
    "start": 1535452527462,
    "end": 1535452527469,
    "duration": 7,
    "pid": 9544,
    "index": 61
  },
  {
    "name": "Load Middleware",
    "start": 1535452527469,
    "end": 1535452527607,
    "duration": 138,
    "pid": 9544,
    "index": 62
  },
  {
    "name": "Load \"middlewares\" to Application",
    "start": 1535452527469,
    "end": 1535452527587,
    "duration": 118,
    "pid": 9544,
    "index": 63
  },
  {
    "name": "Load Controller",
    "start": 1535452527607,
    "end": 1535452527610,
    "duration": 3,
    "pid": 9544,
    "index": 64
  },
  {
    "name": "Load \"controller\" to Application",
    "start": 1535452527607,
    "end": 1535452527610,
    "duration": 3,
    "pid": 9544,
    "index": 65
  },
  {
    "name": "Load Router",
    "start": 1535452527610,
    "end": 1535452527613,
    "duration": 3,
    "pid": 9544,
    "index": 66
  },
  {
    "name": "Require(49) app/router.js",
    "start": 1535452527611,
    "end": 1535452527611,
    "duration": 0,
    "pid": 9544,
    "index": 67
  },
  {
    "name": "Before Start in node_modules/_egg-core@4.9.1@egg-core/lib/egg.js:328:10",
    "start": 1535452527612,
    "end": 1535452527633,
    "duration": 21,
    "pid": 9544,
    "index": 68
  }
]