[
  {
    "name": "Application Start",
    "start": 1535468130671,
    "end": 1535468131745,
    "duration": 1074,
    "pid": 5472,
    "index": 0
  },
  {
    "name": "Load Plugin",
    "start": 1535468130682,
    "end": 1535468130735,
    "duration": 53,
    "pid": 5472,
    "index": 1
  },
  {
    "name": "Load Config",
    "start": 1535468130735,
    "end": 1535468130781,
    "duration": 46,
    "pid": 5472,
    "index": 2
  },
  {
    "name": "Require(0) config/config.default.js",
    "start": 1535468130737,
    "end": 1535468130737,
    "duration": 0,
    "pid": 5472,
    "index": 3
  },
  {
    "name": "Require(1) node_modules/_egg-session@3.1.0@egg-session/config/config.default.js",
    "start": 1535468130739,
    "end": 1535468130739,
    "duration": 0,
    "pid": 5472,
    "index": 4
  },
  {
    "name": "Require(2) node_modules/_egg-security@2.2.3@egg-security/config/config.default.js",
    "start": 1535468130740,
    "end": 1535468130741,
    "duration": 1,
    "pid": 5472,
    "index": 5
  },
  {
    "name": "Require(3) node_modules/_egg-jsonp@2.0.0@egg-jsonp/config/config.default.js",
    "start": 1535468130743,
    "end": 1535468130743,
    "duration": 0,
    "pid": 5472,
    "index": 6
  },
  {
    "name": "Require(4) node_modules/_egg-onerror@2.1.0@egg-onerror/config/config.default.js",
    "start": 1535468130744,
    "end": 1535468130745,
    "duration": 1,
    "pid": 5472,
    "index": 7
  },
  {
    "name": "Require(5) node_modules/_egg-i18n@2.0.0@egg-i18n/config/config.default.js",
    "start": 1535468130746,
    "end": 1535468130746,
    "duration": 0,
    "pid": 5472,
    "index": 8
  },
  {
    "name": "Require(6) node_modules/_egg-watcher@3.0.0@egg-watcher/config/config.default.js",
    "start": 1535468130747,
    "end": 1535468130748,
    "duration": 1,
    "pid": 5472,
    "index": 9
  },
  {
    "name": "Require(7) node_modules/_egg-multipart@2.1.0@egg-multipart/config/config.default.js",
    "start": 1535468130750,
    "end": 1535468130750,
    "duration": 0,
    "pid": 5472,
    "index": 10
  },
  {
    "name": "Require(8) node_modules/_egg-development@2.4.1@egg-development/config/config.default.js",
    "start": 1535468130752,
    "end": 1535468130752,
    "duration": 0,
    "pid": 5472,
    "index": 11
  },
  {
    "name": "Require(9) node_modules/_egg-schedule@3.3.0@egg-schedule/config/config.default.js",
    "start": 1535468130753,
    "end": 1535468130754,
    "duration": 1,
    "pid": 5472,
    "index": 12
  },
  {
    "name": "Require(10) node_modules/_egg-logrotator@3.0.3@egg-logrotator/config/config.default.js",
    "start": 1535468130755,
    "end": 1535468130755,
    "duration": 0,
    "pid": 5472,
    "index": 13
  },
  {
    "name": "Require(11) node_modules/_egg-static@2.1.1@egg-static/config/config.default.js",
    "start": 1535468130757,
    "end": 1535468130757,
    "duration": 0,
    "pid": 5472,
    "index": 14
  },
  {
    "name": "Require(12) node_modules/_egg-view@2.1.0@egg-view/config/config.default.js",
    "start": 1535468130758,
    "end": 1535468130759,
    "duration": 1,
    "pid": 5472,
    "index": 15
  },
  {
    "name": "Require(13) node_modules/_egg-view-ejs@2.0.0@egg-view-ejs/config/config.default.js",
    "start": 1535468130760,
    "end": 1535468130761,
    "duration": 1,
    "pid": 5472,
    "index": 16
  },
  {
    "name": "Require(14) node_modules/_egg-mysql@3.0.0@egg-mysql/config/config.default.js",
    "start": 1535468130762,
    "end": 1535468130763,
    "duration": 1,
    "pid": 5472,
    "index": 17
  },
  {
    "name": "Require(15) node_modules/_egg@2.10.0@egg/config/config.default.js",
    "start": 1535468130764,
    "end": 1535468130765,
    "duration": 1,
    "pid": 5472,
    "index": 18
  },
  {
    "name": "Require(16) config/config.default.js",
    "start": 1535468130767,
    "end": 1535468130767,
    "duration": 0,
    "pid": 5472,
    "index": 19
  },
  {
    "name": "Require(17) node_modules/_egg-security@2.2.3@egg-security/config/config.local.js",
    "start": 1535468130769,
    "end": 1535468130769,
    "duration": 0,
    "pid": 5472,
    "index": 20
  },
  {
    "name": "Require(18) node_modules/_egg-watcher@3.0.0@egg-watcher/config/config.local.js",
    "start": 1535468130772,
    "end": 1535468130772,
    "duration": 0,
    "pid": 5472,
    "index": 21
  },
  {
    "name": "Require(19) node_modules/_egg-view@2.1.0@egg-view/config/config.local.js",
    "start": 1535468130777,
    "end": 1535468130778,
    "duration": 1,
    "pid": 5472,
    "index": 22
  },
  {
    "name": "Require(20) node_modules/_egg-view-ejs@2.0.0@egg-view-ejs/config/config.local.js",
    "start": 1535468130778,
    "end": 1535468130779,
    "duration": 1,
    "pid": 5472,
    "index": 23
  },
  {
    "name": "Require(21) node_modules/_egg@2.10.0@egg/config/config.local.js",
    "start": 1535468130780,
    "end": 1535468130781,
    "duration": 1,
    "pid": 5472,
    "index": 24
  },
  {
    "name": "Load extend/application.js",
    "start": 1535468130783,
    "end": 1535468130817,
    "duration": 34,
    "pid": 5472,
    "index": 25
  },
  {
    "name": "Require(22) node_modules/_egg-session@3.1.0@egg-session/app/extend/application.js",
    "start": 1535468130785,
    "end": 1535468130785,
    "duration": 0,
    "pid": 5472,
    "index": 26
  },
  {
    "name": "Require(23) node_modules/_egg-security@2.2.3@egg-security/app/extend/application.js",
    "start": 1535468130786,
    "end": 1535468130788,
    "duration": 2,
    "pid": 5472,
    "index": 27
  },
  {
    "name": "Require(24) node_modules/_egg-jsonp@2.0.0@egg-jsonp/app/extend/application.js",
    "start": 1535468130789,
    "end": 1535468130793,
    "duration": 4,
    "pid": 5472,
    "index": 28
  },
  {
    "name": "Require(25) node_modules/_egg-logrotator@3.0.3@egg-logrotator/app/extend/application.js",
    "start": 1535468130795,
    "end": 1535468130805,
    "duration": 10,
    "pid": 5472,
    "index": 29
  },
  {
    "name": "Require(26) node_modules/_egg-view@2.1.0@egg-view/app/extend/application.js",
    "start": 1535468130806,
    "end": 1535468130811,
    "duration": 5,
    "pid": 5472,
    "index": 30
  },
  {
    "name": "Load extend/request.js",
    "start": 1535468130817,
    "end": 1535468130832,
    "duration": 15,
    "pid": 5472,
    "index": 31
  },
  {
    "name": "Require(27) node_modules/_egg@2.10.0@egg/app/extend/request.js",
    "start": 1535468130822,
    "end": 1535468130825,
    "duration": 3,
    "pid": 5472,
    "index": 32
  },
  {
    "name": "Load extend/response.js",
    "start": 1535468130832,
    "end": 1535468130849,
    "duration": 17,
    "pid": 5472,
    "index": 33
  },
  {
    "name": "Require(28) node_modules/_egg@2.10.0@egg/app/extend/response.js",
    "start": 1535468130838,
    "end": 1535468130843,
    "duration": 5,
    "pid": 5472,
    "index": 34
  },
  {
    "name": "Load extend/context.js",
    "start": 1535468130849,
    "end": 1535468130994,
    "duration": 145,
    "pid": 5472,
    "index": 35
  },
  {
    "name": "Require(29) node_modules/_egg-security@2.2.3@egg-security/app/extend/context.js",
    "start": 1535468130850,
    "end": 1535468130880,
    "duration": 30,
    "pid": 5472,
    "index": 36
  },
  {
    "name": "Require(30) node_modules/_egg-jsonp@2.0.0@egg-jsonp/app/extend/context.js",
    "start": 1535468130880,
    "end": 1535468130884,
    "duration": 4,
    "pid": 5472,
    "index": 37
  },
  {
    "name": "Require(31) node_modules/_egg-i18n@2.0.0@egg-i18n/app/extend/context.js",
    "start": 1535468130885,
    "end": 1535468130886,
    "duration": 1,
    "pid": 5472,
    "index": 38
  },
  {
    "name": "Require(32) node_modules/_egg-multipart@2.1.0@egg-multipart/app/extend/context.js",
    "start": 1535468130887,
    "end": 1535468130977,
    "duration": 90,
    "pid": 5472,
    "index": 39
  },
  {
    "name": "Require(33) node_modules/_egg-view@2.1.0@egg-view/app/extend/context.js",
    "start": 1535468130980,
    "end": 1535468130982,
    "duration": 2,
    "pid": 5472,
    "index": 40
  },
  {
    "name": "Require(34) node_modules/_egg@2.10.0@egg/app/extend/context.js",
    "start": 1535468130984,
    "end": 1535468130987,
    "duration": 3,
    "pid": 5472,
    "index": 41
  },
  {
    "name": "Load extend/helper.js",
    "start": 1535468130994,
    "end": 1535468131049,
    "duration": 55,
    "pid": 5472,
    "index": 42
  },
  {
    "name": "Require(35) node_modules/_egg-security@2.2.3@egg-security/app/extend/helper.js",
    "start": 1535468130995,
    "end": 1535468131035,
    "duration": 40,
    "pid": 5472,
    "index": 43
  },
  {
    "name": "Require(36) node_modules/_egg@2.10.0@egg/app/extend/helper.js",
    "start": 1535468131040,
    "end": 1535468131041,
    "duration": 1,
    "pid": 5472,
    "index": 44
  },
  {
    "name": "Load app.js",
    "start": 1535468131049,
    "end": 1535468131469,
    "duration": 420,
    "pid": 5472,
    "index": 45
  },
  {
    "name": "Require(37) node_modules/_egg-session@3.1.0@egg-session/app.js",
    "start": 1535468131050,
    "end": 1535468131050,
    "duration": 0,
    "pid": 5472,
    "index": 46
  },
  {
    "name": "Require(38) node_modules/_egg-security@2.2.3@egg-security/app.js",
    "start": 1535468131051,
    "end": 1535468131055,
    "duration": 4,
    "pid": 5472,
    "index": 47
  },
  {
    "name": "Require(39) node_modules/_egg-onerror@2.1.0@egg-onerror/app.js",
    "start": 1535468131058,
    "end": 1535468131079,
    "duration": 21,
    "pid": 5472,
    "index": 48
  },
  {
    "name": "Require(40) node_modules/_egg-i18n@2.0.0@egg-i18n/app.js",
    "start": 1535468131081,
    "end": 1535468131102,
    "duration": 21,
    "pid": 5472,
    "index": 49
  },
  {
    "name": "Require(41) node_modules/_egg-watcher@3.0.0@egg-watcher/app.js",
    "start": 1535468131109,
    "end": 1535468131118,
    "duration": 9,
    "pid": 5472,
    "index": 50
  },
  {
    "name": "Before Start in node_modules/_egg-watcher@3.0.0@egg-watcher/app.js:15:7",
    "start": 1535468131133,
    "end": 1535468131738,
    "duration": 605,
    "pid": 5472,
    "index": 51
  },
  {
    "name": "Require(42) node_modules/_egg-multipart@2.1.0@egg-multipart/app.js",
    "start": 1535468131135,
    "end": 1535468131142,
    "duration": 7,
    "pid": 5472,
    "index": 52
  },
  {
    "name": "Require(43) node_modules/_egg-development@2.4.1@egg-development/app.js",
    "start": 1535468131143,
    "end": 1535468131144,
    "duration": 1,
    "pid": 5472,
    "index": 53
  },
  {
    "name": "Require(44) node_modules/_egg-schedule@3.3.0@egg-schedule/app.js",
    "start": 1535468131145,
    "end": 1535468131149,
    "duration": 4,
    "pid": 5472,
    "index": 54
  },
  {
    "name": "Require(45) node_modules/_egg-logrotator@3.0.3@egg-logrotator/app.js",
    "start": 1535468131218,
    "end": 1535468131218,
    "duration": 0,
    "pid": 5472,
    "index": 55
  },
  {
    "name": "Require(46) node_modules/_egg-static@2.1.1@egg-static/app.js",
    "start": 1535468131219,
    "end": 1535468131220,
    "duration": 1,
    "pid": 5472,
    "index": 56
  },
  {
    "name": "Require(47) node_modules/_egg-view-ejs@2.0.0@egg-view-ejs/app.js",
    "start": 1535468131222,
    "end": 1535468131222,
    "duration": 0,
    "pid": 5472,
    "index": 57
  },
  {
    "name": "Require(48) node_modules/_egg-mysql@3.0.0@egg-mysql/app.js",
    "start": 1535468131234,
    "end": 1535468131266,
    "duration": 32,
    "pid": 5472,
    "index": 58
  },
  {
    "name": "Before Start in node_modules/_egg-mysql@3.0.0@egg-mysql/lib/mysql.js:20:7",
    "start": 1535468131467,
    "end": 1535468131744,
    "duration": 277,
    "pid": 5472,
    "index": 59
  },
  {
    "name": "Load Service",
    "start": 1535468131469,
    "end": 1535468131486,
    "duration": 17,
    "pid": 5472,
    "index": 60
  },
  {
    "name": "Load \"service\" to Context",
    "start": 1535468131470,
    "end": 1535468131486,
    "duration": 16,
    "pid": 5472,
    "index": 61
  },
  {
    "name": "Load Middleware",
    "start": 1535468131486,
    "end": 1535468131680,
    "duration": 194,
    "pid": 5472,
    "index": 62
  },
  {
    "name": "Load \"middlewares\" to Application",
    "start": 1535468131487,
    "end": 1535468131647,
    "duration": 160,
    "pid": 5472,
    "index": 63
  },
  {
    "name": "Load Controller",
    "start": 1535468131681,
    "end": 1535468131685,
    "duration": 4,
    "pid": 5472,
    "index": 64
  },
  {
    "name": "Load \"controller\" to Application",
    "start": 1535468131681,
    "end": 1535468131685,
    "duration": 4,
    "pid": 5472,
    "index": 65
  },
  {
    "name": "Load Router",
    "start": 1535468131685,
    "end": 1535468131688,
    "duration": 3,
    "pid": 5472,
    "index": 66
  },
  {
    "name": "Require(49) app/router.js",
    "start": 1535468131686,
    "end": 1535468131686,
    "duration": 0,
    "pid": 5472,
    "index": 67
  },
  {
    "name": "Before Start in node_modules/_egg-core@4.9.1@egg-core/lib/egg.js:328:10",
    "start": 1535468131686,
    "end": 1535468131713,
    "duration": 27,
    "pid": 5472,
    "index": 68
  }
]