[
  {
    "name": "Application Start",
    "start": 1535452783304,
    "end": 1535452784085,
    "duration": 781,
    "pid": 8956,
    "index": 0
  },
  {
    "name": "Load Plugin",
    "start": 1535452783311,
    "end": 1535452783347,
    "duration": 36,
    "pid": 8956,
    "index": 1
  },
  {
    "name": "Load Config",
    "start": 1535452783347,
    "end": 1535452783382,
    "duration": 35,
    "pid": 8956,
    "index": 2
  },
  {
    "name": "Require(0) config/config.default.js",
    "start": 1535452783348,
    "end": 1535452783349,
    "duration": 1,
    "pid": 8956,
    "index": 3
  },
  {
    "name": "Require(1) node_modules/_egg-session@3.1.0@egg-session/config/config.default.js",
    "start": 1535452783351,
    "end": 1535452783351,
    "duration": 0,
    "pid": 8956,
    "index": 4
  },
  {
    "name": "Require(2) node_modules/_egg-security@2.2.3@egg-security/config/config.default.js",
    "start": 1535452783352,
    "end": 1535452783352,
    "duration": 0,
    "pid": 8956,
    "index": 5
  },
  {
    "name": "Require(3) node_modules/_egg-jsonp@2.0.0@egg-jsonp/config/config.default.js",
    "start": 1535452783354,
    "end": 1535452783355,
    "duration": 1,
    "pid": 8956,
    "index": 6
  },
  {
    "name": "Require(4) node_modules/_egg-onerror@2.1.0@egg-onerror/config/config.default.js",
    "start": 1535452783355,
    "end": 1535452783356,
    "duration": 1,
    "pid": 8956,
    "index": 7
  },
  {
    "name": "Require(5) node_modules/_egg-i18n@2.0.0@egg-i18n/config/config.default.js",
    "start": 1535452783357,
    "end": 1535452783357,
    "duration": 0,
    "pid": 8956,
    "index": 8
  },
  {
    "name": "Require(6) node_modules/_egg-watcher@3.0.0@egg-watcher/config/config.default.js",
    "start": 1535452783358,
    "end": 1535452783358,
    "duration": 0,
    "pid": 8956,
    "index": 9
  },
  {
    "name": "Require(7) node_modules/_egg-multipart@2.1.0@egg-multipart/config/config.default.js",
    "start": 1535452783359,
    "end": 1535452783360,
    "duration": 1,
    "pid": 8956,
    "index": 10
  },
  {
    "name": "Require(8) node_modules/_egg-development@2.4.1@egg-development/config/config.default.js",
    "start": 1535452783360,
    "end": 1535452783361,
    "duration": 1,
    "pid": 8956,
    "index": 11
  },
  {
    "name": "Require(9) node_modules/_egg-schedule@3.3.0@egg-schedule/config/config.default.js",
    "start": 1535452783361,
    "end": 1535452783362,
    "duration": 1,
    "pid": 8956,
    "index": 12
  },
  {
    "name": "Require(10) node_modules/_egg-logrotator@3.0.3@egg-logrotator/config/config.default.js",
    "start": 1535452783363,
    "end": 1535452783363,
    "duration": 0,
    "pid": 8956,
    "index": 13
  },
  {
    "name": "Require(11) node_modules/_egg-static@2.1.1@egg-static/config/config.default.js",
    "start": 1535452783364,
    "end": 1535452783364,
    "duration": 0,
    "pid": 8956,
    "index": 14
  },
  {
    "name": "Require(12) node_modules/_egg-view@2.1.0@egg-view/config/config.default.js",
    "start": 1535452783365,
    "end": 1535452783365,
    "duration": 0,
    "pid": 8956,
    "index": 15
  },
  {
    "name": "Require(13) node_modules/_egg-view-ejs@2.0.0@egg-view-ejs/config/config.default.js",
    "start": 1535452783366,
    "end": 1535452783366,
    "duration": 0,
    "pid": 8956,
    "index": 16
  },
  {
    "name": "Require(14) node_modules/_egg-mysql@3.0.0@egg-mysql/config/config.default.js",
    "start": 1535452783367,
    "end": 1535452783367,
    "duration": 0,
    "pid": 8956,
    "index": 17
  },
  {
    "name": "Require(15) node_modules/_egg@2.10.0@egg/config/config.default.js",
    "start": 1535452783368,
    "end": 1535452783369,
    "duration": 1,
    "pid": 8956,
    "index": 18
  },
  {
    "name": "Require(16) config/config.default.js",
    "start": 1535452783371,
    "end": 1535452783371,
    "duration": 0,
    "pid": 8956,
    "index": 19
  },
  {
    "name": "Require(17) node_modules/_egg-security@2.2.3@egg-security/config/config.local.js",
    "start": 1535452783372,
    "end": 1535452783373,
    "duration": 1,
    "pid": 8956,
    "index": 20
  },
  {
    "name": "Require(18) node_modules/_egg-watcher@3.0.0@egg-watcher/config/config.local.js",
    "start": 1535452783377,
    "end": 1535452783377,
    "duration": 0,
    "pid": 8956,
    "index": 21
  },
  {
    "name": "Require(19) node_modules/_egg-view@2.1.0@egg-view/config/config.local.js",
    "start": 1535452783379,
    "end": 1535452783380,
    "duration": 1,
    "pid": 8956,
    "index": 22
  },
  {
    "name": "Require(20) node_modules/_egg-view-ejs@2.0.0@egg-view-ejs/config/config.local.js",
    "start": 1535452783380,
    "end": 1535452783380,
    "duration": 0,
    "pid": 8956,
    "index": 23
  },
  {
    "name": "Require(21) node_modules/_egg@2.10.0@egg/config/config.local.js",
    "start": 1535452783381,
    "end": 1535452783382,
    "duration": 1,
    "pid": 8956,
    "index": 24
  },
  {
    "name": "Load extend/application.js",
    "start": 1535452783383,
    "end": 1535452783407,
    "duration": 24,
    "pid": 8956,
    "index": 25
  },
  {
    "name": "Require(22) node_modules/_egg-session@3.1.0@egg-session/app/extend/application.js",
    "start": 1535452783384,
    "end": 1535452783385,
    "duration": 1,
    "pid": 8956,
    "index": 26
  },
  {
    "name": "Require(23) node_modules/_egg-security@2.2.3@egg-security/app/extend/application.js",
    "start": 1535452783385,
    "end": 1535452783387,
    "duration": 2,
    "pid": 8956,
    "index": 27
  },
  {
    "name": "Require(24) node_modules/_egg-jsonp@2.0.0@egg-jsonp/app/extend/application.js",
    "start": 1535452783388,
    "end": 1535452783390,
    "duration": 2,
    "pid": 8956,
    "index": 28
  },
  {
    "name": "Require(25) node_modules/_egg-logrotator@3.0.3@egg-logrotator/app/extend/application.js",
    "start": 1535452783392,
    "end": 1535452783399,
    "duration": 7,
    "pid": 8956,
    "index": 29
  },
  {
    "name": "Require(26) node_modules/_egg-view@2.1.0@egg-view/app/extend/application.js",
    "start": 1535452783400,
    "end": 1535452783403,
    "duration": 3,
    "pid": 8956,
    "index": 30
  },
  {
    "name": "Load extend/request.js",
    "start": 1535452783408,
    "end": 1535452783418,
    "duration": 10,
    "pid": 8956,
    "index": 31
  },
  {
    "name": "Require(27) node_modules/_egg@2.10.0@egg/app/extend/request.js",
    "start": 1535452783411,
    "end": 1535452783414,
    "duration": 3,
    "pid": 8956,
    "index": 32
  },
  {
    "name": "Load extend/response.js",
    "start": 1535452783418,
    "end": 1535452783432,
    "duration": 14,
    "pid": 8956,
    "index": 33
  },
  {
    "name": "Require(28) node_modules/_egg@2.10.0@egg/app/extend/response.js",
    "start": 1535452783423,
    "end": 1535452783427,
    "duration": 4,
    "pid": 8956,
    "index": 34
  },
  {
    "name": "Load extend/context.js",
    "start": 1535452783433,
    "end": 1535452783552,
    "duration": 119,
    "pid": 8956,
    "index": 35
  },
  {
    "name": "Require(29) node_modules/_egg-security@2.2.3@egg-security/app/extend/context.js",
    "start": 1535452783434,
    "end": 1535452783459,
    "duration": 25,
    "pid": 8956,
    "index": 36
  },
  {
    "name": "Require(30) node_modules/_egg-jsonp@2.0.0@egg-jsonp/app/extend/context.js",
    "start": 1535452783459,
    "end": 1535452783462,
    "duration": 3,
    "pid": 8956,
    "index": 37
  },
  {
    "name": "Require(31) node_modules/_egg-i18n@2.0.0@egg-i18n/app/extend/context.js",
    "start": 1535452783464,
    "end": 1535452783465,
    "duration": 1,
    "pid": 8956,
    "index": 38
  },
  {
    "name": "Require(32) node_modules/_egg-multipart@2.1.0@egg-multipart/app/extend/context.js",
    "start": 1535452783466,
    "end": 1535452783538,
    "duration": 72,
    "pid": 8956,
    "index": 39
  },
  {
    "name": "Require(33) node_modules/_egg-view@2.1.0@egg-view/app/extend/context.js",
    "start": 1535452783539,
    "end": 1535452783541,
    "duration": 2,
    "pid": 8956,
    "index": 40
  },
  {
    "name": "Require(34) node_modules/_egg@2.10.0@egg/app/extend/context.js",
    "start": 1535452783542,
    "end": 1535452783546,
    "duration": 4,
    "pid": 8956,
    "index": 41
  },
  {
    "name": "Load extend/helper.js",
    "start": 1535452783552,
    "end": 1535452783591,
    "duration": 39,
    "pid": 8956,
    "index": 42
  },
  {
    "name": "Require(35) node_modules/_egg-security@2.2.3@egg-security/app/extend/helper.js",
    "start": 1535452783554,
    "end": 1535452783581,
    "duration": 27,
    "pid": 8956,
    "index": 43
  },
  {
    "name": "Require(36) node_modules/_egg@2.10.0@egg/app/extend/helper.js",
    "start": 1535452783586,
    "end": 1535452783586,
    "duration": 0,
    "pid": 8956,
    "index": 44
  },
  {
    "name": "Load app.js",
    "start": 1535452783591,
    "end": 1535452783884,
    "duration": 293,
    "pid": 8956,
    "index": 45
  },
  {
    "name": "Require(37) node_modules/_egg-session@3.1.0@egg-session/app.js",
    "start": 1535452783592,
    "end": 1535452783593,
    "duration": 1,
    "pid": 8956,
    "index": 46
  },
  {
    "name": "Require(38) node_modules/_egg-security@2.2.3@egg-security/app.js",
    "start": 1535452783594,
    "end": 1535452783597,
    "duration": 3,
    "pid": 8956,
    "index": 47
  },
  {
    "name": "Require(39) node_modules/_egg-onerror@2.1.0@egg-onerror/app.js",
    "start": 1535452783598,
    "end": 1535452783613,
    "duration": 15,
    "pid": 8956,
    "index": 48
  },
  {
    "name": "Require(40) node_modules/_egg-i18n@2.0.0@egg-i18n/app.js",
    "start": 1535452783616,
    "end": 1535452783631,
    "duration": 15,
    "pid": 8956,
    "index": 49
  },
  {
    "name": "Require(41) node_modules/_egg-watcher@3.0.0@egg-watcher/app.js",
    "start": 1535452783637,
    "end": 1535452783644,
    "duration": 7,
    "pid": 8956,
    "index": 50
  },
  {
    "name": "Before Start in node_modules/_egg-watcher@3.0.0@egg-watcher/app.js:15:7",
    "start": 1535452783660,
    "end": 1535452784081,
    "duration": 421,
    "pid": 8956,
    "index": 51
  },
  {
    "name": "Require(42) node_modules/_egg-multipart@2.1.0@egg-multipart/app.js",
    "start": 1535452783662,
    "end": 1535452783667,
    "duration": 5,
    "pid": 8956,
    "index": 52
  },
  {
    "name": "Require(43) node_modules/_egg-development@2.4.1@egg-development/app.js",
    "start": 1535452783669,
    "end": 1535452783670,
    "duration": 1,
    "pid": 8956,
    "index": 53
  },
  {
    "name": "Require(44) node_modules/_egg-schedule@3.3.0@egg-schedule/app.js",
    "start": 1535452783671,
    "end": 1535452783674,
    "duration": 3,
    "pid": 8956,
    "index": 54
  },
  {
    "name": "Require(45) node_modules/_egg-logrotator@3.0.3@egg-logrotator/app.js",
    "start": 1535452783726,
    "end": 1535452783726,
    "duration": 0,
    "pid": 8956,
    "index": 55
  },
  {
    "name": "Require(46) node_modules/_egg-static@2.1.1@egg-static/app.js",
    "start": 1535452783727,
    "end": 1535452783728,
    "duration": 1,
    "pid": 8956,
    "index": 56
  },
  {
    "name": "Require(47) node_modules/_egg-view-ejs@2.0.0@egg-view-ejs/app.js",
    "start": 1535452783729,
    "end": 1535452783730,
    "duration": 1,
    "pid": 8956,
    "index": 57
  },
  {
    "name": "Require(48) node_modules/_egg-mysql@3.0.0@egg-mysql/app.js",
    "start": 1535452783749,
    "end": 1535452783777,
    "duration": 28,
    "pid": 8956,
    "index": 58
  },
  {
    "name": "Before Start in node_modules/_egg-mysql@3.0.0@egg-mysql/lib/mysql.js:20:7",
    "start": 1535452783882,
    "end": 1535452784084,
    "duration": 202,
    "pid": 8956,
    "index": 59
  },
  {
    "name": "Load Service",
    "start": 1535452783884,
    "end": 1535452783891,
    "duration": 7,
    "pid": 8956,
    "index": 60
  },
  {
    "name": "Load \"service\" to Context",
    "start": 1535452783884,
    "end": 1535452783891,
    "duration": 7,
    "pid": 8956,
    "index": 61
  },
  {
    "name": "Load Middleware",
    "start": 1535452783891,
    "end": 1535452784032,
    "duration": 141,
    "pid": 8956,
    "index": 62
  },
  {
    "name": "Load \"middlewares\" to Application",
    "start": 1535452783891,
    "end": 1535452784012,
    "duration": 121,
    "pid": 8956,
    "index": 63
  },
  {
    "name": "Load Controller",
    "start": 1535452784032,
    "end": 1535452784035,
    "duration": 3,
    "pid": 8956,
    "index": 64
  },
  {
    "name": "Load \"controller\" to Application",
    "start": 1535452784032,
    "end": 1535452784035,
    "duration": 3,
    "pid": 8956,
    "index": 65
  },
  {
    "name": "Load Router",
    "start": 1535452784035,
    "end": 1535452784038,
    "duration": 3,
    "pid": 8956,
    "index": 66
  },
  {
    "name": "Require(49) app/router.js",
    "start": 1535452784035,
    "end": 1535452784036,
    "duration": 1,
    "pid": 8956,
    "index": 67
  },
  {
    "name": "Before Start in node_modules/_egg-core@4.9.1@egg-core/lib/egg.js:328:10",
    "start": 1535452784036,
    "end": 1535452784062,
    "duration": 26,
    "pid": 8956,
    "index": 68
  }
]