[
  {
    "name": "Application Start",
    "start": 1535454390056,
    "end": 1535454390835,
    "duration": 779,
    "pid": 2344,
    "index": 0
  },
  {
    "name": "Load Plugin",
    "start": 1535454390064,
    "end": 1535454390100,
    "duration": 36,
    "pid": 2344,
    "index": 1
  },
  {
    "name": "Load Config",
    "start": 1535454390100,
    "end": 1535454390134,
    "duration": 34,
    "pid": 2344,
    "index": 2
  },
  {
    "name": "Require(0) config/config.default.js",
    "start": 1535454390101,
    "end": 1535454390102,
    "duration": 1,
    "pid": 2344,
    "index": 3
  },
  {
    "name": "Require(1) node_modules/_egg-session@3.1.0@egg-session/config/config.default.js",
    "start": 1535454390104,
    "end": 1535454390105,
    "duration": 1,
    "pid": 2344,
    "index": 4
  },
  {
    "name": "Require(2) node_modules/_egg-security@2.2.3@egg-security/config/config.default.js",
    "start": 1535454390105,
    "end": 1535454390106,
    "duration": 1,
    "pid": 2344,
    "index": 5
  },
  {
    "name": "Require(3) node_modules/_egg-jsonp@2.0.0@egg-jsonp/config/config.default.js",
    "start": 1535454390107,
    "end": 1535454390108,
    "duration": 1,
    "pid": 2344,
    "index": 6
  },
  {
    "name": "Require(4) node_modules/_egg-onerror@2.1.0@egg-onerror/config/config.default.js",
    "start": 1535454390108,
    "end": 1535454390109,
    "duration": 1,
    "pid": 2344,
    "index": 7
  },
  {
    "name": "Require(5) node_modules/_egg-i18n@2.0.0@egg-i18n/config/config.default.js",
    "start": 1535454390109,
    "end": 1535454390110,
    "duration": 1,
    "pid": 2344,
    "index": 8
  },
  {
    "name": "Require(6) node_modules/_egg-watcher@3.0.0@egg-watcher/config/config.default.js",
    "start": 1535454390111,
    "end": 1535454390111,
    "duration": 0,
    "pid": 2344,
    "index": 9
  },
  {
    "name": "Require(7) node_modules/_egg-multipart@2.1.0@egg-multipart/config/config.default.js",
    "start": 1535454390112,
    "end": 1535454390112,
    "duration": 0,
    "pid": 2344,
    "index": 10
  },
  {
    "name": "Require(8) node_modules/_egg-development@2.4.1@egg-development/config/config.default.js",
    "start": 1535454390113,
    "end": 1535454390113,
    "duration": 0,
    "pid": 2344,
    "index": 11
  },
  {
    "name": "Require(9) node_modules/_egg-schedule@3.3.0@egg-schedule/config/config.default.js",
    "start": 1535454390114,
    "end": 1535454390114,
    "duration": 0,
    "pid": 2344,
    "index": 12
  },
  {
    "name": "Require(10) node_modules/_egg-logrotator@3.0.3@egg-logrotator/config/config.default.js",
    "start": 1535454390115,
    "end": 1535454390116,
    "duration": 1,
    "pid": 2344,
    "index": 13
  },
  {
    "name": "Require(11) node_modules/_egg-static@2.1.1@egg-static/config/config.default.js",
    "start": 1535454390116,
    "end": 1535454390117,
    "duration": 1,
    "pid": 2344,
    "index": 14
  },
  {
    "name": "Require(12) node_modules/_egg-view@2.1.0@egg-view/config/config.default.js",
    "start": 1535454390118,
    "end": 1535454390118,
    "duration": 0,
    "pid": 2344,
    "index": 15
  },
  {
    "name": "Require(13) node_modules/_egg-view-ejs@2.0.0@egg-view-ejs/config/config.default.js",
    "start": 1535454390119,
    "end": 1535454390119,
    "duration": 0,
    "pid": 2344,
    "index": 16
  },
  {
    "name": "Require(14) node_modules/_egg-mysql@3.0.0@egg-mysql/config/config.default.js",
    "start": 1535454390120,
    "end": 1535454390120,
    "duration": 0,
    "pid": 2344,
    "index": 17
  },
  {
    "name": "Require(15) node_modules/_egg@2.10.0@egg/config/config.default.js",
    "start": 1535454390121,
    "end": 1535454390122,
    "duration": 1,
    "pid": 2344,
    "index": 18
  },
  {
    "name": "Require(16) config/config.default.js",
    "start": 1535454390125,
    "end": 1535454390125,
    "duration": 0,
    "pid": 2344,
    "index": 19
  },
  {
    "name": "Require(17) node_modules/_egg-security@2.2.3@egg-security/config/config.local.js",
    "start": 1535454390126,
    "end": 1535454390126,
    "duration": 0,
    "pid": 2344,
    "index": 20
  },
  {
    "name": "Require(18) node_modules/_egg-watcher@3.0.0@egg-watcher/config/config.local.js",
    "start": 1535454390128,
    "end": 1535454390128,
    "duration": 0,
    "pid": 2344,
    "index": 21
  },
  {
    "name": "Require(19) node_modules/_egg-view@2.1.0@egg-view/config/config.local.js",
    "start": 1535454390131,
    "end": 1535454390131,
    "duration": 0,
    "pid": 2344,
    "index": 22
  },
  {
    "name": "Require(20) node_modules/_egg-view-ejs@2.0.0@egg-view-ejs/config/config.local.js",
    "start": 1535454390132,
    "end": 1535454390132,
    "duration": 0,
    "pid": 2344,
    "index": 23
  },
  {
    "name": "Require(21) node_modules/_egg@2.10.0@egg/config/config.local.js",
    "start": 1535454390133,
    "end": 1535454390134,
    "duration": 1,
    "pid": 2344,
    "index": 24
  },
  {
    "name": "Load extend/application.js",
    "start": 1535454390142,
    "end": 1535454390166,
    "duration": 24,
    "pid": 2344,
    "index": 25
  },
  {
    "name": "Require(22) node_modules/_egg-session@3.1.0@egg-session/app/extend/application.js",
    "start": 1535454390143,
    "end": 1535454390144,
    "duration": 1,
    "pid": 2344,
    "index": 26
  },
  {
    "name": "Require(23) node_modules/_egg-security@2.2.3@egg-security/app/extend/application.js",
    "start": 1535454390145,
    "end": 1535454390146,
    "duration": 1,
    "pid": 2344,
    "index": 27
  },
  {
    "name": "Require(24) node_modules/_egg-jsonp@2.0.0@egg-jsonp/app/extend/application.js",
    "start": 1535454390146,
    "end": 1535454390149,
    "duration": 3,
    "pid": 2344,
    "index": 28
  },
  {
    "name": "Require(25) node_modules/_egg-logrotator@3.0.3@egg-logrotator/app/extend/application.js",
    "start": 1535454390151,
    "end": 1535454390157,
    "duration": 6,
    "pid": 2344,
    "index": 29
  },
  {
    "name": "Require(26) node_modules/_egg-view@2.1.0@egg-view/app/extend/application.js",
    "start": 1535454390158,
    "end": 1535454390161,
    "duration": 3,
    "pid": 2344,
    "index": 30
  },
  {
    "name": "Load extend/request.js",
    "start": 1535454390166,
    "end": 1535454390178,
    "duration": 12,
    "pid": 2344,
    "index": 31
  },
  {
    "name": "Require(27) node_modules/_egg@2.10.0@egg/app/extend/request.js",
    "start": 1535454390171,
    "end": 1535454390173,
    "duration": 2,
    "pid": 2344,
    "index": 32
  },
  {
    "name": "Load extend/response.js",
    "start": 1535454390178,
    "end": 1535454390190,
    "duration": 12,
    "pid": 2344,
    "index": 33
  },
  {
    "name": "Require(28) node_modules/_egg@2.10.0@egg/app/extend/response.js",
    "start": 1535454390181,
    "end": 1535454390185,
    "duration": 4,
    "pid": 2344,
    "index": 34
  },
  {
    "name": "Load extend/context.js",
    "start": 1535454390190,
    "end": 1535454390295,
    "duration": 105,
    "pid": 2344,
    "index": 35
  },
  {
    "name": "Require(29) node_modules/_egg-security@2.2.3@egg-security/app/extend/context.js",
    "start": 1535454390191,
    "end": 1535454390219,
    "duration": 28,
    "pid": 2344,
    "index": 36
  },
  {
    "name": "Require(30) node_modules/_egg-jsonp@2.0.0@egg-jsonp/app/extend/context.js",
    "start": 1535454390219,
    "end": 1535454390221,
    "duration": 2,
    "pid": 2344,
    "index": 37
  },
  {
    "name": "Require(31) node_modules/_egg-i18n@2.0.0@egg-i18n/app/extend/context.js",
    "start": 1535454390222,
    "end": 1535454390223,
    "duration": 1,
    "pid": 2344,
    "index": 38
  },
  {
    "name": "Require(32) node_modules/_egg-multipart@2.1.0@egg-multipart/app/extend/context.js",
    "start": 1535454390223,
    "end": 1535454390283,
    "duration": 60,
    "pid": 2344,
    "index": 39
  },
  {
    "name": "Require(33) node_modules/_egg-view@2.1.0@egg-view/app/extend/context.js",
    "start": 1535454390284,
    "end": 1535454390286,
    "duration": 2,
    "pid": 2344,
    "index": 40
  },
  {
    "name": "Require(34) node_modules/_egg@2.10.0@egg/app/extend/context.js",
    "start": 1535454390287,
    "end": 1535454390289,
    "duration": 2,
    "pid": 2344,
    "index": 41
  },
  {
    "name": "Load extend/helper.js",
    "start": 1535454390295,
    "end": 1535454390326,
    "duration": 31,
    "pid": 2344,
    "index": 42
  },
  {
    "name": "Require(35) node_modules/_egg-security@2.2.3@egg-security/app/extend/helper.js",
    "start": 1535454390296,
    "end": 1535454390318,
    "duration": 22,
    "pid": 2344,
    "index": 43
  },
  {
    "name": "Require(36) node_modules/_egg@2.10.0@egg/app/extend/helper.js",
    "start": 1535454390322,
    "end": 1535454390322,
    "duration": 0,
    "pid": 2344,
    "index": 44
  },
  {
    "name": "Load app.js",
    "start": 1535454390326,
    "end": 1535454390607,
    "duration": 281,
    "pid": 2344,
    "index": 45
  },
  {
    "name": "Require(37) node_modules/_egg-session@3.1.0@egg-session/app.js",
    "start": 1535454390327,
    "end": 1535454390327,
    "duration": 0,
    "pid": 2344,
    "index": 46
  },
  {
    "name": "Require(38) node_modules/_egg-security@2.2.3@egg-security/app.js",
    "start": 1535454390328,
    "end": 1535454390331,
    "duration": 3,
    "pid": 2344,
    "index": 47
  },
  {
    "name": "Require(39) node_modules/_egg-onerror@2.1.0@egg-onerror/app.js",
    "start": 1535454390333,
    "end": 1535454390348,
    "duration": 15,
    "pid": 2344,
    "index": 48
  },
  {
    "name": "Require(40) node_modules/_egg-i18n@2.0.0@egg-i18n/app.js",
    "start": 1535454390349,
    "end": 1535454390362,
    "duration": 13,
    "pid": 2344,
    "index": 49
  },
  {
    "name": "Require(41) node_modules/_egg-watcher@3.0.0@egg-watcher/app.js",
    "start": 1535454390366,
    "end": 1535454390372,
    "duration": 6,
    "pid": 2344,
    "index": 50
  },
  {
    "name": "Before Start in node_modules/_egg-watcher@3.0.0@egg-watcher/app.js:15:7",
    "start": 1535454390387,
    "end": 1535454390831,
    "duration": 444,
    "pid": 2344,
    "index": 51
  },
  {
    "name": "Require(42) node_modules/_egg-multipart@2.1.0@egg-multipart/app.js",
    "start": 1535454390388,
    "end": 1535454390392,
    "duration": 4,
    "pid": 2344,
    "index": 52
  },
  {
    "name": "Require(43) node_modules/_egg-development@2.4.1@egg-development/app.js",
    "start": 1535454390394,
    "end": 1535454390395,
    "duration": 1,
    "pid": 2344,
    "index": 53
  },
  {
    "name": "Require(44) node_modules/_egg-schedule@3.3.0@egg-schedule/app.js",
    "start": 1535454390396,
    "end": 1535454390400,
    "duration": 4,
    "pid": 2344,
    "index": 54
  },
  {
    "name": "Require(45) node_modules/_egg-logrotator@3.0.3@egg-logrotator/app.js",
    "start": 1535454390453,
    "end": 1535454390453,
    "duration": 0,
    "pid": 2344,
    "index": 55
  },
  {
    "name": "Require(46) node_modules/_egg-static@2.1.1@egg-static/app.js",
    "start": 1535454390454,
    "end": 1535454390454,
    "duration": 0,
    "pid": 2344,
    "index": 56
  },
  {
    "name": "Require(47) node_modules/_egg-view-ejs@2.0.0@egg-view-ejs/app.js",
    "start": 1535454390456,
    "end": 1535454390456,
    "duration": 0,
    "pid": 2344,
    "index": 57
  },
  {
    "name": "Require(48) node_modules/_egg-mysql@3.0.0@egg-mysql/app.js",
    "start": 1535454390463,
    "end": 1535454390488,
    "duration": 25,
    "pid": 2344,
    "index": 58
  },
  {
    "name": "Before Start in node_modules/_egg-mysql@3.0.0@egg-mysql/lib/mysql.js:20:7",
    "start": 1535454390604,
    "end": 1535454390835,
    "duration": 231,
    "pid": 2344,
    "index": 59
  },
  {
    "name": "Load Service",
    "start": 1535454390607,
    "end": 1535454390614,
    "duration": 7,
    "pid": 2344,
    "index": 60
  },
  {
    "name": "Load \"service\" to Context",
    "start": 1535454390608,
    "end": 1535454390614,
    "duration": 6,
    "pid": 2344,
    "index": 61
  },
  {
    "name": "Load Middleware",
    "start": 1535454390615,
    "end": 1535454390771,
    "duration": 156,
    "pid": 2344,
    "index": 62
  },
  {
    "name": "Load \"middlewares\" to Application",
    "start": 1535454390615,
    "end": 1535454390753,
    "duration": 138,
    "pid": 2344,
    "index": 63
  },
  {
    "name": "Load Controller",
    "start": 1535454390771,
    "end": 1535454390775,
    "duration": 4,
    "pid": 2344,
    "index": 64
  },
  {
    "name": "Load \"controller\" to Application",
    "start": 1535454390771,
    "end": 1535454390775,
    "duration": 4,
    "pid": 2344,
    "index": 65
  },
  {
    "name": "Load Router",
    "start": 1535454390775,
    "end": 1535454390779,
    "duration": 4,
    "pid": 2344,
    "index": 66
  },
  {
    "name": "Require(49) app/router.js",
    "start": 1535454390775,
    "end": 1535454390776,
    "duration": 1,
    "pid": 2344,
    "index": 67
  },
  {
    "name": "Before Start in node_modules/_egg-core@4.9.1@egg-core/lib/egg.js:328:10",
    "start": 1535454390776,
    "end": 1535454390810,
    "duration": 34,
    "pid": 2344,
    "index": 68
  }
]