[
  {
    "name": "Application Start",
    "start": 1535454118018,
    "end": 1535454119572,
    "duration": 1554,
    "pid": 15440,
    "index": 0
  },
  {
    "name": "Load Plugin",
    "start": 1535454118030,
    "end": 1535454118084,
    "duration": 54,
    "pid": 15440,
    "index": 1
  },
  {
    "name": "Load Config",
    "start": 1535454118084,
    "end": 1535454118147,
    "duration": 63,
    "pid": 15440,
    "index": 2
  },
  {
    "name": "Require(0) config/config.default.js",
    "start": 1535454118085,
    "end": 1535454118086,
    "duration": 1,
    "pid": 15440,
    "index": 3
  },
  {
    "name": "Require(1) node_modules/_egg-session@3.1.0@egg-session/config/config.default.js",
    "start": 1535454118091,
    "end": 1535454118092,
    "duration": 1,
    "pid": 15440,
    "index": 4
  },
  {
    "name": "Require(2) node_modules/_egg-security@2.2.3@egg-security/config/config.default.js",
    "start": 1535454118093,
    "end": 1535454118094,
    "duration": 1,
    "pid": 15440,
    "index": 5
  },
  {
    "name": "Require(3) node_modules/_egg-jsonp@2.0.0@egg-jsonp/config/config.default.js",
    "start": 1535454118096,
    "end": 1535454118097,
    "duration": 1,
    "pid": 15440,
    "index": 6
  },
  {
    "name": "Require(4) node_modules/_egg-onerror@2.1.0@egg-onerror/config/config.default.js",
    "start": 1535454118098,
    "end": 1535454118098,
    "duration": 0,
    "pid": 15440,
    "index": 7
  },
  {
    "name": "Require(5) node_modules/_egg-i18n@2.0.0@egg-i18n/config/config.default.js",
    "start": 1535454118099,
    "end": 1535454118099,
    "duration": 0,
    "pid": 15440,
    "index": 8
  },
  {
    "name": "Require(6) node_modules/_egg-watcher@3.0.0@egg-watcher/config/config.default.js",
    "start": 1535454118101,
    "end": 1535454118102,
    "duration": 1,
    "pid": 15440,
    "index": 9
  },
  {
    "name": "Require(7) node_modules/_egg-multipart@2.1.0@egg-multipart/config/config.default.js",
    "start": 1535454118107,
    "end": 1535454118107,
    "duration": 0,
    "pid": 15440,
    "index": 10
  },
  {
    "name": "Require(8) node_modules/_egg-development@2.4.1@egg-development/config/config.default.js",
    "start": 1535454118109,
    "end": 1535454118110,
    "duration": 1,
    "pid": 15440,
    "index": 11
  },
  {
    "name": "Require(9) node_modules/_egg-schedule@3.3.0@egg-schedule/config/config.default.js",
    "start": 1535454118111,
    "end": 1535454118112,
    "duration": 1,
    "pid": 15440,
    "index": 12
  },
  {
    "name": "Require(10) node_modules/_egg-logrotator@3.0.3@egg-logrotator/config/config.default.js",
    "start": 1535454118114,
    "end": 1535454118114,
    "duration": 0,
    "pid": 15440,
    "index": 13
  },
  {
    "name": "Require(11) node_modules/_egg-static@2.1.1@egg-static/config/config.default.js",
    "start": 1535454118115,
    "end": 1535454118116,
    "duration": 1,
    "pid": 15440,
    "index": 14
  },
  {
    "name": "Require(12) node_modules/_egg-view@2.1.0@egg-view/config/config.default.js",
    "start": 1535454118117,
    "end": 1535454118118,
    "duration": 1,
    "pid": 15440,
    "index": 15
  },
  {
    "name": "Require(13) node_modules/_egg-view-ejs@2.0.0@egg-view-ejs/config/config.default.js",
    "start": 1535454118119,
    "end": 1535454118119,
    "duration": 0,
    "pid": 15440,
    "index": 16
  },
  {
    "name": "Require(14) node_modules/_egg-mysql@3.0.0@egg-mysql/config/config.default.js",
    "start": 1535454118123,
    "end": 1535454118124,
    "duration": 1,
    "pid": 15440,
    "index": 17
  },
  {
    "name": "Require(15) node_modules/_egg@2.10.0@egg/config/config.default.js",
    "start": 1535454118125,
    "end": 1535454118127,
    "duration": 2,
    "pid": 15440,
    "index": 18
  },
  {
    "name": "Require(16) config/config.default.js",
    "start": 1535454118131,
    "end": 1535454118131,
    "duration": 0,
    "pid": 15440,
    "index": 19
  },
  {
    "name": "Require(17) node_modules/_egg-security@2.2.3@egg-security/config/config.local.js",
    "start": 1535454118132,
    "end": 1535454118132,
    "duration": 0,
    "pid": 15440,
    "index": 20
  },
  {
    "name": "Require(18) node_modules/_egg-watcher@3.0.0@egg-watcher/config/config.local.js",
    "start": 1535454118135,
    "end": 1535454118135,
    "duration": 0,
    "pid": 15440,
    "index": 21
  },
  {
    "name": "Require(19) node_modules/_egg-view@2.1.0@egg-view/config/config.local.js",
    "start": 1535454118144,
    "end": 1535454118144,
    "duration": 0,
    "pid": 15440,
    "index": 22
  },
  {
    "name": "Require(20) node_modules/_egg-view-ejs@2.0.0@egg-view-ejs/config/config.local.js",
    "start": 1535454118145,
    "end": 1535454118145,
    "duration": 0,
    "pid": 15440,
    "index": 23
  },
  {
    "name": "Require(21) node_modules/_egg@2.10.0@egg/config/config.local.js",
    "start": 1535454118147,
    "end": 1535454118147,
    "duration": 0,
    "pid": 15440,
    "index": 24
  },
  {
    "name": "Load extend/application.js",
    "start": 1535454118150,
    "end": 1535454118189,
    "duration": 39,
    "pid": 15440,
    "index": 25
  },
  {
    "name": "Require(22) node_modules/_egg-session@3.1.0@egg-session/app/extend/application.js",
    "start": 1535454118152,
    "end": 1535454118152,
    "duration": 0,
    "pid": 15440,
    "index": 26
  },
  {
    "name": "Require(23) node_modules/_egg-security@2.2.3@egg-security/app/extend/application.js",
    "start": 1535454118154,
    "end": 1535454118158,
    "duration": 4,
    "pid": 15440,
    "index": 27
  },
  {
    "name": "Require(24) node_modules/_egg-jsonp@2.0.0@egg-jsonp/app/extend/application.js",
    "start": 1535454118159,
    "end": 1535454118164,
    "duration": 5,
    "pid": 15440,
    "index": 28
  },
  {
    "name": "Require(25) node_modules/_egg-logrotator@3.0.3@egg-logrotator/app/extend/application.js",
    "start": 1535454118169,
    "end": 1535454118176,
    "duration": 7,
    "pid": 15440,
    "index": 29
  },
  {
    "name": "Require(26) node_modules/_egg-view@2.1.0@egg-view/app/extend/application.js",
    "start": 1535454118177,
    "end": 1535454118181,
    "duration": 4,
    "pid": 15440,
    "index": 30
  },
  {
    "name": "Load extend/request.js",
    "start": 1535454118189,
    "end": 1535454118212,
    "duration": 23,
    "pid": 15440,
    "index": 31
  },
  {
    "name": "Require(27) node_modules/_egg@2.10.0@egg/app/extend/request.js",
    "start": 1535454118197,
    "end": 1535454118200,
    "duration": 3,
    "pid": 15440,
    "index": 32
  },
  {
    "name": "Load extend/response.js",
    "start": 1535454118213,
    "end": 1535454118233,
    "duration": 20,
    "pid": 15440,
    "index": 33
  },
  {
    "name": "Require(28) node_modules/_egg@2.10.0@egg/app/extend/response.js",
    "start": 1535454118221,
    "end": 1535454118227,
    "duration": 6,
    "pid": 15440,
    "index": 34
  },
  {
    "name": "Load extend/context.js",
    "start": 1535454118233,
    "end": 1535454118580,
    "duration": 347,
    "pid": 15440,
    "index": 35
  },
  {
    "name": "Require(29) node_modules/_egg-security@2.2.3@egg-security/app/extend/context.js",
    "start": 1535454118234,
    "end": 1535454118277,
    "duration": 43,
    "pid": 15440,
    "index": 36
  },
  {
    "name": "Require(30) node_modules/_egg-jsonp@2.0.0@egg-jsonp/app/extend/context.js",
    "start": 1535454118280,
    "end": 1535454118285,
    "duration": 5,
    "pid": 15440,
    "index": 37
  },
  {
    "name": "Require(31) node_modules/_egg-i18n@2.0.0@egg-i18n/app/extend/context.js",
    "start": 1535454118295,
    "end": 1535454118296,
    "duration": 1,
    "pid": 15440,
    "index": 38
  },
  {
    "name": "Require(32) node_modules/_egg-multipart@2.1.0@egg-multipart/app/extend/context.js",
    "start": 1535454118297,
    "end": 1535454118548,
    "duration": 251,
    "pid": 15440,
    "index": 39
  },
  {
    "name": "Require(33) node_modules/_egg-view@2.1.0@egg-view/app/extend/context.js",
    "start": 1535454118550,
    "end": 1535454118553,
    "duration": 3,
    "pid": 15440,
    "index": 40
  },
  {
    "name": "Require(34) node_modules/_egg@2.10.0@egg/app/extend/context.js",
    "start": 1535454118554,
    "end": 1535454118559,
    "duration": 5,
    "pid": 15440,
    "index": 41
  },
  {
    "name": "Load extend/helper.js",
    "start": 1535454118581,
    "end": 1535454118644,
    "duration": 63,
    "pid": 15440,
    "index": 42
  },
  {
    "name": "Require(35) node_modules/_egg-security@2.2.3@egg-security/app/extend/helper.js",
    "start": 1535454118582,
    "end": 1535454118627,
    "duration": 45,
    "pid": 15440,
    "index": 43
  },
  {
    "name": "Require(36) node_modules/_egg@2.10.0@egg/app/extend/helper.js",
    "start": 1535454118634,
    "end": 1535454118635,
    "duration": 1,
    "pid": 15440,
    "index": 44
  },
  {
    "name": "Load app.js",
    "start": 1535454118644,
    "end": 1535454119159,
    "duration": 515,
    "pid": 15440,
    "index": 45
  },
  {
    "name": "Require(37) node_modules/_egg-session@3.1.0@egg-session/app.js",
    "start": 1535454118645,
    "end": 1535454118645,
    "duration": 0,
    "pid": 15440,
    "index": 46
  },
  {
    "name": "Require(38) node_modules/_egg-security@2.2.3@egg-security/app.js",
    "start": 1535454118650,
    "end": 1535454118660,
    "duration": 10,
    "pid": 15440,
    "index": 47
  },
  {
    "name": "Require(39) node_modules/_egg-onerror@2.1.0@egg-onerror/app.js",
    "start": 1535454118663,
    "end": 1535454118689,
    "duration": 26,
    "pid": 15440,
    "index": 48
  },
  {
    "name": "Require(40) node_modules/_egg-i18n@2.0.0@egg-i18n/app.js",
    "start": 1535454118692,
    "end": 1535454118722,
    "duration": 30,
    "pid": 15440,
    "index": 49
  },
  {
    "name": "Require(41) node_modules/_egg-watcher@3.0.0@egg-watcher/app.js",
    "start": 1535454118728,
    "end": 1535454118742,
    "duration": 14,
    "pid": 15440,
    "index": 50
  },
  {
    "name": "Before Start in node_modules/_egg-watcher@3.0.0@egg-watcher/app.js:15:7",
    "start": 1535454118760,
    "end": 1535454119564,
    "duration": 804,
    "pid": 15440,
    "index": 51
  },
  {
    "name": "Require(42) node_modules/_egg-multipart@2.1.0@egg-multipart/app.js",
    "start": 1535454118763,
    "end": 1535454118771,
    "duration": 8,
    "pid": 15440,
    "index": 52
  },
  {
    "name": "Require(43) node_modules/_egg-development@2.4.1@egg-development/app.js",
    "start": 1535454118774,
    "end": 1535454118775,
    "duration": 1,
    "pid": 15440,
    "index": 53
  },
  {
    "name": "Require(44) node_modules/_egg-schedule@3.3.0@egg-schedule/app.js",
    "start": 1535454118776,
    "end": 1535454118781,
    "duration": 5,
    "pid": 15440,
    "index": 54
  },
  {
    "name": "Require(45) node_modules/_egg-logrotator@3.0.3@egg-logrotator/app.js",
    "start": 1535454118890,
    "end": 1535454118891,
    "duration": 1,
    "pid": 15440,
    "index": 55
  },
  {
    "name": "Require(46) node_modules/_egg-static@2.1.1@egg-static/app.js",
    "start": 1535454118892,
    "end": 1535454118893,
    "duration": 1,
    "pid": 15440,
    "index": 56
  },
  {
    "name": "Require(47) node_modules/_egg-view-ejs@2.0.0@egg-view-ejs/app.js",
    "start": 1535454118895,
    "end": 1535454118896,
    "duration": 1,
    "pid": 15440,
    "index": 57
  },
  {
    "name": "Require(48) node_modules/_egg-mysql@3.0.0@egg-mysql/app.js",
    "start": 1535454118910,
    "end": 1535454118952,
    "duration": 42,
    "pid": 15440,
    "index": 58
  },
  {
    "name": "Before Start in node_modules/_egg-mysql@3.0.0@egg-mysql/lib/mysql.js:20:7",
    "start": 1535454119155,
    "end": 1535454119571,
    "duration": 416,
    "pid": 15440,
    "index": 59
  },
  {
    "name": "Load Service",
    "start": 1535454119159,
    "end": 1535454119179,
    "duration": 20,
    "pid": 15440,
    "index": 60
  },
  {
    "name": "Load \"service\" to Context",
    "start": 1535454119160,
    "end": 1535454119179,
    "duration": 19,
    "pid": 15440,
    "index": 61
  },
  {
    "name": "Load Middleware",
    "start": 1535454119180,
    "end": 1535454119459,
    "duration": 279,
    "pid": 15440,
    "index": 62
  },
  {
    "name": "Load \"middlewares\" to Application",
    "start": 1535454119180,
    "end": 1535454119410,
    "duration": 230,
    "pid": 15440,
    "index": 63
  },
  {
    "name": "Load Controller",
    "start": 1535454119459,
    "end": 1535454119464,
    "duration": 5,
    "pid": 15440,
    "index": 64
  },
  {
    "name": "Load \"controller\" to Application",
    "start": 1535454119459,
    "end": 1535454119464,
    "duration": 5,
    "pid": 15440,
    "index": 65
  },
  {
    "name": "Load Router",
    "start": 1535454119464,
    "end": 1535454119473,
    "duration": 9,
    "pid": 15440,
    "index": 66
  },
  {
    "name": "Require(49) app/router.js",
    "start": 1535454119465,
    "end": 1535454119465,
    "duration": 0,
    "pid": 15440,
    "index": 67
  },
  {
    "name": "Before Start in node_modules/_egg-core@4.9.1@egg-core/lib/egg.js:328:10",
    "start": 1535454119466,
    "end": 1535454119514,
    "duration": 48,
    "pid": 15440,
    "index": 68
  }
]