[
  {
    "name": "Application Start",
    "start": 1535454290667,
    "end": 1535454291435,
    "duration": 768,
    "pid": 13108,
    "index": 0
  },
  {
    "name": "Load Plugin",
    "start": 1535454290677,
    "end": 1535454290723,
    "duration": 46,
    "pid": 13108,
    "index": 1
  },
  {
    "name": "Load Config",
    "start": 1535454290723,
    "end": 1535454290765,
    "duration": 42,
    "pid": 13108,
    "index": 2
  },
  {
    "name": "Require(0) config/config.default.js",
    "start": 1535454290725,
    "end": 1535454290726,
    "duration": 1,
    "pid": 13108,
    "index": 3
  },
  {
    "name": "Require(1) node_modules/_egg-session@3.1.0@egg-session/config/config.default.js",
    "start": 1535454290729,
    "end": 1535454290730,
    "duration": 1,
    "pid": 13108,
    "index": 4
  },
  {
    "name": "Require(2) node_modules/_egg-security@2.2.3@egg-security/config/config.default.js",
    "start": 1535454290731,
    "end": 1535454290732,
    "duration": 1,
    "pid": 13108,
    "index": 5
  },
  {
    "name": "Require(3) node_modules/_egg-jsonp@2.0.0@egg-jsonp/config/config.default.js",
    "start": 1535454290734,
    "end": 1535454290734,
    "duration": 0,
    "pid": 13108,
    "index": 6
  },
  {
    "name": "Require(4) node_modules/_egg-onerror@2.1.0@egg-onerror/config/config.default.js",
    "start": 1535454290735,
    "end": 1535454290736,
    "duration": 1,
    "pid": 13108,
    "index": 7
  },
  {
    "name": "Require(5) node_modules/_egg-i18n@2.0.0@egg-i18n/config/config.default.js",
    "start": 1535454290737,
    "end": 1535454290737,
    "duration": 0,
    "pid": 13108,
    "index": 8
  },
  {
    "name": "Require(6) node_modules/_egg-watcher@3.0.0@egg-watcher/config/config.default.js",
    "start": 1535454290738,
    "end": 1535454290738,
    "duration": 0,
    "pid": 13108,
    "index": 9
  },
  {
    "name": "Require(7) node_modules/_egg-multipart@2.1.0@egg-multipart/config/config.default.js",
    "start": 1535454290739,
    "end": 1535454290739,
    "duration": 0,
    "pid": 13108,
    "index": 10
  },
  {
    "name": "Require(8) node_modules/_egg-development@2.4.1@egg-development/config/config.default.js",
    "start": 1535454290740,
    "end": 1535454290741,
    "duration": 1,
    "pid": 13108,
    "index": 11
  },
  {
    "name": "Require(9) node_modules/_egg-schedule@3.3.0@egg-schedule/config/config.default.js",
    "start": 1535454290741,
    "end": 1535454290742,
    "duration": 1,
    "pid": 13108,
    "index": 12
  },
  {
    "name": "Require(10) node_modules/_egg-logrotator@3.0.3@egg-logrotator/config/config.default.js",
    "start": 1535454290743,
    "end": 1535454290743,
    "duration": 0,
    "pid": 13108,
    "index": 13
  },
  {
    "name": "Require(11) node_modules/_egg-static@2.1.1@egg-static/config/config.default.js",
    "start": 1535454290744,
    "end": 1535454290744,
    "duration": 0,
    "pid": 13108,
    "index": 14
  },
  {
    "name": "Require(12) node_modules/_egg-view@2.1.0@egg-view/config/config.default.js",
    "start": 1535454290745,
    "end": 1535454290745,
    "duration": 0,
    "pid": 13108,
    "index": 15
  },
  {
    "name": "Require(13) node_modules/_egg-view-ejs@2.0.0@egg-view-ejs/config/config.default.js",
    "start": 1535454290746,
    "end": 1535454290747,
    "duration": 1,
    "pid": 13108,
    "index": 16
  },
  {
    "name": "Require(14) node_modules/_egg-mysql@3.0.0@egg-mysql/config/config.default.js",
    "start": 1535454290747,
    "end": 1535454290748,
    "duration": 1,
    "pid": 13108,
    "index": 17
  },
  {
    "name": "Require(15) node_modules/_egg@2.10.0@egg/config/config.default.js",
    "start": 1535454290749,
    "end": 1535454290750,
    "duration": 1,
    "pid": 13108,
    "index": 18
  },
  {
    "name": "Require(16) config/config.default.js",
    "start": 1535454290752,
    "end": 1535454290752,
    "duration": 0,
    "pid": 13108,
    "index": 19
  },
  {
    "name": "Require(17) node_modules/_egg-security@2.2.3@egg-security/config/config.local.js",
    "start": 1535454290753,
    "end": 1535454290753,
    "duration": 0,
    "pid": 13108,
    "index": 20
  },
  {
    "name": "Require(18) node_modules/_egg-watcher@3.0.0@egg-watcher/config/config.local.js",
    "start": 1535454290755,
    "end": 1535454290755,
    "duration": 0,
    "pid": 13108,
    "index": 21
  },
  {
    "name": "Require(19) node_modules/_egg-view@2.1.0@egg-view/config/config.local.js",
    "start": 1535454290757,
    "end": 1535454290758,
    "duration": 1,
    "pid": 13108,
    "index": 22
  },
  {
    "name": "Require(20) node_modules/_egg-view-ejs@2.0.0@egg-view-ejs/config/config.local.js",
    "start": 1535454290759,
    "end": 1535454290759,
    "duration": 0,
    "pid": 13108,
    "index": 23
  },
  {
    "name": "Require(21) node_modules/_egg@2.10.0@egg/config/config.local.js",
    "start": 1535454290760,
    "end": 1535454290761,
    "duration": 1,
    "pid": 13108,
    "index": 24
  },
  {
    "name": "Load extend/application.js",
    "start": 1535454290767,
    "end": 1535454290790,
    "duration": 23,
    "pid": 13108,
    "index": 25
  },
  {
    "name": "Require(22) node_modules/_egg-session@3.1.0@egg-session/app/extend/application.js",
    "start": 1535454290768,
    "end": 1535454290769,
    "duration": 1,
    "pid": 13108,
    "index": 26
  },
  {
    "name": "Require(23) node_modules/_egg-security@2.2.3@egg-security/app/extend/application.js",
    "start": 1535454290769,
    "end": 1535454290771,
    "duration": 2,
    "pid": 13108,
    "index": 27
  },
  {
    "name": "Require(24) node_modules/_egg-jsonp@2.0.0@egg-jsonp/app/extend/application.js",
    "start": 1535454290771,
    "end": 1535454290774,
    "duration": 3,
    "pid": 13108,
    "index": 28
  },
  {
    "name": "Require(25) node_modules/_egg-logrotator@3.0.3@egg-logrotator/app/extend/application.js",
    "start": 1535454290776,
    "end": 1535454290782,
    "duration": 6,
    "pid": 13108,
    "index": 29
  },
  {
    "name": "Require(26) node_modules/_egg-view@2.1.0@egg-view/app/extend/application.js",
    "start": 1535454290783,
    "end": 1535454290785,
    "duration": 2,
    "pid": 13108,
    "index": 30
  },
  {
    "name": "Load extend/request.js",
    "start": 1535454290790,
    "end": 1535454290803,
    "duration": 13,
    "pid": 13108,
    "index": 31
  },
  {
    "name": "Require(27) node_modules/_egg@2.10.0@egg/app/extend/request.js",
    "start": 1535454290795,
    "end": 1535454290798,
    "duration": 3,
    "pid": 13108,
    "index": 32
  },
  {
    "name": "Load extend/response.js",
    "start": 1535454290803,
    "end": 1535454290814,
    "duration": 11,
    "pid": 13108,
    "index": 33
  },
  {
    "name": "Require(28) node_modules/_egg@2.10.0@egg/app/extend/response.js",
    "start": 1535454290807,
    "end": 1535454290810,
    "duration": 3,
    "pid": 13108,
    "index": 34
  },
  {
    "name": "Load extend/context.js",
    "start": 1535454290814,
    "end": 1535454290908,
    "duration": 94,
    "pid": 13108,
    "index": 35
  },
  {
    "name": "Require(29) node_modules/_egg-security@2.2.3@egg-security/app/extend/context.js",
    "start": 1535454290815,
    "end": 1535454290833,
    "duration": 18,
    "pid": 13108,
    "index": 36
  },
  {
    "name": "Require(30) node_modules/_egg-jsonp@2.0.0@egg-jsonp/app/extend/context.js",
    "start": 1535454290834,
    "end": 1535454290836,
    "duration": 2,
    "pid": 13108,
    "index": 37
  },
  {
    "name": "Require(31) node_modules/_egg-i18n@2.0.0@egg-i18n/app/extend/context.js",
    "start": 1535454290837,
    "end": 1535454290837,
    "duration": 0,
    "pid": 13108,
    "index": 38
  },
  {
    "name": "Require(32) node_modules/_egg-multipart@2.1.0@egg-multipart/app/extend/context.js",
    "start": 1535454290838,
    "end": 1535454290896,
    "duration": 58,
    "pid": 13108,
    "index": 39
  },
  {
    "name": "Require(33) node_modules/_egg-view@2.1.0@egg-view/app/extend/context.js",
    "start": 1535454290898,
    "end": 1535454290899,
    "duration": 1,
    "pid": 13108,
    "index": 40
  },
  {
    "name": "Require(34) node_modules/_egg@2.10.0@egg/app/extend/context.js",
    "start": 1535454290900,
    "end": 1535454290902,
    "duration": 2,
    "pid": 13108,
    "index": 41
  },
  {
    "name": "Load extend/helper.js",
    "start": 1535454290908,
    "end": 1535454290941,
    "duration": 33,
    "pid": 13108,
    "index": 42
  },
  {
    "name": "Require(35) node_modules/_egg-security@2.2.3@egg-security/app/extend/helper.js",
    "start": 1535454290909,
    "end": 1535454290931,
    "duration": 22,
    "pid": 13108,
    "index": 43
  },
  {
    "name": "Require(36) node_modules/_egg@2.10.0@egg/app/extend/helper.js",
    "start": 1535454290935,
    "end": 1535454290936,
    "duration": 1,
    "pid": 13108,
    "index": 44
  },
  {
    "name": "Load app.js",
    "start": 1535454290942,
    "end": 1535454291242,
    "duration": 300,
    "pid": 13108,
    "index": 45
  },
  {
    "name": "Require(37) node_modules/_egg-session@3.1.0@egg-session/app.js",
    "start": 1535454290943,
    "end": 1535454290944,
    "duration": 1,
    "pid": 13108,
    "index": 46
  },
  {
    "name": "Require(38) node_modules/_egg-security@2.2.3@egg-security/app.js",
    "start": 1535454290945,
    "end": 1535454290950,
    "duration": 5,
    "pid": 13108,
    "index": 47
  },
  {
    "name": "Require(39) node_modules/_egg-onerror@2.1.0@egg-onerror/app.js",
    "start": 1535454290952,
    "end": 1535454290966,
    "duration": 14,
    "pid": 13108,
    "index": 48
  },
  {
    "name": "Require(40) node_modules/_egg-i18n@2.0.0@egg-i18n/app.js",
    "start": 1535454290968,
    "end": 1535454290984,
    "duration": 16,
    "pid": 13108,
    "index": 49
  },
  {
    "name": "Require(41) node_modules/_egg-watcher@3.0.0@egg-watcher/app.js",
    "start": 1535454290988,
    "end": 1535454290994,
    "duration": 6,
    "pid": 13108,
    "index": 50
  },
  {
    "name": "Before Start in node_modules/_egg-watcher@3.0.0@egg-watcher/app.js:15:7",
    "start": 1535454291009,
    "end": 1535454291431,
    "duration": 422,
    "pid": 13108,
    "index": 51
  },
  {
    "name": "Require(42) node_modules/_egg-multipart@2.1.0@egg-multipart/app.js",
    "start": 1535454291011,
    "end": 1535454291017,
    "duration": 6,
    "pid": 13108,
    "index": 52
  },
  {
    "name": "Require(43) node_modules/_egg-development@2.4.1@egg-development/app.js",
    "start": 1535454291019,
    "end": 1535454291019,
    "duration": 0,
    "pid": 13108,
    "index": 53
  },
  {
    "name": "Require(44) node_modules/_egg-schedule@3.3.0@egg-schedule/app.js",
    "start": 1535454291020,
    "end": 1535454291023,
    "duration": 3,
    "pid": 13108,
    "index": 54
  },
  {
    "name": "Require(45) node_modules/_egg-logrotator@3.0.3@egg-logrotator/app.js",
    "start": 1535454291078,
    "end": 1535454291079,
    "duration": 1,
    "pid": 13108,
    "index": 55
  },
  {
    "name": "Require(46) node_modules/_egg-static@2.1.1@egg-static/app.js",
    "start": 1535454291080,
    "end": 1535454291080,
    "duration": 0,
    "pid": 13108,
    "index": 56
  },
  {
    "name": "Require(47) node_modules/_egg-view-ejs@2.0.0@egg-view-ejs/app.js",
    "start": 1535454291081,
    "end": 1535454291082,
    "duration": 1,
    "pid": 13108,
    "index": 57
  },
  {
    "name": "Require(48) node_modules/_egg-mysql@3.0.0@egg-mysql/app.js",
    "start": 1535454291089,
    "end": 1535454291115,
    "duration": 26,
    "pid": 13108,
    "index": 58
  },
  {
    "name": "Before Start in node_modules/_egg-mysql@3.0.0@egg-mysql/lib/mysql.js:20:7",
    "start": 1535454291240,
    "end": 1535454291435,
    "duration": 195,
    "pid": 13108,
    "index": 59
  },
  {
    "name": "Load Service",
    "start": 1535454291242,
    "end": 1535454291249,
    "duration": 7,
    "pid": 13108,
    "index": 60
  },
  {
    "name": "Load \"service\" to Context",
    "start": 1535454291242,
    "end": 1535454291249,
    "duration": 7,
    "pid": 13108,
    "index": 61
  },
  {
    "name": "Load Middleware",
    "start": 1535454291249,
    "end": 1535454291381,
    "duration": 132,
    "pid": 13108,
    "index": 62
  },
  {
    "name": "Load \"middlewares\" to Application",
    "start": 1535454291250,
    "end": 1535454291364,
    "duration": 114,
    "pid": 13108,
    "index": 63
  },
  {
    "name": "Load Controller",
    "start": 1535454291381,
    "end": 1535454291384,
    "duration": 3,
    "pid": 13108,
    "index": 64
  },
  {
    "name": "Load \"controller\" to Application",
    "start": 1535454291381,
    "end": 1535454291384,
    "duration": 3,
    "pid": 13108,
    "index": 65
  },
  {
    "name": "Load Router",
    "start": 1535454291384,
    "end": 1535454291387,
    "duration": 3,
    "pid": 13108,
    "index": 66
  },
  {
    "name": "Require(49) app/router.js",
    "start": 1535454291385,
    "end": 1535454291385,
    "duration": 0,
    "pid": 13108,
    "index": 67
  },
  {
    "name": "Before Start in node_modules/_egg-core@4.9.1@egg-core/lib/egg.js:328:10",
    "start": 1535454291385,
    "end": 1535454291412,
    "duration": 27,
    "pid": 13108,
    "index": 68
  }
]