[
  {
    "name": "Application Start",
    "start": 1535453720106,
    "end": 1535453720937,
    "duration": 831,
    "pid": 2372,
    "index": 0
  },
  {
    "name": "Load Plugin",
    "start": 1535453720115,
    "end": 1535453720158,
    "duration": 43,
    "pid": 2372,
    "index": 1
  },
  {
    "name": "Load Config",
    "start": 1535453720159,
    "end": 1535453720199,
    "duration": 40,
    "pid": 2372,
    "index": 2
  },
  {
    "name": "Require(0) config/config.default.js",
    "start": 1535453720160,
    "end": 1535453720161,
    "duration": 1,
    "pid": 2372,
    "index": 3
  },
  {
    "name": "Require(1) node_modules/_egg-session@3.1.0@egg-session/config/config.default.js",
    "start": 1535453720164,
    "end": 1535453720164,
    "duration": 0,
    "pid": 2372,
    "index": 4
  },
  {
    "name": "Require(2) node_modules/_egg-security@2.2.3@egg-security/config/config.default.js",
    "start": 1535453720165,
    "end": 1535453720166,
    "duration": 1,
    "pid": 2372,
    "index": 5
  },
  {
    "name": "Require(3) node_modules/_egg-jsonp@2.0.0@egg-jsonp/config/config.default.js",
    "start": 1535453720167,
    "end": 1535453720168,
    "duration": 1,
    "pid": 2372,
    "index": 6
  },
  {
    "name": "Require(4) node_modules/_egg-onerror@2.1.0@egg-onerror/config/config.default.js",
    "start": 1535453720169,
    "end": 1535453720169,
    "duration": 0,
    "pid": 2372,
    "index": 7
  },
  {
    "name": "Require(5) node_modules/_egg-i18n@2.0.0@egg-i18n/config/config.default.js",
    "start": 1535453720170,
    "end": 1535453720170,
    "duration": 0,
    "pid": 2372,
    "index": 8
  },
  {
    "name": "Require(6) node_modules/_egg-watcher@3.0.0@egg-watcher/config/config.default.js",
    "start": 1535453720171,
    "end": 1535453720172,
    "duration": 1,
    "pid": 2372,
    "index": 9
  },
  {
    "name": "Require(7) node_modules/_egg-multipart@2.1.0@egg-multipart/config/config.default.js",
    "start": 1535453720173,
    "end": 1535453720173,
    "duration": 0,
    "pid": 2372,
    "index": 10
  },
  {
    "name": "Require(8) node_modules/_egg-development@2.4.1@egg-development/config/config.default.js",
    "start": 1535453720174,
    "end": 1535453720174,
    "duration": 0,
    "pid": 2372,
    "index": 11
  },
  {
    "name": "Require(9) node_modules/_egg-schedule@3.3.0@egg-schedule/config/config.default.js",
    "start": 1535453720175,
    "end": 1535453720175,
    "duration": 0,
    "pid": 2372,
    "index": 12
  },
  {
    "name": "Require(10) node_modules/_egg-logrotator@3.0.3@egg-logrotator/config/config.default.js",
    "start": 1535453720176,
    "end": 1535453720177,
    "duration": 1,
    "pid": 2372,
    "index": 13
  },
  {
    "name": "Require(11) node_modules/_egg-static@2.1.1@egg-static/config/config.default.js",
    "start": 1535453720177,
    "end": 1535453720178,
    "duration": 1,
    "pid": 2372,
    "index": 14
  },
  {
    "name": "Require(12) node_modules/_egg-view@2.1.0@egg-view/config/config.default.js",
    "start": 1535453720178,
    "end": 1535453720179,
    "duration": 1,
    "pid": 2372,
    "index": 15
  },
  {
    "name": "Require(13) node_modules/_egg-view-ejs@2.0.0@egg-view-ejs/config/config.default.js",
    "start": 1535453720180,
    "end": 1535453720181,
    "duration": 1,
    "pid": 2372,
    "index": 16
  },
  {
    "name": "Require(14) node_modules/_egg-mysql@3.0.0@egg-mysql/config/config.default.js",
    "start": 1535453720182,
    "end": 1535453720182,
    "duration": 0,
    "pid": 2372,
    "index": 17
  },
  {
    "name": "Require(15) node_modules/_egg@2.10.0@egg/config/config.default.js",
    "start": 1535453720183,
    "end": 1535453720184,
    "duration": 1,
    "pid": 2372,
    "index": 18
  },
  {
    "name": "Require(16) config/config.default.js",
    "start": 1535453720186,
    "end": 1535453720187,
    "duration": 1,
    "pid": 2372,
    "index": 19
  },
  {
    "name": "Require(17) node_modules/_egg-security@2.2.3@egg-security/config/config.local.js",
    "start": 1535453720187,
    "end": 1535453720188,
    "duration": 1,
    "pid": 2372,
    "index": 20
  },
  {
    "name": "Require(18) node_modules/_egg-watcher@3.0.0@egg-watcher/config/config.local.js",
    "start": 1535453720193,
    "end": 1535453720194,
    "duration": 1,
    "pid": 2372,
    "index": 21
  },
  {
    "name": "Require(19) node_modules/_egg-view@2.1.0@egg-view/config/config.local.js",
    "start": 1535453720196,
    "end": 1535453720197,
    "duration": 1,
    "pid": 2372,
    "index": 22
  },
  {
    "name": "Require(20) node_modules/_egg-view-ejs@2.0.0@egg-view-ejs/config/config.local.js",
    "start": 1535453720197,
    "end": 1535453720198,
    "duration": 1,
    "pid": 2372,
    "index": 23
  },
  {
    "name": "Require(21) node_modules/_egg@2.10.0@egg/config/config.local.js",
    "start": 1535453720199,
    "end": 1535453720199,
    "duration": 0,
    "pid": 2372,
    "index": 24
  },
  {
    "name": "Load extend/application.js",
    "start": 1535453720201,
    "end": 1535453720235,
    "duration": 34,
    "pid": 2372,
    "index": 25
  },
  {
    "name": "Require(22) node_modules/_egg-session@3.1.0@egg-session/app/extend/application.js",
    "start": 1535453720202,
    "end": 1535453720202,
    "duration": 0,
    "pid": 2372,
    "index": 26
  },
  {
    "name": "Require(23) node_modules/_egg-security@2.2.3@egg-security/app/extend/application.js",
    "start": 1535453720203,
    "end": 1535453720208,
    "duration": 5,
    "pid": 2372,
    "index": 27
  },
  {
    "name": "Require(24) node_modules/_egg-jsonp@2.0.0@egg-jsonp/app/extend/application.js",
    "start": 1535453720209,
    "end": 1535453720213,
    "duration": 4,
    "pid": 2372,
    "index": 28
  },
  {
    "name": "Require(25) node_modules/_egg-logrotator@3.0.3@egg-logrotator/app/extend/application.js",
    "start": 1535453720217,
    "end": 1535453720222,
    "duration": 5,
    "pid": 2372,
    "index": 29
  },
  {
    "name": "Require(26) node_modules/_egg-view@2.1.0@egg-view/app/extend/application.js",
    "start": 1535453720223,
    "end": 1535453720227,
    "duration": 4,
    "pid": 2372,
    "index": 30
  },
  {
    "name": "Load extend/request.js",
    "start": 1535453720235,
    "end": 1535453720253,
    "duration": 18,
    "pid": 2372,
    "index": 31
  },
  {
    "name": "Require(27) node_modules/_egg@2.10.0@egg/app/extend/request.js",
    "start": 1535453720244,
    "end": 1535453720248,
    "duration": 4,
    "pid": 2372,
    "index": 32
  },
  {
    "name": "Load extend/response.js",
    "start": 1535453720253,
    "end": 1535453720266,
    "duration": 13,
    "pid": 2372,
    "index": 33
  },
  {
    "name": "Require(28) node_modules/_egg@2.10.0@egg/app/extend/response.js",
    "start": 1535453720256,
    "end": 1535453720260,
    "duration": 4,
    "pid": 2372,
    "index": 34
  },
  {
    "name": "Load extend/context.js",
    "start": 1535453720266,
    "end": 1535453720384,
    "duration": 118,
    "pid": 2372,
    "index": 35
  },
  {
    "name": "Require(29) node_modules/_egg-security@2.2.3@egg-security/app/extend/context.js",
    "start": 1535453720267,
    "end": 1535453720292,
    "duration": 25,
    "pid": 2372,
    "index": 36
  },
  {
    "name": "Require(30) node_modules/_egg-jsonp@2.0.0@egg-jsonp/app/extend/context.js",
    "start": 1535453720292,
    "end": 1535453720296,
    "duration": 4,
    "pid": 2372,
    "index": 37
  },
  {
    "name": "Require(31) node_modules/_egg-i18n@2.0.0@egg-i18n/app/extend/context.js",
    "start": 1535453720296,
    "end": 1535453720297,
    "duration": 1,
    "pid": 2372,
    "index": 38
  },
  {
    "name": "Require(32) node_modules/_egg-multipart@2.1.0@egg-multipart/app/extend/context.js",
    "start": 1535453720298,
    "end": 1535453720371,
    "duration": 73,
    "pid": 2372,
    "index": 39
  },
  {
    "name": "Require(33) node_modules/_egg-view@2.1.0@egg-view/app/extend/context.js",
    "start": 1535453720373,
    "end": 1535453720376,
    "duration": 3,
    "pid": 2372,
    "index": 40
  },
  {
    "name": "Require(34) node_modules/_egg@2.10.0@egg/app/extend/context.js",
    "start": 1535453720377,
    "end": 1535453720379,
    "duration": 2,
    "pid": 2372,
    "index": 41
  },
  {
    "name": "Load extend/helper.js",
    "start": 1535453720384,
    "end": 1535453720417,
    "duration": 33,
    "pid": 2372,
    "index": 42
  },
  {
    "name": "Require(35) node_modules/_egg-security@2.2.3@egg-security/app/extend/helper.js",
    "start": 1535453720385,
    "end": 1535453720409,
    "duration": 24,
    "pid": 2372,
    "index": 43
  },
  {
    "name": "Require(36) node_modules/_egg@2.10.0@egg/app/extend/helper.js",
    "start": 1535453720412,
    "end": 1535453720412,
    "duration": 0,
    "pid": 2372,
    "index": 44
  },
  {
    "name": "Load app.js",
    "start": 1535453720417,
    "end": 1535453720681,
    "duration": 264,
    "pid": 2372,
    "index": 45
  },
  {
    "name": "Require(37) node_modules/_egg-session@3.1.0@egg-session/app.js",
    "start": 1535453720418,
    "end": 1535453720418,
    "duration": 0,
    "pid": 2372,
    "index": 46
  },
  {
    "name": "Require(38) node_modules/_egg-security@2.2.3@egg-security/app.js",
    "start": 1535453720419,
    "end": 1535453720422,
    "duration": 3,
    "pid": 2372,
    "index": 47
  },
  {
    "name": "Require(39) node_modules/_egg-onerror@2.1.0@egg-onerror/app.js",
    "start": 1535453720423,
    "end": 1535453720438,
    "duration": 15,
    "pid": 2372,
    "index": 48
  },
  {
    "name": "Require(40) node_modules/_egg-i18n@2.0.0@egg-i18n/app.js",
    "start": 1535453720439,
    "end": 1535453720451,
    "duration": 12,
    "pid": 2372,
    "index": 49
  },
  {
    "name": "Require(41) node_modules/_egg-watcher@3.0.0@egg-watcher/app.js",
    "start": 1535453720455,
    "end": 1535453720461,
    "duration": 6,
    "pid": 2372,
    "index": 50
  },
  {
    "name": "Before Start in node_modules/_egg-watcher@3.0.0@egg-watcher/app.js:15:7",
    "start": 1535453720473,
    "end": 1535453720931,
    "duration": 458,
    "pid": 2372,
    "index": 51
  },
  {
    "name": "Require(42) node_modules/_egg-multipart@2.1.0@egg-multipart/app.js",
    "start": 1535453720475,
    "end": 1535453720480,
    "duration": 5,
    "pid": 2372,
    "index": 52
  },
  {
    "name": "Require(43) node_modules/_egg-development@2.4.1@egg-development/app.js",
    "start": 1535453720482,
    "end": 1535453720483,
    "duration": 1,
    "pid": 2372,
    "index": 53
  },
  {
    "name": "Require(44) node_modules/_egg-schedule@3.3.0@egg-schedule/app.js",
    "start": 1535453720484,
    "end": 1535453720487,
    "duration": 3,
    "pid": 2372,
    "index": 54
  },
  {
    "name": "Require(45) node_modules/_egg-logrotator@3.0.3@egg-logrotator/app.js",
    "start": 1535453720540,
    "end": 1535453720540,
    "duration": 0,
    "pid": 2372,
    "index": 55
  },
  {
    "name": "Require(46) node_modules/_egg-static@2.1.1@egg-static/app.js",
    "start": 1535453720541,
    "end": 1535453720541,
    "duration": 0,
    "pid": 2372,
    "index": 56
  },
  {
    "name": "Require(47) node_modules/_egg-view-ejs@2.0.0@egg-view-ejs/app.js",
    "start": 1535453720543,
    "end": 1535453720543,
    "duration": 0,
    "pid": 2372,
    "index": 57
  },
  {
    "name": "Require(48) node_modules/_egg-mysql@3.0.0@egg-mysql/app.js",
    "start": 1535453720551,
    "end": 1535453720577,
    "duration": 26,
    "pid": 2372,
    "index": 58
  },
  {
    "name": "Before Start in node_modules/_egg-mysql@3.0.0@egg-mysql/lib/mysql.js:20:7",
    "start": 1535453720678,
    "end": 1535453720937,
    "duration": 259,
    "pid": 2372,
    "index": 59
  },
  {
    "name": "Load Service",
    "start": 1535453720681,
    "end": 1535453720689,
    "duration": 8,
    "pid": 2372,
    "index": 60
  },
  {
    "name": "Load \"service\" to Context",
    "start": 1535453720681,
    "end": 1535453720689,
    "duration": 8,
    "pid": 2372,
    "index": 61
  },
  {
    "name": "Load Middleware",
    "start": 1535453720689,
    "end": 1535453720885,
    "duration": 196,
    "pid": 2372,
    "index": 62
  },
  {
    "name": "Load \"middlewares\" to Application",
    "start": 1535453720690,
    "end": 1535453720869,
    "duration": 179,
    "pid": 2372,
    "index": 63
  },
  {
    "name": "Load Controller",
    "start": 1535453720885,
    "end": 1535453720888,
    "duration": 3,
    "pid": 2372,
    "index": 64
  },
  {
    "name": "Load \"controller\" to Application",
    "start": 1535453720885,
    "end": 1535453720888,
    "duration": 3,
    "pid": 2372,
    "index": 65
  },
  {
    "name": "Load Router",
    "start": 1535453720889,
    "end": 1535453720892,
    "duration": 3,
    "pid": 2372,
    "index": 66
  },
  {
    "name": "Require(49) app/router.js",
    "start": 1535453720889,
    "end": 1535453720890,
    "duration": 1,
    "pid": 2372,
    "index": 67
  },
  {
    "name": "Before Start in node_modules/_egg-core@4.9.1@egg-core/lib/egg.js:328:10",
    "start": 1535453720890,
    "end": 1535453720913,
    "duration": 23,
    "pid": 2372,
    "index": 68
  }
]