[
  {
    "name": "Application Start",
    "start": 1535468441008,
    "end": 1535468441806,
    "duration": 798,
    "pid": 4364,
    "index": 0
  },
  {
    "name": "Load Plugin",
    "start": 1535468441015,
    "end": 1535468441053,
    "duration": 38,
    "pid": 4364,
    "index": 1
  },
  {
    "name": "Load Config",
    "start": 1535468441053,
    "end": 1535468441094,
    "duration": 41,
    "pid": 4364,
    "index": 2
  },
  {
    "name": "Require(0) config/config.default.js",
    "start": 1535468441054,
    "end": 1535468441054,
    "duration": 0,
    "pid": 4364,
    "index": 3
  },
  {
    "name": "Require(1) node_modules/_egg-session@3.1.0@egg-session/config/config.default.js",
    "start": 1535468441057,
    "end": 1535468441057,
    "duration": 0,
    "pid": 4364,
    "index": 4
  },
  {
    "name": "Require(2) node_modules/_egg-security@2.2.3@egg-security/config/config.default.js",
    "start": 1535468441058,
    "end": 1535468441059,
    "duration": 1,
    "pid": 4364,
    "index": 5
  },
  {
    "name": "Require(3) node_modules/_egg-jsonp@2.0.0@egg-jsonp/config/config.default.js",
    "start": 1535468441060,
    "end": 1535468441061,
    "duration": 1,
    "pid": 4364,
    "index": 6
  },
  {
    "name": "Require(4) node_modules/_egg-onerror@2.1.0@egg-onerror/config/config.default.js",
    "start": 1535468441062,
    "end": 1535468441063,
    "duration": 1,
    "pid": 4364,
    "index": 7
  },
  {
    "name": "Require(5) node_modules/_egg-i18n@2.0.0@egg-i18n/config/config.default.js",
    "start": 1535468441064,
    "end": 1535468441064,
    "duration": 0,
    "pid": 4364,
    "index": 8
  },
  {
    "name": "Require(6) node_modules/_egg-watcher@3.0.0@egg-watcher/config/config.default.js",
    "start": 1535468441065,
    "end": 1535468441066,
    "duration": 1,
    "pid": 4364,
    "index": 9
  },
  {
    "name": "Require(7) node_modules/_egg-multipart@2.1.0@egg-multipart/config/config.default.js",
    "start": 1535468441067,
    "end": 1535468441068,
    "duration": 1,
    "pid": 4364,
    "index": 10
  },
  {
    "name": "Require(8) node_modules/_egg-development@2.4.1@egg-development/config/config.default.js",
    "start": 1535468441069,
    "end": 1535468441069,
    "duration": 0,
    "pid": 4364,
    "index": 11
  },
  {
    "name": "Require(9) node_modules/_egg-schedule@3.3.0@egg-schedule/config/config.default.js",
    "start": 1535468441070,
    "end": 1535468441070,
    "duration": 0,
    "pid": 4364,
    "index": 12
  },
  {
    "name": "Require(10) node_modules/_egg-logrotator@3.0.3@egg-logrotator/config/config.default.js",
    "start": 1535468441071,
    "end": 1535468441073,
    "duration": 2,
    "pid": 4364,
    "index": 13
  },
  {
    "name": "Require(11) node_modules/_egg-static@2.1.1@egg-static/config/config.default.js",
    "start": 1535468441074,
    "end": 1535468441075,
    "duration": 1,
    "pid": 4364,
    "index": 14
  },
  {
    "name": "Require(12) node_modules/_egg-view@2.1.0@egg-view/config/config.default.js",
    "start": 1535468441076,
    "end": 1535468441076,
    "duration": 0,
    "pid": 4364,
    "index": 15
  },
  {
    "name": "Require(13) node_modules/_egg-view-ejs@2.0.0@egg-view-ejs/config/config.default.js",
    "start": 1535468441077,
    "end": 1535468441077,
    "duration": 0,
    "pid": 4364,
    "index": 16
  },
  {
    "name": "Require(14) node_modules/_egg-mysql@3.0.0@egg-mysql/config/config.default.js",
    "start": 1535468441078,
    "end": 1535468441079,
    "duration": 1,
    "pid": 4364,
    "index": 17
  },
  {
    "name": "Require(15) node_modules/_egg@2.10.0@egg/config/config.default.js",
    "start": 1535468441080,
    "end": 1535468441081,
    "duration": 1,
    "pid": 4364,
    "index": 18
  },
  {
    "name": "Require(16) config/config.default.js",
    "start": 1535468441084,
    "end": 1535468441084,
    "duration": 0,
    "pid": 4364,
    "index": 19
  },
  {
    "name": "Require(17) node_modules/_egg-security@2.2.3@egg-security/config/config.local.js",
    "start": 1535468441085,
    "end": 1535468441085,
    "duration": 0,
    "pid": 4364,
    "index": 20
  },
  {
    "name": "Require(18) node_modules/_egg-watcher@3.0.0@egg-watcher/config/config.local.js",
    "start": 1535468441087,
    "end": 1535468441087,
    "duration": 0,
    "pid": 4364,
    "index": 21
  },
  {
    "name": "Require(19) node_modules/_egg-view@2.1.0@egg-view/config/config.local.js",
    "start": 1535468441090,
    "end": 1535468441091,
    "duration": 1,
    "pid": 4364,
    "index": 22
  },
  {
    "name": "Require(20) node_modules/_egg-view-ejs@2.0.0@egg-view-ejs/config/config.local.js",
    "start": 1535468441091,
    "end": 1535468441092,
    "duration": 1,
    "pid": 4364,
    "index": 23
  },
  {
    "name": "Require(21) node_modules/_egg@2.10.0@egg/config/config.local.js",
    "start": 1535468441093,
    "end": 1535468441094,
    "duration": 1,
    "pid": 4364,
    "index": 24
  },
  {
    "name": "Load extend/application.js",
    "start": 1535468441096,
    "end": 1535468441131,
    "duration": 35,
    "pid": 4364,
    "index": 25
  },
  {
    "name": "Require(22) node_modules/_egg-session@3.1.0@egg-session/app/extend/application.js",
    "start": 1535468441098,
    "end": 1535468441099,
    "duration": 1,
    "pid": 4364,
    "index": 26
  },
  {
    "name": "Require(23) node_modules/_egg-security@2.2.3@egg-security/app/extend/application.js",
    "start": 1535468441100,
    "end": 1535468441102,
    "duration": 2,
    "pid": 4364,
    "index": 27
  },
  {
    "name": "Require(24) node_modules/_egg-jsonp@2.0.0@egg-jsonp/app/extend/application.js",
    "start": 1535468441103,
    "end": 1535468441108,
    "duration": 5,
    "pid": 4364,
    "index": 28
  },
  {
    "name": "Require(25) node_modules/_egg-logrotator@3.0.3@egg-logrotator/app/extend/application.js",
    "start": 1535468441111,
    "end": 1535468441118,
    "duration": 7,
    "pid": 4364,
    "index": 29
  },
  {
    "name": "Require(26) node_modules/_egg-view@2.1.0@egg-view/app/extend/application.js",
    "start": 1535468441119,
    "end": 1535468441125,
    "duration": 6,
    "pid": 4364,
    "index": 30
  },
  {
    "name": "Load extend/request.js",
    "start": 1535468441131,
    "end": 1535468441144,
    "duration": 13,
    "pid": 4364,
    "index": 31
  },
  {
    "name": "Require(27) node_modules/_egg@2.10.0@egg/app/extend/request.js",
    "start": 1535468441137,
    "end": 1535468441140,
    "duration": 3,
    "pid": 4364,
    "index": 32
  },
  {
    "name": "Load extend/response.js",
    "start": 1535468441144,
    "end": 1535468441156,
    "duration": 12,
    "pid": 4364,
    "index": 33
  },
  {
    "name": "Require(28) node_modules/_egg@2.10.0@egg/app/extend/response.js",
    "start": 1535468441148,
    "end": 1535468441151,
    "duration": 3,
    "pid": 4364,
    "index": 34
  },
  {
    "name": "Load extend/context.js",
    "start": 1535468441156,
    "end": 1535468441255,
    "duration": 99,
    "pid": 4364,
    "index": 35
  },
  {
    "name": "Require(29) node_modules/_egg-security@2.2.3@egg-security/app/extend/context.js",
    "start": 1535468441157,
    "end": 1535468441178,
    "duration": 21,
    "pid": 4364,
    "index": 36
  },
  {
    "name": "Require(30) node_modules/_egg-jsonp@2.0.0@egg-jsonp/app/extend/context.js",
    "start": 1535468441179,
    "end": 1535468441182,
    "duration": 3,
    "pid": 4364,
    "index": 37
  },
  {
    "name": "Require(31) node_modules/_egg-i18n@2.0.0@egg-i18n/app/extend/context.js",
    "start": 1535468441184,
    "end": 1535468441185,
    "duration": 1,
    "pid": 4364,
    "index": 38
  },
  {
    "name": "Require(32) node_modules/_egg-multipart@2.1.0@egg-multipart/app/extend/context.js",
    "start": 1535468441186,
    "end": 1535468441244,
    "duration": 58,
    "pid": 4364,
    "index": 39
  },
  {
    "name": "Require(33) node_modules/_egg-view@2.1.0@egg-view/app/extend/context.js",
    "start": 1535468441246,
    "end": 1535468441247,
    "duration": 1,
    "pid": 4364,
    "index": 40
  },
  {
    "name": "Require(34) node_modules/_egg@2.10.0@egg/app/extend/context.js",
    "start": 1535468441248,
    "end": 1535468441250,
    "duration": 2,
    "pid": 4364,
    "index": 41
  },
  {
    "name": "Load extend/helper.js",
    "start": 1535468441255,
    "end": 1535468441288,
    "duration": 33,
    "pid": 4364,
    "index": 42
  },
  {
    "name": "Require(35) node_modules/_egg-security@2.2.3@egg-security/app/extend/helper.js",
    "start": 1535468441256,
    "end": 1535468441280,
    "duration": 24,
    "pid": 4364,
    "index": 43
  },
  {
    "name": "Require(36) node_modules/_egg@2.10.0@egg/app/extend/helper.js",
    "start": 1535468441283,
    "end": 1535468441284,
    "duration": 1,
    "pid": 4364,
    "index": 44
  },
  {
    "name": "Load app.js",
    "start": 1535468441288,
    "end": 1535468441589,
    "duration": 301,
    "pid": 4364,
    "index": 45
  },
  {
    "name": "Require(37) node_modules/_egg-session@3.1.0@egg-session/app.js",
    "start": 1535468441289,
    "end": 1535468441289,
    "duration": 0,
    "pid": 4364,
    "index": 46
  },
  {
    "name": "Require(38) node_modules/_egg-security@2.2.3@egg-security/app.js",
    "start": 1535468441290,
    "end": 1535468441293,
    "duration": 3,
    "pid": 4364,
    "index": 47
  },
  {
    "name": "Require(39) node_modules/_egg-onerror@2.1.0@egg-onerror/app.js",
    "start": 1535468441295,
    "end": 1535468441314,
    "duration": 19,
    "pid": 4364,
    "index": 48
  },
  {
    "name": "Require(40) node_modules/_egg-i18n@2.0.0@egg-i18n/app.js",
    "start": 1535468441316,
    "end": 1535468441335,
    "duration": 19,
    "pid": 4364,
    "index": 49
  },
  {
    "name": "Require(41) node_modules/_egg-watcher@3.0.0@egg-watcher/app.js",
    "start": 1535468441340,
    "end": 1535468441346,
    "duration": 6,
    "pid": 4364,
    "index": 50
  },
  {
    "name": "Before Start in node_modules/_egg-watcher@3.0.0@egg-watcher/app.js:15:7",
    "start": 1535468441358,
    "end": 1535468441802,
    "duration": 444,
    "pid": 4364,
    "index": 51
  },
  {
    "name": "Require(42) node_modules/_egg-multipart@2.1.0@egg-multipart/app.js",
    "start": 1535468441360,
    "end": 1535468441366,
    "duration": 6,
    "pid": 4364,
    "index": 52
  },
  {
    "name": "Require(43) node_modules/_egg-development@2.4.1@egg-development/app.js",
    "start": 1535468441367,
    "end": 1535468441367,
    "duration": 0,
    "pid": 4364,
    "index": 53
  },
  {
    "name": "Require(44) node_modules/_egg-schedule@3.3.0@egg-schedule/app.js",
    "start": 1535468441368,
    "end": 1535468441371,
    "duration": 3,
    "pid": 4364,
    "index": 54
  },
  {
    "name": "Require(45) node_modules/_egg-logrotator@3.0.3@egg-logrotator/app.js",
    "start": 1535468441423,
    "end": 1535468441423,
    "duration": 0,
    "pid": 4364,
    "index": 55
  },
  {
    "name": "Require(46) node_modules/_egg-static@2.1.1@egg-static/app.js",
    "start": 1535468441424,
    "end": 1535468441424,
    "duration": 0,
    "pid": 4364,
    "index": 56
  },
  {
    "name": "Require(47) node_modules/_egg-view-ejs@2.0.0@egg-view-ejs/app.js",
    "start": 1535468441426,
    "end": 1535468441426,
    "duration": 0,
    "pid": 4364,
    "index": 57
  },
  {
    "name": "Require(48) node_modules/_egg-mysql@3.0.0@egg-mysql/app.js",
    "start": 1535468441434,
    "end": 1535468441468,
    "duration": 34,
    "pid": 4364,
    "index": 58
  },
  {
    "name": "Before Start in node_modules/_egg-mysql@3.0.0@egg-mysql/lib/mysql.js:20:7",
    "start": 1535468441588,
    "end": 1535468441806,
    "duration": 218,
    "pid": 4364,
    "index": 59
  },
  {
    "name": "Load Service",
    "start": 1535468441589,
    "end": 1535468441598,
    "duration": 9,
    "pid": 4364,
    "index": 60
  },
  {
    "name": "Load \"service\" to Context",
    "start": 1535468441590,
    "end": 1535468441598,
    "duration": 8,
    "pid": 4364,
    "index": 61
  },
  {
    "name": "Load Middleware",
    "start": 1535468441598,
    "end": 1535468441753,
    "duration": 155,
    "pid": 4364,
    "index": 62
  },
  {
    "name": "Load \"middlewares\" to Application",
    "start": 1535468441599,
    "end": 1535468441735,
    "duration": 136,
    "pid": 4364,
    "index": 63
  },
  {
    "name": "Load Controller",
    "start": 1535468441753,
    "end": 1535468441756,
    "duration": 3,
    "pid": 4364,
    "index": 64
  },
  {
    "name": "Load \"controller\" to Application",
    "start": 1535468441753,
    "end": 1535468441756,
    "duration": 3,
    "pid": 4364,
    "index": 65
  },
  {
    "name": "Load Router",
    "start": 1535468441756,
    "end": 1535468441759,
    "duration": 3,
    "pid": 4364,
    "index": 66
  },
  {
    "name": "Require(49) app/router.js",
    "start": 1535468441757,
    "end": 1535468441757,
    "duration": 0,
    "pid": 4364,
    "index": 67
  },
  {
    "name": "Before Start in node_modules/_egg-core@4.9.1@egg-core/lib/egg.js:328:10",
    "start": 1535468441758,
    "end": 1535468441780,
    "duration": 22,
    "pid": 4364,
    "index": 68
  }
]