[
  {
    "name": "Application Start",
    "start": 1535468451619,
    "end": 1535468452538,
    "duration": 919,
    "pid": 1688,
    "index": 0
  },
  {
    "name": "Load Plugin",
    "start": 1535468451628,
    "end": 1535468451675,
    "duration": 47,
    "pid": 1688,
    "index": 1
  },
  {
    "name": "Load Config",
    "start": 1535468451675,
    "end": 1535468451721,
    "duration": 46,
    "pid": 1688,
    "index": 2
  },
  {
    "name": "Require(0) config/config.default.js",
    "start": 1535468451677,
    "end": 1535468451677,
    "duration": 0,
    "pid": 1688,
    "index": 3
  },
  {
    "name": "Require(1) node_modules/_egg-session@3.1.0@egg-session/config/config.default.js",
    "start": 1535468451680,
    "end": 1535468451681,
    "duration": 1,
    "pid": 1688,
    "index": 4
  },
  {
    "name": "Require(2) node_modules/_egg-security@2.2.3@egg-security/config/config.default.js",
    "start": 1535468451682,
    "end": 1535468451682,
    "duration": 0,
    "pid": 1688,
    "index": 5
  },
  {
    "name": "Require(3) node_modules/_egg-jsonp@2.0.0@egg-jsonp/config/config.default.js",
    "start": 1535468451684,
    "end": 1535468451685,
    "duration": 1,
    "pid": 1688,
    "index": 6
  },
  {
    "name": "Require(4) node_modules/_egg-onerror@2.1.0@egg-onerror/config/config.default.js",
    "start": 1535468451686,
    "end": 1535468451687,
    "duration": 1,
    "pid": 1688,
    "index": 7
  },
  {
    "name": "Require(5) node_modules/_egg-i18n@2.0.0@egg-i18n/config/config.default.js",
    "start": 1535468451687,
    "end": 1535468451688,
    "duration": 1,
    "pid": 1688,
    "index": 8
  },
  {
    "name": "Require(6) node_modules/_egg-watcher@3.0.0@egg-watcher/config/config.default.js",
    "start": 1535468451689,
    "end": 1535468451689,
    "duration": 0,
    "pid": 1688,
    "index": 9
  },
  {
    "name": "Require(7) node_modules/_egg-multipart@2.1.0@egg-multipart/config/config.default.js",
    "start": 1535468451690,
    "end": 1535468451690,
    "duration": 0,
    "pid": 1688,
    "index": 10
  },
  {
    "name": "Require(8) node_modules/_egg-development@2.4.1@egg-development/config/config.default.js",
    "start": 1535468451691,
    "end": 1535468451691,
    "duration": 0,
    "pid": 1688,
    "index": 11
  },
  {
    "name": "Require(9) node_modules/_egg-schedule@3.3.0@egg-schedule/config/config.default.js",
    "start": 1535468451692,
    "end": 1535468451693,
    "duration": 1,
    "pid": 1688,
    "index": 12
  },
  {
    "name": "Require(10) node_modules/_egg-logrotator@3.0.3@egg-logrotator/config/config.default.js",
    "start": 1535468451693,
    "end": 1535468451694,
    "duration": 1,
    "pid": 1688,
    "index": 13
  },
  {
    "name": "Require(11) node_modules/_egg-static@2.1.1@egg-static/config/config.default.js",
    "start": 1535468451695,
    "end": 1535468451695,
    "duration": 0,
    "pid": 1688,
    "index": 14
  },
  {
    "name": "Require(12) node_modules/_egg-view@2.1.0@egg-view/config/config.default.js",
    "start": 1535468451696,
    "end": 1535468451697,
    "duration": 1,
    "pid": 1688,
    "index": 15
  },
  {
    "name": "Require(13) node_modules/_egg-view-ejs@2.0.0@egg-view-ejs/config/config.default.js",
    "start": 1535468451698,
    "end": 1535468451698,
    "duration": 0,
    "pid": 1688,
    "index": 16
  },
  {
    "name": "Require(14) node_modules/_egg-mysql@3.0.0@egg-mysql/config/config.default.js",
    "start": 1535468451700,
    "end": 1535468451701,
    "duration": 1,
    "pid": 1688,
    "index": 17
  },
  {
    "name": "Require(15) node_modules/_egg@2.10.0@egg/config/config.default.js",
    "start": 1535468451702,
    "end": 1535468451703,
    "duration": 1,
    "pid": 1688,
    "index": 18
  },
  {
    "name": "Require(16) config/config.default.js",
    "start": 1535468451706,
    "end": 1535468451706,
    "duration": 0,
    "pid": 1688,
    "index": 19
  },
  {
    "name": "Require(17) node_modules/_egg-security@2.2.3@egg-security/config/config.local.js",
    "start": 1535468451707,
    "end": 1535468451707,
    "duration": 0,
    "pid": 1688,
    "index": 20
  },
  {
    "name": "Require(18) node_modules/_egg-watcher@3.0.0@egg-watcher/config/config.local.js",
    "start": 1535468451709,
    "end": 1535468451709,
    "duration": 0,
    "pid": 1688,
    "index": 21
  },
  {
    "name": "Require(19) node_modules/_egg-view@2.1.0@egg-view/config/config.local.js",
    "start": 1535468451718,
    "end": 1535468451718,
    "duration": 0,
    "pid": 1688,
    "index": 22
  },
  {
    "name": "Require(20) node_modules/_egg-view-ejs@2.0.0@egg-view-ejs/config/config.local.js",
    "start": 1535468451719,
    "end": 1535468451719,
    "duration": 0,
    "pid": 1688,
    "index": 23
  },
  {
    "name": "Require(21) node_modules/_egg@2.10.0@egg/config/config.local.js",
    "start": 1535468451720,
    "end": 1535468451721,
    "duration": 1,
    "pid": 1688,
    "index": 24
  },
  {
    "name": "Load extend/application.js",
    "start": 1535468451722,
    "end": 1535468451747,
    "duration": 25,
    "pid": 1688,
    "index": 25
  },
  {
    "name": "Require(22) node_modules/_egg-session@3.1.0@egg-session/app/extend/application.js",
    "start": 1535468451723,
    "end": 1535468451724,
    "duration": 1,
    "pid": 1688,
    "index": 26
  },
  {
    "name": "Require(23) node_modules/_egg-security@2.2.3@egg-security/app/extend/application.js",
    "start": 1535468451724,
    "end": 1535468451726,
    "duration": 2,
    "pid": 1688,
    "index": 27
  },
  {
    "name": "Require(24) node_modules/_egg-jsonp@2.0.0@egg-jsonp/app/extend/application.js",
    "start": 1535468451727,
    "end": 1535468451730,
    "duration": 3,
    "pid": 1688,
    "index": 28
  },
  {
    "name": "Require(25) node_modules/_egg-logrotator@3.0.3@egg-logrotator/app/extend/application.js",
    "start": 1535468451733,
    "end": 1535468451737,
    "duration": 4,
    "pid": 1688,
    "index": 29
  },
  {
    "name": "Require(26) node_modules/_egg-view@2.1.0@egg-view/app/extend/application.js",
    "start": 1535468451738,
    "end": 1535468451741,
    "duration": 3,
    "pid": 1688,
    "index": 30
  },
  {
    "name": "Load extend/request.js",
    "start": 1535468451747,
    "end": 1535468451762,
    "duration": 15,
    "pid": 1688,
    "index": 31
  },
  {
    "name": "Require(27) node_modules/_egg@2.10.0@egg/app/extend/request.js",
    "start": 1535468451752,
    "end": 1535468451755,
    "duration": 3,
    "pid": 1688,
    "index": 32
  },
  {
    "name": "Load extend/response.js",
    "start": 1535468451763,
    "end": 1535468451775,
    "duration": 12,
    "pid": 1688,
    "index": 33
  },
  {
    "name": "Require(28) node_modules/_egg@2.10.0@egg/app/extend/response.js",
    "start": 1535468451767,
    "end": 1535468451771,
    "duration": 4,
    "pid": 1688,
    "index": 34
  },
  {
    "name": "Load extend/context.js",
    "start": 1535468451775,
    "end": 1535468451898,
    "duration": 123,
    "pid": 1688,
    "index": 35
  },
  {
    "name": "Require(29) node_modules/_egg-security@2.2.3@egg-security/app/extend/context.js",
    "start": 1535468451776,
    "end": 1535468451798,
    "duration": 22,
    "pid": 1688,
    "index": 36
  },
  {
    "name": "Require(30) node_modules/_egg-jsonp@2.0.0@egg-jsonp/app/extend/context.js",
    "start": 1535468451799,
    "end": 1535468451801,
    "duration": 2,
    "pid": 1688,
    "index": 37
  },
  {
    "name": "Require(31) node_modules/_egg-i18n@2.0.0@egg-i18n/app/extend/context.js",
    "start": 1535468451802,
    "end": 1535468451803,
    "duration": 1,
    "pid": 1688,
    "index": 38
  },
  {
    "name": "Require(32) node_modules/_egg-multipart@2.1.0@egg-multipart/app/extend/context.js",
    "start": 1535468451803,
    "end": 1535468451883,
    "duration": 80,
    "pid": 1688,
    "index": 39
  },
  {
    "name": "Require(33) node_modules/_egg-view@2.1.0@egg-view/app/extend/context.js",
    "start": 1535468451884,
    "end": 1535468451886,
    "duration": 2,
    "pid": 1688,
    "index": 40
  },
  {
    "name": "Require(34) node_modules/_egg@2.10.0@egg/app/extend/context.js",
    "start": 1535468451888,
    "end": 1535468451891,
    "duration": 3,
    "pid": 1688,
    "index": 41
  },
  {
    "name": "Load extend/helper.js",
    "start": 1535468451898,
    "end": 1535468451952,
    "duration": 54,
    "pid": 1688,
    "index": 42
  },
  {
    "name": "Require(35) node_modules/_egg-security@2.2.3@egg-security/app/extend/helper.js",
    "start": 1535468451899,
    "end": 1535468451941,
    "duration": 42,
    "pid": 1688,
    "index": 43
  },
  {
    "name": "Require(36) node_modules/_egg@2.10.0@egg/app/extend/helper.js",
    "start": 1535468451945,
    "end": 1535468451945,
    "duration": 0,
    "pid": 1688,
    "index": 44
  },
  {
    "name": "Load app.js",
    "start": 1535468451952,
    "end": 1535468452306,
    "duration": 354,
    "pid": 1688,
    "index": 45
  },
  {
    "name": "Require(37) node_modules/_egg-session@3.1.0@egg-session/app.js",
    "start": 1535468451953,
    "end": 1535468451953,
    "duration": 0,
    "pid": 1688,
    "index": 46
  },
  {
    "name": "Require(38) node_modules/_egg-security@2.2.3@egg-security/app.js",
    "start": 1535468451954,
    "end": 1535468451957,
    "duration": 3,
    "pid": 1688,
    "index": 47
  },
  {
    "name": "Require(39) node_modules/_egg-onerror@2.1.0@egg-onerror/app.js",
    "start": 1535468451959,
    "end": 1535468451979,
    "duration": 20,
    "pid": 1688,
    "index": 48
  },
  {
    "name": "Require(40) node_modules/_egg-i18n@2.0.0@egg-i18n/app.js",
    "start": 1535468451981,
    "end": 1535468451995,
    "duration": 14,
    "pid": 1688,
    "index": 49
  },
  {
    "name": "Require(41) node_modules/_egg-watcher@3.0.0@egg-watcher/app.js",
    "start": 1535468452001,
    "end": 1535468452011,
    "duration": 10,
    "pid": 1688,
    "index": 50
  },
  {
    "name": "Before Start in node_modules/_egg-watcher@3.0.0@egg-watcher/app.js:15:7",
    "start": 1535468452027,
    "end": 1535468452534,
    "duration": 507,
    "pid": 1688,
    "index": 51
  },
  {
    "name": "Require(42) node_modules/_egg-multipart@2.1.0@egg-multipart/app.js",
    "start": 1535468452029,
    "end": 1535468452036,
    "duration": 7,
    "pid": 1688,
    "index": 52
  },
  {
    "name": "Require(43) node_modules/_egg-development@2.4.1@egg-development/app.js",
    "start": 1535468452038,
    "end": 1535468452038,
    "duration": 0,
    "pid": 1688,
    "index": 53
  },
  {
    "name": "Require(44) node_modules/_egg-schedule@3.3.0@egg-schedule/app.js",
    "start": 1535468452039,
    "end": 1535468452047,
    "duration": 8,
    "pid": 1688,
    "index": 54
  },
  {
    "name": "Require(45) node_modules/_egg-logrotator@3.0.3@egg-logrotator/app.js",
    "start": 1535468452135,
    "end": 1535468452136,
    "duration": 1,
    "pid": 1688,
    "index": 55
  },
  {
    "name": "Require(46) node_modules/_egg-static@2.1.1@egg-static/app.js",
    "start": 1535468452137,
    "end": 1535468452137,
    "duration": 0,
    "pid": 1688,
    "index": 56
  },
  {
    "name": "Require(47) node_modules/_egg-view-ejs@2.0.0@egg-view-ejs/app.js",
    "start": 1535468452139,
    "end": 1535468452140,
    "duration": 1,
    "pid": 1688,
    "index": 57
  },
  {
    "name": "Require(48) node_modules/_egg-mysql@3.0.0@egg-mysql/app.js",
    "start": 1535468452153,
    "end": 1535468452181,
    "duration": 28,
    "pid": 1688,
    "index": 58
  },
  {
    "name": "Before Start in node_modules/_egg-mysql@3.0.0@egg-mysql/lib/mysql.js:20:7",
    "start": 1535468452304,
    "end": 1535468452537,
    "duration": 233,
    "pid": 1688,
    "index": 59
  },
  {
    "name": "Load Service",
    "start": 1535468452306,
    "end": 1535468452313,
    "duration": 7,
    "pid": 1688,
    "index": 60
  },
  {
    "name": "Load \"service\" to Context",
    "start": 1535468452306,
    "end": 1535468452313,
    "duration": 7,
    "pid": 1688,
    "index": 61
  },
  {
    "name": "Load Middleware",
    "start": 1535468452313,
    "end": 1535468452474,
    "duration": 161,
    "pid": 1688,
    "index": 62
  },
  {
    "name": "Load \"middlewares\" to Application",
    "start": 1535468452314,
    "end": 1535468452450,
    "duration": 136,
    "pid": 1688,
    "index": 63
  },
  {
    "name": "Load Controller",
    "start": 1535468452474,
    "end": 1535468452478,
    "duration": 4,
    "pid": 1688,
    "index": 64
  },
  {
    "name": "Load \"controller\" to Application",
    "start": 1535468452474,
    "end": 1535468452478,
    "duration": 4,
    "pid": 1688,
    "index": 65
  },
  {
    "name": "Load Router",
    "start": 1535468452478,
    "end": 1535468452483,
    "duration": 5,
    "pid": 1688,
    "index": 66
  },
  {
    "name": "Require(49) app/router.js",
    "start": 1535468452479,
    "end": 1535468452479,
    "duration": 0,
    "pid": 1688,
    "index": 67
  },
  {
    "name": "Before Start in node_modules/_egg-core@4.9.1@egg-core/lib/egg.js:328:10",
    "start": 1535468452480,
    "end": 1535468452508,
    "duration": 28,
    "pid": 1688,
    "index": 68
  }
]