[
  {
    "name": "Application Start",
    "start": 1535451690216,
    "end": 1535451691074,
    "duration": 858,
    "pid": 1532,
    "index": 0
  },
  {
    "name": "Load Plugin",
    "start": 1535451690228,
    "end": 1535451690274,
    "duration": 46,
    "pid": 1532,
    "index": 1
  },
  {
    "name": "Load Config",
    "start": 1535451690274,
    "end": 1535451690321,
    "duration": 47,
    "pid": 1532,
    "index": 2
  },
  {
    "name": "Require(0) config/config.default.js",
    "start": 1535451690275,
    "end": 1535451690276,
    "duration": 1,
    "pid": 1532,
    "index": 3
  },
  {
    "name": "Require(1) node_modules/_egg-session@3.1.0@egg-session/config/config.default.js",
    "start": 1535451690278,
    "end": 1535451690279,
    "duration": 1,
    "pid": 1532,
    "index": 4
  },
  {
    "name": "Require(2) node_modules/_egg-security@2.2.3@egg-security/config/config.default.js",
    "start": 1535451690280,
    "end": 1535451690280,
    "duration": 0,
    "pid": 1532,
    "index": 5
  },
  {
    "name": "Require(3) node_modules/_egg-jsonp@2.0.0@egg-jsonp/config/config.default.js",
    "start": 1535451690283,
    "end": 1535451690283,
    "duration": 0,
    "pid": 1532,
    "index": 6
  },
  {
    "name": "Require(4) node_modules/_egg-onerror@2.1.0@egg-onerror/config/config.default.js",
    "start": 1535451690284,
    "end": 1535451690285,
    "duration": 1,
    "pid": 1532,
    "index": 7
  },
  {
    "name": "Require(5) node_modules/_egg-i18n@2.0.0@egg-i18n/config/config.default.js",
    "start": 1535451690285,
    "end": 1535451690286,
    "duration": 1,
    "pid": 1532,
    "index": 8
  },
  {
    "name": "Require(6) node_modules/_egg-watcher@3.0.0@egg-watcher/config/config.default.js",
    "start": 1535451690287,
    "end": 1535451690288,
    "duration": 1,
    "pid": 1532,
    "index": 9
  },
  {
    "name": "Require(7) node_modules/_egg-multipart@2.1.0@egg-multipart/config/config.default.js",
    "start": 1535451690289,
    "end": 1535451690290,
    "duration": 1,
    "pid": 1532,
    "index": 10
  },
  {
    "name": "Require(8) node_modules/_egg-development@2.4.1@egg-development/config/config.default.js",
    "start": 1535451690292,
    "end": 1535451690292,
    "duration": 0,
    "pid": 1532,
    "index": 11
  },
  {
    "name": "Require(9) node_modules/_egg-schedule@3.3.0@egg-schedule/config/config.default.js",
    "start": 1535451690293,
    "end": 1535451690294,
    "duration": 1,
    "pid": 1532,
    "index": 12
  },
  {
    "name": "Require(10) node_modules/_egg-logrotator@3.0.3@egg-logrotator/config/config.default.js",
    "start": 1535451690300,
    "end": 1535451690301,
    "duration": 1,
    "pid": 1532,
    "index": 13
  },
  {
    "name": "Require(11) node_modules/_egg-static@2.1.1@egg-static/config/config.default.js",
    "start": 1535451690302,
    "end": 1535451690302,
    "duration": 0,
    "pid": 1532,
    "index": 14
  },
  {
    "name": "Require(12) node_modules/_egg-view@2.1.0@egg-view/config/config.default.js",
    "start": 1535451690304,
    "end": 1535451690304,
    "duration": 0,
    "pid": 1532,
    "index": 15
  },
  {
    "name": "Require(13) node_modules/_egg-view-ejs@2.0.0@egg-view-ejs/config/config.default.js",
    "start": 1535451690305,
    "end": 1535451690306,
    "duration": 1,
    "pid": 1532,
    "index": 16
  },
  {
    "name": "Require(14) node_modules/_egg-mysql@3.0.0@egg-mysql/config/config.default.js",
    "start": 1535451690308,
    "end": 1535451690308,
    "duration": 0,
    "pid": 1532,
    "index": 17
  },
  {
    "name": "Require(15) node_modules/_egg@2.10.0@egg/config/config.default.js",
    "start": 1535451690309,
    "end": 1535451690310,
    "duration": 1,
    "pid": 1532,
    "index": 18
  },
  {
    "name": "Require(16) config/config.default.js",
    "start": 1535451690312,
    "end": 1535451690312,
    "duration": 0,
    "pid": 1532,
    "index": 19
  },
  {
    "name": "Require(17) node_modules/_egg-security@2.2.3@egg-security/config/config.local.js",
    "start": 1535451690313,
    "end": 1535451690313,
    "duration": 0,
    "pid": 1532,
    "index": 20
  },
  {
    "name": "Require(18) node_modules/_egg-watcher@3.0.0@egg-watcher/config/config.local.js",
    "start": 1535451690315,
    "end": 1535451690316,
    "duration": 1,
    "pid": 1532,
    "index": 21
  },
  {
    "name": "Require(19) node_modules/_egg-view@2.1.0@egg-view/config/config.local.js",
    "start": 1535451690318,
    "end": 1535451690319,
    "duration": 1,
    "pid": 1532,
    "index": 22
  },
  {
    "name": "Require(20) node_modules/_egg-view-ejs@2.0.0@egg-view-ejs/config/config.local.js",
    "start": 1535451690319,
    "end": 1535451690320,
    "duration": 1,
    "pid": 1532,
    "index": 23
  },
  {
    "name": "Require(21) node_modules/_egg@2.10.0@egg/config/config.local.js",
    "start": 1535451690321,
    "end": 1535451690321,
    "duration": 0,
    "pid": 1532,
    "index": 24
  },
  {
    "name": "Load extend/application.js",
    "start": 1535451690324,
    "end": 1535451690353,
    "duration": 29,
    "pid": 1532,
    "index": 25
  },
  {
    "name": "Require(22) node_modules/_egg-session@3.1.0@egg-session/app/extend/application.js",
    "start": 1535451690325,
    "end": 1535451690326,
    "duration": 1,
    "pid": 1532,
    "index": 26
  },
  {
    "name": "Require(23) node_modules/_egg-security@2.2.3@egg-security/app/extend/application.js",
    "start": 1535451690326,
    "end": 1535451690328,
    "duration": 2,
    "pid": 1532,
    "index": 27
  },
  {
    "name": "Require(24) node_modules/_egg-jsonp@2.0.0@egg-jsonp/app/extend/application.js",
    "start": 1535451690329,
    "end": 1535451690333,
    "duration": 4,
    "pid": 1532,
    "index": 28
  },
  {
    "name": "Require(25) node_modules/_egg-logrotator@3.0.3@egg-logrotator/app/extend/application.js",
    "start": 1535451690336,
    "end": 1535451690342,
    "duration": 6,
    "pid": 1532,
    "index": 29
  },
  {
    "name": "Require(26) node_modules/_egg-view@2.1.0@egg-view/app/extend/application.js",
    "start": 1535451690343,
    "end": 1535451690347,
    "duration": 4,
    "pid": 1532,
    "index": 30
  },
  {
    "name": "Load extend/request.js",
    "start": 1535451690353,
    "end": 1535451690369,
    "duration": 16,
    "pid": 1532,
    "index": 31
  },
  {
    "name": "Require(27) node_modules/_egg@2.10.0@egg/app/extend/request.js",
    "start": 1535451690360,
    "end": 1535451690363,
    "duration": 3,
    "pid": 1532,
    "index": 32
  },
  {
    "name": "Load extend/response.js",
    "start": 1535451690369,
    "end": 1535451690387,
    "duration": 18,
    "pid": 1532,
    "index": 33
  },
  {
    "name": "Require(28) node_modules/_egg@2.10.0@egg/app/extend/response.js",
    "start": 1535451690375,
    "end": 1535451690380,
    "duration": 5,
    "pid": 1532,
    "index": 34
  },
  {
    "name": "Load extend/context.js",
    "start": 1535451690387,
    "end": 1535451690493,
    "duration": 106,
    "pid": 1532,
    "index": 35
  },
  {
    "name": "Require(29) node_modules/_egg-security@2.2.3@egg-security/app/extend/context.js",
    "start": 1535451690388,
    "end": 1535451690414,
    "duration": 26,
    "pid": 1532,
    "index": 36
  },
  {
    "name": "Require(30) node_modules/_egg-jsonp@2.0.0@egg-jsonp/app/extend/context.js",
    "start": 1535451690414,
    "end": 1535451690417,
    "duration": 3,
    "pid": 1532,
    "index": 37
  },
  {
    "name": "Require(31) node_modules/_egg-i18n@2.0.0@egg-i18n/app/extend/context.js",
    "start": 1535451690418,
    "end": 1535451690418,
    "duration": 0,
    "pid": 1532,
    "index": 38
  },
  {
    "name": "Require(32) node_modules/_egg-multipart@2.1.0@egg-multipart/app/extend/context.js",
    "start": 1535451690420,
    "end": 1535451690481,
    "duration": 61,
    "pid": 1532,
    "index": 39
  },
  {
    "name": "Require(33) node_modules/_egg-view@2.1.0@egg-view/app/extend/context.js",
    "start": 1535451690482,
    "end": 1535451690484,
    "duration": 2,
    "pid": 1532,
    "index": 40
  },
  {
    "name": "Require(34) node_modules/_egg@2.10.0@egg/app/extend/context.js",
    "start": 1535451690485,
    "end": 1535451690488,
    "duration": 3,
    "pid": 1532,
    "index": 41
  },
  {
    "name": "Load extend/helper.js",
    "start": 1535451690493,
    "end": 1535451690532,
    "duration": 39,
    "pid": 1532,
    "index": 42
  },
  {
    "name": "Require(35) node_modules/_egg-security@2.2.3@egg-security/app/extend/helper.js",
    "start": 1535451690494,
    "end": 1535451690523,
    "duration": 29,
    "pid": 1532,
    "index": 43
  },
  {
    "name": "Require(36) node_modules/_egg@2.10.0@egg/app/extend/helper.js",
    "start": 1535451690526,
    "end": 1535451690527,
    "duration": 1,
    "pid": 1532,
    "index": 44
  },
  {
    "name": "Load app.js",
    "start": 1535451690533,
    "end": 1535451690837,
    "duration": 304,
    "pid": 1532,
    "index": 45
  },
  {
    "name": "Require(37) node_modules/_egg-session@3.1.0@egg-session/app.js",
    "start": 1535451690533,
    "end": 1535451690534,
    "duration": 1,
    "pid": 1532,
    "index": 46
  },
  {
    "name": "Require(38) node_modules/_egg-security@2.2.3@egg-security/app.js",
    "start": 1535451690535,
    "end": 1535451690539,
    "duration": 4,
    "pid": 1532,
    "index": 47
  },
  {
    "name": "Require(39) node_modules/_egg-onerror@2.1.0@egg-onerror/app.js",
    "start": 1535451690541,
    "end": 1535451690556,
    "duration": 15,
    "pid": 1532,
    "index": 48
  },
  {
    "name": "Require(40) node_modules/_egg-i18n@2.0.0@egg-i18n/app.js",
    "start": 1535451690557,
    "end": 1535451690572,
    "duration": 15,
    "pid": 1532,
    "index": 49
  },
  {
    "name": "Require(41) node_modules/_egg-watcher@3.0.0@egg-watcher/app.js",
    "start": 1535451690578,
    "end": 1535451690584,
    "duration": 6,
    "pid": 1532,
    "index": 50
  },
  {
    "name": "Before Start in node_modules/_egg-watcher@3.0.0@egg-watcher/app.js:15:7",
    "start": 1535451690596,
    "end": 1535451691066,
    "duration": 470,
    "pid": 1532,
    "index": 51
  },
  {
    "name": "Require(42) node_modules/_egg-multipart@2.1.0@egg-multipart/app.js",
    "start": 1535451690598,
    "end": 1535451690605,
    "duration": 7,
    "pid": 1532,
    "index": 52
  },
  {
    "name": "Require(43) node_modules/_egg-development@2.4.1@egg-development/app.js",
    "start": 1535451690607,
    "end": 1535451690607,
    "duration": 0,
    "pid": 1532,
    "index": 53
  },
  {
    "name": "Require(44) node_modules/_egg-schedule@3.3.0@egg-schedule/app.js",
    "start": 1535451690608,
    "end": 1535451690612,
    "duration": 4,
    "pid": 1532,
    "index": 54
  },
  {
    "name": "Require(45) node_modules/_egg-logrotator@3.0.3@egg-logrotator/app.js",
    "start": 1535451690674,
    "end": 1535451690675,
    "duration": 1,
    "pid": 1532,
    "index": 55
  },
  {
    "name": "Require(46) node_modules/_egg-static@2.1.1@egg-static/app.js",
    "start": 1535451690675,
    "end": 1535451690676,
    "duration": 1,
    "pid": 1532,
    "index": 56
  },
  {
    "name": "Require(47) node_modules/_egg-view-ejs@2.0.0@egg-view-ejs/app.js",
    "start": 1535451690677,
    "end": 1535451690677,
    "duration": 0,
    "pid": 1532,
    "index": 57
  },
  {
    "name": "Require(48) node_modules/_egg-mysql@3.0.0@egg-mysql/app.js",
    "start": 1535451690687,
    "end": 1535451690718,
    "duration": 31,
    "pid": 1532,
    "index": 58
  },
  {
    "name": "Before Start in node_modules/_egg-mysql@3.0.0@egg-mysql/lib/mysql.js:20:7",
    "start": 1535451690834,
    "end": 1535451691074,
    "duration": 240,
    "pid": 1532,
    "index": 59
  },
  {
    "name": "Load Service",
    "start": 1535451690837,
    "end": 1535451690844,
    "duration": 7,
    "pid": 1532,
    "index": 60
  },
  {
    "name": "Load \"service\" to Context",
    "start": 1535451690837,
    "end": 1535451690844,
    "duration": 7,
    "pid": 1532,
    "index": 61
  },
  {
    "name": "Load Middleware",
    "start": 1535451690844,
    "end": 1535451690992,
    "duration": 148,
    "pid": 1532,
    "index": 62
  },
  {
    "name": "Load \"middlewares\" to Application",
    "start": 1535451690845,
    "end": 1535451690968,
    "duration": 123,
    "pid": 1532,
    "index": 63
  },
  {
    "name": "Load Controller",
    "start": 1535451690993,
    "end": 1535451690997,
    "duration": 4,
    "pid": 1532,
    "index": 64
  },
  {
    "name": "Load \"controller\" to Application",
    "start": 1535451690993,
    "end": 1535451690997,
    "duration": 4,
    "pid": 1532,
    "index": 65
  },
  {
    "name": "Load Router",
    "start": 1535451690997,
    "end": 1535451691002,
    "duration": 5,
    "pid": 1532,
    "index": 66
  },
  {
    "name": "Require(49) app/router.js",
    "start": 1535451690998,
    "end": 1535451690999,
    "duration": 1,
    "pid": 1532,
    "index": 67
  },
  {
    "name": "Before Start in node_modules/_egg-core@4.9.1@egg-core/lib/egg.js:328:10",
    "start": 1535451690999,
    "end": 1535451691036,
    "duration": 37,
    "pid": 1532,
    "index": 68
  }
]