[
  {
    "name": "Application Start",
    "start": 1535452152292,
    "end": 1535452153252,
    "duration": 960,
    "pid": 9092,
    "index": 0
  },
  {
    "name": "Load Plugin",
    "start": 1535452152301,
    "end": 1535452152347,
    "duration": 46,
    "pid": 9092,
    "index": 1
  },
  {
    "name": "Load Config",
    "start": 1535452152347,
    "end": 1535452152390,
    "duration": 43,
    "pid": 9092,
    "index": 2
  },
  {
    "name": "Require(0) config/config.default.js",
    "start": 1535452152348,
    "end": 1535452152348,
    "duration": 0,
    "pid": 9092,
    "index": 3
  },
  {
    "name": "Require(1) node_modules/_egg-session@3.1.0@egg-session/config/config.default.js",
    "start": 1535452152351,
    "end": 1535452152351,
    "duration": 0,
    "pid": 9092,
    "index": 4
  },
  {
    "name": "Require(2) node_modules/_egg-security@2.2.3@egg-security/config/config.default.js",
    "start": 1535452152352,
    "end": 1535452152353,
    "duration": 1,
    "pid": 9092,
    "index": 5
  },
  {
    "name": "Require(3) node_modules/_egg-jsonp@2.0.0@egg-jsonp/config/config.default.js",
    "start": 1535452152354,
    "end": 1535452152354,
    "duration": 0,
    "pid": 9092,
    "index": 6
  },
  {
    "name": "Require(4) node_modules/_egg-onerror@2.1.0@egg-onerror/config/config.default.js",
    "start": 1535452152355,
    "end": 1535452152355,
    "duration": 0,
    "pid": 9092,
    "index": 7
  },
  {
    "name": "Require(5) node_modules/_egg-i18n@2.0.0@egg-i18n/config/config.default.js",
    "start": 1535452152356,
    "end": 1535452152356,
    "duration": 0,
    "pid": 9092,
    "index": 8
  },
  {
    "name": "Require(6) node_modules/_egg-watcher@3.0.0@egg-watcher/config/config.default.js",
    "start": 1535452152357,
    "end": 1535452152358,
    "duration": 1,
    "pid": 9092,
    "index": 9
  },
  {
    "name": "Require(7) node_modules/_egg-multipart@2.1.0@egg-multipart/config/config.default.js",
    "start": 1535452152359,
    "end": 1535452152360,
    "duration": 1,
    "pid": 9092,
    "index": 10
  },
  {
    "name": "Require(8) node_modules/_egg-development@2.4.1@egg-development/config/config.default.js",
    "start": 1535452152361,
    "end": 1535452152361,
    "duration": 0,
    "pid": 9092,
    "index": 11
  },
  {
    "name": "Require(9) node_modules/_egg-schedule@3.3.0@egg-schedule/config/config.default.js",
    "start": 1535452152362,
    "end": 1535452152362,
    "duration": 0,
    "pid": 9092,
    "index": 12
  },
  {
    "name": "Require(10) node_modules/_egg-logrotator@3.0.3@egg-logrotator/config/config.default.js",
    "start": 1535452152363,
    "end": 1535452152363,
    "duration": 0,
    "pid": 9092,
    "index": 13
  },
  {
    "name": "Require(11) node_modules/_egg-static@2.1.1@egg-static/config/config.default.js",
    "start": 1535452152364,
    "end": 1535452152365,
    "duration": 1,
    "pid": 9092,
    "index": 14
  },
  {
    "name": "Require(12) node_modules/_egg-view@2.1.0@egg-view/config/config.default.js",
    "start": 1535452152365,
    "end": 1535452152366,
    "duration": 1,
    "pid": 9092,
    "index": 15
  },
  {
    "name": "Require(13) node_modules/_egg-view-ejs@2.0.0@egg-view-ejs/config/config.default.js",
    "start": 1535452152367,
    "end": 1535452152367,
    "duration": 0,
    "pid": 9092,
    "index": 16
  },
  {
    "name": "Require(14) node_modules/_egg-mysql@3.0.0@egg-mysql/config/config.default.js",
    "start": 1535452152368,
    "end": 1535452152369,
    "duration": 1,
    "pid": 9092,
    "index": 17
  },
  {
    "name": "Require(15) node_modules/_egg@2.10.0@egg/config/config.default.js",
    "start": 1535452152371,
    "end": 1535452152372,
    "duration": 1,
    "pid": 9092,
    "index": 18
  },
  {
    "name": "Require(16) config/config.default.js",
    "start": 1535452152377,
    "end": 1535452152377,
    "duration": 0,
    "pid": 9092,
    "index": 19
  },
  {
    "name": "Require(17) node_modules/_egg-security@2.2.3@egg-security/config/config.local.js",
    "start": 1535452152379,
    "end": 1535452152379,
    "duration": 0,
    "pid": 9092,
    "index": 20
  },
  {
    "name": "Require(18) node_modules/_egg-watcher@3.0.0@egg-watcher/config/config.local.js",
    "start": 1535452152382,
    "end": 1535452152382,
    "duration": 0,
    "pid": 9092,
    "index": 21
  },
  {
    "name": "Require(19) node_modules/_egg-view@2.1.0@egg-view/config/config.local.js",
    "start": 1535452152386,
    "end": 1535452152387,
    "duration": 1,
    "pid": 9092,
    "index": 22
  },
  {
    "name": "Require(20) node_modules/_egg-view-ejs@2.0.0@egg-view-ejs/config/config.local.js",
    "start": 1535452152388,
    "end": 1535452152388,
    "duration": 0,
    "pid": 9092,
    "index": 23
  },
  {
    "name": "Require(21) node_modules/_egg@2.10.0@egg/config/config.local.js",
    "start": 1535452152390,
    "end": 1535452152390,
    "duration": 0,
    "pid": 9092,
    "index": 24
  },
  {
    "name": "Load extend/application.js",
    "start": 1535452152393,
    "end": 1535452152442,
    "duration": 49,
    "pid": 9092,
    "index": 25
  },
  {
    "name": "Require(22) node_modules/_egg-session@3.1.0@egg-session/app/extend/application.js",
    "start": 1535452152396,
    "end": 1535452152397,
    "duration": 1,
    "pid": 9092,
    "index": 26
  },
  {
    "name": "Require(23) node_modules/_egg-security@2.2.3@egg-security/app/extend/application.js",
    "start": 1535452152398,
    "end": 1535452152404,
    "duration": 6,
    "pid": 9092,
    "index": 27
  },
  {
    "name": "Require(24) node_modules/_egg-jsonp@2.0.0@egg-jsonp/app/extend/application.js",
    "start": 1535452152408,
    "end": 1535452152418,
    "duration": 10,
    "pid": 9092,
    "index": 28
  },
  {
    "name": "Require(25) node_modules/_egg-logrotator@3.0.3@egg-logrotator/app/extend/application.js",
    "start": 1535452152421,
    "end": 1535452152429,
    "duration": 8,
    "pid": 9092,
    "index": 29
  },
  {
    "name": "Require(26) node_modules/_egg-view@2.1.0@egg-view/app/extend/application.js",
    "start": 1535452152430,
    "end": 1535452152435,
    "duration": 5,
    "pid": 9092,
    "index": 30
  },
  {
    "name": "Load extend/request.js",
    "start": 1535452152442,
    "end": 1535452152458,
    "duration": 16,
    "pid": 9092,
    "index": 31
  },
  {
    "name": "Require(27) node_modules/_egg@2.10.0@egg/app/extend/request.js",
    "start": 1535452152449,
    "end": 1535452152453,
    "duration": 4,
    "pid": 9092,
    "index": 32
  },
  {
    "name": "Load extend/response.js",
    "start": 1535452152458,
    "end": 1535452152471,
    "duration": 13,
    "pid": 9092,
    "index": 33
  },
  {
    "name": "Require(28) node_modules/_egg@2.10.0@egg/app/extend/response.js",
    "start": 1535452152463,
    "end": 1535452152466,
    "duration": 3,
    "pid": 9092,
    "index": 34
  },
  {
    "name": "Load extend/context.js",
    "start": 1535452152471,
    "end": 1535452152618,
    "duration": 147,
    "pid": 9092,
    "index": 35
  },
  {
    "name": "Require(29) node_modules/_egg-security@2.2.3@egg-security/app/extend/context.js",
    "start": 1535452152472,
    "end": 1535452152514,
    "duration": 42,
    "pid": 9092,
    "index": 36
  },
  {
    "name": "Require(30) node_modules/_egg-jsonp@2.0.0@egg-jsonp/app/extend/context.js",
    "start": 1535452152515,
    "end": 1535452152520,
    "duration": 5,
    "pid": 9092,
    "index": 37
  },
  {
    "name": "Require(31) node_modules/_egg-i18n@2.0.0@egg-i18n/app/extend/context.js",
    "start": 1535452152522,
    "end": 1535452152522,
    "duration": 0,
    "pid": 9092,
    "index": 38
  },
  {
    "name": "Require(32) node_modules/_egg-multipart@2.1.0@egg-multipart/app/extend/context.js",
    "start": 1535452152524,
    "end": 1535452152602,
    "duration": 78,
    "pid": 9092,
    "index": 39
  },
  {
    "name": "Require(33) node_modules/_egg-view@2.1.0@egg-view/app/extend/context.js",
    "start": 1535452152604,
    "end": 1535452152606,
    "duration": 2,
    "pid": 9092,
    "index": 40
  },
  {
    "name": "Require(34) node_modules/_egg@2.10.0@egg/app/extend/context.js",
    "start": 1535452152607,
    "end": 1535452152612,
    "duration": 5,
    "pid": 9092,
    "index": 41
  },
  {
    "name": "Load extend/helper.js",
    "start": 1535452152618,
    "end": 1535452152656,
    "duration": 38,
    "pid": 9092,
    "index": 42
  },
  {
    "name": "Require(35) node_modules/_egg-security@2.2.3@egg-security/app/extend/helper.js",
    "start": 1535452152619,
    "end": 1535452152647,
    "duration": 28,
    "pid": 9092,
    "index": 43
  },
  {
    "name": "Require(36) node_modules/_egg@2.10.0@egg/app/extend/helper.js",
    "start": 1535452152650,
    "end": 1535452152651,
    "duration": 1,
    "pid": 9092,
    "index": 44
  },
  {
    "name": "Load app.js",
    "start": 1535452152656,
    "end": 1535452152980,
    "duration": 324,
    "pid": 9092,
    "index": 45
  },
  {
    "name": "Require(37) node_modules/_egg-session@3.1.0@egg-session/app.js",
    "start": 1535452152656,
    "end": 1535452152657,
    "duration": 1,
    "pid": 9092,
    "index": 46
  },
  {
    "name": "Require(38) node_modules/_egg-security@2.2.3@egg-security/app.js",
    "start": 1535452152657,
    "end": 1535452152661,
    "duration": 4,
    "pid": 9092,
    "index": 47
  },
  {
    "name": "Require(39) node_modules/_egg-onerror@2.1.0@egg-onerror/app.js",
    "start": 1535452152662,
    "end": 1535452152680,
    "duration": 18,
    "pid": 9092,
    "index": 48
  },
  {
    "name": "Require(40) node_modules/_egg-i18n@2.0.0@egg-i18n/app.js",
    "start": 1535452152681,
    "end": 1535452152699,
    "duration": 18,
    "pid": 9092,
    "index": 49
  },
  {
    "name": "Require(41) node_modules/_egg-watcher@3.0.0@egg-watcher/app.js",
    "start": 1535452152705,
    "end": 1535452152713,
    "duration": 8,
    "pid": 9092,
    "index": 50
  },
  {
    "name": "Before Start in node_modules/_egg-watcher@3.0.0@egg-watcher/app.js:15:7",
    "start": 1535452152727,
    "end": 1535452153245,
    "duration": 518,
    "pid": 9092,
    "index": 51
  },
  {
    "name": "Require(42) node_modules/_egg-multipart@2.1.0@egg-multipart/app.js",
    "start": 1535452152728,
    "end": 1535452152734,
    "duration": 6,
    "pid": 9092,
    "index": 52
  },
  {
    "name": "Require(43) node_modules/_egg-development@2.4.1@egg-development/app.js",
    "start": 1535452152737,
    "end": 1535452152737,
    "duration": 0,
    "pid": 9092,
    "index": 53
  },
  {
    "name": "Require(44) node_modules/_egg-schedule@3.3.0@egg-schedule/app.js",
    "start": 1535452152738,
    "end": 1535452152744,
    "duration": 6,
    "pid": 9092,
    "index": 54
  },
  {
    "name": "Require(45) node_modules/_egg-logrotator@3.0.3@egg-logrotator/app.js",
    "start": 1535452152807,
    "end": 1535452152807,
    "duration": 0,
    "pid": 9092,
    "index": 55
  },
  {
    "name": "Require(46) node_modules/_egg-static@2.1.1@egg-static/app.js",
    "start": 1535452152808,
    "end": 1535452152809,
    "duration": 1,
    "pid": 9092,
    "index": 56
  },
  {
    "name": "Require(47) node_modules/_egg-view-ejs@2.0.0@egg-view-ejs/app.js",
    "start": 1535452152811,
    "end": 1535452152812,
    "duration": 1,
    "pid": 9092,
    "index": 57
  },
  {
    "name": "Require(48) node_modules/_egg-mysql@3.0.0@egg-mysql/app.js",
    "start": 1535452152819,
    "end": 1535452152849,
    "duration": 30,
    "pid": 9092,
    "index": 58
  },
  {
    "name": "Before Start in node_modules/_egg-mysql@3.0.0@egg-mysql/lib/mysql.js:20:7",
    "start": 1535452152978,
    "end": 1535452153251,
    "duration": 273,
    "pid": 9092,
    "index": 59
  },
  {
    "name": "Load Service",
    "start": 1535452152980,
    "end": 1535452152989,
    "duration": 9,
    "pid": 9092,
    "index": 60
  },
  {
    "name": "Load \"service\" to Context",
    "start": 1535452152980,
    "end": 1535452152989,
    "duration": 9,
    "pid": 9092,
    "index": 61
  },
  {
    "name": "Load Middleware",
    "start": 1535452152989,
    "end": 1535452153144,
    "duration": 155,
    "pid": 9092,
    "index": 62
  },
  {
    "name": "Load \"middlewares\" to Application",
    "start": 1535452152990,
    "end": 1535452153117,
    "duration": 127,
    "pid": 9092,
    "index": 63
  },
  {
    "name": "Load Controller",
    "start": 1535452153144,
    "end": 1535452153149,
    "duration": 5,
    "pid": 9092,
    "index": 64
  },
  {
    "name": "Load \"controller\" to Application",
    "start": 1535452153144,
    "end": 1535452153149,
    "duration": 5,
    "pid": 9092,
    "index": 65
  },
  {
    "name": "Load Router",
    "start": 1535452153149,
    "end": 1535452153155,
    "duration": 6,
    "pid": 9092,
    "index": 66
  },
  {
    "name": "Require(49) app/router.js",
    "start": 1535452153150,
    "end": 1535452153151,
    "duration": 1,
    "pid": 9092,
    "index": 67
  },
  {
    "name": "Before Start in node_modules/_egg-core@4.9.1@egg-core/lib/egg.js:328:10",
    "start": 1535452153152,
    "end": 1535452153193,
    "duration": 41,
    "pid": 9092,
    "index": 68
  }
]