[
  {
    "name": "Application Start",
    "start": 1535468280420,
    "end": 1535468281440,
    "duration": 1020,
    "pid": 14808,
    "index": 0
  },
  {
    "name": "Load Plugin",
    "start": 1535468280428,
    "end": 1535468280465,
    "duration": 37,
    "pid": 14808,
    "index": 1
  },
  {
    "name": "Load Config",
    "start": 1535468280465,
    "end": 1535468280507,
    "duration": 42,
    "pid": 14808,
    "index": 2
  },
  {
    "name": "Require(0) config/config.default.js",
    "start": 1535468280467,
    "end": 1535468280467,
    "duration": 0,
    "pid": 14808,
    "index": 3
  },
  {
    "name": "Require(1) node_modules/_egg-session@3.1.0@egg-session/config/config.default.js",
    "start": 1535468280470,
    "end": 1535468280470,
    "duration": 0,
    "pid": 14808,
    "index": 4
  },
  {
    "name": "Require(2) node_modules/_egg-security@2.2.3@egg-security/config/config.default.js",
    "start": 1535468280471,
    "end": 1535468280471,
    "duration": 0,
    "pid": 14808,
    "index": 5
  },
  {
    "name": "Require(3) node_modules/_egg-jsonp@2.0.0@egg-jsonp/config/config.default.js",
    "start": 1535468280472,
    "end": 1535468280473,
    "duration": 1,
    "pid": 14808,
    "index": 6
  },
  {
    "name": "Require(4) node_modules/_egg-onerror@2.1.0@egg-onerror/config/config.default.js",
    "start": 1535468280473,
    "end": 1535468280474,
    "duration": 1,
    "pid": 14808,
    "index": 7
  },
  {
    "name": "Require(5) node_modules/_egg-i18n@2.0.0@egg-i18n/config/config.default.js",
    "start": 1535468280475,
    "end": 1535468280475,
    "duration": 0,
    "pid": 14808,
    "index": 8
  },
  {
    "name": "Require(6) node_modules/_egg-watcher@3.0.0@egg-watcher/config/config.default.js",
    "start": 1535468280476,
    "end": 1535468280477,
    "duration": 1,
    "pid": 14808,
    "index": 9
  },
  {
    "name": "Require(7) node_modules/_egg-multipart@2.1.0@egg-multipart/config/config.default.js",
    "start": 1535468280477,
    "end": 1535468280478,
    "duration": 1,
    "pid": 14808,
    "index": 10
  },
  {
    "name": "Require(8) node_modules/_egg-development@2.4.1@egg-development/config/config.default.js",
    "start": 1535468280479,
    "end": 1535468280479,
    "duration": 0,
    "pid": 14808,
    "index": 11
  },
  {
    "name": "Require(9) node_modules/_egg-schedule@3.3.0@egg-schedule/config/config.default.js",
    "start": 1535468280481,
    "end": 1535468280482,
    "duration": 1,
    "pid": 14808,
    "index": 12
  },
  {
    "name": "Require(10) node_modules/_egg-logrotator@3.0.3@egg-logrotator/config/config.default.js",
    "start": 1535468280483,
    "end": 1535468280484,
    "duration": 1,
    "pid": 14808,
    "index": 13
  },
  {
    "name": "Require(11) node_modules/_egg-static@2.1.1@egg-static/config/config.default.js",
    "start": 1535468280484,
    "end": 1535468280485,
    "duration": 1,
    "pid": 14808,
    "index": 14
  },
  {
    "name": "Require(12) node_modules/_egg-view@2.1.0@egg-view/config/config.default.js",
    "start": 1535468280486,
    "end": 1535468280487,
    "duration": 1,
    "pid": 14808,
    "index": 15
  },
  {
    "name": "Require(13) node_modules/_egg-view-ejs@2.0.0@egg-view-ejs/config/config.default.js",
    "start": 1535468280488,
    "end": 1535468280488,
    "duration": 0,
    "pid": 14808,
    "index": 16
  },
  {
    "name": "Require(14) node_modules/_egg-mysql@3.0.0@egg-mysql/config/config.default.js",
    "start": 1535468280489,
    "end": 1535468280490,
    "duration": 1,
    "pid": 14808,
    "index": 17
  },
  {
    "name": "Require(15) node_modules/_egg@2.10.0@egg/config/config.default.js",
    "start": 1535468280491,
    "end": 1535468280491,
    "duration": 0,
    "pid": 14808,
    "index": 18
  },
  {
    "name": "Require(16) config/config.default.js",
    "start": 1535468280494,
    "end": 1535468280494,
    "duration": 0,
    "pid": 14808,
    "index": 19
  },
  {
    "name": "Require(17) node_modules/_egg-security@2.2.3@egg-security/config/config.local.js",
    "start": 1535468280495,
    "end": 1535468280496,
    "duration": 1,
    "pid": 14808,
    "index": 20
  },
  {
    "name": "Require(18) node_modules/_egg-watcher@3.0.0@egg-watcher/config/config.local.js",
    "start": 1535468280497,
    "end": 1535468280498,
    "duration": 1,
    "pid": 14808,
    "index": 21
  },
  {
    "name": "Require(19) node_modules/_egg-view@2.1.0@egg-view/config/config.local.js",
    "start": 1535468280504,
    "end": 1535468280504,
    "duration": 0,
    "pid": 14808,
    "index": 22
  },
  {
    "name": "Require(20) node_modules/_egg-view-ejs@2.0.0@egg-view-ejs/config/config.local.js",
    "start": 1535468280505,
    "end": 1535468280505,
    "duration": 0,
    "pid": 14808,
    "index": 23
  },
  {
    "name": "Require(21) node_modules/_egg@2.10.0@egg/config/config.local.js",
    "start": 1535468280506,
    "end": 1535468280507,
    "duration": 1,
    "pid": 14808,
    "index": 24
  },
  {
    "name": "Load extend/application.js",
    "start": 1535468280509,
    "end": 1535468280535,
    "duration": 26,
    "pid": 14808,
    "index": 25
  },
  {
    "name": "Require(22) node_modules/_egg-session@3.1.0@egg-session/app/extend/application.js",
    "start": 1535468280510,
    "end": 1535468280510,
    "duration": 0,
    "pid": 14808,
    "index": 26
  },
  {
    "name": "Require(23) node_modules/_egg-security@2.2.3@egg-security/app/extend/application.js",
    "start": 1535468280511,
    "end": 1535468280513,
    "duration": 2,
    "pid": 14808,
    "index": 27
  },
  {
    "name": "Require(24) node_modules/_egg-jsonp@2.0.0@egg-jsonp/app/extend/application.js",
    "start": 1535468280514,
    "end": 1535468280518,
    "duration": 4,
    "pid": 14808,
    "index": 28
  },
  {
    "name": "Require(25) node_modules/_egg-logrotator@3.0.3@egg-logrotator/app/extend/application.js",
    "start": 1535468280520,
    "end": 1535468280525,
    "duration": 5,
    "pid": 14808,
    "index": 29
  },
  {
    "name": "Require(26) node_modules/_egg-view@2.1.0@egg-view/app/extend/application.js",
    "start": 1535468280526,
    "end": 1535468280528,
    "duration": 2,
    "pid": 14808,
    "index": 30
  },
  {
    "name": "Load extend/request.js",
    "start": 1535468280535,
    "end": 1535468280548,
    "duration": 13,
    "pid": 14808,
    "index": 31
  },
  {
    "name": "Require(27) node_modules/_egg@2.10.0@egg/app/extend/request.js",
    "start": 1535468280540,
    "end": 1535468280544,
    "duration": 4,
    "pid": 14808,
    "index": 32
  },
  {
    "name": "Load extend/response.js",
    "start": 1535468280548,
    "end": 1535468280562,
    "duration": 14,
    "pid": 14808,
    "index": 33
  },
  {
    "name": "Require(28) node_modules/_egg@2.10.0@egg/app/extend/response.js",
    "start": 1535468280552,
    "end": 1535468280556,
    "duration": 4,
    "pid": 14808,
    "index": 34
  },
  {
    "name": "Load extend/context.js",
    "start": 1535468280562,
    "end": 1535468280696,
    "duration": 134,
    "pid": 14808,
    "index": 35
  },
  {
    "name": "Require(29) node_modules/_egg-security@2.2.3@egg-security/app/extend/context.js",
    "start": 1535468280562,
    "end": 1535468280586,
    "duration": 24,
    "pid": 14808,
    "index": 36
  },
  {
    "name": "Require(30) node_modules/_egg-jsonp@2.0.0@egg-jsonp/app/extend/context.js",
    "start": 1535468280586,
    "end": 1535468280590,
    "duration": 4,
    "pid": 14808,
    "index": 37
  },
  {
    "name": "Require(31) node_modules/_egg-i18n@2.0.0@egg-i18n/app/extend/context.js",
    "start": 1535468280591,
    "end": 1535468280592,
    "duration": 1,
    "pid": 14808,
    "index": 38
  },
  {
    "name": "Require(32) node_modules/_egg-multipart@2.1.0@egg-multipart/app/extend/context.js",
    "start": 1535468280593,
    "end": 1535468280675,
    "duration": 82,
    "pid": 14808,
    "index": 39
  },
  {
    "name": "Require(33) node_modules/_egg-view@2.1.0@egg-view/app/extend/context.js",
    "start": 1535468280677,
    "end": 1535468280680,
    "duration": 3,
    "pid": 14808,
    "index": 40
  },
  {
    "name": "Require(34) node_modules/_egg@2.10.0@egg/app/extend/context.js",
    "start": 1535468280686,
    "end": 1535468280690,
    "duration": 4,
    "pid": 14808,
    "index": 41
  },
  {
    "name": "Load extend/helper.js",
    "start": 1535468280697,
    "end": 1535468280739,
    "duration": 42,
    "pid": 14808,
    "index": 42
  },
  {
    "name": "Require(35) node_modules/_egg-security@2.2.3@egg-security/app/extend/helper.js",
    "start": 1535468280697,
    "end": 1535468280730,
    "duration": 33,
    "pid": 14808,
    "index": 43
  },
  {
    "name": "Require(36) node_modules/_egg@2.10.0@egg/app/extend/helper.js",
    "start": 1535468280734,
    "end": 1535468280734,
    "duration": 0,
    "pid": 14808,
    "index": 44
  },
  {
    "name": "Load app.js",
    "start": 1535468280740,
    "end": 1535468281082,
    "duration": 342,
    "pid": 14808,
    "index": 45
  },
  {
    "name": "Require(37) node_modules/_egg-session@3.1.0@egg-session/app.js",
    "start": 1535468280740,
    "end": 1535468280741,
    "duration": 1,
    "pid": 14808,
    "index": 46
  },
  {
    "name": "Require(38) node_modules/_egg-security@2.2.3@egg-security/app.js",
    "start": 1535468280742,
    "end": 1535468280745,
    "duration": 3,
    "pid": 14808,
    "index": 47
  },
  {
    "name": "Require(39) node_modules/_egg-onerror@2.1.0@egg-onerror/app.js",
    "start": 1535468280747,
    "end": 1535468280768,
    "duration": 21,
    "pid": 14808,
    "index": 48
  },
  {
    "name": "Require(40) node_modules/_egg-i18n@2.0.0@egg-i18n/app.js",
    "start": 1535468280769,
    "end": 1535468280784,
    "duration": 15,
    "pid": 14808,
    "index": 49
  },
  {
    "name": "Require(41) node_modules/_egg-watcher@3.0.0@egg-watcher/app.js",
    "start": 1535468280789,
    "end": 1535468280796,
    "duration": 7,
    "pid": 14808,
    "index": 50
  },
  {
    "name": "Before Start in node_modules/_egg-watcher@3.0.0@egg-watcher/app.js:15:7",
    "start": 1535468280808,
    "end": 1535468281431,
    "duration": 623,
    "pid": 14808,
    "index": 51
  },
  {
    "name": "Require(42) node_modules/_egg-multipart@2.1.0@egg-multipart/app.js",
    "start": 1535468280811,
    "end": 1535468280818,
    "duration": 7,
    "pid": 14808,
    "index": 52
  },
  {
    "name": "Require(43) node_modules/_egg-development@2.4.1@egg-development/app.js",
    "start": 1535468280821,
    "end": 1535468280821,
    "duration": 0,
    "pid": 14808,
    "index": 53
  },
  {
    "name": "Require(44) node_modules/_egg-schedule@3.3.0@egg-schedule/app.js",
    "start": 1535468280824,
    "end": 1535468280829,
    "duration": 5,
    "pid": 14808,
    "index": 54
  },
  {
    "name": "Require(45) node_modules/_egg-logrotator@3.0.3@egg-logrotator/app.js",
    "start": 1535468280899,
    "end": 1535468280899,
    "duration": 0,
    "pid": 14808,
    "index": 55
  },
  {
    "name": "Require(46) node_modules/_egg-static@2.1.1@egg-static/app.js",
    "start": 1535468280901,
    "end": 1535468280902,
    "duration": 1,
    "pid": 14808,
    "index": 56
  },
  {
    "name": "Require(47) node_modules/_egg-view-ejs@2.0.0@egg-view-ejs/app.js",
    "start": 1535468280904,
    "end": 1535468280904,
    "duration": 0,
    "pid": 14808,
    "index": 57
  },
  {
    "name": "Require(48) node_modules/_egg-mysql@3.0.0@egg-mysql/app.js",
    "start": 1535468280914,
    "end": 1535468280945,
    "duration": 31,
    "pid": 14808,
    "index": 58
  },
  {
    "name": "Before Start in node_modules/_egg-mysql@3.0.0@egg-mysql/lib/mysql.js:20:7",
    "start": 1535468281080,
    "end": 1535468281439,
    "duration": 359,
    "pid": 14808,
    "index": 59
  },
  {
    "name": "Load Service",
    "start": 1535468281082,
    "end": 1535468281093,
    "duration": 11,
    "pid": 14808,
    "index": 60
  },
  {
    "name": "Load \"service\" to Context",
    "start": 1535468281083,
    "end": 1535468281093,
    "duration": 10,
    "pid": 14808,
    "index": 61
  },
  {
    "name": "Load Middleware",
    "start": 1535468281094,
    "end": 1535468281350,
    "duration": 256,
    "pid": 14808,
    "index": 62
  },
  {
    "name": "Load \"middlewares\" to Application",
    "start": 1535468281094,
    "end": 1535468281308,
    "duration": 214,
    "pid": 14808,
    "index": 63
  },
  {
    "name": "Load Controller",
    "start": 1535468281350,
    "end": 1535468281356,
    "duration": 6,
    "pid": 14808,
    "index": 64
  },
  {
    "name": "Load \"controller\" to Application",
    "start": 1535468281350,
    "end": 1535468281356,
    "duration": 6,
    "pid": 14808,
    "index": 65
  },
  {
    "name": "Load Router",
    "start": 1535468281356,
    "end": 1535468281363,
    "duration": 7,
    "pid": 14808,
    "index": 66
  },
  {
    "name": "Require(49) app/router.js",
    "start": 1535468281357,
    "end": 1535468281357,
    "duration": 0,
    "pid": 14808,
    "index": 67
  },
  {
    "name": "Before Start in node_modules/_egg-core@4.9.1@egg-core/lib/egg.js:328:10",
    "start": 1535468281358,
    "end": 1535468281401,
    "duration": 43,
    "pid": 14808,
    "index": 68
  }
]