[
  {
    "name": "Application Start",
    "start": 1535454074257,
    "end": 1535454075160,
    "duration": 903,
    "pid": 8272,
    "index": 0
  },
  {
    "name": "Load Plugin",
    "start": 1535454074266,
    "end": 1535454074311,
    "duration": 45,
    "pid": 8272,
    "index": 1
  },
  {
    "name": "Load Config",
    "start": 1535454074311,
    "end": 1535454074351,
    "duration": 40,
    "pid": 8272,
    "index": 2
  },
  {
    "name": "Require(0) config/config.default.js",
    "start": 1535454074313,
    "end": 1535454074313,
    "duration": 0,
    "pid": 8272,
    "index": 3
  },
  {
    "name": "Require(1) node_modules/_egg-session@3.1.0@egg-session/config/config.default.js",
    "start": 1535454074315,
    "end": 1535454074316,
    "duration": 1,
    "pid": 8272,
    "index": 4
  },
  {
    "name": "Require(2) node_modules/_egg-security@2.2.3@egg-security/config/config.default.js",
    "start": 1535454074317,
    "end": 1535454074317,
    "duration": 0,
    "pid": 8272,
    "index": 5
  },
  {
    "name": "Require(3) node_modules/_egg-jsonp@2.0.0@egg-jsonp/config/config.default.js",
    "start": 1535454074319,
    "end": 1535454074320,
    "duration": 1,
    "pid": 8272,
    "index": 6
  },
  {
    "name": "Require(4) node_modules/_egg-onerror@2.1.0@egg-onerror/config/config.default.js",
    "start": 1535454074320,
    "end": 1535454074321,
    "duration": 1,
    "pid": 8272,
    "index": 7
  },
  {
    "name": "Require(5) node_modules/_egg-i18n@2.0.0@egg-i18n/config/config.default.js",
    "start": 1535454074321,
    "end": 1535454074325,
    "duration": 4,
    "pid": 8272,
    "index": 8
  },
  {
    "name": "Require(6) node_modules/_egg-watcher@3.0.0@egg-watcher/config/config.default.js",
    "start": 1535454074326,
    "end": 1535454074327,
    "duration": 1,
    "pid": 8272,
    "index": 9
  },
  {
    "name": "Require(7) node_modules/_egg-multipart@2.1.0@egg-multipart/config/config.default.js",
    "start": 1535454074328,
    "end": 1535454074328,
    "duration": 0,
    "pid": 8272,
    "index": 10
  },
  {
    "name": "Require(8) node_modules/_egg-development@2.4.1@egg-development/config/config.default.js",
    "start": 1535454074330,
    "end": 1535454074330,
    "duration": 0,
    "pid": 8272,
    "index": 11
  },
  {
    "name": "Require(9) node_modules/_egg-schedule@3.3.0@egg-schedule/config/config.default.js",
    "start": 1535454074331,
    "end": 1535454074331,
    "duration": 0,
    "pid": 8272,
    "index": 12
  },
  {
    "name": "Require(10) node_modules/_egg-logrotator@3.0.3@egg-logrotator/config/config.default.js",
    "start": 1535454074332,
    "end": 1535454074333,
    "duration": 1,
    "pid": 8272,
    "index": 13
  },
  {
    "name": "Require(11) node_modules/_egg-static@2.1.1@egg-static/config/config.default.js",
    "start": 1535454074334,
    "end": 1535454074334,
    "duration": 0,
    "pid": 8272,
    "index": 14
  },
  {
    "name": "Require(12) node_modules/_egg-view@2.1.0@egg-view/config/config.default.js",
    "start": 1535454074335,
    "end": 1535454074335,
    "duration": 0,
    "pid": 8272,
    "index": 15
  },
  {
    "name": "Require(13) node_modules/_egg-view-ejs@2.0.0@egg-view-ejs/config/config.default.js",
    "start": 1535454074336,
    "end": 1535454074336,
    "duration": 0,
    "pid": 8272,
    "index": 16
  },
  {
    "name": "Require(14) node_modules/_egg-mysql@3.0.0@egg-mysql/config/config.default.js",
    "start": 1535454074337,
    "end": 1535454074338,
    "duration": 1,
    "pid": 8272,
    "index": 17
  },
  {
    "name": "Require(15) node_modules/_egg@2.10.0@egg/config/config.default.js",
    "start": 1535454074339,
    "end": 1535454074340,
    "duration": 1,
    "pid": 8272,
    "index": 18
  },
  {
    "name": "Require(16) config/config.default.js",
    "start": 1535454074341,
    "end": 1535454074341,
    "duration": 0,
    "pid": 8272,
    "index": 19
  },
  {
    "name": "Require(17) node_modules/_egg-security@2.2.3@egg-security/config/config.local.js",
    "start": 1535454074342,
    "end": 1535454074343,
    "duration": 1,
    "pid": 8272,
    "index": 20
  },
  {
    "name": "Require(18) node_modules/_egg-watcher@3.0.0@egg-watcher/config/config.local.js",
    "start": 1535454074344,
    "end": 1535454074344,
    "duration": 0,
    "pid": 8272,
    "index": 21
  },
  {
    "name": "Require(19) node_modules/_egg-view@2.1.0@egg-view/config/config.local.js",
    "start": 1535454074347,
    "end": 1535454074348,
    "duration": 1,
    "pid": 8272,
    "index": 22
  },
  {
    "name": "Require(20) node_modules/_egg-view-ejs@2.0.0@egg-view-ejs/config/config.local.js",
    "start": 1535454074349,
    "end": 1535454074349,
    "duration": 0,
    "pid": 8272,
    "index": 23
  },
  {
    "name": "Require(21) node_modules/_egg@2.10.0@egg/config/config.local.js",
    "start": 1535454074351,
    "end": 1535454074351,
    "duration": 0,
    "pid": 8272,
    "index": 24
  },
  {
    "name": "Load extend/application.js",
    "start": 1535454074353,
    "end": 1535454074375,
    "duration": 22,
    "pid": 8272,
    "index": 25
  },
  {
    "name": "Require(22) node_modules/_egg-session@3.1.0@egg-session/app/extend/application.js",
    "start": 1535454074354,
    "end": 1535454074354,
    "duration": 0,
    "pid": 8272,
    "index": 26
  },
  {
    "name": "Require(23) node_modules/_egg-security@2.2.3@egg-security/app/extend/application.js",
    "start": 1535454074356,
    "end": 1535454074357,
    "duration": 1,
    "pid": 8272,
    "index": 27
  },
  {
    "name": "Require(24) node_modules/_egg-jsonp@2.0.0@egg-jsonp/app/extend/application.js",
    "start": 1535454074358,
    "end": 1535454074361,
    "duration": 3,
    "pid": 8272,
    "index": 28
  },
  {
    "name": "Require(25) node_modules/_egg-logrotator@3.0.3@egg-logrotator/app/extend/application.js",
    "start": 1535454074363,
    "end": 1535454074366,
    "duration": 3,
    "pid": 8272,
    "index": 29
  },
  {
    "name": "Require(26) node_modules/_egg-view@2.1.0@egg-view/app/extend/application.js",
    "start": 1535454074367,
    "end": 1535454074370,
    "duration": 3,
    "pid": 8272,
    "index": 30
  },
  {
    "name": "Load extend/request.js",
    "start": 1535454074375,
    "end": 1535454074388,
    "duration": 13,
    "pid": 8272,
    "index": 31
  },
  {
    "name": "Require(27) node_modules/_egg@2.10.0@egg/app/extend/request.js",
    "start": 1535454074381,
    "end": 1535454074384,
    "duration": 3,
    "pid": 8272,
    "index": 32
  },
  {
    "name": "Load extend/response.js",
    "start": 1535454074388,
    "end": 1535454074402,
    "duration": 14,
    "pid": 8272,
    "index": 33
  },
  {
    "name": "Require(28) node_modules/_egg@2.10.0@egg/app/extend/response.js",
    "start": 1535454074393,
    "end": 1535454074397,
    "duration": 4,
    "pid": 8272,
    "index": 34
  },
  {
    "name": "Load extend/context.js",
    "start": 1535454074402,
    "end": 1535454074525,
    "duration": 123,
    "pid": 8272,
    "index": 35
  },
  {
    "name": "Require(29) node_modules/_egg-security@2.2.3@egg-security/app/extend/context.js",
    "start": 1535454074403,
    "end": 1535454074426,
    "duration": 23,
    "pid": 8272,
    "index": 36
  },
  {
    "name": "Require(30) node_modules/_egg-jsonp@2.0.0@egg-jsonp/app/extend/context.js",
    "start": 1535454074426,
    "end": 1535454074430,
    "duration": 4,
    "pid": 8272,
    "index": 37
  },
  {
    "name": "Require(31) node_modules/_egg-i18n@2.0.0@egg-i18n/app/extend/context.js",
    "start": 1535454074431,
    "end": 1535454074432,
    "duration": 1,
    "pid": 8272,
    "index": 38
  },
  {
    "name": "Require(32) node_modules/_egg-multipart@2.1.0@egg-multipart/app/extend/context.js",
    "start": 1535454074433,
    "end": 1535454074509,
    "duration": 76,
    "pid": 8272,
    "index": 39
  },
  {
    "name": "Require(33) node_modules/_egg-view@2.1.0@egg-view/app/extend/context.js",
    "start": 1535454074512,
    "end": 1535454074514,
    "duration": 2,
    "pid": 8272,
    "index": 40
  },
  {
    "name": "Require(34) node_modules/_egg@2.10.0@egg/app/extend/context.js",
    "start": 1535454074516,
    "end": 1535454074519,
    "duration": 3,
    "pid": 8272,
    "index": 41
  },
  {
    "name": "Load extend/helper.js",
    "start": 1535454074525,
    "end": 1535454074565,
    "duration": 40,
    "pid": 8272,
    "index": 42
  },
  {
    "name": "Require(35) node_modules/_egg-security@2.2.3@egg-security/app/extend/helper.js",
    "start": 1535454074526,
    "end": 1535454074556,
    "duration": 30,
    "pid": 8272,
    "index": 43
  },
  {
    "name": "Require(36) node_modules/_egg@2.10.0@egg/app/extend/helper.js",
    "start": 1535454074559,
    "end": 1535454074560,
    "duration": 1,
    "pid": 8272,
    "index": 44
  },
  {
    "name": "Load app.js",
    "start": 1535454074565,
    "end": 1535454074881,
    "duration": 316,
    "pid": 8272,
    "index": 45
  },
  {
    "name": "Require(37) node_modules/_egg-session@3.1.0@egg-session/app.js",
    "start": 1535454074566,
    "end": 1535454074567,
    "duration": 1,
    "pid": 8272,
    "index": 46
  },
  {
    "name": "Require(38) node_modules/_egg-security@2.2.3@egg-security/app.js",
    "start": 1535454074567,
    "end": 1535454074570,
    "duration": 3,
    "pid": 8272,
    "index": 47
  },
  {
    "name": "Require(39) node_modules/_egg-onerror@2.1.0@egg-onerror/app.js",
    "start": 1535454074573,
    "end": 1535454074588,
    "duration": 15,
    "pid": 8272,
    "index": 48
  },
  {
    "name": "Require(40) node_modules/_egg-i18n@2.0.0@egg-i18n/app.js",
    "start": 1535454074590,
    "end": 1535454074602,
    "duration": 12,
    "pid": 8272,
    "index": 49
  },
  {
    "name": "Require(41) node_modules/_egg-watcher@3.0.0@egg-watcher/app.js",
    "start": 1535454074608,
    "end": 1535454074616,
    "duration": 8,
    "pid": 8272,
    "index": 50
  },
  {
    "name": "Before Start in node_modules/_egg-watcher@3.0.0@egg-watcher/app.js:15:7",
    "start": 1535454074632,
    "end": 1535454075153,
    "duration": 521,
    "pid": 8272,
    "index": 51
  },
  {
    "name": "Require(42) node_modules/_egg-multipart@2.1.0@egg-multipart/app.js",
    "start": 1535454074634,
    "end": 1535454074641,
    "duration": 7,
    "pid": 8272,
    "index": 52
  },
  {
    "name": "Require(43) node_modules/_egg-development@2.4.1@egg-development/app.js",
    "start": 1535454074642,
    "end": 1535454074642,
    "duration": 0,
    "pid": 8272,
    "index": 53
  },
  {
    "name": "Require(44) node_modules/_egg-schedule@3.3.0@egg-schedule/app.js",
    "start": 1535454074643,
    "end": 1535454074647,
    "duration": 4,
    "pid": 8272,
    "index": 54
  },
  {
    "name": "Require(45) node_modules/_egg-logrotator@3.0.3@egg-logrotator/app.js",
    "start": 1535454074713,
    "end": 1535454074713,
    "duration": 0,
    "pid": 8272,
    "index": 55
  },
  {
    "name": "Require(46) node_modules/_egg-static@2.1.1@egg-static/app.js",
    "start": 1535454074714,
    "end": 1535454074714,
    "duration": 0,
    "pid": 8272,
    "index": 56
  },
  {
    "name": "Require(47) node_modules/_egg-view-ejs@2.0.0@egg-view-ejs/app.js",
    "start": 1535454074716,
    "end": 1535454074716,
    "duration": 0,
    "pid": 8272,
    "index": 57
  },
  {
    "name": "Require(48) node_modules/_egg-mysql@3.0.0@egg-mysql/app.js",
    "start": 1535454074725,
    "end": 1535454074753,
    "duration": 28,
    "pid": 8272,
    "index": 58
  },
  {
    "name": "Before Start in node_modules/_egg-mysql@3.0.0@egg-mysql/lib/mysql.js:20:7",
    "start": 1535454074878,
    "end": 1535454075159,
    "duration": 281,
    "pid": 8272,
    "index": 59
  },
  {
    "name": "Load Service",
    "start": 1535454074881,
    "end": 1535454074890,
    "duration": 9,
    "pid": 8272,
    "index": 60
  },
  {
    "name": "Load \"service\" to Context",
    "start": 1535454074882,
    "end": 1535454074890,
    "duration": 8,
    "pid": 8272,
    "index": 61
  },
  {
    "name": "Load Middleware",
    "start": 1535454074890,
    "end": 1535454075077,
    "duration": 187,
    "pid": 8272,
    "index": 62
  },
  {
    "name": "Load \"middlewares\" to Application",
    "start": 1535454074890,
    "end": 1535454075053,
    "duration": 163,
    "pid": 8272,
    "index": 63
  },
  {
    "name": "Load Controller",
    "start": 1535454075078,
    "end": 1535454075083,
    "duration": 5,
    "pid": 8272,
    "index": 64
  },
  {
    "name": "Load \"controller\" to Application",
    "start": 1535454075078,
    "end": 1535454075083,
    "duration": 5,
    "pid": 8272,
    "index": 65
  },
  {
    "name": "Load Router",
    "start": 1535454075083,
    "end": 1535454075087,
    "duration": 4,
    "pid": 8272,
    "index": 66
  },
  {
    "name": "Require(49) app/router.js",
    "start": 1535454075084,
    "end": 1535454075084,
    "duration": 0,
    "pid": 8272,
    "index": 67
  },
  {
    "name": "Before Start in node_modules/_egg-core@4.9.1@egg-core/lib/egg.js:328:10",
    "start": 1535454075085,
    "end": 1535454075122,
    "duration": 37,
    "pid": 8272,
    "index": 68
  }
]