[
  {
    "name": "Application Start",
    "start": 1535468406060,
    "end": 1535468406923,
    "duration": 863,
    "pid": 8384,
    "index": 0
  },
  {
    "name": "Load Plugin",
    "start": 1535468406068,
    "end": 1535468406103,
    "duration": 35,
    "pid": 8384,
    "index": 1
  },
  {
    "name": "Load Config",
    "start": 1535468406104,
    "end": 1535468406143,
    "duration": 39,
    "pid": 8384,
    "index": 2
  },
  {
    "name": "Require(0) config/config.default.js",
    "start": 1535468406105,
    "end": 1535468406105,
    "duration": 0,
    "pid": 8384,
    "index": 3
  },
  {
    "name": "Require(1) node_modules/_egg-session@3.1.0@egg-session/config/config.default.js",
    "start": 1535468406107,
    "end": 1535468406108,
    "duration": 1,
    "pid": 8384,
    "index": 4
  },
  {
    "name": "Require(2) node_modules/_egg-security@2.2.3@egg-security/config/config.default.js",
    "start": 1535468406108,
    "end": 1535468406109,
    "duration": 1,
    "pid": 8384,
    "index": 5
  },
  {
    "name": "Require(3) node_modules/_egg-jsonp@2.0.0@egg-jsonp/config/config.default.js",
    "start": 1535468406110,
    "end": 1535468406111,
    "duration": 1,
    "pid": 8384,
    "index": 6
  },
  {
    "name": "Require(4) node_modules/_egg-onerror@2.1.0@egg-onerror/config/config.default.js",
    "start": 1535468406112,
    "end": 1535468406113,
    "duration": 1,
    "pid": 8384,
    "index": 7
  },
  {
    "name": "Require(5) node_modules/_egg-i18n@2.0.0@egg-i18n/config/config.default.js",
    "start": 1535468406113,
    "end": 1535468406114,
    "duration": 1,
    "pid": 8384,
    "index": 8
  },
  {
    "name": "Require(6) node_modules/_egg-watcher@3.0.0@egg-watcher/config/config.default.js",
    "start": 1535468406115,
    "end": 1535468406115,
    "duration": 0,
    "pid": 8384,
    "index": 9
  },
  {
    "name": "Require(7) node_modules/_egg-multipart@2.1.0@egg-multipart/config/config.default.js",
    "start": 1535468406116,
    "end": 1535468406116,
    "duration": 0,
    "pid": 8384,
    "index": 10
  },
  {
    "name": "Require(8) node_modules/_egg-development@2.4.1@egg-development/config/config.default.js",
    "start": 1535468406117,
    "end": 1535468406118,
    "duration": 1,
    "pid": 8384,
    "index": 11
  },
  {
    "name": "Require(9) node_modules/_egg-schedule@3.3.0@egg-schedule/config/config.default.js",
    "start": 1535468406118,
    "end": 1535468406119,
    "duration": 1,
    "pid": 8384,
    "index": 12
  },
  {
    "name": "Require(10) node_modules/_egg-logrotator@3.0.3@egg-logrotator/config/config.default.js",
    "start": 1535468406121,
    "end": 1535468406121,
    "duration": 0,
    "pid": 8384,
    "index": 13
  },
  {
    "name": "Require(11) node_modules/_egg-static@2.1.1@egg-static/config/config.default.js",
    "start": 1535468406122,
    "end": 1535468406123,
    "duration": 1,
    "pid": 8384,
    "index": 14
  },
  {
    "name": "Require(12) node_modules/_egg-view@2.1.0@egg-view/config/config.default.js",
    "start": 1535468406124,
    "end": 1535468406124,
    "duration": 0,
    "pid": 8384,
    "index": 15
  },
  {
    "name": "Require(13) node_modules/_egg-view-ejs@2.0.0@egg-view-ejs/config/config.default.js",
    "start": 1535468406125,
    "end": 1535468406125,
    "duration": 0,
    "pid": 8384,
    "index": 16
  },
  {
    "name": "Require(14) node_modules/_egg-mysql@3.0.0@egg-mysql/config/config.default.js",
    "start": 1535468406126,
    "end": 1535468406126,
    "duration": 0,
    "pid": 8384,
    "index": 17
  },
  {
    "name": "Require(15) node_modules/_egg@2.10.0@egg/config/config.default.js",
    "start": 1535468406127,
    "end": 1535468406128,
    "duration": 1,
    "pid": 8384,
    "index": 18
  },
  {
    "name": "Require(16) config/config.default.js",
    "start": 1535468406130,
    "end": 1535468406130,
    "duration": 0,
    "pid": 8384,
    "index": 19
  },
  {
    "name": "Require(17) node_modules/_egg-security@2.2.3@egg-security/config/config.local.js",
    "start": 1535468406131,
    "end": 1535468406131,
    "duration": 0,
    "pid": 8384,
    "index": 20
  },
  {
    "name": "Require(18) node_modules/_egg-watcher@3.0.0@egg-watcher/config/config.local.js",
    "start": 1535468406133,
    "end": 1535468406133,
    "duration": 0,
    "pid": 8384,
    "index": 21
  },
  {
    "name": "Require(19) node_modules/_egg-view@2.1.0@egg-view/config/config.local.js",
    "start": 1535468406136,
    "end": 1535468406137,
    "duration": 1,
    "pid": 8384,
    "index": 22
  },
  {
    "name": "Require(20) node_modules/_egg-view-ejs@2.0.0@egg-view-ejs/config/config.local.js",
    "start": 1535468406138,
    "end": 1535468406139,
    "duration": 1,
    "pid": 8384,
    "index": 23
  },
  {
    "name": "Require(21) node_modules/_egg@2.10.0@egg/config/config.local.js",
    "start": 1535468406142,
    "end": 1535468406143,
    "duration": 1,
    "pid": 8384,
    "index": 24
  },
  {
    "name": "Load extend/application.js",
    "start": 1535468406145,
    "end": 1535468406178,
    "duration": 33,
    "pid": 8384,
    "index": 25
  },
  {
    "name": "Require(22) node_modules/_egg-session@3.1.0@egg-session/app/extend/application.js",
    "start": 1535468406146,
    "end": 1535468406147,
    "duration": 1,
    "pid": 8384,
    "index": 26
  },
  {
    "name": "Require(23) node_modules/_egg-security@2.2.3@egg-security/app/extend/application.js",
    "start": 1535468406147,
    "end": 1535468406149,
    "duration": 2,
    "pid": 8384,
    "index": 27
  },
  {
    "name": "Require(24) node_modules/_egg-jsonp@2.0.0@egg-jsonp/app/extend/application.js",
    "start": 1535468406151,
    "end": 1535468406157,
    "duration": 6,
    "pid": 8384,
    "index": 28
  },
  {
    "name": "Require(25) node_modules/_egg-logrotator@3.0.3@egg-logrotator/app/extend/application.js",
    "start": 1535468406160,
    "end": 1535468406169,
    "duration": 9,
    "pid": 8384,
    "index": 29
  },
  {
    "name": "Require(26) node_modules/_egg-view@2.1.0@egg-view/app/extend/application.js",
    "start": 1535468406170,
    "end": 1535468406173,
    "duration": 3,
    "pid": 8384,
    "index": 30
  },
  {
    "name": "Load extend/request.js",
    "start": 1535468406178,
    "end": 1535468406190,
    "duration": 12,
    "pid": 8384,
    "index": 31
  },
  {
    "name": "Require(27) node_modules/_egg@2.10.0@egg/app/extend/request.js",
    "start": 1535468406182,
    "end": 1535468406186,
    "duration": 4,
    "pid": 8384,
    "index": 32
  },
  {
    "name": "Load extend/response.js",
    "start": 1535468406190,
    "end": 1535468406202,
    "duration": 12,
    "pid": 8384,
    "index": 33
  },
  {
    "name": "Require(28) node_modules/_egg@2.10.0@egg/app/extend/response.js",
    "start": 1535468406194,
    "end": 1535468406197,
    "duration": 3,
    "pid": 8384,
    "index": 34
  },
  {
    "name": "Load extend/context.js",
    "start": 1535468406202,
    "end": 1535468406290,
    "duration": 88,
    "pid": 8384,
    "index": 35
  },
  {
    "name": "Require(29) node_modules/_egg-security@2.2.3@egg-security/app/extend/context.js",
    "start": 1535468406202,
    "end": 1535468406221,
    "duration": 19,
    "pid": 8384,
    "index": 36
  },
  {
    "name": "Require(30) node_modules/_egg-jsonp@2.0.0@egg-jsonp/app/extend/context.js",
    "start": 1535468406221,
    "end": 1535468406223,
    "duration": 2,
    "pid": 8384,
    "index": 37
  },
  {
    "name": "Require(31) node_modules/_egg-i18n@2.0.0@egg-i18n/app/extend/context.js",
    "start": 1535468406224,
    "end": 1535468406224,
    "duration": 0,
    "pid": 8384,
    "index": 38
  },
  {
    "name": "Require(32) node_modules/_egg-multipart@2.1.0@egg-multipart/app/extend/context.js",
    "start": 1535468406225,
    "end": 1535468406278,
    "duration": 53,
    "pid": 8384,
    "index": 39
  },
  {
    "name": "Require(33) node_modules/_egg-view@2.1.0@egg-view/app/extend/context.js",
    "start": 1535468406279,
    "end": 1535468406281,
    "duration": 2,
    "pid": 8384,
    "index": 40
  },
  {
    "name": "Require(34) node_modules/_egg@2.10.0@egg/app/extend/context.js",
    "start": 1535468406283,
    "end": 1535468406285,
    "duration": 2,
    "pid": 8384,
    "index": 41
  },
  {
    "name": "Load extend/helper.js",
    "start": 1535468406290,
    "end": 1535468406325,
    "duration": 35,
    "pid": 8384,
    "index": 42
  },
  {
    "name": "Require(35) node_modules/_egg-security@2.2.3@egg-security/app/extend/helper.js",
    "start": 1535468406291,
    "end": 1535468406316,
    "duration": 25,
    "pid": 8384,
    "index": 43
  },
  {
    "name": "Require(36) node_modules/_egg@2.10.0@egg/app/extend/helper.js",
    "start": 1535468406319,
    "end": 1535468406320,
    "duration": 1,
    "pid": 8384,
    "index": 44
  },
  {
    "name": "Load app.js",
    "start": 1535468406325,
    "end": 1535468406662,
    "duration": 337,
    "pid": 8384,
    "index": 45
  },
  {
    "name": "Require(37) node_modules/_egg-session@3.1.0@egg-session/app.js",
    "start": 1535468406326,
    "end": 1535468406326,
    "duration": 0,
    "pid": 8384,
    "index": 46
  },
  {
    "name": "Require(38) node_modules/_egg-security@2.2.3@egg-security/app.js",
    "start": 1535468406327,
    "end": 1535468406330,
    "duration": 3,
    "pid": 8384,
    "index": 47
  },
  {
    "name": "Require(39) node_modules/_egg-onerror@2.1.0@egg-onerror/app.js",
    "start": 1535468406332,
    "end": 1535468406345,
    "duration": 13,
    "pid": 8384,
    "index": 48
  },
  {
    "name": "Require(40) node_modules/_egg-i18n@2.0.0@egg-i18n/app.js",
    "start": 1535468406347,
    "end": 1535468406359,
    "duration": 12,
    "pid": 8384,
    "index": 49
  },
  {
    "name": "Require(41) node_modules/_egg-watcher@3.0.0@egg-watcher/app.js",
    "start": 1535468406364,
    "end": 1535468406370,
    "duration": 6,
    "pid": 8384,
    "index": 50
  },
  {
    "name": "Before Start in node_modules/_egg-watcher@3.0.0@egg-watcher/app.js:15:7",
    "start": 1535468406382,
    "end": 1535468406917,
    "duration": 535,
    "pid": 8384,
    "index": 51
  },
  {
    "name": "Require(42) node_modules/_egg-multipart@2.1.0@egg-multipart/app.js",
    "start": 1535468406383,
    "end": 1535468406389,
    "duration": 6,
    "pid": 8384,
    "index": 52
  },
  {
    "name": "Require(43) node_modules/_egg-development@2.4.1@egg-development/app.js",
    "start": 1535468406391,
    "end": 1535468406392,
    "duration": 1,
    "pid": 8384,
    "index": 53
  },
  {
    "name": "Require(44) node_modules/_egg-schedule@3.3.0@egg-schedule/app.js",
    "start": 1535468406392,
    "end": 1535468406396,
    "duration": 4,
    "pid": 8384,
    "index": 54
  },
  {
    "name": "Require(45) node_modules/_egg-logrotator@3.0.3@egg-logrotator/app.js",
    "start": 1535468406454,
    "end": 1535468406455,
    "duration": 1,
    "pid": 8384,
    "index": 55
  },
  {
    "name": "Require(46) node_modules/_egg-static@2.1.1@egg-static/app.js",
    "start": 1535468406456,
    "end": 1535468406456,
    "duration": 0,
    "pid": 8384,
    "index": 56
  },
  {
    "name": "Require(47) node_modules/_egg-view-ejs@2.0.0@egg-view-ejs/app.js",
    "start": 1535468406458,
    "end": 1535468406458,
    "duration": 0,
    "pid": 8384,
    "index": 57
  },
  {
    "name": "Require(48) node_modules/_egg-mysql@3.0.0@egg-mysql/app.js",
    "start": 1535468406465,
    "end": 1535468406489,
    "duration": 24,
    "pid": 8384,
    "index": 58
  },
  {
    "name": "Before Start in node_modules/_egg-mysql@3.0.0@egg-mysql/lib/mysql.js:20:7",
    "start": 1535468406655,
    "end": 1535468406923,
    "duration": 268,
    "pid": 8384,
    "index": 59
  },
  {
    "name": "Load Service",
    "start": 1535468406663,
    "end": 1535468406676,
    "duration": 13,
    "pid": 8384,
    "index": 60
  },
  {
    "name": "Load \"service\" to Context",
    "start": 1535468406663,
    "end": 1535468406676,
    "duration": 13,
    "pid": 8384,
    "index": 61
  },
  {
    "name": "Load Middleware",
    "start": 1535468406676,
    "end": 1535468406852,
    "duration": 176,
    "pid": 8384,
    "index": 62
  },
  {
    "name": "Load \"middlewares\" to Application",
    "start": 1535468406677,
    "end": 1535468406825,
    "duration": 148,
    "pid": 8384,
    "index": 63
  },
  {
    "name": "Load Controller",
    "start": 1535468406852,
    "end": 1535468406858,
    "duration": 6,
    "pid": 8384,
    "index": 64
  },
  {
    "name": "Load \"controller\" to Application",
    "start": 1535468406853,
    "end": 1535468406858,
    "duration": 5,
    "pid": 8384,
    "index": 65
  },
  {
    "name": "Load Router",
    "start": 1535468406858,
    "end": 1535468406864,
    "duration": 6,
    "pid": 8384,
    "index": 66
  },
  {
    "name": "Require(49) app/router.js",
    "start": 1535468406859,
    "end": 1535468406860,
    "duration": 1,
    "pid": 8384,
    "index": 67
  },
  {
    "name": "Before Start in node_modules/_egg-core@4.9.1@egg-core/lib/egg.js:328:10",
    "start": 1535468406861,
    "end": 1535468406894,
    "duration": 33,
    "pid": 8384,
    "index": 68
  }
]