[
  {
    "name": "Application Start",
    "start": 1535468117936,
    "end": 1535468118654,
    "duration": 718,
    "pid": 560,
    "index": 0
  },
  {
    "name": "Load Plugin",
    "start": 1535468117943,
    "end": 1535468117977,
    "duration": 34,
    "pid": 560,
    "index": 1
  },
  {
    "name": "Load Config",
    "start": 1535468117977,
    "end": 1535468118015,
    "duration": 38,
    "pid": 560,
    "index": 2
  },
  {
    "name": "Require(0) config/config.default.js",
    "start": 1535468117978,
    "end": 1535468117979,
    "duration": 1,
    "pid": 560,
    "index": 3
  },
  {
    "name": "Require(1) node_modules/_egg-session@3.1.0@egg-session/config/config.default.js",
    "start": 1535468117981,
    "end": 1535468117981,
    "duration": 0,
    "pid": 560,
    "index": 4
  },
  {
    "name": "Require(2) node_modules/_egg-security@2.2.3@egg-security/config/config.default.js",
    "start": 1535468117982,
    "end": 1535468117983,
    "duration": 1,
    "pid": 560,
    "index": 5
  },
  {
    "name": "Require(3) node_modules/_egg-jsonp@2.0.0@egg-jsonp/config/config.default.js",
    "start": 1535468117985,
    "end": 1535468117986,
    "duration": 1,
    "pid": 560,
    "index": 6
  },
  {
    "name": "Require(4) node_modules/_egg-onerror@2.1.0@egg-onerror/config/config.default.js",
    "start": 1535468117987,
    "end": 1535468117988,
    "duration": 1,
    "pid": 560,
    "index": 7
  },
  {
    "name": "Require(5) node_modules/_egg-i18n@2.0.0@egg-i18n/config/config.default.js",
    "start": 1535468117989,
    "end": 1535468117989,
    "duration": 0,
    "pid": 560,
    "index": 8
  },
  {
    "name": "Require(6) node_modules/_egg-watcher@3.0.0@egg-watcher/config/config.default.js",
    "start": 1535468117991,
    "end": 1535468117991,
    "duration": 0,
    "pid": 560,
    "index": 9
  },
  {
    "name": "Require(7) node_modules/_egg-multipart@2.1.0@egg-multipart/config/config.default.js",
    "start": 1535468117992,
    "end": 1535468117993,
    "duration": 1,
    "pid": 560,
    "index": 10
  },
  {
    "name": "Require(8) node_modules/_egg-development@2.4.1@egg-development/config/config.default.js",
    "start": 1535468117993,
    "end": 1535468117994,
    "duration": 1,
    "pid": 560,
    "index": 11
  },
  {
    "name": "Require(9) node_modules/_egg-schedule@3.3.0@egg-schedule/config/config.default.js",
    "start": 1535468117994,
    "end": 1535468117995,
    "duration": 1,
    "pid": 560,
    "index": 12
  },
  {
    "name": "Require(10) node_modules/_egg-logrotator@3.0.3@egg-logrotator/config/config.default.js",
    "start": 1535468117995,
    "end": 1535468117996,
    "duration": 1,
    "pid": 560,
    "index": 13
  },
  {
    "name": "Require(11) node_modules/_egg-static@2.1.1@egg-static/config/config.default.js",
    "start": 1535468117997,
    "end": 1535468117998,
    "duration": 1,
    "pid": 560,
    "index": 14
  },
  {
    "name": "Require(12) node_modules/_egg-view@2.1.0@egg-view/config/config.default.js",
    "start": 1535468117999,
    "end": 1535468117999,
    "duration": 0,
    "pid": 560,
    "index": 15
  },
  {
    "name": "Require(13) node_modules/_egg-view-ejs@2.0.0@egg-view-ejs/config/config.default.js",
    "start": 1535468118000,
    "end": 1535468118001,
    "duration": 1,
    "pid": 560,
    "index": 16
  },
  {
    "name": "Require(14) node_modules/_egg-mysql@3.0.0@egg-mysql/config/config.default.js",
    "start": 1535468118002,
    "end": 1535468118002,
    "duration": 0,
    "pid": 560,
    "index": 17
  },
  {
    "name": "Require(15) node_modules/_egg@2.10.0@egg/config/config.default.js",
    "start": 1535468118003,
    "end": 1535468118004,
    "duration": 1,
    "pid": 560,
    "index": 18
  },
  {
    "name": "Require(16) config/config.default.js",
    "start": 1535468118006,
    "end": 1535468118006,
    "duration": 0,
    "pid": 560,
    "index": 19
  },
  {
    "name": "Require(17) node_modules/_egg-security@2.2.3@egg-security/config/config.local.js",
    "start": 1535468118007,
    "end": 1535468118007,
    "duration": 0,
    "pid": 560,
    "index": 20
  },
  {
    "name": "Require(18) node_modules/_egg-watcher@3.0.0@egg-watcher/config/config.local.js",
    "start": 1535468118009,
    "end": 1535468118009,
    "duration": 0,
    "pid": 560,
    "index": 21
  },
  {
    "name": "Require(19) node_modules/_egg-view@2.1.0@egg-view/config/config.local.js",
    "start": 1535468118012,
    "end": 1535468118012,
    "duration": 0,
    "pid": 560,
    "index": 22
  },
  {
    "name": "Require(20) node_modules/_egg-view-ejs@2.0.0@egg-view-ejs/config/config.local.js",
    "start": 1535468118013,
    "end": 1535468118013,
    "duration": 0,
    "pid": 560,
    "index": 23
  },
  {
    "name": "Require(21) node_modules/_egg@2.10.0@egg/config/config.local.js",
    "start": 1535468118014,
    "end": 1535468118015,
    "duration": 1,
    "pid": 560,
    "index": 24
  },
  {
    "name": "Load extend/application.js",
    "start": 1535468118016,
    "end": 1535468118045,
    "duration": 29,
    "pid": 560,
    "index": 25
  },
  {
    "name": "Require(22) node_modules/_egg-session@3.1.0@egg-session/app/extend/application.js",
    "start": 1535468118017,
    "end": 1535468118018,
    "duration": 1,
    "pid": 560,
    "index": 26
  },
  {
    "name": "Require(23) node_modules/_egg-security@2.2.3@egg-security/app/extend/application.js",
    "start": 1535468118018,
    "end": 1535468118020,
    "duration": 2,
    "pid": 560,
    "index": 27
  },
  {
    "name": "Require(24) node_modules/_egg-jsonp@2.0.0@egg-jsonp/app/extend/application.js",
    "start": 1535468118022,
    "end": 1535468118026,
    "duration": 4,
    "pid": 560,
    "index": 28
  },
  {
    "name": "Require(25) node_modules/_egg-logrotator@3.0.3@egg-logrotator/app/extend/application.js",
    "start": 1535468118028,
    "end": 1535468118034,
    "duration": 6,
    "pid": 560,
    "index": 29
  },
  {
    "name": "Require(26) node_modules/_egg-view@2.1.0@egg-view/app/extend/application.js",
    "start": 1535468118035,
    "end": 1535468118040,
    "duration": 5,
    "pid": 560,
    "index": 30
  },
  {
    "name": "Load extend/request.js",
    "start": 1535468118045,
    "end": 1535468118057,
    "duration": 12,
    "pid": 560,
    "index": 31
  },
  {
    "name": "Require(27) node_modules/_egg@2.10.0@egg/app/extend/request.js",
    "start": 1535468118049,
    "end": 1535468118052,
    "duration": 3,
    "pid": 560,
    "index": 32
  },
  {
    "name": "Load extend/response.js",
    "start": 1535468118057,
    "end": 1535468118069,
    "duration": 12,
    "pid": 560,
    "index": 33
  },
  {
    "name": "Require(28) node_modules/_egg@2.10.0@egg/app/extend/response.js",
    "start": 1535468118060,
    "end": 1535468118066,
    "duration": 6,
    "pid": 560,
    "index": 34
  },
  {
    "name": "Load extend/context.js",
    "start": 1535468118070,
    "end": 1535468118163,
    "duration": 93,
    "pid": 560,
    "index": 35
  },
  {
    "name": "Require(29) node_modules/_egg-security@2.2.3@egg-security/app/extend/context.js",
    "start": 1535468118070,
    "end": 1535468118089,
    "duration": 19,
    "pid": 560,
    "index": 36
  },
  {
    "name": "Require(30) node_modules/_egg-jsonp@2.0.0@egg-jsonp/app/extend/context.js",
    "start": 1535468118090,
    "end": 1535468118092,
    "duration": 2,
    "pid": 560,
    "index": 37
  },
  {
    "name": "Require(31) node_modules/_egg-i18n@2.0.0@egg-i18n/app/extend/context.js",
    "start": 1535468118093,
    "end": 1535468118093,
    "duration": 0,
    "pid": 560,
    "index": 38
  },
  {
    "name": "Require(32) node_modules/_egg-multipart@2.1.0@egg-multipart/app/extend/context.js",
    "start": 1535468118094,
    "end": 1535468118150,
    "duration": 56,
    "pid": 560,
    "index": 39
  },
  {
    "name": "Require(33) node_modules/_egg-view@2.1.0@egg-view/app/extend/context.js",
    "start": 1535468118152,
    "end": 1535468118153,
    "duration": 1,
    "pid": 560,
    "index": 40
  },
  {
    "name": "Require(34) node_modules/_egg@2.10.0@egg/app/extend/context.js",
    "start": 1535468118154,
    "end": 1535468118158,
    "duration": 4,
    "pid": 560,
    "index": 41
  },
  {
    "name": "Load extend/helper.js",
    "start": 1535468118163,
    "end": 1535468118194,
    "duration": 31,
    "pid": 560,
    "index": 42
  },
  {
    "name": "Require(35) node_modules/_egg-security@2.2.3@egg-security/app/extend/helper.js",
    "start": 1535468118164,
    "end": 1535468118186,
    "duration": 22,
    "pid": 560,
    "index": 43
  },
  {
    "name": "Require(36) node_modules/_egg@2.10.0@egg/app/extend/helper.js",
    "start": 1535468118190,
    "end": 1535468118190,
    "duration": 0,
    "pid": 560,
    "index": 44
  },
  {
    "name": "Load app.js",
    "start": 1535468118194,
    "end": 1535468118449,
    "duration": 255,
    "pid": 560,
    "index": 45
  },
  {
    "name": "Require(37) node_modules/_egg-session@3.1.0@egg-session/app.js",
    "start": 1535468118195,
    "end": 1535468118195,
    "duration": 0,
    "pid": 560,
    "index": 46
  },
  {
    "name": "Require(38) node_modules/_egg-security@2.2.3@egg-security/app.js",
    "start": 1535468118196,
    "end": 1535468118199,
    "duration": 3,
    "pid": 560,
    "index": 47
  },
  {
    "name": "Require(39) node_modules/_egg-onerror@2.1.0@egg-onerror/app.js",
    "start": 1535468118200,
    "end": 1535468118212,
    "duration": 12,
    "pid": 560,
    "index": 48
  },
  {
    "name": "Require(40) node_modules/_egg-i18n@2.0.0@egg-i18n/app.js",
    "start": 1535468118214,
    "end": 1535468118228,
    "duration": 14,
    "pid": 560,
    "index": 49
  },
  {
    "name": "Require(41) node_modules/_egg-watcher@3.0.0@egg-watcher/app.js",
    "start": 1535468118232,
    "end": 1535468118238,
    "duration": 6,
    "pid": 560,
    "index": 50
  },
  {
    "name": "Before Start in node_modules/_egg-watcher@3.0.0@egg-watcher/app.js:15:7",
    "start": 1535468118248,
    "end": 1535468118648,
    "duration": 400,
    "pid": 560,
    "index": 51
  },
  {
    "name": "Require(42) node_modules/_egg-multipart@2.1.0@egg-multipart/app.js",
    "start": 1535468118250,
    "end": 1535468118255,
    "duration": 5,
    "pid": 560,
    "index": 52
  },
  {
    "name": "Require(43) node_modules/_egg-development@2.4.1@egg-development/app.js",
    "start": 1535468118256,
    "end": 1535468118257,
    "duration": 1,
    "pid": 560,
    "index": 53
  },
  {
    "name": "Require(44) node_modules/_egg-schedule@3.3.0@egg-schedule/app.js",
    "start": 1535468118257,
    "end": 1535468118260,
    "duration": 3,
    "pid": 560,
    "index": 54
  },
  {
    "name": "Require(45) node_modules/_egg-logrotator@3.0.3@egg-logrotator/app.js",
    "start": 1535468118311,
    "end": 1535468118311,
    "duration": 0,
    "pid": 560,
    "index": 55
  },
  {
    "name": "Require(46) node_modules/_egg-static@2.1.1@egg-static/app.js",
    "start": 1535468118312,
    "end": 1535468118312,
    "duration": 0,
    "pid": 560,
    "index": 56
  },
  {
    "name": "Require(47) node_modules/_egg-view-ejs@2.0.0@egg-view-ejs/app.js",
    "start": 1535468118313,
    "end": 1535468118313,
    "duration": 0,
    "pid": 560,
    "index": 57
  },
  {
    "name": "Require(48) node_modules/_egg-mysql@3.0.0@egg-mysql/app.js",
    "start": 1535468118320,
    "end": 1535468118344,
    "duration": 24,
    "pid": 560,
    "index": 58
  },
  {
    "name": "Before Start in node_modules/_egg-mysql@3.0.0@egg-mysql/lib/mysql.js:20:7",
    "start": 1535468118445,
    "end": 1535468118654,
    "duration": 209,
    "pid": 560,
    "index": 59
  },
  {
    "name": "Load Service",
    "start": 1535468118450,
    "end": 1535468118461,
    "duration": 11,
    "pid": 560,
    "index": 60
  },
  {
    "name": "Load \"service\" to Context",
    "start": 1535468118450,
    "end": 1535468118461,
    "duration": 11,
    "pid": 560,
    "index": 61
  },
  {
    "name": "Load Middleware",
    "start": 1535468118461,
    "end": 1535468118598,
    "duration": 137,
    "pid": 560,
    "index": 62
  },
  {
    "name": "Load \"middlewares\" to Application",
    "start": 1535468118461,
    "end": 1535468118580,
    "duration": 119,
    "pid": 560,
    "index": 63
  },
  {
    "name": "Load Controller",
    "start": 1535468118598,
    "end": 1535468118602,
    "duration": 4,
    "pid": 560,
    "index": 64
  },
  {
    "name": "Load \"controller\" to Application",
    "start": 1535468118598,
    "end": 1535468118602,
    "duration": 4,
    "pid": 560,
    "index": 65
  },
  {
    "name": "Load Router",
    "start": 1535468118602,
    "end": 1535468118605,
    "duration": 3,
    "pid": 560,
    "index": 66
  },
  {
    "name": "Require(49) app/router.js",
    "start": 1535468118603,
    "end": 1535468118603,
    "duration": 0,
    "pid": 560,
    "index": 67
  },
  {
    "name": "Before Start in node_modules/_egg-core@4.9.1@egg-core/lib/egg.js:328:10",
    "start": 1535468118604,
    "end": 1535468118628,
    "duration": 24,
    "pid": 560,
    "index": 68
  }
]