[
  {
    "name": "Application Start",
    "start": 1535454049331,
    "end": 1535454050161,
    "duration": 830,
    "pid": 796,
    "index": 0
  },
  {
    "name": "Load Plugin",
    "start": 1535454049340,
    "end": 1535454049379,
    "duration": 39,
    "pid": 796,
    "index": 1
  },
  {
    "name": "Load Config",
    "start": 1535454049379,
    "end": 1535454049432,
    "duration": 53,
    "pid": 796,
    "index": 2
  },
  {
    "name": "Require(0) config/config.default.js",
    "start": 1535454049382,
    "end": 1535454049383,
    "duration": 1,
    "pid": 796,
    "index": 3
  },
  {
    "name": "Require(1) node_modules/_egg-session@3.1.0@egg-session/config/config.default.js",
    "start": 1535454049386,
    "end": 1535454049387,
    "duration": 1,
    "pid": 796,
    "index": 4
  },
  {
    "name": "Require(2) node_modules/_egg-security@2.2.3@egg-security/config/config.default.js",
    "start": 1535454049388,
    "end": 1535454049389,
    "duration": 1,
    "pid": 796,
    "index": 5
  },
  {
    "name": "Require(3) node_modules/_egg-jsonp@2.0.0@egg-jsonp/config/config.default.js",
    "start": 1535454049390,
    "end": 1535454049391,
    "duration": 1,
    "pid": 796,
    "index": 6
  },
  {
    "name": "Require(4) node_modules/_egg-onerror@2.1.0@egg-onerror/config/config.default.js",
    "start": 1535454049392,
    "end": 1535454049393,
    "duration": 1,
    "pid": 796,
    "index": 7
  },
  {
    "name": "Require(5) node_modules/_egg-i18n@2.0.0@egg-i18n/config/config.default.js",
    "start": 1535454049394,
    "end": 1535454049395,
    "duration": 1,
    "pid": 796,
    "index": 8
  },
  {
    "name": "Require(6) node_modules/_egg-watcher@3.0.0@egg-watcher/config/config.default.js",
    "start": 1535454049396,
    "end": 1535454049397,
    "duration": 1,
    "pid": 796,
    "index": 9
  },
  {
    "name": "Require(7) node_modules/_egg-multipart@2.1.0@egg-multipart/config/config.default.js",
    "start": 1535454049398,
    "end": 1535454049399,
    "duration": 1,
    "pid": 796,
    "index": 10
  },
  {
    "name": "Require(8) node_modules/_egg-development@2.4.1@egg-development/config/config.default.js",
    "start": 1535454049400,
    "end": 1535454049400,
    "duration": 0,
    "pid": 796,
    "index": 11
  },
  {
    "name": "Require(9) node_modules/_egg-schedule@3.3.0@egg-schedule/config/config.default.js",
    "start": 1535454049402,
    "end": 1535454049403,
    "duration": 1,
    "pid": 796,
    "index": 12
  },
  {
    "name": "Require(10) node_modules/_egg-logrotator@3.0.3@egg-logrotator/config/config.default.js",
    "start": 1535454049404,
    "end": 1535454049405,
    "duration": 1,
    "pid": 796,
    "index": 13
  },
  {
    "name": "Require(11) node_modules/_egg-static@2.1.1@egg-static/config/config.default.js",
    "start": 1535454049406,
    "end": 1535454049406,
    "duration": 0,
    "pid": 796,
    "index": 14
  },
  {
    "name": "Require(12) node_modules/_egg-view@2.1.0@egg-view/config/config.default.js",
    "start": 1535454049408,
    "end": 1535454049409,
    "duration": 1,
    "pid": 796,
    "index": 15
  },
  {
    "name": "Require(13) node_modules/_egg-view-ejs@2.0.0@egg-view-ejs/config/config.default.js",
    "start": 1535454049410,
    "end": 1535454049411,
    "duration": 1,
    "pid": 796,
    "index": 16
  },
  {
    "name": "Require(14) node_modules/_egg-mysql@3.0.0@egg-mysql/config/config.default.js",
    "start": 1535454049412,
    "end": 1535454049413,
    "duration": 1,
    "pid": 796,
    "index": 17
  },
  {
    "name": "Require(15) node_modules/_egg@2.10.0@egg/config/config.default.js",
    "start": 1535454049414,
    "end": 1535454049415,
    "duration": 1,
    "pid": 796,
    "index": 18
  },
  {
    "name": "Require(16) config/config.default.js",
    "start": 1535454049419,
    "end": 1535454049419,
    "duration": 0,
    "pid": 796,
    "index": 19
  },
  {
    "name": "Require(17) node_modules/_egg-security@2.2.3@egg-security/config/config.local.js",
    "start": 1535454049420,
    "end": 1535454049420,
    "duration": 0,
    "pid": 796,
    "index": 20
  },
  {
    "name": "Require(18) node_modules/_egg-watcher@3.0.0@egg-watcher/config/config.local.js",
    "start": 1535454049422,
    "end": 1535454049423,
    "duration": 1,
    "pid": 796,
    "index": 21
  },
  {
    "name": "Require(19) node_modules/_egg-view@2.1.0@egg-view/config/config.local.js",
    "start": 1535454049429,
    "end": 1535454049429,
    "duration": 0,
    "pid": 796,
    "index": 22
  },
  {
    "name": "Require(20) node_modules/_egg-view-ejs@2.0.0@egg-view-ejs/config/config.local.js",
    "start": 1535454049430,
    "end": 1535454049430,
    "duration": 0,
    "pid": 796,
    "index": 23
  },
  {
    "name": "Require(21) node_modules/_egg@2.10.0@egg/config/config.local.js",
    "start": 1535454049431,
    "end": 1535454049431,
    "duration": 0,
    "pid": 796,
    "index": 24
  },
  {
    "name": "Load extend/application.js",
    "start": 1535454049433,
    "end": 1535454049456,
    "duration": 23,
    "pid": 796,
    "index": 25
  },
  {
    "name": "Require(22) node_modules/_egg-session@3.1.0@egg-session/app/extend/application.js",
    "start": 1535454049434,
    "end": 1535454049434,
    "duration": 0,
    "pid": 796,
    "index": 26
  },
  {
    "name": "Require(23) node_modules/_egg-security@2.2.3@egg-security/app/extend/application.js",
    "start": 1535454049436,
    "end": 1535454049437,
    "duration": 1,
    "pid": 796,
    "index": 27
  },
  {
    "name": "Require(24) node_modules/_egg-jsonp@2.0.0@egg-jsonp/app/extend/application.js",
    "start": 1535454049438,
    "end": 1535454049441,
    "duration": 3,
    "pid": 796,
    "index": 28
  },
  {
    "name": "Require(25) node_modules/_egg-logrotator@3.0.3@egg-logrotator/app/extend/application.js",
    "start": 1535454049443,
    "end": 1535454049447,
    "duration": 4,
    "pid": 796,
    "index": 29
  },
  {
    "name": "Require(26) node_modules/_egg-view@2.1.0@egg-view/app/extend/application.js",
    "start": 1535454049448,
    "end": 1535454049450,
    "duration": 2,
    "pid": 796,
    "index": 30
  },
  {
    "name": "Load extend/request.js",
    "start": 1535454049456,
    "end": 1535454049468,
    "duration": 12,
    "pid": 796,
    "index": 31
  },
  {
    "name": "Require(27) node_modules/_egg@2.10.0@egg/app/extend/request.js",
    "start": 1535454049460,
    "end": 1535454049463,
    "duration": 3,
    "pid": 796,
    "index": 32
  },
  {
    "name": "Load extend/response.js",
    "start": 1535454049468,
    "end": 1535454049479,
    "duration": 11,
    "pid": 796,
    "index": 33
  },
  {
    "name": "Require(28) node_modules/_egg@2.10.0@egg/app/extend/response.js",
    "start": 1535454049472,
    "end": 1535454049475,
    "duration": 3,
    "pid": 796,
    "index": 34
  },
  {
    "name": "Load extend/context.js",
    "start": 1535454049480,
    "end": 1535454049576,
    "duration": 96,
    "pid": 796,
    "index": 35
  },
  {
    "name": "Require(29) node_modules/_egg-security@2.2.3@egg-security/app/extend/context.js",
    "start": 1535454049481,
    "end": 1535454049499,
    "duration": 18,
    "pid": 796,
    "index": 36
  },
  {
    "name": "Require(30) node_modules/_egg-jsonp@2.0.0@egg-jsonp/app/extend/context.js",
    "start": 1535454049500,
    "end": 1535454049502,
    "duration": 2,
    "pid": 796,
    "index": 37
  },
  {
    "name": "Require(31) node_modules/_egg-i18n@2.0.0@egg-i18n/app/extend/context.js",
    "start": 1535454049503,
    "end": 1535454049504,
    "duration": 1,
    "pid": 796,
    "index": 38
  },
  {
    "name": "Require(32) node_modules/_egg-multipart@2.1.0@egg-multipart/app/extend/context.js",
    "start": 1535454049505,
    "end": 1535454049565,
    "duration": 60,
    "pid": 796,
    "index": 39
  },
  {
    "name": "Require(33) node_modules/_egg-view@2.1.0@egg-view/app/extend/context.js",
    "start": 1535454049566,
    "end": 1535454049568,
    "duration": 2,
    "pid": 796,
    "index": 40
  },
  {
    "name": "Require(34) node_modules/_egg@2.10.0@egg/app/extend/context.js",
    "start": 1535454049569,
    "end": 1535454049571,
    "duration": 2,
    "pid": 796,
    "index": 41
  },
  {
    "name": "Load extend/helper.js",
    "start": 1535454049576,
    "end": 1535454049608,
    "duration": 32,
    "pid": 796,
    "index": 42
  },
  {
    "name": "Require(35) node_modules/_egg-security@2.2.3@egg-security/app/extend/helper.js",
    "start": 1535454049577,
    "end": 1535454049600,
    "duration": 23,
    "pid": 796,
    "index": 43
  },
  {
    "name": "Require(36) node_modules/_egg@2.10.0@egg/app/extend/helper.js",
    "start": 1535454049603,
    "end": 1535454049604,
    "duration": 1,
    "pid": 796,
    "index": 44
  },
  {
    "name": "Load app.js",
    "start": 1535454049608,
    "end": 1535454049930,
    "duration": 322,
    "pid": 796,
    "index": 45
  },
  {
    "name": "Require(37) node_modules/_egg-session@3.1.0@egg-session/app.js",
    "start": 1535454049609,
    "end": 1535454049610,
    "duration": 1,
    "pid": 796,
    "index": 46
  },
  {
    "name": "Require(38) node_modules/_egg-security@2.2.3@egg-security/app.js",
    "start": 1535454049610,
    "end": 1535454049613,
    "duration": 3,
    "pid": 796,
    "index": 47
  },
  {
    "name": "Require(39) node_modules/_egg-onerror@2.1.0@egg-onerror/app.js",
    "start": 1535454049615,
    "end": 1535454049628,
    "duration": 13,
    "pid": 796,
    "index": 48
  },
  {
    "name": "Require(40) node_modules/_egg-i18n@2.0.0@egg-i18n/app.js",
    "start": 1535454049630,
    "end": 1535454049643,
    "duration": 13,
    "pid": 796,
    "index": 49
  },
  {
    "name": "Require(41) node_modules/_egg-watcher@3.0.0@egg-watcher/app.js",
    "start": 1535454049648,
    "end": 1535454049654,
    "duration": 6,
    "pid": 796,
    "index": 50
  },
  {
    "name": "Before Start in node_modules/_egg-watcher@3.0.0@egg-watcher/app.js:15:7",
    "start": 1535454049664,
    "end": 1535454050156,
    "duration": 492,
    "pid": 796,
    "index": 51
  },
  {
    "name": "Require(42) node_modules/_egg-multipart@2.1.0@egg-multipart/app.js",
    "start": 1535454049666,
    "end": 1535454049672,
    "duration": 6,
    "pid": 796,
    "index": 52
  },
  {
    "name": "Require(43) node_modules/_egg-development@2.4.1@egg-development/app.js",
    "start": 1535454049673,
    "end": 1535454049674,
    "duration": 1,
    "pid": 796,
    "index": 53
  },
  {
    "name": "Require(44) node_modules/_egg-schedule@3.3.0@egg-schedule/app.js",
    "start": 1535454049674,
    "end": 1535454049677,
    "duration": 3,
    "pid": 796,
    "index": 54
  },
  {
    "name": "Require(45) node_modules/_egg-logrotator@3.0.3@egg-logrotator/app.js",
    "start": 1535454049745,
    "end": 1535454049747,
    "duration": 2,
    "pid": 796,
    "index": 55
  },
  {
    "name": "Require(46) node_modules/_egg-static@2.1.1@egg-static/app.js",
    "start": 1535454049749,
    "end": 1535454049750,
    "duration": 1,
    "pid": 796,
    "index": 56
  },
  {
    "name": "Require(47) node_modules/_egg-view-ejs@2.0.0@egg-view-ejs/app.js",
    "start": 1535454049755,
    "end": 1535454049755,
    "duration": 0,
    "pid": 796,
    "index": 57
  },
  {
    "name": "Require(48) node_modules/_egg-mysql@3.0.0@egg-mysql/app.js",
    "start": 1535454049766,
    "end": 1535454049803,
    "duration": 37,
    "pid": 796,
    "index": 58
  },
  {
    "name": "Before Start in node_modules/_egg-mysql@3.0.0@egg-mysql/lib/mysql.js:20:7",
    "start": 1535454049928,
    "end": 1535454050161,
    "duration": 233,
    "pid": 796,
    "index": 59
  },
  {
    "name": "Load Service",
    "start": 1535454049930,
    "end": 1535454049936,
    "duration": 6,
    "pid": 796,
    "index": 60
  },
  {
    "name": "Load \"service\" to Context",
    "start": 1535454049930,
    "end": 1535454049936,
    "duration": 6,
    "pid": 796,
    "index": 61
  },
  {
    "name": "Load Middleware",
    "start": 1535454049937,
    "end": 1535454050086,
    "duration": 149,
    "pid": 796,
    "index": 62
  },
  {
    "name": "Load \"middlewares\" to Application",
    "start": 1535454049937,
    "end": 1535454050067,
    "duration": 130,
    "pid": 796,
    "index": 63
  },
  {
    "name": "Load Controller",
    "start": 1535454050086,
    "end": 1535454050096,
    "duration": 10,
    "pid": 796,
    "index": 64
  },
  {
    "name": "Load \"controller\" to Application",
    "start": 1535454050086,
    "end": 1535454050096,
    "duration": 10,
    "pid": 796,
    "index": 65
  },
  {
    "name": "Load Router",
    "start": 1535454050096,
    "end": 1535454050106,
    "duration": 10,
    "pid": 796,
    "index": 66
  },
  {
    "name": "Require(49) app/router.js",
    "start": 1535454050097,
    "end": 1535454050098,
    "duration": 1,
    "pid": 796,
    "index": 67
  },
  {
    "name": "Before Start in node_modules/_egg-core@4.9.1@egg-core/lib/egg.js:328:10",
    "start": 1535454050099,
    "end": 1535454050133,
    "duration": 34,
    "pid": 796,
    "index": 68
  }
]