[
  {
    "name": "Application Start",
    "start": 1535452689357,
    "end": 1535452690230,
    "duration": 873,
    "pid": 1804,
    "index": 0
  },
  {
    "name": "Load Plugin",
    "start": 1535452689367,
    "end": 1535452689412,
    "duration": 45,
    "pid": 1804,
    "index": 1
  },
  {
    "name": "Load Config",
    "start": 1535452689412,
    "end": 1535452689448,
    "duration": 36,
    "pid": 1804,
    "index": 2
  },
  {
    "name": "Require(0) config/config.default.js",
    "start": 1535452689413,
    "end": 1535452689414,
    "duration": 1,
    "pid": 1804,
    "index": 3
  },
  {
    "name": "Require(1) node_modules/_egg-session@3.1.0@egg-session/config/config.default.js",
    "start": 1535452689416,
    "end": 1535452689417,
    "duration": 1,
    "pid": 1804,
    "index": 4
  },
  {
    "name": "Require(2) node_modules/_egg-security@2.2.3@egg-security/config/config.default.js",
    "start": 1535452689418,
    "end": 1535452689418,
    "duration": 0,
    "pid": 1804,
    "index": 5
  },
  {
    "name": "Require(3) node_modules/_egg-jsonp@2.0.0@egg-jsonp/config/config.default.js",
    "start": 1535452689420,
    "end": 1535452689421,
    "duration": 1,
    "pid": 1804,
    "index": 6
  },
  {
    "name": "Require(4) node_modules/_egg-onerror@2.1.0@egg-onerror/config/config.default.js",
    "start": 1535452689422,
    "end": 1535452689422,
    "duration": 0,
    "pid": 1804,
    "index": 7
  },
  {
    "name": "Require(5) node_modules/_egg-i18n@2.0.0@egg-i18n/config/config.default.js",
    "start": 1535452689423,
    "end": 1535452689423,
    "duration": 0,
    "pid": 1804,
    "index": 8
  },
  {
    "name": "Require(6) node_modules/_egg-watcher@3.0.0@egg-watcher/config/config.default.js",
    "start": 1535452689425,
    "end": 1535452689425,
    "duration": 0,
    "pid": 1804,
    "index": 9
  },
  {
    "name": "Require(7) node_modules/_egg-multipart@2.1.0@egg-multipart/config/config.default.js",
    "start": 1535452689426,
    "end": 1535452689427,
    "duration": 1,
    "pid": 1804,
    "index": 10
  },
  {
    "name": "Require(8) node_modules/_egg-development@2.4.1@egg-development/config/config.default.js",
    "start": 1535452689428,
    "end": 1535452689428,
    "duration": 0,
    "pid": 1804,
    "index": 11
  },
  {
    "name": "Require(9) node_modules/_egg-schedule@3.3.0@egg-schedule/config/config.default.js",
    "start": 1535452689429,
    "end": 1535452689429,
    "duration": 0,
    "pid": 1804,
    "index": 12
  },
  {
    "name": "Require(10) node_modules/_egg-logrotator@3.0.3@egg-logrotator/config/config.default.js",
    "start": 1535452689430,
    "end": 1535452689431,
    "duration": 1,
    "pid": 1804,
    "index": 13
  },
  {
    "name": "Require(11) node_modules/_egg-static@2.1.1@egg-static/config/config.default.js",
    "start": 1535452689432,
    "end": 1535452689432,
    "duration": 0,
    "pid": 1804,
    "index": 14
  },
  {
    "name": "Require(12) node_modules/_egg-view@2.1.0@egg-view/config/config.default.js",
    "start": 1535452689433,
    "end": 1535452689433,
    "duration": 0,
    "pid": 1804,
    "index": 15
  },
  {
    "name": "Require(13) node_modules/_egg-view-ejs@2.0.0@egg-view-ejs/config/config.default.js",
    "start": 1535452689435,
    "end": 1535452689435,
    "duration": 0,
    "pid": 1804,
    "index": 16
  },
  {
    "name": "Require(14) node_modules/_egg-mysql@3.0.0@egg-mysql/config/config.default.js",
    "start": 1535452689436,
    "end": 1535452689436,
    "duration": 0,
    "pid": 1804,
    "index": 17
  },
  {
    "name": "Require(15) node_modules/_egg@2.10.0@egg/config/config.default.js",
    "start": 1535452689437,
    "end": 1535452689438,
    "duration": 1,
    "pid": 1804,
    "index": 18
  },
  {
    "name": "Require(16) config/config.default.js",
    "start": 1535452689440,
    "end": 1535452689440,
    "duration": 0,
    "pid": 1804,
    "index": 19
  },
  {
    "name": "Require(17) node_modules/_egg-security@2.2.3@egg-security/config/config.local.js",
    "start": 1535452689441,
    "end": 1535452689441,
    "duration": 0,
    "pid": 1804,
    "index": 20
  },
  {
    "name": "Require(18) node_modules/_egg-watcher@3.0.0@egg-watcher/config/config.local.js",
    "start": 1535452689443,
    "end": 1535452689443,
    "duration": 0,
    "pid": 1804,
    "index": 21
  },
  {
    "name": "Require(19) node_modules/_egg-view@2.1.0@egg-view/config/config.local.js",
    "start": 1535452689445,
    "end": 1535452689446,
    "duration": 1,
    "pid": 1804,
    "index": 22
  },
  {
    "name": "Require(20) node_modules/_egg-view-ejs@2.0.0@egg-view-ejs/config/config.local.js",
    "start": 1535452689446,
    "end": 1535452689446,
    "duration": 0,
    "pid": 1804,
    "index": 23
  },
  {
    "name": "Require(21) node_modules/_egg@2.10.0@egg/config/config.local.js",
    "start": 1535452689447,
    "end": 1535452689448,
    "duration": 1,
    "pid": 1804,
    "index": 24
  },
  {
    "name": "Load extend/application.js",
    "start": 1535452689449,
    "end": 1535452689475,
    "duration": 26,
    "pid": 1804,
    "index": 25
  },
  {
    "name": "Require(22) node_modules/_egg-session@3.1.0@egg-session/app/extend/application.js",
    "start": 1535452689450,
    "end": 1535452689451,
    "duration": 1,
    "pid": 1804,
    "index": 26
  },
  {
    "name": "Require(23) node_modules/_egg-security@2.2.3@egg-security/app/extend/application.js",
    "start": 1535452689452,
    "end": 1535452689454,
    "duration": 2,
    "pid": 1804,
    "index": 27
  },
  {
    "name": "Require(24) node_modules/_egg-jsonp@2.0.0@egg-jsonp/app/extend/application.js",
    "start": 1535452689455,
    "end": 1535452689458,
    "duration": 3,
    "pid": 1804,
    "index": 28
  },
  {
    "name": "Require(25) node_modules/_egg-logrotator@3.0.3@egg-logrotator/app/extend/application.js",
    "start": 1535452689461,
    "end": 1535452689465,
    "duration": 4,
    "pid": 1804,
    "index": 29
  },
  {
    "name": "Require(26) node_modules/_egg-view@2.1.0@egg-view/app/extend/application.js",
    "start": 1535452689466,
    "end": 1535452689469,
    "duration": 3,
    "pid": 1804,
    "index": 30
  },
  {
    "name": "Load extend/request.js",
    "start": 1535452689475,
    "end": 1535452689487,
    "duration": 12,
    "pid": 1804,
    "index": 31
  },
  {
    "name": "Require(27) node_modules/_egg@2.10.0@egg/app/extend/request.js",
    "start": 1535452689479,
    "end": 1535452689482,
    "duration": 3,
    "pid": 1804,
    "index": 32
  },
  {
    "name": "Load extend/response.js",
    "start": 1535452689487,
    "end": 1535452689501,
    "duration": 14,
    "pid": 1804,
    "index": 33
  },
  {
    "name": "Require(28) node_modules/_egg@2.10.0@egg/app/extend/response.js",
    "start": 1535452689492,
    "end": 1535452689497,
    "duration": 5,
    "pid": 1804,
    "index": 34
  },
  {
    "name": "Load extend/context.js",
    "start": 1535452689501,
    "end": 1535452689611,
    "duration": 110,
    "pid": 1804,
    "index": 35
  },
  {
    "name": "Require(29) node_modules/_egg-security@2.2.3@egg-security/app/extend/context.js",
    "start": 1535452689502,
    "end": 1535452689524,
    "duration": 22,
    "pid": 1804,
    "index": 36
  },
  {
    "name": "Require(30) node_modules/_egg-jsonp@2.0.0@egg-jsonp/app/extend/context.js",
    "start": 1535452689525,
    "end": 1535452689528,
    "duration": 3,
    "pid": 1804,
    "index": 37
  },
  {
    "name": "Require(31) node_modules/_egg-i18n@2.0.0@egg-i18n/app/extend/context.js",
    "start": 1535452689529,
    "end": 1535452689530,
    "duration": 1,
    "pid": 1804,
    "index": 38
  },
  {
    "name": "Require(32) node_modules/_egg-multipart@2.1.0@egg-multipart/app/extend/context.js",
    "start": 1535452689530,
    "end": 1535452689599,
    "duration": 69,
    "pid": 1804,
    "index": 39
  },
  {
    "name": "Require(33) node_modules/_egg-view@2.1.0@egg-view/app/extend/context.js",
    "start": 1535452689601,
    "end": 1535452689602,
    "duration": 1,
    "pid": 1804,
    "index": 40
  },
  {
    "name": "Require(34) node_modules/_egg@2.10.0@egg/app/extend/context.js",
    "start": 1535452689603,
    "end": 1535452689606,
    "duration": 3,
    "pid": 1804,
    "index": 41
  },
  {
    "name": "Load extend/helper.js",
    "start": 1535452689611,
    "end": 1535452689649,
    "duration": 38,
    "pid": 1804,
    "index": 42
  },
  {
    "name": "Require(35) node_modules/_egg-security@2.2.3@egg-security/app/extend/helper.js",
    "start": 1535452689613,
    "end": 1535452689640,
    "duration": 27,
    "pid": 1804,
    "index": 43
  },
  {
    "name": "Require(36) node_modules/_egg@2.10.0@egg/app/extend/helper.js",
    "start": 1535452689643,
    "end": 1535452689644,
    "duration": 1,
    "pid": 1804,
    "index": 44
  },
  {
    "name": "Load app.js",
    "start": 1535452689649,
    "end": 1535452689981,
    "duration": 332,
    "pid": 1804,
    "index": 45
  },
  {
    "name": "Require(37) node_modules/_egg-session@3.1.0@egg-session/app.js",
    "start": 1535452689649,
    "end": 1535452689650,
    "duration": 1,
    "pid": 1804,
    "index": 46
  },
  {
    "name": "Require(38) node_modules/_egg-security@2.2.3@egg-security/app.js",
    "start": 1535452689651,
    "end": 1535452689654,
    "duration": 3,
    "pid": 1804,
    "index": 47
  },
  {
    "name": "Require(39) node_modules/_egg-onerror@2.1.0@egg-onerror/app.js",
    "start": 1535452689656,
    "end": 1535452689671,
    "duration": 15,
    "pid": 1804,
    "index": 48
  },
  {
    "name": "Require(40) node_modules/_egg-i18n@2.0.0@egg-i18n/app.js",
    "start": 1535452689673,
    "end": 1535452689690,
    "duration": 17,
    "pid": 1804,
    "index": 49
  },
  {
    "name": "Require(41) node_modules/_egg-watcher@3.0.0@egg-watcher/app.js",
    "start": 1535452689695,
    "end": 1535452689702,
    "duration": 7,
    "pid": 1804,
    "index": 50
  },
  {
    "name": "Before Start in node_modules/_egg-watcher@3.0.0@egg-watcher/app.js:15:7",
    "start": 1535452689714,
    "end": 1535452690224,
    "duration": 510,
    "pid": 1804,
    "index": 51
  },
  {
    "name": "Require(42) node_modules/_egg-multipart@2.1.0@egg-multipart/app.js",
    "start": 1535452689716,
    "end": 1535452689721,
    "duration": 5,
    "pid": 1804,
    "index": 52
  },
  {
    "name": "Require(43) node_modules/_egg-development@2.4.1@egg-development/app.js",
    "start": 1535452689722,
    "end": 1535452689723,
    "duration": 1,
    "pid": 1804,
    "index": 53
  },
  {
    "name": "Require(44) node_modules/_egg-schedule@3.3.0@egg-schedule/app.js",
    "start": 1535452689724,
    "end": 1535452689727,
    "duration": 3,
    "pid": 1804,
    "index": 54
  },
  {
    "name": "Require(45) node_modules/_egg-logrotator@3.0.3@egg-logrotator/app.js",
    "start": 1535452689783,
    "end": 1535452689783,
    "duration": 0,
    "pid": 1804,
    "index": 55
  },
  {
    "name": "Require(46) node_modules/_egg-static@2.1.1@egg-static/app.js",
    "start": 1535452689784,
    "end": 1535452689784,
    "duration": 0,
    "pid": 1804,
    "index": 56
  },
  {
    "name": "Require(47) node_modules/_egg-view-ejs@2.0.0@egg-view-ejs/app.js",
    "start": 1535452689786,
    "end": 1535452689787,
    "duration": 1,
    "pid": 1804,
    "index": 57
  },
  {
    "name": "Require(48) node_modules/_egg-mysql@3.0.0@egg-mysql/app.js",
    "start": 1535452689798,
    "end": 1535452689834,
    "duration": 36,
    "pid": 1804,
    "index": 58
  },
  {
    "name": "Before Start in node_modules/_egg-mysql@3.0.0@egg-mysql/lib/mysql.js:20:7",
    "start": 1535452689978,
    "end": 1535452690229,
    "duration": 251,
    "pid": 1804,
    "index": 59
  },
  {
    "name": "Load Service",
    "start": 1535452689981,
    "end": 1535452689994,
    "duration": 13,
    "pid": 1804,
    "index": 60
  },
  {
    "name": "Load \"service\" to Context",
    "start": 1535452689981,
    "end": 1535452689994,
    "duration": 13,
    "pid": 1804,
    "index": 61
  },
  {
    "name": "Load Middleware",
    "start": 1535452689995,
    "end": 1535452690153,
    "duration": 158,
    "pid": 1804,
    "index": 62
  },
  {
    "name": "Load \"middlewares\" to Application",
    "start": 1535452689995,
    "end": 1535452690134,
    "duration": 139,
    "pid": 1804,
    "index": 63
  },
  {
    "name": "Load Controller",
    "start": 1535452690154,
    "end": 1535452690157,
    "duration": 3,
    "pid": 1804,
    "index": 64
  },
  {
    "name": "Load \"controller\" to Application",
    "start": 1535452690154,
    "end": 1535452690157,
    "duration": 3,
    "pid": 1804,
    "index": 65
  },
  {
    "name": "Load Router",
    "start": 1535452690157,
    "end": 1535452690162,
    "duration": 5,
    "pid": 1804,
    "index": 66
  },
  {
    "name": "Require(49) app/router.js",
    "start": 1535452690157,
    "end": 1535452690158,
    "duration": 1,
    "pid": 1804,
    "index": 67
  },
  {
    "name": "Before Start in node_modules/_egg-core@4.9.1@egg-core/lib/egg.js:328:10",
    "start": 1535452690159,
    "end": 1535452690196,
    "duration": 37,
    "pid": 1804,
    "index": 68
  }
]