[
  {
    "name": "Application Start",
    "start": 1535468248882,
    "end": 1535468249695,
    "duration": 813,
    "pid": 17876,
    "index": 0
  },
  {
    "name": "Load Plugin",
    "start": 1535468248890,
    "end": 1535468248931,
    "duration": 41,
    "pid": 17876,
    "index": 1
  },
  {
    "name": "Load Config",
    "start": 1535468248931,
    "end": 1535468248974,
    "duration": 43,
    "pid": 17876,
    "index": 2
  },
  {
    "name": "Require(0) config/config.default.js",
    "start": 1535468248932,
    "end": 1535468248932,
    "duration": 0,
    "pid": 17876,
    "index": 3
  },
  {
    "name": "Require(1) node_modules/_egg-session@3.1.0@egg-session/config/config.default.js",
    "start": 1535468248935,
    "end": 1535468248936,
    "duration": 1,
    "pid": 17876,
    "index": 4
  },
  {
    "name": "Require(2) node_modules/_egg-security@2.2.3@egg-security/config/config.default.js",
    "start": 1535468248937,
    "end": 1535468248937,
    "duration": 0,
    "pid": 17876,
    "index": 5
  },
  {
    "name": "Require(3) node_modules/_egg-jsonp@2.0.0@egg-jsonp/config/config.default.js",
    "start": 1535468248939,
    "end": 1535468248939,
    "duration": 0,
    "pid": 17876,
    "index": 6
  },
  {
    "name": "Require(4) node_modules/_egg-onerror@2.1.0@egg-onerror/config/config.default.js",
    "start": 1535468248941,
    "end": 1535468248941,
    "duration": 0,
    "pid": 17876,
    "index": 7
  },
  {
    "name": "Require(5) node_modules/_egg-i18n@2.0.0@egg-i18n/config/config.default.js",
    "start": 1535468248942,
    "end": 1535468248943,
    "duration": 1,
    "pid": 17876,
    "index": 8
  },
  {
    "name": "Require(6) node_modules/_egg-watcher@3.0.0@egg-watcher/config/config.default.js",
    "start": 1535468248944,
    "end": 1535468248944,
    "duration": 0,
    "pid": 17876,
    "index": 9
  },
  {
    "name": "Require(7) node_modules/_egg-multipart@2.1.0@egg-multipart/config/config.default.js",
    "start": 1535468248945,
    "end": 1535468248945,
    "duration": 0,
    "pid": 17876,
    "index": 10
  },
  {
    "name": "Require(8) node_modules/_egg-development@2.4.1@egg-development/config/config.default.js",
    "start": 1535468248946,
    "end": 1535468248946,
    "duration": 0,
    "pid": 17876,
    "index": 11
  },
  {
    "name": "Require(9) node_modules/_egg-schedule@3.3.0@egg-schedule/config/config.default.js",
    "start": 1535468248947,
    "end": 1535468248947,
    "duration": 0,
    "pid": 17876,
    "index": 12
  },
  {
    "name": "Require(10) node_modules/_egg-logrotator@3.0.3@egg-logrotator/config/config.default.js",
    "start": 1535468248949,
    "end": 1535468248950,
    "duration": 1,
    "pid": 17876,
    "index": 13
  },
  {
    "name": "Require(11) node_modules/_egg-static@2.1.1@egg-static/config/config.default.js",
    "start": 1535468248951,
    "end": 1535468248951,
    "duration": 0,
    "pid": 17876,
    "index": 14
  },
  {
    "name": "Require(12) node_modules/_egg-view@2.1.0@egg-view/config/config.default.js",
    "start": 1535468248952,
    "end": 1535468248953,
    "duration": 1,
    "pid": 17876,
    "index": 15
  },
  {
    "name": "Require(13) node_modules/_egg-view-ejs@2.0.0@egg-view-ejs/config/config.default.js",
    "start": 1535468248954,
    "end": 1535468248955,
    "duration": 1,
    "pid": 17876,
    "index": 16
  },
  {
    "name": "Require(14) node_modules/_egg-mysql@3.0.0@egg-mysql/config/config.default.js",
    "start": 1535468248956,
    "end": 1535468248957,
    "duration": 1,
    "pid": 17876,
    "index": 17
  },
  {
    "name": "Require(15) node_modules/_egg@2.10.0@egg/config/config.default.js",
    "start": 1535468248958,
    "end": 1535468248959,
    "duration": 1,
    "pid": 17876,
    "index": 18
  },
  {
    "name": "Require(16) config/config.default.js",
    "start": 1535468248961,
    "end": 1535468248961,
    "duration": 0,
    "pid": 17876,
    "index": 19
  },
  {
    "name": "Require(17) node_modules/_egg-security@2.2.3@egg-security/config/config.local.js",
    "start": 1535468248962,
    "end": 1535468248963,
    "duration": 1,
    "pid": 17876,
    "index": 20
  },
  {
    "name": "Require(18) node_modules/_egg-watcher@3.0.0@egg-watcher/config/config.local.js",
    "start": 1535468248964,
    "end": 1535468248965,
    "duration": 1,
    "pid": 17876,
    "index": 21
  },
  {
    "name": "Require(19) node_modules/_egg-view@2.1.0@egg-view/config/config.local.js",
    "start": 1535468248971,
    "end": 1535468248971,
    "duration": 0,
    "pid": 17876,
    "index": 22
  },
  {
    "name": "Require(20) node_modules/_egg-view-ejs@2.0.0@egg-view-ejs/config/config.local.js",
    "start": 1535468248972,
    "end": 1535468248972,
    "duration": 0,
    "pid": 17876,
    "index": 23
  },
  {
    "name": "Require(21) node_modules/_egg@2.10.0@egg/config/config.local.js",
    "start": 1535468248974,
    "end": 1535468248974,
    "duration": 0,
    "pid": 17876,
    "index": 24
  },
  {
    "name": "Load extend/application.js",
    "start": 1535468248977,
    "end": 1535468249011,
    "duration": 34,
    "pid": 17876,
    "index": 25
  },
  {
    "name": "Require(22) node_modules/_egg-session@3.1.0@egg-session/app/extend/application.js",
    "start": 1535468248979,
    "end": 1535468248980,
    "duration": 1,
    "pid": 17876,
    "index": 26
  },
  {
    "name": "Require(23) node_modules/_egg-security@2.2.3@egg-security/app/extend/application.js",
    "start": 1535468248981,
    "end": 1535468248982,
    "duration": 1,
    "pid": 17876,
    "index": 27
  },
  {
    "name": "Require(24) node_modules/_egg-jsonp@2.0.0@egg-jsonp/app/extend/application.js",
    "start": 1535468248983,
    "end": 1535468248986,
    "duration": 3,
    "pid": 17876,
    "index": 28
  },
  {
    "name": "Require(25) node_modules/_egg-logrotator@3.0.3@egg-logrotator/app/extend/application.js",
    "start": 1535468248988,
    "end": 1535468248996,
    "duration": 8,
    "pid": 17876,
    "index": 29
  },
  {
    "name": "Require(26) node_modules/_egg-view@2.1.0@egg-view/app/extend/application.js",
    "start": 1535468248997,
    "end": 1535468249001,
    "duration": 4,
    "pid": 17876,
    "index": 30
  },
  {
    "name": "Load extend/request.js",
    "start": 1535468249011,
    "end": 1535468249022,
    "duration": 11,
    "pid": 17876,
    "index": 31
  },
  {
    "name": "Require(27) node_modules/_egg@2.10.0@egg/app/extend/request.js",
    "start": 1535468249015,
    "end": 1535468249018,
    "duration": 3,
    "pid": 17876,
    "index": 32
  },
  {
    "name": "Load extend/response.js",
    "start": 1535468249022,
    "end": 1535468249036,
    "duration": 14,
    "pid": 17876,
    "index": 33
  },
  {
    "name": "Require(28) node_modules/_egg@2.10.0@egg/app/extend/response.js",
    "start": 1535468249027,
    "end": 1535468249032,
    "duration": 5,
    "pid": 17876,
    "index": 34
  },
  {
    "name": "Load extend/context.js",
    "start": 1535468249036,
    "end": 1535468249149,
    "duration": 113,
    "pid": 17876,
    "index": 35
  },
  {
    "name": "Require(29) node_modules/_egg-security@2.2.3@egg-security/app/extend/context.js",
    "start": 1535468249037,
    "end": 1535468249058,
    "duration": 21,
    "pid": 17876,
    "index": 36
  },
  {
    "name": "Require(30) node_modules/_egg-jsonp@2.0.0@egg-jsonp/app/extend/context.js",
    "start": 1535468249059,
    "end": 1535468249062,
    "duration": 3,
    "pid": 17876,
    "index": 37
  },
  {
    "name": "Require(31) node_modules/_egg-i18n@2.0.0@egg-i18n/app/extend/context.js",
    "start": 1535468249062,
    "end": 1535468249063,
    "duration": 1,
    "pid": 17876,
    "index": 38
  },
  {
    "name": "Require(32) node_modules/_egg-multipart@2.1.0@egg-multipart/app/extend/context.js",
    "start": 1535468249063,
    "end": 1535468249133,
    "duration": 70,
    "pid": 17876,
    "index": 39
  },
  {
    "name": "Require(33) node_modules/_egg-view@2.1.0@egg-view/app/extend/context.js",
    "start": 1535468249135,
    "end": 1535468249138,
    "duration": 3,
    "pid": 17876,
    "index": 40
  },
  {
    "name": "Require(34) node_modules/_egg@2.10.0@egg/app/extend/context.js",
    "start": 1535468249139,
    "end": 1535468249144,
    "duration": 5,
    "pid": 17876,
    "index": 41
  },
  {
    "name": "Load extend/helper.js",
    "start": 1535468249149,
    "end": 1535468249181,
    "duration": 32,
    "pid": 17876,
    "index": 42
  },
  {
    "name": "Require(35) node_modules/_egg-security@2.2.3@egg-security/app/extend/helper.js",
    "start": 1535468249150,
    "end": 1535468249172,
    "duration": 22,
    "pid": 17876,
    "index": 43
  },
  {
    "name": "Require(36) node_modules/_egg@2.10.0@egg/app/extend/helper.js",
    "start": 1535468249177,
    "end": 1535468249177,
    "duration": 0,
    "pid": 17876,
    "index": 44
  },
  {
    "name": "Load app.js",
    "start": 1535468249181,
    "end": 1535468249458,
    "duration": 277,
    "pid": 17876,
    "index": 45
  },
  {
    "name": "Require(37) node_modules/_egg-session@3.1.0@egg-session/app.js",
    "start": 1535468249182,
    "end": 1535468249182,
    "duration": 0,
    "pid": 17876,
    "index": 46
  },
  {
    "name": "Require(38) node_modules/_egg-security@2.2.3@egg-security/app.js",
    "start": 1535468249183,
    "end": 1535468249186,
    "duration": 3,
    "pid": 17876,
    "index": 47
  },
  {
    "name": "Require(39) node_modules/_egg-onerror@2.1.0@egg-onerror/app.js",
    "start": 1535468249187,
    "end": 1535468249202,
    "duration": 15,
    "pid": 17876,
    "index": 48
  },
  {
    "name": "Require(40) node_modules/_egg-i18n@2.0.0@egg-i18n/app.js",
    "start": 1535468249203,
    "end": 1535468249214,
    "duration": 11,
    "pid": 17876,
    "index": 49
  },
  {
    "name": "Require(41) node_modules/_egg-watcher@3.0.0@egg-watcher/app.js",
    "start": 1535468249219,
    "end": 1535468249225,
    "duration": 6,
    "pid": 17876,
    "index": 50
  },
  {
    "name": "Before Start in node_modules/_egg-watcher@3.0.0@egg-watcher/app.js:15:7",
    "start": 1535468249236,
    "end": 1535468249689,
    "duration": 453,
    "pid": 17876,
    "index": 51
  },
  {
    "name": "Require(42) node_modules/_egg-multipart@2.1.0@egg-multipart/app.js",
    "start": 1535468249238,
    "end": 1535468249242,
    "duration": 4,
    "pid": 17876,
    "index": 52
  },
  {
    "name": "Require(43) node_modules/_egg-development@2.4.1@egg-development/app.js",
    "start": 1535468249243,
    "end": 1535468249243,
    "duration": 0,
    "pid": 17876,
    "index": 53
  },
  {
    "name": "Require(44) node_modules/_egg-schedule@3.3.0@egg-schedule/app.js",
    "start": 1535468249244,
    "end": 1535468249247,
    "duration": 3,
    "pid": 17876,
    "index": 54
  },
  {
    "name": "Require(45) node_modules/_egg-logrotator@3.0.3@egg-logrotator/app.js",
    "start": 1535468249297,
    "end": 1535468249297,
    "duration": 0,
    "pid": 17876,
    "index": 55
  },
  {
    "name": "Require(46) node_modules/_egg-static@2.1.1@egg-static/app.js",
    "start": 1535468249298,
    "end": 1535468249298,
    "duration": 0,
    "pid": 17876,
    "index": 56
  },
  {
    "name": "Require(47) node_modules/_egg-view-ejs@2.0.0@egg-view-ejs/app.js",
    "start": 1535468249299,
    "end": 1535468249299,
    "duration": 0,
    "pid": 17876,
    "index": 57
  },
  {
    "name": "Require(48) node_modules/_egg-mysql@3.0.0@egg-mysql/app.js",
    "start": 1535468249306,
    "end": 1535468249332,
    "duration": 26,
    "pid": 17876,
    "index": 58
  },
  {
    "name": "Before Start in node_modules/_egg-mysql@3.0.0@egg-mysql/lib/mysql.js:20:7",
    "start": 1535468249456,
    "end": 1535468249694,
    "duration": 238,
    "pid": 17876,
    "index": 59
  },
  {
    "name": "Load Service",
    "start": 1535468249458,
    "end": 1535468249465,
    "duration": 7,
    "pid": 17876,
    "index": 60
  },
  {
    "name": "Load \"service\" to Context",
    "start": 1535468249458,
    "end": 1535468249465,
    "duration": 7,
    "pid": 17876,
    "index": 61
  },
  {
    "name": "Load Middleware",
    "start": 1535468249465,
    "end": 1535468249619,
    "duration": 154,
    "pid": 17876,
    "index": 62
  },
  {
    "name": "Load \"middlewares\" to Application",
    "start": 1535468249465,
    "end": 1535468249600,
    "duration": 135,
    "pid": 17876,
    "index": 63
  },
  {
    "name": "Load Controller",
    "start": 1535468249619,
    "end": 1535468249623,
    "duration": 4,
    "pid": 17876,
    "index": 64
  },
  {
    "name": "Load \"controller\" to Application",
    "start": 1535468249619,
    "end": 1535468249623,
    "duration": 4,
    "pid": 17876,
    "index": 65
  },
  {
    "name": "Load Router",
    "start": 1535468249623,
    "end": 1535468249627,
    "duration": 4,
    "pid": 17876,
    "index": 66
  },
  {
    "name": "Require(49) app/router.js",
    "start": 1535468249624,
    "end": 1535468249624,
    "duration": 0,
    "pid": 17876,
    "index": 67
  },
  {
    "name": "Before Start in node_modules/_egg-core@4.9.1@egg-core/lib/egg.js:328:10",
    "start": 1535468249625,
    "end": 1535468249652,
    "duration": 27,
    "pid": 17876,
    "index": 68
  }
]