[
  {
    "name": "Application Start",
    "start": 1535453732199,
    "end": 1535453733321,
    "duration": 1122,
    "pid": 16144,
    "index": 0
  },
  {
    "name": "Load Plugin",
    "start": 1535453732214,
    "end": 1535453732271,
    "duration": 57,
    "pid": 16144,
    "index": 1
  },
  {
    "name": "Load Config",
    "start": 1535453732271,
    "end": 1535453732330,
    "duration": 59,
    "pid": 16144,
    "index": 2
  },
  {
    "name": "Require(0) config/config.default.js",
    "start": 1535453732273,
    "end": 1535453732273,
    "duration": 0,
    "pid": 16144,
    "index": 3
  },
  {
    "name": "Require(1) node_modules/_egg-session@3.1.0@egg-session/config/config.default.js",
    "start": 1535453732276,
    "end": 1535453732278,
    "duration": 2,
    "pid": 16144,
    "index": 4
  },
  {
    "name": "Require(2) node_modules/_egg-security@2.2.3@egg-security/config/config.default.js",
    "start": 1535453732279,
    "end": 1535453732280,
    "duration": 1,
    "pid": 16144,
    "index": 5
  },
  {
    "name": "Require(3) node_modules/_egg-jsonp@2.0.0@egg-jsonp/config/config.default.js",
    "start": 1535453732285,
    "end": 1535453732286,
    "duration": 1,
    "pid": 16144,
    "index": 6
  },
  {
    "name": "Require(4) node_modules/_egg-onerror@2.1.0@egg-onerror/config/config.default.js",
    "start": 1535453732287,
    "end": 1535453732288,
    "duration": 1,
    "pid": 16144,
    "index": 7
  },
  {
    "name": "Require(5) node_modules/_egg-i18n@2.0.0@egg-i18n/config/config.default.js",
    "start": 1535453732289,
    "end": 1535453732290,
    "duration": 1,
    "pid": 16144,
    "index": 8
  },
  {
    "name": "Require(6) node_modules/_egg-watcher@3.0.0@egg-watcher/config/config.default.js",
    "start": 1535453732291,
    "end": 1535453732292,
    "duration": 1,
    "pid": 16144,
    "index": 9
  },
  {
    "name": "Require(7) node_modules/_egg-multipart@2.1.0@egg-multipart/config/config.default.js",
    "start": 1535453732294,
    "end": 1535453732295,
    "duration": 1,
    "pid": 16144,
    "index": 10
  },
  {
    "name": "Require(8) node_modules/_egg-development@2.4.1@egg-development/config/config.default.js",
    "start": 1535453732296,
    "end": 1535453732296,
    "duration": 0,
    "pid": 16144,
    "index": 11
  },
  {
    "name": "Require(9) node_modules/_egg-schedule@3.3.0@egg-schedule/config/config.default.js",
    "start": 1535453732297,
    "end": 1535453732298,
    "duration": 1,
    "pid": 16144,
    "index": 12
  },
  {
    "name": "Require(10) node_modules/_egg-logrotator@3.0.3@egg-logrotator/config/config.default.js",
    "start": 1535453732299,
    "end": 1535453732300,
    "duration": 1,
    "pid": 16144,
    "index": 13
  },
  {
    "name": "Require(11) node_modules/_egg-static@2.1.1@egg-static/config/config.default.js",
    "start": 1535453732301,
    "end": 1535453732302,
    "duration": 1,
    "pid": 16144,
    "index": 14
  },
  {
    "name": "Require(12) node_modules/_egg-view@2.1.0@egg-view/config/config.default.js",
    "start": 1535453732305,
    "end": 1535453732305,
    "duration": 0,
    "pid": 16144,
    "index": 15
  },
  {
    "name": "Require(13) node_modules/_egg-view-ejs@2.0.0@egg-view-ejs/config/config.default.js",
    "start": 1535453732307,
    "end": 1535453732307,
    "duration": 0,
    "pid": 16144,
    "index": 16
  },
  {
    "name": "Require(14) node_modules/_egg-mysql@3.0.0@egg-mysql/config/config.default.js",
    "start": 1535453732309,
    "end": 1535453732309,
    "duration": 0,
    "pid": 16144,
    "index": 17
  },
  {
    "name": "Require(15) node_modules/_egg@2.10.0@egg/config/config.default.js",
    "start": 1535453732310,
    "end": 1535453732312,
    "duration": 2,
    "pid": 16144,
    "index": 18
  },
  {
    "name": "Require(16) config/config.default.js",
    "start": 1535453732314,
    "end": 1535453732315,
    "duration": 1,
    "pid": 16144,
    "index": 19
  },
  {
    "name": "Require(17) node_modules/_egg-security@2.2.3@egg-security/config/config.local.js",
    "start": 1535453732316,
    "end": 1535453732317,
    "duration": 1,
    "pid": 16144,
    "index": 20
  },
  {
    "name": "Require(18) node_modules/_egg-watcher@3.0.0@egg-watcher/config/config.local.js",
    "start": 1535453732319,
    "end": 1535453732319,
    "duration": 0,
    "pid": 16144,
    "index": 21
  },
  {
    "name": "Require(19) node_modules/_egg-view@2.1.0@egg-view/config/config.local.js",
    "start": 1535453732323,
    "end": 1535453732323,
    "duration": 0,
    "pid": 16144,
    "index": 22
  },
  {
    "name": "Require(20) node_modules/_egg-view-ejs@2.0.0@egg-view-ejs/config/config.local.js",
    "start": 1535453732324,
    "end": 1535453732325,
    "duration": 1,
    "pid": 16144,
    "index": 23
  },
  {
    "name": "Require(21) node_modules/_egg@2.10.0@egg/config/config.local.js",
    "start": 1535453732329,
    "end": 1535453732329,
    "duration": 0,
    "pid": 16144,
    "index": 24
  },
  {
    "name": "Load extend/application.js",
    "start": 1535453732332,
    "end": 1535453732379,
    "duration": 47,
    "pid": 16144,
    "index": 25
  },
  {
    "name": "Require(22) node_modules/_egg-session@3.1.0@egg-session/app/extend/application.js",
    "start": 1535453732334,
    "end": 1535453732335,
    "duration": 1,
    "pid": 16144,
    "index": 26
  },
  {
    "name": "Require(23) node_modules/_egg-security@2.2.3@egg-security/app/extend/application.js",
    "start": 1535453732336,
    "end": 1535453732338,
    "duration": 2,
    "pid": 16144,
    "index": 27
  },
  {
    "name": "Require(24) node_modules/_egg-jsonp@2.0.0@egg-jsonp/app/extend/application.js",
    "start": 1535453732339,
    "end": 1535453732343,
    "duration": 4,
    "pid": 16144,
    "index": 28
  },
  {
    "name": "Require(25) node_modules/_egg-logrotator@3.0.3@egg-logrotator/app/extend/application.js",
    "start": 1535453732348,
    "end": 1535453732354,
    "duration": 6,
    "pid": 16144,
    "index": 29
  },
  {
    "name": "Require(26) node_modules/_egg-view@2.1.0@egg-view/app/extend/application.js",
    "start": 1535453732355,
    "end": 1535453732360,
    "duration": 5,
    "pid": 16144,
    "index": 30
  },
  {
    "name": "Load extend/request.js",
    "start": 1535453732379,
    "end": 1535453732407,
    "duration": 28,
    "pid": 16144,
    "index": 31
  },
  {
    "name": "Require(27) node_modules/_egg@2.10.0@egg/app/extend/request.js",
    "start": 1535453732394,
    "end": 1535453732399,
    "duration": 5,
    "pid": 16144,
    "index": 32
  },
  {
    "name": "Load extend/response.js",
    "start": 1535453732408,
    "end": 1535453732444,
    "duration": 36,
    "pid": 16144,
    "index": 33
  },
  {
    "name": "Require(28) node_modules/_egg@2.10.0@egg/app/extend/response.js",
    "start": 1535453732414,
    "end": 1535453732435,
    "duration": 21,
    "pid": 16144,
    "index": 34
  },
  {
    "name": "Load extend/context.js",
    "start": 1535453732444,
    "end": 1535453732626,
    "duration": 182,
    "pid": 16144,
    "index": 35
  },
  {
    "name": "Require(29) node_modules/_egg-security@2.2.3@egg-security/app/extend/context.js",
    "start": 1535453732445,
    "end": 1535453732486,
    "duration": 41,
    "pid": 16144,
    "index": 36
  },
  {
    "name": "Require(30) node_modules/_egg-jsonp@2.0.0@egg-jsonp/app/extend/context.js",
    "start": 1535453732486,
    "end": 1535453732490,
    "duration": 4,
    "pid": 16144,
    "index": 37
  },
  {
    "name": "Require(31) node_modules/_egg-i18n@2.0.0@egg-i18n/app/extend/context.js",
    "start": 1535453732491,
    "end": 1535453732492,
    "duration": 1,
    "pid": 16144,
    "index": 38
  },
  {
    "name": "Require(32) node_modules/_egg-multipart@2.1.0@egg-multipart/app/extend/context.js",
    "start": 1535453732493,
    "end": 1535453732610,
    "duration": 117,
    "pid": 16144,
    "index": 39
  },
  {
    "name": "Require(33) node_modules/_egg-view@2.1.0@egg-view/app/extend/context.js",
    "start": 1535453732612,
    "end": 1535453732614,
    "duration": 2,
    "pid": 16144,
    "index": 40
  },
  {
    "name": "Require(34) node_modules/_egg@2.10.0@egg/app/extend/context.js",
    "start": 1535453732616,
    "end": 1535453732619,
    "duration": 3,
    "pid": 16144,
    "index": 41
  },
  {
    "name": "Load extend/helper.js",
    "start": 1535453732627,
    "end": 1535453732679,
    "duration": 52,
    "pid": 16144,
    "index": 42
  },
  {
    "name": "Require(35) node_modules/_egg-security@2.2.3@egg-security/app/extend/helper.js",
    "start": 1535453732628,
    "end": 1535453732666,
    "duration": 38,
    "pid": 16144,
    "index": 43
  },
  {
    "name": "Require(36) node_modules/_egg@2.10.0@egg/app/extend/helper.js",
    "start": 1535453732672,
    "end": 1535453732672,
    "duration": 0,
    "pid": 16144,
    "index": 44
  },
  {
    "name": "Load app.js",
    "start": 1535453732679,
    "end": 1535453733047,
    "duration": 368,
    "pid": 16144,
    "index": 45
  },
  {
    "name": "Require(37) node_modules/_egg-session@3.1.0@egg-session/app.js",
    "start": 1535453732680,
    "end": 1535453732681,
    "duration": 1,
    "pid": 16144,
    "index": 46
  },
  {
    "name": "Require(38) node_modules/_egg-security@2.2.3@egg-security/app.js",
    "start": 1535453732682,
    "end": 1535453732687,
    "duration": 5,
    "pid": 16144,
    "index": 47
  },
  {
    "name": "Require(39) node_modules/_egg-onerror@2.1.0@egg-onerror/app.js",
    "start": 1535453732689,
    "end": 1535453732710,
    "duration": 21,
    "pid": 16144,
    "index": 48
  },
  {
    "name": "Require(40) node_modules/_egg-i18n@2.0.0@egg-i18n/app.js",
    "start": 1535453732713,
    "end": 1535453732735,
    "duration": 22,
    "pid": 16144,
    "index": 49
  },
  {
    "name": "Require(41) node_modules/_egg-watcher@3.0.0@egg-watcher/app.js",
    "start": 1535453732742,
    "end": 1535453732749,
    "duration": 7,
    "pid": 16144,
    "index": 50
  },
  {
    "name": "Before Start in node_modules/_egg-watcher@3.0.0@egg-watcher/app.js:15:7",
    "start": 1535453732765,
    "end": 1535453733307,
    "duration": 542,
    "pid": 16144,
    "index": 51
  },
  {
    "name": "Require(42) node_modules/_egg-multipart@2.1.0@egg-multipart/app.js",
    "start": 1535453732768,
    "end": 1535453732778,
    "duration": 10,
    "pid": 16144,
    "index": 52
  },
  {
    "name": "Require(43) node_modules/_egg-development@2.4.1@egg-development/app.js",
    "start": 1535453732781,
    "end": 1535453732781,
    "duration": 0,
    "pid": 16144,
    "index": 53
  },
  {
    "name": "Require(44) node_modules/_egg-schedule@3.3.0@egg-schedule/app.js",
    "start": 1535453732782,
    "end": 1535453732786,
    "duration": 4,
    "pid": 16144,
    "index": 54
  },
  {
    "name": "Require(45) node_modules/_egg-logrotator@3.0.3@egg-logrotator/app.js",
    "start": 1535453732867,
    "end": 1535453732868,
    "duration": 1,
    "pid": 16144,
    "index": 55
  },
  {
    "name": "Require(46) node_modules/_egg-static@2.1.1@egg-static/app.js",
    "start": 1535453732869,
    "end": 1535453732869,
    "duration": 0,
    "pid": 16144,
    "index": 56
  },
  {
    "name": "Require(47) node_modules/_egg-view-ejs@2.0.0@egg-view-ejs/app.js",
    "start": 1535453732871,
    "end": 1535453732872,
    "duration": 1,
    "pid": 16144,
    "index": 57
  },
  {
    "name": "Require(48) node_modules/_egg-mysql@3.0.0@egg-mysql/app.js",
    "start": 1535453732880,
    "end": 1535453732915,
    "duration": 35,
    "pid": 16144,
    "index": 58
  },
  {
    "name": "Before Start in node_modules/_egg-mysql@3.0.0@egg-mysql/lib/mysql.js:20:7",
    "start": 1535453733045,
    "end": 1535453733321,
    "duration": 276,
    "pid": 16144,
    "index": 59
  },
  {
    "name": "Load Service",
    "start": 1535453733048,
    "end": 1535453733058,
    "duration": 10,
    "pid": 16144,
    "index": 60
  },
  {
    "name": "Load \"service\" to Context",
    "start": 1535453733048,
    "end": 1535453733058,
    "duration": 10,
    "pid": 16144,
    "index": 61
  },
  {
    "name": "Load Middleware",
    "start": 1535453733059,
    "end": 1535453733246,
    "duration": 187,
    "pid": 16144,
    "index": 62
  },
  {
    "name": "Load \"middlewares\" to Application",
    "start": 1535453733059,
    "end": 1535453733223,
    "duration": 164,
    "pid": 16144,
    "index": 63
  },
  {
    "name": "Load Controller",
    "start": 1535453733247,
    "end": 1535453733251,
    "duration": 4,
    "pid": 16144,
    "index": 64
  },
  {
    "name": "Load \"controller\" to Application",
    "start": 1535453733247,
    "end": 1535453733251,
    "duration": 4,
    "pid": 16144,
    "index": 65
  },
  {
    "name": "Load Router",
    "start": 1535453733251,
    "end": 1535453733256,
    "duration": 5,
    "pid": 16144,
    "index": 66
  },
  {
    "name": "Require(49) app/router.js",
    "start": 1535453733252,
    "end": 1535453733253,
    "duration": 1,
    "pid": 16144,
    "index": 67
  },
  {
    "name": "Before Start in node_modules/_egg-core@4.9.1@egg-core/lib/egg.js:328:10",
    "start": 1535453733254,
    "end": 1535453733284,
    "duration": 30,
    "pid": 16144,
    "index": 68
  }
]