[
  {
    "name": "Application Start",
    "start": 1535467794230,
    "end": 1535467794988,
    "duration": 758,
    "pid": 12776,
    "index": 0
  },
  {
    "name": "Load Plugin",
    "start": 1535467794238,
    "end": 1535467794271,
    "duration": 33,
    "pid": 12776,
    "index": 1
  },
  {
    "name": "Load Config",
    "start": 1535467794271,
    "end": 1535467794307,
    "duration": 36,
    "pid": 12776,
    "index": 2
  },
  {
    "name": "Require(0) config/config.default.js",
    "start": 1535467794272,
    "end": 1535467794273,
    "duration": 1,
    "pid": 12776,
    "index": 3
  },
  {
    "name": "Require(1) node_modules/_egg-session@3.1.0@egg-session/config/config.default.js",
    "start": 1535467794275,
    "end": 1535467794275,
    "duration": 0,
    "pid": 12776,
    "index": 4
  },
  {
    "name": "Require(2) node_modules/_egg-security@2.2.3@egg-security/config/config.default.js",
    "start": 1535467794276,
    "end": 1535467794276,
    "duration": 0,
    "pid": 12776,
    "index": 5
  },
  {
    "name": "Require(3) node_modules/_egg-jsonp@2.0.0@egg-jsonp/config/config.default.js",
    "start": 1535467794278,
    "end": 1535467794278,
    "duration": 0,
    "pid": 12776,
    "index": 6
  },
  {
    "name": "Require(4) node_modules/_egg-onerror@2.1.0@egg-onerror/config/config.default.js",
    "start": 1535467794279,
    "end": 1535467794280,
    "duration": 1,
    "pid": 12776,
    "index": 7
  },
  {
    "name": "Require(5) node_modules/_egg-i18n@2.0.0@egg-i18n/config/config.default.js",
    "start": 1535467794280,
    "end": 1535467794281,
    "duration": 1,
    "pid": 12776,
    "index": 8
  },
  {
    "name": "Require(6) node_modules/_egg-watcher@3.0.0@egg-watcher/config/config.default.js",
    "start": 1535467794282,
    "end": 1535467794282,
    "duration": 0,
    "pid": 12776,
    "index": 9
  },
  {
    "name": "Require(7) node_modules/_egg-multipart@2.1.0@egg-multipart/config/config.default.js",
    "start": 1535467794283,
    "end": 1535467794283,
    "duration": 0,
    "pid": 12776,
    "index": 10
  },
  {
    "name": "Require(8) node_modules/_egg-development@2.4.1@egg-development/config/config.default.js",
    "start": 1535467794284,
    "end": 1535467794284,
    "duration": 0,
    "pid": 12776,
    "index": 11
  },
  {
    "name": "Require(9) node_modules/_egg-schedule@3.3.0@egg-schedule/config/config.default.js",
    "start": 1535467794285,
    "end": 1535467794285,
    "duration": 0,
    "pid": 12776,
    "index": 12
  },
  {
    "name": "Require(10) node_modules/_egg-logrotator@3.0.3@egg-logrotator/config/config.default.js",
    "start": 1535467794286,
    "end": 1535467794286,
    "duration": 0,
    "pid": 12776,
    "index": 13
  },
  {
    "name": "Require(11) node_modules/_egg-static@2.1.1@egg-static/config/config.default.js",
    "start": 1535467794287,
    "end": 1535467794287,
    "duration": 0,
    "pid": 12776,
    "index": 14
  },
  {
    "name": "Require(12) node_modules/_egg-view@2.1.0@egg-view/config/config.default.js",
    "start": 1535467794288,
    "end": 1535467794289,
    "duration": 1,
    "pid": 12776,
    "index": 15
  },
  {
    "name": "Require(13) node_modules/_egg-view-ejs@2.0.0@egg-view-ejs/config/config.default.js",
    "start": 1535467794289,
    "end": 1535467794290,
    "duration": 1,
    "pid": 12776,
    "index": 16
  },
  {
    "name": "Require(14) node_modules/_egg-mysql@3.0.0@egg-mysql/config/config.default.js",
    "start": 1535467794290,
    "end": 1535467794291,
    "duration": 1,
    "pid": 12776,
    "index": 17
  },
  {
    "name": "Require(15) node_modules/_egg@2.10.0@egg/config/config.default.js",
    "start": 1535467794291,
    "end": 1535467794292,
    "duration": 1,
    "pid": 12776,
    "index": 18
  },
  {
    "name": "Require(16) config/config.default.js",
    "start": 1535467794294,
    "end": 1535467794295,
    "duration": 1,
    "pid": 12776,
    "index": 19
  },
  {
    "name": "Require(17) node_modules/_egg-security@2.2.3@egg-security/config/config.local.js",
    "start": 1535467794296,
    "end": 1535467794296,
    "duration": 0,
    "pid": 12776,
    "index": 20
  },
  {
    "name": "Require(18) node_modules/_egg-watcher@3.0.0@egg-watcher/config/config.local.js",
    "start": 1535467794298,
    "end": 1535467794298,
    "duration": 0,
    "pid": 12776,
    "index": 21
  },
  {
    "name": "Require(19) node_modules/_egg-view@2.1.0@egg-view/config/config.local.js",
    "start": 1535467794301,
    "end": 1535467794301,
    "duration": 0,
    "pid": 12776,
    "index": 22
  },
  {
    "name": "Require(20) node_modules/_egg-view-ejs@2.0.0@egg-view-ejs/config/config.local.js",
    "start": 1535467794302,
    "end": 1535467794302,
    "duration": 0,
    "pid": 12776,
    "index": 23
  },
  {
    "name": "Require(21) node_modules/_egg@2.10.0@egg/config/config.local.js",
    "start": 1535467794303,
    "end": 1535467794307,
    "duration": 4,
    "pid": 12776,
    "index": 24
  },
  {
    "name": "Load extend/application.js",
    "start": 1535467794309,
    "end": 1535467794335,
    "duration": 26,
    "pid": 12776,
    "index": 25
  },
  {
    "name": "Require(22) node_modules/_egg-session@3.1.0@egg-session/app/extend/application.js",
    "start": 1535467794310,
    "end": 1535467794310,
    "duration": 0,
    "pid": 12776,
    "index": 26
  },
  {
    "name": "Require(23) node_modules/_egg-security@2.2.3@egg-security/app/extend/application.js",
    "start": 1535467794311,
    "end": 1535467794313,
    "duration": 2,
    "pid": 12776,
    "index": 27
  },
  {
    "name": "Require(24) node_modules/_egg-jsonp@2.0.0@egg-jsonp/app/extend/application.js",
    "start": 1535467794314,
    "end": 1535467794317,
    "duration": 3,
    "pid": 12776,
    "index": 28
  },
  {
    "name": "Require(25) node_modules/_egg-logrotator@3.0.3@egg-logrotator/app/extend/application.js",
    "start": 1535467794319,
    "end": 1535467794327,
    "duration": 8,
    "pid": 12776,
    "index": 29
  },
  {
    "name": "Require(26) node_modules/_egg-view@2.1.0@egg-view/app/extend/application.js",
    "start": 1535467794328,
    "end": 1535467794330,
    "duration": 2,
    "pid": 12776,
    "index": 30
  },
  {
    "name": "Load extend/request.js",
    "start": 1535467794336,
    "end": 1535467794347,
    "duration": 11,
    "pid": 12776,
    "index": 31
  },
  {
    "name": "Require(27) node_modules/_egg@2.10.0@egg/app/extend/request.js",
    "start": 1535467794339,
    "end": 1535467794342,
    "duration": 3,
    "pid": 12776,
    "index": 32
  },
  {
    "name": "Load extend/response.js",
    "start": 1535467794347,
    "end": 1535467794358,
    "duration": 11,
    "pid": 12776,
    "index": 33
  },
  {
    "name": "Require(28) node_modules/_egg@2.10.0@egg/app/extend/response.js",
    "start": 1535467794351,
    "end": 1535467794354,
    "duration": 3,
    "pid": 12776,
    "index": 34
  },
  {
    "name": "Load extend/context.js",
    "start": 1535467794358,
    "end": 1535467794448,
    "duration": 90,
    "pid": 12776,
    "index": 35
  },
  {
    "name": "Require(29) node_modules/_egg-security@2.2.3@egg-security/app/extend/context.js",
    "start": 1535467794359,
    "end": 1535467794378,
    "duration": 19,
    "pid": 12776,
    "index": 36
  },
  {
    "name": "Require(30) node_modules/_egg-jsonp@2.0.0@egg-jsonp/app/extend/context.js",
    "start": 1535467794378,
    "end": 1535467794380,
    "duration": 2,
    "pid": 12776,
    "index": 37
  },
  {
    "name": "Require(31) node_modules/_egg-i18n@2.0.0@egg-i18n/app/extend/context.js",
    "start": 1535467794381,
    "end": 1535467794381,
    "duration": 0,
    "pid": 12776,
    "index": 38
  },
  {
    "name": "Require(32) node_modules/_egg-multipart@2.1.0@egg-multipart/app/extend/context.js",
    "start": 1535467794382,
    "end": 1535467794436,
    "duration": 54,
    "pid": 12776,
    "index": 39
  },
  {
    "name": "Require(33) node_modules/_egg-view@2.1.0@egg-view/app/extend/context.js",
    "start": 1535467794437,
    "end": 1535467794439,
    "duration": 2,
    "pid": 12776,
    "index": 40
  },
  {
    "name": "Require(34) node_modules/_egg@2.10.0@egg/app/extend/context.js",
    "start": 1535467794440,
    "end": 1535467794443,
    "duration": 3,
    "pid": 12776,
    "index": 41
  },
  {
    "name": "Load extend/helper.js",
    "start": 1535467794448,
    "end": 1535467794485,
    "duration": 37,
    "pid": 12776,
    "index": 42
  },
  {
    "name": "Require(35) node_modules/_egg-security@2.2.3@egg-security/app/extend/helper.js",
    "start": 1535467794449,
    "end": 1535467794475,
    "duration": 26,
    "pid": 12776,
    "index": 43
  },
  {
    "name": "Require(36) node_modules/_egg@2.10.0@egg/app/extend/helper.js",
    "start": 1535467794479,
    "end": 1535467794479,
    "duration": 0,
    "pid": 12776,
    "index": 44
  },
  {
    "name": "Load app.js",
    "start": 1535467794485,
    "end": 1535467794766,
    "duration": 281,
    "pid": 12776,
    "index": 45
  },
  {
    "name": "Require(37) node_modules/_egg-session@3.1.0@egg-session/app.js",
    "start": 1535467794486,
    "end": 1535467794486,
    "duration": 0,
    "pid": 12776,
    "index": 46
  },
  {
    "name": "Require(38) node_modules/_egg-security@2.2.3@egg-security/app.js",
    "start": 1535467794487,
    "end": 1535467794490,
    "duration": 3,
    "pid": 12776,
    "index": 47
  },
  {
    "name": "Require(39) node_modules/_egg-onerror@2.1.0@egg-onerror/app.js",
    "start": 1535467794492,
    "end": 1535467794507,
    "duration": 15,
    "pid": 12776,
    "index": 48
  },
  {
    "name": "Require(40) node_modules/_egg-i18n@2.0.0@egg-i18n/app.js",
    "start": 1535467794509,
    "end": 1535467794521,
    "duration": 12,
    "pid": 12776,
    "index": 49
  },
  {
    "name": "Require(41) node_modules/_egg-watcher@3.0.0@egg-watcher/app.js",
    "start": 1535467794526,
    "end": 1535467794533,
    "duration": 7,
    "pid": 12776,
    "index": 50
  },
  {
    "name": "Before Start in node_modules/_egg-watcher@3.0.0@egg-watcher/app.js:15:7",
    "start": 1535467794544,
    "end": 1535467794984,
    "duration": 440,
    "pid": 12776,
    "index": 51
  },
  {
    "name": "Require(42) node_modules/_egg-multipart@2.1.0@egg-multipart/app.js",
    "start": 1535467794545,
    "end": 1535467794551,
    "duration": 6,
    "pid": 12776,
    "index": 52
  },
  {
    "name": "Require(43) node_modules/_egg-development@2.4.1@egg-development/app.js",
    "start": 1535467794552,
    "end": 1535467794552,
    "duration": 0,
    "pid": 12776,
    "index": 53
  },
  {
    "name": "Require(44) node_modules/_egg-schedule@3.3.0@egg-schedule/app.js",
    "start": 1535467794553,
    "end": 1535467794556,
    "duration": 3,
    "pid": 12776,
    "index": 54
  },
  {
    "name": "Require(45) node_modules/_egg-logrotator@3.0.3@egg-logrotator/app.js",
    "start": 1535467794607,
    "end": 1535467794607,
    "duration": 0,
    "pid": 12776,
    "index": 55
  },
  {
    "name": "Require(46) node_modules/_egg-static@2.1.1@egg-static/app.js",
    "start": 1535467794608,
    "end": 1535467794608,
    "duration": 0,
    "pid": 12776,
    "index": 56
  },
  {
    "name": "Require(47) node_modules/_egg-view-ejs@2.0.0@egg-view-ejs/app.js",
    "start": 1535467794609,
    "end": 1535467794610,
    "duration": 1,
    "pid": 12776,
    "index": 57
  },
  {
    "name": "Require(48) node_modules/_egg-mysql@3.0.0@egg-mysql/app.js",
    "start": 1535467794618,
    "end": 1535467794644,
    "duration": 26,
    "pid": 12776,
    "index": 58
  },
  {
    "name": "Before Start in node_modules/_egg-mysql@3.0.0@egg-mysql/lib/mysql.js:20:7",
    "start": 1535467794764,
    "end": 1535467794988,
    "duration": 224,
    "pid": 12776,
    "index": 59
  },
  {
    "name": "Load Service",
    "start": 1535467794766,
    "end": 1535467794774,
    "duration": 8,
    "pid": 12776,
    "index": 60
  },
  {
    "name": "Load \"service\" to Context",
    "start": 1535467794766,
    "end": 1535467794774,
    "duration": 8,
    "pid": 12776,
    "index": 61
  },
  {
    "name": "Load Middleware",
    "start": 1535467794775,
    "end": 1535467794926,
    "duration": 151,
    "pid": 12776,
    "index": 62
  },
  {
    "name": "Load \"middlewares\" to Application",
    "start": 1535467794775,
    "end": 1535467794905,
    "duration": 130,
    "pid": 12776,
    "index": 63
  },
  {
    "name": "Load Controller",
    "start": 1535467794926,
    "end": 1535467794930,
    "duration": 4,
    "pid": 12776,
    "index": 64
  },
  {
    "name": "Load \"controller\" to Application",
    "start": 1535467794927,
    "end": 1535467794930,
    "duration": 3,
    "pid": 12776,
    "index": 65
  },
  {
    "name": "Load Router",
    "start": 1535467794930,
    "end": 1535467794935,
    "duration": 5,
    "pid": 12776,
    "index": 66
  },
  {
    "name": "Require(49) app/router.js",
    "start": 1535467794931,
    "end": 1535467794931,
    "duration": 0,
    "pid": 12776,
    "index": 67
  },
  {
    "name": "Before Start in node_modules/_egg-core@4.9.1@egg-core/lib/egg.js:328:10",
    "start": 1535467794932,
    "end": 1535467794963,
    "duration": 31,
    "pid": 12776,
    "index": 68
  }
]