[
  {
    "name": "Application Start",
    "start": 1535452224407,
    "end": 1535452225667,
    "duration": 1260,
    "pid": 2564,
    "index": 0
  },
  {
    "name": "Load Plugin",
    "start": 1535452224420,
    "end": 1535452224490,
    "duration": 70,
    "pid": 2564,
    "index": 1
  },
  {
    "name": "Load Config",
    "start": 1535452224490,
    "end": 1535452224536,
    "duration": 46,
    "pid": 2564,
    "index": 2
  },
  {
    "name": "Require(0) config/config.default.js",
    "start": 1535452224492,
    "end": 1535452224492,
    "duration": 0,
    "pid": 2564,
    "index": 3
  },
  {
    "name": "Require(1) node_modules/_egg-session@3.1.0@egg-session/config/config.default.js",
    "start": 1535452224495,
    "end": 1535452224496,
    "duration": 1,
    "pid": 2564,
    "index": 4
  },
  {
    "name": "Require(2) node_modules/_egg-security@2.2.3@egg-security/config/config.default.js",
    "start": 1535452224497,
    "end": 1535452224498,
    "duration": 1,
    "pid": 2564,
    "index": 5
  },
  {
    "name": "Require(3) node_modules/_egg-jsonp@2.0.0@egg-jsonp/config/config.default.js",
    "start": 1535452224500,
    "end": 1535452224500,
    "duration": 0,
    "pid": 2564,
    "index": 6
  },
  {
    "name": "Require(4) node_modules/_egg-onerror@2.1.0@egg-onerror/config/config.default.js",
    "start": 1535452224502,
    "end": 1535452224502,
    "duration": 0,
    "pid": 2564,
    "index": 7
  },
  {
    "name": "Require(5) node_modules/_egg-i18n@2.0.0@egg-i18n/config/config.default.js",
    "start": 1535452224503,
    "end": 1535452224504,
    "duration": 1,
    "pid": 2564,
    "index": 8
  },
  {
    "name": "Require(6) node_modules/_egg-watcher@3.0.0@egg-watcher/config/config.default.js",
    "start": 1535452224505,
    "end": 1535452224505,
    "duration": 0,
    "pid": 2564,
    "index": 9
  },
  {
    "name": "Require(7) node_modules/_egg-multipart@2.1.0@egg-multipart/config/config.default.js",
    "start": 1535452224506,
    "end": 1535452224506,
    "duration": 0,
    "pid": 2564,
    "index": 10
  },
  {
    "name": "Require(8) node_modules/_egg-development@2.4.1@egg-development/config/config.default.js",
    "start": 1535452224507,
    "end": 1535452224508,
    "duration": 1,
    "pid": 2564,
    "index": 11
  },
  {
    "name": "Require(9) node_modules/_egg-schedule@3.3.0@egg-schedule/config/config.default.js",
    "start": 1535452224509,
    "end": 1535452224509,
    "duration": 0,
    "pid": 2564,
    "index": 12
  },
  {
    "name": "Require(10) node_modules/_egg-logrotator@3.0.3@egg-logrotator/config/config.default.js",
    "start": 1535452224510,
    "end": 1535452224511,
    "duration": 1,
    "pid": 2564,
    "index": 13
  },
  {
    "name": "Require(11) node_modules/_egg-static@2.1.1@egg-static/config/config.default.js",
    "start": 1535452224512,
    "end": 1535452224513,
    "duration": 1,
    "pid": 2564,
    "index": 14
  },
  {
    "name": "Require(12) node_modules/_egg-view@2.1.0@egg-view/config/config.default.js",
    "start": 1535452224514,
    "end": 1535452224515,
    "duration": 1,
    "pid": 2564,
    "index": 15
  },
  {
    "name": "Require(13) node_modules/_egg-view-ejs@2.0.0@egg-view-ejs/config/config.default.js",
    "start": 1535452224516,
    "end": 1535452224517,
    "duration": 1,
    "pid": 2564,
    "index": 16
  },
  {
    "name": "Require(14) node_modules/_egg-mysql@3.0.0@egg-mysql/config/config.default.js",
    "start": 1535452224518,
    "end": 1535452224518,
    "duration": 0,
    "pid": 2564,
    "index": 17
  },
  {
    "name": "Require(15) node_modules/_egg@2.10.0@egg/config/config.default.js",
    "start": 1535452224519,
    "end": 1535452224520,
    "duration": 1,
    "pid": 2564,
    "index": 18
  },
  {
    "name": "Require(16) config/config.default.js",
    "start": 1535452224523,
    "end": 1535452224523,
    "duration": 0,
    "pid": 2564,
    "index": 19
  },
  {
    "name": "Require(17) node_modules/_egg-security@2.2.3@egg-security/config/config.local.js",
    "start": 1535452224525,
    "end": 1535452224526,
    "duration": 1,
    "pid": 2564,
    "index": 20
  },
  {
    "name": "Require(18) node_modules/_egg-watcher@3.0.0@egg-watcher/config/config.local.js",
    "start": 1535452224528,
    "end": 1535452224528,
    "duration": 0,
    "pid": 2564,
    "index": 21
  },
  {
    "name": "Require(19) node_modules/_egg-view@2.1.0@egg-view/config/config.local.js",
    "start": 1535452224531,
    "end": 1535452224532,
    "duration": 1,
    "pid": 2564,
    "index": 22
  },
  {
    "name": "Require(20) node_modules/_egg-view-ejs@2.0.0@egg-view-ejs/config/config.local.js",
    "start": 1535452224533,
    "end": 1535452224534,
    "duration": 1,
    "pid": 2564,
    "index": 23
  },
  {
    "name": "Require(21) node_modules/_egg@2.10.0@egg/config/config.local.js",
    "start": 1535452224535,
    "end": 1535452224536,
    "duration": 1,
    "pid": 2564,
    "index": 24
  },
  {
    "name": "Load extend/application.js",
    "start": 1535452224537,
    "end": 1535452224570,
    "duration": 33,
    "pid": 2564,
    "index": 25
  },
  {
    "name": "Require(22) node_modules/_egg-session@3.1.0@egg-session/app/extend/application.js",
    "start": 1535452224539,
    "end": 1535452224540,
    "duration": 1,
    "pid": 2564,
    "index": 26
  },
  {
    "name": "Require(23) node_modules/_egg-security@2.2.3@egg-security/app/extend/application.js",
    "start": 1535452224541,
    "end": 1535452224544,
    "duration": 3,
    "pid": 2564,
    "index": 27
  },
  {
    "name": "Require(24) node_modules/_egg-jsonp@2.0.0@egg-jsonp/app/extend/application.js",
    "start": 1535452224545,
    "end": 1535452224549,
    "duration": 4,
    "pid": 2564,
    "index": 28
  },
  {
    "name": "Require(25) node_modules/_egg-logrotator@3.0.3@egg-logrotator/app/extend/application.js",
    "start": 1535452224551,
    "end": 1535452224555,
    "duration": 4,
    "pid": 2564,
    "index": 29
  },
  {
    "name": "Require(26) node_modules/_egg-view@2.1.0@egg-view/app/extend/application.js",
    "start": 1535452224556,
    "end": 1535452224563,
    "duration": 7,
    "pid": 2564,
    "index": 30
  },
  {
    "name": "Load extend/request.js",
    "start": 1535452224570,
    "end": 1535452224586,
    "duration": 16,
    "pid": 2564,
    "index": 31
  },
  {
    "name": "Require(27) node_modules/_egg@2.10.0@egg/app/extend/request.js",
    "start": 1535452224577,
    "end": 1535452224580,
    "duration": 3,
    "pid": 2564,
    "index": 32
  },
  {
    "name": "Load extend/response.js",
    "start": 1535452224586,
    "end": 1535452224602,
    "duration": 16,
    "pid": 2564,
    "index": 33
  },
  {
    "name": "Require(28) node_modules/_egg@2.10.0@egg/app/extend/response.js",
    "start": 1535452224591,
    "end": 1535452224596,
    "duration": 5,
    "pid": 2564,
    "index": 34
  },
  {
    "name": "Load extend/context.js",
    "start": 1535452224602,
    "end": 1535452224731,
    "duration": 129,
    "pid": 2564,
    "index": 35
  },
  {
    "name": "Require(29) node_modules/_egg-security@2.2.3@egg-security/app/extend/context.js",
    "start": 1535452224603,
    "end": 1535452224625,
    "duration": 22,
    "pid": 2564,
    "index": 36
  },
  {
    "name": "Require(30) node_modules/_egg-jsonp@2.0.0@egg-jsonp/app/extend/context.js",
    "start": 1535452224626,
    "end": 1535452224629,
    "duration": 3,
    "pid": 2564,
    "index": 37
  },
  {
    "name": "Require(31) node_modules/_egg-i18n@2.0.0@egg-i18n/app/extend/context.js",
    "start": 1535452224630,
    "end": 1535452224630,
    "duration": 0,
    "pid": 2564,
    "index": 38
  },
  {
    "name": "Require(32) node_modules/_egg-multipart@2.1.0@egg-multipart/app/extend/context.js",
    "start": 1535452224632,
    "end": 1535452224715,
    "duration": 83,
    "pid": 2564,
    "index": 39
  },
  {
    "name": "Require(33) node_modules/_egg-view@2.1.0@egg-view/app/extend/context.js",
    "start": 1535452224717,
    "end": 1535452224719,
    "duration": 2,
    "pid": 2564,
    "index": 40
  },
  {
    "name": "Require(34) node_modules/_egg@2.10.0@egg/app/extend/context.js",
    "start": 1535452224721,
    "end": 1535452224725,
    "duration": 4,
    "pid": 2564,
    "index": 41
  },
  {
    "name": "Load extend/helper.js",
    "start": 1535452224731,
    "end": 1535452224777,
    "duration": 46,
    "pid": 2564,
    "index": 42
  },
  {
    "name": "Require(35) node_modules/_egg-security@2.2.3@egg-security/app/extend/helper.js",
    "start": 1535452224733,
    "end": 1535452224767,
    "duration": 34,
    "pid": 2564,
    "index": 43
  },
  {
    "name": "Require(36) node_modules/_egg@2.10.0@egg/app/extend/helper.js",
    "start": 1535452224772,
    "end": 1535452224772,
    "duration": 0,
    "pid": 2564,
    "index": 44
  },
  {
    "name": "Load app.js",
    "start": 1535452224778,
    "end": 1535452225225,
    "duration": 447,
    "pid": 2564,
    "index": 45
  },
  {
    "name": "Require(37) node_modules/_egg-session@3.1.0@egg-session/app.js",
    "start": 1535452224778,
    "end": 1535452224779,
    "duration": 1,
    "pid": 2564,
    "index": 46
  },
  {
    "name": "Require(38) node_modules/_egg-security@2.2.3@egg-security/app.js",
    "start": 1535452224780,
    "end": 1535452224786,
    "duration": 6,
    "pid": 2564,
    "index": 47
  },
  {
    "name": "Require(39) node_modules/_egg-onerror@2.1.0@egg-onerror/app.js",
    "start": 1535452224788,
    "end": 1535452224808,
    "duration": 20,
    "pid": 2564,
    "index": 48
  },
  {
    "name": "Require(40) node_modules/_egg-i18n@2.0.0@egg-i18n/app.js",
    "start": 1535452224810,
    "end": 1535452224833,
    "duration": 23,
    "pid": 2564,
    "index": 49
  },
  {
    "name": "Require(41) node_modules/_egg-watcher@3.0.0@egg-watcher/app.js",
    "start": 1535452224840,
    "end": 1535452224849,
    "duration": 9,
    "pid": 2564,
    "index": 50
  },
  {
    "name": "Before Start in node_modules/_egg-watcher@3.0.0@egg-watcher/app.js:15:7",
    "start": 1535452224868,
    "end": 1535452225659,
    "duration": 791,
    "pid": 2564,
    "index": 51
  },
  {
    "name": "Require(42) node_modules/_egg-multipart@2.1.0@egg-multipart/app.js",
    "start": 1535452224871,
    "end": 1535452224878,
    "duration": 7,
    "pid": 2564,
    "index": 52
  },
  {
    "name": "Require(43) node_modules/_egg-development@2.4.1@egg-development/app.js",
    "start": 1535452224880,
    "end": 1535452224881,
    "duration": 1,
    "pid": 2564,
    "index": 53
  },
  {
    "name": "Require(44) node_modules/_egg-schedule@3.3.0@egg-schedule/app.js",
    "start": 1535452224882,
    "end": 1535452224887,
    "duration": 5,
    "pid": 2564,
    "index": 54
  },
  {
    "name": "Require(45) node_modules/_egg-logrotator@3.0.3@egg-logrotator/app.js",
    "start": 1535452224982,
    "end": 1535452224982,
    "duration": 0,
    "pid": 2564,
    "index": 55
  },
  {
    "name": "Require(46) node_modules/_egg-static@2.1.1@egg-static/app.js",
    "start": 1535452224983,
    "end": 1535452224984,
    "duration": 1,
    "pid": 2564,
    "index": 56
  },
  {
    "name": "Require(47) node_modules/_egg-view-ejs@2.0.0@egg-view-ejs/app.js",
    "start": 1535452224987,
    "end": 1535452224988,
    "duration": 1,
    "pid": 2564,
    "index": 57
  },
  {
    "name": "Require(48) node_modules/_egg-mysql@3.0.0@egg-mysql/app.js",
    "start": 1535452224999,
    "end": 1535452225041,
    "duration": 42,
    "pid": 2564,
    "index": 58
  },
  {
    "name": "Before Start in node_modules/_egg-mysql@3.0.0@egg-mysql/lib/mysql.js:20:7",
    "start": 1535452225222,
    "end": 1535452225667,
    "duration": 445,
    "pid": 2564,
    "index": 59
  },
  {
    "name": "Load Service",
    "start": 1535452225225,
    "end": 1535452225248,
    "duration": 23,
    "pid": 2564,
    "index": 60
  },
  {
    "name": "Load \"service\" to Context",
    "start": 1535452225226,
    "end": 1535452225248,
    "duration": 22,
    "pid": 2564,
    "index": 61
  },
  {
    "name": "Load Middleware",
    "start": 1535452225249,
    "end": 1535452225562,
    "duration": 313,
    "pid": 2564,
    "index": 62
  },
  {
    "name": "Load \"middlewares\" to Application",
    "start": 1535452225249,
    "end": 1535452225514,
    "duration": 265,
    "pid": 2564,
    "index": 63
  },
  {
    "name": "Load Controller",
    "start": 1535452225562,
    "end": 1535452225568,
    "duration": 6,
    "pid": 2564,
    "index": 64
  },
  {
    "name": "Load \"controller\" to Application",
    "start": 1535452225563,
    "end": 1535452225568,
    "duration": 5,
    "pid": 2564,
    "index": 65
  },
  {
    "name": "Load Router",
    "start": 1535452225569,
    "end": 1535452225577,
    "duration": 8,
    "pid": 2564,
    "index": 66
  },
  {
    "name": "Require(49) app/router.js",
    "start": 1535452225569,
    "end": 1535452225570,
    "duration": 1,
    "pid": 2564,
    "index": 67
  },
  {
    "name": "Before Start in node_modules/_egg-core@4.9.1@egg-core/lib/egg.js:328:10",
    "start": 1535452225571,
    "end": 1535452225611,
    "duration": 40,
    "pid": 2564,
    "index": 68
  }
]