[
  {
    "name": "Application Start",
    "start": 1535451971836,
    "end": 1535451973229,
    "duration": 1393,
    "pid": 8824,
    "index": 0
  },
  {
    "name": "Load Plugin",
    "start": 1535451971852,
    "end": 1535451971927,
    "duration": 75,
    "pid": 8824,
    "index": 1
  },
  {
    "name": "Load Config",
    "start": 1535451971928,
    "end": 1535451971987,
    "duration": 59,
    "pid": 8824,
    "index": 2
  },
  {
    "name": "Require(0) config/config.default.js",
    "start": 1535451971929,
    "end": 1535451971930,
    "duration": 1,
    "pid": 8824,
    "index": 3
  },
  {
    "name": "Require(1) node_modules/_egg-session@3.1.0@egg-session/config/config.default.js",
    "start": 1535451971933,
    "end": 1535451971934,
    "duration": 1,
    "pid": 8824,
    "index": 4
  },
  {
    "name": "Require(2) node_modules/_egg-security@2.2.3@egg-security/config/config.default.js",
    "start": 1535451971935,
    "end": 1535451971936,
    "duration": 1,
    "pid": 8824,
    "index": 5
  },
  {
    "name": "Require(3) node_modules/_egg-jsonp@2.0.0@egg-jsonp/config/config.default.js",
    "start": 1535451971938,
    "end": 1535451971940,
    "duration": 2,
    "pid": 8824,
    "index": 6
  },
  {
    "name": "Require(4) node_modules/_egg-onerror@2.1.0@egg-onerror/config/config.default.js",
    "start": 1535451971941,
    "end": 1535451971942,
    "duration": 1,
    "pid": 8824,
    "index": 7
  },
  {
    "name": "Require(5) node_modules/_egg-i18n@2.0.0@egg-i18n/config/config.default.js",
    "start": 1535451971943,
    "end": 1535451971950,
    "duration": 7,
    "pid": 8824,
    "index": 8
  },
  {
    "name": "Require(6) node_modules/_egg-watcher@3.0.0@egg-watcher/config/config.default.js",
    "start": 1535451971951,
    "end": 1535451971952,
    "duration": 1,
    "pid": 8824,
    "index": 9
  },
  {
    "name": "Require(7) node_modules/_egg-multipart@2.1.0@egg-multipart/config/config.default.js",
    "start": 1535451971953,
    "end": 1535451971953,
    "duration": 0,
    "pid": 8824,
    "index": 10
  },
  {
    "name": "Require(8) node_modules/_egg-development@2.4.1@egg-development/config/config.default.js",
    "start": 1535451971954,
    "end": 1535451971955,
    "duration": 1,
    "pid": 8824,
    "index": 11
  },
  {
    "name": "Require(9) node_modules/_egg-schedule@3.3.0@egg-schedule/config/config.default.js",
    "start": 1535451971956,
    "end": 1535451971957,
    "duration": 1,
    "pid": 8824,
    "index": 12
  },
  {
    "name": "Require(10) node_modules/_egg-logrotator@3.0.3@egg-logrotator/config/config.default.js",
    "start": 1535451971958,
    "end": 1535451971958,
    "duration": 0,
    "pid": 8824,
    "index": 13
  },
  {
    "name": "Require(11) node_modules/_egg-static@2.1.1@egg-static/config/config.default.js",
    "start": 1535451971959,
    "end": 1535451971960,
    "duration": 1,
    "pid": 8824,
    "index": 14
  },
  {
    "name": "Require(12) node_modules/_egg-view@2.1.0@egg-view/config/config.default.js",
    "start": 1535451971964,
    "end": 1535451971964,
    "duration": 0,
    "pid": 8824,
    "index": 15
  },
  {
    "name": "Require(13) node_modules/_egg-view-ejs@2.0.0@egg-view-ejs/config/config.default.js",
    "start": 1535451971966,
    "end": 1535451971967,
    "duration": 1,
    "pid": 8824,
    "index": 16
  },
  {
    "name": "Require(14) node_modules/_egg-mysql@3.0.0@egg-mysql/config/config.default.js",
    "start": 1535451971968,
    "end": 1535451971969,
    "duration": 1,
    "pid": 8824,
    "index": 17
  },
  {
    "name": "Require(15) node_modules/_egg@2.10.0@egg/config/config.default.js",
    "start": 1535451971970,
    "end": 1535451971971,
    "duration": 1,
    "pid": 8824,
    "index": 18
  },
  {
    "name": "Require(16) config/config.default.js",
    "start": 1535451971974,
    "end": 1535451971974,
    "duration": 0,
    "pid": 8824,
    "index": 19
  },
  {
    "name": "Require(17) node_modules/_egg-security@2.2.3@egg-security/config/config.local.js",
    "start": 1535451971975,
    "end": 1535451971976,
    "duration": 1,
    "pid": 8824,
    "index": 20
  },
  {
    "name": "Require(18) node_modules/_egg-watcher@3.0.0@egg-watcher/config/config.local.js",
    "start": 1535451971978,
    "end": 1535451971978,
    "duration": 0,
    "pid": 8824,
    "index": 21
  },
  {
    "name": "Require(19) node_modules/_egg-view@2.1.0@egg-view/config/config.local.js",
    "start": 1535451971982,
    "end": 1535451971983,
    "duration": 1,
    "pid": 8824,
    "index": 22
  },
  {
    "name": "Require(20) node_modules/_egg-view-ejs@2.0.0@egg-view-ejs/config/config.local.js",
    "start": 1535451971984,
    "end": 1535451971985,
    "duration": 1,
    "pid": 8824,
    "index": 23
  },
  {
    "name": "Require(21) node_modules/_egg@2.10.0@egg/config/config.local.js",
    "start": 1535451971986,
    "end": 1535451971987,
    "duration": 1,
    "pid": 8824,
    "index": 24
  },
  {
    "name": "Load extend/application.js",
    "start": 1535451971990,
    "end": 1535451972071,
    "duration": 81,
    "pid": 8824,
    "index": 25
  },
  {
    "name": "Require(22) node_modules/_egg-session@3.1.0@egg-session/app/extend/application.js",
    "start": 1535451971991,
    "end": 1535451971992,
    "duration": 1,
    "pid": 8824,
    "index": 26
  },
  {
    "name": "Require(23) node_modules/_egg-security@2.2.3@egg-security/app/extend/application.js",
    "start": 1535451971993,
    "end": 1535451971996,
    "duration": 3,
    "pid": 8824,
    "index": 27
  },
  {
    "name": "Require(24) node_modules/_egg-jsonp@2.0.0@egg-jsonp/app/extend/application.js",
    "start": 1535451971997,
    "end": 1535451972030,
    "duration": 33,
    "pid": 8824,
    "index": 28
  },
  {
    "name": "Require(25) node_modules/_egg-logrotator@3.0.3@egg-logrotator/app/extend/application.js",
    "start": 1535451972034,
    "end": 1535451972045,
    "duration": 11,
    "pid": 8824,
    "index": 29
  },
  {
    "name": "Require(26) node_modules/_egg-view@2.1.0@egg-view/app/extend/application.js",
    "start": 1535451972046,
    "end": 1535451972051,
    "duration": 5,
    "pid": 8824,
    "index": 30
  },
  {
    "name": "Load extend/request.js",
    "start": 1535451972071,
    "end": 1535451972093,
    "duration": 22,
    "pid": 8824,
    "index": 31
  },
  {
    "name": "Require(27) node_modules/_egg@2.10.0@egg/app/extend/request.js",
    "start": 1535451972079,
    "end": 1535451972084,
    "duration": 5,
    "pid": 8824,
    "index": 32
  },
  {
    "name": "Load extend/response.js",
    "start": 1535451972093,
    "end": 1535451972117,
    "duration": 24,
    "pid": 8824,
    "index": 33
  },
  {
    "name": "Require(28) node_modules/_egg@2.10.0@egg/app/extend/response.js",
    "start": 1535451972103,
    "end": 1535451972109,
    "duration": 6,
    "pid": 8824,
    "index": 34
  },
  {
    "name": "Load extend/context.js",
    "start": 1535451972117,
    "end": 1535451972351,
    "duration": 234,
    "pid": 8824,
    "index": 35
  },
  {
    "name": "Require(29) node_modules/_egg-security@2.2.3@egg-security/app/extend/context.js",
    "start": 1535451972119,
    "end": 1535451972173,
    "duration": 54,
    "pid": 8824,
    "index": 36
  },
  {
    "name": "Require(30) node_modules/_egg-jsonp@2.0.0@egg-jsonp/app/extend/context.js",
    "start": 1535451972174,
    "end": 1535451972178,
    "duration": 4,
    "pid": 8824,
    "index": 37
  },
  {
    "name": "Require(31) node_modules/_egg-i18n@2.0.0@egg-i18n/app/extend/context.js",
    "start": 1535451972179,
    "end": 1535451972180,
    "duration": 1,
    "pid": 8824,
    "index": 38
  },
  {
    "name": "Require(32) node_modules/_egg-multipart@2.1.0@egg-multipart/app/extend/context.js",
    "start": 1535451972181,
    "end": 1535451972329,
    "duration": 148,
    "pid": 8824,
    "index": 39
  },
  {
    "name": "Require(33) node_modules/_egg-view@2.1.0@egg-view/app/extend/context.js",
    "start": 1535451972332,
    "end": 1535451972334,
    "duration": 2,
    "pid": 8824,
    "index": 40
  },
  {
    "name": "Require(34) node_modules/_egg@2.10.0@egg/app/extend/context.js",
    "start": 1535451972336,
    "end": 1535451972342,
    "duration": 6,
    "pid": 8824,
    "index": 41
  },
  {
    "name": "Load extend/helper.js",
    "start": 1535451972352,
    "end": 1535451972422,
    "duration": 70,
    "pid": 8824,
    "index": 42
  },
  {
    "name": "Require(35) node_modules/_egg-security@2.2.3@egg-security/app/extend/helper.js",
    "start": 1535451972353,
    "end": 1535451972408,
    "duration": 55,
    "pid": 8824,
    "index": 43
  },
  {
    "name": "Require(36) node_modules/_egg@2.10.0@egg/app/extend/helper.js",
    "start": 1535451972414,
    "end": 1535451972415,
    "duration": 1,
    "pid": 8824,
    "index": 44
  },
  {
    "name": "Load app.js",
    "start": 1535451972422,
    "end": 1535451972901,
    "duration": 479,
    "pid": 8824,
    "index": 45
  },
  {
    "name": "Require(37) node_modules/_egg-session@3.1.0@egg-session/app.js",
    "start": 1535451972423,
    "end": 1535451972424,
    "duration": 1,
    "pid": 8824,
    "index": 46
  },
  {
    "name": "Require(38) node_modules/_egg-security@2.2.3@egg-security/app.js",
    "start": 1535451972425,
    "end": 1535451972431,
    "duration": 6,
    "pid": 8824,
    "index": 47
  },
  {
    "name": "Require(39) node_modules/_egg-onerror@2.1.0@egg-onerror/app.js",
    "start": 1535451972435,
    "end": 1535451972458,
    "duration": 23,
    "pid": 8824,
    "index": 48
  },
  {
    "name": "Require(40) node_modules/_egg-i18n@2.0.0@egg-i18n/app.js",
    "start": 1535451972461,
    "end": 1535451972487,
    "duration": 26,
    "pid": 8824,
    "index": 49
  },
  {
    "name": "Require(41) node_modules/_egg-watcher@3.0.0@egg-watcher/app.js",
    "start": 1535451972494,
    "end": 1535451972503,
    "duration": 9,
    "pid": 8824,
    "index": 50
  },
  {
    "name": "Before Start in node_modules/_egg-watcher@3.0.0@egg-watcher/app.js:15:7",
    "start": 1535451972528,
    "end": 1535451973221,
    "duration": 693,
    "pid": 8824,
    "index": 51
  },
  {
    "name": "Require(42) node_modules/_egg-multipart@2.1.0@egg-multipart/app.js",
    "start": 1535451972532,
    "end": 1535451972539,
    "duration": 7,
    "pid": 8824,
    "index": 52
  },
  {
    "name": "Require(43) node_modules/_egg-development@2.4.1@egg-development/app.js",
    "start": 1535451972541,
    "end": 1535451972542,
    "duration": 1,
    "pid": 8824,
    "index": 53
  },
  {
    "name": "Require(44) node_modules/_egg-schedule@3.3.0@egg-schedule/app.js",
    "start": 1535451972543,
    "end": 1535451972549,
    "duration": 6,
    "pid": 8824,
    "index": 54
  },
  {
    "name": "Require(45) node_modules/_egg-logrotator@3.0.3@egg-logrotator/app.js",
    "start": 1535451972669,
    "end": 1535451972670,
    "duration": 1,
    "pid": 8824,
    "index": 55
  },
  {
    "name": "Require(46) node_modules/_egg-static@2.1.1@egg-static/app.js",
    "start": 1535451972671,
    "end": 1535451972671,
    "duration": 0,
    "pid": 8824,
    "index": 56
  },
  {
    "name": "Require(47) node_modules/_egg-view-ejs@2.0.0@egg-view-ejs/app.js",
    "start": 1535451972673,
    "end": 1535451972674,
    "duration": 1,
    "pid": 8824,
    "index": 57
  },
  {
    "name": "Require(48) node_modules/_egg-mysql@3.0.0@egg-mysql/app.js",
    "start": 1535451972685,
    "end": 1535451972733,
    "duration": 48,
    "pid": 8824,
    "index": 58
  },
  {
    "name": "Before Start in node_modules/_egg-mysql@3.0.0@egg-mysql/lib/mysql.js:20:7",
    "start": 1535451972898,
    "end": 1535451973228,
    "duration": 330,
    "pid": 8824,
    "index": 59
  },
  {
    "name": "Load Service",
    "start": 1535451972901,
    "end": 1535451972914,
    "duration": 13,
    "pid": 8824,
    "index": 60
  },
  {
    "name": "Load \"service\" to Context",
    "start": 1535451972902,
    "end": 1535451972914,
    "duration": 12,
    "pid": 8824,
    "index": 61
  },
  {
    "name": "Load Middleware",
    "start": 1535451972915,
    "end": 1535451973140,
    "duration": 225,
    "pid": 8824,
    "index": 62
  },
  {
    "name": "Load \"middlewares\" to Application",
    "start": 1535451972915,
    "end": 1535451973105,
    "duration": 190,
    "pid": 8824,
    "index": 63
  },
  {
    "name": "Load Controller",
    "start": 1535451973140,
    "end": 1535451973146,
    "duration": 6,
    "pid": 8824,
    "index": 64
  },
  {
    "name": "Load \"controller\" to Application",
    "start": 1535451973140,
    "end": 1535451973146,
    "duration": 6,
    "pid": 8824,
    "index": 65
  },
  {
    "name": "Load Router",
    "start": 1535451973146,
    "end": 1535451973151,
    "duration": 5,
    "pid": 8824,
    "index": 66
  },
  {
    "name": "Require(49) app/router.js",
    "start": 1535451973147,
    "end": 1535451973147,
    "duration": 0,
    "pid": 8824,
    "index": 67
  },
  {
    "name": "Before Start in node_modules/_egg-core@4.9.1@egg-core/lib/egg.js:328:10",
    "start": 1535451973148,
    "end": 1535451973185,
    "duration": 37,
    "pid": 8824,
    "index": 68
  }
]