[
  {
    "name": "Application Start",
    "start": 1535453957840,
    "end": 1535453958612,
    "duration": 772,
    "pid": 5912,
    "index": 0
  },
  {
    "name": "Load Plugin",
    "start": 1535453957848,
    "end": 1535453957898,
    "duration": 50,
    "pid": 5912,
    "index": 1
  },
  {
    "name": "Load Config",
    "start": 1535453957898,
    "end": 1535453957944,
    "duration": 46,
    "pid": 5912,
    "index": 2
  },
  {
    "name": "Require(0) config/config.default.js",
    "start": 1535453957900,
    "end": 1535453957900,
    "duration": 0,
    "pid": 5912,
    "index": 3
  },
  {
    "name": "Require(1) node_modules/_egg-session@3.1.0@egg-session/config/config.default.js",
    "start": 1535453957907,
    "end": 1535453957908,
    "duration": 1,
    "pid": 5912,
    "index": 4
  },
  {
    "name": "Require(2) node_modules/_egg-security@2.2.3@egg-security/config/config.default.js",
    "start": 1535453957909,
    "end": 1535453957909,
    "duration": 0,
    "pid": 5912,
    "index": 5
  },
  {
    "name": "Require(3) node_modules/_egg-jsonp@2.0.0@egg-jsonp/config/config.default.js",
    "start": 1535453957911,
    "end": 1535453957912,
    "duration": 1,
    "pid": 5912,
    "index": 6
  },
  {
    "name": "Require(4) node_modules/_egg-onerror@2.1.0@egg-onerror/config/config.default.js",
    "start": 1535453957913,
    "end": 1535453957914,
    "duration": 1,
    "pid": 5912,
    "index": 7
  },
  {
    "name": "Require(5) node_modules/_egg-i18n@2.0.0@egg-i18n/config/config.default.js",
    "start": 1535453957915,
    "end": 1535453957915,
    "duration": 0,
    "pid": 5912,
    "index": 8
  },
  {
    "name": "Require(6) node_modules/_egg-watcher@3.0.0@egg-watcher/config/config.default.js",
    "start": 1535453957916,
    "end": 1535453957917,
    "duration": 1,
    "pid": 5912,
    "index": 9
  },
  {
    "name": "Require(7) node_modules/_egg-multipart@2.1.0@egg-multipart/config/config.default.js",
    "start": 1535453957920,
    "end": 1535453957920,
    "duration": 0,
    "pid": 5912,
    "index": 10
  },
  {
    "name": "Require(8) node_modules/_egg-development@2.4.1@egg-development/config/config.default.js",
    "start": 1535453957921,
    "end": 1535453957922,
    "duration": 1,
    "pid": 5912,
    "index": 11
  },
  {
    "name": "Require(9) node_modules/_egg-schedule@3.3.0@egg-schedule/config/config.default.js",
    "start": 1535453957923,
    "end": 1535453957923,
    "duration": 0,
    "pid": 5912,
    "index": 12
  },
  {
    "name": "Require(10) node_modules/_egg-logrotator@3.0.3@egg-logrotator/config/config.default.js",
    "start": 1535453957924,
    "end": 1535453957925,
    "duration": 1,
    "pid": 5912,
    "index": 13
  },
  {
    "name": "Require(11) node_modules/_egg-static@2.1.1@egg-static/config/config.default.js",
    "start": 1535453957926,
    "end": 1535453957926,
    "duration": 0,
    "pid": 5912,
    "index": 14
  },
  {
    "name": "Require(12) node_modules/_egg-view@2.1.0@egg-view/config/config.default.js",
    "start": 1535453957927,
    "end": 1535453957928,
    "duration": 1,
    "pid": 5912,
    "index": 15
  },
  {
    "name": "Require(13) node_modules/_egg-view-ejs@2.0.0@egg-view-ejs/config/config.default.js",
    "start": 1535453957929,
    "end": 1535453957929,
    "duration": 0,
    "pid": 5912,
    "index": 16
  },
  {
    "name": "Require(14) node_modules/_egg-mysql@3.0.0@egg-mysql/config/config.default.js",
    "start": 1535453957930,
    "end": 1535453957930,
    "duration": 0,
    "pid": 5912,
    "index": 17
  },
  {
    "name": "Require(15) node_modules/_egg@2.10.0@egg/config/config.default.js",
    "start": 1535453957931,
    "end": 1535453957931,
    "duration": 0,
    "pid": 5912,
    "index": 18
  },
  {
    "name": "Require(16) config/config.default.js",
    "start": 1535453957933,
    "end": 1535453957933,
    "duration": 0,
    "pid": 5912,
    "index": 19
  },
  {
    "name": "Require(17) node_modules/_egg-security@2.2.3@egg-security/config/config.local.js",
    "start": 1535453957934,
    "end": 1535453957936,
    "duration": 2,
    "pid": 5912,
    "index": 20
  },
  {
    "name": "Require(18) node_modules/_egg-watcher@3.0.0@egg-watcher/config/config.local.js",
    "start": 1535453957938,
    "end": 1535453957939,
    "duration": 1,
    "pid": 5912,
    "index": 21
  },
  {
    "name": "Require(19) node_modules/_egg-view@2.1.0@egg-view/config/config.local.js",
    "start": 1535453957941,
    "end": 1535453957941,
    "duration": 0,
    "pid": 5912,
    "index": 22
  },
  {
    "name": "Require(20) node_modules/_egg-view-ejs@2.0.0@egg-view-ejs/config/config.local.js",
    "start": 1535453957942,
    "end": 1535453957942,
    "duration": 0,
    "pid": 5912,
    "index": 23
  },
  {
    "name": "Require(21) node_modules/_egg@2.10.0@egg/config/config.local.js",
    "start": 1535453957943,
    "end": 1535453957944,
    "duration": 1,
    "pid": 5912,
    "index": 24
  },
  {
    "name": "Load extend/application.js",
    "start": 1535453957946,
    "end": 1535453957971,
    "duration": 25,
    "pid": 5912,
    "index": 25
  },
  {
    "name": "Require(22) node_modules/_egg-session@3.1.0@egg-session/app/extend/application.js",
    "start": 1535453957947,
    "end": 1535453957948,
    "duration": 1,
    "pid": 5912,
    "index": 26
  },
  {
    "name": "Require(23) node_modules/_egg-security@2.2.3@egg-security/app/extend/application.js",
    "start": 1535453957948,
    "end": 1535453957950,
    "duration": 2,
    "pid": 5912,
    "index": 27
  },
  {
    "name": "Require(24) node_modules/_egg-jsonp@2.0.0@egg-jsonp/app/extend/application.js",
    "start": 1535453957950,
    "end": 1535453957955,
    "duration": 5,
    "pid": 5912,
    "index": 28
  },
  {
    "name": "Require(25) node_modules/_egg-logrotator@3.0.3@egg-logrotator/app/extend/application.js",
    "start": 1535453957957,
    "end": 1535453957962,
    "duration": 5,
    "pid": 5912,
    "index": 29
  },
  {
    "name": "Require(26) node_modules/_egg-view@2.1.0@egg-view/app/extend/application.js",
    "start": 1535453957963,
    "end": 1535453957966,
    "duration": 3,
    "pid": 5912,
    "index": 30
  },
  {
    "name": "Load extend/request.js",
    "start": 1535453957971,
    "end": 1535453957984,
    "duration": 13,
    "pid": 5912,
    "index": 31
  },
  {
    "name": "Require(27) node_modules/_egg@2.10.0@egg/app/extend/request.js",
    "start": 1535453957976,
    "end": 1535453957978,
    "duration": 2,
    "pid": 5912,
    "index": 32
  },
  {
    "name": "Load extend/response.js",
    "start": 1535453957984,
    "end": 1535453957998,
    "duration": 14,
    "pid": 5912,
    "index": 33
  },
  {
    "name": "Require(28) node_modules/_egg@2.10.0@egg/app/extend/response.js",
    "start": 1535453957989,
    "end": 1535453957993,
    "duration": 4,
    "pid": 5912,
    "index": 34
  },
  {
    "name": "Load extend/context.js",
    "start": 1535453957998,
    "end": 1535453958105,
    "duration": 107,
    "pid": 5912,
    "index": 35
  },
  {
    "name": "Require(29) node_modules/_egg-security@2.2.3@egg-security/app/extend/context.js",
    "start": 1535453957999,
    "end": 1535453958020,
    "duration": 21,
    "pid": 5912,
    "index": 36
  },
  {
    "name": "Require(30) node_modules/_egg-jsonp@2.0.0@egg-jsonp/app/extend/context.js",
    "start": 1535453958021,
    "end": 1535453958024,
    "duration": 3,
    "pid": 5912,
    "index": 37
  },
  {
    "name": "Require(31) node_modules/_egg-i18n@2.0.0@egg-i18n/app/extend/context.js",
    "start": 1535453958024,
    "end": 1535453958025,
    "duration": 1,
    "pid": 5912,
    "index": 38
  },
  {
    "name": "Require(32) node_modules/_egg-multipart@2.1.0@egg-multipart/app/extend/context.js",
    "start": 1535453958026,
    "end": 1535453958093,
    "duration": 67,
    "pid": 5912,
    "index": 39
  },
  {
    "name": "Require(33) node_modules/_egg-view@2.1.0@egg-view/app/extend/context.js",
    "start": 1535453958094,
    "end": 1535453958095,
    "duration": 1,
    "pid": 5912,
    "index": 40
  },
  {
    "name": "Require(34) node_modules/_egg@2.10.0@egg/app/extend/context.js",
    "start": 1535453958097,
    "end": 1535453958100,
    "duration": 3,
    "pid": 5912,
    "index": 41
  },
  {
    "name": "Load extend/helper.js",
    "start": 1535453958106,
    "end": 1535453958140,
    "duration": 34,
    "pid": 5912,
    "index": 42
  },
  {
    "name": "Require(35) node_modules/_egg-security@2.2.3@egg-security/app/extend/helper.js",
    "start": 1535453958107,
    "end": 1535453958132,
    "duration": 25,
    "pid": 5912,
    "index": 43
  },
  {
    "name": "Require(36) node_modules/_egg@2.10.0@egg/app/extend/helper.js",
    "start": 1535453958135,
    "end": 1535453958136,
    "duration": 1,
    "pid": 5912,
    "index": 44
  },
  {
    "name": "Load app.js",
    "start": 1535453958140,
    "end": 1535453958416,
    "duration": 276,
    "pid": 5912,
    "index": 45
  },
  {
    "name": "Require(37) node_modules/_egg-session@3.1.0@egg-session/app.js",
    "start": 1535453958140,
    "end": 1535453958141,
    "duration": 1,
    "pid": 5912,
    "index": 46
  },
  {
    "name": "Require(38) node_modules/_egg-security@2.2.3@egg-security/app.js",
    "start": 1535453958142,
    "end": 1535453958145,
    "duration": 3,
    "pid": 5912,
    "index": 47
  },
  {
    "name": "Require(39) node_modules/_egg-onerror@2.1.0@egg-onerror/app.js",
    "start": 1535453958147,
    "end": 1535453958161,
    "duration": 14,
    "pid": 5912,
    "index": 48
  },
  {
    "name": "Require(40) node_modules/_egg-i18n@2.0.0@egg-i18n/app.js",
    "start": 1535453958163,
    "end": 1535453958177,
    "duration": 14,
    "pid": 5912,
    "index": 49
  },
  {
    "name": "Require(41) node_modules/_egg-watcher@3.0.0@egg-watcher/app.js",
    "start": 1535453958182,
    "end": 1535453958188,
    "duration": 6,
    "pid": 5912,
    "index": 50
  },
  {
    "name": "Before Start in node_modules/_egg-watcher@3.0.0@egg-watcher/app.js:15:7",
    "start": 1535453958199,
    "end": 1535453958608,
    "duration": 409,
    "pid": 5912,
    "index": 51
  },
  {
    "name": "Require(42) node_modules/_egg-multipart@2.1.0@egg-multipart/app.js",
    "start": 1535453958204,
    "end": 1535453958212,
    "duration": 8,
    "pid": 5912,
    "index": 52
  },
  {
    "name": "Require(43) node_modules/_egg-development@2.4.1@egg-development/app.js",
    "start": 1535453958213,
    "end": 1535453958213,
    "duration": 0,
    "pid": 5912,
    "index": 53
  },
  {
    "name": "Require(44) node_modules/_egg-schedule@3.3.0@egg-schedule/app.js",
    "start": 1535453958214,
    "end": 1535453958217,
    "duration": 3,
    "pid": 5912,
    "index": 54
  },
  {
    "name": "Require(45) node_modules/_egg-logrotator@3.0.3@egg-logrotator/app.js",
    "start": 1535453958271,
    "end": 1535453958272,
    "duration": 1,
    "pid": 5912,
    "index": 55
  },
  {
    "name": "Require(46) node_modules/_egg-static@2.1.1@egg-static/app.js",
    "start": 1535453958272,
    "end": 1535453958273,
    "duration": 1,
    "pid": 5912,
    "index": 56
  },
  {
    "name": "Require(47) node_modules/_egg-view-ejs@2.0.0@egg-view-ejs/app.js",
    "start": 1535453958274,
    "end": 1535453958274,
    "duration": 0,
    "pid": 5912,
    "index": 57
  },
  {
    "name": "Require(48) node_modules/_egg-mysql@3.0.0@egg-mysql/app.js",
    "start": 1535453958282,
    "end": 1535453958310,
    "duration": 28,
    "pid": 5912,
    "index": 58
  },
  {
    "name": "Before Start in node_modules/_egg-mysql@3.0.0@egg-mysql/lib/mysql.js:20:7",
    "start": 1535453958414,
    "end": 1535453958612,
    "duration": 198,
    "pid": 5912,
    "index": 59
  },
  {
    "name": "Load Service",
    "start": 1535453958416,
    "end": 1535453958424,
    "duration": 8,
    "pid": 5912,
    "index": 60
  },
  {
    "name": "Load \"service\" to Context",
    "start": 1535453958416,
    "end": 1535453958424,
    "duration": 8,
    "pid": 5912,
    "index": 61
  },
  {
    "name": "Load Middleware",
    "start": 1535453958424,
    "end": 1535453958561,
    "duration": 137,
    "pid": 5912,
    "index": 62
  },
  {
    "name": "Load \"middlewares\" to Application",
    "start": 1535453958424,
    "end": 1535453958543,
    "duration": 119,
    "pid": 5912,
    "index": 63
  },
  {
    "name": "Load Controller",
    "start": 1535453958561,
    "end": 1535453958565,
    "duration": 4,
    "pid": 5912,
    "index": 64
  },
  {
    "name": "Load \"controller\" to Application",
    "start": 1535453958561,
    "end": 1535453958565,
    "duration": 4,
    "pid": 5912,
    "index": 65
  },
  {
    "name": "Load Router",
    "start": 1535453958565,
    "end": 1535453958568,
    "duration": 3,
    "pid": 5912,
    "index": 66
  },
  {
    "name": "Require(49) app/router.js",
    "start": 1535453958565,
    "end": 1535453958566,
    "duration": 1,
    "pid": 5912,
    "index": 67
  },
  {
    "name": "Before Start in node_modules/_egg-core@4.9.1@egg-core/lib/egg.js:328:10",
    "start": 1535453958566,
    "end": 1535453958589,
    "duration": 23,
    "pid": 5912,
    "index": 68
  }
]