[
  {
    "name": "Application Start",
    "start": 1535452657863,
    "end": 1535452658801,
    "duration": 938,
    "pid": 4652,
    "index": 0
  },
  {
    "name": "Load Plugin",
    "start": 1535452657870,
    "end": 1535452657910,
    "duration": 40,
    "pid": 4652,
    "index": 1
  },
  {
    "name": "Load Config",
    "start": 1535452657910,
    "end": 1535452657961,
    "duration": 51,
    "pid": 4652,
    "index": 2
  },
  {
    "name": "Require(0) config/config.default.js",
    "start": 1535452657911,
    "end": 1535452657911,
    "duration": 0,
    "pid": 4652,
    "index": 3
  },
  {
    "name": "Require(1) node_modules/_egg-session@3.1.0@egg-session/config/config.default.js",
    "start": 1535452657913,
    "end": 1535452657914,
    "duration": 1,
    "pid": 4652,
    "index": 4
  },
  {
    "name": "Require(2) node_modules/_egg-security@2.2.3@egg-security/config/config.default.js",
    "start": 1535452657915,
    "end": 1535452657915,
    "duration": 0,
    "pid": 4652,
    "index": 5
  },
  {
    "name": "Require(3) node_modules/_egg-jsonp@2.0.0@egg-jsonp/config/config.default.js",
    "start": 1535452657917,
    "end": 1535452657917,
    "duration": 0,
    "pid": 4652,
    "index": 6
  },
  {
    "name": "Require(4) node_modules/_egg-onerror@2.1.0@egg-onerror/config/config.default.js",
    "start": 1535452657918,
    "end": 1535452657918,
    "duration": 0,
    "pid": 4652,
    "index": 7
  },
  {
    "name": "Require(5) node_modules/_egg-i18n@2.0.0@egg-i18n/config/config.default.js",
    "start": 1535452657919,
    "end": 1535452657920,
    "duration": 1,
    "pid": 4652,
    "index": 8
  },
  {
    "name": "Require(6) node_modules/_egg-watcher@3.0.0@egg-watcher/config/config.default.js",
    "start": 1535452657921,
    "end": 1535452657922,
    "duration": 1,
    "pid": 4652,
    "index": 9
  },
  {
    "name": "Require(7) node_modules/_egg-multipart@2.1.0@egg-multipart/config/config.default.js",
    "start": 1535452657923,
    "end": 1535452657924,
    "duration": 1,
    "pid": 4652,
    "index": 10
  },
  {
    "name": "Require(8) node_modules/_egg-development@2.4.1@egg-development/config/config.default.js",
    "start": 1535452657925,
    "end": 1535452657926,
    "duration": 1,
    "pid": 4652,
    "index": 11
  },
  {
    "name": "Require(9) node_modules/_egg-schedule@3.3.0@egg-schedule/config/config.default.js",
    "start": 1535452657927,
    "end": 1535452657927,
    "duration": 0,
    "pid": 4652,
    "index": 12
  },
  {
    "name": "Require(10) node_modules/_egg-logrotator@3.0.3@egg-logrotator/config/config.default.js",
    "start": 1535452657929,
    "end": 1535452657929,
    "duration": 0,
    "pid": 4652,
    "index": 13
  },
  {
    "name": "Require(11) node_modules/_egg-static@2.1.1@egg-static/config/config.default.js",
    "start": 1535452657930,
    "end": 1535452657931,
    "duration": 1,
    "pid": 4652,
    "index": 14
  },
  {
    "name": "Require(12) node_modules/_egg-view@2.1.0@egg-view/config/config.default.js",
    "start": 1535452657932,
    "end": 1535452657933,
    "duration": 1,
    "pid": 4652,
    "index": 15
  },
  {
    "name": "Require(13) node_modules/_egg-view-ejs@2.0.0@egg-view-ejs/config/config.default.js",
    "start": 1535452657934,
    "end": 1535452657935,
    "duration": 1,
    "pid": 4652,
    "index": 16
  },
  {
    "name": "Require(14) node_modules/_egg-mysql@3.0.0@egg-mysql/config/config.default.js",
    "start": 1535452657936,
    "end": 1535452657937,
    "duration": 1,
    "pid": 4652,
    "index": 17
  },
  {
    "name": "Require(15) node_modules/_egg@2.10.0@egg/config/config.default.js",
    "start": 1535452657939,
    "end": 1535452657941,
    "duration": 2,
    "pid": 4652,
    "index": 18
  },
  {
    "name": "Require(16) config/config.default.js",
    "start": 1535452657945,
    "end": 1535452657945,
    "duration": 0,
    "pid": 4652,
    "index": 19
  },
  {
    "name": "Require(17) node_modules/_egg-security@2.2.3@egg-security/config/config.local.js",
    "start": 1535452657946,
    "end": 1535452657947,
    "duration": 1,
    "pid": 4652,
    "index": 20
  },
  {
    "name": "Require(18) node_modules/_egg-watcher@3.0.0@egg-watcher/config/config.local.js",
    "start": 1535452657955,
    "end": 1535452657956,
    "duration": 1,
    "pid": 4652,
    "index": 21
  },
  {
    "name": "Require(19) node_modules/_egg-view@2.1.0@egg-view/config/config.local.js",
    "start": 1535452657958,
    "end": 1535452657958,
    "duration": 0,
    "pid": 4652,
    "index": 22
  },
  {
    "name": "Require(20) node_modules/_egg-view-ejs@2.0.0@egg-view-ejs/config/config.local.js",
    "start": 1535452657959,
    "end": 1535452657959,
    "duration": 0,
    "pid": 4652,
    "index": 23
  },
  {
    "name": "Require(21) node_modules/_egg@2.10.0@egg/config/config.local.js",
    "start": 1535452657960,
    "end": 1535452657961,
    "duration": 1,
    "pid": 4652,
    "index": 24
  },
  {
    "name": "Load extend/application.js",
    "start": 1535452657962,
    "end": 1535452657992,
    "duration": 30,
    "pid": 4652,
    "index": 25
  },
  {
    "name": "Require(22) node_modules/_egg-session@3.1.0@egg-session/app/extend/application.js",
    "start": 1535452657963,
    "end": 1535452657964,
    "duration": 1,
    "pid": 4652,
    "index": 26
  },
  {
    "name": "Require(23) node_modules/_egg-security@2.2.3@egg-security/app/extend/application.js",
    "start": 1535452657965,
    "end": 1535452657967,
    "duration": 2,
    "pid": 4652,
    "index": 27
  },
  {
    "name": "Require(24) node_modules/_egg-jsonp@2.0.0@egg-jsonp/app/extend/application.js",
    "start": 1535452657968,
    "end": 1535452657972,
    "duration": 4,
    "pid": 4652,
    "index": 28
  },
  {
    "name": "Require(25) node_modules/_egg-logrotator@3.0.3@egg-logrotator/app/extend/application.js",
    "start": 1535452657975,
    "end": 1535452657980,
    "duration": 5,
    "pid": 4652,
    "index": 29
  },
  {
    "name": "Require(26) node_modules/_egg-view@2.1.0@egg-view/app/extend/application.js",
    "start": 1535452657982,
    "end": 1535452657985,
    "duration": 3,
    "pid": 4652,
    "index": 30
  },
  {
    "name": "Load extend/request.js",
    "start": 1535452657992,
    "end": 1535452658011,
    "duration": 19,
    "pid": 4652,
    "index": 31
  },
  {
    "name": "Require(27) node_modules/_egg@2.10.0@egg/app/extend/request.js",
    "start": 1535452658000,
    "end": 1535452658004,
    "duration": 4,
    "pid": 4652,
    "index": 32
  },
  {
    "name": "Load extend/response.js",
    "start": 1535452658011,
    "end": 1535452658026,
    "duration": 15,
    "pid": 4652,
    "index": 33
  },
  {
    "name": "Require(28) node_modules/_egg@2.10.0@egg/app/extend/response.js",
    "start": 1535452658017,
    "end": 1535452658021,
    "duration": 4,
    "pid": 4652,
    "index": 34
  },
  {
    "name": "Load extend/context.js",
    "start": 1535452658026,
    "end": 1535452658153,
    "duration": 127,
    "pid": 4652,
    "index": 35
  },
  {
    "name": "Require(29) node_modules/_egg-security@2.2.3@egg-security/app/extend/context.js",
    "start": 1535452658027,
    "end": 1535452658053,
    "duration": 26,
    "pid": 4652,
    "index": 36
  },
  {
    "name": "Require(30) node_modules/_egg-jsonp@2.0.0@egg-jsonp/app/extend/context.js",
    "start": 1535452658054,
    "end": 1535452658057,
    "duration": 3,
    "pid": 4652,
    "index": 37
  },
  {
    "name": "Require(31) node_modules/_egg-i18n@2.0.0@egg-i18n/app/extend/context.js",
    "start": 1535452658058,
    "end": 1535452658059,
    "duration": 1,
    "pid": 4652,
    "index": 38
  },
  {
    "name": "Require(32) node_modules/_egg-multipart@2.1.0@egg-multipart/app/extend/context.js",
    "start": 1535452658060,
    "end": 1535452658134,
    "duration": 74,
    "pid": 4652,
    "index": 39
  },
  {
    "name": "Require(33) node_modules/_egg-view@2.1.0@egg-view/app/extend/context.js",
    "start": 1535452658136,
    "end": 1535452658139,
    "duration": 3,
    "pid": 4652,
    "index": 40
  },
  {
    "name": "Require(34) node_modules/_egg@2.10.0@egg/app/extend/context.js",
    "start": 1535452658141,
    "end": 1535452658147,
    "duration": 6,
    "pid": 4652,
    "index": 41
  },
  {
    "name": "Load extend/helper.js",
    "start": 1535452658153,
    "end": 1535452658209,
    "duration": 56,
    "pid": 4652,
    "index": 42
  },
  {
    "name": "Require(35) node_modules/_egg-security@2.2.3@egg-security/app/extend/helper.js",
    "start": 1535452658155,
    "end": 1535452658189,
    "duration": 34,
    "pid": 4652,
    "index": 43
  },
  {
    "name": "Require(36) node_modules/_egg@2.10.0@egg/app/extend/helper.js",
    "start": 1535452658193,
    "end": 1535452658194,
    "duration": 1,
    "pid": 4652,
    "index": 44
  },
  {
    "name": "Load app.js",
    "start": 1535452658209,
    "end": 1535452658541,
    "duration": 332,
    "pid": 4652,
    "index": 45
  },
  {
    "name": "Require(37) node_modules/_egg-session@3.1.0@egg-session/app.js",
    "start": 1535452658210,
    "end": 1535452658210,
    "duration": 0,
    "pid": 4652,
    "index": 46
  },
  {
    "name": "Require(38) node_modules/_egg-security@2.2.3@egg-security/app.js",
    "start": 1535452658211,
    "end": 1535452658216,
    "duration": 5,
    "pid": 4652,
    "index": 47
  },
  {
    "name": "Require(39) node_modules/_egg-onerror@2.1.0@egg-onerror/app.js",
    "start": 1535452658219,
    "end": 1535452658241,
    "duration": 22,
    "pid": 4652,
    "index": 48
  },
  {
    "name": "Require(40) node_modules/_egg-i18n@2.0.0@egg-i18n/app.js",
    "start": 1535452658243,
    "end": 1535452658259,
    "duration": 16,
    "pid": 4652,
    "index": 49
  },
  {
    "name": "Require(41) node_modules/_egg-watcher@3.0.0@egg-watcher/app.js",
    "start": 1535452658264,
    "end": 1535452658270,
    "duration": 6,
    "pid": 4652,
    "index": 50
  },
  {
    "name": "Before Start in node_modules/_egg-watcher@3.0.0@egg-watcher/app.js:15:7",
    "start": 1535452658290,
    "end": 1535452658786,
    "duration": 496,
    "pid": 4652,
    "index": 51
  },
  {
    "name": "Require(42) node_modules/_egg-multipart@2.1.0@egg-multipart/app.js",
    "start": 1535452658291,
    "end": 1535452658296,
    "duration": 5,
    "pid": 4652,
    "index": 52
  },
  {
    "name": "Require(43) node_modules/_egg-development@2.4.1@egg-development/app.js",
    "start": 1535452658298,
    "end": 1535452658298,
    "duration": 0,
    "pid": 4652,
    "index": 53
  },
  {
    "name": "Require(44) node_modules/_egg-schedule@3.3.0@egg-schedule/app.js",
    "start": 1535452658299,
    "end": 1535452658302,
    "duration": 3,
    "pid": 4652,
    "index": 54
  },
  {
    "name": "Require(45) node_modules/_egg-logrotator@3.0.3@egg-logrotator/app.js",
    "start": 1535452658367,
    "end": 1535452658368,
    "duration": 1,
    "pid": 4652,
    "index": 55
  },
  {
    "name": "Require(46) node_modules/_egg-static@2.1.1@egg-static/app.js",
    "start": 1535452658369,
    "end": 1535452658370,
    "duration": 1,
    "pid": 4652,
    "index": 56
  },
  {
    "name": "Require(47) node_modules/_egg-view-ejs@2.0.0@egg-view-ejs/app.js",
    "start": 1535452658371,
    "end": 1535452658372,
    "duration": 1,
    "pid": 4652,
    "index": 57
  },
  {
    "name": "Require(48) node_modules/_egg-mysql@3.0.0@egg-mysql/app.js",
    "start": 1535452658382,
    "end": 1535452658411,
    "duration": 29,
    "pid": 4652,
    "index": 58
  },
  {
    "name": "Before Start in node_modules/_egg-mysql@3.0.0@egg-mysql/lib/mysql.js:20:7",
    "start": 1535452658539,
    "end": 1535452658800,
    "duration": 261,
    "pid": 4652,
    "index": 59
  },
  {
    "name": "Load Service",
    "start": 1535452658542,
    "end": 1535452658549,
    "duration": 7,
    "pid": 4652,
    "index": 60
  },
  {
    "name": "Load \"service\" to Context",
    "start": 1535452658542,
    "end": 1535452658549,
    "duration": 7,
    "pid": 4652,
    "index": 61
  },
  {
    "name": "Load Middleware",
    "start": 1535452658550,
    "end": 1535452658709,
    "duration": 159,
    "pid": 4652,
    "index": 62
  },
  {
    "name": "Load \"middlewares\" to Application",
    "start": 1535452658550,
    "end": 1535452658683,
    "duration": 133,
    "pid": 4652,
    "index": 63
  },
  {
    "name": "Load Controller",
    "start": 1535452658709,
    "end": 1535452658712,
    "duration": 3,
    "pid": 4652,
    "index": 64
  },
  {
    "name": "Load \"controller\" to Application",
    "start": 1535452658709,
    "end": 1535452658712,
    "duration": 3,
    "pid": 4652,
    "index": 65
  },
  {
    "name": "Load Router",
    "start": 1535452658712,
    "end": 1535452658716,
    "duration": 4,
    "pid": 4652,
    "index": 66
  },
  {
    "name": "Require(49) app/router.js",
    "start": 1535452658713,
    "end": 1535452658714,
    "duration": 1,
    "pid": 4652,
    "index": 67
  },
  {
    "name": "Before Start in node_modules/_egg-core@4.9.1@egg-core/lib/egg.js:328:10",
    "start": 1535452658714,
    "end": 1535452658741,
    "duration": 27,
    "pid": 4652,
    "index": 68
  }
]