[
  {
    "name": "Application Start",
    "start": 1535451948017,
    "end": 1535451948681,
    "duration": 664,
    "pid": 13992,
    "index": 0
  },
  {
    "name": "Load Plugin",
    "start": 1535451948024,
    "end": 1535451948056,
    "duration": 32,
    "pid": 13992,
    "index": 1
  },
  {
    "name": "Load Config",
    "start": 1535451948056,
    "end": 1535451948088,
    "duration": 32,
    "pid": 13992,
    "index": 2
  },
  {
    "name": "Require(0) config/config.default.js",
    "start": 1535451948057,
    "end": 1535451948057,
    "duration": 0,
    "pid": 13992,
    "index": 3
  },
  {
    "name": "Require(1) node_modules/_egg-session@3.1.0@egg-session/config/config.default.js",
    "start": 1535451948059,
    "end": 1535451948060,
    "duration": 1,
    "pid": 13992,
    "index": 4
  },
  {
    "name": "Require(2) node_modules/_egg-security@2.2.3@egg-security/config/config.default.js",
    "start": 1535451948061,
    "end": 1535451948062,
    "duration": 1,
    "pid": 13992,
    "index": 5
  },
  {
    "name": "Require(3) node_modules/_egg-jsonp@2.0.0@egg-jsonp/config/config.default.js",
    "start": 1535451948063,
    "end": 1535451948064,
    "duration": 1,
    "pid": 13992,
    "index": 6
  },
  {
    "name": "Require(4) node_modules/_egg-onerror@2.1.0@egg-onerror/config/config.default.js",
    "start": 1535451948064,
    "end": 1535451948065,
    "duration": 1,
    "pid": 13992,
    "index": 7
  },
  {
    "name": "Require(5) node_modules/_egg-i18n@2.0.0@egg-i18n/config/config.default.js",
    "start": 1535451948065,
    "end": 1535451948066,
    "duration": 1,
    "pid": 13992,
    "index": 8
  },
  {
    "name": "Require(6) node_modules/_egg-watcher@3.0.0@egg-watcher/config/config.default.js",
    "start": 1535451948067,
    "end": 1535451948067,
    "duration": 0,
    "pid": 13992,
    "index": 9
  },
  {
    "name": "Require(7) node_modules/_egg-multipart@2.1.0@egg-multipart/config/config.default.js",
    "start": 1535451948068,
    "end": 1535451948068,
    "duration": 0,
    "pid": 13992,
    "index": 10
  },
  {
    "name": "Require(8) node_modules/_egg-development@2.4.1@egg-development/config/config.default.js",
    "start": 1535451948069,
    "end": 1535451948069,
    "duration": 0,
    "pid": 13992,
    "index": 11
  },
  {
    "name": "Require(9) node_modules/_egg-schedule@3.3.0@egg-schedule/config/config.default.js",
    "start": 1535451948070,
    "end": 1535451948070,
    "duration": 0,
    "pid": 13992,
    "index": 12
  },
  {
    "name": "Require(10) node_modules/_egg-logrotator@3.0.3@egg-logrotator/config/config.default.js",
    "start": 1535451948071,
    "end": 1535451948072,
    "duration": 1,
    "pid": 13992,
    "index": 13
  },
  {
    "name": "Require(11) node_modules/_egg-static@2.1.1@egg-static/config/config.default.js",
    "start": 1535451948072,
    "end": 1535451948073,
    "duration": 1,
    "pid": 13992,
    "index": 14
  },
  {
    "name": "Require(12) node_modules/_egg-view@2.1.0@egg-view/config/config.default.js",
    "start": 1535451948073,
    "end": 1535451948074,
    "duration": 1,
    "pid": 13992,
    "index": 15
  },
  {
    "name": "Require(13) node_modules/_egg-view-ejs@2.0.0@egg-view-ejs/config/config.default.js",
    "start": 1535451948075,
    "end": 1535451948075,
    "duration": 0,
    "pid": 13992,
    "index": 16
  },
  {
    "name": "Require(14) node_modules/_egg-mysql@3.0.0@egg-mysql/config/config.default.js",
    "start": 1535451948076,
    "end": 1535451948077,
    "duration": 1,
    "pid": 13992,
    "index": 17
  },
  {
    "name": "Require(15) node_modules/_egg@2.10.0@egg/config/config.default.js",
    "start": 1535451948077,
    "end": 1535451948078,
    "duration": 1,
    "pid": 13992,
    "index": 18
  },
  {
    "name": "Require(16) config/config.default.js",
    "start": 1535451948080,
    "end": 1535451948080,
    "duration": 0,
    "pid": 13992,
    "index": 19
  },
  {
    "name": "Require(17) node_modules/_egg-security@2.2.3@egg-security/config/config.local.js",
    "start": 1535451948081,
    "end": 1535451948081,
    "duration": 0,
    "pid": 13992,
    "index": 20
  },
  {
    "name": "Require(18) node_modules/_egg-watcher@3.0.0@egg-watcher/config/config.local.js",
    "start": 1535451948083,
    "end": 1535451948083,
    "duration": 0,
    "pid": 13992,
    "index": 21
  },
  {
    "name": "Require(19) node_modules/_egg-view@2.1.0@egg-view/config/config.local.js",
    "start": 1535451948085,
    "end": 1535451948085,
    "duration": 0,
    "pid": 13992,
    "index": 22
  },
  {
    "name": "Require(20) node_modules/_egg-view-ejs@2.0.0@egg-view-ejs/config/config.local.js",
    "start": 1535451948086,
    "end": 1535451948086,
    "duration": 0,
    "pid": 13992,
    "index": 23
  },
  {
    "name": "Require(21) node_modules/_egg@2.10.0@egg/config/config.local.js",
    "start": 1535451948087,
    "end": 1535451948088,
    "duration": 1,
    "pid": 13992,
    "index": 24
  },
  {
    "name": "Load extend/application.js",
    "start": 1535451948090,
    "end": 1535451948118,
    "duration": 28,
    "pid": 13992,
    "index": 25
  },
  {
    "name": "Require(22) node_modules/_egg-session@3.1.0@egg-session/app/extend/application.js",
    "start": 1535451948091,
    "end": 1535451948091,
    "duration": 0,
    "pid": 13992,
    "index": 26
  },
  {
    "name": "Require(23) node_modules/_egg-security@2.2.3@egg-security/app/extend/application.js",
    "start": 1535451948092,
    "end": 1535451948096,
    "duration": 4,
    "pid": 13992,
    "index": 27
  },
  {
    "name": "Require(24) node_modules/_egg-jsonp@2.0.0@egg-jsonp/app/extend/application.js",
    "start": 1535451948097,
    "end": 1535451948100,
    "duration": 3,
    "pid": 13992,
    "index": 28
  },
  {
    "name": "Require(25) node_modules/_egg-logrotator@3.0.3@egg-logrotator/app/extend/application.js",
    "start": 1535451948106,
    "end": 1535451948110,
    "duration": 4,
    "pid": 13992,
    "index": 29
  },
  {
    "name": "Require(26) node_modules/_egg-view@2.1.0@egg-view/app/extend/application.js",
    "start": 1535451948110,
    "end": 1535451948113,
    "duration": 3,
    "pid": 13992,
    "index": 30
  },
  {
    "name": "Load extend/request.js",
    "start": 1535451948118,
    "end": 1535451948129,
    "duration": 11,
    "pid": 13992,
    "index": 31
  },
  {
    "name": "Require(27) node_modules/_egg@2.10.0@egg/app/extend/request.js",
    "start": 1535451948123,
    "end": 1535451948125,
    "duration": 2,
    "pid": 13992,
    "index": 32
  },
  {
    "name": "Load extend/response.js",
    "start": 1535451948129,
    "end": 1535451948141,
    "duration": 12,
    "pid": 13992,
    "index": 33
  },
  {
    "name": "Require(28) node_modules/_egg@2.10.0@egg/app/extend/response.js",
    "start": 1535451948133,
    "end": 1535451948138,
    "duration": 5,
    "pid": 13992,
    "index": 34
  },
  {
    "name": "Load extend/context.js",
    "start": 1535451948142,
    "end": 1535451948231,
    "duration": 89,
    "pid": 13992,
    "index": 35
  },
  {
    "name": "Require(29) node_modules/_egg-security@2.2.3@egg-security/app/extend/context.js",
    "start": 1535451948142,
    "end": 1535451948161,
    "duration": 19,
    "pid": 13992,
    "index": 36
  },
  {
    "name": "Require(30) node_modules/_egg-jsonp@2.0.0@egg-jsonp/app/extend/context.js",
    "start": 1535451948161,
    "end": 1535451948163,
    "duration": 2,
    "pid": 13992,
    "index": 37
  },
  {
    "name": "Require(31) node_modules/_egg-i18n@2.0.0@egg-i18n/app/extend/context.js",
    "start": 1535451948164,
    "end": 1535451948164,
    "duration": 0,
    "pid": 13992,
    "index": 38
  },
  {
    "name": "Require(32) node_modules/_egg-multipart@2.1.0@egg-multipart/app/extend/context.js",
    "start": 1535451948165,
    "end": 1535451948219,
    "duration": 54,
    "pid": 13992,
    "index": 39
  },
  {
    "name": "Require(33) node_modules/_egg-view@2.1.0@egg-view/app/extend/context.js",
    "start": 1535451948221,
    "end": 1535451948223,
    "duration": 2,
    "pid": 13992,
    "index": 40
  },
  {
    "name": "Require(34) node_modules/_egg@2.10.0@egg/app/extend/context.js",
    "start": 1535451948224,
    "end": 1535451948226,
    "duration": 2,
    "pid": 13992,
    "index": 41
  },
  {
    "name": "Load extend/helper.js",
    "start": 1535451948231,
    "end": 1535451948261,
    "duration": 30,
    "pid": 13992,
    "index": 42
  },
  {
    "name": "Require(35) node_modules/_egg-security@2.2.3@egg-security/app/extend/helper.js",
    "start": 1535451948232,
    "end": 1535451948253,
    "duration": 21,
    "pid": 13992,
    "index": 43
  },
  {
    "name": "Require(36) node_modules/_egg@2.10.0@egg/app/extend/helper.js",
    "start": 1535451948256,
    "end": 1535451948257,
    "duration": 1,
    "pid": 13992,
    "index": 44
  },
  {
    "name": "Load app.js",
    "start": 1535451948261,
    "end": 1535451948506,
    "duration": 245,
    "pid": 13992,
    "index": 45
  },
  {
    "name": "Require(37) node_modules/_egg-session@3.1.0@egg-session/app.js",
    "start": 1535451948262,
    "end": 1535451948262,
    "duration": 0,
    "pid": 13992,
    "index": 46
  },
  {
    "name": "Require(38) node_modules/_egg-security@2.2.3@egg-security/app.js",
    "start": 1535451948263,
    "end": 1535451948266,
    "duration": 3,
    "pid": 13992,
    "index": 47
  },
  {
    "name": "Require(39) node_modules/_egg-onerror@2.1.0@egg-onerror/app.js",
    "start": 1535451948268,
    "end": 1535451948281,
    "duration": 13,
    "pid": 13992,
    "index": 48
  },
  {
    "name": "Require(40) node_modules/_egg-i18n@2.0.0@egg-i18n/app.js",
    "start": 1535451948282,
    "end": 1535451948293,
    "duration": 11,
    "pid": 13992,
    "index": 49
  },
  {
    "name": "Require(41) node_modules/_egg-watcher@3.0.0@egg-watcher/app.js",
    "start": 1535451948298,
    "end": 1535451948305,
    "duration": 7,
    "pid": 13992,
    "index": 50
  },
  {
    "name": "Before Start in node_modules/_egg-watcher@3.0.0@egg-watcher/app.js:15:7",
    "start": 1535451948315,
    "end": 1535451948677,
    "duration": 362,
    "pid": 13992,
    "index": 51
  },
  {
    "name": "Require(42) node_modules/_egg-multipart@2.1.0@egg-multipart/app.js",
    "start": 1535451948317,
    "end": 1535451948321,
    "duration": 4,
    "pid": 13992,
    "index": 52
  },
  {
    "name": "Require(43) node_modules/_egg-development@2.4.1@egg-development/app.js",
    "start": 1535451948323,
    "end": 1535451948323,
    "duration": 0,
    "pid": 13992,
    "index": 53
  },
  {
    "name": "Require(44) node_modules/_egg-schedule@3.3.0@egg-schedule/app.js",
    "start": 1535451948324,
    "end": 1535451948327,
    "duration": 3,
    "pid": 13992,
    "index": 54
  },
  {
    "name": "Require(45) node_modules/_egg-logrotator@3.0.3@egg-logrotator/app.js",
    "start": 1535451948375,
    "end": 1535451948375,
    "duration": 0,
    "pid": 13992,
    "index": 55
  },
  {
    "name": "Require(46) node_modules/_egg-static@2.1.1@egg-static/app.js",
    "start": 1535451948376,
    "end": 1535451948376,
    "duration": 0,
    "pid": 13992,
    "index": 56
  },
  {
    "name": "Require(47) node_modules/_egg-view-ejs@2.0.0@egg-view-ejs/app.js",
    "start": 1535451948377,
    "end": 1535451948378,
    "duration": 1,
    "pid": 13992,
    "index": 57
  },
  {
    "name": "Require(48) node_modules/_egg-mysql@3.0.0@egg-mysql/app.js",
    "start": 1535451948384,
    "end": 1535451948409,
    "duration": 25,
    "pid": 13992,
    "index": 58
  },
  {
    "name": "Before Start in node_modules/_egg-mysql@3.0.0@egg-mysql/lib/mysql.js:20:7",
    "start": 1535451948505,
    "end": 1535451948681,
    "duration": 176,
    "pid": 13992,
    "index": 59
  },
  {
    "name": "Load Service",
    "start": 1535451948506,
    "end": 1535451948514,
    "duration": 8,
    "pid": 13992,
    "index": 60
  },
  {
    "name": "Load \"service\" to Context",
    "start": 1535451948507,
    "end": 1535451948514,
    "duration": 7,
    "pid": 13992,
    "index": 61
  },
  {
    "name": "Load Middleware",
    "start": 1535451948514,
    "end": 1535451948634,
    "duration": 120,
    "pid": 13992,
    "index": 62
  },
  {
    "name": "Load \"middlewares\" to Application",
    "start": 1535451948514,
    "end": 1535451948618,
    "duration": 104,
    "pid": 13992,
    "index": 63
  },
  {
    "name": "Load Controller",
    "start": 1535451948634,
    "end": 1535451948638,
    "duration": 4,
    "pid": 13992,
    "index": 64
  },
  {
    "name": "Load \"controller\" to Application",
    "start": 1535451948634,
    "end": 1535451948638,
    "duration": 4,
    "pid": 13992,
    "index": 65
  },
  {
    "name": "Load Router",
    "start": 1535451948638,
    "end": 1535451948641,
    "duration": 3,
    "pid": 13992,
    "index": 66
  },
  {
    "name": "Require(49) app/router.js",
    "start": 1535451948638,
    "end": 1535451948638,
    "duration": 0,
    "pid": 13992,
    "index": 67
  },
  {
    "name": "Before Start in node_modules/_egg-core@4.9.1@egg-core/lib/egg.js:328:10",
    "start": 1535451948639,
    "end": 1535451948660,
    "duration": 21,
    "pid": 13992,
    "index": 68
  }
]