[
  {
    "name": "Application Start",
    "start": 1535453689961,
    "end": 1535453690752,
    "duration": 791,
    "pid": 8044,
    "index": 0
  },
  {
    "name": "Load Plugin",
    "start": 1535453689969,
    "end": 1535453690002,
    "duration": 33,
    "pid": 8044,
    "index": 1
  },
  {
    "name": "Load Config",
    "start": 1535453690002,
    "end": 1535453690047,
    "duration": 45,
    "pid": 8044,
    "index": 2
  },
  {
    "name": "Require(0) config/config.default.js",
    "start": 1535453690003,
    "end": 1535453690004,
    "duration": 1,
    "pid": 8044,
    "index": 3
  },
  {
    "name": "Require(1) node_modules/_egg-session@3.1.0@egg-session/config/config.default.js",
    "start": 1535453690006,
    "end": 1535453690006,
    "duration": 0,
    "pid": 8044,
    "index": 4
  },
  {
    "name": "Require(2) node_modules/_egg-security@2.2.3@egg-security/config/config.default.js",
    "start": 1535453690007,
    "end": 1535453690008,
    "duration": 1,
    "pid": 8044,
    "index": 5
  },
  {
    "name": "Require(3) node_modules/_egg-jsonp@2.0.0@egg-jsonp/config/config.default.js",
    "start": 1535453690010,
    "end": 1535453690010,
    "duration": 0,
    "pid": 8044,
    "index": 6
  },
  {
    "name": "Require(4) node_modules/_egg-onerror@2.1.0@egg-onerror/config/config.default.js",
    "start": 1535453690011,
    "end": 1535453690012,
    "duration": 1,
    "pid": 8044,
    "index": 7
  },
  {
    "name": "Require(5) node_modules/_egg-i18n@2.0.0@egg-i18n/config/config.default.js",
    "start": 1535453690013,
    "end": 1535453690014,
    "duration": 1,
    "pid": 8044,
    "index": 8
  },
  {
    "name": "Require(6) node_modules/_egg-watcher@3.0.0@egg-watcher/config/config.default.js",
    "start": 1535453690015,
    "end": 1535453690015,
    "duration": 0,
    "pid": 8044,
    "index": 9
  },
  {
    "name": "Require(7) node_modules/_egg-multipart@2.1.0@egg-multipart/config/config.default.js",
    "start": 1535453690016,
    "end": 1535453690017,
    "duration": 1,
    "pid": 8044,
    "index": 10
  },
  {
    "name": "Require(8) node_modules/_egg-development@2.4.1@egg-development/config/config.default.js",
    "start": 1535453690017,
    "end": 1535453690018,
    "duration": 1,
    "pid": 8044,
    "index": 11
  },
  {
    "name": "Require(9) node_modules/_egg-schedule@3.3.0@egg-schedule/config/config.default.js",
    "start": 1535453690019,
    "end": 1535453690019,
    "duration": 0,
    "pid": 8044,
    "index": 12
  },
  {
    "name": "Require(10) node_modules/_egg-logrotator@3.0.3@egg-logrotator/config/config.default.js",
    "start": 1535453690020,
    "end": 1535453690021,
    "duration": 1,
    "pid": 8044,
    "index": 13
  },
  {
    "name": "Require(11) node_modules/_egg-static@2.1.1@egg-static/config/config.default.js",
    "start": 1535453690021,
    "end": 1535453690022,
    "duration": 1,
    "pid": 8044,
    "index": 14
  },
  {
    "name": "Require(12) node_modules/_egg-view@2.1.0@egg-view/config/config.default.js",
    "start": 1535453690023,
    "end": 1535453690023,
    "duration": 0,
    "pid": 8044,
    "index": 15
  },
  {
    "name": "Require(13) node_modules/_egg-view-ejs@2.0.0@egg-view-ejs/config/config.default.js",
    "start": 1535453690024,
    "end": 1535453690024,
    "duration": 0,
    "pid": 8044,
    "index": 16
  },
  {
    "name": "Require(14) node_modules/_egg-mysql@3.0.0@egg-mysql/config/config.default.js",
    "start": 1535453690025,
    "end": 1535453690026,
    "duration": 1,
    "pid": 8044,
    "index": 17
  },
  {
    "name": "Require(15) node_modules/_egg@2.10.0@egg/config/config.default.js",
    "start": 1535453690028,
    "end": 1535453690032,
    "duration": 4,
    "pid": 8044,
    "index": 18
  },
  {
    "name": "Require(16) config/config.default.js",
    "start": 1535453690036,
    "end": 1535453690036,
    "duration": 0,
    "pid": 8044,
    "index": 19
  },
  {
    "name": "Require(17) node_modules/_egg-security@2.2.3@egg-security/config/config.local.js",
    "start": 1535453690037,
    "end": 1535453690037,
    "duration": 0,
    "pid": 8044,
    "index": 20
  },
  {
    "name": "Require(18) node_modules/_egg-watcher@3.0.0@egg-watcher/config/config.local.js",
    "start": 1535453690040,
    "end": 1535453690040,
    "duration": 0,
    "pid": 8044,
    "index": 21
  },
  {
    "name": "Require(19) node_modules/_egg-view@2.1.0@egg-view/config/config.local.js",
    "start": 1535453690043,
    "end": 1535453690044,
    "duration": 1,
    "pid": 8044,
    "index": 22
  },
  {
    "name": "Require(20) node_modules/_egg-view-ejs@2.0.0@egg-view-ejs/config/config.local.js",
    "start": 1535453690045,
    "end": 1535453690045,
    "duration": 0,
    "pid": 8044,
    "index": 23
  },
  {
    "name": "Require(21) node_modules/_egg@2.10.0@egg/config/config.local.js",
    "start": 1535453690046,
    "end": 1535453690047,
    "duration": 1,
    "pid": 8044,
    "index": 24
  },
  {
    "name": "Load extend/application.js",
    "start": 1535453690049,
    "end": 1535453690076,
    "duration": 27,
    "pid": 8044,
    "index": 25
  },
  {
    "name": "Require(22) node_modules/_egg-session@3.1.0@egg-session/app/extend/application.js",
    "start": 1535453690050,
    "end": 1535453690051,
    "duration": 1,
    "pid": 8044,
    "index": 26
  },
  {
    "name": "Require(23) node_modules/_egg-security@2.2.3@egg-security/app/extend/application.js",
    "start": 1535453690052,
    "end": 1535453690053,
    "duration": 1,
    "pid": 8044,
    "index": 27
  },
  {
    "name": "Require(24) node_modules/_egg-jsonp@2.0.0@egg-jsonp/app/extend/application.js",
    "start": 1535453690057,
    "end": 1535453690061,
    "duration": 4,
    "pid": 8044,
    "index": 28
  },
  {
    "name": "Require(25) node_modules/_egg-logrotator@3.0.3@egg-logrotator/app/extend/application.js",
    "start": 1535453690063,
    "end": 1535453690067,
    "duration": 4,
    "pid": 8044,
    "index": 29
  },
  {
    "name": "Require(26) node_modules/_egg-view@2.1.0@egg-view/app/extend/application.js",
    "start": 1535453690068,
    "end": 1535453690070,
    "duration": 2,
    "pid": 8044,
    "index": 30
  },
  {
    "name": "Load extend/request.js",
    "start": 1535453690076,
    "end": 1535453690087,
    "duration": 11,
    "pid": 8044,
    "index": 31
  },
  {
    "name": "Require(27) node_modules/_egg@2.10.0@egg/app/extend/request.js",
    "start": 1535453690080,
    "end": 1535453690083,
    "duration": 3,
    "pid": 8044,
    "index": 32
  },
  {
    "name": "Load extend/response.js",
    "start": 1535453690087,
    "end": 1535453690099,
    "duration": 12,
    "pid": 8044,
    "index": 33
  },
  {
    "name": "Require(28) node_modules/_egg@2.10.0@egg/app/extend/response.js",
    "start": 1535453690091,
    "end": 1535453690095,
    "duration": 4,
    "pid": 8044,
    "index": 34
  },
  {
    "name": "Load extend/context.js",
    "start": 1535453690099,
    "end": 1535453690200,
    "duration": 101,
    "pid": 8044,
    "index": 35
  },
  {
    "name": "Require(29) node_modules/_egg-security@2.2.3@egg-security/app/extend/context.js",
    "start": 1535453690099,
    "end": 1535453690122,
    "duration": 23,
    "pid": 8044,
    "index": 36
  },
  {
    "name": "Require(30) node_modules/_egg-jsonp@2.0.0@egg-jsonp/app/extend/context.js",
    "start": 1535453690122,
    "end": 1535453690124,
    "duration": 2,
    "pid": 8044,
    "index": 37
  },
  {
    "name": "Require(31) node_modules/_egg-i18n@2.0.0@egg-i18n/app/extend/context.js",
    "start": 1535453690125,
    "end": 1535453690126,
    "duration": 1,
    "pid": 8044,
    "index": 38
  },
  {
    "name": "Require(32) node_modules/_egg-multipart@2.1.0@egg-multipart/app/extend/context.js",
    "start": 1535453690127,
    "end": 1535453690188,
    "duration": 61,
    "pid": 8044,
    "index": 39
  },
  {
    "name": "Require(33) node_modules/_egg-view@2.1.0@egg-view/app/extend/context.js",
    "start": 1535453690190,
    "end": 1535453690191,
    "duration": 1,
    "pid": 8044,
    "index": 40
  },
  {
    "name": "Require(34) node_modules/_egg@2.10.0@egg/app/extend/context.js",
    "start": 1535453690192,
    "end": 1535453690196,
    "duration": 4,
    "pid": 8044,
    "index": 41
  },
  {
    "name": "Load extend/helper.js",
    "start": 1535453690201,
    "end": 1535453690241,
    "duration": 40,
    "pid": 8044,
    "index": 42
  },
  {
    "name": "Require(35) node_modules/_egg-security@2.2.3@egg-security/app/extend/helper.js",
    "start": 1535453690201,
    "end": 1535453690232,
    "duration": 31,
    "pid": 8044,
    "index": 43
  },
  {
    "name": "Require(36) node_modules/_egg@2.10.0@egg/app/extend/helper.js",
    "start": 1535453690236,
    "end": 1535453690237,
    "duration": 1,
    "pid": 8044,
    "index": 44
  },
  {
    "name": "Load app.js",
    "start": 1535453690241,
    "end": 1535453690519,
    "duration": 278,
    "pid": 8044,
    "index": 45
  },
  {
    "name": "Require(37) node_modules/_egg-session@3.1.0@egg-session/app.js",
    "start": 1535453690242,
    "end": 1535453690242,
    "duration": 0,
    "pid": 8044,
    "index": 46
  },
  {
    "name": "Require(38) node_modules/_egg-security@2.2.3@egg-security/app.js",
    "start": 1535453690243,
    "end": 1535453690246,
    "duration": 3,
    "pid": 8044,
    "index": 47
  },
  {
    "name": "Require(39) node_modules/_egg-onerror@2.1.0@egg-onerror/app.js",
    "start": 1535453690247,
    "end": 1535453690264,
    "duration": 17,
    "pid": 8044,
    "index": 48
  },
  {
    "name": "Require(40) node_modules/_egg-i18n@2.0.0@egg-i18n/app.js",
    "start": 1535453690266,
    "end": 1535453690279,
    "duration": 13,
    "pid": 8044,
    "index": 49
  },
  {
    "name": "Require(41) node_modules/_egg-watcher@3.0.0@egg-watcher/app.js",
    "start": 1535453690283,
    "end": 1535453690289,
    "duration": 6,
    "pid": 8044,
    "index": 50
  },
  {
    "name": "Before Start in node_modules/_egg-watcher@3.0.0@egg-watcher/app.js:15:7",
    "start": 1535453690301,
    "end": 1535453690747,
    "duration": 446,
    "pid": 8044,
    "index": 51
  },
  {
    "name": "Require(42) node_modules/_egg-multipart@2.1.0@egg-multipart/app.js",
    "start": 1535453690303,
    "end": 1535453690309,
    "duration": 6,
    "pid": 8044,
    "index": 52
  },
  {
    "name": "Require(43) node_modules/_egg-development@2.4.1@egg-development/app.js",
    "start": 1535453690310,
    "end": 1535453690310,
    "duration": 0,
    "pid": 8044,
    "index": 53
  },
  {
    "name": "Require(44) node_modules/_egg-schedule@3.3.0@egg-schedule/app.js",
    "start": 1535453690311,
    "end": 1535453690314,
    "duration": 3,
    "pid": 8044,
    "index": 54
  },
  {
    "name": "Require(45) node_modules/_egg-logrotator@3.0.3@egg-logrotator/app.js",
    "start": 1535453690371,
    "end": 1535453690371,
    "duration": 0,
    "pid": 8044,
    "index": 55
  },
  {
    "name": "Require(46) node_modules/_egg-static@2.1.1@egg-static/app.js",
    "start": 1535453690372,
    "end": 1535453690372,
    "duration": 0,
    "pid": 8044,
    "index": 56
  },
  {
    "name": "Require(47) node_modules/_egg-view-ejs@2.0.0@egg-view-ejs/app.js",
    "start": 1535453690374,
    "end": 1535453690374,
    "duration": 0,
    "pid": 8044,
    "index": 57
  },
  {
    "name": "Require(48) node_modules/_egg-mysql@3.0.0@egg-mysql/app.js",
    "start": 1535453690381,
    "end": 1535453690405,
    "duration": 24,
    "pid": 8044,
    "index": 58
  },
  {
    "name": "Before Start in node_modules/_egg-mysql@3.0.0@egg-mysql/lib/mysql.js:20:7",
    "start": 1535453690516,
    "end": 1535453690752,
    "duration": 236,
    "pid": 8044,
    "index": 59
  },
  {
    "name": "Load Service",
    "start": 1535453690519,
    "end": 1535453690526,
    "duration": 7,
    "pid": 8044,
    "index": 60
  },
  {
    "name": "Load \"service\" to Context",
    "start": 1535453690520,
    "end": 1535453690526,
    "duration": 6,
    "pid": 8044,
    "index": 61
  },
  {
    "name": "Load Middleware",
    "start": 1535453690527,
    "end": 1535453690687,
    "duration": 160,
    "pid": 8044,
    "index": 62
  },
  {
    "name": "Load \"middlewares\" to Application",
    "start": 1535453690528,
    "end": 1535453690663,
    "duration": 135,
    "pid": 8044,
    "index": 63
  },
  {
    "name": "Load Controller",
    "start": 1535453690687,
    "end": 1535453690691,
    "duration": 4,
    "pid": 8044,
    "index": 64
  },
  {
    "name": "Load \"controller\" to Application",
    "start": 1535453690687,
    "end": 1535453690691,
    "duration": 4,
    "pid": 8044,
    "index": 65
  },
  {
    "name": "Load Router",
    "start": 1535453690691,
    "end": 1535453690695,
    "duration": 4,
    "pid": 8044,
    "index": 66
  },
  {
    "name": "Require(49) app/router.js",
    "start": 1535453690691,
    "end": 1535453690692,
    "duration": 1,
    "pid": 8044,
    "index": 67
  },
  {
    "name": "Before Start in node_modules/_egg-core@4.9.1@egg-core/lib/egg.js:328:10",
    "start": 1535453690692,
    "end": 1535453690724,
    "duration": 32,
    "pid": 8044,
    "index": 68
  }
]