[
  {
    "name": "Application Start",
    "start": 1535453737108,
    "end": 1535453737969,
    "duration": 861,
    "pid": 18244,
    "index": 0
  },
  {
    "name": "Load Plugin",
    "start": 1535453737117,
    "end": 1535453737157,
    "duration": 40,
    "pid": 18244,
    "index": 1
  },
  {
    "name": "Load Config",
    "start": 1535453737158,
    "end": 1535453737232,
    "duration": 74,
    "pid": 18244,
    "index": 2
  },
  {
    "name": "Require(0) config/config.default.js",
    "start": 1535453737160,
    "end": 1535453737163,
    "duration": 3,
    "pid": 18244,
    "index": 3
  },
  {
    "name": "Require(1) node_modules/_egg-session@3.1.0@egg-session/config/config.default.js",
    "start": 1535453737167,
    "end": 1535453737167,
    "duration": 0,
    "pid": 18244,
    "index": 4
  },
  {
    "name": "Require(2) node_modules/_egg-security@2.2.3@egg-security/config/config.default.js",
    "start": 1535453737169,
    "end": 1535453737170,
    "duration": 1,
    "pid": 18244,
    "index": 5
  },
  {
    "name": "Require(3) node_modules/_egg-jsonp@2.0.0@egg-jsonp/config/config.default.js",
    "start": 1535453737172,
    "end": 1535453737177,
    "duration": 5,
    "pid": 18244,
    "index": 6
  },
  {
    "name": "Require(4) node_modules/_egg-onerror@2.1.0@egg-onerror/config/config.default.js",
    "start": 1535453737178,
    "end": 1535453737179,
    "duration": 1,
    "pid": 18244,
    "index": 7
  },
  {
    "name": "Require(5) node_modules/_egg-i18n@2.0.0@egg-i18n/config/config.default.js",
    "start": 1535453737181,
    "end": 1535453737183,
    "duration": 2,
    "pid": 18244,
    "index": 8
  },
  {
    "name": "Require(6) node_modules/_egg-watcher@3.0.0@egg-watcher/config/config.default.js",
    "start": 1535453737185,
    "end": 1535453737186,
    "duration": 1,
    "pid": 18244,
    "index": 9
  },
  {
    "name": "Require(7) node_modules/_egg-multipart@2.1.0@egg-multipart/config/config.default.js",
    "start": 1535453737187,
    "end": 1535453737187,
    "duration": 0,
    "pid": 18244,
    "index": 10
  },
  {
    "name": "Require(8) node_modules/_egg-development@2.4.1@egg-development/config/config.default.js",
    "start": 1535453737189,
    "end": 1535453737190,
    "duration": 1,
    "pid": 18244,
    "index": 11
  },
  {
    "name": "Require(9) node_modules/_egg-schedule@3.3.0@egg-schedule/config/config.default.js",
    "start": 1535453737191,
    "end": 1535453737192,
    "duration": 1,
    "pid": 18244,
    "index": 12
  },
  {
    "name": "Require(10) node_modules/_egg-logrotator@3.0.3@egg-logrotator/config/config.default.js",
    "start": 1535453737193,
    "end": 1535453737196,
    "duration": 3,
    "pid": 18244,
    "index": 13
  },
  {
    "name": "Require(11) node_modules/_egg-static@2.1.1@egg-static/config/config.default.js",
    "start": 1535453737202,
    "end": 1535453737203,
    "duration": 1,
    "pid": 18244,
    "index": 14
  },
  {
    "name": "Require(12) node_modules/_egg-view@2.1.0@egg-view/config/config.default.js",
    "start": 1535453737205,
    "end": 1535453737206,
    "duration": 1,
    "pid": 18244,
    "index": 15
  },
  {
    "name": "Require(13) node_modules/_egg-view-ejs@2.0.0@egg-view-ejs/config/config.default.js",
    "start": 1535453737207,
    "end": 1535453737207,
    "duration": 0,
    "pid": 18244,
    "index": 16
  },
  {
    "name": "Require(14) node_modules/_egg-mysql@3.0.0@egg-mysql/config/config.default.js",
    "start": 1535453737208,
    "end": 1535453737209,
    "duration": 1,
    "pid": 18244,
    "index": 17
  },
  {
    "name": "Require(15) node_modules/_egg@2.10.0@egg/config/config.default.js",
    "start": 1535453737210,
    "end": 1535453737211,
    "duration": 1,
    "pid": 18244,
    "index": 18
  },
  {
    "name": "Require(16) config/config.default.js",
    "start": 1535453737222,
    "end": 1535453737223,
    "duration": 1,
    "pid": 18244,
    "index": 19
  },
  {
    "name": "Require(17) node_modules/_egg-security@2.2.3@egg-security/config/config.local.js",
    "start": 1535453737224,
    "end": 1535453737224,
    "duration": 0,
    "pid": 18244,
    "index": 20
  },
  {
    "name": "Require(18) node_modules/_egg-watcher@3.0.0@egg-watcher/config/config.local.js",
    "start": 1535453737226,
    "end": 1535453737226,
    "duration": 0,
    "pid": 18244,
    "index": 21
  },
  {
    "name": "Require(19) node_modules/_egg-view@2.1.0@egg-view/config/config.local.js",
    "start": 1535453737228,
    "end": 1535453737229,
    "duration": 1,
    "pid": 18244,
    "index": 22
  },
  {
    "name": "Require(20) node_modules/_egg-view-ejs@2.0.0@egg-view-ejs/config/config.local.js",
    "start": 1535453737229,
    "end": 1535453737230,
    "duration": 1,
    "pid": 18244,
    "index": 23
  },
  {
    "name": "Require(21) node_modules/_egg@2.10.0@egg/config/config.local.js",
    "start": 1535453737231,
    "end": 1535453737232,
    "duration": 1,
    "pid": 18244,
    "index": 24
  },
  {
    "name": "Load extend/application.js",
    "start": 1535453737234,
    "end": 1535453737265,
    "duration": 31,
    "pid": 18244,
    "index": 25
  },
  {
    "name": "Require(22) node_modules/_egg-session@3.1.0@egg-session/app/extend/application.js",
    "start": 1535453737235,
    "end": 1535453737236,
    "duration": 1,
    "pid": 18244,
    "index": 26
  },
  {
    "name": "Require(23) node_modules/_egg-security@2.2.3@egg-security/app/extend/application.js",
    "start": 1535453737237,
    "end": 1535453737239,
    "duration": 2,
    "pid": 18244,
    "index": 27
  },
  {
    "name": "Require(24) node_modules/_egg-jsonp@2.0.0@egg-jsonp/app/extend/application.js",
    "start": 1535453737240,
    "end": 1535453737243,
    "duration": 3,
    "pid": 18244,
    "index": 28
  },
  {
    "name": "Require(25) node_modules/_egg-logrotator@3.0.3@egg-logrotator/app/extend/application.js",
    "start": 1535453737246,
    "end": 1535453737251,
    "duration": 5,
    "pid": 18244,
    "index": 29
  },
  {
    "name": "Require(26) node_modules/_egg-view@2.1.0@egg-view/app/extend/application.js",
    "start": 1535453737252,
    "end": 1535453737257,
    "duration": 5,
    "pid": 18244,
    "index": 30
  },
  {
    "name": "Load extend/request.js",
    "start": 1535453737265,
    "end": 1535453737300,
    "duration": 35,
    "pid": 18244,
    "index": 31
  },
  {
    "name": "Require(27) node_modules/_egg@2.10.0@egg/app/extend/request.js",
    "start": 1535453737272,
    "end": 1535453737287,
    "duration": 15,
    "pid": 18244,
    "index": 32
  },
  {
    "name": "Load extend/response.js",
    "start": 1535453737300,
    "end": 1535453737320,
    "duration": 20,
    "pid": 18244,
    "index": 33
  },
  {
    "name": "Require(28) node_modules/_egg@2.10.0@egg/app/extend/response.js",
    "start": 1535453737307,
    "end": 1535453737313,
    "duration": 6,
    "pid": 18244,
    "index": 34
  },
  {
    "name": "Load extend/context.js",
    "start": 1535453737320,
    "end": 1535453737444,
    "duration": 124,
    "pid": 18244,
    "index": 35
  },
  {
    "name": "Require(29) node_modules/_egg-security@2.2.3@egg-security/app/extend/context.js",
    "start": 1535453737321,
    "end": 1535453737345,
    "duration": 24,
    "pid": 18244,
    "index": 36
  },
  {
    "name": "Require(30) node_modules/_egg-jsonp@2.0.0@egg-jsonp/app/extend/context.js",
    "start": 1535453737346,
    "end": 1535453737350,
    "duration": 4,
    "pid": 18244,
    "index": 37
  },
  {
    "name": "Require(31) node_modules/_egg-i18n@2.0.0@egg-i18n/app/extend/context.js",
    "start": 1535453737351,
    "end": 1535453737352,
    "duration": 1,
    "pid": 18244,
    "index": 38
  },
  {
    "name": "Require(32) node_modules/_egg-multipart@2.1.0@egg-multipart/app/extend/context.js",
    "start": 1535453737353,
    "end": 1535453737433,
    "duration": 80,
    "pid": 18244,
    "index": 39
  },
  {
    "name": "Require(33) node_modules/_egg-view@2.1.0@egg-view/app/extend/context.js",
    "start": 1535453737435,
    "end": 1535453737436,
    "duration": 1,
    "pid": 18244,
    "index": 40
  },
  {
    "name": "Require(34) node_modules/_egg@2.10.0@egg/app/extend/context.js",
    "start": 1535453737437,
    "end": 1535453737440,
    "duration": 3,
    "pid": 18244,
    "index": 41
  },
  {
    "name": "Load extend/helper.js",
    "start": 1535453737444,
    "end": 1535453737482,
    "duration": 38,
    "pid": 18244,
    "index": 42
  },
  {
    "name": "Require(35) node_modules/_egg-security@2.2.3@egg-security/app/extend/helper.js",
    "start": 1535453737446,
    "end": 1535453737471,
    "duration": 25,
    "pid": 18244,
    "index": 43
  },
  {
    "name": "Require(36) node_modules/_egg@2.10.0@egg/app/extend/helper.js",
    "start": 1535453737475,
    "end": 1535453737475,
    "duration": 0,
    "pid": 18244,
    "index": 44
  },
  {
    "name": "Load app.js",
    "start": 1535453737482,
    "end": 1535453737774,
    "duration": 292,
    "pid": 18244,
    "index": 45
  },
  {
    "name": "Require(37) node_modules/_egg-session@3.1.0@egg-session/app.js",
    "start": 1535453737483,
    "end": 1535453737484,
    "duration": 1,
    "pid": 18244,
    "index": 46
  },
  {
    "name": "Require(38) node_modules/_egg-security@2.2.3@egg-security/app.js",
    "start": 1535453737484,
    "end": 1535453737488,
    "duration": 4,
    "pid": 18244,
    "index": 47
  },
  {
    "name": "Require(39) node_modules/_egg-onerror@2.1.0@egg-onerror/app.js",
    "start": 1535453737490,
    "end": 1535453737509,
    "duration": 19,
    "pid": 18244,
    "index": 48
  },
  {
    "name": "Require(40) node_modules/_egg-i18n@2.0.0@egg-i18n/app.js",
    "start": 1535453737511,
    "end": 1535453737524,
    "duration": 13,
    "pid": 18244,
    "index": 49
  },
  {
    "name": "Require(41) node_modules/_egg-watcher@3.0.0@egg-watcher/app.js",
    "start": 1535453737533,
    "end": 1535453737544,
    "duration": 11,
    "pid": 18244,
    "index": 50
  },
  {
    "name": "Before Start in node_modules/_egg-watcher@3.0.0@egg-watcher/app.js:15:7",
    "start": 1535453737559,
    "end": 1535453737965,
    "duration": 406,
    "pid": 18244,
    "index": 51
  },
  {
    "name": "Require(42) node_modules/_egg-multipart@2.1.0@egg-multipart/app.js",
    "start": 1535453737561,
    "end": 1535453737566,
    "duration": 5,
    "pid": 18244,
    "index": 52
  },
  {
    "name": "Require(43) node_modules/_egg-development@2.4.1@egg-development/app.js",
    "start": 1535453737567,
    "end": 1535453737567,
    "duration": 0,
    "pid": 18244,
    "index": 53
  },
  {
    "name": "Require(44) node_modules/_egg-schedule@3.3.0@egg-schedule/app.js",
    "start": 1535453737568,
    "end": 1535453737570,
    "duration": 2,
    "pid": 18244,
    "index": 54
  },
  {
    "name": "Require(45) node_modules/_egg-logrotator@3.0.3@egg-logrotator/app.js",
    "start": 1535453737626,
    "end": 1535453737626,
    "duration": 0,
    "pid": 18244,
    "index": 55
  },
  {
    "name": "Require(46) node_modules/_egg-static@2.1.1@egg-static/app.js",
    "start": 1535453737627,
    "end": 1535453737627,
    "duration": 0,
    "pid": 18244,
    "index": 56
  },
  {
    "name": "Require(47) node_modules/_egg-view-ejs@2.0.0@egg-view-ejs/app.js",
    "start": 1535453737629,
    "end": 1535453737629,
    "duration": 0,
    "pid": 18244,
    "index": 57
  },
  {
    "name": "Require(48) node_modules/_egg-mysql@3.0.0@egg-mysql/app.js",
    "start": 1535453737637,
    "end": 1535453737662,
    "duration": 25,
    "pid": 18244,
    "index": 58
  },
  {
    "name": "Before Start in node_modules/_egg-mysql@3.0.0@egg-mysql/lib/mysql.js:20:7",
    "start": 1535453737772,
    "end": 1535453737969,
    "duration": 197,
    "pid": 18244,
    "index": 59
  },
  {
    "name": "Load Service",
    "start": 1535453737774,
    "end": 1535453737782,
    "duration": 8,
    "pid": 18244,
    "index": 60
  },
  {
    "name": "Load \"service\" to Context",
    "start": 1535453737775,
    "end": 1535453737782,
    "duration": 7,
    "pid": 18244,
    "index": 61
  },
  {
    "name": "Load Middleware",
    "start": 1535453737782,
    "end": 1535453737920,
    "duration": 138,
    "pid": 18244,
    "index": 62
  },
  {
    "name": "Load \"middlewares\" to Application",
    "start": 1535453737782,
    "end": 1535453737897,
    "duration": 115,
    "pid": 18244,
    "index": 63
  },
  {
    "name": "Load Controller",
    "start": 1535453737920,
    "end": 1535453737924,
    "duration": 4,
    "pid": 18244,
    "index": 64
  },
  {
    "name": "Load \"controller\" to Application",
    "start": 1535453737920,
    "end": 1535453737924,
    "duration": 4,
    "pid": 18244,
    "index": 65
  },
  {
    "name": "Load Router",
    "start": 1535453737924,
    "end": 1535453737928,
    "duration": 4,
    "pid": 18244,
    "index": 66
  },
  {
    "name": "Require(49) app/router.js",
    "start": 1535453737925,
    "end": 1535453737925,
    "duration": 0,
    "pid": 18244,
    "index": 67
  },
  {
    "name": "Before Start in node_modules/_egg-core@4.9.1@egg-core/lib/egg.js:328:10",
    "start": 1535453737926,
    "end": 1535453737947,
    "duration": 21,
    "pid": 18244,
    "index": 68
  }
]