[
  {
    "name": "Application Start",
    "start": 1535451907724,
    "end": 1535451908388,
    "duration": 664,
    "pid": 9084,
    "index": 0
  },
  {
    "name": "Load Plugin",
    "start": 1535451907730,
    "end": 1535451907764,
    "duration": 34,
    "pid": 9084,
    "index": 1
  },
  {
    "name": "Load Config",
    "start": 1535451907764,
    "end": 1535451907797,
    "duration": 33,
    "pid": 9084,
    "index": 2
  },
  {
    "name": "Require(0) config/config.default.js",
    "start": 1535451907765,
    "end": 1535451907766,
    "duration": 1,
    "pid": 9084,
    "index": 3
  },
  {
    "name": "Require(1) node_modules/_egg-session@3.1.0@egg-session/config/config.default.js",
    "start": 1535451907768,
    "end": 1535451907768,
    "duration": 0,
    "pid": 9084,
    "index": 4
  },
  {
    "name": "Require(2) node_modules/_egg-security@2.2.3@egg-security/config/config.default.js",
    "start": 1535451907769,
    "end": 1535451907769,
    "duration": 0,
    "pid": 9084,
    "index": 5
  },
  {
    "name": "Require(3) node_modules/_egg-jsonp@2.0.0@egg-jsonp/config/config.default.js",
    "start": 1535451907771,
    "end": 1535451907771,
    "duration": 0,
    "pid": 9084,
    "index": 6
  },
  {
    "name": "Require(4) node_modules/_egg-onerror@2.1.0@egg-onerror/config/config.default.js",
    "start": 1535451907772,
    "end": 1535451907772,
    "duration": 0,
    "pid": 9084,
    "index": 7
  },
  {
    "name": "Require(5) node_modules/_egg-i18n@2.0.0@egg-i18n/config/config.default.js",
    "start": 1535451907773,
    "end": 1535451907773,
    "duration": 0,
    "pid": 9084,
    "index": 8
  },
  {
    "name": "Require(6) node_modules/_egg-watcher@3.0.0@egg-watcher/config/config.default.js",
    "start": 1535451907774,
    "end": 1535451907775,
    "duration": 1,
    "pid": 9084,
    "index": 9
  },
  {
    "name": "Require(7) node_modules/_egg-multipart@2.1.0@egg-multipart/config/config.default.js",
    "start": 1535451907776,
    "end": 1535451907776,
    "duration": 0,
    "pid": 9084,
    "index": 10
  },
  {
    "name": "Require(8) node_modules/_egg-development@2.4.1@egg-development/config/config.default.js",
    "start": 1535451907777,
    "end": 1535451907777,
    "duration": 0,
    "pid": 9084,
    "index": 11
  },
  {
    "name": "Require(9) node_modules/_egg-schedule@3.3.0@egg-schedule/config/config.default.js",
    "start": 1535451907778,
    "end": 1535451907778,
    "duration": 0,
    "pid": 9084,
    "index": 12
  },
  {
    "name": "Require(10) node_modules/_egg-logrotator@3.0.3@egg-logrotator/config/config.default.js",
    "start": 1535451907780,
    "end": 1535451907781,
    "duration": 1,
    "pid": 9084,
    "index": 13
  },
  {
    "name": "Require(11) node_modules/_egg-static@2.1.1@egg-static/config/config.default.js",
    "start": 1535451907782,
    "end": 1535451907782,
    "duration": 0,
    "pid": 9084,
    "index": 14
  },
  {
    "name": "Require(12) node_modules/_egg-view@2.1.0@egg-view/config/config.default.js",
    "start": 1535451907783,
    "end": 1535451907784,
    "duration": 1,
    "pid": 9084,
    "index": 15
  },
  {
    "name": "Require(13) node_modules/_egg-view-ejs@2.0.0@egg-view-ejs/config/config.default.js",
    "start": 1535451907784,
    "end": 1535451907785,
    "duration": 1,
    "pid": 9084,
    "index": 16
  },
  {
    "name": "Require(14) node_modules/_egg-mysql@3.0.0@egg-mysql/config/config.default.js",
    "start": 1535451907785,
    "end": 1535451907786,
    "duration": 1,
    "pid": 9084,
    "index": 17
  },
  {
    "name": "Require(15) node_modules/_egg@2.10.0@egg/config/config.default.js",
    "start": 1535451907787,
    "end": 1535451907787,
    "duration": 0,
    "pid": 9084,
    "index": 18
  },
  {
    "name": "Require(16) config/config.default.js",
    "start": 1535451907789,
    "end": 1535451907789,
    "duration": 0,
    "pid": 9084,
    "index": 19
  },
  {
    "name": "Require(17) node_modules/_egg-security@2.2.3@egg-security/config/config.local.js",
    "start": 1535451907790,
    "end": 1535451907790,
    "duration": 0,
    "pid": 9084,
    "index": 20
  },
  {
    "name": "Require(18) node_modules/_egg-watcher@3.0.0@egg-watcher/config/config.local.js",
    "start": 1535451907792,
    "end": 1535451907792,
    "duration": 0,
    "pid": 9084,
    "index": 21
  },
  {
    "name": "Require(19) node_modules/_egg-view@2.1.0@egg-view/config/config.local.js",
    "start": 1535451907794,
    "end": 1535451907795,
    "duration": 1,
    "pid": 9084,
    "index": 22
  },
  {
    "name": "Require(20) node_modules/_egg-view-ejs@2.0.0@egg-view-ejs/config/config.local.js",
    "start": 1535451907795,
    "end": 1535451907795,
    "duration": 0,
    "pid": 9084,
    "index": 23
  },
  {
    "name": "Require(21) node_modules/_egg@2.10.0@egg/config/config.local.js",
    "start": 1535451907796,
    "end": 1535451907796,
    "duration": 0,
    "pid": 9084,
    "index": 24
  },
  {
    "name": "Load extend/application.js",
    "start": 1535451907798,
    "end": 1535451907826,
    "duration": 28,
    "pid": 9084,
    "index": 25
  },
  {
    "name": "Require(22) node_modules/_egg-session@3.1.0@egg-session/app/extend/application.js",
    "start": 1535451907799,
    "end": 1535451907800,
    "duration": 1,
    "pid": 9084,
    "index": 26
  },
  {
    "name": "Require(23) node_modules/_egg-security@2.2.3@egg-security/app/extend/application.js",
    "start": 1535451907800,
    "end": 1535451907804,
    "duration": 4,
    "pid": 9084,
    "index": 27
  },
  {
    "name": "Require(24) node_modules/_egg-jsonp@2.0.0@egg-jsonp/app/extend/application.js",
    "start": 1535451907805,
    "end": 1535451907808,
    "duration": 3,
    "pid": 9084,
    "index": 28
  },
  {
    "name": "Require(25) node_modules/_egg-logrotator@3.0.3@egg-logrotator/app/extend/application.js",
    "start": 1535451907810,
    "end": 1535451907814,
    "duration": 4,
    "pid": 9084,
    "index": 29
  },
  {
    "name": "Require(26) node_modules/_egg-view@2.1.0@egg-view/app/extend/application.js",
    "start": 1535451907815,
    "end": 1535451907821,
    "duration": 6,
    "pid": 9084,
    "index": 30
  },
  {
    "name": "Load extend/request.js",
    "start": 1535451907826,
    "end": 1535451907836,
    "duration": 10,
    "pid": 9084,
    "index": 31
  },
  {
    "name": "Require(27) node_modules/_egg@2.10.0@egg/app/extend/request.js",
    "start": 1535451907829,
    "end": 1535451907832,
    "duration": 3,
    "pid": 9084,
    "index": 32
  },
  {
    "name": "Load extend/response.js",
    "start": 1535451907836,
    "end": 1535451907847,
    "duration": 11,
    "pid": 9084,
    "index": 33
  },
  {
    "name": "Require(28) node_modules/_egg@2.10.0@egg/app/extend/response.js",
    "start": 1535451907839,
    "end": 1535451907842,
    "duration": 3,
    "pid": 9084,
    "index": 34
  },
  {
    "name": "Load extend/context.js",
    "start": 1535451907847,
    "end": 1535451907933,
    "duration": 86,
    "pid": 9084,
    "index": 35
  },
  {
    "name": "Require(29) node_modules/_egg-security@2.2.3@egg-security/app/extend/context.js",
    "start": 1535451907848,
    "end": 1535451907865,
    "duration": 17,
    "pid": 9084,
    "index": 36
  },
  {
    "name": "Require(30) node_modules/_egg-jsonp@2.0.0@egg-jsonp/app/extend/context.js",
    "start": 1535451907866,
    "end": 1535451907868,
    "duration": 2,
    "pid": 9084,
    "index": 37
  },
  {
    "name": "Require(31) node_modules/_egg-i18n@2.0.0@egg-i18n/app/extend/context.js",
    "start": 1535451907869,
    "end": 1535451907870,
    "duration": 1,
    "pid": 9084,
    "index": 38
  },
  {
    "name": "Require(32) node_modules/_egg-multipart@2.1.0@egg-multipart/app/extend/context.js",
    "start": 1535451907870,
    "end": 1535451907923,
    "duration": 53,
    "pid": 9084,
    "index": 39
  },
  {
    "name": "Require(33) node_modules/_egg-view@2.1.0@egg-view/app/extend/context.js",
    "start": 1535451907925,
    "end": 1535451907926,
    "duration": 1,
    "pid": 9084,
    "index": 40
  },
  {
    "name": "Require(34) node_modules/_egg@2.10.0@egg/app/extend/context.js",
    "start": 1535451907927,
    "end": 1535451907929,
    "duration": 2,
    "pid": 9084,
    "index": 41
  },
  {
    "name": "Load extend/helper.js",
    "start": 1535451907933,
    "end": 1535451907963,
    "duration": 30,
    "pid": 9084,
    "index": 42
  },
  {
    "name": "Require(35) node_modules/_egg-security@2.2.3@egg-security/app/extend/helper.js",
    "start": 1535451907934,
    "end": 1535451907956,
    "duration": 22,
    "pid": 9084,
    "index": 43
  },
  {
    "name": "Require(36) node_modules/_egg@2.10.0@egg/app/extend/helper.js",
    "start": 1535451907959,
    "end": 1535451907959,
    "duration": 0,
    "pid": 9084,
    "index": 44
  },
  {
    "name": "Load app.js",
    "start": 1535451907963,
    "end": 1535451908210,
    "duration": 247,
    "pid": 9084,
    "index": 45
  },
  {
    "name": "Require(37) node_modules/_egg-session@3.1.0@egg-session/app.js",
    "start": 1535451907964,
    "end": 1535451907964,
    "duration": 0,
    "pid": 9084,
    "index": 46
  },
  {
    "name": "Require(38) node_modules/_egg-security@2.2.3@egg-security/app.js",
    "start": 1535451907965,
    "end": 1535451907968,
    "duration": 3,
    "pid": 9084,
    "index": 47
  },
  {
    "name": "Require(39) node_modules/_egg-onerror@2.1.0@egg-onerror/app.js",
    "start": 1535451907969,
    "end": 1535451907983,
    "duration": 14,
    "pid": 9084,
    "index": 48
  },
  {
    "name": "Require(40) node_modules/_egg-i18n@2.0.0@egg-i18n/app.js",
    "start": 1535451907984,
    "end": 1535451907995,
    "duration": 11,
    "pid": 9084,
    "index": 49
  },
  {
    "name": "Require(41) node_modules/_egg-watcher@3.0.0@egg-watcher/app.js",
    "start": 1535451908001,
    "end": 1535451908007,
    "duration": 6,
    "pid": 9084,
    "index": 50
  },
  {
    "name": "Before Start in node_modules/_egg-watcher@3.0.0@egg-watcher/app.js:15:7",
    "start": 1535451908018,
    "end": 1535451908384,
    "duration": 366,
    "pid": 9084,
    "index": 51
  },
  {
    "name": "Require(42) node_modules/_egg-multipart@2.1.0@egg-multipart/app.js",
    "start": 1535451908019,
    "end": 1535451908023,
    "duration": 4,
    "pid": 9084,
    "index": 52
  },
  {
    "name": "Require(43) node_modules/_egg-development@2.4.1@egg-development/app.js",
    "start": 1535451908024,
    "end": 1535451908025,
    "duration": 1,
    "pid": 9084,
    "index": 53
  },
  {
    "name": "Require(44) node_modules/_egg-schedule@3.3.0@egg-schedule/app.js",
    "start": 1535451908025,
    "end": 1535451908028,
    "duration": 3,
    "pid": 9084,
    "index": 54
  },
  {
    "name": "Require(45) node_modules/_egg-logrotator@3.0.3@egg-logrotator/app.js",
    "start": 1535451908075,
    "end": 1535451908075,
    "duration": 0,
    "pid": 9084,
    "index": 55
  },
  {
    "name": "Require(46) node_modules/_egg-static@2.1.1@egg-static/app.js",
    "start": 1535451908075,
    "end": 1535451908076,
    "duration": 1,
    "pid": 9084,
    "index": 56
  },
  {
    "name": "Require(47) node_modules/_egg-view-ejs@2.0.0@egg-view-ejs/app.js",
    "start": 1535451908077,
    "end": 1535451908077,
    "duration": 0,
    "pid": 9084,
    "index": 57
  },
  {
    "name": "Require(48) node_modules/_egg-mysql@3.0.0@egg-mysql/app.js",
    "start": 1535451908084,
    "end": 1535451908107,
    "duration": 23,
    "pid": 9084,
    "index": 58
  },
  {
    "name": "Before Start in node_modules/_egg-mysql@3.0.0@egg-mysql/lib/mysql.js:20:7",
    "start": 1535451908209,
    "end": 1535451908388,
    "duration": 179,
    "pid": 9084,
    "index": 59
  },
  {
    "name": "Load Service",
    "start": 1535451908210,
    "end": 1535451908217,
    "duration": 7,
    "pid": 9084,
    "index": 60
  },
  {
    "name": "Load \"service\" to Context",
    "start": 1535451908211,
    "end": 1535451908217,
    "duration": 6,
    "pid": 9084,
    "index": 61
  },
  {
    "name": "Load Middleware",
    "start": 1535451908217,
    "end": 1535451908338,
    "duration": 121,
    "pid": 9084,
    "index": 62
  },
  {
    "name": "Load \"middlewares\" to Application",
    "start": 1535451908218,
    "end": 1535451908322,
    "duration": 104,
    "pid": 9084,
    "index": 63
  },
  {
    "name": "Load Controller",
    "start": 1535451908338,
    "end": 1535451908342,
    "duration": 4,
    "pid": 9084,
    "index": 64
  },
  {
    "name": "Load \"controller\" to Application",
    "start": 1535451908338,
    "end": 1535451908342,
    "duration": 4,
    "pid": 9084,
    "index": 65
  },
  {
    "name": "Load Router",
    "start": 1535451908342,
    "end": 1535451908345,
    "duration": 3,
    "pid": 9084,
    "index": 66
  },
  {
    "name": "Require(49) app/router.js",
    "start": 1535451908343,
    "end": 1535451908343,
    "duration": 0,
    "pid": 9084,
    "index": 67
  },
  {
    "name": "Before Start in node_modules/_egg-core@4.9.1@egg-core/lib/egg.js:328:10",
    "start": 1535451908343,
    "end": 1535451908364,
    "duration": 21,
    "pid": 9084,
    "index": 68
  }
]