[
  {
    "name": "Application Start",
    "start": 1535452445404,
    "end": 1535452446272,
    "duration": 868,
    "pid": 16612,
    "index": 0
  },
  {
    "name": "Load Plugin",
    "start": 1535452445412,
    "end": 1535452445450,
    "duration": 38,
    "pid": 16612,
    "index": 1
  },
  {
    "name": "Load Config",
    "start": 1535452445450,
    "end": 1535452445481,
    "duration": 31,
    "pid": 16612,
    "index": 2
  },
  {
    "name": "Require(0) config/config.default.js",
    "start": 1535452445451,
    "end": 1535452445452,
    "duration": 1,
    "pid": 16612,
    "index": 3
  },
  {
    "name": "Require(1) node_modules/_egg-session@3.1.0@egg-session/config/config.default.js",
    "start": 1535452445454,
    "end": 1535452445455,
    "duration": 1,
    "pid": 16612,
    "index": 4
  },
  {
    "name": "Require(2) node_modules/_egg-security@2.2.3@egg-security/config/config.default.js",
    "start": 1535452445455,
    "end": 1535452445456,
    "duration": 1,
    "pid": 16612,
    "index": 5
  },
  {
    "name": "Require(3) node_modules/_egg-jsonp@2.0.0@egg-jsonp/config/config.default.js",
    "start": 1535452445457,
    "end": 1535452445457,
    "duration": 0,
    "pid": 16612,
    "index": 6
  },
  {
    "name": "Require(4) node_modules/_egg-onerror@2.1.0@egg-onerror/config/config.default.js",
    "start": 1535452445458,
    "end": 1535452445458,
    "duration": 0,
    "pid": 16612,
    "index": 7
  },
  {
    "name": "Require(5) node_modules/_egg-i18n@2.0.0@egg-i18n/config/config.default.js",
    "start": 1535452445459,
    "end": 1535452445459,
    "duration": 0,
    "pid": 16612,
    "index": 8
  },
  {
    "name": "Require(6) node_modules/_egg-watcher@3.0.0@egg-watcher/config/config.default.js",
    "start": 1535452445460,
    "end": 1535452445460,
    "duration": 0,
    "pid": 16612,
    "index": 9
  },
  {
    "name": "Require(7) node_modules/_egg-multipart@2.1.0@egg-multipart/config/config.default.js",
    "start": 1535452445461,
    "end": 1535452445461,
    "duration": 0,
    "pid": 16612,
    "index": 10
  },
  {
    "name": "Require(8) node_modules/_egg-development@2.4.1@egg-development/config/config.default.js",
    "start": 1535452445462,
    "end": 1535452445462,
    "duration": 0,
    "pid": 16612,
    "index": 11
  },
  {
    "name": "Require(9) node_modules/_egg-schedule@3.3.0@egg-schedule/config/config.default.js",
    "start": 1535452445463,
    "end": 1535452445463,
    "duration": 0,
    "pid": 16612,
    "index": 12
  },
  {
    "name": "Require(10) node_modules/_egg-logrotator@3.0.3@egg-logrotator/config/config.default.js",
    "start": 1535452445464,
    "end": 1535452445464,
    "duration": 0,
    "pid": 16612,
    "index": 13
  },
  {
    "name": "Require(11) node_modules/_egg-static@2.1.1@egg-static/config/config.default.js",
    "start": 1535452445465,
    "end": 1535452445465,
    "duration": 0,
    "pid": 16612,
    "index": 14
  },
  {
    "name": "Require(12) node_modules/_egg-view@2.1.0@egg-view/config/config.default.js",
    "start": 1535452445466,
    "end": 1535452445466,
    "duration": 0,
    "pid": 16612,
    "index": 15
  },
  {
    "name": "Require(13) node_modules/_egg-view-ejs@2.0.0@egg-view-ejs/config/config.default.js",
    "start": 1535452445467,
    "end": 1535452445468,
    "duration": 1,
    "pid": 16612,
    "index": 16
  },
  {
    "name": "Require(14) node_modules/_egg-mysql@3.0.0@egg-mysql/config/config.default.js",
    "start": 1535452445469,
    "end": 1535452445469,
    "duration": 0,
    "pid": 16612,
    "index": 17
  },
  {
    "name": "Require(15) node_modules/_egg@2.10.0@egg/config/config.default.js",
    "start": 1535452445470,
    "end": 1535452445471,
    "duration": 1,
    "pid": 16612,
    "index": 18
  },
  {
    "name": "Require(16) config/config.default.js",
    "start": 1535452445474,
    "end": 1535452445474,
    "duration": 0,
    "pid": 16612,
    "index": 19
  },
  {
    "name": "Require(17) node_modules/_egg-security@2.2.3@egg-security/config/config.local.js",
    "start": 1535452445475,
    "end": 1535452445475,
    "duration": 0,
    "pid": 16612,
    "index": 20
  },
  {
    "name": "Require(18) node_modules/_egg-watcher@3.0.0@egg-watcher/config/config.local.js",
    "start": 1535452445477,
    "end": 1535452445477,
    "duration": 0,
    "pid": 16612,
    "index": 21
  },
  {
    "name": "Require(19) node_modules/_egg-view@2.1.0@egg-view/config/config.local.js",
    "start": 1535452445479,
    "end": 1535452445479,
    "duration": 0,
    "pid": 16612,
    "index": 22
  },
  {
    "name": "Require(20) node_modules/_egg-view-ejs@2.0.0@egg-view-ejs/config/config.local.js",
    "start": 1535452445480,
    "end": 1535452445480,
    "duration": 0,
    "pid": 16612,
    "index": 23
  },
  {
    "name": "Require(21) node_modules/_egg@2.10.0@egg/config/config.local.js",
    "start": 1535452445481,
    "end": 1535452445481,
    "duration": 0,
    "pid": 16612,
    "index": 24
  },
  {
    "name": "Load extend/application.js",
    "start": 1535452445483,
    "end": 1535452445507,
    "duration": 24,
    "pid": 16612,
    "index": 25
  },
  {
    "name": "Require(22) node_modules/_egg-session@3.1.0@egg-session/app/extend/application.js",
    "start": 1535452445484,
    "end": 1535452445485,
    "duration": 1,
    "pid": 16612,
    "index": 26
  },
  {
    "name": "Require(23) node_modules/_egg-security@2.2.3@egg-security/app/extend/application.js",
    "start": 1535452445486,
    "end": 1535452445487,
    "duration": 1,
    "pid": 16612,
    "index": 27
  },
  {
    "name": "Require(24) node_modules/_egg-jsonp@2.0.0@egg-jsonp/app/extend/application.js",
    "start": 1535452445488,
    "end": 1535452445491,
    "duration": 3,
    "pid": 16612,
    "index": 28
  },
  {
    "name": "Require(25) node_modules/_egg-logrotator@3.0.3@egg-logrotator/app/extend/application.js",
    "start": 1535452445493,
    "end": 1535452445497,
    "duration": 4,
    "pid": 16612,
    "index": 29
  },
  {
    "name": "Require(26) node_modules/_egg-view@2.1.0@egg-view/app/extend/application.js",
    "start": 1535452445498,
    "end": 1535452445502,
    "duration": 4,
    "pid": 16612,
    "index": 30
  },
  {
    "name": "Load extend/request.js",
    "start": 1535452445507,
    "end": 1535452445519,
    "duration": 12,
    "pid": 16612,
    "index": 31
  },
  {
    "name": "Require(27) node_modules/_egg@2.10.0@egg/app/extend/request.js",
    "start": 1535452445512,
    "end": 1535452445515,
    "duration": 3,
    "pid": 16612,
    "index": 32
  },
  {
    "name": "Load extend/response.js",
    "start": 1535452445519,
    "end": 1535452445531,
    "duration": 12,
    "pid": 16612,
    "index": 33
  },
  {
    "name": "Require(28) node_modules/_egg@2.10.0@egg/app/extend/response.js",
    "start": 1535452445523,
    "end": 1535452445526,
    "duration": 3,
    "pid": 16612,
    "index": 34
  },
  {
    "name": "Load extend/context.js",
    "start": 1535452445531,
    "end": 1535452445645,
    "duration": 114,
    "pid": 16612,
    "index": 35
  },
  {
    "name": "Require(29) node_modules/_egg-security@2.2.3@egg-security/app/extend/context.js",
    "start": 1535452445532,
    "end": 1535452445554,
    "duration": 22,
    "pid": 16612,
    "index": 36
  },
  {
    "name": "Require(30) node_modules/_egg-jsonp@2.0.0@egg-jsonp/app/extend/context.js",
    "start": 1535452445555,
    "end": 1535452445557,
    "duration": 2,
    "pid": 16612,
    "index": 37
  },
  {
    "name": "Require(31) node_modules/_egg-i18n@2.0.0@egg-i18n/app/extend/context.js",
    "start": 1535452445558,
    "end": 1535452445558,
    "duration": 0,
    "pid": 16612,
    "index": 38
  },
  {
    "name": "Require(32) node_modules/_egg-multipart@2.1.0@egg-multipart/app/extend/context.js",
    "start": 1535452445560,
    "end": 1535452445628,
    "duration": 68,
    "pid": 16612,
    "index": 39
  },
  {
    "name": "Require(33) node_modules/_egg-view@2.1.0@egg-view/app/extend/context.js",
    "start": 1535452445630,
    "end": 1535452445631,
    "duration": 1,
    "pid": 16612,
    "index": 40
  },
  {
    "name": "Require(34) node_modules/_egg@2.10.0@egg/app/extend/context.js",
    "start": 1535452445632,
    "end": 1535452445639,
    "duration": 7,
    "pid": 16612,
    "index": 41
  },
  {
    "name": "Load extend/helper.js",
    "start": 1535452445645,
    "end": 1535452445702,
    "duration": 57,
    "pid": 16612,
    "index": 42
  },
  {
    "name": "Require(35) node_modules/_egg-security@2.2.3@egg-security/app/extend/helper.js",
    "start": 1535452445646,
    "end": 1535452445690,
    "duration": 44,
    "pid": 16612,
    "index": 43
  },
  {
    "name": "Require(36) node_modules/_egg@2.10.0@egg/app/extend/helper.js",
    "start": 1535452445695,
    "end": 1535452445696,
    "duration": 1,
    "pid": 16612,
    "index": 44
  },
  {
    "name": "Load app.js",
    "start": 1535452445702,
    "end": 1535452446048,
    "duration": 346,
    "pid": 16612,
    "index": 45
  },
  {
    "name": "Require(37) node_modules/_egg-session@3.1.0@egg-session/app.js",
    "start": 1535452445703,
    "end": 1535452445703,
    "duration": 0,
    "pid": 16612,
    "index": 46
  },
  {
    "name": "Require(38) node_modules/_egg-security@2.2.3@egg-security/app.js",
    "start": 1535452445704,
    "end": 1535452445712,
    "duration": 8,
    "pid": 16612,
    "index": 47
  },
  {
    "name": "Require(39) node_modules/_egg-onerror@2.1.0@egg-onerror/app.js",
    "start": 1535452445715,
    "end": 1535452445746,
    "duration": 31,
    "pid": 16612,
    "index": 48
  },
  {
    "name": "Require(40) node_modules/_egg-i18n@2.0.0@egg-i18n/app.js",
    "start": 1535452445749,
    "end": 1535452445770,
    "duration": 21,
    "pid": 16612,
    "index": 49
  },
  {
    "name": "Require(41) node_modules/_egg-watcher@3.0.0@egg-watcher/app.js",
    "start": 1535452445780,
    "end": 1535452445789,
    "duration": 9,
    "pid": 16612,
    "index": 50
  },
  {
    "name": "Before Start in node_modules/_egg-watcher@3.0.0@egg-watcher/app.js:15:7",
    "start": 1535452445802,
    "end": 1535452446268,
    "duration": 466,
    "pid": 16612,
    "index": 51
  },
  {
    "name": "Require(42) node_modules/_egg-multipart@2.1.0@egg-multipart/app.js",
    "start": 1535452445804,
    "end": 1535452445810,
    "duration": 6,
    "pid": 16612,
    "index": 52
  },
  {
    "name": "Require(43) node_modules/_egg-development@2.4.1@egg-development/app.js",
    "start": 1535452445811,
    "end": 1535452445812,
    "duration": 1,
    "pid": 16612,
    "index": 53
  },
  {
    "name": "Require(44) node_modules/_egg-schedule@3.3.0@egg-schedule/app.js",
    "start": 1535452445813,
    "end": 1535452445816,
    "duration": 3,
    "pid": 16612,
    "index": 54
  },
  {
    "name": "Require(45) node_modules/_egg-logrotator@3.0.3@egg-logrotator/app.js",
    "start": 1535452445869,
    "end": 1535452445870,
    "duration": 1,
    "pid": 16612,
    "index": 55
  },
  {
    "name": "Require(46) node_modules/_egg-static@2.1.1@egg-static/app.js",
    "start": 1535452445872,
    "end": 1535452445873,
    "duration": 1,
    "pid": 16612,
    "index": 56
  },
  {
    "name": "Require(47) node_modules/_egg-view-ejs@2.0.0@egg-view-ejs/app.js",
    "start": 1535452445875,
    "end": 1535452445875,
    "duration": 0,
    "pid": 16612,
    "index": 57
  },
  {
    "name": "Require(48) node_modules/_egg-mysql@3.0.0@egg-mysql/app.js",
    "start": 1535452445884,
    "end": 1535452445912,
    "duration": 28,
    "pid": 16612,
    "index": 58
  },
  {
    "name": "Before Start in node_modules/_egg-mysql@3.0.0@egg-mysql/lib/mysql.js:20:7",
    "start": 1535452446046,
    "end": 1535452446272,
    "duration": 226,
    "pid": 16612,
    "index": 59
  },
  {
    "name": "Load Service",
    "start": 1535452446048,
    "end": 1535452446058,
    "duration": 10,
    "pid": 16612,
    "index": 60
  },
  {
    "name": "Load \"service\" to Context",
    "start": 1535452446048,
    "end": 1535452446057,
    "duration": 9,
    "pid": 16612,
    "index": 61
  },
  {
    "name": "Load Middleware",
    "start": 1535452446058,
    "end": 1535452446214,
    "duration": 156,
    "pid": 16612,
    "index": 62
  },
  {
    "name": "Load \"middlewares\" to Application",
    "start": 1535452446058,
    "end": 1535452446188,
    "duration": 130,
    "pid": 16612,
    "index": 63
  },
  {
    "name": "Load Controller",
    "start": 1535452446214,
    "end": 1535452446218,
    "duration": 4,
    "pid": 16612,
    "index": 64
  },
  {
    "name": "Load \"controller\" to Application",
    "start": 1535452446214,
    "end": 1535452446218,
    "duration": 4,
    "pid": 16612,
    "index": 65
  },
  {
    "name": "Load Router",
    "start": 1535452446218,
    "end": 1535452446222,
    "duration": 4,
    "pid": 16612,
    "index": 66
  },
  {
    "name": "Require(49) app/router.js",
    "start": 1535452446218,
    "end": 1535452446219,
    "duration": 1,
    "pid": 16612,
    "index": 67
  },
  {
    "name": "Before Start in node_modules/_egg-core@4.9.1@egg-core/lib/egg.js:328:10",
    "start": 1535452446220,
    "end": 1535452446243,
    "duration": 23,
    "pid": 16612,
    "index": 68
  }
]