[
  {
    "name": "Application Start",
    "start": 1535451897887,
    "end": 1535451898716,
    "duration": 829,
    "pid": 2732,
    "index": 0
  },
  {
    "name": "Load Plugin",
    "start": 1535451897893,
    "end": 1535451897927,
    "duration": 34,
    "pid": 2732,
    "index": 1
  },
  {
    "name": "Load Config",
    "start": 1535451897928,
    "end": 1535451897956,
    "duration": 28,
    "pid": 2732,
    "index": 2
  },
  {
    "name": "Require(0) config/config.default.js",
    "start": 1535451897929,
    "end": 1535451897929,
    "duration": 0,
    "pid": 2732,
    "index": 3
  },
  {
    "name": "Require(1) node_modules/_egg-session@3.1.0@egg-session/config/config.default.js",
    "start": 1535451897931,
    "end": 1535451897931,
    "duration": 0,
    "pid": 2732,
    "index": 4
  },
  {
    "name": "Require(2) node_modules/_egg-security@2.2.3@egg-security/config/config.default.js",
    "start": 1535451897932,
    "end": 1535451897932,
    "duration": 0,
    "pid": 2732,
    "index": 5
  },
  {
    "name": "Require(3) node_modules/_egg-jsonp@2.0.0@egg-jsonp/config/config.default.js",
    "start": 1535451897933,
    "end": 1535451897934,
    "duration": 1,
    "pid": 2732,
    "index": 6
  },
  {
    "name": "Require(4) node_modules/_egg-onerror@2.1.0@egg-onerror/config/config.default.js",
    "start": 1535451897935,
    "end": 1535451897935,
    "duration": 0,
    "pid": 2732,
    "index": 7
  },
  {
    "name": "Require(5) node_modules/_egg-i18n@2.0.0@egg-i18n/config/config.default.js",
    "start": 1535451897935,
    "end": 1535451897936,
    "duration": 1,
    "pid": 2732,
    "index": 8
  },
  {
    "name": "Require(6) node_modules/_egg-watcher@3.0.0@egg-watcher/config/config.default.js",
    "start": 1535451897937,
    "end": 1535451897937,
    "duration": 0,
    "pid": 2732,
    "index": 9
  },
  {
    "name": "Require(7) node_modules/_egg-multipart@2.1.0@egg-multipart/config/config.default.js",
    "start": 1535451897937,
    "end": 1535451897938,
    "duration": 1,
    "pid": 2732,
    "index": 10
  },
  {
    "name": "Require(8) node_modules/_egg-development@2.4.1@egg-development/config/config.default.js",
    "start": 1535451897938,
    "end": 1535451897939,
    "duration": 1,
    "pid": 2732,
    "index": 11
  },
  {
    "name": "Require(9) node_modules/_egg-schedule@3.3.0@egg-schedule/config/config.default.js",
    "start": 1535451897939,
    "end": 1535451897940,
    "duration": 1,
    "pid": 2732,
    "index": 12
  },
  {
    "name": "Require(10) node_modules/_egg-logrotator@3.0.3@egg-logrotator/config/config.default.js",
    "start": 1535451897940,
    "end": 1535451897941,
    "duration": 1,
    "pid": 2732,
    "index": 13
  },
  {
    "name": "Require(11) node_modules/_egg-static@2.1.1@egg-static/config/config.default.js",
    "start": 1535451897941,
    "end": 1535451897942,
    "duration": 1,
    "pid": 2732,
    "index": 14
  },
  {
    "name": "Require(12) node_modules/_egg-view@2.1.0@egg-view/config/config.default.js",
    "start": 1535451897943,
    "end": 1535451897943,
    "duration": 0,
    "pid": 2732,
    "index": 15
  },
  {
    "name": "Require(13) node_modules/_egg-view-ejs@2.0.0@egg-view-ejs/config/config.default.js",
    "start": 1535451897944,
    "end": 1535451897944,
    "duration": 0,
    "pid": 2732,
    "index": 16
  },
  {
    "name": "Require(14) node_modules/_egg-mysql@3.0.0@egg-mysql/config/config.default.js",
    "start": 1535451897945,
    "end": 1535451897945,
    "duration": 0,
    "pid": 2732,
    "index": 17
  },
  {
    "name": "Require(15) node_modules/_egg@2.10.0@egg/config/config.default.js",
    "start": 1535451897945,
    "end": 1535451897946,
    "duration": 1,
    "pid": 2732,
    "index": 18
  },
  {
    "name": "Require(16) config/config.default.js",
    "start": 1535451897949,
    "end": 1535451897949,
    "duration": 0,
    "pid": 2732,
    "index": 19
  },
  {
    "name": "Require(17) node_modules/_egg-security@2.2.3@egg-security/config/config.local.js",
    "start": 1535451897950,
    "end": 1535451897950,
    "duration": 0,
    "pid": 2732,
    "index": 20
  },
  {
    "name": "Require(18) node_modules/_egg-watcher@3.0.0@egg-watcher/config/config.local.js",
    "start": 1535451897952,
    "end": 1535451897952,
    "duration": 0,
    "pid": 2732,
    "index": 21
  },
  {
    "name": "Require(19) node_modules/_egg-view@2.1.0@egg-view/config/config.local.js",
    "start": 1535451897954,
    "end": 1535451897954,
    "duration": 0,
    "pid": 2732,
    "index": 22
  },
  {
    "name": "Require(20) node_modules/_egg-view-ejs@2.0.0@egg-view-ejs/config/config.local.js",
    "start": 1535451897955,
    "end": 1535451897955,
    "duration": 0,
    "pid": 2732,
    "index": 23
  },
  {
    "name": "Require(21) node_modules/_egg@2.10.0@egg/config/config.local.js",
    "start": 1535451897956,
    "end": 1535451897956,
    "duration": 0,
    "pid": 2732,
    "index": 24
  },
  {
    "name": "Load extend/application.js",
    "start": 1535451897958,
    "end": 1535451897985,
    "duration": 27,
    "pid": 2732,
    "index": 25
  },
  {
    "name": "Require(22) node_modules/_egg-session@3.1.0@egg-session/app/extend/application.js",
    "start": 1535451897958,
    "end": 1535451897959,
    "duration": 1,
    "pid": 2732,
    "index": 26
  },
  {
    "name": "Require(23) node_modules/_egg-security@2.2.3@egg-security/app/extend/application.js",
    "start": 1535451897959,
    "end": 1535451897961,
    "duration": 2,
    "pid": 2732,
    "index": 27
  },
  {
    "name": "Require(24) node_modules/_egg-jsonp@2.0.0@egg-jsonp/app/extend/application.js",
    "start": 1535451897963,
    "end": 1535451897968,
    "duration": 5,
    "pid": 2732,
    "index": 28
  },
  {
    "name": "Require(25) node_modules/_egg-logrotator@3.0.3@egg-logrotator/app/extend/application.js",
    "start": 1535451897971,
    "end": 1535451897977,
    "duration": 6,
    "pid": 2732,
    "index": 29
  },
  {
    "name": "Require(26) node_modules/_egg-view@2.1.0@egg-view/app/extend/application.js",
    "start": 1535451897978,
    "end": 1535451897980,
    "duration": 2,
    "pid": 2732,
    "index": 30
  },
  {
    "name": "Load extend/request.js",
    "start": 1535451897985,
    "end": 1535451897997,
    "duration": 12,
    "pid": 2732,
    "index": 31
  },
  {
    "name": "Require(27) node_modules/_egg@2.10.0@egg/app/extend/request.js",
    "start": 1535451897990,
    "end": 1535451897992,
    "duration": 2,
    "pid": 2732,
    "index": 32
  },
  {
    "name": "Load extend/response.js",
    "start": 1535451897997,
    "end": 1535451898016,
    "duration": 19,
    "pid": 2732,
    "index": 33
  },
  {
    "name": "Require(28) node_modules/_egg@2.10.0@egg/app/extend/response.js",
    "start": 1535451898004,
    "end": 1535451898010,
    "duration": 6,
    "pid": 2732,
    "index": 34
  },
  {
    "name": "Load extend/context.js",
    "start": 1535451898016,
    "end": 1535451898127,
    "duration": 111,
    "pid": 2732,
    "index": 35
  },
  {
    "name": "Require(29) node_modules/_egg-security@2.2.3@egg-security/app/extend/context.js",
    "start": 1535451898017,
    "end": 1535451898046,
    "duration": 29,
    "pid": 2732,
    "index": 36
  },
  {
    "name": "Require(30) node_modules/_egg-jsonp@2.0.0@egg-jsonp/app/extend/context.js",
    "start": 1535451898047,
    "end": 1535451898051,
    "duration": 4,
    "pid": 2732,
    "index": 37
  },
  {
    "name": "Require(31) node_modules/_egg-i18n@2.0.0@egg-i18n/app/extend/context.js",
    "start": 1535451898051,
    "end": 1535451898052,
    "duration": 1,
    "pid": 2732,
    "index": 38
  },
  {
    "name": "Require(32) node_modules/_egg-multipart@2.1.0@egg-multipart/app/extend/context.js",
    "start": 1535451898053,
    "end": 1535451898116,
    "duration": 63,
    "pid": 2732,
    "index": 39
  },
  {
    "name": "Require(33) node_modules/_egg-view@2.1.0@egg-view/app/extend/context.js",
    "start": 1535451898117,
    "end": 1535451898119,
    "duration": 2,
    "pid": 2732,
    "index": 40
  },
  {
    "name": "Require(34) node_modules/_egg@2.10.0@egg/app/extend/context.js",
    "start": 1535451898120,
    "end": 1535451898122,
    "duration": 2,
    "pid": 2732,
    "index": 41
  },
  {
    "name": "Load extend/helper.js",
    "start": 1535451898127,
    "end": 1535451898157,
    "duration": 30,
    "pid": 2732,
    "index": 42
  },
  {
    "name": "Require(35) node_modules/_egg-security@2.2.3@egg-security/app/extend/helper.js",
    "start": 1535451898128,
    "end": 1535451898149,
    "duration": 21,
    "pid": 2732,
    "index": 43
  },
  {
    "name": "Require(36) node_modules/_egg@2.10.0@egg/app/extend/helper.js",
    "start": 1535451898152,
    "end": 1535451898152,
    "duration": 0,
    "pid": 2732,
    "index": 44
  },
  {
    "name": "Load app.js",
    "start": 1535451898157,
    "end": 1535451898475,
    "duration": 318,
    "pid": 2732,
    "index": 45
  },
  {
    "name": "Require(37) node_modules/_egg-session@3.1.0@egg-session/app.js",
    "start": 1535451898157,
    "end": 1535451898158,
    "duration": 1,
    "pid": 2732,
    "index": 46
  },
  {
    "name": "Require(38) node_modules/_egg-security@2.2.3@egg-security/app.js",
    "start": 1535451898158,
    "end": 1535451898161,
    "duration": 3,
    "pid": 2732,
    "index": 47
  },
  {
    "name": "Require(39) node_modules/_egg-onerror@2.1.0@egg-onerror/app.js",
    "start": 1535451898163,
    "end": 1535451898176,
    "duration": 13,
    "pid": 2732,
    "index": 48
  },
  {
    "name": "Require(40) node_modules/_egg-i18n@2.0.0@egg-i18n/app.js",
    "start": 1535451898178,
    "end": 1535451898189,
    "duration": 11,
    "pid": 2732,
    "index": 49
  },
  {
    "name": "Require(41) node_modules/_egg-watcher@3.0.0@egg-watcher/app.js",
    "start": 1535451898195,
    "end": 1535451898209,
    "duration": 14,
    "pid": 2732,
    "index": 50
  },
  {
    "name": "Before Start in node_modules/_egg-watcher@3.0.0@egg-watcher/app.js:15:7",
    "start": 1535451898224,
    "end": 1535451898711,
    "duration": 487,
    "pid": 2732,
    "index": 51
  },
  {
    "name": "Require(42) node_modules/_egg-multipart@2.1.0@egg-multipart/app.js",
    "start": 1535451898227,
    "end": 1535451898240,
    "duration": 13,
    "pid": 2732,
    "index": 52
  },
  {
    "name": "Require(43) node_modules/_egg-development@2.4.1@egg-development/app.js",
    "start": 1535451898242,
    "end": 1535451898242,
    "duration": 0,
    "pid": 2732,
    "index": 53
  },
  {
    "name": "Require(44) node_modules/_egg-schedule@3.3.0@egg-schedule/app.js",
    "start": 1535451898243,
    "end": 1535451898248,
    "duration": 5,
    "pid": 2732,
    "index": 54
  },
  {
    "name": "Require(45) node_modules/_egg-logrotator@3.0.3@egg-logrotator/app.js",
    "start": 1535451898298,
    "end": 1535451898298,
    "duration": 0,
    "pid": 2732,
    "index": 55
  },
  {
    "name": "Require(46) node_modules/_egg-static@2.1.1@egg-static/app.js",
    "start": 1535451898299,
    "end": 1535451898299,
    "duration": 0,
    "pid": 2732,
    "index": 56
  },
  {
    "name": "Require(47) node_modules/_egg-view-ejs@2.0.0@egg-view-ejs/app.js",
    "start": 1535451898301,
    "end": 1535451898301,
    "duration": 0,
    "pid": 2732,
    "index": 57
  },
  {
    "name": "Require(48) node_modules/_egg-mysql@3.0.0@egg-mysql/app.js",
    "start": 1535451898308,
    "end": 1535451898330,
    "duration": 22,
    "pid": 2732,
    "index": 58
  },
  {
    "name": "Before Start in node_modules/_egg-mysql@3.0.0@egg-mysql/lib/mysql.js:20:7",
    "start": 1535451898471,
    "end": 1535451898715,
    "duration": 244,
    "pid": 2732,
    "index": 59
  },
  {
    "name": "Load Service",
    "start": 1535451898475,
    "end": 1535451898485,
    "duration": 10,
    "pid": 2732,
    "index": 60
  },
  {
    "name": "Load \"service\" to Context",
    "start": 1535451898475,
    "end": 1535451898485,
    "duration": 10,
    "pid": 2732,
    "index": 61
  },
  {
    "name": "Load Middleware",
    "start": 1535451898486,
    "end": 1535451898644,
    "duration": 158,
    "pid": 2732,
    "index": 62
  },
  {
    "name": "Load \"middlewares\" to Application",
    "start": 1535451898486,
    "end": 1535451898611,
    "duration": 125,
    "pid": 2732,
    "index": 63
  },
  {
    "name": "Load Controller",
    "start": 1535451898644,
    "end": 1535451898651,
    "duration": 7,
    "pid": 2732,
    "index": 64
  },
  {
    "name": "Load \"controller\" to Application",
    "start": 1535451898644,
    "end": 1535451898651,
    "duration": 7,
    "pid": 2732,
    "index": 65
  },
  {
    "name": "Load Router",
    "start": 1535451898651,
    "end": 1535451898660,
    "duration": 9,
    "pid": 2732,
    "index": 66
  },
  {
    "name": "Require(49) app/router.js",
    "start": 1535451898652,
    "end": 1535451898653,
    "duration": 1,
    "pid": 2732,
    "index": 67
  },
  {
    "name": "Before Start in node_modules/_egg-core@4.9.1@egg-core/lib/egg.js:328:10",
    "start": 1535451898654,
    "end": 1535451898690,
    "duration": 36,
    "pid": 2732,
    "index": 68
  }
]