[
  {
    "name": "Process Start",
    "start": 1611306219950,
    "end": 1611306221011,
    "duration": 1061,
    "pid": 17268,
    "index": 0
  },
  {
    "name": "Application Start",
    "start": 1611306221011,
    "end": 1611306221437,
    "duration": 426,
    "pid": 17268,
    "index": 1
  },
  {
    "name": "Load Plugin",
    "start": 1611306221015,
    "end": 1611306221035,
    "duration": 20,
    "pid": 17268,
    "index": 2
  },
  {
    "name": "Load Config",
    "start": 1611306221035,
    "end": 1611306221057,
    "duration": 22,
    "pid": 17268,
    "index": 3
  },
  {
    "name": "Require(0) config/config.default.js",
    "start": 1611306221036,
    "end": 1611306221036,
    "duration": 0,
    "pid": 17268,
    "index": 4
  },
  {
    "name": "Require(1) node_modules/_egg-session@3.2.0@egg-session/config/config.default.js",
    "start": 1611306221037,
    "end": 1611306221038,
    "duration": 1,
    "pid": 17268,
    "index": 5
  },
  {
    "name": "Require(2) node_modules/_egg-security@2.8.0@egg-security/config/config.default.js",
    "start": 1611306221038,
    "end": 1611306221039,
    "duration": 1,
    "pid": 17268,
    "index": 6
  },
  {
    "name": "Require(3) node_modules/_egg-jsonp@2.0.0@egg-jsonp/config/config.default.js",
    "start": 1611306221040,
    "end": 1611306221040,
    "duration": 0,
    "pid": 17268,
    "index": 7
  },
  {
    "name": "Require(4) node_modules/_egg-onerror@2.1.0@egg-onerror/config/config.default.js",
    "start": 1611306221041,
    "end": 1611306221041,
    "duration": 0,
    "pid": 17268,
    "index": 8
  },
  {
    "name": "Require(5) node_modules/_egg-i18n@2.1.1@egg-i18n/config/config.default.js",
    "start": 1611306221042,
    "end": 1611306221042,
    "duration": 0,
    "pid": 17268,
    "index": 9
  },
  {
    "name": "Require(6) node_modules/_egg-watcher@3.1.1@egg-watcher/config/config.default.js",
    "start": 1611306221043,
    "end": 1611306221043,
    "duration": 0,
    "pid": 17268,
    "index": 10
  },
  {
    "name": "Require(7) node_modules/_egg-schedule@3.6.6@egg-schedule/config/config.default.js",
    "start": 1611306221044,
    "end": 1611306221044,
    "duration": 0,
    "pid": 17268,
    "index": 11
  },
  {
    "name": "Require(8) node_modules/_egg-multipart@2.10.3@egg-multipart/config/config.default.js",
    "start": 1611306221044,
    "end": 1611306221045,
    "duration": 1,
    "pid": 17268,
    "index": 12
  },
  {
    "name": "Require(9) node_modules/_egg-development@2.7.0@egg-development/config/config.default.js",
    "start": 1611306221046,
    "end": 1611306221046,
    "duration": 0,
    "pid": 17268,
    "index": 13
  },
  {
    "name": "Require(10) node_modules/_egg-logrotator@3.1.0@egg-logrotator/config/config.default.js",
    "start": 1611306221046,
    "end": 1611306221047,
    "duration": 1,
    "pid": 17268,
    "index": 14
  },
  {
    "name": "Require(11) node_modules/_egg-static@2.2.0@egg-static/config/config.default.js",
    "start": 1611306221047,
    "end": 1611306221048,
    "duration": 1,
    "pid": 17268,
    "index": 15
  },
  {
    "name": "Require(12) node_modules/_egg-view@2.1.3@egg-view/config/config.default.js",
    "start": 1611306221048,
    "end": 1611306221049,
    "duration": 1,
    "pid": 17268,
    "index": 16
  },
  {
    "name": "Require(13) node_modules/_egg-view-ejs@2.0.1@egg-view-ejs/config/config.default.js",
    "start": 1611306221049,
    "end": 1611306221050,
    "duration": 1,
    "pid": 17268,
    "index": 17
  },
  {
    "name": "Require(14) node_modules/_egg@2.29.1@egg/config/config.default.js",
    "start": 1611306221050,
    "end": 1611306221050,
    "duration": 0,
    "pid": 17268,
    "index": 18
  },
  {
    "name": "Require(15) config/config.default.js",
    "start": 1611306221052,
    "end": 1611306221052,
    "duration": 0,
    "pid": 17268,
    "index": 19
  },
  {
    "name": "Require(16) node_modules/_egg-security@2.8.0@egg-security/config/config.local.js",
    "start": 1611306221052,
    "end": 1611306221052,
    "duration": 0,
    "pid": 17268,
    "index": 20
  },
  {
    "name": "Require(17) node_modules/_egg-watcher@3.1.1@egg-watcher/config/config.local.js",
    "start": 1611306221053,
    "end": 1611306221054,
    "duration": 1,
    "pid": 17268,
    "index": 21
  },
  {
    "name": "Require(18) node_modules/_egg-view@2.1.3@egg-view/config/config.local.js",
    "start": 1611306221055,
    "end": 1611306221055,
    "duration": 0,
    "pid": 17268,
    "index": 22
  },
  {
    "name": "Require(19) node_modules/_egg-view-ejs@2.0.1@egg-view-ejs/config/config.local.js",
    "start": 1611306221056,
    "end": 1611306221056,
    "duration": 0,
    "pid": 17268,
    "index": 23
  },
  {
    "name": "Require(20) node_modules/_egg@2.29.1@egg/config/config.local.js",
    "start": 1611306221056,
    "end": 1611306221056,
    "duration": 0,
    "pid": 17268,
    "index": 24
  },
  {
    "name": "Load extend/application.js",
    "start": 1611306221058,
    "end": 1611306221074,
    "duration": 16,
    "pid": 17268,
    "index": 25
  },
  {
    "name": "Require(21) node_modules/_egg-session@3.2.0@egg-session/app/extend/application.js",
    "start": 1611306221058,
    "end": 1611306221059,
    "duration": 1,
    "pid": 17268,
    "index": 26
  },
  {
    "name": "Require(22) node_modules/_egg-security@2.8.0@egg-security/app/extend/application.js",
    "start": 1611306221059,
    "end": 1611306221060,
    "duration": 1,
    "pid": 17268,
    "index": 27
  },
  {
    "name": "Require(23) node_modules/_egg-jsonp@2.0.0@egg-jsonp/app/extend/application.js",
    "start": 1611306221061,
    "end": 1611306221063,
    "duration": 2,
    "pid": 17268,
    "index": 28
  },
  {
    "name": "Require(24) node_modules/_egg-logrotator@3.1.0@egg-logrotator/app/extend/application.js",
    "start": 1611306221065,
    "end": 1611306221068,
    "duration": 3,
    "pid": 17268,
    "index": 29
  },
  {
    "name": "Require(25) node_modules/_egg-view@2.1.3@egg-view/app/extend/application.js",
    "start": 1611306221068,
    "end": 1611306221071,
    "duration": 3,
    "pid": 17268,
    "index": 30
  },
  {
    "name": "Load extend/request.js",
    "start": 1611306221074,
    "end": 1611306221084,
    "duration": 10,
    "pid": 17268,
    "index": 31
  },
  {
    "name": "Require(26) node_modules/_egg@2.29.1@egg/app/extend/request.js",
    "start": 1611306221077,
    "end": 1611306221080,
    "duration": 3,
    "pid": 17268,
    "index": 32
  },
  {
    "name": "Load extend/response.js",
    "start": 1611306221084,
    "end": 1611306221093,
    "duration": 9,
    "pid": 17268,
    "index": 33
  },
  {
    "name": "Require(27) node_modules/_egg@2.29.1@egg/app/extend/response.js",
    "start": 1611306221087,
    "end": 1611306221090,
    "duration": 3,
    "pid": 17268,
    "index": 34
  },
  {
    "name": "Load extend/context.js",
    "start": 1611306221093,
    "end": 1611306221185,
    "duration": 92,
    "pid": 17268,
    "index": 35
  },
  {
    "name": "Require(28) node_modules/_egg-security@2.8.0@egg-security/app/extend/context.js",
    "start": 1611306221094,
    "end": 1611306221113,
    "duration": 19,
    "pid": 17268,
    "index": 36
  },
  {
    "name": "Require(29) node_modules/_egg-jsonp@2.0.0@egg-jsonp/app/extend/context.js",
    "start": 1611306221114,
    "end": 1611306221116,
    "duration": 2,
    "pid": 17268,
    "index": 37
  },
  {
    "name": "Require(30) node_modules/_egg-i18n@2.1.1@egg-i18n/app/extend/context.js",
    "start": 1611306221117,
    "end": 1611306221117,
    "duration": 0,
    "pid": 17268,
    "index": 38
  },
  {
    "name": "Require(31) node_modules/_egg-multipart@2.10.3@egg-multipart/app/extend/context.js",
    "start": 1611306221118,
    "end": 1611306221176,
    "duration": 58,
    "pid": 17268,
    "index": 39
  },
  {
    "name": "Require(32) node_modules/_egg-view@2.1.3@egg-view/app/extend/context.js",
    "start": 1611306221177,
    "end": 1611306221178,
    "duration": 1,
    "pid": 17268,
    "index": 40
  },
  {
    "name": "Require(33) node_modules/_egg@2.29.1@egg/app/extend/context.js",
    "start": 1611306221179,
    "end": 1611306221181,
    "duration": 2,
    "pid": 17268,
    "index": 41
  },
  {
    "name": "Load extend/helper.js",
    "start": 1611306221185,
    "end": 1611306221210,
    "duration": 25,
    "pid": 17268,
    "index": 42
  },
  {
    "name": "Require(34) node_modules/_egg-security@2.8.0@egg-security/app/extend/helper.js",
    "start": 1611306221185,
    "end": 1611306221204,
    "duration": 19,
    "pid": 17268,
    "index": 43
  },
  {
    "name": "Require(35) node_modules/_egg@2.29.1@egg/app/extend/helper.js",
    "start": 1611306221206,
    "end": 1611306221207,
    "duration": 1,
    "pid": 17268,
    "index": 44
  },
  {
    "name": "Load app.js",
    "start": 1611306221210,
    "end": 1611306221249,
    "duration": 39,
    "pid": 17268,
    "index": 45
  },
  {
    "name": "Require(36) node_modules/_egg-session@3.2.0@egg-session/app.js",
    "start": 1611306221210,
    "end": 1611306221211,
    "duration": 1,
    "pid": 17268,
    "index": 46
  },
  {
    "name": "Require(37) node_modules/_egg-security@2.8.0@egg-security/app.js",
    "start": 1611306221211,
    "end": 1611306221214,
    "duration": 3,
    "pid": 17268,
    "index": 47
  },
  {
    "name": "Require(38) node_modules/_egg-onerror@2.1.0@egg-onerror/app.js",
    "start": 1611306221215,
    "end": 1611306221226,
    "duration": 11,
    "pid": 17268,
    "index": 48
  },
  {
    "name": "Require(39) node_modules/_egg-i18n@2.1.1@egg-i18n/app.js",
    "start": 1611306221226,
    "end": 1611306221236,
    "duration": 10,
    "pid": 17268,
    "index": 49
  },
  {
    "name": "Require(40) node_modules/_egg-watcher@3.1.1@egg-watcher/app.js",
    "start": 1611306221237,
    "end": 1611306221241,
    "duration": 4,
    "pid": 17268,
    "index": 50
  },
  {
    "name": "Require(41) node_modules/_egg-schedule@3.6.6@egg-schedule/app.js",
    "start": 1611306221242,
    "end": 1611306221244,
    "duration": 2,
    "pid": 17268,
    "index": 51
  },
  {
    "name": "Require(42) node_modules/_egg-multipart@2.10.3@egg-multipart/app.js",
    "start": 1611306221244,
    "end": 1611306221245,
    "duration": 1,
    "pid": 17268,
    "index": 52
  },
  {
    "name": "Require(43) node_modules/_egg-development@2.7.0@egg-development/app.js",
    "start": 1611306221246,
    "end": 1611306221247,
    "duration": 1,
    "pid": 17268,
    "index": 53
  },
  {
    "name": "Require(44) node_modules/_egg-logrotator@3.1.0@egg-logrotator/app.js",
    "start": 1611306221247,
    "end": 1611306221247,
    "duration": 0,
    "pid": 17268,
    "index": 54
  },
  {
    "name": "Require(45) node_modules/_egg-static@2.2.0@egg-static/app.js",
    "start": 1611306221247,
    "end": 1611306221248,
    "duration": 1,
    "pid": 17268,
    "index": 55
  },
  {
    "name": "Require(46) node_modules/_egg-view-ejs@2.0.1@egg-view-ejs/app.js",
    "start": 1611306221248,
    "end": 1611306221248,
    "duration": 0,
    "pid": 17268,
    "index": 56
  },
  {
    "name": "Before Start in node_modules/_egg-watcher@3.1.1@egg-watcher/lib/init.js:15:14",
    "start": 1611306221257,
    "end": 1611306221437,
    "duration": 180,
    "pid": 17268,
    "index": 57
  },
  {
    "name": "Load Service",
    "start": 1611306221289,
    "end": 1611306221298,
    "duration": 9,
    "pid": 17268,
    "index": 58
  },
  {
    "name": "Load \"service\" to Context",
    "start": 1611306221289,
    "end": 1611306221298,
    "duration": 9,
    "pid": 17268,
    "index": 59
  },
  {
    "name": "Load Middleware",
    "start": 1611306221298,
    "end": 1611306221419,
    "duration": 121,
    "pid": 17268,
    "index": 60
  },
  {
    "name": "Load \"middlewares\" to Application",
    "start": 1611306221298,
    "end": 1611306221405,
    "duration": 107,
    "pid": 17268,
    "index": 61
  },
  {
    "name": "Load Controller",
    "start": 1611306221419,
    "end": 1611306221422,
    "duration": 3,
    "pid": 17268,
    "index": 62
  },
  {
    "name": "Load \"controller\" to Application",
    "start": 1611306221419,
    "end": 1611306221422,
    "duration": 3,
    "pid": 17268,
    "index": 63
  },
  {
    "name": "Load Router",
    "start": 1611306221422,
    "end": 1611306221424,
    "duration": 2,
    "pid": 17268,
    "index": 64
  },
  {
    "name": "Require(47) app/router.js",
    "start": 1611306221422,
    "end": 1611306221422,
    "duration": 0,
    "pid": 17268,
    "index": 65
  },
  {
    "name": "Before Start in node_modules/_egg-core@4.20.0@egg-core/lib/egg.js:303:10",
    "start": 1611306221423,
    "end": 1611306221430,
    "duration": 7,
    "pid": 17268,
    "index": 66
  }
]