[
  {
    "name": "Process Start",
    "start": 1611306217057,
    "end": 1611306218093,
    "duration": 1036,
    "pid": 14400,
    "index": 0
  },
  {
    "name": "Application Start",
    "start": 1611306218094,
    "end": 1611306218495,
    "duration": 401,
    "pid": 14400,
    "index": 1
  },
  {
    "name": "Load Plugin",
    "start": 1611306218098,
    "end": 1611306218116,
    "duration": 18,
    "pid": 14400,
    "index": 2
  },
  {
    "name": "Load Config",
    "start": 1611306218116,
    "end": 1611306218137,
    "duration": 21,
    "pid": 14400,
    "index": 3
  },
  {
    "name": "Require(0) config/config.default.js",
    "start": 1611306218117,
    "end": 1611306218117,
    "duration": 0,
    "pid": 14400,
    "index": 4
  },
  {
    "name": "Require(1) node_modules/_egg-session@3.2.0@egg-session/config/config.default.js",
    "start": 1611306218118,
    "end": 1611306218119,
    "duration": 1,
    "pid": 14400,
    "index": 5
  },
  {
    "name": "Require(2) node_modules/_egg-security@2.8.0@egg-security/config/config.default.js",
    "start": 1611306218119,
    "end": 1611306218120,
    "duration": 1,
    "pid": 14400,
    "index": 6
  },
  {
    "name": "Require(3) node_modules/_egg-jsonp@2.0.0@egg-jsonp/config/config.default.js",
    "start": 1611306218121,
    "end": 1611306218121,
    "duration": 0,
    "pid": 14400,
    "index": 7
  },
  {
    "name": "Require(4) node_modules/_egg-onerror@2.1.0@egg-onerror/config/config.default.js",
    "start": 1611306218121,
    "end": 1611306218122,
    "duration": 1,
    "pid": 14400,
    "index": 8
  },
  {
    "name": "Require(5) node_modules/_egg-i18n@2.1.1@egg-i18n/config/config.default.js",
    "start": 1611306218122,
    "end": 1611306218123,
    "duration": 1,
    "pid": 14400,
    "index": 9
  },
  {
    "name": "Require(6) node_modules/_egg-watcher@3.1.1@egg-watcher/config/config.default.js",
    "start": 1611306218123,
    "end": 1611306218124,
    "duration": 1,
    "pid": 14400,
    "index": 10
  },
  {
    "name": "Require(7) node_modules/_egg-schedule@3.6.6@egg-schedule/config/config.default.js",
    "start": 1611306218124,
    "end": 1611306218125,
    "duration": 1,
    "pid": 14400,
    "index": 11
  },
  {
    "name": "Require(8) node_modules/_egg-multipart@2.10.3@egg-multipart/config/config.default.js",
    "start": 1611306218125,
    "end": 1611306218126,
    "duration": 1,
    "pid": 14400,
    "index": 12
  },
  {
    "name": "Require(9) node_modules/_egg-development@2.7.0@egg-development/config/config.default.js",
    "start": 1611306218126,
    "end": 1611306218127,
    "duration": 1,
    "pid": 14400,
    "index": 13
  },
  {
    "name": "Require(10) node_modules/_egg-logrotator@3.1.0@egg-logrotator/config/config.default.js",
    "start": 1611306218127,
    "end": 1611306218128,
    "duration": 1,
    "pid": 14400,
    "index": 14
  },
  {
    "name": "Require(11) node_modules/_egg-static@2.2.0@egg-static/config/config.default.js",
    "start": 1611306218128,
    "end": 1611306218128,
    "duration": 0,
    "pid": 14400,
    "index": 15
  },
  {
    "name": "Require(12) node_modules/_egg-view@2.1.3@egg-view/config/config.default.js",
    "start": 1611306218129,
    "end": 1611306218129,
    "duration": 0,
    "pid": 14400,
    "index": 16
  },
  {
    "name": "Require(13) node_modules/_egg-view-ejs@2.0.1@egg-view-ejs/config/config.default.js",
    "start": 1611306218130,
    "end": 1611306218130,
    "duration": 0,
    "pid": 14400,
    "index": 17
  },
  {
    "name": "Require(14) node_modules/_egg@2.29.1@egg/config/config.default.js",
    "start": 1611306218131,
    "end": 1611306218131,
    "duration": 0,
    "pid": 14400,
    "index": 18
  },
  {
    "name": "Require(15) config/config.default.js",
    "start": 1611306218132,
    "end": 1611306218132,
    "duration": 0,
    "pid": 14400,
    "index": 19
  },
  {
    "name": "Require(16) node_modules/_egg-security@2.8.0@egg-security/config/config.local.js",
    "start": 1611306218133,
    "end": 1611306218133,
    "duration": 0,
    "pid": 14400,
    "index": 20
  },
  {
    "name": "Require(17) node_modules/_egg-watcher@3.1.1@egg-watcher/config/config.local.js",
    "start": 1611306218134,
    "end": 1611306218134,
    "duration": 0,
    "pid": 14400,
    "index": 21
  },
  {
    "name": "Require(18) node_modules/_egg-view@2.1.3@egg-view/config/config.local.js",
    "start": 1611306218136,
    "end": 1611306218136,
    "duration": 0,
    "pid": 14400,
    "index": 22
  },
  {
    "name": "Require(19) node_modules/_egg-view-ejs@2.0.1@egg-view-ejs/config/config.local.js",
    "start": 1611306218136,
    "end": 1611306218137,
    "duration": 1,
    "pid": 14400,
    "index": 23
  },
  {
    "name": "Require(20) node_modules/_egg@2.29.1@egg/config/config.local.js",
    "start": 1611306218137,
    "end": 1611306218137,
    "duration": 0,
    "pid": 14400,
    "index": 24
  },
  {
    "name": "Load extend/application.js",
    "start": 1611306218138,
    "end": 1611306218154,
    "duration": 16,
    "pid": 14400,
    "index": 25
  },
  {
    "name": "Require(21) node_modules/_egg-session@3.2.0@egg-session/app/extend/application.js",
    "start": 1611306218139,
    "end": 1611306218139,
    "duration": 0,
    "pid": 14400,
    "index": 26
  },
  {
    "name": "Require(22) node_modules/_egg-security@2.8.0@egg-security/app/extend/application.js",
    "start": 1611306218140,
    "end": 1611306218141,
    "duration": 1,
    "pid": 14400,
    "index": 27
  },
  {
    "name": "Require(23) node_modules/_egg-jsonp@2.0.0@egg-jsonp/app/extend/application.js",
    "start": 1611306218141,
    "end": 1611306218143,
    "duration": 2,
    "pid": 14400,
    "index": 28
  },
  {
    "name": "Require(24) node_modules/_egg-logrotator@3.1.0@egg-logrotator/app/extend/application.js",
    "start": 1611306218145,
    "end": 1611306218148,
    "duration": 3,
    "pid": 14400,
    "index": 29
  },
  {
    "name": "Require(25) node_modules/_egg-view@2.1.3@egg-view/app/extend/application.js",
    "start": 1611306218149,
    "end": 1611306218151,
    "duration": 2,
    "pid": 14400,
    "index": 30
  },
  {
    "name": "Load extend/request.js",
    "start": 1611306218154,
    "end": 1611306218161,
    "duration": 7,
    "pid": 14400,
    "index": 31
  },
  {
    "name": "Require(26) node_modules/_egg@2.29.1@egg/app/extend/request.js",
    "start": 1611306218157,
    "end": 1611306218158,
    "duration": 1,
    "pid": 14400,
    "index": 32
  },
  {
    "name": "Load extend/response.js",
    "start": 1611306218162,
    "end": 1611306218172,
    "duration": 10,
    "pid": 14400,
    "index": 33
  },
  {
    "name": "Require(27) node_modules/_egg@2.29.1@egg/app/extend/response.js",
    "start": 1611306218166,
    "end": 1611306218169,
    "duration": 3,
    "pid": 14400,
    "index": 34
  },
  {
    "name": "Load extend/context.js",
    "start": 1611306218172,
    "end": 1611306218245,
    "duration": 73,
    "pid": 14400,
    "index": 35
  },
  {
    "name": "Require(28) node_modules/_egg-security@2.8.0@egg-security/app/extend/context.js",
    "start": 1611306218172,
    "end": 1611306218186,
    "duration": 14,
    "pid": 14400,
    "index": 36
  },
  {
    "name": "Require(29) node_modules/_egg-jsonp@2.0.0@egg-jsonp/app/extend/context.js",
    "start": 1611306218186,
    "end": 1611306218187,
    "duration": 1,
    "pid": 14400,
    "index": 37
  },
  {
    "name": "Require(30) node_modules/_egg-i18n@2.1.1@egg-i18n/app/extend/context.js",
    "start": 1611306218188,
    "end": 1611306218188,
    "duration": 0,
    "pid": 14400,
    "index": 38
  },
  {
    "name": "Require(31) node_modules/_egg-multipart@2.10.3@egg-multipart/app/extend/context.js",
    "start": 1611306218189,
    "end": 1611306218237,
    "duration": 48,
    "pid": 14400,
    "index": 39
  },
  {
    "name": "Require(32) node_modules/_egg-view@2.1.3@egg-view/app/extend/context.js",
    "start": 1611306218238,
    "end": 1611306218239,
    "duration": 1,
    "pid": 14400,
    "index": 40
  },
  {
    "name": "Require(33) node_modules/_egg@2.29.1@egg/app/extend/context.js",
    "start": 1611306218240,
    "end": 1611306218242,
    "duration": 2,
    "pid": 14400,
    "index": 41
  },
  {
    "name": "Load extend/helper.js",
    "start": 1611306218245,
    "end": 1611306218267,
    "duration": 22,
    "pid": 14400,
    "index": 42
  },
  {
    "name": "Require(34) node_modules/_egg-security@2.8.0@egg-security/app/extend/helper.js",
    "start": 1611306218245,
    "end": 1611306218261,
    "duration": 16,
    "pid": 14400,
    "index": 43
  },
  {
    "name": "Require(35) node_modules/_egg@2.29.1@egg/app/extend/helper.js",
    "start": 1611306218264,
    "end": 1611306218264,
    "duration": 0,
    "pid": 14400,
    "index": 44
  },
  {
    "name": "Load app.js",
    "start": 1611306218267,
    "end": 1611306218303,
    "duration": 36,
    "pid": 14400,
    "index": 45
  },
  {
    "name": "Require(36) node_modules/_egg-session@3.2.0@egg-session/app.js",
    "start": 1611306218267,
    "end": 1611306218268,
    "duration": 1,
    "pid": 14400,
    "index": 46
  },
  {
    "name": "Require(37) node_modules/_egg-security@2.8.0@egg-security/app.js",
    "start": 1611306218268,
    "end": 1611306218270,
    "duration": 2,
    "pid": 14400,
    "index": 47
  },
  {
    "name": "Require(38) node_modules/_egg-onerror@2.1.0@egg-onerror/app.js",
    "start": 1611306218270,
    "end": 1611306218281,
    "duration": 11,
    "pid": 14400,
    "index": 48
  },
  {
    "name": "Require(39) node_modules/_egg-i18n@2.1.1@egg-i18n/app.js",
    "start": 1611306218282,
    "end": 1611306218291,
    "duration": 9,
    "pid": 14400,
    "index": 49
  },
  {
    "name": "Require(40) node_modules/_egg-watcher@3.1.1@egg-watcher/app.js",
    "start": 1611306218291,
    "end": 1611306218296,
    "duration": 5,
    "pid": 14400,
    "index": 50
  },
  {
    "name": "Require(41) node_modules/_egg-schedule@3.6.6@egg-schedule/app.js",
    "start": 1611306218296,
    "end": 1611306218298,
    "duration": 2,
    "pid": 14400,
    "index": 51
  },
  {
    "name": "Require(42) node_modules/_egg-multipart@2.10.3@egg-multipart/app.js",
    "start": 1611306218299,
    "end": 1611306218299,
    "duration": 0,
    "pid": 14400,
    "index": 52
  },
  {
    "name": "Require(43) node_modules/_egg-development@2.7.0@egg-development/app.js",
    "start": 1611306218299,
    "end": 1611306218300,
    "duration": 1,
    "pid": 14400,
    "index": 53
  },
  {
    "name": "Require(44) node_modules/_egg-logrotator@3.1.0@egg-logrotator/app.js",
    "start": 1611306218300,
    "end": 1611306218300,
    "duration": 0,
    "pid": 14400,
    "index": 54
  },
  {
    "name": "Require(45) node_modules/_egg-static@2.2.0@egg-static/app.js",
    "start": 1611306218301,
    "end": 1611306218301,
    "duration": 0,
    "pid": 14400,
    "index": 55
  },
  {
    "name": "Require(46) node_modules/_egg-view-ejs@2.0.1@egg-view-ejs/app.js",
    "start": 1611306218302,
    "end": 1611306218302,
    "duration": 0,
    "pid": 14400,
    "index": 56
  },
  {
    "name": "Before Start in node_modules/_egg-watcher@3.1.1@egg-watcher/lib/init.js:15:14",
    "start": 1611306218312,
    "end": 1611306218494,
    "duration": 182,
    "pid": 14400,
    "index": 57
  },
  {
    "name": "Load Service",
    "start": 1611306218346,
    "end": 1611306218354,
    "duration": 8,
    "pid": 14400,
    "index": 58
  },
  {
    "name": "Load \"service\" to Context",
    "start": 1611306218346,
    "end": 1611306218354,
    "duration": 8,
    "pid": 14400,
    "index": 59
  },
  {
    "name": "Load Middleware",
    "start": 1611306218354,
    "end": 1611306218475,
    "duration": 121,
    "pid": 14400,
    "index": 60
  },
  {
    "name": "Load \"middlewares\" to Application",
    "start": 1611306218354,
    "end": 1611306218458,
    "duration": 104,
    "pid": 14400,
    "index": 61
  },
  {
    "name": "Load Controller",
    "start": 1611306218475,
    "end": 1611306218478,
    "duration": 3,
    "pid": 14400,
    "index": 62
  },
  {
    "name": "Load \"controller\" to Application",
    "start": 1611306218475,
    "end": 1611306218478,
    "duration": 3,
    "pid": 14400,
    "index": 63
  },
  {
    "name": "Load Router",
    "start": 1611306218478,
    "end": 1611306218481,
    "duration": 3,
    "pid": 14400,
    "index": 64
  },
  {
    "name": "Require(47) app/router.js",
    "start": 1611306218478,
    "end": 1611306218479,
    "duration": 1,
    "pid": 14400,
    "index": 65
  },
  {
    "name": "Before Start in node_modules/_egg-core@4.20.0@egg-core/lib/egg.js:303:10",
    "start": 1611306218479,
    "end": 1611306218488,
    "duration": 9,
    "pid": 14400,
    "index": 66
  }
]