[
  {
    "name": "Process Start",
    "start": 1611306255078,
    "end": 1611306256472,
    "duration": 1394,
    "pid": 14296,
    "index": 0
  },
  {
    "name": "Application Start",
    "start": 1611306256473,
    "end": 1611306256993,
    "duration": 520,
    "pid": 14296,
    "index": 1
  },
  {
    "name": "Load Plugin",
    "start": 1611306256478,
    "end": 1611306256502,
    "duration": 24,
    "pid": 14296,
    "index": 2
  },
  {
    "name": "Load Config",
    "start": 1611306256502,
    "end": 1611306256529,
    "duration": 27,
    "pid": 14296,
    "index": 3
  },
  {
    "name": "Require(0) config/config.default.js",
    "start": 1611306256503,
    "end": 1611306256503,
    "duration": 0,
    "pid": 14296,
    "index": 4
  },
  {
    "name": "Require(1) node_modules/_egg-session@3.2.0@egg-session/config/config.default.js",
    "start": 1611306256505,
    "end": 1611306256506,
    "duration": 1,
    "pid": 14296,
    "index": 5
  },
  {
    "name": "Require(2) node_modules/_egg-security@2.8.0@egg-security/config/config.default.js",
    "start": 1611306256506,
    "end": 1611306256507,
    "duration": 1,
    "pid": 14296,
    "index": 6
  },
  {
    "name": "Require(3) node_modules/_egg-jsonp@2.0.0@egg-jsonp/config/config.default.js",
    "start": 1611306256508,
    "end": 1611306256509,
    "duration": 1,
    "pid": 14296,
    "index": 7
  },
  {
    "name": "Require(4) node_modules/_egg-onerror@2.1.0@egg-onerror/config/config.default.js",
    "start": 1611306256509,
    "end": 1611306256510,
    "duration": 1,
    "pid": 14296,
    "index": 8
  },
  {
    "name": "Require(5) node_modules/_egg-i18n@2.1.1@egg-i18n/config/config.default.js",
    "start": 1611306256510,
    "end": 1611306256511,
    "duration": 1,
    "pid": 14296,
    "index": 9
  },
  {
    "name": "Require(6) node_modules/_egg-watcher@3.1.1@egg-watcher/config/config.default.js",
    "start": 1611306256512,
    "end": 1611306256512,
    "duration": 0,
    "pid": 14296,
    "index": 10
  },
  {
    "name": "Require(7) node_modules/_egg-schedule@3.6.6@egg-schedule/config/config.default.js",
    "start": 1611306256513,
    "end": 1611306256513,
    "duration": 0,
    "pid": 14296,
    "index": 11
  },
  {
    "name": "Require(8) node_modules/_egg-multipart@2.10.3@egg-multipart/config/config.default.js",
    "start": 1611306256514,
    "end": 1611306256514,
    "duration": 0,
    "pid": 14296,
    "index": 12
  },
  {
    "name": "Require(9) node_modules/_egg-development@2.7.0@egg-development/config/config.default.js",
    "start": 1611306256515,
    "end": 1611306256516,
    "duration": 1,
    "pid": 14296,
    "index": 13
  },
  {
    "name": "Require(10) node_modules/_egg-logrotator@3.1.0@egg-logrotator/config/config.default.js",
    "start": 1611306256516,
    "end": 1611306256517,
    "duration": 1,
    "pid": 14296,
    "index": 14
  },
  {
    "name": "Require(11) node_modules/_egg-static@2.2.0@egg-static/config/config.default.js",
    "start": 1611306256517,
    "end": 1611306256518,
    "duration": 1,
    "pid": 14296,
    "index": 15
  },
  {
    "name": "Require(12) node_modules/_egg-view@2.1.3@egg-view/config/config.default.js",
    "start": 1611306256519,
    "end": 1611306256519,
    "duration": 0,
    "pid": 14296,
    "index": 16
  },
  {
    "name": "Require(13) node_modules/_egg-view-ejs@2.0.1@egg-view-ejs/config/config.default.js",
    "start": 1611306256520,
    "end": 1611306256520,
    "duration": 0,
    "pid": 14296,
    "index": 17
  },
  {
    "name": "Require(14) node_modules/_egg@2.29.1@egg/config/config.default.js",
    "start": 1611306256521,
    "end": 1611306256521,
    "duration": 0,
    "pid": 14296,
    "index": 18
  },
  {
    "name": "Require(15) config/config.default.js",
    "start": 1611306256523,
    "end": 1611306256523,
    "duration": 0,
    "pid": 14296,
    "index": 19
  },
  {
    "name": "Require(16) node_modules/_egg-security@2.8.0@egg-security/config/config.local.js",
    "start": 1611306256524,
    "end": 1611306256524,
    "duration": 0,
    "pid": 14296,
    "index": 20
  },
  {
    "name": "Require(17) node_modules/_egg-watcher@3.1.1@egg-watcher/config/config.local.js",
    "start": 1611306256525,
    "end": 1611306256526,
    "duration": 1,
    "pid": 14296,
    "index": 21
  },
  {
    "name": "Require(18) node_modules/_egg-view@2.1.3@egg-view/config/config.local.js",
    "start": 1611306256527,
    "end": 1611306256528,
    "duration": 1,
    "pid": 14296,
    "index": 22
  },
  {
    "name": "Require(19) node_modules/_egg-view-ejs@2.0.1@egg-view-ejs/config/config.local.js",
    "start": 1611306256528,
    "end": 1611306256528,
    "duration": 0,
    "pid": 14296,
    "index": 23
  },
  {
    "name": "Require(20) node_modules/_egg@2.29.1@egg/config/config.local.js",
    "start": 1611306256529,
    "end": 1611306256529,
    "duration": 0,
    "pid": 14296,
    "index": 24
  },
  {
    "name": "Load extend/application.js",
    "start": 1611306256531,
    "end": 1611306256550,
    "duration": 19,
    "pid": 14296,
    "index": 25
  },
  {
    "name": "Require(21) node_modules/_egg-session@3.2.0@egg-session/app/extend/application.js",
    "start": 1611306256531,
    "end": 1611306256532,
    "duration": 1,
    "pid": 14296,
    "index": 26
  },
  {
    "name": "Require(22) node_modules/_egg-security@2.8.0@egg-security/app/extend/application.js",
    "start": 1611306256532,
    "end": 1611306256534,
    "duration": 2,
    "pid": 14296,
    "index": 27
  },
  {
    "name": "Require(23) node_modules/_egg-jsonp@2.0.0@egg-jsonp/app/extend/application.js",
    "start": 1611306256535,
    "end": 1611306256537,
    "duration": 2,
    "pid": 14296,
    "index": 28
  },
  {
    "name": "Require(24) node_modules/_egg-logrotator@3.1.0@egg-logrotator/app/extend/application.js",
    "start": 1611306256539,
    "end": 1611306256543,
    "duration": 4,
    "pid": 14296,
    "index": 29
  },
  {
    "name": "Require(25) node_modules/_egg-view@2.1.3@egg-view/app/extend/application.js",
    "start": 1611306256544,
    "end": 1611306256546,
    "duration": 2,
    "pid": 14296,
    "index": 30
  },
  {
    "name": "Load extend/request.js",
    "start": 1611306256550,
    "end": 1611306256560,
    "duration": 10,
    "pid": 14296,
    "index": 31
  },
  {
    "name": "Require(26) node_modules/_egg@2.29.1@egg/app/extend/request.js",
    "start": 1611306256554,
    "end": 1611306256556,
    "duration": 2,
    "pid": 14296,
    "index": 32
  },
  {
    "name": "Load extend/response.js",
    "start": 1611306256560,
    "end": 1611306256573,
    "duration": 13,
    "pid": 14296,
    "index": 33
  },
  {
    "name": "Require(27) node_modules/_egg@2.29.1@egg/app/extend/response.js",
    "start": 1611306256566,
    "end": 1611306256569,
    "duration": 3,
    "pid": 14296,
    "index": 34
  },
  {
    "name": "Load extend/context.js",
    "start": 1611306256573,
    "end": 1611306256657,
    "duration": 84,
    "pid": 14296,
    "index": 35
  },
  {
    "name": "Require(28) node_modules/_egg-security@2.8.0@egg-security/app/extend/context.js",
    "start": 1611306256574,
    "end": 1611306256590,
    "duration": 16,
    "pid": 14296,
    "index": 36
  },
  {
    "name": "Require(29) node_modules/_egg-jsonp@2.0.0@egg-jsonp/app/extend/context.js",
    "start": 1611306256591,
    "end": 1611306256593,
    "duration": 2,
    "pid": 14296,
    "index": 37
  },
  {
    "name": "Require(30) node_modules/_egg-i18n@2.1.1@egg-i18n/app/extend/context.js",
    "start": 1611306256593,
    "end": 1611306256594,
    "duration": 1,
    "pid": 14296,
    "index": 38
  },
  {
    "name": "Require(31) node_modules/_egg-multipart@2.10.3@egg-multipart/app/extend/context.js",
    "start": 1611306256595,
    "end": 1611306256650,
    "duration": 55,
    "pid": 14296,
    "index": 39
  },
  {
    "name": "Require(32) node_modules/_egg-view@2.1.3@egg-view/app/extend/context.js",
    "start": 1611306256651,
    "end": 1611306256652,
    "duration": 1,
    "pid": 14296,
    "index": 40
  },
  {
    "name": "Require(33) node_modules/_egg@2.29.1@egg/app/extend/context.js",
    "start": 1611306256652,
    "end": 1611306256654,
    "duration": 2,
    "pid": 14296,
    "index": 41
  },
  {
    "name": "Load extend/helper.js",
    "start": 1611306256657,
    "end": 1611306256683,
    "duration": 26,
    "pid": 14296,
    "index": 42
  },
  {
    "name": "Require(34) node_modules/_egg-security@2.8.0@egg-security/app/extend/helper.js",
    "start": 1611306256658,
    "end": 1611306256676,
    "duration": 18,
    "pid": 14296,
    "index": 43
  },
  {
    "name": "Require(35) node_modules/_egg@2.29.1@egg/app/extend/helper.js",
    "start": 1611306256679,
    "end": 1611306256679,
    "duration": 0,
    "pid": 14296,
    "index": 44
  },
  {
    "name": "Load app.js",
    "start": 1611306256683,
    "end": 1611306256723,
    "duration": 40,
    "pid": 14296,
    "index": 45
  },
  {
    "name": "Require(36) node_modules/_egg-session@3.2.0@egg-session/app.js",
    "start": 1611306256684,
    "end": 1611306256684,
    "duration": 0,
    "pid": 14296,
    "index": 46
  },
  {
    "name": "Require(37) node_modules/_egg-security@2.8.0@egg-security/app.js",
    "start": 1611306256685,
    "end": 1611306256687,
    "duration": 2,
    "pid": 14296,
    "index": 47
  },
  {
    "name": "Require(38) node_modules/_egg-onerror@2.1.0@egg-onerror/app.js",
    "start": 1611306256687,
    "end": 1611306256700,
    "duration": 13,
    "pid": 14296,
    "index": 48
  },
  {
    "name": "Require(39) node_modules/_egg-i18n@2.1.1@egg-i18n/app.js",
    "start": 1611306256700,
    "end": 1611306256709,
    "duration": 9,
    "pid": 14296,
    "index": 49
  },
  {
    "name": "Require(40) node_modules/_egg-watcher@3.1.1@egg-watcher/app.js",
    "start": 1611306256710,
    "end": 1611306256715,
    "duration": 5,
    "pid": 14296,
    "index": 50
  },
  {
    "name": "Require(41) node_modules/_egg-schedule@3.6.6@egg-schedule/app.js",
    "start": 1611306256715,
    "end": 1611306256718,
    "duration": 3,
    "pid": 14296,
    "index": 51
  },
  {
    "name": "Require(42) node_modules/_egg-multipart@2.10.3@egg-multipart/app.js",
    "start": 1611306256718,
    "end": 1611306256719,
    "duration": 1,
    "pid": 14296,
    "index": 52
  },
  {
    "name": "Require(43) node_modules/_egg-development@2.7.0@egg-development/app.js",
    "start": 1611306256719,
    "end": 1611306256719,
    "duration": 0,
    "pid": 14296,
    "index": 53
  },
  {
    "name": "Require(44) node_modules/_egg-logrotator@3.1.0@egg-logrotator/app.js",
    "start": 1611306256720,
    "end": 1611306256720,
    "duration": 0,
    "pid": 14296,
    "index": 54
  },
  {
    "name": "Require(45) node_modules/_egg-static@2.2.0@egg-static/app.js",
    "start": 1611306256720,
    "end": 1611306256721,
    "duration": 1,
    "pid": 14296,
    "index": 55
  },
  {
    "name": "Require(46) node_modules/_egg-view-ejs@2.0.1@egg-view-ejs/app.js",
    "start": 1611306256721,
    "end": 1611306256722,
    "duration": 1,
    "pid": 14296,
    "index": 56
  },
  {
    "name": "Before Start in node_modules/_egg-watcher@3.1.1@egg-watcher/lib/init.js:15:14",
    "start": 1611306256732,
    "end": 1611306256992,
    "duration": 260,
    "pid": 14296,
    "index": 57
  },
  {
    "name": "Load Service",
    "start": 1611306256782,
    "end": 1611306256790,
    "duration": 8,
    "pid": 14296,
    "index": 58
  },
  {
    "name": "Load \"service\" to Context",
    "start": 1611306256782,
    "end": 1611306256790,
    "duration": 8,
    "pid": 14296,
    "index": 59
  },
  {
    "name": "Load Middleware",
    "start": 1611306256790,
    "end": 1611306256968,
    "duration": 178,
    "pid": 14296,
    "index": 60
  },
  {
    "name": "Load \"middlewares\" to Application",
    "start": 1611306256790,
    "end": 1611306256947,
    "duration": 157,
    "pid": 14296,
    "index": 61
  },
  {
    "name": "Load Controller",
    "start": 1611306256969,
    "end": 1611306256973,
    "duration": 4,
    "pid": 14296,
    "index": 62
  },
  {
    "name": "Load \"controller\" to Application",
    "start": 1611306256969,
    "end": 1611306256973,
    "duration": 4,
    "pid": 14296,
    "index": 63
  },
  {
    "name": "Load Router",
    "start": 1611306256973,
    "end": 1611306256975,
    "duration": 2,
    "pid": 14296,
    "index": 64
  },
  {
    "name": "Require(47) app/router.js",
    "start": 1611306256973,
    "end": 1611306256974,
    "duration": 1,
    "pid": 14296,
    "index": 65
  },
  {
    "name": "Before Start in node_modules/_egg-core@4.20.0@egg-core/lib/egg.js:303:10",
    "start": 1611306256974,
    "end": 1611306256983,
    "duration": 9,
    "pid": 14296,
    "index": 66
  }
]