[
  {
    "name": "Process Start",
    "start": 1611306241627,
    "end": 1611306242775,
    "duration": 1148,
    "pid": 17968,
    "index": 0
  },
  {
    "name": "Application Start",
    "start": 1611306242776,
    "end": 1611306243224,
    "duration": 448,
    "pid": 17968,
    "index": 1
  },
  {
    "name": "Load Plugin",
    "start": 1611306242782,
    "end": 1611306242804,
    "duration": 22,
    "pid": 17968,
    "index": 2
  },
  {
    "name": "Load Config",
    "start": 1611306242804,
    "end": 1611306242826,
    "duration": 22,
    "pid": 17968,
    "index": 3
  },
  {
    "name": "Require(0) config/config.default.js",
    "start": 1611306242805,
    "end": 1611306242805,
    "duration": 0,
    "pid": 17968,
    "index": 4
  },
  {
    "name": "Require(1) node_modules/_egg-session@3.2.0@egg-session/config/config.default.js",
    "start": 1611306242806,
    "end": 1611306242807,
    "duration": 1,
    "pid": 17968,
    "index": 5
  },
  {
    "name": "Require(2) node_modules/_egg-security@2.8.0@egg-security/config/config.default.js",
    "start": 1611306242807,
    "end": 1611306242808,
    "duration": 1,
    "pid": 17968,
    "index": 6
  },
  {
    "name": "Require(3) node_modules/_egg-jsonp@2.0.0@egg-jsonp/config/config.default.js",
    "start": 1611306242809,
    "end": 1611306242809,
    "duration": 0,
    "pid": 17968,
    "index": 7
  },
  {
    "name": "Require(4) node_modules/_egg-onerror@2.1.0@egg-onerror/config/config.default.js",
    "start": 1611306242810,
    "end": 1611306242810,
    "duration": 0,
    "pid": 17968,
    "index": 8
  },
  {
    "name": "Require(5) node_modules/_egg-i18n@2.1.1@egg-i18n/config/config.default.js",
    "start": 1611306242811,
    "end": 1611306242811,
    "duration": 0,
    "pid": 17968,
    "index": 9
  },
  {
    "name": "Require(6) node_modules/_egg-watcher@3.1.1@egg-watcher/config/config.default.js",
    "start": 1611306242812,
    "end": 1611306242813,
    "duration": 1,
    "pid": 17968,
    "index": 10
  },
  {
    "name": "Require(7) node_modules/_egg-schedule@3.6.6@egg-schedule/config/config.default.js",
    "start": 1611306242813,
    "end": 1611306242813,
    "duration": 0,
    "pid": 17968,
    "index": 11
  },
  {
    "name": "Require(8) node_modules/_egg-multipart@2.10.3@egg-multipart/config/config.default.js",
    "start": 1611306242814,
    "end": 1611306242814,
    "duration": 0,
    "pid": 17968,
    "index": 12
  },
  {
    "name": "Require(9) node_modules/_egg-development@2.7.0@egg-development/config/config.default.js",
    "start": 1611306242815,
    "end": 1611306242815,
    "duration": 0,
    "pid": 17968,
    "index": 13
  },
  {
    "name": "Require(10) node_modules/_egg-logrotator@3.1.0@egg-logrotator/config/config.default.js",
    "start": 1611306242816,
    "end": 1611306242816,
    "duration": 0,
    "pid": 17968,
    "index": 14
  },
  {
    "name": "Require(11) node_modules/_egg-static@2.2.0@egg-static/config/config.default.js",
    "start": 1611306242817,
    "end": 1611306242817,
    "duration": 0,
    "pid": 17968,
    "index": 15
  },
  {
    "name": "Require(12) node_modules/_egg-view@2.1.3@egg-view/config/config.default.js",
    "start": 1611306242818,
    "end": 1611306242818,
    "duration": 0,
    "pid": 17968,
    "index": 16
  },
  {
    "name": "Require(13) node_modules/_egg-view-ejs@2.0.1@egg-view-ejs/config/config.default.js",
    "start": 1611306242819,
    "end": 1611306242819,
    "duration": 0,
    "pid": 17968,
    "index": 17
  },
  {
    "name": "Require(14) node_modules/_egg@2.29.1@egg/config/config.default.js",
    "start": 1611306242820,
    "end": 1611306242820,
    "duration": 0,
    "pid": 17968,
    "index": 18
  },
  {
    "name": "Require(15) config/config.default.js",
    "start": 1611306242821,
    "end": 1611306242821,
    "duration": 0,
    "pid": 17968,
    "index": 19
  },
  {
    "name": "Require(16) node_modules/_egg-security@2.8.0@egg-security/config/config.local.js",
    "start": 1611306242822,
    "end": 1611306242822,
    "duration": 0,
    "pid": 17968,
    "index": 20
  },
  {
    "name": "Require(17) node_modules/_egg-watcher@3.1.1@egg-watcher/config/config.local.js",
    "start": 1611306242823,
    "end": 1611306242823,
    "duration": 0,
    "pid": 17968,
    "index": 21
  },
  {
    "name": "Require(18) node_modules/_egg-view@2.1.3@egg-view/config/config.local.js",
    "start": 1611306242825,
    "end": 1611306242825,
    "duration": 0,
    "pid": 17968,
    "index": 22
  },
  {
    "name": "Require(19) node_modules/_egg-view-ejs@2.0.1@egg-view-ejs/config/config.local.js",
    "start": 1611306242825,
    "end": 1611306242826,
    "duration": 1,
    "pid": 17968,
    "index": 23
  },
  {
    "name": "Require(20) node_modules/_egg@2.29.1@egg/config/config.local.js",
    "start": 1611306242826,
    "end": 1611306242826,
    "duration": 0,
    "pid": 17968,
    "index": 24
  },
  {
    "name": "Load extend/application.js",
    "start": 1611306242828,
    "end": 1611306242844,
    "duration": 16,
    "pid": 17968,
    "index": 25
  },
  {
    "name": "Require(21) node_modules/_egg-session@3.2.0@egg-session/app/extend/application.js",
    "start": 1611306242828,
    "end": 1611306242829,
    "duration": 1,
    "pid": 17968,
    "index": 26
  },
  {
    "name": "Require(22) node_modules/_egg-security@2.8.0@egg-security/app/extend/application.js",
    "start": 1611306242829,
    "end": 1611306242830,
    "duration": 1,
    "pid": 17968,
    "index": 27
  },
  {
    "name": "Require(23) node_modules/_egg-jsonp@2.0.0@egg-jsonp/app/extend/application.js",
    "start": 1611306242831,
    "end": 1611306242833,
    "duration": 2,
    "pid": 17968,
    "index": 28
  },
  {
    "name": "Require(24) node_modules/_egg-logrotator@3.1.0@egg-logrotator/app/extend/application.js",
    "start": 1611306242835,
    "end": 1611306242838,
    "duration": 3,
    "pid": 17968,
    "index": 29
  },
  {
    "name": "Require(25) node_modules/_egg-view@2.1.3@egg-view/app/extend/application.js",
    "start": 1611306242838,
    "end": 1611306242840,
    "duration": 2,
    "pid": 17968,
    "index": 30
  },
  {
    "name": "Load extend/request.js",
    "start": 1611306242844,
    "end": 1611306242852,
    "duration": 8,
    "pid": 17968,
    "index": 31
  },
  {
    "name": "Require(26) node_modules/_egg@2.29.1@egg/app/extend/request.js",
    "start": 1611306242847,
    "end": 1611306242849,
    "duration": 2,
    "pid": 17968,
    "index": 32
  },
  {
    "name": "Load extend/response.js",
    "start": 1611306242852,
    "end": 1611306242864,
    "duration": 12,
    "pid": 17968,
    "index": 33
  },
  {
    "name": "Require(27) node_modules/_egg@2.29.1@egg/app/extend/response.js",
    "start": 1611306242857,
    "end": 1611306242860,
    "duration": 3,
    "pid": 17968,
    "index": 34
  },
  {
    "name": "Load extend/context.js",
    "start": 1611306242864,
    "end": 1611306242951,
    "duration": 87,
    "pid": 17968,
    "index": 35
  },
  {
    "name": "Require(28) node_modules/_egg-security@2.8.0@egg-security/app/extend/context.js",
    "start": 1611306242864,
    "end": 1611306242880,
    "duration": 16,
    "pid": 17968,
    "index": 36
  },
  {
    "name": "Require(29) node_modules/_egg-jsonp@2.0.0@egg-jsonp/app/extend/context.js",
    "start": 1611306242880,
    "end": 1611306242882,
    "duration": 2,
    "pid": 17968,
    "index": 37
  },
  {
    "name": "Require(30) node_modules/_egg-i18n@2.1.1@egg-i18n/app/extend/context.js",
    "start": 1611306242883,
    "end": 1611306242883,
    "duration": 0,
    "pid": 17968,
    "index": 38
  },
  {
    "name": "Require(31) node_modules/_egg-multipart@2.10.3@egg-multipart/app/extend/context.js",
    "start": 1611306242884,
    "end": 1611306242944,
    "duration": 60,
    "pid": 17968,
    "index": 39
  },
  {
    "name": "Require(32) node_modules/_egg-view@2.1.3@egg-view/app/extend/context.js",
    "start": 1611306242945,
    "end": 1611306242946,
    "duration": 1,
    "pid": 17968,
    "index": 40
  },
  {
    "name": "Require(33) node_modules/_egg@2.29.1@egg/app/extend/context.js",
    "start": 1611306242947,
    "end": 1611306242948,
    "duration": 1,
    "pid": 17968,
    "index": 41
  },
  {
    "name": "Load extend/helper.js",
    "start": 1611306242951,
    "end": 1611306242976,
    "duration": 25,
    "pid": 17968,
    "index": 42
  },
  {
    "name": "Require(34) node_modules/_egg-security@2.8.0@egg-security/app/extend/helper.js",
    "start": 1611306242952,
    "end": 1611306242969,
    "duration": 17,
    "pid": 17968,
    "index": 43
  },
  {
    "name": "Require(35) node_modules/_egg@2.29.1@egg/app/extend/helper.js",
    "start": 1611306242972,
    "end": 1611306242972,
    "duration": 0,
    "pid": 17968,
    "index": 44
  },
  {
    "name": "Load app.js",
    "start": 1611306242976,
    "end": 1611306243012,
    "duration": 36,
    "pid": 17968,
    "index": 45
  },
  {
    "name": "Require(36) node_modules/_egg-session@3.2.0@egg-session/app.js",
    "start": 1611306242976,
    "end": 1611306242977,
    "duration": 1,
    "pid": 17968,
    "index": 46
  },
  {
    "name": "Require(37) node_modules/_egg-security@2.8.0@egg-security/app.js",
    "start": 1611306242977,
    "end": 1611306242979,
    "duration": 2,
    "pid": 17968,
    "index": 47
  },
  {
    "name": "Require(38) node_modules/_egg-onerror@2.1.0@egg-onerror/app.js",
    "start": 1611306242980,
    "end": 1611306242991,
    "duration": 11,
    "pid": 17968,
    "index": 48
  },
  {
    "name": "Require(39) node_modules/_egg-i18n@2.1.1@egg-i18n/app.js",
    "start": 1611306242991,
    "end": 1611306243000,
    "duration": 9,
    "pid": 17968,
    "index": 49
  },
  {
    "name": "Require(40) node_modules/_egg-watcher@3.1.1@egg-watcher/app.js",
    "start": 1611306243000,
    "end": 1611306243005,
    "duration": 5,
    "pid": 17968,
    "index": 50
  },
  {
    "name": "Require(41) node_modules/_egg-schedule@3.6.6@egg-schedule/app.js",
    "start": 1611306243005,
    "end": 1611306243007,
    "duration": 2,
    "pid": 17968,
    "index": 51
  },
  {
    "name": "Require(42) node_modules/_egg-multipart@2.10.3@egg-multipart/app.js",
    "start": 1611306243008,
    "end": 1611306243008,
    "duration": 0,
    "pid": 17968,
    "index": 52
  },
  {
    "name": "Require(43) node_modules/_egg-development@2.7.0@egg-development/app.js",
    "start": 1611306243009,
    "end": 1611306243009,
    "duration": 0,
    "pid": 17968,
    "index": 53
  },
  {
    "name": "Require(44) node_modules/_egg-logrotator@3.1.0@egg-logrotator/app.js",
    "start": 1611306243010,
    "end": 1611306243010,
    "duration": 0,
    "pid": 17968,
    "index": 54
  },
  {
    "name": "Require(45) node_modules/_egg-static@2.2.0@egg-static/app.js",
    "start": 1611306243010,
    "end": 1611306243010,
    "duration": 0,
    "pid": 17968,
    "index": 55
  },
  {
    "name": "Require(46) node_modules/_egg-view-ejs@2.0.1@egg-view-ejs/app.js",
    "start": 1611306243011,
    "end": 1611306243011,
    "duration": 0,
    "pid": 17968,
    "index": 56
  },
  {
    "name": "Before Start in node_modules/_egg-watcher@3.1.1@egg-watcher/lib/init.js:15:14",
    "start": 1611306243021,
    "end": 1611306243224,
    "duration": 203,
    "pid": 17968,
    "index": 57
  },
  {
    "name": "Load Service",
    "start": 1611306243058,
    "end": 1611306243066,
    "duration": 8,
    "pid": 17968,
    "index": 58
  },
  {
    "name": "Load \"service\" to Context",
    "start": 1611306243058,
    "end": 1611306243066,
    "duration": 8,
    "pid": 17968,
    "index": 59
  },
  {
    "name": "Load Middleware",
    "start": 1611306243066,
    "end": 1611306243205,
    "duration": 139,
    "pid": 17968,
    "index": 60
  },
  {
    "name": "Load \"middlewares\" to Application",
    "start": 1611306243066,
    "end": 1611306243191,
    "duration": 125,
    "pid": 17968,
    "index": 61
  },
  {
    "name": "Load Controller",
    "start": 1611306243205,
    "end": 1611306243208,
    "duration": 3,
    "pid": 17968,
    "index": 62
  },
  {
    "name": "Load \"controller\" to Application",
    "start": 1611306243205,
    "end": 1611306243208,
    "duration": 3,
    "pid": 17968,
    "index": 63
  },
  {
    "name": "Load Router",
    "start": 1611306243208,
    "end": 1611306243211,
    "duration": 3,
    "pid": 17968,
    "index": 64
  },
  {
    "name": "Require(47) app/router.js",
    "start": 1611306243209,
    "end": 1611306243209,
    "duration": 0,
    "pid": 17968,
    "index": 65
  },
  {
    "name": "Before Start in node_modules/_egg-core@4.20.0@egg-core/lib/egg.js:303:10",
    "start": 1611306243209,
    "end": 1611306243217,
    "duration": 8,
    "pid": 17968,
    "index": 66
  }
]