[
  {
    "name": "Process Start",
    "start": 1611306317562,
    "end": 1611306318665,
    "duration": 1103,
    "pid": 3640,
    "index": 0
  },
  {
    "name": "Application Start",
    "start": 1611306318665,
    "end": 1611306319081,
    "duration": 416,
    "pid": 3640,
    "index": 1
  },
  {
    "name": "Load Plugin",
    "start": 1611306318669,
    "end": 1611306318687,
    "duration": 18,
    "pid": 3640,
    "index": 2
  },
  {
    "name": "Load Config",
    "start": 1611306318687,
    "end": 1611306318706,
    "duration": 19,
    "pid": 3640,
    "index": 3
  },
  {
    "name": "Require(0) config/config.default.js",
    "start": 1611306318687,
    "end": 1611306318688,
    "duration": 1,
    "pid": 3640,
    "index": 4
  },
  {
    "name": "Require(1) node_modules/_egg-session@3.2.0@egg-session/config/config.default.js",
    "start": 1611306318689,
    "end": 1611306318689,
    "duration": 0,
    "pid": 3640,
    "index": 5
  },
  {
    "name": "Require(2) node_modules/_egg-security@2.8.0@egg-security/config/config.default.js",
    "start": 1611306318689,
    "end": 1611306318690,
    "duration": 1,
    "pid": 3640,
    "index": 6
  },
  {
    "name": "Require(3) node_modules/_egg-jsonp@2.0.0@egg-jsonp/config/config.default.js",
    "start": 1611306318691,
    "end": 1611306318691,
    "duration": 0,
    "pid": 3640,
    "index": 7
  },
  {
    "name": "Require(4) node_modules/_egg-onerror@2.1.0@egg-onerror/config/config.default.js",
    "start": 1611306318691,
    "end": 1611306318692,
    "duration": 1,
    "pid": 3640,
    "index": 8
  },
  {
    "name": "Require(5) node_modules/_egg-i18n@2.1.1@egg-i18n/config/config.default.js",
    "start": 1611306318692,
    "end": 1611306318693,
    "duration": 1,
    "pid": 3640,
    "index": 9
  },
  {
    "name": "Require(6) node_modules/_egg-watcher@3.1.1@egg-watcher/config/config.default.js",
    "start": 1611306318693,
    "end": 1611306318694,
    "duration": 1,
    "pid": 3640,
    "index": 10
  },
  {
    "name": "Require(7) node_modules/_egg-schedule@3.6.6@egg-schedule/config/config.default.js",
    "start": 1611306318694,
    "end": 1611306318694,
    "duration": 0,
    "pid": 3640,
    "index": 11
  },
  {
    "name": "Require(8) node_modules/_egg-multipart@2.10.3@egg-multipart/config/config.default.js",
    "start": 1611306318695,
    "end": 1611306318695,
    "duration": 0,
    "pid": 3640,
    "index": 12
  },
  {
    "name": "Require(9) node_modules/_egg-development@2.7.0@egg-development/config/config.default.js",
    "start": 1611306318696,
    "end": 1611306318696,
    "duration": 0,
    "pid": 3640,
    "index": 13
  },
  {
    "name": "Require(10) node_modules/_egg-logrotator@3.1.0@egg-logrotator/config/config.default.js",
    "start": 1611306318697,
    "end": 1611306318697,
    "duration": 0,
    "pid": 3640,
    "index": 14
  },
  {
    "name": "Require(11) node_modules/_egg-static@2.2.0@egg-static/config/config.default.js",
    "start": 1611306318697,
    "end": 1611306318698,
    "duration": 1,
    "pid": 3640,
    "index": 15
  },
  {
    "name": "Require(12) node_modules/_egg-view@2.1.3@egg-view/config/config.default.js",
    "start": 1611306318698,
    "end": 1611306318699,
    "duration": 1,
    "pid": 3640,
    "index": 16
  },
  {
    "name": "Require(13) node_modules/_egg-view-ejs@2.0.1@egg-view-ejs/config/config.default.js",
    "start": 1611306318699,
    "end": 1611306318699,
    "duration": 0,
    "pid": 3640,
    "index": 17
  },
  {
    "name": "Require(14) node_modules/_egg@2.29.1@egg/config/config.default.js",
    "start": 1611306318700,
    "end": 1611306318700,
    "duration": 0,
    "pid": 3640,
    "index": 18
  },
  {
    "name": "Require(15) config/config.default.js",
    "start": 1611306318701,
    "end": 1611306318701,
    "duration": 0,
    "pid": 3640,
    "index": 19
  },
  {
    "name": "Require(16) node_modules/_egg-security@2.8.0@egg-security/config/config.local.js",
    "start": 1611306318702,
    "end": 1611306318702,
    "duration": 0,
    "pid": 3640,
    "index": 20
  },
  {
    "name": "Require(17) node_modules/_egg-watcher@3.1.1@egg-watcher/config/config.local.js",
    "start": 1611306318703,
    "end": 1611306318703,
    "duration": 0,
    "pid": 3640,
    "index": 21
  },
  {
    "name": "Require(18) node_modules/_egg-view@2.1.3@egg-view/config/config.local.js",
    "start": 1611306318704,
    "end": 1611306318705,
    "duration": 1,
    "pid": 3640,
    "index": 22
  },
  {
    "name": "Require(19) node_modules/_egg-view-ejs@2.0.1@egg-view-ejs/config/config.local.js",
    "start": 1611306318705,
    "end": 1611306318705,
    "duration": 0,
    "pid": 3640,
    "index": 23
  },
  {
    "name": "Require(20) node_modules/_egg@2.29.1@egg/config/config.local.js",
    "start": 1611306318705,
    "end": 1611306318706,
    "duration": 1,
    "pid": 3640,
    "index": 24
  },
  {
    "name": "Load extend/application.js",
    "start": 1611306318707,
    "end": 1611306318720,
    "duration": 13,
    "pid": 3640,
    "index": 25
  },
  {
    "name": "Require(21) node_modules/_egg-session@3.2.0@egg-session/app/extend/application.js",
    "start": 1611306318707,
    "end": 1611306318708,
    "duration": 1,
    "pid": 3640,
    "index": 26
  },
  {
    "name": "Require(22) node_modules/_egg-security@2.8.0@egg-security/app/extend/application.js",
    "start": 1611306318708,
    "end": 1611306318709,
    "duration": 1,
    "pid": 3640,
    "index": 27
  },
  {
    "name": "Require(23) node_modules/_egg-jsonp@2.0.0@egg-jsonp/app/extend/application.js",
    "start": 1611306318709,
    "end": 1611306318711,
    "duration": 2,
    "pid": 3640,
    "index": 28
  },
  {
    "name": "Require(24) node_modules/_egg-logrotator@3.1.0@egg-logrotator/app/extend/application.js",
    "start": 1611306318713,
    "end": 1611306318715,
    "duration": 2,
    "pid": 3640,
    "index": 29
  },
  {
    "name": "Require(25) node_modules/_egg-view@2.1.3@egg-view/app/extend/application.js",
    "start": 1611306318716,
    "end": 1611306318717,
    "duration": 1,
    "pid": 3640,
    "index": 30
  },
  {
    "name": "Load extend/request.js",
    "start": 1611306318720,
    "end": 1611306318727,
    "duration": 7,
    "pid": 3640,
    "index": 31
  },
  {
    "name": "Require(26) node_modules/_egg@2.29.1@egg/app/extend/request.js",
    "start": 1611306318723,
    "end": 1611306318725,
    "duration": 2,
    "pid": 3640,
    "index": 32
  },
  {
    "name": "Load extend/response.js",
    "start": 1611306318727,
    "end": 1611306318737,
    "duration": 10,
    "pid": 3640,
    "index": 33
  },
  {
    "name": "Require(27) node_modules/_egg@2.29.1@egg/app/extend/response.js",
    "start": 1611306318732,
    "end": 1611306318734,
    "duration": 2,
    "pid": 3640,
    "index": 34
  },
  {
    "name": "Load extend/context.js",
    "start": 1611306318737,
    "end": 1611306318805,
    "duration": 68,
    "pid": 3640,
    "index": 35
  },
  {
    "name": "Require(28) node_modules/_egg-security@2.8.0@egg-security/app/extend/context.js",
    "start": 1611306318738,
    "end": 1611306318750,
    "duration": 12,
    "pid": 3640,
    "index": 36
  },
  {
    "name": "Require(29) node_modules/_egg-jsonp@2.0.0@egg-jsonp/app/extend/context.js",
    "start": 1611306318750,
    "end": 1611306318752,
    "duration": 2,
    "pid": 3640,
    "index": 37
  },
  {
    "name": "Require(30) node_modules/_egg-i18n@2.1.1@egg-i18n/app/extend/context.js",
    "start": 1611306318753,
    "end": 1611306318753,
    "duration": 0,
    "pid": 3640,
    "index": 38
  },
  {
    "name": "Require(31) node_modules/_egg-multipart@2.10.3@egg-multipart/app/extend/context.js",
    "start": 1611306318754,
    "end": 1611306318798,
    "duration": 44,
    "pid": 3640,
    "index": 39
  },
  {
    "name": "Require(32) node_modules/_egg-view@2.1.3@egg-view/app/extend/context.js",
    "start": 1611306318799,
    "end": 1611306318800,
    "duration": 1,
    "pid": 3640,
    "index": 40
  },
  {
    "name": "Require(33) node_modules/_egg@2.29.1@egg/app/extend/context.js",
    "start": 1611306318800,
    "end": 1611306318802,
    "duration": 2,
    "pid": 3640,
    "index": 41
  },
  {
    "name": "Load extend/helper.js",
    "start": 1611306318805,
    "end": 1611306318826,
    "duration": 21,
    "pid": 3640,
    "index": 42
  },
  {
    "name": "Require(34) node_modules/_egg-security@2.8.0@egg-security/app/extend/helper.js",
    "start": 1611306318805,
    "end": 1611306318820,
    "duration": 15,
    "pid": 3640,
    "index": 43
  },
  {
    "name": "Require(35) node_modules/_egg@2.29.1@egg/app/extend/helper.js",
    "start": 1611306318823,
    "end": 1611306318823,
    "duration": 0,
    "pid": 3640,
    "index": 44
  },
  {
    "name": "Load app.js",
    "start": 1611306318826,
    "end": 1611306318858,
    "duration": 32,
    "pid": 3640,
    "index": 45
  },
  {
    "name": "Require(36) node_modules/_egg-session@3.2.0@egg-session/app.js",
    "start": 1611306318826,
    "end": 1611306318826,
    "duration": 0,
    "pid": 3640,
    "index": 46
  },
  {
    "name": "Require(37) node_modules/_egg-security@2.8.0@egg-security/app.js",
    "start": 1611306318827,
    "end": 1611306318829,
    "duration": 2,
    "pid": 3640,
    "index": 47
  },
  {
    "name": "Require(38) node_modules/_egg-onerror@2.1.0@egg-onerror/app.js",
    "start": 1611306318829,
    "end": 1611306318839,
    "duration": 10,
    "pid": 3640,
    "index": 48
  },
  {
    "name": "Require(39) node_modules/_egg-i18n@2.1.1@egg-i18n/app.js",
    "start": 1611306318839,
    "end": 1611306318847,
    "duration": 8,
    "pid": 3640,
    "index": 49
  },
  {
    "name": "Require(40) node_modules/_egg-watcher@3.1.1@egg-watcher/app.js",
    "start": 1611306318847,
    "end": 1611306318851,
    "duration": 4,
    "pid": 3640,
    "index": 50
  },
  {
    "name": "Require(41) node_modules/_egg-schedule@3.6.6@egg-schedule/app.js",
    "start": 1611306318851,
    "end": 1611306318853,
    "duration": 2,
    "pid": 3640,
    "index": 51
  },
  {
    "name": "Require(42) node_modules/_egg-multipart@2.10.3@egg-multipart/app.js",
    "start": 1611306318853,
    "end": 1611306318854,
    "duration": 1,
    "pid": 3640,
    "index": 52
  },
  {
    "name": "Require(43) node_modules/_egg-development@2.7.0@egg-development/app.js",
    "start": 1611306318854,
    "end": 1611306318855,
    "duration": 1,
    "pid": 3640,
    "index": 53
  },
  {
    "name": "Require(44) node_modules/_egg-logrotator@3.1.0@egg-logrotator/app.js",
    "start": 1611306318855,
    "end": 1611306318855,
    "duration": 0,
    "pid": 3640,
    "index": 54
  },
  {
    "name": "Require(45) node_modules/_egg-static@2.2.0@egg-static/app.js",
    "start": 1611306318856,
    "end": 1611306318856,
    "duration": 0,
    "pid": 3640,
    "index": 55
  },
  {
    "name": "Require(46) node_modules/_egg-view-ejs@2.0.1@egg-view-ejs/app.js",
    "start": 1611306318856,
    "end": 1611306318857,
    "duration": 1,
    "pid": 3640,
    "index": 56
  },
  {
    "name": "Before Start in node_modules/_egg-watcher@3.1.1@egg-watcher/lib/init.js:15:14",
    "start": 1611306318872,
    "end": 1611306319081,
    "duration": 209,
    "pid": 3640,
    "index": 57
  },
  {
    "name": "Load Service",
    "start": 1611306318913,
    "end": 1611306318919,
    "duration": 6,
    "pid": 3640,
    "index": 58
  },
  {
    "name": "Load \"service\" to Context",
    "start": 1611306318913,
    "end": 1611306318919,
    "duration": 6,
    "pid": 3640,
    "index": 59
  },
  {
    "name": "Load Middleware",
    "start": 1611306318920,
    "end": 1611306319063,
    "duration": 143,
    "pid": 3640,
    "index": 60
  },
  {
    "name": "Load \"middlewares\" to Application",
    "start": 1611306318920,
    "end": 1611306319047,
    "duration": 127,
    "pid": 3640,
    "index": 61
  },
  {
    "name": "Load Controller",
    "start": 1611306319064,
    "end": 1611306319066,
    "duration": 2,
    "pid": 3640,
    "index": 62
  },
  {
    "name": "Load \"controller\" to Application",
    "start": 1611306319064,
    "end": 1611306319066,
    "duration": 2,
    "pid": 3640,
    "index": 63
  },
  {
    "name": "Load Router",
    "start": 1611306319066,
    "end": 1611306319069,
    "duration": 3,
    "pid": 3640,
    "index": 64
  },
  {
    "name": "Require(47) app/router.js",
    "start": 1611306319067,
    "end": 1611306319067,
    "duration": 0,
    "pid": 3640,
    "index": 65
  },
  {
    "name": "Before Start in node_modules/_egg-core@4.20.0@egg-core/lib/egg.js:303:10",
    "start": 1611306319068,
    "end": 1611306319074,
    "duration": 6,
    "pid": 3640,
    "index": 66
  }
]