[
  {
    "name": "Process Start",
    "start": 1611306340749,
    "end": 1611306341782,
    "duration": 1033,
    "pid": 17324,
    "index": 0
  },
  {
    "name": "Application Start",
    "start": 1611306341782,
    "end": 1611306342177,
    "duration": 395,
    "pid": 17324,
    "index": 1
  },
  {
    "name": "Load Plugin",
    "start": 1611306341787,
    "end": 1611306341806,
    "duration": 19,
    "pid": 17324,
    "index": 2
  },
  {
    "name": "Load Config",
    "start": 1611306341806,
    "end": 1611306341830,
    "duration": 24,
    "pid": 17324,
    "index": 3
  },
  {
    "name": "Require(0) config/config.default.js",
    "start": 1611306341807,
    "end": 1611306341807,
    "duration": 0,
    "pid": 17324,
    "index": 4
  },
  {
    "name": "Require(1) node_modules/_egg-session@3.2.0@egg-session/config/config.default.js",
    "start": 1611306341809,
    "end": 1611306341809,
    "duration": 0,
    "pid": 17324,
    "index": 5
  },
  {
    "name": "Require(2) node_modules/_egg-security@2.8.0@egg-security/config/config.default.js",
    "start": 1611306341810,
    "end": 1611306341810,
    "duration": 0,
    "pid": 17324,
    "index": 6
  },
  {
    "name": "Require(3) node_modules/_egg-jsonp@2.0.0@egg-jsonp/config/config.default.js",
    "start": 1611306341811,
    "end": 1611306341812,
    "duration": 1,
    "pid": 17324,
    "index": 7
  },
  {
    "name": "Require(4) node_modules/_egg-onerror@2.1.0@egg-onerror/config/config.default.js",
    "start": 1611306341812,
    "end": 1611306341813,
    "duration": 1,
    "pid": 17324,
    "index": 8
  },
  {
    "name": "Require(5) node_modules/_egg-i18n@2.1.1@egg-i18n/config/config.default.js",
    "start": 1611306341813,
    "end": 1611306341814,
    "duration": 1,
    "pid": 17324,
    "index": 9
  },
  {
    "name": "Require(6) node_modules/_egg-watcher@3.1.1@egg-watcher/config/config.default.js",
    "start": 1611306341814,
    "end": 1611306341815,
    "duration": 1,
    "pid": 17324,
    "index": 10
  },
  {
    "name": "Require(7) node_modules/_egg-schedule@3.6.6@egg-schedule/config/config.default.js",
    "start": 1611306341815,
    "end": 1611306341816,
    "duration": 1,
    "pid": 17324,
    "index": 11
  },
  {
    "name": "Require(8) node_modules/_egg-multipart@2.10.3@egg-multipart/config/config.default.js",
    "start": 1611306341817,
    "end": 1611306341817,
    "duration": 0,
    "pid": 17324,
    "index": 12
  },
  {
    "name": "Require(9) node_modules/_egg-development@2.7.0@egg-development/config/config.default.js",
    "start": 1611306341818,
    "end": 1611306341818,
    "duration": 0,
    "pid": 17324,
    "index": 13
  },
  {
    "name": "Require(10) node_modules/_egg-logrotator@3.1.0@egg-logrotator/config/config.default.js",
    "start": 1611306341819,
    "end": 1611306341819,
    "duration": 0,
    "pid": 17324,
    "index": 14
  },
  {
    "name": "Require(11) node_modules/_egg-static@2.2.0@egg-static/config/config.default.js",
    "start": 1611306341819,
    "end": 1611306341820,
    "duration": 1,
    "pid": 17324,
    "index": 15
  },
  {
    "name": "Require(12) node_modules/_egg-view@2.1.3@egg-view/config/config.default.js",
    "start": 1611306341820,
    "end": 1611306341821,
    "duration": 1,
    "pid": 17324,
    "index": 16
  },
  {
    "name": "Require(13) node_modules/_egg-view-ejs@2.0.1@egg-view-ejs/config/config.default.js",
    "start": 1611306341821,
    "end": 1611306341822,
    "duration": 1,
    "pid": 17324,
    "index": 17
  },
  {
    "name": "Require(14) node_modules/_egg@2.29.1@egg/config/config.default.js",
    "start": 1611306341822,
    "end": 1611306341823,
    "duration": 1,
    "pid": 17324,
    "index": 18
  },
  {
    "name": "Require(15) config/config.default.js",
    "start": 1611306341824,
    "end": 1611306341824,
    "duration": 0,
    "pid": 17324,
    "index": 19
  },
  {
    "name": "Require(16) node_modules/_egg-security@2.8.0@egg-security/config/config.local.js",
    "start": 1611306341825,
    "end": 1611306341825,
    "duration": 0,
    "pid": 17324,
    "index": 20
  },
  {
    "name": "Require(17) node_modules/_egg-watcher@3.1.1@egg-watcher/config/config.local.js",
    "start": 1611306341826,
    "end": 1611306341826,
    "duration": 0,
    "pid": 17324,
    "index": 21
  },
  {
    "name": "Require(18) node_modules/_egg-view@2.1.3@egg-view/config/config.local.js",
    "start": 1611306341828,
    "end": 1611306341828,
    "duration": 0,
    "pid": 17324,
    "index": 22
  },
  {
    "name": "Require(19) node_modules/_egg-view-ejs@2.0.1@egg-view-ejs/config/config.local.js",
    "start": 1611306341828,
    "end": 1611306341828,
    "duration": 0,
    "pid": 17324,
    "index": 23
  },
  {
    "name": "Require(20) node_modules/_egg@2.29.1@egg/config/config.local.js",
    "start": 1611306341829,
    "end": 1611306341829,
    "duration": 0,
    "pid": 17324,
    "index": 24
  },
  {
    "name": "Load extend/application.js",
    "start": 1611306341831,
    "end": 1611306341846,
    "duration": 15,
    "pid": 17324,
    "index": 25
  },
  {
    "name": "Require(21) node_modules/_egg-session@3.2.0@egg-session/app/extend/application.js",
    "start": 1611306341832,
    "end": 1611306341832,
    "duration": 0,
    "pid": 17324,
    "index": 26
  },
  {
    "name": "Require(22) node_modules/_egg-security@2.8.0@egg-security/app/extend/application.js",
    "start": 1611306341833,
    "end": 1611306341834,
    "duration": 1,
    "pid": 17324,
    "index": 27
  },
  {
    "name": "Require(23) node_modules/_egg-jsonp@2.0.0@egg-jsonp/app/extend/application.js",
    "start": 1611306341834,
    "end": 1611306341836,
    "duration": 2,
    "pid": 17324,
    "index": 28
  },
  {
    "name": "Require(24) node_modules/_egg-logrotator@3.1.0@egg-logrotator/app/extend/application.js",
    "start": 1611306341838,
    "end": 1611306341841,
    "duration": 3,
    "pid": 17324,
    "index": 29
  },
  {
    "name": "Require(25) node_modules/_egg-view@2.1.3@egg-view/app/extend/application.js",
    "start": 1611306341841,
    "end": 1611306341843,
    "duration": 2,
    "pid": 17324,
    "index": 30
  },
  {
    "name": "Load extend/request.js",
    "start": 1611306341846,
    "end": 1611306341853,
    "duration": 7,
    "pid": 17324,
    "index": 31
  },
  {
    "name": "Require(26) node_modules/_egg@2.29.1@egg/app/extend/request.js",
    "start": 1611306341849,
    "end": 1611306341851,
    "duration": 2,
    "pid": 17324,
    "index": 32
  },
  {
    "name": "Load extend/response.js",
    "start": 1611306341853,
    "end": 1611306341863,
    "duration": 10,
    "pid": 17324,
    "index": 33
  },
  {
    "name": "Require(27) node_modules/_egg@2.29.1@egg/app/extend/response.js",
    "start": 1611306341858,
    "end": 1611306341860,
    "duration": 2,
    "pid": 17324,
    "index": 34
  },
  {
    "name": "Load extend/context.js",
    "start": 1611306341863,
    "end": 1611306341933,
    "duration": 70,
    "pid": 17324,
    "index": 35
  },
  {
    "name": "Require(28) node_modules/_egg-security@2.8.0@egg-security/app/extend/context.js",
    "start": 1611306341864,
    "end": 1611306341877,
    "duration": 13,
    "pid": 17324,
    "index": 36
  },
  {
    "name": "Require(29) node_modules/_egg-jsonp@2.0.0@egg-jsonp/app/extend/context.js",
    "start": 1611306341878,
    "end": 1611306341879,
    "duration": 1,
    "pid": 17324,
    "index": 37
  },
  {
    "name": "Require(30) node_modules/_egg-i18n@2.1.1@egg-i18n/app/extend/context.js",
    "start": 1611306341880,
    "end": 1611306341880,
    "duration": 0,
    "pid": 17324,
    "index": 38
  },
  {
    "name": "Require(31) node_modules/_egg-multipart@2.10.3@egg-multipart/app/extend/context.js",
    "start": 1611306341881,
    "end": 1611306341927,
    "duration": 46,
    "pid": 17324,
    "index": 39
  },
  {
    "name": "Require(32) node_modules/_egg-view@2.1.3@egg-view/app/extend/context.js",
    "start": 1611306341927,
    "end": 1611306341928,
    "duration": 1,
    "pid": 17324,
    "index": 40
  },
  {
    "name": "Require(33) node_modules/_egg@2.29.1@egg/app/extend/context.js",
    "start": 1611306341929,
    "end": 1611306341930,
    "duration": 1,
    "pid": 17324,
    "index": 41
  },
  {
    "name": "Load extend/helper.js",
    "start": 1611306341933,
    "end": 1611306341956,
    "duration": 23,
    "pid": 17324,
    "index": 42
  },
  {
    "name": "Require(34) node_modules/_egg-security@2.8.0@egg-security/app/extend/helper.js",
    "start": 1611306341934,
    "end": 1611306341950,
    "duration": 16,
    "pid": 17324,
    "index": 43
  },
  {
    "name": "Require(35) node_modules/_egg@2.29.1@egg/app/extend/helper.js",
    "start": 1611306341952,
    "end": 1611306341953,
    "duration": 1,
    "pid": 17324,
    "index": 44
  },
  {
    "name": "Load app.js",
    "start": 1611306341956,
    "end": 1611306341989,
    "duration": 33,
    "pid": 17324,
    "index": 45
  },
  {
    "name": "Require(36) node_modules/_egg-session@3.2.0@egg-session/app.js",
    "start": 1611306341956,
    "end": 1611306341957,
    "duration": 1,
    "pid": 17324,
    "index": 46
  },
  {
    "name": "Require(37) node_modules/_egg-security@2.8.0@egg-security/app.js",
    "start": 1611306341957,
    "end": 1611306341959,
    "duration": 2,
    "pid": 17324,
    "index": 47
  },
  {
    "name": "Require(38) node_modules/_egg-onerror@2.1.0@egg-onerror/app.js",
    "start": 1611306341960,
    "end": 1611306341970,
    "duration": 10,
    "pid": 17324,
    "index": 48
  },
  {
    "name": "Require(39) node_modules/_egg-i18n@2.1.1@egg-i18n/app.js",
    "start": 1611306341970,
    "end": 1611306341978,
    "duration": 8,
    "pid": 17324,
    "index": 49
  },
  {
    "name": "Require(40) node_modules/_egg-watcher@3.1.1@egg-watcher/app.js",
    "start": 1611306341979,
    "end": 1611306341983,
    "duration": 4,
    "pid": 17324,
    "index": 50
  },
  {
    "name": "Require(41) node_modules/_egg-schedule@3.6.6@egg-schedule/app.js",
    "start": 1611306341983,
    "end": 1611306341985,
    "duration": 2,
    "pid": 17324,
    "index": 51
  },
  {
    "name": "Require(42) node_modules/_egg-multipart@2.10.3@egg-multipart/app.js",
    "start": 1611306341985,
    "end": 1611306341986,
    "duration": 1,
    "pid": 17324,
    "index": 52
  },
  {
    "name": "Require(43) node_modules/_egg-development@2.7.0@egg-development/app.js",
    "start": 1611306341986,
    "end": 1611306341986,
    "duration": 0,
    "pid": 17324,
    "index": 53
  },
  {
    "name": "Require(44) node_modules/_egg-logrotator@3.1.0@egg-logrotator/app.js",
    "start": 1611306341987,
    "end": 1611306341987,
    "duration": 0,
    "pid": 17324,
    "index": 54
  },
  {
    "name": "Require(45) node_modules/_egg-static@2.2.0@egg-static/app.js",
    "start": 1611306341987,
    "end": 1611306341987,
    "duration": 0,
    "pid": 17324,
    "index": 55
  },
  {
    "name": "Require(46) node_modules/_egg-view-ejs@2.0.1@egg-view-ejs/app.js",
    "start": 1611306341988,
    "end": 1611306341988,
    "duration": 0,
    "pid": 17324,
    "index": 56
  },
  {
    "name": "Before Start in node_modules/_egg-watcher@3.1.1@egg-watcher/lib/init.js:15:14",
    "start": 1611306341997,
    "end": 1611306342176,
    "duration": 179,
    "pid": 17324,
    "index": 57
  },
  {
    "name": "Load Service",
    "start": 1611306342027,
    "end": 1611306342032,
    "duration": 5,
    "pid": 17324,
    "index": 58
  },
  {
    "name": "Load \"service\" to Context",
    "start": 1611306342027,
    "end": 1611306342032,
    "duration": 5,
    "pid": 17324,
    "index": 59
  },
  {
    "name": "Load Middleware",
    "start": 1611306342032,
    "end": 1611306342159,
    "duration": 127,
    "pid": 17324,
    "index": 60
  },
  {
    "name": "Load \"middlewares\" to Application",
    "start": 1611306342032,
    "end": 1611306342144,
    "duration": 112,
    "pid": 17324,
    "index": 61
  },
  {
    "name": "Load Controller",
    "start": 1611306342159,
    "end": 1611306342162,
    "duration": 3,
    "pid": 17324,
    "index": 62
  },
  {
    "name": "Load \"controller\" to Application",
    "start": 1611306342159,
    "end": 1611306342162,
    "duration": 3,
    "pid": 17324,
    "index": 63
  },
  {
    "name": "Load Router",
    "start": 1611306342162,
    "end": 1611306342164,
    "duration": 2,
    "pid": 17324,
    "index": 64
  },
  {
    "name": "Require(47) app/router.js",
    "start": 1611306342162,
    "end": 1611306342163,
    "duration": 1,
    "pid": 17324,
    "index": 65
  },
  {
    "name": "Before Start in node_modules/_egg-core@4.20.0@egg-core/lib/egg.js:303:10",
    "start": 1611306342163,
    "end": 1611306342170,
    "duration": 7,
    "pid": 17324,
    "index": 66
  }
]