[
  {
    "name": "Process Start",
    "start": 1611306343104,
    "end": 1611306344239,
    "duration": 1135,
    "pid": 6748,
    "index": 0
  },
  {
    "name": "Application Start",
    "start": 1611306344240,
    "end": 1611306344661,
    "duration": 421,
    "pid": 6748,
    "index": 1
  },
  {
    "name": "Load Plugin",
    "start": 1611306344245,
    "end": 1611306344267,
    "duration": 22,
    "pid": 6748,
    "index": 2
  },
  {
    "name": "Load Config",
    "start": 1611306344267,
    "end": 1611306344290,
    "duration": 23,
    "pid": 6748,
    "index": 3
  },
  {
    "name": "Require(0) config/config.default.js",
    "start": 1611306344268,
    "end": 1611306344268,
    "duration": 0,
    "pid": 6748,
    "index": 4
  },
  {
    "name": "Require(1) node_modules/_egg-session@3.2.0@egg-session/config/config.default.js",
    "start": 1611306344269,
    "end": 1611306344269,
    "duration": 0,
    "pid": 6748,
    "index": 5
  },
  {
    "name": "Require(2) node_modules/_egg-security@2.8.0@egg-security/config/config.default.js",
    "start": 1611306344270,
    "end": 1611306344270,
    "duration": 0,
    "pid": 6748,
    "index": 6
  },
  {
    "name": "Require(3) node_modules/_egg-jsonp@2.0.0@egg-jsonp/config/config.default.js",
    "start": 1611306344271,
    "end": 1611306344272,
    "duration": 1,
    "pid": 6748,
    "index": 7
  },
  {
    "name": "Require(4) node_modules/_egg-onerror@2.1.0@egg-onerror/config/config.default.js",
    "start": 1611306344272,
    "end": 1611306344273,
    "duration": 1,
    "pid": 6748,
    "index": 8
  },
  {
    "name": "Require(5) node_modules/_egg-i18n@2.1.1@egg-i18n/config/config.default.js",
    "start": 1611306344273,
    "end": 1611306344273,
    "duration": 0,
    "pid": 6748,
    "index": 9
  },
  {
    "name": "Require(6) node_modules/_egg-watcher@3.1.1@egg-watcher/config/config.default.js",
    "start": 1611306344274,
    "end": 1611306344275,
    "duration": 1,
    "pid": 6748,
    "index": 10
  },
  {
    "name": "Require(7) node_modules/_egg-schedule@3.6.6@egg-schedule/config/config.default.js",
    "start": 1611306344275,
    "end": 1611306344275,
    "duration": 0,
    "pid": 6748,
    "index": 11
  },
  {
    "name": "Require(8) node_modules/_egg-multipart@2.10.3@egg-multipart/config/config.default.js",
    "start": 1611306344276,
    "end": 1611306344276,
    "duration": 0,
    "pid": 6748,
    "index": 12
  },
  {
    "name": "Require(9) node_modules/_egg-development@2.7.0@egg-development/config/config.default.js",
    "start": 1611306344277,
    "end": 1611306344277,
    "duration": 0,
    "pid": 6748,
    "index": 13
  },
  {
    "name": "Require(10) node_modules/_egg-logrotator@3.1.0@egg-logrotator/config/config.default.js",
    "start": 1611306344278,
    "end": 1611306344279,
    "duration": 1,
    "pid": 6748,
    "index": 14
  },
  {
    "name": "Require(11) node_modules/_egg-static@2.2.0@egg-static/config/config.default.js",
    "start": 1611306344280,
    "end": 1611306344281,
    "duration": 1,
    "pid": 6748,
    "index": 15
  },
  {
    "name": "Require(12) node_modules/_egg-view@2.1.3@egg-view/config/config.default.js",
    "start": 1611306344281,
    "end": 1611306344282,
    "duration": 1,
    "pid": 6748,
    "index": 16
  },
  {
    "name": "Require(13) node_modules/_egg-view-ejs@2.0.1@egg-view-ejs/config/config.default.js",
    "start": 1611306344282,
    "end": 1611306344283,
    "duration": 1,
    "pid": 6748,
    "index": 17
  },
  {
    "name": "Require(14) node_modules/_egg@2.29.1@egg/config/config.default.js",
    "start": 1611306344283,
    "end": 1611306344284,
    "duration": 1,
    "pid": 6748,
    "index": 18
  },
  {
    "name": "Require(15) config/config.default.js",
    "start": 1611306344285,
    "end": 1611306344285,
    "duration": 0,
    "pid": 6748,
    "index": 19
  },
  {
    "name": "Require(16) node_modules/_egg-security@2.8.0@egg-security/config/config.local.js",
    "start": 1611306344285,
    "end": 1611306344286,
    "duration": 1,
    "pid": 6748,
    "index": 20
  },
  {
    "name": "Require(17) node_modules/_egg-watcher@3.1.1@egg-watcher/config/config.local.js",
    "start": 1611306344287,
    "end": 1611306344287,
    "duration": 0,
    "pid": 6748,
    "index": 21
  },
  {
    "name": "Require(18) node_modules/_egg-view@2.1.3@egg-view/config/config.local.js",
    "start": 1611306344288,
    "end": 1611306344288,
    "duration": 0,
    "pid": 6748,
    "index": 22
  },
  {
    "name": "Require(19) node_modules/_egg-view-ejs@2.0.1@egg-view-ejs/config/config.local.js",
    "start": 1611306344289,
    "end": 1611306344289,
    "duration": 0,
    "pid": 6748,
    "index": 23
  },
  {
    "name": "Require(20) node_modules/_egg@2.29.1@egg/config/config.local.js",
    "start": 1611306344289,
    "end": 1611306344290,
    "duration": 1,
    "pid": 6748,
    "index": 24
  },
  {
    "name": "Load extend/application.js",
    "start": 1611306344291,
    "end": 1611306344308,
    "duration": 17,
    "pid": 6748,
    "index": 25
  },
  {
    "name": "Require(21) node_modules/_egg-session@3.2.0@egg-session/app/extend/application.js",
    "start": 1611306344291,
    "end": 1611306344292,
    "duration": 1,
    "pid": 6748,
    "index": 26
  },
  {
    "name": "Require(22) node_modules/_egg-security@2.8.0@egg-security/app/extend/application.js",
    "start": 1611306344292,
    "end": 1611306344293,
    "duration": 1,
    "pid": 6748,
    "index": 27
  },
  {
    "name": "Require(23) node_modules/_egg-jsonp@2.0.0@egg-jsonp/app/extend/application.js",
    "start": 1611306344294,
    "end": 1611306344298,
    "duration": 4,
    "pid": 6748,
    "index": 28
  },
  {
    "name": "Require(24) node_modules/_egg-logrotator@3.1.0@egg-logrotator/app/extend/application.js",
    "start": 1611306344299,
    "end": 1611306344302,
    "duration": 3,
    "pid": 6748,
    "index": 29
  },
  {
    "name": "Require(25) node_modules/_egg-view@2.1.3@egg-view/app/extend/application.js",
    "start": 1611306344303,
    "end": 1611306344305,
    "duration": 2,
    "pid": 6748,
    "index": 30
  },
  {
    "name": "Load extend/request.js",
    "start": 1611306344308,
    "end": 1611306344319,
    "duration": 11,
    "pid": 6748,
    "index": 31
  },
  {
    "name": "Require(26) node_modules/_egg@2.29.1@egg/app/extend/request.js",
    "start": 1611306344311,
    "end": 1611306344314,
    "duration": 3,
    "pid": 6748,
    "index": 32
  },
  {
    "name": "Load extend/response.js",
    "start": 1611306344319,
    "end": 1611306344327,
    "duration": 8,
    "pid": 6748,
    "index": 33
  },
  {
    "name": "Require(27) node_modules/_egg@2.29.1@egg/app/extend/response.js",
    "start": 1611306344321,
    "end": 1611306344324,
    "duration": 3,
    "pid": 6748,
    "index": 34
  },
  {
    "name": "Load extend/context.js",
    "start": 1611306344327,
    "end": 1611306344405,
    "duration": 78,
    "pid": 6748,
    "index": 35
  },
  {
    "name": "Require(28) node_modules/_egg-security@2.8.0@egg-security/app/extend/context.js",
    "start": 1611306344327,
    "end": 1611306344342,
    "duration": 15,
    "pid": 6748,
    "index": 36
  },
  {
    "name": "Require(29) node_modules/_egg-jsonp@2.0.0@egg-jsonp/app/extend/context.js",
    "start": 1611306344343,
    "end": 1611306344344,
    "duration": 1,
    "pid": 6748,
    "index": 37
  },
  {
    "name": "Require(30) node_modules/_egg-i18n@2.1.1@egg-i18n/app/extend/context.js",
    "start": 1611306344345,
    "end": 1611306344345,
    "duration": 0,
    "pid": 6748,
    "index": 38
  },
  {
    "name": "Require(31) node_modules/_egg-multipart@2.10.3@egg-multipart/app/extend/context.js",
    "start": 1611306344348,
    "end": 1611306344398,
    "duration": 50,
    "pid": 6748,
    "index": 39
  },
  {
    "name": "Require(32) node_modules/_egg-view@2.1.3@egg-view/app/extend/context.js",
    "start": 1611306344399,
    "end": 1611306344400,
    "duration": 1,
    "pid": 6748,
    "index": 40
  },
  {
    "name": "Require(33) node_modules/_egg@2.29.1@egg/app/extend/context.js",
    "start": 1611306344401,
    "end": 1611306344402,
    "duration": 1,
    "pid": 6748,
    "index": 41
  },
  {
    "name": "Load extend/helper.js",
    "start": 1611306344405,
    "end": 1611306344432,
    "duration": 27,
    "pid": 6748,
    "index": 42
  },
  {
    "name": "Require(34) node_modules/_egg-security@2.8.0@egg-security/app/extend/helper.js",
    "start": 1611306344406,
    "end": 1611306344425,
    "duration": 19,
    "pid": 6748,
    "index": 43
  },
  {
    "name": "Require(35) node_modules/_egg@2.29.1@egg/app/extend/helper.js",
    "start": 1611306344428,
    "end": 1611306344428,
    "duration": 0,
    "pid": 6748,
    "index": 44
  },
  {
    "name": "Load app.js",
    "start": 1611306344432,
    "end": 1611306344469,
    "duration": 37,
    "pid": 6748,
    "index": 45
  },
  {
    "name": "Require(36) node_modules/_egg-session@3.2.0@egg-session/app.js",
    "start": 1611306344433,
    "end": 1611306344433,
    "duration": 0,
    "pid": 6748,
    "index": 46
  },
  {
    "name": "Require(37) node_modules/_egg-security@2.8.0@egg-security/app.js",
    "start": 1611306344433,
    "end": 1611306344435,
    "duration": 2,
    "pid": 6748,
    "index": 47
  },
  {
    "name": "Require(38) node_modules/_egg-onerror@2.1.0@egg-onerror/app.js",
    "start": 1611306344436,
    "end": 1611306344448,
    "duration": 12,
    "pid": 6748,
    "index": 48
  },
  {
    "name": "Require(39) node_modules/_egg-i18n@2.1.1@egg-i18n/app.js",
    "start": 1611306344449,
    "end": 1611306344457,
    "duration": 8,
    "pid": 6748,
    "index": 49
  },
  {
    "name": "Require(40) node_modules/_egg-watcher@3.1.1@egg-watcher/app.js",
    "start": 1611306344457,
    "end": 1611306344461,
    "duration": 4,
    "pid": 6748,
    "index": 50
  },
  {
    "name": "Require(41) node_modules/_egg-schedule@3.6.6@egg-schedule/app.js",
    "start": 1611306344461,
    "end": 1611306344464,
    "duration": 3,
    "pid": 6748,
    "index": 51
  },
  {
    "name": "Require(42) node_modules/_egg-multipart@2.10.3@egg-multipart/app.js",
    "start": 1611306344464,
    "end": 1611306344465,
    "duration": 1,
    "pid": 6748,
    "index": 52
  },
  {
    "name": "Require(43) node_modules/_egg-development@2.7.0@egg-development/app.js",
    "start": 1611306344465,
    "end": 1611306344465,
    "duration": 0,
    "pid": 6748,
    "index": 53
  },
  {
    "name": "Require(44) node_modules/_egg-logrotator@3.1.0@egg-logrotator/app.js",
    "start": 1611306344466,
    "end": 1611306344466,
    "duration": 0,
    "pid": 6748,
    "index": 54
  },
  {
    "name": "Require(45) node_modules/_egg-static@2.2.0@egg-static/app.js",
    "start": 1611306344466,
    "end": 1611306344467,
    "duration": 1,
    "pid": 6748,
    "index": 55
  },
  {
    "name": "Require(46) node_modules/_egg-view-ejs@2.0.1@egg-view-ejs/app.js",
    "start": 1611306344468,
    "end": 1611306344468,
    "duration": 0,
    "pid": 6748,
    "index": 56
  },
  {
    "name": "Before Start in node_modules/_egg-watcher@3.1.1@egg-watcher/lib/init.js:15:14",
    "start": 1611306344476,
    "end": 1611306344661,
    "duration": 185,
    "pid": 6748,
    "index": 57
  },
  {
    "name": "Load Service",
    "start": 1611306344510,
    "end": 1611306344519,
    "duration": 9,
    "pid": 6748,
    "index": 58
  },
  {
    "name": "Load \"service\" to Context",
    "start": 1611306344510,
    "end": 1611306344519,
    "duration": 9,
    "pid": 6748,
    "index": 59
  },
  {
    "name": "Load Middleware",
    "start": 1611306344519,
    "end": 1611306344643,
    "duration": 124,
    "pid": 6748,
    "index": 60
  },
  {
    "name": "Load \"middlewares\" to Application",
    "start": 1611306344520,
    "end": 1611306344628,
    "duration": 108,
    "pid": 6748,
    "index": 61
  },
  {
    "name": "Load Controller",
    "start": 1611306344643,
    "end": 1611306344646,
    "duration": 3,
    "pid": 6748,
    "index": 62
  },
  {
    "name": "Load \"controller\" to Application",
    "start": 1611306344643,
    "end": 1611306344646,
    "duration": 3,
    "pid": 6748,
    "index": 63
  },
  {
    "name": "Load Router",
    "start": 1611306344646,
    "end": 1611306344649,
    "duration": 3,
    "pid": 6748,
    "index": 64
  },
  {
    "name": "Require(47) app/router.js",
    "start": 1611306344647,
    "end": 1611306344647,
    "duration": 0,
    "pid": 6748,
    "index": 65
  },
  {
    "name": "Before Start in node_modules/_egg-core@4.20.0@egg-core/lib/egg.js:303:10",
    "start": 1611306344647,
    "end": 1611306344654,
    "duration": 7,
    "pid": 6748,
    "index": 66
  }
]