[
  {
    "name": "Process Start",
    "start": 1611306234434,
    "end": 1611306235582,
    "duration": 1148,
    "pid": 17504,
    "index": 0
  },
  {
    "name": "Application Start",
    "start": 1611306235582,
    "end": 1611306236015,
    "duration": 433,
    "pid": 17504,
    "index": 1
  },
  {
    "name": "Load Plugin",
    "start": 1611306235586,
    "end": 1611306235607,
    "duration": 21,
    "pid": 17504,
    "index": 2
  },
  {
    "name": "Load Config",
    "start": 1611306235608,
    "end": 1611306235632,
    "duration": 24,
    "pid": 17504,
    "index": 3
  },
  {
    "name": "Require(0) config/config.default.js",
    "start": 1611306235608,
    "end": 1611306235609,
    "duration": 1,
    "pid": 17504,
    "index": 4
  },
  {
    "name": "Require(1) node_modules/_egg-session@3.2.0@egg-session/config/config.default.js",
    "start": 1611306235610,
    "end": 1611306235611,
    "duration": 1,
    "pid": 17504,
    "index": 5
  },
  {
    "name": "Require(2) node_modules/_egg-security@2.8.0@egg-security/config/config.default.js",
    "start": 1611306235611,
    "end": 1611306235612,
    "duration": 1,
    "pid": 17504,
    "index": 6
  },
  {
    "name": "Require(3) node_modules/_egg-jsonp@2.0.0@egg-jsonp/config/config.default.js",
    "start": 1611306235613,
    "end": 1611306235613,
    "duration": 0,
    "pid": 17504,
    "index": 7
  },
  {
    "name": "Require(4) node_modules/_egg-onerror@2.1.0@egg-onerror/config/config.default.js",
    "start": 1611306235614,
    "end": 1611306235614,
    "duration": 0,
    "pid": 17504,
    "index": 8
  },
  {
    "name": "Require(5) node_modules/_egg-i18n@2.1.1@egg-i18n/config/config.default.js",
    "start": 1611306235615,
    "end": 1611306235615,
    "duration": 0,
    "pid": 17504,
    "index": 9
  },
  {
    "name": "Require(6) node_modules/_egg-watcher@3.1.1@egg-watcher/config/config.default.js",
    "start": 1611306235616,
    "end": 1611306235617,
    "duration": 1,
    "pid": 17504,
    "index": 10
  },
  {
    "name": "Require(7) node_modules/_egg-schedule@3.6.6@egg-schedule/config/config.default.js",
    "start": 1611306235617,
    "end": 1611306235617,
    "duration": 0,
    "pid": 17504,
    "index": 11
  },
  {
    "name": "Require(8) node_modules/_egg-multipart@2.10.3@egg-multipart/config/config.default.js",
    "start": 1611306235618,
    "end": 1611306235619,
    "duration": 1,
    "pid": 17504,
    "index": 12
  },
  {
    "name": "Require(9) node_modules/_egg-development@2.7.0@egg-development/config/config.default.js",
    "start": 1611306235619,
    "end": 1611306235620,
    "duration": 1,
    "pid": 17504,
    "index": 13
  },
  {
    "name": "Require(10) node_modules/_egg-logrotator@3.1.0@egg-logrotator/config/config.default.js",
    "start": 1611306235620,
    "end": 1611306235621,
    "duration": 1,
    "pid": 17504,
    "index": 14
  },
  {
    "name": "Require(11) node_modules/_egg-static@2.2.0@egg-static/config/config.default.js",
    "start": 1611306235621,
    "end": 1611306235622,
    "duration": 1,
    "pid": 17504,
    "index": 15
  },
  {
    "name": "Require(12) node_modules/_egg-view@2.1.3@egg-view/config/config.default.js",
    "start": 1611306235622,
    "end": 1611306235623,
    "duration": 1,
    "pid": 17504,
    "index": 16
  },
  {
    "name": "Require(13) node_modules/_egg-view-ejs@2.0.1@egg-view-ejs/config/config.default.js",
    "start": 1611306235623,
    "end": 1611306235624,
    "duration": 1,
    "pid": 17504,
    "index": 17
  },
  {
    "name": "Require(14) node_modules/_egg@2.29.1@egg/config/config.default.js",
    "start": 1611306235624,
    "end": 1611306235625,
    "duration": 1,
    "pid": 17504,
    "index": 18
  },
  {
    "name": "Require(15) config/config.default.js",
    "start": 1611306235626,
    "end": 1611306235626,
    "duration": 0,
    "pid": 17504,
    "index": 19
  },
  {
    "name": "Require(16) node_modules/_egg-security@2.8.0@egg-security/config/config.local.js",
    "start": 1611306235627,
    "end": 1611306235627,
    "duration": 0,
    "pid": 17504,
    "index": 20
  },
  {
    "name": "Require(17) node_modules/_egg-watcher@3.1.1@egg-watcher/config/config.local.js",
    "start": 1611306235629,
    "end": 1611306235629,
    "duration": 0,
    "pid": 17504,
    "index": 21
  },
  {
    "name": "Require(18) node_modules/_egg-view@2.1.3@egg-view/config/config.local.js",
    "start": 1611306235630,
    "end": 1611306235631,
    "duration": 1,
    "pid": 17504,
    "index": 22
  },
  {
    "name": "Require(19) node_modules/_egg-view-ejs@2.0.1@egg-view-ejs/config/config.local.js",
    "start": 1611306235631,
    "end": 1611306235631,
    "duration": 0,
    "pid": 17504,
    "index": 23
  },
  {
    "name": "Require(20) node_modules/_egg@2.29.1@egg/config/config.local.js",
    "start": 1611306235632,
    "end": 1611306235632,
    "duration": 0,
    "pid": 17504,
    "index": 24
  },
  {
    "name": "Load extend/application.js",
    "start": 1611306235633,
    "end": 1611306235654,
    "duration": 21,
    "pid": 17504,
    "index": 25
  },
  {
    "name": "Require(21) node_modules/_egg-session@3.2.0@egg-session/app/extend/application.js",
    "start": 1611306235634,
    "end": 1611306235635,
    "duration": 1,
    "pid": 17504,
    "index": 26
  },
  {
    "name": "Require(22) node_modules/_egg-security@2.8.0@egg-security/app/extend/application.js",
    "start": 1611306235635,
    "end": 1611306235637,
    "duration": 2,
    "pid": 17504,
    "index": 27
  },
  {
    "name": "Require(23) node_modules/_egg-jsonp@2.0.0@egg-jsonp/app/extend/application.js",
    "start": 1611306235637,
    "end": 1611306235641,
    "duration": 4,
    "pid": 17504,
    "index": 28
  },
  {
    "name": "Require(24) node_modules/_egg-logrotator@3.1.0@egg-logrotator/app/extend/application.js",
    "start": 1611306235643,
    "end": 1611306235647,
    "duration": 4,
    "pid": 17504,
    "index": 29
  },
  {
    "name": "Require(25) node_modules/_egg-view@2.1.3@egg-view/app/extend/application.js",
    "start": 1611306235648,
    "end": 1611306235650,
    "duration": 2,
    "pid": 17504,
    "index": 30
  },
  {
    "name": "Load extend/request.js",
    "start": 1611306235655,
    "end": 1611306235666,
    "duration": 11,
    "pid": 17504,
    "index": 31
  },
  {
    "name": "Require(26) node_modules/_egg@2.29.1@egg/app/extend/request.js",
    "start": 1611306235658,
    "end": 1611306235660,
    "duration": 2,
    "pid": 17504,
    "index": 32
  },
  {
    "name": "Load extend/response.js",
    "start": 1611306235666,
    "end": 1611306235675,
    "duration": 9,
    "pid": 17504,
    "index": 33
  },
  {
    "name": "Require(27) node_modules/_egg@2.29.1@egg/app/extend/response.js",
    "start": 1611306235669,
    "end": 1611306235671,
    "duration": 2,
    "pid": 17504,
    "index": 34
  },
  {
    "name": "Load extend/context.js",
    "start": 1611306235675,
    "end": 1611306235756,
    "duration": 81,
    "pid": 17504,
    "index": 35
  },
  {
    "name": "Require(28) node_modules/_egg-security@2.8.0@egg-security/app/extend/context.js",
    "start": 1611306235675,
    "end": 1611306235692,
    "duration": 17,
    "pid": 17504,
    "index": 36
  },
  {
    "name": "Require(29) node_modules/_egg-jsonp@2.0.0@egg-jsonp/app/extend/context.js",
    "start": 1611306235692,
    "end": 1611306235696,
    "duration": 4,
    "pid": 17504,
    "index": 37
  },
  {
    "name": "Require(30) node_modules/_egg-i18n@2.1.1@egg-i18n/app/extend/context.js",
    "start": 1611306235697,
    "end": 1611306235697,
    "duration": 0,
    "pid": 17504,
    "index": 38
  },
  {
    "name": "Require(31) node_modules/_egg-multipart@2.10.3@egg-multipart/app/extend/context.js",
    "start": 1611306235698,
    "end": 1611306235749,
    "duration": 51,
    "pid": 17504,
    "index": 39
  },
  {
    "name": "Require(32) node_modules/_egg-view@2.1.3@egg-view/app/extend/context.js",
    "start": 1611306235750,
    "end": 1611306235751,
    "duration": 1,
    "pid": 17504,
    "index": 40
  },
  {
    "name": "Require(33) node_modules/_egg@2.29.1@egg/app/extend/context.js",
    "start": 1611306235751,
    "end": 1611306235753,
    "duration": 2,
    "pid": 17504,
    "index": 41
  },
  {
    "name": "Load extend/helper.js",
    "start": 1611306235756,
    "end": 1611306235782,
    "duration": 26,
    "pid": 17504,
    "index": 42
  },
  {
    "name": "Require(34) node_modules/_egg-security@2.8.0@egg-security/app/extend/helper.js",
    "start": 1611306235757,
    "end": 1611306235776,
    "duration": 19,
    "pid": 17504,
    "index": 43
  },
  {
    "name": "Require(35) node_modules/_egg@2.29.1@egg/app/extend/helper.js",
    "start": 1611306235778,
    "end": 1611306235779,
    "duration": 1,
    "pid": 17504,
    "index": 44
  },
  {
    "name": "Load app.js",
    "start": 1611306235782,
    "end": 1611306235819,
    "duration": 37,
    "pid": 17504,
    "index": 45
  },
  {
    "name": "Require(36) node_modules/_egg-session@3.2.0@egg-session/app.js",
    "start": 1611306235783,
    "end": 1611306235783,
    "duration": 0,
    "pid": 17504,
    "index": 46
  },
  {
    "name": "Require(37) node_modules/_egg-security@2.8.0@egg-security/app.js",
    "start": 1611306235783,
    "end": 1611306235785,
    "duration": 2,
    "pid": 17504,
    "index": 47
  },
  {
    "name": "Require(38) node_modules/_egg-onerror@2.1.0@egg-onerror/app.js",
    "start": 1611306235786,
    "end": 1611306235798,
    "duration": 12,
    "pid": 17504,
    "index": 48
  },
  {
    "name": "Require(39) node_modules/_egg-i18n@2.1.1@egg-i18n/app.js",
    "start": 1611306235799,
    "end": 1611306235807,
    "duration": 8,
    "pid": 17504,
    "index": 49
  },
  {
    "name": "Require(40) node_modules/_egg-watcher@3.1.1@egg-watcher/app.js",
    "start": 1611306235808,
    "end": 1611306235813,
    "duration": 5,
    "pid": 17504,
    "index": 50
  },
  {
    "name": "Require(41) node_modules/_egg-schedule@3.6.6@egg-schedule/app.js",
    "start": 1611306235813,
    "end": 1611306235815,
    "duration": 2,
    "pid": 17504,
    "index": 51
  },
  {
    "name": "Require(42) node_modules/_egg-multipart@2.10.3@egg-multipart/app.js",
    "start": 1611306235815,
    "end": 1611306235816,
    "duration": 1,
    "pid": 17504,
    "index": 52
  },
  {
    "name": "Require(43) node_modules/_egg-development@2.7.0@egg-development/app.js",
    "start": 1611306235816,
    "end": 1611306235816,
    "duration": 0,
    "pid": 17504,
    "index": 53
  },
  {
    "name": "Require(44) node_modules/_egg-logrotator@3.1.0@egg-logrotator/app.js",
    "start": 1611306235816,
    "end": 1611306235817,
    "duration": 1,
    "pid": 17504,
    "index": 54
  },
  {
    "name": "Require(45) node_modules/_egg-static@2.2.0@egg-static/app.js",
    "start": 1611306235817,
    "end": 1611306235817,
    "duration": 0,
    "pid": 17504,
    "index": 55
  },
  {
    "name": "Require(46) node_modules/_egg-view-ejs@2.0.1@egg-view-ejs/app.js",
    "start": 1611306235818,
    "end": 1611306235818,
    "duration": 0,
    "pid": 17504,
    "index": 56
  },
  {
    "name": "Before Start in node_modules/_egg-watcher@3.1.1@egg-watcher/lib/init.js:15:14",
    "start": 1611306235827,
    "end": 1611306236014,
    "duration": 187,
    "pid": 17504,
    "index": 57
  },
  {
    "name": "Load Service",
    "start": 1611306235862,
    "end": 1611306235868,
    "duration": 6,
    "pid": 17504,
    "index": 58
  },
  {
    "name": "Load \"service\" to Context",
    "start": 1611306235862,
    "end": 1611306235868,
    "duration": 6,
    "pid": 17504,
    "index": 59
  },
  {
    "name": "Load Middleware",
    "start": 1611306235868,
    "end": 1611306235996,
    "duration": 128,
    "pid": 17504,
    "index": 60
  },
  {
    "name": "Load \"middlewares\" to Application",
    "start": 1611306235868,
    "end": 1611306235980,
    "duration": 112,
    "pid": 17504,
    "index": 61
  },
  {
    "name": "Load Controller",
    "start": 1611306235996,
    "end": 1611306235999,
    "duration": 3,
    "pid": 17504,
    "index": 62
  },
  {
    "name": "Load \"controller\" to Application",
    "start": 1611306235996,
    "end": 1611306235999,
    "duration": 3,
    "pid": 17504,
    "index": 63
  },
  {
    "name": "Load Router",
    "start": 1611306235999,
    "end": 1611306236001,
    "duration": 2,
    "pid": 17504,
    "index": 64
  },
  {
    "name": "Require(47) app/router.js",
    "start": 1611306235999,
    "end": 1611306235999,
    "duration": 0,
    "pid": 17504,
    "index": 65
  },
  {
    "name": "Before Start in node_modules/_egg-core@4.20.0@egg-core/lib/egg.js:303:10",
    "start": 1611306236000,
    "end": 1611306236007,
    "duration": 7,
    "pid": 17504,
    "index": 66
  }
]