[
  {
    "name": "Process Start",
    "start": 1611306225971,
    "end": 1611306227064,
    "duration": 1093,
    "pid": 20068,
    "index": 0
  },
  {
    "name": "Application Start",
    "start": 1611306227065,
    "end": 1611306227486,
    "duration": 421,
    "pid": 20068,
    "index": 1
  },
  {
    "name": "Load Plugin",
    "start": 1611306227069,
    "end": 1611306227088,
    "duration": 19,
    "pid": 20068,
    "index": 2
  },
  {
    "name": "Load Config",
    "start": 1611306227088,
    "end": 1611306227114,
    "duration": 26,
    "pid": 20068,
    "index": 3
  },
  {
    "name": "Require(0) config/config.default.js",
    "start": 1611306227089,
    "end": 1611306227089,
    "duration": 0,
    "pid": 20068,
    "index": 4
  },
  {
    "name": "Require(1) node_modules/_egg-session@3.2.0@egg-session/config/config.default.js",
    "start": 1611306227091,
    "end": 1611306227091,
    "duration": 0,
    "pid": 20068,
    "index": 5
  },
  {
    "name": "Require(2) node_modules/_egg-security@2.8.0@egg-security/config/config.default.js",
    "start": 1611306227092,
    "end": 1611306227092,
    "duration": 0,
    "pid": 20068,
    "index": 6
  },
  {
    "name": "Require(3) node_modules/_egg-jsonp@2.0.0@egg-jsonp/config/config.default.js",
    "start": 1611306227093,
    "end": 1611306227094,
    "duration": 1,
    "pid": 20068,
    "index": 7
  },
  {
    "name": "Require(4) node_modules/_egg-onerror@2.1.0@egg-onerror/config/config.default.js",
    "start": 1611306227094,
    "end": 1611306227096,
    "duration": 2,
    "pid": 20068,
    "index": 8
  },
  {
    "name": "Require(5) node_modules/_egg-i18n@2.1.1@egg-i18n/config/config.default.js",
    "start": 1611306227097,
    "end": 1611306227098,
    "duration": 1,
    "pid": 20068,
    "index": 9
  },
  {
    "name": "Require(6) node_modules/_egg-watcher@3.1.1@egg-watcher/config/config.default.js",
    "start": 1611306227098,
    "end": 1611306227099,
    "duration": 1,
    "pid": 20068,
    "index": 10
  },
  {
    "name": "Require(7) node_modules/_egg-schedule@3.6.6@egg-schedule/config/config.default.js",
    "start": 1611306227099,
    "end": 1611306227100,
    "duration": 1,
    "pid": 20068,
    "index": 11
  },
  {
    "name": "Require(8) node_modules/_egg-multipart@2.10.3@egg-multipart/config/config.default.js",
    "start": 1611306227100,
    "end": 1611306227101,
    "duration": 1,
    "pid": 20068,
    "index": 12
  },
  {
    "name": "Require(9) node_modules/_egg-development@2.7.0@egg-development/config/config.default.js",
    "start": 1611306227101,
    "end": 1611306227102,
    "duration": 1,
    "pid": 20068,
    "index": 13
  },
  {
    "name": "Require(10) node_modules/_egg-logrotator@3.1.0@egg-logrotator/config/config.default.js",
    "start": 1611306227102,
    "end": 1611306227103,
    "duration": 1,
    "pid": 20068,
    "index": 14
  },
  {
    "name": "Require(11) node_modules/_egg-static@2.2.0@egg-static/config/config.default.js",
    "start": 1611306227103,
    "end": 1611306227103,
    "duration": 0,
    "pid": 20068,
    "index": 15
  },
  {
    "name": "Require(12) node_modules/_egg-view@2.1.3@egg-view/config/config.default.js",
    "start": 1611306227104,
    "end": 1611306227104,
    "duration": 0,
    "pid": 20068,
    "index": 16
  },
  {
    "name": "Require(13) node_modules/_egg-view-ejs@2.0.1@egg-view-ejs/config/config.default.js",
    "start": 1611306227105,
    "end": 1611306227105,
    "duration": 0,
    "pid": 20068,
    "index": 17
  },
  {
    "name": "Require(14) node_modules/_egg@2.29.1@egg/config/config.default.js",
    "start": 1611306227106,
    "end": 1611306227106,
    "duration": 0,
    "pid": 20068,
    "index": 18
  },
  {
    "name": "Require(15) config/config.default.js",
    "start": 1611306227107,
    "end": 1611306227107,
    "duration": 0,
    "pid": 20068,
    "index": 19
  },
  {
    "name": "Require(16) node_modules/_egg-security@2.8.0@egg-security/config/config.local.js",
    "start": 1611306227108,
    "end": 1611306227108,
    "duration": 0,
    "pid": 20068,
    "index": 20
  },
  {
    "name": "Require(17) node_modules/_egg-watcher@3.1.1@egg-watcher/config/config.local.js",
    "start": 1611306227109,
    "end": 1611306227110,
    "duration": 1,
    "pid": 20068,
    "index": 21
  },
  {
    "name": "Require(18) node_modules/_egg-view@2.1.3@egg-view/config/config.local.js",
    "start": 1611306227112,
    "end": 1611306227112,
    "duration": 0,
    "pid": 20068,
    "index": 22
  },
  {
    "name": "Require(19) node_modules/_egg-view-ejs@2.0.1@egg-view-ejs/config/config.local.js",
    "start": 1611306227113,
    "end": 1611306227113,
    "duration": 0,
    "pid": 20068,
    "index": 23
  },
  {
    "name": "Require(20) node_modules/_egg@2.29.1@egg/config/config.local.js",
    "start": 1611306227113,
    "end": 1611306227114,
    "duration": 1,
    "pid": 20068,
    "index": 24
  },
  {
    "name": "Load extend/application.js",
    "start": 1611306227115,
    "end": 1611306227132,
    "duration": 17,
    "pid": 20068,
    "index": 25
  },
  {
    "name": "Require(21) node_modules/_egg-session@3.2.0@egg-session/app/extend/application.js",
    "start": 1611306227116,
    "end": 1611306227116,
    "duration": 0,
    "pid": 20068,
    "index": 26
  },
  {
    "name": "Require(22) node_modules/_egg-security@2.8.0@egg-security/app/extend/application.js",
    "start": 1611306227116,
    "end": 1611306227118,
    "duration": 2,
    "pid": 20068,
    "index": 27
  },
  {
    "name": "Require(23) node_modules/_egg-jsonp@2.0.0@egg-jsonp/app/extend/application.js",
    "start": 1611306227118,
    "end": 1611306227120,
    "duration": 2,
    "pid": 20068,
    "index": 28
  },
  {
    "name": "Require(24) node_modules/_egg-logrotator@3.1.0@egg-logrotator/app/extend/application.js",
    "start": 1611306227122,
    "end": 1611306227125,
    "duration": 3,
    "pid": 20068,
    "index": 29
  },
  {
    "name": "Require(25) node_modules/_egg-view@2.1.3@egg-view/app/extend/application.js",
    "start": 1611306227126,
    "end": 1611306227129,
    "duration": 3,
    "pid": 20068,
    "index": 30
  },
  {
    "name": "Load extend/request.js",
    "start": 1611306227132,
    "end": 1611306227139,
    "duration": 7,
    "pid": 20068,
    "index": 31
  },
  {
    "name": "Require(26) node_modules/_egg@2.29.1@egg/app/extend/request.js",
    "start": 1611306227135,
    "end": 1611306227137,
    "duration": 2,
    "pid": 20068,
    "index": 32
  },
  {
    "name": "Load extend/response.js",
    "start": 1611306227139,
    "end": 1611306227150,
    "duration": 11,
    "pid": 20068,
    "index": 33
  },
  {
    "name": "Require(27) node_modules/_egg@2.29.1@egg/app/extend/response.js",
    "start": 1611306227145,
    "end": 1611306227147,
    "duration": 2,
    "pid": 20068,
    "index": 34
  },
  {
    "name": "Load extend/context.js",
    "start": 1611306227150,
    "end": 1611306227236,
    "duration": 86,
    "pid": 20068,
    "index": 35
  },
  {
    "name": "Require(28) node_modules/_egg-security@2.8.0@egg-security/app/extend/context.js",
    "start": 1611306227151,
    "end": 1611306227165,
    "duration": 14,
    "pid": 20068,
    "index": 36
  },
  {
    "name": "Require(29) node_modules/_egg-jsonp@2.0.0@egg-jsonp/app/extend/context.js",
    "start": 1611306227165,
    "end": 1611306227167,
    "duration": 2,
    "pid": 20068,
    "index": 37
  },
  {
    "name": "Require(30) node_modules/_egg-i18n@2.1.1@egg-i18n/app/extend/context.js",
    "start": 1611306227167,
    "end": 1611306227168,
    "duration": 1,
    "pid": 20068,
    "index": 38
  },
  {
    "name": "Require(31) node_modules/_egg-multipart@2.10.3@egg-multipart/app/extend/context.js",
    "start": 1611306227169,
    "end": 1611306227230,
    "duration": 61,
    "pid": 20068,
    "index": 39
  },
  {
    "name": "Require(32) node_modules/_egg-view@2.1.3@egg-view/app/extend/context.js",
    "start": 1611306227231,
    "end": 1611306227232,
    "duration": 1,
    "pid": 20068,
    "index": 40
  },
  {
    "name": "Require(33) node_modules/_egg@2.29.1@egg/app/extend/context.js",
    "start": 1611306227232,
    "end": 1611306227234,
    "duration": 2,
    "pid": 20068,
    "index": 41
  },
  {
    "name": "Load extend/helper.js",
    "start": 1611306227237,
    "end": 1611306227259,
    "duration": 22,
    "pid": 20068,
    "index": 42
  },
  {
    "name": "Require(34) node_modules/_egg-security@2.8.0@egg-security/app/extend/helper.js",
    "start": 1611306227237,
    "end": 1611306227253,
    "duration": 16,
    "pid": 20068,
    "index": 43
  },
  {
    "name": "Require(35) node_modules/_egg@2.29.1@egg/app/extend/helper.js",
    "start": 1611306227255,
    "end": 1611306227256,
    "duration": 1,
    "pid": 20068,
    "index": 44
  },
  {
    "name": "Load app.js",
    "start": 1611306227259,
    "end": 1611306227292,
    "duration": 33,
    "pid": 20068,
    "index": 45
  },
  {
    "name": "Require(36) node_modules/_egg-session@3.2.0@egg-session/app.js",
    "start": 1611306227259,
    "end": 1611306227260,
    "duration": 1,
    "pid": 20068,
    "index": 46
  },
  {
    "name": "Require(37) node_modules/_egg-security@2.8.0@egg-security/app.js",
    "start": 1611306227260,
    "end": 1611306227262,
    "duration": 2,
    "pid": 20068,
    "index": 47
  },
  {
    "name": "Require(38) node_modules/_egg-onerror@2.1.0@egg-onerror/app.js",
    "start": 1611306227263,
    "end": 1611306227273,
    "duration": 10,
    "pid": 20068,
    "index": 48
  },
  {
    "name": "Require(39) node_modules/_egg-i18n@2.1.1@egg-i18n/app.js",
    "start": 1611306227273,
    "end": 1611306227282,
    "duration": 9,
    "pid": 20068,
    "index": 49
  },
  {
    "name": "Require(40) node_modules/_egg-watcher@3.1.1@egg-watcher/app.js",
    "start": 1611306227282,
    "end": 1611306227286,
    "duration": 4,
    "pid": 20068,
    "index": 50
  },
  {
    "name": "Require(41) node_modules/_egg-schedule@3.6.6@egg-schedule/app.js",
    "start": 1611306227286,
    "end": 1611306227288,
    "duration": 2,
    "pid": 20068,
    "index": 51
  },
  {
    "name": "Require(42) node_modules/_egg-multipart@2.10.3@egg-multipart/app.js",
    "start": 1611306227288,
    "end": 1611306227289,
    "duration": 1,
    "pid": 20068,
    "index": 52
  },
  {
    "name": "Require(43) node_modules/_egg-development@2.7.0@egg-development/app.js",
    "start": 1611306227289,
    "end": 1611306227289,
    "duration": 0,
    "pid": 20068,
    "index": 53
  },
  {
    "name": "Require(44) node_modules/_egg-logrotator@3.1.0@egg-logrotator/app.js",
    "start": 1611306227290,
    "end": 1611306227290,
    "duration": 0,
    "pid": 20068,
    "index": 54
  },
  {
    "name": "Require(45) node_modules/_egg-static@2.2.0@egg-static/app.js",
    "start": 1611306227290,
    "end": 1611306227290,
    "duration": 0,
    "pid": 20068,
    "index": 55
  },
  {
    "name": "Require(46) node_modules/_egg-view-ejs@2.0.1@egg-view-ejs/app.js",
    "start": 1611306227291,
    "end": 1611306227291,
    "duration": 0,
    "pid": 20068,
    "index": 56
  },
  {
    "name": "Before Start in node_modules/_egg-watcher@3.1.1@egg-watcher/lib/init.js:15:14",
    "start": 1611306227300,
    "end": 1611306227486,
    "duration": 186,
    "pid": 20068,
    "index": 57
  },
  {
    "name": "Load Service",
    "start": 1611306227332,
    "end": 1611306227338,
    "duration": 6,
    "pid": 20068,
    "index": 58
  },
  {
    "name": "Load \"service\" to Context",
    "start": 1611306227332,
    "end": 1611306227338,
    "duration": 6,
    "pid": 20068,
    "index": 59
  },
  {
    "name": "Load Middleware",
    "start": 1611306227338,
    "end": 1611306227467,
    "duration": 129,
    "pid": 20068,
    "index": 60
  },
  {
    "name": "Load \"middlewares\" to Application",
    "start": 1611306227338,
    "end": 1611306227450,
    "duration": 112,
    "pid": 20068,
    "index": 61
  },
  {
    "name": "Load Controller",
    "start": 1611306227467,
    "end": 1611306227470,
    "duration": 3,
    "pid": 20068,
    "index": 62
  },
  {
    "name": "Load \"controller\" to Application",
    "start": 1611306227467,
    "end": 1611306227470,
    "duration": 3,
    "pid": 20068,
    "index": 63
  },
  {
    "name": "Load Router",
    "start": 1611306227470,
    "end": 1611306227472,
    "duration": 2,
    "pid": 20068,
    "index": 64
  },
  {
    "name": "Require(47) app/router.js",
    "start": 1611306227470,
    "end": 1611306227470,
    "duration": 0,
    "pid": 20068,
    "index": 65
  },
  {
    "name": "Before Start in node_modules/_egg-core@4.20.0@egg-core/lib/egg.js:303:10",
    "start": 1611306227471,
    "end": 1611306227479,
    "duration": 8,
    "pid": 20068,
    "index": 66
  }
]