[
  {
    "name": "Process Start",
    "start": 1611306252981,
    "end": 1611306254109,
    "duration": 1128,
    "pid": 3276,
    "index": 0
  },
  {
    "name": "Application Start",
    "start": 1611306254110,
    "end": 1611306254527,
    "duration": 417,
    "pid": 3276,
    "index": 1
  },
  {
    "name": "Load Plugin",
    "start": 1611306254114,
    "end": 1611306254135,
    "duration": 21,
    "pid": 3276,
    "index": 2
  },
  {
    "name": "Load Config",
    "start": 1611306254136,
    "end": 1611306254159,
    "duration": 23,
    "pid": 3276,
    "index": 3
  },
  {
    "name": "Require(0) config/config.default.js",
    "start": 1611306254136,
    "end": 1611306254137,
    "duration": 1,
    "pid": 3276,
    "index": 4
  },
  {
    "name": "Require(1) node_modules/_egg-session@3.2.0@egg-session/config/config.default.js",
    "start": 1611306254138,
    "end": 1611306254139,
    "duration": 1,
    "pid": 3276,
    "index": 5
  },
  {
    "name": "Require(2) node_modules/_egg-security@2.8.0@egg-security/config/config.default.js",
    "start": 1611306254139,
    "end": 1611306254140,
    "duration": 1,
    "pid": 3276,
    "index": 6
  },
  {
    "name": "Require(3) node_modules/_egg-jsonp@2.0.0@egg-jsonp/config/config.default.js",
    "start": 1611306254141,
    "end": 1611306254141,
    "duration": 0,
    "pid": 3276,
    "index": 7
  },
  {
    "name": "Require(4) node_modules/_egg-onerror@2.1.0@egg-onerror/config/config.default.js",
    "start": 1611306254141,
    "end": 1611306254142,
    "duration": 1,
    "pid": 3276,
    "index": 8
  },
  {
    "name": "Require(5) node_modules/_egg-i18n@2.1.1@egg-i18n/config/config.default.js",
    "start": 1611306254142,
    "end": 1611306254143,
    "duration": 1,
    "pid": 3276,
    "index": 9
  },
  {
    "name": "Require(6) node_modules/_egg-watcher@3.1.1@egg-watcher/config/config.default.js",
    "start": 1611306254144,
    "end": 1611306254144,
    "duration": 0,
    "pid": 3276,
    "index": 10
  },
  {
    "name": "Require(7) node_modules/_egg-schedule@3.6.6@egg-schedule/config/config.default.js",
    "start": 1611306254145,
    "end": 1611306254145,
    "duration": 0,
    "pid": 3276,
    "index": 11
  },
  {
    "name": "Require(8) node_modules/_egg-multipart@2.10.3@egg-multipart/config/config.default.js",
    "start": 1611306254146,
    "end": 1611306254146,
    "duration": 0,
    "pid": 3276,
    "index": 12
  },
  {
    "name": "Require(9) node_modules/_egg-development@2.7.0@egg-development/config/config.default.js",
    "start": 1611306254147,
    "end": 1611306254148,
    "duration": 1,
    "pid": 3276,
    "index": 13
  },
  {
    "name": "Require(10) node_modules/_egg-logrotator@3.1.0@egg-logrotator/config/config.default.js",
    "start": 1611306254148,
    "end": 1611306254149,
    "duration": 1,
    "pid": 3276,
    "index": 14
  },
  {
    "name": "Require(11) node_modules/_egg-static@2.2.0@egg-static/config/config.default.js",
    "start": 1611306254149,
    "end": 1611306254150,
    "duration": 1,
    "pid": 3276,
    "index": 15
  },
  {
    "name": "Require(12) node_modules/_egg-view@2.1.3@egg-view/config/config.default.js",
    "start": 1611306254150,
    "end": 1611306254151,
    "duration": 1,
    "pid": 3276,
    "index": 16
  },
  {
    "name": "Require(13) node_modules/_egg-view-ejs@2.0.1@egg-view-ejs/config/config.default.js",
    "start": 1611306254151,
    "end": 1611306254152,
    "duration": 1,
    "pid": 3276,
    "index": 17
  },
  {
    "name": "Require(14) node_modules/_egg@2.29.1@egg/config/config.default.js",
    "start": 1611306254152,
    "end": 1611306254153,
    "duration": 1,
    "pid": 3276,
    "index": 18
  },
  {
    "name": "Require(15) config/config.default.js",
    "start": 1611306254154,
    "end": 1611306254154,
    "duration": 0,
    "pid": 3276,
    "index": 19
  },
  {
    "name": "Require(16) node_modules/_egg-security@2.8.0@egg-security/config/config.local.js",
    "start": 1611306254154,
    "end": 1611306254155,
    "duration": 1,
    "pid": 3276,
    "index": 20
  },
  {
    "name": "Require(17) node_modules/_egg-watcher@3.1.1@egg-watcher/config/config.local.js",
    "start": 1611306254156,
    "end": 1611306254156,
    "duration": 0,
    "pid": 3276,
    "index": 21
  },
  {
    "name": "Require(18) node_modules/_egg-view@2.1.3@egg-view/config/config.local.js",
    "start": 1611306254157,
    "end": 1611306254158,
    "duration": 1,
    "pid": 3276,
    "index": 22
  },
  {
    "name": "Require(19) node_modules/_egg-view-ejs@2.0.1@egg-view-ejs/config/config.local.js",
    "start": 1611306254158,
    "end": 1611306254158,
    "duration": 0,
    "pid": 3276,
    "index": 23
  },
  {
    "name": "Require(20) node_modules/_egg@2.29.1@egg/config/config.local.js",
    "start": 1611306254159,
    "end": 1611306254159,
    "duration": 0,
    "pid": 3276,
    "index": 24
  },
  {
    "name": "Load extend/application.js",
    "start": 1611306254160,
    "end": 1611306254175,
    "duration": 15,
    "pid": 3276,
    "index": 25
  },
  {
    "name": "Require(21) node_modules/_egg-session@3.2.0@egg-session/app/extend/application.js",
    "start": 1611306254161,
    "end": 1611306254161,
    "duration": 0,
    "pid": 3276,
    "index": 26
  },
  {
    "name": "Require(22) node_modules/_egg-security@2.8.0@egg-security/app/extend/application.js",
    "start": 1611306254162,
    "end": 1611306254163,
    "duration": 1,
    "pid": 3276,
    "index": 27
  },
  {
    "name": "Require(23) node_modules/_egg-jsonp@2.0.0@egg-jsonp/app/extend/application.js",
    "start": 1611306254164,
    "end": 1611306254166,
    "duration": 2,
    "pid": 3276,
    "index": 28
  },
  {
    "name": "Require(24) node_modules/_egg-logrotator@3.1.0@egg-logrotator/app/extend/application.js",
    "start": 1611306254167,
    "end": 1611306254170,
    "duration": 3,
    "pid": 3276,
    "index": 29
  },
  {
    "name": "Require(25) node_modules/_egg-view@2.1.3@egg-view/app/extend/application.js",
    "start": 1611306254170,
    "end": 1611306254172,
    "duration": 2,
    "pid": 3276,
    "index": 30
  },
  {
    "name": "Load extend/request.js",
    "start": 1611306254175,
    "end": 1611306254184,
    "duration": 9,
    "pid": 3276,
    "index": 31
  },
  {
    "name": "Require(26) node_modules/_egg@2.29.1@egg/app/extend/request.js",
    "start": 1611306254178,
    "end": 1611306254179,
    "duration": 1,
    "pid": 3276,
    "index": 32
  },
  {
    "name": "Load extend/response.js",
    "start": 1611306254184,
    "end": 1611306254192,
    "duration": 8,
    "pid": 3276,
    "index": 33
  },
  {
    "name": "Require(27) node_modules/_egg@2.29.1@egg/app/extend/response.js",
    "start": 1611306254187,
    "end": 1611306254189,
    "duration": 2,
    "pid": 3276,
    "index": 34
  },
  {
    "name": "Load extend/context.js",
    "start": 1611306254192,
    "end": 1611306254263,
    "duration": 71,
    "pid": 3276,
    "index": 35
  },
  {
    "name": "Require(28) node_modules/_egg-security@2.8.0@egg-security/app/extend/context.js",
    "start": 1611306254193,
    "end": 1611306254207,
    "duration": 14,
    "pid": 3276,
    "index": 36
  },
  {
    "name": "Require(29) node_modules/_egg-jsonp@2.0.0@egg-jsonp/app/extend/context.js",
    "start": 1611306254207,
    "end": 1611306254209,
    "duration": 2,
    "pid": 3276,
    "index": 37
  },
  {
    "name": "Require(30) node_modules/_egg-i18n@2.1.1@egg-i18n/app/extend/context.js",
    "start": 1611306254210,
    "end": 1611306254210,
    "duration": 0,
    "pid": 3276,
    "index": 38
  },
  {
    "name": "Require(31) node_modules/_egg-multipart@2.10.3@egg-multipart/app/extend/context.js",
    "start": 1611306254211,
    "end": 1611306254256,
    "duration": 45,
    "pid": 3276,
    "index": 39
  },
  {
    "name": "Require(32) node_modules/_egg-view@2.1.3@egg-view/app/extend/context.js",
    "start": 1611306254257,
    "end": 1611306254258,
    "duration": 1,
    "pid": 3276,
    "index": 40
  },
  {
    "name": "Require(33) node_modules/_egg@2.29.1@egg/app/extend/context.js",
    "start": 1611306254258,
    "end": 1611306254260,
    "duration": 2,
    "pid": 3276,
    "index": 41
  },
  {
    "name": "Load extend/helper.js",
    "start": 1611306254263,
    "end": 1611306254285,
    "duration": 22,
    "pid": 3276,
    "index": 42
  },
  {
    "name": "Require(34) node_modules/_egg-security@2.8.0@egg-security/app/extend/helper.js",
    "start": 1611306254263,
    "end": 1611306254279,
    "duration": 16,
    "pid": 3276,
    "index": 43
  },
  {
    "name": "Require(35) node_modules/_egg@2.29.1@egg/app/extend/helper.js",
    "start": 1611306254282,
    "end": 1611306254282,
    "duration": 0,
    "pid": 3276,
    "index": 44
  },
  {
    "name": "Load app.js",
    "start": 1611306254285,
    "end": 1611306254321,
    "duration": 36,
    "pid": 3276,
    "index": 45
  },
  {
    "name": "Require(36) node_modules/_egg-session@3.2.0@egg-session/app.js",
    "start": 1611306254285,
    "end": 1611306254286,
    "duration": 1,
    "pid": 3276,
    "index": 46
  },
  {
    "name": "Require(37) node_modules/_egg-security@2.8.0@egg-security/app.js",
    "start": 1611306254286,
    "end": 1611306254288,
    "duration": 2,
    "pid": 3276,
    "index": 47
  },
  {
    "name": "Require(38) node_modules/_egg-onerror@2.1.0@egg-onerror/app.js",
    "start": 1611306254288,
    "end": 1611306254298,
    "duration": 10,
    "pid": 3276,
    "index": 48
  },
  {
    "name": "Require(39) node_modules/_egg-i18n@2.1.1@egg-i18n/app.js",
    "start": 1611306254299,
    "end": 1611306254307,
    "duration": 8,
    "pid": 3276,
    "index": 49
  },
  {
    "name": "Require(40) node_modules/_egg-watcher@3.1.1@egg-watcher/app.js",
    "start": 1611306254308,
    "end": 1611306254312,
    "duration": 4,
    "pid": 3276,
    "index": 50
  },
  {
    "name": "Require(41) node_modules/_egg-schedule@3.6.6@egg-schedule/app.js",
    "start": 1611306254312,
    "end": 1611306254316,
    "duration": 4,
    "pid": 3276,
    "index": 51
  },
  {
    "name": "Require(42) node_modules/_egg-multipart@2.10.3@egg-multipart/app.js",
    "start": 1611306254316,
    "end": 1611306254317,
    "duration": 1,
    "pid": 3276,
    "index": 52
  },
  {
    "name": "Require(43) node_modules/_egg-development@2.7.0@egg-development/app.js",
    "start": 1611306254317,
    "end": 1611306254317,
    "duration": 0,
    "pid": 3276,
    "index": 53
  },
  {
    "name": "Require(44) node_modules/_egg-logrotator@3.1.0@egg-logrotator/app.js",
    "start": 1611306254318,
    "end": 1611306254318,
    "duration": 0,
    "pid": 3276,
    "index": 54
  },
  {
    "name": "Require(45) node_modules/_egg-static@2.2.0@egg-static/app.js",
    "start": 1611306254318,
    "end": 1611306254319,
    "duration": 1,
    "pid": 3276,
    "index": 55
  },
  {
    "name": "Require(46) node_modules/_egg-view-ejs@2.0.1@egg-view-ejs/app.js",
    "start": 1611306254319,
    "end": 1611306254320,
    "duration": 1,
    "pid": 3276,
    "index": 56
  },
  {
    "name": "Before Start in node_modules/_egg-watcher@3.1.1@egg-watcher/lib/init.js:15:14",
    "start": 1611306254331,
    "end": 1611306254527,
    "duration": 196,
    "pid": 3276,
    "index": 57
  },
  {
    "name": "Load Service",
    "start": 1611306254368,
    "end": 1611306254375,
    "duration": 7,
    "pid": 3276,
    "index": 58
  },
  {
    "name": "Load \"service\" to Context",
    "start": 1611306254368,
    "end": 1611306254375,
    "duration": 7,
    "pid": 3276,
    "index": 59
  },
  {
    "name": "Load Middleware",
    "start": 1611306254375,
    "end": 1611306254508,
    "duration": 133,
    "pid": 3276,
    "index": 60
  },
  {
    "name": "Load \"middlewares\" to Application",
    "start": 1611306254375,
    "end": 1611306254494,
    "duration": 119,
    "pid": 3276,
    "index": 61
  },
  {
    "name": "Load Controller",
    "start": 1611306254508,
    "end": 1611306254511,
    "duration": 3,
    "pid": 3276,
    "index": 62
  },
  {
    "name": "Load \"controller\" to Application",
    "start": 1611306254508,
    "end": 1611306254511,
    "duration": 3,
    "pid": 3276,
    "index": 63
  },
  {
    "name": "Load Router",
    "start": 1611306254511,
    "end": 1611306254513,
    "duration": 2,
    "pid": 3276,
    "index": 64
  },
  {
    "name": "Require(47) app/router.js",
    "start": 1611306254511,
    "end": 1611306254512,
    "duration": 1,
    "pid": 3276,
    "index": 65
  },
  {
    "name": "Before Start in node_modules/_egg-core@4.20.0@egg-core/lib/egg.js:303:10",
    "start": 1611306254512,
    "end": 1611306254519,
    "duration": 7,
    "pid": 3276,
    "index": 66
  }
]