[
  {
    "name": "Process Start",
    "start": 1611306257782,
    "end": 1611306259155,
    "duration": 1373,
    "pid": 17564,
    "index": 0
  },
  {
    "name": "Application Start",
    "start": 1611306259156,
    "end": 1611306259595,
    "duration": 439,
    "pid": 17564,
    "index": 1
  },
  {
    "name": "Load Plugin",
    "start": 1611306259160,
    "end": 1611306259181,
    "duration": 21,
    "pid": 17564,
    "index": 2
  },
  {
    "name": "Load Config",
    "start": 1611306259181,
    "end": 1611306259205,
    "duration": 24,
    "pid": 17564,
    "index": 3
  },
  {
    "name": "Require(0) config/config.default.js",
    "start": 1611306259182,
    "end": 1611306259182,
    "duration": 0,
    "pid": 17564,
    "index": 4
  },
  {
    "name": "Require(1) node_modules/_egg-session@3.2.0@egg-session/config/config.default.js",
    "start": 1611306259183,
    "end": 1611306259184,
    "duration": 1,
    "pid": 17564,
    "index": 5
  },
  {
    "name": "Require(2) node_modules/_egg-security@2.8.0@egg-security/config/config.default.js",
    "start": 1611306259184,
    "end": 1611306259185,
    "duration": 1,
    "pid": 17564,
    "index": 6
  },
  {
    "name": "Require(3) node_modules/_egg-jsonp@2.0.0@egg-jsonp/config/config.default.js",
    "start": 1611306259186,
    "end": 1611306259186,
    "duration": 0,
    "pid": 17564,
    "index": 7
  },
  {
    "name": "Require(4) node_modules/_egg-onerror@2.1.0@egg-onerror/config/config.default.js",
    "start": 1611306259187,
    "end": 1611306259187,
    "duration": 0,
    "pid": 17564,
    "index": 8
  },
  {
    "name": "Require(5) node_modules/_egg-i18n@2.1.1@egg-i18n/config/config.default.js",
    "start": 1611306259188,
    "end": 1611306259188,
    "duration": 0,
    "pid": 17564,
    "index": 9
  },
  {
    "name": "Require(6) node_modules/_egg-watcher@3.1.1@egg-watcher/config/config.default.js",
    "start": 1611306259189,
    "end": 1611306259190,
    "duration": 1,
    "pid": 17564,
    "index": 10
  },
  {
    "name": "Require(7) node_modules/_egg-schedule@3.6.6@egg-schedule/config/config.default.js",
    "start": 1611306259190,
    "end": 1611306259191,
    "duration": 1,
    "pid": 17564,
    "index": 11
  },
  {
    "name": "Require(8) node_modules/_egg-multipart@2.10.3@egg-multipart/config/config.default.js",
    "start": 1611306259191,
    "end": 1611306259192,
    "duration": 1,
    "pid": 17564,
    "index": 12
  },
  {
    "name": "Require(9) node_modules/_egg-development@2.7.0@egg-development/config/config.default.js",
    "start": 1611306259193,
    "end": 1611306259193,
    "duration": 0,
    "pid": 17564,
    "index": 13
  },
  {
    "name": "Require(10) node_modules/_egg-logrotator@3.1.0@egg-logrotator/config/config.default.js",
    "start": 1611306259194,
    "end": 1611306259194,
    "duration": 0,
    "pid": 17564,
    "index": 14
  },
  {
    "name": "Require(11) node_modules/_egg-static@2.2.0@egg-static/config/config.default.js",
    "start": 1611306259195,
    "end": 1611306259195,
    "duration": 0,
    "pid": 17564,
    "index": 15
  },
  {
    "name": "Require(12) node_modules/_egg-view@2.1.3@egg-view/config/config.default.js",
    "start": 1611306259196,
    "end": 1611306259196,
    "duration": 0,
    "pid": 17564,
    "index": 16
  },
  {
    "name": "Require(13) node_modules/_egg-view-ejs@2.0.1@egg-view-ejs/config/config.default.js",
    "start": 1611306259197,
    "end": 1611306259197,
    "duration": 0,
    "pid": 17564,
    "index": 17
  },
  {
    "name": "Require(14) node_modules/_egg@2.29.1@egg/config/config.default.js",
    "start": 1611306259198,
    "end": 1611306259198,
    "duration": 0,
    "pid": 17564,
    "index": 18
  },
  {
    "name": "Require(15) config/config.default.js",
    "start": 1611306259200,
    "end": 1611306259200,
    "duration": 0,
    "pid": 17564,
    "index": 19
  },
  {
    "name": "Require(16) node_modules/_egg-security@2.8.0@egg-security/config/config.local.js",
    "start": 1611306259200,
    "end": 1611306259201,
    "duration": 1,
    "pid": 17564,
    "index": 20
  },
  {
    "name": "Require(17) node_modules/_egg-watcher@3.1.1@egg-watcher/config/config.local.js",
    "start": 1611306259202,
    "end": 1611306259202,
    "duration": 0,
    "pid": 17564,
    "index": 21
  },
  {
    "name": "Require(18) node_modules/_egg-view@2.1.3@egg-view/config/config.local.js",
    "start": 1611306259204,
    "end": 1611306259204,
    "duration": 0,
    "pid": 17564,
    "index": 22
  },
  {
    "name": "Require(19) node_modules/_egg-view-ejs@2.0.1@egg-view-ejs/config/config.local.js",
    "start": 1611306259204,
    "end": 1611306259205,
    "duration": 1,
    "pid": 17564,
    "index": 23
  },
  {
    "name": "Require(20) node_modules/_egg@2.29.1@egg/config/config.local.js",
    "start": 1611306259205,
    "end": 1611306259205,
    "duration": 0,
    "pid": 17564,
    "index": 24
  },
  {
    "name": "Load extend/application.js",
    "start": 1611306259207,
    "end": 1611306259225,
    "duration": 18,
    "pid": 17564,
    "index": 25
  },
  {
    "name": "Require(21) node_modules/_egg-session@3.2.0@egg-session/app/extend/application.js",
    "start": 1611306259207,
    "end": 1611306259208,
    "duration": 1,
    "pid": 17564,
    "index": 26
  },
  {
    "name": "Require(22) node_modules/_egg-security@2.8.0@egg-security/app/extend/application.js",
    "start": 1611306259208,
    "end": 1611306259210,
    "duration": 2,
    "pid": 17564,
    "index": 27
  },
  {
    "name": "Require(23) node_modules/_egg-jsonp@2.0.0@egg-jsonp/app/extend/application.js",
    "start": 1611306259210,
    "end": 1611306259213,
    "duration": 3,
    "pid": 17564,
    "index": 28
  },
  {
    "name": "Require(24) node_modules/_egg-logrotator@3.1.0@egg-logrotator/app/extend/application.js",
    "start": 1611306259215,
    "end": 1611306259218,
    "duration": 3,
    "pid": 17564,
    "index": 29
  },
  {
    "name": "Require(25) node_modules/_egg-view@2.1.3@egg-view/app/extend/application.js",
    "start": 1611306259219,
    "end": 1611306259222,
    "duration": 3,
    "pid": 17564,
    "index": 30
  },
  {
    "name": "Load extend/request.js",
    "start": 1611306259225,
    "end": 1611306259232,
    "duration": 7,
    "pid": 17564,
    "index": 31
  },
  {
    "name": "Require(26) node_modules/_egg@2.29.1@egg/app/extend/request.js",
    "start": 1611306259228,
    "end": 1611306259229,
    "duration": 1,
    "pid": 17564,
    "index": 32
  },
  {
    "name": "Load extend/response.js",
    "start": 1611306259232,
    "end": 1611306259243,
    "duration": 11,
    "pid": 17564,
    "index": 33
  },
  {
    "name": "Require(27) node_modules/_egg@2.29.1@egg/app/extend/response.js",
    "start": 1611306259237,
    "end": 1611306259240,
    "duration": 3,
    "pid": 17564,
    "index": 34
  },
  {
    "name": "Load extend/context.js",
    "start": 1611306259243,
    "end": 1611306259335,
    "duration": 92,
    "pid": 17564,
    "index": 35
  },
  {
    "name": "Require(28) node_modules/_egg-security@2.8.0@egg-security/app/extend/context.js",
    "start": 1611306259243,
    "end": 1611306259269,
    "duration": 26,
    "pid": 17564,
    "index": 36
  },
  {
    "name": "Require(29) node_modules/_egg-jsonp@2.0.0@egg-jsonp/app/extend/context.js",
    "start": 1611306259270,
    "end": 1611306259276,
    "duration": 6,
    "pid": 17564,
    "index": 37
  },
  {
    "name": "Require(30) node_modules/_egg-i18n@2.1.1@egg-i18n/app/extend/context.js",
    "start": 1611306259278,
    "end": 1611306259280,
    "duration": 2,
    "pid": 17564,
    "index": 38
  },
  {
    "name": "Require(31) node_modules/_egg-multipart@2.10.3@egg-multipart/app/extend/context.js",
    "start": 1611306259281,
    "end": 1611306259328,
    "duration": 47,
    "pid": 17564,
    "index": 39
  },
  {
    "name": "Require(32) node_modules/_egg-view@2.1.3@egg-view/app/extend/context.js",
    "start": 1611306259329,
    "end": 1611306259330,
    "duration": 1,
    "pid": 17564,
    "index": 40
  },
  {
    "name": "Require(33) node_modules/_egg@2.29.1@egg/app/extend/context.js",
    "start": 1611306259331,
    "end": 1611306259332,
    "duration": 1,
    "pid": 17564,
    "index": 41
  },
  {
    "name": "Load extend/helper.js",
    "start": 1611306259335,
    "end": 1611306259360,
    "duration": 25,
    "pid": 17564,
    "index": 42
  },
  {
    "name": "Require(34) node_modules/_egg-security@2.8.0@egg-security/app/extend/helper.js",
    "start": 1611306259336,
    "end": 1611306259353,
    "duration": 17,
    "pid": 17564,
    "index": 43
  },
  {
    "name": "Require(35) node_modules/_egg@2.29.1@egg/app/extend/helper.js",
    "start": 1611306259356,
    "end": 1611306259357,
    "duration": 1,
    "pid": 17564,
    "index": 44
  },
  {
    "name": "Load app.js",
    "start": 1611306259360,
    "end": 1611306259397,
    "duration": 37,
    "pid": 17564,
    "index": 45
  },
  {
    "name": "Require(36) node_modules/_egg-session@3.2.0@egg-session/app.js",
    "start": 1611306259361,
    "end": 1611306259361,
    "duration": 0,
    "pid": 17564,
    "index": 46
  },
  {
    "name": "Require(37) node_modules/_egg-security@2.8.0@egg-security/app.js",
    "start": 1611306259361,
    "end": 1611306259363,
    "duration": 2,
    "pid": 17564,
    "index": 47
  },
  {
    "name": "Require(38) node_modules/_egg-onerror@2.1.0@egg-onerror/app.js",
    "start": 1611306259364,
    "end": 1611306259375,
    "duration": 11,
    "pid": 17564,
    "index": 48
  },
  {
    "name": "Require(39) node_modules/_egg-i18n@2.1.1@egg-i18n/app.js",
    "start": 1611306259375,
    "end": 1611306259385,
    "duration": 10,
    "pid": 17564,
    "index": 49
  },
  {
    "name": "Require(40) node_modules/_egg-watcher@3.1.1@egg-watcher/app.js",
    "start": 1611306259385,
    "end": 1611306259390,
    "duration": 5,
    "pid": 17564,
    "index": 50
  },
  {
    "name": "Require(41) node_modules/_egg-schedule@3.6.6@egg-schedule/app.js",
    "start": 1611306259390,
    "end": 1611306259392,
    "duration": 2,
    "pid": 17564,
    "index": 51
  },
  {
    "name": "Require(42) node_modules/_egg-multipart@2.10.3@egg-multipart/app.js",
    "start": 1611306259393,
    "end": 1611306259393,
    "duration": 0,
    "pid": 17564,
    "index": 52
  },
  {
    "name": "Require(43) node_modules/_egg-development@2.7.0@egg-development/app.js",
    "start": 1611306259393,
    "end": 1611306259394,
    "duration": 1,
    "pid": 17564,
    "index": 53
  },
  {
    "name": "Require(44) node_modules/_egg-logrotator@3.1.0@egg-logrotator/app.js",
    "start": 1611306259394,
    "end": 1611306259394,
    "duration": 0,
    "pid": 17564,
    "index": 54
  },
  {
    "name": "Require(45) node_modules/_egg-static@2.2.0@egg-static/app.js",
    "start": 1611306259394,
    "end": 1611306259395,
    "duration": 1,
    "pid": 17564,
    "index": 55
  },
  {
    "name": "Require(46) node_modules/_egg-view-ejs@2.0.1@egg-view-ejs/app.js",
    "start": 1611306259395,
    "end": 1611306259396,
    "duration": 1,
    "pid": 17564,
    "index": 56
  },
  {
    "name": "Before Start in node_modules/_egg-watcher@3.1.1@egg-watcher/lib/init.js:15:14",
    "start": 1611306259405,
    "end": 1611306259595,
    "duration": 190,
    "pid": 17564,
    "index": 57
  },
  {
    "name": "Load Service",
    "start": 1611306259439,
    "end": 1611306259445,
    "duration": 6,
    "pid": 17564,
    "index": 58
  },
  {
    "name": "Load \"service\" to Context",
    "start": 1611306259439,
    "end": 1611306259445,
    "duration": 6,
    "pid": 17564,
    "index": 59
  },
  {
    "name": "Load Middleware",
    "start": 1611306259446,
    "end": 1611306259578,
    "duration": 132,
    "pid": 17564,
    "index": 60
  },
  {
    "name": "Load \"middlewares\" to Application",
    "start": 1611306259446,
    "end": 1611306259563,
    "duration": 117,
    "pid": 17564,
    "index": 61
  },
  {
    "name": "Load Controller",
    "start": 1611306259578,
    "end": 1611306259581,
    "duration": 3,
    "pid": 17564,
    "index": 62
  },
  {
    "name": "Load \"controller\" to Application",
    "start": 1611306259578,
    "end": 1611306259581,
    "duration": 3,
    "pid": 17564,
    "index": 63
  },
  {
    "name": "Load Router",
    "start": 1611306259581,
    "end": 1611306259583,
    "duration": 2,
    "pid": 17564,
    "index": 64
  },
  {
    "name": "Require(47) app/router.js",
    "start": 1611306259581,
    "end": 1611306259581,
    "duration": 0,
    "pid": 17564,
    "index": 65
  },
  {
    "name": "Before Start in node_modules/_egg-core@4.20.0@egg-core/lib/egg.js:303:10",
    "start": 1611306259581,
    "end": 1611306259589,
    "duration": 8,
    "pid": 17564,
    "index": 66
  }
]