[
  {
    "name": "Process Start",
    "start": 1611306243749,
    "end": 1611306244897,
    "duration": 1148,
    "pid": 13516,
    "index": 0
  },
  {
    "name": "Application Start",
    "start": 1611306244898,
    "end": 1611306245319,
    "duration": 421,
    "pid": 13516,
    "index": 1
  },
  {
    "name": "Load Plugin",
    "start": 1611306244902,
    "end": 1611306244922,
    "duration": 20,
    "pid": 13516,
    "index": 2
  },
  {
    "name": "Load Config",
    "start": 1611306244922,
    "end": 1611306244946,
    "duration": 24,
    "pid": 13516,
    "index": 3
  },
  {
    "name": "Require(0) config/config.default.js",
    "start": 1611306244922,
    "end": 1611306244923,
    "duration": 1,
    "pid": 13516,
    "index": 4
  },
  {
    "name": "Require(1) node_modules/_egg-session@3.2.0@egg-session/config/config.default.js",
    "start": 1611306244924,
    "end": 1611306244924,
    "duration": 0,
    "pid": 13516,
    "index": 5
  },
  {
    "name": "Require(2) node_modules/_egg-security@2.8.0@egg-security/config/config.default.js",
    "start": 1611306244925,
    "end": 1611306244926,
    "duration": 1,
    "pid": 13516,
    "index": 6
  },
  {
    "name": "Require(3) node_modules/_egg-jsonp@2.0.0@egg-jsonp/config/config.default.js",
    "start": 1611306244927,
    "end": 1611306244928,
    "duration": 1,
    "pid": 13516,
    "index": 7
  },
  {
    "name": "Require(4) node_modules/_egg-onerror@2.1.0@egg-onerror/config/config.default.js",
    "start": 1611306244928,
    "end": 1611306244929,
    "duration": 1,
    "pid": 13516,
    "index": 8
  },
  {
    "name": "Require(5) node_modules/_egg-i18n@2.1.1@egg-i18n/config/config.default.js",
    "start": 1611306244929,
    "end": 1611306244929,
    "duration": 0,
    "pid": 13516,
    "index": 9
  },
  {
    "name": "Require(6) node_modules/_egg-watcher@3.1.1@egg-watcher/config/config.default.js",
    "start": 1611306244930,
    "end": 1611306244931,
    "duration": 1,
    "pid": 13516,
    "index": 10
  },
  {
    "name": "Require(7) node_modules/_egg-schedule@3.6.6@egg-schedule/config/config.default.js",
    "start": 1611306244931,
    "end": 1611306244932,
    "duration": 1,
    "pid": 13516,
    "index": 11
  },
  {
    "name": "Require(8) node_modules/_egg-multipart@2.10.3@egg-multipart/config/config.default.js",
    "start": 1611306244932,
    "end": 1611306244933,
    "duration": 1,
    "pid": 13516,
    "index": 12
  },
  {
    "name": "Require(9) node_modules/_egg-development@2.7.0@egg-development/config/config.default.js",
    "start": 1611306244933,
    "end": 1611306244934,
    "duration": 1,
    "pid": 13516,
    "index": 13
  },
  {
    "name": "Require(10) node_modules/_egg-logrotator@3.1.0@egg-logrotator/config/config.default.js",
    "start": 1611306244934,
    "end": 1611306244935,
    "duration": 1,
    "pid": 13516,
    "index": 14
  },
  {
    "name": "Require(11) node_modules/_egg-static@2.2.0@egg-static/config/config.default.js",
    "start": 1611306244935,
    "end": 1611306244936,
    "duration": 1,
    "pid": 13516,
    "index": 15
  },
  {
    "name": "Require(12) node_modules/_egg-view@2.1.3@egg-view/config/config.default.js",
    "start": 1611306244936,
    "end": 1611306244937,
    "duration": 1,
    "pid": 13516,
    "index": 16
  },
  {
    "name": "Require(13) node_modules/_egg-view-ejs@2.0.1@egg-view-ejs/config/config.default.js",
    "start": 1611306244937,
    "end": 1611306244938,
    "duration": 1,
    "pid": 13516,
    "index": 17
  },
  {
    "name": "Require(14) node_modules/_egg@2.29.1@egg/config/config.default.js",
    "start": 1611306244938,
    "end": 1611306244939,
    "duration": 1,
    "pid": 13516,
    "index": 18
  },
  {
    "name": "Require(15) config/config.default.js",
    "start": 1611306244940,
    "end": 1611306244940,
    "duration": 0,
    "pid": 13516,
    "index": 19
  },
  {
    "name": "Require(16) node_modules/_egg-security@2.8.0@egg-security/config/config.local.js",
    "start": 1611306244940,
    "end": 1611306244941,
    "duration": 1,
    "pid": 13516,
    "index": 20
  },
  {
    "name": "Require(17) node_modules/_egg-watcher@3.1.1@egg-watcher/config/config.local.js",
    "start": 1611306244942,
    "end": 1611306244942,
    "duration": 0,
    "pid": 13516,
    "index": 21
  },
  {
    "name": "Require(18) node_modules/_egg-view@2.1.3@egg-view/config/config.local.js",
    "start": 1611306244944,
    "end": 1611306244944,
    "duration": 0,
    "pid": 13516,
    "index": 22
  },
  {
    "name": "Require(19) node_modules/_egg-view-ejs@2.0.1@egg-view-ejs/config/config.local.js",
    "start": 1611306244944,
    "end": 1611306244945,
    "duration": 1,
    "pid": 13516,
    "index": 23
  },
  {
    "name": "Require(20) node_modules/_egg@2.29.1@egg/config/config.local.js",
    "start": 1611306244945,
    "end": 1611306244945,
    "duration": 0,
    "pid": 13516,
    "index": 24
  },
  {
    "name": "Load extend/application.js",
    "start": 1611306244947,
    "end": 1611306244963,
    "duration": 16,
    "pid": 13516,
    "index": 25
  },
  {
    "name": "Require(21) node_modules/_egg-session@3.2.0@egg-session/app/extend/application.js",
    "start": 1611306244947,
    "end": 1611306244948,
    "duration": 1,
    "pid": 13516,
    "index": 26
  },
  {
    "name": "Require(22) node_modules/_egg-security@2.8.0@egg-security/app/extend/application.js",
    "start": 1611306244948,
    "end": 1611306244949,
    "duration": 1,
    "pid": 13516,
    "index": 27
  },
  {
    "name": "Require(23) node_modules/_egg-jsonp@2.0.0@egg-jsonp/app/extend/application.js",
    "start": 1611306244950,
    "end": 1611306244952,
    "duration": 2,
    "pid": 13516,
    "index": 28
  },
  {
    "name": "Require(24) node_modules/_egg-logrotator@3.1.0@egg-logrotator/app/extend/application.js",
    "start": 1611306244954,
    "end": 1611306244956,
    "duration": 2,
    "pid": 13516,
    "index": 29
  },
  {
    "name": "Require(25) node_modules/_egg-view@2.1.3@egg-view/app/extend/application.js",
    "start": 1611306244957,
    "end": 1611306244959,
    "duration": 2,
    "pid": 13516,
    "index": 30
  },
  {
    "name": "Load extend/request.js",
    "start": 1611306244963,
    "end": 1611306244970,
    "duration": 7,
    "pid": 13516,
    "index": 31
  },
  {
    "name": "Require(26) node_modules/_egg@2.29.1@egg/app/extend/request.js",
    "start": 1611306244966,
    "end": 1611306244967,
    "duration": 1,
    "pid": 13516,
    "index": 32
  },
  {
    "name": "Load extend/response.js",
    "start": 1611306244970,
    "end": 1611306244981,
    "duration": 11,
    "pid": 13516,
    "index": 33
  },
  {
    "name": "Require(27) node_modules/_egg@2.29.1@egg/app/extend/response.js",
    "start": 1611306244976,
    "end": 1611306244978,
    "duration": 2,
    "pid": 13516,
    "index": 34
  },
  {
    "name": "Load extend/context.js",
    "start": 1611306244982,
    "end": 1611306245062,
    "duration": 80,
    "pid": 13516,
    "index": 35
  },
  {
    "name": "Require(28) node_modules/_egg-security@2.8.0@egg-security/app/extend/context.js",
    "start": 1611306244982,
    "end": 1611306244997,
    "duration": 15,
    "pid": 13516,
    "index": 36
  },
  {
    "name": "Require(29) node_modules/_egg-jsonp@2.0.0@egg-jsonp/app/extend/context.js",
    "start": 1611306244997,
    "end": 1611306244999,
    "duration": 2,
    "pid": 13516,
    "index": 37
  },
  {
    "name": "Require(30) node_modules/_egg-i18n@2.1.1@egg-i18n/app/extend/context.js",
    "start": 1611306245000,
    "end": 1611306245000,
    "duration": 0,
    "pid": 13516,
    "index": 38
  },
  {
    "name": "Require(31) node_modules/_egg-multipart@2.10.3@egg-multipart/app/extend/context.js",
    "start": 1611306245001,
    "end": 1611306245052,
    "duration": 51,
    "pid": 13516,
    "index": 39
  },
  {
    "name": "Require(32) node_modules/_egg-view@2.1.3@egg-view/app/extend/context.js",
    "start": 1611306245053,
    "end": 1611306245055,
    "duration": 2,
    "pid": 13516,
    "index": 40
  },
  {
    "name": "Require(33) node_modules/_egg@2.29.1@egg/app/extend/context.js",
    "start": 1611306245055,
    "end": 1611306245057,
    "duration": 2,
    "pid": 13516,
    "index": 41
  },
  {
    "name": "Load extend/helper.js",
    "start": 1611306245062,
    "end": 1611306245087,
    "duration": 25,
    "pid": 13516,
    "index": 42
  },
  {
    "name": "Require(34) node_modules/_egg-security@2.8.0@egg-security/app/extend/helper.js",
    "start": 1611306245063,
    "end": 1611306245081,
    "duration": 18,
    "pid": 13516,
    "index": 43
  },
  {
    "name": "Require(35) node_modules/_egg@2.29.1@egg/app/extend/helper.js",
    "start": 1611306245083,
    "end": 1611306245084,
    "duration": 1,
    "pid": 13516,
    "index": 44
  },
  {
    "name": "Load app.js",
    "start": 1611306245087,
    "end": 1611306245121,
    "duration": 34,
    "pid": 13516,
    "index": 45
  },
  {
    "name": "Require(36) node_modules/_egg-session@3.2.0@egg-session/app.js",
    "start": 1611306245088,
    "end": 1611306245088,
    "duration": 0,
    "pid": 13516,
    "index": 46
  },
  {
    "name": "Require(37) node_modules/_egg-security@2.8.0@egg-security/app.js",
    "start": 1611306245088,
    "end": 1611306245090,
    "duration": 2,
    "pid": 13516,
    "index": 47
  },
  {
    "name": "Require(38) node_modules/_egg-onerror@2.1.0@egg-onerror/app.js",
    "start": 1611306245091,
    "end": 1611306245101,
    "duration": 10,
    "pid": 13516,
    "index": 48
  },
  {
    "name": "Require(39) node_modules/_egg-i18n@2.1.1@egg-i18n/app.js",
    "start": 1611306245102,
    "end": 1611306245110,
    "duration": 8,
    "pid": 13516,
    "index": 49
  },
  {
    "name": "Require(40) node_modules/_egg-watcher@3.1.1@egg-watcher/app.js",
    "start": 1611306245110,
    "end": 1611306245114,
    "duration": 4,
    "pid": 13516,
    "index": 50
  },
  {
    "name": "Require(41) node_modules/_egg-schedule@3.6.6@egg-schedule/app.js",
    "start": 1611306245114,
    "end": 1611306245116,
    "duration": 2,
    "pid": 13516,
    "index": 51
  },
  {
    "name": "Require(42) node_modules/_egg-multipart@2.10.3@egg-multipart/app.js",
    "start": 1611306245117,
    "end": 1611306245117,
    "duration": 0,
    "pid": 13516,
    "index": 52
  },
  {
    "name": "Require(43) node_modules/_egg-development@2.7.0@egg-development/app.js",
    "start": 1611306245118,
    "end": 1611306245118,
    "duration": 0,
    "pid": 13516,
    "index": 53
  },
  {
    "name": "Require(44) node_modules/_egg-logrotator@3.1.0@egg-logrotator/app.js",
    "start": 1611306245118,
    "end": 1611306245118,
    "duration": 0,
    "pid": 13516,
    "index": 54
  },
  {
    "name": "Require(45) node_modules/_egg-static@2.2.0@egg-static/app.js",
    "start": 1611306245119,
    "end": 1611306245119,
    "duration": 0,
    "pid": 13516,
    "index": 55
  },
  {
    "name": "Require(46) node_modules/_egg-view-ejs@2.0.1@egg-view-ejs/app.js",
    "start": 1611306245120,
    "end": 1611306245120,
    "duration": 0,
    "pid": 13516,
    "index": 56
  },
  {
    "name": "Before Start in node_modules/_egg-watcher@3.1.1@egg-watcher/lib/init.js:15:14",
    "start": 1611306245129,
    "end": 1611306245318,
    "duration": 189,
    "pid": 13516,
    "index": 57
  },
  {
    "name": "Load Service",
    "start": 1611306245162,
    "end": 1611306245168,
    "duration": 6,
    "pid": 13516,
    "index": 58
  },
  {
    "name": "Load \"service\" to Context",
    "start": 1611306245162,
    "end": 1611306245168,
    "duration": 6,
    "pid": 13516,
    "index": 59
  },
  {
    "name": "Load Middleware",
    "start": 1611306245168,
    "end": 1611306245300,
    "duration": 132,
    "pid": 13516,
    "index": 60
  },
  {
    "name": "Load \"middlewares\" to Application",
    "start": 1611306245169,
    "end": 1611306245284,
    "duration": 115,
    "pid": 13516,
    "index": 61
  },
  {
    "name": "Load Controller",
    "start": 1611306245300,
    "end": 1611306245304,
    "duration": 4,
    "pid": 13516,
    "index": 62
  },
  {
    "name": "Load \"controller\" to Application",
    "start": 1611306245301,
    "end": 1611306245304,
    "duration": 3,
    "pid": 13516,
    "index": 63
  },
  {
    "name": "Load Router",
    "start": 1611306245304,
    "end": 1611306245306,
    "duration": 2,
    "pid": 13516,
    "index": 64
  },
  {
    "name": "Require(47) app/router.js",
    "start": 1611306245304,
    "end": 1611306245304,
    "duration": 0,
    "pid": 13516,
    "index": 65
  },
  {
    "name": "Before Start in node_modules/_egg-core@4.20.0@egg-core/lib/egg.js:303:10",
    "start": 1611306245304,
    "end": 1611306245312,
    "duration": 8,
    "pid": 13516,
    "index": 66
  }
]