[
  {
    "name": "Process Start",
    "start": 1611306246343,
    "end": 1611306247434,
    "duration": 1091,
    "pid": 5244,
    "index": 0
  },
  {
    "name": "Application Start",
    "start": 1611306247434,
    "end": 1611306247863,
    "duration": 429,
    "pid": 5244,
    "index": 1
  },
  {
    "name": "Load Plugin",
    "start": 1611306247439,
    "end": 1611306247460,
    "duration": 21,
    "pid": 5244,
    "index": 2
  },
  {
    "name": "Load Config",
    "start": 1611306247461,
    "end": 1611306247483,
    "duration": 22,
    "pid": 5244,
    "index": 3
  },
  {
    "name": "Require(0) config/config.default.js",
    "start": 1611306247461,
    "end": 1611306247462,
    "duration": 1,
    "pid": 5244,
    "index": 4
  },
  {
    "name": "Require(1) node_modules/_egg-session@3.2.0@egg-session/config/config.default.js",
    "start": 1611306247463,
    "end": 1611306247463,
    "duration": 0,
    "pid": 5244,
    "index": 5
  },
  {
    "name": "Require(2) node_modules/_egg-security@2.8.0@egg-security/config/config.default.js",
    "start": 1611306247464,
    "end": 1611306247464,
    "duration": 0,
    "pid": 5244,
    "index": 6
  },
  {
    "name": "Require(3) node_modules/_egg-jsonp@2.0.0@egg-jsonp/config/config.default.js",
    "start": 1611306247465,
    "end": 1611306247466,
    "duration": 1,
    "pid": 5244,
    "index": 7
  },
  {
    "name": "Require(4) node_modules/_egg-onerror@2.1.0@egg-onerror/config/config.default.js",
    "start": 1611306247466,
    "end": 1611306247467,
    "duration": 1,
    "pid": 5244,
    "index": 8
  },
  {
    "name": "Require(5) node_modules/_egg-i18n@2.1.1@egg-i18n/config/config.default.js",
    "start": 1611306247467,
    "end": 1611306247467,
    "duration": 0,
    "pid": 5244,
    "index": 9
  },
  {
    "name": "Require(6) node_modules/_egg-watcher@3.1.1@egg-watcher/config/config.default.js",
    "start": 1611306247468,
    "end": 1611306247469,
    "duration": 1,
    "pid": 5244,
    "index": 10
  },
  {
    "name": "Require(7) node_modules/_egg-schedule@3.6.6@egg-schedule/config/config.default.js",
    "start": 1611306247469,
    "end": 1611306247470,
    "duration": 1,
    "pid": 5244,
    "index": 11
  },
  {
    "name": "Require(8) node_modules/_egg-multipart@2.10.3@egg-multipart/config/config.default.js",
    "start": 1611306247470,
    "end": 1611306247471,
    "duration": 1,
    "pid": 5244,
    "index": 12
  },
  {
    "name": "Require(9) node_modules/_egg-development@2.7.0@egg-development/config/config.default.js",
    "start": 1611306247471,
    "end": 1611306247472,
    "duration": 1,
    "pid": 5244,
    "index": 13
  },
  {
    "name": "Require(10) node_modules/_egg-logrotator@3.1.0@egg-logrotator/config/config.default.js",
    "start": 1611306247472,
    "end": 1611306247473,
    "duration": 1,
    "pid": 5244,
    "index": 14
  },
  {
    "name": "Require(11) node_modules/_egg-static@2.2.0@egg-static/config/config.default.js",
    "start": 1611306247473,
    "end": 1611306247474,
    "duration": 1,
    "pid": 5244,
    "index": 15
  },
  {
    "name": "Require(12) node_modules/_egg-view@2.1.3@egg-view/config/config.default.js",
    "start": 1611306247474,
    "end": 1611306247475,
    "duration": 1,
    "pid": 5244,
    "index": 16
  },
  {
    "name": "Require(13) node_modules/_egg-view-ejs@2.0.1@egg-view-ejs/config/config.default.js",
    "start": 1611306247476,
    "end": 1611306247476,
    "duration": 0,
    "pid": 5244,
    "index": 17
  },
  {
    "name": "Require(14) node_modules/_egg@2.29.1@egg/config/config.default.js",
    "start": 1611306247476,
    "end": 1611306247477,
    "duration": 1,
    "pid": 5244,
    "index": 18
  },
  {
    "name": "Require(15) config/config.default.js",
    "start": 1611306247478,
    "end": 1611306247478,
    "duration": 0,
    "pid": 5244,
    "index": 19
  },
  {
    "name": "Require(16) node_modules/_egg-security@2.8.0@egg-security/config/config.local.js",
    "start": 1611306247479,
    "end": 1611306247479,
    "duration": 0,
    "pid": 5244,
    "index": 20
  },
  {
    "name": "Require(17) node_modules/_egg-watcher@3.1.1@egg-watcher/config/config.local.js",
    "start": 1611306247480,
    "end": 1611306247480,
    "duration": 0,
    "pid": 5244,
    "index": 21
  },
  {
    "name": "Require(18) node_modules/_egg-view@2.1.3@egg-view/config/config.local.js",
    "start": 1611306247482,
    "end": 1611306247482,
    "duration": 0,
    "pid": 5244,
    "index": 22
  },
  {
    "name": "Require(19) node_modules/_egg-view-ejs@2.0.1@egg-view-ejs/config/config.local.js",
    "start": 1611306247482,
    "end": 1611306247483,
    "duration": 1,
    "pid": 5244,
    "index": 23
  },
  {
    "name": "Require(20) node_modules/_egg@2.29.1@egg/config/config.local.js",
    "start": 1611306247483,
    "end": 1611306247483,
    "duration": 0,
    "pid": 5244,
    "index": 24
  },
  {
    "name": "Load extend/application.js",
    "start": 1611306247484,
    "end": 1611306247502,
    "duration": 18,
    "pid": 5244,
    "index": 25
  },
  {
    "name": "Require(21) node_modules/_egg-session@3.2.0@egg-session/app/extend/application.js",
    "start": 1611306247485,
    "end": 1611306247485,
    "duration": 0,
    "pid": 5244,
    "index": 26
  },
  {
    "name": "Require(22) node_modules/_egg-security@2.8.0@egg-security/app/extend/application.js",
    "start": 1611306247486,
    "end": 1611306247487,
    "duration": 1,
    "pid": 5244,
    "index": 27
  },
  {
    "name": "Require(23) node_modules/_egg-jsonp@2.0.0@egg-jsonp/app/extend/application.js",
    "start": 1611306247488,
    "end": 1611306247490,
    "duration": 2,
    "pid": 5244,
    "index": 28
  },
  {
    "name": "Require(24) node_modules/_egg-logrotator@3.1.0@egg-logrotator/app/extend/application.js",
    "start": 1611306247492,
    "end": 1611306247495,
    "duration": 3,
    "pid": 5244,
    "index": 29
  },
  {
    "name": "Require(25) node_modules/_egg-view@2.1.3@egg-view/app/extend/application.js",
    "start": 1611306247496,
    "end": 1611306247498,
    "duration": 2,
    "pid": 5244,
    "index": 30
  },
  {
    "name": "Load extend/request.js",
    "start": 1611306247502,
    "end": 1611306247510,
    "duration": 8,
    "pid": 5244,
    "index": 31
  },
  {
    "name": "Require(26) node_modules/_egg@2.29.1@egg/app/extend/request.js",
    "start": 1611306247505,
    "end": 1611306247507,
    "duration": 2,
    "pid": 5244,
    "index": 32
  },
  {
    "name": "Load extend/response.js",
    "start": 1611306247510,
    "end": 1611306247520,
    "duration": 10,
    "pid": 5244,
    "index": 33
  },
  {
    "name": "Require(27) node_modules/_egg@2.29.1@egg/app/extend/response.js",
    "start": 1611306247515,
    "end": 1611306247517,
    "duration": 2,
    "pid": 5244,
    "index": 34
  },
  {
    "name": "Load extend/context.js",
    "start": 1611306247521,
    "end": 1611306247596,
    "duration": 75,
    "pid": 5244,
    "index": 35
  },
  {
    "name": "Require(28) node_modules/_egg-security@2.8.0@egg-security/app/extend/context.js",
    "start": 1611306247521,
    "end": 1611306247535,
    "duration": 14,
    "pid": 5244,
    "index": 36
  },
  {
    "name": "Require(29) node_modules/_egg-jsonp@2.0.0@egg-jsonp/app/extend/context.js",
    "start": 1611306247536,
    "end": 1611306247538,
    "duration": 2,
    "pid": 5244,
    "index": 37
  },
  {
    "name": "Require(30) node_modules/_egg-i18n@2.1.1@egg-i18n/app/extend/context.js",
    "start": 1611306247538,
    "end": 1611306247539,
    "duration": 1,
    "pid": 5244,
    "index": 38
  },
  {
    "name": "Require(31) node_modules/_egg-multipart@2.10.3@egg-multipart/app/extend/context.js",
    "start": 1611306247540,
    "end": 1611306247588,
    "duration": 48,
    "pid": 5244,
    "index": 39
  },
  {
    "name": "Require(32) node_modules/_egg-view@2.1.3@egg-view/app/extend/context.js",
    "start": 1611306247589,
    "end": 1611306247590,
    "duration": 1,
    "pid": 5244,
    "index": 40
  },
  {
    "name": "Require(33) node_modules/_egg@2.29.1@egg/app/extend/context.js",
    "start": 1611306247591,
    "end": 1611306247592,
    "duration": 1,
    "pid": 5244,
    "index": 41
  },
  {
    "name": "Load extend/helper.js",
    "start": 1611306247596,
    "end": 1611306247621,
    "duration": 25,
    "pid": 5244,
    "index": 42
  },
  {
    "name": "Require(34) node_modules/_egg-security@2.8.0@egg-security/app/extend/helper.js",
    "start": 1611306247596,
    "end": 1611306247614,
    "duration": 18,
    "pid": 5244,
    "index": 43
  },
  {
    "name": "Require(35) node_modules/_egg@2.29.1@egg/app/extend/helper.js",
    "start": 1611306247617,
    "end": 1611306247617,
    "duration": 0,
    "pid": 5244,
    "index": 44
  },
  {
    "name": "Load app.js",
    "start": 1611306247621,
    "end": 1611306247662,
    "duration": 41,
    "pid": 5244,
    "index": 45
  },
  {
    "name": "Require(36) node_modules/_egg-session@3.2.0@egg-session/app.js",
    "start": 1611306247621,
    "end": 1611306247622,
    "duration": 1,
    "pid": 5244,
    "index": 46
  },
  {
    "name": "Require(37) node_modules/_egg-security@2.8.0@egg-security/app.js",
    "start": 1611306247622,
    "end": 1611306247624,
    "duration": 2,
    "pid": 5244,
    "index": 47
  },
  {
    "name": "Require(38) node_modules/_egg-onerror@2.1.0@egg-onerror/app.js",
    "start": 1611306247625,
    "end": 1611306247637,
    "duration": 12,
    "pid": 5244,
    "index": 48
  },
  {
    "name": "Require(39) node_modules/_egg-i18n@2.1.1@egg-i18n/app.js",
    "start": 1611306247637,
    "end": 1611306247649,
    "duration": 12,
    "pid": 5244,
    "index": 49
  },
  {
    "name": "Require(40) node_modules/_egg-watcher@3.1.1@egg-watcher/app.js",
    "start": 1611306247649,
    "end": 1611306247654,
    "duration": 5,
    "pid": 5244,
    "index": 50
  },
  {
    "name": "Require(41) node_modules/_egg-schedule@3.6.6@egg-schedule/app.js",
    "start": 1611306247655,
    "end": 1611306247657,
    "duration": 2,
    "pid": 5244,
    "index": 51
  },
  {
    "name": "Require(42) node_modules/_egg-multipart@2.10.3@egg-multipart/app.js",
    "start": 1611306247657,
    "end": 1611306247658,
    "duration": 1,
    "pid": 5244,
    "index": 52
  },
  {
    "name": "Require(43) node_modules/_egg-development@2.7.0@egg-development/app.js",
    "start": 1611306247659,
    "end": 1611306247659,
    "duration": 0,
    "pid": 5244,
    "index": 53
  },
  {
    "name": "Require(44) node_modules/_egg-logrotator@3.1.0@egg-logrotator/app.js",
    "start": 1611306247659,
    "end": 1611306247660,
    "duration": 1,
    "pid": 5244,
    "index": 54
  },
  {
    "name": "Require(45) node_modules/_egg-static@2.2.0@egg-static/app.js",
    "start": 1611306247660,
    "end": 1611306247660,
    "duration": 0,
    "pid": 5244,
    "index": 55
  },
  {
    "name": "Require(46) node_modules/_egg-view-ejs@2.0.1@egg-view-ejs/app.js",
    "start": 1611306247661,
    "end": 1611306247661,
    "duration": 0,
    "pid": 5244,
    "index": 56
  },
  {
    "name": "Before Start in node_modules/_egg-watcher@3.1.1@egg-watcher/lib/init.js:15:14",
    "start": 1611306247670,
    "end": 1611306247863,
    "duration": 193,
    "pid": 5244,
    "index": 57
  },
  {
    "name": "Load Service",
    "start": 1611306247704,
    "end": 1611306247710,
    "duration": 6,
    "pid": 5244,
    "index": 58
  },
  {
    "name": "Load \"service\" to Context",
    "start": 1611306247704,
    "end": 1611306247710,
    "duration": 6,
    "pid": 5244,
    "index": 59
  },
  {
    "name": "Load Middleware",
    "start": 1611306247711,
    "end": 1611306247845,
    "duration": 134,
    "pid": 5244,
    "index": 60
  },
  {
    "name": "Load \"middlewares\" to Application",
    "start": 1611306247711,
    "end": 1611306247830,
    "duration": 119,
    "pid": 5244,
    "index": 61
  },
  {
    "name": "Load Controller",
    "start": 1611306247845,
    "end": 1611306247848,
    "duration": 3,
    "pid": 5244,
    "index": 62
  },
  {
    "name": "Load \"controller\" to Application",
    "start": 1611306247845,
    "end": 1611306247848,
    "duration": 3,
    "pid": 5244,
    "index": 63
  },
  {
    "name": "Load Router",
    "start": 1611306247848,
    "end": 1611306247850,
    "duration": 2,
    "pid": 5244,
    "index": 64
  },
  {
    "name": "Require(47) app/router.js",
    "start": 1611306247848,
    "end": 1611306247849,
    "duration": 1,
    "pid": 5244,
    "index": 65
  },
  {
    "name": "Before Start in node_modules/_egg-core@4.20.0@egg-core/lib/egg.js:303:10",
    "start": 1611306247849,
    "end": 1611306247856,
    "duration": 7,
    "pid": 5244,
    "index": 66
  }
]