[
  {
    "name": "Process Start",
    "start": 1611306316090,
    "end": 1611306317108,
    "duration": 1018,
    "pid": 14780,
    "index": 0
  },
  {
    "name": "Application Start",
    "start": 1611306317108,
    "end": 1611306317530,
    "duration": 422,
    "pid": 14780,
    "index": 1
  },
  {
    "name": "Load Plugin",
    "start": 1611306317112,
    "end": 1611306317133,
    "duration": 21,
    "pid": 14780,
    "index": 2
  },
  {
    "name": "Load Config",
    "start": 1611306317133,
    "end": 1611306317153,
    "duration": 20,
    "pid": 14780,
    "index": 3
  },
  {
    "name": "Require(0) config/config.default.js",
    "start": 1611306317134,
    "end": 1611306317134,
    "duration": 0,
    "pid": 14780,
    "index": 4
  },
  {
    "name": "Require(1) node_modules/_egg-session@3.2.0@egg-session/config/config.default.js",
    "start": 1611306317135,
    "end": 1611306317136,
    "duration": 1,
    "pid": 14780,
    "index": 5
  },
  {
    "name": "Require(2) node_modules/_egg-security@2.8.0@egg-security/config/config.default.js",
    "start": 1611306317136,
    "end": 1611306317136,
    "duration": 0,
    "pid": 14780,
    "index": 6
  },
  {
    "name": "Require(3) node_modules/_egg-jsonp@2.0.0@egg-jsonp/config/config.default.js",
    "start": 1611306317137,
    "end": 1611306317138,
    "duration": 1,
    "pid": 14780,
    "index": 7
  },
  {
    "name": "Require(4) node_modules/_egg-onerror@2.1.0@egg-onerror/config/config.default.js",
    "start": 1611306317138,
    "end": 1611306317139,
    "duration": 1,
    "pid": 14780,
    "index": 8
  },
  {
    "name": "Require(5) node_modules/_egg-i18n@2.1.1@egg-i18n/config/config.default.js",
    "start": 1611306317139,
    "end": 1611306317139,
    "duration": 0,
    "pid": 14780,
    "index": 9
  },
  {
    "name": "Require(6) node_modules/_egg-watcher@3.1.1@egg-watcher/config/config.default.js",
    "start": 1611306317140,
    "end": 1611306317140,
    "duration": 0,
    "pid": 14780,
    "index": 10
  },
  {
    "name": "Require(7) node_modules/_egg-schedule@3.6.6@egg-schedule/config/config.default.js",
    "start": 1611306317141,
    "end": 1611306317141,
    "duration": 0,
    "pid": 14780,
    "index": 11
  },
  {
    "name": "Require(8) node_modules/_egg-multipart@2.10.3@egg-multipart/config/config.default.js",
    "start": 1611306317142,
    "end": 1611306317142,
    "duration": 0,
    "pid": 14780,
    "index": 12
  },
  {
    "name": "Require(9) node_modules/_egg-development@2.7.0@egg-development/config/config.default.js",
    "start": 1611306317143,
    "end": 1611306317143,
    "duration": 0,
    "pid": 14780,
    "index": 13
  },
  {
    "name": "Require(10) node_modules/_egg-logrotator@3.1.0@egg-logrotator/config/config.default.js",
    "start": 1611306317143,
    "end": 1611306317144,
    "duration": 1,
    "pid": 14780,
    "index": 14
  },
  {
    "name": "Require(11) node_modules/_egg-static@2.2.0@egg-static/config/config.default.js",
    "start": 1611306317144,
    "end": 1611306317145,
    "duration": 1,
    "pid": 14780,
    "index": 15
  },
  {
    "name": "Require(12) node_modules/_egg-view@2.1.3@egg-view/config/config.default.js",
    "start": 1611306317145,
    "end": 1611306317146,
    "duration": 1,
    "pid": 14780,
    "index": 16
  },
  {
    "name": "Require(13) node_modules/_egg-view-ejs@2.0.1@egg-view-ejs/config/config.default.js",
    "start": 1611306317146,
    "end": 1611306317146,
    "duration": 0,
    "pid": 14780,
    "index": 17
  },
  {
    "name": "Require(14) node_modules/_egg@2.29.1@egg/config/config.default.js",
    "start": 1611306317147,
    "end": 1611306317147,
    "duration": 0,
    "pid": 14780,
    "index": 18
  },
  {
    "name": "Require(15) config/config.default.js",
    "start": 1611306317148,
    "end": 1611306317148,
    "duration": 0,
    "pid": 14780,
    "index": 19
  },
  {
    "name": "Require(16) node_modules/_egg-security@2.8.0@egg-security/config/config.local.js",
    "start": 1611306317149,
    "end": 1611306317149,
    "duration": 0,
    "pid": 14780,
    "index": 20
  },
  {
    "name": "Require(17) node_modules/_egg-watcher@3.1.1@egg-watcher/config/config.local.js",
    "start": 1611306317150,
    "end": 1611306317150,
    "duration": 0,
    "pid": 14780,
    "index": 21
  },
  {
    "name": "Require(18) node_modules/_egg-view@2.1.3@egg-view/config/config.local.js",
    "start": 1611306317151,
    "end": 1611306317152,
    "duration": 1,
    "pid": 14780,
    "index": 22
  },
  {
    "name": "Require(19) node_modules/_egg-view-ejs@2.0.1@egg-view-ejs/config/config.local.js",
    "start": 1611306317152,
    "end": 1611306317152,
    "duration": 0,
    "pid": 14780,
    "index": 23
  },
  {
    "name": "Require(20) node_modules/_egg@2.29.1@egg/config/config.local.js",
    "start": 1611306317152,
    "end": 1611306317153,
    "duration": 1,
    "pid": 14780,
    "index": 24
  },
  {
    "name": "Load extend/application.js",
    "start": 1611306317154,
    "end": 1611306317169,
    "duration": 15,
    "pid": 14780,
    "index": 25
  },
  {
    "name": "Require(21) node_modules/_egg-session@3.2.0@egg-session/app/extend/application.js",
    "start": 1611306317154,
    "end": 1611306317155,
    "duration": 1,
    "pid": 14780,
    "index": 26
  },
  {
    "name": "Require(22) node_modules/_egg-security@2.8.0@egg-security/app/extend/application.js",
    "start": 1611306317155,
    "end": 1611306317156,
    "duration": 1,
    "pid": 14780,
    "index": 27
  },
  {
    "name": "Require(23) node_modules/_egg-jsonp@2.0.0@egg-jsonp/app/extend/application.js",
    "start": 1611306317156,
    "end": 1611306317158,
    "duration": 2,
    "pid": 14780,
    "index": 28
  },
  {
    "name": "Require(24) node_modules/_egg-logrotator@3.1.0@egg-logrotator/app/extend/application.js",
    "start": 1611306317160,
    "end": 1611306317163,
    "duration": 3,
    "pid": 14780,
    "index": 29
  },
  {
    "name": "Require(25) node_modules/_egg-view@2.1.3@egg-view/app/extend/application.js",
    "start": 1611306317164,
    "end": 1611306317166,
    "duration": 2,
    "pid": 14780,
    "index": 30
  },
  {
    "name": "Load extend/request.js",
    "start": 1611306317169,
    "end": 1611306317176,
    "duration": 7,
    "pid": 14780,
    "index": 31
  },
  {
    "name": "Require(26) node_modules/_egg@2.29.1@egg/app/extend/request.js",
    "start": 1611306317171,
    "end": 1611306317173,
    "duration": 2,
    "pid": 14780,
    "index": 32
  },
  {
    "name": "Load extend/response.js",
    "start": 1611306317176,
    "end": 1611306317185,
    "duration": 9,
    "pid": 14780,
    "index": 33
  },
  {
    "name": "Require(27) node_modules/_egg@2.29.1@egg/app/extend/response.js",
    "start": 1611306317180,
    "end": 1611306317182,
    "duration": 2,
    "pid": 14780,
    "index": 34
  },
  {
    "name": "Load extend/context.js",
    "start": 1611306317185,
    "end": 1611306317263,
    "duration": 78,
    "pid": 14780,
    "index": 35
  },
  {
    "name": "Require(28) node_modules/_egg-security@2.8.0@egg-security/app/extend/context.js",
    "start": 1611306317185,
    "end": 1611306317199,
    "duration": 14,
    "pid": 14780,
    "index": 36
  },
  {
    "name": "Require(29) node_modules/_egg-jsonp@2.0.0@egg-jsonp/app/extend/context.js",
    "start": 1611306317199,
    "end": 1611306317201,
    "duration": 2,
    "pid": 14780,
    "index": 37
  },
  {
    "name": "Require(30) node_modules/_egg-i18n@2.1.1@egg-i18n/app/extend/context.js",
    "start": 1611306317201,
    "end": 1611306317202,
    "duration": 1,
    "pid": 14780,
    "index": 38
  },
  {
    "name": "Require(31) node_modules/_egg-multipart@2.10.3@egg-multipart/app/extend/context.js",
    "start": 1611306317203,
    "end": 1611306317255,
    "duration": 52,
    "pid": 14780,
    "index": 39
  },
  {
    "name": "Require(32) node_modules/_egg-view@2.1.3@egg-view/app/extend/context.js",
    "start": 1611306317256,
    "end": 1611306317257,
    "duration": 1,
    "pid": 14780,
    "index": 40
  },
  {
    "name": "Require(33) node_modules/_egg@2.29.1@egg/app/extend/context.js",
    "start": 1611306317258,
    "end": 1611306317260,
    "duration": 2,
    "pid": 14780,
    "index": 41
  },
  {
    "name": "Load extend/helper.js",
    "start": 1611306317263,
    "end": 1611306317286,
    "duration": 23,
    "pid": 14780,
    "index": 42
  },
  {
    "name": "Require(34) node_modules/_egg-security@2.8.0@egg-security/app/extend/helper.js",
    "start": 1611306317264,
    "end": 1611306317280,
    "duration": 16,
    "pid": 14780,
    "index": 43
  },
  {
    "name": "Require(35) node_modules/_egg@2.29.1@egg/app/extend/helper.js",
    "start": 1611306317283,
    "end": 1611306317283,
    "duration": 0,
    "pid": 14780,
    "index": 44
  },
  {
    "name": "Load app.js",
    "start": 1611306317286,
    "end": 1611306317320,
    "duration": 34,
    "pid": 14780,
    "index": 45
  },
  {
    "name": "Require(36) node_modules/_egg-session@3.2.0@egg-session/app.js",
    "start": 1611306317287,
    "end": 1611306317287,
    "duration": 0,
    "pid": 14780,
    "index": 46
  },
  {
    "name": "Require(37) node_modules/_egg-security@2.8.0@egg-security/app.js",
    "start": 1611306317287,
    "end": 1611306317289,
    "duration": 2,
    "pid": 14780,
    "index": 47
  },
  {
    "name": "Require(38) node_modules/_egg-onerror@2.1.0@egg-onerror/app.js",
    "start": 1611306317290,
    "end": 1611306317300,
    "duration": 10,
    "pid": 14780,
    "index": 48
  },
  {
    "name": "Require(39) node_modules/_egg-i18n@2.1.1@egg-i18n/app.js",
    "start": 1611306317300,
    "end": 1611306317308,
    "duration": 8,
    "pid": 14780,
    "index": 49
  },
  {
    "name": "Require(40) node_modules/_egg-watcher@3.1.1@egg-watcher/app.js",
    "start": 1611306317308,
    "end": 1611306317312,
    "duration": 4,
    "pid": 14780,
    "index": 50
  },
  {
    "name": "Require(41) node_modules/_egg-schedule@3.6.6@egg-schedule/app.js",
    "start": 1611306317313,
    "end": 1611306317314,
    "duration": 1,
    "pid": 14780,
    "index": 51
  },
  {
    "name": "Require(42) node_modules/_egg-multipart@2.10.3@egg-multipart/app.js",
    "start": 1611306317315,
    "end": 1611306317315,
    "duration": 0,
    "pid": 14780,
    "index": 52
  },
  {
    "name": "Require(43) node_modules/_egg-development@2.7.0@egg-development/app.js",
    "start": 1611306317316,
    "end": 1611306317316,
    "duration": 0,
    "pid": 14780,
    "index": 53
  },
  {
    "name": "Require(44) node_modules/_egg-logrotator@3.1.0@egg-logrotator/app.js",
    "start": 1611306317317,
    "end": 1611306317317,
    "duration": 0,
    "pid": 14780,
    "index": 54
  },
  {
    "name": "Require(45) node_modules/_egg-static@2.2.0@egg-static/app.js",
    "start": 1611306317317,
    "end": 1611306317317,
    "duration": 0,
    "pid": 14780,
    "index": 55
  },
  {
    "name": "Require(46) node_modules/_egg-view-ejs@2.0.1@egg-view-ejs/app.js",
    "start": 1611306317318,
    "end": 1611306317318,
    "duration": 0,
    "pid": 14780,
    "index": 56
  },
  {
    "name": "Before Start in node_modules/_egg-watcher@3.1.1@egg-watcher/lib/init.js:15:14",
    "start": 1611306317328,
    "end": 1611306317530,
    "duration": 202,
    "pid": 14780,
    "index": 57
  },
  {
    "name": "Load Service",
    "start": 1611306317361,
    "end": 1611306317366,
    "duration": 5,
    "pid": 14780,
    "index": 58
  },
  {
    "name": "Load \"service\" to Context",
    "start": 1611306317361,
    "end": 1611306317366,
    "duration": 5,
    "pid": 14780,
    "index": 59
  },
  {
    "name": "Load Middleware",
    "start": 1611306317367,
    "end": 1611306317511,
    "duration": 144,
    "pid": 14780,
    "index": 60
  },
  {
    "name": "Load \"middlewares\" to Application",
    "start": 1611306317367,
    "end": 1611306317492,
    "duration": 125,
    "pid": 14780,
    "index": 61
  },
  {
    "name": "Load Controller",
    "start": 1611306317511,
    "end": 1611306317514,
    "duration": 3,
    "pid": 14780,
    "index": 62
  },
  {
    "name": "Load \"controller\" to Application",
    "start": 1611306317511,
    "end": 1611306317514,
    "duration": 3,
    "pid": 14780,
    "index": 63
  },
  {
    "name": "Load Router",
    "start": 1611306317514,
    "end": 1611306317517,
    "duration": 3,
    "pid": 14780,
    "index": 64
  },
  {
    "name": "Require(47) app/router.js",
    "start": 1611306317514,
    "end": 1611306317514,
    "duration": 0,
    "pid": 14780,
    "index": 65
  },
  {
    "name": "Before Start in node_modules/_egg-core@4.20.0@egg-core/lib/egg.js:303:10",
    "start": 1611306317515,
    "end": 1611306317523,
    "duration": 8,
    "pid": 14780,
    "index": 66
  }
]