[
  {
    "name": "Process Start",
    "start": 1611306227528,
    "end": 1611306228735,
    "duration": 1207,
    "pid": 11072,
    "index": 0
  },
  {
    "name": "Application Start",
    "start": 1611306228735,
    "end": 1611306229193,
    "duration": 458,
    "pid": 11072,
    "index": 1
  },
  {
    "name": "Load Plugin",
    "start": 1611306228740,
    "end": 1611306228764,
    "duration": 24,
    "pid": 11072,
    "index": 2
  },
  {
    "name": "Load Config",
    "start": 1611306228764,
    "end": 1611306228790,
    "duration": 26,
    "pid": 11072,
    "index": 3
  },
  {
    "name": "Require(0) config/config.default.js",
    "start": 1611306228765,
    "end": 1611306228766,
    "duration": 1,
    "pid": 11072,
    "index": 4
  },
  {
    "name": "Require(1) node_modules/_egg-session@3.2.0@egg-session/config/config.default.js",
    "start": 1611306228767,
    "end": 1611306228768,
    "duration": 1,
    "pid": 11072,
    "index": 5
  },
  {
    "name": "Require(2) node_modules/_egg-security@2.8.0@egg-security/config/config.default.js",
    "start": 1611306228768,
    "end": 1611306228769,
    "duration": 1,
    "pid": 11072,
    "index": 6
  },
  {
    "name": "Require(3) node_modules/_egg-jsonp@2.0.0@egg-jsonp/config/config.default.js",
    "start": 1611306228770,
    "end": 1611306228770,
    "duration": 0,
    "pid": 11072,
    "index": 7
  },
  {
    "name": "Require(4) node_modules/_egg-onerror@2.1.0@egg-onerror/config/config.default.js",
    "start": 1611306228771,
    "end": 1611306228771,
    "duration": 0,
    "pid": 11072,
    "index": 8
  },
  {
    "name": "Require(5) node_modules/_egg-i18n@2.1.1@egg-i18n/config/config.default.js",
    "start": 1611306228772,
    "end": 1611306228772,
    "duration": 0,
    "pid": 11072,
    "index": 9
  },
  {
    "name": "Require(6) node_modules/_egg-watcher@3.1.1@egg-watcher/config/config.default.js",
    "start": 1611306228773,
    "end": 1611306228774,
    "duration": 1,
    "pid": 11072,
    "index": 10
  },
  {
    "name": "Require(7) node_modules/_egg-schedule@3.6.6@egg-schedule/config/config.default.js",
    "start": 1611306228775,
    "end": 1611306228775,
    "duration": 0,
    "pid": 11072,
    "index": 11
  },
  {
    "name": "Require(8) node_modules/_egg-multipart@2.10.3@egg-multipart/config/config.default.js",
    "start": 1611306228776,
    "end": 1611306228777,
    "duration": 1,
    "pid": 11072,
    "index": 12
  },
  {
    "name": "Require(9) node_modules/_egg-development@2.7.0@egg-development/config/config.default.js",
    "start": 1611306228778,
    "end": 1611306228779,
    "duration": 1,
    "pid": 11072,
    "index": 13
  },
  {
    "name": "Require(10) node_modules/_egg-logrotator@3.1.0@egg-logrotator/config/config.default.js",
    "start": 1611306228779,
    "end": 1611306228780,
    "duration": 1,
    "pid": 11072,
    "index": 14
  },
  {
    "name": "Require(11) node_modules/_egg-static@2.2.0@egg-static/config/config.default.js",
    "start": 1611306228780,
    "end": 1611306228781,
    "duration": 1,
    "pid": 11072,
    "index": 15
  },
  {
    "name": "Require(12) node_modules/_egg-view@2.1.3@egg-view/config/config.default.js",
    "start": 1611306228781,
    "end": 1611306228782,
    "duration": 1,
    "pid": 11072,
    "index": 16
  },
  {
    "name": "Require(13) node_modules/_egg-view-ejs@2.0.1@egg-view-ejs/config/config.default.js",
    "start": 1611306228782,
    "end": 1611306228783,
    "duration": 1,
    "pid": 11072,
    "index": 17
  },
  {
    "name": "Require(14) node_modules/_egg@2.29.1@egg/config/config.default.js",
    "start": 1611306228783,
    "end": 1611306228784,
    "duration": 1,
    "pid": 11072,
    "index": 18
  },
  {
    "name": "Require(15) config/config.default.js",
    "start": 1611306228785,
    "end": 1611306228785,
    "duration": 0,
    "pid": 11072,
    "index": 19
  },
  {
    "name": "Require(16) node_modules/_egg-security@2.8.0@egg-security/config/config.local.js",
    "start": 1611306228786,
    "end": 1611306228786,
    "duration": 0,
    "pid": 11072,
    "index": 20
  },
  {
    "name": "Require(17) node_modules/_egg-watcher@3.1.1@egg-watcher/config/config.local.js",
    "start": 1611306228787,
    "end": 1611306228787,
    "duration": 0,
    "pid": 11072,
    "index": 21
  },
  {
    "name": "Require(18) node_modules/_egg-view@2.1.3@egg-view/config/config.local.js",
    "start": 1611306228789,
    "end": 1611306228789,
    "duration": 0,
    "pid": 11072,
    "index": 22
  },
  {
    "name": "Require(19) node_modules/_egg-view-ejs@2.0.1@egg-view-ejs/config/config.local.js",
    "start": 1611306228789,
    "end": 1611306228789,
    "duration": 0,
    "pid": 11072,
    "index": 23
  },
  {
    "name": "Require(20) node_modules/_egg@2.29.1@egg/config/config.local.js",
    "start": 1611306228790,
    "end": 1611306228790,
    "duration": 0,
    "pid": 11072,
    "index": 24
  },
  {
    "name": "Load extend/application.js",
    "start": 1611306228791,
    "end": 1611306228807,
    "duration": 16,
    "pid": 11072,
    "index": 25
  },
  {
    "name": "Require(21) node_modules/_egg-session@3.2.0@egg-session/app/extend/application.js",
    "start": 1611306228792,
    "end": 1611306228792,
    "duration": 0,
    "pid": 11072,
    "index": 26
  },
  {
    "name": "Require(22) node_modules/_egg-security@2.8.0@egg-security/app/extend/application.js",
    "start": 1611306228793,
    "end": 1611306228794,
    "duration": 1,
    "pid": 11072,
    "index": 27
  },
  {
    "name": "Require(23) node_modules/_egg-jsonp@2.0.0@egg-jsonp/app/extend/application.js",
    "start": 1611306228795,
    "end": 1611306228797,
    "duration": 2,
    "pid": 11072,
    "index": 28
  },
  {
    "name": "Require(24) node_modules/_egg-logrotator@3.1.0@egg-logrotator/app/extend/application.js",
    "start": 1611306228799,
    "end": 1611306228801,
    "duration": 2,
    "pid": 11072,
    "index": 29
  },
  {
    "name": "Require(25) node_modules/_egg-view@2.1.3@egg-view/app/extend/application.js",
    "start": 1611306228802,
    "end": 1611306228804,
    "duration": 2,
    "pid": 11072,
    "index": 30
  },
  {
    "name": "Load extend/request.js",
    "start": 1611306228808,
    "end": 1611306228818,
    "duration": 10,
    "pid": 11072,
    "index": 31
  },
  {
    "name": "Require(26) node_modules/_egg@2.29.1@egg/app/extend/request.js",
    "start": 1611306228811,
    "end": 1611306228813,
    "duration": 2,
    "pid": 11072,
    "index": 32
  },
  {
    "name": "Load extend/response.js",
    "start": 1611306228818,
    "end": 1611306228826,
    "duration": 8,
    "pid": 11072,
    "index": 33
  },
  {
    "name": "Require(27) node_modules/_egg@2.29.1@egg/app/extend/response.js",
    "start": 1611306228820,
    "end": 1611306228823,
    "duration": 3,
    "pid": 11072,
    "index": 34
  },
  {
    "name": "Load extend/context.js",
    "start": 1611306228826,
    "end": 1611306228908,
    "duration": 82,
    "pid": 11072,
    "index": 35
  },
  {
    "name": "Require(28) node_modules/_egg-security@2.8.0@egg-security/app/extend/context.js",
    "start": 1611306228827,
    "end": 1611306228843,
    "duration": 16,
    "pid": 11072,
    "index": 36
  },
  {
    "name": "Require(29) node_modules/_egg-jsonp@2.0.0@egg-jsonp/app/extend/context.js",
    "start": 1611306228844,
    "end": 1611306228846,
    "duration": 2,
    "pid": 11072,
    "index": 37
  },
  {
    "name": "Require(30) node_modules/_egg-i18n@2.1.1@egg-i18n/app/extend/context.js",
    "start": 1611306228846,
    "end": 1611306228847,
    "duration": 1,
    "pid": 11072,
    "index": 38
  },
  {
    "name": "Require(31) node_modules/_egg-multipart@2.10.3@egg-multipart/app/extend/context.js",
    "start": 1611306228847,
    "end": 1611306228901,
    "duration": 54,
    "pid": 11072,
    "index": 39
  },
  {
    "name": "Require(32) node_modules/_egg-view@2.1.3@egg-view/app/extend/context.js",
    "start": 1611306228902,
    "end": 1611306228903,
    "duration": 1,
    "pid": 11072,
    "index": 40
  },
  {
    "name": "Require(33) node_modules/_egg@2.29.1@egg/app/extend/context.js",
    "start": 1611306228903,
    "end": 1611306228905,
    "duration": 2,
    "pid": 11072,
    "index": 41
  },
  {
    "name": "Load extend/helper.js",
    "start": 1611306228908,
    "end": 1611306228931,
    "duration": 23,
    "pid": 11072,
    "index": 42
  },
  {
    "name": "Require(34) node_modules/_egg-security@2.8.0@egg-security/app/extend/helper.js",
    "start": 1611306228909,
    "end": 1611306228925,
    "duration": 16,
    "pid": 11072,
    "index": 43
  },
  {
    "name": "Require(35) node_modules/_egg@2.29.1@egg/app/extend/helper.js",
    "start": 1611306228928,
    "end": 1611306228928,
    "duration": 0,
    "pid": 11072,
    "index": 44
  },
  {
    "name": "Load app.js",
    "start": 1611306228932,
    "end": 1611306228970,
    "duration": 38,
    "pid": 11072,
    "index": 45
  },
  {
    "name": "Require(36) node_modules/_egg-session@3.2.0@egg-session/app.js",
    "start": 1611306228932,
    "end": 1611306228932,
    "duration": 0,
    "pid": 11072,
    "index": 46
  },
  {
    "name": "Require(37) node_modules/_egg-security@2.8.0@egg-security/app.js",
    "start": 1611306228932,
    "end": 1611306228934,
    "duration": 2,
    "pid": 11072,
    "index": 47
  },
  {
    "name": "Require(38) node_modules/_egg-onerror@2.1.0@egg-onerror/app.js",
    "start": 1611306228935,
    "end": 1611306228946,
    "duration": 11,
    "pid": 11072,
    "index": 48
  },
  {
    "name": "Require(39) node_modules/_egg-i18n@2.1.1@egg-i18n/app.js",
    "start": 1611306228946,
    "end": 1611306228954,
    "duration": 8,
    "pid": 11072,
    "index": 49
  },
  {
    "name": "Require(40) node_modules/_egg-watcher@3.1.1@egg-watcher/app.js",
    "start": 1611306228955,
    "end": 1611306228961,
    "duration": 6,
    "pid": 11072,
    "index": 50
  },
  {
    "name": "Require(41) node_modules/_egg-schedule@3.6.6@egg-schedule/app.js",
    "start": 1611306228961,
    "end": 1611306228964,
    "duration": 3,
    "pid": 11072,
    "index": 51
  },
  {
    "name": "Require(42) node_modules/_egg-multipart@2.10.3@egg-multipart/app.js",
    "start": 1611306228965,
    "end": 1611306228965,
    "duration": 0,
    "pid": 11072,
    "index": 52
  },
  {
    "name": "Require(43) node_modules/_egg-development@2.7.0@egg-development/app.js",
    "start": 1611306228966,
    "end": 1611306228966,
    "duration": 0,
    "pid": 11072,
    "index": 53
  },
  {
    "name": "Require(44) node_modules/_egg-logrotator@3.1.0@egg-logrotator/app.js",
    "start": 1611306228966,
    "end": 1611306228966,
    "duration": 0,
    "pid": 11072,
    "index": 54
  },
  {
    "name": "Require(45) node_modules/_egg-static@2.2.0@egg-static/app.js",
    "start": 1611306228967,
    "end": 1611306228967,
    "duration": 0,
    "pid": 11072,
    "index": 55
  },
  {
    "name": "Require(46) node_modules/_egg-view-ejs@2.0.1@egg-view-ejs/app.js",
    "start": 1611306228968,
    "end": 1611306228968,
    "duration": 0,
    "pid": 11072,
    "index": 56
  },
  {
    "name": "Before Start in node_modules/_egg-watcher@3.1.1@egg-watcher/lib/init.js:15:14",
    "start": 1611306228981,
    "end": 1611306229193,
    "duration": 212,
    "pid": 11072,
    "index": 57
  },
  {
    "name": "Load Service",
    "start": 1611306229019,
    "end": 1611306229025,
    "duration": 6,
    "pid": 11072,
    "index": 58
  },
  {
    "name": "Load \"service\" to Context",
    "start": 1611306229019,
    "end": 1611306229025,
    "duration": 6,
    "pid": 11072,
    "index": 59
  },
  {
    "name": "Load Middleware",
    "start": 1611306229025,
    "end": 1611306229171,
    "duration": 146,
    "pid": 11072,
    "index": 60
  },
  {
    "name": "Load \"middlewares\" to Application",
    "start": 1611306229025,
    "end": 1611306229153,
    "duration": 128,
    "pid": 11072,
    "index": 61
  },
  {
    "name": "Load Controller",
    "start": 1611306229171,
    "end": 1611306229175,
    "duration": 4,
    "pid": 11072,
    "index": 62
  },
  {
    "name": "Load \"controller\" to Application",
    "start": 1611306229171,
    "end": 1611306229175,
    "duration": 4,
    "pid": 11072,
    "index": 63
  },
  {
    "name": "Load Router",
    "start": 1611306229175,
    "end": 1611306229177,
    "duration": 2,
    "pid": 11072,
    "index": 64
  },
  {
    "name": "Require(47) app/router.js",
    "start": 1611306229175,
    "end": 1611306229175,
    "duration": 0,
    "pid": 11072,
    "index": 65
  },
  {
    "name": "Before Start in node_modules/_egg-core@4.20.0@egg-core/lib/egg.js:303:10",
    "start": 1611306229176,
    "end": 1611306229184,
    "duration": 8,
    "pid": 11072,
    "index": 66
  }
]