[
  {
    "name": "Process Start",
    "start": 1611306223295,
    "end": 1611306224358,
    "duration": 1063,
    "pid": 4536,
    "index": 0
  },
  {
    "name": "Application Start",
    "start": 1611306224359,
    "end": 1611306224777,
    "duration": 418,
    "pid": 4536,
    "index": 1
  },
  {
    "name": "Load Plugin",
    "start": 1611306224363,
    "end": 1611306224382,
    "duration": 19,
    "pid": 4536,
    "index": 2
  },
  {
    "name": "Load Config",
    "start": 1611306224382,
    "end": 1611306224407,
    "duration": 25,
    "pid": 4536,
    "index": 3
  },
  {
    "name": "Require(0) config/config.default.js",
    "start": 1611306224383,
    "end": 1611306224383,
    "duration": 0,
    "pid": 4536,
    "index": 4
  },
  {
    "name": "Require(1) node_modules/_egg-session@3.2.0@egg-session/config/config.default.js",
    "start": 1611306224385,
    "end": 1611306224385,
    "duration": 0,
    "pid": 4536,
    "index": 5
  },
  {
    "name": "Require(2) node_modules/_egg-security@2.8.0@egg-security/config/config.default.js",
    "start": 1611306224386,
    "end": 1611306224387,
    "duration": 1,
    "pid": 4536,
    "index": 6
  },
  {
    "name": "Require(3) node_modules/_egg-jsonp@2.0.0@egg-jsonp/config/config.default.js",
    "start": 1611306224388,
    "end": 1611306224388,
    "duration": 0,
    "pid": 4536,
    "index": 7
  },
  {
    "name": "Require(4) node_modules/_egg-onerror@2.1.0@egg-onerror/config/config.default.js",
    "start": 1611306224389,
    "end": 1611306224390,
    "duration": 1,
    "pid": 4536,
    "index": 8
  },
  {
    "name": "Require(5) node_modules/_egg-i18n@2.1.1@egg-i18n/config/config.default.js",
    "start": 1611306224390,
    "end": 1611306224391,
    "duration": 1,
    "pid": 4536,
    "index": 9
  },
  {
    "name": "Require(6) node_modules/_egg-watcher@3.1.1@egg-watcher/config/config.default.js",
    "start": 1611306224392,
    "end": 1611306224392,
    "duration": 0,
    "pid": 4536,
    "index": 10
  },
  {
    "name": "Require(7) node_modules/_egg-schedule@3.6.6@egg-schedule/config/config.default.js",
    "start": 1611306224393,
    "end": 1611306224394,
    "duration": 1,
    "pid": 4536,
    "index": 11
  },
  {
    "name": "Require(8) node_modules/_egg-multipart@2.10.3@egg-multipart/config/config.default.js",
    "start": 1611306224394,
    "end": 1611306224395,
    "duration": 1,
    "pid": 4536,
    "index": 12
  },
  {
    "name": "Require(9) node_modules/_egg-development@2.7.0@egg-development/config/config.default.js",
    "start": 1611306224396,
    "end": 1611306224396,
    "duration": 0,
    "pid": 4536,
    "index": 13
  },
  {
    "name": "Require(10) node_modules/_egg-logrotator@3.1.0@egg-logrotator/config/config.default.js",
    "start": 1611306224397,
    "end": 1611306224397,
    "duration": 0,
    "pid": 4536,
    "index": 14
  },
  {
    "name": "Require(11) node_modules/_egg-static@2.2.0@egg-static/config/config.default.js",
    "start": 1611306224398,
    "end": 1611306224398,
    "duration": 0,
    "pid": 4536,
    "index": 15
  },
  {
    "name": "Require(12) node_modules/_egg-view@2.1.3@egg-view/config/config.default.js",
    "start": 1611306224399,
    "end": 1611306224399,
    "duration": 0,
    "pid": 4536,
    "index": 16
  },
  {
    "name": "Require(13) node_modules/_egg-view-ejs@2.0.1@egg-view-ejs/config/config.default.js",
    "start": 1611306224400,
    "end": 1611306224400,
    "duration": 0,
    "pid": 4536,
    "index": 17
  },
  {
    "name": "Require(14) node_modules/_egg@2.29.1@egg/config/config.default.js",
    "start": 1611306224401,
    "end": 1611306224401,
    "duration": 0,
    "pid": 4536,
    "index": 18
  },
  {
    "name": "Require(15) config/config.default.js",
    "start": 1611306224402,
    "end": 1611306224402,
    "duration": 0,
    "pid": 4536,
    "index": 19
  },
  {
    "name": "Require(16) node_modules/_egg-security@2.8.0@egg-security/config/config.local.js",
    "start": 1611306224403,
    "end": 1611306224403,
    "duration": 0,
    "pid": 4536,
    "index": 20
  },
  {
    "name": "Require(17) node_modules/_egg-watcher@3.1.1@egg-watcher/config/config.local.js",
    "start": 1611306224404,
    "end": 1611306224404,
    "duration": 0,
    "pid": 4536,
    "index": 21
  },
  {
    "name": "Require(18) node_modules/_egg-view@2.1.3@egg-view/config/config.local.js",
    "start": 1611306224405,
    "end": 1611306224406,
    "duration": 1,
    "pid": 4536,
    "index": 22
  },
  {
    "name": "Require(19) node_modules/_egg-view-ejs@2.0.1@egg-view-ejs/config/config.local.js",
    "start": 1611306224406,
    "end": 1611306224406,
    "duration": 0,
    "pid": 4536,
    "index": 23
  },
  {
    "name": "Require(20) node_modules/_egg@2.29.1@egg/config/config.local.js",
    "start": 1611306224406,
    "end": 1611306224407,
    "duration": 1,
    "pid": 4536,
    "index": 24
  },
  {
    "name": "Load extend/application.js",
    "start": 1611306224408,
    "end": 1611306224424,
    "duration": 16,
    "pid": 4536,
    "index": 25
  },
  {
    "name": "Require(21) node_modules/_egg-session@3.2.0@egg-session/app/extend/application.js",
    "start": 1611306224408,
    "end": 1611306224409,
    "duration": 1,
    "pid": 4536,
    "index": 26
  },
  {
    "name": "Require(22) node_modules/_egg-security@2.8.0@egg-security/app/extend/application.js",
    "start": 1611306224409,
    "end": 1611306224411,
    "duration": 2,
    "pid": 4536,
    "index": 27
  },
  {
    "name": "Require(23) node_modules/_egg-jsonp@2.0.0@egg-jsonp/app/extend/application.js",
    "start": 1611306224411,
    "end": 1611306224413,
    "duration": 2,
    "pid": 4536,
    "index": 28
  },
  {
    "name": "Require(24) node_modules/_egg-logrotator@3.1.0@egg-logrotator/app/extend/application.js",
    "start": 1611306224415,
    "end": 1611306224418,
    "duration": 3,
    "pid": 4536,
    "index": 29
  },
  {
    "name": "Require(25) node_modules/_egg-view@2.1.3@egg-view/app/extend/application.js",
    "start": 1611306224418,
    "end": 1611306224420,
    "duration": 2,
    "pid": 4536,
    "index": 30
  },
  {
    "name": "Load extend/request.js",
    "start": 1611306224424,
    "end": 1611306224432,
    "duration": 8,
    "pid": 4536,
    "index": 31
  },
  {
    "name": "Require(26) node_modules/_egg@2.29.1@egg/app/extend/request.js",
    "start": 1611306224427,
    "end": 1611306224429,
    "duration": 2,
    "pid": 4536,
    "index": 32
  },
  {
    "name": "Load extend/response.js",
    "start": 1611306224432,
    "end": 1611306224444,
    "duration": 12,
    "pid": 4536,
    "index": 33
  },
  {
    "name": "Require(27) node_modules/_egg@2.29.1@egg/app/extend/response.js",
    "start": 1611306224438,
    "end": 1611306224440,
    "duration": 2,
    "pid": 4536,
    "index": 34
  },
  {
    "name": "Load extend/context.js",
    "start": 1611306224444,
    "end": 1611306224512,
    "duration": 68,
    "pid": 4536,
    "index": 35
  },
  {
    "name": "Require(28) node_modules/_egg-security@2.8.0@egg-security/app/extend/context.js",
    "start": 1611306224444,
    "end": 1611306224458,
    "duration": 14,
    "pid": 4536,
    "index": 36
  },
  {
    "name": "Require(29) node_modules/_egg-jsonp@2.0.0@egg-jsonp/app/extend/context.js",
    "start": 1611306224458,
    "end": 1611306224460,
    "duration": 2,
    "pid": 4536,
    "index": 37
  },
  {
    "name": "Require(30) node_modules/_egg-i18n@2.1.1@egg-i18n/app/extend/context.js",
    "start": 1611306224460,
    "end": 1611306224461,
    "duration": 1,
    "pid": 4536,
    "index": 38
  },
  {
    "name": "Require(31) node_modules/_egg-multipart@2.10.3@egg-multipart/app/extend/context.js",
    "start": 1611306224461,
    "end": 1611306224505,
    "duration": 44,
    "pid": 4536,
    "index": 39
  },
  {
    "name": "Require(32) node_modules/_egg-view@2.1.3@egg-view/app/extend/context.js",
    "start": 1611306224506,
    "end": 1611306224507,
    "duration": 1,
    "pid": 4536,
    "index": 40
  },
  {
    "name": "Require(33) node_modules/_egg@2.29.1@egg/app/extend/context.js",
    "start": 1611306224508,
    "end": 1611306224509,
    "duration": 1,
    "pid": 4536,
    "index": 41
  },
  {
    "name": "Load extend/helper.js",
    "start": 1611306224512,
    "end": 1611306224534,
    "duration": 22,
    "pid": 4536,
    "index": 42
  },
  {
    "name": "Require(34) node_modules/_egg-security@2.8.0@egg-security/app/extend/helper.js",
    "start": 1611306224513,
    "end": 1611306224528,
    "duration": 15,
    "pid": 4536,
    "index": 43
  },
  {
    "name": "Require(35) node_modules/_egg@2.29.1@egg/app/extend/helper.js",
    "start": 1611306224531,
    "end": 1611306224531,
    "duration": 0,
    "pid": 4536,
    "index": 44
  },
  {
    "name": "Load app.js",
    "start": 1611306224534,
    "end": 1611306224567,
    "duration": 33,
    "pid": 4536,
    "index": 45
  },
  {
    "name": "Require(36) node_modules/_egg-session@3.2.0@egg-session/app.js",
    "start": 1611306224534,
    "end": 1611306224535,
    "duration": 1,
    "pid": 4536,
    "index": 46
  },
  {
    "name": "Require(37) node_modules/_egg-security@2.8.0@egg-security/app.js",
    "start": 1611306224535,
    "end": 1611306224537,
    "duration": 2,
    "pid": 4536,
    "index": 47
  },
  {
    "name": "Require(38) node_modules/_egg-onerror@2.1.0@egg-onerror/app.js",
    "start": 1611306224537,
    "end": 1611306224547,
    "duration": 10,
    "pid": 4536,
    "index": 48
  },
  {
    "name": "Require(39) node_modules/_egg-i18n@2.1.1@egg-i18n/app.js",
    "start": 1611306224547,
    "end": 1611306224555,
    "duration": 8,
    "pid": 4536,
    "index": 49
  },
  {
    "name": "Require(40) node_modules/_egg-watcher@3.1.1@egg-watcher/app.js",
    "start": 1611306224555,
    "end": 1611306224560,
    "duration": 5,
    "pid": 4536,
    "index": 50
  },
  {
    "name": "Require(41) node_modules/_egg-schedule@3.6.6@egg-schedule/app.js",
    "start": 1611306224560,
    "end": 1611306224563,
    "duration": 3,
    "pid": 4536,
    "index": 51
  },
  {
    "name": "Require(42) node_modules/_egg-multipart@2.10.3@egg-multipart/app.js",
    "start": 1611306224563,
    "end": 1611306224563,
    "duration": 0,
    "pid": 4536,
    "index": 52
  },
  {
    "name": "Require(43) node_modules/_egg-development@2.7.0@egg-development/app.js",
    "start": 1611306224564,
    "end": 1611306224564,
    "duration": 0,
    "pid": 4536,
    "index": 53
  },
  {
    "name": "Require(44) node_modules/_egg-logrotator@3.1.0@egg-logrotator/app.js",
    "start": 1611306224564,
    "end": 1611306224564,
    "duration": 0,
    "pid": 4536,
    "index": 54
  },
  {
    "name": "Require(45) node_modules/_egg-static@2.2.0@egg-static/app.js",
    "start": 1611306224565,
    "end": 1611306224565,
    "duration": 0,
    "pid": 4536,
    "index": 55
  },
  {
    "name": "Require(46) node_modules/_egg-view-ejs@2.0.1@egg-view-ejs/app.js",
    "start": 1611306224566,
    "end": 1611306224566,
    "duration": 0,
    "pid": 4536,
    "index": 56
  },
  {
    "name": "Before Start in node_modules/_egg-watcher@3.1.1@egg-watcher/lib/init.js:15:14",
    "start": 1611306224577,
    "end": 1611306224776,
    "duration": 199,
    "pid": 4536,
    "index": 57
  },
  {
    "name": "Load Service",
    "start": 1611306224609,
    "end": 1611306224615,
    "duration": 6,
    "pid": 4536,
    "index": 58
  },
  {
    "name": "Load \"service\" to Context",
    "start": 1611306224609,
    "end": 1611306224615,
    "duration": 6,
    "pid": 4536,
    "index": 59
  },
  {
    "name": "Load Middleware",
    "start": 1611306224615,
    "end": 1611306224757,
    "duration": 142,
    "pid": 4536,
    "index": 60
  },
  {
    "name": "Load \"middlewares\" to Application",
    "start": 1611306224615,
    "end": 1611306224741,
    "duration": 126,
    "pid": 4536,
    "index": 61
  },
  {
    "name": "Load Controller",
    "start": 1611306224757,
    "end": 1611306224760,
    "duration": 3,
    "pid": 4536,
    "index": 62
  },
  {
    "name": "Load \"controller\" to Application",
    "start": 1611306224757,
    "end": 1611306224760,
    "duration": 3,
    "pid": 4536,
    "index": 63
  },
  {
    "name": "Load Router",
    "start": 1611306224760,
    "end": 1611306224763,
    "duration": 3,
    "pid": 4536,
    "index": 64
  },
  {
    "name": "Require(47) app/router.js",
    "start": 1611306224761,
    "end": 1611306224761,
    "duration": 0,
    "pid": 4536,
    "index": 65
  },
  {
    "name": "Before Start in node_modules/_egg-core@4.20.0@egg-core/lib/egg.js:303:10",
    "start": 1611306224761,
    "end": 1611306224769,
    "duration": 8,
    "pid": 4536,
    "index": 66
  }
]