[
  {
    "name": "Process Start",
    "start": 1611306168967,
    "end": 1611306170027,
    "duration": 1060,
    "pid": 13752,
    "index": 0
  },
  {
    "name": "Application Start",
    "start": 1611306170028,
    "end": 1611306170474,
    "duration": 446,
    "pid": 13752,
    "index": 1
  },
  {
    "name": "Load Plugin",
    "start": 1611306170032,
    "end": 1611306170050,
    "duration": 18,
    "pid": 13752,
    "index": 2
  },
  {
    "name": "Load Config",
    "start": 1611306170050,
    "end": 1611306170069,
    "duration": 19,
    "pid": 13752,
    "index": 3
  },
  {
    "name": "Require(0) config/config.default.js",
    "start": 1611306170050,
    "end": 1611306170051,
    "duration": 1,
    "pid": 13752,
    "index": 4
  },
  {
    "name": "Require(1) node_modules/_egg-session@3.2.0@egg-session/config/config.default.js",
    "start": 1611306170052,
    "end": 1611306170052,
    "duration": 0,
    "pid": 13752,
    "index": 5
  },
  {
    "name": "Require(2) node_modules/_egg-security@2.8.0@egg-security/config/config.default.js",
    "start": 1611306170052,
    "end": 1611306170053,
    "duration": 1,
    "pid": 13752,
    "index": 6
  },
  {
    "name": "Require(3) node_modules/_egg-jsonp@2.0.0@egg-jsonp/config/config.default.js",
    "start": 1611306170054,
    "end": 1611306170054,
    "duration": 0,
    "pid": 13752,
    "index": 7
  },
  {
    "name": "Require(4) node_modules/_egg-onerror@2.1.0@egg-onerror/config/config.default.js",
    "start": 1611306170055,
    "end": 1611306170055,
    "duration": 0,
    "pid": 13752,
    "index": 8
  },
  {
    "name": "Require(5) node_modules/_egg-i18n@2.1.1@egg-i18n/config/config.default.js",
    "start": 1611306170055,
    "end": 1611306170056,
    "duration": 1,
    "pid": 13752,
    "index": 9
  },
  {
    "name": "Require(6) node_modules/_egg-watcher@3.1.1@egg-watcher/config/config.default.js",
    "start": 1611306170056,
    "end": 1611306170057,
    "duration": 1,
    "pid": 13752,
    "index": 10
  },
  {
    "name": "Require(7) node_modules/_egg-schedule@3.6.6@egg-schedule/config/config.default.js",
    "start": 1611306170057,
    "end": 1611306170058,
    "duration": 1,
    "pid": 13752,
    "index": 11
  },
  {
    "name": "Require(8) node_modules/_egg-multipart@2.10.3@egg-multipart/config/config.default.js",
    "start": 1611306170058,
    "end": 1611306170058,
    "duration": 0,
    "pid": 13752,
    "index": 12
  },
  {
    "name": "Require(9) node_modules/_egg-development@2.7.0@egg-development/config/config.default.js",
    "start": 1611306170059,
    "end": 1611306170059,
    "duration": 0,
    "pid": 13752,
    "index": 13
  },
  {
    "name": "Require(10) node_modules/_egg-logrotator@3.1.0@egg-logrotator/config/config.default.js",
    "start": 1611306170060,
    "end": 1611306170060,
    "duration": 0,
    "pid": 13752,
    "index": 14
  },
  {
    "name": "Require(11) node_modules/_egg-static@2.2.0@egg-static/config/config.default.js",
    "start": 1611306170061,
    "end": 1611306170061,
    "duration": 0,
    "pid": 13752,
    "index": 15
  },
  {
    "name": "Require(12) node_modules/_egg-view@2.1.3@egg-view/config/config.default.js",
    "start": 1611306170061,
    "end": 1611306170062,
    "duration": 1,
    "pid": 13752,
    "index": 16
  },
  {
    "name": "Require(13) node_modules/_egg-view-ejs@2.0.1@egg-view-ejs/config/config.default.js",
    "start": 1611306170062,
    "end": 1611306170063,
    "duration": 1,
    "pid": 13752,
    "index": 17
  },
  {
    "name": "Require(14) node_modules/_egg@2.29.1@egg/config/config.default.js",
    "start": 1611306170063,
    "end": 1611306170063,
    "duration": 0,
    "pid": 13752,
    "index": 18
  },
  {
    "name": "Require(15) config/config.default.js",
    "start": 1611306170064,
    "end": 1611306170064,
    "duration": 0,
    "pid": 13752,
    "index": 19
  },
  {
    "name": "Require(16) node_modules/_egg-security@2.8.0@egg-security/config/config.local.js",
    "start": 1611306170065,
    "end": 1611306170065,
    "duration": 0,
    "pid": 13752,
    "index": 20
  },
  {
    "name": "Require(17) node_modules/_egg-watcher@3.1.1@egg-watcher/config/config.local.js",
    "start": 1611306170066,
    "end": 1611306170066,
    "duration": 0,
    "pid": 13752,
    "index": 21
  },
  {
    "name": "Require(18) node_modules/_egg-view@2.1.3@egg-view/config/config.local.js",
    "start": 1611306170068,
    "end": 1611306170068,
    "duration": 0,
    "pid": 13752,
    "index": 22
  },
  {
    "name": "Require(19) node_modules/_egg-view-ejs@2.0.1@egg-view-ejs/config/config.local.js",
    "start": 1611306170068,
    "end": 1611306170069,
    "duration": 1,
    "pid": 13752,
    "index": 23
  },
  {
    "name": "Require(20) node_modules/_egg@2.29.1@egg/config/config.local.js",
    "start": 1611306170069,
    "end": 1611306170069,
    "duration": 0,
    "pid": 13752,
    "index": 24
  },
  {
    "name": "Load extend/application.js",
    "start": 1611306170070,
    "end": 1611306170086,
    "duration": 16,
    "pid": 13752,
    "index": 25
  },
  {
    "name": "Require(21) node_modules/_egg-session@3.2.0@egg-session/app/extend/application.js",
    "start": 1611306170071,
    "end": 1611306170071,
    "duration": 0,
    "pid": 13752,
    "index": 26
  },
  {
    "name": "Require(22) node_modules/_egg-security@2.8.0@egg-security/app/extend/application.js",
    "start": 1611306170072,
    "end": 1611306170073,
    "duration": 1,
    "pid": 13752,
    "index": 27
  },
  {
    "name": "Require(23) node_modules/_egg-jsonp@2.0.0@egg-jsonp/app/extend/application.js",
    "start": 1611306170073,
    "end": 1611306170075,
    "duration": 2,
    "pid": 13752,
    "index": 28
  },
  {
    "name": "Require(24) node_modules/_egg-logrotator@3.1.0@egg-logrotator/app/extend/application.js",
    "start": 1611306170077,
    "end": 1611306170080,
    "duration": 3,
    "pid": 13752,
    "index": 29
  },
  {
    "name": "Require(25) node_modules/_egg-view@2.1.3@egg-view/app/extend/application.js",
    "start": 1611306170081,
    "end": 1611306170083,
    "duration": 2,
    "pid": 13752,
    "index": 30
  },
  {
    "name": "Load extend/request.js",
    "start": 1611306170086,
    "end": 1611306170093,
    "duration": 7,
    "pid": 13752,
    "index": 31
  },
  {
    "name": "Require(26) node_modules/_egg@2.29.1@egg/app/extend/request.js",
    "start": 1611306170089,
    "end": 1611306170090,
    "duration": 1,
    "pid": 13752,
    "index": 32
  },
  {
    "name": "Load extend/response.js",
    "start": 1611306170093,
    "end": 1611306170104,
    "duration": 11,
    "pid": 13752,
    "index": 33
  },
  {
    "name": "Require(27) node_modules/_egg@2.29.1@egg/app/extend/response.js",
    "start": 1611306170098,
    "end": 1611306170101,
    "duration": 3,
    "pid": 13752,
    "index": 34
  },
  {
    "name": "Load extend/context.js",
    "start": 1611306170104,
    "end": 1611306170196,
    "duration": 92,
    "pid": 13752,
    "index": 35
  },
  {
    "name": "Require(28) node_modules/_egg-security@2.8.0@egg-security/app/extend/context.js",
    "start": 1611306170104,
    "end": 1611306170120,
    "duration": 16,
    "pid": 13752,
    "index": 36
  },
  {
    "name": "Require(29) node_modules/_egg-jsonp@2.0.0@egg-jsonp/app/extend/context.js",
    "start": 1611306170121,
    "end": 1611306170122,
    "duration": 1,
    "pid": 13752,
    "index": 37
  },
  {
    "name": "Require(30) node_modules/_egg-i18n@2.1.1@egg-i18n/app/extend/context.js",
    "start": 1611306170123,
    "end": 1611306170123,
    "duration": 0,
    "pid": 13752,
    "index": 38
  },
  {
    "name": "Require(31) node_modules/_egg-multipart@2.10.3@egg-multipart/app/extend/context.js",
    "start": 1611306170124,
    "end": 1611306170189,
    "duration": 65,
    "pid": 13752,
    "index": 39
  },
  {
    "name": "Require(32) node_modules/_egg-view@2.1.3@egg-view/app/extend/context.js",
    "start": 1611306170190,
    "end": 1611306170191,
    "duration": 1,
    "pid": 13752,
    "index": 40
  },
  {
    "name": "Require(33) node_modules/_egg@2.29.1@egg/app/extend/context.js",
    "start": 1611306170192,
    "end": 1611306170193,
    "duration": 1,
    "pid": 13752,
    "index": 41
  },
  {
    "name": "Load extend/helper.js",
    "start": 1611306170196,
    "end": 1611306170218,
    "duration": 22,
    "pid": 13752,
    "index": 42
  },
  {
    "name": "Require(34) node_modules/_egg-security@2.8.0@egg-security/app/extend/helper.js",
    "start": 1611306170197,
    "end": 1611306170212,
    "duration": 15,
    "pid": 13752,
    "index": 43
  },
  {
    "name": "Require(35) node_modules/_egg@2.29.1@egg/app/extend/helper.js",
    "start": 1611306170214,
    "end": 1611306170215,
    "duration": 1,
    "pid": 13752,
    "index": 44
  },
  {
    "name": "Load app.js",
    "start": 1611306170218,
    "end": 1611306170252,
    "duration": 34,
    "pid": 13752,
    "index": 45
  },
  {
    "name": "Require(36) node_modules/_egg-session@3.2.0@egg-session/app.js",
    "start": 1611306170218,
    "end": 1611306170219,
    "duration": 1,
    "pid": 13752,
    "index": 46
  },
  {
    "name": "Require(37) node_modules/_egg-security@2.8.0@egg-security/app.js",
    "start": 1611306170219,
    "end": 1611306170221,
    "duration": 2,
    "pid": 13752,
    "index": 47
  },
  {
    "name": "Require(38) node_modules/_egg-onerror@2.1.0@egg-onerror/app.js",
    "start": 1611306170222,
    "end": 1611306170232,
    "duration": 10,
    "pid": 13752,
    "index": 48
  },
  {
    "name": "Require(39) node_modules/_egg-i18n@2.1.1@egg-i18n/app.js",
    "start": 1611306170233,
    "end": 1611306170241,
    "duration": 8,
    "pid": 13752,
    "index": 49
  },
  {
    "name": "Require(40) node_modules/_egg-watcher@3.1.1@egg-watcher/app.js",
    "start": 1611306170241,
    "end": 1611306170246,
    "duration": 5,
    "pid": 13752,
    "index": 50
  },
  {
    "name": "Require(41) node_modules/_egg-schedule@3.6.6@egg-schedule/app.js",
    "start": 1611306170246,
    "end": 1611306170248,
    "duration": 2,
    "pid": 13752,
    "index": 51
  },
  {
    "name": "Require(42) node_modules/_egg-multipart@2.10.3@egg-multipart/app.js",
    "start": 1611306170248,
    "end": 1611306170248,
    "duration": 0,
    "pid": 13752,
    "index": 52
  },
  {
    "name": "Require(43) node_modules/_egg-development@2.7.0@egg-development/app.js",
    "start": 1611306170249,
    "end": 1611306170249,
    "duration": 0,
    "pid": 13752,
    "index": 53
  },
  {
    "name": "Require(44) node_modules/_egg-logrotator@3.1.0@egg-logrotator/app.js",
    "start": 1611306170249,
    "end": 1611306170250,
    "duration": 1,
    "pid": 13752,
    "index": 54
  },
  {
    "name": "Require(45) node_modules/_egg-static@2.2.0@egg-static/app.js",
    "start": 1611306170250,
    "end": 1611306170250,
    "duration": 0,
    "pid": 13752,
    "index": 55
  },
  {
    "name": "Require(46) node_modules/_egg-view-ejs@2.0.1@egg-view-ejs/app.js",
    "start": 1611306170251,
    "end": 1611306170251,
    "duration": 0,
    "pid": 13752,
    "index": 56
  },
  {
    "name": "Before Start in node_modules/_egg-watcher@3.1.1@egg-watcher/lib/init.js:15:14",
    "start": 1611306170260,
    "end": 1611306170474,
    "duration": 214,
    "pid": 13752,
    "index": 57
  },
  {
    "name": "Load Service",
    "start": 1611306170312,
    "end": 1611306170327,
    "duration": 15,
    "pid": 13752,
    "index": 58
  },
  {
    "name": "Load \"service\" to Context",
    "start": 1611306170313,
    "end": 1611306170327,
    "duration": 14,
    "pid": 13752,
    "index": 59
  },
  {
    "name": "Load Middleware",
    "start": 1611306170327,
    "end": 1611306170455,
    "duration": 128,
    "pid": 13752,
    "index": 60
  },
  {
    "name": "Load \"middlewares\" to Application",
    "start": 1611306170328,
    "end": 1611306170441,
    "duration": 113,
    "pid": 13752,
    "index": 61
  },
  {
    "name": "Load Controller",
    "start": 1611306170455,
    "end": 1611306170458,
    "duration": 3,
    "pid": 13752,
    "index": 62
  },
  {
    "name": "Load \"controller\" to Application",
    "start": 1611306170455,
    "end": 1611306170458,
    "duration": 3,
    "pid": 13752,
    "index": 63
  },
  {
    "name": "Load Router",
    "start": 1611306170458,
    "end": 1611306170459,
    "duration": 1,
    "pid": 13752,
    "index": 64
  },
  {
    "name": "Require(47) app/router.js",
    "start": 1611306170458,
    "end": 1611306170458,
    "duration": 0,
    "pid": 13752,
    "index": 65
  },
  {
    "name": "Before Start in node_modules/_egg-core@4.20.0@egg-core/lib/egg.js:303:10",
    "start": 1611306170458,
    "end": 1611306170465,
    "duration": 7,
    "pid": 13752,
    "index": 66
  }
]