[
  {
    "name": "Application Start",
    "start": 1568119629169,
    "end": 1568119630411,
    "duration": 1242,
    "pid": 7836,
    "index": 0
  },
  {
    "name": "Load Plugin",
    "start": 1568119629175,
    "end": 1568119629201,
    "duration": 26,
    "pid": 7836,
    "index": 1
  },
  {
    "name": "Load Config",
    "start": 1568119629201,
    "end": 1568119629232,
    "duration": 31,
    "pid": 7836,
    "index": 2
  },
  {
    "name": "Require(0) config/config.default.js",
    "start": 1568119629203,
    "end": 1568119629203,
    "duration": 0,
    "pid": 7836,
    "index": 3
  },
  {
    "name": "Require(1) node_modules/_egg-session@3.1.0@egg-session/config/config.default.js",
    "start": 1568119629205,
    "end": 1568119629205,
    "duration": 0,
    "pid": 7836,
    "index": 4
  },
  {
    "name": "Require(2) node_modules/_egg-security@2.6.1@egg-security/config/config.default.js",
    "start": 1568119629206,
    "end": 1568119629207,
    "duration": 1,
    "pid": 7836,
    "index": 5
  },
  {
    "name": "Require(3) node_modules/_egg-jsonp@2.0.0@egg-jsonp/config/config.default.js",
    "start": 1568119629208,
    "end": 1568119629208,
    "duration": 0,
    "pid": 7836,
    "index": 6
  },
  {
    "name": "Require(4) node_modules/_egg-onerror@2.1.0@egg-onerror/config/config.default.js",
    "start": 1568119629209,
    "end": 1568119629209,
    "duration": 0,
    "pid": 7836,
    "index": 7
  },
  {
    "name": "Require(5) node_modules/_egg-i18n@2.1.1@egg-i18n/config/config.default.js",
    "start": 1568119629210,
    "end": 1568119629210,
    "duration": 0,
    "pid": 7836,
    "index": 8
  },
  {
    "name": "Require(6) node_modules/_egg-watcher@3.1.0@egg-watcher/config/config.default.js",
    "start": 1568119629211,
    "end": 1568119629211,
    "duration": 0,
    "pid": 7836,
    "index": 9
  },
  {
    "name": "Require(7) node_modules/_egg-schedule@3.6.4@egg-schedule/config/config.default.js",
    "start": 1568119629212,
    "end": 1568119629212,
    "duration": 0,
    "pid": 7836,
    "index": 10
  },
  {
    "name": "Require(8) node_modules/_egg-multipart@2.9.0@egg-multipart/config/config.default.js",
    "start": 1568119629213,
    "end": 1568119629213,
    "duration": 0,
    "pid": 7836,
    "index": 11
  },
  {
    "name": "Require(9) node_modules/_egg-development@2.4.3@egg-development/config/config.default.js",
    "start": 1568119629214,
    "end": 1568119629215,
    "duration": 1,
    "pid": 7836,
    "index": 12
  },
  {
    "name": "Require(10) node_modules/_egg-logrotator@3.1.0@egg-logrotator/config/config.default.js",
    "start": 1568119629216,
    "end": 1568119629216,
    "duration": 0,
    "pid": 7836,
    "index": 13
  },
  {
    "name": "Require(11) node_modules/_egg-static@2.2.0@egg-static/config/config.default.js",
    "start": 1568119629217,
    "end": 1568119629218,
    "duration": 1,
    "pid": 7836,
    "index": 14
  },
  {
    "name": "Require(12) node_modules/_egg-view@2.1.2@egg-view/config/config.default.js",
    "start": 1568119629219,
    "end": 1568119629219,
    "duration": 0,
    "pid": 7836,
    "index": 15
  },
  {
    "name": "Require(13) node_modules/_egg-sequelize@5.2.0@egg-sequelize/config/config.default.js",
    "start": 1568119629220,
    "end": 1568119629221,
    "duration": 1,
    "pid": 7836,
    "index": 16
  },
  {
    "name": "Require(14) node_modules/_egg@2.23.0@egg/config/config.default.js",
    "start": 1568119629222,
    "end": 1568119629222,
    "duration": 0,
    "pid": 7836,
    "index": 17
  },
  {
    "name": "Require(15) config/config.default.js",
    "start": 1568119629224,
    "end": 1568119629224,
    "duration": 0,
    "pid": 7836,
    "index": 18
  },
  {
    "name": "Require(16) node_modules/_egg-security@2.6.1@egg-security/config/config.local.js",
    "start": 1568119629225,
    "end": 1568119629225,
    "duration": 0,
    "pid": 7836,
    "index": 19
  },
  {
    "name": "Require(17) node_modules/_egg-watcher@3.1.0@egg-watcher/config/config.local.js",
    "start": 1568119629227,
    "end": 1568119629227,
    "duration": 0,
    "pid": 7836,
    "index": 20
  },
  {
    "name": "Require(18) node_modules/_egg-view@2.1.2@egg-view/config/config.local.js",
    "start": 1568119629229,
    "end": 1568119629230,
    "duration": 1,
    "pid": 7836,
    "index": 21
  },
  {
    "name": "Require(19) node_modules/_egg@2.23.0@egg/config/config.local.js",
    "start": 1568119629232,
    "end": 1568119629232,
    "duration": 0,
    "pid": 7836,
    "index": 22
  },
  {
    "name": "Load extend/application.js",
    "start": 1568119629234,
    "end": 1568119629254,
    "duration": 20,
    "pid": 7836,
    "index": 23
  },
  {
    "name": "Require(20) node_modules/_egg-session@3.1.0@egg-session/app/extend/application.js",
    "start": 1568119629235,
    "end": 1568119629235,
    "duration": 0,
    "pid": 7836,
    "index": 24
  },
  {
    "name": "Require(21) node_modules/_egg-security@2.6.1@egg-security/app/extend/application.js",
    "start": 1568119629236,
    "end": 1568119629238,
    "duration": 2,
    "pid": 7836,
    "index": 25
  },
  {
    "name": "Require(22) node_modules/_egg-jsonp@2.0.0@egg-jsonp/app/extend/application.js",
    "start": 1568119629238,
    "end": 1568119629242,
    "duration": 4,
    "pid": 7836,
    "index": 26
  },
  {
    "name": "Require(23) node_modules/_egg-logrotator@3.1.0@egg-logrotator/app/extend/application.js",
    "start": 1568119629244,
    "end": 1568119629247,
    "duration": 3,
    "pid": 7836,
    "index": 27
  },
  {
    "name": "Require(24) node_modules/_egg-view@2.1.2@egg-view/app/extend/application.js",
    "start": 1568119629248,
    "end": 1568119629250,
    "duration": 2,
    "pid": 7836,
    "index": 28
  },
  {
    "name": "Load extend/request.js",
    "start": 1568119629254,
    "end": 1568119629263,
    "duration": 9,
    "pid": 7836,
    "index": 29
  },
  {
    "name": "Require(25) node_modules/_egg@2.23.0@egg/app/extend/request.js",
    "start": 1568119629257,
    "end": 1568119629260,
    "duration": 3,
    "pid": 7836,
    "index": 30
  },
  {
    "name": "Load extend/response.js",
    "start": 1568119629263,
    "end": 1568119629275,
    "duration": 12,
    "pid": 7836,
    "index": 31
  },
  {
    "name": "Require(26) node_modules/_egg@2.23.0@egg/app/extend/response.js",
    "start": 1568119629268,
    "end": 1568119629271,
    "duration": 3,
    "pid": 7836,
    "index": 32
  },
  {
    "name": "Load extend/context.js",
    "start": 1568119629275,
    "end": 1568119629395,
    "duration": 120,
    "pid": 7836,
    "index": 33
  },
  {
    "name": "Require(27) node_modules/_egg-security@2.6.1@egg-security/app/extend/context.js",
    "start": 1568119629276,
    "end": 1568119629300,
    "duration": 24,
    "pid": 7836,
    "index": 34
  },
  {
    "name": "Require(28) node_modules/_egg-jsonp@2.0.0@egg-jsonp/app/extend/context.js",
    "start": 1568119629301,
    "end": 1568119629304,
    "duration": 3,
    "pid": 7836,
    "index": 35
  },
  {
    "name": "Require(29) node_modules/_egg-i18n@2.1.1@egg-i18n/app/extend/context.js",
    "start": 1568119629304,
    "end": 1568119629305,
    "duration": 1,
    "pid": 7836,
    "index": 36
  },
  {
    "name": "Require(30) node_modules/_egg-multipart@2.9.0@egg-multipart/app/extend/context.js",
    "start": 1568119629306,
    "end": 1568119629385,
    "duration": 79,
    "pid": 7836,
    "index": 37
  },
  {
    "name": "Require(31) node_modules/_egg-view@2.1.2@egg-view/app/extend/context.js",
    "start": 1568119629386,
    "end": 1568119629388,
    "duration": 2,
    "pid": 7836,
    "index": 38
  },
  {
    "name": "Require(32) node_modules/_egg@2.23.0@egg/app/extend/context.js",
    "start": 1568119629389,
    "end": 1568119629392,
    "duration": 3,
    "pid": 7836,
    "index": 39
  },
  {
    "name": "Load extend/helper.js",
    "start": 1568119629396,
    "end": 1568119629431,
    "duration": 35,
    "pid": 7836,
    "index": 40
  },
  {
    "name": "Require(33) node_modules/_egg-security@2.6.1@egg-security/app/extend/helper.js",
    "start": 1568119629396,
    "end": 1568119629423,
    "duration": 27,
    "pid": 7836,
    "index": 41
  },
  {
    "name": "Require(34) node_modules/_egg@2.23.0@egg/app/extend/helper.js",
    "start": 1568119629427,
    "end": 1568119629427,
    "duration": 0,
    "pid": 7836,
    "index": 42
  },
  {
    "name": "Load app.js",
    "start": 1568119629431,
    "end": 1568119629500,
    "duration": 69,
    "pid": 7836,
    "index": 43
  },
  {
    "name": "Require(35) node_modules/_egg-session@3.1.0@egg-session/app.js",
    "start": 1568119629432,
    "end": 1568119629432,
    "duration": 0,
    "pid": 7836,
    "index": 44
  },
  {
    "name": "Require(36) node_modules/_egg-security@2.6.1@egg-security/app.js",
    "start": 1568119629433,
    "end": 1568119629437,
    "duration": 4,
    "pid": 7836,
    "index": 45
  },
  {
    "name": "Require(37) node_modules/_egg-onerror@2.1.0@egg-onerror/app.js",
    "start": 1568119629439,
    "end": 1568119629459,
    "duration": 20,
    "pid": 7836,
    "index": 46
  },
  {
    "name": "Require(38) node_modules/_egg-i18n@2.1.1@egg-i18n/app.js",
    "start": 1568119629460,
    "end": 1568119629474,
    "duration": 14,
    "pid": 7836,
    "index": 47
  },
  {
    "name": "Require(39) node_modules/_egg-watcher@3.1.0@egg-watcher/app.js",
    "start": 1568119629475,
    "end": 1568119629484,
    "duration": 9,
    "pid": 7836,
    "index": 48
  },
  {
    "name": "Require(40) node_modules/_egg-schedule@3.6.4@egg-schedule/app.js",
    "start": 1568119629485,
    "end": 1568119629488,
    "duration": 3,
    "pid": 7836,
    "index": 49
  },
  {
    "name": "Require(41) node_modules/_egg-multipart@2.9.0@egg-multipart/app.js",
    "start": 1568119629489,
    "end": 1568119629493,
    "duration": 4,
    "pid": 7836,
    "index": 50
  },
  {
    "name": "Require(42) node_modules/_egg-development@2.4.3@egg-development/app.js",
    "start": 1568119629494,
    "end": 1568119629494,
    "duration": 0,
    "pid": 7836,
    "index": 51
  },
  {
    "name": "Require(43) node_modules/_egg-logrotator@3.1.0@egg-logrotator/app.js",
    "start": 1568119629495,
    "end": 1568119629496,
    "duration": 1,
    "pid": 7836,
    "index": 52
  },
  {
    "name": "Require(44) node_modules/_egg-static@2.2.0@egg-static/app.js",
    "start": 1568119629496,
    "end": 1568119629497,
    "duration": 1,
    "pid": 7836,
    "index": 53
  },
  {
    "name": "Require(45) node_modules/_egg-sequelize@5.2.0@egg-sequelize/app.js",
    "start": 1568119629498,
    "end": 1568119629498,
    "duration": 0,
    "pid": 7836,
    "index": 54
  },
  {
    "name": "Before Start in node_modules/_egg-watcher@3.1.0@egg-watcher/lib/init.js:15:14",
    "start": 1568119629520,
    "end": 1568119630361,
    "duration": 841,
    "pid": 7836,
    "index": 55
  },
  {
    "name": "Load \"Symbol(model)\" to Application",
    "start": 1568119630081,
    "end": 1568119630116,
    "duration": 35,
    "pid": 7836,
    "index": 56
  },
  {
    "name": "Before Start in node_modules/_egg-sequelize@5.2.0@egg-sequelize/lib/loader.js:39:7",
    "start": 1568119630125,
    "end": 1568119630410,
    "duration": 285,
    "pid": 7836,
    "index": 57
  },
  {
    "name": "Load Service",
    "start": 1568119630125,
    "end": 1568119630130,
    "duration": 5,
    "pid": 7836,
    "index": 58
  },
  {
    "name": "Load \"service\" to Context",
    "start": 1568119630125,
    "end": 1568119630130,
    "duration": 5,
    "pid": 7836,
    "index": 59
  },
  {
    "name": "Load Middleware",
    "start": 1568119630131,
    "end": 1568119630282,
    "duration": 151,
    "pid": 7836,
    "index": 60
  },
  {
    "name": "Load \"middlewares\" to Application",
    "start": 1568119630131,
    "end": 1568119630266,
    "duration": 135,
    "pid": 7836,
    "index": 61
  },
  {
    "name": "Load Controller",
    "start": 1568119630282,
    "end": 1568119630287,
    "duration": 5,
    "pid": 7836,
    "index": 62
  },
  {
    "name": "Load \"controller\" to Application",
    "start": 1568119630282,
    "end": 1568119630287,
    "duration": 5,
    "pid": 7836,
    "index": 63
  },
  {
    "name": "Load Router",
    "start": 1568119630287,
    "end": 1568119630291,
    "duration": 4,
    "pid": 7836,
    "index": 64
  },
  {
    "name": "Require(46) app/router.js",
    "start": 1568119630288,
    "end": 1568119630288,
    "duration": 0,
    "pid": 7836,
    "index": 65
  },
  {
    "name": "Before Start in node_modules/_egg-core@4.17.3@egg-core/lib/egg.js:303:10",
    "start": 1568119630289,
    "end": 1568119630313,
    "duration": 24,
    "pid": 7836,
    "index": 66
  }
]