[
  {
    "name": "Application Start",
    "start": 1568102519898,
    "end": 1568102521074,
    "duration": 1176,
    "pid": 8412,
    "index": 0
  },
  {
    "name": "Load Plugin",
    "start": 1568102519904,
    "end": 1568102519928,
    "duration": 24,
    "pid": 8412,
    "index": 1
  },
  {
    "name": "Load Config",
    "start": 1568102519929,
    "end": 1568102519958,
    "duration": 29,
    "pid": 8412,
    "index": 2
  },
  {
    "name": "Require(0) config/config.default.js",
    "start": 1568102519930,
    "end": 1568102519931,
    "duration": 1,
    "pid": 8412,
    "index": 3
  },
  {
    "name": "Require(1) node_modules/_egg-session@3.1.0@egg-session/config/config.default.js",
    "start": 1568102519933,
    "end": 1568102519933,
    "duration": 0,
    "pid": 8412,
    "index": 4
  },
  {
    "name": "Require(2) node_modules/_egg-security@2.6.1@egg-security/config/config.default.js",
    "start": 1568102519934,
    "end": 1568102519935,
    "duration": 1,
    "pid": 8412,
    "index": 5
  },
  {
    "name": "Require(3) node_modules/_egg-jsonp@2.0.0@egg-jsonp/config/config.default.js",
    "start": 1568102519937,
    "end": 1568102519937,
    "duration": 0,
    "pid": 8412,
    "index": 6
  },
  {
    "name": "Require(4) node_modules/_egg-onerror@2.1.0@egg-onerror/config/config.default.js",
    "start": 1568102519938,
    "end": 1568102519938,
    "duration": 0,
    "pid": 8412,
    "index": 7
  },
  {
    "name": "Require(5) node_modules/_egg-i18n@2.1.1@egg-i18n/config/config.default.js",
    "start": 1568102519939,
    "end": 1568102519939,
    "duration": 0,
    "pid": 8412,
    "index": 8
  },
  {
    "name": "Require(6) node_modules/_egg-watcher@3.1.0@egg-watcher/config/config.default.js",
    "start": 1568102519940,
    "end": 1568102519940,
    "duration": 0,
    "pid": 8412,
    "index": 9
  },
  {
    "name": "Require(7) node_modules/_egg-schedule@3.6.4@egg-schedule/config/config.default.js",
    "start": 1568102519941,
    "end": 1568102519941,
    "duration": 0,
    "pid": 8412,
    "index": 10
  },
  {
    "name": "Require(8) node_modules/_egg-multipart@2.9.0@egg-multipart/config/config.default.js",
    "start": 1568102519942,
    "end": 1568102519942,
    "duration": 0,
    "pid": 8412,
    "index": 11
  },
  {
    "name": "Require(9) node_modules/_egg-development@2.4.3@egg-development/config/config.default.js",
    "start": 1568102519943,
    "end": 1568102519944,
    "duration": 1,
    "pid": 8412,
    "index": 12
  },
  {
    "name": "Require(10) node_modules/_egg-logrotator@3.1.0@egg-logrotator/config/config.default.js",
    "start": 1568102519944,
    "end": 1568102519945,
    "duration": 1,
    "pid": 8412,
    "index": 13
  },
  {
    "name": "Require(11) node_modules/_egg-static@2.2.0@egg-static/config/config.default.js",
    "start": 1568102519945,
    "end": 1568102519946,
    "duration": 1,
    "pid": 8412,
    "index": 14
  },
  {
    "name": "Require(12) node_modules/_egg-view@2.1.2@egg-view/config/config.default.js",
    "start": 1568102519946,
    "end": 1568102519947,
    "duration": 1,
    "pid": 8412,
    "index": 15
  },
  {
    "name": "Require(13) node_modules/_egg-sequelize@5.2.0@egg-sequelize/config/config.default.js",
    "start": 1568102519947,
    "end": 1568102519948,
    "duration": 1,
    "pid": 8412,
    "index": 16
  },
  {
    "name": "Require(14) node_modules/_egg@2.23.0@egg/config/config.default.js",
    "start": 1568102519948,
    "end": 1568102519949,
    "duration": 1,
    "pid": 8412,
    "index": 17
  },
  {
    "name": "Require(15) config/config.default.js",
    "start": 1568102519950,
    "end": 1568102519950,
    "duration": 0,
    "pid": 8412,
    "index": 18
  },
  {
    "name": "Require(16) node_modules/_egg-security@2.6.1@egg-security/config/config.local.js",
    "start": 1568102519951,
    "end": 1568102519952,
    "duration": 1,
    "pid": 8412,
    "index": 19
  },
  {
    "name": "Require(17) node_modules/_egg-watcher@3.1.0@egg-watcher/config/config.local.js",
    "start": 1568102519953,
    "end": 1568102519954,
    "duration": 1,
    "pid": 8412,
    "index": 20
  },
  {
    "name": "Require(18) node_modules/_egg-view@2.1.2@egg-view/config/config.local.js",
    "start": 1568102519956,
    "end": 1568102519956,
    "duration": 0,
    "pid": 8412,
    "index": 21
  },
  {
    "name": "Require(19) node_modules/_egg@2.23.0@egg/config/config.local.js",
    "start": 1568102519957,
    "end": 1568102519957,
    "duration": 0,
    "pid": 8412,
    "index": 22
  },
  {
    "name": "Load extend/application.js",
    "start": 1568102519959,
    "end": 1568102519979,
    "duration": 20,
    "pid": 8412,
    "index": 23
  },
  {
    "name": "Require(20) node_modules/_egg-session@3.1.0@egg-session/app/extend/application.js",
    "start": 1568102519960,
    "end": 1568102519961,
    "duration": 1,
    "pid": 8412,
    "index": 24
  },
  {
    "name": "Require(21) node_modules/_egg-security@2.6.1@egg-security/app/extend/application.js",
    "start": 1568102519962,
    "end": 1568102519963,
    "duration": 1,
    "pid": 8412,
    "index": 25
  },
  {
    "name": "Require(22) node_modules/_egg-jsonp@2.0.0@egg-jsonp/app/extend/application.js",
    "start": 1568102519964,
    "end": 1568102519967,
    "duration": 3,
    "pid": 8412,
    "index": 26
  },
  {
    "name": "Require(23) node_modules/_egg-logrotator@3.1.0@egg-logrotator/app/extend/application.js",
    "start": 1568102519969,
    "end": 1568102519972,
    "duration": 3,
    "pid": 8412,
    "index": 27
  },
  {
    "name": "Require(24) node_modules/_egg-view@2.1.2@egg-view/app/extend/application.js",
    "start": 1568102519973,
    "end": 1568102519975,
    "duration": 2,
    "pid": 8412,
    "index": 28
  },
  {
    "name": "Load extend/request.js",
    "start": 1568102519979,
    "end": 1568102519988,
    "duration": 9,
    "pid": 8412,
    "index": 29
  },
  {
    "name": "Require(25) node_modules/_egg@2.23.0@egg/app/extend/request.js",
    "start": 1568102519982,
    "end": 1568102519985,
    "duration": 3,
    "pid": 8412,
    "index": 30
  },
  {
    "name": "Load extend/response.js",
    "start": 1568102519988,
    "end": 1568102519998,
    "duration": 10,
    "pid": 8412,
    "index": 31
  },
  {
    "name": "Require(26) node_modules/_egg@2.23.0@egg/app/extend/response.js",
    "start": 1568102519992,
    "end": 1568102519995,
    "duration": 3,
    "pid": 8412,
    "index": 32
  },
  {
    "name": "Load extend/context.js",
    "start": 1568102519999,
    "end": 1568102520108,
    "duration": 109,
    "pid": 8412,
    "index": 33
  },
  {
    "name": "Require(27) node_modules/_egg-security@2.6.1@egg-security/app/extend/context.js",
    "start": 1568102519999,
    "end": 1568102520020,
    "duration": 21,
    "pid": 8412,
    "index": 34
  },
  {
    "name": "Require(28) node_modules/_egg-jsonp@2.0.0@egg-jsonp/app/extend/context.js",
    "start": 1568102520021,
    "end": 1568102520023,
    "duration": 2,
    "pid": 8412,
    "index": 35
  },
  {
    "name": "Require(29) node_modules/_egg-i18n@2.1.1@egg-i18n/app/extend/context.js",
    "start": 1568102520024,
    "end": 1568102520025,
    "duration": 1,
    "pid": 8412,
    "index": 36
  },
  {
    "name": "Require(30) node_modules/_egg-multipart@2.9.0@egg-multipart/app/extend/context.js",
    "start": 1568102520026,
    "end": 1568102520098,
    "duration": 72,
    "pid": 8412,
    "index": 37
  },
  {
    "name": "Require(31) node_modules/_egg-view@2.1.2@egg-view/app/extend/context.js",
    "start": 1568102520099,
    "end": 1568102520100,
    "duration": 1,
    "pid": 8412,
    "index": 38
  },
  {
    "name": "Require(32) node_modules/_egg@2.23.0@egg/app/extend/context.js",
    "start": 1568102520101,
    "end": 1568102520105,
    "duration": 4,
    "pid": 8412,
    "index": 39
  },
  {
    "name": "Load extend/helper.js",
    "start": 1568102520108,
    "end": 1568102520144,
    "duration": 36,
    "pid": 8412,
    "index": 40
  },
  {
    "name": "Require(33) node_modules/_egg-security@2.6.1@egg-security/app/extend/helper.js",
    "start": 1568102520109,
    "end": 1568102520137,
    "duration": 28,
    "pid": 8412,
    "index": 41
  },
  {
    "name": "Require(34) node_modules/_egg@2.23.0@egg/app/extend/helper.js",
    "start": 1568102520140,
    "end": 1568102520141,
    "duration": 1,
    "pid": 8412,
    "index": 42
  },
  {
    "name": "Load app.js",
    "start": 1568102520144,
    "end": 1568102520196,
    "duration": 52,
    "pid": 8412,
    "index": 43
  },
  {
    "name": "Require(35) node_modules/_egg-session@3.1.0@egg-session/app.js",
    "start": 1568102520145,
    "end": 1568102520145,
    "duration": 0,
    "pid": 8412,
    "index": 44
  },
  {
    "name": "Require(36) node_modules/_egg-security@2.6.1@egg-security/app.js",
    "start": 1568102520146,
    "end": 1568102520150,
    "duration": 4,
    "pid": 8412,
    "index": 45
  },
  {
    "name": "Require(37) node_modules/_egg-onerror@2.1.0@egg-onerror/app.js",
    "start": 1568102520151,
    "end": 1568102520165,
    "duration": 14,
    "pid": 8412,
    "index": 46
  },
  {
    "name": "Require(38) node_modules/_egg-i18n@2.1.1@egg-i18n/app.js",
    "start": 1568102520166,
    "end": 1568102520177,
    "duration": 11,
    "pid": 8412,
    "index": 47
  },
  {
    "name": "Require(39) node_modules/_egg-watcher@3.1.0@egg-watcher/app.js",
    "start": 1568102520177,
    "end": 1568102520183,
    "duration": 6,
    "pid": 8412,
    "index": 48
  },
  {
    "name": "Require(40) node_modules/_egg-schedule@3.6.4@egg-schedule/app.js",
    "start": 1568102520184,
    "end": 1568102520186,
    "duration": 2,
    "pid": 8412,
    "index": 49
  },
  {
    "name": "Require(41) node_modules/_egg-multipart@2.9.0@egg-multipart/app.js",
    "start": 1568102520187,
    "end": 1568102520191,
    "duration": 4,
    "pid": 8412,
    "index": 50
  },
  {
    "name": "Require(42) node_modules/_egg-development@2.4.3@egg-development/app.js",
    "start": 1568102520191,
    "end": 1568102520192,
    "duration": 1,
    "pid": 8412,
    "index": 51
  },
  {
    "name": "Require(43) node_modules/_egg-logrotator@3.1.0@egg-logrotator/app.js",
    "start": 1568102520192,
    "end": 1568102520192,
    "duration": 0,
    "pid": 8412,
    "index": 52
  },
  {
    "name": "Require(44) node_modules/_egg-static@2.2.0@egg-static/app.js",
    "start": 1568102520193,
    "end": 1568102520193,
    "duration": 0,
    "pid": 8412,
    "index": 53
  },
  {
    "name": "Require(45) node_modules/_egg-sequelize@5.2.0@egg-sequelize/app.js",
    "start": 1568102520194,
    "end": 1568102520194,
    "duration": 0,
    "pid": 8412,
    "index": 54
  },
  {
    "name": "Before Start in node_modules/_egg-watcher@3.1.0@egg-watcher/lib/init.js:15:14",
    "start": 1568102520211,
    "end": 1568102521040,
    "duration": 829,
    "pid": 8412,
    "index": 55
  },
  {
    "name": "Load \"Symbol(model)\" to Application",
    "start": 1568102520796,
    "end": 1568102520814,
    "duration": 18,
    "pid": 8412,
    "index": 56
  },
  {
    "name": "Before Start in node_modules/_egg-sequelize@5.2.0@egg-sequelize/lib/loader.js:39:7",
    "start": 1568102520820,
    "end": 1568102521073,
    "duration": 253,
    "pid": 8412,
    "index": 57
  },
  {
    "name": "Load Service",
    "start": 1568102520820,
    "end": 1568102520825,
    "duration": 5,
    "pid": 8412,
    "index": 58
  },
  {
    "name": "Load \"service\" to Context",
    "start": 1568102520821,
    "end": 1568102520825,
    "duration": 4,
    "pid": 8412,
    "index": 59
  },
  {
    "name": "Load Middleware",
    "start": 1568102520826,
    "end": 1568102520961,
    "duration": 135,
    "pid": 8412,
    "index": 60
  },
  {
    "name": "Load \"middlewares\" to Application",
    "start": 1568102520826,
    "end": 1568102520945,
    "duration": 119,
    "pid": 8412,
    "index": 61
  },
  {
    "name": "Load Controller",
    "start": 1568102520961,
    "end": 1568102520965,
    "duration": 4,
    "pid": 8412,
    "index": 62
  },
  {
    "name": "Load \"controller\" to Application",
    "start": 1568102520961,
    "end": 1568102520965,
    "duration": 4,
    "pid": 8412,
    "index": 63
  },
  {
    "name": "Load Router",
    "start": 1568102520965,
    "end": 1568102520968,
    "duration": 3,
    "pid": 8412,
    "index": 64
  },
  {
    "name": "Require(46) app/router.js",
    "start": 1568102520966,
    "end": 1568102520966,
    "duration": 0,
    "pid": 8412,
    "index": 65
  },
  {
    "name": "Before Start in node_modules/_egg-core@4.17.3@egg-core/lib/egg.js:303:10",
    "start": 1568102520967,
    "end": 1568102520990,
    "duration": 23,
    "pid": 8412,
    "index": 66
  }
]