[
  {
    "name": "Application Start",
    "start": 1568110296141,
    "end": 1568110297268,
    "duration": 1127,
    "pid": 3900,
    "index": 0
  },
  {
    "name": "Load Plugin",
    "start": 1568110296147,
    "end": 1568110296171,
    "duration": 24,
    "pid": 3900,
    "index": 1
  },
  {
    "name": "Load Config",
    "start": 1568110296172,
    "end": 1568110296201,
    "duration": 29,
    "pid": 3900,
    "index": 2
  },
  {
    "name": "Require(0) config/config.default.js",
    "start": 1568110296173,
    "end": 1568110296173,
    "duration": 0,
    "pid": 3900,
    "index": 3
  },
  {
    "name": "Require(1) node_modules/_egg-session@3.1.0@egg-session/config/config.default.js",
    "start": 1568110296175,
    "end": 1568110296176,
    "duration": 1,
    "pid": 3900,
    "index": 4
  },
  {
    "name": "Require(2) node_modules/_egg-security@2.6.1@egg-security/config/config.default.js",
    "start": 1568110296177,
    "end": 1568110296177,
    "duration": 0,
    "pid": 3900,
    "index": 5
  },
  {
    "name": "Require(3) node_modules/_egg-jsonp@2.0.0@egg-jsonp/config/config.default.js",
    "start": 1568110296178,
    "end": 1568110296179,
    "duration": 1,
    "pid": 3900,
    "index": 6
  },
  {
    "name": "Require(4) node_modules/_egg-onerror@2.1.0@egg-onerror/config/config.default.js",
    "start": 1568110296179,
    "end": 1568110296180,
    "duration": 1,
    "pid": 3900,
    "index": 7
  },
  {
    "name": "Require(5) node_modules/_egg-i18n@2.1.1@egg-i18n/config/config.default.js",
    "start": 1568110296180,
    "end": 1568110296181,
    "duration": 1,
    "pid": 3900,
    "index": 8
  },
  {
    "name": "Require(6) node_modules/_egg-watcher@3.1.0@egg-watcher/config/config.default.js",
    "start": 1568110296182,
    "end": 1568110296182,
    "duration": 0,
    "pid": 3900,
    "index": 9
  },
  {
    "name": "Require(7) node_modules/_egg-schedule@3.6.4@egg-schedule/config/config.default.js",
    "start": 1568110296183,
    "end": 1568110296184,
    "duration": 1,
    "pid": 3900,
    "index": 10
  },
  {
    "name": "Require(8) node_modules/_egg-multipart@2.9.0@egg-multipart/config/config.default.js",
    "start": 1568110296185,
    "end": 1568110296185,
    "duration": 0,
    "pid": 3900,
    "index": 11
  },
  {
    "name": "Require(9) node_modules/_egg-development@2.4.3@egg-development/config/config.default.js",
    "start": 1568110296186,
    "end": 1568110296187,
    "duration": 1,
    "pid": 3900,
    "index": 12
  },
  {
    "name": "Require(10) node_modules/_egg-logrotator@3.1.0@egg-logrotator/config/config.default.js",
    "start": 1568110296187,
    "end": 1568110296188,
    "duration": 1,
    "pid": 3900,
    "index": 13
  },
  {
    "name": "Require(11) node_modules/_egg-static@2.2.0@egg-static/config/config.default.js",
    "start": 1568110296189,
    "end": 1568110296189,
    "duration": 0,
    "pid": 3900,
    "index": 14
  },
  {
    "name": "Require(12) node_modules/_egg-view@2.1.2@egg-view/config/config.default.js",
    "start": 1568110296191,
    "end": 1568110296191,
    "duration": 0,
    "pid": 3900,
    "index": 15
  },
  {
    "name": "Require(13) node_modules/_egg-sequelize@5.2.0@egg-sequelize/config/config.default.js",
    "start": 1568110296192,
    "end": 1568110296192,
    "duration": 0,
    "pid": 3900,
    "index": 16
  },
  {
    "name": "Require(14) node_modules/_egg@2.23.0@egg/config/config.default.js",
    "start": 1568110296193,
    "end": 1568110296193,
    "duration": 0,
    "pid": 3900,
    "index": 17
  },
  {
    "name": "Require(15) config/config.default.js",
    "start": 1568110296195,
    "end": 1568110296195,
    "duration": 0,
    "pid": 3900,
    "index": 18
  },
  {
    "name": "Require(16) node_modules/_egg-security@2.6.1@egg-security/config/config.local.js",
    "start": 1568110296196,
    "end": 1568110296196,
    "duration": 0,
    "pid": 3900,
    "index": 19
  },
  {
    "name": "Require(17) node_modules/_egg-watcher@3.1.0@egg-watcher/config/config.local.js",
    "start": 1568110296197,
    "end": 1568110296198,
    "duration": 1,
    "pid": 3900,
    "index": 20
  },
  {
    "name": "Require(18) node_modules/_egg-view@2.1.2@egg-view/config/config.local.js",
    "start": 1568110296199,
    "end": 1568110296199,
    "duration": 0,
    "pid": 3900,
    "index": 21
  },
  {
    "name": "Require(19) node_modules/_egg@2.23.0@egg/config/config.local.js",
    "start": 1568110296200,
    "end": 1568110296201,
    "duration": 1,
    "pid": 3900,
    "index": 22
  },
  {
    "name": "Load extend/application.js",
    "start": 1568110296202,
    "end": 1568110296224,
    "duration": 22,
    "pid": 3900,
    "index": 23
  },
  {
    "name": "Require(20) node_modules/_egg-session@3.1.0@egg-session/app/extend/application.js",
    "start": 1568110296203,
    "end": 1568110296204,
    "duration": 1,
    "pid": 3900,
    "index": 24
  },
  {
    "name": "Require(21) node_modules/_egg-security@2.6.1@egg-security/app/extend/application.js",
    "start": 1568110296205,
    "end": 1568110296206,
    "duration": 1,
    "pid": 3900,
    "index": 25
  },
  {
    "name": "Require(22) node_modules/_egg-jsonp@2.0.0@egg-jsonp/app/extend/application.js",
    "start": 1568110296206,
    "end": 1568110296210,
    "duration": 4,
    "pid": 3900,
    "index": 26
  },
  {
    "name": "Require(23) node_modules/_egg-logrotator@3.1.0@egg-logrotator/app/extend/application.js",
    "start": 1568110296212,
    "end": 1568110296217,
    "duration": 5,
    "pid": 3900,
    "index": 27
  },
  {
    "name": "Require(24) node_modules/_egg-view@2.1.2@egg-view/app/extend/application.js",
    "start": 1568110296218,
    "end": 1568110296220,
    "duration": 2,
    "pid": 3900,
    "index": 28
  },
  {
    "name": "Load extend/request.js",
    "start": 1568110296224,
    "end": 1568110296233,
    "duration": 9,
    "pid": 3900,
    "index": 29
  },
  {
    "name": "Require(25) node_modules/_egg@2.23.0@egg/app/extend/request.js",
    "start": 1568110296227,
    "end": 1568110296229,
    "duration": 2,
    "pid": 3900,
    "index": 30
  },
  {
    "name": "Load extend/response.js",
    "start": 1568110296233,
    "end": 1568110296244,
    "duration": 11,
    "pid": 3900,
    "index": 31
  },
  {
    "name": "Require(26) node_modules/_egg@2.23.0@egg/app/extend/response.js",
    "start": 1568110296237,
    "end": 1568110296240,
    "duration": 3,
    "pid": 3900,
    "index": 32
  },
  {
    "name": "Load extend/context.js",
    "start": 1568110296244,
    "end": 1568110296356,
    "duration": 112,
    "pid": 3900,
    "index": 33
  },
  {
    "name": "Require(27) node_modules/_egg-security@2.6.1@egg-security/app/extend/context.js",
    "start": 1568110296245,
    "end": 1568110296266,
    "duration": 21,
    "pid": 3900,
    "index": 34
  },
  {
    "name": "Require(28) node_modules/_egg-jsonp@2.0.0@egg-jsonp/app/extend/context.js",
    "start": 1568110296267,
    "end": 1568110296270,
    "duration": 3,
    "pid": 3900,
    "index": 35
  },
  {
    "name": "Require(29) node_modules/_egg-i18n@2.1.1@egg-i18n/app/extend/context.js",
    "start": 1568110296271,
    "end": 1568110296271,
    "duration": 0,
    "pid": 3900,
    "index": 36
  },
  {
    "name": "Require(30) node_modules/_egg-multipart@2.9.0@egg-multipart/app/extend/context.js",
    "start": 1568110296273,
    "end": 1568110296346,
    "duration": 73,
    "pid": 3900,
    "index": 37
  },
  {
    "name": "Require(31) node_modules/_egg-view@2.1.2@egg-view/app/extend/context.js",
    "start": 1568110296347,
    "end": 1568110296349,
    "duration": 2,
    "pid": 3900,
    "index": 38
  },
  {
    "name": "Require(32) node_modules/_egg@2.23.0@egg/app/extend/context.js",
    "start": 1568110296349,
    "end": 1568110296353,
    "duration": 4,
    "pid": 3900,
    "index": 39
  },
  {
    "name": "Load extend/helper.js",
    "start": 1568110296356,
    "end": 1568110296391,
    "duration": 35,
    "pid": 3900,
    "index": 40
  },
  {
    "name": "Require(33) node_modules/_egg-security@2.6.1@egg-security/app/extend/helper.js",
    "start": 1568110296357,
    "end": 1568110296385,
    "duration": 28,
    "pid": 3900,
    "index": 41
  },
  {
    "name": "Require(34) node_modules/_egg@2.23.0@egg/app/extend/helper.js",
    "start": 1568110296388,
    "end": 1568110296388,
    "duration": 0,
    "pid": 3900,
    "index": 42
  },
  {
    "name": "Load app.js",
    "start": 1568110296392,
    "end": 1568110296444,
    "duration": 52,
    "pid": 3900,
    "index": 43
  },
  {
    "name": "Require(35) node_modules/_egg-session@3.1.0@egg-session/app.js",
    "start": 1568110296392,
    "end": 1568110296393,
    "duration": 1,
    "pid": 3900,
    "index": 44
  },
  {
    "name": "Require(36) node_modules/_egg-security@2.6.1@egg-security/app.js",
    "start": 1568110296393,
    "end": 1568110296397,
    "duration": 4,
    "pid": 3900,
    "index": 45
  },
  {
    "name": "Require(37) node_modules/_egg-onerror@2.1.0@egg-onerror/app.js",
    "start": 1568110296397,
    "end": 1568110296412,
    "duration": 15,
    "pid": 3900,
    "index": 46
  },
  {
    "name": "Require(38) node_modules/_egg-i18n@2.1.1@egg-i18n/app.js",
    "start": 1568110296412,
    "end": 1568110296424,
    "duration": 12,
    "pid": 3900,
    "index": 47
  },
  {
    "name": "Require(39) node_modules/_egg-watcher@3.1.0@egg-watcher/app.js",
    "start": 1568110296424,
    "end": 1568110296431,
    "duration": 7,
    "pid": 3900,
    "index": 48
  },
  {
    "name": "Require(40) node_modules/_egg-schedule@3.6.4@egg-schedule/app.js",
    "start": 1568110296431,
    "end": 1568110296434,
    "duration": 3,
    "pid": 3900,
    "index": 49
  },
  {
    "name": "Require(41) node_modules/_egg-multipart@2.9.0@egg-multipart/app.js",
    "start": 1568110296435,
    "end": 1568110296439,
    "duration": 4,
    "pid": 3900,
    "index": 50
  },
  {
    "name": "Require(42) node_modules/_egg-development@2.4.3@egg-development/app.js",
    "start": 1568110296439,
    "end": 1568110296439,
    "duration": 0,
    "pid": 3900,
    "index": 51
  },
  {
    "name": "Require(43) node_modules/_egg-logrotator@3.1.0@egg-logrotator/app.js",
    "start": 1568110296440,
    "end": 1568110296440,
    "duration": 0,
    "pid": 3900,
    "index": 52
  },
  {
    "name": "Require(44) node_modules/_egg-static@2.2.0@egg-static/app.js",
    "start": 1568110296440,
    "end": 1568110296441,
    "duration": 1,
    "pid": 3900,
    "index": 53
  },
  {
    "name": "Require(45) node_modules/_egg-sequelize@5.2.0@egg-sequelize/app.js",
    "start": 1568110296442,
    "end": 1568110296442,
    "duration": 0,
    "pid": 3900,
    "index": 54
  },
  {
    "name": "Before Start in node_modules/_egg-watcher@3.1.0@egg-watcher/lib/init.js:15:14",
    "start": 1568110296463,
    "end": 1568110297235,
    "duration": 772,
    "pid": 3900,
    "index": 55
  },
  {
    "name": "Load \"Symbol(model)\" to Application",
    "start": 1568110296982,
    "end": 1568110297007,
    "duration": 25,
    "pid": 3900,
    "index": 56
  },
  {
    "name": "Before Start in node_modules/_egg-sequelize@5.2.0@egg-sequelize/lib/loader.js:39:7",
    "start": 1568110297014,
    "end": 1568110297267,
    "duration": 253,
    "pid": 3900,
    "index": 57
  },
  {
    "name": "Load Service",
    "start": 1568110297014,
    "end": 1568110297019,
    "duration": 5,
    "pid": 3900,
    "index": 58
  },
  {
    "name": "Load \"service\" to Context",
    "start": 1568110297014,
    "end": 1568110297019,
    "duration": 5,
    "pid": 3900,
    "index": 59
  },
  {
    "name": "Load Middleware",
    "start": 1568110297019,
    "end": 1568110297149,
    "duration": 130,
    "pid": 3900,
    "index": 60
  },
  {
    "name": "Load \"middlewares\" to Application",
    "start": 1568110297020,
    "end": 1568110297133,
    "duration": 113,
    "pid": 3900,
    "index": 61
  },
  {
    "name": "Load Controller",
    "start": 1568110297149,
    "end": 1568110297153,
    "duration": 4,
    "pid": 3900,
    "index": 62
  },
  {
    "name": "Load \"controller\" to Application",
    "start": 1568110297149,
    "end": 1568110297153,
    "duration": 4,
    "pid": 3900,
    "index": 63
  },
  {
    "name": "Load Router",
    "start": 1568110297153,
    "end": 1568110297156,
    "duration": 3,
    "pid": 3900,
    "index": 64
  },
  {
    "name": "Require(46) app/router.js",
    "start": 1568110297154,
    "end": 1568110297154,
    "duration": 0,
    "pid": 3900,
    "index": 65
  },
  {
    "name": "Before Start in node_modules/_egg-core@4.17.3@egg-core/lib/egg.js:303:10",
    "start": 1568110297155,
    "end": 1568110297176,
    "duration": 21,
    "pid": 3900,
    "index": 66
  }
]