[
  {
    "name": "Application Start",
    "start": 1568119731343,
    "end": 1568119732710,
    "duration": 1367,
    "pid": 12364,
    "index": 0
  },
  {
    "name": "Load Plugin",
    "start": 1568119731349,
    "end": 1568119731377,
    "duration": 28,
    "pid": 12364,
    "index": 1
  },
  {
    "name": "Load Config",
    "start": 1568119731378,
    "end": 1568119731408,
    "duration": 30,
    "pid": 12364,
    "index": 2
  },
  {
    "name": "Require(0) config/config.default.js",
    "start": 1568119731379,
    "end": 1568119731380,
    "duration": 1,
    "pid": 12364,
    "index": 3
  },
  {
    "name": "Require(1) node_modules/_egg-session@3.1.0@egg-session/config/config.default.js",
    "start": 1568119731383,
    "end": 1568119731383,
    "duration": 0,
    "pid": 12364,
    "index": 4
  },
  {
    "name": "Require(2) node_modules/_egg-security@2.6.1@egg-security/config/config.default.js",
    "start": 1568119731384,
    "end": 1568119731384,
    "duration": 0,
    "pid": 12364,
    "index": 5
  },
  {
    "name": "Require(3) node_modules/_egg-jsonp@2.0.0@egg-jsonp/config/config.default.js",
    "start": 1568119731386,
    "end": 1568119731387,
    "duration": 1,
    "pid": 12364,
    "index": 6
  },
  {
    "name": "Require(4) node_modules/_egg-onerror@2.1.0@egg-onerror/config/config.default.js",
    "start": 1568119731387,
    "end": 1568119731388,
    "duration": 1,
    "pid": 12364,
    "index": 7
  },
  {
    "name": "Require(5) node_modules/_egg-i18n@2.1.1@egg-i18n/config/config.default.js",
    "start": 1568119731389,
    "end": 1568119731389,
    "duration": 0,
    "pid": 12364,
    "index": 8
  },
  {
    "name": "Require(6) node_modules/_egg-watcher@3.1.0@egg-watcher/config/config.default.js",
    "start": 1568119731390,
    "end": 1568119731390,
    "duration": 0,
    "pid": 12364,
    "index": 9
  },
  {
    "name": "Require(7) node_modules/_egg-schedule@3.6.4@egg-schedule/config/config.default.js",
    "start": 1568119731391,
    "end": 1568119731391,
    "duration": 0,
    "pid": 12364,
    "index": 10
  },
  {
    "name": "Require(8) node_modules/_egg-multipart@2.9.0@egg-multipart/config/config.default.js",
    "start": 1568119731392,
    "end": 1568119731392,
    "duration": 0,
    "pid": 12364,
    "index": 11
  },
  {
    "name": "Require(9) node_modules/_egg-development@2.4.3@egg-development/config/config.default.js",
    "start": 1568119731393,
    "end": 1568119731393,
    "duration": 0,
    "pid": 12364,
    "index": 12
  },
  {
    "name": "Require(10) node_modules/_egg-logrotator@3.1.0@egg-logrotator/config/config.default.js",
    "start": 1568119731394,
    "end": 1568119731394,
    "duration": 0,
    "pid": 12364,
    "index": 13
  },
  {
    "name": "Require(11) node_modules/_egg-static@2.2.0@egg-static/config/config.default.js",
    "start": 1568119731395,
    "end": 1568119731395,
    "duration": 0,
    "pid": 12364,
    "index": 14
  },
  {
    "name": "Require(12) node_modules/_egg-view@2.1.2@egg-view/config/config.default.js",
    "start": 1568119731396,
    "end": 1568119731397,
    "duration": 1,
    "pid": 12364,
    "index": 15
  },
  {
    "name": "Require(13) node_modules/_egg-sequelize@5.2.0@egg-sequelize/config/config.default.js",
    "start": 1568119731397,
    "end": 1568119731398,
    "duration": 1,
    "pid": 12364,
    "index": 16
  },
  {
    "name": "Require(14) node_modules/_egg@2.23.0@egg/config/config.default.js",
    "start": 1568119731398,
    "end": 1568119731399,
    "duration": 1,
    "pid": 12364,
    "index": 17
  },
  {
    "name": "Require(15) config/config.default.js",
    "start": 1568119731401,
    "end": 1568119731401,
    "duration": 0,
    "pid": 12364,
    "index": 18
  },
  {
    "name": "Require(16) node_modules/_egg-security@2.6.1@egg-security/config/config.local.js",
    "start": 1568119731402,
    "end": 1568119731402,
    "duration": 0,
    "pid": 12364,
    "index": 19
  },
  {
    "name": "Require(17) node_modules/_egg-watcher@3.1.0@egg-watcher/config/config.local.js",
    "start": 1568119731403,
    "end": 1568119731404,
    "duration": 1,
    "pid": 12364,
    "index": 20
  },
  {
    "name": "Require(18) node_modules/_egg-view@2.1.2@egg-view/config/config.local.js",
    "start": 1568119731406,
    "end": 1568119731406,
    "duration": 0,
    "pid": 12364,
    "index": 21
  },
  {
    "name": "Require(19) node_modules/_egg@2.23.0@egg/config/config.local.js",
    "start": 1568119731407,
    "end": 1568119731407,
    "duration": 0,
    "pid": 12364,
    "index": 22
  },
  {
    "name": "Load extend/application.js",
    "start": 1568119731410,
    "end": 1568119731434,
    "duration": 24,
    "pid": 12364,
    "index": 23
  },
  {
    "name": "Require(20) node_modules/_egg-session@3.1.0@egg-session/app/extend/application.js",
    "start": 1568119731411,
    "end": 1568119731412,
    "duration": 1,
    "pid": 12364,
    "index": 24
  },
  {
    "name": "Require(21) node_modules/_egg-security@2.6.1@egg-security/app/extend/application.js",
    "start": 1568119731412,
    "end": 1568119731414,
    "duration": 2,
    "pid": 12364,
    "index": 25
  },
  {
    "name": "Require(22) node_modules/_egg-jsonp@2.0.0@egg-jsonp/app/extend/application.js",
    "start": 1568119731415,
    "end": 1568119731418,
    "duration": 3,
    "pid": 12364,
    "index": 26
  },
  {
    "name": "Require(23) node_modules/_egg-logrotator@3.1.0@egg-logrotator/app/extend/application.js",
    "start": 1568119731420,
    "end": 1568119731423,
    "duration": 3,
    "pid": 12364,
    "index": 27
  },
  {
    "name": "Require(24) node_modules/_egg-view@2.1.2@egg-view/app/extend/application.js",
    "start": 1568119731424,
    "end": 1568119731427,
    "duration": 3,
    "pid": 12364,
    "index": 28
  },
  {
    "name": "Load extend/request.js",
    "start": 1568119731434,
    "end": 1568119731445,
    "duration": 11,
    "pid": 12364,
    "index": 29
  },
  {
    "name": "Require(25) node_modules/_egg@2.23.0@egg/app/extend/request.js",
    "start": 1568119731438,
    "end": 1568119731441,
    "duration": 3,
    "pid": 12364,
    "index": 30
  },
  {
    "name": "Load extend/response.js",
    "start": 1568119731445,
    "end": 1568119731457,
    "duration": 12,
    "pid": 12364,
    "index": 31
  },
  {
    "name": "Require(26) node_modules/_egg@2.23.0@egg/app/extend/response.js",
    "start": 1568119731449,
    "end": 1568119731453,
    "duration": 4,
    "pid": 12364,
    "index": 32
  },
  {
    "name": "Load extend/context.js",
    "start": 1568119731457,
    "end": 1568119731583,
    "duration": 126,
    "pid": 12364,
    "index": 33
  },
  {
    "name": "Require(27) node_modules/_egg-security@2.6.1@egg-security/app/extend/context.js",
    "start": 1568119731458,
    "end": 1568119731479,
    "duration": 21,
    "pid": 12364,
    "index": 34
  },
  {
    "name": "Require(28) node_modules/_egg-jsonp@2.0.0@egg-jsonp/app/extend/context.js",
    "start": 1568119731480,
    "end": 1568119731482,
    "duration": 2,
    "pid": 12364,
    "index": 35
  },
  {
    "name": "Require(29) node_modules/_egg-i18n@2.1.1@egg-i18n/app/extend/context.js",
    "start": 1568119731483,
    "end": 1568119731484,
    "duration": 1,
    "pid": 12364,
    "index": 36
  },
  {
    "name": "Require(30) node_modules/_egg-multipart@2.9.0@egg-multipart/app/extend/context.js",
    "start": 1568119731485,
    "end": 1568119731572,
    "duration": 87,
    "pid": 12364,
    "index": 37
  },
  {
    "name": "Require(31) node_modules/_egg-view@2.1.2@egg-view/app/extend/context.js",
    "start": 1568119731573,
    "end": 1568119731575,
    "duration": 2,
    "pid": 12364,
    "index": 38
  },
  {
    "name": "Require(32) node_modules/_egg@2.23.0@egg/app/extend/context.js",
    "start": 1568119731576,
    "end": 1568119731579,
    "duration": 3,
    "pid": 12364,
    "index": 39
  },
  {
    "name": "Load extend/helper.js",
    "start": 1568119731584,
    "end": 1568119731625,
    "duration": 41,
    "pid": 12364,
    "index": 40
  },
  {
    "name": "Require(33) node_modules/_egg-security@2.6.1@egg-security/app/extend/helper.js",
    "start": 1568119731584,
    "end": 1568119731618,
    "duration": 34,
    "pid": 12364,
    "index": 41
  },
  {
    "name": "Require(34) node_modules/_egg@2.23.0@egg/app/extend/helper.js",
    "start": 1568119731621,
    "end": 1568119731622,
    "duration": 1,
    "pid": 12364,
    "index": 42
  },
  {
    "name": "Load app.js",
    "start": 1568119731626,
    "end": 1568119731686,
    "duration": 60,
    "pid": 12364,
    "index": 43
  },
  {
    "name": "Require(35) node_modules/_egg-session@3.1.0@egg-session/app.js",
    "start": 1568119731626,
    "end": 1568119731627,
    "duration": 1,
    "pid": 12364,
    "index": 44
  },
  {
    "name": "Require(36) node_modules/_egg-security@2.6.1@egg-security/app.js",
    "start": 1568119731627,
    "end": 1568119731631,
    "duration": 4,
    "pid": 12364,
    "index": 45
  },
  {
    "name": "Require(37) node_modules/_egg-onerror@2.1.0@egg-onerror/app.js",
    "start": 1568119731632,
    "end": 1568119731650,
    "duration": 18,
    "pid": 12364,
    "index": 46
  },
  {
    "name": "Require(38) node_modules/_egg-i18n@2.1.1@egg-i18n/app.js",
    "start": 1568119731650,
    "end": 1568119731663,
    "duration": 13,
    "pid": 12364,
    "index": 47
  },
  {
    "name": "Require(39) node_modules/_egg-watcher@3.1.0@egg-watcher/app.js",
    "start": 1568119731664,
    "end": 1568119731671,
    "duration": 7,
    "pid": 12364,
    "index": 48
  },
  {
    "name": "Require(40) node_modules/_egg-schedule@3.6.4@egg-schedule/app.js",
    "start": 1568119731671,
    "end": 1568119731675,
    "duration": 4,
    "pid": 12364,
    "index": 49
  },
  {
    "name": "Require(41) node_modules/_egg-multipart@2.9.0@egg-multipart/app.js",
    "start": 1568119731675,
    "end": 1568119731680,
    "duration": 5,
    "pid": 12364,
    "index": 50
  },
  {
    "name": "Require(42) node_modules/_egg-development@2.4.3@egg-development/app.js",
    "start": 1568119731681,
    "end": 1568119731681,
    "duration": 0,
    "pid": 12364,
    "index": 51
  },
  {
    "name": "Require(43) node_modules/_egg-logrotator@3.1.0@egg-logrotator/app.js",
    "start": 1568119731682,
    "end": 1568119731682,
    "duration": 0,
    "pid": 12364,
    "index": 52
  },
  {
    "name": "Require(44) node_modules/_egg-static@2.2.0@egg-static/app.js",
    "start": 1568119731683,
    "end": 1568119731683,
    "duration": 0,
    "pid": 12364,
    "index": 53
  },
  {
    "name": "Require(45) node_modules/_egg-sequelize@5.2.0@egg-sequelize/app.js",
    "start": 1568119731684,
    "end": 1568119731685,
    "duration": 1,
    "pid": 12364,
    "index": 54
  },
  {
    "name": "Before Start in node_modules/_egg-watcher@3.1.0@egg-watcher/lib/init.js:15:14",
    "start": 1568119731705,
    "end": 1568119732651,
    "duration": 946,
    "pid": 12364,
    "index": 55
  },
  {
    "name": "Load \"Symbol(model)\" to Application",
    "start": 1568119732356,
    "end": 1568119732384,
    "duration": 28,
    "pid": 12364,
    "index": 56
  },
  {
    "name": "Before Start in node_modules/_egg-sequelize@5.2.0@egg-sequelize/lib/loader.js:39:7",
    "start": 1568119732394,
    "end": 1568119732709,
    "duration": 315,
    "pid": 12364,
    "index": 57
  },
  {
    "name": "Load Service",
    "start": 1568119732394,
    "end": 1568119732400,
    "duration": 6,
    "pid": 12364,
    "index": 58
  },
  {
    "name": "Load \"service\" to Context",
    "start": 1568119732394,
    "end": 1568119732400,
    "duration": 6,
    "pid": 12364,
    "index": 59
  },
  {
    "name": "Load Middleware",
    "start": 1568119732401,
    "end": 1568119732545,
    "duration": 144,
    "pid": 12364,
    "index": 60
  },
  {
    "name": "Load \"middlewares\" to Application",
    "start": 1568119732401,
    "end": 1568119732528,
    "duration": 127,
    "pid": 12364,
    "index": 61
  },
  {
    "name": "Load Controller",
    "start": 1568119732545,
    "end": 1568119732549,
    "duration": 4,
    "pid": 12364,
    "index": 62
  },
  {
    "name": "Load \"controller\" to Application",
    "start": 1568119732545,
    "end": 1568119732549,
    "duration": 4,
    "pid": 12364,
    "index": 63
  },
  {
    "name": "Load Router",
    "start": 1568119732549,
    "end": 1568119732552,
    "duration": 3,
    "pid": 12364,
    "index": 64
  },
  {
    "name": "Require(46) app/router.js",
    "start": 1568119732550,
    "end": 1568119732550,
    "duration": 0,
    "pid": 12364,
    "index": 65
  },
  {
    "name": "Before Start in node_modules/_egg-core@4.17.3@egg-core/lib/egg.js:303:10",
    "start": 1568119732550,
    "end": 1568119732576,
    "duration": 26,
    "pid": 12364,
    "index": 66
  }
]