[
  {
    "name": "Application Start",
    "start": 1568098531174,
    "end": 1568098532397,
    "duration": 1223,
    "pid": 1476,
    "index": 0
  },
  {
    "name": "Load Plugin",
    "start": 1568098531186,
    "end": 1568098531225,
    "duration": 39,
    "pid": 1476,
    "index": 1
  },
  {
    "name": "Load Config",
    "start": 1568098531226,
    "end": 1568098531275,
    "duration": 49,
    "pid": 1476,
    "index": 2
  },
  {
    "name": "Require(0) config/config.default.js",
    "start": 1568098531227,
    "end": 1568098531228,
    "duration": 1,
    "pid": 1476,
    "index": 3
  },
  {
    "name": "Require(1) node_modules/_egg-session@3.1.0@egg-session/config/config.default.js",
    "start": 1568098531230,
    "end": 1568098531230,
    "duration": 0,
    "pid": 1476,
    "index": 4
  },
  {
    "name": "Require(2) node_modules/_egg-security@2.6.1@egg-security/config/config.default.js",
    "start": 1568098531231,
    "end": 1568098531232,
    "duration": 1,
    "pid": 1476,
    "index": 5
  },
  {
    "name": "Require(3) node_modules/_egg-jsonp@2.0.0@egg-jsonp/config/config.default.js",
    "start": 1568098531234,
    "end": 1568098531234,
    "duration": 0,
    "pid": 1476,
    "index": 6
  },
  {
    "name": "Require(4) node_modules/_egg-onerror@2.1.0@egg-onerror/config/config.default.js",
    "start": 1568098531235,
    "end": 1568098531235,
    "duration": 0,
    "pid": 1476,
    "index": 7
  },
  {
    "name": "Require(5) node_modules/_egg-i18n@2.1.1@egg-i18n/config/config.default.js",
    "start": 1568098531236,
    "end": 1568098531237,
    "duration": 1,
    "pid": 1476,
    "index": 8
  },
  {
    "name": "Require(6) node_modules/_egg-watcher@3.1.0@egg-watcher/config/config.default.js",
    "start": 1568098531238,
    "end": 1568098531239,
    "duration": 1,
    "pid": 1476,
    "index": 9
  },
  {
    "name": "Require(7) node_modules/_egg-schedule@3.6.4@egg-schedule/config/config.default.js",
    "start": 1568098531239,
    "end": 1568098531240,
    "duration": 1,
    "pid": 1476,
    "index": 10
  },
  {
    "name": "Require(8) node_modules/_egg-multipart@2.9.0@egg-multipart/config/config.default.js",
    "start": 1568098531241,
    "end": 1568098531242,
    "duration": 1,
    "pid": 1476,
    "index": 11
  },
  {
    "name": "Require(9) node_modules/_egg-development@2.4.3@egg-development/config/config.default.js",
    "start": 1568098531243,
    "end": 1568098531244,
    "duration": 1,
    "pid": 1476,
    "index": 12
  },
  {
    "name": "Require(10) node_modules/_egg-logrotator@3.1.0@egg-logrotator/config/config.default.js",
    "start": 1568098531245,
    "end": 1568098531245,
    "duration": 0,
    "pid": 1476,
    "index": 13
  },
  {
    "name": "Require(11) node_modules/_egg-static@2.2.0@egg-static/config/config.default.js",
    "start": 1568098531246,
    "end": 1568098531247,
    "duration": 1,
    "pid": 1476,
    "index": 14
  },
  {
    "name": "Require(12) node_modules/_egg-view@2.1.2@egg-view/config/config.default.js",
    "start": 1568098531249,
    "end": 1568098531249,
    "duration": 0,
    "pid": 1476,
    "index": 15
  },
  {
    "name": "Require(13) node_modules/_egg-sequelize@5.2.0@egg-sequelize/config/config.default.js",
    "start": 1568098531254,
    "end": 1568098531261,
    "duration": 7,
    "pid": 1476,
    "index": 16
  },
  {
    "name": "Require(14) node_modules/_egg@2.23.0@egg/config/config.default.js",
    "start": 1568098531262,
    "end": 1568098531263,
    "duration": 1,
    "pid": 1476,
    "index": 17
  },
  {
    "name": "Require(15) config/config.default.js",
    "start": 1568098531266,
    "end": 1568098531266,
    "duration": 0,
    "pid": 1476,
    "index": 18
  },
  {
    "name": "Require(16) node_modules/_egg-security@2.6.1@egg-security/config/config.local.js",
    "start": 1568098531268,
    "end": 1568098531268,
    "duration": 0,
    "pid": 1476,
    "index": 19
  },
  {
    "name": "Require(17) node_modules/_egg-watcher@3.1.0@egg-watcher/config/config.local.js",
    "start": 1568098531270,
    "end": 1568098531270,
    "duration": 0,
    "pid": 1476,
    "index": 20
  },
  {
    "name": "Require(18) node_modules/_egg-view@2.1.2@egg-view/config/config.local.js",
    "start": 1568098531272,
    "end": 1568098531273,
    "duration": 1,
    "pid": 1476,
    "index": 21
  },
  {
    "name": "Require(19) node_modules/_egg@2.23.0@egg/config/config.local.js",
    "start": 1568098531274,
    "end": 1568098531275,
    "duration": 1,
    "pid": 1476,
    "index": 22
  },
  {
    "name": "Load extend/application.js",
    "start": 1568098531278,
    "end": 1568098531310,
    "duration": 32,
    "pid": 1476,
    "index": 23
  },
  {
    "name": "Require(20) node_modules/_egg-session@3.1.0@egg-session/app/extend/application.js",
    "start": 1568098531279,
    "end": 1568098531280,
    "duration": 1,
    "pid": 1476,
    "index": 24
  },
  {
    "name": "Require(21) node_modules/_egg-security@2.6.1@egg-security/app/extend/application.js",
    "start": 1568098531282,
    "end": 1568098531286,
    "duration": 4,
    "pid": 1476,
    "index": 25
  },
  {
    "name": "Require(22) node_modules/_egg-jsonp@2.0.0@egg-jsonp/app/extend/application.js",
    "start": 1568098531287,
    "end": 1568098531293,
    "duration": 6,
    "pid": 1476,
    "index": 26
  },
  {
    "name": "Require(23) node_modules/_egg-logrotator@3.1.0@egg-logrotator/app/extend/application.js",
    "start": 1568098531295,
    "end": 1568098531301,
    "duration": 6,
    "pid": 1476,
    "index": 27
  },
  {
    "name": "Require(24) node_modules/_egg-view@2.1.2@egg-view/app/extend/application.js",
    "start": 1568098531302,
    "end": 1568098531305,
    "duration": 3,
    "pid": 1476,
    "index": 28
  },
  {
    "name": "Load extend/request.js",
    "start": 1568098531311,
    "end": 1568098531325,
    "duration": 14,
    "pid": 1476,
    "index": 29
  },
  {
    "name": "Require(25) node_modules/_egg@2.23.0@egg/app/extend/request.js",
    "start": 1568098531318,
    "end": 1568098531320,
    "duration": 2,
    "pid": 1476,
    "index": 30
  },
  {
    "name": "Load extend/response.js",
    "start": 1568098531325,
    "end": 1568098531338,
    "duration": 13,
    "pid": 1476,
    "index": 31
  },
  {
    "name": "Require(26) node_modules/_egg@2.23.0@egg/app/extend/response.js",
    "start": 1568098531329,
    "end": 1568098531332,
    "duration": 3,
    "pid": 1476,
    "index": 32
  },
  {
    "name": "Load extend/context.js",
    "start": 1568098531338,
    "end": 1568098531450,
    "duration": 112,
    "pid": 1476,
    "index": 33
  },
  {
    "name": "Require(27) node_modules/_egg-security@2.6.1@egg-security/app/extend/context.js",
    "start": 1568098531339,
    "end": 1568098531363,
    "duration": 24,
    "pid": 1476,
    "index": 34
  },
  {
    "name": "Require(28) node_modules/_egg-jsonp@2.0.0@egg-jsonp/app/extend/context.js",
    "start": 1568098531364,
    "end": 1568098531367,
    "duration": 3,
    "pid": 1476,
    "index": 35
  },
  {
    "name": "Require(29) node_modules/_egg-i18n@2.1.1@egg-i18n/app/extend/context.js",
    "start": 1568098531368,
    "end": 1568098531368,
    "duration": 0,
    "pid": 1476,
    "index": 36
  },
  {
    "name": "Require(30) node_modules/_egg-multipart@2.9.0@egg-multipart/app/extend/context.js",
    "start": 1568098531370,
    "end": 1568098531440,
    "duration": 70,
    "pid": 1476,
    "index": 37
  },
  {
    "name": "Require(31) node_modules/_egg-view@2.1.2@egg-view/app/extend/context.js",
    "start": 1568098531441,
    "end": 1568098531443,
    "duration": 2,
    "pid": 1476,
    "index": 38
  },
  {
    "name": "Require(32) node_modules/_egg@2.23.0@egg/app/extend/context.js",
    "start": 1568098531443,
    "end": 1568098531447,
    "duration": 4,
    "pid": 1476,
    "index": 39
  },
  {
    "name": "Load extend/helper.js",
    "start": 1568098531450,
    "end": 1568098531486,
    "duration": 36,
    "pid": 1476,
    "index": 40
  },
  {
    "name": "Require(33) node_modules/_egg-security@2.6.1@egg-security/app/extend/helper.js",
    "start": 1568098531452,
    "end": 1568098531479,
    "duration": 27,
    "pid": 1476,
    "index": 41
  },
  {
    "name": "Require(34) node_modules/_egg@2.23.0@egg/app/extend/helper.js",
    "start": 1568098531482,
    "end": 1568098531482,
    "duration": 0,
    "pid": 1476,
    "index": 42
  },
  {
    "name": "Load app.js",
    "start": 1568098531486,
    "end": 1568098531543,
    "duration": 57,
    "pid": 1476,
    "index": 43
  },
  {
    "name": "Require(35) node_modules/_egg-session@3.1.0@egg-session/app.js",
    "start": 1568098531487,
    "end": 1568098531487,
    "duration": 0,
    "pid": 1476,
    "index": 44
  },
  {
    "name": "Require(36) node_modules/_egg-security@2.6.1@egg-security/app.js",
    "start": 1568098531488,
    "end": 1568098531490,
    "duration": 2,
    "pid": 1476,
    "index": 45
  },
  {
    "name": "Require(37) node_modules/_egg-onerror@2.1.0@egg-onerror/app.js",
    "start": 1568098531491,
    "end": 1568098531507,
    "duration": 16,
    "pid": 1476,
    "index": 46
  },
  {
    "name": "Require(38) node_modules/_egg-i18n@2.1.1@egg-i18n/app.js",
    "start": 1568098531508,
    "end": 1568098531520,
    "duration": 12,
    "pid": 1476,
    "index": 47
  },
  {
    "name": "Require(39) node_modules/_egg-watcher@3.1.0@egg-watcher/app.js",
    "start": 1568098531521,
    "end": 1568098531527,
    "duration": 6,
    "pid": 1476,
    "index": 48
  },
  {
    "name": "Require(40) node_modules/_egg-schedule@3.6.4@egg-schedule/app.js",
    "start": 1568098531528,
    "end": 1568098531531,
    "duration": 3,
    "pid": 1476,
    "index": 49
  },
  {
    "name": "Require(41) node_modules/_egg-multipart@2.9.0@egg-multipart/app.js",
    "start": 1568098531532,
    "end": 1568098531536,
    "duration": 4,
    "pid": 1476,
    "index": 50
  },
  {
    "name": "Require(42) node_modules/_egg-development@2.4.3@egg-development/app.js",
    "start": 1568098531537,
    "end": 1568098531537,
    "duration": 0,
    "pid": 1476,
    "index": 51
  },
  {
    "name": "Require(43) node_modules/_egg-logrotator@3.1.0@egg-logrotator/app.js",
    "start": 1568098531537,
    "end": 1568098531538,
    "duration": 1,
    "pid": 1476,
    "index": 52
  },
  {
    "name": "Require(44) node_modules/_egg-static@2.2.0@egg-static/app.js",
    "start": 1568098531538,
    "end": 1568098531539,
    "duration": 1,
    "pid": 1476,
    "index": 53
  },
  {
    "name": "Require(45) node_modules/_egg-sequelize@5.2.0@egg-sequelize/app.js",
    "start": 1568098531541,
    "end": 1568098531541,
    "duration": 0,
    "pid": 1476,
    "index": 54
  },
  {
    "name": "Before Start in node_modules/_egg-watcher@3.1.0@egg-watcher/lib/init.js:15:14",
    "start": 1568098531561,
    "end": 1568098532361,
    "duration": 800,
    "pid": 1476,
    "index": 55
  },
  {
    "name": "Load \"Symbol(model)\" to Application",
    "start": 1568098532129,
    "end": 1568098532141,
    "duration": 12,
    "pid": 1476,
    "index": 56
  },
  {
    "name": "Before Start in node_modules/_egg-sequelize@5.2.0@egg-sequelize/lib/loader.js:39:7",
    "start": 1568098532141,
    "end": 1568098532397,
    "duration": 256,
    "pid": 1476,
    "index": 57
  },
  {
    "name": "Load Service",
    "start": 1568098532141,
    "end": 1568098532147,
    "duration": 6,
    "pid": 1476,
    "index": 58
  },
  {
    "name": "Load \"service\" to Context",
    "start": 1568098532142,
    "end": 1568098532147,
    "duration": 5,
    "pid": 1476,
    "index": 59
  },
  {
    "name": "Load Middleware",
    "start": 1568098532147,
    "end": 1568098532280,
    "duration": 133,
    "pid": 1476,
    "index": 60
  },
  {
    "name": "Load \"middlewares\" to Application",
    "start": 1568098532148,
    "end": 1568098532264,
    "duration": 116,
    "pid": 1476,
    "index": 61
  },
  {
    "name": "Load Controller",
    "start": 1568098532280,
    "end": 1568098532283,
    "duration": 3,
    "pid": 1476,
    "index": 62
  },
  {
    "name": "Load \"controller\" to Application",
    "start": 1568098532280,
    "end": 1568098532283,
    "duration": 3,
    "pid": 1476,
    "index": 63
  },
  {
    "name": "Load Router",
    "start": 1568098532283,
    "end": 1568098532286,
    "duration": 3,
    "pid": 1476,
    "index": 64
  },
  {
    "name": "Require(46) app/router.js",
    "start": 1568098532283,
    "end": 1568098532284,
    "duration": 1,
    "pid": 1476,
    "index": 65
  },
  {
    "name": "Before Start in node_modules/_egg-core@4.17.3@egg-core/lib/egg.js:303:10",
    "start": 1568098532284,
    "end": 1568098532306,
    "duration": 22,
    "pid": 1476,
    "index": 66
  }
]