[
  {
    "name": "Application Start",
    "start": 1568118305998,
    "end": 1568118307302,
    "duration": 1304,
    "pid": 4500,
    "index": 0
  },
  {
    "name": "Load Plugin",
    "start": 1568118306006,
    "end": 1568118306037,
    "duration": 31,
    "pid": 4500,
    "index": 1
  },
  {
    "name": "Load Config",
    "start": 1568118306037,
    "end": 1568118306075,
    "duration": 38,
    "pid": 4500,
    "index": 2
  },
  {
    "name": "Require(0) config/config.default.js",
    "start": 1568118306039,
    "end": 1568118306040,
    "duration": 1,
    "pid": 4500,
    "index": 3
  },
  {
    "name": "Require(1) node_modules/_egg-session@3.1.0@egg-session/config/config.default.js",
    "start": 1568118306042,
    "end": 1568118306043,
    "duration": 1,
    "pid": 4500,
    "index": 4
  },
  {
    "name": "Require(2) node_modules/_egg-security@2.6.1@egg-security/config/config.default.js",
    "start": 1568118306044,
    "end": 1568118306044,
    "duration": 0,
    "pid": 4500,
    "index": 5
  },
  {
    "name": "Require(3) node_modules/_egg-jsonp@2.0.0@egg-jsonp/config/config.default.js",
    "start": 1568118306047,
    "end": 1568118306047,
    "duration": 0,
    "pid": 4500,
    "index": 6
  },
  {
    "name": "Require(4) node_modules/_egg-onerror@2.1.0@egg-onerror/config/config.default.js",
    "start": 1568118306048,
    "end": 1568118306049,
    "duration": 1,
    "pid": 4500,
    "index": 7
  },
  {
    "name": "Require(5) node_modules/_egg-i18n@2.1.1@egg-i18n/config/config.default.js",
    "start": 1568118306050,
    "end": 1568118306050,
    "duration": 0,
    "pid": 4500,
    "index": 8
  },
  {
    "name": "Require(6) node_modules/_egg-watcher@3.1.0@egg-watcher/config/config.default.js",
    "start": 1568118306051,
    "end": 1568118306052,
    "duration": 1,
    "pid": 4500,
    "index": 9
  },
  {
    "name": "Require(7) node_modules/_egg-schedule@3.6.4@egg-schedule/config/config.default.js",
    "start": 1568118306053,
    "end": 1568118306053,
    "duration": 0,
    "pid": 4500,
    "index": 10
  },
  {
    "name": "Require(8) node_modules/_egg-multipart@2.9.0@egg-multipart/config/config.default.js",
    "start": 1568118306055,
    "end": 1568118306055,
    "duration": 0,
    "pid": 4500,
    "index": 11
  },
  {
    "name": "Require(9) node_modules/_egg-development@2.4.3@egg-development/config/config.default.js",
    "start": 1568118306057,
    "end": 1568118306057,
    "duration": 0,
    "pid": 4500,
    "index": 12
  },
  {
    "name": "Require(10) node_modules/_egg-logrotator@3.1.0@egg-logrotator/config/config.default.js",
    "start": 1568118306058,
    "end": 1568118306058,
    "duration": 0,
    "pid": 4500,
    "index": 13
  },
  {
    "name": "Require(11) node_modules/_egg-static@2.2.0@egg-static/config/config.default.js",
    "start": 1568118306059,
    "end": 1568118306060,
    "duration": 1,
    "pid": 4500,
    "index": 14
  },
  {
    "name": "Require(12) node_modules/_egg-view@2.1.2@egg-view/config/config.default.js",
    "start": 1568118306061,
    "end": 1568118306061,
    "duration": 0,
    "pid": 4500,
    "index": 15
  },
  {
    "name": "Require(13) node_modules/_egg-sequelize@5.2.0@egg-sequelize/config/config.default.js",
    "start": 1568118306063,
    "end": 1568118306063,
    "duration": 0,
    "pid": 4500,
    "index": 16
  },
  {
    "name": "Require(14) node_modules/_egg@2.23.0@egg/config/config.default.js",
    "start": 1568118306064,
    "end": 1568118306065,
    "duration": 1,
    "pid": 4500,
    "index": 17
  },
  {
    "name": "Require(15) config/config.default.js",
    "start": 1568118306068,
    "end": 1568118306068,
    "duration": 0,
    "pid": 4500,
    "index": 18
  },
  {
    "name": "Require(16) node_modules/_egg-security@2.6.1@egg-security/config/config.local.js",
    "start": 1568118306069,
    "end": 1568118306069,
    "duration": 0,
    "pid": 4500,
    "index": 19
  },
  {
    "name": "Require(17) node_modules/_egg-watcher@3.1.0@egg-watcher/config/config.local.js",
    "start": 1568118306071,
    "end": 1568118306071,
    "duration": 0,
    "pid": 4500,
    "index": 20
  },
  {
    "name": "Require(18) node_modules/_egg-view@2.1.2@egg-view/config/config.local.js",
    "start": 1568118306073,
    "end": 1568118306073,
    "duration": 0,
    "pid": 4500,
    "index": 21
  },
  {
    "name": "Require(19) node_modules/_egg@2.23.0@egg/config/config.local.js",
    "start": 1568118306074,
    "end": 1568118306075,
    "duration": 1,
    "pid": 4500,
    "index": 22
  },
  {
    "name": "Load extend/application.js",
    "start": 1568118306078,
    "end": 1568118306108,
    "duration": 30,
    "pid": 4500,
    "index": 23
  },
  {
    "name": "Require(20) node_modules/_egg-session@3.1.0@egg-session/app/extend/application.js",
    "start": 1568118306080,
    "end": 1568118306080,
    "duration": 0,
    "pid": 4500,
    "index": 24
  },
  {
    "name": "Require(21) node_modules/_egg-security@2.6.1@egg-security/app/extend/application.js",
    "start": 1568118306081,
    "end": 1568118306083,
    "duration": 2,
    "pid": 4500,
    "index": 25
  },
  {
    "name": "Require(22) node_modules/_egg-jsonp@2.0.0@egg-jsonp/app/extend/application.js",
    "start": 1568118306084,
    "end": 1568118306088,
    "duration": 4,
    "pid": 4500,
    "index": 26
  },
  {
    "name": "Require(23) node_modules/_egg-logrotator@3.1.0@egg-logrotator/app/extend/application.js",
    "start": 1568118306092,
    "end": 1568118306098,
    "duration": 6,
    "pid": 4500,
    "index": 27
  },
  {
    "name": "Require(24) node_modules/_egg-view@2.1.2@egg-view/app/extend/application.js",
    "start": 1568118306099,
    "end": 1568118306103,
    "duration": 4,
    "pid": 4500,
    "index": 28
  },
  {
    "name": "Load extend/request.js",
    "start": 1568118306108,
    "end": 1568118306120,
    "duration": 12,
    "pid": 4500,
    "index": 29
  },
  {
    "name": "Require(25) node_modules/_egg@2.23.0@egg/app/extend/request.js",
    "start": 1568118306113,
    "end": 1568118306116,
    "duration": 3,
    "pid": 4500,
    "index": 30
  },
  {
    "name": "Load extend/response.js",
    "start": 1568118306120,
    "end": 1568118306137,
    "duration": 17,
    "pid": 4500,
    "index": 31
  },
  {
    "name": "Require(26) node_modules/_egg@2.23.0@egg/app/extend/response.js",
    "start": 1568118306126,
    "end": 1568118306131,
    "duration": 5,
    "pid": 4500,
    "index": 32
  },
  {
    "name": "Load extend/context.js",
    "start": 1568118306137,
    "end": 1568118306272,
    "duration": 135,
    "pid": 4500,
    "index": 33
  },
  {
    "name": "Require(27) node_modules/_egg-security@2.6.1@egg-security/app/extend/context.js",
    "start": 1568118306138,
    "end": 1568118306167,
    "duration": 29,
    "pid": 4500,
    "index": 34
  },
  {
    "name": "Require(28) node_modules/_egg-jsonp@2.0.0@egg-jsonp/app/extend/context.js",
    "start": 1568118306168,
    "end": 1568118306172,
    "duration": 4,
    "pid": 4500,
    "index": 35
  },
  {
    "name": "Require(29) node_modules/_egg-i18n@2.1.1@egg-i18n/app/extend/context.js",
    "start": 1568118306173,
    "end": 1568118306174,
    "duration": 1,
    "pid": 4500,
    "index": 36
  },
  {
    "name": "Require(30) node_modules/_egg-multipart@2.9.0@egg-multipart/app/extend/context.js",
    "start": 1568118306176,
    "end": 1568118306261,
    "duration": 85,
    "pid": 4500,
    "index": 37
  },
  {
    "name": "Require(31) node_modules/_egg-view@2.1.2@egg-view/app/extend/context.js",
    "start": 1568118306262,
    "end": 1568118306264,
    "duration": 2,
    "pid": 4500,
    "index": 38
  },
  {
    "name": "Require(32) node_modules/_egg@2.23.0@egg/app/extend/context.js",
    "start": 1568118306264,
    "end": 1568118306268,
    "duration": 4,
    "pid": 4500,
    "index": 39
  },
  {
    "name": "Load extend/helper.js",
    "start": 1568118306272,
    "end": 1568118306309,
    "duration": 37,
    "pid": 4500,
    "index": 40
  },
  {
    "name": "Require(33) node_modules/_egg-security@2.6.1@egg-security/app/extend/helper.js",
    "start": 1568118306273,
    "end": 1568118306302,
    "duration": 29,
    "pid": 4500,
    "index": 41
  },
  {
    "name": "Require(34) node_modules/_egg@2.23.0@egg/app/extend/helper.js",
    "start": 1568118306305,
    "end": 1568118306306,
    "duration": 1,
    "pid": 4500,
    "index": 42
  },
  {
    "name": "Load app.js",
    "start": 1568118306310,
    "end": 1568118306369,
    "duration": 59,
    "pid": 4500,
    "index": 43
  },
  {
    "name": "Require(35) node_modules/_egg-session@3.1.0@egg-session/app.js",
    "start": 1568118306310,
    "end": 1568118306311,
    "duration": 1,
    "pid": 4500,
    "index": 44
  },
  {
    "name": "Require(36) node_modules/_egg-security@2.6.1@egg-security/app.js",
    "start": 1568118306311,
    "end": 1568118306314,
    "duration": 3,
    "pid": 4500,
    "index": 45
  },
  {
    "name": "Require(37) node_modules/_egg-onerror@2.1.0@egg-onerror/app.js",
    "start": 1568118306315,
    "end": 1568118306331,
    "duration": 16,
    "pid": 4500,
    "index": 46
  },
  {
    "name": "Require(38) node_modules/_egg-i18n@2.1.1@egg-i18n/app.js",
    "start": 1568118306332,
    "end": 1568118306346,
    "duration": 14,
    "pid": 4500,
    "index": 47
  },
  {
    "name": "Require(39) node_modules/_egg-watcher@3.1.0@egg-watcher/app.js",
    "start": 1568118306346,
    "end": 1568118306353,
    "duration": 7,
    "pid": 4500,
    "index": 48
  },
  {
    "name": "Require(40) node_modules/_egg-schedule@3.6.4@egg-schedule/app.js",
    "start": 1568118306354,
    "end": 1568118306357,
    "duration": 3,
    "pid": 4500,
    "index": 49
  },
  {
    "name": "Require(41) node_modules/_egg-multipart@2.9.0@egg-multipart/app.js",
    "start": 1568118306358,
    "end": 1568118306363,
    "duration": 5,
    "pid": 4500,
    "index": 50
  },
  {
    "name": "Require(42) node_modules/_egg-development@2.4.3@egg-development/app.js",
    "start": 1568118306364,
    "end": 1568118306364,
    "duration": 0,
    "pid": 4500,
    "index": 51
  },
  {
    "name": "Require(43) node_modules/_egg-logrotator@3.1.0@egg-logrotator/app.js",
    "start": 1568118306365,
    "end": 1568118306365,
    "duration": 0,
    "pid": 4500,
    "index": 52
  },
  {
    "name": "Require(44) node_modules/_egg-static@2.2.0@egg-static/app.js",
    "start": 1568118306366,
    "end": 1568118306366,
    "duration": 0,
    "pid": 4500,
    "index": 53
  },
  {
    "name": "Require(45) node_modules/_egg-sequelize@5.2.0@egg-sequelize/app.js",
    "start": 1568118306367,
    "end": 1568118306368,
    "duration": 1,
    "pid": 4500,
    "index": 54
  },
  {
    "name": "Before Start in node_modules/_egg-watcher@3.1.0@egg-watcher/lib/init.js:15:14",
    "start": 1568118306386,
    "end": 1568118307261,
    "duration": 875,
    "pid": 4500,
    "index": 55
  },
  {
    "name": "Load \"Symbol(model)\" to Application",
    "start": 1568118306980,
    "end": 1568118307008,
    "duration": 28,
    "pid": 4500,
    "index": 56
  },
  {
    "name": "Before Start in node_modules/_egg-sequelize@5.2.0@egg-sequelize/lib/loader.js:39:7",
    "start": 1568118307017,
    "end": 1568118307302,
    "duration": 285,
    "pid": 4500,
    "index": 57
  },
  {
    "name": "Load Service",
    "start": 1568118307017,
    "end": 1568118307022,
    "duration": 5,
    "pid": 4500,
    "index": 58
  },
  {
    "name": "Load \"service\" to Context",
    "start": 1568118307017,
    "end": 1568118307022,
    "duration": 5,
    "pid": 4500,
    "index": 59
  },
  {
    "name": "Load Middleware",
    "start": 1568118307023,
    "end": 1568118307161,
    "duration": 138,
    "pid": 4500,
    "index": 60
  },
  {
    "name": "Load \"middlewares\" to Application",
    "start": 1568118307023,
    "end": 1568118307143,
    "duration": 120,
    "pid": 4500,
    "index": 61
  },
  {
    "name": "Load Controller",
    "start": 1568118307161,
    "end": 1568118307165,
    "duration": 4,
    "pid": 4500,
    "index": 62
  },
  {
    "name": "Load \"controller\" to Application",
    "start": 1568118307161,
    "end": 1568118307165,
    "duration": 4,
    "pid": 4500,
    "index": 63
  },
  {
    "name": "Load Router",
    "start": 1568118307165,
    "end": 1568118307169,
    "duration": 4,
    "pid": 4500,
    "index": 64
  },
  {
    "name": "Require(46) app/router.js",
    "start": 1568118307165,
    "end": 1568118307166,
    "duration": 1,
    "pid": 4500,
    "index": 65
  },
  {
    "name": "Before Start in node_modules/_egg-core@4.17.3@egg-core/lib/egg.js:303:10",
    "start": 1568118307166,
    "end": 1568118307194,
    "duration": 28,
    "pid": 4500,
    "index": 66
  }
]