[
  {
    "name": "Application Start",
    "start": 1568116541521,
    "end": 1568116542858,
    "duration": 1337,
    "pid": 13524,
    "index": 0
  },
  {
    "name": "Load Plugin",
    "start": 1568116541529,
    "end": 1568116541559,
    "duration": 30,
    "pid": 13524,
    "index": 1
  },
  {
    "name": "Load Config",
    "start": 1568116541559,
    "end": 1568116541599,
    "duration": 40,
    "pid": 13524,
    "index": 2
  },
  {
    "name": "Require(0) config/config.default.js",
    "start": 1568116541561,
    "end": 1568116541561,
    "duration": 0,
    "pid": 13524,
    "index": 3
  },
  {
    "name": "Require(1) node_modules/_egg-session@3.1.0@egg-session/config/config.default.js",
    "start": 1568116541563,
    "end": 1568116541564,
    "duration": 1,
    "pid": 13524,
    "index": 4
  },
  {
    "name": "Require(2) node_modules/_egg-security@2.6.1@egg-security/config/config.default.js",
    "start": 1568116541564,
    "end": 1568116541565,
    "duration": 1,
    "pid": 13524,
    "index": 5
  },
  {
    "name": "Require(3) node_modules/_egg-jsonp@2.0.0@egg-jsonp/config/config.default.js",
    "start": 1568116541567,
    "end": 1568116541567,
    "duration": 0,
    "pid": 13524,
    "index": 6
  },
  {
    "name": "Require(4) node_modules/_egg-onerror@2.1.0@egg-onerror/config/config.default.js",
    "start": 1568116541568,
    "end": 1568116541569,
    "duration": 1,
    "pid": 13524,
    "index": 7
  },
  {
    "name": "Require(5) node_modules/_egg-i18n@2.1.1@egg-i18n/config/config.default.js",
    "start": 1568116541570,
    "end": 1568116541570,
    "duration": 0,
    "pid": 13524,
    "index": 8
  },
  {
    "name": "Require(6) node_modules/_egg-watcher@3.1.0@egg-watcher/config/config.default.js",
    "start": 1568116541572,
    "end": 1568116541572,
    "duration": 0,
    "pid": 13524,
    "index": 9
  },
  {
    "name": "Require(7) node_modules/_egg-schedule@3.6.4@egg-schedule/config/config.default.js",
    "start": 1568116541573,
    "end": 1568116541574,
    "duration": 1,
    "pid": 13524,
    "index": 10
  },
  {
    "name": "Require(8) node_modules/_egg-multipart@2.9.0@egg-multipart/config/config.default.js",
    "start": 1568116541575,
    "end": 1568116541575,
    "duration": 0,
    "pid": 13524,
    "index": 11
  },
  {
    "name": "Require(9) node_modules/_egg-development@2.4.3@egg-development/config/config.default.js",
    "start": 1568116541577,
    "end": 1568116541578,
    "duration": 1,
    "pid": 13524,
    "index": 12
  },
  {
    "name": "Require(10) node_modules/_egg-logrotator@3.1.0@egg-logrotator/config/config.default.js",
    "start": 1568116541578,
    "end": 1568116541579,
    "duration": 1,
    "pid": 13524,
    "index": 13
  },
  {
    "name": "Require(11) node_modules/_egg-static@2.2.0@egg-static/config/config.default.js",
    "start": 1568116541580,
    "end": 1568116541581,
    "duration": 1,
    "pid": 13524,
    "index": 14
  },
  {
    "name": "Require(12) node_modules/_egg-view@2.1.2@egg-view/config/config.default.js",
    "start": 1568116541582,
    "end": 1568116541582,
    "duration": 0,
    "pid": 13524,
    "index": 15
  },
  {
    "name": "Require(13) node_modules/_egg-sequelize@5.2.0@egg-sequelize/config/config.default.js",
    "start": 1568116541584,
    "end": 1568116541584,
    "duration": 0,
    "pid": 13524,
    "index": 16
  },
  {
    "name": "Require(14) node_modules/_egg@2.23.0@egg/config/config.default.js",
    "start": 1568116541585,
    "end": 1568116541586,
    "duration": 1,
    "pid": 13524,
    "index": 17
  },
  {
    "name": "Require(15) config/config.default.js",
    "start": 1568116541588,
    "end": 1568116541588,
    "duration": 0,
    "pid": 13524,
    "index": 18
  },
  {
    "name": "Require(16) node_modules/_egg-security@2.6.1@egg-security/config/config.local.js",
    "start": 1568116541590,
    "end": 1568116541590,
    "duration": 0,
    "pid": 13524,
    "index": 19
  },
  {
    "name": "Require(17) node_modules/_egg-watcher@3.1.0@egg-watcher/config/config.local.js",
    "start": 1568116541593,
    "end": 1568116541593,
    "duration": 0,
    "pid": 13524,
    "index": 20
  },
  {
    "name": "Require(18) node_modules/_egg-view@2.1.2@egg-view/config/config.local.js",
    "start": 1568116541596,
    "end": 1568116541597,
    "duration": 1,
    "pid": 13524,
    "index": 21
  },
  {
    "name": "Require(19) node_modules/_egg@2.23.0@egg/config/config.local.js",
    "start": 1568116541598,
    "end": 1568116541599,
    "duration": 1,
    "pid": 13524,
    "index": 22
  },
  {
    "name": "Load extend/application.js",
    "start": 1568116541601,
    "end": 1568116541628,
    "duration": 27,
    "pid": 13524,
    "index": 23
  },
  {
    "name": "Require(20) node_modules/_egg-session@3.1.0@egg-session/app/extend/application.js",
    "start": 1568116541602,
    "end": 1568116541603,
    "duration": 1,
    "pid": 13524,
    "index": 24
  },
  {
    "name": "Require(21) node_modules/_egg-security@2.6.1@egg-security/app/extend/application.js",
    "start": 1568116541603,
    "end": 1568116541605,
    "duration": 2,
    "pid": 13524,
    "index": 25
  },
  {
    "name": "Require(22) node_modules/_egg-jsonp@2.0.0@egg-jsonp/app/extend/application.js",
    "start": 1568116541606,
    "end": 1568116541611,
    "duration": 5,
    "pid": 13524,
    "index": 26
  },
  {
    "name": "Require(23) node_modules/_egg-logrotator@3.1.0@egg-logrotator/app/extend/application.js",
    "start": 1568116541615,
    "end": 1568116541619,
    "duration": 4,
    "pid": 13524,
    "index": 27
  },
  {
    "name": "Require(24) node_modules/_egg-view@2.1.2@egg-view/app/extend/application.js",
    "start": 1568116541620,
    "end": 1568116541622,
    "duration": 2,
    "pid": 13524,
    "index": 28
  },
  {
    "name": "Load extend/request.js",
    "start": 1568116541628,
    "end": 1568116541644,
    "duration": 16,
    "pid": 13524,
    "index": 29
  },
  {
    "name": "Require(25) node_modules/_egg@2.23.0@egg/app/extend/request.js",
    "start": 1568116541633,
    "end": 1568116541637,
    "duration": 4,
    "pid": 13524,
    "index": 30
  },
  {
    "name": "Load extend/response.js",
    "start": 1568116541644,
    "end": 1568116541661,
    "duration": 17,
    "pid": 13524,
    "index": 31
  },
  {
    "name": "Require(26) node_modules/_egg@2.23.0@egg/app/extend/response.js",
    "start": 1568116541648,
    "end": 1568116541653,
    "duration": 5,
    "pid": 13524,
    "index": 32
  },
  {
    "name": "Load extend/context.js",
    "start": 1568116541661,
    "end": 1568116541802,
    "duration": 141,
    "pid": 13524,
    "index": 33
  },
  {
    "name": "Require(27) node_modules/_egg-security@2.6.1@egg-security/app/extend/context.js",
    "start": 1568116541662,
    "end": 1568116541695,
    "duration": 33,
    "pid": 13524,
    "index": 34
  },
  {
    "name": "Require(28) node_modules/_egg-jsonp@2.0.0@egg-jsonp/app/extend/context.js",
    "start": 1568116541695,
    "end": 1568116541698,
    "duration": 3,
    "pid": 13524,
    "index": 35
  },
  {
    "name": "Require(29) node_modules/_egg-i18n@2.1.1@egg-i18n/app/extend/context.js",
    "start": 1568116541699,
    "end": 1568116541699,
    "duration": 0,
    "pid": 13524,
    "index": 36
  },
  {
    "name": "Require(30) node_modules/_egg-multipart@2.9.0@egg-multipart/app/extend/context.js",
    "start": 1568116541701,
    "end": 1568116541788,
    "duration": 87,
    "pid": 13524,
    "index": 37
  },
  {
    "name": "Require(31) node_modules/_egg-view@2.1.2@egg-view/app/extend/context.js",
    "start": 1568116541789,
    "end": 1568116541791,
    "duration": 2,
    "pid": 13524,
    "index": 38
  },
  {
    "name": "Require(32) node_modules/_egg@2.23.0@egg/app/extend/context.js",
    "start": 1568116541792,
    "end": 1568116541796,
    "duration": 4,
    "pid": 13524,
    "index": 39
  },
  {
    "name": "Load extend/helper.js",
    "start": 1568116541802,
    "end": 1568116541848,
    "duration": 46,
    "pid": 13524,
    "index": 40
  },
  {
    "name": "Require(33) node_modules/_egg-security@2.6.1@egg-security/app/extend/helper.js",
    "start": 1568116541803,
    "end": 1568116541838,
    "duration": 35,
    "pid": 13524,
    "index": 41
  },
  {
    "name": "Require(34) node_modules/_egg@2.23.0@egg/app/extend/helper.js",
    "start": 1568116541841,
    "end": 1568116541842,
    "duration": 1,
    "pid": 13524,
    "index": 42
  },
  {
    "name": "Load app.js",
    "start": 1568116541849,
    "end": 1568116541916,
    "duration": 67,
    "pid": 13524,
    "index": 43
  },
  {
    "name": "Require(35) node_modules/_egg-session@3.1.0@egg-session/app.js",
    "start": 1568116541850,
    "end": 1568116541850,
    "duration": 0,
    "pid": 13524,
    "index": 44
  },
  {
    "name": "Require(36) node_modules/_egg-security@2.6.1@egg-security/app.js",
    "start": 1568116541851,
    "end": 1568116541855,
    "duration": 4,
    "pid": 13524,
    "index": 45
  },
  {
    "name": "Require(37) node_modules/_egg-onerror@2.1.0@egg-onerror/app.js",
    "start": 1568116541856,
    "end": 1568116541874,
    "duration": 18,
    "pid": 13524,
    "index": 46
  },
  {
    "name": "Require(38) node_modules/_egg-i18n@2.1.1@egg-i18n/app.js",
    "start": 1568116541875,
    "end": 1568116541889,
    "duration": 14,
    "pid": 13524,
    "index": 47
  },
  {
    "name": "Require(39) node_modules/_egg-watcher@3.1.0@egg-watcher/app.js",
    "start": 1568116541889,
    "end": 1568116541898,
    "duration": 9,
    "pid": 13524,
    "index": 48
  },
  {
    "name": "Require(40) node_modules/_egg-schedule@3.6.4@egg-schedule/app.js",
    "start": 1568116541899,
    "end": 1568116541902,
    "duration": 3,
    "pid": 13524,
    "index": 49
  },
  {
    "name": "Require(41) node_modules/_egg-multipart@2.9.0@egg-multipart/app.js",
    "start": 1568116541903,
    "end": 1568116541909,
    "duration": 6,
    "pid": 13524,
    "index": 50
  },
  {
    "name": "Require(42) node_modules/_egg-development@2.4.3@egg-development/app.js",
    "start": 1568116541910,
    "end": 1568116541911,
    "duration": 1,
    "pid": 13524,
    "index": 51
  },
  {
    "name": "Require(43) node_modules/_egg-logrotator@3.1.0@egg-logrotator/app.js",
    "start": 1568116541911,
    "end": 1568116541912,
    "duration": 1,
    "pid": 13524,
    "index": 52
  },
  {
    "name": "Require(44) node_modules/_egg-static@2.2.0@egg-static/app.js",
    "start": 1568116541912,
    "end": 1568116541912,
    "duration": 0,
    "pid": 13524,
    "index": 53
  },
  {
    "name": "Require(45) node_modules/_egg-sequelize@5.2.0@egg-sequelize/app.js",
    "start": 1568116541914,
    "end": 1568116541914,
    "duration": 0,
    "pid": 13524,
    "index": 54
  },
  {
    "name": "Before Start in node_modules/_egg-watcher@3.1.0@egg-watcher/lib/init.js:15:14",
    "start": 1568116541935,
    "end": 1568116542810,
    "duration": 875,
    "pid": 13524,
    "index": 55
  },
  {
    "name": "Load \"Symbol(model)\" to Application",
    "start": 1568116542527,
    "end": 1568116542556,
    "duration": 29,
    "pid": 13524,
    "index": 56
  },
  {
    "name": "Before Start in node_modules/_egg-sequelize@5.2.0@egg-sequelize/lib/loader.js:39:7",
    "start": 1568116542563,
    "end": 1568116542857,
    "duration": 294,
    "pid": 13524,
    "index": 57
  },
  {
    "name": "Load Service",
    "start": 1568116542564,
    "end": 1568116542571,
    "duration": 7,
    "pid": 13524,
    "index": 58
  },
  {
    "name": "Load \"service\" to Context",
    "start": 1568116542564,
    "end": 1568116542571,
    "duration": 7,
    "pid": 13524,
    "index": 59
  },
  {
    "name": "Load Middleware",
    "start": 1568116542571,
    "end": 1568116542725,
    "duration": 154,
    "pid": 13524,
    "index": 60
  },
  {
    "name": "Load \"middlewares\" to Application",
    "start": 1568116542572,
    "end": 1568116542705,
    "duration": 133,
    "pid": 13524,
    "index": 61
  },
  {
    "name": "Load Controller",
    "start": 1568116542725,
    "end": 1568116542729,
    "duration": 4,
    "pid": 13524,
    "index": 62
  },
  {
    "name": "Load \"controller\" to Application",
    "start": 1568116542725,
    "end": 1568116542729,
    "duration": 4,
    "pid": 13524,
    "index": 63
  },
  {
    "name": "Load Router",
    "start": 1568116542729,
    "end": 1568116542733,
    "duration": 4,
    "pid": 13524,
    "index": 64
  },
  {
    "name": "Require(46) app/router.js",
    "start": 1568116542730,
    "end": 1568116542730,
    "duration": 0,
    "pid": 13524,
    "index": 65
  },
  {
    "name": "Before Start in node_modules/_egg-core@4.17.3@egg-core/lib/egg.js:303:10",
    "start": 1568116542730,
    "end": 1568116542757,
    "duration": 27,
    "pid": 13524,
    "index": 66
  }
]