[
  {
    "name": "Application Start",
    "start": 1568098589664,
    "end": 1568098590798,
    "duration": 1134,
    "pid": 3580,
    "index": 0
  },
  {
    "name": "Load Plugin",
    "start": 1568098589670,
    "end": 1568098589695,
    "duration": 25,
    "pid": 3580,
    "index": 1
  },
  {
    "name": "Load Config",
    "start": 1568098589695,
    "end": 1568098589723,
    "duration": 28,
    "pid": 3580,
    "index": 2
  },
  {
    "name": "Require(0) config/config.default.js",
    "start": 1568098589696,
    "end": 1568098589697,
    "duration": 1,
    "pid": 3580,
    "index": 3
  },
  {
    "name": "Require(1) node_modules/_egg-session@3.1.0@egg-session/config/config.default.js",
    "start": 1568098589699,
    "end": 1568098589699,
    "duration": 0,
    "pid": 3580,
    "index": 4
  },
  {
    "name": "Require(2) node_modules/_egg-security@2.6.1@egg-security/config/config.default.js",
    "start": 1568098589700,
    "end": 1568098589700,
    "duration": 0,
    "pid": 3580,
    "index": 5
  },
  {
    "name": "Require(3) node_modules/_egg-jsonp@2.0.0@egg-jsonp/config/config.default.js",
    "start": 1568098589701,
    "end": 1568098589702,
    "duration": 1,
    "pid": 3580,
    "index": 6
  },
  {
    "name": "Require(4) node_modules/_egg-onerror@2.1.0@egg-onerror/config/config.default.js",
    "start": 1568098589702,
    "end": 1568098589703,
    "duration": 1,
    "pid": 3580,
    "index": 7
  },
  {
    "name": "Require(5) node_modules/_egg-i18n@2.1.1@egg-i18n/config/config.default.js",
    "start": 1568098589704,
    "end": 1568098589704,
    "duration": 0,
    "pid": 3580,
    "index": 8
  },
  {
    "name": "Require(6) node_modules/_egg-watcher@3.1.0@egg-watcher/config/config.default.js",
    "start": 1568098589705,
    "end": 1568098589705,
    "duration": 0,
    "pid": 3580,
    "index": 9
  },
  {
    "name": "Require(7) node_modules/_egg-schedule@3.6.4@egg-schedule/config/config.default.js",
    "start": 1568098589706,
    "end": 1568098589706,
    "duration": 0,
    "pid": 3580,
    "index": 10
  },
  {
    "name": "Require(8) node_modules/_egg-multipart@2.9.0@egg-multipart/config/config.default.js",
    "start": 1568098589707,
    "end": 1568098589708,
    "duration": 1,
    "pid": 3580,
    "index": 11
  },
  {
    "name": "Require(9) node_modules/_egg-development@2.4.3@egg-development/config/config.default.js",
    "start": 1568098589708,
    "end": 1568098589709,
    "duration": 1,
    "pid": 3580,
    "index": 12
  },
  {
    "name": "Require(10) node_modules/_egg-logrotator@3.1.0@egg-logrotator/config/config.default.js",
    "start": 1568098589709,
    "end": 1568098589710,
    "duration": 1,
    "pid": 3580,
    "index": 13
  },
  {
    "name": "Require(11) node_modules/_egg-static@2.2.0@egg-static/config/config.default.js",
    "start": 1568098589711,
    "end": 1568098589711,
    "duration": 0,
    "pid": 3580,
    "index": 14
  },
  {
    "name": "Require(12) node_modules/_egg-view@2.1.2@egg-view/config/config.default.js",
    "start": 1568098589712,
    "end": 1568098589712,
    "duration": 0,
    "pid": 3580,
    "index": 15
  },
  {
    "name": "Require(13) node_modules/_egg-sequelize@5.2.0@egg-sequelize/config/config.default.js",
    "start": 1568098589713,
    "end": 1568098589713,
    "duration": 0,
    "pid": 3580,
    "index": 16
  },
  {
    "name": "Require(14) node_modules/_egg@2.23.0@egg/config/config.default.js",
    "start": 1568098589714,
    "end": 1568098589714,
    "duration": 0,
    "pid": 3580,
    "index": 17
  },
  {
    "name": "Require(15) config/config.default.js",
    "start": 1568098589716,
    "end": 1568098589716,
    "duration": 0,
    "pid": 3580,
    "index": 18
  },
  {
    "name": "Require(16) node_modules/_egg-security@2.6.1@egg-security/config/config.local.js",
    "start": 1568098589717,
    "end": 1568098589717,
    "duration": 0,
    "pid": 3580,
    "index": 19
  },
  {
    "name": "Require(17) node_modules/_egg-watcher@3.1.0@egg-watcher/config/config.local.js",
    "start": 1568098589719,
    "end": 1568098589719,
    "duration": 0,
    "pid": 3580,
    "index": 20
  },
  {
    "name": "Require(18) node_modules/_egg-view@2.1.2@egg-view/config/config.local.js",
    "start": 1568098589721,
    "end": 1568098589722,
    "duration": 1,
    "pid": 3580,
    "index": 21
  },
  {
    "name": "Require(19) node_modules/_egg@2.23.0@egg/config/config.local.js",
    "start": 1568098589722,
    "end": 1568098589723,
    "duration": 1,
    "pid": 3580,
    "index": 22
  },
  {
    "name": "Load extend/application.js",
    "start": 1568098589725,
    "end": 1568098589744,
    "duration": 19,
    "pid": 3580,
    "index": 23
  },
  {
    "name": "Require(20) node_modules/_egg-session@3.1.0@egg-session/app/extend/application.js",
    "start": 1568098589726,
    "end": 1568098589726,
    "duration": 0,
    "pid": 3580,
    "index": 24
  },
  {
    "name": "Require(21) node_modules/_egg-security@2.6.1@egg-security/app/extend/application.js",
    "start": 1568098589727,
    "end": 1568098589728,
    "duration": 1,
    "pid": 3580,
    "index": 25
  },
  {
    "name": "Require(22) node_modules/_egg-jsonp@2.0.0@egg-jsonp/app/extend/application.js",
    "start": 1568098589729,
    "end": 1568098589732,
    "duration": 3,
    "pid": 3580,
    "index": 26
  },
  {
    "name": "Require(23) node_modules/_egg-logrotator@3.1.0@egg-logrotator/app/extend/application.js",
    "start": 1568098589734,
    "end": 1568098589737,
    "duration": 3,
    "pid": 3580,
    "index": 27
  },
  {
    "name": "Require(24) node_modules/_egg-view@2.1.2@egg-view/app/extend/application.js",
    "start": 1568098589738,
    "end": 1568098589741,
    "duration": 3,
    "pid": 3580,
    "index": 28
  },
  {
    "name": "Load extend/request.js",
    "start": 1568098589745,
    "end": 1568098589755,
    "duration": 10,
    "pid": 3580,
    "index": 29
  },
  {
    "name": "Require(25) node_modules/_egg@2.23.0@egg/app/extend/request.js",
    "start": 1568098589748,
    "end": 1568098589751,
    "duration": 3,
    "pid": 3580,
    "index": 30
  },
  {
    "name": "Load extend/response.js",
    "start": 1568098589755,
    "end": 1568098589765,
    "duration": 10,
    "pid": 3580,
    "index": 31
  },
  {
    "name": "Require(26) node_modules/_egg@2.23.0@egg/app/extend/response.js",
    "start": 1568098589758,
    "end": 1568098589761,
    "duration": 3,
    "pid": 3580,
    "index": 32
  },
  {
    "name": "Load extend/context.js",
    "start": 1568098589765,
    "end": 1568098589878,
    "duration": 113,
    "pid": 3580,
    "index": 33
  },
  {
    "name": "Require(27) node_modules/_egg-security@2.6.1@egg-security/app/extend/context.js",
    "start": 1568098589766,
    "end": 1568098589786,
    "duration": 20,
    "pid": 3580,
    "index": 34
  },
  {
    "name": "Require(28) node_modules/_egg-jsonp@2.0.0@egg-jsonp/app/extend/context.js",
    "start": 1568098589786,
    "end": 1568098589789,
    "duration": 3,
    "pid": 3580,
    "index": 35
  },
  {
    "name": "Require(29) node_modules/_egg-i18n@2.1.1@egg-i18n/app/extend/context.js",
    "start": 1568098589790,
    "end": 1568098589790,
    "duration": 0,
    "pid": 3580,
    "index": 36
  },
  {
    "name": "Require(30) node_modules/_egg-multipart@2.9.0@egg-multipart/app/extend/context.js",
    "start": 1568098589791,
    "end": 1568098589868,
    "duration": 77,
    "pid": 3580,
    "index": 37
  },
  {
    "name": "Require(31) node_modules/_egg-view@2.1.2@egg-view/app/extend/context.js",
    "start": 1568098589869,
    "end": 1568098589870,
    "duration": 1,
    "pid": 3580,
    "index": 38
  },
  {
    "name": "Require(32) node_modules/_egg@2.23.0@egg/app/extend/context.js",
    "start": 1568098589871,
    "end": 1568098589874,
    "duration": 3,
    "pid": 3580,
    "index": 39
  },
  {
    "name": "Load extend/helper.js",
    "start": 1568098589878,
    "end": 1568098589914,
    "duration": 36,
    "pid": 3580,
    "index": 40
  },
  {
    "name": "Require(33) node_modules/_egg-security@2.6.1@egg-security/app/extend/helper.js",
    "start": 1568098589879,
    "end": 1568098589907,
    "duration": 28,
    "pid": 3580,
    "index": 41
  },
  {
    "name": "Require(34) node_modules/_egg@2.23.0@egg/app/extend/helper.js",
    "start": 1568098589910,
    "end": 1568098589911,
    "duration": 1,
    "pid": 3580,
    "index": 42
  },
  {
    "name": "Load app.js",
    "start": 1568098589915,
    "end": 1568098589969,
    "duration": 54,
    "pid": 3580,
    "index": 43
  },
  {
    "name": "Require(35) node_modules/_egg-session@3.1.0@egg-session/app.js",
    "start": 1568098589915,
    "end": 1568098589916,
    "duration": 1,
    "pid": 3580,
    "index": 44
  },
  {
    "name": "Require(36) node_modules/_egg-security@2.6.1@egg-security/app.js",
    "start": 1568098589916,
    "end": 1568098589919,
    "duration": 3,
    "pid": 3580,
    "index": 45
  },
  {
    "name": "Require(37) node_modules/_egg-onerror@2.1.0@egg-onerror/app.js",
    "start": 1568098589921,
    "end": 1568098589937,
    "duration": 16,
    "pid": 3580,
    "index": 46
  },
  {
    "name": "Require(38) node_modules/_egg-i18n@2.1.1@egg-i18n/app.js",
    "start": 1568098589938,
    "end": 1568098589949,
    "duration": 11,
    "pid": 3580,
    "index": 47
  },
  {
    "name": "Require(39) node_modules/_egg-watcher@3.1.0@egg-watcher/app.js",
    "start": 1568098589949,
    "end": 1568098589956,
    "duration": 7,
    "pid": 3580,
    "index": 48
  },
  {
    "name": "Require(40) node_modules/_egg-schedule@3.6.4@egg-schedule/app.js",
    "start": 1568098589956,
    "end": 1568098589959,
    "duration": 3,
    "pid": 3580,
    "index": 49
  },
  {
    "name": "Require(41) node_modules/_egg-multipart@2.9.0@egg-multipart/app.js",
    "start": 1568098589959,
    "end": 1568098589963,
    "duration": 4,
    "pid": 3580,
    "index": 50
  },
  {
    "name": "Require(42) node_modules/_egg-development@2.4.3@egg-development/app.js",
    "start": 1568098589964,
    "end": 1568098589964,
    "duration": 0,
    "pid": 3580,
    "index": 51
  },
  {
    "name": "Require(43) node_modules/_egg-logrotator@3.1.0@egg-logrotator/app.js",
    "start": 1568098589964,
    "end": 1568098589965,
    "duration": 1,
    "pid": 3580,
    "index": 52
  },
  {
    "name": "Require(44) node_modules/_egg-static@2.2.0@egg-static/app.js",
    "start": 1568098589965,
    "end": 1568098589966,
    "duration": 1,
    "pid": 3580,
    "index": 53
  },
  {
    "name": "Require(45) node_modules/_egg-sequelize@5.2.0@egg-sequelize/app.js",
    "start": 1568098589966,
    "end": 1568098589967,
    "duration": 1,
    "pid": 3580,
    "index": 54
  },
  {
    "name": "Before Start in node_modules/_egg-watcher@3.1.0@egg-watcher/lib/init.js:15:14",
    "start": 1568098589984,
    "end": 1568098590759,
    "duration": 775,
    "pid": 3580,
    "index": 55
  },
  {
    "name": "Load \"Symbol(model)\" to Application",
    "start": 1568098590513,
    "end": 1568098590525,
    "duration": 12,
    "pid": 3580,
    "index": 56
  },
  {
    "name": "Before Start in node_modules/_egg-sequelize@5.2.0@egg-sequelize/lib/loader.js:39:7",
    "start": 1568098590525,
    "end": 1568098590797,
    "duration": 272,
    "pid": 3580,
    "index": 57
  },
  {
    "name": "Load Service",
    "start": 1568098590525,
    "end": 1568098590531,
    "duration": 6,
    "pid": 3580,
    "index": 58
  },
  {
    "name": "Load \"service\" to Context",
    "start": 1568098590526,
    "end": 1568098590531,
    "duration": 5,
    "pid": 3580,
    "index": 59
  },
  {
    "name": "Load Middleware",
    "start": 1568098590531,
    "end": 1568098590669,
    "duration": 138,
    "pid": 3580,
    "index": 60
  },
  {
    "name": "Load \"middlewares\" to Application",
    "start": 1568098590531,
    "end": 1568098590650,
    "duration": 119,
    "pid": 3580,
    "index": 61
  },
  {
    "name": "Load Controller",
    "start": 1568098590669,
    "end": 1568098590672,
    "duration": 3,
    "pid": 3580,
    "index": 62
  },
  {
    "name": "Load \"controller\" to Application",
    "start": 1568098590669,
    "end": 1568098590672,
    "duration": 3,
    "pid": 3580,
    "index": 63
  },
  {
    "name": "Load Router",
    "start": 1568098590672,
    "end": 1568098590676,
    "duration": 4,
    "pid": 3580,
    "index": 64
  },
  {
    "name": "Require(46) app/router.js",
    "start": 1568098590673,
    "end": 1568098590673,
    "duration": 0,
    "pid": 3580,
    "index": 65
  },
  {
    "name": "Before Start in node_modules/_egg-core@4.17.3@egg-core/lib/egg.js:303:10",
    "start": 1568098590674,
    "end": 1568098590701,
    "duration": 27,
    "pid": 3580,
    "index": 66
  }
]