[
  {
    "name": "Application Start",
    "start": 1568116529694,
    "end": 1568116530895,
    "duration": 1201,
    "pid": 508,
    "index": 0
  },
  {
    "name": "Load Plugin",
    "start": 1568116529702,
    "end": 1568116529736,
    "duration": 34,
    "pid": 508,
    "index": 1
  },
  {
    "name": "Load Config",
    "start": 1568116529736,
    "end": 1568116529770,
    "duration": 34,
    "pid": 508,
    "index": 2
  },
  {
    "name": "Require(0) config/config.default.js",
    "start": 1568116529738,
    "end": 1568116529738,
    "duration": 0,
    "pid": 508,
    "index": 3
  },
  {
    "name": "Require(1) node_modules/_egg-session@3.1.0@egg-session/config/config.default.js",
    "start": 1568116529741,
    "end": 1568116529741,
    "duration": 0,
    "pid": 508,
    "index": 4
  },
  {
    "name": "Require(2) node_modules/_egg-security@2.6.1@egg-security/config/config.default.js",
    "start": 1568116529742,
    "end": 1568116529743,
    "duration": 1,
    "pid": 508,
    "index": 5
  },
  {
    "name": "Require(3) node_modules/_egg-jsonp@2.0.0@egg-jsonp/config/config.default.js",
    "start": 1568116529745,
    "end": 1568116529746,
    "duration": 1,
    "pid": 508,
    "index": 6
  },
  {
    "name": "Require(4) node_modules/_egg-onerror@2.1.0@egg-onerror/config/config.default.js",
    "start": 1568116529747,
    "end": 1568116529747,
    "duration": 0,
    "pid": 508,
    "index": 7
  },
  {
    "name": "Require(5) node_modules/_egg-i18n@2.1.1@egg-i18n/config/config.default.js",
    "start": 1568116529748,
    "end": 1568116529749,
    "duration": 1,
    "pid": 508,
    "index": 8
  },
  {
    "name": "Require(6) node_modules/_egg-watcher@3.1.0@egg-watcher/config/config.default.js",
    "start": 1568116529750,
    "end": 1568116529750,
    "duration": 0,
    "pid": 508,
    "index": 9
  },
  {
    "name": "Require(7) node_modules/_egg-schedule@3.6.4@egg-schedule/config/config.default.js",
    "start": 1568116529751,
    "end": 1568116529751,
    "duration": 0,
    "pid": 508,
    "index": 10
  },
  {
    "name": "Require(8) node_modules/_egg-multipart@2.9.0@egg-multipart/config/config.default.js",
    "start": 1568116529752,
    "end": 1568116529753,
    "duration": 1,
    "pid": 508,
    "index": 11
  },
  {
    "name": "Require(9) node_modules/_egg-development@2.4.3@egg-development/config/config.default.js",
    "start": 1568116529754,
    "end": 1568116529754,
    "duration": 0,
    "pid": 508,
    "index": 12
  },
  {
    "name": "Require(10) node_modules/_egg-logrotator@3.1.0@egg-logrotator/config/config.default.js",
    "start": 1568116529756,
    "end": 1568116529757,
    "duration": 1,
    "pid": 508,
    "index": 13
  },
  {
    "name": "Require(11) node_modules/_egg-static@2.2.0@egg-static/config/config.default.js",
    "start": 1568116529757,
    "end": 1568116529758,
    "duration": 1,
    "pid": 508,
    "index": 14
  },
  {
    "name": "Require(12) node_modules/_egg-view@2.1.2@egg-view/config/config.default.js",
    "start": 1568116529759,
    "end": 1568116529759,
    "duration": 0,
    "pid": 508,
    "index": 15
  },
  {
    "name": "Require(13) node_modules/_egg-sequelize@5.2.0@egg-sequelize/config/config.default.js",
    "start": 1568116529760,
    "end": 1568116529760,
    "duration": 0,
    "pid": 508,
    "index": 16
  },
  {
    "name": "Require(14) node_modules/_egg@2.23.0@egg/config/config.default.js",
    "start": 1568116529761,
    "end": 1568116529762,
    "duration": 1,
    "pid": 508,
    "index": 17
  },
  {
    "name": "Require(15) config/config.default.js",
    "start": 1568116529764,
    "end": 1568116529764,
    "duration": 0,
    "pid": 508,
    "index": 18
  },
  {
    "name": "Require(16) node_modules/_egg-security@2.6.1@egg-security/config/config.local.js",
    "start": 1568116529764,
    "end": 1568116529765,
    "duration": 1,
    "pid": 508,
    "index": 19
  },
  {
    "name": "Require(17) node_modules/_egg-watcher@3.1.0@egg-watcher/config/config.local.js",
    "start": 1568116529766,
    "end": 1568116529766,
    "duration": 0,
    "pid": 508,
    "index": 20
  },
  {
    "name": "Require(18) node_modules/_egg-view@2.1.2@egg-view/config/config.local.js",
    "start": 1568116529768,
    "end": 1568116529768,
    "duration": 0,
    "pid": 508,
    "index": 21
  },
  {
    "name": "Require(19) node_modules/_egg@2.23.0@egg/config/config.local.js",
    "start": 1568116529769,
    "end": 1568116529770,
    "duration": 1,
    "pid": 508,
    "index": 22
  },
  {
    "name": "Load extend/application.js",
    "start": 1568116529772,
    "end": 1568116529792,
    "duration": 20,
    "pid": 508,
    "index": 23
  },
  {
    "name": "Require(20) node_modules/_egg-session@3.1.0@egg-session/app/extend/application.js",
    "start": 1568116529773,
    "end": 1568116529773,
    "duration": 0,
    "pid": 508,
    "index": 24
  },
  {
    "name": "Require(21) node_modules/_egg-security@2.6.1@egg-security/app/extend/application.js",
    "start": 1568116529774,
    "end": 1568116529776,
    "duration": 2,
    "pid": 508,
    "index": 25
  },
  {
    "name": "Require(22) node_modules/_egg-jsonp@2.0.0@egg-jsonp/app/extend/application.js",
    "start": 1568116529776,
    "end": 1568116529779,
    "duration": 3,
    "pid": 508,
    "index": 26
  },
  {
    "name": "Require(23) node_modules/_egg-logrotator@3.1.0@egg-logrotator/app/extend/application.js",
    "start": 1568116529781,
    "end": 1568116529785,
    "duration": 4,
    "pid": 508,
    "index": 27
  },
  {
    "name": "Require(24) node_modules/_egg-view@2.1.2@egg-view/app/extend/application.js",
    "start": 1568116529785,
    "end": 1568116529788,
    "duration": 3,
    "pid": 508,
    "index": 28
  },
  {
    "name": "Load extend/request.js",
    "start": 1568116529792,
    "end": 1568116529801,
    "duration": 9,
    "pid": 508,
    "index": 29
  },
  {
    "name": "Require(25) node_modules/_egg@2.23.0@egg/app/extend/request.js",
    "start": 1568116529795,
    "end": 1568116529797,
    "duration": 2,
    "pid": 508,
    "index": 30
  },
  {
    "name": "Load extend/response.js",
    "start": 1568116529801,
    "end": 1568116529813,
    "duration": 12,
    "pid": 508,
    "index": 31
  },
  {
    "name": "Require(26) node_modules/_egg@2.23.0@egg/app/extend/response.js",
    "start": 1568116529804,
    "end": 1568116529807,
    "duration": 3,
    "pid": 508,
    "index": 32
  },
  {
    "name": "Load extend/context.js",
    "start": 1568116529813,
    "end": 1568116529932,
    "duration": 119,
    "pid": 508,
    "index": 33
  },
  {
    "name": "Require(27) node_modules/_egg-security@2.6.1@egg-security/app/extend/context.js",
    "start": 1568116529814,
    "end": 1568116529835,
    "duration": 21,
    "pid": 508,
    "index": 34
  },
  {
    "name": "Require(28) node_modules/_egg-jsonp@2.0.0@egg-jsonp/app/extend/context.js",
    "start": 1568116529835,
    "end": 1568116529837,
    "duration": 2,
    "pid": 508,
    "index": 35
  },
  {
    "name": "Require(29) node_modules/_egg-i18n@2.1.1@egg-i18n/app/extend/context.js",
    "start": 1568116529838,
    "end": 1568116529839,
    "duration": 1,
    "pid": 508,
    "index": 36
  },
  {
    "name": "Require(30) node_modules/_egg-multipart@2.9.0@egg-multipart/app/extend/context.js",
    "start": 1568116529840,
    "end": 1568116529916,
    "duration": 76,
    "pid": 508,
    "index": 37
  },
  {
    "name": "Require(31) node_modules/_egg-view@2.1.2@egg-view/app/extend/context.js",
    "start": 1568116529918,
    "end": 1568116529920,
    "duration": 2,
    "pid": 508,
    "index": 38
  },
  {
    "name": "Require(32) node_modules/_egg@2.23.0@egg/app/extend/context.js",
    "start": 1568116529920,
    "end": 1568116529924,
    "duration": 4,
    "pid": 508,
    "index": 39
  },
  {
    "name": "Load extend/helper.js",
    "start": 1568116529932,
    "end": 1568116529969,
    "duration": 37,
    "pid": 508,
    "index": 40
  },
  {
    "name": "Require(33) node_modules/_egg-security@2.6.1@egg-security/app/extend/helper.js",
    "start": 1568116529933,
    "end": 1568116529960,
    "duration": 27,
    "pid": 508,
    "index": 41
  },
  {
    "name": "Require(34) node_modules/_egg@2.23.0@egg/app/extend/helper.js",
    "start": 1568116529963,
    "end": 1568116529964,
    "duration": 1,
    "pid": 508,
    "index": 42
  },
  {
    "name": "Load app.js",
    "start": 1568116529969,
    "end": 1568116530026,
    "duration": 57,
    "pid": 508,
    "index": 43
  },
  {
    "name": "Require(35) node_modules/_egg-session@3.1.0@egg-session/app.js",
    "start": 1568116529970,
    "end": 1568116529971,
    "duration": 1,
    "pid": 508,
    "index": 44
  },
  {
    "name": "Require(36) node_modules/_egg-security@2.6.1@egg-security/app.js",
    "start": 1568116529971,
    "end": 1568116529975,
    "duration": 4,
    "pid": 508,
    "index": 45
  },
  {
    "name": "Require(37) node_modules/_egg-onerror@2.1.0@egg-onerror/app.js",
    "start": 1568116529976,
    "end": 1568116529993,
    "duration": 17,
    "pid": 508,
    "index": 46
  },
  {
    "name": "Require(38) node_modules/_egg-i18n@2.1.1@egg-i18n/app.js",
    "start": 1568116529994,
    "end": 1568116530006,
    "duration": 12,
    "pid": 508,
    "index": 47
  },
  {
    "name": "Require(39) node_modules/_egg-watcher@3.1.0@egg-watcher/app.js",
    "start": 1568116530007,
    "end": 1568116530013,
    "duration": 6,
    "pid": 508,
    "index": 48
  },
  {
    "name": "Require(40) node_modules/_egg-schedule@3.6.4@egg-schedule/app.js",
    "start": 1568116530013,
    "end": 1568116530016,
    "duration": 3,
    "pid": 508,
    "index": 49
  },
  {
    "name": "Require(41) node_modules/_egg-multipart@2.9.0@egg-multipart/app.js",
    "start": 1568116530017,
    "end": 1568116530021,
    "duration": 4,
    "pid": 508,
    "index": 50
  },
  {
    "name": "Require(42) node_modules/_egg-development@2.4.3@egg-development/app.js",
    "start": 1568116530021,
    "end": 1568116530022,
    "duration": 1,
    "pid": 508,
    "index": 51
  },
  {
    "name": "Require(43) node_modules/_egg-logrotator@3.1.0@egg-logrotator/app.js",
    "start": 1568116530022,
    "end": 1568116530022,
    "duration": 0,
    "pid": 508,
    "index": 52
  },
  {
    "name": "Require(44) node_modules/_egg-static@2.2.0@egg-static/app.js",
    "start": 1568116530023,
    "end": 1568116530023,
    "duration": 0,
    "pid": 508,
    "index": 53
  },
  {
    "name": "Require(45) node_modules/_egg-sequelize@5.2.0@egg-sequelize/app.js",
    "start": 1568116530024,
    "end": 1568116530024,
    "duration": 0,
    "pid": 508,
    "index": 54
  },
  {
    "name": "Before Start in node_modules/_egg-watcher@3.1.0@egg-watcher/lib/init.js:15:14",
    "start": 1568116530041,
    "end": 1568116530853,
    "duration": 812,
    "pid": 508,
    "index": 55
  },
  {
    "name": "Load \"Symbol(model)\" to Application",
    "start": 1568116530602,
    "end": 1568116530626,
    "duration": 24,
    "pid": 508,
    "index": 56
  },
  {
    "name": "Before Start in node_modules/_egg-sequelize@5.2.0@egg-sequelize/lib/loader.js:39:7",
    "start": 1568116530634,
    "end": 1568116530894,
    "duration": 260,
    "pid": 508,
    "index": 57
  },
  {
    "name": "Load Service",
    "start": 1568116530634,
    "end": 1568116530640,
    "duration": 6,
    "pid": 508,
    "index": 58
  },
  {
    "name": "Load \"service\" to Context",
    "start": 1568116530635,
    "end": 1568116530640,
    "duration": 5,
    "pid": 508,
    "index": 59
  },
  {
    "name": "Load Middleware",
    "start": 1568116530640,
    "end": 1568116530777,
    "duration": 137,
    "pid": 508,
    "index": 60
  },
  {
    "name": "Load \"middlewares\" to Application",
    "start": 1568116530640,
    "end": 1568116530757,
    "duration": 117,
    "pid": 508,
    "index": 61
  },
  {
    "name": "Load Controller",
    "start": 1568116530777,
    "end": 1568116530781,
    "duration": 4,
    "pid": 508,
    "index": 62
  },
  {
    "name": "Load \"controller\" to Application",
    "start": 1568116530777,
    "end": 1568116530781,
    "duration": 4,
    "pid": 508,
    "index": 63
  },
  {
    "name": "Load Router",
    "start": 1568116530781,
    "end": 1568116530784,
    "duration": 3,
    "pid": 508,
    "index": 64
  },
  {
    "name": "Require(46) app/router.js",
    "start": 1568116530782,
    "end": 1568116530782,
    "duration": 0,
    "pid": 508,
    "index": 65
  },
  {
    "name": "Before Start in node_modules/_egg-core@4.17.3@egg-core/lib/egg.js:303:10",
    "start": 1568116530783,
    "end": 1568116530806,
    "duration": 23,
    "pid": 508,
    "index": 66
  }
]