[
  {
    "name": "Application Start",
    "start": 1568117161811,
    "end": 1568117163063,
    "duration": 1252,
    "pid": 9720,
    "index": 0
  },
  {
    "name": "Load Plugin",
    "start": 1568117161817,
    "end": 1568117161854,
    "duration": 37,
    "pid": 9720,
    "index": 1
  },
  {
    "name": "Load Config",
    "start": 1568117161854,
    "end": 1568117161903,
    "duration": 49,
    "pid": 9720,
    "index": 2
  },
  {
    "name": "Require(0) config/config.default.js",
    "start": 1568117161855,
    "end": 1568117161856,
    "duration": 1,
    "pid": 9720,
    "index": 3
  },
  {
    "name": "Require(1) node_modules/_egg-session@3.1.0@egg-session/config/config.default.js",
    "start": 1568117161861,
    "end": 1568117161862,
    "duration": 1,
    "pid": 9720,
    "index": 4
  },
  {
    "name": "Require(2) node_modules/_egg-security@2.6.1@egg-security/config/config.default.js",
    "start": 1568117161863,
    "end": 1568117161864,
    "duration": 1,
    "pid": 9720,
    "index": 5
  },
  {
    "name": "Require(3) node_modules/_egg-jsonp@2.0.0@egg-jsonp/config/config.default.js",
    "start": 1568117161866,
    "end": 1568117161867,
    "duration": 1,
    "pid": 9720,
    "index": 6
  },
  {
    "name": "Require(4) node_modules/_egg-onerror@2.1.0@egg-onerror/config/config.default.js",
    "start": 1568117161867,
    "end": 1568117161868,
    "duration": 1,
    "pid": 9720,
    "index": 7
  },
  {
    "name": "Require(5) node_modules/_egg-i18n@2.1.1@egg-i18n/config/config.default.js",
    "start": 1568117161869,
    "end": 1568117161869,
    "duration": 0,
    "pid": 9720,
    "index": 8
  },
  {
    "name": "Require(6) node_modules/_egg-watcher@3.1.0@egg-watcher/config/config.default.js",
    "start": 1568117161870,
    "end": 1568117161875,
    "duration": 5,
    "pid": 9720,
    "index": 9
  },
  {
    "name": "Require(7) node_modules/_egg-schedule@3.6.4@egg-schedule/config/config.default.js",
    "start": 1568117161876,
    "end": 1568117161877,
    "duration": 1,
    "pid": 9720,
    "index": 10
  },
  {
    "name": "Require(8) node_modules/_egg-multipart@2.9.0@egg-multipart/config/config.default.js",
    "start": 1568117161879,
    "end": 1568117161880,
    "duration": 1,
    "pid": 9720,
    "index": 11
  },
  {
    "name": "Require(9) node_modules/_egg-development@2.4.3@egg-development/config/config.default.js",
    "start": 1568117161881,
    "end": 1568117161882,
    "duration": 1,
    "pid": 9720,
    "index": 12
  },
  {
    "name": "Require(10) node_modules/_egg-logrotator@3.1.0@egg-logrotator/config/config.default.js",
    "start": 1568117161882,
    "end": 1568117161883,
    "duration": 1,
    "pid": 9720,
    "index": 13
  },
  {
    "name": "Require(11) node_modules/_egg-static@2.2.0@egg-static/config/config.default.js",
    "start": 1568117161883,
    "end": 1568117161884,
    "duration": 1,
    "pid": 9720,
    "index": 14
  },
  {
    "name": "Require(12) node_modules/_egg-view@2.1.2@egg-view/config/config.default.js",
    "start": 1568117161885,
    "end": 1568117161885,
    "duration": 0,
    "pid": 9720,
    "index": 15
  },
  {
    "name": "Require(13) node_modules/_egg-sequelize@5.2.0@egg-sequelize/config/config.default.js",
    "start": 1568117161886,
    "end": 1568117161886,
    "duration": 0,
    "pid": 9720,
    "index": 16
  },
  {
    "name": "Require(14) node_modules/_egg@2.23.0@egg/config/config.default.js",
    "start": 1568117161887,
    "end": 1568117161888,
    "duration": 1,
    "pid": 9720,
    "index": 17
  },
  {
    "name": "Require(15) config/config.default.js",
    "start": 1568117161895,
    "end": 1568117161895,
    "duration": 0,
    "pid": 9720,
    "index": 18
  },
  {
    "name": "Require(16) node_modules/_egg-security@2.6.1@egg-security/config/config.local.js",
    "start": 1568117161896,
    "end": 1568117161897,
    "duration": 1,
    "pid": 9720,
    "index": 19
  },
  {
    "name": "Require(17) node_modules/_egg-watcher@3.1.0@egg-watcher/config/config.local.js",
    "start": 1568117161898,
    "end": 1568117161899,
    "duration": 1,
    "pid": 9720,
    "index": 20
  },
  {
    "name": "Require(18) node_modules/_egg-view@2.1.2@egg-view/config/config.local.js",
    "start": 1568117161900,
    "end": 1568117161901,
    "duration": 1,
    "pid": 9720,
    "index": 21
  },
  {
    "name": "Require(19) node_modules/_egg@2.23.0@egg/config/config.local.js",
    "start": 1568117161902,
    "end": 1568117161902,
    "duration": 0,
    "pid": 9720,
    "index": 22
  },
  {
    "name": "Load extend/application.js",
    "start": 1568117161905,
    "end": 1568117161943,
    "duration": 38,
    "pid": 9720,
    "index": 23
  },
  {
    "name": "Require(20) node_modules/_egg-session@3.1.0@egg-session/app/extend/application.js",
    "start": 1568117161909,
    "end": 1568117161910,
    "duration": 1,
    "pid": 9720,
    "index": 24
  },
  {
    "name": "Require(21) node_modules/_egg-security@2.6.1@egg-security/app/extend/application.js",
    "start": 1568117161911,
    "end": 1568117161915,
    "duration": 4,
    "pid": 9720,
    "index": 25
  },
  {
    "name": "Require(22) node_modules/_egg-jsonp@2.0.0@egg-jsonp/app/extend/application.js",
    "start": 1568117161916,
    "end": 1568117161919,
    "duration": 3,
    "pid": 9720,
    "index": 26
  },
  {
    "name": "Require(23) node_modules/_egg-logrotator@3.1.0@egg-logrotator/app/extend/application.js",
    "start": 1568117161922,
    "end": 1568117161929,
    "duration": 7,
    "pid": 9720,
    "index": 27
  },
  {
    "name": "Require(24) node_modules/_egg-view@2.1.2@egg-view/app/extend/application.js",
    "start": 1568117161930,
    "end": 1568117161935,
    "duration": 5,
    "pid": 9720,
    "index": 28
  },
  {
    "name": "Load extend/request.js",
    "start": 1568117161943,
    "end": 1568117161957,
    "duration": 14,
    "pid": 9720,
    "index": 29
  },
  {
    "name": "Require(25) node_modules/_egg@2.23.0@egg/app/extend/request.js",
    "start": 1568117161947,
    "end": 1568117161952,
    "duration": 5,
    "pid": 9720,
    "index": 30
  },
  {
    "name": "Load extend/response.js",
    "start": 1568117161957,
    "end": 1568117161969,
    "duration": 12,
    "pid": 9720,
    "index": 31
  },
  {
    "name": "Require(26) node_modules/_egg@2.23.0@egg/app/extend/response.js",
    "start": 1568117161961,
    "end": 1568117161965,
    "duration": 4,
    "pid": 9720,
    "index": 32
  },
  {
    "name": "Load extend/context.js",
    "start": 1568117161969,
    "end": 1568117162082,
    "duration": 113,
    "pid": 9720,
    "index": 33
  },
  {
    "name": "Require(27) node_modules/_egg-security@2.6.1@egg-security/app/extend/context.js",
    "start": 1568117161970,
    "end": 1568117161995,
    "duration": 25,
    "pid": 9720,
    "index": 34
  },
  {
    "name": "Require(28) node_modules/_egg-jsonp@2.0.0@egg-jsonp/app/extend/context.js",
    "start": 1568117161995,
    "end": 1568117161999,
    "duration": 4,
    "pid": 9720,
    "index": 35
  },
  {
    "name": "Require(29) node_modules/_egg-i18n@2.1.1@egg-i18n/app/extend/context.js",
    "start": 1568117162000,
    "end": 1568117162000,
    "duration": 0,
    "pid": 9720,
    "index": 36
  },
  {
    "name": "Require(30) node_modules/_egg-multipart@2.9.0@egg-multipart/app/extend/context.js",
    "start": 1568117162002,
    "end": 1568117162072,
    "duration": 70,
    "pid": 9720,
    "index": 37
  },
  {
    "name": "Require(31) node_modules/_egg-view@2.1.2@egg-view/app/extend/context.js",
    "start": 1568117162073,
    "end": 1568117162074,
    "duration": 1,
    "pid": 9720,
    "index": 38
  },
  {
    "name": "Require(32) node_modules/_egg@2.23.0@egg/app/extend/context.js",
    "start": 1568117162075,
    "end": 1568117162078,
    "duration": 3,
    "pid": 9720,
    "index": 39
  },
  {
    "name": "Load extend/helper.js",
    "start": 1568117162082,
    "end": 1568117162131,
    "duration": 49,
    "pid": 9720,
    "index": 40
  },
  {
    "name": "Require(33) node_modules/_egg-security@2.6.1@egg-security/app/extend/helper.js",
    "start": 1568117162083,
    "end": 1568117162117,
    "duration": 34,
    "pid": 9720,
    "index": 41
  },
  {
    "name": "Require(34) node_modules/_egg@2.23.0@egg/app/extend/helper.js",
    "start": 1568117162121,
    "end": 1568117162121,
    "duration": 0,
    "pid": 9720,
    "index": 42
  },
  {
    "name": "Load app.js",
    "start": 1568117162132,
    "end": 1568117162207,
    "duration": 75,
    "pid": 9720,
    "index": 43
  },
  {
    "name": "Require(35) node_modules/_egg-session@3.1.0@egg-session/app.js",
    "start": 1568117162132,
    "end": 1568117162133,
    "duration": 1,
    "pid": 9720,
    "index": 44
  },
  {
    "name": "Require(36) node_modules/_egg-security@2.6.1@egg-security/app.js",
    "start": 1568117162134,
    "end": 1568117162137,
    "duration": 3,
    "pid": 9720,
    "index": 45
  },
  {
    "name": "Require(37) node_modules/_egg-onerror@2.1.0@egg-onerror/app.js",
    "start": 1568117162138,
    "end": 1568117162164,
    "duration": 26,
    "pid": 9720,
    "index": 46
  },
  {
    "name": "Require(38) node_modules/_egg-i18n@2.1.1@egg-i18n/app.js",
    "start": 1568117162164,
    "end": 1568117162180,
    "duration": 16,
    "pid": 9720,
    "index": 47
  },
  {
    "name": "Require(39) node_modules/_egg-watcher@3.1.0@egg-watcher/app.js",
    "start": 1568117162180,
    "end": 1568117162188,
    "duration": 8,
    "pid": 9720,
    "index": 48
  },
  {
    "name": "Require(40) node_modules/_egg-schedule@3.6.4@egg-schedule/app.js",
    "start": 1568117162188,
    "end": 1568117162193,
    "duration": 5,
    "pid": 9720,
    "index": 49
  },
  {
    "name": "Require(41) node_modules/_egg-multipart@2.9.0@egg-multipart/app.js",
    "start": 1568117162193,
    "end": 1568117162198,
    "duration": 5,
    "pid": 9720,
    "index": 50
  },
  {
    "name": "Require(42) node_modules/_egg-development@2.4.3@egg-development/app.js",
    "start": 1568117162199,
    "end": 1568117162199,
    "duration": 0,
    "pid": 9720,
    "index": 51
  },
  {
    "name": "Require(43) node_modules/_egg-logrotator@3.1.0@egg-logrotator/app.js",
    "start": 1568117162200,
    "end": 1568117162200,
    "duration": 0,
    "pid": 9720,
    "index": 52
  },
  {
    "name": "Require(44) node_modules/_egg-static@2.2.0@egg-static/app.js",
    "start": 1568117162201,
    "end": 1568117162202,
    "duration": 1,
    "pid": 9720,
    "index": 53
  },
  {
    "name": "Require(45) node_modules/_egg-sequelize@5.2.0@egg-sequelize/app.js",
    "start": 1568117162204,
    "end": 1568117162205,
    "duration": 1,
    "pid": 9720,
    "index": 54
  },
  {
    "name": "Before Start in node_modules/_egg-watcher@3.1.0@egg-watcher/lib/init.js:15:14",
    "start": 1568117162227,
    "end": 1568117163020,
    "duration": 793,
    "pid": 9720,
    "index": 55
  },
  {
    "name": "Load \"Symbol(model)\" to Application",
    "start": 1568117162750,
    "end": 1568117162775,
    "duration": 25,
    "pid": 9720,
    "index": 56
  },
  {
    "name": "Before Start in node_modules/_egg-sequelize@5.2.0@egg-sequelize/lib/loader.js:39:7",
    "start": 1568117162782,
    "end": 1568117163062,
    "duration": 280,
    "pid": 9720,
    "index": 57
  },
  {
    "name": "Load Service",
    "start": 1568117162783,
    "end": 1568117162788,
    "duration": 5,
    "pid": 9720,
    "index": 58
  },
  {
    "name": "Load \"service\" to Context",
    "start": 1568117162783,
    "end": 1568117162788,
    "duration": 5,
    "pid": 9720,
    "index": 59
  },
  {
    "name": "Load Middleware",
    "start": 1568117162788,
    "end": 1568117162935,
    "duration": 147,
    "pid": 9720,
    "index": 60
  },
  {
    "name": "Load \"middlewares\" to Application",
    "start": 1568117162788,
    "end": 1568117162908,
    "duration": 120,
    "pid": 9720,
    "index": 61
  },
  {
    "name": "Load Controller",
    "start": 1568117162935,
    "end": 1568117162941,
    "duration": 6,
    "pid": 9720,
    "index": 62
  },
  {
    "name": "Load \"controller\" to Application",
    "start": 1568117162935,
    "end": 1568117162941,
    "duration": 6,
    "pid": 9720,
    "index": 63
  },
  {
    "name": "Load Router",
    "start": 1568117162941,
    "end": 1568117162947,
    "duration": 6,
    "pid": 9720,
    "index": 64
  },
  {
    "name": "Require(46) app/router.js",
    "start": 1568117162942,
    "end": 1568117162943,
    "duration": 1,
    "pid": 9720,
    "index": 65
  },
  {
    "name": "Before Start in node_modules/_egg-core@4.17.3@egg-core/lib/egg.js:303:10",
    "start": 1568117162944,
    "end": 1568117162972,
    "duration": 28,
    "pid": 9720,
    "index": 66
  }
]