[
  {
    "name": "Application Start",
    "start": 1568102858287,
    "end": 1568102859550,
    "duration": 1263,
    "pid": 10228,
    "index": 0
  },
  {
    "name": "Load Plugin",
    "start": 1568102858299,
    "end": 1568102858339,
    "duration": 40,
    "pid": 10228,
    "index": 1
  },
  {
    "name": "Load Config",
    "start": 1568102858340,
    "end": 1568102858374,
    "duration": 34,
    "pid": 10228,
    "index": 2
  },
  {
    "name": "Require(0) config/config.default.js",
    "start": 1568102858341,
    "end": 1568102858341,
    "duration": 0,
    "pid": 10228,
    "index": 3
  },
  {
    "name": "Require(1) node_modules/_egg-session@3.1.0@egg-session/config/config.default.js",
    "start": 1568102858343,
    "end": 1568102858343,
    "duration": 0,
    "pid": 10228,
    "index": 4
  },
  {
    "name": "Require(2) node_modules/_egg-security@2.6.1@egg-security/config/config.default.js",
    "start": 1568102858344,
    "end": 1568102858345,
    "duration": 1,
    "pid": 10228,
    "index": 5
  },
  {
    "name": "Require(3) node_modules/_egg-jsonp@2.0.0@egg-jsonp/config/config.default.js",
    "start": 1568102858347,
    "end": 1568102858348,
    "duration": 1,
    "pid": 10228,
    "index": 6
  },
  {
    "name": "Require(4) node_modules/_egg-onerror@2.1.0@egg-onerror/config/config.default.js",
    "start": 1568102858349,
    "end": 1568102858350,
    "duration": 1,
    "pid": 10228,
    "index": 7
  },
  {
    "name": "Require(5) node_modules/_egg-i18n@2.1.1@egg-i18n/config/config.default.js",
    "start": 1568102858351,
    "end": 1568102858351,
    "duration": 0,
    "pid": 10228,
    "index": 8
  },
  {
    "name": "Require(6) node_modules/_egg-watcher@3.1.0@egg-watcher/config/config.default.js",
    "start": 1568102858352,
    "end": 1568102858353,
    "duration": 1,
    "pid": 10228,
    "index": 9
  },
  {
    "name": "Require(7) node_modules/_egg-schedule@3.6.4@egg-schedule/config/config.default.js",
    "start": 1568102858354,
    "end": 1568102858354,
    "duration": 0,
    "pid": 10228,
    "index": 10
  },
  {
    "name": "Require(8) node_modules/_egg-multipart@2.9.0@egg-multipart/config/config.default.js",
    "start": 1568102858355,
    "end": 1568102858355,
    "duration": 0,
    "pid": 10228,
    "index": 11
  },
  {
    "name": "Require(9) node_modules/_egg-development@2.4.3@egg-development/config/config.default.js",
    "start": 1568102858357,
    "end": 1568102858357,
    "duration": 0,
    "pid": 10228,
    "index": 12
  },
  {
    "name": "Require(10) node_modules/_egg-logrotator@3.1.0@egg-logrotator/config/config.default.js",
    "start": 1568102858358,
    "end": 1568102858358,
    "duration": 0,
    "pid": 10228,
    "index": 13
  },
  {
    "name": "Require(11) node_modules/_egg-static@2.2.0@egg-static/config/config.default.js",
    "start": 1568102858359,
    "end": 1568102858359,
    "duration": 0,
    "pid": 10228,
    "index": 14
  },
  {
    "name": "Require(12) node_modules/_egg-view@2.1.2@egg-view/config/config.default.js",
    "start": 1568102858360,
    "end": 1568102858361,
    "duration": 1,
    "pid": 10228,
    "index": 15
  },
  {
    "name": "Require(13) node_modules/_egg-sequelize@5.2.0@egg-sequelize/config/config.default.js",
    "start": 1568102858361,
    "end": 1568102858362,
    "duration": 1,
    "pid": 10228,
    "index": 16
  },
  {
    "name": "Require(14) node_modules/_egg@2.23.0@egg/config/config.default.js",
    "start": 1568102858362,
    "end": 1568102858363,
    "duration": 1,
    "pid": 10228,
    "index": 17
  },
  {
    "name": "Require(15) config/config.default.js",
    "start": 1568102858366,
    "end": 1568102858366,
    "duration": 0,
    "pid": 10228,
    "index": 18
  },
  {
    "name": "Require(16) node_modules/_egg-security@2.6.1@egg-security/config/config.local.js",
    "start": 1568102858367,
    "end": 1568102858367,
    "duration": 0,
    "pid": 10228,
    "index": 19
  },
  {
    "name": "Require(17) node_modules/_egg-watcher@3.1.0@egg-watcher/config/config.local.js",
    "start": 1568102858369,
    "end": 1568102858370,
    "duration": 1,
    "pid": 10228,
    "index": 20
  },
  {
    "name": "Require(18) node_modules/_egg-view@2.1.2@egg-view/config/config.local.js",
    "start": 1568102858372,
    "end": 1568102858372,
    "duration": 0,
    "pid": 10228,
    "index": 21
  },
  {
    "name": "Require(19) node_modules/_egg@2.23.0@egg/config/config.local.js",
    "start": 1568102858373,
    "end": 1568102858374,
    "duration": 1,
    "pid": 10228,
    "index": 22
  },
  {
    "name": "Load extend/application.js",
    "start": 1568102858377,
    "end": 1568102858399,
    "duration": 22,
    "pid": 10228,
    "index": 23
  },
  {
    "name": "Require(20) node_modules/_egg-session@3.1.0@egg-session/app/extend/application.js",
    "start": 1568102858378,
    "end": 1568102858379,
    "duration": 1,
    "pid": 10228,
    "index": 24
  },
  {
    "name": "Require(21) node_modules/_egg-security@2.6.1@egg-security/app/extend/application.js",
    "start": 1568102858380,
    "end": 1568102858381,
    "duration": 1,
    "pid": 10228,
    "index": 25
  },
  {
    "name": "Require(22) node_modules/_egg-jsonp@2.0.0@egg-jsonp/app/extend/application.js",
    "start": 1568102858381,
    "end": 1568102858384,
    "duration": 3,
    "pid": 10228,
    "index": 26
  },
  {
    "name": "Require(23) node_modules/_egg-logrotator@3.1.0@egg-logrotator/app/extend/application.js",
    "start": 1568102858386,
    "end": 1568102858390,
    "duration": 4,
    "pid": 10228,
    "index": 27
  },
  {
    "name": "Require(24) node_modules/_egg-view@2.1.2@egg-view/app/extend/application.js",
    "start": 1568102858391,
    "end": 1568102858394,
    "duration": 3,
    "pid": 10228,
    "index": 28
  },
  {
    "name": "Load extend/request.js",
    "start": 1568102858399,
    "end": 1568102858409,
    "duration": 10,
    "pid": 10228,
    "index": 29
  },
  {
    "name": "Require(25) node_modules/_egg@2.23.0@egg/app/extend/request.js",
    "start": 1568102858403,
    "end": 1568102858405,
    "duration": 2,
    "pid": 10228,
    "index": 30
  },
  {
    "name": "Load extend/response.js",
    "start": 1568102858409,
    "end": 1568102858422,
    "duration": 13,
    "pid": 10228,
    "index": 31
  },
  {
    "name": "Require(26) node_modules/_egg@2.23.0@egg/app/extend/response.js",
    "start": 1568102858415,
    "end": 1568102858418,
    "duration": 3,
    "pid": 10228,
    "index": 32
  },
  {
    "name": "Load extend/context.js",
    "start": 1568102858422,
    "end": 1568102858539,
    "duration": 117,
    "pid": 10228,
    "index": 33
  },
  {
    "name": "Require(27) node_modules/_egg-security@2.6.1@egg-security/app/extend/context.js",
    "start": 1568102858423,
    "end": 1568102858444,
    "duration": 21,
    "pid": 10228,
    "index": 34
  },
  {
    "name": "Require(28) node_modules/_egg-jsonp@2.0.0@egg-jsonp/app/extend/context.js",
    "start": 1568102858445,
    "end": 1568102858447,
    "duration": 2,
    "pid": 10228,
    "index": 35
  },
  {
    "name": "Require(29) node_modules/_egg-i18n@2.1.1@egg-i18n/app/extend/context.js",
    "start": 1568102858448,
    "end": 1568102858449,
    "duration": 1,
    "pid": 10228,
    "index": 36
  },
  {
    "name": "Require(30) node_modules/_egg-multipart@2.9.0@egg-multipart/app/extend/context.js",
    "start": 1568102858450,
    "end": 1568102858529,
    "duration": 79,
    "pid": 10228,
    "index": 37
  },
  {
    "name": "Require(31) node_modules/_egg-view@2.1.2@egg-view/app/extend/context.js",
    "start": 1568102858530,
    "end": 1568102858531,
    "duration": 1,
    "pid": 10228,
    "index": 38
  },
  {
    "name": "Require(32) node_modules/_egg@2.23.0@egg/app/extend/context.js",
    "start": 1568102858532,
    "end": 1568102858536,
    "duration": 4,
    "pid": 10228,
    "index": 39
  },
  {
    "name": "Load extend/helper.js",
    "start": 1568102858540,
    "end": 1568102858578,
    "duration": 38,
    "pid": 10228,
    "index": 40
  },
  {
    "name": "Require(33) node_modules/_egg-security@2.6.1@egg-security/app/extend/helper.js",
    "start": 1568102858540,
    "end": 1568102858571,
    "duration": 31,
    "pid": 10228,
    "index": 41
  },
  {
    "name": "Require(34) node_modules/_egg@2.23.0@egg/app/extend/helper.js",
    "start": 1568102858574,
    "end": 1568102858574,
    "duration": 0,
    "pid": 10228,
    "index": 42
  },
  {
    "name": "Load app.js",
    "start": 1568102858578,
    "end": 1568102858642,
    "duration": 64,
    "pid": 10228,
    "index": 43
  },
  {
    "name": "Require(35) node_modules/_egg-session@3.1.0@egg-session/app.js",
    "start": 1568102858579,
    "end": 1568102858580,
    "duration": 1,
    "pid": 10228,
    "index": 44
  },
  {
    "name": "Require(36) node_modules/_egg-security@2.6.1@egg-security/app.js",
    "start": 1568102858581,
    "end": 1568102858584,
    "duration": 3,
    "pid": 10228,
    "index": 45
  },
  {
    "name": "Require(37) node_modules/_egg-onerror@2.1.0@egg-onerror/app.js",
    "start": 1568102858585,
    "end": 1568102858603,
    "duration": 18,
    "pid": 10228,
    "index": 46
  },
  {
    "name": "Require(38) node_modules/_egg-i18n@2.1.1@egg-i18n/app.js",
    "start": 1568102858604,
    "end": 1568102858620,
    "duration": 16,
    "pid": 10228,
    "index": 47
  },
  {
    "name": "Require(39) node_modules/_egg-watcher@3.1.0@egg-watcher/app.js",
    "start": 1568102858621,
    "end": 1568102858629,
    "duration": 8,
    "pid": 10228,
    "index": 48
  },
  {
    "name": "Require(40) node_modules/_egg-schedule@3.6.4@egg-schedule/app.js",
    "start": 1568102858629,
    "end": 1568102858632,
    "duration": 3,
    "pid": 10228,
    "index": 49
  },
  {
    "name": "Require(41) node_modules/_egg-multipart@2.9.0@egg-multipart/app.js",
    "start": 1568102858633,
    "end": 1568102858637,
    "duration": 4,
    "pid": 10228,
    "index": 50
  },
  {
    "name": "Require(42) node_modules/_egg-development@2.4.3@egg-development/app.js",
    "start": 1568102858637,
    "end": 1568102858638,
    "duration": 1,
    "pid": 10228,
    "index": 51
  },
  {
    "name": "Require(43) node_modules/_egg-logrotator@3.1.0@egg-logrotator/app.js",
    "start": 1568102858638,
    "end": 1568102858638,
    "duration": 0,
    "pid": 10228,
    "index": 52
  },
  {
    "name": "Require(44) node_modules/_egg-static@2.2.0@egg-static/app.js",
    "start": 1568102858639,
    "end": 1568102858639,
    "duration": 0,
    "pid": 10228,
    "index": 53
  },
  {
    "name": "Require(45) node_modules/_egg-sequelize@5.2.0@egg-sequelize/app.js",
    "start": 1568102858640,
    "end": 1568102858641,
    "duration": 1,
    "pid": 10228,
    "index": 54
  },
  {
    "name": "Before Start in node_modules/_egg-watcher@3.1.0@egg-watcher/lib/init.js:15:14",
    "start": 1568102858658,
    "end": 1568102859492,
    "duration": 834,
    "pid": 10228,
    "index": 55
  },
  {
    "name": "Load \"Symbol(model)\" to Application",
    "start": 1568102859193,
    "end": 1568102859215,
    "duration": 22,
    "pid": 10228,
    "index": 56
  },
  {
    "name": "Before Start in node_modules/_egg-sequelize@5.2.0@egg-sequelize/lib/loader.js:39:7",
    "start": 1568102859221,
    "end": 1568102859550,
    "duration": 329,
    "pid": 10228,
    "index": 57
  },
  {
    "name": "Load Service",
    "start": 1568102859222,
    "end": 1568102859226,
    "duration": 4,
    "pid": 10228,
    "index": 58
  },
  {
    "name": "Load \"service\" to Context",
    "start": 1568102859222,
    "end": 1568102859226,
    "duration": 4,
    "pid": 10228,
    "index": 59
  },
  {
    "name": "Load Middleware",
    "start": 1568102859227,
    "end": 1568102859365,
    "duration": 138,
    "pid": 10228,
    "index": 60
  },
  {
    "name": "Load \"middlewares\" to Application",
    "start": 1568102859227,
    "end": 1568102859347,
    "duration": 120,
    "pid": 10228,
    "index": 61
  },
  {
    "name": "Load Controller",
    "start": 1568102859365,
    "end": 1568102859368,
    "duration": 3,
    "pid": 10228,
    "index": 62
  },
  {
    "name": "Load \"controller\" to Application",
    "start": 1568102859365,
    "end": 1568102859368,
    "duration": 3,
    "pid": 10228,
    "index": 63
  },
  {
    "name": "Load Router",
    "start": 1568102859368,
    "end": 1568102859372,
    "duration": 4,
    "pid": 10228,
    "index": 64
  },
  {
    "name": "Require(46) app/router.js",
    "start": 1568102859368,
    "end": 1568102859369,
    "duration": 1,
    "pid": 10228,
    "index": 65
  },
  {
    "name": "Before Start in node_modules/_egg-core@4.17.3@egg-core/lib/egg.js:303:10",
    "start": 1568102859369,
    "end": 1568102859396,
    "duration": 27,
    "pid": 10228,
    "index": 66
  }
]