[
  {
    "name": "Application Start",
    "start": 1568098475755,
    "end": 1568098476908,
    "duration": 1153,
    "pid": 13364,
    "index": 0
  },
  {
    "name": "Load Plugin",
    "start": 1568098475762,
    "end": 1568098475787,
    "duration": 25,
    "pid": 13364,
    "index": 1
  },
  {
    "name": "Load Config",
    "start": 1568098475787,
    "end": 1568098475819,
    "duration": 32,
    "pid": 13364,
    "index": 2
  },
  {
    "name": "Require(0) config/config.default.js",
    "start": 1568098475788,
    "end": 1568098475789,
    "duration": 1,
    "pid": 13364,
    "index": 3
  },
  {
    "name": "Require(1) node_modules/_egg-session@3.1.0@egg-session/config/config.default.js",
    "start": 1568098475791,
    "end": 1568098475792,
    "duration": 1,
    "pid": 13364,
    "index": 4
  },
  {
    "name": "Require(2) node_modules/_egg-security@2.6.1@egg-security/config/config.default.js",
    "start": 1568098475792,
    "end": 1568098475793,
    "duration": 1,
    "pid": 13364,
    "index": 5
  },
  {
    "name": "Require(3) node_modules/_egg-jsonp@2.0.0@egg-jsonp/config/config.default.js",
    "start": 1568098475794,
    "end": 1568098475795,
    "duration": 1,
    "pid": 13364,
    "index": 6
  },
  {
    "name": "Require(4) node_modules/_egg-onerror@2.1.0@egg-onerror/config/config.default.js",
    "start": 1568098475795,
    "end": 1568098475796,
    "duration": 1,
    "pid": 13364,
    "index": 7
  },
  {
    "name": "Require(5) node_modules/_egg-i18n@2.1.1@egg-i18n/config/config.default.js",
    "start": 1568098475796,
    "end": 1568098475797,
    "duration": 1,
    "pid": 13364,
    "index": 8
  },
  {
    "name": "Require(6) node_modules/_egg-watcher@3.1.0@egg-watcher/config/config.default.js",
    "start": 1568098475798,
    "end": 1568098475798,
    "duration": 0,
    "pid": 13364,
    "index": 9
  },
  {
    "name": "Require(7) node_modules/_egg-schedule@3.6.4@egg-schedule/config/config.default.js",
    "start": 1568098475799,
    "end": 1568098475799,
    "duration": 0,
    "pid": 13364,
    "index": 10
  },
  {
    "name": "Require(8) node_modules/_egg-multipart@2.9.0@egg-multipart/config/config.default.js",
    "start": 1568098475800,
    "end": 1568098475800,
    "duration": 0,
    "pid": 13364,
    "index": 11
  },
  {
    "name": "Require(9) node_modules/_egg-development@2.4.3@egg-development/config/config.default.js",
    "start": 1568098475801,
    "end": 1568098475802,
    "duration": 1,
    "pid": 13364,
    "index": 12
  },
  {
    "name": "Require(10) node_modules/_egg-logrotator@3.1.0@egg-logrotator/config/config.default.js",
    "start": 1568098475803,
    "end": 1568098475803,
    "duration": 0,
    "pid": 13364,
    "index": 13
  },
  {
    "name": "Require(11) node_modules/_egg-static@2.2.0@egg-static/config/config.default.js",
    "start": 1568098475804,
    "end": 1568098475805,
    "duration": 1,
    "pid": 13364,
    "index": 14
  },
  {
    "name": "Require(12) node_modules/_egg-view@2.1.2@egg-view/config/config.default.js",
    "start": 1568098475806,
    "end": 1568098475806,
    "duration": 0,
    "pid": 13364,
    "index": 15
  },
  {
    "name": "Require(13) node_modules/_egg-sequelize@5.2.0@egg-sequelize/config/config.default.js",
    "start": 1568098475807,
    "end": 1568098475807,
    "duration": 0,
    "pid": 13364,
    "index": 16
  },
  {
    "name": "Require(14) node_modules/_egg@2.23.0@egg/config/config.default.js",
    "start": 1568098475808,
    "end": 1568098475809,
    "duration": 1,
    "pid": 13364,
    "index": 17
  },
  {
    "name": "Require(15) config/config.default.js",
    "start": 1568098475811,
    "end": 1568098475811,
    "duration": 0,
    "pid": 13364,
    "index": 18
  },
  {
    "name": "Require(16) node_modules/_egg-security@2.6.1@egg-security/config/config.local.js",
    "start": 1568098475812,
    "end": 1568098475813,
    "duration": 1,
    "pid": 13364,
    "index": 19
  },
  {
    "name": "Require(17) node_modules/_egg-watcher@3.1.0@egg-watcher/config/config.local.js",
    "start": 1568098475815,
    "end": 1568098475815,
    "duration": 0,
    "pid": 13364,
    "index": 20
  },
  {
    "name": "Require(18) node_modules/_egg-view@2.1.2@egg-view/config/config.local.js",
    "start": 1568098475817,
    "end": 1568098475817,
    "duration": 0,
    "pid": 13364,
    "index": 21
  },
  {
    "name": "Require(19) node_modules/_egg@2.23.0@egg/config/config.local.js",
    "start": 1568098475818,
    "end": 1568098475818,
    "duration": 0,
    "pid": 13364,
    "index": 22
  },
  {
    "name": "Load extend/application.js",
    "start": 1568098475821,
    "end": 1568098475844,
    "duration": 23,
    "pid": 13364,
    "index": 23
  },
  {
    "name": "Require(20) node_modules/_egg-session@3.1.0@egg-session/app/extend/application.js",
    "start": 1568098475822,
    "end": 1568098475823,
    "duration": 1,
    "pid": 13364,
    "index": 24
  },
  {
    "name": "Require(21) node_modules/_egg-security@2.6.1@egg-security/app/extend/application.js",
    "start": 1568098475824,
    "end": 1568098475826,
    "duration": 2,
    "pid": 13364,
    "index": 25
  },
  {
    "name": "Require(22) node_modules/_egg-jsonp@2.0.0@egg-jsonp/app/extend/application.js",
    "start": 1568098475826,
    "end": 1568098475829,
    "duration": 3,
    "pid": 13364,
    "index": 26
  },
  {
    "name": "Require(23) node_modules/_egg-logrotator@3.1.0@egg-logrotator/app/extend/application.js",
    "start": 1568098475832,
    "end": 1568098475835,
    "duration": 3,
    "pid": 13364,
    "index": 27
  },
  {
    "name": "Require(24) node_modules/_egg-view@2.1.2@egg-view/app/extend/application.js",
    "start": 1568098475836,
    "end": 1568098475839,
    "duration": 3,
    "pid": 13364,
    "index": 28
  },
  {
    "name": "Load extend/request.js",
    "start": 1568098475844,
    "end": 1568098475853,
    "duration": 9,
    "pid": 13364,
    "index": 29
  },
  {
    "name": "Require(25) node_modules/_egg@2.23.0@egg/app/extend/request.js",
    "start": 1568098475848,
    "end": 1568098475850,
    "duration": 2,
    "pid": 13364,
    "index": 30
  },
  {
    "name": "Load extend/response.js",
    "start": 1568098475853,
    "end": 1568098475864,
    "duration": 11,
    "pid": 13364,
    "index": 31
  },
  {
    "name": "Require(26) node_modules/_egg@2.23.0@egg/app/extend/response.js",
    "start": 1568098475857,
    "end": 1568098475860,
    "duration": 3,
    "pid": 13364,
    "index": 32
  },
  {
    "name": "Load extend/context.js",
    "start": 1568098475864,
    "end": 1568098475977,
    "duration": 113,
    "pid": 13364,
    "index": 33
  },
  {
    "name": "Require(27) node_modules/_egg-security@2.6.1@egg-security/app/extend/context.js",
    "start": 1568098475865,
    "end": 1568098475887,
    "duration": 22,
    "pid": 13364,
    "index": 34
  },
  {
    "name": "Require(28) node_modules/_egg-jsonp@2.0.0@egg-jsonp/app/extend/context.js",
    "start": 1568098475887,
    "end": 1568098475890,
    "duration": 3,
    "pid": 13364,
    "index": 35
  },
  {
    "name": "Require(29) node_modules/_egg-i18n@2.1.1@egg-i18n/app/extend/context.js",
    "start": 1568098475891,
    "end": 1568098475891,
    "duration": 0,
    "pid": 13364,
    "index": 36
  },
  {
    "name": "Require(30) node_modules/_egg-multipart@2.9.0@egg-multipart/app/extend/context.js",
    "start": 1568098475893,
    "end": 1568098475967,
    "duration": 74,
    "pid": 13364,
    "index": 37
  },
  {
    "name": "Require(31) node_modules/_egg-view@2.1.2@egg-view/app/extend/context.js",
    "start": 1568098475968,
    "end": 1568098475970,
    "duration": 2,
    "pid": 13364,
    "index": 38
  },
  {
    "name": "Require(32) node_modules/_egg@2.23.0@egg/app/extend/context.js",
    "start": 1568098475970,
    "end": 1568098475974,
    "duration": 4,
    "pid": 13364,
    "index": 39
  },
  {
    "name": "Load extend/helper.js",
    "start": 1568098475977,
    "end": 1568098476014,
    "duration": 37,
    "pid": 13364,
    "index": 40
  },
  {
    "name": "Require(33) node_modules/_egg-security@2.6.1@egg-security/app/extend/helper.js",
    "start": 1568098475978,
    "end": 1568098476006,
    "duration": 28,
    "pid": 13364,
    "index": 41
  },
  {
    "name": "Require(34) node_modules/_egg@2.23.0@egg/app/extend/helper.js",
    "start": 1568098476009,
    "end": 1568098476009,
    "duration": 0,
    "pid": 13364,
    "index": 42
  },
  {
    "name": "Load app.js",
    "start": 1568098476015,
    "end": 1568098476067,
    "duration": 52,
    "pid": 13364,
    "index": 43
  },
  {
    "name": "Require(35) node_modules/_egg-session@3.1.0@egg-session/app.js",
    "start": 1568098476015,
    "end": 1568098476016,
    "duration": 1,
    "pid": 13364,
    "index": 44
  },
  {
    "name": "Require(36) node_modules/_egg-security@2.6.1@egg-security/app.js",
    "start": 1568098476016,
    "end": 1568098476019,
    "duration": 3,
    "pid": 13364,
    "index": 45
  },
  {
    "name": "Require(37) node_modules/_egg-onerror@2.1.0@egg-onerror/app.js",
    "start": 1568098476019,
    "end": 1568098476036,
    "duration": 17,
    "pid": 13364,
    "index": 46
  },
  {
    "name": "Require(38) node_modules/_egg-i18n@2.1.1@egg-i18n/app.js",
    "start": 1568098476036,
    "end": 1568098476048,
    "duration": 12,
    "pid": 13364,
    "index": 47
  },
  {
    "name": "Require(39) node_modules/_egg-watcher@3.1.0@egg-watcher/app.js",
    "start": 1568098476048,
    "end": 1568098476054,
    "duration": 6,
    "pid": 13364,
    "index": 48
  },
  {
    "name": "Require(40) node_modules/_egg-schedule@3.6.4@egg-schedule/app.js",
    "start": 1568098476054,
    "end": 1568098476057,
    "duration": 3,
    "pid": 13364,
    "index": 49
  },
  {
    "name": "Require(41) node_modules/_egg-multipart@2.9.0@egg-multipart/app.js",
    "start": 1568098476057,
    "end": 1568098476062,
    "duration": 5,
    "pid": 13364,
    "index": 50
  },
  {
    "name": "Require(42) node_modules/_egg-development@2.4.3@egg-development/app.js",
    "start": 1568098476063,
    "end": 1568098476063,
    "duration": 0,
    "pid": 13364,
    "index": 51
  },
  {
    "name": "Require(43) node_modules/_egg-logrotator@3.1.0@egg-logrotator/app.js",
    "start": 1568098476064,
    "end": 1568098476064,
    "duration": 0,
    "pid": 13364,
    "index": 52
  },
  {
    "name": "Require(44) node_modules/_egg-static@2.2.0@egg-static/app.js",
    "start": 1568098476064,
    "end": 1568098476065,
    "duration": 1,
    "pid": 13364,
    "index": 53
  },
  {
    "name": "Require(45) node_modules/_egg-sequelize@5.2.0@egg-sequelize/app.js",
    "start": 1568098476065,
    "end": 1568098476066,
    "duration": 1,
    "pid": 13364,
    "index": 54
  },
  {
    "name": "Before Start in node_modules/_egg-watcher@3.1.0@egg-watcher/lib/init.js:15:14",
    "start": 1568098476083,
    "end": 1568098476868,
    "duration": 785,
    "pid": 13364,
    "index": 55
  },
  {
    "name": "Load \"Symbol(model)\" to Application",
    "start": 1568098476635,
    "end": 1568098476647,
    "duration": 12,
    "pid": 13364,
    "index": 56
  },
  {
    "name": "Before Start in node_modules/_egg-sequelize@5.2.0@egg-sequelize/lib/loader.js:39:7",
    "start": 1568098476647,
    "end": 1568098476907,
    "duration": 260,
    "pid": 13364,
    "index": 57
  },
  {
    "name": "Load Service",
    "start": 1568098476648,
    "end": 1568098476653,
    "duration": 5,
    "pid": 13364,
    "index": 58
  },
  {
    "name": "Load \"service\" to Context",
    "start": 1568098476648,
    "end": 1568098476653,
    "duration": 5,
    "pid": 13364,
    "index": 59
  },
  {
    "name": "Load Middleware",
    "start": 1568098476653,
    "end": 1568098476791,
    "duration": 138,
    "pid": 13364,
    "index": 60
  },
  {
    "name": "Load \"middlewares\" to Application",
    "start": 1568098476654,
    "end": 1568098476774,
    "duration": 120,
    "pid": 13364,
    "index": 61
  },
  {
    "name": "Load Controller",
    "start": 1568098476791,
    "end": 1568098476794,
    "duration": 3,
    "pid": 13364,
    "index": 62
  },
  {
    "name": "Load \"controller\" to Application",
    "start": 1568098476791,
    "end": 1568098476794,
    "duration": 3,
    "pid": 13364,
    "index": 63
  },
  {
    "name": "Load Router",
    "start": 1568098476794,
    "end": 1568098476798,
    "duration": 4,
    "pid": 13364,
    "index": 64
  },
  {
    "name": "Require(46) app/router.js",
    "start": 1568098476794,
    "end": 1568098476795,
    "duration": 1,
    "pid": 13364,
    "index": 65
  },
  {
    "name": "Before Start in node_modules/_egg-core@4.17.3@egg-core/lib/egg.js:303:10",
    "start": 1568098476795,
    "end": 1568098476818,
    "duration": 23,
    "pid": 13364,
    "index": 66
  }
]