[
  {
    "name": "Application Start",
    "start": 1568118439492,
    "end": 1568118440666,
    "duration": 1174,
    "pid": 10496,
    "index": 0
  },
  {
    "name": "Load Plugin",
    "start": 1568118439499,
    "end": 1568118439525,
    "duration": 26,
    "pid": 10496,
    "index": 1
  },
  {
    "name": "Load Config",
    "start": 1568118439525,
    "end": 1568118439553,
    "duration": 28,
    "pid": 10496,
    "index": 2
  },
  {
    "name": "Require(0) config/config.default.js",
    "start": 1568118439526,
    "end": 1568118439527,
    "duration": 1,
    "pid": 10496,
    "index": 3
  },
  {
    "name": "Require(1) node_modules/_egg-session@3.1.0@egg-session/config/config.default.js",
    "start": 1568118439529,
    "end": 1568118439530,
    "duration": 1,
    "pid": 10496,
    "index": 4
  },
  {
    "name": "Require(2) node_modules/_egg-security@2.6.1@egg-security/config/config.default.js",
    "start": 1568118439531,
    "end": 1568118439531,
    "duration": 0,
    "pid": 10496,
    "index": 5
  },
  {
    "name": "Require(3) node_modules/_egg-jsonp@2.0.0@egg-jsonp/config/config.default.js",
    "start": 1568118439532,
    "end": 1568118439533,
    "duration": 1,
    "pid": 10496,
    "index": 6
  },
  {
    "name": "Require(4) node_modules/_egg-onerror@2.1.0@egg-onerror/config/config.default.js",
    "start": 1568118439533,
    "end": 1568118439534,
    "duration": 1,
    "pid": 10496,
    "index": 7
  },
  {
    "name": "Require(5) node_modules/_egg-i18n@2.1.1@egg-i18n/config/config.default.js",
    "start": 1568118439534,
    "end": 1568118439535,
    "duration": 1,
    "pid": 10496,
    "index": 8
  },
  {
    "name": "Require(6) node_modules/_egg-watcher@3.1.0@egg-watcher/config/config.default.js",
    "start": 1568118439536,
    "end": 1568118439536,
    "duration": 0,
    "pid": 10496,
    "index": 9
  },
  {
    "name": "Require(7) node_modules/_egg-schedule@3.6.4@egg-schedule/config/config.default.js",
    "start": 1568118439537,
    "end": 1568118439537,
    "duration": 0,
    "pid": 10496,
    "index": 10
  },
  {
    "name": "Require(8) node_modules/_egg-multipart@2.9.0@egg-multipart/config/config.default.js",
    "start": 1568118439538,
    "end": 1568118439539,
    "duration": 1,
    "pid": 10496,
    "index": 11
  },
  {
    "name": "Require(9) node_modules/_egg-development@2.4.3@egg-development/config/config.default.js",
    "start": 1568118439539,
    "end": 1568118439540,
    "duration": 1,
    "pid": 10496,
    "index": 12
  },
  {
    "name": "Require(10) node_modules/_egg-logrotator@3.1.0@egg-logrotator/config/config.default.js",
    "start": 1568118439540,
    "end": 1568118439541,
    "duration": 1,
    "pid": 10496,
    "index": 13
  },
  {
    "name": "Require(11) node_modules/_egg-static@2.2.0@egg-static/config/config.default.js",
    "start": 1568118439541,
    "end": 1568118439542,
    "duration": 1,
    "pid": 10496,
    "index": 14
  },
  {
    "name": "Require(12) node_modules/_egg-view@2.1.2@egg-view/config/config.default.js",
    "start": 1568118439543,
    "end": 1568118439543,
    "duration": 0,
    "pid": 10496,
    "index": 15
  },
  {
    "name": "Require(13) node_modules/_egg-sequelize@5.2.0@egg-sequelize/config/config.default.js",
    "start": 1568118439544,
    "end": 1568118439544,
    "duration": 0,
    "pid": 10496,
    "index": 16
  },
  {
    "name": "Require(14) node_modules/_egg@2.23.0@egg/config/config.default.js",
    "start": 1568118439545,
    "end": 1568118439545,
    "duration": 0,
    "pid": 10496,
    "index": 17
  },
  {
    "name": "Require(15) config/config.default.js",
    "start": 1568118439547,
    "end": 1568118439547,
    "duration": 0,
    "pid": 10496,
    "index": 18
  },
  {
    "name": "Require(16) node_modules/_egg-security@2.6.1@egg-security/config/config.local.js",
    "start": 1568118439548,
    "end": 1568118439548,
    "duration": 0,
    "pid": 10496,
    "index": 19
  },
  {
    "name": "Require(17) node_modules/_egg-watcher@3.1.0@egg-watcher/config/config.local.js",
    "start": 1568118439550,
    "end": 1568118439550,
    "duration": 0,
    "pid": 10496,
    "index": 20
  },
  {
    "name": "Require(18) node_modules/_egg-view@2.1.2@egg-view/config/config.local.js",
    "start": 1568118439552,
    "end": 1568118439552,
    "duration": 0,
    "pid": 10496,
    "index": 21
  },
  {
    "name": "Require(19) node_modules/_egg@2.23.0@egg/config/config.local.js",
    "start": 1568118439553,
    "end": 1568118439553,
    "duration": 0,
    "pid": 10496,
    "index": 22
  },
  {
    "name": "Load extend/application.js",
    "start": 1568118439555,
    "end": 1568118439576,
    "duration": 21,
    "pid": 10496,
    "index": 23
  },
  {
    "name": "Require(20) node_modules/_egg-session@3.1.0@egg-session/app/extend/application.js",
    "start": 1568118439556,
    "end": 1568118439557,
    "duration": 1,
    "pid": 10496,
    "index": 24
  },
  {
    "name": "Require(21) node_modules/_egg-security@2.6.1@egg-security/app/extend/application.js",
    "start": 1568118439557,
    "end": 1568118439559,
    "duration": 2,
    "pid": 10496,
    "index": 25
  },
  {
    "name": "Require(22) node_modules/_egg-jsonp@2.0.0@egg-jsonp/app/extend/application.js",
    "start": 1568118439559,
    "end": 1568118439562,
    "duration": 3,
    "pid": 10496,
    "index": 26
  },
  {
    "name": "Require(23) node_modules/_egg-logrotator@3.1.0@egg-logrotator/app/extend/application.js",
    "start": 1568118439564,
    "end": 1568118439569,
    "duration": 5,
    "pid": 10496,
    "index": 27
  },
  {
    "name": "Require(24) node_modules/_egg-view@2.1.2@egg-view/app/extend/application.js",
    "start": 1568118439570,
    "end": 1568118439572,
    "duration": 2,
    "pid": 10496,
    "index": 28
  },
  {
    "name": "Load extend/request.js",
    "start": 1568118439576,
    "end": 1568118439587,
    "duration": 11,
    "pid": 10496,
    "index": 29
  },
  {
    "name": "Require(25) node_modules/_egg@2.23.0@egg/app/extend/request.js",
    "start": 1568118439580,
    "end": 1568118439582,
    "duration": 2,
    "pid": 10496,
    "index": 30
  },
  {
    "name": "Load extend/response.js",
    "start": 1568118439587,
    "end": 1568118439598,
    "duration": 11,
    "pid": 10496,
    "index": 31
  },
  {
    "name": "Require(26) node_modules/_egg@2.23.0@egg/app/extend/response.js",
    "start": 1568118439591,
    "end": 1568118439594,
    "duration": 3,
    "pid": 10496,
    "index": 32
  },
  {
    "name": "Load extend/context.js",
    "start": 1568118439598,
    "end": 1568118439713,
    "duration": 115,
    "pid": 10496,
    "index": 33
  },
  {
    "name": "Require(27) node_modules/_egg-security@2.6.1@egg-security/app/extend/context.js",
    "start": 1568118439599,
    "end": 1568118439619,
    "duration": 20,
    "pid": 10496,
    "index": 34
  },
  {
    "name": "Require(28) node_modules/_egg-jsonp@2.0.0@egg-jsonp/app/extend/context.js",
    "start": 1568118439620,
    "end": 1568118439622,
    "duration": 2,
    "pid": 10496,
    "index": 35
  },
  {
    "name": "Require(29) node_modules/_egg-i18n@2.1.1@egg-i18n/app/extend/context.js",
    "start": 1568118439623,
    "end": 1568118439623,
    "duration": 0,
    "pid": 10496,
    "index": 36
  },
  {
    "name": "Require(30) node_modules/_egg-multipart@2.9.0@egg-multipart/app/extend/context.js",
    "start": 1568118439625,
    "end": 1568118439703,
    "duration": 78,
    "pid": 10496,
    "index": 37
  },
  {
    "name": "Require(31) node_modules/_egg-view@2.1.2@egg-view/app/extend/context.js",
    "start": 1568118439704,
    "end": 1568118439705,
    "duration": 1,
    "pid": 10496,
    "index": 38
  },
  {
    "name": "Require(32) node_modules/_egg@2.23.0@egg/app/extend/context.js",
    "start": 1568118439706,
    "end": 1568118439709,
    "duration": 3,
    "pid": 10496,
    "index": 39
  },
  {
    "name": "Load extend/helper.js",
    "start": 1568118439713,
    "end": 1568118439750,
    "duration": 37,
    "pid": 10496,
    "index": 40
  },
  {
    "name": "Require(33) node_modules/_egg-security@2.6.1@egg-security/app/extend/helper.js",
    "start": 1568118439714,
    "end": 1568118439742,
    "duration": 28,
    "pid": 10496,
    "index": 41
  },
  {
    "name": "Require(34) node_modules/_egg@2.23.0@egg/app/extend/helper.js",
    "start": 1568118439745,
    "end": 1568118439746,
    "duration": 1,
    "pid": 10496,
    "index": 42
  },
  {
    "name": "Load app.js",
    "start": 1568118439750,
    "end": 1568118439811,
    "duration": 61,
    "pid": 10496,
    "index": 43
  },
  {
    "name": "Require(35) node_modules/_egg-session@3.1.0@egg-session/app.js",
    "start": 1568118439751,
    "end": 1568118439751,
    "duration": 0,
    "pid": 10496,
    "index": 44
  },
  {
    "name": "Require(36) node_modules/_egg-security@2.6.1@egg-security/app.js",
    "start": 1568118439752,
    "end": 1568118439755,
    "duration": 3,
    "pid": 10496,
    "index": 45
  },
  {
    "name": "Require(37) node_modules/_egg-onerror@2.1.0@egg-onerror/app.js",
    "start": 1568118439756,
    "end": 1568118439773,
    "duration": 17,
    "pid": 10496,
    "index": 46
  },
  {
    "name": "Require(38) node_modules/_egg-i18n@2.1.1@egg-i18n/app.js",
    "start": 1568118439774,
    "end": 1568118439787,
    "duration": 13,
    "pid": 10496,
    "index": 47
  },
  {
    "name": "Require(39) node_modules/_egg-watcher@3.1.0@egg-watcher/app.js",
    "start": 1568118439787,
    "end": 1568118439795,
    "duration": 8,
    "pid": 10496,
    "index": 48
  },
  {
    "name": "Require(40) node_modules/_egg-schedule@3.6.4@egg-schedule/app.js",
    "start": 1568118439795,
    "end": 1568118439799,
    "duration": 4,
    "pid": 10496,
    "index": 49
  },
  {
    "name": "Require(41) node_modules/_egg-multipart@2.9.0@egg-multipart/app.js",
    "start": 1568118439800,
    "end": 1568118439806,
    "duration": 6,
    "pid": 10496,
    "index": 50
  },
  {
    "name": "Require(42) node_modules/_egg-development@2.4.3@egg-development/app.js",
    "start": 1568118439806,
    "end": 1568118439807,
    "duration": 1,
    "pid": 10496,
    "index": 51
  },
  {
    "name": "Require(43) node_modules/_egg-logrotator@3.1.0@egg-logrotator/app.js",
    "start": 1568118439807,
    "end": 1568118439808,
    "duration": 1,
    "pid": 10496,
    "index": 52
  },
  {
    "name": "Require(44) node_modules/_egg-static@2.2.0@egg-static/app.js",
    "start": 1568118439808,
    "end": 1568118439808,
    "duration": 0,
    "pid": 10496,
    "index": 53
  },
  {
    "name": "Require(45) node_modules/_egg-sequelize@5.2.0@egg-sequelize/app.js",
    "start": 1568118439809,
    "end": 1568118439810,
    "duration": 1,
    "pid": 10496,
    "index": 54
  },
  {
    "name": "Before Start in node_modules/_egg-watcher@3.1.0@egg-watcher/lib/init.js:15:14",
    "start": 1568118439827,
    "end": 1568118440633,
    "duration": 806,
    "pid": 10496,
    "index": 55
  },
  {
    "name": "Load \"Symbol(model)\" to Application",
    "start": 1568118440353,
    "end": 1568118440376,
    "duration": 23,
    "pid": 10496,
    "index": 56
  },
  {
    "name": "Before Start in node_modules/_egg-sequelize@5.2.0@egg-sequelize/lib/loader.js:39:7",
    "start": 1568118440380,
    "end": 1568118440666,
    "duration": 286,
    "pid": 10496,
    "index": 57
  },
  {
    "name": "Load Service",
    "start": 1568118440381,
    "end": 1568118440387,
    "duration": 6,
    "pid": 10496,
    "index": 58
  },
  {
    "name": "Load \"service\" to Context",
    "start": 1568118440381,
    "end": 1568118440387,
    "duration": 6,
    "pid": 10496,
    "index": 59
  },
  {
    "name": "Load Middleware",
    "start": 1568118440387,
    "end": 1568118440523,
    "duration": 136,
    "pid": 10496,
    "index": 60
  },
  {
    "name": "Load \"middlewares\" to Application",
    "start": 1568118440387,
    "end": 1568118440504,
    "duration": 117,
    "pid": 10496,
    "index": 61
  },
  {
    "name": "Load Controller",
    "start": 1568118440523,
    "end": 1568118440527,
    "duration": 4,
    "pid": 10496,
    "index": 62
  },
  {
    "name": "Load \"controller\" to Application",
    "start": 1568118440523,
    "end": 1568118440527,
    "duration": 4,
    "pid": 10496,
    "index": 63
  },
  {
    "name": "Load Router",
    "start": 1568118440527,
    "end": 1568118440530,
    "duration": 3,
    "pid": 10496,
    "index": 64
  },
  {
    "name": "Require(46) app/router.js",
    "start": 1568118440527,
    "end": 1568118440528,
    "duration": 1,
    "pid": 10496,
    "index": 65
  },
  {
    "name": "Before Start in node_modules/_egg-core@4.17.3@egg-core/lib/egg.js:303:10",
    "start": 1568118440528,
    "end": 1568118440553,
    "duration": 25,
    "pid": 10496,
    "index": 66
  }
]