[
  {
    "name": "Application Start",
    "start": 1568113777030,
    "end": 1568113778423,
    "duration": 1393,
    "pid": 6912,
    "index": 0
  },
  {
    "name": "Load Plugin",
    "start": 1568113777036,
    "end": 1568113777065,
    "duration": 29,
    "pid": 6912,
    "index": 1
  },
  {
    "name": "Load Config",
    "start": 1568113777065,
    "end": 1568113777095,
    "duration": 30,
    "pid": 6912,
    "index": 2
  },
  {
    "name": "Require(0) config/config.default.js",
    "start": 1568113777066,
    "end": 1568113777066,
    "duration": 0,
    "pid": 6912,
    "index": 3
  },
  {
    "name": "Require(1) node_modules/_egg-session@3.1.0@egg-session/config/config.default.js",
    "start": 1568113777068,
    "end": 1568113777069,
    "duration": 1,
    "pid": 6912,
    "index": 4
  },
  {
    "name": "Require(2) node_modules/_egg-security@2.6.1@egg-security/config/config.default.js",
    "start": 1568113777070,
    "end": 1568113777070,
    "duration": 0,
    "pid": 6912,
    "index": 5
  },
  {
    "name": "Require(3) node_modules/_egg-jsonp@2.0.0@egg-jsonp/config/config.default.js",
    "start": 1568113777072,
    "end": 1568113777072,
    "duration": 0,
    "pid": 6912,
    "index": 6
  },
  {
    "name": "Require(4) node_modules/_egg-onerror@2.1.0@egg-onerror/config/config.default.js",
    "start": 1568113777073,
    "end": 1568113777073,
    "duration": 0,
    "pid": 6912,
    "index": 7
  },
  {
    "name": "Require(5) node_modules/_egg-i18n@2.1.1@egg-i18n/config/config.default.js",
    "start": 1568113777074,
    "end": 1568113777074,
    "duration": 0,
    "pid": 6912,
    "index": 8
  },
  {
    "name": "Require(6) node_modules/_egg-watcher@3.1.0@egg-watcher/config/config.default.js",
    "start": 1568113777075,
    "end": 1568113777076,
    "duration": 1,
    "pid": 6912,
    "index": 9
  },
  {
    "name": "Require(7) node_modules/_egg-schedule@3.6.4@egg-schedule/config/config.default.js",
    "start": 1568113777077,
    "end": 1568113777077,
    "duration": 0,
    "pid": 6912,
    "index": 10
  },
  {
    "name": "Require(8) node_modules/_egg-multipart@2.9.0@egg-multipart/config/config.default.js",
    "start": 1568113777078,
    "end": 1568113777079,
    "duration": 1,
    "pid": 6912,
    "index": 11
  },
  {
    "name": "Require(9) node_modules/_egg-development@2.4.3@egg-development/config/config.default.js",
    "start": 1568113777080,
    "end": 1568113777080,
    "duration": 0,
    "pid": 6912,
    "index": 12
  },
  {
    "name": "Require(10) node_modules/_egg-logrotator@3.1.0@egg-logrotator/config/config.default.js",
    "start": 1568113777081,
    "end": 1568113777081,
    "duration": 0,
    "pid": 6912,
    "index": 13
  },
  {
    "name": "Require(11) node_modules/_egg-static@2.2.0@egg-static/config/config.default.js",
    "start": 1568113777082,
    "end": 1568113777082,
    "duration": 0,
    "pid": 6912,
    "index": 14
  },
  {
    "name": "Require(12) node_modules/_egg-view@2.1.2@egg-view/config/config.default.js",
    "start": 1568113777083,
    "end": 1568113777083,
    "duration": 0,
    "pid": 6912,
    "index": 15
  },
  {
    "name": "Require(13) node_modules/_egg-sequelize@5.2.0@egg-sequelize/config/config.default.js",
    "start": 1568113777084,
    "end": 1568113777085,
    "duration": 1,
    "pid": 6912,
    "index": 16
  },
  {
    "name": "Require(14) node_modules/_egg@2.23.0@egg/config/config.default.js",
    "start": 1568113777085,
    "end": 1568113777086,
    "duration": 1,
    "pid": 6912,
    "index": 17
  },
  {
    "name": "Require(15) config/config.default.js",
    "start": 1568113777088,
    "end": 1568113777088,
    "duration": 0,
    "pid": 6912,
    "index": 18
  },
  {
    "name": "Require(16) node_modules/_egg-security@2.6.1@egg-security/config/config.local.js",
    "start": 1568113777089,
    "end": 1568113777089,
    "duration": 0,
    "pid": 6912,
    "index": 19
  },
  {
    "name": "Require(17) node_modules/_egg-watcher@3.1.0@egg-watcher/config/config.local.js",
    "start": 1568113777091,
    "end": 1568113777091,
    "duration": 0,
    "pid": 6912,
    "index": 20
  },
  {
    "name": "Require(18) node_modules/_egg-view@2.1.2@egg-view/config/config.local.js",
    "start": 1568113777093,
    "end": 1568113777093,
    "duration": 0,
    "pid": 6912,
    "index": 21
  },
  {
    "name": "Require(19) node_modules/_egg@2.23.0@egg/config/config.local.js",
    "start": 1568113777094,
    "end": 1568113777095,
    "duration": 1,
    "pid": 6912,
    "index": 22
  },
  {
    "name": "Load extend/application.js",
    "start": 1568113777097,
    "end": 1568113777118,
    "duration": 21,
    "pid": 6912,
    "index": 23
  },
  {
    "name": "Require(20) node_modules/_egg-session@3.1.0@egg-session/app/extend/application.js",
    "start": 1568113777098,
    "end": 1568113777098,
    "duration": 0,
    "pid": 6912,
    "index": 24
  },
  {
    "name": "Require(21) node_modules/_egg-security@2.6.1@egg-security/app/extend/application.js",
    "start": 1568113777099,
    "end": 1568113777100,
    "duration": 1,
    "pid": 6912,
    "index": 25
  },
  {
    "name": "Require(22) node_modules/_egg-jsonp@2.0.0@egg-jsonp/app/extend/application.js",
    "start": 1568113777101,
    "end": 1568113777105,
    "duration": 4,
    "pid": 6912,
    "index": 26
  },
  {
    "name": "Require(23) node_modules/_egg-logrotator@3.1.0@egg-logrotator/app/extend/application.js",
    "start": 1568113777107,
    "end": 1568113777111,
    "duration": 4,
    "pid": 6912,
    "index": 27
  },
  {
    "name": "Require(24) node_modules/_egg-view@2.1.2@egg-view/app/extend/application.js",
    "start": 1568113777111,
    "end": 1568113777114,
    "duration": 3,
    "pid": 6912,
    "index": 28
  },
  {
    "name": "Load extend/request.js",
    "start": 1568113777118,
    "end": 1568113777129,
    "duration": 11,
    "pid": 6912,
    "index": 29
  },
  {
    "name": "Require(25) node_modules/_egg@2.23.0@egg/app/extend/request.js",
    "start": 1568113777122,
    "end": 1568113777124,
    "duration": 2,
    "pid": 6912,
    "index": 30
  },
  {
    "name": "Load extend/response.js",
    "start": 1568113777129,
    "end": 1568113777140,
    "duration": 11,
    "pid": 6912,
    "index": 31
  },
  {
    "name": "Require(26) node_modules/_egg@2.23.0@egg/app/extend/response.js",
    "start": 1568113777133,
    "end": 1568113777136,
    "duration": 3,
    "pid": 6912,
    "index": 32
  },
  {
    "name": "Load extend/context.js",
    "start": 1568113777140,
    "end": 1568113777263,
    "duration": 123,
    "pid": 6912,
    "index": 33
  },
  {
    "name": "Require(27) node_modules/_egg-security@2.6.1@egg-security/app/extend/context.js",
    "start": 1568113777141,
    "end": 1568113777162,
    "duration": 21,
    "pid": 6912,
    "index": 34
  },
  {
    "name": "Require(28) node_modules/_egg-jsonp@2.0.0@egg-jsonp/app/extend/context.js",
    "start": 1568113777163,
    "end": 1568113777166,
    "duration": 3,
    "pid": 6912,
    "index": 35
  },
  {
    "name": "Require(29) node_modules/_egg-i18n@2.1.1@egg-i18n/app/extend/context.js",
    "start": 1568113777167,
    "end": 1568113777168,
    "duration": 1,
    "pid": 6912,
    "index": 36
  },
  {
    "name": "Require(30) node_modules/_egg-multipart@2.9.0@egg-multipart/app/extend/context.js",
    "start": 1568113777169,
    "end": 1568113777245,
    "duration": 76,
    "pid": 6912,
    "index": 37
  },
  {
    "name": "Require(31) node_modules/_egg-view@2.1.2@egg-view/app/extend/context.js",
    "start": 1568113777248,
    "end": 1568113777251,
    "duration": 3,
    "pid": 6912,
    "index": 38
  },
  {
    "name": "Require(32) node_modules/_egg@2.23.0@egg/app/extend/context.js",
    "start": 1568113777252,
    "end": 1568113777257,
    "duration": 5,
    "pid": 6912,
    "index": 39
  },
  {
    "name": "Load extend/helper.js",
    "start": 1568113777264,
    "end": 1568113777315,
    "duration": 51,
    "pid": 6912,
    "index": 40
  },
  {
    "name": "Require(33) node_modules/_egg-security@2.6.1@egg-security/app/extend/helper.js",
    "start": 1568113777265,
    "end": 1568113777304,
    "duration": 39,
    "pid": 6912,
    "index": 41
  },
  {
    "name": "Require(34) node_modules/_egg@2.23.0@egg/app/extend/helper.js",
    "start": 1568113777309,
    "end": 1568113777309,
    "duration": 0,
    "pid": 6912,
    "index": 42
  },
  {
    "name": "Load app.js",
    "start": 1568113777315,
    "end": 1568113777385,
    "duration": 70,
    "pid": 6912,
    "index": 43
  },
  {
    "name": "Require(35) node_modules/_egg-session@3.1.0@egg-session/app.js",
    "start": 1568113777316,
    "end": 1568113777317,
    "duration": 1,
    "pid": 6912,
    "index": 44
  },
  {
    "name": "Require(36) node_modules/_egg-security@2.6.1@egg-security/app.js",
    "start": 1568113777317,
    "end": 1568113777322,
    "duration": 5,
    "pid": 6912,
    "index": 45
  },
  {
    "name": "Require(37) node_modules/_egg-onerror@2.1.0@egg-onerror/app.js",
    "start": 1568113777323,
    "end": 1568113777342,
    "duration": 19,
    "pid": 6912,
    "index": 46
  },
  {
    "name": "Require(38) node_modules/_egg-i18n@2.1.1@egg-i18n/app.js",
    "start": 1568113777343,
    "end": 1568113777358,
    "duration": 15,
    "pid": 6912,
    "index": 47
  },
  {
    "name": "Require(39) node_modules/_egg-watcher@3.1.0@egg-watcher/app.js",
    "start": 1568113777358,
    "end": 1568113777368,
    "duration": 10,
    "pid": 6912,
    "index": 48
  },
  {
    "name": "Require(40) node_modules/_egg-schedule@3.6.4@egg-schedule/app.js",
    "start": 1568113777368,
    "end": 1568113777372,
    "duration": 4,
    "pid": 6912,
    "index": 49
  },
  {
    "name": "Require(41) node_modules/_egg-multipart@2.9.0@egg-multipart/app.js",
    "start": 1568113777373,
    "end": 1568113777379,
    "duration": 6,
    "pid": 6912,
    "index": 50
  },
  {
    "name": "Require(42) node_modules/_egg-development@2.4.3@egg-development/app.js",
    "start": 1568113777380,
    "end": 1568113777381,
    "duration": 1,
    "pid": 6912,
    "index": 51
  },
  {
    "name": "Require(43) node_modules/_egg-logrotator@3.1.0@egg-logrotator/app.js",
    "start": 1568113777381,
    "end": 1568113777381,
    "duration": 0,
    "pid": 6912,
    "index": 52
  },
  {
    "name": "Require(44) node_modules/_egg-static@2.2.0@egg-static/app.js",
    "start": 1568113777382,
    "end": 1568113777382,
    "duration": 0,
    "pid": 6912,
    "index": 53
  },
  {
    "name": "Require(45) node_modules/_egg-sequelize@5.2.0@egg-sequelize/app.js",
    "start": 1568113777383,
    "end": 1568113777384,
    "duration": 1,
    "pid": 6912,
    "index": 54
  },
  {
    "name": "Before Start in node_modules/_egg-watcher@3.1.0@egg-watcher/lib/init.js:15:14",
    "start": 1568113777406,
    "end": 1568113778375,
    "duration": 969,
    "pid": 6912,
    "index": 55
  },
  {
    "name": "Load \"Symbol(model)\" to Application",
    "start": 1568113778026,
    "end": 1568113778053,
    "duration": 27,
    "pid": 6912,
    "index": 56
  },
  {
    "name": "Before Start in node_modules/_egg-sequelize@5.2.0@egg-sequelize/lib/loader.js:39:7",
    "start": 1568113778062,
    "end": 1568113778423,
    "duration": 361,
    "pid": 6912,
    "index": 57
  },
  {
    "name": "Load Service",
    "start": 1568113778062,
    "end": 1568113778070,
    "duration": 8,
    "pid": 6912,
    "index": 58
  },
  {
    "name": "Load \"service\" to Context",
    "start": 1568113778062,
    "end": 1568113778070,
    "duration": 8,
    "pid": 6912,
    "index": 59
  },
  {
    "name": "Load Middleware",
    "start": 1568113778070,
    "end": 1568113778245,
    "duration": 175,
    "pid": 6912,
    "index": 60
  },
  {
    "name": "Load \"middlewares\" to Application",
    "start": 1568113778071,
    "end": 1568113778222,
    "duration": 151,
    "pid": 6912,
    "index": 61
  },
  {
    "name": "Load Controller",
    "start": 1568113778245,
    "end": 1568113778250,
    "duration": 5,
    "pid": 6912,
    "index": 62
  },
  {
    "name": "Load \"controller\" to Application",
    "start": 1568113778245,
    "end": 1568113778250,
    "duration": 5,
    "pid": 6912,
    "index": 63
  },
  {
    "name": "Load Router",
    "start": 1568113778250,
    "end": 1568113778255,
    "duration": 5,
    "pid": 6912,
    "index": 64
  },
  {
    "name": "Require(46) app/router.js",
    "start": 1568113778251,
    "end": 1568113778252,
    "duration": 1,
    "pid": 6912,
    "index": 65
  },
  {
    "name": "Before Start in node_modules/_egg-core@4.17.3@egg-core/lib/egg.js:303:10",
    "start": 1568113778252,
    "end": 1568113778286,
    "duration": 34,
    "pid": 6912,
    "index": 66
  }
]