[
  {
    "name": "Application Start",
    "start": 1568103109549,
    "end": 1568103110670,
    "duration": 1121,
    "pid": 14068,
    "index": 0
  },
  {
    "name": "Load Plugin",
    "start": 1568103109555,
    "end": 1568103109580,
    "duration": 25,
    "pid": 14068,
    "index": 1
  },
  {
    "name": "Load Config",
    "start": 1568103109580,
    "end": 1568103109608,
    "duration": 28,
    "pid": 14068,
    "index": 2
  },
  {
    "name": "Require(0) config/config.default.js",
    "start": 1568103109581,
    "end": 1568103109582,
    "duration": 1,
    "pid": 14068,
    "index": 3
  },
  {
    "name": "Require(1) node_modules/_egg-session@3.1.0@egg-session/config/config.default.js",
    "start": 1568103109584,
    "end": 1568103109585,
    "duration": 1,
    "pid": 14068,
    "index": 4
  },
  {
    "name": "Require(2) node_modules/_egg-security@2.6.1@egg-security/config/config.default.js",
    "start": 1568103109585,
    "end": 1568103109586,
    "duration": 1,
    "pid": 14068,
    "index": 5
  },
  {
    "name": "Require(3) node_modules/_egg-jsonp@2.0.0@egg-jsonp/config/config.default.js",
    "start": 1568103109587,
    "end": 1568103109587,
    "duration": 0,
    "pid": 14068,
    "index": 6
  },
  {
    "name": "Require(4) node_modules/_egg-onerror@2.1.0@egg-onerror/config/config.default.js",
    "start": 1568103109588,
    "end": 1568103109588,
    "duration": 0,
    "pid": 14068,
    "index": 7
  },
  {
    "name": "Require(5) node_modules/_egg-i18n@2.1.1@egg-i18n/config/config.default.js",
    "start": 1568103109589,
    "end": 1568103109589,
    "duration": 0,
    "pid": 14068,
    "index": 8
  },
  {
    "name": "Require(6) node_modules/_egg-watcher@3.1.0@egg-watcher/config/config.default.js",
    "start": 1568103109590,
    "end": 1568103109590,
    "duration": 0,
    "pid": 14068,
    "index": 9
  },
  {
    "name": "Require(7) node_modules/_egg-schedule@3.6.4@egg-schedule/config/config.default.js",
    "start": 1568103109591,
    "end": 1568103109591,
    "duration": 0,
    "pid": 14068,
    "index": 10
  },
  {
    "name": "Require(8) node_modules/_egg-multipart@2.9.0@egg-multipart/config/config.default.js",
    "start": 1568103109592,
    "end": 1568103109592,
    "duration": 0,
    "pid": 14068,
    "index": 11
  },
  {
    "name": "Require(9) node_modules/_egg-development@2.4.3@egg-development/config/config.default.js",
    "start": 1568103109593,
    "end": 1568103109593,
    "duration": 0,
    "pid": 14068,
    "index": 12
  },
  {
    "name": "Require(10) node_modules/_egg-logrotator@3.1.0@egg-logrotator/config/config.default.js",
    "start": 1568103109594,
    "end": 1568103109594,
    "duration": 0,
    "pid": 14068,
    "index": 13
  },
  {
    "name": "Require(11) node_modules/_egg-static@2.2.0@egg-static/config/config.default.js",
    "start": 1568103109595,
    "end": 1568103109595,
    "duration": 0,
    "pid": 14068,
    "index": 14
  },
  {
    "name": "Require(12) node_modules/_egg-view@2.1.2@egg-view/config/config.default.js",
    "start": 1568103109596,
    "end": 1568103109596,
    "duration": 0,
    "pid": 14068,
    "index": 15
  },
  {
    "name": "Require(13) node_modules/_egg-sequelize@5.2.0@egg-sequelize/config/config.default.js",
    "start": 1568103109597,
    "end": 1568103109597,
    "duration": 0,
    "pid": 14068,
    "index": 16
  },
  {
    "name": "Require(14) node_modules/_egg@2.23.0@egg/config/config.default.js",
    "start": 1568103109598,
    "end": 1568103109599,
    "duration": 1,
    "pid": 14068,
    "index": 17
  },
  {
    "name": "Require(15) config/config.default.js",
    "start": 1568103109602,
    "end": 1568103109602,
    "duration": 0,
    "pid": 14068,
    "index": 18
  },
  {
    "name": "Require(16) node_modules/_egg-security@2.6.1@egg-security/config/config.local.js",
    "start": 1568103109603,
    "end": 1568103109604,
    "duration": 1,
    "pid": 14068,
    "index": 19
  },
  {
    "name": "Require(17) node_modules/_egg-watcher@3.1.0@egg-watcher/config/config.local.js",
    "start": 1568103109605,
    "end": 1568103109605,
    "duration": 0,
    "pid": 14068,
    "index": 20
  },
  {
    "name": "Require(18) node_modules/_egg-view@2.1.2@egg-view/config/config.local.js",
    "start": 1568103109607,
    "end": 1568103109607,
    "duration": 0,
    "pid": 14068,
    "index": 21
  },
  {
    "name": "Require(19) node_modules/_egg@2.23.0@egg/config/config.local.js",
    "start": 1568103109608,
    "end": 1568103109608,
    "duration": 0,
    "pid": 14068,
    "index": 22
  },
  {
    "name": "Load extend/application.js",
    "start": 1568103109610,
    "end": 1568103109630,
    "duration": 20,
    "pid": 14068,
    "index": 23
  },
  {
    "name": "Require(20) node_modules/_egg-session@3.1.0@egg-session/app/extend/application.js",
    "start": 1568103109611,
    "end": 1568103109611,
    "duration": 0,
    "pid": 14068,
    "index": 24
  },
  {
    "name": "Require(21) node_modules/_egg-security@2.6.1@egg-security/app/extend/application.js",
    "start": 1568103109612,
    "end": 1568103109614,
    "duration": 2,
    "pid": 14068,
    "index": 25
  },
  {
    "name": "Require(22) node_modules/_egg-jsonp@2.0.0@egg-jsonp/app/extend/application.js",
    "start": 1568103109615,
    "end": 1568103109618,
    "duration": 3,
    "pid": 14068,
    "index": 26
  },
  {
    "name": "Require(23) node_modules/_egg-logrotator@3.1.0@egg-logrotator/app/extend/application.js",
    "start": 1568103109620,
    "end": 1568103109623,
    "duration": 3,
    "pid": 14068,
    "index": 27
  },
  {
    "name": "Require(24) node_modules/_egg-view@2.1.2@egg-view/app/extend/application.js",
    "start": 1568103109624,
    "end": 1568103109626,
    "duration": 2,
    "pid": 14068,
    "index": 28
  },
  {
    "name": "Load extend/request.js",
    "start": 1568103109630,
    "end": 1568103109640,
    "duration": 10,
    "pid": 14068,
    "index": 29
  },
  {
    "name": "Require(25) node_modules/_egg@2.23.0@egg/app/extend/request.js",
    "start": 1568103109634,
    "end": 1568103109637,
    "duration": 3,
    "pid": 14068,
    "index": 30
  },
  {
    "name": "Load extend/response.js",
    "start": 1568103109640,
    "end": 1568103109650,
    "duration": 10,
    "pid": 14068,
    "index": 31
  },
  {
    "name": "Require(26) node_modules/_egg@2.23.0@egg/app/extend/response.js",
    "start": 1568103109643,
    "end": 1568103109647,
    "duration": 4,
    "pid": 14068,
    "index": 32
  },
  {
    "name": "Load extend/context.js",
    "start": 1568103109650,
    "end": 1568103109754,
    "duration": 104,
    "pid": 14068,
    "index": 33
  },
  {
    "name": "Require(27) node_modules/_egg-security@2.6.1@egg-security/app/extend/context.js",
    "start": 1568103109651,
    "end": 1568103109672,
    "duration": 21,
    "pid": 14068,
    "index": 34
  },
  {
    "name": "Require(28) node_modules/_egg-jsonp@2.0.0@egg-jsonp/app/extend/context.js",
    "start": 1568103109672,
    "end": 1568103109675,
    "duration": 3,
    "pid": 14068,
    "index": 35
  },
  {
    "name": "Require(29) node_modules/_egg-i18n@2.1.1@egg-i18n/app/extend/context.js",
    "start": 1568103109675,
    "end": 1568103109676,
    "duration": 1,
    "pid": 14068,
    "index": 36
  },
  {
    "name": "Require(30) node_modules/_egg-multipart@2.9.0@egg-multipart/app/extend/context.js",
    "start": 1568103109677,
    "end": 1568103109744,
    "duration": 67,
    "pid": 14068,
    "index": 37
  },
  {
    "name": "Require(31) node_modules/_egg-view@2.1.2@egg-view/app/extend/context.js",
    "start": 1568103109745,
    "end": 1568103109747,
    "duration": 2,
    "pid": 14068,
    "index": 38
  },
  {
    "name": "Require(32) node_modules/_egg@2.23.0@egg/app/extend/context.js",
    "start": 1568103109748,
    "end": 1568103109751,
    "duration": 3,
    "pid": 14068,
    "index": 39
  },
  {
    "name": "Load extend/helper.js",
    "start": 1568103109754,
    "end": 1568103109790,
    "duration": 36,
    "pid": 14068,
    "index": 40
  },
  {
    "name": "Require(33) node_modules/_egg-security@2.6.1@egg-security/app/extend/helper.js",
    "start": 1568103109755,
    "end": 1568103109783,
    "duration": 28,
    "pid": 14068,
    "index": 41
  },
  {
    "name": "Require(34) node_modules/_egg@2.23.0@egg/app/extend/helper.js",
    "start": 1568103109786,
    "end": 1568103109787,
    "duration": 1,
    "pid": 14068,
    "index": 42
  },
  {
    "name": "Load app.js",
    "start": 1568103109791,
    "end": 1568103109842,
    "duration": 51,
    "pid": 14068,
    "index": 43
  },
  {
    "name": "Require(35) node_modules/_egg-session@3.1.0@egg-session/app.js",
    "start": 1568103109791,
    "end": 1568103109792,
    "duration": 1,
    "pid": 14068,
    "index": 44
  },
  {
    "name": "Require(36) node_modules/_egg-security@2.6.1@egg-security/app.js",
    "start": 1568103109792,
    "end": 1568103109795,
    "duration": 3,
    "pid": 14068,
    "index": 45
  },
  {
    "name": "Require(37) node_modules/_egg-onerror@2.1.0@egg-onerror/app.js",
    "start": 1568103109796,
    "end": 1568103109812,
    "duration": 16,
    "pid": 14068,
    "index": 46
  },
  {
    "name": "Require(38) node_modules/_egg-i18n@2.1.1@egg-i18n/app.js",
    "start": 1568103109812,
    "end": 1568103109823,
    "duration": 11,
    "pid": 14068,
    "index": 47
  },
  {
    "name": "Require(39) node_modules/_egg-watcher@3.1.0@egg-watcher/app.js",
    "start": 1568103109824,
    "end": 1568103109829,
    "duration": 5,
    "pid": 14068,
    "index": 48
  },
  {
    "name": "Require(40) node_modules/_egg-schedule@3.6.4@egg-schedule/app.js",
    "start": 1568103109830,
    "end": 1568103109833,
    "duration": 3,
    "pid": 14068,
    "index": 49
  },
  {
    "name": "Require(41) node_modules/_egg-multipart@2.9.0@egg-multipart/app.js",
    "start": 1568103109833,
    "end": 1568103109837,
    "duration": 4,
    "pid": 14068,
    "index": 50
  },
  {
    "name": "Require(42) node_modules/_egg-development@2.4.3@egg-development/app.js",
    "start": 1568103109838,
    "end": 1568103109838,
    "duration": 0,
    "pid": 14068,
    "index": 51
  },
  {
    "name": "Require(43) node_modules/_egg-logrotator@3.1.0@egg-logrotator/app.js",
    "start": 1568103109838,
    "end": 1568103109839,
    "duration": 1,
    "pid": 14068,
    "index": 52
  },
  {
    "name": "Require(44) node_modules/_egg-static@2.2.0@egg-static/app.js",
    "start": 1568103109839,
    "end": 1568103109839,
    "duration": 0,
    "pid": 14068,
    "index": 53
  },
  {
    "name": "Require(45) node_modules/_egg-sequelize@5.2.0@egg-sequelize/app.js",
    "start": 1568103109840,
    "end": 1568103109841,
    "duration": 1,
    "pid": 14068,
    "index": 54
  },
  {
    "name": "Before Start in node_modules/_egg-watcher@3.1.0@egg-watcher/lib/init.js:15:14",
    "start": 1568103109856,
    "end": 1568103110627,
    "duration": 771,
    "pid": 14068,
    "index": 55
  },
  {
    "name": "Load \"Symbol(model)\" to Application",
    "start": 1568103110381,
    "end": 1568103110407,
    "duration": 26,
    "pid": 14068,
    "index": 56
  },
  {
    "name": "Before Start in node_modules/_egg-sequelize@5.2.0@egg-sequelize/lib/loader.js:39:7",
    "start": 1568103110414,
    "end": 1568103110669,
    "duration": 255,
    "pid": 14068,
    "index": 57
  },
  {
    "name": "Load Service",
    "start": 1568103110414,
    "end": 1568103110420,
    "duration": 6,
    "pid": 14068,
    "index": 58
  },
  {
    "name": "Load \"service\" to Context",
    "start": 1568103110415,
    "end": 1568103110420,
    "duration": 5,
    "pid": 14068,
    "index": 59
  },
  {
    "name": "Load Middleware",
    "start": 1568103110420,
    "end": 1568103110550,
    "duration": 130,
    "pid": 14068,
    "index": 60
  },
  {
    "name": "Load \"middlewares\" to Application",
    "start": 1568103110420,
    "end": 1568103110534,
    "duration": 114,
    "pid": 14068,
    "index": 61
  },
  {
    "name": "Load Controller",
    "start": 1568103110550,
    "end": 1568103110553,
    "duration": 3,
    "pid": 14068,
    "index": 62
  },
  {
    "name": "Load \"controller\" to Application",
    "start": 1568103110550,
    "end": 1568103110553,
    "duration": 3,
    "pid": 14068,
    "index": 63
  },
  {
    "name": "Load Router",
    "start": 1568103110553,
    "end": 1568103110556,
    "duration": 3,
    "pid": 14068,
    "index": 64
  },
  {
    "name": "Require(46) app/router.js",
    "start": 1568103110554,
    "end": 1568103110554,
    "duration": 0,
    "pid": 14068,
    "index": 65
  },
  {
    "name": "Before Start in node_modules/_egg-core@4.17.3@egg-core/lib/egg.js:303:10",
    "start": 1568103110554,
    "end": 1568103110576,
    "duration": 22,
    "pid": 14068,
    "index": 66
  }
]