[
  {
    "name": "Application Start",
    "start": 1568117108091,
    "end": 1568117109499,
    "duration": 1408,
    "pid": 2408,
    "index": 0
  },
  {
    "name": "Load Plugin",
    "start": 1568117108098,
    "end": 1568117108126,
    "duration": 28,
    "pid": 2408,
    "index": 1
  },
  {
    "name": "Load Config",
    "start": 1568117108126,
    "end": 1568117108155,
    "duration": 29,
    "pid": 2408,
    "index": 2
  },
  {
    "name": "Require(0) config/config.default.js",
    "start": 1568117108127,
    "end": 1568117108128,
    "duration": 1,
    "pid": 2408,
    "index": 3
  },
  {
    "name": "Require(1) node_modules/_egg-session@3.1.0@egg-session/config/config.default.js",
    "start": 1568117108130,
    "end": 1568117108130,
    "duration": 0,
    "pid": 2408,
    "index": 4
  },
  {
    "name": "Require(2) node_modules/_egg-security@2.6.1@egg-security/config/config.default.js",
    "start": 1568117108132,
    "end": 1568117108132,
    "duration": 0,
    "pid": 2408,
    "index": 5
  },
  {
    "name": "Require(3) node_modules/_egg-jsonp@2.0.0@egg-jsonp/config/config.default.js",
    "start": 1568117108133,
    "end": 1568117108134,
    "duration": 1,
    "pid": 2408,
    "index": 6
  },
  {
    "name": "Require(4) node_modules/_egg-onerror@2.1.0@egg-onerror/config/config.default.js",
    "start": 1568117108134,
    "end": 1568117108135,
    "duration": 1,
    "pid": 2408,
    "index": 7
  },
  {
    "name": "Require(5) node_modules/_egg-i18n@2.1.1@egg-i18n/config/config.default.js",
    "start": 1568117108135,
    "end": 1568117108136,
    "duration": 1,
    "pid": 2408,
    "index": 8
  },
  {
    "name": "Require(6) node_modules/_egg-watcher@3.1.0@egg-watcher/config/config.default.js",
    "start": 1568117108137,
    "end": 1568117108137,
    "duration": 0,
    "pid": 2408,
    "index": 9
  },
  {
    "name": "Require(7) node_modules/_egg-schedule@3.6.4@egg-schedule/config/config.default.js",
    "start": 1568117108138,
    "end": 1568117108138,
    "duration": 0,
    "pid": 2408,
    "index": 10
  },
  {
    "name": "Require(8) node_modules/_egg-multipart@2.9.0@egg-multipart/config/config.default.js",
    "start": 1568117108139,
    "end": 1568117108139,
    "duration": 0,
    "pid": 2408,
    "index": 11
  },
  {
    "name": "Require(9) node_modules/_egg-development@2.4.3@egg-development/config/config.default.js",
    "start": 1568117108140,
    "end": 1568117108140,
    "duration": 0,
    "pid": 2408,
    "index": 12
  },
  {
    "name": "Require(10) node_modules/_egg-logrotator@3.1.0@egg-logrotator/config/config.default.js",
    "start": 1568117108141,
    "end": 1568117108142,
    "duration": 1,
    "pid": 2408,
    "index": 13
  },
  {
    "name": "Require(11) node_modules/_egg-static@2.2.0@egg-static/config/config.default.js",
    "start": 1568117108142,
    "end": 1568117108143,
    "duration": 1,
    "pid": 2408,
    "index": 14
  },
  {
    "name": "Require(12) node_modules/_egg-view@2.1.2@egg-view/config/config.default.js",
    "start": 1568117108143,
    "end": 1568117108144,
    "duration": 1,
    "pid": 2408,
    "index": 15
  },
  {
    "name": "Require(13) node_modules/_egg-sequelize@5.2.0@egg-sequelize/config/config.default.js",
    "start": 1568117108145,
    "end": 1568117108145,
    "duration": 0,
    "pid": 2408,
    "index": 16
  },
  {
    "name": "Require(14) node_modules/_egg@2.23.0@egg/config/config.default.js",
    "start": 1568117108146,
    "end": 1568117108146,
    "duration": 0,
    "pid": 2408,
    "index": 17
  },
  {
    "name": "Require(15) config/config.default.js",
    "start": 1568117108148,
    "end": 1568117108148,
    "duration": 0,
    "pid": 2408,
    "index": 18
  },
  {
    "name": "Require(16) node_modules/_egg-security@2.6.1@egg-security/config/config.local.js",
    "start": 1568117108149,
    "end": 1568117108149,
    "duration": 0,
    "pid": 2408,
    "index": 19
  },
  {
    "name": "Require(17) node_modules/_egg-watcher@3.1.0@egg-watcher/config/config.local.js",
    "start": 1568117108151,
    "end": 1568117108151,
    "duration": 0,
    "pid": 2408,
    "index": 20
  },
  {
    "name": "Require(18) node_modules/_egg-view@2.1.2@egg-view/config/config.local.js",
    "start": 1568117108153,
    "end": 1568117108153,
    "duration": 0,
    "pid": 2408,
    "index": 21
  },
  {
    "name": "Require(19) node_modules/_egg@2.23.0@egg/config/config.local.js",
    "start": 1568117108154,
    "end": 1568117108154,
    "duration": 0,
    "pid": 2408,
    "index": 22
  },
  {
    "name": "Load extend/application.js",
    "start": 1568117108157,
    "end": 1568117108177,
    "duration": 20,
    "pid": 2408,
    "index": 23
  },
  {
    "name": "Require(20) node_modules/_egg-session@3.1.0@egg-session/app/extend/application.js",
    "start": 1568117108157,
    "end": 1568117108158,
    "duration": 1,
    "pid": 2408,
    "index": 24
  },
  {
    "name": "Require(21) node_modules/_egg-security@2.6.1@egg-security/app/extend/application.js",
    "start": 1568117108159,
    "end": 1568117108160,
    "duration": 1,
    "pid": 2408,
    "index": 25
  },
  {
    "name": "Require(22) node_modules/_egg-jsonp@2.0.0@egg-jsonp/app/extend/application.js",
    "start": 1568117108161,
    "end": 1568117108164,
    "duration": 3,
    "pid": 2408,
    "index": 26
  },
  {
    "name": "Require(23) node_modules/_egg-logrotator@3.1.0@egg-logrotator/app/extend/application.js",
    "start": 1568117108166,
    "end": 1568117108169,
    "duration": 3,
    "pid": 2408,
    "index": 27
  },
  {
    "name": "Require(24) node_modules/_egg-view@2.1.2@egg-view/app/extend/application.js",
    "start": 1568117108170,
    "end": 1568117108173,
    "duration": 3,
    "pid": 2408,
    "index": 28
  },
  {
    "name": "Load extend/request.js",
    "start": 1568117108177,
    "end": 1568117108187,
    "duration": 10,
    "pid": 2408,
    "index": 29
  },
  {
    "name": "Require(25) node_modules/_egg@2.23.0@egg/app/extend/request.js",
    "start": 1568117108181,
    "end": 1568117108183,
    "duration": 2,
    "pid": 2408,
    "index": 30
  },
  {
    "name": "Load extend/response.js",
    "start": 1568117108187,
    "end": 1568117108201,
    "duration": 14,
    "pid": 2408,
    "index": 31
  },
  {
    "name": "Require(26) node_modules/_egg@2.23.0@egg/app/extend/response.js",
    "start": 1568117108191,
    "end": 1568117108194,
    "duration": 3,
    "pid": 2408,
    "index": 32
  },
  {
    "name": "Load extend/context.js",
    "start": 1568117108201,
    "end": 1568117108314,
    "duration": 113,
    "pid": 2408,
    "index": 33
  },
  {
    "name": "Require(27) node_modules/_egg-security@2.6.1@egg-security/app/extend/context.js",
    "start": 1568117108201,
    "end": 1568117108224,
    "duration": 23,
    "pid": 2408,
    "index": 34
  },
  {
    "name": "Require(28) node_modules/_egg-jsonp@2.0.0@egg-jsonp/app/extend/context.js",
    "start": 1568117108225,
    "end": 1568117108228,
    "duration": 3,
    "pid": 2408,
    "index": 35
  },
  {
    "name": "Require(29) node_modules/_egg-i18n@2.1.1@egg-i18n/app/extend/context.js",
    "start": 1568117108228,
    "end": 1568117108229,
    "duration": 1,
    "pid": 2408,
    "index": 36
  },
  {
    "name": "Require(30) node_modules/_egg-multipart@2.9.0@egg-multipart/app/extend/context.js",
    "start": 1568117108230,
    "end": 1568117108304,
    "duration": 74,
    "pid": 2408,
    "index": 37
  },
  {
    "name": "Require(31) node_modules/_egg-view@2.1.2@egg-view/app/extend/context.js",
    "start": 1568117108305,
    "end": 1568117108306,
    "duration": 1,
    "pid": 2408,
    "index": 38
  },
  {
    "name": "Require(32) node_modules/_egg@2.23.0@egg/app/extend/context.js",
    "start": 1568117108307,
    "end": 1568117108310,
    "duration": 3,
    "pid": 2408,
    "index": 39
  },
  {
    "name": "Load extend/helper.js",
    "start": 1568117108314,
    "end": 1568117108349,
    "duration": 35,
    "pid": 2408,
    "index": 40
  },
  {
    "name": "Require(33) node_modules/_egg-security@2.6.1@egg-security/app/extend/helper.js",
    "start": 1568117108314,
    "end": 1568117108340,
    "duration": 26,
    "pid": 2408,
    "index": 41
  },
  {
    "name": "Require(34) node_modules/_egg@2.23.0@egg/app/extend/helper.js",
    "start": 1568117108344,
    "end": 1568117108344,
    "duration": 0,
    "pid": 2408,
    "index": 42
  },
  {
    "name": "Load app.js",
    "start": 1568117108349,
    "end": 1568117108414,
    "duration": 65,
    "pid": 2408,
    "index": 43
  },
  {
    "name": "Require(35) node_modules/_egg-session@3.1.0@egg-session/app.js",
    "start": 1568117108350,
    "end": 1568117108350,
    "duration": 0,
    "pid": 2408,
    "index": 44
  },
  {
    "name": "Require(36) node_modules/_egg-security@2.6.1@egg-security/app.js",
    "start": 1568117108351,
    "end": 1568117108354,
    "duration": 3,
    "pid": 2408,
    "index": 45
  },
  {
    "name": "Require(37) node_modules/_egg-onerror@2.1.0@egg-onerror/app.js",
    "start": 1568117108355,
    "end": 1568117108376,
    "duration": 21,
    "pid": 2408,
    "index": 46
  },
  {
    "name": "Require(38) node_modules/_egg-i18n@2.1.1@egg-i18n/app.js",
    "start": 1568117108377,
    "end": 1568117108391,
    "duration": 14,
    "pid": 2408,
    "index": 47
  },
  {
    "name": "Require(39) node_modules/_egg-watcher@3.1.0@egg-watcher/app.js",
    "start": 1568117108391,
    "end": 1568117108399,
    "duration": 8,
    "pid": 2408,
    "index": 48
  },
  {
    "name": "Require(40) node_modules/_egg-schedule@3.6.4@egg-schedule/app.js",
    "start": 1568117108399,
    "end": 1568117108403,
    "duration": 4,
    "pid": 2408,
    "index": 49
  },
  {
    "name": "Require(41) node_modules/_egg-multipart@2.9.0@egg-multipart/app.js",
    "start": 1568117108403,
    "end": 1568117108408,
    "duration": 5,
    "pid": 2408,
    "index": 50
  },
  {
    "name": "Require(42) node_modules/_egg-development@2.4.3@egg-development/app.js",
    "start": 1568117108408,
    "end": 1568117108409,
    "duration": 1,
    "pid": 2408,
    "index": 51
  },
  {
    "name": "Require(43) node_modules/_egg-logrotator@3.1.0@egg-logrotator/app.js",
    "start": 1568117108409,
    "end": 1568117108410,
    "duration": 1,
    "pid": 2408,
    "index": 52
  },
  {
    "name": "Require(44) node_modules/_egg-static@2.2.0@egg-static/app.js",
    "start": 1568117108411,
    "end": 1568117108411,
    "duration": 0,
    "pid": 2408,
    "index": 53
  },
  {
    "name": "Require(45) node_modules/_egg-sequelize@5.2.0@egg-sequelize/app.js",
    "start": 1568117108412,
    "end": 1568117108413,
    "duration": 1,
    "pid": 2408,
    "index": 54
  },
  {
    "name": "Before Start in node_modules/_egg-watcher@3.1.0@egg-watcher/lib/init.js:15:14",
    "start": 1568117108429,
    "end": 1568117109444,
    "duration": 1015,
    "pid": 2408,
    "index": 55
  },
  {
    "name": "Load \"Symbol(model)\" to Application",
    "start": 1568117108977,
    "end": 1568117109029,
    "duration": 52,
    "pid": 2408,
    "index": 56
  },
  {
    "name": "Before Start in node_modules/_egg-sequelize@5.2.0@egg-sequelize/lib/loader.js:39:7",
    "start": 1568117109040,
    "end": 1568117109498,
    "duration": 458,
    "pid": 2408,
    "index": 57
  },
  {
    "name": "Load Service",
    "start": 1568117109040,
    "end": 1568117109053,
    "duration": 13,
    "pid": 2408,
    "index": 58
  },
  {
    "name": "Load \"service\" to Context",
    "start": 1568117109041,
    "end": 1568117109053,
    "duration": 12,
    "pid": 2408,
    "index": 59
  },
  {
    "name": "Load Middleware",
    "start": 1568117109054,
    "end": 1568117109348,
    "duration": 294,
    "pid": 2408,
    "index": 60
  },
  {
    "name": "Load \"middlewares\" to Application",
    "start": 1568117109055,
    "end": 1568117109323,
    "duration": 268,
    "pid": 2408,
    "index": 61
  },
  {
    "name": "Load Controller",
    "start": 1568117109349,
    "end": 1568117109353,
    "duration": 4,
    "pid": 2408,
    "index": 62
  },
  {
    "name": "Load \"controller\" to Application",
    "start": 1568117109349,
    "end": 1568117109353,
    "duration": 4,
    "pid": 2408,
    "index": 63
  },
  {
    "name": "Load Router",
    "start": 1568117109354,
    "end": 1568117109358,
    "duration": 4,
    "pid": 2408,
    "index": 64
  },
  {
    "name": "Require(46) app/router.js",
    "start": 1568117109354,
    "end": 1568117109355,
    "duration": 1,
    "pid": 2408,
    "index": 65
  },
  {
    "name": "Before Start in node_modules/_egg-core@4.17.3@egg-core/lib/egg.js:303:10",
    "start": 1568117109356,
    "end": 1568117109388,
    "duration": 32,
    "pid": 2408,
    "index": 66
  }
]