[
  {
    "name": "Application Start",
    "start": 1568119689991,
    "end": 1568119691109,
    "duration": 1118,
    "pid": 11888,
    "index": 0
  },
  {
    "name": "Load Plugin",
    "start": 1568119689997,
    "end": 1568119690022,
    "duration": 25,
    "pid": 11888,
    "index": 1
  },
  {
    "name": "Load Config",
    "start": 1568119690022,
    "end": 1568119690048,
    "duration": 26,
    "pid": 11888,
    "index": 2
  },
  {
    "name": "Require(0) config/config.default.js",
    "start": 1568119690024,
    "end": 1568119690024,
    "duration": 0,
    "pid": 11888,
    "index": 3
  },
  {
    "name": "Require(1) node_modules/_egg-session@3.1.0@egg-session/config/config.default.js",
    "start": 1568119690026,
    "end": 1568119690027,
    "duration": 1,
    "pid": 11888,
    "index": 4
  },
  {
    "name": "Require(2) node_modules/_egg-security@2.6.1@egg-security/config/config.default.js",
    "start": 1568119690027,
    "end": 1568119690028,
    "duration": 1,
    "pid": 11888,
    "index": 5
  },
  {
    "name": "Require(3) node_modules/_egg-jsonp@2.0.0@egg-jsonp/config/config.default.js",
    "start": 1568119690029,
    "end": 1568119690029,
    "duration": 0,
    "pid": 11888,
    "index": 6
  },
  {
    "name": "Require(4) node_modules/_egg-onerror@2.1.0@egg-onerror/config/config.default.js",
    "start": 1568119690030,
    "end": 1568119690030,
    "duration": 0,
    "pid": 11888,
    "index": 7
  },
  {
    "name": "Require(5) node_modules/_egg-i18n@2.1.1@egg-i18n/config/config.default.js",
    "start": 1568119690031,
    "end": 1568119690031,
    "duration": 0,
    "pid": 11888,
    "index": 8
  },
  {
    "name": "Require(6) node_modules/_egg-watcher@3.1.0@egg-watcher/config/config.default.js",
    "start": 1568119690032,
    "end": 1568119690033,
    "duration": 1,
    "pid": 11888,
    "index": 9
  },
  {
    "name": "Require(7) node_modules/_egg-schedule@3.6.4@egg-schedule/config/config.default.js",
    "start": 1568119690033,
    "end": 1568119690033,
    "duration": 0,
    "pid": 11888,
    "index": 10
  },
  {
    "name": "Require(8) node_modules/_egg-multipart@2.9.0@egg-multipart/config/config.default.js",
    "start": 1568119690034,
    "end": 1568119690035,
    "duration": 1,
    "pid": 11888,
    "index": 11
  },
  {
    "name": "Require(9) node_modules/_egg-development@2.4.3@egg-development/config/config.default.js",
    "start": 1568119690036,
    "end": 1568119690036,
    "duration": 0,
    "pid": 11888,
    "index": 12
  },
  {
    "name": "Require(10) node_modules/_egg-logrotator@3.1.0@egg-logrotator/config/config.default.js",
    "start": 1568119690037,
    "end": 1568119690037,
    "duration": 0,
    "pid": 11888,
    "index": 13
  },
  {
    "name": "Require(11) node_modules/_egg-static@2.2.0@egg-static/config/config.default.js",
    "start": 1568119690038,
    "end": 1568119690038,
    "duration": 0,
    "pid": 11888,
    "index": 14
  },
  {
    "name": "Require(12) node_modules/_egg-view@2.1.2@egg-view/config/config.default.js",
    "start": 1568119690039,
    "end": 1568119690039,
    "duration": 0,
    "pid": 11888,
    "index": 15
  },
  {
    "name": "Require(13) node_modules/_egg-sequelize@5.2.0@egg-sequelize/config/config.default.js",
    "start": 1568119690040,
    "end": 1568119690040,
    "duration": 0,
    "pid": 11888,
    "index": 16
  },
  {
    "name": "Require(14) node_modules/_egg@2.23.0@egg/config/config.default.js",
    "start": 1568119690040,
    "end": 1568119690041,
    "duration": 1,
    "pid": 11888,
    "index": 17
  },
  {
    "name": "Require(15) config/config.default.js",
    "start": 1568119690043,
    "end": 1568119690043,
    "duration": 0,
    "pid": 11888,
    "index": 18
  },
  {
    "name": "Require(16) node_modules/_egg-security@2.6.1@egg-security/config/config.local.js",
    "start": 1568119690043,
    "end": 1568119690044,
    "duration": 1,
    "pid": 11888,
    "index": 19
  },
  {
    "name": "Require(17) node_modules/_egg-watcher@3.1.0@egg-watcher/config/config.local.js",
    "start": 1568119690045,
    "end": 1568119690045,
    "duration": 0,
    "pid": 11888,
    "index": 20
  },
  {
    "name": "Require(18) node_modules/_egg-view@2.1.2@egg-view/config/config.local.js",
    "start": 1568119690047,
    "end": 1568119690047,
    "duration": 0,
    "pid": 11888,
    "index": 21
  },
  {
    "name": "Require(19) node_modules/_egg@2.23.0@egg/config/config.local.js",
    "start": 1568119690048,
    "end": 1568119690048,
    "duration": 0,
    "pid": 11888,
    "index": 22
  },
  {
    "name": "Load extend/application.js",
    "start": 1568119690050,
    "end": 1568119690069,
    "duration": 19,
    "pid": 11888,
    "index": 23
  },
  {
    "name": "Require(20) node_modules/_egg-session@3.1.0@egg-session/app/extend/application.js",
    "start": 1568119690051,
    "end": 1568119690051,
    "duration": 0,
    "pid": 11888,
    "index": 24
  },
  {
    "name": "Require(21) node_modules/_egg-security@2.6.1@egg-security/app/extend/application.js",
    "start": 1568119690052,
    "end": 1568119690053,
    "duration": 1,
    "pid": 11888,
    "index": 25
  },
  {
    "name": "Require(22) node_modules/_egg-jsonp@2.0.0@egg-jsonp/app/extend/application.js",
    "start": 1568119690054,
    "end": 1568119690057,
    "duration": 3,
    "pid": 11888,
    "index": 26
  },
  {
    "name": "Require(23) node_modules/_egg-logrotator@3.1.0@egg-logrotator/app/extend/application.js",
    "start": 1568119690059,
    "end": 1568119690063,
    "duration": 4,
    "pid": 11888,
    "index": 27
  },
  {
    "name": "Require(24) node_modules/_egg-view@2.1.2@egg-view/app/extend/application.js",
    "start": 1568119690063,
    "end": 1568119690066,
    "duration": 3,
    "pid": 11888,
    "index": 28
  },
  {
    "name": "Load extend/request.js",
    "start": 1568119690069,
    "end": 1568119690079,
    "duration": 10,
    "pid": 11888,
    "index": 29
  },
  {
    "name": "Require(25) node_modules/_egg@2.23.0@egg/app/extend/request.js",
    "start": 1568119690074,
    "end": 1568119690076,
    "duration": 2,
    "pid": 11888,
    "index": 30
  },
  {
    "name": "Load extend/response.js",
    "start": 1568119690080,
    "end": 1568119690089,
    "duration": 9,
    "pid": 11888,
    "index": 31
  },
  {
    "name": "Require(26) node_modules/_egg@2.23.0@egg/app/extend/response.js",
    "start": 1568119690082,
    "end": 1568119690086,
    "duration": 4,
    "pid": 11888,
    "index": 32
  },
  {
    "name": "Load extend/context.js",
    "start": 1568119690089,
    "end": 1568119690199,
    "duration": 110,
    "pid": 11888,
    "index": 33
  },
  {
    "name": "Require(27) node_modules/_egg-security@2.6.1@egg-security/app/extend/context.js",
    "start": 1568119690089,
    "end": 1568119690111,
    "duration": 22,
    "pid": 11888,
    "index": 34
  },
  {
    "name": "Require(28) node_modules/_egg-jsonp@2.0.0@egg-jsonp/app/extend/context.js",
    "start": 1568119690111,
    "end": 1568119690113,
    "duration": 2,
    "pid": 11888,
    "index": 35
  },
  {
    "name": "Require(29) node_modules/_egg-i18n@2.1.1@egg-i18n/app/extend/context.js",
    "start": 1568119690114,
    "end": 1568119690115,
    "duration": 1,
    "pid": 11888,
    "index": 36
  },
  {
    "name": "Require(30) node_modules/_egg-multipart@2.9.0@egg-multipart/app/extend/context.js",
    "start": 1568119690116,
    "end": 1568119690189,
    "duration": 73,
    "pid": 11888,
    "index": 37
  },
  {
    "name": "Require(31) node_modules/_egg-view@2.1.2@egg-view/app/extend/context.js",
    "start": 1568119690190,
    "end": 1568119690191,
    "duration": 1,
    "pid": 11888,
    "index": 38
  },
  {
    "name": "Require(32) node_modules/_egg@2.23.0@egg/app/extend/context.js",
    "start": 1568119690192,
    "end": 1568119690195,
    "duration": 3,
    "pid": 11888,
    "index": 39
  },
  {
    "name": "Load extend/helper.js",
    "start": 1568119690199,
    "end": 1568119690236,
    "duration": 37,
    "pid": 11888,
    "index": 40
  },
  {
    "name": "Require(33) node_modules/_egg-security@2.6.1@egg-security/app/extend/helper.js",
    "start": 1568119690200,
    "end": 1568119690229,
    "duration": 29,
    "pid": 11888,
    "index": 41
  },
  {
    "name": "Require(34) node_modules/_egg@2.23.0@egg/app/extend/helper.js",
    "start": 1568119690232,
    "end": 1568119690233,
    "duration": 1,
    "pid": 11888,
    "index": 42
  },
  {
    "name": "Load app.js",
    "start": 1568119690237,
    "end": 1568119690291,
    "duration": 54,
    "pid": 11888,
    "index": 43
  },
  {
    "name": "Require(35) node_modules/_egg-session@3.1.0@egg-session/app.js",
    "start": 1568119690237,
    "end": 1568119690238,
    "duration": 1,
    "pid": 11888,
    "index": 44
  },
  {
    "name": "Require(36) node_modules/_egg-security@2.6.1@egg-security/app.js",
    "start": 1568119690239,
    "end": 1568119690241,
    "duration": 2,
    "pid": 11888,
    "index": 45
  },
  {
    "name": "Require(37) node_modules/_egg-onerror@2.1.0@egg-onerror/app.js",
    "start": 1568119690242,
    "end": 1568119690259,
    "duration": 17,
    "pid": 11888,
    "index": 46
  },
  {
    "name": "Require(38) node_modules/_egg-i18n@2.1.1@egg-i18n/app.js",
    "start": 1568119690259,
    "end": 1568119690270,
    "duration": 11,
    "pid": 11888,
    "index": 47
  },
  {
    "name": "Require(39) node_modules/_egg-watcher@3.1.0@egg-watcher/app.js",
    "start": 1568119690271,
    "end": 1568119690277,
    "duration": 6,
    "pid": 11888,
    "index": 48
  },
  {
    "name": "Require(40) node_modules/_egg-schedule@3.6.4@egg-schedule/app.js",
    "start": 1568119690277,
    "end": 1568119690281,
    "duration": 4,
    "pid": 11888,
    "index": 49
  },
  {
    "name": "Require(41) node_modules/_egg-multipart@2.9.0@egg-multipart/app.js",
    "start": 1568119690281,
    "end": 1568119690286,
    "duration": 5,
    "pid": 11888,
    "index": 50
  },
  {
    "name": "Require(42) node_modules/_egg-development@2.4.3@egg-development/app.js",
    "start": 1568119690286,
    "end": 1568119690286,
    "duration": 0,
    "pid": 11888,
    "index": 51
  },
  {
    "name": "Require(43) node_modules/_egg-logrotator@3.1.0@egg-logrotator/app.js",
    "start": 1568119690287,
    "end": 1568119690287,
    "duration": 0,
    "pid": 11888,
    "index": 52
  },
  {
    "name": "Require(44) node_modules/_egg-static@2.2.0@egg-static/app.js",
    "start": 1568119690288,
    "end": 1568119690288,
    "duration": 0,
    "pid": 11888,
    "index": 53
  },
  {
    "name": "Require(45) node_modules/_egg-sequelize@5.2.0@egg-sequelize/app.js",
    "start": 1568119690289,
    "end": 1568119690289,
    "duration": 0,
    "pid": 11888,
    "index": 54
  },
  {
    "name": "Before Start in node_modules/_egg-watcher@3.1.0@egg-watcher/lib/init.js:15:14",
    "start": 1568119690307,
    "end": 1568119691075,
    "duration": 768,
    "pid": 11888,
    "index": 55
  },
  {
    "name": "Load \"Symbol(model)\" to Application",
    "start": 1568119690824,
    "end": 1568119690847,
    "duration": 23,
    "pid": 11888,
    "index": 56
  },
  {
    "name": "Before Start in node_modules/_egg-sequelize@5.2.0@egg-sequelize/lib/loader.js:39:7",
    "start": 1568119690855,
    "end": 1568119691108,
    "duration": 253,
    "pid": 11888,
    "index": 57
  },
  {
    "name": "Load Service",
    "start": 1568119690855,
    "end": 1568119690860,
    "duration": 5,
    "pid": 11888,
    "index": 58
  },
  {
    "name": "Load \"service\" to Context",
    "start": 1568119690856,
    "end": 1568119690860,
    "duration": 4,
    "pid": 11888,
    "index": 59
  },
  {
    "name": "Load Middleware",
    "start": 1568119690861,
    "end": 1568119690985,
    "duration": 124,
    "pid": 11888,
    "index": 60
  },
  {
    "name": "Load \"middlewares\" to Application",
    "start": 1568119690861,
    "end": 1568119690970,
    "duration": 109,
    "pid": 11888,
    "index": 61
  },
  {
    "name": "Load Controller",
    "start": 1568119690986,
    "end": 1568119690989,
    "duration": 3,
    "pid": 11888,
    "index": 62
  },
  {
    "name": "Load \"controller\" to Application",
    "start": 1568119690986,
    "end": 1568119690989,
    "duration": 3,
    "pid": 11888,
    "index": 63
  },
  {
    "name": "Load Router",
    "start": 1568119690989,
    "end": 1568119690992,
    "duration": 3,
    "pid": 11888,
    "index": 64
  },
  {
    "name": "Require(46) app/router.js",
    "start": 1568119690990,
    "end": 1568119690990,
    "duration": 0,
    "pid": 11888,
    "index": 65
  },
  {
    "name": "Before Start in node_modules/_egg-core@4.17.3@egg-core/lib/egg.js:303:10",
    "start": 1568119690990,
    "end": 1568119691014,
    "duration": 24,
    "pid": 11888,
    "index": 66
  }
]