[
  {
    "name": "Application Start",
    "start": 1568113842395,
    "end": 1568113844009,
    "duration": 1614,
    "pid": 14088,
    "index": 0
  },
  {
    "name": "Load Plugin",
    "start": 1568113842401,
    "end": 1568113842435,
    "duration": 34,
    "pid": 14088,
    "index": 1
  },
  {
    "name": "Load Config",
    "start": 1568113842436,
    "end": 1568113842481,
    "duration": 45,
    "pid": 14088,
    "index": 2
  },
  {
    "name": "Require(0) config/config.default.js",
    "start": 1568113842437,
    "end": 1568113842438,
    "duration": 1,
    "pid": 14088,
    "index": 3
  },
  {
    "name": "Require(1) node_modules/_egg-session@3.1.0@egg-session/config/config.default.js",
    "start": 1568113842442,
    "end": 1568113842442,
    "duration": 0,
    "pid": 14088,
    "index": 4
  },
  {
    "name": "Require(2) node_modules/_egg-security@2.6.1@egg-security/config/config.default.js",
    "start": 1568113842443,
    "end": 1568113842444,
    "duration": 1,
    "pid": 14088,
    "index": 5
  },
  {
    "name": "Require(3) node_modules/_egg-jsonp@2.0.0@egg-jsonp/config/config.default.js",
    "start": 1568113842446,
    "end": 1568113842447,
    "duration": 1,
    "pid": 14088,
    "index": 6
  },
  {
    "name": "Require(4) node_modules/_egg-onerror@2.1.0@egg-onerror/config/config.default.js",
    "start": 1568113842448,
    "end": 1568113842448,
    "duration": 0,
    "pid": 14088,
    "index": 7
  },
  {
    "name": "Require(5) node_modules/_egg-i18n@2.1.1@egg-i18n/config/config.default.js",
    "start": 1568113842449,
    "end": 1568113842450,
    "duration": 1,
    "pid": 14088,
    "index": 8
  },
  {
    "name": "Require(6) node_modules/_egg-watcher@3.1.0@egg-watcher/config/config.default.js",
    "start": 1568113842451,
    "end": 1568113842452,
    "duration": 1,
    "pid": 14088,
    "index": 9
  },
  {
    "name": "Require(7) node_modules/_egg-schedule@3.6.4@egg-schedule/config/config.default.js",
    "start": 1568113842454,
    "end": 1568113842454,
    "duration": 0,
    "pid": 14088,
    "index": 10
  },
  {
    "name": "Require(8) node_modules/_egg-multipart@2.9.0@egg-multipart/config/config.default.js",
    "start": 1568113842456,
    "end": 1568113842456,
    "duration": 0,
    "pid": 14088,
    "index": 11
  },
  {
    "name": "Require(9) node_modules/_egg-development@2.4.3@egg-development/config/config.default.js",
    "start": 1568113842458,
    "end": 1568113842459,
    "duration": 1,
    "pid": 14088,
    "index": 12
  },
  {
    "name": "Require(10) node_modules/_egg-logrotator@3.1.0@egg-logrotator/config/config.default.js",
    "start": 1568113842460,
    "end": 1568113842460,
    "duration": 0,
    "pid": 14088,
    "index": 13
  },
  {
    "name": "Require(11) node_modules/_egg-static@2.2.0@egg-static/config/config.default.js",
    "start": 1568113842462,
    "end": 1568113842462,
    "duration": 0,
    "pid": 14088,
    "index": 14
  },
  {
    "name": "Require(12) node_modules/_egg-view@2.1.2@egg-view/config/config.default.js",
    "start": 1568113842463,
    "end": 1568113842464,
    "duration": 1,
    "pid": 14088,
    "index": 15
  },
  {
    "name": "Require(13) node_modules/_egg-sequelize@5.2.0@egg-sequelize/config/config.default.js",
    "start": 1568113842465,
    "end": 1568113842466,
    "duration": 1,
    "pid": 14088,
    "index": 16
  },
  {
    "name": "Require(14) node_modules/_egg@2.23.0@egg/config/config.default.js",
    "start": 1568113842467,
    "end": 1568113842468,
    "duration": 1,
    "pid": 14088,
    "index": 17
  },
  {
    "name": "Require(15) config/config.default.js",
    "start": 1568113842472,
    "end": 1568113842472,
    "duration": 0,
    "pid": 14088,
    "index": 18
  },
  {
    "name": "Require(16) node_modules/_egg-security@2.6.1@egg-security/config/config.local.js",
    "start": 1568113842473,
    "end": 1568113842473,
    "duration": 0,
    "pid": 14088,
    "index": 19
  },
  {
    "name": "Require(17) node_modules/_egg-watcher@3.1.0@egg-watcher/config/config.local.js",
    "start": 1568113842475,
    "end": 1568113842476,
    "duration": 1,
    "pid": 14088,
    "index": 20
  },
  {
    "name": "Require(18) node_modules/_egg-view@2.1.2@egg-view/config/config.local.js",
    "start": 1568113842479,
    "end": 1568113842479,
    "duration": 0,
    "pid": 14088,
    "index": 21
  },
  {
    "name": "Require(19) node_modules/_egg@2.23.0@egg/config/config.local.js",
    "start": 1568113842480,
    "end": 1568113842481,
    "duration": 1,
    "pid": 14088,
    "index": 22
  },
  {
    "name": "Load extend/application.js",
    "start": 1568113842483,
    "end": 1568113842515,
    "duration": 32,
    "pid": 14088,
    "index": 23
  },
  {
    "name": "Require(20) node_modules/_egg-session@3.1.0@egg-session/app/extend/application.js",
    "start": 1568113842485,
    "end": 1568113842486,
    "duration": 1,
    "pid": 14088,
    "index": 24
  },
  {
    "name": "Require(21) node_modules/_egg-security@2.6.1@egg-security/app/extend/application.js",
    "start": 1568113842487,
    "end": 1568113842489,
    "duration": 2,
    "pid": 14088,
    "index": 25
  },
  {
    "name": "Require(22) node_modules/_egg-jsonp@2.0.0@egg-jsonp/app/extend/application.js",
    "start": 1568113842490,
    "end": 1568113842495,
    "duration": 5,
    "pid": 14088,
    "index": 26
  },
  {
    "name": "Require(23) node_modules/_egg-logrotator@3.1.0@egg-logrotator/app/extend/application.js",
    "start": 1568113842499,
    "end": 1568113842505,
    "duration": 6,
    "pid": 14088,
    "index": 27
  },
  {
    "name": "Require(24) node_modules/_egg-view@2.1.2@egg-view/app/extend/application.js",
    "start": 1568113842507,
    "end": 1568113842510,
    "duration": 3,
    "pid": 14088,
    "index": 28
  },
  {
    "name": "Load extend/request.js",
    "start": 1568113842515,
    "end": 1568113842526,
    "duration": 11,
    "pid": 14088,
    "index": 29
  },
  {
    "name": "Require(25) node_modules/_egg@2.23.0@egg/app/extend/request.js",
    "start": 1568113842519,
    "end": 1568113842522,
    "duration": 3,
    "pid": 14088,
    "index": 30
  },
  {
    "name": "Load extend/response.js",
    "start": 1568113842526,
    "end": 1568113842540,
    "duration": 14,
    "pid": 14088,
    "index": 31
  },
  {
    "name": "Require(26) node_modules/_egg@2.23.0@egg/app/extend/response.js",
    "start": 1568113842530,
    "end": 1568113842533,
    "duration": 3,
    "pid": 14088,
    "index": 32
  },
  {
    "name": "Load extend/context.js",
    "start": 1568113842540,
    "end": 1568113842683,
    "duration": 143,
    "pid": 14088,
    "index": 33
  },
  {
    "name": "Require(27) node_modules/_egg-security@2.6.1@egg-security/app/extend/context.js",
    "start": 1568113842541,
    "end": 1568113842564,
    "duration": 23,
    "pid": 14088,
    "index": 34
  },
  {
    "name": "Require(28) node_modules/_egg-jsonp@2.0.0@egg-jsonp/app/extend/context.js",
    "start": 1568113842564,
    "end": 1568113842566,
    "duration": 2,
    "pid": 14088,
    "index": 35
  },
  {
    "name": "Require(29) node_modules/_egg-i18n@2.1.1@egg-i18n/app/extend/context.js",
    "start": 1568113842567,
    "end": 1568113842568,
    "duration": 1,
    "pid": 14088,
    "index": 36
  },
  {
    "name": "Require(30) node_modules/_egg-multipart@2.9.0@egg-multipart/app/extend/context.js",
    "start": 1568113842569,
    "end": 1568113842669,
    "duration": 100,
    "pid": 14088,
    "index": 37
  },
  {
    "name": "Require(31) node_modules/_egg-view@2.1.2@egg-view/app/extend/context.js",
    "start": 1568113842670,
    "end": 1568113842671,
    "duration": 1,
    "pid": 14088,
    "index": 38
  },
  {
    "name": "Require(32) node_modules/_egg@2.23.0@egg/app/extend/context.js",
    "start": 1568113842672,
    "end": 1568113842677,
    "duration": 5,
    "pid": 14088,
    "index": 39
  },
  {
    "name": "Load extend/helper.js",
    "start": 1568113842683,
    "end": 1568113842736,
    "duration": 53,
    "pid": 14088,
    "index": 40
  },
  {
    "name": "Require(33) node_modules/_egg-security@2.6.1@egg-security/app/extend/helper.js",
    "start": 1568113842684,
    "end": 1568113842721,
    "duration": 37,
    "pid": 14088,
    "index": 41
  },
  {
    "name": "Require(34) node_modules/_egg@2.23.0@egg/app/extend/helper.js",
    "start": 1568113842724,
    "end": 1568113842725,
    "duration": 1,
    "pid": 14088,
    "index": 42
  },
  {
    "name": "Load app.js",
    "start": 1568113842737,
    "end": 1568113842801,
    "duration": 64,
    "pid": 14088,
    "index": 43
  },
  {
    "name": "Require(35) node_modules/_egg-session@3.1.0@egg-session/app.js",
    "start": 1568113842738,
    "end": 1568113842738,
    "duration": 0,
    "pid": 14088,
    "index": 44
  },
  {
    "name": "Require(36) node_modules/_egg-security@2.6.1@egg-security/app.js",
    "start": 1568113842739,
    "end": 1568113842742,
    "duration": 3,
    "pid": 14088,
    "index": 45
  },
  {
    "name": "Require(37) node_modules/_egg-onerror@2.1.0@egg-onerror/app.js",
    "start": 1568113842744,
    "end": 1568113842762,
    "duration": 18,
    "pid": 14088,
    "index": 46
  },
  {
    "name": "Require(38) node_modules/_egg-i18n@2.1.1@egg-i18n/app.js",
    "start": 1568113842763,
    "end": 1568113842777,
    "duration": 14,
    "pid": 14088,
    "index": 47
  },
  {
    "name": "Require(39) node_modules/_egg-watcher@3.1.0@egg-watcher/app.js",
    "start": 1568113842778,
    "end": 1568113842784,
    "duration": 6,
    "pid": 14088,
    "index": 48
  },
  {
    "name": "Require(40) node_modules/_egg-schedule@3.6.4@egg-schedule/app.js",
    "start": 1568113842785,
    "end": 1568113842788,
    "duration": 3,
    "pid": 14088,
    "index": 49
  },
  {
    "name": "Require(41) node_modules/_egg-multipart@2.9.0@egg-multipart/app.js",
    "start": 1568113842788,
    "end": 1568113842793,
    "duration": 5,
    "pid": 14088,
    "index": 50
  },
  {
    "name": "Require(42) node_modules/_egg-development@2.4.3@egg-development/app.js",
    "start": 1568113842793,
    "end": 1568113842793,
    "duration": 0,
    "pid": 14088,
    "index": 51
  },
  {
    "name": "Require(43) node_modules/_egg-logrotator@3.1.0@egg-logrotator/app.js",
    "start": 1568113842795,
    "end": 1568113842795,
    "duration": 0,
    "pid": 14088,
    "index": 52
  },
  {
    "name": "Require(44) node_modules/_egg-static@2.2.0@egg-static/app.js",
    "start": 1568113842796,
    "end": 1568113842797,
    "duration": 1,
    "pid": 14088,
    "index": 53
  },
  {
    "name": "Require(45) node_modules/_egg-sequelize@5.2.0@egg-sequelize/app.js",
    "start": 1568113842798,
    "end": 1568113842799,
    "duration": 1,
    "pid": 14088,
    "index": 54
  },
  {
    "name": "Before Start in node_modules/_egg-watcher@3.1.0@egg-watcher/lib/init.js:15:14",
    "start": 1568113842820,
    "end": 1568113843929,
    "duration": 1109,
    "pid": 14088,
    "index": 55
  },
  {
    "name": "Load \"Symbol(model)\" to Application",
    "start": 1568113843548,
    "end": 1568113843594,
    "duration": 46,
    "pid": 14088,
    "index": 56
  },
  {
    "name": "Before Start in node_modules/_egg-sequelize@5.2.0@egg-sequelize/lib/loader.js:39:7",
    "start": 1568113843609,
    "end": 1568113844008,
    "duration": 399,
    "pid": 14088,
    "index": 57
  },
  {
    "name": "Load Service",
    "start": 1568113843609,
    "end": 1568113843620,
    "duration": 11,
    "pid": 14088,
    "index": 58
  },
  {
    "name": "Load \"service\" to Context",
    "start": 1568113843610,
    "end": 1568113843620,
    "duration": 10,
    "pid": 14088,
    "index": 59
  },
  {
    "name": "Load Middleware",
    "start": 1568113843620,
    "end": 1568113843809,
    "duration": 189,
    "pid": 14088,
    "index": 60
  },
  {
    "name": "Load \"middlewares\" to Application",
    "start": 1568113843620,
    "end": 1568113843785,
    "duration": 165,
    "pid": 14088,
    "index": 61
  },
  {
    "name": "Load Controller",
    "start": 1568113843809,
    "end": 1568113843816,
    "duration": 7,
    "pid": 14088,
    "index": 62
  },
  {
    "name": "Load \"controller\" to Application",
    "start": 1568113843809,
    "end": 1568113843816,
    "duration": 7,
    "pid": 14088,
    "index": 63
  },
  {
    "name": "Load Router",
    "start": 1568113843816,
    "end": 1568113843821,
    "duration": 5,
    "pid": 14088,
    "index": 64
  },
  {
    "name": "Require(46) app/router.js",
    "start": 1568113843816,
    "end": 1568113843817,
    "duration": 1,
    "pid": 14088,
    "index": 65
  },
  {
    "name": "Before Start in node_modules/_egg-core@4.17.3@egg-core/lib/egg.js:303:10",
    "start": 1568113843818,
    "end": 1568113843858,
    "duration": 40,
    "pid": 14088,
    "index": 66
  }
]