[
  {
    "name": "Application Start",
    "start": 1568102451119,
    "end": 1568102452333,
    "duration": 1214,
    "pid": 14172,
    "index": 0
  },
  {
    "name": "Load Plugin",
    "start": 1568102451127,
    "end": 1568102451159,
    "duration": 32,
    "pid": 14172,
    "index": 1
  },
  {
    "name": "Load Config",
    "start": 1568102451160,
    "end": 1568102451197,
    "duration": 37,
    "pid": 14172,
    "index": 2
  },
  {
    "name": "Require(0) config/config.default.js",
    "start": 1568102451161,
    "end": 1568102451162,
    "duration": 1,
    "pid": 14172,
    "index": 3
  },
  {
    "name": "Require(1) node_modules/_egg-session@3.1.0@egg-session/config/config.default.js",
    "start": 1568102451167,
    "end": 1568102451167,
    "duration": 0,
    "pid": 14172,
    "index": 4
  },
  {
    "name": "Require(2) node_modules/_egg-security@2.6.1@egg-security/config/config.default.js",
    "start": 1568102451168,
    "end": 1568102451169,
    "duration": 1,
    "pid": 14172,
    "index": 5
  },
  {
    "name": "Require(3) node_modules/_egg-jsonp@2.0.0@egg-jsonp/config/config.default.js",
    "start": 1568102451170,
    "end": 1568102451170,
    "duration": 0,
    "pid": 14172,
    "index": 6
  },
  {
    "name": "Require(4) node_modules/_egg-onerror@2.1.0@egg-onerror/config/config.default.js",
    "start": 1568102451171,
    "end": 1568102451171,
    "duration": 0,
    "pid": 14172,
    "index": 7
  },
  {
    "name": "Require(5) node_modules/_egg-i18n@2.1.1@egg-i18n/config/config.default.js",
    "start": 1568102451172,
    "end": 1568102451172,
    "duration": 0,
    "pid": 14172,
    "index": 8
  },
  {
    "name": "Require(6) node_modules/_egg-watcher@3.1.0@egg-watcher/config/config.default.js",
    "start": 1568102451173,
    "end": 1568102451173,
    "duration": 0,
    "pid": 14172,
    "index": 9
  },
  {
    "name": "Require(7) node_modules/_egg-schedule@3.6.4@egg-schedule/config/config.default.js",
    "start": 1568102451174,
    "end": 1568102451174,
    "duration": 0,
    "pid": 14172,
    "index": 10
  },
  {
    "name": "Require(8) node_modules/_egg-multipart@2.9.0@egg-multipart/config/config.default.js",
    "start": 1568102451176,
    "end": 1568102451176,
    "duration": 0,
    "pid": 14172,
    "index": 11
  },
  {
    "name": "Require(9) node_modules/_egg-development@2.4.3@egg-development/config/config.default.js",
    "start": 1568102451177,
    "end": 1568102451177,
    "duration": 0,
    "pid": 14172,
    "index": 12
  },
  {
    "name": "Require(10) node_modules/_egg-logrotator@3.1.0@egg-logrotator/config/config.default.js",
    "start": 1568102451178,
    "end": 1568102451179,
    "duration": 1,
    "pid": 14172,
    "index": 13
  },
  {
    "name": "Require(11) node_modules/_egg-static@2.2.0@egg-static/config/config.default.js",
    "start": 1568102451181,
    "end": 1568102451183,
    "duration": 2,
    "pid": 14172,
    "index": 14
  },
  {
    "name": "Require(12) node_modules/_egg-view@2.1.2@egg-view/config/config.default.js",
    "start": 1568102451184,
    "end": 1568102451184,
    "duration": 0,
    "pid": 14172,
    "index": 15
  },
  {
    "name": "Require(13) node_modules/_egg-sequelize@5.2.0@egg-sequelize/config/config.default.js",
    "start": 1568102451185,
    "end": 1568102451186,
    "duration": 1,
    "pid": 14172,
    "index": 16
  },
  {
    "name": "Require(14) node_modules/_egg@2.23.0@egg/config/config.default.js",
    "start": 1568102451187,
    "end": 1568102451187,
    "duration": 0,
    "pid": 14172,
    "index": 17
  },
  {
    "name": "Require(15) config/config.default.js",
    "start": 1568102451189,
    "end": 1568102451189,
    "duration": 0,
    "pid": 14172,
    "index": 18
  },
  {
    "name": "Require(16) node_modules/_egg-security@2.6.1@egg-security/config/config.local.js",
    "start": 1568102451190,
    "end": 1568102451190,
    "duration": 0,
    "pid": 14172,
    "index": 19
  },
  {
    "name": "Require(17) node_modules/_egg-watcher@3.1.0@egg-watcher/config/config.local.js",
    "start": 1568102451192,
    "end": 1568102451192,
    "duration": 0,
    "pid": 14172,
    "index": 20
  },
  {
    "name": "Require(18) node_modules/_egg-view@2.1.2@egg-view/config/config.local.js",
    "start": 1568102451194,
    "end": 1568102451194,
    "duration": 0,
    "pid": 14172,
    "index": 21
  },
  {
    "name": "Require(19) node_modules/_egg@2.23.0@egg/config/config.local.js",
    "start": 1568102451196,
    "end": 1568102451196,
    "duration": 0,
    "pid": 14172,
    "index": 22
  },
  {
    "name": "Load extend/application.js",
    "start": 1568102451201,
    "end": 1568102451226,
    "duration": 25,
    "pid": 14172,
    "index": 23
  },
  {
    "name": "Require(20) node_modules/_egg-session@3.1.0@egg-session/app/extend/application.js",
    "start": 1568102451202,
    "end": 1568102451203,
    "duration": 1,
    "pid": 14172,
    "index": 24
  },
  {
    "name": "Require(21) node_modules/_egg-security@2.6.1@egg-security/app/extend/application.js",
    "start": 1568102451204,
    "end": 1568102451205,
    "duration": 1,
    "pid": 14172,
    "index": 25
  },
  {
    "name": "Require(22) node_modules/_egg-jsonp@2.0.0@egg-jsonp/app/extend/application.js",
    "start": 1568102451206,
    "end": 1568102451209,
    "duration": 3,
    "pid": 14172,
    "index": 26
  },
  {
    "name": "Require(23) node_modules/_egg-logrotator@3.1.0@egg-logrotator/app/extend/application.js",
    "start": 1568102451212,
    "end": 1568102451219,
    "duration": 7,
    "pid": 14172,
    "index": 27
  },
  {
    "name": "Require(24) node_modules/_egg-view@2.1.2@egg-view/app/extend/application.js",
    "start": 1568102451220,
    "end": 1568102451222,
    "duration": 2,
    "pid": 14172,
    "index": 28
  },
  {
    "name": "Load extend/request.js",
    "start": 1568102451226,
    "end": 1568102451238,
    "duration": 12,
    "pid": 14172,
    "index": 29
  },
  {
    "name": "Require(25) node_modules/_egg@2.23.0@egg/app/extend/request.js",
    "start": 1568102451231,
    "end": 1568102451234,
    "duration": 3,
    "pid": 14172,
    "index": 30
  },
  {
    "name": "Load extend/response.js",
    "start": 1568102451238,
    "end": 1568102451250,
    "duration": 12,
    "pid": 14172,
    "index": 31
  },
  {
    "name": "Require(26) node_modules/_egg@2.23.0@egg/app/extend/response.js",
    "start": 1568102451241,
    "end": 1568102451245,
    "duration": 4,
    "pid": 14172,
    "index": 32
  },
  {
    "name": "Load extend/context.js",
    "start": 1568102451250,
    "end": 1568102451380,
    "duration": 130,
    "pid": 14172,
    "index": 33
  },
  {
    "name": "Require(27) node_modules/_egg-security@2.6.1@egg-security/app/extend/context.js",
    "start": 1568102451251,
    "end": 1568102451274,
    "duration": 23,
    "pid": 14172,
    "index": 34
  },
  {
    "name": "Require(28) node_modules/_egg-jsonp@2.0.0@egg-jsonp/app/extend/context.js",
    "start": 1568102451275,
    "end": 1568102451278,
    "duration": 3,
    "pid": 14172,
    "index": 35
  },
  {
    "name": "Require(29) node_modules/_egg-i18n@2.1.1@egg-i18n/app/extend/context.js",
    "start": 1568102451279,
    "end": 1568102451280,
    "duration": 1,
    "pid": 14172,
    "index": 36
  },
  {
    "name": "Require(30) node_modules/_egg-multipart@2.9.0@egg-multipart/app/extend/context.js",
    "start": 1568102451282,
    "end": 1568102451369,
    "duration": 87,
    "pid": 14172,
    "index": 37
  },
  {
    "name": "Require(31) node_modules/_egg-view@2.1.2@egg-view/app/extend/context.js",
    "start": 1568102451370,
    "end": 1568102451371,
    "duration": 1,
    "pid": 14172,
    "index": 38
  },
  {
    "name": "Require(32) node_modules/_egg@2.23.0@egg/app/extend/context.js",
    "start": 1568102451372,
    "end": 1568102451375,
    "duration": 3,
    "pid": 14172,
    "index": 39
  },
  {
    "name": "Load extend/helper.js",
    "start": 1568102451380,
    "end": 1568102451422,
    "duration": 42,
    "pid": 14172,
    "index": 40
  },
  {
    "name": "Require(33) node_modules/_egg-security@2.6.1@egg-security/app/extend/helper.js",
    "start": 1568102451382,
    "end": 1568102451413,
    "duration": 31,
    "pid": 14172,
    "index": 41
  },
  {
    "name": "Require(34) node_modules/_egg@2.23.0@egg/app/extend/helper.js",
    "start": 1568102451417,
    "end": 1568102451418,
    "duration": 1,
    "pid": 14172,
    "index": 42
  },
  {
    "name": "Load app.js",
    "start": 1568102451422,
    "end": 1568102451482,
    "duration": 60,
    "pid": 14172,
    "index": 43
  },
  {
    "name": "Require(35) node_modules/_egg-session@3.1.0@egg-session/app.js",
    "start": 1568102451423,
    "end": 1568102451423,
    "duration": 0,
    "pid": 14172,
    "index": 44
  },
  {
    "name": "Require(36) node_modules/_egg-security@2.6.1@egg-security/app.js",
    "start": 1568102451424,
    "end": 1568102451427,
    "duration": 3,
    "pid": 14172,
    "index": 45
  },
  {
    "name": "Require(37) node_modules/_egg-onerror@2.1.0@egg-onerror/app.js",
    "start": 1568102451428,
    "end": 1568102451448,
    "duration": 20,
    "pid": 14172,
    "index": 46
  },
  {
    "name": "Require(38) node_modules/_egg-i18n@2.1.1@egg-i18n/app.js",
    "start": 1568102451448,
    "end": 1568102451460,
    "duration": 12,
    "pid": 14172,
    "index": 47
  },
  {
    "name": "Require(39) node_modules/_egg-watcher@3.1.0@egg-watcher/app.js",
    "start": 1568102451461,
    "end": 1568102451468,
    "duration": 7,
    "pid": 14172,
    "index": 48
  },
  {
    "name": "Require(40) node_modules/_egg-schedule@3.6.4@egg-schedule/app.js",
    "start": 1568102451468,
    "end": 1568102451471,
    "duration": 3,
    "pid": 14172,
    "index": 49
  },
  {
    "name": "Require(41) node_modules/_egg-multipart@2.9.0@egg-multipart/app.js",
    "start": 1568102451472,
    "end": 1568102451476,
    "duration": 4,
    "pid": 14172,
    "index": 50
  },
  {
    "name": "Require(42) node_modules/_egg-development@2.4.3@egg-development/app.js",
    "start": 1568102451477,
    "end": 1568102451477,
    "duration": 0,
    "pid": 14172,
    "index": 51
  },
  {
    "name": "Require(43) node_modules/_egg-logrotator@3.1.0@egg-logrotator/app.js",
    "start": 1568102451478,
    "end": 1568102451478,
    "duration": 0,
    "pid": 14172,
    "index": 52
  },
  {
    "name": "Require(44) node_modules/_egg-static@2.2.0@egg-static/app.js",
    "start": 1568102451478,
    "end": 1568102451479,
    "duration": 1,
    "pid": 14172,
    "index": 53
  },
  {
    "name": "Require(45) node_modules/_egg-sequelize@5.2.0@egg-sequelize/app.js",
    "start": 1568102451480,
    "end": 1568102451480,
    "duration": 0,
    "pid": 14172,
    "index": 54
  },
  {
    "name": "Before Start in node_modules/_egg-watcher@3.1.0@egg-watcher/lib/init.js:15:14",
    "start": 1568102451499,
    "end": 1568102452301,
    "duration": 802,
    "pid": 14172,
    "index": 55
  },
  {
    "name": "Load \"Symbol(model)\" to Application",
    "start": 1568102452050,
    "end": 1568102452071,
    "duration": 21,
    "pid": 14172,
    "index": 56
  },
  {
    "name": "Before Start in node_modules/_egg-sequelize@5.2.0@egg-sequelize/lib/loader.js:39:7",
    "start": 1568102452077,
    "end": 1568102452332,
    "duration": 255,
    "pid": 14172,
    "index": 57
  },
  {
    "name": "Load Service",
    "start": 1568102452078,
    "end": 1568102452082,
    "duration": 4,
    "pid": 14172,
    "index": 58
  },
  {
    "name": "Load \"service\" to Context",
    "start": 1568102452078,
    "end": 1568102452082,
    "duration": 4,
    "pid": 14172,
    "index": 59
  },
  {
    "name": "Load Middleware",
    "start": 1568102452083,
    "end": 1568102452217,
    "duration": 134,
    "pid": 14172,
    "index": 60
  },
  {
    "name": "Load \"middlewares\" to Application",
    "start": 1568102452083,
    "end": 1568102452201,
    "duration": 118,
    "pid": 14172,
    "index": 61
  },
  {
    "name": "Load Controller",
    "start": 1568102452217,
    "end": 1568102452220,
    "duration": 3,
    "pid": 14172,
    "index": 62
  },
  {
    "name": "Load \"controller\" to Application",
    "start": 1568102452217,
    "end": 1568102452220,
    "duration": 3,
    "pid": 14172,
    "index": 63
  },
  {
    "name": "Load Router",
    "start": 1568102452220,
    "end": 1568102452223,
    "duration": 3,
    "pid": 14172,
    "index": 64
  },
  {
    "name": "Require(46) app/router.js",
    "start": 1568102452220,
    "end": 1568102452221,
    "duration": 1,
    "pid": 14172,
    "index": 65
  },
  {
    "name": "Before Start in node_modules/_egg-core@4.17.3@egg-core/lib/egg.js:303:10",
    "start": 1568102452221,
    "end": 1568102452243,
    "duration": 22,
    "pid": 14172,
    "index": 66
  }
]