[
  {
    "name": "Application Start",
    "start": 1568116682994,
    "end": 1568116684372,
    "duration": 1378,
    "pid": 3256,
    "index": 0
  },
  {
    "name": "Load Plugin",
    "start": 1568116683001,
    "end": 1568116683031,
    "duration": 30,
    "pid": 3256,
    "index": 1
  },
  {
    "name": "Load Config",
    "start": 1568116683031,
    "end": 1568116683065,
    "duration": 34,
    "pid": 3256,
    "index": 2
  },
  {
    "name": "Require(0) config/config.default.js",
    "start": 1568116683032,
    "end": 1568116683033,
    "duration": 1,
    "pid": 3256,
    "index": 3
  },
  {
    "name": "Require(1) node_modules/_egg-session@3.1.0@egg-session/config/config.default.js",
    "start": 1568116683036,
    "end": 1568116683036,
    "duration": 0,
    "pid": 3256,
    "index": 4
  },
  {
    "name": "Require(2) node_modules/_egg-security@2.6.1@egg-security/config/config.default.js",
    "start": 1568116683037,
    "end": 1568116683037,
    "duration": 0,
    "pid": 3256,
    "index": 5
  },
  {
    "name": "Require(3) node_modules/_egg-jsonp@2.0.0@egg-jsonp/config/config.default.js",
    "start": 1568116683039,
    "end": 1568116683039,
    "duration": 0,
    "pid": 3256,
    "index": 6
  },
  {
    "name": "Require(4) node_modules/_egg-onerror@2.1.0@egg-onerror/config/config.default.js",
    "start": 1568116683040,
    "end": 1568116683040,
    "duration": 0,
    "pid": 3256,
    "index": 7
  },
  {
    "name": "Require(5) node_modules/_egg-i18n@2.1.1@egg-i18n/config/config.default.js",
    "start": 1568116683042,
    "end": 1568116683042,
    "duration": 0,
    "pid": 3256,
    "index": 8
  },
  {
    "name": "Require(6) node_modules/_egg-watcher@3.1.0@egg-watcher/config/config.default.js",
    "start": 1568116683043,
    "end": 1568116683044,
    "duration": 1,
    "pid": 3256,
    "index": 9
  },
  {
    "name": "Require(7) node_modules/_egg-schedule@3.6.4@egg-schedule/config/config.default.js",
    "start": 1568116683045,
    "end": 1568116683045,
    "duration": 0,
    "pid": 3256,
    "index": 10
  },
  {
    "name": "Require(8) node_modules/_egg-multipart@2.9.0@egg-multipart/config/config.default.js",
    "start": 1568116683046,
    "end": 1568116683046,
    "duration": 0,
    "pid": 3256,
    "index": 11
  },
  {
    "name": "Require(9) node_modules/_egg-development@2.4.3@egg-development/config/config.default.js",
    "start": 1568116683047,
    "end": 1568116683048,
    "duration": 1,
    "pid": 3256,
    "index": 12
  },
  {
    "name": "Require(10) node_modules/_egg-logrotator@3.1.0@egg-logrotator/config/config.default.js",
    "start": 1568116683048,
    "end": 1568116683049,
    "duration": 1,
    "pid": 3256,
    "index": 13
  },
  {
    "name": "Require(11) node_modules/_egg-static@2.2.0@egg-static/config/config.default.js",
    "start": 1568116683050,
    "end": 1568116683050,
    "duration": 0,
    "pid": 3256,
    "index": 14
  },
  {
    "name": "Require(12) node_modules/_egg-view@2.1.2@egg-view/config/config.default.js",
    "start": 1568116683051,
    "end": 1568116683051,
    "duration": 0,
    "pid": 3256,
    "index": 15
  },
  {
    "name": "Require(13) node_modules/_egg-sequelize@5.2.0@egg-sequelize/config/config.default.js",
    "start": 1568116683052,
    "end": 1568116683052,
    "duration": 0,
    "pid": 3256,
    "index": 16
  },
  {
    "name": "Require(14) node_modules/_egg@2.23.0@egg/config/config.default.js",
    "start": 1568116683053,
    "end": 1568116683053,
    "duration": 0,
    "pid": 3256,
    "index": 17
  },
  {
    "name": "Require(15) config/config.default.js",
    "start": 1568116683055,
    "end": 1568116683055,
    "duration": 0,
    "pid": 3256,
    "index": 18
  },
  {
    "name": "Require(16) node_modules/_egg-security@2.6.1@egg-security/config/config.local.js",
    "start": 1568116683056,
    "end": 1568116683056,
    "duration": 0,
    "pid": 3256,
    "index": 19
  },
  {
    "name": "Require(17) node_modules/_egg-watcher@3.1.0@egg-watcher/config/config.local.js",
    "start": 1568116683058,
    "end": 1568116683059,
    "duration": 1,
    "pid": 3256,
    "index": 20
  },
  {
    "name": "Require(18) node_modules/_egg-view@2.1.2@egg-view/config/config.local.js",
    "start": 1568116683062,
    "end": 1568116683063,
    "duration": 1,
    "pid": 3256,
    "index": 21
  },
  {
    "name": "Require(19) node_modules/_egg@2.23.0@egg/config/config.local.js",
    "start": 1568116683064,
    "end": 1568116683065,
    "duration": 1,
    "pid": 3256,
    "index": 22
  },
  {
    "name": "Load extend/application.js",
    "start": 1568116683067,
    "end": 1568116683091,
    "duration": 24,
    "pid": 3256,
    "index": 23
  },
  {
    "name": "Require(20) node_modules/_egg-session@3.1.0@egg-session/app/extend/application.js",
    "start": 1568116683068,
    "end": 1568116683069,
    "duration": 1,
    "pid": 3256,
    "index": 24
  },
  {
    "name": "Require(21) node_modules/_egg-security@2.6.1@egg-security/app/extend/application.js",
    "start": 1568116683070,
    "end": 1568116683071,
    "duration": 1,
    "pid": 3256,
    "index": 25
  },
  {
    "name": "Require(22) node_modules/_egg-jsonp@2.0.0@egg-jsonp/app/extend/application.js",
    "start": 1568116683072,
    "end": 1568116683075,
    "duration": 3,
    "pid": 3256,
    "index": 26
  },
  {
    "name": "Require(23) node_modules/_egg-logrotator@3.1.0@egg-logrotator/app/extend/application.js",
    "start": 1568116683078,
    "end": 1568116683082,
    "duration": 4,
    "pid": 3256,
    "index": 27
  },
  {
    "name": "Require(24) node_modules/_egg-view@2.1.2@egg-view/app/extend/application.js",
    "start": 1568116683083,
    "end": 1568116683086,
    "duration": 3,
    "pid": 3256,
    "index": 28
  },
  {
    "name": "Load extend/request.js",
    "start": 1568116683091,
    "end": 1568116683102,
    "duration": 11,
    "pid": 3256,
    "index": 29
  },
  {
    "name": "Require(25) node_modules/_egg@2.23.0@egg/app/extend/request.js",
    "start": 1568116683096,
    "end": 1568116683098,
    "duration": 2,
    "pid": 3256,
    "index": 30
  },
  {
    "name": "Load extend/response.js",
    "start": 1568116683102,
    "end": 1568116683115,
    "duration": 13,
    "pid": 3256,
    "index": 31
  },
  {
    "name": "Require(26) node_modules/_egg@2.23.0@egg/app/extend/response.js",
    "start": 1568116683105,
    "end": 1568116683109,
    "duration": 4,
    "pid": 3256,
    "index": 32
  },
  {
    "name": "Load extend/context.js",
    "start": 1568116683115,
    "end": 1568116683238,
    "duration": 123,
    "pid": 3256,
    "index": 33
  },
  {
    "name": "Require(27) node_modules/_egg-security@2.6.1@egg-security/app/extend/context.js",
    "start": 1568116683116,
    "end": 1568116683140,
    "duration": 24,
    "pid": 3256,
    "index": 34
  },
  {
    "name": "Require(28) node_modules/_egg-jsonp@2.0.0@egg-jsonp/app/extend/context.js",
    "start": 1568116683141,
    "end": 1568116683144,
    "duration": 3,
    "pid": 3256,
    "index": 35
  },
  {
    "name": "Require(29) node_modules/_egg-i18n@2.1.1@egg-i18n/app/extend/context.js",
    "start": 1568116683144,
    "end": 1568116683145,
    "duration": 1,
    "pid": 3256,
    "index": 36
  },
  {
    "name": "Require(30) node_modules/_egg-multipart@2.9.0@egg-multipart/app/extend/context.js",
    "start": 1568116683147,
    "end": 1568116683228,
    "duration": 81,
    "pid": 3256,
    "index": 37
  },
  {
    "name": "Require(31) node_modules/_egg-view@2.1.2@egg-view/app/extend/context.js",
    "start": 1568116683229,
    "end": 1568116683231,
    "duration": 2,
    "pid": 3256,
    "index": 38
  },
  {
    "name": "Require(32) node_modules/_egg@2.23.0@egg/app/extend/context.js",
    "start": 1568116683231,
    "end": 1568116683235,
    "duration": 4,
    "pid": 3256,
    "index": 39
  },
  {
    "name": "Load extend/helper.js",
    "start": 1568116683238,
    "end": 1568116683278,
    "duration": 40,
    "pid": 3256,
    "index": 40
  },
  {
    "name": "Require(33) node_modules/_egg-security@2.6.1@egg-security/app/extend/helper.js",
    "start": 1568116683239,
    "end": 1568116683267,
    "duration": 28,
    "pid": 3256,
    "index": 41
  },
  {
    "name": "Require(34) node_modules/_egg@2.23.0@egg/app/extend/helper.js",
    "start": 1568116683270,
    "end": 1568116683270,
    "duration": 0,
    "pid": 3256,
    "index": 42
  },
  {
    "name": "Load app.js",
    "start": 1568116683279,
    "end": 1568116683339,
    "duration": 60,
    "pid": 3256,
    "index": 43
  },
  {
    "name": "Require(35) node_modules/_egg-session@3.1.0@egg-session/app.js",
    "start": 1568116683280,
    "end": 1568116683280,
    "duration": 0,
    "pid": 3256,
    "index": 44
  },
  {
    "name": "Require(36) node_modules/_egg-security@2.6.1@egg-security/app.js",
    "start": 1568116683281,
    "end": 1568116683284,
    "duration": 3,
    "pid": 3256,
    "index": 45
  },
  {
    "name": "Require(37) node_modules/_egg-onerror@2.1.0@egg-onerror/app.js",
    "start": 1568116683285,
    "end": 1568116683302,
    "duration": 17,
    "pid": 3256,
    "index": 46
  },
  {
    "name": "Require(38) node_modules/_egg-i18n@2.1.1@egg-i18n/app.js",
    "start": 1568116683303,
    "end": 1568116683316,
    "duration": 13,
    "pid": 3256,
    "index": 47
  },
  {
    "name": "Require(39) node_modules/_egg-watcher@3.1.0@egg-watcher/app.js",
    "start": 1568116683316,
    "end": 1568116683324,
    "duration": 8,
    "pid": 3256,
    "index": 48
  },
  {
    "name": "Require(40) node_modules/_egg-schedule@3.6.4@egg-schedule/app.js",
    "start": 1568116683325,
    "end": 1568116683328,
    "duration": 3,
    "pid": 3256,
    "index": 49
  },
  {
    "name": "Require(41) node_modules/_egg-multipart@2.9.0@egg-multipart/app.js",
    "start": 1568116683329,
    "end": 1568116683333,
    "duration": 4,
    "pid": 3256,
    "index": 50
  },
  {
    "name": "Require(42) node_modules/_egg-development@2.4.3@egg-development/app.js",
    "start": 1568116683334,
    "end": 1568116683334,
    "duration": 0,
    "pid": 3256,
    "index": 51
  },
  {
    "name": "Require(43) node_modules/_egg-logrotator@3.1.0@egg-logrotator/app.js",
    "start": 1568116683335,
    "end": 1568116683335,
    "duration": 0,
    "pid": 3256,
    "index": 52
  },
  {
    "name": "Require(44) node_modules/_egg-static@2.2.0@egg-static/app.js",
    "start": 1568116683336,
    "end": 1568116683336,
    "duration": 0,
    "pid": 3256,
    "index": 53
  },
  {
    "name": "Require(45) node_modules/_egg-sequelize@5.2.0@egg-sequelize/app.js",
    "start": 1568116683337,
    "end": 1568116683337,
    "duration": 0,
    "pid": 3256,
    "index": 54
  },
  {
    "name": "Before Start in node_modules/_egg-watcher@3.1.0@egg-watcher/lib/init.js:15:14",
    "start": 1568116683357,
    "end": 1568116684297,
    "duration": 940,
    "pid": 3256,
    "index": 55
  },
  {
    "name": "Load \"Symbol(model)\" to Application",
    "start": 1568116684000,
    "end": 1568116684032,
    "duration": 32,
    "pid": 3256,
    "index": 56
  },
  {
    "name": "Before Start in node_modules/_egg-sequelize@5.2.0@egg-sequelize/lib/loader.js:39:7",
    "start": 1568116684042,
    "end": 1568116684371,
    "duration": 329,
    "pid": 3256,
    "index": 57
  },
  {
    "name": "Load Service",
    "start": 1568116684043,
    "end": 1568116684048,
    "duration": 5,
    "pid": 3256,
    "index": 58
  },
  {
    "name": "Load \"service\" to Context",
    "start": 1568116684043,
    "end": 1568116684048,
    "duration": 5,
    "pid": 3256,
    "index": 59
  },
  {
    "name": "Load Middleware",
    "start": 1568116684049,
    "end": 1568116684206,
    "duration": 157,
    "pid": 3256,
    "index": 60
  },
  {
    "name": "Load \"middlewares\" to Application",
    "start": 1568116684049,
    "end": 1568116684188,
    "duration": 139,
    "pid": 3256,
    "index": 61
  },
  {
    "name": "Load Controller",
    "start": 1568116684206,
    "end": 1568116684210,
    "duration": 4,
    "pid": 3256,
    "index": 62
  },
  {
    "name": "Load \"controller\" to Application",
    "start": 1568116684206,
    "end": 1568116684210,
    "duration": 4,
    "pid": 3256,
    "index": 63
  },
  {
    "name": "Load Router",
    "start": 1568116684210,
    "end": 1568116684214,
    "duration": 4,
    "pid": 3256,
    "index": 64
  },
  {
    "name": "Require(46) app/router.js",
    "start": 1568116684211,
    "end": 1568116684212,
    "duration": 1,
    "pid": 3256,
    "index": 65
  },
  {
    "name": "Before Start in node_modules/_egg-core@4.17.3@egg-core/lib/egg.js:303:10",
    "start": 1568116684212,
    "end": 1568116684236,
    "duration": 24,
    "pid": 3256,
    "index": 66
  }
]