[
  {
    "name": "Application Start",
    "start": 1568103318806,
    "end": 1568103319909,
    "duration": 1103,
    "pid": 9404,
    "index": 0
  },
  {
    "name": "Load Plugin",
    "start": 1568103318812,
    "end": 1568103318837,
    "duration": 25,
    "pid": 9404,
    "index": 1
  },
  {
    "name": "Load Config",
    "start": 1568103318837,
    "end": 1568103318864,
    "duration": 27,
    "pid": 9404,
    "index": 2
  },
  {
    "name": "Require(0) config/config.default.js",
    "start": 1568103318838,
    "end": 1568103318838,
    "duration": 0,
    "pid": 9404,
    "index": 3
  },
  {
    "name": "Require(1) node_modules/_egg-session@3.1.0@egg-session/config/config.default.js",
    "start": 1568103318840,
    "end": 1568103318840,
    "duration": 0,
    "pid": 9404,
    "index": 4
  },
  {
    "name": "Require(2) node_modules/_egg-security@2.6.1@egg-security/config/config.default.js",
    "start": 1568103318841,
    "end": 1568103318841,
    "duration": 0,
    "pid": 9404,
    "index": 5
  },
  {
    "name": "Require(3) node_modules/_egg-jsonp@2.0.0@egg-jsonp/config/config.default.js",
    "start": 1568103318843,
    "end": 1568103318843,
    "duration": 0,
    "pid": 9404,
    "index": 6
  },
  {
    "name": "Require(4) node_modules/_egg-onerror@2.1.0@egg-onerror/config/config.default.js",
    "start": 1568103318844,
    "end": 1568103318844,
    "duration": 0,
    "pid": 9404,
    "index": 7
  },
  {
    "name": "Require(5) node_modules/_egg-i18n@2.1.1@egg-i18n/config/config.default.js",
    "start": 1568103318845,
    "end": 1568103318845,
    "duration": 0,
    "pid": 9404,
    "index": 8
  },
  {
    "name": "Require(6) node_modules/_egg-watcher@3.1.0@egg-watcher/config/config.default.js",
    "start": 1568103318846,
    "end": 1568103318846,
    "duration": 0,
    "pid": 9404,
    "index": 9
  },
  {
    "name": "Require(7) node_modules/_egg-schedule@3.6.4@egg-schedule/config/config.default.js",
    "start": 1568103318847,
    "end": 1568103318847,
    "duration": 0,
    "pid": 9404,
    "index": 10
  },
  {
    "name": "Require(8) node_modules/_egg-multipart@2.9.0@egg-multipart/config/config.default.js",
    "start": 1568103318848,
    "end": 1568103318848,
    "duration": 0,
    "pid": 9404,
    "index": 11
  },
  {
    "name": "Require(9) node_modules/_egg-development@2.4.3@egg-development/config/config.default.js",
    "start": 1568103318849,
    "end": 1568103318850,
    "duration": 1,
    "pid": 9404,
    "index": 12
  },
  {
    "name": "Require(10) node_modules/_egg-logrotator@3.1.0@egg-logrotator/config/config.default.js",
    "start": 1568103318850,
    "end": 1568103318851,
    "duration": 1,
    "pid": 9404,
    "index": 13
  },
  {
    "name": "Require(11) node_modules/_egg-static@2.2.0@egg-static/config/config.default.js",
    "start": 1568103318851,
    "end": 1568103318852,
    "duration": 1,
    "pid": 9404,
    "index": 14
  },
  {
    "name": "Require(12) node_modules/_egg-view@2.1.2@egg-view/config/config.default.js",
    "start": 1568103318852,
    "end": 1568103318853,
    "duration": 1,
    "pid": 9404,
    "index": 15
  },
  {
    "name": "Require(13) node_modules/_egg-sequelize@5.2.0@egg-sequelize/config/config.default.js",
    "start": 1568103318853,
    "end": 1568103318854,
    "duration": 1,
    "pid": 9404,
    "index": 16
  },
  {
    "name": "Require(14) node_modules/_egg@2.23.0@egg/config/config.default.js",
    "start": 1568103318855,
    "end": 1568103318855,
    "duration": 0,
    "pid": 9404,
    "index": 17
  },
  {
    "name": "Require(15) config/config.default.js",
    "start": 1568103318857,
    "end": 1568103318857,
    "duration": 0,
    "pid": 9404,
    "index": 18
  },
  {
    "name": "Require(16) node_modules/_egg-security@2.6.1@egg-security/config/config.local.js",
    "start": 1568103318858,
    "end": 1568103318858,
    "duration": 0,
    "pid": 9404,
    "index": 19
  },
  {
    "name": "Require(17) node_modules/_egg-watcher@3.1.0@egg-watcher/config/config.local.js",
    "start": 1568103318860,
    "end": 1568103318860,
    "duration": 0,
    "pid": 9404,
    "index": 20
  },
  {
    "name": "Require(18) node_modules/_egg-view@2.1.2@egg-view/config/config.local.js",
    "start": 1568103318862,
    "end": 1568103318862,
    "duration": 0,
    "pid": 9404,
    "index": 21
  },
  {
    "name": "Require(19) node_modules/_egg@2.23.0@egg/config/config.local.js",
    "start": 1568103318863,
    "end": 1568103318864,
    "duration": 1,
    "pid": 9404,
    "index": 22
  },
  {
    "name": "Load extend/application.js",
    "start": 1568103318866,
    "end": 1568103318885,
    "duration": 19,
    "pid": 9404,
    "index": 23
  },
  {
    "name": "Require(20) node_modules/_egg-session@3.1.0@egg-session/app/extend/application.js",
    "start": 1568103318867,
    "end": 1568103318867,
    "duration": 0,
    "pid": 9404,
    "index": 24
  },
  {
    "name": "Require(21) node_modules/_egg-security@2.6.1@egg-security/app/extend/application.js",
    "start": 1568103318868,
    "end": 1568103318869,
    "duration": 1,
    "pid": 9404,
    "index": 25
  },
  {
    "name": "Require(22) node_modules/_egg-jsonp@2.0.0@egg-jsonp/app/extend/application.js",
    "start": 1568103318870,
    "end": 1568103318873,
    "duration": 3,
    "pid": 9404,
    "index": 26
  },
  {
    "name": "Require(23) node_modules/_egg-logrotator@3.1.0@egg-logrotator/app/extend/application.js",
    "start": 1568103318875,
    "end": 1568103318879,
    "duration": 4,
    "pid": 9404,
    "index": 27
  },
  {
    "name": "Require(24) node_modules/_egg-view@2.1.2@egg-view/app/extend/application.js",
    "start": 1568103318880,
    "end": 1568103318882,
    "duration": 2,
    "pid": 9404,
    "index": 28
  },
  {
    "name": "Load extend/request.js",
    "start": 1568103318886,
    "end": 1568103318895,
    "duration": 9,
    "pid": 9404,
    "index": 29
  },
  {
    "name": "Require(25) node_modules/_egg@2.23.0@egg/app/extend/request.js",
    "start": 1568103318889,
    "end": 1568103318891,
    "duration": 2,
    "pid": 9404,
    "index": 30
  },
  {
    "name": "Load extend/response.js",
    "start": 1568103318895,
    "end": 1568103318905,
    "duration": 10,
    "pid": 9404,
    "index": 31
  },
  {
    "name": "Require(26) node_modules/_egg@2.23.0@egg/app/extend/response.js",
    "start": 1568103318898,
    "end": 1568103318901,
    "duration": 3,
    "pid": 9404,
    "index": 32
  },
  {
    "name": "Load extend/context.js",
    "start": 1568103318905,
    "end": 1568103319010,
    "duration": 105,
    "pid": 9404,
    "index": 33
  },
  {
    "name": "Require(27) node_modules/_egg-security@2.6.1@egg-security/app/extend/context.js",
    "start": 1568103318906,
    "end": 1568103318926,
    "duration": 20,
    "pid": 9404,
    "index": 34
  },
  {
    "name": "Require(28) node_modules/_egg-jsonp@2.0.0@egg-jsonp/app/extend/context.js",
    "start": 1568103318926,
    "end": 1568103318929,
    "duration": 3,
    "pid": 9404,
    "index": 35
  },
  {
    "name": "Require(29) node_modules/_egg-i18n@2.1.1@egg-i18n/app/extend/context.js",
    "start": 1568103318929,
    "end": 1568103318930,
    "duration": 1,
    "pid": 9404,
    "index": 36
  },
  {
    "name": "Require(30) node_modules/_egg-multipart@2.9.0@egg-multipart/app/extend/context.js",
    "start": 1568103318931,
    "end": 1568103318999,
    "duration": 68,
    "pid": 9404,
    "index": 37
  },
  {
    "name": "Require(31) node_modules/_egg-view@2.1.2@egg-view/app/extend/context.js",
    "start": 1568103319000,
    "end": 1568103319001,
    "duration": 1,
    "pid": 9404,
    "index": 38
  },
  {
    "name": "Require(32) node_modules/_egg@2.23.0@egg/app/extend/context.js",
    "start": 1568103319002,
    "end": 1568103319006,
    "duration": 4,
    "pid": 9404,
    "index": 39
  },
  {
    "name": "Load extend/helper.js",
    "start": 1568103319010,
    "end": 1568103319046,
    "duration": 36,
    "pid": 9404,
    "index": 40
  },
  {
    "name": "Require(33) node_modules/_egg-security@2.6.1@egg-security/app/extend/helper.js",
    "start": 1568103319011,
    "end": 1568103319039,
    "duration": 28,
    "pid": 9404,
    "index": 41
  },
  {
    "name": "Require(34) node_modules/_egg@2.23.0@egg/app/extend/helper.js",
    "start": 1568103319042,
    "end": 1568103319042,
    "duration": 0,
    "pid": 9404,
    "index": 42
  },
  {
    "name": "Load app.js",
    "start": 1568103319046,
    "end": 1568103319097,
    "duration": 51,
    "pid": 9404,
    "index": 43
  },
  {
    "name": "Require(35) node_modules/_egg-session@3.1.0@egg-session/app.js",
    "start": 1568103319047,
    "end": 1568103319047,
    "duration": 0,
    "pid": 9404,
    "index": 44
  },
  {
    "name": "Require(36) node_modules/_egg-security@2.6.1@egg-security/app.js",
    "start": 1568103319048,
    "end": 1568103319050,
    "duration": 2,
    "pid": 9404,
    "index": 45
  },
  {
    "name": "Require(37) node_modules/_egg-onerror@2.1.0@egg-onerror/app.js",
    "start": 1568103319051,
    "end": 1568103319066,
    "duration": 15,
    "pid": 9404,
    "index": 46
  },
  {
    "name": "Require(38) node_modules/_egg-i18n@2.1.1@egg-i18n/app.js",
    "start": 1568103319066,
    "end": 1568103319077,
    "duration": 11,
    "pid": 9404,
    "index": 47
  },
  {
    "name": "Require(39) node_modules/_egg-watcher@3.1.0@egg-watcher/app.js",
    "start": 1568103319078,
    "end": 1568103319084,
    "duration": 6,
    "pid": 9404,
    "index": 48
  },
  {
    "name": "Require(40) node_modules/_egg-schedule@3.6.4@egg-schedule/app.js",
    "start": 1568103319084,
    "end": 1568103319087,
    "duration": 3,
    "pid": 9404,
    "index": 49
  },
  {
    "name": "Require(41) node_modules/_egg-multipart@2.9.0@egg-multipart/app.js",
    "start": 1568103319087,
    "end": 1568103319092,
    "duration": 5,
    "pid": 9404,
    "index": 50
  },
  {
    "name": "Require(42) node_modules/_egg-development@2.4.3@egg-development/app.js",
    "start": 1568103319092,
    "end": 1568103319093,
    "duration": 1,
    "pid": 9404,
    "index": 51
  },
  {
    "name": "Require(43) node_modules/_egg-logrotator@3.1.0@egg-logrotator/app.js",
    "start": 1568103319093,
    "end": 1568103319093,
    "duration": 0,
    "pid": 9404,
    "index": 52
  },
  {
    "name": "Require(44) node_modules/_egg-static@2.2.0@egg-static/app.js",
    "start": 1568103319094,
    "end": 1568103319094,
    "duration": 0,
    "pid": 9404,
    "index": 53
  },
  {
    "name": "Require(45) node_modules/_egg-sequelize@5.2.0@egg-sequelize/app.js",
    "start": 1568103319095,
    "end": 1568103319095,
    "duration": 0,
    "pid": 9404,
    "index": 54
  },
  {
    "name": "Before Start in node_modules/_egg-watcher@3.1.0@egg-watcher/lib/init.js:15:14",
    "start": 1568103319112,
    "end": 1568103319872,
    "duration": 760,
    "pid": 9404,
    "index": 55
  },
  {
    "name": "Load \"Symbol(model)\" to Application",
    "start": 1568103319624,
    "end": 1568103319647,
    "duration": 23,
    "pid": 9404,
    "index": 56
  },
  {
    "name": "Before Start in node_modules/_egg-sequelize@5.2.0@egg-sequelize/lib/loader.js:39:7",
    "start": 1568103319653,
    "end": 1568103319908,
    "duration": 255,
    "pid": 9404,
    "index": 57
  },
  {
    "name": "Load Service",
    "start": 1568103319654,
    "end": 1568103319658,
    "duration": 4,
    "pid": 9404,
    "index": 58
  },
  {
    "name": "Load \"service\" to Context",
    "start": 1568103319654,
    "end": 1568103319658,
    "duration": 4,
    "pid": 9404,
    "index": 59
  },
  {
    "name": "Load Middleware",
    "start": 1568103319659,
    "end": 1568103319787,
    "duration": 128,
    "pid": 9404,
    "index": 60
  },
  {
    "name": "Load \"middlewares\" to Application",
    "start": 1568103319659,
    "end": 1568103319770,
    "duration": 111,
    "pid": 9404,
    "index": 61
  },
  {
    "name": "Load Controller",
    "start": 1568103319787,
    "end": 1568103319790,
    "duration": 3,
    "pid": 9404,
    "index": 62
  },
  {
    "name": "Load \"controller\" to Application",
    "start": 1568103319787,
    "end": 1568103319790,
    "duration": 3,
    "pid": 9404,
    "index": 63
  },
  {
    "name": "Load Router",
    "start": 1568103319790,
    "end": 1568103319793,
    "duration": 3,
    "pid": 9404,
    "index": 64
  },
  {
    "name": "Require(46) app/router.js",
    "start": 1568103319791,
    "end": 1568103319791,
    "duration": 0,
    "pid": 9404,
    "index": 65
  },
  {
    "name": "Before Start in node_modules/_egg-core@4.17.3@egg-core/lib/egg.js:303:10",
    "start": 1568103319792,
    "end": 1568103319814,
    "duration": 22,
    "pid": 9404,
    "index": 66
  }
]