[
  {
    "name": "Application Start",
    "start": 1568114667632,
    "end": 1568114668946,
    "duration": 1314,
    "pid": 11600,
    "index": 0
  },
  {
    "name": "Load Plugin",
    "start": 1568114667641,
    "end": 1568114667670,
    "duration": 29,
    "pid": 11600,
    "index": 1
  },
  {
    "name": "Load Config",
    "start": 1568114667670,
    "end": 1568114667702,
    "duration": 32,
    "pid": 11600,
    "index": 2
  },
  {
    "name": "Require(0) config/config.default.js",
    "start": 1568114667671,
    "end": 1568114667672,
    "duration": 1,
    "pid": 11600,
    "index": 3
  },
  {
    "name": "Require(1) node_modules/_egg-session@3.1.0@egg-session/config/config.default.js",
    "start": 1568114667674,
    "end": 1568114667675,
    "duration": 1,
    "pid": 11600,
    "index": 4
  },
  {
    "name": "Require(2) node_modules/_egg-security@2.6.1@egg-security/config/config.default.js",
    "start": 1568114667676,
    "end": 1568114667676,
    "duration": 0,
    "pid": 11600,
    "index": 5
  },
  {
    "name": "Require(3) node_modules/_egg-jsonp@2.0.0@egg-jsonp/config/config.default.js",
    "start": 1568114667677,
    "end": 1568114667678,
    "duration": 1,
    "pid": 11600,
    "index": 6
  },
  {
    "name": "Require(4) node_modules/_egg-onerror@2.1.0@egg-onerror/config/config.default.js",
    "start": 1568114667678,
    "end": 1568114667679,
    "duration": 1,
    "pid": 11600,
    "index": 7
  },
  {
    "name": "Require(5) node_modules/_egg-i18n@2.1.1@egg-i18n/config/config.default.js",
    "start": 1568114667680,
    "end": 1568114667680,
    "duration": 0,
    "pid": 11600,
    "index": 8
  },
  {
    "name": "Require(6) node_modules/_egg-watcher@3.1.0@egg-watcher/config/config.default.js",
    "start": 1568114667681,
    "end": 1568114667681,
    "duration": 0,
    "pid": 11600,
    "index": 9
  },
  {
    "name": "Require(7) node_modules/_egg-schedule@3.6.4@egg-schedule/config/config.default.js",
    "start": 1568114667682,
    "end": 1568114667683,
    "duration": 1,
    "pid": 11600,
    "index": 10
  },
  {
    "name": "Require(8) node_modules/_egg-multipart@2.9.0@egg-multipart/config/config.default.js",
    "start": 1568114667684,
    "end": 1568114667684,
    "duration": 0,
    "pid": 11600,
    "index": 11
  },
  {
    "name": "Require(9) node_modules/_egg-development@2.4.3@egg-development/config/config.default.js",
    "start": 1568114667685,
    "end": 1568114667686,
    "duration": 1,
    "pid": 11600,
    "index": 12
  },
  {
    "name": "Require(10) node_modules/_egg-logrotator@3.1.0@egg-logrotator/config/config.default.js",
    "start": 1568114667686,
    "end": 1568114667687,
    "duration": 1,
    "pid": 11600,
    "index": 13
  },
  {
    "name": "Require(11) node_modules/_egg-static@2.2.0@egg-static/config/config.default.js",
    "start": 1568114667687,
    "end": 1568114667688,
    "duration": 1,
    "pid": 11600,
    "index": 14
  },
  {
    "name": "Require(12) node_modules/_egg-view@2.1.2@egg-view/config/config.default.js",
    "start": 1568114667689,
    "end": 1568114667689,
    "duration": 0,
    "pid": 11600,
    "index": 15
  },
  {
    "name": "Require(13) node_modules/_egg-sequelize@5.2.0@egg-sequelize/config/config.default.js",
    "start": 1568114667690,
    "end": 1568114667690,
    "duration": 0,
    "pid": 11600,
    "index": 16
  },
  {
    "name": "Require(14) node_modules/_egg@2.23.0@egg/config/config.default.js",
    "start": 1568114667691,
    "end": 1568114667692,
    "duration": 1,
    "pid": 11600,
    "index": 17
  },
  {
    "name": "Require(15) config/config.default.js",
    "start": 1568114667693,
    "end": 1568114667693,
    "duration": 0,
    "pid": 11600,
    "index": 18
  },
  {
    "name": "Require(16) node_modules/_egg-security@2.6.1@egg-security/config/config.local.js",
    "start": 1568114667694,
    "end": 1568114667694,
    "duration": 0,
    "pid": 11600,
    "index": 19
  },
  {
    "name": "Require(17) node_modules/_egg-watcher@3.1.0@egg-watcher/config/config.local.js",
    "start": 1568114667697,
    "end": 1568114667698,
    "duration": 1,
    "pid": 11600,
    "index": 20
  },
  {
    "name": "Require(18) node_modules/_egg-view@2.1.2@egg-view/config/config.local.js",
    "start": 1568114667700,
    "end": 1568114667700,
    "duration": 0,
    "pid": 11600,
    "index": 21
  },
  {
    "name": "Require(19) node_modules/_egg@2.23.0@egg/config/config.local.js",
    "start": 1568114667702,
    "end": 1568114667702,
    "duration": 0,
    "pid": 11600,
    "index": 22
  },
  {
    "name": "Load extend/application.js",
    "start": 1568114667704,
    "end": 1568114667727,
    "duration": 23,
    "pid": 11600,
    "index": 23
  },
  {
    "name": "Require(20) node_modules/_egg-session@3.1.0@egg-session/app/extend/application.js",
    "start": 1568114667705,
    "end": 1568114667706,
    "duration": 1,
    "pid": 11600,
    "index": 24
  },
  {
    "name": "Require(21) node_modules/_egg-security@2.6.1@egg-security/app/extend/application.js",
    "start": 1568114667707,
    "end": 1568114667708,
    "duration": 1,
    "pid": 11600,
    "index": 25
  },
  {
    "name": "Require(22) node_modules/_egg-jsonp@2.0.0@egg-jsonp/app/extend/application.js",
    "start": 1568114667709,
    "end": 1568114667712,
    "duration": 3,
    "pid": 11600,
    "index": 26
  },
  {
    "name": "Require(23) node_modules/_egg-logrotator@3.1.0@egg-logrotator/app/extend/application.js",
    "start": 1568114667714,
    "end": 1568114667719,
    "duration": 5,
    "pid": 11600,
    "index": 27
  },
  {
    "name": "Require(24) node_modules/_egg-view@2.1.2@egg-view/app/extend/application.js",
    "start": 1568114667720,
    "end": 1568114667723,
    "duration": 3,
    "pid": 11600,
    "index": 28
  },
  {
    "name": "Load extend/request.js",
    "start": 1568114667728,
    "end": 1568114667738,
    "duration": 10,
    "pid": 11600,
    "index": 29
  },
  {
    "name": "Require(25) node_modules/_egg@2.23.0@egg/app/extend/request.js",
    "start": 1568114667732,
    "end": 1568114667734,
    "duration": 2,
    "pid": 11600,
    "index": 30
  },
  {
    "name": "Load extend/response.js",
    "start": 1568114667738,
    "end": 1568114667748,
    "duration": 10,
    "pid": 11600,
    "index": 31
  },
  {
    "name": "Require(26) node_modules/_egg@2.23.0@egg/app/extend/response.js",
    "start": 1568114667742,
    "end": 1568114667745,
    "duration": 3,
    "pid": 11600,
    "index": 32
  },
  {
    "name": "Load extend/context.js",
    "start": 1568114667749,
    "end": 1568114667865,
    "duration": 116,
    "pid": 11600,
    "index": 33
  },
  {
    "name": "Require(27) node_modules/_egg-security@2.6.1@egg-security/app/extend/context.js",
    "start": 1568114667749,
    "end": 1568114667773,
    "duration": 24,
    "pid": 11600,
    "index": 34
  },
  {
    "name": "Require(28) node_modules/_egg-jsonp@2.0.0@egg-jsonp/app/extend/context.js",
    "start": 1568114667774,
    "end": 1568114667776,
    "duration": 2,
    "pid": 11600,
    "index": 35
  },
  {
    "name": "Require(29) node_modules/_egg-i18n@2.1.1@egg-i18n/app/extend/context.js",
    "start": 1568114667777,
    "end": 1568114667778,
    "duration": 1,
    "pid": 11600,
    "index": 36
  },
  {
    "name": "Require(30) node_modules/_egg-multipart@2.9.0@egg-multipart/app/extend/context.js",
    "start": 1568114667779,
    "end": 1568114667854,
    "duration": 75,
    "pid": 11600,
    "index": 37
  },
  {
    "name": "Require(31) node_modules/_egg-view@2.1.2@egg-view/app/extend/context.js",
    "start": 1568114667855,
    "end": 1568114667857,
    "duration": 2,
    "pid": 11600,
    "index": 38
  },
  {
    "name": "Require(32) node_modules/_egg@2.23.0@egg/app/extend/context.js",
    "start": 1568114667858,
    "end": 1568114667861,
    "duration": 3,
    "pid": 11600,
    "index": 39
  },
  {
    "name": "Load extend/helper.js",
    "start": 1568114667865,
    "end": 1568114667907,
    "duration": 42,
    "pid": 11600,
    "index": 40
  },
  {
    "name": "Require(33) node_modules/_egg-security@2.6.1@egg-security/app/extend/helper.js",
    "start": 1568114667866,
    "end": 1568114667896,
    "duration": 30,
    "pid": 11600,
    "index": 41
  },
  {
    "name": "Require(34) node_modules/_egg@2.23.0@egg/app/extend/helper.js",
    "start": 1568114667899,
    "end": 1568114667900,
    "duration": 1,
    "pid": 11600,
    "index": 42
  },
  {
    "name": "Load app.js",
    "start": 1568114667908,
    "end": 1568114667979,
    "duration": 71,
    "pid": 11600,
    "index": 43
  },
  {
    "name": "Require(35) node_modules/_egg-session@3.1.0@egg-session/app.js",
    "start": 1568114667908,
    "end": 1568114667909,
    "duration": 1,
    "pid": 11600,
    "index": 44
  },
  {
    "name": "Require(36) node_modules/_egg-security@2.6.1@egg-security/app.js",
    "start": 1568114667910,
    "end": 1568114667912,
    "duration": 2,
    "pid": 11600,
    "index": 45
  },
  {
    "name": "Require(37) node_modules/_egg-onerror@2.1.0@egg-onerror/app.js",
    "start": 1568114667914,
    "end": 1568114667933,
    "duration": 19,
    "pid": 11600,
    "index": 46
  },
  {
    "name": "Require(38) node_modules/_egg-i18n@2.1.1@egg-i18n/app.js",
    "start": 1568114667933,
    "end": 1568114667950,
    "duration": 17,
    "pid": 11600,
    "index": 47
  },
  {
    "name": "Require(39) node_modules/_egg-watcher@3.1.0@egg-watcher/app.js",
    "start": 1568114667950,
    "end": 1568114667959,
    "duration": 9,
    "pid": 11600,
    "index": 48
  },
  {
    "name": "Require(40) node_modules/_egg-schedule@3.6.4@egg-schedule/app.js",
    "start": 1568114667960,
    "end": 1568114667963,
    "duration": 3,
    "pid": 11600,
    "index": 49
  },
  {
    "name": "Require(41) node_modules/_egg-multipart@2.9.0@egg-multipart/app.js",
    "start": 1568114667964,
    "end": 1568114667968,
    "duration": 4,
    "pid": 11600,
    "index": 50
  },
  {
    "name": "Require(42) node_modules/_egg-development@2.4.3@egg-development/app.js",
    "start": 1568114667970,
    "end": 1568114667972,
    "duration": 2,
    "pid": 11600,
    "index": 51
  },
  {
    "name": "Require(43) node_modules/_egg-logrotator@3.1.0@egg-logrotator/app.js",
    "start": 1568114667973,
    "end": 1568114667974,
    "duration": 1,
    "pid": 11600,
    "index": 52
  },
  {
    "name": "Require(44) node_modules/_egg-static@2.2.0@egg-static/app.js",
    "start": 1568114667974,
    "end": 1568114667975,
    "duration": 1,
    "pid": 11600,
    "index": 53
  },
  {
    "name": "Require(45) node_modules/_egg-sequelize@5.2.0@egg-sequelize/app.js",
    "start": 1568114667976,
    "end": 1568114667977,
    "duration": 1,
    "pid": 11600,
    "index": 54
  },
  {
    "name": "Before Start in node_modules/_egg-watcher@3.1.0@egg-watcher/lib/init.js:15:14",
    "start": 1568114667999,
    "end": 1568114668911,
    "duration": 912,
    "pid": 11600,
    "index": 55
  },
  {
    "name": "Load \"Symbol(model)\" to Application",
    "start": 1568114668571,
    "end": 1568114668601,
    "duration": 30,
    "pid": 11600,
    "index": 56
  },
  {
    "name": "Before Start in node_modules/_egg-sequelize@5.2.0@egg-sequelize/lib/loader.js:39:7",
    "start": 1568114668610,
    "end": 1568114668946,
    "duration": 336,
    "pid": 11600,
    "index": 57
  },
  {
    "name": "Load Service",
    "start": 1568114668611,
    "end": 1568114668627,
    "duration": 16,
    "pid": 11600,
    "index": 58
  },
  {
    "name": "Load \"service\" to Context",
    "start": 1568114668611,
    "end": 1568114668627,
    "duration": 16,
    "pid": 11600,
    "index": 59
  },
  {
    "name": "Load Middleware",
    "start": 1568114668628,
    "end": 1568114668831,
    "duration": 203,
    "pid": 11600,
    "index": 60
  },
  {
    "name": "Load \"middlewares\" to Application",
    "start": 1568114668628,
    "end": 1568114668811,
    "duration": 183,
    "pid": 11600,
    "index": 61
  },
  {
    "name": "Load Controller",
    "start": 1568114668831,
    "end": 1568114668836,
    "duration": 5,
    "pid": 11600,
    "index": 62
  },
  {
    "name": "Load \"controller\" to Application",
    "start": 1568114668831,
    "end": 1568114668836,
    "duration": 5,
    "pid": 11600,
    "index": 63
  },
  {
    "name": "Load Router",
    "start": 1568114668836,
    "end": 1568114668841,
    "duration": 5,
    "pid": 11600,
    "index": 64
  },
  {
    "name": "Require(46) app/router.js",
    "start": 1568114668837,
    "end": 1568114668838,
    "duration": 1,
    "pid": 11600,
    "index": 65
  },
  {
    "name": "Before Start in node_modules/_egg-core@4.17.3@egg-core/lib/egg.js:303:10",
    "start": 1568114668839,
    "end": 1568114668862,
    "duration": 23,
    "pid": 11600,
    "index": 66
  }
]