[
  {
    "name": "Application Start",
    "start": 1568102494024,
    "end": 1568102495349,
    "duration": 1325,
    "pid": 7036,
    "index": 0
  },
  {
    "name": "Load Plugin",
    "start": 1568102494033,
    "end": 1568102494076,
    "duration": 43,
    "pid": 7036,
    "index": 1
  },
  {
    "name": "Load Config",
    "start": 1568102494076,
    "end": 1568102494114,
    "duration": 38,
    "pid": 7036,
    "index": 2
  },
  {
    "name": "Require(0) config/config.default.js",
    "start": 1568102494078,
    "end": 1568102494079,
    "duration": 1,
    "pid": 7036,
    "index": 3
  },
  {
    "name": "Require(1) node_modules/_egg-session@3.1.0@egg-session/config/config.default.js",
    "start": 1568102494082,
    "end": 1568102494082,
    "duration": 0,
    "pid": 7036,
    "index": 4
  },
  {
    "name": "Require(2) node_modules/_egg-security@2.6.1@egg-security/config/config.default.js",
    "start": 1568102494083,
    "end": 1568102494084,
    "duration": 1,
    "pid": 7036,
    "index": 5
  },
  {
    "name": "Require(3) node_modules/_egg-jsonp@2.0.0@egg-jsonp/config/config.default.js",
    "start": 1568102494085,
    "end": 1568102494085,
    "duration": 0,
    "pid": 7036,
    "index": 6
  },
  {
    "name": "Require(4) node_modules/_egg-onerror@2.1.0@egg-onerror/config/config.default.js",
    "start": 1568102494086,
    "end": 1568102494087,
    "duration": 1,
    "pid": 7036,
    "index": 7
  },
  {
    "name": "Require(5) node_modules/_egg-i18n@2.1.1@egg-i18n/config/config.default.js",
    "start": 1568102494087,
    "end": 1568102494088,
    "duration": 1,
    "pid": 7036,
    "index": 8
  },
  {
    "name": "Require(6) node_modules/_egg-watcher@3.1.0@egg-watcher/config/config.default.js",
    "start": 1568102494088,
    "end": 1568102494089,
    "duration": 1,
    "pid": 7036,
    "index": 9
  },
  {
    "name": "Require(7) node_modules/_egg-schedule@3.6.4@egg-schedule/config/config.default.js",
    "start": 1568102494089,
    "end": 1568102494090,
    "duration": 1,
    "pid": 7036,
    "index": 10
  },
  {
    "name": "Require(8) node_modules/_egg-multipart@2.9.0@egg-multipart/config/config.default.js",
    "start": 1568102494091,
    "end": 1568102494093,
    "duration": 2,
    "pid": 7036,
    "index": 11
  },
  {
    "name": "Require(9) node_modules/_egg-development@2.4.3@egg-development/config/config.default.js",
    "start": 1568102494095,
    "end": 1568102494096,
    "duration": 1,
    "pid": 7036,
    "index": 12
  },
  {
    "name": "Require(10) node_modules/_egg-logrotator@3.1.0@egg-logrotator/config/config.default.js",
    "start": 1568102494097,
    "end": 1568102494098,
    "duration": 1,
    "pid": 7036,
    "index": 13
  },
  {
    "name": "Require(11) node_modules/_egg-static@2.2.0@egg-static/config/config.default.js",
    "start": 1568102494099,
    "end": 1568102494099,
    "duration": 0,
    "pid": 7036,
    "index": 14
  },
  {
    "name": "Require(12) node_modules/_egg-view@2.1.2@egg-view/config/config.default.js",
    "start": 1568102494100,
    "end": 1568102494100,
    "duration": 0,
    "pid": 7036,
    "index": 15
  },
  {
    "name": "Require(13) node_modules/_egg-sequelize@5.2.0@egg-sequelize/config/config.default.js",
    "start": 1568102494101,
    "end": 1568102494101,
    "duration": 0,
    "pid": 7036,
    "index": 16
  },
  {
    "name": "Require(14) node_modules/_egg@2.23.0@egg/config/config.default.js",
    "start": 1568102494102,
    "end": 1568102494102,
    "duration": 0,
    "pid": 7036,
    "index": 17
  },
  {
    "name": "Require(15) config/config.default.js",
    "start": 1568102494104,
    "end": 1568102494104,
    "duration": 0,
    "pid": 7036,
    "index": 18
  },
  {
    "name": "Require(16) node_modules/_egg-security@2.6.1@egg-security/config/config.local.js",
    "start": 1568102494105,
    "end": 1568102494105,
    "duration": 0,
    "pid": 7036,
    "index": 19
  },
  {
    "name": "Require(17) node_modules/_egg-watcher@3.1.0@egg-watcher/config/config.local.js",
    "start": 1568102494107,
    "end": 1568102494107,
    "duration": 0,
    "pid": 7036,
    "index": 20
  },
  {
    "name": "Require(18) node_modules/_egg-view@2.1.2@egg-view/config/config.local.js",
    "start": 1568102494111,
    "end": 1568102494112,
    "duration": 1,
    "pid": 7036,
    "index": 21
  },
  {
    "name": "Require(19) node_modules/_egg@2.23.0@egg/config/config.local.js",
    "start": 1568102494114,
    "end": 1568102494114,
    "duration": 0,
    "pid": 7036,
    "index": 22
  },
  {
    "name": "Load extend/application.js",
    "start": 1568102494116,
    "end": 1568102494140,
    "duration": 24,
    "pid": 7036,
    "index": 23
  },
  {
    "name": "Require(20) node_modules/_egg-session@3.1.0@egg-session/app/extend/application.js",
    "start": 1568102494117,
    "end": 1568102494117,
    "duration": 0,
    "pid": 7036,
    "index": 24
  },
  {
    "name": "Require(21) node_modules/_egg-security@2.6.1@egg-security/app/extend/application.js",
    "start": 1568102494118,
    "end": 1568102494120,
    "duration": 2,
    "pid": 7036,
    "index": 25
  },
  {
    "name": "Require(22) node_modules/_egg-jsonp@2.0.0@egg-jsonp/app/extend/application.js",
    "start": 1568102494121,
    "end": 1568102494125,
    "duration": 4,
    "pid": 7036,
    "index": 26
  },
  {
    "name": "Require(23) node_modules/_egg-logrotator@3.1.0@egg-logrotator/app/extend/application.js",
    "start": 1568102494128,
    "end": 1568102494133,
    "duration": 5,
    "pid": 7036,
    "index": 27
  },
  {
    "name": "Require(24) node_modules/_egg-view@2.1.2@egg-view/app/extend/application.js",
    "start": 1568102494134,
    "end": 1568102494136,
    "duration": 2,
    "pid": 7036,
    "index": 28
  },
  {
    "name": "Load extend/request.js",
    "start": 1568102494140,
    "end": 1568102494153,
    "duration": 13,
    "pid": 7036,
    "index": 29
  },
  {
    "name": "Require(25) node_modules/_egg@2.23.0@egg/app/extend/request.js",
    "start": 1568102494145,
    "end": 1568102494148,
    "duration": 3,
    "pid": 7036,
    "index": 30
  },
  {
    "name": "Load extend/response.js",
    "start": 1568102494153,
    "end": 1568102494165,
    "duration": 12,
    "pid": 7036,
    "index": 31
  },
  {
    "name": "Require(26) node_modules/_egg@2.23.0@egg/app/extend/response.js",
    "start": 1568102494157,
    "end": 1568102494161,
    "duration": 4,
    "pid": 7036,
    "index": 32
  },
  {
    "name": "Load extend/context.js",
    "start": 1568102494165,
    "end": 1568102494284,
    "duration": 119,
    "pid": 7036,
    "index": 33
  },
  {
    "name": "Require(27) node_modules/_egg-security@2.6.1@egg-security/app/extend/context.js",
    "start": 1568102494166,
    "end": 1568102494188,
    "duration": 22,
    "pid": 7036,
    "index": 34
  },
  {
    "name": "Require(28) node_modules/_egg-jsonp@2.0.0@egg-jsonp/app/extend/context.js",
    "start": 1568102494189,
    "end": 1568102494192,
    "duration": 3,
    "pid": 7036,
    "index": 35
  },
  {
    "name": "Require(29) node_modules/_egg-i18n@2.1.1@egg-i18n/app/extend/context.js",
    "start": 1568102494193,
    "end": 1568102494194,
    "duration": 1,
    "pid": 7036,
    "index": 36
  },
  {
    "name": "Require(30) node_modules/_egg-multipart@2.9.0@egg-multipart/app/extend/context.js",
    "start": 1568102494195,
    "end": 1568102494273,
    "duration": 78,
    "pid": 7036,
    "index": 37
  },
  {
    "name": "Require(31) node_modules/_egg-view@2.1.2@egg-view/app/extend/context.js",
    "start": 1568102494274,
    "end": 1568102494276,
    "duration": 2,
    "pid": 7036,
    "index": 38
  },
  {
    "name": "Require(32) node_modules/_egg@2.23.0@egg/app/extend/context.js",
    "start": 1568102494276,
    "end": 1568102494280,
    "duration": 4,
    "pid": 7036,
    "index": 39
  },
  {
    "name": "Load extend/helper.js",
    "start": 1568102494284,
    "end": 1568102494324,
    "duration": 40,
    "pid": 7036,
    "index": 40
  },
  {
    "name": "Require(33) node_modules/_egg-security@2.6.1@egg-security/app/extend/helper.js",
    "start": 1568102494285,
    "end": 1568102494317,
    "duration": 32,
    "pid": 7036,
    "index": 41
  },
  {
    "name": "Require(34) node_modules/_egg@2.23.0@egg/app/extend/helper.js",
    "start": 1568102494320,
    "end": 1568102494321,
    "duration": 1,
    "pid": 7036,
    "index": 42
  },
  {
    "name": "Load app.js",
    "start": 1568102494324,
    "end": 1568102494379,
    "duration": 55,
    "pid": 7036,
    "index": 43
  },
  {
    "name": "Require(35) node_modules/_egg-session@3.1.0@egg-session/app.js",
    "start": 1568102494325,
    "end": 1568102494325,
    "duration": 0,
    "pid": 7036,
    "index": 44
  },
  {
    "name": "Require(36) node_modules/_egg-security@2.6.1@egg-security/app.js",
    "start": 1568102494326,
    "end": 1568102494328,
    "duration": 2,
    "pid": 7036,
    "index": 45
  },
  {
    "name": "Require(37) node_modules/_egg-onerror@2.1.0@egg-onerror/app.js",
    "start": 1568102494330,
    "end": 1568102494346,
    "duration": 16,
    "pid": 7036,
    "index": 46
  },
  {
    "name": "Require(38) node_modules/_egg-i18n@2.1.1@egg-i18n/app.js",
    "start": 1568102494346,
    "end": 1568102494358,
    "duration": 12,
    "pid": 7036,
    "index": 47
  },
  {
    "name": "Require(39) node_modules/_egg-watcher@3.1.0@egg-watcher/app.js",
    "start": 1568102494359,
    "end": 1568102494365,
    "duration": 6,
    "pid": 7036,
    "index": 48
  },
  {
    "name": "Require(40) node_modules/_egg-schedule@3.6.4@egg-schedule/app.js",
    "start": 1568102494366,
    "end": 1568102494369,
    "duration": 3,
    "pid": 7036,
    "index": 49
  },
  {
    "name": "Require(41) node_modules/_egg-multipart@2.9.0@egg-multipart/app.js",
    "start": 1568102494369,
    "end": 1568102494374,
    "duration": 5,
    "pid": 7036,
    "index": 50
  },
  {
    "name": "Require(42) node_modules/_egg-development@2.4.3@egg-development/app.js",
    "start": 1568102494375,
    "end": 1568102494375,
    "duration": 0,
    "pid": 7036,
    "index": 51
  },
  {
    "name": "Require(43) node_modules/_egg-logrotator@3.1.0@egg-logrotator/app.js",
    "start": 1568102494376,
    "end": 1568102494376,
    "duration": 0,
    "pid": 7036,
    "index": 52
  },
  {
    "name": "Require(44) node_modules/_egg-static@2.2.0@egg-static/app.js",
    "start": 1568102494377,
    "end": 1568102494377,
    "duration": 0,
    "pid": 7036,
    "index": 53
  },
  {
    "name": "Require(45) node_modules/_egg-sequelize@5.2.0@egg-sequelize/app.js",
    "start": 1568102494378,
    "end": 1568102494378,
    "duration": 0,
    "pid": 7036,
    "index": 54
  },
  {
    "name": "Before Start in node_modules/_egg-watcher@3.1.0@egg-watcher/lib/init.js:15:14",
    "start": 1568102494395,
    "end": 1568102495305,
    "duration": 910,
    "pid": 7036,
    "index": 55
  },
  {
    "name": "Load \"Symbol(model)\" to Application",
    "start": 1568102495045,
    "end": 1568102495066,
    "duration": 21,
    "pid": 7036,
    "index": 56
  },
  {
    "name": "Before Start in node_modules/_egg-sequelize@5.2.0@egg-sequelize/lib/loader.js:39:7",
    "start": 1568102495073,
    "end": 1568102495348,
    "duration": 275,
    "pid": 7036,
    "index": 57
  },
  {
    "name": "Load Service",
    "start": 1568102495073,
    "end": 1568102495078,
    "duration": 5,
    "pid": 7036,
    "index": 58
  },
  {
    "name": "Load \"service\" to Context",
    "start": 1568102495073,
    "end": 1568102495078,
    "duration": 5,
    "pid": 7036,
    "index": 59
  },
  {
    "name": "Load Middleware",
    "start": 1568102495078,
    "end": 1568102495214,
    "duration": 136,
    "pid": 7036,
    "index": 60
  },
  {
    "name": "Load \"middlewares\" to Application",
    "start": 1568102495078,
    "end": 1568102495197,
    "duration": 119,
    "pid": 7036,
    "index": 61
  },
  {
    "name": "Load Controller",
    "start": 1568102495214,
    "end": 1568102495217,
    "duration": 3,
    "pid": 7036,
    "index": 62
  },
  {
    "name": "Load \"controller\" to Application",
    "start": 1568102495214,
    "end": 1568102495217,
    "duration": 3,
    "pid": 7036,
    "index": 63
  },
  {
    "name": "Load Router",
    "start": 1568102495217,
    "end": 1568102495220,
    "duration": 3,
    "pid": 7036,
    "index": 64
  },
  {
    "name": "Require(46) app/router.js",
    "start": 1568102495217,
    "end": 1568102495218,
    "duration": 1,
    "pid": 7036,
    "index": 65
  },
  {
    "name": "Before Start in node_modules/_egg-core@4.17.3@egg-core/lib/egg.js:303:10",
    "start": 1568102495218,
    "end": 1568102495241,
    "duration": 23,
    "pid": 7036,
    "index": 66
  }
]