[
  {
    "name": "Application Start",
    "start": 1568084066124,
    "end": 1568084067222,
    "duration": 1098,
    "pid": 6204,
    "index": 0
  },
  {
    "name": "Load Plugin",
    "start": 1568084066130,
    "end": 1568084066157,
    "duration": 27,
    "pid": 6204,
    "index": 1
  },
  {
    "name": "Load Config",
    "start": 1568084066157,
    "end": 1568084066184,
    "duration": 27,
    "pid": 6204,
    "index": 2
  },
  {
    "name": "Require(0) config/config.default.js",
    "start": 1568084066158,
    "end": 1568084066158,
    "duration": 0,
    "pid": 6204,
    "index": 3
  },
  {
    "name": "Require(1) node_modules/_egg-session@3.1.0@egg-session/config/config.default.js",
    "start": 1568084066160,
    "end": 1568084066161,
    "duration": 1,
    "pid": 6204,
    "index": 4
  },
  {
    "name": "Require(2) node_modules/_egg-security@2.6.1@egg-security/config/config.default.js",
    "start": 1568084066162,
    "end": 1568084066162,
    "duration": 0,
    "pid": 6204,
    "index": 5
  },
  {
    "name": "Require(3) node_modules/_egg-jsonp@2.0.0@egg-jsonp/config/config.default.js",
    "start": 1568084066163,
    "end": 1568084066164,
    "duration": 1,
    "pid": 6204,
    "index": 6
  },
  {
    "name": "Require(4) node_modules/_egg-onerror@2.1.0@egg-onerror/config/config.default.js",
    "start": 1568084066164,
    "end": 1568084066165,
    "duration": 1,
    "pid": 6204,
    "index": 7
  },
  {
    "name": "Require(5) node_modules/_egg-i18n@2.1.1@egg-i18n/config/config.default.js",
    "start": 1568084066165,
    "end": 1568084066166,
    "duration": 1,
    "pid": 6204,
    "index": 8
  },
  {
    "name": "Require(6) node_modules/_egg-watcher@3.1.0@egg-watcher/config/config.default.js",
    "start": 1568084066166,
    "end": 1568084066167,
    "duration": 1,
    "pid": 6204,
    "index": 9
  },
  {
    "name": "Require(7) node_modules/_egg-schedule@3.6.4@egg-schedule/config/config.default.js",
    "start": 1568084066168,
    "end": 1568084066168,
    "duration": 0,
    "pid": 6204,
    "index": 10
  },
  {
    "name": "Require(8) node_modules/_egg-multipart@2.9.0@egg-multipart/config/config.default.js",
    "start": 1568084066169,
    "end": 1568084066169,
    "duration": 0,
    "pid": 6204,
    "index": 11
  },
  {
    "name": "Require(9) node_modules/_egg-development@2.4.3@egg-development/config/config.default.js",
    "start": 1568084066170,
    "end": 1568084066171,
    "duration": 1,
    "pid": 6204,
    "index": 12
  },
  {
    "name": "Require(10) node_modules/_egg-logrotator@3.1.0@egg-logrotator/config/config.default.js",
    "start": 1568084066171,
    "end": 1568084066172,
    "duration": 1,
    "pid": 6204,
    "index": 13
  },
  {
    "name": "Require(11) node_modules/_egg-static@2.2.0@egg-static/config/config.default.js",
    "start": 1568084066172,
    "end": 1568084066173,
    "duration": 1,
    "pid": 6204,
    "index": 14
  },
  {
    "name": "Require(12) node_modules/_egg-view@2.1.2@egg-view/config/config.default.js",
    "start": 1568084066174,
    "end": 1568084066174,
    "duration": 0,
    "pid": 6204,
    "index": 15
  },
  {
    "name": "Require(13) node_modules/_egg-sequelize@5.2.0@egg-sequelize/config/config.default.js",
    "start": 1568084066175,
    "end": 1568084066175,
    "duration": 0,
    "pid": 6204,
    "index": 16
  },
  {
    "name": "Require(14) node_modules/_egg@2.23.0@egg/config/config.default.js",
    "start": 1568084066176,
    "end": 1568084066176,
    "duration": 0,
    "pid": 6204,
    "index": 17
  },
  {
    "name": "Require(15) config/config.default.js",
    "start": 1568084066178,
    "end": 1568084066178,
    "duration": 0,
    "pid": 6204,
    "index": 18
  },
  {
    "name": "Require(16) node_modules/_egg-security@2.6.1@egg-security/config/config.local.js",
    "start": 1568084066179,
    "end": 1568084066179,
    "duration": 0,
    "pid": 6204,
    "index": 19
  },
  {
    "name": "Require(17) node_modules/_egg-watcher@3.1.0@egg-watcher/config/config.local.js",
    "start": 1568084066180,
    "end": 1568084066180,
    "duration": 0,
    "pid": 6204,
    "index": 20
  },
  {
    "name": "Require(18) node_modules/_egg-view@2.1.2@egg-view/config/config.local.js",
    "start": 1568084066182,
    "end": 1568084066183,
    "duration": 1,
    "pid": 6204,
    "index": 21
  },
  {
    "name": "Require(19) node_modules/_egg@2.23.0@egg/config/config.local.js",
    "start": 1568084066183,
    "end": 1568084066184,
    "duration": 1,
    "pid": 6204,
    "index": 22
  },
  {
    "name": "Load extend/application.js",
    "start": 1568084066186,
    "end": 1568084066207,
    "duration": 21,
    "pid": 6204,
    "index": 23
  },
  {
    "name": "Require(20) node_modules/_egg-session@3.1.0@egg-session/app/extend/application.js",
    "start": 1568084066187,
    "end": 1568084066188,
    "duration": 1,
    "pid": 6204,
    "index": 24
  },
  {
    "name": "Require(21) node_modules/_egg-security@2.6.1@egg-security/app/extend/application.js",
    "start": 1568084066189,
    "end": 1568084066190,
    "duration": 1,
    "pid": 6204,
    "index": 25
  },
  {
    "name": "Require(22) node_modules/_egg-jsonp@2.0.0@egg-jsonp/app/extend/application.js",
    "start": 1568084066191,
    "end": 1568084066194,
    "duration": 3,
    "pid": 6204,
    "index": 26
  },
  {
    "name": "Require(23) node_modules/_egg-logrotator@3.1.0@egg-logrotator/app/extend/application.js",
    "start": 1568084066196,
    "end": 1568084066200,
    "duration": 4,
    "pid": 6204,
    "index": 27
  },
  {
    "name": "Require(24) node_modules/_egg-view@2.1.2@egg-view/app/extend/application.js",
    "start": 1568084066201,
    "end": 1568084066203,
    "duration": 2,
    "pid": 6204,
    "index": 28
  },
  {
    "name": "Load extend/request.js",
    "start": 1568084066207,
    "end": 1568084066216,
    "duration": 9,
    "pid": 6204,
    "index": 29
  },
  {
    "name": "Require(25) node_modules/_egg@2.23.0@egg/app/extend/request.js",
    "start": 1568084066210,
    "end": 1568084066213,
    "duration": 3,
    "pid": 6204,
    "index": 30
  },
  {
    "name": "Load extend/response.js",
    "start": 1568084066216,
    "end": 1568084066226,
    "duration": 10,
    "pid": 6204,
    "index": 31
  },
  {
    "name": "Require(26) node_modules/_egg@2.23.0@egg/app/extend/response.js",
    "start": 1568084066219,
    "end": 1568084066223,
    "duration": 4,
    "pid": 6204,
    "index": 32
  },
  {
    "name": "Load extend/context.js",
    "start": 1568084066226,
    "end": 1568084066336,
    "duration": 110,
    "pid": 6204,
    "index": 33
  },
  {
    "name": "Require(27) node_modules/_egg-security@2.6.1@egg-security/app/extend/context.js",
    "start": 1568084066227,
    "end": 1568084066248,
    "duration": 21,
    "pid": 6204,
    "index": 34
  },
  {
    "name": "Require(28) node_modules/_egg-jsonp@2.0.0@egg-jsonp/app/extend/context.js",
    "start": 1568084066249,
    "end": 1568084066251,
    "duration": 2,
    "pid": 6204,
    "index": 35
  },
  {
    "name": "Require(29) node_modules/_egg-i18n@2.1.1@egg-i18n/app/extend/context.js",
    "start": 1568084066252,
    "end": 1568084066252,
    "duration": 0,
    "pid": 6204,
    "index": 36
  },
  {
    "name": "Require(30) node_modules/_egg-multipart@2.9.0@egg-multipart/app/extend/context.js",
    "start": 1568084066254,
    "end": 1568084066326,
    "duration": 72,
    "pid": 6204,
    "index": 37
  },
  {
    "name": "Require(31) node_modules/_egg-view@2.1.2@egg-view/app/extend/context.js",
    "start": 1568084066327,
    "end": 1568084066328,
    "duration": 1,
    "pid": 6204,
    "index": 38
  },
  {
    "name": "Require(32) node_modules/_egg@2.23.0@egg/app/extend/context.js",
    "start": 1568084066329,
    "end": 1568084066332,
    "duration": 3,
    "pid": 6204,
    "index": 39
  },
  {
    "name": "Load extend/helper.js",
    "start": 1568084066336,
    "end": 1568084066372,
    "duration": 36,
    "pid": 6204,
    "index": 40
  },
  {
    "name": "Require(33) node_modules/_egg-security@2.6.1@egg-security/app/extend/helper.js",
    "start": 1568084066337,
    "end": 1568084066365,
    "duration": 28,
    "pid": 6204,
    "index": 41
  },
  {
    "name": "Require(34) node_modules/_egg@2.23.0@egg/app/extend/helper.js",
    "start": 1568084066368,
    "end": 1568084066368,
    "duration": 0,
    "pid": 6204,
    "index": 42
  },
  {
    "name": "Load app.js",
    "start": 1568084066372,
    "end": 1568084066425,
    "duration": 53,
    "pid": 6204,
    "index": 43
  },
  {
    "name": "Require(35) node_modules/_egg-session@3.1.0@egg-session/app.js",
    "start": 1568084066373,
    "end": 1568084066374,
    "duration": 1,
    "pid": 6204,
    "index": 44
  },
  {
    "name": "Require(36) node_modules/_egg-security@2.6.1@egg-security/app.js",
    "start": 1568084066374,
    "end": 1568084066377,
    "duration": 3,
    "pid": 6204,
    "index": 45
  },
  {
    "name": "Require(37) node_modules/_egg-onerror@2.1.0@egg-onerror/app.js",
    "start": 1568084066378,
    "end": 1568084066393,
    "duration": 15,
    "pid": 6204,
    "index": 46
  },
  {
    "name": "Require(38) node_modules/_egg-i18n@2.1.1@egg-i18n/app.js",
    "start": 1568084066394,
    "end": 1568084066406,
    "duration": 12,
    "pid": 6204,
    "index": 47
  },
  {
    "name": "Require(39) node_modules/_egg-watcher@3.1.0@egg-watcher/app.js",
    "start": 1568084066406,
    "end": 1568084066412,
    "duration": 6,
    "pid": 6204,
    "index": 48
  },
  {
    "name": "Require(40) node_modules/_egg-schedule@3.6.4@egg-schedule/app.js",
    "start": 1568084066413,
    "end": 1568084066416,
    "duration": 3,
    "pid": 6204,
    "index": 49
  },
  {
    "name": "Require(41) node_modules/_egg-multipart@2.9.0@egg-multipart/app.js",
    "start": 1568084066416,
    "end": 1568084066421,
    "duration": 5,
    "pid": 6204,
    "index": 50
  },
  {
    "name": "Require(42) node_modules/_egg-development@2.4.3@egg-development/app.js",
    "start": 1568084066421,
    "end": 1568084066421,
    "duration": 0,
    "pid": 6204,
    "index": 51
  },
  {
    "name": "Require(43) node_modules/_egg-logrotator@3.1.0@egg-logrotator/app.js",
    "start": 1568084066422,
    "end": 1568084066422,
    "duration": 0,
    "pid": 6204,
    "index": 52
  },
  {
    "name": "Require(44) node_modules/_egg-static@2.2.0@egg-static/app.js",
    "start": 1568084066423,
    "end": 1568084066423,
    "duration": 0,
    "pid": 6204,
    "index": 53
  },
  {
    "name": "Require(45) node_modules/_egg-sequelize@5.2.0@egg-sequelize/app.js",
    "start": 1568084066424,
    "end": 1568084066424,
    "duration": 0,
    "pid": 6204,
    "index": 54
  },
  {
    "name": "Before Start in node_modules/_egg-watcher@3.1.0@egg-watcher/lib/init.js:15:14",
    "start": 1568084066440,
    "end": 1568084067184,
    "duration": 744,
    "pid": 6204,
    "index": 55
  },
  {
    "name": "Load \"Symbol(model)\" to Application",
    "start": 1568084066965,
    "end": 1568084066977,
    "duration": 12,
    "pid": 6204,
    "index": 56
  },
  {
    "name": "Before Start in node_modules/_egg-sequelize@5.2.0@egg-sequelize/lib/loader.js:39:7",
    "start": 1568084066977,
    "end": 1568084067221,
    "duration": 244,
    "pid": 6204,
    "index": 57
  },
  {
    "name": "Load Service",
    "start": 1568084066977,
    "end": 1568084066983,
    "duration": 6,
    "pid": 6204,
    "index": 58
  },
  {
    "name": "Load \"service\" to Context",
    "start": 1568084066977,
    "end": 1568084066983,
    "duration": 6,
    "pid": 6204,
    "index": 59
  },
  {
    "name": "Load Middleware",
    "start": 1568084066983,
    "end": 1568084067112,
    "duration": 129,
    "pid": 6204,
    "index": 60
  },
  {
    "name": "Load \"middlewares\" to Application",
    "start": 1568084066983,
    "end": 1568084067096,
    "duration": 113,
    "pid": 6204,
    "index": 61
  },
  {
    "name": "Load Controller",
    "start": 1568084067113,
    "end": 1568084067115,
    "duration": 2,
    "pid": 6204,
    "index": 62
  },
  {
    "name": "Load \"controller\" to Application",
    "start": 1568084067113,
    "end": 1568084067115,
    "duration": 2,
    "pid": 6204,
    "index": 63
  },
  {
    "name": "Load Router",
    "start": 1568084067115,
    "end": 1568084067118,
    "duration": 3,
    "pid": 6204,
    "index": 64
  },
  {
    "name": "Require(46) app/router.js",
    "start": 1568084067116,
    "end": 1568084067116,
    "duration": 0,
    "pid": 6204,
    "index": 65
  },
  {
    "name": "Before Start in node_modules/_egg-core@4.17.3@egg-core/lib/egg.js:303:10",
    "start": 1568084067117,
    "end": 1568084067138,
    "duration": 21,
    "pid": 6204,
    "index": 66
  }
]