[
  {
    "name": "Application Start",
    "start": 1568103143314,
    "end": 1568103145301,
    "duration": 1987,
    "pid": 9744,
    "index": 0
  },
  {
    "name": "Load Plugin",
    "start": 1568103143320,
    "end": 1568103143347,
    "duration": 27,
    "pid": 9744,
    "index": 1
  },
  {
    "name": "Load Config",
    "start": 1568103143348,
    "end": 1568103143376,
    "duration": 28,
    "pid": 9744,
    "index": 2
  },
  {
    "name": "Require(0) config/config.default.js",
    "start": 1568103143349,
    "end": 1568103143349,
    "duration": 0,
    "pid": 9744,
    "index": 3
  },
  {
    "name": "Require(1) node_modules/_egg-session@3.1.0@egg-session/config/config.default.js",
    "start": 1568103143351,
    "end": 1568103143352,
    "duration": 1,
    "pid": 9744,
    "index": 4
  },
  {
    "name": "Require(2) node_modules/_egg-security@2.6.1@egg-security/config/config.default.js",
    "start": 1568103143352,
    "end": 1568103143353,
    "duration": 1,
    "pid": 9744,
    "index": 5
  },
  {
    "name": "Require(3) node_modules/_egg-jsonp@2.0.0@egg-jsonp/config/config.default.js",
    "start": 1568103143354,
    "end": 1568103143354,
    "duration": 0,
    "pid": 9744,
    "index": 6
  },
  {
    "name": "Require(4) node_modules/_egg-onerror@2.1.0@egg-onerror/config/config.default.js",
    "start": 1568103143355,
    "end": 1568103143355,
    "duration": 0,
    "pid": 9744,
    "index": 7
  },
  {
    "name": "Require(5) node_modules/_egg-i18n@2.1.1@egg-i18n/config/config.default.js",
    "start": 1568103143356,
    "end": 1568103143356,
    "duration": 0,
    "pid": 9744,
    "index": 8
  },
  {
    "name": "Require(6) node_modules/_egg-watcher@3.1.0@egg-watcher/config/config.default.js",
    "start": 1568103143357,
    "end": 1568103143357,
    "duration": 0,
    "pid": 9744,
    "index": 9
  },
  {
    "name": "Require(7) node_modules/_egg-schedule@3.6.4@egg-schedule/config/config.default.js",
    "start": 1568103143358,
    "end": 1568103143358,
    "duration": 0,
    "pid": 9744,
    "index": 10
  },
  {
    "name": "Require(8) node_modules/_egg-multipart@2.9.0@egg-multipart/config/config.default.js",
    "start": 1568103143359,
    "end": 1568103143359,
    "duration": 0,
    "pid": 9744,
    "index": 11
  },
  {
    "name": "Require(9) node_modules/_egg-development@2.4.3@egg-development/config/config.default.js",
    "start": 1568103143360,
    "end": 1568103143361,
    "duration": 1,
    "pid": 9744,
    "index": 12
  },
  {
    "name": "Require(10) node_modules/_egg-logrotator@3.1.0@egg-logrotator/config/config.default.js",
    "start": 1568103143361,
    "end": 1568103143362,
    "duration": 1,
    "pid": 9744,
    "index": 13
  },
  {
    "name": "Require(11) node_modules/_egg-static@2.2.0@egg-static/config/config.default.js",
    "start": 1568103143363,
    "end": 1568103143363,
    "duration": 0,
    "pid": 9744,
    "index": 14
  },
  {
    "name": "Require(12) node_modules/_egg-view@2.1.2@egg-view/config/config.default.js",
    "start": 1568103143365,
    "end": 1568103143365,
    "duration": 0,
    "pid": 9744,
    "index": 15
  },
  {
    "name": "Require(13) node_modules/_egg-sequelize@5.2.0@egg-sequelize/config/config.default.js",
    "start": 1568103143366,
    "end": 1568103143366,
    "duration": 0,
    "pid": 9744,
    "index": 16
  },
  {
    "name": "Require(14) node_modules/_egg@2.23.0@egg/config/config.default.js",
    "start": 1568103143367,
    "end": 1568103143367,
    "duration": 0,
    "pid": 9744,
    "index": 17
  },
  {
    "name": "Require(15) config/config.default.js",
    "start": 1568103143369,
    "end": 1568103143369,
    "duration": 0,
    "pid": 9744,
    "index": 18
  },
  {
    "name": "Require(16) node_modules/_egg-security@2.6.1@egg-security/config/config.local.js",
    "start": 1568103143370,
    "end": 1568103143370,
    "duration": 0,
    "pid": 9744,
    "index": 19
  },
  {
    "name": "Require(17) node_modules/_egg-watcher@3.1.0@egg-watcher/config/config.local.js",
    "start": 1568103143372,
    "end": 1568103143372,
    "duration": 0,
    "pid": 9744,
    "index": 20
  },
  {
    "name": "Require(18) node_modules/_egg-view@2.1.2@egg-view/config/config.local.js",
    "start": 1568103143374,
    "end": 1568103143374,
    "duration": 0,
    "pid": 9744,
    "index": 21
  },
  {
    "name": "Require(19) node_modules/_egg@2.23.0@egg/config/config.local.js",
    "start": 1568103143375,
    "end": 1568103143375,
    "duration": 0,
    "pid": 9744,
    "index": 22
  },
  {
    "name": "Load extend/application.js",
    "start": 1568103143377,
    "end": 1568103143399,
    "duration": 22,
    "pid": 9744,
    "index": 23
  },
  {
    "name": "Require(20) node_modules/_egg-session@3.1.0@egg-session/app/extend/application.js",
    "start": 1568103143378,
    "end": 1568103143379,
    "duration": 1,
    "pid": 9744,
    "index": 24
  },
  {
    "name": "Require(21) node_modules/_egg-security@2.6.1@egg-security/app/extend/application.js",
    "start": 1568103143380,
    "end": 1568103143381,
    "duration": 1,
    "pid": 9744,
    "index": 25
  },
  {
    "name": "Require(22) node_modules/_egg-jsonp@2.0.0@egg-jsonp/app/extend/application.js",
    "start": 1568103143381,
    "end": 1568103143385,
    "duration": 4,
    "pid": 9744,
    "index": 26
  },
  {
    "name": "Require(23) node_modules/_egg-logrotator@3.1.0@egg-logrotator/app/extend/application.js",
    "start": 1568103143387,
    "end": 1568103143391,
    "duration": 4,
    "pid": 9744,
    "index": 27
  },
  {
    "name": "Require(24) node_modules/_egg-view@2.1.2@egg-view/app/extend/application.js",
    "start": 1568103143392,
    "end": 1568103143395,
    "duration": 3,
    "pid": 9744,
    "index": 28
  },
  {
    "name": "Load extend/request.js",
    "start": 1568103143399,
    "end": 1568103143408,
    "duration": 9,
    "pid": 9744,
    "index": 29
  },
  {
    "name": "Require(25) node_modules/_egg@2.23.0@egg/app/extend/request.js",
    "start": 1568103143402,
    "end": 1568103143405,
    "duration": 3,
    "pid": 9744,
    "index": 30
  },
  {
    "name": "Load extend/response.js",
    "start": 1568103143408,
    "end": 1568103143421,
    "duration": 13,
    "pid": 9744,
    "index": 31
  },
  {
    "name": "Require(26) node_modules/_egg@2.23.0@egg/app/extend/response.js",
    "start": 1568103143413,
    "end": 1568103143417,
    "duration": 4,
    "pid": 9744,
    "index": 32
  },
  {
    "name": "Load extend/context.js",
    "start": 1568103143421,
    "end": 1568103143655,
    "duration": 234,
    "pid": 9744,
    "index": 33
  },
  {
    "name": "Require(27) node_modules/_egg-security@2.6.1@egg-security/app/extend/context.js",
    "start": 1568103143422,
    "end": 1568103143453,
    "duration": 31,
    "pid": 9744,
    "index": 34
  },
  {
    "name": "Require(28) node_modules/_egg-jsonp@2.0.0@egg-jsonp/app/extend/context.js",
    "start": 1568103143454,
    "end": 1568103143458,
    "duration": 4,
    "pid": 9744,
    "index": 35
  },
  {
    "name": "Require(29) node_modules/_egg-i18n@2.1.1@egg-i18n/app/extend/context.js",
    "start": 1568103143459,
    "end": 1568103143460,
    "duration": 1,
    "pid": 9744,
    "index": 36
  },
  {
    "name": "Require(30) node_modules/_egg-multipart@2.9.0@egg-multipart/app/extend/context.js",
    "start": 1568103143462,
    "end": 1568103143607,
    "duration": 145,
    "pid": 9744,
    "index": 37
  },
  {
    "name": "Require(31) node_modules/_egg-view@2.1.2@egg-view/app/extend/context.js",
    "start": 1568103143608,
    "end": 1568103143613,
    "duration": 5,
    "pid": 9744,
    "index": 38
  },
  {
    "name": "Require(32) node_modules/_egg@2.23.0@egg/app/extend/context.js",
    "start": 1568103143614,
    "end": 1568103143618,
    "duration": 4,
    "pid": 9744,
    "index": 39
  },
  {
    "name": "Load extend/helper.js",
    "start": 1568103143655,
    "end": 1568103143753,
    "duration": 98,
    "pid": 9744,
    "index": 40
  },
  {
    "name": "Require(33) node_modules/_egg-security@2.6.1@egg-security/app/extend/helper.js",
    "start": 1568103143656,
    "end": 1568103143742,
    "duration": 86,
    "pid": 9744,
    "index": 41
  },
  {
    "name": "Require(34) node_modules/_egg@2.23.0@egg/app/extend/helper.js",
    "start": 1568103143746,
    "end": 1568103143747,
    "duration": 1,
    "pid": 9744,
    "index": 42
  },
  {
    "name": "Load app.js",
    "start": 1568103143753,
    "end": 1568103143864,
    "duration": 111,
    "pid": 9744,
    "index": 43
  },
  {
    "name": "Require(35) node_modules/_egg-session@3.1.0@egg-session/app.js",
    "start": 1568103143754,
    "end": 1568103143755,
    "duration": 1,
    "pid": 9744,
    "index": 44
  },
  {
    "name": "Require(36) node_modules/_egg-security@2.6.1@egg-security/app.js",
    "start": 1568103143756,
    "end": 1568103143760,
    "duration": 4,
    "pid": 9744,
    "index": 45
  },
  {
    "name": "Require(37) node_modules/_egg-onerror@2.1.0@egg-onerror/app.js",
    "start": 1568103143762,
    "end": 1568103143786,
    "duration": 24,
    "pid": 9744,
    "index": 46
  },
  {
    "name": "Require(38) node_modules/_egg-i18n@2.1.1@egg-i18n/app.js",
    "start": 1568103143787,
    "end": 1568103143816,
    "duration": 29,
    "pid": 9744,
    "index": 47
  },
  {
    "name": "Require(39) node_modules/_egg-watcher@3.1.0@egg-watcher/app.js",
    "start": 1568103143817,
    "end": 1568103143826,
    "duration": 9,
    "pid": 9744,
    "index": 48
  },
  {
    "name": "Require(40) node_modules/_egg-schedule@3.6.4@egg-schedule/app.js",
    "start": 1568103143826,
    "end": 1568103143848,
    "duration": 22,
    "pid": 9744,
    "index": 49
  },
  {
    "name": "Require(41) node_modules/_egg-multipart@2.9.0@egg-multipart/app.js",
    "start": 1568103143849,
    "end": 1568103143856,
    "duration": 7,
    "pid": 9744,
    "index": 50
  },
  {
    "name": "Require(42) node_modules/_egg-development@2.4.3@egg-development/app.js",
    "start": 1568103143856,
    "end": 1568103143857,
    "duration": 1,
    "pid": 9744,
    "index": 51
  },
  {
    "name": "Require(43) node_modules/_egg-logrotator@3.1.0@egg-logrotator/app.js",
    "start": 1568103143858,
    "end": 1568103143858,
    "duration": 0,
    "pid": 9744,
    "index": 52
  },
  {
    "name": "Require(44) node_modules/_egg-static@2.2.0@egg-static/app.js",
    "start": 1568103143859,
    "end": 1568103143860,
    "duration": 1,
    "pid": 9744,
    "index": 53
  },
  {
    "name": "Require(45) node_modules/_egg-sequelize@5.2.0@egg-sequelize/app.js",
    "start": 1568103143861,
    "end": 1568103143862,
    "duration": 1,
    "pid": 9744,
    "index": 54
  },
  {
    "name": "Before Start in node_modules/_egg-watcher@3.1.0@egg-watcher/lib/init.js:15:14",
    "start": 1568103143926,
    "end": 1568103145251,
    "duration": 1325,
    "pid": 9744,
    "index": 55
  },
  {
    "name": "Load \"Symbol(model)\" to Application",
    "start": 1568103144861,
    "end": 1568103144900,
    "duration": 39,
    "pid": 9744,
    "index": 56
  },
  {
    "name": "Before Start in node_modules/_egg-sequelize@5.2.0@egg-sequelize/lib/loader.js:39:7",
    "start": 1568103144914,
    "end": 1568103145300,
    "duration": 386,
    "pid": 9744,
    "index": 57
  },
  {
    "name": "Load Service",
    "start": 1568103144914,
    "end": 1568103144922,
    "duration": 8,
    "pid": 9744,
    "index": 58
  },
  {
    "name": "Load \"service\" to Context",
    "start": 1568103144915,
    "end": 1568103144922,
    "duration": 7,
    "pid": 9744,
    "index": 59
  },
  {
    "name": "Load Middleware",
    "start": 1568103144923,
    "end": 1568103145107,
    "duration": 184,
    "pid": 9744,
    "index": 60
  },
  {
    "name": "Load \"middlewares\" to Application",
    "start": 1568103144923,
    "end": 1568103145085,
    "duration": 162,
    "pid": 9744,
    "index": 61
  },
  {
    "name": "Load Controller",
    "start": 1568103145107,
    "end": 1568103145114,
    "duration": 7,
    "pid": 9744,
    "index": 62
  },
  {
    "name": "Load \"controller\" to Application",
    "start": 1568103145107,
    "end": 1568103145114,
    "duration": 7,
    "pid": 9744,
    "index": 63
  },
  {
    "name": "Load Router",
    "start": 1568103145114,
    "end": 1568103145118,
    "duration": 4,
    "pid": 9744,
    "index": 64
  },
  {
    "name": "Require(46) app/router.js",
    "start": 1568103145114,
    "end": 1568103145115,
    "duration": 1,
    "pid": 9744,
    "index": 65
  },
  {
    "name": "Before Start in node_modules/_egg-core@4.17.3@egg-core/lib/egg.js:303:10",
    "start": 1568103145115,
    "end": 1568103145147,
    "duration": 32,
    "pid": 9744,
    "index": 66
  }
]