[
  {
    "name": "Application Start",
    "start": 1568117442712,
    "end": 1568117443901,
    "duration": 1189,
    "pid": 3720,
    "index": 0
  },
  {
    "name": "Load Plugin",
    "start": 1568117442727,
    "end": 1568117442761,
    "duration": 34,
    "pid": 3720,
    "index": 1
  },
  {
    "name": "Load Config",
    "start": 1568117442761,
    "end": 1568117442791,
    "duration": 30,
    "pid": 3720,
    "index": 2
  },
  {
    "name": "Require(0) config/config.default.js",
    "start": 1568117442762,
    "end": 1568117442763,
    "duration": 1,
    "pid": 3720,
    "index": 3
  },
  {
    "name": "Require(1) node_modules/_egg-session@3.1.0@egg-session/config/config.default.js",
    "start": 1568117442765,
    "end": 1568117442765,
    "duration": 0,
    "pid": 3720,
    "index": 4
  },
  {
    "name": "Require(2) node_modules/_egg-security@2.6.1@egg-security/config/config.default.js",
    "start": 1568117442766,
    "end": 1568117442766,
    "duration": 0,
    "pid": 3720,
    "index": 5
  },
  {
    "name": "Require(3) node_modules/_egg-jsonp@2.0.0@egg-jsonp/config/config.default.js",
    "start": 1568117442768,
    "end": 1568117442768,
    "duration": 0,
    "pid": 3720,
    "index": 6
  },
  {
    "name": "Require(4) node_modules/_egg-onerror@2.1.0@egg-onerror/config/config.default.js",
    "start": 1568117442770,
    "end": 1568117442770,
    "duration": 0,
    "pid": 3720,
    "index": 7
  },
  {
    "name": "Require(5) node_modules/_egg-i18n@2.1.1@egg-i18n/config/config.default.js",
    "start": 1568117442771,
    "end": 1568117442771,
    "duration": 0,
    "pid": 3720,
    "index": 8
  },
  {
    "name": "Require(6) node_modules/_egg-watcher@3.1.0@egg-watcher/config/config.default.js",
    "start": 1568117442772,
    "end": 1568117442773,
    "duration": 1,
    "pid": 3720,
    "index": 9
  },
  {
    "name": "Require(7) node_modules/_egg-schedule@3.6.4@egg-schedule/config/config.default.js",
    "start": 1568117442773,
    "end": 1568117442774,
    "duration": 1,
    "pid": 3720,
    "index": 10
  },
  {
    "name": "Require(8) node_modules/_egg-multipart@2.9.0@egg-multipart/config/config.default.js",
    "start": 1568117442774,
    "end": 1568117442775,
    "duration": 1,
    "pid": 3720,
    "index": 11
  },
  {
    "name": "Require(9) node_modules/_egg-development@2.4.3@egg-development/config/config.default.js",
    "start": 1568117442776,
    "end": 1568117442776,
    "duration": 0,
    "pid": 3720,
    "index": 12
  },
  {
    "name": "Require(10) node_modules/_egg-logrotator@3.1.0@egg-logrotator/config/config.default.js",
    "start": 1568117442777,
    "end": 1568117442777,
    "duration": 0,
    "pid": 3720,
    "index": 13
  },
  {
    "name": "Require(11) node_modules/_egg-static@2.2.0@egg-static/config/config.default.js",
    "start": 1568117442778,
    "end": 1568117442778,
    "duration": 0,
    "pid": 3720,
    "index": 14
  },
  {
    "name": "Require(12) node_modules/_egg-view@2.1.2@egg-view/config/config.default.js",
    "start": 1568117442779,
    "end": 1568117442779,
    "duration": 0,
    "pid": 3720,
    "index": 15
  },
  {
    "name": "Require(13) node_modules/_egg-sequelize@5.2.0@egg-sequelize/config/config.default.js",
    "start": 1568117442780,
    "end": 1568117442780,
    "duration": 0,
    "pid": 3720,
    "index": 16
  },
  {
    "name": "Require(14) node_modules/_egg@2.23.0@egg/config/config.default.js",
    "start": 1568117442781,
    "end": 1568117442781,
    "duration": 0,
    "pid": 3720,
    "index": 17
  },
  {
    "name": "Require(15) config/config.default.js",
    "start": 1568117442783,
    "end": 1568117442783,
    "duration": 0,
    "pid": 3720,
    "index": 18
  },
  {
    "name": "Require(16) node_modules/_egg-security@2.6.1@egg-security/config/config.local.js",
    "start": 1568117442784,
    "end": 1568117442784,
    "duration": 0,
    "pid": 3720,
    "index": 19
  },
  {
    "name": "Require(17) node_modules/_egg-watcher@3.1.0@egg-watcher/config/config.local.js",
    "start": 1568117442786,
    "end": 1568117442786,
    "duration": 0,
    "pid": 3720,
    "index": 20
  },
  {
    "name": "Require(18) node_modules/_egg-view@2.1.2@egg-view/config/config.local.js",
    "start": 1568117442789,
    "end": 1568117442789,
    "duration": 0,
    "pid": 3720,
    "index": 21
  },
  {
    "name": "Require(19) node_modules/_egg@2.23.0@egg/config/config.local.js",
    "start": 1568117442790,
    "end": 1568117442790,
    "duration": 0,
    "pid": 3720,
    "index": 22
  },
  {
    "name": "Load extend/application.js",
    "start": 1568117442792,
    "end": 1568117442813,
    "duration": 21,
    "pid": 3720,
    "index": 23
  },
  {
    "name": "Require(20) node_modules/_egg-session@3.1.0@egg-session/app/extend/application.js",
    "start": 1568117442793,
    "end": 1568117442794,
    "duration": 1,
    "pid": 3720,
    "index": 24
  },
  {
    "name": "Require(21) node_modules/_egg-security@2.6.1@egg-security/app/extend/application.js",
    "start": 1568117442794,
    "end": 1568117442796,
    "duration": 2,
    "pid": 3720,
    "index": 25
  },
  {
    "name": "Require(22) node_modules/_egg-jsonp@2.0.0@egg-jsonp/app/extend/application.js",
    "start": 1568117442796,
    "end": 1568117442799,
    "duration": 3,
    "pid": 3720,
    "index": 26
  },
  {
    "name": "Require(23) node_modules/_egg-logrotator@3.1.0@egg-logrotator/app/extend/application.js",
    "start": 1568117442802,
    "end": 1568117442806,
    "duration": 4,
    "pid": 3720,
    "index": 27
  },
  {
    "name": "Require(24) node_modules/_egg-view@2.1.2@egg-view/app/extend/application.js",
    "start": 1568117442807,
    "end": 1568117442810,
    "duration": 3,
    "pid": 3720,
    "index": 28
  },
  {
    "name": "Load extend/request.js",
    "start": 1568117442814,
    "end": 1568117442823,
    "duration": 9,
    "pid": 3720,
    "index": 29
  },
  {
    "name": "Require(25) node_modules/_egg@2.23.0@egg/app/extend/request.js",
    "start": 1568117442817,
    "end": 1568117442819,
    "duration": 2,
    "pid": 3720,
    "index": 30
  },
  {
    "name": "Load extend/response.js",
    "start": 1568117442823,
    "end": 1568117442833,
    "duration": 10,
    "pid": 3720,
    "index": 31
  },
  {
    "name": "Require(26) node_modules/_egg@2.23.0@egg/app/extend/response.js",
    "start": 1568117442827,
    "end": 1568117442830,
    "duration": 3,
    "pid": 3720,
    "index": 32
  },
  {
    "name": "Load extend/context.js",
    "start": 1568117442833,
    "end": 1568117442939,
    "duration": 106,
    "pid": 3720,
    "index": 33
  },
  {
    "name": "Require(27) node_modules/_egg-security@2.6.1@egg-security/app/extend/context.js",
    "start": 1568117442834,
    "end": 1568117442854,
    "duration": 20,
    "pid": 3720,
    "index": 34
  },
  {
    "name": "Require(28) node_modules/_egg-jsonp@2.0.0@egg-jsonp/app/extend/context.js",
    "start": 1568117442854,
    "end": 1568117442857,
    "duration": 3,
    "pid": 3720,
    "index": 35
  },
  {
    "name": "Require(29) node_modules/_egg-i18n@2.1.1@egg-i18n/app/extend/context.js",
    "start": 1568117442858,
    "end": 1568117442858,
    "duration": 0,
    "pid": 3720,
    "index": 36
  },
  {
    "name": "Require(30) node_modules/_egg-multipart@2.9.0@egg-multipart/app/extend/context.js",
    "start": 1568117442860,
    "end": 1568117442929,
    "duration": 69,
    "pid": 3720,
    "index": 37
  },
  {
    "name": "Require(31) node_modules/_egg-view@2.1.2@egg-view/app/extend/context.js",
    "start": 1568117442930,
    "end": 1568117442931,
    "duration": 1,
    "pid": 3720,
    "index": 38
  },
  {
    "name": "Require(32) node_modules/_egg@2.23.0@egg/app/extend/context.js",
    "start": 1568117442932,
    "end": 1568117442935,
    "duration": 3,
    "pid": 3720,
    "index": 39
  },
  {
    "name": "Load extend/helper.js",
    "start": 1568117442939,
    "end": 1568117442974,
    "duration": 35,
    "pid": 3720,
    "index": 40
  },
  {
    "name": "Require(33) node_modules/_egg-security@2.6.1@egg-security/app/extend/helper.js",
    "start": 1568117442940,
    "end": 1568117442964,
    "duration": 24,
    "pid": 3720,
    "index": 41
  },
  {
    "name": "Require(34) node_modules/_egg@2.23.0@egg/app/extend/helper.js",
    "start": 1568117442967,
    "end": 1568117442968,
    "duration": 1,
    "pid": 3720,
    "index": 42
  },
  {
    "name": "Load app.js",
    "start": 1568117442974,
    "end": 1568117443028,
    "duration": 54,
    "pid": 3720,
    "index": 43
  },
  {
    "name": "Require(35) node_modules/_egg-session@3.1.0@egg-session/app.js",
    "start": 1568117442975,
    "end": 1568117442975,
    "duration": 0,
    "pid": 3720,
    "index": 44
  },
  {
    "name": "Require(36) node_modules/_egg-security@2.6.1@egg-security/app.js",
    "start": 1568117442976,
    "end": 1568117442978,
    "duration": 2,
    "pid": 3720,
    "index": 45
  },
  {
    "name": "Require(37) node_modules/_egg-onerror@2.1.0@egg-onerror/app.js",
    "start": 1568117442979,
    "end": 1568117442996,
    "duration": 17,
    "pid": 3720,
    "index": 46
  },
  {
    "name": "Require(38) node_modules/_egg-i18n@2.1.1@egg-i18n/app.js",
    "start": 1568117442996,
    "end": 1568117443008,
    "duration": 12,
    "pid": 3720,
    "index": 47
  },
  {
    "name": "Require(39) node_modules/_egg-watcher@3.1.0@egg-watcher/app.js",
    "start": 1568117443009,
    "end": 1568117443014,
    "duration": 5,
    "pid": 3720,
    "index": 48
  },
  {
    "name": "Require(40) node_modules/_egg-schedule@3.6.4@egg-schedule/app.js",
    "start": 1568117443015,
    "end": 1568117443018,
    "duration": 3,
    "pid": 3720,
    "index": 49
  },
  {
    "name": "Require(41) node_modules/_egg-multipart@2.9.0@egg-multipart/app.js",
    "start": 1568117443018,
    "end": 1568117443023,
    "duration": 5,
    "pid": 3720,
    "index": 50
  },
  {
    "name": "Require(42) node_modules/_egg-development@2.4.3@egg-development/app.js",
    "start": 1568117443023,
    "end": 1568117443024,
    "duration": 1,
    "pid": 3720,
    "index": 51
  },
  {
    "name": "Require(43) node_modules/_egg-logrotator@3.1.0@egg-logrotator/app.js",
    "start": 1568117443024,
    "end": 1568117443025,
    "duration": 1,
    "pid": 3720,
    "index": 52
  },
  {
    "name": "Require(44) node_modules/_egg-static@2.2.0@egg-static/app.js",
    "start": 1568117443025,
    "end": 1568117443025,
    "duration": 0,
    "pid": 3720,
    "index": 53
  },
  {
    "name": "Require(45) node_modules/_egg-sequelize@5.2.0@egg-sequelize/app.js",
    "start": 1568117443026,
    "end": 1568117443027,
    "duration": 1,
    "pid": 3720,
    "index": 54
  },
  {
    "name": "Before Start in node_modules/_egg-watcher@3.1.0@egg-watcher/lib/init.js:15:14",
    "start": 1568117443045,
    "end": 1568117443866,
    "duration": 821,
    "pid": 3720,
    "index": 55
  },
  {
    "name": "Load \"Symbol(model)\" to Application",
    "start": 1568117443570,
    "end": 1568117443593,
    "duration": 23,
    "pid": 3720,
    "index": 56
  },
  {
    "name": "Before Start in node_modules/_egg-sequelize@5.2.0@egg-sequelize/lib/loader.js:39:7",
    "start": 1568117443604,
    "end": 1568117443900,
    "duration": 296,
    "pid": 3720,
    "index": 57
  },
  {
    "name": "Load Service",
    "start": 1568117443604,
    "end": 1568117443615,
    "duration": 11,
    "pid": 3720,
    "index": 58
  },
  {
    "name": "Load \"service\" to Context",
    "start": 1568117443605,
    "end": 1568117443615,
    "duration": 10,
    "pid": 3720,
    "index": 59
  },
  {
    "name": "Load Middleware",
    "start": 1568117443615,
    "end": 1568117443758,
    "duration": 143,
    "pid": 3720,
    "index": 60
  },
  {
    "name": "Load \"middlewares\" to Application",
    "start": 1568117443615,
    "end": 1568117443743,
    "duration": 128,
    "pid": 3720,
    "index": 61
  },
  {
    "name": "Load Controller",
    "start": 1568117443759,
    "end": 1568117443762,
    "duration": 3,
    "pid": 3720,
    "index": 62
  },
  {
    "name": "Load \"controller\" to Application",
    "start": 1568117443759,
    "end": 1568117443762,
    "duration": 3,
    "pid": 3720,
    "index": 63
  },
  {
    "name": "Load Router",
    "start": 1568117443762,
    "end": 1568117443765,
    "duration": 3,
    "pid": 3720,
    "index": 64
  },
  {
    "name": "Require(46) app/router.js",
    "start": 1568117443763,
    "end": 1568117443763,
    "duration": 0,
    "pid": 3720,
    "index": 65
  },
  {
    "name": "Before Start in node_modules/_egg-core@4.17.3@egg-core/lib/egg.js:303:10",
    "start": 1568117443763,
    "end": 1568117443785,
    "duration": 22,
    "pid": 3720,
    "index": 66
  }
]