[
  {
    "name": "Application Start",
    "start": 1568118833168,
    "end": 1568118834347,
    "duration": 1179,
    "pid": 10936,
    "index": 0
  },
  {
    "name": "Load Plugin",
    "start": 1568118833174,
    "end": 1568118833199,
    "duration": 25,
    "pid": 10936,
    "index": 1
  },
  {
    "name": "Load Config",
    "start": 1568118833199,
    "end": 1568118833226,
    "duration": 27,
    "pid": 10936,
    "index": 2
  },
  {
    "name": "Require(0) config/config.default.js",
    "start": 1568118833200,
    "end": 1568118833201,
    "duration": 1,
    "pid": 10936,
    "index": 3
  },
  {
    "name": "Require(1) node_modules/_egg-session@3.1.0@egg-session/config/config.default.js",
    "start": 1568118833203,
    "end": 1568118833204,
    "duration": 1,
    "pid": 10936,
    "index": 4
  },
  {
    "name": "Require(2) node_modules/_egg-security@2.6.1@egg-security/config/config.default.js",
    "start": 1568118833204,
    "end": 1568118833205,
    "duration": 1,
    "pid": 10936,
    "index": 5
  },
  {
    "name": "Require(3) node_modules/_egg-jsonp@2.0.0@egg-jsonp/config/config.default.js",
    "start": 1568118833206,
    "end": 1568118833206,
    "duration": 0,
    "pid": 10936,
    "index": 6
  },
  {
    "name": "Require(4) node_modules/_egg-onerror@2.1.0@egg-onerror/config/config.default.js",
    "start": 1568118833207,
    "end": 1568118833207,
    "duration": 0,
    "pid": 10936,
    "index": 7
  },
  {
    "name": "Require(5) node_modules/_egg-i18n@2.1.1@egg-i18n/config/config.default.js",
    "start": 1568118833208,
    "end": 1568118833208,
    "duration": 0,
    "pid": 10936,
    "index": 8
  },
  {
    "name": "Require(6) node_modules/_egg-watcher@3.1.0@egg-watcher/config/config.default.js",
    "start": 1568118833209,
    "end": 1568118833209,
    "duration": 0,
    "pid": 10936,
    "index": 9
  },
  {
    "name": "Require(7) node_modules/_egg-schedule@3.6.4@egg-schedule/config/config.default.js",
    "start": 1568118833210,
    "end": 1568118833210,
    "duration": 0,
    "pid": 10936,
    "index": 10
  },
  {
    "name": "Require(8) node_modules/_egg-multipart@2.9.0@egg-multipart/config/config.default.js",
    "start": 1568118833211,
    "end": 1568118833211,
    "duration": 0,
    "pid": 10936,
    "index": 11
  },
  {
    "name": "Require(9) node_modules/_egg-development@2.4.3@egg-development/config/config.default.js",
    "start": 1568118833212,
    "end": 1568118833213,
    "duration": 1,
    "pid": 10936,
    "index": 12
  },
  {
    "name": "Require(10) node_modules/_egg-logrotator@3.1.0@egg-logrotator/config/config.default.js",
    "start": 1568118833213,
    "end": 1568118833214,
    "duration": 1,
    "pid": 10936,
    "index": 13
  },
  {
    "name": "Require(11) node_modules/_egg-static@2.2.0@egg-static/config/config.default.js",
    "start": 1568118833214,
    "end": 1568118833215,
    "duration": 1,
    "pid": 10936,
    "index": 14
  },
  {
    "name": "Require(12) node_modules/_egg-view@2.1.2@egg-view/config/config.default.js",
    "start": 1568118833215,
    "end": 1568118833216,
    "duration": 1,
    "pid": 10936,
    "index": 15
  },
  {
    "name": "Require(13) node_modules/_egg-sequelize@5.2.0@egg-sequelize/config/config.default.js",
    "start": 1568118833216,
    "end": 1568118833217,
    "duration": 1,
    "pid": 10936,
    "index": 16
  },
  {
    "name": "Require(14) node_modules/_egg@2.23.0@egg/config/config.default.js",
    "start": 1568118833217,
    "end": 1568118833218,
    "duration": 1,
    "pid": 10936,
    "index": 17
  },
  {
    "name": "Require(15) config/config.default.js",
    "start": 1568118833219,
    "end": 1568118833219,
    "duration": 0,
    "pid": 10936,
    "index": 18
  },
  {
    "name": "Require(16) node_modules/_egg-security@2.6.1@egg-security/config/config.local.js",
    "start": 1568118833220,
    "end": 1568118833221,
    "duration": 1,
    "pid": 10936,
    "index": 19
  },
  {
    "name": "Require(17) node_modules/_egg-watcher@3.1.0@egg-watcher/config/config.local.js",
    "start": 1568118833222,
    "end": 1568118833222,
    "duration": 0,
    "pid": 10936,
    "index": 20
  },
  {
    "name": "Require(18) node_modules/_egg-view@2.1.2@egg-view/config/config.local.js",
    "start": 1568118833224,
    "end": 1568118833224,
    "duration": 0,
    "pid": 10936,
    "index": 21
  },
  {
    "name": "Require(19) node_modules/_egg@2.23.0@egg/config/config.local.js",
    "start": 1568118833225,
    "end": 1568118833226,
    "duration": 1,
    "pid": 10936,
    "index": 22
  },
  {
    "name": "Load extend/application.js",
    "start": 1568118833228,
    "end": 1568118833248,
    "duration": 20,
    "pid": 10936,
    "index": 23
  },
  {
    "name": "Require(20) node_modules/_egg-session@3.1.0@egg-session/app/extend/application.js",
    "start": 1568118833229,
    "end": 1568118833229,
    "duration": 0,
    "pid": 10936,
    "index": 24
  },
  {
    "name": "Require(21) node_modules/_egg-security@2.6.1@egg-security/app/extend/application.js",
    "start": 1568118833230,
    "end": 1568118833231,
    "duration": 1,
    "pid": 10936,
    "index": 25
  },
  {
    "name": "Require(22) node_modules/_egg-jsonp@2.0.0@egg-jsonp/app/extend/application.js",
    "start": 1568118833232,
    "end": 1568118833235,
    "duration": 3,
    "pid": 10936,
    "index": 26
  },
  {
    "name": "Require(23) node_modules/_egg-logrotator@3.1.0@egg-logrotator/app/extend/application.js",
    "start": 1568118833238,
    "end": 1568118833241,
    "duration": 3,
    "pid": 10936,
    "index": 27
  },
  {
    "name": "Require(24) node_modules/_egg-view@2.1.2@egg-view/app/extend/application.js",
    "start": 1568118833242,
    "end": 1568118833245,
    "duration": 3,
    "pid": 10936,
    "index": 28
  },
  {
    "name": "Load extend/request.js",
    "start": 1568118833249,
    "end": 1568118833258,
    "duration": 9,
    "pid": 10936,
    "index": 29
  },
  {
    "name": "Require(25) node_modules/_egg@2.23.0@egg/app/extend/request.js",
    "start": 1568118833252,
    "end": 1568118833254,
    "duration": 2,
    "pid": 10936,
    "index": 30
  },
  {
    "name": "Load extend/response.js",
    "start": 1568118833258,
    "end": 1568118833267,
    "duration": 9,
    "pid": 10936,
    "index": 31
  },
  {
    "name": "Require(26) node_modules/_egg@2.23.0@egg/app/extend/response.js",
    "start": 1568118833261,
    "end": 1568118833264,
    "duration": 3,
    "pid": 10936,
    "index": 32
  },
  {
    "name": "Load extend/context.js",
    "start": 1568118833268,
    "end": 1568118833385,
    "duration": 117,
    "pid": 10936,
    "index": 33
  },
  {
    "name": "Require(27) node_modules/_egg-security@2.6.1@egg-security/app/extend/context.js",
    "start": 1568118833271,
    "end": 1568118833290,
    "duration": 19,
    "pid": 10936,
    "index": 34
  },
  {
    "name": "Require(28) node_modules/_egg-jsonp@2.0.0@egg-jsonp/app/extend/context.js",
    "start": 1568118833291,
    "end": 1568118833293,
    "duration": 2,
    "pid": 10936,
    "index": 35
  },
  {
    "name": "Require(29) node_modules/_egg-i18n@2.1.1@egg-i18n/app/extend/context.js",
    "start": 1568118833294,
    "end": 1568118833295,
    "duration": 1,
    "pid": 10936,
    "index": 36
  },
  {
    "name": "Require(30) node_modules/_egg-multipart@2.9.0@egg-multipart/app/extend/context.js",
    "start": 1568118833296,
    "end": 1568118833372,
    "duration": 76,
    "pid": 10936,
    "index": 37
  },
  {
    "name": "Require(31) node_modules/_egg-view@2.1.2@egg-view/app/extend/context.js",
    "start": 1568118833373,
    "end": 1568118833375,
    "duration": 2,
    "pid": 10936,
    "index": 38
  },
  {
    "name": "Require(32) node_modules/_egg@2.23.0@egg/app/extend/context.js",
    "start": 1568118833378,
    "end": 1568118833381,
    "duration": 3,
    "pid": 10936,
    "index": 39
  },
  {
    "name": "Load extend/helper.js",
    "start": 1568118833385,
    "end": 1568118833420,
    "duration": 35,
    "pid": 10936,
    "index": 40
  },
  {
    "name": "Require(33) node_modules/_egg-security@2.6.1@egg-security/app/extend/helper.js",
    "start": 1568118833385,
    "end": 1568118833412,
    "duration": 27,
    "pid": 10936,
    "index": 41
  },
  {
    "name": "Require(34) node_modules/_egg@2.23.0@egg/app/extend/helper.js",
    "start": 1568118833416,
    "end": 1568118833416,
    "duration": 0,
    "pid": 10936,
    "index": 42
  },
  {
    "name": "Load app.js",
    "start": 1568118833420,
    "end": 1568118833476,
    "duration": 56,
    "pid": 10936,
    "index": 43
  },
  {
    "name": "Require(35) node_modules/_egg-session@3.1.0@egg-session/app.js",
    "start": 1568118833421,
    "end": 1568118833421,
    "duration": 0,
    "pid": 10936,
    "index": 44
  },
  {
    "name": "Require(36) node_modules/_egg-security@2.6.1@egg-security/app.js",
    "start": 1568118833422,
    "end": 1568118833425,
    "duration": 3,
    "pid": 10936,
    "index": 45
  },
  {
    "name": "Require(37) node_modules/_egg-onerror@2.1.0@egg-onerror/app.js",
    "start": 1568118833426,
    "end": 1568118833443,
    "duration": 17,
    "pid": 10936,
    "index": 46
  },
  {
    "name": "Require(38) node_modules/_egg-i18n@2.1.1@egg-i18n/app.js",
    "start": 1568118833443,
    "end": 1568118833456,
    "duration": 13,
    "pid": 10936,
    "index": 47
  },
  {
    "name": "Require(39) node_modules/_egg-watcher@3.1.0@egg-watcher/app.js",
    "start": 1568118833456,
    "end": 1568118833463,
    "duration": 7,
    "pid": 10936,
    "index": 48
  },
  {
    "name": "Require(40) node_modules/_egg-schedule@3.6.4@egg-schedule/app.js",
    "start": 1568118833463,
    "end": 1568118833466,
    "duration": 3,
    "pid": 10936,
    "index": 49
  },
  {
    "name": "Require(41) node_modules/_egg-multipart@2.9.0@egg-multipart/app.js",
    "start": 1568118833466,
    "end": 1568118833471,
    "duration": 5,
    "pid": 10936,
    "index": 50
  },
  {
    "name": "Require(42) node_modules/_egg-development@2.4.3@egg-development/app.js",
    "start": 1568118833471,
    "end": 1568118833472,
    "duration": 1,
    "pid": 10936,
    "index": 51
  },
  {
    "name": "Require(43) node_modules/_egg-logrotator@3.1.0@egg-logrotator/app.js",
    "start": 1568118833472,
    "end": 1568118833472,
    "duration": 0,
    "pid": 10936,
    "index": 52
  },
  {
    "name": "Require(44) node_modules/_egg-static@2.2.0@egg-static/app.js",
    "start": 1568118833473,
    "end": 1568118833473,
    "duration": 0,
    "pid": 10936,
    "index": 53
  },
  {
    "name": "Require(45) node_modules/_egg-sequelize@5.2.0@egg-sequelize/app.js",
    "start": 1568118833474,
    "end": 1568118833475,
    "duration": 1,
    "pid": 10936,
    "index": 54
  },
  {
    "name": "Before Start in node_modules/_egg-watcher@3.1.0@egg-watcher/lib/init.js:15:14",
    "start": 1568118833493,
    "end": 1568118834301,
    "duration": 808,
    "pid": 10936,
    "index": 55
  },
  {
    "name": "Load \"Symbol(model)\" to Application",
    "start": 1568118834026,
    "end": 1568118834048,
    "duration": 22,
    "pid": 10936,
    "index": 56
  },
  {
    "name": "Before Start in node_modules/_egg-sequelize@5.2.0@egg-sequelize/lib/loader.js:39:7",
    "start": 1568118834055,
    "end": 1568118834346,
    "duration": 291,
    "pid": 10936,
    "index": 57
  },
  {
    "name": "Load Service",
    "start": 1568118834055,
    "end": 1568118834060,
    "duration": 5,
    "pid": 10936,
    "index": 58
  },
  {
    "name": "Load \"service\" to Context",
    "start": 1568118834055,
    "end": 1568118834060,
    "duration": 5,
    "pid": 10936,
    "index": 59
  },
  {
    "name": "Load Middleware",
    "start": 1568118834060,
    "end": 1568118834197,
    "duration": 137,
    "pid": 10936,
    "index": 60
  },
  {
    "name": "Load \"middlewares\" to Application",
    "start": 1568118834061,
    "end": 1568118834174,
    "duration": 113,
    "pid": 10936,
    "index": 61
  },
  {
    "name": "Load Controller",
    "start": 1568118834197,
    "end": 1568118834201,
    "duration": 4,
    "pid": 10936,
    "index": 62
  },
  {
    "name": "Load \"controller\" to Application",
    "start": 1568118834197,
    "end": 1568118834201,
    "duration": 4,
    "pid": 10936,
    "index": 63
  },
  {
    "name": "Load Router",
    "start": 1568118834201,
    "end": 1568118834206,
    "duration": 5,
    "pid": 10936,
    "index": 64
  },
  {
    "name": "Require(46) app/router.js",
    "start": 1568118834201,
    "end": 1568118834202,
    "duration": 1,
    "pid": 10936,
    "index": 65
  },
  {
    "name": "Before Start in node_modules/_egg-core@4.17.3@egg-core/lib/egg.js:303:10",
    "start": 1568118834202,
    "end": 1568118834229,
    "duration": 27,
    "pid": 10936,
    "index": 66
  }
]