[
  {
    "name": "Application Start",
    "start": 1568118442388,
    "end": 1568118443511,
    "duration": 1123,
    "pid": 12828,
    "index": 0
  },
  {
    "name": "Load Plugin",
    "start": 1568118442394,
    "end": 1568118442419,
    "duration": 25,
    "pid": 12828,
    "index": 1
  },
  {
    "name": "Load Config",
    "start": 1568118442420,
    "end": 1568118442445,
    "duration": 25,
    "pid": 12828,
    "index": 2
  },
  {
    "name": "Require(0) config/config.default.js",
    "start": 1568118442421,
    "end": 1568118442421,
    "duration": 0,
    "pid": 12828,
    "index": 3
  },
  {
    "name": "Require(1) node_modules/_egg-session@3.1.0@egg-session/config/config.default.js",
    "start": 1568118442423,
    "end": 1568118442424,
    "duration": 1,
    "pid": 12828,
    "index": 4
  },
  {
    "name": "Require(2) node_modules/_egg-security@2.6.1@egg-security/config/config.default.js",
    "start": 1568118442424,
    "end": 1568118442425,
    "duration": 1,
    "pid": 12828,
    "index": 5
  },
  {
    "name": "Require(3) node_modules/_egg-jsonp@2.0.0@egg-jsonp/config/config.default.js",
    "start": 1568118442426,
    "end": 1568118442426,
    "duration": 0,
    "pid": 12828,
    "index": 6
  },
  {
    "name": "Require(4) node_modules/_egg-onerror@2.1.0@egg-onerror/config/config.default.js",
    "start": 1568118442427,
    "end": 1568118442427,
    "duration": 0,
    "pid": 12828,
    "index": 7
  },
  {
    "name": "Require(5) node_modules/_egg-i18n@2.1.1@egg-i18n/config/config.default.js",
    "start": 1568118442428,
    "end": 1568118442428,
    "duration": 0,
    "pid": 12828,
    "index": 8
  },
  {
    "name": "Require(6) node_modules/_egg-watcher@3.1.0@egg-watcher/config/config.default.js",
    "start": 1568118442429,
    "end": 1568118442429,
    "duration": 0,
    "pid": 12828,
    "index": 9
  },
  {
    "name": "Require(7) node_modules/_egg-schedule@3.6.4@egg-schedule/config/config.default.js",
    "start": 1568118442430,
    "end": 1568118442430,
    "duration": 0,
    "pid": 12828,
    "index": 10
  },
  {
    "name": "Require(8) node_modules/_egg-multipart@2.9.0@egg-multipart/config/config.default.js",
    "start": 1568118442431,
    "end": 1568118442431,
    "duration": 0,
    "pid": 12828,
    "index": 11
  },
  {
    "name": "Require(9) node_modules/_egg-development@2.4.3@egg-development/config/config.default.js",
    "start": 1568118442432,
    "end": 1568118442432,
    "duration": 0,
    "pid": 12828,
    "index": 12
  },
  {
    "name": "Require(10) node_modules/_egg-logrotator@3.1.0@egg-logrotator/config/config.default.js",
    "start": 1568118442433,
    "end": 1568118442433,
    "duration": 0,
    "pid": 12828,
    "index": 13
  },
  {
    "name": "Require(11) node_modules/_egg-static@2.2.0@egg-static/config/config.default.js",
    "start": 1568118442434,
    "end": 1568118442434,
    "duration": 0,
    "pid": 12828,
    "index": 14
  },
  {
    "name": "Require(12) node_modules/_egg-view@2.1.2@egg-view/config/config.default.js",
    "start": 1568118442435,
    "end": 1568118442435,
    "duration": 0,
    "pid": 12828,
    "index": 15
  },
  {
    "name": "Require(13) node_modules/_egg-sequelize@5.2.0@egg-sequelize/config/config.default.js",
    "start": 1568118442436,
    "end": 1568118442436,
    "duration": 0,
    "pid": 12828,
    "index": 16
  },
  {
    "name": "Require(14) node_modules/_egg@2.23.0@egg/config/config.default.js",
    "start": 1568118442437,
    "end": 1568118442437,
    "duration": 0,
    "pid": 12828,
    "index": 17
  },
  {
    "name": "Require(15) config/config.default.js",
    "start": 1568118442439,
    "end": 1568118442439,
    "duration": 0,
    "pid": 12828,
    "index": 18
  },
  {
    "name": "Require(16) node_modules/_egg-security@2.6.1@egg-security/config/config.local.js",
    "start": 1568118442439,
    "end": 1568118442440,
    "duration": 1,
    "pid": 12828,
    "index": 19
  },
  {
    "name": "Require(17) node_modules/_egg-watcher@3.1.0@egg-watcher/config/config.local.js",
    "start": 1568118442441,
    "end": 1568118442442,
    "duration": 1,
    "pid": 12828,
    "index": 20
  },
  {
    "name": "Require(18) node_modules/_egg-view@2.1.2@egg-view/config/config.local.js",
    "start": 1568118442443,
    "end": 1568118442444,
    "duration": 1,
    "pid": 12828,
    "index": 21
  },
  {
    "name": "Require(19) node_modules/_egg@2.23.0@egg/config/config.local.js",
    "start": 1568118442444,
    "end": 1568118442445,
    "duration": 1,
    "pid": 12828,
    "index": 22
  },
  {
    "name": "Load extend/application.js",
    "start": 1568118442447,
    "end": 1568118442466,
    "duration": 19,
    "pid": 12828,
    "index": 23
  },
  {
    "name": "Require(20) node_modules/_egg-session@3.1.0@egg-session/app/extend/application.js",
    "start": 1568118442447,
    "end": 1568118442448,
    "duration": 1,
    "pid": 12828,
    "index": 24
  },
  {
    "name": "Require(21) node_modules/_egg-security@2.6.1@egg-security/app/extend/application.js",
    "start": 1568118442449,
    "end": 1568118442450,
    "duration": 1,
    "pid": 12828,
    "index": 25
  },
  {
    "name": "Require(22) node_modules/_egg-jsonp@2.0.0@egg-jsonp/app/extend/application.js",
    "start": 1568118442450,
    "end": 1568118442454,
    "duration": 4,
    "pid": 12828,
    "index": 26
  },
  {
    "name": "Require(23) node_modules/_egg-logrotator@3.1.0@egg-logrotator/app/extend/application.js",
    "start": 1568118442456,
    "end": 1568118442459,
    "duration": 3,
    "pid": 12828,
    "index": 27
  },
  {
    "name": "Require(24) node_modules/_egg-view@2.1.2@egg-view/app/extend/application.js",
    "start": 1568118442460,
    "end": 1568118442462,
    "duration": 2,
    "pid": 12828,
    "index": 28
  },
  {
    "name": "Load extend/request.js",
    "start": 1568118442466,
    "end": 1568118442475,
    "duration": 9,
    "pid": 12828,
    "index": 29
  },
  {
    "name": "Require(25) node_modules/_egg@2.23.0@egg/app/extend/request.js",
    "start": 1568118442469,
    "end": 1568118442471,
    "duration": 2,
    "pid": 12828,
    "index": 30
  },
  {
    "name": "Load extend/response.js",
    "start": 1568118442475,
    "end": 1568118442484,
    "duration": 9,
    "pid": 12828,
    "index": 31
  },
  {
    "name": "Require(26) node_modules/_egg@2.23.0@egg/app/extend/response.js",
    "start": 1568118442478,
    "end": 1568118442481,
    "duration": 3,
    "pid": 12828,
    "index": 32
  },
  {
    "name": "Load extend/context.js",
    "start": 1568118442484,
    "end": 1568118442587,
    "duration": 103,
    "pid": 12828,
    "index": 33
  },
  {
    "name": "Require(27) node_modules/_egg-security@2.6.1@egg-security/app/extend/context.js",
    "start": 1568118442485,
    "end": 1568118442504,
    "duration": 19,
    "pid": 12828,
    "index": 34
  },
  {
    "name": "Require(28) node_modules/_egg-jsonp@2.0.0@egg-jsonp/app/extend/context.js",
    "start": 1568118442505,
    "end": 1568118442507,
    "duration": 2,
    "pid": 12828,
    "index": 35
  },
  {
    "name": "Require(29) node_modules/_egg-i18n@2.1.1@egg-i18n/app/extend/context.js",
    "start": 1568118442508,
    "end": 1568118442508,
    "duration": 0,
    "pid": 12828,
    "index": 36
  },
  {
    "name": "Require(30) node_modules/_egg-multipart@2.9.0@egg-multipart/app/extend/context.js",
    "start": 1568118442509,
    "end": 1568118442576,
    "duration": 67,
    "pid": 12828,
    "index": 37
  },
  {
    "name": "Require(31) node_modules/_egg-view@2.1.2@egg-view/app/extend/context.js",
    "start": 1568118442577,
    "end": 1568118442579,
    "duration": 2,
    "pid": 12828,
    "index": 38
  },
  {
    "name": "Require(32) node_modules/_egg@2.23.0@egg/app/extend/context.js",
    "start": 1568118442580,
    "end": 1568118442583,
    "duration": 3,
    "pid": 12828,
    "index": 39
  },
  {
    "name": "Load extend/helper.js",
    "start": 1568118442587,
    "end": 1568118442628,
    "duration": 41,
    "pid": 12828,
    "index": 40
  },
  {
    "name": "Require(33) node_modules/_egg-security@2.6.1@egg-security/app/extend/helper.js",
    "start": 1568118442587,
    "end": 1568118442618,
    "duration": 31,
    "pid": 12828,
    "index": 41
  },
  {
    "name": "Require(34) node_modules/_egg@2.23.0@egg/app/extend/helper.js",
    "start": 1568118442621,
    "end": 1568118442621,
    "duration": 0,
    "pid": 12828,
    "index": 42
  },
  {
    "name": "Load app.js",
    "start": 1568118442629,
    "end": 1568118442695,
    "duration": 66,
    "pid": 12828,
    "index": 43
  },
  {
    "name": "Require(35) node_modules/_egg-session@3.1.0@egg-session/app.js",
    "start": 1568118442629,
    "end": 1568118442629,
    "duration": 0,
    "pid": 12828,
    "index": 44
  },
  {
    "name": "Require(36) node_modules/_egg-security@2.6.1@egg-security/app.js",
    "start": 1568118442630,
    "end": 1568118442634,
    "duration": 4,
    "pid": 12828,
    "index": 45
  },
  {
    "name": "Require(37) node_modules/_egg-onerror@2.1.0@egg-onerror/app.js",
    "start": 1568118442635,
    "end": 1568118442652,
    "duration": 17,
    "pid": 12828,
    "index": 46
  },
  {
    "name": "Require(38) node_modules/_egg-i18n@2.1.1@egg-i18n/app.js",
    "start": 1568118442652,
    "end": 1568118442663,
    "duration": 11,
    "pid": 12828,
    "index": 47
  },
  {
    "name": "Require(39) node_modules/_egg-watcher@3.1.0@egg-watcher/app.js",
    "start": 1568118442664,
    "end": 1568118442674,
    "duration": 10,
    "pid": 12828,
    "index": 48
  },
  {
    "name": "Require(40) node_modules/_egg-schedule@3.6.4@egg-schedule/app.js",
    "start": 1568118442674,
    "end": 1568118442681,
    "duration": 7,
    "pid": 12828,
    "index": 49
  },
  {
    "name": "Require(41) node_modules/_egg-multipart@2.9.0@egg-multipart/app.js",
    "start": 1568118442682,
    "end": 1568118442688,
    "duration": 6,
    "pid": 12828,
    "index": 50
  },
  {
    "name": "Require(42) node_modules/_egg-development@2.4.3@egg-development/app.js",
    "start": 1568118442689,
    "end": 1568118442690,
    "duration": 1,
    "pid": 12828,
    "index": 51
  },
  {
    "name": "Require(43) node_modules/_egg-logrotator@3.1.0@egg-logrotator/app.js",
    "start": 1568118442691,
    "end": 1568118442691,
    "duration": 0,
    "pid": 12828,
    "index": 52
  },
  {
    "name": "Require(44) node_modules/_egg-static@2.2.0@egg-static/app.js",
    "start": 1568118442692,
    "end": 1568118442692,
    "duration": 0,
    "pid": 12828,
    "index": 53
  },
  {
    "name": "Require(45) node_modules/_egg-sequelize@5.2.0@egg-sequelize/app.js",
    "start": 1568118442693,
    "end": 1568118442693,
    "duration": 0,
    "pid": 12828,
    "index": 54
  },
  {
    "name": "Before Start in node_modules/_egg-watcher@3.1.0@egg-watcher/lib/init.js:15:14",
    "start": 1568118442713,
    "end": 1568118443481,
    "duration": 768,
    "pid": 12828,
    "index": 55
  },
  {
    "name": "Load \"Symbol(model)\" to Application",
    "start": 1568118443220,
    "end": 1568118443244,
    "duration": 24,
    "pid": 12828,
    "index": 56
  },
  {
    "name": "Before Start in node_modules/_egg-sequelize@5.2.0@egg-sequelize/lib/loader.js:39:7",
    "start": 1568118443248,
    "end": 1568118443510,
    "duration": 262,
    "pid": 12828,
    "index": 57
  },
  {
    "name": "Load Service",
    "start": 1568118443248,
    "end": 1568118443253,
    "duration": 5,
    "pid": 12828,
    "index": 58
  },
  {
    "name": "Load \"service\" to Context",
    "start": 1568118443248,
    "end": 1568118443253,
    "duration": 5,
    "pid": 12828,
    "index": 59
  },
  {
    "name": "Load Middleware",
    "start": 1568118443253,
    "end": 1568118443383,
    "duration": 130,
    "pid": 12828,
    "index": 60
  },
  {
    "name": "Load \"middlewares\" to Application",
    "start": 1568118443254,
    "end": 1568118443367,
    "duration": 113,
    "pid": 12828,
    "index": 61
  },
  {
    "name": "Load Controller",
    "start": 1568118443383,
    "end": 1568118443388,
    "duration": 5,
    "pid": 12828,
    "index": 62
  },
  {
    "name": "Load \"controller\" to Application",
    "start": 1568118443383,
    "end": 1568118443388,
    "duration": 5,
    "pid": 12828,
    "index": 63
  },
  {
    "name": "Load Router",
    "start": 1568118443388,
    "end": 1568118443391,
    "duration": 3,
    "pid": 12828,
    "index": 64
  },
  {
    "name": "Require(46) app/router.js",
    "start": 1568118443388,
    "end": 1568118443389,
    "duration": 1,
    "pid": 12828,
    "index": 65
  },
  {
    "name": "Before Start in node_modules/_egg-core@4.17.3@egg-core/lib/egg.js:303:10",
    "start": 1568118443389,
    "end": 1568118443412,
    "duration": 23,
    "pid": 12828,
    "index": 66
  }
]