[
  {
    "name": "Application Start",
    "start": 1568083765440,
    "end": 1568083766483,
    "duration": 1043,
    "pid": 6592,
    "index": 0
  },
  {
    "name": "Load Plugin",
    "start": 1568083765446,
    "end": 1568083765470,
    "duration": 24,
    "pid": 6592,
    "index": 1
  },
  {
    "name": "Load Config",
    "start": 1568083765470,
    "end": 1568083765496,
    "duration": 26,
    "pid": 6592,
    "index": 2
  },
  {
    "name": "Require(0) config/config.default.js",
    "start": 1568083765471,
    "end": 1568083765471,
    "duration": 0,
    "pid": 6592,
    "index": 3
  },
  {
    "name": "Require(1) node_modules/_egg-session@3.1.0@egg-session/config/config.default.js",
    "start": 1568083765473,
    "end": 1568083765474,
    "duration": 1,
    "pid": 6592,
    "index": 4
  },
  {
    "name": "Require(2) node_modules/_egg-security@2.6.1@egg-security/config/config.default.js",
    "start": 1568083765475,
    "end": 1568083765475,
    "duration": 0,
    "pid": 6592,
    "index": 5
  },
  {
    "name": "Require(3) node_modules/_egg-jsonp@2.0.0@egg-jsonp/config/config.default.js",
    "start": 1568083765476,
    "end": 1568083765477,
    "duration": 1,
    "pid": 6592,
    "index": 6
  },
  {
    "name": "Require(4) node_modules/_egg-onerror@2.1.0@egg-onerror/config/config.default.js",
    "start": 1568083765477,
    "end": 1568083765478,
    "duration": 1,
    "pid": 6592,
    "index": 7
  },
  {
    "name": "Require(5) node_modules/_egg-i18n@2.1.1@egg-i18n/config/config.default.js",
    "start": 1568083765478,
    "end": 1568083765479,
    "duration": 1,
    "pid": 6592,
    "index": 8
  },
  {
    "name": "Require(6) node_modules/_egg-watcher@3.1.0@egg-watcher/config/config.default.js",
    "start": 1568083765480,
    "end": 1568083765480,
    "duration": 0,
    "pid": 6592,
    "index": 9
  },
  {
    "name": "Require(7) node_modules/_egg-schedule@3.6.4@egg-schedule/config/config.default.js",
    "start": 1568083765481,
    "end": 1568083765481,
    "duration": 0,
    "pid": 6592,
    "index": 10
  },
  {
    "name": "Require(8) node_modules/_egg-multipart@2.9.0@egg-multipart/config/config.default.js",
    "start": 1568083765482,
    "end": 1568083765482,
    "duration": 0,
    "pid": 6592,
    "index": 11
  },
  {
    "name": "Require(9) node_modules/_egg-development@2.4.3@egg-development/config/config.default.js",
    "start": 1568083765483,
    "end": 1568083765483,
    "duration": 0,
    "pid": 6592,
    "index": 12
  },
  {
    "name": "Require(10) node_modules/_egg-logrotator@3.1.0@egg-logrotator/config/config.default.js",
    "start": 1568083765484,
    "end": 1568083765484,
    "duration": 0,
    "pid": 6592,
    "index": 13
  },
  {
    "name": "Require(11) node_modules/_egg-static@2.2.0@egg-static/config/config.default.js",
    "start": 1568083765485,
    "end": 1568083765485,
    "duration": 0,
    "pid": 6592,
    "index": 14
  },
  {
    "name": "Require(12) node_modules/_egg-view@2.1.2@egg-view/config/config.default.js",
    "start": 1568083765486,
    "end": 1568083765486,
    "duration": 0,
    "pid": 6592,
    "index": 15
  },
  {
    "name": "Require(13) node_modules/_egg-sequelize@5.2.0@egg-sequelize/config/config.default.js",
    "start": 1568083765487,
    "end": 1568083765487,
    "duration": 0,
    "pid": 6592,
    "index": 16
  },
  {
    "name": "Require(14) node_modules/_egg@2.23.0@egg/config/config.default.js",
    "start": 1568083765488,
    "end": 1568083765488,
    "duration": 0,
    "pid": 6592,
    "index": 17
  },
  {
    "name": "Require(15) config/config.default.js",
    "start": 1568083765490,
    "end": 1568083765490,
    "duration": 0,
    "pid": 6592,
    "index": 18
  },
  {
    "name": "Require(16) node_modules/_egg-security@2.6.1@egg-security/config/config.local.js",
    "start": 1568083765491,
    "end": 1568083765491,
    "duration": 0,
    "pid": 6592,
    "index": 19
  },
  {
    "name": "Require(17) node_modules/_egg-watcher@3.1.0@egg-watcher/config/config.local.js",
    "start": 1568083765492,
    "end": 1568083765493,
    "duration": 1,
    "pid": 6592,
    "index": 20
  },
  {
    "name": "Require(18) node_modules/_egg-view@2.1.2@egg-view/config/config.local.js",
    "start": 1568083765494,
    "end": 1568083765495,
    "duration": 1,
    "pid": 6592,
    "index": 21
  },
  {
    "name": "Require(19) node_modules/_egg@2.23.0@egg/config/config.local.js",
    "start": 1568083765496,
    "end": 1568083765496,
    "duration": 0,
    "pid": 6592,
    "index": 22
  },
  {
    "name": "Load extend/application.js",
    "start": 1568083765498,
    "end": 1568083765517,
    "duration": 19,
    "pid": 6592,
    "index": 23
  },
  {
    "name": "Require(20) node_modules/_egg-session@3.1.0@egg-session/app/extend/application.js",
    "start": 1568083765499,
    "end": 1568083765499,
    "duration": 0,
    "pid": 6592,
    "index": 24
  },
  {
    "name": "Require(21) node_modules/_egg-security@2.6.1@egg-security/app/extend/application.js",
    "start": 1568083765500,
    "end": 1568083765501,
    "duration": 1,
    "pid": 6592,
    "index": 25
  },
  {
    "name": "Require(22) node_modules/_egg-jsonp@2.0.0@egg-jsonp/app/extend/application.js",
    "start": 1568083765501,
    "end": 1568083765504,
    "duration": 3,
    "pid": 6592,
    "index": 26
  },
  {
    "name": "Require(23) node_modules/_egg-logrotator@3.1.0@egg-logrotator/app/extend/application.js",
    "start": 1568083765506,
    "end": 1568083765510,
    "duration": 4,
    "pid": 6592,
    "index": 27
  },
  {
    "name": "Require(24) node_modules/_egg-view@2.1.2@egg-view/app/extend/application.js",
    "start": 1568083765511,
    "end": 1568083765513,
    "duration": 2,
    "pid": 6592,
    "index": 28
  },
  {
    "name": "Load extend/request.js",
    "start": 1568083765517,
    "end": 1568083765525,
    "duration": 8,
    "pid": 6592,
    "index": 29
  },
  {
    "name": "Require(25) node_modules/_egg@2.23.0@egg/app/extend/request.js",
    "start": 1568083765520,
    "end": 1568083765522,
    "duration": 2,
    "pid": 6592,
    "index": 30
  },
  {
    "name": "Load extend/response.js",
    "start": 1568083765525,
    "end": 1568083765534,
    "duration": 9,
    "pid": 6592,
    "index": 31
  },
  {
    "name": "Require(26) node_modules/_egg@2.23.0@egg/app/extend/response.js",
    "start": 1568083765528,
    "end": 1568083765531,
    "duration": 3,
    "pid": 6592,
    "index": 32
  },
  {
    "name": "Load extend/context.js",
    "start": 1568083765535,
    "end": 1568083765639,
    "duration": 104,
    "pid": 6592,
    "index": 33
  },
  {
    "name": "Require(27) node_modules/_egg-security@2.6.1@egg-security/app/extend/context.js",
    "start": 1568083765535,
    "end": 1568083765554,
    "duration": 19,
    "pid": 6592,
    "index": 34
  },
  {
    "name": "Require(28) node_modules/_egg-jsonp@2.0.0@egg-jsonp/app/extend/context.js",
    "start": 1568083765555,
    "end": 1568083765557,
    "duration": 2,
    "pid": 6592,
    "index": 35
  },
  {
    "name": "Require(29) node_modules/_egg-i18n@2.1.1@egg-i18n/app/extend/context.js",
    "start": 1568083765558,
    "end": 1568083765558,
    "duration": 0,
    "pid": 6592,
    "index": 36
  },
  {
    "name": "Require(30) node_modules/_egg-multipart@2.9.0@egg-multipart/app/extend/context.js",
    "start": 1568083765559,
    "end": 1568083765630,
    "duration": 71,
    "pid": 6592,
    "index": 37
  },
  {
    "name": "Require(31) node_modules/_egg-view@2.1.2@egg-view/app/extend/context.js",
    "start": 1568083765631,
    "end": 1568083765632,
    "duration": 1,
    "pid": 6592,
    "index": 38
  },
  {
    "name": "Require(32) node_modules/_egg@2.23.0@egg/app/extend/context.js",
    "start": 1568083765633,
    "end": 1568083765636,
    "duration": 3,
    "pid": 6592,
    "index": 39
  },
  {
    "name": "Load extend/helper.js",
    "start": 1568083765639,
    "end": 1568083765673,
    "duration": 34,
    "pid": 6592,
    "index": 40
  },
  {
    "name": "Require(33) node_modules/_egg-security@2.6.1@egg-security/app/extend/helper.js",
    "start": 1568083765640,
    "end": 1568083765667,
    "duration": 27,
    "pid": 6592,
    "index": 41
  },
  {
    "name": "Require(34) node_modules/_egg@2.23.0@egg/app/extend/helper.js",
    "start": 1568083765670,
    "end": 1568083765670,
    "duration": 0,
    "pid": 6592,
    "index": 42
  },
  {
    "name": "Load app.js",
    "start": 1568083765674,
    "end": 1568083765730,
    "duration": 56,
    "pid": 6592,
    "index": 43
  },
  {
    "name": "Require(35) node_modules/_egg-session@3.1.0@egg-session/app.js",
    "start": 1568083765674,
    "end": 1568083765675,
    "duration": 1,
    "pid": 6592,
    "index": 44
  },
  {
    "name": "Require(36) node_modules/_egg-security@2.6.1@egg-security/app.js",
    "start": 1568083765675,
    "end": 1568083765678,
    "duration": 3,
    "pid": 6592,
    "index": 45
  },
  {
    "name": "Require(37) node_modules/_egg-onerror@2.1.0@egg-onerror/app.js",
    "start": 1568083765679,
    "end": 1568083765694,
    "duration": 15,
    "pid": 6592,
    "index": 46
  },
  {
    "name": "Require(38) node_modules/_egg-i18n@2.1.1@egg-i18n/app.js",
    "start": 1568083765694,
    "end": 1568083765705,
    "duration": 11,
    "pid": 6592,
    "index": 47
  },
  {
    "name": "Require(39) node_modules/_egg-watcher@3.1.0@egg-watcher/app.js",
    "start": 1568083765706,
    "end": 1568083765714,
    "duration": 8,
    "pid": 6592,
    "index": 48
  },
  {
    "name": "Require(40) node_modules/_egg-schedule@3.6.4@egg-schedule/app.js",
    "start": 1568083765714,
    "end": 1568083765717,
    "duration": 3,
    "pid": 6592,
    "index": 49
  },
  {
    "name": "Require(41) node_modules/_egg-multipart@2.9.0@egg-multipart/app.js",
    "start": 1568083765718,
    "end": 1568083765722,
    "duration": 4,
    "pid": 6592,
    "index": 50
  },
  {
    "name": "Require(42) node_modules/_egg-development@2.4.3@egg-development/app.js",
    "start": 1568083765722,
    "end": 1568083765723,
    "duration": 1,
    "pid": 6592,
    "index": 51
  },
  {
    "name": "Require(43) node_modules/_egg-logrotator@3.1.0@egg-logrotator/app.js",
    "start": 1568083765723,
    "end": 1568083765724,
    "duration": 1,
    "pid": 6592,
    "index": 52
  },
  {
    "name": "Require(44) node_modules/_egg-static@2.2.0@egg-static/app.js",
    "start": 1568083765726,
    "end": 1568083765727,
    "duration": 1,
    "pid": 6592,
    "index": 53
  },
  {
    "name": "Require(45) node_modules/_egg-sequelize@5.2.0@egg-sequelize/app.js",
    "start": 1568083765728,
    "end": 1568083765729,
    "duration": 1,
    "pid": 6592,
    "index": 54
  },
  {
    "name": "Before Start in node_modules/_egg-watcher@3.1.0@egg-watcher/lib/init.js:15:14",
    "start": 1568083765745,
    "end": 1568083766450,
    "duration": 705,
    "pid": 6592,
    "index": 55
  },
  {
    "name": "Load \"Symbol(model)\" to Application",
    "start": 1568083766231,
    "end": 1568083766242,
    "duration": 11,
    "pid": 6592,
    "index": 56
  },
  {
    "name": "Before Start in node_modules/_egg-sequelize@5.2.0@egg-sequelize/lib/loader.js:39:7",
    "start": 1568083766242,
    "end": 1568083766483,
    "duration": 241,
    "pid": 6592,
    "index": 57
  },
  {
    "name": "Load Service",
    "start": 1568083766242,
    "end": 1568083766248,
    "duration": 6,
    "pid": 6592,
    "index": 58
  },
  {
    "name": "Load \"service\" to Context",
    "start": 1568083766243,
    "end": 1568083766248,
    "duration": 5,
    "pid": 6592,
    "index": 59
  },
  {
    "name": "Load Middleware",
    "start": 1568083766248,
    "end": 1568083766370,
    "duration": 122,
    "pid": 6592,
    "index": 60
  },
  {
    "name": "Load \"middlewares\" to Application",
    "start": 1568083766248,
    "end": 1568083766355,
    "duration": 107,
    "pid": 6592,
    "index": 61
  },
  {
    "name": "Load Controller",
    "start": 1568083766370,
    "end": 1568083766372,
    "duration": 2,
    "pid": 6592,
    "index": 62
  },
  {
    "name": "Load \"controller\" to Application",
    "start": 1568083766370,
    "end": 1568083766372,
    "duration": 2,
    "pid": 6592,
    "index": 63
  },
  {
    "name": "Load Router",
    "start": 1568083766372,
    "end": 1568083766375,
    "duration": 3,
    "pid": 6592,
    "index": 64
  },
  {
    "name": "Require(46) app/router.js",
    "start": 1568083766373,
    "end": 1568083766373,
    "duration": 0,
    "pid": 6592,
    "index": 65
  },
  {
    "name": "Before Start in node_modules/_egg-core@4.17.3@egg-core/lib/egg.js:303:10",
    "start": 1568083766374,
    "end": 1568083766396,
    "duration": 22,
    "pid": 6592,
    "index": 66
  }
]