[
  {
    "name": "Application Start",
    "start": 1568117533148,
    "end": 1568117534260,
    "duration": 1112,
    "pid": 2872,
    "index": 0
  },
  {
    "name": "Load Plugin",
    "start": 1568117533154,
    "end": 1568117533179,
    "duration": 25,
    "pid": 2872,
    "index": 1
  },
  {
    "name": "Load Config",
    "start": 1568117533179,
    "end": 1568117533206,
    "duration": 27,
    "pid": 2872,
    "index": 2
  },
  {
    "name": "Require(0) config/config.default.js",
    "start": 1568117533180,
    "end": 1568117533181,
    "duration": 1,
    "pid": 2872,
    "index": 3
  },
  {
    "name": "Require(1) node_modules/_egg-session@3.1.0@egg-session/config/config.default.js",
    "start": 1568117533183,
    "end": 1568117533183,
    "duration": 0,
    "pid": 2872,
    "index": 4
  },
  {
    "name": "Require(2) node_modules/_egg-security@2.6.1@egg-security/config/config.default.js",
    "start": 1568117533184,
    "end": 1568117533184,
    "duration": 0,
    "pid": 2872,
    "index": 5
  },
  {
    "name": "Require(3) node_modules/_egg-jsonp@2.0.0@egg-jsonp/config/config.default.js",
    "start": 1568117533186,
    "end": 1568117533186,
    "duration": 0,
    "pid": 2872,
    "index": 6
  },
  {
    "name": "Require(4) node_modules/_egg-onerror@2.1.0@egg-onerror/config/config.default.js",
    "start": 1568117533187,
    "end": 1568117533187,
    "duration": 0,
    "pid": 2872,
    "index": 7
  },
  {
    "name": "Require(5) node_modules/_egg-i18n@2.1.1@egg-i18n/config/config.default.js",
    "start": 1568117533188,
    "end": 1568117533188,
    "duration": 0,
    "pid": 2872,
    "index": 8
  },
  {
    "name": "Require(6) node_modules/_egg-watcher@3.1.0@egg-watcher/config/config.default.js",
    "start": 1568117533189,
    "end": 1568117533189,
    "duration": 0,
    "pid": 2872,
    "index": 9
  },
  {
    "name": "Require(7) node_modules/_egg-schedule@3.6.4@egg-schedule/config/config.default.js",
    "start": 1568117533190,
    "end": 1568117533190,
    "duration": 0,
    "pid": 2872,
    "index": 10
  },
  {
    "name": "Require(8) node_modules/_egg-multipart@2.9.0@egg-multipart/config/config.default.js",
    "start": 1568117533191,
    "end": 1568117533191,
    "duration": 0,
    "pid": 2872,
    "index": 11
  },
  {
    "name": "Require(9) node_modules/_egg-development@2.4.3@egg-development/config/config.default.js",
    "start": 1568117533192,
    "end": 1568117533192,
    "duration": 0,
    "pid": 2872,
    "index": 12
  },
  {
    "name": "Require(10) node_modules/_egg-logrotator@3.1.0@egg-logrotator/config/config.default.js",
    "start": 1568117533193,
    "end": 1568117533193,
    "duration": 0,
    "pid": 2872,
    "index": 13
  },
  {
    "name": "Require(11) node_modules/_egg-static@2.2.0@egg-static/config/config.default.js",
    "start": 1568117533194,
    "end": 1568117533194,
    "duration": 0,
    "pid": 2872,
    "index": 14
  },
  {
    "name": "Require(12) node_modules/_egg-view@2.1.2@egg-view/config/config.default.js",
    "start": 1568117533195,
    "end": 1568117533196,
    "duration": 1,
    "pid": 2872,
    "index": 15
  },
  {
    "name": "Require(13) node_modules/_egg-sequelize@5.2.0@egg-sequelize/config/config.default.js",
    "start": 1568117533196,
    "end": 1568117533197,
    "duration": 1,
    "pid": 2872,
    "index": 16
  },
  {
    "name": "Require(14) node_modules/_egg@2.23.0@egg/config/config.default.js",
    "start": 1568117533197,
    "end": 1568117533198,
    "duration": 1,
    "pid": 2872,
    "index": 17
  },
  {
    "name": "Require(15) config/config.default.js",
    "start": 1568117533199,
    "end": 1568117533199,
    "duration": 0,
    "pid": 2872,
    "index": 18
  },
  {
    "name": "Require(16) node_modules/_egg-security@2.6.1@egg-security/config/config.local.js",
    "start": 1568117533200,
    "end": 1568117533201,
    "duration": 1,
    "pid": 2872,
    "index": 19
  },
  {
    "name": "Require(17) node_modules/_egg-watcher@3.1.0@egg-watcher/config/config.local.js",
    "start": 1568117533202,
    "end": 1568117533202,
    "duration": 0,
    "pid": 2872,
    "index": 20
  },
  {
    "name": "Require(18) node_modules/_egg-view@2.1.2@egg-view/config/config.local.js",
    "start": 1568117533204,
    "end": 1568117533205,
    "duration": 1,
    "pid": 2872,
    "index": 21
  },
  {
    "name": "Require(19) node_modules/_egg@2.23.0@egg/config/config.local.js",
    "start": 1568117533206,
    "end": 1568117533206,
    "duration": 0,
    "pid": 2872,
    "index": 22
  },
  {
    "name": "Load extend/application.js",
    "start": 1568117533208,
    "end": 1568117533230,
    "duration": 22,
    "pid": 2872,
    "index": 23
  },
  {
    "name": "Require(20) node_modules/_egg-session@3.1.0@egg-session/app/extend/application.js",
    "start": 1568117533209,
    "end": 1568117533209,
    "duration": 0,
    "pid": 2872,
    "index": 24
  },
  {
    "name": "Require(21) node_modules/_egg-security@2.6.1@egg-security/app/extend/application.js",
    "start": 1568117533210,
    "end": 1568117533211,
    "duration": 1,
    "pid": 2872,
    "index": 25
  },
  {
    "name": "Require(22) node_modules/_egg-jsonp@2.0.0@egg-jsonp/app/extend/application.js",
    "start": 1568117533212,
    "end": 1568117533215,
    "duration": 3,
    "pid": 2872,
    "index": 26
  },
  {
    "name": "Require(23) node_modules/_egg-logrotator@3.1.0@egg-logrotator/app/extend/application.js",
    "start": 1568117533217,
    "end": 1568117533222,
    "duration": 5,
    "pid": 2872,
    "index": 27
  },
  {
    "name": "Require(24) node_modules/_egg-view@2.1.2@egg-view/app/extend/application.js",
    "start": 1568117533223,
    "end": 1568117533226,
    "duration": 3,
    "pid": 2872,
    "index": 28
  },
  {
    "name": "Load extend/request.js",
    "start": 1568117533230,
    "end": 1568117533239,
    "duration": 9,
    "pid": 2872,
    "index": 29
  },
  {
    "name": "Require(25) node_modules/_egg@2.23.0@egg/app/extend/request.js",
    "start": 1568117533233,
    "end": 1568117533235,
    "duration": 2,
    "pid": 2872,
    "index": 30
  },
  {
    "name": "Load extend/response.js",
    "start": 1568117533239,
    "end": 1568117533249,
    "duration": 10,
    "pid": 2872,
    "index": 31
  },
  {
    "name": "Require(26) node_modules/_egg@2.23.0@egg/app/extend/response.js",
    "start": 1568117533242,
    "end": 1568117533245,
    "duration": 3,
    "pid": 2872,
    "index": 32
  },
  {
    "name": "Load extend/context.js",
    "start": 1568117533249,
    "end": 1568117533361,
    "duration": 112,
    "pid": 2872,
    "index": 33
  },
  {
    "name": "Require(27) node_modules/_egg-security@2.6.1@egg-security/app/extend/context.js",
    "start": 1568117533250,
    "end": 1568117533274,
    "duration": 24,
    "pid": 2872,
    "index": 34
  },
  {
    "name": "Require(28) node_modules/_egg-jsonp@2.0.0@egg-jsonp/app/extend/context.js",
    "start": 1568117533274,
    "end": 1568117533277,
    "duration": 3,
    "pid": 2872,
    "index": 35
  },
  {
    "name": "Require(29) node_modules/_egg-i18n@2.1.1@egg-i18n/app/extend/context.js",
    "start": 1568117533278,
    "end": 1568117533279,
    "duration": 1,
    "pid": 2872,
    "index": 36
  },
  {
    "name": "Require(30) node_modules/_egg-multipart@2.9.0@egg-multipart/app/extend/context.js",
    "start": 1568117533281,
    "end": 1568117533352,
    "duration": 71,
    "pid": 2872,
    "index": 37
  },
  {
    "name": "Require(31) node_modules/_egg-view@2.1.2@egg-view/app/extend/context.js",
    "start": 1568117533352,
    "end": 1568117533354,
    "duration": 2,
    "pid": 2872,
    "index": 38
  },
  {
    "name": "Require(32) node_modules/_egg@2.23.0@egg/app/extend/context.js",
    "start": 1568117533354,
    "end": 1568117533357,
    "duration": 3,
    "pid": 2872,
    "index": 39
  },
  {
    "name": "Load extend/helper.js",
    "start": 1568117533361,
    "end": 1568117533395,
    "duration": 34,
    "pid": 2872,
    "index": 40
  },
  {
    "name": "Require(33) node_modules/_egg-security@2.6.1@egg-security/app/extend/helper.js",
    "start": 1568117533362,
    "end": 1568117533388,
    "duration": 26,
    "pid": 2872,
    "index": 41
  },
  {
    "name": "Require(34) node_modules/_egg@2.23.0@egg/app/extend/helper.js",
    "start": 1568117533391,
    "end": 1568117533392,
    "duration": 1,
    "pid": 2872,
    "index": 42
  },
  {
    "name": "Load app.js",
    "start": 1568117533396,
    "end": 1568117533448,
    "duration": 52,
    "pid": 2872,
    "index": 43
  },
  {
    "name": "Require(35) node_modules/_egg-session@3.1.0@egg-session/app.js",
    "start": 1568117533396,
    "end": 1568117533396,
    "duration": 0,
    "pid": 2872,
    "index": 44
  },
  {
    "name": "Require(36) node_modules/_egg-security@2.6.1@egg-security/app.js",
    "start": 1568117533397,
    "end": 1568117533399,
    "duration": 2,
    "pid": 2872,
    "index": 45
  },
  {
    "name": "Require(37) node_modules/_egg-onerror@2.1.0@egg-onerror/app.js",
    "start": 1568117533400,
    "end": 1568117533416,
    "duration": 16,
    "pid": 2872,
    "index": 46
  },
  {
    "name": "Require(38) node_modules/_egg-i18n@2.1.1@egg-i18n/app.js",
    "start": 1568117533416,
    "end": 1568117533428,
    "duration": 12,
    "pid": 2872,
    "index": 47
  },
  {
    "name": "Require(39) node_modules/_egg-watcher@3.1.0@egg-watcher/app.js",
    "start": 1568117533428,
    "end": 1568117533434,
    "duration": 6,
    "pid": 2872,
    "index": 48
  },
  {
    "name": "Require(40) node_modules/_egg-schedule@3.6.4@egg-schedule/app.js",
    "start": 1568117533435,
    "end": 1568117533438,
    "duration": 3,
    "pid": 2872,
    "index": 49
  },
  {
    "name": "Require(41) node_modules/_egg-multipart@2.9.0@egg-multipart/app.js",
    "start": 1568117533439,
    "end": 1568117533443,
    "duration": 4,
    "pid": 2872,
    "index": 50
  },
  {
    "name": "Require(42) node_modules/_egg-development@2.4.3@egg-development/app.js",
    "start": 1568117533443,
    "end": 1568117533444,
    "duration": 1,
    "pid": 2872,
    "index": 51
  },
  {
    "name": "Require(43) node_modules/_egg-logrotator@3.1.0@egg-logrotator/app.js",
    "start": 1568117533444,
    "end": 1568117533445,
    "duration": 1,
    "pid": 2872,
    "index": 52
  },
  {
    "name": "Require(44) node_modules/_egg-static@2.2.0@egg-static/app.js",
    "start": 1568117533445,
    "end": 1568117533445,
    "duration": 0,
    "pid": 2872,
    "index": 53
  },
  {
    "name": "Require(45) node_modules/_egg-sequelize@5.2.0@egg-sequelize/app.js",
    "start": 1568117533446,
    "end": 1568117533447,
    "duration": 1,
    "pid": 2872,
    "index": 54
  },
  {
    "name": "Before Start in node_modules/_egg-watcher@3.1.0@egg-watcher/lib/init.js:15:14",
    "start": 1568117533462,
    "end": 1568117534225,
    "duration": 763,
    "pid": 2872,
    "index": 55
  },
  {
    "name": "Load \"Symbol(model)\" to Application",
    "start": 1568117533962,
    "end": 1568117533984,
    "duration": 22,
    "pid": 2872,
    "index": 56
  },
  {
    "name": "Before Start in node_modules/_egg-sequelize@5.2.0@egg-sequelize/lib/loader.js:39:7",
    "start": 1568117533992,
    "end": 1568117534259,
    "duration": 267,
    "pid": 2872,
    "index": 57
  },
  {
    "name": "Load Service",
    "start": 1568117533992,
    "end": 1568117533997,
    "duration": 5,
    "pid": 2872,
    "index": 58
  },
  {
    "name": "Load \"service\" to Context",
    "start": 1568117533992,
    "end": 1568117533997,
    "duration": 5,
    "pid": 2872,
    "index": 59
  },
  {
    "name": "Load Middleware",
    "start": 1568117533998,
    "end": 1568117534137,
    "duration": 139,
    "pid": 2872,
    "index": 60
  },
  {
    "name": "Load \"middlewares\" to Application",
    "start": 1568117533998,
    "end": 1568117534120,
    "duration": 122,
    "pid": 2872,
    "index": 61
  },
  {
    "name": "Load Controller",
    "start": 1568117534137,
    "end": 1568117534141,
    "duration": 4,
    "pid": 2872,
    "index": 62
  },
  {
    "name": "Load \"controller\" to Application",
    "start": 1568117534137,
    "end": 1568117534141,
    "duration": 4,
    "pid": 2872,
    "index": 63
  },
  {
    "name": "Load Router",
    "start": 1568117534141,
    "end": 1568117534145,
    "duration": 4,
    "pid": 2872,
    "index": 64
  },
  {
    "name": "Require(46) app/router.js",
    "start": 1568117534142,
    "end": 1568117534142,
    "duration": 0,
    "pid": 2872,
    "index": 65
  },
  {
    "name": "Before Start in node_modules/_egg-core@4.17.3@egg-core/lib/egg.js:303:10",
    "start": 1568117534143,
    "end": 1568117534165,
    "duration": 22,
    "pid": 2872,
    "index": 66
  }
]