[
  {
    "name": "Application Start",
    "start": 1568103177788,
    "end": 1568103179101,
    "duration": 1313,
    "pid": 10480,
    "index": 0
  },
  {
    "name": "Load Plugin",
    "start": 1568103177796,
    "end": 1568103177822,
    "duration": 26,
    "pid": 10480,
    "index": 1
  },
  {
    "name": "Load Config",
    "start": 1568103177822,
    "end": 1568103177855,
    "duration": 33,
    "pid": 10480,
    "index": 2
  },
  {
    "name": "Require(0) config/config.default.js",
    "start": 1568103177824,
    "end": 1568103177824,
    "duration": 0,
    "pid": 10480,
    "index": 3
  },
  {
    "name": "Require(1) node_modules/_egg-session@3.1.0@egg-session/config/config.default.js",
    "start": 1568103177827,
    "end": 1568103177827,
    "duration": 0,
    "pid": 10480,
    "index": 4
  },
  {
    "name": "Require(2) node_modules/_egg-security@2.6.1@egg-security/config/config.default.js",
    "start": 1568103177828,
    "end": 1568103177828,
    "duration": 0,
    "pid": 10480,
    "index": 5
  },
  {
    "name": "Require(3) node_modules/_egg-jsonp@2.0.0@egg-jsonp/config/config.default.js",
    "start": 1568103177830,
    "end": 1568103177830,
    "duration": 0,
    "pid": 10480,
    "index": 6
  },
  {
    "name": "Require(4) node_modules/_egg-onerror@2.1.0@egg-onerror/config/config.default.js",
    "start": 1568103177831,
    "end": 1568103177831,
    "duration": 0,
    "pid": 10480,
    "index": 7
  },
  {
    "name": "Require(5) node_modules/_egg-i18n@2.1.1@egg-i18n/config/config.default.js",
    "start": 1568103177832,
    "end": 1568103177832,
    "duration": 0,
    "pid": 10480,
    "index": 8
  },
  {
    "name": "Require(6) node_modules/_egg-watcher@3.1.0@egg-watcher/config/config.default.js",
    "start": 1568103177833,
    "end": 1568103177833,
    "duration": 0,
    "pid": 10480,
    "index": 9
  },
  {
    "name": "Require(7) node_modules/_egg-schedule@3.6.4@egg-schedule/config/config.default.js",
    "start": 1568103177834,
    "end": 1568103177834,
    "duration": 0,
    "pid": 10480,
    "index": 10
  },
  {
    "name": "Require(8) node_modules/_egg-multipart@2.9.0@egg-multipart/config/config.default.js",
    "start": 1568103177835,
    "end": 1568103177835,
    "duration": 0,
    "pid": 10480,
    "index": 11
  },
  {
    "name": "Require(9) node_modules/_egg-development@2.4.3@egg-development/config/config.default.js",
    "start": 1568103177837,
    "end": 1568103177837,
    "duration": 0,
    "pid": 10480,
    "index": 12
  },
  {
    "name": "Require(10) node_modules/_egg-logrotator@3.1.0@egg-logrotator/config/config.default.js",
    "start": 1568103177838,
    "end": 1568103177838,
    "duration": 0,
    "pid": 10480,
    "index": 13
  },
  {
    "name": "Require(11) node_modules/_egg-static@2.2.0@egg-static/config/config.default.js",
    "start": 1568103177839,
    "end": 1568103177839,
    "duration": 0,
    "pid": 10480,
    "index": 14
  },
  {
    "name": "Require(12) node_modules/_egg-view@2.1.2@egg-view/config/config.default.js",
    "start": 1568103177840,
    "end": 1568103177840,
    "duration": 0,
    "pid": 10480,
    "index": 15
  },
  {
    "name": "Require(13) node_modules/_egg-sequelize@5.2.0@egg-sequelize/config/config.default.js",
    "start": 1568103177841,
    "end": 1568103177841,
    "duration": 0,
    "pid": 10480,
    "index": 16
  },
  {
    "name": "Require(14) node_modules/_egg@2.23.0@egg/config/config.default.js",
    "start": 1568103177842,
    "end": 1568103177843,
    "duration": 1,
    "pid": 10480,
    "index": 17
  },
  {
    "name": "Require(15) config/config.default.js",
    "start": 1568103177844,
    "end": 1568103177844,
    "duration": 0,
    "pid": 10480,
    "index": 18
  },
  {
    "name": "Require(16) node_modules/_egg-security@2.6.1@egg-security/config/config.local.js",
    "start": 1568103177845,
    "end": 1568103177846,
    "duration": 1,
    "pid": 10480,
    "index": 19
  },
  {
    "name": "Require(17) node_modules/_egg-watcher@3.1.0@egg-watcher/config/config.local.js",
    "start": 1568103177847,
    "end": 1568103177847,
    "duration": 0,
    "pid": 10480,
    "index": 20
  },
  {
    "name": "Require(18) node_modules/_egg-view@2.1.2@egg-view/config/config.local.js",
    "start": 1568103177849,
    "end": 1568103177850,
    "duration": 1,
    "pid": 10480,
    "index": 21
  },
  {
    "name": "Require(19) node_modules/_egg@2.23.0@egg/config/config.local.js",
    "start": 1568103177853,
    "end": 1568103177854,
    "duration": 1,
    "pid": 10480,
    "index": 22
  },
  {
    "name": "Load extend/application.js",
    "start": 1568103177857,
    "end": 1568103177883,
    "duration": 26,
    "pid": 10480,
    "index": 23
  },
  {
    "name": "Require(20) node_modules/_egg-session@3.1.0@egg-session/app/extend/application.js",
    "start": 1568103177858,
    "end": 1568103177859,
    "duration": 1,
    "pid": 10480,
    "index": 24
  },
  {
    "name": "Require(21) node_modules/_egg-security@2.6.1@egg-security/app/extend/application.js",
    "start": 1568103177859,
    "end": 1568103177862,
    "duration": 3,
    "pid": 10480,
    "index": 25
  },
  {
    "name": "Require(22) node_modules/_egg-jsonp@2.0.0@egg-jsonp/app/extend/application.js",
    "start": 1568103177863,
    "end": 1568103177866,
    "duration": 3,
    "pid": 10480,
    "index": 26
  },
  {
    "name": "Require(23) node_modules/_egg-logrotator@3.1.0@egg-logrotator/app/extend/application.js",
    "start": 1568103177868,
    "end": 1568103177875,
    "duration": 7,
    "pid": 10480,
    "index": 27
  },
  {
    "name": "Require(24) node_modules/_egg-view@2.1.2@egg-view/app/extend/application.js",
    "start": 1568103177876,
    "end": 1568103177879,
    "duration": 3,
    "pid": 10480,
    "index": 28
  },
  {
    "name": "Load extend/request.js",
    "start": 1568103177884,
    "end": 1568103177894,
    "duration": 10,
    "pid": 10480,
    "index": 29
  },
  {
    "name": "Require(25) node_modules/_egg@2.23.0@egg/app/extend/request.js",
    "start": 1568103177887,
    "end": 1568103177890,
    "duration": 3,
    "pid": 10480,
    "index": 30
  },
  {
    "name": "Load extend/response.js",
    "start": 1568103177894,
    "end": 1568103177906,
    "duration": 12,
    "pid": 10480,
    "index": 31
  },
  {
    "name": "Require(26) node_modules/_egg@2.23.0@egg/app/extend/response.js",
    "start": 1568103177898,
    "end": 1568103177902,
    "duration": 4,
    "pid": 10480,
    "index": 32
  },
  {
    "name": "Load extend/context.js",
    "start": 1568103177906,
    "end": 1568103178033,
    "duration": 127,
    "pid": 10480,
    "index": 33
  },
  {
    "name": "Require(27) node_modules/_egg-security@2.6.1@egg-security/app/extend/context.js",
    "start": 1568103177906,
    "end": 1568103177932,
    "duration": 26,
    "pid": 10480,
    "index": 34
  },
  {
    "name": "Require(28) node_modules/_egg-jsonp@2.0.0@egg-jsonp/app/extend/context.js",
    "start": 1568103177933,
    "end": 1568103177936,
    "duration": 3,
    "pid": 10480,
    "index": 35
  },
  {
    "name": "Require(29) node_modules/_egg-i18n@2.1.1@egg-i18n/app/extend/context.js",
    "start": 1568103177936,
    "end": 1568103177937,
    "duration": 1,
    "pid": 10480,
    "index": 36
  },
  {
    "name": "Require(30) node_modules/_egg-multipart@2.9.0@egg-multipart/app/extend/context.js",
    "start": 1568103177938,
    "end": 1568103178021,
    "duration": 83,
    "pid": 10480,
    "index": 37
  },
  {
    "name": "Require(31) node_modules/_egg-view@2.1.2@egg-view/app/extend/context.js",
    "start": 1568103178022,
    "end": 1568103178024,
    "duration": 2,
    "pid": 10480,
    "index": 38
  },
  {
    "name": "Require(32) node_modules/_egg@2.23.0@egg/app/extend/context.js",
    "start": 1568103178025,
    "end": 1568103178029,
    "duration": 4,
    "pid": 10480,
    "index": 39
  },
  {
    "name": "Load extend/helper.js",
    "start": 1568103178033,
    "end": 1568103178085,
    "duration": 52,
    "pid": 10480,
    "index": 40
  },
  {
    "name": "Require(33) node_modules/_egg-security@2.6.1@egg-security/app/extend/helper.js",
    "start": 1568103178033,
    "end": 1568103178077,
    "duration": 44,
    "pid": 10480,
    "index": 41
  },
  {
    "name": "Require(34) node_modules/_egg@2.23.0@egg/app/extend/helper.js",
    "start": 1568103178080,
    "end": 1568103178081,
    "duration": 1,
    "pid": 10480,
    "index": 42
  },
  {
    "name": "Load app.js",
    "start": 1568103178086,
    "end": 1568103178167,
    "duration": 81,
    "pid": 10480,
    "index": 43
  },
  {
    "name": "Require(35) node_modules/_egg-session@3.1.0@egg-session/app.js",
    "start": 1568103178086,
    "end": 1568103178087,
    "duration": 1,
    "pid": 10480,
    "index": 44
  },
  {
    "name": "Require(36) node_modules/_egg-security@2.6.1@egg-security/app.js",
    "start": 1568103178088,
    "end": 1568103178091,
    "duration": 3,
    "pid": 10480,
    "index": 45
  },
  {
    "name": "Require(37) node_modules/_egg-onerror@2.1.0@egg-onerror/app.js",
    "start": 1568103178093,
    "end": 1568103178117,
    "duration": 24,
    "pid": 10480,
    "index": 46
  },
  {
    "name": "Require(38) node_modules/_egg-i18n@2.1.1@egg-i18n/app.js",
    "start": 1568103178117,
    "end": 1568103178134,
    "duration": 17,
    "pid": 10480,
    "index": 47
  },
  {
    "name": "Require(39) node_modules/_egg-watcher@3.1.0@egg-watcher/app.js",
    "start": 1568103178135,
    "end": 1568103178146,
    "duration": 11,
    "pid": 10480,
    "index": 48
  },
  {
    "name": "Require(40) node_modules/_egg-schedule@3.6.4@egg-schedule/app.js",
    "start": 1568103178147,
    "end": 1568103178151,
    "duration": 4,
    "pid": 10480,
    "index": 49
  },
  {
    "name": "Require(41) node_modules/_egg-multipart@2.9.0@egg-multipart/app.js",
    "start": 1568103178152,
    "end": 1568103178158,
    "duration": 6,
    "pid": 10480,
    "index": 50
  },
  {
    "name": "Require(42) node_modules/_egg-development@2.4.3@egg-development/app.js",
    "start": 1568103178158,
    "end": 1568103178159,
    "duration": 1,
    "pid": 10480,
    "index": 51
  },
  {
    "name": "Require(43) node_modules/_egg-logrotator@3.1.0@egg-logrotator/app.js",
    "start": 1568103178160,
    "end": 1568103178161,
    "duration": 1,
    "pid": 10480,
    "index": 52
  },
  {
    "name": "Require(44) node_modules/_egg-static@2.2.0@egg-static/app.js",
    "start": 1568103178162,
    "end": 1568103178163,
    "duration": 1,
    "pid": 10480,
    "index": 53
  },
  {
    "name": "Require(45) node_modules/_egg-sequelize@5.2.0@egg-sequelize/app.js",
    "start": 1568103178164,
    "end": 1568103178165,
    "duration": 1,
    "pid": 10480,
    "index": 54
  },
  {
    "name": "Before Start in node_modules/_egg-watcher@3.1.0@egg-watcher/lib/init.js:15:14",
    "start": 1568103178188,
    "end": 1568103179062,
    "duration": 874,
    "pid": 10480,
    "index": 55
  },
  {
    "name": "Load \"Symbol(model)\" to Application",
    "start": 1568103178769,
    "end": 1568103178801,
    "duration": 32,
    "pid": 10480,
    "index": 56
  },
  {
    "name": "Before Start in node_modules/_egg-sequelize@5.2.0@egg-sequelize/lib/loader.js:39:7",
    "start": 1568103178809,
    "end": 1568103179100,
    "duration": 291,
    "pid": 10480,
    "index": 57
  },
  {
    "name": "Load Service",
    "start": 1568103178809,
    "end": 1568103178815,
    "duration": 6,
    "pid": 10480,
    "index": 58
  },
  {
    "name": "Load \"service\" to Context",
    "start": 1568103178810,
    "end": 1568103178815,
    "duration": 5,
    "pid": 10480,
    "index": 59
  },
  {
    "name": "Load Middleware",
    "start": 1568103178816,
    "end": 1568103178965,
    "duration": 149,
    "pid": 10480,
    "index": 60
  },
  {
    "name": "Load \"middlewares\" to Application",
    "start": 1568103178816,
    "end": 1568103178947,
    "duration": 131,
    "pid": 10480,
    "index": 61
  },
  {
    "name": "Load Controller",
    "start": 1568103178965,
    "end": 1568103178969,
    "duration": 4,
    "pid": 10480,
    "index": 62
  },
  {
    "name": "Load \"controller\" to Application",
    "start": 1568103178966,
    "end": 1568103178969,
    "duration": 3,
    "pid": 10480,
    "index": 63
  },
  {
    "name": "Load Router",
    "start": 1568103178970,
    "end": 1568103178974,
    "duration": 4,
    "pid": 10480,
    "index": 64
  },
  {
    "name": "Require(46) app/router.js",
    "start": 1568103178970,
    "end": 1568103178971,
    "duration": 1,
    "pid": 10480,
    "index": 65
  },
  {
    "name": "Before Start in node_modules/_egg-core@4.17.3@egg-core/lib/egg.js:303:10",
    "start": 1568103178971,
    "end": 1568103178999,
    "duration": 28,
    "pid": 10480,
    "index": 66
  }
]