[
  {
    "name": "Application Start",
    "start": 1568110387400,
    "end": 1568110388543,
    "duration": 1143,
    "pid": 1956,
    "index": 0
  },
  {
    "name": "Load Plugin",
    "start": 1568110387406,
    "end": 1568110387431,
    "duration": 25,
    "pid": 1956,
    "index": 1
  },
  {
    "name": "Load Config",
    "start": 1568110387431,
    "end": 1568110387459,
    "duration": 28,
    "pid": 1956,
    "index": 2
  },
  {
    "name": "Require(0) config/config.default.js",
    "start": 1568110387432,
    "end": 1568110387433,
    "duration": 1,
    "pid": 1956,
    "index": 3
  },
  {
    "name": "Require(1) node_modules/_egg-session@3.1.0@egg-session/config/config.default.js",
    "start": 1568110387435,
    "end": 1568110387435,
    "duration": 0,
    "pid": 1956,
    "index": 4
  },
  {
    "name": "Require(2) node_modules/_egg-security@2.6.1@egg-security/config/config.default.js",
    "start": 1568110387436,
    "end": 1568110387436,
    "duration": 0,
    "pid": 1956,
    "index": 5
  },
  {
    "name": "Require(3) node_modules/_egg-jsonp@2.0.0@egg-jsonp/config/config.default.js",
    "start": 1568110387438,
    "end": 1568110387438,
    "duration": 0,
    "pid": 1956,
    "index": 6
  },
  {
    "name": "Require(4) node_modules/_egg-onerror@2.1.0@egg-onerror/config/config.default.js",
    "start": 1568110387439,
    "end": 1568110387439,
    "duration": 0,
    "pid": 1956,
    "index": 7
  },
  {
    "name": "Require(5) node_modules/_egg-i18n@2.1.1@egg-i18n/config/config.default.js",
    "start": 1568110387440,
    "end": 1568110387440,
    "duration": 0,
    "pid": 1956,
    "index": 8
  },
  {
    "name": "Require(6) node_modules/_egg-watcher@3.1.0@egg-watcher/config/config.default.js",
    "start": 1568110387441,
    "end": 1568110387441,
    "duration": 0,
    "pid": 1956,
    "index": 9
  },
  {
    "name": "Require(7) node_modules/_egg-schedule@3.6.4@egg-schedule/config/config.default.js",
    "start": 1568110387442,
    "end": 1568110387442,
    "duration": 0,
    "pid": 1956,
    "index": 10
  },
  {
    "name": "Require(8) node_modules/_egg-multipart@2.9.0@egg-multipart/config/config.default.js",
    "start": 1568110387443,
    "end": 1568110387443,
    "duration": 0,
    "pid": 1956,
    "index": 11
  },
  {
    "name": "Require(9) node_modules/_egg-development@2.4.3@egg-development/config/config.default.js",
    "start": 1568110387444,
    "end": 1568110387444,
    "duration": 0,
    "pid": 1956,
    "index": 12
  },
  {
    "name": "Require(10) node_modules/_egg-logrotator@3.1.0@egg-logrotator/config/config.default.js",
    "start": 1568110387445,
    "end": 1568110387445,
    "duration": 0,
    "pid": 1956,
    "index": 13
  },
  {
    "name": "Require(11) node_modules/_egg-static@2.2.0@egg-static/config/config.default.js",
    "start": 1568110387446,
    "end": 1568110387446,
    "duration": 0,
    "pid": 1956,
    "index": 14
  },
  {
    "name": "Require(12) node_modules/_egg-view@2.1.2@egg-view/config/config.default.js",
    "start": 1568110387447,
    "end": 1568110387447,
    "duration": 0,
    "pid": 1956,
    "index": 15
  },
  {
    "name": "Require(13) node_modules/_egg-sequelize@5.2.0@egg-sequelize/config/config.default.js",
    "start": 1568110387448,
    "end": 1568110387448,
    "duration": 0,
    "pid": 1956,
    "index": 16
  },
  {
    "name": "Require(14) node_modules/_egg@2.23.0@egg/config/config.default.js",
    "start": 1568110387449,
    "end": 1568110387449,
    "duration": 0,
    "pid": 1956,
    "index": 17
  },
  {
    "name": "Require(15) config/config.default.js",
    "start": 1568110387452,
    "end": 1568110387452,
    "duration": 0,
    "pid": 1956,
    "index": 18
  },
  {
    "name": "Require(16) node_modules/_egg-security@2.6.1@egg-security/config/config.local.js",
    "start": 1568110387453,
    "end": 1568110387453,
    "duration": 0,
    "pid": 1956,
    "index": 19
  },
  {
    "name": "Require(17) node_modules/_egg-watcher@3.1.0@egg-watcher/config/config.local.js",
    "start": 1568110387455,
    "end": 1568110387455,
    "duration": 0,
    "pid": 1956,
    "index": 20
  },
  {
    "name": "Require(18) node_modules/_egg-view@2.1.2@egg-view/config/config.local.js",
    "start": 1568110387457,
    "end": 1568110387457,
    "duration": 0,
    "pid": 1956,
    "index": 21
  },
  {
    "name": "Require(19) node_modules/_egg@2.23.0@egg/config/config.local.js",
    "start": 1568110387458,
    "end": 1568110387459,
    "duration": 1,
    "pid": 1956,
    "index": 22
  },
  {
    "name": "Load extend/application.js",
    "start": 1568110387461,
    "end": 1568110387481,
    "duration": 20,
    "pid": 1956,
    "index": 23
  },
  {
    "name": "Require(20) node_modules/_egg-session@3.1.0@egg-session/app/extend/application.js",
    "start": 1568110387462,
    "end": 1568110387462,
    "duration": 0,
    "pid": 1956,
    "index": 24
  },
  {
    "name": "Require(21) node_modules/_egg-security@2.6.1@egg-security/app/extend/application.js",
    "start": 1568110387463,
    "end": 1568110387464,
    "duration": 1,
    "pid": 1956,
    "index": 25
  },
  {
    "name": "Require(22) node_modules/_egg-jsonp@2.0.0@egg-jsonp/app/extend/application.js",
    "start": 1568110387465,
    "end": 1568110387468,
    "duration": 3,
    "pid": 1956,
    "index": 26
  },
  {
    "name": "Require(23) node_modules/_egg-logrotator@3.1.0@egg-logrotator/app/extend/application.js",
    "start": 1568110387470,
    "end": 1568110387474,
    "duration": 4,
    "pid": 1956,
    "index": 27
  },
  {
    "name": "Require(24) node_modules/_egg-view@2.1.2@egg-view/app/extend/application.js",
    "start": 1568110387475,
    "end": 1568110387477,
    "duration": 2,
    "pid": 1956,
    "index": 28
  },
  {
    "name": "Load extend/request.js",
    "start": 1568110387481,
    "end": 1568110387491,
    "duration": 10,
    "pid": 1956,
    "index": 29
  },
  {
    "name": "Require(25) node_modules/_egg@2.23.0@egg/app/extend/request.js",
    "start": 1568110387485,
    "end": 1568110387487,
    "duration": 2,
    "pid": 1956,
    "index": 30
  },
  {
    "name": "Load extend/response.js",
    "start": 1568110387491,
    "end": 1568110387501,
    "duration": 10,
    "pid": 1956,
    "index": 31
  },
  {
    "name": "Require(26) node_modules/_egg@2.23.0@egg/app/extend/response.js",
    "start": 1568110387494,
    "end": 1568110387497,
    "duration": 3,
    "pid": 1956,
    "index": 32
  },
  {
    "name": "Load extend/context.js",
    "start": 1568110387501,
    "end": 1568110387606,
    "duration": 105,
    "pid": 1956,
    "index": 33
  },
  {
    "name": "Require(27) node_modules/_egg-security@2.6.1@egg-security/app/extend/context.js",
    "start": 1568110387501,
    "end": 1568110387521,
    "duration": 20,
    "pid": 1956,
    "index": 34
  },
  {
    "name": "Require(28) node_modules/_egg-jsonp@2.0.0@egg-jsonp/app/extend/context.js",
    "start": 1568110387522,
    "end": 1568110387524,
    "duration": 2,
    "pid": 1956,
    "index": 35
  },
  {
    "name": "Require(29) node_modules/_egg-i18n@2.1.1@egg-i18n/app/extend/context.js",
    "start": 1568110387525,
    "end": 1568110387526,
    "duration": 1,
    "pid": 1956,
    "index": 36
  },
  {
    "name": "Require(30) node_modules/_egg-multipart@2.9.0@egg-multipart/app/extend/context.js",
    "start": 1568110387527,
    "end": 1568110387596,
    "duration": 69,
    "pid": 1956,
    "index": 37
  },
  {
    "name": "Require(31) node_modules/_egg-view@2.1.2@egg-view/app/extend/context.js",
    "start": 1568110387597,
    "end": 1568110387599,
    "duration": 2,
    "pid": 1956,
    "index": 38
  },
  {
    "name": "Require(32) node_modules/_egg@2.23.0@egg/app/extend/context.js",
    "start": 1568110387599,
    "end": 1568110387602,
    "duration": 3,
    "pid": 1956,
    "index": 39
  },
  {
    "name": "Load extend/helper.js",
    "start": 1568110387607,
    "end": 1568110387642,
    "duration": 35,
    "pid": 1956,
    "index": 40
  },
  {
    "name": "Require(33) node_modules/_egg-security@2.6.1@egg-security/app/extend/helper.js",
    "start": 1568110387607,
    "end": 1568110387635,
    "duration": 28,
    "pid": 1956,
    "index": 41
  },
  {
    "name": "Require(34) node_modules/_egg@2.23.0@egg/app/extend/helper.js",
    "start": 1568110387638,
    "end": 1568110387638,
    "duration": 0,
    "pid": 1956,
    "index": 42
  },
  {
    "name": "Load app.js",
    "start": 1568110387643,
    "end": 1568110387696,
    "duration": 53,
    "pid": 1956,
    "index": 43
  },
  {
    "name": "Require(35) node_modules/_egg-session@3.1.0@egg-session/app.js",
    "start": 1568110387643,
    "end": 1568110387644,
    "duration": 1,
    "pid": 1956,
    "index": 44
  },
  {
    "name": "Require(36) node_modules/_egg-security@2.6.1@egg-security/app.js",
    "start": 1568110387644,
    "end": 1568110387647,
    "duration": 3,
    "pid": 1956,
    "index": 45
  },
  {
    "name": "Require(37) node_modules/_egg-onerror@2.1.0@egg-onerror/app.js",
    "start": 1568110387648,
    "end": 1568110387663,
    "duration": 15,
    "pid": 1956,
    "index": 46
  },
  {
    "name": "Require(38) node_modules/_egg-i18n@2.1.1@egg-i18n/app.js",
    "start": 1568110387664,
    "end": 1568110387675,
    "duration": 11,
    "pid": 1956,
    "index": 47
  },
  {
    "name": "Require(39) node_modules/_egg-watcher@3.1.0@egg-watcher/app.js",
    "start": 1568110387676,
    "end": 1568110387682,
    "duration": 6,
    "pid": 1956,
    "index": 48
  },
  {
    "name": "Require(40) node_modules/_egg-schedule@3.6.4@egg-schedule/app.js",
    "start": 1568110387683,
    "end": 1568110387686,
    "duration": 3,
    "pid": 1956,
    "index": 49
  },
  {
    "name": "Require(41) node_modules/_egg-multipart@2.9.0@egg-multipart/app.js",
    "start": 1568110387687,
    "end": 1568110387691,
    "duration": 4,
    "pid": 1956,
    "index": 50
  },
  {
    "name": "Require(42) node_modules/_egg-development@2.4.3@egg-development/app.js",
    "start": 1568110387692,
    "end": 1568110387692,
    "duration": 0,
    "pid": 1956,
    "index": 51
  },
  {
    "name": "Require(43) node_modules/_egg-logrotator@3.1.0@egg-logrotator/app.js",
    "start": 1568110387693,
    "end": 1568110387693,
    "duration": 0,
    "pid": 1956,
    "index": 52
  },
  {
    "name": "Require(44) node_modules/_egg-static@2.2.0@egg-static/app.js",
    "start": 1568110387693,
    "end": 1568110387694,
    "duration": 1,
    "pid": 1956,
    "index": 53
  },
  {
    "name": "Require(45) node_modules/_egg-sequelize@5.2.0@egg-sequelize/app.js",
    "start": 1568110387695,
    "end": 1568110387695,
    "duration": 0,
    "pid": 1956,
    "index": 54
  },
  {
    "name": "Before Start in node_modules/_egg-watcher@3.1.0@egg-watcher/lib/init.js:15:14",
    "start": 1568110387713,
    "end": 1568110388508,
    "duration": 795,
    "pid": 1956,
    "index": 55
  },
  {
    "name": "Load \"Symbol(model)\" to Application",
    "start": 1568110388251,
    "end": 1568110388279,
    "duration": 28,
    "pid": 1956,
    "index": 56
  },
  {
    "name": "Before Start in node_modules/_egg-sequelize@5.2.0@egg-sequelize/lib/loader.js:39:7",
    "start": 1568110388286,
    "end": 1568110388542,
    "duration": 256,
    "pid": 1956,
    "index": 57
  },
  {
    "name": "Load Service",
    "start": 1568110388286,
    "end": 1568110388291,
    "duration": 5,
    "pid": 1956,
    "index": 58
  },
  {
    "name": "Load \"service\" to Context",
    "start": 1568110388286,
    "end": 1568110388291,
    "duration": 5,
    "pid": 1956,
    "index": 59
  },
  {
    "name": "Load Middleware",
    "start": 1568110388292,
    "end": 1568110388420,
    "duration": 128,
    "pid": 1956,
    "index": 60
  },
  {
    "name": "Load \"middlewares\" to Application",
    "start": 1568110388292,
    "end": 1568110388405,
    "duration": 113,
    "pid": 1956,
    "index": 61
  },
  {
    "name": "Load Controller",
    "start": 1568110388421,
    "end": 1568110388424,
    "duration": 3,
    "pid": 1956,
    "index": 62
  },
  {
    "name": "Load \"controller\" to Application",
    "start": 1568110388421,
    "end": 1568110388424,
    "duration": 3,
    "pid": 1956,
    "index": 63
  },
  {
    "name": "Load Router",
    "start": 1568110388424,
    "end": 1568110388428,
    "duration": 4,
    "pid": 1956,
    "index": 64
  },
  {
    "name": "Require(46) app/router.js",
    "start": 1568110388425,
    "end": 1568110388425,
    "duration": 0,
    "pid": 1956,
    "index": 65
  },
  {
    "name": "Before Start in node_modules/_egg-core@4.17.3@egg-core/lib/egg.js:303:10",
    "start": 1568110388426,
    "end": 1568110388448,
    "duration": 22,
    "pid": 1956,
    "index": 66
  }
]