[
  {
    "name": "Application Start",
    "start": 1568083964722,
    "end": 1568083965830,
    "duration": 1108,
    "pid": 5052,
    "index": 0
  },
  {
    "name": "Load Plugin",
    "start": 1568083964728,
    "end": 1568083964754,
    "duration": 26,
    "pid": 5052,
    "index": 1
  },
  {
    "name": "Load Config",
    "start": 1568083964754,
    "end": 1568083964781,
    "duration": 27,
    "pid": 5052,
    "index": 2
  },
  {
    "name": "Require(0) config/config.default.js",
    "start": 1568083964755,
    "end": 1568083964756,
    "duration": 1,
    "pid": 5052,
    "index": 3
  },
  {
    "name": "Require(1) node_modules/_egg-session@3.1.0@egg-session/config/config.default.js",
    "start": 1568083964758,
    "end": 1568083964758,
    "duration": 0,
    "pid": 5052,
    "index": 4
  },
  {
    "name": "Require(2) node_modules/_egg-security@2.6.1@egg-security/config/config.default.js",
    "start": 1568083964759,
    "end": 1568083964759,
    "duration": 0,
    "pid": 5052,
    "index": 5
  },
  {
    "name": "Require(3) node_modules/_egg-jsonp@2.0.0@egg-jsonp/config/config.default.js",
    "start": 1568083964760,
    "end": 1568083964761,
    "duration": 1,
    "pid": 5052,
    "index": 6
  },
  {
    "name": "Require(4) node_modules/_egg-onerror@2.1.0@egg-onerror/config/config.default.js",
    "start": 1568083964761,
    "end": 1568083964762,
    "duration": 1,
    "pid": 5052,
    "index": 7
  },
  {
    "name": "Require(5) node_modules/_egg-i18n@2.1.1@egg-i18n/config/config.default.js",
    "start": 1568083964762,
    "end": 1568083964762,
    "duration": 0,
    "pid": 5052,
    "index": 8
  },
  {
    "name": "Require(6) node_modules/_egg-watcher@3.1.0@egg-watcher/config/config.default.js",
    "start": 1568083964763,
    "end": 1568083964764,
    "duration": 1,
    "pid": 5052,
    "index": 9
  },
  {
    "name": "Require(7) node_modules/_egg-schedule@3.6.4@egg-schedule/config/config.default.js",
    "start": 1568083964764,
    "end": 1568083964765,
    "duration": 1,
    "pid": 5052,
    "index": 10
  },
  {
    "name": "Require(8) node_modules/_egg-multipart@2.9.0@egg-multipart/config/config.default.js",
    "start": 1568083964765,
    "end": 1568083964766,
    "duration": 1,
    "pid": 5052,
    "index": 11
  },
  {
    "name": "Require(9) node_modules/_egg-development@2.4.3@egg-development/config/config.default.js",
    "start": 1568083964767,
    "end": 1568083964767,
    "duration": 0,
    "pid": 5052,
    "index": 12
  },
  {
    "name": "Require(10) node_modules/_egg-logrotator@3.1.0@egg-logrotator/config/config.default.js",
    "start": 1568083964768,
    "end": 1568083964768,
    "duration": 0,
    "pid": 5052,
    "index": 13
  },
  {
    "name": "Require(11) node_modules/_egg-static@2.2.0@egg-static/config/config.default.js",
    "start": 1568083964769,
    "end": 1568083964769,
    "duration": 0,
    "pid": 5052,
    "index": 14
  },
  {
    "name": "Require(12) node_modules/_egg-view@2.1.2@egg-view/config/config.default.js",
    "start": 1568083964770,
    "end": 1568083964770,
    "duration": 0,
    "pid": 5052,
    "index": 15
  },
  {
    "name": "Require(13) node_modules/_egg-sequelize@5.2.0@egg-sequelize/config/config.default.js",
    "start": 1568083964771,
    "end": 1568083964771,
    "duration": 0,
    "pid": 5052,
    "index": 16
  },
  {
    "name": "Require(14) node_modules/_egg@2.23.0@egg/config/config.default.js",
    "start": 1568083964772,
    "end": 1568083964772,
    "duration": 0,
    "pid": 5052,
    "index": 17
  },
  {
    "name": "Require(15) config/config.default.js",
    "start": 1568083964774,
    "end": 1568083964774,
    "duration": 0,
    "pid": 5052,
    "index": 18
  },
  {
    "name": "Require(16) node_modules/_egg-security@2.6.1@egg-security/config/config.local.js",
    "start": 1568083964775,
    "end": 1568083964776,
    "duration": 1,
    "pid": 5052,
    "index": 19
  },
  {
    "name": "Require(17) node_modules/_egg-watcher@3.1.0@egg-watcher/config/config.local.js",
    "start": 1568083964777,
    "end": 1568083964778,
    "duration": 1,
    "pid": 5052,
    "index": 20
  },
  {
    "name": "Require(18) node_modules/_egg-view@2.1.2@egg-view/config/config.local.js",
    "start": 1568083964780,
    "end": 1568083964780,
    "duration": 0,
    "pid": 5052,
    "index": 21
  },
  {
    "name": "Require(19) node_modules/_egg@2.23.0@egg/config/config.local.js",
    "start": 1568083964781,
    "end": 1568083964781,
    "duration": 0,
    "pid": 5052,
    "index": 22
  },
  {
    "name": "Load extend/application.js",
    "start": 1568083964783,
    "end": 1568083964804,
    "duration": 21,
    "pid": 5052,
    "index": 23
  },
  {
    "name": "Require(20) node_modules/_egg-session@3.1.0@egg-session/app/extend/application.js",
    "start": 1568083964784,
    "end": 1568083964785,
    "duration": 1,
    "pid": 5052,
    "index": 24
  },
  {
    "name": "Require(21) node_modules/_egg-security@2.6.1@egg-security/app/extend/application.js",
    "start": 1568083964786,
    "end": 1568083964788,
    "duration": 2,
    "pid": 5052,
    "index": 25
  },
  {
    "name": "Require(22) node_modules/_egg-jsonp@2.0.0@egg-jsonp/app/extend/application.js",
    "start": 1568083964788,
    "end": 1568083964791,
    "duration": 3,
    "pid": 5052,
    "index": 26
  },
  {
    "name": "Require(23) node_modules/_egg-logrotator@3.1.0@egg-logrotator/app/extend/application.js",
    "start": 1568083964793,
    "end": 1568083964797,
    "duration": 4,
    "pid": 5052,
    "index": 27
  },
  {
    "name": "Require(24) node_modules/_egg-view@2.1.2@egg-view/app/extend/application.js",
    "start": 1568083964798,
    "end": 1568083964800,
    "duration": 2,
    "pid": 5052,
    "index": 28
  },
  {
    "name": "Load extend/request.js",
    "start": 1568083964804,
    "end": 1568083964813,
    "duration": 9,
    "pid": 5052,
    "index": 29
  },
  {
    "name": "Require(25) node_modules/_egg@2.23.0@egg/app/extend/request.js",
    "start": 1568083964808,
    "end": 1568083964810,
    "duration": 2,
    "pid": 5052,
    "index": 30
  },
  {
    "name": "Load extend/response.js",
    "start": 1568083964813,
    "end": 1568083964823,
    "duration": 10,
    "pid": 5052,
    "index": 31
  },
  {
    "name": "Require(26) node_modules/_egg@2.23.0@egg/app/extend/response.js",
    "start": 1568083964816,
    "end": 1568083964819,
    "duration": 3,
    "pid": 5052,
    "index": 32
  },
  {
    "name": "Load extend/context.js",
    "start": 1568083964823,
    "end": 1568083964933,
    "duration": 110,
    "pid": 5052,
    "index": 33
  },
  {
    "name": "Require(27) node_modules/_egg-security@2.6.1@egg-security/app/extend/context.js",
    "start": 1568083964824,
    "end": 1568083964844,
    "duration": 20,
    "pid": 5052,
    "index": 34
  },
  {
    "name": "Require(28) node_modules/_egg-jsonp@2.0.0@egg-jsonp/app/extend/context.js",
    "start": 1568083964844,
    "end": 1568083964847,
    "duration": 3,
    "pid": 5052,
    "index": 35
  },
  {
    "name": "Require(29) node_modules/_egg-i18n@2.1.1@egg-i18n/app/extend/context.js",
    "start": 1568083964847,
    "end": 1568083964848,
    "duration": 1,
    "pid": 5052,
    "index": 36
  },
  {
    "name": "Require(30) node_modules/_egg-multipart@2.9.0@egg-multipart/app/extend/context.js",
    "start": 1568083964849,
    "end": 1568083964924,
    "duration": 75,
    "pid": 5052,
    "index": 37
  },
  {
    "name": "Require(31) node_modules/_egg-view@2.1.2@egg-view/app/extend/context.js",
    "start": 1568083964925,
    "end": 1568083964927,
    "duration": 2,
    "pid": 5052,
    "index": 38
  },
  {
    "name": "Require(32) node_modules/_egg@2.23.0@egg/app/extend/context.js",
    "start": 1568083964927,
    "end": 1568083964930,
    "duration": 3,
    "pid": 5052,
    "index": 39
  },
  {
    "name": "Load extend/helper.js",
    "start": 1568083964934,
    "end": 1568083964970,
    "duration": 36,
    "pid": 5052,
    "index": 40
  },
  {
    "name": "Require(33) node_modules/_egg-security@2.6.1@egg-security/app/extend/helper.js",
    "start": 1568083964935,
    "end": 1568083964964,
    "duration": 29,
    "pid": 5052,
    "index": 41
  },
  {
    "name": "Require(34) node_modules/_egg@2.23.0@egg/app/extend/helper.js",
    "start": 1568083964967,
    "end": 1568083964967,
    "duration": 0,
    "pid": 5052,
    "index": 42
  },
  {
    "name": "Load app.js",
    "start": 1568083964971,
    "end": 1568083965024,
    "duration": 53,
    "pid": 5052,
    "index": 43
  },
  {
    "name": "Require(35) node_modules/_egg-session@3.1.0@egg-session/app.js",
    "start": 1568083964971,
    "end": 1568083964972,
    "duration": 1,
    "pid": 5052,
    "index": 44
  },
  {
    "name": "Require(36) node_modules/_egg-security@2.6.1@egg-security/app.js",
    "start": 1568083964973,
    "end": 1568083964976,
    "duration": 3,
    "pid": 5052,
    "index": 45
  },
  {
    "name": "Require(37) node_modules/_egg-onerror@2.1.0@egg-onerror/app.js",
    "start": 1568083964976,
    "end": 1568083964992,
    "duration": 16,
    "pid": 5052,
    "index": 46
  },
  {
    "name": "Require(38) node_modules/_egg-i18n@2.1.1@egg-i18n/app.js",
    "start": 1568083964992,
    "end": 1568083965005,
    "duration": 13,
    "pid": 5052,
    "index": 47
  },
  {
    "name": "Require(39) node_modules/_egg-watcher@3.1.0@egg-watcher/app.js",
    "start": 1568083965006,
    "end": 1568083965011,
    "duration": 5,
    "pid": 5052,
    "index": 48
  },
  {
    "name": "Require(40) node_modules/_egg-schedule@3.6.4@egg-schedule/app.js",
    "start": 1568083965012,
    "end": 1568083965015,
    "duration": 3,
    "pid": 5052,
    "index": 49
  },
  {
    "name": "Require(41) node_modules/_egg-multipart@2.9.0@egg-multipart/app.js",
    "start": 1568083965015,
    "end": 1568083965020,
    "duration": 5,
    "pid": 5052,
    "index": 50
  },
  {
    "name": "Require(42) node_modules/_egg-development@2.4.3@egg-development/app.js",
    "start": 1568083965020,
    "end": 1568083965020,
    "duration": 0,
    "pid": 5052,
    "index": 51
  },
  {
    "name": "Require(43) node_modules/_egg-logrotator@3.1.0@egg-logrotator/app.js",
    "start": 1568083965021,
    "end": 1568083965021,
    "duration": 0,
    "pid": 5052,
    "index": 52
  },
  {
    "name": "Require(44) node_modules/_egg-static@2.2.0@egg-static/app.js",
    "start": 1568083965022,
    "end": 1568083965022,
    "duration": 0,
    "pid": 5052,
    "index": 53
  },
  {
    "name": "Require(45) node_modules/_egg-sequelize@5.2.0@egg-sequelize/app.js",
    "start": 1568083965023,
    "end": 1568083965023,
    "duration": 0,
    "pid": 5052,
    "index": 54
  },
  {
    "name": "Before Start in node_modules/_egg-watcher@3.1.0@egg-watcher/lib/init.js:15:14",
    "start": 1568083965039,
    "end": 1568083965794,
    "duration": 755,
    "pid": 5052,
    "index": 55
  },
  {
    "name": "Load \"Symbol(model)\" to Application",
    "start": 1568083965553,
    "end": 1568083965565,
    "duration": 12,
    "pid": 5052,
    "index": 56
  },
  {
    "name": "Before Start in node_modules/_egg-sequelize@5.2.0@egg-sequelize/lib/loader.js:39:7",
    "start": 1568083965566,
    "end": 1568083965830,
    "duration": 264,
    "pid": 5052,
    "index": 57
  },
  {
    "name": "Load Service",
    "start": 1568083965566,
    "end": 1568083965573,
    "duration": 7,
    "pid": 5052,
    "index": 58
  },
  {
    "name": "Load \"service\" to Context",
    "start": 1568083965567,
    "end": 1568083965573,
    "duration": 6,
    "pid": 5052,
    "index": 59
  },
  {
    "name": "Load Middleware",
    "start": 1568083965573,
    "end": 1568083965707,
    "duration": 134,
    "pid": 5052,
    "index": 60
  },
  {
    "name": "Load \"middlewares\" to Application",
    "start": 1568083965574,
    "end": 1568083965689,
    "duration": 115,
    "pid": 5052,
    "index": 61
  },
  {
    "name": "Load Controller",
    "start": 1568083965707,
    "end": 1568083965710,
    "duration": 3,
    "pid": 5052,
    "index": 62
  },
  {
    "name": "Load \"controller\" to Application",
    "start": 1568083965707,
    "end": 1568083965710,
    "duration": 3,
    "pid": 5052,
    "index": 63
  },
  {
    "name": "Load Router",
    "start": 1568083965710,
    "end": 1568083965713,
    "duration": 3,
    "pid": 5052,
    "index": 64
  },
  {
    "name": "Require(46) app/router.js",
    "start": 1568083965710,
    "end": 1568083965711,
    "duration": 1,
    "pid": 5052,
    "index": 65
  },
  {
    "name": "Before Start in node_modules/_egg-core@4.17.3@egg-core/lib/egg.js:303:10",
    "start": 1568083965711,
    "end": 1568083965733,
    "duration": 22,
    "pid": 5052,
    "index": 66
  }
]