[
  {
    "name": "Application Start",
    "start": 1568119749705,
    "end": 1568119750837,
    "duration": 1132,
    "pid": 13088,
    "index": 0
  },
  {
    "name": "Load Plugin",
    "start": 1568119749712,
    "end": 1568119749738,
    "duration": 26,
    "pid": 13088,
    "index": 1
  },
  {
    "name": "Load Config",
    "start": 1568119749739,
    "end": 1568119749768,
    "duration": 29,
    "pid": 13088,
    "index": 2
  },
  {
    "name": "Require(0) config/config.default.js",
    "start": 1568119749740,
    "end": 1568119749740,
    "duration": 0,
    "pid": 13088,
    "index": 3
  },
  {
    "name": "Require(1) node_modules/_egg-session@3.1.0@egg-session/config/config.default.js",
    "start": 1568119749742,
    "end": 1568119749743,
    "duration": 1,
    "pid": 13088,
    "index": 4
  },
  {
    "name": "Require(2) node_modules/_egg-security@2.6.1@egg-security/config/config.default.js",
    "start": 1568119749744,
    "end": 1568119749744,
    "duration": 0,
    "pid": 13088,
    "index": 5
  },
  {
    "name": "Require(3) node_modules/_egg-jsonp@2.0.0@egg-jsonp/config/config.default.js",
    "start": 1568119749746,
    "end": 1568119749746,
    "duration": 0,
    "pid": 13088,
    "index": 6
  },
  {
    "name": "Require(4) node_modules/_egg-onerror@2.1.0@egg-onerror/config/config.default.js",
    "start": 1568119749747,
    "end": 1568119749747,
    "duration": 0,
    "pid": 13088,
    "index": 7
  },
  {
    "name": "Require(5) node_modules/_egg-i18n@2.1.1@egg-i18n/config/config.default.js",
    "start": 1568119749748,
    "end": 1568119749748,
    "duration": 0,
    "pid": 13088,
    "index": 8
  },
  {
    "name": "Require(6) node_modules/_egg-watcher@3.1.0@egg-watcher/config/config.default.js",
    "start": 1568119749749,
    "end": 1568119749749,
    "duration": 0,
    "pid": 13088,
    "index": 9
  },
  {
    "name": "Require(7) node_modules/_egg-schedule@3.6.4@egg-schedule/config/config.default.js",
    "start": 1568119749750,
    "end": 1568119749750,
    "duration": 0,
    "pid": 13088,
    "index": 10
  },
  {
    "name": "Require(8) node_modules/_egg-multipart@2.9.0@egg-multipart/config/config.default.js",
    "start": 1568119749751,
    "end": 1568119749751,
    "duration": 0,
    "pid": 13088,
    "index": 11
  },
  {
    "name": "Require(9) node_modules/_egg-development@2.4.3@egg-development/config/config.default.js",
    "start": 1568119749752,
    "end": 1568119749752,
    "duration": 0,
    "pid": 13088,
    "index": 12
  },
  {
    "name": "Require(10) node_modules/_egg-logrotator@3.1.0@egg-logrotator/config/config.default.js",
    "start": 1568119749753,
    "end": 1568119749754,
    "duration": 1,
    "pid": 13088,
    "index": 13
  },
  {
    "name": "Require(11) node_modules/_egg-static@2.2.0@egg-static/config/config.default.js",
    "start": 1568119749755,
    "end": 1568119749756,
    "duration": 1,
    "pid": 13088,
    "index": 14
  },
  {
    "name": "Require(12) node_modules/_egg-view@2.1.2@egg-view/config/config.default.js",
    "start": 1568119749757,
    "end": 1568119749757,
    "duration": 0,
    "pid": 13088,
    "index": 15
  },
  {
    "name": "Require(13) node_modules/_egg-sequelize@5.2.0@egg-sequelize/config/config.default.js",
    "start": 1568119749758,
    "end": 1568119749758,
    "duration": 0,
    "pid": 13088,
    "index": 16
  },
  {
    "name": "Require(14) node_modules/_egg@2.23.0@egg/config/config.default.js",
    "start": 1568119749759,
    "end": 1568119749760,
    "duration": 1,
    "pid": 13088,
    "index": 17
  },
  {
    "name": "Require(15) config/config.default.js",
    "start": 1568119749761,
    "end": 1568119749761,
    "duration": 0,
    "pid": 13088,
    "index": 18
  },
  {
    "name": "Require(16) node_modules/_egg-security@2.6.1@egg-security/config/config.local.js",
    "start": 1568119749762,
    "end": 1568119749763,
    "duration": 1,
    "pid": 13088,
    "index": 19
  },
  {
    "name": "Require(17) node_modules/_egg-watcher@3.1.0@egg-watcher/config/config.local.js",
    "start": 1568119749764,
    "end": 1568119749765,
    "duration": 1,
    "pid": 13088,
    "index": 20
  },
  {
    "name": "Require(18) node_modules/_egg-view@2.1.2@egg-view/config/config.local.js",
    "start": 1568119749767,
    "end": 1568119749767,
    "duration": 0,
    "pid": 13088,
    "index": 21
  },
  {
    "name": "Require(19) node_modules/_egg@2.23.0@egg/config/config.local.js",
    "start": 1568119749768,
    "end": 1568119749768,
    "duration": 0,
    "pid": 13088,
    "index": 22
  },
  {
    "name": "Load extend/application.js",
    "start": 1568119749770,
    "end": 1568119749791,
    "duration": 21,
    "pid": 13088,
    "index": 23
  },
  {
    "name": "Require(20) node_modules/_egg-session@3.1.0@egg-session/app/extend/application.js",
    "start": 1568119749771,
    "end": 1568119749772,
    "duration": 1,
    "pid": 13088,
    "index": 24
  },
  {
    "name": "Require(21) node_modules/_egg-security@2.6.1@egg-security/app/extend/application.js",
    "start": 1568119749772,
    "end": 1568119749774,
    "duration": 2,
    "pid": 13088,
    "index": 25
  },
  {
    "name": "Require(22) node_modules/_egg-jsonp@2.0.0@egg-jsonp/app/extend/application.js",
    "start": 1568119749774,
    "end": 1568119749777,
    "duration": 3,
    "pid": 13088,
    "index": 26
  },
  {
    "name": "Require(23) node_modules/_egg-logrotator@3.1.0@egg-logrotator/app/extend/application.js",
    "start": 1568119749780,
    "end": 1568119749783,
    "duration": 3,
    "pid": 13088,
    "index": 27
  },
  {
    "name": "Require(24) node_modules/_egg-view@2.1.2@egg-view/app/extend/application.js",
    "start": 1568119749784,
    "end": 1568119749787,
    "duration": 3,
    "pid": 13088,
    "index": 28
  },
  {
    "name": "Load extend/request.js",
    "start": 1568119749791,
    "end": 1568119749800,
    "duration": 9,
    "pid": 13088,
    "index": 29
  },
  {
    "name": "Require(25) node_modules/_egg@2.23.0@egg/app/extend/request.js",
    "start": 1568119749795,
    "end": 1568119749797,
    "duration": 2,
    "pid": 13088,
    "index": 30
  },
  {
    "name": "Load extend/response.js",
    "start": 1568119749800,
    "end": 1568119749811,
    "duration": 11,
    "pid": 13088,
    "index": 31
  },
  {
    "name": "Require(26) node_modules/_egg@2.23.0@egg/app/extend/response.js",
    "start": 1568119749804,
    "end": 1568119749807,
    "duration": 3,
    "pid": 13088,
    "index": 32
  },
  {
    "name": "Load extend/context.js",
    "start": 1568119749811,
    "end": 1568119749917,
    "duration": 106,
    "pid": 13088,
    "index": 33
  },
  {
    "name": "Require(27) node_modules/_egg-security@2.6.1@egg-security/app/extend/context.js",
    "start": 1568119749811,
    "end": 1568119749832,
    "duration": 21,
    "pid": 13088,
    "index": 34
  },
  {
    "name": "Require(28) node_modules/_egg-jsonp@2.0.0@egg-jsonp/app/extend/context.js",
    "start": 1568119749833,
    "end": 1568119749835,
    "duration": 2,
    "pid": 13088,
    "index": 35
  },
  {
    "name": "Require(29) node_modules/_egg-i18n@2.1.1@egg-i18n/app/extend/context.js",
    "start": 1568119749836,
    "end": 1568119749836,
    "duration": 0,
    "pid": 13088,
    "index": 36
  },
  {
    "name": "Require(30) node_modules/_egg-multipart@2.9.0@egg-multipart/app/extend/context.js",
    "start": 1568119749838,
    "end": 1568119749906,
    "duration": 68,
    "pid": 13088,
    "index": 37
  },
  {
    "name": "Require(31) node_modules/_egg-view@2.1.2@egg-view/app/extend/context.js",
    "start": 1568119749907,
    "end": 1568119749909,
    "duration": 2,
    "pid": 13088,
    "index": 38
  },
  {
    "name": "Require(32) node_modules/_egg@2.23.0@egg/app/extend/context.js",
    "start": 1568119749910,
    "end": 1568119749914,
    "duration": 4,
    "pid": 13088,
    "index": 39
  },
  {
    "name": "Load extend/helper.js",
    "start": 1568119749917,
    "end": 1568119749952,
    "duration": 35,
    "pid": 13088,
    "index": 40
  },
  {
    "name": "Require(33) node_modules/_egg-security@2.6.1@egg-security/app/extend/helper.js",
    "start": 1568119749918,
    "end": 1568119749945,
    "duration": 27,
    "pid": 13088,
    "index": 41
  },
  {
    "name": "Require(34) node_modules/_egg@2.23.0@egg/app/extend/helper.js",
    "start": 1568119749948,
    "end": 1568119749949,
    "duration": 1,
    "pid": 13088,
    "index": 42
  },
  {
    "name": "Load app.js",
    "start": 1568119749952,
    "end": 1568119750003,
    "duration": 51,
    "pid": 13088,
    "index": 43
  },
  {
    "name": "Require(35) node_modules/_egg-session@3.1.0@egg-session/app.js",
    "start": 1568119749953,
    "end": 1568119749953,
    "duration": 0,
    "pid": 13088,
    "index": 44
  },
  {
    "name": "Require(36) node_modules/_egg-security@2.6.1@egg-security/app.js",
    "start": 1568119749953,
    "end": 1568119749956,
    "duration": 3,
    "pid": 13088,
    "index": 45
  },
  {
    "name": "Require(37) node_modules/_egg-onerror@2.1.0@egg-onerror/app.js",
    "start": 1568119749957,
    "end": 1568119749972,
    "duration": 15,
    "pid": 13088,
    "index": 46
  },
  {
    "name": "Require(38) node_modules/_egg-i18n@2.1.1@egg-i18n/app.js",
    "start": 1568119749972,
    "end": 1568119749984,
    "duration": 12,
    "pid": 13088,
    "index": 47
  },
  {
    "name": "Require(39) node_modules/_egg-watcher@3.1.0@egg-watcher/app.js",
    "start": 1568119749984,
    "end": 1568119749990,
    "duration": 6,
    "pid": 13088,
    "index": 48
  },
  {
    "name": "Require(40) node_modules/_egg-schedule@3.6.4@egg-schedule/app.js",
    "start": 1568119749991,
    "end": 1568119749993,
    "duration": 2,
    "pid": 13088,
    "index": 49
  },
  {
    "name": "Require(41) node_modules/_egg-multipart@2.9.0@egg-multipart/app.js",
    "start": 1568119749994,
    "end": 1568119749998,
    "duration": 4,
    "pid": 13088,
    "index": 50
  },
  {
    "name": "Require(42) node_modules/_egg-development@2.4.3@egg-development/app.js",
    "start": 1568119749999,
    "end": 1568119749999,
    "duration": 0,
    "pid": 13088,
    "index": 51
  },
  {
    "name": "Require(43) node_modules/_egg-logrotator@3.1.0@egg-logrotator/app.js",
    "start": 1568119749999,
    "end": 1568119750000,
    "duration": 1,
    "pid": 13088,
    "index": 52
  },
  {
    "name": "Require(44) node_modules/_egg-static@2.2.0@egg-static/app.js",
    "start": 1568119750000,
    "end": 1568119750001,
    "duration": 1,
    "pid": 13088,
    "index": 53
  },
  {
    "name": "Require(45) node_modules/_egg-sequelize@5.2.0@egg-sequelize/app.js",
    "start": 1568119750002,
    "end": 1568119750002,
    "duration": 0,
    "pid": 13088,
    "index": 54
  },
  {
    "name": "Before Start in node_modules/_egg-watcher@3.1.0@egg-watcher/lib/init.js:15:14",
    "start": 1568119750019,
    "end": 1568119750802,
    "duration": 783,
    "pid": 13088,
    "index": 55
  },
  {
    "name": "Load \"Symbol(model)\" to Application",
    "start": 1568119750558,
    "end": 1568119750579,
    "duration": 21,
    "pid": 13088,
    "index": 56
  },
  {
    "name": "Before Start in node_modules/_egg-sequelize@5.2.0@egg-sequelize/lib/loader.js:39:7",
    "start": 1568119750587,
    "end": 1568119750836,
    "duration": 249,
    "pid": 13088,
    "index": 57
  },
  {
    "name": "Load Service",
    "start": 1568119750587,
    "end": 1568119750593,
    "duration": 6,
    "pid": 13088,
    "index": 58
  },
  {
    "name": "Load \"service\" to Context",
    "start": 1568119750588,
    "end": 1568119750593,
    "duration": 5,
    "pid": 13088,
    "index": 59
  },
  {
    "name": "Load Middleware",
    "start": 1568119750593,
    "end": 1568119750722,
    "duration": 129,
    "pid": 13088,
    "index": 60
  },
  {
    "name": "Load \"middlewares\" to Application",
    "start": 1568119750594,
    "end": 1568119750707,
    "duration": 113,
    "pid": 13088,
    "index": 61
  },
  {
    "name": "Load Controller",
    "start": 1568119750723,
    "end": 1568119750727,
    "duration": 4,
    "pid": 13088,
    "index": 62
  },
  {
    "name": "Load \"controller\" to Application",
    "start": 1568119750723,
    "end": 1568119750727,
    "duration": 4,
    "pid": 13088,
    "index": 63
  },
  {
    "name": "Load Router",
    "start": 1568119750727,
    "end": 1568119750730,
    "duration": 3,
    "pid": 13088,
    "index": 64
  },
  {
    "name": "Require(46) app/router.js",
    "start": 1568119750727,
    "end": 1568119750728,
    "duration": 1,
    "pid": 13088,
    "index": 65
  },
  {
    "name": "Before Start in node_modules/_egg-core@4.17.3@egg-core/lib/egg.js:303:10",
    "start": 1568119750728,
    "end": 1568119750751,
    "duration": 23,
    "pid": 13088,
    "index": 66
  }
]