[
  {
    "name": "Application Start",
    "start": 1568117101587,
    "end": 1568117102786,
    "duration": 1199,
    "pid": 11972,
    "index": 0
  },
  {
    "name": "Load Plugin",
    "start": 1568117101594,
    "end": 1568117101618,
    "duration": 24,
    "pid": 11972,
    "index": 1
  },
  {
    "name": "Load Config",
    "start": 1568117101619,
    "end": 1568117101645,
    "duration": 26,
    "pid": 11972,
    "index": 2
  },
  {
    "name": "Require(0) config/config.default.js",
    "start": 1568117101620,
    "end": 1568117101620,
    "duration": 0,
    "pid": 11972,
    "index": 3
  },
  {
    "name": "Require(1) node_modules/_egg-session@3.1.0@egg-session/config/config.default.js",
    "start": 1568117101622,
    "end": 1568117101622,
    "duration": 0,
    "pid": 11972,
    "index": 4
  },
  {
    "name": "Require(2) node_modules/_egg-security@2.6.1@egg-security/config/config.default.js",
    "start": 1568117101623,
    "end": 1568117101623,
    "duration": 0,
    "pid": 11972,
    "index": 5
  },
  {
    "name": "Require(3) node_modules/_egg-jsonp@2.0.0@egg-jsonp/config/config.default.js",
    "start": 1568117101625,
    "end": 1568117101625,
    "duration": 0,
    "pid": 11972,
    "index": 6
  },
  {
    "name": "Require(4) node_modules/_egg-onerror@2.1.0@egg-onerror/config/config.default.js",
    "start": 1568117101625,
    "end": 1568117101626,
    "duration": 1,
    "pid": 11972,
    "index": 7
  },
  {
    "name": "Require(5) node_modules/_egg-i18n@2.1.1@egg-i18n/config/config.default.js",
    "start": 1568117101626,
    "end": 1568117101627,
    "duration": 1,
    "pid": 11972,
    "index": 8
  },
  {
    "name": "Require(6) node_modules/_egg-watcher@3.1.0@egg-watcher/config/config.default.js",
    "start": 1568117101627,
    "end": 1568117101628,
    "duration": 1,
    "pid": 11972,
    "index": 9
  },
  {
    "name": "Require(7) node_modules/_egg-schedule@3.6.4@egg-schedule/config/config.default.js",
    "start": 1568117101628,
    "end": 1568117101629,
    "duration": 1,
    "pid": 11972,
    "index": 10
  },
  {
    "name": "Require(8) node_modules/_egg-multipart@2.9.0@egg-multipart/config/config.default.js",
    "start": 1568117101629,
    "end": 1568117101630,
    "duration": 1,
    "pid": 11972,
    "index": 11
  },
  {
    "name": "Require(9) node_modules/_egg-development@2.4.3@egg-development/config/config.default.js",
    "start": 1568117101631,
    "end": 1568117101631,
    "duration": 0,
    "pid": 11972,
    "index": 12
  },
  {
    "name": "Require(10) node_modules/_egg-logrotator@3.1.0@egg-logrotator/config/config.default.js",
    "start": 1568117101632,
    "end": 1568117101632,
    "duration": 0,
    "pid": 11972,
    "index": 13
  },
  {
    "name": "Require(11) node_modules/_egg-static@2.2.0@egg-static/config/config.default.js",
    "start": 1568117101633,
    "end": 1568117101633,
    "duration": 0,
    "pid": 11972,
    "index": 14
  },
  {
    "name": "Require(12) node_modules/_egg-view@2.1.2@egg-view/config/config.default.js",
    "start": 1568117101634,
    "end": 1568117101634,
    "duration": 0,
    "pid": 11972,
    "index": 15
  },
  {
    "name": "Require(13) node_modules/_egg-sequelize@5.2.0@egg-sequelize/config/config.default.js",
    "start": 1568117101635,
    "end": 1568117101636,
    "duration": 1,
    "pid": 11972,
    "index": 16
  },
  {
    "name": "Require(14) node_modules/_egg@2.23.0@egg/config/config.default.js",
    "start": 1568117101636,
    "end": 1568117101637,
    "duration": 1,
    "pid": 11972,
    "index": 17
  },
  {
    "name": "Require(15) config/config.default.js",
    "start": 1568117101638,
    "end": 1568117101638,
    "duration": 0,
    "pid": 11972,
    "index": 18
  },
  {
    "name": "Require(16) node_modules/_egg-security@2.6.1@egg-security/config/config.local.js",
    "start": 1568117101639,
    "end": 1568117101639,
    "duration": 0,
    "pid": 11972,
    "index": 19
  },
  {
    "name": "Require(17) node_modules/_egg-watcher@3.1.0@egg-watcher/config/config.local.js",
    "start": 1568117101641,
    "end": 1568117101641,
    "duration": 0,
    "pid": 11972,
    "index": 20
  },
  {
    "name": "Require(18) node_modules/_egg-view@2.1.2@egg-view/config/config.local.js",
    "start": 1568117101643,
    "end": 1568117101643,
    "duration": 0,
    "pid": 11972,
    "index": 21
  },
  {
    "name": "Require(19) node_modules/_egg@2.23.0@egg/config/config.local.js",
    "start": 1568117101644,
    "end": 1568117101644,
    "duration": 0,
    "pid": 11972,
    "index": 22
  },
  {
    "name": "Load extend/application.js",
    "start": 1568117101647,
    "end": 1568117101667,
    "duration": 20,
    "pid": 11972,
    "index": 23
  },
  {
    "name": "Require(20) node_modules/_egg-session@3.1.0@egg-session/app/extend/application.js",
    "start": 1568117101648,
    "end": 1568117101648,
    "duration": 0,
    "pid": 11972,
    "index": 24
  },
  {
    "name": "Require(21) node_modules/_egg-security@2.6.1@egg-security/app/extend/application.js",
    "start": 1568117101649,
    "end": 1568117101650,
    "duration": 1,
    "pid": 11972,
    "index": 25
  },
  {
    "name": "Require(22) node_modules/_egg-jsonp@2.0.0@egg-jsonp/app/extend/application.js",
    "start": 1568117101651,
    "end": 1568117101654,
    "duration": 3,
    "pid": 11972,
    "index": 26
  },
  {
    "name": "Require(23) node_modules/_egg-logrotator@3.1.0@egg-logrotator/app/extend/application.js",
    "start": 1568117101656,
    "end": 1568117101660,
    "duration": 4,
    "pid": 11972,
    "index": 27
  },
  {
    "name": "Require(24) node_modules/_egg-view@2.1.2@egg-view/app/extend/application.js",
    "start": 1568117101661,
    "end": 1568117101663,
    "duration": 2,
    "pid": 11972,
    "index": 28
  },
  {
    "name": "Load extend/request.js",
    "start": 1568117101667,
    "end": 1568117101679,
    "duration": 12,
    "pid": 11972,
    "index": 29
  },
  {
    "name": "Require(25) node_modules/_egg@2.23.0@egg/app/extend/request.js",
    "start": 1568117101672,
    "end": 1568117101675,
    "duration": 3,
    "pid": 11972,
    "index": 30
  },
  {
    "name": "Load extend/response.js",
    "start": 1568117101679,
    "end": 1568117101690,
    "duration": 11,
    "pid": 11972,
    "index": 31
  },
  {
    "name": "Require(26) node_modules/_egg@2.23.0@egg/app/extend/response.js",
    "start": 1568117101683,
    "end": 1568117101686,
    "duration": 3,
    "pid": 11972,
    "index": 32
  },
  {
    "name": "Load extend/context.js",
    "start": 1568117101690,
    "end": 1568117101800,
    "duration": 110,
    "pid": 11972,
    "index": 33
  },
  {
    "name": "Require(27) node_modules/_egg-security@2.6.1@egg-security/app/extend/context.js",
    "start": 1568117101691,
    "end": 1568117101712,
    "duration": 21,
    "pid": 11972,
    "index": 34
  },
  {
    "name": "Require(28) node_modules/_egg-jsonp@2.0.0@egg-jsonp/app/extend/context.js",
    "start": 1568117101713,
    "end": 1568117101715,
    "duration": 2,
    "pid": 11972,
    "index": 35
  },
  {
    "name": "Require(29) node_modules/_egg-i18n@2.1.1@egg-i18n/app/extend/context.js",
    "start": 1568117101716,
    "end": 1568117101716,
    "duration": 0,
    "pid": 11972,
    "index": 36
  },
  {
    "name": "Require(30) node_modules/_egg-multipart@2.9.0@egg-multipart/app/extend/context.js",
    "start": 1568117101718,
    "end": 1568117101789,
    "duration": 71,
    "pid": 11972,
    "index": 37
  },
  {
    "name": "Require(31) node_modules/_egg-view@2.1.2@egg-view/app/extend/context.js",
    "start": 1568117101790,
    "end": 1568117101792,
    "duration": 2,
    "pid": 11972,
    "index": 38
  },
  {
    "name": "Require(32) node_modules/_egg@2.23.0@egg/app/extend/context.js",
    "start": 1568117101792,
    "end": 1568117101796,
    "duration": 4,
    "pid": 11972,
    "index": 39
  },
  {
    "name": "Load extend/helper.js",
    "start": 1568117101801,
    "end": 1568117101842,
    "duration": 41,
    "pid": 11972,
    "index": 40
  },
  {
    "name": "Require(33) node_modules/_egg-security@2.6.1@egg-security/app/extend/helper.js",
    "start": 1568117101802,
    "end": 1568117101835,
    "duration": 33,
    "pid": 11972,
    "index": 41
  },
  {
    "name": "Require(34) node_modules/_egg@2.23.0@egg/app/extend/helper.js",
    "start": 1568117101837,
    "end": 1568117101838,
    "duration": 1,
    "pid": 11972,
    "index": 42
  },
  {
    "name": "Load app.js",
    "start": 1568117101842,
    "end": 1568117101896,
    "duration": 54,
    "pid": 11972,
    "index": 43
  },
  {
    "name": "Require(35) node_modules/_egg-session@3.1.0@egg-session/app.js",
    "start": 1568117101843,
    "end": 1568117101843,
    "duration": 0,
    "pid": 11972,
    "index": 44
  },
  {
    "name": "Require(36) node_modules/_egg-security@2.6.1@egg-security/app.js",
    "start": 1568117101844,
    "end": 1568117101847,
    "duration": 3,
    "pid": 11972,
    "index": 45
  },
  {
    "name": "Require(37) node_modules/_egg-onerror@2.1.0@egg-onerror/app.js",
    "start": 1568117101848,
    "end": 1568117101864,
    "duration": 16,
    "pid": 11972,
    "index": 46
  },
  {
    "name": "Require(38) node_modules/_egg-i18n@2.1.1@egg-i18n/app.js",
    "start": 1568117101865,
    "end": 1568117101876,
    "duration": 11,
    "pid": 11972,
    "index": 47
  },
  {
    "name": "Require(39) node_modules/_egg-watcher@3.1.0@egg-watcher/app.js",
    "start": 1568117101876,
    "end": 1568117101882,
    "duration": 6,
    "pid": 11972,
    "index": 48
  },
  {
    "name": "Require(40) node_modules/_egg-schedule@3.6.4@egg-schedule/app.js",
    "start": 1568117101883,
    "end": 1568117101886,
    "duration": 3,
    "pid": 11972,
    "index": 49
  },
  {
    "name": "Require(41) node_modules/_egg-multipart@2.9.0@egg-multipart/app.js",
    "start": 1568117101886,
    "end": 1568117101891,
    "duration": 5,
    "pid": 11972,
    "index": 50
  },
  {
    "name": "Require(42) node_modules/_egg-development@2.4.3@egg-development/app.js",
    "start": 1568117101891,
    "end": 1568117101892,
    "duration": 1,
    "pid": 11972,
    "index": 51
  },
  {
    "name": "Require(43) node_modules/_egg-logrotator@3.1.0@egg-logrotator/app.js",
    "start": 1568117101892,
    "end": 1568117101892,
    "duration": 0,
    "pid": 11972,
    "index": 52
  },
  {
    "name": "Require(44) node_modules/_egg-static@2.2.0@egg-static/app.js",
    "start": 1568117101893,
    "end": 1568117101893,
    "duration": 0,
    "pid": 11972,
    "index": 53
  },
  {
    "name": "Require(45) node_modules/_egg-sequelize@5.2.0@egg-sequelize/app.js",
    "start": 1568117101894,
    "end": 1568117101894,
    "duration": 0,
    "pid": 11972,
    "index": 54
  },
  {
    "name": "Before Start in node_modules/_egg-watcher@3.1.0@egg-watcher/lib/init.js:15:14",
    "start": 1568117101913,
    "end": 1568117102750,
    "duration": 837,
    "pid": 11972,
    "index": 55
  },
  {
    "name": "Load \"Symbol(model)\" to Application",
    "start": 1568117102460,
    "end": 1568117102494,
    "duration": 34,
    "pid": 11972,
    "index": 56
  },
  {
    "name": "Before Start in node_modules/_egg-sequelize@5.2.0@egg-sequelize/lib/loader.js:39:7",
    "start": 1568117102501,
    "end": 1568117102786,
    "duration": 285,
    "pid": 11972,
    "index": 57
  },
  {
    "name": "Load Service",
    "start": 1568117102502,
    "end": 1568117102507,
    "duration": 5,
    "pid": 11972,
    "index": 58
  },
  {
    "name": "Load \"service\" to Context",
    "start": 1568117102502,
    "end": 1568117102507,
    "duration": 5,
    "pid": 11972,
    "index": 59
  },
  {
    "name": "Load Middleware",
    "start": 1568117102508,
    "end": 1568117102646,
    "duration": 138,
    "pid": 11972,
    "index": 60
  },
  {
    "name": "Load \"middlewares\" to Application",
    "start": 1568117102508,
    "end": 1568117102630,
    "duration": 122,
    "pid": 11972,
    "index": 61
  },
  {
    "name": "Load Controller",
    "start": 1568117102646,
    "end": 1568117102650,
    "duration": 4,
    "pid": 11972,
    "index": 62
  },
  {
    "name": "Load \"controller\" to Application",
    "start": 1568117102646,
    "end": 1568117102650,
    "duration": 4,
    "pid": 11972,
    "index": 63
  },
  {
    "name": "Load Router",
    "start": 1568117102650,
    "end": 1568117102654,
    "duration": 4,
    "pid": 11972,
    "index": 64
  },
  {
    "name": "Require(46) app/router.js",
    "start": 1568117102651,
    "end": 1568117102652,
    "duration": 1,
    "pid": 11972,
    "index": 65
  },
  {
    "name": "Before Start in node_modules/_egg-core@4.17.3@egg-core/lib/egg.js:303:10",
    "start": 1568117102652,
    "end": 1568117102678,
    "duration": 26,
    "pid": 11972,
    "index": 66
  }
]