[
  {
    "name": "Application Start",
    "start": 1568110679879,
    "end": 1568110681009,
    "duration": 1130,
    "pid": 11092,
    "index": 0
  },
  {
    "name": "Load Plugin",
    "start": 1568110679886,
    "end": 1568110679911,
    "duration": 25,
    "pid": 11092,
    "index": 1
  },
  {
    "name": "Load Config",
    "start": 1568110679911,
    "end": 1568110679940,
    "duration": 29,
    "pid": 11092,
    "index": 2
  },
  {
    "name": "Require(0) config/config.default.js",
    "start": 1568110679912,
    "end": 1568110679912,
    "duration": 0,
    "pid": 11092,
    "index": 3
  },
  {
    "name": "Require(1) node_modules/_egg-session@3.1.0@egg-session/config/config.default.js",
    "start": 1568110679915,
    "end": 1568110679915,
    "duration": 0,
    "pid": 11092,
    "index": 4
  },
  {
    "name": "Require(2) node_modules/_egg-security@2.6.1@egg-security/config/config.default.js",
    "start": 1568110679916,
    "end": 1568110679916,
    "duration": 0,
    "pid": 11092,
    "index": 5
  },
  {
    "name": "Require(3) node_modules/_egg-jsonp@2.0.0@egg-jsonp/config/config.default.js",
    "start": 1568110679918,
    "end": 1568110679918,
    "duration": 0,
    "pid": 11092,
    "index": 6
  },
  {
    "name": "Require(4) node_modules/_egg-onerror@2.1.0@egg-onerror/config/config.default.js",
    "start": 1568110679919,
    "end": 1568110679919,
    "duration": 0,
    "pid": 11092,
    "index": 7
  },
  {
    "name": "Require(5) node_modules/_egg-i18n@2.1.1@egg-i18n/config/config.default.js",
    "start": 1568110679920,
    "end": 1568110679920,
    "duration": 0,
    "pid": 11092,
    "index": 8
  },
  {
    "name": "Require(6) node_modules/_egg-watcher@3.1.0@egg-watcher/config/config.default.js",
    "start": 1568110679921,
    "end": 1568110679922,
    "duration": 1,
    "pid": 11092,
    "index": 9
  },
  {
    "name": "Require(7) node_modules/_egg-schedule@3.6.4@egg-schedule/config/config.default.js",
    "start": 1568110679923,
    "end": 1568110679923,
    "duration": 0,
    "pid": 11092,
    "index": 10
  },
  {
    "name": "Require(8) node_modules/_egg-multipart@2.9.0@egg-multipart/config/config.default.js",
    "start": 1568110679924,
    "end": 1568110679924,
    "duration": 0,
    "pid": 11092,
    "index": 11
  },
  {
    "name": "Require(9) node_modules/_egg-development@2.4.3@egg-development/config/config.default.js",
    "start": 1568110679925,
    "end": 1568110679926,
    "duration": 1,
    "pid": 11092,
    "index": 12
  },
  {
    "name": "Require(10) node_modules/_egg-logrotator@3.1.0@egg-logrotator/config/config.default.js",
    "start": 1568110679926,
    "end": 1568110679927,
    "duration": 1,
    "pid": 11092,
    "index": 13
  },
  {
    "name": "Require(11) node_modules/_egg-static@2.2.0@egg-static/config/config.default.js",
    "start": 1568110679927,
    "end": 1568110679928,
    "duration": 1,
    "pid": 11092,
    "index": 14
  },
  {
    "name": "Require(12) node_modules/_egg-view@2.1.2@egg-view/config/config.default.js",
    "start": 1568110679929,
    "end": 1568110679929,
    "duration": 0,
    "pid": 11092,
    "index": 15
  },
  {
    "name": "Require(13) node_modules/_egg-sequelize@5.2.0@egg-sequelize/config/config.default.js",
    "start": 1568110679930,
    "end": 1568110679930,
    "duration": 0,
    "pid": 11092,
    "index": 16
  },
  {
    "name": "Require(14) node_modules/_egg@2.23.0@egg/config/config.default.js",
    "start": 1568110679931,
    "end": 1568110679931,
    "duration": 0,
    "pid": 11092,
    "index": 17
  },
  {
    "name": "Require(15) config/config.default.js",
    "start": 1568110679933,
    "end": 1568110679933,
    "duration": 0,
    "pid": 11092,
    "index": 18
  },
  {
    "name": "Require(16) node_modules/_egg-security@2.6.1@egg-security/config/config.local.js",
    "start": 1568110679934,
    "end": 1568110679934,
    "duration": 0,
    "pid": 11092,
    "index": 19
  },
  {
    "name": "Require(17) node_modules/_egg-watcher@3.1.0@egg-watcher/config/config.local.js",
    "start": 1568110679936,
    "end": 1568110679937,
    "duration": 1,
    "pid": 11092,
    "index": 20
  },
  {
    "name": "Require(18) node_modules/_egg-view@2.1.2@egg-view/config/config.local.js",
    "start": 1568110679939,
    "end": 1568110679939,
    "duration": 0,
    "pid": 11092,
    "index": 21
  },
  {
    "name": "Require(19) node_modules/_egg@2.23.0@egg/config/config.local.js",
    "start": 1568110679940,
    "end": 1568110679940,
    "duration": 0,
    "pid": 11092,
    "index": 22
  },
  {
    "name": "Load extend/application.js",
    "start": 1568110679942,
    "end": 1568110679963,
    "duration": 21,
    "pid": 11092,
    "index": 23
  },
  {
    "name": "Require(20) node_modules/_egg-session@3.1.0@egg-session/app/extend/application.js",
    "start": 1568110679943,
    "end": 1568110679944,
    "duration": 1,
    "pid": 11092,
    "index": 24
  },
  {
    "name": "Require(21) node_modules/_egg-security@2.6.1@egg-security/app/extend/application.js",
    "start": 1568110679945,
    "end": 1568110679946,
    "duration": 1,
    "pid": 11092,
    "index": 25
  },
  {
    "name": "Require(22) node_modules/_egg-jsonp@2.0.0@egg-jsonp/app/extend/application.js",
    "start": 1568110679947,
    "end": 1568110679949,
    "duration": 2,
    "pid": 11092,
    "index": 26
  },
  {
    "name": "Require(23) node_modules/_egg-logrotator@3.1.0@egg-logrotator/app/extend/application.js",
    "start": 1568110679951,
    "end": 1568110679956,
    "duration": 5,
    "pid": 11092,
    "index": 27
  },
  {
    "name": "Require(24) node_modules/_egg-view@2.1.2@egg-view/app/extend/application.js",
    "start": 1568110679957,
    "end": 1568110679959,
    "duration": 2,
    "pid": 11092,
    "index": 28
  },
  {
    "name": "Load extend/request.js",
    "start": 1568110679963,
    "end": 1568110679973,
    "duration": 10,
    "pid": 11092,
    "index": 29
  },
  {
    "name": "Require(25) node_modules/_egg@2.23.0@egg/app/extend/request.js",
    "start": 1568110679966,
    "end": 1568110679969,
    "duration": 3,
    "pid": 11092,
    "index": 30
  },
  {
    "name": "Load extend/response.js",
    "start": 1568110679973,
    "end": 1568110679982,
    "duration": 9,
    "pid": 11092,
    "index": 31
  },
  {
    "name": "Require(26) node_modules/_egg@2.23.0@egg/app/extend/response.js",
    "start": 1568110679976,
    "end": 1568110679979,
    "duration": 3,
    "pid": 11092,
    "index": 32
  },
  {
    "name": "Load extend/context.js",
    "start": 1568110679982,
    "end": 1568110680088,
    "duration": 106,
    "pid": 11092,
    "index": 33
  },
  {
    "name": "Require(27) node_modules/_egg-security@2.6.1@egg-security/app/extend/context.js",
    "start": 1568110679983,
    "end": 1568110680006,
    "duration": 23,
    "pid": 11092,
    "index": 34
  },
  {
    "name": "Require(28) node_modules/_egg-jsonp@2.0.0@egg-jsonp/app/extend/context.js",
    "start": 1568110680006,
    "end": 1568110680008,
    "duration": 2,
    "pid": 11092,
    "index": 35
  },
  {
    "name": "Require(29) node_modules/_egg-i18n@2.1.1@egg-i18n/app/extend/context.js",
    "start": 1568110680009,
    "end": 1568110680010,
    "duration": 1,
    "pid": 11092,
    "index": 36
  },
  {
    "name": "Require(30) node_modules/_egg-multipart@2.9.0@egg-multipart/app/extend/context.js",
    "start": 1568110680011,
    "end": 1568110680079,
    "duration": 68,
    "pid": 11092,
    "index": 37
  },
  {
    "name": "Require(31) node_modules/_egg-view@2.1.2@egg-view/app/extend/context.js",
    "start": 1568110680080,
    "end": 1568110680081,
    "duration": 1,
    "pid": 11092,
    "index": 38
  },
  {
    "name": "Require(32) node_modules/_egg@2.23.0@egg/app/extend/context.js",
    "start": 1568110680082,
    "end": 1568110680085,
    "duration": 3,
    "pid": 11092,
    "index": 39
  },
  {
    "name": "Load extend/helper.js",
    "start": 1568110680088,
    "end": 1568110680124,
    "duration": 36,
    "pid": 11092,
    "index": 40
  },
  {
    "name": "Require(33) node_modules/_egg-security@2.6.1@egg-security/app/extend/helper.js",
    "start": 1568110680089,
    "end": 1568110680114,
    "duration": 25,
    "pid": 11092,
    "index": 41
  },
  {
    "name": "Require(34) node_modules/_egg@2.23.0@egg/app/extend/helper.js",
    "start": 1568110680117,
    "end": 1568110680118,
    "duration": 1,
    "pid": 11092,
    "index": 42
  },
  {
    "name": "Load app.js",
    "start": 1568110680124,
    "end": 1568110680180,
    "duration": 56,
    "pid": 11092,
    "index": 43
  },
  {
    "name": "Require(35) node_modules/_egg-session@3.1.0@egg-session/app.js",
    "start": 1568110680125,
    "end": 1568110680125,
    "duration": 0,
    "pid": 11092,
    "index": 44
  },
  {
    "name": "Require(36) node_modules/_egg-security@2.6.1@egg-security/app.js",
    "start": 1568110680126,
    "end": 1568110680129,
    "duration": 3,
    "pid": 11092,
    "index": 45
  },
  {
    "name": "Require(37) node_modules/_egg-onerror@2.1.0@egg-onerror/app.js",
    "start": 1568110680130,
    "end": 1568110680147,
    "duration": 17,
    "pid": 11092,
    "index": 46
  },
  {
    "name": "Require(38) node_modules/_egg-i18n@2.1.1@egg-i18n/app.js",
    "start": 1568110680147,
    "end": 1568110680159,
    "duration": 12,
    "pid": 11092,
    "index": 47
  },
  {
    "name": "Require(39) node_modules/_egg-watcher@3.1.0@egg-watcher/app.js",
    "start": 1568110680160,
    "end": 1568110680166,
    "duration": 6,
    "pid": 11092,
    "index": 48
  },
  {
    "name": "Require(40) node_modules/_egg-schedule@3.6.4@egg-schedule/app.js",
    "start": 1568110680167,
    "end": 1568110680170,
    "duration": 3,
    "pid": 11092,
    "index": 49
  },
  {
    "name": "Require(41) node_modules/_egg-multipart@2.9.0@egg-multipart/app.js",
    "start": 1568110680171,
    "end": 1568110680176,
    "duration": 5,
    "pid": 11092,
    "index": 50
  },
  {
    "name": "Require(42) node_modules/_egg-development@2.4.3@egg-development/app.js",
    "start": 1568110680176,
    "end": 1568110680176,
    "duration": 0,
    "pid": 11092,
    "index": 51
  },
  {
    "name": "Require(43) node_modules/_egg-logrotator@3.1.0@egg-logrotator/app.js",
    "start": 1568110680177,
    "end": 1568110680177,
    "duration": 0,
    "pid": 11092,
    "index": 52
  },
  {
    "name": "Require(44) node_modules/_egg-static@2.2.0@egg-static/app.js",
    "start": 1568110680178,
    "end": 1568110680178,
    "duration": 0,
    "pid": 11092,
    "index": 53
  },
  {
    "name": "Require(45) node_modules/_egg-sequelize@5.2.0@egg-sequelize/app.js",
    "start": 1568110680179,
    "end": 1568110680179,
    "duration": 0,
    "pid": 11092,
    "index": 54
  },
  {
    "name": "Before Start in node_modules/_egg-watcher@3.1.0@egg-watcher/lib/init.js:15:14",
    "start": 1568110680197,
    "end": 1568110680972,
    "duration": 775,
    "pid": 11092,
    "index": 55
  },
  {
    "name": "Load \"Symbol(model)\" to Application",
    "start": 1568110680727,
    "end": 1568110680752,
    "duration": 25,
    "pid": 11092,
    "index": 56
  },
  {
    "name": "Before Start in node_modules/_egg-sequelize@5.2.0@egg-sequelize/lib/loader.js:39:7",
    "start": 1568110680758,
    "end": 1568110681008,
    "duration": 250,
    "pid": 11092,
    "index": 57
  },
  {
    "name": "Load Service",
    "start": 1568110680759,
    "end": 1568110680764,
    "duration": 5,
    "pid": 11092,
    "index": 58
  },
  {
    "name": "Load \"service\" to Context",
    "start": 1568110680759,
    "end": 1568110680764,
    "duration": 5,
    "pid": 11092,
    "index": 59
  },
  {
    "name": "Load Middleware",
    "start": 1568110680764,
    "end": 1568110680889,
    "duration": 125,
    "pid": 11092,
    "index": 60
  },
  {
    "name": "Load \"middlewares\" to Application",
    "start": 1568110680765,
    "end": 1568110680874,
    "duration": 109,
    "pid": 11092,
    "index": 61
  },
  {
    "name": "Load Controller",
    "start": 1568110680889,
    "end": 1568110680893,
    "duration": 4,
    "pid": 11092,
    "index": 62
  },
  {
    "name": "Load \"controller\" to Application",
    "start": 1568110680889,
    "end": 1568110680893,
    "duration": 4,
    "pid": 11092,
    "index": 63
  },
  {
    "name": "Load Router",
    "start": 1568110680893,
    "end": 1568110680896,
    "duration": 3,
    "pid": 11092,
    "index": 64
  },
  {
    "name": "Require(46) app/router.js",
    "start": 1568110680893,
    "end": 1568110680894,
    "duration": 1,
    "pid": 11092,
    "index": 65
  },
  {
    "name": "Before Start in node_modules/_egg-core@4.17.3@egg-core/lib/egg.js:303:10",
    "start": 1568110680894,
    "end": 1568110680915,
    "duration": 21,
    "pid": 11092,
    "index": 66
  }
]