[
  {
    "name": "Application Start",
    "start": 1568110396908,
    "end": 1568110398150,
    "duration": 1242,
    "pid": 10248,
    "index": 0
  },
  {
    "name": "Load Plugin",
    "start": 1568110396916,
    "end": 1568110396943,
    "duration": 27,
    "pid": 10248,
    "index": 1
  },
  {
    "name": "Load Config",
    "start": 1568110396944,
    "end": 1568110396974,
    "duration": 30,
    "pid": 10248,
    "index": 2
  },
  {
    "name": "Require(0) config/config.default.js",
    "start": 1568110396945,
    "end": 1568110396945,
    "duration": 0,
    "pid": 10248,
    "index": 3
  },
  {
    "name": "Require(1) node_modules/_egg-session@3.1.0@egg-session/config/config.default.js",
    "start": 1568110396947,
    "end": 1568110396948,
    "duration": 1,
    "pid": 10248,
    "index": 4
  },
  {
    "name": "Require(2) node_modules/_egg-security@2.6.1@egg-security/config/config.default.js",
    "start": 1568110396949,
    "end": 1568110396949,
    "duration": 0,
    "pid": 10248,
    "index": 5
  },
  {
    "name": "Require(3) node_modules/_egg-jsonp@2.0.0@egg-jsonp/config/config.default.js",
    "start": 1568110396951,
    "end": 1568110396951,
    "duration": 0,
    "pid": 10248,
    "index": 6
  },
  {
    "name": "Require(4) node_modules/_egg-onerror@2.1.0@egg-onerror/config/config.default.js",
    "start": 1568110396952,
    "end": 1568110396953,
    "duration": 1,
    "pid": 10248,
    "index": 7
  },
  {
    "name": "Require(5) node_modules/_egg-i18n@2.1.1@egg-i18n/config/config.default.js",
    "start": 1568110396953,
    "end": 1568110396953,
    "duration": 0,
    "pid": 10248,
    "index": 8
  },
  {
    "name": "Require(6) node_modules/_egg-watcher@3.1.0@egg-watcher/config/config.default.js",
    "start": 1568110396954,
    "end": 1568110396955,
    "duration": 1,
    "pid": 10248,
    "index": 9
  },
  {
    "name": "Require(7) node_modules/_egg-schedule@3.6.4@egg-schedule/config/config.default.js",
    "start": 1568110396955,
    "end": 1568110396956,
    "duration": 1,
    "pid": 10248,
    "index": 10
  },
  {
    "name": "Require(8) node_modules/_egg-multipart@2.9.0@egg-multipart/config/config.default.js",
    "start": 1568110396956,
    "end": 1568110396957,
    "duration": 1,
    "pid": 10248,
    "index": 11
  },
  {
    "name": "Require(9) node_modules/_egg-development@2.4.3@egg-development/config/config.default.js",
    "start": 1568110396958,
    "end": 1568110396958,
    "duration": 0,
    "pid": 10248,
    "index": 12
  },
  {
    "name": "Require(10) node_modules/_egg-logrotator@3.1.0@egg-logrotator/config/config.default.js",
    "start": 1568110396959,
    "end": 1568110396959,
    "duration": 0,
    "pid": 10248,
    "index": 13
  },
  {
    "name": "Require(11) node_modules/_egg-static@2.2.0@egg-static/config/config.default.js",
    "start": 1568110396960,
    "end": 1568110396960,
    "duration": 0,
    "pid": 10248,
    "index": 14
  },
  {
    "name": "Require(12) node_modules/_egg-view@2.1.2@egg-view/config/config.default.js",
    "start": 1568110396961,
    "end": 1568110396961,
    "duration": 0,
    "pid": 10248,
    "index": 15
  },
  {
    "name": "Require(13) node_modules/_egg-sequelize@5.2.0@egg-sequelize/config/config.default.js",
    "start": 1568110396962,
    "end": 1568110396962,
    "duration": 0,
    "pid": 10248,
    "index": 16
  },
  {
    "name": "Require(14) node_modules/_egg@2.23.0@egg/config/config.default.js",
    "start": 1568110396963,
    "end": 1568110396964,
    "duration": 1,
    "pid": 10248,
    "index": 17
  },
  {
    "name": "Require(15) config/config.default.js",
    "start": 1568110396966,
    "end": 1568110396966,
    "duration": 0,
    "pid": 10248,
    "index": 18
  },
  {
    "name": "Require(16) node_modules/_egg-security@2.6.1@egg-security/config/config.local.js",
    "start": 1568110396967,
    "end": 1568110396967,
    "duration": 0,
    "pid": 10248,
    "index": 19
  },
  {
    "name": "Require(17) node_modules/_egg-watcher@3.1.0@egg-watcher/config/config.local.js",
    "start": 1568110396969,
    "end": 1568110396969,
    "duration": 0,
    "pid": 10248,
    "index": 20
  },
  {
    "name": "Require(18) node_modules/_egg-view@2.1.2@egg-view/config/config.local.js",
    "start": 1568110396971,
    "end": 1568110396972,
    "duration": 1,
    "pid": 10248,
    "index": 21
  },
  {
    "name": "Require(19) node_modules/_egg@2.23.0@egg/config/config.local.js",
    "start": 1568110396973,
    "end": 1568110396974,
    "duration": 1,
    "pid": 10248,
    "index": 22
  },
  {
    "name": "Load extend/application.js",
    "start": 1568110396976,
    "end": 1568110396996,
    "duration": 20,
    "pid": 10248,
    "index": 23
  },
  {
    "name": "Require(20) node_modules/_egg-session@3.1.0@egg-session/app/extend/application.js",
    "start": 1568110396977,
    "end": 1568110396977,
    "duration": 0,
    "pid": 10248,
    "index": 24
  },
  {
    "name": "Require(21) node_modules/_egg-security@2.6.1@egg-security/app/extend/application.js",
    "start": 1568110396978,
    "end": 1568110396979,
    "duration": 1,
    "pid": 10248,
    "index": 25
  },
  {
    "name": "Require(22) node_modules/_egg-jsonp@2.0.0@egg-jsonp/app/extend/application.js",
    "start": 1568110396980,
    "end": 1568110396983,
    "duration": 3,
    "pid": 10248,
    "index": 26
  },
  {
    "name": "Require(23) node_modules/_egg-logrotator@3.1.0@egg-logrotator/app/extend/application.js",
    "start": 1568110396985,
    "end": 1568110396989,
    "duration": 4,
    "pid": 10248,
    "index": 27
  },
  {
    "name": "Require(24) node_modules/_egg-view@2.1.2@egg-view/app/extend/application.js",
    "start": 1568110396989,
    "end": 1568110396992,
    "duration": 3,
    "pid": 10248,
    "index": 28
  },
  {
    "name": "Load extend/request.js",
    "start": 1568110396996,
    "end": 1568110397008,
    "duration": 12,
    "pid": 10248,
    "index": 29
  },
  {
    "name": "Require(25) node_modules/_egg@2.23.0@egg/app/extend/request.js",
    "start": 1568110397001,
    "end": 1568110397003,
    "duration": 2,
    "pid": 10248,
    "index": 30
  },
  {
    "name": "Load extend/response.js",
    "start": 1568110397008,
    "end": 1568110397021,
    "duration": 13,
    "pid": 10248,
    "index": 31
  },
  {
    "name": "Require(26) node_modules/_egg@2.23.0@egg/app/extend/response.js",
    "start": 1568110397013,
    "end": 1568110397017,
    "duration": 4,
    "pid": 10248,
    "index": 32
  },
  {
    "name": "Load extend/context.js",
    "start": 1568110397021,
    "end": 1568110397147,
    "duration": 126,
    "pid": 10248,
    "index": 33
  },
  {
    "name": "Require(27) node_modules/_egg-security@2.6.1@egg-security/app/extend/context.js",
    "start": 1568110397021,
    "end": 1568110397045,
    "duration": 24,
    "pid": 10248,
    "index": 34
  },
  {
    "name": "Require(28) node_modules/_egg-jsonp@2.0.0@egg-jsonp/app/extend/context.js",
    "start": 1568110397046,
    "end": 1568110397048,
    "duration": 2,
    "pid": 10248,
    "index": 35
  },
  {
    "name": "Require(29) node_modules/_egg-i18n@2.1.1@egg-i18n/app/extend/context.js",
    "start": 1568110397049,
    "end": 1568110397050,
    "duration": 1,
    "pid": 10248,
    "index": 36
  },
  {
    "name": "Require(30) node_modules/_egg-multipart@2.9.0@egg-multipart/app/extend/context.js",
    "start": 1568110397051,
    "end": 1568110397136,
    "duration": 85,
    "pid": 10248,
    "index": 37
  },
  {
    "name": "Require(31) node_modules/_egg-view@2.1.2@egg-view/app/extend/context.js",
    "start": 1568110397137,
    "end": 1568110397139,
    "duration": 2,
    "pid": 10248,
    "index": 38
  },
  {
    "name": "Require(32) node_modules/_egg@2.23.0@egg/app/extend/context.js",
    "start": 1568110397140,
    "end": 1568110397144,
    "duration": 4,
    "pid": 10248,
    "index": 39
  },
  {
    "name": "Load extend/helper.js",
    "start": 1568110397147,
    "end": 1568110397181,
    "duration": 34,
    "pid": 10248,
    "index": 40
  },
  {
    "name": "Require(33) node_modules/_egg-security@2.6.1@egg-security/app/extend/helper.js",
    "start": 1568110397148,
    "end": 1568110397174,
    "duration": 26,
    "pid": 10248,
    "index": 41
  },
  {
    "name": "Require(34) node_modules/_egg@2.23.0@egg/app/extend/helper.js",
    "start": 1568110397177,
    "end": 1568110397178,
    "duration": 1,
    "pid": 10248,
    "index": 42
  },
  {
    "name": "Load app.js",
    "start": 1568110397181,
    "end": 1568110397241,
    "duration": 60,
    "pid": 10248,
    "index": 43
  },
  {
    "name": "Require(35) node_modules/_egg-session@3.1.0@egg-session/app.js",
    "start": 1568110397182,
    "end": 1568110397182,
    "duration": 0,
    "pid": 10248,
    "index": 44
  },
  {
    "name": "Require(36) node_modules/_egg-security@2.6.1@egg-security/app.js",
    "start": 1568110397183,
    "end": 1568110397186,
    "duration": 3,
    "pid": 10248,
    "index": 45
  },
  {
    "name": "Require(37) node_modules/_egg-onerror@2.1.0@egg-onerror/app.js",
    "start": 1568110397187,
    "end": 1568110397203,
    "duration": 16,
    "pid": 10248,
    "index": 46
  },
  {
    "name": "Require(38) node_modules/_egg-i18n@2.1.1@egg-i18n/app.js",
    "start": 1568110397203,
    "end": 1568110397218,
    "duration": 15,
    "pid": 10248,
    "index": 47
  },
  {
    "name": "Require(39) node_modules/_egg-watcher@3.1.0@egg-watcher/app.js",
    "start": 1568110397219,
    "end": 1568110397227,
    "duration": 8,
    "pid": 10248,
    "index": 48
  },
  {
    "name": "Require(40) node_modules/_egg-schedule@3.6.4@egg-schedule/app.js",
    "start": 1568110397227,
    "end": 1568110397231,
    "duration": 4,
    "pid": 10248,
    "index": 49
  },
  {
    "name": "Require(41) node_modules/_egg-multipart@2.9.0@egg-multipart/app.js",
    "start": 1568110397231,
    "end": 1568110397236,
    "duration": 5,
    "pid": 10248,
    "index": 50
  },
  {
    "name": "Require(42) node_modules/_egg-development@2.4.3@egg-development/app.js",
    "start": 1568110397236,
    "end": 1568110397236,
    "duration": 0,
    "pid": 10248,
    "index": 51
  },
  {
    "name": "Require(43) node_modules/_egg-logrotator@3.1.0@egg-logrotator/app.js",
    "start": 1568110397237,
    "end": 1568110397237,
    "duration": 0,
    "pid": 10248,
    "index": 52
  },
  {
    "name": "Require(44) node_modules/_egg-static@2.2.0@egg-static/app.js",
    "start": 1568110397238,
    "end": 1568110397238,
    "duration": 0,
    "pid": 10248,
    "index": 53
  },
  {
    "name": "Require(45) node_modules/_egg-sequelize@5.2.0@egg-sequelize/app.js",
    "start": 1568110397239,
    "end": 1568110397239,
    "duration": 0,
    "pid": 10248,
    "index": 54
  },
  {
    "name": "Before Start in node_modules/_egg-watcher@3.1.0@egg-watcher/lib/init.js:15:14",
    "start": 1568110397259,
    "end": 1568110398111,
    "duration": 852,
    "pid": 10248,
    "index": 55
  },
  {
    "name": "Load \"Symbol(model)\" to Application",
    "start": 1568110397836,
    "end": 1568110397865,
    "duration": 29,
    "pid": 10248,
    "index": 56
  },
  {
    "name": "Before Start in node_modules/_egg-sequelize@5.2.0@egg-sequelize/lib/loader.js:39:7",
    "start": 1568110397873,
    "end": 1568110398149,
    "duration": 276,
    "pid": 10248,
    "index": 57
  },
  {
    "name": "Load Service",
    "start": 1568110397874,
    "end": 1568110397880,
    "duration": 6,
    "pid": 10248,
    "index": 58
  },
  {
    "name": "Load \"service\" to Context",
    "start": 1568110397874,
    "end": 1568110397880,
    "duration": 6,
    "pid": 10248,
    "index": 59
  },
  {
    "name": "Load Middleware",
    "start": 1568110397880,
    "end": 1568110398025,
    "duration": 145,
    "pid": 10248,
    "index": 60
  },
  {
    "name": "Load \"middlewares\" to Application",
    "start": 1568110397881,
    "end": 1568110398007,
    "duration": 126,
    "pid": 10248,
    "index": 61
  },
  {
    "name": "Load Controller",
    "start": 1568110398025,
    "end": 1568110398030,
    "duration": 5,
    "pid": 10248,
    "index": 62
  },
  {
    "name": "Load \"controller\" to Application",
    "start": 1568110398025,
    "end": 1568110398029,
    "duration": 4,
    "pid": 10248,
    "index": 63
  },
  {
    "name": "Load Router",
    "start": 1568110398030,
    "end": 1568110398033,
    "duration": 3,
    "pid": 10248,
    "index": 64
  },
  {
    "name": "Require(46) app/router.js",
    "start": 1568110398030,
    "end": 1568110398030,
    "duration": 0,
    "pid": 10248,
    "index": 65
  },
  {
    "name": "Before Start in node_modules/_egg-core@4.17.3@egg-core/lib/egg.js:303:10",
    "start": 1568110398031,
    "end": 1568110398057,
    "duration": 26,
    "pid": 10248,
    "index": 66
  }
]