[
  {
    "name": "Application Start",
    "start": 1568116592529,
    "end": 1568116593627,
    "duration": 1098,
    "pid": 11424,
    "index": 0
  },
  {
    "name": "Load Plugin",
    "start": 1568116592536,
    "end": 1568116592559,
    "duration": 23,
    "pid": 11424,
    "index": 1
  },
  {
    "name": "Load Config",
    "start": 1568116592560,
    "end": 1568116592588,
    "duration": 28,
    "pid": 11424,
    "index": 2
  },
  {
    "name": "Require(0) config/config.default.js",
    "start": 1568116592561,
    "end": 1568116592561,
    "duration": 0,
    "pid": 11424,
    "index": 3
  },
  {
    "name": "Require(1) node_modules/_egg-session@3.1.0@egg-session/config/config.default.js",
    "start": 1568116592563,
    "end": 1568116592563,
    "duration": 0,
    "pid": 11424,
    "index": 4
  },
  {
    "name": "Require(2) node_modules/_egg-security@2.6.1@egg-security/config/config.default.js",
    "start": 1568116592564,
    "end": 1568116592564,
    "duration": 0,
    "pid": 11424,
    "index": 5
  },
  {
    "name": "Require(3) node_modules/_egg-jsonp@2.0.0@egg-jsonp/config/config.default.js",
    "start": 1568116592566,
    "end": 1568116592566,
    "duration": 0,
    "pid": 11424,
    "index": 6
  },
  {
    "name": "Require(4) node_modules/_egg-onerror@2.1.0@egg-onerror/config/config.default.js",
    "start": 1568116592567,
    "end": 1568116592568,
    "duration": 1,
    "pid": 11424,
    "index": 7
  },
  {
    "name": "Require(5) node_modules/_egg-i18n@2.1.1@egg-i18n/config/config.default.js",
    "start": 1568116592569,
    "end": 1568116592569,
    "duration": 0,
    "pid": 11424,
    "index": 8
  },
  {
    "name": "Require(6) node_modules/_egg-watcher@3.1.0@egg-watcher/config/config.default.js",
    "start": 1568116592570,
    "end": 1568116592571,
    "duration": 1,
    "pid": 11424,
    "index": 9
  },
  {
    "name": "Require(7) node_modules/_egg-schedule@3.6.4@egg-schedule/config/config.default.js",
    "start": 1568116592571,
    "end": 1568116592572,
    "duration": 1,
    "pid": 11424,
    "index": 10
  },
  {
    "name": "Require(8) node_modules/_egg-multipart@2.9.0@egg-multipart/config/config.default.js",
    "start": 1568116592573,
    "end": 1568116592573,
    "duration": 0,
    "pid": 11424,
    "index": 11
  },
  {
    "name": "Require(9) node_modules/_egg-development@2.4.3@egg-development/config/config.default.js",
    "start": 1568116592574,
    "end": 1568116592574,
    "duration": 0,
    "pid": 11424,
    "index": 12
  },
  {
    "name": "Require(10) node_modules/_egg-logrotator@3.1.0@egg-logrotator/config/config.default.js",
    "start": 1568116592575,
    "end": 1568116592575,
    "duration": 0,
    "pid": 11424,
    "index": 13
  },
  {
    "name": "Require(11) node_modules/_egg-static@2.2.0@egg-static/config/config.default.js",
    "start": 1568116592576,
    "end": 1568116592576,
    "duration": 0,
    "pid": 11424,
    "index": 14
  },
  {
    "name": "Require(12) node_modules/_egg-view@2.1.2@egg-view/config/config.default.js",
    "start": 1568116592577,
    "end": 1568116592578,
    "duration": 1,
    "pid": 11424,
    "index": 15
  },
  {
    "name": "Require(13) node_modules/_egg-sequelize@5.2.0@egg-sequelize/config/config.default.js",
    "start": 1568116592578,
    "end": 1568116592579,
    "duration": 1,
    "pid": 11424,
    "index": 16
  },
  {
    "name": "Require(14) node_modules/_egg@2.23.0@egg/config/config.default.js",
    "start": 1568116592579,
    "end": 1568116592580,
    "duration": 1,
    "pid": 11424,
    "index": 17
  },
  {
    "name": "Require(15) config/config.default.js",
    "start": 1568116592582,
    "end": 1568116592582,
    "duration": 0,
    "pid": 11424,
    "index": 18
  },
  {
    "name": "Require(16) node_modules/_egg-security@2.6.1@egg-security/config/config.local.js",
    "start": 1568116592583,
    "end": 1568116592583,
    "duration": 0,
    "pid": 11424,
    "index": 19
  },
  {
    "name": "Require(17) node_modules/_egg-watcher@3.1.0@egg-watcher/config/config.local.js",
    "start": 1568116592584,
    "end": 1568116592584,
    "duration": 0,
    "pid": 11424,
    "index": 20
  },
  {
    "name": "Require(18) node_modules/_egg-view@2.1.2@egg-view/config/config.local.js",
    "start": 1568116592586,
    "end": 1568116592586,
    "duration": 0,
    "pid": 11424,
    "index": 21
  },
  {
    "name": "Require(19) node_modules/_egg@2.23.0@egg/config/config.local.js",
    "start": 1568116592587,
    "end": 1568116592587,
    "duration": 0,
    "pid": 11424,
    "index": 22
  },
  {
    "name": "Load extend/application.js",
    "start": 1568116592589,
    "end": 1568116592610,
    "duration": 21,
    "pid": 11424,
    "index": 23
  },
  {
    "name": "Require(20) node_modules/_egg-session@3.1.0@egg-session/app/extend/application.js",
    "start": 1568116592591,
    "end": 1568116592591,
    "duration": 0,
    "pid": 11424,
    "index": 24
  },
  {
    "name": "Require(21) node_modules/_egg-security@2.6.1@egg-security/app/extend/application.js",
    "start": 1568116592592,
    "end": 1568116592594,
    "duration": 2,
    "pid": 11424,
    "index": 25
  },
  {
    "name": "Require(22) node_modules/_egg-jsonp@2.0.0@egg-jsonp/app/extend/application.js",
    "start": 1568116592595,
    "end": 1568116592597,
    "duration": 2,
    "pid": 11424,
    "index": 26
  },
  {
    "name": "Require(23) node_modules/_egg-logrotator@3.1.0@egg-logrotator/app/extend/application.js",
    "start": 1568116592599,
    "end": 1568116592603,
    "duration": 4,
    "pid": 11424,
    "index": 27
  },
  {
    "name": "Require(24) node_modules/_egg-view@2.1.2@egg-view/app/extend/application.js",
    "start": 1568116592604,
    "end": 1568116592606,
    "duration": 2,
    "pid": 11424,
    "index": 28
  },
  {
    "name": "Load extend/request.js",
    "start": 1568116592610,
    "end": 1568116592626,
    "duration": 16,
    "pid": 11424,
    "index": 29
  },
  {
    "name": "Require(25) node_modules/_egg@2.23.0@egg/app/extend/request.js",
    "start": 1568116592620,
    "end": 1568116592623,
    "duration": 3,
    "pid": 11424,
    "index": 30
  },
  {
    "name": "Load extend/response.js",
    "start": 1568116592626,
    "end": 1568116592636,
    "duration": 10,
    "pid": 11424,
    "index": 31
  },
  {
    "name": "Require(26) node_modules/_egg@2.23.0@egg/app/extend/response.js",
    "start": 1568116592629,
    "end": 1568116592632,
    "duration": 3,
    "pid": 11424,
    "index": 32
  },
  {
    "name": "Load extend/context.js",
    "start": 1568116592636,
    "end": 1568116592739,
    "duration": 103,
    "pid": 11424,
    "index": 33
  },
  {
    "name": "Require(27) node_modules/_egg-security@2.6.1@egg-security/app/extend/context.js",
    "start": 1568116592636,
    "end": 1568116592656,
    "duration": 20,
    "pid": 11424,
    "index": 34
  },
  {
    "name": "Require(28) node_modules/_egg-jsonp@2.0.0@egg-jsonp/app/extend/context.js",
    "start": 1568116592657,
    "end": 1568116592659,
    "duration": 2,
    "pid": 11424,
    "index": 35
  },
  {
    "name": "Require(29) node_modules/_egg-i18n@2.1.1@egg-i18n/app/extend/context.js",
    "start": 1568116592660,
    "end": 1568116592660,
    "duration": 0,
    "pid": 11424,
    "index": 36
  },
  {
    "name": "Require(30) node_modules/_egg-multipart@2.9.0@egg-multipart/app/extend/context.js",
    "start": 1568116592661,
    "end": 1568116592729,
    "duration": 68,
    "pid": 11424,
    "index": 37
  },
  {
    "name": "Require(31) node_modules/_egg-view@2.1.2@egg-view/app/extend/context.js",
    "start": 1568116592730,
    "end": 1568116592732,
    "duration": 2,
    "pid": 11424,
    "index": 38
  },
  {
    "name": "Require(32) node_modules/_egg@2.23.0@egg/app/extend/context.js",
    "start": 1568116592732,
    "end": 1568116592735,
    "duration": 3,
    "pid": 11424,
    "index": 39
  },
  {
    "name": "Load extend/helper.js",
    "start": 1568116592739,
    "end": 1568116592774,
    "duration": 35,
    "pid": 11424,
    "index": 40
  },
  {
    "name": "Require(33) node_modules/_egg-security@2.6.1@egg-security/app/extend/helper.js",
    "start": 1568116592740,
    "end": 1568116592767,
    "duration": 27,
    "pid": 11424,
    "index": 41
  },
  {
    "name": "Require(34) node_modules/_egg@2.23.0@egg/app/extend/helper.js",
    "start": 1568116592770,
    "end": 1568116592770,
    "duration": 0,
    "pid": 11424,
    "index": 42
  },
  {
    "name": "Load app.js",
    "start": 1568116592774,
    "end": 1568116592825,
    "duration": 51,
    "pid": 11424,
    "index": 43
  },
  {
    "name": "Require(35) node_modules/_egg-session@3.1.0@egg-session/app.js",
    "start": 1568116592775,
    "end": 1568116592775,
    "duration": 0,
    "pid": 11424,
    "index": 44
  },
  {
    "name": "Require(36) node_modules/_egg-security@2.6.1@egg-security/app.js",
    "start": 1568116592776,
    "end": 1568116592779,
    "duration": 3,
    "pid": 11424,
    "index": 45
  },
  {
    "name": "Require(37) node_modules/_egg-onerror@2.1.0@egg-onerror/app.js",
    "start": 1568116592780,
    "end": 1568116592794,
    "duration": 14,
    "pid": 11424,
    "index": 46
  },
  {
    "name": "Require(38) node_modules/_egg-i18n@2.1.1@egg-i18n/app.js",
    "start": 1568116592795,
    "end": 1568116592806,
    "duration": 11,
    "pid": 11424,
    "index": 47
  },
  {
    "name": "Require(39) node_modules/_egg-watcher@3.1.0@egg-watcher/app.js",
    "start": 1568116592806,
    "end": 1568116592812,
    "duration": 6,
    "pid": 11424,
    "index": 48
  },
  {
    "name": "Require(40) node_modules/_egg-schedule@3.6.4@egg-schedule/app.js",
    "start": 1568116592813,
    "end": 1568116592816,
    "duration": 3,
    "pid": 11424,
    "index": 49
  },
  {
    "name": "Require(41) node_modules/_egg-multipart@2.9.0@egg-multipart/app.js",
    "start": 1568116592816,
    "end": 1568116592821,
    "duration": 5,
    "pid": 11424,
    "index": 50
  },
  {
    "name": "Require(42) node_modules/_egg-development@2.4.3@egg-development/app.js",
    "start": 1568116592821,
    "end": 1568116592821,
    "duration": 0,
    "pid": 11424,
    "index": 51
  },
  {
    "name": "Require(43) node_modules/_egg-logrotator@3.1.0@egg-logrotator/app.js",
    "start": 1568116592822,
    "end": 1568116592822,
    "duration": 0,
    "pid": 11424,
    "index": 52
  },
  {
    "name": "Require(44) node_modules/_egg-static@2.2.0@egg-static/app.js",
    "start": 1568116592823,
    "end": 1568116592823,
    "duration": 0,
    "pid": 11424,
    "index": 53
  },
  {
    "name": "Require(45) node_modules/_egg-sequelize@5.2.0@egg-sequelize/app.js",
    "start": 1568116592824,
    "end": 1568116592824,
    "duration": 0,
    "pid": 11424,
    "index": 54
  },
  {
    "name": "Before Start in node_modules/_egg-watcher@3.1.0@egg-watcher/lib/init.js:15:14",
    "start": 1568116592840,
    "end": 1568116593592,
    "duration": 752,
    "pid": 11424,
    "index": 55
  },
  {
    "name": "Load \"Symbol(model)\" to Application",
    "start": 1568116593342,
    "end": 1568116593364,
    "duration": 22,
    "pid": 11424,
    "index": 56
  },
  {
    "name": "Before Start in node_modules/_egg-sequelize@5.2.0@egg-sequelize/lib/loader.js:39:7",
    "start": 1568116593371,
    "end": 1568116593626,
    "duration": 255,
    "pid": 11424,
    "index": 57
  },
  {
    "name": "Load Service",
    "start": 1568116593372,
    "end": 1568116593377,
    "duration": 5,
    "pid": 11424,
    "index": 58
  },
  {
    "name": "Load \"service\" to Context",
    "start": 1568116593372,
    "end": 1568116593377,
    "duration": 5,
    "pid": 11424,
    "index": 59
  },
  {
    "name": "Load Middleware",
    "start": 1568116593378,
    "end": 1568116593506,
    "duration": 128,
    "pid": 11424,
    "index": 60
  },
  {
    "name": "Load \"middlewares\" to Application",
    "start": 1568116593378,
    "end": 1568116593488,
    "duration": 110,
    "pid": 11424,
    "index": 61
  },
  {
    "name": "Load Controller",
    "start": 1568116593506,
    "end": 1568116593510,
    "duration": 4,
    "pid": 11424,
    "index": 62
  },
  {
    "name": "Load \"controller\" to Application",
    "start": 1568116593506,
    "end": 1568116593510,
    "duration": 4,
    "pid": 11424,
    "index": 63
  },
  {
    "name": "Load Router",
    "start": 1568116593510,
    "end": 1568116593513,
    "duration": 3,
    "pid": 11424,
    "index": 64
  },
  {
    "name": "Require(46) app/router.js",
    "start": 1568116593511,
    "end": 1568116593511,
    "duration": 0,
    "pid": 11424,
    "index": 65
  },
  {
    "name": "Before Start in node_modules/_egg-core@4.17.3@egg-core/lib/egg.js:303:10",
    "start": 1568116593511,
    "end": 1568116593533,
    "duration": 22,
    "pid": 11424,
    "index": 66
  }
]