[
  {
    "name": "Application Start",
    "start": 1568115840501,
    "end": 1568115841667,
    "duration": 1166,
    "pid": 7920,
    "index": 0
  },
  {
    "name": "Load Plugin",
    "start": 1568115840508,
    "end": 1568115840537,
    "duration": 29,
    "pid": 7920,
    "index": 1
  },
  {
    "name": "Load Config",
    "start": 1568115840538,
    "end": 1568115840565,
    "duration": 27,
    "pid": 7920,
    "index": 2
  },
  {
    "name": "Require(0) config/config.default.js",
    "start": 1568115840539,
    "end": 1568115840539,
    "duration": 0,
    "pid": 7920,
    "index": 3
  },
  {
    "name": "Require(1) node_modules/_egg-session@3.1.0@egg-session/config/config.default.js",
    "start": 1568115840541,
    "end": 1568115840541,
    "duration": 0,
    "pid": 7920,
    "index": 4
  },
  {
    "name": "Require(2) node_modules/_egg-security@2.6.1@egg-security/config/config.default.js",
    "start": 1568115840542,
    "end": 1568115840542,
    "duration": 0,
    "pid": 7920,
    "index": 5
  },
  {
    "name": "Require(3) node_modules/_egg-jsonp@2.0.0@egg-jsonp/config/config.default.js",
    "start": 1568115840544,
    "end": 1568115840544,
    "duration": 0,
    "pid": 7920,
    "index": 6
  },
  {
    "name": "Require(4) node_modules/_egg-onerror@2.1.0@egg-onerror/config/config.default.js",
    "start": 1568115840545,
    "end": 1568115840545,
    "duration": 0,
    "pid": 7920,
    "index": 7
  },
  {
    "name": "Require(5) node_modules/_egg-i18n@2.1.1@egg-i18n/config/config.default.js",
    "start": 1568115840546,
    "end": 1568115840547,
    "duration": 1,
    "pid": 7920,
    "index": 8
  },
  {
    "name": "Require(6) node_modules/_egg-watcher@3.1.0@egg-watcher/config/config.default.js",
    "start": 1568115840548,
    "end": 1568115840548,
    "duration": 0,
    "pid": 7920,
    "index": 9
  },
  {
    "name": "Require(7) node_modules/_egg-schedule@3.6.4@egg-schedule/config/config.default.js",
    "start": 1568115840549,
    "end": 1568115840549,
    "duration": 0,
    "pid": 7920,
    "index": 10
  },
  {
    "name": "Require(8) node_modules/_egg-multipart@2.9.0@egg-multipart/config/config.default.js",
    "start": 1568115840550,
    "end": 1568115840550,
    "duration": 0,
    "pid": 7920,
    "index": 11
  },
  {
    "name": "Require(9) node_modules/_egg-development@2.4.3@egg-development/config/config.default.js",
    "start": 1568115840551,
    "end": 1568115840551,
    "duration": 0,
    "pid": 7920,
    "index": 12
  },
  {
    "name": "Require(10) node_modules/_egg-logrotator@3.1.0@egg-logrotator/config/config.default.js",
    "start": 1568115840552,
    "end": 1568115840552,
    "duration": 0,
    "pid": 7920,
    "index": 13
  },
  {
    "name": "Require(11) node_modules/_egg-static@2.2.0@egg-static/config/config.default.js",
    "start": 1568115840553,
    "end": 1568115840553,
    "duration": 0,
    "pid": 7920,
    "index": 14
  },
  {
    "name": "Require(12) node_modules/_egg-view@2.1.2@egg-view/config/config.default.js",
    "start": 1568115840554,
    "end": 1568115840554,
    "duration": 0,
    "pid": 7920,
    "index": 15
  },
  {
    "name": "Require(13) node_modules/_egg-sequelize@5.2.0@egg-sequelize/config/config.default.js",
    "start": 1568115840555,
    "end": 1568115840555,
    "duration": 0,
    "pid": 7920,
    "index": 16
  },
  {
    "name": "Require(14) node_modules/_egg@2.23.0@egg/config/config.default.js",
    "start": 1568115840556,
    "end": 1568115840556,
    "duration": 0,
    "pid": 7920,
    "index": 17
  },
  {
    "name": "Require(15) config/config.default.js",
    "start": 1568115840558,
    "end": 1568115840558,
    "duration": 0,
    "pid": 7920,
    "index": 18
  },
  {
    "name": "Require(16) node_modules/_egg-security@2.6.1@egg-security/config/config.local.js",
    "start": 1568115840560,
    "end": 1568115840560,
    "duration": 0,
    "pid": 7920,
    "index": 19
  },
  {
    "name": "Require(17) node_modules/_egg-watcher@3.1.0@egg-watcher/config/config.local.js",
    "start": 1568115840561,
    "end": 1568115840562,
    "duration": 1,
    "pid": 7920,
    "index": 20
  },
  {
    "name": "Require(18) node_modules/_egg-view@2.1.2@egg-view/config/config.local.js",
    "start": 1568115840564,
    "end": 1568115840564,
    "duration": 0,
    "pid": 7920,
    "index": 21
  },
  {
    "name": "Require(19) node_modules/_egg@2.23.0@egg/config/config.local.js",
    "start": 1568115840565,
    "end": 1568115840565,
    "duration": 0,
    "pid": 7920,
    "index": 22
  },
  {
    "name": "Load extend/application.js",
    "start": 1568115840567,
    "end": 1568115840587,
    "duration": 20,
    "pid": 7920,
    "index": 23
  },
  {
    "name": "Require(20) node_modules/_egg-session@3.1.0@egg-session/app/extend/application.js",
    "start": 1568115840568,
    "end": 1568115840568,
    "duration": 0,
    "pid": 7920,
    "index": 24
  },
  {
    "name": "Require(21) node_modules/_egg-security@2.6.1@egg-security/app/extend/application.js",
    "start": 1568115840569,
    "end": 1568115840570,
    "duration": 1,
    "pid": 7920,
    "index": 25
  },
  {
    "name": "Require(22) node_modules/_egg-jsonp@2.0.0@egg-jsonp/app/extend/application.js",
    "start": 1568115840571,
    "end": 1568115840574,
    "duration": 3,
    "pid": 7920,
    "index": 26
  },
  {
    "name": "Require(23) node_modules/_egg-logrotator@3.1.0@egg-logrotator/app/extend/application.js",
    "start": 1568115840576,
    "end": 1568115840580,
    "duration": 4,
    "pid": 7920,
    "index": 27
  },
  {
    "name": "Require(24) node_modules/_egg-view@2.1.2@egg-view/app/extend/application.js",
    "start": 1568115840580,
    "end": 1568115840583,
    "duration": 3,
    "pid": 7920,
    "index": 28
  },
  {
    "name": "Load extend/request.js",
    "start": 1568115840587,
    "end": 1568115840596,
    "duration": 9,
    "pid": 7920,
    "index": 29
  },
  {
    "name": "Require(25) node_modules/_egg@2.23.0@egg/app/extend/request.js",
    "start": 1568115840591,
    "end": 1568115840593,
    "duration": 2,
    "pid": 7920,
    "index": 30
  },
  {
    "name": "Load extend/response.js",
    "start": 1568115840597,
    "end": 1568115840606,
    "duration": 9,
    "pid": 7920,
    "index": 31
  },
  {
    "name": "Require(26) node_modules/_egg@2.23.0@egg/app/extend/response.js",
    "start": 1568115840600,
    "end": 1568115840603,
    "duration": 3,
    "pid": 7920,
    "index": 32
  },
  {
    "name": "Load extend/context.js",
    "start": 1568115840606,
    "end": 1568115840742,
    "duration": 136,
    "pid": 7920,
    "index": 33
  },
  {
    "name": "Require(27) node_modules/_egg-security@2.6.1@egg-security/app/extend/context.js",
    "start": 1568115840607,
    "end": 1568115840638,
    "duration": 31,
    "pid": 7920,
    "index": 34
  },
  {
    "name": "Require(28) node_modules/_egg-jsonp@2.0.0@egg-jsonp/app/extend/context.js",
    "start": 1568115840638,
    "end": 1568115840641,
    "duration": 3,
    "pid": 7920,
    "index": 35
  },
  {
    "name": "Require(29) node_modules/_egg-i18n@2.1.1@egg-i18n/app/extend/context.js",
    "start": 1568115840642,
    "end": 1568115840643,
    "duration": 1,
    "pid": 7920,
    "index": 36
  },
  {
    "name": "Require(30) node_modules/_egg-multipart@2.9.0@egg-multipart/app/extend/context.js",
    "start": 1568115840645,
    "end": 1568115840733,
    "duration": 88,
    "pid": 7920,
    "index": 37
  },
  {
    "name": "Require(31) node_modules/_egg-view@2.1.2@egg-view/app/extend/context.js",
    "start": 1568115840734,
    "end": 1568115840735,
    "duration": 1,
    "pid": 7920,
    "index": 38
  },
  {
    "name": "Require(32) node_modules/_egg@2.23.0@egg/app/extend/context.js",
    "start": 1568115840736,
    "end": 1568115840739,
    "duration": 3,
    "pid": 7920,
    "index": 39
  },
  {
    "name": "Load extend/helper.js",
    "start": 1568115840743,
    "end": 1568115840778,
    "duration": 35,
    "pid": 7920,
    "index": 40
  },
  {
    "name": "Require(33) node_modules/_egg-security@2.6.1@egg-security/app/extend/helper.js",
    "start": 1568115840743,
    "end": 1568115840771,
    "duration": 28,
    "pid": 7920,
    "index": 41
  },
  {
    "name": "Require(34) node_modules/_egg@2.23.0@egg/app/extend/helper.js",
    "start": 1568115840774,
    "end": 1568115840774,
    "duration": 0,
    "pid": 7920,
    "index": 42
  },
  {
    "name": "Load app.js",
    "start": 1568115840778,
    "end": 1568115840831,
    "duration": 53,
    "pid": 7920,
    "index": 43
  },
  {
    "name": "Require(35) node_modules/_egg-session@3.1.0@egg-session/app.js",
    "start": 1568115840779,
    "end": 1568115840779,
    "duration": 0,
    "pid": 7920,
    "index": 44
  },
  {
    "name": "Require(36) node_modules/_egg-security@2.6.1@egg-security/app.js",
    "start": 1568115840780,
    "end": 1568115840783,
    "duration": 3,
    "pid": 7920,
    "index": 45
  },
  {
    "name": "Require(37) node_modules/_egg-onerror@2.1.0@egg-onerror/app.js",
    "start": 1568115840784,
    "end": 1568115840799,
    "duration": 15,
    "pid": 7920,
    "index": 46
  },
  {
    "name": "Require(38) node_modules/_egg-i18n@2.1.1@egg-i18n/app.js",
    "start": 1568115840799,
    "end": 1568115840810,
    "duration": 11,
    "pid": 7920,
    "index": 47
  },
  {
    "name": "Require(39) node_modules/_egg-watcher@3.1.0@egg-watcher/app.js",
    "start": 1568115840811,
    "end": 1568115840818,
    "duration": 7,
    "pid": 7920,
    "index": 48
  },
  {
    "name": "Require(40) node_modules/_egg-schedule@3.6.4@egg-schedule/app.js",
    "start": 1568115840818,
    "end": 1568115840821,
    "duration": 3,
    "pid": 7920,
    "index": 49
  },
  {
    "name": "Require(41) node_modules/_egg-multipart@2.9.0@egg-multipart/app.js",
    "start": 1568115840821,
    "end": 1568115840825,
    "duration": 4,
    "pid": 7920,
    "index": 50
  },
  {
    "name": "Require(42) node_modules/_egg-development@2.4.3@egg-development/app.js",
    "start": 1568115840826,
    "end": 1568115840826,
    "duration": 0,
    "pid": 7920,
    "index": 51
  },
  {
    "name": "Require(43) node_modules/_egg-logrotator@3.1.0@egg-logrotator/app.js",
    "start": 1568115840827,
    "end": 1568115840827,
    "duration": 0,
    "pid": 7920,
    "index": 52
  },
  {
    "name": "Require(44) node_modules/_egg-static@2.2.0@egg-static/app.js",
    "start": 1568115840828,
    "end": 1568115840828,
    "duration": 0,
    "pid": 7920,
    "index": 53
  },
  {
    "name": "Require(45) node_modules/_egg-sequelize@5.2.0@egg-sequelize/app.js",
    "start": 1568115840829,
    "end": 1568115840830,
    "duration": 1,
    "pid": 7920,
    "index": 54
  },
  {
    "name": "Before Start in node_modules/_egg-watcher@3.1.0@egg-watcher/lib/init.js:15:14",
    "start": 1568115840848,
    "end": 1568115841631,
    "duration": 783,
    "pid": 7920,
    "index": 55
  },
  {
    "name": "Load \"Symbol(model)\" to Application",
    "start": 1568115841376,
    "end": 1568115841402,
    "duration": 26,
    "pid": 7920,
    "index": 56
  },
  {
    "name": "Before Start in node_modules/_egg-sequelize@5.2.0@egg-sequelize/lib/loader.js:39:7",
    "start": 1568115841409,
    "end": 1568115841667,
    "duration": 258,
    "pid": 7920,
    "index": 57
  },
  {
    "name": "Load Service",
    "start": 1568115841409,
    "end": 1568115841414,
    "duration": 5,
    "pid": 7920,
    "index": 58
  },
  {
    "name": "Load \"service\" to Context",
    "start": 1568115841410,
    "end": 1568115841414,
    "duration": 4,
    "pid": 7920,
    "index": 59
  },
  {
    "name": "Load Middleware",
    "start": 1568115841415,
    "end": 1568115841551,
    "duration": 136,
    "pid": 7920,
    "index": 60
  },
  {
    "name": "Load \"middlewares\" to Application",
    "start": 1568115841415,
    "end": 1568115841531,
    "duration": 116,
    "pid": 7920,
    "index": 61
  },
  {
    "name": "Load Controller",
    "start": 1568115841551,
    "end": 1568115841555,
    "duration": 4,
    "pid": 7920,
    "index": 62
  },
  {
    "name": "Load \"controller\" to Application",
    "start": 1568115841551,
    "end": 1568115841555,
    "duration": 4,
    "pid": 7920,
    "index": 63
  },
  {
    "name": "Load Router",
    "start": 1568115841555,
    "end": 1568115841558,
    "duration": 3,
    "pid": 7920,
    "index": 64
  },
  {
    "name": "Require(46) app/router.js",
    "start": 1568115841556,
    "end": 1568115841556,
    "duration": 0,
    "pid": 7920,
    "index": 65
  },
  {
    "name": "Before Start in node_modules/_egg-core@4.17.3@egg-core/lib/egg.js:303:10",
    "start": 1568115841556,
    "end": 1568115841581,
    "duration": 25,
    "pid": 7920,
    "index": 66
  }
]