[
  {
    "name": "Application Start",
    "start": 1568103418687,
    "end": 1568103419811,
    "duration": 1124,
    "pid": 13120,
    "index": 0
  },
  {
    "name": "Load Plugin",
    "start": 1568103418694,
    "end": 1568103418719,
    "duration": 25,
    "pid": 13120,
    "index": 1
  },
  {
    "name": "Load Config",
    "start": 1568103418719,
    "end": 1568103418745,
    "duration": 26,
    "pid": 13120,
    "index": 2
  },
  {
    "name": "Require(0) config/config.default.js",
    "start": 1568103418720,
    "end": 1568103418721,
    "duration": 1,
    "pid": 13120,
    "index": 3
  },
  {
    "name": "Require(1) node_modules/_egg-session@3.1.0@egg-session/config/config.default.js",
    "start": 1568103418723,
    "end": 1568103418723,
    "duration": 0,
    "pid": 13120,
    "index": 4
  },
  {
    "name": "Require(2) node_modules/_egg-security@2.6.1@egg-security/config/config.default.js",
    "start": 1568103418724,
    "end": 1568103418724,
    "duration": 0,
    "pid": 13120,
    "index": 5
  },
  {
    "name": "Require(3) node_modules/_egg-jsonp@2.0.0@egg-jsonp/config/config.default.js",
    "start": 1568103418725,
    "end": 1568103418725,
    "duration": 0,
    "pid": 13120,
    "index": 6
  },
  {
    "name": "Require(4) node_modules/_egg-onerror@2.1.0@egg-onerror/config/config.default.js",
    "start": 1568103418726,
    "end": 1568103418726,
    "duration": 0,
    "pid": 13120,
    "index": 7
  },
  {
    "name": "Require(5) node_modules/_egg-i18n@2.1.1@egg-i18n/config/config.default.js",
    "start": 1568103418727,
    "end": 1568103418727,
    "duration": 0,
    "pid": 13120,
    "index": 8
  },
  {
    "name": "Require(6) node_modules/_egg-watcher@3.1.0@egg-watcher/config/config.default.js",
    "start": 1568103418728,
    "end": 1568103418728,
    "duration": 0,
    "pid": 13120,
    "index": 9
  },
  {
    "name": "Require(7) node_modules/_egg-schedule@3.6.4@egg-schedule/config/config.default.js",
    "start": 1568103418729,
    "end": 1568103418729,
    "duration": 0,
    "pid": 13120,
    "index": 10
  },
  {
    "name": "Require(8) node_modules/_egg-multipart@2.9.0@egg-multipart/config/config.default.js",
    "start": 1568103418730,
    "end": 1568103418730,
    "duration": 0,
    "pid": 13120,
    "index": 11
  },
  {
    "name": "Require(9) node_modules/_egg-development@2.4.3@egg-development/config/config.default.js",
    "start": 1568103418731,
    "end": 1568103418732,
    "duration": 1,
    "pid": 13120,
    "index": 12
  },
  {
    "name": "Require(10) node_modules/_egg-logrotator@3.1.0@egg-logrotator/config/config.default.js",
    "start": 1568103418733,
    "end": 1568103418733,
    "duration": 0,
    "pid": 13120,
    "index": 13
  },
  {
    "name": "Require(11) node_modules/_egg-static@2.2.0@egg-static/config/config.default.js",
    "start": 1568103418734,
    "end": 1568103418734,
    "duration": 0,
    "pid": 13120,
    "index": 14
  },
  {
    "name": "Require(12) node_modules/_egg-view@2.1.2@egg-view/config/config.default.js",
    "start": 1568103418735,
    "end": 1568103418736,
    "duration": 1,
    "pid": 13120,
    "index": 15
  },
  {
    "name": "Require(13) node_modules/_egg-sequelize@5.2.0@egg-sequelize/config/config.default.js",
    "start": 1568103418736,
    "end": 1568103418737,
    "duration": 1,
    "pid": 13120,
    "index": 16
  },
  {
    "name": "Require(14) node_modules/_egg@2.23.0@egg/config/config.default.js",
    "start": 1568103418737,
    "end": 1568103418738,
    "duration": 1,
    "pid": 13120,
    "index": 17
  },
  {
    "name": "Require(15) config/config.default.js",
    "start": 1568103418739,
    "end": 1568103418739,
    "duration": 0,
    "pid": 13120,
    "index": 18
  },
  {
    "name": "Require(16) node_modules/_egg-security@2.6.1@egg-security/config/config.local.js",
    "start": 1568103418740,
    "end": 1568103418741,
    "duration": 1,
    "pid": 13120,
    "index": 19
  },
  {
    "name": "Require(17) node_modules/_egg-watcher@3.1.0@egg-watcher/config/config.local.js",
    "start": 1568103418742,
    "end": 1568103418742,
    "duration": 0,
    "pid": 13120,
    "index": 20
  },
  {
    "name": "Require(18) node_modules/_egg-view@2.1.2@egg-view/config/config.local.js",
    "start": 1568103418744,
    "end": 1568103418744,
    "duration": 0,
    "pid": 13120,
    "index": 21
  },
  {
    "name": "Require(19) node_modules/_egg@2.23.0@egg/config/config.local.js",
    "start": 1568103418745,
    "end": 1568103418745,
    "duration": 0,
    "pid": 13120,
    "index": 22
  },
  {
    "name": "Load extend/application.js",
    "start": 1568103418747,
    "end": 1568103418767,
    "duration": 20,
    "pid": 13120,
    "index": 23
  },
  {
    "name": "Require(20) node_modules/_egg-session@3.1.0@egg-session/app/extend/application.js",
    "start": 1568103418748,
    "end": 1568103418748,
    "duration": 0,
    "pid": 13120,
    "index": 24
  },
  {
    "name": "Require(21) node_modules/_egg-security@2.6.1@egg-security/app/extend/application.js",
    "start": 1568103418749,
    "end": 1568103418750,
    "duration": 1,
    "pid": 13120,
    "index": 25
  },
  {
    "name": "Require(22) node_modules/_egg-jsonp@2.0.0@egg-jsonp/app/extend/application.js",
    "start": 1568103418751,
    "end": 1568103418754,
    "duration": 3,
    "pid": 13120,
    "index": 26
  },
  {
    "name": "Require(23) node_modules/_egg-logrotator@3.1.0@egg-logrotator/app/extend/application.js",
    "start": 1568103418756,
    "end": 1568103418759,
    "duration": 3,
    "pid": 13120,
    "index": 27
  },
  {
    "name": "Require(24) node_modules/_egg-view@2.1.2@egg-view/app/extend/application.js",
    "start": 1568103418760,
    "end": 1568103418763,
    "duration": 3,
    "pid": 13120,
    "index": 28
  },
  {
    "name": "Load extend/request.js",
    "start": 1568103418767,
    "end": 1568103418776,
    "duration": 9,
    "pid": 13120,
    "index": 29
  },
  {
    "name": "Require(25) node_modules/_egg@2.23.0@egg/app/extend/request.js",
    "start": 1568103418770,
    "end": 1568103418773,
    "duration": 3,
    "pid": 13120,
    "index": 30
  },
  {
    "name": "Load extend/response.js",
    "start": 1568103418776,
    "end": 1568103418786,
    "duration": 10,
    "pid": 13120,
    "index": 31
  },
  {
    "name": "Require(26) node_modules/_egg@2.23.0@egg/app/extend/response.js",
    "start": 1568103418779,
    "end": 1568103418783,
    "duration": 4,
    "pid": 13120,
    "index": 32
  },
  {
    "name": "Load extend/context.js",
    "start": 1568103418786,
    "end": 1568103418905,
    "duration": 119,
    "pid": 13120,
    "index": 33
  },
  {
    "name": "Require(27) node_modules/_egg-security@2.6.1@egg-security/app/extend/context.js",
    "start": 1568103418787,
    "end": 1568103418807,
    "duration": 20,
    "pid": 13120,
    "index": 34
  },
  {
    "name": "Require(28) node_modules/_egg-jsonp@2.0.0@egg-jsonp/app/extend/context.js",
    "start": 1568103418808,
    "end": 1568103418811,
    "duration": 3,
    "pid": 13120,
    "index": 35
  },
  {
    "name": "Require(29) node_modules/_egg-i18n@2.1.1@egg-i18n/app/extend/context.js",
    "start": 1568103418811,
    "end": 1568103418812,
    "duration": 1,
    "pid": 13120,
    "index": 36
  },
  {
    "name": "Require(30) node_modules/_egg-multipart@2.9.0@egg-multipart/app/extend/context.js",
    "start": 1568103418813,
    "end": 1568103418888,
    "duration": 75,
    "pid": 13120,
    "index": 37
  },
  {
    "name": "Require(31) node_modules/_egg-view@2.1.2@egg-view/app/extend/context.js",
    "start": 1568103418892,
    "end": 1568103418896,
    "duration": 4,
    "pid": 13120,
    "index": 38
  },
  {
    "name": "Require(32) node_modules/_egg@2.23.0@egg/app/extend/context.js",
    "start": 1568103418897,
    "end": 1568103418901,
    "duration": 4,
    "pid": 13120,
    "index": 39
  },
  {
    "name": "Load extend/helper.js",
    "start": 1568103418905,
    "end": 1568103418944,
    "duration": 39,
    "pid": 13120,
    "index": 40
  },
  {
    "name": "Require(33) node_modules/_egg-security@2.6.1@egg-security/app/extend/helper.js",
    "start": 1568103418906,
    "end": 1568103418937,
    "duration": 31,
    "pid": 13120,
    "index": 41
  },
  {
    "name": "Require(34) node_modules/_egg@2.23.0@egg/app/extend/helper.js",
    "start": 1568103418940,
    "end": 1568103418941,
    "duration": 1,
    "pid": 13120,
    "index": 42
  },
  {
    "name": "Load app.js",
    "start": 1568103418945,
    "end": 1568103419006,
    "duration": 61,
    "pid": 13120,
    "index": 43
  },
  {
    "name": "Require(35) node_modules/_egg-session@3.1.0@egg-session/app.js",
    "start": 1568103418945,
    "end": 1568103418946,
    "duration": 1,
    "pid": 13120,
    "index": 44
  },
  {
    "name": "Require(36) node_modules/_egg-security@2.6.1@egg-security/app.js",
    "start": 1568103418946,
    "end": 1568103418950,
    "duration": 4,
    "pid": 13120,
    "index": 45
  },
  {
    "name": "Require(37) node_modules/_egg-onerror@2.1.0@egg-onerror/app.js",
    "start": 1568103418951,
    "end": 1568103418969,
    "duration": 18,
    "pid": 13120,
    "index": 46
  },
  {
    "name": "Require(38) node_modules/_egg-i18n@2.1.1@egg-i18n/app.js",
    "start": 1568103418969,
    "end": 1568103418984,
    "duration": 15,
    "pid": 13120,
    "index": 47
  },
  {
    "name": "Require(39) node_modules/_egg-watcher@3.1.0@egg-watcher/app.js",
    "start": 1568103418985,
    "end": 1568103418992,
    "duration": 7,
    "pid": 13120,
    "index": 48
  },
  {
    "name": "Require(40) node_modules/_egg-schedule@3.6.4@egg-schedule/app.js",
    "start": 1568103418992,
    "end": 1568103418995,
    "duration": 3,
    "pid": 13120,
    "index": 49
  },
  {
    "name": "Require(41) node_modules/_egg-multipart@2.9.0@egg-multipart/app.js",
    "start": 1568103418996,
    "end": 1568103419000,
    "duration": 4,
    "pid": 13120,
    "index": 50
  },
  {
    "name": "Require(42) node_modules/_egg-development@2.4.3@egg-development/app.js",
    "start": 1568103419001,
    "end": 1568103419001,
    "duration": 0,
    "pid": 13120,
    "index": 51
  },
  {
    "name": "Require(43) node_modules/_egg-logrotator@3.1.0@egg-logrotator/app.js",
    "start": 1568103419002,
    "end": 1568103419003,
    "duration": 1,
    "pid": 13120,
    "index": 52
  },
  {
    "name": "Require(44) node_modules/_egg-static@2.2.0@egg-static/app.js",
    "start": 1568103419003,
    "end": 1568103419003,
    "duration": 0,
    "pid": 13120,
    "index": 53
  },
  {
    "name": "Require(45) node_modules/_egg-sequelize@5.2.0@egg-sequelize/app.js",
    "start": 1568103419004,
    "end": 1568103419005,
    "duration": 1,
    "pid": 13120,
    "index": 54
  },
  {
    "name": "Before Start in node_modules/_egg-watcher@3.1.0@egg-watcher/lib/init.js:15:14",
    "start": 1568103419022,
    "end": 1568103419772,
    "duration": 750,
    "pid": 13120,
    "index": 55
  },
  {
    "name": "Load \"Symbol(model)\" to Application",
    "start": 1568103419529,
    "end": 1568103419552,
    "duration": 23,
    "pid": 13120,
    "index": 56
  },
  {
    "name": "Before Start in node_modules/_egg-sequelize@5.2.0@egg-sequelize/lib/loader.js:39:7",
    "start": 1568103419560,
    "end": 1568103419810,
    "duration": 250,
    "pid": 13120,
    "index": 57
  },
  {
    "name": "Load Service",
    "start": 1568103419560,
    "end": 1568103419566,
    "duration": 6,
    "pid": 13120,
    "index": 58
  },
  {
    "name": "Load \"service\" to Context",
    "start": 1568103419560,
    "end": 1568103419566,
    "duration": 6,
    "pid": 13120,
    "index": 59
  },
  {
    "name": "Load Middleware",
    "start": 1568103419566,
    "end": 1568103419698,
    "duration": 132,
    "pid": 13120,
    "index": 60
  },
  {
    "name": "Load \"middlewares\" to Application",
    "start": 1568103419566,
    "end": 1568103419682,
    "duration": 116,
    "pid": 13120,
    "index": 61
  },
  {
    "name": "Load Controller",
    "start": 1568103419698,
    "end": 1568103419702,
    "duration": 4,
    "pid": 13120,
    "index": 62
  },
  {
    "name": "Load \"controller\" to Application",
    "start": 1568103419698,
    "end": 1568103419702,
    "duration": 4,
    "pid": 13120,
    "index": 63
  },
  {
    "name": "Load Router",
    "start": 1568103419702,
    "end": 1568103419705,
    "duration": 3,
    "pid": 13120,
    "index": 64
  },
  {
    "name": "Require(46) app/router.js",
    "start": 1568103419702,
    "end": 1568103419703,
    "duration": 1,
    "pid": 13120,
    "index": 65
  },
  {
    "name": "Before Start in node_modules/_egg-core@4.17.3@egg-core/lib/egg.js:303:10",
    "start": 1568103419703,
    "end": 1568103419725,
    "duration": 22,
    "pid": 13120,
    "index": 66
  }
]