[
  {
    "name": "Application Start",
    "start": 1568118849962,
    "end": 1568118851095,
    "duration": 1133,
    "pid": 1180,
    "index": 0
  },
  {
    "name": "Load Plugin",
    "start": 1568118849969,
    "end": 1568118850011,
    "duration": 42,
    "pid": 1180,
    "index": 1
  },
  {
    "name": "Load Config",
    "start": 1568118850012,
    "end": 1568118850044,
    "duration": 32,
    "pid": 1180,
    "index": 2
  },
  {
    "name": "Require(0) config/config.default.js",
    "start": 1568118850013,
    "end": 1568118850013,
    "duration": 0,
    "pid": 1180,
    "index": 3
  },
  {
    "name": "Require(1) node_modules/_egg-session@3.1.0@egg-session/config/config.default.js",
    "start": 1568118850015,
    "end": 1568118850016,
    "duration": 1,
    "pid": 1180,
    "index": 4
  },
  {
    "name": "Require(2) node_modules/_egg-security@2.6.1@egg-security/config/config.default.js",
    "start": 1568118850017,
    "end": 1568118850017,
    "duration": 0,
    "pid": 1180,
    "index": 5
  },
  {
    "name": "Require(3) node_modules/_egg-jsonp@2.0.0@egg-jsonp/config/config.default.js",
    "start": 1568118850018,
    "end": 1568118850019,
    "duration": 1,
    "pid": 1180,
    "index": 6
  },
  {
    "name": "Require(4) node_modules/_egg-onerror@2.1.0@egg-onerror/config/config.default.js",
    "start": 1568118850019,
    "end": 1568118850020,
    "duration": 1,
    "pid": 1180,
    "index": 7
  },
  {
    "name": "Require(5) node_modules/_egg-i18n@2.1.1@egg-i18n/config/config.default.js",
    "start": 1568118850020,
    "end": 1568118850021,
    "duration": 1,
    "pid": 1180,
    "index": 8
  },
  {
    "name": "Require(6) node_modules/_egg-watcher@3.1.0@egg-watcher/config/config.default.js",
    "start": 1568118850022,
    "end": 1568118850022,
    "duration": 0,
    "pid": 1180,
    "index": 9
  },
  {
    "name": "Require(7) node_modules/_egg-schedule@3.6.4@egg-schedule/config/config.default.js",
    "start": 1568118850023,
    "end": 1568118850023,
    "duration": 0,
    "pid": 1180,
    "index": 10
  },
  {
    "name": "Require(8) node_modules/_egg-multipart@2.9.0@egg-multipart/config/config.default.js",
    "start": 1568118850024,
    "end": 1568118850025,
    "duration": 1,
    "pid": 1180,
    "index": 11
  },
  {
    "name": "Require(9) node_modules/_egg-development@2.4.3@egg-development/config/config.default.js",
    "start": 1568118850027,
    "end": 1568118850028,
    "duration": 1,
    "pid": 1180,
    "index": 12
  },
  {
    "name": "Require(10) node_modules/_egg-logrotator@3.1.0@egg-logrotator/config/config.default.js",
    "start": 1568118850029,
    "end": 1568118850029,
    "duration": 0,
    "pid": 1180,
    "index": 13
  },
  {
    "name": "Require(11) node_modules/_egg-static@2.2.0@egg-static/config/config.default.js",
    "start": 1568118850030,
    "end": 1568118850030,
    "duration": 0,
    "pid": 1180,
    "index": 14
  },
  {
    "name": "Require(12) node_modules/_egg-view@2.1.2@egg-view/config/config.default.js",
    "start": 1568118850031,
    "end": 1568118850031,
    "duration": 0,
    "pid": 1180,
    "index": 15
  },
  {
    "name": "Require(13) node_modules/_egg-sequelize@5.2.0@egg-sequelize/config/config.default.js",
    "start": 1568118850032,
    "end": 1568118850032,
    "duration": 0,
    "pid": 1180,
    "index": 16
  },
  {
    "name": "Require(14) node_modules/_egg@2.23.0@egg/config/config.default.js",
    "start": 1568118850033,
    "end": 1568118850034,
    "duration": 1,
    "pid": 1180,
    "index": 17
  },
  {
    "name": "Require(15) config/config.default.js",
    "start": 1568118850035,
    "end": 1568118850036,
    "duration": 1,
    "pid": 1180,
    "index": 18
  },
  {
    "name": "Require(16) node_modules/_egg-security@2.6.1@egg-security/config/config.local.js",
    "start": 1568118850037,
    "end": 1568118850037,
    "duration": 0,
    "pid": 1180,
    "index": 19
  },
  {
    "name": "Require(17) node_modules/_egg-watcher@3.1.0@egg-watcher/config/config.local.js",
    "start": 1568118850040,
    "end": 1568118850040,
    "duration": 0,
    "pid": 1180,
    "index": 20
  },
  {
    "name": "Require(18) node_modules/_egg-view@2.1.2@egg-view/config/config.local.js",
    "start": 1568118850042,
    "end": 1568118850042,
    "duration": 0,
    "pid": 1180,
    "index": 21
  },
  {
    "name": "Require(19) node_modules/_egg@2.23.0@egg/config/config.local.js",
    "start": 1568118850043,
    "end": 1568118850043,
    "duration": 0,
    "pid": 1180,
    "index": 22
  },
  {
    "name": "Load extend/application.js",
    "start": 1568118850046,
    "end": 1568118850068,
    "duration": 22,
    "pid": 1180,
    "index": 23
  },
  {
    "name": "Require(20) node_modules/_egg-session@3.1.0@egg-session/app/extend/application.js",
    "start": 1568118850047,
    "end": 1568118850047,
    "duration": 0,
    "pid": 1180,
    "index": 24
  },
  {
    "name": "Require(21) node_modules/_egg-security@2.6.1@egg-security/app/extend/application.js",
    "start": 1568118850048,
    "end": 1568118850049,
    "duration": 1,
    "pid": 1180,
    "index": 25
  },
  {
    "name": "Require(22) node_modules/_egg-jsonp@2.0.0@egg-jsonp/app/extend/application.js",
    "start": 1568118850050,
    "end": 1568118850053,
    "duration": 3,
    "pid": 1180,
    "index": 26
  },
  {
    "name": "Require(23) node_modules/_egg-logrotator@3.1.0@egg-logrotator/app/extend/application.js",
    "start": 1568118850056,
    "end": 1568118850060,
    "duration": 4,
    "pid": 1180,
    "index": 27
  },
  {
    "name": "Require(24) node_modules/_egg-view@2.1.2@egg-view/app/extend/application.js",
    "start": 1568118850061,
    "end": 1568118850063,
    "duration": 2,
    "pid": 1180,
    "index": 28
  },
  {
    "name": "Load extend/request.js",
    "start": 1568118850068,
    "end": 1568118850078,
    "duration": 10,
    "pid": 1180,
    "index": 29
  },
  {
    "name": "Require(25) node_modules/_egg@2.23.0@egg/app/extend/request.js",
    "start": 1568118850072,
    "end": 1568118850075,
    "duration": 3,
    "pid": 1180,
    "index": 30
  },
  {
    "name": "Load extend/response.js",
    "start": 1568118850078,
    "end": 1568118850089,
    "duration": 11,
    "pid": 1180,
    "index": 31
  },
  {
    "name": "Require(26) node_modules/_egg@2.23.0@egg/app/extend/response.js",
    "start": 1568118850082,
    "end": 1568118850085,
    "duration": 3,
    "pid": 1180,
    "index": 32
  },
  {
    "name": "Load extend/context.js",
    "start": 1568118850089,
    "end": 1568118850194,
    "duration": 105,
    "pid": 1180,
    "index": 33
  },
  {
    "name": "Require(27) node_modules/_egg-security@2.6.1@egg-security/app/extend/context.js",
    "start": 1568118850089,
    "end": 1568118850109,
    "duration": 20,
    "pid": 1180,
    "index": 34
  },
  {
    "name": "Require(28) node_modules/_egg-jsonp@2.0.0@egg-jsonp/app/extend/context.js",
    "start": 1568118850110,
    "end": 1568118850112,
    "duration": 2,
    "pid": 1180,
    "index": 35
  },
  {
    "name": "Require(29) node_modules/_egg-i18n@2.1.1@egg-i18n/app/extend/context.js",
    "start": 1568118850113,
    "end": 1568118850113,
    "duration": 0,
    "pid": 1180,
    "index": 36
  },
  {
    "name": "Require(30) node_modules/_egg-multipart@2.9.0@egg-multipart/app/extend/context.js",
    "start": 1568118850115,
    "end": 1568118850185,
    "duration": 70,
    "pid": 1180,
    "index": 37
  },
  {
    "name": "Require(31) node_modules/_egg-view@2.1.2@egg-view/app/extend/context.js",
    "start": 1568118850186,
    "end": 1568118850187,
    "duration": 1,
    "pid": 1180,
    "index": 38
  },
  {
    "name": "Require(32) node_modules/_egg@2.23.0@egg/app/extend/context.js",
    "start": 1568118850188,
    "end": 1568118850191,
    "duration": 3,
    "pid": 1180,
    "index": 39
  },
  {
    "name": "Load extend/helper.js",
    "start": 1568118850194,
    "end": 1568118850229,
    "duration": 35,
    "pid": 1180,
    "index": 40
  },
  {
    "name": "Require(33) node_modules/_egg-security@2.6.1@egg-security/app/extend/helper.js",
    "start": 1568118850195,
    "end": 1568118850222,
    "duration": 27,
    "pid": 1180,
    "index": 41
  },
  {
    "name": "Require(34) node_modules/_egg@2.23.0@egg/app/extend/helper.js",
    "start": 1568118850225,
    "end": 1568118850226,
    "duration": 1,
    "pid": 1180,
    "index": 42
  },
  {
    "name": "Load app.js",
    "start": 1568118850229,
    "end": 1568118850280,
    "duration": 51,
    "pid": 1180,
    "index": 43
  },
  {
    "name": "Require(35) node_modules/_egg-session@3.1.0@egg-session/app.js",
    "start": 1568118850230,
    "end": 1568118850230,
    "duration": 0,
    "pid": 1180,
    "index": 44
  },
  {
    "name": "Require(36) node_modules/_egg-security@2.6.1@egg-security/app.js",
    "start": 1568118850231,
    "end": 1568118850234,
    "duration": 3,
    "pid": 1180,
    "index": 45
  },
  {
    "name": "Require(37) node_modules/_egg-onerror@2.1.0@egg-onerror/app.js",
    "start": 1568118850235,
    "end": 1568118850250,
    "duration": 15,
    "pid": 1180,
    "index": 46
  },
  {
    "name": "Require(38) node_modules/_egg-i18n@2.1.1@egg-i18n/app.js",
    "start": 1568118850250,
    "end": 1568118850261,
    "duration": 11,
    "pid": 1180,
    "index": 47
  },
  {
    "name": "Require(39) node_modules/_egg-watcher@3.1.0@egg-watcher/app.js",
    "start": 1568118850262,
    "end": 1568118850267,
    "duration": 5,
    "pid": 1180,
    "index": 48
  },
  {
    "name": "Require(40) node_modules/_egg-schedule@3.6.4@egg-schedule/app.js",
    "start": 1568118850268,
    "end": 1568118850271,
    "duration": 3,
    "pid": 1180,
    "index": 49
  },
  {
    "name": "Require(41) node_modules/_egg-multipart@2.9.0@egg-multipart/app.js",
    "start": 1568118850271,
    "end": 1568118850275,
    "duration": 4,
    "pid": 1180,
    "index": 50
  },
  {
    "name": "Require(42) node_modules/_egg-development@2.4.3@egg-development/app.js",
    "start": 1568118850276,
    "end": 1568118850276,
    "duration": 0,
    "pid": 1180,
    "index": 51
  },
  {
    "name": "Require(43) node_modules/_egg-logrotator@3.1.0@egg-logrotator/app.js",
    "start": 1568118850276,
    "end": 1568118850277,
    "duration": 1,
    "pid": 1180,
    "index": 52
  },
  {
    "name": "Require(44) node_modules/_egg-static@2.2.0@egg-static/app.js",
    "start": 1568118850277,
    "end": 1568118850278,
    "duration": 1,
    "pid": 1180,
    "index": 53
  },
  {
    "name": "Require(45) node_modules/_egg-sequelize@5.2.0@egg-sequelize/app.js",
    "start": 1568118850278,
    "end": 1568118850279,
    "duration": 1,
    "pid": 1180,
    "index": 54
  },
  {
    "name": "Before Start in node_modules/_egg-watcher@3.1.0@egg-watcher/lib/init.js:15:14",
    "start": 1568118850295,
    "end": 1568118851064,
    "duration": 769,
    "pid": 1180,
    "index": 55
  },
  {
    "name": "Load \"Symbol(model)\" to Application",
    "start": 1568118850810,
    "end": 1568118850833,
    "duration": 23,
    "pid": 1180,
    "index": 56
  },
  {
    "name": "Before Start in node_modules/_egg-sequelize@5.2.0@egg-sequelize/lib/loader.js:39:7",
    "start": 1568118850841,
    "end": 1568118851094,
    "duration": 253,
    "pid": 1180,
    "index": 57
  },
  {
    "name": "Load Service",
    "start": 1568118850841,
    "end": 1568118850847,
    "duration": 6,
    "pid": 1180,
    "index": 58
  },
  {
    "name": "Load \"service\" to Context",
    "start": 1568118850841,
    "end": 1568118850847,
    "duration": 6,
    "pid": 1180,
    "index": 59
  },
  {
    "name": "Load Middleware",
    "start": 1568118850847,
    "end": 1568118850977,
    "duration": 130,
    "pid": 1180,
    "index": 60
  },
  {
    "name": "Load \"middlewares\" to Application",
    "start": 1568118850847,
    "end": 1568118850962,
    "duration": 115,
    "pid": 1180,
    "index": 61
  },
  {
    "name": "Load Controller",
    "start": 1568118850977,
    "end": 1568118850981,
    "duration": 4,
    "pid": 1180,
    "index": 62
  },
  {
    "name": "Load \"controller\" to Application",
    "start": 1568118850977,
    "end": 1568118850981,
    "duration": 4,
    "pid": 1180,
    "index": 63
  },
  {
    "name": "Load Router",
    "start": 1568118850981,
    "end": 1568118850984,
    "duration": 3,
    "pid": 1180,
    "index": 64
  },
  {
    "name": "Require(46) app/router.js",
    "start": 1568118850981,
    "end": 1568118850982,
    "duration": 1,
    "pid": 1180,
    "index": 65
  },
  {
    "name": "Before Start in node_modules/_egg-core@4.17.3@egg-core/lib/egg.js:303:10",
    "start": 1568118850982,
    "end": 1568118851008,
    "duration": 26,
    "pid": 1180,
    "index": 66
  }
]