[
  {
    "name": "Application Start",
    "start": 1568117536124,
    "end": 1568117537280,
    "duration": 1156,
    "pid": 10892,
    "index": 0
  },
  {
    "name": "Load Plugin",
    "start": 1568117536130,
    "end": 1568117536155,
    "duration": 25,
    "pid": 10892,
    "index": 1
  },
  {
    "name": "Load Config",
    "start": 1568117536155,
    "end": 1568117536182,
    "duration": 27,
    "pid": 10892,
    "index": 2
  },
  {
    "name": "Require(0) config/config.default.js",
    "start": 1568117536156,
    "end": 1568117536156,
    "duration": 0,
    "pid": 10892,
    "index": 3
  },
  {
    "name": "Require(1) node_modules/_egg-session@3.1.0@egg-session/config/config.default.js",
    "start": 1568117536159,
    "end": 1568117536159,
    "duration": 0,
    "pid": 10892,
    "index": 4
  },
  {
    "name": "Require(2) node_modules/_egg-security@2.6.1@egg-security/config/config.default.js",
    "start": 1568117536160,
    "end": 1568117536160,
    "duration": 0,
    "pid": 10892,
    "index": 5
  },
  {
    "name": "Require(3) node_modules/_egg-jsonp@2.0.0@egg-jsonp/config/config.default.js",
    "start": 1568117536161,
    "end": 1568117536162,
    "duration": 1,
    "pid": 10892,
    "index": 6
  },
  {
    "name": "Require(4) node_modules/_egg-onerror@2.1.0@egg-onerror/config/config.default.js",
    "start": 1568117536162,
    "end": 1568117536162,
    "duration": 0,
    "pid": 10892,
    "index": 7
  },
  {
    "name": "Require(5) node_modules/_egg-i18n@2.1.1@egg-i18n/config/config.default.js",
    "start": 1568117536163,
    "end": 1568117536163,
    "duration": 0,
    "pid": 10892,
    "index": 8
  },
  {
    "name": "Require(6) node_modules/_egg-watcher@3.1.0@egg-watcher/config/config.default.js",
    "start": 1568117536164,
    "end": 1568117536164,
    "duration": 0,
    "pid": 10892,
    "index": 9
  },
  {
    "name": "Require(7) node_modules/_egg-schedule@3.6.4@egg-schedule/config/config.default.js",
    "start": 1568117536165,
    "end": 1568117536165,
    "duration": 0,
    "pid": 10892,
    "index": 10
  },
  {
    "name": "Require(8) node_modules/_egg-multipart@2.9.0@egg-multipart/config/config.default.js",
    "start": 1568117536166,
    "end": 1568117536167,
    "duration": 1,
    "pid": 10892,
    "index": 11
  },
  {
    "name": "Require(9) node_modules/_egg-development@2.4.3@egg-development/config/config.default.js",
    "start": 1568117536167,
    "end": 1568117536168,
    "duration": 1,
    "pid": 10892,
    "index": 12
  },
  {
    "name": "Require(10) node_modules/_egg-logrotator@3.1.0@egg-logrotator/config/config.default.js",
    "start": 1568117536168,
    "end": 1568117536169,
    "duration": 1,
    "pid": 10892,
    "index": 13
  },
  {
    "name": "Require(11) node_modules/_egg-static@2.2.0@egg-static/config/config.default.js",
    "start": 1568117536170,
    "end": 1568117536170,
    "duration": 0,
    "pid": 10892,
    "index": 14
  },
  {
    "name": "Require(12) node_modules/_egg-view@2.1.2@egg-view/config/config.default.js",
    "start": 1568117536171,
    "end": 1568117536171,
    "duration": 0,
    "pid": 10892,
    "index": 15
  },
  {
    "name": "Require(13) node_modules/_egg-sequelize@5.2.0@egg-sequelize/config/config.default.js",
    "start": 1568117536172,
    "end": 1568117536172,
    "duration": 0,
    "pid": 10892,
    "index": 16
  },
  {
    "name": "Require(14) node_modules/_egg@2.23.0@egg/config/config.default.js",
    "start": 1568117536172,
    "end": 1568117536173,
    "duration": 1,
    "pid": 10892,
    "index": 17
  },
  {
    "name": "Require(15) config/config.default.js",
    "start": 1568117536175,
    "end": 1568117536175,
    "duration": 0,
    "pid": 10892,
    "index": 18
  },
  {
    "name": "Require(16) node_modules/_egg-security@2.6.1@egg-security/config/config.local.js",
    "start": 1568117536176,
    "end": 1568117536176,
    "duration": 0,
    "pid": 10892,
    "index": 19
  },
  {
    "name": "Require(17) node_modules/_egg-watcher@3.1.0@egg-watcher/config/config.local.js",
    "start": 1568117536177,
    "end": 1568117536178,
    "duration": 1,
    "pid": 10892,
    "index": 20
  },
  {
    "name": "Require(18) node_modules/_egg-view@2.1.2@egg-view/config/config.local.js",
    "start": 1568117536179,
    "end": 1568117536180,
    "duration": 1,
    "pid": 10892,
    "index": 21
  },
  {
    "name": "Require(19) node_modules/_egg@2.23.0@egg/config/config.local.js",
    "start": 1568117536181,
    "end": 1568117536182,
    "duration": 1,
    "pid": 10892,
    "index": 22
  },
  {
    "name": "Load extend/application.js",
    "start": 1568117536184,
    "end": 1568117536204,
    "duration": 20,
    "pid": 10892,
    "index": 23
  },
  {
    "name": "Require(20) node_modules/_egg-session@3.1.0@egg-session/app/extend/application.js",
    "start": 1568117536185,
    "end": 1568117536186,
    "duration": 1,
    "pid": 10892,
    "index": 24
  },
  {
    "name": "Require(21) node_modules/_egg-security@2.6.1@egg-security/app/extend/application.js",
    "start": 1568117536186,
    "end": 1568117536188,
    "duration": 2,
    "pid": 10892,
    "index": 25
  },
  {
    "name": "Require(22) node_modules/_egg-jsonp@2.0.0@egg-jsonp/app/extend/application.js",
    "start": 1568117536189,
    "end": 1568117536191,
    "duration": 2,
    "pid": 10892,
    "index": 26
  },
  {
    "name": "Require(23) node_modules/_egg-logrotator@3.1.0@egg-logrotator/app/extend/application.js",
    "start": 1568117536193,
    "end": 1568117536197,
    "duration": 4,
    "pid": 10892,
    "index": 27
  },
  {
    "name": "Require(24) node_modules/_egg-view@2.1.2@egg-view/app/extend/application.js",
    "start": 1568117536198,
    "end": 1568117536200,
    "duration": 2,
    "pid": 10892,
    "index": 28
  },
  {
    "name": "Load extend/request.js",
    "start": 1568117536204,
    "end": 1568117536214,
    "duration": 10,
    "pid": 10892,
    "index": 29
  },
  {
    "name": "Require(25) node_modules/_egg@2.23.0@egg/app/extend/request.js",
    "start": 1568117536207,
    "end": 1568117536210,
    "duration": 3,
    "pid": 10892,
    "index": 30
  },
  {
    "name": "Load extend/response.js",
    "start": 1568117536214,
    "end": 1568117536225,
    "duration": 11,
    "pid": 10892,
    "index": 31
  },
  {
    "name": "Require(26) node_modules/_egg@2.23.0@egg/app/extend/response.js",
    "start": 1568117536218,
    "end": 1568117536221,
    "duration": 3,
    "pid": 10892,
    "index": 32
  },
  {
    "name": "Load extend/context.js",
    "start": 1568117536225,
    "end": 1568117536348,
    "duration": 123,
    "pid": 10892,
    "index": 33
  },
  {
    "name": "Require(27) node_modules/_egg-security@2.6.1@egg-security/app/extend/context.js",
    "start": 1568117536225,
    "end": 1568117536248,
    "duration": 23,
    "pid": 10892,
    "index": 34
  },
  {
    "name": "Require(28) node_modules/_egg-jsonp@2.0.0@egg-jsonp/app/extend/context.js",
    "start": 1568117536248,
    "end": 1568117536251,
    "duration": 3,
    "pid": 10892,
    "index": 35
  },
  {
    "name": "Require(29) node_modules/_egg-i18n@2.1.1@egg-i18n/app/extend/context.js",
    "start": 1568117536252,
    "end": 1568117536252,
    "duration": 0,
    "pid": 10892,
    "index": 36
  },
  {
    "name": "Require(30) node_modules/_egg-multipart@2.9.0@egg-multipart/app/extend/context.js",
    "start": 1568117536253,
    "end": 1568117536338,
    "duration": 85,
    "pid": 10892,
    "index": 37
  },
  {
    "name": "Require(31) node_modules/_egg-view@2.1.2@egg-view/app/extend/context.js",
    "start": 1568117536339,
    "end": 1568117536340,
    "duration": 1,
    "pid": 10892,
    "index": 38
  },
  {
    "name": "Require(32) node_modules/_egg@2.23.0@egg/app/extend/context.js",
    "start": 1568117536341,
    "end": 1568117536345,
    "duration": 4,
    "pid": 10892,
    "index": 39
  },
  {
    "name": "Load extend/helper.js",
    "start": 1568117536348,
    "end": 1568117536382,
    "duration": 34,
    "pid": 10892,
    "index": 40
  },
  {
    "name": "Require(33) node_modules/_egg-security@2.6.1@egg-security/app/extend/helper.js",
    "start": 1568117536349,
    "end": 1568117536374,
    "duration": 25,
    "pid": 10892,
    "index": 41
  },
  {
    "name": "Require(34) node_modules/_egg@2.23.0@egg/app/extend/helper.js",
    "start": 1568117536378,
    "end": 1568117536378,
    "duration": 0,
    "pid": 10892,
    "index": 42
  },
  {
    "name": "Load app.js",
    "start": 1568117536382,
    "end": 1568117536451,
    "duration": 69,
    "pid": 10892,
    "index": 43
  },
  {
    "name": "Require(35) node_modules/_egg-session@3.1.0@egg-session/app.js",
    "start": 1568117536382,
    "end": 1568117536383,
    "duration": 1,
    "pid": 10892,
    "index": 44
  },
  {
    "name": "Require(36) node_modules/_egg-security@2.6.1@egg-security/app.js",
    "start": 1568117536383,
    "end": 1568117536386,
    "duration": 3,
    "pid": 10892,
    "index": 45
  },
  {
    "name": "Require(37) node_modules/_egg-onerror@2.1.0@egg-onerror/app.js",
    "start": 1568117536387,
    "end": 1568117536405,
    "duration": 18,
    "pid": 10892,
    "index": 46
  },
  {
    "name": "Require(38) node_modules/_egg-i18n@2.1.1@egg-i18n/app.js",
    "start": 1568117536406,
    "end": 1568117536423,
    "duration": 17,
    "pid": 10892,
    "index": 47
  },
  {
    "name": "Require(39) node_modules/_egg-watcher@3.1.0@egg-watcher/app.js",
    "start": 1568117536423,
    "end": 1568117536435,
    "duration": 12,
    "pid": 10892,
    "index": 48
  },
  {
    "name": "Require(40) node_modules/_egg-schedule@3.6.4@egg-schedule/app.js",
    "start": 1568117536436,
    "end": 1568117536439,
    "duration": 3,
    "pid": 10892,
    "index": 49
  },
  {
    "name": "Require(41) node_modules/_egg-multipart@2.9.0@egg-multipart/app.js",
    "start": 1568117536440,
    "end": 1568117536444,
    "duration": 4,
    "pid": 10892,
    "index": 50
  },
  {
    "name": "Require(42) node_modules/_egg-development@2.4.3@egg-development/app.js",
    "start": 1568117536445,
    "end": 1568117536445,
    "duration": 0,
    "pid": 10892,
    "index": 51
  },
  {
    "name": "Require(43) node_modules/_egg-logrotator@3.1.0@egg-logrotator/app.js",
    "start": 1568117536446,
    "end": 1568117536447,
    "duration": 1,
    "pid": 10892,
    "index": 52
  },
  {
    "name": "Require(44) node_modules/_egg-static@2.2.0@egg-static/app.js",
    "start": 1568117536448,
    "end": 1568117536448,
    "duration": 0,
    "pid": 10892,
    "index": 53
  },
  {
    "name": "Require(45) node_modules/_egg-sequelize@5.2.0@egg-sequelize/app.js",
    "start": 1568117536449,
    "end": 1568117536450,
    "duration": 1,
    "pid": 10892,
    "index": 54
  },
  {
    "name": "Before Start in node_modules/_egg-watcher@3.1.0@egg-watcher/lib/init.js:15:14",
    "start": 1568117536467,
    "end": 1568117537244,
    "duration": 777,
    "pid": 10892,
    "index": 55
  },
  {
    "name": "Load \"Symbol(model)\" to Application",
    "start": 1568117536993,
    "end": 1568117537016,
    "duration": 23,
    "pid": 10892,
    "index": 56
  },
  {
    "name": "Before Start in node_modules/_egg-sequelize@5.2.0@egg-sequelize/lib/loader.js:39:7",
    "start": 1568117537026,
    "end": 1568117537280,
    "duration": 254,
    "pid": 10892,
    "index": 57
  },
  {
    "name": "Load Service",
    "start": 1568117537027,
    "end": 1568117537032,
    "duration": 5,
    "pid": 10892,
    "index": 58
  },
  {
    "name": "Load \"service\" to Context",
    "start": 1568117537027,
    "end": 1568117537032,
    "duration": 5,
    "pid": 10892,
    "index": 59
  },
  {
    "name": "Load Middleware",
    "start": 1568117537033,
    "end": 1568117537160,
    "duration": 127,
    "pid": 10892,
    "index": 60
  },
  {
    "name": "Load \"middlewares\" to Application",
    "start": 1568117537033,
    "end": 1568117537144,
    "duration": 111,
    "pid": 10892,
    "index": 61
  },
  {
    "name": "Load Controller",
    "start": 1568117537160,
    "end": 1568117537164,
    "duration": 4,
    "pid": 10892,
    "index": 62
  },
  {
    "name": "Load \"controller\" to Application",
    "start": 1568117537160,
    "end": 1568117537164,
    "duration": 4,
    "pid": 10892,
    "index": 63
  },
  {
    "name": "Load Router",
    "start": 1568117537164,
    "end": 1568117537167,
    "duration": 3,
    "pid": 10892,
    "index": 64
  },
  {
    "name": "Require(46) app/router.js",
    "start": 1568117537164,
    "end": 1568117537165,
    "duration": 1,
    "pid": 10892,
    "index": 65
  },
  {
    "name": "Before Start in node_modules/_egg-core@4.17.3@egg-core/lib/egg.js:303:10",
    "start": 1568117537165,
    "end": 1568117537187,
    "duration": 22,
    "pid": 10892,
    "index": 66
  }
]