[
  {
    "name": "Application Start",
    "start": 1568114645895,
    "end": 1568114647092,
    "duration": 1197,
    "pid": 9864,
    "index": 0
  },
  {
    "name": "Load Plugin",
    "start": 1568114645901,
    "end": 1568114645933,
    "duration": 32,
    "pid": 9864,
    "index": 1
  },
  {
    "name": "Load Config",
    "start": 1568114645933,
    "end": 1568114645967,
    "duration": 34,
    "pid": 9864,
    "index": 2
  },
  {
    "name": "Require(0) config/config.default.js",
    "start": 1568114645935,
    "end": 1568114645935,
    "duration": 0,
    "pid": 9864,
    "index": 3
  },
  {
    "name": "Require(1) node_modules/_egg-session@3.1.0@egg-session/config/config.default.js",
    "start": 1568114645938,
    "end": 1568114645938,
    "duration": 0,
    "pid": 9864,
    "index": 4
  },
  {
    "name": "Require(2) node_modules/_egg-security@2.6.1@egg-security/config/config.default.js",
    "start": 1568114645939,
    "end": 1568114645940,
    "duration": 1,
    "pid": 9864,
    "index": 5
  },
  {
    "name": "Require(3) node_modules/_egg-jsonp@2.0.0@egg-jsonp/config/config.default.js",
    "start": 1568114645941,
    "end": 1568114645942,
    "duration": 1,
    "pid": 9864,
    "index": 6
  },
  {
    "name": "Require(4) node_modules/_egg-onerror@2.1.0@egg-onerror/config/config.default.js",
    "start": 1568114645943,
    "end": 1568114645943,
    "duration": 0,
    "pid": 9864,
    "index": 7
  },
  {
    "name": "Require(5) node_modules/_egg-i18n@2.1.1@egg-i18n/config/config.default.js",
    "start": 1568114645944,
    "end": 1568114645944,
    "duration": 0,
    "pid": 9864,
    "index": 8
  },
  {
    "name": "Require(6) node_modules/_egg-watcher@3.1.0@egg-watcher/config/config.default.js",
    "start": 1568114645945,
    "end": 1568114645946,
    "duration": 1,
    "pid": 9864,
    "index": 9
  },
  {
    "name": "Require(7) node_modules/_egg-schedule@3.6.4@egg-schedule/config/config.default.js",
    "start": 1568114645947,
    "end": 1568114645948,
    "duration": 1,
    "pid": 9864,
    "index": 10
  },
  {
    "name": "Require(8) node_modules/_egg-multipart@2.9.0@egg-multipart/config/config.default.js",
    "start": 1568114645950,
    "end": 1568114645950,
    "duration": 0,
    "pid": 9864,
    "index": 11
  },
  {
    "name": "Require(9) node_modules/_egg-development@2.4.3@egg-development/config/config.default.js",
    "start": 1568114645952,
    "end": 1568114645952,
    "duration": 0,
    "pid": 9864,
    "index": 12
  },
  {
    "name": "Require(10) node_modules/_egg-logrotator@3.1.0@egg-logrotator/config/config.default.js",
    "start": 1568114645953,
    "end": 1568114645954,
    "duration": 1,
    "pid": 9864,
    "index": 13
  },
  {
    "name": "Require(11) node_modules/_egg-static@2.2.0@egg-static/config/config.default.js",
    "start": 1568114645955,
    "end": 1568114645955,
    "duration": 0,
    "pid": 9864,
    "index": 14
  },
  {
    "name": "Require(12) node_modules/_egg-view@2.1.2@egg-view/config/config.default.js",
    "start": 1568114645956,
    "end": 1568114645956,
    "duration": 0,
    "pid": 9864,
    "index": 15
  },
  {
    "name": "Require(13) node_modules/_egg-sequelize@5.2.0@egg-sequelize/config/config.default.js",
    "start": 1568114645957,
    "end": 1568114645958,
    "duration": 1,
    "pid": 9864,
    "index": 16
  },
  {
    "name": "Require(14) node_modules/_egg@2.23.0@egg/config/config.default.js",
    "start": 1568114645958,
    "end": 1568114645959,
    "duration": 1,
    "pid": 9864,
    "index": 17
  },
  {
    "name": "Require(15) config/config.default.js",
    "start": 1568114645961,
    "end": 1568114645961,
    "duration": 0,
    "pid": 9864,
    "index": 18
  },
  {
    "name": "Require(16) node_modules/_egg-security@2.6.1@egg-security/config/config.local.js",
    "start": 1568114645962,
    "end": 1568114645962,
    "duration": 0,
    "pid": 9864,
    "index": 19
  },
  {
    "name": "Require(17) node_modules/_egg-watcher@3.1.0@egg-watcher/config/config.local.js",
    "start": 1568114645963,
    "end": 1568114645963,
    "duration": 0,
    "pid": 9864,
    "index": 20
  },
  {
    "name": "Require(18) node_modules/_egg-view@2.1.2@egg-view/config/config.local.js",
    "start": 1568114645965,
    "end": 1568114645965,
    "duration": 0,
    "pid": 9864,
    "index": 21
  },
  {
    "name": "Require(19) node_modules/_egg@2.23.0@egg/config/config.local.js",
    "start": 1568114645966,
    "end": 1568114645966,
    "duration": 0,
    "pid": 9864,
    "index": 22
  },
  {
    "name": "Load extend/application.js",
    "start": 1568114645972,
    "end": 1568114646006,
    "duration": 34,
    "pid": 9864,
    "index": 23
  },
  {
    "name": "Require(20) node_modules/_egg-session@3.1.0@egg-session/app/extend/application.js",
    "start": 1568114645974,
    "end": 1568114645975,
    "duration": 1,
    "pid": 9864,
    "index": 24
  },
  {
    "name": "Require(21) node_modules/_egg-security@2.6.1@egg-security/app/extend/application.js",
    "start": 1568114645976,
    "end": 1568114645978,
    "duration": 2,
    "pid": 9864,
    "index": 25
  },
  {
    "name": "Require(22) node_modules/_egg-jsonp@2.0.0@egg-jsonp/app/extend/application.js",
    "start": 1568114645979,
    "end": 1568114645986,
    "duration": 7,
    "pid": 9864,
    "index": 26
  },
  {
    "name": "Require(23) node_modules/_egg-logrotator@3.1.0@egg-logrotator/app/extend/application.js",
    "start": 1568114645990,
    "end": 1568114645996,
    "duration": 6,
    "pid": 9864,
    "index": 27
  },
  {
    "name": "Require(24) node_modules/_egg-view@2.1.2@egg-view/app/extend/application.js",
    "start": 1568114645997,
    "end": 1568114646001,
    "duration": 4,
    "pid": 9864,
    "index": 28
  },
  {
    "name": "Load extend/request.js",
    "start": 1568114646006,
    "end": 1568114646016,
    "duration": 10,
    "pid": 9864,
    "index": 29
  },
  {
    "name": "Require(25) node_modules/_egg@2.23.0@egg/app/extend/request.js",
    "start": 1568114646010,
    "end": 1568114646012,
    "duration": 2,
    "pid": 9864,
    "index": 30
  },
  {
    "name": "Load extend/response.js",
    "start": 1568114646016,
    "end": 1568114646027,
    "duration": 11,
    "pid": 9864,
    "index": 31
  },
  {
    "name": "Require(26) node_modules/_egg@2.23.0@egg/app/extend/response.js",
    "start": 1568114646020,
    "end": 1568114646024,
    "duration": 4,
    "pid": 9864,
    "index": 32
  },
  {
    "name": "Load extend/context.js",
    "start": 1568114646027,
    "end": 1568114646143,
    "duration": 116,
    "pid": 9864,
    "index": 33
  },
  {
    "name": "Require(27) node_modules/_egg-security@2.6.1@egg-security/app/extend/context.js",
    "start": 1568114646028,
    "end": 1568114646054,
    "duration": 26,
    "pid": 9864,
    "index": 34
  },
  {
    "name": "Require(28) node_modules/_egg-jsonp@2.0.0@egg-jsonp/app/extend/context.js",
    "start": 1568114646054,
    "end": 1568114646057,
    "duration": 3,
    "pid": 9864,
    "index": 35
  },
  {
    "name": "Require(29) node_modules/_egg-i18n@2.1.1@egg-i18n/app/extend/context.js",
    "start": 1568114646058,
    "end": 1568114646058,
    "duration": 0,
    "pid": 9864,
    "index": 36
  },
  {
    "name": "Require(30) node_modules/_egg-multipart@2.9.0@egg-multipart/app/extend/context.js",
    "start": 1568114646060,
    "end": 1568114646131,
    "duration": 71,
    "pid": 9864,
    "index": 37
  },
  {
    "name": "Require(31) node_modules/_egg-view@2.1.2@egg-view/app/extend/context.js",
    "start": 1568114646132,
    "end": 1568114646134,
    "duration": 2,
    "pid": 9864,
    "index": 38
  },
  {
    "name": "Require(32) node_modules/_egg@2.23.0@egg/app/extend/context.js",
    "start": 1568114646134,
    "end": 1568114646139,
    "duration": 5,
    "pid": 9864,
    "index": 39
  },
  {
    "name": "Load extend/helper.js",
    "start": 1568114646143,
    "end": 1568114646179,
    "duration": 36,
    "pid": 9864,
    "index": 40
  },
  {
    "name": "Require(33) node_modules/_egg-security@2.6.1@egg-security/app/extend/helper.js",
    "start": 1568114646143,
    "end": 1568114646173,
    "duration": 30,
    "pid": 9864,
    "index": 41
  },
  {
    "name": "Require(34) node_modules/_egg@2.23.0@egg/app/extend/helper.js",
    "start": 1568114646175,
    "end": 1568114646176,
    "duration": 1,
    "pid": 9864,
    "index": 42
  },
  {
    "name": "Load app.js",
    "start": 1568114646180,
    "end": 1568114646234,
    "duration": 54,
    "pid": 9864,
    "index": 43
  },
  {
    "name": "Require(35) node_modules/_egg-session@3.1.0@egg-session/app.js",
    "start": 1568114646180,
    "end": 1568114646181,
    "duration": 1,
    "pid": 9864,
    "index": 44
  },
  {
    "name": "Require(36) node_modules/_egg-security@2.6.1@egg-security/app.js",
    "start": 1568114646181,
    "end": 1568114646184,
    "duration": 3,
    "pid": 9864,
    "index": 45
  },
  {
    "name": "Require(37) node_modules/_egg-onerror@2.1.0@egg-onerror/app.js",
    "start": 1568114646185,
    "end": 1568114646202,
    "duration": 17,
    "pid": 9864,
    "index": 46
  },
  {
    "name": "Require(38) node_modules/_egg-i18n@2.1.1@egg-i18n/app.js",
    "start": 1568114646202,
    "end": 1568114646214,
    "duration": 12,
    "pid": 9864,
    "index": 47
  },
  {
    "name": "Require(39) node_modules/_egg-watcher@3.1.0@egg-watcher/app.js",
    "start": 1568114646215,
    "end": 1568114646222,
    "duration": 7,
    "pid": 9864,
    "index": 48
  },
  {
    "name": "Require(40) node_modules/_egg-schedule@3.6.4@egg-schedule/app.js",
    "start": 1568114646223,
    "end": 1568114646225,
    "duration": 2,
    "pid": 9864,
    "index": 49
  },
  {
    "name": "Require(41) node_modules/_egg-multipart@2.9.0@egg-multipart/app.js",
    "start": 1568114646226,
    "end": 1568114646230,
    "duration": 4,
    "pid": 9864,
    "index": 50
  },
  {
    "name": "Require(42) node_modules/_egg-development@2.4.3@egg-development/app.js",
    "start": 1568114646230,
    "end": 1568114646230,
    "duration": 0,
    "pid": 9864,
    "index": 51
  },
  {
    "name": "Require(43) node_modules/_egg-logrotator@3.1.0@egg-logrotator/app.js",
    "start": 1568114646231,
    "end": 1568114646231,
    "duration": 0,
    "pid": 9864,
    "index": 52
  },
  {
    "name": "Require(44) node_modules/_egg-static@2.2.0@egg-static/app.js",
    "start": 1568114646232,
    "end": 1568114646232,
    "duration": 0,
    "pid": 9864,
    "index": 53
  },
  {
    "name": "Require(45) node_modules/_egg-sequelize@5.2.0@egg-sequelize/app.js",
    "start": 1568114646233,
    "end": 1568114646233,
    "duration": 0,
    "pid": 9864,
    "index": 54
  },
  {
    "name": "Before Start in node_modules/_egg-watcher@3.1.0@egg-watcher/lib/init.js:15:14",
    "start": 1568114646250,
    "end": 1568114647056,
    "duration": 806,
    "pid": 9864,
    "index": 55
  },
  {
    "name": "Load \"Symbol(model)\" to Application",
    "start": 1568114646791,
    "end": 1568114646815,
    "duration": 24,
    "pid": 9864,
    "index": 56
  },
  {
    "name": "Before Start in node_modules/_egg-sequelize@5.2.0@egg-sequelize/lib/loader.js:39:7",
    "start": 1568114646821,
    "end": 1568114647091,
    "duration": 270,
    "pid": 9864,
    "index": 57
  },
  {
    "name": "Load Service",
    "start": 1568114646822,
    "end": 1568114646828,
    "duration": 6,
    "pid": 9864,
    "index": 58
  },
  {
    "name": "Load \"service\" to Context",
    "start": 1568114646822,
    "end": 1568114646828,
    "duration": 6,
    "pid": 9864,
    "index": 59
  },
  {
    "name": "Load Middleware",
    "start": 1568114646829,
    "end": 1568114646975,
    "duration": 146,
    "pid": 9864,
    "index": 60
  },
  {
    "name": "Load \"middlewares\" to Application",
    "start": 1568114646829,
    "end": 1568114646959,
    "duration": 130,
    "pid": 9864,
    "index": 61
  },
  {
    "name": "Load Controller",
    "start": 1568114646976,
    "end": 1568114646979,
    "duration": 3,
    "pid": 9864,
    "index": 62
  },
  {
    "name": "Load \"controller\" to Application",
    "start": 1568114646976,
    "end": 1568114646979,
    "duration": 3,
    "pid": 9864,
    "index": 63
  },
  {
    "name": "Load Router",
    "start": 1568114646979,
    "end": 1568114646983,
    "duration": 4,
    "pid": 9864,
    "index": 64
  },
  {
    "name": "Require(46) app/router.js",
    "start": 1568114646980,
    "end": 1568114646980,
    "duration": 0,
    "pid": 9864,
    "index": 65
  },
  {
    "name": "Before Start in node_modules/_egg-core@4.17.3@egg-core/lib/egg.js:303:10",
    "start": 1568114646981,
    "end": 1568114647004,
    "duration": 23,
    "pid": 9864,
    "index": 66
  }
]