[
  {
    "name": "Application Start",
    "start": 1568110501029,
    "end": 1568110502485,
    "duration": 1456,
    "pid": 11132,
    "index": 0
  },
  {
    "name": "Load Plugin",
    "start": 1568110501034,
    "end": 1568110501058,
    "duration": 24,
    "pid": 11132,
    "index": 1
  },
  {
    "name": "Load Config",
    "start": 1568110501058,
    "end": 1568110501085,
    "duration": 27,
    "pid": 11132,
    "index": 2
  },
  {
    "name": "Require(0) config/config.default.js",
    "start": 1568110501059,
    "end": 1568110501060,
    "duration": 1,
    "pid": 11132,
    "index": 3
  },
  {
    "name": "Require(1) node_modules/_egg-session@3.1.0@egg-session/config/config.default.js",
    "start": 1568110501062,
    "end": 1568110501062,
    "duration": 0,
    "pid": 11132,
    "index": 4
  },
  {
    "name": "Require(2) node_modules/_egg-security@2.6.1@egg-security/config/config.default.js",
    "start": 1568110501063,
    "end": 1568110501063,
    "duration": 0,
    "pid": 11132,
    "index": 5
  },
  {
    "name": "Require(3) node_modules/_egg-jsonp@2.0.0@egg-jsonp/config/config.default.js",
    "start": 1568110501065,
    "end": 1568110501065,
    "duration": 0,
    "pid": 11132,
    "index": 6
  },
  {
    "name": "Require(4) node_modules/_egg-onerror@2.1.0@egg-onerror/config/config.default.js",
    "start": 1568110501066,
    "end": 1568110501067,
    "duration": 1,
    "pid": 11132,
    "index": 7
  },
  {
    "name": "Require(5) node_modules/_egg-i18n@2.1.1@egg-i18n/config/config.default.js",
    "start": 1568110501068,
    "end": 1568110501068,
    "duration": 0,
    "pid": 11132,
    "index": 8
  },
  {
    "name": "Require(6) node_modules/_egg-watcher@3.1.0@egg-watcher/config/config.default.js",
    "start": 1568110501069,
    "end": 1568110501069,
    "duration": 0,
    "pid": 11132,
    "index": 9
  },
  {
    "name": "Require(7) node_modules/_egg-schedule@3.6.4@egg-schedule/config/config.default.js",
    "start": 1568110501070,
    "end": 1568110501070,
    "duration": 0,
    "pid": 11132,
    "index": 10
  },
  {
    "name": "Require(8) node_modules/_egg-multipart@2.9.0@egg-multipart/config/config.default.js",
    "start": 1568110501071,
    "end": 1568110501071,
    "duration": 0,
    "pid": 11132,
    "index": 11
  },
  {
    "name": "Require(9) node_modules/_egg-development@2.4.3@egg-development/config/config.default.js",
    "start": 1568110501072,
    "end": 1568110501072,
    "duration": 0,
    "pid": 11132,
    "index": 12
  },
  {
    "name": "Require(10) node_modules/_egg-logrotator@3.1.0@egg-logrotator/config/config.default.js",
    "start": 1568110501073,
    "end": 1568110501073,
    "duration": 0,
    "pid": 11132,
    "index": 13
  },
  {
    "name": "Require(11) node_modules/_egg-static@2.2.0@egg-static/config/config.default.js",
    "start": 1568110501074,
    "end": 1568110501074,
    "duration": 0,
    "pid": 11132,
    "index": 14
  },
  {
    "name": "Require(12) node_modules/_egg-view@2.1.2@egg-view/config/config.default.js",
    "start": 1568110501075,
    "end": 1568110501075,
    "duration": 0,
    "pid": 11132,
    "index": 15
  },
  {
    "name": "Require(13) node_modules/_egg-sequelize@5.2.0@egg-sequelize/config/config.default.js",
    "start": 1568110501076,
    "end": 1568110501076,
    "duration": 0,
    "pid": 11132,
    "index": 16
  },
  {
    "name": "Require(14) node_modules/_egg@2.23.0@egg/config/config.default.js",
    "start": 1568110501077,
    "end": 1568110501077,
    "duration": 0,
    "pid": 11132,
    "index": 17
  },
  {
    "name": "Require(15) config/config.default.js",
    "start": 1568110501079,
    "end": 1568110501079,
    "duration": 0,
    "pid": 11132,
    "index": 18
  },
  {
    "name": "Require(16) node_modules/_egg-security@2.6.1@egg-security/config/config.local.js",
    "start": 1568110501080,
    "end": 1568110501080,
    "duration": 0,
    "pid": 11132,
    "index": 19
  },
  {
    "name": "Require(17) node_modules/_egg-watcher@3.1.0@egg-watcher/config/config.local.js",
    "start": 1568110501081,
    "end": 1568110501081,
    "duration": 0,
    "pid": 11132,
    "index": 20
  },
  {
    "name": "Require(18) node_modules/_egg-view@2.1.2@egg-view/config/config.local.js",
    "start": 1568110501083,
    "end": 1568110501083,
    "duration": 0,
    "pid": 11132,
    "index": 21
  },
  {
    "name": "Require(19) node_modules/_egg@2.23.0@egg/config/config.local.js",
    "start": 1568110501084,
    "end": 1568110501084,
    "duration": 0,
    "pid": 11132,
    "index": 22
  },
  {
    "name": "Load extend/application.js",
    "start": 1568110501087,
    "end": 1568110501105,
    "duration": 18,
    "pid": 11132,
    "index": 23
  },
  {
    "name": "Require(20) node_modules/_egg-session@3.1.0@egg-session/app/extend/application.js",
    "start": 1568110501087,
    "end": 1568110501088,
    "duration": 1,
    "pid": 11132,
    "index": 24
  },
  {
    "name": "Require(21) node_modules/_egg-security@2.6.1@egg-security/app/extend/application.js",
    "start": 1568110501089,
    "end": 1568110501090,
    "duration": 1,
    "pid": 11132,
    "index": 25
  },
  {
    "name": "Require(22) node_modules/_egg-jsonp@2.0.0@egg-jsonp/app/extend/application.js",
    "start": 1568110501090,
    "end": 1568110501093,
    "duration": 3,
    "pid": 11132,
    "index": 26
  },
  {
    "name": "Require(23) node_modules/_egg-logrotator@3.1.0@egg-logrotator/app/extend/application.js",
    "start": 1568110501095,
    "end": 1568110501099,
    "duration": 4,
    "pid": 11132,
    "index": 27
  },
  {
    "name": "Require(24) node_modules/_egg-view@2.1.2@egg-view/app/extend/application.js",
    "start": 1568110501099,
    "end": 1568110501102,
    "duration": 3,
    "pid": 11132,
    "index": 28
  },
  {
    "name": "Load extend/request.js",
    "start": 1568110501106,
    "end": 1568110501115,
    "duration": 9,
    "pid": 11132,
    "index": 29
  },
  {
    "name": "Require(25) node_modules/_egg@2.23.0@egg/app/extend/request.js",
    "start": 1568110501109,
    "end": 1568110501111,
    "duration": 2,
    "pid": 11132,
    "index": 30
  },
  {
    "name": "Load extend/response.js",
    "start": 1568110501115,
    "end": 1568110501124,
    "duration": 9,
    "pid": 11132,
    "index": 31
  },
  {
    "name": "Require(26) node_modules/_egg@2.23.0@egg/app/extend/response.js",
    "start": 1568110501118,
    "end": 1568110501121,
    "duration": 3,
    "pid": 11132,
    "index": 32
  },
  {
    "name": "Load extend/context.js",
    "start": 1568110501124,
    "end": 1568110501231,
    "duration": 107,
    "pid": 11132,
    "index": 33
  },
  {
    "name": "Require(27) node_modules/_egg-security@2.6.1@egg-security/app/extend/context.js",
    "start": 1568110501125,
    "end": 1568110501144,
    "duration": 19,
    "pid": 11132,
    "index": 34
  },
  {
    "name": "Require(28) node_modules/_egg-jsonp@2.0.0@egg-jsonp/app/extend/context.js",
    "start": 1568110501145,
    "end": 1568110501147,
    "duration": 2,
    "pid": 11132,
    "index": 35
  },
  {
    "name": "Require(29) node_modules/_egg-i18n@2.1.1@egg-i18n/app/extend/context.js",
    "start": 1568110501148,
    "end": 1568110501148,
    "duration": 0,
    "pid": 11132,
    "index": 36
  },
  {
    "name": "Require(30) node_modules/_egg-multipart@2.9.0@egg-multipart/app/extend/context.js",
    "start": 1568110501149,
    "end": 1568110501221,
    "duration": 72,
    "pid": 11132,
    "index": 37
  },
  {
    "name": "Require(31) node_modules/_egg-view@2.1.2@egg-view/app/extend/context.js",
    "start": 1568110501222,
    "end": 1568110501223,
    "duration": 1,
    "pid": 11132,
    "index": 38
  },
  {
    "name": "Require(32) node_modules/_egg@2.23.0@egg/app/extend/context.js",
    "start": 1568110501224,
    "end": 1568110501227,
    "duration": 3,
    "pid": 11132,
    "index": 39
  },
  {
    "name": "Load extend/helper.js",
    "start": 1568110501231,
    "end": 1568110501283,
    "duration": 52,
    "pid": 11132,
    "index": 40
  },
  {
    "name": "Require(33) node_modules/_egg-security@2.6.1@egg-security/app/extend/helper.js",
    "start": 1568110501232,
    "end": 1568110501276,
    "duration": 44,
    "pid": 11132,
    "index": 41
  },
  {
    "name": "Require(34) node_modules/_egg@2.23.0@egg/app/extend/helper.js",
    "start": 1568110501279,
    "end": 1568110501280,
    "duration": 1,
    "pid": 11132,
    "index": 42
  },
  {
    "name": "Load app.js",
    "start": 1568110501284,
    "end": 1568110501371,
    "duration": 87,
    "pid": 11132,
    "index": 43
  },
  {
    "name": "Require(35) node_modules/_egg-session@3.1.0@egg-session/app.js",
    "start": 1568110501284,
    "end": 1568110501285,
    "duration": 1,
    "pid": 11132,
    "index": 44
  },
  {
    "name": "Require(36) node_modules/_egg-security@2.6.1@egg-security/app.js",
    "start": 1568110501285,
    "end": 1568110501289,
    "duration": 4,
    "pid": 11132,
    "index": 45
  },
  {
    "name": "Require(37) node_modules/_egg-onerror@2.1.0@egg-onerror/app.js",
    "start": 1568110501293,
    "end": 1568110501315,
    "duration": 22,
    "pid": 11132,
    "index": 46
  },
  {
    "name": "Require(38) node_modules/_egg-i18n@2.1.1@egg-i18n/app.js",
    "start": 1568110501315,
    "end": 1568110501336,
    "duration": 21,
    "pid": 11132,
    "index": 47
  },
  {
    "name": "Require(39) node_modules/_egg-watcher@3.1.0@egg-watcher/app.js",
    "start": 1568110501337,
    "end": 1568110501348,
    "duration": 11,
    "pid": 11132,
    "index": 48
  },
  {
    "name": "Require(40) node_modules/_egg-schedule@3.6.4@egg-schedule/app.js",
    "start": 1568110501349,
    "end": 1568110501354,
    "duration": 5,
    "pid": 11132,
    "index": 49
  },
  {
    "name": "Require(41) node_modules/_egg-multipart@2.9.0@egg-multipart/app.js",
    "start": 1568110501354,
    "end": 1568110501362,
    "duration": 8,
    "pid": 11132,
    "index": 50
  },
  {
    "name": "Require(42) node_modules/_egg-development@2.4.3@egg-development/app.js",
    "start": 1568110501363,
    "end": 1568110501364,
    "duration": 1,
    "pid": 11132,
    "index": 51
  },
  {
    "name": "Require(43) node_modules/_egg-logrotator@3.1.0@egg-logrotator/app.js",
    "start": 1568110501364,
    "end": 1568110501365,
    "duration": 1,
    "pid": 11132,
    "index": 52
  },
  {
    "name": "Require(44) node_modules/_egg-static@2.2.0@egg-static/app.js",
    "start": 1568110501366,
    "end": 1568110501367,
    "duration": 1,
    "pid": 11132,
    "index": 53
  },
  {
    "name": "Require(45) node_modules/_egg-sequelize@5.2.0@egg-sequelize/app.js",
    "start": 1568110501368,
    "end": 1568110501369,
    "duration": 1,
    "pid": 11132,
    "index": 54
  },
  {
    "name": "Before Start in node_modules/_egg-watcher@3.1.0@egg-watcher/lib/init.js:15:14",
    "start": 1568110501403,
    "end": 1568110502427,
    "duration": 1024,
    "pid": 11132,
    "index": 55
  },
  {
    "name": "Load \"Symbol(model)\" to Application",
    "start": 1568110502059,
    "end": 1568110502098,
    "duration": 39,
    "pid": 11132,
    "index": 56
  },
  {
    "name": "Before Start in node_modules/_egg-sequelize@5.2.0@egg-sequelize/lib/loader.js:39:7",
    "start": 1568110502113,
    "end": 1568110502484,
    "duration": 371,
    "pid": 11132,
    "index": 57
  },
  {
    "name": "Load Service",
    "start": 1568110502114,
    "end": 1568110502132,
    "duration": 18,
    "pid": 11132,
    "index": 58
  },
  {
    "name": "Load \"service\" to Context",
    "start": 1568110502116,
    "end": 1568110502132,
    "duration": 16,
    "pid": 11132,
    "index": 59
  },
  {
    "name": "Load Middleware",
    "start": 1568110502132,
    "end": 1568110502301,
    "duration": 169,
    "pid": 11132,
    "index": 60
  },
  {
    "name": "Load \"middlewares\" to Application",
    "start": 1568110502133,
    "end": 1568110502278,
    "duration": 145,
    "pid": 11132,
    "index": 61
  },
  {
    "name": "Load Controller",
    "start": 1568110502302,
    "end": 1568110502307,
    "duration": 5,
    "pid": 11132,
    "index": 62
  },
  {
    "name": "Load \"controller\" to Application",
    "start": 1568110502302,
    "end": 1568110502307,
    "duration": 5,
    "pid": 11132,
    "index": 63
  },
  {
    "name": "Load Router",
    "start": 1568110502308,
    "end": 1568110502316,
    "duration": 8,
    "pid": 11132,
    "index": 64
  },
  {
    "name": "Require(46) app/router.js",
    "start": 1568110502309,
    "end": 1568110502309,
    "duration": 0,
    "pid": 11132,
    "index": 65
  },
  {
    "name": "Before Start in node_modules/_egg-core@4.17.3@egg-core/lib/egg.js:303:10",
    "start": 1568110502310,
    "end": 1568110502347,
    "duration": 37,
    "pid": 11132,
    "index": 66
  }
]