[
  {
    "name": "Application Start",
    "start": 1568116962044,
    "end": 1568116963249,
    "duration": 1205,
    "pid": 6636,
    "index": 0
  },
  {
    "name": "Load Plugin",
    "start": 1568116962055,
    "end": 1568116962082,
    "duration": 27,
    "pid": 6636,
    "index": 1
  },
  {
    "name": "Load Config",
    "start": 1568116962082,
    "end": 1568116962111,
    "duration": 29,
    "pid": 6636,
    "index": 2
  },
  {
    "name": "Require(0) config/config.default.js",
    "start": 1568116962083,
    "end": 1568116962083,
    "duration": 0,
    "pid": 6636,
    "index": 3
  },
  {
    "name": "Require(1) node_modules/_egg-session@3.1.0@egg-session/config/config.default.js",
    "start": 1568116962085,
    "end": 1568116962086,
    "duration": 1,
    "pid": 6636,
    "index": 4
  },
  {
    "name": "Require(2) node_modules/_egg-security@2.6.1@egg-security/config/config.default.js",
    "start": 1568116962086,
    "end": 1568116962087,
    "duration": 1,
    "pid": 6636,
    "index": 5
  },
  {
    "name": "Require(3) node_modules/_egg-jsonp@2.0.0@egg-jsonp/config/config.default.js",
    "start": 1568116962088,
    "end": 1568116962088,
    "duration": 0,
    "pid": 6636,
    "index": 6
  },
  {
    "name": "Require(4) node_modules/_egg-onerror@2.1.0@egg-onerror/config/config.default.js",
    "start": 1568116962089,
    "end": 1568116962090,
    "duration": 1,
    "pid": 6636,
    "index": 7
  },
  {
    "name": "Require(5) node_modules/_egg-i18n@2.1.1@egg-i18n/config/config.default.js",
    "start": 1568116962090,
    "end": 1568116962091,
    "duration": 1,
    "pid": 6636,
    "index": 8
  },
  {
    "name": "Require(6) node_modules/_egg-watcher@3.1.0@egg-watcher/config/config.default.js",
    "start": 1568116962091,
    "end": 1568116962092,
    "duration": 1,
    "pid": 6636,
    "index": 9
  },
  {
    "name": "Require(7) node_modules/_egg-schedule@3.6.4@egg-schedule/config/config.default.js",
    "start": 1568116962092,
    "end": 1568116962093,
    "duration": 1,
    "pid": 6636,
    "index": 10
  },
  {
    "name": "Require(8) node_modules/_egg-multipart@2.9.0@egg-multipart/config/config.default.js",
    "start": 1568116962093,
    "end": 1568116962094,
    "duration": 1,
    "pid": 6636,
    "index": 11
  },
  {
    "name": "Require(9) node_modules/_egg-development@2.4.3@egg-development/config/config.default.js",
    "start": 1568116962095,
    "end": 1568116962095,
    "duration": 0,
    "pid": 6636,
    "index": 12
  },
  {
    "name": "Require(10) node_modules/_egg-logrotator@3.1.0@egg-logrotator/config/config.default.js",
    "start": 1568116962096,
    "end": 1568116962096,
    "duration": 0,
    "pid": 6636,
    "index": 13
  },
  {
    "name": "Require(11) node_modules/_egg-static@2.2.0@egg-static/config/config.default.js",
    "start": 1568116962097,
    "end": 1568116962097,
    "duration": 0,
    "pid": 6636,
    "index": 14
  },
  {
    "name": "Require(12) node_modules/_egg-view@2.1.2@egg-view/config/config.default.js",
    "start": 1568116962098,
    "end": 1568116962099,
    "duration": 1,
    "pid": 6636,
    "index": 15
  },
  {
    "name": "Require(13) node_modules/_egg-sequelize@5.2.0@egg-sequelize/config/config.default.js",
    "start": 1568116962100,
    "end": 1568116962101,
    "duration": 1,
    "pid": 6636,
    "index": 16
  },
  {
    "name": "Require(14) node_modules/_egg@2.23.0@egg/config/config.default.js",
    "start": 1568116962101,
    "end": 1568116962102,
    "duration": 1,
    "pid": 6636,
    "index": 17
  },
  {
    "name": "Require(15) config/config.default.js",
    "start": 1568116962104,
    "end": 1568116962104,
    "duration": 0,
    "pid": 6636,
    "index": 18
  },
  {
    "name": "Require(16) node_modules/_egg-security@2.6.1@egg-security/config/config.local.js",
    "start": 1568116962105,
    "end": 1568116962106,
    "duration": 1,
    "pid": 6636,
    "index": 19
  },
  {
    "name": "Require(17) node_modules/_egg-watcher@3.1.0@egg-watcher/config/config.local.js",
    "start": 1568116962107,
    "end": 1568116962107,
    "duration": 0,
    "pid": 6636,
    "index": 20
  },
  {
    "name": "Require(18) node_modules/_egg-view@2.1.2@egg-view/config/config.local.js",
    "start": 1568116962109,
    "end": 1568116962110,
    "duration": 1,
    "pid": 6636,
    "index": 21
  },
  {
    "name": "Require(19) node_modules/_egg@2.23.0@egg/config/config.local.js",
    "start": 1568116962110,
    "end": 1568116962111,
    "duration": 1,
    "pid": 6636,
    "index": 22
  },
  {
    "name": "Load extend/application.js",
    "start": 1568116962114,
    "end": 1568116962142,
    "duration": 28,
    "pid": 6636,
    "index": 23
  },
  {
    "name": "Require(20) node_modules/_egg-session@3.1.0@egg-session/app/extend/application.js",
    "start": 1568116962116,
    "end": 1568116962118,
    "duration": 2,
    "pid": 6636,
    "index": 24
  },
  {
    "name": "Require(21) node_modules/_egg-security@2.6.1@egg-security/app/extend/application.js",
    "start": 1568116962119,
    "end": 1568116962121,
    "duration": 2,
    "pid": 6636,
    "index": 25
  },
  {
    "name": "Require(22) node_modules/_egg-jsonp@2.0.0@egg-jsonp/app/extend/application.js",
    "start": 1568116962122,
    "end": 1568116962125,
    "duration": 3,
    "pid": 6636,
    "index": 26
  },
  {
    "name": "Require(23) node_modules/_egg-logrotator@3.1.0@egg-logrotator/app/extend/application.js",
    "start": 1568116962127,
    "end": 1568116962133,
    "duration": 6,
    "pid": 6636,
    "index": 27
  },
  {
    "name": "Require(24) node_modules/_egg-view@2.1.2@egg-view/app/extend/application.js",
    "start": 1568116962134,
    "end": 1568116962137,
    "duration": 3,
    "pid": 6636,
    "index": 28
  },
  {
    "name": "Load extend/request.js",
    "start": 1568116962142,
    "end": 1568116962152,
    "duration": 10,
    "pid": 6636,
    "index": 29
  },
  {
    "name": "Require(25) node_modules/_egg@2.23.0@egg/app/extend/request.js",
    "start": 1568116962146,
    "end": 1568116962149,
    "duration": 3,
    "pid": 6636,
    "index": 30
  },
  {
    "name": "Load extend/response.js",
    "start": 1568116962152,
    "end": 1568116962165,
    "duration": 13,
    "pid": 6636,
    "index": 31
  },
  {
    "name": "Require(26) node_modules/_egg@2.23.0@egg/app/extend/response.js",
    "start": 1568116962156,
    "end": 1568116962160,
    "duration": 4,
    "pid": 6636,
    "index": 32
  },
  {
    "name": "Load extend/context.js",
    "start": 1568116962165,
    "end": 1568116962291,
    "duration": 126,
    "pid": 6636,
    "index": 33
  },
  {
    "name": "Require(27) node_modules/_egg-security@2.6.1@egg-security/app/extend/context.js",
    "start": 1568116962166,
    "end": 1568116962202,
    "duration": 36,
    "pid": 6636,
    "index": 34
  },
  {
    "name": "Require(28) node_modules/_egg-jsonp@2.0.0@egg-jsonp/app/extend/context.js",
    "start": 1568116962203,
    "end": 1568116962207,
    "duration": 4,
    "pid": 6636,
    "index": 35
  },
  {
    "name": "Require(29) node_modules/_egg-i18n@2.1.1@egg-i18n/app/extend/context.js",
    "start": 1568116962208,
    "end": 1568116962209,
    "duration": 1,
    "pid": 6636,
    "index": 36
  },
  {
    "name": "Require(30) node_modules/_egg-multipart@2.9.0@egg-multipart/app/extend/context.js",
    "start": 1568116962210,
    "end": 1568116962280,
    "duration": 70,
    "pid": 6636,
    "index": 37
  },
  {
    "name": "Require(31) node_modules/_egg-view@2.1.2@egg-view/app/extend/context.js",
    "start": 1568116962281,
    "end": 1568116962283,
    "duration": 2,
    "pid": 6636,
    "index": 38
  },
  {
    "name": "Require(32) node_modules/_egg@2.23.0@egg/app/extend/context.js",
    "start": 1568116962284,
    "end": 1568116962287,
    "duration": 3,
    "pid": 6636,
    "index": 39
  },
  {
    "name": "Load extend/helper.js",
    "start": 1568116962291,
    "end": 1568116962330,
    "duration": 39,
    "pid": 6636,
    "index": 40
  },
  {
    "name": "Require(33) node_modules/_egg-security@2.6.1@egg-security/app/extend/helper.js",
    "start": 1568116962292,
    "end": 1568116962323,
    "duration": 31,
    "pid": 6636,
    "index": 41
  },
  {
    "name": "Require(34) node_modules/_egg@2.23.0@egg/app/extend/helper.js",
    "start": 1568116962326,
    "end": 1568116962327,
    "duration": 1,
    "pid": 6636,
    "index": 42
  },
  {
    "name": "Load app.js",
    "start": 1568116962331,
    "end": 1568116962387,
    "duration": 56,
    "pid": 6636,
    "index": 43
  },
  {
    "name": "Require(35) node_modules/_egg-session@3.1.0@egg-session/app.js",
    "start": 1568116962331,
    "end": 1568116962331,
    "duration": 0,
    "pid": 6636,
    "index": 44
  },
  {
    "name": "Require(36) node_modules/_egg-security@2.6.1@egg-security/app.js",
    "start": 1568116962332,
    "end": 1568116962335,
    "duration": 3,
    "pid": 6636,
    "index": 45
  },
  {
    "name": "Require(37) node_modules/_egg-onerror@2.1.0@egg-onerror/app.js",
    "start": 1568116962336,
    "end": 1568116962353,
    "duration": 17,
    "pid": 6636,
    "index": 46
  },
  {
    "name": "Require(38) node_modules/_egg-i18n@2.1.1@egg-i18n/app.js",
    "start": 1568116962354,
    "end": 1568116962366,
    "duration": 12,
    "pid": 6636,
    "index": 47
  },
  {
    "name": "Require(39) node_modules/_egg-watcher@3.1.0@egg-watcher/app.js",
    "start": 1568116962366,
    "end": 1568116962372,
    "duration": 6,
    "pid": 6636,
    "index": 48
  },
  {
    "name": "Require(40) node_modules/_egg-schedule@3.6.4@egg-schedule/app.js",
    "start": 1568116962373,
    "end": 1568116962376,
    "duration": 3,
    "pid": 6636,
    "index": 49
  },
  {
    "name": "Require(41) node_modules/_egg-multipart@2.9.0@egg-multipart/app.js",
    "start": 1568116962376,
    "end": 1568116962381,
    "duration": 5,
    "pid": 6636,
    "index": 50
  },
  {
    "name": "Require(42) node_modules/_egg-development@2.4.3@egg-development/app.js",
    "start": 1568116962381,
    "end": 1568116962383,
    "duration": 2,
    "pid": 6636,
    "index": 51
  },
  {
    "name": "Require(43) node_modules/_egg-logrotator@3.1.0@egg-logrotator/app.js",
    "start": 1568116962383,
    "end": 1568116962384,
    "duration": 1,
    "pid": 6636,
    "index": 52
  },
  {
    "name": "Require(44) node_modules/_egg-static@2.2.0@egg-static/app.js",
    "start": 1568116962384,
    "end": 1568116962385,
    "duration": 1,
    "pid": 6636,
    "index": 53
  },
  {
    "name": "Require(45) node_modules/_egg-sequelize@5.2.0@egg-sequelize/app.js",
    "start": 1568116962386,
    "end": 1568116962386,
    "duration": 0,
    "pid": 6636,
    "index": 54
  },
  {
    "name": "Before Start in node_modules/_egg-watcher@3.1.0@egg-watcher/lib/init.js:15:14",
    "start": 1568116962403,
    "end": 1568116963215,
    "duration": 812,
    "pid": 6636,
    "index": 55
  },
  {
    "name": "Load \"Symbol(model)\" to Application",
    "start": 1568116962961,
    "end": 1568116962984,
    "duration": 23,
    "pid": 6636,
    "index": 56
  },
  {
    "name": "Before Start in node_modules/_egg-sequelize@5.2.0@egg-sequelize/lib/loader.js:39:7",
    "start": 1568116962990,
    "end": 1568116963248,
    "duration": 258,
    "pid": 6636,
    "index": 57
  },
  {
    "name": "Load Service",
    "start": 1568116962990,
    "end": 1568116962995,
    "duration": 5,
    "pid": 6636,
    "index": 58
  },
  {
    "name": "Load \"service\" to Context",
    "start": 1568116962990,
    "end": 1568116962995,
    "duration": 5,
    "pid": 6636,
    "index": 59
  },
  {
    "name": "Load Middleware",
    "start": 1568116962996,
    "end": 1568116963122,
    "duration": 126,
    "pid": 6636,
    "index": 60
  },
  {
    "name": "Load \"middlewares\" to Application",
    "start": 1568116962996,
    "end": 1568116963106,
    "duration": 110,
    "pid": 6636,
    "index": 61
  },
  {
    "name": "Load Controller",
    "start": 1568116963122,
    "end": 1568116963126,
    "duration": 4,
    "pid": 6636,
    "index": 62
  },
  {
    "name": "Load \"controller\" to Application",
    "start": 1568116963122,
    "end": 1568116963126,
    "duration": 4,
    "pid": 6636,
    "index": 63
  },
  {
    "name": "Load Router",
    "start": 1568116963126,
    "end": 1568116963129,
    "duration": 3,
    "pid": 6636,
    "index": 64
  },
  {
    "name": "Require(46) app/router.js",
    "start": 1568116963126,
    "end": 1568116963127,
    "duration": 1,
    "pid": 6636,
    "index": 65
  },
  {
    "name": "Before Start in node_modules/_egg-core@4.17.3@egg-core/lib/egg.js:303:10",
    "start": 1568116963127,
    "end": 1568116963149,
    "duration": 22,
    "pid": 6636,
    "index": 66
  }
]