[
  {
    "name": "Application Start",
    "start": 1568111495126,
    "end": 1568111496437,
    "duration": 1311,
    "pid": 2752,
    "index": 0
  },
  {
    "name": "Load Plugin",
    "start": 1568111495133,
    "end": 1568111495164,
    "duration": 31,
    "pid": 2752,
    "index": 1
  },
  {
    "name": "Load Config",
    "start": 1568111495165,
    "end": 1568111495194,
    "duration": 29,
    "pid": 2752,
    "index": 2
  },
  {
    "name": "Require(0) config/config.default.js",
    "start": 1568111495166,
    "end": 1568111495166,
    "duration": 0,
    "pid": 2752,
    "index": 3
  },
  {
    "name": "Require(1) node_modules/_egg-session@3.1.0@egg-session/config/config.default.js",
    "start": 1568111495168,
    "end": 1568111495169,
    "duration": 1,
    "pid": 2752,
    "index": 4
  },
  {
    "name": "Require(2) node_modules/_egg-security@2.6.1@egg-security/config/config.default.js",
    "start": 1568111495170,
    "end": 1568111495170,
    "duration": 0,
    "pid": 2752,
    "index": 5
  },
  {
    "name": "Require(3) node_modules/_egg-jsonp@2.0.0@egg-jsonp/config/config.default.js",
    "start": 1568111495172,
    "end": 1568111495172,
    "duration": 0,
    "pid": 2752,
    "index": 6
  },
  {
    "name": "Require(4) node_modules/_egg-onerror@2.1.0@egg-onerror/config/config.default.js",
    "start": 1568111495173,
    "end": 1568111495173,
    "duration": 0,
    "pid": 2752,
    "index": 7
  },
  {
    "name": "Require(5) node_modules/_egg-i18n@2.1.1@egg-i18n/config/config.default.js",
    "start": 1568111495174,
    "end": 1568111495174,
    "duration": 0,
    "pid": 2752,
    "index": 8
  },
  {
    "name": "Require(6) node_modules/_egg-watcher@3.1.0@egg-watcher/config/config.default.js",
    "start": 1568111495175,
    "end": 1568111495175,
    "duration": 0,
    "pid": 2752,
    "index": 9
  },
  {
    "name": "Require(7) node_modules/_egg-schedule@3.6.4@egg-schedule/config/config.default.js",
    "start": 1568111495176,
    "end": 1568111495176,
    "duration": 0,
    "pid": 2752,
    "index": 10
  },
  {
    "name": "Require(8) node_modules/_egg-multipart@2.9.0@egg-multipart/config/config.default.js",
    "start": 1568111495177,
    "end": 1568111495178,
    "duration": 1,
    "pid": 2752,
    "index": 11
  },
  {
    "name": "Require(9) node_modules/_egg-development@2.4.3@egg-development/config/config.default.js",
    "start": 1568111495179,
    "end": 1568111495179,
    "duration": 0,
    "pid": 2752,
    "index": 12
  },
  {
    "name": "Require(10) node_modules/_egg-logrotator@3.1.0@egg-logrotator/config/config.default.js",
    "start": 1568111495180,
    "end": 1568111495180,
    "duration": 0,
    "pid": 2752,
    "index": 13
  },
  {
    "name": "Require(11) node_modules/_egg-static@2.2.0@egg-static/config/config.default.js",
    "start": 1568111495181,
    "end": 1568111495181,
    "duration": 0,
    "pid": 2752,
    "index": 14
  },
  {
    "name": "Require(12) node_modules/_egg-view@2.1.2@egg-view/config/config.default.js",
    "start": 1568111495182,
    "end": 1568111495183,
    "duration": 1,
    "pid": 2752,
    "index": 15
  },
  {
    "name": "Require(13) node_modules/_egg-sequelize@5.2.0@egg-sequelize/config/config.default.js",
    "start": 1568111495183,
    "end": 1568111495184,
    "duration": 1,
    "pid": 2752,
    "index": 16
  },
  {
    "name": "Require(14) node_modules/_egg@2.23.0@egg/config/config.default.js",
    "start": 1568111495184,
    "end": 1568111495185,
    "duration": 1,
    "pid": 2752,
    "index": 17
  },
  {
    "name": "Require(15) config/config.default.js",
    "start": 1568111495187,
    "end": 1568111495187,
    "duration": 0,
    "pid": 2752,
    "index": 18
  },
  {
    "name": "Require(16) node_modules/_egg-security@2.6.1@egg-security/config/config.local.js",
    "start": 1568111495188,
    "end": 1568111495188,
    "duration": 0,
    "pid": 2752,
    "index": 19
  },
  {
    "name": "Require(17) node_modules/_egg-watcher@3.1.0@egg-watcher/config/config.local.js",
    "start": 1568111495190,
    "end": 1568111495190,
    "duration": 0,
    "pid": 2752,
    "index": 20
  },
  {
    "name": "Require(18) node_modules/_egg-view@2.1.2@egg-view/config/config.local.js",
    "start": 1568111495192,
    "end": 1568111495192,
    "duration": 0,
    "pid": 2752,
    "index": 21
  },
  {
    "name": "Require(19) node_modules/_egg@2.23.0@egg/config/config.local.js",
    "start": 1568111495193,
    "end": 1568111495194,
    "duration": 1,
    "pid": 2752,
    "index": 22
  },
  {
    "name": "Load extend/application.js",
    "start": 1568111495196,
    "end": 1568111495219,
    "duration": 23,
    "pid": 2752,
    "index": 23
  },
  {
    "name": "Require(20) node_modules/_egg-session@3.1.0@egg-session/app/extend/application.js",
    "start": 1568111495197,
    "end": 1568111495198,
    "duration": 1,
    "pid": 2752,
    "index": 24
  },
  {
    "name": "Require(21) node_modules/_egg-security@2.6.1@egg-security/app/extend/application.js",
    "start": 1568111495199,
    "end": 1568111495201,
    "duration": 2,
    "pid": 2752,
    "index": 25
  },
  {
    "name": "Require(22) node_modules/_egg-jsonp@2.0.0@egg-jsonp/app/extend/application.js",
    "start": 1568111495202,
    "end": 1568111495205,
    "duration": 3,
    "pid": 2752,
    "index": 26
  },
  {
    "name": "Require(23) node_modules/_egg-logrotator@3.1.0@egg-logrotator/app/extend/application.js",
    "start": 1568111495207,
    "end": 1568111495211,
    "duration": 4,
    "pid": 2752,
    "index": 27
  },
  {
    "name": "Require(24) node_modules/_egg-view@2.1.2@egg-view/app/extend/application.js",
    "start": 1568111495212,
    "end": 1568111495214,
    "duration": 2,
    "pid": 2752,
    "index": 28
  },
  {
    "name": "Load extend/request.js",
    "start": 1568111495219,
    "end": 1568111495228,
    "duration": 9,
    "pid": 2752,
    "index": 29
  },
  {
    "name": "Require(25) node_modules/_egg@2.23.0@egg/app/extend/request.js",
    "start": 1568111495222,
    "end": 1568111495224,
    "duration": 2,
    "pid": 2752,
    "index": 30
  },
  {
    "name": "Load extend/response.js",
    "start": 1568111495228,
    "end": 1568111495240,
    "duration": 12,
    "pid": 2752,
    "index": 31
  },
  {
    "name": "Require(26) node_modules/_egg@2.23.0@egg/app/extend/response.js",
    "start": 1568111495232,
    "end": 1568111495236,
    "duration": 4,
    "pid": 2752,
    "index": 32
  },
  {
    "name": "Load extend/context.js",
    "start": 1568111495240,
    "end": 1568111495361,
    "duration": 121,
    "pid": 2752,
    "index": 33
  },
  {
    "name": "Require(27) node_modules/_egg-security@2.6.1@egg-security/app/extend/context.js",
    "start": 1568111495241,
    "end": 1568111495264,
    "duration": 23,
    "pid": 2752,
    "index": 34
  },
  {
    "name": "Require(28) node_modules/_egg-jsonp@2.0.0@egg-jsonp/app/extend/context.js",
    "start": 1568111495264,
    "end": 1568111495268,
    "duration": 4,
    "pid": 2752,
    "index": 35
  },
  {
    "name": "Require(29) node_modules/_egg-i18n@2.1.1@egg-i18n/app/extend/context.js",
    "start": 1568111495269,
    "end": 1568111495269,
    "duration": 0,
    "pid": 2752,
    "index": 36
  },
  {
    "name": "Require(30) node_modules/_egg-multipart@2.9.0@egg-multipart/app/extend/context.js",
    "start": 1568111495271,
    "end": 1568111495350,
    "duration": 79,
    "pid": 2752,
    "index": 37
  },
  {
    "name": "Require(31) node_modules/_egg-view@2.1.2@egg-view/app/extend/context.js",
    "start": 1568111495351,
    "end": 1568111495353,
    "duration": 2,
    "pid": 2752,
    "index": 38
  },
  {
    "name": "Require(32) node_modules/_egg@2.23.0@egg/app/extend/context.js",
    "start": 1568111495354,
    "end": 1568111495358,
    "duration": 4,
    "pid": 2752,
    "index": 39
  },
  {
    "name": "Load extend/helper.js",
    "start": 1568111495362,
    "end": 1568111495404,
    "duration": 42,
    "pid": 2752,
    "index": 40
  },
  {
    "name": "Require(33) node_modules/_egg-security@2.6.1@egg-security/app/extend/helper.js",
    "start": 1568111495363,
    "end": 1568111495395,
    "duration": 32,
    "pid": 2752,
    "index": 41
  },
  {
    "name": "Require(34) node_modules/_egg@2.23.0@egg/app/extend/helper.js",
    "start": 1568111495398,
    "end": 1568111495399,
    "duration": 1,
    "pid": 2752,
    "index": 42
  },
  {
    "name": "Load app.js",
    "start": 1568111495404,
    "end": 1568111495476,
    "duration": 72,
    "pid": 2752,
    "index": 43
  },
  {
    "name": "Require(35) node_modules/_egg-session@3.1.0@egg-session/app.js",
    "start": 1568111495405,
    "end": 1568111495406,
    "duration": 1,
    "pid": 2752,
    "index": 44
  },
  {
    "name": "Require(36) node_modules/_egg-security@2.6.1@egg-security/app.js",
    "start": 1568111495407,
    "end": 1568111495411,
    "duration": 4,
    "pid": 2752,
    "index": 45
  },
  {
    "name": "Require(37) node_modules/_egg-onerror@2.1.0@egg-onerror/app.js",
    "start": 1568111495413,
    "end": 1568111495439,
    "duration": 26,
    "pid": 2752,
    "index": 46
  },
  {
    "name": "Require(38) node_modules/_egg-i18n@2.1.1@egg-i18n/app.js",
    "start": 1568111495439,
    "end": 1568111495453,
    "duration": 14,
    "pid": 2752,
    "index": 47
  },
  {
    "name": "Require(39) node_modules/_egg-watcher@3.1.0@egg-watcher/app.js",
    "start": 1568111495454,
    "end": 1568111495461,
    "duration": 7,
    "pid": 2752,
    "index": 48
  },
  {
    "name": "Require(40) node_modules/_egg-schedule@3.6.4@egg-schedule/app.js",
    "start": 1568111495462,
    "end": 1568111495465,
    "duration": 3,
    "pid": 2752,
    "index": 49
  },
  {
    "name": "Require(41) node_modules/_egg-multipart@2.9.0@egg-multipart/app.js",
    "start": 1568111495466,
    "end": 1568111495471,
    "duration": 5,
    "pid": 2752,
    "index": 50
  },
  {
    "name": "Require(42) node_modules/_egg-development@2.4.3@egg-development/app.js",
    "start": 1568111495471,
    "end": 1568111495472,
    "duration": 1,
    "pid": 2752,
    "index": 51
  },
  {
    "name": "Require(43) node_modules/_egg-logrotator@3.1.0@egg-logrotator/app.js",
    "start": 1568111495472,
    "end": 1568111495472,
    "duration": 0,
    "pid": 2752,
    "index": 52
  },
  {
    "name": "Require(44) node_modules/_egg-static@2.2.0@egg-static/app.js",
    "start": 1568111495473,
    "end": 1568111495473,
    "duration": 0,
    "pid": 2752,
    "index": 53
  },
  {
    "name": "Require(45) node_modules/_egg-sequelize@5.2.0@egg-sequelize/app.js",
    "start": 1568111495474,
    "end": 1568111495474,
    "duration": 0,
    "pid": 2752,
    "index": 54
  },
  {
    "name": "Before Start in node_modules/_egg-watcher@3.1.0@egg-watcher/lib/init.js:15:14",
    "start": 1568111495494,
    "end": 1568111496393,
    "duration": 899,
    "pid": 2752,
    "index": 55
  },
  {
    "name": "Load \"Symbol(model)\" to Application",
    "start": 1568111496097,
    "end": 1568111496124,
    "duration": 27,
    "pid": 2752,
    "index": 56
  },
  {
    "name": "Before Start in node_modules/_egg-sequelize@5.2.0@egg-sequelize/lib/loader.js:39:7",
    "start": 1568111496132,
    "end": 1568111496436,
    "duration": 304,
    "pid": 2752,
    "index": 57
  },
  {
    "name": "Load Service",
    "start": 1568111496132,
    "end": 1568111496139,
    "duration": 7,
    "pid": 2752,
    "index": 58
  },
  {
    "name": "Load \"service\" to Context",
    "start": 1568111496132,
    "end": 1568111496139,
    "duration": 7,
    "pid": 2752,
    "index": 59
  },
  {
    "name": "Load Middleware",
    "start": 1568111496139,
    "end": 1568111496295,
    "duration": 156,
    "pid": 2752,
    "index": 60
  },
  {
    "name": "Load \"middlewares\" to Application",
    "start": 1568111496140,
    "end": 1568111496276,
    "duration": 136,
    "pid": 2752,
    "index": 61
  },
  {
    "name": "Load Controller",
    "start": 1568111496295,
    "end": 1568111496300,
    "duration": 5,
    "pid": 2752,
    "index": 62
  },
  {
    "name": "Load \"controller\" to Application",
    "start": 1568111496296,
    "end": 1568111496300,
    "duration": 4,
    "pid": 2752,
    "index": 63
  },
  {
    "name": "Load Router",
    "start": 1568111496300,
    "end": 1568111496304,
    "duration": 4,
    "pid": 2752,
    "index": 64
  },
  {
    "name": "Require(46) app/router.js",
    "start": 1568111496300,
    "end": 1568111496302,
    "duration": 2,
    "pid": 2752,
    "index": 65
  },
  {
    "name": "Before Start in node_modules/_egg-core@4.17.3@egg-core/lib/egg.js:303:10",
    "start": 1568111496302,
    "end": 1568111496327,
    "duration": 25,
    "pid": 2752,
    "index": 66
  }
]