[
  {
    "name": "Application Start",
    "start": 1568110530843,
    "end": 1568110532035,
    "duration": 1192,
    "pid": 12048,
    "index": 0
  },
  {
    "name": "Load Plugin",
    "start": 1568110530849,
    "end": 1568110530874,
    "duration": 25,
    "pid": 12048,
    "index": 1
  },
  {
    "name": "Load Config",
    "start": 1568110530874,
    "end": 1568110530905,
    "duration": 31,
    "pid": 12048,
    "index": 2
  },
  {
    "name": "Require(0) config/config.default.js",
    "start": 1568110530875,
    "end": 1568110530875,
    "duration": 0,
    "pid": 12048,
    "index": 3
  },
  {
    "name": "Require(1) node_modules/_egg-session@3.1.0@egg-session/config/config.default.js",
    "start": 1568110530877,
    "end": 1568110530878,
    "duration": 1,
    "pid": 12048,
    "index": 4
  },
  {
    "name": "Require(2) node_modules/_egg-security@2.6.1@egg-security/config/config.default.js",
    "start": 1568110530878,
    "end": 1568110530879,
    "duration": 1,
    "pid": 12048,
    "index": 5
  },
  {
    "name": "Require(3) node_modules/_egg-jsonp@2.0.0@egg-jsonp/config/config.default.js",
    "start": 1568110530881,
    "end": 1568110530882,
    "duration": 1,
    "pid": 12048,
    "index": 6
  },
  {
    "name": "Require(4) node_modules/_egg-onerror@2.1.0@egg-onerror/config/config.default.js",
    "start": 1568110530882,
    "end": 1568110530883,
    "duration": 1,
    "pid": 12048,
    "index": 7
  },
  {
    "name": "Require(5) node_modules/_egg-i18n@2.1.1@egg-i18n/config/config.default.js",
    "start": 1568110530884,
    "end": 1568110530884,
    "duration": 0,
    "pid": 12048,
    "index": 8
  },
  {
    "name": "Require(6) node_modules/_egg-watcher@3.1.0@egg-watcher/config/config.default.js",
    "start": 1568110530885,
    "end": 1568110530886,
    "duration": 1,
    "pid": 12048,
    "index": 9
  },
  {
    "name": "Require(7) node_modules/_egg-schedule@3.6.4@egg-schedule/config/config.default.js",
    "start": 1568110530887,
    "end": 1568110530887,
    "duration": 0,
    "pid": 12048,
    "index": 10
  },
  {
    "name": "Require(8) node_modules/_egg-multipart@2.9.0@egg-multipart/config/config.default.js",
    "start": 1568110530888,
    "end": 1568110530889,
    "duration": 1,
    "pid": 12048,
    "index": 11
  },
  {
    "name": "Require(9) node_modules/_egg-development@2.4.3@egg-development/config/config.default.js",
    "start": 1568110530890,
    "end": 1568110530890,
    "duration": 0,
    "pid": 12048,
    "index": 12
  },
  {
    "name": "Require(10) node_modules/_egg-logrotator@3.1.0@egg-logrotator/config/config.default.js",
    "start": 1568110530891,
    "end": 1568110530891,
    "duration": 0,
    "pid": 12048,
    "index": 13
  },
  {
    "name": "Require(11) node_modules/_egg-static@2.2.0@egg-static/config/config.default.js",
    "start": 1568110530892,
    "end": 1568110530892,
    "duration": 0,
    "pid": 12048,
    "index": 14
  },
  {
    "name": "Require(12) node_modules/_egg-view@2.1.2@egg-view/config/config.default.js",
    "start": 1568110530894,
    "end": 1568110530894,
    "duration": 0,
    "pid": 12048,
    "index": 15
  },
  {
    "name": "Require(13) node_modules/_egg-sequelize@5.2.0@egg-sequelize/config/config.default.js",
    "start": 1568110530895,
    "end": 1568110530895,
    "duration": 0,
    "pid": 12048,
    "index": 16
  },
  {
    "name": "Require(14) node_modules/_egg@2.23.0@egg/config/config.default.js",
    "start": 1568110530896,
    "end": 1568110530896,
    "duration": 0,
    "pid": 12048,
    "index": 17
  },
  {
    "name": "Require(15) config/config.default.js",
    "start": 1568110530898,
    "end": 1568110530898,
    "duration": 0,
    "pid": 12048,
    "index": 18
  },
  {
    "name": "Require(16) node_modules/_egg-security@2.6.1@egg-security/config/config.local.js",
    "start": 1568110530899,
    "end": 1568110530900,
    "duration": 1,
    "pid": 12048,
    "index": 19
  },
  {
    "name": "Require(17) node_modules/_egg-watcher@3.1.0@egg-watcher/config/config.local.js",
    "start": 1568110530901,
    "end": 1568110530901,
    "duration": 0,
    "pid": 12048,
    "index": 20
  },
  {
    "name": "Require(18) node_modules/_egg-view@2.1.2@egg-view/config/config.local.js",
    "start": 1568110530903,
    "end": 1568110530903,
    "duration": 0,
    "pid": 12048,
    "index": 21
  },
  {
    "name": "Require(19) node_modules/_egg@2.23.0@egg/config/config.local.js",
    "start": 1568110530904,
    "end": 1568110530904,
    "duration": 0,
    "pid": 12048,
    "index": 22
  },
  {
    "name": "Load extend/application.js",
    "start": 1568110530906,
    "end": 1568110530928,
    "duration": 22,
    "pid": 12048,
    "index": 23
  },
  {
    "name": "Require(20) node_modules/_egg-session@3.1.0@egg-session/app/extend/application.js",
    "start": 1568110530907,
    "end": 1568110530908,
    "duration": 1,
    "pid": 12048,
    "index": 24
  },
  {
    "name": "Require(21) node_modules/_egg-security@2.6.1@egg-security/app/extend/application.js",
    "start": 1568110530909,
    "end": 1568110530911,
    "duration": 2,
    "pid": 12048,
    "index": 25
  },
  {
    "name": "Require(22) node_modules/_egg-jsonp@2.0.0@egg-jsonp/app/extend/application.js",
    "start": 1568110530911,
    "end": 1568110530915,
    "duration": 4,
    "pid": 12048,
    "index": 26
  },
  {
    "name": "Require(23) node_modules/_egg-logrotator@3.1.0@egg-logrotator/app/extend/application.js",
    "start": 1568110530917,
    "end": 1568110530921,
    "duration": 4,
    "pid": 12048,
    "index": 27
  },
  {
    "name": "Require(24) node_modules/_egg-view@2.1.2@egg-view/app/extend/application.js",
    "start": 1568110530922,
    "end": 1568110530924,
    "duration": 2,
    "pid": 12048,
    "index": 28
  },
  {
    "name": "Load extend/request.js",
    "start": 1568110530928,
    "end": 1568110530939,
    "duration": 11,
    "pid": 12048,
    "index": 29
  },
  {
    "name": "Require(25) node_modules/_egg@2.23.0@egg/app/extend/request.js",
    "start": 1568110530932,
    "end": 1568110530936,
    "duration": 4,
    "pid": 12048,
    "index": 30
  },
  {
    "name": "Load extend/response.js",
    "start": 1568110530939,
    "end": 1568110530951,
    "duration": 12,
    "pid": 12048,
    "index": 31
  },
  {
    "name": "Require(26) node_modules/_egg@2.23.0@egg/app/extend/response.js",
    "start": 1568110530943,
    "end": 1568110530947,
    "duration": 4,
    "pid": 12048,
    "index": 32
  },
  {
    "name": "Load extend/context.js",
    "start": 1568110530951,
    "end": 1568110531066,
    "duration": 115,
    "pid": 12048,
    "index": 33
  },
  {
    "name": "Require(27) node_modules/_egg-security@2.6.1@egg-security/app/extend/context.js",
    "start": 1568110530952,
    "end": 1568110530971,
    "duration": 19,
    "pid": 12048,
    "index": 34
  },
  {
    "name": "Require(28) node_modules/_egg-jsonp@2.0.0@egg-jsonp/app/extend/context.js",
    "start": 1568110530972,
    "end": 1568110530974,
    "duration": 2,
    "pid": 12048,
    "index": 35
  },
  {
    "name": "Require(29) node_modules/_egg-i18n@2.1.1@egg-i18n/app/extend/context.js",
    "start": 1568110530975,
    "end": 1568110530975,
    "duration": 0,
    "pid": 12048,
    "index": 36
  },
  {
    "name": "Require(30) node_modules/_egg-multipart@2.9.0@egg-multipart/app/extend/context.js",
    "start": 1568110530977,
    "end": 1568110531055,
    "duration": 78,
    "pid": 12048,
    "index": 37
  },
  {
    "name": "Require(31) node_modules/_egg-view@2.1.2@egg-view/app/extend/context.js",
    "start": 1568110531057,
    "end": 1568110531058,
    "duration": 1,
    "pid": 12048,
    "index": 38
  },
  {
    "name": "Require(32) node_modules/_egg@2.23.0@egg/app/extend/context.js",
    "start": 1568110531059,
    "end": 1568110531062,
    "duration": 3,
    "pid": 12048,
    "index": 39
  },
  {
    "name": "Load extend/helper.js",
    "start": 1568110531067,
    "end": 1568110531102,
    "duration": 35,
    "pid": 12048,
    "index": 40
  },
  {
    "name": "Require(33) node_modules/_egg-security@2.6.1@egg-security/app/extend/helper.js",
    "start": 1568110531067,
    "end": 1568110531094,
    "duration": 27,
    "pid": 12048,
    "index": 41
  },
  {
    "name": "Require(34) node_modules/_egg@2.23.0@egg/app/extend/helper.js",
    "start": 1568110531097,
    "end": 1568110531098,
    "duration": 1,
    "pid": 12048,
    "index": 42
  },
  {
    "name": "Load app.js",
    "start": 1568110531102,
    "end": 1568110531155,
    "duration": 53,
    "pid": 12048,
    "index": 43
  },
  {
    "name": "Require(35) node_modules/_egg-session@3.1.0@egg-session/app.js",
    "start": 1568110531103,
    "end": 1568110531103,
    "duration": 0,
    "pid": 12048,
    "index": 44
  },
  {
    "name": "Require(36) node_modules/_egg-security@2.6.1@egg-security/app.js",
    "start": 1568110531104,
    "end": 1568110531107,
    "duration": 3,
    "pid": 12048,
    "index": 45
  },
  {
    "name": "Require(37) node_modules/_egg-onerror@2.1.0@egg-onerror/app.js",
    "start": 1568110531108,
    "end": 1568110531123,
    "duration": 15,
    "pid": 12048,
    "index": 46
  },
  {
    "name": "Require(38) node_modules/_egg-i18n@2.1.1@egg-i18n/app.js",
    "start": 1568110531123,
    "end": 1568110531136,
    "duration": 13,
    "pid": 12048,
    "index": 47
  },
  {
    "name": "Require(39) node_modules/_egg-watcher@3.1.0@egg-watcher/app.js",
    "start": 1568110531136,
    "end": 1568110531142,
    "duration": 6,
    "pid": 12048,
    "index": 48
  },
  {
    "name": "Require(40) node_modules/_egg-schedule@3.6.4@egg-schedule/app.js",
    "start": 1568110531143,
    "end": 1568110531146,
    "duration": 3,
    "pid": 12048,
    "index": 49
  },
  {
    "name": "Require(41) node_modules/_egg-multipart@2.9.0@egg-multipart/app.js",
    "start": 1568110531146,
    "end": 1568110531150,
    "duration": 4,
    "pid": 12048,
    "index": 50
  },
  {
    "name": "Require(42) node_modules/_egg-development@2.4.3@egg-development/app.js",
    "start": 1568110531151,
    "end": 1568110531151,
    "duration": 0,
    "pid": 12048,
    "index": 51
  },
  {
    "name": "Require(43) node_modules/_egg-logrotator@3.1.0@egg-logrotator/app.js",
    "start": 1568110531152,
    "end": 1568110531152,
    "duration": 0,
    "pid": 12048,
    "index": 52
  },
  {
    "name": "Require(44) node_modules/_egg-static@2.2.0@egg-static/app.js",
    "start": 1568110531152,
    "end": 1568110531153,
    "duration": 1,
    "pid": 12048,
    "index": 53
  },
  {
    "name": "Require(45) node_modules/_egg-sequelize@5.2.0@egg-sequelize/app.js",
    "start": 1568110531154,
    "end": 1568110531154,
    "duration": 0,
    "pid": 12048,
    "index": 54
  },
  {
    "name": "Before Start in node_modules/_egg-watcher@3.1.0@egg-watcher/lib/init.js:15:14",
    "start": 1568110531171,
    "end": 1568110531995,
    "duration": 824,
    "pid": 12048,
    "index": 55
  },
  {
    "name": "Load \"Symbol(model)\" to Application",
    "start": 1568110531717,
    "end": 1568110531744,
    "duration": 27,
    "pid": 12048,
    "index": 56
  },
  {
    "name": "Before Start in node_modules/_egg-sequelize@5.2.0@egg-sequelize/lib/loader.js:39:7",
    "start": 1568110531750,
    "end": 1568110532034,
    "duration": 284,
    "pid": 12048,
    "index": 57
  },
  {
    "name": "Load Service",
    "start": 1568110531751,
    "end": 1568110531756,
    "duration": 5,
    "pid": 12048,
    "index": 58
  },
  {
    "name": "Load \"service\" to Context",
    "start": 1568110531751,
    "end": 1568110531756,
    "duration": 5,
    "pid": 12048,
    "index": 59
  },
  {
    "name": "Load Middleware",
    "start": 1568110531757,
    "end": 1568110531895,
    "duration": 138,
    "pid": 12048,
    "index": 60
  },
  {
    "name": "Load \"middlewares\" to Application",
    "start": 1568110531757,
    "end": 1568110531868,
    "duration": 111,
    "pid": 12048,
    "index": 61
  },
  {
    "name": "Load Controller",
    "start": 1568110531895,
    "end": 1568110531902,
    "duration": 7,
    "pid": 12048,
    "index": 62
  },
  {
    "name": "Load \"controller\" to Application",
    "start": 1568110531896,
    "end": 1568110531902,
    "duration": 6,
    "pid": 12048,
    "index": 63
  },
  {
    "name": "Load Router",
    "start": 1568110531902,
    "end": 1568110531906,
    "duration": 4,
    "pid": 12048,
    "index": 64
  },
  {
    "name": "Require(46) app/router.js",
    "start": 1568110531903,
    "end": 1568110531904,
    "duration": 1,
    "pid": 12048,
    "index": 65
  },
  {
    "name": "Before Start in node_modules/_egg-core@4.17.3@egg-core/lib/egg.js:303:10",
    "start": 1568110531904,
    "end": 1568110531930,
    "duration": 26,
    "pid": 12048,
    "index": 66
  }
]