[
  {
    "name": "Application Start",
    "start": 1568119752606,
    "end": 1568119753776,
    "duration": 1170,
    "pid": 5332,
    "index": 0
  },
  {
    "name": "Load Plugin",
    "start": 1568119752614,
    "end": 1568119752640,
    "duration": 26,
    "pid": 5332,
    "index": 1
  },
  {
    "name": "Load Config",
    "start": 1568119752641,
    "end": 1568119752670,
    "duration": 29,
    "pid": 5332,
    "index": 2
  },
  {
    "name": "Require(0) config/config.default.js",
    "start": 1568119752642,
    "end": 1568119752642,
    "duration": 0,
    "pid": 5332,
    "index": 3
  },
  {
    "name": "Require(1) node_modules/_egg-session@3.1.0@egg-session/config/config.default.js",
    "start": 1568119752645,
    "end": 1568119752645,
    "duration": 0,
    "pid": 5332,
    "index": 4
  },
  {
    "name": "Require(2) node_modules/_egg-security@2.6.1@egg-security/config/config.default.js",
    "start": 1568119752646,
    "end": 1568119752647,
    "duration": 1,
    "pid": 5332,
    "index": 5
  },
  {
    "name": "Require(3) node_modules/_egg-jsonp@2.0.0@egg-jsonp/config/config.default.js",
    "start": 1568119752648,
    "end": 1568119752649,
    "duration": 1,
    "pid": 5332,
    "index": 6
  },
  {
    "name": "Require(4) node_modules/_egg-onerror@2.1.0@egg-onerror/config/config.default.js",
    "start": 1568119752649,
    "end": 1568119752649,
    "duration": 0,
    "pid": 5332,
    "index": 7
  },
  {
    "name": "Require(5) node_modules/_egg-i18n@2.1.1@egg-i18n/config/config.default.js",
    "start": 1568119752650,
    "end": 1568119752650,
    "duration": 0,
    "pid": 5332,
    "index": 8
  },
  {
    "name": "Require(6) node_modules/_egg-watcher@3.1.0@egg-watcher/config/config.default.js",
    "start": 1568119752651,
    "end": 1568119752652,
    "duration": 1,
    "pid": 5332,
    "index": 9
  },
  {
    "name": "Require(7) node_modules/_egg-schedule@3.6.4@egg-schedule/config/config.default.js",
    "start": 1568119752652,
    "end": 1568119752653,
    "duration": 1,
    "pid": 5332,
    "index": 10
  },
  {
    "name": "Require(8) node_modules/_egg-multipart@2.9.0@egg-multipart/config/config.default.js",
    "start": 1568119752653,
    "end": 1568119752654,
    "duration": 1,
    "pid": 5332,
    "index": 11
  },
  {
    "name": "Require(9) node_modules/_egg-development@2.4.3@egg-development/config/config.default.js",
    "start": 1568119752655,
    "end": 1568119752655,
    "duration": 0,
    "pid": 5332,
    "index": 12
  },
  {
    "name": "Require(10) node_modules/_egg-logrotator@3.1.0@egg-logrotator/config/config.default.js",
    "start": 1568119752656,
    "end": 1568119752657,
    "duration": 1,
    "pid": 5332,
    "index": 13
  },
  {
    "name": "Require(11) node_modules/_egg-static@2.2.0@egg-static/config/config.default.js",
    "start": 1568119752657,
    "end": 1568119752658,
    "duration": 1,
    "pid": 5332,
    "index": 14
  },
  {
    "name": "Require(12) node_modules/_egg-view@2.1.2@egg-view/config/config.default.js",
    "start": 1568119752659,
    "end": 1568119752659,
    "duration": 0,
    "pid": 5332,
    "index": 15
  },
  {
    "name": "Require(13) node_modules/_egg-sequelize@5.2.0@egg-sequelize/config/config.default.js",
    "start": 1568119752660,
    "end": 1568119752660,
    "duration": 0,
    "pid": 5332,
    "index": 16
  },
  {
    "name": "Require(14) node_modules/_egg@2.23.0@egg/config/config.default.js",
    "start": 1568119752661,
    "end": 1568119752661,
    "duration": 0,
    "pid": 5332,
    "index": 17
  },
  {
    "name": "Require(15) config/config.default.js",
    "start": 1568119752663,
    "end": 1568119752663,
    "duration": 0,
    "pid": 5332,
    "index": 18
  },
  {
    "name": "Require(16) node_modules/_egg-security@2.6.1@egg-security/config/config.local.js",
    "start": 1568119752664,
    "end": 1568119752665,
    "duration": 1,
    "pid": 5332,
    "index": 19
  },
  {
    "name": "Require(17) node_modules/_egg-watcher@3.1.0@egg-watcher/config/config.local.js",
    "start": 1568119752666,
    "end": 1568119752666,
    "duration": 0,
    "pid": 5332,
    "index": 20
  },
  {
    "name": "Require(18) node_modules/_egg-view@2.1.2@egg-view/config/config.local.js",
    "start": 1568119752668,
    "end": 1568119752668,
    "duration": 0,
    "pid": 5332,
    "index": 21
  },
  {
    "name": "Require(19) node_modules/_egg@2.23.0@egg/config/config.local.js",
    "start": 1568119752669,
    "end": 1568119752669,
    "duration": 0,
    "pid": 5332,
    "index": 22
  },
  {
    "name": "Load extend/application.js",
    "start": 1568119752671,
    "end": 1568119752693,
    "duration": 22,
    "pid": 5332,
    "index": 23
  },
  {
    "name": "Require(20) node_modules/_egg-session@3.1.0@egg-session/app/extend/application.js",
    "start": 1568119752672,
    "end": 1568119752673,
    "duration": 1,
    "pid": 5332,
    "index": 24
  },
  {
    "name": "Require(21) node_modules/_egg-security@2.6.1@egg-security/app/extend/application.js",
    "start": 1568119752673,
    "end": 1568119752675,
    "duration": 2,
    "pid": 5332,
    "index": 25
  },
  {
    "name": "Require(22) node_modules/_egg-jsonp@2.0.0@egg-jsonp/app/extend/application.js",
    "start": 1568119752675,
    "end": 1568119752679,
    "duration": 4,
    "pid": 5332,
    "index": 26
  },
  {
    "name": "Require(23) node_modules/_egg-logrotator@3.1.0@egg-logrotator/app/extend/application.js",
    "start": 1568119752681,
    "end": 1568119752685,
    "duration": 4,
    "pid": 5332,
    "index": 27
  },
  {
    "name": "Require(24) node_modules/_egg-view@2.1.2@egg-view/app/extend/application.js",
    "start": 1568119752687,
    "end": 1568119752689,
    "duration": 2,
    "pid": 5332,
    "index": 28
  },
  {
    "name": "Load extend/request.js",
    "start": 1568119752693,
    "end": 1568119752704,
    "duration": 11,
    "pid": 5332,
    "index": 29
  },
  {
    "name": "Require(25) node_modules/_egg@2.23.0@egg/app/extend/request.js",
    "start": 1568119752697,
    "end": 1568119752700,
    "duration": 3,
    "pid": 5332,
    "index": 30
  },
  {
    "name": "Load extend/response.js",
    "start": 1568119752705,
    "end": 1568119752715,
    "duration": 10,
    "pid": 5332,
    "index": 31
  },
  {
    "name": "Require(26) node_modules/_egg@2.23.0@egg/app/extend/response.js",
    "start": 1568119752708,
    "end": 1568119752711,
    "duration": 3,
    "pid": 5332,
    "index": 32
  },
  {
    "name": "Load extend/context.js",
    "start": 1568119752715,
    "end": 1568119752827,
    "duration": 112,
    "pid": 5332,
    "index": 33
  },
  {
    "name": "Require(27) node_modules/_egg-security@2.6.1@egg-security/app/extend/context.js",
    "start": 1568119752716,
    "end": 1568119752737,
    "duration": 21,
    "pid": 5332,
    "index": 34
  },
  {
    "name": "Require(28) node_modules/_egg-jsonp@2.0.0@egg-jsonp/app/extend/context.js",
    "start": 1568119752738,
    "end": 1568119752740,
    "duration": 2,
    "pid": 5332,
    "index": 35
  },
  {
    "name": "Require(29) node_modules/_egg-i18n@2.1.1@egg-i18n/app/extend/context.js",
    "start": 1568119752741,
    "end": 1568119752742,
    "duration": 1,
    "pid": 5332,
    "index": 36
  },
  {
    "name": "Require(30) node_modules/_egg-multipart@2.9.0@egg-multipart/app/extend/context.js",
    "start": 1568119752743,
    "end": 1568119752817,
    "duration": 74,
    "pid": 5332,
    "index": 37
  },
  {
    "name": "Require(31) node_modules/_egg-view@2.1.2@egg-view/app/extend/context.js",
    "start": 1568119752818,
    "end": 1568119752819,
    "duration": 1,
    "pid": 5332,
    "index": 38
  },
  {
    "name": "Require(32) node_modules/_egg@2.23.0@egg/app/extend/context.js",
    "start": 1568119752820,
    "end": 1568119752824,
    "duration": 4,
    "pid": 5332,
    "index": 39
  },
  {
    "name": "Load extend/helper.js",
    "start": 1568119752827,
    "end": 1568119752868,
    "duration": 41,
    "pid": 5332,
    "index": 40
  },
  {
    "name": "Require(33) node_modules/_egg-security@2.6.1@egg-security/app/extend/helper.js",
    "start": 1568119752828,
    "end": 1568119752861,
    "duration": 33,
    "pid": 5332,
    "index": 41
  },
  {
    "name": "Require(34) node_modules/_egg@2.23.0@egg/app/extend/helper.js",
    "start": 1568119752864,
    "end": 1568119752865,
    "duration": 1,
    "pid": 5332,
    "index": 42
  },
  {
    "name": "Load app.js",
    "start": 1568119752869,
    "end": 1568119752927,
    "duration": 58,
    "pid": 5332,
    "index": 43
  },
  {
    "name": "Require(35) node_modules/_egg-session@3.1.0@egg-session/app.js",
    "start": 1568119752869,
    "end": 1568119752870,
    "duration": 1,
    "pid": 5332,
    "index": 44
  },
  {
    "name": "Require(36) node_modules/_egg-security@2.6.1@egg-security/app.js",
    "start": 1568119752870,
    "end": 1568119752873,
    "duration": 3,
    "pid": 5332,
    "index": 45
  },
  {
    "name": "Require(37) node_modules/_egg-onerror@2.1.0@egg-onerror/app.js",
    "start": 1568119752874,
    "end": 1568119752890,
    "duration": 16,
    "pid": 5332,
    "index": 46
  },
  {
    "name": "Require(38) node_modules/_egg-i18n@2.1.1@egg-i18n/app.js",
    "start": 1568119752891,
    "end": 1568119752904,
    "duration": 13,
    "pid": 5332,
    "index": 47
  },
  {
    "name": "Require(39) node_modules/_egg-watcher@3.1.0@egg-watcher/app.js",
    "start": 1568119752905,
    "end": 1568119752913,
    "duration": 8,
    "pid": 5332,
    "index": 48
  },
  {
    "name": "Require(40) node_modules/_egg-schedule@3.6.4@egg-schedule/app.js",
    "start": 1568119752913,
    "end": 1568119752917,
    "duration": 4,
    "pid": 5332,
    "index": 49
  },
  {
    "name": "Require(41) node_modules/_egg-multipart@2.9.0@egg-multipart/app.js",
    "start": 1568119752917,
    "end": 1568119752921,
    "duration": 4,
    "pid": 5332,
    "index": 50
  },
  {
    "name": "Require(42) node_modules/_egg-development@2.4.3@egg-development/app.js",
    "start": 1568119752922,
    "end": 1568119752922,
    "duration": 0,
    "pid": 5332,
    "index": 51
  },
  {
    "name": "Require(43) node_modules/_egg-logrotator@3.1.0@egg-logrotator/app.js",
    "start": 1568119752923,
    "end": 1568119752923,
    "duration": 0,
    "pid": 5332,
    "index": 52
  },
  {
    "name": "Require(44) node_modules/_egg-static@2.2.0@egg-static/app.js",
    "start": 1568119752924,
    "end": 1568119752924,
    "duration": 0,
    "pid": 5332,
    "index": 53
  },
  {
    "name": "Require(45) node_modules/_egg-sequelize@5.2.0@egg-sequelize/app.js",
    "start": 1568119752925,
    "end": 1568119752925,
    "duration": 0,
    "pid": 5332,
    "index": 54
  },
  {
    "name": "Before Start in node_modules/_egg-watcher@3.1.0@egg-watcher/lib/init.js:15:14",
    "start": 1568119752943,
    "end": 1568119753742,
    "duration": 799,
    "pid": 5332,
    "index": 55
  },
  {
    "name": "Load \"Symbol(model)\" to Application",
    "start": 1568119753501,
    "end": 1568119753524,
    "duration": 23,
    "pid": 5332,
    "index": 56
  },
  {
    "name": "Before Start in node_modules/_egg-sequelize@5.2.0@egg-sequelize/lib/loader.js:39:7",
    "start": 1568119753531,
    "end": 1568119753776,
    "duration": 245,
    "pid": 5332,
    "index": 57
  },
  {
    "name": "Load Service",
    "start": 1568119753531,
    "end": 1568119753537,
    "duration": 6,
    "pid": 5332,
    "index": 58
  },
  {
    "name": "Load \"service\" to Context",
    "start": 1568119753532,
    "end": 1568119753537,
    "duration": 5,
    "pid": 5332,
    "index": 59
  },
  {
    "name": "Load Middleware",
    "start": 1568119753537,
    "end": 1568119753664,
    "duration": 127,
    "pid": 5332,
    "index": 60
  },
  {
    "name": "Load \"middlewares\" to Application",
    "start": 1568119753537,
    "end": 1568119753647,
    "duration": 110,
    "pid": 5332,
    "index": 61
  },
  {
    "name": "Load Controller",
    "start": 1568119753664,
    "end": 1568119753668,
    "duration": 4,
    "pid": 5332,
    "index": 62
  },
  {
    "name": "Load \"controller\" to Application",
    "start": 1568119753664,
    "end": 1568119753668,
    "duration": 4,
    "pid": 5332,
    "index": 63
  },
  {
    "name": "Load Router",
    "start": 1568119753668,
    "end": 1568119753671,
    "duration": 3,
    "pid": 5332,
    "index": 64
  },
  {
    "name": "Require(46) app/router.js",
    "start": 1568119753668,
    "end": 1568119753669,
    "duration": 1,
    "pid": 5332,
    "index": 65
  },
  {
    "name": "Before Start in node_modules/_egg-core@4.17.3@egg-core/lib/egg.js:303:10",
    "start": 1568119753669,
    "end": 1568119753691,
    "duration": 22,
    "pid": 5332,
    "index": 66
  }
]