[
  {
    "name": "Application Start",
    "start": 1568117516371,
    "end": 1568117517501,
    "duration": 1130,
    "pid": 4720,
    "index": 0
  },
  {
    "name": "Load Plugin",
    "start": 1568117516377,
    "end": 1568117516400,
    "duration": 23,
    "pid": 4720,
    "index": 1
  },
  {
    "name": "Load Config",
    "start": 1568117516401,
    "end": 1568117516428,
    "duration": 27,
    "pid": 4720,
    "index": 2
  },
  {
    "name": "Require(0) config/config.default.js",
    "start": 1568117516402,
    "end": 1568117516402,
    "duration": 0,
    "pid": 4720,
    "index": 3
  },
  {
    "name": "Require(1) node_modules/_egg-session@3.1.0@egg-session/config/config.default.js",
    "start": 1568117516404,
    "end": 1568117516404,
    "duration": 0,
    "pid": 4720,
    "index": 4
  },
  {
    "name": "Require(2) node_modules/_egg-security@2.6.1@egg-security/config/config.default.js",
    "start": 1568117516405,
    "end": 1568117516406,
    "duration": 1,
    "pid": 4720,
    "index": 5
  },
  {
    "name": "Require(3) node_modules/_egg-jsonp@2.0.0@egg-jsonp/config/config.default.js",
    "start": 1568117516407,
    "end": 1568117516408,
    "duration": 1,
    "pid": 4720,
    "index": 6
  },
  {
    "name": "Require(4) node_modules/_egg-onerror@2.1.0@egg-onerror/config/config.default.js",
    "start": 1568117516408,
    "end": 1568117516409,
    "duration": 1,
    "pid": 4720,
    "index": 7
  },
  {
    "name": "Require(5) node_modules/_egg-i18n@2.1.1@egg-i18n/config/config.default.js",
    "start": 1568117516409,
    "end": 1568117516409,
    "duration": 0,
    "pid": 4720,
    "index": 8
  },
  {
    "name": "Require(6) node_modules/_egg-watcher@3.1.0@egg-watcher/config/config.default.js",
    "start": 1568117516410,
    "end": 1568117516410,
    "duration": 0,
    "pid": 4720,
    "index": 9
  },
  {
    "name": "Require(7) node_modules/_egg-schedule@3.6.4@egg-schedule/config/config.default.js",
    "start": 1568117516411,
    "end": 1568117516411,
    "duration": 0,
    "pid": 4720,
    "index": 10
  },
  {
    "name": "Require(8) node_modules/_egg-multipart@2.9.0@egg-multipart/config/config.default.js",
    "start": 1568117516412,
    "end": 1568117516412,
    "duration": 0,
    "pid": 4720,
    "index": 11
  },
  {
    "name": "Require(9) node_modules/_egg-development@2.4.3@egg-development/config/config.default.js",
    "start": 1568117516413,
    "end": 1568117516414,
    "duration": 1,
    "pid": 4720,
    "index": 12
  },
  {
    "name": "Require(10) node_modules/_egg-logrotator@3.1.0@egg-logrotator/config/config.default.js",
    "start": 1568117516414,
    "end": 1568117516415,
    "duration": 1,
    "pid": 4720,
    "index": 13
  },
  {
    "name": "Require(11) node_modules/_egg-static@2.2.0@egg-static/config/config.default.js",
    "start": 1568117516415,
    "end": 1568117516415,
    "duration": 0,
    "pid": 4720,
    "index": 14
  },
  {
    "name": "Require(12) node_modules/_egg-view@2.1.2@egg-view/config/config.default.js",
    "start": 1568117516416,
    "end": 1568117516417,
    "duration": 1,
    "pid": 4720,
    "index": 15
  },
  {
    "name": "Require(13) node_modules/_egg-sequelize@5.2.0@egg-sequelize/config/config.default.js",
    "start": 1568117516417,
    "end": 1568117516418,
    "duration": 1,
    "pid": 4720,
    "index": 16
  },
  {
    "name": "Require(14) node_modules/_egg@2.23.0@egg/config/config.default.js",
    "start": 1568117516418,
    "end": 1568117516419,
    "duration": 1,
    "pid": 4720,
    "index": 17
  },
  {
    "name": "Require(15) config/config.default.js",
    "start": 1568117516421,
    "end": 1568117516421,
    "duration": 0,
    "pid": 4720,
    "index": 18
  },
  {
    "name": "Require(16) node_modules/_egg-security@2.6.1@egg-security/config/config.local.js",
    "start": 1568117516422,
    "end": 1568117516422,
    "duration": 0,
    "pid": 4720,
    "index": 19
  },
  {
    "name": "Require(17) node_modules/_egg-watcher@3.1.0@egg-watcher/config/config.local.js",
    "start": 1568117516424,
    "end": 1568117516424,
    "duration": 0,
    "pid": 4720,
    "index": 20
  },
  {
    "name": "Require(18) node_modules/_egg-view@2.1.2@egg-view/config/config.local.js",
    "start": 1568117516426,
    "end": 1568117516426,
    "duration": 0,
    "pid": 4720,
    "index": 21
  },
  {
    "name": "Require(19) node_modules/_egg@2.23.0@egg/config/config.local.js",
    "start": 1568117516427,
    "end": 1568117516427,
    "duration": 0,
    "pid": 4720,
    "index": 22
  },
  {
    "name": "Load extend/application.js",
    "start": 1568117516429,
    "end": 1568117516449,
    "duration": 20,
    "pid": 4720,
    "index": 23
  },
  {
    "name": "Require(20) node_modules/_egg-session@3.1.0@egg-session/app/extend/application.js",
    "start": 1568117516430,
    "end": 1568117516431,
    "duration": 1,
    "pid": 4720,
    "index": 24
  },
  {
    "name": "Require(21) node_modules/_egg-security@2.6.1@egg-security/app/extend/application.js",
    "start": 1568117516432,
    "end": 1568117516433,
    "duration": 1,
    "pid": 4720,
    "index": 25
  },
  {
    "name": "Require(22) node_modules/_egg-jsonp@2.0.0@egg-jsonp/app/extend/application.js",
    "start": 1568117516434,
    "end": 1568117516437,
    "duration": 3,
    "pid": 4720,
    "index": 26
  },
  {
    "name": "Require(23) node_modules/_egg-logrotator@3.1.0@egg-logrotator/app/extend/application.js",
    "start": 1568117516438,
    "end": 1568117516442,
    "duration": 4,
    "pid": 4720,
    "index": 27
  },
  {
    "name": "Require(24) node_modules/_egg-view@2.1.2@egg-view/app/extend/application.js",
    "start": 1568117516443,
    "end": 1568117516445,
    "duration": 2,
    "pid": 4720,
    "index": 28
  },
  {
    "name": "Load extend/request.js",
    "start": 1568117516449,
    "end": 1568117516458,
    "duration": 9,
    "pid": 4720,
    "index": 29
  },
  {
    "name": "Require(25) node_modules/_egg@2.23.0@egg/app/extend/request.js",
    "start": 1568117516452,
    "end": 1568117516454,
    "duration": 2,
    "pid": 4720,
    "index": 30
  },
  {
    "name": "Load extend/response.js",
    "start": 1568117516458,
    "end": 1568117516467,
    "duration": 9,
    "pid": 4720,
    "index": 31
  },
  {
    "name": "Require(26) node_modules/_egg@2.23.0@egg/app/extend/response.js",
    "start": 1568117516461,
    "end": 1568117516464,
    "duration": 3,
    "pid": 4720,
    "index": 32
  },
  {
    "name": "Load extend/context.js",
    "start": 1568117516467,
    "end": 1568117516573,
    "duration": 106,
    "pid": 4720,
    "index": 33
  },
  {
    "name": "Require(27) node_modules/_egg-security@2.6.1@egg-security/app/extend/context.js",
    "start": 1568117516468,
    "end": 1568117516488,
    "duration": 20,
    "pid": 4720,
    "index": 34
  },
  {
    "name": "Require(28) node_modules/_egg-jsonp@2.0.0@egg-jsonp/app/extend/context.js",
    "start": 1568117516488,
    "end": 1568117516490,
    "duration": 2,
    "pid": 4720,
    "index": 35
  },
  {
    "name": "Require(29) node_modules/_egg-i18n@2.1.1@egg-i18n/app/extend/context.js",
    "start": 1568117516491,
    "end": 1568117516492,
    "duration": 1,
    "pid": 4720,
    "index": 36
  },
  {
    "name": "Require(30) node_modules/_egg-multipart@2.9.0@egg-multipart/app/extend/context.js",
    "start": 1568117516493,
    "end": 1568117516563,
    "duration": 70,
    "pid": 4720,
    "index": 37
  },
  {
    "name": "Require(31) node_modules/_egg-view@2.1.2@egg-view/app/extend/context.js",
    "start": 1568117516564,
    "end": 1568117516566,
    "duration": 2,
    "pid": 4720,
    "index": 38
  },
  {
    "name": "Require(32) node_modules/_egg@2.23.0@egg/app/extend/context.js",
    "start": 1568117516566,
    "end": 1568117516569,
    "duration": 3,
    "pid": 4720,
    "index": 39
  },
  {
    "name": "Load extend/helper.js",
    "start": 1568117516573,
    "end": 1568117516611,
    "duration": 38,
    "pid": 4720,
    "index": 40
  },
  {
    "name": "Require(33) node_modules/_egg-security@2.6.1@egg-security/app/extend/helper.js",
    "start": 1568117516574,
    "end": 1568117516604,
    "duration": 30,
    "pid": 4720,
    "index": 41
  },
  {
    "name": "Require(34) node_modules/_egg@2.23.0@egg/app/extend/helper.js",
    "start": 1568117516606,
    "end": 1568117516607,
    "duration": 1,
    "pid": 4720,
    "index": 42
  },
  {
    "name": "Load app.js",
    "start": 1568117516611,
    "end": 1568117516670,
    "duration": 59,
    "pid": 4720,
    "index": 43
  },
  {
    "name": "Require(35) node_modules/_egg-session@3.1.0@egg-session/app.js",
    "start": 1568117516612,
    "end": 1568117516613,
    "duration": 1,
    "pid": 4720,
    "index": 44
  },
  {
    "name": "Require(36) node_modules/_egg-security@2.6.1@egg-security/app.js",
    "start": 1568117516614,
    "end": 1568117516618,
    "duration": 4,
    "pid": 4720,
    "index": 45
  },
  {
    "name": "Require(37) node_modules/_egg-onerror@2.1.0@egg-onerror/app.js",
    "start": 1568117516623,
    "end": 1568117516638,
    "duration": 15,
    "pid": 4720,
    "index": 46
  },
  {
    "name": "Require(38) node_modules/_egg-i18n@2.1.1@egg-i18n/app.js",
    "start": 1568117516639,
    "end": 1568117516650,
    "duration": 11,
    "pid": 4720,
    "index": 47
  },
  {
    "name": "Require(39) node_modules/_egg-watcher@3.1.0@egg-watcher/app.js",
    "start": 1568117516651,
    "end": 1568117516657,
    "duration": 6,
    "pid": 4720,
    "index": 48
  },
  {
    "name": "Require(40) node_modules/_egg-schedule@3.6.4@egg-schedule/app.js",
    "start": 1568117516657,
    "end": 1568117516660,
    "duration": 3,
    "pid": 4720,
    "index": 49
  },
  {
    "name": "Require(41) node_modules/_egg-multipart@2.9.0@egg-multipart/app.js",
    "start": 1568117516661,
    "end": 1568117516664,
    "duration": 3,
    "pid": 4720,
    "index": 50
  },
  {
    "name": "Require(42) node_modules/_egg-development@2.4.3@egg-development/app.js",
    "start": 1568117516665,
    "end": 1568117516665,
    "duration": 0,
    "pid": 4720,
    "index": 51
  },
  {
    "name": "Require(43) node_modules/_egg-logrotator@3.1.0@egg-logrotator/app.js",
    "start": 1568117516666,
    "end": 1568117516666,
    "duration": 0,
    "pid": 4720,
    "index": 52
  },
  {
    "name": "Require(44) node_modules/_egg-static@2.2.0@egg-static/app.js",
    "start": 1568117516667,
    "end": 1568117516667,
    "duration": 0,
    "pid": 4720,
    "index": 53
  },
  {
    "name": "Require(45) node_modules/_egg-sequelize@5.2.0@egg-sequelize/app.js",
    "start": 1568117516668,
    "end": 1568117516668,
    "duration": 0,
    "pid": 4720,
    "index": 54
  },
  {
    "name": "Before Start in node_modules/_egg-watcher@3.1.0@egg-watcher/lib/init.js:15:14",
    "start": 1568117516685,
    "end": 1568117517462,
    "duration": 777,
    "pid": 4720,
    "index": 55
  },
  {
    "name": "Load \"Symbol(model)\" to Application",
    "start": 1568117517187,
    "end": 1568117517209,
    "duration": 22,
    "pid": 4720,
    "index": 56
  },
  {
    "name": "Before Start in node_modules/_egg-sequelize@5.2.0@egg-sequelize/lib/loader.js:39:7",
    "start": 1568117517217,
    "end": 1568117517500,
    "duration": 283,
    "pid": 4720,
    "index": 57
  },
  {
    "name": "Load Service",
    "start": 1568117517218,
    "end": 1568117517225,
    "duration": 7,
    "pid": 4720,
    "index": 58
  },
  {
    "name": "Load \"service\" to Context",
    "start": 1568117517218,
    "end": 1568117517225,
    "duration": 7,
    "pid": 4720,
    "index": 59
  },
  {
    "name": "Load Middleware",
    "start": 1568117517225,
    "end": 1568117517352,
    "duration": 127,
    "pid": 4720,
    "index": 60
  },
  {
    "name": "Load \"middlewares\" to Application",
    "start": 1568117517226,
    "end": 1568117517337,
    "duration": 111,
    "pid": 4720,
    "index": 61
  },
  {
    "name": "Load Controller",
    "start": 1568117517352,
    "end": 1568117517356,
    "duration": 4,
    "pid": 4720,
    "index": 62
  },
  {
    "name": "Load \"controller\" to Application",
    "start": 1568117517352,
    "end": 1568117517356,
    "duration": 4,
    "pid": 4720,
    "index": 63
  },
  {
    "name": "Load Router",
    "start": 1568117517356,
    "end": 1568117517359,
    "duration": 3,
    "pid": 4720,
    "index": 64
  },
  {
    "name": "Require(46) app/router.js",
    "start": 1568117517356,
    "end": 1568117517356,
    "duration": 0,
    "pid": 4720,
    "index": 65
  },
  {
    "name": "Before Start in node_modules/_egg-core@4.17.3@egg-core/lib/egg.js:303:10",
    "start": 1568117517357,
    "end": 1568117517380,
    "duration": 23,
    "pid": 4720,
    "index": 66
  }
]