[
  {
    "name": "Application Start",
    "start": 1568113863842,
    "end": 1568113865381,
    "duration": 1539,
    "pid": 9032,
    "index": 0
  },
  {
    "name": "Load Plugin",
    "start": 1568113863849,
    "end": 1568113863889,
    "duration": 40,
    "pid": 9032,
    "index": 1
  },
  {
    "name": "Load Config",
    "start": 1568113863890,
    "end": 1568113863917,
    "duration": 27,
    "pid": 9032,
    "index": 2
  },
  {
    "name": "Require(0) config/config.default.js",
    "start": 1568113863891,
    "end": 1568113863891,
    "duration": 0,
    "pid": 9032,
    "index": 3
  },
  {
    "name": "Require(1) node_modules/_egg-session@3.1.0@egg-session/config/config.default.js",
    "start": 1568113863894,
    "end": 1568113863894,
    "duration": 0,
    "pid": 9032,
    "index": 4
  },
  {
    "name": "Require(2) node_modules/_egg-security@2.6.1@egg-security/config/config.default.js",
    "start": 1568113863895,
    "end": 1568113863896,
    "duration": 1,
    "pid": 9032,
    "index": 5
  },
  {
    "name": "Require(3) node_modules/_egg-jsonp@2.0.0@egg-jsonp/config/config.default.js",
    "start": 1568113863897,
    "end": 1568113863897,
    "duration": 0,
    "pid": 9032,
    "index": 6
  },
  {
    "name": "Require(4) node_modules/_egg-onerror@2.1.0@egg-onerror/config/config.default.js",
    "start": 1568113863898,
    "end": 1568113863899,
    "duration": 1,
    "pid": 9032,
    "index": 7
  },
  {
    "name": "Require(5) node_modules/_egg-i18n@2.1.1@egg-i18n/config/config.default.js",
    "start": 1568113863899,
    "end": 1568113863900,
    "duration": 1,
    "pid": 9032,
    "index": 8
  },
  {
    "name": "Require(6) node_modules/_egg-watcher@3.1.0@egg-watcher/config/config.default.js",
    "start": 1568113863900,
    "end": 1568113863901,
    "duration": 1,
    "pid": 9032,
    "index": 9
  },
  {
    "name": "Require(7) node_modules/_egg-schedule@3.6.4@egg-schedule/config/config.default.js",
    "start": 1568113863901,
    "end": 1568113863902,
    "duration": 1,
    "pid": 9032,
    "index": 10
  },
  {
    "name": "Require(8) node_modules/_egg-multipart@2.9.0@egg-multipart/config/config.default.js",
    "start": 1568113863903,
    "end": 1568113863903,
    "duration": 0,
    "pid": 9032,
    "index": 11
  },
  {
    "name": "Require(9) node_modules/_egg-development@2.4.3@egg-development/config/config.default.js",
    "start": 1568113863904,
    "end": 1568113863904,
    "duration": 0,
    "pid": 9032,
    "index": 12
  },
  {
    "name": "Require(10) node_modules/_egg-logrotator@3.1.0@egg-logrotator/config/config.default.js",
    "start": 1568113863905,
    "end": 1568113863905,
    "duration": 0,
    "pid": 9032,
    "index": 13
  },
  {
    "name": "Require(11) node_modules/_egg-static@2.2.0@egg-static/config/config.default.js",
    "start": 1568113863906,
    "end": 1568113863906,
    "duration": 0,
    "pid": 9032,
    "index": 14
  },
  {
    "name": "Require(12) node_modules/_egg-view@2.1.2@egg-view/config/config.default.js",
    "start": 1568113863907,
    "end": 1568113863907,
    "duration": 0,
    "pid": 9032,
    "index": 15
  },
  {
    "name": "Require(13) node_modules/_egg-sequelize@5.2.0@egg-sequelize/config/config.default.js",
    "start": 1568113863908,
    "end": 1568113863908,
    "duration": 0,
    "pid": 9032,
    "index": 16
  },
  {
    "name": "Require(14) node_modules/_egg@2.23.0@egg/config/config.default.js",
    "start": 1568113863909,
    "end": 1568113863909,
    "duration": 0,
    "pid": 9032,
    "index": 17
  },
  {
    "name": "Require(15) config/config.default.js",
    "start": 1568113863911,
    "end": 1568113863911,
    "duration": 0,
    "pid": 9032,
    "index": 18
  },
  {
    "name": "Require(16) node_modules/_egg-security@2.6.1@egg-security/config/config.local.js",
    "start": 1568113863912,
    "end": 1568113863912,
    "duration": 0,
    "pid": 9032,
    "index": 19
  },
  {
    "name": "Require(17) node_modules/_egg-watcher@3.1.0@egg-watcher/config/config.local.js",
    "start": 1568113863914,
    "end": 1568113863914,
    "duration": 0,
    "pid": 9032,
    "index": 20
  },
  {
    "name": "Require(18) node_modules/_egg-view@2.1.2@egg-view/config/config.local.js",
    "start": 1568113863916,
    "end": 1568113863916,
    "duration": 0,
    "pid": 9032,
    "index": 21
  },
  {
    "name": "Require(19) node_modules/_egg@2.23.0@egg/config/config.local.js",
    "start": 1568113863917,
    "end": 1568113863917,
    "duration": 0,
    "pid": 9032,
    "index": 22
  },
  {
    "name": "Load extend/application.js",
    "start": 1568113863919,
    "end": 1568113863939,
    "duration": 20,
    "pid": 9032,
    "index": 23
  },
  {
    "name": "Require(20) node_modules/_egg-session@3.1.0@egg-session/app/extend/application.js",
    "start": 1568113863920,
    "end": 1568113863921,
    "duration": 1,
    "pid": 9032,
    "index": 24
  },
  {
    "name": "Require(21) node_modules/_egg-security@2.6.1@egg-security/app/extend/application.js",
    "start": 1568113863921,
    "end": 1568113863922,
    "duration": 1,
    "pid": 9032,
    "index": 25
  },
  {
    "name": "Require(22) node_modules/_egg-jsonp@2.0.0@egg-jsonp/app/extend/application.js",
    "start": 1568113863923,
    "end": 1568113863926,
    "duration": 3,
    "pid": 9032,
    "index": 26
  },
  {
    "name": "Require(23) node_modules/_egg-logrotator@3.1.0@egg-logrotator/app/extend/application.js",
    "start": 1568113863928,
    "end": 1568113863932,
    "duration": 4,
    "pid": 9032,
    "index": 27
  },
  {
    "name": "Require(24) node_modules/_egg-view@2.1.2@egg-view/app/extend/application.js",
    "start": 1568113863933,
    "end": 1568113863935,
    "duration": 2,
    "pid": 9032,
    "index": 28
  },
  {
    "name": "Load extend/request.js",
    "start": 1568113863939,
    "end": 1568113863949,
    "duration": 10,
    "pid": 9032,
    "index": 29
  },
  {
    "name": "Require(25) node_modules/_egg@2.23.0@egg/app/extend/request.js",
    "start": 1568113863942,
    "end": 1568113863945,
    "duration": 3,
    "pid": 9032,
    "index": 30
  },
  {
    "name": "Load extend/response.js",
    "start": 1568113863949,
    "end": 1568113863958,
    "duration": 9,
    "pid": 9032,
    "index": 31
  },
  {
    "name": "Require(26) node_modules/_egg@2.23.0@egg/app/extend/response.js",
    "start": 1568113863952,
    "end": 1568113863955,
    "duration": 3,
    "pid": 9032,
    "index": 32
  },
  {
    "name": "Load extend/context.js",
    "start": 1568113863958,
    "end": 1568113864066,
    "duration": 108,
    "pid": 9032,
    "index": 33
  },
  {
    "name": "Require(27) node_modules/_egg-security@2.6.1@egg-security/app/extend/context.js",
    "start": 1568113863959,
    "end": 1568113863980,
    "duration": 21,
    "pid": 9032,
    "index": 34
  },
  {
    "name": "Require(28) node_modules/_egg-jsonp@2.0.0@egg-jsonp/app/extend/context.js",
    "start": 1568113863980,
    "end": 1568113863983,
    "duration": 3,
    "pid": 9032,
    "index": 35
  },
  {
    "name": "Require(29) node_modules/_egg-i18n@2.1.1@egg-i18n/app/extend/context.js",
    "start": 1568113863983,
    "end": 1568113863984,
    "duration": 1,
    "pid": 9032,
    "index": 36
  },
  {
    "name": "Require(30) node_modules/_egg-multipart@2.9.0@egg-multipart/app/extend/context.js",
    "start": 1568113863985,
    "end": 1568113864056,
    "duration": 71,
    "pid": 9032,
    "index": 37
  },
  {
    "name": "Require(31) node_modules/_egg-view@2.1.2@egg-view/app/extend/context.js",
    "start": 1568113864057,
    "end": 1568113864059,
    "duration": 2,
    "pid": 9032,
    "index": 38
  },
  {
    "name": "Require(32) node_modules/_egg@2.23.0@egg/app/extend/context.js",
    "start": 1568113864059,
    "end": 1568113864063,
    "duration": 4,
    "pid": 9032,
    "index": 39
  },
  {
    "name": "Load extend/helper.js",
    "start": 1568113864066,
    "end": 1568113864103,
    "duration": 37,
    "pid": 9032,
    "index": 40
  },
  {
    "name": "Require(33) node_modules/_egg-security@2.6.1@egg-security/app/extend/helper.js",
    "start": 1568113864067,
    "end": 1568113864097,
    "duration": 30,
    "pid": 9032,
    "index": 41
  },
  {
    "name": "Require(34) node_modules/_egg@2.23.0@egg/app/extend/helper.js",
    "start": 1568113864100,
    "end": 1568113864100,
    "duration": 0,
    "pid": 9032,
    "index": 42
  },
  {
    "name": "Load app.js",
    "start": 1568113864104,
    "end": 1568113864155,
    "duration": 51,
    "pid": 9032,
    "index": 43
  },
  {
    "name": "Require(35) node_modules/_egg-session@3.1.0@egg-session/app.js",
    "start": 1568113864104,
    "end": 1568113864105,
    "duration": 1,
    "pid": 9032,
    "index": 44
  },
  {
    "name": "Require(36) node_modules/_egg-security@2.6.1@egg-security/app.js",
    "start": 1568113864105,
    "end": 1568113864108,
    "duration": 3,
    "pid": 9032,
    "index": 45
  },
  {
    "name": "Require(37) node_modules/_egg-onerror@2.1.0@egg-onerror/app.js",
    "start": 1568113864109,
    "end": 1568113864124,
    "duration": 15,
    "pid": 9032,
    "index": 46
  },
  {
    "name": "Require(38) node_modules/_egg-i18n@2.1.1@egg-i18n/app.js",
    "start": 1568113864125,
    "end": 1568113864136,
    "duration": 11,
    "pid": 9032,
    "index": 47
  },
  {
    "name": "Require(39) node_modules/_egg-watcher@3.1.0@egg-watcher/app.js",
    "start": 1568113864137,
    "end": 1568113864143,
    "duration": 6,
    "pid": 9032,
    "index": 48
  },
  {
    "name": "Require(40) node_modules/_egg-schedule@3.6.4@egg-schedule/app.js",
    "start": 1568113864143,
    "end": 1568113864146,
    "duration": 3,
    "pid": 9032,
    "index": 49
  },
  {
    "name": "Require(41) node_modules/_egg-multipart@2.9.0@egg-multipart/app.js",
    "start": 1568113864146,
    "end": 1568113864150,
    "duration": 4,
    "pid": 9032,
    "index": 50
  },
  {
    "name": "Require(42) node_modules/_egg-development@2.4.3@egg-development/app.js",
    "start": 1568113864150,
    "end": 1568113864151,
    "duration": 1,
    "pid": 9032,
    "index": 51
  },
  {
    "name": "Require(43) node_modules/_egg-logrotator@3.1.0@egg-logrotator/app.js",
    "start": 1568113864151,
    "end": 1568113864152,
    "duration": 1,
    "pid": 9032,
    "index": 52
  },
  {
    "name": "Require(44) node_modules/_egg-static@2.2.0@egg-static/app.js",
    "start": 1568113864152,
    "end": 1568113864152,
    "duration": 0,
    "pid": 9032,
    "index": 53
  },
  {
    "name": "Require(45) node_modules/_egg-sequelize@5.2.0@egg-sequelize/app.js",
    "start": 1568113864153,
    "end": 1568113864153,
    "duration": 0,
    "pid": 9032,
    "index": 54
  },
  {
    "name": "Before Start in node_modules/_egg-watcher@3.1.0@egg-watcher/lib/init.js:15:14",
    "start": 1568113864170,
    "end": 1568113865327,
    "duration": 1157,
    "pid": 9032,
    "index": 55
  },
  {
    "name": "Load \"Symbol(model)\" to Application",
    "start": 1568113864848,
    "end": 1568113864871,
    "duration": 23,
    "pid": 9032,
    "index": 56
  },
  {
    "name": "Before Start in node_modules/_egg-sequelize@5.2.0@egg-sequelize/lib/loader.js:39:7",
    "start": 1568113864877,
    "end": 1568113865381,
    "duration": 504,
    "pid": 9032,
    "index": 57
  },
  {
    "name": "Load Service",
    "start": 1568113864877,
    "end": 1568113864882,
    "duration": 5,
    "pid": 9032,
    "index": 58
  },
  {
    "name": "Load \"service\" to Context",
    "start": 1568113864878,
    "end": 1568113864882,
    "duration": 4,
    "pid": 9032,
    "index": 59
  },
  {
    "name": "Load Middleware",
    "start": 1568113864883,
    "end": 1568113865185,
    "duration": 302,
    "pid": 9032,
    "index": 60
  },
  {
    "name": "Load \"middlewares\" to Application",
    "start": 1568113864883,
    "end": 1568113865155,
    "duration": 272,
    "pid": 9032,
    "index": 61
  },
  {
    "name": "Load Controller",
    "start": 1568113865185,
    "end": 1568113865196,
    "duration": 11,
    "pid": 9032,
    "index": 62
  },
  {
    "name": "Load \"controller\" to Application",
    "start": 1568113865185,
    "end": 1568113865196,
    "duration": 11,
    "pid": 9032,
    "index": 63
  },
  {
    "name": "Load Router",
    "start": 1568113865196,
    "end": 1568113865206,
    "duration": 10,
    "pid": 9032,
    "index": 64
  },
  {
    "name": "Require(46) app/router.js",
    "start": 1568113865197,
    "end": 1568113865198,
    "duration": 1,
    "pid": 9032,
    "index": 65
  },
  {
    "name": "Before Start in node_modules/_egg-core@4.17.3@egg-core/lib/egg.js:303:10",
    "start": 1568113865199,
    "end": 1568113865248,
    "duration": 49,
    "pid": 9032,
    "index": 66
  }
]