[
  {
    "name": "Application Start",
    "start": 1568083768373,
    "end": 1568083769421,
    "duration": 1048,
    "pid": 3300,
    "index": 0
  },
  {
    "name": "Load Plugin",
    "start": 1568083768379,
    "end": 1568083768403,
    "duration": 24,
    "pid": 3300,
    "index": 1
  },
  {
    "name": "Load Config",
    "start": 1568083768403,
    "end": 1568083768429,
    "duration": 26,
    "pid": 3300,
    "index": 2
  },
  {
    "name": "Require(0) config/config.default.js",
    "start": 1568083768404,
    "end": 1568083768405,
    "duration": 1,
    "pid": 3300,
    "index": 3
  },
  {
    "name": "Require(1) node_modules/_egg-session@3.1.0@egg-session/config/config.default.js",
    "start": 1568083768407,
    "end": 1568083768407,
    "duration": 0,
    "pid": 3300,
    "index": 4
  },
  {
    "name": "Require(2) node_modules/_egg-security@2.6.1@egg-security/config/config.default.js",
    "start": 1568083768408,
    "end": 1568083768408,
    "duration": 0,
    "pid": 3300,
    "index": 5
  },
  {
    "name": "Require(3) node_modules/_egg-jsonp@2.0.0@egg-jsonp/config/config.default.js",
    "start": 1568083768410,
    "end": 1568083768410,
    "duration": 0,
    "pid": 3300,
    "index": 6
  },
  {
    "name": "Require(4) node_modules/_egg-onerror@2.1.0@egg-onerror/config/config.default.js",
    "start": 1568083768411,
    "end": 1568083768411,
    "duration": 0,
    "pid": 3300,
    "index": 7
  },
  {
    "name": "Require(5) node_modules/_egg-i18n@2.1.1@egg-i18n/config/config.default.js",
    "start": 1568083768412,
    "end": 1568083768412,
    "duration": 0,
    "pid": 3300,
    "index": 8
  },
  {
    "name": "Require(6) node_modules/_egg-watcher@3.1.0@egg-watcher/config/config.default.js",
    "start": 1568083768413,
    "end": 1568083768413,
    "duration": 0,
    "pid": 3300,
    "index": 9
  },
  {
    "name": "Require(7) node_modules/_egg-schedule@3.6.4@egg-schedule/config/config.default.js",
    "start": 1568083768414,
    "end": 1568083768414,
    "duration": 0,
    "pid": 3300,
    "index": 10
  },
  {
    "name": "Require(8) node_modules/_egg-multipart@2.9.0@egg-multipart/config/config.default.js",
    "start": 1568083768415,
    "end": 1568083768415,
    "duration": 0,
    "pid": 3300,
    "index": 11
  },
  {
    "name": "Require(9) node_modules/_egg-development@2.4.3@egg-development/config/config.default.js",
    "start": 1568083768416,
    "end": 1568083768416,
    "duration": 0,
    "pid": 3300,
    "index": 12
  },
  {
    "name": "Require(10) node_modules/_egg-logrotator@3.1.0@egg-logrotator/config/config.default.js",
    "start": 1568083768417,
    "end": 1568083768417,
    "duration": 0,
    "pid": 3300,
    "index": 13
  },
  {
    "name": "Require(11) node_modules/_egg-static@2.2.0@egg-static/config/config.default.js",
    "start": 1568083768418,
    "end": 1568083768418,
    "duration": 0,
    "pid": 3300,
    "index": 14
  },
  {
    "name": "Require(12) node_modules/_egg-view@2.1.2@egg-view/config/config.default.js",
    "start": 1568083768419,
    "end": 1568083768419,
    "duration": 0,
    "pid": 3300,
    "index": 15
  },
  {
    "name": "Require(13) node_modules/_egg-sequelize@5.2.0@egg-sequelize/config/config.default.js",
    "start": 1568083768420,
    "end": 1568083768420,
    "duration": 0,
    "pid": 3300,
    "index": 16
  },
  {
    "name": "Require(14) node_modules/_egg@2.23.0@egg/config/config.default.js",
    "start": 1568083768421,
    "end": 1568083768421,
    "duration": 0,
    "pid": 3300,
    "index": 17
  },
  {
    "name": "Require(15) config/config.default.js",
    "start": 1568083768423,
    "end": 1568083768423,
    "duration": 0,
    "pid": 3300,
    "index": 18
  },
  {
    "name": "Require(16) node_modules/_egg-security@2.6.1@egg-security/config/config.local.js",
    "start": 1568083768424,
    "end": 1568083768424,
    "duration": 0,
    "pid": 3300,
    "index": 19
  },
  {
    "name": "Require(17) node_modules/_egg-watcher@3.1.0@egg-watcher/config/config.local.js",
    "start": 1568083768425,
    "end": 1568083768426,
    "duration": 1,
    "pid": 3300,
    "index": 20
  },
  {
    "name": "Require(18) node_modules/_egg-view@2.1.2@egg-view/config/config.local.js",
    "start": 1568083768427,
    "end": 1568083768427,
    "duration": 0,
    "pid": 3300,
    "index": 21
  },
  {
    "name": "Require(19) node_modules/_egg@2.23.0@egg/config/config.local.js",
    "start": 1568083768428,
    "end": 1568083768429,
    "duration": 1,
    "pid": 3300,
    "index": 22
  },
  {
    "name": "Load extend/application.js",
    "start": 1568083768431,
    "end": 1568083768449,
    "duration": 18,
    "pid": 3300,
    "index": 23
  },
  {
    "name": "Require(20) node_modules/_egg-session@3.1.0@egg-session/app/extend/application.js",
    "start": 1568083768432,
    "end": 1568083768432,
    "duration": 0,
    "pid": 3300,
    "index": 24
  },
  {
    "name": "Require(21) node_modules/_egg-security@2.6.1@egg-security/app/extend/application.js",
    "start": 1568083768433,
    "end": 1568083768434,
    "duration": 1,
    "pid": 3300,
    "index": 25
  },
  {
    "name": "Require(22) node_modules/_egg-jsonp@2.0.0@egg-jsonp/app/extend/application.js",
    "start": 1568083768434,
    "end": 1568083768437,
    "duration": 3,
    "pid": 3300,
    "index": 26
  },
  {
    "name": "Require(23) node_modules/_egg-logrotator@3.1.0@egg-logrotator/app/extend/application.js",
    "start": 1568083768439,
    "end": 1568083768443,
    "duration": 4,
    "pid": 3300,
    "index": 27
  },
  {
    "name": "Require(24) node_modules/_egg-view@2.1.2@egg-view/app/extend/application.js",
    "start": 1568083768443,
    "end": 1568083768446,
    "duration": 3,
    "pid": 3300,
    "index": 28
  },
  {
    "name": "Load extend/request.js",
    "start": 1568083768450,
    "end": 1568083768458,
    "duration": 8,
    "pid": 3300,
    "index": 29
  },
  {
    "name": "Require(25) node_modules/_egg@2.23.0@egg/app/extend/request.js",
    "start": 1568083768453,
    "end": 1568083768455,
    "duration": 2,
    "pid": 3300,
    "index": 30
  },
  {
    "name": "Load extend/response.js",
    "start": 1568083768459,
    "end": 1568083768470,
    "duration": 11,
    "pid": 3300,
    "index": 31
  },
  {
    "name": "Require(26) node_modules/_egg@2.23.0@egg/app/extend/response.js",
    "start": 1568083768462,
    "end": 1568083768465,
    "duration": 3,
    "pid": 3300,
    "index": 32
  },
  {
    "name": "Load extend/context.js",
    "start": 1568083768470,
    "end": 1568083768572,
    "duration": 102,
    "pid": 3300,
    "index": 33
  },
  {
    "name": "Require(27) node_modules/_egg-security@2.6.1@egg-security/app/extend/context.js",
    "start": 1568083768471,
    "end": 1568083768490,
    "duration": 19,
    "pid": 3300,
    "index": 34
  },
  {
    "name": "Require(28) node_modules/_egg-jsonp@2.0.0@egg-jsonp/app/extend/context.js",
    "start": 1568083768490,
    "end": 1568083768493,
    "duration": 3,
    "pid": 3300,
    "index": 35
  },
  {
    "name": "Require(29) node_modules/_egg-i18n@2.1.1@egg-i18n/app/extend/context.js",
    "start": 1568083768493,
    "end": 1568083768494,
    "duration": 1,
    "pid": 3300,
    "index": 36
  },
  {
    "name": "Require(30) node_modules/_egg-multipart@2.9.0@egg-multipart/app/extend/context.js",
    "start": 1568083768495,
    "end": 1568083768563,
    "duration": 68,
    "pid": 3300,
    "index": 37
  },
  {
    "name": "Require(31) node_modules/_egg-view@2.1.2@egg-view/app/extend/context.js",
    "start": 1568083768564,
    "end": 1568083768565,
    "duration": 1,
    "pid": 3300,
    "index": 38
  },
  {
    "name": "Require(32) node_modules/_egg@2.23.0@egg/app/extend/context.js",
    "start": 1568083768566,
    "end": 1568083768569,
    "duration": 3,
    "pid": 3300,
    "index": 39
  },
  {
    "name": "Load extend/helper.js",
    "start": 1568083768572,
    "end": 1568083768603,
    "duration": 31,
    "pid": 3300,
    "index": 40
  },
  {
    "name": "Require(33) node_modules/_egg-security@2.6.1@egg-security/app/extend/helper.js",
    "start": 1568083768573,
    "end": 1568083768597,
    "duration": 24,
    "pid": 3300,
    "index": 41
  },
  {
    "name": "Require(34) node_modules/_egg@2.23.0@egg/app/extend/helper.js",
    "start": 1568083768600,
    "end": 1568083768600,
    "duration": 0,
    "pid": 3300,
    "index": 42
  },
  {
    "name": "Load app.js",
    "start": 1568083768604,
    "end": 1568083768660,
    "duration": 56,
    "pid": 3300,
    "index": 43
  },
  {
    "name": "Require(35) node_modules/_egg-session@3.1.0@egg-session/app.js",
    "start": 1568083768604,
    "end": 1568083768605,
    "duration": 1,
    "pid": 3300,
    "index": 44
  },
  {
    "name": "Require(36) node_modules/_egg-security@2.6.1@egg-security/app.js",
    "start": 1568083768605,
    "end": 1568083768608,
    "duration": 3,
    "pid": 3300,
    "index": 45
  },
  {
    "name": "Require(37) node_modules/_egg-onerror@2.1.0@egg-onerror/app.js",
    "start": 1568083768609,
    "end": 1568083768629,
    "duration": 20,
    "pid": 3300,
    "index": 46
  },
  {
    "name": "Require(38) node_modules/_egg-i18n@2.1.1@egg-i18n/app.js",
    "start": 1568083768630,
    "end": 1568083768641,
    "duration": 11,
    "pid": 3300,
    "index": 47
  },
  {
    "name": "Require(39) node_modules/_egg-watcher@3.1.0@egg-watcher/app.js",
    "start": 1568083768641,
    "end": 1568083768648,
    "duration": 7,
    "pid": 3300,
    "index": 48
  },
  {
    "name": "Require(40) node_modules/_egg-schedule@3.6.4@egg-schedule/app.js",
    "start": 1568083768648,
    "end": 1568083768651,
    "duration": 3,
    "pid": 3300,
    "index": 49
  },
  {
    "name": "Require(41) node_modules/_egg-multipart@2.9.0@egg-multipart/app.js",
    "start": 1568083768651,
    "end": 1568083768655,
    "duration": 4,
    "pid": 3300,
    "index": 50
  },
  {
    "name": "Require(42) node_modules/_egg-development@2.4.3@egg-development/app.js",
    "start": 1568083768656,
    "end": 1568083768656,
    "duration": 0,
    "pid": 3300,
    "index": 51
  },
  {
    "name": "Require(43) node_modules/_egg-logrotator@3.1.0@egg-logrotator/app.js",
    "start": 1568083768656,
    "end": 1568083768657,
    "duration": 1,
    "pid": 3300,
    "index": 52
  },
  {
    "name": "Require(44) node_modules/_egg-static@2.2.0@egg-static/app.js",
    "start": 1568083768657,
    "end": 1568083768658,
    "duration": 1,
    "pid": 3300,
    "index": 53
  },
  {
    "name": "Require(45) node_modules/_egg-sequelize@5.2.0@egg-sequelize/app.js",
    "start": 1568083768658,
    "end": 1568083768659,
    "duration": 1,
    "pid": 3300,
    "index": 54
  },
  {
    "name": "Before Start in node_modules/_egg-watcher@3.1.0@egg-watcher/lib/init.js:15:14",
    "start": 1568083768674,
    "end": 1568083769383,
    "duration": 709,
    "pid": 3300,
    "index": 55
  },
  {
    "name": "Load \"Symbol(model)\" to Application",
    "start": 1568083769164,
    "end": 1568083769177,
    "duration": 13,
    "pid": 3300,
    "index": 56
  },
  {
    "name": "Before Start in node_modules/_egg-sequelize@5.2.0@egg-sequelize/lib/loader.js:39:7",
    "start": 1568083769177,
    "end": 1568083769421,
    "duration": 244,
    "pid": 3300,
    "index": 57
  },
  {
    "name": "Load Service",
    "start": 1568083769177,
    "end": 1568083769182,
    "duration": 5,
    "pid": 3300,
    "index": 58
  },
  {
    "name": "Load \"service\" to Context",
    "start": 1568083769177,
    "end": 1568083769182,
    "duration": 5,
    "pid": 3300,
    "index": 59
  },
  {
    "name": "Load Middleware",
    "start": 1568083769182,
    "end": 1568083769303,
    "duration": 121,
    "pid": 3300,
    "index": 60
  },
  {
    "name": "Load \"middlewares\" to Application",
    "start": 1568083769183,
    "end": 1568083769287,
    "duration": 104,
    "pid": 3300,
    "index": 61
  },
  {
    "name": "Load Controller",
    "start": 1568083769303,
    "end": 1568083769306,
    "duration": 3,
    "pid": 3300,
    "index": 62
  },
  {
    "name": "Load \"controller\" to Application",
    "start": 1568083769303,
    "end": 1568083769305,
    "duration": 2,
    "pid": 3300,
    "index": 63
  },
  {
    "name": "Load Router",
    "start": 1568083769306,
    "end": 1568083769308,
    "duration": 2,
    "pid": 3300,
    "index": 64
  },
  {
    "name": "Require(46) app/router.js",
    "start": 1568083769306,
    "end": 1568083769306,
    "duration": 0,
    "pid": 3300,
    "index": 65
  },
  {
    "name": "Before Start in node_modules/_egg-core@4.17.3@egg-core/lib/egg.js:303:10",
    "start": 1568083769307,
    "end": 1568083769328,
    "duration": 21,
    "pid": 3300,
    "index": 66
  }
]