[
  {
    "name": "Application Start",
    "start": 1568116679583,
    "end": 1568116680720,
    "duration": 1137,
    "pid": 13532,
    "index": 0
  },
  {
    "name": "Load Plugin",
    "start": 1568116679589,
    "end": 1568116679620,
    "duration": 31,
    "pid": 13532,
    "index": 1
  },
  {
    "name": "Load Config",
    "start": 1568116679621,
    "end": 1568116679648,
    "duration": 27,
    "pid": 13532,
    "index": 2
  },
  {
    "name": "Require(0) config/config.default.js",
    "start": 1568116679622,
    "end": 1568116679622,
    "duration": 0,
    "pid": 13532,
    "index": 3
  },
  {
    "name": "Require(1) node_modules/_egg-session@3.1.0@egg-session/config/config.default.js",
    "start": 1568116679624,
    "end": 1568116679625,
    "duration": 1,
    "pid": 13532,
    "index": 4
  },
  {
    "name": "Require(2) node_modules/_egg-security@2.6.1@egg-security/config/config.default.js",
    "start": 1568116679626,
    "end": 1568116679626,
    "duration": 0,
    "pid": 13532,
    "index": 5
  },
  {
    "name": "Require(3) node_modules/_egg-jsonp@2.0.0@egg-jsonp/config/config.default.js",
    "start": 1568116679628,
    "end": 1568116679628,
    "duration": 0,
    "pid": 13532,
    "index": 6
  },
  {
    "name": "Require(4) node_modules/_egg-onerror@2.1.0@egg-onerror/config/config.default.js",
    "start": 1568116679629,
    "end": 1568116679629,
    "duration": 0,
    "pid": 13532,
    "index": 7
  },
  {
    "name": "Require(5) node_modules/_egg-i18n@2.1.1@egg-i18n/config/config.default.js",
    "start": 1568116679630,
    "end": 1568116679631,
    "duration": 1,
    "pid": 13532,
    "index": 8
  },
  {
    "name": "Require(6) node_modules/_egg-watcher@3.1.0@egg-watcher/config/config.default.js",
    "start": 1568116679631,
    "end": 1568116679632,
    "duration": 1,
    "pid": 13532,
    "index": 9
  },
  {
    "name": "Require(7) node_modules/_egg-schedule@3.6.4@egg-schedule/config/config.default.js",
    "start": 1568116679632,
    "end": 1568116679633,
    "duration": 1,
    "pid": 13532,
    "index": 10
  },
  {
    "name": "Require(8) node_modules/_egg-multipart@2.9.0@egg-multipart/config/config.default.js",
    "start": 1568116679633,
    "end": 1568116679634,
    "duration": 1,
    "pid": 13532,
    "index": 11
  },
  {
    "name": "Require(9) node_modules/_egg-development@2.4.3@egg-development/config/config.default.js",
    "start": 1568116679635,
    "end": 1568116679635,
    "duration": 0,
    "pid": 13532,
    "index": 12
  },
  {
    "name": "Require(10) node_modules/_egg-logrotator@3.1.0@egg-logrotator/config/config.default.js",
    "start": 1568116679636,
    "end": 1568116679636,
    "duration": 0,
    "pid": 13532,
    "index": 13
  },
  {
    "name": "Require(11) node_modules/_egg-static@2.2.0@egg-static/config/config.default.js",
    "start": 1568116679636,
    "end": 1568116679637,
    "duration": 1,
    "pid": 13532,
    "index": 14
  },
  {
    "name": "Require(12) node_modules/_egg-view@2.1.2@egg-view/config/config.default.js",
    "start": 1568116679638,
    "end": 1568116679638,
    "duration": 0,
    "pid": 13532,
    "index": 15
  },
  {
    "name": "Require(13) node_modules/_egg-sequelize@5.2.0@egg-sequelize/config/config.default.js",
    "start": 1568116679639,
    "end": 1568116679639,
    "duration": 0,
    "pid": 13532,
    "index": 16
  },
  {
    "name": "Require(14) node_modules/_egg@2.23.0@egg/config/config.default.js",
    "start": 1568116679639,
    "end": 1568116679640,
    "duration": 1,
    "pid": 13532,
    "index": 17
  },
  {
    "name": "Require(15) config/config.default.js",
    "start": 1568116679642,
    "end": 1568116679642,
    "duration": 0,
    "pid": 13532,
    "index": 18
  },
  {
    "name": "Require(16) node_modules/_egg-security@2.6.1@egg-security/config/config.local.js",
    "start": 1568116679643,
    "end": 1568116679643,
    "duration": 0,
    "pid": 13532,
    "index": 19
  },
  {
    "name": "Require(17) node_modules/_egg-watcher@3.1.0@egg-watcher/config/config.local.js",
    "start": 1568116679645,
    "end": 1568116679645,
    "duration": 0,
    "pid": 13532,
    "index": 20
  },
  {
    "name": "Require(18) node_modules/_egg-view@2.1.2@egg-view/config/config.local.js",
    "start": 1568116679647,
    "end": 1568116679647,
    "duration": 0,
    "pid": 13532,
    "index": 21
  },
  {
    "name": "Require(19) node_modules/_egg@2.23.0@egg/config/config.local.js",
    "start": 1568116679648,
    "end": 1568116679648,
    "duration": 0,
    "pid": 13532,
    "index": 22
  },
  {
    "name": "Load extend/application.js",
    "start": 1568116679650,
    "end": 1568116679671,
    "duration": 21,
    "pid": 13532,
    "index": 23
  },
  {
    "name": "Require(20) node_modules/_egg-session@3.1.0@egg-session/app/extend/application.js",
    "start": 1568116679651,
    "end": 1568116679652,
    "duration": 1,
    "pid": 13532,
    "index": 24
  },
  {
    "name": "Require(21) node_modules/_egg-security@2.6.1@egg-security/app/extend/application.js",
    "start": 1568116679652,
    "end": 1568116679654,
    "duration": 2,
    "pid": 13532,
    "index": 25
  },
  {
    "name": "Require(22) node_modules/_egg-jsonp@2.0.0@egg-jsonp/app/extend/application.js",
    "start": 1568116679655,
    "end": 1568116679658,
    "duration": 3,
    "pid": 13532,
    "index": 26
  },
  {
    "name": "Require(23) node_modules/_egg-logrotator@3.1.0@egg-logrotator/app/extend/application.js",
    "start": 1568116679660,
    "end": 1568116679664,
    "duration": 4,
    "pid": 13532,
    "index": 27
  },
  {
    "name": "Require(24) node_modules/_egg-view@2.1.2@egg-view/app/extend/application.js",
    "start": 1568116679665,
    "end": 1568116679668,
    "duration": 3,
    "pid": 13532,
    "index": 28
  },
  {
    "name": "Load extend/request.js",
    "start": 1568116679671,
    "end": 1568116679681,
    "duration": 10,
    "pid": 13532,
    "index": 29
  },
  {
    "name": "Require(25) node_modules/_egg@2.23.0@egg/app/extend/request.js",
    "start": 1568116679675,
    "end": 1568116679678,
    "duration": 3,
    "pid": 13532,
    "index": 30
  },
  {
    "name": "Load extend/response.js",
    "start": 1568116679681,
    "end": 1568116679692,
    "duration": 11,
    "pid": 13532,
    "index": 31
  },
  {
    "name": "Require(26) node_modules/_egg@2.23.0@egg/app/extend/response.js",
    "start": 1568116679685,
    "end": 1568116679688,
    "duration": 3,
    "pid": 13532,
    "index": 32
  },
  {
    "name": "Load extend/context.js",
    "start": 1568116679692,
    "end": 1568116679802,
    "duration": 110,
    "pid": 13532,
    "index": 33
  },
  {
    "name": "Require(27) node_modules/_egg-security@2.6.1@egg-security/app/extend/context.js",
    "start": 1568116679693,
    "end": 1568116679713,
    "duration": 20,
    "pid": 13532,
    "index": 34
  },
  {
    "name": "Require(28) node_modules/_egg-jsonp@2.0.0@egg-jsonp/app/extend/context.js",
    "start": 1568116679713,
    "end": 1568116679715,
    "duration": 2,
    "pid": 13532,
    "index": 35
  },
  {
    "name": "Require(29) node_modules/_egg-i18n@2.1.1@egg-i18n/app/extend/context.js",
    "start": 1568116679716,
    "end": 1568116679717,
    "duration": 1,
    "pid": 13532,
    "index": 36
  },
  {
    "name": "Require(30) node_modules/_egg-multipart@2.9.0@egg-multipart/app/extend/context.js",
    "start": 1568116679718,
    "end": 1568116679792,
    "duration": 74,
    "pid": 13532,
    "index": 37
  },
  {
    "name": "Require(31) node_modules/_egg-view@2.1.2@egg-view/app/extend/context.js",
    "start": 1568116679793,
    "end": 1568116679794,
    "duration": 1,
    "pid": 13532,
    "index": 38
  },
  {
    "name": "Require(32) node_modules/_egg@2.23.0@egg/app/extend/context.js",
    "start": 1568116679795,
    "end": 1568116679798,
    "duration": 3,
    "pid": 13532,
    "index": 39
  },
  {
    "name": "Load extend/helper.js",
    "start": 1568116679802,
    "end": 1568116679839,
    "duration": 37,
    "pid": 13532,
    "index": 40
  },
  {
    "name": "Require(33) node_modules/_egg-security@2.6.1@egg-security/app/extend/helper.js",
    "start": 1568116679803,
    "end": 1568116679832,
    "duration": 29,
    "pid": 13532,
    "index": 41
  },
  {
    "name": "Require(34) node_modules/_egg@2.23.0@egg/app/extend/helper.js",
    "start": 1568116679835,
    "end": 1568116679836,
    "duration": 1,
    "pid": 13532,
    "index": 42
  },
  {
    "name": "Load app.js",
    "start": 1568116679840,
    "end": 1568116679894,
    "duration": 54,
    "pid": 13532,
    "index": 43
  },
  {
    "name": "Require(35) node_modules/_egg-session@3.1.0@egg-session/app.js",
    "start": 1568116679840,
    "end": 1568116679841,
    "duration": 1,
    "pid": 13532,
    "index": 44
  },
  {
    "name": "Require(36) node_modules/_egg-security@2.6.1@egg-security/app.js",
    "start": 1568116679841,
    "end": 1568116679844,
    "duration": 3,
    "pid": 13532,
    "index": 45
  },
  {
    "name": "Require(37) node_modules/_egg-onerror@2.1.0@egg-onerror/app.js",
    "start": 1568116679845,
    "end": 1568116679861,
    "duration": 16,
    "pid": 13532,
    "index": 46
  },
  {
    "name": "Require(38) node_modules/_egg-i18n@2.1.1@egg-i18n/app.js",
    "start": 1568116679862,
    "end": 1568116679873,
    "duration": 11,
    "pid": 13532,
    "index": 47
  },
  {
    "name": "Require(39) node_modules/_egg-watcher@3.1.0@egg-watcher/app.js",
    "start": 1568116679874,
    "end": 1568116679881,
    "duration": 7,
    "pid": 13532,
    "index": 48
  },
  {
    "name": "Require(40) node_modules/_egg-schedule@3.6.4@egg-schedule/app.js",
    "start": 1568116679881,
    "end": 1568116679884,
    "duration": 3,
    "pid": 13532,
    "index": 49
  },
  {
    "name": "Require(41) node_modules/_egg-multipart@2.9.0@egg-multipart/app.js",
    "start": 1568116679885,
    "end": 1568116679889,
    "duration": 4,
    "pid": 13532,
    "index": 50
  },
  {
    "name": "Require(42) node_modules/_egg-development@2.4.3@egg-development/app.js",
    "start": 1568116679889,
    "end": 1568116679890,
    "duration": 1,
    "pid": 13532,
    "index": 51
  },
  {
    "name": "Require(43) node_modules/_egg-logrotator@3.1.0@egg-logrotator/app.js",
    "start": 1568116679890,
    "end": 1568116679891,
    "duration": 1,
    "pid": 13532,
    "index": 52
  },
  {
    "name": "Require(44) node_modules/_egg-static@2.2.0@egg-static/app.js",
    "start": 1568116679891,
    "end": 1568116679892,
    "duration": 1,
    "pid": 13532,
    "index": 53
  },
  {
    "name": "Require(45) node_modules/_egg-sequelize@5.2.0@egg-sequelize/app.js",
    "start": 1568116679893,
    "end": 1568116679893,
    "duration": 0,
    "pid": 13532,
    "index": 54
  },
  {
    "name": "Before Start in node_modules/_egg-watcher@3.1.0@egg-watcher/lib/init.js:15:14",
    "start": 1568116679910,
    "end": 1568116680681,
    "duration": 771,
    "pid": 13532,
    "index": 55
  },
  {
    "name": "Load \"Symbol(model)\" to Application",
    "start": 1568116680423,
    "end": 1568116680446,
    "duration": 23,
    "pid": 13532,
    "index": 56
  },
  {
    "name": "Before Start in node_modules/_egg-sequelize@5.2.0@egg-sequelize/lib/loader.js:39:7",
    "start": 1568116680454,
    "end": 1568116680719,
    "duration": 265,
    "pid": 13532,
    "index": 57
  },
  {
    "name": "Load Service",
    "start": 1568116680455,
    "end": 1568116680460,
    "duration": 5,
    "pid": 13532,
    "index": 58
  },
  {
    "name": "Load \"service\" to Context",
    "start": 1568116680455,
    "end": 1568116680460,
    "duration": 5,
    "pid": 13532,
    "index": 59
  },
  {
    "name": "Load Middleware",
    "start": 1568116680460,
    "end": 1568116680591,
    "duration": 131,
    "pid": 13532,
    "index": 60
  },
  {
    "name": "Load \"middlewares\" to Application",
    "start": 1568116680460,
    "end": 1568116680573,
    "duration": 113,
    "pid": 13532,
    "index": 61
  },
  {
    "name": "Load Controller",
    "start": 1568116680591,
    "end": 1568116680595,
    "duration": 4,
    "pid": 13532,
    "index": 62
  },
  {
    "name": "Load \"controller\" to Application",
    "start": 1568116680591,
    "end": 1568116680595,
    "duration": 4,
    "pid": 13532,
    "index": 63
  },
  {
    "name": "Load Router",
    "start": 1568116680595,
    "end": 1568116680599,
    "duration": 4,
    "pid": 13532,
    "index": 64
  },
  {
    "name": "Require(46) app/router.js",
    "start": 1568116680596,
    "end": 1568116680596,
    "duration": 0,
    "pid": 13532,
    "index": 65
  },
  {
    "name": "Before Start in node_modules/_egg-core@4.17.3@egg-core/lib/egg.js:303:10",
    "start": 1568116680597,
    "end": 1568116680630,
    "duration": 33,
    "pid": 13532,
    "index": 66
  }
]