[
  {
    "name": "Application Start",
    "start": 1568102578406,
    "end": 1568102579602,
    "duration": 1196,
    "pid": 11980,
    "index": 0
  },
  {
    "name": "Load Plugin",
    "start": 1568102578412,
    "end": 1568102578437,
    "duration": 25,
    "pid": 11980,
    "index": 1
  },
  {
    "name": "Load Config",
    "start": 1568102578437,
    "end": 1568102578468,
    "duration": 31,
    "pid": 11980,
    "index": 2
  },
  {
    "name": "Require(0) config/config.default.js",
    "start": 1568102578438,
    "end": 1568102578439,
    "duration": 1,
    "pid": 11980,
    "index": 3
  },
  {
    "name": "Require(1) node_modules/_egg-session@3.1.0@egg-session/config/config.default.js",
    "start": 1568102578441,
    "end": 1568102578441,
    "duration": 0,
    "pid": 11980,
    "index": 4
  },
  {
    "name": "Require(2) node_modules/_egg-security@2.6.1@egg-security/config/config.default.js",
    "start": 1568102578442,
    "end": 1568102578442,
    "duration": 0,
    "pid": 11980,
    "index": 5
  },
  {
    "name": "Require(3) node_modules/_egg-jsonp@2.0.0@egg-jsonp/config/config.default.js",
    "start": 1568102578444,
    "end": 1568102578444,
    "duration": 0,
    "pid": 11980,
    "index": 6
  },
  {
    "name": "Require(4) node_modules/_egg-onerror@2.1.0@egg-onerror/config/config.default.js",
    "start": 1568102578445,
    "end": 1568102578445,
    "duration": 0,
    "pid": 11980,
    "index": 7
  },
  {
    "name": "Require(5) node_modules/_egg-i18n@2.1.1@egg-i18n/config/config.default.js",
    "start": 1568102578446,
    "end": 1568102578446,
    "duration": 0,
    "pid": 11980,
    "index": 8
  },
  {
    "name": "Require(6) node_modules/_egg-watcher@3.1.0@egg-watcher/config/config.default.js",
    "start": 1568102578447,
    "end": 1568102578448,
    "duration": 1,
    "pid": 11980,
    "index": 9
  },
  {
    "name": "Require(7) node_modules/_egg-schedule@3.6.4@egg-schedule/config/config.default.js",
    "start": 1568102578448,
    "end": 1568102578449,
    "duration": 1,
    "pid": 11980,
    "index": 10
  },
  {
    "name": "Require(8) node_modules/_egg-multipart@2.9.0@egg-multipart/config/config.default.js",
    "start": 1568102578449,
    "end": 1568102578450,
    "duration": 1,
    "pid": 11980,
    "index": 11
  },
  {
    "name": "Require(9) node_modules/_egg-development@2.4.3@egg-development/config/config.default.js",
    "start": 1568102578451,
    "end": 1568102578451,
    "duration": 0,
    "pid": 11980,
    "index": 12
  },
  {
    "name": "Require(10) node_modules/_egg-logrotator@3.1.0@egg-logrotator/config/config.default.js",
    "start": 1568102578452,
    "end": 1568102578452,
    "duration": 0,
    "pid": 11980,
    "index": 13
  },
  {
    "name": "Require(11) node_modules/_egg-static@2.2.0@egg-static/config/config.default.js",
    "start": 1568102578453,
    "end": 1568102578454,
    "duration": 1,
    "pid": 11980,
    "index": 14
  },
  {
    "name": "Require(12) node_modules/_egg-view@2.1.2@egg-view/config/config.default.js",
    "start": 1568102578455,
    "end": 1568102578455,
    "duration": 0,
    "pid": 11980,
    "index": 15
  },
  {
    "name": "Require(13) node_modules/_egg-sequelize@5.2.0@egg-sequelize/config/config.default.js",
    "start": 1568102578456,
    "end": 1568102578456,
    "duration": 0,
    "pid": 11980,
    "index": 16
  },
  {
    "name": "Require(14) node_modules/_egg@2.23.0@egg/config/config.default.js",
    "start": 1568102578457,
    "end": 1568102578458,
    "duration": 1,
    "pid": 11980,
    "index": 17
  },
  {
    "name": "Require(15) config/config.default.js",
    "start": 1568102578460,
    "end": 1568102578460,
    "duration": 0,
    "pid": 11980,
    "index": 18
  },
  {
    "name": "Require(16) node_modules/_egg-security@2.6.1@egg-security/config/config.local.js",
    "start": 1568102578461,
    "end": 1568102578461,
    "duration": 0,
    "pid": 11980,
    "index": 19
  },
  {
    "name": "Require(17) node_modules/_egg-watcher@3.1.0@egg-watcher/config/config.local.js",
    "start": 1568102578463,
    "end": 1568102578464,
    "duration": 1,
    "pid": 11980,
    "index": 20
  },
  {
    "name": "Require(18) node_modules/_egg-view@2.1.2@egg-view/config/config.local.js",
    "start": 1568102578466,
    "end": 1568102578466,
    "duration": 0,
    "pid": 11980,
    "index": 21
  },
  {
    "name": "Require(19) node_modules/_egg@2.23.0@egg/config/config.local.js",
    "start": 1568102578467,
    "end": 1568102578468,
    "duration": 1,
    "pid": 11980,
    "index": 22
  },
  {
    "name": "Load extend/application.js",
    "start": 1568102578470,
    "end": 1568102578489,
    "duration": 19,
    "pid": 11980,
    "index": 23
  },
  {
    "name": "Require(20) node_modules/_egg-session@3.1.0@egg-session/app/extend/application.js",
    "start": 1568102578470,
    "end": 1568102578471,
    "duration": 1,
    "pid": 11980,
    "index": 24
  },
  {
    "name": "Require(21) node_modules/_egg-security@2.6.1@egg-security/app/extend/application.js",
    "start": 1568102578472,
    "end": 1568102578473,
    "duration": 1,
    "pid": 11980,
    "index": 25
  },
  {
    "name": "Require(22) node_modules/_egg-jsonp@2.0.0@egg-jsonp/app/extend/application.js",
    "start": 1568102578474,
    "end": 1568102578476,
    "duration": 2,
    "pid": 11980,
    "index": 26
  },
  {
    "name": "Require(23) node_modules/_egg-logrotator@3.1.0@egg-logrotator/app/extend/application.js",
    "start": 1568102578479,
    "end": 1568102578482,
    "duration": 3,
    "pid": 11980,
    "index": 27
  },
  {
    "name": "Require(24) node_modules/_egg-view@2.1.2@egg-view/app/extend/application.js",
    "start": 1568102578483,
    "end": 1568102578486,
    "duration": 3,
    "pid": 11980,
    "index": 28
  },
  {
    "name": "Load extend/request.js",
    "start": 1568102578489,
    "end": 1568102578499,
    "duration": 10,
    "pid": 11980,
    "index": 29
  },
  {
    "name": "Require(25) node_modules/_egg@2.23.0@egg/app/extend/request.js",
    "start": 1568102578493,
    "end": 1568102578496,
    "duration": 3,
    "pid": 11980,
    "index": 30
  },
  {
    "name": "Load extend/response.js",
    "start": 1568102578499,
    "end": 1568102578509,
    "duration": 10,
    "pid": 11980,
    "index": 31
  },
  {
    "name": "Require(26) node_modules/_egg@2.23.0@egg/app/extend/response.js",
    "start": 1568102578503,
    "end": 1568102578506,
    "duration": 3,
    "pid": 11980,
    "index": 32
  },
  {
    "name": "Load extend/context.js",
    "start": 1568102578509,
    "end": 1568102578612,
    "duration": 103,
    "pid": 11980,
    "index": 33
  },
  {
    "name": "Require(27) node_modules/_egg-security@2.6.1@egg-security/app/extend/context.js",
    "start": 1568102578510,
    "end": 1568102578531,
    "duration": 21,
    "pid": 11980,
    "index": 34
  },
  {
    "name": "Require(28) node_modules/_egg-jsonp@2.0.0@egg-jsonp/app/extend/context.js",
    "start": 1568102578531,
    "end": 1568102578534,
    "duration": 3,
    "pid": 11980,
    "index": 35
  },
  {
    "name": "Require(29) node_modules/_egg-i18n@2.1.1@egg-i18n/app/extend/context.js",
    "start": 1568102578535,
    "end": 1568102578535,
    "duration": 0,
    "pid": 11980,
    "index": 36
  },
  {
    "name": "Require(30) node_modules/_egg-multipart@2.9.0@egg-multipart/app/extend/context.js",
    "start": 1568102578537,
    "end": 1568102578603,
    "duration": 66,
    "pid": 11980,
    "index": 37
  },
  {
    "name": "Require(31) node_modules/_egg-view@2.1.2@egg-view/app/extend/context.js",
    "start": 1568102578604,
    "end": 1568102578605,
    "duration": 1,
    "pid": 11980,
    "index": 38
  },
  {
    "name": "Require(32) node_modules/_egg@2.23.0@egg/app/extend/context.js",
    "start": 1568102578606,
    "end": 1568102578609,
    "duration": 3,
    "pid": 11980,
    "index": 39
  },
  {
    "name": "Load extend/helper.js",
    "start": 1568102578612,
    "end": 1568102578662,
    "duration": 50,
    "pid": 11980,
    "index": 40
  },
  {
    "name": "Require(33) node_modules/_egg-security@2.6.1@egg-security/app/extend/helper.js",
    "start": 1568102578613,
    "end": 1568102578650,
    "duration": 37,
    "pid": 11980,
    "index": 41
  },
  {
    "name": "Require(34) node_modules/_egg@2.23.0@egg/app/extend/helper.js",
    "start": 1568102578655,
    "end": 1568102578656,
    "duration": 1,
    "pid": 11980,
    "index": 42
  },
  {
    "name": "Load app.js",
    "start": 1568102578663,
    "end": 1568102578745,
    "duration": 82,
    "pid": 11980,
    "index": 43
  },
  {
    "name": "Require(35) node_modules/_egg-session@3.1.0@egg-session/app.js",
    "start": 1568102578663,
    "end": 1568102578664,
    "duration": 1,
    "pid": 11980,
    "index": 44
  },
  {
    "name": "Require(36) node_modules/_egg-security@2.6.1@egg-security/app.js",
    "start": 1568102578665,
    "end": 1568102578670,
    "duration": 5,
    "pid": 11980,
    "index": 45
  },
  {
    "name": "Require(37) node_modules/_egg-onerror@2.1.0@egg-onerror/app.js",
    "start": 1568102578671,
    "end": 1568102578693,
    "duration": 22,
    "pid": 11980,
    "index": 46
  },
  {
    "name": "Require(38) node_modules/_egg-i18n@2.1.1@egg-i18n/app.js",
    "start": 1568102578694,
    "end": 1568102578712,
    "duration": 18,
    "pid": 11980,
    "index": 47
  },
  {
    "name": "Require(39) node_modules/_egg-watcher@3.1.0@egg-watcher/app.js",
    "start": 1568102578713,
    "end": 1568102578725,
    "duration": 12,
    "pid": 11980,
    "index": 48
  },
  {
    "name": "Require(40) node_modules/_egg-schedule@3.6.4@egg-schedule/app.js",
    "start": 1568102578725,
    "end": 1568102578729,
    "duration": 4,
    "pid": 11980,
    "index": 49
  },
  {
    "name": "Require(41) node_modules/_egg-multipart@2.9.0@egg-multipart/app.js",
    "start": 1568102578730,
    "end": 1568102578738,
    "duration": 8,
    "pid": 11980,
    "index": 50
  },
  {
    "name": "Require(42) node_modules/_egg-development@2.4.3@egg-development/app.js",
    "start": 1568102578739,
    "end": 1568102578740,
    "duration": 1,
    "pid": 11980,
    "index": 51
  },
  {
    "name": "Require(43) node_modules/_egg-logrotator@3.1.0@egg-logrotator/app.js",
    "start": 1568102578740,
    "end": 1568102578740,
    "duration": 0,
    "pid": 11980,
    "index": 52
  },
  {
    "name": "Require(44) node_modules/_egg-static@2.2.0@egg-static/app.js",
    "start": 1568102578741,
    "end": 1568102578741,
    "duration": 0,
    "pid": 11980,
    "index": 53
  },
  {
    "name": "Require(45) node_modules/_egg-sequelize@5.2.0@egg-sequelize/app.js",
    "start": 1568102578742,
    "end": 1568102578743,
    "duration": 1,
    "pid": 11980,
    "index": 54
  },
  {
    "name": "Before Start in node_modules/_egg-watcher@3.1.0@egg-watcher/lib/init.js:15:14",
    "start": 1568102578773,
    "end": 1568102579566,
    "duration": 793,
    "pid": 11980,
    "index": 55
  },
  {
    "name": "Load \"Symbol(model)\" to Application",
    "start": 1568102579322,
    "end": 1568102579345,
    "duration": 23,
    "pid": 11980,
    "index": 56
  },
  {
    "name": "Before Start in node_modules/_egg-sequelize@5.2.0@egg-sequelize/lib/loader.js:39:7",
    "start": 1568102579351,
    "end": 1568102579602,
    "duration": 251,
    "pid": 11980,
    "index": 57
  },
  {
    "name": "Load Service",
    "start": 1568102579351,
    "end": 1568102579356,
    "duration": 5,
    "pid": 11980,
    "index": 58
  },
  {
    "name": "Load \"service\" to Context",
    "start": 1568102579351,
    "end": 1568102579356,
    "duration": 5,
    "pid": 11980,
    "index": 59
  },
  {
    "name": "Load Middleware",
    "start": 1568102579356,
    "end": 1568102579483,
    "duration": 127,
    "pid": 11980,
    "index": 60
  },
  {
    "name": "Load \"middlewares\" to Application",
    "start": 1568102579357,
    "end": 1568102579468,
    "duration": 111,
    "pid": 11980,
    "index": 61
  },
  {
    "name": "Load Controller",
    "start": 1568102579483,
    "end": 1568102579486,
    "duration": 3,
    "pid": 11980,
    "index": 62
  },
  {
    "name": "Load \"controller\" to Application",
    "start": 1568102579484,
    "end": 1568102579486,
    "duration": 2,
    "pid": 11980,
    "index": 63
  },
  {
    "name": "Load Router",
    "start": 1568102579486,
    "end": 1568102579489,
    "duration": 3,
    "pid": 11980,
    "index": 64
  },
  {
    "name": "Require(46) app/router.js",
    "start": 1568102579487,
    "end": 1568102579487,
    "duration": 0,
    "pid": 11980,
    "index": 65
  },
  {
    "name": "Before Start in node_modules/_egg-core@4.17.3@egg-core/lib/egg.js:303:10",
    "start": 1568102579487,
    "end": 1568102579510,
    "duration": 23,
    "pid": 11980,
    "index": 66
  }
]