[
  {
    "name": "Application Start",
    "start": 1568110792902,
    "end": 1568110794076,
    "duration": 1174,
    "pid": 7308,
    "index": 0
  },
  {
    "name": "Load Plugin",
    "start": 1568110792909,
    "end": 1568110792937,
    "duration": 28,
    "pid": 7308,
    "index": 1
  },
  {
    "name": "Load Config",
    "start": 1568110792937,
    "end": 1568110792964,
    "duration": 27,
    "pid": 7308,
    "index": 2
  },
  {
    "name": "Require(0) config/config.default.js",
    "start": 1568110792938,
    "end": 1568110792939,
    "duration": 1,
    "pid": 7308,
    "index": 3
  },
  {
    "name": "Require(1) node_modules/_egg-session@3.1.0@egg-session/config/config.default.js",
    "start": 1568110792941,
    "end": 1568110792941,
    "duration": 0,
    "pid": 7308,
    "index": 4
  },
  {
    "name": "Require(2) node_modules/_egg-security@2.6.1@egg-security/config/config.default.js",
    "start": 1568110792942,
    "end": 1568110792942,
    "duration": 0,
    "pid": 7308,
    "index": 5
  },
  {
    "name": "Require(3) node_modules/_egg-jsonp@2.0.0@egg-jsonp/config/config.default.js",
    "start": 1568110792943,
    "end": 1568110792944,
    "duration": 1,
    "pid": 7308,
    "index": 6
  },
  {
    "name": "Require(4) node_modules/_egg-onerror@2.1.0@egg-onerror/config/config.default.js",
    "start": 1568110792944,
    "end": 1568110792945,
    "duration": 1,
    "pid": 7308,
    "index": 7
  },
  {
    "name": "Require(5) node_modules/_egg-i18n@2.1.1@egg-i18n/config/config.default.js",
    "start": 1568110792945,
    "end": 1568110792945,
    "duration": 0,
    "pid": 7308,
    "index": 8
  },
  {
    "name": "Require(6) node_modules/_egg-watcher@3.1.0@egg-watcher/config/config.default.js",
    "start": 1568110792946,
    "end": 1568110792947,
    "duration": 1,
    "pid": 7308,
    "index": 9
  },
  {
    "name": "Require(7) node_modules/_egg-schedule@3.6.4@egg-schedule/config/config.default.js",
    "start": 1568110792947,
    "end": 1568110792948,
    "duration": 1,
    "pid": 7308,
    "index": 10
  },
  {
    "name": "Require(8) node_modules/_egg-multipart@2.9.0@egg-multipart/config/config.default.js",
    "start": 1568110792948,
    "end": 1568110792949,
    "duration": 1,
    "pid": 7308,
    "index": 11
  },
  {
    "name": "Require(9) node_modules/_egg-development@2.4.3@egg-development/config/config.default.js",
    "start": 1568110792950,
    "end": 1568110792951,
    "duration": 1,
    "pid": 7308,
    "index": 12
  },
  {
    "name": "Require(10) node_modules/_egg-logrotator@3.1.0@egg-logrotator/config/config.default.js",
    "start": 1568110792952,
    "end": 1568110792952,
    "duration": 0,
    "pid": 7308,
    "index": 13
  },
  {
    "name": "Require(11) node_modules/_egg-static@2.2.0@egg-static/config/config.default.js",
    "start": 1568110792953,
    "end": 1568110792953,
    "duration": 0,
    "pid": 7308,
    "index": 14
  },
  {
    "name": "Require(12) node_modules/_egg-view@2.1.2@egg-view/config/config.default.js",
    "start": 1568110792954,
    "end": 1568110792954,
    "duration": 0,
    "pid": 7308,
    "index": 15
  },
  {
    "name": "Require(13) node_modules/_egg-sequelize@5.2.0@egg-sequelize/config/config.default.js",
    "start": 1568110792955,
    "end": 1568110792955,
    "duration": 0,
    "pid": 7308,
    "index": 16
  },
  {
    "name": "Require(14) node_modules/_egg@2.23.0@egg/config/config.default.js",
    "start": 1568110792956,
    "end": 1568110792956,
    "duration": 0,
    "pid": 7308,
    "index": 17
  },
  {
    "name": "Require(15) config/config.default.js",
    "start": 1568110792958,
    "end": 1568110792958,
    "duration": 0,
    "pid": 7308,
    "index": 18
  },
  {
    "name": "Require(16) node_modules/_egg-security@2.6.1@egg-security/config/config.local.js",
    "start": 1568110792959,
    "end": 1568110792959,
    "duration": 0,
    "pid": 7308,
    "index": 19
  },
  {
    "name": "Require(17) node_modules/_egg-watcher@3.1.0@egg-watcher/config/config.local.js",
    "start": 1568110792960,
    "end": 1568110792960,
    "duration": 0,
    "pid": 7308,
    "index": 20
  },
  {
    "name": "Require(18) node_modules/_egg-view@2.1.2@egg-view/config/config.local.js",
    "start": 1568110792962,
    "end": 1568110792963,
    "duration": 1,
    "pid": 7308,
    "index": 21
  },
  {
    "name": "Require(19) node_modules/_egg@2.23.0@egg/config/config.local.js",
    "start": 1568110792964,
    "end": 1568110792964,
    "duration": 0,
    "pid": 7308,
    "index": 22
  },
  {
    "name": "Load extend/application.js",
    "start": 1568110792966,
    "end": 1568110792987,
    "duration": 21,
    "pid": 7308,
    "index": 23
  },
  {
    "name": "Require(20) node_modules/_egg-session@3.1.0@egg-session/app/extend/application.js",
    "start": 1568110792968,
    "end": 1568110792968,
    "duration": 0,
    "pid": 7308,
    "index": 24
  },
  {
    "name": "Require(21) node_modules/_egg-security@2.6.1@egg-security/app/extend/application.js",
    "start": 1568110792969,
    "end": 1568110792971,
    "duration": 2,
    "pid": 7308,
    "index": 25
  },
  {
    "name": "Require(22) node_modules/_egg-jsonp@2.0.0@egg-jsonp/app/extend/application.js",
    "start": 1568110792971,
    "end": 1568110792974,
    "duration": 3,
    "pid": 7308,
    "index": 26
  },
  {
    "name": "Require(23) node_modules/_egg-logrotator@3.1.0@egg-logrotator/app/extend/application.js",
    "start": 1568110792976,
    "end": 1568110792980,
    "duration": 4,
    "pid": 7308,
    "index": 27
  },
  {
    "name": "Require(24) node_modules/_egg-view@2.1.2@egg-view/app/extend/application.js",
    "start": 1568110792981,
    "end": 1568110792983,
    "duration": 2,
    "pid": 7308,
    "index": 28
  },
  {
    "name": "Load extend/request.js",
    "start": 1568110792987,
    "end": 1568110792998,
    "duration": 11,
    "pid": 7308,
    "index": 29
  },
  {
    "name": "Require(25) node_modules/_egg@2.23.0@egg/app/extend/request.js",
    "start": 1568110792991,
    "end": 1568110792994,
    "duration": 3,
    "pid": 7308,
    "index": 30
  },
  {
    "name": "Load extend/response.js",
    "start": 1568110792998,
    "end": 1568110793009,
    "duration": 11,
    "pid": 7308,
    "index": 31
  },
  {
    "name": "Require(26) node_modules/_egg@2.23.0@egg/app/extend/response.js",
    "start": 1568110793002,
    "end": 1568110793005,
    "duration": 3,
    "pid": 7308,
    "index": 32
  },
  {
    "name": "Load extend/context.js",
    "start": 1568110793009,
    "end": 1568110793119,
    "duration": 110,
    "pid": 7308,
    "index": 33
  },
  {
    "name": "Require(27) node_modules/_egg-security@2.6.1@egg-security/app/extend/context.js",
    "start": 1568110793010,
    "end": 1568110793031,
    "duration": 21,
    "pid": 7308,
    "index": 34
  },
  {
    "name": "Require(28) node_modules/_egg-jsonp@2.0.0@egg-jsonp/app/extend/context.js",
    "start": 1568110793031,
    "end": 1568110793034,
    "duration": 3,
    "pid": 7308,
    "index": 35
  },
  {
    "name": "Require(29) node_modules/_egg-i18n@2.1.1@egg-i18n/app/extend/context.js",
    "start": 1568110793035,
    "end": 1568110793035,
    "duration": 0,
    "pid": 7308,
    "index": 36
  },
  {
    "name": "Require(30) node_modules/_egg-multipart@2.9.0@egg-multipart/app/extend/context.js",
    "start": 1568110793037,
    "end": 1568110793107,
    "duration": 70,
    "pid": 7308,
    "index": 37
  },
  {
    "name": "Require(31) node_modules/_egg-view@2.1.2@egg-view/app/extend/context.js",
    "start": 1568110793108,
    "end": 1568110793110,
    "duration": 2,
    "pid": 7308,
    "index": 38
  },
  {
    "name": "Require(32) node_modules/_egg@2.23.0@egg/app/extend/context.js",
    "start": 1568110793110,
    "end": 1568110793114,
    "duration": 4,
    "pid": 7308,
    "index": 39
  },
  {
    "name": "Load extend/helper.js",
    "start": 1568110793119,
    "end": 1568110793156,
    "duration": 37,
    "pid": 7308,
    "index": 40
  },
  {
    "name": "Require(33) node_modules/_egg-security@2.6.1@egg-security/app/extend/helper.js",
    "start": 1568110793120,
    "end": 1568110793145,
    "duration": 25,
    "pid": 7308,
    "index": 41
  },
  {
    "name": "Require(34) node_modules/_egg@2.23.0@egg/app/extend/helper.js",
    "start": 1568110793148,
    "end": 1568110793148,
    "duration": 0,
    "pid": 7308,
    "index": 42
  },
  {
    "name": "Load app.js",
    "start": 1568110793156,
    "end": 1568110793216,
    "duration": 60,
    "pid": 7308,
    "index": 43
  },
  {
    "name": "Require(35) node_modules/_egg-session@3.1.0@egg-session/app.js",
    "start": 1568110793157,
    "end": 1568110793157,
    "duration": 0,
    "pid": 7308,
    "index": 44
  },
  {
    "name": "Require(36) node_modules/_egg-security@2.6.1@egg-security/app.js",
    "start": 1568110793158,
    "end": 1568110793161,
    "duration": 3,
    "pid": 7308,
    "index": 45
  },
  {
    "name": "Require(37) node_modules/_egg-onerror@2.1.0@egg-onerror/app.js",
    "start": 1568110793162,
    "end": 1568110793180,
    "duration": 18,
    "pid": 7308,
    "index": 46
  },
  {
    "name": "Require(38) node_modules/_egg-i18n@2.1.1@egg-i18n/app.js",
    "start": 1568110793181,
    "end": 1568110793194,
    "duration": 13,
    "pid": 7308,
    "index": 47
  },
  {
    "name": "Require(39) node_modules/_egg-watcher@3.1.0@egg-watcher/app.js",
    "start": 1568110793195,
    "end": 1568110793202,
    "duration": 7,
    "pid": 7308,
    "index": 48
  },
  {
    "name": "Require(40) node_modules/_egg-schedule@3.6.4@egg-schedule/app.js",
    "start": 1568110793203,
    "end": 1568110793206,
    "duration": 3,
    "pid": 7308,
    "index": 49
  },
  {
    "name": "Require(41) node_modules/_egg-multipart@2.9.0@egg-multipart/app.js",
    "start": 1568110793206,
    "end": 1568110793211,
    "duration": 5,
    "pid": 7308,
    "index": 50
  },
  {
    "name": "Require(42) node_modules/_egg-development@2.4.3@egg-development/app.js",
    "start": 1568110793211,
    "end": 1568110793211,
    "duration": 0,
    "pid": 7308,
    "index": 51
  },
  {
    "name": "Require(43) node_modules/_egg-logrotator@3.1.0@egg-logrotator/app.js",
    "start": 1568110793212,
    "end": 1568110793212,
    "duration": 0,
    "pid": 7308,
    "index": 52
  },
  {
    "name": "Require(44) node_modules/_egg-static@2.2.0@egg-static/app.js",
    "start": 1568110793213,
    "end": 1568110793213,
    "duration": 0,
    "pid": 7308,
    "index": 53
  },
  {
    "name": "Require(45) node_modules/_egg-sequelize@5.2.0@egg-sequelize/app.js",
    "start": 1568110793214,
    "end": 1568110793214,
    "duration": 0,
    "pid": 7308,
    "index": 54
  },
  {
    "name": "Before Start in node_modules/_egg-watcher@3.1.0@egg-watcher/lib/init.js:15:14",
    "start": 1568110793232,
    "end": 1568110794035,
    "duration": 803,
    "pid": 7308,
    "index": 55
  },
  {
    "name": "Load \"Symbol(model)\" to Application",
    "start": 1568110793777,
    "end": 1568110793808,
    "duration": 31,
    "pid": 7308,
    "index": 56
  },
  {
    "name": "Before Start in node_modules/_egg-sequelize@5.2.0@egg-sequelize/lib/loader.js:39:7",
    "start": 1568110793815,
    "end": 1568110794075,
    "duration": 260,
    "pid": 7308,
    "index": 57
  },
  {
    "name": "Load Service",
    "start": 1568110793816,
    "end": 1568110793822,
    "duration": 6,
    "pid": 7308,
    "index": 58
  },
  {
    "name": "Load \"service\" to Context",
    "start": 1568110793816,
    "end": 1568110793822,
    "duration": 6,
    "pid": 7308,
    "index": 59
  },
  {
    "name": "Load Middleware",
    "start": 1568110793822,
    "end": 1568110793952,
    "duration": 130,
    "pid": 7308,
    "index": 60
  },
  {
    "name": "Load \"middlewares\" to Application",
    "start": 1568110793822,
    "end": 1568110793937,
    "duration": 115,
    "pid": 7308,
    "index": 61
  },
  {
    "name": "Load Controller",
    "start": 1568110793952,
    "end": 1568110793956,
    "duration": 4,
    "pid": 7308,
    "index": 62
  },
  {
    "name": "Load \"controller\" to Application",
    "start": 1568110793952,
    "end": 1568110793956,
    "duration": 4,
    "pid": 7308,
    "index": 63
  },
  {
    "name": "Load Router",
    "start": 1568110793956,
    "end": 1568110793959,
    "duration": 3,
    "pid": 7308,
    "index": 64
  },
  {
    "name": "Require(46) app/router.js",
    "start": 1568110793956,
    "end": 1568110793957,
    "duration": 1,
    "pid": 7308,
    "index": 65
  },
  {
    "name": "Before Start in node_modules/_egg-core@4.17.3@egg-core/lib/egg.js:303:10",
    "start": 1568110793957,
    "end": 1568110793979,
    "duration": 22,
    "pid": 7308,
    "index": 66
  }
]