[
  {
    "name": "Application Start",
    "start": 1568113807294,
    "end": 1568113808467,
    "duration": 1173,
    "pid": 1684,
    "index": 0
  },
  {
    "name": "Load Plugin",
    "start": 1568113807300,
    "end": 1568113807325,
    "duration": 25,
    "pid": 1684,
    "index": 1
  },
  {
    "name": "Load Config",
    "start": 1568113807326,
    "end": 1568113807354,
    "duration": 28,
    "pid": 1684,
    "index": 2
  },
  {
    "name": "Require(0) config/config.default.js",
    "start": 1568113807327,
    "end": 1568113807327,
    "duration": 0,
    "pid": 1684,
    "index": 3
  },
  {
    "name": "Require(1) node_modules/_egg-session@3.1.0@egg-session/config/config.default.js",
    "start": 1568113807330,
    "end": 1568113807330,
    "duration": 0,
    "pid": 1684,
    "index": 4
  },
  {
    "name": "Require(2) node_modules/_egg-security@2.6.1@egg-security/config/config.default.js",
    "start": 1568113807331,
    "end": 1568113807331,
    "duration": 0,
    "pid": 1684,
    "index": 5
  },
  {
    "name": "Require(3) node_modules/_egg-jsonp@2.0.0@egg-jsonp/config/config.default.js",
    "start": 1568113807332,
    "end": 1568113807333,
    "duration": 1,
    "pid": 1684,
    "index": 6
  },
  {
    "name": "Require(4) node_modules/_egg-onerror@2.1.0@egg-onerror/config/config.default.js",
    "start": 1568113807334,
    "end": 1568113807334,
    "duration": 0,
    "pid": 1684,
    "index": 7
  },
  {
    "name": "Require(5) node_modules/_egg-i18n@2.1.1@egg-i18n/config/config.default.js",
    "start": 1568113807334,
    "end": 1568113807335,
    "duration": 1,
    "pid": 1684,
    "index": 8
  },
  {
    "name": "Require(6) node_modules/_egg-watcher@3.1.0@egg-watcher/config/config.default.js",
    "start": 1568113807336,
    "end": 1568113807336,
    "duration": 0,
    "pid": 1684,
    "index": 9
  },
  {
    "name": "Require(7) node_modules/_egg-schedule@3.6.4@egg-schedule/config/config.default.js",
    "start": 1568113807337,
    "end": 1568113807337,
    "duration": 0,
    "pid": 1684,
    "index": 10
  },
  {
    "name": "Require(8) node_modules/_egg-multipart@2.9.0@egg-multipart/config/config.default.js",
    "start": 1568113807338,
    "end": 1568113807338,
    "duration": 0,
    "pid": 1684,
    "index": 11
  },
  {
    "name": "Require(9) node_modules/_egg-development@2.4.3@egg-development/config/config.default.js",
    "start": 1568113807339,
    "end": 1568113807339,
    "duration": 0,
    "pid": 1684,
    "index": 12
  },
  {
    "name": "Require(10) node_modules/_egg-logrotator@3.1.0@egg-logrotator/config/config.default.js",
    "start": 1568113807340,
    "end": 1568113807340,
    "duration": 0,
    "pid": 1684,
    "index": 13
  },
  {
    "name": "Require(11) node_modules/_egg-static@2.2.0@egg-static/config/config.default.js",
    "start": 1568113807341,
    "end": 1568113807341,
    "duration": 0,
    "pid": 1684,
    "index": 14
  },
  {
    "name": "Require(12) node_modules/_egg-view@2.1.2@egg-view/config/config.default.js",
    "start": 1568113807342,
    "end": 1568113807342,
    "duration": 0,
    "pid": 1684,
    "index": 15
  },
  {
    "name": "Require(13) node_modules/_egg-sequelize@5.2.0@egg-sequelize/config/config.default.js",
    "start": 1568113807343,
    "end": 1568113807343,
    "duration": 0,
    "pid": 1684,
    "index": 16
  },
  {
    "name": "Require(14) node_modules/_egg@2.23.0@egg/config/config.default.js",
    "start": 1568113807344,
    "end": 1568113807344,
    "duration": 0,
    "pid": 1684,
    "index": 17
  },
  {
    "name": "Require(15) config/config.default.js",
    "start": 1568113807346,
    "end": 1568113807346,
    "duration": 0,
    "pid": 1684,
    "index": 18
  },
  {
    "name": "Require(16) node_modules/_egg-security@2.6.1@egg-security/config/config.local.js",
    "start": 1568113807347,
    "end": 1568113807348,
    "duration": 1,
    "pid": 1684,
    "index": 19
  },
  {
    "name": "Require(17) node_modules/_egg-watcher@3.1.0@egg-watcher/config/config.local.js",
    "start": 1568113807349,
    "end": 1568113807349,
    "duration": 0,
    "pid": 1684,
    "index": 20
  },
  {
    "name": "Require(18) node_modules/_egg-view@2.1.2@egg-view/config/config.local.js",
    "start": 1568113807352,
    "end": 1568113807352,
    "duration": 0,
    "pid": 1684,
    "index": 21
  },
  {
    "name": "Require(19) node_modules/_egg@2.23.0@egg/config/config.local.js",
    "start": 1568113807353,
    "end": 1568113807354,
    "duration": 1,
    "pid": 1684,
    "index": 22
  },
  {
    "name": "Load extend/application.js",
    "start": 1568113807356,
    "end": 1568113807375,
    "duration": 19,
    "pid": 1684,
    "index": 23
  },
  {
    "name": "Require(20) node_modules/_egg-session@3.1.0@egg-session/app/extend/application.js",
    "start": 1568113807357,
    "end": 1568113807357,
    "duration": 0,
    "pid": 1684,
    "index": 24
  },
  {
    "name": "Require(21) node_modules/_egg-security@2.6.1@egg-security/app/extend/application.js",
    "start": 1568113807358,
    "end": 1568113807359,
    "duration": 1,
    "pid": 1684,
    "index": 25
  },
  {
    "name": "Require(22) node_modules/_egg-jsonp@2.0.0@egg-jsonp/app/extend/application.js",
    "start": 1568113807360,
    "end": 1568113807362,
    "duration": 2,
    "pid": 1684,
    "index": 26
  },
  {
    "name": "Require(23) node_modules/_egg-logrotator@3.1.0@egg-logrotator/app/extend/application.js",
    "start": 1568113807364,
    "end": 1568113807368,
    "duration": 4,
    "pid": 1684,
    "index": 27
  },
  {
    "name": "Require(24) node_modules/_egg-view@2.1.2@egg-view/app/extend/application.js",
    "start": 1568113807369,
    "end": 1568113807371,
    "duration": 2,
    "pid": 1684,
    "index": 28
  },
  {
    "name": "Load extend/request.js",
    "start": 1568113807375,
    "end": 1568113807384,
    "duration": 9,
    "pid": 1684,
    "index": 29
  },
  {
    "name": "Require(25) node_modules/_egg@2.23.0@egg/app/extend/request.js",
    "start": 1568113807378,
    "end": 1568113807381,
    "duration": 3,
    "pid": 1684,
    "index": 30
  },
  {
    "name": "Load extend/response.js",
    "start": 1568113807384,
    "end": 1568113807396,
    "duration": 12,
    "pid": 1684,
    "index": 31
  },
  {
    "name": "Require(26) node_modules/_egg@2.23.0@egg/app/extend/response.js",
    "start": 1568113807388,
    "end": 1568113807391,
    "duration": 3,
    "pid": 1684,
    "index": 32
  },
  {
    "name": "Load extend/context.js",
    "start": 1568113807396,
    "end": 1568113807510,
    "duration": 114,
    "pid": 1684,
    "index": 33
  },
  {
    "name": "Require(27) node_modules/_egg-security@2.6.1@egg-security/app/extend/context.js",
    "start": 1568113807397,
    "end": 1568113807418,
    "duration": 21,
    "pid": 1684,
    "index": 34
  },
  {
    "name": "Require(28) node_modules/_egg-jsonp@2.0.0@egg-jsonp/app/extend/context.js",
    "start": 1568113807419,
    "end": 1568113807421,
    "duration": 2,
    "pid": 1684,
    "index": 35
  },
  {
    "name": "Require(29) node_modules/_egg-i18n@2.1.1@egg-i18n/app/extend/context.js",
    "start": 1568113807422,
    "end": 1568113807422,
    "duration": 0,
    "pid": 1684,
    "index": 36
  },
  {
    "name": "Require(30) node_modules/_egg-multipart@2.9.0@egg-multipart/app/extend/context.js",
    "start": 1568113807424,
    "end": 1568113807501,
    "duration": 77,
    "pid": 1684,
    "index": 37
  },
  {
    "name": "Require(31) node_modules/_egg-view@2.1.2@egg-view/app/extend/context.js",
    "start": 1568113807502,
    "end": 1568113807503,
    "duration": 1,
    "pid": 1684,
    "index": 38
  },
  {
    "name": "Require(32) node_modules/_egg@2.23.0@egg/app/extend/context.js",
    "start": 1568113807504,
    "end": 1568113807507,
    "duration": 3,
    "pid": 1684,
    "index": 39
  },
  {
    "name": "Load extend/helper.js",
    "start": 1568113807511,
    "end": 1568113807553,
    "duration": 42,
    "pid": 1684,
    "index": 40
  },
  {
    "name": "Require(33) node_modules/_egg-security@2.6.1@egg-security/app/extend/helper.js",
    "start": 1568113807511,
    "end": 1568113807547,
    "duration": 36,
    "pid": 1684,
    "index": 41
  },
  {
    "name": "Require(34) node_modules/_egg@2.23.0@egg/app/extend/helper.js",
    "start": 1568113807550,
    "end": 1568113807550,
    "duration": 0,
    "pid": 1684,
    "index": 42
  },
  {
    "name": "Load app.js",
    "start": 1568113807554,
    "end": 1568113807607,
    "duration": 53,
    "pid": 1684,
    "index": 43
  },
  {
    "name": "Require(35) node_modules/_egg-session@3.1.0@egg-session/app.js",
    "start": 1568113807554,
    "end": 1568113807555,
    "duration": 1,
    "pid": 1684,
    "index": 44
  },
  {
    "name": "Require(36) node_modules/_egg-security@2.6.1@egg-security/app.js",
    "start": 1568113807555,
    "end": 1568113807558,
    "duration": 3,
    "pid": 1684,
    "index": 45
  },
  {
    "name": "Require(37) node_modules/_egg-onerror@2.1.0@egg-onerror/app.js",
    "start": 1568113807559,
    "end": 1568113807574,
    "duration": 15,
    "pid": 1684,
    "index": 46
  },
  {
    "name": "Require(38) node_modules/_egg-i18n@2.1.1@egg-i18n/app.js",
    "start": 1568113807575,
    "end": 1568113807586,
    "duration": 11,
    "pid": 1684,
    "index": 47
  },
  {
    "name": "Require(39) node_modules/_egg-watcher@3.1.0@egg-watcher/app.js",
    "start": 1568113807587,
    "end": 1568113807593,
    "duration": 6,
    "pid": 1684,
    "index": 48
  },
  {
    "name": "Require(40) node_modules/_egg-schedule@3.6.4@egg-schedule/app.js",
    "start": 1568113807594,
    "end": 1568113807597,
    "duration": 3,
    "pid": 1684,
    "index": 49
  },
  {
    "name": "Require(41) node_modules/_egg-multipart@2.9.0@egg-multipart/app.js",
    "start": 1568113807597,
    "end": 1568113807602,
    "duration": 5,
    "pid": 1684,
    "index": 50
  },
  {
    "name": "Require(42) node_modules/_egg-development@2.4.3@egg-development/app.js",
    "start": 1568113807603,
    "end": 1568113807603,
    "duration": 0,
    "pid": 1684,
    "index": 51
  },
  {
    "name": "Require(43) node_modules/_egg-logrotator@3.1.0@egg-logrotator/app.js",
    "start": 1568113807604,
    "end": 1568113807604,
    "duration": 0,
    "pid": 1684,
    "index": 52
  },
  {
    "name": "Require(44) node_modules/_egg-static@2.2.0@egg-static/app.js",
    "start": 1568113807604,
    "end": 1568113807605,
    "duration": 1,
    "pid": 1684,
    "index": 53
  },
  {
    "name": "Require(45) node_modules/_egg-sequelize@5.2.0@egg-sequelize/app.js",
    "start": 1568113807606,
    "end": 1568113807606,
    "duration": 0,
    "pid": 1684,
    "index": 54
  },
  {
    "name": "Before Start in node_modules/_egg-watcher@3.1.0@egg-watcher/lib/init.js:15:14",
    "start": 1568113807625,
    "end": 1568113808428,
    "duration": 803,
    "pid": 1684,
    "index": 55
  },
  {
    "name": "Load \"Symbol(model)\" to Application",
    "start": 1568113808183,
    "end": 1568113808208,
    "duration": 25,
    "pid": 1684,
    "index": 56
  },
  {
    "name": "Before Start in node_modules/_egg-sequelize@5.2.0@egg-sequelize/lib/loader.js:39:7",
    "start": 1568113808215,
    "end": 1568113808466,
    "duration": 251,
    "pid": 1684,
    "index": 57
  },
  {
    "name": "Load Service",
    "start": 1568113808215,
    "end": 1568113808221,
    "duration": 6,
    "pid": 1684,
    "index": 58
  },
  {
    "name": "Load \"service\" to Context",
    "start": 1568113808216,
    "end": 1568113808221,
    "duration": 5,
    "pid": 1684,
    "index": 59
  },
  {
    "name": "Load Middleware",
    "start": 1568113808221,
    "end": 1568113808355,
    "duration": 134,
    "pid": 1684,
    "index": 60
  },
  {
    "name": "Load \"middlewares\" to Application",
    "start": 1568113808221,
    "end": 1568113808338,
    "duration": 117,
    "pid": 1684,
    "index": 61
  },
  {
    "name": "Load Controller",
    "start": 1568113808355,
    "end": 1568113808359,
    "duration": 4,
    "pid": 1684,
    "index": 62
  },
  {
    "name": "Load \"controller\" to Application",
    "start": 1568113808355,
    "end": 1568113808359,
    "duration": 4,
    "pid": 1684,
    "index": 63
  },
  {
    "name": "Load Router",
    "start": 1568113808359,
    "end": 1568113808362,
    "duration": 3,
    "pid": 1684,
    "index": 64
  },
  {
    "name": "Require(46) app/router.js",
    "start": 1568113808359,
    "end": 1568113808360,
    "duration": 1,
    "pid": 1684,
    "index": 65
  },
  {
    "name": "Before Start in node_modules/_egg-core@4.17.3@egg-core/lib/egg.js:303:10",
    "start": 1568113808360,
    "end": 1568113808383,
    "duration": 23,
    "pid": 1684,
    "index": 66
  }
]