[
  {
    "name": "Application Start",
    "start": 1568111641257,
    "end": 1568111642330,
    "duration": 1073,
    "pid": 11952,
    "index": 0
  },
  {
    "name": "Load Plugin",
    "start": 1568111641263,
    "end": 1568111641287,
    "duration": 24,
    "pid": 11952,
    "index": 1
  },
  {
    "name": "Load Config",
    "start": 1568111641287,
    "end": 1568111641313,
    "duration": 26,
    "pid": 11952,
    "index": 2
  },
  {
    "name": "Require(0) config/config.default.js",
    "start": 1568111641288,
    "end": 1568111641288,
    "duration": 0,
    "pid": 11952,
    "index": 3
  },
  {
    "name": "Require(1) node_modules/_egg-session@3.1.0@egg-session/config/config.default.js",
    "start": 1568111641290,
    "end": 1568111641291,
    "duration": 1,
    "pid": 11952,
    "index": 4
  },
  {
    "name": "Require(2) node_modules/_egg-security@2.6.1@egg-security/config/config.default.js",
    "start": 1568111641291,
    "end": 1568111641292,
    "duration": 1,
    "pid": 11952,
    "index": 5
  },
  {
    "name": "Require(3) node_modules/_egg-jsonp@2.0.0@egg-jsonp/config/config.default.js",
    "start": 1568111641293,
    "end": 1568111641293,
    "duration": 0,
    "pid": 11952,
    "index": 6
  },
  {
    "name": "Require(4) node_modules/_egg-onerror@2.1.0@egg-onerror/config/config.default.js",
    "start": 1568111641294,
    "end": 1568111641294,
    "duration": 0,
    "pid": 11952,
    "index": 7
  },
  {
    "name": "Require(5) node_modules/_egg-i18n@2.1.1@egg-i18n/config/config.default.js",
    "start": 1568111641295,
    "end": 1568111641295,
    "duration": 0,
    "pid": 11952,
    "index": 8
  },
  {
    "name": "Require(6) node_modules/_egg-watcher@3.1.0@egg-watcher/config/config.default.js",
    "start": 1568111641297,
    "end": 1568111641297,
    "duration": 0,
    "pid": 11952,
    "index": 9
  },
  {
    "name": "Require(7) node_modules/_egg-schedule@3.6.4@egg-schedule/config/config.default.js",
    "start": 1568111641298,
    "end": 1568111641298,
    "duration": 0,
    "pid": 11952,
    "index": 10
  },
  {
    "name": "Require(8) node_modules/_egg-multipart@2.9.0@egg-multipart/config/config.default.js",
    "start": 1568111641299,
    "end": 1568111641299,
    "duration": 0,
    "pid": 11952,
    "index": 11
  },
  {
    "name": "Require(9) node_modules/_egg-development@2.4.3@egg-development/config/config.default.js",
    "start": 1568111641300,
    "end": 1568111641300,
    "duration": 0,
    "pid": 11952,
    "index": 12
  },
  {
    "name": "Require(10) node_modules/_egg-logrotator@3.1.0@egg-logrotator/config/config.default.js",
    "start": 1568111641301,
    "end": 1568111641301,
    "duration": 0,
    "pid": 11952,
    "index": 13
  },
  {
    "name": "Require(11) node_modules/_egg-static@2.2.0@egg-static/config/config.default.js",
    "start": 1568111641302,
    "end": 1568111641302,
    "duration": 0,
    "pid": 11952,
    "index": 14
  },
  {
    "name": "Require(12) node_modules/_egg-view@2.1.2@egg-view/config/config.default.js",
    "start": 1568111641303,
    "end": 1568111641303,
    "duration": 0,
    "pid": 11952,
    "index": 15
  },
  {
    "name": "Require(13) node_modules/_egg-sequelize@5.2.0@egg-sequelize/config/config.default.js",
    "start": 1568111641304,
    "end": 1568111641304,
    "duration": 0,
    "pid": 11952,
    "index": 16
  },
  {
    "name": "Require(14) node_modules/_egg@2.23.0@egg/config/config.default.js",
    "start": 1568111641305,
    "end": 1568111641305,
    "duration": 0,
    "pid": 11952,
    "index": 17
  },
  {
    "name": "Require(15) config/config.default.js",
    "start": 1568111641307,
    "end": 1568111641307,
    "duration": 0,
    "pid": 11952,
    "index": 18
  },
  {
    "name": "Require(16) node_modules/_egg-security@2.6.1@egg-security/config/config.local.js",
    "start": 1568111641308,
    "end": 1568111641308,
    "duration": 0,
    "pid": 11952,
    "index": 19
  },
  {
    "name": "Require(17) node_modules/_egg-watcher@3.1.0@egg-watcher/config/config.local.js",
    "start": 1568111641309,
    "end": 1568111641310,
    "duration": 1,
    "pid": 11952,
    "index": 20
  },
  {
    "name": "Require(18) node_modules/_egg-view@2.1.2@egg-view/config/config.local.js",
    "start": 1568111641311,
    "end": 1568111641312,
    "duration": 1,
    "pid": 11952,
    "index": 21
  },
  {
    "name": "Require(19) node_modules/_egg@2.23.0@egg/config/config.local.js",
    "start": 1568111641312,
    "end": 1568111641313,
    "duration": 1,
    "pid": 11952,
    "index": 22
  },
  {
    "name": "Load extend/application.js",
    "start": 1568111641314,
    "end": 1568111641334,
    "duration": 20,
    "pid": 11952,
    "index": 23
  },
  {
    "name": "Require(20) node_modules/_egg-session@3.1.0@egg-session/app/extend/application.js",
    "start": 1568111641315,
    "end": 1568111641316,
    "duration": 1,
    "pid": 11952,
    "index": 24
  },
  {
    "name": "Require(21) node_modules/_egg-security@2.6.1@egg-security/app/extend/application.js",
    "start": 1568111641316,
    "end": 1568111641318,
    "duration": 2,
    "pid": 11952,
    "index": 25
  },
  {
    "name": "Require(22) node_modules/_egg-jsonp@2.0.0@egg-jsonp/app/extend/application.js",
    "start": 1568111641318,
    "end": 1568111641321,
    "duration": 3,
    "pid": 11952,
    "index": 26
  },
  {
    "name": "Require(23) node_modules/_egg-logrotator@3.1.0@egg-logrotator/app/extend/application.js",
    "start": 1568111641323,
    "end": 1568111641326,
    "duration": 3,
    "pid": 11952,
    "index": 27
  },
  {
    "name": "Require(24) node_modules/_egg-view@2.1.2@egg-view/app/extend/application.js",
    "start": 1568111641327,
    "end": 1568111641329,
    "duration": 2,
    "pid": 11952,
    "index": 28
  },
  {
    "name": "Load extend/request.js",
    "start": 1568111641334,
    "end": 1568111641343,
    "duration": 9,
    "pid": 11952,
    "index": 29
  },
  {
    "name": "Require(25) node_modules/_egg@2.23.0@egg/app/extend/request.js",
    "start": 1568111641337,
    "end": 1568111641339,
    "duration": 2,
    "pid": 11952,
    "index": 30
  },
  {
    "name": "Load extend/response.js",
    "start": 1568111641343,
    "end": 1568111641352,
    "duration": 9,
    "pid": 11952,
    "index": 31
  },
  {
    "name": "Require(26) node_modules/_egg@2.23.0@egg/app/extend/response.js",
    "start": 1568111641346,
    "end": 1568111641349,
    "duration": 3,
    "pid": 11952,
    "index": 32
  },
  {
    "name": "Load extend/context.js",
    "start": 1568111641352,
    "end": 1568111641457,
    "duration": 105,
    "pid": 11952,
    "index": 33
  },
  {
    "name": "Require(27) node_modules/_egg-security@2.6.1@egg-security/app/extend/context.js",
    "start": 1568111641353,
    "end": 1568111641372,
    "duration": 19,
    "pid": 11952,
    "index": 34
  },
  {
    "name": "Require(28) node_modules/_egg-jsonp@2.0.0@egg-jsonp/app/extend/context.js",
    "start": 1568111641373,
    "end": 1568111641375,
    "duration": 2,
    "pid": 11952,
    "index": 35
  },
  {
    "name": "Require(29) node_modules/_egg-i18n@2.1.1@egg-i18n/app/extend/context.js",
    "start": 1568111641376,
    "end": 1568111641376,
    "duration": 0,
    "pid": 11952,
    "index": 36
  },
  {
    "name": "Require(30) node_modules/_egg-multipart@2.9.0@egg-multipart/app/extend/context.js",
    "start": 1568111641377,
    "end": 1568111641446,
    "duration": 69,
    "pid": 11952,
    "index": 37
  },
  {
    "name": "Require(31) node_modules/_egg-view@2.1.2@egg-view/app/extend/context.js",
    "start": 1568111641448,
    "end": 1568111641449,
    "duration": 1,
    "pid": 11952,
    "index": 38
  },
  {
    "name": "Require(32) node_modules/_egg@2.23.0@egg/app/extend/context.js",
    "start": 1568111641450,
    "end": 1568111641453,
    "duration": 3,
    "pid": 11952,
    "index": 39
  },
  {
    "name": "Load extend/helper.js",
    "start": 1568111641457,
    "end": 1568111641491,
    "duration": 34,
    "pid": 11952,
    "index": 40
  },
  {
    "name": "Require(33) node_modules/_egg-security@2.6.1@egg-security/app/extend/helper.js",
    "start": 1568111641458,
    "end": 1568111641485,
    "duration": 27,
    "pid": 11952,
    "index": 41
  },
  {
    "name": "Require(34) node_modules/_egg@2.23.0@egg/app/extend/helper.js",
    "start": 1568111641488,
    "end": 1568111641488,
    "duration": 0,
    "pid": 11952,
    "index": 42
  },
  {
    "name": "Load app.js",
    "start": 1568111641492,
    "end": 1568111641542,
    "duration": 50,
    "pid": 11952,
    "index": 43
  },
  {
    "name": "Require(35) node_modules/_egg-session@3.1.0@egg-session/app.js",
    "start": 1568111641492,
    "end": 1568111641493,
    "duration": 1,
    "pid": 11952,
    "index": 44
  },
  {
    "name": "Require(36) node_modules/_egg-security@2.6.1@egg-security/app.js",
    "start": 1568111641493,
    "end": 1568111641496,
    "duration": 3,
    "pid": 11952,
    "index": 45
  },
  {
    "name": "Require(37) node_modules/_egg-onerror@2.1.0@egg-onerror/app.js",
    "start": 1568111641497,
    "end": 1568111641511,
    "duration": 14,
    "pid": 11952,
    "index": 46
  },
  {
    "name": "Require(38) node_modules/_egg-i18n@2.1.1@egg-i18n/app.js",
    "start": 1568111641511,
    "end": 1568111641523,
    "duration": 12,
    "pid": 11952,
    "index": 47
  },
  {
    "name": "Require(39) node_modules/_egg-watcher@3.1.0@egg-watcher/app.js",
    "start": 1568111641524,
    "end": 1568111641530,
    "duration": 6,
    "pid": 11952,
    "index": 48
  },
  {
    "name": "Require(40) node_modules/_egg-schedule@3.6.4@egg-schedule/app.js",
    "start": 1568111641530,
    "end": 1568111641533,
    "duration": 3,
    "pid": 11952,
    "index": 49
  },
  {
    "name": "Require(41) node_modules/_egg-multipart@2.9.0@egg-multipart/app.js",
    "start": 1568111641533,
    "end": 1568111641537,
    "duration": 4,
    "pid": 11952,
    "index": 50
  },
  {
    "name": "Require(42) node_modules/_egg-development@2.4.3@egg-development/app.js",
    "start": 1568111641538,
    "end": 1568111641538,
    "duration": 0,
    "pid": 11952,
    "index": 51
  },
  {
    "name": "Require(43) node_modules/_egg-logrotator@3.1.0@egg-logrotator/app.js",
    "start": 1568111641538,
    "end": 1568111641539,
    "duration": 1,
    "pid": 11952,
    "index": 52
  },
  {
    "name": "Require(44) node_modules/_egg-static@2.2.0@egg-static/app.js",
    "start": 1568111641539,
    "end": 1568111641540,
    "duration": 1,
    "pid": 11952,
    "index": 53
  },
  {
    "name": "Require(45) node_modules/_egg-sequelize@5.2.0@egg-sequelize/app.js",
    "start": 1568111641540,
    "end": 1568111641541,
    "duration": 1,
    "pid": 11952,
    "index": 54
  },
  {
    "name": "Before Start in node_modules/_egg-watcher@3.1.0@egg-watcher/lib/init.js:15:14",
    "start": 1568111641557,
    "end": 1568111642298,
    "duration": 741,
    "pid": 11952,
    "index": 55
  },
  {
    "name": "Load \"Symbol(model)\" to Application",
    "start": 1568111642044,
    "end": 1568111642066,
    "duration": 22,
    "pid": 11952,
    "index": 56
  },
  {
    "name": "Before Start in node_modules/_egg-sequelize@5.2.0@egg-sequelize/lib/loader.js:39:7",
    "start": 1568111642074,
    "end": 1568111642330,
    "duration": 256,
    "pid": 11952,
    "index": 57
  },
  {
    "name": "Load Service",
    "start": 1568111642075,
    "end": 1568111642079,
    "duration": 4,
    "pid": 11952,
    "index": 58
  },
  {
    "name": "Load \"service\" to Context",
    "start": 1568111642075,
    "end": 1568111642079,
    "duration": 4,
    "pid": 11952,
    "index": 59
  },
  {
    "name": "Load Middleware",
    "start": 1568111642080,
    "end": 1568111642203,
    "duration": 123,
    "pid": 11952,
    "index": 60
  },
  {
    "name": "Load \"middlewares\" to Application",
    "start": 1568111642080,
    "end": 1568111642187,
    "duration": 107,
    "pid": 11952,
    "index": 61
  },
  {
    "name": "Load Controller",
    "start": 1568111642203,
    "end": 1568111642207,
    "duration": 4,
    "pid": 11952,
    "index": 62
  },
  {
    "name": "Load \"controller\" to Application",
    "start": 1568111642203,
    "end": 1568111642207,
    "duration": 4,
    "pid": 11952,
    "index": 63
  },
  {
    "name": "Load Router",
    "start": 1568111642207,
    "end": 1568111642210,
    "duration": 3,
    "pid": 11952,
    "index": 64
  },
  {
    "name": "Require(46) app/router.js",
    "start": 1568111642208,
    "end": 1568111642208,
    "duration": 0,
    "pid": 11952,
    "index": 65
  },
  {
    "name": "Before Start in node_modules/_egg-core@4.17.3@egg-core/lib/egg.js:303:10",
    "start": 1568111642208,
    "end": 1568111642233,
    "duration": 25,
    "pid": 11952,
    "index": 66
  }
]