[
  {
    "name": "Application Start",
    "start": 1568117437368,
    "end": 1568117438713,
    "duration": 1345,
    "pid": 11156,
    "index": 0
  },
  {
    "name": "Load Plugin",
    "start": 1568117437375,
    "end": 1568117437400,
    "duration": 25,
    "pid": 11156,
    "index": 1
  },
  {
    "name": "Load Config",
    "start": 1568117437400,
    "end": 1568117437441,
    "duration": 41,
    "pid": 11156,
    "index": 2
  },
  {
    "name": "Require(0) config/config.default.js",
    "start": 1568117437401,
    "end": 1568117437402,
    "duration": 1,
    "pid": 11156,
    "index": 3
  },
  {
    "name": "Require(1) node_modules/_egg-session@3.1.0@egg-session/config/config.default.js",
    "start": 1568117437404,
    "end": 1568117437404,
    "duration": 0,
    "pid": 11156,
    "index": 4
  },
  {
    "name": "Require(2) node_modules/_egg-security@2.6.1@egg-security/config/config.default.js",
    "start": 1568117437405,
    "end": 1568117437405,
    "duration": 0,
    "pid": 11156,
    "index": 5
  },
  {
    "name": "Require(3) node_modules/_egg-jsonp@2.0.0@egg-jsonp/config/config.default.js",
    "start": 1568117437407,
    "end": 1568117437407,
    "duration": 0,
    "pid": 11156,
    "index": 6
  },
  {
    "name": "Require(4) node_modules/_egg-onerror@2.1.0@egg-onerror/config/config.default.js",
    "start": 1568117437408,
    "end": 1568117437409,
    "duration": 1,
    "pid": 11156,
    "index": 7
  },
  {
    "name": "Require(5) node_modules/_egg-i18n@2.1.1@egg-i18n/config/config.default.js",
    "start": 1568117437410,
    "end": 1568117437411,
    "duration": 1,
    "pid": 11156,
    "index": 8
  },
  {
    "name": "Require(6) node_modules/_egg-watcher@3.1.0@egg-watcher/config/config.default.js",
    "start": 1568117437412,
    "end": 1568117437412,
    "duration": 0,
    "pid": 11156,
    "index": 9
  },
  {
    "name": "Require(7) node_modules/_egg-schedule@3.6.4@egg-schedule/config/config.default.js",
    "start": 1568117437413,
    "end": 1568117437413,
    "duration": 0,
    "pid": 11156,
    "index": 10
  },
  {
    "name": "Require(8) node_modules/_egg-multipart@2.9.0@egg-multipart/config/config.default.js",
    "start": 1568117437414,
    "end": 1568117437414,
    "duration": 0,
    "pid": 11156,
    "index": 11
  },
  {
    "name": "Require(9) node_modules/_egg-development@2.4.3@egg-development/config/config.default.js",
    "start": 1568117437416,
    "end": 1568117437416,
    "duration": 0,
    "pid": 11156,
    "index": 12
  },
  {
    "name": "Require(10) node_modules/_egg-logrotator@3.1.0@egg-logrotator/config/config.default.js",
    "start": 1568117437417,
    "end": 1568117437417,
    "duration": 0,
    "pid": 11156,
    "index": 13
  },
  {
    "name": "Require(11) node_modules/_egg-static@2.2.0@egg-static/config/config.default.js",
    "start": 1568117437418,
    "end": 1568117437418,
    "duration": 0,
    "pid": 11156,
    "index": 14
  },
  {
    "name": "Require(12) node_modules/_egg-view@2.1.2@egg-view/config/config.default.js",
    "start": 1568117437419,
    "end": 1568117437420,
    "duration": 1,
    "pid": 11156,
    "index": 15
  },
  {
    "name": "Require(13) node_modules/_egg-sequelize@5.2.0@egg-sequelize/config/config.default.js",
    "start": 1568117437421,
    "end": 1568117437421,
    "duration": 0,
    "pid": 11156,
    "index": 16
  },
  {
    "name": "Require(14) node_modules/_egg@2.23.0@egg/config/config.default.js",
    "start": 1568117437422,
    "end": 1568117437423,
    "duration": 1,
    "pid": 11156,
    "index": 17
  },
  {
    "name": "Require(15) config/config.default.js",
    "start": 1568117437426,
    "end": 1568117437426,
    "duration": 0,
    "pid": 11156,
    "index": 18
  },
  {
    "name": "Require(16) node_modules/_egg-security@2.6.1@egg-security/config/config.local.js",
    "start": 1568117437427,
    "end": 1568117437428,
    "duration": 1,
    "pid": 11156,
    "index": 19
  },
  {
    "name": "Require(17) node_modules/_egg-watcher@3.1.0@egg-watcher/config/config.local.js",
    "start": 1568117437433,
    "end": 1568117437433,
    "duration": 0,
    "pid": 11156,
    "index": 20
  },
  {
    "name": "Require(18) node_modules/_egg-view@2.1.2@egg-view/config/config.local.js",
    "start": 1568117437437,
    "end": 1568117437438,
    "duration": 1,
    "pid": 11156,
    "index": 21
  },
  {
    "name": "Require(19) node_modules/_egg@2.23.0@egg/config/config.local.js",
    "start": 1568117437440,
    "end": 1568117437440,
    "duration": 0,
    "pid": 11156,
    "index": 22
  },
  {
    "name": "Load extend/application.js",
    "start": 1568117437443,
    "end": 1568117437464,
    "duration": 21,
    "pid": 11156,
    "index": 23
  },
  {
    "name": "Require(20) node_modules/_egg-session@3.1.0@egg-session/app/extend/application.js",
    "start": 1568117437443,
    "end": 1568117437444,
    "duration": 1,
    "pid": 11156,
    "index": 24
  },
  {
    "name": "Require(21) node_modules/_egg-security@2.6.1@egg-security/app/extend/application.js",
    "start": 1568117437445,
    "end": 1568117437446,
    "duration": 1,
    "pid": 11156,
    "index": 25
  },
  {
    "name": "Require(22) node_modules/_egg-jsonp@2.0.0@egg-jsonp/app/extend/application.js",
    "start": 1568117437446,
    "end": 1568117437449,
    "duration": 3,
    "pid": 11156,
    "index": 26
  },
  {
    "name": "Require(23) node_modules/_egg-logrotator@3.1.0@egg-logrotator/app/extend/application.js",
    "start": 1568117437451,
    "end": 1568117437455,
    "duration": 4,
    "pid": 11156,
    "index": 27
  },
  {
    "name": "Require(24) node_modules/_egg-view@2.1.2@egg-view/app/extend/application.js",
    "start": 1568117437456,
    "end": 1568117437459,
    "duration": 3,
    "pid": 11156,
    "index": 28
  },
  {
    "name": "Load extend/request.js",
    "start": 1568117437464,
    "end": 1568117437473,
    "duration": 9,
    "pid": 11156,
    "index": 29
  },
  {
    "name": "Require(25) node_modules/_egg@2.23.0@egg/app/extend/request.js",
    "start": 1568117437467,
    "end": 1568117437470,
    "duration": 3,
    "pid": 11156,
    "index": 30
  },
  {
    "name": "Load extend/response.js",
    "start": 1568117437473,
    "end": 1568117437483,
    "duration": 10,
    "pid": 11156,
    "index": 31
  },
  {
    "name": "Require(26) node_modules/_egg@2.23.0@egg/app/extend/response.js",
    "start": 1568117437476,
    "end": 1568117437479,
    "duration": 3,
    "pid": 11156,
    "index": 32
  },
  {
    "name": "Load extend/context.js",
    "start": 1568117437483,
    "end": 1568117437593,
    "duration": 110,
    "pid": 11156,
    "index": 33
  },
  {
    "name": "Require(27) node_modules/_egg-security@2.6.1@egg-security/app/extend/context.js",
    "start": 1568117437484,
    "end": 1568117437505,
    "duration": 21,
    "pid": 11156,
    "index": 34
  },
  {
    "name": "Require(28) node_modules/_egg-jsonp@2.0.0@egg-jsonp/app/extend/context.js",
    "start": 1568117437505,
    "end": 1568117437508,
    "duration": 3,
    "pid": 11156,
    "index": 35
  },
  {
    "name": "Require(29) node_modules/_egg-i18n@2.1.1@egg-i18n/app/extend/context.js",
    "start": 1568117437508,
    "end": 1568117437509,
    "duration": 1,
    "pid": 11156,
    "index": 36
  },
  {
    "name": "Require(30) node_modules/_egg-multipart@2.9.0@egg-multipart/app/extend/context.js",
    "start": 1568117437510,
    "end": 1568117437582,
    "duration": 72,
    "pid": 11156,
    "index": 37
  },
  {
    "name": "Require(31) node_modules/_egg-view@2.1.2@egg-view/app/extend/context.js",
    "start": 1568117437583,
    "end": 1568117437585,
    "duration": 2,
    "pid": 11156,
    "index": 38
  },
  {
    "name": "Require(32) node_modules/_egg@2.23.0@egg/app/extend/context.js",
    "start": 1568117437585,
    "end": 1568117437589,
    "duration": 4,
    "pid": 11156,
    "index": 39
  },
  {
    "name": "Load extend/helper.js",
    "start": 1568117437593,
    "end": 1568117437631,
    "duration": 38,
    "pid": 11156,
    "index": 40
  },
  {
    "name": "Require(33) node_modules/_egg-security@2.6.1@egg-security/app/extend/helper.js",
    "start": 1568117437594,
    "end": 1568117437623,
    "duration": 29,
    "pid": 11156,
    "index": 41
  },
  {
    "name": "Require(34) node_modules/_egg@2.23.0@egg/app/extend/helper.js",
    "start": 1568117437627,
    "end": 1568117437627,
    "duration": 0,
    "pid": 11156,
    "index": 42
  },
  {
    "name": "Load app.js",
    "start": 1568117437631,
    "end": 1568117437686,
    "duration": 55,
    "pid": 11156,
    "index": 43
  },
  {
    "name": "Require(35) node_modules/_egg-session@3.1.0@egg-session/app.js",
    "start": 1568117437632,
    "end": 1568117437632,
    "duration": 0,
    "pid": 11156,
    "index": 44
  },
  {
    "name": "Require(36) node_modules/_egg-security@2.6.1@egg-security/app.js",
    "start": 1568117437633,
    "end": 1568117437635,
    "duration": 2,
    "pid": 11156,
    "index": 45
  },
  {
    "name": "Require(37) node_modules/_egg-onerror@2.1.0@egg-onerror/app.js",
    "start": 1568117437637,
    "end": 1568117437652,
    "duration": 15,
    "pid": 11156,
    "index": 46
  },
  {
    "name": "Require(38) node_modules/_egg-i18n@2.1.1@egg-i18n/app.js",
    "start": 1568117437653,
    "end": 1568117437665,
    "duration": 12,
    "pid": 11156,
    "index": 47
  },
  {
    "name": "Require(39) node_modules/_egg-watcher@3.1.0@egg-watcher/app.js",
    "start": 1568117437666,
    "end": 1568117437673,
    "duration": 7,
    "pid": 11156,
    "index": 48
  },
  {
    "name": "Require(40) node_modules/_egg-schedule@3.6.4@egg-schedule/app.js",
    "start": 1568117437673,
    "end": 1568117437676,
    "duration": 3,
    "pid": 11156,
    "index": 49
  },
  {
    "name": "Require(41) node_modules/_egg-multipart@2.9.0@egg-multipart/app.js",
    "start": 1568117437676,
    "end": 1568117437681,
    "duration": 5,
    "pid": 11156,
    "index": 50
  },
  {
    "name": "Require(42) node_modules/_egg-development@2.4.3@egg-development/app.js",
    "start": 1568117437681,
    "end": 1568117437682,
    "duration": 1,
    "pid": 11156,
    "index": 51
  },
  {
    "name": "Require(43) node_modules/_egg-logrotator@3.1.0@egg-logrotator/app.js",
    "start": 1568117437682,
    "end": 1568117437682,
    "duration": 0,
    "pid": 11156,
    "index": 52
  },
  {
    "name": "Require(44) node_modules/_egg-static@2.2.0@egg-static/app.js",
    "start": 1568117437683,
    "end": 1568117437683,
    "duration": 0,
    "pid": 11156,
    "index": 53
  },
  {
    "name": "Require(45) node_modules/_egg-sequelize@5.2.0@egg-sequelize/app.js",
    "start": 1568117437684,
    "end": 1568117437684,
    "duration": 0,
    "pid": 11156,
    "index": 54
  },
  {
    "name": "Before Start in node_modules/_egg-watcher@3.1.0@egg-watcher/lib/init.js:15:14",
    "start": 1568117437702,
    "end": 1568117438671,
    "duration": 969,
    "pid": 11156,
    "index": 55
  },
  {
    "name": "Load \"Symbol(model)\" to Application",
    "start": 1568117438379,
    "end": 1568117438411,
    "duration": 32,
    "pid": 11156,
    "index": 56
  },
  {
    "name": "Before Start in node_modules/_egg-sequelize@5.2.0@egg-sequelize/lib/loader.js:39:7",
    "start": 1568117438422,
    "end": 1568117438712,
    "duration": 290,
    "pid": 11156,
    "index": 57
  },
  {
    "name": "Load Service",
    "start": 1568117438423,
    "end": 1568117438430,
    "duration": 7,
    "pid": 11156,
    "index": 58
  },
  {
    "name": "Load \"service\" to Context",
    "start": 1568117438423,
    "end": 1568117438430,
    "duration": 7,
    "pid": 11156,
    "index": 59
  },
  {
    "name": "Load Middleware",
    "start": 1568117438430,
    "end": 1568117438579,
    "duration": 149,
    "pid": 11156,
    "index": 60
  },
  {
    "name": "Load \"middlewares\" to Application",
    "start": 1568117438431,
    "end": 1568117438559,
    "duration": 128,
    "pid": 11156,
    "index": 61
  },
  {
    "name": "Load Controller",
    "start": 1568117438579,
    "end": 1568117438584,
    "duration": 5,
    "pid": 11156,
    "index": 62
  },
  {
    "name": "Load \"controller\" to Application",
    "start": 1568117438579,
    "end": 1568117438584,
    "duration": 5,
    "pid": 11156,
    "index": 63
  },
  {
    "name": "Load Router",
    "start": 1568117438584,
    "end": 1568117438588,
    "duration": 4,
    "pid": 11156,
    "index": 64
  },
  {
    "name": "Require(46) app/router.js",
    "start": 1568117438585,
    "end": 1568117438585,
    "duration": 0,
    "pid": 11156,
    "index": 65
  },
  {
    "name": "Before Start in node_modules/_egg-core@4.17.3@egg-core/lib/egg.js:303:10",
    "start": 1568117438586,
    "end": 1568117438612,
    "duration": 26,
    "pid": 11156,
    "index": 66
  }
]