[
  {
    "name": "Application Start",
    "start": 1568117397208,
    "end": 1568117398319,
    "duration": 1111,
    "pid": 10432,
    "index": 0
  },
  {
    "name": "Load Plugin",
    "start": 1568117397214,
    "end": 1568117397238,
    "duration": 24,
    "pid": 10432,
    "index": 1
  },
  {
    "name": "Load Config",
    "start": 1568117397239,
    "end": 1568117397265,
    "duration": 26,
    "pid": 10432,
    "index": 2
  },
  {
    "name": "Require(0) config/config.default.js",
    "start": 1568117397240,
    "end": 1568117397240,
    "duration": 0,
    "pid": 10432,
    "index": 3
  },
  {
    "name": "Require(1) node_modules/_egg-session@3.1.0@egg-session/config/config.default.js",
    "start": 1568117397242,
    "end": 1568117397242,
    "duration": 0,
    "pid": 10432,
    "index": 4
  },
  {
    "name": "Require(2) node_modules/_egg-security@2.6.1@egg-security/config/config.default.js",
    "start": 1568117397243,
    "end": 1568117397243,
    "duration": 0,
    "pid": 10432,
    "index": 5
  },
  {
    "name": "Require(3) node_modules/_egg-jsonp@2.0.0@egg-jsonp/config/config.default.js",
    "start": 1568117397245,
    "end": 1568117397245,
    "duration": 0,
    "pid": 10432,
    "index": 6
  },
  {
    "name": "Require(4) node_modules/_egg-onerror@2.1.0@egg-onerror/config/config.default.js",
    "start": 1568117397246,
    "end": 1568117397247,
    "duration": 1,
    "pid": 10432,
    "index": 7
  },
  {
    "name": "Require(5) node_modules/_egg-i18n@2.1.1@egg-i18n/config/config.default.js",
    "start": 1568117397248,
    "end": 1568117397248,
    "duration": 0,
    "pid": 10432,
    "index": 8
  },
  {
    "name": "Require(6) node_modules/_egg-watcher@3.1.0@egg-watcher/config/config.default.js",
    "start": 1568117397249,
    "end": 1568117397249,
    "duration": 0,
    "pid": 10432,
    "index": 9
  },
  {
    "name": "Require(7) node_modules/_egg-schedule@3.6.4@egg-schedule/config/config.default.js",
    "start": 1568117397250,
    "end": 1568117397250,
    "duration": 0,
    "pid": 10432,
    "index": 10
  },
  {
    "name": "Require(8) node_modules/_egg-multipart@2.9.0@egg-multipart/config/config.default.js",
    "start": 1568117397251,
    "end": 1568117397251,
    "duration": 0,
    "pid": 10432,
    "index": 11
  },
  {
    "name": "Require(9) node_modules/_egg-development@2.4.3@egg-development/config/config.default.js",
    "start": 1568117397252,
    "end": 1568117397253,
    "duration": 1,
    "pid": 10432,
    "index": 12
  },
  {
    "name": "Require(10) node_modules/_egg-logrotator@3.1.0@egg-logrotator/config/config.default.js",
    "start": 1568117397253,
    "end": 1568117397254,
    "duration": 1,
    "pid": 10432,
    "index": 13
  },
  {
    "name": "Require(11) node_modules/_egg-static@2.2.0@egg-static/config/config.default.js",
    "start": 1568117397254,
    "end": 1568117397255,
    "duration": 1,
    "pid": 10432,
    "index": 14
  },
  {
    "name": "Require(12) node_modules/_egg-view@2.1.2@egg-view/config/config.default.js",
    "start": 1568117397255,
    "end": 1568117397256,
    "duration": 1,
    "pid": 10432,
    "index": 15
  },
  {
    "name": "Require(13) node_modules/_egg-sequelize@5.2.0@egg-sequelize/config/config.default.js",
    "start": 1568117397256,
    "end": 1568117397256,
    "duration": 0,
    "pid": 10432,
    "index": 16
  },
  {
    "name": "Require(14) node_modules/_egg@2.23.0@egg/config/config.default.js",
    "start": 1568117397257,
    "end": 1568117397258,
    "duration": 1,
    "pid": 10432,
    "index": 17
  },
  {
    "name": "Require(15) config/config.default.js",
    "start": 1568117397259,
    "end": 1568117397259,
    "duration": 0,
    "pid": 10432,
    "index": 18
  },
  {
    "name": "Require(16) node_modules/_egg-security@2.6.1@egg-security/config/config.local.js",
    "start": 1568117397260,
    "end": 1568117397260,
    "duration": 0,
    "pid": 10432,
    "index": 19
  },
  {
    "name": "Require(17) node_modules/_egg-watcher@3.1.0@egg-watcher/config/config.local.js",
    "start": 1568117397262,
    "end": 1568117397262,
    "duration": 0,
    "pid": 10432,
    "index": 20
  },
  {
    "name": "Require(18) node_modules/_egg-view@2.1.2@egg-view/config/config.local.js",
    "start": 1568117397264,
    "end": 1568117397264,
    "duration": 0,
    "pid": 10432,
    "index": 21
  },
  {
    "name": "Require(19) node_modules/_egg@2.23.0@egg/config/config.local.js",
    "start": 1568117397265,
    "end": 1568117397265,
    "duration": 0,
    "pid": 10432,
    "index": 22
  },
  {
    "name": "Load extend/application.js",
    "start": 1568117397267,
    "end": 1568117397286,
    "duration": 19,
    "pid": 10432,
    "index": 23
  },
  {
    "name": "Require(20) node_modules/_egg-session@3.1.0@egg-session/app/extend/application.js",
    "start": 1568117397268,
    "end": 1568117397268,
    "duration": 0,
    "pid": 10432,
    "index": 24
  },
  {
    "name": "Require(21) node_modules/_egg-security@2.6.1@egg-security/app/extend/application.js",
    "start": 1568117397269,
    "end": 1568117397270,
    "duration": 1,
    "pid": 10432,
    "index": 25
  },
  {
    "name": "Require(22) node_modules/_egg-jsonp@2.0.0@egg-jsonp/app/extend/application.js",
    "start": 1568117397271,
    "end": 1568117397273,
    "duration": 2,
    "pid": 10432,
    "index": 26
  },
  {
    "name": "Require(23) node_modules/_egg-logrotator@3.1.0@egg-logrotator/app/extend/application.js",
    "start": 1568117397275,
    "end": 1568117397279,
    "duration": 4,
    "pid": 10432,
    "index": 27
  },
  {
    "name": "Require(24) node_modules/_egg-view@2.1.2@egg-view/app/extend/application.js",
    "start": 1568117397279,
    "end": 1568117397282,
    "duration": 3,
    "pid": 10432,
    "index": 28
  },
  {
    "name": "Load extend/request.js",
    "start": 1568117397287,
    "end": 1568117397296,
    "duration": 9,
    "pid": 10432,
    "index": 29
  },
  {
    "name": "Require(25) node_modules/_egg@2.23.0@egg/app/extend/request.js",
    "start": 1568117397290,
    "end": 1568117397292,
    "duration": 2,
    "pid": 10432,
    "index": 30
  },
  {
    "name": "Load extend/response.js",
    "start": 1568117397296,
    "end": 1568117397305,
    "duration": 9,
    "pid": 10432,
    "index": 31
  },
  {
    "name": "Require(26) node_modules/_egg@2.23.0@egg/app/extend/response.js",
    "start": 1568117397299,
    "end": 1568117397302,
    "duration": 3,
    "pid": 10432,
    "index": 32
  },
  {
    "name": "Load extend/context.js",
    "start": 1568117397305,
    "end": 1568117397412,
    "duration": 107,
    "pid": 10432,
    "index": 33
  },
  {
    "name": "Require(27) node_modules/_egg-security@2.6.1@egg-security/app/extend/context.js",
    "start": 1568117397306,
    "end": 1568117397326,
    "duration": 20,
    "pid": 10432,
    "index": 34
  },
  {
    "name": "Require(28) node_modules/_egg-jsonp@2.0.0@egg-jsonp/app/extend/context.js",
    "start": 1568117397327,
    "end": 1568117397329,
    "duration": 2,
    "pid": 10432,
    "index": 35
  },
  {
    "name": "Require(29) node_modules/_egg-i18n@2.1.1@egg-i18n/app/extend/context.js",
    "start": 1568117397330,
    "end": 1568117397330,
    "duration": 0,
    "pid": 10432,
    "index": 36
  },
  {
    "name": "Require(30) node_modules/_egg-multipart@2.9.0@egg-multipart/app/extend/context.js",
    "start": 1568117397332,
    "end": 1568117397400,
    "duration": 68,
    "pid": 10432,
    "index": 37
  },
  {
    "name": "Require(31) node_modules/_egg-view@2.1.2@egg-view/app/extend/context.js",
    "start": 1568117397402,
    "end": 1568117397404,
    "duration": 2,
    "pid": 10432,
    "index": 38
  },
  {
    "name": "Require(32) node_modules/_egg@2.23.0@egg/app/extend/context.js",
    "start": 1568117397405,
    "end": 1568117397409,
    "duration": 4,
    "pid": 10432,
    "index": 39
  },
  {
    "name": "Load extend/helper.js",
    "start": 1568117397412,
    "end": 1568117397451,
    "duration": 39,
    "pid": 10432,
    "index": 40
  },
  {
    "name": "Require(33) node_modules/_egg-security@2.6.1@egg-security/app/extend/helper.js",
    "start": 1568117397413,
    "end": 1568117397444,
    "duration": 31,
    "pid": 10432,
    "index": 41
  },
  {
    "name": "Require(34) node_modules/_egg@2.23.0@egg/app/extend/helper.js",
    "start": 1568117397447,
    "end": 1568117397448,
    "duration": 1,
    "pid": 10432,
    "index": 42
  },
  {
    "name": "Load app.js",
    "start": 1568117397452,
    "end": 1568117397506,
    "duration": 54,
    "pid": 10432,
    "index": 43
  },
  {
    "name": "Require(35) node_modules/_egg-session@3.1.0@egg-session/app.js",
    "start": 1568117397452,
    "end": 1568117397452,
    "duration": 0,
    "pid": 10432,
    "index": 44
  },
  {
    "name": "Require(36) node_modules/_egg-security@2.6.1@egg-security/app.js",
    "start": 1568117397453,
    "end": 1568117397456,
    "duration": 3,
    "pid": 10432,
    "index": 45
  },
  {
    "name": "Require(37) node_modules/_egg-onerror@2.1.0@egg-onerror/app.js",
    "start": 1568117397457,
    "end": 1568117397472,
    "duration": 15,
    "pid": 10432,
    "index": 46
  },
  {
    "name": "Require(38) node_modules/_egg-i18n@2.1.1@egg-i18n/app.js",
    "start": 1568117397473,
    "end": 1568117397485,
    "duration": 12,
    "pid": 10432,
    "index": 47
  },
  {
    "name": "Require(39) node_modules/_egg-watcher@3.1.0@egg-watcher/app.js",
    "start": 1568117397486,
    "end": 1568117397492,
    "duration": 6,
    "pid": 10432,
    "index": 48
  },
  {
    "name": "Require(40) node_modules/_egg-schedule@3.6.4@egg-schedule/app.js",
    "start": 1568117397492,
    "end": 1568117397495,
    "duration": 3,
    "pid": 10432,
    "index": 49
  },
  {
    "name": "Require(41) node_modules/_egg-multipart@2.9.0@egg-multipart/app.js",
    "start": 1568117397496,
    "end": 1568117397500,
    "duration": 4,
    "pid": 10432,
    "index": 50
  },
  {
    "name": "Require(42) node_modules/_egg-development@2.4.3@egg-development/app.js",
    "start": 1568117397501,
    "end": 1568117397501,
    "duration": 0,
    "pid": 10432,
    "index": 51
  },
  {
    "name": "Require(43) node_modules/_egg-logrotator@3.1.0@egg-logrotator/app.js",
    "start": 1568117397502,
    "end": 1568117397502,
    "duration": 0,
    "pid": 10432,
    "index": 52
  },
  {
    "name": "Require(44) node_modules/_egg-static@2.2.0@egg-static/app.js",
    "start": 1568117397503,
    "end": 1568117397503,
    "duration": 0,
    "pid": 10432,
    "index": 53
  },
  {
    "name": "Require(45) node_modules/_egg-sequelize@5.2.0@egg-sequelize/app.js",
    "start": 1568117397504,
    "end": 1568117397504,
    "duration": 0,
    "pid": 10432,
    "index": 54
  },
  {
    "name": "Before Start in node_modules/_egg-watcher@3.1.0@egg-watcher/lib/init.js:15:14",
    "start": 1568117397523,
    "end": 1568117398280,
    "duration": 757,
    "pid": 10432,
    "index": 55
  },
  {
    "name": "Load \"Symbol(model)\" to Application",
    "start": 1568117398034,
    "end": 1568117398058,
    "duration": 24,
    "pid": 10432,
    "index": 56
  },
  {
    "name": "Before Start in node_modules/_egg-sequelize@5.2.0@egg-sequelize/lib/loader.js:39:7",
    "start": 1568117398066,
    "end": 1568117398318,
    "duration": 252,
    "pid": 10432,
    "index": 57
  },
  {
    "name": "Load Service",
    "start": 1568117398066,
    "end": 1568117398071,
    "duration": 5,
    "pid": 10432,
    "index": 58
  },
  {
    "name": "Load \"service\" to Context",
    "start": 1568117398066,
    "end": 1568117398071,
    "duration": 5,
    "pid": 10432,
    "index": 59
  },
  {
    "name": "Load Middleware",
    "start": 1568117398071,
    "end": 1568117398198,
    "duration": 127,
    "pid": 10432,
    "index": 60
  },
  {
    "name": "Load \"middlewares\" to Application",
    "start": 1568117398072,
    "end": 1568117398182,
    "duration": 110,
    "pid": 10432,
    "index": 61
  },
  {
    "name": "Load Controller",
    "start": 1568117398199,
    "end": 1568117398202,
    "duration": 3,
    "pid": 10432,
    "index": 62
  },
  {
    "name": "Load \"controller\" to Application",
    "start": 1568117398199,
    "end": 1568117398202,
    "duration": 3,
    "pid": 10432,
    "index": 63
  },
  {
    "name": "Load Router",
    "start": 1568117398203,
    "end": 1568117398206,
    "duration": 3,
    "pid": 10432,
    "index": 64
  },
  {
    "name": "Require(46) app/router.js",
    "start": 1568117398203,
    "end": 1568117398203,
    "duration": 0,
    "pid": 10432,
    "index": 65
  },
  {
    "name": "Before Start in node_modules/_egg-core@4.17.3@egg-core/lib/egg.js:303:10",
    "start": 1568117398204,
    "end": 1568117398227,
    "duration": 23,
    "pid": 10432,
    "index": 66
  }
]