[
  {
    "name": "Application Start",
    "start": 1568117205693,
    "end": 1568117206861,
    "duration": 1168,
    "pid": 9612,
    "index": 0
  },
  {
    "name": "Load Plugin",
    "start": 1568117205699,
    "end": 1568117205724,
    "duration": 25,
    "pid": 9612,
    "index": 1
  },
  {
    "name": "Load Config",
    "start": 1568117205725,
    "end": 1568117205753,
    "duration": 28,
    "pid": 9612,
    "index": 2
  },
  {
    "name": "Require(0) config/config.default.js",
    "start": 1568117205726,
    "end": 1568117205726,
    "duration": 0,
    "pid": 9612,
    "index": 3
  },
  {
    "name": "Require(1) node_modules/_egg-session@3.1.0@egg-session/config/config.default.js",
    "start": 1568117205729,
    "end": 1568117205729,
    "duration": 0,
    "pid": 9612,
    "index": 4
  },
  {
    "name": "Require(2) node_modules/_egg-security@2.6.1@egg-security/config/config.default.js",
    "start": 1568117205730,
    "end": 1568117205730,
    "duration": 0,
    "pid": 9612,
    "index": 5
  },
  {
    "name": "Require(3) node_modules/_egg-jsonp@2.0.0@egg-jsonp/config/config.default.js",
    "start": 1568117205732,
    "end": 1568117205732,
    "duration": 0,
    "pid": 9612,
    "index": 6
  },
  {
    "name": "Require(4) node_modules/_egg-onerror@2.1.0@egg-onerror/config/config.default.js",
    "start": 1568117205733,
    "end": 1568117205733,
    "duration": 0,
    "pid": 9612,
    "index": 7
  },
  {
    "name": "Require(5) node_modules/_egg-i18n@2.1.1@egg-i18n/config/config.default.js",
    "start": 1568117205734,
    "end": 1568117205734,
    "duration": 0,
    "pid": 9612,
    "index": 8
  },
  {
    "name": "Require(6) node_modules/_egg-watcher@3.1.0@egg-watcher/config/config.default.js",
    "start": 1568117205735,
    "end": 1568117205735,
    "duration": 0,
    "pid": 9612,
    "index": 9
  },
  {
    "name": "Require(7) node_modules/_egg-schedule@3.6.4@egg-schedule/config/config.default.js",
    "start": 1568117205736,
    "end": 1568117205736,
    "duration": 0,
    "pid": 9612,
    "index": 10
  },
  {
    "name": "Require(8) node_modules/_egg-multipart@2.9.0@egg-multipart/config/config.default.js",
    "start": 1568117205737,
    "end": 1568117205737,
    "duration": 0,
    "pid": 9612,
    "index": 11
  },
  {
    "name": "Require(9) node_modules/_egg-development@2.4.3@egg-development/config/config.default.js",
    "start": 1568117205738,
    "end": 1568117205739,
    "duration": 1,
    "pid": 9612,
    "index": 12
  },
  {
    "name": "Require(10) node_modules/_egg-logrotator@3.1.0@egg-logrotator/config/config.default.js",
    "start": 1568117205739,
    "end": 1568117205740,
    "duration": 1,
    "pid": 9612,
    "index": 13
  },
  {
    "name": "Require(11) node_modules/_egg-static@2.2.0@egg-static/config/config.default.js",
    "start": 1568117205741,
    "end": 1568117205741,
    "duration": 0,
    "pid": 9612,
    "index": 14
  },
  {
    "name": "Require(12) node_modules/_egg-view@2.1.2@egg-view/config/config.default.js",
    "start": 1568117205742,
    "end": 1568117205743,
    "duration": 1,
    "pid": 9612,
    "index": 15
  },
  {
    "name": "Require(13) node_modules/_egg-sequelize@5.2.0@egg-sequelize/config/config.default.js",
    "start": 1568117205744,
    "end": 1568117205744,
    "duration": 0,
    "pid": 9612,
    "index": 16
  },
  {
    "name": "Require(14) node_modules/_egg@2.23.0@egg/config/config.default.js",
    "start": 1568117205745,
    "end": 1568117205745,
    "duration": 0,
    "pid": 9612,
    "index": 17
  },
  {
    "name": "Require(15) config/config.default.js",
    "start": 1568117205747,
    "end": 1568117205747,
    "duration": 0,
    "pid": 9612,
    "index": 18
  },
  {
    "name": "Require(16) node_modules/_egg-security@2.6.1@egg-security/config/config.local.js",
    "start": 1568117205748,
    "end": 1568117205748,
    "duration": 0,
    "pid": 9612,
    "index": 19
  },
  {
    "name": "Require(17) node_modules/_egg-watcher@3.1.0@egg-watcher/config/config.local.js",
    "start": 1568117205750,
    "end": 1568117205750,
    "duration": 0,
    "pid": 9612,
    "index": 20
  },
  {
    "name": "Require(18) node_modules/_egg-view@2.1.2@egg-view/config/config.local.js",
    "start": 1568117205752,
    "end": 1568117205752,
    "duration": 0,
    "pid": 9612,
    "index": 21
  },
  {
    "name": "Require(19) node_modules/_egg@2.23.0@egg/config/config.local.js",
    "start": 1568117205753,
    "end": 1568117205753,
    "duration": 0,
    "pid": 9612,
    "index": 22
  },
  {
    "name": "Load extend/application.js",
    "start": 1568117205756,
    "end": 1568117205778,
    "duration": 22,
    "pid": 9612,
    "index": 23
  },
  {
    "name": "Require(20) node_modules/_egg-session@3.1.0@egg-session/app/extend/application.js",
    "start": 1568117205757,
    "end": 1568117205758,
    "duration": 1,
    "pid": 9612,
    "index": 24
  },
  {
    "name": "Require(21) node_modules/_egg-security@2.6.1@egg-security/app/extend/application.js",
    "start": 1568117205758,
    "end": 1568117205760,
    "duration": 2,
    "pid": 9612,
    "index": 25
  },
  {
    "name": "Require(22) node_modules/_egg-jsonp@2.0.0@egg-jsonp/app/extend/application.js",
    "start": 1568117205761,
    "end": 1568117205764,
    "duration": 3,
    "pid": 9612,
    "index": 26
  },
  {
    "name": "Require(23) node_modules/_egg-logrotator@3.1.0@egg-logrotator/app/extend/application.js",
    "start": 1568117205766,
    "end": 1568117205771,
    "duration": 5,
    "pid": 9612,
    "index": 27
  },
  {
    "name": "Require(24) node_modules/_egg-view@2.1.2@egg-view/app/extend/application.js",
    "start": 1568117205772,
    "end": 1568117205774,
    "duration": 2,
    "pid": 9612,
    "index": 28
  },
  {
    "name": "Load extend/request.js",
    "start": 1568117205778,
    "end": 1568117205788,
    "duration": 10,
    "pid": 9612,
    "index": 29
  },
  {
    "name": "Require(25) node_modules/_egg@2.23.0@egg/app/extend/request.js",
    "start": 1568117205782,
    "end": 1568117205784,
    "duration": 2,
    "pid": 9612,
    "index": 30
  },
  {
    "name": "Load extend/response.js",
    "start": 1568117205788,
    "end": 1568117205798,
    "duration": 10,
    "pid": 9612,
    "index": 31
  },
  {
    "name": "Require(26) node_modules/_egg@2.23.0@egg/app/extend/response.js",
    "start": 1568117205792,
    "end": 1568117205795,
    "duration": 3,
    "pid": 9612,
    "index": 32
  },
  {
    "name": "Load extend/context.js",
    "start": 1568117205798,
    "end": 1568117205906,
    "duration": 108,
    "pid": 9612,
    "index": 33
  },
  {
    "name": "Require(27) node_modules/_egg-security@2.6.1@egg-security/app/extend/context.js",
    "start": 1568117205799,
    "end": 1568117205821,
    "duration": 22,
    "pid": 9612,
    "index": 34
  },
  {
    "name": "Require(28) node_modules/_egg-jsonp@2.0.0@egg-jsonp/app/extend/context.js",
    "start": 1568117205822,
    "end": 1568117205825,
    "duration": 3,
    "pid": 9612,
    "index": 35
  },
  {
    "name": "Require(29) node_modules/_egg-i18n@2.1.1@egg-i18n/app/extend/context.js",
    "start": 1568117205825,
    "end": 1568117205826,
    "duration": 1,
    "pid": 9612,
    "index": 36
  },
  {
    "name": "Require(30) node_modules/_egg-multipart@2.9.0@egg-multipart/app/extend/context.js",
    "start": 1568117205827,
    "end": 1568117205896,
    "duration": 69,
    "pid": 9612,
    "index": 37
  },
  {
    "name": "Require(31) node_modules/_egg-view@2.1.2@egg-view/app/extend/context.js",
    "start": 1568117205897,
    "end": 1568117205898,
    "duration": 1,
    "pid": 9612,
    "index": 38
  },
  {
    "name": "Require(32) node_modules/_egg@2.23.0@egg/app/extend/context.js",
    "start": 1568117205899,
    "end": 1568117205902,
    "duration": 3,
    "pid": 9612,
    "index": 39
  },
  {
    "name": "Load extend/helper.js",
    "start": 1568117205906,
    "end": 1568117205941,
    "duration": 35,
    "pid": 9612,
    "index": 40
  },
  {
    "name": "Require(33) node_modules/_egg-security@2.6.1@egg-security/app/extend/helper.js",
    "start": 1568117205906,
    "end": 1568117205932,
    "duration": 26,
    "pid": 9612,
    "index": 41
  },
  {
    "name": "Require(34) node_modules/_egg@2.23.0@egg/app/extend/helper.js",
    "start": 1568117205935,
    "end": 1568117205935,
    "duration": 0,
    "pid": 9612,
    "index": 42
  },
  {
    "name": "Load app.js",
    "start": 1568117205941,
    "end": 1568117205994,
    "duration": 53,
    "pid": 9612,
    "index": 43
  },
  {
    "name": "Require(35) node_modules/_egg-session@3.1.0@egg-session/app.js",
    "start": 1568117205942,
    "end": 1568117205942,
    "duration": 0,
    "pid": 9612,
    "index": 44
  },
  {
    "name": "Require(36) node_modules/_egg-security@2.6.1@egg-security/app.js",
    "start": 1568117205943,
    "end": 1568117205946,
    "duration": 3,
    "pid": 9612,
    "index": 45
  },
  {
    "name": "Require(37) node_modules/_egg-onerror@2.1.0@egg-onerror/app.js",
    "start": 1568117205947,
    "end": 1568117205961,
    "duration": 14,
    "pid": 9612,
    "index": 46
  },
  {
    "name": "Require(38) node_modules/_egg-i18n@2.1.1@egg-i18n/app.js",
    "start": 1568117205962,
    "end": 1568117205974,
    "duration": 12,
    "pid": 9612,
    "index": 47
  },
  {
    "name": "Require(39) node_modules/_egg-watcher@3.1.0@egg-watcher/app.js",
    "start": 1568117205974,
    "end": 1568117205980,
    "duration": 6,
    "pid": 9612,
    "index": 48
  },
  {
    "name": "Require(40) node_modules/_egg-schedule@3.6.4@egg-schedule/app.js",
    "start": 1568117205981,
    "end": 1568117205983,
    "duration": 2,
    "pid": 9612,
    "index": 49
  },
  {
    "name": "Require(41) node_modules/_egg-multipart@2.9.0@egg-multipart/app.js",
    "start": 1568117205984,
    "end": 1568117205988,
    "duration": 4,
    "pid": 9612,
    "index": 50
  },
  {
    "name": "Require(42) node_modules/_egg-development@2.4.3@egg-development/app.js",
    "start": 1568117205989,
    "end": 1568117205989,
    "duration": 0,
    "pid": 9612,
    "index": 51
  },
  {
    "name": "Require(43) node_modules/_egg-logrotator@3.1.0@egg-logrotator/app.js",
    "start": 1568117205990,
    "end": 1568117205990,
    "duration": 0,
    "pid": 9612,
    "index": 52
  },
  {
    "name": "Require(44) node_modules/_egg-static@2.2.0@egg-static/app.js",
    "start": 1568117205990,
    "end": 1568117205991,
    "duration": 1,
    "pid": 9612,
    "index": 53
  },
  {
    "name": "Require(45) node_modules/_egg-sequelize@5.2.0@egg-sequelize/app.js",
    "start": 1568117205992,
    "end": 1568117205992,
    "duration": 0,
    "pid": 9612,
    "index": 54
  },
  {
    "name": "Before Start in node_modules/_egg-watcher@3.1.0@egg-watcher/lib/init.js:15:14",
    "start": 1568117206012,
    "end": 1568117206827,
    "duration": 815,
    "pid": 9612,
    "index": 55
  },
  {
    "name": "Load \"Symbol(model)\" to Application",
    "start": 1568117206557,
    "end": 1568117206581,
    "duration": 24,
    "pid": 9612,
    "index": 56
  },
  {
    "name": "Before Start in node_modules/_egg-sequelize@5.2.0@egg-sequelize/lib/loader.js:39:7",
    "start": 1568117206589,
    "end": 1568117206860,
    "duration": 271,
    "pid": 9612,
    "index": 57
  },
  {
    "name": "Load Service",
    "start": 1568117206589,
    "end": 1568117206595,
    "duration": 6,
    "pid": 9612,
    "index": 58
  },
  {
    "name": "Load \"service\" to Context",
    "start": 1568117206590,
    "end": 1568117206595,
    "duration": 5,
    "pid": 9612,
    "index": 59
  },
  {
    "name": "Load Middleware",
    "start": 1568117206596,
    "end": 1568117206736,
    "duration": 140,
    "pid": 9612,
    "index": 60
  },
  {
    "name": "Load \"middlewares\" to Application",
    "start": 1568117206596,
    "end": 1568117206720,
    "duration": 124,
    "pid": 9612,
    "index": 61
  },
  {
    "name": "Load Controller",
    "start": 1568117206736,
    "end": 1568117206741,
    "duration": 5,
    "pid": 9612,
    "index": 62
  },
  {
    "name": "Load \"controller\" to Application",
    "start": 1568117206737,
    "end": 1568117206741,
    "duration": 4,
    "pid": 9612,
    "index": 63
  },
  {
    "name": "Load Router",
    "start": 1568117206741,
    "end": 1568117206745,
    "duration": 4,
    "pid": 9612,
    "index": 64
  },
  {
    "name": "Require(46) app/router.js",
    "start": 1568117206742,
    "end": 1568117206742,
    "duration": 0,
    "pid": 9612,
    "index": 65
  },
  {
    "name": "Before Start in node_modules/_egg-core@4.17.3@egg-core/lib/egg.js:303:10",
    "start": 1568117206743,
    "end": 1568117206765,
    "duration": 22,
    "pid": 9612,
    "index": 66
  }
]