[
  {
    "name": "Application Start",
    "start": 1568084270264,
    "end": 1568084271626,
    "duration": 1362,
    "pid": 3716,
    "index": 0
  },
  {
    "name": "Load Plugin",
    "start": 1568084270276,
    "end": 1568084270308,
    "duration": 32,
    "pid": 3716,
    "index": 1
  },
  {
    "name": "Load Config",
    "start": 1568084270308,
    "end": 1568084270339,
    "duration": 31,
    "pid": 3716,
    "index": 2
  },
  {
    "name": "Require(0) config/config.default.js",
    "start": 1568084270309,
    "end": 1568084270309,
    "duration": 0,
    "pid": 3716,
    "index": 3
  },
  {
    "name": "Require(1) node_modules/_egg-session@3.1.0@egg-session/config/config.default.js",
    "start": 1568084270311,
    "end": 1568084270312,
    "duration": 1,
    "pid": 3716,
    "index": 4
  },
  {
    "name": "Require(2) node_modules/_egg-security@2.6.1@egg-security/config/config.default.js",
    "start": 1568084270313,
    "end": 1568084270313,
    "duration": 0,
    "pid": 3716,
    "index": 5
  },
  {
    "name": "Require(3) node_modules/_egg-jsonp@2.0.0@egg-jsonp/config/config.default.js",
    "start": 1568084270314,
    "end": 1568084270315,
    "duration": 1,
    "pid": 3716,
    "index": 6
  },
  {
    "name": "Require(4) node_modules/_egg-onerror@2.1.0@egg-onerror/config/config.default.js",
    "start": 1568084270315,
    "end": 1568084270316,
    "duration": 1,
    "pid": 3716,
    "index": 7
  },
  {
    "name": "Require(5) node_modules/_egg-i18n@2.1.1@egg-i18n/config/config.default.js",
    "start": 1568084270317,
    "end": 1568084270317,
    "duration": 0,
    "pid": 3716,
    "index": 8
  },
  {
    "name": "Require(6) node_modules/_egg-watcher@3.1.0@egg-watcher/config/config.default.js",
    "start": 1568084270318,
    "end": 1568084270319,
    "duration": 1,
    "pid": 3716,
    "index": 9
  },
  {
    "name": "Require(7) node_modules/_egg-schedule@3.6.4@egg-schedule/config/config.default.js",
    "start": 1568084270319,
    "end": 1568084270320,
    "duration": 1,
    "pid": 3716,
    "index": 10
  },
  {
    "name": "Require(8) node_modules/_egg-multipart@2.9.0@egg-multipart/config/config.default.js",
    "start": 1568084270320,
    "end": 1568084270321,
    "duration": 1,
    "pid": 3716,
    "index": 11
  },
  {
    "name": "Require(9) node_modules/_egg-development@2.4.3@egg-development/config/config.default.js",
    "start": 1568084270322,
    "end": 1568084270323,
    "duration": 1,
    "pid": 3716,
    "index": 12
  },
  {
    "name": "Require(10) node_modules/_egg-logrotator@3.1.0@egg-logrotator/config/config.default.js",
    "start": 1568084270323,
    "end": 1568084270324,
    "duration": 1,
    "pid": 3716,
    "index": 13
  },
  {
    "name": "Require(11) node_modules/_egg-static@2.2.0@egg-static/config/config.default.js",
    "start": 1568084270324,
    "end": 1568084270325,
    "duration": 1,
    "pid": 3716,
    "index": 14
  },
  {
    "name": "Require(12) node_modules/_egg-view@2.1.2@egg-view/config/config.default.js",
    "start": 1568084270326,
    "end": 1568084270326,
    "duration": 0,
    "pid": 3716,
    "index": 15
  },
  {
    "name": "Require(13) node_modules/_egg-sequelize@5.2.0@egg-sequelize/config/config.default.js",
    "start": 1568084270327,
    "end": 1568084270327,
    "duration": 0,
    "pid": 3716,
    "index": 16
  },
  {
    "name": "Require(14) node_modules/_egg@2.23.0@egg/config/config.default.js",
    "start": 1568084270328,
    "end": 1568084270329,
    "duration": 1,
    "pid": 3716,
    "index": 17
  },
  {
    "name": "Require(15) config/config.default.js",
    "start": 1568084270331,
    "end": 1568084270331,
    "duration": 0,
    "pid": 3716,
    "index": 18
  },
  {
    "name": "Require(16) node_modules/_egg-security@2.6.1@egg-security/config/config.local.js",
    "start": 1568084270332,
    "end": 1568084270333,
    "duration": 1,
    "pid": 3716,
    "index": 19
  },
  {
    "name": "Require(17) node_modules/_egg-watcher@3.1.0@egg-watcher/config/config.local.js",
    "start": 1568084270334,
    "end": 1568084270334,
    "duration": 0,
    "pid": 3716,
    "index": 20
  },
  {
    "name": "Require(18) node_modules/_egg-view@2.1.2@egg-view/config/config.local.js",
    "start": 1568084270337,
    "end": 1568084270337,
    "duration": 0,
    "pid": 3716,
    "index": 21
  },
  {
    "name": "Require(19) node_modules/_egg@2.23.0@egg/config/config.local.js",
    "start": 1568084270338,
    "end": 1568084270338,
    "duration": 0,
    "pid": 3716,
    "index": 22
  },
  {
    "name": "Load extend/application.js",
    "start": 1568084270342,
    "end": 1568084270365,
    "duration": 23,
    "pid": 3716,
    "index": 23
  },
  {
    "name": "Require(20) node_modules/_egg-session@3.1.0@egg-session/app/extend/application.js",
    "start": 1568084270343,
    "end": 1568084270344,
    "duration": 1,
    "pid": 3716,
    "index": 24
  },
  {
    "name": "Require(21) node_modules/_egg-security@2.6.1@egg-security/app/extend/application.js",
    "start": 1568084270344,
    "end": 1568084270346,
    "duration": 2,
    "pid": 3716,
    "index": 25
  },
  {
    "name": "Require(22) node_modules/_egg-jsonp@2.0.0@egg-jsonp/app/extend/application.js",
    "start": 1568084270347,
    "end": 1568084270351,
    "duration": 4,
    "pid": 3716,
    "index": 26
  },
  {
    "name": "Require(23) node_modules/_egg-logrotator@3.1.0@egg-logrotator/app/extend/application.js",
    "start": 1568084270353,
    "end": 1568084270357,
    "duration": 4,
    "pid": 3716,
    "index": 27
  },
  {
    "name": "Require(24) node_modules/_egg-view@2.1.2@egg-view/app/extend/application.js",
    "start": 1568084270358,
    "end": 1568084270361,
    "duration": 3,
    "pid": 3716,
    "index": 28
  },
  {
    "name": "Load extend/request.js",
    "start": 1568084270365,
    "end": 1568084270375,
    "duration": 10,
    "pid": 3716,
    "index": 29
  },
  {
    "name": "Require(25) node_modules/_egg@2.23.0@egg/app/extend/request.js",
    "start": 1568084270368,
    "end": 1568084270371,
    "duration": 3,
    "pid": 3716,
    "index": 30
  },
  {
    "name": "Load extend/response.js",
    "start": 1568084270375,
    "end": 1568084270385,
    "duration": 10,
    "pid": 3716,
    "index": 31
  },
  {
    "name": "Require(26) node_modules/_egg@2.23.0@egg/app/extend/response.js",
    "start": 1568084270378,
    "end": 1568084270381,
    "duration": 3,
    "pid": 3716,
    "index": 32
  },
  {
    "name": "Load extend/context.js",
    "start": 1568084270385,
    "end": 1568084270512,
    "duration": 127,
    "pid": 3716,
    "index": 33
  },
  {
    "name": "Require(27) node_modules/_egg-security@2.6.1@egg-security/app/extend/context.js",
    "start": 1568084270385,
    "end": 1568084270407,
    "duration": 22,
    "pid": 3716,
    "index": 34
  },
  {
    "name": "Require(28) node_modules/_egg-jsonp@2.0.0@egg-jsonp/app/extend/context.js",
    "start": 1568084270407,
    "end": 1568084270410,
    "duration": 3,
    "pid": 3716,
    "index": 35
  },
  {
    "name": "Require(29) node_modules/_egg-i18n@2.1.1@egg-i18n/app/extend/context.js",
    "start": 1568084270411,
    "end": 1568084270412,
    "duration": 1,
    "pid": 3716,
    "index": 36
  },
  {
    "name": "Require(30) node_modules/_egg-multipart@2.9.0@egg-multipart/app/extend/context.js",
    "start": 1568084270415,
    "end": 1568084270502,
    "duration": 87,
    "pid": 3716,
    "index": 37
  },
  {
    "name": "Require(31) node_modules/_egg-view@2.1.2@egg-view/app/extend/context.js",
    "start": 1568084270503,
    "end": 1568084270504,
    "duration": 1,
    "pid": 3716,
    "index": 38
  },
  {
    "name": "Require(32) node_modules/_egg@2.23.0@egg/app/extend/context.js",
    "start": 1568084270505,
    "end": 1568084270508,
    "duration": 3,
    "pid": 3716,
    "index": 39
  },
  {
    "name": "Load extend/helper.js",
    "start": 1568084270512,
    "end": 1568084270556,
    "duration": 44,
    "pid": 3716,
    "index": 40
  },
  {
    "name": "Require(33) node_modules/_egg-security@2.6.1@egg-security/app/extend/helper.js",
    "start": 1568084270513,
    "end": 1568084270547,
    "duration": 34,
    "pid": 3716,
    "index": 41
  },
  {
    "name": "Require(34) node_modules/_egg@2.23.0@egg/app/extend/helper.js",
    "start": 1568084270551,
    "end": 1568084270552,
    "duration": 1,
    "pid": 3716,
    "index": 42
  },
  {
    "name": "Load app.js",
    "start": 1568084270557,
    "end": 1568084270620,
    "duration": 63,
    "pid": 3716,
    "index": 43
  },
  {
    "name": "Require(35) node_modules/_egg-session@3.1.0@egg-session/app.js",
    "start": 1568084270557,
    "end": 1568084270558,
    "duration": 1,
    "pid": 3716,
    "index": 44
  },
  {
    "name": "Require(36) node_modules/_egg-security@2.6.1@egg-security/app.js",
    "start": 1568084270558,
    "end": 1568084270562,
    "duration": 4,
    "pid": 3716,
    "index": 45
  },
  {
    "name": "Require(37) node_modules/_egg-onerror@2.1.0@egg-onerror/app.js",
    "start": 1568084270563,
    "end": 1568084270581,
    "duration": 18,
    "pid": 3716,
    "index": 46
  },
  {
    "name": "Require(38) node_modules/_egg-i18n@2.1.1@egg-i18n/app.js",
    "start": 1568084270582,
    "end": 1568084270595,
    "duration": 13,
    "pid": 3716,
    "index": 47
  },
  {
    "name": "Require(39) node_modules/_egg-watcher@3.1.0@egg-watcher/app.js",
    "start": 1568084270595,
    "end": 1568084270602,
    "duration": 7,
    "pid": 3716,
    "index": 48
  },
  {
    "name": "Require(40) node_modules/_egg-schedule@3.6.4@egg-schedule/app.js",
    "start": 1568084270602,
    "end": 1568084270606,
    "duration": 4,
    "pid": 3716,
    "index": 49
  },
  {
    "name": "Require(41) node_modules/_egg-multipart@2.9.0@egg-multipart/app.js",
    "start": 1568084270606,
    "end": 1568084270611,
    "duration": 5,
    "pid": 3716,
    "index": 50
  },
  {
    "name": "Require(42) node_modules/_egg-development@2.4.3@egg-development/app.js",
    "start": 1568084270611,
    "end": 1568084270612,
    "duration": 1,
    "pid": 3716,
    "index": 51
  },
  {
    "name": "Require(43) node_modules/_egg-logrotator@3.1.0@egg-logrotator/app.js",
    "start": 1568084270613,
    "end": 1568084270613,
    "duration": 0,
    "pid": 3716,
    "index": 52
  },
  {
    "name": "Require(44) node_modules/_egg-static@2.2.0@egg-static/app.js",
    "start": 1568084270614,
    "end": 1568084270615,
    "duration": 1,
    "pid": 3716,
    "index": 53
  },
  {
    "name": "Require(45) node_modules/_egg-sequelize@5.2.0@egg-sequelize/app.js",
    "start": 1568084270617,
    "end": 1568084270617,
    "duration": 0,
    "pid": 3716,
    "index": 54
  },
  {
    "name": "Before Start in node_modules/_egg-watcher@3.1.0@egg-watcher/lib/init.js:15:14",
    "start": 1568084270640,
    "end": 1568084271583,
    "duration": 943,
    "pid": 3716,
    "index": 55
  },
  {
    "name": "Load \"Symbol(model)\" to Application",
    "start": 1568084271283,
    "end": 1568084271298,
    "duration": 15,
    "pid": 3716,
    "index": 56
  },
  {
    "name": "Before Start in node_modules/_egg-sequelize@5.2.0@egg-sequelize/lib/loader.js:39:7",
    "start": 1568084271298,
    "end": 1568084271626,
    "duration": 328,
    "pid": 3716,
    "index": 57
  },
  {
    "name": "Load Service",
    "start": 1568084271298,
    "end": 1568084271307,
    "duration": 9,
    "pid": 3716,
    "index": 58
  },
  {
    "name": "Load \"service\" to Context",
    "start": 1568084271299,
    "end": 1568084271307,
    "duration": 8,
    "pid": 3716,
    "index": 59
  },
  {
    "name": "Load Middleware",
    "start": 1568084271307,
    "end": 1568084271482,
    "duration": 175,
    "pid": 3716,
    "index": 60
  },
  {
    "name": "Load \"middlewares\" to Application",
    "start": 1568084271308,
    "end": 1568084271463,
    "duration": 155,
    "pid": 3716,
    "index": 61
  },
  {
    "name": "Load Controller",
    "start": 1568084271482,
    "end": 1568084271486,
    "duration": 4,
    "pid": 3716,
    "index": 62
  },
  {
    "name": "Load \"controller\" to Application",
    "start": 1568084271482,
    "end": 1568084271486,
    "duration": 4,
    "pid": 3716,
    "index": 63
  },
  {
    "name": "Load Router",
    "start": 1568084271486,
    "end": 1568084271489,
    "duration": 3,
    "pid": 3716,
    "index": 64
  },
  {
    "name": "Require(46) app/router.js",
    "start": 1568084271487,
    "end": 1568084271487,
    "duration": 0,
    "pid": 3716,
    "index": 65
  },
  {
    "name": "Before Start in node_modules/_egg-core@4.17.3@egg-core/lib/egg.js:303:10",
    "start": 1568084271488,
    "end": 1568084271514,
    "duration": 26,
    "pid": 3716,
    "index": 66
  }
]