[
  {
    "name": "Application Start",
    "start": 1568117289741,
    "end": 1568117291034,
    "duration": 1293,
    "pid": 14128,
    "index": 0
  },
  {
    "name": "Load Plugin",
    "start": 1568117289747,
    "end": 1568117289771,
    "duration": 24,
    "pid": 14128,
    "index": 1
  },
  {
    "name": "Load Config",
    "start": 1568117289771,
    "end": 1568117289799,
    "duration": 28,
    "pid": 14128,
    "index": 2
  },
  {
    "name": "Require(0) config/config.default.js",
    "start": 1568117289772,
    "end": 1568117289772,
    "duration": 0,
    "pid": 14128,
    "index": 3
  },
  {
    "name": "Require(1) node_modules/_egg-session@3.1.0@egg-session/config/config.default.js",
    "start": 1568117289774,
    "end": 1568117289775,
    "duration": 1,
    "pid": 14128,
    "index": 4
  },
  {
    "name": "Require(2) node_modules/_egg-security@2.6.1@egg-security/config/config.default.js",
    "start": 1568117289776,
    "end": 1568117289776,
    "duration": 0,
    "pid": 14128,
    "index": 5
  },
  {
    "name": "Require(3) node_modules/_egg-jsonp@2.0.0@egg-jsonp/config/config.default.js",
    "start": 1568117289777,
    "end": 1568117289778,
    "duration": 1,
    "pid": 14128,
    "index": 6
  },
  {
    "name": "Require(4) node_modules/_egg-onerror@2.1.0@egg-onerror/config/config.default.js",
    "start": 1568117289778,
    "end": 1568117289779,
    "duration": 1,
    "pid": 14128,
    "index": 7
  },
  {
    "name": "Require(5) node_modules/_egg-i18n@2.1.1@egg-i18n/config/config.default.js",
    "start": 1568117289779,
    "end": 1568117289780,
    "duration": 1,
    "pid": 14128,
    "index": 8
  },
  {
    "name": "Require(6) node_modules/_egg-watcher@3.1.0@egg-watcher/config/config.default.js",
    "start": 1568117289780,
    "end": 1568117289781,
    "duration": 1,
    "pid": 14128,
    "index": 9
  },
  {
    "name": "Require(7) node_modules/_egg-schedule@3.6.4@egg-schedule/config/config.default.js",
    "start": 1568117289781,
    "end": 1568117289782,
    "duration": 1,
    "pid": 14128,
    "index": 10
  },
  {
    "name": "Require(8) node_modules/_egg-multipart@2.9.0@egg-multipart/config/config.default.js",
    "start": 1568117289782,
    "end": 1568117289783,
    "duration": 1,
    "pid": 14128,
    "index": 11
  },
  {
    "name": "Require(9) node_modules/_egg-development@2.4.3@egg-development/config/config.default.js",
    "start": 1568117289784,
    "end": 1568117289784,
    "duration": 0,
    "pid": 14128,
    "index": 12
  },
  {
    "name": "Require(10) node_modules/_egg-logrotator@3.1.0@egg-logrotator/config/config.default.js",
    "start": 1568117289785,
    "end": 1568117289785,
    "duration": 0,
    "pid": 14128,
    "index": 13
  },
  {
    "name": "Require(11) node_modules/_egg-static@2.2.0@egg-static/config/config.default.js",
    "start": 1568117289786,
    "end": 1568117289787,
    "duration": 1,
    "pid": 14128,
    "index": 14
  },
  {
    "name": "Require(12) node_modules/_egg-view@2.1.2@egg-view/config/config.default.js",
    "start": 1568117289787,
    "end": 1568117289788,
    "duration": 1,
    "pid": 14128,
    "index": 15
  },
  {
    "name": "Require(13) node_modules/_egg-sequelize@5.2.0@egg-sequelize/config/config.default.js",
    "start": 1568117289789,
    "end": 1568117289789,
    "duration": 0,
    "pid": 14128,
    "index": 16
  },
  {
    "name": "Require(14) node_modules/_egg@2.23.0@egg/config/config.default.js",
    "start": 1568117289790,
    "end": 1568117289790,
    "duration": 0,
    "pid": 14128,
    "index": 17
  },
  {
    "name": "Require(15) config/config.default.js",
    "start": 1568117289792,
    "end": 1568117289792,
    "duration": 0,
    "pid": 14128,
    "index": 18
  },
  {
    "name": "Require(16) node_modules/_egg-security@2.6.1@egg-security/config/config.local.js",
    "start": 1568117289793,
    "end": 1568117289793,
    "duration": 0,
    "pid": 14128,
    "index": 19
  },
  {
    "name": "Require(17) node_modules/_egg-watcher@3.1.0@egg-watcher/config/config.local.js",
    "start": 1568117289795,
    "end": 1568117289795,
    "duration": 0,
    "pid": 14128,
    "index": 20
  },
  {
    "name": "Require(18) node_modules/_egg-view@2.1.2@egg-view/config/config.local.js",
    "start": 1568117289797,
    "end": 1568117289797,
    "duration": 0,
    "pid": 14128,
    "index": 21
  },
  {
    "name": "Require(19) node_modules/_egg@2.23.0@egg/config/config.local.js",
    "start": 1568117289798,
    "end": 1568117289799,
    "duration": 1,
    "pid": 14128,
    "index": 22
  },
  {
    "name": "Load extend/application.js",
    "start": 1568117289801,
    "end": 1568117289831,
    "duration": 30,
    "pid": 14128,
    "index": 23
  },
  {
    "name": "Require(20) node_modules/_egg-session@3.1.0@egg-session/app/extend/application.js",
    "start": 1568117289802,
    "end": 1568117289802,
    "duration": 0,
    "pid": 14128,
    "index": 24
  },
  {
    "name": "Require(21) node_modules/_egg-security@2.6.1@egg-security/app/extend/application.js",
    "start": 1568117289803,
    "end": 1568117289804,
    "duration": 1,
    "pid": 14128,
    "index": 25
  },
  {
    "name": "Require(22) node_modules/_egg-jsonp@2.0.0@egg-jsonp/app/extend/application.js",
    "start": 1568117289805,
    "end": 1568117289808,
    "duration": 3,
    "pid": 14128,
    "index": 26
  },
  {
    "name": "Require(23) node_modules/_egg-logrotator@3.1.0@egg-logrotator/app/extend/application.js",
    "start": 1568117289812,
    "end": 1568117289822,
    "duration": 10,
    "pid": 14128,
    "index": 27
  },
  {
    "name": "Require(24) node_modules/_egg-view@2.1.2@egg-view/app/extend/application.js",
    "start": 1568117289823,
    "end": 1568117289827,
    "duration": 4,
    "pid": 14128,
    "index": 28
  },
  {
    "name": "Load extend/request.js",
    "start": 1568117289831,
    "end": 1568117289850,
    "duration": 19,
    "pid": 14128,
    "index": 29
  },
  {
    "name": "Require(25) node_modules/_egg@2.23.0@egg/app/extend/request.js",
    "start": 1568117289835,
    "end": 1568117289839,
    "duration": 4,
    "pid": 14128,
    "index": 30
  },
  {
    "name": "Load extend/response.js",
    "start": 1568117289850,
    "end": 1568117289865,
    "duration": 15,
    "pid": 14128,
    "index": 31
  },
  {
    "name": "Require(26) node_modules/_egg@2.23.0@egg/app/extend/response.js",
    "start": 1568117289854,
    "end": 1568117289860,
    "duration": 6,
    "pid": 14128,
    "index": 32
  },
  {
    "name": "Load extend/context.js",
    "start": 1568117289865,
    "end": 1568117290004,
    "duration": 139,
    "pid": 14128,
    "index": 33
  },
  {
    "name": "Require(27) node_modules/_egg-security@2.6.1@egg-security/app/extend/context.js",
    "start": 1568117289866,
    "end": 1568117289892,
    "duration": 26,
    "pid": 14128,
    "index": 34
  },
  {
    "name": "Require(28) node_modules/_egg-jsonp@2.0.0@egg-jsonp/app/extend/context.js",
    "start": 1568117289893,
    "end": 1568117289895,
    "duration": 2,
    "pid": 14128,
    "index": 35
  },
  {
    "name": "Require(29) node_modules/_egg-i18n@2.1.1@egg-i18n/app/extend/context.js",
    "start": 1568117289897,
    "end": 1568117289897,
    "duration": 0,
    "pid": 14128,
    "index": 36
  },
  {
    "name": "Require(30) node_modules/_egg-multipart@2.9.0@egg-multipart/app/extend/context.js",
    "start": 1568117289899,
    "end": 1568117289991,
    "duration": 92,
    "pid": 14128,
    "index": 37
  },
  {
    "name": "Require(31) node_modules/_egg-view@2.1.2@egg-view/app/extend/context.js",
    "start": 1568117289992,
    "end": 1568117289994,
    "duration": 2,
    "pid": 14128,
    "index": 38
  },
  {
    "name": "Require(32) node_modules/_egg@2.23.0@egg/app/extend/context.js",
    "start": 1568117289995,
    "end": 1568117289999,
    "duration": 4,
    "pid": 14128,
    "index": 39
  },
  {
    "name": "Load extend/helper.js",
    "start": 1568117290004,
    "end": 1568117290041,
    "duration": 37,
    "pid": 14128,
    "index": 40
  },
  {
    "name": "Require(33) node_modules/_egg-security@2.6.1@egg-security/app/extend/helper.js",
    "start": 1568117290005,
    "end": 1568117290034,
    "duration": 29,
    "pid": 14128,
    "index": 41
  },
  {
    "name": "Require(34) node_modules/_egg@2.23.0@egg/app/extend/helper.js",
    "start": 1568117290037,
    "end": 1568117290038,
    "duration": 1,
    "pid": 14128,
    "index": 42
  },
  {
    "name": "Load app.js",
    "start": 1568117290042,
    "end": 1568117290108,
    "duration": 66,
    "pid": 14128,
    "index": 43
  },
  {
    "name": "Require(35) node_modules/_egg-session@3.1.0@egg-session/app.js",
    "start": 1568117290042,
    "end": 1568117290043,
    "duration": 1,
    "pid": 14128,
    "index": 44
  },
  {
    "name": "Require(36) node_modules/_egg-security@2.6.1@egg-security/app.js",
    "start": 1568117290044,
    "end": 1568117290047,
    "duration": 3,
    "pid": 14128,
    "index": 45
  },
  {
    "name": "Require(37) node_modules/_egg-onerror@2.1.0@egg-onerror/app.js",
    "start": 1568117290048,
    "end": 1568117290071,
    "duration": 23,
    "pid": 14128,
    "index": 46
  },
  {
    "name": "Require(38) node_modules/_egg-i18n@2.1.1@egg-i18n/app.js",
    "start": 1568117290072,
    "end": 1568117290085,
    "duration": 13,
    "pid": 14128,
    "index": 47
  },
  {
    "name": "Require(39) node_modules/_egg-watcher@3.1.0@egg-watcher/app.js",
    "start": 1568117290086,
    "end": 1568117290093,
    "duration": 7,
    "pid": 14128,
    "index": 48
  },
  {
    "name": "Require(40) node_modules/_egg-schedule@3.6.4@egg-schedule/app.js",
    "start": 1568117290093,
    "end": 1568117290097,
    "duration": 4,
    "pid": 14128,
    "index": 49
  },
  {
    "name": "Require(41) node_modules/_egg-multipart@2.9.0@egg-multipart/app.js",
    "start": 1568117290097,
    "end": 1568117290102,
    "duration": 5,
    "pid": 14128,
    "index": 50
  },
  {
    "name": "Require(42) node_modules/_egg-development@2.4.3@egg-development/app.js",
    "start": 1568117290103,
    "end": 1568117290103,
    "duration": 0,
    "pid": 14128,
    "index": 51
  },
  {
    "name": "Require(43) node_modules/_egg-logrotator@3.1.0@egg-logrotator/app.js",
    "start": 1568117290104,
    "end": 1568117290104,
    "duration": 0,
    "pid": 14128,
    "index": 52
  },
  {
    "name": "Require(44) node_modules/_egg-static@2.2.0@egg-static/app.js",
    "start": 1568117290105,
    "end": 1568117290105,
    "duration": 0,
    "pid": 14128,
    "index": 53
  },
  {
    "name": "Require(45) node_modules/_egg-sequelize@5.2.0@egg-sequelize/app.js",
    "start": 1568117290106,
    "end": 1568117290106,
    "duration": 0,
    "pid": 14128,
    "index": 54
  },
  {
    "name": "Before Start in node_modules/_egg-watcher@3.1.0@egg-watcher/lib/init.js:15:14",
    "start": 1568117290123,
    "end": 1568117290993,
    "duration": 870,
    "pid": 14128,
    "index": 55
  },
  {
    "name": "Load \"Symbol(model)\" to Application",
    "start": 1568117290710,
    "end": 1568117290734,
    "duration": 24,
    "pid": 14128,
    "index": 56
  },
  {
    "name": "Before Start in node_modules/_egg-sequelize@5.2.0@egg-sequelize/lib/loader.js:39:7",
    "start": 1568117290740,
    "end": 1568117291033,
    "duration": 293,
    "pid": 14128,
    "index": 57
  },
  {
    "name": "Load Service",
    "start": 1568117290741,
    "end": 1568117290747,
    "duration": 6,
    "pid": 14128,
    "index": 58
  },
  {
    "name": "Load \"service\" to Context",
    "start": 1568117290741,
    "end": 1568117290747,
    "duration": 6,
    "pid": 14128,
    "index": 59
  },
  {
    "name": "Load Middleware",
    "start": 1568117290747,
    "end": 1568117290895,
    "duration": 148,
    "pid": 14128,
    "index": 60
  },
  {
    "name": "Load \"middlewares\" to Application",
    "start": 1568117290747,
    "end": 1568117290878,
    "duration": 131,
    "pid": 14128,
    "index": 61
  },
  {
    "name": "Load Controller",
    "start": 1568117290895,
    "end": 1568117290899,
    "duration": 4,
    "pid": 14128,
    "index": 62
  },
  {
    "name": "Load \"controller\" to Application",
    "start": 1568117290895,
    "end": 1568117290899,
    "duration": 4,
    "pid": 14128,
    "index": 63
  },
  {
    "name": "Load Router",
    "start": 1568117290899,
    "end": 1568117290904,
    "duration": 5,
    "pid": 14128,
    "index": 64
  },
  {
    "name": "Require(46) app/router.js",
    "start": 1568117290900,
    "end": 1568117290900,
    "duration": 0,
    "pid": 14128,
    "index": 65
  },
  {
    "name": "Before Start in node_modules/_egg-core@4.17.3@egg-core/lib/egg.js:303:10",
    "start": 1568117290900,
    "end": 1568117290928,
    "duration": 28,
    "pid": 14128,
    "index": 66
  }
]