[
  {
    "name": "Application Start",
    "start": 1568113878530,
    "end": 1568113879716,
    "duration": 1186,
    "pid": 7616,
    "index": 0
  },
  {
    "name": "Load Plugin",
    "start": 1568113878537,
    "end": 1568113878561,
    "duration": 24,
    "pid": 7616,
    "index": 1
  },
  {
    "name": "Load Config",
    "start": 1568113878562,
    "end": 1568113878589,
    "duration": 27,
    "pid": 7616,
    "index": 2
  },
  {
    "name": "Require(0) config/config.default.js",
    "start": 1568113878563,
    "end": 1568113878563,
    "duration": 0,
    "pid": 7616,
    "index": 3
  },
  {
    "name": "Require(1) node_modules/_egg-session@3.1.0@egg-session/config/config.default.js",
    "start": 1568113878566,
    "end": 1568113878566,
    "duration": 0,
    "pid": 7616,
    "index": 4
  },
  {
    "name": "Require(2) node_modules/_egg-security@2.6.1@egg-security/config/config.default.js",
    "start": 1568113878567,
    "end": 1568113878567,
    "duration": 0,
    "pid": 7616,
    "index": 5
  },
  {
    "name": "Require(3) node_modules/_egg-jsonp@2.0.0@egg-jsonp/config/config.default.js",
    "start": 1568113878568,
    "end": 1568113878569,
    "duration": 1,
    "pid": 7616,
    "index": 6
  },
  {
    "name": "Require(4) node_modules/_egg-onerror@2.1.0@egg-onerror/config/config.default.js",
    "start": 1568113878569,
    "end": 1568113878570,
    "duration": 1,
    "pid": 7616,
    "index": 7
  },
  {
    "name": "Require(5) node_modules/_egg-i18n@2.1.1@egg-i18n/config/config.default.js",
    "start": 1568113878570,
    "end": 1568113878570,
    "duration": 0,
    "pid": 7616,
    "index": 8
  },
  {
    "name": "Require(6) node_modules/_egg-watcher@3.1.0@egg-watcher/config/config.default.js",
    "start": 1568113878571,
    "end": 1568113878572,
    "duration": 1,
    "pid": 7616,
    "index": 9
  },
  {
    "name": "Require(7) node_modules/_egg-schedule@3.6.4@egg-schedule/config/config.default.js",
    "start": 1568113878572,
    "end": 1568113878572,
    "duration": 0,
    "pid": 7616,
    "index": 10
  },
  {
    "name": "Require(8) node_modules/_egg-multipart@2.9.0@egg-multipart/config/config.default.js",
    "start": 1568113878573,
    "end": 1568113878574,
    "duration": 1,
    "pid": 7616,
    "index": 11
  },
  {
    "name": "Require(9) node_modules/_egg-development@2.4.3@egg-development/config/config.default.js",
    "start": 1568113878575,
    "end": 1568113878575,
    "duration": 0,
    "pid": 7616,
    "index": 12
  },
  {
    "name": "Require(10) node_modules/_egg-logrotator@3.1.0@egg-logrotator/config/config.default.js",
    "start": 1568113878576,
    "end": 1568113878576,
    "duration": 0,
    "pid": 7616,
    "index": 13
  },
  {
    "name": "Require(11) node_modules/_egg-static@2.2.0@egg-static/config/config.default.js",
    "start": 1568113878577,
    "end": 1568113878577,
    "duration": 0,
    "pid": 7616,
    "index": 14
  },
  {
    "name": "Require(12) node_modules/_egg-view@2.1.2@egg-view/config/config.default.js",
    "start": 1568113878578,
    "end": 1568113878578,
    "duration": 0,
    "pid": 7616,
    "index": 15
  },
  {
    "name": "Require(13) node_modules/_egg-sequelize@5.2.0@egg-sequelize/config/config.default.js",
    "start": 1568113878578,
    "end": 1568113878579,
    "duration": 1,
    "pid": 7616,
    "index": 16
  },
  {
    "name": "Require(14) node_modules/_egg@2.23.0@egg/config/config.default.js",
    "start": 1568113878579,
    "end": 1568113878580,
    "duration": 1,
    "pid": 7616,
    "index": 17
  },
  {
    "name": "Require(15) config/config.default.js",
    "start": 1568113878581,
    "end": 1568113878581,
    "duration": 0,
    "pid": 7616,
    "index": 18
  },
  {
    "name": "Require(16) node_modules/_egg-security@2.6.1@egg-security/config/config.local.js",
    "start": 1568113878582,
    "end": 1568113878583,
    "duration": 1,
    "pid": 7616,
    "index": 19
  },
  {
    "name": "Require(17) node_modules/_egg-watcher@3.1.0@egg-watcher/config/config.local.js",
    "start": 1568113878584,
    "end": 1568113878584,
    "duration": 0,
    "pid": 7616,
    "index": 20
  },
  {
    "name": "Require(18) node_modules/_egg-view@2.1.2@egg-view/config/config.local.js",
    "start": 1568113878587,
    "end": 1568113878587,
    "duration": 0,
    "pid": 7616,
    "index": 21
  },
  {
    "name": "Require(19) node_modules/_egg@2.23.0@egg/config/config.local.js",
    "start": 1568113878588,
    "end": 1568113878588,
    "duration": 0,
    "pid": 7616,
    "index": 22
  },
  {
    "name": "Load extend/application.js",
    "start": 1568113878591,
    "end": 1568113878610,
    "duration": 19,
    "pid": 7616,
    "index": 23
  },
  {
    "name": "Require(20) node_modules/_egg-session@3.1.0@egg-session/app/extend/application.js",
    "start": 1568113878591,
    "end": 1568113878592,
    "duration": 1,
    "pid": 7616,
    "index": 24
  },
  {
    "name": "Require(21) node_modules/_egg-security@2.6.1@egg-security/app/extend/application.js",
    "start": 1568113878593,
    "end": 1568113878594,
    "duration": 1,
    "pid": 7616,
    "index": 25
  },
  {
    "name": "Require(22) node_modules/_egg-jsonp@2.0.0@egg-jsonp/app/extend/application.js",
    "start": 1568113878595,
    "end": 1568113878598,
    "duration": 3,
    "pid": 7616,
    "index": 26
  },
  {
    "name": "Require(23) node_modules/_egg-logrotator@3.1.0@egg-logrotator/app/extend/application.js",
    "start": 1568113878600,
    "end": 1568113878603,
    "duration": 3,
    "pid": 7616,
    "index": 27
  },
  {
    "name": "Require(24) node_modules/_egg-view@2.1.2@egg-view/app/extend/application.js",
    "start": 1568113878604,
    "end": 1568113878606,
    "duration": 2,
    "pid": 7616,
    "index": 28
  },
  {
    "name": "Load extend/request.js",
    "start": 1568113878610,
    "end": 1568113878622,
    "duration": 12,
    "pid": 7616,
    "index": 29
  },
  {
    "name": "Require(25) node_modules/_egg@2.23.0@egg/app/extend/request.js",
    "start": 1568113878616,
    "end": 1568113878618,
    "duration": 2,
    "pid": 7616,
    "index": 30
  },
  {
    "name": "Load extend/response.js",
    "start": 1568113878622,
    "end": 1568113878633,
    "duration": 11,
    "pid": 7616,
    "index": 31
  },
  {
    "name": "Require(26) node_modules/_egg@2.23.0@egg/app/extend/response.js",
    "start": 1568113878625,
    "end": 1568113878629,
    "duration": 4,
    "pid": 7616,
    "index": 32
  },
  {
    "name": "Load extend/context.js",
    "start": 1568113878633,
    "end": 1568113878755,
    "duration": 122,
    "pid": 7616,
    "index": 33
  },
  {
    "name": "Require(27) node_modules/_egg-security@2.6.1@egg-security/app/extend/context.js",
    "start": 1568113878634,
    "end": 1568113878654,
    "duration": 20,
    "pid": 7616,
    "index": 34
  },
  {
    "name": "Require(28) node_modules/_egg-jsonp@2.0.0@egg-jsonp/app/extend/context.js",
    "start": 1568113878655,
    "end": 1568113878658,
    "duration": 3,
    "pid": 7616,
    "index": 35
  },
  {
    "name": "Require(29) node_modules/_egg-i18n@2.1.1@egg-i18n/app/extend/context.js",
    "start": 1568113878659,
    "end": 1568113878660,
    "duration": 1,
    "pid": 7616,
    "index": 36
  },
  {
    "name": "Require(30) node_modules/_egg-multipart@2.9.0@egg-multipart/app/extend/context.js",
    "start": 1568113878661,
    "end": 1568113878746,
    "duration": 85,
    "pid": 7616,
    "index": 37
  },
  {
    "name": "Require(31) node_modules/_egg-view@2.1.2@egg-view/app/extend/context.js",
    "start": 1568113878747,
    "end": 1568113878748,
    "duration": 1,
    "pid": 7616,
    "index": 38
  },
  {
    "name": "Require(32) node_modules/_egg@2.23.0@egg/app/extend/context.js",
    "start": 1568113878749,
    "end": 1568113878752,
    "duration": 3,
    "pid": 7616,
    "index": 39
  },
  {
    "name": "Load extend/helper.js",
    "start": 1568113878756,
    "end": 1568113878792,
    "duration": 36,
    "pid": 7616,
    "index": 40
  },
  {
    "name": "Require(33) node_modules/_egg-security@2.6.1@egg-security/app/extend/helper.js",
    "start": 1568113878756,
    "end": 1568113878785,
    "duration": 29,
    "pid": 7616,
    "index": 41
  },
  {
    "name": "Require(34) node_modules/_egg@2.23.0@egg/app/extend/helper.js",
    "start": 1568113878788,
    "end": 1568113878789,
    "duration": 1,
    "pid": 7616,
    "index": 42
  },
  {
    "name": "Load app.js",
    "start": 1568113878793,
    "end": 1568113878846,
    "duration": 53,
    "pid": 7616,
    "index": 43
  },
  {
    "name": "Require(35) node_modules/_egg-session@3.1.0@egg-session/app.js",
    "start": 1568113878793,
    "end": 1568113878794,
    "duration": 1,
    "pid": 7616,
    "index": 44
  },
  {
    "name": "Require(36) node_modules/_egg-security@2.6.1@egg-security/app.js",
    "start": 1568113878794,
    "end": 1568113878797,
    "duration": 3,
    "pid": 7616,
    "index": 45
  },
  {
    "name": "Require(37) node_modules/_egg-onerror@2.1.0@egg-onerror/app.js",
    "start": 1568113878798,
    "end": 1568113878814,
    "duration": 16,
    "pid": 7616,
    "index": 46
  },
  {
    "name": "Require(38) node_modules/_egg-i18n@2.1.1@egg-i18n/app.js",
    "start": 1568113878815,
    "end": 1568113878827,
    "duration": 12,
    "pid": 7616,
    "index": 47
  },
  {
    "name": "Require(39) node_modules/_egg-watcher@3.1.0@egg-watcher/app.js",
    "start": 1568113878827,
    "end": 1568113878833,
    "duration": 6,
    "pid": 7616,
    "index": 48
  },
  {
    "name": "Require(40) node_modules/_egg-schedule@3.6.4@egg-schedule/app.js",
    "start": 1568113878833,
    "end": 1568113878836,
    "duration": 3,
    "pid": 7616,
    "index": 49
  },
  {
    "name": "Require(41) node_modules/_egg-multipart@2.9.0@egg-multipart/app.js",
    "start": 1568113878837,
    "end": 1568113878841,
    "duration": 4,
    "pid": 7616,
    "index": 50
  },
  {
    "name": "Require(42) node_modules/_egg-development@2.4.3@egg-development/app.js",
    "start": 1568113878842,
    "end": 1568113878842,
    "duration": 0,
    "pid": 7616,
    "index": 51
  },
  {
    "name": "Require(43) node_modules/_egg-logrotator@3.1.0@egg-logrotator/app.js",
    "start": 1568113878843,
    "end": 1568113878843,
    "duration": 0,
    "pid": 7616,
    "index": 52
  },
  {
    "name": "Require(44) node_modules/_egg-static@2.2.0@egg-static/app.js",
    "start": 1568113878843,
    "end": 1568113878844,
    "duration": 1,
    "pid": 7616,
    "index": 53
  },
  {
    "name": "Require(45) node_modules/_egg-sequelize@5.2.0@egg-sequelize/app.js",
    "start": 1568113878845,
    "end": 1568113878845,
    "duration": 0,
    "pid": 7616,
    "index": 54
  },
  {
    "name": "Before Start in node_modules/_egg-watcher@3.1.0@egg-watcher/lib/init.js:15:14",
    "start": 1568113878863,
    "end": 1568113879680,
    "duration": 817,
    "pid": 7616,
    "index": 55
  },
  {
    "name": "Load \"Symbol(model)\" to Application",
    "start": 1568113879440,
    "end": 1568113879464,
    "duration": 24,
    "pid": 7616,
    "index": 56
  },
  {
    "name": "Before Start in node_modules/_egg-sequelize@5.2.0@egg-sequelize/lib/loader.js:39:7",
    "start": 1568113879471,
    "end": 1568113879716,
    "duration": 245,
    "pid": 7616,
    "index": 57
  },
  {
    "name": "Load Service",
    "start": 1568113879471,
    "end": 1568113879477,
    "duration": 6,
    "pid": 7616,
    "index": 58
  },
  {
    "name": "Load \"service\" to Context",
    "start": 1568113879472,
    "end": 1568113879477,
    "duration": 5,
    "pid": 7616,
    "index": 59
  },
  {
    "name": "Load Middleware",
    "start": 1568113879477,
    "end": 1568113879604,
    "duration": 127,
    "pid": 7616,
    "index": 60
  },
  {
    "name": "Load \"middlewares\" to Application",
    "start": 1568113879477,
    "end": 1568113879588,
    "duration": 111,
    "pid": 7616,
    "index": 61
  },
  {
    "name": "Load Controller",
    "start": 1568113879605,
    "end": 1568113879608,
    "duration": 3,
    "pid": 7616,
    "index": 62
  },
  {
    "name": "Load \"controller\" to Application",
    "start": 1568113879605,
    "end": 1568113879608,
    "duration": 3,
    "pid": 7616,
    "index": 63
  },
  {
    "name": "Load Router",
    "start": 1568113879608,
    "end": 1568113879611,
    "duration": 3,
    "pid": 7616,
    "index": 64
  },
  {
    "name": "Require(46) app/router.js",
    "start": 1568113879609,
    "end": 1568113879609,
    "duration": 0,
    "pid": 7616,
    "index": 65
  },
  {
    "name": "Before Start in node_modules/_egg-core@4.17.3@egg-core/lib/egg.js:303:10",
    "start": 1568113879609,
    "end": 1568113879631,
    "duration": 22,
    "pid": 7616,
    "index": 66
  }
]