[
  {
    "name": "Application Start",
    "start": 1568111631472,
    "end": 1568111632594,
    "duration": 1122,
    "pid": 10784,
    "index": 0
  },
  {
    "name": "Load Plugin",
    "start": 1568111631478,
    "end": 1568111631503,
    "duration": 25,
    "pid": 10784,
    "index": 1
  },
  {
    "name": "Load Config",
    "start": 1568111631503,
    "end": 1568111631538,
    "duration": 35,
    "pid": 10784,
    "index": 2
  },
  {
    "name": "Require(0) config/config.default.js",
    "start": 1568111631504,
    "end": 1568111631505,
    "duration": 1,
    "pid": 10784,
    "index": 3
  },
  {
    "name": "Require(1) node_modules/_egg-session@3.1.0@egg-session/config/config.default.js",
    "start": 1568111631507,
    "end": 1568111631507,
    "duration": 0,
    "pid": 10784,
    "index": 4
  },
  {
    "name": "Require(2) node_modules/_egg-security@2.6.1@egg-security/config/config.default.js",
    "start": 1568111631508,
    "end": 1568111631508,
    "duration": 0,
    "pid": 10784,
    "index": 5
  },
  {
    "name": "Require(3) node_modules/_egg-jsonp@2.0.0@egg-jsonp/config/config.default.js",
    "start": 1568111631510,
    "end": 1568111631510,
    "duration": 0,
    "pid": 10784,
    "index": 6
  },
  {
    "name": "Require(4) node_modules/_egg-onerror@2.1.0@egg-onerror/config/config.default.js",
    "start": 1568111631511,
    "end": 1568111631511,
    "duration": 0,
    "pid": 10784,
    "index": 7
  },
  {
    "name": "Require(5) node_modules/_egg-i18n@2.1.1@egg-i18n/config/config.default.js",
    "start": 1568111631512,
    "end": 1568111631512,
    "duration": 0,
    "pid": 10784,
    "index": 8
  },
  {
    "name": "Require(6) node_modules/_egg-watcher@3.1.0@egg-watcher/config/config.default.js",
    "start": 1568111631513,
    "end": 1568111631513,
    "duration": 0,
    "pid": 10784,
    "index": 9
  },
  {
    "name": "Require(7) node_modules/_egg-schedule@3.6.4@egg-schedule/config/config.default.js",
    "start": 1568111631514,
    "end": 1568111631514,
    "duration": 0,
    "pid": 10784,
    "index": 10
  },
  {
    "name": "Require(8) node_modules/_egg-multipart@2.9.0@egg-multipart/config/config.default.js",
    "start": 1568111631515,
    "end": 1568111631516,
    "duration": 1,
    "pid": 10784,
    "index": 11
  },
  {
    "name": "Require(9) node_modules/_egg-development@2.4.3@egg-development/config/config.default.js",
    "start": 1568111631520,
    "end": 1568111631521,
    "duration": 1,
    "pid": 10784,
    "index": 12
  },
  {
    "name": "Require(10) node_modules/_egg-logrotator@3.1.0@egg-logrotator/config/config.default.js",
    "start": 1568111631522,
    "end": 1568111631523,
    "duration": 1,
    "pid": 10784,
    "index": 13
  },
  {
    "name": "Require(11) node_modules/_egg-static@2.2.0@egg-static/config/config.default.js",
    "start": 1568111631525,
    "end": 1568111631525,
    "duration": 0,
    "pid": 10784,
    "index": 14
  },
  {
    "name": "Require(12) node_modules/_egg-view@2.1.2@egg-view/config/config.default.js",
    "start": 1568111631527,
    "end": 1568111631528,
    "duration": 1,
    "pid": 10784,
    "index": 15
  },
  {
    "name": "Require(13) node_modules/_egg-sequelize@5.2.0@egg-sequelize/config/config.default.js",
    "start": 1568111631529,
    "end": 1568111631529,
    "duration": 0,
    "pid": 10784,
    "index": 16
  },
  {
    "name": "Require(14) node_modules/_egg@2.23.0@egg/config/config.default.js",
    "start": 1568111631530,
    "end": 1568111631530,
    "duration": 0,
    "pid": 10784,
    "index": 17
  },
  {
    "name": "Require(15) config/config.default.js",
    "start": 1568111631532,
    "end": 1568111631532,
    "duration": 0,
    "pid": 10784,
    "index": 18
  },
  {
    "name": "Require(16) node_modules/_egg-security@2.6.1@egg-security/config/config.local.js",
    "start": 1568111631533,
    "end": 1568111631533,
    "duration": 0,
    "pid": 10784,
    "index": 19
  },
  {
    "name": "Require(17) node_modules/_egg-watcher@3.1.0@egg-watcher/config/config.local.js",
    "start": 1568111631534,
    "end": 1568111631535,
    "duration": 1,
    "pid": 10784,
    "index": 20
  },
  {
    "name": "Require(18) node_modules/_egg-view@2.1.2@egg-view/config/config.local.js",
    "start": 1568111631536,
    "end": 1568111631537,
    "duration": 1,
    "pid": 10784,
    "index": 21
  },
  {
    "name": "Require(19) node_modules/_egg@2.23.0@egg/config/config.local.js",
    "start": 1568111631537,
    "end": 1568111631538,
    "duration": 1,
    "pid": 10784,
    "index": 22
  },
  {
    "name": "Load extend/application.js",
    "start": 1568111631541,
    "end": 1568111631562,
    "duration": 21,
    "pid": 10784,
    "index": 23
  },
  {
    "name": "Require(20) node_modules/_egg-session@3.1.0@egg-session/app/extend/application.js",
    "start": 1568111631542,
    "end": 1568111631542,
    "duration": 0,
    "pid": 10784,
    "index": 24
  },
  {
    "name": "Require(21) node_modules/_egg-security@2.6.1@egg-security/app/extend/application.js",
    "start": 1568111631543,
    "end": 1568111631545,
    "duration": 2,
    "pid": 10784,
    "index": 25
  },
  {
    "name": "Require(22) node_modules/_egg-jsonp@2.0.0@egg-jsonp/app/extend/application.js",
    "start": 1568111631545,
    "end": 1568111631549,
    "duration": 4,
    "pid": 10784,
    "index": 26
  },
  {
    "name": "Require(23) node_modules/_egg-logrotator@3.1.0@egg-logrotator/app/extend/application.js",
    "start": 1568111631551,
    "end": 1568111631554,
    "duration": 3,
    "pid": 10784,
    "index": 27
  },
  {
    "name": "Require(24) node_modules/_egg-view@2.1.2@egg-view/app/extend/application.js",
    "start": 1568111631555,
    "end": 1568111631558,
    "duration": 3,
    "pid": 10784,
    "index": 28
  },
  {
    "name": "Load extend/request.js",
    "start": 1568111631562,
    "end": 1568111631571,
    "duration": 9,
    "pid": 10784,
    "index": 29
  },
  {
    "name": "Require(25) node_modules/_egg@2.23.0@egg/app/extend/request.js",
    "start": 1568111631565,
    "end": 1568111631567,
    "duration": 2,
    "pid": 10784,
    "index": 30
  },
  {
    "name": "Load extend/response.js",
    "start": 1568111631571,
    "end": 1568111631582,
    "duration": 11,
    "pid": 10784,
    "index": 31
  },
  {
    "name": "Require(26) node_modules/_egg@2.23.0@egg/app/extend/response.js",
    "start": 1568111631574,
    "end": 1568111631578,
    "duration": 4,
    "pid": 10784,
    "index": 32
  },
  {
    "name": "Load extend/context.js",
    "start": 1568111631582,
    "end": 1568111631689,
    "duration": 107,
    "pid": 10784,
    "index": 33
  },
  {
    "name": "Require(27) node_modules/_egg-security@2.6.1@egg-security/app/extend/context.js",
    "start": 1568111631583,
    "end": 1568111631602,
    "duration": 19,
    "pid": 10784,
    "index": 34
  },
  {
    "name": "Require(28) node_modules/_egg-jsonp@2.0.0@egg-jsonp/app/extend/context.js",
    "start": 1568111631603,
    "end": 1568111631606,
    "duration": 3,
    "pid": 10784,
    "index": 35
  },
  {
    "name": "Require(29) node_modules/_egg-i18n@2.1.1@egg-i18n/app/extend/context.js",
    "start": 1568111631606,
    "end": 1568111631607,
    "duration": 1,
    "pid": 10784,
    "index": 36
  },
  {
    "name": "Require(30) node_modules/_egg-multipart@2.9.0@egg-multipart/app/extend/context.js",
    "start": 1568111631608,
    "end": 1568111631679,
    "duration": 71,
    "pid": 10784,
    "index": 37
  },
  {
    "name": "Require(31) node_modules/_egg-view@2.1.2@egg-view/app/extend/context.js",
    "start": 1568111631680,
    "end": 1568111631682,
    "duration": 2,
    "pid": 10784,
    "index": 38
  },
  {
    "name": "Require(32) node_modules/_egg@2.23.0@egg/app/extend/context.js",
    "start": 1568111631682,
    "end": 1568111631686,
    "duration": 4,
    "pid": 10784,
    "index": 39
  },
  {
    "name": "Load extend/helper.js",
    "start": 1568111631689,
    "end": 1568111631724,
    "duration": 35,
    "pid": 10784,
    "index": 40
  },
  {
    "name": "Require(33) node_modules/_egg-security@2.6.1@egg-security/app/extend/helper.js",
    "start": 1568111631690,
    "end": 1568111631717,
    "duration": 27,
    "pid": 10784,
    "index": 41
  },
  {
    "name": "Require(34) node_modules/_egg@2.23.0@egg/app/extend/helper.js",
    "start": 1568111631720,
    "end": 1568111631720,
    "duration": 0,
    "pid": 10784,
    "index": 42
  },
  {
    "name": "Load app.js",
    "start": 1568111631724,
    "end": 1568111631778,
    "duration": 54,
    "pid": 10784,
    "index": 43
  },
  {
    "name": "Require(35) node_modules/_egg-session@3.1.0@egg-session/app.js",
    "start": 1568111631725,
    "end": 1568111631725,
    "duration": 0,
    "pid": 10784,
    "index": 44
  },
  {
    "name": "Require(36) node_modules/_egg-security@2.6.1@egg-security/app.js",
    "start": 1568111631725,
    "end": 1568111631728,
    "duration": 3,
    "pid": 10784,
    "index": 45
  },
  {
    "name": "Require(37) node_modules/_egg-onerror@2.1.0@egg-onerror/app.js",
    "start": 1568111631729,
    "end": 1568111631745,
    "duration": 16,
    "pid": 10784,
    "index": 46
  },
  {
    "name": "Require(38) node_modules/_egg-i18n@2.1.1@egg-i18n/app.js",
    "start": 1568111631745,
    "end": 1568111631759,
    "duration": 14,
    "pid": 10784,
    "index": 47
  },
  {
    "name": "Require(39) node_modules/_egg-watcher@3.1.0@egg-watcher/app.js",
    "start": 1568111631759,
    "end": 1568111631766,
    "duration": 7,
    "pid": 10784,
    "index": 48
  },
  {
    "name": "Require(40) node_modules/_egg-schedule@3.6.4@egg-schedule/app.js",
    "start": 1568111631766,
    "end": 1568111631769,
    "duration": 3,
    "pid": 10784,
    "index": 49
  },
  {
    "name": "Require(41) node_modules/_egg-multipart@2.9.0@egg-multipart/app.js",
    "start": 1568111631769,
    "end": 1568111631773,
    "duration": 4,
    "pid": 10784,
    "index": 50
  },
  {
    "name": "Require(42) node_modules/_egg-development@2.4.3@egg-development/app.js",
    "start": 1568111631774,
    "end": 1568111631774,
    "duration": 0,
    "pid": 10784,
    "index": 51
  },
  {
    "name": "Require(43) node_modules/_egg-logrotator@3.1.0@egg-logrotator/app.js",
    "start": 1568111631775,
    "end": 1568111631775,
    "duration": 0,
    "pid": 10784,
    "index": 52
  },
  {
    "name": "Require(44) node_modules/_egg-static@2.2.0@egg-static/app.js",
    "start": 1568111631775,
    "end": 1568111631776,
    "duration": 1,
    "pid": 10784,
    "index": 53
  },
  {
    "name": "Require(45) node_modules/_egg-sequelize@5.2.0@egg-sequelize/app.js",
    "start": 1568111631776,
    "end": 1568111631777,
    "duration": 1,
    "pid": 10784,
    "index": 54
  },
  {
    "name": "Before Start in node_modules/_egg-watcher@3.1.0@egg-watcher/lib/init.js:15:14",
    "start": 1568111631794,
    "end": 1568111632558,
    "duration": 764,
    "pid": 10784,
    "index": 55
  },
  {
    "name": "Load \"Symbol(model)\" to Application",
    "start": 1568111632304,
    "end": 1568111632326,
    "duration": 22,
    "pid": 10784,
    "index": 56
  },
  {
    "name": "Before Start in node_modules/_egg-sequelize@5.2.0@egg-sequelize/lib/loader.js:39:7",
    "start": 1568111632333,
    "end": 1568111632593,
    "duration": 260,
    "pid": 10784,
    "index": 57
  },
  {
    "name": "Load Service",
    "start": 1568111632333,
    "end": 1568111632341,
    "duration": 8,
    "pid": 10784,
    "index": 58
  },
  {
    "name": "Load \"service\" to Context",
    "start": 1568111632334,
    "end": 1568111632341,
    "duration": 7,
    "pid": 10784,
    "index": 59
  },
  {
    "name": "Load Middleware",
    "start": 1568111632341,
    "end": 1568111632479,
    "duration": 138,
    "pid": 10784,
    "index": 60
  },
  {
    "name": "Load \"middlewares\" to Application",
    "start": 1568111632341,
    "end": 1568111632462,
    "duration": 121,
    "pid": 10784,
    "index": 61
  },
  {
    "name": "Load Controller",
    "start": 1568111632479,
    "end": 1568111632483,
    "duration": 4,
    "pid": 10784,
    "index": 62
  },
  {
    "name": "Load \"controller\" to Application",
    "start": 1568111632479,
    "end": 1568111632483,
    "duration": 4,
    "pid": 10784,
    "index": 63
  },
  {
    "name": "Load Router",
    "start": 1568111632483,
    "end": 1568111632487,
    "duration": 4,
    "pid": 10784,
    "index": 64
  },
  {
    "name": "Require(46) app/router.js",
    "start": 1568111632484,
    "end": 1568111632484,
    "duration": 0,
    "pid": 10784,
    "index": 65
  },
  {
    "name": "Before Start in node_modules/_egg-core@4.17.3@egg-core/lib/egg.js:303:10",
    "start": 1568111632485,
    "end": 1568111632510,
    "duration": 25,
    "pid": 10784,
    "index": 66
  }
]