[
  {
    "name": "Application Start",
    "start": 1568083892405,
    "end": 1568083893747,
    "duration": 1342,
    "pid": 4792,
    "index": 0
  },
  {
    "name": "Load Plugin",
    "start": 1568083892411,
    "end": 1568083892436,
    "duration": 25,
    "pid": 4792,
    "index": 1
  },
  {
    "name": "Load Config",
    "start": 1568083892436,
    "end": 1568083892465,
    "duration": 29,
    "pid": 4792,
    "index": 2
  },
  {
    "name": "Require(0) config/config.default.js",
    "start": 1568083892437,
    "end": 1568083892437,
    "duration": 0,
    "pid": 4792,
    "index": 3
  },
  {
    "name": "Require(1) node_modules/_egg-session@3.1.0@egg-session/config/config.default.js",
    "start": 1568083892440,
    "end": 1568083892440,
    "duration": 0,
    "pid": 4792,
    "index": 4
  },
  {
    "name": "Require(2) node_modules/_egg-security@2.6.1@egg-security/config/config.default.js",
    "start": 1568083892441,
    "end": 1568083892441,
    "duration": 0,
    "pid": 4792,
    "index": 5
  },
  {
    "name": "Require(3) node_modules/_egg-jsonp@2.0.0@egg-jsonp/config/config.default.js",
    "start": 1568083892443,
    "end": 1568083892443,
    "duration": 0,
    "pid": 4792,
    "index": 6
  },
  {
    "name": "Require(4) node_modules/_egg-onerror@2.1.0@egg-onerror/config/config.default.js",
    "start": 1568083892444,
    "end": 1568083892445,
    "duration": 1,
    "pid": 4792,
    "index": 7
  },
  {
    "name": "Require(5) node_modules/_egg-i18n@2.1.1@egg-i18n/config/config.default.js",
    "start": 1568083892445,
    "end": 1568083892446,
    "duration": 1,
    "pid": 4792,
    "index": 8
  },
  {
    "name": "Require(6) node_modules/_egg-watcher@3.1.0@egg-watcher/config/config.default.js",
    "start": 1568083892447,
    "end": 1568083892447,
    "duration": 0,
    "pid": 4792,
    "index": 9
  },
  {
    "name": "Require(7) node_modules/_egg-schedule@3.6.4@egg-schedule/config/config.default.js",
    "start": 1568083892448,
    "end": 1568083892448,
    "duration": 0,
    "pid": 4792,
    "index": 10
  },
  {
    "name": "Require(8) node_modules/_egg-multipart@2.9.0@egg-multipart/config/config.default.js",
    "start": 1568083892449,
    "end": 1568083892449,
    "duration": 0,
    "pid": 4792,
    "index": 11
  },
  {
    "name": "Require(9) node_modules/_egg-development@2.4.3@egg-development/config/config.default.js",
    "start": 1568083892450,
    "end": 1568083892450,
    "duration": 0,
    "pid": 4792,
    "index": 12
  },
  {
    "name": "Require(10) node_modules/_egg-logrotator@3.1.0@egg-logrotator/config/config.default.js",
    "start": 1568083892451,
    "end": 1568083892451,
    "duration": 0,
    "pid": 4792,
    "index": 13
  },
  {
    "name": "Require(11) node_modules/_egg-static@2.2.0@egg-static/config/config.default.js",
    "start": 1568083892452,
    "end": 1568083892452,
    "duration": 0,
    "pid": 4792,
    "index": 14
  },
  {
    "name": "Require(12) node_modules/_egg-view@2.1.2@egg-view/config/config.default.js",
    "start": 1568083892453,
    "end": 1568083892453,
    "duration": 0,
    "pid": 4792,
    "index": 15
  },
  {
    "name": "Require(13) node_modules/_egg-sequelize@5.2.0@egg-sequelize/config/config.default.js",
    "start": 1568083892454,
    "end": 1568083892454,
    "duration": 0,
    "pid": 4792,
    "index": 16
  },
  {
    "name": "Require(14) node_modules/_egg@2.23.0@egg/config/config.default.js",
    "start": 1568083892455,
    "end": 1568083892456,
    "duration": 1,
    "pid": 4792,
    "index": 17
  },
  {
    "name": "Require(15) config/config.default.js",
    "start": 1568083892457,
    "end": 1568083892457,
    "duration": 0,
    "pid": 4792,
    "index": 18
  },
  {
    "name": "Require(16) node_modules/_egg-security@2.6.1@egg-security/config/config.local.js",
    "start": 1568083892458,
    "end": 1568083892459,
    "duration": 1,
    "pid": 4792,
    "index": 19
  },
  {
    "name": "Require(17) node_modules/_egg-watcher@3.1.0@egg-watcher/config/config.local.js",
    "start": 1568083892460,
    "end": 1568083892460,
    "duration": 0,
    "pid": 4792,
    "index": 20
  },
  {
    "name": "Require(18) node_modules/_egg-view@2.1.2@egg-view/config/config.local.js",
    "start": 1568083892462,
    "end": 1568083892463,
    "duration": 1,
    "pid": 4792,
    "index": 21
  },
  {
    "name": "Require(19) node_modules/_egg@2.23.0@egg/config/config.local.js",
    "start": 1568083892464,
    "end": 1568083892464,
    "duration": 0,
    "pid": 4792,
    "index": 22
  },
  {
    "name": "Load extend/application.js",
    "start": 1568083892466,
    "end": 1568083892488,
    "duration": 22,
    "pid": 4792,
    "index": 23
  },
  {
    "name": "Require(20) node_modules/_egg-session@3.1.0@egg-session/app/extend/application.js",
    "start": 1568083892467,
    "end": 1568083892468,
    "duration": 1,
    "pid": 4792,
    "index": 24
  },
  {
    "name": "Require(21) node_modules/_egg-security@2.6.1@egg-security/app/extend/application.js",
    "start": 1568083892468,
    "end": 1568083892470,
    "duration": 2,
    "pid": 4792,
    "index": 25
  },
  {
    "name": "Require(22) node_modules/_egg-jsonp@2.0.0@egg-jsonp/app/extend/application.js",
    "start": 1568083892470,
    "end": 1568083892473,
    "duration": 3,
    "pid": 4792,
    "index": 26
  },
  {
    "name": "Require(23) node_modules/_egg-logrotator@3.1.0@egg-logrotator/app/extend/application.js",
    "start": 1568083892475,
    "end": 1568083892479,
    "duration": 4,
    "pid": 4792,
    "index": 27
  },
  {
    "name": "Require(24) node_modules/_egg-view@2.1.2@egg-view/app/extend/application.js",
    "start": 1568083892480,
    "end": 1568083892483,
    "duration": 3,
    "pid": 4792,
    "index": 28
  },
  {
    "name": "Load extend/request.js",
    "start": 1568083892488,
    "end": 1568083892500,
    "duration": 12,
    "pid": 4792,
    "index": 29
  },
  {
    "name": "Require(25) node_modules/_egg@2.23.0@egg/app/extend/request.js",
    "start": 1568083892493,
    "end": 1568083892496,
    "duration": 3,
    "pid": 4792,
    "index": 30
  },
  {
    "name": "Load extend/response.js",
    "start": 1568083892500,
    "end": 1568083892512,
    "duration": 12,
    "pid": 4792,
    "index": 31
  },
  {
    "name": "Require(26) node_modules/_egg@2.23.0@egg/app/extend/response.js",
    "start": 1568083892503,
    "end": 1568083892508,
    "duration": 5,
    "pid": 4792,
    "index": 32
  },
  {
    "name": "Load extend/context.js",
    "start": 1568083892512,
    "end": 1568083892629,
    "duration": 117,
    "pid": 4792,
    "index": 33
  },
  {
    "name": "Require(27) node_modules/_egg-security@2.6.1@egg-security/app/extend/context.js",
    "start": 1568083892513,
    "end": 1568083892535,
    "duration": 22,
    "pid": 4792,
    "index": 34
  },
  {
    "name": "Require(28) node_modules/_egg-jsonp@2.0.0@egg-jsonp/app/extend/context.js",
    "start": 1568083892535,
    "end": 1568083892538,
    "duration": 3,
    "pid": 4792,
    "index": 35
  },
  {
    "name": "Require(29) node_modules/_egg-i18n@2.1.1@egg-i18n/app/extend/context.js",
    "start": 1568083892539,
    "end": 1568083892540,
    "duration": 1,
    "pid": 4792,
    "index": 36
  },
  {
    "name": "Require(30) node_modules/_egg-multipart@2.9.0@egg-multipart/app/extend/context.js",
    "start": 1568083892542,
    "end": 1568083892620,
    "duration": 78,
    "pid": 4792,
    "index": 37
  },
  {
    "name": "Require(31) node_modules/_egg-view@2.1.2@egg-view/app/extend/context.js",
    "start": 1568083892621,
    "end": 1568083892622,
    "duration": 1,
    "pid": 4792,
    "index": 38
  },
  {
    "name": "Require(32) node_modules/_egg@2.23.0@egg/app/extend/context.js",
    "start": 1568083892623,
    "end": 1568083892626,
    "duration": 3,
    "pid": 4792,
    "index": 39
  },
  {
    "name": "Load extend/helper.js",
    "start": 1568083892629,
    "end": 1568083892663,
    "duration": 34,
    "pid": 4792,
    "index": 40
  },
  {
    "name": "Require(33) node_modules/_egg-security@2.6.1@egg-security/app/extend/helper.js",
    "start": 1568083892630,
    "end": 1568083892657,
    "duration": 27,
    "pid": 4792,
    "index": 41
  },
  {
    "name": "Require(34) node_modules/_egg@2.23.0@egg/app/extend/helper.js",
    "start": 1568083892659,
    "end": 1568083892660,
    "duration": 1,
    "pid": 4792,
    "index": 42
  },
  {
    "name": "Load app.js",
    "start": 1568083892664,
    "end": 1568083892724,
    "duration": 60,
    "pid": 4792,
    "index": 43
  },
  {
    "name": "Require(35) node_modules/_egg-session@3.1.0@egg-session/app.js",
    "start": 1568083892664,
    "end": 1568083892664,
    "duration": 0,
    "pid": 4792,
    "index": 44
  },
  {
    "name": "Require(36) node_modules/_egg-security@2.6.1@egg-security/app.js",
    "start": 1568083892665,
    "end": 1568083892668,
    "duration": 3,
    "pid": 4792,
    "index": 45
  },
  {
    "name": "Require(37) node_modules/_egg-onerror@2.1.0@egg-onerror/app.js",
    "start": 1568083892669,
    "end": 1568083892684,
    "duration": 15,
    "pid": 4792,
    "index": 46
  },
  {
    "name": "Require(38) node_modules/_egg-i18n@2.1.1@egg-i18n/app.js",
    "start": 1568083892684,
    "end": 1568083892702,
    "duration": 18,
    "pid": 4792,
    "index": 47
  },
  {
    "name": "Require(39) node_modules/_egg-watcher@3.1.0@egg-watcher/app.js",
    "start": 1568083892703,
    "end": 1568083892709,
    "duration": 6,
    "pid": 4792,
    "index": 48
  },
  {
    "name": "Require(40) node_modules/_egg-schedule@3.6.4@egg-schedule/app.js",
    "start": 1568083892710,
    "end": 1568083892714,
    "duration": 4,
    "pid": 4792,
    "index": 49
  },
  {
    "name": "Require(41) node_modules/_egg-multipart@2.9.0@egg-multipart/app.js",
    "start": 1568083892714,
    "end": 1568083892719,
    "duration": 5,
    "pid": 4792,
    "index": 50
  },
  {
    "name": "Require(42) node_modules/_egg-development@2.4.3@egg-development/app.js",
    "start": 1568083892720,
    "end": 1568083892720,
    "duration": 0,
    "pid": 4792,
    "index": 51
  },
  {
    "name": "Require(43) node_modules/_egg-logrotator@3.1.0@egg-logrotator/app.js",
    "start": 1568083892720,
    "end": 1568083892721,
    "duration": 1,
    "pid": 4792,
    "index": 52
  },
  {
    "name": "Require(44) node_modules/_egg-static@2.2.0@egg-static/app.js",
    "start": 1568083892721,
    "end": 1568083892721,
    "duration": 0,
    "pid": 4792,
    "index": 53
  },
  {
    "name": "Require(45) node_modules/_egg-sequelize@5.2.0@egg-sequelize/app.js",
    "start": 1568083892722,
    "end": 1568083892723,
    "duration": 1,
    "pid": 4792,
    "index": 54
  },
  {
    "name": "Before Start in node_modules/_egg-watcher@3.1.0@egg-watcher/lib/init.js:15:14",
    "start": 1568083892744,
    "end": 1568083893709,
    "duration": 965,
    "pid": 4792,
    "index": 55
  },
  {
    "name": "Load \"Symbol(model)\" to Application",
    "start": 1568083893404,
    "end": 1568083893420,
    "duration": 16,
    "pid": 4792,
    "index": 56
  },
  {
    "name": "Before Start in node_modules/_egg-sequelize@5.2.0@egg-sequelize/lib/loader.js:39:7",
    "start": 1568083893420,
    "end": 1568083893747,
    "duration": 327,
    "pid": 4792,
    "index": 57
  },
  {
    "name": "Load Service",
    "start": 1568083893421,
    "end": 1568083893427,
    "duration": 6,
    "pid": 4792,
    "index": 58
  },
  {
    "name": "Load \"service\" to Context",
    "start": 1568083893421,
    "end": 1568083893427,
    "duration": 6,
    "pid": 4792,
    "index": 59
  },
  {
    "name": "Load Middleware",
    "start": 1568083893427,
    "end": 1568083893595,
    "duration": 168,
    "pid": 4792,
    "index": 60
  },
  {
    "name": "Load \"middlewares\" to Application",
    "start": 1568083893428,
    "end": 1568083893574,
    "duration": 146,
    "pid": 4792,
    "index": 61
  },
  {
    "name": "Load Controller",
    "start": 1568083893595,
    "end": 1568083893598,
    "duration": 3,
    "pid": 4792,
    "index": 62
  },
  {
    "name": "Load \"controller\" to Application",
    "start": 1568083893595,
    "end": 1568083893598,
    "duration": 3,
    "pid": 4792,
    "index": 63
  },
  {
    "name": "Load Router",
    "start": 1568083893598,
    "end": 1568083893602,
    "duration": 4,
    "pid": 4792,
    "index": 64
  },
  {
    "name": "Require(46) app/router.js",
    "start": 1568083893598,
    "end": 1568083893598,
    "duration": 0,
    "pid": 4792,
    "index": 65
  },
  {
    "name": "Before Start in node_modules/_egg-core@4.17.3@egg-core/lib/egg.js:303:10",
    "start": 1568083893599,
    "end": 1568083893629,
    "duration": 30,
    "pid": 4792,
    "index": 66
  }
]