[
  {
    "name": "Application Start",
    "start": 1568113801889,
    "end": 1568113803249,
    "duration": 1360,
    "pid": 13980,
    "index": 0
  },
  {
    "name": "Load Plugin",
    "start": 1568113801897,
    "end": 1568113801932,
    "duration": 35,
    "pid": 13980,
    "index": 1
  },
  {
    "name": "Load Config",
    "start": 1568113801932,
    "end": 1568113801972,
    "duration": 40,
    "pid": 13980,
    "index": 2
  },
  {
    "name": "Require(0) config/config.default.js",
    "start": 1568113801934,
    "end": 1568113801935,
    "duration": 1,
    "pid": 13980,
    "index": 3
  },
  {
    "name": "Require(1) node_modules/_egg-session@3.1.0@egg-session/config/config.default.js",
    "start": 1568113801938,
    "end": 1568113801938,
    "duration": 0,
    "pid": 13980,
    "index": 4
  },
  {
    "name": "Require(2) node_modules/_egg-security@2.6.1@egg-security/config/config.default.js",
    "start": 1568113801939,
    "end": 1568113801940,
    "duration": 1,
    "pid": 13980,
    "index": 5
  },
  {
    "name": "Require(3) node_modules/_egg-jsonp@2.0.0@egg-jsonp/config/config.default.js",
    "start": 1568113801942,
    "end": 1568113801943,
    "duration": 1,
    "pid": 13980,
    "index": 6
  },
  {
    "name": "Require(4) node_modules/_egg-onerror@2.1.0@egg-onerror/config/config.default.js",
    "start": 1568113801944,
    "end": 1568113801944,
    "duration": 0,
    "pid": 13980,
    "index": 7
  },
  {
    "name": "Require(5) node_modules/_egg-i18n@2.1.1@egg-i18n/config/config.default.js",
    "start": 1568113801945,
    "end": 1568113801946,
    "duration": 1,
    "pid": 13980,
    "index": 8
  },
  {
    "name": "Require(6) node_modules/_egg-watcher@3.1.0@egg-watcher/config/config.default.js",
    "start": 1568113801947,
    "end": 1568113801948,
    "duration": 1,
    "pid": 13980,
    "index": 9
  },
  {
    "name": "Require(7) node_modules/_egg-schedule@3.6.4@egg-schedule/config/config.default.js",
    "start": 1568113801949,
    "end": 1568113801949,
    "duration": 0,
    "pid": 13980,
    "index": 10
  },
  {
    "name": "Require(8) node_modules/_egg-multipart@2.9.0@egg-multipart/config/config.default.js",
    "start": 1568113801950,
    "end": 1568113801951,
    "duration": 1,
    "pid": 13980,
    "index": 11
  },
  {
    "name": "Require(9) node_modules/_egg-development@2.4.3@egg-development/config/config.default.js",
    "start": 1568113801953,
    "end": 1568113801954,
    "duration": 1,
    "pid": 13980,
    "index": 12
  },
  {
    "name": "Require(10) node_modules/_egg-logrotator@3.1.0@egg-logrotator/config/config.default.js",
    "start": 1568113801955,
    "end": 1568113801955,
    "duration": 0,
    "pid": 13980,
    "index": 13
  },
  {
    "name": "Require(11) node_modules/_egg-static@2.2.0@egg-static/config/config.default.js",
    "start": 1568113801956,
    "end": 1568113801957,
    "duration": 1,
    "pid": 13980,
    "index": 14
  },
  {
    "name": "Require(12) node_modules/_egg-view@2.1.2@egg-view/config/config.default.js",
    "start": 1568113801958,
    "end": 1568113801959,
    "duration": 1,
    "pid": 13980,
    "index": 15
  },
  {
    "name": "Require(13) node_modules/_egg-sequelize@5.2.0@egg-sequelize/config/config.default.js",
    "start": 1568113801960,
    "end": 1568113801961,
    "duration": 1,
    "pid": 13980,
    "index": 16
  },
  {
    "name": "Require(14) node_modules/_egg@2.23.0@egg/config/config.default.js",
    "start": 1568113801962,
    "end": 1568113801962,
    "duration": 0,
    "pid": 13980,
    "index": 17
  },
  {
    "name": "Require(15) config/config.default.js",
    "start": 1568113801964,
    "end": 1568113801964,
    "duration": 0,
    "pid": 13980,
    "index": 18
  },
  {
    "name": "Require(16) node_modules/_egg-security@2.6.1@egg-security/config/config.local.js",
    "start": 1568113801965,
    "end": 1568113801965,
    "duration": 0,
    "pid": 13980,
    "index": 19
  },
  {
    "name": "Require(17) node_modules/_egg-watcher@3.1.0@egg-watcher/config/config.local.js",
    "start": 1568113801967,
    "end": 1568113801967,
    "duration": 0,
    "pid": 13980,
    "index": 20
  },
  {
    "name": "Require(18) node_modules/_egg-view@2.1.2@egg-view/config/config.local.js",
    "start": 1568113801970,
    "end": 1568113801971,
    "duration": 1,
    "pid": 13980,
    "index": 21
  },
  {
    "name": "Require(19) node_modules/_egg@2.23.0@egg/config/config.local.js",
    "start": 1568113801972,
    "end": 1568113801972,
    "duration": 0,
    "pid": 13980,
    "index": 22
  },
  {
    "name": "Load extend/application.js",
    "start": 1568113801974,
    "end": 1568113801998,
    "duration": 24,
    "pid": 13980,
    "index": 23
  },
  {
    "name": "Require(20) node_modules/_egg-session@3.1.0@egg-session/app/extend/application.js",
    "start": 1568113801975,
    "end": 1568113801976,
    "duration": 1,
    "pid": 13980,
    "index": 24
  },
  {
    "name": "Require(21) node_modules/_egg-security@2.6.1@egg-security/app/extend/application.js",
    "start": 1568113801977,
    "end": 1568113801979,
    "duration": 2,
    "pid": 13980,
    "index": 25
  },
  {
    "name": "Require(22) node_modules/_egg-jsonp@2.0.0@egg-jsonp/app/extend/application.js",
    "start": 1568113801979,
    "end": 1568113801982,
    "duration": 3,
    "pid": 13980,
    "index": 26
  },
  {
    "name": "Require(23) node_modules/_egg-logrotator@3.1.0@egg-logrotator/app/extend/application.js",
    "start": 1568113801984,
    "end": 1568113801990,
    "duration": 6,
    "pid": 13980,
    "index": 27
  },
  {
    "name": "Require(24) node_modules/_egg-view@2.1.2@egg-view/app/extend/application.js",
    "start": 1568113801991,
    "end": 1568113801994,
    "duration": 3,
    "pid": 13980,
    "index": 28
  },
  {
    "name": "Load extend/request.js",
    "start": 1568113801998,
    "end": 1568113802010,
    "duration": 12,
    "pid": 13980,
    "index": 29
  },
  {
    "name": "Require(25) node_modules/_egg@2.23.0@egg/app/extend/request.js",
    "start": 1568113802003,
    "end": 1568113802006,
    "duration": 3,
    "pid": 13980,
    "index": 30
  },
  {
    "name": "Load extend/response.js",
    "start": 1568113802010,
    "end": 1568113802023,
    "duration": 13,
    "pid": 13980,
    "index": 31
  },
  {
    "name": "Require(26) node_modules/_egg@2.23.0@egg/app/extend/response.js",
    "start": 1568113802014,
    "end": 1568113802019,
    "duration": 5,
    "pid": 13980,
    "index": 32
  },
  {
    "name": "Load extend/context.js",
    "start": 1568113802023,
    "end": 1568113802150,
    "duration": 127,
    "pid": 13980,
    "index": 33
  },
  {
    "name": "Require(27) node_modules/_egg-security@2.6.1@egg-security/app/extend/context.js",
    "start": 1568113802023,
    "end": 1568113802048,
    "duration": 25,
    "pid": 13980,
    "index": 34
  },
  {
    "name": "Require(28) node_modules/_egg-jsonp@2.0.0@egg-jsonp/app/extend/context.js",
    "start": 1568113802049,
    "end": 1568113802053,
    "duration": 4,
    "pid": 13980,
    "index": 35
  },
  {
    "name": "Require(29) node_modules/_egg-i18n@2.1.1@egg-i18n/app/extend/context.js",
    "start": 1568113802054,
    "end": 1568113802054,
    "duration": 0,
    "pid": 13980,
    "index": 36
  },
  {
    "name": "Require(30) node_modules/_egg-multipart@2.9.0@egg-multipart/app/extend/context.js",
    "start": 1568113802056,
    "end": 1568113802137,
    "duration": 81,
    "pid": 13980,
    "index": 37
  },
  {
    "name": "Require(31) node_modules/_egg-view@2.1.2@egg-view/app/extend/context.js",
    "start": 1568113802138,
    "end": 1568113802139,
    "duration": 1,
    "pid": 13980,
    "index": 38
  },
  {
    "name": "Require(32) node_modules/_egg@2.23.0@egg/app/extend/context.js",
    "start": 1568113802140,
    "end": 1568113802145,
    "duration": 5,
    "pid": 13980,
    "index": 39
  },
  {
    "name": "Load extend/helper.js",
    "start": 1568113802150,
    "end": 1568113802194,
    "duration": 44,
    "pid": 13980,
    "index": 40
  },
  {
    "name": "Require(33) node_modules/_egg-security@2.6.1@egg-security/app/extend/helper.js",
    "start": 1568113802152,
    "end": 1568113802186,
    "duration": 34,
    "pid": 13980,
    "index": 41
  },
  {
    "name": "Require(34) node_modules/_egg@2.23.0@egg/app/extend/helper.js",
    "start": 1568113802189,
    "end": 1568113802190,
    "duration": 1,
    "pid": 13980,
    "index": 42
  },
  {
    "name": "Load app.js",
    "start": 1568113802195,
    "end": 1568113802257,
    "duration": 62,
    "pid": 13980,
    "index": 43
  },
  {
    "name": "Require(35) node_modules/_egg-session@3.1.0@egg-session/app.js",
    "start": 1568113802195,
    "end": 1568113802196,
    "duration": 1,
    "pid": 13980,
    "index": 44
  },
  {
    "name": "Require(36) node_modules/_egg-security@2.6.1@egg-security/app.js",
    "start": 1568113802196,
    "end": 1568113802201,
    "duration": 5,
    "pid": 13980,
    "index": 45
  },
  {
    "name": "Require(37) node_modules/_egg-onerror@2.1.0@egg-onerror/app.js",
    "start": 1568113802202,
    "end": 1568113802220,
    "duration": 18,
    "pid": 13980,
    "index": 46
  },
  {
    "name": "Require(38) node_modules/_egg-i18n@2.1.1@egg-i18n/app.js",
    "start": 1568113802220,
    "end": 1568113802234,
    "duration": 14,
    "pid": 13980,
    "index": 47
  },
  {
    "name": "Require(39) node_modules/_egg-watcher@3.1.0@egg-watcher/app.js",
    "start": 1568113802234,
    "end": 1568113802241,
    "duration": 7,
    "pid": 13980,
    "index": 48
  },
  {
    "name": "Require(40) node_modules/_egg-schedule@3.6.4@egg-schedule/app.js",
    "start": 1568113802242,
    "end": 1568113802245,
    "duration": 3,
    "pid": 13980,
    "index": 49
  },
  {
    "name": "Require(41) node_modules/_egg-multipart@2.9.0@egg-multipart/app.js",
    "start": 1568113802246,
    "end": 1568113802250,
    "duration": 4,
    "pid": 13980,
    "index": 50
  },
  {
    "name": "Require(42) node_modules/_egg-development@2.4.3@egg-development/app.js",
    "start": 1568113802251,
    "end": 1568113802252,
    "duration": 1,
    "pid": 13980,
    "index": 51
  },
  {
    "name": "Require(43) node_modules/_egg-logrotator@3.1.0@egg-logrotator/app.js",
    "start": 1568113802252,
    "end": 1568113802253,
    "duration": 1,
    "pid": 13980,
    "index": 52
  },
  {
    "name": "Require(44) node_modules/_egg-static@2.2.0@egg-static/app.js",
    "start": 1568113802253,
    "end": 1568113802254,
    "duration": 1,
    "pid": 13980,
    "index": 53
  },
  {
    "name": "Require(45) node_modules/_egg-sequelize@5.2.0@egg-sequelize/app.js",
    "start": 1568113802255,
    "end": 1568113802255,
    "duration": 0,
    "pid": 13980,
    "index": 54
  },
  {
    "name": "Before Start in node_modules/_egg-watcher@3.1.0@egg-watcher/lib/init.js:15:14",
    "start": 1568113802280,
    "end": 1568113803199,
    "duration": 919,
    "pid": 13980,
    "index": 55
  },
  {
    "name": "Load \"Symbol(model)\" to Application",
    "start": 1568113802920,
    "end": 1568113802947,
    "duration": 27,
    "pid": 13980,
    "index": 56
  },
  {
    "name": "Before Start in node_modules/_egg-sequelize@5.2.0@egg-sequelize/lib/loader.js:39:7",
    "start": 1568113802954,
    "end": 1568113803248,
    "duration": 294,
    "pid": 13980,
    "index": 57
  },
  {
    "name": "Load Service",
    "start": 1568113802955,
    "end": 1568113802962,
    "duration": 7,
    "pid": 13980,
    "index": 58
  },
  {
    "name": "Load \"service\" to Context",
    "start": 1568113802955,
    "end": 1568113802962,
    "duration": 7,
    "pid": 13980,
    "index": 59
  },
  {
    "name": "Load Middleware",
    "start": 1568113802962,
    "end": 1568113803103,
    "duration": 141,
    "pid": 13980,
    "index": 60
  },
  {
    "name": "Load \"middlewares\" to Application",
    "start": 1568113802963,
    "end": 1568113803086,
    "duration": 123,
    "pid": 13980,
    "index": 61
  },
  {
    "name": "Load Controller",
    "start": 1568113803103,
    "end": 1568113803107,
    "duration": 4,
    "pid": 13980,
    "index": 62
  },
  {
    "name": "Load \"controller\" to Application",
    "start": 1568113803103,
    "end": 1568113803107,
    "duration": 4,
    "pid": 13980,
    "index": 63
  },
  {
    "name": "Load Router",
    "start": 1568113803107,
    "end": 1568113803110,
    "duration": 3,
    "pid": 13980,
    "index": 64
  },
  {
    "name": "Require(46) app/router.js",
    "start": 1568113803107,
    "end": 1568113803107,
    "duration": 0,
    "pid": 13980,
    "index": 65
  },
  {
    "name": "Before Start in node_modules/_egg-core@4.17.3@egg-core/lib/egg.js:303:10",
    "start": 1568113803108,
    "end": 1568113803135,
    "duration": 27,
    "pid": 13980,
    "index": 66
  }
]