[
  {
    "name": "Application Start",
    "start": 1568110515288,
    "end": 1568110516846,
    "duration": 1558,
    "pid": 8176,
    "index": 0
  },
  {
    "name": "Load Plugin",
    "start": 1568110515295,
    "end": 1568110515323,
    "duration": 28,
    "pid": 8176,
    "index": 1
  },
  {
    "name": "Load Config",
    "start": 1568110515323,
    "end": 1568110515356,
    "duration": 33,
    "pid": 8176,
    "index": 2
  },
  {
    "name": "Require(0) config/config.default.js",
    "start": 1568110515324,
    "end": 1568110515325,
    "duration": 1,
    "pid": 8176,
    "index": 3
  },
  {
    "name": "Require(1) node_modules/_egg-session@3.1.0@egg-session/config/config.default.js",
    "start": 1568110515327,
    "end": 1568110515327,
    "duration": 0,
    "pid": 8176,
    "index": 4
  },
  {
    "name": "Require(2) node_modules/_egg-security@2.6.1@egg-security/config/config.default.js",
    "start": 1568110515328,
    "end": 1568110515329,
    "duration": 1,
    "pid": 8176,
    "index": 5
  },
  {
    "name": "Require(3) node_modules/_egg-jsonp@2.0.0@egg-jsonp/config/config.default.js",
    "start": 1568110515331,
    "end": 1568110515331,
    "duration": 0,
    "pid": 8176,
    "index": 6
  },
  {
    "name": "Require(4) node_modules/_egg-onerror@2.1.0@egg-onerror/config/config.default.js",
    "start": 1568110515332,
    "end": 1568110515333,
    "duration": 1,
    "pid": 8176,
    "index": 7
  },
  {
    "name": "Require(5) node_modules/_egg-i18n@2.1.1@egg-i18n/config/config.default.js",
    "start": 1568110515334,
    "end": 1568110515334,
    "duration": 0,
    "pid": 8176,
    "index": 8
  },
  {
    "name": "Require(6) node_modules/_egg-watcher@3.1.0@egg-watcher/config/config.default.js",
    "start": 1568110515335,
    "end": 1568110515336,
    "duration": 1,
    "pid": 8176,
    "index": 9
  },
  {
    "name": "Require(7) node_modules/_egg-schedule@3.6.4@egg-schedule/config/config.default.js",
    "start": 1568110515337,
    "end": 1568110515337,
    "duration": 0,
    "pid": 8176,
    "index": 10
  },
  {
    "name": "Require(8) node_modules/_egg-multipart@2.9.0@egg-multipart/config/config.default.js",
    "start": 1568110515338,
    "end": 1568110515339,
    "duration": 1,
    "pid": 8176,
    "index": 11
  },
  {
    "name": "Require(9) node_modules/_egg-development@2.4.3@egg-development/config/config.default.js",
    "start": 1568110515340,
    "end": 1568110515341,
    "duration": 1,
    "pid": 8176,
    "index": 12
  },
  {
    "name": "Require(10) node_modules/_egg-logrotator@3.1.0@egg-logrotator/config/config.default.js",
    "start": 1568110515341,
    "end": 1568110515342,
    "duration": 1,
    "pid": 8176,
    "index": 13
  },
  {
    "name": "Require(11) node_modules/_egg-static@2.2.0@egg-static/config/config.default.js",
    "start": 1568110515342,
    "end": 1568110515343,
    "duration": 1,
    "pid": 8176,
    "index": 14
  },
  {
    "name": "Require(12) node_modules/_egg-view@2.1.2@egg-view/config/config.default.js",
    "start": 1568110515344,
    "end": 1568110515344,
    "duration": 0,
    "pid": 8176,
    "index": 15
  },
  {
    "name": "Require(13) node_modules/_egg-sequelize@5.2.0@egg-sequelize/config/config.default.js",
    "start": 1568110515345,
    "end": 1568110515345,
    "duration": 0,
    "pid": 8176,
    "index": 16
  },
  {
    "name": "Require(14) node_modules/_egg@2.23.0@egg/config/config.default.js",
    "start": 1568110515346,
    "end": 1568110515347,
    "duration": 1,
    "pid": 8176,
    "index": 17
  },
  {
    "name": "Require(15) config/config.default.js",
    "start": 1568110515349,
    "end": 1568110515349,
    "duration": 0,
    "pid": 8176,
    "index": 18
  },
  {
    "name": "Require(16) node_modules/_egg-security@2.6.1@egg-security/config/config.local.js",
    "start": 1568110515350,
    "end": 1568110515351,
    "duration": 1,
    "pid": 8176,
    "index": 19
  },
  {
    "name": "Require(17) node_modules/_egg-watcher@3.1.0@egg-watcher/config/config.local.js",
    "start": 1568110515352,
    "end": 1568110515352,
    "duration": 0,
    "pid": 8176,
    "index": 20
  },
  {
    "name": "Require(18) node_modules/_egg-view@2.1.2@egg-view/config/config.local.js",
    "start": 1568110515355,
    "end": 1568110515355,
    "duration": 0,
    "pid": 8176,
    "index": 21
  },
  {
    "name": "Require(19) node_modules/_egg@2.23.0@egg/config/config.local.js",
    "start": 1568110515356,
    "end": 1568110515356,
    "duration": 0,
    "pid": 8176,
    "index": 22
  },
  {
    "name": "Load extend/application.js",
    "start": 1568110515358,
    "end": 1568110515381,
    "duration": 23,
    "pid": 8176,
    "index": 23
  },
  {
    "name": "Require(20) node_modules/_egg-session@3.1.0@egg-session/app/extend/application.js",
    "start": 1568110515359,
    "end": 1568110515360,
    "duration": 1,
    "pid": 8176,
    "index": 24
  },
  {
    "name": "Require(21) node_modules/_egg-security@2.6.1@egg-security/app/extend/application.js",
    "start": 1568110515360,
    "end": 1568110515362,
    "duration": 2,
    "pid": 8176,
    "index": 25
  },
  {
    "name": "Require(22) node_modules/_egg-jsonp@2.0.0@egg-jsonp/app/extend/application.js",
    "start": 1568110515363,
    "end": 1568110515366,
    "duration": 3,
    "pid": 8176,
    "index": 26
  },
  {
    "name": "Require(23) node_modules/_egg-logrotator@3.1.0@egg-logrotator/app/extend/application.js",
    "start": 1568110515369,
    "end": 1568110515373,
    "duration": 4,
    "pid": 8176,
    "index": 27
  },
  {
    "name": "Require(24) node_modules/_egg-view@2.1.2@egg-view/app/extend/application.js",
    "start": 1568110515374,
    "end": 1568110515377,
    "duration": 3,
    "pid": 8176,
    "index": 28
  },
  {
    "name": "Load extend/request.js",
    "start": 1568110515381,
    "end": 1568110515391,
    "duration": 10,
    "pid": 8176,
    "index": 29
  },
  {
    "name": "Require(25) node_modules/_egg@2.23.0@egg/app/extend/request.js",
    "start": 1568110515385,
    "end": 1568110515387,
    "duration": 2,
    "pid": 8176,
    "index": 30
  },
  {
    "name": "Load extend/response.js",
    "start": 1568110515391,
    "end": 1568110515403,
    "duration": 12,
    "pid": 8176,
    "index": 31
  },
  {
    "name": "Require(26) node_modules/_egg@2.23.0@egg/app/extend/response.js",
    "start": 1568110515395,
    "end": 1568110515398,
    "duration": 3,
    "pid": 8176,
    "index": 32
  },
  {
    "name": "Load extend/context.js",
    "start": 1568110515403,
    "end": 1568110515520,
    "duration": 117,
    "pid": 8176,
    "index": 33
  },
  {
    "name": "Require(27) node_modules/_egg-security@2.6.1@egg-security/app/extend/context.js",
    "start": 1568110515404,
    "end": 1568110515427,
    "duration": 23,
    "pid": 8176,
    "index": 34
  },
  {
    "name": "Require(28) node_modules/_egg-jsonp@2.0.0@egg-jsonp/app/extend/context.js",
    "start": 1568110515427,
    "end": 1568110515430,
    "duration": 3,
    "pid": 8176,
    "index": 35
  },
  {
    "name": "Require(29) node_modules/_egg-i18n@2.1.1@egg-i18n/app/extend/context.js",
    "start": 1568110515431,
    "end": 1568110515431,
    "duration": 0,
    "pid": 8176,
    "index": 36
  },
  {
    "name": "Require(30) node_modules/_egg-multipart@2.9.0@egg-multipart/app/extend/context.js",
    "start": 1568110515433,
    "end": 1568110515510,
    "duration": 77,
    "pid": 8176,
    "index": 37
  },
  {
    "name": "Require(31) node_modules/_egg-view@2.1.2@egg-view/app/extend/context.js",
    "start": 1568110515511,
    "end": 1568110515512,
    "duration": 1,
    "pid": 8176,
    "index": 38
  },
  {
    "name": "Require(32) node_modules/_egg@2.23.0@egg/app/extend/context.js",
    "start": 1568110515513,
    "end": 1568110515516,
    "duration": 3,
    "pid": 8176,
    "index": 39
  },
  {
    "name": "Load extend/helper.js",
    "start": 1568110515520,
    "end": 1568110515559,
    "duration": 39,
    "pid": 8176,
    "index": 40
  },
  {
    "name": "Require(33) node_modules/_egg-security@2.6.1@egg-security/app/extend/helper.js",
    "start": 1568110515521,
    "end": 1568110515549,
    "duration": 28,
    "pid": 8176,
    "index": 41
  },
  {
    "name": "Require(34) node_modules/_egg@2.23.0@egg/app/extend/helper.js",
    "start": 1568110515552,
    "end": 1568110515553,
    "duration": 1,
    "pid": 8176,
    "index": 42
  },
  {
    "name": "Load app.js",
    "start": 1568110515559,
    "end": 1568110515622,
    "duration": 63,
    "pid": 8176,
    "index": 43
  },
  {
    "name": "Require(35) node_modules/_egg-session@3.1.0@egg-session/app.js",
    "start": 1568110515560,
    "end": 1568110515560,
    "duration": 0,
    "pid": 8176,
    "index": 44
  },
  {
    "name": "Require(36) node_modules/_egg-security@2.6.1@egg-security/app.js",
    "start": 1568110515561,
    "end": 1568110515564,
    "duration": 3,
    "pid": 8176,
    "index": 45
  },
  {
    "name": "Require(37) node_modules/_egg-onerror@2.1.0@egg-onerror/app.js",
    "start": 1568110515565,
    "end": 1568110515582,
    "duration": 17,
    "pid": 8176,
    "index": 46
  },
  {
    "name": "Require(38) node_modules/_egg-i18n@2.1.1@egg-i18n/app.js",
    "start": 1568110515582,
    "end": 1568110515595,
    "duration": 13,
    "pid": 8176,
    "index": 47
  },
  {
    "name": "Require(39) node_modules/_egg-watcher@3.1.0@egg-watcher/app.js",
    "start": 1568110515595,
    "end": 1568110515605,
    "duration": 10,
    "pid": 8176,
    "index": 48
  },
  {
    "name": "Require(40) node_modules/_egg-schedule@3.6.4@egg-schedule/app.js",
    "start": 1568110515606,
    "end": 1568110515609,
    "duration": 3,
    "pid": 8176,
    "index": 49
  },
  {
    "name": "Require(41) node_modules/_egg-multipart@2.9.0@egg-multipart/app.js",
    "start": 1568110515610,
    "end": 1568110515615,
    "duration": 5,
    "pid": 8176,
    "index": 50
  },
  {
    "name": "Require(42) node_modules/_egg-development@2.4.3@egg-development/app.js",
    "start": 1568110515616,
    "end": 1568110515616,
    "duration": 0,
    "pid": 8176,
    "index": 51
  },
  {
    "name": "Require(43) node_modules/_egg-logrotator@3.1.0@egg-logrotator/app.js",
    "start": 1568110515617,
    "end": 1568110515617,
    "duration": 0,
    "pid": 8176,
    "index": 52
  },
  {
    "name": "Require(44) node_modules/_egg-static@2.2.0@egg-static/app.js",
    "start": 1568110515618,
    "end": 1568110515618,
    "duration": 0,
    "pid": 8176,
    "index": 53
  },
  {
    "name": "Require(45) node_modules/_egg-sequelize@5.2.0@egg-sequelize/app.js",
    "start": 1568110515620,
    "end": 1568110515620,
    "duration": 0,
    "pid": 8176,
    "index": 54
  },
  {
    "name": "Before Start in node_modules/_egg-watcher@3.1.0@egg-watcher/lib/init.js:15:14",
    "start": 1568110515643,
    "end": 1568110516787,
    "duration": 1144,
    "pid": 8176,
    "index": 55
  },
  {
    "name": "Load \"Symbol(model)\" to Application",
    "start": 1568110516447,
    "end": 1568110516480,
    "duration": 33,
    "pid": 8176,
    "index": 56
  },
  {
    "name": "Before Start in node_modules/_egg-sequelize@5.2.0@egg-sequelize/lib/loader.js:39:7",
    "start": 1568110516492,
    "end": 1568110516845,
    "duration": 353,
    "pid": 8176,
    "index": 57
  },
  {
    "name": "Load Service",
    "start": 1568110516492,
    "end": 1568110516499,
    "duration": 7,
    "pid": 8176,
    "index": 58
  },
  {
    "name": "Load \"service\" to Context",
    "start": 1568110516493,
    "end": 1568110516499,
    "duration": 6,
    "pid": 8176,
    "index": 59
  },
  {
    "name": "Load Middleware",
    "start": 1568110516499,
    "end": 1568110516664,
    "duration": 165,
    "pid": 8176,
    "index": 60
  },
  {
    "name": "Load \"middlewares\" to Application",
    "start": 1568110516499,
    "end": 1568110516643,
    "duration": 144,
    "pid": 8176,
    "index": 61
  },
  {
    "name": "Load Controller",
    "start": 1568110516665,
    "end": 1568110516670,
    "duration": 5,
    "pid": 8176,
    "index": 62
  },
  {
    "name": "Load \"controller\" to Application",
    "start": 1568110516665,
    "end": 1568110516670,
    "duration": 5,
    "pid": 8176,
    "index": 63
  },
  {
    "name": "Load Router",
    "start": 1568110516670,
    "end": 1568110516673,
    "duration": 3,
    "pid": 8176,
    "index": 64
  },
  {
    "name": "Require(46) app/router.js",
    "start": 1568110516671,
    "end": 1568110516671,
    "duration": 0,
    "pid": 8176,
    "index": 65
  },
  {
    "name": "Before Start in node_modules/_egg-core@4.17.3@egg-core/lib/egg.js:303:10",
    "start": 1568110516671,
    "end": 1568110516701,
    "duration": 30,
    "pid": 8176,
    "index": 66
  }
]