[
  {
    "name": "Application Start",
    "start": 1568084161512,
    "end": 1568084162797,
    "duration": 1285,
    "pid": 4824,
    "index": 0
  },
  {
    "name": "Load Plugin",
    "start": 1568084161518,
    "end": 1568084161546,
    "duration": 28,
    "pid": 4824,
    "index": 1
  },
  {
    "name": "Load Config",
    "start": 1568084161546,
    "end": 1568084161572,
    "duration": 26,
    "pid": 4824,
    "index": 2
  },
  {
    "name": "Require(0) config/config.default.js",
    "start": 1568084161548,
    "end": 1568084161548,
    "duration": 0,
    "pid": 4824,
    "index": 3
  },
  {
    "name": "Require(1) node_modules/_egg-session@3.1.0@egg-session/config/config.default.js",
    "start": 1568084161550,
    "end": 1568084161550,
    "duration": 0,
    "pid": 4824,
    "index": 4
  },
  {
    "name": "Require(2) node_modules/_egg-security@2.6.1@egg-security/config/config.default.js",
    "start": 1568084161551,
    "end": 1568084161551,
    "duration": 0,
    "pid": 4824,
    "index": 5
  },
  {
    "name": "Require(3) node_modules/_egg-jsonp@2.0.0@egg-jsonp/config/config.default.js",
    "start": 1568084161553,
    "end": 1568084161553,
    "duration": 0,
    "pid": 4824,
    "index": 6
  },
  {
    "name": "Require(4) node_modules/_egg-onerror@2.1.0@egg-onerror/config/config.default.js",
    "start": 1568084161554,
    "end": 1568084161554,
    "duration": 0,
    "pid": 4824,
    "index": 7
  },
  {
    "name": "Require(5) node_modules/_egg-i18n@2.1.1@egg-i18n/config/config.default.js",
    "start": 1568084161555,
    "end": 1568084161555,
    "duration": 0,
    "pid": 4824,
    "index": 8
  },
  {
    "name": "Require(6) node_modules/_egg-watcher@3.1.0@egg-watcher/config/config.default.js",
    "start": 1568084161556,
    "end": 1568084161556,
    "duration": 0,
    "pid": 4824,
    "index": 9
  },
  {
    "name": "Require(7) node_modules/_egg-schedule@3.6.4@egg-schedule/config/config.default.js",
    "start": 1568084161557,
    "end": 1568084161557,
    "duration": 0,
    "pid": 4824,
    "index": 10
  },
  {
    "name": "Require(8) node_modules/_egg-multipart@2.9.0@egg-multipart/config/config.default.js",
    "start": 1568084161558,
    "end": 1568084161558,
    "duration": 0,
    "pid": 4824,
    "index": 11
  },
  {
    "name": "Require(9) node_modules/_egg-development@2.4.3@egg-development/config/config.default.js",
    "start": 1568084161559,
    "end": 1568084161559,
    "duration": 0,
    "pid": 4824,
    "index": 12
  },
  {
    "name": "Require(10) node_modules/_egg-logrotator@3.1.0@egg-logrotator/config/config.default.js",
    "start": 1568084161560,
    "end": 1568084161560,
    "duration": 0,
    "pid": 4824,
    "index": 13
  },
  {
    "name": "Require(11) node_modules/_egg-static@2.2.0@egg-static/config/config.default.js",
    "start": 1568084161561,
    "end": 1568084161561,
    "duration": 0,
    "pid": 4824,
    "index": 14
  },
  {
    "name": "Require(12) node_modules/_egg-view@2.1.2@egg-view/config/config.default.js",
    "start": 1568084161562,
    "end": 1568084161562,
    "duration": 0,
    "pid": 4824,
    "index": 15
  },
  {
    "name": "Require(13) node_modules/_egg-sequelize@5.2.0@egg-sequelize/config/config.default.js",
    "start": 1568084161563,
    "end": 1568084161563,
    "duration": 0,
    "pid": 4824,
    "index": 16
  },
  {
    "name": "Require(14) node_modules/_egg@2.23.0@egg/config/config.default.js",
    "start": 1568084161564,
    "end": 1568084161564,
    "duration": 0,
    "pid": 4824,
    "index": 17
  },
  {
    "name": "Require(15) config/config.default.js",
    "start": 1568084161566,
    "end": 1568084161566,
    "duration": 0,
    "pid": 4824,
    "index": 18
  },
  {
    "name": "Require(16) node_modules/_egg-security@2.6.1@egg-security/config/config.local.js",
    "start": 1568084161567,
    "end": 1568084161567,
    "duration": 0,
    "pid": 4824,
    "index": 19
  },
  {
    "name": "Require(17) node_modules/_egg-watcher@3.1.0@egg-watcher/config/config.local.js",
    "start": 1568084161569,
    "end": 1568084161569,
    "duration": 0,
    "pid": 4824,
    "index": 20
  },
  {
    "name": "Require(18) node_modules/_egg-view@2.1.2@egg-view/config/config.local.js",
    "start": 1568084161571,
    "end": 1568084161571,
    "duration": 0,
    "pid": 4824,
    "index": 21
  },
  {
    "name": "Require(19) node_modules/_egg@2.23.0@egg/config/config.local.js",
    "start": 1568084161572,
    "end": 1568084161572,
    "duration": 0,
    "pid": 4824,
    "index": 22
  },
  {
    "name": "Load extend/application.js",
    "start": 1568084161574,
    "end": 1568084161595,
    "duration": 21,
    "pid": 4824,
    "index": 23
  },
  {
    "name": "Require(20) node_modules/_egg-session@3.1.0@egg-session/app/extend/application.js",
    "start": 1568084161575,
    "end": 1568084161575,
    "duration": 0,
    "pid": 4824,
    "index": 24
  },
  {
    "name": "Require(21) node_modules/_egg-security@2.6.1@egg-security/app/extend/application.js",
    "start": 1568084161576,
    "end": 1568084161578,
    "duration": 2,
    "pid": 4824,
    "index": 25
  },
  {
    "name": "Require(22) node_modules/_egg-jsonp@2.0.0@egg-jsonp/app/extend/application.js",
    "start": 1568084161578,
    "end": 1568084161581,
    "duration": 3,
    "pid": 4824,
    "index": 26
  },
  {
    "name": "Require(23) node_modules/_egg-logrotator@3.1.0@egg-logrotator/app/extend/application.js",
    "start": 1568084161583,
    "end": 1568084161588,
    "duration": 5,
    "pid": 4824,
    "index": 27
  },
  {
    "name": "Require(24) node_modules/_egg-view@2.1.2@egg-view/app/extend/application.js",
    "start": 1568084161588,
    "end": 1568084161591,
    "duration": 3,
    "pid": 4824,
    "index": 28
  },
  {
    "name": "Load extend/request.js",
    "start": 1568084161595,
    "end": 1568084161604,
    "duration": 9,
    "pid": 4824,
    "index": 29
  },
  {
    "name": "Require(25) node_modules/_egg@2.23.0@egg/app/extend/request.js",
    "start": 1568084161599,
    "end": 1568084161601,
    "duration": 2,
    "pid": 4824,
    "index": 30
  },
  {
    "name": "Load extend/response.js",
    "start": 1568084161604,
    "end": 1568084161614,
    "duration": 10,
    "pid": 4824,
    "index": 31
  },
  {
    "name": "Require(26) node_modules/_egg@2.23.0@egg/app/extend/response.js",
    "start": 1568084161607,
    "end": 1568084161611,
    "duration": 4,
    "pid": 4824,
    "index": 32
  },
  {
    "name": "Load extend/context.js",
    "start": 1568084161614,
    "end": 1568084161728,
    "duration": 114,
    "pid": 4824,
    "index": 33
  },
  {
    "name": "Require(27) node_modules/_egg-security@2.6.1@egg-security/app/extend/context.js",
    "start": 1568084161615,
    "end": 1568084161635,
    "duration": 20,
    "pid": 4824,
    "index": 34
  },
  {
    "name": "Require(28) node_modules/_egg-jsonp@2.0.0@egg-jsonp/app/extend/context.js",
    "start": 1568084161636,
    "end": 1568084161639,
    "duration": 3,
    "pid": 4824,
    "index": 35
  },
  {
    "name": "Require(29) node_modules/_egg-i18n@2.1.1@egg-i18n/app/extend/context.js",
    "start": 1568084161640,
    "end": 1568084161641,
    "duration": 1,
    "pid": 4824,
    "index": 36
  },
  {
    "name": "Require(30) node_modules/_egg-multipart@2.9.0@egg-multipart/app/extend/context.js",
    "start": 1568084161642,
    "end": 1568084161716,
    "duration": 74,
    "pid": 4824,
    "index": 37
  },
  {
    "name": "Require(31) node_modules/_egg-view@2.1.2@egg-view/app/extend/context.js",
    "start": 1568084161717,
    "end": 1568084161719,
    "duration": 2,
    "pid": 4824,
    "index": 38
  },
  {
    "name": "Require(32) node_modules/_egg@2.23.0@egg/app/extend/context.js",
    "start": 1568084161720,
    "end": 1568084161725,
    "duration": 5,
    "pid": 4824,
    "index": 39
  },
  {
    "name": "Load extend/helper.js",
    "start": 1568084161729,
    "end": 1568084161777,
    "duration": 48,
    "pid": 4824,
    "index": 40
  },
  {
    "name": "Require(33) node_modules/_egg-security@2.6.1@egg-security/app/extend/helper.js",
    "start": 1568084161730,
    "end": 1568084161769,
    "duration": 39,
    "pid": 4824,
    "index": 41
  },
  {
    "name": "Require(34) node_modules/_egg@2.23.0@egg/app/extend/helper.js",
    "start": 1568084161772,
    "end": 1568084161773,
    "duration": 1,
    "pid": 4824,
    "index": 42
  },
  {
    "name": "Load app.js",
    "start": 1568084161777,
    "end": 1568084161833,
    "duration": 56,
    "pid": 4824,
    "index": 43
  },
  {
    "name": "Require(35) node_modules/_egg-session@3.1.0@egg-session/app.js",
    "start": 1568084161778,
    "end": 1568084161778,
    "duration": 0,
    "pid": 4824,
    "index": 44
  },
  {
    "name": "Require(36) node_modules/_egg-security@2.6.1@egg-security/app.js",
    "start": 1568084161779,
    "end": 1568084161783,
    "duration": 4,
    "pid": 4824,
    "index": 45
  },
  {
    "name": "Require(37) node_modules/_egg-onerror@2.1.0@egg-onerror/app.js",
    "start": 1568084161784,
    "end": 1568084161799,
    "duration": 15,
    "pid": 4824,
    "index": 46
  },
  {
    "name": "Require(38) node_modules/_egg-i18n@2.1.1@egg-i18n/app.js",
    "start": 1568084161800,
    "end": 1568084161812,
    "duration": 12,
    "pid": 4824,
    "index": 47
  },
  {
    "name": "Require(39) node_modules/_egg-watcher@3.1.0@egg-watcher/app.js",
    "start": 1568084161812,
    "end": 1568084161819,
    "duration": 7,
    "pid": 4824,
    "index": 48
  },
  {
    "name": "Require(40) node_modules/_egg-schedule@3.6.4@egg-schedule/app.js",
    "start": 1568084161819,
    "end": 1568084161822,
    "duration": 3,
    "pid": 4824,
    "index": 49
  },
  {
    "name": "Require(41) node_modules/_egg-multipart@2.9.0@egg-multipart/app.js",
    "start": 1568084161823,
    "end": 1568084161828,
    "duration": 5,
    "pid": 4824,
    "index": 50
  },
  {
    "name": "Require(42) node_modules/_egg-development@2.4.3@egg-development/app.js",
    "start": 1568084161828,
    "end": 1568084161828,
    "duration": 0,
    "pid": 4824,
    "index": 51
  },
  {
    "name": "Require(43) node_modules/_egg-logrotator@3.1.0@egg-logrotator/app.js",
    "start": 1568084161829,
    "end": 1568084161829,
    "duration": 0,
    "pid": 4824,
    "index": 52
  },
  {
    "name": "Require(44) node_modules/_egg-static@2.2.0@egg-static/app.js",
    "start": 1568084161830,
    "end": 1568084161830,
    "duration": 0,
    "pid": 4824,
    "index": 53
  },
  {
    "name": "Require(45) node_modules/_egg-sequelize@5.2.0@egg-sequelize/app.js",
    "start": 1568084161831,
    "end": 1568084161831,
    "duration": 0,
    "pid": 4824,
    "index": 54
  },
  {
    "name": "Before Start in node_modules/_egg-watcher@3.1.0@egg-watcher/lib/init.js:15:14",
    "start": 1568084161847,
    "end": 1568084162765,
    "duration": 918,
    "pid": 4824,
    "index": 55
  },
  {
    "name": "Load \"Symbol(model)\" to Application",
    "start": 1568084162498,
    "end": 1568084162510,
    "duration": 12,
    "pid": 4824,
    "index": 56
  },
  {
    "name": "Before Start in node_modules/_egg-sequelize@5.2.0@egg-sequelize/lib/loader.js:39:7",
    "start": 1568084162510,
    "end": 1568084162796,
    "duration": 286,
    "pid": 4824,
    "index": 57
  },
  {
    "name": "Load Service",
    "start": 1568084162510,
    "end": 1568084162516,
    "duration": 6,
    "pid": 4824,
    "index": 58
  },
  {
    "name": "Load \"service\" to Context",
    "start": 1568084162511,
    "end": 1568084162516,
    "duration": 5,
    "pid": 4824,
    "index": 59
  },
  {
    "name": "Load Middleware",
    "start": 1568084162516,
    "end": 1568084162673,
    "duration": 157,
    "pid": 4824,
    "index": 60
  },
  {
    "name": "Load \"middlewares\" to Application",
    "start": 1568084162516,
    "end": 1568084162658,
    "duration": 142,
    "pid": 4824,
    "index": 61
  },
  {
    "name": "Load Controller",
    "start": 1568084162673,
    "end": 1568084162676,
    "duration": 3,
    "pid": 4824,
    "index": 62
  },
  {
    "name": "Load \"controller\" to Application",
    "start": 1568084162673,
    "end": 1568084162676,
    "duration": 3,
    "pid": 4824,
    "index": 63
  },
  {
    "name": "Load Router",
    "start": 1568084162676,
    "end": 1568084162679,
    "duration": 3,
    "pid": 4824,
    "index": 64
  },
  {
    "name": "Require(46) app/router.js",
    "start": 1568084162676,
    "end": 1568084162677,
    "duration": 1,
    "pid": 4824,
    "index": 65
  },
  {
    "name": "Before Start in node_modules/_egg-core@4.17.3@egg-core/lib/egg.js:303:10",
    "start": 1568084162677,
    "end": 1568084162699,
    "duration": 22,
    "pid": 4824,
    "index": 66
  }
]