[
  {
    "name": "Application Start",
    "start": 1568110540414,
    "end": 1568110541793,
    "duration": 1379,
    "pid": 13412,
    "index": 0
  },
  {
    "name": "Load Plugin",
    "start": 1568110540422,
    "end": 1568110540455,
    "duration": 33,
    "pid": 13412,
    "index": 1
  },
  {
    "name": "Load Config",
    "start": 1568110540455,
    "end": 1568110540494,
    "duration": 39,
    "pid": 13412,
    "index": 2
  },
  {
    "name": "Require(0) config/config.default.js",
    "start": 1568110540457,
    "end": 1568110540457,
    "duration": 0,
    "pid": 13412,
    "index": 3
  },
  {
    "name": "Require(1) node_modules/_egg-session@3.1.0@egg-session/config/config.default.js",
    "start": 1568110540465,
    "end": 1568110540466,
    "duration": 1,
    "pid": 13412,
    "index": 4
  },
  {
    "name": "Require(2) node_modules/_egg-security@2.6.1@egg-security/config/config.default.js",
    "start": 1568110540467,
    "end": 1568110540467,
    "duration": 0,
    "pid": 13412,
    "index": 5
  },
  {
    "name": "Require(3) node_modules/_egg-jsonp@2.0.0@egg-jsonp/config/config.default.js",
    "start": 1568110540470,
    "end": 1568110540470,
    "duration": 0,
    "pid": 13412,
    "index": 6
  },
  {
    "name": "Require(4) node_modules/_egg-onerror@2.1.0@egg-onerror/config/config.default.js",
    "start": 1568110540472,
    "end": 1568110540472,
    "duration": 0,
    "pid": 13412,
    "index": 7
  },
  {
    "name": "Require(5) node_modules/_egg-i18n@2.1.1@egg-i18n/config/config.default.js",
    "start": 1568110540473,
    "end": 1568110540474,
    "duration": 1,
    "pid": 13412,
    "index": 8
  },
  {
    "name": "Require(6) node_modules/_egg-watcher@3.1.0@egg-watcher/config/config.default.js",
    "start": 1568110540475,
    "end": 1568110540476,
    "duration": 1,
    "pid": 13412,
    "index": 9
  },
  {
    "name": "Require(7) node_modules/_egg-schedule@3.6.4@egg-schedule/config/config.default.js",
    "start": 1568110540477,
    "end": 1568110540478,
    "duration": 1,
    "pid": 13412,
    "index": 10
  },
  {
    "name": "Require(8) node_modules/_egg-multipart@2.9.0@egg-multipart/config/config.default.js",
    "start": 1568110540479,
    "end": 1568110540479,
    "duration": 0,
    "pid": 13412,
    "index": 11
  },
  {
    "name": "Require(9) node_modules/_egg-development@2.4.3@egg-development/config/config.default.js",
    "start": 1568110540480,
    "end": 1568110540480,
    "duration": 0,
    "pid": 13412,
    "index": 12
  },
  {
    "name": "Require(10) node_modules/_egg-logrotator@3.1.0@egg-logrotator/config/config.default.js",
    "start": 1568110540481,
    "end": 1568110540481,
    "duration": 0,
    "pid": 13412,
    "index": 13
  },
  {
    "name": "Require(11) node_modules/_egg-static@2.2.0@egg-static/config/config.default.js",
    "start": 1568110540482,
    "end": 1568110540482,
    "duration": 0,
    "pid": 13412,
    "index": 14
  },
  {
    "name": "Require(12) node_modules/_egg-view@2.1.2@egg-view/config/config.default.js",
    "start": 1568110540483,
    "end": 1568110540483,
    "duration": 0,
    "pid": 13412,
    "index": 15
  },
  {
    "name": "Require(13) node_modules/_egg-sequelize@5.2.0@egg-sequelize/config/config.default.js",
    "start": 1568110540484,
    "end": 1568110540485,
    "duration": 1,
    "pid": 13412,
    "index": 16
  },
  {
    "name": "Require(14) node_modules/_egg@2.23.0@egg/config/config.default.js",
    "start": 1568110540485,
    "end": 1568110540486,
    "duration": 1,
    "pid": 13412,
    "index": 17
  },
  {
    "name": "Require(15) config/config.default.js",
    "start": 1568110540487,
    "end": 1568110540488,
    "duration": 1,
    "pid": 13412,
    "index": 18
  },
  {
    "name": "Require(16) node_modules/_egg-security@2.6.1@egg-security/config/config.local.js",
    "start": 1568110540488,
    "end": 1568110540489,
    "duration": 1,
    "pid": 13412,
    "index": 19
  },
  {
    "name": "Require(17) node_modules/_egg-watcher@3.1.0@egg-watcher/config/config.local.js",
    "start": 1568110540490,
    "end": 1568110540490,
    "duration": 0,
    "pid": 13412,
    "index": 20
  },
  {
    "name": "Require(18) node_modules/_egg-view@2.1.2@egg-view/config/config.local.js",
    "start": 1568110540493,
    "end": 1568110540493,
    "duration": 0,
    "pid": 13412,
    "index": 21
  },
  {
    "name": "Require(19) node_modules/_egg@2.23.0@egg/config/config.local.js",
    "start": 1568110540494,
    "end": 1568110540494,
    "duration": 0,
    "pid": 13412,
    "index": 22
  },
  {
    "name": "Load extend/application.js",
    "start": 1568110540496,
    "end": 1568110540517,
    "duration": 21,
    "pid": 13412,
    "index": 23
  },
  {
    "name": "Require(20) node_modules/_egg-session@3.1.0@egg-session/app/extend/application.js",
    "start": 1568110540497,
    "end": 1568110540497,
    "duration": 0,
    "pid": 13412,
    "index": 24
  },
  {
    "name": "Require(21) node_modules/_egg-security@2.6.1@egg-security/app/extend/application.js",
    "start": 1568110540498,
    "end": 1568110540499,
    "duration": 1,
    "pid": 13412,
    "index": 25
  },
  {
    "name": "Require(22) node_modules/_egg-jsonp@2.0.0@egg-jsonp/app/extend/application.js",
    "start": 1568110540500,
    "end": 1568110540504,
    "duration": 4,
    "pid": 13412,
    "index": 26
  },
  {
    "name": "Require(23) node_modules/_egg-logrotator@3.1.0@egg-logrotator/app/extend/application.js",
    "start": 1568110540506,
    "end": 1568110540510,
    "duration": 4,
    "pid": 13412,
    "index": 27
  },
  {
    "name": "Require(24) node_modules/_egg-view@2.1.2@egg-view/app/extend/application.js",
    "start": 1568110540511,
    "end": 1568110540513,
    "duration": 2,
    "pid": 13412,
    "index": 28
  },
  {
    "name": "Load extend/request.js",
    "start": 1568110540517,
    "end": 1568110540527,
    "duration": 10,
    "pid": 13412,
    "index": 29
  },
  {
    "name": "Require(25) node_modules/_egg@2.23.0@egg/app/extend/request.js",
    "start": 1568110540521,
    "end": 1568110540523,
    "duration": 2,
    "pid": 13412,
    "index": 30
  },
  {
    "name": "Load extend/response.js",
    "start": 1568110540527,
    "end": 1568110540537,
    "duration": 10,
    "pid": 13412,
    "index": 31
  },
  {
    "name": "Require(26) node_modules/_egg@2.23.0@egg/app/extend/response.js",
    "start": 1568110540530,
    "end": 1568110540534,
    "duration": 4,
    "pid": 13412,
    "index": 32
  },
  {
    "name": "Load extend/context.js",
    "start": 1568110540537,
    "end": 1568110540693,
    "duration": 156,
    "pid": 13412,
    "index": 33
  },
  {
    "name": "Require(27) node_modules/_egg-security@2.6.1@egg-security/app/extend/context.js",
    "start": 1568110540540,
    "end": 1568110540562,
    "duration": 22,
    "pid": 13412,
    "index": 34
  },
  {
    "name": "Require(28) node_modules/_egg-jsonp@2.0.0@egg-jsonp/app/extend/context.js",
    "start": 1568110540563,
    "end": 1568110540566,
    "duration": 3,
    "pid": 13412,
    "index": 35
  },
  {
    "name": "Require(29) node_modules/_egg-i18n@2.1.1@egg-i18n/app/extend/context.js",
    "start": 1568110540568,
    "end": 1568110540568,
    "duration": 0,
    "pid": 13412,
    "index": 36
  },
  {
    "name": "Require(30) node_modules/_egg-multipart@2.9.0@egg-multipart/app/extend/context.js",
    "start": 1568110540571,
    "end": 1568110540680,
    "duration": 109,
    "pid": 13412,
    "index": 37
  },
  {
    "name": "Require(31) node_modules/_egg-view@2.1.2@egg-view/app/extend/context.js",
    "start": 1568110540682,
    "end": 1568110540684,
    "duration": 2,
    "pid": 13412,
    "index": 38
  },
  {
    "name": "Require(32) node_modules/_egg@2.23.0@egg/app/extend/context.js",
    "start": 1568110540685,
    "end": 1568110540688,
    "duration": 3,
    "pid": 13412,
    "index": 39
  },
  {
    "name": "Load extend/helper.js",
    "start": 1568110540693,
    "end": 1568110540729,
    "duration": 36,
    "pid": 13412,
    "index": 40
  },
  {
    "name": "Require(33) node_modules/_egg-security@2.6.1@egg-security/app/extend/helper.js",
    "start": 1568110540694,
    "end": 1568110540720,
    "duration": 26,
    "pid": 13412,
    "index": 41
  },
  {
    "name": "Require(34) node_modules/_egg@2.23.0@egg/app/extend/helper.js",
    "start": 1568110540724,
    "end": 1568110540724,
    "duration": 0,
    "pid": 13412,
    "index": 42
  },
  {
    "name": "Load app.js",
    "start": 1568110540729,
    "end": 1568110540796,
    "duration": 67,
    "pid": 13412,
    "index": 43
  },
  {
    "name": "Require(35) node_modules/_egg-session@3.1.0@egg-session/app.js",
    "start": 1568110540730,
    "end": 1568110540731,
    "duration": 1,
    "pid": 13412,
    "index": 44
  },
  {
    "name": "Require(36) node_modules/_egg-security@2.6.1@egg-security/app.js",
    "start": 1568110540731,
    "end": 1568110540734,
    "duration": 3,
    "pid": 13412,
    "index": 45
  },
  {
    "name": "Require(37) node_modules/_egg-onerror@2.1.0@egg-onerror/app.js",
    "start": 1568110540735,
    "end": 1568110540755,
    "duration": 20,
    "pid": 13412,
    "index": 46
  },
  {
    "name": "Require(38) node_modules/_egg-i18n@2.1.1@egg-i18n/app.js",
    "start": 1568110540756,
    "end": 1568110540772,
    "duration": 16,
    "pid": 13412,
    "index": 47
  },
  {
    "name": "Require(39) node_modules/_egg-watcher@3.1.0@egg-watcher/app.js",
    "start": 1568110540772,
    "end": 1568110540781,
    "duration": 9,
    "pid": 13412,
    "index": 48
  },
  {
    "name": "Require(40) node_modules/_egg-schedule@3.6.4@egg-schedule/app.js",
    "start": 1568110540782,
    "end": 1568110540785,
    "duration": 3,
    "pid": 13412,
    "index": 49
  },
  {
    "name": "Require(41) node_modules/_egg-multipart@2.9.0@egg-multipart/app.js",
    "start": 1568110540786,
    "end": 1568110540790,
    "duration": 4,
    "pid": 13412,
    "index": 50
  },
  {
    "name": "Require(42) node_modules/_egg-development@2.4.3@egg-development/app.js",
    "start": 1568110540791,
    "end": 1568110540791,
    "duration": 0,
    "pid": 13412,
    "index": 51
  },
  {
    "name": "Require(43) node_modules/_egg-logrotator@3.1.0@egg-logrotator/app.js",
    "start": 1568110540792,
    "end": 1568110540792,
    "duration": 0,
    "pid": 13412,
    "index": 52
  },
  {
    "name": "Require(44) node_modules/_egg-static@2.2.0@egg-static/app.js",
    "start": 1568110540793,
    "end": 1568110540793,
    "duration": 0,
    "pid": 13412,
    "index": 53
  },
  {
    "name": "Require(45) node_modules/_egg-sequelize@5.2.0@egg-sequelize/app.js",
    "start": 1568110540794,
    "end": 1568110540795,
    "duration": 1,
    "pid": 13412,
    "index": 54
  },
  {
    "name": "Before Start in node_modules/_egg-watcher@3.1.0@egg-watcher/lib/init.js:15:14",
    "start": 1568110540813,
    "end": 1568110541754,
    "duration": 941,
    "pid": 13412,
    "index": 55
  },
  {
    "name": "Load \"Symbol(model)\" to Application",
    "start": 1568110541437,
    "end": 1568110541465,
    "duration": 28,
    "pid": 13412,
    "index": 56
  },
  {
    "name": "Before Start in node_modules/_egg-sequelize@5.2.0@egg-sequelize/lib/loader.js:39:7",
    "start": 1568110541473,
    "end": 1568110541792,
    "duration": 319,
    "pid": 13412,
    "index": 57
  },
  {
    "name": "Load Service",
    "start": 1568110541474,
    "end": 1568110541479,
    "duration": 5,
    "pid": 13412,
    "index": 58
  },
  {
    "name": "Load \"service\" to Context",
    "start": 1568110541474,
    "end": 1568110541479,
    "duration": 5,
    "pid": 13412,
    "index": 59
  },
  {
    "name": "Load Middleware",
    "start": 1568110541480,
    "end": 1568110541660,
    "duration": 180,
    "pid": 13412,
    "index": 60
  },
  {
    "name": "Load \"middlewares\" to Application",
    "start": 1568110541480,
    "end": 1568110541632,
    "duration": 152,
    "pid": 13412,
    "index": 61
  },
  {
    "name": "Load Controller",
    "start": 1568110541660,
    "end": 1568110541666,
    "duration": 6,
    "pid": 13412,
    "index": 62
  },
  {
    "name": "Load \"controller\" to Application",
    "start": 1568110541660,
    "end": 1568110541666,
    "duration": 6,
    "pid": 13412,
    "index": 63
  },
  {
    "name": "Load Router",
    "start": 1568110541666,
    "end": 1568110541673,
    "duration": 7,
    "pid": 13412,
    "index": 64
  },
  {
    "name": "Require(46) app/router.js",
    "start": 1568110541667,
    "end": 1568110541668,
    "duration": 1,
    "pid": 13412,
    "index": 65
  },
  {
    "name": "Before Start in node_modules/_egg-core@4.17.3@egg-core/lib/egg.js:303:10",
    "start": 1568110541669,
    "end": 1568110541698,
    "duration": 29,
    "pid": 13412,
    "index": 66
  }
]