[
  {
    "name": "Application Start",
    "start": 1568103714207,
    "end": 1568103715312,
    "duration": 1105,
    "pid": 11724,
    "index": 0
  },
  {
    "name": "Load Plugin",
    "start": 1568103714213,
    "end": 1568103714238,
    "duration": 25,
    "pid": 11724,
    "index": 1
  },
  {
    "name": "Load Config",
    "start": 1568103714238,
    "end": 1568103714265,
    "duration": 27,
    "pid": 11724,
    "index": 2
  },
  {
    "name": "Require(0) config/config.default.js",
    "start": 1568103714239,
    "end": 1568103714239,
    "duration": 0,
    "pid": 11724,
    "index": 3
  },
  {
    "name": "Require(1) node_modules/_egg-session@3.1.0@egg-session/config/config.default.js",
    "start": 1568103714242,
    "end": 1568103714242,
    "duration": 0,
    "pid": 11724,
    "index": 4
  },
  {
    "name": "Require(2) node_modules/_egg-security@2.6.1@egg-security/config/config.default.js",
    "start": 1568103714243,
    "end": 1568103714243,
    "duration": 0,
    "pid": 11724,
    "index": 5
  },
  {
    "name": "Require(3) node_modules/_egg-jsonp@2.0.0@egg-jsonp/config/config.default.js",
    "start": 1568103714244,
    "end": 1568103714245,
    "duration": 1,
    "pid": 11724,
    "index": 6
  },
  {
    "name": "Require(4) node_modules/_egg-onerror@2.1.0@egg-onerror/config/config.default.js",
    "start": 1568103714245,
    "end": 1568103714246,
    "duration": 1,
    "pid": 11724,
    "index": 7
  },
  {
    "name": "Require(5) node_modules/_egg-i18n@2.1.1@egg-i18n/config/config.default.js",
    "start": 1568103714246,
    "end": 1568103714247,
    "duration": 1,
    "pid": 11724,
    "index": 8
  },
  {
    "name": "Require(6) node_modules/_egg-watcher@3.1.0@egg-watcher/config/config.default.js",
    "start": 1568103714247,
    "end": 1568103714248,
    "duration": 1,
    "pid": 11724,
    "index": 9
  },
  {
    "name": "Require(7) node_modules/_egg-schedule@3.6.4@egg-schedule/config/config.default.js",
    "start": 1568103714248,
    "end": 1568103714249,
    "duration": 1,
    "pid": 11724,
    "index": 10
  },
  {
    "name": "Require(8) node_modules/_egg-multipart@2.9.0@egg-multipart/config/config.default.js",
    "start": 1568103714249,
    "end": 1568103714250,
    "duration": 1,
    "pid": 11724,
    "index": 11
  },
  {
    "name": "Require(9) node_modules/_egg-development@2.4.3@egg-development/config/config.default.js",
    "start": 1568103714250,
    "end": 1568103714251,
    "duration": 1,
    "pid": 11724,
    "index": 12
  },
  {
    "name": "Require(10) node_modules/_egg-logrotator@3.1.0@egg-logrotator/config/config.default.js",
    "start": 1568103714251,
    "end": 1568103714252,
    "duration": 1,
    "pid": 11724,
    "index": 13
  },
  {
    "name": "Require(11) node_modules/_egg-static@2.2.0@egg-static/config/config.default.js",
    "start": 1568103714252,
    "end": 1568103714253,
    "duration": 1,
    "pid": 11724,
    "index": 14
  },
  {
    "name": "Require(12) node_modules/_egg-view@2.1.2@egg-view/config/config.default.js",
    "start": 1568103714253,
    "end": 1568103714254,
    "duration": 1,
    "pid": 11724,
    "index": 15
  },
  {
    "name": "Require(13) node_modules/_egg-sequelize@5.2.0@egg-sequelize/config/config.default.js",
    "start": 1568103714254,
    "end": 1568103714255,
    "duration": 1,
    "pid": 11724,
    "index": 16
  },
  {
    "name": "Require(14) node_modules/_egg@2.23.0@egg/config/config.default.js",
    "start": 1568103714255,
    "end": 1568103714256,
    "duration": 1,
    "pid": 11724,
    "index": 17
  },
  {
    "name": "Require(15) config/config.default.js",
    "start": 1568103714258,
    "end": 1568103714258,
    "duration": 0,
    "pid": 11724,
    "index": 18
  },
  {
    "name": "Require(16) node_modules/_egg-security@2.6.1@egg-security/config/config.local.js",
    "start": 1568103714259,
    "end": 1568103714259,
    "duration": 0,
    "pid": 11724,
    "index": 19
  },
  {
    "name": "Require(17) node_modules/_egg-watcher@3.1.0@egg-watcher/config/config.local.js",
    "start": 1568103714260,
    "end": 1568103714260,
    "duration": 0,
    "pid": 11724,
    "index": 20
  },
  {
    "name": "Require(18) node_modules/_egg-view@2.1.2@egg-view/config/config.local.js",
    "start": 1568103714262,
    "end": 1568103714262,
    "duration": 0,
    "pid": 11724,
    "index": 21
  },
  {
    "name": "Require(19) node_modules/_egg@2.23.0@egg/config/config.local.js",
    "start": 1568103714264,
    "end": 1568103714264,
    "duration": 0,
    "pid": 11724,
    "index": 22
  },
  {
    "name": "Load extend/application.js",
    "start": 1568103714266,
    "end": 1568103714285,
    "duration": 19,
    "pid": 11724,
    "index": 23
  },
  {
    "name": "Require(20) node_modules/_egg-session@3.1.0@egg-session/app/extend/application.js",
    "start": 1568103714267,
    "end": 1568103714268,
    "duration": 1,
    "pid": 11724,
    "index": 24
  },
  {
    "name": "Require(21) node_modules/_egg-security@2.6.1@egg-security/app/extend/application.js",
    "start": 1568103714268,
    "end": 1568103714269,
    "duration": 1,
    "pid": 11724,
    "index": 25
  },
  {
    "name": "Require(22) node_modules/_egg-jsonp@2.0.0@egg-jsonp/app/extend/application.js",
    "start": 1568103714270,
    "end": 1568103714273,
    "duration": 3,
    "pid": 11724,
    "index": 26
  },
  {
    "name": "Require(23) node_modules/_egg-logrotator@3.1.0@egg-logrotator/app/extend/application.js",
    "start": 1568103714275,
    "end": 1568103714278,
    "duration": 3,
    "pid": 11724,
    "index": 27
  },
  {
    "name": "Require(24) node_modules/_egg-view@2.1.2@egg-view/app/extend/application.js",
    "start": 1568103714279,
    "end": 1568103714281,
    "duration": 2,
    "pid": 11724,
    "index": 28
  },
  {
    "name": "Load extend/request.js",
    "start": 1568103714285,
    "end": 1568103714295,
    "duration": 10,
    "pid": 11724,
    "index": 29
  },
  {
    "name": "Require(25) node_modules/_egg@2.23.0@egg/app/extend/request.js",
    "start": 1568103714289,
    "end": 1568103714292,
    "duration": 3,
    "pid": 11724,
    "index": 30
  },
  {
    "name": "Load extend/response.js",
    "start": 1568103714295,
    "end": 1568103714306,
    "duration": 11,
    "pid": 11724,
    "index": 31
  },
  {
    "name": "Require(26) node_modules/_egg@2.23.0@egg/app/extend/response.js",
    "start": 1568103714299,
    "end": 1568103714302,
    "duration": 3,
    "pid": 11724,
    "index": 32
  },
  {
    "name": "Load extend/context.js",
    "start": 1568103714306,
    "end": 1568103714418,
    "duration": 112,
    "pid": 11724,
    "index": 33
  },
  {
    "name": "Require(27) node_modules/_egg-security@2.6.1@egg-security/app/extend/context.js",
    "start": 1568103714306,
    "end": 1568103714330,
    "duration": 24,
    "pid": 11724,
    "index": 34
  },
  {
    "name": "Require(28) node_modules/_egg-jsonp@2.0.0@egg-jsonp/app/extend/context.js",
    "start": 1568103714330,
    "end": 1568103714332,
    "duration": 2,
    "pid": 11724,
    "index": 35
  },
  {
    "name": "Require(29) node_modules/_egg-i18n@2.1.1@egg-i18n/app/extend/context.js",
    "start": 1568103714333,
    "end": 1568103714333,
    "duration": 0,
    "pid": 11724,
    "index": 36
  },
  {
    "name": "Require(30) node_modules/_egg-multipart@2.9.0@egg-multipart/app/extend/context.js",
    "start": 1568103714335,
    "end": 1568103714408,
    "duration": 73,
    "pid": 11724,
    "index": 37
  },
  {
    "name": "Require(31) node_modules/_egg-view@2.1.2@egg-view/app/extend/context.js",
    "start": 1568103714409,
    "end": 1568103714411,
    "duration": 2,
    "pid": 11724,
    "index": 38
  },
  {
    "name": "Require(32) node_modules/_egg@2.23.0@egg/app/extend/context.js",
    "start": 1568103714411,
    "end": 1568103714415,
    "duration": 4,
    "pid": 11724,
    "index": 39
  },
  {
    "name": "Load extend/helper.js",
    "start": 1568103714419,
    "end": 1568103714452,
    "duration": 33,
    "pid": 11724,
    "index": 40
  },
  {
    "name": "Require(33) node_modules/_egg-security@2.6.1@egg-security/app/extend/helper.js",
    "start": 1568103714419,
    "end": 1568103714444,
    "duration": 25,
    "pid": 11724,
    "index": 41
  },
  {
    "name": "Require(34) node_modules/_egg@2.23.0@egg/app/extend/helper.js",
    "start": 1568103714447,
    "end": 1568103714448,
    "duration": 1,
    "pid": 11724,
    "index": 42
  },
  {
    "name": "Load app.js",
    "start": 1568103714453,
    "end": 1568103714510,
    "duration": 57,
    "pid": 11724,
    "index": 43
  },
  {
    "name": "Require(35) node_modules/_egg-session@3.1.0@egg-session/app.js",
    "start": 1568103714453,
    "end": 1568103714454,
    "duration": 1,
    "pid": 11724,
    "index": 44
  },
  {
    "name": "Require(36) node_modules/_egg-security@2.6.1@egg-security/app.js",
    "start": 1568103714454,
    "end": 1568103714457,
    "duration": 3,
    "pid": 11724,
    "index": 45
  },
  {
    "name": "Require(37) node_modules/_egg-onerror@2.1.0@egg-onerror/app.js",
    "start": 1568103714459,
    "end": 1568103714476,
    "duration": 17,
    "pid": 11724,
    "index": 46
  },
  {
    "name": "Require(38) node_modules/_egg-i18n@2.1.1@egg-i18n/app.js",
    "start": 1568103714476,
    "end": 1568103714489,
    "duration": 13,
    "pid": 11724,
    "index": 47
  },
  {
    "name": "Require(39) node_modules/_egg-watcher@3.1.0@egg-watcher/app.js",
    "start": 1568103714490,
    "end": 1568103714497,
    "duration": 7,
    "pid": 11724,
    "index": 48
  },
  {
    "name": "Require(40) node_modules/_egg-schedule@3.6.4@egg-schedule/app.js",
    "start": 1568103714497,
    "end": 1568103714500,
    "duration": 3,
    "pid": 11724,
    "index": 49
  },
  {
    "name": "Require(41) node_modules/_egg-multipart@2.9.0@egg-multipart/app.js",
    "start": 1568103714500,
    "end": 1568103714504,
    "duration": 4,
    "pid": 11724,
    "index": 50
  },
  {
    "name": "Require(42) node_modules/_egg-development@2.4.3@egg-development/app.js",
    "start": 1568103714505,
    "end": 1568103714505,
    "duration": 0,
    "pid": 11724,
    "index": 51
  },
  {
    "name": "Require(43) node_modules/_egg-logrotator@3.1.0@egg-logrotator/app.js",
    "start": 1568103714506,
    "end": 1568103714507,
    "duration": 1,
    "pid": 11724,
    "index": 52
  },
  {
    "name": "Require(44) node_modules/_egg-static@2.2.0@egg-static/app.js",
    "start": 1568103714507,
    "end": 1568103714507,
    "duration": 0,
    "pid": 11724,
    "index": 53
  },
  {
    "name": "Require(45) node_modules/_egg-sequelize@5.2.0@egg-sequelize/app.js",
    "start": 1568103714508,
    "end": 1568103714509,
    "duration": 1,
    "pid": 11724,
    "index": 54
  },
  {
    "name": "Before Start in node_modules/_egg-watcher@3.1.0@egg-watcher/lib/init.js:15:14",
    "start": 1568103714526,
    "end": 1568103715277,
    "duration": 751,
    "pid": 11724,
    "index": 55
  },
  {
    "name": "Load \"Symbol(model)\" to Application",
    "start": 1568103715032,
    "end": 1568103715055,
    "duration": 23,
    "pid": 11724,
    "index": 56
  },
  {
    "name": "Before Start in node_modules/_egg-sequelize@5.2.0@egg-sequelize/lib/loader.js:39:7",
    "start": 1568103715063,
    "end": 1568103715312,
    "duration": 249,
    "pid": 11724,
    "index": 57
  },
  {
    "name": "Load Service",
    "start": 1568103715063,
    "end": 1568103715068,
    "duration": 5,
    "pid": 11724,
    "index": 58
  },
  {
    "name": "Load \"service\" to Context",
    "start": 1568103715063,
    "end": 1568103715068,
    "duration": 5,
    "pid": 11724,
    "index": 59
  },
  {
    "name": "Load Middleware",
    "start": 1568103715068,
    "end": 1568103715192,
    "duration": 124,
    "pid": 11724,
    "index": 60
  },
  {
    "name": "Load \"middlewares\" to Application",
    "start": 1568103715069,
    "end": 1568103715173,
    "duration": 104,
    "pid": 11724,
    "index": 61
  },
  {
    "name": "Load Controller",
    "start": 1568103715192,
    "end": 1568103715197,
    "duration": 5,
    "pid": 11724,
    "index": 62
  },
  {
    "name": "Load \"controller\" to Application",
    "start": 1568103715192,
    "end": 1568103715197,
    "duration": 5,
    "pid": 11724,
    "index": 63
  },
  {
    "name": "Load Router",
    "start": 1568103715197,
    "end": 1568103715200,
    "duration": 3,
    "pid": 11724,
    "index": 64
  },
  {
    "name": "Require(46) app/router.js",
    "start": 1568103715197,
    "end": 1568103715198,
    "duration": 1,
    "pid": 11724,
    "index": 65
  },
  {
    "name": "Before Start in node_modules/_egg-core@4.17.3@egg-core/lib/egg.js:303:10",
    "start": 1568103715198,
    "end": 1568103715220,
    "duration": 22,
    "pid": 11724,
    "index": 66
  }
]