[
  {
    "name": "Application Start",
    "start": 1568113794273,
    "end": 1568113795548,
    "duration": 1275,
    "pid": 9868,
    "index": 0
  },
  {
    "name": "Load Plugin",
    "start": 1568113794280,
    "end": 1568113794306,
    "duration": 26,
    "pid": 9868,
    "index": 1
  },
  {
    "name": "Load Config",
    "start": 1568113794307,
    "end": 1568113794335,
    "duration": 28,
    "pid": 9868,
    "index": 2
  },
  {
    "name": "Require(0) config/config.default.js",
    "start": 1568113794308,
    "end": 1568113794308,
    "duration": 0,
    "pid": 9868,
    "index": 3
  },
  {
    "name": "Require(1) node_modules/_egg-session@3.1.0@egg-session/config/config.default.js",
    "start": 1568113794310,
    "end": 1568113794310,
    "duration": 0,
    "pid": 9868,
    "index": 4
  },
  {
    "name": "Require(2) node_modules/_egg-security@2.6.1@egg-security/config/config.default.js",
    "start": 1568113794311,
    "end": 1568113794311,
    "duration": 0,
    "pid": 9868,
    "index": 5
  },
  {
    "name": "Require(3) node_modules/_egg-jsonp@2.0.0@egg-jsonp/config/config.default.js",
    "start": 1568113794313,
    "end": 1568113794313,
    "duration": 0,
    "pid": 9868,
    "index": 6
  },
  {
    "name": "Require(4) node_modules/_egg-onerror@2.1.0@egg-onerror/config/config.default.js",
    "start": 1568113794314,
    "end": 1568113794314,
    "duration": 0,
    "pid": 9868,
    "index": 7
  },
  {
    "name": "Require(5) node_modules/_egg-i18n@2.1.1@egg-i18n/config/config.default.js",
    "start": 1568113794315,
    "end": 1568113794315,
    "duration": 0,
    "pid": 9868,
    "index": 8
  },
  {
    "name": "Require(6) node_modules/_egg-watcher@3.1.0@egg-watcher/config/config.default.js",
    "start": 1568113794316,
    "end": 1568113794316,
    "duration": 0,
    "pid": 9868,
    "index": 9
  },
  {
    "name": "Require(7) node_modules/_egg-schedule@3.6.4@egg-schedule/config/config.default.js",
    "start": 1568113794317,
    "end": 1568113794317,
    "duration": 0,
    "pid": 9868,
    "index": 10
  },
  {
    "name": "Require(8) node_modules/_egg-multipart@2.9.0@egg-multipart/config/config.default.js",
    "start": 1568113794318,
    "end": 1568113794319,
    "duration": 1,
    "pid": 9868,
    "index": 11
  },
  {
    "name": "Require(9) node_modules/_egg-development@2.4.3@egg-development/config/config.default.js",
    "start": 1568113794319,
    "end": 1568113794320,
    "duration": 1,
    "pid": 9868,
    "index": 12
  },
  {
    "name": "Require(10) node_modules/_egg-logrotator@3.1.0@egg-logrotator/config/config.default.js",
    "start": 1568113794320,
    "end": 1568113794321,
    "duration": 1,
    "pid": 9868,
    "index": 13
  },
  {
    "name": "Require(11) node_modules/_egg-static@2.2.0@egg-static/config/config.default.js",
    "start": 1568113794321,
    "end": 1568113794322,
    "duration": 1,
    "pid": 9868,
    "index": 14
  },
  {
    "name": "Require(12) node_modules/_egg-view@2.1.2@egg-view/config/config.default.js",
    "start": 1568113794322,
    "end": 1568113794323,
    "duration": 1,
    "pid": 9868,
    "index": 15
  },
  {
    "name": "Require(13) node_modules/_egg-sequelize@5.2.0@egg-sequelize/config/config.default.js",
    "start": 1568113794324,
    "end": 1568113794324,
    "duration": 0,
    "pid": 9868,
    "index": 16
  },
  {
    "name": "Require(14) node_modules/_egg@2.23.0@egg/config/config.default.js",
    "start": 1568113794325,
    "end": 1568113794325,
    "duration": 0,
    "pid": 9868,
    "index": 17
  },
  {
    "name": "Require(15) config/config.default.js",
    "start": 1568113794327,
    "end": 1568113794327,
    "duration": 0,
    "pid": 9868,
    "index": 18
  },
  {
    "name": "Require(16) node_modules/_egg-security@2.6.1@egg-security/config/config.local.js",
    "start": 1568113794328,
    "end": 1568113794329,
    "duration": 1,
    "pid": 9868,
    "index": 19
  },
  {
    "name": "Require(17) node_modules/_egg-watcher@3.1.0@egg-watcher/config/config.local.js",
    "start": 1568113794331,
    "end": 1568113794331,
    "duration": 0,
    "pid": 9868,
    "index": 20
  },
  {
    "name": "Require(18) node_modules/_egg-view@2.1.2@egg-view/config/config.local.js",
    "start": 1568113794333,
    "end": 1568113794333,
    "duration": 0,
    "pid": 9868,
    "index": 21
  },
  {
    "name": "Require(19) node_modules/_egg@2.23.0@egg/config/config.local.js",
    "start": 1568113794334,
    "end": 1568113794334,
    "duration": 0,
    "pid": 9868,
    "index": 22
  },
  {
    "name": "Load extend/application.js",
    "start": 1568113794336,
    "end": 1568113794362,
    "duration": 26,
    "pid": 9868,
    "index": 23
  },
  {
    "name": "Require(20) node_modules/_egg-session@3.1.0@egg-session/app/extend/application.js",
    "start": 1568113794337,
    "end": 1568113794337,
    "duration": 0,
    "pid": 9868,
    "index": 24
  },
  {
    "name": "Require(21) node_modules/_egg-security@2.6.1@egg-security/app/extend/application.js",
    "start": 1568113794338,
    "end": 1568113794339,
    "duration": 1,
    "pid": 9868,
    "index": 25
  },
  {
    "name": "Require(22) node_modules/_egg-jsonp@2.0.0@egg-jsonp/app/extend/application.js",
    "start": 1568113794340,
    "end": 1568113794344,
    "duration": 4,
    "pid": 9868,
    "index": 26
  },
  {
    "name": "Require(23) node_modules/_egg-logrotator@3.1.0@egg-logrotator/app/extend/application.js",
    "start": 1568113794347,
    "end": 1568113794352,
    "duration": 5,
    "pid": 9868,
    "index": 27
  },
  {
    "name": "Require(24) node_modules/_egg-view@2.1.2@egg-view/app/extend/application.js",
    "start": 1568113794353,
    "end": 1568113794356,
    "duration": 3,
    "pid": 9868,
    "index": 28
  },
  {
    "name": "Load extend/request.js",
    "start": 1568113794362,
    "end": 1568113794372,
    "duration": 10,
    "pid": 9868,
    "index": 29
  },
  {
    "name": "Require(25) node_modules/_egg@2.23.0@egg/app/extend/request.js",
    "start": 1568113794366,
    "end": 1568113794368,
    "duration": 2,
    "pid": 9868,
    "index": 30
  },
  {
    "name": "Load extend/response.js",
    "start": 1568113794372,
    "end": 1568113794384,
    "duration": 12,
    "pid": 9868,
    "index": 31
  },
  {
    "name": "Require(26) node_modules/_egg@2.23.0@egg/app/extend/response.js",
    "start": 1568113794376,
    "end": 1568113794380,
    "duration": 4,
    "pid": 9868,
    "index": 32
  },
  {
    "name": "Load extend/context.js",
    "start": 1568113794384,
    "end": 1568113794508,
    "duration": 124,
    "pid": 9868,
    "index": 33
  },
  {
    "name": "Require(27) node_modules/_egg-security@2.6.1@egg-security/app/extend/context.js",
    "start": 1568113794385,
    "end": 1568113794408,
    "duration": 23,
    "pid": 9868,
    "index": 34
  },
  {
    "name": "Require(28) node_modules/_egg-jsonp@2.0.0@egg-jsonp/app/extend/context.js",
    "start": 1568113794409,
    "end": 1568113794411,
    "duration": 2,
    "pid": 9868,
    "index": 35
  },
  {
    "name": "Require(29) node_modules/_egg-i18n@2.1.1@egg-i18n/app/extend/context.js",
    "start": 1568113794412,
    "end": 1568113794412,
    "duration": 0,
    "pid": 9868,
    "index": 36
  },
  {
    "name": "Require(30) node_modules/_egg-multipart@2.9.0@egg-multipart/app/extend/context.js",
    "start": 1568113794414,
    "end": 1568113794496,
    "duration": 82,
    "pid": 9868,
    "index": 37
  },
  {
    "name": "Require(31) node_modules/_egg-view@2.1.2@egg-view/app/extend/context.js",
    "start": 1568113794498,
    "end": 1568113794500,
    "duration": 2,
    "pid": 9868,
    "index": 38
  },
  {
    "name": "Require(32) node_modules/_egg@2.23.0@egg/app/extend/context.js",
    "start": 1568113794500,
    "end": 1568113794505,
    "duration": 5,
    "pid": 9868,
    "index": 39
  },
  {
    "name": "Load extend/helper.js",
    "start": 1568113794509,
    "end": 1568113794547,
    "duration": 38,
    "pid": 9868,
    "index": 40
  },
  {
    "name": "Require(33) node_modules/_egg-security@2.6.1@egg-security/app/extend/helper.js",
    "start": 1568113794509,
    "end": 1568113794540,
    "duration": 31,
    "pid": 9868,
    "index": 41
  },
  {
    "name": "Require(34) node_modules/_egg@2.23.0@egg/app/extend/helper.js",
    "start": 1568113794543,
    "end": 1568113794543,
    "duration": 0,
    "pid": 9868,
    "index": 42
  },
  {
    "name": "Load app.js",
    "start": 1568113794547,
    "end": 1568113794611,
    "duration": 64,
    "pid": 9868,
    "index": 43
  },
  {
    "name": "Require(35) node_modules/_egg-session@3.1.0@egg-session/app.js",
    "start": 1568113794548,
    "end": 1568113794548,
    "duration": 0,
    "pid": 9868,
    "index": 44
  },
  {
    "name": "Require(36) node_modules/_egg-security@2.6.1@egg-security/app.js",
    "start": 1568113794549,
    "end": 1568113794552,
    "duration": 3,
    "pid": 9868,
    "index": 45
  },
  {
    "name": "Require(37) node_modules/_egg-onerror@2.1.0@egg-onerror/app.js",
    "start": 1568113794553,
    "end": 1568113794568,
    "duration": 15,
    "pid": 9868,
    "index": 46
  },
  {
    "name": "Require(38) node_modules/_egg-i18n@2.1.1@egg-i18n/app.js",
    "start": 1568113794569,
    "end": 1568113794581,
    "duration": 12,
    "pid": 9868,
    "index": 47
  },
  {
    "name": "Require(39) node_modules/_egg-watcher@3.1.0@egg-watcher/app.js",
    "start": 1568113794581,
    "end": 1568113794590,
    "duration": 9,
    "pid": 9868,
    "index": 48
  },
  {
    "name": "Require(40) node_modules/_egg-schedule@3.6.4@egg-schedule/app.js",
    "start": 1568113794591,
    "end": 1568113794594,
    "duration": 3,
    "pid": 9868,
    "index": 49
  },
  {
    "name": "Require(41) node_modules/_egg-multipart@2.9.0@egg-multipart/app.js",
    "start": 1568113794594,
    "end": 1568113794600,
    "duration": 6,
    "pid": 9868,
    "index": 50
  },
  {
    "name": "Require(42) node_modules/_egg-development@2.4.3@egg-development/app.js",
    "start": 1568113794601,
    "end": 1568113794603,
    "duration": 2,
    "pid": 9868,
    "index": 51
  },
  {
    "name": "Require(43) node_modules/_egg-logrotator@3.1.0@egg-logrotator/app.js",
    "start": 1568113794604,
    "end": 1568113794604,
    "duration": 0,
    "pid": 9868,
    "index": 52
  },
  {
    "name": "Require(44) node_modules/_egg-static@2.2.0@egg-static/app.js",
    "start": 1568113794605,
    "end": 1568113794606,
    "duration": 1,
    "pid": 9868,
    "index": 53
  },
  {
    "name": "Require(45) node_modules/_egg-sequelize@5.2.0@egg-sequelize/app.js",
    "start": 1568113794608,
    "end": 1568113794608,
    "duration": 0,
    "pid": 9868,
    "index": 54
  },
  {
    "name": "Before Start in node_modules/_egg-watcher@3.1.0@egg-watcher/lib/init.js:15:14",
    "start": 1568113794639,
    "end": 1568113795506,
    "duration": 867,
    "pid": 9868,
    "index": 55
  },
  {
    "name": "Load \"Symbol(model)\" to Application",
    "start": 1568113795216,
    "end": 1568113795240,
    "duration": 24,
    "pid": 9868,
    "index": 56
  },
  {
    "name": "Before Start in node_modules/_egg-sequelize@5.2.0@egg-sequelize/lib/loader.js:39:7",
    "start": 1568113795248,
    "end": 1568113795548,
    "duration": 300,
    "pid": 9868,
    "index": 57
  },
  {
    "name": "Load Service",
    "start": 1568113795248,
    "end": 1568113795253,
    "duration": 5,
    "pid": 9868,
    "index": 58
  },
  {
    "name": "Load \"service\" to Context",
    "start": 1568113795248,
    "end": 1568113795253,
    "duration": 5,
    "pid": 9868,
    "index": 59
  },
  {
    "name": "Load Middleware",
    "start": 1568113795254,
    "end": 1568113795410,
    "duration": 156,
    "pid": 9868,
    "index": 60
  },
  {
    "name": "Load \"middlewares\" to Application",
    "start": 1568113795254,
    "end": 1568113795391,
    "duration": 137,
    "pid": 9868,
    "index": 61
  },
  {
    "name": "Load Controller",
    "start": 1568113795410,
    "end": 1568113795414,
    "duration": 4,
    "pid": 9868,
    "index": 62
  },
  {
    "name": "Load \"controller\" to Application",
    "start": 1568113795411,
    "end": 1568113795414,
    "duration": 3,
    "pid": 9868,
    "index": 63
  },
  {
    "name": "Load Router",
    "start": 1568113795414,
    "end": 1568113795418,
    "duration": 4,
    "pid": 9868,
    "index": 64
  },
  {
    "name": "Require(46) app/router.js",
    "start": 1568113795415,
    "end": 1568113795415,
    "duration": 0,
    "pid": 9868,
    "index": 65
  },
  {
    "name": "Before Start in node_modules/_egg-core@4.17.3@egg-core/lib/egg.js:303:10",
    "start": 1568113795416,
    "end": 1568113795443,
    "duration": 27,
    "pid": 9868,
    "index": 66
  }
]