[
  {
    "name": "Application Start",
    "start": 1568103391006,
    "end": 1568103392145,
    "duration": 1139,
    "pid": 14028,
    "index": 0
  },
  {
    "name": "Load Plugin",
    "start": 1568103391012,
    "end": 1568103391038,
    "duration": 26,
    "pid": 14028,
    "index": 1
  },
  {
    "name": "Load Config",
    "start": 1568103391038,
    "end": 1568103391065,
    "duration": 27,
    "pid": 14028,
    "index": 2
  },
  {
    "name": "Require(0) config/config.default.js",
    "start": 1568103391039,
    "end": 1568103391040,
    "duration": 1,
    "pid": 14028,
    "index": 3
  },
  {
    "name": "Require(1) node_modules/_egg-session@3.1.0@egg-session/config/config.default.js",
    "start": 1568103391042,
    "end": 1568103391042,
    "duration": 0,
    "pid": 14028,
    "index": 4
  },
  {
    "name": "Require(2) node_modules/_egg-security@2.6.1@egg-security/config/config.default.js",
    "start": 1568103391043,
    "end": 1568103391043,
    "duration": 0,
    "pid": 14028,
    "index": 5
  },
  {
    "name": "Require(3) node_modules/_egg-jsonp@2.0.0@egg-jsonp/config/config.default.js",
    "start": 1568103391045,
    "end": 1568103391045,
    "duration": 0,
    "pid": 14028,
    "index": 6
  },
  {
    "name": "Require(4) node_modules/_egg-onerror@2.1.0@egg-onerror/config/config.default.js",
    "start": 1568103391046,
    "end": 1568103391047,
    "duration": 1,
    "pid": 14028,
    "index": 7
  },
  {
    "name": "Require(5) node_modules/_egg-i18n@2.1.1@egg-i18n/config/config.default.js",
    "start": 1568103391047,
    "end": 1568103391048,
    "duration": 1,
    "pid": 14028,
    "index": 8
  },
  {
    "name": "Require(6) node_modules/_egg-watcher@3.1.0@egg-watcher/config/config.default.js",
    "start": 1568103391048,
    "end": 1568103391049,
    "duration": 1,
    "pid": 14028,
    "index": 9
  },
  {
    "name": "Require(7) node_modules/_egg-schedule@3.6.4@egg-schedule/config/config.default.js",
    "start": 1568103391049,
    "end": 1568103391050,
    "duration": 1,
    "pid": 14028,
    "index": 10
  },
  {
    "name": "Require(8) node_modules/_egg-multipart@2.9.0@egg-multipart/config/config.default.js",
    "start": 1568103391051,
    "end": 1568103391051,
    "duration": 0,
    "pid": 14028,
    "index": 11
  },
  {
    "name": "Require(9) node_modules/_egg-development@2.4.3@egg-development/config/config.default.js",
    "start": 1568103391052,
    "end": 1568103391052,
    "duration": 0,
    "pid": 14028,
    "index": 12
  },
  {
    "name": "Require(10) node_modules/_egg-logrotator@3.1.0@egg-logrotator/config/config.default.js",
    "start": 1568103391053,
    "end": 1568103391053,
    "duration": 0,
    "pid": 14028,
    "index": 13
  },
  {
    "name": "Require(11) node_modules/_egg-static@2.2.0@egg-static/config/config.default.js",
    "start": 1568103391054,
    "end": 1568103391054,
    "duration": 0,
    "pid": 14028,
    "index": 14
  },
  {
    "name": "Require(12) node_modules/_egg-view@2.1.2@egg-view/config/config.default.js",
    "start": 1568103391055,
    "end": 1568103391055,
    "duration": 0,
    "pid": 14028,
    "index": 15
  },
  {
    "name": "Require(13) node_modules/_egg-sequelize@5.2.0@egg-sequelize/config/config.default.js",
    "start": 1568103391056,
    "end": 1568103391057,
    "duration": 1,
    "pid": 14028,
    "index": 16
  },
  {
    "name": "Require(14) node_modules/_egg@2.23.0@egg/config/config.default.js",
    "start": 1568103391057,
    "end": 1568103391058,
    "duration": 1,
    "pid": 14028,
    "index": 17
  },
  {
    "name": "Require(15) config/config.default.js",
    "start": 1568103391059,
    "end": 1568103391059,
    "duration": 0,
    "pid": 14028,
    "index": 18
  },
  {
    "name": "Require(16) node_modules/_egg-security@2.6.1@egg-security/config/config.local.js",
    "start": 1568103391060,
    "end": 1568103391061,
    "duration": 1,
    "pid": 14028,
    "index": 19
  },
  {
    "name": "Require(17) node_modules/_egg-watcher@3.1.0@egg-watcher/config/config.local.js",
    "start": 1568103391062,
    "end": 1568103391062,
    "duration": 0,
    "pid": 14028,
    "index": 20
  },
  {
    "name": "Require(18) node_modules/_egg-view@2.1.2@egg-view/config/config.local.js",
    "start": 1568103391064,
    "end": 1568103391064,
    "duration": 0,
    "pid": 14028,
    "index": 21
  },
  {
    "name": "Require(19) node_modules/_egg@2.23.0@egg/config/config.local.js",
    "start": 1568103391065,
    "end": 1568103391065,
    "duration": 0,
    "pid": 14028,
    "index": 22
  },
  {
    "name": "Load extend/application.js",
    "start": 1568103391067,
    "end": 1568103391087,
    "duration": 20,
    "pid": 14028,
    "index": 23
  },
  {
    "name": "Require(20) node_modules/_egg-session@3.1.0@egg-session/app/extend/application.js",
    "start": 1568103391068,
    "end": 1568103391068,
    "duration": 0,
    "pid": 14028,
    "index": 24
  },
  {
    "name": "Require(21) node_modules/_egg-security@2.6.1@egg-security/app/extend/application.js",
    "start": 1568103391069,
    "end": 1568103391070,
    "duration": 1,
    "pid": 14028,
    "index": 25
  },
  {
    "name": "Require(22) node_modules/_egg-jsonp@2.0.0@egg-jsonp/app/extend/application.js",
    "start": 1568103391071,
    "end": 1568103391074,
    "duration": 3,
    "pid": 14028,
    "index": 26
  },
  {
    "name": "Require(23) node_modules/_egg-logrotator@3.1.0@egg-logrotator/app/extend/application.js",
    "start": 1568103391076,
    "end": 1568103391080,
    "duration": 4,
    "pid": 14028,
    "index": 27
  },
  {
    "name": "Require(24) node_modules/_egg-view@2.1.2@egg-view/app/extend/application.js",
    "start": 1568103391080,
    "end": 1568103391083,
    "duration": 3,
    "pid": 14028,
    "index": 28
  },
  {
    "name": "Load extend/request.js",
    "start": 1568103391087,
    "end": 1568103391095,
    "duration": 8,
    "pid": 14028,
    "index": 29
  },
  {
    "name": "Require(25) node_modules/_egg@2.23.0@egg/app/extend/request.js",
    "start": 1568103391090,
    "end": 1568103391092,
    "duration": 2,
    "pid": 14028,
    "index": 30
  },
  {
    "name": "Load extend/response.js",
    "start": 1568103391095,
    "end": 1568103391107,
    "duration": 12,
    "pid": 14028,
    "index": 31
  },
  {
    "name": "Require(26) node_modules/_egg@2.23.0@egg/app/extend/response.js",
    "start": 1568103391099,
    "end": 1568103391102,
    "duration": 3,
    "pid": 14028,
    "index": 32
  },
  {
    "name": "Load extend/context.js",
    "start": 1568103391107,
    "end": 1568103391213,
    "duration": 106,
    "pid": 14028,
    "index": 33
  },
  {
    "name": "Require(27) node_modules/_egg-security@2.6.1@egg-security/app/extend/context.js",
    "start": 1568103391108,
    "end": 1568103391127,
    "duration": 19,
    "pid": 14028,
    "index": 34
  },
  {
    "name": "Require(28) node_modules/_egg-jsonp@2.0.0@egg-jsonp/app/extend/context.js",
    "start": 1568103391127,
    "end": 1568103391129,
    "duration": 2,
    "pid": 14028,
    "index": 35
  },
  {
    "name": "Require(29) node_modules/_egg-i18n@2.1.1@egg-i18n/app/extend/context.js",
    "start": 1568103391130,
    "end": 1568103391131,
    "duration": 1,
    "pid": 14028,
    "index": 36
  },
  {
    "name": "Require(30) node_modules/_egg-multipart@2.9.0@egg-multipart/app/extend/context.js",
    "start": 1568103391132,
    "end": 1568103391203,
    "duration": 71,
    "pid": 14028,
    "index": 37
  },
  {
    "name": "Require(31) node_modules/_egg-view@2.1.2@egg-view/app/extend/context.js",
    "start": 1568103391204,
    "end": 1568103391206,
    "duration": 2,
    "pid": 14028,
    "index": 38
  },
  {
    "name": "Require(32) node_modules/_egg@2.23.0@egg/app/extend/context.js",
    "start": 1568103391206,
    "end": 1568103391209,
    "duration": 3,
    "pid": 14028,
    "index": 39
  },
  {
    "name": "Load extend/helper.js",
    "start": 1568103391213,
    "end": 1568103391249,
    "duration": 36,
    "pid": 14028,
    "index": 40
  },
  {
    "name": "Require(33) node_modules/_egg-security@2.6.1@egg-security/app/extend/helper.js",
    "start": 1568103391214,
    "end": 1568103391242,
    "duration": 28,
    "pid": 14028,
    "index": 41
  },
  {
    "name": "Require(34) node_modules/_egg@2.23.0@egg/app/extend/helper.js",
    "start": 1568103391245,
    "end": 1568103391246,
    "duration": 1,
    "pid": 14028,
    "index": 42
  },
  {
    "name": "Load app.js",
    "start": 1568103391250,
    "end": 1568103391305,
    "duration": 55,
    "pid": 14028,
    "index": 43
  },
  {
    "name": "Require(35) node_modules/_egg-session@3.1.0@egg-session/app.js",
    "start": 1568103391250,
    "end": 1568103391251,
    "duration": 1,
    "pid": 14028,
    "index": 44
  },
  {
    "name": "Require(36) node_modules/_egg-security@2.6.1@egg-security/app.js",
    "start": 1568103391252,
    "end": 1568103391257,
    "duration": 5,
    "pid": 14028,
    "index": 45
  },
  {
    "name": "Require(37) node_modules/_egg-onerror@2.1.0@egg-onerror/app.js",
    "start": 1568103391258,
    "end": 1568103391274,
    "duration": 16,
    "pid": 14028,
    "index": 46
  },
  {
    "name": "Require(38) node_modules/_egg-i18n@2.1.1@egg-i18n/app.js",
    "start": 1568103391274,
    "end": 1568103391286,
    "duration": 12,
    "pid": 14028,
    "index": 47
  },
  {
    "name": "Require(39) node_modules/_egg-watcher@3.1.0@egg-watcher/app.js",
    "start": 1568103391286,
    "end": 1568103391293,
    "duration": 7,
    "pid": 14028,
    "index": 48
  },
  {
    "name": "Require(40) node_modules/_egg-schedule@3.6.4@egg-schedule/app.js",
    "start": 1568103391293,
    "end": 1568103391296,
    "duration": 3,
    "pid": 14028,
    "index": 49
  },
  {
    "name": "Require(41) node_modules/_egg-multipart@2.9.0@egg-multipart/app.js",
    "start": 1568103391296,
    "end": 1568103391300,
    "duration": 4,
    "pid": 14028,
    "index": 50
  },
  {
    "name": "Require(42) node_modules/_egg-development@2.4.3@egg-development/app.js",
    "start": 1568103391301,
    "end": 1568103391301,
    "duration": 0,
    "pid": 14028,
    "index": 51
  },
  {
    "name": "Require(43) node_modules/_egg-logrotator@3.1.0@egg-logrotator/app.js",
    "start": 1568103391302,
    "end": 1568103391302,
    "duration": 0,
    "pid": 14028,
    "index": 52
  },
  {
    "name": "Require(44) node_modules/_egg-static@2.2.0@egg-static/app.js",
    "start": 1568103391302,
    "end": 1568103391303,
    "duration": 1,
    "pid": 14028,
    "index": 53
  },
  {
    "name": "Require(45) node_modules/_egg-sequelize@5.2.0@egg-sequelize/app.js",
    "start": 1568103391304,
    "end": 1568103391304,
    "duration": 0,
    "pid": 14028,
    "index": 54
  },
  {
    "name": "Before Start in node_modules/_egg-watcher@3.1.0@egg-watcher/lib/init.js:15:14",
    "start": 1568103391322,
    "end": 1568103392112,
    "duration": 790,
    "pid": 14028,
    "index": 55
  },
  {
    "name": "Load \"Symbol(model)\" to Application",
    "start": 1568103391864,
    "end": 1568103391887,
    "duration": 23,
    "pid": 14028,
    "index": 56
  },
  {
    "name": "Before Start in node_modules/_egg-sequelize@5.2.0@egg-sequelize/lib/loader.js:39:7",
    "start": 1568103391893,
    "end": 1568103392145,
    "duration": 252,
    "pid": 14028,
    "index": 57
  },
  {
    "name": "Load Service",
    "start": 1568103391894,
    "end": 1568103391899,
    "duration": 5,
    "pid": 14028,
    "index": 58
  },
  {
    "name": "Load \"service\" to Context",
    "start": 1568103391894,
    "end": 1568103391899,
    "duration": 5,
    "pid": 14028,
    "index": 59
  },
  {
    "name": "Load Middleware",
    "start": 1568103391899,
    "end": 1568103392028,
    "duration": 129,
    "pid": 14028,
    "index": 60
  },
  {
    "name": "Load \"middlewares\" to Application",
    "start": 1568103391900,
    "end": 1568103392010,
    "duration": 110,
    "pid": 14028,
    "index": 61
  },
  {
    "name": "Load Controller",
    "start": 1568103392028,
    "end": 1568103392031,
    "duration": 3,
    "pid": 14028,
    "index": 62
  },
  {
    "name": "Load \"controller\" to Application",
    "start": 1568103392028,
    "end": 1568103392031,
    "duration": 3,
    "pid": 14028,
    "index": 63
  },
  {
    "name": "Load Router",
    "start": 1568103392031,
    "end": 1568103392034,
    "duration": 3,
    "pid": 14028,
    "index": 64
  },
  {
    "name": "Require(46) app/router.js",
    "start": 1568103392032,
    "end": 1568103392032,
    "duration": 0,
    "pid": 14028,
    "index": 65
  },
  {
    "name": "Before Start in node_modules/_egg-core@4.17.3@egg-core/lib/egg.js:303:10",
    "start": 1568103392033,
    "end": 1568103392054,
    "duration": 21,
    "pid": 14028,
    "index": 66
  }
]