[
  {
    "name": "Application Start",
    "start": 1568110494519,
    "end": 1568110496285,
    "duration": 1766,
    "pid": 9384,
    "index": 0
  },
  {
    "name": "Load Plugin",
    "start": 1568110494528,
    "end": 1568110494570,
    "duration": 42,
    "pid": 9384,
    "index": 1
  },
  {
    "name": "Load Config",
    "start": 1568110494570,
    "end": 1568110494623,
    "duration": 53,
    "pid": 9384,
    "index": 2
  },
  {
    "name": "Require(0) config/config.default.js",
    "start": 1568110494572,
    "end": 1568110494572,
    "duration": 0,
    "pid": 9384,
    "index": 3
  },
  {
    "name": "Require(1) node_modules/_egg-session@3.1.0@egg-session/config/config.default.js",
    "start": 1568110494576,
    "end": 1568110494576,
    "duration": 0,
    "pid": 9384,
    "index": 4
  },
  {
    "name": "Require(2) node_modules/_egg-security@2.6.1@egg-security/config/config.default.js",
    "start": 1568110494577,
    "end": 1568110494578,
    "duration": 1,
    "pid": 9384,
    "index": 5
  },
  {
    "name": "Require(3) node_modules/_egg-jsonp@2.0.0@egg-jsonp/config/config.default.js",
    "start": 1568110494580,
    "end": 1568110494580,
    "duration": 0,
    "pid": 9384,
    "index": 6
  },
  {
    "name": "Require(4) node_modules/_egg-onerror@2.1.0@egg-onerror/config/config.default.js",
    "start": 1568110494581,
    "end": 1568110494582,
    "duration": 1,
    "pid": 9384,
    "index": 7
  },
  {
    "name": "Require(5) node_modules/_egg-i18n@2.1.1@egg-i18n/config/config.default.js",
    "start": 1568110494586,
    "end": 1568110494587,
    "duration": 1,
    "pid": 9384,
    "index": 8
  },
  {
    "name": "Require(6) node_modules/_egg-watcher@3.1.0@egg-watcher/config/config.default.js",
    "start": 1568110494588,
    "end": 1568110494589,
    "duration": 1,
    "pid": 9384,
    "index": 9
  },
  {
    "name": "Require(7) node_modules/_egg-schedule@3.6.4@egg-schedule/config/config.default.js",
    "start": 1568110494590,
    "end": 1568110494590,
    "duration": 0,
    "pid": 9384,
    "index": 10
  },
  {
    "name": "Require(8) node_modules/_egg-multipart@2.9.0@egg-multipart/config/config.default.js",
    "start": 1568110494591,
    "end": 1568110494593,
    "duration": 2,
    "pid": 9384,
    "index": 11
  },
  {
    "name": "Require(9) node_modules/_egg-development@2.4.3@egg-development/config/config.default.js",
    "start": 1568110494594,
    "end": 1568110494595,
    "duration": 1,
    "pid": 9384,
    "index": 12
  },
  {
    "name": "Require(10) node_modules/_egg-logrotator@3.1.0@egg-logrotator/config/config.default.js",
    "start": 1568110494596,
    "end": 1568110494596,
    "duration": 0,
    "pid": 9384,
    "index": 13
  },
  {
    "name": "Require(11) node_modules/_egg-static@2.2.0@egg-static/config/config.default.js",
    "start": 1568110494598,
    "end": 1568110494598,
    "duration": 0,
    "pid": 9384,
    "index": 14
  },
  {
    "name": "Require(12) node_modules/_egg-view@2.1.2@egg-view/config/config.default.js",
    "start": 1568110494599,
    "end": 1568110494600,
    "duration": 1,
    "pid": 9384,
    "index": 15
  },
  {
    "name": "Require(13) node_modules/_egg-sequelize@5.2.0@egg-sequelize/config/config.default.js",
    "start": 1568110494601,
    "end": 1568110494602,
    "duration": 1,
    "pid": 9384,
    "index": 16
  },
  {
    "name": "Require(14) node_modules/_egg@2.23.0@egg/config/config.default.js",
    "start": 1568110494602,
    "end": 1568110494603,
    "duration": 1,
    "pid": 9384,
    "index": 17
  },
  {
    "name": "Require(15) config/config.default.js",
    "start": 1568110494606,
    "end": 1568110494606,
    "duration": 0,
    "pid": 9384,
    "index": 18
  },
  {
    "name": "Require(16) node_modules/_egg-security@2.6.1@egg-security/config/config.local.js",
    "start": 1568110494608,
    "end": 1568110494608,
    "duration": 0,
    "pid": 9384,
    "index": 19
  },
  {
    "name": "Require(17) node_modules/_egg-watcher@3.1.0@egg-watcher/config/config.local.js",
    "start": 1568110494610,
    "end": 1568110494611,
    "duration": 1,
    "pid": 9384,
    "index": 20
  },
  {
    "name": "Require(18) node_modules/_egg-view@2.1.2@egg-view/config/config.local.js",
    "start": 1568110494618,
    "end": 1568110494619,
    "duration": 1,
    "pid": 9384,
    "index": 21
  },
  {
    "name": "Require(19) node_modules/_egg@2.23.0@egg/config/config.local.js",
    "start": 1568110494622,
    "end": 1568110494622,
    "duration": 0,
    "pid": 9384,
    "index": 22
  },
  {
    "name": "Load extend/application.js",
    "start": 1568110494641,
    "end": 1568110494676,
    "duration": 35,
    "pid": 9384,
    "index": 23
  },
  {
    "name": "Require(20) node_modules/_egg-session@3.1.0@egg-session/app/extend/application.js",
    "start": 1568110494642,
    "end": 1568110494643,
    "duration": 1,
    "pid": 9384,
    "index": 24
  },
  {
    "name": "Require(21) node_modules/_egg-security@2.6.1@egg-security/app/extend/application.js",
    "start": 1568110494645,
    "end": 1568110494647,
    "duration": 2,
    "pid": 9384,
    "index": 25
  },
  {
    "name": "Require(22) node_modules/_egg-jsonp@2.0.0@egg-jsonp/app/extend/application.js",
    "start": 1568110494648,
    "end": 1568110494653,
    "duration": 5,
    "pid": 9384,
    "index": 26
  },
  {
    "name": "Require(23) node_modules/_egg-logrotator@3.1.0@egg-logrotator/app/extend/application.js",
    "start": 1568110494656,
    "end": 1568110494663,
    "duration": 7,
    "pid": 9384,
    "index": 27
  },
  {
    "name": "Require(24) node_modules/_egg-view@2.1.2@egg-view/app/extend/application.js",
    "start": 1568110494664,
    "end": 1568110494668,
    "duration": 4,
    "pid": 9384,
    "index": 28
  },
  {
    "name": "Load extend/request.js",
    "start": 1568110494676,
    "end": 1568110494691,
    "duration": 15,
    "pid": 9384,
    "index": 29
  },
  {
    "name": "Require(25) node_modules/_egg@2.23.0@egg/app/extend/request.js",
    "start": 1568110494681,
    "end": 1568110494686,
    "duration": 5,
    "pid": 9384,
    "index": 30
  },
  {
    "name": "Load extend/response.js",
    "start": 1568110494691,
    "end": 1568110494706,
    "duration": 15,
    "pid": 9384,
    "index": 31
  },
  {
    "name": "Require(26) node_modules/_egg@2.23.0@egg/app/extend/response.js",
    "start": 1568110494696,
    "end": 1568110494700,
    "duration": 4,
    "pid": 9384,
    "index": 32
  },
  {
    "name": "Load extend/context.js",
    "start": 1568110494706,
    "end": 1568110494886,
    "duration": 180,
    "pid": 9384,
    "index": 33
  },
  {
    "name": "Require(27) node_modules/_egg-security@2.6.1@egg-security/app/extend/context.js",
    "start": 1568110494707,
    "end": 1568110494735,
    "duration": 28,
    "pid": 9384,
    "index": 34
  },
  {
    "name": "Require(28) node_modules/_egg-jsonp@2.0.0@egg-jsonp/app/extend/context.js",
    "start": 1568110494736,
    "end": 1568110494739,
    "duration": 3,
    "pid": 9384,
    "index": 35
  },
  {
    "name": "Require(29) node_modules/_egg-i18n@2.1.1@egg-i18n/app/extend/context.js",
    "start": 1568110494741,
    "end": 1568110494741,
    "duration": 0,
    "pid": 9384,
    "index": 36
  },
  {
    "name": "Require(30) node_modules/_egg-multipart@2.9.0@egg-multipart/app/extend/context.js",
    "start": 1568110494743,
    "end": 1568110494860,
    "duration": 117,
    "pid": 9384,
    "index": 37
  },
  {
    "name": "Require(31) node_modules/_egg-view@2.1.2@egg-view/app/extend/context.js",
    "start": 1568110494867,
    "end": 1568110494874,
    "duration": 7,
    "pid": 9384,
    "index": 38
  },
  {
    "name": "Require(32) node_modules/_egg@2.23.0@egg/app/extend/context.js",
    "start": 1568110494875,
    "end": 1568110494881,
    "duration": 6,
    "pid": 9384,
    "index": 39
  },
  {
    "name": "Load extend/helper.js",
    "start": 1568110494886,
    "end": 1568110494939,
    "duration": 53,
    "pid": 9384,
    "index": 40
  },
  {
    "name": "Require(33) node_modules/_egg-security@2.6.1@egg-security/app/extend/helper.js",
    "start": 1568110494887,
    "end": 1568110494929,
    "duration": 42,
    "pid": 9384,
    "index": 41
  },
  {
    "name": "Require(34) node_modules/_egg@2.23.0@egg/app/extend/helper.js",
    "start": 1568110494933,
    "end": 1568110494934,
    "duration": 1,
    "pid": 9384,
    "index": 42
  },
  {
    "name": "Load app.js",
    "start": 1568110494940,
    "end": 1568110495012,
    "duration": 72,
    "pid": 9384,
    "index": 43
  },
  {
    "name": "Require(35) node_modules/_egg-session@3.1.0@egg-session/app.js",
    "start": 1568110494940,
    "end": 1568110494941,
    "duration": 1,
    "pid": 9384,
    "index": 44
  },
  {
    "name": "Require(36) node_modules/_egg-security@2.6.1@egg-security/app.js",
    "start": 1568110494942,
    "end": 1568110494946,
    "duration": 4,
    "pid": 9384,
    "index": 45
  },
  {
    "name": "Require(37) node_modules/_egg-onerror@2.1.0@egg-onerror/app.js",
    "start": 1568110494947,
    "end": 1568110494968,
    "duration": 21,
    "pid": 9384,
    "index": 46
  },
  {
    "name": "Require(38) node_modules/_egg-i18n@2.1.1@egg-i18n/app.js",
    "start": 1568110494968,
    "end": 1568110494984,
    "duration": 16,
    "pid": 9384,
    "index": 47
  },
  {
    "name": "Require(39) node_modules/_egg-watcher@3.1.0@egg-watcher/app.js",
    "start": 1568110494984,
    "end": 1568110494994,
    "duration": 10,
    "pid": 9384,
    "index": 48
  },
  {
    "name": "Require(40) node_modules/_egg-schedule@3.6.4@egg-schedule/app.js",
    "start": 1568110494995,
    "end": 1568110494998,
    "duration": 3,
    "pid": 9384,
    "index": 49
  },
  {
    "name": "Require(41) node_modules/_egg-multipart@2.9.0@egg-multipart/app.js",
    "start": 1568110494999,
    "end": 1568110495005,
    "duration": 6,
    "pid": 9384,
    "index": 50
  },
  {
    "name": "Require(42) node_modules/_egg-development@2.4.3@egg-development/app.js",
    "start": 1568110495005,
    "end": 1568110495006,
    "duration": 1,
    "pid": 9384,
    "index": 51
  },
  {
    "name": "Require(43) node_modules/_egg-logrotator@3.1.0@egg-logrotator/app.js",
    "start": 1568110495007,
    "end": 1568110495007,
    "duration": 0,
    "pid": 9384,
    "index": 52
  },
  {
    "name": "Require(44) node_modules/_egg-static@2.2.0@egg-static/app.js",
    "start": 1568110495008,
    "end": 1568110495008,
    "duration": 0,
    "pid": 9384,
    "index": 53
  },
  {
    "name": "Require(45) node_modules/_egg-sequelize@5.2.0@egg-sequelize/app.js",
    "start": 1568110495009,
    "end": 1568110495010,
    "duration": 1,
    "pid": 9384,
    "index": 54
  },
  {
    "name": "Before Start in node_modules/_egg-watcher@3.1.0@egg-watcher/lib/init.js:15:14",
    "start": 1568110495037,
    "end": 1568110496236,
    "duration": 1199,
    "pid": 9384,
    "index": 55
  },
  {
    "name": "Load \"Symbol(model)\" to Application",
    "start": 1568110495868,
    "end": 1568110495902,
    "duration": 34,
    "pid": 9384,
    "index": 56
  },
  {
    "name": "Before Start in node_modules/_egg-sequelize@5.2.0@egg-sequelize/lib/loader.js:39:7",
    "start": 1568110495915,
    "end": 1568110496284,
    "duration": 369,
    "pid": 9384,
    "index": 57
  },
  {
    "name": "Load Service",
    "start": 1568110495915,
    "end": 1568110495925,
    "duration": 10,
    "pid": 9384,
    "index": 58
  },
  {
    "name": "Load \"service\" to Context",
    "start": 1568110495916,
    "end": 1568110495925,
    "duration": 9,
    "pid": 9384,
    "index": 59
  },
  {
    "name": "Load Middleware",
    "start": 1568110495925,
    "end": 1568110496106,
    "duration": 181,
    "pid": 9384,
    "index": 60
  },
  {
    "name": "Load \"middlewares\" to Application",
    "start": 1568110495925,
    "end": 1568110496082,
    "duration": 157,
    "pid": 9384,
    "index": 61
  },
  {
    "name": "Load Controller",
    "start": 1568110496106,
    "end": 1568110496111,
    "duration": 5,
    "pid": 9384,
    "index": 62
  },
  {
    "name": "Load \"controller\" to Application",
    "start": 1568110496106,
    "end": 1568110496111,
    "duration": 5,
    "pid": 9384,
    "index": 63
  },
  {
    "name": "Load Router",
    "start": 1568110496111,
    "end": 1568110496116,
    "duration": 5,
    "pid": 9384,
    "index": 64
  },
  {
    "name": "Require(46) app/router.js",
    "start": 1568110496112,
    "end": 1568110496112,
    "duration": 0,
    "pid": 9384,
    "index": 65
  },
  {
    "name": "Before Start in node_modules/_egg-core@4.17.3@egg-core/lib/egg.js:303:10",
    "start": 1568110496113,
    "end": 1568110496147,
    "duration": 34,
    "pid": 9384,
    "index": 66
  }
]