[
  {
    "name": "Application Start",
    "start": 1568115103678,
    "end": 1568115104852,
    "duration": 1174,
    "pid": 10772,
    "index": 0
  },
  {
    "name": "Load Plugin",
    "start": 1568115103685,
    "end": 1568115103714,
    "duration": 29,
    "pid": 10772,
    "index": 1
  },
  {
    "name": "Load Config",
    "start": 1568115103715,
    "end": 1568115103746,
    "duration": 31,
    "pid": 10772,
    "index": 2
  },
  {
    "name": "Require(0) config/config.default.js",
    "start": 1568115103716,
    "end": 1568115103716,
    "duration": 0,
    "pid": 10772,
    "index": 3
  },
  {
    "name": "Require(1) node_modules/_egg-session@3.1.0@egg-session/config/config.default.js",
    "start": 1568115103719,
    "end": 1568115103720,
    "duration": 1,
    "pid": 10772,
    "index": 4
  },
  {
    "name": "Require(2) node_modules/_egg-security@2.6.1@egg-security/config/config.default.js",
    "start": 1568115103721,
    "end": 1568115103722,
    "duration": 1,
    "pid": 10772,
    "index": 5
  },
  {
    "name": "Require(3) node_modules/_egg-jsonp@2.0.0@egg-jsonp/config/config.default.js",
    "start": 1568115103724,
    "end": 1568115103724,
    "duration": 0,
    "pid": 10772,
    "index": 6
  },
  {
    "name": "Require(4) node_modules/_egg-onerror@2.1.0@egg-onerror/config/config.default.js",
    "start": 1568115103725,
    "end": 1568115103725,
    "duration": 0,
    "pid": 10772,
    "index": 7
  },
  {
    "name": "Require(5) node_modules/_egg-i18n@2.1.1@egg-i18n/config/config.default.js",
    "start": 1568115103726,
    "end": 1568115103726,
    "duration": 0,
    "pid": 10772,
    "index": 8
  },
  {
    "name": "Require(6) node_modules/_egg-watcher@3.1.0@egg-watcher/config/config.default.js",
    "start": 1568115103727,
    "end": 1568115103727,
    "duration": 0,
    "pid": 10772,
    "index": 9
  },
  {
    "name": "Require(7) node_modules/_egg-schedule@3.6.4@egg-schedule/config/config.default.js",
    "start": 1568115103728,
    "end": 1568115103728,
    "duration": 0,
    "pid": 10772,
    "index": 10
  },
  {
    "name": "Require(8) node_modules/_egg-multipart@2.9.0@egg-multipart/config/config.default.js",
    "start": 1568115103729,
    "end": 1568115103729,
    "duration": 0,
    "pid": 10772,
    "index": 11
  },
  {
    "name": "Require(9) node_modules/_egg-development@2.4.3@egg-development/config/config.default.js",
    "start": 1568115103730,
    "end": 1568115103731,
    "duration": 1,
    "pid": 10772,
    "index": 12
  },
  {
    "name": "Require(10) node_modules/_egg-logrotator@3.1.0@egg-logrotator/config/config.default.js",
    "start": 1568115103731,
    "end": 1568115103732,
    "duration": 1,
    "pid": 10772,
    "index": 13
  },
  {
    "name": "Require(11) node_modules/_egg-static@2.2.0@egg-static/config/config.default.js",
    "start": 1568115103732,
    "end": 1568115103733,
    "duration": 1,
    "pid": 10772,
    "index": 14
  },
  {
    "name": "Require(12) node_modules/_egg-view@2.1.2@egg-view/config/config.default.js",
    "start": 1568115103734,
    "end": 1568115103734,
    "duration": 0,
    "pid": 10772,
    "index": 15
  },
  {
    "name": "Require(13) node_modules/_egg-sequelize@5.2.0@egg-sequelize/config/config.default.js",
    "start": 1568115103735,
    "end": 1568115103736,
    "duration": 1,
    "pid": 10772,
    "index": 16
  },
  {
    "name": "Require(14) node_modules/_egg@2.23.0@egg/config/config.default.js",
    "start": 1568115103736,
    "end": 1568115103737,
    "duration": 1,
    "pid": 10772,
    "index": 17
  },
  {
    "name": "Require(15) config/config.default.js",
    "start": 1568115103738,
    "end": 1568115103738,
    "duration": 0,
    "pid": 10772,
    "index": 18
  },
  {
    "name": "Require(16) node_modules/_egg-security@2.6.1@egg-security/config/config.local.js",
    "start": 1568115103739,
    "end": 1568115103740,
    "duration": 1,
    "pid": 10772,
    "index": 19
  },
  {
    "name": "Require(17) node_modules/_egg-watcher@3.1.0@egg-watcher/config/config.local.js",
    "start": 1568115103741,
    "end": 1568115103742,
    "duration": 1,
    "pid": 10772,
    "index": 20
  },
  {
    "name": "Require(18) node_modules/_egg-view@2.1.2@egg-view/config/config.local.js",
    "start": 1568115103744,
    "end": 1568115103744,
    "duration": 0,
    "pid": 10772,
    "index": 21
  },
  {
    "name": "Require(19) node_modules/_egg@2.23.0@egg/config/config.local.js",
    "start": 1568115103745,
    "end": 1568115103745,
    "duration": 0,
    "pid": 10772,
    "index": 22
  },
  {
    "name": "Load extend/application.js",
    "start": 1568115103747,
    "end": 1568115103769,
    "duration": 22,
    "pid": 10772,
    "index": 23
  },
  {
    "name": "Require(20) node_modules/_egg-session@3.1.0@egg-session/app/extend/application.js",
    "start": 1568115103748,
    "end": 1568115103749,
    "duration": 1,
    "pid": 10772,
    "index": 24
  },
  {
    "name": "Require(21) node_modules/_egg-security@2.6.1@egg-security/app/extend/application.js",
    "start": 1568115103749,
    "end": 1568115103752,
    "duration": 3,
    "pid": 10772,
    "index": 25
  },
  {
    "name": "Require(22) node_modules/_egg-jsonp@2.0.0@egg-jsonp/app/extend/application.js",
    "start": 1568115103752,
    "end": 1568115103755,
    "duration": 3,
    "pid": 10772,
    "index": 26
  },
  {
    "name": "Require(23) node_modules/_egg-logrotator@3.1.0@egg-logrotator/app/extend/application.js",
    "start": 1568115103757,
    "end": 1568115103761,
    "duration": 4,
    "pid": 10772,
    "index": 27
  },
  {
    "name": "Require(24) node_modules/_egg-view@2.1.2@egg-view/app/extend/application.js",
    "start": 1568115103762,
    "end": 1568115103765,
    "duration": 3,
    "pid": 10772,
    "index": 28
  },
  {
    "name": "Load extend/request.js",
    "start": 1568115103769,
    "end": 1568115103779,
    "duration": 10,
    "pid": 10772,
    "index": 29
  },
  {
    "name": "Require(25) node_modules/_egg@2.23.0@egg/app/extend/request.js",
    "start": 1568115103773,
    "end": 1568115103775,
    "duration": 2,
    "pid": 10772,
    "index": 30
  },
  {
    "name": "Load extend/response.js",
    "start": 1568115103779,
    "end": 1568115103791,
    "duration": 12,
    "pid": 10772,
    "index": 31
  },
  {
    "name": "Require(26) node_modules/_egg@2.23.0@egg/app/extend/response.js",
    "start": 1568115103783,
    "end": 1568115103786,
    "duration": 3,
    "pid": 10772,
    "index": 32
  },
  {
    "name": "Load extend/context.js",
    "start": 1568115103791,
    "end": 1568115103907,
    "duration": 116,
    "pid": 10772,
    "index": 33
  },
  {
    "name": "Require(27) node_modules/_egg-security@2.6.1@egg-security/app/extend/context.js",
    "start": 1568115103792,
    "end": 1568115103814,
    "duration": 22,
    "pid": 10772,
    "index": 34
  },
  {
    "name": "Require(28) node_modules/_egg-jsonp@2.0.0@egg-jsonp/app/extend/context.js",
    "start": 1568115103815,
    "end": 1568115103818,
    "duration": 3,
    "pid": 10772,
    "index": 35
  },
  {
    "name": "Require(29) node_modules/_egg-i18n@2.1.1@egg-i18n/app/extend/context.js",
    "start": 1568115103819,
    "end": 1568115103819,
    "duration": 0,
    "pid": 10772,
    "index": 36
  },
  {
    "name": "Require(30) node_modules/_egg-multipart@2.9.0@egg-multipart/app/extend/context.js",
    "start": 1568115103821,
    "end": 1568115103897,
    "duration": 76,
    "pid": 10772,
    "index": 37
  },
  {
    "name": "Require(31) node_modules/_egg-view@2.1.2@egg-view/app/extend/context.js",
    "start": 1568115103898,
    "end": 1568115103899,
    "duration": 1,
    "pid": 10772,
    "index": 38
  },
  {
    "name": "Require(32) node_modules/_egg@2.23.0@egg/app/extend/context.js",
    "start": 1568115103900,
    "end": 1568115103904,
    "duration": 4,
    "pid": 10772,
    "index": 39
  },
  {
    "name": "Load extend/helper.js",
    "start": 1568115103907,
    "end": 1568115103944,
    "duration": 37,
    "pid": 10772,
    "index": 40
  },
  {
    "name": "Require(33) node_modules/_egg-security@2.6.1@egg-security/app/extend/helper.js",
    "start": 1568115103908,
    "end": 1568115103937,
    "duration": 29,
    "pid": 10772,
    "index": 41
  },
  {
    "name": "Require(34) node_modules/_egg@2.23.0@egg/app/extend/helper.js",
    "start": 1568115103940,
    "end": 1568115103940,
    "duration": 0,
    "pid": 10772,
    "index": 42
  },
  {
    "name": "Load app.js",
    "start": 1568115103945,
    "end": 1568115104003,
    "duration": 58,
    "pid": 10772,
    "index": 43
  },
  {
    "name": "Require(35) node_modules/_egg-session@3.1.0@egg-session/app.js",
    "start": 1568115103945,
    "end": 1568115103946,
    "duration": 1,
    "pid": 10772,
    "index": 44
  },
  {
    "name": "Require(36) node_modules/_egg-security@2.6.1@egg-security/app.js",
    "start": 1568115103946,
    "end": 1568115103949,
    "duration": 3,
    "pid": 10772,
    "index": 45
  },
  {
    "name": "Require(37) node_modules/_egg-onerror@2.1.0@egg-onerror/app.js",
    "start": 1568115103950,
    "end": 1568115103968,
    "duration": 18,
    "pid": 10772,
    "index": 46
  },
  {
    "name": "Require(38) node_modules/_egg-i18n@2.1.1@egg-i18n/app.js",
    "start": 1568115103968,
    "end": 1568115103980,
    "duration": 12,
    "pid": 10772,
    "index": 47
  },
  {
    "name": "Require(39) node_modules/_egg-watcher@3.1.0@egg-watcher/app.js",
    "start": 1568115103981,
    "end": 1568115103988,
    "duration": 7,
    "pid": 10772,
    "index": 48
  },
  {
    "name": "Require(40) node_modules/_egg-schedule@3.6.4@egg-schedule/app.js",
    "start": 1568115103989,
    "end": 1568115103992,
    "duration": 3,
    "pid": 10772,
    "index": 49
  },
  {
    "name": "Require(41) node_modules/_egg-multipart@2.9.0@egg-multipart/app.js",
    "start": 1568115103992,
    "end": 1568115103996,
    "duration": 4,
    "pid": 10772,
    "index": 50
  },
  {
    "name": "Require(42) node_modules/_egg-development@2.4.3@egg-development/app.js",
    "start": 1568115103997,
    "end": 1568115103997,
    "duration": 0,
    "pid": 10772,
    "index": 51
  },
  {
    "name": "Require(43) node_modules/_egg-logrotator@3.1.0@egg-logrotator/app.js",
    "start": 1568115103998,
    "end": 1568115103998,
    "duration": 0,
    "pid": 10772,
    "index": 52
  },
  {
    "name": "Require(44) node_modules/_egg-static@2.2.0@egg-static/app.js",
    "start": 1568115103999,
    "end": 1568115103999,
    "duration": 0,
    "pid": 10772,
    "index": 53
  },
  {
    "name": "Require(45) node_modules/_egg-sequelize@5.2.0@egg-sequelize/app.js",
    "start": 1568115104000,
    "end": 1568115104001,
    "duration": 1,
    "pid": 10772,
    "index": 54
  },
  {
    "name": "Before Start in node_modules/_egg-watcher@3.1.0@egg-watcher/lib/init.js:15:14",
    "start": 1568115104019,
    "end": 1568115104816,
    "duration": 797,
    "pid": 10772,
    "index": 55
  },
  {
    "name": "Load \"Symbol(model)\" to Application",
    "start": 1568115104574,
    "end": 1568115104597,
    "duration": 23,
    "pid": 10772,
    "index": 56
  },
  {
    "name": "Before Start in node_modules/_egg-sequelize@5.2.0@egg-sequelize/lib/loader.js:39:7",
    "start": 1568115104604,
    "end": 1568115104852,
    "duration": 248,
    "pid": 10772,
    "index": 57
  },
  {
    "name": "Load Service",
    "start": 1568115104604,
    "end": 1568115104610,
    "duration": 6,
    "pid": 10772,
    "index": 58
  },
  {
    "name": "Load \"service\" to Context",
    "start": 1568115104604,
    "end": 1568115104610,
    "duration": 6,
    "pid": 10772,
    "index": 59
  },
  {
    "name": "Load Middleware",
    "start": 1568115104610,
    "end": 1568115104742,
    "duration": 132,
    "pid": 10772,
    "index": 60
  },
  {
    "name": "Load \"middlewares\" to Application",
    "start": 1568115104610,
    "end": 1568115104724,
    "duration": 114,
    "pid": 10772,
    "index": 61
  },
  {
    "name": "Load Controller",
    "start": 1568115104743,
    "end": 1568115104747,
    "duration": 4,
    "pid": 10772,
    "index": 62
  },
  {
    "name": "Load \"controller\" to Application",
    "start": 1568115104743,
    "end": 1568115104747,
    "duration": 4,
    "pid": 10772,
    "index": 63
  },
  {
    "name": "Load Router",
    "start": 1568115104747,
    "end": 1568115104750,
    "duration": 3,
    "pid": 10772,
    "index": 64
  },
  {
    "name": "Require(46) app/router.js",
    "start": 1568115104747,
    "end": 1568115104747,
    "duration": 0,
    "pid": 10772,
    "index": 65
  },
  {
    "name": "Before Start in node_modules/_egg-core@4.17.3@egg-core/lib/egg.js:303:10",
    "start": 1568115104748,
    "end": 1568115104771,
    "duration": 23,
    "pid": 10772,
    "index": 66
  }
]