[
  {
    "name": "Application Start",
    "start": 1568119201499,
    "end": 1568119202632,
    "duration": 1133,
    "pid": 10996,
    "index": 0
  },
  {
    "name": "Load Plugin",
    "start": 1568119201508,
    "end": 1568119201540,
    "duration": 32,
    "pid": 10996,
    "index": 1
  },
  {
    "name": "Load Config",
    "start": 1568119201540,
    "end": 1568119201572,
    "duration": 32,
    "pid": 10996,
    "index": 2
  },
  {
    "name": "Require(0) config/config.default.js",
    "start": 1568119201542,
    "end": 1568119201542,
    "duration": 0,
    "pid": 10996,
    "index": 3
  },
  {
    "name": "Require(1) node_modules/_egg-session@3.1.0@egg-session/config/config.default.js",
    "start": 1568119201544,
    "end": 1568119201545,
    "duration": 1,
    "pid": 10996,
    "index": 4
  },
  {
    "name": "Require(2) node_modules/_egg-security@2.6.1@egg-security/config/config.default.js",
    "start": 1568119201546,
    "end": 1568119201546,
    "duration": 0,
    "pid": 10996,
    "index": 5
  },
  {
    "name": "Require(3) node_modules/_egg-jsonp@2.0.0@egg-jsonp/config/config.default.js",
    "start": 1568119201547,
    "end": 1568119201548,
    "duration": 1,
    "pid": 10996,
    "index": 6
  },
  {
    "name": "Require(4) node_modules/_egg-onerror@2.1.0@egg-onerror/config/config.default.js",
    "start": 1568119201549,
    "end": 1568119201549,
    "duration": 0,
    "pid": 10996,
    "index": 7
  },
  {
    "name": "Require(5) node_modules/_egg-i18n@2.1.1@egg-i18n/config/config.default.js",
    "start": 1568119201550,
    "end": 1568119201550,
    "duration": 0,
    "pid": 10996,
    "index": 8
  },
  {
    "name": "Require(6) node_modules/_egg-watcher@3.1.0@egg-watcher/config/config.default.js",
    "start": 1568119201551,
    "end": 1568119201551,
    "duration": 0,
    "pid": 10996,
    "index": 9
  },
  {
    "name": "Require(7) node_modules/_egg-schedule@3.6.4@egg-schedule/config/config.default.js",
    "start": 1568119201552,
    "end": 1568119201553,
    "duration": 1,
    "pid": 10996,
    "index": 10
  },
  {
    "name": "Require(8) node_modules/_egg-multipart@2.9.0@egg-multipart/config/config.default.js",
    "start": 1568119201554,
    "end": 1568119201555,
    "duration": 1,
    "pid": 10996,
    "index": 11
  },
  {
    "name": "Require(9) node_modules/_egg-development@2.4.3@egg-development/config/config.default.js",
    "start": 1568119201556,
    "end": 1568119201556,
    "duration": 0,
    "pid": 10996,
    "index": 12
  },
  {
    "name": "Require(10) node_modules/_egg-logrotator@3.1.0@egg-logrotator/config/config.default.js",
    "start": 1568119201557,
    "end": 1568119201557,
    "duration": 0,
    "pid": 10996,
    "index": 13
  },
  {
    "name": "Require(11) node_modules/_egg-static@2.2.0@egg-static/config/config.default.js",
    "start": 1568119201558,
    "end": 1568119201559,
    "duration": 1,
    "pid": 10996,
    "index": 14
  },
  {
    "name": "Require(12) node_modules/_egg-view@2.1.2@egg-view/config/config.default.js",
    "start": 1568119201560,
    "end": 1568119201560,
    "duration": 0,
    "pid": 10996,
    "index": 15
  },
  {
    "name": "Require(13) node_modules/_egg-sequelize@5.2.0@egg-sequelize/config/config.default.js",
    "start": 1568119201561,
    "end": 1568119201561,
    "duration": 0,
    "pid": 10996,
    "index": 16
  },
  {
    "name": "Require(14) node_modules/_egg@2.23.0@egg/config/config.default.js",
    "start": 1568119201562,
    "end": 1568119201562,
    "duration": 0,
    "pid": 10996,
    "index": 17
  },
  {
    "name": "Require(15) config/config.default.js",
    "start": 1568119201564,
    "end": 1568119201564,
    "duration": 0,
    "pid": 10996,
    "index": 18
  },
  {
    "name": "Require(16) node_modules/_egg-security@2.6.1@egg-security/config/config.local.js",
    "start": 1568119201565,
    "end": 1568119201566,
    "duration": 1,
    "pid": 10996,
    "index": 19
  },
  {
    "name": "Require(17) node_modules/_egg-watcher@3.1.0@egg-watcher/config/config.local.js",
    "start": 1568119201568,
    "end": 1568119201568,
    "duration": 0,
    "pid": 10996,
    "index": 20
  },
  {
    "name": "Require(18) node_modules/_egg-view@2.1.2@egg-view/config/config.local.js",
    "start": 1568119201570,
    "end": 1568119201570,
    "duration": 0,
    "pid": 10996,
    "index": 21
  },
  {
    "name": "Require(19) node_modules/_egg@2.23.0@egg/config/config.local.js",
    "start": 1568119201571,
    "end": 1568119201572,
    "duration": 1,
    "pid": 10996,
    "index": 22
  },
  {
    "name": "Load extend/application.js",
    "start": 1568119201574,
    "end": 1568119201594,
    "duration": 20,
    "pid": 10996,
    "index": 23
  },
  {
    "name": "Require(20) node_modules/_egg-session@3.1.0@egg-session/app/extend/application.js",
    "start": 1568119201575,
    "end": 1568119201575,
    "duration": 0,
    "pid": 10996,
    "index": 24
  },
  {
    "name": "Require(21) node_modules/_egg-security@2.6.1@egg-security/app/extend/application.js",
    "start": 1568119201576,
    "end": 1568119201577,
    "duration": 1,
    "pid": 10996,
    "index": 25
  },
  {
    "name": "Require(22) node_modules/_egg-jsonp@2.0.0@egg-jsonp/app/extend/application.js",
    "start": 1568119201578,
    "end": 1568119201580,
    "duration": 2,
    "pid": 10996,
    "index": 26
  },
  {
    "name": "Require(23) node_modules/_egg-logrotator@3.1.0@egg-logrotator/app/extend/application.js",
    "start": 1568119201583,
    "end": 1568119201587,
    "duration": 4,
    "pid": 10996,
    "index": 27
  },
  {
    "name": "Require(24) node_modules/_egg-view@2.1.2@egg-view/app/extend/application.js",
    "start": 1568119201587,
    "end": 1568119201590,
    "duration": 3,
    "pid": 10996,
    "index": 28
  },
  {
    "name": "Load extend/request.js",
    "start": 1568119201594,
    "end": 1568119201603,
    "duration": 9,
    "pid": 10996,
    "index": 29
  },
  {
    "name": "Require(25) node_modules/_egg@2.23.0@egg/app/extend/request.js",
    "start": 1568119201597,
    "end": 1568119201599,
    "duration": 2,
    "pid": 10996,
    "index": 30
  },
  {
    "name": "Load extend/response.js",
    "start": 1568119201603,
    "end": 1568119201613,
    "duration": 10,
    "pid": 10996,
    "index": 31
  },
  {
    "name": "Require(26) node_modules/_egg@2.23.0@egg/app/extend/response.js",
    "start": 1568119201606,
    "end": 1568119201609,
    "duration": 3,
    "pid": 10996,
    "index": 32
  },
  {
    "name": "Load extend/context.js",
    "start": 1568119201613,
    "end": 1568119201725,
    "duration": 112,
    "pid": 10996,
    "index": 33
  },
  {
    "name": "Require(27) node_modules/_egg-security@2.6.1@egg-security/app/extend/context.js",
    "start": 1568119201613,
    "end": 1568119201636,
    "duration": 23,
    "pid": 10996,
    "index": 34
  },
  {
    "name": "Require(28) node_modules/_egg-jsonp@2.0.0@egg-jsonp/app/extend/context.js",
    "start": 1568119201636,
    "end": 1568119201639,
    "duration": 3,
    "pid": 10996,
    "index": 35
  },
  {
    "name": "Require(29) node_modules/_egg-i18n@2.1.1@egg-i18n/app/extend/context.js",
    "start": 1568119201640,
    "end": 1568119201640,
    "duration": 0,
    "pid": 10996,
    "index": 36
  },
  {
    "name": "Require(30) node_modules/_egg-multipart@2.9.0@egg-multipart/app/extend/context.js",
    "start": 1568119201642,
    "end": 1568119201716,
    "duration": 74,
    "pid": 10996,
    "index": 37
  },
  {
    "name": "Require(31) node_modules/_egg-view@2.1.2@egg-view/app/extend/context.js",
    "start": 1568119201717,
    "end": 1568119201718,
    "duration": 1,
    "pid": 10996,
    "index": 38
  },
  {
    "name": "Require(32) node_modules/_egg@2.23.0@egg/app/extend/context.js",
    "start": 1568119201719,
    "end": 1568119201722,
    "duration": 3,
    "pid": 10996,
    "index": 39
  },
  {
    "name": "Load extend/helper.js",
    "start": 1568119201726,
    "end": 1568119201757,
    "duration": 31,
    "pid": 10996,
    "index": 40
  },
  {
    "name": "Require(33) node_modules/_egg-security@2.6.1@egg-security/app/extend/helper.js",
    "start": 1568119201726,
    "end": 1568119201751,
    "duration": 25,
    "pid": 10996,
    "index": 41
  },
  {
    "name": "Require(34) node_modules/_egg@2.23.0@egg/app/extend/helper.js",
    "start": 1568119201753,
    "end": 1568119201754,
    "duration": 1,
    "pid": 10996,
    "index": 42
  },
  {
    "name": "Load app.js",
    "start": 1568119201758,
    "end": 1568119201808,
    "duration": 50,
    "pid": 10996,
    "index": 43
  },
  {
    "name": "Require(35) node_modules/_egg-session@3.1.0@egg-session/app.js",
    "start": 1568119201758,
    "end": 1568119201758,
    "duration": 0,
    "pid": 10996,
    "index": 44
  },
  {
    "name": "Require(36) node_modules/_egg-security@2.6.1@egg-security/app.js",
    "start": 1568119201759,
    "end": 1568119201762,
    "duration": 3,
    "pid": 10996,
    "index": 45
  },
  {
    "name": "Require(37) node_modules/_egg-onerror@2.1.0@egg-onerror/app.js",
    "start": 1568119201763,
    "end": 1568119201778,
    "duration": 15,
    "pid": 10996,
    "index": 46
  },
  {
    "name": "Require(38) node_modules/_egg-i18n@2.1.1@egg-i18n/app.js",
    "start": 1568119201779,
    "end": 1568119201790,
    "duration": 11,
    "pid": 10996,
    "index": 47
  },
  {
    "name": "Require(39) node_modules/_egg-watcher@3.1.0@egg-watcher/app.js",
    "start": 1568119201790,
    "end": 1568119201796,
    "duration": 6,
    "pid": 10996,
    "index": 48
  },
  {
    "name": "Require(40) node_modules/_egg-schedule@3.6.4@egg-schedule/app.js",
    "start": 1568119201797,
    "end": 1568119201799,
    "duration": 2,
    "pid": 10996,
    "index": 49
  },
  {
    "name": "Require(41) node_modules/_egg-multipart@2.9.0@egg-multipart/app.js",
    "start": 1568119201800,
    "end": 1568119201804,
    "duration": 4,
    "pid": 10996,
    "index": 50
  },
  {
    "name": "Require(42) node_modules/_egg-development@2.4.3@egg-development/app.js",
    "start": 1568119201804,
    "end": 1568119201804,
    "duration": 0,
    "pid": 10996,
    "index": 51
  },
  {
    "name": "Require(43) node_modules/_egg-logrotator@3.1.0@egg-logrotator/app.js",
    "start": 1568119201805,
    "end": 1568119201805,
    "duration": 0,
    "pid": 10996,
    "index": 52
  },
  {
    "name": "Require(44) node_modules/_egg-static@2.2.0@egg-static/app.js",
    "start": 1568119201806,
    "end": 1568119201806,
    "duration": 0,
    "pid": 10996,
    "index": 53
  },
  {
    "name": "Require(45) node_modules/_egg-sequelize@5.2.0@egg-sequelize/app.js",
    "start": 1568119201807,
    "end": 1568119201807,
    "duration": 0,
    "pid": 10996,
    "index": 54
  },
  {
    "name": "Before Start in node_modules/_egg-watcher@3.1.0@egg-watcher/lib/init.js:15:14",
    "start": 1568119201824,
    "end": 1568119202594,
    "duration": 770,
    "pid": 10996,
    "index": 55
  },
  {
    "name": "Load \"Symbol(model)\" to Application",
    "start": 1568119202353,
    "end": 1568119202376,
    "duration": 23,
    "pid": 10996,
    "index": 56
  },
  {
    "name": "Before Start in node_modules/_egg-sequelize@5.2.0@egg-sequelize/lib/loader.js:39:7",
    "start": 1568119202383,
    "end": 1568119202632,
    "duration": 249,
    "pid": 10996,
    "index": 57
  },
  {
    "name": "Load Service",
    "start": 1568119202384,
    "end": 1568119202389,
    "duration": 5,
    "pid": 10996,
    "index": 58
  },
  {
    "name": "Load \"service\" to Context",
    "start": 1568119202384,
    "end": 1568119202389,
    "duration": 5,
    "pid": 10996,
    "index": 59
  },
  {
    "name": "Load Middleware",
    "start": 1568119202389,
    "end": 1568119202508,
    "duration": 119,
    "pid": 10996,
    "index": 60
  },
  {
    "name": "Load \"middlewares\" to Application",
    "start": 1568119202389,
    "end": 1568119202492,
    "duration": 103,
    "pid": 10996,
    "index": 61
  },
  {
    "name": "Load Controller",
    "start": 1568119202508,
    "end": 1568119202512,
    "duration": 4,
    "pid": 10996,
    "index": 62
  },
  {
    "name": "Load \"controller\" to Application",
    "start": 1568119202508,
    "end": 1568119202512,
    "duration": 4,
    "pid": 10996,
    "index": 63
  },
  {
    "name": "Load Router",
    "start": 1568119202512,
    "end": 1568119202515,
    "duration": 3,
    "pid": 10996,
    "index": 64
  },
  {
    "name": "Require(46) app/router.js",
    "start": 1568119202512,
    "end": 1568119202513,
    "duration": 1,
    "pid": 10996,
    "index": 65
  },
  {
    "name": "Before Start in node_modules/_egg-core@4.17.3@egg-core/lib/egg.js:303:10",
    "start": 1568119202513,
    "end": 1568119202536,
    "duration": 23,
    "pid": 10996,
    "index": 66
  }
]