[
  {
    "name": "Application Start",
    "start": 1568116507881,
    "end": 1568116509018,
    "duration": 1137,
    "pid": 3912,
    "index": 0
  },
  {
    "name": "Load Plugin",
    "start": 1568116507887,
    "end": 1568116507915,
    "duration": 28,
    "pid": 3912,
    "index": 1
  },
  {
    "name": "Load Config",
    "start": 1568116507915,
    "end": 1568116507943,
    "duration": 28,
    "pid": 3912,
    "index": 2
  },
  {
    "name": "Require(0) config/config.default.js",
    "start": 1568116507917,
    "end": 1568116507917,
    "duration": 0,
    "pid": 3912,
    "index": 3
  },
  {
    "name": "Require(1) node_modules/_egg-session@3.1.0@egg-session/config/config.default.js",
    "start": 1568116507920,
    "end": 1568116507921,
    "duration": 1,
    "pid": 3912,
    "index": 4
  },
  {
    "name": "Require(2) node_modules/_egg-security@2.6.1@egg-security/config/config.default.js",
    "start": 1568116507922,
    "end": 1568116507922,
    "duration": 0,
    "pid": 3912,
    "index": 5
  },
  {
    "name": "Require(3) node_modules/_egg-jsonp@2.0.0@egg-jsonp/config/config.default.js",
    "start": 1568116507923,
    "end": 1568116507924,
    "duration": 1,
    "pid": 3912,
    "index": 6
  },
  {
    "name": "Require(4) node_modules/_egg-onerror@2.1.0@egg-onerror/config/config.default.js",
    "start": 1568116507924,
    "end": 1568116507925,
    "duration": 1,
    "pid": 3912,
    "index": 7
  },
  {
    "name": "Require(5) node_modules/_egg-i18n@2.1.1@egg-i18n/config/config.default.js",
    "start": 1568116507925,
    "end": 1568116507926,
    "duration": 1,
    "pid": 3912,
    "index": 8
  },
  {
    "name": "Require(6) node_modules/_egg-watcher@3.1.0@egg-watcher/config/config.default.js",
    "start": 1568116507926,
    "end": 1568116507927,
    "duration": 1,
    "pid": 3912,
    "index": 9
  },
  {
    "name": "Require(7) node_modules/_egg-schedule@3.6.4@egg-schedule/config/config.default.js",
    "start": 1568116507927,
    "end": 1568116507928,
    "duration": 1,
    "pid": 3912,
    "index": 10
  },
  {
    "name": "Require(8) node_modules/_egg-multipart@2.9.0@egg-multipart/config/config.default.js",
    "start": 1568116507928,
    "end": 1568116507929,
    "duration": 1,
    "pid": 3912,
    "index": 11
  },
  {
    "name": "Require(9) node_modules/_egg-development@2.4.3@egg-development/config/config.default.js",
    "start": 1568116507930,
    "end": 1568116507930,
    "duration": 0,
    "pid": 3912,
    "index": 12
  },
  {
    "name": "Require(10) node_modules/_egg-logrotator@3.1.0@egg-logrotator/config/config.default.js",
    "start": 1568116507930,
    "end": 1568116507931,
    "duration": 1,
    "pid": 3912,
    "index": 13
  },
  {
    "name": "Require(11) node_modules/_egg-static@2.2.0@egg-static/config/config.default.js",
    "start": 1568116507931,
    "end": 1568116507932,
    "duration": 1,
    "pid": 3912,
    "index": 14
  },
  {
    "name": "Require(12) node_modules/_egg-view@2.1.2@egg-view/config/config.default.js",
    "start": 1568116507932,
    "end": 1568116507933,
    "duration": 1,
    "pid": 3912,
    "index": 15
  },
  {
    "name": "Require(13) node_modules/_egg-sequelize@5.2.0@egg-sequelize/config/config.default.js",
    "start": 1568116507933,
    "end": 1568116507934,
    "duration": 1,
    "pid": 3912,
    "index": 16
  },
  {
    "name": "Require(14) node_modules/_egg@2.23.0@egg/config/config.default.js",
    "start": 1568116507934,
    "end": 1568116507935,
    "duration": 1,
    "pid": 3912,
    "index": 17
  },
  {
    "name": "Require(15) config/config.default.js",
    "start": 1568116507937,
    "end": 1568116507937,
    "duration": 0,
    "pid": 3912,
    "index": 18
  },
  {
    "name": "Require(16) node_modules/_egg-security@2.6.1@egg-security/config/config.local.js",
    "start": 1568116507938,
    "end": 1568116507938,
    "duration": 0,
    "pid": 3912,
    "index": 19
  },
  {
    "name": "Require(17) node_modules/_egg-watcher@3.1.0@egg-watcher/config/config.local.js",
    "start": 1568116507939,
    "end": 1568116507940,
    "duration": 1,
    "pid": 3912,
    "index": 20
  },
  {
    "name": "Require(18) node_modules/_egg-view@2.1.2@egg-view/config/config.local.js",
    "start": 1568116507941,
    "end": 1568116507942,
    "duration": 1,
    "pid": 3912,
    "index": 21
  },
  {
    "name": "Require(19) node_modules/_egg@2.23.0@egg/config/config.local.js",
    "start": 1568116507943,
    "end": 1568116507943,
    "duration": 0,
    "pid": 3912,
    "index": 22
  },
  {
    "name": "Load extend/application.js",
    "start": 1568116507945,
    "end": 1568116507964,
    "duration": 19,
    "pid": 3912,
    "index": 23
  },
  {
    "name": "Require(20) node_modules/_egg-session@3.1.0@egg-session/app/extend/application.js",
    "start": 1568116507946,
    "end": 1568116507946,
    "duration": 0,
    "pid": 3912,
    "index": 24
  },
  {
    "name": "Require(21) node_modules/_egg-security@2.6.1@egg-security/app/extend/application.js",
    "start": 1568116507947,
    "end": 1568116507948,
    "duration": 1,
    "pid": 3912,
    "index": 25
  },
  {
    "name": "Require(22) node_modules/_egg-jsonp@2.0.0@egg-jsonp/app/extend/application.js",
    "start": 1568116507949,
    "end": 1568116507952,
    "duration": 3,
    "pid": 3912,
    "index": 26
  },
  {
    "name": "Require(23) node_modules/_egg-logrotator@3.1.0@egg-logrotator/app/extend/application.js",
    "start": 1568116507953,
    "end": 1568116507957,
    "duration": 4,
    "pid": 3912,
    "index": 27
  },
  {
    "name": "Require(24) node_modules/_egg-view@2.1.2@egg-view/app/extend/application.js",
    "start": 1568116507958,
    "end": 1568116507960,
    "duration": 2,
    "pid": 3912,
    "index": 28
  },
  {
    "name": "Load extend/request.js",
    "start": 1568116507964,
    "end": 1568116507973,
    "duration": 9,
    "pid": 3912,
    "index": 29
  },
  {
    "name": "Require(25) node_modules/_egg@2.23.0@egg/app/extend/request.js",
    "start": 1568116507967,
    "end": 1568116507969,
    "duration": 2,
    "pid": 3912,
    "index": 30
  },
  {
    "name": "Load extend/response.js",
    "start": 1568116507973,
    "end": 1568116507982,
    "duration": 9,
    "pid": 3912,
    "index": 31
  },
  {
    "name": "Require(26) node_modules/_egg@2.23.0@egg/app/extend/response.js",
    "start": 1568116507976,
    "end": 1568116507979,
    "duration": 3,
    "pid": 3912,
    "index": 32
  },
  {
    "name": "Load extend/context.js",
    "start": 1568116507982,
    "end": 1568116508092,
    "duration": 110,
    "pid": 3912,
    "index": 33
  },
  {
    "name": "Require(27) node_modules/_egg-security@2.6.1@egg-security/app/extend/context.js",
    "start": 1568116507983,
    "end": 1568116508004,
    "duration": 21,
    "pid": 3912,
    "index": 34
  },
  {
    "name": "Require(28) node_modules/_egg-jsonp@2.0.0@egg-jsonp/app/extend/context.js",
    "start": 1568116508005,
    "end": 1568116508008,
    "duration": 3,
    "pid": 3912,
    "index": 35
  },
  {
    "name": "Require(29) node_modules/_egg-i18n@2.1.1@egg-i18n/app/extend/context.js",
    "start": 1568116508009,
    "end": 1568116508010,
    "duration": 1,
    "pid": 3912,
    "index": 36
  },
  {
    "name": "Require(30) node_modules/_egg-multipart@2.9.0@egg-multipart/app/extend/context.js",
    "start": 1568116508011,
    "end": 1568116508082,
    "duration": 71,
    "pid": 3912,
    "index": 37
  },
  {
    "name": "Require(31) node_modules/_egg-view@2.1.2@egg-view/app/extend/context.js",
    "start": 1568116508083,
    "end": 1568116508084,
    "duration": 1,
    "pid": 3912,
    "index": 38
  },
  {
    "name": "Require(32) node_modules/_egg@2.23.0@egg/app/extend/context.js",
    "start": 1568116508085,
    "end": 1568116508089,
    "duration": 4,
    "pid": 3912,
    "index": 39
  },
  {
    "name": "Load extend/helper.js",
    "start": 1568116508092,
    "end": 1568116508129,
    "duration": 37,
    "pid": 3912,
    "index": 40
  },
  {
    "name": "Require(33) node_modules/_egg-security@2.6.1@egg-security/app/extend/helper.js",
    "start": 1568116508093,
    "end": 1568116508123,
    "duration": 30,
    "pid": 3912,
    "index": 41
  },
  {
    "name": "Require(34) node_modules/_egg@2.23.0@egg/app/extend/helper.js",
    "start": 1568116508125,
    "end": 1568116508126,
    "duration": 1,
    "pid": 3912,
    "index": 42
  },
  {
    "name": "Load app.js",
    "start": 1568116508130,
    "end": 1568116508190,
    "duration": 60,
    "pid": 3912,
    "index": 43
  },
  {
    "name": "Require(35) node_modules/_egg-session@3.1.0@egg-session/app.js",
    "start": 1568116508130,
    "end": 1568116508130,
    "duration": 0,
    "pid": 3912,
    "index": 44
  },
  {
    "name": "Require(36) node_modules/_egg-security@2.6.1@egg-security/app.js",
    "start": 1568116508131,
    "end": 1568116508134,
    "duration": 3,
    "pid": 3912,
    "index": 45
  },
  {
    "name": "Require(37) node_modules/_egg-onerror@2.1.0@egg-onerror/app.js",
    "start": 1568116508135,
    "end": 1568116508153,
    "duration": 18,
    "pid": 3912,
    "index": 46
  },
  {
    "name": "Require(38) node_modules/_egg-i18n@2.1.1@egg-i18n/app.js",
    "start": 1568116508154,
    "end": 1568116508166,
    "duration": 12,
    "pid": 3912,
    "index": 47
  },
  {
    "name": "Require(39) node_modules/_egg-watcher@3.1.0@egg-watcher/app.js",
    "start": 1568116508166,
    "end": 1568116508174,
    "duration": 8,
    "pid": 3912,
    "index": 48
  },
  {
    "name": "Require(40) node_modules/_egg-schedule@3.6.4@egg-schedule/app.js",
    "start": 1568116508174,
    "end": 1568116508178,
    "duration": 4,
    "pid": 3912,
    "index": 49
  },
  {
    "name": "Require(41) node_modules/_egg-multipart@2.9.0@egg-multipart/app.js",
    "start": 1568116508178,
    "end": 1568116508184,
    "duration": 6,
    "pid": 3912,
    "index": 50
  },
  {
    "name": "Require(42) node_modules/_egg-development@2.4.3@egg-development/app.js",
    "start": 1568116508184,
    "end": 1568116508185,
    "duration": 1,
    "pid": 3912,
    "index": 51
  },
  {
    "name": "Require(43) node_modules/_egg-logrotator@3.1.0@egg-logrotator/app.js",
    "start": 1568116508185,
    "end": 1568116508186,
    "duration": 1,
    "pid": 3912,
    "index": 52
  },
  {
    "name": "Require(44) node_modules/_egg-static@2.2.0@egg-static/app.js",
    "start": 1568116508186,
    "end": 1568116508187,
    "duration": 1,
    "pid": 3912,
    "index": 53
  },
  {
    "name": "Require(45) node_modules/_egg-sequelize@5.2.0@egg-sequelize/app.js",
    "start": 1568116508188,
    "end": 1568116508188,
    "duration": 0,
    "pid": 3912,
    "index": 54
  },
  {
    "name": "Before Start in node_modules/_egg-watcher@3.1.0@egg-watcher/lib/init.js:15:14",
    "start": 1568116508206,
    "end": 1568116508980,
    "duration": 774,
    "pid": 3912,
    "index": 55
  },
  {
    "name": "Load \"Symbol(model)\" to Application",
    "start": 1568116508736,
    "end": 1568116508759,
    "duration": 23,
    "pid": 3912,
    "index": 56
  },
  {
    "name": "Before Start in node_modules/_egg-sequelize@5.2.0@egg-sequelize/lib/loader.js:39:7",
    "start": 1568116508767,
    "end": 1568116509017,
    "duration": 250,
    "pid": 3912,
    "index": 57
  },
  {
    "name": "Load Service",
    "start": 1568116508767,
    "end": 1568116508773,
    "duration": 6,
    "pid": 3912,
    "index": 58
  },
  {
    "name": "Load \"service\" to Context",
    "start": 1568116508767,
    "end": 1568116508773,
    "duration": 6,
    "pid": 3912,
    "index": 59
  },
  {
    "name": "Load Middleware",
    "start": 1568116508773,
    "end": 1568116508906,
    "duration": 133,
    "pid": 3912,
    "index": 60
  },
  {
    "name": "Load \"middlewares\" to Application",
    "start": 1568116508773,
    "end": 1568116508889,
    "duration": 116,
    "pid": 3912,
    "index": 61
  },
  {
    "name": "Load Controller",
    "start": 1568116508906,
    "end": 1568116508910,
    "duration": 4,
    "pid": 3912,
    "index": 62
  },
  {
    "name": "Load \"controller\" to Application",
    "start": 1568116508906,
    "end": 1568116508910,
    "duration": 4,
    "pid": 3912,
    "index": 63
  },
  {
    "name": "Load Router",
    "start": 1568116508910,
    "end": 1568116508913,
    "duration": 3,
    "pid": 3912,
    "index": 64
  },
  {
    "name": "Require(46) app/router.js",
    "start": 1568116508910,
    "end": 1568116508911,
    "duration": 1,
    "pid": 3912,
    "index": 65
  },
  {
    "name": "Before Start in node_modules/_egg-core@4.17.3@egg-core/lib/egg.js:303:10",
    "start": 1568116508911,
    "end": 1568116508934,
    "duration": 23,
    "pid": 3912,
    "index": 66
  }
]