[
  {
    "name": "Application Start",
    "start": 1568102671779,
    "end": 1568102673081,
    "duration": 1302,
    "pid": 12868,
    "index": 0
  },
  {
    "name": "Load Plugin",
    "start": 1568102671790,
    "end": 1568102671829,
    "duration": 39,
    "pid": 12868,
    "index": 1
  },
  {
    "name": "Load Config",
    "start": 1568102671829,
    "end": 1568102671862,
    "duration": 33,
    "pid": 12868,
    "index": 2
  },
  {
    "name": "Require(0) config/config.default.js",
    "start": 1568102671831,
    "end": 1568102671831,
    "duration": 0,
    "pid": 12868,
    "index": 3
  },
  {
    "name": "Require(1) node_modules/_egg-session@3.1.0@egg-session/config/config.default.js",
    "start": 1568102671834,
    "end": 1568102671834,
    "duration": 0,
    "pid": 12868,
    "index": 4
  },
  {
    "name": "Require(2) node_modules/_egg-security@2.6.1@egg-security/config/config.default.js",
    "start": 1568102671836,
    "end": 1568102671836,
    "duration": 0,
    "pid": 12868,
    "index": 5
  },
  {
    "name": "Require(3) node_modules/_egg-jsonp@2.0.0@egg-jsonp/config/config.default.js",
    "start": 1568102671838,
    "end": 1568102671838,
    "duration": 0,
    "pid": 12868,
    "index": 6
  },
  {
    "name": "Require(4) node_modules/_egg-onerror@2.1.0@egg-onerror/config/config.default.js",
    "start": 1568102671839,
    "end": 1568102671839,
    "duration": 0,
    "pid": 12868,
    "index": 7
  },
  {
    "name": "Require(5) node_modules/_egg-i18n@2.1.1@egg-i18n/config/config.default.js",
    "start": 1568102671840,
    "end": 1568102671841,
    "duration": 1,
    "pid": 12868,
    "index": 8
  },
  {
    "name": "Require(6) node_modules/_egg-watcher@3.1.0@egg-watcher/config/config.default.js",
    "start": 1568102671841,
    "end": 1568102671842,
    "duration": 1,
    "pid": 12868,
    "index": 9
  },
  {
    "name": "Require(7) node_modules/_egg-schedule@3.6.4@egg-schedule/config/config.default.js",
    "start": 1568102671843,
    "end": 1568102671843,
    "duration": 0,
    "pid": 12868,
    "index": 10
  },
  {
    "name": "Require(8) node_modules/_egg-multipart@2.9.0@egg-multipart/config/config.default.js",
    "start": 1568102671844,
    "end": 1568102671845,
    "duration": 1,
    "pid": 12868,
    "index": 11
  },
  {
    "name": "Require(9) node_modules/_egg-development@2.4.3@egg-development/config/config.default.js",
    "start": 1568102671846,
    "end": 1568102671846,
    "duration": 0,
    "pid": 12868,
    "index": 12
  },
  {
    "name": "Require(10) node_modules/_egg-logrotator@3.1.0@egg-logrotator/config/config.default.js",
    "start": 1568102671847,
    "end": 1568102671848,
    "duration": 1,
    "pid": 12868,
    "index": 13
  },
  {
    "name": "Require(11) node_modules/_egg-static@2.2.0@egg-static/config/config.default.js",
    "start": 1568102671849,
    "end": 1568102671849,
    "duration": 0,
    "pid": 12868,
    "index": 14
  },
  {
    "name": "Require(12) node_modules/_egg-view@2.1.2@egg-view/config/config.default.js",
    "start": 1568102671850,
    "end": 1568102671850,
    "duration": 0,
    "pid": 12868,
    "index": 15
  },
  {
    "name": "Require(13) node_modules/_egg-sequelize@5.2.0@egg-sequelize/config/config.default.js",
    "start": 1568102671851,
    "end": 1568102671852,
    "duration": 1,
    "pid": 12868,
    "index": 16
  },
  {
    "name": "Require(14) node_modules/_egg@2.23.0@egg/config/config.default.js",
    "start": 1568102671852,
    "end": 1568102671853,
    "duration": 1,
    "pid": 12868,
    "index": 17
  },
  {
    "name": "Require(15) config/config.default.js",
    "start": 1568102671855,
    "end": 1568102671855,
    "duration": 0,
    "pid": 12868,
    "index": 18
  },
  {
    "name": "Require(16) node_modules/_egg-security@2.6.1@egg-security/config/config.local.js",
    "start": 1568102671856,
    "end": 1568102671856,
    "duration": 0,
    "pid": 12868,
    "index": 19
  },
  {
    "name": "Require(17) node_modules/_egg-watcher@3.1.0@egg-watcher/config/config.local.js",
    "start": 1568102671858,
    "end": 1568102671858,
    "duration": 0,
    "pid": 12868,
    "index": 20
  },
  {
    "name": "Require(18) node_modules/_egg-view@2.1.2@egg-view/config/config.local.js",
    "start": 1568102671860,
    "end": 1568102671860,
    "duration": 0,
    "pid": 12868,
    "index": 21
  },
  {
    "name": "Require(19) node_modules/_egg@2.23.0@egg/config/config.local.js",
    "start": 1568102671861,
    "end": 1568102671862,
    "duration": 1,
    "pid": 12868,
    "index": 22
  },
  {
    "name": "Load extend/application.js",
    "start": 1568102671864,
    "end": 1568102671887,
    "duration": 23,
    "pid": 12868,
    "index": 23
  },
  {
    "name": "Require(20) node_modules/_egg-session@3.1.0@egg-session/app/extend/application.js",
    "start": 1568102671865,
    "end": 1568102671865,
    "duration": 0,
    "pid": 12868,
    "index": 24
  },
  {
    "name": "Require(21) node_modules/_egg-security@2.6.1@egg-security/app/extend/application.js",
    "start": 1568102671866,
    "end": 1568102671868,
    "duration": 2,
    "pid": 12868,
    "index": 25
  },
  {
    "name": "Require(22) node_modules/_egg-jsonp@2.0.0@egg-jsonp/app/extend/application.js",
    "start": 1568102671869,
    "end": 1568102671872,
    "duration": 3,
    "pid": 12868,
    "index": 26
  },
  {
    "name": "Require(23) node_modules/_egg-logrotator@3.1.0@egg-logrotator/app/extend/application.js",
    "start": 1568102671875,
    "end": 1568102671879,
    "duration": 4,
    "pid": 12868,
    "index": 27
  },
  {
    "name": "Require(24) node_modules/_egg-view@2.1.2@egg-view/app/extend/application.js",
    "start": 1568102671880,
    "end": 1568102671883,
    "duration": 3,
    "pid": 12868,
    "index": 28
  },
  {
    "name": "Load extend/request.js",
    "start": 1568102671887,
    "end": 1568102671897,
    "duration": 10,
    "pid": 12868,
    "index": 29
  },
  {
    "name": "Require(25) node_modules/_egg@2.23.0@egg/app/extend/request.js",
    "start": 1568102671891,
    "end": 1568102671893,
    "duration": 2,
    "pid": 12868,
    "index": 30
  },
  {
    "name": "Load extend/response.js",
    "start": 1568102671897,
    "end": 1568102671911,
    "duration": 14,
    "pid": 12868,
    "index": 31
  },
  {
    "name": "Require(26) node_modules/_egg@2.23.0@egg/app/extend/response.js",
    "start": 1568102671902,
    "end": 1568102671907,
    "duration": 5,
    "pid": 12868,
    "index": 32
  },
  {
    "name": "Load extend/context.js",
    "start": 1568102671911,
    "end": 1568102672045,
    "duration": 134,
    "pid": 12868,
    "index": 33
  },
  {
    "name": "Require(27) node_modules/_egg-security@2.6.1@egg-security/app/extend/context.js",
    "start": 1568102671912,
    "end": 1568102671937,
    "duration": 25,
    "pid": 12868,
    "index": 34
  },
  {
    "name": "Require(28) node_modules/_egg-jsonp@2.0.0@egg-jsonp/app/extend/context.js",
    "start": 1568102671938,
    "end": 1568102671941,
    "duration": 3,
    "pid": 12868,
    "index": 35
  },
  {
    "name": "Require(29) node_modules/_egg-i18n@2.1.1@egg-i18n/app/extend/context.js",
    "start": 1568102671942,
    "end": 1568102671942,
    "duration": 0,
    "pid": 12868,
    "index": 36
  },
  {
    "name": "Require(30) node_modules/_egg-multipart@2.9.0@egg-multipart/app/extend/context.js",
    "start": 1568102671944,
    "end": 1568102672032,
    "duration": 88,
    "pid": 12868,
    "index": 37
  },
  {
    "name": "Require(31) node_modules/_egg-view@2.1.2@egg-view/app/extend/context.js",
    "start": 1568102672033,
    "end": 1568102672035,
    "duration": 2,
    "pid": 12868,
    "index": 38
  },
  {
    "name": "Require(32) node_modules/_egg@2.23.0@egg/app/extend/context.js",
    "start": 1568102672036,
    "end": 1568102672040,
    "duration": 4,
    "pid": 12868,
    "index": 39
  },
  {
    "name": "Load extend/helper.js",
    "start": 1568102672045,
    "end": 1568102672088,
    "duration": 43,
    "pid": 12868,
    "index": 40
  },
  {
    "name": "Require(33) node_modules/_egg-security@2.6.1@egg-security/app/extend/helper.js",
    "start": 1568102672046,
    "end": 1568102672078,
    "duration": 32,
    "pid": 12868,
    "index": 41
  },
  {
    "name": "Require(34) node_modules/_egg@2.23.0@egg/app/extend/helper.js",
    "start": 1568102672082,
    "end": 1568102672083,
    "duration": 1,
    "pid": 12868,
    "index": 42
  },
  {
    "name": "Load app.js",
    "start": 1568102672088,
    "end": 1568102672150,
    "duration": 62,
    "pid": 12868,
    "index": 43
  },
  {
    "name": "Require(35) node_modules/_egg-session@3.1.0@egg-session/app.js",
    "start": 1568102672089,
    "end": 1568102672090,
    "duration": 1,
    "pid": 12868,
    "index": 44
  },
  {
    "name": "Require(36) node_modules/_egg-security@2.6.1@egg-security/app.js",
    "start": 1568102672090,
    "end": 1568102672095,
    "duration": 5,
    "pid": 12868,
    "index": 45
  },
  {
    "name": "Require(37) node_modules/_egg-onerror@2.1.0@egg-onerror/app.js",
    "start": 1568102672096,
    "end": 1568102672113,
    "duration": 17,
    "pid": 12868,
    "index": 46
  },
  {
    "name": "Require(38) node_modules/_egg-i18n@2.1.1@egg-i18n/app.js",
    "start": 1568102672113,
    "end": 1568102672127,
    "duration": 14,
    "pid": 12868,
    "index": 47
  },
  {
    "name": "Require(39) node_modules/_egg-watcher@3.1.0@egg-watcher/app.js",
    "start": 1568102672128,
    "end": 1568102672134,
    "duration": 6,
    "pid": 12868,
    "index": 48
  },
  {
    "name": "Require(40) node_modules/_egg-schedule@3.6.4@egg-schedule/app.js",
    "start": 1568102672135,
    "end": 1568102672138,
    "duration": 3,
    "pid": 12868,
    "index": 49
  },
  {
    "name": "Require(41) node_modules/_egg-multipart@2.9.0@egg-multipart/app.js",
    "start": 1568102672139,
    "end": 1568102672143,
    "duration": 4,
    "pid": 12868,
    "index": 50
  },
  {
    "name": "Require(42) node_modules/_egg-development@2.4.3@egg-development/app.js",
    "start": 1568102672144,
    "end": 1568102672144,
    "duration": 0,
    "pid": 12868,
    "index": 51
  },
  {
    "name": "Require(43) node_modules/_egg-logrotator@3.1.0@egg-logrotator/app.js",
    "start": 1568102672144,
    "end": 1568102672145,
    "duration": 1,
    "pid": 12868,
    "index": 52
  },
  {
    "name": "Require(44) node_modules/_egg-static@2.2.0@egg-static/app.js",
    "start": 1568102672146,
    "end": 1568102672147,
    "duration": 1,
    "pid": 12868,
    "index": 53
  },
  {
    "name": "Require(45) node_modules/_egg-sequelize@5.2.0@egg-sequelize/app.js",
    "start": 1568102672148,
    "end": 1568102672148,
    "duration": 0,
    "pid": 12868,
    "index": 54
  },
  {
    "name": "Before Start in node_modules/_egg-watcher@3.1.0@egg-watcher/lib/init.js:15:14",
    "start": 1568102672171,
    "end": 1568102673042,
    "duration": 871,
    "pid": 12868,
    "index": 55
  },
  {
    "name": "Load \"Symbol(model)\" to Application",
    "start": 1568102672774,
    "end": 1568102672802,
    "duration": 28,
    "pid": 12868,
    "index": 56
  },
  {
    "name": "Before Start in node_modules/_egg-sequelize@5.2.0@egg-sequelize/lib/loader.js:39:7",
    "start": 1568102672808,
    "end": 1568102673081,
    "duration": 273,
    "pid": 12868,
    "index": 57
  },
  {
    "name": "Load Service",
    "start": 1568102672809,
    "end": 1568102672815,
    "duration": 6,
    "pid": 12868,
    "index": 58
  },
  {
    "name": "Load \"service\" to Context",
    "start": 1568102672809,
    "end": 1568102672815,
    "duration": 6,
    "pid": 12868,
    "index": 59
  },
  {
    "name": "Load Middleware",
    "start": 1568102672816,
    "end": 1568102672947,
    "duration": 131,
    "pid": 12868,
    "index": 60
  },
  {
    "name": "Load \"middlewares\" to Application",
    "start": 1568102672816,
    "end": 1568102672930,
    "duration": 114,
    "pid": 12868,
    "index": 61
  },
  {
    "name": "Load Controller",
    "start": 1568102672947,
    "end": 1568102672949,
    "duration": 2,
    "pid": 12868,
    "index": 62
  },
  {
    "name": "Load \"controller\" to Application",
    "start": 1568102672947,
    "end": 1568102672949,
    "duration": 2,
    "pid": 12868,
    "index": 63
  },
  {
    "name": "Load Router",
    "start": 1568102672949,
    "end": 1568102672953,
    "duration": 4,
    "pid": 12868,
    "index": 64
  },
  {
    "name": "Require(46) app/router.js",
    "start": 1568102672950,
    "end": 1568102672950,
    "duration": 0,
    "pid": 12868,
    "index": 65
  },
  {
    "name": "Before Start in node_modules/_egg-core@4.17.3@egg-core/lib/egg.js:303:10",
    "start": 1568102672951,
    "end": 1568102672975,
    "duration": 24,
    "pid": 12868,
    "index": 66
  }
]