[
  {
    "name": "Application Start",
    "start": 1568110517911,
    "end": 1568110518996,
    "duration": 1085,
    "pid": 9540,
    "index": 0
  },
  {
    "name": "Load Plugin",
    "start": 1568110517917,
    "end": 1568110517944,
    "duration": 27,
    "pid": 9540,
    "index": 1
  },
  {
    "name": "Load Config",
    "start": 1568110517945,
    "end": 1568110517972,
    "duration": 27,
    "pid": 9540,
    "index": 2
  },
  {
    "name": "Require(0) config/config.default.js",
    "start": 1568110517946,
    "end": 1568110517946,
    "duration": 0,
    "pid": 9540,
    "index": 3
  },
  {
    "name": "Require(1) node_modules/_egg-session@3.1.0@egg-session/config/config.default.js",
    "start": 1568110517949,
    "end": 1568110517949,
    "duration": 0,
    "pid": 9540,
    "index": 4
  },
  {
    "name": "Require(2) node_modules/_egg-security@2.6.1@egg-security/config/config.default.js",
    "start": 1568110517950,
    "end": 1568110517950,
    "duration": 0,
    "pid": 9540,
    "index": 5
  },
  {
    "name": "Require(3) node_modules/_egg-jsonp@2.0.0@egg-jsonp/config/config.default.js",
    "start": 1568110517951,
    "end": 1568110517952,
    "duration": 1,
    "pid": 9540,
    "index": 6
  },
  {
    "name": "Require(4) node_modules/_egg-onerror@2.1.0@egg-onerror/config/config.default.js",
    "start": 1568110517952,
    "end": 1568110517953,
    "duration": 1,
    "pid": 9540,
    "index": 7
  },
  {
    "name": "Require(5) node_modules/_egg-i18n@2.1.1@egg-i18n/config/config.default.js",
    "start": 1568110517953,
    "end": 1568110517954,
    "duration": 1,
    "pid": 9540,
    "index": 8
  },
  {
    "name": "Require(6) node_modules/_egg-watcher@3.1.0@egg-watcher/config/config.default.js",
    "start": 1568110517954,
    "end": 1568110517955,
    "duration": 1,
    "pid": 9540,
    "index": 9
  },
  {
    "name": "Require(7) node_modules/_egg-schedule@3.6.4@egg-schedule/config/config.default.js",
    "start": 1568110517955,
    "end": 1568110517956,
    "duration": 1,
    "pid": 9540,
    "index": 10
  },
  {
    "name": "Require(8) node_modules/_egg-multipart@2.9.0@egg-multipart/config/config.default.js",
    "start": 1568110517956,
    "end": 1568110517957,
    "duration": 1,
    "pid": 9540,
    "index": 11
  },
  {
    "name": "Require(9) node_modules/_egg-development@2.4.3@egg-development/config/config.default.js",
    "start": 1568110517958,
    "end": 1568110517958,
    "duration": 0,
    "pid": 9540,
    "index": 12
  },
  {
    "name": "Require(10) node_modules/_egg-logrotator@3.1.0@egg-logrotator/config/config.default.js",
    "start": 1568110517958,
    "end": 1568110517959,
    "duration": 1,
    "pid": 9540,
    "index": 13
  },
  {
    "name": "Require(11) node_modules/_egg-static@2.2.0@egg-static/config/config.default.js",
    "start": 1568110517959,
    "end": 1568110517960,
    "duration": 1,
    "pid": 9540,
    "index": 14
  },
  {
    "name": "Require(12) node_modules/_egg-view@2.1.2@egg-view/config/config.default.js",
    "start": 1568110517960,
    "end": 1568110517961,
    "duration": 1,
    "pid": 9540,
    "index": 15
  },
  {
    "name": "Require(13) node_modules/_egg-sequelize@5.2.0@egg-sequelize/config/config.default.js",
    "start": 1568110517961,
    "end": 1568110517962,
    "duration": 1,
    "pid": 9540,
    "index": 16
  },
  {
    "name": "Require(14) node_modules/_egg@2.23.0@egg/config/config.default.js",
    "start": 1568110517962,
    "end": 1568110517963,
    "duration": 1,
    "pid": 9540,
    "index": 17
  },
  {
    "name": "Require(15) config/config.default.js",
    "start": 1568110517964,
    "end": 1568110517964,
    "duration": 0,
    "pid": 9540,
    "index": 18
  },
  {
    "name": "Require(16) node_modules/_egg-security@2.6.1@egg-security/config/config.local.js",
    "start": 1568110517966,
    "end": 1568110517966,
    "duration": 0,
    "pid": 9540,
    "index": 19
  },
  {
    "name": "Require(17) node_modules/_egg-watcher@3.1.0@egg-watcher/config/config.local.js",
    "start": 1568110517968,
    "end": 1568110517968,
    "duration": 0,
    "pid": 9540,
    "index": 20
  },
  {
    "name": "Require(18) node_modules/_egg-view@2.1.2@egg-view/config/config.local.js",
    "start": 1568110517970,
    "end": 1568110517970,
    "duration": 0,
    "pid": 9540,
    "index": 21
  },
  {
    "name": "Require(19) node_modules/_egg@2.23.0@egg/config/config.local.js",
    "start": 1568110517971,
    "end": 1568110517971,
    "duration": 0,
    "pid": 9540,
    "index": 22
  },
  {
    "name": "Load extend/application.js",
    "start": 1568110517973,
    "end": 1568110517992,
    "duration": 19,
    "pid": 9540,
    "index": 23
  },
  {
    "name": "Require(20) node_modules/_egg-session@3.1.0@egg-session/app/extend/application.js",
    "start": 1568110517974,
    "end": 1568110517974,
    "duration": 0,
    "pid": 9540,
    "index": 24
  },
  {
    "name": "Require(21) node_modules/_egg-security@2.6.1@egg-security/app/extend/application.js",
    "start": 1568110517975,
    "end": 1568110517977,
    "duration": 2,
    "pid": 9540,
    "index": 25
  },
  {
    "name": "Require(22) node_modules/_egg-jsonp@2.0.0@egg-jsonp/app/extend/application.js",
    "start": 1568110517977,
    "end": 1568110517980,
    "duration": 3,
    "pid": 9540,
    "index": 26
  },
  {
    "name": "Require(23) node_modules/_egg-logrotator@3.1.0@egg-logrotator/app/extend/application.js",
    "start": 1568110517982,
    "end": 1568110517985,
    "duration": 3,
    "pid": 9540,
    "index": 27
  },
  {
    "name": "Require(24) node_modules/_egg-view@2.1.2@egg-view/app/extend/application.js",
    "start": 1568110517986,
    "end": 1568110517988,
    "duration": 2,
    "pid": 9540,
    "index": 28
  },
  {
    "name": "Load extend/request.js",
    "start": 1568110517992,
    "end": 1568110518003,
    "duration": 11,
    "pid": 9540,
    "index": 29
  },
  {
    "name": "Require(25) node_modules/_egg@2.23.0@egg/app/extend/request.js",
    "start": 1568110517997,
    "end": 1568110518000,
    "duration": 3,
    "pid": 9540,
    "index": 30
  },
  {
    "name": "Load extend/response.js",
    "start": 1568110518003,
    "end": 1568110518015,
    "duration": 12,
    "pid": 9540,
    "index": 31
  },
  {
    "name": "Require(26) node_modules/_egg@2.23.0@egg/app/extend/response.js",
    "start": 1568110518008,
    "end": 1568110518012,
    "duration": 4,
    "pid": 9540,
    "index": 32
  },
  {
    "name": "Load extend/context.js",
    "start": 1568110518015,
    "end": 1568110518126,
    "duration": 111,
    "pid": 9540,
    "index": 33
  },
  {
    "name": "Require(27) node_modules/_egg-security@2.6.1@egg-security/app/extend/context.js",
    "start": 1568110518016,
    "end": 1568110518036,
    "duration": 20,
    "pid": 9540,
    "index": 34
  },
  {
    "name": "Require(28) node_modules/_egg-jsonp@2.0.0@egg-jsonp/app/extend/context.js",
    "start": 1568110518036,
    "end": 1568110518040,
    "duration": 4,
    "pid": 9540,
    "index": 35
  },
  {
    "name": "Require(29) node_modules/_egg-i18n@2.1.1@egg-i18n/app/extend/context.js",
    "start": 1568110518040,
    "end": 1568110518041,
    "duration": 1,
    "pid": 9540,
    "index": 36
  },
  {
    "name": "Require(30) node_modules/_egg-multipart@2.9.0@egg-multipart/app/extend/context.js",
    "start": 1568110518042,
    "end": 1568110518115,
    "duration": 73,
    "pid": 9540,
    "index": 37
  },
  {
    "name": "Require(31) node_modules/_egg-view@2.1.2@egg-view/app/extend/context.js",
    "start": 1568110518116,
    "end": 1568110518118,
    "duration": 2,
    "pid": 9540,
    "index": 38
  },
  {
    "name": "Require(32) node_modules/_egg@2.23.0@egg/app/extend/context.js",
    "start": 1568110518118,
    "end": 1568110518122,
    "duration": 4,
    "pid": 9540,
    "index": 39
  },
  {
    "name": "Load extend/helper.js",
    "start": 1568110518126,
    "end": 1568110518160,
    "duration": 34,
    "pid": 9540,
    "index": 40
  },
  {
    "name": "Require(33) node_modules/_egg-security@2.6.1@egg-security/app/extend/helper.js",
    "start": 1568110518127,
    "end": 1568110518151,
    "duration": 24,
    "pid": 9540,
    "index": 41
  },
  {
    "name": "Require(34) node_modules/_egg@2.23.0@egg/app/extend/helper.js",
    "start": 1568110518155,
    "end": 1568110518155,
    "duration": 0,
    "pid": 9540,
    "index": 42
  },
  {
    "name": "Load app.js",
    "start": 1568110518160,
    "end": 1568110518216,
    "duration": 56,
    "pid": 9540,
    "index": 43
  },
  {
    "name": "Require(35) node_modules/_egg-session@3.1.0@egg-session/app.js",
    "start": 1568110518161,
    "end": 1568110518161,
    "duration": 0,
    "pid": 9540,
    "index": 44
  },
  {
    "name": "Require(36) node_modules/_egg-security@2.6.1@egg-security/app.js",
    "start": 1568110518162,
    "end": 1568110518165,
    "duration": 3,
    "pid": 9540,
    "index": 45
  },
  {
    "name": "Require(37) node_modules/_egg-onerror@2.1.0@egg-onerror/app.js",
    "start": 1568110518166,
    "end": 1568110518184,
    "duration": 18,
    "pid": 9540,
    "index": 46
  },
  {
    "name": "Require(38) node_modules/_egg-i18n@2.1.1@egg-i18n/app.js",
    "start": 1568110518185,
    "end": 1568110518197,
    "duration": 12,
    "pid": 9540,
    "index": 47
  },
  {
    "name": "Require(39) node_modules/_egg-watcher@3.1.0@egg-watcher/app.js",
    "start": 1568110518197,
    "end": 1568110518203,
    "duration": 6,
    "pid": 9540,
    "index": 48
  },
  {
    "name": "Require(40) node_modules/_egg-schedule@3.6.4@egg-schedule/app.js",
    "start": 1568110518203,
    "end": 1568110518206,
    "duration": 3,
    "pid": 9540,
    "index": 49
  },
  {
    "name": "Require(41) node_modules/_egg-multipart@2.9.0@egg-multipart/app.js",
    "start": 1568110518207,
    "end": 1568110518211,
    "duration": 4,
    "pid": 9540,
    "index": 50
  },
  {
    "name": "Require(42) node_modules/_egg-development@2.4.3@egg-development/app.js",
    "start": 1568110518212,
    "end": 1568110518212,
    "duration": 0,
    "pid": 9540,
    "index": 51
  },
  {
    "name": "Require(43) node_modules/_egg-logrotator@3.1.0@egg-logrotator/app.js",
    "start": 1568110518212,
    "end": 1568110518213,
    "duration": 1,
    "pid": 9540,
    "index": 52
  },
  {
    "name": "Require(44) node_modules/_egg-static@2.2.0@egg-static/app.js",
    "start": 1568110518213,
    "end": 1568110518214,
    "duration": 1,
    "pid": 9540,
    "index": 53
  },
  {
    "name": "Require(45) node_modules/_egg-sequelize@5.2.0@egg-sequelize/app.js",
    "start": 1568110518215,
    "end": 1568110518215,
    "duration": 0,
    "pid": 9540,
    "index": 54
  },
  {
    "name": "Before Start in node_modules/_egg-watcher@3.1.0@egg-watcher/lib/init.js:15:14",
    "start": 1568110518232,
    "end": 1568110518957,
    "duration": 725,
    "pid": 9540,
    "index": 55
  },
  {
    "name": "Load \"Symbol(model)\" to Application",
    "start": 1568110518717,
    "end": 1568110518740,
    "duration": 23,
    "pid": 9540,
    "index": 56
  },
  {
    "name": "Before Start in node_modules/_egg-sequelize@5.2.0@egg-sequelize/lib/loader.js:39:7",
    "start": 1568110518748,
    "end": 1568110518996,
    "duration": 248,
    "pid": 9540,
    "index": 57
  },
  {
    "name": "Load Service",
    "start": 1568110518748,
    "end": 1568110518753,
    "duration": 5,
    "pid": 9540,
    "index": 58
  },
  {
    "name": "Load \"service\" to Context",
    "start": 1568110518749,
    "end": 1568110518753,
    "duration": 4,
    "pid": 9540,
    "index": 59
  },
  {
    "name": "Load Middleware",
    "start": 1568110518754,
    "end": 1568110518878,
    "duration": 124,
    "pid": 9540,
    "index": 60
  },
  {
    "name": "Load \"middlewares\" to Application",
    "start": 1568110518754,
    "end": 1568110518862,
    "duration": 108,
    "pid": 9540,
    "index": 61
  },
  {
    "name": "Load Controller",
    "start": 1568110518878,
    "end": 1568110518882,
    "duration": 4,
    "pid": 9540,
    "index": 62
  },
  {
    "name": "Load \"controller\" to Application",
    "start": 1568110518878,
    "end": 1568110518882,
    "duration": 4,
    "pid": 9540,
    "index": 63
  },
  {
    "name": "Load Router",
    "start": 1568110518882,
    "end": 1568110518886,
    "duration": 4,
    "pid": 9540,
    "index": 64
  },
  {
    "name": "Require(46) app/router.js",
    "start": 1568110518883,
    "end": 1568110518883,
    "duration": 0,
    "pid": 9540,
    "index": 65
  },
  {
    "name": "Before Start in node_modules/_egg-core@4.17.3@egg-core/lib/egg.js:303:10",
    "start": 1568110518883,
    "end": 1568110518906,
    "duration": 23,
    "pid": 9540,
    "index": 66
  }
]