[
  {
    "name": "Application Start",
    "start": 1568118290506,
    "end": 1568118291710,
    "duration": 1204,
    "pid": 10976,
    "index": 0
  },
  {
    "name": "Load Plugin",
    "start": 1568118290514,
    "end": 1568118290539,
    "duration": 25,
    "pid": 10976,
    "index": 1
  },
  {
    "name": "Load Config",
    "start": 1568118290539,
    "end": 1568118290565,
    "duration": 26,
    "pid": 10976,
    "index": 2
  },
  {
    "name": "Require(0) config/config.default.js",
    "start": 1568118290541,
    "end": 1568118290541,
    "duration": 0,
    "pid": 10976,
    "index": 3
  },
  {
    "name": "Require(1) node_modules/_egg-session@3.1.0@egg-session/config/config.default.js",
    "start": 1568118290543,
    "end": 1568118290543,
    "duration": 0,
    "pid": 10976,
    "index": 4
  },
  {
    "name": "Require(2) node_modules/_egg-security@2.6.1@egg-security/config/config.default.js",
    "start": 1568118290544,
    "end": 1568118290544,
    "duration": 0,
    "pid": 10976,
    "index": 5
  },
  {
    "name": "Require(3) node_modules/_egg-jsonp@2.0.0@egg-jsonp/config/config.default.js",
    "start": 1568118290546,
    "end": 1568118290546,
    "duration": 0,
    "pid": 10976,
    "index": 6
  },
  {
    "name": "Require(4) node_modules/_egg-onerror@2.1.0@egg-onerror/config/config.default.js",
    "start": 1568118290547,
    "end": 1568118290547,
    "duration": 0,
    "pid": 10976,
    "index": 7
  },
  {
    "name": "Require(5) node_modules/_egg-i18n@2.1.1@egg-i18n/config/config.default.js",
    "start": 1568118290548,
    "end": 1568118290548,
    "duration": 0,
    "pid": 10976,
    "index": 8
  },
  {
    "name": "Require(6) node_modules/_egg-watcher@3.1.0@egg-watcher/config/config.default.js",
    "start": 1568118290549,
    "end": 1568118290549,
    "duration": 0,
    "pid": 10976,
    "index": 9
  },
  {
    "name": "Require(7) node_modules/_egg-schedule@3.6.4@egg-schedule/config/config.default.js",
    "start": 1568118290550,
    "end": 1568118290550,
    "duration": 0,
    "pid": 10976,
    "index": 10
  },
  {
    "name": "Require(8) node_modules/_egg-multipart@2.9.0@egg-multipart/config/config.default.js",
    "start": 1568118290551,
    "end": 1568118290551,
    "duration": 0,
    "pid": 10976,
    "index": 11
  },
  {
    "name": "Require(9) node_modules/_egg-development@2.4.3@egg-development/config/config.default.js",
    "start": 1568118290552,
    "end": 1568118290552,
    "duration": 0,
    "pid": 10976,
    "index": 12
  },
  {
    "name": "Require(10) node_modules/_egg-logrotator@3.1.0@egg-logrotator/config/config.default.js",
    "start": 1568118290553,
    "end": 1568118290553,
    "duration": 0,
    "pid": 10976,
    "index": 13
  },
  {
    "name": "Require(11) node_modules/_egg-static@2.2.0@egg-static/config/config.default.js",
    "start": 1568118290554,
    "end": 1568118290554,
    "duration": 0,
    "pid": 10976,
    "index": 14
  },
  {
    "name": "Require(12) node_modules/_egg-view@2.1.2@egg-view/config/config.default.js",
    "start": 1568118290555,
    "end": 1568118290555,
    "duration": 0,
    "pid": 10976,
    "index": 15
  },
  {
    "name": "Require(13) node_modules/_egg-sequelize@5.2.0@egg-sequelize/config/config.default.js",
    "start": 1568118290556,
    "end": 1568118290556,
    "duration": 0,
    "pid": 10976,
    "index": 16
  },
  {
    "name": "Require(14) node_modules/_egg@2.23.0@egg/config/config.default.js",
    "start": 1568118290557,
    "end": 1568118290557,
    "duration": 0,
    "pid": 10976,
    "index": 17
  },
  {
    "name": "Require(15) config/config.default.js",
    "start": 1568118290559,
    "end": 1568118290559,
    "duration": 0,
    "pid": 10976,
    "index": 18
  },
  {
    "name": "Require(16) node_modules/_egg-security@2.6.1@egg-security/config/config.local.js",
    "start": 1568118290560,
    "end": 1568118290560,
    "duration": 0,
    "pid": 10976,
    "index": 19
  },
  {
    "name": "Require(17) node_modules/_egg-watcher@3.1.0@egg-watcher/config/config.local.js",
    "start": 1568118290561,
    "end": 1568118290562,
    "duration": 1,
    "pid": 10976,
    "index": 20
  },
  {
    "name": "Require(18) node_modules/_egg-view@2.1.2@egg-view/config/config.local.js",
    "start": 1568118290563,
    "end": 1568118290564,
    "duration": 1,
    "pid": 10976,
    "index": 21
  },
  {
    "name": "Require(19) node_modules/_egg@2.23.0@egg/config/config.local.js",
    "start": 1568118290564,
    "end": 1568118290565,
    "duration": 1,
    "pid": 10976,
    "index": 22
  },
  {
    "name": "Load extend/application.js",
    "start": 1568118290567,
    "end": 1568118290586,
    "duration": 19,
    "pid": 10976,
    "index": 23
  },
  {
    "name": "Require(20) node_modules/_egg-session@3.1.0@egg-session/app/extend/application.js",
    "start": 1568118290567,
    "end": 1568118290568,
    "duration": 1,
    "pid": 10976,
    "index": 24
  },
  {
    "name": "Require(21) node_modules/_egg-security@2.6.1@egg-security/app/extend/application.js",
    "start": 1568118290569,
    "end": 1568118290570,
    "duration": 1,
    "pid": 10976,
    "index": 25
  },
  {
    "name": "Require(22) node_modules/_egg-jsonp@2.0.0@egg-jsonp/app/extend/application.js",
    "start": 1568118290571,
    "end": 1568118290574,
    "duration": 3,
    "pid": 10976,
    "index": 26
  },
  {
    "name": "Require(23) node_modules/_egg-logrotator@3.1.0@egg-logrotator/app/extend/application.js",
    "start": 1568118290576,
    "end": 1568118290580,
    "duration": 4,
    "pid": 10976,
    "index": 27
  },
  {
    "name": "Require(24) node_modules/_egg-view@2.1.2@egg-view/app/extend/application.js",
    "start": 1568118290580,
    "end": 1568118290583,
    "duration": 3,
    "pid": 10976,
    "index": 28
  },
  {
    "name": "Load extend/request.js",
    "start": 1568118290586,
    "end": 1568118290595,
    "duration": 9,
    "pid": 10976,
    "index": 29
  },
  {
    "name": "Require(25) node_modules/_egg@2.23.0@egg/app/extend/request.js",
    "start": 1568118290590,
    "end": 1568118290592,
    "duration": 2,
    "pid": 10976,
    "index": 30
  },
  {
    "name": "Load extend/response.js",
    "start": 1568118290595,
    "end": 1568118290604,
    "duration": 9,
    "pid": 10976,
    "index": 31
  },
  {
    "name": "Require(26) node_modules/_egg@2.23.0@egg/app/extend/response.js",
    "start": 1568118290598,
    "end": 1568118290601,
    "duration": 3,
    "pid": 10976,
    "index": 32
  },
  {
    "name": "Load extend/context.js",
    "start": 1568118290604,
    "end": 1568118290725,
    "duration": 121,
    "pid": 10976,
    "index": 33
  },
  {
    "name": "Require(27) node_modules/_egg-security@2.6.1@egg-security/app/extend/context.js",
    "start": 1568118290605,
    "end": 1568118290624,
    "duration": 19,
    "pid": 10976,
    "index": 34
  },
  {
    "name": "Require(28) node_modules/_egg-jsonp@2.0.0@egg-jsonp/app/extend/context.js",
    "start": 1568118290625,
    "end": 1568118290627,
    "duration": 2,
    "pid": 10976,
    "index": 35
  },
  {
    "name": "Require(29) node_modules/_egg-i18n@2.1.1@egg-i18n/app/extend/context.js",
    "start": 1568118290628,
    "end": 1568118290628,
    "duration": 0,
    "pid": 10976,
    "index": 36
  },
  {
    "name": "Require(30) node_modules/_egg-multipart@2.9.0@egg-multipart/app/extend/context.js",
    "start": 1568118290630,
    "end": 1568118290711,
    "duration": 81,
    "pid": 10976,
    "index": 37
  },
  {
    "name": "Require(31) node_modules/_egg-view@2.1.2@egg-view/app/extend/context.js",
    "start": 1568118290712,
    "end": 1568118290714,
    "duration": 2,
    "pid": 10976,
    "index": 38
  },
  {
    "name": "Require(32) node_modules/_egg@2.23.0@egg/app/extend/context.js",
    "start": 1568118290715,
    "end": 1568118290720,
    "duration": 5,
    "pid": 10976,
    "index": 39
  },
  {
    "name": "Load extend/helper.js",
    "start": 1568118290726,
    "end": 1568118290762,
    "duration": 36,
    "pid": 10976,
    "index": 40
  },
  {
    "name": "Require(33) node_modules/_egg-security@2.6.1@egg-security/app/extend/helper.js",
    "start": 1568118290727,
    "end": 1568118290755,
    "duration": 28,
    "pid": 10976,
    "index": 41
  },
  {
    "name": "Require(34) node_modules/_egg@2.23.0@egg/app/extend/helper.js",
    "start": 1568118290758,
    "end": 1568118290758,
    "duration": 0,
    "pid": 10976,
    "index": 42
  },
  {
    "name": "Load app.js",
    "start": 1568118290763,
    "end": 1568118290817,
    "duration": 54,
    "pid": 10976,
    "index": 43
  },
  {
    "name": "Require(35) node_modules/_egg-session@3.1.0@egg-session/app.js",
    "start": 1568118290763,
    "end": 1568118290764,
    "duration": 1,
    "pid": 10976,
    "index": 44
  },
  {
    "name": "Require(36) node_modules/_egg-security@2.6.1@egg-security/app.js",
    "start": 1568118290764,
    "end": 1568118290767,
    "duration": 3,
    "pid": 10976,
    "index": 45
  },
  {
    "name": "Require(37) node_modules/_egg-onerror@2.1.0@egg-onerror/app.js",
    "start": 1568118290768,
    "end": 1568118290783,
    "duration": 15,
    "pid": 10976,
    "index": 46
  },
  {
    "name": "Require(38) node_modules/_egg-i18n@2.1.1@egg-i18n/app.js",
    "start": 1568118290783,
    "end": 1568118290795,
    "duration": 12,
    "pid": 10976,
    "index": 47
  },
  {
    "name": "Require(39) node_modules/_egg-watcher@3.1.0@egg-watcher/app.js",
    "start": 1568118290795,
    "end": 1568118290802,
    "duration": 7,
    "pid": 10976,
    "index": 48
  },
  {
    "name": "Require(40) node_modules/_egg-schedule@3.6.4@egg-schedule/app.js",
    "start": 1568118290802,
    "end": 1568118290807,
    "duration": 5,
    "pid": 10976,
    "index": 49
  },
  {
    "name": "Require(41) node_modules/_egg-multipart@2.9.0@egg-multipart/app.js",
    "start": 1568118290808,
    "end": 1568118290812,
    "duration": 4,
    "pid": 10976,
    "index": 50
  },
  {
    "name": "Require(42) node_modules/_egg-development@2.4.3@egg-development/app.js",
    "start": 1568118290812,
    "end": 1568118290813,
    "duration": 1,
    "pid": 10976,
    "index": 51
  },
  {
    "name": "Require(43) node_modules/_egg-logrotator@3.1.0@egg-logrotator/app.js",
    "start": 1568118290813,
    "end": 1568118290813,
    "duration": 0,
    "pid": 10976,
    "index": 52
  },
  {
    "name": "Require(44) node_modules/_egg-static@2.2.0@egg-static/app.js",
    "start": 1568118290814,
    "end": 1568118290814,
    "duration": 0,
    "pid": 10976,
    "index": 53
  },
  {
    "name": "Require(45) node_modules/_egg-sequelize@5.2.0@egg-sequelize/app.js",
    "start": 1568118290815,
    "end": 1568118290815,
    "duration": 0,
    "pid": 10976,
    "index": 54
  },
  {
    "name": "Before Start in node_modules/_egg-watcher@3.1.0@egg-watcher/lib/init.js:15:14",
    "start": 1568118290834,
    "end": 1568118291658,
    "duration": 824,
    "pid": 10976,
    "index": 55
  },
  {
    "name": "Load \"Symbol(model)\" to Application",
    "start": 1568118291402,
    "end": 1568118291428,
    "duration": 26,
    "pid": 10976,
    "index": 56
  },
  {
    "name": "Before Start in node_modules/_egg-sequelize@5.2.0@egg-sequelize/lib/loader.js:39:7",
    "start": 1568118291439,
    "end": 1568118291709,
    "duration": 270,
    "pid": 10976,
    "index": 57
  },
  {
    "name": "Load Service",
    "start": 1568118291439,
    "end": 1568118291446,
    "duration": 7,
    "pid": 10976,
    "index": 58
  },
  {
    "name": "Load \"service\" to Context",
    "start": 1568118291439,
    "end": 1568118291446,
    "duration": 7,
    "pid": 10976,
    "index": 59
  },
  {
    "name": "Load Middleware",
    "start": 1568118291446,
    "end": 1568118291572,
    "duration": 126,
    "pid": 10976,
    "index": 60
  },
  {
    "name": "Load \"middlewares\" to Application",
    "start": 1568118291447,
    "end": 1568118291556,
    "duration": 109,
    "pid": 10976,
    "index": 61
  },
  {
    "name": "Load Controller",
    "start": 1568118291572,
    "end": 1568118291576,
    "duration": 4,
    "pid": 10976,
    "index": 62
  },
  {
    "name": "Load \"controller\" to Application",
    "start": 1568118291572,
    "end": 1568118291576,
    "duration": 4,
    "pid": 10976,
    "index": 63
  },
  {
    "name": "Load Router",
    "start": 1568118291576,
    "end": 1568118291579,
    "duration": 3,
    "pid": 10976,
    "index": 64
  },
  {
    "name": "Require(46) app/router.js",
    "start": 1568118291576,
    "end": 1568118291576,
    "duration": 0,
    "pid": 10976,
    "index": 65
  },
  {
    "name": "Before Start in node_modules/_egg-core@4.17.3@egg-core/lib/egg.js:303:10",
    "start": 1568118291577,
    "end": 1568118291598,
    "duration": 21,
    "pid": 10976,
    "index": 66
  }
]