[
  {
    "name": "Application Start",
    "start": 1568116986858,
    "end": 1568116988100,
    "duration": 1242,
    "pid": 13096,
    "index": 0
  },
  {
    "name": "Load Plugin",
    "start": 1568116986866,
    "end": 1568116986893,
    "duration": 27,
    "pid": 13096,
    "index": 1
  },
  {
    "name": "Load Config",
    "start": 1568116986894,
    "end": 1568116986922,
    "duration": 28,
    "pid": 13096,
    "index": 2
  },
  {
    "name": "Require(0) config/config.default.js",
    "start": 1568116986895,
    "end": 1568116986895,
    "duration": 0,
    "pid": 13096,
    "index": 3
  },
  {
    "name": "Require(1) node_modules/_egg-session@3.1.0@egg-session/config/config.default.js",
    "start": 1568116986897,
    "end": 1568116986898,
    "duration": 1,
    "pid": 13096,
    "index": 4
  },
  {
    "name": "Require(2) node_modules/_egg-security@2.6.1@egg-security/config/config.default.js",
    "start": 1568116986898,
    "end": 1568116986899,
    "duration": 1,
    "pid": 13096,
    "index": 5
  },
  {
    "name": "Require(3) node_modules/_egg-jsonp@2.0.0@egg-jsonp/config/config.default.js",
    "start": 1568116986900,
    "end": 1568116986900,
    "duration": 0,
    "pid": 13096,
    "index": 6
  },
  {
    "name": "Require(4) node_modules/_egg-onerror@2.1.0@egg-onerror/config/config.default.js",
    "start": 1568116986901,
    "end": 1568116986902,
    "duration": 1,
    "pid": 13096,
    "index": 7
  },
  {
    "name": "Require(5) node_modules/_egg-i18n@2.1.1@egg-i18n/config/config.default.js",
    "start": 1568116986902,
    "end": 1568116986902,
    "duration": 0,
    "pid": 13096,
    "index": 8
  },
  {
    "name": "Require(6) node_modules/_egg-watcher@3.1.0@egg-watcher/config/config.default.js",
    "start": 1568116986903,
    "end": 1568116986904,
    "duration": 1,
    "pid": 13096,
    "index": 9
  },
  {
    "name": "Require(7) node_modules/_egg-schedule@3.6.4@egg-schedule/config/config.default.js",
    "start": 1568116986904,
    "end": 1568116986905,
    "duration": 1,
    "pid": 13096,
    "index": 10
  },
  {
    "name": "Require(8) node_modules/_egg-multipart@2.9.0@egg-multipart/config/config.default.js",
    "start": 1568116986906,
    "end": 1568116986907,
    "duration": 1,
    "pid": 13096,
    "index": 11
  },
  {
    "name": "Require(9) node_modules/_egg-development@2.4.3@egg-development/config/config.default.js",
    "start": 1568116986908,
    "end": 1568116986908,
    "duration": 0,
    "pid": 13096,
    "index": 12
  },
  {
    "name": "Require(10) node_modules/_egg-logrotator@3.1.0@egg-logrotator/config/config.default.js",
    "start": 1568116986909,
    "end": 1568116986909,
    "duration": 0,
    "pid": 13096,
    "index": 13
  },
  {
    "name": "Require(11) node_modules/_egg-static@2.2.0@egg-static/config/config.default.js",
    "start": 1568116986909,
    "end": 1568116986910,
    "duration": 1,
    "pid": 13096,
    "index": 14
  },
  {
    "name": "Require(12) node_modules/_egg-view@2.1.2@egg-view/config/config.default.js",
    "start": 1568116986910,
    "end": 1568116986911,
    "duration": 1,
    "pid": 13096,
    "index": 15
  },
  {
    "name": "Require(13) node_modules/_egg-sequelize@5.2.0@egg-sequelize/config/config.default.js",
    "start": 1568116986912,
    "end": 1568116986912,
    "duration": 0,
    "pid": 13096,
    "index": 16
  },
  {
    "name": "Require(14) node_modules/_egg@2.23.0@egg/config/config.default.js",
    "start": 1568116986913,
    "end": 1568116986913,
    "duration": 0,
    "pid": 13096,
    "index": 17
  },
  {
    "name": "Require(15) config/config.default.js",
    "start": 1568116986915,
    "end": 1568116986915,
    "duration": 0,
    "pid": 13096,
    "index": 18
  },
  {
    "name": "Require(16) node_modules/_egg-security@2.6.1@egg-security/config/config.local.js",
    "start": 1568116986916,
    "end": 1568116986916,
    "duration": 0,
    "pid": 13096,
    "index": 19
  },
  {
    "name": "Require(17) node_modules/_egg-watcher@3.1.0@egg-watcher/config/config.local.js",
    "start": 1568116986918,
    "end": 1568116986918,
    "duration": 0,
    "pid": 13096,
    "index": 20
  },
  {
    "name": "Require(18) node_modules/_egg-view@2.1.2@egg-view/config/config.local.js",
    "start": 1568116986920,
    "end": 1568116986920,
    "duration": 0,
    "pid": 13096,
    "index": 21
  },
  {
    "name": "Require(19) node_modules/_egg@2.23.0@egg/config/config.local.js",
    "start": 1568116986921,
    "end": 1568116986921,
    "duration": 0,
    "pid": 13096,
    "index": 22
  },
  {
    "name": "Load extend/application.js",
    "start": 1568116986924,
    "end": 1568116986944,
    "duration": 20,
    "pid": 13096,
    "index": 23
  },
  {
    "name": "Require(20) node_modules/_egg-session@3.1.0@egg-session/app/extend/application.js",
    "start": 1568116986925,
    "end": 1568116986925,
    "duration": 0,
    "pid": 13096,
    "index": 24
  },
  {
    "name": "Require(21) node_modules/_egg-security@2.6.1@egg-security/app/extend/application.js",
    "start": 1568116986926,
    "end": 1568116986927,
    "duration": 1,
    "pid": 13096,
    "index": 25
  },
  {
    "name": "Require(22) node_modules/_egg-jsonp@2.0.0@egg-jsonp/app/extend/application.js",
    "start": 1568116986928,
    "end": 1568116986931,
    "duration": 3,
    "pid": 13096,
    "index": 26
  },
  {
    "name": "Require(23) node_modules/_egg-logrotator@3.1.0@egg-logrotator/app/extend/application.js",
    "start": 1568116986933,
    "end": 1568116986937,
    "duration": 4,
    "pid": 13096,
    "index": 27
  },
  {
    "name": "Require(24) node_modules/_egg-view@2.1.2@egg-view/app/extend/application.js",
    "start": 1568116986937,
    "end": 1568116986940,
    "duration": 3,
    "pid": 13096,
    "index": 28
  },
  {
    "name": "Load extend/request.js",
    "start": 1568116986944,
    "end": 1568116986956,
    "duration": 12,
    "pid": 13096,
    "index": 29
  },
  {
    "name": "Require(25) node_modules/_egg@2.23.0@egg/app/extend/request.js",
    "start": 1568116986948,
    "end": 1568116986952,
    "duration": 4,
    "pid": 13096,
    "index": 30
  },
  {
    "name": "Load extend/response.js",
    "start": 1568116986956,
    "end": 1568116986966,
    "duration": 10,
    "pid": 13096,
    "index": 31
  },
  {
    "name": "Require(26) node_modules/_egg@2.23.0@egg/app/extend/response.js",
    "start": 1568116986959,
    "end": 1568116986963,
    "duration": 4,
    "pid": 13096,
    "index": 32
  },
  {
    "name": "Load extend/context.js",
    "start": 1568116986966,
    "end": 1568116987075,
    "duration": 109,
    "pid": 13096,
    "index": 33
  },
  {
    "name": "Require(27) node_modules/_egg-security@2.6.1@egg-security/app/extend/context.js",
    "start": 1568116986967,
    "end": 1568116986988,
    "duration": 21,
    "pid": 13096,
    "index": 34
  },
  {
    "name": "Require(28) node_modules/_egg-jsonp@2.0.0@egg-jsonp/app/extend/context.js",
    "start": 1568116986989,
    "end": 1568116986991,
    "duration": 2,
    "pid": 13096,
    "index": 35
  },
  {
    "name": "Require(29) node_modules/_egg-i18n@2.1.1@egg-i18n/app/extend/context.js",
    "start": 1568116986992,
    "end": 1568116986992,
    "duration": 0,
    "pid": 13096,
    "index": 36
  },
  {
    "name": "Require(30) node_modules/_egg-multipart@2.9.0@egg-multipart/app/extend/context.js",
    "start": 1568116986994,
    "end": 1568116987065,
    "duration": 71,
    "pid": 13096,
    "index": 37
  },
  {
    "name": "Require(31) node_modules/_egg-view@2.1.2@egg-view/app/extend/context.js",
    "start": 1568116987066,
    "end": 1568116987068,
    "duration": 2,
    "pid": 13096,
    "index": 38
  },
  {
    "name": "Require(32) node_modules/_egg@2.23.0@egg/app/extend/context.js",
    "start": 1568116987068,
    "end": 1568116987072,
    "duration": 4,
    "pid": 13096,
    "index": 39
  },
  {
    "name": "Load extend/helper.js",
    "start": 1568116987076,
    "end": 1568116987116,
    "duration": 40,
    "pid": 13096,
    "index": 40
  },
  {
    "name": "Require(33) node_modules/_egg-security@2.6.1@egg-security/app/extend/helper.js",
    "start": 1568116987076,
    "end": 1568116987108,
    "duration": 32,
    "pid": 13096,
    "index": 41
  },
  {
    "name": "Require(34) node_modules/_egg@2.23.0@egg/app/extend/helper.js",
    "start": 1568116987112,
    "end": 1568116987112,
    "duration": 0,
    "pid": 13096,
    "index": 42
  },
  {
    "name": "Load app.js",
    "start": 1568116987116,
    "end": 1568116987169,
    "duration": 53,
    "pid": 13096,
    "index": 43
  },
  {
    "name": "Require(35) node_modules/_egg-session@3.1.0@egg-session/app.js",
    "start": 1568116987117,
    "end": 1568116987117,
    "duration": 0,
    "pid": 13096,
    "index": 44
  },
  {
    "name": "Require(36) node_modules/_egg-security@2.6.1@egg-security/app.js",
    "start": 1568116987117,
    "end": 1568116987120,
    "duration": 3,
    "pid": 13096,
    "index": 45
  },
  {
    "name": "Require(37) node_modules/_egg-onerror@2.1.0@egg-onerror/app.js",
    "start": 1568116987121,
    "end": 1568116987136,
    "duration": 15,
    "pid": 13096,
    "index": 46
  },
  {
    "name": "Require(38) node_modules/_egg-i18n@2.1.1@egg-i18n/app.js",
    "start": 1568116987136,
    "end": 1568116987148,
    "duration": 12,
    "pid": 13096,
    "index": 47
  },
  {
    "name": "Require(39) node_modules/_egg-watcher@3.1.0@egg-watcher/app.js",
    "start": 1568116987149,
    "end": 1568116987156,
    "duration": 7,
    "pid": 13096,
    "index": 48
  },
  {
    "name": "Require(40) node_modules/_egg-schedule@3.6.4@egg-schedule/app.js",
    "start": 1568116987157,
    "end": 1568116987159,
    "duration": 2,
    "pid": 13096,
    "index": 49
  },
  {
    "name": "Require(41) node_modules/_egg-multipart@2.9.0@egg-multipart/app.js",
    "start": 1568116987160,
    "end": 1568116987164,
    "duration": 4,
    "pid": 13096,
    "index": 50
  },
  {
    "name": "Require(42) node_modules/_egg-development@2.4.3@egg-development/app.js",
    "start": 1568116987165,
    "end": 1568116987165,
    "duration": 0,
    "pid": 13096,
    "index": 51
  },
  {
    "name": "Require(43) node_modules/_egg-logrotator@3.1.0@egg-logrotator/app.js",
    "start": 1568116987166,
    "end": 1568116987166,
    "duration": 0,
    "pid": 13096,
    "index": 52
  },
  {
    "name": "Require(44) node_modules/_egg-static@2.2.0@egg-static/app.js",
    "start": 1568116987166,
    "end": 1568116987167,
    "duration": 1,
    "pid": 13096,
    "index": 53
  },
  {
    "name": "Require(45) node_modules/_egg-sequelize@5.2.0@egg-sequelize/app.js",
    "start": 1568116987167,
    "end": 1568116987168,
    "duration": 1,
    "pid": 13096,
    "index": 54
  },
  {
    "name": "Before Start in node_modules/_egg-watcher@3.1.0@egg-watcher/lib/init.js:15:14",
    "start": 1568116987185,
    "end": 1568116988032,
    "duration": 847,
    "pid": 13096,
    "index": 55
  },
  {
    "name": "Load \"Symbol(model)\" to Application",
    "start": 1568116987687,
    "end": 1568116987738,
    "duration": 51,
    "pid": 13096,
    "index": 56
  },
  {
    "name": "Before Start in node_modules/_egg-sequelize@5.2.0@egg-sequelize/lib/loader.js:39:7",
    "start": 1568116987747,
    "end": 1568116988099,
    "duration": 352,
    "pid": 13096,
    "index": 57
  },
  {
    "name": "Load Service",
    "start": 1568116987747,
    "end": 1568116987757,
    "duration": 10,
    "pid": 13096,
    "index": 58
  },
  {
    "name": "Load \"service\" to Context",
    "start": 1568116987748,
    "end": 1568116987757,
    "duration": 9,
    "pid": 13096,
    "index": 59
  },
  {
    "name": "Load Middleware",
    "start": 1568116987757,
    "end": 1568116987940,
    "duration": 183,
    "pid": 13096,
    "index": 60
  },
  {
    "name": "Load \"middlewares\" to Application",
    "start": 1568116987758,
    "end": 1568116987913,
    "duration": 155,
    "pid": 13096,
    "index": 61
  },
  {
    "name": "Load Controller",
    "start": 1568116987940,
    "end": 1568116987946,
    "duration": 6,
    "pid": 13096,
    "index": 62
  },
  {
    "name": "Load \"controller\" to Application",
    "start": 1568116987940,
    "end": 1568116987946,
    "duration": 6,
    "pid": 13096,
    "index": 63
  },
  {
    "name": "Load Router",
    "start": 1568116987946,
    "end": 1568116987951,
    "duration": 5,
    "pid": 13096,
    "index": 64
  },
  {
    "name": "Require(46) app/router.js",
    "start": 1568116987947,
    "end": 1568116987947,
    "duration": 0,
    "pid": 13096,
    "index": 65
  },
  {
    "name": "Before Start in node_modules/_egg-core@4.17.3@egg-core/lib/egg.js:303:10",
    "start": 1568116987948,
    "end": 1568116987976,
    "duration": 28,
    "pid": 13096,
    "index": 66
  }
]