[
  {
    "name": "Application Start",
    "start": 1568102864495,
    "end": 1568102865624,
    "duration": 1129,
    "pid": 12744,
    "index": 0
  },
  {
    "name": "Load Plugin",
    "start": 1568102864502,
    "end": 1568102864529,
    "duration": 27,
    "pid": 12744,
    "index": 1
  },
  {
    "name": "Load Config",
    "start": 1568102864529,
    "end": 1568102864556,
    "duration": 27,
    "pid": 12744,
    "index": 2
  },
  {
    "name": "Require(0) config/config.default.js",
    "start": 1568102864531,
    "end": 1568102864531,
    "duration": 0,
    "pid": 12744,
    "index": 3
  },
  {
    "name": "Require(1) node_modules/_egg-session@3.1.0@egg-session/config/config.default.js",
    "start": 1568102864533,
    "end": 1568102864534,
    "duration": 1,
    "pid": 12744,
    "index": 4
  },
  {
    "name": "Require(2) node_modules/_egg-security@2.6.1@egg-security/config/config.default.js",
    "start": 1568102864535,
    "end": 1568102864535,
    "duration": 0,
    "pid": 12744,
    "index": 5
  },
  {
    "name": "Require(3) node_modules/_egg-jsonp@2.0.0@egg-jsonp/config/config.default.js",
    "start": 1568102864537,
    "end": 1568102864537,
    "duration": 0,
    "pid": 12744,
    "index": 6
  },
  {
    "name": "Require(4) node_modules/_egg-onerror@2.1.0@egg-onerror/config/config.default.js",
    "start": 1568102864538,
    "end": 1568102864538,
    "duration": 0,
    "pid": 12744,
    "index": 7
  },
  {
    "name": "Require(5) node_modules/_egg-i18n@2.1.1@egg-i18n/config/config.default.js",
    "start": 1568102864539,
    "end": 1568102864539,
    "duration": 0,
    "pid": 12744,
    "index": 8
  },
  {
    "name": "Require(6) node_modules/_egg-watcher@3.1.0@egg-watcher/config/config.default.js",
    "start": 1568102864540,
    "end": 1568102864540,
    "duration": 0,
    "pid": 12744,
    "index": 9
  },
  {
    "name": "Require(7) node_modules/_egg-schedule@3.6.4@egg-schedule/config/config.default.js",
    "start": 1568102864541,
    "end": 1568102864541,
    "duration": 0,
    "pid": 12744,
    "index": 10
  },
  {
    "name": "Require(8) node_modules/_egg-multipart@2.9.0@egg-multipart/config/config.default.js",
    "start": 1568102864542,
    "end": 1568102864542,
    "duration": 0,
    "pid": 12744,
    "index": 11
  },
  {
    "name": "Require(9) node_modules/_egg-development@2.4.3@egg-development/config/config.default.js",
    "start": 1568102864543,
    "end": 1568102864543,
    "duration": 0,
    "pid": 12744,
    "index": 12
  },
  {
    "name": "Require(10) node_modules/_egg-logrotator@3.1.0@egg-logrotator/config/config.default.js",
    "start": 1568102864544,
    "end": 1568102864544,
    "duration": 0,
    "pid": 12744,
    "index": 13
  },
  {
    "name": "Require(11) node_modules/_egg-static@2.2.0@egg-static/config/config.default.js",
    "start": 1568102864545,
    "end": 1568102864545,
    "duration": 0,
    "pid": 12744,
    "index": 14
  },
  {
    "name": "Require(12) node_modules/_egg-view@2.1.2@egg-view/config/config.default.js",
    "start": 1568102864546,
    "end": 1568102864546,
    "duration": 0,
    "pid": 12744,
    "index": 15
  },
  {
    "name": "Require(13) node_modules/_egg-sequelize@5.2.0@egg-sequelize/config/config.default.js",
    "start": 1568102864547,
    "end": 1568102864547,
    "duration": 0,
    "pid": 12744,
    "index": 16
  },
  {
    "name": "Require(14) node_modules/_egg@2.23.0@egg/config/config.default.js",
    "start": 1568102864548,
    "end": 1568102864548,
    "duration": 0,
    "pid": 12744,
    "index": 17
  },
  {
    "name": "Require(15) config/config.default.js",
    "start": 1568102864550,
    "end": 1568102864550,
    "duration": 0,
    "pid": 12744,
    "index": 18
  },
  {
    "name": "Require(16) node_modules/_egg-security@2.6.1@egg-security/config/config.local.js",
    "start": 1568102864551,
    "end": 1568102864551,
    "duration": 0,
    "pid": 12744,
    "index": 19
  },
  {
    "name": "Require(17) node_modules/_egg-watcher@3.1.0@egg-watcher/config/config.local.js",
    "start": 1568102864552,
    "end": 1568102864552,
    "duration": 0,
    "pid": 12744,
    "index": 20
  },
  {
    "name": "Require(18) node_modules/_egg-view@2.1.2@egg-view/config/config.local.js",
    "start": 1568102864554,
    "end": 1568102864555,
    "duration": 1,
    "pid": 12744,
    "index": 21
  },
  {
    "name": "Require(19) node_modules/_egg@2.23.0@egg/config/config.local.js",
    "start": 1568102864555,
    "end": 1568102864556,
    "duration": 1,
    "pid": 12744,
    "index": 22
  },
  {
    "name": "Load extend/application.js",
    "start": 1568102864558,
    "end": 1568102864577,
    "duration": 19,
    "pid": 12744,
    "index": 23
  },
  {
    "name": "Require(20) node_modules/_egg-session@3.1.0@egg-session/app/extend/application.js",
    "start": 1568102864559,
    "end": 1568102864559,
    "duration": 0,
    "pid": 12744,
    "index": 24
  },
  {
    "name": "Require(21) node_modules/_egg-security@2.6.1@egg-security/app/extend/application.js",
    "start": 1568102864560,
    "end": 1568102864561,
    "duration": 1,
    "pid": 12744,
    "index": 25
  },
  {
    "name": "Require(22) node_modules/_egg-jsonp@2.0.0@egg-jsonp/app/extend/application.js",
    "start": 1568102864562,
    "end": 1568102864565,
    "duration": 3,
    "pid": 12744,
    "index": 26
  },
  {
    "name": "Require(23) node_modules/_egg-logrotator@3.1.0@egg-logrotator/app/extend/application.js",
    "start": 1568102864567,
    "end": 1568102864570,
    "duration": 3,
    "pid": 12744,
    "index": 27
  },
  {
    "name": "Require(24) node_modules/_egg-view@2.1.2@egg-view/app/extend/application.js",
    "start": 1568102864571,
    "end": 1568102864574,
    "duration": 3,
    "pid": 12744,
    "index": 28
  },
  {
    "name": "Load extend/request.js",
    "start": 1568102864577,
    "end": 1568102864587,
    "duration": 10,
    "pid": 12744,
    "index": 29
  },
  {
    "name": "Require(25) node_modules/_egg@2.23.0@egg/app/extend/request.js",
    "start": 1568102864580,
    "end": 1568102864583,
    "duration": 3,
    "pid": 12744,
    "index": 30
  },
  {
    "name": "Load extend/response.js",
    "start": 1568102864587,
    "end": 1568102864599,
    "duration": 12,
    "pid": 12744,
    "index": 31
  },
  {
    "name": "Require(26) node_modules/_egg@2.23.0@egg/app/extend/response.js",
    "start": 1568102864590,
    "end": 1568102864594,
    "duration": 4,
    "pid": 12744,
    "index": 32
  },
  {
    "name": "Load extend/context.js",
    "start": 1568102864599,
    "end": 1568102864707,
    "duration": 108,
    "pid": 12744,
    "index": 33
  },
  {
    "name": "Require(27) node_modules/_egg-security@2.6.1@egg-security/app/extend/context.js",
    "start": 1568102864600,
    "end": 1568102864622,
    "duration": 22,
    "pid": 12744,
    "index": 34
  },
  {
    "name": "Require(28) node_modules/_egg-jsonp@2.0.0@egg-jsonp/app/extend/context.js",
    "start": 1568102864623,
    "end": 1568102864627,
    "duration": 4,
    "pid": 12744,
    "index": 35
  },
  {
    "name": "Require(29) node_modules/_egg-i18n@2.1.1@egg-i18n/app/extend/context.js",
    "start": 1568102864628,
    "end": 1568102864628,
    "duration": 0,
    "pid": 12744,
    "index": 36
  },
  {
    "name": "Require(30) node_modules/_egg-multipart@2.9.0@egg-multipart/app/extend/context.js",
    "start": 1568102864630,
    "end": 1568102864698,
    "duration": 68,
    "pid": 12744,
    "index": 37
  },
  {
    "name": "Require(31) node_modules/_egg-view@2.1.2@egg-view/app/extend/context.js",
    "start": 1568102864699,
    "end": 1568102864700,
    "duration": 1,
    "pid": 12744,
    "index": 38
  },
  {
    "name": "Require(32) node_modules/_egg@2.23.0@egg/app/extend/context.js",
    "start": 1568102864701,
    "end": 1568102864704,
    "duration": 3,
    "pid": 12744,
    "index": 39
  },
  {
    "name": "Load extend/helper.js",
    "start": 1568102864707,
    "end": 1568102864744,
    "duration": 37,
    "pid": 12744,
    "index": 40
  },
  {
    "name": "Require(33) node_modules/_egg-security@2.6.1@egg-security/app/extend/helper.js",
    "start": 1568102864708,
    "end": 1568102864736,
    "duration": 28,
    "pid": 12744,
    "index": 41
  },
  {
    "name": "Require(34) node_modules/_egg@2.23.0@egg/app/extend/helper.js",
    "start": 1568102864739,
    "end": 1568102864740,
    "duration": 1,
    "pid": 12744,
    "index": 42
  },
  {
    "name": "Load app.js",
    "start": 1568102864745,
    "end": 1568102864797,
    "duration": 52,
    "pid": 12744,
    "index": 43
  },
  {
    "name": "Require(35) node_modules/_egg-session@3.1.0@egg-session/app.js",
    "start": 1568102864745,
    "end": 1568102864746,
    "duration": 1,
    "pid": 12744,
    "index": 44
  },
  {
    "name": "Require(36) node_modules/_egg-security@2.6.1@egg-security/app.js",
    "start": 1568102864747,
    "end": 1568102864749,
    "duration": 2,
    "pid": 12744,
    "index": 45
  },
  {
    "name": "Require(37) node_modules/_egg-onerror@2.1.0@egg-onerror/app.js",
    "start": 1568102864750,
    "end": 1568102864765,
    "duration": 15,
    "pid": 12744,
    "index": 46
  },
  {
    "name": "Require(38) node_modules/_egg-i18n@2.1.1@egg-i18n/app.js",
    "start": 1568102864765,
    "end": 1568102864778,
    "duration": 13,
    "pid": 12744,
    "index": 47
  },
  {
    "name": "Require(39) node_modules/_egg-watcher@3.1.0@egg-watcher/app.js",
    "start": 1568102864778,
    "end": 1568102864784,
    "duration": 6,
    "pid": 12744,
    "index": 48
  },
  {
    "name": "Require(40) node_modules/_egg-schedule@3.6.4@egg-schedule/app.js",
    "start": 1568102864784,
    "end": 1568102864788,
    "duration": 4,
    "pid": 12744,
    "index": 49
  },
  {
    "name": "Require(41) node_modules/_egg-multipart@2.9.0@egg-multipart/app.js",
    "start": 1568102864788,
    "end": 1568102864792,
    "duration": 4,
    "pid": 12744,
    "index": 50
  },
  {
    "name": "Require(42) node_modules/_egg-development@2.4.3@egg-development/app.js",
    "start": 1568102864793,
    "end": 1568102864793,
    "duration": 0,
    "pid": 12744,
    "index": 51
  },
  {
    "name": "Require(43) node_modules/_egg-logrotator@3.1.0@egg-logrotator/app.js",
    "start": 1568102864794,
    "end": 1568102864794,
    "duration": 0,
    "pid": 12744,
    "index": 52
  },
  {
    "name": "Require(44) node_modules/_egg-static@2.2.0@egg-static/app.js",
    "start": 1568102864794,
    "end": 1568102864795,
    "duration": 1,
    "pid": 12744,
    "index": 53
  },
  {
    "name": "Require(45) node_modules/_egg-sequelize@5.2.0@egg-sequelize/app.js",
    "start": 1568102864796,
    "end": 1568102864796,
    "duration": 0,
    "pid": 12744,
    "index": 54
  },
  {
    "name": "Before Start in node_modules/_egg-watcher@3.1.0@egg-watcher/lib/init.js:15:14",
    "start": 1568102864813,
    "end": 1568102865586,
    "duration": 773,
    "pid": 12744,
    "index": 55
  },
  {
    "name": "Load \"Symbol(model)\" to Application",
    "start": 1568102865333,
    "end": 1568102865358,
    "duration": 25,
    "pid": 12744,
    "index": 56
  },
  {
    "name": "Before Start in node_modules/_egg-sequelize@5.2.0@egg-sequelize/lib/loader.js:39:7",
    "start": 1568102865364,
    "end": 1568102865623,
    "duration": 259,
    "pid": 12744,
    "index": 57
  },
  {
    "name": "Load Service",
    "start": 1568102865365,
    "end": 1568102865370,
    "duration": 5,
    "pid": 12744,
    "index": 58
  },
  {
    "name": "Load \"service\" to Context",
    "start": 1568102865365,
    "end": 1568102865370,
    "duration": 5,
    "pid": 12744,
    "index": 59
  },
  {
    "name": "Load Middleware",
    "start": 1568102865370,
    "end": 1568102865495,
    "duration": 125,
    "pid": 12744,
    "index": 60
  },
  {
    "name": "Load \"middlewares\" to Application",
    "start": 1568102865370,
    "end": 1568102865479,
    "duration": 109,
    "pid": 12744,
    "index": 61
  },
  {
    "name": "Load Controller",
    "start": 1568102865495,
    "end": 1568102865498,
    "duration": 3,
    "pid": 12744,
    "index": 62
  },
  {
    "name": "Load \"controller\" to Application",
    "start": 1568102865495,
    "end": 1568102865498,
    "duration": 3,
    "pid": 12744,
    "index": 63
  },
  {
    "name": "Load Router",
    "start": 1568102865498,
    "end": 1568102865501,
    "duration": 3,
    "pid": 12744,
    "index": 64
  },
  {
    "name": "Require(46) app/router.js",
    "start": 1568102865498,
    "end": 1568102865498,
    "duration": 0,
    "pid": 12744,
    "index": 65
  },
  {
    "name": "Before Start in node_modules/_egg-core@4.17.3@egg-core/lib/egg.js:303:10",
    "start": 1568102865499,
    "end": 1568102865523,
    "duration": 24,
    "pid": 12744,
    "index": 66
  }
]