[
  {
    "name": "Application Start",
    "start": 1568117423229,
    "end": 1568117424520,
    "duration": 1291,
    "pid": 4580,
    "index": 0
  },
  {
    "name": "Load Plugin",
    "start": 1568117423237,
    "end": 1568117423269,
    "duration": 32,
    "pid": 4580,
    "index": 1
  },
  {
    "name": "Load Config",
    "start": 1568117423270,
    "end": 1568117423298,
    "duration": 28,
    "pid": 4580,
    "index": 2
  },
  {
    "name": "Require(0) config/config.default.js",
    "start": 1568117423271,
    "end": 1568117423272,
    "duration": 1,
    "pid": 4580,
    "index": 3
  },
  {
    "name": "Require(1) node_modules/_egg-session@3.1.0@egg-session/config/config.default.js",
    "start": 1568117423274,
    "end": 1568117423275,
    "duration": 1,
    "pid": 4580,
    "index": 4
  },
  {
    "name": "Require(2) node_modules/_egg-security@2.6.1@egg-security/config/config.default.js",
    "start": 1568117423276,
    "end": 1568117423276,
    "duration": 0,
    "pid": 4580,
    "index": 5
  },
  {
    "name": "Require(3) node_modules/_egg-jsonp@2.0.0@egg-jsonp/config/config.default.js",
    "start": 1568117423277,
    "end": 1568117423278,
    "duration": 1,
    "pid": 4580,
    "index": 6
  },
  {
    "name": "Require(4) node_modules/_egg-onerror@2.1.0@egg-onerror/config/config.default.js",
    "start": 1568117423278,
    "end": 1568117423278,
    "duration": 0,
    "pid": 4580,
    "index": 7
  },
  {
    "name": "Require(5) node_modules/_egg-i18n@2.1.1@egg-i18n/config/config.default.js",
    "start": 1568117423279,
    "end": 1568117423279,
    "duration": 0,
    "pid": 4580,
    "index": 8
  },
  {
    "name": "Require(6) node_modules/_egg-watcher@3.1.0@egg-watcher/config/config.default.js",
    "start": 1568117423280,
    "end": 1568117423280,
    "duration": 0,
    "pid": 4580,
    "index": 9
  },
  {
    "name": "Require(7) node_modules/_egg-schedule@3.6.4@egg-schedule/config/config.default.js",
    "start": 1568117423281,
    "end": 1568117423282,
    "duration": 1,
    "pid": 4580,
    "index": 10
  },
  {
    "name": "Require(8) node_modules/_egg-multipart@2.9.0@egg-multipart/config/config.default.js",
    "start": 1568117423282,
    "end": 1568117423283,
    "duration": 1,
    "pid": 4580,
    "index": 11
  },
  {
    "name": "Require(9) node_modules/_egg-development@2.4.3@egg-development/config/config.default.js",
    "start": 1568117423284,
    "end": 1568117423284,
    "duration": 0,
    "pid": 4580,
    "index": 12
  },
  {
    "name": "Require(10) node_modules/_egg-logrotator@3.1.0@egg-logrotator/config/config.default.js",
    "start": 1568117423285,
    "end": 1568117423285,
    "duration": 0,
    "pid": 4580,
    "index": 13
  },
  {
    "name": "Require(11) node_modules/_egg-static@2.2.0@egg-static/config/config.default.js",
    "start": 1568117423286,
    "end": 1568117423286,
    "duration": 0,
    "pid": 4580,
    "index": 14
  },
  {
    "name": "Require(12) node_modules/_egg-view@2.1.2@egg-view/config/config.default.js",
    "start": 1568117423287,
    "end": 1568117423288,
    "duration": 1,
    "pid": 4580,
    "index": 15
  },
  {
    "name": "Require(13) node_modules/_egg-sequelize@5.2.0@egg-sequelize/config/config.default.js",
    "start": 1568117423288,
    "end": 1568117423289,
    "duration": 1,
    "pid": 4580,
    "index": 16
  },
  {
    "name": "Require(14) node_modules/_egg@2.23.0@egg/config/config.default.js",
    "start": 1568117423290,
    "end": 1568117423291,
    "duration": 1,
    "pid": 4580,
    "index": 17
  },
  {
    "name": "Require(15) config/config.default.js",
    "start": 1568117423292,
    "end": 1568117423292,
    "duration": 0,
    "pid": 4580,
    "index": 18
  },
  {
    "name": "Require(16) node_modules/_egg-security@2.6.1@egg-security/config/config.local.js",
    "start": 1568117423293,
    "end": 1568117423293,
    "duration": 0,
    "pid": 4580,
    "index": 19
  },
  {
    "name": "Require(17) node_modules/_egg-watcher@3.1.0@egg-watcher/config/config.local.js",
    "start": 1568117423295,
    "end": 1568117423295,
    "duration": 0,
    "pid": 4580,
    "index": 20
  },
  {
    "name": "Require(18) node_modules/_egg-view@2.1.2@egg-view/config/config.local.js",
    "start": 1568117423297,
    "end": 1568117423297,
    "duration": 0,
    "pid": 4580,
    "index": 21
  },
  {
    "name": "Require(19) node_modules/_egg@2.23.0@egg/config/config.local.js",
    "start": 1568117423298,
    "end": 1568117423298,
    "duration": 0,
    "pid": 4580,
    "index": 22
  },
  {
    "name": "Load extend/application.js",
    "start": 1568117423300,
    "end": 1568117423321,
    "duration": 21,
    "pid": 4580,
    "index": 23
  },
  {
    "name": "Require(20) node_modules/_egg-session@3.1.0@egg-session/app/extend/application.js",
    "start": 1568117423301,
    "end": 1568117423302,
    "duration": 1,
    "pid": 4580,
    "index": 24
  },
  {
    "name": "Require(21) node_modules/_egg-security@2.6.1@egg-security/app/extend/application.js",
    "start": 1568117423302,
    "end": 1568117423304,
    "duration": 2,
    "pid": 4580,
    "index": 25
  },
  {
    "name": "Require(22) node_modules/_egg-jsonp@2.0.0@egg-jsonp/app/extend/application.js",
    "start": 1568117423305,
    "end": 1568117423308,
    "duration": 3,
    "pid": 4580,
    "index": 26
  },
  {
    "name": "Require(23) node_modules/_egg-logrotator@3.1.0@egg-logrotator/app/extend/application.js",
    "start": 1568117423310,
    "end": 1568117423314,
    "duration": 4,
    "pid": 4580,
    "index": 27
  },
  {
    "name": "Require(24) node_modules/_egg-view@2.1.2@egg-view/app/extend/application.js",
    "start": 1568117423315,
    "end": 1568117423317,
    "duration": 2,
    "pid": 4580,
    "index": 28
  },
  {
    "name": "Load extend/request.js",
    "start": 1568117423321,
    "end": 1568117423331,
    "duration": 10,
    "pid": 4580,
    "index": 29
  },
  {
    "name": "Require(25) node_modules/_egg@2.23.0@egg/app/extend/request.js",
    "start": 1568117423325,
    "end": 1568117423327,
    "duration": 2,
    "pid": 4580,
    "index": 30
  },
  {
    "name": "Load extend/response.js",
    "start": 1568117423331,
    "end": 1568117423341,
    "duration": 10,
    "pid": 4580,
    "index": 31
  },
  {
    "name": "Require(26) node_modules/_egg@2.23.0@egg/app/extend/response.js",
    "start": 1568117423334,
    "end": 1568117423338,
    "duration": 4,
    "pid": 4580,
    "index": 32
  },
  {
    "name": "Load extend/context.js",
    "start": 1568117423341,
    "end": 1568117423477,
    "duration": 136,
    "pid": 4580,
    "index": 33
  },
  {
    "name": "Require(27) node_modules/_egg-security@2.6.1@egg-security/app/extend/context.js",
    "start": 1568117423342,
    "end": 1568117423362,
    "duration": 20,
    "pid": 4580,
    "index": 34
  },
  {
    "name": "Require(28) node_modules/_egg-jsonp@2.0.0@egg-jsonp/app/extend/context.js",
    "start": 1568117423363,
    "end": 1568117423365,
    "duration": 2,
    "pid": 4580,
    "index": 35
  },
  {
    "name": "Require(29) node_modules/_egg-i18n@2.1.1@egg-i18n/app/extend/context.js",
    "start": 1568117423366,
    "end": 1568117423367,
    "duration": 1,
    "pid": 4580,
    "index": 36
  },
  {
    "name": "Require(30) node_modules/_egg-multipart@2.9.0@egg-multipart/app/extend/context.js",
    "start": 1568117423368,
    "end": 1568117423465,
    "duration": 97,
    "pid": 4580,
    "index": 37
  },
  {
    "name": "Require(31) node_modules/_egg-view@2.1.2@egg-view/app/extend/context.js",
    "start": 1568117423466,
    "end": 1568117423468,
    "duration": 2,
    "pid": 4580,
    "index": 38
  },
  {
    "name": "Require(32) node_modules/_egg@2.23.0@egg/app/extend/context.js",
    "start": 1568117423469,
    "end": 1568117423473,
    "duration": 4,
    "pid": 4580,
    "index": 39
  },
  {
    "name": "Load extend/helper.js",
    "start": 1568117423477,
    "end": 1568117423515,
    "duration": 38,
    "pid": 4580,
    "index": 40
  },
  {
    "name": "Require(33) node_modules/_egg-security@2.6.1@egg-security/app/extend/helper.js",
    "start": 1568117423478,
    "end": 1568117423505,
    "duration": 27,
    "pid": 4580,
    "index": 41
  },
  {
    "name": "Require(34) node_modules/_egg@2.23.0@egg/app/extend/helper.js",
    "start": 1568117423508,
    "end": 1568117423509,
    "duration": 1,
    "pid": 4580,
    "index": 42
  },
  {
    "name": "Load app.js",
    "start": 1568117423515,
    "end": 1568117423575,
    "duration": 60,
    "pid": 4580,
    "index": 43
  },
  {
    "name": "Require(35) node_modules/_egg-session@3.1.0@egg-session/app.js",
    "start": 1568117423515,
    "end": 1568117423516,
    "duration": 1,
    "pid": 4580,
    "index": 44
  },
  {
    "name": "Require(36) node_modules/_egg-security@2.6.1@egg-security/app.js",
    "start": 1568117423517,
    "end": 1568117423520,
    "duration": 3,
    "pid": 4580,
    "index": 45
  },
  {
    "name": "Require(37) node_modules/_egg-onerror@2.1.0@egg-onerror/app.js",
    "start": 1568117423522,
    "end": 1568117423539,
    "duration": 17,
    "pid": 4580,
    "index": 46
  },
  {
    "name": "Require(38) node_modules/_egg-i18n@2.1.1@egg-i18n/app.js",
    "start": 1568117423539,
    "end": 1568117423551,
    "duration": 12,
    "pid": 4580,
    "index": 47
  },
  {
    "name": "Require(39) node_modules/_egg-watcher@3.1.0@egg-watcher/app.js",
    "start": 1568117423552,
    "end": 1568117423560,
    "duration": 8,
    "pid": 4580,
    "index": 48
  },
  {
    "name": "Require(40) node_modules/_egg-schedule@3.6.4@egg-schedule/app.js",
    "start": 1568117423560,
    "end": 1568117423563,
    "duration": 3,
    "pid": 4580,
    "index": 49
  },
  {
    "name": "Require(41) node_modules/_egg-multipart@2.9.0@egg-multipart/app.js",
    "start": 1568117423564,
    "end": 1568117423569,
    "duration": 5,
    "pid": 4580,
    "index": 50
  },
  {
    "name": "Require(42) node_modules/_egg-development@2.4.3@egg-development/app.js",
    "start": 1568117423569,
    "end": 1568117423570,
    "duration": 1,
    "pid": 4580,
    "index": 51
  },
  {
    "name": "Require(43) node_modules/_egg-logrotator@3.1.0@egg-logrotator/app.js",
    "start": 1568117423570,
    "end": 1568117423571,
    "duration": 1,
    "pid": 4580,
    "index": 52
  },
  {
    "name": "Require(44) node_modules/_egg-static@2.2.0@egg-static/app.js",
    "start": 1568117423571,
    "end": 1568117423572,
    "duration": 1,
    "pid": 4580,
    "index": 53
  },
  {
    "name": "Require(45) node_modules/_egg-sequelize@5.2.0@egg-sequelize/app.js",
    "start": 1568117423573,
    "end": 1568117423574,
    "duration": 1,
    "pid": 4580,
    "index": 54
  },
  {
    "name": "Before Start in node_modules/_egg-watcher@3.1.0@egg-watcher/lib/init.js:15:14",
    "start": 1568117423592,
    "end": 1568117424481,
    "duration": 889,
    "pid": 4580,
    "index": 55
  },
  {
    "name": "Load \"Symbol(model)\" to Application",
    "start": 1568117424244,
    "end": 1568117424267,
    "duration": 23,
    "pid": 4580,
    "index": 56
  },
  {
    "name": "Before Start in node_modules/_egg-sequelize@5.2.0@egg-sequelize/lib/loader.js:39:7",
    "start": 1568117424274,
    "end": 1568117424519,
    "duration": 245,
    "pid": 4580,
    "index": 57
  },
  {
    "name": "Load Service",
    "start": 1568117424274,
    "end": 1568117424279,
    "duration": 5,
    "pid": 4580,
    "index": 58
  },
  {
    "name": "Load \"service\" to Context",
    "start": 1568117424274,
    "end": 1568117424279,
    "duration": 5,
    "pid": 4580,
    "index": 59
  },
  {
    "name": "Load Middleware",
    "start": 1568117424279,
    "end": 1568117424405,
    "duration": 126,
    "pid": 4580,
    "index": 60
  },
  {
    "name": "Load \"middlewares\" to Application",
    "start": 1568117424280,
    "end": 1568117424390,
    "duration": 110,
    "pid": 4580,
    "index": 61
  },
  {
    "name": "Load Controller",
    "start": 1568117424405,
    "end": 1568117424409,
    "duration": 4,
    "pid": 4580,
    "index": 62
  },
  {
    "name": "Load \"controller\" to Application",
    "start": 1568117424405,
    "end": 1568117424409,
    "duration": 4,
    "pid": 4580,
    "index": 63
  },
  {
    "name": "Load Router",
    "start": 1568117424409,
    "end": 1568117424412,
    "duration": 3,
    "pid": 4580,
    "index": 64
  },
  {
    "name": "Require(46) app/router.js",
    "start": 1568117424409,
    "end": 1568117424410,
    "duration": 1,
    "pid": 4580,
    "index": 65
  },
  {
    "name": "Before Start in node_modules/_egg-core@4.17.3@egg-core/lib/egg.js:303:10",
    "start": 1568117424410,
    "end": 1568117424433,
    "duration": 23,
    "pid": 4580,
    "index": 66
  }
]