[
  {
    "name": "Application Start",
    "start": 1568117000487,
    "end": 1568117001690,
    "duration": 1203,
    "pid": 11004,
    "index": 0
  },
  {
    "name": "Load Plugin",
    "start": 1568117000497,
    "end": 1568117000526,
    "duration": 29,
    "pid": 11004,
    "index": 1
  },
  {
    "name": "Load Config",
    "start": 1568117000526,
    "end": 1568117000554,
    "duration": 28,
    "pid": 11004,
    "index": 2
  },
  {
    "name": "Require(0) config/config.default.js",
    "start": 1568117000528,
    "end": 1568117000528,
    "duration": 0,
    "pid": 11004,
    "index": 3
  },
  {
    "name": "Require(1) node_modules/_egg-session@3.1.0@egg-session/config/config.default.js",
    "start": 1568117000530,
    "end": 1568117000531,
    "duration": 1,
    "pid": 11004,
    "index": 4
  },
  {
    "name": "Require(2) node_modules/_egg-security@2.6.1@egg-security/config/config.default.js",
    "start": 1568117000531,
    "end": 1568117000532,
    "duration": 1,
    "pid": 11004,
    "index": 5
  },
  {
    "name": "Require(3) node_modules/_egg-jsonp@2.0.0@egg-jsonp/config/config.default.js",
    "start": 1568117000533,
    "end": 1568117000533,
    "duration": 0,
    "pid": 11004,
    "index": 6
  },
  {
    "name": "Require(4) node_modules/_egg-onerror@2.1.0@egg-onerror/config/config.default.js",
    "start": 1568117000534,
    "end": 1568117000534,
    "duration": 0,
    "pid": 11004,
    "index": 7
  },
  {
    "name": "Require(5) node_modules/_egg-i18n@2.1.1@egg-i18n/config/config.default.js",
    "start": 1568117000535,
    "end": 1568117000535,
    "duration": 0,
    "pid": 11004,
    "index": 8
  },
  {
    "name": "Require(6) node_modules/_egg-watcher@3.1.0@egg-watcher/config/config.default.js",
    "start": 1568117000536,
    "end": 1568117000536,
    "duration": 0,
    "pid": 11004,
    "index": 9
  },
  {
    "name": "Require(7) node_modules/_egg-schedule@3.6.4@egg-schedule/config/config.default.js",
    "start": 1568117000537,
    "end": 1568117000537,
    "duration": 0,
    "pid": 11004,
    "index": 10
  },
  {
    "name": "Require(8) node_modules/_egg-multipart@2.9.0@egg-multipart/config/config.default.js",
    "start": 1568117000538,
    "end": 1568117000538,
    "duration": 0,
    "pid": 11004,
    "index": 11
  },
  {
    "name": "Require(9) node_modules/_egg-development@2.4.3@egg-development/config/config.default.js",
    "start": 1568117000539,
    "end": 1568117000540,
    "duration": 1,
    "pid": 11004,
    "index": 12
  },
  {
    "name": "Require(10) node_modules/_egg-logrotator@3.1.0@egg-logrotator/config/config.default.js",
    "start": 1568117000541,
    "end": 1568117000542,
    "duration": 1,
    "pid": 11004,
    "index": 13
  },
  {
    "name": "Require(11) node_modules/_egg-static@2.2.0@egg-static/config/config.default.js",
    "start": 1568117000543,
    "end": 1568117000544,
    "duration": 1,
    "pid": 11004,
    "index": 14
  },
  {
    "name": "Require(12) node_modules/_egg-view@2.1.2@egg-view/config/config.default.js",
    "start": 1568117000544,
    "end": 1568117000545,
    "duration": 1,
    "pid": 11004,
    "index": 15
  },
  {
    "name": "Require(13) node_modules/_egg-sequelize@5.2.0@egg-sequelize/config/config.default.js",
    "start": 1568117000546,
    "end": 1568117000546,
    "duration": 0,
    "pid": 11004,
    "index": 16
  },
  {
    "name": "Require(14) node_modules/_egg@2.23.0@egg/config/config.default.js",
    "start": 1568117000546,
    "end": 1568117000547,
    "duration": 1,
    "pid": 11004,
    "index": 17
  },
  {
    "name": "Require(15) config/config.default.js",
    "start": 1568117000548,
    "end": 1568117000548,
    "duration": 0,
    "pid": 11004,
    "index": 18
  },
  {
    "name": "Require(16) node_modules/_egg-security@2.6.1@egg-security/config/config.local.js",
    "start": 1568117000549,
    "end": 1568117000550,
    "duration": 1,
    "pid": 11004,
    "index": 19
  },
  {
    "name": "Require(17) node_modules/_egg-watcher@3.1.0@egg-watcher/config/config.local.js",
    "start": 1568117000551,
    "end": 1568117000551,
    "duration": 0,
    "pid": 11004,
    "index": 20
  },
  {
    "name": "Require(18) node_modules/_egg-view@2.1.2@egg-view/config/config.local.js",
    "start": 1568117000553,
    "end": 1568117000553,
    "duration": 0,
    "pid": 11004,
    "index": 21
  },
  {
    "name": "Require(19) node_modules/_egg@2.23.0@egg/config/config.local.js",
    "start": 1568117000554,
    "end": 1568117000554,
    "duration": 0,
    "pid": 11004,
    "index": 22
  },
  {
    "name": "Load extend/application.js",
    "start": 1568117000556,
    "end": 1568117000581,
    "duration": 25,
    "pid": 11004,
    "index": 23
  },
  {
    "name": "Require(20) node_modules/_egg-session@3.1.0@egg-session/app/extend/application.js",
    "start": 1568117000557,
    "end": 1568117000559,
    "duration": 2,
    "pid": 11004,
    "index": 24
  },
  {
    "name": "Require(21) node_modules/_egg-security@2.6.1@egg-security/app/extend/application.js",
    "start": 1568117000561,
    "end": 1568117000563,
    "duration": 2,
    "pid": 11004,
    "index": 25
  },
  {
    "name": "Require(22) node_modules/_egg-jsonp@2.0.0@egg-jsonp/app/extend/application.js",
    "start": 1568117000563,
    "end": 1568117000566,
    "duration": 3,
    "pid": 11004,
    "index": 26
  },
  {
    "name": "Require(23) node_modules/_egg-logrotator@3.1.0@egg-logrotator/app/extend/application.js",
    "start": 1568117000568,
    "end": 1568117000572,
    "duration": 4,
    "pid": 11004,
    "index": 27
  },
  {
    "name": "Require(24) node_modules/_egg-view@2.1.2@egg-view/app/extend/application.js",
    "start": 1568117000573,
    "end": 1568117000576,
    "duration": 3,
    "pid": 11004,
    "index": 28
  },
  {
    "name": "Load extend/request.js",
    "start": 1568117000581,
    "end": 1568117000591,
    "duration": 10,
    "pid": 11004,
    "index": 29
  },
  {
    "name": "Require(25) node_modules/_egg@2.23.0@egg/app/extend/request.js",
    "start": 1568117000584,
    "end": 1568117000587,
    "duration": 3,
    "pid": 11004,
    "index": 30
  },
  {
    "name": "Load extend/response.js",
    "start": 1568117000591,
    "end": 1568117000602,
    "duration": 11,
    "pid": 11004,
    "index": 31
  },
  {
    "name": "Require(26) node_modules/_egg@2.23.0@egg/app/extend/response.js",
    "start": 1568117000596,
    "end": 1568117000599,
    "duration": 3,
    "pid": 11004,
    "index": 32
  },
  {
    "name": "Load extend/context.js",
    "start": 1568117000602,
    "end": 1568117000730,
    "duration": 128,
    "pid": 11004,
    "index": 33
  },
  {
    "name": "Require(27) node_modules/_egg-security@2.6.1@egg-security/app/extend/context.js",
    "start": 1568117000603,
    "end": 1568117000634,
    "duration": 31,
    "pid": 11004,
    "index": 34
  },
  {
    "name": "Require(28) node_modules/_egg-jsonp@2.0.0@egg-jsonp/app/extend/context.js",
    "start": 1568117000634,
    "end": 1568117000636,
    "duration": 2,
    "pid": 11004,
    "index": 35
  },
  {
    "name": "Require(29) node_modules/_egg-i18n@2.1.1@egg-i18n/app/extend/context.js",
    "start": 1568117000637,
    "end": 1568117000637,
    "duration": 0,
    "pid": 11004,
    "index": 36
  },
  {
    "name": "Require(30) node_modules/_egg-multipart@2.9.0@egg-multipart/app/extend/context.js",
    "start": 1568117000639,
    "end": 1568117000719,
    "duration": 80,
    "pid": 11004,
    "index": 37
  },
  {
    "name": "Require(31) node_modules/_egg-view@2.1.2@egg-view/app/extend/context.js",
    "start": 1568117000720,
    "end": 1568117000721,
    "duration": 1,
    "pid": 11004,
    "index": 38
  },
  {
    "name": "Require(32) node_modules/_egg@2.23.0@egg/app/extend/context.js",
    "start": 1568117000722,
    "end": 1568117000726,
    "duration": 4,
    "pid": 11004,
    "index": 39
  },
  {
    "name": "Load extend/helper.js",
    "start": 1568117000730,
    "end": 1568117000766,
    "duration": 36,
    "pid": 11004,
    "index": 40
  },
  {
    "name": "Require(33) node_modules/_egg-security@2.6.1@egg-security/app/extend/helper.js",
    "start": 1568117000731,
    "end": 1568117000759,
    "duration": 28,
    "pid": 11004,
    "index": 41
  },
  {
    "name": "Require(34) node_modules/_egg@2.23.0@egg/app/extend/helper.js",
    "start": 1568117000762,
    "end": 1568117000763,
    "duration": 1,
    "pid": 11004,
    "index": 42
  },
  {
    "name": "Load app.js",
    "start": 1568117000766,
    "end": 1568117000823,
    "duration": 57,
    "pid": 11004,
    "index": 43
  },
  {
    "name": "Require(35) node_modules/_egg-session@3.1.0@egg-session/app.js",
    "start": 1568117000767,
    "end": 1568117000768,
    "duration": 1,
    "pid": 11004,
    "index": 44
  },
  {
    "name": "Require(36) node_modules/_egg-security@2.6.1@egg-security/app.js",
    "start": 1568117000768,
    "end": 1568117000771,
    "duration": 3,
    "pid": 11004,
    "index": 45
  },
  {
    "name": "Require(37) node_modules/_egg-onerror@2.1.0@egg-onerror/app.js",
    "start": 1568117000772,
    "end": 1568117000788,
    "duration": 16,
    "pid": 11004,
    "index": 46
  },
  {
    "name": "Require(38) node_modules/_egg-i18n@2.1.1@egg-i18n/app.js",
    "start": 1568117000789,
    "end": 1568117000802,
    "duration": 13,
    "pid": 11004,
    "index": 47
  },
  {
    "name": "Require(39) node_modules/_egg-watcher@3.1.0@egg-watcher/app.js",
    "start": 1568117000802,
    "end": 1568117000809,
    "duration": 7,
    "pid": 11004,
    "index": 48
  },
  {
    "name": "Require(40) node_modules/_egg-schedule@3.6.4@egg-schedule/app.js",
    "start": 1568117000810,
    "end": 1568117000813,
    "duration": 3,
    "pid": 11004,
    "index": 49
  },
  {
    "name": "Require(41) node_modules/_egg-multipart@2.9.0@egg-multipart/app.js",
    "start": 1568117000813,
    "end": 1568117000818,
    "duration": 5,
    "pid": 11004,
    "index": 50
  },
  {
    "name": "Require(42) node_modules/_egg-development@2.4.3@egg-development/app.js",
    "start": 1568117000819,
    "end": 1568117000819,
    "duration": 0,
    "pid": 11004,
    "index": 51
  },
  {
    "name": "Require(43) node_modules/_egg-logrotator@3.1.0@egg-logrotator/app.js",
    "start": 1568117000819,
    "end": 1568117000820,
    "duration": 1,
    "pid": 11004,
    "index": 52
  },
  {
    "name": "Require(44) node_modules/_egg-static@2.2.0@egg-static/app.js",
    "start": 1568117000820,
    "end": 1568117000821,
    "duration": 1,
    "pid": 11004,
    "index": 53
  },
  {
    "name": "Require(45) node_modules/_egg-sequelize@5.2.0@egg-sequelize/app.js",
    "start": 1568117000821,
    "end": 1568117000822,
    "duration": 1,
    "pid": 11004,
    "index": 54
  },
  {
    "name": "Before Start in node_modules/_egg-watcher@3.1.0@egg-watcher/lib/init.js:15:14",
    "start": 1568117000840,
    "end": 1568117001651,
    "duration": 811,
    "pid": 11004,
    "index": 55
  },
  {
    "name": "Load \"Symbol(model)\" to Application",
    "start": 1568117001388,
    "end": 1568117001414,
    "duration": 26,
    "pid": 11004,
    "index": 56
  },
  {
    "name": "Before Start in node_modules/_egg-sequelize@5.2.0@egg-sequelize/lib/loader.js:39:7",
    "start": 1568117001421,
    "end": 1568117001690,
    "duration": 269,
    "pid": 11004,
    "index": 57
  },
  {
    "name": "Load Service",
    "start": 1568117001421,
    "end": 1568117001428,
    "duration": 7,
    "pid": 11004,
    "index": 58
  },
  {
    "name": "Load \"service\" to Context",
    "start": 1568117001421,
    "end": 1568117001428,
    "duration": 7,
    "pid": 11004,
    "index": 59
  },
  {
    "name": "Load Middleware",
    "start": 1568117001429,
    "end": 1568117001563,
    "duration": 134,
    "pid": 11004,
    "index": 60
  },
  {
    "name": "Load \"middlewares\" to Application",
    "start": 1568117001429,
    "end": 1568117001546,
    "duration": 117,
    "pid": 11004,
    "index": 61
  },
  {
    "name": "Load Controller",
    "start": 1568117001563,
    "end": 1568117001568,
    "duration": 5,
    "pid": 11004,
    "index": 62
  },
  {
    "name": "Load \"controller\" to Application",
    "start": 1568117001563,
    "end": 1568117001568,
    "duration": 5,
    "pid": 11004,
    "index": 63
  },
  {
    "name": "Load Router",
    "start": 1568117001568,
    "end": 1568117001571,
    "duration": 3,
    "pid": 11004,
    "index": 64
  },
  {
    "name": "Require(46) app/router.js",
    "start": 1568117001568,
    "end": 1568117001569,
    "duration": 1,
    "pid": 11004,
    "index": 65
  },
  {
    "name": "Before Start in node_modules/_egg-core@4.17.3@egg-core/lib/egg.js:303:10",
    "start": 1568117001569,
    "end": 1568117001593,
    "duration": 24,
    "pid": 11004,
    "index": 66
  }
]