[
  {
    "name": "Application Start",
    "start": 1568111450370,
    "end": 1568111451568,
    "duration": 1198,
    "pid": 9124,
    "index": 0
  },
  {
    "name": "Load Plugin",
    "start": 1568111450376,
    "end": 1568111450399,
    "duration": 23,
    "pid": 9124,
    "index": 1
  },
  {
    "name": "Load Config",
    "start": 1568111450399,
    "end": 1568111450424,
    "duration": 25,
    "pid": 9124,
    "index": 2
  },
  {
    "name": "Require(0) config/config.default.js",
    "start": 1568111450400,
    "end": 1568111450401,
    "duration": 1,
    "pid": 9124,
    "index": 3
  },
  {
    "name": "Require(1) node_modules/_egg-session@3.1.0@egg-session/config/config.default.js",
    "start": 1568111450403,
    "end": 1568111450403,
    "duration": 0,
    "pid": 9124,
    "index": 4
  },
  {
    "name": "Require(2) node_modules/_egg-security@2.6.1@egg-security/config/config.default.js",
    "start": 1568111450404,
    "end": 1568111450404,
    "duration": 0,
    "pid": 9124,
    "index": 5
  },
  {
    "name": "Require(3) node_modules/_egg-jsonp@2.0.0@egg-jsonp/config/config.default.js",
    "start": 1568111450405,
    "end": 1568111450405,
    "duration": 0,
    "pid": 9124,
    "index": 6
  },
  {
    "name": "Require(4) node_modules/_egg-onerror@2.1.0@egg-onerror/config/config.default.js",
    "start": 1568111450406,
    "end": 1568111450406,
    "duration": 0,
    "pid": 9124,
    "index": 7
  },
  {
    "name": "Require(5) node_modules/_egg-i18n@2.1.1@egg-i18n/config/config.default.js",
    "start": 1568111450407,
    "end": 1568111450407,
    "duration": 0,
    "pid": 9124,
    "index": 8
  },
  {
    "name": "Require(6) node_modules/_egg-watcher@3.1.0@egg-watcher/config/config.default.js",
    "start": 1568111450408,
    "end": 1568111450408,
    "duration": 0,
    "pid": 9124,
    "index": 9
  },
  {
    "name": "Require(7) node_modules/_egg-schedule@3.6.4@egg-schedule/config/config.default.js",
    "start": 1568111450409,
    "end": 1568111450409,
    "duration": 0,
    "pid": 9124,
    "index": 10
  },
  {
    "name": "Require(8) node_modules/_egg-multipart@2.9.0@egg-multipart/config/config.default.js",
    "start": 1568111450410,
    "end": 1568111450410,
    "duration": 0,
    "pid": 9124,
    "index": 11
  },
  {
    "name": "Require(9) node_modules/_egg-development@2.4.3@egg-development/config/config.default.js",
    "start": 1568111450411,
    "end": 1568111450411,
    "duration": 0,
    "pid": 9124,
    "index": 12
  },
  {
    "name": "Require(10) node_modules/_egg-logrotator@3.1.0@egg-logrotator/config/config.default.js",
    "start": 1568111450412,
    "end": 1568111450412,
    "duration": 0,
    "pid": 9124,
    "index": 13
  },
  {
    "name": "Require(11) node_modules/_egg-static@2.2.0@egg-static/config/config.default.js",
    "start": 1568111450413,
    "end": 1568111450413,
    "duration": 0,
    "pid": 9124,
    "index": 14
  },
  {
    "name": "Require(12) node_modules/_egg-view@2.1.2@egg-view/config/config.default.js",
    "start": 1568111450414,
    "end": 1568111450414,
    "duration": 0,
    "pid": 9124,
    "index": 15
  },
  {
    "name": "Require(13) node_modules/_egg-sequelize@5.2.0@egg-sequelize/config/config.default.js",
    "start": 1568111450415,
    "end": 1568111450415,
    "duration": 0,
    "pid": 9124,
    "index": 16
  },
  {
    "name": "Require(14) node_modules/_egg@2.23.0@egg/config/config.default.js",
    "start": 1568111450416,
    "end": 1568111450417,
    "duration": 1,
    "pid": 9124,
    "index": 17
  },
  {
    "name": "Require(15) config/config.default.js",
    "start": 1568111450418,
    "end": 1568111450418,
    "duration": 0,
    "pid": 9124,
    "index": 18
  },
  {
    "name": "Require(16) node_modules/_egg-security@2.6.1@egg-security/config/config.local.js",
    "start": 1568111450419,
    "end": 1568111450419,
    "duration": 0,
    "pid": 9124,
    "index": 19
  },
  {
    "name": "Require(17) node_modules/_egg-watcher@3.1.0@egg-watcher/config/config.local.js",
    "start": 1568111450421,
    "end": 1568111450421,
    "duration": 0,
    "pid": 9124,
    "index": 20
  },
  {
    "name": "Require(18) node_modules/_egg-view@2.1.2@egg-view/config/config.local.js",
    "start": 1568111450422,
    "end": 1568111450423,
    "duration": 1,
    "pid": 9124,
    "index": 21
  },
  {
    "name": "Require(19) node_modules/_egg@2.23.0@egg/config/config.local.js",
    "start": 1568111450423,
    "end": 1568111450424,
    "duration": 1,
    "pid": 9124,
    "index": 22
  },
  {
    "name": "Load extend/application.js",
    "start": 1568111450426,
    "end": 1568111450446,
    "duration": 20,
    "pid": 9124,
    "index": 23
  },
  {
    "name": "Require(20) node_modules/_egg-session@3.1.0@egg-session/app/extend/application.js",
    "start": 1568111450427,
    "end": 1568111450427,
    "duration": 0,
    "pid": 9124,
    "index": 24
  },
  {
    "name": "Require(21) node_modules/_egg-security@2.6.1@egg-security/app/extend/application.js",
    "start": 1568111450428,
    "end": 1568111450429,
    "duration": 1,
    "pid": 9124,
    "index": 25
  },
  {
    "name": "Require(22) node_modules/_egg-jsonp@2.0.0@egg-jsonp/app/extend/application.js",
    "start": 1568111450430,
    "end": 1568111450434,
    "duration": 4,
    "pid": 9124,
    "index": 26
  },
  {
    "name": "Require(23) node_modules/_egg-logrotator@3.1.0@egg-logrotator/app/extend/application.js",
    "start": 1568111450436,
    "end": 1568111450439,
    "duration": 3,
    "pid": 9124,
    "index": 27
  },
  {
    "name": "Require(24) node_modules/_egg-view@2.1.2@egg-view/app/extend/application.js",
    "start": 1568111450440,
    "end": 1568111450442,
    "duration": 2,
    "pid": 9124,
    "index": 28
  },
  {
    "name": "Load extend/request.js",
    "start": 1568111450446,
    "end": 1568111450455,
    "duration": 9,
    "pid": 9124,
    "index": 29
  },
  {
    "name": "Require(25) node_modules/_egg@2.23.0@egg/app/extend/request.js",
    "start": 1568111450449,
    "end": 1568111450451,
    "duration": 2,
    "pid": 9124,
    "index": 30
  },
  {
    "name": "Load extend/response.js",
    "start": 1568111450455,
    "end": 1568111450464,
    "duration": 9,
    "pid": 9124,
    "index": 31
  },
  {
    "name": "Require(26) node_modules/_egg@2.23.0@egg/app/extend/response.js",
    "start": 1568111450458,
    "end": 1568111450461,
    "duration": 3,
    "pid": 9124,
    "index": 32
  },
  {
    "name": "Load extend/context.js",
    "start": 1568111450465,
    "end": 1568111450566,
    "duration": 101,
    "pid": 9124,
    "index": 33
  },
  {
    "name": "Require(27) node_modules/_egg-security@2.6.1@egg-security/app/extend/context.js",
    "start": 1568111450465,
    "end": 1568111450484,
    "duration": 19,
    "pid": 9124,
    "index": 34
  },
  {
    "name": "Require(28) node_modules/_egg-jsonp@2.0.0@egg-jsonp/app/extend/context.js",
    "start": 1568111450484,
    "end": 1568111450487,
    "duration": 3,
    "pid": 9124,
    "index": 35
  },
  {
    "name": "Require(29) node_modules/_egg-i18n@2.1.1@egg-i18n/app/extend/context.js",
    "start": 1568111450487,
    "end": 1568111450488,
    "duration": 1,
    "pid": 9124,
    "index": 36
  },
  {
    "name": "Require(30) node_modules/_egg-multipart@2.9.0@egg-multipart/app/extend/context.js",
    "start": 1568111450489,
    "end": 1568111450555,
    "duration": 66,
    "pid": 9124,
    "index": 37
  },
  {
    "name": "Require(31) node_modules/_egg-view@2.1.2@egg-view/app/extend/context.js",
    "start": 1568111450556,
    "end": 1568111450558,
    "duration": 2,
    "pid": 9124,
    "index": 38
  },
  {
    "name": "Require(32) node_modules/_egg@2.23.0@egg/app/extend/context.js",
    "start": 1568111450559,
    "end": 1568111450562,
    "duration": 3,
    "pid": 9124,
    "index": 39
  },
  {
    "name": "Load extend/helper.js",
    "start": 1568111450566,
    "end": 1568111450600,
    "duration": 34,
    "pid": 9124,
    "index": 40
  },
  {
    "name": "Require(33) node_modules/_egg-security@2.6.1@egg-security/app/extend/helper.js",
    "start": 1568111450567,
    "end": 1568111450594,
    "duration": 27,
    "pid": 9124,
    "index": 41
  },
  {
    "name": "Require(34) node_modules/_egg@2.23.0@egg/app/extend/helper.js",
    "start": 1568111450597,
    "end": 1568111450597,
    "duration": 0,
    "pid": 9124,
    "index": 42
  },
  {
    "name": "Load app.js",
    "start": 1568111450601,
    "end": 1568111450654,
    "duration": 53,
    "pid": 9124,
    "index": 43
  },
  {
    "name": "Require(35) node_modules/_egg-session@3.1.0@egg-session/app.js",
    "start": 1568111450601,
    "end": 1568111450602,
    "duration": 1,
    "pid": 9124,
    "index": 44
  },
  {
    "name": "Require(36) node_modules/_egg-security@2.6.1@egg-security/app.js",
    "start": 1568111450602,
    "end": 1568111450605,
    "duration": 3,
    "pid": 9124,
    "index": 45
  },
  {
    "name": "Require(37) node_modules/_egg-onerror@2.1.0@egg-onerror/app.js",
    "start": 1568111450606,
    "end": 1568111450622,
    "duration": 16,
    "pid": 9124,
    "index": 46
  },
  {
    "name": "Require(38) node_modules/_egg-i18n@2.1.1@egg-i18n/app.js",
    "start": 1568111450623,
    "end": 1568111450634,
    "duration": 11,
    "pid": 9124,
    "index": 47
  },
  {
    "name": "Require(39) node_modules/_egg-watcher@3.1.0@egg-watcher/app.js",
    "start": 1568111450635,
    "end": 1568111450641,
    "duration": 6,
    "pid": 9124,
    "index": 48
  },
  {
    "name": "Require(40) node_modules/_egg-schedule@3.6.4@egg-schedule/app.js",
    "start": 1568111450641,
    "end": 1568111450645,
    "duration": 4,
    "pid": 9124,
    "index": 49
  },
  {
    "name": "Require(41) node_modules/_egg-multipart@2.9.0@egg-multipart/app.js",
    "start": 1568111450645,
    "end": 1568111450650,
    "duration": 5,
    "pid": 9124,
    "index": 50
  },
  {
    "name": "Require(42) node_modules/_egg-development@2.4.3@egg-development/app.js",
    "start": 1568111450650,
    "end": 1568111450651,
    "duration": 1,
    "pid": 9124,
    "index": 51
  },
  {
    "name": "Require(43) node_modules/_egg-logrotator@3.1.0@egg-logrotator/app.js",
    "start": 1568111450651,
    "end": 1568111450651,
    "duration": 0,
    "pid": 9124,
    "index": 52
  },
  {
    "name": "Require(44) node_modules/_egg-static@2.2.0@egg-static/app.js",
    "start": 1568111450652,
    "end": 1568111450652,
    "duration": 0,
    "pid": 9124,
    "index": 53
  },
  {
    "name": "Require(45) node_modules/_egg-sequelize@5.2.0@egg-sequelize/app.js",
    "start": 1568111450653,
    "end": 1568111450653,
    "duration": 0,
    "pid": 9124,
    "index": 54
  },
  {
    "name": "Before Start in node_modules/_egg-watcher@3.1.0@egg-watcher/lib/init.js:15:14",
    "start": 1568111450669,
    "end": 1568111451530,
    "duration": 861,
    "pid": 9124,
    "index": 55
  },
  {
    "name": "Load \"Symbol(model)\" to Application",
    "start": 1568111451285,
    "end": 1568111451307,
    "duration": 22,
    "pid": 9124,
    "index": 56
  },
  {
    "name": "Before Start in node_modules/_egg-sequelize@5.2.0@egg-sequelize/lib/loader.js:39:7",
    "start": 1568111451314,
    "end": 1568111451568,
    "duration": 254,
    "pid": 9124,
    "index": 57
  },
  {
    "name": "Load Service",
    "start": 1568111451314,
    "end": 1568111451320,
    "duration": 6,
    "pid": 9124,
    "index": 58
  },
  {
    "name": "Load \"service\" to Context",
    "start": 1568111451315,
    "end": 1568111451320,
    "duration": 5,
    "pid": 9124,
    "index": 59
  },
  {
    "name": "Load Middleware",
    "start": 1568111451320,
    "end": 1568111451448,
    "duration": 128,
    "pid": 9124,
    "index": 60
  },
  {
    "name": "Load \"middlewares\" to Application",
    "start": 1568111451320,
    "end": 1568111451432,
    "duration": 112,
    "pid": 9124,
    "index": 61
  },
  {
    "name": "Load Controller",
    "start": 1568111451448,
    "end": 1568111451451,
    "duration": 3,
    "pid": 9124,
    "index": 62
  },
  {
    "name": "Load \"controller\" to Application",
    "start": 1568111451448,
    "end": 1568111451451,
    "duration": 3,
    "pid": 9124,
    "index": 63
  },
  {
    "name": "Load Router",
    "start": 1568111451451,
    "end": 1568111451455,
    "duration": 4,
    "pid": 9124,
    "index": 64
  },
  {
    "name": "Require(46) app/router.js",
    "start": 1568111451452,
    "end": 1568111451452,
    "duration": 0,
    "pid": 9124,
    "index": 65
  },
  {
    "name": "Before Start in node_modules/_egg-core@4.17.3@egg-core/lib/egg.js:303:10",
    "start": 1568111451453,
    "end": 1568111451475,
    "duration": 22,
    "pid": 9124,
    "index": 66
  }
]