[
  {
    "name": "Application Start",
    "start": 1568116532743,
    "end": 1568116533957,
    "duration": 1214,
    "pid": 13300,
    "index": 0
  },
  {
    "name": "Load Plugin",
    "start": 1568116532749,
    "end": 1568116532774,
    "duration": 25,
    "pid": 13300,
    "index": 1
  },
  {
    "name": "Load Config",
    "start": 1568116532775,
    "end": 1568116532802,
    "duration": 27,
    "pid": 13300,
    "index": 2
  },
  {
    "name": "Require(0) config/config.default.js",
    "start": 1568116532776,
    "end": 1568116532776,
    "duration": 0,
    "pid": 13300,
    "index": 3
  },
  {
    "name": "Require(1) node_modules/_egg-session@3.1.0@egg-session/config/config.default.js",
    "start": 1568116532778,
    "end": 1568116532778,
    "duration": 0,
    "pid": 13300,
    "index": 4
  },
  {
    "name": "Require(2) node_modules/_egg-security@2.6.1@egg-security/config/config.default.js",
    "start": 1568116532779,
    "end": 1568116532779,
    "duration": 0,
    "pid": 13300,
    "index": 5
  },
  {
    "name": "Require(3) node_modules/_egg-jsonp@2.0.0@egg-jsonp/config/config.default.js",
    "start": 1568116532781,
    "end": 1568116532781,
    "duration": 0,
    "pid": 13300,
    "index": 6
  },
  {
    "name": "Require(4) node_modules/_egg-onerror@2.1.0@egg-onerror/config/config.default.js",
    "start": 1568116532782,
    "end": 1568116532782,
    "duration": 0,
    "pid": 13300,
    "index": 7
  },
  {
    "name": "Require(5) node_modules/_egg-i18n@2.1.1@egg-i18n/config/config.default.js",
    "start": 1568116532782,
    "end": 1568116532783,
    "duration": 1,
    "pid": 13300,
    "index": 8
  },
  {
    "name": "Require(6) node_modules/_egg-watcher@3.1.0@egg-watcher/config/config.default.js",
    "start": 1568116532783,
    "end": 1568116532784,
    "duration": 1,
    "pid": 13300,
    "index": 9
  },
  {
    "name": "Require(7) node_modules/_egg-schedule@3.6.4@egg-schedule/config/config.default.js",
    "start": 1568116532784,
    "end": 1568116532785,
    "duration": 1,
    "pid": 13300,
    "index": 10
  },
  {
    "name": "Require(8) node_modules/_egg-multipart@2.9.0@egg-multipart/config/config.default.js",
    "start": 1568116532786,
    "end": 1568116532786,
    "duration": 0,
    "pid": 13300,
    "index": 11
  },
  {
    "name": "Require(9) node_modules/_egg-development@2.4.3@egg-development/config/config.default.js",
    "start": 1568116532787,
    "end": 1568116532787,
    "duration": 0,
    "pid": 13300,
    "index": 12
  },
  {
    "name": "Require(10) node_modules/_egg-logrotator@3.1.0@egg-logrotator/config/config.default.js",
    "start": 1568116532788,
    "end": 1568116532788,
    "duration": 0,
    "pid": 13300,
    "index": 13
  },
  {
    "name": "Require(11) node_modules/_egg-static@2.2.0@egg-static/config/config.default.js",
    "start": 1568116532789,
    "end": 1568116532790,
    "duration": 1,
    "pid": 13300,
    "index": 14
  },
  {
    "name": "Require(12) node_modules/_egg-view@2.1.2@egg-view/config/config.default.js",
    "start": 1568116532791,
    "end": 1568116532791,
    "duration": 0,
    "pid": 13300,
    "index": 15
  },
  {
    "name": "Require(13) node_modules/_egg-sequelize@5.2.0@egg-sequelize/config/config.default.js",
    "start": 1568116532792,
    "end": 1568116532792,
    "duration": 0,
    "pid": 13300,
    "index": 16
  },
  {
    "name": "Require(14) node_modules/_egg@2.23.0@egg/config/config.default.js",
    "start": 1568116532793,
    "end": 1568116532793,
    "duration": 0,
    "pid": 13300,
    "index": 17
  },
  {
    "name": "Require(15) config/config.default.js",
    "start": 1568116532795,
    "end": 1568116532795,
    "duration": 0,
    "pid": 13300,
    "index": 18
  },
  {
    "name": "Require(16) node_modules/_egg-security@2.6.1@egg-security/config/config.local.js",
    "start": 1568116532796,
    "end": 1568116532796,
    "duration": 0,
    "pid": 13300,
    "index": 19
  },
  {
    "name": "Require(17) node_modules/_egg-watcher@3.1.0@egg-watcher/config/config.local.js",
    "start": 1568116532798,
    "end": 1568116532798,
    "duration": 0,
    "pid": 13300,
    "index": 20
  },
  {
    "name": "Require(18) node_modules/_egg-view@2.1.2@egg-view/config/config.local.js",
    "start": 1568116532800,
    "end": 1568116532800,
    "duration": 0,
    "pid": 13300,
    "index": 21
  },
  {
    "name": "Require(19) node_modules/_egg@2.23.0@egg/config/config.local.js",
    "start": 1568116532801,
    "end": 1568116532801,
    "duration": 0,
    "pid": 13300,
    "index": 22
  },
  {
    "name": "Load extend/application.js",
    "start": 1568116532803,
    "end": 1568116532823,
    "duration": 20,
    "pid": 13300,
    "index": 23
  },
  {
    "name": "Require(20) node_modules/_egg-session@3.1.0@egg-session/app/extend/application.js",
    "start": 1568116532804,
    "end": 1568116532805,
    "duration": 1,
    "pid": 13300,
    "index": 24
  },
  {
    "name": "Require(21) node_modules/_egg-security@2.6.1@egg-security/app/extend/application.js",
    "start": 1568116532805,
    "end": 1568116532807,
    "duration": 2,
    "pid": 13300,
    "index": 25
  },
  {
    "name": "Require(22) node_modules/_egg-jsonp@2.0.0@egg-jsonp/app/extend/application.js",
    "start": 1568116532807,
    "end": 1568116532810,
    "duration": 3,
    "pid": 13300,
    "index": 26
  },
  {
    "name": "Require(23) node_modules/_egg-logrotator@3.1.0@egg-logrotator/app/extend/application.js",
    "start": 1568116532812,
    "end": 1568116532816,
    "duration": 4,
    "pid": 13300,
    "index": 27
  },
  {
    "name": "Require(24) node_modules/_egg-view@2.1.2@egg-view/app/extend/application.js",
    "start": 1568116532817,
    "end": 1568116532819,
    "duration": 2,
    "pid": 13300,
    "index": 28
  },
  {
    "name": "Load extend/request.js",
    "start": 1568116532823,
    "end": 1568116532832,
    "duration": 9,
    "pid": 13300,
    "index": 29
  },
  {
    "name": "Require(25) node_modules/_egg@2.23.0@egg/app/extend/request.js",
    "start": 1568116532826,
    "end": 1568116532829,
    "duration": 3,
    "pid": 13300,
    "index": 30
  },
  {
    "name": "Load extend/response.js",
    "start": 1568116532832,
    "end": 1568116532842,
    "duration": 10,
    "pid": 13300,
    "index": 31
  },
  {
    "name": "Require(26) node_modules/_egg@2.23.0@egg/app/extend/response.js",
    "start": 1568116532835,
    "end": 1568116532838,
    "duration": 3,
    "pid": 13300,
    "index": 32
  },
  {
    "name": "Load extend/context.js",
    "start": 1568116532842,
    "end": 1568116532955,
    "duration": 113,
    "pid": 13300,
    "index": 33
  },
  {
    "name": "Require(27) node_modules/_egg-security@2.6.1@egg-security/app/extend/context.js",
    "start": 1568116532844,
    "end": 1568116532866,
    "duration": 22,
    "pid": 13300,
    "index": 34
  },
  {
    "name": "Require(28) node_modules/_egg-jsonp@2.0.0@egg-jsonp/app/extend/context.js",
    "start": 1568116532867,
    "end": 1568116532869,
    "duration": 2,
    "pid": 13300,
    "index": 35
  },
  {
    "name": "Require(29) node_modules/_egg-i18n@2.1.1@egg-i18n/app/extend/context.js",
    "start": 1568116532870,
    "end": 1568116532870,
    "duration": 0,
    "pid": 13300,
    "index": 36
  },
  {
    "name": "Require(30) node_modules/_egg-multipart@2.9.0@egg-multipart/app/extend/context.js",
    "start": 1568116532872,
    "end": 1568116532945,
    "duration": 73,
    "pid": 13300,
    "index": 37
  },
  {
    "name": "Require(31) node_modules/_egg-view@2.1.2@egg-view/app/extend/context.js",
    "start": 1568116532946,
    "end": 1568116532948,
    "duration": 2,
    "pid": 13300,
    "index": 38
  },
  {
    "name": "Require(32) node_modules/_egg@2.23.0@egg/app/extend/context.js",
    "start": 1568116532949,
    "end": 1568116532952,
    "duration": 3,
    "pid": 13300,
    "index": 39
  },
  {
    "name": "Load extend/helper.js",
    "start": 1568116532955,
    "end": 1568116532989,
    "duration": 34,
    "pid": 13300,
    "index": 40
  },
  {
    "name": "Require(33) node_modules/_egg-security@2.6.1@egg-security/app/extend/helper.js",
    "start": 1568116532956,
    "end": 1568116532982,
    "duration": 26,
    "pid": 13300,
    "index": 41
  },
  {
    "name": "Require(34) node_modules/_egg@2.23.0@egg/app/extend/helper.js",
    "start": 1568116532985,
    "end": 1568116532986,
    "duration": 1,
    "pid": 13300,
    "index": 42
  },
  {
    "name": "Load app.js",
    "start": 1568116532989,
    "end": 1568116533042,
    "duration": 53,
    "pid": 13300,
    "index": 43
  },
  {
    "name": "Require(35) node_modules/_egg-session@3.1.0@egg-session/app.js",
    "start": 1568116532990,
    "end": 1568116532990,
    "duration": 0,
    "pid": 13300,
    "index": 44
  },
  {
    "name": "Require(36) node_modules/_egg-security@2.6.1@egg-security/app.js",
    "start": 1568116532991,
    "end": 1568116532993,
    "duration": 2,
    "pid": 13300,
    "index": 45
  },
  {
    "name": "Require(37) node_modules/_egg-onerror@2.1.0@egg-onerror/app.js",
    "start": 1568116532994,
    "end": 1568116533009,
    "duration": 15,
    "pid": 13300,
    "index": 46
  },
  {
    "name": "Require(38) node_modules/_egg-i18n@2.1.1@egg-i18n/app.js",
    "start": 1568116533010,
    "end": 1568116533020,
    "duration": 10,
    "pid": 13300,
    "index": 47
  },
  {
    "name": "Require(39) node_modules/_egg-watcher@3.1.0@egg-watcher/app.js",
    "start": 1568116533021,
    "end": 1568116533026,
    "duration": 5,
    "pid": 13300,
    "index": 48
  },
  {
    "name": "Require(40) node_modules/_egg-schedule@3.6.4@egg-schedule/app.js",
    "start": 1568116533027,
    "end": 1568116533030,
    "duration": 3,
    "pid": 13300,
    "index": 49
  },
  {
    "name": "Require(41) node_modules/_egg-multipart@2.9.0@egg-multipart/app.js",
    "start": 1568116533030,
    "end": 1568116533035,
    "duration": 5,
    "pid": 13300,
    "index": 50
  },
  {
    "name": "Require(42) node_modules/_egg-development@2.4.3@egg-development/app.js",
    "start": 1568116533035,
    "end": 1568116533036,
    "duration": 1,
    "pid": 13300,
    "index": 51
  },
  {
    "name": "Require(43) node_modules/_egg-logrotator@3.1.0@egg-logrotator/app.js",
    "start": 1568116533036,
    "end": 1568116533037,
    "duration": 1,
    "pid": 13300,
    "index": 52
  },
  {
    "name": "Require(44) node_modules/_egg-static@2.2.0@egg-static/app.js",
    "start": 1568116533037,
    "end": 1568116533037,
    "duration": 0,
    "pid": 13300,
    "index": 53
  },
  {
    "name": "Require(45) node_modules/_egg-sequelize@5.2.0@egg-sequelize/app.js",
    "start": 1568116533038,
    "end": 1568116533039,
    "duration": 1,
    "pid": 13300,
    "index": 54
  },
  {
    "name": "Before Start in node_modules/_egg-watcher@3.1.0@egg-watcher/lib/init.js:15:14",
    "start": 1568116533063,
    "end": 1568116533917,
    "duration": 854,
    "pid": 13300,
    "index": 55
  },
  {
    "name": "Load \"Symbol(model)\" to Application",
    "start": 1568116533611,
    "end": 1568116533635,
    "duration": 24,
    "pid": 13300,
    "index": 56
  },
  {
    "name": "Before Start in node_modules/_egg-sequelize@5.2.0@egg-sequelize/lib/loader.js:39:7",
    "start": 1568116533643,
    "end": 1568116533956,
    "duration": 313,
    "pid": 13300,
    "index": 57
  },
  {
    "name": "Load Service",
    "start": 1568116533643,
    "end": 1568116533648,
    "duration": 5,
    "pid": 13300,
    "index": 58
  },
  {
    "name": "Load \"service\" to Context",
    "start": 1568116533643,
    "end": 1568116533648,
    "duration": 5,
    "pid": 13300,
    "index": 59
  },
  {
    "name": "Load Middleware",
    "start": 1568116533648,
    "end": 1568116533804,
    "duration": 156,
    "pid": 13300,
    "index": 60
  },
  {
    "name": "Load \"middlewares\" to Application",
    "start": 1568116533648,
    "end": 1568116533783,
    "duration": 135,
    "pid": 13300,
    "index": 61
  },
  {
    "name": "Load Controller",
    "start": 1568116533804,
    "end": 1568116533809,
    "duration": 5,
    "pid": 13300,
    "index": 62
  },
  {
    "name": "Load \"controller\" to Application",
    "start": 1568116533804,
    "end": 1568116533809,
    "duration": 5,
    "pid": 13300,
    "index": 63
  },
  {
    "name": "Load Router",
    "start": 1568116533809,
    "end": 1568116533814,
    "duration": 5,
    "pid": 13300,
    "index": 64
  },
  {
    "name": "Require(46) app/router.js",
    "start": 1568116533809,
    "end": 1568116533810,
    "duration": 1,
    "pid": 13300,
    "index": 65
  },
  {
    "name": "Before Start in node_modules/_egg-core@4.17.3@egg-core/lib/egg.js:303:10",
    "start": 1568116533811,
    "end": 1568116533838,
    "duration": 27,
    "pid": 13300,
    "index": 66
  }
]