[
  {
    "name": "Application Start",
    "start": 1568117508328,
    "end": 1568117509580,
    "duration": 1252,
    "pid": 6224,
    "index": 0
  },
  {
    "name": "Load Plugin",
    "start": 1568117508333,
    "end": 1568117508358,
    "duration": 25,
    "pid": 6224,
    "index": 1
  },
  {
    "name": "Load Config",
    "start": 1568117508358,
    "end": 1568117508384,
    "duration": 26,
    "pid": 6224,
    "index": 2
  },
  {
    "name": "Require(0) config/config.default.js",
    "start": 1568117508359,
    "end": 1568117508359,
    "duration": 0,
    "pid": 6224,
    "index": 3
  },
  {
    "name": "Require(1) node_modules/_egg-session@3.1.0@egg-session/config/config.default.js",
    "start": 1568117508361,
    "end": 1568117508362,
    "duration": 1,
    "pid": 6224,
    "index": 4
  },
  {
    "name": "Require(2) node_modules/_egg-security@2.6.1@egg-security/config/config.default.js",
    "start": 1568117508362,
    "end": 1568117508363,
    "duration": 1,
    "pid": 6224,
    "index": 5
  },
  {
    "name": "Require(3) node_modules/_egg-jsonp@2.0.0@egg-jsonp/config/config.default.js",
    "start": 1568117508364,
    "end": 1568117508364,
    "duration": 0,
    "pid": 6224,
    "index": 6
  },
  {
    "name": "Require(4) node_modules/_egg-onerror@2.1.0@egg-onerror/config/config.default.js",
    "start": 1568117508365,
    "end": 1568117508365,
    "duration": 0,
    "pid": 6224,
    "index": 7
  },
  {
    "name": "Require(5) node_modules/_egg-i18n@2.1.1@egg-i18n/config/config.default.js",
    "start": 1568117508366,
    "end": 1568117508366,
    "duration": 0,
    "pid": 6224,
    "index": 8
  },
  {
    "name": "Require(6) node_modules/_egg-watcher@3.1.0@egg-watcher/config/config.default.js",
    "start": 1568117508367,
    "end": 1568117508368,
    "duration": 1,
    "pid": 6224,
    "index": 9
  },
  {
    "name": "Require(7) node_modules/_egg-schedule@3.6.4@egg-schedule/config/config.default.js",
    "start": 1568117508368,
    "end": 1568117508369,
    "duration": 1,
    "pid": 6224,
    "index": 10
  },
  {
    "name": "Require(8) node_modules/_egg-multipart@2.9.0@egg-multipart/config/config.default.js",
    "start": 1568117508370,
    "end": 1568117508370,
    "duration": 0,
    "pid": 6224,
    "index": 11
  },
  {
    "name": "Require(9) node_modules/_egg-development@2.4.3@egg-development/config/config.default.js",
    "start": 1568117508371,
    "end": 1568117508371,
    "duration": 0,
    "pid": 6224,
    "index": 12
  },
  {
    "name": "Require(10) node_modules/_egg-logrotator@3.1.0@egg-logrotator/config/config.default.js",
    "start": 1568117508372,
    "end": 1568117508372,
    "duration": 0,
    "pid": 6224,
    "index": 13
  },
  {
    "name": "Require(11) node_modules/_egg-static@2.2.0@egg-static/config/config.default.js",
    "start": 1568117508373,
    "end": 1568117508373,
    "duration": 0,
    "pid": 6224,
    "index": 14
  },
  {
    "name": "Require(12) node_modules/_egg-view@2.1.2@egg-view/config/config.default.js",
    "start": 1568117508374,
    "end": 1568117508374,
    "duration": 0,
    "pid": 6224,
    "index": 15
  },
  {
    "name": "Require(13) node_modules/_egg-sequelize@5.2.0@egg-sequelize/config/config.default.js",
    "start": 1568117508375,
    "end": 1568117508375,
    "duration": 0,
    "pid": 6224,
    "index": 16
  },
  {
    "name": "Require(14) node_modules/_egg@2.23.0@egg/config/config.default.js",
    "start": 1568117508375,
    "end": 1568117508376,
    "duration": 1,
    "pid": 6224,
    "index": 17
  },
  {
    "name": "Require(15) config/config.default.js",
    "start": 1568117508378,
    "end": 1568117508378,
    "duration": 0,
    "pid": 6224,
    "index": 18
  },
  {
    "name": "Require(16) node_modules/_egg-security@2.6.1@egg-security/config/config.local.js",
    "start": 1568117508378,
    "end": 1568117508379,
    "duration": 1,
    "pid": 6224,
    "index": 19
  },
  {
    "name": "Require(17) node_modules/_egg-watcher@3.1.0@egg-watcher/config/config.local.js",
    "start": 1568117508380,
    "end": 1568117508380,
    "duration": 0,
    "pid": 6224,
    "index": 20
  },
  {
    "name": "Require(18) node_modules/_egg-view@2.1.2@egg-view/config/config.local.js",
    "start": 1568117508382,
    "end": 1568117508382,
    "duration": 0,
    "pid": 6224,
    "index": 21
  },
  {
    "name": "Require(19) node_modules/_egg@2.23.0@egg/config/config.local.js",
    "start": 1568117508383,
    "end": 1568117508383,
    "duration": 0,
    "pid": 6224,
    "index": 22
  },
  {
    "name": "Load extend/application.js",
    "start": 1568117508385,
    "end": 1568117508404,
    "duration": 19,
    "pid": 6224,
    "index": 23
  },
  {
    "name": "Require(20) node_modules/_egg-session@3.1.0@egg-session/app/extend/application.js",
    "start": 1568117508386,
    "end": 1568117508387,
    "duration": 1,
    "pid": 6224,
    "index": 24
  },
  {
    "name": "Require(21) node_modules/_egg-security@2.6.1@egg-security/app/extend/application.js",
    "start": 1568117508387,
    "end": 1568117508389,
    "duration": 2,
    "pid": 6224,
    "index": 25
  },
  {
    "name": "Require(22) node_modules/_egg-jsonp@2.0.0@egg-jsonp/app/extend/application.js",
    "start": 1568117508389,
    "end": 1568117508392,
    "duration": 3,
    "pid": 6224,
    "index": 26
  },
  {
    "name": "Require(23) node_modules/_egg-logrotator@3.1.0@egg-logrotator/app/extend/application.js",
    "start": 1568117508394,
    "end": 1568117508397,
    "duration": 3,
    "pid": 6224,
    "index": 27
  },
  {
    "name": "Require(24) node_modules/_egg-view@2.1.2@egg-view/app/extend/application.js",
    "start": 1568117508398,
    "end": 1568117508400,
    "duration": 2,
    "pid": 6224,
    "index": 28
  },
  {
    "name": "Load extend/request.js",
    "start": 1568117508404,
    "end": 1568117508413,
    "duration": 9,
    "pid": 6224,
    "index": 29
  },
  {
    "name": "Require(25) node_modules/_egg@2.23.0@egg/app/extend/request.js",
    "start": 1568117508408,
    "end": 1568117508410,
    "duration": 2,
    "pid": 6224,
    "index": 30
  },
  {
    "name": "Load extend/response.js",
    "start": 1568117508413,
    "end": 1568117508425,
    "duration": 12,
    "pid": 6224,
    "index": 31
  },
  {
    "name": "Require(26) node_modules/_egg@2.23.0@egg/app/extend/response.js",
    "start": 1568117508417,
    "end": 1568117508421,
    "duration": 4,
    "pid": 6224,
    "index": 32
  },
  {
    "name": "Load extend/context.js",
    "start": 1568117508425,
    "end": 1568117508533,
    "duration": 108,
    "pid": 6224,
    "index": 33
  },
  {
    "name": "Require(27) node_modules/_egg-security@2.6.1@egg-security/app/extend/context.js",
    "start": 1568117508426,
    "end": 1568117508449,
    "duration": 23,
    "pid": 6224,
    "index": 34
  },
  {
    "name": "Require(28) node_modules/_egg-jsonp@2.0.0@egg-jsonp/app/extend/context.js",
    "start": 1568117508449,
    "end": 1568117508452,
    "duration": 3,
    "pid": 6224,
    "index": 35
  },
  {
    "name": "Require(29) node_modules/_egg-i18n@2.1.1@egg-i18n/app/extend/context.js",
    "start": 1568117508452,
    "end": 1568117508453,
    "duration": 1,
    "pid": 6224,
    "index": 36
  },
  {
    "name": "Require(30) node_modules/_egg-multipart@2.9.0@egg-multipart/app/extend/context.js",
    "start": 1568117508454,
    "end": 1568117508524,
    "duration": 70,
    "pid": 6224,
    "index": 37
  },
  {
    "name": "Require(31) node_modules/_egg-view@2.1.2@egg-view/app/extend/context.js",
    "start": 1568117508525,
    "end": 1568117508526,
    "duration": 1,
    "pid": 6224,
    "index": 38
  },
  {
    "name": "Require(32) node_modules/_egg@2.23.0@egg/app/extend/context.js",
    "start": 1568117508527,
    "end": 1568117508530,
    "duration": 3,
    "pid": 6224,
    "index": 39
  },
  {
    "name": "Load extend/helper.js",
    "start": 1568117508534,
    "end": 1568117508568,
    "duration": 34,
    "pid": 6224,
    "index": 40
  },
  {
    "name": "Require(33) node_modules/_egg-security@2.6.1@egg-security/app/extend/helper.js",
    "start": 1568117508534,
    "end": 1568117508561,
    "duration": 27,
    "pid": 6224,
    "index": 41
  },
  {
    "name": "Require(34) node_modules/_egg@2.23.0@egg/app/extend/helper.js",
    "start": 1568117508564,
    "end": 1568117508565,
    "duration": 1,
    "pid": 6224,
    "index": 42
  },
  {
    "name": "Load app.js",
    "start": 1568117508568,
    "end": 1568117508621,
    "duration": 53,
    "pid": 6224,
    "index": 43
  },
  {
    "name": "Require(35) node_modules/_egg-session@3.1.0@egg-session/app.js",
    "start": 1568117508569,
    "end": 1568117508569,
    "duration": 0,
    "pid": 6224,
    "index": 44
  },
  {
    "name": "Require(36) node_modules/_egg-security@2.6.1@egg-security/app.js",
    "start": 1568117508570,
    "end": 1568117508572,
    "duration": 2,
    "pid": 6224,
    "index": 45
  },
  {
    "name": "Require(37) node_modules/_egg-onerror@2.1.0@egg-onerror/app.js",
    "start": 1568117508573,
    "end": 1568117508588,
    "duration": 15,
    "pid": 6224,
    "index": 46
  },
  {
    "name": "Require(38) node_modules/_egg-i18n@2.1.1@egg-i18n/app.js",
    "start": 1568117508589,
    "end": 1568117508601,
    "duration": 12,
    "pid": 6224,
    "index": 47
  },
  {
    "name": "Require(39) node_modules/_egg-watcher@3.1.0@egg-watcher/app.js",
    "start": 1568117508601,
    "end": 1568117508607,
    "duration": 6,
    "pid": 6224,
    "index": 48
  },
  {
    "name": "Require(40) node_modules/_egg-schedule@3.6.4@egg-schedule/app.js",
    "start": 1568117508607,
    "end": 1568117508610,
    "duration": 3,
    "pid": 6224,
    "index": 49
  },
  {
    "name": "Require(41) node_modules/_egg-multipart@2.9.0@egg-multipart/app.js",
    "start": 1568117508611,
    "end": 1568117508616,
    "duration": 5,
    "pid": 6224,
    "index": 50
  },
  {
    "name": "Require(42) node_modules/_egg-development@2.4.3@egg-development/app.js",
    "start": 1568117508616,
    "end": 1568117508617,
    "duration": 1,
    "pid": 6224,
    "index": 51
  },
  {
    "name": "Require(43) node_modules/_egg-logrotator@3.1.0@egg-logrotator/app.js",
    "start": 1568117508617,
    "end": 1568117508618,
    "duration": 1,
    "pid": 6224,
    "index": 52
  },
  {
    "name": "Require(44) node_modules/_egg-static@2.2.0@egg-static/app.js",
    "start": 1568117508618,
    "end": 1568117508619,
    "duration": 1,
    "pid": 6224,
    "index": 53
  },
  {
    "name": "Require(45) node_modules/_egg-sequelize@5.2.0@egg-sequelize/app.js",
    "start": 1568117508620,
    "end": 1568117508620,
    "duration": 0,
    "pid": 6224,
    "index": 54
  },
  {
    "name": "Before Start in node_modules/_egg-watcher@3.1.0@egg-watcher/lib/init.js:15:14",
    "start": 1568117508637,
    "end": 1568117509545,
    "duration": 908,
    "pid": 6224,
    "index": 55
  },
  {
    "name": "Load \"Symbol(model)\" to Application",
    "start": 1568117509259,
    "end": 1568117509297,
    "duration": 38,
    "pid": 6224,
    "index": 56
  },
  {
    "name": "Before Start in node_modules/_egg-sequelize@5.2.0@egg-sequelize/lib/loader.js:39:7",
    "start": 1568117509307,
    "end": 1568117509579,
    "duration": 272,
    "pid": 6224,
    "index": 57
  },
  {
    "name": "Load Service",
    "start": 1568117509307,
    "end": 1568117509315,
    "duration": 8,
    "pid": 6224,
    "index": 58
  },
  {
    "name": "Load \"service\" to Context",
    "start": 1568117509308,
    "end": 1568117509315,
    "duration": 7,
    "pid": 6224,
    "index": 59
  },
  {
    "name": "Load Middleware",
    "start": 1568117509316,
    "end": 1568117509464,
    "duration": 148,
    "pid": 6224,
    "index": 60
  },
  {
    "name": "Load \"middlewares\" to Application",
    "start": 1568117509316,
    "end": 1568117509448,
    "duration": 132,
    "pid": 6224,
    "index": 61
  },
  {
    "name": "Load Controller",
    "start": 1568117509464,
    "end": 1568117509469,
    "duration": 5,
    "pid": 6224,
    "index": 62
  },
  {
    "name": "Load \"controller\" to Application",
    "start": 1568117509464,
    "end": 1568117509469,
    "duration": 5,
    "pid": 6224,
    "index": 63
  },
  {
    "name": "Load Router",
    "start": 1568117509469,
    "end": 1568117509474,
    "duration": 5,
    "pid": 6224,
    "index": 64
  },
  {
    "name": "Require(46) app/router.js",
    "start": 1568117509470,
    "end": 1568117509470,
    "duration": 0,
    "pid": 6224,
    "index": 65
  },
  {
    "name": "Before Start in node_modules/_egg-core@4.17.3@egg-core/lib/egg.js:303:10",
    "start": 1568117509471,
    "end": 1568117509496,
    "duration": 25,
    "pid": 6224,
    "index": 66
  }
]