[
  {
    "name": "Application Start",
    "start": 1568084209882,
    "end": 1568084211104,
    "duration": 1222,
    "pid": 6908,
    "index": 0
  },
  {
    "name": "Load Plugin",
    "start": 1568084209889,
    "end": 1568084209917,
    "duration": 28,
    "pid": 6908,
    "index": 1
  },
  {
    "name": "Load Config",
    "start": 1568084209917,
    "end": 1568084209950,
    "duration": 33,
    "pid": 6908,
    "index": 2
  },
  {
    "name": "Require(0) config/config.default.js",
    "start": 1568084209918,
    "end": 1568084209919,
    "duration": 1,
    "pid": 6908,
    "index": 3
  },
  {
    "name": "Require(1) node_modules/_egg-session@3.1.0@egg-session/config/config.default.js",
    "start": 1568084209921,
    "end": 1568084209922,
    "duration": 1,
    "pid": 6908,
    "index": 4
  },
  {
    "name": "Require(2) node_modules/_egg-security@2.6.1@egg-security/config/config.default.js",
    "start": 1568084209922,
    "end": 1568084209923,
    "duration": 1,
    "pid": 6908,
    "index": 5
  },
  {
    "name": "Require(3) node_modules/_egg-jsonp@2.0.0@egg-jsonp/config/config.default.js",
    "start": 1568084209925,
    "end": 1568084209926,
    "duration": 1,
    "pid": 6908,
    "index": 6
  },
  {
    "name": "Require(4) node_modules/_egg-onerror@2.1.0@egg-onerror/config/config.default.js",
    "start": 1568084209927,
    "end": 1568084209927,
    "duration": 0,
    "pid": 6908,
    "index": 7
  },
  {
    "name": "Require(5) node_modules/_egg-i18n@2.1.1@egg-i18n/config/config.default.js",
    "start": 1568084209928,
    "end": 1568084209928,
    "duration": 0,
    "pid": 6908,
    "index": 8
  },
  {
    "name": "Require(6) node_modules/_egg-watcher@3.1.0@egg-watcher/config/config.default.js",
    "start": 1568084209929,
    "end": 1568084209930,
    "duration": 1,
    "pid": 6908,
    "index": 9
  },
  {
    "name": "Require(7) node_modules/_egg-schedule@3.6.4@egg-schedule/config/config.default.js",
    "start": 1568084209930,
    "end": 1568084209930,
    "duration": 0,
    "pid": 6908,
    "index": 10
  },
  {
    "name": "Require(8) node_modules/_egg-multipart@2.9.0@egg-multipart/config/config.default.js",
    "start": 1568084209931,
    "end": 1568084209932,
    "duration": 1,
    "pid": 6908,
    "index": 11
  },
  {
    "name": "Require(9) node_modules/_egg-development@2.4.3@egg-development/config/config.default.js",
    "start": 1568084209933,
    "end": 1568084209933,
    "duration": 0,
    "pid": 6908,
    "index": 12
  },
  {
    "name": "Require(10) node_modules/_egg-logrotator@3.1.0@egg-logrotator/config/config.default.js",
    "start": 1568084209934,
    "end": 1568084209935,
    "duration": 1,
    "pid": 6908,
    "index": 13
  },
  {
    "name": "Require(11) node_modules/_egg-static@2.2.0@egg-static/config/config.default.js",
    "start": 1568084209936,
    "end": 1568084209936,
    "duration": 0,
    "pid": 6908,
    "index": 14
  },
  {
    "name": "Require(12) node_modules/_egg-view@2.1.2@egg-view/config/config.default.js",
    "start": 1568084209937,
    "end": 1568084209938,
    "duration": 1,
    "pid": 6908,
    "index": 15
  },
  {
    "name": "Require(13) node_modules/_egg-sequelize@5.2.0@egg-sequelize/config/config.default.js",
    "start": 1568084209939,
    "end": 1568084209939,
    "duration": 0,
    "pid": 6908,
    "index": 16
  },
  {
    "name": "Require(14) node_modules/_egg@2.23.0@egg/config/config.default.js",
    "start": 1568084209940,
    "end": 1568084209941,
    "duration": 1,
    "pid": 6908,
    "index": 17
  },
  {
    "name": "Require(15) config/config.default.js",
    "start": 1568084209944,
    "end": 1568084209944,
    "duration": 0,
    "pid": 6908,
    "index": 18
  },
  {
    "name": "Require(16) node_modules/_egg-security@2.6.1@egg-security/config/config.local.js",
    "start": 1568084209945,
    "end": 1568084209945,
    "duration": 0,
    "pid": 6908,
    "index": 19
  },
  {
    "name": "Require(17) node_modules/_egg-watcher@3.1.0@egg-watcher/config/config.local.js",
    "start": 1568084209947,
    "end": 1568084209947,
    "duration": 0,
    "pid": 6908,
    "index": 20
  },
  {
    "name": "Require(18) node_modules/_egg-view@2.1.2@egg-view/config/config.local.js",
    "start": 1568084209949,
    "end": 1568084209949,
    "duration": 0,
    "pid": 6908,
    "index": 21
  },
  {
    "name": "Require(19) node_modules/_egg@2.23.0@egg/config/config.local.js",
    "start": 1568084209950,
    "end": 1568084209950,
    "duration": 0,
    "pid": 6908,
    "index": 22
  },
  {
    "name": "Load extend/application.js",
    "start": 1568084209952,
    "end": 1568084209975,
    "duration": 23,
    "pid": 6908,
    "index": 23
  },
  {
    "name": "Require(20) node_modules/_egg-session@3.1.0@egg-session/app/extend/application.js",
    "start": 1568084209953,
    "end": 1568084209954,
    "duration": 1,
    "pid": 6908,
    "index": 24
  },
  {
    "name": "Require(21) node_modules/_egg-security@2.6.1@egg-security/app/extend/application.js",
    "start": 1568084209955,
    "end": 1568084209956,
    "duration": 1,
    "pid": 6908,
    "index": 25
  },
  {
    "name": "Require(22) node_modules/_egg-jsonp@2.0.0@egg-jsonp/app/extend/application.js",
    "start": 1568084209956,
    "end": 1568084209961,
    "duration": 5,
    "pid": 6908,
    "index": 26
  },
  {
    "name": "Require(23) node_modules/_egg-logrotator@3.1.0@egg-logrotator/app/extend/application.js",
    "start": 1568084209963,
    "end": 1568084209967,
    "duration": 4,
    "pid": 6908,
    "index": 27
  },
  {
    "name": "Require(24) node_modules/_egg-view@2.1.2@egg-view/app/extend/application.js",
    "start": 1568084209968,
    "end": 1568084209970,
    "duration": 2,
    "pid": 6908,
    "index": 28
  },
  {
    "name": "Load extend/request.js",
    "start": 1568084209975,
    "end": 1568084209984,
    "duration": 9,
    "pid": 6908,
    "index": 29
  },
  {
    "name": "Require(25) node_modules/_egg@2.23.0@egg/app/extend/request.js",
    "start": 1568084209979,
    "end": 1568084209981,
    "duration": 2,
    "pid": 6908,
    "index": 30
  },
  {
    "name": "Load extend/response.js",
    "start": 1568084209984,
    "end": 1568084209994,
    "duration": 10,
    "pid": 6908,
    "index": 31
  },
  {
    "name": "Require(26) node_modules/_egg@2.23.0@egg/app/extend/response.js",
    "start": 1568084209988,
    "end": 1568084209991,
    "duration": 3,
    "pid": 6908,
    "index": 32
  },
  {
    "name": "Load extend/context.js",
    "start": 1568084209994,
    "end": 1568084210119,
    "duration": 125,
    "pid": 6908,
    "index": 33
  },
  {
    "name": "Require(27) node_modules/_egg-security@2.6.1@egg-security/app/extend/context.js",
    "start": 1568084209995,
    "end": 1568084210016,
    "duration": 21,
    "pid": 6908,
    "index": 34
  },
  {
    "name": "Require(28) node_modules/_egg-jsonp@2.0.0@egg-jsonp/app/extend/context.js",
    "start": 1568084210017,
    "end": 1568084210019,
    "duration": 2,
    "pid": 6908,
    "index": 35
  },
  {
    "name": "Require(29) node_modules/_egg-i18n@2.1.1@egg-i18n/app/extend/context.js",
    "start": 1568084210020,
    "end": 1568084210020,
    "duration": 0,
    "pid": 6908,
    "index": 36
  },
  {
    "name": "Require(30) node_modules/_egg-multipart@2.9.0@egg-multipart/app/extend/context.js",
    "start": 1568084210022,
    "end": 1568084210108,
    "duration": 86,
    "pid": 6908,
    "index": 37
  },
  {
    "name": "Require(31) node_modules/_egg-view@2.1.2@egg-view/app/extend/context.js",
    "start": 1568084210110,
    "end": 1568084210111,
    "duration": 1,
    "pid": 6908,
    "index": 38
  },
  {
    "name": "Require(32) node_modules/_egg@2.23.0@egg/app/extend/context.js",
    "start": 1568084210112,
    "end": 1568084210115,
    "duration": 3,
    "pid": 6908,
    "index": 39
  },
  {
    "name": "Load extend/helper.js",
    "start": 1568084210119,
    "end": 1568084210164,
    "duration": 45,
    "pid": 6908,
    "index": 40
  },
  {
    "name": "Require(33) node_modules/_egg-security@2.6.1@egg-security/app/extend/helper.js",
    "start": 1568084210120,
    "end": 1568084210157,
    "duration": 37,
    "pid": 6908,
    "index": 41
  },
  {
    "name": "Require(34) node_modules/_egg@2.23.0@egg/app/extend/helper.js",
    "start": 1568084210160,
    "end": 1568084210160,
    "duration": 0,
    "pid": 6908,
    "index": 42
  },
  {
    "name": "Load app.js",
    "start": 1568084210164,
    "end": 1568084210223,
    "duration": 59,
    "pid": 6908,
    "index": 43
  },
  {
    "name": "Require(35) node_modules/_egg-session@3.1.0@egg-session/app.js",
    "start": 1568084210165,
    "end": 1568084210165,
    "duration": 0,
    "pid": 6908,
    "index": 44
  },
  {
    "name": "Require(36) node_modules/_egg-security@2.6.1@egg-security/app.js",
    "start": 1568084210166,
    "end": 1568084210168,
    "duration": 2,
    "pid": 6908,
    "index": 45
  },
  {
    "name": "Require(37) node_modules/_egg-onerror@2.1.0@egg-onerror/app.js",
    "start": 1568084210169,
    "end": 1568084210187,
    "duration": 18,
    "pid": 6908,
    "index": 46
  },
  {
    "name": "Require(38) node_modules/_egg-i18n@2.1.1@egg-i18n/app.js",
    "start": 1568084210187,
    "end": 1568084210200,
    "duration": 13,
    "pid": 6908,
    "index": 47
  },
  {
    "name": "Require(39) node_modules/_egg-watcher@3.1.0@egg-watcher/app.js",
    "start": 1568084210201,
    "end": 1568084210207,
    "duration": 6,
    "pid": 6908,
    "index": 48
  },
  {
    "name": "Require(40) node_modules/_egg-schedule@3.6.4@egg-schedule/app.js",
    "start": 1568084210208,
    "end": 1568084210211,
    "duration": 3,
    "pid": 6908,
    "index": 49
  },
  {
    "name": "Require(41) node_modules/_egg-multipart@2.9.0@egg-multipart/app.js",
    "start": 1568084210212,
    "end": 1568084210216,
    "duration": 4,
    "pid": 6908,
    "index": 50
  },
  {
    "name": "Require(42) node_modules/_egg-development@2.4.3@egg-development/app.js",
    "start": 1568084210217,
    "end": 1568084210217,
    "duration": 0,
    "pid": 6908,
    "index": 51
  },
  {
    "name": "Require(43) node_modules/_egg-logrotator@3.1.0@egg-logrotator/app.js",
    "start": 1568084210218,
    "end": 1568084210218,
    "duration": 0,
    "pid": 6908,
    "index": 52
  },
  {
    "name": "Require(44) node_modules/_egg-static@2.2.0@egg-static/app.js",
    "start": 1568084210219,
    "end": 1568084210219,
    "duration": 0,
    "pid": 6908,
    "index": 53
  },
  {
    "name": "Require(45) node_modules/_egg-sequelize@5.2.0@egg-sequelize/app.js",
    "start": 1568084210221,
    "end": 1568084210221,
    "duration": 0,
    "pid": 6908,
    "index": 54
  },
  {
    "name": "Before Start in node_modules/_egg-watcher@3.1.0@egg-watcher/lib/init.js:15:14",
    "start": 1568084210242,
    "end": 1568084211067,
    "duration": 825,
    "pid": 6908,
    "index": 55
  },
  {
    "name": "Load \"Symbol(model)\" to Application",
    "start": 1568084210818,
    "end": 1568084210831,
    "duration": 13,
    "pid": 6908,
    "index": 56
  },
  {
    "name": "Before Start in node_modules/_egg-sequelize@5.2.0@egg-sequelize/lib/loader.js:39:7",
    "start": 1568084210831,
    "end": 1568084211104,
    "duration": 273,
    "pid": 6908,
    "index": 57
  },
  {
    "name": "Load Service",
    "start": 1568084210831,
    "end": 1568084210837,
    "duration": 6,
    "pid": 6908,
    "index": 58
  },
  {
    "name": "Load \"service\" to Context",
    "start": 1568084210832,
    "end": 1568084210837,
    "duration": 5,
    "pid": 6908,
    "index": 59
  },
  {
    "name": "Load Middleware",
    "start": 1568084210837,
    "end": 1568084210981,
    "duration": 144,
    "pid": 6908,
    "index": 60
  },
  {
    "name": "Load \"middlewares\" to Application",
    "start": 1568084210838,
    "end": 1568084210963,
    "duration": 125,
    "pid": 6908,
    "index": 61
  },
  {
    "name": "Load Controller",
    "start": 1568084210981,
    "end": 1568084210984,
    "duration": 3,
    "pid": 6908,
    "index": 62
  },
  {
    "name": "Load \"controller\" to Application",
    "start": 1568084210981,
    "end": 1568084210984,
    "duration": 3,
    "pid": 6908,
    "index": 63
  },
  {
    "name": "Load Router",
    "start": 1568084210984,
    "end": 1568084210987,
    "duration": 3,
    "pid": 6908,
    "index": 64
  },
  {
    "name": "Require(46) app/router.js",
    "start": 1568084210984,
    "end": 1568084210985,
    "duration": 1,
    "pid": 6908,
    "index": 65
  },
  {
    "name": "Before Start in node_modules/_egg-core@4.17.3@egg-core/lib/egg.js:303:10",
    "start": 1568084210985,
    "end": 1568084211010,
    "duration": 25,
    "pid": 6908,
    "index": 66
  }
]