[
  {
    "name": "Application Start",
    "start": 1568103065093,
    "end": 1568103066192,
    "duration": 1099,
    "pid": 12792,
    "index": 0
  },
  {
    "name": "Load Plugin",
    "start": 1568103065099,
    "end": 1568103065124,
    "duration": 25,
    "pid": 12792,
    "index": 1
  },
  {
    "name": "Load Config",
    "start": 1568103065125,
    "end": 1568103065151,
    "duration": 26,
    "pid": 12792,
    "index": 2
  },
  {
    "name": "Require(0) config/config.default.js",
    "start": 1568103065126,
    "end": 1568103065126,
    "duration": 0,
    "pid": 12792,
    "index": 3
  },
  {
    "name": "Require(1) node_modules/_egg-session@3.1.0@egg-session/config/config.default.js",
    "start": 1568103065128,
    "end": 1568103065128,
    "duration": 0,
    "pid": 12792,
    "index": 4
  },
  {
    "name": "Require(2) node_modules/_egg-security@2.6.1@egg-security/config/config.default.js",
    "start": 1568103065129,
    "end": 1568103065129,
    "duration": 0,
    "pid": 12792,
    "index": 5
  },
  {
    "name": "Require(3) node_modules/_egg-jsonp@2.0.0@egg-jsonp/config/config.default.js",
    "start": 1568103065131,
    "end": 1568103065131,
    "duration": 0,
    "pid": 12792,
    "index": 6
  },
  {
    "name": "Require(4) node_modules/_egg-onerror@2.1.0@egg-onerror/config/config.default.js",
    "start": 1568103065132,
    "end": 1568103065132,
    "duration": 0,
    "pid": 12792,
    "index": 7
  },
  {
    "name": "Require(5) node_modules/_egg-i18n@2.1.1@egg-i18n/config/config.default.js",
    "start": 1568103065133,
    "end": 1568103065133,
    "duration": 0,
    "pid": 12792,
    "index": 8
  },
  {
    "name": "Require(6) node_modules/_egg-watcher@3.1.0@egg-watcher/config/config.default.js",
    "start": 1568103065134,
    "end": 1568103065134,
    "duration": 0,
    "pid": 12792,
    "index": 9
  },
  {
    "name": "Require(7) node_modules/_egg-schedule@3.6.4@egg-schedule/config/config.default.js",
    "start": 1568103065135,
    "end": 1568103065135,
    "duration": 0,
    "pid": 12792,
    "index": 10
  },
  {
    "name": "Require(8) node_modules/_egg-multipart@2.9.0@egg-multipart/config/config.default.js",
    "start": 1568103065136,
    "end": 1568103065137,
    "duration": 1,
    "pid": 12792,
    "index": 11
  },
  {
    "name": "Require(9) node_modules/_egg-development@2.4.3@egg-development/config/config.default.js",
    "start": 1568103065138,
    "end": 1568103065138,
    "duration": 0,
    "pid": 12792,
    "index": 12
  },
  {
    "name": "Require(10) node_modules/_egg-logrotator@3.1.0@egg-logrotator/config/config.default.js",
    "start": 1568103065139,
    "end": 1568103065139,
    "duration": 0,
    "pid": 12792,
    "index": 13
  },
  {
    "name": "Require(11) node_modules/_egg-static@2.2.0@egg-static/config/config.default.js",
    "start": 1568103065140,
    "end": 1568103065140,
    "duration": 0,
    "pid": 12792,
    "index": 14
  },
  {
    "name": "Require(12) node_modules/_egg-view@2.1.2@egg-view/config/config.default.js",
    "start": 1568103065141,
    "end": 1568103065141,
    "duration": 0,
    "pid": 12792,
    "index": 15
  },
  {
    "name": "Require(13) node_modules/_egg-sequelize@5.2.0@egg-sequelize/config/config.default.js",
    "start": 1568103065142,
    "end": 1568103065142,
    "duration": 0,
    "pid": 12792,
    "index": 16
  },
  {
    "name": "Require(14) node_modules/_egg@2.23.0@egg/config/config.default.js",
    "start": 1568103065142,
    "end": 1568103065143,
    "duration": 1,
    "pid": 12792,
    "index": 17
  },
  {
    "name": "Require(15) config/config.default.js",
    "start": 1568103065145,
    "end": 1568103065145,
    "duration": 0,
    "pid": 12792,
    "index": 18
  },
  {
    "name": "Require(16) node_modules/_egg-security@2.6.1@egg-security/config/config.local.js",
    "start": 1568103065146,
    "end": 1568103065146,
    "duration": 0,
    "pid": 12792,
    "index": 19
  },
  {
    "name": "Require(17) node_modules/_egg-watcher@3.1.0@egg-watcher/config/config.local.js",
    "start": 1568103065147,
    "end": 1568103065147,
    "duration": 0,
    "pid": 12792,
    "index": 20
  },
  {
    "name": "Require(18) node_modules/_egg-view@2.1.2@egg-view/config/config.local.js",
    "start": 1568103065149,
    "end": 1568103065149,
    "duration": 0,
    "pid": 12792,
    "index": 21
  },
  {
    "name": "Require(19) node_modules/_egg@2.23.0@egg/config/config.local.js",
    "start": 1568103065150,
    "end": 1568103065150,
    "duration": 0,
    "pid": 12792,
    "index": 22
  },
  {
    "name": "Load extend/application.js",
    "start": 1568103065153,
    "end": 1568103065173,
    "duration": 20,
    "pid": 12792,
    "index": 23
  },
  {
    "name": "Require(20) node_modules/_egg-session@3.1.0@egg-session/app/extend/application.js",
    "start": 1568103065154,
    "end": 1568103065154,
    "duration": 0,
    "pid": 12792,
    "index": 24
  },
  {
    "name": "Require(21) node_modules/_egg-security@2.6.1@egg-security/app/extend/application.js",
    "start": 1568103065155,
    "end": 1568103065156,
    "duration": 1,
    "pid": 12792,
    "index": 25
  },
  {
    "name": "Require(22) node_modules/_egg-jsonp@2.0.0@egg-jsonp/app/extend/application.js",
    "start": 1568103065157,
    "end": 1568103065160,
    "duration": 3,
    "pid": 12792,
    "index": 26
  },
  {
    "name": "Require(23) node_modules/_egg-logrotator@3.1.0@egg-logrotator/app/extend/application.js",
    "start": 1568103065162,
    "end": 1568103065166,
    "duration": 4,
    "pid": 12792,
    "index": 27
  },
  {
    "name": "Require(24) node_modules/_egg-view@2.1.2@egg-view/app/extend/application.js",
    "start": 1568103065166,
    "end": 1568103065169,
    "duration": 3,
    "pid": 12792,
    "index": 28
  },
  {
    "name": "Load extend/request.js",
    "start": 1568103065173,
    "end": 1568103065182,
    "duration": 9,
    "pid": 12792,
    "index": 29
  },
  {
    "name": "Require(25) node_modules/_egg@2.23.0@egg/app/extend/request.js",
    "start": 1568103065177,
    "end": 1568103065179,
    "duration": 2,
    "pid": 12792,
    "index": 30
  },
  {
    "name": "Load extend/response.js",
    "start": 1568103065182,
    "end": 1568103065192,
    "duration": 10,
    "pid": 12792,
    "index": 31
  },
  {
    "name": "Require(26) node_modules/_egg@2.23.0@egg/app/extend/response.js",
    "start": 1568103065186,
    "end": 1568103065189,
    "duration": 3,
    "pid": 12792,
    "index": 32
  },
  {
    "name": "Load extend/context.js",
    "start": 1568103065192,
    "end": 1568103065299,
    "duration": 107,
    "pid": 12792,
    "index": 33
  },
  {
    "name": "Require(27) node_modules/_egg-security@2.6.1@egg-security/app/extend/context.js",
    "start": 1568103065193,
    "end": 1568103065212,
    "duration": 19,
    "pid": 12792,
    "index": 34
  },
  {
    "name": "Require(28) node_modules/_egg-jsonp@2.0.0@egg-jsonp/app/extend/context.js",
    "start": 1568103065213,
    "end": 1568103065216,
    "duration": 3,
    "pid": 12792,
    "index": 35
  },
  {
    "name": "Require(29) node_modules/_egg-i18n@2.1.1@egg-i18n/app/extend/context.js",
    "start": 1568103065217,
    "end": 1568103065217,
    "duration": 0,
    "pid": 12792,
    "index": 36
  },
  {
    "name": "Require(30) node_modules/_egg-multipart@2.9.0@egg-multipart/app/extend/context.js",
    "start": 1568103065218,
    "end": 1568103065289,
    "duration": 71,
    "pid": 12792,
    "index": 37
  },
  {
    "name": "Require(31) node_modules/_egg-view@2.1.2@egg-view/app/extend/context.js",
    "start": 1568103065290,
    "end": 1568103065291,
    "duration": 1,
    "pid": 12792,
    "index": 38
  },
  {
    "name": "Require(32) node_modules/_egg@2.23.0@egg/app/extend/context.js",
    "start": 1568103065292,
    "end": 1568103065295,
    "duration": 3,
    "pid": 12792,
    "index": 39
  },
  {
    "name": "Load extend/helper.js",
    "start": 1568103065299,
    "end": 1568103065336,
    "duration": 37,
    "pid": 12792,
    "index": 40
  },
  {
    "name": "Require(33) node_modules/_egg-security@2.6.1@egg-security/app/extend/helper.js",
    "start": 1568103065300,
    "end": 1568103065329,
    "duration": 29,
    "pid": 12792,
    "index": 41
  },
  {
    "name": "Require(34) node_modules/_egg@2.23.0@egg/app/extend/helper.js",
    "start": 1568103065332,
    "end": 1568103065333,
    "duration": 1,
    "pid": 12792,
    "index": 42
  },
  {
    "name": "Load app.js",
    "start": 1568103065337,
    "end": 1568103065389,
    "duration": 52,
    "pid": 12792,
    "index": 43
  },
  {
    "name": "Require(35) node_modules/_egg-session@3.1.0@egg-session/app.js",
    "start": 1568103065337,
    "end": 1568103065337,
    "duration": 0,
    "pid": 12792,
    "index": 44
  },
  {
    "name": "Require(36) node_modules/_egg-security@2.6.1@egg-security/app.js",
    "start": 1568103065338,
    "end": 1568103065341,
    "duration": 3,
    "pid": 12792,
    "index": 45
  },
  {
    "name": "Require(37) node_modules/_egg-onerror@2.1.0@egg-onerror/app.js",
    "start": 1568103065342,
    "end": 1568103065358,
    "duration": 16,
    "pid": 12792,
    "index": 46
  },
  {
    "name": "Require(38) node_modules/_egg-i18n@2.1.1@egg-i18n/app.js",
    "start": 1568103065358,
    "end": 1568103065369,
    "duration": 11,
    "pid": 12792,
    "index": 47
  },
  {
    "name": "Require(39) node_modules/_egg-watcher@3.1.0@egg-watcher/app.js",
    "start": 1568103065370,
    "end": 1568103065376,
    "duration": 6,
    "pid": 12792,
    "index": 48
  },
  {
    "name": "Require(40) node_modules/_egg-schedule@3.6.4@egg-schedule/app.js",
    "start": 1568103065377,
    "end": 1568103065380,
    "duration": 3,
    "pid": 12792,
    "index": 49
  },
  {
    "name": "Require(41) node_modules/_egg-multipart@2.9.0@egg-multipart/app.js",
    "start": 1568103065380,
    "end": 1568103065384,
    "duration": 4,
    "pid": 12792,
    "index": 50
  },
  {
    "name": "Require(42) node_modules/_egg-development@2.4.3@egg-development/app.js",
    "start": 1568103065385,
    "end": 1568103065385,
    "duration": 0,
    "pid": 12792,
    "index": 51
  },
  {
    "name": "Require(43) node_modules/_egg-logrotator@3.1.0@egg-logrotator/app.js",
    "start": 1568103065386,
    "end": 1568103065386,
    "duration": 0,
    "pid": 12792,
    "index": 52
  },
  {
    "name": "Require(44) node_modules/_egg-static@2.2.0@egg-static/app.js",
    "start": 1568103065386,
    "end": 1568103065387,
    "duration": 1,
    "pid": 12792,
    "index": 53
  },
  {
    "name": "Require(45) node_modules/_egg-sequelize@5.2.0@egg-sequelize/app.js",
    "start": 1568103065388,
    "end": 1568103065388,
    "duration": 0,
    "pid": 12792,
    "index": 54
  },
  {
    "name": "Before Start in node_modules/_egg-watcher@3.1.0@egg-watcher/lib/init.js:15:14",
    "start": 1568103065404,
    "end": 1568103066159,
    "duration": 755,
    "pid": 12792,
    "index": 55
  },
  {
    "name": "Load \"Symbol(model)\" to Application",
    "start": 1568103065911,
    "end": 1568103065934,
    "duration": 23,
    "pid": 12792,
    "index": 56
  },
  {
    "name": "Before Start in node_modules/_egg-sequelize@5.2.0@egg-sequelize/lib/loader.js:39:7",
    "start": 1568103065941,
    "end": 1568103066191,
    "duration": 250,
    "pid": 12792,
    "index": 57
  },
  {
    "name": "Load Service",
    "start": 1568103065941,
    "end": 1568103065946,
    "duration": 5,
    "pid": 12792,
    "index": 58
  },
  {
    "name": "Load \"service\" to Context",
    "start": 1568103065941,
    "end": 1568103065946,
    "duration": 5,
    "pid": 12792,
    "index": 59
  },
  {
    "name": "Load Middleware",
    "start": 1568103065946,
    "end": 1568103066075,
    "duration": 129,
    "pid": 12792,
    "index": 60
  },
  {
    "name": "Load \"middlewares\" to Application",
    "start": 1568103065947,
    "end": 1568103066060,
    "duration": 113,
    "pid": 12792,
    "index": 61
  },
  {
    "name": "Load Controller",
    "start": 1568103066076,
    "end": 1568103066078,
    "duration": 2,
    "pid": 12792,
    "index": 62
  },
  {
    "name": "Load \"controller\" to Application",
    "start": 1568103066076,
    "end": 1568103066078,
    "duration": 2,
    "pid": 12792,
    "index": 63
  },
  {
    "name": "Load Router",
    "start": 1568103066078,
    "end": 1568103066081,
    "duration": 3,
    "pid": 12792,
    "index": 64
  },
  {
    "name": "Require(46) app/router.js",
    "start": 1568103066079,
    "end": 1568103066079,
    "duration": 0,
    "pid": 12792,
    "index": 65
  },
  {
    "name": "Before Start in node_modules/_egg-core@4.17.3@egg-core/lib/egg.js:303:10",
    "start": 1568103066079,
    "end": 1568103066101,
    "duration": 22,
    "pid": 12792,
    "index": 66
  }
]