[
  {
    "name": "Application Start",
    "start": 1568118836313,
    "end": 1568118837492,
    "duration": 1179,
    "pid": 2956,
    "index": 0
  },
  {
    "name": "Load Plugin",
    "start": 1568118836320,
    "end": 1568118836360,
    "duration": 40,
    "pid": 2956,
    "index": 1
  },
  {
    "name": "Load Config",
    "start": 1568118836360,
    "end": 1568118836389,
    "duration": 29,
    "pid": 2956,
    "index": 2
  },
  {
    "name": "Require(0) config/config.default.js",
    "start": 1568118836362,
    "end": 1568118836362,
    "duration": 0,
    "pid": 2956,
    "index": 3
  },
  {
    "name": "Require(1) node_modules/_egg-session@3.1.0@egg-session/config/config.default.js",
    "start": 1568118836364,
    "end": 1568118836364,
    "duration": 0,
    "pid": 2956,
    "index": 4
  },
  {
    "name": "Require(2) node_modules/_egg-security@2.6.1@egg-security/config/config.default.js",
    "start": 1568118836365,
    "end": 1568118836366,
    "duration": 1,
    "pid": 2956,
    "index": 5
  },
  {
    "name": "Require(3) node_modules/_egg-jsonp@2.0.0@egg-jsonp/config/config.default.js",
    "start": 1568118836367,
    "end": 1568118836367,
    "duration": 0,
    "pid": 2956,
    "index": 6
  },
  {
    "name": "Require(4) node_modules/_egg-onerror@2.1.0@egg-onerror/config/config.default.js",
    "start": 1568118836368,
    "end": 1568118836368,
    "duration": 0,
    "pid": 2956,
    "index": 7
  },
  {
    "name": "Require(5) node_modules/_egg-i18n@2.1.1@egg-i18n/config/config.default.js",
    "start": 1568118836369,
    "end": 1568118836369,
    "duration": 0,
    "pid": 2956,
    "index": 8
  },
  {
    "name": "Require(6) node_modules/_egg-watcher@3.1.0@egg-watcher/config/config.default.js",
    "start": 1568118836370,
    "end": 1568118836370,
    "duration": 0,
    "pid": 2956,
    "index": 9
  },
  {
    "name": "Require(7) node_modules/_egg-schedule@3.6.4@egg-schedule/config/config.default.js",
    "start": 1568118836371,
    "end": 1568118836372,
    "duration": 1,
    "pid": 2956,
    "index": 10
  },
  {
    "name": "Require(8) node_modules/_egg-multipart@2.9.0@egg-multipart/config/config.default.js",
    "start": 1568118836373,
    "end": 1568118836373,
    "duration": 0,
    "pid": 2956,
    "index": 11
  },
  {
    "name": "Require(9) node_modules/_egg-development@2.4.3@egg-development/config/config.default.js",
    "start": 1568118836374,
    "end": 1568118836374,
    "duration": 0,
    "pid": 2956,
    "index": 12
  },
  {
    "name": "Require(10) node_modules/_egg-logrotator@3.1.0@egg-logrotator/config/config.default.js",
    "start": 1568118836375,
    "end": 1568118836375,
    "duration": 0,
    "pid": 2956,
    "index": 13
  },
  {
    "name": "Require(11) node_modules/_egg-static@2.2.0@egg-static/config/config.default.js",
    "start": 1568118836376,
    "end": 1568118836376,
    "duration": 0,
    "pid": 2956,
    "index": 14
  },
  {
    "name": "Require(12) node_modules/_egg-view@2.1.2@egg-view/config/config.default.js",
    "start": 1568118836377,
    "end": 1568118836377,
    "duration": 0,
    "pid": 2956,
    "index": 15
  },
  {
    "name": "Require(13) node_modules/_egg-sequelize@5.2.0@egg-sequelize/config/config.default.js",
    "start": 1568118836379,
    "end": 1568118836379,
    "duration": 0,
    "pid": 2956,
    "index": 16
  },
  {
    "name": "Require(14) node_modules/_egg@2.23.0@egg/config/config.default.js",
    "start": 1568118836379,
    "end": 1568118836380,
    "duration": 1,
    "pid": 2956,
    "index": 17
  },
  {
    "name": "Require(15) config/config.default.js",
    "start": 1568118836382,
    "end": 1568118836382,
    "duration": 0,
    "pid": 2956,
    "index": 18
  },
  {
    "name": "Require(16) node_modules/_egg-security@2.6.1@egg-security/config/config.local.js",
    "start": 1568118836383,
    "end": 1568118836383,
    "duration": 0,
    "pid": 2956,
    "index": 19
  },
  {
    "name": "Require(17) node_modules/_egg-watcher@3.1.0@egg-watcher/config/config.local.js",
    "start": 1568118836385,
    "end": 1568118836385,
    "duration": 0,
    "pid": 2956,
    "index": 20
  },
  {
    "name": "Require(18) node_modules/_egg-view@2.1.2@egg-view/config/config.local.js",
    "start": 1568118836387,
    "end": 1568118836388,
    "duration": 1,
    "pid": 2956,
    "index": 21
  },
  {
    "name": "Require(19) node_modules/_egg@2.23.0@egg/config/config.local.js",
    "start": 1568118836389,
    "end": 1568118836389,
    "duration": 0,
    "pid": 2956,
    "index": 22
  },
  {
    "name": "Load extend/application.js",
    "start": 1568118836391,
    "end": 1568118836413,
    "duration": 22,
    "pid": 2956,
    "index": 23
  },
  {
    "name": "Require(20) node_modules/_egg-session@3.1.0@egg-session/app/extend/application.js",
    "start": 1568118836392,
    "end": 1568118836392,
    "duration": 0,
    "pid": 2956,
    "index": 24
  },
  {
    "name": "Require(21) node_modules/_egg-security@2.6.1@egg-security/app/extend/application.js",
    "start": 1568118836393,
    "end": 1568118836395,
    "duration": 2,
    "pid": 2956,
    "index": 25
  },
  {
    "name": "Require(22) node_modules/_egg-jsonp@2.0.0@egg-jsonp/app/extend/application.js",
    "start": 1568118836395,
    "end": 1568118836398,
    "duration": 3,
    "pid": 2956,
    "index": 26
  },
  {
    "name": "Require(23) node_modules/_egg-logrotator@3.1.0@egg-logrotator/app/extend/application.js",
    "start": 1568118836400,
    "end": 1568118836405,
    "duration": 5,
    "pid": 2956,
    "index": 27
  },
  {
    "name": "Require(24) node_modules/_egg-view@2.1.2@egg-view/app/extend/application.js",
    "start": 1568118836406,
    "end": 1568118836408,
    "duration": 2,
    "pid": 2956,
    "index": 28
  },
  {
    "name": "Load extend/request.js",
    "start": 1568118836413,
    "end": 1568118836424,
    "duration": 11,
    "pid": 2956,
    "index": 29
  },
  {
    "name": "Require(25) node_modules/_egg@2.23.0@egg/app/extend/request.js",
    "start": 1568118836417,
    "end": 1568118836419,
    "duration": 2,
    "pid": 2956,
    "index": 30
  },
  {
    "name": "Load extend/response.js",
    "start": 1568118836424,
    "end": 1568118836435,
    "duration": 11,
    "pid": 2956,
    "index": 31
  },
  {
    "name": "Require(26) node_modules/_egg@2.23.0@egg/app/extend/response.js",
    "start": 1568118836428,
    "end": 1568118836431,
    "duration": 3,
    "pid": 2956,
    "index": 32
  },
  {
    "name": "Load extend/context.js",
    "start": 1568118836435,
    "end": 1568118836557,
    "duration": 122,
    "pid": 2956,
    "index": 33
  },
  {
    "name": "Require(27) node_modules/_egg-security@2.6.1@egg-security/app/extend/context.js",
    "start": 1568118836436,
    "end": 1568118836458,
    "duration": 22,
    "pid": 2956,
    "index": 34
  },
  {
    "name": "Require(28) node_modules/_egg-jsonp@2.0.0@egg-jsonp/app/extend/context.js",
    "start": 1568118836459,
    "end": 1568118836461,
    "duration": 2,
    "pid": 2956,
    "index": 35
  },
  {
    "name": "Require(29) node_modules/_egg-i18n@2.1.1@egg-i18n/app/extend/context.js",
    "start": 1568118836462,
    "end": 1568118836463,
    "duration": 1,
    "pid": 2956,
    "index": 36
  },
  {
    "name": "Require(30) node_modules/_egg-multipart@2.9.0@egg-multipart/app/extend/context.js",
    "start": 1568118836464,
    "end": 1568118836546,
    "duration": 82,
    "pid": 2956,
    "index": 37
  },
  {
    "name": "Require(31) node_modules/_egg-view@2.1.2@egg-view/app/extend/context.js",
    "start": 1568118836547,
    "end": 1568118836548,
    "duration": 1,
    "pid": 2956,
    "index": 38
  },
  {
    "name": "Require(32) node_modules/_egg@2.23.0@egg/app/extend/context.js",
    "start": 1568118836549,
    "end": 1568118836553,
    "duration": 4,
    "pid": 2956,
    "index": 39
  },
  {
    "name": "Load extend/helper.js",
    "start": 1568118836557,
    "end": 1568118836597,
    "duration": 40,
    "pid": 2956,
    "index": 40
  },
  {
    "name": "Require(33) node_modules/_egg-security@2.6.1@egg-security/app/extend/helper.js",
    "start": 1568118836558,
    "end": 1568118836590,
    "duration": 32,
    "pid": 2956,
    "index": 41
  },
  {
    "name": "Require(34) node_modules/_egg@2.23.0@egg/app/extend/helper.js",
    "start": 1568118836593,
    "end": 1568118836594,
    "duration": 1,
    "pid": 2956,
    "index": 42
  },
  {
    "name": "Load app.js",
    "start": 1568118836598,
    "end": 1568118836661,
    "duration": 63,
    "pid": 2956,
    "index": 43
  },
  {
    "name": "Require(35) node_modules/_egg-session@3.1.0@egg-session/app.js",
    "start": 1568118836598,
    "end": 1568118836599,
    "duration": 1,
    "pid": 2956,
    "index": 44
  },
  {
    "name": "Require(36) node_modules/_egg-security@2.6.1@egg-security/app.js",
    "start": 1568118836599,
    "end": 1568118836602,
    "duration": 3,
    "pid": 2956,
    "index": 45
  },
  {
    "name": "Require(37) node_modules/_egg-onerror@2.1.0@egg-onerror/app.js",
    "start": 1568118836603,
    "end": 1568118836625,
    "duration": 22,
    "pid": 2956,
    "index": 46
  },
  {
    "name": "Require(38) node_modules/_egg-i18n@2.1.1@egg-i18n/app.js",
    "start": 1568118836625,
    "end": 1568118836638,
    "duration": 13,
    "pid": 2956,
    "index": 47
  },
  {
    "name": "Require(39) node_modules/_egg-watcher@3.1.0@egg-watcher/app.js",
    "start": 1568118836639,
    "end": 1568118836646,
    "duration": 7,
    "pid": 2956,
    "index": 48
  },
  {
    "name": "Require(40) node_modules/_egg-schedule@3.6.4@egg-schedule/app.js",
    "start": 1568118836646,
    "end": 1568118836649,
    "duration": 3,
    "pid": 2956,
    "index": 49
  },
  {
    "name": "Require(41) node_modules/_egg-multipart@2.9.0@egg-multipart/app.js",
    "start": 1568118836650,
    "end": 1568118836655,
    "duration": 5,
    "pid": 2956,
    "index": 50
  },
  {
    "name": "Require(42) node_modules/_egg-development@2.4.3@egg-development/app.js",
    "start": 1568118836656,
    "end": 1568118836656,
    "duration": 0,
    "pid": 2956,
    "index": 51
  },
  {
    "name": "Require(43) node_modules/_egg-logrotator@3.1.0@egg-logrotator/app.js",
    "start": 1568118836656,
    "end": 1568118836657,
    "duration": 1,
    "pid": 2956,
    "index": 52
  },
  {
    "name": "Require(44) node_modules/_egg-static@2.2.0@egg-static/app.js",
    "start": 1568118836657,
    "end": 1568118836658,
    "duration": 1,
    "pid": 2956,
    "index": 53
  },
  {
    "name": "Require(45) node_modules/_egg-sequelize@5.2.0@egg-sequelize/app.js",
    "start": 1568118836658,
    "end": 1568118836659,
    "duration": 1,
    "pid": 2956,
    "index": 54
  },
  {
    "name": "Before Start in node_modules/_egg-watcher@3.1.0@egg-watcher/lib/init.js:15:14",
    "start": 1568118836679,
    "end": 1568118837459,
    "duration": 780,
    "pid": 2956,
    "index": 55
  },
  {
    "name": "Load \"Symbol(model)\" to Application",
    "start": 1568118837196,
    "end": 1568118837220,
    "duration": 24,
    "pid": 2956,
    "index": 56
  },
  {
    "name": "Before Start in node_modules/_egg-sequelize@5.2.0@egg-sequelize/lib/loader.js:39:7",
    "start": 1568118837227,
    "end": 1568118837492,
    "duration": 265,
    "pid": 2956,
    "index": 57
  },
  {
    "name": "Load Service",
    "start": 1568118837227,
    "end": 1568118837232,
    "duration": 5,
    "pid": 2956,
    "index": 58
  },
  {
    "name": "Load \"service\" to Context",
    "start": 1568118837227,
    "end": 1568118837232,
    "duration": 5,
    "pid": 2956,
    "index": 59
  },
  {
    "name": "Load Middleware",
    "start": 1568118837233,
    "end": 1568118837372,
    "duration": 139,
    "pid": 2956,
    "index": 60
  },
  {
    "name": "Load \"middlewares\" to Application",
    "start": 1568118837233,
    "end": 1568118837354,
    "duration": 121,
    "pid": 2956,
    "index": 61
  },
  {
    "name": "Load Controller",
    "start": 1568118837372,
    "end": 1568118837376,
    "duration": 4,
    "pid": 2956,
    "index": 62
  },
  {
    "name": "Load \"controller\" to Application",
    "start": 1568118837372,
    "end": 1568118837376,
    "duration": 4,
    "pid": 2956,
    "index": 63
  },
  {
    "name": "Load Router",
    "start": 1568118837376,
    "end": 1568118837379,
    "duration": 3,
    "pid": 2956,
    "index": 64
  },
  {
    "name": "Require(46) app/router.js",
    "start": 1568118837376,
    "end": 1568118837377,
    "duration": 1,
    "pid": 2956,
    "index": 65
  },
  {
    "name": "Before Start in node_modules/_egg-core@4.17.3@egg-core/lib/egg.js:303:10",
    "start": 1568118837377,
    "end": 1568118837399,
    "duration": 22,
    "pid": 2956,
    "index": 66
  }
]