[
  {
    "name": "Application Start",
    "start": 1568098460601,
    "end": 1568098461744,
    "duration": 1143,
    "pid": 9272,
    "index": 0
  },
  {
    "name": "Load Plugin",
    "start": 1568098460607,
    "end": 1568098460638,
    "duration": 31,
    "pid": 9272,
    "index": 1
  },
  {
    "name": "Load Config",
    "start": 1568098460639,
    "end": 1568098460665,
    "duration": 26,
    "pid": 9272,
    "index": 2
  },
  {
    "name": "Require(0) config/config.default.js",
    "start": 1568098460640,
    "end": 1568098460640,
    "duration": 0,
    "pid": 9272,
    "index": 3
  },
  {
    "name": "Require(1) node_modules/_egg-session@3.1.0@egg-session/config/config.default.js",
    "start": 1568098460642,
    "end": 1568098460642,
    "duration": 0,
    "pid": 9272,
    "index": 4
  },
  {
    "name": "Require(2) node_modules/_egg-security@2.6.1@egg-security/config/config.default.js",
    "start": 1568098460643,
    "end": 1568098460643,
    "duration": 0,
    "pid": 9272,
    "index": 5
  },
  {
    "name": "Require(3) node_modules/_egg-jsonp@2.0.0@egg-jsonp/config/config.default.js",
    "start": 1568098460645,
    "end": 1568098460645,
    "duration": 0,
    "pid": 9272,
    "index": 6
  },
  {
    "name": "Require(4) node_modules/_egg-onerror@2.1.0@egg-onerror/config/config.default.js",
    "start": 1568098460646,
    "end": 1568098460646,
    "duration": 0,
    "pid": 9272,
    "index": 7
  },
  {
    "name": "Require(5) node_modules/_egg-i18n@2.1.1@egg-i18n/config/config.default.js",
    "start": 1568098460647,
    "end": 1568098460647,
    "duration": 0,
    "pid": 9272,
    "index": 8
  },
  {
    "name": "Require(6) node_modules/_egg-watcher@3.1.0@egg-watcher/config/config.default.js",
    "start": 1568098460648,
    "end": 1568098460648,
    "duration": 0,
    "pid": 9272,
    "index": 9
  },
  {
    "name": "Require(7) node_modules/_egg-schedule@3.6.4@egg-schedule/config/config.default.js",
    "start": 1568098460649,
    "end": 1568098460649,
    "duration": 0,
    "pid": 9272,
    "index": 10
  },
  {
    "name": "Require(8) node_modules/_egg-multipart@2.9.0@egg-multipart/config/config.default.js",
    "start": 1568098460651,
    "end": 1568098460651,
    "duration": 0,
    "pid": 9272,
    "index": 11
  },
  {
    "name": "Require(9) node_modules/_egg-development@2.4.3@egg-development/config/config.default.js",
    "start": 1568098460652,
    "end": 1568098460652,
    "duration": 0,
    "pid": 9272,
    "index": 12
  },
  {
    "name": "Require(10) node_modules/_egg-logrotator@3.1.0@egg-logrotator/config/config.default.js",
    "start": 1568098460653,
    "end": 1568098460653,
    "duration": 0,
    "pid": 9272,
    "index": 13
  },
  {
    "name": "Require(11) node_modules/_egg-static@2.2.0@egg-static/config/config.default.js",
    "start": 1568098460654,
    "end": 1568098460654,
    "duration": 0,
    "pid": 9272,
    "index": 14
  },
  {
    "name": "Require(12) node_modules/_egg-view@2.1.2@egg-view/config/config.default.js",
    "start": 1568098460655,
    "end": 1568098460655,
    "duration": 0,
    "pid": 9272,
    "index": 15
  },
  {
    "name": "Require(13) node_modules/_egg-sequelize@5.2.0@egg-sequelize/config/config.default.js",
    "start": 1568098460656,
    "end": 1568098460656,
    "duration": 0,
    "pid": 9272,
    "index": 16
  },
  {
    "name": "Require(14) node_modules/_egg@2.23.0@egg/config/config.default.js",
    "start": 1568098460656,
    "end": 1568098460657,
    "duration": 1,
    "pid": 9272,
    "index": 17
  },
  {
    "name": "Require(15) config/config.default.js",
    "start": 1568098460658,
    "end": 1568098460658,
    "duration": 0,
    "pid": 9272,
    "index": 18
  },
  {
    "name": "Require(16) node_modules/_egg-security@2.6.1@egg-security/config/config.local.js",
    "start": 1568098460659,
    "end": 1568098460660,
    "duration": 1,
    "pid": 9272,
    "index": 19
  },
  {
    "name": "Require(17) node_modules/_egg-watcher@3.1.0@egg-watcher/config/config.local.js",
    "start": 1568098460661,
    "end": 1568098460661,
    "duration": 0,
    "pid": 9272,
    "index": 20
  },
  {
    "name": "Require(18) node_modules/_egg-view@2.1.2@egg-view/config/config.local.js",
    "start": 1568098460663,
    "end": 1568098460663,
    "duration": 0,
    "pid": 9272,
    "index": 21
  },
  {
    "name": "Require(19) node_modules/_egg@2.23.0@egg/config/config.local.js",
    "start": 1568098460664,
    "end": 1568098460664,
    "duration": 0,
    "pid": 9272,
    "index": 22
  },
  {
    "name": "Load extend/application.js",
    "start": 1568098460666,
    "end": 1568098460686,
    "duration": 20,
    "pid": 9272,
    "index": 23
  },
  {
    "name": "Require(20) node_modules/_egg-session@3.1.0@egg-session/app/extend/application.js",
    "start": 1568098460667,
    "end": 1568098460668,
    "duration": 1,
    "pid": 9272,
    "index": 24
  },
  {
    "name": "Require(21) node_modules/_egg-security@2.6.1@egg-security/app/extend/application.js",
    "start": 1568098460668,
    "end": 1568098460669,
    "duration": 1,
    "pid": 9272,
    "index": 25
  },
  {
    "name": "Require(22) node_modules/_egg-jsonp@2.0.0@egg-jsonp/app/extend/application.js",
    "start": 1568098460670,
    "end": 1568098460673,
    "duration": 3,
    "pid": 9272,
    "index": 26
  },
  {
    "name": "Require(23) node_modules/_egg-logrotator@3.1.0@egg-logrotator/app/extend/application.js",
    "start": 1568098460675,
    "end": 1568098460679,
    "duration": 4,
    "pid": 9272,
    "index": 27
  },
  {
    "name": "Require(24) node_modules/_egg-view@2.1.2@egg-view/app/extend/application.js",
    "start": 1568098460680,
    "end": 1568098460682,
    "duration": 2,
    "pid": 9272,
    "index": 28
  },
  {
    "name": "Load extend/request.js",
    "start": 1568098460686,
    "end": 1568098460694,
    "duration": 8,
    "pid": 9272,
    "index": 29
  },
  {
    "name": "Require(25) node_modules/_egg@2.23.0@egg/app/extend/request.js",
    "start": 1568098460689,
    "end": 1568098460691,
    "duration": 2,
    "pid": 9272,
    "index": 30
  },
  {
    "name": "Load extend/response.js",
    "start": 1568098460694,
    "end": 1568098460704,
    "duration": 10,
    "pid": 9272,
    "index": 31
  },
  {
    "name": "Require(26) node_modules/_egg@2.23.0@egg/app/extend/response.js",
    "start": 1568098460698,
    "end": 1568098460701,
    "duration": 3,
    "pid": 9272,
    "index": 32
  },
  {
    "name": "Load extend/context.js",
    "start": 1568098460704,
    "end": 1568098460824,
    "duration": 120,
    "pid": 9272,
    "index": 33
  },
  {
    "name": "Require(27) node_modules/_egg-security@2.6.1@egg-security/app/extend/context.js",
    "start": 1568098460705,
    "end": 1568098460725,
    "duration": 20,
    "pid": 9272,
    "index": 34
  },
  {
    "name": "Require(28) node_modules/_egg-jsonp@2.0.0@egg-jsonp/app/extend/context.js",
    "start": 1568098460726,
    "end": 1568098460728,
    "duration": 2,
    "pid": 9272,
    "index": 35
  },
  {
    "name": "Require(29) node_modules/_egg-i18n@2.1.1@egg-i18n/app/extend/context.js",
    "start": 1568098460729,
    "end": 1568098460729,
    "duration": 0,
    "pid": 9272,
    "index": 36
  },
  {
    "name": "Require(30) node_modules/_egg-multipart@2.9.0@egg-multipart/app/extend/context.js",
    "start": 1568098460731,
    "end": 1568098460810,
    "duration": 79,
    "pid": 9272,
    "index": 37
  },
  {
    "name": "Require(31) node_modules/_egg-view@2.1.2@egg-view/app/extend/context.js",
    "start": 1568098460811,
    "end": 1568098460814,
    "duration": 3,
    "pid": 9272,
    "index": 38
  },
  {
    "name": "Require(32) node_modules/_egg@2.23.0@egg/app/extend/context.js",
    "start": 1568098460815,
    "end": 1568098460819,
    "duration": 4,
    "pid": 9272,
    "index": 39
  },
  {
    "name": "Load extend/helper.js",
    "start": 1568098460824,
    "end": 1568098460868,
    "duration": 44,
    "pid": 9272,
    "index": 40
  },
  {
    "name": "Require(33) node_modules/_egg-security@2.6.1@egg-security/app/extend/helper.js",
    "start": 1568098460825,
    "end": 1568098460860,
    "duration": 35,
    "pid": 9272,
    "index": 41
  },
  {
    "name": "Require(34) node_modules/_egg@2.23.0@egg/app/extend/helper.js",
    "start": 1568098460864,
    "end": 1568098460864,
    "duration": 0,
    "pid": 9272,
    "index": 42
  },
  {
    "name": "Load app.js",
    "start": 1568098460868,
    "end": 1568098460924,
    "duration": 56,
    "pid": 9272,
    "index": 43
  },
  {
    "name": "Require(35) node_modules/_egg-session@3.1.0@egg-session/app.js",
    "start": 1568098460868,
    "end": 1568098460869,
    "duration": 1,
    "pid": 9272,
    "index": 44
  },
  {
    "name": "Require(36) node_modules/_egg-security@2.6.1@egg-security/app.js",
    "start": 1568098460869,
    "end": 1568098460872,
    "duration": 3,
    "pid": 9272,
    "index": 45
  },
  {
    "name": "Require(37) node_modules/_egg-onerror@2.1.0@egg-onerror/app.js",
    "start": 1568098460873,
    "end": 1568098460889,
    "duration": 16,
    "pid": 9272,
    "index": 46
  },
  {
    "name": "Require(38) node_modules/_egg-i18n@2.1.1@egg-i18n/app.js",
    "start": 1568098460889,
    "end": 1568098460904,
    "duration": 15,
    "pid": 9272,
    "index": 47
  },
  {
    "name": "Require(39) node_modules/_egg-watcher@3.1.0@egg-watcher/app.js",
    "start": 1568098460904,
    "end": 1568098460910,
    "duration": 6,
    "pid": 9272,
    "index": 48
  },
  {
    "name": "Require(40) node_modules/_egg-schedule@3.6.4@egg-schedule/app.js",
    "start": 1568098460911,
    "end": 1568098460914,
    "duration": 3,
    "pid": 9272,
    "index": 49
  },
  {
    "name": "Require(41) node_modules/_egg-multipart@2.9.0@egg-multipart/app.js",
    "start": 1568098460915,
    "end": 1568098460919,
    "duration": 4,
    "pid": 9272,
    "index": 50
  },
  {
    "name": "Require(42) node_modules/_egg-development@2.4.3@egg-development/app.js",
    "start": 1568098460920,
    "end": 1568098460920,
    "duration": 0,
    "pid": 9272,
    "index": 51
  },
  {
    "name": "Require(43) node_modules/_egg-logrotator@3.1.0@egg-logrotator/app.js",
    "start": 1568098460921,
    "end": 1568098460921,
    "duration": 0,
    "pid": 9272,
    "index": 52
  },
  {
    "name": "Require(44) node_modules/_egg-static@2.2.0@egg-static/app.js",
    "start": 1568098460921,
    "end": 1568098460922,
    "duration": 1,
    "pid": 9272,
    "index": 53
  },
  {
    "name": "Require(45) node_modules/_egg-sequelize@5.2.0@egg-sequelize/app.js",
    "start": 1568098460922,
    "end": 1568098460923,
    "duration": 1,
    "pid": 9272,
    "index": 54
  },
  {
    "name": "Before Start in node_modules/_egg-watcher@3.1.0@egg-watcher/lib/init.js:15:14",
    "start": 1568098460940,
    "end": 1568098461697,
    "duration": 757,
    "pid": 9272,
    "index": 55
  },
  {
    "name": "Load \"Symbol(model)\" to Application",
    "start": 1568098461464,
    "end": 1568098461480,
    "duration": 16,
    "pid": 9272,
    "index": 56
  },
  {
    "name": "Before Start in node_modules/_egg-sequelize@5.2.0@egg-sequelize/lib/loader.js:39:7",
    "start": 1568098461480,
    "end": 1568098461743,
    "duration": 263,
    "pid": 9272,
    "index": 57
  },
  {
    "name": "Load Service",
    "start": 1568098461481,
    "end": 1568098461486,
    "duration": 5,
    "pid": 9272,
    "index": 58
  },
  {
    "name": "Load \"service\" to Context",
    "start": 1568098461481,
    "end": 1568098461486,
    "duration": 5,
    "pid": 9272,
    "index": 59
  },
  {
    "name": "Load Middleware",
    "start": 1568098461486,
    "end": 1568098461615,
    "duration": 129,
    "pid": 9272,
    "index": 60
  },
  {
    "name": "Load \"middlewares\" to Application",
    "start": 1568098461486,
    "end": 1568098461598,
    "duration": 112,
    "pid": 9272,
    "index": 61
  },
  {
    "name": "Load Controller",
    "start": 1568098461615,
    "end": 1568098461618,
    "duration": 3,
    "pid": 9272,
    "index": 62
  },
  {
    "name": "Load \"controller\" to Application",
    "start": 1568098461615,
    "end": 1568098461618,
    "duration": 3,
    "pid": 9272,
    "index": 63
  },
  {
    "name": "Load Router",
    "start": 1568098461618,
    "end": 1568098461621,
    "duration": 3,
    "pid": 9272,
    "index": 64
  },
  {
    "name": "Require(46) app/router.js",
    "start": 1568098461619,
    "end": 1568098461619,
    "duration": 0,
    "pid": 9272,
    "index": 65
  },
  {
    "name": "Before Start in node_modules/_egg-core@4.17.3@egg-core/lib/egg.js:303:10",
    "start": 1568098461619,
    "end": 1568098461641,
    "duration": 22,
    "pid": 9272,
    "index": 66
  }
]