[
  {
    "name": "Application Start",
    "start": 1568117158567,
    "end": 1568117159753,
    "duration": 1186,
    "pid": 11488,
    "index": 0
  },
  {
    "name": "Load Plugin",
    "start": 1568117158574,
    "end": 1568117158599,
    "duration": 25,
    "pid": 11488,
    "index": 1
  },
  {
    "name": "Load Config",
    "start": 1568117158599,
    "end": 1568117158632,
    "duration": 33,
    "pid": 11488,
    "index": 2
  },
  {
    "name": "Require(0) config/config.default.js",
    "start": 1568117158601,
    "end": 1568117158601,
    "duration": 0,
    "pid": 11488,
    "index": 3
  },
  {
    "name": "Require(1) node_modules/_egg-session@3.1.0@egg-session/config/config.default.js",
    "start": 1568117158603,
    "end": 1568117158604,
    "duration": 1,
    "pid": 11488,
    "index": 4
  },
  {
    "name": "Require(2) node_modules/_egg-security@2.6.1@egg-security/config/config.default.js",
    "start": 1568117158604,
    "end": 1568117158605,
    "duration": 1,
    "pid": 11488,
    "index": 5
  },
  {
    "name": "Require(3) node_modules/_egg-jsonp@2.0.0@egg-jsonp/config/config.default.js",
    "start": 1568117158606,
    "end": 1568117158607,
    "duration": 1,
    "pid": 11488,
    "index": 6
  },
  {
    "name": "Require(4) node_modules/_egg-onerror@2.1.0@egg-onerror/config/config.default.js",
    "start": 1568117158607,
    "end": 1568117158608,
    "duration": 1,
    "pid": 11488,
    "index": 7
  },
  {
    "name": "Require(5) node_modules/_egg-i18n@2.1.1@egg-i18n/config/config.default.js",
    "start": 1568117158608,
    "end": 1568117158609,
    "duration": 1,
    "pid": 11488,
    "index": 8
  },
  {
    "name": "Require(6) node_modules/_egg-watcher@3.1.0@egg-watcher/config/config.default.js",
    "start": 1568117158609,
    "end": 1568117158610,
    "duration": 1,
    "pid": 11488,
    "index": 9
  },
  {
    "name": "Require(7) node_modules/_egg-schedule@3.6.4@egg-schedule/config/config.default.js",
    "start": 1568117158610,
    "end": 1568117158611,
    "duration": 1,
    "pid": 11488,
    "index": 10
  },
  {
    "name": "Require(8) node_modules/_egg-multipart@2.9.0@egg-multipart/config/config.default.js",
    "start": 1568117158611,
    "end": 1568117158612,
    "duration": 1,
    "pid": 11488,
    "index": 11
  },
  {
    "name": "Require(9) node_modules/_egg-development@2.4.3@egg-development/config/config.default.js",
    "start": 1568117158613,
    "end": 1568117158613,
    "duration": 0,
    "pid": 11488,
    "index": 12
  },
  {
    "name": "Require(10) node_modules/_egg-logrotator@3.1.0@egg-logrotator/config/config.default.js",
    "start": 1568117158614,
    "end": 1568117158614,
    "duration": 0,
    "pid": 11488,
    "index": 13
  },
  {
    "name": "Require(11) node_modules/_egg-static@2.2.0@egg-static/config/config.default.js",
    "start": 1568117158615,
    "end": 1568117158615,
    "duration": 0,
    "pid": 11488,
    "index": 14
  },
  {
    "name": "Require(12) node_modules/_egg-view@2.1.2@egg-view/config/config.default.js",
    "start": 1568117158620,
    "end": 1568117158620,
    "duration": 0,
    "pid": 11488,
    "index": 15
  },
  {
    "name": "Require(13) node_modules/_egg-sequelize@5.2.0@egg-sequelize/config/config.default.js",
    "start": 1568117158621,
    "end": 1568117158622,
    "duration": 1,
    "pid": 11488,
    "index": 16
  },
  {
    "name": "Require(14) node_modules/_egg@2.23.0@egg/config/config.default.js",
    "start": 1568117158622,
    "end": 1568117158623,
    "duration": 1,
    "pid": 11488,
    "index": 17
  },
  {
    "name": "Require(15) config/config.default.js",
    "start": 1568117158625,
    "end": 1568117158625,
    "duration": 0,
    "pid": 11488,
    "index": 18
  },
  {
    "name": "Require(16) node_modules/_egg-security@2.6.1@egg-security/config/config.local.js",
    "start": 1568117158626,
    "end": 1568117158626,
    "duration": 0,
    "pid": 11488,
    "index": 19
  },
  {
    "name": "Require(17) node_modules/_egg-watcher@3.1.0@egg-watcher/config/config.local.js",
    "start": 1568117158628,
    "end": 1568117158628,
    "duration": 0,
    "pid": 11488,
    "index": 20
  },
  {
    "name": "Require(18) node_modules/_egg-view@2.1.2@egg-view/config/config.local.js",
    "start": 1568117158630,
    "end": 1568117158630,
    "duration": 0,
    "pid": 11488,
    "index": 21
  },
  {
    "name": "Require(19) node_modules/_egg@2.23.0@egg/config/config.local.js",
    "start": 1568117158631,
    "end": 1568117158631,
    "duration": 0,
    "pid": 11488,
    "index": 22
  },
  {
    "name": "Load extend/application.js",
    "start": 1568117158634,
    "end": 1568117158654,
    "duration": 20,
    "pid": 11488,
    "index": 23
  },
  {
    "name": "Require(20) node_modules/_egg-session@3.1.0@egg-session/app/extend/application.js",
    "start": 1568117158635,
    "end": 1568117158635,
    "duration": 0,
    "pid": 11488,
    "index": 24
  },
  {
    "name": "Require(21) node_modules/_egg-security@2.6.1@egg-security/app/extend/application.js",
    "start": 1568117158636,
    "end": 1568117158638,
    "duration": 2,
    "pid": 11488,
    "index": 25
  },
  {
    "name": "Require(22) node_modules/_egg-jsonp@2.0.0@egg-jsonp/app/extend/application.js",
    "start": 1568117158639,
    "end": 1568117158641,
    "duration": 2,
    "pid": 11488,
    "index": 26
  },
  {
    "name": "Require(23) node_modules/_egg-logrotator@3.1.0@egg-logrotator/app/extend/application.js",
    "start": 1568117158643,
    "end": 1568117158647,
    "duration": 4,
    "pid": 11488,
    "index": 27
  },
  {
    "name": "Require(24) node_modules/_egg-view@2.1.2@egg-view/app/extend/application.js",
    "start": 1568117158648,
    "end": 1568117158650,
    "duration": 2,
    "pid": 11488,
    "index": 28
  },
  {
    "name": "Load extend/request.js",
    "start": 1568117158654,
    "end": 1568117158664,
    "duration": 10,
    "pid": 11488,
    "index": 29
  },
  {
    "name": "Require(25) node_modules/_egg@2.23.0@egg/app/extend/request.js",
    "start": 1568117158657,
    "end": 1568117158660,
    "duration": 3,
    "pid": 11488,
    "index": 30
  },
  {
    "name": "Load extend/response.js",
    "start": 1568117158664,
    "end": 1568117158673,
    "duration": 9,
    "pid": 11488,
    "index": 31
  },
  {
    "name": "Require(26) node_modules/_egg@2.23.0@egg/app/extend/response.js",
    "start": 1568117158667,
    "end": 1568117158670,
    "duration": 3,
    "pid": 11488,
    "index": 32
  },
  {
    "name": "Load extend/context.js",
    "start": 1568117158673,
    "end": 1568117158784,
    "duration": 111,
    "pid": 11488,
    "index": 33
  },
  {
    "name": "Require(27) node_modules/_egg-security@2.6.1@egg-security/app/extend/context.js",
    "start": 1568117158674,
    "end": 1568117158697,
    "duration": 23,
    "pid": 11488,
    "index": 34
  },
  {
    "name": "Require(28) node_modules/_egg-jsonp@2.0.0@egg-jsonp/app/extend/context.js",
    "start": 1568117158698,
    "end": 1568117158700,
    "duration": 2,
    "pid": 11488,
    "index": 35
  },
  {
    "name": "Require(29) node_modules/_egg-i18n@2.1.1@egg-i18n/app/extend/context.js",
    "start": 1568117158701,
    "end": 1568117158702,
    "duration": 1,
    "pid": 11488,
    "index": 36
  },
  {
    "name": "Require(30) node_modules/_egg-multipart@2.9.0@egg-multipart/app/extend/context.js",
    "start": 1568117158704,
    "end": 1568117158775,
    "duration": 71,
    "pid": 11488,
    "index": 37
  },
  {
    "name": "Require(31) node_modules/_egg-view@2.1.2@egg-view/app/extend/context.js",
    "start": 1568117158776,
    "end": 1568117158777,
    "duration": 1,
    "pid": 11488,
    "index": 38
  },
  {
    "name": "Require(32) node_modules/_egg@2.23.0@egg/app/extend/context.js",
    "start": 1568117158778,
    "end": 1568117158781,
    "duration": 3,
    "pid": 11488,
    "index": 39
  },
  {
    "name": "Load extend/helper.js",
    "start": 1568117158785,
    "end": 1568117158817,
    "duration": 32,
    "pid": 11488,
    "index": 40
  },
  {
    "name": "Require(33) node_modules/_egg-security@2.6.1@egg-security/app/extend/helper.js",
    "start": 1568117158785,
    "end": 1568117158809,
    "duration": 24,
    "pid": 11488,
    "index": 41
  },
  {
    "name": "Require(34) node_modules/_egg@2.23.0@egg/app/extend/helper.js",
    "start": 1568117158812,
    "end": 1568117158813,
    "duration": 1,
    "pid": 11488,
    "index": 42
  },
  {
    "name": "Load app.js",
    "start": 1568117158818,
    "end": 1568117158893,
    "duration": 75,
    "pid": 11488,
    "index": 43
  },
  {
    "name": "Require(35) node_modules/_egg-session@3.1.0@egg-session/app.js",
    "start": 1568117158818,
    "end": 1568117158819,
    "duration": 1,
    "pid": 11488,
    "index": 44
  },
  {
    "name": "Require(36) node_modules/_egg-security@2.6.1@egg-security/app.js",
    "start": 1568117158820,
    "end": 1568117158824,
    "duration": 4,
    "pid": 11488,
    "index": 45
  },
  {
    "name": "Require(37) node_modules/_egg-onerror@2.1.0@egg-onerror/app.js",
    "start": 1568117158826,
    "end": 1568117158848,
    "duration": 22,
    "pid": 11488,
    "index": 46
  },
  {
    "name": "Require(38) node_modules/_egg-i18n@2.1.1@egg-i18n/app.js",
    "start": 1568117158848,
    "end": 1568117158867,
    "duration": 19,
    "pid": 11488,
    "index": 47
  },
  {
    "name": "Require(39) node_modules/_egg-watcher@3.1.0@egg-watcher/app.js",
    "start": 1568117158867,
    "end": 1568117158874,
    "duration": 7,
    "pid": 11488,
    "index": 48
  },
  {
    "name": "Require(40) node_modules/_egg-schedule@3.6.4@egg-schedule/app.js",
    "start": 1568117158875,
    "end": 1568117158879,
    "duration": 4,
    "pid": 11488,
    "index": 49
  },
  {
    "name": "Require(41) node_modules/_egg-multipart@2.9.0@egg-multipart/app.js",
    "start": 1568117158880,
    "end": 1568117158886,
    "duration": 6,
    "pid": 11488,
    "index": 50
  },
  {
    "name": "Require(42) node_modules/_egg-development@2.4.3@egg-development/app.js",
    "start": 1568117158887,
    "end": 1568117158888,
    "duration": 1,
    "pid": 11488,
    "index": 51
  },
  {
    "name": "Require(43) node_modules/_egg-logrotator@3.1.0@egg-logrotator/app.js",
    "start": 1568117158888,
    "end": 1568117158888,
    "duration": 0,
    "pid": 11488,
    "index": 52
  },
  {
    "name": "Require(44) node_modules/_egg-static@2.2.0@egg-static/app.js",
    "start": 1568117158889,
    "end": 1568117158890,
    "duration": 1,
    "pid": 11488,
    "index": 53
  },
  {
    "name": "Require(45) node_modules/_egg-sequelize@5.2.0@egg-sequelize/app.js",
    "start": 1568117158891,
    "end": 1568117158891,
    "duration": 0,
    "pid": 11488,
    "index": 54
  },
  {
    "name": "Before Start in node_modules/_egg-watcher@3.1.0@egg-watcher/lib/init.js:15:14",
    "start": 1568117158910,
    "end": 1568117159713,
    "duration": 803,
    "pid": 11488,
    "index": 55
  },
  {
    "name": "Load \"Symbol(model)\" to Application",
    "start": 1568117159431,
    "end": 1568117159457,
    "duration": 26,
    "pid": 11488,
    "index": 56
  },
  {
    "name": "Before Start in node_modules/_egg-sequelize@5.2.0@egg-sequelize/lib/loader.js:39:7",
    "start": 1568117159463,
    "end": 1568117159752,
    "duration": 289,
    "pid": 11488,
    "index": 57
  },
  {
    "name": "Load Service",
    "start": 1568117159463,
    "end": 1568117159469,
    "duration": 6,
    "pid": 11488,
    "index": 58
  },
  {
    "name": "Load \"service\" to Context",
    "start": 1568117159464,
    "end": 1568117159469,
    "duration": 5,
    "pid": 11488,
    "index": 59
  },
  {
    "name": "Load Middleware",
    "start": 1568117159469,
    "end": 1568117159630,
    "duration": 161,
    "pid": 11488,
    "index": 60
  },
  {
    "name": "Load \"middlewares\" to Application",
    "start": 1568117159469,
    "end": 1568117159609,
    "duration": 140,
    "pid": 11488,
    "index": 61
  },
  {
    "name": "Load Controller",
    "start": 1568117159630,
    "end": 1568117159633,
    "duration": 3,
    "pid": 11488,
    "index": 62
  },
  {
    "name": "Load \"controller\" to Application",
    "start": 1568117159630,
    "end": 1568117159633,
    "duration": 3,
    "pid": 11488,
    "index": 63
  },
  {
    "name": "Load Router",
    "start": 1568117159634,
    "end": 1568117159637,
    "duration": 3,
    "pid": 11488,
    "index": 64
  },
  {
    "name": "Require(46) app/router.js",
    "start": 1568117159634,
    "end": 1568117159634,
    "duration": 0,
    "pid": 11488,
    "index": 65
  },
  {
    "name": "Before Start in node_modules/_egg-core@4.17.3@egg-core/lib/egg.js:303:10",
    "start": 1568117159635,
    "end": 1568117159658,
    "duration": 23,
    "pid": 11488,
    "index": 66
  }
]