[
  {
    "name": "Application Start",
    "start": 1568110399479,
    "end": 1568110400551,
    "duration": 1072,
    "pid": 11796,
    "index": 0
  },
  {
    "name": "Load Plugin",
    "start": 1568110399485,
    "end": 1568110399509,
    "duration": 24,
    "pid": 11796,
    "index": 1
  },
  {
    "name": "Load Config",
    "start": 1568110399509,
    "end": 1568110399535,
    "duration": 26,
    "pid": 11796,
    "index": 2
  },
  {
    "name": "Require(0) config/config.default.js",
    "start": 1568110399510,
    "end": 1568110399510,
    "duration": 0,
    "pid": 11796,
    "index": 3
  },
  {
    "name": "Require(1) node_modules/_egg-session@3.1.0@egg-session/config/config.default.js",
    "start": 1568110399512,
    "end": 1568110399512,
    "duration": 0,
    "pid": 11796,
    "index": 4
  },
  {
    "name": "Require(2) node_modules/_egg-security@2.6.1@egg-security/config/config.default.js",
    "start": 1568110399513,
    "end": 1568110399513,
    "duration": 0,
    "pid": 11796,
    "index": 5
  },
  {
    "name": "Require(3) node_modules/_egg-jsonp@2.0.0@egg-jsonp/config/config.default.js",
    "start": 1568110399515,
    "end": 1568110399515,
    "duration": 0,
    "pid": 11796,
    "index": 6
  },
  {
    "name": "Require(4) node_modules/_egg-onerror@2.1.0@egg-onerror/config/config.default.js",
    "start": 1568110399516,
    "end": 1568110399516,
    "duration": 0,
    "pid": 11796,
    "index": 7
  },
  {
    "name": "Require(5) node_modules/_egg-i18n@2.1.1@egg-i18n/config/config.default.js",
    "start": 1568110399517,
    "end": 1568110399517,
    "duration": 0,
    "pid": 11796,
    "index": 8
  },
  {
    "name": "Require(6) node_modules/_egg-watcher@3.1.0@egg-watcher/config/config.default.js",
    "start": 1568110399518,
    "end": 1568110399518,
    "duration": 0,
    "pid": 11796,
    "index": 9
  },
  {
    "name": "Require(7) node_modules/_egg-schedule@3.6.4@egg-schedule/config/config.default.js",
    "start": 1568110399519,
    "end": 1568110399519,
    "duration": 0,
    "pid": 11796,
    "index": 10
  },
  {
    "name": "Require(8) node_modules/_egg-multipart@2.9.0@egg-multipart/config/config.default.js",
    "start": 1568110399520,
    "end": 1568110399520,
    "duration": 0,
    "pid": 11796,
    "index": 11
  },
  {
    "name": "Require(9) node_modules/_egg-development@2.4.3@egg-development/config/config.default.js",
    "start": 1568110399521,
    "end": 1568110399521,
    "duration": 0,
    "pid": 11796,
    "index": 12
  },
  {
    "name": "Require(10) node_modules/_egg-logrotator@3.1.0@egg-logrotator/config/config.default.js",
    "start": 1568110399522,
    "end": 1568110399522,
    "duration": 0,
    "pid": 11796,
    "index": 13
  },
  {
    "name": "Require(11) node_modules/_egg-static@2.2.0@egg-static/config/config.default.js",
    "start": 1568110399523,
    "end": 1568110399524,
    "duration": 1,
    "pid": 11796,
    "index": 14
  },
  {
    "name": "Require(12) node_modules/_egg-view@2.1.2@egg-view/config/config.default.js",
    "start": 1568110399525,
    "end": 1568110399525,
    "duration": 0,
    "pid": 11796,
    "index": 15
  },
  {
    "name": "Require(13) node_modules/_egg-sequelize@5.2.0@egg-sequelize/config/config.default.js",
    "start": 1568110399526,
    "end": 1568110399526,
    "duration": 0,
    "pid": 11796,
    "index": 16
  },
  {
    "name": "Require(14) node_modules/_egg@2.23.0@egg/config/config.default.js",
    "start": 1568110399527,
    "end": 1568110399527,
    "duration": 0,
    "pid": 11796,
    "index": 17
  },
  {
    "name": "Require(15) config/config.default.js",
    "start": 1568110399529,
    "end": 1568110399529,
    "duration": 0,
    "pid": 11796,
    "index": 18
  },
  {
    "name": "Require(16) node_modules/_egg-security@2.6.1@egg-security/config/config.local.js",
    "start": 1568110399530,
    "end": 1568110399530,
    "duration": 0,
    "pid": 11796,
    "index": 19
  },
  {
    "name": "Require(17) node_modules/_egg-watcher@3.1.0@egg-watcher/config/config.local.js",
    "start": 1568110399531,
    "end": 1568110399532,
    "duration": 1,
    "pid": 11796,
    "index": 20
  },
  {
    "name": "Require(18) node_modules/_egg-view@2.1.2@egg-view/config/config.local.js",
    "start": 1568110399533,
    "end": 1568110399534,
    "duration": 1,
    "pid": 11796,
    "index": 21
  },
  {
    "name": "Require(19) node_modules/_egg@2.23.0@egg/config/config.local.js",
    "start": 1568110399534,
    "end": 1568110399535,
    "duration": 1,
    "pid": 11796,
    "index": 22
  },
  {
    "name": "Load extend/application.js",
    "start": 1568110399537,
    "end": 1568110399555,
    "duration": 18,
    "pid": 11796,
    "index": 23
  },
  {
    "name": "Require(20) node_modules/_egg-session@3.1.0@egg-session/app/extend/application.js",
    "start": 1568110399537,
    "end": 1568110399538,
    "duration": 1,
    "pid": 11796,
    "index": 24
  },
  {
    "name": "Require(21) node_modules/_egg-security@2.6.1@egg-security/app/extend/application.js",
    "start": 1568110399538,
    "end": 1568110399540,
    "duration": 2,
    "pid": 11796,
    "index": 25
  },
  {
    "name": "Require(22) node_modules/_egg-jsonp@2.0.0@egg-jsonp/app/extend/application.js",
    "start": 1568110399540,
    "end": 1568110399543,
    "duration": 3,
    "pid": 11796,
    "index": 26
  },
  {
    "name": "Require(23) node_modules/_egg-logrotator@3.1.0@egg-logrotator/app/extend/application.js",
    "start": 1568110399545,
    "end": 1568110399549,
    "duration": 4,
    "pid": 11796,
    "index": 27
  },
  {
    "name": "Require(24) node_modules/_egg-view@2.1.2@egg-view/app/extend/application.js",
    "start": 1568110399550,
    "end": 1568110399552,
    "duration": 2,
    "pid": 11796,
    "index": 28
  },
  {
    "name": "Load extend/request.js",
    "start": 1568110399556,
    "end": 1568110399565,
    "duration": 9,
    "pid": 11796,
    "index": 29
  },
  {
    "name": "Require(25) node_modules/_egg@2.23.0@egg/app/extend/request.js",
    "start": 1568110399559,
    "end": 1568110399561,
    "duration": 2,
    "pid": 11796,
    "index": 30
  },
  {
    "name": "Load extend/response.js",
    "start": 1568110399565,
    "end": 1568110399575,
    "duration": 10,
    "pid": 11796,
    "index": 31
  },
  {
    "name": "Require(26) node_modules/_egg@2.23.0@egg/app/extend/response.js",
    "start": 1568110399568,
    "end": 1568110399571,
    "duration": 3,
    "pid": 11796,
    "index": 32
  },
  {
    "name": "Load extend/context.js",
    "start": 1568110399575,
    "end": 1568110399676,
    "duration": 101,
    "pid": 11796,
    "index": 33
  },
  {
    "name": "Require(27) node_modules/_egg-security@2.6.1@egg-security/app/extend/context.js",
    "start": 1568110399575,
    "end": 1568110399595,
    "duration": 20,
    "pid": 11796,
    "index": 34
  },
  {
    "name": "Require(28) node_modules/_egg-jsonp@2.0.0@egg-jsonp/app/extend/context.js",
    "start": 1568110399596,
    "end": 1568110399598,
    "duration": 2,
    "pid": 11796,
    "index": 35
  },
  {
    "name": "Require(29) node_modules/_egg-i18n@2.1.1@egg-i18n/app/extend/context.js",
    "start": 1568110399599,
    "end": 1568110399599,
    "duration": 0,
    "pid": 11796,
    "index": 36
  },
  {
    "name": "Require(30) node_modules/_egg-multipart@2.9.0@egg-multipart/app/extend/context.js",
    "start": 1568110399601,
    "end": 1568110399667,
    "duration": 66,
    "pid": 11796,
    "index": 37
  },
  {
    "name": "Require(31) node_modules/_egg-view@2.1.2@egg-view/app/extend/context.js",
    "start": 1568110399668,
    "end": 1568110399669,
    "duration": 1,
    "pid": 11796,
    "index": 38
  },
  {
    "name": "Require(32) node_modules/_egg@2.23.0@egg/app/extend/context.js",
    "start": 1568110399670,
    "end": 1568110399673,
    "duration": 3,
    "pid": 11796,
    "index": 39
  },
  {
    "name": "Load extend/helper.js",
    "start": 1568110399676,
    "end": 1568110399710,
    "duration": 34,
    "pid": 11796,
    "index": 40
  },
  {
    "name": "Require(33) node_modules/_egg-security@2.6.1@egg-security/app/extend/helper.js",
    "start": 1568110399677,
    "end": 1568110399701,
    "duration": 24,
    "pid": 11796,
    "index": 41
  },
  {
    "name": "Require(34) node_modules/_egg@2.23.0@egg/app/extend/helper.js",
    "start": 1568110399703,
    "end": 1568110399704,
    "duration": 1,
    "pid": 11796,
    "index": 42
  },
  {
    "name": "Load app.js",
    "start": 1568110399711,
    "end": 1568110399761,
    "duration": 50,
    "pid": 11796,
    "index": 43
  },
  {
    "name": "Require(35) node_modules/_egg-session@3.1.0@egg-session/app.js",
    "start": 1568110399711,
    "end": 1568110399712,
    "duration": 1,
    "pid": 11796,
    "index": 44
  },
  {
    "name": "Require(36) node_modules/_egg-security@2.6.1@egg-security/app.js",
    "start": 1568110399712,
    "end": 1568110399715,
    "duration": 3,
    "pid": 11796,
    "index": 45
  },
  {
    "name": "Require(37) node_modules/_egg-onerror@2.1.0@egg-onerror/app.js",
    "start": 1568110399716,
    "end": 1568110399730,
    "duration": 14,
    "pid": 11796,
    "index": 46
  },
  {
    "name": "Require(38) node_modules/_egg-i18n@2.1.1@egg-i18n/app.js",
    "start": 1568110399731,
    "end": 1568110399742,
    "duration": 11,
    "pid": 11796,
    "index": 47
  },
  {
    "name": "Require(39) node_modules/_egg-watcher@3.1.0@egg-watcher/app.js",
    "start": 1568110399742,
    "end": 1568110399748,
    "duration": 6,
    "pid": 11796,
    "index": 48
  },
  {
    "name": "Require(40) node_modules/_egg-schedule@3.6.4@egg-schedule/app.js",
    "start": 1568110399749,
    "end": 1568110399752,
    "duration": 3,
    "pid": 11796,
    "index": 49
  },
  {
    "name": "Require(41) node_modules/_egg-multipart@2.9.0@egg-multipart/app.js",
    "start": 1568110399752,
    "end": 1568110399756,
    "duration": 4,
    "pid": 11796,
    "index": 50
  },
  {
    "name": "Require(42) node_modules/_egg-development@2.4.3@egg-development/app.js",
    "start": 1568110399757,
    "end": 1568110399757,
    "duration": 0,
    "pid": 11796,
    "index": 51
  },
  {
    "name": "Require(43) node_modules/_egg-logrotator@3.1.0@egg-logrotator/app.js",
    "start": 1568110399758,
    "end": 1568110399758,
    "duration": 0,
    "pid": 11796,
    "index": 52
  },
  {
    "name": "Require(44) node_modules/_egg-static@2.2.0@egg-static/app.js",
    "start": 1568110399758,
    "end": 1568110399759,
    "duration": 1,
    "pid": 11796,
    "index": 53
  },
  {
    "name": "Require(45) node_modules/_egg-sequelize@5.2.0@egg-sequelize/app.js",
    "start": 1568110399760,
    "end": 1568110399760,
    "duration": 0,
    "pid": 11796,
    "index": 54
  },
  {
    "name": "Before Start in node_modules/_egg-watcher@3.1.0@egg-watcher/lib/init.js:15:14",
    "start": 1568110399777,
    "end": 1568110400518,
    "duration": 741,
    "pid": 11796,
    "index": 55
  },
  {
    "name": "Load \"Symbol(model)\" to Application",
    "start": 1568110400272,
    "end": 1568110400296,
    "duration": 24,
    "pid": 11796,
    "index": 56
  },
  {
    "name": "Before Start in node_modules/_egg-sequelize@5.2.0@egg-sequelize/lib/loader.js:39:7",
    "start": 1568110400303,
    "end": 1568110400550,
    "duration": 247,
    "pid": 11796,
    "index": 57
  },
  {
    "name": "Load Service",
    "start": 1568110400303,
    "end": 1568110400309,
    "duration": 6,
    "pid": 11796,
    "index": 58
  },
  {
    "name": "Load \"service\" to Context",
    "start": 1568110400304,
    "end": 1568110400309,
    "duration": 5,
    "pid": 11796,
    "index": 59
  },
  {
    "name": "Load Middleware",
    "start": 1568110400310,
    "end": 1568110400433,
    "duration": 123,
    "pid": 11796,
    "index": 60
  },
  {
    "name": "Load \"middlewares\" to Application",
    "start": 1568110400310,
    "end": 1568110400418,
    "duration": 108,
    "pid": 11796,
    "index": 61
  },
  {
    "name": "Load Controller",
    "start": 1568110400433,
    "end": 1568110400437,
    "duration": 4,
    "pid": 11796,
    "index": 62
  },
  {
    "name": "Load \"controller\" to Application",
    "start": 1568110400433,
    "end": 1568110400437,
    "duration": 4,
    "pid": 11796,
    "index": 63
  },
  {
    "name": "Load Router",
    "start": 1568110400437,
    "end": 1568110400440,
    "duration": 3,
    "pid": 11796,
    "index": 64
  },
  {
    "name": "Require(46) app/router.js",
    "start": 1568110400437,
    "end": 1568110400438,
    "duration": 1,
    "pid": 11796,
    "index": 65
  },
  {
    "name": "Before Start in node_modules/_egg-core@4.17.3@egg-core/lib/egg.js:303:10",
    "start": 1568110400438,
    "end": 1568110400461,
    "duration": 23,
    "pid": 11796,
    "index": 66
  }
]