[
  {
    "name": "Application Start",
    "start": 1568110498966,
    "end": 1568110500362,
    "duration": 1396,
    "pid": 7696,
    "index": 0
  },
  {
    "name": "Load Plugin",
    "start": 1568110498972,
    "end": 1568110498999,
    "duration": 27,
    "pid": 7696,
    "index": 1
  },
  {
    "name": "Load Config",
    "start": 1568110498999,
    "end": 1568110499035,
    "duration": 36,
    "pid": 7696,
    "index": 2
  },
  {
    "name": "Require(0) config/config.default.js",
    "start": 1568110499000,
    "end": 1568110499000,
    "duration": 0,
    "pid": 7696,
    "index": 3
  },
  {
    "name": "Require(1) node_modules/_egg-session@3.1.0@egg-session/config/config.default.js",
    "start": 1568110499003,
    "end": 1568110499003,
    "duration": 0,
    "pid": 7696,
    "index": 4
  },
  {
    "name": "Require(2) node_modules/_egg-security@2.6.1@egg-security/config/config.default.js",
    "start": 1568110499004,
    "end": 1568110499004,
    "duration": 0,
    "pid": 7696,
    "index": 5
  },
  {
    "name": "Require(3) node_modules/_egg-jsonp@2.0.0@egg-jsonp/config/config.default.js",
    "start": 1568110499006,
    "end": 1568110499007,
    "duration": 1,
    "pid": 7696,
    "index": 6
  },
  {
    "name": "Require(4) node_modules/_egg-onerror@2.1.0@egg-onerror/config/config.default.js",
    "start": 1568110499008,
    "end": 1568110499008,
    "duration": 0,
    "pid": 7696,
    "index": 7
  },
  {
    "name": "Require(5) node_modules/_egg-i18n@2.1.1@egg-i18n/config/config.default.js",
    "start": 1568110499009,
    "end": 1568110499009,
    "duration": 0,
    "pid": 7696,
    "index": 8
  },
  {
    "name": "Require(6) node_modules/_egg-watcher@3.1.0@egg-watcher/config/config.default.js",
    "start": 1568110499010,
    "end": 1568110499010,
    "duration": 0,
    "pid": 7696,
    "index": 9
  },
  {
    "name": "Require(7) node_modules/_egg-schedule@3.6.4@egg-schedule/config/config.default.js",
    "start": 1568110499011,
    "end": 1568110499011,
    "duration": 0,
    "pid": 7696,
    "index": 10
  },
  {
    "name": "Require(8) node_modules/_egg-multipart@2.9.0@egg-multipart/config/config.default.js",
    "start": 1568110499012,
    "end": 1568110499013,
    "duration": 1,
    "pid": 7696,
    "index": 11
  },
  {
    "name": "Require(9) node_modules/_egg-development@2.4.3@egg-development/config/config.default.js",
    "start": 1568110499013,
    "end": 1568110499014,
    "duration": 1,
    "pid": 7696,
    "index": 12
  },
  {
    "name": "Require(10) node_modules/_egg-logrotator@3.1.0@egg-logrotator/config/config.default.js",
    "start": 1568110499014,
    "end": 1568110499015,
    "duration": 1,
    "pid": 7696,
    "index": 13
  },
  {
    "name": "Require(11) node_modules/_egg-static@2.2.0@egg-static/config/config.default.js",
    "start": 1568110499015,
    "end": 1568110499016,
    "duration": 1,
    "pid": 7696,
    "index": 14
  },
  {
    "name": "Require(12) node_modules/_egg-view@2.1.2@egg-view/config/config.default.js",
    "start": 1568110499017,
    "end": 1568110499017,
    "duration": 0,
    "pid": 7696,
    "index": 15
  },
  {
    "name": "Require(13) node_modules/_egg-sequelize@5.2.0@egg-sequelize/config/config.default.js",
    "start": 1568110499018,
    "end": 1568110499020,
    "duration": 2,
    "pid": 7696,
    "index": 16
  },
  {
    "name": "Require(14) node_modules/_egg@2.23.0@egg/config/config.default.js",
    "start": 1568110499022,
    "end": 1568110499023,
    "duration": 1,
    "pid": 7696,
    "index": 17
  },
  {
    "name": "Require(15) config/config.default.js",
    "start": 1568110499025,
    "end": 1568110499025,
    "duration": 0,
    "pid": 7696,
    "index": 18
  },
  {
    "name": "Require(16) node_modules/_egg-security@2.6.1@egg-security/config/config.local.js",
    "start": 1568110499027,
    "end": 1568110499027,
    "duration": 0,
    "pid": 7696,
    "index": 19
  },
  {
    "name": "Require(17) node_modules/_egg-watcher@3.1.0@egg-watcher/config/config.local.js",
    "start": 1568110499030,
    "end": 1568110499030,
    "duration": 0,
    "pid": 7696,
    "index": 20
  },
  {
    "name": "Require(18) node_modules/_egg-view@2.1.2@egg-view/config/config.local.js",
    "start": 1568110499033,
    "end": 1568110499033,
    "duration": 0,
    "pid": 7696,
    "index": 21
  },
  {
    "name": "Require(19) node_modules/_egg@2.23.0@egg/config/config.local.js",
    "start": 1568110499035,
    "end": 1568110499035,
    "duration": 0,
    "pid": 7696,
    "index": 22
  },
  {
    "name": "Load extend/application.js",
    "start": 1568110499037,
    "end": 1568110499062,
    "duration": 25,
    "pid": 7696,
    "index": 23
  },
  {
    "name": "Require(20) node_modules/_egg-session@3.1.0@egg-session/app/extend/application.js",
    "start": 1568110499038,
    "end": 1568110499039,
    "duration": 1,
    "pid": 7696,
    "index": 24
  },
  {
    "name": "Require(21) node_modules/_egg-security@2.6.1@egg-security/app/extend/application.js",
    "start": 1568110499040,
    "end": 1568110499042,
    "duration": 2,
    "pid": 7696,
    "index": 25
  },
  {
    "name": "Require(22) node_modules/_egg-jsonp@2.0.0@egg-jsonp/app/extend/application.js",
    "start": 1568110499042,
    "end": 1568110499046,
    "duration": 4,
    "pid": 7696,
    "index": 26
  },
  {
    "name": "Require(23) node_modules/_egg-logrotator@3.1.0@egg-logrotator/app/extend/application.js",
    "start": 1568110499048,
    "end": 1568110499052,
    "duration": 4,
    "pid": 7696,
    "index": 27
  },
  {
    "name": "Require(24) node_modules/_egg-view@2.1.2@egg-view/app/extend/application.js",
    "start": 1568110499054,
    "end": 1568110499057,
    "duration": 3,
    "pid": 7696,
    "index": 28
  },
  {
    "name": "Load extend/request.js",
    "start": 1568110499062,
    "end": 1568110499073,
    "duration": 11,
    "pid": 7696,
    "index": 29
  },
  {
    "name": "Require(25) node_modules/_egg@2.23.0@egg/app/extend/request.js",
    "start": 1568110499066,
    "end": 1568110499069,
    "duration": 3,
    "pid": 7696,
    "index": 30
  },
  {
    "name": "Load extend/response.js",
    "start": 1568110499073,
    "end": 1568110499087,
    "duration": 14,
    "pid": 7696,
    "index": 31
  },
  {
    "name": "Require(26) node_modules/_egg@2.23.0@egg/app/extend/response.js",
    "start": 1568110499078,
    "end": 1568110499082,
    "duration": 4,
    "pid": 7696,
    "index": 32
  },
  {
    "name": "Load extend/context.js",
    "start": 1568110499087,
    "end": 1568110499218,
    "duration": 131,
    "pid": 7696,
    "index": 33
  },
  {
    "name": "Require(27) node_modules/_egg-security@2.6.1@egg-security/app/extend/context.js",
    "start": 1568110499088,
    "end": 1568110499114,
    "duration": 26,
    "pid": 7696,
    "index": 34
  },
  {
    "name": "Require(28) node_modules/_egg-jsonp@2.0.0@egg-jsonp/app/extend/context.js",
    "start": 1568110499115,
    "end": 1568110499117,
    "duration": 2,
    "pid": 7696,
    "index": 35
  },
  {
    "name": "Require(29) node_modules/_egg-i18n@2.1.1@egg-i18n/app/extend/context.js",
    "start": 1568110499119,
    "end": 1568110499120,
    "duration": 1,
    "pid": 7696,
    "index": 36
  },
  {
    "name": "Require(30) node_modules/_egg-multipart@2.9.0@egg-multipart/app/extend/context.js",
    "start": 1568110499122,
    "end": 1568110499207,
    "duration": 85,
    "pid": 7696,
    "index": 37
  },
  {
    "name": "Require(31) node_modules/_egg-view@2.1.2@egg-view/app/extend/context.js",
    "start": 1568110499208,
    "end": 1568110499209,
    "duration": 1,
    "pid": 7696,
    "index": 38
  },
  {
    "name": "Require(32) node_modules/_egg@2.23.0@egg/app/extend/context.js",
    "start": 1568110499210,
    "end": 1568110499214,
    "duration": 4,
    "pid": 7696,
    "index": 39
  },
  {
    "name": "Load extend/helper.js",
    "start": 1568110499218,
    "end": 1568110499261,
    "duration": 43,
    "pid": 7696,
    "index": 40
  },
  {
    "name": "Require(33) node_modules/_egg-security@2.6.1@egg-security/app/extend/helper.js",
    "start": 1568110499219,
    "end": 1568110499248,
    "duration": 29,
    "pid": 7696,
    "index": 41
  },
  {
    "name": "Require(34) node_modules/_egg@2.23.0@egg/app/extend/helper.js",
    "start": 1568110499251,
    "end": 1568110499252,
    "duration": 1,
    "pid": 7696,
    "index": 42
  },
  {
    "name": "Load app.js",
    "start": 1568110499261,
    "end": 1568110499322,
    "duration": 61,
    "pid": 7696,
    "index": 43
  },
  {
    "name": "Require(35) node_modules/_egg-session@3.1.0@egg-session/app.js",
    "start": 1568110499262,
    "end": 1568110499262,
    "duration": 0,
    "pid": 7696,
    "index": 44
  },
  {
    "name": "Require(36) node_modules/_egg-security@2.6.1@egg-security/app.js",
    "start": 1568110499263,
    "end": 1568110499266,
    "duration": 3,
    "pid": 7696,
    "index": 45
  },
  {
    "name": "Require(37) node_modules/_egg-onerror@2.1.0@egg-onerror/app.js",
    "start": 1568110499267,
    "end": 1568110499284,
    "duration": 17,
    "pid": 7696,
    "index": 46
  },
  {
    "name": "Require(38) node_modules/_egg-i18n@2.1.1@egg-i18n/app.js",
    "start": 1568110499285,
    "end": 1568110499298,
    "duration": 13,
    "pid": 7696,
    "index": 47
  },
  {
    "name": "Require(39) node_modules/_egg-watcher@3.1.0@egg-watcher/app.js",
    "start": 1568110499299,
    "end": 1568110499306,
    "duration": 7,
    "pid": 7696,
    "index": 48
  },
  {
    "name": "Require(40) node_modules/_egg-schedule@3.6.4@egg-schedule/app.js",
    "start": 1568110499306,
    "end": 1568110499309,
    "duration": 3,
    "pid": 7696,
    "index": 49
  },
  {
    "name": "Require(41) node_modules/_egg-multipart@2.9.0@egg-multipart/app.js",
    "start": 1568110499310,
    "end": 1568110499315,
    "duration": 5,
    "pid": 7696,
    "index": 50
  },
  {
    "name": "Require(42) node_modules/_egg-development@2.4.3@egg-development/app.js",
    "start": 1568110499315,
    "end": 1568110499316,
    "duration": 1,
    "pid": 7696,
    "index": 51
  },
  {
    "name": "Require(43) node_modules/_egg-logrotator@3.1.0@egg-logrotator/app.js",
    "start": 1568110499316,
    "end": 1568110499317,
    "duration": 1,
    "pid": 7696,
    "index": 52
  },
  {
    "name": "Require(44) node_modules/_egg-static@2.2.0@egg-static/app.js",
    "start": 1568110499317,
    "end": 1568110499318,
    "duration": 1,
    "pid": 7696,
    "index": 53
  },
  {
    "name": "Require(45) node_modules/_egg-sequelize@5.2.0@egg-sequelize/app.js",
    "start": 1568110499319,
    "end": 1568110499320,
    "duration": 1,
    "pid": 7696,
    "index": 54
  },
  {
    "name": "Before Start in node_modules/_egg-watcher@3.1.0@egg-watcher/lib/init.js:15:14",
    "start": 1568110499341,
    "end": 1568110500314,
    "duration": 973,
    "pid": 7696,
    "index": 55
  },
  {
    "name": "Load \"Symbol(model)\" to Application",
    "start": 1568110500035,
    "end": 1568110500066,
    "duration": 31,
    "pid": 7696,
    "index": 56
  },
  {
    "name": "Before Start in node_modules/_egg-sequelize@5.2.0@egg-sequelize/lib/loader.js:39:7",
    "start": 1568110500074,
    "end": 1568110500361,
    "duration": 287,
    "pid": 7696,
    "index": 57
  },
  {
    "name": "Load Service",
    "start": 1568110500075,
    "end": 1568110500080,
    "duration": 5,
    "pid": 7696,
    "index": 58
  },
  {
    "name": "Load \"service\" to Context",
    "start": 1568110500075,
    "end": 1568110500080,
    "duration": 5,
    "pid": 7696,
    "index": 59
  },
  {
    "name": "Load Middleware",
    "start": 1568110500081,
    "end": 1568110500225,
    "duration": 144,
    "pid": 7696,
    "index": 60
  },
  {
    "name": "Load \"middlewares\" to Application",
    "start": 1568110500081,
    "end": 1568110500209,
    "duration": 128,
    "pid": 7696,
    "index": 61
  },
  {
    "name": "Load Controller",
    "start": 1568110500225,
    "end": 1568110500230,
    "duration": 5,
    "pid": 7696,
    "index": 62
  },
  {
    "name": "Load \"controller\" to Application",
    "start": 1568110500225,
    "end": 1568110500230,
    "duration": 5,
    "pid": 7696,
    "index": 63
  },
  {
    "name": "Load Router",
    "start": 1568110500230,
    "end": 1568110500233,
    "duration": 3,
    "pid": 7696,
    "index": 64
  },
  {
    "name": "Require(46) app/router.js",
    "start": 1568110500230,
    "end": 1568110500231,
    "duration": 1,
    "pid": 7696,
    "index": 65
  },
  {
    "name": "Before Start in node_modules/_egg-core@4.17.3@egg-core/lib/egg.js:303:10",
    "start": 1568110500231,
    "end": 1568110500260,
    "duration": 29,
    "pid": 7696,
    "index": 66
  }
]