[
  {
    "name": "Application Start",
    "start": 1568103341090,
    "end": 1568103342246,
    "duration": 1156,
    "pid": 4740,
    "index": 0
  },
  {
    "name": "Load Plugin",
    "start": 1568103341096,
    "end": 1568103341119,
    "duration": 23,
    "pid": 4740,
    "index": 1
  },
  {
    "name": "Load Config",
    "start": 1568103341119,
    "end": 1568103341145,
    "duration": 26,
    "pid": 4740,
    "index": 2
  },
  {
    "name": "Require(0) config/config.default.js",
    "start": 1568103341121,
    "end": 1568103341121,
    "duration": 0,
    "pid": 4740,
    "index": 3
  },
  {
    "name": "Require(1) node_modules/_egg-session@3.1.0@egg-session/config/config.default.js",
    "start": 1568103341123,
    "end": 1568103341124,
    "duration": 1,
    "pid": 4740,
    "index": 4
  },
  {
    "name": "Require(2) node_modules/_egg-security@2.6.1@egg-security/config/config.default.js",
    "start": 1568103341124,
    "end": 1568103341125,
    "duration": 1,
    "pid": 4740,
    "index": 5
  },
  {
    "name": "Require(3) node_modules/_egg-jsonp@2.0.0@egg-jsonp/config/config.default.js",
    "start": 1568103341126,
    "end": 1568103341126,
    "duration": 0,
    "pid": 4740,
    "index": 6
  },
  {
    "name": "Require(4) node_modules/_egg-onerror@2.1.0@egg-onerror/config/config.default.js",
    "start": 1568103341127,
    "end": 1568103341127,
    "duration": 0,
    "pid": 4740,
    "index": 7
  },
  {
    "name": "Require(5) node_modules/_egg-i18n@2.1.1@egg-i18n/config/config.default.js",
    "start": 1568103341128,
    "end": 1568103341128,
    "duration": 0,
    "pid": 4740,
    "index": 8
  },
  {
    "name": "Require(6) node_modules/_egg-watcher@3.1.0@egg-watcher/config/config.default.js",
    "start": 1568103341129,
    "end": 1568103341129,
    "duration": 0,
    "pid": 4740,
    "index": 9
  },
  {
    "name": "Require(7) node_modules/_egg-schedule@3.6.4@egg-schedule/config/config.default.js",
    "start": 1568103341130,
    "end": 1568103341130,
    "duration": 0,
    "pid": 4740,
    "index": 10
  },
  {
    "name": "Require(8) node_modules/_egg-multipart@2.9.0@egg-multipart/config/config.default.js",
    "start": 1568103341131,
    "end": 1568103341131,
    "duration": 0,
    "pid": 4740,
    "index": 11
  },
  {
    "name": "Require(9) node_modules/_egg-development@2.4.3@egg-development/config/config.default.js",
    "start": 1568103341132,
    "end": 1568103341132,
    "duration": 0,
    "pid": 4740,
    "index": 12
  },
  {
    "name": "Require(10) node_modules/_egg-logrotator@3.1.0@egg-logrotator/config/config.default.js",
    "start": 1568103341133,
    "end": 1568103341133,
    "duration": 0,
    "pid": 4740,
    "index": 13
  },
  {
    "name": "Require(11) node_modules/_egg-static@2.2.0@egg-static/config/config.default.js",
    "start": 1568103341134,
    "end": 1568103341134,
    "duration": 0,
    "pid": 4740,
    "index": 14
  },
  {
    "name": "Require(12) node_modules/_egg-view@2.1.2@egg-view/config/config.default.js",
    "start": 1568103341135,
    "end": 1568103341135,
    "duration": 0,
    "pid": 4740,
    "index": 15
  },
  {
    "name": "Require(13) node_modules/_egg-sequelize@5.2.0@egg-sequelize/config/config.default.js",
    "start": 1568103341136,
    "end": 1568103341137,
    "duration": 1,
    "pid": 4740,
    "index": 16
  },
  {
    "name": "Require(14) node_modules/_egg@2.23.0@egg/config/config.default.js",
    "start": 1568103341137,
    "end": 1568103341138,
    "duration": 1,
    "pid": 4740,
    "index": 17
  },
  {
    "name": "Require(15) config/config.default.js",
    "start": 1568103341139,
    "end": 1568103341139,
    "duration": 0,
    "pid": 4740,
    "index": 18
  },
  {
    "name": "Require(16) node_modules/_egg-security@2.6.1@egg-security/config/config.local.js",
    "start": 1568103341140,
    "end": 1568103341141,
    "duration": 1,
    "pid": 4740,
    "index": 19
  },
  {
    "name": "Require(17) node_modules/_egg-watcher@3.1.0@egg-watcher/config/config.local.js",
    "start": 1568103341142,
    "end": 1568103341142,
    "duration": 0,
    "pid": 4740,
    "index": 20
  },
  {
    "name": "Require(18) node_modules/_egg-view@2.1.2@egg-view/config/config.local.js",
    "start": 1568103341144,
    "end": 1568103341144,
    "duration": 0,
    "pid": 4740,
    "index": 21
  },
  {
    "name": "Require(19) node_modules/_egg@2.23.0@egg/config/config.local.js",
    "start": 1568103341145,
    "end": 1568103341145,
    "duration": 0,
    "pid": 4740,
    "index": 22
  },
  {
    "name": "Load extend/application.js",
    "start": 1568103341147,
    "end": 1568103341165,
    "duration": 18,
    "pid": 4740,
    "index": 23
  },
  {
    "name": "Require(20) node_modules/_egg-session@3.1.0@egg-session/app/extend/application.js",
    "start": 1568103341147,
    "end": 1568103341148,
    "duration": 1,
    "pid": 4740,
    "index": 24
  },
  {
    "name": "Require(21) node_modules/_egg-security@2.6.1@egg-security/app/extend/application.js",
    "start": 1568103341148,
    "end": 1568103341150,
    "duration": 2,
    "pid": 4740,
    "index": 25
  },
  {
    "name": "Require(22) node_modules/_egg-jsonp@2.0.0@egg-jsonp/app/extend/application.js",
    "start": 1568103341150,
    "end": 1568103341153,
    "duration": 3,
    "pid": 4740,
    "index": 26
  },
  {
    "name": "Require(23) node_modules/_egg-logrotator@3.1.0@egg-logrotator/app/extend/application.js",
    "start": 1568103341155,
    "end": 1568103341159,
    "duration": 4,
    "pid": 4740,
    "index": 27
  },
  {
    "name": "Require(24) node_modules/_egg-view@2.1.2@egg-view/app/extend/application.js",
    "start": 1568103341160,
    "end": 1568103341162,
    "duration": 2,
    "pid": 4740,
    "index": 28
  },
  {
    "name": "Load extend/request.js",
    "start": 1568103341166,
    "end": 1568103341174,
    "duration": 8,
    "pid": 4740,
    "index": 29
  },
  {
    "name": "Require(25) node_modules/_egg@2.23.0@egg/app/extend/request.js",
    "start": 1568103341169,
    "end": 1568103341171,
    "duration": 2,
    "pid": 4740,
    "index": 30
  },
  {
    "name": "Load extend/response.js",
    "start": 1568103341174,
    "end": 1568103341183,
    "duration": 9,
    "pid": 4740,
    "index": 31
  },
  {
    "name": "Require(26) node_modules/_egg@2.23.0@egg/app/extend/response.js",
    "start": 1568103341177,
    "end": 1568103341180,
    "duration": 3,
    "pid": 4740,
    "index": 32
  },
  {
    "name": "Load extend/context.js",
    "start": 1568103341183,
    "end": 1568103341287,
    "duration": 104,
    "pid": 4740,
    "index": 33
  },
  {
    "name": "Require(27) node_modules/_egg-security@2.6.1@egg-security/app/extend/context.js",
    "start": 1568103341184,
    "end": 1568103341204,
    "duration": 20,
    "pid": 4740,
    "index": 34
  },
  {
    "name": "Require(28) node_modules/_egg-jsonp@2.0.0@egg-jsonp/app/extend/context.js",
    "start": 1568103341204,
    "end": 1568103341206,
    "duration": 2,
    "pid": 4740,
    "index": 35
  },
  {
    "name": "Require(29) node_modules/_egg-i18n@2.1.1@egg-i18n/app/extend/context.js",
    "start": 1568103341207,
    "end": 1568103341207,
    "duration": 0,
    "pid": 4740,
    "index": 36
  },
  {
    "name": "Require(30) node_modules/_egg-multipart@2.9.0@egg-multipart/app/extend/context.js",
    "start": 1568103341208,
    "end": 1568103341277,
    "duration": 69,
    "pid": 4740,
    "index": 37
  },
  {
    "name": "Require(31) node_modules/_egg-view@2.1.2@egg-view/app/extend/context.js",
    "start": 1568103341278,
    "end": 1568103341279,
    "duration": 1,
    "pid": 4740,
    "index": 38
  },
  {
    "name": "Require(32) node_modules/_egg@2.23.0@egg/app/extend/context.js",
    "start": 1568103341280,
    "end": 1568103341283,
    "duration": 3,
    "pid": 4740,
    "index": 39
  },
  {
    "name": "Load extend/helper.js",
    "start": 1568103341287,
    "end": 1568103341322,
    "duration": 35,
    "pid": 4740,
    "index": 40
  },
  {
    "name": "Require(33) node_modules/_egg-security@2.6.1@egg-security/app/extend/helper.js",
    "start": 1568103341287,
    "end": 1568103341316,
    "duration": 29,
    "pid": 4740,
    "index": 41
  },
  {
    "name": "Require(34) node_modules/_egg@2.23.0@egg/app/extend/helper.js",
    "start": 1568103341318,
    "end": 1568103341319,
    "duration": 1,
    "pid": 4740,
    "index": 42
  },
  {
    "name": "Load app.js",
    "start": 1568103341322,
    "end": 1568103341373,
    "duration": 51,
    "pid": 4740,
    "index": 43
  },
  {
    "name": "Require(35) node_modules/_egg-session@3.1.0@egg-session/app.js",
    "start": 1568103341323,
    "end": 1568103341324,
    "duration": 1,
    "pid": 4740,
    "index": 44
  },
  {
    "name": "Require(36) node_modules/_egg-security@2.6.1@egg-security/app.js",
    "start": 1568103341324,
    "end": 1568103341327,
    "duration": 3,
    "pid": 4740,
    "index": 45
  },
  {
    "name": "Require(37) node_modules/_egg-onerror@2.1.0@egg-onerror/app.js",
    "start": 1568103341328,
    "end": 1568103341342,
    "duration": 14,
    "pid": 4740,
    "index": 46
  },
  {
    "name": "Require(38) node_modules/_egg-i18n@2.1.1@egg-i18n/app.js",
    "start": 1568103341342,
    "end": 1568103341354,
    "duration": 12,
    "pid": 4740,
    "index": 47
  },
  {
    "name": "Require(39) node_modules/_egg-watcher@3.1.0@egg-watcher/app.js",
    "start": 1568103341355,
    "end": 1568103341360,
    "duration": 5,
    "pid": 4740,
    "index": 48
  },
  {
    "name": "Require(40) node_modules/_egg-schedule@3.6.4@egg-schedule/app.js",
    "start": 1568103341361,
    "end": 1568103341363,
    "duration": 2,
    "pid": 4740,
    "index": 49
  },
  {
    "name": "Require(41) node_modules/_egg-multipart@2.9.0@egg-multipart/app.js",
    "start": 1568103341364,
    "end": 1568103341368,
    "duration": 4,
    "pid": 4740,
    "index": 50
  },
  {
    "name": "Require(42) node_modules/_egg-development@2.4.3@egg-development/app.js",
    "start": 1568103341368,
    "end": 1568103341369,
    "duration": 1,
    "pid": 4740,
    "index": 51
  },
  {
    "name": "Require(43) node_modules/_egg-logrotator@3.1.0@egg-logrotator/app.js",
    "start": 1568103341369,
    "end": 1568103341370,
    "duration": 1,
    "pid": 4740,
    "index": 52
  },
  {
    "name": "Require(44) node_modules/_egg-static@2.2.0@egg-static/app.js",
    "start": 1568103341370,
    "end": 1568103341371,
    "duration": 1,
    "pid": 4740,
    "index": 53
  },
  {
    "name": "Require(45) node_modules/_egg-sequelize@5.2.0@egg-sequelize/app.js",
    "start": 1568103341371,
    "end": 1568103341372,
    "duration": 1,
    "pid": 4740,
    "index": 54
  },
  {
    "name": "Before Start in node_modules/_egg-watcher@3.1.0@egg-watcher/lib/init.js:15:14",
    "start": 1568103341388,
    "end": 1568103342213,
    "duration": 825,
    "pid": 4740,
    "index": 55
  },
  {
    "name": "Load \"Symbol(model)\" to Application",
    "start": 1568103341965,
    "end": 1568103341988,
    "duration": 23,
    "pid": 4740,
    "index": 56
  },
  {
    "name": "Before Start in node_modules/_egg-sequelize@5.2.0@egg-sequelize/lib/loader.js:39:7",
    "start": 1568103341995,
    "end": 1568103342245,
    "duration": 250,
    "pid": 4740,
    "index": 57
  },
  {
    "name": "Load Service",
    "start": 1568103341996,
    "end": 1568103342001,
    "duration": 5,
    "pid": 4740,
    "index": 58
  },
  {
    "name": "Load \"service\" to Context",
    "start": 1568103341996,
    "end": 1568103342001,
    "duration": 5,
    "pid": 4740,
    "index": 59
  },
  {
    "name": "Load Middleware",
    "start": 1568103342001,
    "end": 1568103342127,
    "duration": 126,
    "pid": 4740,
    "index": 60
  },
  {
    "name": "Load \"middlewares\" to Application",
    "start": 1568103342001,
    "end": 1568103342111,
    "duration": 110,
    "pid": 4740,
    "index": 61
  },
  {
    "name": "Load Controller",
    "start": 1568103342127,
    "end": 1568103342130,
    "duration": 3,
    "pid": 4740,
    "index": 62
  },
  {
    "name": "Load \"controller\" to Application",
    "start": 1568103342127,
    "end": 1568103342130,
    "duration": 3,
    "pid": 4740,
    "index": 63
  },
  {
    "name": "Load Router",
    "start": 1568103342130,
    "end": 1568103342134,
    "duration": 4,
    "pid": 4740,
    "index": 64
  },
  {
    "name": "Require(46) app/router.js",
    "start": 1568103342131,
    "end": 1568103342131,
    "duration": 0,
    "pid": 4740,
    "index": 65
  },
  {
    "name": "Before Start in node_modules/_egg-core@4.17.3@egg-core/lib/egg.js:303:10",
    "start": 1568103342132,
    "end": 1568103342155,
    "duration": 23,
    "pid": 4740,
    "index": 66
  }
]