[
  {
    "name": "Application Start",
    "start": 1568110838372,
    "end": 1568110839550,
    "duration": 1178,
    "pid": 7032,
    "index": 0
  },
  {
    "name": "Load Plugin",
    "start": 1568110838378,
    "end": 1568110838403,
    "duration": 25,
    "pid": 7032,
    "index": 1
  },
  {
    "name": "Load Config",
    "start": 1568110838403,
    "end": 1568110838434,
    "duration": 31,
    "pid": 7032,
    "index": 2
  },
  {
    "name": "Require(0) config/config.default.js",
    "start": 1568110838404,
    "end": 1568110838405,
    "duration": 1,
    "pid": 7032,
    "index": 3
  },
  {
    "name": "Require(1) node_modules/_egg-session@3.1.0@egg-session/config/config.default.js",
    "start": 1568110838407,
    "end": 1568110838408,
    "duration": 1,
    "pid": 7032,
    "index": 4
  },
  {
    "name": "Require(2) node_modules/_egg-security@2.6.1@egg-security/config/config.default.js",
    "start": 1568110838408,
    "end": 1568110838409,
    "duration": 1,
    "pid": 7032,
    "index": 5
  },
  {
    "name": "Require(3) node_modules/_egg-jsonp@2.0.0@egg-jsonp/config/config.default.js",
    "start": 1568110838410,
    "end": 1568110838411,
    "duration": 1,
    "pid": 7032,
    "index": 6
  },
  {
    "name": "Require(4) node_modules/_egg-onerror@2.1.0@egg-onerror/config/config.default.js",
    "start": 1568110838411,
    "end": 1568110838412,
    "duration": 1,
    "pid": 7032,
    "index": 7
  },
  {
    "name": "Require(5) node_modules/_egg-i18n@2.1.1@egg-i18n/config/config.default.js",
    "start": 1568110838412,
    "end": 1568110838413,
    "duration": 1,
    "pid": 7032,
    "index": 8
  },
  {
    "name": "Require(6) node_modules/_egg-watcher@3.1.0@egg-watcher/config/config.default.js",
    "start": 1568110838413,
    "end": 1568110838414,
    "duration": 1,
    "pid": 7032,
    "index": 9
  },
  {
    "name": "Require(7) node_modules/_egg-schedule@3.6.4@egg-schedule/config/config.default.js",
    "start": 1568110838414,
    "end": 1568110838415,
    "duration": 1,
    "pid": 7032,
    "index": 10
  },
  {
    "name": "Require(8) node_modules/_egg-multipart@2.9.0@egg-multipart/config/config.default.js",
    "start": 1568110838415,
    "end": 1568110838416,
    "duration": 1,
    "pid": 7032,
    "index": 11
  },
  {
    "name": "Require(9) node_modules/_egg-development@2.4.3@egg-development/config/config.default.js",
    "start": 1568110838417,
    "end": 1568110838417,
    "duration": 0,
    "pid": 7032,
    "index": 12
  },
  {
    "name": "Require(10) node_modules/_egg-logrotator@3.1.0@egg-logrotator/config/config.default.js",
    "start": 1568110838418,
    "end": 1568110838419,
    "duration": 1,
    "pid": 7032,
    "index": 13
  },
  {
    "name": "Require(11) node_modules/_egg-static@2.2.0@egg-static/config/config.default.js",
    "start": 1568110838420,
    "end": 1568110838420,
    "duration": 0,
    "pid": 7032,
    "index": 14
  },
  {
    "name": "Require(12) node_modules/_egg-view@2.1.2@egg-view/config/config.default.js",
    "start": 1568110838423,
    "end": 1568110838423,
    "duration": 0,
    "pid": 7032,
    "index": 15
  },
  {
    "name": "Require(13) node_modules/_egg-sequelize@5.2.0@egg-sequelize/config/config.default.js",
    "start": 1568110838424,
    "end": 1568110838424,
    "duration": 0,
    "pid": 7032,
    "index": 16
  },
  {
    "name": "Require(14) node_modules/_egg@2.23.0@egg/config/config.default.js",
    "start": 1568110838425,
    "end": 1568110838426,
    "duration": 1,
    "pid": 7032,
    "index": 17
  },
  {
    "name": "Require(15) config/config.default.js",
    "start": 1568110838428,
    "end": 1568110838428,
    "duration": 0,
    "pid": 7032,
    "index": 18
  },
  {
    "name": "Require(16) node_modules/_egg-security@2.6.1@egg-security/config/config.local.js",
    "start": 1568110838428,
    "end": 1568110838429,
    "duration": 1,
    "pid": 7032,
    "index": 19
  },
  {
    "name": "Require(17) node_modules/_egg-watcher@3.1.0@egg-watcher/config/config.local.js",
    "start": 1568110838430,
    "end": 1568110838430,
    "duration": 0,
    "pid": 7032,
    "index": 20
  },
  {
    "name": "Require(18) node_modules/_egg-view@2.1.2@egg-view/config/config.local.js",
    "start": 1568110838432,
    "end": 1568110838432,
    "duration": 0,
    "pid": 7032,
    "index": 21
  },
  {
    "name": "Require(19) node_modules/_egg@2.23.0@egg/config/config.local.js",
    "start": 1568110838433,
    "end": 1568110838433,
    "duration": 0,
    "pid": 7032,
    "index": 22
  },
  {
    "name": "Load extend/application.js",
    "start": 1568110838436,
    "end": 1568110838456,
    "duration": 20,
    "pid": 7032,
    "index": 23
  },
  {
    "name": "Require(20) node_modules/_egg-session@3.1.0@egg-session/app/extend/application.js",
    "start": 1568110838437,
    "end": 1568110838437,
    "duration": 0,
    "pid": 7032,
    "index": 24
  },
  {
    "name": "Require(21) node_modules/_egg-security@2.6.1@egg-security/app/extend/application.js",
    "start": 1568110838438,
    "end": 1568110838439,
    "duration": 1,
    "pid": 7032,
    "index": 25
  },
  {
    "name": "Require(22) node_modules/_egg-jsonp@2.0.0@egg-jsonp/app/extend/application.js",
    "start": 1568110838440,
    "end": 1568110838443,
    "duration": 3,
    "pid": 7032,
    "index": 26
  },
  {
    "name": "Require(23) node_modules/_egg-logrotator@3.1.0@egg-logrotator/app/extend/application.js",
    "start": 1568110838445,
    "end": 1568110838449,
    "duration": 4,
    "pid": 7032,
    "index": 27
  },
  {
    "name": "Require(24) node_modules/_egg-view@2.1.2@egg-view/app/extend/application.js",
    "start": 1568110838449,
    "end": 1568110838452,
    "duration": 3,
    "pid": 7032,
    "index": 28
  },
  {
    "name": "Load extend/request.js",
    "start": 1568110838456,
    "end": 1568110838465,
    "duration": 9,
    "pid": 7032,
    "index": 29
  },
  {
    "name": "Require(25) node_modules/_egg@2.23.0@egg/app/extend/request.js",
    "start": 1568110838459,
    "end": 1568110838462,
    "duration": 3,
    "pid": 7032,
    "index": 30
  },
  {
    "name": "Load extend/response.js",
    "start": 1568110838465,
    "end": 1568110838478,
    "duration": 13,
    "pid": 7032,
    "index": 31
  },
  {
    "name": "Require(26) node_modules/_egg@2.23.0@egg/app/extend/response.js",
    "start": 1568110838470,
    "end": 1568110838473,
    "duration": 3,
    "pid": 7032,
    "index": 32
  },
  {
    "name": "Load extend/context.js",
    "start": 1568110838478,
    "end": 1568110838589,
    "duration": 111,
    "pid": 7032,
    "index": 33
  },
  {
    "name": "Require(27) node_modules/_egg-security@2.6.1@egg-security/app/extend/context.js",
    "start": 1568110838479,
    "end": 1568110838499,
    "duration": 20,
    "pid": 7032,
    "index": 34
  },
  {
    "name": "Require(28) node_modules/_egg-jsonp@2.0.0@egg-jsonp/app/extend/context.js",
    "start": 1568110838499,
    "end": 1568110838503,
    "duration": 4,
    "pid": 7032,
    "index": 35
  },
  {
    "name": "Require(29) node_modules/_egg-i18n@2.1.1@egg-i18n/app/extend/context.js",
    "start": 1568110838504,
    "end": 1568110838504,
    "duration": 0,
    "pid": 7032,
    "index": 36
  },
  {
    "name": "Require(30) node_modules/_egg-multipart@2.9.0@egg-multipart/app/extend/context.js",
    "start": 1568110838506,
    "end": 1568110838578,
    "duration": 72,
    "pid": 7032,
    "index": 37
  },
  {
    "name": "Require(31) node_modules/_egg-view@2.1.2@egg-view/app/extend/context.js",
    "start": 1568110838579,
    "end": 1568110838581,
    "duration": 2,
    "pid": 7032,
    "index": 38
  },
  {
    "name": "Require(32) node_modules/_egg@2.23.0@egg/app/extend/context.js",
    "start": 1568110838582,
    "end": 1568110838586,
    "duration": 4,
    "pid": 7032,
    "index": 39
  },
  {
    "name": "Load extend/helper.js",
    "start": 1568110838589,
    "end": 1568110838626,
    "duration": 37,
    "pid": 7032,
    "index": 40
  },
  {
    "name": "Require(33) node_modules/_egg-security@2.6.1@egg-security/app/extend/helper.js",
    "start": 1568110838590,
    "end": 1568110838617,
    "duration": 27,
    "pid": 7032,
    "index": 41
  },
  {
    "name": "Require(34) node_modules/_egg@2.23.0@egg/app/extend/helper.js",
    "start": 1568110838620,
    "end": 1568110838621,
    "duration": 1,
    "pid": 7032,
    "index": 42
  },
  {
    "name": "Load app.js",
    "start": 1568110838627,
    "end": 1568110838684,
    "duration": 57,
    "pid": 7032,
    "index": 43
  },
  {
    "name": "Require(35) node_modules/_egg-session@3.1.0@egg-session/app.js",
    "start": 1568110838627,
    "end": 1568110838628,
    "duration": 1,
    "pid": 7032,
    "index": 44
  },
  {
    "name": "Require(36) node_modules/_egg-security@2.6.1@egg-security/app.js",
    "start": 1568110838628,
    "end": 1568110838631,
    "duration": 3,
    "pid": 7032,
    "index": 45
  },
  {
    "name": "Require(37) node_modules/_egg-onerror@2.1.0@egg-onerror/app.js",
    "start": 1568110838632,
    "end": 1568110838647,
    "duration": 15,
    "pid": 7032,
    "index": 46
  },
  {
    "name": "Require(38) node_modules/_egg-i18n@2.1.1@egg-i18n/app.js",
    "start": 1568110838648,
    "end": 1568110838662,
    "duration": 14,
    "pid": 7032,
    "index": 47
  },
  {
    "name": "Require(39) node_modules/_egg-watcher@3.1.0@egg-watcher/app.js",
    "start": 1568110838662,
    "end": 1568110838669,
    "duration": 7,
    "pid": 7032,
    "index": 48
  },
  {
    "name": "Require(40) node_modules/_egg-schedule@3.6.4@egg-schedule/app.js",
    "start": 1568110838670,
    "end": 1568110838674,
    "duration": 4,
    "pid": 7032,
    "index": 49
  },
  {
    "name": "Require(41) node_modules/_egg-multipart@2.9.0@egg-multipart/app.js",
    "start": 1568110838675,
    "end": 1568110838679,
    "duration": 4,
    "pid": 7032,
    "index": 50
  },
  {
    "name": "Require(42) node_modules/_egg-development@2.4.3@egg-development/app.js",
    "start": 1568110838679,
    "end": 1568110838680,
    "duration": 1,
    "pid": 7032,
    "index": 51
  },
  {
    "name": "Require(43) node_modules/_egg-logrotator@3.1.0@egg-logrotator/app.js",
    "start": 1568110838680,
    "end": 1568110838680,
    "duration": 0,
    "pid": 7032,
    "index": 52
  },
  {
    "name": "Require(44) node_modules/_egg-static@2.2.0@egg-static/app.js",
    "start": 1568110838681,
    "end": 1568110838681,
    "duration": 0,
    "pid": 7032,
    "index": 53
  },
  {
    "name": "Require(45) node_modules/_egg-sequelize@5.2.0@egg-sequelize/app.js",
    "start": 1568110838682,
    "end": 1568110838682,
    "duration": 0,
    "pid": 7032,
    "index": 54
  },
  {
    "name": "Before Start in node_modules/_egg-watcher@3.1.0@egg-watcher/lib/init.js:15:14",
    "start": 1568110838702,
    "end": 1568110839515,
    "duration": 813,
    "pid": 7032,
    "index": 55
  },
  {
    "name": "Load \"Symbol(model)\" to Application",
    "start": 1568110839248,
    "end": 1568110839274,
    "duration": 26,
    "pid": 7032,
    "index": 56
  },
  {
    "name": "Before Start in node_modules/_egg-sequelize@5.2.0@egg-sequelize/lib/loader.js:39:7",
    "start": 1568110839284,
    "end": 1568110839550,
    "duration": 266,
    "pid": 7032,
    "index": 57
  },
  {
    "name": "Load Service",
    "start": 1568110839284,
    "end": 1568110839289,
    "duration": 5,
    "pid": 7032,
    "index": 58
  },
  {
    "name": "Load \"service\" to Context",
    "start": 1568110839284,
    "end": 1568110839289,
    "duration": 5,
    "pid": 7032,
    "index": 59
  },
  {
    "name": "Load Middleware",
    "start": 1568110839290,
    "end": 1568110839427,
    "duration": 137,
    "pid": 7032,
    "index": 60
  },
  {
    "name": "Load \"middlewares\" to Application",
    "start": 1568110839290,
    "end": 1568110839409,
    "duration": 119,
    "pid": 7032,
    "index": 61
  },
  {
    "name": "Load Controller",
    "start": 1568110839427,
    "end": 1568110839431,
    "duration": 4,
    "pid": 7032,
    "index": 62
  },
  {
    "name": "Load \"controller\" to Application",
    "start": 1568110839427,
    "end": 1568110839431,
    "duration": 4,
    "pid": 7032,
    "index": 63
  },
  {
    "name": "Load Router",
    "start": 1568110839431,
    "end": 1568110839434,
    "duration": 3,
    "pid": 7032,
    "index": 64
  },
  {
    "name": "Require(46) app/router.js",
    "start": 1568110839432,
    "end": 1568110839432,
    "duration": 0,
    "pid": 7032,
    "index": 65
  },
  {
    "name": "Before Start in node_modules/_egg-core@4.17.3@egg-core/lib/egg.js:303:10",
    "start": 1568110839433,
    "end": 1568110839456,
    "duration": 23,
    "pid": 7032,
    "index": 66
  }
]