[
  {
    "name": "Application Start",
    "start": 1568114626088,
    "end": 1568114627367,
    "duration": 1279,
    "pid": 13776,
    "index": 0
  },
  {
    "name": "Load Plugin",
    "start": 1568114626094,
    "end": 1568114626141,
    "duration": 47,
    "pid": 13776,
    "index": 1
  },
  {
    "name": "Load Config",
    "start": 1568114626141,
    "end": 1568114626202,
    "duration": 61,
    "pid": 13776,
    "index": 2
  },
  {
    "name": "Require(0) config/config.default.js",
    "start": 1568114626143,
    "end": 1568114626143,
    "duration": 0,
    "pid": 13776,
    "index": 3
  },
  {
    "name": "Require(1) node_modules/_egg-session@3.1.0@egg-session/config/config.default.js",
    "start": 1568114626148,
    "end": 1568114626148,
    "duration": 0,
    "pid": 13776,
    "index": 4
  },
  {
    "name": "Require(2) node_modules/_egg-security@2.6.1@egg-security/config/config.default.js",
    "start": 1568114626155,
    "end": 1568114626155,
    "duration": 0,
    "pid": 13776,
    "index": 5
  },
  {
    "name": "Require(3) node_modules/_egg-jsonp@2.0.0@egg-jsonp/config/config.default.js",
    "start": 1568114626158,
    "end": 1568114626158,
    "duration": 0,
    "pid": 13776,
    "index": 6
  },
  {
    "name": "Require(4) node_modules/_egg-onerror@2.1.0@egg-onerror/config/config.default.js",
    "start": 1568114626159,
    "end": 1568114626160,
    "duration": 1,
    "pid": 13776,
    "index": 7
  },
  {
    "name": "Require(5) node_modules/_egg-i18n@2.1.1@egg-i18n/config/config.default.js",
    "start": 1568114626161,
    "end": 1568114626161,
    "duration": 0,
    "pid": 13776,
    "index": 8
  },
  {
    "name": "Require(6) node_modules/_egg-watcher@3.1.0@egg-watcher/config/config.default.js",
    "start": 1568114626163,
    "end": 1568114626164,
    "duration": 1,
    "pid": 13776,
    "index": 9
  },
  {
    "name": "Require(7) node_modules/_egg-schedule@3.6.4@egg-schedule/config/config.default.js",
    "start": 1568114626167,
    "end": 1568114626168,
    "duration": 1,
    "pid": 13776,
    "index": 10
  },
  {
    "name": "Require(8) node_modules/_egg-multipart@2.9.0@egg-multipart/config/config.default.js",
    "start": 1568114626169,
    "end": 1568114626170,
    "duration": 1,
    "pid": 13776,
    "index": 11
  },
  {
    "name": "Require(9) node_modules/_egg-development@2.4.3@egg-development/config/config.default.js",
    "start": 1568114626173,
    "end": 1568114626174,
    "duration": 1,
    "pid": 13776,
    "index": 12
  },
  {
    "name": "Require(10) node_modules/_egg-logrotator@3.1.0@egg-logrotator/config/config.default.js",
    "start": 1568114626175,
    "end": 1568114626175,
    "duration": 0,
    "pid": 13776,
    "index": 13
  },
  {
    "name": "Require(11) node_modules/_egg-static@2.2.0@egg-static/config/config.default.js",
    "start": 1568114626177,
    "end": 1568114626177,
    "duration": 0,
    "pid": 13776,
    "index": 14
  },
  {
    "name": "Require(12) node_modules/_egg-view@2.1.2@egg-view/config/config.default.js",
    "start": 1568114626179,
    "end": 1568114626179,
    "duration": 0,
    "pid": 13776,
    "index": 15
  },
  {
    "name": "Require(13) node_modules/_egg-sequelize@5.2.0@egg-sequelize/config/config.default.js",
    "start": 1568114626180,
    "end": 1568114626181,
    "duration": 1,
    "pid": 13776,
    "index": 16
  },
  {
    "name": "Require(14) node_modules/_egg@2.23.0@egg/config/config.default.js",
    "start": 1568114626182,
    "end": 1568114626183,
    "duration": 1,
    "pid": 13776,
    "index": 17
  },
  {
    "name": "Require(15) config/config.default.js",
    "start": 1568114626186,
    "end": 1568114626186,
    "duration": 0,
    "pid": 13776,
    "index": 18
  },
  {
    "name": "Require(16) node_modules/_egg-security@2.6.1@egg-security/config/config.local.js",
    "start": 1568114626188,
    "end": 1568114626189,
    "duration": 1,
    "pid": 13776,
    "index": 19
  },
  {
    "name": "Require(17) node_modules/_egg-watcher@3.1.0@egg-watcher/config/config.local.js",
    "start": 1568114626191,
    "end": 1568114626193,
    "duration": 2,
    "pid": 13776,
    "index": 20
  },
  {
    "name": "Require(18) node_modules/_egg-view@2.1.2@egg-view/config/config.local.js",
    "start": 1568114626197,
    "end": 1568114626199,
    "duration": 2,
    "pid": 13776,
    "index": 21
  },
  {
    "name": "Require(19) node_modules/_egg@2.23.0@egg/config/config.local.js",
    "start": 1568114626201,
    "end": 1568114626201,
    "duration": 0,
    "pid": 13776,
    "index": 22
  },
  {
    "name": "Load extend/application.js",
    "start": 1568114626205,
    "end": 1568114626229,
    "duration": 24,
    "pid": 13776,
    "index": 23
  },
  {
    "name": "Require(20) node_modules/_egg-session@3.1.0@egg-session/app/extend/application.js",
    "start": 1568114626208,
    "end": 1568114626208,
    "duration": 0,
    "pid": 13776,
    "index": 24
  },
  {
    "name": "Require(21) node_modules/_egg-security@2.6.1@egg-security/app/extend/application.js",
    "start": 1568114626209,
    "end": 1568114626212,
    "duration": 3,
    "pid": 13776,
    "index": 25
  },
  {
    "name": "Require(22) node_modules/_egg-jsonp@2.0.0@egg-jsonp/app/extend/application.js",
    "start": 1568114626212,
    "end": 1568114626216,
    "duration": 4,
    "pid": 13776,
    "index": 26
  },
  {
    "name": "Require(23) node_modules/_egg-logrotator@3.1.0@egg-logrotator/app/extend/application.js",
    "start": 1568114626218,
    "end": 1568114626222,
    "duration": 4,
    "pid": 13776,
    "index": 27
  },
  {
    "name": "Require(24) node_modules/_egg-view@2.1.2@egg-view/app/extend/application.js",
    "start": 1568114626223,
    "end": 1568114626225,
    "duration": 2,
    "pid": 13776,
    "index": 28
  },
  {
    "name": "Load extend/request.js",
    "start": 1568114626229,
    "end": 1568114626239,
    "duration": 10,
    "pid": 13776,
    "index": 29
  },
  {
    "name": "Require(25) node_modules/_egg@2.23.0@egg/app/extend/request.js",
    "start": 1568114626233,
    "end": 1568114626235,
    "duration": 2,
    "pid": 13776,
    "index": 30
  },
  {
    "name": "Load extend/response.js",
    "start": 1568114626239,
    "end": 1568114626249,
    "duration": 10,
    "pid": 13776,
    "index": 31
  },
  {
    "name": "Require(26) node_modules/_egg@2.23.0@egg/app/extend/response.js",
    "start": 1568114626242,
    "end": 1568114626245,
    "duration": 3,
    "pid": 13776,
    "index": 32
  },
  {
    "name": "Load extend/context.js",
    "start": 1568114626249,
    "end": 1568114626369,
    "duration": 120,
    "pid": 13776,
    "index": 33
  },
  {
    "name": "Require(27) node_modules/_egg-security@2.6.1@egg-security/app/extend/context.js",
    "start": 1568114626251,
    "end": 1568114626275,
    "duration": 24,
    "pid": 13776,
    "index": 34
  },
  {
    "name": "Require(28) node_modules/_egg-jsonp@2.0.0@egg-jsonp/app/extend/context.js",
    "start": 1568114626275,
    "end": 1568114626278,
    "duration": 3,
    "pid": 13776,
    "index": 35
  },
  {
    "name": "Require(29) node_modules/_egg-i18n@2.1.1@egg-i18n/app/extend/context.js",
    "start": 1568114626279,
    "end": 1568114626280,
    "duration": 1,
    "pid": 13776,
    "index": 36
  },
  {
    "name": "Require(30) node_modules/_egg-multipart@2.9.0@egg-multipart/app/extend/context.js",
    "start": 1568114626281,
    "end": 1568114626358,
    "duration": 77,
    "pid": 13776,
    "index": 37
  },
  {
    "name": "Require(31) node_modules/_egg-view@2.1.2@egg-view/app/extend/context.js",
    "start": 1568114626360,
    "end": 1568114626361,
    "duration": 1,
    "pid": 13776,
    "index": 38
  },
  {
    "name": "Require(32) node_modules/_egg@2.23.0@egg/app/extend/context.js",
    "start": 1568114626362,
    "end": 1568114626366,
    "duration": 4,
    "pid": 13776,
    "index": 39
  },
  {
    "name": "Load extend/helper.js",
    "start": 1568114626369,
    "end": 1568114626407,
    "duration": 38,
    "pid": 13776,
    "index": 40
  },
  {
    "name": "Require(33) node_modules/_egg-security@2.6.1@egg-security/app/extend/helper.js",
    "start": 1568114626370,
    "end": 1568114626400,
    "duration": 30,
    "pid": 13776,
    "index": 41
  },
  {
    "name": "Require(34) node_modules/_egg@2.23.0@egg/app/extend/helper.js",
    "start": 1568114626403,
    "end": 1568114626404,
    "duration": 1,
    "pid": 13776,
    "index": 42
  },
  {
    "name": "Load app.js",
    "start": 1568114626408,
    "end": 1568114626474,
    "duration": 66,
    "pid": 13776,
    "index": 43
  },
  {
    "name": "Require(35) node_modules/_egg-session@3.1.0@egg-session/app.js",
    "start": 1568114626408,
    "end": 1568114626409,
    "duration": 1,
    "pid": 13776,
    "index": 44
  },
  {
    "name": "Require(36) node_modules/_egg-security@2.6.1@egg-security/app.js",
    "start": 1568114626410,
    "end": 1568114626413,
    "duration": 3,
    "pid": 13776,
    "index": 45
  },
  {
    "name": "Require(37) node_modules/_egg-onerror@2.1.0@egg-onerror/app.js",
    "start": 1568114626414,
    "end": 1568114626434,
    "duration": 20,
    "pid": 13776,
    "index": 46
  },
  {
    "name": "Require(38) node_modules/_egg-i18n@2.1.1@egg-i18n/app.js",
    "start": 1568114626434,
    "end": 1568114626449,
    "duration": 15,
    "pid": 13776,
    "index": 47
  },
  {
    "name": "Require(39) node_modules/_egg-watcher@3.1.0@egg-watcher/app.js",
    "start": 1568114626450,
    "end": 1568114626458,
    "duration": 8,
    "pid": 13776,
    "index": 48
  },
  {
    "name": "Require(40) node_modules/_egg-schedule@3.6.4@egg-schedule/app.js",
    "start": 1568114626459,
    "end": 1568114626463,
    "duration": 4,
    "pid": 13776,
    "index": 49
  },
  {
    "name": "Require(41) node_modules/_egg-multipart@2.9.0@egg-multipart/app.js",
    "start": 1568114626463,
    "end": 1568114626469,
    "duration": 6,
    "pid": 13776,
    "index": 50
  },
  {
    "name": "Require(42) node_modules/_egg-development@2.4.3@egg-development/app.js",
    "start": 1568114626469,
    "end": 1568114626470,
    "duration": 1,
    "pid": 13776,
    "index": 51
  },
  {
    "name": "Require(43) node_modules/_egg-logrotator@3.1.0@egg-logrotator/app.js",
    "start": 1568114626470,
    "end": 1568114626470,
    "duration": 0,
    "pid": 13776,
    "index": 52
  },
  {
    "name": "Require(44) node_modules/_egg-static@2.2.0@egg-static/app.js",
    "start": 1568114626471,
    "end": 1568114626471,
    "duration": 0,
    "pid": 13776,
    "index": 53
  },
  {
    "name": "Require(45) node_modules/_egg-sequelize@5.2.0@egg-sequelize/app.js",
    "start": 1568114626472,
    "end": 1568114626473,
    "duration": 1,
    "pid": 13776,
    "index": 54
  },
  {
    "name": "Before Start in node_modules/_egg-watcher@3.1.0@egg-watcher/lib/init.js:15:14",
    "start": 1568114626493,
    "end": 1568114627329,
    "duration": 836,
    "pid": 13776,
    "index": 55
  },
  {
    "name": "Load \"Symbol(model)\" to Application",
    "start": 1568114627021,
    "end": 1568114627043,
    "duration": 22,
    "pid": 13776,
    "index": 56
  },
  {
    "name": "Before Start in node_modules/_egg-sequelize@5.2.0@egg-sequelize/lib/loader.js:39:7",
    "start": 1568114627049,
    "end": 1568114627367,
    "duration": 318,
    "pid": 13776,
    "index": 57
  },
  {
    "name": "Load Service",
    "start": 1568114627050,
    "end": 1568114627055,
    "duration": 5,
    "pid": 13776,
    "index": 58
  },
  {
    "name": "Load \"service\" to Context",
    "start": 1568114627050,
    "end": 1568114627055,
    "duration": 5,
    "pid": 13776,
    "index": 59
  },
  {
    "name": "Load Middleware",
    "start": 1568114627055,
    "end": 1568114627242,
    "duration": 187,
    "pid": 13776,
    "index": 60
  },
  {
    "name": "Load \"middlewares\" to Application",
    "start": 1568114627055,
    "end": 1568114627225,
    "duration": 170,
    "pid": 13776,
    "index": 61
  },
  {
    "name": "Load Controller",
    "start": 1568114627242,
    "end": 1568114627247,
    "duration": 5,
    "pid": 13776,
    "index": 62
  },
  {
    "name": "Load \"controller\" to Application",
    "start": 1568114627243,
    "end": 1568114627247,
    "duration": 4,
    "pid": 13776,
    "index": 63
  },
  {
    "name": "Load Router",
    "start": 1568114627247,
    "end": 1568114627250,
    "duration": 3,
    "pid": 13776,
    "index": 64
  },
  {
    "name": "Require(46) app/router.js",
    "start": 1568114627248,
    "end": 1568114627248,
    "duration": 0,
    "pid": 13776,
    "index": 65
  },
  {
    "name": "Before Start in node_modules/_egg-core@4.17.3@egg-core/lib/egg.js:303:10",
    "start": 1568114627249,
    "end": 1568114627271,
    "duration": 22,
    "pid": 13776,
    "index": 66
  }
]