[
  {
    "name": "Application Start",
    "start": 1568110784408,
    "end": 1568110785564,
    "duration": 1156,
    "pid": 6236,
    "index": 0
  },
  {
    "name": "Load Plugin",
    "start": 1568110784414,
    "end": 1568110784438,
    "duration": 24,
    "pid": 6236,
    "index": 1
  },
  {
    "name": "Load Config",
    "start": 1568110784439,
    "end": 1568110784469,
    "duration": 30,
    "pid": 6236,
    "index": 2
  },
  {
    "name": "Require(0) config/config.default.js",
    "start": 1568110784440,
    "end": 1568110784440,
    "duration": 0,
    "pid": 6236,
    "index": 3
  },
  {
    "name": "Require(1) node_modules/_egg-session@3.1.0@egg-session/config/config.default.js",
    "start": 1568110784442,
    "end": 1568110784443,
    "duration": 1,
    "pid": 6236,
    "index": 4
  },
  {
    "name": "Require(2) node_modules/_egg-security@2.6.1@egg-security/config/config.default.js",
    "start": 1568110784444,
    "end": 1568110784444,
    "duration": 0,
    "pid": 6236,
    "index": 5
  },
  {
    "name": "Require(3) node_modules/_egg-jsonp@2.0.0@egg-jsonp/config/config.default.js",
    "start": 1568110784446,
    "end": 1568110784446,
    "duration": 0,
    "pid": 6236,
    "index": 6
  },
  {
    "name": "Require(4) node_modules/_egg-onerror@2.1.0@egg-onerror/config/config.default.js",
    "start": 1568110784447,
    "end": 1568110784448,
    "duration": 1,
    "pid": 6236,
    "index": 7
  },
  {
    "name": "Require(5) node_modules/_egg-i18n@2.1.1@egg-i18n/config/config.default.js",
    "start": 1568110784448,
    "end": 1568110784449,
    "duration": 1,
    "pid": 6236,
    "index": 8
  },
  {
    "name": "Require(6) node_modules/_egg-watcher@3.1.0@egg-watcher/config/config.default.js",
    "start": 1568110784450,
    "end": 1568110784450,
    "duration": 0,
    "pid": 6236,
    "index": 9
  },
  {
    "name": "Require(7) node_modules/_egg-schedule@3.6.4@egg-schedule/config/config.default.js",
    "start": 1568110784451,
    "end": 1568110784451,
    "duration": 0,
    "pid": 6236,
    "index": 10
  },
  {
    "name": "Require(8) node_modules/_egg-multipart@2.9.0@egg-multipart/config/config.default.js",
    "start": 1568110784452,
    "end": 1568110784452,
    "duration": 0,
    "pid": 6236,
    "index": 11
  },
  {
    "name": "Require(9) node_modules/_egg-development@2.4.3@egg-development/config/config.default.js",
    "start": 1568110784453,
    "end": 1568110784454,
    "duration": 1,
    "pid": 6236,
    "index": 12
  },
  {
    "name": "Require(10) node_modules/_egg-logrotator@3.1.0@egg-logrotator/config/config.default.js",
    "start": 1568110784454,
    "end": 1568110784455,
    "duration": 1,
    "pid": 6236,
    "index": 13
  },
  {
    "name": "Require(11) node_modules/_egg-static@2.2.0@egg-static/config/config.default.js",
    "start": 1568110784455,
    "end": 1568110784456,
    "duration": 1,
    "pid": 6236,
    "index": 14
  },
  {
    "name": "Require(12) node_modules/_egg-view@2.1.2@egg-view/config/config.default.js",
    "start": 1568110784457,
    "end": 1568110784457,
    "duration": 0,
    "pid": 6236,
    "index": 15
  },
  {
    "name": "Require(13) node_modules/_egg-sequelize@5.2.0@egg-sequelize/config/config.default.js",
    "start": 1568110784459,
    "end": 1568110784459,
    "duration": 0,
    "pid": 6236,
    "index": 16
  },
  {
    "name": "Require(14) node_modules/_egg@2.23.0@egg/config/config.default.js",
    "start": 1568110784460,
    "end": 1568110784461,
    "duration": 1,
    "pid": 6236,
    "index": 17
  },
  {
    "name": "Require(15) config/config.default.js",
    "start": 1568110784463,
    "end": 1568110784463,
    "duration": 0,
    "pid": 6236,
    "index": 18
  },
  {
    "name": "Require(16) node_modules/_egg-security@2.6.1@egg-security/config/config.local.js",
    "start": 1568110784463,
    "end": 1568110784464,
    "duration": 1,
    "pid": 6236,
    "index": 19
  },
  {
    "name": "Require(17) node_modules/_egg-watcher@3.1.0@egg-watcher/config/config.local.js",
    "start": 1568110784465,
    "end": 1568110784465,
    "duration": 0,
    "pid": 6236,
    "index": 20
  },
  {
    "name": "Require(18) node_modules/_egg-view@2.1.2@egg-view/config/config.local.js",
    "start": 1568110784467,
    "end": 1568110784468,
    "duration": 1,
    "pid": 6236,
    "index": 21
  },
  {
    "name": "Require(19) node_modules/_egg@2.23.0@egg/config/config.local.js",
    "start": 1568110784468,
    "end": 1568110784469,
    "duration": 1,
    "pid": 6236,
    "index": 22
  },
  {
    "name": "Load extend/application.js",
    "start": 1568110784471,
    "end": 1568110784496,
    "duration": 25,
    "pid": 6236,
    "index": 23
  },
  {
    "name": "Require(20) node_modules/_egg-session@3.1.0@egg-session/app/extend/application.js",
    "start": 1568110784471,
    "end": 1568110784472,
    "duration": 1,
    "pid": 6236,
    "index": 24
  },
  {
    "name": "Require(21) node_modules/_egg-security@2.6.1@egg-security/app/extend/application.js",
    "start": 1568110784473,
    "end": 1568110784474,
    "duration": 1,
    "pid": 6236,
    "index": 25
  },
  {
    "name": "Require(22) node_modules/_egg-jsonp@2.0.0@egg-jsonp/app/extend/application.js",
    "start": 1568110784475,
    "end": 1568110784478,
    "duration": 3,
    "pid": 6236,
    "index": 26
  },
  {
    "name": "Require(23) node_modules/_egg-logrotator@3.1.0@egg-logrotator/app/extend/application.js",
    "start": 1568110784480,
    "end": 1568110784485,
    "duration": 5,
    "pid": 6236,
    "index": 27
  },
  {
    "name": "Require(24) node_modules/_egg-view@2.1.2@egg-view/app/extend/application.js",
    "start": 1568110784487,
    "end": 1568110784490,
    "duration": 3,
    "pid": 6236,
    "index": 28
  },
  {
    "name": "Load extend/request.js",
    "start": 1568110784496,
    "end": 1568110784509,
    "duration": 13,
    "pid": 6236,
    "index": 29
  },
  {
    "name": "Require(25) node_modules/_egg@2.23.0@egg/app/extend/request.js",
    "start": 1568110784500,
    "end": 1568110784503,
    "duration": 3,
    "pid": 6236,
    "index": 30
  },
  {
    "name": "Load extend/response.js",
    "start": 1568110784509,
    "end": 1568110784519,
    "duration": 10,
    "pid": 6236,
    "index": 31
  },
  {
    "name": "Require(26) node_modules/_egg@2.23.0@egg/app/extend/response.js",
    "start": 1568110784512,
    "end": 1568110784515,
    "duration": 3,
    "pid": 6236,
    "index": 32
  },
  {
    "name": "Load extend/context.js",
    "start": 1568110784519,
    "end": 1568110784640,
    "duration": 121,
    "pid": 6236,
    "index": 33
  },
  {
    "name": "Require(27) node_modules/_egg-security@2.6.1@egg-security/app/extend/context.js",
    "start": 1568110784520,
    "end": 1568110784544,
    "duration": 24,
    "pid": 6236,
    "index": 34
  },
  {
    "name": "Require(28) node_modules/_egg-jsonp@2.0.0@egg-jsonp/app/extend/context.js",
    "start": 1568110784544,
    "end": 1568110784547,
    "duration": 3,
    "pid": 6236,
    "index": 35
  },
  {
    "name": "Require(29) node_modules/_egg-i18n@2.1.1@egg-i18n/app/extend/context.js",
    "start": 1568110784547,
    "end": 1568110784548,
    "duration": 1,
    "pid": 6236,
    "index": 36
  },
  {
    "name": "Require(30) node_modules/_egg-multipart@2.9.0@egg-multipart/app/extend/context.js",
    "start": 1568110784549,
    "end": 1568110784630,
    "duration": 81,
    "pid": 6236,
    "index": 37
  },
  {
    "name": "Require(31) node_modules/_egg-view@2.1.2@egg-view/app/extend/context.js",
    "start": 1568110784631,
    "end": 1568110784633,
    "duration": 2,
    "pid": 6236,
    "index": 38
  },
  {
    "name": "Require(32) node_modules/_egg@2.23.0@egg/app/extend/context.js",
    "start": 1568110784633,
    "end": 1568110784637,
    "duration": 4,
    "pid": 6236,
    "index": 39
  },
  {
    "name": "Load extend/helper.js",
    "start": 1568110784640,
    "end": 1568110784675,
    "duration": 35,
    "pid": 6236,
    "index": 40
  },
  {
    "name": "Require(33) node_modules/_egg-security@2.6.1@egg-security/app/extend/helper.js",
    "start": 1568110784641,
    "end": 1568110784668,
    "duration": 27,
    "pid": 6236,
    "index": 41
  },
  {
    "name": "Require(34) node_modules/_egg@2.23.0@egg/app/extend/helper.js",
    "start": 1568110784672,
    "end": 1568110784672,
    "duration": 0,
    "pid": 6236,
    "index": 42
  },
  {
    "name": "Load app.js",
    "start": 1568110784676,
    "end": 1568110784728,
    "duration": 52,
    "pid": 6236,
    "index": 43
  },
  {
    "name": "Require(35) node_modules/_egg-session@3.1.0@egg-session/app.js",
    "start": 1568110784676,
    "end": 1568110784677,
    "duration": 1,
    "pid": 6236,
    "index": 44
  },
  {
    "name": "Require(36) node_modules/_egg-security@2.6.1@egg-security/app.js",
    "start": 1568110784677,
    "end": 1568110784680,
    "duration": 3,
    "pid": 6236,
    "index": 45
  },
  {
    "name": "Require(37) node_modules/_egg-onerror@2.1.0@egg-onerror/app.js",
    "start": 1568110784681,
    "end": 1568110784697,
    "duration": 16,
    "pid": 6236,
    "index": 46
  },
  {
    "name": "Require(38) node_modules/_egg-i18n@2.1.1@egg-i18n/app.js",
    "start": 1568110784697,
    "end": 1568110784710,
    "duration": 13,
    "pid": 6236,
    "index": 47
  },
  {
    "name": "Require(39) node_modules/_egg-watcher@3.1.0@egg-watcher/app.js",
    "start": 1568110784710,
    "end": 1568110784716,
    "duration": 6,
    "pid": 6236,
    "index": 48
  },
  {
    "name": "Require(40) node_modules/_egg-schedule@3.6.4@egg-schedule/app.js",
    "start": 1568110784716,
    "end": 1568110784719,
    "duration": 3,
    "pid": 6236,
    "index": 49
  },
  {
    "name": "Require(41) node_modules/_egg-multipart@2.9.0@egg-multipart/app.js",
    "start": 1568110784720,
    "end": 1568110784724,
    "duration": 4,
    "pid": 6236,
    "index": 50
  },
  {
    "name": "Require(42) node_modules/_egg-development@2.4.3@egg-development/app.js",
    "start": 1568110784724,
    "end": 1568110784724,
    "duration": 0,
    "pid": 6236,
    "index": 51
  },
  {
    "name": "Require(43) node_modules/_egg-logrotator@3.1.0@egg-logrotator/app.js",
    "start": 1568110784725,
    "end": 1568110784725,
    "duration": 0,
    "pid": 6236,
    "index": 52
  },
  {
    "name": "Require(44) node_modules/_egg-static@2.2.0@egg-static/app.js",
    "start": 1568110784725,
    "end": 1568110784726,
    "duration": 1,
    "pid": 6236,
    "index": 53
  },
  {
    "name": "Require(45) node_modules/_egg-sequelize@5.2.0@egg-sequelize/app.js",
    "start": 1568110784727,
    "end": 1568110784727,
    "duration": 0,
    "pid": 6236,
    "index": 54
  },
  {
    "name": "Before Start in node_modules/_egg-watcher@3.1.0@egg-watcher/lib/init.js:15:14",
    "start": 1568110784745,
    "end": 1568110785528,
    "duration": 783,
    "pid": 6236,
    "index": 55
  },
  {
    "name": "Load \"Symbol(model)\" to Application",
    "start": 1568110785270,
    "end": 1568110785294,
    "duration": 24,
    "pid": 6236,
    "index": 56
  },
  {
    "name": "Before Start in node_modules/_egg-sequelize@5.2.0@egg-sequelize/lib/loader.js:39:7",
    "start": 1568110785301,
    "end": 1568110785564,
    "duration": 263,
    "pid": 6236,
    "index": 57
  },
  {
    "name": "Load Service",
    "start": 1568110785301,
    "end": 1568110785306,
    "duration": 5,
    "pid": 6236,
    "index": 58
  },
  {
    "name": "Load \"service\" to Context",
    "start": 1568110785301,
    "end": 1568110785306,
    "duration": 5,
    "pid": 6236,
    "index": 59
  },
  {
    "name": "Load Middleware",
    "start": 1568110785306,
    "end": 1568110785443,
    "duration": 137,
    "pid": 6236,
    "index": 60
  },
  {
    "name": "Load \"middlewares\" to Application",
    "start": 1568110785306,
    "end": 1568110785427,
    "duration": 121,
    "pid": 6236,
    "index": 61
  },
  {
    "name": "Load Controller",
    "start": 1568110785443,
    "end": 1568110785447,
    "duration": 4,
    "pid": 6236,
    "index": 62
  },
  {
    "name": "Load \"controller\" to Application",
    "start": 1568110785444,
    "end": 1568110785447,
    "duration": 3,
    "pid": 6236,
    "index": 63
  },
  {
    "name": "Load Router",
    "start": 1568110785448,
    "end": 1568110785451,
    "duration": 3,
    "pid": 6236,
    "index": 64
  },
  {
    "name": "Require(46) app/router.js",
    "start": 1568110785448,
    "end": 1568110785448,
    "duration": 0,
    "pid": 6236,
    "index": 65
  },
  {
    "name": "Before Start in node_modules/_egg-core@4.17.3@egg-core/lib/egg.js:303:10",
    "start": 1568110785449,
    "end": 1568110785472,
    "duration": 23,
    "pid": 6236,
    "index": 66
  }
]