[
  {
    "name": "Application Start",
    "start": 1568111507635,
    "end": 1568111508899,
    "duration": 1264,
    "pid": 10284,
    "index": 0
  },
  {
    "name": "Load Plugin",
    "start": 1568111507643,
    "end": 1568111507670,
    "duration": 27,
    "pid": 10284,
    "index": 1
  },
  {
    "name": "Load Config",
    "start": 1568111507670,
    "end": 1568111507698,
    "duration": 28,
    "pid": 10284,
    "index": 2
  },
  {
    "name": "Require(0) config/config.default.js",
    "start": 1568111507671,
    "end": 1568111507672,
    "duration": 1,
    "pid": 10284,
    "index": 3
  },
  {
    "name": "Require(1) node_modules/_egg-session@3.1.0@egg-session/config/config.default.js",
    "start": 1568111507674,
    "end": 1568111507674,
    "duration": 0,
    "pid": 10284,
    "index": 4
  },
  {
    "name": "Require(2) node_modules/_egg-security@2.6.1@egg-security/config/config.default.js",
    "start": 1568111507675,
    "end": 1568111507675,
    "duration": 0,
    "pid": 10284,
    "index": 5
  },
  {
    "name": "Require(3) node_modules/_egg-jsonp@2.0.0@egg-jsonp/config/config.default.js",
    "start": 1568111507676,
    "end": 1568111507676,
    "duration": 0,
    "pid": 10284,
    "index": 6
  },
  {
    "name": "Require(4) node_modules/_egg-onerror@2.1.0@egg-onerror/config/config.default.js",
    "start": 1568111507677,
    "end": 1568111507677,
    "duration": 0,
    "pid": 10284,
    "index": 7
  },
  {
    "name": "Require(5) node_modules/_egg-i18n@2.1.1@egg-i18n/config/config.default.js",
    "start": 1568111507678,
    "end": 1568111507679,
    "duration": 1,
    "pid": 10284,
    "index": 8
  },
  {
    "name": "Require(6) node_modules/_egg-watcher@3.1.0@egg-watcher/config/config.default.js",
    "start": 1568111507680,
    "end": 1568111507680,
    "duration": 0,
    "pid": 10284,
    "index": 9
  },
  {
    "name": "Require(7) node_modules/_egg-schedule@3.6.4@egg-schedule/config/config.default.js",
    "start": 1568111507681,
    "end": 1568111507681,
    "duration": 0,
    "pid": 10284,
    "index": 10
  },
  {
    "name": "Require(8) node_modules/_egg-multipart@2.9.0@egg-multipart/config/config.default.js",
    "start": 1568111507682,
    "end": 1568111507682,
    "duration": 0,
    "pid": 10284,
    "index": 11
  },
  {
    "name": "Require(9) node_modules/_egg-development@2.4.3@egg-development/config/config.default.js",
    "start": 1568111507683,
    "end": 1568111507683,
    "duration": 0,
    "pid": 10284,
    "index": 12
  },
  {
    "name": "Require(10) node_modules/_egg-logrotator@3.1.0@egg-logrotator/config/config.default.js",
    "start": 1568111507684,
    "end": 1568111507684,
    "duration": 0,
    "pid": 10284,
    "index": 13
  },
  {
    "name": "Require(11) node_modules/_egg-static@2.2.0@egg-static/config/config.default.js",
    "start": 1568111507685,
    "end": 1568111507685,
    "duration": 0,
    "pid": 10284,
    "index": 14
  },
  {
    "name": "Require(12) node_modules/_egg-view@2.1.2@egg-view/config/config.default.js",
    "start": 1568111507686,
    "end": 1568111507686,
    "duration": 0,
    "pid": 10284,
    "index": 15
  },
  {
    "name": "Require(13) node_modules/_egg-sequelize@5.2.0@egg-sequelize/config/config.default.js",
    "start": 1568111507687,
    "end": 1568111507687,
    "duration": 0,
    "pid": 10284,
    "index": 16
  },
  {
    "name": "Require(14) node_modules/_egg@2.23.0@egg/config/config.default.js",
    "start": 1568111507688,
    "end": 1568111507688,
    "duration": 0,
    "pid": 10284,
    "index": 17
  },
  {
    "name": "Require(15) config/config.default.js",
    "start": 1568111507690,
    "end": 1568111507690,
    "duration": 0,
    "pid": 10284,
    "index": 18
  },
  {
    "name": "Require(16) node_modules/_egg-security@2.6.1@egg-security/config/config.local.js",
    "start": 1568111507691,
    "end": 1568111507692,
    "duration": 1,
    "pid": 10284,
    "index": 19
  },
  {
    "name": "Require(17) node_modules/_egg-watcher@3.1.0@egg-watcher/config/config.local.js",
    "start": 1568111507693,
    "end": 1568111507693,
    "duration": 0,
    "pid": 10284,
    "index": 20
  },
  {
    "name": "Require(18) node_modules/_egg-view@2.1.2@egg-view/config/config.local.js",
    "start": 1568111507696,
    "end": 1568111507696,
    "duration": 0,
    "pid": 10284,
    "index": 21
  },
  {
    "name": "Require(19) node_modules/_egg@2.23.0@egg/config/config.local.js",
    "start": 1568111507697,
    "end": 1568111507697,
    "duration": 0,
    "pid": 10284,
    "index": 22
  },
  {
    "name": "Load extend/application.js",
    "start": 1568111507700,
    "end": 1568111507723,
    "duration": 23,
    "pid": 10284,
    "index": 23
  },
  {
    "name": "Require(20) node_modules/_egg-session@3.1.0@egg-session/app/extend/application.js",
    "start": 1568111507701,
    "end": 1568111507702,
    "duration": 1,
    "pid": 10284,
    "index": 24
  },
  {
    "name": "Require(21) node_modules/_egg-security@2.6.1@egg-security/app/extend/application.js",
    "start": 1568111507703,
    "end": 1568111507705,
    "duration": 2,
    "pid": 10284,
    "index": 25
  },
  {
    "name": "Require(22) node_modules/_egg-jsonp@2.0.0@egg-jsonp/app/extend/application.js",
    "start": 1568111507705,
    "end": 1568111507708,
    "duration": 3,
    "pid": 10284,
    "index": 26
  },
  {
    "name": "Require(23) node_modules/_egg-logrotator@3.1.0@egg-logrotator/app/extend/application.js",
    "start": 1568111507711,
    "end": 1568111507715,
    "duration": 4,
    "pid": 10284,
    "index": 27
  },
  {
    "name": "Require(24) node_modules/_egg-view@2.1.2@egg-view/app/extend/application.js",
    "start": 1568111507716,
    "end": 1568111507719,
    "duration": 3,
    "pid": 10284,
    "index": 28
  },
  {
    "name": "Load extend/request.js",
    "start": 1568111507723,
    "end": 1568111507734,
    "duration": 11,
    "pid": 10284,
    "index": 29
  },
  {
    "name": "Require(25) node_modules/_egg@2.23.0@egg/app/extend/request.js",
    "start": 1568111507727,
    "end": 1568111507730,
    "duration": 3,
    "pid": 10284,
    "index": 30
  },
  {
    "name": "Load extend/response.js",
    "start": 1568111507735,
    "end": 1568111507746,
    "duration": 11,
    "pid": 10284,
    "index": 31
  },
  {
    "name": "Require(26) node_modules/_egg@2.23.0@egg/app/extend/response.js",
    "start": 1568111507738,
    "end": 1568111507742,
    "duration": 4,
    "pid": 10284,
    "index": 32
  },
  {
    "name": "Load extend/context.js",
    "start": 1568111507746,
    "end": 1568111507871,
    "duration": 125,
    "pid": 10284,
    "index": 33
  },
  {
    "name": "Require(27) node_modules/_egg-security@2.6.1@egg-security/app/extend/context.js",
    "start": 1568111507746,
    "end": 1568111507770,
    "duration": 24,
    "pid": 10284,
    "index": 34
  },
  {
    "name": "Require(28) node_modules/_egg-jsonp@2.0.0@egg-jsonp/app/extend/context.js",
    "start": 1568111507770,
    "end": 1568111507774,
    "duration": 4,
    "pid": 10284,
    "index": 35
  },
  {
    "name": "Require(29) node_modules/_egg-i18n@2.1.1@egg-i18n/app/extend/context.js",
    "start": 1568111507775,
    "end": 1568111507776,
    "duration": 1,
    "pid": 10284,
    "index": 36
  },
  {
    "name": "Require(30) node_modules/_egg-multipart@2.9.0@egg-multipart/app/extend/context.js",
    "start": 1568111507778,
    "end": 1568111507859,
    "duration": 81,
    "pid": 10284,
    "index": 37
  },
  {
    "name": "Require(31) node_modules/_egg-view@2.1.2@egg-view/app/extend/context.js",
    "start": 1568111507861,
    "end": 1568111507862,
    "duration": 1,
    "pid": 10284,
    "index": 38
  },
  {
    "name": "Require(32) node_modules/_egg@2.23.0@egg/app/extend/context.js",
    "start": 1568111507863,
    "end": 1568111507867,
    "duration": 4,
    "pid": 10284,
    "index": 39
  },
  {
    "name": "Load extend/helper.js",
    "start": 1568111507871,
    "end": 1568111507907,
    "duration": 36,
    "pid": 10284,
    "index": 40
  },
  {
    "name": "Require(33) node_modules/_egg-security@2.6.1@egg-security/app/extend/helper.js",
    "start": 1568111507872,
    "end": 1568111507899,
    "duration": 27,
    "pid": 10284,
    "index": 41
  },
  {
    "name": "Require(34) node_modules/_egg@2.23.0@egg/app/extend/helper.js",
    "start": 1568111507903,
    "end": 1568111507903,
    "duration": 0,
    "pid": 10284,
    "index": 42
  },
  {
    "name": "Load app.js",
    "start": 1568111507907,
    "end": 1568111507964,
    "duration": 57,
    "pid": 10284,
    "index": 43
  },
  {
    "name": "Require(35) node_modules/_egg-session@3.1.0@egg-session/app.js",
    "start": 1568111507907,
    "end": 1568111507908,
    "duration": 1,
    "pid": 10284,
    "index": 44
  },
  {
    "name": "Require(36) node_modules/_egg-security@2.6.1@egg-security/app.js",
    "start": 1568111507908,
    "end": 1568111507911,
    "duration": 3,
    "pid": 10284,
    "index": 45
  },
  {
    "name": "Require(37) node_modules/_egg-onerror@2.1.0@egg-onerror/app.js",
    "start": 1568111507912,
    "end": 1568111507927,
    "duration": 15,
    "pid": 10284,
    "index": 46
  },
  {
    "name": "Require(38) node_modules/_egg-i18n@2.1.1@egg-i18n/app.js",
    "start": 1568111507928,
    "end": 1568111507941,
    "duration": 13,
    "pid": 10284,
    "index": 47
  },
  {
    "name": "Require(39) node_modules/_egg-watcher@3.1.0@egg-watcher/app.js",
    "start": 1568111507942,
    "end": 1568111507950,
    "duration": 8,
    "pid": 10284,
    "index": 48
  },
  {
    "name": "Require(40) node_modules/_egg-schedule@3.6.4@egg-schedule/app.js",
    "start": 1568111507950,
    "end": 1568111507953,
    "duration": 3,
    "pid": 10284,
    "index": 49
  },
  {
    "name": "Require(41) node_modules/_egg-multipart@2.9.0@egg-multipart/app.js",
    "start": 1568111507954,
    "end": 1568111507958,
    "duration": 4,
    "pid": 10284,
    "index": 50
  },
  {
    "name": "Require(42) node_modules/_egg-development@2.4.3@egg-development/app.js",
    "start": 1568111507958,
    "end": 1568111507959,
    "duration": 1,
    "pid": 10284,
    "index": 51
  },
  {
    "name": "Require(43) node_modules/_egg-logrotator@3.1.0@egg-logrotator/app.js",
    "start": 1568111507959,
    "end": 1568111507959,
    "duration": 0,
    "pid": 10284,
    "index": 52
  },
  {
    "name": "Require(44) node_modules/_egg-static@2.2.0@egg-static/app.js",
    "start": 1568111507960,
    "end": 1568111507960,
    "duration": 0,
    "pid": 10284,
    "index": 53
  },
  {
    "name": "Require(45) node_modules/_egg-sequelize@5.2.0@egg-sequelize/app.js",
    "start": 1568111507961,
    "end": 1568111507962,
    "duration": 1,
    "pid": 10284,
    "index": 54
  },
  {
    "name": "Before Start in node_modules/_egg-watcher@3.1.0@egg-watcher/lib/init.js:15:14",
    "start": 1568111507980,
    "end": 1568111508854,
    "duration": 874,
    "pid": 10284,
    "index": 55
  },
  {
    "name": "Load \"Symbol(model)\" to Application",
    "start": 1568111508542,
    "end": 1568111508571,
    "duration": 29,
    "pid": 10284,
    "index": 56
  },
  {
    "name": "Before Start in node_modules/_egg-sequelize@5.2.0@egg-sequelize/lib/loader.js:39:7",
    "start": 1568111508585,
    "end": 1568111508898,
    "duration": 313,
    "pid": 10284,
    "index": 57
  },
  {
    "name": "Load Service",
    "start": 1568111508585,
    "end": 1568111508597,
    "duration": 12,
    "pid": 10284,
    "index": 58
  },
  {
    "name": "Load \"service\" to Context",
    "start": 1568111508585,
    "end": 1568111508597,
    "duration": 12,
    "pid": 10284,
    "index": 59
  },
  {
    "name": "Load Middleware",
    "start": 1568111508598,
    "end": 1568111508753,
    "duration": 155,
    "pid": 10284,
    "index": 60
  },
  {
    "name": "Load \"middlewares\" to Application",
    "start": 1568111508598,
    "end": 1568111508736,
    "duration": 138,
    "pid": 10284,
    "index": 61
  },
  {
    "name": "Load Controller",
    "start": 1568111508753,
    "end": 1568111508757,
    "duration": 4,
    "pid": 10284,
    "index": 62
  },
  {
    "name": "Load \"controller\" to Application",
    "start": 1568111508753,
    "end": 1568111508757,
    "duration": 4,
    "pid": 10284,
    "index": 63
  },
  {
    "name": "Load Router",
    "start": 1568111508757,
    "end": 1568111508760,
    "duration": 3,
    "pid": 10284,
    "index": 64
  },
  {
    "name": "Require(46) app/router.js",
    "start": 1568111508758,
    "end": 1568111508758,
    "duration": 0,
    "pid": 10284,
    "index": 65
  },
  {
    "name": "Before Start in node_modules/_egg-core@4.17.3@egg-core/lib/egg.js:303:10",
    "start": 1568111508759,
    "end": 1568111508783,
    "duration": 24,
    "pid": 10284,
    "index": 66
  }
]