[
  {
    "name": "Application Start",
    "start": 1568103702405,
    "end": 1568103703509,
    "duration": 1104,
    "pid": 13872,
    "index": 0
  },
  {
    "name": "Load Plugin",
    "start": 1568103702411,
    "end": 1568103702435,
    "duration": 24,
    "pid": 13872,
    "index": 1
  },
  {
    "name": "Load Config",
    "start": 1568103702435,
    "end": 1568103702467,
    "duration": 32,
    "pid": 13872,
    "index": 2
  },
  {
    "name": "Require(0) config/config.default.js",
    "start": 1568103702436,
    "end": 1568103702437,
    "duration": 1,
    "pid": 13872,
    "index": 3
  },
  {
    "name": "Require(1) node_modules/_egg-session@3.1.0@egg-session/config/config.default.js",
    "start": 1568103702438,
    "end": 1568103702439,
    "duration": 1,
    "pid": 13872,
    "index": 4
  },
  {
    "name": "Require(2) node_modules/_egg-security@2.6.1@egg-security/config/config.default.js",
    "start": 1568103702439,
    "end": 1568103702440,
    "duration": 1,
    "pid": 13872,
    "index": 5
  },
  {
    "name": "Require(3) node_modules/_egg-jsonp@2.0.0@egg-jsonp/config/config.default.js",
    "start": 1568103702441,
    "end": 1568103702442,
    "duration": 1,
    "pid": 13872,
    "index": 6
  },
  {
    "name": "Require(4) node_modules/_egg-onerror@2.1.0@egg-onerror/config/config.default.js",
    "start": 1568103702442,
    "end": 1568103702443,
    "duration": 1,
    "pid": 13872,
    "index": 7
  },
  {
    "name": "Require(5) node_modules/_egg-i18n@2.1.1@egg-i18n/config/config.default.js",
    "start": 1568103702444,
    "end": 1568103702444,
    "duration": 0,
    "pid": 13872,
    "index": 8
  },
  {
    "name": "Require(6) node_modules/_egg-watcher@3.1.0@egg-watcher/config/config.default.js",
    "start": 1568103702445,
    "end": 1568103702445,
    "duration": 0,
    "pid": 13872,
    "index": 9
  },
  {
    "name": "Require(7) node_modules/_egg-schedule@3.6.4@egg-schedule/config/config.default.js",
    "start": 1568103702446,
    "end": 1568103702447,
    "duration": 1,
    "pid": 13872,
    "index": 10
  },
  {
    "name": "Require(8) node_modules/_egg-multipart@2.9.0@egg-multipart/config/config.default.js",
    "start": 1568103702448,
    "end": 1568103702448,
    "duration": 0,
    "pid": 13872,
    "index": 11
  },
  {
    "name": "Require(9) node_modules/_egg-development@2.4.3@egg-development/config/config.default.js",
    "start": 1568103702450,
    "end": 1568103702450,
    "duration": 0,
    "pid": 13872,
    "index": 12
  },
  {
    "name": "Require(10) node_modules/_egg-logrotator@3.1.0@egg-logrotator/config/config.default.js",
    "start": 1568103702451,
    "end": 1568103702451,
    "duration": 0,
    "pid": 13872,
    "index": 13
  },
  {
    "name": "Require(11) node_modules/_egg-static@2.2.0@egg-static/config/config.default.js",
    "start": 1568103702452,
    "end": 1568103702452,
    "duration": 0,
    "pid": 13872,
    "index": 14
  },
  {
    "name": "Require(12) node_modules/_egg-view@2.1.2@egg-view/config/config.default.js",
    "start": 1568103702453,
    "end": 1568103702454,
    "duration": 1,
    "pid": 13872,
    "index": 15
  },
  {
    "name": "Require(13) node_modules/_egg-sequelize@5.2.0@egg-sequelize/config/config.default.js",
    "start": 1568103702455,
    "end": 1568103702455,
    "duration": 0,
    "pid": 13872,
    "index": 16
  },
  {
    "name": "Require(14) node_modules/_egg@2.23.0@egg/config/config.default.js",
    "start": 1568103702455,
    "end": 1568103702456,
    "duration": 1,
    "pid": 13872,
    "index": 17
  },
  {
    "name": "Require(15) config/config.default.js",
    "start": 1568103702458,
    "end": 1568103702458,
    "duration": 0,
    "pid": 13872,
    "index": 18
  },
  {
    "name": "Require(16) node_modules/_egg-security@2.6.1@egg-security/config/config.local.js",
    "start": 1568103702459,
    "end": 1568103702459,
    "duration": 0,
    "pid": 13872,
    "index": 19
  },
  {
    "name": "Require(17) node_modules/_egg-watcher@3.1.0@egg-watcher/config/config.local.js",
    "start": 1568103702460,
    "end": 1568103702461,
    "duration": 1,
    "pid": 13872,
    "index": 20
  },
  {
    "name": "Require(18) node_modules/_egg-view@2.1.2@egg-view/config/config.local.js",
    "start": 1568103702463,
    "end": 1568103702464,
    "duration": 1,
    "pid": 13872,
    "index": 21
  },
  {
    "name": "Require(19) node_modules/_egg@2.23.0@egg/config/config.local.js",
    "start": 1568103702466,
    "end": 1568103702467,
    "duration": 1,
    "pid": 13872,
    "index": 22
  },
  {
    "name": "Load extend/application.js",
    "start": 1568103702469,
    "end": 1568103702490,
    "duration": 21,
    "pid": 13872,
    "index": 23
  },
  {
    "name": "Require(20) node_modules/_egg-session@3.1.0@egg-session/app/extend/application.js",
    "start": 1568103702470,
    "end": 1568103702471,
    "duration": 1,
    "pid": 13872,
    "index": 24
  },
  {
    "name": "Require(21) node_modules/_egg-security@2.6.1@egg-security/app/extend/application.js",
    "start": 1568103702471,
    "end": 1568103702473,
    "duration": 2,
    "pid": 13872,
    "index": 25
  },
  {
    "name": "Require(22) node_modules/_egg-jsonp@2.0.0@egg-jsonp/app/extend/application.js",
    "start": 1568103702473,
    "end": 1568103702476,
    "duration": 3,
    "pid": 13872,
    "index": 26
  },
  {
    "name": "Require(23) node_modules/_egg-logrotator@3.1.0@egg-logrotator/app/extend/application.js",
    "start": 1568103702478,
    "end": 1568103702482,
    "duration": 4,
    "pid": 13872,
    "index": 27
  },
  {
    "name": "Require(24) node_modules/_egg-view@2.1.2@egg-view/app/extend/application.js",
    "start": 1568103702483,
    "end": 1568103702486,
    "duration": 3,
    "pid": 13872,
    "index": 28
  },
  {
    "name": "Load extend/request.js",
    "start": 1568103702490,
    "end": 1568103702499,
    "duration": 9,
    "pid": 13872,
    "index": 29
  },
  {
    "name": "Require(25) node_modules/_egg@2.23.0@egg/app/extend/request.js",
    "start": 1568103702493,
    "end": 1568103702496,
    "duration": 3,
    "pid": 13872,
    "index": 30
  },
  {
    "name": "Load extend/response.js",
    "start": 1568103702499,
    "end": 1568103702509,
    "duration": 10,
    "pid": 13872,
    "index": 31
  },
  {
    "name": "Require(26) node_modules/_egg@2.23.0@egg/app/extend/response.js",
    "start": 1568103702502,
    "end": 1568103702506,
    "duration": 4,
    "pid": 13872,
    "index": 32
  },
  {
    "name": "Load extend/context.js",
    "start": 1568103702509,
    "end": 1568103702617,
    "duration": 108,
    "pid": 13872,
    "index": 33
  },
  {
    "name": "Require(27) node_modules/_egg-security@2.6.1@egg-security/app/extend/context.js",
    "start": 1568103702510,
    "end": 1568103702531,
    "duration": 21,
    "pid": 13872,
    "index": 34
  },
  {
    "name": "Require(28) node_modules/_egg-jsonp@2.0.0@egg-jsonp/app/extend/context.js",
    "start": 1568103702531,
    "end": 1568103702534,
    "duration": 3,
    "pid": 13872,
    "index": 35
  },
  {
    "name": "Require(29) node_modules/_egg-i18n@2.1.1@egg-i18n/app/extend/context.js",
    "start": 1568103702534,
    "end": 1568103702535,
    "duration": 1,
    "pid": 13872,
    "index": 36
  },
  {
    "name": "Require(30) node_modules/_egg-multipart@2.9.0@egg-multipart/app/extend/context.js",
    "start": 1568103702536,
    "end": 1568103702607,
    "duration": 71,
    "pid": 13872,
    "index": 37
  },
  {
    "name": "Require(31) node_modules/_egg-view@2.1.2@egg-view/app/extend/context.js",
    "start": 1568103702608,
    "end": 1568103702609,
    "duration": 1,
    "pid": 13872,
    "index": 38
  },
  {
    "name": "Require(32) node_modules/_egg@2.23.0@egg/app/extend/context.js",
    "start": 1568103702610,
    "end": 1568103702613,
    "duration": 3,
    "pid": 13872,
    "index": 39
  },
  {
    "name": "Load extend/helper.js",
    "start": 1568103702617,
    "end": 1568103702654,
    "duration": 37,
    "pid": 13872,
    "index": 40
  },
  {
    "name": "Require(33) node_modules/_egg-security@2.6.1@egg-security/app/extend/helper.js",
    "start": 1568103702618,
    "end": 1568103702647,
    "duration": 29,
    "pid": 13872,
    "index": 41
  },
  {
    "name": "Require(34) node_modules/_egg@2.23.0@egg/app/extend/helper.js",
    "start": 1568103702650,
    "end": 1568103702650,
    "duration": 0,
    "pid": 13872,
    "index": 42
  },
  {
    "name": "Load app.js",
    "start": 1568103702654,
    "end": 1568103702707,
    "duration": 53,
    "pid": 13872,
    "index": 43
  },
  {
    "name": "Require(35) node_modules/_egg-session@3.1.0@egg-session/app.js",
    "start": 1568103702655,
    "end": 1568103702655,
    "duration": 0,
    "pid": 13872,
    "index": 44
  },
  {
    "name": "Require(36) node_modules/_egg-security@2.6.1@egg-security/app.js",
    "start": 1568103702656,
    "end": 1568103702659,
    "duration": 3,
    "pid": 13872,
    "index": 45
  },
  {
    "name": "Require(37) node_modules/_egg-onerror@2.1.0@egg-onerror/app.js",
    "start": 1568103702660,
    "end": 1568103702674,
    "duration": 14,
    "pid": 13872,
    "index": 46
  },
  {
    "name": "Require(38) node_modules/_egg-i18n@2.1.1@egg-i18n/app.js",
    "start": 1568103702675,
    "end": 1568103702687,
    "duration": 12,
    "pid": 13872,
    "index": 47
  },
  {
    "name": "Require(39) node_modules/_egg-watcher@3.1.0@egg-watcher/app.js",
    "start": 1568103702687,
    "end": 1568103702694,
    "duration": 7,
    "pid": 13872,
    "index": 48
  },
  {
    "name": "Require(40) node_modules/_egg-schedule@3.6.4@egg-schedule/app.js",
    "start": 1568103702694,
    "end": 1568103702697,
    "duration": 3,
    "pid": 13872,
    "index": 49
  },
  {
    "name": "Require(41) node_modules/_egg-multipart@2.9.0@egg-multipart/app.js",
    "start": 1568103702697,
    "end": 1568103702702,
    "duration": 5,
    "pid": 13872,
    "index": 50
  },
  {
    "name": "Require(42) node_modules/_egg-development@2.4.3@egg-development/app.js",
    "start": 1568103702702,
    "end": 1568103702703,
    "duration": 1,
    "pid": 13872,
    "index": 51
  },
  {
    "name": "Require(43) node_modules/_egg-logrotator@3.1.0@egg-logrotator/app.js",
    "start": 1568103702703,
    "end": 1568103702703,
    "duration": 0,
    "pid": 13872,
    "index": 52
  },
  {
    "name": "Require(44) node_modules/_egg-static@2.2.0@egg-static/app.js",
    "start": 1568103702704,
    "end": 1568103702704,
    "duration": 0,
    "pid": 13872,
    "index": 53
  },
  {
    "name": "Require(45) node_modules/_egg-sequelize@5.2.0@egg-sequelize/app.js",
    "start": 1568103702705,
    "end": 1568103702705,
    "duration": 0,
    "pid": 13872,
    "index": 54
  },
  {
    "name": "Before Start in node_modules/_egg-watcher@3.1.0@egg-watcher/lib/init.js:15:14",
    "start": 1568103702724,
    "end": 1568103703475,
    "duration": 751,
    "pid": 13872,
    "index": 55
  },
  {
    "name": "Load \"Symbol(model)\" to Application",
    "start": 1568103703221,
    "end": 1568103703246,
    "duration": 25,
    "pid": 13872,
    "index": 56
  },
  {
    "name": "Before Start in node_modules/_egg-sequelize@5.2.0@egg-sequelize/lib/loader.js:39:7",
    "start": 1568103703253,
    "end": 1568103703509,
    "duration": 256,
    "pid": 13872,
    "index": 57
  },
  {
    "name": "Load Service",
    "start": 1568103703253,
    "end": 1568103703258,
    "duration": 5,
    "pid": 13872,
    "index": 58
  },
  {
    "name": "Load \"service\" to Context",
    "start": 1568103703254,
    "end": 1568103703258,
    "duration": 4,
    "pid": 13872,
    "index": 59
  },
  {
    "name": "Load Middleware",
    "start": 1568103703259,
    "end": 1568103703388,
    "duration": 129,
    "pid": 13872,
    "index": 60
  },
  {
    "name": "Load \"middlewares\" to Application",
    "start": 1568103703259,
    "end": 1568103703371,
    "duration": 112,
    "pid": 13872,
    "index": 61
  },
  {
    "name": "Load Controller",
    "start": 1568103703388,
    "end": 1568103703391,
    "duration": 3,
    "pid": 13872,
    "index": 62
  },
  {
    "name": "Load \"controller\" to Application",
    "start": 1568103703388,
    "end": 1568103703391,
    "duration": 3,
    "pid": 13872,
    "index": 63
  },
  {
    "name": "Load Router",
    "start": 1568103703392,
    "end": 1568103703394,
    "duration": 2,
    "pid": 13872,
    "index": 64
  },
  {
    "name": "Require(46) app/router.js",
    "start": 1568103703392,
    "end": 1568103703392,
    "duration": 0,
    "pid": 13872,
    "index": 65
  },
  {
    "name": "Before Start in node_modules/_egg-core@4.17.3@egg-core/lib/egg.js:303:10",
    "start": 1568103703393,
    "end": 1568103703414,
    "duration": 21,
    "pid": 13872,
    "index": 66
  }
]