[
  {
    "name": "Application Start",
    "start": 1568117250271,
    "end": 1568117251554,
    "duration": 1283,
    "pid": 9444,
    "index": 0
  },
  {
    "name": "Load Plugin",
    "start": 1568117250278,
    "end": 1568117250307,
    "duration": 29,
    "pid": 9444,
    "index": 1
  },
  {
    "name": "Load Config",
    "start": 1568117250308,
    "end": 1568117250358,
    "duration": 50,
    "pid": 9444,
    "index": 2
  },
  {
    "name": "Require(0) config/config.default.js",
    "start": 1568117250309,
    "end": 1568117250309,
    "duration": 0,
    "pid": 9444,
    "index": 3
  },
  {
    "name": "Require(1) node_modules/_egg-session@3.1.0@egg-session/config/config.default.js",
    "start": 1568117250311,
    "end": 1568117250312,
    "duration": 1,
    "pid": 9444,
    "index": 4
  },
  {
    "name": "Require(2) node_modules/_egg-security@2.6.1@egg-security/config/config.default.js",
    "start": 1568117250313,
    "end": 1568117250313,
    "duration": 0,
    "pid": 9444,
    "index": 5
  },
  {
    "name": "Require(3) node_modules/_egg-jsonp@2.0.0@egg-jsonp/config/config.default.js",
    "start": 1568117250315,
    "end": 1568117250315,
    "duration": 0,
    "pid": 9444,
    "index": 6
  },
  {
    "name": "Require(4) node_modules/_egg-onerror@2.1.0@egg-onerror/config/config.default.js",
    "start": 1568117250316,
    "end": 1568117250316,
    "duration": 0,
    "pid": 9444,
    "index": 7
  },
  {
    "name": "Require(5) node_modules/_egg-i18n@2.1.1@egg-i18n/config/config.default.js",
    "start": 1568117250317,
    "end": 1568117250317,
    "duration": 0,
    "pid": 9444,
    "index": 8
  },
  {
    "name": "Require(6) node_modules/_egg-watcher@3.1.0@egg-watcher/config/config.default.js",
    "start": 1568117250318,
    "end": 1568117250318,
    "duration": 0,
    "pid": 9444,
    "index": 9
  },
  {
    "name": "Require(7) node_modules/_egg-schedule@3.6.4@egg-schedule/config/config.default.js",
    "start": 1568117250319,
    "end": 1568117250319,
    "duration": 0,
    "pid": 9444,
    "index": 10
  },
  {
    "name": "Require(8) node_modules/_egg-multipart@2.9.0@egg-multipart/config/config.default.js",
    "start": 1568117250320,
    "end": 1568117250321,
    "duration": 1,
    "pid": 9444,
    "index": 11
  },
  {
    "name": "Require(9) node_modules/_egg-development@2.4.3@egg-development/config/config.default.js",
    "start": 1568117250322,
    "end": 1568117250323,
    "duration": 1,
    "pid": 9444,
    "index": 12
  },
  {
    "name": "Require(10) node_modules/_egg-logrotator@3.1.0@egg-logrotator/config/config.default.js",
    "start": 1568117250325,
    "end": 1568117250325,
    "duration": 0,
    "pid": 9444,
    "index": 13
  },
  {
    "name": "Require(11) node_modules/_egg-static@2.2.0@egg-static/config/config.default.js",
    "start": 1568117250327,
    "end": 1568117250327,
    "duration": 0,
    "pid": 9444,
    "index": 14
  },
  {
    "name": "Require(12) node_modules/_egg-view@2.1.2@egg-view/config/config.default.js",
    "start": 1568117250328,
    "end": 1568117250329,
    "duration": 1,
    "pid": 9444,
    "index": 15
  },
  {
    "name": "Require(13) node_modules/_egg-sequelize@5.2.0@egg-sequelize/config/config.default.js",
    "start": 1568117250332,
    "end": 1568117250333,
    "duration": 1,
    "pid": 9444,
    "index": 16
  },
  {
    "name": "Require(14) node_modules/_egg@2.23.0@egg/config/config.default.js",
    "start": 1568117250334,
    "end": 1568117250335,
    "duration": 1,
    "pid": 9444,
    "index": 17
  },
  {
    "name": "Require(15) config/config.default.js",
    "start": 1568117250339,
    "end": 1568117250339,
    "duration": 0,
    "pid": 9444,
    "index": 18
  },
  {
    "name": "Require(16) node_modules/_egg-security@2.6.1@egg-security/config/config.local.js",
    "start": 1568117250346,
    "end": 1568117250347,
    "duration": 1,
    "pid": 9444,
    "index": 19
  },
  {
    "name": "Require(17) node_modules/_egg-watcher@3.1.0@egg-watcher/config/config.local.js",
    "start": 1568117250349,
    "end": 1568117250349,
    "duration": 0,
    "pid": 9444,
    "index": 20
  },
  {
    "name": "Require(18) node_modules/_egg-view@2.1.2@egg-view/config/config.local.js",
    "start": 1568117250354,
    "end": 1568117250356,
    "duration": 2,
    "pid": 9444,
    "index": 21
  },
  {
    "name": "Require(19) node_modules/_egg@2.23.0@egg/config/config.local.js",
    "start": 1568117250357,
    "end": 1568117250358,
    "duration": 1,
    "pid": 9444,
    "index": 22
  },
  {
    "name": "Load extend/application.js",
    "start": 1568117250360,
    "end": 1568117250389,
    "duration": 29,
    "pid": 9444,
    "index": 23
  },
  {
    "name": "Require(20) node_modules/_egg-session@3.1.0@egg-session/app/extend/application.js",
    "start": 1568117250361,
    "end": 1568117250361,
    "duration": 0,
    "pid": 9444,
    "index": 24
  },
  {
    "name": "Require(21) node_modules/_egg-security@2.6.1@egg-security/app/extend/application.js",
    "start": 1568117250362,
    "end": 1568117250364,
    "duration": 2,
    "pid": 9444,
    "index": 25
  },
  {
    "name": "Require(22) node_modules/_egg-jsonp@2.0.0@egg-jsonp/app/extend/application.js",
    "start": 1568117250365,
    "end": 1568117250369,
    "duration": 4,
    "pid": 9444,
    "index": 26
  },
  {
    "name": "Require(23) node_modules/_egg-logrotator@3.1.0@egg-logrotator/app/extend/application.js",
    "start": 1568117250372,
    "end": 1568117250379,
    "duration": 7,
    "pid": 9444,
    "index": 27
  },
  {
    "name": "Require(24) node_modules/_egg-view@2.1.2@egg-view/app/extend/application.js",
    "start": 1568117250381,
    "end": 1568117250384,
    "duration": 3,
    "pid": 9444,
    "index": 28
  },
  {
    "name": "Load extend/request.js",
    "start": 1568117250389,
    "end": 1568117250399,
    "duration": 10,
    "pid": 9444,
    "index": 29
  },
  {
    "name": "Require(25) node_modules/_egg@2.23.0@egg/app/extend/request.js",
    "start": 1568117250392,
    "end": 1568117250395,
    "duration": 3,
    "pid": 9444,
    "index": 30
  },
  {
    "name": "Load extend/response.js",
    "start": 1568117250399,
    "end": 1568117250410,
    "duration": 11,
    "pid": 9444,
    "index": 31
  },
  {
    "name": "Require(26) node_modules/_egg@2.23.0@egg/app/extend/response.js",
    "start": 1568117250402,
    "end": 1568117250406,
    "duration": 4,
    "pid": 9444,
    "index": 32
  },
  {
    "name": "Load extend/context.js",
    "start": 1568117250410,
    "end": 1568117250547,
    "duration": 137,
    "pid": 9444,
    "index": 33
  },
  {
    "name": "Require(27) node_modules/_egg-security@2.6.1@egg-security/app/extend/context.js",
    "start": 1568117250411,
    "end": 1568117250435,
    "duration": 24,
    "pid": 9444,
    "index": 34
  },
  {
    "name": "Require(28) node_modules/_egg-jsonp@2.0.0@egg-jsonp/app/extend/context.js",
    "start": 1568117250436,
    "end": 1568117250439,
    "duration": 3,
    "pid": 9444,
    "index": 35
  },
  {
    "name": "Require(29) node_modules/_egg-i18n@2.1.1@egg-i18n/app/extend/context.js",
    "start": 1568117250440,
    "end": 1568117250441,
    "duration": 1,
    "pid": 9444,
    "index": 36
  },
  {
    "name": "Require(30) node_modules/_egg-multipart@2.9.0@egg-multipart/app/extend/context.js",
    "start": 1568117250443,
    "end": 1568117250536,
    "duration": 93,
    "pid": 9444,
    "index": 37
  },
  {
    "name": "Require(31) node_modules/_egg-view@2.1.2@egg-view/app/extend/context.js",
    "start": 1568117250537,
    "end": 1568117250538,
    "duration": 1,
    "pid": 9444,
    "index": 38
  },
  {
    "name": "Require(32) node_modules/_egg@2.23.0@egg/app/extend/context.js",
    "start": 1568117250539,
    "end": 1568117250543,
    "duration": 4,
    "pid": 9444,
    "index": 39
  },
  {
    "name": "Load extend/helper.js",
    "start": 1568117250547,
    "end": 1568117250595,
    "duration": 48,
    "pid": 9444,
    "index": 40
  },
  {
    "name": "Require(33) node_modules/_egg-security@2.6.1@egg-security/app/extend/helper.js",
    "start": 1568117250548,
    "end": 1568117250582,
    "duration": 34,
    "pid": 9444,
    "index": 41
  },
  {
    "name": "Require(34) node_modules/_egg@2.23.0@egg/app/extend/helper.js",
    "start": 1568117250591,
    "end": 1568117250592,
    "duration": 1,
    "pid": 9444,
    "index": 42
  },
  {
    "name": "Load app.js",
    "start": 1568117250596,
    "end": 1568117250661,
    "duration": 65,
    "pid": 9444,
    "index": 43
  },
  {
    "name": "Require(35) node_modules/_egg-session@3.1.0@egg-session/app.js",
    "start": 1568117250597,
    "end": 1568117250597,
    "duration": 0,
    "pid": 9444,
    "index": 44
  },
  {
    "name": "Require(36) node_modules/_egg-security@2.6.1@egg-security/app.js",
    "start": 1568117250598,
    "end": 1568117250601,
    "duration": 3,
    "pid": 9444,
    "index": 45
  },
  {
    "name": "Require(37) node_modules/_egg-onerror@2.1.0@egg-onerror/app.js",
    "start": 1568117250602,
    "end": 1568117250623,
    "duration": 21,
    "pid": 9444,
    "index": 46
  },
  {
    "name": "Require(38) node_modules/_egg-i18n@2.1.1@egg-i18n/app.js",
    "start": 1568117250623,
    "end": 1568117250641,
    "duration": 18,
    "pid": 9444,
    "index": 47
  },
  {
    "name": "Require(39) node_modules/_egg-watcher@3.1.0@egg-watcher/app.js",
    "start": 1568117250641,
    "end": 1568117250647,
    "duration": 6,
    "pid": 9444,
    "index": 48
  },
  {
    "name": "Require(40) node_modules/_egg-schedule@3.6.4@egg-schedule/app.js",
    "start": 1568117250647,
    "end": 1568117250650,
    "duration": 3,
    "pid": 9444,
    "index": 49
  },
  {
    "name": "Require(41) node_modules/_egg-multipart@2.9.0@egg-multipart/app.js",
    "start": 1568117250651,
    "end": 1568117250655,
    "duration": 4,
    "pid": 9444,
    "index": 50
  },
  {
    "name": "Require(42) node_modules/_egg-development@2.4.3@egg-development/app.js",
    "start": 1568117250656,
    "end": 1568117250656,
    "duration": 0,
    "pid": 9444,
    "index": 51
  },
  {
    "name": "Require(43) node_modules/_egg-logrotator@3.1.0@egg-logrotator/app.js",
    "start": 1568117250657,
    "end": 1568117250657,
    "duration": 0,
    "pid": 9444,
    "index": 52
  },
  {
    "name": "Require(44) node_modules/_egg-static@2.2.0@egg-static/app.js",
    "start": 1568117250658,
    "end": 1568117250658,
    "duration": 0,
    "pid": 9444,
    "index": 53
  },
  {
    "name": "Require(45) node_modules/_egg-sequelize@5.2.0@egg-sequelize/app.js",
    "start": 1568117250659,
    "end": 1568117250660,
    "duration": 1,
    "pid": 9444,
    "index": 54
  },
  {
    "name": "Before Start in node_modules/_egg-watcher@3.1.0@egg-watcher/lib/init.js:15:14",
    "start": 1568117250677,
    "end": 1568117251510,
    "duration": 833,
    "pid": 9444,
    "index": 55
  },
  {
    "name": "Load \"Symbol(model)\" to Application",
    "start": 1568117251228,
    "end": 1568117251255,
    "duration": 27,
    "pid": 9444,
    "index": 56
  },
  {
    "name": "Before Start in node_modules/_egg-sequelize@5.2.0@egg-sequelize/lib/loader.js:39:7",
    "start": 1568117251265,
    "end": 1568117251553,
    "duration": 288,
    "pid": 9444,
    "index": 57
  },
  {
    "name": "Load Service",
    "start": 1568117251265,
    "end": 1568117251277,
    "duration": 12,
    "pid": 9444,
    "index": 58
  },
  {
    "name": "Load \"service\" to Context",
    "start": 1568117251265,
    "end": 1568117251277,
    "duration": 12,
    "pid": 9444,
    "index": 59
  },
  {
    "name": "Load Middleware",
    "start": 1568117251277,
    "end": 1568117251415,
    "duration": 138,
    "pid": 9444,
    "index": 60
  },
  {
    "name": "Load \"middlewares\" to Application",
    "start": 1568117251277,
    "end": 1568117251398,
    "duration": 121,
    "pid": 9444,
    "index": 61
  },
  {
    "name": "Load Controller",
    "start": 1568117251415,
    "end": 1568117251419,
    "duration": 4,
    "pid": 9444,
    "index": 62
  },
  {
    "name": "Load \"controller\" to Application",
    "start": 1568117251415,
    "end": 1568117251419,
    "duration": 4,
    "pid": 9444,
    "index": 63
  },
  {
    "name": "Load Router",
    "start": 1568117251419,
    "end": 1568117251423,
    "duration": 4,
    "pid": 9444,
    "index": 64
  },
  {
    "name": "Require(46) app/router.js",
    "start": 1568117251420,
    "end": 1568117251420,
    "duration": 0,
    "pid": 9444,
    "index": 65
  },
  {
    "name": "Before Start in node_modules/_egg-core@4.17.3@egg-core/lib/egg.js:303:10",
    "start": 1568117251421,
    "end": 1568117251444,
    "duration": 23,
    "pid": 9444,
    "index": 66
  }
]