[
  {
    "name": "Application Start",
    "start": 1568114843846,
    "end": 1568114844945,
    "duration": 1099,
    "pid": 10028,
    "index": 0
  },
  {
    "name": "Load Plugin",
    "start": 1568114843852,
    "end": 1568114843876,
    "duration": 24,
    "pid": 10028,
    "index": 1
  },
  {
    "name": "Load Config",
    "start": 1568114843876,
    "end": 1568114843902,
    "duration": 26,
    "pid": 10028,
    "index": 2
  },
  {
    "name": "Require(0) config/config.default.js",
    "start": 1568114843877,
    "end": 1568114843878,
    "duration": 1,
    "pid": 10028,
    "index": 3
  },
  {
    "name": "Require(1) node_modules/_egg-session@3.1.0@egg-session/config/config.default.js",
    "start": 1568114843880,
    "end": 1568114843880,
    "duration": 0,
    "pid": 10028,
    "index": 4
  },
  {
    "name": "Require(2) node_modules/_egg-security@2.6.1@egg-security/config/config.default.js",
    "start": 1568114843881,
    "end": 1568114843881,
    "duration": 0,
    "pid": 10028,
    "index": 5
  },
  {
    "name": "Require(3) node_modules/_egg-jsonp@2.0.0@egg-jsonp/config/config.default.js",
    "start": 1568114843882,
    "end": 1568114843883,
    "duration": 1,
    "pid": 10028,
    "index": 6
  },
  {
    "name": "Require(4) node_modules/_egg-onerror@2.1.0@egg-onerror/config/config.default.js",
    "start": 1568114843883,
    "end": 1568114843884,
    "duration": 1,
    "pid": 10028,
    "index": 7
  },
  {
    "name": "Require(5) node_modules/_egg-i18n@2.1.1@egg-i18n/config/config.default.js",
    "start": 1568114843884,
    "end": 1568114843884,
    "duration": 0,
    "pid": 10028,
    "index": 8
  },
  {
    "name": "Require(6) node_modules/_egg-watcher@3.1.0@egg-watcher/config/config.default.js",
    "start": 1568114843886,
    "end": 1568114843886,
    "duration": 0,
    "pid": 10028,
    "index": 9
  },
  {
    "name": "Require(7) node_modules/_egg-schedule@3.6.4@egg-schedule/config/config.default.js",
    "start": 1568114843887,
    "end": 1568114843887,
    "duration": 0,
    "pid": 10028,
    "index": 10
  },
  {
    "name": "Require(8) node_modules/_egg-multipart@2.9.0@egg-multipart/config/config.default.js",
    "start": 1568114843888,
    "end": 1568114843888,
    "duration": 0,
    "pid": 10028,
    "index": 11
  },
  {
    "name": "Require(9) node_modules/_egg-development@2.4.3@egg-development/config/config.default.js",
    "start": 1568114843889,
    "end": 1568114843889,
    "duration": 0,
    "pid": 10028,
    "index": 12
  },
  {
    "name": "Require(10) node_modules/_egg-logrotator@3.1.0@egg-logrotator/config/config.default.js",
    "start": 1568114843890,
    "end": 1568114843890,
    "duration": 0,
    "pid": 10028,
    "index": 13
  },
  {
    "name": "Require(11) node_modules/_egg-static@2.2.0@egg-static/config/config.default.js",
    "start": 1568114843891,
    "end": 1568114843891,
    "duration": 0,
    "pid": 10028,
    "index": 14
  },
  {
    "name": "Require(12) node_modules/_egg-view@2.1.2@egg-view/config/config.default.js",
    "start": 1568114843892,
    "end": 1568114843892,
    "duration": 0,
    "pid": 10028,
    "index": 15
  },
  {
    "name": "Require(13) node_modules/_egg-sequelize@5.2.0@egg-sequelize/config/config.default.js",
    "start": 1568114843893,
    "end": 1568114843893,
    "duration": 0,
    "pid": 10028,
    "index": 16
  },
  {
    "name": "Require(14) node_modules/_egg@2.23.0@egg/config/config.default.js",
    "start": 1568114843893,
    "end": 1568114843894,
    "duration": 1,
    "pid": 10028,
    "index": 17
  },
  {
    "name": "Require(15) config/config.default.js",
    "start": 1568114843896,
    "end": 1568114843896,
    "duration": 0,
    "pid": 10028,
    "index": 18
  },
  {
    "name": "Require(16) node_modules/_egg-security@2.6.1@egg-security/config/config.local.js",
    "start": 1568114843896,
    "end": 1568114843897,
    "duration": 1,
    "pid": 10028,
    "index": 19
  },
  {
    "name": "Require(17) node_modules/_egg-watcher@3.1.0@egg-watcher/config/config.local.js",
    "start": 1568114843898,
    "end": 1568114843898,
    "duration": 0,
    "pid": 10028,
    "index": 20
  },
  {
    "name": "Require(18) node_modules/_egg-view@2.1.2@egg-view/config/config.local.js",
    "start": 1568114843900,
    "end": 1568114843901,
    "duration": 1,
    "pid": 10028,
    "index": 21
  },
  {
    "name": "Require(19) node_modules/_egg@2.23.0@egg/config/config.local.js",
    "start": 1568114843902,
    "end": 1568114843902,
    "duration": 0,
    "pid": 10028,
    "index": 22
  },
  {
    "name": "Load extend/application.js",
    "start": 1568114843904,
    "end": 1568114843923,
    "duration": 19,
    "pid": 10028,
    "index": 23
  },
  {
    "name": "Require(20) node_modules/_egg-session@3.1.0@egg-session/app/extend/application.js",
    "start": 1568114843905,
    "end": 1568114843905,
    "duration": 0,
    "pid": 10028,
    "index": 24
  },
  {
    "name": "Require(21) node_modules/_egg-security@2.6.1@egg-security/app/extend/application.js",
    "start": 1568114843906,
    "end": 1568114843907,
    "duration": 1,
    "pid": 10028,
    "index": 25
  },
  {
    "name": "Require(22) node_modules/_egg-jsonp@2.0.0@egg-jsonp/app/extend/application.js",
    "start": 1568114843908,
    "end": 1568114843910,
    "duration": 2,
    "pid": 10028,
    "index": 26
  },
  {
    "name": "Require(23) node_modules/_egg-logrotator@3.1.0@egg-logrotator/app/extend/application.js",
    "start": 1568114843912,
    "end": 1568114843916,
    "duration": 4,
    "pid": 10028,
    "index": 27
  },
  {
    "name": "Require(24) node_modules/_egg-view@2.1.2@egg-view/app/extend/application.js",
    "start": 1568114843917,
    "end": 1568114843920,
    "duration": 3,
    "pid": 10028,
    "index": 28
  },
  {
    "name": "Load extend/request.js",
    "start": 1568114843923,
    "end": 1568114843932,
    "duration": 9,
    "pid": 10028,
    "index": 29
  },
  {
    "name": "Require(25) node_modules/_egg@2.23.0@egg/app/extend/request.js",
    "start": 1568114843926,
    "end": 1568114843929,
    "duration": 3,
    "pid": 10028,
    "index": 30
  },
  {
    "name": "Load extend/response.js",
    "start": 1568114843932,
    "end": 1568114843942,
    "duration": 10,
    "pid": 10028,
    "index": 31
  },
  {
    "name": "Require(26) node_modules/_egg@2.23.0@egg/app/extend/response.js",
    "start": 1568114843936,
    "end": 1568114843939,
    "duration": 3,
    "pid": 10028,
    "index": 32
  },
  {
    "name": "Load extend/context.js",
    "start": 1568114843942,
    "end": 1568114844053,
    "duration": 111,
    "pid": 10028,
    "index": 33
  },
  {
    "name": "Require(27) node_modules/_egg-security@2.6.1@egg-security/app/extend/context.js",
    "start": 1568114843943,
    "end": 1568114843964,
    "duration": 21,
    "pid": 10028,
    "index": 34
  },
  {
    "name": "Require(28) node_modules/_egg-jsonp@2.0.0@egg-jsonp/app/extend/context.js",
    "start": 1568114843964,
    "end": 1568114843967,
    "duration": 3,
    "pid": 10028,
    "index": 35
  },
  {
    "name": "Require(29) node_modules/_egg-i18n@2.1.1@egg-i18n/app/extend/context.js",
    "start": 1568114843968,
    "end": 1568114843968,
    "duration": 0,
    "pid": 10028,
    "index": 36
  },
  {
    "name": "Require(30) node_modules/_egg-multipart@2.9.0@egg-multipart/app/extend/context.js",
    "start": 1568114843970,
    "end": 1568114844043,
    "duration": 73,
    "pid": 10028,
    "index": 37
  },
  {
    "name": "Require(31) node_modules/_egg-view@2.1.2@egg-view/app/extend/context.js",
    "start": 1568114844044,
    "end": 1568114844045,
    "duration": 1,
    "pid": 10028,
    "index": 38
  },
  {
    "name": "Require(32) node_modules/_egg@2.23.0@egg/app/extend/context.js",
    "start": 1568114844046,
    "end": 1568114844049,
    "duration": 3,
    "pid": 10028,
    "index": 39
  },
  {
    "name": "Load extend/helper.js",
    "start": 1568114844053,
    "end": 1568114844091,
    "duration": 38,
    "pid": 10028,
    "index": 40
  },
  {
    "name": "Require(33) node_modules/_egg-security@2.6.1@egg-security/app/extend/helper.js",
    "start": 1568114844054,
    "end": 1568114844084,
    "duration": 30,
    "pid": 10028,
    "index": 41
  },
  {
    "name": "Require(34) node_modules/_egg@2.23.0@egg/app/extend/helper.js",
    "start": 1568114844087,
    "end": 1568114844087,
    "duration": 0,
    "pid": 10028,
    "index": 42
  },
  {
    "name": "Load app.js",
    "start": 1568114844092,
    "end": 1568114844149,
    "duration": 57,
    "pid": 10028,
    "index": 43
  },
  {
    "name": "Require(35) node_modules/_egg-session@3.1.0@egg-session/app.js",
    "start": 1568114844092,
    "end": 1568114844093,
    "duration": 1,
    "pid": 10028,
    "index": 44
  },
  {
    "name": "Require(36) node_modules/_egg-security@2.6.1@egg-security/app.js",
    "start": 1568114844094,
    "end": 1568114844097,
    "duration": 3,
    "pid": 10028,
    "index": 45
  },
  {
    "name": "Require(37) node_modules/_egg-onerror@2.1.0@egg-onerror/app.js",
    "start": 1568114844098,
    "end": 1568114844113,
    "duration": 15,
    "pid": 10028,
    "index": 46
  },
  {
    "name": "Require(38) node_modules/_egg-i18n@2.1.1@egg-i18n/app.js",
    "start": 1568114844114,
    "end": 1568114844127,
    "duration": 13,
    "pid": 10028,
    "index": 47
  },
  {
    "name": "Require(39) node_modules/_egg-watcher@3.1.0@egg-watcher/app.js",
    "start": 1568114844128,
    "end": 1568114844136,
    "duration": 8,
    "pid": 10028,
    "index": 48
  },
  {
    "name": "Require(40) node_modules/_egg-schedule@3.6.4@egg-schedule/app.js",
    "start": 1568114844137,
    "end": 1568114844140,
    "duration": 3,
    "pid": 10028,
    "index": 49
  },
  {
    "name": "Require(41) node_modules/_egg-multipart@2.9.0@egg-multipart/app.js",
    "start": 1568114844140,
    "end": 1568114844144,
    "duration": 4,
    "pid": 10028,
    "index": 50
  },
  {
    "name": "Require(42) node_modules/_egg-development@2.4.3@egg-development/app.js",
    "start": 1568114844145,
    "end": 1568114844145,
    "duration": 0,
    "pid": 10028,
    "index": 51
  },
  {
    "name": "Require(43) node_modules/_egg-logrotator@3.1.0@egg-logrotator/app.js",
    "start": 1568114844146,
    "end": 1568114844146,
    "duration": 0,
    "pid": 10028,
    "index": 52
  },
  {
    "name": "Require(44) node_modules/_egg-static@2.2.0@egg-static/app.js",
    "start": 1568114844146,
    "end": 1568114844147,
    "duration": 1,
    "pid": 10028,
    "index": 53
  },
  {
    "name": "Require(45) node_modules/_egg-sequelize@5.2.0@egg-sequelize/app.js",
    "start": 1568114844148,
    "end": 1568114844148,
    "duration": 0,
    "pid": 10028,
    "index": 54
  },
  {
    "name": "Before Start in node_modules/_egg-watcher@3.1.0@egg-watcher/lib/init.js:15:14",
    "start": 1568114844165,
    "end": 1568114844912,
    "duration": 747,
    "pid": 10028,
    "index": 55
  },
  {
    "name": "Load \"Symbol(model)\" to Application",
    "start": 1568114844661,
    "end": 1568114844683,
    "duration": 22,
    "pid": 10028,
    "index": 56
  },
  {
    "name": "Before Start in node_modules/_egg-sequelize@5.2.0@egg-sequelize/lib/loader.js:39:7",
    "start": 1568114844690,
    "end": 1568114844944,
    "duration": 254,
    "pid": 10028,
    "index": 57
  },
  {
    "name": "Load Service",
    "start": 1568114844691,
    "end": 1568114844696,
    "duration": 5,
    "pid": 10028,
    "index": 58
  },
  {
    "name": "Load \"service\" to Context",
    "start": 1568114844691,
    "end": 1568114844696,
    "duration": 5,
    "pid": 10028,
    "index": 59
  },
  {
    "name": "Load Middleware",
    "start": 1568114844696,
    "end": 1568114844821,
    "duration": 125,
    "pid": 10028,
    "index": 60
  },
  {
    "name": "Load \"middlewares\" to Application",
    "start": 1568114844697,
    "end": 1568114844803,
    "duration": 106,
    "pid": 10028,
    "index": 61
  },
  {
    "name": "Load Controller",
    "start": 1568114844821,
    "end": 1568114844825,
    "duration": 4,
    "pid": 10028,
    "index": 62
  },
  {
    "name": "Load \"controller\" to Application",
    "start": 1568114844821,
    "end": 1568114844825,
    "duration": 4,
    "pid": 10028,
    "index": 63
  },
  {
    "name": "Load Router",
    "start": 1568114844825,
    "end": 1568114844828,
    "duration": 3,
    "pid": 10028,
    "index": 64
  },
  {
    "name": "Require(46) app/router.js",
    "start": 1568114844825,
    "end": 1568114844826,
    "duration": 1,
    "pid": 10028,
    "index": 65
  },
  {
    "name": "Before Start in node_modules/_egg-core@4.17.3@egg-core/lib/egg.js:303:10",
    "start": 1568114844826,
    "end": 1568114844849,
    "duration": 23,
    "pid": 10028,
    "index": 66
  }
]