[
  {
    "name": "Application Start",
    "start": 1568114862192,
    "end": 1568114863825,
    "duration": 1633,
    "pid": 11588,
    "index": 0
  },
  {
    "name": "Load Plugin",
    "start": 1568114862200,
    "end": 1568114862228,
    "duration": 28,
    "pid": 11588,
    "index": 1
  },
  {
    "name": "Load Config",
    "start": 1568114862228,
    "end": 1568114862266,
    "duration": 38,
    "pid": 11588,
    "index": 2
  },
  {
    "name": "Require(0) config/config.default.js",
    "start": 1568114862229,
    "end": 1568114862229,
    "duration": 0,
    "pid": 11588,
    "index": 3
  },
  {
    "name": "Require(1) node_modules/_egg-session@3.1.0@egg-session/config/config.default.js",
    "start": 1568114862232,
    "end": 1568114862232,
    "duration": 0,
    "pid": 11588,
    "index": 4
  },
  {
    "name": "Require(2) node_modules/_egg-security@2.6.1@egg-security/config/config.default.js",
    "start": 1568114862233,
    "end": 1568114862233,
    "duration": 0,
    "pid": 11588,
    "index": 5
  },
  {
    "name": "Require(3) node_modules/_egg-jsonp@2.0.0@egg-jsonp/config/config.default.js",
    "start": 1568114862235,
    "end": 1568114862236,
    "duration": 1,
    "pid": 11588,
    "index": 6
  },
  {
    "name": "Require(4) node_modules/_egg-onerror@2.1.0@egg-onerror/config/config.default.js",
    "start": 1568114862237,
    "end": 1568114862237,
    "duration": 0,
    "pid": 11588,
    "index": 7
  },
  {
    "name": "Require(5) node_modules/_egg-i18n@2.1.1@egg-i18n/config/config.default.js",
    "start": 1568114862238,
    "end": 1568114862239,
    "duration": 1,
    "pid": 11588,
    "index": 8
  },
  {
    "name": "Require(6) node_modules/_egg-watcher@3.1.0@egg-watcher/config/config.default.js",
    "start": 1568114862240,
    "end": 1568114862241,
    "duration": 1,
    "pid": 11588,
    "index": 9
  },
  {
    "name": "Require(7) node_modules/_egg-schedule@3.6.4@egg-schedule/config/config.default.js",
    "start": 1568114862243,
    "end": 1568114862243,
    "duration": 0,
    "pid": 11588,
    "index": 10
  },
  {
    "name": "Require(8) node_modules/_egg-multipart@2.9.0@egg-multipart/config/config.default.js",
    "start": 1568114862245,
    "end": 1568114862246,
    "duration": 1,
    "pid": 11588,
    "index": 11
  },
  {
    "name": "Require(9) node_modules/_egg-development@2.4.3@egg-development/config/config.default.js",
    "start": 1568114862248,
    "end": 1568114862248,
    "duration": 0,
    "pid": 11588,
    "index": 12
  },
  {
    "name": "Require(10) node_modules/_egg-logrotator@3.1.0@egg-logrotator/config/config.default.js",
    "start": 1568114862250,
    "end": 1568114862250,
    "duration": 0,
    "pid": 11588,
    "index": 13
  },
  {
    "name": "Require(11) node_modules/_egg-static@2.2.0@egg-static/config/config.default.js",
    "start": 1568114862251,
    "end": 1568114862252,
    "duration": 1,
    "pid": 11588,
    "index": 14
  },
  {
    "name": "Require(12) node_modules/_egg-view@2.1.2@egg-view/config/config.default.js",
    "start": 1568114862253,
    "end": 1568114862253,
    "duration": 0,
    "pid": 11588,
    "index": 15
  },
  {
    "name": "Require(13) node_modules/_egg-sequelize@5.2.0@egg-sequelize/config/config.default.js",
    "start": 1568114862254,
    "end": 1568114862255,
    "duration": 1,
    "pid": 11588,
    "index": 16
  },
  {
    "name": "Require(14) node_modules/_egg@2.23.0@egg/config/config.default.js",
    "start": 1568114862255,
    "end": 1568114862256,
    "duration": 1,
    "pid": 11588,
    "index": 17
  },
  {
    "name": "Require(15) config/config.default.js",
    "start": 1568114862259,
    "end": 1568114862259,
    "duration": 0,
    "pid": 11588,
    "index": 18
  },
  {
    "name": "Require(16) node_modules/_egg-security@2.6.1@egg-security/config/config.local.js",
    "start": 1568114862261,
    "end": 1568114862261,
    "duration": 0,
    "pid": 11588,
    "index": 19
  },
  {
    "name": "Require(17) node_modules/_egg-watcher@3.1.0@egg-watcher/config/config.local.js",
    "start": 1568114862262,
    "end": 1568114862263,
    "duration": 1,
    "pid": 11588,
    "index": 20
  },
  {
    "name": "Require(18) node_modules/_egg-view@2.1.2@egg-view/config/config.local.js",
    "start": 1568114862264,
    "end": 1568114862265,
    "duration": 1,
    "pid": 11588,
    "index": 21
  },
  {
    "name": "Require(19) node_modules/_egg@2.23.0@egg/config/config.local.js",
    "start": 1568114862266,
    "end": 1568114862266,
    "duration": 0,
    "pid": 11588,
    "index": 22
  },
  {
    "name": "Load extend/application.js",
    "start": 1568114862269,
    "end": 1568114862298,
    "duration": 29,
    "pid": 11588,
    "index": 23
  },
  {
    "name": "Require(20) node_modules/_egg-session@3.1.0@egg-session/app/extend/application.js",
    "start": 1568114862270,
    "end": 1568114862271,
    "duration": 1,
    "pid": 11588,
    "index": 24
  },
  {
    "name": "Require(21) node_modules/_egg-security@2.6.1@egg-security/app/extend/application.js",
    "start": 1568114862271,
    "end": 1568114862273,
    "duration": 2,
    "pid": 11588,
    "index": 25
  },
  {
    "name": "Require(22) node_modules/_egg-jsonp@2.0.0@egg-jsonp/app/extend/application.js",
    "start": 1568114862274,
    "end": 1568114862279,
    "duration": 5,
    "pid": 11588,
    "index": 26
  },
  {
    "name": "Require(23) node_modules/_egg-logrotator@3.1.0@egg-logrotator/app/extend/application.js",
    "start": 1568114862282,
    "end": 1568114862287,
    "duration": 5,
    "pid": 11588,
    "index": 27
  },
  {
    "name": "Require(24) node_modules/_egg-view@2.1.2@egg-view/app/extend/application.js",
    "start": 1568114862288,
    "end": 1568114862292,
    "duration": 4,
    "pid": 11588,
    "index": 28
  },
  {
    "name": "Load extend/request.js",
    "start": 1568114862298,
    "end": 1568114862311,
    "duration": 13,
    "pid": 11588,
    "index": 29
  },
  {
    "name": "Require(25) node_modules/_egg@2.23.0@egg/app/extend/request.js",
    "start": 1568114862303,
    "end": 1568114862306,
    "duration": 3,
    "pid": 11588,
    "index": 30
  },
  {
    "name": "Load extend/response.js",
    "start": 1568114862311,
    "end": 1568114862326,
    "duration": 15,
    "pid": 11588,
    "index": 31
  },
  {
    "name": "Require(26) node_modules/_egg@2.23.0@egg/app/extend/response.js",
    "start": 1568114862316,
    "end": 1568114862321,
    "duration": 5,
    "pid": 11588,
    "index": 32
  },
  {
    "name": "Load extend/context.js",
    "start": 1568114862326,
    "end": 1568114862468,
    "duration": 142,
    "pid": 11588,
    "index": 33
  },
  {
    "name": "Require(27) node_modules/_egg-security@2.6.1@egg-security/app/extend/context.js",
    "start": 1568114862327,
    "end": 1568114862352,
    "duration": 25,
    "pid": 11588,
    "index": 34
  },
  {
    "name": "Require(28) node_modules/_egg-jsonp@2.0.0@egg-jsonp/app/extend/context.js",
    "start": 1568114862352,
    "end": 1568114862356,
    "duration": 4,
    "pid": 11588,
    "index": 35
  },
  {
    "name": "Require(29) node_modules/_egg-i18n@2.1.1@egg-i18n/app/extend/context.js",
    "start": 1568114862357,
    "end": 1568114862357,
    "duration": 0,
    "pid": 11588,
    "index": 36
  },
  {
    "name": "Require(30) node_modules/_egg-multipart@2.9.0@egg-multipart/app/extend/context.js",
    "start": 1568114862359,
    "end": 1568114862454,
    "duration": 95,
    "pid": 11588,
    "index": 37
  },
  {
    "name": "Require(31) node_modules/_egg-view@2.1.2@egg-view/app/extend/context.js",
    "start": 1568114862455,
    "end": 1568114862457,
    "duration": 2,
    "pid": 11588,
    "index": 38
  },
  {
    "name": "Require(32) node_modules/_egg@2.23.0@egg/app/extend/context.js",
    "start": 1568114862458,
    "end": 1568114862463,
    "duration": 5,
    "pid": 11588,
    "index": 39
  },
  {
    "name": "Load extend/helper.js",
    "start": 1568114862468,
    "end": 1568114862512,
    "duration": 44,
    "pid": 11588,
    "index": 40
  },
  {
    "name": "Require(33) node_modules/_egg-security@2.6.1@egg-security/app/extend/helper.js",
    "start": 1568114862469,
    "end": 1568114862501,
    "duration": 32,
    "pid": 11588,
    "index": 41
  },
  {
    "name": "Require(34) node_modules/_egg@2.23.0@egg/app/extend/helper.js",
    "start": 1568114862504,
    "end": 1568114862505,
    "duration": 1,
    "pid": 11588,
    "index": 42
  },
  {
    "name": "Load app.js",
    "start": 1568114862513,
    "end": 1568114862597,
    "duration": 84,
    "pid": 11588,
    "index": 43
  },
  {
    "name": "Require(35) node_modules/_egg-session@3.1.0@egg-session/app.js",
    "start": 1568114862514,
    "end": 1568114862514,
    "duration": 0,
    "pid": 11588,
    "index": 44
  },
  {
    "name": "Require(36) node_modules/_egg-security@2.6.1@egg-security/app.js",
    "start": 1568114862515,
    "end": 1568114862518,
    "duration": 3,
    "pid": 11588,
    "index": 45
  },
  {
    "name": "Require(37) node_modules/_egg-onerror@2.1.0@egg-onerror/app.js",
    "start": 1568114862519,
    "end": 1568114862540,
    "duration": 21,
    "pid": 11588,
    "index": 46
  },
  {
    "name": "Require(38) node_modules/_egg-i18n@2.1.1@egg-i18n/app.js",
    "start": 1568114862541,
    "end": 1568114862558,
    "duration": 17,
    "pid": 11588,
    "index": 47
  },
  {
    "name": "Require(39) node_modules/_egg-watcher@3.1.0@egg-watcher/app.js",
    "start": 1568114862559,
    "end": 1568114862570,
    "duration": 11,
    "pid": 11588,
    "index": 48
  },
  {
    "name": "Require(40) node_modules/_egg-schedule@3.6.4@egg-schedule/app.js",
    "start": 1568114862570,
    "end": 1568114862575,
    "duration": 5,
    "pid": 11588,
    "index": 49
  },
  {
    "name": "Require(41) node_modules/_egg-multipart@2.9.0@egg-multipart/app.js",
    "start": 1568114862576,
    "end": 1568114862583,
    "duration": 7,
    "pid": 11588,
    "index": 50
  },
  {
    "name": "Require(42) node_modules/_egg-development@2.4.3@egg-development/app.js",
    "start": 1568114862584,
    "end": 1568114862584,
    "duration": 0,
    "pid": 11588,
    "index": 51
  },
  {
    "name": "Require(43) node_modules/_egg-logrotator@3.1.0@egg-logrotator/app.js",
    "start": 1568114862585,
    "end": 1568114862586,
    "duration": 1,
    "pid": 11588,
    "index": 52
  },
  {
    "name": "Require(44) node_modules/_egg-static@2.2.0@egg-static/app.js",
    "start": 1568114862587,
    "end": 1568114862589,
    "duration": 2,
    "pid": 11588,
    "index": 53
  },
  {
    "name": "Require(45) node_modules/_egg-sequelize@5.2.0@egg-sequelize/app.js",
    "start": 1568114862595,
    "end": 1568114862595,
    "duration": 0,
    "pid": 11588,
    "index": 54
  },
  {
    "name": "Before Start in node_modules/_egg-watcher@3.1.0@egg-watcher/lib/init.js:15:14",
    "start": 1568114862622,
    "end": 1568114863761,
    "duration": 1139,
    "pid": 11588,
    "index": 55
  },
  {
    "name": "Load \"Symbol(model)\" to Application",
    "start": 1568114863413,
    "end": 1568114863449,
    "duration": 36,
    "pid": 11588,
    "index": 56
  },
  {
    "name": "Before Start in node_modules/_egg-sequelize@5.2.0@egg-sequelize/lib/loader.js:39:7",
    "start": 1568114863457,
    "end": 1568114863824,
    "duration": 367,
    "pid": 11588,
    "index": 57
  },
  {
    "name": "Load Service",
    "start": 1568114863458,
    "end": 1568114863464,
    "duration": 6,
    "pid": 11588,
    "index": 58
  },
  {
    "name": "Load \"service\" to Context",
    "start": 1568114863458,
    "end": 1568114863464,
    "duration": 6,
    "pid": 11588,
    "index": 59
  },
  {
    "name": "Load Middleware",
    "start": 1568114863465,
    "end": 1568114863628,
    "duration": 163,
    "pid": 11588,
    "index": 60
  },
  {
    "name": "Load \"middlewares\" to Application",
    "start": 1568114863465,
    "end": 1568114863608,
    "duration": 143,
    "pid": 11588,
    "index": 61
  },
  {
    "name": "Load Controller",
    "start": 1568114863628,
    "end": 1568114863633,
    "duration": 5,
    "pid": 11588,
    "index": 62
  },
  {
    "name": "Load \"controller\" to Application",
    "start": 1568114863628,
    "end": 1568114863632,
    "duration": 4,
    "pid": 11588,
    "index": 63
  },
  {
    "name": "Load Router",
    "start": 1568114863633,
    "end": 1568114863638,
    "duration": 5,
    "pid": 11588,
    "index": 64
  },
  {
    "name": "Require(46) app/router.js",
    "start": 1568114863633,
    "end": 1568114863634,
    "duration": 1,
    "pid": 11588,
    "index": 65
  },
  {
    "name": "Before Start in node_modules/_egg-core@4.17.3@egg-core/lib/egg.js:303:10",
    "start": 1568114863635,
    "end": 1568114863672,
    "duration": 37,
    "pid": 11588,
    "index": 66
  }
]