[
  {
    "name": "Application Start",
    "start": 1568103237745,
    "end": 1568103238914,
    "duration": 1169,
    "pid": 7584,
    "index": 0
  },
  {
    "name": "Load Plugin",
    "start": 1568103237752,
    "end": 1568103237779,
    "duration": 27,
    "pid": 7584,
    "index": 1
  },
  {
    "name": "Load Config",
    "start": 1568103237779,
    "end": 1568103237808,
    "duration": 29,
    "pid": 7584,
    "index": 2
  },
  {
    "name": "Require(0) config/config.default.js",
    "start": 1568103237780,
    "end": 1568103237780,
    "duration": 0,
    "pid": 7584,
    "index": 3
  },
  {
    "name": "Require(1) node_modules/_egg-session@3.1.0@egg-session/config/config.default.js",
    "start": 1568103237783,
    "end": 1568103237784,
    "duration": 1,
    "pid": 7584,
    "index": 4
  },
  {
    "name": "Require(2) node_modules/_egg-security@2.6.1@egg-security/config/config.default.js",
    "start": 1568103237785,
    "end": 1568103237785,
    "duration": 0,
    "pid": 7584,
    "index": 5
  },
  {
    "name": "Require(3) node_modules/_egg-jsonp@2.0.0@egg-jsonp/config/config.default.js",
    "start": 1568103237786,
    "end": 1568103237787,
    "duration": 1,
    "pid": 7584,
    "index": 6
  },
  {
    "name": "Require(4) node_modules/_egg-onerror@2.1.0@egg-onerror/config/config.default.js",
    "start": 1568103237787,
    "end": 1568103237788,
    "duration": 1,
    "pid": 7584,
    "index": 7
  },
  {
    "name": "Require(5) node_modules/_egg-i18n@2.1.1@egg-i18n/config/config.default.js",
    "start": 1568103237788,
    "end": 1568103237789,
    "duration": 1,
    "pid": 7584,
    "index": 8
  },
  {
    "name": "Require(6) node_modules/_egg-watcher@3.1.0@egg-watcher/config/config.default.js",
    "start": 1568103237790,
    "end": 1568103237790,
    "duration": 0,
    "pid": 7584,
    "index": 9
  },
  {
    "name": "Require(7) node_modules/_egg-schedule@3.6.4@egg-schedule/config/config.default.js",
    "start": 1568103237791,
    "end": 1568103237791,
    "duration": 0,
    "pid": 7584,
    "index": 10
  },
  {
    "name": "Require(8) node_modules/_egg-multipart@2.9.0@egg-multipart/config/config.default.js",
    "start": 1568103237792,
    "end": 1568103237793,
    "duration": 1,
    "pid": 7584,
    "index": 11
  },
  {
    "name": "Require(9) node_modules/_egg-development@2.4.3@egg-development/config/config.default.js",
    "start": 1568103237794,
    "end": 1568103237794,
    "duration": 0,
    "pid": 7584,
    "index": 12
  },
  {
    "name": "Require(10) node_modules/_egg-logrotator@3.1.0@egg-logrotator/config/config.default.js",
    "start": 1568103237795,
    "end": 1568103237795,
    "duration": 0,
    "pid": 7584,
    "index": 13
  },
  {
    "name": "Require(11) node_modules/_egg-static@2.2.0@egg-static/config/config.default.js",
    "start": 1568103237796,
    "end": 1568103237796,
    "duration": 0,
    "pid": 7584,
    "index": 14
  },
  {
    "name": "Require(12) node_modules/_egg-view@2.1.2@egg-view/config/config.default.js",
    "start": 1568103237797,
    "end": 1568103237797,
    "duration": 0,
    "pid": 7584,
    "index": 15
  },
  {
    "name": "Require(13) node_modules/_egg-sequelize@5.2.0@egg-sequelize/config/config.default.js",
    "start": 1568103237798,
    "end": 1568103237798,
    "duration": 0,
    "pid": 7584,
    "index": 16
  },
  {
    "name": "Require(14) node_modules/_egg@2.23.0@egg/config/config.default.js",
    "start": 1568103237799,
    "end": 1568103237800,
    "duration": 1,
    "pid": 7584,
    "index": 17
  },
  {
    "name": "Require(15) config/config.default.js",
    "start": 1568103237802,
    "end": 1568103237802,
    "duration": 0,
    "pid": 7584,
    "index": 18
  },
  {
    "name": "Require(16) node_modules/_egg-security@2.6.1@egg-security/config/config.local.js",
    "start": 1568103237803,
    "end": 1568103237803,
    "duration": 0,
    "pid": 7584,
    "index": 19
  },
  {
    "name": "Require(17) node_modules/_egg-watcher@3.1.0@egg-watcher/config/config.local.js",
    "start": 1568103237805,
    "end": 1568103237805,
    "duration": 0,
    "pid": 7584,
    "index": 20
  },
  {
    "name": "Require(18) node_modules/_egg-view@2.1.2@egg-view/config/config.local.js",
    "start": 1568103237807,
    "end": 1568103237807,
    "duration": 0,
    "pid": 7584,
    "index": 21
  },
  {
    "name": "Require(19) node_modules/_egg@2.23.0@egg/config/config.local.js",
    "start": 1568103237808,
    "end": 1568103237808,
    "duration": 0,
    "pid": 7584,
    "index": 22
  },
  {
    "name": "Load extend/application.js",
    "start": 1568103237810,
    "end": 1568103237832,
    "duration": 22,
    "pid": 7584,
    "index": 23
  },
  {
    "name": "Require(20) node_modules/_egg-session@3.1.0@egg-session/app/extend/application.js",
    "start": 1568103237811,
    "end": 1568103237812,
    "duration": 1,
    "pid": 7584,
    "index": 24
  },
  {
    "name": "Require(21) node_modules/_egg-security@2.6.1@egg-security/app/extend/application.js",
    "start": 1568103237812,
    "end": 1568103237814,
    "duration": 2,
    "pid": 7584,
    "index": 25
  },
  {
    "name": "Require(22) node_modules/_egg-jsonp@2.0.0@egg-jsonp/app/extend/application.js",
    "start": 1568103237814,
    "end": 1568103237818,
    "duration": 4,
    "pid": 7584,
    "index": 26
  },
  {
    "name": "Require(23) node_modules/_egg-logrotator@3.1.0@egg-logrotator/app/extend/application.js",
    "start": 1568103237820,
    "end": 1568103237824,
    "duration": 4,
    "pid": 7584,
    "index": 27
  },
  {
    "name": "Require(24) node_modules/_egg-view@2.1.2@egg-view/app/extend/application.js",
    "start": 1568103237825,
    "end": 1568103237827,
    "duration": 2,
    "pid": 7584,
    "index": 28
  },
  {
    "name": "Load extend/request.js",
    "start": 1568103237832,
    "end": 1568103237842,
    "duration": 10,
    "pid": 7584,
    "index": 29
  },
  {
    "name": "Require(25) node_modules/_egg@2.23.0@egg/app/extend/request.js",
    "start": 1568103237836,
    "end": 1568103237838,
    "duration": 2,
    "pid": 7584,
    "index": 30
  },
  {
    "name": "Load extend/response.js",
    "start": 1568103237842,
    "end": 1568103237857,
    "duration": 15,
    "pid": 7584,
    "index": 31
  },
  {
    "name": "Require(26) node_modules/_egg@2.23.0@egg/app/extend/response.js",
    "start": 1568103237846,
    "end": 1568103237850,
    "duration": 4,
    "pid": 7584,
    "index": 32
  },
  {
    "name": "Load extend/context.js",
    "start": 1568103237857,
    "end": 1568103237982,
    "duration": 125,
    "pid": 7584,
    "index": 33
  },
  {
    "name": "Require(27) node_modules/_egg-security@2.6.1@egg-security/app/extend/context.js",
    "start": 1568103237857,
    "end": 1568103237879,
    "duration": 22,
    "pid": 7584,
    "index": 34
  },
  {
    "name": "Require(28) node_modules/_egg-jsonp@2.0.0@egg-jsonp/app/extend/context.js",
    "start": 1568103237880,
    "end": 1568103237883,
    "duration": 3,
    "pid": 7584,
    "index": 35
  },
  {
    "name": "Require(29) node_modules/_egg-i18n@2.1.1@egg-i18n/app/extend/context.js",
    "start": 1568103237884,
    "end": 1568103237884,
    "duration": 0,
    "pid": 7584,
    "index": 36
  },
  {
    "name": "Require(30) node_modules/_egg-multipart@2.9.0@egg-multipart/app/extend/context.js",
    "start": 1568103237886,
    "end": 1568103237970,
    "duration": 84,
    "pid": 7584,
    "index": 37
  },
  {
    "name": "Require(31) node_modules/_egg-view@2.1.2@egg-view/app/extend/context.js",
    "start": 1568103237971,
    "end": 1568103237974,
    "duration": 3,
    "pid": 7584,
    "index": 38
  },
  {
    "name": "Require(32) node_modules/_egg@2.23.0@egg/app/extend/context.js",
    "start": 1568103237974,
    "end": 1568103237978,
    "duration": 4,
    "pid": 7584,
    "index": 39
  },
  {
    "name": "Load extend/helper.js",
    "start": 1568103237982,
    "end": 1568103238028,
    "duration": 46,
    "pid": 7584,
    "index": 40
  },
  {
    "name": "Require(33) node_modules/_egg-security@2.6.1@egg-security/app/extend/helper.js",
    "start": 1568103237983,
    "end": 1568103238021,
    "duration": 38,
    "pid": 7584,
    "index": 41
  },
  {
    "name": "Require(34) node_modules/_egg@2.23.0@egg/app/extend/helper.js",
    "start": 1568103238024,
    "end": 1568103238025,
    "duration": 1,
    "pid": 7584,
    "index": 42
  },
  {
    "name": "Load app.js",
    "start": 1568103238029,
    "end": 1568103238098,
    "duration": 69,
    "pid": 7584,
    "index": 43
  },
  {
    "name": "Require(35) node_modules/_egg-session@3.1.0@egg-session/app.js",
    "start": 1568103238029,
    "end": 1568103238030,
    "duration": 1,
    "pid": 7584,
    "index": 44
  },
  {
    "name": "Require(36) node_modules/_egg-security@2.6.1@egg-security/app.js",
    "start": 1568103238031,
    "end": 1568103238035,
    "duration": 4,
    "pid": 7584,
    "index": 45
  },
  {
    "name": "Require(37) node_modules/_egg-onerror@2.1.0@egg-onerror/app.js",
    "start": 1568103238036,
    "end": 1568103238056,
    "duration": 20,
    "pid": 7584,
    "index": 46
  },
  {
    "name": "Require(38) node_modules/_egg-i18n@2.1.1@egg-i18n/app.js",
    "start": 1568103238057,
    "end": 1568103238072,
    "duration": 15,
    "pid": 7584,
    "index": 47
  },
  {
    "name": "Require(39) node_modules/_egg-watcher@3.1.0@egg-watcher/app.js",
    "start": 1568103238073,
    "end": 1568103238080,
    "duration": 7,
    "pid": 7584,
    "index": 48
  },
  {
    "name": "Require(40) node_modules/_egg-schedule@3.6.4@egg-schedule/app.js",
    "start": 1568103238081,
    "end": 1568103238084,
    "duration": 3,
    "pid": 7584,
    "index": 49
  },
  {
    "name": "Require(41) node_modules/_egg-multipart@2.9.0@egg-multipart/app.js",
    "start": 1568103238085,
    "end": 1568103238091,
    "duration": 6,
    "pid": 7584,
    "index": 50
  },
  {
    "name": "Require(42) node_modules/_egg-development@2.4.3@egg-development/app.js",
    "start": 1568103238092,
    "end": 1568103238092,
    "duration": 0,
    "pid": 7584,
    "index": 51
  },
  {
    "name": "Require(43) node_modules/_egg-logrotator@3.1.0@egg-logrotator/app.js",
    "start": 1568103238093,
    "end": 1568103238093,
    "duration": 0,
    "pid": 7584,
    "index": 52
  },
  {
    "name": "Require(44) node_modules/_egg-static@2.2.0@egg-static/app.js",
    "start": 1568103238094,
    "end": 1568103238094,
    "duration": 0,
    "pid": 7584,
    "index": 53
  },
  {
    "name": "Require(45) node_modules/_egg-sequelize@5.2.0@egg-sequelize/app.js",
    "start": 1568103238095,
    "end": 1568103238096,
    "duration": 1,
    "pid": 7584,
    "index": 54
  },
  {
    "name": "Before Start in node_modules/_egg-watcher@3.1.0@egg-watcher/lib/init.js:15:14",
    "start": 1568103238117,
    "end": 1568103238881,
    "duration": 764,
    "pid": 7584,
    "index": 55
  },
  {
    "name": "Load \"Symbol(model)\" to Application",
    "start": 1568103238638,
    "end": 1568103238661,
    "duration": 23,
    "pid": 7584,
    "index": 56
  },
  {
    "name": "Before Start in node_modules/_egg-sequelize@5.2.0@egg-sequelize/lib/loader.js:39:7",
    "start": 1568103238667,
    "end": 1568103238914,
    "duration": 247,
    "pid": 7584,
    "index": 57
  },
  {
    "name": "Load Service",
    "start": 1568103238668,
    "end": 1568103238673,
    "duration": 5,
    "pid": 7584,
    "index": 58
  },
  {
    "name": "Load \"service\" to Context",
    "start": 1568103238668,
    "end": 1568103238673,
    "duration": 5,
    "pid": 7584,
    "index": 59
  },
  {
    "name": "Load Middleware",
    "start": 1568103238673,
    "end": 1568103238794,
    "duration": 121,
    "pid": 7584,
    "index": 60
  },
  {
    "name": "Load \"middlewares\" to Application",
    "start": 1568103238673,
    "end": 1568103238778,
    "duration": 105,
    "pid": 7584,
    "index": 61
  },
  {
    "name": "Load Controller",
    "start": 1568103238795,
    "end": 1568103238798,
    "duration": 3,
    "pid": 7584,
    "index": 62
  },
  {
    "name": "Load \"controller\" to Application",
    "start": 1568103238795,
    "end": 1568103238798,
    "duration": 3,
    "pid": 7584,
    "index": 63
  },
  {
    "name": "Load Router",
    "start": 1568103238798,
    "end": 1568103238801,
    "duration": 3,
    "pid": 7584,
    "index": 64
  },
  {
    "name": "Require(46) app/router.js",
    "start": 1568103238799,
    "end": 1568103238799,
    "duration": 0,
    "pid": 7584,
    "index": 65
  },
  {
    "name": "Before Start in node_modules/_egg-core@4.17.3@egg-core/lib/egg.js:303:10",
    "start": 1568103238799,
    "end": 1568103238822,
    "duration": 23,
    "pid": 7584,
    "index": 66
  }
]