[
  {
    "name": "Application Start",
    "start": 1568119560728,
    "end": 1568119561892,
    "duration": 1164,
    "pid": 10104,
    "index": 0
  },
  {
    "name": "Load Plugin",
    "start": 1568119560734,
    "end": 1568119560759,
    "duration": 25,
    "pid": 10104,
    "index": 1
  },
  {
    "name": "Load Config",
    "start": 1568119560760,
    "end": 1568119560786,
    "duration": 26,
    "pid": 10104,
    "index": 2
  },
  {
    "name": "Require(0) config/config.default.js",
    "start": 1568119560761,
    "end": 1568119560761,
    "duration": 0,
    "pid": 10104,
    "index": 3
  },
  {
    "name": "Require(1) node_modules/_egg-session@3.1.0@egg-session/config/config.default.js",
    "start": 1568119560763,
    "end": 1568119560764,
    "duration": 1,
    "pid": 10104,
    "index": 4
  },
  {
    "name": "Require(2) node_modules/_egg-security@2.6.1@egg-security/config/config.default.js",
    "start": 1568119560764,
    "end": 1568119560765,
    "duration": 1,
    "pid": 10104,
    "index": 5
  },
  {
    "name": "Require(3) node_modules/_egg-jsonp@2.0.0@egg-jsonp/config/config.default.js",
    "start": 1568119560766,
    "end": 1568119560766,
    "duration": 0,
    "pid": 10104,
    "index": 6
  },
  {
    "name": "Require(4) node_modules/_egg-onerror@2.1.0@egg-onerror/config/config.default.js",
    "start": 1568119560767,
    "end": 1568119560767,
    "duration": 0,
    "pid": 10104,
    "index": 7
  },
  {
    "name": "Require(5) node_modules/_egg-i18n@2.1.1@egg-i18n/config/config.default.js",
    "start": 1568119560768,
    "end": 1568119560768,
    "duration": 0,
    "pid": 10104,
    "index": 8
  },
  {
    "name": "Require(6) node_modules/_egg-watcher@3.1.0@egg-watcher/config/config.default.js",
    "start": 1568119560769,
    "end": 1568119560769,
    "duration": 0,
    "pid": 10104,
    "index": 9
  },
  {
    "name": "Require(7) node_modules/_egg-schedule@3.6.4@egg-schedule/config/config.default.js",
    "start": 1568119560770,
    "end": 1568119560770,
    "duration": 0,
    "pid": 10104,
    "index": 10
  },
  {
    "name": "Require(8) node_modules/_egg-multipart@2.9.0@egg-multipart/config/config.default.js",
    "start": 1568119560771,
    "end": 1568119560771,
    "duration": 0,
    "pid": 10104,
    "index": 11
  },
  {
    "name": "Require(9) node_modules/_egg-development@2.4.3@egg-development/config/config.default.js",
    "start": 1568119560772,
    "end": 1568119560772,
    "duration": 0,
    "pid": 10104,
    "index": 12
  },
  {
    "name": "Require(10) node_modules/_egg-logrotator@3.1.0@egg-logrotator/config/config.default.js",
    "start": 1568119560773,
    "end": 1568119560773,
    "duration": 0,
    "pid": 10104,
    "index": 13
  },
  {
    "name": "Require(11) node_modules/_egg-static@2.2.0@egg-static/config/config.default.js",
    "start": 1568119560774,
    "end": 1568119560774,
    "duration": 0,
    "pid": 10104,
    "index": 14
  },
  {
    "name": "Require(12) node_modules/_egg-view@2.1.2@egg-view/config/config.default.js",
    "start": 1568119560775,
    "end": 1568119560775,
    "duration": 0,
    "pid": 10104,
    "index": 15
  },
  {
    "name": "Require(13) node_modules/_egg-sequelize@5.2.0@egg-sequelize/config/config.default.js",
    "start": 1568119560776,
    "end": 1568119560776,
    "duration": 0,
    "pid": 10104,
    "index": 16
  },
  {
    "name": "Require(14) node_modules/_egg@2.23.0@egg/config/config.default.js",
    "start": 1568119560777,
    "end": 1568119560778,
    "duration": 1,
    "pid": 10104,
    "index": 17
  },
  {
    "name": "Require(15) config/config.default.js",
    "start": 1568119560779,
    "end": 1568119560779,
    "duration": 0,
    "pid": 10104,
    "index": 18
  },
  {
    "name": "Require(16) node_modules/_egg-security@2.6.1@egg-security/config/config.local.js",
    "start": 1568119560780,
    "end": 1568119560781,
    "duration": 1,
    "pid": 10104,
    "index": 19
  },
  {
    "name": "Require(17) node_modules/_egg-watcher@3.1.0@egg-watcher/config/config.local.js",
    "start": 1568119560782,
    "end": 1568119560782,
    "duration": 0,
    "pid": 10104,
    "index": 20
  },
  {
    "name": "Require(18) node_modules/_egg-view@2.1.2@egg-view/config/config.local.js",
    "start": 1568119560784,
    "end": 1568119560784,
    "duration": 0,
    "pid": 10104,
    "index": 21
  },
  {
    "name": "Require(19) node_modules/_egg@2.23.0@egg/config/config.local.js",
    "start": 1568119560785,
    "end": 1568119560785,
    "duration": 0,
    "pid": 10104,
    "index": 22
  },
  {
    "name": "Load extend/application.js",
    "start": 1568119560788,
    "end": 1568119560807,
    "duration": 19,
    "pid": 10104,
    "index": 23
  },
  {
    "name": "Require(20) node_modules/_egg-session@3.1.0@egg-session/app/extend/application.js",
    "start": 1568119560788,
    "end": 1568119560789,
    "duration": 1,
    "pid": 10104,
    "index": 24
  },
  {
    "name": "Require(21) node_modules/_egg-security@2.6.1@egg-security/app/extend/application.js",
    "start": 1568119560789,
    "end": 1568119560791,
    "duration": 2,
    "pid": 10104,
    "index": 25
  },
  {
    "name": "Require(22) node_modules/_egg-jsonp@2.0.0@egg-jsonp/app/extend/application.js",
    "start": 1568119560791,
    "end": 1568119560794,
    "duration": 3,
    "pid": 10104,
    "index": 26
  },
  {
    "name": "Require(23) node_modules/_egg-logrotator@3.1.0@egg-logrotator/app/extend/application.js",
    "start": 1568119560796,
    "end": 1568119560800,
    "duration": 4,
    "pid": 10104,
    "index": 27
  },
  {
    "name": "Require(24) node_modules/_egg-view@2.1.2@egg-view/app/extend/application.js",
    "start": 1568119560801,
    "end": 1568119560803,
    "duration": 2,
    "pid": 10104,
    "index": 28
  },
  {
    "name": "Load extend/request.js",
    "start": 1568119560807,
    "end": 1568119560816,
    "duration": 9,
    "pid": 10104,
    "index": 29
  },
  {
    "name": "Require(25) node_modules/_egg@2.23.0@egg/app/extend/request.js",
    "start": 1568119560810,
    "end": 1568119560813,
    "duration": 3,
    "pid": 10104,
    "index": 30
  },
  {
    "name": "Load extend/response.js",
    "start": 1568119560816,
    "end": 1568119560826,
    "duration": 10,
    "pid": 10104,
    "index": 31
  },
  {
    "name": "Require(26) node_modules/_egg@2.23.0@egg/app/extend/response.js",
    "start": 1568119560820,
    "end": 1568119560823,
    "duration": 3,
    "pid": 10104,
    "index": 32
  },
  {
    "name": "Load extend/context.js",
    "start": 1568119560826,
    "end": 1568119560930,
    "duration": 104,
    "pid": 10104,
    "index": 33
  },
  {
    "name": "Require(27) node_modules/_egg-security@2.6.1@egg-security/app/extend/context.js",
    "start": 1568119560827,
    "end": 1568119560846,
    "duration": 19,
    "pid": 10104,
    "index": 34
  },
  {
    "name": "Require(28) node_modules/_egg-jsonp@2.0.0@egg-jsonp/app/extend/context.js",
    "start": 1568119560847,
    "end": 1568119560849,
    "duration": 2,
    "pid": 10104,
    "index": 35
  },
  {
    "name": "Require(29) node_modules/_egg-i18n@2.1.1@egg-i18n/app/extend/context.js",
    "start": 1568119560850,
    "end": 1568119560850,
    "duration": 0,
    "pid": 10104,
    "index": 36
  },
  {
    "name": "Require(30) node_modules/_egg-multipart@2.9.0@egg-multipart/app/extend/context.js",
    "start": 1568119560852,
    "end": 1568119560921,
    "duration": 69,
    "pid": 10104,
    "index": 37
  },
  {
    "name": "Require(31) node_modules/_egg-view@2.1.2@egg-view/app/extend/context.js",
    "start": 1568119560922,
    "end": 1568119560923,
    "duration": 1,
    "pid": 10104,
    "index": 38
  },
  {
    "name": "Require(32) node_modules/_egg@2.23.0@egg/app/extend/context.js",
    "start": 1568119560924,
    "end": 1568119560927,
    "duration": 3,
    "pid": 10104,
    "index": 39
  },
  {
    "name": "Load extend/helper.js",
    "start": 1568119560930,
    "end": 1568119560966,
    "duration": 36,
    "pid": 10104,
    "index": 40
  },
  {
    "name": "Require(33) node_modules/_egg-security@2.6.1@egg-security/app/extend/helper.js",
    "start": 1568119560931,
    "end": 1568119560959,
    "duration": 28,
    "pid": 10104,
    "index": 41
  },
  {
    "name": "Require(34) node_modules/_egg@2.23.0@egg/app/extend/helper.js",
    "start": 1568119560962,
    "end": 1568119560962,
    "duration": 0,
    "pid": 10104,
    "index": 42
  },
  {
    "name": "Load app.js",
    "start": 1568119560966,
    "end": 1568119561021,
    "duration": 55,
    "pid": 10104,
    "index": 43
  },
  {
    "name": "Require(35) node_modules/_egg-session@3.1.0@egg-session/app.js",
    "start": 1568119560967,
    "end": 1568119560967,
    "duration": 0,
    "pid": 10104,
    "index": 44
  },
  {
    "name": "Require(36) node_modules/_egg-security@2.6.1@egg-security/app.js",
    "start": 1568119560968,
    "end": 1568119560971,
    "duration": 3,
    "pid": 10104,
    "index": 45
  },
  {
    "name": "Require(37) node_modules/_egg-onerror@2.1.0@egg-onerror/app.js",
    "start": 1568119560972,
    "end": 1568119560988,
    "duration": 16,
    "pid": 10104,
    "index": 46
  },
  {
    "name": "Require(38) node_modules/_egg-i18n@2.1.1@egg-i18n/app.js",
    "start": 1568119560988,
    "end": 1568119561000,
    "duration": 12,
    "pid": 10104,
    "index": 47
  },
  {
    "name": "Require(39) node_modules/_egg-watcher@3.1.0@egg-watcher/app.js",
    "start": 1568119561001,
    "end": 1568119561007,
    "duration": 6,
    "pid": 10104,
    "index": 48
  },
  {
    "name": "Require(40) node_modules/_egg-schedule@3.6.4@egg-schedule/app.js",
    "start": 1568119561008,
    "end": 1568119561011,
    "duration": 3,
    "pid": 10104,
    "index": 49
  },
  {
    "name": "Require(41) node_modules/_egg-multipart@2.9.0@egg-multipart/app.js",
    "start": 1568119561011,
    "end": 1568119561016,
    "duration": 5,
    "pid": 10104,
    "index": 50
  },
  {
    "name": "Require(42) node_modules/_egg-development@2.4.3@egg-development/app.js",
    "start": 1568119561017,
    "end": 1568119561017,
    "duration": 0,
    "pid": 10104,
    "index": 51
  },
  {
    "name": "Require(43) node_modules/_egg-logrotator@3.1.0@egg-logrotator/app.js",
    "start": 1568119561018,
    "end": 1568119561018,
    "duration": 0,
    "pid": 10104,
    "index": 52
  },
  {
    "name": "Require(44) node_modules/_egg-static@2.2.0@egg-static/app.js",
    "start": 1568119561018,
    "end": 1568119561019,
    "duration": 1,
    "pid": 10104,
    "index": 53
  },
  {
    "name": "Require(45) node_modules/_egg-sequelize@5.2.0@egg-sequelize/app.js",
    "start": 1568119561019,
    "end": 1568119561020,
    "duration": 1,
    "pid": 10104,
    "index": 54
  },
  {
    "name": "Before Start in node_modules/_egg-watcher@3.1.0@egg-watcher/lib/init.js:15:14",
    "start": 1568119561036,
    "end": 1568119561854,
    "duration": 818,
    "pid": 10104,
    "index": 55
  },
  {
    "name": "Load \"Symbol(model)\" to Application",
    "start": 1568119561585,
    "end": 1568119561611,
    "duration": 26,
    "pid": 10104,
    "index": 56
  },
  {
    "name": "Before Start in node_modules/_egg-sequelize@5.2.0@egg-sequelize/lib/loader.js:39:7",
    "start": 1568119561619,
    "end": 1568119561891,
    "duration": 272,
    "pid": 10104,
    "index": 57
  },
  {
    "name": "Load Service",
    "start": 1568119561620,
    "end": 1568119561626,
    "duration": 6,
    "pid": 10104,
    "index": 58
  },
  {
    "name": "Load \"service\" to Context",
    "start": 1568119561620,
    "end": 1568119561626,
    "duration": 6,
    "pid": 10104,
    "index": 59
  },
  {
    "name": "Load Middleware",
    "start": 1568119561627,
    "end": 1568119561767,
    "duration": 140,
    "pid": 10104,
    "index": 60
  },
  {
    "name": "Load \"middlewares\" to Application",
    "start": 1568119561627,
    "end": 1568119561751,
    "duration": 124,
    "pid": 10104,
    "index": 61
  },
  {
    "name": "Load Controller",
    "start": 1568119561768,
    "end": 1568119561772,
    "duration": 4,
    "pid": 10104,
    "index": 62
  },
  {
    "name": "Load \"controller\" to Application",
    "start": 1568119561768,
    "end": 1568119561772,
    "duration": 4,
    "pid": 10104,
    "index": 63
  },
  {
    "name": "Load Router",
    "start": 1568119561772,
    "end": 1568119561776,
    "duration": 4,
    "pid": 10104,
    "index": 64
  },
  {
    "name": "Require(46) app/router.js",
    "start": 1568119561773,
    "end": 1568119561773,
    "duration": 0,
    "pid": 10104,
    "index": 65
  },
  {
    "name": "Before Start in node_modules/_egg-core@4.17.3@egg-core/lib/egg.js:303:10",
    "start": 1568119561774,
    "end": 1568119561799,
    "duration": 25,
    "pid": 10104,
    "index": 66
  }
]