[
  {
    "name": "Application Start",
    "start": 1568110544101,
    "end": 1568110545255,
    "duration": 1154,
    "pid": 13564,
    "index": 0
  },
  {
    "name": "Load Plugin",
    "start": 1568110544108,
    "end": 1568110544138,
    "duration": 30,
    "pid": 13564,
    "index": 1
  },
  {
    "name": "Load Config",
    "start": 1568110544138,
    "end": 1568110544172,
    "duration": 34,
    "pid": 13564,
    "index": 2
  },
  {
    "name": "Require(0) config/config.default.js",
    "start": 1568110544140,
    "end": 1568110544140,
    "duration": 0,
    "pid": 13564,
    "index": 3
  },
  {
    "name": "Require(1) node_modules/_egg-session@3.1.0@egg-session/config/config.default.js",
    "start": 1568110544143,
    "end": 1568110544143,
    "duration": 0,
    "pid": 13564,
    "index": 4
  },
  {
    "name": "Require(2) node_modules/_egg-security@2.6.1@egg-security/config/config.default.js",
    "start": 1568110544144,
    "end": 1568110544144,
    "duration": 0,
    "pid": 13564,
    "index": 5
  },
  {
    "name": "Require(3) node_modules/_egg-jsonp@2.0.0@egg-jsonp/config/config.default.js",
    "start": 1568110544146,
    "end": 1568110544146,
    "duration": 0,
    "pid": 13564,
    "index": 6
  },
  {
    "name": "Require(4) node_modules/_egg-onerror@2.1.0@egg-onerror/config/config.default.js",
    "start": 1568110544147,
    "end": 1568110544148,
    "duration": 1,
    "pid": 13564,
    "index": 7
  },
  {
    "name": "Require(5) node_modules/_egg-i18n@2.1.1@egg-i18n/config/config.default.js",
    "start": 1568110544150,
    "end": 1568110544151,
    "duration": 1,
    "pid": 13564,
    "index": 8
  },
  {
    "name": "Require(6) node_modules/_egg-watcher@3.1.0@egg-watcher/config/config.default.js",
    "start": 1568110544152,
    "end": 1568110544153,
    "duration": 1,
    "pid": 13564,
    "index": 9
  },
  {
    "name": "Require(7) node_modules/_egg-schedule@3.6.4@egg-schedule/config/config.default.js",
    "start": 1568110544153,
    "end": 1568110544154,
    "duration": 1,
    "pid": 13564,
    "index": 10
  },
  {
    "name": "Require(8) node_modules/_egg-multipart@2.9.0@egg-multipart/config/config.default.js",
    "start": 1568110544155,
    "end": 1568110544155,
    "duration": 0,
    "pid": 13564,
    "index": 11
  },
  {
    "name": "Require(9) node_modules/_egg-development@2.4.3@egg-development/config/config.default.js",
    "start": 1568110544156,
    "end": 1568110544156,
    "duration": 0,
    "pid": 13564,
    "index": 12
  },
  {
    "name": "Require(10) node_modules/_egg-logrotator@3.1.0@egg-logrotator/config/config.default.js",
    "start": 1568110544157,
    "end": 1568110544157,
    "duration": 0,
    "pid": 13564,
    "index": 13
  },
  {
    "name": "Require(11) node_modules/_egg-static@2.2.0@egg-static/config/config.default.js",
    "start": 1568110544158,
    "end": 1568110544158,
    "duration": 0,
    "pid": 13564,
    "index": 14
  },
  {
    "name": "Require(12) node_modules/_egg-view@2.1.2@egg-view/config/config.default.js",
    "start": 1568110544159,
    "end": 1568110544159,
    "duration": 0,
    "pid": 13564,
    "index": 15
  },
  {
    "name": "Require(13) node_modules/_egg-sequelize@5.2.0@egg-sequelize/config/config.default.js",
    "start": 1568110544160,
    "end": 1568110544160,
    "duration": 0,
    "pid": 13564,
    "index": 16
  },
  {
    "name": "Require(14) node_modules/_egg@2.23.0@egg/config/config.default.js",
    "start": 1568110544161,
    "end": 1568110544161,
    "duration": 0,
    "pid": 13564,
    "index": 17
  },
  {
    "name": "Require(15) config/config.default.js",
    "start": 1568110544164,
    "end": 1568110544164,
    "duration": 0,
    "pid": 13564,
    "index": 18
  },
  {
    "name": "Require(16) node_modules/_egg-security@2.6.1@egg-security/config/config.local.js",
    "start": 1568110544165,
    "end": 1568110544165,
    "duration": 0,
    "pid": 13564,
    "index": 19
  },
  {
    "name": "Require(17) node_modules/_egg-watcher@3.1.0@egg-watcher/config/config.local.js",
    "start": 1568110544168,
    "end": 1568110544168,
    "duration": 0,
    "pid": 13564,
    "index": 20
  },
  {
    "name": "Require(18) node_modules/_egg-view@2.1.2@egg-view/config/config.local.js",
    "start": 1568110544170,
    "end": 1568110544171,
    "duration": 1,
    "pid": 13564,
    "index": 21
  },
  {
    "name": "Require(19) node_modules/_egg@2.23.0@egg/config/config.local.js",
    "start": 1568110544172,
    "end": 1568110544172,
    "duration": 0,
    "pid": 13564,
    "index": 22
  },
  {
    "name": "Load extend/application.js",
    "start": 1568110544174,
    "end": 1568110544194,
    "duration": 20,
    "pid": 13564,
    "index": 23
  },
  {
    "name": "Require(20) node_modules/_egg-session@3.1.0@egg-session/app/extend/application.js",
    "start": 1568110544175,
    "end": 1568110544175,
    "duration": 0,
    "pid": 13564,
    "index": 24
  },
  {
    "name": "Require(21) node_modules/_egg-security@2.6.1@egg-security/app/extend/application.js",
    "start": 1568110544176,
    "end": 1568110544177,
    "duration": 1,
    "pid": 13564,
    "index": 25
  },
  {
    "name": "Require(22) node_modules/_egg-jsonp@2.0.0@egg-jsonp/app/extend/application.js",
    "start": 1568110544178,
    "end": 1568110544181,
    "duration": 3,
    "pid": 13564,
    "index": 26
  },
  {
    "name": "Require(23) node_modules/_egg-logrotator@3.1.0@egg-logrotator/app/extend/application.js",
    "start": 1568110544183,
    "end": 1568110544187,
    "duration": 4,
    "pid": 13564,
    "index": 27
  },
  {
    "name": "Require(24) node_modules/_egg-view@2.1.2@egg-view/app/extend/application.js",
    "start": 1568110544188,
    "end": 1568110544190,
    "duration": 2,
    "pid": 13564,
    "index": 28
  },
  {
    "name": "Load extend/request.js",
    "start": 1568110544194,
    "end": 1568110544204,
    "duration": 10,
    "pid": 13564,
    "index": 29
  },
  {
    "name": "Require(25) node_modules/_egg@2.23.0@egg/app/extend/request.js",
    "start": 1568110544198,
    "end": 1568110544200,
    "duration": 2,
    "pid": 13564,
    "index": 30
  },
  {
    "name": "Load extend/response.js",
    "start": 1568110544204,
    "end": 1568110544214,
    "duration": 10,
    "pid": 13564,
    "index": 31
  },
  {
    "name": "Require(26) node_modules/_egg@2.23.0@egg/app/extend/response.js",
    "start": 1568110544208,
    "end": 1568110544211,
    "duration": 3,
    "pid": 13564,
    "index": 32
  },
  {
    "name": "Load extend/context.js",
    "start": 1568110544214,
    "end": 1568110544329,
    "duration": 115,
    "pid": 13564,
    "index": 33
  },
  {
    "name": "Require(27) node_modules/_egg-security@2.6.1@egg-security/app/extend/context.js",
    "start": 1568110544215,
    "end": 1568110544237,
    "duration": 22,
    "pid": 13564,
    "index": 34
  },
  {
    "name": "Require(28) node_modules/_egg-jsonp@2.0.0@egg-jsonp/app/extend/context.js",
    "start": 1568110544238,
    "end": 1568110544241,
    "duration": 3,
    "pid": 13564,
    "index": 35
  },
  {
    "name": "Require(29) node_modules/_egg-i18n@2.1.1@egg-i18n/app/extend/context.js",
    "start": 1568110544242,
    "end": 1568110544242,
    "duration": 0,
    "pid": 13564,
    "index": 36
  },
  {
    "name": "Require(30) node_modules/_egg-multipart@2.9.0@egg-multipart/app/extend/context.js",
    "start": 1568110544244,
    "end": 1568110544318,
    "duration": 74,
    "pid": 13564,
    "index": 37
  },
  {
    "name": "Require(31) node_modules/_egg-view@2.1.2@egg-view/app/extend/context.js",
    "start": 1568110544319,
    "end": 1568110544321,
    "duration": 2,
    "pid": 13564,
    "index": 38
  },
  {
    "name": "Require(32) node_modules/_egg@2.23.0@egg/app/extend/context.js",
    "start": 1568110544321,
    "end": 1568110544325,
    "duration": 4,
    "pid": 13564,
    "index": 39
  },
  {
    "name": "Load extend/helper.js",
    "start": 1568110544329,
    "end": 1568110544366,
    "duration": 37,
    "pid": 13564,
    "index": 40
  },
  {
    "name": "Require(33) node_modules/_egg-security@2.6.1@egg-security/app/extend/helper.js",
    "start": 1568110544330,
    "end": 1568110544359,
    "duration": 29,
    "pid": 13564,
    "index": 41
  },
  {
    "name": "Require(34) node_modules/_egg@2.23.0@egg/app/extend/helper.js",
    "start": 1568110544362,
    "end": 1568110544363,
    "duration": 1,
    "pid": 13564,
    "index": 42
  },
  {
    "name": "Load app.js",
    "start": 1568110544366,
    "end": 1568110544420,
    "duration": 54,
    "pid": 13564,
    "index": 43
  },
  {
    "name": "Require(35) node_modules/_egg-session@3.1.0@egg-session/app.js",
    "start": 1568110544367,
    "end": 1568110544367,
    "duration": 0,
    "pid": 13564,
    "index": 44
  },
  {
    "name": "Require(36) node_modules/_egg-security@2.6.1@egg-security/app.js",
    "start": 1568110544368,
    "end": 1568110544370,
    "duration": 2,
    "pid": 13564,
    "index": 45
  },
  {
    "name": "Require(37) node_modules/_egg-onerror@2.1.0@egg-onerror/app.js",
    "start": 1568110544372,
    "end": 1568110544387,
    "duration": 15,
    "pid": 13564,
    "index": 46
  },
  {
    "name": "Require(38) node_modules/_egg-i18n@2.1.1@egg-i18n/app.js",
    "start": 1568110544388,
    "end": 1568110544400,
    "duration": 12,
    "pid": 13564,
    "index": 47
  },
  {
    "name": "Require(39) node_modules/_egg-watcher@3.1.0@egg-watcher/app.js",
    "start": 1568110544400,
    "end": 1568110544407,
    "duration": 7,
    "pid": 13564,
    "index": 48
  },
  {
    "name": "Require(40) node_modules/_egg-schedule@3.6.4@egg-schedule/app.js",
    "start": 1568110544408,
    "end": 1568110544411,
    "duration": 3,
    "pid": 13564,
    "index": 49
  },
  {
    "name": "Require(41) node_modules/_egg-multipart@2.9.0@egg-multipart/app.js",
    "start": 1568110544411,
    "end": 1568110544415,
    "duration": 4,
    "pid": 13564,
    "index": 50
  },
  {
    "name": "Require(42) node_modules/_egg-development@2.4.3@egg-development/app.js",
    "start": 1568110544416,
    "end": 1568110544416,
    "duration": 0,
    "pid": 13564,
    "index": 51
  },
  {
    "name": "Require(43) node_modules/_egg-logrotator@3.1.0@egg-logrotator/app.js",
    "start": 1568110544416,
    "end": 1568110544417,
    "duration": 1,
    "pid": 13564,
    "index": 52
  },
  {
    "name": "Require(44) node_modules/_egg-static@2.2.0@egg-static/app.js",
    "start": 1568110544417,
    "end": 1568110544417,
    "duration": 0,
    "pid": 13564,
    "index": 53
  },
  {
    "name": "Require(45) node_modules/_egg-sequelize@5.2.0@egg-sequelize/app.js",
    "start": 1568110544418,
    "end": 1568110544419,
    "duration": 1,
    "pid": 13564,
    "index": 54
  },
  {
    "name": "Before Start in node_modules/_egg-watcher@3.1.0@egg-watcher/lib/init.js:15:14",
    "start": 1568110544436,
    "end": 1568110545218,
    "duration": 782,
    "pid": 13564,
    "index": 55
  },
  {
    "name": "Load \"Symbol(model)\" to Application",
    "start": 1568110544965,
    "end": 1568110544989,
    "duration": 24,
    "pid": 13564,
    "index": 56
  },
  {
    "name": "Before Start in node_modules/_egg-sequelize@5.2.0@egg-sequelize/lib/loader.js:39:7",
    "start": 1568110544997,
    "end": 1568110545254,
    "duration": 257,
    "pid": 13564,
    "index": 57
  },
  {
    "name": "Load Service",
    "start": 1568110544997,
    "end": 1568110545003,
    "duration": 6,
    "pid": 13564,
    "index": 58
  },
  {
    "name": "Load \"service\" to Context",
    "start": 1568110544997,
    "end": 1568110545003,
    "duration": 6,
    "pid": 13564,
    "index": 59
  },
  {
    "name": "Load Middleware",
    "start": 1568110545003,
    "end": 1568110545142,
    "duration": 139,
    "pid": 13564,
    "index": 60
  },
  {
    "name": "Load \"middlewares\" to Application",
    "start": 1568110545003,
    "end": 1568110545124,
    "duration": 121,
    "pid": 13564,
    "index": 61
  },
  {
    "name": "Load Controller",
    "start": 1568110545142,
    "end": 1568110545147,
    "duration": 5,
    "pid": 13564,
    "index": 62
  },
  {
    "name": "Load \"controller\" to Application",
    "start": 1568110545142,
    "end": 1568110545147,
    "duration": 5,
    "pid": 13564,
    "index": 63
  },
  {
    "name": "Load Router",
    "start": 1568110545147,
    "end": 1568110545150,
    "duration": 3,
    "pid": 13564,
    "index": 64
  },
  {
    "name": "Require(46) app/router.js",
    "start": 1568110545147,
    "end": 1568110545148,
    "duration": 1,
    "pid": 13564,
    "index": 65
  },
  {
    "name": "Before Start in node_modules/_egg-core@4.17.3@egg-core/lib/egg.js:303:10",
    "start": 1568110545148,
    "end": 1568110545171,
    "duration": 23,
    "pid": 13564,
    "index": 66
  }
]