[
  {
    "name": "Application Start",
    "start": 1568118298267,
    "end": 1568118299581,
    "duration": 1314,
    "pid": 11388,
    "index": 0
  },
  {
    "name": "Load Plugin",
    "start": 1568118298274,
    "end": 1568118298302,
    "duration": 28,
    "pid": 11388,
    "index": 1
  },
  {
    "name": "Load Config",
    "start": 1568118298302,
    "end": 1568118298332,
    "duration": 30,
    "pid": 11388,
    "index": 2
  },
  {
    "name": "Require(0) config/config.default.js",
    "start": 1568118298304,
    "end": 1568118298304,
    "duration": 0,
    "pid": 11388,
    "index": 3
  },
  {
    "name": "Require(1) node_modules/_egg-session@3.1.0@egg-session/config/config.default.js",
    "start": 1568118298306,
    "end": 1568118298307,
    "duration": 1,
    "pid": 11388,
    "index": 4
  },
  {
    "name": "Require(2) node_modules/_egg-security@2.6.1@egg-security/config/config.default.js",
    "start": 1568118298308,
    "end": 1568118298308,
    "duration": 0,
    "pid": 11388,
    "index": 5
  },
  {
    "name": "Require(3) node_modules/_egg-jsonp@2.0.0@egg-jsonp/config/config.default.js",
    "start": 1568118298310,
    "end": 1568118298310,
    "duration": 0,
    "pid": 11388,
    "index": 6
  },
  {
    "name": "Require(4) node_modules/_egg-onerror@2.1.0@egg-onerror/config/config.default.js",
    "start": 1568118298311,
    "end": 1568118298312,
    "duration": 1,
    "pid": 11388,
    "index": 7
  },
  {
    "name": "Require(5) node_modules/_egg-i18n@2.1.1@egg-i18n/config/config.default.js",
    "start": 1568118298313,
    "end": 1568118298313,
    "duration": 0,
    "pid": 11388,
    "index": 8
  },
  {
    "name": "Require(6) node_modules/_egg-watcher@3.1.0@egg-watcher/config/config.default.js",
    "start": 1568118298314,
    "end": 1568118298314,
    "duration": 0,
    "pid": 11388,
    "index": 9
  },
  {
    "name": "Require(7) node_modules/_egg-schedule@3.6.4@egg-schedule/config/config.default.js",
    "start": 1568118298315,
    "end": 1568118298315,
    "duration": 0,
    "pid": 11388,
    "index": 10
  },
  {
    "name": "Require(8) node_modules/_egg-multipart@2.9.0@egg-multipart/config/config.default.js",
    "start": 1568118298316,
    "end": 1568118298316,
    "duration": 0,
    "pid": 11388,
    "index": 11
  },
  {
    "name": "Require(9) node_modules/_egg-development@2.4.3@egg-development/config/config.default.js",
    "start": 1568118298317,
    "end": 1568118298318,
    "duration": 1,
    "pid": 11388,
    "index": 12
  },
  {
    "name": "Require(10) node_modules/_egg-logrotator@3.1.0@egg-logrotator/config/config.default.js",
    "start": 1568118298318,
    "end": 1568118298319,
    "duration": 1,
    "pid": 11388,
    "index": 13
  },
  {
    "name": "Require(11) node_modules/_egg-static@2.2.0@egg-static/config/config.default.js",
    "start": 1568118298319,
    "end": 1568118298320,
    "duration": 1,
    "pid": 11388,
    "index": 14
  },
  {
    "name": "Require(12) node_modules/_egg-view@2.1.2@egg-view/config/config.default.js",
    "start": 1568118298321,
    "end": 1568118298321,
    "duration": 0,
    "pid": 11388,
    "index": 15
  },
  {
    "name": "Require(13) node_modules/_egg-sequelize@5.2.0@egg-sequelize/config/config.default.js",
    "start": 1568118298322,
    "end": 1568118298322,
    "duration": 0,
    "pid": 11388,
    "index": 16
  },
  {
    "name": "Require(14) node_modules/_egg@2.23.0@egg/config/config.default.js",
    "start": 1568118298323,
    "end": 1568118298323,
    "duration": 0,
    "pid": 11388,
    "index": 17
  },
  {
    "name": "Require(15) config/config.default.js",
    "start": 1568118298325,
    "end": 1568118298325,
    "duration": 0,
    "pid": 11388,
    "index": 18
  },
  {
    "name": "Require(16) node_modules/_egg-security@2.6.1@egg-security/config/config.local.js",
    "start": 1568118298326,
    "end": 1568118298326,
    "duration": 0,
    "pid": 11388,
    "index": 19
  },
  {
    "name": "Require(17) node_modules/_egg-watcher@3.1.0@egg-watcher/config/config.local.js",
    "start": 1568118298328,
    "end": 1568118298328,
    "duration": 0,
    "pid": 11388,
    "index": 20
  },
  {
    "name": "Require(18) node_modules/_egg-view@2.1.2@egg-view/config/config.local.js",
    "start": 1568118298330,
    "end": 1568118298331,
    "duration": 1,
    "pid": 11388,
    "index": 21
  },
  {
    "name": "Require(19) node_modules/_egg@2.23.0@egg/config/config.local.js",
    "start": 1568118298331,
    "end": 1568118298332,
    "duration": 1,
    "pid": 11388,
    "index": 22
  },
  {
    "name": "Load extend/application.js",
    "start": 1568118298334,
    "end": 1568118298359,
    "duration": 25,
    "pid": 11388,
    "index": 23
  },
  {
    "name": "Require(20) node_modules/_egg-session@3.1.0@egg-session/app/extend/application.js",
    "start": 1568118298335,
    "end": 1568118298335,
    "duration": 0,
    "pid": 11388,
    "index": 24
  },
  {
    "name": "Require(21) node_modules/_egg-security@2.6.1@egg-security/app/extend/application.js",
    "start": 1568118298336,
    "end": 1568118298338,
    "duration": 2,
    "pid": 11388,
    "index": 25
  },
  {
    "name": "Require(22) node_modules/_egg-jsonp@2.0.0@egg-jsonp/app/extend/application.js",
    "start": 1568118298338,
    "end": 1568118298341,
    "duration": 3,
    "pid": 11388,
    "index": 26
  },
  {
    "name": "Require(23) node_modules/_egg-logrotator@3.1.0@egg-logrotator/app/extend/application.js",
    "start": 1568118298344,
    "end": 1568118298348,
    "duration": 4,
    "pid": 11388,
    "index": 27
  },
  {
    "name": "Require(24) node_modules/_egg-view@2.1.2@egg-view/app/extend/application.js",
    "start": 1568118298349,
    "end": 1568118298353,
    "duration": 4,
    "pid": 11388,
    "index": 28
  },
  {
    "name": "Load extend/request.js",
    "start": 1568118298359,
    "end": 1568118298369,
    "duration": 10,
    "pid": 11388,
    "index": 29
  },
  {
    "name": "Require(25) node_modules/_egg@2.23.0@egg/app/extend/request.js",
    "start": 1568118298362,
    "end": 1568118298365,
    "duration": 3,
    "pid": 11388,
    "index": 30
  },
  {
    "name": "Load extend/response.js",
    "start": 1568118298369,
    "end": 1568118298381,
    "duration": 12,
    "pid": 11388,
    "index": 31
  },
  {
    "name": "Require(26) node_modules/_egg@2.23.0@egg/app/extend/response.js",
    "start": 1568118298374,
    "end": 1568118298377,
    "duration": 3,
    "pid": 11388,
    "index": 32
  },
  {
    "name": "Load extend/context.js",
    "start": 1568118298381,
    "end": 1568118298521,
    "duration": 140,
    "pid": 11388,
    "index": 33
  },
  {
    "name": "Require(27) node_modules/_egg-security@2.6.1@egg-security/app/extend/context.js",
    "start": 1568118298381,
    "end": 1568118298403,
    "duration": 22,
    "pid": 11388,
    "index": 34
  },
  {
    "name": "Require(28) node_modules/_egg-jsonp@2.0.0@egg-jsonp/app/extend/context.js",
    "start": 1568118298404,
    "end": 1568118298406,
    "duration": 2,
    "pid": 11388,
    "index": 35
  },
  {
    "name": "Require(29) node_modules/_egg-i18n@2.1.1@egg-i18n/app/extend/context.js",
    "start": 1568118298407,
    "end": 1568118298408,
    "duration": 1,
    "pid": 11388,
    "index": 36
  },
  {
    "name": "Require(30) node_modules/_egg-multipart@2.9.0@egg-multipart/app/extend/context.js",
    "start": 1568118298410,
    "end": 1568118298508,
    "duration": 98,
    "pid": 11388,
    "index": 37
  },
  {
    "name": "Require(31) node_modules/_egg-view@2.1.2@egg-view/app/extend/context.js",
    "start": 1568118298510,
    "end": 1568118298511,
    "duration": 1,
    "pid": 11388,
    "index": 38
  },
  {
    "name": "Require(32) node_modules/_egg@2.23.0@egg/app/extend/context.js",
    "start": 1568118298512,
    "end": 1568118298517,
    "duration": 5,
    "pid": 11388,
    "index": 39
  },
  {
    "name": "Load extend/helper.js",
    "start": 1568118298521,
    "end": 1568118298564,
    "duration": 43,
    "pid": 11388,
    "index": 40
  },
  {
    "name": "Require(33) node_modules/_egg-security@2.6.1@egg-security/app/extend/helper.js",
    "start": 1568118298522,
    "end": 1568118298555,
    "duration": 33,
    "pid": 11388,
    "index": 41
  },
  {
    "name": "Require(34) node_modules/_egg@2.23.0@egg/app/extend/helper.js",
    "start": 1568118298559,
    "end": 1568118298560,
    "duration": 1,
    "pid": 11388,
    "index": 42
  },
  {
    "name": "Load app.js",
    "start": 1568118298564,
    "end": 1568118298629,
    "duration": 65,
    "pid": 11388,
    "index": 43
  },
  {
    "name": "Require(35) node_modules/_egg-session@3.1.0@egg-session/app.js",
    "start": 1568118298565,
    "end": 1568118298565,
    "duration": 0,
    "pid": 11388,
    "index": 44
  },
  {
    "name": "Require(36) node_modules/_egg-security@2.6.1@egg-security/app.js",
    "start": 1568118298566,
    "end": 1568118298569,
    "duration": 3,
    "pid": 11388,
    "index": 45
  },
  {
    "name": "Require(37) node_modules/_egg-onerror@2.1.0@egg-onerror/app.js",
    "start": 1568118298570,
    "end": 1568118298588,
    "duration": 18,
    "pid": 11388,
    "index": 46
  },
  {
    "name": "Require(38) node_modules/_egg-i18n@2.1.1@egg-i18n/app.js",
    "start": 1568118298588,
    "end": 1568118298601,
    "duration": 13,
    "pid": 11388,
    "index": 47
  },
  {
    "name": "Require(39) node_modules/_egg-watcher@3.1.0@egg-watcher/app.js",
    "start": 1568118298602,
    "end": 1568118298610,
    "duration": 8,
    "pid": 11388,
    "index": 48
  },
  {
    "name": "Require(40) node_modules/_egg-schedule@3.6.4@egg-schedule/app.js",
    "start": 1568118298610,
    "end": 1568118298614,
    "duration": 4,
    "pid": 11388,
    "index": 49
  },
  {
    "name": "Require(41) node_modules/_egg-multipart@2.9.0@egg-multipart/app.js",
    "start": 1568118298616,
    "end": 1568118298623,
    "duration": 7,
    "pid": 11388,
    "index": 50
  },
  {
    "name": "Require(42) node_modules/_egg-development@2.4.3@egg-development/app.js",
    "start": 1568118298624,
    "end": 1568118298624,
    "duration": 0,
    "pid": 11388,
    "index": 51
  },
  {
    "name": "Require(43) node_modules/_egg-logrotator@3.1.0@egg-logrotator/app.js",
    "start": 1568118298624,
    "end": 1568118298625,
    "duration": 1,
    "pid": 11388,
    "index": 52
  },
  {
    "name": "Require(44) node_modules/_egg-static@2.2.0@egg-static/app.js",
    "start": 1568118298625,
    "end": 1568118298626,
    "duration": 1,
    "pid": 11388,
    "index": 53
  },
  {
    "name": "Require(45) node_modules/_egg-sequelize@5.2.0@egg-sequelize/app.js",
    "start": 1568118298626,
    "end": 1568118298627,
    "duration": 1,
    "pid": 11388,
    "index": 54
  },
  {
    "name": "Before Start in node_modules/_egg-watcher@3.1.0@egg-watcher/lib/init.js:15:14",
    "start": 1568118298649,
    "end": 1568118299541,
    "duration": 892,
    "pid": 11388,
    "index": 55
  },
  {
    "name": "Load \"Symbol(model)\" to Application",
    "start": 1568118299246,
    "end": 1568118299272,
    "duration": 26,
    "pid": 11388,
    "index": 56
  },
  {
    "name": "Before Start in node_modules/_egg-sequelize@5.2.0@egg-sequelize/lib/loader.js:39:7",
    "start": 1568118299284,
    "end": 1568118299580,
    "duration": 296,
    "pid": 11388,
    "index": 57
  },
  {
    "name": "Load Service",
    "start": 1568118299284,
    "end": 1568118299292,
    "duration": 8,
    "pid": 11388,
    "index": 58
  },
  {
    "name": "Load \"service\" to Context",
    "start": 1568118299285,
    "end": 1568118299292,
    "duration": 7,
    "pid": 11388,
    "index": 59
  },
  {
    "name": "Load Middleware",
    "start": 1568118299293,
    "end": 1568118299450,
    "duration": 157,
    "pid": 11388,
    "index": 60
  },
  {
    "name": "Load \"middlewares\" to Application",
    "start": 1568118299293,
    "end": 1568118299432,
    "duration": 139,
    "pid": 11388,
    "index": 61
  },
  {
    "name": "Load Controller",
    "start": 1568118299450,
    "end": 1568118299454,
    "duration": 4,
    "pid": 11388,
    "index": 62
  },
  {
    "name": "Load \"controller\" to Application",
    "start": 1568118299450,
    "end": 1568118299454,
    "duration": 4,
    "pid": 11388,
    "index": 63
  },
  {
    "name": "Load Router",
    "start": 1568118299454,
    "end": 1568118299457,
    "duration": 3,
    "pid": 11388,
    "index": 64
  },
  {
    "name": "Require(46) app/router.js",
    "start": 1568118299455,
    "end": 1568118299455,
    "duration": 0,
    "pid": 11388,
    "index": 65
  },
  {
    "name": "Before Start in node_modules/_egg-core@4.17.3@egg-core/lib/egg.js:303:10",
    "start": 1568118299455,
    "end": 1568118299479,
    "duration": 24,
    "pid": 11388,
    "index": 66
  }
]