[
  {
    "name": "Application Start",
    "start": 1568113773159,
    "end": 1568113774526,
    "duration": 1367,
    "pid": 13956,
    "index": 0
  },
  {
    "name": "Load Plugin",
    "start": 1568113773166,
    "end": 1568113773195,
    "duration": 29,
    "pid": 13956,
    "index": 1
  },
  {
    "name": "Load Config",
    "start": 1568113773195,
    "end": 1568113773225,
    "duration": 30,
    "pid": 13956,
    "index": 2
  },
  {
    "name": "Require(0) config/config.default.js",
    "start": 1568113773196,
    "end": 1568113773197,
    "duration": 1,
    "pid": 13956,
    "index": 3
  },
  {
    "name": "Require(1) node_modules/_egg-session@3.1.0@egg-session/config/config.default.js",
    "start": 1568113773199,
    "end": 1568113773200,
    "duration": 1,
    "pid": 13956,
    "index": 4
  },
  {
    "name": "Require(2) node_modules/_egg-security@2.6.1@egg-security/config/config.default.js",
    "start": 1568113773201,
    "end": 1568113773201,
    "duration": 0,
    "pid": 13956,
    "index": 5
  },
  {
    "name": "Require(3) node_modules/_egg-jsonp@2.0.0@egg-jsonp/config/config.default.js",
    "start": 1568113773203,
    "end": 1568113773204,
    "duration": 1,
    "pid": 13956,
    "index": 6
  },
  {
    "name": "Require(4) node_modules/_egg-onerror@2.1.0@egg-onerror/config/config.default.js",
    "start": 1568113773205,
    "end": 1568113773205,
    "duration": 0,
    "pid": 13956,
    "index": 7
  },
  {
    "name": "Require(5) node_modules/_egg-i18n@2.1.1@egg-i18n/config/config.default.js",
    "start": 1568113773206,
    "end": 1568113773206,
    "duration": 0,
    "pid": 13956,
    "index": 8
  },
  {
    "name": "Require(6) node_modules/_egg-watcher@3.1.0@egg-watcher/config/config.default.js",
    "start": 1568113773207,
    "end": 1568113773207,
    "duration": 0,
    "pid": 13956,
    "index": 9
  },
  {
    "name": "Require(7) node_modules/_egg-schedule@3.6.4@egg-schedule/config/config.default.js",
    "start": 1568113773208,
    "end": 1568113773208,
    "duration": 0,
    "pid": 13956,
    "index": 10
  },
  {
    "name": "Require(8) node_modules/_egg-multipart@2.9.0@egg-multipart/config/config.default.js",
    "start": 1568113773209,
    "end": 1568113773210,
    "duration": 1,
    "pid": 13956,
    "index": 11
  },
  {
    "name": "Require(9) node_modules/_egg-development@2.4.3@egg-development/config/config.default.js",
    "start": 1568113773211,
    "end": 1568113773211,
    "duration": 0,
    "pid": 13956,
    "index": 12
  },
  {
    "name": "Require(10) node_modules/_egg-logrotator@3.1.0@egg-logrotator/config/config.default.js",
    "start": 1568113773212,
    "end": 1568113773212,
    "duration": 0,
    "pid": 13956,
    "index": 13
  },
  {
    "name": "Require(11) node_modules/_egg-static@2.2.0@egg-static/config/config.default.js",
    "start": 1568113773213,
    "end": 1568113773213,
    "duration": 0,
    "pid": 13956,
    "index": 14
  },
  {
    "name": "Require(12) node_modules/_egg-view@2.1.2@egg-view/config/config.default.js",
    "start": 1568113773214,
    "end": 1568113773214,
    "duration": 0,
    "pid": 13956,
    "index": 15
  },
  {
    "name": "Require(13) node_modules/_egg-sequelize@5.2.0@egg-sequelize/config/config.default.js",
    "start": 1568113773215,
    "end": 1568113773216,
    "duration": 1,
    "pid": 13956,
    "index": 16
  },
  {
    "name": "Require(14) node_modules/_egg@2.23.0@egg/config/config.default.js",
    "start": 1568113773216,
    "end": 1568113773217,
    "duration": 1,
    "pid": 13956,
    "index": 17
  },
  {
    "name": "Require(15) config/config.default.js",
    "start": 1568113773219,
    "end": 1568113773219,
    "duration": 0,
    "pid": 13956,
    "index": 18
  },
  {
    "name": "Require(16) node_modules/_egg-security@2.6.1@egg-security/config/config.local.js",
    "start": 1568113773220,
    "end": 1568113773220,
    "duration": 0,
    "pid": 13956,
    "index": 19
  },
  {
    "name": "Require(17) node_modules/_egg-watcher@3.1.0@egg-watcher/config/config.local.js",
    "start": 1568113773221,
    "end": 1568113773221,
    "duration": 0,
    "pid": 13956,
    "index": 20
  },
  {
    "name": "Require(18) node_modules/_egg-view@2.1.2@egg-view/config/config.local.js",
    "start": 1568113773223,
    "end": 1568113773224,
    "duration": 1,
    "pid": 13956,
    "index": 21
  },
  {
    "name": "Require(19) node_modules/_egg@2.23.0@egg/config/config.local.js",
    "start": 1568113773224,
    "end": 1568113773225,
    "duration": 1,
    "pid": 13956,
    "index": 22
  },
  {
    "name": "Load extend/application.js",
    "start": 1568113773227,
    "end": 1568113773250,
    "duration": 23,
    "pid": 13956,
    "index": 23
  },
  {
    "name": "Require(20) node_modules/_egg-session@3.1.0@egg-session/app/extend/application.js",
    "start": 1568113773228,
    "end": 1568113773228,
    "duration": 0,
    "pid": 13956,
    "index": 24
  },
  {
    "name": "Require(21) node_modules/_egg-security@2.6.1@egg-security/app/extend/application.js",
    "start": 1568113773229,
    "end": 1568113773230,
    "duration": 1,
    "pid": 13956,
    "index": 25
  },
  {
    "name": "Require(22) node_modules/_egg-jsonp@2.0.0@egg-jsonp/app/extend/application.js",
    "start": 1568113773231,
    "end": 1568113773235,
    "duration": 4,
    "pid": 13956,
    "index": 26
  },
  {
    "name": "Require(23) node_modules/_egg-logrotator@3.1.0@egg-logrotator/app/extend/application.js",
    "start": 1568113773238,
    "end": 1568113773242,
    "duration": 4,
    "pid": 13956,
    "index": 27
  },
  {
    "name": "Require(24) node_modules/_egg-view@2.1.2@egg-view/app/extend/application.js",
    "start": 1568113773243,
    "end": 1568113773245,
    "duration": 2,
    "pid": 13956,
    "index": 28
  },
  {
    "name": "Load extend/request.js",
    "start": 1568113773250,
    "end": 1568113773260,
    "duration": 10,
    "pid": 13956,
    "index": 29
  },
  {
    "name": "Require(25) node_modules/_egg@2.23.0@egg/app/extend/request.js",
    "start": 1568113773254,
    "end": 1568113773256,
    "duration": 2,
    "pid": 13956,
    "index": 30
  },
  {
    "name": "Load extend/response.js",
    "start": 1568113773260,
    "end": 1568113773271,
    "duration": 11,
    "pid": 13956,
    "index": 31
  },
  {
    "name": "Require(26) node_modules/_egg@2.23.0@egg/app/extend/response.js",
    "start": 1568113773264,
    "end": 1568113773267,
    "duration": 3,
    "pid": 13956,
    "index": 32
  },
  {
    "name": "Load extend/context.js",
    "start": 1568113773272,
    "end": 1568113773416,
    "duration": 144,
    "pid": 13956,
    "index": 33
  },
  {
    "name": "Require(27) node_modules/_egg-security@2.6.1@egg-security/app/extend/context.js",
    "start": 1568113773273,
    "end": 1568113773296,
    "duration": 23,
    "pid": 13956,
    "index": 34
  },
  {
    "name": "Require(28) node_modules/_egg-jsonp@2.0.0@egg-jsonp/app/extend/context.js",
    "start": 1568113773297,
    "end": 1568113773300,
    "duration": 3,
    "pid": 13956,
    "index": 35
  },
  {
    "name": "Require(29) node_modules/_egg-i18n@2.1.1@egg-i18n/app/extend/context.js",
    "start": 1568113773301,
    "end": 1568113773301,
    "duration": 0,
    "pid": 13956,
    "index": 36
  },
  {
    "name": "Require(30) node_modules/_egg-multipart@2.9.0@egg-multipart/app/extend/context.js",
    "start": 1568113773303,
    "end": 1568113773398,
    "duration": 95,
    "pid": 13956,
    "index": 37
  },
  {
    "name": "Require(31) node_modules/_egg-view@2.1.2@egg-view/app/extend/context.js",
    "start": 1568113773400,
    "end": 1568113773403,
    "duration": 3,
    "pid": 13956,
    "index": 38
  },
  {
    "name": "Require(32) node_modules/_egg@2.23.0@egg/app/extend/context.js",
    "start": 1568113773404,
    "end": 1568113773410,
    "duration": 6,
    "pid": 13956,
    "index": 39
  },
  {
    "name": "Load extend/helper.js",
    "start": 1568113773416,
    "end": 1568113773478,
    "duration": 62,
    "pid": 13956,
    "index": 40
  },
  {
    "name": "Require(33) node_modules/_egg-security@2.6.1@egg-security/app/extend/helper.js",
    "start": 1568113773417,
    "end": 1568113773466,
    "duration": 49,
    "pid": 13956,
    "index": 41
  },
  {
    "name": "Require(34) node_modules/_egg@2.23.0@egg/app/extend/helper.js",
    "start": 1568113773471,
    "end": 1568113773472,
    "duration": 1,
    "pid": 13956,
    "index": 42
  },
  {
    "name": "Load app.js",
    "start": 1568113773478,
    "end": 1568113773542,
    "duration": 64,
    "pid": 13956,
    "index": 43
  },
  {
    "name": "Require(35) node_modules/_egg-session@3.1.0@egg-session/app.js",
    "start": 1568113773479,
    "end": 1568113773479,
    "duration": 0,
    "pid": 13956,
    "index": 44
  },
  {
    "name": "Require(36) node_modules/_egg-security@2.6.1@egg-security/app.js",
    "start": 1568113773480,
    "end": 1568113773483,
    "duration": 3,
    "pid": 13956,
    "index": 45
  },
  {
    "name": "Require(37) node_modules/_egg-onerror@2.1.0@egg-onerror/app.js",
    "start": 1568113773484,
    "end": 1568113773504,
    "duration": 20,
    "pid": 13956,
    "index": 46
  },
  {
    "name": "Require(38) node_modules/_egg-i18n@2.1.1@egg-i18n/app.js",
    "start": 1568113773504,
    "end": 1568113773516,
    "duration": 12,
    "pid": 13956,
    "index": 47
  },
  {
    "name": "Require(39) node_modules/_egg-watcher@3.1.0@egg-watcher/app.js",
    "start": 1568113773517,
    "end": 1568113773526,
    "duration": 9,
    "pid": 13956,
    "index": 48
  },
  {
    "name": "Require(40) node_modules/_egg-schedule@3.6.4@egg-schedule/app.js",
    "start": 1568113773526,
    "end": 1568113773530,
    "duration": 4,
    "pid": 13956,
    "index": 49
  },
  {
    "name": "Require(41) node_modules/_egg-multipart@2.9.0@egg-multipart/app.js",
    "start": 1568113773530,
    "end": 1568113773535,
    "duration": 5,
    "pid": 13956,
    "index": 50
  },
  {
    "name": "Require(42) node_modules/_egg-development@2.4.3@egg-development/app.js",
    "start": 1568113773536,
    "end": 1568113773536,
    "duration": 0,
    "pid": 13956,
    "index": 51
  },
  {
    "name": "Require(43) node_modules/_egg-logrotator@3.1.0@egg-logrotator/app.js",
    "start": 1568113773537,
    "end": 1568113773538,
    "duration": 1,
    "pid": 13956,
    "index": 52
  },
  {
    "name": "Require(44) node_modules/_egg-static@2.2.0@egg-static/app.js",
    "start": 1568113773538,
    "end": 1568113773539,
    "duration": 1,
    "pid": 13956,
    "index": 53
  },
  {
    "name": "Require(45) node_modules/_egg-sequelize@5.2.0@egg-sequelize/app.js",
    "start": 1568113773540,
    "end": 1568113773540,
    "duration": 0,
    "pid": 13956,
    "index": 54
  },
  {
    "name": "Before Start in node_modules/_egg-watcher@3.1.0@egg-watcher/lib/init.js:15:14",
    "start": 1568113773560,
    "end": 1568113774485,
    "duration": 925,
    "pid": 13956,
    "index": 55
  },
  {
    "name": "Load \"Symbol(model)\" to Application",
    "start": 1568113774198,
    "end": 1568113774222,
    "duration": 24,
    "pid": 13956,
    "index": 56
  },
  {
    "name": "Before Start in node_modules/_egg-sequelize@5.2.0@egg-sequelize/lib/loader.js:39:7",
    "start": 1568113774230,
    "end": 1568113774525,
    "duration": 295,
    "pid": 13956,
    "index": 57
  },
  {
    "name": "Load Service",
    "start": 1568113774230,
    "end": 1568113774236,
    "duration": 6,
    "pid": 13956,
    "index": 58
  },
  {
    "name": "Load \"service\" to Context",
    "start": 1568113774230,
    "end": 1568113774236,
    "duration": 6,
    "pid": 13956,
    "index": 59
  },
  {
    "name": "Load Middleware",
    "start": 1568113774237,
    "end": 1568113774383,
    "duration": 146,
    "pid": 13956,
    "index": 60
  },
  {
    "name": "Load \"middlewares\" to Application",
    "start": 1568113774238,
    "end": 1568113774365,
    "duration": 127,
    "pid": 13956,
    "index": 61
  },
  {
    "name": "Load Controller",
    "start": 1568113774384,
    "end": 1568113774389,
    "duration": 5,
    "pid": 13956,
    "index": 62
  },
  {
    "name": "Load \"controller\" to Application",
    "start": 1568113774384,
    "end": 1568113774389,
    "duration": 5,
    "pid": 13956,
    "index": 63
  },
  {
    "name": "Load Router",
    "start": 1568113774389,
    "end": 1568113774393,
    "duration": 4,
    "pid": 13956,
    "index": 64
  },
  {
    "name": "Require(46) app/router.js",
    "start": 1568113774390,
    "end": 1568113774390,
    "duration": 0,
    "pid": 13956,
    "index": 65
  },
  {
    "name": "Before Start in node_modules/_egg-core@4.17.3@egg-core/lib/egg.js:303:10",
    "start": 1568113774391,
    "end": 1568113774417,
    "duration": 26,
    "pid": 13956,
    "index": 66
  }
]