[
  {
    "name": "Application Start",
    "start": 1568103440012,
    "end": 1568103441233,
    "duration": 1221,
    "pid": 12904,
    "index": 0
  },
  {
    "name": "Load Plugin",
    "start": 1568103440018,
    "end": 1568103440041,
    "duration": 23,
    "pid": 12904,
    "index": 1
  },
  {
    "name": "Load Config",
    "start": 1568103440042,
    "end": 1568103440066,
    "duration": 24,
    "pid": 12904,
    "index": 2
  },
  {
    "name": "Require(0) config/config.default.js",
    "start": 1568103440043,
    "end": 1568103440043,
    "duration": 0,
    "pid": 12904,
    "index": 3
  },
  {
    "name": "Require(1) node_modules/_egg-session@3.1.0@egg-session/config/config.default.js",
    "start": 1568103440045,
    "end": 1568103440045,
    "duration": 0,
    "pid": 12904,
    "index": 4
  },
  {
    "name": "Require(2) node_modules/_egg-security@2.6.1@egg-security/config/config.default.js",
    "start": 1568103440046,
    "end": 1568103440046,
    "duration": 0,
    "pid": 12904,
    "index": 5
  },
  {
    "name": "Require(3) node_modules/_egg-jsonp@2.0.0@egg-jsonp/config/config.default.js",
    "start": 1568103440048,
    "end": 1568103440048,
    "duration": 0,
    "pid": 12904,
    "index": 6
  },
  {
    "name": "Require(4) node_modules/_egg-onerror@2.1.0@egg-onerror/config/config.default.js",
    "start": 1568103440049,
    "end": 1568103440049,
    "duration": 0,
    "pid": 12904,
    "index": 7
  },
  {
    "name": "Require(5) node_modules/_egg-i18n@2.1.1@egg-i18n/config/config.default.js",
    "start": 1568103440050,
    "end": 1568103440050,
    "duration": 0,
    "pid": 12904,
    "index": 8
  },
  {
    "name": "Require(6) node_modules/_egg-watcher@3.1.0@egg-watcher/config/config.default.js",
    "start": 1568103440051,
    "end": 1568103440051,
    "duration": 0,
    "pid": 12904,
    "index": 9
  },
  {
    "name": "Require(7) node_modules/_egg-schedule@3.6.4@egg-schedule/config/config.default.js",
    "start": 1568103440052,
    "end": 1568103440052,
    "duration": 0,
    "pid": 12904,
    "index": 10
  },
  {
    "name": "Require(8) node_modules/_egg-multipart@2.9.0@egg-multipart/config/config.default.js",
    "start": 1568103440053,
    "end": 1568103440053,
    "duration": 0,
    "pid": 12904,
    "index": 11
  },
  {
    "name": "Require(9) node_modules/_egg-development@2.4.3@egg-development/config/config.default.js",
    "start": 1568103440054,
    "end": 1568103440054,
    "duration": 0,
    "pid": 12904,
    "index": 12
  },
  {
    "name": "Require(10) node_modules/_egg-logrotator@3.1.0@egg-logrotator/config/config.default.js",
    "start": 1568103440055,
    "end": 1568103440055,
    "duration": 0,
    "pid": 12904,
    "index": 13
  },
  {
    "name": "Require(11) node_modules/_egg-static@2.2.0@egg-static/config/config.default.js",
    "start": 1568103440055,
    "end": 1568103440056,
    "duration": 1,
    "pid": 12904,
    "index": 14
  },
  {
    "name": "Require(12) node_modules/_egg-view@2.1.2@egg-view/config/config.default.js",
    "start": 1568103440056,
    "end": 1568103440057,
    "duration": 1,
    "pid": 12904,
    "index": 15
  },
  {
    "name": "Require(13) node_modules/_egg-sequelize@5.2.0@egg-sequelize/config/config.default.js",
    "start": 1568103440057,
    "end": 1568103440058,
    "duration": 1,
    "pid": 12904,
    "index": 16
  },
  {
    "name": "Require(14) node_modules/_egg@2.23.0@egg/config/config.default.js",
    "start": 1568103440058,
    "end": 1568103440059,
    "duration": 1,
    "pid": 12904,
    "index": 17
  },
  {
    "name": "Require(15) config/config.default.js",
    "start": 1568103440061,
    "end": 1568103440061,
    "duration": 0,
    "pid": 12904,
    "index": 18
  },
  {
    "name": "Require(16) node_modules/_egg-security@2.6.1@egg-security/config/config.local.js",
    "start": 1568103440062,
    "end": 1568103440062,
    "duration": 0,
    "pid": 12904,
    "index": 19
  },
  {
    "name": "Require(17) node_modules/_egg-watcher@3.1.0@egg-watcher/config/config.local.js",
    "start": 1568103440063,
    "end": 1568103440063,
    "duration": 0,
    "pid": 12904,
    "index": 20
  },
  {
    "name": "Require(18) node_modules/_egg-view@2.1.2@egg-view/config/config.local.js",
    "start": 1568103440065,
    "end": 1568103440065,
    "duration": 0,
    "pid": 12904,
    "index": 21
  },
  {
    "name": "Require(19) node_modules/_egg@2.23.0@egg/config/config.local.js",
    "start": 1568103440066,
    "end": 1568103440066,
    "duration": 0,
    "pid": 12904,
    "index": 22
  },
  {
    "name": "Load extend/application.js",
    "start": 1568103440068,
    "end": 1568103440090,
    "duration": 22,
    "pid": 12904,
    "index": 23
  },
  {
    "name": "Require(20) node_modules/_egg-session@3.1.0@egg-session/app/extend/application.js",
    "start": 1568103440070,
    "end": 1568103440070,
    "duration": 0,
    "pid": 12904,
    "index": 24
  },
  {
    "name": "Require(21) node_modules/_egg-security@2.6.1@egg-security/app/extend/application.js",
    "start": 1568103440071,
    "end": 1568103440073,
    "duration": 2,
    "pid": 12904,
    "index": 25
  },
  {
    "name": "Require(22) node_modules/_egg-jsonp@2.0.0@egg-jsonp/app/extend/application.js",
    "start": 1568103440073,
    "end": 1568103440077,
    "duration": 4,
    "pid": 12904,
    "index": 26
  },
  {
    "name": "Require(23) node_modules/_egg-logrotator@3.1.0@egg-logrotator/app/extend/application.js",
    "start": 1568103440079,
    "end": 1568103440082,
    "duration": 3,
    "pid": 12904,
    "index": 27
  },
  {
    "name": "Require(24) node_modules/_egg-view@2.1.2@egg-view/app/extend/application.js",
    "start": 1568103440083,
    "end": 1568103440086,
    "duration": 3,
    "pid": 12904,
    "index": 28
  },
  {
    "name": "Load extend/request.js",
    "start": 1568103440090,
    "end": 1568103440098,
    "duration": 8,
    "pid": 12904,
    "index": 29
  },
  {
    "name": "Require(25) node_modules/_egg@2.23.0@egg/app/extend/request.js",
    "start": 1568103440093,
    "end": 1568103440095,
    "duration": 2,
    "pid": 12904,
    "index": 30
  },
  {
    "name": "Load extend/response.js",
    "start": 1568103440098,
    "end": 1568103440108,
    "duration": 10,
    "pid": 12904,
    "index": 31
  },
  {
    "name": "Require(26) node_modules/_egg@2.23.0@egg/app/extend/response.js",
    "start": 1568103440102,
    "end": 1568103440105,
    "duration": 3,
    "pid": 12904,
    "index": 32
  },
  {
    "name": "Load extend/context.js",
    "start": 1568103440108,
    "end": 1568103440215,
    "duration": 107,
    "pid": 12904,
    "index": 33
  },
  {
    "name": "Require(27) node_modules/_egg-security@2.6.1@egg-security/app/extend/context.js",
    "start": 1568103440109,
    "end": 1568103440128,
    "duration": 19,
    "pid": 12904,
    "index": 34
  },
  {
    "name": "Require(28) node_modules/_egg-jsonp@2.0.0@egg-jsonp/app/extend/context.js",
    "start": 1568103440129,
    "end": 1568103440131,
    "duration": 2,
    "pid": 12904,
    "index": 35
  },
  {
    "name": "Require(29) node_modules/_egg-i18n@2.1.1@egg-i18n/app/extend/context.js",
    "start": 1568103440132,
    "end": 1568103440132,
    "duration": 0,
    "pid": 12904,
    "index": 36
  },
  {
    "name": "Require(30) node_modules/_egg-multipart@2.9.0@egg-multipart/app/extend/context.js",
    "start": 1568103440133,
    "end": 1568103440204,
    "duration": 71,
    "pid": 12904,
    "index": 37
  },
  {
    "name": "Require(31) node_modules/_egg-view@2.1.2@egg-view/app/extend/context.js",
    "start": 1568103440205,
    "end": 1568103440207,
    "duration": 2,
    "pid": 12904,
    "index": 38
  },
  {
    "name": "Require(32) node_modules/_egg@2.23.0@egg/app/extend/context.js",
    "start": 1568103440207,
    "end": 1568103440211,
    "duration": 4,
    "pid": 12904,
    "index": 39
  },
  {
    "name": "Load extend/helper.js",
    "start": 1568103440215,
    "end": 1568103440251,
    "duration": 36,
    "pid": 12904,
    "index": 40
  },
  {
    "name": "Require(33) node_modules/_egg-security@2.6.1@egg-security/app/extend/helper.js",
    "start": 1568103440215,
    "end": 1568103440244,
    "duration": 29,
    "pid": 12904,
    "index": 41
  },
  {
    "name": "Require(34) node_modules/_egg@2.23.0@egg/app/extend/helper.js",
    "start": 1568103440247,
    "end": 1568103440248,
    "duration": 1,
    "pid": 12904,
    "index": 42
  },
  {
    "name": "Load app.js",
    "start": 1568103440252,
    "end": 1568103440308,
    "duration": 56,
    "pid": 12904,
    "index": 43
  },
  {
    "name": "Require(35) node_modules/_egg-session@3.1.0@egg-session/app.js",
    "start": 1568103440252,
    "end": 1568103440253,
    "duration": 1,
    "pid": 12904,
    "index": 44
  },
  {
    "name": "Require(36) node_modules/_egg-security@2.6.1@egg-security/app.js",
    "start": 1568103440253,
    "end": 1568103440256,
    "duration": 3,
    "pid": 12904,
    "index": 45
  },
  {
    "name": "Require(37) node_modules/_egg-onerror@2.1.0@egg-onerror/app.js",
    "start": 1568103440257,
    "end": 1568103440275,
    "duration": 18,
    "pid": 12904,
    "index": 46
  },
  {
    "name": "Require(38) node_modules/_egg-i18n@2.1.1@egg-i18n/app.js",
    "start": 1568103440275,
    "end": 1568103440288,
    "duration": 13,
    "pid": 12904,
    "index": 47
  },
  {
    "name": "Require(39) node_modules/_egg-watcher@3.1.0@egg-watcher/app.js",
    "start": 1568103440288,
    "end": 1568103440296,
    "duration": 8,
    "pid": 12904,
    "index": 48
  },
  {
    "name": "Require(40) node_modules/_egg-schedule@3.6.4@egg-schedule/app.js",
    "start": 1568103440296,
    "end": 1568103440299,
    "duration": 3,
    "pid": 12904,
    "index": 49
  },
  {
    "name": "Require(41) node_modules/_egg-multipart@2.9.0@egg-multipart/app.js",
    "start": 1568103440299,
    "end": 1568103440303,
    "duration": 4,
    "pid": 12904,
    "index": 50
  },
  {
    "name": "Require(42) node_modules/_egg-development@2.4.3@egg-development/app.js",
    "start": 1568103440304,
    "end": 1568103440304,
    "duration": 0,
    "pid": 12904,
    "index": 51
  },
  {
    "name": "Require(43) node_modules/_egg-logrotator@3.1.0@egg-logrotator/app.js",
    "start": 1568103440305,
    "end": 1568103440305,
    "duration": 0,
    "pid": 12904,
    "index": 52
  },
  {
    "name": "Require(44) node_modules/_egg-static@2.2.0@egg-static/app.js",
    "start": 1568103440305,
    "end": 1568103440306,
    "duration": 1,
    "pid": 12904,
    "index": 53
  },
  {
    "name": "Require(45) node_modules/_egg-sequelize@5.2.0@egg-sequelize/app.js",
    "start": 1568103440307,
    "end": 1568103440307,
    "duration": 0,
    "pid": 12904,
    "index": 54
  },
  {
    "name": "Before Start in node_modules/_egg-watcher@3.1.0@egg-watcher/lib/init.js:15:14",
    "start": 1568103440324,
    "end": 1568103441194,
    "duration": 870,
    "pid": 12904,
    "index": 55
  },
  {
    "name": "Load \"Symbol(model)\" to Application",
    "start": 1568103440922,
    "end": 1568103440953,
    "duration": 31,
    "pid": 12904,
    "index": 56
  },
  {
    "name": "Before Start in node_modules/_egg-sequelize@5.2.0@egg-sequelize/lib/loader.js:39:7",
    "start": 1568103440961,
    "end": 1568103441232,
    "duration": 271,
    "pid": 12904,
    "index": 57
  },
  {
    "name": "Load Service",
    "start": 1568103440961,
    "end": 1568103440967,
    "duration": 6,
    "pid": 12904,
    "index": 58
  },
  {
    "name": "Load \"service\" to Context",
    "start": 1568103440962,
    "end": 1568103440967,
    "duration": 5,
    "pid": 12904,
    "index": 59
  },
  {
    "name": "Load Middleware",
    "start": 1568103440967,
    "end": 1568103441107,
    "duration": 140,
    "pid": 12904,
    "index": 60
  },
  {
    "name": "Load \"middlewares\" to Application",
    "start": 1568103440967,
    "end": 1568103441088,
    "duration": 121,
    "pid": 12904,
    "index": 61
  },
  {
    "name": "Load Controller",
    "start": 1568103441107,
    "end": 1568103441112,
    "duration": 5,
    "pid": 12904,
    "index": 62
  },
  {
    "name": "Load \"controller\" to Application",
    "start": 1568103441107,
    "end": 1568103441112,
    "duration": 5,
    "pid": 12904,
    "index": 63
  },
  {
    "name": "Load Router",
    "start": 1568103441112,
    "end": 1568103441115,
    "duration": 3,
    "pid": 12904,
    "index": 64
  },
  {
    "name": "Require(46) app/router.js",
    "start": 1568103441112,
    "end": 1568103441113,
    "duration": 1,
    "pid": 12904,
    "index": 65
  },
  {
    "name": "Before Start in node_modules/_egg-core@4.17.3@egg-core/lib/egg.js:303:10",
    "start": 1568103441113,
    "end": 1568103441137,
    "duration": 24,
    "pid": 12904,
    "index": 66
  }
]