[
  {
    "name": "Application Start",
    "start": 1568116788589,
    "end": 1568116789723,
    "duration": 1134,
    "pid": 12276,
    "index": 0
  },
  {
    "name": "Load Plugin",
    "start": 1568116788595,
    "end": 1568116788625,
    "duration": 30,
    "pid": 12276,
    "index": 1
  },
  {
    "name": "Load Config",
    "start": 1568116788625,
    "end": 1568116788652,
    "duration": 27,
    "pid": 12276,
    "index": 2
  },
  {
    "name": "Require(0) config/config.default.js",
    "start": 1568116788626,
    "end": 1568116788627,
    "duration": 1,
    "pid": 12276,
    "index": 3
  },
  {
    "name": "Require(1) node_modules/_egg-session@3.1.0@egg-session/config/config.default.js",
    "start": 1568116788629,
    "end": 1568116788629,
    "duration": 0,
    "pid": 12276,
    "index": 4
  },
  {
    "name": "Require(2) node_modules/_egg-security@2.6.1@egg-security/config/config.default.js",
    "start": 1568116788630,
    "end": 1568116788631,
    "duration": 1,
    "pid": 12276,
    "index": 5
  },
  {
    "name": "Require(3) node_modules/_egg-jsonp@2.0.0@egg-jsonp/config/config.default.js",
    "start": 1568116788632,
    "end": 1568116788633,
    "duration": 1,
    "pid": 12276,
    "index": 6
  },
  {
    "name": "Require(4) node_modules/_egg-onerror@2.1.0@egg-onerror/config/config.default.js",
    "start": 1568116788633,
    "end": 1568116788634,
    "duration": 1,
    "pid": 12276,
    "index": 7
  },
  {
    "name": "Require(5) node_modules/_egg-i18n@2.1.1@egg-i18n/config/config.default.js",
    "start": 1568116788634,
    "end": 1568116788635,
    "duration": 1,
    "pid": 12276,
    "index": 8
  },
  {
    "name": "Require(6) node_modules/_egg-watcher@3.1.0@egg-watcher/config/config.default.js",
    "start": 1568116788635,
    "end": 1568116788636,
    "duration": 1,
    "pid": 12276,
    "index": 9
  },
  {
    "name": "Require(7) node_modules/_egg-schedule@3.6.4@egg-schedule/config/config.default.js",
    "start": 1568116788636,
    "end": 1568116788637,
    "duration": 1,
    "pid": 12276,
    "index": 10
  },
  {
    "name": "Require(8) node_modules/_egg-multipart@2.9.0@egg-multipart/config/config.default.js",
    "start": 1568116788637,
    "end": 1568116788638,
    "duration": 1,
    "pid": 12276,
    "index": 11
  },
  {
    "name": "Require(9) node_modules/_egg-development@2.4.3@egg-development/config/config.default.js",
    "start": 1568116788639,
    "end": 1568116788639,
    "duration": 0,
    "pid": 12276,
    "index": 12
  },
  {
    "name": "Require(10) node_modules/_egg-logrotator@3.1.0@egg-logrotator/config/config.default.js",
    "start": 1568116788640,
    "end": 1568116788640,
    "duration": 0,
    "pid": 12276,
    "index": 13
  },
  {
    "name": "Require(11) node_modules/_egg-static@2.2.0@egg-static/config/config.default.js",
    "start": 1568116788641,
    "end": 1568116788641,
    "duration": 0,
    "pid": 12276,
    "index": 14
  },
  {
    "name": "Require(12) node_modules/_egg-view@2.1.2@egg-view/config/config.default.js",
    "start": 1568116788642,
    "end": 1568116788642,
    "duration": 0,
    "pid": 12276,
    "index": 15
  },
  {
    "name": "Require(13) node_modules/_egg-sequelize@5.2.0@egg-sequelize/config/config.default.js",
    "start": 1568116788643,
    "end": 1568116788643,
    "duration": 0,
    "pid": 12276,
    "index": 16
  },
  {
    "name": "Require(14) node_modules/_egg@2.23.0@egg/config/config.default.js",
    "start": 1568116788644,
    "end": 1568116788644,
    "duration": 0,
    "pid": 12276,
    "index": 17
  },
  {
    "name": "Require(15) config/config.default.js",
    "start": 1568116788646,
    "end": 1568116788646,
    "duration": 0,
    "pid": 12276,
    "index": 18
  },
  {
    "name": "Require(16) node_modules/_egg-security@2.6.1@egg-security/config/config.local.js",
    "start": 1568116788647,
    "end": 1568116788647,
    "duration": 0,
    "pid": 12276,
    "index": 19
  },
  {
    "name": "Require(17) node_modules/_egg-watcher@3.1.0@egg-watcher/config/config.local.js",
    "start": 1568116788648,
    "end": 1568116788649,
    "duration": 1,
    "pid": 12276,
    "index": 20
  },
  {
    "name": "Require(18) node_modules/_egg-view@2.1.2@egg-view/config/config.local.js",
    "start": 1568116788650,
    "end": 1568116788651,
    "duration": 1,
    "pid": 12276,
    "index": 21
  },
  {
    "name": "Require(19) node_modules/_egg@2.23.0@egg/config/config.local.js",
    "start": 1568116788651,
    "end": 1568116788652,
    "duration": 1,
    "pid": 12276,
    "index": 22
  },
  {
    "name": "Load extend/application.js",
    "start": 1568116788654,
    "end": 1568116788673,
    "duration": 19,
    "pid": 12276,
    "index": 23
  },
  {
    "name": "Require(20) node_modules/_egg-session@3.1.0@egg-session/app/extend/application.js",
    "start": 1568116788655,
    "end": 1568116788655,
    "duration": 0,
    "pid": 12276,
    "index": 24
  },
  {
    "name": "Require(21) node_modules/_egg-security@2.6.1@egg-security/app/extend/application.js",
    "start": 1568116788656,
    "end": 1568116788658,
    "duration": 2,
    "pid": 12276,
    "index": 25
  },
  {
    "name": "Require(22) node_modules/_egg-jsonp@2.0.0@egg-jsonp/app/extend/application.js",
    "start": 1568116788658,
    "end": 1568116788661,
    "duration": 3,
    "pid": 12276,
    "index": 26
  },
  {
    "name": "Require(23) node_modules/_egg-logrotator@3.1.0@egg-logrotator/app/extend/application.js",
    "start": 1568116788663,
    "end": 1568116788666,
    "duration": 3,
    "pid": 12276,
    "index": 27
  },
  {
    "name": "Require(24) node_modules/_egg-view@2.1.2@egg-view/app/extend/application.js",
    "start": 1568116788667,
    "end": 1568116788670,
    "duration": 3,
    "pid": 12276,
    "index": 28
  },
  {
    "name": "Load extend/request.js",
    "start": 1568116788673,
    "end": 1568116788683,
    "duration": 10,
    "pid": 12276,
    "index": 29
  },
  {
    "name": "Require(25) node_modules/_egg@2.23.0@egg/app/extend/request.js",
    "start": 1568116788677,
    "end": 1568116788680,
    "duration": 3,
    "pid": 12276,
    "index": 30
  },
  {
    "name": "Load extend/response.js",
    "start": 1568116788683,
    "end": 1568116788694,
    "duration": 11,
    "pid": 12276,
    "index": 31
  },
  {
    "name": "Require(26) node_modules/_egg@2.23.0@egg/app/extend/response.js",
    "start": 1568116788687,
    "end": 1568116788690,
    "duration": 3,
    "pid": 12276,
    "index": 32
  },
  {
    "name": "Load extend/context.js",
    "start": 1568116788694,
    "end": 1568116788801,
    "duration": 107,
    "pid": 12276,
    "index": 33
  },
  {
    "name": "Require(27) node_modules/_egg-security@2.6.1@egg-security/app/extend/context.js",
    "start": 1568116788695,
    "end": 1568116788714,
    "duration": 19,
    "pid": 12276,
    "index": 34
  },
  {
    "name": "Require(28) node_modules/_egg-jsonp@2.0.0@egg-jsonp/app/extend/context.js",
    "start": 1568116788715,
    "end": 1568116788717,
    "duration": 2,
    "pid": 12276,
    "index": 35
  },
  {
    "name": "Require(29) node_modules/_egg-i18n@2.1.1@egg-i18n/app/extend/context.js",
    "start": 1568116788718,
    "end": 1568116788719,
    "duration": 1,
    "pid": 12276,
    "index": 36
  },
  {
    "name": "Require(30) node_modules/_egg-multipart@2.9.0@egg-multipart/app/extend/context.js",
    "start": 1568116788720,
    "end": 1568116788791,
    "duration": 71,
    "pid": 12276,
    "index": 37
  },
  {
    "name": "Require(31) node_modules/_egg-view@2.1.2@egg-view/app/extend/context.js",
    "start": 1568116788792,
    "end": 1568116788794,
    "duration": 2,
    "pid": 12276,
    "index": 38
  },
  {
    "name": "Require(32) node_modules/_egg@2.23.0@egg/app/extend/context.js",
    "start": 1568116788794,
    "end": 1568116788798,
    "duration": 4,
    "pid": 12276,
    "index": 39
  },
  {
    "name": "Load extend/helper.js",
    "start": 1568116788801,
    "end": 1568116788838,
    "duration": 37,
    "pid": 12276,
    "index": 40
  },
  {
    "name": "Require(33) node_modules/_egg-security@2.6.1@egg-security/app/extend/helper.js",
    "start": 1568116788802,
    "end": 1568116788831,
    "duration": 29,
    "pid": 12276,
    "index": 41
  },
  {
    "name": "Require(34) node_modules/_egg@2.23.0@egg/app/extend/helper.js",
    "start": 1568116788834,
    "end": 1568116788834,
    "duration": 0,
    "pid": 12276,
    "index": 42
  },
  {
    "name": "Load app.js",
    "start": 1568116788838,
    "end": 1568116788889,
    "duration": 51,
    "pid": 12276,
    "index": 43
  },
  {
    "name": "Require(35) node_modules/_egg-session@3.1.0@egg-session/app.js",
    "start": 1568116788838,
    "end": 1568116788839,
    "duration": 1,
    "pid": 12276,
    "index": 44
  },
  {
    "name": "Require(36) node_modules/_egg-security@2.6.1@egg-security/app.js",
    "start": 1568116788839,
    "end": 1568116788842,
    "duration": 3,
    "pid": 12276,
    "index": 45
  },
  {
    "name": "Require(37) node_modules/_egg-onerror@2.1.0@egg-onerror/app.js",
    "start": 1568116788843,
    "end": 1568116788858,
    "duration": 15,
    "pid": 12276,
    "index": 46
  },
  {
    "name": "Require(38) node_modules/_egg-i18n@2.1.1@egg-i18n/app.js",
    "start": 1568116788859,
    "end": 1568116788870,
    "duration": 11,
    "pid": 12276,
    "index": 47
  },
  {
    "name": "Require(39) node_modules/_egg-watcher@3.1.0@egg-watcher/app.js",
    "start": 1568116788870,
    "end": 1568116788876,
    "duration": 6,
    "pid": 12276,
    "index": 48
  },
  {
    "name": "Require(40) node_modules/_egg-schedule@3.6.4@egg-schedule/app.js",
    "start": 1568116788876,
    "end": 1568116788879,
    "duration": 3,
    "pid": 12276,
    "index": 49
  },
  {
    "name": "Require(41) node_modules/_egg-multipart@2.9.0@egg-multipart/app.js",
    "start": 1568116788880,
    "end": 1568116788884,
    "duration": 4,
    "pid": 12276,
    "index": 50
  },
  {
    "name": "Require(42) node_modules/_egg-development@2.4.3@egg-development/app.js",
    "start": 1568116788885,
    "end": 1568116788885,
    "duration": 0,
    "pid": 12276,
    "index": 51
  },
  {
    "name": "Require(43) node_modules/_egg-logrotator@3.1.0@egg-logrotator/app.js",
    "start": 1568116788885,
    "end": 1568116788886,
    "duration": 1,
    "pid": 12276,
    "index": 52
  },
  {
    "name": "Require(44) node_modules/_egg-static@2.2.0@egg-static/app.js",
    "start": 1568116788886,
    "end": 1568116788886,
    "duration": 0,
    "pid": 12276,
    "index": 53
  },
  {
    "name": "Require(45) node_modules/_egg-sequelize@5.2.0@egg-sequelize/app.js",
    "start": 1568116788887,
    "end": 1568116788888,
    "duration": 1,
    "pid": 12276,
    "index": 54
  },
  {
    "name": "Before Start in node_modules/_egg-watcher@3.1.0@egg-watcher/lib/init.js:15:14",
    "start": 1568116788904,
    "end": 1568116789688,
    "duration": 784,
    "pid": 12276,
    "index": 55
  },
  {
    "name": "Load \"Symbol(model)\" to Application",
    "start": 1568116789436,
    "end": 1568116789459,
    "duration": 23,
    "pid": 12276,
    "index": 56
  },
  {
    "name": "Before Start in node_modules/_egg-sequelize@5.2.0@egg-sequelize/lib/loader.js:39:7",
    "start": 1568116789467,
    "end": 1568116789722,
    "duration": 255,
    "pid": 12276,
    "index": 57
  },
  {
    "name": "Load Service",
    "start": 1568116789467,
    "end": 1568116789472,
    "duration": 5,
    "pid": 12276,
    "index": 58
  },
  {
    "name": "Load \"service\" to Context",
    "start": 1568116789467,
    "end": 1568116789472,
    "duration": 5,
    "pid": 12276,
    "index": 59
  },
  {
    "name": "Load Middleware",
    "start": 1568116789473,
    "end": 1568116789603,
    "duration": 130,
    "pid": 12276,
    "index": 60
  },
  {
    "name": "Load \"middlewares\" to Application",
    "start": 1568116789473,
    "end": 1568116789587,
    "duration": 114,
    "pid": 12276,
    "index": 61
  },
  {
    "name": "Load Controller",
    "start": 1568116789603,
    "end": 1568116789607,
    "duration": 4,
    "pid": 12276,
    "index": 62
  },
  {
    "name": "Load \"controller\" to Application",
    "start": 1568116789603,
    "end": 1568116789607,
    "duration": 4,
    "pid": 12276,
    "index": 63
  },
  {
    "name": "Load Router",
    "start": 1568116789607,
    "end": 1568116789610,
    "duration": 3,
    "pid": 12276,
    "index": 64
  },
  {
    "name": "Require(46) app/router.js",
    "start": 1568116789608,
    "end": 1568116789608,
    "duration": 0,
    "pid": 12276,
    "index": 65
  },
  {
    "name": "Before Start in node_modules/_egg-core@4.17.3@egg-core/lib/egg.js:303:10",
    "start": 1568116789608,
    "end": 1568116789631,
    "duration": 23,
    "pid": 12276,
    "index": 66
  }
]