[
  {
    "name": "Application Start",
    "start": 1568103453549,
    "end": 1568103454799,
    "duration": 1250,
    "pid": 6492,
    "index": 0
  },
  {
    "name": "Load Plugin",
    "start": 1568103453555,
    "end": 1568103453584,
    "duration": 29,
    "pid": 6492,
    "index": 1
  },
  {
    "name": "Load Config",
    "start": 1568103453584,
    "end": 1568103453638,
    "duration": 54,
    "pid": 6492,
    "index": 2
  },
  {
    "name": "Require(0) config/config.default.js",
    "start": 1568103453586,
    "end": 1568103453586,
    "duration": 0,
    "pid": 6492,
    "index": 3
  },
  {
    "name": "Require(1) node_modules/_egg-session@3.1.0@egg-session/config/config.default.js",
    "start": 1568103453588,
    "end": 1568103453589,
    "duration": 1,
    "pid": 6492,
    "index": 4
  },
  {
    "name": "Require(2) node_modules/_egg-security@2.6.1@egg-security/config/config.default.js",
    "start": 1568103453590,
    "end": 1568103453590,
    "duration": 0,
    "pid": 6492,
    "index": 5
  },
  {
    "name": "Require(3) node_modules/_egg-jsonp@2.0.0@egg-jsonp/config/config.default.js",
    "start": 1568103453593,
    "end": 1568103453594,
    "duration": 1,
    "pid": 6492,
    "index": 6
  },
  {
    "name": "Require(4) node_modules/_egg-onerror@2.1.0@egg-onerror/config/config.default.js",
    "start": 1568103453595,
    "end": 1568103453596,
    "duration": 1,
    "pid": 6492,
    "index": 7
  },
  {
    "name": "Require(5) node_modules/_egg-i18n@2.1.1@egg-i18n/config/config.default.js",
    "start": 1568103453597,
    "end": 1568103453597,
    "duration": 0,
    "pid": 6492,
    "index": 8
  },
  {
    "name": "Require(6) node_modules/_egg-watcher@3.1.0@egg-watcher/config/config.default.js",
    "start": 1568103453598,
    "end": 1568103453599,
    "duration": 1,
    "pid": 6492,
    "index": 9
  },
  {
    "name": "Require(7) node_modules/_egg-schedule@3.6.4@egg-schedule/config/config.default.js",
    "start": 1568103453600,
    "end": 1568103453601,
    "duration": 1,
    "pid": 6492,
    "index": 10
  },
  {
    "name": "Require(8) node_modules/_egg-multipart@2.9.0@egg-multipart/config/config.default.js",
    "start": 1568103453602,
    "end": 1568103453603,
    "duration": 1,
    "pid": 6492,
    "index": 11
  },
  {
    "name": "Require(9) node_modules/_egg-development@2.4.3@egg-development/config/config.default.js",
    "start": 1568103453605,
    "end": 1568103453605,
    "duration": 0,
    "pid": 6492,
    "index": 12
  },
  {
    "name": "Require(10) node_modules/_egg-logrotator@3.1.0@egg-logrotator/config/config.default.js",
    "start": 1568103453606,
    "end": 1568103453607,
    "duration": 1,
    "pid": 6492,
    "index": 13
  },
  {
    "name": "Require(11) node_modules/_egg-static@2.2.0@egg-static/config/config.default.js",
    "start": 1568103453608,
    "end": 1568103453610,
    "duration": 2,
    "pid": 6492,
    "index": 14
  },
  {
    "name": "Require(12) node_modules/_egg-view@2.1.2@egg-view/config/config.default.js",
    "start": 1568103453615,
    "end": 1568103453616,
    "duration": 1,
    "pid": 6492,
    "index": 15
  },
  {
    "name": "Require(13) node_modules/_egg-sequelize@5.2.0@egg-sequelize/config/config.default.js",
    "start": 1568103453620,
    "end": 1568103453620,
    "duration": 0,
    "pid": 6492,
    "index": 16
  },
  {
    "name": "Require(14) node_modules/_egg@2.23.0@egg/config/config.default.js",
    "start": 1568103453621,
    "end": 1568103453622,
    "duration": 1,
    "pid": 6492,
    "index": 17
  },
  {
    "name": "Require(15) config/config.default.js",
    "start": 1568103453625,
    "end": 1568103453625,
    "duration": 0,
    "pid": 6492,
    "index": 18
  },
  {
    "name": "Require(16) node_modules/_egg-security@2.6.1@egg-security/config/config.local.js",
    "start": 1568103453626,
    "end": 1568103453627,
    "duration": 1,
    "pid": 6492,
    "index": 19
  },
  {
    "name": "Require(17) node_modules/_egg-watcher@3.1.0@egg-watcher/config/config.local.js",
    "start": 1568103453633,
    "end": 1568103453633,
    "duration": 0,
    "pid": 6492,
    "index": 20
  },
  {
    "name": "Require(18) node_modules/_egg-view@2.1.2@egg-view/config/config.local.js",
    "start": 1568103453636,
    "end": 1568103453636,
    "duration": 0,
    "pid": 6492,
    "index": 21
  },
  {
    "name": "Require(19) node_modules/_egg@2.23.0@egg/config/config.local.js",
    "start": 1568103453637,
    "end": 1568103453638,
    "duration": 1,
    "pid": 6492,
    "index": 22
  },
  {
    "name": "Load extend/application.js",
    "start": 1568103453642,
    "end": 1568103453666,
    "duration": 24,
    "pid": 6492,
    "index": 23
  },
  {
    "name": "Require(20) node_modules/_egg-session@3.1.0@egg-session/app/extend/application.js",
    "start": 1568103453643,
    "end": 1568103453644,
    "duration": 1,
    "pid": 6492,
    "index": 24
  },
  {
    "name": "Require(21) node_modules/_egg-security@2.6.1@egg-security/app/extend/application.js",
    "start": 1568103453645,
    "end": 1568103453648,
    "duration": 3,
    "pid": 6492,
    "index": 25
  },
  {
    "name": "Require(22) node_modules/_egg-jsonp@2.0.0@egg-jsonp/app/extend/application.js",
    "start": 1568103453648,
    "end": 1568103453651,
    "duration": 3,
    "pid": 6492,
    "index": 26
  },
  {
    "name": "Require(23) node_modules/_egg-logrotator@3.1.0@egg-logrotator/app/extend/application.js",
    "start": 1568103453653,
    "end": 1568103453658,
    "duration": 5,
    "pid": 6492,
    "index": 27
  },
  {
    "name": "Require(24) node_modules/_egg-view@2.1.2@egg-view/app/extend/application.js",
    "start": 1568103453659,
    "end": 1568103453662,
    "duration": 3,
    "pid": 6492,
    "index": 28
  },
  {
    "name": "Load extend/request.js",
    "start": 1568103453666,
    "end": 1568103453675,
    "duration": 9,
    "pid": 6492,
    "index": 29
  },
  {
    "name": "Require(25) node_modules/_egg@2.23.0@egg/app/extend/request.js",
    "start": 1568103453669,
    "end": 1568103453671,
    "duration": 2,
    "pid": 6492,
    "index": 30
  },
  {
    "name": "Load extend/response.js",
    "start": 1568103453675,
    "end": 1568103453685,
    "duration": 10,
    "pid": 6492,
    "index": 31
  },
  {
    "name": "Require(26) node_modules/_egg@2.23.0@egg/app/extend/response.js",
    "start": 1568103453678,
    "end": 1568103453681,
    "duration": 3,
    "pid": 6492,
    "index": 32
  },
  {
    "name": "Load extend/context.js",
    "start": 1568103453685,
    "end": 1568103453795,
    "duration": 110,
    "pid": 6492,
    "index": 33
  },
  {
    "name": "Require(27) node_modules/_egg-security@2.6.1@egg-security/app/extend/context.js",
    "start": 1568103453686,
    "end": 1568103453708,
    "duration": 22,
    "pid": 6492,
    "index": 34
  },
  {
    "name": "Require(28) node_modules/_egg-jsonp@2.0.0@egg-jsonp/app/extend/context.js",
    "start": 1568103453709,
    "end": 1568103453711,
    "duration": 2,
    "pid": 6492,
    "index": 35
  },
  {
    "name": "Require(29) node_modules/_egg-i18n@2.1.1@egg-i18n/app/extend/context.js",
    "start": 1568103453712,
    "end": 1568103453712,
    "duration": 0,
    "pid": 6492,
    "index": 36
  },
  {
    "name": "Require(30) node_modules/_egg-multipart@2.9.0@egg-multipart/app/extend/context.js",
    "start": 1568103453713,
    "end": 1568103453784,
    "duration": 71,
    "pid": 6492,
    "index": 37
  },
  {
    "name": "Require(31) node_modules/_egg-view@2.1.2@egg-view/app/extend/context.js",
    "start": 1568103453785,
    "end": 1568103453787,
    "duration": 2,
    "pid": 6492,
    "index": 38
  },
  {
    "name": "Require(32) node_modules/_egg@2.23.0@egg/app/extend/context.js",
    "start": 1568103453788,
    "end": 1568103453791,
    "duration": 3,
    "pid": 6492,
    "index": 39
  },
  {
    "name": "Load extend/helper.js",
    "start": 1568103453795,
    "end": 1568103453830,
    "duration": 35,
    "pid": 6492,
    "index": 40
  },
  {
    "name": "Require(33) node_modules/_egg-security@2.6.1@egg-security/app/extend/helper.js",
    "start": 1568103453796,
    "end": 1568103453823,
    "duration": 27,
    "pid": 6492,
    "index": 41
  },
  {
    "name": "Require(34) node_modules/_egg@2.23.0@egg/app/extend/helper.js",
    "start": 1568103453826,
    "end": 1568103453826,
    "duration": 0,
    "pid": 6492,
    "index": 42
  },
  {
    "name": "Load app.js",
    "start": 1568103453831,
    "end": 1568103453883,
    "duration": 52,
    "pid": 6492,
    "index": 43
  },
  {
    "name": "Require(35) node_modules/_egg-session@3.1.0@egg-session/app.js",
    "start": 1568103453831,
    "end": 1568103453832,
    "duration": 1,
    "pid": 6492,
    "index": 44
  },
  {
    "name": "Require(36) node_modules/_egg-security@2.6.1@egg-security/app.js",
    "start": 1568103453832,
    "end": 1568103453835,
    "duration": 3,
    "pid": 6492,
    "index": 45
  },
  {
    "name": "Require(37) node_modules/_egg-onerror@2.1.0@egg-onerror/app.js",
    "start": 1568103453836,
    "end": 1568103453852,
    "duration": 16,
    "pid": 6492,
    "index": 46
  },
  {
    "name": "Require(38) node_modules/_egg-i18n@2.1.1@egg-i18n/app.js",
    "start": 1568103453853,
    "end": 1568103453864,
    "duration": 11,
    "pid": 6492,
    "index": 47
  },
  {
    "name": "Require(39) node_modules/_egg-watcher@3.1.0@egg-watcher/app.js",
    "start": 1568103453864,
    "end": 1568103453870,
    "duration": 6,
    "pid": 6492,
    "index": 48
  },
  {
    "name": "Require(40) node_modules/_egg-schedule@3.6.4@egg-schedule/app.js",
    "start": 1568103453871,
    "end": 1568103453873,
    "duration": 2,
    "pid": 6492,
    "index": 49
  },
  {
    "name": "Require(41) node_modules/_egg-multipart@2.9.0@egg-multipart/app.js",
    "start": 1568103453874,
    "end": 1568103453878,
    "duration": 4,
    "pid": 6492,
    "index": 50
  },
  {
    "name": "Require(42) node_modules/_egg-development@2.4.3@egg-development/app.js",
    "start": 1568103453879,
    "end": 1568103453879,
    "duration": 0,
    "pid": 6492,
    "index": 51
  },
  {
    "name": "Require(43) node_modules/_egg-logrotator@3.1.0@egg-logrotator/app.js",
    "start": 1568103453880,
    "end": 1568103453880,
    "duration": 0,
    "pid": 6492,
    "index": 52
  },
  {
    "name": "Require(44) node_modules/_egg-static@2.2.0@egg-static/app.js",
    "start": 1568103453881,
    "end": 1568103453881,
    "duration": 0,
    "pid": 6492,
    "index": 53
  },
  {
    "name": "Require(45) node_modules/_egg-sequelize@5.2.0@egg-sequelize/app.js",
    "start": 1568103453882,
    "end": 1568103453882,
    "duration": 0,
    "pid": 6492,
    "index": 54
  },
  {
    "name": "Before Start in node_modules/_egg-watcher@3.1.0@egg-watcher/lib/init.js:15:14",
    "start": 1568103453899,
    "end": 1568103454765,
    "duration": 866,
    "pid": 6492,
    "index": 55
  },
  {
    "name": "Load \"Symbol(model)\" to Application",
    "start": 1568103454500,
    "end": 1568103454523,
    "duration": 23,
    "pid": 6492,
    "index": 56
  },
  {
    "name": "Before Start in node_modules/_egg-sequelize@5.2.0@egg-sequelize/lib/loader.js:39:7",
    "start": 1568103454534,
    "end": 1568103454798,
    "duration": 264,
    "pid": 6492,
    "index": 57
  },
  {
    "name": "Load Service",
    "start": 1568103454535,
    "end": 1568103454543,
    "duration": 8,
    "pid": 6492,
    "index": 58
  },
  {
    "name": "Load \"service\" to Context",
    "start": 1568103454535,
    "end": 1568103454543,
    "duration": 8,
    "pid": 6492,
    "index": 59
  },
  {
    "name": "Load Middleware",
    "start": 1568103454543,
    "end": 1568103454670,
    "duration": 127,
    "pid": 6492,
    "index": 60
  },
  {
    "name": "Load \"middlewares\" to Application",
    "start": 1568103454543,
    "end": 1568103454654,
    "duration": 111,
    "pid": 6492,
    "index": 61
  },
  {
    "name": "Load Controller",
    "start": 1568103454671,
    "end": 1568103454674,
    "duration": 3,
    "pid": 6492,
    "index": 62
  },
  {
    "name": "Load \"controller\" to Application",
    "start": 1568103454671,
    "end": 1568103454674,
    "duration": 3,
    "pid": 6492,
    "index": 63
  },
  {
    "name": "Load Router",
    "start": 1568103454674,
    "end": 1568103454677,
    "duration": 3,
    "pid": 6492,
    "index": 64
  },
  {
    "name": "Require(46) app/router.js",
    "start": 1568103454675,
    "end": 1568103454675,
    "duration": 0,
    "pid": 6492,
    "index": 65
  },
  {
    "name": "Before Start in node_modules/_egg-core@4.17.3@egg-core/lib/egg.js:303:10",
    "start": 1568103454676,
    "end": 1568103454698,
    "duration": 22,
    "pid": 6492,
    "index": 66
  }
]