[
  {
    "name": "Application Start",
    "start": 1568119506528,
    "end": 1568119507648,
    "duration": 1120,
    "pid": 5108,
    "index": 0
  },
  {
    "name": "Load Plugin",
    "start": 1568119506534,
    "end": 1568119506560,
    "duration": 26,
    "pid": 5108,
    "index": 1
  },
  {
    "name": "Load Config",
    "start": 1568119506560,
    "end": 1568119506587,
    "duration": 27,
    "pid": 5108,
    "index": 2
  },
  {
    "name": "Require(0) config/config.default.js",
    "start": 1568119506561,
    "end": 1568119506562,
    "duration": 1,
    "pid": 5108,
    "index": 3
  },
  {
    "name": "Require(1) node_modules/_egg-session@3.1.0@egg-session/config/config.default.js",
    "start": 1568119506564,
    "end": 1568119506564,
    "duration": 0,
    "pid": 5108,
    "index": 4
  },
  {
    "name": "Require(2) node_modules/_egg-security@2.6.1@egg-security/config/config.default.js",
    "start": 1568119506565,
    "end": 1568119506565,
    "duration": 0,
    "pid": 5108,
    "index": 5
  },
  {
    "name": "Require(3) node_modules/_egg-jsonp@2.0.0@egg-jsonp/config/config.default.js",
    "start": 1568119506566,
    "end": 1568119506567,
    "duration": 1,
    "pid": 5108,
    "index": 6
  },
  {
    "name": "Require(4) node_modules/_egg-onerror@2.1.0@egg-onerror/config/config.default.js",
    "start": 1568119506568,
    "end": 1568119506569,
    "duration": 1,
    "pid": 5108,
    "index": 7
  },
  {
    "name": "Require(5) node_modules/_egg-i18n@2.1.1@egg-i18n/config/config.default.js",
    "start": 1568119506570,
    "end": 1568119506570,
    "duration": 0,
    "pid": 5108,
    "index": 8
  },
  {
    "name": "Require(6) node_modules/_egg-watcher@3.1.0@egg-watcher/config/config.default.js",
    "start": 1568119506571,
    "end": 1568119506571,
    "duration": 0,
    "pid": 5108,
    "index": 9
  },
  {
    "name": "Require(7) node_modules/_egg-schedule@3.6.4@egg-schedule/config/config.default.js",
    "start": 1568119506572,
    "end": 1568119506572,
    "duration": 0,
    "pid": 5108,
    "index": 10
  },
  {
    "name": "Require(8) node_modules/_egg-multipart@2.9.0@egg-multipart/config/config.default.js",
    "start": 1568119506573,
    "end": 1568119506573,
    "duration": 0,
    "pid": 5108,
    "index": 11
  },
  {
    "name": "Require(9) node_modules/_egg-development@2.4.3@egg-development/config/config.default.js",
    "start": 1568119506574,
    "end": 1568119506574,
    "duration": 0,
    "pid": 5108,
    "index": 12
  },
  {
    "name": "Require(10) node_modules/_egg-logrotator@3.1.0@egg-logrotator/config/config.default.js",
    "start": 1568119506575,
    "end": 1568119506575,
    "duration": 0,
    "pid": 5108,
    "index": 13
  },
  {
    "name": "Require(11) node_modules/_egg-static@2.2.0@egg-static/config/config.default.js",
    "start": 1568119506576,
    "end": 1568119506576,
    "duration": 0,
    "pid": 5108,
    "index": 14
  },
  {
    "name": "Require(12) node_modules/_egg-view@2.1.2@egg-view/config/config.default.js",
    "start": 1568119506577,
    "end": 1568119506577,
    "duration": 0,
    "pid": 5108,
    "index": 15
  },
  {
    "name": "Require(13) node_modules/_egg-sequelize@5.2.0@egg-sequelize/config/config.default.js",
    "start": 1568119506578,
    "end": 1568119506578,
    "duration": 0,
    "pid": 5108,
    "index": 16
  },
  {
    "name": "Require(14) node_modules/_egg@2.23.0@egg/config/config.default.js",
    "start": 1568119506579,
    "end": 1568119506579,
    "duration": 0,
    "pid": 5108,
    "index": 17
  },
  {
    "name": "Require(15) config/config.default.js",
    "start": 1568119506581,
    "end": 1568119506581,
    "duration": 0,
    "pid": 5108,
    "index": 18
  },
  {
    "name": "Require(16) node_modules/_egg-security@2.6.1@egg-security/config/config.local.js",
    "start": 1568119506582,
    "end": 1568119506582,
    "duration": 0,
    "pid": 5108,
    "index": 19
  },
  {
    "name": "Require(17) node_modules/_egg-watcher@3.1.0@egg-watcher/config/config.local.js",
    "start": 1568119506584,
    "end": 1568119506584,
    "duration": 0,
    "pid": 5108,
    "index": 20
  },
  {
    "name": "Require(18) node_modules/_egg-view@2.1.2@egg-view/config/config.local.js",
    "start": 1568119506586,
    "end": 1568119506586,
    "duration": 0,
    "pid": 5108,
    "index": 21
  },
  {
    "name": "Require(19) node_modules/_egg@2.23.0@egg/config/config.local.js",
    "start": 1568119506587,
    "end": 1568119506587,
    "duration": 0,
    "pid": 5108,
    "index": 22
  },
  {
    "name": "Load extend/application.js",
    "start": 1568119506589,
    "end": 1568119506608,
    "duration": 19,
    "pid": 5108,
    "index": 23
  },
  {
    "name": "Require(20) node_modules/_egg-session@3.1.0@egg-session/app/extend/application.js",
    "start": 1568119506590,
    "end": 1568119506590,
    "duration": 0,
    "pid": 5108,
    "index": 24
  },
  {
    "name": "Require(21) node_modules/_egg-security@2.6.1@egg-security/app/extend/application.js",
    "start": 1568119506591,
    "end": 1568119506592,
    "duration": 1,
    "pid": 5108,
    "index": 25
  },
  {
    "name": "Require(22) node_modules/_egg-jsonp@2.0.0@egg-jsonp/app/extend/application.js",
    "start": 1568119506593,
    "end": 1568119506596,
    "duration": 3,
    "pid": 5108,
    "index": 26
  },
  {
    "name": "Require(23) node_modules/_egg-logrotator@3.1.0@egg-logrotator/app/extend/application.js",
    "start": 1568119506597,
    "end": 1568119506601,
    "duration": 4,
    "pid": 5108,
    "index": 27
  },
  {
    "name": "Require(24) node_modules/_egg-view@2.1.2@egg-view/app/extend/application.js",
    "start": 1568119506602,
    "end": 1568119506604,
    "duration": 2,
    "pid": 5108,
    "index": 28
  },
  {
    "name": "Load extend/request.js",
    "start": 1568119506608,
    "end": 1568119506619,
    "duration": 11,
    "pid": 5108,
    "index": 29
  },
  {
    "name": "Require(25) node_modules/_egg@2.23.0@egg/app/extend/request.js",
    "start": 1568119506613,
    "end": 1568119506616,
    "duration": 3,
    "pid": 5108,
    "index": 30
  },
  {
    "name": "Load extend/response.js",
    "start": 1568119506619,
    "end": 1568119506629,
    "duration": 10,
    "pid": 5108,
    "index": 31
  },
  {
    "name": "Require(26) node_modules/_egg@2.23.0@egg/app/extend/response.js",
    "start": 1568119506622,
    "end": 1568119506626,
    "duration": 4,
    "pid": 5108,
    "index": 32
  },
  {
    "name": "Load extend/context.js",
    "start": 1568119506629,
    "end": 1568119506736,
    "duration": 107,
    "pid": 5108,
    "index": 33
  },
  {
    "name": "Require(27) node_modules/_egg-security@2.6.1@egg-security/app/extend/context.js",
    "start": 1568119506630,
    "end": 1568119506650,
    "duration": 20,
    "pid": 5108,
    "index": 34
  },
  {
    "name": "Require(28) node_modules/_egg-jsonp@2.0.0@egg-jsonp/app/extend/context.js",
    "start": 1568119506651,
    "end": 1568119506653,
    "duration": 2,
    "pid": 5108,
    "index": 35
  },
  {
    "name": "Require(29) node_modules/_egg-i18n@2.1.1@egg-i18n/app/extend/context.js",
    "start": 1568119506654,
    "end": 1568119506654,
    "duration": 0,
    "pid": 5108,
    "index": 36
  },
  {
    "name": "Require(30) node_modules/_egg-multipart@2.9.0@egg-multipart/app/extend/context.js",
    "start": 1568119506656,
    "end": 1568119506727,
    "duration": 71,
    "pid": 5108,
    "index": 37
  },
  {
    "name": "Require(31) node_modules/_egg-view@2.1.2@egg-view/app/extend/context.js",
    "start": 1568119506728,
    "end": 1568119506729,
    "duration": 1,
    "pid": 5108,
    "index": 38
  },
  {
    "name": "Require(32) node_modules/_egg@2.23.0@egg/app/extend/context.js",
    "start": 1568119506730,
    "end": 1568119506733,
    "duration": 3,
    "pid": 5108,
    "index": 39
  },
  {
    "name": "Load extend/helper.js",
    "start": 1568119506736,
    "end": 1568119506771,
    "duration": 35,
    "pid": 5108,
    "index": 40
  },
  {
    "name": "Require(33) node_modules/_egg-security@2.6.1@egg-security/app/extend/helper.js",
    "start": 1568119506737,
    "end": 1568119506764,
    "duration": 27,
    "pid": 5108,
    "index": 41
  },
  {
    "name": "Require(34) node_modules/_egg@2.23.0@egg/app/extend/helper.js",
    "start": 1568119506767,
    "end": 1568119506768,
    "duration": 1,
    "pid": 5108,
    "index": 42
  },
  {
    "name": "Load app.js",
    "start": 1568119506772,
    "end": 1568119506821,
    "duration": 49,
    "pid": 5108,
    "index": 43
  },
  {
    "name": "Require(35) node_modules/_egg-session@3.1.0@egg-session/app.js",
    "start": 1568119506772,
    "end": 1568119506773,
    "duration": 1,
    "pid": 5108,
    "index": 44
  },
  {
    "name": "Require(36) node_modules/_egg-security@2.6.1@egg-security/app.js",
    "start": 1568119506773,
    "end": 1568119506776,
    "duration": 3,
    "pid": 5108,
    "index": 45
  },
  {
    "name": "Require(37) node_modules/_egg-onerror@2.1.0@egg-onerror/app.js",
    "start": 1568119506777,
    "end": 1568119506791,
    "duration": 14,
    "pid": 5108,
    "index": 46
  },
  {
    "name": "Require(38) node_modules/_egg-i18n@2.1.1@egg-i18n/app.js",
    "start": 1568119506792,
    "end": 1568119506803,
    "duration": 11,
    "pid": 5108,
    "index": 47
  },
  {
    "name": "Require(39) node_modules/_egg-watcher@3.1.0@egg-watcher/app.js",
    "start": 1568119506803,
    "end": 1568119506809,
    "duration": 6,
    "pid": 5108,
    "index": 48
  },
  {
    "name": "Require(40) node_modules/_egg-schedule@3.6.4@egg-schedule/app.js",
    "start": 1568119506809,
    "end": 1568119506812,
    "duration": 3,
    "pid": 5108,
    "index": 49
  },
  {
    "name": "Require(41) node_modules/_egg-multipart@2.9.0@egg-multipart/app.js",
    "start": 1568119506812,
    "end": 1568119506816,
    "duration": 4,
    "pid": 5108,
    "index": 50
  },
  {
    "name": "Require(42) node_modules/_egg-development@2.4.3@egg-development/app.js",
    "start": 1568119506817,
    "end": 1568119506817,
    "duration": 0,
    "pid": 5108,
    "index": 51
  },
  {
    "name": "Require(43) node_modules/_egg-logrotator@3.1.0@egg-logrotator/app.js",
    "start": 1568119506818,
    "end": 1568119506818,
    "duration": 0,
    "pid": 5108,
    "index": 52
  },
  {
    "name": "Require(44) node_modules/_egg-static@2.2.0@egg-static/app.js",
    "start": 1568119506818,
    "end": 1568119506819,
    "duration": 1,
    "pid": 5108,
    "index": 53
  },
  {
    "name": "Require(45) node_modules/_egg-sequelize@5.2.0@egg-sequelize/app.js",
    "start": 1568119506819,
    "end": 1568119506820,
    "duration": 1,
    "pid": 5108,
    "index": 54
  },
  {
    "name": "Before Start in node_modules/_egg-watcher@3.1.0@egg-watcher/lib/init.js:15:14",
    "start": 1568119506837,
    "end": 1568119507614,
    "duration": 777,
    "pid": 5108,
    "index": 55
  },
  {
    "name": "Load \"Symbol(model)\" to Application",
    "start": 1568119507363,
    "end": 1568119507384,
    "duration": 21,
    "pid": 5108,
    "index": 56
  },
  {
    "name": "Before Start in node_modules/_egg-sequelize@5.2.0@egg-sequelize/lib/loader.js:39:7",
    "start": 1568119507392,
    "end": 1568119507647,
    "duration": 255,
    "pid": 5108,
    "index": 57
  },
  {
    "name": "Load Service",
    "start": 1568119507393,
    "end": 1568119507398,
    "duration": 5,
    "pid": 5108,
    "index": 58
  },
  {
    "name": "Load \"service\" to Context",
    "start": 1568119507393,
    "end": 1568119507398,
    "duration": 5,
    "pid": 5108,
    "index": 59
  },
  {
    "name": "Load Middleware",
    "start": 1568119507398,
    "end": 1568119507528,
    "duration": 130,
    "pid": 5108,
    "index": 60
  },
  {
    "name": "Load \"middlewares\" to Application",
    "start": 1568119507398,
    "end": 1568119507513,
    "duration": 115,
    "pid": 5108,
    "index": 61
  },
  {
    "name": "Load Controller",
    "start": 1568119507528,
    "end": 1568119507532,
    "duration": 4,
    "pid": 5108,
    "index": 62
  },
  {
    "name": "Load \"controller\" to Application",
    "start": 1568119507528,
    "end": 1568119507532,
    "duration": 4,
    "pid": 5108,
    "index": 63
  },
  {
    "name": "Load Router",
    "start": 1568119507532,
    "end": 1568119507535,
    "duration": 3,
    "pid": 5108,
    "index": 64
  },
  {
    "name": "Require(46) app/router.js",
    "start": 1568119507532,
    "end": 1568119507532,
    "duration": 0,
    "pid": 5108,
    "index": 65
  },
  {
    "name": "Before Start in node_modules/_egg-core@4.17.3@egg-core/lib/egg.js:303:10",
    "start": 1568119507533,
    "end": 1568119507558,
    "duration": 25,
    "pid": 5108,
    "index": 66
  }
]