[
  {
    "name": "Application Start",
    "start": 1568102422747,
    "end": 1568102423894,
    "duration": 1147,
    "pid": 1496,
    "index": 0
  },
  {
    "name": "Load Plugin",
    "start": 1568102422755,
    "end": 1568102422784,
    "duration": 29,
    "pid": 1496,
    "index": 1
  },
  {
    "name": "Load Config",
    "start": 1568102422784,
    "end": 1568102422812,
    "duration": 28,
    "pid": 1496,
    "index": 2
  },
  {
    "name": "Require(0) config/config.default.js",
    "start": 1568102422785,
    "end": 1568102422786,
    "duration": 1,
    "pid": 1496,
    "index": 3
  },
  {
    "name": "Require(1) node_modules/_egg-session@3.1.0@egg-session/config/config.default.js",
    "start": 1568102422788,
    "end": 1568102422789,
    "duration": 1,
    "pid": 1496,
    "index": 4
  },
  {
    "name": "Require(2) node_modules/_egg-security@2.6.1@egg-security/config/config.default.js",
    "start": 1568102422790,
    "end": 1568102422790,
    "duration": 0,
    "pid": 1496,
    "index": 5
  },
  {
    "name": "Require(3) node_modules/_egg-jsonp@2.0.0@egg-jsonp/config/config.default.js",
    "start": 1568102422791,
    "end": 1568102422792,
    "duration": 1,
    "pid": 1496,
    "index": 6
  },
  {
    "name": "Require(4) node_modules/_egg-onerror@2.1.0@egg-onerror/config/config.default.js",
    "start": 1568102422792,
    "end": 1568102422793,
    "duration": 1,
    "pid": 1496,
    "index": 7
  },
  {
    "name": "Require(5) node_modules/_egg-i18n@2.1.1@egg-i18n/config/config.default.js",
    "start": 1568102422793,
    "end": 1568102422794,
    "duration": 1,
    "pid": 1496,
    "index": 8
  },
  {
    "name": "Require(6) node_modules/_egg-watcher@3.1.0@egg-watcher/config/config.default.js",
    "start": 1568102422794,
    "end": 1568102422795,
    "duration": 1,
    "pid": 1496,
    "index": 9
  },
  {
    "name": "Require(7) node_modules/_egg-schedule@3.6.4@egg-schedule/config/config.default.js",
    "start": 1568102422795,
    "end": 1568102422795,
    "duration": 0,
    "pid": 1496,
    "index": 10
  },
  {
    "name": "Require(8) node_modules/_egg-multipart@2.9.0@egg-multipart/config/config.default.js",
    "start": 1568102422796,
    "end": 1568102422796,
    "duration": 0,
    "pid": 1496,
    "index": 11
  },
  {
    "name": "Require(9) node_modules/_egg-development@2.4.3@egg-development/config/config.default.js",
    "start": 1568102422797,
    "end": 1568102422798,
    "duration": 1,
    "pid": 1496,
    "index": 12
  },
  {
    "name": "Require(10) node_modules/_egg-logrotator@3.1.0@egg-logrotator/config/config.default.js",
    "start": 1568102422798,
    "end": 1568102422799,
    "duration": 1,
    "pid": 1496,
    "index": 13
  },
  {
    "name": "Require(11) node_modules/_egg-static@2.2.0@egg-static/config/config.default.js",
    "start": 1568102422799,
    "end": 1568102422800,
    "duration": 1,
    "pid": 1496,
    "index": 14
  },
  {
    "name": "Require(12) node_modules/_egg-view@2.1.2@egg-view/config/config.default.js",
    "start": 1568102422800,
    "end": 1568102422801,
    "duration": 1,
    "pid": 1496,
    "index": 15
  },
  {
    "name": "Require(13) node_modules/_egg-sequelize@5.2.0@egg-sequelize/config/config.default.js",
    "start": 1568102422801,
    "end": 1568102422802,
    "duration": 1,
    "pid": 1496,
    "index": 16
  },
  {
    "name": "Require(14) node_modules/_egg@2.23.0@egg/config/config.default.js",
    "start": 1568102422803,
    "end": 1568102422804,
    "duration": 1,
    "pid": 1496,
    "index": 17
  },
  {
    "name": "Require(15) config/config.default.js",
    "start": 1568102422805,
    "end": 1568102422805,
    "duration": 0,
    "pid": 1496,
    "index": 18
  },
  {
    "name": "Require(16) node_modules/_egg-security@2.6.1@egg-security/config/config.local.js",
    "start": 1568102422806,
    "end": 1568102422806,
    "duration": 0,
    "pid": 1496,
    "index": 19
  },
  {
    "name": "Require(17) node_modules/_egg-watcher@3.1.0@egg-watcher/config/config.local.js",
    "start": 1568102422808,
    "end": 1568102422809,
    "duration": 1,
    "pid": 1496,
    "index": 20
  },
  {
    "name": "Require(18) node_modules/_egg-view@2.1.2@egg-view/config/config.local.js",
    "start": 1568102422810,
    "end": 1568102422811,
    "duration": 1,
    "pid": 1496,
    "index": 21
  },
  {
    "name": "Require(19) node_modules/_egg@2.23.0@egg/config/config.local.js",
    "start": 1568102422811,
    "end": 1568102422812,
    "duration": 1,
    "pid": 1496,
    "index": 22
  },
  {
    "name": "Load extend/application.js",
    "start": 1568102422814,
    "end": 1568102422833,
    "duration": 19,
    "pid": 1496,
    "index": 23
  },
  {
    "name": "Require(20) node_modules/_egg-session@3.1.0@egg-session/app/extend/application.js",
    "start": 1568102422815,
    "end": 1568102422815,
    "duration": 0,
    "pid": 1496,
    "index": 24
  },
  {
    "name": "Require(21) node_modules/_egg-security@2.6.1@egg-security/app/extend/application.js",
    "start": 1568102422816,
    "end": 1568102422817,
    "duration": 1,
    "pid": 1496,
    "index": 25
  },
  {
    "name": "Require(22) node_modules/_egg-jsonp@2.0.0@egg-jsonp/app/extend/application.js",
    "start": 1568102422817,
    "end": 1568102422821,
    "duration": 4,
    "pid": 1496,
    "index": 26
  },
  {
    "name": "Require(23) node_modules/_egg-logrotator@3.1.0@egg-logrotator/app/extend/application.js",
    "start": 1568102422823,
    "end": 1568102422826,
    "duration": 3,
    "pid": 1496,
    "index": 27
  },
  {
    "name": "Require(24) node_modules/_egg-view@2.1.2@egg-view/app/extend/application.js",
    "start": 1568102422827,
    "end": 1568102422829,
    "duration": 2,
    "pid": 1496,
    "index": 28
  },
  {
    "name": "Load extend/request.js",
    "start": 1568102422833,
    "end": 1568102422842,
    "duration": 9,
    "pid": 1496,
    "index": 29
  },
  {
    "name": "Require(25) node_modules/_egg@2.23.0@egg/app/extend/request.js",
    "start": 1568102422837,
    "end": 1568102422839,
    "duration": 2,
    "pid": 1496,
    "index": 30
  },
  {
    "name": "Load extend/response.js",
    "start": 1568102422842,
    "end": 1568102422852,
    "duration": 10,
    "pid": 1496,
    "index": 31
  },
  {
    "name": "Require(26) node_modules/_egg@2.23.0@egg/app/extend/response.js",
    "start": 1568102422845,
    "end": 1568102422848,
    "duration": 3,
    "pid": 1496,
    "index": 32
  },
  {
    "name": "Load extend/context.js",
    "start": 1568102422852,
    "end": 1568102422959,
    "duration": 107,
    "pid": 1496,
    "index": 33
  },
  {
    "name": "Require(27) node_modules/_egg-security@2.6.1@egg-security/app/extend/context.js",
    "start": 1568102422853,
    "end": 1568102422873,
    "duration": 20,
    "pid": 1496,
    "index": 34
  },
  {
    "name": "Require(28) node_modules/_egg-jsonp@2.0.0@egg-jsonp/app/extend/context.js",
    "start": 1568102422874,
    "end": 1568102422876,
    "duration": 2,
    "pid": 1496,
    "index": 35
  },
  {
    "name": "Require(29) node_modules/_egg-i18n@2.1.1@egg-i18n/app/extend/context.js",
    "start": 1568102422877,
    "end": 1568102422878,
    "duration": 1,
    "pid": 1496,
    "index": 36
  },
  {
    "name": "Require(30) node_modules/_egg-multipart@2.9.0@egg-multipart/app/extend/context.js",
    "start": 1568102422879,
    "end": 1568102422949,
    "duration": 70,
    "pid": 1496,
    "index": 37
  },
  {
    "name": "Require(31) node_modules/_egg-view@2.1.2@egg-view/app/extend/context.js",
    "start": 1568102422950,
    "end": 1568102422952,
    "duration": 2,
    "pid": 1496,
    "index": 38
  },
  {
    "name": "Require(32) node_modules/_egg@2.23.0@egg/app/extend/context.js",
    "start": 1568102422952,
    "end": 1568102422955,
    "duration": 3,
    "pid": 1496,
    "index": 39
  },
  {
    "name": "Load extend/helper.js",
    "start": 1568102422959,
    "end": 1568102422993,
    "duration": 34,
    "pid": 1496,
    "index": 40
  },
  {
    "name": "Require(33) node_modules/_egg-security@2.6.1@egg-security/app/extend/helper.js",
    "start": 1568102422960,
    "end": 1568102422987,
    "duration": 27,
    "pid": 1496,
    "index": 41
  },
  {
    "name": "Require(34) node_modules/_egg@2.23.0@egg/app/extend/helper.js",
    "start": 1568102422989,
    "end": 1568102422990,
    "duration": 1,
    "pid": 1496,
    "index": 42
  },
  {
    "name": "Load app.js",
    "start": 1568102422994,
    "end": 1568102423051,
    "duration": 57,
    "pid": 1496,
    "index": 43
  },
  {
    "name": "Require(35) node_modules/_egg-session@3.1.0@egg-session/app.js",
    "start": 1568102422994,
    "end": 1568102422995,
    "duration": 1,
    "pid": 1496,
    "index": 44
  },
  {
    "name": "Require(36) node_modules/_egg-security@2.6.1@egg-security/app.js",
    "start": 1568102422995,
    "end": 1568102422998,
    "duration": 3,
    "pid": 1496,
    "index": 45
  },
  {
    "name": "Require(37) node_modules/_egg-onerror@2.1.0@egg-onerror/app.js",
    "start": 1568102422999,
    "end": 1568102423014,
    "duration": 15,
    "pid": 1496,
    "index": 46
  },
  {
    "name": "Require(38) node_modules/_egg-i18n@2.1.1@egg-i18n/app.js",
    "start": 1568102423014,
    "end": 1568102423026,
    "duration": 12,
    "pid": 1496,
    "index": 47
  },
  {
    "name": "Require(39) node_modules/_egg-watcher@3.1.0@egg-watcher/app.js",
    "start": 1568102423027,
    "end": 1568102423033,
    "duration": 6,
    "pid": 1496,
    "index": 48
  },
  {
    "name": "Require(40) node_modules/_egg-schedule@3.6.4@egg-schedule/app.js",
    "start": 1568102423033,
    "end": 1568102423037,
    "duration": 4,
    "pid": 1496,
    "index": 49
  },
  {
    "name": "Require(41) node_modules/_egg-multipart@2.9.0@egg-multipart/app.js",
    "start": 1568102423037,
    "end": 1568102423045,
    "duration": 8,
    "pid": 1496,
    "index": 50
  },
  {
    "name": "Require(42) node_modules/_egg-development@2.4.3@egg-development/app.js",
    "start": 1568102423046,
    "end": 1568102423047,
    "duration": 1,
    "pid": 1496,
    "index": 51
  },
  {
    "name": "Require(43) node_modules/_egg-logrotator@3.1.0@egg-logrotator/app.js",
    "start": 1568102423047,
    "end": 1568102423048,
    "duration": 1,
    "pid": 1496,
    "index": 52
  },
  {
    "name": "Require(44) node_modules/_egg-static@2.2.0@egg-static/app.js",
    "start": 1568102423048,
    "end": 1568102423048,
    "duration": 0,
    "pid": 1496,
    "index": 53
  },
  {
    "name": "Require(45) node_modules/_egg-sequelize@5.2.0@egg-sequelize/app.js",
    "start": 1568102423049,
    "end": 1568102423050,
    "duration": 1,
    "pid": 1496,
    "index": 54
  },
  {
    "name": "Before Start in node_modules/_egg-watcher@3.1.0@egg-watcher/lib/init.js:15:14",
    "start": 1568102423069,
    "end": 1568102423858,
    "duration": 789,
    "pid": 1496,
    "index": 55
  },
  {
    "name": "Load \"Symbol(model)\" to Application",
    "start": 1568102423603,
    "end": 1568102423623,
    "duration": 20,
    "pid": 1496,
    "index": 56
  },
  {
    "name": "Before Start in node_modules/_egg-sequelize@5.2.0@egg-sequelize/lib/loader.js:39:7",
    "start": 1568102423629,
    "end": 1568102423893,
    "duration": 264,
    "pid": 1496,
    "index": 57
  },
  {
    "name": "Load Service",
    "start": 1568102423629,
    "end": 1568102423634,
    "duration": 5,
    "pid": 1496,
    "index": 58
  },
  {
    "name": "Load \"service\" to Context",
    "start": 1568102423629,
    "end": 1568102423634,
    "duration": 5,
    "pid": 1496,
    "index": 59
  },
  {
    "name": "Load Middleware",
    "start": 1568102423635,
    "end": 1568102423766,
    "duration": 131,
    "pid": 1496,
    "index": 60
  },
  {
    "name": "Load \"middlewares\" to Application",
    "start": 1568102423635,
    "end": 1568102423749,
    "duration": 114,
    "pid": 1496,
    "index": 61
  },
  {
    "name": "Load Controller",
    "start": 1568102423766,
    "end": 1568102423770,
    "duration": 4,
    "pid": 1496,
    "index": 62
  },
  {
    "name": "Load \"controller\" to Application",
    "start": 1568102423766,
    "end": 1568102423770,
    "duration": 4,
    "pid": 1496,
    "index": 63
  },
  {
    "name": "Load Router",
    "start": 1568102423770,
    "end": 1568102423774,
    "duration": 4,
    "pid": 1496,
    "index": 64
  },
  {
    "name": "Require(46) app/router.js",
    "start": 1568102423770,
    "end": 1568102423771,
    "duration": 1,
    "pid": 1496,
    "index": 65
  },
  {
    "name": "Before Start in node_modules/_egg-core@4.17.3@egg-core/lib/egg.js:303:10",
    "start": 1568102423771,
    "end": 1568102423797,
    "duration": 26,
    "pid": 1496,
    "index": 66
  }
]