[
  {
    "name": "Application Start",
    "start": 1568116630194,
    "end": 1568116631393,
    "duration": 1199,
    "pid": 14092,
    "index": 0
  },
  {
    "name": "Load Plugin",
    "start": 1568116630200,
    "end": 1568116630225,
    "duration": 25,
    "pid": 14092,
    "index": 1
  },
  {
    "name": "Load Config",
    "start": 1568116630226,
    "end": 1568116630252,
    "duration": 26,
    "pid": 14092,
    "index": 2
  },
  {
    "name": "Require(0) config/config.default.js",
    "start": 1568116630227,
    "end": 1568116630227,
    "duration": 0,
    "pid": 14092,
    "index": 3
  },
  {
    "name": "Require(1) node_modules/_egg-session@3.1.0@egg-session/config/config.default.js",
    "start": 1568116630229,
    "end": 1568116630229,
    "duration": 0,
    "pid": 14092,
    "index": 4
  },
  {
    "name": "Require(2) node_modules/_egg-security@2.6.1@egg-security/config/config.default.js",
    "start": 1568116630230,
    "end": 1568116630230,
    "duration": 0,
    "pid": 14092,
    "index": 5
  },
  {
    "name": "Require(3) node_modules/_egg-jsonp@2.0.0@egg-jsonp/config/config.default.js",
    "start": 1568116630232,
    "end": 1568116630232,
    "duration": 0,
    "pid": 14092,
    "index": 6
  },
  {
    "name": "Require(4) node_modules/_egg-onerror@2.1.0@egg-onerror/config/config.default.js",
    "start": 1568116630233,
    "end": 1568116630233,
    "duration": 0,
    "pid": 14092,
    "index": 7
  },
  {
    "name": "Require(5) node_modules/_egg-i18n@2.1.1@egg-i18n/config/config.default.js",
    "start": 1568116630234,
    "end": 1568116630234,
    "duration": 0,
    "pid": 14092,
    "index": 8
  },
  {
    "name": "Require(6) node_modules/_egg-watcher@3.1.0@egg-watcher/config/config.default.js",
    "start": 1568116630235,
    "end": 1568116630235,
    "duration": 0,
    "pid": 14092,
    "index": 9
  },
  {
    "name": "Require(7) node_modules/_egg-schedule@3.6.4@egg-schedule/config/config.default.js",
    "start": 1568116630236,
    "end": 1568116630237,
    "duration": 1,
    "pid": 14092,
    "index": 10
  },
  {
    "name": "Require(8) node_modules/_egg-multipart@2.9.0@egg-multipart/config/config.default.js",
    "start": 1568116630237,
    "end": 1568116630238,
    "duration": 1,
    "pid": 14092,
    "index": 11
  },
  {
    "name": "Require(9) node_modules/_egg-development@2.4.3@egg-development/config/config.default.js",
    "start": 1568116630239,
    "end": 1568116630239,
    "duration": 0,
    "pid": 14092,
    "index": 12
  },
  {
    "name": "Require(10) node_modules/_egg-logrotator@3.1.0@egg-logrotator/config/config.default.js",
    "start": 1568116630240,
    "end": 1568116630240,
    "duration": 0,
    "pid": 14092,
    "index": 13
  },
  {
    "name": "Require(11) node_modules/_egg-static@2.2.0@egg-static/config/config.default.js",
    "start": 1568116630241,
    "end": 1568116630241,
    "duration": 0,
    "pid": 14092,
    "index": 14
  },
  {
    "name": "Require(12) node_modules/_egg-view@2.1.2@egg-view/config/config.default.js",
    "start": 1568116630242,
    "end": 1568116630242,
    "duration": 0,
    "pid": 14092,
    "index": 15
  },
  {
    "name": "Require(13) node_modules/_egg-sequelize@5.2.0@egg-sequelize/config/config.default.js",
    "start": 1568116630243,
    "end": 1568116630243,
    "duration": 0,
    "pid": 14092,
    "index": 16
  },
  {
    "name": "Require(14) node_modules/_egg@2.23.0@egg/config/config.default.js",
    "start": 1568116630244,
    "end": 1568116630244,
    "duration": 0,
    "pid": 14092,
    "index": 17
  },
  {
    "name": "Require(15) config/config.default.js",
    "start": 1568116630246,
    "end": 1568116630246,
    "duration": 0,
    "pid": 14092,
    "index": 18
  },
  {
    "name": "Require(16) node_modules/_egg-security@2.6.1@egg-security/config/config.local.js",
    "start": 1568116630247,
    "end": 1568116630247,
    "duration": 0,
    "pid": 14092,
    "index": 19
  },
  {
    "name": "Require(17) node_modules/_egg-watcher@3.1.0@egg-watcher/config/config.local.js",
    "start": 1568116630248,
    "end": 1568116630249,
    "duration": 1,
    "pid": 14092,
    "index": 20
  },
  {
    "name": "Require(18) node_modules/_egg-view@2.1.2@egg-view/config/config.local.js",
    "start": 1568116630250,
    "end": 1568116630251,
    "duration": 1,
    "pid": 14092,
    "index": 21
  },
  {
    "name": "Require(19) node_modules/_egg@2.23.0@egg/config/config.local.js",
    "start": 1568116630252,
    "end": 1568116630252,
    "duration": 0,
    "pid": 14092,
    "index": 22
  },
  {
    "name": "Load extend/application.js",
    "start": 1568116630254,
    "end": 1568116630275,
    "duration": 21,
    "pid": 14092,
    "index": 23
  },
  {
    "name": "Require(20) node_modules/_egg-session@3.1.0@egg-session/app/extend/application.js",
    "start": 1568116630255,
    "end": 1568116630255,
    "duration": 0,
    "pid": 14092,
    "index": 24
  },
  {
    "name": "Require(21) node_modules/_egg-security@2.6.1@egg-security/app/extend/application.js",
    "start": 1568116630256,
    "end": 1568116630257,
    "duration": 1,
    "pid": 14092,
    "index": 25
  },
  {
    "name": "Require(22) node_modules/_egg-jsonp@2.0.0@egg-jsonp/app/extend/application.js",
    "start": 1568116630258,
    "end": 1568116630260,
    "duration": 2,
    "pid": 14092,
    "index": 26
  },
  {
    "name": "Require(23) node_modules/_egg-logrotator@3.1.0@egg-logrotator/app/extend/application.js",
    "start": 1568116630262,
    "end": 1568116630266,
    "duration": 4,
    "pid": 14092,
    "index": 27
  },
  {
    "name": "Require(24) node_modules/_egg-view@2.1.2@egg-view/app/extend/application.js",
    "start": 1568116630267,
    "end": 1568116630270,
    "duration": 3,
    "pid": 14092,
    "index": 28
  },
  {
    "name": "Load extend/request.js",
    "start": 1568116630275,
    "end": 1568116630286,
    "duration": 11,
    "pid": 14092,
    "index": 29
  },
  {
    "name": "Require(25) node_modules/_egg@2.23.0@egg/app/extend/request.js",
    "start": 1568116630279,
    "end": 1568116630281,
    "duration": 2,
    "pid": 14092,
    "index": 30
  },
  {
    "name": "Load extend/response.js",
    "start": 1568116630286,
    "end": 1568116630297,
    "duration": 11,
    "pid": 14092,
    "index": 31
  },
  {
    "name": "Require(26) node_modules/_egg@2.23.0@egg/app/extend/response.js",
    "start": 1568116630290,
    "end": 1568116630293,
    "duration": 3,
    "pid": 14092,
    "index": 32
  },
  {
    "name": "Load extend/context.js",
    "start": 1568116630297,
    "end": 1568116630441,
    "duration": 144,
    "pid": 14092,
    "index": 33
  },
  {
    "name": "Require(27) node_modules/_egg-security@2.6.1@egg-security/app/extend/context.js",
    "start": 1568116630297,
    "end": 1568116630327,
    "duration": 30,
    "pid": 14092,
    "index": 34
  },
  {
    "name": "Require(28) node_modules/_egg-jsonp@2.0.0@egg-jsonp/app/extend/context.js",
    "start": 1568116630327,
    "end": 1568116630330,
    "duration": 3,
    "pid": 14092,
    "index": 35
  },
  {
    "name": "Require(29) node_modules/_egg-i18n@2.1.1@egg-i18n/app/extend/context.js",
    "start": 1568116630331,
    "end": 1568116630332,
    "duration": 1,
    "pid": 14092,
    "index": 36
  },
  {
    "name": "Require(30) node_modules/_egg-multipart@2.9.0@egg-multipart/app/extend/context.js",
    "start": 1568116630333,
    "end": 1568116630431,
    "duration": 98,
    "pid": 14092,
    "index": 37
  },
  {
    "name": "Require(31) node_modules/_egg-view@2.1.2@egg-view/app/extend/context.js",
    "start": 1568116630432,
    "end": 1568116630433,
    "duration": 1,
    "pid": 14092,
    "index": 38
  },
  {
    "name": "Require(32) node_modules/_egg@2.23.0@egg/app/extend/context.js",
    "start": 1568116630434,
    "end": 1568116630437,
    "duration": 3,
    "pid": 14092,
    "index": 39
  },
  {
    "name": "Load extend/helper.js",
    "start": 1568116630441,
    "end": 1568116630479,
    "duration": 38,
    "pid": 14092,
    "index": 40
  },
  {
    "name": "Require(33) node_modules/_egg-security@2.6.1@egg-security/app/extend/helper.js",
    "start": 1568116630442,
    "end": 1568116630470,
    "duration": 28,
    "pid": 14092,
    "index": 41
  },
  {
    "name": "Require(34) node_modules/_egg@2.23.0@egg/app/extend/helper.js",
    "start": 1568116630473,
    "end": 1568116630475,
    "duration": 2,
    "pid": 14092,
    "index": 42
  },
  {
    "name": "Load app.js",
    "start": 1568116630479,
    "end": 1568116630550,
    "duration": 71,
    "pid": 14092,
    "index": 43
  },
  {
    "name": "Require(35) node_modules/_egg-session@3.1.0@egg-session/app.js",
    "start": 1568116630479,
    "end": 1568116630480,
    "duration": 1,
    "pid": 14092,
    "index": 44
  },
  {
    "name": "Require(36) node_modules/_egg-security@2.6.1@egg-security/app.js",
    "start": 1568116630480,
    "end": 1568116630483,
    "duration": 3,
    "pid": 14092,
    "index": 45
  },
  {
    "name": "Require(37) node_modules/_egg-onerror@2.1.0@egg-onerror/app.js",
    "start": 1568116630484,
    "end": 1568116630503,
    "duration": 19,
    "pid": 14092,
    "index": 46
  },
  {
    "name": "Require(38) node_modules/_egg-i18n@2.1.1@egg-i18n/app.js",
    "start": 1568116630504,
    "end": 1568116630521,
    "duration": 17,
    "pid": 14092,
    "index": 47
  },
  {
    "name": "Require(39) node_modules/_egg-watcher@3.1.0@egg-watcher/app.js",
    "start": 1568116630522,
    "end": 1568116630531,
    "duration": 9,
    "pid": 14092,
    "index": 48
  },
  {
    "name": "Require(40) node_modules/_egg-schedule@3.6.4@egg-schedule/app.js",
    "start": 1568116630532,
    "end": 1568116630535,
    "duration": 3,
    "pid": 14092,
    "index": 49
  },
  {
    "name": "Require(41) node_modules/_egg-multipart@2.9.0@egg-multipart/app.js",
    "start": 1568116630536,
    "end": 1568116630541,
    "duration": 5,
    "pid": 14092,
    "index": 50
  },
  {
    "name": "Require(42) node_modules/_egg-development@2.4.3@egg-development/app.js",
    "start": 1568116630542,
    "end": 1568116630543,
    "duration": 1,
    "pid": 14092,
    "index": 51
  },
  {
    "name": "Require(43) node_modules/_egg-logrotator@3.1.0@egg-logrotator/app.js",
    "start": 1568116630544,
    "end": 1568116630545,
    "duration": 1,
    "pid": 14092,
    "index": 52
  },
  {
    "name": "Require(44) node_modules/_egg-static@2.2.0@egg-static/app.js",
    "start": 1568116630545,
    "end": 1568116630546,
    "duration": 1,
    "pid": 14092,
    "index": 53
  },
  {
    "name": "Require(45) node_modules/_egg-sequelize@5.2.0@egg-sequelize/app.js",
    "start": 1568116630547,
    "end": 1568116630548,
    "duration": 1,
    "pid": 14092,
    "index": 54
  },
  {
    "name": "Before Start in node_modules/_egg-watcher@3.1.0@egg-watcher/lib/init.js:15:14",
    "start": 1568116630570,
    "end": 1568116631357,
    "duration": 787,
    "pid": 14092,
    "index": 55
  },
  {
    "name": "Load \"Symbol(model)\" to Application",
    "start": 1568116631124,
    "end": 1568116631148,
    "duration": 24,
    "pid": 14092,
    "index": 56
  },
  {
    "name": "Before Start in node_modules/_egg-sequelize@5.2.0@egg-sequelize/lib/loader.js:39:7",
    "start": 1568116631156,
    "end": 1568116631392,
    "duration": 236,
    "pid": 14092,
    "index": 57
  },
  {
    "name": "Load Service",
    "start": 1568116631156,
    "end": 1568116631162,
    "duration": 6,
    "pid": 14092,
    "index": 58
  },
  {
    "name": "Load \"service\" to Context",
    "start": 1568116631157,
    "end": 1568116631162,
    "duration": 5,
    "pid": 14092,
    "index": 59
  },
  {
    "name": "Load Middleware",
    "start": 1568116631162,
    "end": 1568116631285,
    "duration": 123,
    "pid": 14092,
    "index": 60
  },
  {
    "name": "Load \"middlewares\" to Application",
    "start": 1568116631162,
    "end": 1568116631269,
    "duration": 107,
    "pid": 14092,
    "index": 61
  },
  {
    "name": "Load Controller",
    "start": 1568116631285,
    "end": 1568116631289,
    "duration": 4,
    "pid": 14092,
    "index": 62
  },
  {
    "name": "Load \"controller\" to Application",
    "start": 1568116631285,
    "end": 1568116631289,
    "duration": 4,
    "pid": 14092,
    "index": 63
  },
  {
    "name": "Load Router",
    "start": 1568116631289,
    "end": 1568116631292,
    "duration": 3,
    "pid": 14092,
    "index": 64
  },
  {
    "name": "Require(46) app/router.js",
    "start": 1568116631289,
    "end": 1568116631289,
    "duration": 0,
    "pid": 14092,
    "index": 65
  },
  {
    "name": "Before Start in node_modules/_egg-core@4.17.3@egg-core/lib/egg.js:303:10",
    "start": 1568116631290,
    "end": 1568116631312,
    "duration": 22,
    "pid": 14092,
    "index": 66
  }
]