[
  {
    "name": "Application Start",
    "start": 1568117224693,
    "end": 1568117225909,
    "duration": 1216,
    "pid": 10448,
    "index": 0
  },
  {
    "name": "Load Plugin",
    "start": 1568117224700,
    "end": 1568117224726,
    "duration": 26,
    "pid": 10448,
    "index": 1
  },
  {
    "name": "Load Config",
    "start": 1568117224726,
    "end": 1568117224757,
    "duration": 31,
    "pid": 10448,
    "index": 2
  },
  {
    "name": "Require(0) config/config.default.js",
    "start": 1568117224728,
    "end": 1568117224728,
    "duration": 0,
    "pid": 10448,
    "index": 3
  },
  {
    "name": "Require(1) node_modules/_egg-session@3.1.0@egg-session/config/config.default.js",
    "start": 1568117224731,
    "end": 1568117224731,
    "duration": 0,
    "pid": 10448,
    "index": 4
  },
  {
    "name": "Require(2) node_modules/_egg-security@2.6.1@egg-security/config/config.default.js",
    "start": 1568117224732,
    "end": 1568117224732,
    "duration": 0,
    "pid": 10448,
    "index": 5
  },
  {
    "name": "Require(3) node_modules/_egg-jsonp@2.0.0@egg-jsonp/config/config.default.js",
    "start": 1568117224734,
    "end": 1568117224734,
    "duration": 0,
    "pid": 10448,
    "index": 6
  },
  {
    "name": "Require(4) node_modules/_egg-onerror@2.1.0@egg-onerror/config/config.default.js",
    "start": 1568117224735,
    "end": 1568117224735,
    "duration": 0,
    "pid": 10448,
    "index": 7
  },
  {
    "name": "Require(5) node_modules/_egg-i18n@2.1.1@egg-i18n/config/config.default.js",
    "start": 1568117224736,
    "end": 1568117224736,
    "duration": 0,
    "pid": 10448,
    "index": 8
  },
  {
    "name": "Require(6) node_modules/_egg-watcher@3.1.0@egg-watcher/config/config.default.js",
    "start": 1568117224737,
    "end": 1568117224738,
    "duration": 1,
    "pid": 10448,
    "index": 9
  },
  {
    "name": "Require(7) node_modules/_egg-schedule@3.6.4@egg-schedule/config/config.default.js",
    "start": 1568117224738,
    "end": 1568117224739,
    "duration": 1,
    "pid": 10448,
    "index": 10
  },
  {
    "name": "Require(8) node_modules/_egg-multipart@2.9.0@egg-multipart/config/config.default.js",
    "start": 1568117224740,
    "end": 1568117224740,
    "duration": 0,
    "pid": 10448,
    "index": 11
  },
  {
    "name": "Require(9) node_modules/_egg-development@2.4.3@egg-development/config/config.default.js",
    "start": 1568117224741,
    "end": 1568117224742,
    "duration": 1,
    "pid": 10448,
    "index": 12
  },
  {
    "name": "Require(10) node_modules/_egg-logrotator@3.1.0@egg-logrotator/config/config.default.js",
    "start": 1568117224742,
    "end": 1568117224743,
    "duration": 1,
    "pid": 10448,
    "index": 13
  },
  {
    "name": "Require(11) node_modules/_egg-static@2.2.0@egg-static/config/config.default.js",
    "start": 1568117224743,
    "end": 1568117224744,
    "duration": 1,
    "pid": 10448,
    "index": 14
  },
  {
    "name": "Require(12) node_modules/_egg-view@2.1.2@egg-view/config/config.default.js",
    "start": 1568117224745,
    "end": 1568117224745,
    "duration": 0,
    "pid": 10448,
    "index": 15
  },
  {
    "name": "Require(13) node_modules/_egg-sequelize@5.2.0@egg-sequelize/config/config.default.js",
    "start": 1568117224746,
    "end": 1568117224747,
    "duration": 1,
    "pid": 10448,
    "index": 16
  },
  {
    "name": "Require(14) node_modules/_egg@2.23.0@egg/config/config.default.js",
    "start": 1568117224747,
    "end": 1568117224748,
    "duration": 1,
    "pid": 10448,
    "index": 17
  },
  {
    "name": "Require(15) config/config.default.js",
    "start": 1568117224750,
    "end": 1568117224750,
    "duration": 0,
    "pid": 10448,
    "index": 18
  },
  {
    "name": "Require(16) node_modules/_egg-security@2.6.1@egg-security/config/config.local.js",
    "start": 1568117224751,
    "end": 1568117224751,
    "duration": 0,
    "pid": 10448,
    "index": 19
  },
  {
    "name": "Require(17) node_modules/_egg-watcher@3.1.0@egg-watcher/config/config.local.js",
    "start": 1568117224752,
    "end": 1568117224753,
    "duration": 1,
    "pid": 10448,
    "index": 20
  },
  {
    "name": "Require(18) node_modules/_egg-view@2.1.2@egg-view/config/config.local.js",
    "start": 1568117224755,
    "end": 1568117224755,
    "duration": 0,
    "pid": 10448,
    "index": 21
  },
  {
    "name": "Require(19) node_modules/_egg@2.23.0@egg/config/config.local.js",
    "start": 1568117224756,
    "end": 1568117224757,
    "duration": 1,
    "pid": 10448,
    "index": 22
  },
  {
    "name": "Load extend/application.js",
    "start": 1568117224759,
    "end": 1568117224790,
    "duration": 31,
    "pid": 10448,
    "index": 23
  },
  {
    "name": "Require(20) node_modules/_egg-session@3.1.0@egg-session/app/extend/application.js",
    "start": 1568117224760,
    "end": 1568117224761,
    "duration": 1,
    "pid": 10448,
    "index": 24
  },
  {
    "name": "Require(21) node_modules/_egg-security@2.6.1@egg-security/app/extend/application.js",
    "start": 1568117224762,
    "end": 1568117224764,
    "duration": 2,
    "pid": 10448,
    "index": 25
  },
  {
    "name": "Require(22) node_modules/_egg-jsonp@2.0.0@egg-jsonp/app/extend/application.js",
    "start": 1568117224765,
    "end": 1568117224769,
    "duration": 4,
    "pid": 10448,
    "index": 26
  },
  {
    "name": "Require(23) node_modules/_egg-logrotator@3.1.0@egg-logrotator/app/extend/application.js",
    "start": 1568117224772,
    "end": 1568117224777,
    "duration": 5,
    "pid": 10448,
    "index": 27
  },
  {
    "name": "Require(24) node_modules/_egg-view@2.1.2@egg-view/app/extend/application.js",
    "start": 1568117224778,
    "end": 1568117224782,
    "duration": 4,
    "pid": 10448,
    "index": 28
  },
  {
    "name": "Load extend/request.js",
    "start": 1568117224790,
    "end": 1568117224800,
    "duration": 10,
    "pid": 10448,
    "index": 29
  },
  {
    "name": "Require(25) node_modules/_egg@2.23.0@egg/app/extend/request.js",
    "start": 1568117224794,
    "end": 1568117224796,
    "duration": 2,
    "pid": 10448,
    "index": 30
  },
  {
    "name": "Load extend/response.js",
    "start": 1568117224800,
    "end": 1568117224811,
    "duration": 11,
    "pid": 10448,
    "index": 31
  },
  {
    "name": "Require(26) node_modules/_egg@2.23.0@egg/app/extend/response.js",
    "start": 1568117224804,
    "end": 1568117224808,
    "duration": 4,
    "pid": 10448,
    "index": 32
  },
  {
    "name": "Load extend/context.js",
    "start": 1568117224812,
    "end": 1568117224938,
    "duration": 126,
    "pid": 10448,
    "index": 33
  },
  {
    "name": "Require(27) node_modules/_egg-security@2.6.1@egg-security/app/extend/context.js",
    "start": 1568117224812,
    "end": 1568117224837,
    "duration": 25,
    "pid": 10448,
    "index": 34
  },
  {
    "name": "Require(28) node_modules/_egg-jsonp@2.0.0@egg-jsonp/app/extend/context.js",
    "start": 1568117224838,
    "end": 1568117224841,
    "duration": 3,
    "pid": 10448,
    "index": 35
  },
  {
    "name": "Require(29) node_modules/_egg-i18n@2.1.1@egg-i18n/app/extend/context.js",
    "start": 1568117224842,
    "end": 1568117224842,
    "duration": 0,
    "pid": 10448,
    "index": 36
  },
  {
    "name": "Require(30) node_modules/_egg-multipart@2.9.0@egg-multipart/app/extend/context.js",
    "start": 1568117224843,
    "end": 1568117224927,
    "duration": 84,
    "pid": 10448,
    "index": 37
  },
  {
    "name": "Require(31) node_modules/_egg-view@2.1.2@egg-view/app/extend/context.js",
    "start": 1568117224929,
    "end": 1568117224930,
    "duration": 1,
    "pid": 10448,
    "index": 38
  },
  {
    "name": "Require(32) node_modules/_egg@2.23.0@egg/app/extend/context.js",
    "start": 1568117224931,
    "end": 1568117224934,
    "duration": 3,
    "pid": 10448,
    "index": 39
  },
  {
    "name": "Load extend/helper.js",
    "start": 1568117224938,
    "end": 1568117224979,
    "duration": 41,
    "pid": 10448,
    "index": 40
  },
  {
    "name": "Require(33) node_modules/_egg-security@2.6.1@egg-security/app/extend/helper.js",
    "start": 1568117224939,
    "end": 1568117224972,
    "duration": 33,
    "pid": 10448,
    "index": 41
  },
  {
    "name": "Require(34) node_modules/_egg@2.23.0@egg/app/extend/helper.js",
    "start": 1568117224974,
    "end": 1568117224975,
    "duration": 1,
    "pid": 10448,
    "index": 42
  },
  {
    "name": "Load app.js",
    "start": 1568117224980,
    "end": 1568117225041,
    "duration": 61,
    "pid": 10448,
    "index": 43
  },
  {
    "name": "Require(35) node_modules/_egg-session@3.1.0@egg-session/app.js",
    "start": 1568117224980,
    "end": 1568117224981,
    "duration": 1,
    "pid": 10448,
    "index": 44
  },
  {
    "name": "Require(36) node_modules/_egg-security@2.6.1@egg-security/app.js",
    "start": 1568117224981,
    "end": 1568117224985,
    "duration": 4,
    "pid": 10448,
    "index": 45
  },
  {
    "name": "Require(37) node_modules/_egg-onerror@2.1.0@egg-onerror/app.js",
    "start": 1568117224986,
    "end": 1568117225002,
    "duration": 16,
    "pid": 10448,
    "index": 46
  },
  {
    "name": "Require(38) node_modules/_egg-i18n@2.1.1@egg-i18n/app.js",
    "start": 1568117225003,
    "end": 1568117225016,
    "duration": 13,
    "pid": 10448,
    "index": 47
  },
  {
    "name": "Require(39) node_modules/_egg-watcher@3.1.0@egg-watcher/app.js",
    "start": 1568117225017,
    "end": 1568117225026,
    "duration": 9,
    "pid": 10448,
    "index": 48
  },
  {
    "name": "Require(40) node_modules/_egg-schedule@3.6.4@egg-schedule/app.js",
    "start": 1568117225026,
    "end": 1568117225030,
    "duration": 4,
    "pid": 10448,
    "index": 49
  },
  {
    "name": "Require(41) node_modules/_egg-multipart@2.9.0@egg-multipart/app.js",
    "start": 1568117225030,
    "end": 1568117225034,
    "duration": 4,
    "pid": 10448,
    "index": 50
  },
  {
    "name": "Require(42) node_modules/_egg-development@2.4.3@egg-development/app.js",
    "start": 1568117225035,
    "end": 1568117225036,
    "duration": 1,
    "pid": 10448,
    "index": 51
  },
  {
    "name": "Require(43) node_modules/_egg-logrotator@3.1.0@egg-logrotator/app.js",
    "start": 1568117225036,
    "end": 1568117225037,
    "duration": 1,
    "pid": 10448,
    "index": 52
  },
  {
    "name": "Require(44) node_modules/_egg-static@2.2.0@egg-static/app.js",
    "start": 1568117225038,
    "end": 1568117225038,
    "duration": 0,
    "pid": 10448,
    "index": 53
  },
  {
    "name": "Require(45) node_modules/_egg-sequelize@5.2.0@egg-sequelize/app.js",
    "start": 1568117225039,
    "end": 1568117225040,
    "duration": 1,
    "pid": 10448,
    "index": 54
  },
  {
    "name": "Before Start in node_modules/_egg-watcher@3.1.0@egg-watcher/lib/init.js:15:14",
    "start": 1568117225058,
    "end": 1568117225869,
    "duration": 811,
    "pid": 10448,
    "index": 55
  },
  {
    "name": "Load \"Symbol(model)\" to Application",
    "start": 1568117225626,
    "end": 1568117225654,
    "duration": 28,
    "pid": 10448,
    "index": 56
  },
  {
    "name": "Before Start in node_modules/_egg-sequelize@5.2.0@egg-sequelize/lib/loader.js:39:7",
    "start": 1568117225661,
    "end": 1568117225908,
    "duration": 247,
    "pid": 10448,
    "index": 57
  },
  {
    "name": "Load Service",
    "start": 1568117225661,
    "end": 1568117225667,
    "duration": 6,
    "pid": 10448,
    "index": 58
  },
  {
    "name": "Load \"service\" to Context",
    "start": 1568117225661,
    "end": 1568117225667,
    "duration": 6,
    "pid": 10448,
    "index": 59
  },
  {
    "name": "Load Middleware",
    "start": 1568117225667,
    "end": 1568117225791,
    "duration": 124,
    "pid": 10448,
    "index": 60
  },
  {
    "name": "Load \"middlewares\" to Application",
    "start": 1568117225667,
    "end": 1568117225776,
    "duration": 109,
    "pid": 10448,
    "index": 61
  },
  {
    "name": "Load Controller",
    "start": 1568117225791,
    "end": 1568117225795,
    "duration": 4,
    "pid": 10448,
    "index": 62
  },
  {
    "name": "Load \"controller\" to Application",
    "start": 1568117225791,
    "end": 1568117225795,
    "duration": 4,
    "pid": 10448,
    "index": 63
  },
  {
    "name": "Load Router",
    "start": 1568117225795,
    "end": 1568117225798,
    "duration": 3,
    "pid": 10448,
    "index": 64
  },
  {
    "name": "Require(46) app/router.js",
    "start": 1568117225796,
    "end": 1568117225796,
    "duration": 0,
    "pid": 10448,
    "index": 65
  },
  {
    "name": "Before Start in node_modules/_egg-core@4.17.3@egg-core/lib/egg.js:303:10",
    "start": 1568117225796,
    "end": 1568117225818,
    "duration": 22,
    "pid": 10448,
    "index": 66
  }
]