[
  {
    "name": "Application Start",
    "start": 1568114863887,
    "end": 1568114865182,
    "duration": 1295,
    "pid": 7260,
    "index": 0
  },
  {
    "name": "Load Plugin",
    "start": 1568114863893,
    "end": 1568114863923,
    "duration": 30,
    "pid": 7260,
    "index": 1
  },
  {
    "name": "Load Config",
    "start": 1568114863923,
    "end": 1568114863955,
    "duration": 32,
    "pid": 7260,
    "index": 2
  },
  {
    "name": "Require(0) config/config.default.js",
    "start": 1568114863924,
    "end": 1568114863925,
    "duration": 1,
    "pid": 7260,
    "index": 3
  },
  {
    "name": "Require(1) node_modules/_egg-session@3.1.0@egg-session/config/config.default.js",
    "start": 1568114863928,
    "end": 1568114863928,
    "duration": 0,
    "pid": 7260,
    "index": 4
  },
  {
    "name": "Require(2) node_modules/_egg-security@2.6.1@egg-security/config/config.default.js",
    "start": 1568114863929,
    "end": 1568114863929,
    "duration": 0,
    "pid": 7260,
    "index": 5
  },
  {
    "name": "Require(3) node_modules/_egg-jsonp@2.0.0@egg-jsonp/config/config.default.js",
    "start": 1568114863931,
    "end": 1568114863931,
    "duration": 0,
    "pid": 7260,
    "index": 6
  },
  {
    "name": "Require(4) node_modules/_egg-onerror@2.1.0@egg-onerror/config/config.default.js",
    "start": 1568114863932,
    "end": 1568114863932,
    "duration": 0,
    "pid": 7260,
    "index": 7
  },
  {
    "name": "Require(5) node_modules/_egg-i18n@2.1.1@egg-i18n/config/config.default.js",
    "start": 1568114863933,
    "end": 1568114863933,
    "duration": 0,
    "pid": 7260,
    "index": 8
  },
  {
    "name": "Require(6) node_modules/_egg-watcher@3.1.0@egg-watcher/config/config.default.js",
    "start": 1568114863934,
    "end": 1568114863934,
    "duration": 0,
    "pid": 7260,
    "index": 9
  },
  {
    "name": "Require(7) node_modules/_egg-schedule@3.6.4@egg-schedule/config/config.default.js",
    "start": 1568114863935,
    "end": 1568114863935,
    "duration": 0,
    "pid": 7260,
    "index": 10
  },
  {
    "name": "Require(8) node_modules/_egg-multipart@2.9.0@egg-multipart/config/config.default.js",
    "start": 1568114863936,
    "end": 1568114863936,
    "duration": 0,
    "pid": 7260,
    "index": 11
  },
  {
    "name": "Require(9) node_modules/_egg-development@2.4.3@egg-development/config/config.default.js",
    "start": 1568114863937,
    "end": 1568114863938,
    "duration": 1,
    "pid": 7260,
    "index": 12
  },
  {
    "name": "Require(10) node_modules/_egg-logrotator@3.1.0@egg-logrotator/config/config.default.js",
    "start": 1568114863939,
    "end": 1568114863940,
    "duration": 1,
    "pid": 7260,
    "index": 13
  },
  {
    "name": "Require(11) node_modules/_egg-static@2.2.0@egg-static/config/config.default.js",
    "start": 1568114863941,
    "end": 1568114863941,
    "duration": 0,
    "pid": 7260,
    "index": 14
  },
  {
    "name": "Require(12) node_modules/_egg-view@2.1.2@egg-view/config/config.default.js",
    "start": 1568114863942,
    "end": 1568114863942,
    "duration": 0,
    "pid": 7260,
    "index": 15
  },
  {
    "name": "Require(13) node_modules/_egg-sequelize@5.2.0@egg-sequelize/config/config.default.js",
    "start": 1568114863943,
    "end": 1568114863944,
    "duration": 1,
    "pid": 7260,
    "index": 16
  },
  {
    "name": "Require(14) node_modules/_egg@2.23.0@egg/config/config.default.js",
    "start": 1568114863944,
    "end": 1568114863945,
    "duration": 1,
    "pid": 7260,
    "index": 17
  },
  {
    "name": "Require(15) config/config.default.js",
    "start": 1568114863947,
    "end": 1568114863947,
    "duration": 0,
    "pid": 7260,
    "index": 18
  },
  {
    "name": "Require(16) node_modules/_egg-security@2.6.1@egg-security/config/config.local.js",
    "start": 1568114863949,
    "end": 1568114863949,
    "duration": 0,
    "pid": 7260,
    "index": 19
  },
  {
    "name": "Require(17) node_modules/_egg-watcher@3.1.0@egg-watcher/config/config.local.js",
    "start": 1568114863950,
    "end": 1568114863951,
    "duration": 1,
    "pid": 7260,
    "index": 20
  },
  {
    "name": "Require(18) node_modules/_egg-view@2.1.2@egg-view/config/config.local.js",
    "start": 1568114863953,
    "end": 1568114863953,
    "duration": 0,
    "pid": 7260,
    "index": 21
  },
  {
    "name": "Require(19) node_modules/_egg@2.23.0@egg/config/config.local.js",
    "start": 1568114863954,
    "end": 1568114863954,
    "duration": 0,
    "pid": 7260,
    "index": 22
  },
  {
    "name": "Load extend/application.js",
    "start": 1568114863957,
    "end": 1568114863977,
    "duration": 20,
    "pid": 7260,
    "index": 23
  },
  {
    "name": "Require(20) node_modules/_egg-session@3.1.0@egg-session/app/extend/application.js",
    "start": 1568114863958,
    "end": 1568114863958,
    "duration": 0,
    "pid": 7260,
    "index": 24
  },
  {
    "name": "Require(21) node_modules/_egg-security@2.6.1@egg-security/app/extend/application.js",
    "start": 1568114863959,
    "end": 1568114863960,
    "duration": 1,
    "pid": 7260,
    "index": 25
  },
  {
    "name": "Require(22) node_modules/_egg-jsonp@2.0.0@egg-jsonp/app/extend/application.js",
    "start": 1568114863961,
    "end": 1568114863964,
    "duration": 3,
    "pid": 7260,
    "index": 26
  },
  {
    "name": "Require(23) node_modules/_egg-logrotator@3.1.0@egg-logrotator/app/extend/application.js",
    "start": 1568114863966,
    "end": 1568114863969,
    "duration": 3,
    "pid": 7260,
    "index": 27
  },
  {
    "name": "Require(24) node_modules/_egg-view@2.1.2@egg-view/app/extend/application.js",
    "start": 1568114863970,
    "end": 1568114863973,
    "duration": 3,
    "pid": 7260,
    "index": 28
  },
  {
    "name": "Load extend/request.js",
    "start": 1568114863977,
    "end": 1568114863988,
    "duration": 11,
    "pid": 7260,
    "index": 29
  },
  {
    "name": "Require(25) node_modules/_egg@2.23.0@egg/app/extend/request.js",
    "start": 1568114863982,
    "end": 1568114863984,
    "duration": 2,
    "pid": 7260,
    "index": 30
  },
  {
    "name": "Load extend/response.js",
    "start": 1568114863989,
    "end": 1568114863999,
    "duration": 10,
    "pid": 7260,
    "index": 31
  },
  {
    "name": "Require(26) node_modules/_egg@2.23.0@egg/app/extend/response.js",
    "start": 1568114863992,
    "end": 1568114863995,
    "duration": 3,
    "pid": 7260,
    "index": 32
  },
  {
    "name": "Load extend/context.js",
    "start": 1568114863999,
    "end": 1568114864116,
    "duration": 117,
    "pid": 7260,
    "index": 33
  },
  {
    "name": "Require(27) node_modules/_egg-security@2.6.1@egg-security/app/extend/context.js",
    "start": 1568114864000,
    "end": 1568114864022,
    "duration": 22,
    "pid": 7260,
    "index": 34
  },
  {
    "name": "Require(28) node_modules/_egg-jsonp@2.0.0@egg-jsonp/app/extend/context.js",
    "start": 1568114864022,
    "end": 1568114864025,
    "duration": 3,
    "pid": 7260,
    "index": 35
  },
  {
    "name": "Require(29) node_modules/_egg-i18n@2.1.1@egg-i18n/app/extend/context.js",
    "start": 1568114864026,
    "end": 1568114864027,
    "duration": 1,
    "pid": 7260,
    "index": 36
  },
  {
    "name": "Require(30) node_modules/_egg-multipart@2.9.0@egg-multipart/app/extend/context.js",
    "start": 1568114864028,
    "end": 1568114864103,
    "duration": 75,
    "pid": 7260,
    "index": 37
  },
  {
    "name": "Require(31) node_modules/_egg-view@2.1.2@egg-view/app/extend/context.js",
    "start": 1568114864105,
    "end": 1568114864107,
    "duration": 2,
    "pid": 7260,
    "index": 38
  },
  {
    "name": "Require(32) node_modules/_egg@2.23.0@egg/app/extend/context.js",
    "start": 1568114864108,
    "end": 1568114864112,
    "duration": 4,
    "pid": 7260,
    "index": 39
  },
  {
    "name": "Load extend/helper.js",
    "start": 1568114864116,
    "end": 1568114864156,
    "duration": 40,
    "pid": 7260,
    "index": 40
  },
  {
    "name": "Require(33) node_modules/_egg-security@2.6.1@egg-security/app/extend/helper.js",
    "start": 1568114864117,
    "end": 1568114864145,
    "duration": 28,
    "pid": 7260,
    "index": 41
  },
  {
    "name": "Require(34) node_modules/_egg@2.23.0@egg/app/extend/helper.js",
    "start": 1568114864148,
    "end": 1568114864149,
    "duration": 1,
    "pid": 7260,
    "index": 42
  },
  {
    "name": "Load app.js",
    "start": 1568114864157,
    "end": 1568114864223,
    "duration": 66,
    "pid": 7260,
    "index": 43
  },
  {
    "name": "Require(35) node_modules/_egg-session@3.1.0@egg-session/app.js",
    "start": 1568114864158,
    "end": 1568114864158,
    "duration": 0,
    "pid": 7260,
    "index": 44
  },
  {
    "name": "Require(36) node_modules/_egg-security@2.6.1@egg-security/app.js",
    "start": 1568114864159,
    "end": 1568114864163,
    "duration": 4,
    "pid": 7260,
    "index": 45
  },
  {
    "name": "Require(37) node_modules/_egg-onerror@2.1.0@egg-onerror/app.js",
    "start": 1568114864165,
    "end": 1568114864184,
    "duration": 19,
    "pid": 7260,
    "index": 46
  },
  {
    "name": "Require(38) node_modules/_egg-i18n@2.1.1@egg-i18n/app.js",
    "start": 1568114864184,
    "end": 1568114864196,
    "duration": 12,
    "pid": 7260,
    "index": 47
  },
  {
    "name": "Require(39) node_modules/_egg-watcher@3.1.0@egg-watcher/app.js",
    "start": 1568114864197,
    "end": 1568114864205,
    "duration": 8,
    "pid": 7260,
    "index": 48
  },
  {
    "name": "Require(40) node_modules/_egg-schedule@3.6.4@egg-schedule/app.js",
    "start": 1568114864206,
    "end": 1568114864210,
    "duration": 4,
    "pid": 7260,
    "index": 49
  },
  {
    "name": "Require(41) node_modules/_egg-multipart@2.9.0@egg-multipart/app.js",
    "start": 1568114864211,
    "end": 1568114864216,
    "duration": 5,
    "pid": 7260,
    "index": 50
  },
  {
    "name": "Require(42) node_modules/_egg-development@2.4.3@egg-development/app.js",
    "start": 1568114864217,
    "end": 1568114864218,
    "duration": 1,
    "pid": 7260,
    "index": 51
  },
  {
    "name": "Require(43) node_modules/_egg-logrotator@3.1.0@egg-logrotator/app.js",
    "start": 1568114864218,
    "end": 1568114864219,
    "duration": 1,
    "pid": 7260,
    "index": 52
  },
  {
    "name": "Require(44) node_modules/_egg-static@2.2.0@egg-static/app.js",
    "start": 1568114864219,
    "end": 1568114864220,
    "duration": 1,
    "pid": 7260,
    "index": 53
  },
  {
    "name": "Require(45) node_modules/_egg-sequelize@5.2.0@egg-sequelize/app.js",
    "start": 1568114864221,
    "end": 1568114864221,
    "duration": 0,
    "pid": 7260,
    "index": 54
  },
  {
    "name": "Before Start in node_modules/_egg-watcher@3.1.0@egg-watcher/lib/init.js:15:14",
    "start": 1568114864244,
    "end": 1568114865146,
    "duration": 902,
    "pid": 7260,
    "index": 55
  },
  {
    "name": "Load \"Symbol(model)\" to Application",
    "start": 1568114864882,
    "end": 1568114864920,
    "duration": 38,
    "pid": 7260,
    "index": 56
  },
  {
    "name": "Before Start in node_modules/_egg-sequelize@5.2.0@egg-sequelize/lib/loader.js:39:7",
    "start": 1568114864927,
    "end": 1568114865181,
    "duration": 254,
    "pid": 7260,
    "index": 57
  },
  {
    "name": "Load Service",
    "start": 1568114864928,
    "end": 1568114864934,
    "duration": 6,
    "pid": 7260,
    "index": 58
  },
  {
    "name": "Load \"service\" to Context",
    "start": 1568114864928,
    "end": 1568114864934,
    "duration": 6,
    "pid": 7260,
    "index": 59
  },
  {
    "name": "Load Middleware",
    "start": 1568114864934,
    "end": 1568114865058,
    "duration": 124,
    "pid": 7260,
    "index": 60
  },
  {
    "name": "Load \"middlewares\" to Application",
    "start": 1568114864934,
    "end": 1568114865042,
    "duration": 108,
    "pid": 7260,
    "index": 61
  },
  {
    "name": "Load Controller",
    "start": 1568114865058,
    "end": 1568114865063,
    "duration": 5,
    "pid": 7260,
    "index": 62
  },
  {
    "name": "Load \"controller\" to Application",
    "start": 1568114865059,
    "end": 1568114865063,
    "duration": 4,
    "pid": 7260,
    "index": 63
  },
  {
    "name": "Load Router",
    "start": 1568114865063,
    "end": 1568114865066,
    "duration": 3,
    "pid": 7260,
    "index": 64
  },
  {
    "name": "Require(46) app/router.js",
    "start": 1568114865063,
    "end": 1568114865064,
    "duration": 1,
    "pid": 7260,
    "index": 65
  },
  {
    "name": "Before Start in node_modules/_egg-core@4.17.3@egg-core/lib/egg.js:303:10",
    "start": 1568114865064,
    "end": 1568114865091,
    "duration": 27,
    "pid": 7260,
    "index": 66
  }
]