[
  {
    "name": "Application Start",
    "start": 1568111348681,
    "end": 1568111349805,
    "duration": 1124,
    "pid": 14260,
    "index": 0
  },
  {
    "name": "Load Plugin",
    "start": 1568111348687,
    "end": 1568111348713,
    "duration": 26,
    "pid": 14260,
    "index": 1
  },
  {
    "name": "Load Config",
    "start": 1568111348713,
    "end": 1568111348740,
    "duration": 27,
    "pid": 14260,
    "index": 2
  },
  {
    "name": "Require(0) config/config.default.js",
    "start": 1568111348714,
    "end": 1568111348715,
    "duration": 1,
    "pid": 14260,
    "index": 3
  },
  {
    "name": "Require(1) node_modules/_egg-session@3.1.0@egg-session/config/config.default.js",
    "start": 1568111348717,
    "end": 1568111348717,
    "duration": 0,
    "pid": 14260,
    "index": 4
  },
  {
    "name": "Require(2) node_modules/_egg-security@2.6.1@egg-security/config/config.default.js",
    "start": 1568111348718,
    "end": 1568111348718,
    "duration": 0,
    "pid": 14260,
    "index": 5
  },
  {
    "name": "Require(3) node_modules/_egg-jsonp@2.0.0@egg-jsonp/config/config.default.js",
    "start": 1568111348720,
    "end": 1568111348720,
    "duration": 0,
    "pid": 14260,
    "index": 6
  },
  {
    "name": "Require(4) node_modules/_egg-onerror@2.1.0@egg-onerror/config/config.default.js",
    "start": 1568111348721,
    "end": 1568111348721,
    "duration": 0,
    "pid": 14260,
    "index": 7
  },
  {
    "name": "Require(5) node_modules/_egg-i18n@2.1.1@egg-i18n/config/config.default.js",
    "start": 1568111348722,
    "end": 1568111348722,
    "duration": 0,
    "pid": 14260,
    "index": 8
  },
  {
    "name": "Require(6) node_modules/_egg-watcher@3.1.0@egg-watcher/config/config.default.js",
    "start": 1568111348723,
    "end": 1568111348723,
    "duration": 0,
    "pid": 14260,
    "index": 9
  },
  {
    "name": "Require(7) node_modules/_egg-schedule@3.6.4@egg-schedule/config/config.default.js",
    "start": 1568111348724,
    "end": 1568111348724,
    "duration": 0,
    "pid": 14260,
    "index": 10
  },
  {
    "name": "Require(8) node_modules/_egg-multipart@2.9.0@egg-multipart/config/config.default.js",
    "start": 1568111348725,
    "end": 1568111348725,
    "duration": 0,
    "pid": 14260,
    "index": 11
  },
  {
    "name": "Require(9) node_modules/_egg-development@2.4.3@egg-development/config/config.default.js",
    "start": 1568111348726,
    "end": 1568111348726,
    "duration": 0,
    "pid": 14260,
    "index": 12
  },
  {
    "name": "Require(10) node_modules/_egg-logrotator@3.1.0@egg-logrotator/config/config.default.js",
    "start": 1568111348727,
    "end": 1568111348727,
    "duration": 0,
    "pid": 14260,
    "index": 13
  },
  {
    "name": "Require(11) node_modules/_egg-static@2.2.0@egg-static/config/config.default.js",
    "start": 1568111348728,
    "end": 1568111348728,
    "duration": 0,
    "pid": 14260,
    "index": 14
  },
  {
    "name": "Require(12) node_modules/_egg-view@2.1.2@egg-view/config/config.default.js",
    "start": 1568111348729,
    "end": 1568111348729,
    "duration": 0,
    "pid": 14260,
    "index": 15
  },
  {
    "name": "Require(13) node_modules/_egg-sequelize@5.2.0@egg-sequelize/config/config.default.js",
    "start": 1568111348730,
    "end": 1568111348731,
    "duration": 1,
    "pid": 14260,
    "index": 16
  },
  {
    "name": "Require(14) node_modules/_egg@2.23.0@egg/config/config.default.js",
    "start": 1568111348731,
    "end": 1568111348732,
    "duration": 1,
    "pid": 14260,
    "index": 17
  },
  {
    "name": "Require(15) config/config.default.js",
    "start": 1568111348734,
    "end": 1568111348734,
    "duration": 0,
    "pid": 14260,
    "index": 18
  },
  {
    "name": "Require(16) node_modules/_egg-security@2.6.1@egg-security/config/config.local.js",
    "start": 1568111348735,
    "end": 1568111348735,
    "duration": 0,
    "pid": 14260,
    "index": 19
  },
  {
    "name": "Require(17) node_modules/_egg-watcher@3.1.0@egg-watcher/config/config.local.js",
    "start": 1568111348737,
    "end": 1568111348737,
    "duration": 0,
    "pid": 14260,
    "index": 20
  },
  {
    "name": "Require(18) node_modules/_egg-view@2.1.2@egg-view/config/config.local.js",
    "start": 1568111348739,
    "end": 1568111348739,
    "duration": 0,
    "pid": 14260,
    "index": 21
  },
  {
    "name": "Require(19) node_modules/_egg@2.23.0@egg/config/config.local.js",
    "start": 1568111348740,
    "end": 1568111348740,
    "duration": 0,
    "pid": 14260,
    "index": 22
  },
  {
    "name": "Load extend/application.js",
    "start": 1568111348743,
    "end": 1568111348764,
    "duration": 21,
    "pid": 14260,
    "index": 23
  },
  {
    "name": "Require(20) node_modules/_egg-session@3.1.0@egg-session/app/extend/application.js",
    "start": 1568111348744,
    "end": 1568111348744,
    "duration": 0,
    "pid": 14260,
    "index": 24
  },
  {
    "name": "Require(21) node_modules/_egg-security@2.6.1@egg-security/app/extend/application.js",
    "start": 1568111348745,
    "end": 1568111348747,
    "duration": 2,
    "pid": 14260,
    "index": 25
  },
  {
    "name": "Require(22) node_modules/_egg-jsonp@2.0.0@egg-jsonp/app/extend/application.js",
    "start": 1568111348747,
    "end": 1568111348751,
    "duration": 4,
    "pid": 14260,
    "index": 26
  },
  {
    "name": "Require(23) node_modules/_egg-logrotator@3.1.0@egg-logrotator/app/extend/application.js",
    "start": 1568111348753,
    "end": 1568111348756,
    "duration": 3,
    "pid": 14260,
    "index": 27
  },
  {
    "name": "Require(24) node_modules/_egg-view@2.1.2@egg-view/app/extend/application.js",
    "start": 1568111348757,
    "end": 1568111348759,
    "duration": 2,
    "pid": 14260,
    "index": 28
  },
  {
    "name": "Load extend/request.js",
    "start": 1568111348764,
    "end": 1568111348774,
    "duration": 10,
    "pid": 14260,
    "index": 29
  },
  {
    "name": "Require(25) node_modules/_egg@2.23.0@egg/app/extend/request.js",
    "start": 1568111348767,
    "end": 1568111348770,
    "duration": 3,
    "pid": 14260,
    "index": 30
  },
  {
    "name": "Load extend/response.js",
    "start": 1568111348774,
    "end": 1568111348785,
    "duration": 11,
    "pid": 14260,
    "index": 31
  },
  {
    "name": "Require(26) node_modules/_egg@2.23.0@egg/app/extend/response.js",
    "start": 1568111348778,
    "end": 1568111348782,
    "duration": 4,
    "pid": 14260,
    "index": 32
  },
  {
    "name": "Load extend/context.js",
    "start": 1568111348785,
    "end": 1568111348895,
    "duration": 110,
    "pid": 14260,
    "index": 33
  },
  {
    "name": "Require(27) node_modules/_egg-security@2.6.1@egg-security/app/extend/context.js",
    "start": 1568111348786,
    "end": 1568111348808,
    "duration": 22,
    "pid": 14260,
    "index": 34
  },
  {
    "name": "Require(28) node_modules/_egg-jsonp@2.0.0@egg-jsonp/app/extend/context.js",
    "start": 1568111348808,
    "end": 1568111348811,
    "duration": 3,
    "pid": 14260,
    "index": 35
  },
  {
    "name": "Require(29) node_modules/_egg-i18n@2.1.1@egg-i18n/app/extend/context.js",
    "start": 1568111348812,
    "end": 1568111348812,
    "duration": 0,
    "pid": 14260,
    "index": 36
  },
  {
    "name": "Require(30) node_modules/_egg-multipart@2.9.0@egg-multipart/app/extend/context.js",
    "start": 1568111348814,
    "end": 1568111348885,
    "duration": 71,
    "pid": 14260,
    "index": 37
  },
  {
    "name": "Require(31) node_modules/_egg-view@2.1.2@egg-view/app/extend/context.js",
    "start": 1568111348886,
    "end": 1568111348888,
    "duration": 2,
    "pid": 14260,
    "index": 38
  },
  {
    "name": "Require(32) node_modules/_egg@2.23.0@egg/app/extend/context.js",
    "start": 1568111348888,
    "end": 1568111348891,
    "duration": 3,
    "pid": 14260,
    "index": 39
  },
  {
    "name": "Load extend/helper.js",
    "start": 1568111348895,
    "end": 1568111348931,
    "duration": 36,
    "pid": 14260,
    "index": 40
  },
  {
    "name": "Require(33) node_modules/_egg-security@2.6.1@egg-security/app/extend/helper.js",
    "start": 1568111348896,
    "end": 1568111348922,
    "duration": 26,
    "pid": 14260,
    "index": 41
  },
  {
    "name": "Require(34) node_modules/_egg@2.23.0@egg/app/extend/helper.js",
    "start": 1568111348925,
    "end": 1568111348925,
    "duration": 0,
    "pid": 14260,
    "index": 42
  },
  {
    "name": "Load app.js",
    "start": 1568111348932,
    "end": 1568111348985,
    "duration": 53,
    "pid": 14260,
    "index": 43
  },
  {
    "name": "Require(35) node_modules/_egg-session@3.1.0@egg-session/app.js",
    "start": 1568111348932,
    "end": 1568111348933,
    "duration": 1,
    "pid": 14260,
    "index": 44
  },
  {
    "name": "Require(36) node_modules/_egg-security@2.6.1@egg-security/app.js",
    "start": 1568111348933,
    "end": 1568111348936,
    "duration": 3,
    "pid": 14260,
    "index": 45
  },
  {
    "name": "Require(37) node_modules/_egg-onerror@2.1.0@egg-onerror/app.js",
    "start": 1568111348937,
    "end": 1568111348952,
    "duration": 15,
    "pid": 14260,
    "index": 46
  },
  {
    "name": "Require(38) node_modules/_egg-i18n@2.1.1@egg-i18n/app.js",
    "start": 1568111348953,
    "end": 1568111348965,
    "duration": 12,
    "pid": 14260,
    "index": 47
  },
  {
    "name": "Require(39) node_modules/_egg-watcher@3.1.0@egg-watcher/app.js",
    "start": 1568111348965,
    "end": 1568111348971,
    "duration": 6,
    "pid": 14260,
    "index": 48
  },
  {
    "name": "Require(40) node_modules/_egg-schedule@3.6.4@egg-schedule/app.js",
    "start": 1568111348972,
    "end": 1568111348975,
    "duration": 3,
    "pid": 14260,
    "index": 49
  },
  {
    "name": "Require(41) node_modules/_egg-multipart@2.9.0@egg-multipart/app.js",
    "start": 1568111348976,
    "end": 1568111348980,
    "duration": 4,
    "pid": 14260,
    "index": 50
  },
  {
    "name": "Require(42) node_modules/_egg-development@2.4.3@egg-development/app.js",
    "start": 1568111348981,
    "end": 1568111348981,
    "duration": 0,
    "pid": 14260,
    "index": 51
  },
  {
    "name": "Require(43) node_modules/_egg-logrotator@3.1.0@egg-logrotator/app.js",
    "start": 1568111348982,
    "end": 1568111348982,
    "duration": 0,
    "pid": 14260,
    "index": 52
  },
  {
    "name": "Require(44) node_modules/_egg-static@2.2.0@egg-static/app.js",
    "start": 1568111348983,
    "end": 1568111348983,
    "duration": 0,
    "pid": 14260,
    "index": 53
  },
  {
    "name": "Require(45) node_modules/_egg-sequelize@5.2.0@egg-sequelize/app.js",
    "start": 1568111348984,
    "end": 1568111348984,
    "duration": 0,
    "pid": 14260,
    "index": 54
  },
  {
    "name": "Before Start in node_modules/_egg-watcher@3.1.0@egg-watcher/lib/init.js:15:14",
    "start": 1568111349002,
    "end": 1568111349774,
    "duration": 772,
    "pid": 14260,
    "index": 55
  },
  {
    "name": "Load \"Symbol(model)\" to Application",
    "start": 1568111349517,
    "end": 1568111349542,
    "duration": 25,
    "pid": 14260,
    "index": 56
  },
  {
    "name": "Before Start in node_modules/_egg-sequelize@5.2.0@egg-sequelize/lib/loader.js:39:7",
    "start": 1568111349549,
    "end": 1568111349805,
    "duration": 256,
    "pid": 14260,
    "index": 57
  },
  {
    "name": "Load Service",
    "start": 1568111349550,
    "end": 1568111349555,
    "duration": 5,
    "pid": 14260,
    "index": 58
  },
  {
    "name": "Load \"service\" to Context",
    "start": 1568111349550,
    "end": 1568111349555,
    "duration": 5,
    "pid": 14260,
    "index": 59
  },
  {
    "name": "Load Middleware",
    "start": 1568111349555,
    "end": 1568111349688,
    "duration": 133,
    "pid": 14260,
    "index": 60
  },
  {
    "name": "Load \"middlewares\" to Application",
    "start": 1568111349556,
    "end": 1568111349673,
    "duration": 117,
    "pid": 14260,
    "index": 61
  },
  {
    "name": "Load Controller",
    "start": 1568111349688,
    "end": 1568111349692,
    "duration": 4,
    "pid": 14260,
    "index": 62
  },
  {
    "name": "Load \"controller\" to Application",
    "start": 1568111349689,
    "end": 1568111349692,
    "duration": 3,
    "pid": 14260,
    "index": 63
  },
  {
    "name": "Load Router",
    "start": 1568111349692,
    "end": 1568111349695,
    "duration": 3,
    "pid": 14260,
    "index": 64
  },
  {
    "name": "Require(46) app/router.js",
    "start": 1568111349693,
    "end": 1568111349693,
    "duration": 0,
    "pid": 14260,
    "index": 65
  },
  {
    "name": "Before Start in node_modules/_egg-core@4.17.3@egg-core/lib/egg.js:303:10",
    "start": 1568111349693,
    "end": 1568111349714,
    "duration": 21,
    "pid": 14260,
    "index": 66
  }
]