[
  {
    "name": "Application Start",
    "start": 1568098409841,
    "end": 1568098411328,
    "duration": 1487,
    "pid": 11816,
    "index": 0
  },
  {
    "name": "Load Plugin",
    "start": 1568098409848,
    "end": 1568098409879,
    "duration": 31,
    "pid": 11816,
    "index": 1
  },
  {
    "name": "Load Config",
    "start": 1568098409879,
    "end": 1568098409918,
    "duration": 39,
    "pid": 11816,
    "index": 2
  },
  {
    "name": "Require(0) config/config.default.js",
    "start": 1568098409880,
    "end": 1568098409881,
    "duration": 1,
    "pid": 11816,
    "index": 3
  },
  {
    "name": "Require(1) node_modules/_egg-session@3.1.0@egg-session/config/config.default.js",
    "start": 1568098409883,
    "end": 1568098409883,
    "duration": 0,
    "pid": 11816,
    "index": 4
  },
  {
    "name": "Require(2) node_modules/_egg-security@2.6.1@egg-security/config/config.default.js",
    "start": 1568098409884,
    "end": 1568098409885,
    "duration": 1,
    "pid": 11816,
    "index": 5
  },
  {
    "name": "Require(3) node_modules/_egg-jsonp@2.0.0@egg-jsonp/config/config.default.js",
    "start": 1568098409886,
    "end": 1568098409887,
    "duration": 1,
    "pid": 11816,
    "index": 6
  },
  {
    "name": "Require(4) node_modules/_egg-onerror@2.1.0@egg-onerror/config/config.default.js",
    "start": 1568098409888,
    "end": 1568098409888,
    "duration": 0,
    "pid": 11816,
    "index": 7
  },
  {
    "name": "Require(5) node_modules/_egg-i18n@2.1.1@egg-i18n/config/config.default.js",
    "start": 1568098409889,
    "end": 1568098409889,
    "duration": 0,
    "pid": 11816,
    "index": 8
  },
  {
    "name": "Require(6) node_modules/_egg-watcher@3.1.0@egg-watcher/config/config.default.js",
    "start": 1568098409890,
    "end": 1568098409890,
    "duration": 0,
    "pid": 11816,
    "index": 9
  },
  {
    "name": "Require(7) node_modules/_egg-schedule@3.6.4@egg-schedule/config/config.default.js",
    "start": 1568098409891,
    "end": 1568098409891,
    "duration": 0,
    "pid": 11816,
    "index": 10
  },
  {
    "name": "Require(8) node_modules/_egg-multipart@2.9.0@egg-multipart/config/config.default.js",
    "start": 1568098409892,
    "end": 1568098409893,
    "duration": 1,
    "pid": 11816,
    "index": 11
  },
  {
    "name": "Require(9) node_modules/_egg-development@2.4.3@egg-development/config/config.default.js",
    "start": 1568098409894,
    "end": 1568098409895,
    "duration": 1,
    "pid": 11816,
    "index": 12
  },
  {
    "name": "Require(10) node_modules/_egg-logrotator@3.1.0@egg-logrotator/config/config.default.js",
    "start": 1568098409896,
    "end": 1568098409897,
    "duration": 1,
    "pid": 11816,
    "index": 13
  },
  {
    "name": "Require(11) node_modules/_egg-static@2.2.0@egg-static/config/config.default.js",
    "start": 1568098409898,
    "end": 1568098409899,
    "duration": 1,
    "pid": 11816,
    "index": 14
  },
  {
    "name": "Require(12) node_modules/_egg-view@2.1.2@egg-view/config/config.default.js",
    "start": 1568098409900,
    "end": 1568098409905,
    "duration": 5,
    "pid": 11816,
    "index": 15
  },
  {
    "name": "Require(13) node_modules/_egg-sequelize@5.2.0@egg-sequelize/config/config.default.js",
    "start": 1568098409906,
    "end": 1568098409906,
    "duration": 0,
    "pid": 11816,
    "index": 16
  },
  {
    "name": "Require(14) node_modules/_egg@2.23.0@egg/config/config.default.js",
    "start": 1568098409907,
    "end": 1568098409908,
    "duration": 1,
    "pid": 11816,
    "index": 17
  },
  {
    "name": "Require(15) config/config.default.js",
    "start": 1568098409910,
    "end": 1568098409910,
    "duration": 0,
    "pid": 11816,
    "index": 18
  },
  {
    "name": "Require(16) node_modules/_egg-security@2.6.1@egg-security/config/config.local.js",
    "start": 1568098409911,
    "end": 1568098409911,
    "duration": 0,
    "pid": 11816,
    "index": 19
  },
  {
    "name": "Require(17) node_modules/_egg-watcher@3.1.0@egg-watcher/config/config.local.js",
    "start": 1568098409913,
    "end": 1568098409914,
    "duration": 1,
    "pid": 11816,
    "index": 20
  },
  {
    "name": "Require(18) node_modules/_egg-view@2.1.2@egg-view/config/config.local.js",
    "start": 1568098409916,
    "end": 1568098409916,
    "duration": 0,
    "pid": 11816,
    "index": 21
  },
  {
    "name": "Require(19) node_modules/_egg@2.23.0@egg/config/config.local.js",
    "start": 1568098409917,
    "end": 1568098409917,
    "duration": 0,
    "pid": 11816,
    "index": 22
  },
  {
    "name": "Load extend/application.js",
    "start": 1568098409920,
    "end": 1568098409997,
    "duration": 77,
    "pid": 11816,
    "index": 23
  },
  {
    "name": "Require(20) node_modules/_egg-session@3.1.0@egg-session/app/extend/application.js",
    "start": 1568098409921,
    "end": 1568098409934,
    "duration": 13,
    "pid": 11816,
    "index": 24
  },
  {
    "name": "Require(21) node_modules/_egg-security@2.6.1@egg-security/app/extend/application.js",
    "start": 1568098409935,
    "end": 1568098409938,
    "duration": 3,
    "pid": 11816,
    "index": 25
  },
  {
    "name": "Require(22) node_modules/_egg-jsonp@2.0.0@egg-jsonp/app/extend/application.js",
    "start": 1568098409940,
    "end": 1568098409944,
    "duration": 4,
    "pid": 11816,
    "index": 26
  },
  {
    "name": "Require(23) node_modules/_egg-logrotator@3.1.0@egg-logrotator/app/extend/application.js",
    "start": 1568098409947,
    "end": 1568098409986,
    "duration": 39,
    "pid": 11816,
    "index": 27
  },
  {
    "name": "Require(24) node_modules/_egg-view@2.1.2@egg-view/app/extend/application.js",
    "start": 1568098409988,
    "end": 1568098409992,
    "duration": 4,
    "pid": 11816,
    "index": 28
  },
  {
    "name": "Load extend/request.js",
    "start": 1568098409997,
    "end": 1568098410009,
    "duration": 12,
    "pid": 11816,
    "index": 29
  },
  {
    "name": "Require(25) node_modules/_egg@2.23.0@egg/app/extend/request.js",
    "start": 1568098410001,
    "end": 1568098410004,
    "duration": 3,
    "pid": 11816,
    "index": 30
  },
  {
    "name": "Load extend/response.js",
    "start": 1568098410009,
    "end": 1568098410031,
    "duration": 22,
    "pid": 11816,
    "index": 31
  },
  {
    "name": "Require(26) node_modules/_egg@2.23.0@egg/app/extend/response.js",
    "start": 1568098410014,
    "end": 1568098410022,
    "duration": 8,
    "pid": 11816,
    "index": 32
  },
  {
    "name": "Load extend/context.js",
    "start": 1568098410031,
    "end": 1568098410214,
    "duration": 183,
    "pid": 11816,
    "index": 33
  },
  {
    "name": "Require(27) node_modules/_egg-security@2.6.1@egg-security/app/extend/context.js",
    "start": 1568098410033,
    "end": 1568098410073,
    "duration": 40,
    "pid": 11816,
    "index": 34
  },
  {
    "name": "Require(28) node_modules/_egg-jsonp@2.0.0@egg-jsonp/app/extend/context.js",
    "start": 1568098410073,
    "end": 1568098410078,
    "duration": 5,
    "pid": 11816,
    "index": 35
  },
  {
    "name": "Require(29) node_modules/_egg-i18n@2.1.1@egg-i18n/app/extend/context.js",
    "start": 1568098410079,
    "end": 1568098410079,
    "duration": 0,
    "pid": 11816,
    "index": 36
  },
  {
    "name": "Require(30) node_modules/_egg-multipart@2.9.0@egg-multipart/app/extend/context.js",
    "start": 1568098410082,
    "end": 1568098410202,
    "duration": 120,
    "pid": 11816,
    "index": 37
  },
  {
    "name": "Require(31) node_modules/_egg-view@2.1.2@egg-view/app/extend/context.js",
    "start": 1568098410203,
    "end": 1568098410205,
    "duration": 2,
    "pid": 11816,
    "index": 38
  },
  {
    "name": "Require(32) node_modules/_egg@2.23.0@egg/app/extend/context.js",
    "start": 1568098410206,
    "end": 1568098410210,
    "duration": 4,
    "pid": 11816,
    "index": 39
  },
  {
    "name": "Load extend/helper.js",
    "start": 1568098410214,
    "end": 1568098410258,
    "duration": 44,
    "pid": 11816,
    "index": 40
  },
  {
    "name": "Require(33) node_modules/_egg-security@2.6.1@egg-security/app/extend/helper.js",
    "start": 1568098410215,
    "end": 1568098410250,
    "duration": 35,
    "pid": 11816,
    "index": 41
  },
  {
    "name": "Require(34) node_modules/_egg@2.23.0@egg/app/extend/helper.js",
    "start": 1568098410253,
    "end": 1568098410253,
    "duration": 0,
    "pid": 11816,
    "index": 42
  },
  {
    "name": "Load app.js",
    "start": 1568098410258,
    "end": 1568098410332,
    "duration": 74,
    "pid": 11816,
    "index": 43
  },
  {
    "name": "Require(35) node_modules/_egg-session@3.1.0@egg-session/app.js",
    "start": 1568098410259,
    "end": 1568098410259,
    "duration": 0,
    "pid": 11816,
    "index": 44
  },
  {
    "name": "Require(36) node_modules/_egg-security@2.6.1@egg-security/app.js",
    "start": 1568098410260,
    "end": 1568098410263,
    "duration": 3,
    "pid": 11816,
    "index": 45
  },
  {
    "name": "Require(37) node_modules/_egg-onerror@2.1.0@egg-onerror/app.js",
    "start": 1568098410264,
    "end": 1568098410287,
    "duration": 23,
    "pid": 11816,
    "index": 46
  },
  {
    "name": "Require(38) node_modules/_egg-i18n@2.1.1@egg-i18n/app.js",
    "start": 1568098410288,
    "end": 1568098410303,
    "duration": 15,
    "pid": 11816,
    "index": 47
  },
  {
    "name": "Require(39) node_modules/_egg-watcher@3.1.0@egg-watcher/app.js",
    "start": 1568098410303,
    "end": 1568098410313,
    "duration": 10,
    "pid": 11816,
    "index": 48
  },
  {
    "name": "Require(40) node_modules/_egg-schedule@3.6.4@egg-schedule/app.js",
    "start": 1568098410313,
    "end": 1568098410318,
    "duration": 5,
    "pid": 11816,
    "index": 49
  },
  {
    "name": "Require(41) node_modules/_egg-multipart@2.9.0@egg-multipart/app.js",
    "start": 1568098410319,
    "end": 1568098410324,
    "duration": 5,
    "pid": 11816,
    "index": 50
  },
  {
    "name": "Require(42) node_modules/_egg-development@2.4.3@egg-development/app.js",
    "start": 1568098410325,
    "end": 1568098410326,
    "duration": 1,
    "pid": 11816,
    "index": 51
  },
  {
    "name": "Require(43) node_modules/_egg-logrotator@3.1.0@egg-logrotator/app.js",
    "start": 1568098410326,
    "end": 1568098410327,
    "duration": 1,
    "pid": 11816,
    "index": 52
  },
  {
    "name": "Require(44) node_modules/_egg-static@2.2.0@egg-static/app.js",
    "start": 1568098410328,
    "end": 1568098410328,
    "duration": 0,
    "pid": 11816,
    "index": 53
  },
  {
    "name": "Require(45) node_modules/_egg-sequelize@5.2.0@egg-sequelize/app.js",
    "start": 1568098410329,
    "end": 1568098410330,
    "duration": 1,
    "pid": 11816,
    "index": 54
  },
  {
    "name": "Before Start in node_modules/_egg-watcher@3.1.0@egg-watcher/lib/init.js:15:14",
    "start": 1568098410350,
    "end": 1568098411288,
    "duration": 938,
    "pid": 11816,
    "index": 55
  },
  {
    "name": "Load \"Symbol(model)\" to Application",
    "start": 1568098410976,
    "end": 1568098410989,
    "duration": 13,
    "pid": 11816,
    "index": 56
  },
  {
    "name": "Before Start in node_modules/_egg-sequelize@5.2.0@egg-sequelize/lib/loader.js:39:7",
    "start": 1568098410990,
    "end": 1568098411327,
    "duration": 337,
    "pid": 11816,
    "index": 57
  },
  {
    "name": "Load Service",
    "start": 1568098410990,
    "end": 1568098410996,
    "duration": 6,
    "pid": 11816,
    "index": 58
  },
  {
    "name": "Load \"service\" to Context",
    "start": 1568098410990,
    "end": 1568098410996,
    "duration": 6,
    "pid": 11816,
    "index": 59
  },
  {
    "name": "Load Middleware",
    "start": 1568098410997,
    "end": 1568098411185,
    "duration": 188,
    "pid": 11816,
    "index": 60
  },
  {
    "name": "Load \"middlewares\" to Application",
    "start": 1568098410997,
    "end": 1568098411162,
    "duration": 165,
    "pid": 11816,
    "index": 61
  },
  {
    "name": "Load Controller",
    "start": 1568098411185,
    "end": 1568098411189,
    "duration": 4,
    "pid": 11816,
    "index": 62
  },
  {
    "name": "Load \"controller\" to Application",
    "start": 1568098411185,
    "end": 1568098411189,
    "duration": 4,
    "pid": 11816,
    "index": 63
  },
  {
    "name": "Load Router",
    "start": 1568098411189,
    "end": 1568098411194,
    "duration": 5,
    "pid": 11816,
    "index": 64
  },
  {
    "name": "Require(46) app/router.js",
    "start": 1568098411190,
    "end": 1568098411191,
    "duration": 1,
    "pid": 11816,
    "index": 65
  },
  {
    "name": "Before Start in node_modules/_egg-core@4.17.3@egg-core/lib/egg.js:303:10",
    "start": 1568098411191,
    "end": 1568098411219,
    "duration": 28,
    "pid": 11816,
    "index": 66
  }
]