[
  {
    "name": "Application Start",
    "start": 1568111634727,
    "end": 1568111636130,
    "duration": 1403,
    "pid": 6276,
    "index": 0
  },
  {
    "name": "Load Plugin",
    "start": 1568111634734,
    "end": 1568111634762,
    "duration": 28,
    "pid": 6276,
    "index": 1
  },
  {
    "name": "Load Config",
    "start": 1568111634762,
    "end": 1568111634796,
    "duration": 34,
    "pid": 6276,
    "index": 2
  },
  {
    "name": "Require(0) config/config.default.js",
    "start": 1568111634763,
    "end": 1568111634764,
    "duration": 1,
    "pid": 6276,
    "index": 3
  },
  {
    "name": "Require(1) node_modules/_egg-session@3.1.0@egg-session/config/config.default.js",
    "start": 1568111634766,
    "end": 1568111634766,
    "duration": 0,
    "pid": 6276,
    "index": 4
  },
  {
    "name": "Require(2) node_modules/_egg-security@2.6.1@egg-security/config/config.default.js",
    "start": 1568111634767,
    "end": 1568111634767,
    "duration": 0,
    "pid": 6276,
    "index": 5
  },
  {
    "name": "Require(3) node_modules/_egg-jsonp@2.0.0@egg-jsonp/config/config.default.js",
    "start": 1568111634769,
    "end": 1568111634769,
    "duration": 0,
    "pid": 6276,
    "index": 6
  },
  {
    "name": "Require(4) node_modules/_egg-onerror@2.1.0@egg-onerror/config/config.default.js",
    "start": 1568111634770,
    "end": 1568111634770,
    "duration": 0,
    "pid": 6276,
    "index": 7
  },
  {
    "name": "Require(5) node_modules/_egg-i18n@2.1.1@egg-i18n/config/config.default.js",
    "start": 1568111634771,
    "end": 1568111634771,
    "duration": 0,
    "pid": 6276,
    "index": 8
  },
  {
    "name": "Require(6) node_modules/_egg-watcher@3.1.0@egg-watcher/config/config.default.js",
    "start": 1568111634772,
    "end": 1568111634772,
    "duration": 0,
    "pid": 6276,
    "index": 9
  },
  {
    "name": "Require(7) node_modules/_egg-schedule@3.6.4@egg-schedule/config/config.default.js",
    "start": 1568111634773,
    "end": 1568111634774,
    "duration": 1,
    "pid": 6276,
    "index": 10
  },
  {
    "name": "Require(8) node_modules/_egg-multipart@2.9.0@egg-multipart/config/config.default.js",
    "start": 1568111634775,
    "end": 1568111634775,
    "duration": 0,
    "pid": 6276,
    "index": 11
  },
  {
    "name": "Require(9) node_modules/_egg-development@2.4.3@egg-development/config/config.default.js",
    "start": 1568111634776,
    "end": 1568111634776,
    "duration": 0,
    "pid": 6276,
    "index": 12
  },
  {
    "name": "Require(10) node_modules/_egg-logrotator@3.1.0@egg-logrotator/config/config.default.js",
    "start": 1568111634777,
    "end": 1568111634777,
    "duration": 0,
    "pid": 6276,
    "index": 13
  },
  {
    "name": "Require(11) node_modules/_egg-static@2.2.0@egg-static/config/config.default.js",
    "start": 1568111634778,
    "end": 1568111634778,
    "duration": 0,
    "pid": 6276,
    "index": 14
  },
  {
    "name": "Require(12) node_modules/_egg-view@2.1.2@egg-view/config/config.default.js",
    "start": 1568111634779,
    "end": 1568111634779,
    "duration": 0,
    "pid": 6276,
    "index": 15
  },
  {
    "name": "Require(13) node_modules/_egg-sequelize@5.2.0@egg-sequelize/config/config.default.js",
    "start": 1568111634780,
    "end": 1568111634780,
    "duration": 0,
    "pid": 6276,
    "index": 16
  },
  {
    "name": "Require(14) node_modules/_egg@2.23.0@egg/config/config.default.js",
    "start": 1568111634781,
    "end": 1568111634782,
    "duration": 1,
    "pid": 6276,
    "index": 17
  },
  {
    "name": "Require(15) config/config.default.js",
    "start": 1568111634784,
    "end": 1568111634784,
    "duration": 0,
    "pid": 6276,
    "index": 18
  },
  {
    "name": "Require(16) node_modules/_egg-security@2.6.1@egg-security/config/config.local.js",
    "start": 1568111634786,
    "end": 1568111634786,
    "duration": 0,
    "pid": 6276,
    "index": 19
  },
  {
    "name": "Require(17) node_modules/_egg-watcher@3.1.0@egg-watcher/config/config.local.js",
    "start": 1568111634788,
    "end": 1568111634788,
    "duration": 0,
    "pid": 6276,
    "index": 20
  },
  {
    "name": "Require(18) node_modules/_egg-view@2.1.2@egg-view/config/config.local.js",
    "start": 1568111634793,
    "end": 1568111634793,
    "duration": 0,
    "pid": 6276,
    "index": 21
  },
  {
    "name": "Require(19) node_modules/_egg@2.23.0@egg/config/config.local.js",
    "start": 1568111634794,
    "end": 1568111634795,
    "duration": 1,
    "pid": 6276,
    "index": 22
  },
  {
    "name": "Load extend/application.js",
    "start": 1568111634800,
    "end": 1568111634827,
    "duration": 27,
    "pid": 6276,
    "index": 23
  },
  {
    "name": "Require(20) node_modules/_egg-session@3.1.0@egg-session/app/extend/application.js",
    "start": 1568111634802,
    "end": 1568111634802,
    "duration": 0,
    "pid": 6276,
    "index": 24
  },
  {
    "name": "Require(21) node_modules/_egg-security@2.6.1@egg-security/app/extend/application.js",
    "start": 1568111634803,
    "end": 1568111634806,
    "duration": 3,
    "pid": 6276,
    "index": 25
  },
  {
    "name": "Require(22) node_modules/_egg-jsonp@2.0.0@egg-jsonp/app/extend/application.js",
    "start": 1568111634807,
    "end": 1568111634811,
    "duration": 4,
    "pid": 6276,
    "index": 26
  },
  {
    "name": "Require(23) node_modules/_egg-logrotator@3.1.0@egg-logrotator/app/extend/application.js",
    "start": 1568111634813,
    "end": 1568111634817,
    "duration": 4,
    "pid": 6276,
    "index": 27
  },
  {
    "name": "Require(24) node_modules/_egg-view@2.1.2@egg-view/app/extend/application.js",
    "start": 1568111634817,
    "end": 1568111634820,
    "duration": 3,
    "pid": 6276,
    "index": 28
  },
  {
    "name": "Load extend/request.js",
    "start": 1568111634827,
    "end": 1568111634843,
    "duration": 16,
    "pid": 6276,
    "index": 29
  },
  {
    "name": "Require(25) node_modules/_egg@2.23.0@egg/app/extend/request.js",
    "start": 1568111634832,
    "end": 1568111634837,
    "duration": 5,
    "pid": 6276,
    "index": 30
  },
  {
    "name": "Load extend/response.js",
    "start": 1568111634843,
    "end": 1568111634858,
    "duration": 15,
    "pid": 6276,
    "index": 31
  },
  {
    "name": "Require(26) node_modules/_egg@2.23.0@egg/app/extend/response.js",
    "start": 1568111634848,
    "end": 1568111634853,
    "duration": 5,
    "pid": 6276,
    "index": 32
  },
  {
    "name": "Load extend/context.js",
    "start": 1568111634858,
    "end": 1568111635019,
    "duration": 161,
    "pid": 6276,
    "index": 33
  },
  {
    "name": "Require(27) node_modules/_egg-security@2.6.1@egg-security/app/extend/context.js",
    "start": 1568111634859,
    "end": 1568111634894,
    "duration": 35,
    "pid": 6276,
    "index": 34
  },
  {
    "name": "Require(28) node_modules/_egg-jsonp@2.0.0@egg-jsonp/app/extend/context.js",
    "start": 1568111634895,
    "end": 1568111634902,
    "duration": 7,
    "pid": 6276,
    "index": 35
  },
  {
    "name": "Require(29) node_modules/_egg-i18n@2.1.1@egg-i18n/app/extend/context.js",
    "start": 1568111634904,
    "end": 1568111634905,
    "duration": 1,
    "pid": 6276,
    "index": 36
  },
  {
    "name": "Require(30) node_modules/_egg-multipart@2.9.0@egg-multipart/app/extend/context.js",
    "start": 1568111634907,
    "end": 1568111635008,
    "duration": 101,
    "pid": 6276,
    "index": 37
  },
  {
    "name": "Require(31) node_modules/_egg-view@2.1.2@egg-view/app/extend/context.js",
    "start": 1568111635009,
    "end": 1568111635011,
    "duration": 2,
    "pid": 6276,
    "index": 38
  },
  {
    "name": "Require(32) node_modules/_egg@2.23.0@egg/app/extend/context.js",
    "start": 1568111635011,
    "end": 1568111635015,
    "duration": 4,
    "pid": 6276,
    "index": 39
  },
  {
    "name": "Load extend/helper.js",
    "start": 1568111635019,
    "end": 1568111635055,
    "duration": 36,
    "pid": 6276,
    "index": 40
  },
  {
    "name": "Require(33) node_modules/_egg-security@2.6.1@egg-security/app/extend/helper.js",
    "start": 1568111635020,
    "end": 1568111635048,
    "duration": 28,
    "pid": 6276,
    "index": 41
  },
  {
    "name": "Require(34) node_modules/_egg@2.23.0@egg/app/extend/helper.js",
    "start": 1568111635051,
    "end": 1568111635052,
    "duration": 1,
    "pid": 6276,
    "index": 42
  },
  {
    "name": "Load app.js",
    "start": 1568111635056,
    "end": 1568111635115,
    "duration": 59,
    "pid": 6276,
    "index": 43
  },
  {
    "name": "Require(35) node_modules/_egg-session@3.1.0@egg-session/app.js",
    "start": 1568111635056,
    "end": 1568111635057,
    "duration": 1,
    "pid": 6276,
    "index": 44
  },
  {
    "name": "Require(36) node_modules/_egg-security@2.6.1@egg-security/app.js",
    "start": 1568111635057,
    "end": 1568111635060,
    "duration": 3,
    "pid": 6276,
    "index": 45
  },
  {
    "name": "Require(37) node_modules/_egg-onerror@2.1.0@egg-onerror/app.js",
    "start": 1568111635061,
    "end": 1568111635078,
    "duration": 17,
    "pid": 6276,
    "index": 46
  },
  {
    "name": "Require(38) node_modules/_egg-i18n@2.1.1@egg-i18n/app.js",
    "start": 1568111635079,
    "end": 1568111635092,
    "duration": 13,
    "pid": 6276,
    "index": 47
  },
  {
    "name": "Require(39) node_modules/_egg-watcher@3.1.0@egg-watcher/app.js",
    "start": 1568111635092,
    "end": 1568111635099,
    "duration": 7,
    "pid": 6276,
    "index": 48
  },
  {
    "name": "Require(40) node_modules/_egg-schedule@3.6.4@egg-schedule/app.js",
    "start": 1568111635100,
    "end": 1568111635103,
    "duration": 3,
    "pid": 6276,
    "index": 49
  },
  {
    "name": "Require(41) node_modules/_egg-multipart@2.9.0@egg-multipart/app.js",
    "start": 1568111635104,
    "end": 1568111635109,
    "duration": 5,
    "pid": 6276,
    "index": 50
  },
  {
    "name": "Require(42) node_modules/_egg-development@2.4.3@egg-development/app.js",
    "start": 1568111635109,
    "end": 1568111635110,
    "duration": 1,
    "pid": 6276,
    "index": 51
  },
  {
    "name": "Require(43) node_modules/_egg-logrotator@3.1.0@egg-logrotator/app.js",
    "start": 1568111635110,
    "end": 1568111635110,
    "duration": 0,
    "pid": 6276,
    "index": 52
  },
  {
    "name": "Require(44) node_modules/_egg-static@2.2.0@egg-static/app.js",
    "start": 1568111635111,
    "end": 1568111635111,
    "duration": 0,
    "pid": 6276,
    "index": 53
  },
  {
    "name": "Require(45) node_modules/_egg-sequelize@5.2.0@egg-sequelize/app.js",
    "start": 1568111635112,
    "end": 1568111635113,
    "duration": 1,
    "pid": 6276,
    "index": 54
  },
  {
    "name": "Before Start in node_modules/_egg-watcher@3.1.0@egg-watcher/lib/init.js:15:14",
    "start": 1568111635135,
    "end": 1568111636086,
    "duration": 951,
    "pid": 6276,
    "index": 55
  },
  {
    "name": "Load \"Symbol(model)\" to Application",
    "start": 1568111635722,
    "end": 1568111635751,
    "duration": 29,
    "pid": 6276,
    "index": 56
  },
  {
    "name": "Before Start in node_modules/_egg-sequelize@5.2.0@egg-sequelize/lib/loader.js:39:7",
    "start": 1568111635763,
    "end": 1568111636129,
    "duration": 366,
    "pid": 6276,
    "index": 57
  },
  {
    "name": "Load Service",
    "start": 1568111635763,
    "end": 1568111635769,
    "duration": 6,
    "pid": 6276,
    "index": 58
  },
  {
    "name": "Load \"service\" to Context",
    "start": 1568111635764,
    "end": 1568111635769,
    "duration": 5,
    "pid": 6276,
    "index": 59
  },
  {
    "name": "Load Middleware",
    "start": 1568111635770,
    "end": 1568111635936,
    "duration": 166,
    "pid": 6276,
    "index": 60
  },
  {
    "name": "Load \"middlewares\" to Application",
    "start": 1568111635770,
    "end": 1568111635912,
    "duration": 142,
    "pid": 6276,
    "index": 61
  },
  {
    "name": "Load Controller",
    "start": 1568111635936,
    "end": 1568111635943,
    "duration": 7,
    "pid": 6276,
    "index": 62
  },
  {
    "name": "Load \"controller\" to Application",
    "start": 1568111635936,
    "end": 1568111635943,
    "duration": 7,
    "pid": 6276,
    "index": 63
  },
  {
    "name": "Load Router",
    "start": 1568111635943,
    "end": 1568111635949,
    "duration": 6,
    "pid": 6276,
    "index": 64
  },
  {
    "name": "Require(46) app/router.js",
    "start": 1568111635944,
    "end": 1568111635945,
    "duration": 1,
    "pid": 6276,
    "index": 65
  },
  {
    "name": "Before Start in node_modules/_egg-core@4.17.3@egg-core/lib/egg.js:303:10",
    "start": 1568111635946,
    "end": 1568111635992,
    "duration": 46,
    "pid": 6276,
    "index": 66
  }
]