[
  {
    "name": "Application Start",
    "start": 1568084296053,
    "end": 1568084297217,
    "duration": 1164,
    "pid": 7684,
    "index": 0
  },
  {
    "name": "Load Plugin",
    "start": 1568084296061,
    "end": 1568084296092,
    "duration": 31,
    "pid": 7684,
    "index": 1
  },
  {
    "name": "Load Config",
    "start": 1568084296092,
    "end": 1568084296127,
    "duration": 35,
    "pid": 7684,
    "index": 2
  },
  {
    "name": "Require(0) config/config.default.js",
    "start": 1568084296093,
    "end": 1568084296094,
    "duration": 1,
    "pid": 7684,
    "index": 3
  },
  {
    "name": "Require(1) node_modules/_egg-session@3.1.0@egg-session/config/config.default.js",
    "start": 1568084296096,
    "end": 1568084296096,
    "duration": 0,
    "pid": 7684,
    "index": 4
  },
  {
    "name": "Require(2) node_modules/_egg-security@2.6.1@egg-security/config/config.default.js",
    "start": 1568084296097,
    "end": 1568084296098,
    "duration": 1,
    "pid": 7684,
    "index": 5
  },
  {
    "name": "Require(3) node_modules/_egg-jsonp@2.0.0@egg-jsonp/config/config.default.js",
    "start": 1568084296099,
    "end": 1568084296100,
    "duration": 1,
    "pid": 7684,
    "index": 6
  },
  {
    "name": "Require(4) node_modules/_egg-onerror@2.1.0@egg-onerror/config/config.default.js",
    "start": 1568084296100,
    "end": 1568084296101,
    "duration": 1,
    "pid": 7684,
    "index": 7
  },
  {
    "name": "Require(5) node_modules/_egg-i18n@2.1.1@egg-i18n/config/config.default.js",
    "start": 1568084296102,
    "end": 1568084296102,
    "duration": 0,
    "pid": 7684,
    "index": 8
  },
  {
    "name": "Require(6) node_modules/_egg-watcher@3.1.0@egg-watcher/config/config.default.js",
    "start": 1568084296103,
    "end": 1568084296104,
    "duration": 1,
    "pid": 7684,
    "index": 9
  },
  {
    "name": "Require(7) node_modules/_egg-schedule@3.6.4@egg-schedule/config/config.default.js",
    "start": 1568084296104,
    "end": 1568084296105,
    "duration": 1,
    "pid": 7684,
    "index": 10
  },
  {
    "name": "Require(8) node_modules/_egg-multipart@2.9.0@egg-multipart/config/config.default.js",
    "start": 1568084296106,
    "end": 1568084296106,
    "duration": 0,
    "pid": 7684,
    "index": 11
  },
  {
    "name": "Require(9) node_modules/_egg-development@2.4.3@egg-development/config/config.default.js",
    "start": 1568084296108,
    "end": 1568084296108,
    "duration": 0,
    "pid": 7684,
    "index": 12
  },
  {
    "name": "Require(10) node_modules/_egg-logrotator@3.1.0@egg-logrotator/config/config.default.js",
    "start": 1568084296109,
    "end": 1568084296109,
    "duration": 0,
    "pid": 7684,
    "index": 13
  },
  {
    "name": "Require(11) node_modules/_egg-static@2.2.0@egg-static/config/config.default.js",
    "start": 1568084296110,
    "end": 1568084296110,
    "duration": 0,
    "pid": 7684,
    "index": 14
  },
  {
    "name": "Require(12) node_modules/_egg-view@2.1.2@egg-view/config/config.default.js",
    "start": 1568084296111,
    "end": 1568084296112,
    "duration": 1,
    "pid": 7684,
    "index": 15
  },
  {
    "name": "Require(13) node_modules/_egg-sequelize@5.2.0@egg-sequelize/config/config.default.js",
    "start": 1568084296113,
    "end": 1568084296114,
    "duration": 1,
    "pid": 7684,
    "index": 16
  },
  {
    "name": "Require(14) node_modules/_egg@2.23.0@egg/config/config.default.js",
    "start": 1568084296115,
    "end": 1568084296116,
    "duration": 1,
    "pid": 7684,
    "index": 17
  },
  {
    "name": "Require(15) config/config.default.js",
    "start": 1568084296118,
    "end": 1568084296118,
    "duration": 0,
    "pid": 7684,
    "index": 18
  },
  {
    "name": "Require(16) node_modules/_egg-security@2.6.1@egg-security/config/config.local.js",
    "start": 1568084296120,
    "end": 1568084296120,
    "duration": 0,
    "pid": 7684,
    "index": 19
  },
  {
    "name": "Require(17) node_modules/_egg-watcher@3.1.0@egg-watcher/config/config.local.js",
    "start": 1568084296122,
    "end": 1568084296122,
    "duration": 0,
    "pid": 7684,
    "index": 20
  },
  {
    "name": "Require(18) node_modules/_egg-view@2.1.2@egg-view/config/config.local.js",
    "start": 1568084296124,
    "end": 1568084296125,
    "duration": 1,
    "pid": 7684,
    "index": 21
  },
  {
    "name": "Require(19) node_modules/_egg@2.23.0@egg/config/config.local.js",
    "start": 1568084296126,
    "end": 1568084296127,
    "duration": 1,
    "pid": 7684,
    "index": 22
  },
  {
    "name": "Load extend/application.js",
    "start": 1568084296129,
    "end": 1568084296151,
    "duration": 22,
    "pid": 7684,
    "index": 23
  },
  {
    "name": "Require(20) node_modules/_egg-session@3.1.0@egg-session/app/extend/application.js",
    "start": 1568084296130,
    "end": 1568084296130,
    "duration": 0,
    "pid": 7684,
    "index": 24
  },
  {
    "name": "Require(21) node_modules/_egg-security@2.6.1@egg-security/app/extend/application.js",
    "start": 1568084296131,
    "end": 1568084296133,
    "duration": 2,
    "pid": 7684,
    "index": 25
  },
  {
    "name": "Require(22) node_modules/_egg-jsonp@2.0.0@egg-jsonp/app/extend/application.js",
    "start": 1568084296134,
    "end": 1568084296138,
    "duration": 4,
    "pid": 7684,
    "index": 26
  },
  {
    "name": "Require(23) node_modules/_egg-logrotator@3.1.0@egg-logrotator/app/extend/application.js",
    "start": 1568084296140,
    "end": 1568084296144,
    "duration": 4,
    "pid": 7684,
    "index": 27
  },
  {
    "name": "Require(24) node_modules/_egg-view@2.1.2@egg-view/app/extend/application.js",
    "start": 1568084296145,
    "end": 1568084296147,
    "duration": 2,
    "pid": 7684,
    "index": 28
  },
  {
    "name": "Load extend/request.js",
    "start": 1568084296151,
    "end": 1568084296160,
    "duration": 9,
    "pid": 7684,
    "index": 29
  },
  {
    "name": "Require(25) node_modules/_egg@2.23.0@egg/app/extend/request.js",
    "start": 1568084296155,
    "end": 1568084296157,
    "duration": 2,
    "pid": 7684,
    "index": 30
  },
  {
    "name": "Load extend/response.js",
    "start": 1568084296160,
    "end": 1568084296170,
    "duration": 10,
    "pid": 7684,
    "index": 31
  },
  {
    "name": "Require(26) node_modules/_egg@2.23.0@egg/app/extend/response.js",
    "start": 1568084296164,
    "end": 1568084296167,
    "duration": 3,
    "pid": 7684,
    "index": 32
  },
  {
    "name": "Load extend/context.js",
    "start": 1568084296170,
    "end": 1568084296284,
    "duration": 114,
    "pid": 7684,
    "index": 33
  },
  {
    "name": "Require(27) node_modules/_egg-security@2.6.1@egg-security/app/extend/context.js",
    "start": 1568084296171,
    "end": 1568084296191,
    "duration": 20,
    "pid": 7684,
    "index": 34
  },
  {
    "name": "Require(28) node_modules/_egg-jsonp@2.0.0@egg-jsonp/app/extend/context.js",
    "start": 1568084296192,
    "end": 1568084296194,
    "duration": 2,
    "pid": 7684,
    "index": 35
  },
  {
    "name": "Require(29) node_modules/_egg-i18n@2.1.1@egg-i18n/app/extend/context.js",
    "start": 1568084296195,
    "end": 1568084296195,
    "duration": 0,
    "pid": 7684,
    "index": 36
  },
  {
    "name": "Require(30) node_modules/_egg-multipart@2.9.0@egg-multipart/app/extend/context.js",
    "start": 1568084296196,
    "end": 1568084296274,
    "duration": 78,
    "pid": 7684,
    "index": 37
  },
  {
    "name": "Require(31) node_modules/_egg-view@2.1.2@egg-view/app/extend/context.js",
    "start": 1568084296275,
    "end": 1568084296276,
    "duration": 1,
    "pid": 7684,
    "index": 38
  },
  {
    "name": "Require(32) node_modules/_egg@2.23.0@egg/app/extend/context.js",
    "start": 1568084296277,
    "end": 1568084296280,
    "duration": 3,
    "pid": 7684,
    "index": 39
  },
  {
    "name": "Load extend/helper.js",
    "start": 1568084296284,
    "end": 1568084296320,
    "duration": 36,
    "pid": 7684,
    "index": 40
  },
  {
    "name": "Require(33) node_modules/_egg-security@2.6.1@egg-security/app/extend/helper.js",
    "start": 1568084296285,
    "end": 1568084296314,
    "duration": 29,
    "pid": 7684,
    "index": 41
  },
  {
    "name": "Require(34) node_modules/_egg@2.23.0@egg/app/extend/helper.js",
    "start": 1568084296316,
    "end": 1568084296317,
    "duration": 1,
    "pid": 7684,
    "index": 42
  },
  {
    "name": "Load app.js",
    "start": 1568084296320,
    "end": 1568084296374,
    "duration": 54,
    "pid": 7684,
    "index": 43
  },
  {
    "name": "Require(35) node_modules/_egg-session@3.1.0@egg-session/app.js",
    "start": 1568084296321,
    "end": 1568084296321,
    "duration": 0,
    "pid": 7684,
    "index": 44
  },
  {
    "name": "Require(36) node_modules/_egg-security@2.6.1@egg-security/app.js",
    "start": 1568084296322,
    "end": 1568084296325,
    "duration": 3,
    "pid": 7684,
    "index": 45
  },
  {
    "name": "Require(37) node_modules/_egg-onerror@2.1.0@egg-onerror/app.js",
    "start": 1568084296326,
    "end": 1568084296342,
    "duration": 16,
    "pid": 7684,
    "index": 46
  },
  {
    "name": "Require(38) node_modules/_egg-i18n@2.1.1@egg-i18n/app.js",
    "start": 1568084296342,
    "end": 1568084296353,
    "duration": 11,
    "pid": 7684,
    "index": 47
  },
  {
    "name": "Require(39) node_modules/_egg-watcher@3.1.0@egg-watcher/app.js",
    "start": 1568084296354,
    "end": 1568084296360,
    "duration": 6,
    "pid": 7684,
    "index": 48
  },
  {
    "name": "Require(40) node_modules/_egg-schedule@3.6.4@egg-schedule/app.js",
    "start": 1568084296360,
    "end": 1568084296364,
    "duration": 4,
    "pid": 7684,
    "index": 49
  },
  {
    "name": "Require(41) node_modules/_egg-multipart@2.9.0@egg-multipart/app.js",
    "start": 1568084296364,
    "end": 1568084296369,
    "duration": 5,
    "pid": 7684,
    "index": 50
  },
  {
    "name": "Require(42) node_modules/_egg-development@2.4.3@egg-development/app.js",
    "start": 1568084296369,
    "end": 1568084296370,
    "duration": 1,
    "pid": 7684,
    "index": 51
  },
  {
    "name": "Require(43) node_modules/_egg-logrotator@3.1.0@egg-logrotator/app.js",
    "start": 1568084296370,
    "end": 1568084296371,
    "duration": 1,
    "pid": 7684,
    "index": 52
  },
  {
    "name": "Require(44) node_modules/_egg-static@2.2.0@egg-static/app.js",
    "start": 1568084296371,
    "end": 1568084296371,
    "duration": 0,
    "pid": 7684,
    "index": 53
  },
  {
    "name": "Require(45) node_modules/_egg-sequelize@5.2.0@egg-sequelize/app.js",
    "start": 1568084296372,
    "end": 1568084296373,
    "duration": 1,
    "pid": 7684,
    "index": 54
  },
  {
    "name": "Before Start in node_modules/_egg-watcher@3.1.0@egg-watcher/lib/init.js:15:14",
    "start": 1568084296388,
    "end": 1568084297182,
    "duration": 794,
    "pid": 7684,
    "index": 55
  },
  {
    "name": "Load \"Symbol(model)\" to Application",
    "start": 1568084296943,
    "end": 1568084296956,
    "duration": 13,
    "pid": 7684,
    "index": 56
  },
  {
    "name": "Before Start in node_modules/_egg-sequelize@5.2.0@egg-sequelize/lib/loader.js:39:7",
    "start": 1568084296956,
    "end": 1568084297217,
    "duration": 261,
    "pid": 7684,
    "index": 57
  },
  {
    "name": "Load Service",
    "start": 1568084296957,
    "end": 1568084296962,
    "duration": 5,
    "pid": 7684,
    "index": 58
  },
  {
    "name": "Load \"service\" to Context",
    "start": 1568084296957,
    "end": 1568084296962,
    "duration": 5,
    "pid": 7684,
    "index": 59
  },
  {
    "name": "Load Middleware",
    "start": 1568084296962,
    "end": 1568084297098,
    "duration": 136,
    "pid": 7684,
    "index": 60
  },
  {
    "name": "Load \"middlewares\" to Application",
    "start": 1568084296962,
    "end": 1568084297082,
    "duration": 120,
    "pid": 7684,
    "index": 61
  },
  {
    "name": "Load Controller",
    "start": 1568084297099,
    "end": 1568084297101,
    "duration": 2,
    "pid": 7684,
    "index": 62
  },
  {
    "name": "Load \"controller\" to Application",
    "start": 1568084297099,
    "end": 1568084297101,
    "duration": 2,
    "pid": 7684,
    "index": 63
  },
  {
    "name": "Load Router",
    "start": 1568084297101,
    "end": 1568084297104,
    "duration": 3,
    "pid": 7684,
    "index": 64
  },
  {
    "name": "Require(46) app/router.js",
    "start": 1568084297102,
    "end": 1568084297102,
    "duration": 0,
    "pid": 7684,
    "index": 65
  },
  {
    "name": "Before Start in node_modules/_egg-core@4.17.3@egg-core/lib/egg.js:303:10",
    "start": 1568084297103,
    "end": 1568084297124,
    "duration": 21,
    "pid": 7684,
    "index": 66
  }
]