[
  {
    "name": "Application Start",
    "start": 1568098565890,
    "end": 1568098567017,
    "duration": 1127,
    "pid": 11460,
    "index": 0
  },
  {
    "name": "Load Plugin",
    "start": 1568098565896,
    "end": 1568098565922,
    "duration": 26,
    "pid": 11460,
    "index": 1
  },
  {
    "name": "Load Config",
    "start": 1568098565922,
    "end": 1568098565948,
    "duration": 26,
    "pid": 11460,
    "index": 2
  },
  {
    "name": "Require(0) config/config.default.js",
    "start": 1568098565923,
    "end": 1568098565923,
    "duration": 0,
    "pid": 11460,
    "index": 3
  },
  {
    "name": "Require(1) node_modules/_egg-session@3.1.0@egg-session/config/config.default.js",
    "start": 1568098565925,
    "end": 1568098565926,
    "duration": 1,
    "pid": 11460,
    "index": 4
  },
  {
    "name": "Require(2) node_modules/_egg-security@2.6.1@egg-security/config/config.default.js",
    "start": 1568098565926,
    "end": 1568098565927,
    "duration": 1,
    "pid": 11460,
    "index": 5
  },
  {
    "name": "Require(3) node_modules/_egg-jsonp@2.0.0@egg-jsonp/config/config.default.js",
    "start": 1568098565928,
    "end": 1568098565929,
    "duration": 1,
    "pid": 11460,
    "index": 6
  },
  {
    "name": "Require(4) node_modules/_egg-onerror@2.1.0@egg-onerror/config/config.default.js",
    "start": 1568098565929,
    "end": 1568098565930,
    "duration": 1,
    "pid": 11460,
    "index": 7
  },
  {
    "name": "Require(5) node_modules/_egg-i18n@2.1.1@egg-i18n/config/config.default.js",
    "start": 1568098565930,
    "end": 1568098565931,
    "duration": 1,
    "pid": 11460,
    "index": 8
  },
  {
    "name": "Require(6) node_modules/_egg-watcher@3.1.0@egg-watcher/config/config.default.js",
    "start": 1568098565931,
    "end": 1568098565932,
    "duration": 1,
    "pid": 11460,
    "index": 9
  },
  {
    "name": "Require(7) node_modules/_egg-schedule@3.6.4@egg-schedule/config/config.default.js",
    "start": 1568098565932,
    "end": 1568098565933,
    "duration": 1,
    "pid": 11460,
    "index": 10
  },
  {
    "name": "Require(8) node_modules/_egg-multipart@2.9.0@egg-multipart/config/config.default.js",
    "start": 1568098565933,
    "end": 1568098565934,
    "duration": 1,
    "pid": 11460,
    "index": 11
  },
  {
    "name": "Require(9) node_modules/_egg-development@2.4.3@egg-development/config/config.default.js",
    "start": 1568098565935,
    "end": 1568098565935,
    "duration": 0,
    "pid": 11460,
    "index": 12
  },
  {
    "name": "Require(10) node_modules/_egg-logrotator@3.1.0@egg-logrotator/config/config.default.js",
    "start": 1568098565936,
    "end": 1568098565936,
    "duration": 0,
    "pid": 11460,
    "index": 13
  },
  {
    "name": "Require(11) node_modules/_egg-static@2.2.0@egg-static/config/config.default.js",
    "start": 1568098565937,
    "end": 1568098565937,
    "duration": 0,
    "pid": 11460,
    "index": 14
  },
  {
    "name": "Require(12) node_modules/_egg-view@2.1.2@egg-view/config/config.default.js",
    "start": 1568098565938,
    "end": 1568098565938,
    "duration": 0,
    "pid": 11460,
    "index": 15
  },
  {
    "name": "Require(13) node_modules/_egg-sequelize@5.2.0@egg-sequelize/config/config.default.js",
    "start": 1568098565939,
    "end": 1568098565939,
    "duration": 0,
    "pid": 11460,
    "index": 16
  },
  {
    "name": "Require(14) node_modules/_egg@2.23.0@egg/config/config.default.js",
    "start": 1568098565939,
    "end": 1568098565940,
    "duration": 1,
    "pid": 11460,
    "index": 17
  },
  {
    "name": "Require(15) config/config.default.js",
    "start": 1568098565942,
    "end": 1568098565942,
    "duration": 0,
    "pid": 11460,
    "index": 18
  },
  {
    "name": "Require(16) node_modules/_egg-security@2.6.1@egg-security/config/config.local.js",
    "start": 1568098565943,
    "end": 1568098565943,
    "duration": 0,
    "pid": 11460,
    "index": 19
  },
  {
    "name": "Require(17) node_modules/_egg-watcher@3.1.0@egg-watcher/config/config.local.js",
    "start": 1568098565945,
    "end": 1568098565945,
    "duration": 0,
    "pid": 11460,
    "index": 20
  },
  {
    "name": "Require(18) node_modules/_egg-view@2.1.2@egg-view/config/config.local.js",
    "start": 1568098565947,
    "end": 1568098565947,
    "duration": 0,
    "pid": 11460,
    "index": 21
  },
  {
    "name": "Require(19) node_modules/_egg@2.23.0@egg/config/config.local.js",
    "start": 1568098565948,
    "end": 1568098565948,
    "duration": 0,
    "pid": 11460,
    "index": 22
  },
  {
    "name": "Load extend/application.js",
    "start": 1568098565950,
    "end": 1568098565971,
    "duration": 21,
    "pid": 11460,
    "index": 23
  },
  {
    "name": "Require(20) node_modules/_egg-session@3.1.0@egg-session/app/extend/application.js",
    "start": 1568098565951,
    "end": 1568098565951,
    "duration": 0,
    "pid": 11460,
    "index": 24
  },
  {
    "name": "Require(21) node_modules/_egg-security@2.6.1@egg-security/app/extend/application.js",
    "start": 1568098565952,
    "end": 1568098565954,
    "duration": 2,
    "pid": 11460,
    "index": 25
  },
  {
    "name": "Require(22) node_modules/_egg-jsonp@2.0.0@egg-jsonp/app/extend/application.js",
    "start": 1568098565955,
    "end": 1568098565958,
    "duration": 3,
    "pid": 11460,
    "index": 26
  },
  {
    "name": "Require(23) node_modules/_egg-logrotator@3.1.0@egg-logrotator/app/extend/application.js",
    "start": 1568098565960,
    "end": 1568098565964,
    "duration": 4,
    "pid": 11460,
    "index": 27
  },
  {
    "name": "Require(24) node_modules/_egg-view@2.1.2@egg-view/app/extend/application.js",
    "start": 1568098565964,
    "end": 1568098565967,
    "duration": 3,
    "pid": 11460,
    "index": 28
  },
  {
    "name": "Load extend/request.js",
    "start": 1568098565971,
    "end": 1568098565981,
    "duration": 10,
    "pid": 11460,
    "index": 29
  },
  {
    "name": "Require(25) node_modules/_egg@2.23.0@egg/app/extend/request.js",
    "start": 1568098565975,
    "end": 1568098565977,
    "duration": 2,
    "pid": 11460,
    "index": 30
  },
  {
    "name": "Load extend/response.js",
    "start": 1568098565981,
    "end": 1568098565991,
    "duration": 10,
    "pid": 11460,
    "index": 31
  },
  {
    "name": "Require(26) node_modules/_egg@2.23.0@egg/app/extend/response.js",
    "start": 1568098565984,
    "end": 1568098565987,
    "duration": 3,
    "pid": 11460,
    "index": 32
  },
  {
    "name": "Load extend/context.js",
    "start": 1568098565991,
    "end": 1568098566097,
    "duration": 106,
    "pid": 11460,
    "index": 33
  },
  {
    "name": "Require(27) node_modules/_egg-security@2.6.1@egg-security/app/extend/context.js",
    "start": 1568098565992,
    "end": 1568098566012,
    "duration": 20,
    "pid": 11460,
    "index": 34
  },
  {
    "name": "Require(28) node_modules/_egg-jsonp@2.0.0@egg-jsonp/app/extend/context.js",
    "start": 1568098566013,
    "end": 1568098566016,
    "duration": 3,
    "pid": 11460,
    "index": 35
  },
  {
    "name": "Require(29) node_modules/_egg-i18n@2.1.1@egg-i18n/app/extend/context.js",
    "start": 1568098566017,
    "end": 1568098566017,
    "duration": 0,
    "pid": 11460,
    "index": 36
  },
  {
    "name": "Require(30) node_modules/_egg-multipart@2.9.0@egg-multipart/app/extend/context.js",
    "start": 1568098566019,
    "end": 1568098566087,
    "duration": 68,
    "pid": 11460,
    "index": 37
  },
  {
    "name": "Require(31) node_modules/_egg-view@2.1.2@egg-view/app/extend/context.js",
    "start": 1568098566088,
    "end": 1568098566089,
    "duration": 1,
    "pid": 11460,
    "index": 38
  },
  {
    "name": "Require(32) node_modules/_egg@2.23.0@egg/app/extend/context.js",
    "start": 1568098566090,
    "end": 1568098566093,
    "duration": 3,
    "pid": 11460,
    "index": 39
  },
  {
    "name": "Load extend/helper.js",
    "start": 1568098566097,
    "end": 1568098566132,
    "duration": 35,
    "pid": 11460,
    "index": 40
  },
  {
    "name": "Require(33) node_modules/_egg-security@2.6.1@egg-security/app/extend/helper.js",
    "start": 1568098566097,
    "end": 1568098566125,
    "duration": 28,
    "pid": 11460,
    "index": 41
  },
  {
    "name": "Require(34) node_modules/_egg@2.23.0@egg/app/extend/helper.js",
    "start": 1568098566128,
    "end": 1568098566128,
    "duration": 0,
    "pid": 11460,
    "index": 42
  },
  {
    "name": "Load app.js",
    "start": 1568098566132,
    "end": 1568098566188,
    "duration": 56,
    "pid": 11460,
    "index": 43
  },
  {
    "name": "Require(35) node_modules/_egg-session@3.1.0@egg-session/app.js",
    "start": 1568098566133,
    "end": 1568098566134,
    "duration": 1,
    "pid": 11460,
    "index": 44
  },
  {
    "name": "Require(36) node_modules/_egg-security@2.6.1@egg-security/app.js",
    "start": 1568098566134,
    "end": 1568098566138,
    "duration": 4,
    "pid": 11460,
    "index": 45
  },
  {
    "name": "Require(37) node_modules/_egg-onerror@2.1.0@egg-onerror/app.js",
    "start": 1568098566139,
    "end": 1568098566154,
    "duration": 15,
    "pid": 11460,
    "index": 46
  },
  {
    "name": "Require(38) node_modules/_egg-i18n@2.1.1@egg-i18n/app.js",
    "start": 1568098566154,
    "end": 1568098566166,
    "duration": 12,
    "pid": 11460,
    "index": 47
  },
  {
    "name": "Require(39) node_modules/_egg-watcher@3.1.0@egg-watcher/app.js",
    "start": 1568098566166,
    "end": 1568098566173,
    "duration": 7,
    "pid": 11460,
    "index": 48
  },
  {
    "name": "Require(40) node_modules/_egg-schedule@3.6.4@egg-schedule/app.js",
    "start": 1568098566174,
    "end": 1568098566177,
    "duration": 3,
    "pid": 11460,
    "index": 49
  },
  {
    "name": "Require(41) node_modules/_egg-multipart@2.9.0@egg-multipart/app.js",
    "start": 1568098566177,
    "end": 1568098566183,
    "duration": 6,
    "pid": 11460,
    "index": 50
  },
  {
    "name": "Require(42) node_modules/_egg-development@2.4.3@egg-development/app.js",
    "start": 1568098566183,
    "end": 1568098566184,
    "duration": 1,
    "pid": 11460,
    "index": 51
  },
  {
    "name": "Require(43) node_modules/_egg-logrotator@3.1.0@egg-logrotator/app.js",
    "start": 1568098566184,
    "end": 1568098566185,
    "duration": 1,
    "pid": 11460,
    "index": 52
  },
  {
    "name": "Require(44) node_modules/_egg-static@2.2.0@egg-static/app.js",
    "start": 1568098566185,
    "end": 1568098566185,
    "duration": 0,
    "pid": 11460,
    "index": 53
  },
  {
    "name": "Require(45) node_modules/_egg-sequelize@5.2.0@egg-sequelize/app.js",
    "start": 1568098566186,
    "end": 1568098566187,
    "duration": 1,
    "pid": 11460,
    "index": 54
  },
  {
    "name": "Before Start in node_modules/_egg-watcher@3.1.0@egg-watcher/lib/init.js:15:14",
    "start": 1568098566203,
    "end": 1568098566981,
    "duration": 778,
    "pid": 11460,
    "index": 55
  },
  {
    "name": "Load \"Symbol(model)\" to Application",
    "start": 1568098566727,
    "end": 1568098566739,
    "duration": 12,
    "pid": 11460,
    "index": 56
  },
  {
    "name": "Before Start in node_modules/_egg-sequelize@5.2.0@egg-sequelize/lib/loader.js:39:7",
    "start": 1568098566739,
    "end": 1568098567016,
    "duration": 277,
    "pid": 11460,
    "index": 57
  },
  {
    "name": "Load Service",
    "start": 1568098566740,
    "end": 1568098566745,
    "duration": 5,
    "pid": 11460,
    "index": 58
  },
  {
    "name": "Load \"service\" to Context",
    "start": 1568098566740,
    "end": 1568098566745,
    "duration": 5,
    "pid": 11460,
    "index": 59
  },
  {
    "name": "Load Middleware",
    "start": 1568098566745,
    "end": 1568098566908,
    "duration": 163,
    "pid": 11460,
    "index": 60
  },
  {
    "name": "Load \"middlewares\" to Application",
    "start": 1568098566745,
    "end": 1568098566890,
    "duration": 145,
    "pid": 11460,
    "index": 61
  },
  {
    "name": "Load Controller",
    "start": 1568098566908,
    "end": 1568098566911,
    "duration": 3,
    "pid": 11460,
    "index": 62
  },
  {
    "name": "Load \"controller\" to Application",
    "start": 1568098566908,
    "end": 1568098566911,
    "duration": 3,
    "pid": 11460,
    "index": 63
  },
  {
    "name": "Load Router",
    "start": 1568098566911,
    "end": 1568098566914,
    "duration": 3,
    "pid": 11460,
    "index": 64
  },
  {
    "name": "Require(46) app/router.js",
    "start": 1568098566911,
    "end": 1568098566912,
    "duration": 1,
    "pid": 11460,
    "index": 65
  },
  {
    "name": "Before Start in node_modules/_egg-core@4.17.3@egg-core/lib/egg.js:303:10",
    "start": 1568098566912,
    "end": 1568098566935,
    "duration": 23,
    "pid": 11460,
    "index": 66
  }
]