[
  {
    "name": "Application Start",
    "start": 1568103321793,
    "end": 1568103322918,
    "duration": 1125,
    "pid": 11536,
    "index": 0
  },
  {
    "name": "Load Plugin",
    "start": 1568103321799,
    "end": 1568103321823,
    "duration": 24,
    "pid": 11536,
    "index": 1
  },
  {
    "name": "Load Config",
    "start": 1568103321823,
    "end": 1568103321848,
    "duration": 25,
    "pid": 11536,
    "index": 2
  },
  {
    "name": "Require(0) config/config.default.js",
    "start": 1568103321824,
    "end": 1568103321824,
    "duration": 0,
    "pid": 11536,
    "index": 3
  },
  {
    "name": "Require(1) node_modules/_egg-session@3.1.0@egg-session/config/config.default.js",
    "start": 1568103321826,
    "end": 1568103321826,
    "duration": 0,
    "pid": 11536,
    "index": 4
  },
  {
    "name": "Require(2) node_modules/_egg-security@2.6.1@egg-security/config/config.default.js",
    "start": 1568103321827,
    "end": 1568103321827,
    "duration": 0,
    "pid": 11536,
    "index": 5
  },
  {
    "name": "Require(3) node_modules/_egg-jsonp@2.0.0@egg-jsonp/config/config.default.js",
    "start": 1568103321829,
    "end": 1568103321829,
    "duration": 0,
    "pid": 11536,
    "index": 6
  },
  {
    "name": "Require(4) node_modules/_egg-onerror@2.1.0@egg-onerror/config/config.default.js",
    "start": 1568103321829,
    "end": 1568103321830,
    "duration": 1,
    "pid": 11536,
    "index": 7
  },
  {
    "name": "Require(5) node_modules/_egg-i18n@2.1.1@egg-i18n/config/config.default.js",
    "start": 1568103321830,
    "end": 1568103321831,
    "duration": 1,
    "pid": 11536,
    "index": 8
  },
  {
    "name": "Require(6) node_modules/_egg-watcher@3.1.0@egg-watcher/config/config.default.js",
    "start": 1568103321831,
    "end": 1568103321832,
    "duration": 1,
    "pid": 11536,
    "index": 9
  },
  {
    "name": "Require(7) node_modules/_egg-schedule@3.6.4@egg-schedule/config/config.default.js",
    "start": 1568103321832,
    "end": 1568103321833,
    "duration": 1,
    "pid": 11536,
    "index": 10
  },
  {
    "name": "Require(8) node_modules/_egg-multipart@2.9.0@egg-multipart/config/config.default.js",
    "start": 1568103321833,
    "end": 1568103321834,
    "duration": 1,
    "pid": 11536,
    "index": 11
  },
  {
    "name": "Require(9) node_modules/_egg-development@2.4.3@egg-development/config/config.default.js",
    "start": 1568103321834,
    "end": 1568103321835,
    "duration": 1,
    "pid": 11536,
    "index": 12
  },
  {
    "name": "Require(10) node_modules/_egg-logrotator@3.1.0@egg-logrotator/config/config.default.js",
    "start": 1568103321835,
    "end": 1568103321836,
    "duration": 1,
    "pid": 11536,
    "index": 13
  },
  {
    "name": "Require(11) node_modules/_egg-static@2.2.0@egg-static/config/config.default.js",
    "start": 1568103321836,
    "end": 1568103321837,
    "duration": 1,
    "pid": 11536,
    "index": 14
  },
  {
    "name": "Require(12) node_modules/_egg-view@2.1.2@egg-view/config/config.default.js",
    "start": 1568103321837,
    "end": 1568103321838,
    "duration": 1,
    "pid": 11536,
    "index": 15
  },
  {
    "name": "Require(13) node_modules/_egg-sequelize@5.2.0@egg-sequelize/config/config.default.js",
    "start": 1568103321839,
    "end": 1568103321839,
    "duration": 0,
    "pid": 11536,
    "index": 16
  },
  {
    "name": "Require(14) node_modules/_egg@2.23.0@egg/config/config.default.js",
    "start": 1568103321840,
    "end": 1568103321840,
    "duration": 0,
    "pid": 11536,
    "index": 17
  },
  {
    "name": "Require(15) config/config.default.js",
    "start": 1568103321842,
    "end": 1568103321842,
    "duration": 0,
    "pid": 11536,
    "index": 18
  },
  {
    "name": "Require(16) node_modules/_egg-security@2.6.1@egg-security/config/config.local.js",
    "start": 1568103321843,
    "end": 1568103321843,
    "duration": 0,
    "pid": 11536,
    "index": 19
  },
  {
    "name": "Require(17) node_modules/_egg-watcher@3.1.0@egg-watcher/config/config.local.js",
    "start": 1568103321844,
    "end": 1568103321845,
    "duration": 1,
    "pid": 11536,
    "index": 20
  },
  {
    "name": "Require(18) node_modules/_egg-view@2.1.2@egg-view/config/config.local.js",
    "start": 1568103321846,
    "end": 1568103321847,
    "duration": 1,
    "pid": 11536,
    "index": 21
  },
  {
    "name": "Require(19) node_modules/_egg@2.23.0@egg/config/config.local.js",
    "start": 1568103321847,
    "end": 1568103321848,
    "duration": 1,
    "pid": 11536,
    "index": 22
  },
  {
    "name": "Load extend/application.js",
    "start": 1568103321849,
    "end": 1568103321869,
    "duration": 20,
    "pid": 11536,
    "index": 23
  },
  {
    "name": "Require(20) node_modules/_egg-session@3.1.0@egg-session/app/extend/application.js",
    "start": 1568103321850,
    "end": 1568103321851,
    "duration": 1,
    "pid": 11536,
    "index": 24
  },
  {
    "name": "Require(21) node_modules/_egg-security@2.6.1@egg-security/app/extend/application.js",
    "start": 1568103321851,
    "end": 1568103321853,
    "duration": 2,
    "pid": 11536,
    "index": 25
  },
  {
    "name": "Require(22) node_modules/_egg-jsonp@2.0.0@egg-jsonp/app/extend/application.js",
    "start": 1568103321853,
    "end": 1568103321857,
    "duration": 4,
    "pid": 11536,
    "index": 26
  },
  {
    "name": "Require(23) node_modules/_egg-logrotator@3.1.0@egg-logrotator/app/extend/application.js",
    "start": 1568103321858,
    "end": 1568103321862,
    "duration": 4,
    "pid": 11536,
    "index": 27
  },
  {
    "name": "Require(24) node_modules/_egg-view@2.1.2@egg-view/app/extend/application.js",
    "start": 1568103321863,
    "end": 1568103321865,
    "duration": 2,
    "pid": 11536,
    "index": 28
  },
  {
    "name": "Load extend/request.js",
    "start": 1568103321869,
    "end": 1568103321878,
    "duration": 9,
    "pid": 11536,
    "index": 29
  },
  {
    "name": "Require(25) node_modules/_egg@2.23.0@egg/app/extend/request.js",
    "start": 1568103321872,
    "end": 1568103321875,
    "duration": 3,
    "pid": 11536,
    "index": 30
  },
  {
    "name": "Load extend/response.js",
    "start": 1568103321878,
    "end": 1568103321888,
    "duration": 10,
    "pid": 11536,
    "index": 31
  },
  {
    "name": "Require(26) node_modules/_egg@2.23.0@egg/app/extend/response.js",
    "start": 1568103321881,
    "end": 1568103321885,
    "duration": 4,
    "pid": 11536,
    "index": 32
  },
  {
    "name": "Load extend/context.js",
    "start": 1568103321888,
    "end": 1568103322009,
    "duration": 121,
    "pid": 11536,
    "index": 33
  },
  {
    "name": "Require(27) node_modules/_egg-security@2.6.1@egg-security/app/extend/context.js",
    "start": 1568103321889,
    "end": 1568103321911,
    "duration": 22,
    "pid": 11536,
    "index": 34
  },
  {
    "name": "Require(28) node_modules/_egg-jsonp@2.0.0@egg-jsonp/app/extend/context.js",
    "start": 1568103321912,
    "end": 1568103321915,
    "duration": 3,
    "pid": 11536,
    "index": 35
  },
  {
    "name": "Require(29) node_modules/_egg-i18n@2.1.1@egg-i18n/app/extend/context.js",
    "start": 1568103321915,
    "end": 1568103321916,
    "duration": 1,
    "pid": 11536,
    "index": 36
  },
  {
    "name": "Require(30) node_modules/_egg-multipart@2.9.0@egg-multipart/app/extend/context.js",
    "start": 1568103321917,
    "end": 1568103321993,
    "duration": 76,
    "pid": 11536,
    "index": 37
  },
  {
    "name": "Require(31) node_modules/_egg-view@2.1.2@egg-view/app/extend/context.js",
    "start": 1568103321994,
    "end": 1568103321997,
    "duration": 3,
    "pid": 11536,
    "index": 38
  },
  {
    "name": "Require(32) node_modules/_egg@2.23.0@egg/app/extend/context.js",
    "start": 1568103321998,
    "end": 1568103322004,
    "duration": 6,
    "pid": 11536,
    "index": 39
  },
  {
    "name": "Load extend/helper.js",
    "start": 1568103322010,
    "end": 1568103322043,
    "duration": 33,
    "pid": 11536,
    "index": 40
  },
  {
    "name": "Require(33) node_modules/_egg-security@2.6.1@egg-security/app/extend/helper.js",
    "start": 1568103322010,
    "end": 1568103322036,
    "duration": 26,
    "pid": 11536,
    "index": 41
  },
  {
    "name": "Require(34) node_modules/_egg@2.23.0@egg/app/extend/helper.js",
    "start": 1568103322038,
    "end": 1568103322039,
    "duration": 1,
    "pid": 11536,
    "index": 42
  },
  {
    "name": "Load app.js",
    "start": 1568103322043,
    "end": 1568103322094,
    "duration": 51,
    "pid": 11536,
    "index": 43
  },
  {
    "name": "Require(35) node_modules/_egg-session@3.1.0@egg-session/app.js",
    "start": 1568103322044,
    "end": 1568103322044,
    "duration": 0,
    "pid": 11536,
    "index": 44
  },
  {
    "name": "Require(36) node_modules/_egg-security@2.6.1@egg-security/app.js",
    "start": 1568103322044,
    "end": 1568103322047,
    "duration": 3,
    "pid": 11536,
    "index": 45
  },
  {
    "name": "Require(37) node_modules/_egg-onerror@2.1.0@egg-onerror/app.js",
    "start": 1568103322048,
    "end": 1568103322063,
    "duration": 15,
    "pid": 11536,
    "index": 46
  },
  {
    "name": "Require(38) node_modules/_egg-i18n@2.1.1@egg-i18n/app.js",
    "start": 1568103322064,
    "end": 1568103322075,
    "duration": 11,
    "pid": 11536,
    "index": 47
  },
  {
    "name": "Require(39) node_modules/_egg-watcher@3.1.0@egg-watcher/app.js",
    "start": 1568103322075,
    "end": 1568103322081,
    "duration": 6,
    "pid": 11536,
    "index": 48
  },
  {
    "name": "Require(40) node_modules/_egg-schedule@3.6.4@egg-schedule/app.js",
    "start": 1568103322081,
    "end": 1568103322084,
    "duration": 3,
    "pid": 11536,
    "index": 49
  },
  {
    "name": "Require(41) node_modules/_egg-multipart@2.9.0@egg-multipart/app.js",
    "start": 1568103322084,
    "end": 1568103322089,
    "duration": 5,
    "pid": 11536,
    "index": 50
  },
  {
    "name": "Require(42) node_modules/_egg-development@2.4.3@egg-development/app.js",
    "start": 1568103322089,
    "end": 1568103322090,
    "duration": 1,
    "pid": 11536,
    "index": 51
  },
  {
    "name": "Require(43) node_modules/_egg-logrotator@3.1.0@egg-logrotator/app.js",
    "start": 1568103322090,
    "end": 1568103322090,
    "duration": 0,
    "pid": 11536,
    "index": 52
  },
  {
    "name": "Require(44) node_modules/_egg-static@2.2.0@egg-static/app.js",
    "start": 1568103322091,
    "end": 1568103322091,
    "duration": 0,
    "pid": 11536,
    "index": 53
  },
  {
    "name": "Require(45) node_modules/_egg-sequelize@5.2.0@egg-sequelize/app.js",
    "start": 1568103322092,
    "end": 1568103322093,
    "duration": 1,
    "pid": 11536,
    "index": 54
  },
  {
    "name": "Before Start in node_modules/_egg-watcher@3.1.0@egg-watcher/lib/init.js:15:14",
    "start": 1568103322109,
    "end": 1568103322880,
    "duration": 771,
    "pid": 11536,
    "index": 55
  },
  {
    "name": "Load \"Symbol(model)\" to Application",
    "start": 1568103322642,
    "end": 1568103322665,
    "duration": 23,
    "pid": 11536,
    "index": 56
  },
  {
    "name": "Before Start in node_modules/_egg-sequelize@5.2.0@egg-sequelize/lib/loader.js:39:7",
    "start": 1568103322672,
    "end": 1568103322918,
    "duration": 246,
    "pid": 11536,
    "index": 57
  },
  {
    "name": "Load Service",
    "start": 1568103322672,
    "end": 1568103322678,
    "duration": 6,
    "pid": 11536,
    "index": 58
  },
  {
    "name": "Load \"service\" to Context",
    "start": 1568103322673,
    "end": 1568103322678,
    "duration": 5,
    "pid": 11536,
    "index": 59
  },
  {
    "name": "Load Middleware",
    "start": 1568103322678,
    "end": 1568103322801,
    "duration": 123,
    "pid": 11536,
    "index": 60
  },
  {
    "name": "Load \"middlewares\" to Application",
    "start": 1568103322678,
    "end": 1568103322786,
    "duration": 108,
    "pid": 11536,
    "index": 61
  },
  {
    "name": "Load Controller",
    "start": 1568103322801,
    "end": 1568103322805,
    "duration": 4,
    "pid": 11536,
    "index": 62
  },
  {
    "name": "Load \"controller\" to Application",
    "start": 1568103322801,
    "end": 1568103322805,
    "duration": 4,
    "pid": 11536,
    "index": 63
  },
  {
    "name": "Load Router",
    "start": 1568103322805,
    "end": 1568103322808,
    "duration": 3,
    "pid": 11536,
    "index": 64
  },
  {
    "name": "Require(46) app/router.js",
    "start": 1568103322806,
    "end": 1568103322806,
    "duration": 0,
    "pid": 11536,
    "index": 65
  },
  {
    "name": "Before Start in node_modules/_egg-core@4.17.3@egg-core/lib/egg.js:303:10",
    "start": 1568103322806,
    "end": 1568103322829,
    "duration": 23,
    "pid": 11536,
    "index": 66
  }
]