[
  {
    "name": "Application Start",
    "start": 1568084266923,
    "end": 1568084268069,
    "duration": 1146,
    "pid": 7676,
    "index": 0
  },
  {
    "name": "Load Plugin",
    "start": 1568084266929,
    "end": 1568084266956,
    "duration": 27,
    "pid": 7676,
    "index": 1
  },
  {
    "name": "Load Config",
    "start": 1568084266956,
    "end": 1568084266987,
    "duration": 31,
    "pid": 7676,
    "index": 2
  },
  {
    "name": "Require(0) config/config.default.js",
    "start": 1568084266957,
    "end": 1568084266958,
    "duration": 1,
    "pid": 7676,
    "index": 3
  },
  {
    "name": "Require(1) node_modules/_egg-session@3.1.0@egg-session/config/config.default.js",
    "start": 1568084266960,
    "end": 1568084266960,
    "duration": 0,
    "pid": 7676,
    "index": 4
  },
  {
    "name": "Require(2) node_modules/_egg-security@2.6.1@egg-security/config/config.default.js",
    "start": 1568084266961,
    "end": 1568084266962,
    "duration": 1,
    "pid": 7676,
    "index": 5
  },
  {
    "name": "Require(3) node_modules/_egg-jsonp@2.0.0@egg-jsonp/config/config.default.js",
    "start": 1568084266963,
    "end": 1568084266963,
    "duration": 0,
    "pid": 7676,
    "index": 6
  },
  {
    "name": "Require(4) node_modules/_egg-onerror@2.1.0@egg-onerror/config/config.default.js",
    "start": 1568084266964,
    "end": 1568084266965,
    "duration": 1,
    "pid": 7676,
    "index": 7
  },
  {
    "name": "Require(5) node_modules/_egg-i18n@2.1.1@egg-i18n/config/config.default.js",
    "start": 1568084266965,
    "end": 1568084266966,
    "duration": 1,
    "pid": 7676,
    "index": 8
  },
  {
    "name": "Require(6) node_modules/_egg-watcher@3.1.0@egg-watcher/config/config.default.js",
    "start": 1568084266966,
    "end": 1568084266967,
    "duration": 1,
    "pid": 7676,
    "index": 9
  },
  {
    "name": "Require(7) node_modules/_egg-schedule@3.6.4@egg-schedule/config/config.default.js",
    "start": 1568084266967,
    "end": 1568084266968,
    "duration": 1,
    "pid": 7676,
    "index": 10
  },
  {
    "name": "Require(8) node_modules/_egg-multipart@2.9.0@egg-multipart/config/config.default.js",
    "start": 1568084266969,
    "end": 1568084266970,
    "duration": 1,
    "pid": 7676,
    "index": 11
  },
  {
    "name": "Require(9) node_modules/_egg-development@2.4.3@egg-development/config/config.default.js",
    "start": 1568084266971,
    "end": 1568084266971,
    "duration": 0,
    "pid": 7676,
    "index": 12
  },
  {
    "name": "Require(10) node_modules/_egg-logrotator@3.1.0@egg-logrotator/config/config.default.js",
    "start": 1568084266972,
    "end": 1568084266973,
    "duration": 1,
    "pid": 7676,
    "index": 13
  },
  {
    "name": "Require(11) node_modules/_egg-static@2.2.0@egg-static/config/config.default.js",
    "start": 1568084266973,
    "end": 1568084266973,
    "duration": 0,
    "pid": 7676,
    "index": 14
  },
  {
    "name": "Require(12) node_modules/_egg-view@2.1.2@egg-view/config/config.default.js",
    "start": 1568084266974,
    "end": 1568084266975,
    "duration": 1,
    "pid": 7676,
    "index": 15
  },
  {
    "name": "Require(13) node_modules/_egg-sequelize@5.2.0@egg-sequelize/config/config.default.js",
    "start": 1568084266976,
    "end": 1568084266976,
    "duration": 0,
    "pid": 7676,
    "index": 16
  },
  {
    "name": "Require(14) node_modules/_egg@2.23.0@egg/config/config.default.js",
    "start": 1568084266977,
    "end": 1568084266978,
    "duration": 1,
    "pid": 7676,
    "index": 17
  },
  {
    "name": "Require(15) config/config.default.js",
    "start": 1568084266980,
    "end": 1568084266980,
    "duration": 0,
    "pid": 7676,
    "index": 18
  },
  {
    "name": "Require(16) node_modules/_egg-security@2.6.1@egg-security/config/config.local.js",
    "start": 1568084266981,
    "end": 1568084266981,
    "duration": 0,
    "pid": 7676,
    "index": 19
  },
  {
    "name": "Require(17) node_modules/_egg-watcher@3.1.0@egg-watcher/config/config.local.js",
    "start": 1568084266982,
    "end": 1568084266983,
    "duration": 1,
    "pid": 7676,
    "index": 20
  },
  {
    "name": "Require(18) node_modules/_egg-view@2.1.2@egg-view/config/config.local.js",
    "start": 1568084266985,
    "end": 1568084266985,
    "duration": 0,
    "pid": 7676,
    "index": 21
  },
  {
    "name": "Require(19) node_modules/_egg@2.23.0@egg/config/config.local.js",
    "start": 1568084266986,
    "end": 1568084266987,
    "duration": 1,
    "pid": 7676,
    "index": 22
  },
  {
    "name": "Load extend/application.js",
    "start": 1568084266989,
    "end": 1568084267009,
    "duration": 20,
    "pid": 7676,
    "index": 23
  },
  {
    "name": "Require(20) node_modules/_egg-session@3.1.0@egg-session/app/extend/application.js",
    "start": 1568084266990,
    "end": 1568084266990,
    "duration": 0,
    "pid": 7676,
    "index": 24
  },
  {
    "name": "Require(21) node_modules/_egg-security@2.6.1@egg-security/app/extend/application.js",
    "start": 1568084266991,
    "end": 1568084266992,
    "duration": 1,
    "pid": 7676,
    "index": 25
  },
  {
    "name": "Require(22) node_modules/_egg-jsonp@2.0.0@egg-jsonp/app/extend/application.js",
    "start": 1568084266993,
    "end": 1568084266995,
    "duration": 2,
    "pid": 7676,
    "index": 26
  },
  {
    "name": "Require(23) node_modules/_egg-logrotator@3.1.0@egg-logrotator/app/extend/application.js",
    "start": 1568084266997,
    "end": 1568084267002,
    "duration": 5,
    "pid": 7676,
    "index": 27
  },
  {
    "name": "Require(24) node_modules/_egg-view@2.1.2@egg-view/app/extend/application.js",
    "start": 1568084267003,
    "end": 1568084267005,
    "duration": 2,
    "pid": 7676,
    "index": 28
  },
  {
    "name": "Load extend/request.js",
    "start": 1568084267009,
    "end": 1568084267018,
    "duration": 9,
    "pid": 7676,
    "index": 29
  },
  {
    "name": "Require(25) node_modules/_egg@2.23.0@egg/app/extend/request.js",
    "start": 1568084267012,
    "end": 1568084267015,
    "duration": 3,
    "pid": 7676,
    "index": 30
  },
  {
    "name": "Load extend/response.js",
    "start": 1568084267018,
    "end": 1568084267030,
    "duration": 12,
    "pid": 7676,
    "index": 31
  },
  {
    "name": "Require(26) node_modules/_egg@2.23.0@egg/app/extend/response.js",
    "start": 1568084267023,
    "end": 1568084267026,
    "duration": 3,
    "pid": 7676,
    "index": 32
  },
  {
    "name": "Load extend/context.js",
    "start": 1568084267030,
    "end": 1568084267147,
    "duration": 117,
    "pid": 7676,
    "index": 33
  },
  {
    "name": "Require(27) node_modules/_egg-security@2.6.1@egg-security/app/extend/context.js",
    "start": 1568084267030,
    "end": 1568084267051,
    "duration": 21,
    "pid": 7676,
    "index": 34
  },
  {
    "name": "Require(28) node_modules/_egg-jsonp@2.0.0@egg-jsonp/app/extend/context.js",
    "start": 1568084267052,
    "end": 1568084267054,
    "duration": 2,
    "pid": 7676,
    "index": 35
  },
  {
    "name": "Require(29) node_modules/_egg-i18n@2.1.1@egg-i18n/app/extend/context.js",
    "start": 1568084267055,
    "end": 1568084267056,
    "duration": 1,
    "pid": 7676,
    "index": 36
  },
  {
    "name": "Require(30) node_modules/_egg-multipart@2.9.0@egg-multipart/app/extend/context.js",
    "start": 1568084267057,
    "end": 1568084267132,
    "duration": 75,
    "pid": 7676,
    "index": 37
  },
  {
    "name": "Require(31) node_modules/_egg-view@2.1.2@egg-view/app/extend/context.js",
    "start": 1568084267134,
    "end": 1568084267136,
    "duration": 2,
    "pid": 7676,
    "index": 38
  },
  {
    "name": "Require(32) node_modules/_egg@2.23.0@egg/app/extend/context.js",
    "start": 1568084267137,
    "end": 1568084267143,
    "duration": 6,
    "pid": 7676,
    "index": 39
  },
  {
    "name": "Load extend/helper.js",
    "start": 1568084267147,
    "end": 1568084267183,
    "duration": 36,
    "pid": 7676,
    "index": 40
  },
  {
    "name": "Require(33) node_modules/_egg-security@2.6.1@egg-security/app/extend/helper.js",
    "start": 1568084267148,
    "end": 1568084267176,
    "duration": 28,
    "pid": 7676,
    "index": 41
  },
  {
    "name": "Require(34) node_modules/_egg@2.23.0@egg/app/extend/helper.js",
    "start": 1568084267179,
    "end": 1568084267180,
    "duration": 1,
    "pid": 7676,
    "index": 42
  },
  {
    "name": "Load app.js",
    "start": 1568084267183,
    "end": 1568084267240,
    "duration": 57,
    "pid": 7676,
    "index": 43
  },
  {
    "name": "Require(35) node_modules/_egg-session@3.1.0@egg-session/app.js",
    "start": 1568084267184,
    "end": 1568084267184,
    "duration": 0,
    "pid": 7676,
    "index": 44
  },
  {
    "name": "Require(36) node_modules/_egg-security@2.6.1@egg-security/app.js",
    "start": 1568084267185,
    "end": 1568084267187,
    "duration": 2,
    "pid": 7676,
    "index": 45
  },
  {
    "name": "Require(37) node_modules/_egg-onerror@2.1.0@egg-onerror/app.js",
    "start": 1568084267189,
    "end": 1568084267205,
    "duration": 16,
    "pid": 7676,
    "index": 46
  },
  {
    "name": "Require(38) node_modules/_egg-i18n@2.1.1@egg-i18n/app.js",
    "start": 1568084267206,
    "end": 1568084267218,
    "duration": 12,
    "pid": 7676,
    "index": 47
  },
  {
    "name": "Require(39) node_modules/_egg-watcher@3.1.0@egg-watcher/app.js",
    "start": 1568084267219,
    "end": 1568084267225,
    "duration": 6,
    "pid": 7676,
    "index": 48
  },
  {
    "name": "Require(40) node_modules/_egg-schedule@3.6.4@egg-schedule/app.js",
    "start": 1568084267226,
    "end": 1568084267229,
    "duration": 3,
    "pid": 7676,
    "index": 49
  },
  {
    "name": "Require(41) node_modules/_egg-multipart@2.9.0@egg-multipart/app.js",
    "start": 1568084267229,
    "end": 1568084267233,
    "duration": 4,
    "pid": 7676,
    "index": 50
  },
  {
    "name": "Require(42) node_modules/_egg-development@2.4.3@egg-development/app.js",
    "start": 1568084267234,
    "end": 1568084267234,
    "duration": 0,
    "pid": 7676,
    "index": 51
  },
  {
    "name": "Require(43) node_modules/_egg-logrotator@3.1.0@egg-logrotator/app.js",
    "start": 1568084267235,
    "end": 1568084267235,
    "duration": 0,
    "pid": 7676,
    "index": 52
  },
  {
    "name": "Require(44) node_modules/_egg-static@2.2.0@egg-static/app.js",
    "start": 1568084267236,
    "end": 1568084267237,
    "duration": 1,
    "pid": 7676,
    "index": 53
  },
  {
    "name": "Require(45) node_modules/_egg-sequelize@5.2.0@egg-sequelize/app.js",
    "start": 1568084267238,
    "end": 1568084267238,
    "duration": 0,
    "pid": 7676,
    "index": 54
  },
  {
    "name": "Before Start in node_modules/_egg-watcher@3.1.0@egg-watcher/lib/init.js:15:14",
    "start": 1568084267255,
    "end": 1568084268030,
    "duration": 775,
    "pid": 7676,
    "index": 55
  },
  {
    "name": "Load \"Symbol(model)\" to Application",
    "start": 1568084267786,
    "end": 1568084267797,
    "duration": 11,
    "pid": 7676,
    "index": 56
  },
  {
    "name": "Before Start in node_modules/_egg-sequelize@5.2.0@egg-sequelize/lib/loader.js:39:7",
    "start": 1568084267797,
    "end": 1568084268068,
    "duration": 271,
    "pid": 7676,
    "index": 57
  },
  {
    "name": "Load Service",
    "start": 1568084267798,
    "end": 1568084267804,
    "duration": 6,
    "pid": 7676,
    "index": 58
  },
  {
    "name": "Load \"service\" to Context",
    "start": 1568084267798,
    "end": 1568084267804,
    "duration": 6,
    "pid": 7676,
    "index": 59
  },
  {
    "name": "Load Middleware",
    "start": 1568084267804,
    "end": 1568084267938,
    "duration": 134,
    "pid": 7676,
    "index": 60
  },
  {
    "name": "Load \"middlewares\" to Application",
    "start": 1568084267804,
    "end": 1568084267920,
    "duration": 116,
    "pid": 7676,
    "index": 61
  },
  {
    "name": "Load Controller",
    "start": 1568084267938,
    "end": 1568084267941,
    "duration": 3,
    "pid": 7676,
    "index": 62
  },
  {
    "name": "Load \"controller\" to Application",
    "start": 1568084267938,
    "end": 1568084267941,
    "duration": 3,
    "pid": 7676,
    "index": 63
  },
  {
    "name": "Load Router",
    "start": 1568084267941,
    "end": 1568084267944,
    "duration": 3,
    "pid": 7676,
    "index": 64
  },
  {
    "name": "Require(46) app/router.js",
    "start": 1568084267942,
    "end": 1568084267942,
    "duration": 0,
    "pid": 7676,
    "index": 65
  },
  {
    "name": "Before Start in node_modules/_egg-core@4.17.3@egg-core/lib/egg.js:303:10",
    "start": 1568084267943,
    "end": 1568084267965,
    "duration": 22,
    "pid": 7676,
    "index": 66
  }
]