[
  {
    "name": "Application Start",
    "start": 1568118301838,
    "end": 1568118303361,
    "duration": 1523,
    "pid": 5012,
    "index": 0
  },
  {
    "name": "Load Plugin",
    "start": 1568118301844,
    "end": 1568118301872,
    "duration": 28,
    "pid": 5012,
    "index": 1
  },
  {
    "name": "Load Config",
    "start": 1568118301872,
    "end": 1568118301904,
    "duration": 32,
    "pid": 5012,
    "index": 2
  },
  {
    "name": "Require(0) config/config.default.js",
    "start": 1568118301873,
    "end": 1568118301873,
    "duration": 0,
    "pid": 5012,
    "index": 3
  },
  {
    "name": "Require(1) node_modules/_egg-session@3.1.0@egg-session/config/config.default.js",
    "start": 1568118301876,
    "end": 1568118301876,
    "duration": 0,
    "pid": 5012,
    "index": 4
  },
  {
    "name": "Require(2) node_modules/_egg-security@2.6.1@egg-security/config/config.default.js",
    "start": 1568118301877,
    "end": 1568118301877,
    "duration": 0,
    "pid": 5012,
    "index": 5
  },
  {
    "name": "Require(3) node_modules/_egg-jsonp@2.0.0@egg-jsonp/config/config.default.js",
    "start": 1568118301878,
    "end": 1568118301879,
    "duration": 1,
    "pid": 5012,
    "index": 6
  },
  {
    "name": "Require(4) node_modules/_egg-onerror@2.1.0@egg-onerror/config/config.default.js",
    "start": 1568118301880,
    "end": 1568118301880,
    "duration": 0,
    "pid": 5012,
    "index": 7
  },
  {
    "name": "Require(5) node_modules/_egg-i18n@2.1.1@egg-i18n/config/config.default.js",
    "start": 1568118301881,
    "end": 1568118301882,
    "duration": 1,
    "pid": 5012,
    "index": 8
  },
  {
    "name": "Require(6) node_modules/_egg-watcher@3.1.0@egg-watcher/config/config.default.js",
    "start": 1568118301883,
    "end": 1568118301883,
    "duration": 0,
    "pid": 5012,
    "index": 9
  },
  {
    "name": "Require(7) node_modules/_egg-schedule@3.6.4@egg-schedule/config/config.default.js",
    "start": 1568118301884,
    "end": 1568118301884,
    "duration": 0,
    "pid": 5012,
    "index": 10
  },
  {
    "name": "Require(8) node_modules/_egg-multipart@2.9.0@egg-multipart/config/config.default.js",
    "start": 1568118301885,
    "end": 1568118301885,
    "duration": 0,
    "pid": 5012,
    "index": 11
  },
  {
    "name": "Require(9) node_modules/_egg-development@2.4.3@egg-development/config/config.default.js",
    "start": 1568118301886,
    "end": 1568118301887,
    "duration": 1,
    "pid": 5012,
    "index": 12
  },
  {
    "name": "Require(10) node_modules/_egg-logrotator@3.1.0@egg-logrotator/config/config.default.js",
    "start": 1568118301888,
    "end": 1568118301888,
    "duration": 0,
    "pid": 5012,
    "index": 13
  },
  {
    "name": "Require(11) node_modules/_egg-static@2.2.0@egg-static/config/config.default.js",
    "start": 1568118301889,
    "end": 1568118301889,
    "duration": 0,
    "pid": 5012,
    "index": 14
  },
  {
    "name": "Require(12) node_modules/_egg-view@2.1.2@egg-view/config/config.default.js",
    "start": 1568118301890,
    "end": 1568118301890,
    "duration": 0,
    "pid": 5012,
    "index": 15
  },
  {
    "name": "Require(13) node_modules/_egg-sequelize@5.2.0@egg-sequelize/config/config.default.js",
    "start": 1568118301891,
    "end": 1568118301891,
    "duration": 0,
    "pid": 5012,
    "index": 16
  },
  {
    "name": "Require(14) node_modules/_egg@2.23.0@egg/config/config.default.js",
    "start": 1568118301892,
    "end": 1568118301892,
    "duration": 0,
    "pid": 5012,
    "index": 17
  },
  {
    "name": "Require(15) config/config.default.js",
    "start": 1568118301895,
    "end": 1568118301895,
    "duration": 0,
    "pid": 5012,
    "index": 18
  },
  {
    "name": "Require(16) node_modules/_egg-security@2.6.1@egg-security/config/config.local.js",
    "start": 1568118301897,
    "end": 1568118301897,
    "duration": 0,
    "pid": 5012,
    "index": 19
  },
  {
    "name": "Require(17) node_modules/_egg-watcher@3.1.0@egg-watcher/config/config.local.js",
    "start": 1568118301899,
    "end": 1568118301900,
    "duration": 1,
    "pid": 5012,
    "index": 20
  },
  {
    "name": "Require(18) node_modules/_egg-view@2.1.2@egg-view/config/config.local.js",
    "start": 1568118301902,
    "end": 1568118301902,
    "duration": 0,
    "pid": 5012,
    "index": 21
  },
  {
    "name": "Require(19) node_modules/_egg@2.23.0@egg/config/config.local.js",
    "start": 1568118301903,
    "end": 1568118301903,
    "duration": 0,
    "pid": 5012,
    "index": 22
  },
  {
    "name": "Load extend/application.js",
    "start": 1568118301905,
    "end": 1568118301927,
    "duration": 22,
    "pid": 5012,
    "index": 23
  },
  {
    "name": "Require(20) node_modules/_egg-session@3.1.0@egg-session/app/extend/application.js",
    "start": 1568118301906,
    "end": 1568118301907,
    "duration": 1,
    "pid": 5012,
    "index": 24
  },
  {
    "name": "Require(21) node_modules/_egg-security@2.6.1@egg-security/app/extend/application.js",
    "start": 1568118301907,
    "end": 1568118301909,
    "duration": 2,
    "pid": 5012,
    "index": 25
  },
  {
    "name": "Require(22) node_modules/_egg-jsonp@2.0.0@egg-jsonp/app/extend/application.js",
    "start": 1568118301909,
    "end": 1568118301913,
    "duration": 4,
    "pid": 5012,
    "index": 26
  },
  {
    "name": "Require(23) node_modules/_egg-logrotator@3.1.0@egg-logrotator/app/extend/application.js",
    "start": 1568118301915,
    "end": 1568118301919,
    "duration": 4,
    "pid": 5012,
    "index": 27
  },
  {
    "name": "Require(24) node_modules/_egg-view@2.1.2@egg-view/app/extend/application.js",
    "start": 1568118301920,
    "end": 1568118301923,
    "duration": 3,
    "pid": 5012,
    "index": 28
  },
  {
    "name": "Load extend/request.js",
    "start": 1568118301927,
    "end": 1568118301937,
    "duration": 10,
    "pid": 5012,
    "index": 29
  },
  {
    "name": "Require(25) node_modules/_egg@2.23.0@egg/app/extend/request.js",
    "start": 1568118301931,
    "end": 1568118301933,
    "duration": 2,
    "pid": 5012,
    "index": 30
  },
  {
    "name": "Load extend/response.js",
    "start": 1568118301937,
    "end": 1568118301949,
    "duration": 12,
    "pid": 5012,
    "index": 31
  },
  {
    "name": "Require(26) node_modules/_egg@2.23.0@egg/app/extend/response.js",
    "start": 1568118301940,
    "end": 1568118301944,
    "duration": 4,
    "pid": 5012,
    "index": 32
  },
  {
    "name": "Load extend/context.js",
    "start": 1568118301949,
    "end": 1568118302088,
    "duration": 139,
    "pid": 5012,
    "index": 33
  },
  {
    "name": "Require(27) node_modules/_egg-security@2.6.1@egg-security/app/extend/context.js",
    "start": 1568118301950,
    "end": 1568118301970,
    "duration": 20,
    "pid": 5012,
    "index": 34
  },
  {
    "name": "Require(28) node_modules/_egg-jsonp@2.0.0@egg-jsonp/app/extend/context.js",
    "start": 1568118301971,
    "end": 1568118301975,
    "duration": 4,
    "pid": 5012,
    "index": 35
  },
  {
    "name": "Require(29) node_modules/_egg-i18n@2.1.1@egg-i18n/app/extend/context.js",
    "start": 1568118301976,
    "end": 1568118301977,
    "duration": 1,
    "pid": 5012,
    "index": 36
  },
  {
    "name": "Require(30) node_modules/_egg-multipart@2.9.0@egg-multipart/app/extend/context.js",
    "start": 1568118301979,
    "end": 1568118302076,
    "duration": 97,
    "pid": 5012,
    "index": 37
  },
  {
    "name": "Require(31) node_modules/_egg-view@2.1.2@egg-view/app/extend/context.js",
    "start": 1568118302077,
    "end": 1568118302079,
    "duration": 2,
    "pid": 5012,
    "index": 38
  },
  {
    "name": "Require(32) node_modules/_egg@2.23.0@egg/app/extend/context.js",
    "start": 1568118302079,
    "end": 1568118302083,
    "duration": 4,
    "pid": 5012,
    "index": 39
  },
  {
    "name": "Load extend/helper.js",
    "start": 1568118302088,
    "end": 1568118302129,
    "duration": 41,
    "pid": 5012,
    "index": 40
  },
  {
    "name": "Require(33) node_modules/_egg-security@2.6.1@egg-security/app/extend/helper.js",
    "start": 1568118302089,
    "end": 1568118302121,
    "duration": 32,
    "pid": 5012,
    "index": 41
  },
  {
    "name": "Require(34) node_modules/_egg@2.23.0@egg/app/extend/helper.js",
    "start": 1568118302125,
    "end": 1568118302125,
    "duration": 0,
    "pid": 5012,
    "index": 42
  },
  {
    "name": "Load app.js",
    "start": 1568118302130,
    "end": 1568118302187,
    "duration": 57,
    "pid": 5012,
    "index": 43
  },
  {
    "name": "Require(35) node_modules/_egg-session@3.1.0@egg-session/app.js",
    "start": 1568118302131,
    "end": 1568118302131,
    "duration": 0,
    "pid": 5012,
    "index": 44
  },
  {
    "name": "Require(36) node_modules/_egg-security@2.6.1@egg-security/app.js",
    "start": 1568118302132,
    "end": 1568118302135,
    "duration": 3,
    "pid": 5012,
    "index": 45
  },
  {
    "name": "Require(37) node_modules/_egg-onerror@2.1.0@egg-onerror/app.js",
    "start": 1568118302136,
    "end": 1568118302154,
    "duration": 18,
    "pid": 5012,
    "index": 46
  },
  {
    "name": "Require(38) node_modules/_egg-i18n@2.1.1@egg-i18n/app.js",
    "start": 1568118302154,
    "end": 1568118302166,
    "duration": 12,
    "pid": 5012,
    "index": 47
  },
  {
    "name": "Require(39) node_modules/_egg-watcher@3.1.0@egg-watcher/app.js",
    "start": 1568118302167,
    "end": 1568118302173,
    "duration": 6,
    "pid": 5012,
    "index": 48
  },
  {
    "name": "Require(40) node_modules/_egg-schedule@3.6.4@egg-schedule/app.js",
    "start": 1568118302174,
    "end": 1568118302177,
    "duration": 3,
    "pid": 5012,
    "index": 49
  },
  {
    "name": "Require(41) node_modules/_egg-multipart@2.9.0@egg-multipart/app.js",
    "start": 1568118302177,
    "end": 1568118302182,
    "duration": 5,
    "pid": 5012,
    "index": 50
  },
  {
    "name": "Require(42) node_modules/_egg-development@2.4.3@egg-development/app.js",
    "start": 1568118302182,
    "end": 1568118302183,
    "duration": 1,
    "pid": 5012,
    "index": 51
  },
  {
    "name": "Require(43) node_modules/_egg-logrotator@3.1.0@egg-logrotator/app.js",
    "start": 1568118302183,
    "end": 1568118302183,
    "duration": 0,
    "pid": 5012,
    "index": 52
  },
  {
    "name": "Require(44) node_modules/_egg-static@2.2.0@egg-static/app.js",
    "start": 1568118302184,
    "end": 1568118302184,
    "duration": 0,
    "pid": 5012,
    "index": 53
  },
  {
    "name": "Require(45) node_modules/_egg-sequelize@5.2.0@egg-sequelize/app.js",
    "start": 1568118302185,
    "end": 1568118302185,
    "duration": 0,
    "pid": 5012,
    "index": 54
  },
  {
    "name": "Before Start in node_modules/_egg-watcher@3.1.0@egg-watcher/lib/init.js:15:14",
    "start": 1568118302211,
    "end": 1568118303302,
    "duration": 1091,
    "pid": 5012,
    "index": 55
  },
  {
    "name": "Load \"Symbol(model)\" to Application",
    "start": 1568118302963,
    "end": 1568118302991,
    "duration": 28,
    "pid": 5012,
    "index": 56
  },
  {
    "name": "Before Start in node_modules/_egg-sequelize@5.2.0@egg-sequelize/lib/loader.js:39:7",
    "start": 1568118303000,
    "end": 1568118303360,
    "duration": 360,
    "pid": 5012,
    "index": 57
  },
  {
    "name": "Load Service",
    "start": 1568118303000,
    "end": 1568118303008,
    "duration": 8,
    "pid": 5012,
    "index": 58
  },
  {
    "name": "Load \"service\" to Context",
    "start": 1568118303000,
    "end": 1568118303008,
    "duration": 8,
    "pid": 5012,
    "index": 59
  },
  {
    "name": "Load Middleware",
    "start": 1568118303009,
    "end": 1568118303190,
    "duration": 181,
    "pid": 5012,
    "index": 60
  },
  {
    "name": "Load \"middlewares\" to Application",
    "start": 1568118303009,
    "end": 1568118303169,
    "duration": 160,
    "pid": 5012,
    "index": 61
  },
  {
    "name": "Load Controller",
    "start": 1568118303190,
    "end": 1568118303196,
    "duration": 6,
    "pid": 5012,
    "index": 62
  },
  {
    "name": "Load \"controller\" to Application",
    "start": 1568118303190,
    "end": 1568118303196,
    "duration": 6,
    "pid": 5012,
    "index": 63
  },
  {
    "name": "Load Router",
    "start": 1568118303196,
    "end": 1568118303201,
    "duration": 5,
    "pid": 5012,
    "index": 64
  },
  {
    "name": "Require(46) app/router.js",
    "start": 1568118303197,
    "end": 1568118303197,
    "duration": 0,
    "pid": 5012,
    "index": 65
  },
  {
    "name": "Before Start in node_modules/_egg-core@4.17.3@egg-core/lib/egg.js:303:10",
    "start": 1568118303198,
    "end": 1568118303228,
    "duration": 30,
    "pid": 5012,
    "index": 66
  }
]