[
  {
    "name": "Application Start",
    "start": 1568110771507,
    "end": 1568110772631,
    "duration": 1124,
    "pid": 5676,
    "index": 0
  },
  {
    "name": "Load Plugin",
    "start": 1568110771513,
    "end": 1568110771538,
    "duration": 25,
    "pid": 5676,
    "index": 1
  },
  {
    "name": "Load Config",
    "start": 1568110771538,
    "end": 1568110771564,
    "duration": 26,
    "pid": 5676,
    "index": 2
  },
  {
    "name": "Require(0) config/config.default.js",
    "start": 1568110771539,
    "end": 1568110771539,
    "duration": 0,
    "pid": 5676,
    "index": 3
  },
  {
    "name": "Require(1) node_modules/_egg-session@3.1.0@egg-session/config/config.default.js",
    "start": 1568110771542,
    "end": 1568110771542,
    "duration": 0,
    "pid": 5676,
    "index": 4
  },
  {
    "name": "Require(2) node_modules/_egg-security@2.6.1@egg-security/config/config.default.js",
    "start": 1568110771543,
    "end": 1568110771543,
    "duration": 0,
    "pid": 5676,
    "index": 5
  },
  {
    "name": "Require(3) node_modules/_egg-jsonp@2.0.0@egg-jsonp/config/config.default.js",
    "start": 1568110771544,
    "end": 1568110771545,
    "duration": 1,
    "pid": 5676,
    "index": 6
  },
  {
    "name": "Require(4) node_modules/_egg-onerror@2.1.0@egg-onerror/config/config.default.js",
    "start": 1568110771545,
    "end": 1568110771546,
    "duration": 1,
    "pid": 5676,
    "index": 7
  },
  {
    "name": "Require(5) node_modules/_egg-i18n@2.1.1@egg-i18n/config/config.default.js",
    "start": 1568110771547,
    "end": 1568110771547,
    "duration": 0,
    "pid": 5676,
    "index": 8
  },
  {
    "name": "Require(6) node_modules/_egg-watcher@3.1.0@egg-watcher/config/config.default.js",
    "start": 1568110771548,
    "end": 1568110771548,
    "duration": 0,
    "pid": 5676,
    "index": 9
  },
  {
    "name": "Require(7) node_modules/_egg-schedule@3.6.4@egg-schedule/config/config.default.js",
    "start": 1568110771549,
    "end": 1568110771549,
    "duration": 0,
    "pid": 5676,
    "index": 10
  },
  {
    "name": "Require(8) node_modules/_egg-multipart@2.9.0@egg-multipart/config/config.default.js",
    "start": 1568110771549,
    "end": 1568110771550,
    "duration": 1,
    "pid": 5676,
    "index": 11
  },
  {
    "name": "Require(9) node_modules/_egg-development@2.4.3@egg-development/config/config.default.js",
    "start": 1568110771551,
    "end": 1568110771551,
    "duration": 0,
    "pid": 5676,
    "index": 12
  },
  {
    "name": "Require(10) node_modules/_egg-logrotator@3.1.0@egg-logrotator/config/config.default.js",
    "start": 1568110771552,
    "end": 1568110771552,
    "duration": 0,
    "pid": 5676,
    "index": 13
  },
  {
    "name": "Require(11) node_modules/_egg-static@2.2.0@egg-static/config/config.default.js",
    "start": 1568110771553,
    "end": 1568110771553,
    "duration": 0,
    "pid": 5676,
    "index": 14
  },
  {
    "name": "Require(12) node_modules/_egg-view@2.1.2@egg-view/config/config.default.js",
    "start": 1568110771554,
    "end": 1568110771554,
    "duration": 0,
    "pid": 5676,
    "index": 15
  },
  {
    "name": "Require(13) node_modules/_egg-sequelize@5.2.0@egg-sequelize/config/config.default.js",
    "start": 1568110771555,
    "end": 1568110771555,
    "duration": 0,
    "pid": 5676,
    "index": 16
  },
  {
    "name": "Require(14) node_modules/_egg@2.23.0@egg/config/config.default.js",
    "start": 1568110771556,
    "end": 1568110771556,
    "duration": 0,
    "pid": 5676,
    "index": 17
  },
  {
    "name": "Require(15) config/config.default.js",
    "start": 1568110771558,
    "end": 1568110771558,
    "duration": 0,
    "pid": 5676,
    "index": 18
  },
  {
    "name": "Require(16) node_modules/_egg-security@2.6.1@egg-security/config/config.local.js",
    "start": 1568110771559,
    "end": 1568110771559,
    "duration": 0,
    "pid": 5676,
    "index": 19
  },
  {
    "name": "Require(17) node_modules/_egg-watcher@3.1.0@egg-watcher/config/config.local.js",
    "start": 1568110771560,
    "end": 1568110771560,
    "duration": 0,
    "pid": 5676,
    "index": 20
  },
  {
    "name": "Require(18) node_modules/_egg-view@2.1.2@egg-view/config/config.local.js",
    "start": 1568110771562,
    "end": 1568110771563,
    "duration": 1,
    "pid": 5676,
    "index": 21
  },
  {
    "name": "Require(19) node_modules/_egg@2.23.0@egg/config/config.local.js",
    "start": 1568110771564,
    "end": 1568110771564,
    "duration": 0,
    "pid": 5676,
    "index": 22
  },
  {
    "name": "Load extend/application.js",
    "start": 1568110771566,
    "end": 1568110771585,
    "duration": 19,
    "pid": 5676,
    "index": 23
  },
  {
    "name": "Require(20) node_modules/_egg-session@3.1.0@egg-session/app/extend/application.js",
    "start": 1568110771567,
    "end": 1568110771567,
    "duration": 0,
    "pid": 5676,
    "index": 24
  },
  {
    "name": "Require(21) node_modules/_egg-security@2.6.1@egg-security/app/extend/application.js",
    "start": 1568110771568,
    "end": 1568110771569,
    "duration": 1,
    "pid": 5676,
    "index": 25
  },
  {
    "name": "Require(22) node_modules/_egg-jsonp@2.0.0@egg-jsonp/app/extend/application.js",
    "start": 1568110771569,
    "end": 1568110771573,
    "duration": 4,
    "pid": 5676,
    "index": 26
  },
  {
    "name": "Require(23) node_modules/_egg-logrotator@3.1.0@egg-logrotator/app/extend/application.js",
    "start": 1568110771575,
    "end": 1568110771578,
    "duration": 3,
    "pid": 5676,
    "index": 27
  },
  {
    "name": "Require(24) node_modules/_egg-view@2.1.2@egg-view/app/extend/application.js",
    "start": 1568110771579,
    "end": 1568110771581,
    "duration": 2,
    "pid": 5676,
    "index": 28
  },
  {
    "name": "Load extend/request.js",
    "start": 1568110771585,
    "end": 1568110771595,
    "duration": 10,
    "pid": 5676,
    "index": 29
  },
  {
    "name": "Require(25) node_modules/_egg@2.23.0@egg/app/extend/request.js",
    "start": 1568110771589,
    "end": 1568110771591,
    "duration": 2,
    "pid": 5676,
    "index": 30
  },
  {
    "name": "Load extend/response.js",
    "start": 1568110771595,
    "end": 1568110771605,
    "duration": 10,
    "pid": 5676,
    "index": 31
  },
  {
    "name": "Require(26) node_modules/_egg@2.23.0@egg/app/extend/response.js",
    "start": 1568110771598,
    "end": 1568110771601,
    "duration": 3,
    "pid": 5676,
    "index": 32
  },
  {
    "name": "Load extend/context.js",
    "start": 1568110771605,
    "end": 1568110771715,
    "duration": 110,
    "pid": 5676,
    "index": 33
  },
  {
    "name": "Require(27) node_modules/_egg-security@2.6.1@egg-security/app/extend/context.js",
    "start": 1568110771606,
    "end": 1568110771627,
    "duration": 21,
    "pid": 5676,
    "index": 34
  },
  {
    "name": "Require(28) node_modules/_egg-jsonp@2.0.0@egg-jsonp/app/extend/context.js",
    "start": 1568110771627,
    "end": 1568110771630,
    "duration": 3,
    "pid": 5676,
    "index": 35
  },
  {
    "name": "Require(29) node_modules/_egg-i18n@2.1.1@egg-i18n/app/extend/context.js",
    "start": 1568110771631,
    "end": 1568110771631,
    "duration": 0,
    "pid": 5676,
    "index": 36
  },
  {
    "name": "Require(30) node_modules/_egg-multipart@2.9.0@egg-multipart/app/extend/context.js",
    "start": 1568110771633,
    "end": 1568110771705,
    "duration": 72,
    "pid": 5676,
    "index": 37
  },
  {
    "name": "Require(31) node_modules/_egg-view@2.1.2@egg-view/app/extend/context.js",
    "start": 1568110771706,
    "end": 1568110771707,
    "duration": 1,
    "pid": 5676,
    "index": 38
  },
  {
    "name": "Require(32) node_modules/_egg@2.23.0@egg/app/extend/context.js",
    "start": 1568110771708,
    "end": 1568110771712,
    "duration": 4,
    "pid": 5676,
    "index": 39
  },
  {
    "name": "Load extend/helper.js",
    "start": 1568110771715,
    "end": 1568110771749,
    "duration": 34,
    "pid": 5676,
    "index": 40
  },
  {
    "name": "Require(33) node_modules/_egg-security@2.6.1@egg-security/app/extend/helper.js",
    "start": 1568110771716,
    "end": 1568110771742,
    "duration": 26,
    "pid": 5676,
    "index": 41
  },
  {
    "name": "Require(34) node_modules/_egg@2.23.0@egg/app/extend/helper.js",
    "start": 1568110771745,
    "end": 1568110771746,
    "duration": 1,
    "pid": 5676,
    "index": 42
  },
  {
    "name": "Load app.js",
    "start": 1568110771749,
    "end": 1568110771802,
    "duration": 53,
    "pid": 5676,
    "index": 43
  },
  {
    "name": "Require(35) node_modules/_egg-session@3.1.0@egg-session/app.js",
    "start": 1568110771750,
    "end": 1568110771750,
    "duration": 0,
    "pid": 5676,
    "index": 44
  },
  {
    "name": "Require(36) node_modules/_egg-security@2.6.1@egg-security/app.js",
    "start": 1568110771751,
    "end": 1568110771753,
    "duration": 2,
    "pid": 5676,
    "index": 45
  },
  {
    "name": "Require(37) node_modules/_egg-onerror@2.1.0@egg-onerror/app.js",
    "start": 1568110771754,
    "end": 1568110771768,
    "duration": 14,
    "pid": 5676,
    "index": 46
  },
  {
    "name": "Require(38) node_modules/_egg-i18n@2.1.1@egg-i18n/app.js",
    "start": 1568110771769,
    "end": 1568110771782,
    "duration": 13,
    "pid": 5676,
    "index": 47
  },
  {
    "name": "Require(39) node_modules/_egg-watcher@3.1.0@egg-watcher/app.js",
    "start": 1568110771782,
    "end": 1568110771788,
    "duration": 6,
    "pid": 5676,
    "index": 48
  },
  {
    "name": "Require(40) node_modules/_egg-schedule@3.6.4@egg-schedule/app.js",
    "start": 1568110771789,
    "end": 1568110771792,
    "duration": 3,
    "pid": 5676,
    "index": 49
  },
  {
    "name": "Require(41) node_modules/_egg-multipart@2.9.0@egg-multipart/app.js",
    "start": 1568110771792,
    "end": 1568110771797,
    "duration": 5,
    "pid": 5676,
    "index": 50
  },
  {
    "name": "Require(42) node_modules/_egg-development@2.4.3@egg-development/app.js",
    "start": 1568110771797,
    "end": 1568110771798,
    "duration": 1,
    "pid": 5676,
    "index": 51
  },
  {
    "name": "Require(43) node_modules/_egg-logrotator@3.1.0@egg-logrotator/app.js",
    "start": 1568110771798,
    "end": 1568110771798,
    "duration": 0,
    "pid": 5676,
    "index": 52
  },
  {
    "name": "Require(44) node_modules/_egg-static@2.2.0@egg-static/app.js",
    "start": 1568110771799,
    "end": 1568110771799,
    "duration": 0,
    "pid": 5676,
    "index": 53
  },
  {
    "name": "Require(45) node_modules/_egg-sequelize@5.2.0@egg-sequelize/app.js",
    "start": 1568110771800,
    "end": 1568110771800,
    "duration": 0,
    "pid": 5676,
    "index": 54
  },
  {
    "name": "Before Start in node_modules/_egg-watcher@3.1.0@egg-watcher/lib/init.js:15:14",
    "start": 1568110771817,
    "end": 1568110772596,
    "duration": 779,
    "pid": 5676,
    "index": 55
  },
  {
    "name": "Load \"Symbol(model)\" to Application",
    "start": 1568110772320,
    "end": 1568110772343,
    "duration": 23,
    "pid": 5676,
    "index": 56
  },
  {
    "name": "Before Start in node_modules/_egg-sequelize@5.2.0@egg-sequelize/lib/loader.js:39:7",
    "start": 1568110772350,
    "end": 1568110772630,
    "duration": 280,
    "pid": 5676,
    "index": 57
  },
  {
    "name": "Load Service",
    "start": 1568110772350,
    "end": 1568110772356,
    "duration": 6,
    "pid": 5676,
    "index": 58
  },
  {
    "name": "Load \"service\" to Context",
    "start": 1568110772350,
    "end": 1568110772356,
    "duration": 6,
    "pid": 5676,
    "index": 59
  },
  {
    "name": "Load Middleware",
    "start": 1568110772356,
    "end": 1568110772482,
    "duration": 126,
    "pid": 5676,
    "index": 60
  },
  {
    "name": "Load \"middlewares\" to Application",
    "start": 1568110772356,
    "end": 1568110772464,
    "duration": 108,
    "pid": 5676,
    "index": 61
  },
  {
    "name": "Load Controller",
    "start": 1568110772482,
    "end": 1568110772486,
    "duration": 4,
    "pid": 5676,
    "index": 62
  },
  {
    "name": "Load \"controller\" to Application",
    "start": 1568110772482,
    "end": 1568110772486,
    "duration": 4,
    "pid": 5676,
    "index": 63
  },
  {
    "name": "Load Router",
    "start": 1568110772486,
    "end": 1568110772489,
    "duration": 3,
    "pid": 5676,
    "index": 64
  },
  {
    "name": "Require(46) app/router.js",
    "start": 1568110772486,
    "end": 1568110772487,
    "duration": 1,
    "pid": 5676,
    "index": 65
  },
  {
    "name": "Before Start in node_modules/_egg-core@4.17.3@egg-core/lib/egg.js:303:10",
    "start": 1568110772487,
    "end": 1568110772509,
    "duration": 22,
    "pid": 5676,
    "index": 66
  }
]