[
  {
    "name": "Application Start",
    "start": 1568084134174,
    "end": 1568084135308,
    "duration": 1134,
    "pid": 5296,
    "index": 0
  },
  {
    "name": "Load Plugin",
    "start": 1568084134180,
    "end": 1568084134210,
    "duration": 30,
    "pid": 5296,
    "index": 1
  },
  {
    "name": "Load Config",
    "start": 1568084134210,
    "end": 1568084134241,
    "duration": 31,
    "pid": 5296,
    "index": 2
  },
  {
    "name": "Require(0) config/config.default.js",
    "start": 1568084134211,
    "end": 1568084134212,
    "duration": 1,
    "pid": 5296,
    "index": 3
  },
  {
    "name": "Require(1) node_modules/_egg-session@3.1.0@egg-session/config/config.default.js",
    "start": 1568084134214,
    "end": 1568084134214,
    "duration": 0,
    "pid": 5296,
    "index": 4
  },
  {
    "name": "Require(2) node_modules/_egg-security@2.6.1@egg-security/config/config.default.js",
    "start": 1568084134215,
    "end": 1568084134215,
    "duration": 0,
    "pid": 5296,
    "index": 5
  },
  {
    "name": "Require(3) node_modules/_egg-jsonp@2.0.0@egg-jsonp/config/config.default.js",
    "start": 1568084134217,
    "end": 1568084134217,
    "duration": 0,
    "pid": 5296,
    "index": 6
  },
  {
    "name": "Require(4) node_modules/_egg-onerror@2.1.0@egg-onerror/config/config.default.js",
    "start": 1568084134218,
    "end": 1568084134219,
    "duration": 1,
    "pid": 5296,
    "index": 7
  },
  {
    "name": "Require(5) node_modules/_egg-i18n@2.1.1@egg-i18n/config/config.default.js",
    "start": 1568084134220,
    "end": 1568084134221,
    "duration": 1,
    "pid": 5296,
    "index": 8
  },
  {
    "name": "Require(6) node_modules/_egg-watcher@3.1.0@egg-watcher/config/config.default.js",
    "start": 1568084134221,
    "end": 1568084134222,
    "duration": 1,
    "pid": 5296,
    "index": 9
  },
  {
    "name": "Require(7) node_modules/_egg-schedule@3.6.4@egg-schedule/config/config.default.js",
    "start": 1568084134223,
    "end": 1568084134223,
    "duration": 0,
    "pid": 5296,
    "index": 10
  },
  {
    "name": "Require(8) node_modules/_egg-multipart@2.9.0@egg-multipart/config/config.default.js",
    "start": 1568084134224,
    "end": 1568084134225,
    "duration": 1,
    "pid": 5296,
    "index": 11
  },
  {
    "name": "Require(9) node_modules/_egg-development@2.4.3@egg-development/config/config.default.js",
    "start": 1568084134225,
    "end": 1568084134226,
    "duration": 1,
    "pid": 5296,
    "index": 12
  },
  {
    "name": "Require(10) node_modules/_egg-logrotator@3.1.0@egg-logrotator/config/config.default.js",
    "start": 1568084134226,
    "end": 1568084134227,
    "duration": 1,
    "pid": 5296,
    "index": 13
  },
  {
    "name": "Require(11) node_modules/_egg-static@2.2.0@egg-static/config/config.default.js",
    "start": 1568084134227,
    "end": 1568084134228,
    "duration": 1,
    "pid": 5296,
    "index": 14
  },
  {
    "name": "Require(12) node_modules/_egg-view@2.1.2@egg-view/config/config.default.js",
    "start": 1568084134228,
    "end": 1568084134229,
    "duration": 1,
    "pid": 5296,
    "index": 15
  },
  {
    "name": "Require(13) node_modules/_egg-sequelize@5.2.0@egg-sequelize/config/config.default.js",
    "start": 1568084134230,
    "end": 1568084134230,
    "duration": 0,
    "pid": 5296,
    "index": 16
  },
  {
    "name": "Require(14) node_modules/_egg@2.23.0@egg/config/config.default.js",
    "start": 1568084134231,
    "end": 1568084134231,
    "duration": 0,
    "pid": 5296,
    "index": 17
  },
  {
    "name": "Require(15) config/config.default.js",
    "start": 1568084134233,
    "end": 1568084134233,
    "duration": 0,
    "pid": 5296,
    "index": 18
  },
  {
    "name": "Require(16) node_modules/_egg-security@2.6.1@egg-security/config/config.local.js",
    "start": 1568084134234,
    "end": 1568084134234,
    "duration": 0,
    "pid": 5296,
    "index": 19
  },
  {
    "name": "Require(17) node_modules/_egg-watcher@3.1.0@egg-watcher/config/config.local.js",
    "start": 1568084134236,
    "end": 1568084134237,
    "duration": 1,
    "pid": 5296,
    "index": 20
  },
  {
    "name": "Require(18) node_modules/_egg-view@2.1.2@egg-view/config/config.local.js",
    "start": 1568084134238,
    "end": 1568084134239,
    "duration": 1,
    "pid": 5296,
    "index": 21
  },
  {
    "name": "Require(19) node_modules/_egg@2.23.0@egg/config/config.local.js",
    "start": 1568084134240,
    "end": 1568084134240,
    "duration": 0,
    "pid": 5296,
    "index": 22
  },
  {
    "name": "Load extend/application.js",
    "start": 1568084134242,
    "end": 1568084134266,
    "duration": 24,
    "pid": 5296,
    "index": 23
  },
  {
    "name": "Require(20) node_modules/_egg-session@3.1.0@egg-session/app/extend/application.js",
    "start": 1568084134244,
    "end": 1568084134244,
    "duration": 0,
    "pid": 5296,
    "index": 24
  },
  {
    "name": "Require(21) node_modules/_egg-security@2.6.1@egg-security/app/extend/application.js",
    "start": 1568084134245,
    "end": 1568084134246,
    "duration": 1,
    "pid": 5296,
    "index": 25
  },
  {
    "name": "Require(22) node_modules/_egg-jsonp@2.0.0@egg-jsonp/app/extend/application.js",
    "start": 1568084134247,
    "end": 1568084134250,
    "duration": 3,
    "pid": 5296,
    "index": 26
  },
  {
    "name": "Require(23) node_modules/_egg-logrotator@3.1.0@egg-logrotator/app/extend/application.js",
    "start": 1568084134252,
    "end": 1568084134257,
    "duration": 5,
    "pid": 5296,
    "index": 27
  },
  {
    "name": "Require(24) node_modules/_egg-view@2.1.2@egg-view/app/extend/application.js",
    "start": 1568084134258,
    "end": 1568084134262,
    "duration": 4,
    "pid": 5296,
    "index": 28
  },
  {
    "name": "Load extend/request.js",
    "start": 1568084134266,
    "end": 1568084134278,
    "duration": 12,
    "pid": 5296,
    "index": 29
  },
  {
    "name": "Require(25) node_modules/_egg@2.23.0@egg/app/extend/request.js",
    "start": 1568084134270,
    "end": 1568084134273,
    "duration": 3,
    "pid": 5296,
    "index": 30
  },
  {
    "name": "Load extend/response.js",
    "start": 1568084134279,
    "end": 1568084134291,
    "duration": 12,
    "pid": 5296,
    "index": 31
  },
  {
    "name": "Require(26) node_modules/_egg@2.23.0@egg/app/extend/response.js",
    "start": 1568084134283,
    "end": 1568084134287,
    "duration": 4,
    "pid": 5296,
    "index": 32
  },
  {
    "name": "Load extend/context.js",
    "start": 1568084134292,
    "end": 1568084134406,
    "duration": 114,
    "pid": 5296,
    "index": 33
  },
  {
    "name": "Require(27) node_modules/_egg-security@2.6.1@egg-security/app/extend/context.js",
    "start": 1568084134292,
    "end": 1568084134313,
    "duration": 21,
    "pid": 5296,
    "index": 34
  },
  {
    "name": "Require(28) node_modules/_egg-jsonp@2.0.0@egg-jsonp/app/extend/context.js",
    "start": 1568084134314,
    "end": 1568084134316,
    "duration": 2,
    "pid": 5296,
    "index": 35
  },
  {
    "name": "Require(29) node_modules/_egg-i18n@2.1.1@egg-i18n/app/extend/context.js",
    "start": 1568084134317,
    "end": 1568084134318,
    "duration": 1,
    "pid": 5296,
    "index": 36
  },
  {
    "name": "Require(30) node_modules/_egg-multipart@2.9.0@egg-multipart/app/extend/context.js",
    "start": 1568084134319,
    "end": 1568084134396,
    "duration": 77,
    "pid": 5296,
    "index": 37
  },
  {
    "name": "Require(31) node_modules/_egg-view@2.1.2@egg-view/app/extend/context.js",
    "start": 1568084134397,
    "end": 1568084134398,
    "duration": 1,
    "pid": 5296,
    "index": 38
  },
  {
    "name": "Require(32) node_modules/_egg@2.23.0@egg/app/extend/context.js",
    "start": 1568084134399,
    "end": 1568084134402,
    "duration": 3,
    "pid": 5296,
    "index": 39
  },
  {
    "name": "Load extend/helper.js",
    "start": 1568084134407,
    "end": 1568084134443,
    "duration": 36,
    "pid": 5296,
    "index": 40
  },
  {
    "name": "Require(33) node_modules/_egg-security@2.6.1@egg-security/app/extend/helper.js",
    "start": 1568084134407,
    "end": 1568084134434,
    "duration": 27,
    "pid": 5296,
    "index": 41
  },
  {
    "name": "Require(34) node_modules/_egg@2.23.0@egg/app/extend/helper.js",
    "start": 1568084134437,
    "end": 1568084134437,
    "duration": 0,
    "pid": 5296,
    "index": 42
  },
  {
    "name": "Load app.js",
    "start": 1568084134444,
    "end": 1568084134501,
    "duration": 57,
    "pid": 5296,
    "index": 43
  },
  {
    "name": "Require(35) node_modules/_egg-session@3.1.0@egg-session/app.js",
    "start": 1568084134444,
    "end": 1568084134445,
    "duration": 1,
    "pid": 5296,
    "index": 44
  },
  {
    "name": "Require(36) node_modules/_egg-security@2.6.1@egg-security/app.js",
    "start": 1568084134445,
    "end": 1568084134448,
    "duration": 3,
    "pid": 5296,
    "index": 45
  },
  {
    "name": "Require(37) node_modules/_egg-onerror@2.1.0@egg-onerror/app.js",
    "start": 1568084134449,
    "end": 1568084134466,
    "duration": 17,
    "pid": 5296,
    "index": 46
  },
  {
    "name": "Require(38) node_modules/_egg-i18n@2.1.1@egg-i18n/app.js",
    "start": 1568084134466,
    "end": 1568084134479,
    "duration": 13,
    "pid": 5296,
    "index": 47
  },
  {
    "name": "Require(39) node_modules/_egg-watcher@3.1.0@egg-watcher/app.js",
    "start": 1568084134480,
    "end": 1568084134487,
    "duration": 7,
    "pid": 5296,
    "index": 48
  },
  {
    "name": "Require(40) node_modules/_egg-schedule@3.6.4@egg-schedule/app.js",
    "start": 1568084134487,
    "end": 1568084134491,
    "duration": 4,
    "pid": 5296,
    "index": 49
  },
  {
    "name": "Require(41) node_modules/_egg-multipart@2.9.0@egg-multipart/app.js",
    "start": 1568084134491,
    "end": 1568084134495,
    "duration": 4,
    "pid": 5296,
    "index": 50
  },
  {
    "name": "Require(42) node_modules/_egg-development@2.4.3@egg-development/app.js",
    "start": 1568084134496,
    "end": 1568084134497,
    "duration": 1,
    "pid": 5296,
    "index": 51
  },
  {
    "name": "Require(43) node_modules/_egg-logrotator@3.1.0@egg-logrotator/app.js",
    "start": 1568084134497,
    "end": 1568084134497,
    "duration": 0,
    "pid": 5296,
    "index": 52
  },
  {
    "name": "Require(44) node_modules/_egg-static@2.2.0@egg-static/app.js",
    "start": 1568084134498,
    "end": 1568084134498,
    "duration": 0,
    "pid": 5296,
    "index": 53
  },
  {
    "name": "Require(45) node_modules/_egg-sequelize@5.2.0@egg-sequelize/app.js",
    "start": 1568084134499,
    "end": 1568084134500,
    "duration": 1,
    "pid": 5296,
    "index": 54
  },
  {
    "name": "Before Start in node_modules/_egg-watcher@3.1.0@egg-watcher/lib/init.js:15:14",
    "start": 1568084134518,
    "end": 1568084135270,
    "duration": 752,
    "pid": 5296,
    "index": 55
  },
  {
    "name": "Load \"Symbol(model)\" to Application",
    "start": 1568084135046,
    "end": 1568084135057,
    "duration": 11,
    "pid": 5296,
    "index": 56
  },
  {
    "name": "Before Start in node_modules/_egg-sequelize@5.2.0@egg-sequelize/lib/loader.js:39:7",
    "start": 1568084135058,
    "end": 1568084135307,
    "duration": 249,
    "pid": 5296,
    "index": 57
  },
  {
    "name": "Load Service",
    "start": 1568084135058,
    "end": 1568084135063,
    "duration": 5,
    "pid": 5296,
    "index": 58
  },
  {
    "name": "Load \"service\" to Context",
    "start": 1568084135058,
    "end": 1568084135063,
    "duration": 5,
    "pid": 5296,
    "index": 59
  },
  {
    "name": "Load Middleware",
    "start": 1568084135063,
    "end": 1568084135189,
    "duration": 126,
    "pid": 5296,
    "index": 60
  },
  {
    "name": "Load \"middlewares\" to Application",
    "start": 1568084135063,
    "end": 1568084135174,
    "duration": 111,
    "pid": 5296,
    "index": 61
  },
  {
    "name": "Load Controller",
    "start": 1568084135189,
    "end": 1568084135192,
    "duration": 3,
    "pid": 5296,
    "index": 62
  },
  {
    "name": "Load \"controller\" to Application",
    "start": 1568084135189,
    "end": 1568084135192,
    "duration": 3,
    "pid": 5296,
    "index": 63
  },
  {
    "name": "Load Router",
    "start": 1568084135192,
    "end": 1568084135195,
    "duration": 3,
    "pid": 5296,
    "index": 64
  },
  {
    "name": "Require(46) app/router.js",
    "start": 1568084135193,
    "end": 1568084135193,
    "duration": 0,
    "pid": 5296,
    "index": 65
  },
  {
    "name": "Before Start in node_modules/_egg-core@4.17.3@egg-core/lib/egg.js:303:10",
    "start": 1568084135193,
    "end": 1568084135215,
    "duration": 22,
    "pid": 5296,
    "index": 66
  }
]