[
  {
    "name": "Application Start",
    "start": 1568117153907,
    "end": 1568117154995,
    "duration": 1088,
    "pid": 5968,
    "index": 0
  },
  {
    "name": "Load Plugin",
    "start": 1568117153913,
    "end": 1568117153939,
    "duration": 26,
    "pid": 5968,
    "index": 1
  },
  {
    "name": "Load Config",
    "start": 1568117153939,
    "end": 1568117153965,
    "duration": 26,
    "pid": 5968,
    "index": 2
  },
  {
    "name": "Require(0) config/config.default.js",
    "start": 1568117153940,
    "end": 1568117153940,
    "duration": 0,
    "pid": 5968,
    "index": 3
  },
  {
    "name": "Require(1) node_modules/_egg-session@3.1.0@egg-session/config/config.default.js",
    "start": 1568117153942,
    "end": 1568117153943,
    "duration": 1,
    "pid": 5968,
    "index": 4
  },
  {
    "name": "Require(2) node_modules/_egg-security@2.6.1@egg-security/config/config.default.js",
    "start": 1568117153943,
    "end": 1568117153944,
    "duration": 1,
    "pid": 5968,
    "index": 5
  },
  {
    "name": "Require(3) node_modules/_egg-jsonp@2.0.0@egg-jsonp/config/config.default.js",
    "start": 1568117153945,
    "end": 1568117153945,
    "duration": 0,
    "pid": 5968,
    "index": 6
  },
  {
    "name": "Require(4) node_modules/_egg-onerror@2.1.0@egg-onerror/config/config.default.js",
    "start": 1568117153946,
    "end": 1568117153946,
    "duration": 0,
    "pid": 5968,
    "index": 7
  },
  {
    "name": "Require(5) node_modules/_egg-i18n@2.1.1@egg-i18n/config/config.default.js",
    "start": 1568117153947,
    "end": 1568117153948,
    "duration": 1,
    "pid": 5968,
    "index": 8
  },
  {
    "name": "Require(6) node_modules/_egg-watcher@3.1.0@egg-watcher/config/config.default.js",
    "start": 1568117153948,
    "end": 1568117153949,
    "duration": 1,
    "pid": 5968,
    "index": 9
  },
  {
    "name": "Require(7) node_modules/_egg-schedule@3.6.4@egg-schedule/config/config.default.js",
    "start": 1568117153949,
    "end": 1568117153950,
    "duration": 1,
    "pid": 5968,
    "index": 10
  },
  {
    "name": "Require(8) node_modules/_egg-multipart@2.9.0@egg-multipart/config/config.default.js",
    "start": 1568117153950,
    "end": 1568117153951,
    "duration": 1,
    "pid": 5968,
    "index": 11
  },
  {
    "name": "Require(9) node_modules/_egg-development@2.4.3@egg-development/config/config.default.js",
    "start": 1568117153952,
    "end": 1568117153952,
    "duration": 0,
    "pid": 5968,
    "index": 12
  },
  {
    "name": "Require(10) node_modules/_egg-logrotator@3.1.0@egg-logrotator/config/config.default.js",
    "start": 1568117153953,
    "end": 1568117153954,
    "duration": 1,
    "pid": 5968,
    "index": 13
  },
  {
    "name": "Require(11) node_modules/_egg-static@2.2.0@egg-static/config/config.default.js",
    "start": 1568117153954,
    "end": 1568117153955,
    "duration": 1,
    "pid": 5968,
    "index": 14
  },
  {
    "name": "Require(12) node_modules/_egg-view@2.1.2@egg-view/config/config.default.js",
    "start": 1568117153955,
    "end": 1568117153956,
    "duration": 1,
    "pid": 5968,
    "index": 15
  },
  {
    "name": "Require(13) node_modules/_egg-sequelize@5.2.0@egg-sequelize/config/config.default.js",
    "start": 1568117153956,
    "end": 1568117153957,
    "duration": 1,
    "pid": 5968,
    "index": 16
  },
  {
    "name": "Require(14) node_modules/_egg@2.23.0@egg/config/config.default.js",
    "start": 1568117153957,
    "end": 1568117153958,
    "duration": 1,
    "pid": 5968,
    "index": 17
  },
  {
    "name": "Require(15) config/config.default.js",
    "start": 1568117153959,
    "end": 1568117153959,
    "duration": 0,
    "pid": 5968,
    "index": 18
  },
  {
    "name": "Require(16) node_modules/_egg-security@2.6.1@egg-security/config/config.local.js",
    "start": 1568117153960,
    "end": 1568117153961,
    "duration": 1,
    "pid": 5968,
    "index": 19
  },
  {
    "name": "Require(17) node_modules/_egg-watcher@3.1.0@egg-watcher/config/config.local.js",
    "start": 1568117153962,
    "end": 1568117153962,
    "duration": 0,
    "pid": 5968,
    "index": 20
  },
  {
    "name": "Require(18) node_modules/_egg-view@2.1.2@egg-view/config/config.local.js",
    "start": 1568117153964,
    "end": 1568117153964,
    "duration": 0,
    "pid": 5968,
    "index": 21
  },
  {
    "name": "Require(19) node_modules/_egg@2.23.0@egg/config/config.local.js",
    "start": 1568117153965,
    "end": 1568117153965,
    "duration": 0,
    "pid": 5968,
    "index": 22
  },
  {
    "name": "Load extend/application.js",
    "start": 1568117153967,
    "end": 1568117153987,
    "duration": 20,
    "pid": 5968,
    "index": 23
  },
  {
    "name": "Require(20) node_modules/_egg-session@3.1.0@egg-session/app/extend/application.js",
    "start": 1568117153968,
    "end": 1568117153969,
    "duration": 1,
    "pid": 5968,
    "index": 24
  },
  {
    "name": "Require(21) node_modules/_egg-security@2.6.1@egg-security/app/extend/application.js",
    "start": 1568117153970,
    "end": 1568117153971,
    "duration": 1,
    "pid": 5968,
    "index": 25
  },
  {
    "name": "Require(22) node_modules/_egg-jsonp@2.0.0@egg-jsonp/app/extend/application.js",
    "start": 1568117153972,
    "end": 1568117153974,
    "duration": 2,
    "pid": 5968,
    "index": 26
  },
  {
    "name": "Require(23) node_modules/_egg-logrotator@3.1.0@egg-logrotator/app/extend/application.js",
    "start": 1568117153976,
    "end": 1568117153981,
    "duration": 5,
    "pid": 5968,
    "index": 27
  },
  {
    "name": "Require(24) node_modules/_egg-view@2.1.2@egg-view/app/extend/application.js",
    "start": 1568117153981,
    "end": 1568117153984,
    "duration": 3,
    "pid": 5968,
    "index": 28
  },
  {
    "name": "Load extend/request.js",
    "start": 1568117153987,
    "end": 1568117153997,
    "duration": 10,
    "pid": 5968,
    "index": 29
  },
  {
    "name": "Require(25) node_modules/_egg@2.23.0@egg/app/extend/request.js",
    "start": 1568117153991,
    "end": 1568117153993,
    "duration": 2,
    "pid": 5968,
    "index": 30
  },
  {
    "name": "Load extend/response.js",
    "start": 1568117153997,
    "end": 1568117154010,
    "duration": 13,
    "pid": 5968,
    "index": 31
  },
  {
    "name": "Require(26) node_modules/_egg@2.23.0@egg/app/extend/response.js",
    "start": 1568117154000,
    "end": 1568117154006,
    "duration": 6,
    "pid": 5968,
    "index": 32
  },
  {
    "name": "Load extend/context.js",
    "start": 1568117154010,
    "end": 1568117154117,
    "duration": 107,
    "pid": 5968,
    "index": 33
  },
  {
    "name": "Require(27) node_modules/_egg-security@2.6.1@egg-security/app/extend/context.js",
    "start": 1568117154010,
    "end": 1568117154029,
    "duration": 19,
    "pid": 5968,
    "index": 34
  },
  {
    "name": "Require(28) node_modules/_egg-jsonp@2.0.0@egg-jsonp/app/extend/context.js",
    "start": 1568117154030,
    "end": 1568117154032,
    "duration": 2,
    "pid": 5968,
    "index": 35
  },
  {
    "name": "Require(29) node_modules/_egg-i18n@2.1.1@egg-i18n/app/extend/context.js",
    "start": 1568117154033,
    "end": 1568117154033,
    "duration": 0,
    "pid": 5968,
    "index": 36
  },
  {
    "name": "Require(30) node_modules/_egg-multipart@2.9.0@egg-multipart/app/extend/context.js",
    "start": 1568117154034,
    "end": 1568117154107,
    "duration": 73,
    "pid": 5968,
    "index": 37
  },
  {
    "name": "Require(31) node_modules/_egg-view@2.1.2@egg-view/app/extend/context.js",
    "start": 1568117154109,
    "end": 1568117154110,
    "duration": 1,
    "pid": 5968,
    "index": 38
  },
  {
    "name": "Require(32) node_modules/_egg@2.23.0@egg/app/extend/context.js",
    "start": 1568117154111,
    "end": 1568117154114,
    "duration": 3,
    "pid": 5968,
    "index": 39
  },
  {
    "name": "Load extend/helper.js",
    "start": 1568117154117,
    "end": 1568117154151,
    "duration": 34,
    "pid": 5968,
    "index": 40
  },
  {
    "name": "Require(33) node_modules/_egg-security@2.6.1@egg-security/app/extend/helper.js",
    "start": 1568117154118,
    "end": 1568117154145,
    "duration": 27,
    "pid": 5968,
    "index": 41
  },
  {
    "name": "Require(34) node_modules/_egg@2.23.0@egg/app/extend/helper.js",
    "start": 1568117154147,
    "end": 1568117154148,
    "duration": 1,
    "pid": 5968,
    "index": 42
  },
  {
    "name": "Load app.js",
    "start": 1568117154151,
    "end": 1568117154204,
    "duration": 53,
    "pid": 5968,
    "index": 43
  },
  {
    "name": "Require(35) node_modules/_egg-session@3.1.0@egg-session/app.js",
    "start": 1568117154152,
    "end": 1568117154152,
    "duration": 0,
    "pid": 5968,
    "index": 44
  },
  {
    "name": "Require(36) node_modules/_egg-security@2.6.1@egg-security/app.js",
    "start": 1568117154153,
    "end": 1568117154155,
    "duration": 2,
    "pid": 5968,
    "index": 45
  },
  {
    "name": "Require(37) node_modules/_egg-onerror@2.1.0@egg-onerror/app.js",
    "start": 1568117154156,
    "end": 1568117154172,
    "duration": 16,
    "pid": 5968,
    "index": 46
  },
  {
    "name": "Require(38) node_modules/_egg-i18n@2.1.1@egg-i18n/app.js",
    "start": 1568117154172,
    "end": 1568117154184,
    "duration": 12,
    "pid": 5968,
    "index": 47
  },
  {
    "name": "Require(39) node_modules/_egg-watcher@3.1.0@egg-watcher/app.js",
    "start": 1568117154184,
    "end": 1568117154190,
    "duration": 6,
    "pid": 5968,
    "index": 48
  },
  {
    "name": "Require(40) node_modules/_egg-schedule@3.6.4@egg-schedule/app.js",
    "start": 1568117154191,
    "end": 1568117154193,
    "duration": 2,
    "pid": 5968,
    "index": 49
  },
  {
    "name": "Require(41) node_modules/_egg-multipart@2.9.0@egg-multipart/app.js",
    "start": 1568117154194,
    "end": 1568117154198,
    "duration": 4,
    "pid": 5968,
    "index": 50
  },
  {
    "name": "Require(42) node_modules/_egg-development@2.4.3@egg-development/app.js",
    "start": 1568117154198,
    "end": 1568117154199,
    "duration": 1,
    "pid": 5968,
    "index": 51
  },
  {
    "name": "Require(43) node_modules/_egg-logrotator@3.1.0@egg-logrotator/app.js",
    "start": 1568117154199,
    "end": 1568117154200,
    "duration": 1,
    "pid": 5968,
    "index": 52
  },
  {
    "name": "Require(44) node_modules/_egg-static@2.2.0@egg-static/app.js",
    "start": 1568117154200,
    "end": 1568117154201,
    "duration": 1,
    "pid": 5968,
    "index": 53
  },
  {
    "name": "Require(45) node_modules/_egg-sequelize@5.2.0@egg-sequelize/app.js",
    "start": 1568117154201,
    "end": 1568117154202,
    "duration": 1,
    "pid": 5968,
    "index": 54
  },
  {
    "name": "Before Start in node_modules/_egg-watcher@3.1.0@egg-watcher/lib/init.js:15:14",
    "start": 1568117154219,
    "end": 1568117154952,
    "duration": 733,
    "pid": 5968,
    "index": 55
  },
  {
    "name": "Load \"Symbol(model)\" to Application",
    "start": 1568117154716,
    "end": 1568117154738,
    "duration": 22,
    "pid": 5968,
    "index": 56
  },
  {
    "name": "Before Start in node_modules/_egg-sequelize@5.2.0@egg-sequelize/lib/loader.js:39:7",
    "start": 1568117154743,
    "end": 1568117154994,
    "duration": 251,
    "pid": 5968,
    "index": 57
  },
  {
    "name": "Load Service",
    "start": 1568117154743,
    "end": 1568117154748,
    "duration": 5,
    "pid": 5968,
    "index": 58
  },
  {
    "name": "Load \"service\" to Context",
    "start": 1568117154743,
    "end": 1568117154748,
    "duration": 5,
    "pid": 5968,
    "index": 59
  },
  {
    "name": "Load Middleware",
    "start": 1568117154748,
    "end": 1568117154869,
    "duration": 121,
    "pid": 5968,
    "index": 60
  },
  {
    "name": "Load \"middlewares\" to Application",
    "start": 1568117154748,
    "end": 1568117154853,
    "duration": 105,
    "pid": 5968,
    "index": 61
  },
  {
    "name": "Load Controller",
    "start": 1568117154869,
    "end": 1568117154873,
    "duration": 4,
    "pid": 5968,
    "index": 62
  },
  {
    "name": "Load \"controller\" to Application",
    "start": 1568117154869,
    "end": 1568117154873,
    "duration": 4,
    "pid": 5968,
    "index": 63
  },
  {
    "name": "Load Router",
    "start": 1568117154873,
    "end": 1568117154876,
    "duration": 3,
    "pid": 5968,
    "index": 64
  },
  {
    "name": "Require(46) app/router.js",
    "start": 1568117154873,
    "end": 1568117154874,
    "duration": 1,
    "pid": 5968,
    "index": 65
  },
  {
    "name": "Before Start in node_modules/_egg-core@4.17.3@egg-core/lib/egg.js:303:10",
    "start": 1568117154874,
    "end": 1568117154897,
    "duration": 23,
    "pid": 5968,
    "index": 66
  }
]