[
  {
    "name": "Application Start",
    "start": 1568114629894,
    "end": 1568114631293,
    "duration": 1399,
    "pid": 12516,
    "index": 0
  },
  {
    "name": "Load Plugin",
    "start": 1568114629901,
    "end": 1568114629934,
    "duration": 33,
    "pid": 12516,
    "index": 1
  },
  {
    "name": "Load Config",
    "start": 1568114629934,
    "end": 1568114629970,
    "duration": 36,
    "pid": 12516,
    "index": 2
  },
  {
    "name": "Require(0) config/config.default.js",
    "start": 1568114629935,
    "end": 1568114629935,
    "duration": 0,
    "pid": 12516,
    "index": 3
  },
  {
    "name": "Require(1) node_modules/_egg-session@3.1.0@egg-session/config/config.default.js",
    "start": 1568114629938,
    "end": 1568114629938,
    "duration": 0,
    "pid": 12516,
    "index": 4
  },
  {
    "name": "Require(2) node_modules/_egg-security@2.6.1@egg-security/config/config.default.js",
    "start": 1568114629940,
    "end": 1568114629941,
    "duration": 1,
    "pid": 12516,
    "index": 5
  },
  {
    "name": "Require(3) node_modules/_egg-jsonp@2.0.0@egg-jsonp/config/config.default.js",
    "start": 1568114629943,
    "end": 1568114629943,
    "duration": 0,
    "pid": 12516,
    "index": 6
  },
  {
    "name": "Require(4) node_modules/_egg-onerror@2.1.0@egg-onerror/config/config.default.js",
    "start": 1568114629944,
    "end": 1568114629944,
    "duration": 0,
    "pid": 12516,
    "index": 7
  },
  {
    "name": "Require(5) node_modules/_egg-i18n@2.1.1@egg-i18n/config/config.default.js",
    "start": 1568114629945,
    "end": 1568114629946,
    "duration": 1,
    "pid": 12516,
    "index": 8
  },
  {
    "name": "Require(6) node_modules/_egg-watcher@3.1.0@egg-watcher/config/config.default.js",
    "start": 1568114629947,
    "end": 1568114629947,
    "duration": 0,
    "pid": 12516,
    "index": 9
  },
  {
    "name": "Require(7) node_modules/_egg-schedule@3.6.4@egg-schedule/config/config.default.js",
    "start": 1568114629949,
    "end": 1568114629949,
    "duration": 0,
    "pid": 12516,
    "index": 10
  },
  {
    "name": "Require(8) node_modules/_egg-multipart@2.9.0@egg-multipart/config/config.default.js",
    "start": 1568114629950,
    "end": 1568114629950,
    "duration": 0,
    "pid": 12516,
    "index": 11
  },
  {
    "name": "Require(9) node_modules/_egg-development@2.4.3@egg-development/config/config.default.js",
    "start": 1568114629951,
    "end": 1568114629952,
    "duration": 1,
    "pid": 12516,
    "index": 12
  },
  {
    "name": "Require(10) node_modules/_egg-logrotator@3.1.0@egg-logrotator/config/config.default.js",
    "start": 1568114629952,
    "end": 1568114629953,
    "duration": 1,
    "pid": 12516,
    "index": 13
  },
  {
    "name": "Require(11) node_modules/_egg-static@2.2.0@egg-static/config/config.default.js",
    "start": 1568114629954,
    "end": 1568114629954,
    "duration": 0,
    "pid": 12516,
    "index": 14
  },
  {
    "name": "Require(12) node_modules/_egg-view@2.1.2@egg-view/config/config.default.js",
    "start": 1568114629955,
    "end": 1568114629956,
    "duration": 1,
    "pid": 12516,
    "index": 15
  },
  {
    "name": "Require(13) node_modules/_egg-sequelize@5.2.0@egg-sequelize/config/config.default.js",
    "start": 1568114629957,
    "end": 1568114629957,
    "duration": 0,
    "pid": 12516,
    "index": 16
  },
  {
    "name": "Require(14) node_modules/_egg@2.23.0@egg/config/config.default.js",
    "start": 1568114629958,
    "end": 1568114629959,
    "duration": 1,
    "pid": 12516,
    "index": 17
  },
  {
    "name": "Require(15) config/config.default.js",
    "start": 1568114629961,
    "end": 1568114629961,
    "duration": 0,
    "pid": 12516,
    "index": 18
  },
  {
    "name": "Require(16) node_modules/_egg-security@2.6.1@egg-security/config/config.local.js",
    "start": 1568114629962,
    "end": 1568114629963,
    "duration": 1,
    "pid": 12516,
    "index": 19
  },
  {
    "name": "Require(17) node_modules/_egg-watcher@3.1.0@egg-watcher/config/config.local.js",
    "start": 1568114629964,
    "end": 1568114629965,
    "duration": 1,
    "pid": 12516,
    "index": 20
  },
  {
    "name": "Require(18) node_modules/_egg-view@2.1.2@egg-view/config/config.local.js",
    "start": 1568114629967,
    "end": 1568114629968,
    "duration": 1,
    "pid": 12516,
    "index": 21
  },
  {
    "name": "Require(19) node_modules/_egg@2.23.0@egg/config/config.local.js",
    "start": 1568114629969,
    "end": 1568114629970,
    "duration": 1,
    "pid": 12516,
    "index": 22
  },
  {
    "name": "Load extend/application.js",
    "start": 1568114629972,
    "end": 1568114630006,
    "duration": 34,
    "pid": 12516,
    "index": 23
  },
  {
    "name": "Require(20) node_modules/_egg-session@3.1.0@egg-session/app/extend/application.js",
    "start": 1568114629974,
    "end": 1568114629975,
    "duration": 1,
    "pid": 12516,
    "index": 24
  },
  {
    "name": "Require(21) node_modules/_egg-security@2.6.1@egg-security/app/extend/application.js",
    "start": 1568114629976,
    "end": 1568114629979,
    "duration": 3,
    "pid": 12516,
    "index": 25
  },
  {
    "name": "Require(22) node_modules/_egg-jsonp@2.0.0@egg-jsonp/app/extend/application.js",
    "start": 1568114629979,
    "end": 1568114629984,
    "duration": 5,
    "pid": 12516,
    "index": 26
  },
  {
    "name": "Require(23) node_modules/_egg-logrotator@3.1.0@egg-logrotator/app/extend/application.js",
    "start": 1568114629988,
    "end": 1568114629994,
    "duration": 6,
    "pid": 12516,
    "index": 27
  },
  {
    "name": "Require(24) node_modules/_egg-view@2.1.2@egg-view/app/extend/application.js",
    "start": 1568114629996,
    "end": 1568114629999,
    "duration": 3,
    "pid": 12516,
    "index": 28
  },
  {
    "name": "Load extend/request.js",
    "start": 1568114630006,
    "end": 1568114630022,
    "duration": 16,
    "pid": 12516,
    "index": 29
  },
  {
    "name": "Require(25) node_modules/_egg@2.23.0@egg/app/extend/request.js",
    "start": 1568114630014,
    "end": 1568114630017,
    "duration": 3,
    "pid": 12516,
    "index": 30
  },
  {
    "name": "Load extend/response.js",
    "start": 1568114630022,
    "end": 1568114630037,
    "duration": 15,
    "pid": 12516,
    "index": 31
  },
  {
    "name": "Require(26) node_modules/_egg@2.23.0@egg/app/extend/response.js",
    "start": 1568114630027,
    "end": 1568114630032,
    "duration": 5,
    "pid": 12516,
    "index": 32
  },
  {
    "name": "Load extend/context.js",
    "start": 1568114630037,
    "end": 1568114630193,
    "duration": 156,
    "pid": 12516,
    "index": 33
  },
  {
    "name": "Require(27) node_modules/_egg-security@2.6.1@egg-security/app/extend/context.js",
    "start": 1568114630038,
    "end": 1568114630073,
    "duration": 35,
    "pid": 12516,
    "index": 34
  },
  {
    "name": "Require(28) node_modules/_egg-jsonp@2.0.0@egg-jsonp/app/extend/context.js",
    "start": 1568114630074,
    "end": 1568114630078,
    "duration": 4,
    "pid": 12516,
    "index": 35
  },
  {
    "name": "Require(29) node_modules/_egg-i18n@2.1.1@egg-i18n/app/extend/context.js",
    "start": 1568114630079,
    "end": 1568114630079,
    "duration": 0,
    "pid": 12516,
    "index": 36
  },
  {
    "name": "Require(30) node_modules/_egg-multipart@2.9.0@egg-multipart/app/extend/context.js",
    "start": 1568114630081,
    "end": 1568114630176,
    "duration": 95,
    "pid": 12516,
    "index": 37
  },
  {
    "name": "Require(31) node_modules/_egg-view@2.1.2@egg-view/app/extend/context.js",
    "start": 1568114630177,
    "end": 1568114630181,
    "duration": 4,
    "pid": 12516,
    "index": 38
  },
  {
    "name": "Require(32) node_modules/_egg@2.23.0@egg/app/extend/context.js",
    "start": 1568114630182,
    "end": 1568114630187,
    "duration": 5,
    "pid": 12516,
    "index": 39
  },
  {
    "name": "Load extend/helper.js",
    "start": 1568114630193,
    "end": 1568114630231,
    "duration": 38,
    "pid": 12516,
    "index": 40
  },
  {
    "name": "Require(33) node_modules/_egg-security@2.6.1@egg-security/app/extend/helper.js",
    "start": 1568114630193,
    "end": 1568114630224,
    "duration": 31,
    "pid": 12516,
    "index": 41
  },
  {
    "name": "Require(34) node_modules/_egg@2.23.0@egg/app/extend/helper.js",
    "start": 1568114630227,
    "end": 1568114630228,
    "duration": 1,
    "pid": 12516,
    "index": 42
  },
  {
    "name": "Load app.js",
    "start": 1568114630232,
    "end": 1568114630293,
    "duration": 61,
    "pid": 12516,
    "index": 43
  },
  {
    "name": "Require(35) node_modules/_egg-session@3.1.0@egg-session/app.js",
    "start": 1568114630232,
    "end": 1568114630232,
    "duration": 0,
    "pid": 12516,
    "index": 44
  },
  {
    "name": "Require(36) node_modules/_egg-security@2.6.1@egg-security/app.js",
    "start": 1568114630233,
    "end": 1568114630236,
    "duration": 3,
    "pid": 12516,
    "index": 45
  },
  {
    "name": "Require(37) node_modules/_egg-onerror@2.1.0@egg-onerror/app.js",
    "start": 1568114630237,
    "end": 1568114630256,
    "duration": 19,
    "pid": 12516,
    "index": 46
  },
  {
    "name": "Require(38) node_modules/_egg-i18n@2.1.1@egg-i18n/app.js",
    "start": 1568114630256,
    "end": 1568114630267,
    "duration": 11,
    "pid": 12516,
    "index": 47
  },
  {
    "name": "Require(39) node_modules/_egg-watcher@3.1.0@egg-watcher/app.js",
    "start": 1568114630268,
    "end": 1568114630277,
    "duration": 9,
    "pid": 12516,
    "index": 48
  },
  {
    "name": "Require(40) node_modules/_egg-schedule@3.6.4@egg-schedule/app.js",
    "start": 1568114630277,
    "end": 1568114630280,
    "duration": 3,
    "pid": 12516,
    "index": 49
  },
  {
    "name": "Require(41) node_modules/_egg-multipart@2.9.0@egg-multipart/app.js",
    "start": 1568114630280,
    "end": 1568114630285,
    "duration": 5,
    "pid": 12516,
    "index": 50
  },
  {
    "name": "Require(42) node_modules/_egg-development@2.4.3@egg-development/app.js",
    "start": 1568114630285,
    "end": 1568114630286,
    "duration": 1,
    "pid": 12516,
    "index": 51
  },
  {
    "name": "Require(43) node_modules/_egg-logrotator@3.1.0@egg-logrotator/app.js",
    "start": 1568114630287,
    "end": 1568114630287,
    "duration": 0,
    "pid": 12516,
    "index": 52
  },
  {
    "name": "Require(44) node_modules/_egg-static@2.2.0@egg-static/app.js",
    "start": 1568114630288,
    "end": 1568114630289,
    "duration": 1,
    "pid": 12516,
    "index": 53
  },
  {
    "name": "Require(45) node_modules/_egg-sequelize@5.2.0@egg-sequelize/app.js",
    "start": 1568114630290,
    "end": 1568114630291,
    "duration": 1,
    "pid": 12516,
    "index": 54
  },
  {
    "name": "Before Start in node_modules/_egg-watcher@3.1.0@egg-watcher/lib/init.js:15:14",
    "start": 1568114630313,
    "end": 1568114631251,
    "duration": 938,
    "pid": 12516,
    "index": 55
  },
  {
    "name": "Load \"Symbol(model)\" to Application",
    "start": 1568114630969,
    "end": 1568114631002,
    "duration": 33,
    "pid": 12516,
    "index": 56
  },
  {
    "name": "Before Start in node_modules/_egg-sequelize@5.2.0@egg-sequelize/lib/loader.js:39:7",
    "start": 1568114631012,
    "end": 1568114631293,
    "duration": 281,
    "pid": 12516,
    "index": 57
  },
  {
    "name": "Load Service",
    "start": 1568114631012,
    "end": 1568114631018,
    "duration": 6,
    "pid": 12516,
    "index": 58
  },
  {
    "name": "Load \"service\" to Context",
    "start": 1568114631012,
    "end": 1568114631018,
    "duration": 6,
    "pid": 12516,
    "index": 59
  },
  {
    "name": "Load Middleware",
    "start": 1568114631018,
    "end": 1568114631153,
    "duration": 135,
    "pid": 12516,
    "index": 60
  },
  {
    "name": "Load \"middlewares\" to Application",
    "start": 1568114631018,
    "end": 1568114631136,
    "duration": 118,
    "pid": 12516,
    "index": 61
  },
  {
    "name": "Load Controller",
    "start": 1568114631154,
    "end": 1568114631158,
    "duration": 4,
    "pid": 12516,
    "index": 62
  },
  {
    "name": "Load \"controller\" to Application",
    "start": 1568114631154,
    "end": 1568114631158,
    "duration": 4,
    "pid": 12516,
    "index": 63
  },
  {
    "name": "Load Router",
    "start": 1568114631158,
    "end": 1568114631161,
    "duration": 3,
    "pid": 12516,
    "index": 64
  },
  {
    "name": "Require(46) app/router.js",
    "start": 1568114631158,
    "end": 1568114631159,
    "duration": 1,
    "pid": 12516,
    "index": 65
  },
  {
    "name": "Before Start in node_modules/_egg-core@4.17.3@egg-core/lib/egg.js:303:10",
    "start": 1568114631159,
    "end": 1568114631185,
    "duration": 26,
    "pid": 12516,
    "index": 66
  }
]