[
  {
    "name": "Application Start",
    "start": 1568116510746,
    "end": 1568116511855,
    "duration": 1109,
    "pid": 13728,
    "index": 0
  },
  {
    "name": "Load Plugin",
    "start": 1568116510752,
    "end": 1568116510777,
    "duration": 25,
    "pid": 13728,
    "index": 1
  },
  {
    "name": "Load Config",
    "start": 1568116510777,
    "end": 1568116510805,
    "duration": 28,
    "pid": 13728,
    "index": 2
  },
  {
    "name": "Require(0) config/config.default.js",
    "start": 1568116510778,
    "end": 1568116510779,
    "duration": 1,
    "pid": 13728,
    "index": 3
  },
  {
    "name": "Require(1) node_modules/_egg-session@3.1.0@egg-session/config/config.default.js",
    "start": 1568116510781,
    "end": 1568116510781,
    "duration": 0,
    "pid": 13728,
    "index": 4
  },
  {
    "name": "Require(2) node_modules/_egg-security@2.6.1@egg-security/config/config.default.js",
    "start": 1568116510782,
    "end": 1568116510783,
    "duration": 1,
    "pid": 13728,
    "index": 5
  },
  {
    "name": "Require(3) node_modules/_egg-jsonp@2.0.0@egg-jsonp/config/config.default.js",
    "start": 1568116510784,
    "end": 1568116510784,
    "duration": 0,
    "pid": 13728,
    "index": 6
  },
  {
    "name": "Require(4) node_modules/_egg-onerror@2.1.0@egg-onerror/config/config.default.js",
    "start": 1568116510785,
    "end": 1568116510785,
    "duration": 0,
    "pid": 13728,
    "index": 7
  },
  {
    "name": "Require(5) node_modules/_egg-i18n@2.1.1@egg-i18n/config/config.default.js",
    "start": 1568116510786,
    "end": 1568116510786,
    "duration": 0,
    "pid": 13728,
    "index": 8
  },
  {
    "name": "Require(6) node_modules/_egg-watcher@3.1.0@egg-watcher/config/config.default.js",
    "start": 1568116510787,
    "end": 1568116510787,
    "duration": 0,
    "pid": 13728,
    "index": 9
  },
  {
    "name": "Require(7) node_modules/_egg-schedule@3.6.4@egg-schedule/config/config.default.js",
    "start": 1568116510788,
    "end": 1568116510788,
    "duration": 0,
    "pid": 13728,
    "index": 10
  },
  {
    "name": "Require(8) node_modules/_egg-multipart@2.9.0@egg-multipart/config/config.default.js",
    "start": 1568116510789,
    "end": 1568116510789,
    "duration": 0,
    "pid": 13728,
    "index": 11
  },
  {
    "name": "Require(9) node_modules/_egg-development@2.4.3@egg-development/config/config.default.js",
    "start": 1568116510790,
    "end": 1568116510791,
    "duration": 1,
    "pid": 13728,
    "index": 12
  },
  {
    "name": "Require(10) node_modules/_egg-logrotator@3.1.0@egg-logrotator/config/config.default.js",
    "start": 1568116510791,
    "end": 1568116510792,
    "duration": 1,
    "pid": 13728,
    "index": 13
  },
  {
    "name": "Require(11) node_modules/_egg-static@2.2.0@egg-static/config/config.default.js",
    "start": 1568116510793,
    "end": 1568116510793,
    "duration": 0,
    "pid": 13728,
    "index": 14
  },
  {
    "name": "Require(12) node_modules/_egg-view@2.1.2@egg-view/config/config.default.js",
    "start": 1568116510794,
    "end": 1568116510794,
    "duration": 0,
    "pid": 13728,
    "index": 15
  },
  {
    "name": "Require(13) node_modules/_egg-sequelize@5.2.0@egg-sequelize/config/config.default.js",
    "start": 1568116510795,
    "end": 1568116510795,
    "duration": 0,
    "pid": 13728,
    "index": 16
  },
  {
    "name": "Require(14) node_modules/_egg@2.23.0@egg/config/config.default.js",
    "start": 1568116510796,
    "end": 1568116510796,
    "duration": 0,
    "pid": 13728,
    "index": 17
  },
  {
    "name": "Require(15) config/config.default.js",
    "start": 1568116510798,
    "end": 1568116510798,
    "duration": 0,
    "pid": 13728,
    "index": 18
  },
  {
    "name": "Require(16) node_modules/_egg-security@2.6.1@egg-security/config/config.local.js",
    "start": 1568116510799,
    "end": 1568116510799,
    "duration": 0,
    "pid": 13728,
    "index": 19
  },
  {
    "name": "Require(17) node_modules/_egg-watcher@3.1.0@egg-watcher/config/config.local.js",
    "start": 1568116510801,
    "end": 1568116510801,
    "duration": 0,
    "pid": 13728,
    "index": 20
  },
  {
    "name": "Require(18) node_modules/_egg-view@2.1.2@egg-view/config/config.local.js",
    "start": 1568116510803,
    "end": 1568116510803,
    "duration": 0,
    "pid": 13728,
    "index": 21
  },
  {
    "name": "Require(19) node_modules/_egg@2.23.0@egg/config/config.local.js",
    "start": 1568116510804,
    "end": 1568116510805,
    "duration": 1,
    "pid": 13728,
    "index": 22
  },
  {
    "name": "Load extend/application.js",
    "start": 1568116510807,
    "end": 1568116510828,
    "duration": 21,
    "pid": 13728,
    "index": 23
  },
  {
    "name": "Require(20) node_modules/_egg-session@3.1.0@egg-session/app/extend/application.js",
    "start": 1568116510807,
    "end": 1568116510808,
    "duration": 1,
    "pid": 13728,
    "index": 24
  },
  {
    "name": "Require(21) node_modules/_egg-security@2.6.1@egg-security/app/extend/application.js",
    "start": 1568116510809,
    "end": 1568116510811,
    "duration": 2,
    "pid": 13728,
    "index": 25
  },
  {
    "name": "Require(22) node_modules/_egg-jsonp@2.0.0@egg-jsonp/app/extend/application.js",
    "start": 1568116510812,
    "end": 1568116510815,
    "duration": 3,
    "pid": 13728,
    "index": 26
  },
  {
    "name": "Require(23) node_modules/_egg-logrotator@3.1.0@egg-logrotator/app/extend/application.js",
    "start": 1568116510817,
    "end": 1568116510821,
    "duration": 4,
    "pid": 13728,
    "index": 27
  },
  {
    "name": "Require(24) node_modules/_egg-view@2.1.2@egg-view/app/extend/application.js",
    "start": 1568116510822,
    "end": 1568116510824,
    "duration": 2,
    "pid": 13728,
    "index": 28
  },
  {
    "name": "Load extend/request.js",
    "start": 1568116510828,
    "end": 1568116510838,
    "duration": 10,
    "pid": 13728,
    "index": 29
  },
  {
    "name": "Require(25) node_modules/_egg@2.23.0@egg/app/extend/request.js",
    "start": 1568116510832,
    "end": 1568116510834,
    "duration": 2,
    "pid": 13728,
    "index": 30
  },
  {
    "name": "Load extend/response.js",
    "start": 1568116510838,
    "end": 1568116510849,
    "duration": 11,
    "pid": 13728,
    "index": 31
  },
  {
    "name": "Require(26) node_modules/_egg@2.23.0@egg/app/extend/response.js",
    "start": 1568116510841,
    "end": 1568116510844,
    "duration": 3,
    "pid": 13728,
    "index": 32
  },
  {
    "name": "Load extend/context.js",
    "start": 1568116510849,
    "end": 1568116510961,
    "duration": 112,
    "pid": 13728,
    "index": 33
  },
  {
    "name": "Require(27) node_modules/_egg-security@2.6.1@egg-security/app/extend/context.js",
    "start": 1568116510849,
    "end": 1568116510870,
    "duration": 21,
    "pid": 13728,
    "index": 34
  },
  {
    "name": "Require(28) node_modules/_egg-jsonp@2.0.0@egg-jsonp/app/extend/context.js",
    "start": 1568116510871,
    "end": 1568116510873,
    "duration": 2,
    "pid": 13728,
    "index": 35
  },
  {
    "name": "Require(29) node_modules/_egg-i18n@2.1.1@egg-i18n/app/extend/context.js",
    "start": 1568116510874,
    "end": 1568116510874,
    "duration": 0,
    "pid": 13728,
    "index": 36
  },
  {
    "name": "Require(30) node_modules/_egg-multipart@2.9.0@egg-multipart/app/extend/context.js",
    "start": 1568116510876,
    "end": 1568116510950,
    "duration": 74,
    "pid": 13728,
    "index": 37
  },
  {
    "name": "Require(31) node_modules/_egg-view@2.1.2@egg-view/app/extend/context.js",
    "start": 1568116510951,
    "end": 1568116510953,
    "duration": 2,
    "pid": 13728,
    "index": 38
  },
  {
    "name": "Require(32) node_modules/_egg@2.23.0@egg/app/extend/context.js",
    "start": 1568116510953,
    "end": 1568116510957,
    "duration": 4,
    "pid": 13728,
    "index": 39
  },
  {
    "name": "Load extend/helper.js",
    "start": 1568116510961,
    "end": 1568116510997,
    "duration": 36,
    "pid": 13728,
    "index": 40
  },
  {
    "name": "Require(33) node_modules/_egg-security@2.6.1@egg-security/app/extend/helper.js",
    "start": 1568116510961,
    "end": 1568116510990,
    "duration": 29,
    "pid": 13728,
    "index": 41
  },
  {
    "name": "Require(34) node_modules/_egg@2.23.0@egg/app/extend/helper.js",
    "start": 1568116510993,
    "end": 1568116510993,
    "duration": 0,
    "pid": 13728,
    "index": 42
  },
  {
    "name": "Load app.js",
    "start": 1568116510997,
    "end": 1568116511050,
    "duration": 53,
    "pid": 13728,
    "index": 43
  },
  {
    "name": "Require(35) node_modules/_egg-session@3.1.0@egg-session/app.js",
    "start": 1568116510998,
    "end": 1568116510998,
    "duration": 0,
    "pid": 13728,
    "index": 44
  },
  {
    "name": "Require(36) node_modules/_egg-security@2.6.1@egg-security/app.js",
    "start": 1568116510999,
    "end": 1568116511001,
    "duration": 2,
    "pid": 13728,
    "index": 45
  },
  {
    "name": "Require(37) node_modules/_egg-onerror@2.1.0@egg-onerror/app.js",
    "start": 1568116511002,
    "end": 1568116511018,
    "duration": 16,
    "pid": 13728,
    "index": 46
  },
  {
    "name": "Require(38) node_modules/_egg-i18n@2.1.1@egg-i18n/app.js",
    "start": 1568116511018,
    "end": 1568116511030,
    "duration": 12,
    "pid": 13728,
    "index": 47
  },
  {
    "name": "Require(39) node_modules/_egg-watcher@3.1.0@egg-watcher/app.js",
    "start": 1568116511031,
    "end": 1568116511037,
    "duration": 6,
    "pid": 13728,
    "index": 48
  },
  {
    "name": "Require(40) node_modules/_egg-schedule@3.6.4@egg-schedule/app.js",
    "start": 1568116511038,
    "end": 1568116511041,
    "duration": 3,
    "pid": 13728,
    "index": 49
  },
  {
    "name": "Require(41) node_modules/_egg-multipart@2.9.0@egg-multipart/app.js",
    "start": 1568116511041,
    "end": 1568116511045,
    "duration": 4,
    "pid": 13728,
    "index": 50
  },
  {
    "name": "Require(42) node_modules/_egg-development@2.4.3@egg-development/app.js",
    "start": 1568116511046,
    "end": 1568116511046,
    "duration": 0,
    "pid": 13728,
    "index": 51
  },
  {
    "name": "Require(43) node_modules/_egg-logrotator@3.1.0@egg-logrotator/app.js",
    "start": 1568116511047,
    "end": 1568116511047,
    "duration": 0,
    "pid": 13728,
    "index": 52
  },
  {
    "name": "Require(44) node_modules/_egg-static@2.2.0@egg-static/app.js",
    "start": 1568116511047,
    "end": 1568116511048,
    "duration": 1,
    "pid": 13728,
    "index": 53
  },
  {
    "name": "Require(45) node_modules/_egg-sequelize@5.2.0@egg-sequelize/app.js",
    "start": 1568116511048,
    "end": 1568116511049,
    "duration": 1,
    "pid": 13728,
    "index": 54
  },
  {
    "name": "Before Start in node_modules/_egg-watcher@3.1.0@egg-watcher/lib/init.js:15:14",
    "start": 1568116511066,
    "end": 1568116511825,
    "duration": 759,
    "pid": 13728,
    "index": 55
  },
  {
    "name": "Load \"Symbol(model)\" to Application",
    "start": 1568116511569,
    "end": 1568116511592,
    "duration": 23,
    "pid": 13728,
    "index": 56
  },
  {
    "name": "Before Start in node_modules/_egg-sequelize@5.2.0@egg-sequelize/lib/loader.js:39:7",
    "start": 1568116511600,
    "end": 1568116511855,
    "duration": 255,
    "pid": 13728,
    "index": 57
  },
  {
    "name": "Load Service",
    "start": 1568116511600,
    "end": 1568116511605,
    "duration": 5,
    "pid": 13728,
    "index": 58
  },
  {
    "name": "Load \"service\" to Context",
    "start": 1568116511600,
    "end": 1568116511605,
    "duration": 5,
    "pid": 13728,
    "index": 59
  },
  {
    "name": "Load Middleware",
    "start": 1568116511605,
    "end": 1568116511733,
    "duration": 128,
    "pid": 13728,
    "index": 60
  },
  {
    "name": "Load \"middlewares\" to Application",
    "start": 1568116511606,
    "end": 1568116511717,
    "duration": 111,
    "pid": 13728,
    "index": 61
  },
  {
    "name": "Load Controller",
    "start": 1568116511733,
    "end": 1568116511737,
    "duration": 4,
    "pid": 13728,
    "index": 62
  },
  {
    "name": "Load \"controller\" to Application",
    "start": 1568116511733,
    "end": 1568116511737,
    "duration": 4,
    "pid": 13728,
    "index": 63
  },
  {
    "name": "Load Router",
    "start": 1568116511737,
    "end": 1568116511741,
    "duration": 4,
    "pid": 13728,
    "index": 64
  },
  {
    "name": "Require(46) app/router.js",
    "start": 1568116511737,
    "end": 1568116511738,
    "duration": 1,
    "pid": 13728,
    "index": 65
  },
  {
    "name": "Before Start in node_modules/_egg-core@4.17.3@egg-core/lib/egg.js:303:10",
    "start": 1568116511738,
    "end": 1568116511762,
    "duration": 24,
    "pid": 13728,
    "index": 66
  }
]