[
  {
    "name": "Application Start",
    "start": 1568102528281,
    "end": 1568102529457,
    "duration": 1176,
    "pid": 7108,
    "index": 0
  },
  {
    "name": "Load Plugin",
    "start": 1568102528286,
    "end": 1568102528312,
    "duration": 26,
    "pid": 7108,
    "index": 1
  },
  {
    "name": "Load Config",
    "start": 1568102528312,
    "end": 1568102528342,
    "duration": 30,
    "pid": 7108,
    "index": 2
  },
  {
    "name": "Require(0) config/config.default.js",
    "start": 1568102528313,
    "end": 1568102528314,
    "duration": 1,
    "pid": 7108,
    "index": 3
  },
  {
    "name": "Require(1) node_modules/_egg-session@3.1.0@egg-session/config/config.default.js",
    "start": 1568102528316,
    "end": 1568102528317,
    "duration": 1,
    "pid": 7108,
    "index": 4
  },
  {
    "name": "Require(2) node_modules/_egg-security@2.6.1@egg-security/config/config.default.js",
    "start": 1568102528317,
    "end": 1568102528318,
    "duration": 1,
    "pid": 7108,
    "index": 5
  },
  {
    "name": "Require(3) node_modules/_egg-jsonp@2.0.0@egg-jsonp/config/config.default.js",
    "start": 1568102528319,
    "end": 1568102528320,
    "duration": 1,
    "pid": 7108,
    "index": 6
  },
  {
    "name": "Require(4) node_modules/_egg-onerror@2.1.0@egg-onerror/config/config.default.js",
    "start": 1568102528320,
    "end": 1568102528321,
    "duration": 1,
    "pid": 7108,
    "index": 7
  },
  {
    "name": "Require(5) node_modules/_egg-i18n@2.1.1@egg-i18n/config/config.default.js",
    "start": 1568102528321,
    "end": 1568102528322,
    "duration": 1,
    "pid": 7108,
    "index": 8
  },
  {
    "name": "Require(6) node_modules/_egg-watcher@3.1.0@egg-watcher/config/config.default.js",
    "start": 1568102528323,
    "end": 1568102528324,
    "duration": 1,
    "pid": 7108,
    "index": 9
  },
  {
    "name": "Require(7) node_modules/_egg-schedule@3.6.4@egg-schedule/config/config.default.js",
    "start": 1568102528325,
    "end": 1568102528325,
    "duration": 0,
    "pid": 7108,
    "index": 10
  },
  {
    "name": "Require(8) node_modules/_egg-multipart@2.9.0@egg-multipart/config/config.default.js",
    "start": 1568102528326,
    "end": 1568102528326,
    "duration": 0,
    "pid": 7108,
    "index": 11
  },
  {
    "name": "Require(9) node_modules/_egg-development@2.4.3@egg-development/config/config.default.js",
    "start": 1568102528328,
    "end": 1568102528328,
    "duration": 0,
    "pid": 7108,
    "index": 12
  },
  {
    "name": "Require(10) node_modules/_egg-logrotator@3.1.0@egg-logrotator/config/config.default.js",
    "start": 1568102528329,
    "end": 1568102528329,
    "duration": 0,
    "pid": 7108,
    "index": 13
  },
  {
    "name": "Require(11) node_modules/_egg-static@2.2.0@egg-static/config/config.default.js",
    "start": 1568102528330,
    "end": 1568102528330,
    "duration": 0,
    "pid": 7108,
    "index": 14
  },
  {
    "name": "Require(12) node_modules/_egg-view@2.1.2@egg-view/config/config.default.js",
    "start": 1568102528331,
    "end": 1568102528331,
    "duration": 0,
    "pid": 7108,
    "index": 15
  },
  {
    "name": "Require(13) node_modules/_egg-sequelize@5.2.0@egg-sequelize/config/config.default.js",
    "start": 1568102528332,
    "end": 1568102528332,
    "duration": 0,
    "pid": 7108,
    "index": 16
  },
  {
    "name": "Require(14) node_modules/_egg@2.23.0@egg/config/config.default.js",
    "start": 1568102528332,
    "end": 1568102528333,
    "duration": 1,
    "pid": 7108,
    "index": 17
  },
  {
    "name": "Require(15) config/config.default.js",
    "start": 1568102528335,
    "end": 1568102528335,
    "duration": 0,
    "pid": 7108,
    "index": 18
  },
  {
    "name": "Require(16) node_modules/_egg-security@2.6.1@egg-security/config/config.local.js",
    "start": 1568102528336,
    "end": 1568102528336,
    "duration": 0,
    "pid": 7108,
    "index": 19
  },
  {
    "name": "Require(17) node_modules/_egg-watcher@3.1.0@egg-watcher/config/config.local.js",
    "start": 1568102528337,
    "end": 1568102528337,
    "duration": 0,
    "pid": 7108,
    "index": 20
  },
  {
    "name": "Require(18) node_modules/_egg-view@2.1.2@egg-view/config/config.local.js",
    "start": 1568102528340,
    "end": 1568102528340,
    "duration": 0,
    "pid": 7108,
    "index": 21
  },
  {
    "name": "Require(19) node_modules/_egg@2.23.0@egg/config/config.local.js",
    "start": 1568102528341,
    "end": 1568102528342,
    "duration": 1,
    "pid": 7108,
    "index": 22
  },
  {
    "name": "Load extend/application.js",
    "start": 1568102528345,
    "end": 1568102528375,
    "duration": 30,
    "pid": 7108,
    "index": 23
  },
  {
    "name": "Require(20) node_modules/_egg-session@3.1.0@egg-session/app/extend/application.js",
    "start": 1568102528346,
    "end": 1568102528347,
    "duration": 1,
    "pid": 7108,
    "index": 24
  },
  {
    "name": "Require(21) node_modules/_egg-security@2.6.1@egg-security/app/extend/application.js",
    "start": 1568102528348,
    "end": 1568102528350,
    "duration": 2,
    "pid": 7108,
    "index": 25
  },
  {
    "name": "Require(22) node_modules/_egg-jsonp@2.0.0@egg-jsonp/app/extend/application.js",
    "start": 1568102528351,
    "end": 1568102528357,
    "duration": 6,
    "pid": 7108,
    "index": 26
  },
  {
    "name": "Require(23) node_modules/_egg-logrotator@3.1.0@egg-logrotator/app/extend/application.js",
    "start": 1568102528360,
    "end": 1568102528366,
    "duration": 6,
    "pid": 7108,
    "index": 27
  },
  {
    "name": "Require(24) node_modules/_egg-view@2.1.2@egg-view/app/extend/application.js",
    "start": 1568102528367,
    "end": 1568102528369,
    "duration": 2,
    "pid": 7108,
    "index": 28
  },
  {
    "name": "Load extend/request.js",
    "start": 1568102528375,
    "end": 1568102528387,
    "duration": 12,
    "pid": 7108,
    "index": 29
  },
  {
    "name": "Require(25) node_modules/_egg@2.23.0@egg/app/extend/request.js",
    "start": 1568102528379,
    "end": 1568102528381,
    "duration": 2,
    "pid": 7108,
    "index": 30
  },
  {
    "name": "Load extend/response.js",
    "start": 1568102528387,
    "end": 1568102528397,
    "duration": 10,
    "pid": 7108,
    "index": 31
  },
  {
    "name": "Require(26) node_modules/_egg@2.23.0@egg/app/extend/response.js",
    "start": 1568102528390,
    "end": 1568102528394,
    "duration": 4,
    "pid": 7108,
    "index": 32
  },
  {
    "name": "Load extend/context.js",
    "start": 1568102528397,
    "end": 1568102528514,
    "duration": 117,
    "pid": 7108,
    "index": 33
  },
  {
    "name": "Require(27) node_modules/_egg-security@2.6.1@egg-security/app/extend/context.js",
    "start": 1568102528398,
    "end": 1568102528421,
    "duration": 23,
    "pid": 7108,
    "index": 34
  },
  {
    "name": "Require(28) node_modules/_egg-jsonp@2.0.0@egg-jsonp/app/extend/context.js",
    "start": 1568102528421,
    "end": 1568102528425,
    "duration": 4,
    "pid": 7108,
    "index": 35
  },
  {
    "name": "Require(29) node_modules/_egg-i18n@2.1.1@egg-i18n/app/extend/context.js",
    "start": 1568102528426,
    "end": 1568102528426,
    "duration": 0,
    "pid": 7108,
    "index": 36
  },
  {
    "name": "Require(30) node_modules/_egg-multipart@2.9.0@egg-multipart/app/extend/context.js",
    "start": 1568102528427,
    "end": 1568102528503,
    "duration": 76,
    "pid": 7108,
    "index": 37
  },
  {
    "name": "Require(31) node_modules/_egg-view@2.1.2@egg-view/app/extend/context.js",
    "start": 1568102528504,
    "end": 1568102528505,
    "duration": 1,
    "pid": 7108,
    "index": 38
  },
  {
    "name": "Require(32) node_modules/_egg@2.23.0@egg/app/extend/context.js",
    "start": 1568102528506,
    "end": 1568102528509,
    "duration": 3,
    "pid": 7108,
    "index": 39
  },
  {
    "name": "Load extend/helper.js",
    "start": 1568102528514,
    "end": 1568102528550,
    "duration": 36,
    "pid": 7108,
    "index": 40
  },
  {
    "name": "Require(33) node_modules/_egg-security@2.6.1@egg-security/app/extend/helper.js",
    "start": 1568102528515,
    "end": 1568102528542,
    "duration": 27,
    "pid": 7108,
    "index": 41
  },
  {
    "name": "Require(34) node_modules/_egg@2.23.0@egg/app/extend/helper.js",
    "start": 1568102528545,
    "end": 1568102528546,
    "duration": 1,
    "pid": 7108,
    "index": 42
  },
  {
    "name": "Load app.js",
    "start": 1568102528550,
    "end": 1568102528627,
    "duration": 77,
    "pid": 7108,
    "index": 43
  },
  {
    "name": "Require(35) node_modules/_egg-session@3.1.0@egg-session/app.js",
    "start": 1568102528551,
    "end": 1568102528551,
    "duration": 0,
    "pid": 7108,
    "index": 44
  },
  {
    "name": "Require(36) node_modules/_egg-security@2.6.1@egg-security/app.js",
    "start": 1568102528552,
    "end": 1568102528554,
    "duration": 2,
    "pid": 7108,
    "index": 45
  },
  {
    "name": "Require(37) node_modules/_egg-onerror@2.1.0@egg-onerror/app.js",
    "start": 1568102528555,
    "end": 1568102528579,
    "duration": 24,
    "pid": 7108,
    "index": 46
  },
  {
    "name": "Require(38) node_modules/_egg-i18n@2.1.1@egg-i18n/app.js",
    "start": 1568102528580,
    "end": 1568102528598,
    "duration": 18,
    "pid": 7108,
    "index": 47
  },
  {
    "name": "Require(39) node_modules/_egg-watcher@3.1.0@egg-watcher/app.js",
    "start": 1568102528599,
    "end": 1568102528607,
    "duration": 8,
    "pid": 7108,
    "index": 48
  },
  {
    "name": "Require(40) node_modules/_egg-schedule@3.6.4@egg-schedule/app.js",
    "start": 1568102528607,
    "end": 1568102528616,
    "duration": 9,
    "pid": 7108,
    "index": 49
  },
  {
    "name": "Require(41) node_modules/_egg-multipart@2.9.0@egg-multipart/app.js",
    "start": 1568102528616,
    "end": 1568102528622,
    "duration": 6,
    "pid": 7108,
    "index": 50
  },
  {
    "name": "Require(42) node_modules/_egg-development@2.4.3@egg-development/app.js",
    "start": 1568102528623,
    "end": 1568102528623,
    "duration": 0,
    "pid": 7108,
    "index": 51
  },
  {
    "name": "Require(43) node_modules/_egg-logrotator@3.1.0@egg-logrotator/app.js",
    "start": 1568102528623,
    "end": 1568102528624,
    "duration": 1,
    "pid": 7108,
    "index": 52
  },
  {
    "name": "Require(44) node_modules/_egg-static@2.2.0@egg-static/app.js",
    "start": 1568102528624,
    "end": 1568102528624,
    "duration": 0,
    "pid": 7108,
    "index": 53
  },
  {
    "name": "Require(45) node_modules/_egg-sequelize@5.2.0@egg-sequelize/app.js",
    "start": 1568102528625,
    "end": 1568102528626,
    "duration": 1,
    "pid": 7108,
    "index": 54
  },
  {
    "name": "Before Start in node_modules/_egg-watcher@3.1.0@egg-watcher/lib/init.js:15:14",
    "start": 1568102528646,
    "end": 1568102529417,
    "duration": 771,
    "pid": 7108,
    "index": 55
  },
  {
    "name": "Load \"Symbol(model)\" to Application",
    "start": 1568102529160,
    "end": 1568102529180,
    "duration": 20,
    "pid": 7108,
    "index": 56
  },
  {
    "name": "Before Start in node_modules/_egg-sequelize@5.2.0@egg-sequelize/lib/loader.js:39:7",
    "start": 1568102529187,
    "end": 1568102529456,
    "duration": 269,
    "pid": 7108,
    "index": 57
  },
  {
    "name": "Load Service",
    "start": 1568102529187,
    "end": 1568102529192,
    "duration": 5,
    "pid": 7108,
    "index": 58
  },
  {
    "name": "Load \"service\" to Context",
    "start": 1568102529187,
    "end": 1568102529192,
    "duration": 5,
    "pid": 7108,
    "index": 59
  },
  {
    "name": "Load Middleware",
    "start": 1568102529193,
    "end": 1568102529325,
    "duration": 132,
    "pid": 7108,
    "index": 60
  },
  {
    "name": "Load \"middlewares\" to Application",
    "start": 1568102529193,
    "end": 1568102529309,
    "duration": 116,
    "pid": 7108,
    "index": 61
  },
  {
    "name": "Load Controller",
    "start": 1568102529325,
    "end": 1568102529328,
    "duration": 3,
    "pid": 7108,
    "index": 62
  },
  {
    "name": "Load \"controller\" to Application",
    "start": 1568102529325,
    "end": 1568102529328,
    "duration": 3,
    "pid": 7108,
    "index": 63
  },
  {
    "name": "Load Router",
    "start": 1568102529328,
    "end": 1568102529331,
    "duration": 3,
    "pid": 7108,
    "index": 64
  },
  {
    "name": "Require(46) app/router.js",
    "start": 1568102529328,
    "end": 1568102529329,
    "duration": 1,
    "pid": 7108,
    "index": 65
  },
  {
    "name": "Before Start in node_modules/_egg-core@4.17.3@egg-core/lib/egg.js:303:10",
    "start": 1568102529329,
    "end": 1568102529350,
    "duration": 21,
    "pid": 7108,
    "index": 66
  }
]