[
  {
    "name": "Application Start",
    "start": 1568118435838,
    "end": 1568118436952,
    "duration": 1114,
    "pid": 11840,
    "index": 0
  },
  {
    "name": "Load Plugin",
    "start": 1568118435844,
    "end": 1568118435870,
    "duration": 26,
    "pid": 11840,
    "index": 1
  },
  {
    "name": "Load Config",
    "start": 1568118435871,
    "end": 1568118435899,
    "duration": 28,
    "pid": 11840,
    "index": 2
  },
  {
    "name": "Require(0) config/config.default.js",
    "start": 1568118435872,
    "end": 1568118435872,
    "duration": 0,
    "pid": 11840,
    "index": 3
  },
  {
    "name": "Require(1) node_modules/_egg-session@3.1.0@egg-session/config/config.default.js",
    "start": 1568118435874,
    "end": 1568118435875,
    "duration": 1,
    "pid": 11840,
    "index": 4
  },
  {
    "name": "Require(2) node_modules/_egg-security@2.6.1@egg-security/config/config.default.js",
    "start": 1568118435875,
    "end": 1568118435876,
    "duration": 1,
    "pid": 11840,
    "index": 5
  },
  {
    "name": "Require(3) node_modules/_egg-jsonp@2.0.0@egg-jsonp/config/config.default.js",
    "start": 1568118435877,
    "end": 1568118435878,
    "duration": 1,
    "pid": 11840,
    "index": 6
  },
  {
    "name": "Require(4) node_modules/_egg-onerror@2.1.0@egg-onerror/config/config.default.js",
    "start": 1568118435878,
    "end": 1568118435879,
    "duration": 1,
    "pid": 11840,
    "index": 7
  },
  {
    "name": "Require(5) node_modules/_egg-i18n@2.1.1@egg-i18n/config/config.default.js",
    "start": 1568118435880,
    "end": 1568118435880,
    "duration": 0,
    "pid": 11840,
    "index": 8
  },
  {
    "name": "Require(6) node_modules/_egg-watcher@3.1.0@egg-watcher/config/config.default.js",
    "start": 1568118435881,
    "end": 1568118435881,
    "duration": 0,
    "pid": 11840,
    "index": 9
  },
  {
    "name": "Require(7) node_modules/_egg-schedule@3.6.4@egg-schedule/config/config.default.js",
    "start": 1568118435882,
    "end": 1568118435883,
    "duration": 1,
    "pid": 11840,
    "index": 10
  },
  {
    "name": "Require(8) node_modules/_egg-multipart@2.9.0@egg-multipart/config/config.default.js",
    "start": 1568118435883,
    "end": 1568118435884,
    "duration": 1,
    "pid": 11840,
    "index": 11
  },
  {
    "name": "Require(9) node_modules/_egg-development@2.4.3@egg-development/config/config.default.js",
    "start": 1568118435885,
    "end": 1568118435885,
    "duration": 0,
    "pid": 11840,
    "index": 12
  },
  {
    "name": "Require(10) node_modules/_egg-logrotator@3.1.0@egg-logrotator/config/config.default.js",
    "start": 1568118435886,
    "end": 1568118435886,
    "duration": 0,
    "pid": 11840,
    "index": 13
  },
  {
    "name": "Require(11) node_modules/_egg-static@2.2.0@egg-static/config/config.default.js",
    "start": 1568118435887,
    "end": 1568118435887,
    "duration": 0,
    "pid": 11840,
    "index": 14
  },
  {
    "name": "Require(12) node_modules/_egg-view@2.1.2@egg-view/config/config.default.js",
    "start": 1568118435888,
    "end": 1568118435888,
    "duration": 0,
    "pid": 11840,
    "index": 15
  },
  {
    "name": "Require(13) node_modules/_egg-sequelize@5.2.0@egg-sequelize/config/config.default.js",
    "start": 1568118435889,
    "end": 1568118435890,
    "duration": 1,
    "pid": 11840,
    "index": 16
  },
  {
    "name": "Require(14) node_modules/_egg@2.23.0@egg/config/config.default.js",
    "start": 1568118435891,
    "end": 1568118435891,
    "duration": 0,
    "pid": 11840,
    "index": 17
  },
  {
    "name": "Require(15) config/config.default.js",
    "start": 1568118435893,
    "end": 1568118435893,
    "duration": 0,
    "pid": 11840,
    "index": 18
  },
  {
    "name": "Require(16) node_modules/_egg-security@2.6.1@egg-security/config/config.local.js",
    "start": 1568118435894,
    "end": 1568118435894,
    "duration": 0,
    "pid": 11840,
    "index": 19
  },
  {
    "name": "Require(17) node_modules/_egg-watcher@3.1.0@egg-watcher/config/config.local.js",
    "start": 1568118435895,
    "end": 1568118435896,
    "duration": 1,
    "pid": 11840,
    "index": 20
  },
  {
    "name": "Require(18) node_modules/_egg-view@2.1.2@egg-view/config/config.local.js",
    "start": 1568118435898,
    "end": 1568118435898,
    "duration": 0,
    "pid": 11840,
    "index": 21
  },
  {
    "name": "Require(19) node_modules/_egg@2.23.0@egg/config/config.local.js",
    "start": 1568118435899,
    "end": 1568118435899,
    "duration": 0,
    "pid": 11840,
    "index": 22
  },
  {
    "name": "Load extend/application.js",
    "start": 1568118435901,
    "end": 1568118435922,
    "duration": 21,
    "pid": 11840,
    "index": 23
  },
  {
    "name": "Require(20) node_modules/_egg-session@3.1.0@egg-session/app/extend/application.js",
    "start": 1568118435903,
    "end": 1568118435903,
    "duration": 0,
    "pid": 11840,
    "index": 24
  },
  {
    "name": "Require(21) node_modules/_egg-security@2.6.1@egg-security/app/extend/application.js",
    "start": 1568118435904,
    "end": 1568118435905,
    "duration": 1,
    "pid": 11840,
    "index": 25
  },
  {
    "name": "Require(22) node_modules/_egg-jsonp@2.0.0@egg-jsonp/app/extend/application.js",
    "start": 1568118435906,
    "end": 1568118435909,
    "duration": 3,
    "pid": 11840,
    "index": 26
  },
  {
    "name": "Require(23) node_modules/_egg-logrotator@3.1.0@egg-logrotator/app/extend/application.js",
    "start": 1568118435911,
    "end": 1568118435915,
    "duration": 4,
    "pid": 11840,
    "index": 27
  },
  {
    "name": "Require(24) node_modules/_egg-view@2.1.2@egg-view/app/extend/application.js",
    "start": 1568118435916,
    "end": 1568118435919,
    "duration": 3,
    "pid": 11840,
    "index": 28
  },
  {
    "name": "Load extend/request.js",
    "start": 1568118435923,
    "end": 1568118435932,
    "duration": 9,
    "pid": 11840,
    "index": 29
  },
  {
    "name": "Require(25) node_modules/_egg@2.23.0@egg/app/extend/request.js",
    "start": 1568118435926,
    "end": 1568118435928,
    "duration": 2,
    "pid": 11840,
    "index": 30
  },
  {
    "name": "Load extend/response.js",
    "start": 1568118435932,
    "end": 1568118435942,
    "duration": 10,
    "pid": 11840,
    "index": 31
  },
  {
    "name": "Require(26) node_modules/_egg@2.23.0@egg/app/extend/response.js",
    "start": 1568118435935,
    "end": 1568118435939,
    "duration": 4,
    "pid": 11840,
    "index": 32
  },
  {
    "name": "Load extend/context.js",
    "start": 1568118435942,
    "end": 1568118436056,
    "duration": 114,
    "pid": 11840,
    "index": 33
  },
  {
    "name": "Require(27) node_modules/_egg-security@2.6.1@egg-security/app/extend/context.js",
    "start": 1568118435943,
    "end": 1568118435965,
    "duration": 22,
    "pid": 11840,
    "index": 34
  },
  {
    "name": "Require(28) node_modules/_egg-jsonp@2.0.0@egg-jsonp/app/extend/context.js",
    "start": 1568118435965,
    "end": 1568118435968,
    "duration": 3,
    "pid": 11840,
    "index": 35
  },
  {
    "name": "Require(29) node_modules/_egg-i18n@2.1.1@egg-i18n/app/extend/context.js",
    "start": 1568118435969,
    "end": 1568118435970,
    "duration": 1,
    "pid": 11840,
    "index": 36
  },
  {
    "name": "Require(30) node_modules/_egg-multipart@2.9.0@egg-multipart/app/extend/context.js",
    "start": 1568118435971,
    "end": 1568118436046,
    "duration": 75,
    "pid": 11840,
    "index": 37
  },
  {
    "name": "Require(31) node_modules/_egg-view@2.1.2@egg-view/app/extend/context.js",
    "start": 1568118436047,
    "end": 1568118436048,
    "duration": 1,
    "pid": 11840,
    "index": 38
  },
  {
    "name": "Require(32) node_modules/_egg@2.23.0@egg/app/extend/context.js",
    "start": 1568118436049,
    "end": 1568118436052,
    "duration": 3,
    "pid": 11840,
    "index": 39
  },
  {
    "name": "Load extend/helper.js",
    "start": 1568118436056,
    "end": 1568118436091,
    "duration": 35,
    "pid": 11840,
    "index": 40
  },
  {
    "name": "Require(33) node_modules/_egg-security@2.6.1@egg-security/app/extend/helper.js",
    "start": 1568118436057,
    "end": 1568118436084,
    "duration": 27,
    "pid": 11840,
    "index": 41
  },
  {
    "name": "Require(34) node_modules/_egg@2.23.0@egg/app/extend/helper.js",
    "start": 1568118436087,
    "end": 1568118436088,
    "duration": 1,
    "pid": 11840,
    "index": 42
  },
  {
    "name": "Load app.js",
    "start": 1568118436092,
    "end": 1568118436142,
    "duration": 50,
    "pid": 11840,
    "index": 43
  },
  {
    "name": "Require(35) node_modules/_egg-session@3.1.0@egg-session/app.js",
    "start": 1568118436092,
    "end": 1568118436093,
    "duration": 1,
    "pid": 11840,
    "index": 44
  },
  {
    "name": "Require(36) node_modules/_egg-security@2.6.1@egg-security/app.js",
    "start": 1568118436093,
    "end": 1568118436096,
    "duration": 3,
    "pid": 11840,
    "index": 45
  },
  {
    "name": "Require(37) node_modules/_egg-onerror@2.1.0@egg-onerror/app.js",
    "start": 1568118436097,
    "end": 1568118436112,
    "duration": 15,
    "pid": 11840,
    "index": 46
  },
  {
    "name": "Require(38) node_modules/_egg-i18n@2.1.1@egg-i18n/app.js",
    "start": 1568118436113,
    "end": 1568118436124,
    "duration": 11,
    "pid": 11840,
    "index": 47
  },
  {
    "name": "Require(39) node_modules/_egg-watcher@3.1.0@egg-watcher/app.js",
    "start": 1568118436124,
    "end": 1568118436130,
    "duration": 6,
    "pid": 11840,
    "index": 48
  },
  {
    "name": "Require(40) node_modules/_egg-schedule@3.6.4@egg-schedule/app.js",
    "start": 1568118436130,
    "end": 1568118436133,
    "duration": 3,
    "pid": 11840,
    "index": 49
  },
  {
    "name": "Require(41) node_modules/_egg-multipart@2.9.0@egg-multipart/app.js",
    "start": 1568118436133,
    "end": 1568118436137,
    "duration": 4,
    "pid": 11840,
    "index": 50
  },
  {
    "name": "Require(42) node_modules/_egg-development@2.4.3@egg-development/app.js",
    "start": 1568118436138,
    "end": 1568118436138,
    "duration": 0,
    "pid": 11840,
    "index": 51
  },
  {
    "name": "Require(43) node_modules/_egg-logrotator@3.1.0@egg-logrotator/app.js",
    "start": 1568118436138,
    "end": 1568118436139,
    "duration": 1,
    "pid": 11840,
    "index": 52
  },
  {
    "name": "Require(44) node_modules/_egg-static@2.2.0@egg-static/app.js",
    "start": 1568118436139,
    "end": 1568118436139,
    "duration": 0,
    "pid": 11840,
    "index": 53
  },
  {
    "name": "Require(45) node_modules/_egg-sequelize@5.2.0@egg-sequelize/app.js",
    "start": 1568118436140,
    "end": 1568118436141,
    "duration": 1,
    "pid": 11840,
    "index": 54
  },
  {
    "name": "Before Start in node_modules/_egg-watcher@3.1.0@egg-watcher/lib/init.js:15:14",
    "start": 1568118436158,
    "end": 1568118436916,
    "duration": 758,
    "pid": 11840,
    "index": 55
  },
  {
    "name": "Load \"Symbol(model)\" to Application",
    "start": 1568118436670,
    "end": 1568118436696,
    "duration": 26,
    "pid": 11840,
    "index": 56
  },
  {
    "name": "Before Start in node_modules/_egg-sequelize@5.2.0@egg-sequelize/lib/loader.js:39:7",
    "start": 1568118436703,
    "end": 1568118436951,
    "duration": 248,
    "pid": 11840,
    "index": 57
  },
  {
    "name": "Load Service",
    "start": 1568118436703,
    "end": 1568118436708,
    "duration": 5,
    "pid": 11840,
    "index": 58
  },
  {
    "name": "Load \"service\" to Context",
    "start": 1568118436704,
    "end": 1568118436708,
    "duration": 4,
    "pid": 11840,
    "index": 59
  },
  {
    "name": "Load Middleware",
    "start": 1568118436709,
    "end": 1568118436838,
    "duration": 129,
    "pid": 11840,
    "index": 60
  },
  {
    "name": "Load \"middlewares\" to Application",
    "start": 1568118436709,
    "end": 1568118436820,
    "duration": 111,
    "pid": 11840,
    "index": 61
  },
  {
    "name": "Load Controller",
    "start": 1568118436839,
    "end": 1568118436843,
    "duration": 4,
    "pid": 11840,
    "index": 62
  },
  {
    "name": "Load \"controller\" to Application",
    "start": 1568118436839,
    "end": 1568118436843,
    "duration": 4,
    "pid": 11840,
    "index": 63
  },
  {
    "name": "Load Router",
    "start": 1568118436843,
    "end": 1568118436846,
    "duration": 3,
    "pid": 11840,
    "index": 64
  },
  {
    "name": "Require(46) app/router.js",
    "start": 1568118436843,
    "end": 1568118436843,
    "duration": 0,
    "pid": 11840,
    "index": 65
  },
  {
    "name": "Before Start in node_modules/_egg-core@4.17.3@egg-core/lib/egg.js:303:10",
    "start": 1568118436844,
    "end": 1568118436866,
    "duration": 22,
    "pid": 11840,
    "index": 66
  }
]