[
  {
    "name": "Application Start",
    "start": 1568103291980,
    "end": 1568103293454,
    "duration": 1474,
    "pid": 996,
    "index": 0
  },
  {
    "name": "Load Plugin",
    "start": 1568103291986,
    "end": 1568103292019,
    "duration": 33,
    "pid": 996,
    "index": 1
  },
  {
    "name": "Load Config",
    "start": 1568103292020,
    "end": 1568103292050,
    "duration": 30,
    "pid": 996,
    "index": 2
  },
  {
    "name": "Require(0) config/config.default.js",
    "start": 1568103292021,
    "end": 1568103292021,
    "duration": 0,
    "pid": 996,
    "index": 3
  },
  {
    "name": "Require(1) node_modules/_egg-session@3.1.0@egg-session/config/config.default.js",
    "start": 1568103292023,
    "end": 1568103292024,
    "duration": 1,
    "pid": 996,
    "index": 4
  },
  {
    "name": "Require(2) node_modules/_egg-security@2.6.1@egg-security/config/config.default.js",
    "start": 1568103292025,
    "end": 1568103292025,
    "duration": 0,
    "pid": 996,
    "index": 5
  },
  {
    "name": "Require(3) node_modules/_egg-jsonp@2.0.0@egg-jsonp/config/config.default.js",
    "start": 1568103292027,
    "end": 1568103292028,
    "duration": 1,
    "pid": 996,
    "index": 6
  },
  {
    "name": "Require(4) node_modules/_egg-onerror@2.1.0@egg-onerror/config/config.default.js",
    "start": 1568103292029,
    "end": 1568103292030,
    "duration": 1,
    "pid": 996,
    "index": 7
  },
  {
    "name": "Require(5) node_modules/_egg-i18n@2.1.1@egg-i18n/config/config.default.js",
    "start": 1568103292030,
    "end": 1568103292031,
    "duration": 1,
    "pid": 996,
    "index": 8
  },
  {
    "name": "Require(6) node_modules/_egg-watcher@3.1.0@egg-watcher/config/config.default.js",
    "start": 1568103292031,
    "end": 1568103292032,
    "duration": 1,
    "pid": 996,
    "index": 9
  },
  {
    "name": "Require(7) node_modules/_egg-schedule@3.6.4@egg-schedule/config/config.default.js",
    "start": 1568103292032,
    "end": 1568103292033,
    "duration": 1,
    "pid": 996,
    "index": 10
  },
  {
    "name": "Require(8) node_modules/_egg-multipart@2.9.0@egg-multipart/config/config.default.js",
    "start": 1568103292033,
    "end": 1568103292034,
    "duration": 1,
    "pid": 996,
    "index": 11
  },
  {
    "name": "Require(9) node_modules/_egg-development@2.4.3@egg-development/config/config.default.js",
    "start": 1568103292035,
    "end": 1568103292035,
    "duration": 0,
    "pid": 996,
    "index": 12
  },
  {
    "name": "Require(10) node_modules/_egg-logrotator@3.1.0@egg-logrotator/config/config.default.js",
    "start": 1568103292036,
    "end": 1568103292036,
    "duration": 0,
    "pid": 996,
    "index": 13
  },
  {
    "name": "Require(11) node_modules/_egg-static@2.2.0@egg-static/config/config.default.js",
    "start": 1568103292037,
    "end": 1568103292037,
    "duration": 0,
    "pid": 996,
    "index": 14
  },
  {
    "name": "Require(12) node_modules/_egg-view@2.1.2@egg-view/config/config.default.js",
    "start": 1568103292038,
    "end": 1568103292038,
    "duration": 0,
    "pid": 996,
    "index": 15
  },
  {
    "name": "Require(13) node_modules/_egg-sequelize@5.2.0@egg-sequelize/config/config.default.js",
    "start": 1568103292039,
    "end": 1568103292040,
    "duration": 1,
    "pid": 996,
    "index": 16
  },
  {
    "name": "Require(14) node_modules/_egg@2.23.0@egg/config/config.default.js",
    "start": 1568103292040,
    "end": 1568103292041,
    "duration": 1,
    "pid": 996,
    "index": 17
  },
  {
    "name": "Require(15) config/config.default.js",
    "start": 1568103292043,
    "end": 1568103292043,
    "duration": 0,
    "pid": 996,
    "index": 18
  },
  {
    "name": "Require(16) node_modules/_egg-security@2.6.1@egg-security/config/config.local.js",
    "start": 1568103292044,
    "end": 1568103292044,
    "duration": 0,
    "pid": 996,
    "index": 19
  },
  {
    "name": "Require(17) node_modules/_egg-watcher@3.1.0@egg-watcher/config/config.local.js",
    "start": 1568103292046,
    "end": 1568103292046,
    "duration": 0,
    "pid": 996,
    "index": 20
  },
  {
    "name": "Require(18) node_modules/_egg-view@2.1.2@egg-view/config/config.local.js",
    "start": 1568103292048,
    "end": 1568103292048,
    "duration": 0,
    "pid": 996,
    "index": 21
  },
  {
    "name": "Require(19) node_modules/_egg@2.23.0@egg/config/config.local.js",
    "start": 1568103292049,
    "end": 1568103292049,
    "duration": 0,
    "pid": 996,
    "index": 22
  },
  {
    "name": "Load extend/application.js",
    "start": 1568103292052,
    "end": 1568103292072,
    "duration": 20,
    "pid": 996,
    "index": 23
  },
  {
    "name": "Require(20) node_modules/_egg-session@3.1.0@egg-session/app/extend/application.js",
    "start": 1568103292053,
    "end": 1568103292053,
    "duration": 0,
    "pid": 996,
    "index": 24
  },
  {
    "name": "Require(21) node_modules/_egg-security@2.6.1@egg-security/app/extend/application.js",
    "start": 1568103292054,
    "end": 1568103292055,
    "duration": 1,
    "pid": 996,
    "index": 25
  },
  {
    "name": "Require(22) node_modules/_egg-jsonp@2.0.0@egg-jsonp/app/extend/application.js",
    "start": 1568103292056,
    "end": 1568103292059,
    "duration": 3,
    "pid": 996,
    "index": 26
  },
  {
    "name": "Require(23) node_modules/_egg-logrotator@3.1.0@egg-logrotator/app/extend/application.js",
    "start": 1568103292061,
    "end": 1568103292065,
    "duration": 4,
    "pid": 996,
    "index": 27
  },
  {
    "name": "Require(24) node_modules/_egg-view@2.1.2@egg-view/app/extend/application.js",
    "start": 1568103292066,
    "end": 1568103292068,
    "duration": 2,
    "pid": 996,
    "index": 28
  },
  {
    "name": "Load extend/request.js",
    "start": 1568103292072,
    "end": 1568103292081,
    "duration": 9,
    "pid": 996,
    "index": 29
  },
  {
    "name": "Require(25) node_modules/_egg@2.23.0@egg/app/extend/request.js",
    "start": 1568103292075,
    "end": 1568103292078,
    "duration": 3,
    "pid": 996,
    "index": 30
  },
  {
    "name": "Load extend/response.js",
    "start": 1568103292081,
    "end": 1568103292091,
    "duration": 10,
    "pid": 996,
    "index": 31
  },
  {
    "name": "Require(26) node_modules/_egg@2.23.0@egg/app/extend/response.js",
    "start": 1568103292084,
    "end": 1568103292088,
    "duration": 4,
    "pid": 996,
    "index": 32
  },
  {
    "name": "Load extend/context.js",
    "start": 1568103292091,
    "end": 1568103292207,
    "duration": 116,
    "pid": 996,
    "index": 33
  },
  {
    "name": "Require(27) node_modules/_egg-security@2.6.1@egg-security/app/extend/context.js",
    "start": 1568103292092,
    "end": 1568103292114,
    "duration": 22,
    "pid": 996,
    "index": 34
  },
  {
    "name": "Require(28) node_modules/_egg-jsonp@2.0.0@egg-jsonp/app/extend/context.js",
    "start": 1568103292114,
    "end": 1568103292117,
    "duration": 3,
    "pid": 996,
    "index": 35
  },
  {
    "name": "Require(29) node_modules/_egg-i18n@2.1.1@egg-i18n/app/extend/context.js",
    "start": 1568103292118,
    "end": 1568103292119,
    "duration": 1,
    "pid": 996,
    "index": 36
  },
  {
    "name": "Require(30) node_modules/_egg-multipart@2.9.0@egg-multipart/app/extend/context.js",
    "start": 1568103292120,
    "end": 1568103292194,
    "duration": 74,
    "pid": 996,
    "index": 37
  },
  {
    "name": "Require(31) node_modules/_egg-view@2.1.2@egg-view/app/extend/context.js",
    "start": 1568103292195,
    "end": 1568103292197,
    "duration": 2,
    "pid": 996,
    "index": 38
  },
  {
    "name": "Require(32) node_modules/_egg@2.23.0@egg/app/extend/context.js",
    "start": 1568103292197,
    "end": 1568103292204,
    "duration": 7,
    "pid": 996,
    "index": 39
  },
  {
    "name": "Load extend/helper.js",
    "start": 1568103292207,
    "end": 1568103292249,
    "duration": 42,
    "pid": 996,
    "index": 40
  },
  {
    "name": "Require(33) node_modules/_egg-security@2.6.1@egg-security/app/extend/helper.js",
    "start": 1568103292208,
    "end": 1568103292235,
    "duration": 27,
    "pid": 996,
    "index": 41
  },
  {
    "name": "Require(34) node_modules/_egg@2.23.0@egg/app/extend/helper.js",
    "start": 1568103292241,
    "end": 1568103292242,
    "duration": 1,
    "pid": 996,
    "index": 42
  },
  {
    "name": "Load app.js",
    "start": 1568103292250,
    "end": 1568103292332,
    "duration": 82,
    "pid": 996,
    "index": 43
  },
  {
    "name": "Require(35) node_modules/_egg-session@3.1.0@egg-session/app.js",
    "start": 1568103292250,
    "end": 1568103292251,
    "duration": 1,
    "pid": 996,
    "index": 44
  },
  {
    "name": "Require(36) node_modules/_egg-security@2.6.1@egg-security/app.js",
    "start": 1568103292252,
    "end": 1568103292257,
    "duration": 5,
    "pid": 996,
    "index": 45
  },
  {
    "name": "Require(37) node_modules/_egg-onerror@2.1.0@egg-onerror/app.js",
    "start": 1568103292258,
    "end": 1568103292283,
    "duration": 25,
    "pid": 996,
    "index": 46
  },
  {
    "name": "Require(38) node_modules/_egg-i18n@2.1.1@egg-i18n/app.js",
    "start": 1568103292283,
    "end": 1568103292302,
    "duration": 19,
    "pid": 996,
    "index": 47
  },
  {
    "name": "Require(39) node_modules/_egg-watcher@3.1.0@egg-watcher/app.js",
    "start": 1568103292303,
    "end": 1568103292313,
    "duration": 10,
    "pid": 996,
    "index": 48
  },
  {
    "name": "Require(40) node_modules/_egg-schedule@3.6.4@egg-schedule/app.js",
    "start": 1568103292314,
    "end": 1568103292319,
    "duration": 5,
    "pid": 996,
    "index": 49
  },
  {
    "name": "Require(41) node_modules/_egg-multipart@2.9.0@egg-multipart/app.js",
    "start": 1568103292319,
    "end": 1568103292325,
    "duration": 6,
    "pid": 996,
    "index": 50
  },
  {
    "name": "Require(42) node_modules/_egg-development@2.4.3@egg-development/app.js",
    "start": 1568103292326,
    "end": 1568103292327,
    "duration": 1,
    "pid": 996,
    "index": 51
  },
  {
    "name": "Require(43) node_modules/_egg-logrotator@3.1.0@egg-logrotator/app.js",
    "start": 1568103292328,
    "end": 1568103292328,
    "duration": 0,
    "pid": 996,
    "index": 52
  },
  {
    "name": "Require(44) node_modules/_egg-static@2.2.0@egg-static/app.js",
    "start": 1568103292329,
    "end": 1568103292329,
    "duration": 0,
    "pid": 996,
    "index": 53
  },
  {
    "name": "Require(45) node_modules/_egg-sequelize@5.2.0@egg-sequelize/app.js",
    "start": 1568103292330,
    "end": 1568103292330,
    "duration": 0,
    "pid": 996,
    "index": 54
  },
  {
    "name": "Before Start in node_modules/_egg-watcher@3.1.0@egg-watcher/lib/init.js:15:14",
    "start": 1568103292351,
    "end": 1568103293419,
    "duration": 1068,
    "pid": 996,
    "index": 55
  },
  {
    "name": "Load \"Symbol(model)\" to Application",
    "start": 1568103293122,
    "end": 1568103293147,
    "duration": 25,
    "pid": 996,
    "index": 56
  },
  {
    "name": "Before Start in node_modules/_egg-sequelize@5.2.0@egg-sequelize/lib/loader.js:39:7",
    "start": 1568103293155,
    "end": 1568103293453,
    "duration": 298,
    "pid": 996,
    "index": 57
  },
  {
    "name": "Load Service",
    "start": 1568103293155,
    "end": 1568103293161,
    "duration": 6,
    "pid": 996,
    "index": 58
  },
  {
    "name": "Load \"service\" to Context",
    "start": 1568103293155,
    "end": 1568103293161,
    "duration": 6,
    "pid": 996,
    "index": 59
  },
  {
    "name": "Load Middleware",
    "start": 1568103293162,
    "end": 1568103293313,
    "duration": 151,
    "pid": 996,
    "index": 60
  },
  {
    "name": "Load \"middlewares\" to Application",
    "start": 1568103293162,
    "end": 1568103293295,
    "duration": 133,
    "pid": 996,
    "index": 61
  },
  {
    "name": "Load Controller",
    "start": 1568103293313,
    "end": 1568103293317,
    "duration": 4,
    "pid": 996,
    "index": 62
  },
  {
    "name": "Load \"controller\" to Application",
    "start": 1568103293313,
    "end": 1568103293317,
    "duration": 4,
    "pid": 996,
    "index": 63
  },
  {
    "name": "Load Router",
    "start": 1568103293317,
    "end": 1568103293320,
    "duration": 3,
    "pid": 996,
    "index": 64
  },
  {
    "name": "Require(46) app/router.js",
    "start": 1568103293317,
    "end": 1568103293318,
    "duration": 1,
    "pid": 996,
    "index": 65
  },
  {
    "name": "Before Start in node_modules/_egg-core@4.17.3@egg-core/lib/egg.js:303:10",
    "start": 1568103293318,
    "end": 1568103293343,
    "duration": 25,
    "pid": 996,
    "index": 66
  }
]