[
  {
    "name": "Application Start",
    "start": 1568118318621,
    "end": 1568118319815,
    "duration": 1194,
    "pid": 2936,
    "index": 0
  },
  {
    "name": "Load Plugin",
    "start": 1568118318627,
    "end": 1568118318659,
    "duration": 32,
    "pid": 2936,
    "index": 1
  },
  {
    "name": "Load Config",
    "start": 1568118318659,
    "end": 1568118318692,
    "duration": 33,
    "pid": 2936,
    "index": 2
  },
  {
    "name": "Require(0) config/config.default.js",
    "start": 1568118318660,
    "end": 1568118318661,
    "duration": 1,
    "pid": 2936,
    "index": 3
  },
  {
    "name": "Require(1) node_modules/_egg-session@3.1.0@egg-session/config/config.default.js",
    "start": 1568118318663,
    "end": 1568118318663,
    "duration": 0,
    "pid": 2936,
    "index": 4
  },
  {
    "name": "Require(2) node_modules/_egg-security@2.6.1@egg-security/config/config.default.js",
    "start": 1568118318664,
    "end": 1568118318665,
    "duration": 1,
    "pid": 2936,
    "index": 5
  },
  {
    "name": "Require(3) node_modules/_egg-jsonp@2.0.0@egg-jsonp/config/config.default.js",
    "start": 1568118318666,
    "end": 1568118318666,
    "duration": 0,
    "pid": 2936,
    "index": 6
  },
  {
    "name": "Require(4) node_modules/_egg-onerror@2.1.0@egg-onerror/config/config.default.js",
    "start": 1568118318667,
    "end": 1568118318668,
    "duration": 1,
    "pid": 2936,
    "index": 7
  },
  {
    "name": "Require(5) node_modules/_egg-i18n@2.1.1@egg-i18n/config/config.default.js",
    "start": 1568118318668,
    "end": 1568118318669,
    "duration": 1,
    "pid": 2936,
    "index": 8
  },
  {
    "name": "Require(6) node_modules/_egg-watcher@3.1.0@egg-watcher/config/config.default.js",
    "start": 1568118318670,
    "end": 1568118318670,
    "duration": 0,
    "pid": 2936,
    "index": 9
  },
  {
    "name": "Require(7) node_modules/_egg-schedule@3.6.4@egg-schedule/config/config.default.js",
    "start": 1568118318671,
    "end": 1568118318672,
    "duration": 1,
    "pid": 2936,
    "index": 10
  },
  {
    "name": "Require(8) node_modules/_egg-multipart@2.9.0@egg-multipart/config/config.default.js",
    "start": 1568118318673,
    "end": 1568118318674,
    "duration": 1,
    "pid": 2936,
    "index": 11
  },
  {
    "name": "Require(9) node_modules/_egg-development@2.4.3@egg-development/config/config.default.js",
    "start": 1568118318676,
    "end": 1568118318676,
    "duration": 0,
    "pid": 2936,
    "index": 12
  },
  {
    "name": "Require(10) node_modules/_egg-logrotator@3.1.0@egg-logrotator/config/config.default.js",
    "start": 1568118318677,
    "end": 1568118318677,
    "duration": 0,
    "pid": 2936,
    "index": 13
  },
  {
    "name": "Require(11) node_modules/_egg-static@2.2.0@egg-static/config/config.default.js",
    "start": 1568118318678,
    "end": 1568118318678,
    "duration": 0,
    "pid": 2936,
    "index": 14
  },
  {
    "name": "Require(12) node_modules/_egg-view@2.1.2@egg-view/config/config.default.js",
    "start": 1568118318679,
    "end": 1568118318679,
    "duration": 0,
    "pid": 2936,
    "index": 15
  },
  {
    "name": "Require(13) node_modules/_egg-sequelize@5.2.0@egg-sequelize/config/config.default.js",
    "start": 1568118318680,
    "end": 1568118318681,
    "duration": 1,
    "pid": 2936,
    "index": 16
  },
  {
    "name": "Require(14) node_modules/_egg@2.23.0@egg/config/config.default.js",
    "start": 1568118318681,
    "end": 1568118318682,
    "duration": 1,
    "pid": 2936,
    "index": 17
  },
  {
    "name": "Require(15) config/config.default.js",
    "start": 1568118318685,
    "end": 1568118318685,
    "duration": 0,
    "pid": 2936,
    "index": 18
  },
  {
    "name": "Require(16) node_modules/_egg-security@2.6.1@egg-security/config/config.local.js",
    "start": 1568118318686,
    "end": 1568118318687,
    "duration": 1,
    "pid": 2936,
    "index": 19
  },
  {
    "name": "Require(17) node_modules/_egg-watcher@3.1.0@egg-watcher/config/config.local.js",
    "start": 1568118318688,
    "end": 1568118318688,
    "duration": 0,
    "pid": 2936,
    "index": 20
  },
  {
    "name": "Require(18) node_modules/_egg-view@2.1.2@egg-view/config/config.local.js",
    "start": 1568118318690,
    "end": 1568118318691,
    "duration": 1,
    "pid": 2936,
    "index": 21
  },
  {
    "name": "Require(19) node_modules/_egg@2.23.0@egg/config/config.local.js",
    "start": 1568118318691,
    "end": 1568118318692,
    "duration": 1,
    "pid": 2936,
    "index": 22
  },
  {
    "name": "Load extend/application.js",
    "start": 1568118318694,
    "end": 1568118318717,
    "duration": 23,
    "pid": 2936,
    "index": 23
  },
  {
    "name": "Require(20) node_modules/_egg-session@3.1.0@egg-session/app/extend/application.js",
    "start": 1568118318694,
    "end": 1568118318695,
    "duration": 1,
    "pid": 2936,
    "index": 24
  },
  {
    "name": "Require(21) node_modules/_egg-security@2.6.1@egg-security/app/extend/application.js",
    "start": 1568118318696,
    "end": 1568118318697,
    "duration": 1,
    "pid": 2936,
    "index": 25
  },
  {
    "name": "Require(22) node_modules/_egg-jsonp@2.0.0@egg-jsonp/app/extend/application.js",
    "start": 1568118318698,
    "end": 1568118318702,
    "duration": 4,
    "pid": 2936,
    "index": 26
  },
  {
    "name": "Require(23) node_modules/_egg-logrotator@3.1.0@egg-logrotator/app/extend/application.js",
    "start": 1568118318704,
    "end": 1568118318708,
    "duration": 4,
    "pid": 2936,
    "index": 27
  },
  {
    "name": "Require(24) node_modules/_egg-view@2.1.2@egg-view/app/extend/application.js",
    "start": 1568118318709,
    "end": 1568118318711,
    "duration": 2,
    "pid": 2936,
    "index": 28
  },
  {
    "name": "Load extend/request.js",
    "start": 1568118318717,
    "end": 1568118318728,
    "duration": 11,
    "pid": 2936,
    "index": 29
  },
  {
    "name": "Require(25) node_modules/_egg@2.23.0@egg/app/extend/request.js",
    "start": 1568118318721,
    "end": 1568118318724,
    "duration": 3,
    "pid": 2936,
    "index": 30
  },
  {
    "name": "Load extend/response.js",
    "start": 1568118318728,
    "end": 1568118318738,
    "duration": 10,
    "pid": 2936,
    "index": 31
  },
  {
    "name": "Require(26) node_modules/_egg@2.23.0@egg/app/extend/response.js",
    "start": 1568118318732,
    "end": 1568118318735,
    "duration": 3,
    "pid": 2936,
    "index": 32
  },
  {
    "name": "Load extend/context.js",
    "start": 1568118318739,
    "end": 1568118318842,
    "duration": 103,
    "pid": 2936,
    "index": 33
  },
  {
    "name": "Require(27) node_modules/_egg-security@2.6.1@egg-security/app/extend/context.js",
    "start": 1568118318739,
    "end": 1568118318758,
    "duration": 19,
    "pid": 2936,
    "index": 34
  },
  {
    "name": "Require(28) node_modules/_egg-jsonp@2.0.0@egg-jsonp/app/extend/context.js",
    "start": 1568118318759,
    "end": 1568118318761,
    "duration": 2,
    "pid": 2936,
    "index": 35
  },
  {
    "name": "Require(29) node_modules/_egg-i18n@2.1.1@egg-i18n/app/extend/context.js",
    "start": 1568118318762,
    "end": 1568118318762,
    "duration": 0,
    "pid": 2936,
    "index": 36
  },
  {
    "name": "Require(30) node_modules/_egg-multipart@2.9.0@egg-multipart/app/extend/context.js",
    "start": 1568118318764,
    "end": 1568118318833,
    "duration": 69,
    "pid": 2936,
    "index": 37
  },
  {
    "name": "Require(31) node_modules/_egg-view@2.1.2@egg-view/app/extend/context.js",
    "start": 1568118318834,
    "end": 1568118318835,
    "duration": 1,
    "pid": 2936,
    "index": 38
  },
  {
    "name": "Require(32) node_modules/_egg@2.23.0@egg/app/extend/context.js",
    "start": 1568118318836,
    "end": 1568118318839,
    "duration": 3,
    "pid": 2936,
    "index": 39
  },
  {
    "name": "Load extend/helper.js",
    "start": 1568118318842,
    "end": 1568118318877,
    "duration": 35,
    "pid": 2936,
    "index": 40
  },
  {
    "name": "Require(33) node_modules/_egg-security@2.6.1@egg-security/app/extend/helper.js",
    "start": 1568118318843,
    "end": 1568118318871,
    "duration": 28,
    "pid": 2936,
    "index": 41
  },
  {
    "name": "Require(34) node_modules/_egg@2.23.0@egg/app/extend/helper.js",
    "start": 1568118318874,
    "end": 1568118318874,
    "duration": 0,
    "pid": 2936,
    "index": 42
  },
  {
    "name": "Load app.js",
    "start": 1568118318878,
    "end": 1568118318930,
    "duration": 52,
    "pid": 2936,
    "index": 43
  },
  {
    "name": "Require(35) node_modules/_egg-session@3.1.0@egg-session/app.js",
    "start": 1568118318878,
    "end": 1568118318879,
    "duration": 1,
    "pid": 2936,
    "index": 44
  },
  {
    "name": "Require(36) node_modules/_egg-security@2.6.1@egg-security/app.js",
    "start": 1568118318879,
    "end": 1568118318882,
    "duration": 3,
    "pid": 2936,
    "index": 45
  },
  {
    "name": "Require(37) node_modules/_egg-onerror@2.1.0@egg-onerror/app.js",
    "start": 1568118318883,
    "end": 1568118318897,
    "duration": 14,
    "pid": 2936,
    "index": 46
  },
  {
    "name": "Require(38) node_modules/_egg-i18n@2.1.1@egg-i18n/app.js",
    "start": 1568118318898,
    "end": 1568118318910,
    "duration": 12,
    "pid": 2936,
    "index": 47
  },
  {
    "name": "Require(39) node_modules/_egg-watcher@3.1.0@egg-watcher/app.js",
    "start": 1568118318910,
    "end": 1568118318916,
    "duration": 6,
    "pid": 2936,
    "index": 48
  },
  {
    "name": "Require(40) node_modules/_egg-schedule@3.6.4@egg-schedule/app.js",
    "start": 1568118318916,
    "end": 1568118318920,
    "duration": 4,
    "pid": 2936,
    "index": 49
  },
  {
    "name": "Require(41) node_modules/_egg-multipart@2.9.0@egg-multipart/app.js",
    "start": 1568118318921,
    "end": 1568118318925,
    "duration": 4,
    "pid": 2936,
    "index": 50
  },
  {
    "name": "Require(42) node_modules/_egg-development@2.4.3@egg-development/app.js",
    "start": 1568118318926,
    "end": 1568118318926,
    "duration": 0,
    "pid": 2936,
    "index": 51
  },
  {
    "name": "Require(43) node_modules/_egg-logrotator@3.1.0@egg-logrotator/app.js",
    "start": 1568118318926,
    "end": 1568118318927,
    "duration": 1,
    "pid": 2936,
    "index": 52
  },
  {
    "name": "Require(44) node_modules/_egg-static@2.2.0@egg-static/app.js",
    "start": 1568118318927,
    "end": 1568118318927,
    "duration": 0,
    "pid": 2936,
    "index": 53
  },
  {
    "name": "Require(45) node_modules/_egg-sequelize@5.2.0@egg-sequelize/app.js",
    "start": 1568118318928,
    "end": 1568118318929,
    "duration": 1,
    "pid": 2936,
    "index": 54
  },
  {
    "name": "Before Start in node_modules/_egg-watcher@3.1.0@egg-watcher/lib/init.js:15:14",
    "start": 1568118318947,
    "end": 1568118319776,
    "duration": 829,
    "pid": 2936,
    "index": 55
  },
  {
    "name": "Load \"Symbol(model)\" to Application",
    "start": 1568118319524,
    "end": 1568118319551,
    "duration": 27,
    "pid": 2936,
    "index": 56
  },
  {
    "name": "Before Start in node_modules/_egg-sequelize@5.2.0@egg-sequelize/lib/loader.js:39:7",
    "start": 1568118319558,
    "end": 1568118319814,
    "duration": 256,
    "pid": 2936,
    "index": 57
  },
  {
    "name": "Load Service",
    "start": 1568118319559,
    "end": 1568118319564,
    "duration": 5,
    "pid": 2936,
    "index": 58
  },
  {
    "name": "Load \"service\" to Context",
    "start": 1568118319559,
    "end": 1568118319564,
    "duration": 5,
    "pid": 2936,
    "index": 59
  },
  {
    "name": "Load Middleware",
    "start": 1568118319564,
    "end": 1568118319692,
    "duration": 128,
    "pid": 2936,
    "index": 60
  },
  {
    "name": "Load \"middlewares\" to Application",
    "start": 1568118319564,
    "end": 1568118319675,
    "duration": 111,
    "pid": 2936,
    "index": 61
  },
  {
    "name": "Load Controller",
    "start": 1568118319692,
    "end": 1568118319696,
    "duration": 4,
    "pid": 2936,
    "index": 62
  },
  {
    "name": "Load \"controller\" to Application",
    "start": 1568118319692,
    "end": 1568118319696,
    "duration": 4,
    "pid": 2936,
    "index": 63
  },
  {
    "name": "Load Router",
    "start": 1568118319696,
    "end": 1568118319699,
    "duration": 3,
    "pid": 2936,
    "index": 64
  },
  {
    "name": "Require(46) app/router.js",
    "start": 1568118319696,
    "end": 1568118319697,
    "duration": 1,
    "pid": 2936,
    "index": 65
  },
  {
    "name": "Before Start in node_modules/_egg-core@4.17.3@egg-core/lib/egg.js:303:10",
    "start": 1568118319697,
    "end": 1568118319720,
    "duration": 23,
    "pid": 2936,
    "index": 66
  }
]