[
  {
    "name": "Application Start",
    "start": 1568117296408,
    "end": 1568117297668,
    "duration": 1260,
    "pid": 7136,
    "index": 0
  },
  {
    "name": "Load Plugin",
    "start": 1568117296415,
    "end": 1568117296443,
    "duration": 28,
    "pid": 7136,
    "index": 1
  },
  {
    "name": "Load Config",
    "start": 1568117296443,
    "end": 1568117296470,
    "duration": 27,
    "pid": 7136,
    "index": 2
  },
  {
    "name": "Require(0) config/config.default.js",
    "start": 1568117296444,
    "end": 1568117296444,
    "duration": 0,
    "pid": 7136,
    "index": 3
  },
  {
    "name": "Require(1) node_modules/_egg-session@3.1.0@egg-session/config/config.default.js",
    "start": 1568117296446,
    "end": 1568117296447,
    "duration": 1,
    "pid": 7136,
    "index": 4
  },
  {
    "name": "Require(2) node_modules/_egg-security@2.6.1@egg-security/config/config.default.js",
    "start": 1568117296447,
    "end": 1568117296448,
    "duration": 1,
    "pid": 7136,
    "index": 5
  },
  {
    "name": "Require(3) node_modules/_egg-jsonp@2.0.0@egg-jsonp/config/config.default.js",
    "start": 1568117296449,
    "end": 1568117296449,
    "duration": 0,
    "pid": 7136,
    "index": 6
  },
  {
    "name": "Require(4) node_modules/_egg-onerror@2.1.0@egg-onerror/config/config.default.js",
    "start": 1568117296450,
    "end": 1568117296450,
    "duration": 0,
    "pid": 7136,
    "index": 7
  },
  {
    "name": "Require(5) node_modules/_egg-i18n@2.1.1@egg-i18n/config/config.default.js",
    "start": 1568117296451,
    "end": 1568117296451,
    "duration": 0,
    "pid": 7136,
    "index": 8
  },
  {
    "name": "Require(6) node_modules/_egg-watcher@3.1.0@egg-watcher/config/config.default.js",
    "start": 1568117296452,
    "end": 1568117296452,
    "duration": 0,
    "pid": 7136,
    "index": 9
  },
  {
    "name": "Require(7) node_modules/_egg-schedule@3.6.4@egg-schedule/config/config.default.js",
    "start": 1568117296453,
    "end": 1568117296454,
    "duration": 1,
    "pid": 7136,
    "index": 10
  },
  {
    "name": "Require(8) node_modules/_egg-multipart@2.9.0@egg-multipart/config/config.default.js",
    "start": 1568117296455,
    "end": 1568117296455,
    "duration": 0,
    "pid": 7136,
    "index": 11
  },
  {
    "name": "Require(9) node_modules/_egg-development@2.4.3@egg-development/config/config.default.js",
    "start": 1568117296456,
    "end": 1568117296456,
    "duration": 0,
    "pid": 7136,
    "index": 12
  },
  {
    "name": "Require(10) node_modules/_egg-logrotator@3.1.0@egg-logrotator/config/config.default.js",
    "start": 1568117296457,
    "end": 1568117296457,
    "duration": 0,
    "pid": 7136,
    "index": 13
  },
  {
    "name": "Require(11) node_modules/_egg-static@2.2.0@egg-static/config/config.default.js",
    "start": 1568117296458,
    "end": 1568117296458,
    "duration": 0,
    "pid": 7136,
    "index": 14
  },
  {
    "name": "Require(12) node_modules/_egg-view@2.1.2@egg-view/config/config.default.js",
    "start": 1568117296459,
    "end": 1568117296459,
    "duration": 0,
    "pid": 7136,
    "index": 15
  },
  {
    "name": "Require(13) node_modules/_egg-sequelize@5.2.0@egg-sequelize/config/config.default.js",
    "start": 1568117296460,
    "end": 1568117296460,
    "duration": 0,
    "pid": 7136,
    "index": 16
  },
  {
    "name": "Require(14) node_modules/_egg@2.23.0@egg/config/config.default.js",
    "start": 1568117296461,
    "end": 1568117296462,
    "duration": 1,
    "pid": 7136,
    "index": 17
  },
  {
    "name": "Require(15) config/config.default.js",
    "start": 1568117296463,
    "end": 1568117296463,
    "duration": 0,
    "pid": 7136,
    "index": 18
  },
  {
    "name": "Require(16) node_modules/_egg-security@2.6.1@egg-security/config/config.local.js",
    "start": 1568117296464,
    "end": 1568117296465,
    "duration": 1,
    "pid": 7136,
    "index": 19
  },
  {
    "name": "Require(17) node_modules/_egg-watcher@3.1.0@egg-watcher/config/config.local.js",
    "start": 1568117296466,
    "end": 1568117296466,
    "duration": 0,
    "pid": 7136,
    "index": 20
  },
  {
    "name": "Require(18) node_modules/_egg-view@2.1.2@egg-view/config/config.local.js",
    "start": 1568117296468,
    "end": 1568117296468,
    "duration": 0,
    "pid": 7136,
    "index": 21
  },
  {
    "name": "Require(19) node_modules/_egg@2.23.0@egg/config/config.local.js",
    "start": 1568117296469,
    "end": 1568117296469,
    "duration": 0,
    "pid": 7136,
    "index": 22
  },
  {
    "name": "Load extend/application.js",
    "start": 1568117296472,
    "end": 1568117296492,
    "duration": 20,
    "pid": 7136,
    "index": 23
  },
  {
    "name": "Require(20) node_modules/_egg-session@3.1.0@egg-session/app/extend/application.js",
    "start": 1568117296472,
    "end": 1568117296473,
    "duration": 1,
    "pid": 7136,
    "index": 24
  },
  {
    "name": "Require(21) node_modules/_egg-security@2.6.1@egg-security/app/extend/application.js",
    "start": 1568117296474,
    "end": 1568117296475,
    "duration": 1,
    "pid": 7136,
    "index": 25
  },
  {
    "name": "Require(22) node_modules/_egg-jsonp@2.0.0@egg-jsonp/app/extend/application.js",
    "start": 1568117296475,
    "end": 1568117296478,
    "duration": 3,
    "pid": 7136,
    "index": 26
  },
  {
    "name": "Require(23) node_modules/_egg-logrotator@3.1.0@egg-logrotator/app/extend/application.js",
    "start": 1568117296480,
    "end": 1568117296484,
    "duration": 4,
    "pid": 7136,
    "index": 27
  },
  {
    "name": "Require(24) node_modules/_egg-view@2.1.2@egg-view/app/extend/application.js",
    "start": 1568117296485,
    "end": 1568117296488,
    "duration": 3,
    "pid": 7136,
    "index": 28
  },
  {
    "name": "Load extend/request.js",
    "start": 1568117296492,
    "end": 1568117296502,
    "duration": 10,
    "pid": 7136,
    "index": 29
  },
  {
    "name": "Require(25) node_modules/_egg@2.23.0@egg/app/extend/request.js",
    "start": 1568117296496,
    "end": 1568117296498,
    "duration": 2,
    "pid": 7136,
    "index": 30
  },
  {
    "name": "Load extend/response.js",
    "start": 1568117296502,
    "end": 1568117296511,
    "duration": 9,
    "pid": 7136,
    "index": 31
  },
  {
    "name": "Require(26) node_modules/_egg@2.23.0@egg/app/extend/response.js",
    "start": 1568117296505,
    "end": 1568117296508,
    "duration": 3,
    "pid": 7136,
    "index": 32
  },
  {
    "name": "Load extend/context.js",
    "start": 1568117296511,
    "end": 1568117296633,
    "duration": 122,
    "pid": 7136,
    "index": 33
  },
  {
    "name": "Require(27) node_modules/_egg-security@2.6.1@egg-security/app/extend/context.js",
    "start": 1568117296512,
    "end": 1568117296532,
    "duration": 20,
    "pid": 7136,
    "index": 34
  },
  {
    "name": "Require(28) node_modules/_egg-jsonp@2.0.0@egg-jsonp/app/extend/context.js",
    "start": 1568117296533,
    "end": 1568117296536,
    "duration": 3,
    "pid": 7136,
    "index": 35
  },
  {
    "name": "Require(29) node_modules/_egg-i18n@2.1.1@egg-i18n/app/extend/context.js",
    "start": 1568117296537,
    "end": 1568117296537,
    "duration": 0,
    "pid": 7136,
    "index": 36
  },
  {
    "name": "Require(30) node_modules/_egg-multipart@2.9.0@egg-multipart/app/extend/context.js",
    "start": 1568117296539,
    "end": 1568117296621,
    "duration": 82,
    "pid": 7136,
    "index": 37
  },
  {
    "name": "Require(31) node_modules/_egg-view@2.1.2@egg-view/app/extend/context.js",
    "start": 1568117296622,
    "end": 1568117296625,
    "duration": 3,
    "pid": 7136,
    "index": 38
  },
  {
    "name": "Require(32) node_modules/_egg@2.23.0@egg/app/extend/context.js",
    "start": 1568117296625,
    "end": 1568117296629,
    "duration": 4,
    "pid": 7136,
    "index": 39
  },
  {
    "name": "Load extend/helper.js",
    "start": 1568117296633,
    "end": 1568117296670,
    "duration": 37,
    "pid": 7136,
    "index": 40
  },
  {
    "name": "Require(33) node_modules/_egg-security@2.6.1@egg-security/app/extend/helper.js",
    "start": 1568117296634,
    "end": 1568117296663,
    "duration": 29,
    "pid": 7136,
    "index": 41
  },
  {
    "name": "Require(34) node_modules/_egg@2.23.0@egg/app/extend/helper.js",
    "start": 1568117296666,
    "end": 1568117296666,
    "duration": 0,
    "pid": 7136,
    "index": 42
  },
  {
    "name": "Load app.js",
    "start": 1568117296670,
    "end": 1568117296731,
    "duration": 61,
    "pid": 7136,
    "index": 43
  },
  {
    "name": "Require(35) node_modules/_egg-session@3.1.0@egg-session/app.js",
    "start": 1568117296671,
    "end": 1568117296672,
    "duration": 1,
    "pid": 7136,
    "index": 44
  },
  {
    "name": "Require(36) node_modules/_egg-security@2.6.1@egg-security/app.js",
    "start": 1568117296672,
    "end": 1568117296675,
    "duration": 3,
    "pid": 7136,
    "index": 45
  },
  {
    "name": "Require(37) node_modules/_egg-onerror@2.1.0@egg-onerror/app.js",
    "start": 1568117296676,
    "end": 1568117296695,
    "duration": 19,
    "pid": 7136,
    "index": 46
  },
  {
    "name": "Require(38) node_modules/_egg-i18n@2.1.1@egg-i18n/app.js",
    "start": 1568117296696,
    "end": 1568117296711,
    "duration": 15,
    "pid": 7136,
    "index": 47
  },
  {
    "name": "Require(39) node_modules/_egg-watcher@3.1.0@egg-watcher/app.js",
    "start": 1568117296711,
    "end": 1568117296718,
    "duration": 7,
    "pid": 7136,
    "index": 48
  },
  {
    "name": "Require(40) node_modules/_egg-schedule@3.6.4@egg-schedule/app.js",
    "start": 1568117296718,
    "end": 1568117296721,
    "duration": 3,
    "pid": 7136,
    "index": 49
  },
  {
    "name": "Require(41) node_modules/_egg-multipart@2.9.0@egg-multipart/app.js",
    "start": 1568117296722,
    "end": 1568117296726,
    "duration": 4,
    "pid": 7136,
    "index": 50
  },
  {
    "name": "Require(42) node_modules/_egg-development@2.4.3@egg-development/app.js",
    "start": 1568117296727,
    "end": 1568117296727,
    "duration": 0,
    "pid": 7136,
    "index": 51
  },
  {
    "name": "Require(43) node_modules/_egg-logrotator@3.1.0@egg-logrotator/app.js",
    "start": 1568117296727,
    "end": 1568117296728,
    "duration": 1,
    "pid": 7136,
    "index": 52
  },
  {
    "name": "Require(44) node_modules/_egg-static@2.2.0@egg-static/app.js",
    "start": 1568117296728,
    "end": 1568117296728,
    "duration": 0,
    "pid": 7136,
    "index": 53
  },
  {
    "name": "Require(45) node_modules/_egg-sequelize@5.2.0@egg-sequelize/app.js",
    "start": 1568117296729,
    "end": 1568117296730,
    "duration": 1,
    "pid": 7136,
    "index": 54
  },
  {
    "name": "Before Start in node_modules/_egg-watcher@3.1.0@egg-watcher/lib/init.js:15:14",
    "start": 1568117296749,
    "end": 1568117297631,
    "duration": 882,
    "pid": 7136,
    "index": 55
  },
  {
    "name": "Load \"Symbol(model)\" to Application",
    "start": 1568117297356,
    "end": 1568117297385,
    "duration": 29,
    "pid": 7136,
    "index": 56
  },
  {
    "name": "Before Start in node_modules/_egg-sequelize@5.2.0@egg-sequelize/lib/loader.js:39:7",
    "start": 1568117297395,
    "end": 1568117297667,
    "duration": 272,
    "pid": 7136,
    "index": 57
  },
  {
    "name": "Load Service",
    "start": 1568117297395,
    "end": 1568117297402,
    "duration": 7,
    "pid": 7136,
    "index": 58
  },
  {
    "name": "Load \"service\" to Context",
    "start": 1568117297395,
    "end": 1568117297402,
    "duration": 7,
    "pid": 7136,
    "index": 59
  },
  {
    "name": "Load Middleware",
    "start": 1568117297403,
    "end": 1568117297552,
    "duration": 149,
    "pid": 7136,
    "index": 60
  },
  {
    "name": "Load \"middlewares\" to Application",
    "start": 1568117297403,
    "end": 1568117297533,
    "duration": 130,
    "pid": 7136,
    "index": 61
  },
  {
    "name": "Load Controller",
    "start": 1568117297552,
    "end": 1568117297557,
    "duration": 5,
    "pid": 7136,
    "index": 62
  },
  {
    "name": "Load \"controller\" to Application",
    "start": 1568117297552,
    "end": 1568117297557,
    "duration": 5,
    "pid": 7136,
    "index": 63
  },
  {
    "name": "Load Router",
    "start": 1568117297557,
    "end": 1568117297560,
    "duration": 3,
    "pid": 7136,
    "index": 64
  },
  {
    "name": "Require(46) app/router.js",
    "start": 1568117297557,
    "end": 1568117297558,
    "duration": 1,
    "pid": 7136,
    "index": 65
  },
  {
    "name": "Before Start in node_modules/_egg-core@4.17.3@egg-core/lib/egg.js:303:10",
    "start": 1568117297558,
    "end": 1568117297583,
    "duration": 25,
    "pid": 7136,
    "index": 66
  }
]