[
  {
    "name": "Application Start",
    "start": 1568110897607,
    "end": 1568110898733,
    "duration": 1126,
    "pid": 11512,
    "index": 0
  },
  {
    "name": "Load Plugin",
    "start": 1568110897613,
    "end": 1568110897637,
    "duration": 24,
    "pid": 11512,
    "index": 1
  },
  {
    "name": "Load Config",
    "start": 1568110897638,
    "end": 1568110897664,
    "duration": 26,
    "pid": 11512,
    "index": 2
  },
  {
    "name": "Require(0) config/config.default.js",
    "start": 1568110897639,
    "end": 1568110897639,
    "duration": 0,
    "pid": 11512,
    "index": 3
  },
  {
    "name": "Require(1) node_modules/_egg-session@3.1.0@egg-session/config/config.default.js",
    "start": 1568110897642,
    "end": 1568110897642,
    "duration": 0,
    "pid": 11512,
    "index": 4
  },
  {
    "name": "Require(2) node_modules/_egg-security@2.6.1@egg-security/config/config.default.js",
    "start": 1568110897643,
    "end": 1568110897643,
    "duration": 0,
    "pid": 11512,
    "index": 5
  },
  {
    "name": "Require(3) node_modules/_egg-jsonp@2.0.0@egg-jsonp/config/config.default.js",
    "start": 1568110897644,
    "end": 1568110897645,
    "duration": 1,
    "pid": 11512,
    "index": 6
  },
  {
    "name": "Require(4) node_modules/_egg-onerror@2.1.0@egg-onerror/config/config.default.js",
    "start": 1568110897645,
    "end": 1568110897645,
    "duration": 0,
    "pid": 11512,
    "index": 7
  },
  {
    "name": "Require(5) node_modules/_egg-i18n@2.1.1@egg-i18n/config/config.default.js",
    "start": 1568110897646,
    "end": 1568110897646,
    "duration": 0,
    "pid": 11512,
    "index": 8
  },
  {
    "name": "Require(6) node_modules/_egg-watcher@3.1.0@egg-watcher/config/config.default.js",
    "start": 1568110897647,
    "end": 1568110897648,
    "duration": 1,
    "pid": 11512,
    "index": 9
  },
  {
    "name": "Require(7) node_modules/_egg-schedule@3.6.4@egg-schedule/config/config.default.js",
    "start": 1568110897648,
    "end": 1568110897649,
    "duration": 1,
    "pid": 11512,
    "index": 10
  },
  {
    "name": "Require(8) node_modules/_egg-multipart@2.9.0@egg-multipart/config/config.default.js",
    "start": 1568110897649,
    "end": 1568110897650,
    "duration": 1,
    "pid": 11512,
    "index": 11
  },
  {
    "name": "Require(9) node_modules/_egg-development@2.4.3@egg-development/config/config.default.js",
    "start": 1568110897651,
    "end": 1568110897652,
    "duration": 1,
    "pid": 11512,
    "index": 12
  },
  {
    "name": "Require(10) node_modules/_egg-logrotator@3.1.0@egg-logrotator/config/config.default.js",
    "start": 1568110897652,
    "end": 1568110897652,
    "duration": 0,
    "pid": 11512,
    "index": 13
  },
  {
    "name": "Require(11) node_modules/_egg-static@2.2.0@egg-static/config/config.default.js",
    "start": 1568110897653,
    "end": 1568110897653,
    "duration": 0,
    "pid": 11512,
    "index": 14
  },
  {
    "name": "Require(12) node_modules/_egg-view@2.1.2@egg-view/config/config.default.js",
    "start": 1568110897654,
    "end": 1568110897654,
    "duration": 0,
    "pid": 11512,
    "index": 15
  },
  {
    "name": "Require(13) node_modules/_egg-sequelize@5.2.0@egg-sequelize/config/config.default.js",
    "start": 1568110897655,
    "end": 1568110897655,
    "duration": 0,
    "pid": 11512,
    "index": 16
  },
  {
    "name": "Require(14) node_modules/_egg@2.23.0@egg/config/config.default.js",
    "start": 1568110897656,
    "end": 1568110897657,
    "duration": 1,
    "pid": 11512,
    "index": 17
  },
  {
    "name": "Require(15) config/config.default.js",
    "start": 1568110897658,
    "end": 1568110897658,
    "duration": 0,
    "pid": 11512,
    "index": 18
  },
  {
    "name": "Require(16) node_modules/_egg-security@2.6.1@egg-security/config/config.local.js",
    "start": 1568110897659,
    "end": 1568110897659,
    "duration": 0,
    "pid": 11512,
    "index": 19
  },
  {
    "name": "Require(17) node_modules/_egg-watcher@3.1.0@egg-watcher/config/config.local.js",
    "start": 1568110897661,
    "end": 1568110897661,
    "duration": 0,
    "pid": 11512,
    "index": 20
  },
  {
    "name": "Require(18) node_modules/_egg-view@2.1.2@egg-view/config/config.local.js",
    "start": 1568110897662,
    "end": 1568110897663,
    "duration": 1,
    "pid": 11512,
    "index": 21
  },
  {
    "name": "Require(19) node_modules/_egg@2.23.0@egg/config/config.local.js",
    "start": 1568110897663,
    "end": 1568110897664,
    "duration": 1,
    "pid": 11512,
    "index": 22
  },
  {
    "name": "Load extend/application.js",
    "start": 1568110897666,
    "end": 1568110897686,
    "duration": 20,
    "pid": 11512,
    "index": 23
  },
  {
    "name": "Require(20) node_modules/_egg-session@3.1.0@egg-session/app/extend/application.js",
    "start": 1568110897667,
    "end": 1568110897668,
    "duration": 1,
    "pid": 11512,
    "index": 24
  },
  {
    "name": "Require(21) node_modules/_egg-security@2.6.1@egg-security/app/extend/application.js",
    "start": 1568110897668,
    "end": 1568110897669,
    "duration": 1,
    "pid": 11512,
    "index": 25
  },
  {
    "name": "Require(22) node_modules/_egg-jsonp@2.0.0@egg-jsonp/app/extend/application.js",
    "start": 1568110897670,
    "end": 1568110897673,
    "duration": 3,
    "pid": 11512,
    "index": 26
  },
  {
    "name": "Require(23) node_modules/_egg-logrotator@3.1.0@egg-logrotator/app/extend/application.js",
    "start": 1568110897675,
    "end": 1568110897679,
    "duration": 4,
    "pid": 11512,
    "index": 27
  },
  {
    "name": "Require(24) node_modules/_egg-view@2.1.2@egg-view/app/extend/application.js",
    "start": 1568110897679,
    "end": 1568110897682,
    "duration": 3,
    "pid": 11512,
    "index": 28
  },
  {
    "name": "Load extend/request.js",
    "start": 1568110897687,
    "end": 1568110897696,
    "duration": 9,
    "pid": 11512,
    "index": 29
  },
  {
    "name": "Require(25) node_modules/_egg@2.23.0@egg/app/extend/request.js",
    "start": 1568110897690,
    "end": 1568110897692,
    "duration": 2,
    "pid": 11512,
    "index": 30
  },
  {
    "name": "Load extend/response.js",
    "start": 1568110897696,
    "end": 1568110897707,
    "duration": 11,
    "pid": 11512,
    "index": 31
  },
  {
    "name": "Require(26) node_modules/_egg@2.23.0@egg/app/extend/response.js",
    "start": 1568110897700,
    "end": 1568110897703,
    "duration": 3,
    "pid": 11512,
    "index": 32
  },
  {
    "name": "Load extend/context.js",
    "start": 1568110897707,
    "end": 1568110897816,
    "duration": 109,
    "pid": 11512,
    "index": 33
  },
  {
    "name": "Require(27) node_modules/_egg-security@2.6.1@egg-security/app/extend/context.js",
    "start": 1568110897708,
    "end": 1568110897730,
    "duration": 22,
    "pid": 11512,
    "index": 34
  },
  {
    "name": "Require(28) node_modules/_egg-jsonp@2.0.0@egg-jsonp/app/extend/context.js",
    "start": 1568110897730,
    "end": 1568110897733,
    "duration": 3,
    "pid": 11512,
    "index": 35
  },
  {
    "name": "Require(29) node_modules/_egg-i18n@2.1.1@egg-i18n/app/extend/context.js",
    "start": 1568110897734,
    "end": 1568110897734,
    "duration": 0,
    "pid": 11512,
    "index": 36
  },
  {
    "name": "Require(30) node_modules/_egg-multipart@2.9.0@egg-multipart/app/extend/context.js",
    "start": 1568110897736,
    "end": 1568110897807,
    "duration": 71,
    "pid": 11512,
    "index": 37
  },
  {
    "name": "Require(31) node_modules/_egg-view@2.1.2@egg-view/app/extend/context.js",
    "start": 1568110897808,
    "end": 1568110897809,
    "duration": 1,
    "pid": 11512,
    "index": 38
  },
  {
    "name": "Require(32) node_modules/_egg@2.23.0@egg/app/extend/context.js",
    "start": 1568110897810,
    "end": 1568110897813,
    "duration": 3,
    "pid": 11512,
    "index": 39
  },
  {
    "name": "Load extend/helper.js",
    "start": 1568110897817,
    "end": 1568110897849,
    "duration": 32,
    "pid": 11512,
    "index": 40
  },
  {
    "name": "Require(33) node_modules/_egg-security@2.6.1@egg-security/app/extend/helper.js",
    "start": 1568110897817,
    "end": 1568110897843,
    "duration": 26,
    "pid": 11512,
    "index": 41
  },
  {
    "name": "Require(34) node_modules/_egg@2.23.0@egg/app/extend/helper.js",
    "start": 1568110897845,
    "end": 1568110897846,
    "duration": 1,
    "pid": 11512,
    "index": 42
  },
  {
    "name": "Load app.js",
    "start": 1568110897850,
    "end": 1568110897902,
    "duration": 52,
    "pid": 11512,
    "index": 43
  },
  {
    "name": "Require(35) node_modules/_egg-session@3.1.0@egg-session/app.js",
    "start": 1568110897851,
    "end": 1568110897851,
    "duration": 0,
    "pid": 11512,
    "index": 44
  },
  {
    "name": "Require(36) node_modules/_egg-security@2.6.1@egg-security/app.js",
    "start": 1568110897852,
    "end": 1568110897854,
    "duration": 2,
    "pid": 11512,
    "index": 45
  },
  {
    "name": "Require(37) node_modules/_egg-onerror@2.1.0@egg-onerror/app.js",
    "start": 1568110897855,
    "end": 1568110897870,
    "duration": 15,
    "pid": 11512,
    "index": 46
  },
  {
    "name": "Require(38) node_modules/_egg-i18n@2.1.1@egg-i18n/app.js",
    "start": 1568110897871,
    "end": 1568110897882,
    "duration": 11,
    "pid": 11512,
    "index": 47
  },
  {
    "name": "Require(39) node_modules/_egg-watcher@3.1.0@egg-watcher/app.js",
    "start": 1568110897882,
    "end": 1568110897889,
    "duration": 7,
    "pid": 11512,
    "index": 48
  },
  {
    "name": "Require(40) node_modules/_egg-schedule@3.6.4@egg-schedule/app.js",
    "start": 1568110897890,
    "end": 1568110897893,
    "duration": 3,
    "pid": 11512,
    "index": 49
  },
  {
    "name": "Require(41) node_modules/_egg-multipart@2.9.0@egg-multipart/app.js",
    "start": 1568110897893,
    "end": 1568110897897,
    "duration": 4,
    "pid": 11512,
    "index": 50
  },
  {
    "name": "Require(42) node_modules/_egg-development@2.4.3@egg-development/app.js",
    "start": 1568110897898,
    "end": 1568110897898,
    "duration": 0,
    "pid": 11512,
    "index": 51
  },
  {
    "name": "Require(43) node_modules/_egg-logrotator@3.1.0@egg-logrotator/app.js",
    "start": 1568110897898,
    "end": 1568110897899,
    "duration": 1,
    "pid": 11512,
    "index": 52
  },
  {
    "name": "Require(44) node_modules/_egg-static@2.2.0@egg-static/app.js",
    "start": 1568110897899,
    "end": 1568110897900,
    "duration": 1,
    "pid": 11512,
    "index": 53
  },
  {
    "name": "Require(45) node_modules/_egg-sequelize@5.2.0@egg-sequelize/app.js",
    "start": 1568110897901,
    "end": 1568110897901,
    "duration": 0,
    "pid": 11512,
    "index": 54
  },
  {
    "name": "Before Start in node_modules/_egg-watcher@3.1.0@egg-watcher/lib/init.js:15:14",
    "start": 1568110897918,
    "end": 1568110898709,
    "duration": 791,
    "pid": 11512,
    "index": 55
  },
  {
    "name": "Load \"Symbol(model)\" to Application",
    "start": 1568110898426,
    "end": 1568110898448,
    "duration": 22,
    "pid": 11512,
    "index": 56
  },
  {
    "name": "Before Start in node_modules/_egg-sequelize@5.2.0@egg-sequelize/lib/loader.js:39:7",
    "start": 1568110898455,
    "end": 1568110898732,
    "duration": 277,
    "pid": 11512,
    "index": 57
  },
  {
    "name": "Load Service",
    "start": 1568110898455,
    "end": 1568110898460,
    "duration": 5,
    "pid": 11512,
    "index": 58
  },
  {
    "name": "Load \"service\" to Context",
    "start": 1568110898455,
    "end": 1568110898460,
    "duration": 5,
    "pid": 11512,
    "index": 59
  },
  {
    "name": "Load Middleware",
    "start": 1568110898460,
    "end": 1568110898582,
    "duration": 122,
    "pid": 11512,
    "index": 60
  },
  {
    "name": "Load \"middlewares\" to Application",
    "start": 1568110898460,
    "end": 1568110898565,
    "duration": 105,
    "pid": 11512,
    "index": 61
  },
  {
    "name": "Load Controller",
    "start": 1568110898582,
    "end": 1568110898586,
    "duration": 4,
    "pid": 11512,
    "index": 62
  },
  {
    "name": "Load \"controller\" to Application",
    "start": 1568110898582,
    "end": 1568110898586,
    "duration": 4,
    "pid": 11512,
    "index": 63
  },
  {
    "name": "Load Router",
    "start": 1568110898586,
    "end": 1568110898589,
    "duration": 3,
    "pid": 11512,
    "index": 64
  },
  {
    "name": "Require(46) app/router.js",
    "start": 1568110898586,
    "end": 1568110898587,
    "duration": 1,
    "pid": 11512,
    "index": 65
  },
  {
    "name": "Before Start in node_modules/_egg-core@4.17.3@egg-core/lib/egg.js:303:10",
    "start": 1568110898587,
    "end": 1568110898632,
    "duration": 45,
    "pid": 11512,
    "index": 66
  }
]