[
  {
    "name": "Application Start",
    "start": 1568111549482,
    "end": 1568111550686,
    "duration": 1204,
    "pid": 7620,
    "index": 0
  },
  {
    "name": "Load Plugin",
    "start": 1568111549488,
    "end": 1568111549513,
    "duration": 25,
    "pid": 7620,
    "index": 1
  },
  {
    "name": "Load Config",
    "start": 1568111549513,
    "end": 1568111549542,
    "duration": 29,
    "pid": 7620,
    "index": 2
  },
  {
    "name": "Require(0) config/config.default.js",
    "start": 1568111549514,
    "end": 1568111549515,
    "duration": 1,
    "pid": 7620,
    "index": 3
  },
  {
    "name": "Require(1) node_modules/_egg-session@3.1.0@egg-session/config/config.default.js",
    "start": 1568111549517,
    "end": 1568111549517,
    "duration": 0,
    "pid": 7620,
    "index": 4
  },
  {
    "name": "Require(2) node_modules/_egg-security@2.6.1@egg-security/config/config.default.js",
    "start": 1568111549519,
    "end": 1568111549519,
    "duration": 0,
    "pid": 7620,
    "index": 5
  },
  {
    "name": "Require(3) node_modules/_egg-jsonp@2.0.0@egg-jsonp/config/config.default.js",
    "start": 1568111549521,
    "end": 1568111549522,
    "duration": 1,
    "pid": 7620,
    "index": 6
  },
  {
    "name": "Require(4) node_modules/_egg-onerror@2.1.0@egg-onerror/config/config.default.js",
    "start": 1568111549522,
    "end": 1568111549523,
    "duration": 1,
    "pid": 7620,
    "index": 7
  },
  {
    "name": "Require(5) node_modules/_egg-i18n@2.1.1@egg-i18n/config/config.default.js",
    "start": 1568111549524,
    "end": 1568111549524,
    "duration": 0,
    "pid": 7620,
    "index": 8
  },
  {
    "name": "Require(6) node_modules/_egg-watcher@3.1.0@egg-watcher/config/config.default.js",
    "start": 1568111549525,
    "end": 1568111549525,
    "duration": 0,
    "pid": 7620,
    "index": 9
  },
  {
    "name": "Require(7) node_modules/_egg-schedule@3.6.4@egg-schedule/config/config.default.js",
    "start": 1568111549526,
    "end": 1568111549526,
    "duration": 0,
    "pid": 7620,
    "index": 10
  },
  {
    "name": "Require(8) node_modules/_egg-multipart@2.9.0@egg-multipart/config/config.default.js",
    "start": 1568111549527,
    "end": 1568111549527,
    "duration": 0,
    "pid": 7620,
    "index": 11
  },
  {
    "name": "Require(9) node_modules/_egg-development@2.4.3@egg-development/config/config.default.js",
    "start": 1568111549528,
    "end": 1568111549528,
    "duration": 0,
    "pid": 7620,
    "index": 12
  },
  {
    "name": "Require(10) node_modules/_egg-logrotator@3.1.0@egg-logrotator/config/config.default.js",
    "start": 1568111549529,
    "end": 1568111549530,
    "duration": 1,
    "pid": 7620,
    "index": 13
  },
  {
    "name": "Require(11) node_modules/_egg-static@2.2.0@egg-static/config/config.default.js",
    "start": 1568111549530,
    "end": 1568111549531,
    "duration": 1,
    "pid": 7620,
    "index": 14
  },
  {
    "name": "Require(12) node_modules/_egg-view@2.1.2@egg-view/config/config.default.js",
    "start": 1568111549531,
    "end": 1568111549532,
    "duration": 1,
    "pid": 7620,
    "index": 15
  },
  {
    "name": "Require(13) node_modules/_egg-sequelize@5.2.0@egg-sequelize/config/config.default.js",
    "start": 1568111549532,
    "end": 1568111549533,
    "duration": 1,
    "pid": 7620,
    "index": 16
  },
  {
    "name": "Require(14) node_modules/_egg@2.23.0@egg/config/config.default.js",
    "start": 1568111549533,
    "end": 1568111549534,
    "duration": 1,
    "pid": 7620,
    "index": 17
  },
  {
    "name": "Require(15) config/config.default.js",
    "start": 1568111549536,
    "end": 1568111549536,
    "duration": 0,
    "pid": 7620,
    "index": 18
  },
  {
    "name": "Require(16) node_modules/_egg-security@2.6.1@egg-security/config/config.local.js",
    "start": 1568111549537,
    "end": 1568111549537,
    "duration": 0,
    "pid": 7620,
    "index": 19
  },
  {
    "name": "Require(17) node_modules/_egg-watcher@3.1.0@egg-watcher/config/config.local.js",
    "start": 1568111549538,
    "end": 1568111549538,
    "duration": 0,
    "pid": 7620,
    "index": 20
  },
  {
    "name": "Require(18) node_modules/_egg-view@2.1.2@egg-view/config/config.local.js",
    "start": 1568111549540,
    "end": 1568111549540,
    "duration": 0,
    "pid": 7620,
    "index": 21
  },
  {
    "name": "Require(19) node_modules/_egg@2.23.0@egg/config/config.local.js",
    "start": 1568111549541,
    "end": 1568111549541,
    "duration": 0,
    "pid": 7620,
    "index": 22
  },
  {
    "name": "Load extend/application.js",
    "start": 1568111549543,
    "end": 1568111549563,
    "duration": 20,
    "pid": 7620,
    "index": 23
  },
  {
    "name": "Require(20) node_modules/_egg-session@3.1.0@egg-session/app/extend/application.js",
    "start": 1568111549544,
    "end": 1568111549545,
    "duration": 1,
    "pid": 7620,
    "index": 24
  },
  {
    "name": "Require(21) node_modules/_egg-security@2.6.1@egg-security/app/extend/application.js",
    "start": 1568111549545,
    "end": 1568111549547,
    "duration": 2,
    "pid": 7620,
    "index": 25
  },
  {
    "name": "Require(22) node_modules/_egg-jsonp@2.0.0@egg-jsonp/app/extend/application.js",
    "start": 1568111549547,
    "end": 1568111549550,
    "duration": 3,
    "pid": 7620,
    "index": 26
  },
  {
    "name": "Require(23) node_modules/_egg-logrotator@3.1.0@egg-logrotator/app/extend/application.js",
    "start": 1568111549553,
    "end": 1568111549556,
    "duration": 3,
    "pid": 7620,
    "index": 27
  },
  {
    "name": "Require(24) node_modules/_egg-view@2.1.2@egg-view/app/extend/application.js",
    "start": 1568111549557,
    "end": 1568111549559,
    "duration": 2,
    "pid": 7620,
    "index": 28
  },
  {
    "name": "Load extend/request.js",
    "start": 1568111549563,
    "end": 1568111549572,
    "duration": 9,
    "pid": 7620,
    "index": 29
  },
  {
    "name": "Require(25) node_modules/_egg@2.23.0@egg/app/extend/request.js",
    "start": 1568111549566,
    "end": 1568111549569,
    "duration": 3,
    "pid": 7620,
    "index": 30
  },
  {
    "name": "Load extend/response.js",
    "start": 1568111549572,
    "end": 1568111549582,
    "duration": 10,
    "pid": 7620,
    "index": 31
  },
  {
    "name": "Require(26) node_modules/_egg@2.23.0@egg/app/extend/response.js",
    "start": 1568111549575,
    "end": 1568111549578,
    "duration": 3,
    "pid": 7620,
    "index": 32
  },
  {
    "name": "Load extend/context.js",
    "start": 1568111549582,
    "end": 1568111549686,
    "duration": 104,
    "pid": 7620,
    "index": 33
  },
  {
    "name": "Require(27) node_modules/_egg-security@2.6.1@egg-security/app/extend/context.js",
    "start": 1568111549582,
    "end": 1568111549601,
    "duration": 19,
    "pid": 7620,
    "index": 34
  },
  {
    "name": "Require(28) node_modules/_egg-jsonp@2.0.0@egg-jsonp/app/extend/context.js",
    "start": 1568111549602,
    "end": 1568111549604,
    "duration": 2,
    "pid": 7620,
    "index": 35
  },
  {
    "name": "Require(29) node_modules/_egg-i18n@2.1.1@egg-i18n/app/extend/context.js",
    "start": 1568111549605,
    "end": 1568111549605,
    "duration": 0,
    "pid": 7620,
    "index": 36
  },
  {
    "name": "Require(30) node_modules/_egg-multipart@2.9.0@egg-multipart/app/extend/context.js",
    "start": 1568111549607,
    "end": 1568111549677,
    "duration": 70,
    "pid": 7620,
    "index": 37
  },
  {
    "name": "Require(31) node_modules/_egg-view@2.1.2@egg-view/app/extend/context.js",
    "start": 1568111549678,
    "end": 1568111549679,
    "duration": 1,
    "pid": 7620,
    "index": 38
  },
  {
    "name": "Require(32) node_modules/_egg@2.23.0@egg/app/extend/context.js",
    "start": 1568111549680,
    "end": 1568111549683,
    "duration": 3,
    "pid": 7620,
    "index": 39
  },
  {
    "name": "Load extend/helper.js",
    "start": 1568111549686,
    "end": 1568111549720,
    "duration": 34,
    "pid": 7620,
    "index": 40
  },
  {
    "name": "Require(33) node_modules/_egg-security@2.6.1@egg-security/app/extend/helper.js",
    "start": 1568111549687,
    "end": 1568111549714,
    "duration": 27,
    "pid": 7620,
    "index": 41
  },
  {
    "name": "Require(34) node_modules/_egg@2.23.0@egg/app/extend/helper.js",
    "start": 1568111549716,
    "end": 1568111549717,
    "duration": 1,
    "pid": 7620,
    "index": 42
  },
  {
    "name": "Load app.js",
    "start": 1568111549720,
    "end": 1568111549773,
    "duration": 53,
    "pid": 7620,
    "index": 43
  },
  {
    "name": "Require(35) node_modules/_egg-session@3.1.0@egg-session/app.js",
    "start": 1568111549721,
    "end": 1568111549721,
    "duration": 0,
    "pid": 7620,
    "index": 44
  },
  {
    "name": "Require(36) node_modules/_egg-security@2.6.1@egg-security/app.js",
    "start": 1568111549721,
    "end": 1568111549724,
    "duration": 3,
    "pid": 7620,
    "index": 45
  },
  {
    "name": "Require(37) node_modules/_egg-onerror@2.1.0@egg-onerror/app.js",
    "start": 1568111549725,
    "end": 1568111549741,
    "duration": 16,
    "pid": 7620,
    "index": 46
  },
  {
    "name": "Require(38) node_modules/_egg-i18n@2.1.1@egg-i18n/app.js",
    "start": 1568111549742,
    "end": 1568111549752,
    "duration": 10,
    "pid": 7620,
    "index": 47
  },
  {
    "name": "Require(39) node_modules/_egg-watcher@3.1.0@egg-watcher/app.js",
    "start": 1568111549753,
    "end": 1568111549759,
    "duration": 6,
    "pid": 7620,
    "index": 48
  },
  {
    "name": "Require(40) node_modules/_egg-schedule@3.6.4@egg-schedule/app.js",
    "start": 1568111549760,
    "end": 1568111549762,
    "duration": 2,
    "pid": 7620,
    "index": 49
  },
  {
    "name": "Require(41) node_modules/_egg-multipart@2.9.0@egg-multipart/app.js",
    "start": 1568111549763,
    "end": 1568111549767,
    "duration": 4,
    "pid": 7620,
    "index": 50
  },
  {
    "name": "Require(42) node_modules/_egg-development@2.4.3@egg-development/app.js",
    "start": 1568111549768,
    "end": 1568111549768,
    "duration": 0,
    "pid": 7620,
    "index": 51
  },
  {
    "name": "Require(43) node_modules/_egg-logrotator@3.1.0@egg-logrotator/app.js",
    "start": 1568111549768,
    "end": 1568111549769,
    "duration": 1,
    "pid": 7620,
    "index": 52
  },
  {
    "name": "Require(44) node_modules/_egg-static@2.2.0@egg-static/app.js",
    "start": 1568111549769,
    "end": 1568111549770,
    "duration": 1,
    "pid": 7620,
    "index": 53
  },
  {
    "name": "Require(45) node_modules/_egg-sequelize@5.2.0@egg-sequelize/app.js",
    "start": 1568111549771,
    "end": 1568111549771,
    "duration": 0,
    "pid": 7620,
    "index": 54
  },
  {
    "name": "Before Start in node_modules/_egg-watcher@3.1.0@egg-watcher/lib/init.js:15:14",
    "start": 1568111549789,
    "end": 1568111550645,
    "duration": 856,
    "pid": 7620,
    "index": 55
  },
  {
    "name": "Load \"Symbol(model)\" to Application",
    "start": 1568111550293,
    "end": 1568111550330,
    "duration": 37,
    "pid": 7620,
    "index": 56
  },
  {
    "name": "Before Start in node_modules/_egg-sequelize@5.2.0@egg-sequelize/lib/loader.js:39:7",
    "start": 1568111550340,
    "end": 1568111550685,
    "duration": 345,
    "pid": 7620,
    "index": 57
  },
  {
    "name": "Load Service",
    "start": 1568111550340,
    "end": 1568111550347,
    "duration": 7,
    "pid": 7620,
    "index": 58
  },
  {
    "name": "Load \"service\" to Context",
    "start": 1568111550340,
    "end": 1568111550347,
    "duration": 7,
    "pid": 7620,
    "index": 59
  },
  {
    "name": "Load Middleware",
    "start": 1568111550347,
    "end": 1568111550538,
    "duration": 191,
    "pid": 7620,
    "index": 60
  },
  {
    "name": "Load \"middlewares\" to Application",
    "start": 1568111550348,
    "end": 1568111550513,
    "duration": 165,
    "pid": 7620,
    "index": 61
  },
  {
    "name": "Load Controller",
    "start": 1568111550539,
    "end": 1568111550544,
    "duration": 5,
    "pid": 7620,
    "index": 62
  },
  {
    "name": "Load \"controller\" to Application",
    "start": 1568111550539,
    "end": 1568111550544,
    "duration": 5,
    "pid": 7620,
    "index": 63
  },
  {
    "name": "Load Router",
    "start": 1568111550544,
    "end": 1568111550549,
    "duration": 5,
    "pid": 7620,
    "index": 64
  },
  {
    "name": "Require(46) app/router.js",
    "start": 1568111550544,
    "end": 1568111550545,
    "duration": 1,
    "pid": 7620,
    "index": 65
  },
  {
    "name": "Before Start in node_modules/_egg-core@4.17.3@egg-core/lib/egg.js:303:10",
    "start": 1568111550545,
    "end": 1568111550573,
    "duration": 28,
    "pid": 7620,
    "index": 66
  }
]