[
  {
    "name": "Application Start",
    "start": 1568118414266,
    "end": 1568118415336,
    "duration": 1070,
    "pid": 13316,
    "index": 0
  },
  {
    "name": "Load Plugin",
    "start": 1568118414272,
    "end": 1568118414295,
    "duration": 23,
    "pid": 13316,
    "index": 1
  },
  {
    "name": "Load Config",
    "start": 1568118414295,
    "end": 1568118414322,
    "duration": 27,
    "pid": 13316,
    "index": 2
  },
  {
    "name": "Require(0) config/config.default.js",
    "start": 1568118414296,
    "end": 1568118414296,
    "duration": 0,
    "pid": 13316,
    "index": 3
  },
  {
    "name": "Require(1) node_modules/_egg-session@3.1.0@egg-session/config/config.default.js",
    "start": 1568118414298,
    "end": 1568118414299,
    "duration": 1,
    "pid": 13316,
    "index": 4
  },
  {
    "name": "Require(2) node_modules/_egg-security@2.6.1@egg-security/config/config.default.js",
    "start": 1568118414299,
    "end": 1568118414300,
    "duration": 1,
    "pid": 13316,
    "index": 5
  },
  {
    "name": "Require(3) node_modules/_egg-jsonp@2.0.0@egg-jsonp/config/config.default.js",
    "start": 1568118414301,
    "end": 1568118414301,
    "duration": 0,
    "pid": 13316,
    "index": 6
  },
  {
    "name": "Require(4) node_modules/_egg-onerror@2.1.0@egg-onerror/config/config.default.js",
    "start": 1568118414302,
    "end": 1568118414302,
    "duration": 0,
    "pid": 13316,
    "index": 7
  },
  {
    "name": "Require(5) node_modules/_egg-i18n@2.1.1@egg-i18n/config/config.default.js",
    "start": 1568118414303,
    "end": 1568118414303,
    "duration": 0,
    "pid": 13316,
    "index": 8
  },
  {
    "name": "Require(6) node_modules/_egg-watcher@3.1.0@egg-watcher/config/config.default.js",
    "start": 1568118414304,
    "end": 1568118414304,
    "duration": 0,
    "pid": 13316,
    "index": 9
  },
  {
    "name": "Require(7) node_modules/_egg-schedule@3.6.4@egg-schedule/config/config.default.js",
    "start": 1568118414305,
    "end": 1568118414305,
    "duration": 0,
    "pid": 13316,
    "index": 10
  },
  {
    "name": "Require(8) node_modules/_egg-multipart@2.9.0@egg-multipart/config/config.default.js",
    "start": 1568118414306,
    "end": 1568118414306,
    "duration": 0,
    "pid": 13316,
    "index": 11
  },
  {
    "name": "Require(9) node_modules/_egg-development@2.4.3@egg-development/config/config.default.js",
    "start": 1568118414307,
    "end": 1568118414307,
    "duration": 0,
    "pid": 13316,
    "index": 12
  },
  {
    "name": "Require(10) node_modules/_egg-logrotator@3.1.0@egg-logrotator/config/config.default.js",
    "start": 1568118414308,
    "end": 1568118414308,
    "duration": 0,
    "pid": 13316,
    "index": 13
  },
  {
    "name": "Require(11) node_modules/_egg-static@2.2.0@egg-static/config/config.default.js",
    "start": 1568118414309,
    "end": 1568118414309,
    "duration": 0,
    "pid": 13316,
    "index": 14
  },
  {
    "name": "Require(12) node_modules/_egg-view@2.1.2@egg-view/config/config.default.js",
    "start": 1568118414310,
    "end": 1568118414310,
    "duration": 0,
    "pid": 13316,
    "index": 15
  },
  {
    "name": "Require(13) node_modules/_egg-sequelize@5.2.0@egg-sequelize/config/config.default.js",
    "start": 1568118414311,
    "end": 1568118414311,
    "duration": 0,
    "pid": 13316,
    "index": 16
  },
  {
    "name": "Require(14) node_modules/_egg@2.23.0@egg/config/config.default.js",
    "start": 1568118414312,
    "end": 1568118414313,
    "duration": 1,
    "pid": 13316,
    "index": 17
  },
  {
    "name": "Require(15) config/config.default.js",
    "start": 1568118414314,
    "end": 1568118414314,
    "duration": 0,
    "pid": 13316,
    "index": 18
  },
  {
    "name": "Require(16) node_modules/_egg-security@2.6.1@egg-security/config/config.local.js",
    "start": 1568118414315,
    "end": 1568118414316,
    "duration": 1,
    "pid": 13316,
    "index": 19
  },
  {
    "name": "Require(17) node_modules/_egg-watcher@3.1.0@egg-watcher/config/config.local.js",
    "start": 1568118414317,
    "end": 1568118414318,
    "duration": 1,
    "pid": 13316,
    "index": 20
  },
  {
    "name": "Require(18) node_modules/_egg-view@2.1.2@egg-view/config/config.local.js",
    "start": 1568118414320,
    "end": 1568118414320,
    "duration": 0,
    "pid": 13316,
    "index": 21
  },
  {
    "name": "Require(19) node_modules/_egg@2.23.0@egg/config/config.local.js",
    "start": 1568118414321,
    "end": 1568118414322,
    "duration": 1,
    "pid": 13316,
    "index": 22
  },
  {
    "name": "Load extend/application.js",
    "start": 1568118414324,
    "end": 1568118414343,
    "duration": 19,
    "pid": 13316,
    "index": 23
  },
  {
    "name": "Require(20) node_modules/_egg-session@3.1.0@egg-session/app/extend/application.js",
    "start": 1568118414325,
    "end": 1568118414326,
    "duration": 1,
    "pid": 13316,
    "index": 24
  },
  {
    "name": "Require(21) node_modules/_egg-security@2.6.1@egg-security/app/extend/application.js",
    "start": 1568118414326,
    "end": 1568118414328,
    "duration": 2,
    "pid": 13316,
    "index": 25
  },
  {
    "name": "Require(22) node_modules/_egg-jsonp@2.0.0@egg-jsonp/app/extend/application.js",
    "start": 1568118414328,
    "end": 1568118414331,
    "duration": 3,
    "pid": 13316,
    "index": 26
  },
  {
    "name": "Require(23) node_modules/_egg-logrotator@3.1.0@egg-logrotator/app/extend/application.js",
    "start": 1568118414333,
    "end": 1568118414336,
    "duration": 3,
    "pid": 13316,
    "index": 27
  },
  {
    "name": "Require(24) node_modules/_egg-view@2.1.2@egg-view/app/extend/application.js",
    "start": 1568118414337,
    "end": 1568118414339,
    "duration": 2,
    "pid": 13316,
    "index": 28
  },
  {
    "name": "Load extend/request.js",
    "start": 1568118414343,
    "end": 1568118414351,
    "duration": 8,
    "pid": 13316,
    "index": 29
  },
  {
    "name": "Require(25) node_modules/_egg@2.23.0@egg/app/extend/request.js",
    "start": 1568118414346,
    "end": 1568118414348,
    "duration": 2,
    "pid": 13316,
    "index": 30
  },
  {
    "name": "Load extend/response.js",
    "start": 1568118414351,
    "end": 1568118414360,
    "duration": 9,
    "pid": 13316,
    "index": 31
  },
  {
    "name": "Require(26) node_modules/_egg@2.23.0@egg/app/extend/response.js",
    "start": 1568118414354,
    "end": 1568118414357,
    "duration": 3,
    "pid": 13316,
    "index": 32
  },
  {
    "name": "Load extend/context.js",
    "start": 1568118414360,
    "end": 1568118414464,
    "duration": 104,
    "pid": 13316,
    "index": 33
  },
  {
    "name": "Require(27) node_modules/_egg-security@2.6.1@egg-security/app/extend/context.js",
    "start": 1568118414361,
    "end": 1568118414380,
    "duration": 19,
    "pid": 13316,
    "index": 34
  },
  {
    "name": "Require(28) node_modules/_egg-jsonp@2.0.0@egg-jsonp/app/extend/context.js",
    "start": 1568118414381,
    "end": 1568118414383,
    "duration": 2,
    "pid": 13316,
    "index": 35
  },
  {
    "name": "Require(29) node_modules/_egg-i18n@2.1.1@egg-i18n/app/extend/context.js",
    "start": 1568118414384,
    "end": 1568118414384,
    "duration": 0,
    "pid": 13316,
    "index": 36
  },
  {
    "name": "Require(30) node_modules/_egg-multipart@2.9.0@egg-multipart/app/extend/context.js",
    "start": 1568118414385,
    "end": 1568118414456,
    "duration": 71,
    "pid": 13316,
    "index": 37
  },
  {
    "name": "Require(31) node_modules/_egg-view@2.1.2@egg-view/app/extend/context.js",
    "start": 1568118414456,
    "end": 1568118414458,
    "duration": 2,
    "pid": 13316,
    "index": 38
  },
  {
    "name": "Require(32) node_modules/_egg@2.23.0@egg/app/extend/context.js",
    "start": 1568118414458,
    "end": 1568118414461,
    "duration": 3,
    "pid": 13316,
    "index": 39
  },
  {
    "name": "Load extend/helper.js",
    "start": 1568118414465,
    "end": 1568118414497,
    "duration": 32,
    "pid": 13316,
    "index": 40
  },
  {
    "name": "Require(33) node_modules/_egg-security@2.6.1@egg-security/app/extend/helper.js",
    "start": 1568118414465,
    "end": 1568118414491,
    "duration": 26,
    "pid": 13316,
    "index": 41
  },
  {
    "name": "Require(34) node_modules/_egg@2.23.0@egg/app/extend/helper.js",
    "start": 1568118414494,
    "end": 1568118414494,
    "duration": 0,
    "pid": 13316,
    "index": 42
  },
  {
    "name": "Load app.js",
    "start": 1568118414498,
    "end": 1568118414549,
    "duration": 51,
    "pid": 13316,
    "index": 43
  },
  {
    "name": "Require(35) node_modules/_egg-session@3.1.0@egg-session/app.js",
    "start": 1568118414498,
    "end": 1568118414499,
    "duration": 1,
    "pid": 13316,
    "index": 44
  },
  {
    "name": "Require(36) node_modules/_egg-security@2.6.1@egg-security/app.js",
    "start": 1568118414500,
    "end": 1568118414502,
    "duration": 2,
    "pid": 13316,
    "index": 45
  },
  {
    "name": "Require(37) node_modules/_egg-onerror@2.1.0@egg-onerror/app.js",
    "start": 1568118414503,
    "end": 1568118414518,
    "duration": 15,
    "pid": 13316,
    "index": 46
  },
  {
    "name": "Require(38) node_modules/_egg-i18n@2.1.1@egg-i18n/app.js",
    "start": 1568118414518,
    "end": 1568118414530,
    "duration": 12,
    "pid": 13316,
    "index": 47
  },
  {
    "name": "Require(39) node_modules/_egg-watcher@3.1.0@egg-watcher/app.js",
    "start": 1568118414531,
    "end": 1568118414536,
    "duration": 5,
    "pid": 13316,
    "index": 48
  },
  {
    "name": "Require(40) node_modules/_egg-schedule@3.6.4@egg-schedule/app.js",
    "start": 1568118414537,
    "end": 1568118414540,
    "duration": 3,
    "pid": 13316,
    "index": 49
  },
  {
    "name": "Require(41) node_modules/_egg-multipart@2.9.0@egg-multipart/app.js",
    "start": 1568118414540,
    "end": 1568118414544,
    "duration": 4,
    "pid": 13316,
    "index": 50
  },
  {
    "name": "Require(42) node_modules/_egg-development@2.4.3@egg-development/app.js",
    "start": 1568118414544,
    "end": 1568118414545,
    "duration": 1,
    "pid": 13316,
    "index": 51
  },
  {
    "name": "Require(43) node_modules/_egg-logrotator@3.1.0@egg-logrotator/app.js",
    "start": 1568118414545,
    "end": 1568118414545,
    "duration": 0,
    "pid": 13316,
    "index": 52
  },
  {
    "name": "Require(44) node_modules/_egg-static@2.2.0@egg-static/app.js",
    "start": 1568118414546,
    "end": 1568118414546,
    "duration": 0,
    "pid": 13316,
    "index": 53
  },
  {
    "name": "Require(45) node_modules/_egg-sequelize@5.2.0@egg-sequelize/app.js",
    "start": 1568118414547,
    "end": 1568118414548,
    "duration": 1,
    "pid": 13316,
    "index": 54
  },
  {
    "name": "Before Start in node_modules/_egg-watcher@3.1.0@egg-watcher/lib/init.js:15:14",
    "start": 1568118414563,
    "end": 1568118415299,
    "duration": 736,
    "pid": 13316,
    "index": 55
  },
  {
    "name": "Load \"Symbol(model)\" to Application",
    "start": 1568118415055,
    "end": 1568118415083,
    "duration": 28,
    "pid": 13316,
    "index": 56
  },
  {
    "name": "Before Start in node_modules/_egg-sequelize@5.2.0@egg-sequelize/lib/loader.js:39:7",
    "start": 1568118415090,
    "end": 1568118415335,
    "duration": 245,
    "pid": 13316,
    "index": 57
  },
  {
    "name": "Load Service",
    "start": 1568118415091,
    "end": 1568118415096,
    "duration": 5,
    "pid": 13316,
    "index": 58
  },
  {
    "name": "Load \"service\" to Context",
    "start": 1568118415091,
    "end": 1568118415096,
    "duration": 5,
    "pid": 13316,
    "index": 59
  },
  {
    "name": "Load Middleware",
    "start": 1568118415097,
    "end": 1568118415218,
    "duration": 121,
    "pid": 13316,
    "index": 60
  },
  {
    "name": "Load \"middlewares\" to Application",
    "start": 1568118415097,
    "end": 1568118415203,
    "duration": 106,
    "pid": 13316,
    "index": 61
  },
  {
    "name": "Load Controller",
    "start": 1568118415218,
    "end": 1568118415222,
    "duration": 4,
    "pid": 13316,
    "index": 62
  },
  {
    "name": "Load \"controller\" to Application",
    "start": 1568118415218,
    "end": 1568118415222,
    "duration": 4,
    "pid": 13316,
    "index": 63
  },
  {
    "name": "Load Router",
    "start": 1568118415222,
    "end": 1568118415227,
    "duration": 5,
    "pid": 13316,
    "index": 64
  },
  {
    "name": "Require(46) app/router.js",
    "start": 1568118415224,
    "end": 1568118415224,
    "duration": 0,
    "pid": 13316,
    "index": 65
  },
  {
    "name": "Before Start in node_modules/_egg-core@4.17.3@egg-core/lib/egg.js:303:10",
    "start": 1568118415225,
    "end": 1568118415251,
    "duration": 26,
    "pid": 13316,
    "index": 66
  }
]