[
  {
    "name": "Application Start",
    "start": 1568110464303,
    "end": 1568110466010,
    "duration": 1707,
    "pid": 7812,
    "index": 0
  },
  {
    "name": "Load Plugin",
    "start": 1568110464313,
    "end": 1568110464354,
    "duration": 41,
    "pid": 7812,
    "index": 1
  },
  {
    "name": "Load Config",
    "start": 1568110464354,
    "end": 1568110464394,
    "duration": 40,
    "pid": 7812,
    "index": 2
  },
  {
    "name": "Require(0) config/config.default.js",
    "start": 1568110464356,
    "end": 1568110464356,
    "duration": 0,
    "pid": 7812,
    "index": 3
  },
  {
    "name": "Require(1) node_modules/_egg-session@3.1.0@egg-session/config/config.default.js",
    "start": 1568110464361,
    "end": 1568110464362,
    "duration": 1,
    "pid": 7812,
    "index": 4
  },
  {
    "name": "Require(2) node_modules/_egg-security@2.6.1@egg-security/config/config.default.js",
    "start": 1568110464363,
    "end": 1568110464363,
    "duration": 0,
    "pid": 7812,
    "index": 5
  },
  {
    "name": "Require(3) node_modules/_egg-jsonp@2.0.0@egg-jsonp/config/config.default.js",
    "start": 1568110464365,
    "end": 1568110464365,
    "duration": 0,
    "pid": 7812,
    "index": 6
  },
  {
    "name": "Require(4) node_modules/_egg-onerror@2.1.0@egg-onerror/config/config.default.js",
    "start": 1568110464366,
    "end": 1568110464366,
    "duration": 0,
    "pid": 7812,
    "index": 7
  },
  {
    "name": "Require(5) node_modules/_egg-i18n@2.1.1@egg-i18n/config/config.default.js",
    "start": 1568110464367,
    "end": 1568110464368,
    "duration": 1,
    "pid": 7812,
    "index": 8
  },
  {
    "name": "Require(6) node_modules/_egg-watcher@3.1.0@egg-watcher/config/config.default.js",
    "start": 1568110464369,
    "end": 1568110464370,
    "duration": 1,
    "pid": 7812,
    "index": 9
  },
  {
    "name": "Require(7) node_modules/_egg-schedule@3.6.4@egg-schedule/config/config.default.js",
    "start": 1568110464371,
    "end": 1568110464371,
    "duration": 0,
    "pid": 7812,
    "index": 10
  },
  {
    "name": "Require(8) node_modules/_egg-multipart@2.9.0@egg-multipart/config/config.default.js",
    "start": 1568110464372,
    "end": 1568110464373,
    "duration": 1,
    "pid": 7812,
    "index": 11
  },
  {
    "name": "Require(9) node_modules/_egg-development@2.4.3@egg-development/config/config.default.js",
    "start": 1568110464374,
    "end": 1568110464375,
    "duration": 1,
    "pid": 7812,
    "index": 12
  },
  {
    "name": "Require(10) node_modules/_egg-logrotator@3.1.0@egg-logrotator/config/config.default.js",
    "start": 1568110464375,
    "end": 1568110464376,
    "duration": 1,
    "pid": 7812,
    "index": 13
  },
  {
    "name": "Require(11) node_modules/_egg-static@2.2.0@egg-static/config/config.default.js",
    "start": 1568110464377,
    "end": 1568110464378,
    "duration": 1,
    "pid": 7812,
    "index": 14
  },
  {
    "name": "Require(12) node_modules/_egg-view@2.1.2@egg-view/config/config.default.js",
    "start": 1568110464379,
    "end": 1568110464380,
    "duration": 1,
    "pid": 7812,
    "index": 15
  },
  {
    "name": "Require(13) node_modules/_egg-sequelize@5.2.0@egg-sequelize/config/config.default.js",
    "start": 1568110464380,
    "end": 1568110464381,
    "duration": 1,
    "pid": 7812,
    "index": 16
  },
  {
    "name": "Require(14) node_modules/_egg@2.23.0@egg/config/config.default.js",
    "start": 1568110464381,
    "end": 1568110464382,
    "duration": 1,
    "pid": 7812,
    "index": 17
  },
  {
    "name": "Require(15) config/config.default.js",
    "start": 1568110464385,
    "end": 1568110464385,
    "duration": 0,
    "pid": 7812,
    "index": 18
  },
  {
    "name": "Require(16) node_modules/_egg-security@2.6.1@egg-security/config/config.local.js",
    "start": 1568110464386,
    "end": 1568110464386,
    "duration": 0,
    "pid": 7812,
    "index": 19
  },
  {
    "name": "Require(17) node_modules/_egg-watcher@3.1.0@egg-watcher/config/config.local.js",
    "start": 1568110464388,
    "end": 1568110464388,
    "duration": 0,
    "pid": 7812,
    "index": 20
  },
  {
    "name": "Require(18) node_modules/_egg-view@2.1.2@egg-view/config/config.local.js",
    "start": 1568110464391,
    "end": 1568110464392,
    "duration": 1,
    "pid": 7812,
    "index": 21
  },
  {
    "name": "Require(19) node_modules/_egg@2.23.0@egg/config/config.local.js",
    "start": 1568110464393,
    "end": 1568110464394,
    "duration": 1,
    "pid": 7812,
    "index": 22
  },
  {
    "name": "Load extend/application.js",
    "start": 1568110464397,
    "end": 1568110464426,
    "duration": 29,
    "pid": 7812,
    "index": 23
  },
  {
    "name": "Require(20) node_modules/_egg-session@3.1.0@egg-session/app/extend/application.js",
    "start": 1568110464398,
    "end": 1568110464399,
    "duration": 1,
    "pid": 7812,
    "index": 24
  },
  {
    "name": "Require(21) node_modules/_egg-security@2.6.1@egg-security/app/extend/application.js",
    "start": 1568110464400,
    "end": 1568110464402,
    "duration": 2,
    "pid": 7812,
    "index": 25
  },
  {
    "name": "Require(22) node_modules/_egg-jsonp@2.0.0@egg-jsonp/app/extend/application.js",
    "start": 1568110464403,
    "end": 1568110464407,
    "duration": 4,
    "pid": 7812,
    "index": 26
  },
  {
    "name": "Require(23) node_modules/_egg-logrotator@3.1.0@egg-logrotator/app/extend/application.js",
    "start": 1568110464410,
    "end": 1568110464415,
    "duration": 5,
    "pid": 7812,
    "index": 27
  },
  {
    "name": "Require(24) node_modules/_egg-view@2.1.2@egg-view/app/extend/application.js",
    "start": 1568110464416,
    "end": 1568110464419,
    "duration": 3,
    "pid": 7812,
    "index": 28
  },
  {
    "name": "Load extend/request.js",
    "start": 1568110464426,
    "end": 1568110464440,
    "duration": 14,
    "pid": 7812,
    "index": 29
  },
  {
    "name": "Require(25) node_modules/_egg@2.23.0@egg/app/extend/request.js",
    "start": 1568110464431,
    "end": 1568110464434,
    "duration": 3,
    "pid": 7812,
    "index": 30
  },
  {
    "name": "Load extend/response.js",
    "start": 1568110464440,
    "end": 1568110464457,
    "duration": 17,
    "pid": 7812,
    "index": 31
  },
  {
    "name": "Require(26) node_modules/_egg@2.23.0@egg/app/extend/response.js",
    "start": 1568110464446,
    "end": 1568110464451,
    "duration": 5,
    "pid": 7812,
    "index": 32
  },
  {
    "name": "Load extend/context.js",
    "start": 1568110464457,
    "end": 1568110464624,
    "duration": 167,
    "pid": 7812,
    "index": 33
  },
  {
    "name": "Require(27) node_modules/_egg-security@2.6.1@egg-security/app/extend/context.js",
    "start": 1568110464458,
    "end": 1568110464487,
    "duration": 29,
    "pid": 7812,
    "index": 34
  },
  {
    "name": "Require(28) node_modules/_egg-jsonp@2.0.0@egg-jsonp/app/extend/context.js",
    "start": 1568110464488,
    "end": 1568110464492,
    "duration": 4,
    "pid": 7812,
    "index": 35
  },
  {
    "name": "Require(29) node_modules/_egg-i18n@2.1.1@egg-i18n/app/extend/context.js",
    "start": 1568110464494,
    "end": 1568110464495,
    "duration": 1,
    "pid": 7812,
    "index": 36
  },
  {
    "name": "Require(30) node_modules/_egg-multipart@2.9.0@egg-multipart/app/extend/context.js",
    "start": 1568110464497,
    "end": 1568110464604,
    "duration": 107,
    "pid": 7812,
    "index": 37
  },
  {
    "name": "Require(31) node_modules/_egg-view@2.1.2@egg-view/app/extend/context.js",
    "start": 1568110464606,
    "end": 1568110464608,
    "duration": 2,
    "pid": 7812,
    "index": 38
  },
  {
    "name": "Require(32) node_modules/_egg@2.23.0@egg/app/extend/context.js",
    "start": 1568110464610,
    "end": 1568110464618,
    "duration": 8,
    "pid": 7812,
    "index": 39
  },
  {
    "name": "Load extend/helper.js",
    "start": 1568110464624,
    "end": 1568110464677,
    "duration": 53,
    "pid": 7812,
    "index": 40
  },
  {
    "name": "Require(33) node_modules/_egg-security@2.6.1@egg-security/app/extend/helper.js",
    "start": 1568110464626,
    "end": 1568110464666,
    "duration": 40,
    "pid": 7812,
    "index": 41
  },
  {
    "name": "Require(34) node_modules/_egg@2.23.0@egg/app/extend/helper.js",
    "start": 1568110464671,
    "end": 1568110464671,
    "duration": 0,
    "pid": 7812,
    "index": 42
  },
  {
    "name": "Load app.js",
    "start": 1568110464678,
    "end": 1568110464767,
    "duration": 89,
    "pid": 7812,
    "index": 43
  },
  {
    "name": "Require(35) node_modules/_egg-session@3.1.0@egg-session/app.js",
    "start": 1568110464678,
    "end": 1568110464679,
    "duration": 1,
    "pid": 7812,
    "index": 44
  },
  {
    "name": "Require(36) node_modules/_egg-security@2.6.1@egg-security/app.js",
    "start": 1568110464679,
    "end": 1568110464682,
    "duration": 3,
    "pid": 7812,
    "index": 45
  },
  {
    "name": "Require(37) node_modules/_egg-onerror@2.1.0@egg-onerror/app.js",
    "start": 1568110464684,
    "end": 1568110464706,
    "duration": 22,
    "pid": 7812,
    "index": 46
  },
  {
    "name": "Require(38) node_modules/_egg-i18n@2.1.1@egg-i18n/app.js",
    "start": 1568110464707,
    "end": 1568110464728,
    "duration": 21,
    "pid": 7812,
    "index": 47
  },
  {
    "name": "Require(39) node_modules/_egg-watcher@3.1.0@egg-watcher/app.js",
    "start": 1568110464729,
    "end": 1568110464740,
    "duration": 11,
    "pid": 7812,
    "index": 48
  },
  {
    "name": "Require(40) node_modules/_egg-schedule@3.6.4@egg-schedule/app.js",
    "start": 1568110464740,
    "end": 1568110464745,
    "duration": 5,
    "pid": 7812,
    "index": 49
  },
  {
    "name": "Require(41) node_modules/_egg-multipart@2.9.0@egg-multipart/app.js",
    "start": 1568110464747,
    "end": 1568110464757,
    "duration": 10,
    "pid": 7812,
    "index": 50
  },
  {
    "name": "Require(42) node_modules/_egg-development@2.4.3@egg-development/app.js",
    "start": 1568110464758,
    "end": 1568110464758,
    "duration": 0,
    "pid": 7812,
    "index": 51
  },
  {
    "name": "Require(43) node_modules/_egg-logrotator@3.1.0@egg-logrotator/app.js",
    "start": 1568110464760,
    "end": 1568110464761,
    "duration": 1,
    "pid": 7812,
    "index": 52
  },
  {
    "name": "Require(44) node_modules/_egg-static@2.2.0@egg-static/app.js",
    "start": 1568110464762,
    "end": 1568110464763,
    "duration": 1,
    "pid": 7812,
    "index": 53
  },
  {
    "name": "Require(45) node_modules/_egg-sequelize@5.2.0@egg-sequelize/app.js",
    "start": 1568110464765,
    "end": 1568110464765,
    "duration": 0,
    "pid": 7812,
    "index": 54
  },
  {
    "name": "Before Start in node_modules/_egg-watcher@3.1.0@egg-watcher/lib/init.js:15:14",
    "start": 1568110464793,
    "end": 1568110465952,
    "duration": 1159,
    "pid": 7812,
    "index": 55
  },
  {
    "name": "Load \"Symbol(model)\" to Application",
    "start": 1568110465607,
    "end": 1568110465644,
    "duration": 37,
    "pid": 7812,
    "index": 56
  },
  {
    "name": "Before Start in node_modules/_egg-sequelize@5.2.0@egg-sequelize/lib/loader.js:39:7",
    "start": 1568110465656,
    "end": 1568110466010,
    "duration": 354,
    "pid": 7812,
    "index": 57
  },
  {
    "name": "Load Service",
    "start": 1568110465656,
    "end": 1568110465665,
    "duration": 9,
    "pid": 7812,
    "index": 58
  },
  {
    "name": "Load \"service\" to Context",
    "start": 1568110465657,
    "end": 1568110465665,
    "duration": 8,
    "pid": 7812,
    "index": 59
  },
  {
    "name": "Load Middleware",
    "start": 1568110465665,
    "end": 1568110465843,
    "duration": 178,
    "pid": 7812,
    "index": 60
  },
  {
    "name": "Load \"middlewares\" to Application",
    "start": 1568110465665,
    "end": 1568110465819,
    "duration": 154,
    "pid": 7812,
    "index": 61
  },
  {
    "name": "Load Controller",
    "start": 1568110465843,
    "end": 1568110465849,
    "duration": 6,
    "pid": 7812,
    "index": 62
  },
  {
    "name": "Load \"controller\" to Application",
    "start": 1568110465843,
    "end": 1568110465849,
    "duration": 6,
    "pid": 7812,
    "index": 63
  },
  {
    "name": "Load Router",
    "start": 1568110465849,
    "end": 1568110465854,
    "duration": 5,
    "pid": 7812,
    "index": 64
  },
  {
    "name": "Require(46) app/router.js",
    "start": 1568110465850,
    "end": 1568110465850,
    "duration": 0,
    "pid": 7812,
    "index": 65
  },
  {
    "name": "Before Start in node_modules/_egg-core@4.17.3@egg-core/lib/egg.js:303:10",
    "start": 1568110465851,
    "end": 1568110465887,
    "duration": 36,
    "pid": 7812,
    "index": 66
  }
]