[
  {
    "name": "Application Start",
    "start": 1568084365316,
    "end": 1568084366475,
    "duration": 1159,
    "pid": 8616,
    "index": 0
  },
  {
    "name": "Load Plugin",
    "start": 1568084365322,
    "end": 1568084365352,
    "duration": 30,
    "pid": 8616,
    "index": 1
  },
  {
    "name": "Load Config",
    "start": 1568084365352,
    "end": 1568084365380,
    "duration": 28,
    "pid": 8616,
    "index": 2
  },
  {
    "name": "Require(0) config/config.default.js",
    "start": 1568084365353,
    "end": 1568084365354,
    "duration": 1,
    "pid": 8616,
    "index": 3
  },
  {
    "name": "Require(1) node_modules/_egg-session@3.1.0@egg-session/config/config.default.js",
    "start": 1568084365356,
    "end": 1568084365356,
    "duration": 0,
    "pid": 8616,
    "index": 4
  },
  {
    "name": "Require(2) node_modules/_egg-security@2.6.1@egg-security/config/config.default.js",
    "start": 1568084365357,
    "end": 1568084365357,
    "duration": 0,
    "pid": 8616,
    "index": 5
  },
  {
    "name": "Require(3) node_modules/_egg-jsonp@2.0.0@egg-jsonp/config/config.default.js",
    "start": 1568084365359,
    "end": 1568084365359,
    "duration": 0,
    "pid": 8616,
    "index": 6
  },
  {
    "name": "Require(4) node_modules/_egg-onerror@2.1.0@egg-onerror/config/config.default.js",
    "start": 1568084365360,
    "end": 1568084365360,
    "duration": 0,
    "pid": 8616,
    "index": 7
  },
  {
    "name": "Require(5) node_modules/_egg-i18n@2.1.1@egg-i18n/config/config.default.js",
    "start": 1568084365361,
    "end": 1568084365361,
    "duration": 0,
    "pid": 8616,
    "index": 8
  },
  {
    "name": "Require(6) node_modules/_egg-watcher@3.1.0@egg-watcher/config/config.default.js",
    "start": 1568084365362,
    "end": 1568084365362,
    "duration": 0,
    "pid": 8616,
    "index": 9
  },
  {
    "name": "Require(7) node_modules/_egg-schedule@3.6.4@egg-schedule/config/config.default.js",
    "start": 1568084365363,
    "end": 1568084365363,
    "duration": 0,
    "pid": 8616,
    "index": 10
  },
  {
    "name": "Require(8) node_modules/_egg-multipart@2.9.0@egg-multipart/config/config.default.js",
    "start": 1568084365364,
    "end": 1568084365364,
    "duration": 0,
    "pid": 8616,
    "index": 11
  },
  {
    "name": "Require(9) node_modules/_egg-development@2.4.3@egg-development/config/config.default.js",
    "start": 1568084365365,
    "end": 1568084365366,
    "duration": 1,
    "pid": 8616,
    "index": 12
  },
  {
    "name": "Require(10) node_modules/_egg-logrotator@3.1.0@egg-logrotator/config/config.default.js",
    "start": 1568084365366,
    "end": 1568084365367,
    "duration": 1,
    "pid": 8616,
    "index": 13
  },
  {
    "name": "Require(11) node_modules/_egg-static@2.2.0@egg-static/config/config.default.js",
    "start": 1568084365367,
    "end": 1568084365368,
    "duration": 1,
    "pid": 8616,
    "index": 14
  },
  {
    "name": "Require(12) node_modules/_egg-view@2.1.2@egg-view/config/config.default.js",
    "start": 1568084365368,
    "end": 1568084365369,
    "duration": 1,
    "pid": 8616,
    "index": 15
  },
  {
    "name": "Require(13) node_modules/_egg-sequelize@5.2.0@egg-sequelize/config/config.default.js",
    "start": 1568084365370,
    "end": 1568084365370,
    "duration": 0,
    "pid": 8616,
    "index": 16
  },
  {
    "name": "Require(14) node_modules/_egg@2.23.0@egg/config/config.default.js",
    "start": 1568084365370,
    "end": 1568084365371,
    "duration": 1,
    "pid": 8616,
    "index": 17
  },
  {
    "name": "Require(15) config/config.default.js",
    "start": 1568084365373,
    "end": 1568084365373,
    "duration": 0,
    "pid": 8616,
    "index": 18
  },
  {
    "name": "Require(16) node_modules/_egg-security@2.6.1@egg-security/config/config.local.js",
    "start": 1568084365375,
    "end": 1568084365375,
    "duration": 0,
    "pid": 8616,
    "index": 19
  },
  {
    "name": "Require(17) node_modules/_egg-watcher@3.1.0@egg-watcher/config/config.local.js",
    "start": 1568084365376,
    "end": 1568084365377,
    "duration": 1,
    "pid": 8616,
    "index": 20
  },
  {
    "name": "Require(18) node_modules/_egg-view@2.1.2@egg-view/config/config.local.js",
    "start": 1568084365378,
    "end": 1568084365378,
    "duration": 0,
    "pid": 8616,
    "index": 21
  },
  {
    "name": "Require(19) node_modules/_egg@2.23.0@egg/config/config.local.js",
    "start": 1568084365379,
    "end": 1568084365380,
    "duration": 1,
    "pid": 8616,
    "index": 22
  },
  {
    "name": "Load extend/application.js",
    "start": 1568084365382,
    "end": 1568084365401,
    "duration": 19,
    "pid": 8616,
    "index": 23
  },
  {
    "name": "Require(20) node_modules/_egg-session@3.1.0@egg-session/app/extend/application.js",
    "start": 1568084365382,
    "end": 1568084365383,
    "duration": 1,
    "pid": 8616,
    "index": 24
  },
  {
    "name": "Require(21) node_modules/_egg-security@2.6.1@egg-security/app/extend/application.js",
    "start": 1568084365384,
    "end": 1568084365385,
    "duration": 1,
    "pid": 8616,
    "index": 25
  },
  {
    "name": "Require(22) node_modules/_egg-jsonp@2.0.0@egg-jsonp/app/extend/application.js",
    "start": 1568084365386,
    "end": 1568084365388,
    "duration": 2,
    "pid": 8616,
    "index": 26
  },
  {
    "name": "Require(23) node_modules/_egg-logrotator@3.1.0@egg-logrotator/app/extend/application.js",
    "start": 1568084365390,
    "end": 1568084365394,
    "duration": 4,
    "pid": 8616,
    "index": 27
  },
  {
    "name": "Require(24) node_modules/_egg-view@2.1.2@egg-view/app/extend/application.js",
    "start": 1568084365395,
    "end": 1568084365398,
    "duration": 3,
    "pid": 8616,
    "index": 28
  },
  {
    "name": "Load extend/request.js",
    "start": 1568084365401,
    "end": 1568084365410,
    "duration": 9,
    "pid": 8616,
    "index": 29
  },
  {
    "name": "Require(25) node_modules/_egg@2.23.0@egg/app/extend/request.js",
    "start": 1568084365404,
    "end": 1568084365406,
    "duration": 2,
    "pid": 8616,
    "index": 30
  },
  {
    "name": "Load extend/response.js",
    "start": 1568084365410,
    "end": 1568084365420,
    "duration": 10,
    "pid": 8616,
    "index": 31
  },
  {
    "name": "Require(26) node_modules/_egg@2.23.0@egg/app/extend/response.js",
    "start": 1568084365413,
    "end": 1568084365416,
    "duration": 3,
    "pid": 8616,
    "index": 32
  },
  {
    "name": "Load extend/context.js",
    "start": 1568084365420,
    "end": 1568084365543,
    "duration": 123,
    "pid": 8616,
    "index": 33
  },
  {
    "name": "Require(27) node_modules/_egg-security@2.6.1@egg-security/app/extend/context.js",
    "start": 1568084365421,
    "end": 1568084365447,
    "duration": 26,
    "pid": 8616,
    "index": 34
  },
  {
    "name": "Require(28) node_modules/_egg-jsonp@2.0.0@egg-jsonp/app/extend/context.js",
    "start": 1568084365448,
    "end": 1568084365450,
    "duration": 2,
    "pid": 8616,
    "index": 35
  },
  {
    "name": "Require(29) node_modules/_egg-i18n@2.1.1@egg-i18n/app/extend/context.js",
    "start": 1568084365451,
    "end": 1568084365451,
    "duration": 0,
    "pid": 8616,
    "index": 36
  },
  {
    "name": "Require(30) node_modules/_egg-multipart@2.9.0@egg-multipart/app/extend/context.js",
    "start": 1568084365453,
    "end": 1568084365531,
    "duration": 78,
    "pid": 8616,
    "index": 37
  },
  {
    "name": "Require(31) node_modules/_egg-view@2.1.2@egg-view/app/extend/context.js",
    "start": 1568084365532,
    "end": 1568084365533,
    "duration": 1,
    "pid": 8616,
    "index": 38
  },
  {
    "name": "Require(32) node_modules/_egg@2.23.0@egg/app/extend/context.js",
    "start": 1568084365534,
    "end": 1568084365539,
    "duration": 5,
    "pid": 8616,
    "index": 39
  },
  {
    "name": "Load extend/helper.js",
    "start": 1568084365543,
    "end": 1568084365578,
    "duration": 35,
    "pid": 8616,
    "index": 40
  },
  {
    "name": "Require(33) node_modules/_egg-security@2.6.1@egg-security/app/extend/helper.js",
    "start": 1568084365544,
    "end": 1568084365571,
    "duration": 27,
    "pid": 8616,
    "index": 41
  },
  {
    "name": "Require(34) node_modules/_egg@2.23.0@egg/app/extend/helper.js",
    "start": 1568084365574,
    "end": 1568084365575,
    "duration": 1,
    "pid": 8616,
    "index": 42
  },
  {
    "name": "Load app.js",
    "start": 1568084365579,
    "end": 1568084365632,
    "duration": 53,
    "pid": 8616,
    "index": 43
  },
  {
    "name": "Require(35) node_modules/_egg-session@3.1.0@egg-session/app.js",
    "start": 1568084365579,
    "end": 1568084365580,
    "duration": 1,
    "pid": 8616,
    "index": 44
  },
  {
    "name": "Require(36) node_modules/_egg-security@2.6.1@egg-security/app.js",
    "start": 1568084365580,
    "end": 1568084365583,
    "duration": 3,
    "pid": 8616,
    "index": 45
  },
  {
    "name": "Require(37) node_modules/_egg-onerror@2.1.0@egg-onerror/app.js",
    "start": 1568084365584,
    "end": 1568084365599,
    "duration": 15,
    "pid": 8616,
    "index": 46
  },
  {
    "name": "Require(38) node_modules/_egg-i18n@2.1.1@egg-i18n/app.js",
    "start": 1568084365600,
    "end": 1568084365612,
    "duration": 12,
    "pid": 8616,
    "index": 47
  },
  {
    "name": "Require(39) node_modules/_egg-watcher@3.1.0@egg-watcher/app.js",
    "start": 1568084365612,
    "end": 1568084365619,
    "duration": 7,
    "pid": 8616,
    "index": 48
  },
  {
    "name": "Require(40) node_modules/_egg-schedule@3.6.4@egg-schedule/app.js",
    "start": 1568084365619,
    "end": 1568084365622,
    "duration": 3,
    "pid": 8616,
    "index": 49
  },
  {
    "name": "Require(41) node_modules/_egg-multipart@2.9.0@egg-multipart/app.js",
    "start": 1568084365623,
    "end": 1568084365627,
    "duration": 4,
    "pid": 8616,
    "index": 50
  },
  {
    "name": "Require(42) node_modules/_egg-development@2.4.3@egg-development/app.js",
    "start": 1568084365628,
    "end": 1568084365628,
    "duration": 0,
    "pid": 8616,
    "index": 51
  },
  {
    "name": "Require(43) node_modules/_egg-logrotator@3.1.0@egg-logrotator/app.js",
    "start": 1568084365629,
    "end": 1568084365629,
    "duration": 0,
    "pid": 8616,
    "index": 52
  },
  {
    "name": "Require(44) node_modules/_egg-static@2.2.0@egg-static/app.js",
    "start": 1568084365629,
    "end": 1568084365630,
    "duration": 1,
    "pid": 8616,
    "index": 53
  },
  {
    "name": "Require(45) node_modules/_egg-sequelize@5.2.0@egg-sequelize/app.js",
    "start": 1568084365631,
    "end": 1568084365631,
    "duration": 0,
    "pid": 8616,
    "index": 54
  },
  {
    "name": "Before Start in node_modules/_egg-watcher@3.1.0@egg-watcher/lib/init.js:15:14",
    "start": 1568084365647,
    "end": 1568084366443,
    "duration": 796,
    "pid": 8616,
    "index": 55
  },
  {
    "name": "Load \"Symbol(model)\" to Application",
    "start": 1568084366191,
    "end": 1568084366203,
    "duration": 12,
    "pid": 8616,
    "index": 56
  },
  {
    "name": "Before Start in node_modules/_egg-sequelize@5.2.0@egg-sequelize/lib/loader.js:39:7",
    "start": 1568084366203,
    "end": 1568084366474,
    "duration": 271,
    "pid": 8616,
    "index": 57
  },
  {
    "name": "Load Service",
    "start": 1568084366203,
    "end": 1568084366208,
    "duration": 5,
    "pid": 8616,
    "index": 58
  },
  {
    "name": "Load \"service\" to Context",
    "start": 1568084366203,
    "end": 1568084366208,
    "duration": 5,
    "pid": 8616,
    "index": 59
  },
  {
    "name": "Load Middleware",
    "start": 1568084366208,
    "end": 1568084366353,
    "duration": 145,
    "pid": 8616,
    "index": 60
  },
  {
    "name": "Load \"middlewares\" to Application",
    "start": 1568084366209,
    "end": 1568084366335,
    "duration": 126,
    "pid": 8616,
    "index": 61
  },
  {
    "name": "Load Controller",
    "start": 1568084366353,
    "end": 1568084366356,
    "duration": 3,
    "pid": 8616,
    "index": 62
  },
  {
    "name": "Load \"controller\" to Application",
    "start": 1568084366353,
    "end": 1568084366356,
    "duration": 3,
    "pid": 8616,
    "index": 63
  },
  {
    "name": "Load Router",
    "start": 1568084366356,
    "end": 1568084366360,
    "duration": 4,
    "pid": 8616,
    "index": 64
  },
  {
    "name": "Require(46) app/router.js",
    "start": 1568084366357,
    "end": 1568084366357,
    "duration": 0,
    "pid": 8616,
    "index": 65
  },
  {
    "name": "Before Start in node_modules/_egg-core@4.17.3@egg-core/lib/egg.js:303:10",
    "start": 1568084366358,
    "end": 1568084366386,
    "duration": 28,
    "pid": 8616,
    "index": 66
  }
]