[
  {
    "name": "Application Start",
    "start": 1568103456606,
    "end": 1568103457860,
    "duration": 1254,
    "pid": 13140,
    "index": 0
  },
  {
    "name": "Load Plugin",
    "start": 1568103456618,
    "end": 1568103456645,
    "duration": 27,
    "pid": 13140,
    "index": 1
  },
  {
    "name": "Load Config",
    "start": 1568103456645,
    "end": 1568103456672,
    "duration": 27,
    "pid": 13140,
    "index": 2
  },
  {
    "name": "Require(0) config/config.default.js",
    "start": 1568103456646,
    "end": 1568103456646,
    "duration": 0,
    "pid": 13140,
    "index": 3
  },
  {
    "name": "Require(1) node_modules/_egg-session@3.1.0@egg-session/config/config.default.js",
    "start": 1568103456648,
    "end": 1568103456648,
    "duration": 0,
    "pid": 13140,
    "index": 4
  },
  {
    "name": "Require(2) node_modules/_egg-security@2.6.1@egg-security/config/config.default.js",
    "start": 1568103456649,
    "end": 1568103456649,
    "duration": 0,
    "pid": 13140,
    "index": 5
  },
  {
    "name": "Require(3) node_modules/_egg-jsonp@2.0.0@egg-jsonp/config/config.default.js",
    "start": 1568103456651,
    "end": 1568103456651,
    "duration": 0,
    "pid": 13140,
    "index": 6
  },
  {
    "name": "Require(4) node_modules/_egg-onerror@2.1.0@egg-onerror/config/config.default.js",
    "start": 1568103456652,
    "end": 1568103456652,
    "duration": 0,
    "pid": 13140,
    "index": 7
  },
  {
    "name": "Require(5) node_modules/_egg-i18n@2.1.1@egg-i18n/config/config.default.js",
    "start": 1568103456653,
    "end": 1568103456653,
    "duration": 0,
    "pid": 13140,
    "index": 8
  },
  {
    "name": "Require(6) node_modules/_egg-watcher@3.1.0@egg-watcher/config/config.default.js",
    "start": 1568103456654,
    "end": 1568103456654,
    "duration": 0,
    "pid": 13140,
    "index": 9
  },
  {
    "name": "Require(7) node_modules/_egg-schedule@3.6.4@egg-schedule/config/config.default.js",
    "start": 1568103456655,
    "end": 1568103456655,
    "duration": 0,
    "pid": 13140,
    "index": 10
  },
  {
    "name": "Require(8) node_modules/_egg-multipart@2.9.0@egg-multipart/config/config.default.js",
    "start": 1568103456656,
    "end": 1568103456656,
    "duration": 0,
    "pid": 13140,
    "index": 11
  },
  {
    "name": "Require(9) node_modules/_egg-development@2.4.3@egg-development/config/config.default.js",
    "start": 1568103456657,
    "end": 1568103456658,
    "duration": 1,
    "pid": 13140,
    "index": 12
  },
  {
    "name": "Require(10) node_modules/_egg-logrotator@3.1.0@egg-logrotator/config/config.default.js",
    "start": 1568103456658,
    "end": 1568103456659,
    "duration": 1,
    "pid": 13140,
    "index": 13
  },
  {
    "name": "Require(11) node_modules/_egg-static@2.2.0@egg-static/config/config.default.js",
    "start": 1568103456659,
    "end": 1568103456660,
    "duration": 1,
    "pid": 13140,
    "index": 14
  },
  {
    "name": "Require(12) node_modules/_egg-view@2.1.2@egg-view/config/config.default.js",
    "start": 1568103456660,
    "end": 1568103456661,
    "duration": 1,
    "pid": 13140,
    "index": 15
  },
  {
    "name": "Require(13) node_modules/_egg-sequelize@5.2.0@egg-sequelize/config/config.default.js",
    "start": 1568103456662,
    "end": 1568103456662,
    "duration": 0,
    "pid": 13140,
    "index": 16
  },
  {
    "name": "Require(14) node_modules/_egg@2.23.0@egg/config/config.default.js",
    "start": 1568103456663,
    "end": 1568103456664,
    "duration": 1,
    "pid": 13140,
    "index": 17
  },
  {
    "name": "Require(15) config/config.default.js",
    "start": 1568103456665,
    "end": 1568103456665,
    "duration": 0,
    "pid": 13140,
    "index": 18
  },
  {
    "name": "Require(16) node_modules/_egg-security@2.6.1@egg-security/config/config.local.js",
    "start": 1568103456666,
    "end": 1568103456666,
    "duration": 0,
    "pid": 13140,
    "index": 19
  },
  {
    "name": "Require(17) node_modules/_egg-watcher@3.1.0@egg-watcher/config/config.local.js",
    "start": 1568103456668,
    "end": 1568103456668,
    "duration": 0,
    "pid": 13140,
    "index": 20
  },
  {
    "name": "Require(18) node_modules/_egg-view@2.1.2@egg-view/config/config.local.js",
    "start": 1568103456670,
    "end": 1568103456671,
    "duration": 1,
    "pid": 13140,
    "index": 21
  },
  {
    "name": "Require(19) node_modules/_egg@2.23.0@egg/config/config.local.js",
    "start": 1568103456672,
    "end": 1568103456672,
    "duration": 0,
    "pid": 13140,
    "index": 22
  },
  {
    "name": "Load extend/application.js",
    "start": 1568103456674,
    "end": 1568103456694,
    "duration": 20,
    "pid": 13140,
    "index": 23
  },
  {
    "name": "Require(20) node_modules/_egg-session@3.1.0@egg-session/app/extend/application.js",
    "start": 1568103456675,
    "end": 1568103456675,
    "duration": 0,
    "pid": 13140,
    "index": 24
  },
  {
    "name": "Require(21) node_modules/_egg-security@2.6.1@egg-security/app/extend/application.js",
    "start": 1568103456676,
    "end": 1568103456677,
    "duration": 1,
    "pid": 13140,
    "index": 25
  },
  {
    "name": "Require(22) node_modules/_egg-jsonp@2.0.0@egg-jsonp/app/extend/application.js",
    "start": 1568103456678,
    "end": 1568103456681,
    "duration": 3,
    "pid": 13140,
    "index": 26
  },
  {
    "name": "Require(23) node_modules/_egg-logrotator@3.1.0@egg-logrotator/app/extend/application.js",
    "start": 1568103456683,
    "end": 1568103456686,
    "duration": 3,
    "pid": 13140,
    "index": 27
  },
  {
    "name": "Require(24) node_modules/_egg-view@2.1.2@egg-view/app/extend/application.js",
    "start": 1568103456687,
    "end": 1568103456690,
    "duration": 3,
    "pid": 13140,
    "index": 28
  },
  {
    "name": "Load extend/request.js",
    "start": 1568103456694,
    "end": 1568103456704,
    "duration": 10,
    "pid": 13140,
    "index": 29
  },
  {
    "name": "Require(25) node_modules/_egg@2.23.0@egg/app/extend/request.js",
    "start": 1568103456698,
    "end": 1568103456700,
    "duration": 2,
    "pid": 13140,
    "index": 30
  },
  {
    "name": "Load extend/response.js",
    "start": 1568103456704,
    "end": 1568103456714,
    "duration": 10,
    "pid": 13140,
    "index": 31
  },
  {
    "name": "Require(26) node_modules/_egg@2.23.0@egg/app/extend/response.js",
    "start": 1568103456707,
    "end": 1568103456711,
    "duration": 4,
    "pid": 13140,
    "index": 32
  },
  {
    "name": "Load extend/context.js",
    "start": 1568103456715,
    "end": 1568103456818,
    "duration": 103,
    "pid": 13140,
    "index": 33
  },
  {
    "name": "Require(27) node_modules/_egg-security@2.6.1@egg-security/app/extend/context.js",
    "start": 1568103456716,
    "end": 1568103456736,
    "duration": 20,
    "pid": 13140,
    "index": 34
  },
  {
    "name": "Require(28) node_modules/_egg-jsonp@2.0.0@egg-jsonp/app/extend/context.js",
    "start": 1568103456736,
    "end": 1568103456739,
    "duration": 3,
    "pid": 13140,
    "index": 35
  },
  {
    "name": "Require(29) node_modules/_egg-i18n@2.1.1@egg-i18n/app/extend/context.js",
    "start": 1568103456739,
    "end": 1568103456740,
    "duration": 1,
    "pid": 13140,
    "index": 36
  },
  {
    "name": "Require(30) node_modules/_egg-multipart@2.9.0@egg-multipart/app/extend/context.js",
    "start": 1568103456741,
    "end": 1568103456807,
    "duration": 66,
    "pid": 13140,
    "index": 37
  },
  {
    "name": "Require(31) node_modules/_egg-view@2.1.2@egg-view/app/extend/context.js",
    "start": 1568103456808,
    "end": 1568103456809,
    "duration": 1,
    "pid": 13140,
    "index": 38
  },
  {
    "name": "Require(32) node_modules/_egg@2.23.0@egg/app/extend/context.js",
    "start": 1568103456810,
    "end": 1568103456814,
    "duration": 4,
    "pid": 13140,
    "index": 39
  },
  {
    "name": "Load extend/helper.js",
    "start": 1568103456818,
    "end": 1568103456853,
    "duration": 35,
    "pid": 13140,
    "index": 40
  },
  {
    "name": "Require(33) node_modules/_egg-security@2.6.1@egg-security/app/extend/helper.js",
    "start": 1568103456819,
    "end": 1568103456846,
    "duration": 27,
    "pid": 13140,
    "index": 41
  },
  {
    "name": "Require(34) node_modules/_egg@2.23.0@egg/app/extend/helper.js",
    "start": 1568103456849,
    "end": 1568103456850,
    "duration": 1,
    "pid": 13140,
    "index": 42
  },
  {
    "name": "Load app.js",
    "start": 1568103456853,
    "end": 1568103456905,
    "duration": 52,
    "pid": 13140,
    "index": 43
  },
  {
    "name": "Require(35) node_modules/_egg-session@3.1.0@egg-session/app.js",
    "start": 1568103456854,
    "end": 1568103456854,
    "duration": 0,
    "pid": 13140,
    "index": 44
  },
  {
    "name": "Require(36) node_modules/_egg-security@2.6.1@egg-security/app.js",
    "start": 1568103456855,
    "end": 1568103456858,
    "duration": 3,
    "pid": 13140,
    "index": 45
  },
  {
    "name": "Require(37) node_modules/_egg-onerror@2.1.0@egg-onerror/app.js",
    "start": 1568103456859,
    "end": 1568103456873,
    "duration": 14,
    "pid": 13140,
    "index": 46
  },
  {
    "name": "Require(38) node_modules/_egg-i18n@2.1.1@egg-i18n/app.js",
    "start": 1568103456873,
    "end": 1568103456885,
    "duration": 12,
    "pid": 13140,
    "index": 47
  },
  {
    "name": "Require(39) node_modules/_egg-watcher@3.1.0@egg-watcher/app.js",
    "start": 1568103456885,
    "end": 1568103456891,
    "duration": 6,
    "pid": 13140,
    "index": 48
  },
  {
    "name": "Require(40) node_modules/_egg-schedule@3.6.4@egg-schedule/app.js",
    "start": 1568103456892,
    "end": 1568103456895,
    "duration": 3,
    "pid": 13140,
    "index": 49
  },
  {
    "name": "Require(41) node_modules/_egg-multipart@2.9.0@egg-multipart/app.js",
    "start": 1568103456895,
    "end": 1568103456899,
    "duration": 4,
    "pid": 13140,
    "index": 50
  },
  {
    "name": "Require(42) node_modules/_egg-development@2.4.3@egg-development/app.js",
    "start": 1568103456900,
    "end": 1568103456900,
    "duration": 0,
    "pid": 13140,
    "index": 51
  },
  {
    "name": "Require(43) node_modules/_egg-logrotator@3.1.0@egg-logrotator/app.js",
    "start": 1568103456901,
    "end": 1568103456901,
    "duration": 0,
    "pid": 13140,
    "index": 52
  },
  {
    "name": "Require(44) node_modules/_egg-static@2.2.0@egg-static/app.js",
    "start": 1568103456901,
    "end": 1568103456902,
    "duration": 1,
    "pid": 13140,
    "index": 53
  },
  {
    "name": "Require(45) node_modules/_egg-sequelize@5.2.0@egg-sequelize/app.js",
    "start": 1568103456903,
    "end": 1568103456903,
    "duration": 0,
    "pid": 13140,
    "index": 54
  },
  {
    "name": "Before Start in node_modules/_egg-watcher@3.1.0@egg-watcher/lib/init.js:15:14",
    "start": 1568103456920,
    "end": 1568103457826,
    "duration": 906,
    "pid": 13140,
    "index": 55
  },
  {
    "name": "Load \"Symbol(model)\" to Application",
    "start": 1568103457517,
    "end": 1568103457553,
    "duration": 36,
    "pid": 13140,
    "index": 56
  },
  {
    "name": "Before Start in node_modules/_egg-sequelize@5.2.0@egg-sequelize/lib/loader.js:39:7",
    "start": 1568103457563,
    "end": 1568103457859,
    "duration": 296,
    "pid": 13140,
    "index": 57
  },
  {
    "name": "Load Service",
    "start": 1568103457563,
    "end": 1568103457579,
    "duration": 16,
    "pid": 13140,
    "index": 58
  },
  {
    "name": "Load \"service\" to Context",
    "start": 1568103457564,
    "end": 1568103457579,
    "duration": 15,
    "pid": 13140,
    "index": 59
  },
  {
    "name": "Load Middleware",
    "start": 1568103457580,
    "end": 1568103457726,
    "duration": 146,
    "pid": 13140,
    "index": 60
  },
  {
    "name": "Load \"middlewares\" to Application",
    "start": 1568103457580,
    "end": 1568103457708,
    "duration": 128,
    "pid": 13140,
    "index": 61
  },
  {
    "name": "Load Controller",
    "start": 1568103457726,
    "end": 1568103457730,
    "duration": 4,
    "pid": 13140,
    "index": 62
  },
  {
    "name": "Load \"controller\" to Application",
    "start": 1568103457726,
    "end": 1568103457730,
    "duration": 4,
    "pid": 13140,
    "index": 63
  },
  {
    "name": "Load Router",
    "start": 1568103457731,
    "end": 1568103457735,
    "duration": 4,
    "pid": 13140,
    "index": 64
  },
  {
    "name": "Require(46) app/router.js",
    "start": 1568103457731,
    "end": 1568103457732,
    "duration": 1,
    "pid": 13140,
    "index": 65
  },
  {
    "name": "Before Start in node_modules/_egg-core@4.17.3@egg-core/lib/egg.js:303:10",
    "start": 1568103457732,
    "end": 1568103457755,
    "duration": 23,
    "pid": 13140,
    "index": 66
  }
]