[
  {
    "name": "Application Start",
    "start": 1568114636111,
    "end": 1568114637362,
    "duration": 1251,
    "pid": 10276,
    "index": 0
  },
  {
    "name": "Load Plugin",
    "start": 1568114636117,
    "end": 1568114636145,
    "duration": 28,
    "pid": 10276,
    "index": 1
  },
  {
    "name": "Load Config",
    "start": 1568114636145,
    "end": 1568114636175,
    "duration": 30,
    "pid": 10276,
    "index": 2
  },
  {
    "name": "Require(0) config/config.default.js",
    "start": 1568114636146,
    "end": 1568114636147,
    "duration": 1,
    "pid": 10276,
    "index": 3
  },
  {
    "name": "Require(1) node_modules/_egg-session@3.1.0@egg-session/config/config.default.js",
    "start": 1568114636149,
    "end": 1568114636149,
    "duration": 0,
    "pid": 10276,
    "index": 4
  },
  {
    "name": "Require(2) node_modules/_egg-security@2.6.1@egg-security/config/config.default.js",
    "start": 1568114636150,
    "end": 1568114636150,
    "duration": 0,
    "pid": 10276,
    "index": 5
  },
  {
    "name": "Require(3) node_modules/_egg-jsonp@2.0.0@egg-jsonp/config/config.default.js",
    "start": 1568114636151,
    "end": 1568114636152,
    "duration": 1,
    "pid": 10276,
    "index": 6
  },
  {
    "name": "Require(4) node_modules/_egg-onerror@2.1.0@egg-onerror/config/config.default.js",
    "start": 1568114636152,
    "end": 1568114636153,
    "duration": 1,
    "pid": 10276,
    "index": 7
  },
  {
    "name": "Require(5) node_modules/_egg-i18n@2.1.1@egg-i18n/config/config.default.js",
    "start": 1568114636153,
    "end": 1568114636153,
    "duration": 0,
    "pid": 10276,
    "index": 8
  },
  {
    "name": "Require(6) node_modules/_egg-watcher@3.1.0@egg-watcher/config/config.default.js",
    "start": 1568114636154,
    "end": 1568114636156,
    "duration": 2,
    "pid": 10276,
    "index": 9
  },
  {
    "name": "Require(7) node_modules/_egg-schedule@3.6.4@egg-schedule/config/config.default.js",
    "start": 1568114636157,
    "end": 1568114636157,
    "duration": 0,
    "pid": 10276,
    "index": 10
  },
  {
    "name": "Require(8) node_modules/_egg-multipart@2.9.0@egg-multipart/config/config.default.js",
    "start": 1568114636158,
    "end": 1568114636159,
    "duration": 1,
    "pid": 10276,
    "index": 11
  },
  {
    "name": "Require(9) node_modules/_egg-development@2.4.3@egg-development/config/config.default.js",
    "start": 1568114636160,
    "end": 1568114636161,
    "duration": 1,
    "pid": 10276,
    "index": 12
  },
  {
    "name": "Require(10) node_modules/_egg-logrotator@3.1.0@egg-logrotator/config/config.default.js",
    "start": 1568114636162,
    "end": 1568114636162,
    "duration": 0,
    "pid": 10276,
    "index": 13
  },
  {
    "name": "Require(11) node_modules/_egg-static@2.2.0@egg-static/config/config.default.js",
    "start": 1568114636163,
    "end": 1568114636163,
    "duration": 0,
    "pid": 10276,
    "index": 14
  },
  {
    "name": "Require(12) node_modules/_egg-view@2.1.2@egg-view/config/config.default.js",
    "start": 1568114636164,
    "end": 1568114636164,
    "duration": 0,
    "pid": 10276,
    "index": 15
  },
  {
    "name": "Require(13) node_modules/_egg-sequelize@5.2.0@egg-sequelize/config/config.default.js",
    "start": 1568114636165,
    "end": 1568114636165,
    "duration": 0,
    "pid": 10276,
    "index": 16
  },
  {
    "name": "Require(14) node_modules/_egg@2.23.0@egg/config/config.default.js",
    "start": 1568114636166,
    "end": 1568114636166,
    "duration": 0,
    "pid": 10276,
    "index": 17
  },
  {
    "name": "Require(15) config/config.default.js",
    "start": 1568114636168,
    "end": 1568114636168,
    "duration": 0,
    "pid": 10276,
    "index": 18
  },
  {
    "name": "Require(16) node_modules/_egg-security@2.6.1@egg-security/config/config.local.js",
    "start": 1568114636169,
    "end": 1568114636169,
    "duration": 0,
    "pid": 10276,
    "index": 19
  },
  {
    "name": "Require(17) node_modules/_egg-watcher@3.1.0@egg-watcher/config/config.local.js",
    "start": 1568114636171,
    "end": 1568114636172,
    "duration": 1,
    "pid": 10276,
    "index": 20
  },
  {
    "name": "Require(18) node_modules/_egg-view@2.1.2@egg-view/config/config.local.js",
    "start": 1568114636174,
    "end": 1568114636174,
    "duration": 0,
    "pid": 10276,
    "index": 21
  },
  {
    "name": "Require(19) node_modules/_egg@2.23.0@egg/config/config.local.js",
    "start": 1568114636175,
    "end": 1568114636175,
    "duration": 0,
    "pid": 10276,
    "index": 22
  },
  {
    "name": "Load extend/application.js",
    "start": 1568114636177,
    "end": 1568114636197,
    "duration": 20,
    "pid": 10276,
    "index": 23
  },
  {
    "name": "Require(20) node_modules/_egg-session@3.1.0@egg-session/app/extend/application.js",
    "start": 1568114636178,
    "end": 1568114636178,
    "duration": 0,
    "pid": 10276,
    "index": 24
  },
  {
    "name": "Require(21) node_modules/_egg-security@2.6.1@egg-security/app/extend/application.js",
    "start": 1568114636179,
    "end": 1568114636180,
    "duration": 1,
    "pid": 10276,
    "index": 25
  },
  {
    "name": "Require(22) node_modules/_egg-jsonp@2.0.0@egg-jsonp/app/extend/application.js",
    "start": 1568114636181,
    "end": 1568114636183,
    "duration": 2,
    "pid": 10276,
    "index": 26
  },
  {
    "name": "Require(23) node_modules/_egg-logrotator@3.1.0@egg-logrotator/app/extend/application.js",
    "start": 1568114636185,
    "end": 1568114636189,
    "duration": 4,
    "pid": 10276,
    "index": 27
  },
  {
    "name": "Require(24) node_modules/_egg-view@2.1.2@egg-view/app/extend/application.js",
    "start": 1568114636190,
    "end": 1568114636193,
    "duration": 3,
    "pid": 10276,
    "index": 28
  },
  {
    "name": "Load extend/request.js",
    "start": 1568114636197,
    "end": 1568114636207,
    "duration": 10,
    "pid": 10276,
    "index": 29
  },
  {
    "name": "Require(25) node_modules/_egg@2.23.0@egg/app/extend/request.js",
    "start": 1568114636201,
    "end": 1568114636204,
    "duration": 3,
    "pid": 10276,
    "index": 30
  },
  {
    "name": "Load extend/response.js",
    "start": 1568114636207,
    "end": 1568114636217,
    "duration": 10,
    "pid": 10276,
    "index": 31
  },
  {
    "name": "Require(26) node_modules/_egg@2.23.0@egg/app/extend/response.js",
    "start": 1568114636211,
    "end": 1568114636214,
    "duration": 3,
    "pid": 10276,
    "index": 32
  },
  {
    "name": "Load extend/context.js",
    "start": 1568114636217,
    "end": 1568114636329,
    "duration": 112,
    "pid": 10276,
    "index": 33
  },
  {
    "name": "Require(27) node_modules/_egg-security@2.6.1@egg-security/app/extend/context.js",
    "start": 1568114636218,
    "end": 1568114636240,
    "duration": 22,
    "pid": 10276,
    "index": 34
  },
  {
    "name": "Require(28) node_modules/_egg-jsonp@2.0.0@egg-jsonp/app/extend/context.js",
    "start": 1568114636240,
    "end": 1568114636243,
    "duration": 3,
    "pid": 10276,
    "index": 35
  },
  {
    "name": "Require(29) node_modules/_egg-i18n@2.1.1@egg-i18n/app/extend/context.js",
    "start": 1568114636244,
    "end": 1568114636244,
    "duration": 0,
    "pid": 10276,
    "index": 36
  },
  {
    "name": "Require(30) node_modules/_egg-multipart@2.9.0@egg-multipart/app/extend/context.js",
    "start": 1568114636245,
    "end": 1568114636318,
    "duration": 73,
    "pid": 10276,
    "index": 37
  },
  {
    "name": "Require(31) node_modules/_egg-view@2.1.2@egg-view/app/extend/context.js",
    "start": 1568114636319,
    "end": 1568114636321,
    "duration": 2,
    "pid": 10276,
    "index": 38
  },
  {
    "name": "Require(32) node_modules/_egg@2.23.0@egg/app/extend/context.js",
    "start": 1568114636322,
    "end": 1568114636325,
    "duration": 3,
    "pid": 10276,
    "index": 39
  },
  {
    "name": "Load extend/helper.js",
    "start": 1568114636329,
    "end": 1568114636366,
    "duration": 37,
    "pid": 10276,
    "index": 40
  },
  {
    "name": "Require(33) node_modules/_egg-security@2.6.1@egg-security/app/extend/helper.js",
    "start": 1568114636330,
    "end": 1568114636358,
    "duration": 28,
    "pid": 10276,
    "index": 41
  },
  {
    "name": "Require(34) node_modules/_egg@2.23.0@egg/app/extend/helper.js",
    "start": 1568114636361,
    "end": 1568114636362,
    "duration": 1,
    "pid": 10276,
    "index": 42
  },
  {
    "name": "Load app.js",
    "start": 1568114636366,
    "end": 1568114636424,
    "duration": 58,
    "pid": 10276,
    "index": 43
  },
  {
    "name": "Require(35) node_modules/_egg-session@3.1.0@egg-session/app.js",
    "start": 1568114636367,
    "end": 1568114636367,
    "duration": 0,
    "pid": 10276,
    "index": 44
  },
  {
    "name": "Require(36) node_modules/_egg-security@2.6.1@egg-security/app.js",
    "start": 1568114636368,
    "end": 1568114636371,
    "duration": 3,
    "pid": 10276,
    "index": 45
  },
  {
    "name": "Require(37) node_modules/_egg-onerror@2.1.0@egg-onerror/app.js",
    "start": 1568114636373,
    "end": 1568114636392,
    "duration": 19,
    "pid": 10276,
    "index": 46
  },
  {
    "name": "Require(38) node_modules/_egg-i18n@2.1.1@egg-i18n/app.js",
    "start": 1568114636393,
    "end": 1568114636404,
    "duration": 11,
    "pid": 10276,
    "index": 47
  },
  {
    "name": "Require(39) node_modules/_egg-watcher@3.1.0@egg-watcher/app.js",
    "start": 1568114636405,
    "end": 1568114636411,
    "duration": 6,
    "pid": 10276,
    "index": 48
  },
  {
    "name": "Require(40) node_modules/_egg-schedule@3.6.4@egg-schedule/app.js",
    "start": 1568114636412,
    "end": 1568114636414,
    "duration": 2,
    "pid": 10276,
    "index": 49
  },
  {
    "name": "Require(41) node_modules/_egg-multipart@2.9.0@egg-multipart/app.js",
    "start": 1568114636415,
    "end": 1568114636419,
    "duration": 4,
    "pid": 10276,
    "index": 50
  },
  {
    "name": "Require(42) node_modules/_egg-development@2.4.3@egg-development/app.js",
    "start": 1568114636419,
    "end": 1568114636420,
    "duration": 1,
    "pid": 10276,
    "index": 51
  },
  {
    "name": "Require(43) node_modules/_egg-logrotator@3.1.0@egg-logrotator/app.js",
    "start": 1568114636420,
    "end": 1568114636421,
    "duration": 1,
    "pid": 10276,
    "index": 52
  },
  {
    "name": "Require(44) node_modules/_egg-static@2.2.0@egg-static/app.js",
    "start": 1568114636421,
    "end": 1568114636421,
    "duration": 0,
    "pid": 10276,
    "index": 53
  },
  {
    "name": "Require(45) node_modules/_egg-sequelize@5.2.0@egg-sequelize/app.js",
    "start": 1568114636422,
    "end": 1568114636423,
    "duration": 1,
    "pid": 10276,
    "index": 54
  },
  {
    "name": "Before Start in node_modules/_egg-watcher@3.1.0@egg-watcher/lib/init.js:15:14",
    "start": 1568114636440,
    "end": 1568114637318,
    "duration": 878,
    "pid": 10276,
    "index": 55
  },
  {
    "name": "Load \"Symbol(model)\" to Application",
    "start": 1568114636995,
    "end": 1568114637039,
    "duration": 44,
    "pid": 10276,
    "index": 56
  },
  {
    "name": "Before Start in node_modules/_egg-sequelize@5.2.0@egg-sequelize/lib/loader.js:39:7",
    "start": 1568114637048,
    "end": 1568114637361,
    "duration": 313,
    "pid": 10276,
    "index": 57
  },
  {
    "name": "Load Service",
    "start": 1568114637048,
    "end": 1568114637054,
    "duration": 6,
    "pid": 10276,
    "index": 58
  },
  {
    "name": "Load \"service\" to Context",
    "start": 1568114637048,
    "end": 1568114637054,
    "duration": 6,
    "pid": 10276,
    "index": 59
  },
  {
    "name": "Load Middleware",
    "start": 1568114637054,
    "end": 1568114637234,
    "duration": 180,
    "pid": 10276,
    "index": 60
  },
  {
    "name": "Load \"middlewares\" to Application",
    "start": 1568114637054,
    "end": 1568114637215,
    "duration": 161,
    "pid": 10276,
    "index": 61
  },
  {
    "name": "Load Controller",
    "start": 1568114637235,
    "end": 1568114637241,
    "duration": 6,
    "pid": 10276,
    "index": 62
  },
  {
    "name": "Load \"controller\" to Application",
    "start": 1568114637235,
    "end": 1568114637241,
    "duration": 6,
    "pid": 10276,
    "index": 63
  },
  {
    "name": "Load Router",
    "start": 1568114637241,
    "end": 1568114637245,
    "duration": 4,
    "pid": 10276,
    "index": 64
  },
  {
    "name": "Require(46) app/router.js",
    "start": 1568114637241,
    "end": 1568114637242,
    "duration": 1,
    "pid": 10276,
    "index": 65
  },
  {
    "name": "Before Start in node_modules/_egg-core@4.17.3@egg-core/lib/egg.js:303:10",
    "start": 1568114637243,
    "end": 1568114637268,
    "duration": 25,
    "pid": 10276,
    "index": 66
  }
]