[
  {
    "name": "Application Start",
    "start": 1568110289093,
    "end": 1568110290639,
    "duration": 1546,
    "pid": 6704,
    "index": 0
  },
  {
    "name": "Load Plugin",
    "start": 1568110289100,
    "end": 1568110289135,
    "duration": 35,
    "pid": 6704,
    "index": 1
  },
  {
    "name": "Load Config",
    "start": 1568110289135,
    "end": 1568110289184,
    "duration": 49,
    "pid": 6704,
    "index": 2
  },
  {
    "name": "Require(0) config/config.default.js",
    "start": 1568110289136,
    "end": 1568110289137,
    "duration": 1,
    "pid": 6704,
    "index": 3
  },
  {
    "name": "Require(1) node_modules/_egg-session@3.1.0@egg-session/config/config.default.js",
    "start": 1568110289141,
    "end": 1568110289141,
    "duration": 0,
    "pid": 6704,
    "index": 4
  },
  {
    "name": "Require(2) node_modules/_egg-security@2.6.1@egg-security/config/config.default.js",
    "start": 1568110289142,
    "end": 1568110289143,
    "duration": 1,
    "pid": 6704,
    "index": 5
  },
  {
    "name": "Require(3) node_modules/_egg-jsonp@2.0.0@egg-jsonp/config/config.default.js",
    "start": 1568110289144,
    "end": 1568110289145,
    "duration": 1,
    "pid": 6704,
    "index": 6
  },
  {
    "name": "Require(4) node_modules/_egg-onerror@2.1.0@egg-onerror/config/config.default.js",
    "start": 1568110289146,
    "end": 1568110289146,
    "duration": 0,
    "pid": 6704,
    "index": 7
  },
  {
    "name": "Require(5) node_modules/_egg-i18n@2.1.1@egg-i18n/config/config.default.js",
    "start": 1568110289147,
    "end": 1568110289149,
    "duration": 2,
    "pid": 6704,
    "index": 8
  },
  {
    "name": "Require(6) node_modules/_egg-watcher@3.1.0@egg-watcher/config/config.default.js",
    "start": 1568110289151,
    "end": 1568110289152,
    "duration": 1,
    "pid": 6704,
    "index": 9
  },
  {
    "name": "Require(7) node_modules/_egg-schedule@3.6.4@egg-schedule/config/config.default.js",
    "start": 1568110289153,
    "end": 1568110289154,
    "duration": 1,
    "pid": 6704,
    "index": 10
  },
  {
    "name": "Require(8) node_modules/_egg-multipart@2.9.0@egg-multipart/config/config.default.js",
    "start": 1568110289156,
    "end": 1568110289157,
    "duration": 1,
    "pid": 6704,
    "index": 11
  },
  {
    "name": "Require(9) node_modules/_egg-development@2.4.3@egg-development/config/config.default.js",
    "start": 1568110289159,
    "end": 1568110289160,
    "duration": 1,
    "pid": 6704,
    "index": 12
  },
  {
    "name": "Require(10) node_modules/_egg-logrotator@3.1.0@egg-logrotator/config/config.default.js",
    "start": 1568110289163,
    "end": 1568110289164,
    "duration": 1,
    "pid": 6704,
    "index": 13
  },
  {
    "name": "Require(11) node_modules/_egg-static@2.2.0@egg-static/config/config.default.js",
    "start": 1568110289165,
    "end": 1568110289166,
    "duration": 1,
    "pid": 6704,
    "index": 14
  },
  {
    "name": "Require(12) node_modules/_egg-view@2.1.2@egg-view/config/config.default.js",
    "start": 1568110289168,
    "end": 1568110289168,
    "duration": 0,
    "pid": 6704,
    "index": 15
  },
  {
    "name": "Require(13) node_modules/_egg-sequelize@5.2.0@egg-sequelize/config/config.default.js",
    "start": 1568110289170,
    "end": 1568110289170,
    "duration": 0,
    "pid": 6704,
    "index": 16
  },
  {
    "name": "Require(14) node_modules/_egg@2.23.0@egg/config/config.default.js",
    "start": 1568110289171,
    "end": 1568110289172,
    "duration": 1,
    "pid": 6704,
    "index": 17
  },
  {
    "name": "Require(15) config/config.default.js",
    "start": 1568110289175,
    "end": 1568110289175,
    "duration": 0,
    "pid": 6704,
    "index": 18
  },
  {
    "name": "Require(16) node_modules/_egg-security@2.6.1@egg-security/config/config.local.js",
    "start": 1568110289176,
    "end": 1568110289176,
    "duration": 0,
    "pid": 6704,
    "index": 19
  },
  {
    "name": "Require(17) node_modules/_egg-watcher@3.1.0@egg-watcher/config/config.local.js",
    "start": 1568110289178,
    "end": 1568110289178,
    "duration": 0,
    "pid": 6704,
    "index": 20
  },
  {
    "name": "Require(18) node_modules/_egg-view@2.1.2@egg-view/config/config.local.js",
    "start": 1568110289180,
    "end": 1568110289181,
    "duration": 1,
    "pid": 6704,
    "index": 21
  },
  {
    "name": "Require(19) node_modules/_egg@2.23.0@egg/config/config.local.js",
    "start": 1568110289183,
    "end": 1568110289183,
    "duration": 0,
    "pid": 6704,
    "index": 22
  },
  {
    "name": "Load extend/application.js",
    "start": 1568110289186,
    "end": 1568110289249,
    "duration": 63,
    "pid": 6704,
    "index": 23
  },
  {
    "name": "Require(20) node_modules/_egg-session@3.1.0@egg-session/app/extend/application.js",
    "start": 1568110289188,
    "end": 1568110289223,
    "duration": 35,
    "pid": 6704,
    "index": 24
  },
  {
    "name": "Require(21) node_modules/_egg-security@2.6.1@egg-security/app/extend/application.js",
    "start": 1568110289224,
    "end": 1568110289227,
    "duration": 3,
    "pid": 6704,
    "index": 25
  },
  {
    "name": "Require(22) node_modules/_egg-jsonp@2.0.0@egg-jsonp/app/extend/application.js",
    "start": 1568110289227,
    "end": 1568110289231,
    "duration": 4,
    "pid": 6704,
    "index": 26
  },
  {
    "name": "Require(23) node_modules/_egg-logrotator@3.1.0@egg-logrotator/app/extend/application.js",
    "start": 1568110289234,
    "end": 1568110289239,
    "duration": 5,
    "pid": 6704,
    "index": 27
  },
  {
    "name": "Require(24) node_modules/_egg-view@2.1.2@egg-view/app/extend/application.js",
    "start": 1568110289240,
    "end": 1568110289243,
    "duration": 3,
    "pid": 6704,
    "index": 28
  },
  {
    "name": "Load extend/request.js",
    "start": 1568110289249,
    "end": 1568110289259,
    "duration": 10,
    "pid": 6704,
    "index": 29
  },
  {
    "name": "Require(25) node_modules/_egg@2.23.0@egg/app/extend/request.js",
    "start": 1568110289253,
    "end": 1568110289255,
    "duration": 2,
    "pid": 6704,
    "index": 30
  },
  {
    "name": "Load extend/response.js",
    "start": 1568110289259,
    "end": 1568110289270,
    "duration": 11,
    "pid": 6704,
    "index": 31
  },
  {
    "name": "Require(26) node_modules/_egg@2.23.0@egg/app/extend/response.js",
    "start": 1568110289262,
    "end": 1568110289266,
    "duration": 4,
    "pid": 6704,
    "index": 32
  },
  {
    "name": "Load extend/context.js",
    "start": 1568110289270,
    "end": 1568110289413,
    "duration": 143,
    "pid": 6704,
    "index": 33
  },
  {
    "name": "Require(27) node_modules/_egg-security@2.6.1@egg-security/app/extend/context.js",
    "start": 1568110289271,
    "end": 1568110289297,
    "duration": 26,
    "pid": 6704,
    "index": 34
  },
  {
    "name": "Require(28) node_modules/_egg-jsonp@2.0.0@egg-jsonp/app/extend/context.js",
    "start": 1568110289298,
    "end": 1568110289302,
    "duration": 4,
    "pid": 6704,
    "index": 35
  },
  {
    "name": "Require(29) node_modules/_egg-i18n@2.1.1@egg-i18n/app/extend/context.js",
    "start": 1568110289303,
    "end": 1568110289303,
    "duration": 0,
    "pid": 6704,
    "index": 36
  },
  {
    "name": "Require(30) node_modules/_egg-multipart@2.9.0@egg-multipart/app/extend/context.js",
    "start": 1568110289305,
    "end": 1568110289400,
    "duration": 95,
    "pid": 6704,
    "index": 37
  },
  {
    "name": "Require(31) node_modules/_egg-view@2.1.2@egg-view/app/extend/context.js",
    "start": 1568110289401,
    "end": 1568110289404,
    "duration": 3,
    "pid": 6704,
    "index": 38
  },
  {
    "name": "Require(32) node_modules/_egg@2.23.0@egg/app/extend/context.js",
    "start": 1568110289405,
    "end": 1568110289409,
    "duration": 4,
    "pid": 6704,
    "index": 39
  },
  {
    "name": "Load extend/helper.js",
    "start": 1568110289414,
    "end": 1568110289475,
    "duration": 61,
    "pid": 6704,
    "index": 40
  },
  {
    "name": "Require(33) node_modules/_egg-security@2.6.1@egg-security/app/extend/helper.js",
    "start": 1568110289414,
    "end": 1568110289466,
    "duration": 52,
    "pid": 6704,
    "index": 41
  },
  {
    "name": "Require(34) node_modules/_egg@2.23.0@egg/app/extend/helper.js",
    "start": 1568110289470,
    "end": 1568110289471,
    "duration": 1,
    "pid": 6704,
    "index": 42
  },
  {
    "name": "Load app.js",
    "start": 1568110289475,
    "end": 1568110289595,
    "duration": 120,
    "pid": 6704,
    "index": 43
  },
  {
    "name": "Require(35) node_modules/_egg-session@3.1.0@egg-session/app.js",
    "start": 1568110289476,
    "end": 1568110289476,
    "duration": 0,
    "pid": 6704,
    "index": 44
  },
  {
    "name": "Require(36) node_modules/_egg-security@2.6.1@egg-security/app.js",
    "start": 1568110289477,
    "end": 1568110289482,
    "duration": 5,
    "pid": 6704,
    "index": 45
  },
  {
    "name": "Require(37) node_modules/_egg-onerror@2.1.0@egg-onerror/app.js",
    "start": 1568110289483,
    "end": 1568110289516,
    "duration": 33,
    "pid": 6704,
    "index": 46
  },
  {
    "name": "Require(38) node_modules/_egg-i18n@2.1.1@egg-i18n/app.js",
    "start": 1568110289516,
    "end": 1568110289557,
    "duration": 41,
    "pid": 6704,
    "index": 47
  },
  {
    "name": "Require(39) node_modules/_egg-watcher@3.1.0@egg-watcher/app.js",
    "start": 1568110289558,
    "end": 1568110289570,
    "duration": 12,
    "pid": 6704,
    "index": 48
  },
  {
    "name": "Require(40) node_modules/_egg-schedule@3.6.4@egg-schedule/app.js",
    "start": 1568110289571,
    "end": 1568110289579,
    "duration": 8,
    "pid": 6704,
    "index": 49
  },
  {
    "name": "Require(41) node_modules/_egg-multipart@2.9.0@egg-multipart/app.js",
    "start": 1568110289581,
    "end": 1568110289587,
    "duration": 6,
    "pid": 6704,
    "index": 50
  },
  {
    "name": "Require(42) node_modules/_egg-development@2.4.3@egg-development/app.js",
    "start": 1568110289588,
    "end": 1568110289589,
    "duration": 1,
    "pid": 6704,
    "index": 51
  },
  {
    "name": "Require(43) node_modules/_egg-logrotator@3.1.0@egg-logrotator/app.js",
    "start": 1568110289589,
    "end": 1568110289590,
    "duration": 1,
    "pid": 6704,
    "index": 52
  },
  {
    "name": "Require(44) node_modules/_egg-static@2.2.0@egg-static/app.js",
    "start": 1568110289591,
    "end": 1568110289591,
    "duration": 0,
    "pid": 6704,
    "index": 53
  },
  {
    "name": "Require(45) node_modules/_egg-sequelize@5.2.0@egg-sequelize/app.js",
    "start": 1568110289592,
    "end": 1568110289593,
    "duration": 1,
    "pid": 6704,
    "index": 54
  },
  {
    "name": "Before Start in node_modules/_egg-watcher@3.1.0@egg-watcher/lib/init.js:15:14",
    "start": 1568110289615,
    "end": 1568110290589,
    "duration": 974,
    "pid": 6704,
    "index": 55
  },
  {
    "name": "Load \"Symbol(model)\" to Application",
    "start": 1568110290278,
    "end": 1568110290304,
    "duration": 26,
    "pid": 6704,
    "index": 56
  },
  {
    "name": "Before Start in node_modules/_egg-sequelize@5.2.0@egg-sequelize/lib/loader.js:39:7",
    "start": 1568110290312,
    "end": 1568110290638,
    "duration": 326,
    "pid": 6704,
    "index": 57
  },
  {
    "name": "Load Service",
    "start": 1568110290312,
    "end": 1568110290317,
    "duration": 5,
    "pid": 6704,
    "index": 58
  },
  {
    "name": "Load \"service\" to Context",
    "start": 1568110290312,
    "end": 1568110290317,
    "duration": 5,
    "pid": 6704,
    "index": 59
  },
  {
    "name": "Load Middleware",
    "start": 1568110290318,
    "end": 1568110290498,
    "duration": 180,
    "pid": 6704,
    "index": 60
  },
  {
    "name": "Load \"middlewares\" to Application",
    "start": 1568110290318,
    "end": 1568110290479,
    "duration": 161,
    "pid": 6704,
    "index": 61
  },
  {
    "name": "Load Controller",
    "start": 1568110290498,
    "end": 1568110290502,
    "duration": 4,
    "pid": 6704,
    "index": 62
  },
  {
    "name": "Load \"controller\" to Application",
    "start": 1568110290498,
    "end": 1568110290502,
    "duration": 4,
    "pid": 6704,
    "index": 63
  },
  {
    "name": "Load Router",
    "start": 1568110290502,
    "end": 1568110290506,
    "duration": 4,
    "pid": 6704,
    "index": 64
  },
  {
    "name": "Require(46) app/router.js",
    "start": 1568110290503,
    "end": 1568110290503,
    "duration": 0,
    "pid": 6704,
    "index": 65
  },
  {
    "name": "Before Start in node_modules/_egg-core@4.17.3@egg-core/lib/egg.js:303:10",
    "start": 1568110290504,
    "end": 1568110290528,
    "duration": 24,
    "pid": 6704,
    "index": 66
  }
]