[
  {
    "name": "Application Start",
    "start": 1568103228437,
    "end": 1568103229670,
    "duration": 1233,
    "pid": 14320,
    "index": 0
  },
  {
    "name": "Load Plugin",
    "start": 1568103228443,
    "end": 1568103228467,
    "duration": 24,
    "pid": 14320,
    "index": 1
  },
  {
    "name": "Load Config",
    "start": 1568103228467,
    "end": 1568103228494,
    "duration": 27,
    "pid": 14320,
    "index": 2
  },
  {
    "name": "Require(0) config/config.default.js",
    "start": 1568103228468,
    "end": 1568103228469,
    "duration": 1,
    "pid": 14320,
    "index": 3
  },
  {
    "name": "Require(1) node_modules/_egg-session@3.1.0@egg-session/config/config.default.js",
    "start": 1568103228471,
    "end": 1568103228471,
    "duration": 0,
    "pid": 14320,
    "index": 4
  },
  {
    "name": "Require(2) node_modules/_egg-security@2.6.1@egg-security/config/config.default.js",
    "start": 1568103228472,
    "end": 1568103228472,
    "duration": 0,
    "pid": 14320,
    "index": 5
  },
  {
    "name": "Require(3) node_modules/_egg-jsonp@2.0.0@egg-jsonp/config/config.default.js",
    "start": 1568103228474,
    "end": 1568103228474,
    "duration": 0,
    "pid": 14320,
    "index": 6
  },
  {
    "name": "Require(4) node_modules/_egg-onerror@2.1.0@egg-onerror/config/config.default.js",
    "start": 1568103228474,
    "end": 1568103228475,
    "duration": 1,
    "pid": 14320,
    "index": 7
  },
  {
    "name": "Require(5) node_modules/_egg-i18n@2.1.1@egg-i18n/config/config.default.js",
    "start": 1568103228476,
    "end": 1568103228476,
    "duration": 0,
    "pid": 14320,
    "index": 8
  },
  {
    "name": "Require(6) node_modules/_egg-watcher@3.1.0@egg-watcher/config/config.default.js",
    "start": 1568103228477,
    "end": 1568103228477,
    "duration": 0,
    "pid": 14320,
    "index": 9
  },
  {
    "name": "Require(7) node_modules/_egg-schedule@3.6.4@egg-schedule/config/config.default.js",
    "start": 1568103228478,
    "end": 1568103228478,
    "duration": 0,
    "pid": 14320,
    "index": 10
  },
  {
    "name": "Require(8) node_modules/_egg-multipart@2.9.0@egg-multipart/config/config.default.js",
    "start": 1568103228479,
    "end": 1568103228479,
    "duration": 0,
    "pid": 14320,
    "index": 11
  },
  {
    "name": "Require(9) node_modules/_egg-development@2.4.3@egg-development/config/config.default.js",
    "start": 1568103228480,
    "end": 1568103228481,
    "duration": 1,
    "pid": 14320,
    "index": 12
  },
  {
    "name": "Require(10) node_modules/_egg-logrotator@3.1.0@egg-logrotator/config/config.default.js",
    "start": 1568103228481,
    "end": 1568103228482,
    "duration": 1,
    "pid": 14320,
    "index": 13
  },
  {
    "name": "Require(11) node_modules/_egg-static@2.2.0@egg-static/config/config.default.js",
    "start": 1568103228482,
    "end": 1568103228482,
    "duration": 0,
    "pid": 14320,
    "index": 14
  },
  {
    "name": "Require(12) node_modules/_egg-view@2.1.2@egg-view/config/config.default.js",
    "start": 1568103228483,
    "end": 1568103228483,
    "duration": 0,
    "pid": 14320,
    "index": 15
  },
  {
    "name": "Require(13) node_modules/_egg-sequelize@5.2.0@egg-sequelize/config/config.default.js",
    "start": 1568103228484,
    "end": 1568103228484,
    "duration": 0,
    "pid": 14320,
    "index": 16
  },
  {
    "name": "Require(14) node_modules/_egg@2.23.0@egg/config/config.default.js",
    "start": 1568103228485,
    "end": 1568103228486,
    "duration": 1,
    "pid": 14320,
    "index": 17
  },
  {
    "name": "Require(15) config/config.default.js",
    "start": 1568103228487,
    "end": 1568103228487,
    "duration": 0,
    "pid": 14320,
    "index": 18
  },
  {
    "name": "Require(16) node_modules/_egg-security@2.6.1@egg-security/config/config.local.js",
    "start": 1568103228489,
    "end": 1568103228489,
    "duration": 0,
    "pid": 14320,
    "index": 19
  },
  {
    "name": "Require(17) node_modules/_egg-watcher@3.1.0@egg-watcher/config/config.local.js",
    "start": 1568103228491,
    "end": 1568103228491,
    "duration": 0,
    "pid": 14320,
    "index": 20
  },
  {
    "name": "Require(18) node_modules/_egg-view@2.1.2@egg-view/config/config.local.js",
    "start": 1568103228493,
    "end": 1568103228493,
    "duration": 0,
    "pid": 14320,
    "index": 21
  },
  {
    "name": "Require(19) node_modules/_egg@2.23.0@egg/config/config.local.js",
    "start": 1568103228494,
    "end": 1568103228494,
    "duration": 0,
    "pid": 14320,
    "index": 22
  },
  {
    "name": "Load extend/application.js",
    "start": 1568103228496,
    "end": 1568103228515,
    "duration": 19,
    "pid": 14320,
    "index": 23
  },
  {
    "name": "Require(20) node_modules/_egg-session@3.1.0@egg-session/app/extend/application.js",
    "start": 1568103228497,
    "end": 1568103228497,
    "duration": 0,
    "pid": 14320,
    "index": 24
  },
  {
    "name": "Require(21) node_modules/_egg-security@2.6.1@egg-security/app/extend/application.js",
    "start": 1568103228498,
    "end": 1568103228499,
    "duration": 1,
    "pid": 14320,
    "index": 25
  },
  {
    "name": "Require(22) node_modules/_egg-jsonp@2.0.0@egg-jsonp/app/extend/application.js",
    "start": 1568103228499,
    "end": 1568103228503,
    "duration": 4,
    "pid": 14320,
    "index": 26
  },
  {
    "name": "Require(23) node_modules/_egg-logrotator@3.1.0@egg-logrotator/app/extend/application.js",
    "start": 1568103228505,
    "end": 1568103228508,
    "duration": 3,
    "pid": 14320,
    "index": 27
  },
  {
    "name": "Require(24) node_modules/_egg-view@2.1.2@egg-view/app/extend/application.js",
    "start": 1568103228509,
    "end": 1568103228511,
    "duration": 2,
    "pid": 14320,
    "index": 28
  },
  {
    "name": "Load extend/request.js",
    "start": 1568103228515,
    "end": 1568103228524,
    "duration": 9,
    "pid": 14320,
    "index": 29
  },
  {
    "name": "Require(25) node_modules/_egg@2.23.0@egg/app/extend/request.js",
    "start": 1568103228518,
    "end": 1568103228520,
    "duration": 2,
    "pid": 14320,
    "index": 30
  },
  {
    "name": "Load extend/response.js",
    "start": 1568103228524,
    "end": 1568103228533,
    "duration": 9,
    "pid": 14320,
    "index": 31
  },
  {
    "name": "Require(26) node_modules/_egg@2.23.0@egg/app/extend/response.js",
    "start": 1568103228527,
    "end": 1568103228530,
    "duration": 3,
    "pid": 14320,
    "index": 32
  },
  {
    "name": "Load extend/context.js",
    "start": 1568103228533,
    "end": 1568103228646,
    "duration": 113,
    "pid": 14320,
    "index": 33
  },
  {
    "name": "Require(27) node_modules/_egg-security@2.6.1@egg-security/app/extend/context.js",
    "start": 1568103228534,
    "end": 1568103228554,
    "duration": 20,
    "pid": 14320,
    "index": 34
  },
  {
    "name": "Require(28) node_modules/_egg-jsonp@2.0.0@egg-jsonp/app/extend/context.js",
    "start": 1568103228554,
    "end": 1568103228557,
    "duration": 3,
    "pid": 14320,
    "index": 35
  },
  {
    "name": "Require(29) node_modules/_egg-i18n@2.1.1@egg-i18n/app/extend/context.js",
    "start": 1568103228558,
    "end": 1568103228558,
    "duration": 0,
    "pid": 14320,
    "index": 36
  },
  {
    "name": "Require(30) node_modules/_egg-multipart@2.9.0@egg-multipart/app/extend/context.js",
    "start": 1568103228559,
    "end": 1568103228637,
    "duration": 78,
    "pid": 14320,
    "index": 37
  },
  {
    "name": "Require(31) node_modules/_egg-view@2.1.2@egg-view/app/extend/context.js",
    "start": 1568103228637,
    "end": 1568103228639,
    "duration": 2,
    "pid": 14320,
    "index": 38
  },
  {
    "name": "Require(32) node_modules/_egg@2.23.0@egg/app/extend/context.js",
    "start": 1568103228639,
    "end": 1568103228643,
    "duration": 4,
    "pid": 14320,
    "index": 39
  },
  {
    "name": "Load extend/helper.js",
    "start": 1568103228646,
    "end": 1568103228681,
    "duration": 35,
    "pid": 14320,
    "index": 40
  },
  {
    "name": "Require(33) node_modules/_egg-security@2.6.1@egg-security/app/extend/helper.js",
    "start": 1568103228647,
    "end": 1568103228675,
    "duration": 28,
    "pid": 14320,
    "index": 41
  },
  {
    "name": "Require(34) node_modules/_egg@2.23.0@egg/app/extend/helper.js",
    "start": 1568103228677,
    "end": 1568103228678,
    "duration": 1,
    "pid": 14320,
    "index": 42
  },
  {
    "name": "Load app.js",
    "start": 1568103228681,
    "end": 1568103228734,
    "duration": 53,
    "pid": 14320,
    "index": 43
  },
  {
    "name": "Require(35) node_modules/_egg-session@3.1.0@egg-session/app.js",
    "start": 1568103228682,
    "end": 1568103228682,
    "duration": 0,
    "pid": 14320,
    "index": 44
  },
  {
    "name": "Require(36) node_modules/_egg-security@2.6.1@egg-security/app.js",
    "start": 1568103228683,
    "end": 1568103228686,
    "duration": 3,
    "pid": 14320,
    "index": 45
  },
  {
    "name": "Require(37) node_modules/_egg-onerror@2.1.0@egg-onerror/app.js",
    "start": 1568103228686,
    "end": 1568103228702,
    "duration": 16,
    "pid": 14320,
    "index": 46
  },
  {
    "name": "Require(38) node_modules/_egg-i18n@2.1.1@egg-i18n/app.js",
    "start": 1568103228702,
    "end": 1568103228714,
    "duration": 12,
    "pid": 14320,
    "index": 47
  },
  {
    "name": "Require(39) node_modules/_egg-watcher@3.1.0@egg-watcher/app.js",
    "start": 1568103228714,
    "end": 1568103228720,
    "duration": 6,
    "pid": 14320,
    "index": 48
  },
  {
    "name": "Require(40) node_modules/_egg-schedule@3.6.4@egg-schedule/app.js",
    "start": 1568103228721,
    "end": 1568103228724,
    "duration": 3,
    "pid": 14320,
    "index": 49
  },
  {
    "name": "Require(41) node_modules/_egg-multipart@2.9.0@egg-multipart/app.js",
    "start": 1568103228725,
    "end": 1568103228729,
    "duration": 4,
    "pid": 14320,
    "index": 50
  },
  {
    "name": "Require(42) node_modules/_egg-development@2.4.3@egg-development/app.js",
    "start": 1568103228729,
    "end": 1568103228730,
    "duration": 1,
    "pid": 14320,
    "index": 51
  },
  {
    "name": "Require(43) node_modules/_egg-logrotator@3.1.0@egg-logrotator/app.js",
    "start": 1568103228730,
    "end": 1568103228730,
    "duration": 0,
    "pid": 14320,
    "index": 52
  },
  {
    "name": "Require(44) node_modules/_egg-static@2.2.0@egg-static/app.js",
    "start": 1568103228731,
    "end": 1568103228731,
    "duration": 0,
    "pid": 14320,
    "index": 53
  },
  {
    "name": "Require(45) node_modules/_egg-sequelize@5.2.0@egg-sequelize/app.js",
    "start": 1568103228732,
    "end": 1568103228733,
    "duration": 1,
    "pid": 14320,
    "index": 54
  },
  {
    "name": "Before Start in node_modules/_egg-watcher@3.1.0@egg-watcher/lib/init.js:15:14",
    "start": 1568103228749,
    "end": 1568103229639,
    "duration": 890,
    "pid": 14320,
    "index": 55
  },
  {
    "name": "Load \"Symbol(model)\" to Application",
    "start": 1568103229352,
    "end": 1568103229386,
    "duration": 34,
    "pid": 14320,
    "index": 56
  },
  {
    "name": "Before Start in node_modules/_egg-sequelize@5.2.0@egg-sequelize/lib/loader.js:39:7",
    "start": 1568103229395,
    "end": 1568103229670,
    "duration": 275,
    "pid": 14320,
    "index": 57
  },
  {
    "name": "Load Service",
    "start": 1568103229395,
    "end": 1568103229401,
    "duration": 6,
    "pid": 14320,
    "index": 58
  },
  {
    "name": "Load \"service\" to Context",
    "start": 1568103229396,
    "end": 1568103229401,
    "duration": 5,
    "pid": 14320,
    "index": 59
  },
  {
    "name": "Load Middleware",
    "start": 1568103229401,
    "end": 1568103229540,
    "duration": 139,
    "pid": 14320,
    "index": 60
  },
  {
    "name": "Load \"middlewares\" to Application",
    "start": 1568103229401,
    "end": 1568103229521,
    "duration": 120,
    "pid": 14320,
    "index": 61
  },
  {
    "name": "Load Controller",
    "start": 1568103229540,
    "end": 1568103229545,
    "duration": 5,
    "pid": 14320,
    "index": 62
  },
  {
    "name": "Load \"controller\" to Application",
    "start": 1568103229540,
    "end": 1568103229545,
    "duration": 5,
    "pid": 14320,
    "index": 63
  },
  {
    "name": "Load Router",
    "start": 1568103229545,
    "end": 1568103229549,
    "duration": 4,
    "pid": 14320,
    "index": 64
  },
  {
    "name": "Require(46) app/router.js",
    "start": 1568103229545,
    "end": 1568103229546,
    "duration": 1,
    "pid": 14320,
    "index": 65
  },
  {
    "name": "Before Start in node_modules/_egg-core@4.17.3@egg-core/lib/egg.js:303:10",
    "start": 1568103229546,
    "end": 1568103229578,
    "duration": 32,
    "pid": 14320,
    "index": 66
  }
]