[
  {
    "name": "Application Start",
    "start": 1568118322044,
    "end": 1568118323328,
    "duration": 1284,
    "pid": 13204,
    "index": 0
  },
  {
    "name": "Load Plugin",
    "start": 1568118322051,
    "end": 1568118322076,
    "duration": 25,
    "pid": 13204,
    "index": 1
  },
  {
    "name": "Load Config",
    "start": 1568118322076,
    "end": 1568118322104,
    "duration": 28,
    "pid": 13204,
    "index": 2
  },
  {
    "name": "Require(0) config/config.default.js",
    "start": 1568118322077,
    "end": 1568118322078,
    "duration": 1,
    "pid": 13204,
    "index": 3
  },
  {
    "name": "Require(1) node_modules/_egg-session@3.1.0@egg-session/config/config.default.js",
    "start": 1568118322080,
    "end": 1568118322080,
    "duration": 0,
    "pid": 13204,
    "index": 4
  },
  {
    "name": "Require(2) node_modules/_egg-security@2.6.1@egg-security/config/config.default.js",
    "start": 1568118322081,
    "end": 1568118322081,
    "duration": 0,
    "pid": 13204,
    "index": 5
  },
  {
    "name": "Require(3) node_modules/_egg-jsonp@2.0.0@egg-jsonp/config/config.default.js",
    "start": 1568118322082,
    "end": 1568118322083,
    "duration": 1,
    "pid": 13204,
    "index": 6
  },
  {
    "name": "Require(4) node_modules/_egg-onerror@2.1.0@egg-onerror/config/config.default.js",
    "start": 1568118322084,
    "end": 1568118322084,
    "duration": 0,
    "pid": 13204,
    "index": 7
  },
  {
    "name": "Require(5) node_modules/_egg-i18n@2.1.1@egg-i18n/config/config.default.js",
    "start": 1568118322085,
    "end": 1568118322085,
    "duration": 0,
    "pid": 13204,
    "index": 8
  },
  {
    "name": "Require(6) node_modules/_egg-watcher@3.1.0@egg-watcher/config/config.default.js",
    "start": 1568118322086,
    "end": 1568118322087,
    "duration": 1,
    "pid": 13204,
    "index": 9
  },
  {
    "name": "Require(7) node_modules/_egg-schedule@3.6.4@egg-schedule/config/config.default.js",
    "start": 1568118322087,
    "end": 1568118322088,
    "duration": 1,
    "pid": 13204,
    "index": 10
  },
  {
    "name": "Require(8) node_modules/_egg-multipart@2.9.0@egg-multipart/config/config.default.js",
    "start": 1568118322088,
    "end": 1568118322089,
    "duration": 1,
    "pid": 13204,
    "index": 11
  },
  {
    "name": "Require(9) node_modules/_egg-development@2.4.3@egg-development/config/config.default.js",
    "start": 1568118322090,
    "end": 1568118322091,
    "duration": 1,
    "pid": 13204,
    "index": 12
  },
  {
    "name": "Require(10) node_modules/_egg-logrotator@3.1.0@egg-logrotator/config/config.default.js",
    "start": 1568118322091,
    "end": 1568118322092,
    "duration": 1,
    "pid": 13204,
    "index": 13
  },
  {
    "name": "Require(11) node_modules/_egg-static@2.2.0@egg-static/config/config.default.js",
    "start": 1568118322092,
    "end": 1568118322093,
    "duration": 1,
    "pid": 13204,
    "index": 14
  },
  {
    "name": "Require(12) node_modules/_egg-view@2.1.2@egg-view/config/config.default.js",
    "start": 1568118322094,
    "end": 1568118322094,
    "duration": 0,
    "pid": 13204,
    "index": 15
  },
  {
    "name": "Require(13) node_modules/_egg-sequelize@5.2.0@egg-sequelize/config/config.default.js",
    "start": 1568118322095,
    "end": 1568118322095,
    "duration": 0,
    "pid": 13204,
    "index": 16
  },
  {
    "name": "Require(14) node_modules/_egg@2.23.0@egg/config/config.default.js",
    "start": 1568118322096,
    "end": 1568118322096,
    "duration": 0,
    "pid": 13204,
    "index": 17
  },
  {
    "name": "Require(15) config/config.default.js",
    "start": 1568118322098,
    "end": 1568118322098,
    "duration": 0,
    "pid": 13204,
    "index": 18
  },
  {
    "name": "Require(16) node_modules/_egg-security@2.6.1@egg-security/config/config.local.js",
    "start": 1568118322099,
    "end": 1568118322099,
    "duration": 0,
    "pid": 13204,
    "index": 19
  },
  {
    "name": "Require(17) node_modules/_egg-watcher@3.1.0@egg-watcher/config/config.local.js",
    "start": 1568118322100,
    "end": 1568118322101,
    "duration": 1,
    "pid": 13204,
    "index": 20
  },
  {
    "name": "Require(18) node_modules/_egg-view@2.1.2@egg-view/config/config.local.js",
    "start": 1568118322102,
    "end": 1568118322103,
    "duration": 1,
    "pid": 13204,
    "index": 21
  },
  {
    "name": "Require(19) node_modules/_egg@2.23.0@egg/config/config.local.js",
    "start": 1568118322104,
    "end": 1568118322104,
    "duration": 0,
    "pid": 13204,
    "index": 22
  },
  {
    "name": "Load extend/application.js",
    "start": 1568118322106,
    "end": 1568118322126,
    "duration": 20,
    "pid": 13204,
    "index": 23
  },
  {
    "name": "Require(20) node_modules/_egg-session@3.1.0@egg-session/app/extend/application.js",
    "start": 1568118322107,
    "end": 1568118322107,
    "duration": 0,
    "pid": 13204,
    "index": 24
  },
  {
    "name": "Require(21) node_modules/_egg-security@2.6.1@egg-security/app/extend/application.js",
    "start": 1568118322108,
    "end": 1568118322110,
    "duration": 2,
    "pid": 13204,
    "index": 25
  },
  {
    "name": "Require(22) node_modules/_egg-jsonp@2.0.0@egg-jsonp/app/extend/application.js",
    "start": 1568118322110,
    "end": 1568118322113,
    "duration": 3,
    "pid": 13204,
    "index": 26
  },
  {
    "name": "Require(23) node_modules/_egg-logrotator@3.1.0@egg-logrotator/app/extend/application.js",
    "start": 1568118322115,
    "end": 1568118322119,
    "duration": 4,
    "pid": 13204,
    "index": 27
  },
  {
    "name": "Require(24) node_modules/_egg-view@2.1.2@egg-view/app/extend/application.js",
    "start": 1568118322120,
    "end": 1568118322122,
    "duration": 2,
    "pid": 13204,
    "index": 28
  },
  {
    "name": "Load extend/request.js",
    "start": 1568118322126,
    "end": 1568118322137,
    "duration": 11,
    "pid": 13204,
    "index": 29
  },
  {
    "name": "Require(25) node_modules/_egg@2.23.0@egg/app/extend/request.js",
    "start": 1568118322131,
    "end": 1568118322133,
    "duration": 2,
    "pid": 13204,
    "index": 30
  },
  {
    "name": "Load extend/response.js",
    "start": 1568118322137,
    "end": 1568118322148,
    "duration": 11,
    "pid": 13204,
    "index": 31
  },
  {
    "name": "Require(26) node_modules/_egg@2.23.0@egg/app/extend/response.js",
    "start": 1568118322140,
    "end": 1568118322143,
    "duration": 3,
    "pid": 13204,
    "index": 32
  },
  {
    "name": "Load extend/context.js",
    "start": 1568118322148,
    "end": 1568118322265,
    "duration": 117,
    "pid": 13204,
    "index": 33
  },
  {
    "name": "Require(27) node_modules/_egg-security@2.6.1@egg-security/app/extend/context.js",
    "start": 1568118322149,
    "end": 1568118322169,
    "duration": 20,
    "pid": 13204,
    "index": 34
  },
  {
    "name": "Require(28) node_modules/_egg-jsonp@2.0.0@egg-jsonp/app/extend/context.js",
    "start": 1568118322170,
    "end": 1568118322172,
    "duration": 2,
    "pid": 13204,
    "index": 35
  },
  {
    "name": "Require(29) node_modules/_egg-i18n@2.1.1@egg-i18n/app/extend/context.js",
    "start": 1568118322173,
    "end": 1568118322173,
    "duration": 0,
    "pid": 13204,
    "index": 36
  },
  {
    "name": "Require(30) node_modules/_egg-multipart@2.9.0@egg-multipart/app/extend/context.js",
    "start": 1568118322175,
    "end": 1568118322255,
    "duration": 80,
    "pid": 13204,
    "index": 37
  },
  {
    "name": "Require(31) node_modules/_egg-view@2.1.2@egg-view/app/extend/context.js",
    "start": 1568118322256,
    "end": 1568118322257,
    "duration": 1,
    "pid": 13204,
    "index": 38
  },
  {
    "name": "Require(32) node_modules/_egg@2.23.0@egg/app/extend/context.js",
    "start": 1568118322258,
    "end": 1568118322261,
    "duration": 3,
    "pid": 13204,
    "index": 39
  },
  {
    "name": "Load extend/helper.js",
    "start": 1568118322265,
    "end": 1568118322300,
    "duration": 35,
    "pid": 13204,
    "index": 40
  },
  {
    "name": "Require(33) node_modules/_egg-security@2.6.1@egg-security/app/extend/helper.js",
    "start": 1568118322265,
    "end": 1568118322293,
    "duration": 28,
    "pid": 13204,
    "index": 41
  },
  {
    "name": "Require(34) node_modules/_egg@2.23.0@egg/app/extend/helper.js",
    "start": 1568118322296,
    "end": 1568118322297,
    "duration": 1,
    "pid": 13204,
    "index": 42
  },
  {
    "name": "Load app.js",
    "start": 1568118322301,
    "end": 1568118322358,
    "duration": 57,
    "pid": 13204,
    "index": 43
  },
  {
    "name": "Require(35) node_modules/_egg-session@3.1.0@egg-session/app.js",
    "start": 1568118322301,
    "end": 1568118322302,
    "duration": 1,
    "pid": 13204,
    "index": 44
  },
  {
    "name": "Require(36) node_modules/_egg-security@2.6.1@egg-security/app.js",
    "start": 1568118322302,
    "end": 1568118322306,
    "duration": 4,
    "pid": 13204,
    "index": 45
  },
  {
    "name": "Require(37) node_modules/_egg-onerror@2.1.0@egg-onerror/app.js",
    "start": 1568118322307,
    "end": 1568118322323,
    "duration": 16,
    "pid": 13204,
    "index": 46
  },
  {
    "name": "Require(38) node_modules/_egg-i18n@2.1.1@egg-i18n/app.js",
    "start": 1568118322324,
    "end": 1568118322336,
    "duration": 12,
    "pid": 13204,
    "index": 47
  },
  {
    "name": "Require(39) node_modules/_egg-watcher@3.1.0@egg-watcher/app.js",
    "start": 1568118322337,
    "end": 1568118322343,
    "duration": 6,
    "pid": 13204,
    "index": 48
  },
  {
    "name": "Require(40) node_modules/_egg-schedule@3.6.4@egg-schedule/app.js",
    "start": 1568118322344,
    "end": 1568118322347,
    "duration": 3,
    "pid": 13204,
    "index": 49
  },
  {
    "name": "Require(41) node_modules/_egg-multipart@2.9.0@egg-multipart/app.js",
    "start": 1568118322348,
    "end": 1568118322352,
    "duration": 4,
    "pid": 13204,
    "index": 50
  },
  {
    "name": "Require(42) node_modules/_egg-development@2.4.3@egg-development/app.js",
    "start": 1568118322353,
    "end": 1568118322353,
    "duration": 0,
    "pid": 13204,
    "index": 51
  },
  {
    "name": "Require(43) node_modules/_egg-logrotator@3.1.0@egg-logrotator/app.js",
    "start": 1568118322353,
    "end": 1568118322354,
    "duration": 1,
    "pid": 13204,
    "index": 52
  },
  {
    "name": "Require(44) node_modules/_egg-static@2.2.0@egg-static/app.js",
    "start": 1568118322354,
    "end": 1568118322355,
    "duration": 1,
    "pid": 13204,
    "index": 53
  },
  {
    "name": "Require(45) node_modules/_egg-sequelize@5.2.0@egg-sequelize/app.js",
    "start": 1568118322356,
    "end": 1568118322357,
    "duration": 1,
    "pid": 13204,
    "index": 54
  },
  {
    "name": "Before Start in node_modules/_egg-watcher@3.1.0@egg-watcher/lib/init.js:15:14",
    "start": 1568118322376,
    "end": 1568118323290,
    "duration": 914,
    "pid": 13204,
    "index": 55
  },
  {
    "name": "Load \"Symbol(model)\" to Application",
    "start": 1568118322955,
    "end": 1568118323008,
    "duration": 53,
    "pid": 13204,
    "index": 56
  },
  {
    "name": "Before Start in node_modules/_egg-sequelize@5.2.0@egg-sequelize/lib/loader.js:39:7",
    "start": 1568118323023,
    "end": 1568118323327,
    "duration": 304,
    "pid": 13204,
    "index": 57
  },
  {
    "name": "Load Service",
    "start": 1568118323024,
    "end": 1568118323032,
    "duration": 8,
    "pid": 13204,
    "index": 58
  },
  {
    "name": "Load \"service\" to Context",
    "start": 1568118323024,
    "end": 1568118323032,
    "duration": 8,
    "pid": 13204,
    "index": 59
  },
  {
    "name": "Load Middleware",
    "start": 1568118323032,
    "end": 1568118323195,
    "duration": 163,
    "pid": 13204,
    "index": 60
  },
  {
    "name": "Load \"middlewares\" to Application",
    "start": 1568118323032,
    "end": 1568118323175,
    "duration": 143,
    "pid": 13204,
    "index": 61
  },
  {
    "name": "Load Controller",
    "start": 1568118323195,
    "end": 1568118323201,
    "duration": 6,
    "pid": 13204,
    "index": 62
  },
  {
    "name": "Load \"controller\" to Application",
    "start": 1568118323195,
    "end": 1568118323201,
    "duration": 6,
    "pid": 13204,
    "index": 63
  },
  {
    "name": "Load Router",
    "start": 1568118323201,
    "end": 1568118323205,
    "duration": 4,
    "pid": 13204,
    "index": 64
  },
  {
    "name": "Require(46) app/router.js",
    "start": 1568118323201,
    "end": 1568118323202,
    "duration": 1,
    "pid": 13204,
    "index": 65
  },
  {
    "name": "Before Start in node_modules/_egg-core@4.17.3@egg-core/lib/egg.js:303:10",
    "start": 1568118323203,
    "end": 1568118323227,
    "duration": 24,
    "pid": 13204,
    "index": 66
  }
]