[
  {
    "name": "Application Start",
    "start": 1568113730762,
    "end": 1568113732129,
    "duration": 1367,
    "pid": 13832,
    "index": 0
  },
  {
    "name": "Load Plugin",
    "start": 1568113730773,
    "end": 1568113730811,
    "duration": 38,
    "pid": 13832,
    "index": 1
  },
  {
    "name": "Load Config",
    "start": 1568113730811,
    "end": 1568113730851,
    "duration": 40,
    "pid": 13832,
    "index": 2
  },
  {
    "name": "Require(0) config/config.default.js",
    "start": 1568113730813,
    "end": 1568113730813,
    "duration": 0,
    "pid": 13832,
    "index": 3
  },
  {
    "name": "Require(1) node_modules/_egg-session@3.1.0@egg-session/config/config.default.js",
    "start": 1568113730817,
    "end": 1568113730817,
    "duration": 0,
    "pid": 13832,
    "index": 4
  },
  {
    "name": "Require(2) node_modules/_egg-security@2.6.1@egg-security/config/config.default.js",
    "start": 1568113730818,
    "end": 1568113730819,
    "duration": 1,
    "pid": 13832,
    "index": 5
  },
  {
    "name": "Require(3) node_modules/_egg-jsonp@2.0.0@egg-jsonp/config/config.default.js",
    "start": 1568113730821,
    "end": 1568113730822,
    "duration": 1,
    "pid": 13832,
    "index": 6
  },
  {
    "name": "Require(4) node_modules/_egg-onerror@2.1.0@egg-onerror/config/config.default.js",
    "start": 1568113730823,
    "end": 1568113730823,
    "duration": 0,
    "pid": 13832,
    "index": 7
  },
  {
    "name": "Require(5) node_modules/_egg-i18n@2.1.1@egg-i18n/config/config.default.js",
    "start": 1568113730824,
    "end": 1568113730825,
    "duration": 1,
    "pid": 13832,
    "index": 8
  },
  {
    "name": "Require(6) node_modules/_egg-watcher@3.1.0@egg-watcher/config/config.default.js",
    "start": 1568113730826,
    "end": 1568113730826,
    "duration": 0,
    "pid": 13832,
    "index": 9
  },
  {
    "name": "Require(7) node_modules/_egg-schedule@3.6.4@egg-schedule/config/config.default.js",
    "start": 1568113730827,
    "end": 1568113730828,
    "duration": 1,
    "pid": 13832,
    "index": 10
  },
  {
    "name": "Require(8) node_modules/_egg-multipart@2.9.0@egg-multipart/config/config.default.js",
    "start": 1568113730829,
    "end": 1568113730830,
    "duration": 1,
    "pid": 13832,
    "index": 11
  },
  {
    "name": "Require(9) node_modules/_egg-development@2.4.3@egg-development/config/config.default.js",
    "start": 1568113730831,
    "end": 1568113730831,
    "duration": 0,
    "pid": 13832,
    "index": 12
  },
  {
    "name": "Require(10) node_modules/_egg-logrotator@3.1.0@egg-logrotator/config/config.default.js",
    "start": 1568113730832,
    "end": 1568113730833,
    "duration": 1,
    "pid": 13832,
    "index": 13
  },
  {
    "name": "Require(11) node_modules/_egg-static@2.2.0@egg-static/config/config.default.js",
    "start": 1568113730834,
    "end": 1568113730834,
    "duration": 0,
    "pid": 13832,
    "index": 14
  },
  {
    "name": "Require(12) node_modules/_egg-view@2.1.2@egg-view/config/config.default.js",
    "start": 1568113730836,
    "end": 1568113730836,
    "duration": 0,
    "pid": 13832,
    "index": 15
  },
  {
    "name": "Require(13) node_modules/_egg-sequelize@5.2.0@egg-sequelize/config/config.default.js",
    "start": 1568113730837,
    "end": 1568113730838,
    "duration": 1,
    "pid": 13832,
    "index": 16
  },
  {
    "name": "Require(14) node_modules/_egg@2.23.0@egg/config/config.default.js",
    "start": 1568113730839,
    "end": 1568113730840,
    "duration": 1,
    "pid": 13832,
    "index": 17
  },
  {
    "name": "Require(15) config/config.default.js",
    "start": 1568113730843,
    "end": 1568113730843,
    "duration": 0,
    "pid": 13832,
    "index": 18
  },
  {
    "name": "Require(16) node_modules/_egg-security@2.6.1@egg-security/config/config.local.js",
    "start": 1568113730844,
    "end": 1568113730844,
    "duration": 0,
    "pid": 13832,
    "index": 19
  },
  {
    "name": "Require(17) node_modules/_egg-watcher@3.1.0@egg-watcher/config/config.local.js",
    "start": 1568113730846,
    "end": 1568113730847,
    "duration": 1,
    "pid": 13832,
    "index": 20
  },
  {
    "name": "Require(18) node_modules/_egg-view@2.1.2@egg-view/config/config.local.js",
    "start": 1568113730849,
    "end": 1568113730850,
    "duration": 1,
    "pid": 13832,
    "index": 21
  },
  {
    "name": "Require(19) node_modules/_egg@2.23.0@egg/config/config.local.js",
    "start": 1568113730851,
    "end": 1568113730851,
    "duration": 0,
    "pid": 13832,
    "index": 22
  },
  {
    "name": "Load extend/application.js",
    "start": 1568113730853,
    "end": 1568113730881,
    "duration": 28,
    "pid": 13832,
    "index": 23
  },
  {
    "name": "Require(20) node_modules/_egg-session@3.1.0@egg-session/app/extend/application.js",
    "start": 1568113730854,
    "end": 1568113730855,
    "duration": 1,
    "pid": 13832,
    "index": 24
  },
  {
    "name": "Require(21) node_modules/_egg-security@2.6.1@egg-security/app/extend/application.js",
    "start": 1568113730855,
    "end": 1568113730857,
    "duration": 2,
    "pid": 13832,
    "index": 25
  },
  {
    "name": "Require(22) node_modules/_egg-jsonp@2.0.0@egg-jsonp/app/extend/application.js",
    "start": 1568113730858,
    "end": 1568113730861,
    "duration": 3,
    "pid": 13832,
    "index": 26
  },
  {
    "name": "Require(23) node_modules/_egg-logrotator@3.1.0@egg-logrotator/app/extend/application.js",
    "start": 1568113730863,
    "end": 1568113730869,
    "duration": 6,
    "pid": 13832,
    "index": 27
  },
  {
    "name": "Require(24) node_modules/_egg-view@2.1.2@egg-view/app/extend/application.js",
    "start": 1568113730870,
    "end": 1568113730874,
    "duration": 4,
    "pid": 13832,
    "index": 28
  },
  {
    "name": "Load extend/request.js",
    "start": 1568113730881,
    "end": 1568113730896,
    "duration": 15,
    "pid": 13832,
    "index": 29
  },
  {
    "name": "Require(25) node_modules/_egg@2.23.0@egg/app/extend/request.js",
    "start": 1568113730886,
    "end": 1568113730890,
    "duration": 4,
    "pid": 13832,
    "index": 30
  },
  {
    "name": "Load extend/response.js",
    "start": 1568113730896,
    "end": 1568113730909,
    "duration": 13,
    "pid": 13832,
    "index": 31
  },
  {
    "name": "Require(26) node_modules/_egg@2.23.0@egg/app/extend/response.js",
    "start": 1568113730901,
    "end": 1568113730906,
    "duration": 5,
    "pid": 13832,
    "index": 32
  },
  {
    "name": "Load extend/context.js",
    "start": 1568113730909,
    "end": 1568113731067,
    "duration": 158,
    "pid": 13832,
    "index": 33
  },
  {
    "name": "Require(27) node_modules/_egg-security@2.6.1@egg-security/app/extend/context.js",
    "start": 1568113730910,
    "end": 1568113730941,
    "duration": 31,
    "pid": 13832,
    "index": 34
  },
  {
    "name": "Require(28) node_modules/_egg-jsonp@2.0.0@egg-jsonp/app/extend/context.js",
    "start": 1568113730942,
    "end": 1568113730946,
    "duration": 4,
    "pid": 13832,
    "index": 35
  },
  {
    "name": "Require(29) node_modules/_egg-i18n@2.1.1@egg-i18n/app/extend/context.js",
    "start": 1568113730947,
    "end": 1568113730948,
    "duration": 1,
    "pid": 13832,
    "index": 36
  },
  {
    "name": "Require(30) node_modules/_egg-multipart@2.9.0@egg-multipart/app/extend/context.js",
    "start": 1568113730950,
    "end": 1568113731055,
    "duration": 105,
    "pid": 13832,
    "index": 37
  },
  {
    "name": "Require(31) node_modules/_egg-view@2.1.2@egg-view/app/extend/context.js",
    "start": 1568113731056,
    "end": 1568113731058,
    "duration": 2,
    "pid": 13832,
    "index": 38
  },
  {
    "name": "Require(32) node_modules/_egg@2.23.0@egg/app/extend/context.js",
    "start": 1568113731059,
    "end": 1568113731063,
    "duration": 4,
    "pid": 13832,
    "index": 39
  },
  {
    "name": "Load extend/helper.js",
    "start": 1568113731067,
    "end": 1568113731114,
    "duration": 47,
    "pid": 13832,
    "index": 40
  },
  {
    "name": "Require(33) node_modules/_egg-security@2.6.1@egg-security/app/extend/helper.js",
    "start": 1568113731068,
    "end": 1568113731107,
    "duration": 39,
    "pid": 13832,
    "index": 41
  },
  {
    "name": "Require(34) node_modules/_egg@2.23.0@egg/app/extend/helper.js",
    "start": 1568113731110,
    "end": 1568113731110,
    "duration": 0,
    "pid": 13832,
    "index": 42
  },
  {
    "name": "Load app.js",
    "start": 1568113731114,
    "end": 1568113731181,
    "duration": 67,
    "pid": 13832,
    "index": 43
  },
  {
    "name": "Require(35) node_modules/_egg-session@3.1.0@egg-session/app.js",
    "start": 1568113731115,
    "end": 1568113731115,
    "duration": 0,
    "pid": 13832,
    "index": 44
  },
  {
    "name": "Require(36) node_modules/_egg-security@2.6.1@egg-security/app.js",
    "start": 1568113731116,
    "end": 1568113731120,
    "duration": 4,
    "pid": 13832,
    "index": 45
  },
  {
    "name": "Require(37) node_modules/_egg-onerror@2.1.0@egg-onerror/app.js",
    "start": 1568113731121,
    "end": 1568113731140,
    "duration": 19,
    "pid": 13832,
    "index": 46
  },
  {
    "name": "Require(38) node_modules/_egg-i18n@2.1.1@egg-i18n/app.js",
    "start": 1568113731140,
    "end": 1568113731156,
    "duration": 16,
    "pid": 13832,
    "index": 47
  },
  {
    "name": "Require(39) node_modules/_egg-watcher@3.1.0@egg-watcher/app.js",
    "start": 1568113731156,
    "end": 1568113731164,
    "duration": 8,
    "pid": 13832,
    "index": 48
  },
  {
    "name": "Require(40) node_modules/_egg-schedule@3.6.4@egg-schedule/app.js",
    "start": 1568113731164,
    "end": 1568113731167,
    "duration": 3,
    "pid": 13832,
    "index": 49
  },
  {
    "name": "Require(41) node_modules/_egg-multipart@2.9.0@egg-multipart/app.js",
    "start": 1568113731168,
    "end": 1568113731173,
    "duration": 5,
    "pid": 13832,
    "index": 50
  },
  {
    "name": "Require(42) node_modules/_egg-development@2.4.3@egg-development/app.js",
    "start": 1568113731173,
    "end": 1568113731174,
    "duration": 1,
    "pid": 13832,
    "index": 51
  },
  {
    "name": "Require(43) node_modules/_egg-logrotator@3.1.0@egg-logrotator/app.js",
    "start": 1568113731175,
    "end": 1568113731175,
    "duration": 0,
    "pid": 13832,
    "index": 52
  },
  {
    "name": "Require(44) node_modules/_egg-static@2.2.0@egg-static/app.js",
    "start": 1568113731176,
    "end": 1568113731177,
    "duration": 1,
    "pid": 13832,
    "index": 53
  },
  {
    "name": "Require(45) node_modules/_egg-sequelize@5.2.0@egg-sequelize/app.js",
    "start": 1568113731178,
    "end": 1568113731179,
    "duration": 1,
    "pid": 13832,
    "index": 54
  },
  {
    "name": "Before Start in node_modules/_egg-watcher@3.1.0@egg-watcher/lib/init.js:15:14",
    "start": 1568113731200,
    "end": 1568113732090,
    "duration": 890,
    "pid": 13832,
    "index": 55
  },
  {
    "name": "Load \"Symbol(model)\" to Application",
    "start": 1568113731799,
    "end": 1568113731826,
    "duration": 27,
    "pid": 13832,
    "index": 56
  },
  {
    "name": "Before Start in node_modules/_egg-sequelize@5.2.0@egg-sequelize/lib/loader.js:39:7",
    "start": 1568113731836,
    "end": 1568113732128,
    "duration": 292,
    "pid": 13832,
    "index": 57
  },
  {
    "name": "Load Service",
    "start": 1568113731836,
    "end": 1568113731843,
    "duration": 7,
    "pid": 13832,
    "index": 58
  },
  {
    "name": "Load \"service\" to Context",
    "start": 1568113731836,
    "end": 1568113731843,
    "duration": 7,
    "pid": 13832,
    "index": 59
  },
  {
    "name": "Load Middleware",
    "start": 1568113731843,
    "end": 1568113732001,
    "duration": 158,
    "pid": 13832,
    "index": 60
  },
  {
    "name": "Load \"middlewares\" to Application",
    "start": 1568113731843,
    "end": 1568113731979,
    "duration": 136,
    "pid": 13832,
    "index": 61
  },
  {
    "name": "Load Controller",
    "start": 1568113732002,
    "end": 1568113732009,
    "duration": 7,
    "pid": 13832,
    "index": 62
  },
  {
    "name": "Load \"controller\" to Application",
    "start": 1568113732002,
    "end": 1568113732009,
    "duration": 7,
    "pid": 13832,
    "index": 63
  },
  {
    "name": "Load Router",
    "start": 1568113732009,
    "end": 1568113732014,
    "duration": 5,
    "pid": 13832,
    "index": 64
  },
  {
    "name": "Require(46) app/router.js",
    "start": 1568113732010,
    "end": 1568113732011,
    "duration": 1,
    "pid": 13832,
    "index": 65
  },
  {
    "name": "Before Start in node_modules/_egg-core@4.17.3@egg-core/lib/egg.js:303:10",
    "start": 1568113732011,
    "end": 1568113732037,
    "duration": 26,
    "pid": 13832,
    "index": 66
  }
]