[
  {
    "name": "Application Start",
    "start": 1568084056606,
    "end": 1568084057703,
    "duration": 1097,
    "pid": 8776,
    "index": 0
  },
  {
    "name": "Load Plugin",
    "start": 1568084056616,
    "end": 1568084056642,
    "duration": 26,
    "pid": 8776,
    "index": 1
  },
  {
    "name": "Load Config",
    "start": 1568084056643,
    "end": 1568084056669,
    "duration": 26,
    "pid": 8776,
    "index": 2
  },
  {
    "name": "Require(0) config/config.default.js",
    "start": 1568084056644,
    "end": 1568084056644,
    "duration": 0,
    "pid": 8776,
    "index": 3
  },
  {
    "name": "Require(1) node_modules/_egg-session@3.1.0@egg-session/config/config.default.js",
    "start": 1568084056646,
    "end": 1568084056646,
    "duration": 0,
    "pid": 8776,
    "index": 4
  },
  {
    "name": "Require(2) node_modules/_egg-security@2.6.1@egg-security/config/config.default.js",
    "start": 1568084056647,
    "end": 1568084056647,
    "duration": 0,
    "pid": 8776,
    "index": 5
  },
  {
    "name": "Require(3) node_modules/_egg-jsonp@2.0.0@egg-jsonp/config/config.default.js",
    "start": 1568084056649,
    "end": 1568084056649,
    "duration": 0,
    "pid": 8776,
    "index": 6
  },
  {
    "name": "Require(4) node_modules/_egg-onerror@2.1.0@egg-onerror/config/config.default.js",
    "start": 1568084056650,
    "end": 1568084056650,
    "duration": 0,
    "pid": 8776,
    "index": 7
  },
  {
    "name": "Require(5) node_modules/_egg-i18n@2.1.1@egg-i18n/config/config.default.js",
    "start": 1568084056651,
    "end": 1568084056651,
    "duration": 0,
    "pid": 8776,
    "index": 8
  },
  {
    "name": "Require(6) node_modules/_egg-watcher@3.1.0@egg-watcher/config/config.default.js",
    "start": 1568084056652,
    "end": 1568084056652,
    "duration": 0,
    "pid": 8776,
    "index": 9
  },
  {
    "name": "Require(7) node_modules/_egg-schedule@3.6.4@egg-schedule/config/config.default.js",
    "start": 1568084056653,
    "end": 1568084056653,
    "duration": 0,
    "pid": 8776,
    "index": 10
  },
  {
    "name": "Require(8) node_modules/_egg-multipart@2.9.0@egg-multipart/config/config.default.js",
    "start": 1568084056654,
    "end": 1568084056654,
    "duration": 0,
    "pid": 8776,
    "index": 11
  },
  {
    "name": "Require(9) node_modules/_egg-development@2.4.3@egg-development/config/config.default.js",
    "start": 1568084056655,
    "end": 1568084056656,
    "duration": 1,
    "pid": 8776,
    "index": 12
  },
  {
    "name": "Require(10) node_modules/_egg-logrotator@3.1.0@egg-logrotator/config/config.default.js",
    "start": 1568084056656,
    "end": 1568084056657,
    "duration": 1,
    "pid": 8776,
    "index": 13
  },
  {
    "name": "Require(11) node_modules/_egg-static@2.2.0@egg-static/config/config.default.js",
    "start": 1568084056657,
    "end": 1568084056657,
    "duration": 0,
    "pid": 8776,
    "index": 14
  },
  {
    "name": "Require(12) node_modules/_egg-view@2.1.2@egg-view/config/config.default.js",
    "start": 1568084056658,
    "end": 1568084056659,
    "duration": 1,
    "pid": 8776,
    "index": 15
  },
  {
    "name": "Require(13) node_modules/_egg-sequelize@5.2.0@egg-sequelize/config/config.default.js",
    "start": 1568084056659,
    "end": 1568084056660,
    "duration": 1,
    "pid": 8776,
    "index": 16
  },
  {
    "name": "Require(14) node_modules/_egg@2.23.0@egg/config/config.default.js",
    "start": 1568084056660,
    "end": 1568084056661,
    "duration": 1,
    "pid": 8776,
    "index": 17
  },
  {
    "name": "Require(15) config/config.default.js",
    "start": 1568084056662,
    "end": 1568084056662,
    "duration": 0,
    "pid": 8776,
    "index": 18
  },
  {
    "name": "Require(16) node_modules/_egg-security@2.6.1@egg-security/config/config.local.js",
    "start": 1568084056663,
    "end": 1568084056664,
    "duration": 1,
    "pid": 8776,
    "index": 19
  },
  {
    "name": "Require(17) node_modules/_egg-watcher@3.1.0@egg-watcher/config/config.local.js",
    "start": 1568084056665,
    "end": 1568084056665,
    "duration": 0,
    "pid": 8776,
    "index": 20
  },
  {
    "name": "Require(18) node_modules/_egg-view@2.1.2@egg-view/config/config.local.js",
    "start": 1568084056667,
    "end": 1568084056667,
    "duration": 0,
    "pid": 8776,
    "index": 21
  },
  {
    "name": "Require(19) node_modules/_egg@2.23.0@egg/config/config.local.js",
    "start": 1568084056668,
    "end": 1568084056668,
    "duration": 0,
    "pid": 8776,
    "index": 22
  },
  {
    "name": "Load extend/application.js",
    "start": 1568084056670,
    "end": 1568084056689,
    "duration": 19,
    "pid": 8776,
    "index": 23
  },
  {
    "name": "Require(20) node_modules/_egg-session@3.1.0@egg-session/app/extend/application.js",
    "start": 1568084056671,
    "end": 1568084056672,
    "duration": 1,
    "pid": 8776,
    "index": 24
  },
  {
    "name": "Require(21) node_modules/_egg-security@2.6.1@egg-security/app/extend/application.js",
    "start": 1568084056672,
    "end": 1568084056674,
    "duration": 2,
    "pid": 8776,
    "index": 25
  },
  {
    "name": "Require(22) node_modules/_egg-jsonp@2.0.0@egg-jsonp/app/extend/application.js",
    "start": 1568084056674,
    "end": 1568084056677,
    "duration": 3,
    "pid": 8776,
    "index": 26
  },
  {
    "name": "Require(23) node_modules/_egg-logrotator@3.1.0@egg-logrotator/app/extend/application.js",
    "start": 1568084056679,
    "end": 1568084056683,
    "duration": 4,
    "pid": 8776,
    "index": 27
  },
  {
    "name": "Require(24) node_modules/_egg-view@2.1.2@egg-view/app/extend/application.js",
    "start": 1568084056683,
    "end": 1568084056686,
    "duration": 3,
    "pid": 8776,
    "index": 28
  },
  {
    "name": "Load extend/request.js",
    "start": 1568084056689,
    "end": 1568084056698,
    "duration": 9,
    "pid": 8776,
    "index": 29
  },
  {
    "name": "Require(25) node_modules/_egg@2.23.0@egg/app/extend/request.js",
    "start": 1568084056693,
    "end": 1568084056695,
    "duration": 2,
    "pid": 8776,
    "index": 30
  },
  {
    "name": "Load extend/response.js",
    "start": 1568084056699,
    "end": 1568084056708,
    "duration": 9,
    "pid": 8776,
    "index": 31
  },
  {
    "name": "Require(26) node_modules/_egg@2.23.0@egg/app/extend/response.js",
    "start": 1568084056702,
    "end": 1568084056705,
    "duration": 3,
    "pid": 8776,
    "index": 32
  },
  {
    "name": "Load extend/context.js",
    "start": 1568084056708,
    "end": 1568084056822,
    "duration": 114,
    "pid": 8776,
    "index": 33
  },
  {
    "name": "Require(27) node_modules/_egg-security@2.6.1@egg-security/app/extend/context.js",
    "start": 1568084056709,
    "end": 1568084056729,
    "duration": 20,
    "pid": 8776,
    "index": 34
  },
  {
    "name": "Require(28) node_modules/_egg-jsonp@2.0.0@egg-jsonp/app/extend/context.js",
    "start": 1568084056729,
    "end": 1568084056732,
    "duration": 3,
    "pid": 8776,
    "index": 35
  },
  {
    "name": "Require(29) node_modules/_egg-i18n@2.1.1@egg-i18n/app/extend/context.js",
    "start": 1568084056733,
    "end": 1568084056733,
    "duration": 0,
    "pid": 8776,
    "index": 36
  },
  {
    "name": "Require(30) node_modules/_egg-multipart@2.9.0@egg-multipart/app/extend/context.js",
    "start": 1568084056734,
    "end": 1568084056811,
    "duration": 77,
    "pid": 8776,
    "index": 37
  },
  {
    "name": "Require(31) node_modules/_egg-view@2.1.2@egg-view/app/extend/context.js",
    "start": 1568084056813,
    "end": 1568084056815,
    "duration": 2,
    "pid": 8776,
    "index": 38
  },
  {
    "name": "Require(32) node_modules/_egg@2.23.0@egg/app/extend/context.js",
    "start": 1568084056815,
    "end": 1568084056818,
    "duration": 3,
    "pid": 8776,
    "index": 39
  },
  {
    "name": "Load extend/helper.js",
    "start": 1568084056822,
    "end": 1568084056857,
    "duration": 35,
    "pid": 8776,
    "index": 40
  },
  {
    "name": "Require(33) node_modules/_egg-security@2.6.1@egg-security/app/extend/helper.js",
    "start": 1568084056823,
    "end": 1568084056851,
    "duration": 28,
    "pid": 8776,
    "index": 41
  },
  {
    "name": "Require(34) node_modules/_egg@2.23.0@egg/app/extend/helper.js",
    "start": 1568084056854,
    "end": 1568084056854,
    "duration": 0,
    "pid": 8776,
    "index": 42
  },
  {
    "name": "Load app.js",
    "start": 1568084056858,
    "end": 1568084056911,
    "duration": 53,
    "pid": 8776,
    "index": 43
  },
  {
    "name": "Require(35) node_modules/_egg-session@3.1.0@egg-session/app.js",
    "start": 1568084056858,
    "end": 1568084056859,
    "duration": 1,
    "pid": 8776,
    "index": 44
  },
  {
    "name": "Require(36) node_modules/_egg-security@2.6.1@egg-security/app.js",
    "start": 1568084056859,
    "end": 1568084056862,
    "duration": 3,
    "pid": 8776,
    "index": 45
  },
  {
    "name": "Require(37) node_modules/_egg-onerror@2.1.0@egg-onerror/app.js",
    "start": 1568084056863,
    "end": 1568084056878,
    "duration": 15,
    "pid": 8776,
    "index": 46
  },
  {
    "name": "Require(38) node_modules/_egg-i18n@2.1.1@egg-i18n/app.js",
    "start": 1568084056879,
    "end": 1568084056891,
    "duration": 12,
    "pid": 8776,
    "index": 47
  },
  {
    "name": "Require(39) node_modules/_egg-watcher@3.1.0@egg-watcher/app.js",
    "start": 1568084056892,
    "end": 1568084056898,
    "duration": 6,
    "pid": 8776,
    "index": 48
  },
  {
    "name": "Require(40) node_modules/_egg-schedule@3.6.4@egg-schedule/app.js",
    "start": 1568084056898,
    "end": 1568084056901,
    "duration": 3,
    "pid": 8776,
    "index": 49
  },
  {
    "name": "Require(41) node_modules/_egg-multipart@2.9.0@egg-multipart/app.js",
    "start": 1568084056902,
    "end": 1568084056906,
    "duration": 4,
    "pid": 8776,
    "index": 50
  },
  {
    "name": "Require(42) node_modules/_egg-development@2.4.3@egg-development/app.js",
    "start": 1568084056906,
    "end": 1568084056907,
    "duration": 1,
    "pid": 8776,
    "index": 51
  },
  {
    "name": "Require(43) node_modules/_egg-logrotator@3.1.0@egg-logrotator/app.js",
    "start": 1568084056907,
    "end": 1568084056907,
    "duration": 0,
    "pid": 8776,
    "index": 52
  },
  {
    "name": "Require(44) node_modules/_egg-static@2.2.0@egg-static/app.js",
    "start": 1568084056908,
    "end": 1568084056908,
    "duration": 0,
    "pid": 8776,
    "index": 53
  },
  {
    "name": "Require(45) node_modules/_egg-sequelize@5.2.0@egg-sequelize/app.js",
    "start": 1568084056909,
    "end": 1568084056909,
    "duration": 0,
    "pid": 8776,
    "index": 54
  },
  {
    "name": "Before Start in node_modules/_egg-watcher@3.1.0@egg-watcher/lib/init.js:15:14",
    "start": 1568084056926,
    "end": 1568084057661,
    "duration": 735,
    "pid": 8776,
    "index": 55
  },
  {
    "name": "Load \"Symbol(model)\" to Application",
    "start": 1568084057431,
    "end": 1568084057444,
    "duration": 13,
    "pid": 8776,
    "index": 56
  },
  {
    "name": "Before Start in node_modules/_egg-sequelize@5.2.0@egg-sequelize/lib/loader.js:39:7",
    "start": 1568084057444,
    "end": 1568084057703,
    "duration": 259,
    "pid": 8776,
    "index": 57
  },
  {
    "name": "Load Service",
    "start": 1568084057444,
    "end": 1568084057450,
    "duration": 6,
    "pid": 8776,
    "index": 58
  },
  {
    "name": "Load \"service\" to Context",
    "start": 1568084057445,
    "end": 1568084057450,
    "duration": 5,
    "pid": 8776,
    "index": 59
  },
  {
    "name": "Load Middleware",
    "start": 1568084057450,
    "end": 1568084057583,
    "duration": 133,
    "pid": 8776,
    "index": 60
  },
  {
    "name": "Load \"middlewares\" to Application",
    "start": 1568084057450,
    "end": 1568084057561,
    "duration": 111,
    "pid": 8776,
    "index": 61
  },
  {
    "name": "Load Controller",
    "start": 1568084057583,
    "end": 1568084057587,
    "duration": 4,
    "pid": 8776,
    "index": 62
  },
  {
    "name": "Load \"controller\" to Application",
    "start": 1568084057583,
    "end": 1568084057587,
    "duration": 4,
    "pid": 8776,
    "index": 63
  },
  {
    "name": "Load Router",
    "start": 1568084057587,
    "end": 1568084057590,
    "duration": 3,
    "pid": 8776,
    "index": 64
  },
  {
    "name": "Require(46) app/router.js",
    "start": 1568084057587,
    "end": 1568084057588,
    "duration": 1,
    "pid": 8776,
    "index": 65
  },
  {
    "name": "Before Start in node_modules/_egg-core@4.17.3@egg-core/lib/egg.js:303:10",
    "start": 1568084057588,
    "end": 1568084057611,
    "duration": 23,
    "pid": 8776,
    "index": 66
  }
]