[
  {
    "name": "Application Start",
    "start": 1568084102250,
    "end": 1568084103404,
    "duration": 1154,
    "pid": 7576,
    "index": 0
  },
  {
    "name": "Load Plugin",
    "start": 1568084102257,
    "end": 1568084102282,
    "duration": 25,
    "pid": 7576,
    "index": 1
  },
  {
    "name": "Load Config",
    "start": 1568084102282,
    "end": 1568084102311,
    "duration": 29,
    "pid": 7576,
    "index": 2
  },
  {
    "name": "Require(0) config/config.default.js",
    "start": 1568084102283,
    "end": 1568084102284,
    "duration": 1,
    "pid": 7576,
    "index": 3
  },
  {
    "name": "Require(1) node_modules/_egg-session@3.1.0@egg-session/config/config.default.js",
    "start": 1568084102286,
    "end": 1568084102286,
    "duration": 0,
    "pid": 7576,
    "index": 4
  },
  {
    "name": "Require(2) node_modules/_egg-security@2.6.1@egg-security/config/config.default.js",
    "start": 1568084102287,
    "end": 1568084102288,
    "duration": 1,
    "pid": 7576,
    "index": 5
  },
  {
    "name": "Require(3) node_modules/_egg-jsonp@2.0.0@egg-jsonp/config/config.default.js",
    "start": 1568084102290,
    "end": 1568084102290,
    "duration": 0,
    "pid": 7576,
    "index": 6
  },
  {
    "name": "Require(4) node_modules/_egg-onerror@2.1.0@egg-onerror/config/config.default.js",
    "start": 1568084102291,
    "end": 1568084102291,
    "duration": 0,
    "pid": 7576,
    "index": 7
  },
  {
    "name": "Require(5) node_modules/_egg-i18n@2.1.1@egg-i18n/config/config.default.js",
    "start": 1568084102292,
    "end": 1568084102292,
    "duration": 0,
    "pid": 7576,
    "index": 8
  },
  {
    "name": "Require(6) node_modules/_egg-watcher@3.1.0@egg-watcher/config/config.default.js",
    "start": 1568084102293,
    "end": 1568084102293,
    "duration": 0,
    "pid": 7576,
    "index": 9
  },
  {
    "name": "Require(7) node_modules/_egg-schedule@3.6.4@egg-schedule/config/config.default.js",
    "start": 1568084102294,
    "end": 1568084102294,
    "duration": 0,
    "pid": 7576,
    "index": 10
  },
  {
    "name": "Require(8) node_modules/_egg-multipart@2.9.0@egg-multipart/config/config.default.js",
    "start": 1568084102295,
    "end": 1568084102295,
    "duration": 0,
    "pid": 7576,
    "index": 11
  },
  {
    "name": "Require(9) node_modules/_egg-development@2.4.3@egg-development/config/config.default.js",
    "start": 1568084102296,
    "end": 1568084102297,
    "duration": 1,
    "pid": 7576,
    "index": 12
  },
  {
    "name": "Require(10) node_modules/_egg-logrotator@3.1.0@egg-logrotator/config/config.default.js",
    "start": 1568084102297,
    "end": 1568084102298,
    "duration": 1,
    "pid": 7576,
    "index": 13
  },
  {
    "name": "Require(11) node_modules/_egg-static@2.2.0@egg-static/config/config.default.js",
    "start": 1568084102298,
    "end": 1568084102298,
    "duration": 0,
    "pid": 7576,
    "index": 14
  },
  {
    "name": "Require(12) node_modules/_egg-view@2.1.2@egg-view/config/config.default.js",
    "start": 1568084102299,
    "end": 1568084102300,
    "duration": 1,
    "pid": 7576,
    "index": 15
  },
  {
    "name": "Require(13) node_modules/_egg-sequelize@5.2.0@egg-sequelize/config/config.default.js",
    "start": 1568084102300,
    "end": 1568084102301,
    "duration": 1,
    "pid": 7576,
    "index": 16
  },
  {
    "name": "Require(14) node_modules/_egg@2.23.0@egg/config/config.default.js",
    "start": 1568084102301,
    "end": 1568084102302,
    "duration": 1,
    "pid": 7576,
    "index": 17
  },
  {
    "name": "Require(15) config/config.default.js",
    "start": 1568084102304,
    "end": 1568084102304,
    "duration": 0,
    "pid": 7576,
    "index": 18
  },
  {
    "name": "Require(16) node_modules/_egg-security@2.6.1@egg-security/config/config.local.js",
    "start": 1568084102305,
    "end": 1568084102305,
    "duration": 0,
    "pid": 7576,
    "index": 19
  },
  {
    "name": "Require(17) node_modules/_egg-watcher@3.1.0@egg-watcher/config/config.local.js",
    "start": 1568084102307,
    "end": 1568084102307,
    "duration": 0,
    "pid": 7576,
    "index": 20
  },
  {
    "name": "Require(18) node_modules/_egg-view@2.1.2@egg-view/config/config.local.js",
    "start": 1568084102309,
    "end": 1568084102309,
    "duration": 0,
    "pid": 7576,
    "index": 21
  },
  {
    "name": "Require(19) node_modules/_egg@2.23.0@egg/config/config.local.js",
    "start": 1568084102310,
    "end": 1568084102310,
    "duration": 0,
    "pid": 7576,
    "index": 22
  },
  {
    "name": "Load extend/application.js",
    "start": 1568084102312,
    "end": 1568084102332,
    "duration": 20,
    "pid": 7576,
    "index": 23
  },
  {
    "name": "Require(20) node_modules/_egg-session@3.1.0@egg-session/app/extend/application.js",
    "start": 1568084102313,
    "end": 1568084102314,
    "duration": 1,
    "pid": 7576,
    "index": 24
  },
  {
    "name": "Require(21) node_modules/_egg-security@2.6.1@egg-security/app/extend/application.js",
    "start": 1568084102314,
    "end": 1568084102316,
    "duration": 2,
    "pid": 7576,
    "index": 25
  },
  {
    "name": "Require(22) node_modules/_egg-jsonp@2.0.0@egg-jsonp/app/extend/application.js",
    "start": 1568084102316,
    "end": 1568084102319,
    "duration": 3,
    "pid": 7576,
    "index": 26
  },
  {
    "name": "Require(23) node_modules/_egg-logrotator@3.1.0@egg-logrotator/app/extend/application.js",
    "start": 1568084102321,
    "end": 1568084102325,
    "duration": 4,
    "pid": 7576,
    "index": 27
  },
  {
    "name": "Require(24) node_modules/_egg-view@2.1.2@egg-view/app/extend/application.js",
    "start": 1568084102326,
    "end": 1568084102328,
    "duration": 2,
    "pid": 7576,
    "index": 28
  },
  {
    "name": "Load extend/request.js",
    "start": 1568084102332,
    "end": 1568084102342,
    "duration": 10,
    "pid": 7576,
    "index": 29
  },
  {
    "name": "Require(25) node_modules/_egg@2.23.0@egg/app/extend/request.js",
    "start": 1568084102336,
    "end": 1568084102338,
    "duration": 2,
    "pid": 7576,
    "index": 30
  },
  {
    "name": "Load extend/response.js",
    "start": 1568084102342,
    "end": 1568084102352,
    "duration": 10,
    "pid": 7576,
    "index": 31
  },
  {
    "name": "Require(26) node_modules/_egg@2.23.0@egg/app/extend/response.js",
    "start": 1568084102345,
    "end": 1568084102348,
    "duration": 3,
    "pid": 7576,
    "index": 32
  },
  {
    "name": "Load extend/context.js",
    "start": 1568084102352,
    "end": 1568084102461,
    "duration": 109,
    "pid": 7576,
    "index": 33
  },
  {
    "name": "Require(27) node_modules/_egg-security@2.6.1@egg-security/app/extend/context.js",
    "start": 1568084102352,
    "end": 1568084102374,
    "duration": 22,
    "pid": 7576,
    "index": 34
  },
  {
    "name": "Require(28) node_modules/_egg-jsonp@2.0.0@egg-jsonp/app/extend/context.js",
    "start": 1568084102374,
    "end": 1568084102377,
    "duration": 3,
    "pid": 7576,
    "index": 35
  },
  {
    "name": "Require(29) node_modules/_egg-i18n@2.1.1@egg-i18n/app/extend/context.js",
    "start": 1568084102378,
    "end": 1568084102378,
    "duration": 0,
    "pid": 7576,
    "index": 36
  },
  {
    "name": "Require(30) node_modules/_egg-multipart@2.9.0@egg-multipart/app/extend/context.js",
    "start": 1568084102379,
    "end": 1568084102450,
    "duration": 71,
    "pid": 7576,
    "index": 37
  },
  {
    "name": "Require(31) node_modules/_egg-view@2.1.2@egg-view/app/extend/context.js",
    "start": 1568084102451,
    "end": 1568084102453,
    "duration": 2,
    "pid": 7576,
    "index": 38
  },
  {
    "name": "Require(32) node_modules/_egg@2.23.0@egg/app/extend/context.js",
    "start": 1568084102453,
    "end": 1568084102458,
    "duration": 5,
    "pid": 7576,
    "index": 39
  },
  {
    "name": "Load extend/helper.js",
    "start": 1568084102461,
    "end": 1568084102496,
    "duration": 35,
    "pid": 7576,
    "index": 40
  },
  {
    "name": "Require(33) node_modules/_egg-security@2.6.1@egg-security/app/extend/helper.js",
    "start": 1568084102462,
    "end": 1568084102490,
    "duration": 28,
    "pid": 7576,
    "index": 41
  },
  {
    "name": "Require(34) node_modules/_egg@2.23.0@egg/app/extend/helper.js",
    "start": 1568084102492,
    "end": 1568084102493,
    "duration": 1,
    "pid": 7576,
    "index": 42
  },
  {
    "name": "Load app.js",
    "start": 1568084102497,
    "end": 1568084102555,
    "duration": 58,
    "pid": 7576,
    "index": 43
  },
  {
    "name": "Require(35) node_modules/_egg-session@3.1.0@egg-session/app.js",
    "start": 1568084102497,
    "end": 1568084102498,
    "duration": 1,
    "pid": 7576,
    "index": 44
  },
  {
    "name": "Require(36) node_modules/_egg-security@2.6.1@egg-security/app.js",
    "start": 1568084102498,
    "end": 1568084102501,
    "duration": 3,
    "pid": 7576,
    "index": 45
  },
  {
    "name": "Require(37) node_modules/_egg-onerror@2.1.0@egg-onerror/app.js",
    "start": 1568084102502,
    "end": 1568084102518,
    "duration": 16,
    "pid": 7576,
    "index": 46
  },
  {
    "name": "Require(38) node_modules/_egg-i18n@2.1.1@egg-i18n/app.js",
    "start": 1568084102518,
    "end": 1568084102531,
    "duration": 13,
    "pid": 7576,
    "index": 47
  },
  {
    "name": "Require(39) node_modules/_egg-watcher@3.1.0@egg-watcher/app.js",
    "start": 1568084102531,
    "end": 1568084102539,
    "duration": 8,
    "pid": 7576,
    "index": 48
  },
  {
    "name": "Require(40) node_modules/_egg-schedule@3.6.4@egg-schedule/app.js",
    "start": 1568084102540,
    "end": 1568084102544,
    "duration": 4,
    "pid": 7576,
    "index": 49
  },
  {
    "name": "Require(41) node_modules/_egg-multipart@2.9.0@egg-multipart/app.js",
    "start": 1568084102544,
    "end": 1568084102549,
    "duration": 5,
    "pid": 7576,
    "index": 50
  },
  {
    "name": "Require(42) node_modules/_egg-development@2.4.3@egg-development/app.js",
    "start": 1568084102550,
    "end": 1568084102550,
    "duration": 0,
    "pid": 7576,
    "index": 51
  },
  {
    "name": "Require(43) node_modules/_egg-logrotator@3.1.0@egg-logrotator/app.js",
    "start": 1568084102550,
    "end": 1568084102551,
    "duration": 1,
    "pid": 7576,
    "index": 52
  },
  {
    "name": "Require(44) node_modules/_egg-static@2.2.0@egg-static/app.js",
    "start": 1568084102551,
    "end": 1568084102552,
    "duration": 1,
    "pid": 7576,
    "index": 53
  },
  {
    "name": "Require(45) node_modules/_egg-sequelize@5.2.0@egg-sequelize/app.js",
    "start": 1568084102552,
    "end": 1568084102553,
    "duration": 1,
    "pid": 7576,
    "index": 54
  },
  {
    "name": "Before Start in node_modules/_egg-watcher@3.1.0@egg-watcher/lib/init.js:15:14",
    "start": 1568084102572,
    "end": 1568084103358,
    "duration": 786,
    "pid": 7576,
    "index": 55
  },
  {
    "name": "Load \"Symbol(model)\" to Application",
    "start": 1568084103123,
    "end": 1568084103135,
    "duration": 12,
    "pid": 7576,
    "index": 56
  },
  {
    "name": "Before Start in node_modules/_egg-sequelize@5.2.0@egg-sequelize/lib/loader.js:39:7",
    "start": 1568084103135,
    "end": 1568084103403,
    "duration": 268,
    "pid": 7576,
    "index": 57
  },
  {
    "name": "Load Service",
    "start": 1568084103135,
    "end": 1568084103142,
    "duration": 7,
    "pid": 7576,
    "index": 58
  },
  {
    "name": "Load \"service\" to Context",
    "start": 1568084103136,
    "end": 1568084103142,
    "duration": 6,
    "pid": 7576,
    "index": 59
  },
  {
    "name": "Load Middleware",
    "start": 1568084103142,
    "end": 1568084103273,
    "duration": 131,
    "pid": 7576,
    "index": 60
  },
  {
    "name": "Load \"middlewares\" to Application",
    "start": 1568084103142,
    "end": 1568084103258,
    "duration": 116,
    "pid": 7576,
    "index": 61
  },
  {
    "name": "Load Controller",
    "start": 1568084103273,
    "end": 1568084103276,
    "duration": 3,
    "pid": 7576,
    "index": 62
  },
  {
    "name": "Load \"controller\" to Application",
    "start": 1568084103273,
    "end": 1568084103276,
    "duration": 3,
    "pid": 7576,
    "index": 63
  },
  {
    "name": "Load Router",
    "start": 1568084103276,
    "end": 1568084103279,
    "duration": 3,
    "pid": 7576,
    "index": 64
  },
  {
    "name": "Require(46) app/router.js",
    "start": 1568084103277,
    "end": 1568084103277,
    "duration": 0,
    "pid": 7576,
    "index": 65
  },
  {
    "name": "Before Start in node_modules/_egg-core@4.17.3@egg-core/lib/egg.js:303:10",
    "start": 1568084103277,
    "end": 1568084103299,
    "duration": 22,
    "pid": 7576,
    "index": 66
  }
]