[
  {
    "name": "Application Start",
    "start": 1568103159277,
    "end": 1568103160818,
    "duration": 1541,
    "pid": 5184,
    "index": 0
  },
  {
    "name": "Load Plugin",
    "start": 1568103159284,
    "end": 1568103159313,
    "duration": 29,
    "pid": 5184,
    "index": 1
  },
  {
    "name": "Load Config",
    "start": 1568103159314,
    "end": 1568103159346,
    "duration": 32,
    "pid": 5184,
    "index": 2
  },
  {
    "name": "Require(0) config/config.default.js",
    "start": 1568103159315,
    "end": 1568103159315,
    "duration": 0,
    "pid": 5184,
    "index": 3
  },
  {
    "name": "Require(1) node_modules/_egg-session@3.1.0@egg-session/config/config.default.js",
    "start": 1568103159318,
    "end": 1568103159318,
    "duration": 0,
    "pid": 5184,
    "index": 4
  },
  {
    "name": "Require(2) node_modules/_egg-security@2.6.1@egg-security/config/config.default.js",
    "start": 1568103159319,
    "end": 1568103159319,
    "duration": 0,
    "pid": 5184,
    "index": 5
  },
  {
    "name": "Require(3) node_modules/_egg-jsonp@2.0.0@egg-jsonp/config/config.default.js",
    "start": 1568103159321,
    "end": 1568103159321,
    "duration": 0,
    "pid": 5184,
    "index": 6
  },
  {
    "name": "Require(4) node_modules/_egg-onerror@2.1.0@egg-onerror/config/config.default.js",
    "start": 1568103159322,
    "end": 1568103159322,
    "duration": 0,
    "pid": 5184,
    "index": 7
  },
  {
    "name": "Require(5) node_modules/_egg-i18n@2.1.1@egg-i18n/config/config.default.js",
    "start": 1568103159323,
    "end": 1568103159323,
    "duration": 0,
    "pid": 5184,
    "index": 8
  },
  {
    "name": "Require(6) node_modules/_egg-watcher@3.1.0@egg-watcher/config/config.default.js",
    "start": 1568103159324,
    "end": 1568103159324,
    "duration": 0,
    "pid": 5184,
    "index": 9
  },
  {
    "name": "Require(7) node_modules/_egg-schedule@3.6.4@egg-schedule/config/config.default.js",
    "start": 1568103159325,
    "end": 1568103159325,
    "duration": 0,
    "pid": 5184,
    "index": 10
  },
  {
    "name": "Require(8) node_modules/_egg-multipart@2.9.0@egg-multipart/config/config.default.js",
    "start": 1568103159326,
    "end": 1568103159327,
    "duration": 1,
    "pid": 5184,
    "index": 11
  },
  {
    "name": "Require(9) node_modules/_egg-development@2.4.3@egg-development/config/config.default.js",
    "start": 1568103159328,
    "end": 1568103159328,
    "duration": 0,
    "pid": 5184,
    "index": 12
  },
  {
    "name": "Require(10) node_modules/_egg-logrotator@3.1.0@egg-logrotator/config/config.default.js",
    "start": 1568103159329,
    "end": 1568103159329,
    "duration": 0,
    "pid": 5184,
    "index": 13
  },
  {
    "name": "Require(11) node_modules/_egg-static@2.2.0@egg-static/config/config.default.js",
    "start": 1568103159330,
    "end": 1568103159330,
    "duration": 0,
    "pid": 5184,
    "index": 14
  },
  {
    "name": "Require(12) node_modules/_egg-view@2.1.2@egg-view/config/config.default.js",
    "start": 1568103159331,
    "end": 1568103159332,
    "duration": 1,
    "pid": 5184,
    "index": 15
  },
  {
    "name": "Require(13) node_modules/_egg-sequelize@5.2.0@egg-sequelize/config/config.default.js",
    "start": 1568103159333,
    "end": 1568103159333,
    "duration": 0,
    "pid": 5184,
    "index": 16
  },
  {
    "name": "Require(14) node_modules/_egg@2.23.0@egg/config/config.default.js",
    "start": 1568103159334,
    "end": 1568103159335,
    "duration": 1,
    "pid": 5184,
    "index": 17
  },
  {
    "name": "Require(15) config/config.default.js",
    "start": 1568103159338,
    "end": 1568103159338,
    "duration": 0,
    "pid": 5184,
    "index": 18
  },
  {
    "name": "Require(16) node_modules/_egg-security@2.6.1@egg-security/config/config.local.js",
    "start": 1568103159339,
    "end": 1568103159339,
    "duration": 0,
    "pid": 5184,
    "index": 19
  },
  {
    "name": "Require(17) node_modules/_egg-watcher@3.1.0@egg-watcher/config/config.local.js",
    "start": 1568103159340,
    "end": 1568103159341,
    "duration": 1,
    "pid": 5184,
    "index": 20
  },
  {
    "name": "Require(18) node_modules/_egg-view@2.1.2@egg-view/config/config.local.js",
    "start": 1568103159343,
    "end": 1568103159344,
    "duration": 1,
    "pid": 5184,
    "index": 21
  },
  {
    "name": "Require(19) node_modules/_egg@2.23.0@egg/config/config.local.js",
    "start": 1568103159345,
    "end": 1568103159345,
    "duration": 0,
    "pid": 5184,
    "index": 22
  },
  {
    "name": "Load extend/application.js",
    "start": 1568103159349,
    "end": 1568103159373,
    "duration": 24,
    "pid": 5184,
    "index": 23
  },
  {
    "name": "Require(20) node_modules/_egg-session@3.1.0@egg-session/app/extend/application.js",
    "start": 1568103159350,
    "end": 1568103159350,
    "duration": 0,
    "pid": 5184,
    "index": 24
  },
  {
    "name": "Require(21) node_modules/_egg-security@2.6.1@egg-security/app/extend/application.js",
    "start": 1568103159351,
    "end": 1568103159353,
    "duration": 2,
    "pid": 5184,
    "index": 25
  },
  {
    "name": "Require(22) node_modules/_egg-jsonp@2.0.0@egg-jsonp/app/extend/application.js",
    "start": 1568103159353,
    "end": 1568103159358,
    "duration": 5,
    "pid": 5184,
    "index": 26
  },
  {
    "name": "Require(23) node_modules/_egg-logrotator@3.1.0@egg-logrotator/app/extend/application.js",
    "start": 1568103159360,
    "end": 1568103159365,
    "duration": 5,
    "pid": 5184,
    "index": 27
  },
  {
    "name": "Require(24) node_modules/_egg-view@2.1.2@egg-view/app/extend/application.js",
    "start": 1568103159366,
    "end": 1568103159368,
    "duration": 2,
    "pid": 5184,
    "index": 28
  },
  {
    "name": "Load extend/request.js",
    "start": 1568103159373,
    "end": 1568103159384,
    "duration": 11,
    "pid": 5184,
    "index": 29
  },
  {
    "name": "Require(25) node_modules/_egg@2.23.0@egg/app/extend/request.js",
    "start": 1568103159378,
    "end": 1568103159380,
    "duration": 2,
    "pid": 5184,
    "index": 30
  },
  {
    "name": "Load extend/response.js",
    "start": 1568103159384,
    "end": 1568103159395,
    "duration": 11,
    "pid": 5184,
    "index": 31
  },
  {
    "name": "Require(26) node_modules/_egg@2.23.0@egg/app/extend/response.js",
    "start": 1568103159387,
    "end": 1568103159390,
    "duration": 3,
    "pid": 5184,
    "index": 32
  },
  {
    "name": "Load extend/context.js",
    "start": 1568103159395,
    "end": 1568103159520,
    "duration": 125,
    "pid": 5184,
    "index": 33
  },
  {
    "name": "Require(27) node_modules/_egg-security@2.6.1@egg-security/app/extend/context.js",
    "start": 1568103159396,
    "end": 1568103159417,
    "duration": 21,
    "pid": 5184,
    "index": 34
  },
  {
    "name": "Require(28) node_modules/_egg-jsonp@2.0.0@egg-jsonp/app/extend/context.js",
    "start": 1568103159418,
    "end": 1568103159420,
    "duration": 2,
    "pid": 5184,
    "index": 35
  },
  {
    "name": "Require(29) node_modules/_egg-i18n@2.1.1@egg-i18n/app/extend/context.js",
    "start": 1568103159421,
    "end": 1568103159421,
    "duration": 0,
    "pid": 5184,
    "index": 36
  },
  {
    "name": "Require(30) node_modules/_egg-multipart@2.9.0@egg-multipart/app/extend/context.js",
    "start": 1568103159423,
    "end": 1568103159502,
    "duration": 79,
    "pid": 5184,
    "index": 37
  },
  {
    "name": "Require(31) node_modules/_egg-view@2.1.2@egg-view/app/extend/context.js",
    "start": 1568103159504,
    "end": 1568103159506,
    "duration": 2,
    "pid": 5184,
    "index": 38
  },
  {
    "name": "Require(32) node_modules/_egg@2.23.0@egg/app/extend/context.js",
    "start": 1568103159507,
    "end": 1568103159512,
    "duration": 5,
    "pid": 5184,
    "index": 39
  },
  {
    "name": "Load extend/helper.js",
    "start": 1568103159520,
    "end": 1568103159566,
    "duration": 46,
    "pid": 5184,
    "index": 40
  },
  {
    "name": "Require(33) node_modules/_egg-security@2.6.1@egg-security/app/extend/helper.js",
    "start": 1568103159521,
    "end": 1568103159559,
    "duration": 38,
    "pid": 5184,
    "index": 41
  },
  {
    "name": "Require(34) node_modules/_egg@2.23.0@egg/app/extend/helper.js",
    "start": 1568103159562,
    "end": 1568103159562,
    "duration": 0,
    "pid": 5184,
    "index": 42
  },
  {
    "name": "Load app.js",
    "start": 1568103159567,
    "end": 1568103159632,
    "duration": 65,
    "pid": 5184,
    "index": 43
  },
  {
    "name": "Require(35) node_modules/_egg-session@3.1.0@egg-session/app.js",
    "start": 1568103159567,
    "end": 1568103159568,
    "duration": 1,
    "pid": 5184,
    "index": 44
  },
  {
    "name": "Require(36) node_modules/_egg-security@2.6.1@egg-security/app.js",
    "start": 1568103159568,
    "end": 1568103159571,
    "duration": 3,
    "pid": 5184,
    "index": 45
  },
  {
    "name": "Require(37) node_modules/_egg-onerror@2.1.0@egg-onerror/app.js",
    "start": 1568103159572,
    "end": 1568103159591,
    "duration": 19,
    "pid": 5184,
    "index": 46
  },
  {
    "name": "Require(38) node_modules/_egg-i18n@2.1.1@egg-i18n/app.js",
    "start": 1568103159592,
    "end": 1568103159606,
    "duration": 14,
    "pid": 5184,
    "index": 47
  },
  {
    "name": "Require(39) node_modules/_egg-watcher@3.1.0@egg-watcher/app.js",
    "start": 1568103159606,
    "end": 1568103159615,
    "duration": 9,
    "pid": 5184,
    "index": 48
  },
  {
    "name": "Require(40) node_modules/_egg-schedule@3.6.4@egg-schedule/app.js",
    "start": 1568103159615,
    "end": 1568103159619,
    "duration": 4,
    "pid": 5184,
    "index": 49
  },
  {
    "name": "Require(41) node_modules/_egg-multipart@2.9.0@egg-multipart/app.js",
    "start": 1568103159619,
    "end": 1568103159625,
    "duration": 6,
    "pid": 5184,
    "index": 50
  },
  {
    "name": "Require(42) node_modules/_egg-development@2.4.3@egg-development/app.js",
    "start": 1568103159625,
    "end": 1568103159626,
    "duration": 1,
    "pid": 5184,
    "index": 51
  },
  {
    "name": "Require(43) node_modules/_egg-logrotator@3.1.0@egg-logrotator/app.js",
    "start": 1568103159626,
    "end": 1568103159627,
    "duration": 1,
    "pid": 5184,
    "index": 52
  },
  {
    "name": "Require(44) node_modules/_egg-static@2.2.0@egg-static/app.js",
    "start": 1568103159627,
    "end": 1568103159628,
    "duration": 1,
    "pid": 5184,
    "index": 53
  },
  {
    "name": "Require(45) node_modules/_egg-sequelize@5.2.0@egg-sequelize/app.js",
    "start": 1568103159629,
    "end": 1568103159630,
    "duration": 1,
    "pid": 5184,
    "index": 54
  },
  {
    "name": "Before Start in node_modules/_egg-watcher@3.1.0@egg-watcher/lib/init.js:15:14",
    "start": 1568103159659,
    "end": 1568103160698,
    "duration": 1039,
    "pid": 5184,
    "index": 55
  },
  {
    "name": "Load \"Symbol(model)\" to Application",
    "start": 1568103160335,
    "end": 1568103160380,
    "duration": 45,
    "pid": 5184,
    "index": 56
  },
  {
    "name": "Before Start in node_modules/_egg-sequelize@5.2.0@egg-sequelize/lib/loader.js:39:7",
    "start": 1568103160396,
    "end": 1568103160817,
    "duration": 421,
    "pid": 5184,
    "index": 57
  },
  {
    "name": "Load Service",
    "start": 1568103160396,
    "end": 1568103160403,
    "duration": 7,
    "pid": 5184,
    "index": 58
  },
  {
    "name": "Load \"service\" to Context",
    "start": 1568103160397,
    "end": 1568103160403,
    "duration": 6,
    "pid": 5184,
    "index": 59
  },
  {
    "name": "Load Middleware",
    "start": 1568103160404,
    "end": 1568103160570,
    "duration": 166,
    "pid": 5184,
    "index": 60
  },
  {
    "name": "Load \"middlewares\" to Application",
    "start": 1568103160404,
    "end": 1568103160547,
    "duration": 143,
    "pid": 5184,
    "index": 61
  },
  {
    "name": "Load Controller",
    "start": 1568103160570,
    "end": 1568103160575,
    "duration": 5,
    "pid": 5184,
    "index": 62
  },
  {
    "name": "Load \"controller\" to Application",
    "start": 1568103160570,
    "end": 1568103160575,
    "duration": 5,
    "pid": 5184,
    "index": 63
  },
  {
    "name": "Load Router",
    "start": 1568103160575,
    "end": 1568103160580,
    "duration": 5,
    "pid": 5184,
    "index": 64
  },
  {
    "name": "Require(46) app/router.js",
    "start": 1568103160575,
    "end": 1568103160576,
    "duration": 1,
    "pid": 5184,
    "index": 65
  },
  {
    "name": "Before Start in node_modules/_egg-core@4.17.3@egg-core/lib/egg.js:303:10",
    "start": 1568103160577,
    "end": 1568103160620,
    "duration": 43,
    "pid": 5184,
    "index": 66
  }
]