[
  {
    "name": "Application Start",
    "start": 1568117467255,
    "end": 1568117468321,
    "duration": 1066,
    "pid": 9672,
    "index": 0
  },
  {
    "name": "Load Plugin",
    "start": 1568117467261,
    "end": 1568117467284,
    "duration": 23,
    "pid": 9672,
    "index": 1
  },
  {
    "name": "Load Config",
    "start": 1568117467284,
    "end": 1568117467312,
    "duration": 28,
    "pid": 9672,
    "index": 2
  },
  {
    "name": "Require(0) config/config.default.js",
    "start": 1568117467285,
    "end": 1568117467286,
    "duration": 1,
    "pid": 9672,
    "index": 3
  },
  {
    "name": "Require(1) node_modules/_egg-session@3.1.0@egg-session/config/config.default.js",
    "start": 1568117467288,
    "end": 1568117467288,
    "duration": 0,
    "pid": 9672,
    "index": 4
  },
  {
    "name": "Require(2) node_modules/_egg-security@2.6.1@egg-security/config/config.default.js",
    "start": 1568117467289,
    "end": 1568117467289,
    "duration": 0,
    "pid": 9672,
    "index": 5
  },
  {
    "name": "Require(3) node_modules/_egg-jsonp@2.0.0@egg-jsonp/config/config.default.js",
    "start": 1568117467290,
    "end": 1568117467291,
    "duration": 1,
    "pid": 9672,
    "index": 6
  },
  {
    "name": "Require(4) node_modules/_egg-onerror@2.1.0@egg-onerror/config/config.default.js",
    "start": 1568117467291,
    "end": 1568117467292,
    "duration": 1,
    "pid": 9672,
    "index": 7
  },
  {
    "name": "Require(5) node_modules/_egg-i18n@2.1.1@egg-i18n/config/config.default.js",
    "start": 1568117467292,
    "end": 1568117467293,
    "duration": 1,
    "pid": 9672,
    "index": 8
  },
  {
    "name": "Require(6) node_modules/_egg-watcher@3.1.0@egg-watcher/config/config.default.js",
    "start": 1568117467293,
    "end": 1568117467294,
    "duration": 1,
    "pid": 9672,
    "index": 9
  },
  {
    "name": "Require(7) node_modules/_egg-schedule@3.6.4@egg-schedule/config/config.default.js",
    "start": 1568117467294,
    "end": 1568117467295,
    "duration": 1,
    "pid": 9672,
    "index": 10
  },
  {
    "name": "Require(8) node_modules/_egg-multipart@2.9.0@egg-multipart/config/config.default.js",
    "start": 1568117467296,
    "end": 1568117467296,
    "duration": 0,
    "pid": 9672,
    "index": 11
  },
  {
    "name": "Require(9) node_modules/_egg-development@2.4.3@egg-development/config/config.default.js",
    "start": 1568117467297,
    "end": 1568117467298,
    "duration": 1,
    "pid": 9672,
    "index": 12
  },
  {
    "name": "Require(10) node_modules/_egg-logrotator@3.1.0@egg-logrotator/config/config.default.js",
    "start": 1568117467298,
    "end": 1568117467299,
    "duration": 1,
    "pid": 9672,
    "index": 13
  },
  {
    "name": "Require(11) node_modules/_egg-static@2.2.0@egg-static/config/config.default.js",
    "start": 1568117467299,
    "end": 1568117467299,
    "duration": 0,
    "pid": 9672,
    "index": 14
  },
  {
    "name": "Require(12) node_modules/_egg-view@2.1.2@egg-view/config/config.default.js",
    "start": 1568117467300,
    "end": 1568117467301,
    "duration": 1,
    "pid": 9672,
    "index": 15
  },
  {
    "name": "Require(13) node_modules/_egg-sequelize@5.2.0@egg-sequelize/config/config.default.js",
    "start": 1568117467302,
    "end": 1568117467303,
    "duration": 1,
    "pid": 9672,
    "index": 16
  },
  {
    "name": "Require(14) node_modules/_egg@2.23.0@egg/config/config.default.js",
    "start": 1568117467303,
    "end": 1568117467304,
    "duration": 1,
    "pid": 9672,
    "index": 17
  },
  {
    "name": "Require(15) config/config.default.js",
    "start": 1568117467305,
    "end": 1568117467305,
    "duration": 0,
    "pid": 9672,
    "index": 18
  },
  {
    "name": "Require(16) node_modules/_egg-security@2.6.1@egg-security/config/config.local.js",
    "start": 1568117467306,
    "end": 1568117467307,
    "duration": 1,
    "pid": 9672,
    "index": 19
  },
  {
    "name": "Require(17) node_modules/_egg-watcher@3.1.0@egg-watcher/config/config.local.js",
    "start": 1568117467308,
    "end": 1568117467308,
    "duration": 0,
    "pid": 9672,
    "index": 20
  },
  {
    "name": "Require(18) node_modules/_egg-view@2.1.2@egg-view/config/config.local.js",
    "start": 1568117467310,
    "end": 1568117467310,
    "duration": 0,
    "pid": 9672,
    "index": 21
  },
  {
    "name": "Require(19) node_modules/_egg@2.23.0@egg/config/config.local.js",
    "start": 1568117467311,
    "end": 1568117467312,
    "duration": 1,
    "pid": 9672,
    "index": 22
  },
  {
    "name": "Load extend/application.js",
    "start": 1568117467314,
    "end": 1568117467336,
    "duration": 22,
    "pid": 9672,
    "index": 23
  },
  {
    "name": "Require(20) node_modules/_egg-session@3.1.0@egg-session/app/extend/application.js",
    "start": 1568117467314,
    "end": 1568117467315,
    "duration": 1,
    "pid": 9672,
    "index": 24
  },
  {
    "name": "Require(21) node_modules/_egg-security@2.6.1@egg-security/app/extend/application.js",
    "start": 1568117467315,
    "end": 1568117467317,
    "duration": 2,
    "pid": 9672,
    "index": 25
  },
  {
    "name": "Require(22) node_modules/_egg-jsonp@2.0.0@egg-jsonp/app/extend/application.js",
    "start": 1568117467318,
    "end": 1568117467322,
    "duration": 4,
    "pid": 9672,
    "index": 26
  },
  {
    "name": "Require(23) node_modules/_egg-logrotator@3.1.0@egg-logrotator/app/extend/application.js",
    "start": 1568117467325,
    "end": 1568117467328,
    "duration": 3,
    "pid": 9672,
    "index": 27
  },
  {
    "name": "Require(24) node_modules/_egg-view@2.1.2@egg-view/app/extend/application.js",
    "start": 1568117467329,
    "end": 1568117467331,
    "duration": 2,
    "pid": 9672,
    "index": 28
  },
  {
    "name": "Load extend/request.js",
    "start": 1568117467336,
    "end": 1568117467345,
    "duration": 9,
    "pid": 9672,
    "index": 29
  },
  {
    "name": "Require(25) node_modules/_egg@2.23.0@egg/app/extend/request.js",
    "start": 1568117467340,
    "end": 1568117467342,
    "duration": 2,
    "pid": 9672,
    "index": 30
  },
  {
    "name": "Load extend/response.js",
    "start": 1568117467345,
    "end": 1568117467355,
    "duration": 10,
    "pid": 9672,
    "index": 31
  },
  {
    "name": "Require(26) node_modules/_egg@2.23.0@egg/app/extend/response.js",
    "start": 1568117467348,
    "end": 1568117467351,
    "duration": 3,
    "pid": 9672,
    "index": 32
  },
  {
    "name": "Load extend/context.js",
    "start": 1568117467355,
    "end": 1568117467461,
    "duration": 106,
    "pid": 9672,
    "index": 33
  },
  {
    "name": "Require(27) node_modules/_egg-security@2.6.1@egg-security/app/extend/context.js",
    "start": 1568117467355,
    "end": 1568117467376,
    "duration": 21,
    "pid": 9672,
    "index": 34
  },
  {
    "name": "Require(28) node_modules/_egg-jsonp@2.0.0@egg-jsonp/app/extend/context.js",
    "start": 1568117467377,
    "end": 1568117467379,
    "duration": 2,
    "pid": 9672,
    "index": 35
  },
  {
    "name": "Require(29) node_modules/_egg-i18n@2.1.1@egg-i18n/app/extend/context.js",
    "start": 1568117467379,
    "end": 1568117467380,
    "duration": 1,
    "pid": 9672,
    "index": 36
  },
  {
    "name": "Require(30) node_modules/_egg-multipart@2.9.0@egg-multipart/app/extend/context.js",
    "start": 1568117467381,
    "end": 1568117467452,
    "duration": 71,
    "pid": 9672,
    "index": 37
  },
  {
    "name": "Require(31) node_modules/_egg-view@2.1.2@egg-view/app/extend/context.js",
    "start": 1568117467453,
    "end": 1568117467454,
    "duration": 1,
    "pid": 9672,
    "index": 38
  },
  {
    "name": "Require(32) node_modules/_egg@2.23.0@egg/app/extend/context.js",
    "start": 1568117467455,
    "end": 1568117467458,
    "duration": 3,
    "pid": 9672,
    "index": 39
  },
  {
    "name": "Load extend/helper.js",
    "start": 1568117467461,
    "end": 1568117467496,
    "duration": 35,
    "pid": 9672,
    "index": 40
  },
  {
    "name": "Require(33) node_modules/_egg-security@2.6.1@egg-security/app/extend/helper.js",
    "start": 1568117467462,
    "end": 1568117467489,
    "duration": 27,
    "pid": 9672,
    "index": 41
  },
  {
    "name": "Require(34) node_modules/_egg@2.23.0@egg/app/extend/helper.js",
    "start": 1568117467492,
    "end": 1568117467492,
    "duration": 0,
    "pid": 9672,
    "index": 42
  },
  {
    "name": "Load app.js",
    "start": 1568117467497,
    "end": 1568117467546,
    "duration": 49,
    "pid": 9672,
    "index": 43
  },
  {
    "name": "Require(35) node_modules/_egg-session@3.1.0@egg-session/app.js",
    "start": 1568117467497,
    "end": 1568117467498,
    "duration": 1,
    "pid": 9672,
    "index": 44
  },
  {
    "name": "Require(36) node_modules/_egg-security@2.6.1@egg-security/app.js",
    "start": 1568117467498,
    "end": 1568117467501,
    "duration": 3,
    "pid": 9672,
    "index": 45
  },
  {
    "name": "Require(37) node_modules/_egg-onerror@2.1.0@egg-onerror/app.js",
    "start": 1568117467501,
    "end": 1568117467516,
    "duration": 15,
    "pid": 9672,
    "index": 46
  },
  {
    "name": "Require(38) node_modules/_egg-i18n@2.1.1@egg-i18n/app.js",
    "start": 1568117467516,
    "end": 1568117467527,
    "duration": 11,
    "pid": 9672,
    "index": 47
  },
  {
    "name": "Require(39) node_modules/_egg-watcher@3.1.0@egg-watcher/app.js",
    "start": 1568117467527,
    "end": 1568117467533,
    "duration": 6,
    "pid": 9672,
    "index": 48
  },
  {
    "name": "Require(40) node_modules/_egg-schedule@3.6.4@egg-schedule/app.js",
    "start": 1568117467534,
    "end": 1568117467537,
    "duration": 3,
    "pid": 9672,
    "index": 49
  },
  {
    "name": "Require(41) node_modules/_egg-multipart@2.9.0@egg-multipart/app.js",
    "start": 1568117467537,
    "end": 1568117467541,
    "duration": 4,
    "pid": 9672,
    "index": 50
  },
  {
    "name": "Require(42) node_modules/_egg-development@2.4.3@egg-development/app.js",
    "start": 1568117467542,
    "end": 1568117467542,
    "duration": 0,
    "pid": 9672,
    "index": 51
  },
  {
    "name": "Require(43) node_modules/_egg-logrotator@3.1.0@egg-logrotator/app.js",
    "start": 1568117467542,
    "end": 1568117467543,
    "duration": 1,
    "pid": 9672,
    "index": 52
  },
  {
    "name": "Require(44) node_modules/_egg-static@2.2.0@egg-static/app.js",
    "start": 1568117467543,
    "end": 1568117467543,
    "duration": 0,
    "pid": 9672,
    "index": 53
  },
  {
    "name": "Require(45) node_modules/_egg-sequelize@5.2.0@egg-sequelize/app.js",
    "start": 1568117467544,
    "end": 1568117467545,
    "duration": 1,
    "pid": 9672,
    "index": 54
  },
  {
    "name": "Before Start in node_modules/_egg-watcher@3.1.0@egg-watcher/lib/init.js:15:14",
    "start": 1568117467561,
    "end": 1568117468282,
    "duration": 721,
    "pid": 9672,
    "index": 55
  },
  {
    "name": "Load \"Symbol(model)\" to Application",
    "start": 1568117468045,
    "end": 1568117468069,
    "duration": 24,
    "pid": 9672,
    "index": 56
  },
  {
    "name": "Before Start in node_modules/_egg-sequelize@5.2.0@egg-sequelize/lib/loader.js:39:7",
    "start": 1568117468076,
    "end": 1568117468320,
    "duration": 244,
    "pid": 9672,
    "index": 57
  },
  {
    "name": "Load Service",
    "start": 1568117468076,
    "end": 1568117468081,
    "duration": 5,
    "pid": 9672,
    "index": 58
  },
  {
    "name": "Load \"service\" to Context",
    "start": 1568117468077,
    "end": 1568117468081,
    "duration": 4,
    "pid": 9672,
    "index": 59
  },
  {
    "name": "Load Middleware",
    "start": 1568117468082,
    "end": 1568117468203,
    "duration": 121,
    "pid": 9672,
    "index": 60
  },
  {
    "name": "Load \"middlewares\" to Application",
    "start": 1568117468082,
    "end": 1568117468188,
    "duration": 106,
    "pid": 9672,
    "index": 61
  },
  {
    "name": "Load Controller",
    "start": 1568117468203,
    "end": 1568117468207,
    "duration": 4,
    "pid": 9672,
    "index": 62
  },
  {
    "name": "Load \"controller\" to Application",
    "start": 1568117468203,
    "end": 1568117468207,
    "duration": 4,
    "pid": 9672,
    "index": 63
  },
  {
    "name": "Load Router",
    "start": 1568117468207,
    "end": 1568117468210,
    "duration": 3,
    "pid": 9672,
    "index": 64
  },
  {
    "name": "Require(46) app/router.js",
    "start": 1568117468207,
    "end": 1568117468208,
    "duration": 1,
    "pid": 9672,
    "index": 65
  },
  {
    "name": "Before Start in node_modules/_egg-core@4.17.3@egg-core/lib/egg.js:303:10",
    "start": 1568117468208,
    "end": 1568117468230,
    "duration": 22,
    "pid": 9672,
    "index": 66
  }
]