[
  {
    "name": "Application Start",
    "start": 1568111296776,
    "end": 1568111298287,
    "duration": 1511,
    "pid": 1168,
    "index": 0
  },
  {
    "name": "Load Plugin",
    "start": 1568111296785,
    "end": 1568111296815,
    "duration": 30,
    "pid": 1168,
    "index": 1
  },
  {
    "name": "Load Config",
    "start": 1568111296815,
    "end": 1568111296852,
    "duration": 37,
    "pid": 1168,
    "index": 2
  },
  {
    "name": "Require(0) config/config.default.js",
    "start": 1568111296817,
    "end": 1568111296817,
    "duration": 0,
    "pid": 1168,
    "index": 3
  },
  {
    "name": "Require(1) node_modules/_egg-session@3.1.0@egg-session/config/config.default.js",
    "start": 1568111296820,
    "end": 1568111296820,
    "duration": 0,
    "pid": 1168,
    "index": 4
  },
  {
    "name": "Require(2) node_modules/_egg-security@2.6.1@egg-security/config/config.default.js",
    "start": 1568111296821,
    "end": 1568111296821,
    "duration": 0,
    "pid": 1168,
    "index": 5
  },
  {
    "name": "Require(3) node_modules/_egg-jsonp@2.0.0@egg-jsonp/config/config.default.js",
    "start": 1568111296823,
    "end": 1568111296823,
    "duration": 0,
    "pid": 1168,
    "index": 6
  },
  {
    "name": "Require(4) node_modules/_egg-onerror@2.1.0@egg-onerror/config/config.default.js",
    "start": 1568111296824,
    "end": 1568111296825,
    "duration": 1,
    "pid": 1168,
    "index": 7
  },
  {
    "name": "Require(5) node_modules/_egg-i18n@2.1.1@egg-i18n/config/config.default.js",
    "start": 1568111296826,
    "end": 1568111296826,
    "duration": 0,
    "pid": 1168,
    "index": 8
  },
  {
    "name": "Require(6) node_modules/_egg-watcher@3.1.0@egg-watcher/config/config.default.js",
    "start": 1568111296827,
    "end": 1568111296828,
    "duration": 1,
    "pid": 1168,
    "index": 9
  },
  {
    "name": "Require(7) node_modules/_egg-schedule@3.6.4@egg-schedule/config/config.default.js",
    "start": 1568111296828,
    "end": 1568111296829,
    "duration": 1,
    "pid": 1168,
    "index": 10
  },
  {
    "name": "Require(8) node_modules/_egg-multipart@2.9.0@egg-multipart/config/config.default.js",
    "start": 1568111296830,
    "end": 1568111296830,
    "duration": 0,
    "pid": 1168,
    "index": 11
  },
  {
    "name": "Require(9) node_modules/_egg-development@2.4.3@egg-development/config/config.default.js",
    "start": 1568111296832,
    "end": 1568111296832,
    "duration": 0,
    "pid": 1168,
    "index": 12
  },
  {
    "name": "Require(10) node_modules/_egg-logrotator@3.1.0@egg-logrotator/config/config.default.js",
    "start": 1568111296833,
    "end": 1568111296834,
    "duration": 1,
    "pid": 1168,
    "index": 13
  },
  {
    "name": "Require(11) node_modules/_egg-static@2.2.0@egg-static/config/config.default.js",
    "start": 1568111296834,
    "end": 1568111296835,
    "duration": 1,
    "pid": 1168,
    "index": 14
  },
  {
    "name": "Require(12) node_modules/_egg-view@2.1.2@egg-view/config/config.default.js",
    "start": 1568111296836,
    "end": 1568111296836,
    "duration": 0,
    "pid": 1168,
    "index": 15
  },
  {
    "name": "Require(13) node_modules/_egg-sequelize@5.2.0@egg-sequelize/config/config.default.js",
    "start": 1568111296837,
    "end": 1568111296837,
    "duration": 0,
    "pid": 1168,
    "index": 16
  },
  {
    "name": "Require(14) node_modules/_egg@2.23.0@egg/config/config.default.js",
    "start": 1568111296838,
    "end": 1568111296838,
    "duration": 0,
    "pid": 1168,
    "index": 17
  },
  {
    "name": "Require(15) config/config.default.js",
    "start": 1568111296841,
    "end": 1568111296841,
    "duration": 0,
    "pid": 1168,
    "index": 18
  },
  {
    "name": "Require(16) node_modules/_egg-security@2.6.1@egg-security/config/config.local.js",
    "start": 1568111296842,
    "end": 1568111296843,
    "duration": 1,
    "pid": 1168,
    "index": 19
  },
  {
    "name": "Require(17) node_modules/_egg-watcher@3.1.0@egg-watcher/config/config.local.js",
    "start": 1568111296844,
    "end": 1568111296845,
    "duration": 1,
    "pid": 1168,
    "index": 20
  },
  {
    "name": "Require(18) node_modules/_egg-view@2.1.2@egg-view/config/config.local.js",
    "start": 1568111296848,
    "end": 1568111296849,
    "duration": 1,
    "pid": 1168,
    "index": 21
  },
  {
    "name": "Require(19) node_modules/_egg@2.23.0@egg/config/config.local.js",
    "start": 1568111296851,
    "end": 1568111296851,
    "duration": 0,
    "pid": 1168,
    "index": 22
  },
  {
    "name": "Load extend/application.js",
    "start": 1568111296853,
    "end": 1568111296879,
    "duration": 26,
    "pid": 1168,
    "index": 23
  },
  {
    "name": "Require(20) node_modules/_egg-session@3.1.0@egg-session/app/extend/application.js",
    "start": 1568111296854,
    "end": 1568111296855,
    "duration": 1,
    "pid": 1168,
    "index": 24
  },
  {
    "name": "Require(21) node_modules/_egg-security@2.6.1@egg-security/app/extend/application.js",
    "start": 1568111296856,
    "end": 1568111296858,
    "duration": 2,
    "pid": 1168,
    "index": 25
  },
  {
    "name": "Require(22) node_modules/_egg-jsonp@2.0.0@egg-jsonp/app/extend/application.js",
    "start": 1568111296859,
    "end": 1568111296863,
    "duration": 4,
    "pid": 1168,
    "index": 26
  },
  {
    "name": "Require(23) node_modules/_egg-logrotator@3.1.0@egg-logrotator/app/extend/application.js",
    "start": 1568111296865,
    "end": 1568111296869,
    "duration": 4,
    "pid": 1168,
    "index": 27
  },
  {
    "name": "Require(24) node_modules/_egg-view@2.1.2@egg-view/app/extend/application.js",
    "start": 1568111296870,
    "end": 1568111296873,
    "duration": 3,
    "pid": 1168,
    "index": 28
  },
  {
    "name": "Load extend/request.js",
    "start": 1568111296879,
    "end": 1568111296894,
    "duration": 15,
    "pid": 1168,
    "index": 29
  },
  {
    "name": "Require(25) node_modules/_egg@2.23.0@egg/app/extend/request.js",
    "start": 1568111296886,
    "end": 1568111296889,
    "duration": 3,
    "pid": 1168,
    "index": 30
  },
  {
    "name": "Load extend/response.js",
    "start": 1568111296894,
    "end": 1568111296906,
    "duration": 12,
    "pid": 1168,
    "index": 31
  },
  {
    "name": "Require(26) node_modules/_egg@2.23.0@egg/app/extend/response.js",
    "start": 1568111296898,
    "end": 1568111296901,
    "duration": 3,
    "pid": 1168,
    "index": 32
  },
  {
    "name": "Load extend/context.js",
    "start": 1568111296906,
    "end": 1568111297042,
    "duration": 136,
    "pid": 1168,
    "index": 33
  },
  {
    "name": "Require(27) node_modules/_egg-security@2.6.1@egg-security/app/extend/context.js",
    "start": 1568111296907,
    "end": 1568111296933,
    "duration": 26,
    "pid": 1168,
    "index": 34
  },
  {
    "name": "Require(28) node_modules/_egg-jsonp@2.0.0@egg-jsonp/app/extend/context.js",
    "start": 1568111296933,
    "end": 1568111296936,
    "duration": 3,
    "pid": 1168,
    "index": 35
  },
  {
    "name": "Require(29) node_modules/_egg-i18n@2.1.1@egg-i18n/app/extend/context.js",
    "start": 1568111296937,
    "end": 1568111296938,
    "duration": 1,
    "pid": 1168,
    "index": 36
  },
  {
    "name": "Require(30) node_modules/_egg-multipart@2.9.0@egg-multipart/app/extend/context.js",
    "start": 1568111296940,
    "end": 1568111297026,
    "duration": 86,
    "pid": 1168,
    "index": 37
  },
  {
    "name": "Require(31) node_modules/_egg-view@2.1.2@egg-view/app/extend/context.js",
    "start": 1568111297027,
    "end": 1568111297031,
    "duration": 4,
    "pid": 1168,
    "index": 38
  },
  {
    "name": "Require(32) node_modules/_egg@2.23.0@egg/app/extend/context.js",
    "start": 1568111297032,
    "end": 1568111297037,
    "duration": 5,
    "pid": 1168,
    "index": 39
  },
  {
    "name": "Load extend/helper.js",
    "start": 1568111297042,
    "end": 1568111297082,
    "duration": 40,
    "pid": 1168,
    "index": 40
  },
  {
    "name": "Require(33) node_modules/_egg-security@2.6.1@egg-security/app/extend/helper.js",
    "start": 1568111297043,
    "end": 1568111297073,
    "duration": 30,
    "pid": 1168,
    "index": 41
  },
  {
    "name": "Require(34) node_modules/_egg@2.23.0@egg/app/extend/helper.js",
    "start": 1568111297076,
    "end": 1568111297077,
    "duration": 1,
    "pid": 1168,
    "index": 42
  },
  {
    "name": "Load app.js",
    "start": 1568111297082,
    "end": 1568111297150,
    "duration": 68,
    "pid": 1168,
    "index": 43
  },
  {
    "name": "Require(35) node_modules/_egg-session@3.1.0@egg-session/app.js",
    "start": 1568111297083,
    "end": 1568111297083,
    "duration": 0,
    "pid": 1168,
    "index": 44
  },
  {
    "name": "Require(36) node_modules/_egg-security@2.6.1@egg-security/app.js",
    "start": 1568111297084,
    "end": 1568111297087,
    "duration": 3,
    "pid": 1168,
    "index": 45
  },
  {
    "name": "Require(37) node_modules/_egg-onerror@2.1.0@egg-onerror/app.js",
    "start": 1568111297088,
    "end": 1568111297107,
    "duration": 19,
    "pid": 1168,
    "index": 46
  },
  {
    "name": "Require(38) node_modules/_egg-i18n@2.1.1@egg-i18n/app.js",
    "start": 1568111297108,
    "end": 1568111297122,
    "duration": 14,
    "pid": 1168,
    "index": 47
  },
  {
    "name": "Require(39) node_modules/_egg-watcher@3.1.0@egg-watcher/app.js",
    "start": 1568111297123,
    "end": 1568111297131,
    "duration": 8,
    "pid": 1168,
    "index": 48
  },
  {
    "name": "Require(40) node_modules/_egg-schedule@3.6.4@egg-schedule/app.js",
    "start": 1568111297131,
    "end": 1568111297135,
    "duration": 4,
    "pid": 1168,
    "index": 49
  },
  {
    "name": "Require(41) node_modules/_egg-multipart@2.9.0@egg-multipart/app.js",
    "start": 1568111297136,
    "end": 1568111297142,
    "duration": 6,
    "pid": 1168,
    "index": 50
  },
  {
    "name": "Require(42) node_modules/_egg-development@2.4.3@egg-development/app.js",
    "start": 1568111297143,
    "end": 1568111297144,
    "duration": 1,
    "pid": 1168,
    "index": 51
  },
  {
    "name": "Require(43) node_modules/_egg-logrotator@3.1.0@egg-logrotator/app.js",
    "start": 1568111297145,
    "end": 1568111297145,
    "duration": 0,
    "pid": 1168,
    "index": 52
  },
  {
    "name": "Require(44) node_modules/_egg-static@2.2.0@egg-static/app.js",
    "start": 1568111297146,
    "end": 1568111297147,
    "duration": 1,
    "pid": 1168,
    "index": 53
  },
  {
    "name": "Require(45) node_modules/_egg-sequelize@5.2.0@egg-sequelize/app.js",
    "start": 1568111297148,
    "end": 1568111297149,
    "duration": 1,
    "pid": 1168,
    "index": 54
  },
  {
    "name": "Before Start in node_modules/_egg-watcher@3.1.0@egg-watcher/lib/init.js:15:14",
    "start": 1568111297174,
    "end": 1568111298237,
    "duration": 1063,
    "pid": 1168,
    "index": 55
  },
  {
    "name": "Load \"Symbol(model)\" to Application",
    "start": 1568111297872,
    "end": 1568111297901,
    "duration": 29,
    "pid": 1168,
    "index": 56
  },
  {
    "name": "Before Start in node_modules/_egg-sequelize@5.2.0@egg-sequelize/lib/loader.js:39:7",
    "start": 1568111297909,
    "end": 1568111298286,
    "duration": 377,
    "pid": 1168,
    "index": 57
  },
  {
    "name": "Load Service",
    "start": 1568111297909,
    "end": 1568111297916,
    "duration": 7,
    "pid": 1168,
    "index": 58
  },
  {
    "name": "Load \"service\" to Context",
    "start": 1568111297909,
    "end": 1568111297916,
    "duration": 7,
    "pid": 1168,
    "index": 59
  },
  {
    "name": "Load Middleware",
    "start": 1568111297917,
    "end": 1568111298118,
    "duration": 201,
    "pid": 1168,
    "index": 60
  },
  {
    "name": "Load \"middlewares\" to Application",
    "start": 1568111297917,
    "end": 1568111298094,
    "duration": 177,
    "pid": 1168,
    "index": 61
  },
  {
    "name": "Load Controller",
    "start": 1568111298118,
    "end": 1568111298125,
    "duration": 7,
    "pid": 1168,
    "index": 62
  },
  {
    "name": "Load \"controller\" to Application",
    "start": 1568111298118,
    "end": 1568111298125,
    "duration": 7,
    "pid": 1168,
    "index": 63
  },
  {
    "name": "Load Router",
    "start": 1568111298125,
    "end": 1568111298128,
    "duration": 3,
    "pid": 1168,
    "index": 64
  },
  {
    "name": "Require(46) app/router.js",
    "start": 1568111298125,
    "end": 1568111298126,
    "duration": 1,
    "pid": 1168,
    "index": 65
  },
  {
    "name": "Before Start in node_modules/_egg-core@4.17.3@egg-core/lib/egg.js:303:10",
    "start": 1568111298126,
    "end": 1568111298158,
    "duration": 32,
    "pid": 1168,
    "index": 66
  }
]