[
  {
    "name": "Application Start",
    "start": 1568102875113,
    "end": 1568102876205,
    "duration": 1092,
    "pid": 12012,
    "index": 0
  },
  {
    "name": "Load Plugin",
    "start": 1568102875124,
    "end": 1568102875150,
    "duration": 26,
    "pid": 12012,
    "index": 1
  },
  {
    "name": "Load Config",
    "start": 1568102875150,
    "end": 1568102875176,
    "duration": 26,
    "pid": 12012,
    "index": 2
  },
  {
    "name": "Require(0) config/config.default.js",
    "start": 1568102875151,
    "end": 1568102875152,
    "duration": 1,
    "pid": 12012,
    "index": 3
  },
  {
    "name": "Require(1) node_modules/_egg-session@3.1.0@egg-session/config/config.default.js",
    "start": 1568102875154,
    "end": 1568102875154,
    "duration": 0,
    "pid": 12012,
    "index": 4
  },
  {
    "name": "Require(2) node_modules/_egg-security@2.6.1@egg-security/config/config.default.js",
    "start": 1568102875155,
    "end": 1568102875155,
    "duration": 0,
    "pid": 12012,
    "index": 5
  },
  {
    "name": "Require(3) node_modules/_egg-jsonp@2.0.0@egg-jsonp/config/config.default.js",
    "start": 1568102875156,
    "end": 1568102875157,
    "duration": 1,
    "pid": 12012,
    "index": 6
  },
  {
    "name": "Require(4) node_modules/_egg-onerror@2.1.0@egg-onerror/config/config.default.js",
    "start": 1568102875157,
    "end": 1568102875158,
    "duration": 1,
    "pid": 12012,
    "index": 7
  },
  {
    "name": "Require(5) node_modules/_egg-i18n@2.1.1@egg-i18n/config/config.default.js",
    "start": 1568102875158,
    "end": 1568102875158,
    "duration": 0,
    "pid": 12012,
    "index": 8
  },
  {
    "name": "Require(6) node_modules/_egg-watcher@3.1.0@egg-watcher/config/config.default.js",
    "start": 1568102875159,
    "end": 1568102875160,
    "duration": 1,
    "pid": 12012,
    "index": 9
  },
  {
    "name": "Require(7) node_modules/_egg-schedule@3.6.4@egg-schedule/config/config.default.js",
    "start": 1568102875160,
    "end": 1568102875160,
    "duration": 0,
    "pid": 12012,
    "index": 10
  },
  {
    "name": "Require(8) node_modules/_egg-multipart@2.9.0@egg-multipart/config/config.default.js",
    "start": 1568102875161,
    "end": 1568102875162,
    "duration": 1,
    "pid": 12012,
    "index": 11
  },
  {
    "name": "Require(9) node_modules/_egg-development@2.4.3@egg-development/config/config.default.js",
    "start": 1568102875163,
    "end": 1568102875163,
    "duration": 0,
    "pid": 12012,
    "index": 12
  },
  {
    "name": "Require(10) node_modules/_egg-logrotator@3.1.0@egg-logrotator/config/config.default.js",
    "start": 1568102875164,
    "end": 1568102875164,
    "duration": 0,
    "pid": 12012,
    "index": 13
  },
  {
    "name": "Require(11) node_modules/_egg-static@2.2.0@egg-static/config/config.default.js",
    "start": 1568102875165,
    "end": 1568102875165,
    "duration": 0,
    "pid": 12012,
    "index": 14
  },
  {
    "name": "Require(12) node_modules/_egg-view@2.1.2@egg-view/config/config.default.js",
    "start": 1568102875166,
    "end": 1568102875166,
    "duration": 0,
    "pid": 12012,
    "index": 15
  },
  {
    "name": "Require(13) node_modules/_egg-sequelize@5.2.0@egg-sequelize/config/config.default.js",
    "start": 1568102875167,
    "end": 1568102875167,
    "duration": 0,
    "pid": 12012,
    "index": 16
  },
  {
    "name": "Require(14) node_modules/_egg@2.23.0@egg/config/config.default.js",
    "start": 1568102875168,
    "end": 1568102875168,
    "duration": 0,
    "pid": 12012,
    "index": 17
  },
  {
    "name": "Require(15) config/config.default.js",
    "start": 1568102875170,
    "end": 1568102875170,
    "duration": 0,
    "pid": 12012,
    "index": 18
  },
  {
    "name": "Require(16) node_modules/_egg-security@2.6.1@egg-security/config/config.local.js",
    "start": 1568102875171,
    "end": 1568102875171,
    "duration": 0,
    "pid": 12012,
    "index": 19
  },
  {
    "name": "Require(17) node_modules/_egg-watcher@3.1.0@egg-watcher/config/config.local.js",
    "start": 1568102875172,
    "end": 1568102875173,
    "duration": 1,
    "pid": 12012,
    "index": 20
  },
  {
    "name": "Require(18) node_modules/_egg-view@2.1.2@egg-view/config/config.local.js",
    "start": 1568102875175,
    "end": 1568102875175,
    "duration": 0,
    "pid": 12012,
    "index": 21
  },
  {
    "name": "Require(19) node_modules/_egg@2.23.0@egg/config/config.local.js",
    "start": 1568102875176,
    "end": 1568102875176,
    "duration": 0,
    "pid": 12012,
    "index": 22
  },
  {
    "name": "Load extend/application.js",
    "start": 1568102875178,
    "end": 1568102875200,
    "duration": 22,
    "pid": 12012,
    "index": 23
  },
  {
    "name": "Require(20) node_modules/_egg-session@3.1.0@egg-session/app/extend/application.js",
    "start": 1568102875179,
    "end": 1568102875180,
    "duration": 1,
    "pid": 12012,
    "index": 24
  },
  {
    "name": "Require(21) node_modules/_egg-security@2.6.1@egg-security/app/extend/application.js",
    "start": 1568102875180,
    "end": 1568102875182,
    "duration": 2,
    "pid": 12012,
    "index": 25
  },
  {
    "name": "Require(22) node_modules/_egg-jsonp@2.0.0@egg-jsonp/app/extend/application.js",
    "start": 1568102875183,
    "end": 1568102875185,
    "duration": 2,
    "pid": 12012,
    "index": 26
  },
  {
    "name": "Require(23) node_modules/_egg-logrotator@3.1.0@egg-logrotator/app/extend/application.js",
    "start": 1568102875187,
    "end": 1568102875192,
    "duration": 5,
    "pid": 12012,
    "index": 27
  },
  {
    "name": "Require(24) node_modules/_egg-view@2.1.2@egg-view/app/extend/application.js",
    "start": 1568102875193,
    "end": 1568102875196,
    "duration": 3,
    "pid": 12012,
    "index": 28
  },
  {
    "name": "Load extend/request.js",
    "start": 1568102875200,
    "end": 1568102875209,
    "duration": 9,
    "pid": 12012,
    "index": 29
  },
  {
    "name": "Require(25) node_modules/_egg@2.23.0@egg/app/extend/request.js",
    "start": 1568102875203,
    "end": 1568102875205,
    "duration": 2,
    "pid": 12012,
    "index": 30
  },
  {
    "name": "Load extend/response.js",
    "start": 1568102875209,
    "end": 1568102875220,
    "duration": 11,
    "pid": 12012,
    "index": 31
  },
  {
    "name": "Require(26) node_modules/_egg@2.23.0@egg/app/extend/response.js",
    "start": 1568102875213,
    "end": 1568102875217,
    "duration": 4,
    "pid": 12012,
    "index": 32
  },
  {
    "name": "Load extend/context.js",
    "start": 1568102875220,
    "end": 1568102875327,
    "duration": 107,
    "pid": 12012,
    "index": 33
  },
  {
    "name": "Require(27) node_modules/_egg-security@2.6.1@egg-security/app/extend/context.js",
    "start": 1568102875221,
    "end": 1568102875243,
    "duration": 22,
    "pid": 12012,
    "index": 34
  },
  {
    "name": "Require(28) node_modules/_egg-jsonp@2.0.0@egg-jsonp/app/extend/context.js",
    "start": 1568102875243,
    "end": 1568102875246,
    "duration": 3,
    "pid": 12012,
    "index": 35
  },
  {
    "name": "Require(29) node_modules/_egg-i18n@2.1.1@egg-i18n/app/extend/context.js",
    "start": 1568102875247,
    "end": 1568102875247,
    "duration": 0,
    "pid": 12012,
    "index": 36
  },
  {
    "name": "Require(30) node_modules/_egg-multipart@2.9.0@egg-multipart/app/extend/context.js",
    "start": 1568102875248,
    "end": 1568102875318,
    "duration": 70,
    "pid": 12012,
    "index": 37
  },
  {
    "name": "Require(31) node_modules/_egg-view@2.1.2@egg-view/app/extend/context.js",
    "start": 1568102875319,
    "end": 1568102875320,
    "duration": 1,
    "pid": 12012,
    "index": 38
  },
  {
    "name": "Require(32) node_modules/_egg@2.23.0@egg/app/extend/context.js",
    "start": 1568102875321,
    "end": 1568102875324,
    "duration": 3,
    "pid": 12012,
    "index": 39
  },
  {
    "name": "Load extend/helper.js",
    "start": 1568102875328,
    "end": 1568102875360,
    "duration": 32,
    "pid": 12012,
    "index": 40
  },
  {
    "name": "Require(33) node_modules/_egg-security@2.6.1@egg-security/app/extend/helper.js",
    "start": 1568102875328,
    "end": 1568102875353,
    "duration": 25,
    "pid": 12012,
    "index": 41
  },
  {
    "name": "Require(34) node_modules/_egg@2.23.0@egg/app/extend/helper.js",
    "start": 1568102875356,
    "end": 1568102875356,
    "duration": 0,
    "pid": 12012,
    "index": 42
  },
  {
    "name": "Load app.js",
    "start": 1568102875360,
    "end": 1568102875413,
    "duration": 53,
    "pid": 12012,
    "index": 43
  },
  {
    "name": "Require(35) node_modules/_egg-session@3.1.0@egg-session/app.js",
    "start": 1568102875361,
    "end": 1568102875361,
    "duration": 0,
    "pid": 12012,
    "index": 44
  },
  {
    "name": "Require(36) node_modules/_egg-security@2.6.1@egg-security/app.js",
    "start": 1568102875362,
    "end": 1568102875364,
    "duration": 2,
    "pid": 12012,
    "index": 45
  },
  {
    "name": "Require(37) node_modules/_egg-onerror@2.1.0@egg-onerror/app.js",
    "start": 1568102875365,
    "end": 1568102875381,
    "duration": 16,
    "pid": 12012,
    "index": 46
  },
  {
    "name": "Require(38) node_modules/_egg-i18n@2.1.1@egg-i18n/app.js",
    "start": 1568102875382,
    "end": 1568102875392,
    "duration": 10,
    "pid": 12012,
    "index": 47
  },
  {
    "name": "Require(39) node_modules/_egg-watcher@3.1.0@egg-watcher/app.js",
    "start": 1568102875393,
    "end": 1568102875400,
    "duration": 7,
    "pid": 12012,
    "index": 48
  },
  {
    "name": "Require(40) node_modules/_egg-schedule@3.6.4@egg-schedule/app.js",
    "start": 1568102875400,
    "end": 1568102875403,
    "duration": 3,
    "pid": 12012,
    "index": 49
  },
  {
    "name": "Require(41) node_modules/_egg-multipart@2.9.0@egg-multipart/app.js",
    "start": 1568102875403,
    "end": 1568102875407,
    "duration": 4,
    "pid": 12012,
    "index": 50
  },
  {
    "name": "Require(42) node_modules/_egg-development@2.4.3@egg-development/app.js",
    "start": 1568102875408,
    "end": 1568102875408,
    "duration": 0,
    "pid": 12012,
    "index": 51
  },
  {
    "name": "Require(43) node_modules/_egg-logrotator@3.1.0@egg-logrotator/app.js",
    "start": 1568102875409,
    "end": 1568102875410,
    "duration": 1,
    "pid": 12012,
    "index": 52
  },
  {
    "name": "Require(44) node_modules/_egg-static@2.2.0@egg-static/app.js",
    "start": 1568102875410,
    "end": 1568102875411,
    "duration": 1,
    "pid": 12012,
    "index": 53
  },
  {
    "name": "Require(45) node_modules/_egg-sequelize@5.2.0@egg-sequelize/app.js",
    "start": 1568102875411,
    "end": 1568102875412,
    "duration": 1,
    "pid": 12012,
    "index": 54
  },
  {
    "name": "Before Start in node_modules/_egg-watcher@3.1.0@egg-watcher/lib/init.js:15:14",
    "start": 1568102875428,
    "end": 1568102876167,
    "duration": 739,
    "pid": 12012,
    "index": 55
  },
  {
    "name": "Load \"Symbol(model)\" to Application",
    "start": 1568102875926,
    "end": 1568102875950,
    "duration": 24,
    "pid": 12012,
    "index": 56
  },
  {
    "name": "Before Start in node_modules/_egg-sequelize@5.2.0@egg-sequelize/lib/loader.js:39:7",
    "start": 1568102875957,
    "end": 1568102876204,
    "duration": 247,
    "pid": 12012,
    "index": 57
  },
  {
    "name": "Load Service",
    "start": 1568102875957,
    "end": 1568102875962,
    "duration": 5,
    "pid": 12012,
    "index": 58
  },
  {
    "name": "Load \"service\" to Context",
    "start": 1568102875957,
    "end": 1568102875962,
    "duration": 5,
    "pid": 12012,
    "index": 59
  },
  {
    "name": "Load Middleware",
    "start": 1568102875962,
    "end": 1568102876091,
    "duration": 129,
    "pid": 12012,
    "index": 60
  },
  {
    "name": "Load \"middlewares\" to Application",
    "start": 1568102875962,
    "end": 1568102876076,
    "duration": 114,
    "pid": 12012,
    "index": 61
  },
  {
    "name": "Load Controller",
    "start": 1568102876091,
    "end": 1568102876094,
    "duration": 3,
    "pid": 12012,
    "index": 62
  },
  {
    "name": "Load \"controller\" to Application",
    "start": 1568102876091,
    "end": 1568102876094,
    "duration": 3,
    "pid": 12012,
    "index": 63
  },
  {
    "name": "Load Router",
    "start": 1568102876094,
    "end": 1568102876097,
    "duration": 3,
    "pid": 12012,
    "index": 64
  },
  {
    "name": "Require(46) app/router.js",
    "start": 1568102876094,
    "end": 1568102876095,
    "duration": 1,
    "pid": 12012,
    "index": 65
  },
  {
    "name": "Before Start in node_modules/_egg-core@4.17.3@egg-core/lib/egg.js:303:10",
    "start": 1568102876095,
    "end": 1568102876118,
    "duration": 23,
    "pid": 12012,
    "index": 66
  }
]