[
  {
    "name": "Application Start",
    "start": 1568102889025,
    "end": 1568102890225,
    "duration": 1200,
    "pid": 9544,
    "index": 0
  },
  {
    "name": "Load Plugin",
    "start": 1568102889031,
    "end": 1568102889063,
    "duration": 32,
    "pid": 9544,
    "index": 1
  },
  {
    "name": "Load Config",
    "start": 1568102889063,
    "end": 1568102889093,
    "duration": 30,
    "pid": 9544,
    "index": 2
  },
  {
    "name": "Require(0) config/config.default.js",
    "start": 1568102889064,
    "end": 1568102889064,
    "duration": 0,
    "pid": 9544,
    "index": 3
  },
  {
    "name": "Require(1) node_modules/_egg-session@3.1.0@egg-session/config/config.default.js",
    "start": 1568102889067,
    "end": 1568102889067,
    "duration": 0,
    "pid": 9544,
    "index": 4
  },
  {
    "name": "Require(2) node_modules/_egg-security@2.6.1@egg-security/config/config.default.js",
    "start": 1568102889068,
    "end": 1568102889068,
    "duration": 0,
    "pid": 9544,
    "index": 5
  },
  {
    "name": "Require(3) node_modules/_egg-jsonp@2.0.0@egg-jsonp/config/config.default.js",
    "start": 1568102889070,
    "end": 1568102889070,
    "duration": 0,
    "pid": 9544,
    "index": 6
  },
  {
    "name": "Require(4) node_modules/_egg-onerror@2.1.0@egg-onerror/config/config.default.js",
    "start": 1568102889071,
    "end": 1568102889071,
    "duration": 0,
    "pid": 9544,
    "index": 7
  },
  {
    "name": "Require(5) node_modules/_egg-i18n@2.1.1@egg-i18n/config/config.default.js",
    "start": 1568102889072,
    "end": 1568102889072,
    "duration": 0,
    "pid": 9544,
    "index": 8
  },
  {
    "name": "Require(6) node_modules/_egg-watcher@3.1.0@egg-watcher/config/config.default.js",
    "start": 1568102889073,
    "end": 1568102889074,
    "duration": 1,
    "pid": 9544,
    "index": 9
  },
  {
    "name": "Require(7) node_modules/_egg-schedule@3.6.4@egg-schedule/config/config.default.js",
    "start": 1568102889074,
    "end": 1568102889075,
    "duration": 1,
    "pid": 9544,
    "index": 10
  },
  {
    "name": "Require(8) node_modules/_egg-multipart@2.9.0@egg-multipart/config/config.default.js",
    "start": 1568102889076,
    "end": 1568102889076,
    "duration": 0,
    "pid": 9544,
    "index": 11
  },
  {
    "name": "Require(9) node_modules/_egg-development@2.4.3@egg-development/config/config.default.js",
    "start": 1568102889077,
    "end": 1568102889077,
    "duration": 0,
    "pid": 9544,
    "index": 12
  },
  {
    "name": "Require(10) node_modules/_egg-logrotator@3.1.0@egg-logrotator/config/config.default.js",
    "start": 1568102889079,
    "end": 1568102889079,
    "duration": 0,
    "pid": 9544,
    "index": 13
  },
  {
    "name": "Require(11) node_modules/_egg-static@2.2.0@egg-static/config/config.default.js",
    "start": 1568102889080,
    "end": 1568102889080,
    "duration": 0,
    "pid": 9544,
    "index": 14
  },
  {
    "name": "Require(12) node_modules/_egg-view@2.1.2@egg-view/config/config.default.js",
    "start": 1568102889081,
    "end": 1568102889082,
    "duration": 1,
    "pid": 9544,
    "index": 15
  },
  {
    "name": "Require(13) node_modules/_egg-sequelize@5.2.0@egg-sequelize/config/config.default.js",
    "start": 1568102889082,
    "end": 1568102889083,
    "duration": 1,
    "pid": 9544,
    "index": 16
  },
  {
    "name": "Require(14) node_modules/_egg@2.23.0@egg/config/config.default.js",
    "start": 1568102889083,
    "end": 1568102889084,
    "duration": 1,
    "pid": 9544,
    "index": 17
  },
  {
    "name": "Require(15) config/config.default.js",
    "start": 1568102889086,
    "end": 1568102889086,
    "duration": 0,
    "pid": 9544,
    "index": 18
  },
  {
    "name": "Require(16) node_modules/_egg-security@2.6.1@egg-security/config/config.local.js",
    "start": 1568102889086,
    "end": 1568102889087,
    "duration": 1,
    "pid": 9544,
    "index": 19
  },
  {
    "name": "Require(17) node_modules/_egg-watcher@3.1.0@egg-watcher/config/config.local.js",
    "start": 1568102889088,
    "end": 1568102889089,
    "duration": 1,
    "pid": 9544,
    "index": 20
  },
  {
    "name": "Require(18) node_modules/_egg-view@2.1.2@egg-view/config/config.local.js",
    "start": 1568102889091,
    "end": 1568102889091,
    "duration": 0,
    "pid": 9544,
    "index": 21
  },
  {
    "name": "Require(19) node_modules/_egg@2.23.0@egg/config/config.local.js",
    "start": 1568102889092,
    "end": 1568102889092,
    "duration": 0,
    "pid": 9544,
    "index": 22
  },
  {
    "name": "Load extend/application.js",
    "start": 1568102889095,
    "end": 1568102889118,
    "duration": 23,
    "pid": 9544,
    "index": 23
  },
  {
    "name": "Require(20) node_modules/_egg-session@3.1.0@egg-session/app/extend/application.js",
    "start": 1568102889096,
    "end": 1568102889097,
    "duration": 1,
    "pid": 9544,
    "index": 24
  },
  {
    "name": "Require(21) node_modules/_egg-security@2.6.1@egg-security/app/extend/application.js",
    "start": 1568102889098,
    "end": 1568102889099,
    "duration": 1,
    "pid": 9544,
    "index": 25
  },
  {
    "name": "Require(22) node_modules/_egg-jsonp@2.0.0@egg-jsonp/app/extend/application.js",
    "start": 1568102889100,
    "end": 1568102889104,
    "duration": 4,
    "pid": 9544,
    "index": 26
  },
  {
    "name": "Require(23) node_modules/_egg-logrotator@3.1.0@egg-logrotator/app/extend/application.js",
    "start": 1568102889107,
    "end": 1568102889111,
    "duration": 4,
    "pid": 9544,
    "index": 27
  },
  {
    "name": "Require(24) node_modules/_egg-view@2.1.2@egg-view/app/extend/application.js",
    "start": 1568102889112,
    "end": 1568102889114,
    "duration": 2,
    "pid": 9544,
    "index": 28
  },
  {
    "name": "Load extend/request.js",
    "start": 1568102889119,
    "end": 1568102889129,
    "duration": 10,
    "pid": 9544,
    "index": 29
  },
  {
    "name": "Require(25) node_modules/_egg@2.23.0@egg/app/extend/request.js",
    "start": 1568102889123,
    "end": 1568102889125,
    "duration": 2,
    "pid": 9544,
    "index": 30
  },
  {
    "name": "Load extend/response.js",
    "start": 1568102889129,
    "end": 1568102889139,
    "duration": 10,
    "pid": 9544,
    "index": 31
  },
  {
    "name": "Require(26) node_modules/_egg@2.23.0@egg/app/extend/response.js",
    "start": 1568102889133,
    "end": 1568102889136,
    "duration": 3,
    "pid": 9544,
    "index": 32
  },
  {
    "name": "Load extend/context.js",
    "start": 1568102889140,
    "end": 1568102889250,
    "duration": 110,
    "pid": 9544,
    "index": 33
  },
  {
    "name": "Require(27) node_modules/_egg-security@2.6.1@egg-security/app/extend/context.js",
    "start": 1568102889140,
    "end": 1568102889163,
    "duration": 23,
    "pid": 9544,
    "index": 34
  },
  {
    "name": "Require(28) node_modules/_egg-jsonp@2.0.0@egg-jsonp/app/extend/context.js",
    "start": 1568102889163,
    "end": 1568102889166,
    "duration": 3,
    "pid": 9544,
    "index": 35
  },
  {
    "name": "Require(29) node_modules/_egg-i18n@2.1.1@egg-i18n/app/extend/context.js",
    "start": 1568102889166,
    "end": 1568102889167,
    "duration": 1,
    "pid": 9544,
    "index": 36
  },
  {
    "name": "Require(30) node_modules/_egg-multipart@2.9.0@egg-multipart/app/extend/context.js",
    "start": 1568102889168,
    "end": 1568102889240,
    "duration": 72,
    "pid": 9544,
    "index": 37
  },
  {
    "name": "Require(31) node_modules/_egg-view@2.1.2@egg-view/app/extend/context.js",
    "start": 1568102889241,
    "end": 1568102889242,
    "duration": 1,
    "pid": 9544,
    "index": 38
  },
  {
    "name": "Require(32) node_modules/_egg@2.23.0@egg/app/extend/context.js",
    "start": 1568102889243,
    "end": 1568102889247,
    "duration": 4,
    "pid": 9544,
    "index": 39
  },
  {
    "name": "Load extend/helper.js",
    "start": 1568102889250,
    "end": 1568102889283,
    "duration": 33,
    "pid": 9544,
    "index": 40
  },
  {
    "name": "Require(33) node_modules/_egg-security@2.6.1@egg-security/app/extend/helper.js",
    "start": 1568102889251,
    "end": 1568102889276,
    "duration": 25,
    "pid": 9544,
    "index": 41
  },
  {
    "name": "Require(34) node_modules/_egg@2.23.0@egg/app/extend/helper.js",
    "start": 1568102889279,
    "end": 1568102889279,
    "duration": 0,
    "pid": 9544,
    "index": 42
  },
  {
    "name": "Load app.js",
    "start": 1568102889283,
    "end": 1568102889335,
    "duration": 52,
    "pid": 9544,
    "index": 43
  },
  {
    "name": "Require(35) node_modules/_egg-session@3.1.0@egg-session/app.js",
    "start": 1568102889284,
    "end": 1568102889284,
    "duration": 0,
    "pid": 9544,
    "index": 44
  },
  {
    "name": "Require(36) node_modules/_egg-security@2.6.1@egg-security/app.js",
    "start": 1568102889285,
    "end": 1568102889287,
    "duration": 2,
    "pid": 9544,
    "index": 45
  },
  {
    "name": "Require(37) node_modules/_egg-onerror@2.1.0@egg-onerror/app.js",
    "start": 1568102889288,
    "end": 1568102889303,
    "duration": 15,
    "pid": 9544,
    "index": 46
  },
  {
    "name": "Require(38) node_modules/_egg-i18n@2.1.1@egg-i18n/app.js",
    "start": 1568102889304,
    "end": 1568102889315,
    "duration": 11,
    "pid": 9544,
    "index": 47
  },
  {
    "name": "Require(39) node_modules/_egg-watcher@3.1.0@egg-watcher/app.js",
    "start": 1568102889316,
    "end": 1568102889321,
    "duration": 5,
    "pid": 9544,
    "index": 48
  },
  {
    "name": "Require(40) node_modules/_egg-schedule@3.6.4@egg-schedule/app.js",
    "start": 1568102889322,
    "end": 1568102889325,
    "duration": 3,
    "pid": 9544,
    "index": 49
  },
  {
    "name": "Require(41) node_modules/_egg-multipart@2.9.0@egg-multipart/app.js",
    "start": 1568102889325,
    "end": 1568102889330,
    "duration": 5,
    "pid": 9544,
    "index": 50
  },
  {
    "name": "Require(42) node_modules/_egg-development@2.4.3@egg-development/app.js",
    "start": 1568102889330,
    "end": 1568102889331,
    "duration": 1,
    "pid": 9544,
    "index": 51
  },
  {
    "name": "Require(43) node_modules/_egg-logrotator@3.1.0@egg-logrotator/app.js",
    "start": 1568102889331,
    "end": 1568102889332,
    "duration": 1,
    "pid": 9544,
    "index": 52
  },
  {
    "name": "Require(44) node_modules/_egg-static@2.2.0@egg-static/app.js",
    "start": 1568102889332,
    "end": 1568102889332,
    "duration": 0,
    "pid": 9544,
    "index": 53
  },
  {
    "name": "Require(45) node_modules/_egg-sequelize@5.2.0@egg-sequelize/app.js",
    "start": 1568102889333,
    "end": 1568102889334,
    "duration": 1,
    "pid": 9544,
    "index": 54
  },
  {
    "name": "Before Start in node_modules/_egg-watcher@3.1.0@egg-watcher/lib/init.js:15:14",
    "start": 1568102889350,
    "end": 1568102890185,
    "duration": 835,
    "pid": 9544,
    "index": 55
  },
  {
    "name": "Load \"Symbol(model)\" to Application",
    "start": 1568102889907,
    "end": 1568102889935,
    "duration": 28,
    "pid": 9544,
    "index": 56
  },
  {
    "name": "Before Start in node_modules/_egg-sequelize@5.2.0@egg-sequelize/lib/loader.js:39:7",
    "start": 1568102889941,
    "end": 1568102890224,
    "duration": 283,
    "pid": 9544,
    "index": 57
  },
  {
    "name": "Load Service",
    "start": 1568102889942,
    "end": 1568102889948,
    "duration": 6,
    "pid": 9544,
    "index": 58
  },
  {
    "name": "Load \"service\" to Context",
    "start": 1568102889942,
    "end": 1568102889948,
    "duration": 6,
    "pid": 9544,
    "index": 59
  },
  {
    "name": "Load Middleware",
    "start": 1568102889948,
    "end": 1568102890085,
    "duration": 137,
    "pid": 9544,
    "index": 60
  },
  {
    "name": "Load \"middlewares\" to Application",
    "start": 1568102889948,
    "end": 1568102890068,
    "duration": 120,
    "pid": 9544,
    "index": 61
  },
  {
    "name": "Load Controller",
    "start": 1568102890085,
    "end": 1568102890088,
    "duration": 3,
    "pid": 9544,
    "index": 62
  },
  {
    "name": "Load \"controller\" to Application",
    "start": 1568102890085,
    "end": 1568102890088,
    "duration": 3,
    "pid": 9544,
    "index": 63
  },
  {
    "name": "Load Router",
    "start": 1568102890088,
    "end": 1568102890092,
    "duration": 4,
    "pid": 9544,
    "index": 64
  },
  {
    "name": "Require(46) app/router.js",
    "start": 1568102890089,
    "end": 1568102890089,
    "duration": 0,
    "pid": 9544,
    "index": 65
  },
  {
    "name": "Before Start in node_modules/_egg-core@4.17.3@egg-core/lib/egg.js:303:10",
    "start": 1568102890090,
    "end": 1568102890112,
    "duration": 22,
    "pid": 9544,
    "index": 66
  }
]