[
  {
    "name": "Application Start",
    "start": 1568110551380,
    "end": 1568110552562,
    "duration": 1182,
    "pid": 8804,
    "index": 0
  },
  {
    "name": "Load Plugin",
    "start": 1568110551387,
    "end": 1568110551417,
    "duration": 30,
    "pid": 8804,
    "index": 1
  },
  {
    "name": "Load Config",
    "start": 1568110551418,
    "end": 1568110551448,
    "duration": 30,
    "pid": 8804,
    "index": 2
  },
  {
    "name": "Require(0) config/config.default.js",
    "start": 1568110551419,
    "end": 1568110551419,
    "duration": 0,
    "pid": 8804,
    "index": 3
  },
  {
    "name": "Require(1) node_modules/_egg-session@3.1.0@egg-session/config/config.default.js",
    "start": 1568110551422,
    "end": 1568110551423,
    "duration": 1,
    "pid": 8804,
    "index": 4
  },
  {
    "name": "Require(2) node_modules/_egg-security@2.6.1@egg-security/config/config.default.js",
    "start": 1568110551423,
    "end": 1568110551424,
    "duration": 1,
    "pid": 8804,
    "index": 5
  },
  {
    "name": "Require(3) node_modules/_egg-jsonp@2.0.0@egg-jsonp/config/config.default.js",
    "start": 1568110551426,
    "end": 1568110551426,
    "duration": 0,
    "pid": 8804,
    "index": 6
  },
  {
    "name": "Require(4) node_modules/_egg-onerror@2.1.0@egg-onerror/config/config.default.js",
    "start": 1568110551427,
    "end": 1568110551427,
    "duration": 0,
    "pid": 8804,
    "index": 7
  },
  {
    "name": "Require(5) node_modules/_egg-i18n@2.1.1@egg-i18n/config/config.default.js",
    "start": 1568110551428,
    "end": 1568110551428,
    "duration": 0,
    "pid": 8804,
    "index": 8
  },
  {
    "name": "Require(6) node_modules/_egg-watcher@3.1.0@egg-watcher/config/config.default.js",
    "start": 1568110551429,
    "end": 1568110551429,
    "duration": 0,
    "pid": 8804,
    "index": 9
  },
  {
    "name": "Require(7) node_modules/_egg-schedule@3.6.4@egg-schedule/config/config.default.js",
    "start": 1568110551430,
    "end": 1568110551430,
    "duration": 0,
    "pid": 8804,
    "index": 10
  },
  {
    "name": "Require(8) node_modules/_egg-multipart@2.9.0@egg-multipart/config/config.default.js",
    "start": 1568110551431,
    "end": 1568110551432,
    "duration": 1,
    "pid": 8804,
    "index": 11
  },
  {
    "name": "Require(9) node_modules/_egg-development@2.4.3@egg-development/config/config.default.js",
    "start": 1568110551433,
    "end": 1568110551433,
    "duration": 0,
    "pid": 8804,
    "index": 12
  },
  {
    "name": "Require(10) node_modules/_egg-logrotator@3.1.0@egg-logrotator/config/config.default.js",
    "start": 1568110551434,
    "end": 1568110551434,
    "duration": 0,
    "pid": 8804,
    "index": 13
  },
  {
    "name": "Require(11) node_modules/_egg-static@2.2.0@egg-static/config/config.default.js",
    "start": 1568110551435,
    "end": 1568110551435,
    "duration": 0,
    "pid": 8804,
    "index": 14
  },
  {
    "name": "Require(12) node_modules/_egg-view@2.1.2@egg-view/config/config.default.js",
    "start": 1568110551436,
    "end": 1568110551436,
    "duration": 0,
    "pid": 8804,
    "index": 15
  },
  {
    "name": "Require(13) node_modules/_egg-sequelize@5.2.0@egg-sequelize/config/config.default.js",
    "start": 1568110551437,
    "end": 1568110551437,
    "duration": 0,
    "pid": 8804,
    "index": 16
  },
  {
    "name": "Require(14) node_modules/_egg@2.23.0@egg/config/config.default.js",
    "start": 1568110551438,
    "end": 1568110551438,
    "duration": 0,
    "pid": 8804,
    "index": 17
  },
  {
    "name": "Require(15) config/config.default.js",
    "start": 1568110551440,
    "end": 1568110551440,
    "duration": 0,
    "pid": 8804,
    "index": 18
  },
  {
    "name": "Require(16) node_modules/_egg-security@2.6.1@egg-security/config/config.local.js",
    "start": 1568110551441,
    "end": 1568110551442,
    "duration": 1,
    "pid": 8804,
    "index": 19
  },
  {
    "name": "Require(17) node_modules/_egg-watcher@3.1.0@egg-watcher/config/config.local.js",
    "start": 1568110551444,
    "end": 1568110551444,
    "duration": 0,
    "pid": 8804,
    "index": 20
  },
  {
    "name": "Require(18) node_modules/_egg-view@2.1.2@egg-view/config/config.local.js",
    "start": 1568110551446,
    "end": 1568110551446,
    "duration": 0,
    "pid": 8804,
    "index": 21
  },
  {
    "name": "Require(19) node_modules/_egg@2.23.0@egg/config/config.local.js",
    "start": 1568110551447,
    "end": 1568110551447,
    "duration": 0,
    "pid": 8804,
    "index": 22
  },
  {
    "name": "Load extend/application.js",
    "start": 1568110551450,
    "end": 1568110551472,
    "duration": 22,
    "pid": 8804,
    "index": 23
  },
  {
    "name": "Require(20) node_modules/_egg-session@3.1.0@egg-session/app/extend/application.js",
    "start": 1568110551451,
    "end": 1568110551452,
    "duration": 1,
    "pid": 8804,
    "index": 24
  },
  {
    "name": "Require(21) node_modules/_egg-security@2.6.1@egg-security/app/extend/application.js",
    "start": 1568110551453,
    "end": 1568110551454,
    "duration": 1,
    "pid": 8804,
    "index": 25
  },
  {
    "name": "Require(22) node_modules/_egg-jsonp@2.0.0@egg-jsonp/app/extend/application.js",
    "start": 1568110551455,
    "end": 1568110551458,
    "duration": 3,
    "pid": 8804,
    "index": 26
  },
  {
    "name": "Require(23) node_modules/_egg-logrotator@3.1.0@egg-logrotator/app/extend/application.js",
    "start": 1568110551460,
    "end": 1568110551464,
    "duration": 4,
    "pid": 8804,
    "index": 27
  },
  {
    "name": "Require(24) node_modules/_egg-view@2.1.2@egg-view/app/extend/application.js",
    "start": 1568110551465,
    "end": 1568110551467,
    "duration": 2,
    "pid": 8804,
    "index": 28
  },
  {
    "name": "Load extend/request.js",
    "start": 1568110551472,
    "end": 1568110551482,
    "duration": 10,
    "pid": 8804,
    "index": 29
  },
  {
    "name": "Require(25) node_modules/_egg@2.23.0@egg/app/extend/request.js",
    "start": 1568110551475,
    "end": 1568110551478,
    "duration": 3,
    "pid": 8804,
    "index": 30
  },
  {
    "name": "Load extend/response.js",
    "start": 1568110551482,
    "end": 1568110551493,
    "duration": 11,
    "pid": 8804,
    "index": 31
  },
  {
    "name": "Require(26) node_modules/_egg@2.23.0@egg/app/extend/response.js",
    "start": 1568110551486,
    "end": 1568110551489,
    "duration": 3,
    "pid": 8804,
    "index": 32
  },
  {
    "name": "Load extend/context.js",
    "start": 1568110551493,
    "end": 1568110551607,
    "duration": 114,
    "pid": 8804,
    "index": 33
  },
  {
    "name": "Require(27) node_modules/_egg-security@2.6.1@egg-security/app/extend/context.js",
    "start": 1568110551493,
    "end": 1568110551514,
    "duration": 21,
    "pid": 8804,
    "index": 34
  },
  {
    "name": "Require(28) node_modules/_egg-jsonp@2.0.0@egg-jsonp/app/extend/context.js",
    "start": 1568110551514,
    "end": 1568110551517,
    "duration": 3,
    "pid": 8804,
    "index": 35
  },
  {
    "name": "Require(29) node_modules/_egg-i18n@2.1.1@egg-i18n/app/extend/context.js",
    "start": 1568110551518,
    "end": 1568110551519,
    "duration": 1,
    "pid": 8804,
    "index": 36
  },
  {
    "name": "Require(30) node_modules/_egg-multipart@2.9.0@egg-multipart/app/extend/context.js",
    "start": 1568110551520,
    "end": 1568110551596,
    "duration": 76,
    "pid": 8804,
    "index": 37
  },
  {
    "name": "Require(31) node_modules/_egg-view@2.1.2@egg-view/app/extend/context.js",
    "start": 1568110551597,
    "end": 1568110551598,
    "duration": 1,
    "pid": 8804,
    "index": 38
  },
  {
    "name": "Require(32) node_modules/_egg@2.23.0@egg/app/extend/context.js",
    "start": 1568110551599,
    "end": 1568110551602,
    "duration": 3,
    "pid": 8804,
    "index": 39
  },
  {
    "name": "Load extend/helper.js",
    "start": 1568110551607,
    "end": 1568110551646,
    "duration": 39,
    "pid": 8804,
    "index": 40
  },
  {
    "name": "Require(33) node_modules/_egg-security@2.6.1@egg-security/app/extend/helper.js",
    "start": 1568110551608,
    "end": 1568110551638,
    "duration": 30,
    "pid": 8804,
    "index": 41
  },
  {
    "name": "Require(34) node_modules/_egg@2.23.0@egg/app/extend/helper.js",
    "start": 1568110551641,
    "end": 1568110551642,
    "duration": 1,
    "pid": 8804,
    "index": 42
  },
  {
    "name": "Load app.js",
    "start": 1568110551646,
    "end": 1568110551706,
    "duration": 60,
    "pid": 8804,
    "index": 43
  },
  {
    "name": "Require(35) node_modules/_egg-session@3.1.0@egg-session/app.js",
    "start": 1568110551647,
    "end": 1568110551648,
    "duration": 1,
    "pid": 8804,
    "index": 44
  },
  {
    "name": "Require(36) node_modules/_egg-security@2.6.1@egg-security/app.js",
    "start": 1568110551648,
    "end": 1568110551651,
    "duration": 3,
    "pid": 8804,
    "index": 45
  },
  {
    "name": "Require(37) node_modules/_egg-onerror@2.1.0@egg-onerror/app.js",
    "start": 1568110551652,
    "end": 1568110551671,
    "duration": 19,
    "pid": 8804,
    "index": 46
  },
  {
    "name": "Require(38) node_modules/_egg-i18n@2.1.1@egg-i18n/app.js",
    "start": 1568110551672,
    "end": 1568110551684,
    "duration": 12,
    "pid": 8804,
    "index": 47
  },
  {
    "name": "Require(39) node_modules/_egg-watcher@3.1.0@egg-watcher/app.js",
    "start": 1568110551685,
    "end": 1568110551691,
    "duration": 6,
    "pid": 8804,
    "index": 48
  },
  {
    "name": "Require(40) node_modules/_egg-schedule@3.6.4@egg-schedule/app.js",
    "start": 1568110551692,
    "end": 1568110551695,
    "duration": 3,
    "pid": 8804,
    "index": 49
  },
  {
    "name": "Require(41) node_modules/_egg-multipart@2.9.0@egg-multipart/app.js",
    "start": 1568110551696,
    "end": 1568110551701,
    "duration": 5,
    "pid": 8804,
    "index": 50
  },
  {
    "name": "Require(42) node_modules/_egg-development@2.4.3@egg-development/app.js",
    "start": 1568110551701,
    "end": 1568110551701,
    "duration": 0,
    "pid": 8804,
    "index": 51
  },
  {
    "name": "Require(43) node_modules/_egg-logrotator@3.1.0@egg-logrotator/app.js",
    "start": 1568110551702,
    "end": 1568110551702,
    "duration": 0,
    "pid": 8804,
    "index": 52
  },
  {
    "name": "Require(44) node_modules/_egg-static@2.2.0@egg-static/app.js",
    "start": 1568110551703,
    "end": 1568110551703,
    "duration": 0,
    "pid": 8804,
    "index": 53
  },
  {
    "name": "Require(45) node_modules/_egg-sequelize@5.2.0@egg-sequelize/app.js",
    "start": 1568110551704,
    "end": 1568110551704,
    "duration": 0,
    "pid": 8804,
    "index": 54
  },
  {
    "name": "Before Start in node_modules/_egg-watcher@3.1.0@egg-watcher/lib/init.js:15:14",
    "start": 1568110551726,
    "end": 1568110552526,
    "duration": 800,
    "pid": 8804,
    "index": 55
  },
  {
    "name": "Load \"Symbol(model)\" to Application",
    "start": 1568110552282,
    "end": 1568110552306,
    "duration": 24,
    "pid": 8804,
    "index": 56
  },
  {
    "name": "Before Start in node_modules/_egg-sequelize@5.2.0@egg-sequelize/lib/loader.js:39:7",
    "start": 1568110552312,
    "end": 1568110552561,
    "duration": 249,
    "pid": 8804,
    "index": 57
  },
  {
    "name": "Load Service",
    "start": 1568110552312,
    "end": 1568110552319,
    "duration": 7,
    "pid": 8804,
    "index": 58
  },
  {
    "name": "Load \"service\" to Context",
    "start": 1568110552313,
    "end": 1568110552319,
    "duration": 6,
    "pid": 8804,
    "index": 59
  },
  {
    "name": "Load Middleware",
    "start": 1568110552320,
    "end": 1568110552445,
    "duration": 125,
    "pid": 8804,
    "index": 60
  },
  {
    "name": "Load \"middlewares\" to Application",
    "start": 1568110552320,
    "end": 1568110552430,
    "duration": 110,
    "pid": 8804,
    "index": 61
  },
  {
    "name": "Load Controller",
    "start": 1568110552445,
    "end": 1568110552449,
    "duration": 4,
    "pid": 8804,
    "index": 62
  },
  {
    "name": "Load \"controller\" to Application",
    "start": 1568110552445,
    "end": 1568110552449,
    "duration": 4,
    "pid": 8804,
    "index": 63
  },
  {
    "name": "Load Router",
    "start": 1568110552449,
    "end": 1568110552452,
    "duration": 3,
    "pid": 8804,
    "index": 64
  },
  {
    "name": "Require(46) app/router.js",
    "start": 1568110552449,
    "end": 1568110552449,
    "duration": 0,
    "pid": 8804,
    "index": 65
  },
  {
    "name": "Before Start in node_modules/_egg-core@4.17.3@egg-core/lib/egg.js:303:10",
    "start": 1568110552450,
    "end": 1568110552472,
    "duration": 22,
    "pid": 8804,
    "index": 66
  }
]