[
  {
    "name": "Application Start",
    "start": 1568102284056,
    "end": 1568102285563,
    "duration": 1507,
    "pid": 12700,
    "index": 0
  },
  {
    "name": "Load Plugin",
    "start": 1568102284064,
    "end": 1568102284092,
    "duration": 28,
    "pid": 12700,
    "index": 1
  },
  {
    "name": "Load Config",
    "start": 1568102284092,
    "end": 1568102284128,
    "duration": 36,
    "pid": 12700,
    "index": 2
  },
  {
    "name": "Require(0) config/config.default.js",
    "start": 1568102284093,
    "end": 1568102284094,
    "duration": 1,
    "pid": 12700,
    "index": 3
  },
  {
    "name": "Require(1) node_modules/_egg-session@3.1.0@egg-session/config/config.default.js",
    "start": 1568102284097,
    "end": 1568102284097,
    "duration": 0,
    "pid": 12700,
    "index": 4
  },
  {
    "name": "Require(2) node_modules/_egg-security@2.6.1@egg-security/config/config.default.js",
    "start": 1568102284098,
    "end": 1568102284099,
    "duration": 1,
    "pid": 12700,
    "index": 5
  },
  {
    "name": "Require(3) node_modules/_egg-jsonp@2.0.0@egg-jsonp/config/config.default.js",
    "start": 1568102284100,
    "end": 1568102284101,
    "duration": 1,
    "pid": 12700,
    "index": 6
  },
  {
    "name": "Require(4) node_modules/_egg-onerror@2.1.0@egg-onerror/config/config.default.js",
    "start": 1568102284102,
    "end": 1568102284102,
    "duration": 0,
    "pid": 12700,
    "index": 7
  },
  {
    "name": "Require(5) node_modules/_egg-i18n@2.1.1@egg-i18n/config/config.default.js",
    "start": 1568102284104,
    "end": 1568102284104,
    "duration": 0,
    "pid": 12700,
    "index": 8
  },
  {
    "name": "Require(6) node_modules/_egg-watcher@3.1.0@egg-watcher/config/config.default.js",
    "start": 1568102284105,
    "end": 1568102284106,
    "duration": 1,
    "pid": 12700,
    "index": 9
  },
  {
    "name": "Require(7) node_modules/_egg-schedule@3.6.4@egg-schedule/config/config.default.js",
    "start": 1568102284107,
    "end": 1568102284107,
    "duration": 0,
    "pid": 12700,
    "index": 10
  },
  {
    "name": "Require(8) node_modules/_egg-multipart@2.9.0@egg-multipart/config/config.default.js",
    "start": 1568102284108,
    "end": 1568102284109,
    "duration": 1,
    "pid": 12700,
    "index": 11
  },
  {
    "name": "Require(9) node_modules/_egg-development@2.4.3@egg-development/config/config.default.js",
    "start": 1568102284110,
    "end": 1568102284111,
    "duration": 1,
    "pid": 12700,
    "index": 12
  },
  {
    "name": "Require(10) node_modules/_egg-logrotator@3.1.0@egg-logrotator/config/config.default.js",
    "start": 1568102284112,
    "end": 1568102284113,
    "duration": 1,
    "pid": 12700,
    "index": 13
  },
  {
    "name": "Require(11) node_modules/_egg-static@2.2.0@egg-static/config/config.default.js",
    "start": 1568102284113,
    "end": 1568102284114,
    "duration": 1,
    "pid": 12700,
    "index": 14
  },
  {
    "name": "Require(12) node_modules/_egg-view@2.1.2@egg-view/config/config.default.js",
    "start": 1568102284115,
    "end": 1568102284115,
    "duration": 0,
    "pid": 12700,
    "index": 15
  },
  {
    "name": "Require(13) node_modules/_egg-sequelize@5.2.0@egg-sequelize/config/config.default.js",
    "start": 1568102284116,
    "end": 1568102284116,
    "duration": 0,
    "pid": 12700,
    "index": 16
  },
  {
    "name": "Require(14) node_modules/_egg@2.23.0@egg/config/config.default.js",
    "start": 1568102284117,
    "end": 1568102284118,
    "duration": 1,
    "pid": 12700,
    "index": 17
  },
  {
    "name": "Require(15) config/config.default.js",
    "start": 1568102284120,
    "end": 1568102284120,
    "duration": 0,
    "pid": 12700,
    "index": 18
  },
  {
    "name": "Require(16) node_modules/_egg-security@2.6.1@egg-security/config/config.local.js",
    "start": 1568102284121,
    "end": 1568102284121,
    "duration": 0,
    "pid": 12700,
    "index": 19
  },
  {
    "name": "Require(17) node_modules/_egg-watcher@3.1.0@egg-watcher/config/config.local.js",
    "start": 1568102284123,
    "end": 1568102284124,
    "duration": 1,
    "pid": 12700,
    "index": 20
  },
  {
    "name": "Require(18) node_modules/_egg-view@2.1.2@egg-view/config/config.local.js",
    "start": 1568102284126,
    "end": 1568102284126,
    "duration": 0,
    "pid": 12700,
    "index": 21
  },
  {
    "name": "Require(19) node_modules/_egg@2.23.0@egg/config/config.local.js",
    "start": 1568102284127,
    "end": 1568102284127,
    "duration": 0,
    "pid": 12700,
    "index": 22
  },
  {
    "name": "Load extend/application.js",
    "start": 1568102284129,
    "end": 1568102284155,
    "duration": 26,
    "pid": 12700,
    "index": 23
  },
  {
    "name": "Require(20) node_modules/_egg-session@3.1.0@egg-session/app/extend/application.js",
    "start": 1568102284130,
    "end": 1568102284131,
    "duration": 1,
    "pid": 12700,
    "index": 24
  },
  {
    "name": "Require(21) node_modules/_egg-security@2.6.1@egg-security/app/extend/application.js",
    "start": 1568102284132,
    "end": 1568102284134,
    "duration": 2,
    "pid": 12700,
    "index": 25
  },
  {
    "name": "Require(22) node_modules/_egg-jsonp@2.0.0@egg-jsonp/app/extend/application.js",
    "start": 1568102284135,
    "end": 1568102284139,
    "duration": 4,
    "pid": 12700,
    "index": 26
  },
  {
    "name": "Require(23) node_modules/_egg-logrotator@3.1.0@egg-logrotator/app/extend/application.js",
    "start": 1568102284142,
    "end": 1568102284146,
    "duration": 4,
    "pid": 12700,
    "index": 27
  },
  {
    "name": "Require(24) node_modules/_egg-view@2.1.2@egg-view/app/extend/application.js",
    "start": 1568102284147,
    "end": 1568102284151,
    "duration": 4,
    "pid": 12700,
    "index": 28
  },
  {
    "name": "Load extend/request.js",
    "start": 1568102284155,
    "end": 1568102284167,
    "duration": 12,
    "pid": 12700,
    "index": 29
  },
  {
    "name": "Require(25) node_modules/_egg@2.23.0@egg/app/extend/request.js",
    "start": 1568102284160,
    "end": 1568102284163,
    "duration": 3,
    "pid": 12700,
    "index": 30
  },
  {
    "name": "Load extend/response.js",
    "start": 1568102284167,
    "end": 1568102284178,
    "duration": 11,
    "pid": 12700,
    "index": 31
  },
  {
    "name": "Require(26) node_modules/_egg@2.23.0@egg/app/extend/response.js",
    "start": 1568102284171,
    "end": 1568102284174,
    "duration": 3,
    "pid": 12700,
    "index": 32
  },
  {
    "name": "Load extend/context.js",
    "start": 1568102284178,
    "end": 1568102284317,
    "duration": 139,
    "pid": 12700,
    "index": 33
  },
  {
    "name": "Require(27) node_modules/_egg-security@2.6.1@egg-security/app/extend/context.js",
    "start": 1568102284179,
    "end": 1568102284207,
    "duration": 28,
    "pid": 12700,
    "index": 34
  },
  {
    "name": "Require(28) node_modules/_egg-jsonp@2.0.0@egg-jsonp/app/extend/context.js",
    "start": 1568102284207,
    "end": 1568102284211,
    "duration": 4,
    "pid": 12700,
    "index": 35
  },
  {
    "name": "Require(29) node_modules/_egg-i18n@2.1.1@egg-i18n/app/extend/context.js",
    "start": 1568102284212,
    "end": 1568102284213,
    "duration": 1,
    "pid": 12700,
    "index": 36
  },
  {
    "name": "Require(30) node_modules/_egg-multipart@2.9.0@egg-multipart/app/extend/context.js",
    "start": 1568102284215,
    "end": 1568102284304,
    "duration": 89,
    "pid": 12700,
    "index": 37
  },
  {
    "name": "Require(31) node_modules/_egg-view@2.1.2@egg-view/app/extend/context.js",
    "start": 1568102284305,
    "end": 1568102284307,
    "duration": 2,
    "pid": 12700,
    "index": 38
  },
  {
    "name": "Require(32) node_modules/_egg@2.23.0@egg/app/extend/context.js",
    "start": 1568102284308,
    "end": 1568102284313,
    "duration": 5,
    "pid": 12700,
    "index": 39
  },
  {
    "name": "Load extend/helper.js",
    "start": 1568102284317,
    "end": 1568102284361,
    "duration": 44,
    "pid": 12700,
    "index": 40
  },
  {
    "name": "Require(33) node_modules/_egg-security@2.6.1@egg-security/app/extend/helper.js",
    "start": 1568102284318,
    "end": 1568102284354,
    "duration": 36,
    "pid": 12700,
    "index": 41
  },
  {
    "name": "Require(34) node_modules/_egg@2.23.0@egg/app/extend/helper.js",
    "start": 1568102284357,
    "end": 1568102284358,
    "duration": 1,
    "pid": 12700,
    "index": 42
  },
  {
    "name": "Load app.js",
    "start": 1568102284362,
    "end": 1568102284428,
    "duration": 66,
    "pid": 12700,
    "index": 43
  },
  {
    "name": "Require(35) node_modules/_egg-session@3.1.0@egg-session/app.js",
    "start": 1568102284362,
    "end": 1568102284363,
    "duration": 1,
    "pid": 12700,
    "index": 44
  },
  {
    "name": "Require(36) node_modules/_egg-security@2.6.1@egg-security/app.js",
    "start": 1568102284363,
    "end": 1568102284367,
    "duration": 4,
    "pid": 12700,
    "index": 45
  },
  {
    "name": "Require(37) node_modules/_egg-onerror@2.1.0@egg-onerror/app.js",
    "start": 1568102284368,
    "end": 1568102284390,
    "duration": 22,
    "pid": 12700,
    "index": 46
  },
  {
    "name": "Require(38) node_modules/_egg-i18n@2.1.1@egg-i18n/app.js",
    "start": 1568102284390,
    "end": 1568102284404,
    "duration": 14,
    "pid": 12700,
    "index": 47
  },
  {
    "name": "Require(39) node_modules/_egg-watcher@3.1.0@egg-watcher/app.js",
    "start": 1568102284405,
    "end": 1568102284412,
    "duration": 7,
    "pid": 12700,
    "index": 48
  },
  {
    "name": "Require(40) node_modules/_egg-schedule@3.6.4@egg-schedule/app.js",
    "start": 1568102284413,
    "end": 1568102284416,
    "duration": 3,
    "pid": 12700,
    "index": 49
  },
  {
    "name": "Require(41) node_modules/_egg-multipart@2.9.0@egg-multipart/app.js",
    "start": 1568102284417,
    "end": 1568102284422,
    "duration": 5,
    "pid": 12700,
    "index": 50
  },
  {
    "name": "Require(42) node_modules/_egg-development@2.4.3@egg-development/app.js",
    "start": 1568102284423,
    "end": 1568102284424,
    "duration": 1,
    "pid": 12700,
    "index": 51
  },
  {
    "name": "Require(43) node_modules/_egg-logrotator@3.1.0@egg-logrotator/app.js",
    "start": 1568102284424,
    "end": 1568102284425,
    "duration": 1,
    "pid": 12700,
    "index": 52
  },
  {
    "name": "Require(44) node_modules/_egg-static@2.2.0@egg-static/app.js",
    "start": 1568102284425,
    "end": 1568102284426,
    "duration": 1,
    "pid": 12700,
    "index": 53
  },
  {
    "name": "Require(45) node_modules/_egg-sequelize@5.2.0@egg-sequelize/app.js",
    "start": 1568102284426,
    "end": 1568102284427,
    "duration": 1,
    "pid": 12700,
    "index": 54
  },
  {
    "name": "Before Start in node_modules/_egg-watcher@3.1.0@egg-watcher/lib/init.js:15:14",
    "start": 1568102284447,
    "end": 1568102285446,
    "duration": 999,
    "pid": 12700,
    "index": 55
  },
  {
    "name": "Load \"Symbol(model)\" to Application",
    "start": 1568102285178,
    "end": 1568102285193,
    "duration": 15,
    "pid": 12700,
    "index": 56
  },
  {
    "name": "Before Start in node_modules/_egg-sequelize@5.2.0@egg-sequelize/lib/loader.js:39:7",
    "start": 1568102285193,
    "end": 1568102285563,
    "duration": 370,
    "pid": 12700,
    "index": 57
  },
  {
    "name": "Load Service",
    "start": 1568102285193,
    "end": 1568102285200,
    "duration": 7,
    "pid": 12700,
    "index": 58
  },
  {
    "name": "Load \"service\" to Context",
    "start": 1568102285194,
    "end": 1568102285200,
    "duration": 6,
    "pid": 12700,
    "index": 59
  },
  {
    "name": "Load Middleware",
    "start": 1568102285200,
    "end": 1568102285373,
    "duration": 173,
    "pid": 12700,
    "index": 60
  },
  {
    "name": "Load \"middlewares\" to Application",
    "start": 1568102285200,
    "end": 1568102285352,
    "duration": 152,
    "pid": 12700,
    "index": 61
  },
  {
    "name": "Load Controller",
    "start": 1568102285373,
    "end": 1568102285376,
    "duration": 3,
    "pid": 12700,
    "index": 62
  },
  {
    "name": "Load \"controller\" to Application",
    "start": 1568102285373,
    "end": 1568102285376,
    "duration": 3,
    "pid": 12700,
    "index": 63
  },
  {
    "name": "Load Router",
    "start": 1568102285376,
    "end": 1568102285379,
    "duration": 3,
    "pid": 12700,
    "index": 64
  },
  {
    "name": "Require(46) app/router.js",
    "start": 1568102285377,
    "end": 1568102285377,
    "duration": 0,
    "pid": 12700,
    "index": 65
  },
  {
    "name": "Before Start in node_modules/_egg-core@4.17.3@egg-core/lib/egg.js:303:10",
    "start": 1568102285378,
    "end": 1568102285406,
    "duration": 28,
    "pid": 12700,
    "index": 66
  }
]