[
  {
    "name": "Application Start",
    "start": 1568083895556,
    "end": 1568083896646,
    "duration": 1090,
    "pid": 1780,
    "index": 0
  },
  {
    "name": "Load Plugin",
    "start": 1568083895562,
    "end": 1568083895587,
    "duration": 25,
    "pid": 1780,
    "index": 1
  },
  {
    "name": "Load Config",
    "start": 1568083895587,
    "end": 1568083895613,
    "duration": 26,
    "pid": 1780,
    "index": 2
  },
  {
    "name": "Require(0) config/config.default.js",
    "start": 1568083895588,
    "end": 1568083895589,
    "duration": 1,
    "pid": 1780,
    "index": 3
  },
  {
    "name": "Require(1) node_modules/_egg-session@3.1.0@egg-session/config/config.default.js",
    "start": 1568083895591,
    "end": 1568083895591,
    "duration": 0,
    "pid": 1780,
    "index": 4
  },
  {
    "name": "Require(2) node_modules/_egg-security@2.6.1@egg-security/config/config.default.js",
    "start": 1568083895592,
    "end": 1568083895592,
    "duration": 0,
    "pid": 1780,
    "index": 5
  },
  {
    "name": "Require(3) node_modules/_egg-jsonp@2.0.0@egg-jsonp/config/config.default.js",
    "start": 1568083895593,
    "end": 1568083895593,
    "duration": 0,
    "pid": 1780,
    "index": 6
  },
  {
    "name": "Require(4) node_modules/_egg-onerror@2.1.0@egg-onerror/config/config.default.js",
    "start": 1568083895594,
    "end": 1568083895595,
    "duration": 1,
    "pid": 1780,
    "index": 7
  },
  {
    "name": "Require(5) node_modules/_egg-i18n@2.1.1@egg-i18n/config/config.default.js",
    "start": 1568083895595,
    "end": 1568083895596,
    "duration": 1,
    "pid": 1780,
    "index": 8
  },
  {
    "name": "Require(6) node_modules/_egg-watcher@3.1.0@egg-watcher/config/config.default.js",
    "start": 1568083895596,
    "end": 1568083895597,
    "duration": 1,
    "pid": 1780,
    "index": 9
  },
  {
    "name": "Require(7) node_modules/_egg-schedule@3.6.4@egg-schedule/config/config.default.js",
    "start": 1568083895597,
    "end": 1568083895598,
    "duration": 1,
    "pid": 1780,
    "index": 10
  },
  {
    "name": "Require(8) node_modules/_egg-multipart@2.9.0@egg-multipart/config/config.default.js",
    "start": 1568083895598,
    "end": 1568083895599,
    "duration": 1,
    "pid": 1780,
    "index": 11
  },
  {
    "name": "Require(9) node_modules/_egg-development@2.4.3@egg-development/config/config.default.js",
    "start": 1568083895600,
    "end": 1568083895600,
    "duration": 0,
    "pid": 1780,
    "index": 12
  },
  {
    "name": "Require(10) node_modules/_egg-logrotator@3.1.0@egg-logrotator/config/config.default.js",
    "start": 1568083895601,
    "end": 1568083895601,
    "duration": 0,
    "pid": 1780,
    "index": 13
  },
  {
    "name": "Require(11) node_modules/_egg-static@2.2.0@egg-static/config/config.default.js",
    "start": 1568083895602,
    "end": 1568083895602,
    "duration": 0,
    "pid": 1780,
    "index": 14
  },
  {
    "name": "Require(12) node_modules/_egg-view@2.1.2@egg-view/config/config.default.js",
    "start": 1568083895603,
    "end": 1568083895603,
    "duration": 0,
    "pid": 1780,
    "index": 15
  },
  {
    "name": "Require(13) node_modules/_egg-sequelize@5.2.0@egg-sequelize/config/config.default.js",
    "start": 1568083895604,
    "end": 1568083895605,
    "duration": 1,
    "pid": 1780,
    "index": 16
  },
  {
    "name": "Require(14) node_modules/_egg@2.23.0@egg/config/config.default.js",
    "start": 1568083895605,
    "end": 1568083895606,
    "duration": 1,
    "pid": 1780,
    "index": 17
  },
  {
    "name": "Require(15) config/config.default.js",
    "start": 1568083895607,
    "end": 1568083895607,
    "duration": 0,
    "pid": 1780,
    "index": 18
  },
  {
    "name": "Require(16) node_modules/_egg-security@2.6.1@egg-security/config/config.local.js",
    "start": 1568083895608,
    "end": 1568083895608,
    "duration": 0,
    "pid": 1780,
    "index": 19
  },
  {
    "name": "Require(17) node_modules/_egg-watcher@3.1.0@egg-watcher/config/config.local.js",
    "start": 1568083895610,
    "end": 1568083895610,
    "duration": 0,
    "pid": 1780,
    "index": 20
  },
  {
    "name": "Require(18) node_modules/_egg-view@2.1.2@egg-view/config/config.local.js",
    "start": 1568083895612,
    "end": 1568083895612,
    "duration": 0,
    "pid": 1780,
    "index": 21
  },
  {
    "name": "Require(19) node_modules/_egg@2.23.0@egg/config/config.local.js",
    "start": 1568083895613,
    "end": 1568083895613,
    "duration": 0,
    "pid": 1780,
    "index": 22
  },
  {
    "name": "Load extend/application.js",
    "start": 1568083895615,
    "end": 1568083895634,
    "duration": 19,
    "pid": 1780,
    "index": 23
  },
  {
    "name": "Require(20) node_modules/_egg-session@3.1.0@egg-session/app/extend/application.js",
    "start": 1568083895616,
    "end": 1568083895616,
    "duration": 0,
    "pid": 1780,
    "index": 24
  },
  {
    "name": "Require(21) node_modules/_egg-security@2.6.1@egg-security/app/extend/application.js",
    "start": 1568083895617,
    "end": 1568083895618,
    "duration": 1,
    "pid": 1780,
    "index": 25
  },
  {
    "name": "Require(22) node_modules/_egg-jsonp@2.0.0@egg-jsonp/app/extend/application.js",
    "start": 1568083895619,
    "end": 1568083895621,
    "duration": 2,
    "pid": 1780,
    "index": 26
  },
  {
    "name": "Require(23) node_modules/_egg-logrotator@3.1.0@egg-logrotator/app/extend/application.js",
    "start": 1568083895623,
    "end": 1568083895627,
    "duration": 4,
    "pid": 1780,
    "index": 27
  },
  {
    "name": "Require(24) node_modules/_egg-view@2.1.2@egg-view/app/extend/application.js",
    "start": 1568083895628,
    "end": 1568083895630,
    "duration": 2,
    "pid": 1780,
    "index": 28
  },
  {
    "name": "Load extend/request.js",
    "start": 1568083895634,
    "end": 1568083895642,
    "duration": 8,
    "pid": 1780,
    "index": 29
  },
  {
    "name": "Require(25) node_modules/_egg@2.23.0@egg/app/extend/request.js",
    "start": 1568083895637,
    "end": 1568083895639,
    "duration": 2,
    "pid": 1780,
    "index": 30
  },
  {
    "name": "Load extend/response.js",
    "start": 1568083895642,
    "end": 1568083895652,
    "duration": 10,
    "pid": 1780,
    "index": 31
  },
  {
    "name": "Require(26) node_modules/_egg@2.23.0@egg/app/extend/response.js",
    "start": 1568083895646,
    "end": 1568083895649,
    "duration": 3,
    "pid": 1780,
    "index": 32
  },
  {
    "name": "Load extend/context.js",
    "start": 1568083895652,
    "end": 1568083895756,
    "duration": 104,
    "pid": 1780,
    "index": 33
  },
  {
    "name": "Require(27) node_modules/_egg-security@2.6.1@egg-security/app/extend/context.js",
    "start": 1568083895653,
    "end": 1568083895673,
    "duration": 20,
    "pid": 1780,
    "index": 34
  },
  {
    "name": "Require(28) node_modules/_egg-jsonp@2.0.0@egg-jsonp/app/extend/context.js",
    "start": 1568083895674,
    "end": 1568083895676,
    "duration": 2,
    "pid": 1780,
    "index": 35
  },
  {
    "name": "Require(29) node_modules/_egg-i18n@2.1.1@egg-i18n/app/extend/context.js",
    "start": 1568083895677,
    "end": 1568083895677,
    "duration": 0,
    "pid": 1780,
    "index": 36
  },
  {
    "name": "Require(30) node_modules/_egg-multipart@2.9.0@egg-multipart/app/extend/context.js",
    "start": 1568083895679,
    "end": 1568083895746,
    "duration": 67,
    "pid": 1780,
    "index": 37
  },
  {
    "name": "Require(31) node_modules/_egg-view@2.1.2@egg-view/app/extend/context.js",
    "start": 1568083895747,
    "end": 1568083895748,
    "duration": 1,
    "pid": 1780,
    "index": 38
  },
  {
    "name": "Require(32) node_modules/_egg@2.23.0@egg/app/extend/context.js",
    "start": 1568083895749,
    "end": 1568083895753,
    "duration": 4,
    "pid": 1780,
    "index": 39
  },
  {
    "name": "Load extend/helper.js",
    "start": 1568083895756,
    "end": 1568083895790,
    "duration": 34,
    "pid": 1780,
    "index": 40
  },
  {
    "name": "Require(33) node_modules/_egg-security@2.6.1@egg-security/app/extend/helper.js",
    "start": 1568083895757,
    "end": 1568083895784,
    "duration": 27,
    "pid": 1780,
    "index": 41
  },
  {
    "name": "Require(34) node_modules/_egg@2.23.0@egg/app/extend/helper.js",
    "start": 1568083895786,
    "end": 1568083895787,
    "duration": 1,
    "pid": 1780,
    "index": 42
  },
  {
    "name": "Load app.js",
    "start": 1568083895790,
    "end": 1568083895842,
    "duration": 52,
    "pid": 1780,
    "index": 43
  },
  {
    "name": "Require(35) node_modules/_egg-session@3.1.0@egg-session/app.js",
    "start": 1568083895791,
    "end": 1568083895791,
    "duration": 0,
    "pid": 1780,
    "index": 44
  },
  {
    "name": "Require(36) node_modules/_egg-security@2.6.1@egg-security/app.js",
    "start": 1568083895792,
    "end": 1568083895795,
    "duration": 3,
    "pid": 1780,
    "index": 45
  },
  {
    "name": "Require(37) node_modules/_egg-onerror@2.1.0@egg-onerror/app.js",
    "start": 1568083895795,
    "end": 1568083895810,
    "duration": 15,
    "pid": 1780,
    "index": 46
  },
  {
    "name": "Require(38) node_modules/_egg-i18n@2.1.1@egg-i18n/app.js",
    "start": 1568083895811,
    "end": 1568083895822,
    "duration": 11,
    "pid": 1780,
    "index": 47
  },
  {
    "name": "Require(39) node_modules/_egg-watcher@3.1.0@egg-watcher/app.js",
    "start": 1568083895823,
    "end": 1568083895829,
    "duration": 6,
    "pid": 1780,
    "index": 48
  },
  {
    "name": "Require(40) node_modules/_egg-schedule@3.6.4@egg-schedule/app.js",
    "start": 1568083895829,
    "end": 1568083895832,
    "duration": 3,
    "pid": 1780,
    "index": 49
  },
  {
    "name": "Require(41) node_modules/_egg-multipart@2.9.0@egg-multipart/app.js",
    "start": 1568083895833,
    "end": 1568083895837,
    "duration": 4,
    "pid": 1780,
    "index": 50
  },
  {
    "name": "Require(42) node_modules/_egg-development@2.4.3@egg-development/app.js",
    "start": 1568083895837,
    "end": 1568083895838,
    "duration": 1,
    "pid": 1780,
    "index": 51
  },
  {
    "name": "Require(43) node_modules/_egg-logrotator@3.1.0@egg-logrotator/app.js",
    "start": 1568083895838,
    "end": 1568083895838,
    "duration": 0,
    "pid": 1780,
    "index": 52
  },
  {
    "name": "Require(44) node_modules/_egg-static@2.2.0@egg-static/app.js",
    "start": 1568083895839,
    "end": 1568083895839,
    "duration": 0,
    "pid": 1780,
    "index": 53
  },
  {
    "name": "Require(45) node_modules/_egg-sequelize@5.2.0@egg-sequelize/app.js",
    "start": 1568083895840,
    "end": 1568083895840,
    "duration": 0,
    "pid": 1780,
    "index": 54
  },
  {
    "name": "Before Start in node_modules/_egg-watcher@3.1.0@egg-watcher/lib/init.js:15:14",
    "start": 1568083895857,
    "end": 1568083896604,
    "duration": 747,
    "pid": 1780,
    "index": 55
  },
  {
    "name": "Load \"Symbol(model)\" to Application",
    "start": 1568083896372,
    "end": 1568083896384,
    "duration": 12,
    "pid": 1780,
    "index": 56
  },
  {
    "name": "Before Start in node_modules/_egg-sequelize@5.2.0@egg-sequelize/lib/loader.js:39:7",
    "start": 1568083896384,
    "end": 1568083896645,
    "duration": 261,
    "pid": 1780,
    "index": 57
  },
  {
    "name": "Load Service",
    "start": 1568083896384,
    "end": 1568083896389,
    "duration": 5,
    "pid": 1780,
    "index": 58
  },
  {
    "name": "Load \"service\" to Context",
    "start": 1568083896384,
    "end": 1568083896389,
    "duration": 5,
    "pid": 1780,
    "index": 59
  },
  {
    "name": "Load Middleware",
    "start": 1568083896390,
    "end": 1568083896522,
    "duration": 132,
    "pid": 1780,
    "index": 60
  },
  {
    "name": "Load \"middlewares\" to Application",
    "start": 1568083896390,
    "end": 1568083896505,
    "duration": 115,
    "pid": 1780,
    "index": 61
  },
  {
    "name": "Load Controller",
    "start": 1568083896522,
    "end": 1568083896525,
    "duration": 3,
    "pid": 1780,
    "index": 62
  },
  {
    "name": "Load \"controller\" to Application",
    "start": 1568083896522,
    "end": 1568083896525,
    "duration": 3,
    "pid": 1780,
    "index": 63
  },
  {
    "name": "Load Router",
    "start": 1568083896525,
    "end": 1568083896528,
    "duration": 3,
    "pid": 1780,
    "index": 64
  },
  {
    "name": "Require(46) app/router.js",
    "start": 1568083896525,
    "end": 1568083896526,
    "duration": 1,
    "pid": 1780,
    "index": 65
  },
  {
    "name": "Before Start in node_modules/_egg-core@4.17.3@egg-core/lib/egg.js:303:10",
    "start": 1568083896526,
    "end": 1568083896549,
    "duration": 23,
    "pid": 1780,
    "index": 66
  }
]