[
  {
    "name": "Application Start",
    "start": 1568117513394,
    "end": 1568117514524,
    "duration": 1130,
    "pid": 11268,
    "index": 0
  },
  {
    "name": "Load Plugin",
    "start": 1568117513400,
    "end": 1568117513423,
    "duration": 23,
    "pid": 11268,
    "index": 1
  },
  {
    "name": "Load Config",
    "start": 1568117513423,
    "end": 1568117513449,
    "duration": 26,
    "pid": 11268,
    "index": 2
  },
  {
    "name": "Require(0) config/config.default.js",
    "start": 1568117513424,
    "end": 1568117513425,
    "duration": 1,
    "pid": 11268,
    "index": 3
  },
  {
    "name": "Require(1) node_modules/_egg-session@3.1.0@egg-session/config/config.default.js",
    "start": 1568117513427,
    "end": 1568117513427,
    "duration": 0,
    "pid": 11268,
    "index": 4
  },
  {
    "name": "Require(2) node_modules/_egg-security@2.6.1@egg-security/config/config.default.js",
    "start": 1568117513427,
    "end": 1568117513428,
    "duration": 1,
    "pid": 11268,
    "index": 5
  },
  {
    "name": "Require(3) node_modules/_egg-jsonp@2.0.0@egg-jsonp/config/config.default.js",
    "start": 1568117513429,
    "end": 1568117513429,
    "duration": 0,
    "pid": 11268,
    "index": 6
  },
  {
    "name": "Require(4) node_modules/_egg-onerror@2.1.0@egg-onerror/config/config.default.js",
    "start": 1568117513430,
    "end": 1568117513430,
    "duration": 0,
    "pid": 11268,
    "index": 7
  },
  {
    "name": "Require(5) node_modules/_egg-i18n@2.1.1@egg-i18n/config/config.default.js",
    "start": 1568117513431,
    "end": 1568117513431,
    "duration": 0,
    "pid": 11268,
    "index": 8
  },
  {
    "name": "Require(6) node_modules/_egg-watcher@3.1.0@egg-watcher/config/config.default.js",
    "start": 1568117513432,
    "end": 1568117513432,
    "duration": 0,
    "pid": 11268,
    "index": 9
  },
  {
    "name": "Require(7) node_modules/_egg-schedule@3.6.4@egg-schedule/config/config.default.js",
    "start": 1568117513433,
    "end": 1568117513433,
    "duration": 0,
    "pid": 11268,
    "index": 10
  },
  {
    "name": "Require(8) node_modules/_egg-multipart@2.9.0@egg-multipart/config/config.default.js",
    "start": 1568117513434,
    "end": 1568117513434,
    "duration": 0,
    "pid": 11268,
    "index": 11
  },
  {
    "name": "Require(9) node_modules/_egg-development@2.4.3@egg-development/config/config.default.js",
    "start": 1568117513435,
    "end": 1568117513435,
    "duration": 0,
    "pid": 11268,
    "index": 12
  },
  {
    "name": "Require(10) node_modules/_egg-logrotator@3.1.0@egg-logrotator/config/config.default.js",
    "start": 1568117513436,
    "end": 1568117513437,
    "duration": 1,
    "pid": 11268,
    "index": 13
  },
  {
    "name": "Require(11) node_modules/_egg-static@2.2.0@egg-static/config/config.default.js",
    "start": 1568117513437,
    "end": 1568117513438,
    "duration": 1,
    "pid": 11268,
    "index": 14
  },
  {
    "name": "Require(12) node_modules/_egg-view@2.1.2@egg-view/config/config.default.js",
    "start": 1568117513439,
    "end": 1568117513439,
    "duration": 0,
    "pid": 11268,
    "index": 15
  },
  {
    "name": "Require(13) node_modules/_egg-sequelize@5.2.0@egg-sequelize/config/config.default.js",
    "start": 1568117513440,
    "end": 1568117513440,
    "duration": 0,
    "pid": 11268,
    "index": 16
  },
  {
    "name": "Require(14) node_modules/_egg@2.23.0@egg/config/config.default.js",
    "start": 1568117513440,
    "end": 1568117513441,
    "duration": 1,
    "pid": 11268,
    "index": 17
  },
  {
    "name": "Require(15) config/config.default.js",
    "start": 1568117513443,
    "end": 1568117513443,
    "duration": 0,
    "pid": 11268,
    "index": 18
  },
  {
    "name": "Require(16) node_modules/_egg-security@2.6.1@egg-security/config/config.local.js",
    "start": 1568117513444,
    "end": 1568117513444,
    "duration": 0,
    "pid": 11268,
    "index": 19
  },
  {
    "name": "Require(17) node_modules/_egg-watcher@3.1.0@egg-watcher/config/config.local.js",
    "start": 1568117513445,
    "end": 1568117513445,
    "duration": 0,
    "pid": 11268,
    "index": 20
  },
  {
    "name": "Require(18) node_modules/_egg-view@2.1.2@egg-view/config/config.local.js",
    "start": 1568117513447,
    "end": 1568117513447,
    "duration": 0,
    "pid": 11268,
    "index": 21
  },
  {
    "name": "Require(19) node_modules/_egg@2.23.0@egg/config/config.local.js",
    "start": 1568117513448,
    "end": 1568117513448,
    "duration": 0,
    "pid": 11268,
    "index": 22
  },
  {
    "name": "Load extend/application.js",
    "start": 1568117513450,
    "end": 1568117513469,
    "duration": 19,
    "pid": 11268,
    "index": 23
  },
  {
    "name": "Require(20) node_modules/_egg-session@3.1.0@egg-session/app/extend/application.js",
    "start": 1568117513451,
    "end": 1568117513451,
    "duration": 0,
    "pid": 11268,
    "index": 24
  },
  {
    "name": "Require(21) node_modules/_egg-security@2.6.1@egg-security/app/extend/application.js",
    "start": 1568117513452,
    "end": 1568117513453,
    "duration": 1,
    "pid": 11268,
    "index": 25
  },
  {
    "name": "Require(22) node_modules/_egg-jsonp@2.0.0@egg-jsonp/app/extend/application.js",
    "start": 1568117513454,
    "end": 1568117513457,
    "duration": 3,
    "pid": 11268,
    "index": 26
  },
  {
    "name": "Require(23) node_modules/_egg-logrotator@3.1.0@egg-logrotator/app/extend/application.js",
    "start": 1568117513459,
    "end": 1568117513462,
    "duration": 3,
    "pid": 11268,
    "index": 27
  },
  {
    "name": "Require(24) node_modules/_egg-view@2.1.2@egg-view/app/extend/application.js",
    "start": 1568117513463,
    "end": 1568117513466,
    "duration": 3,
    "pid": 11268,
    "index": 28
  },
  {
    "name": "Load extend/request.js",
    "start": 1568117513469,
    "end": 1568117513478,
    "duration": 9,
    "pid": 11268,
    "index": 29
  },
  {
    "name": "Require(25) node_modules/_egg@2.23.0@egg/app/extend/request.js",
    "start": 1568117513473,
    "end": 1568117513475,
    "duration": 2,
    "pid": 11268,
    "index": 30
  },
  {
    "name": "Load extend/response.js",
    "start": 1568117513478,
    "end": 1568117513487,
    "duration": 9,
    "pid": 11268,
    "index": 31
  },
  {
    "name": "Require(26) node_modules/_egg@2.23.0@egg/app/extend/response.js",
    "start": 1568117513481,
    "end": 1568117513484,
    "duration": 3,
    "pid": 11268,
    "index": 32
  },
  {
    "name": "Load extend/context.js",
    "start": 1568117513487,
    "end": 1568117513588,
    "duration": 101,
    "pid": 11268,
    "index": 33
  },
  {
    "name": "Require(27) node_modules/_egg-security@2.6.1@egg-security/app/extend/context.js",
    "start": 1568117513488,
    "end": 1568117513507,
    "duration": 19,
    "pid": 11268,
    "index": 34
  },
  {
    "name": "Require(28) node_modules/_egg-jsonp@2.0.0@egg-jsonp/app/extend/context.js",
    "start": 1568117513507,
    "end": 1568117513510,
    "duration": 3,
    "pid": 11268,
    "index": 35
  },
  {
    "name": "Require(29) node_modules/_egg-i18n@2.1.1@egg-i18n/app/extend/context.js",
    "start": 1568117513510,
    "end": 1568117513511,
    "duration": 1,
    "pid": 11268,
    "index": 36
  },
  {
    "name": "Require(30) node_modules/_egg-multipart@2.9.0@egg-multipart/app/extend/context.js",
    "start": 1568117513512,
    "end": 1568117513576,
    "duration": 64,
    "pid": 11268,
    "index": 37
  },
  {
    "name": "Require(31) node_modules/_egg-view@2.1.2@egg-view/app/extend/context.js",
    "start": 1568117513577,
    "end": 1568117513578,
    "duration": 1,
    "pid": 11268,
    "index": 38
  },
  {
    "name": "Require(32) node_modules/_egg@2.23.0@egg/app/extend/context.js",
    "start": 1568117513579,
    "end": 1568117513584,
    "duration": 5,
    "pid": 11268,
    "index": 39
  },
  {
    "name": "Load extend/helper.js",
    "start": 1568117513588,
    "end": 1568117513624,
    "duration": 36,
    "pid": 11268,
    "index": 40
  },
  {
    "name": "Require(33) node_modules/_egg-security@2.6.1@egg-security/app/extend/helper.js",
    "start": 1568117513589,
    "end": 1568117513614,
    "duration": 25,
    "pid": 11268,
    "index": 41
  },
  {
    "name": "Require(34) node_modules/_egg@2.23.0@egg/app/extend/helper.js",
    "start": 1568117513616,
    "end": 1568117513617,
    "duration": 1,
    "pid": 11268,
    "index": 42
  },
  {
    "name": "Load app.js",
    "start": 1568117513625,
    "end": 1568117513676,
    "duration": 51,
    "pid": 11268,
    "index": 43
  },
  {
    "name": "Require(35) node_modules/_egg-session@3.1.0@egg-session/app.js",
    "start": 1568117513625,
    "end": 1568117513626,
    "duration": 1,
    "pid": 11268,
    "index": 44
  },
  {
    "name": "Require(36) node_modules/_egg-security@2.6.1@egg-security/app.js",
    "start": 1568117513626,
    "end": 1568117513629,
    "duration": 3,
    "pid": 11268,
    "index": 45
  },
  {
    "name": "Require(37) node_modules/_egg-onerror@2.1.0@egg-onerror/app.js",
    "start": 1568117513630,
    "end": 1568117513645,
    "duration": 15,
    "pid": 11268,
    "index": 46
  },
  {
    "name": "Require(38) node_modules/_egg-i18n@2.1.1@egg-i18n/app.js",
    "start": 1568117513646,
    "end": 1568117513657,
    "duration": 11,
    "pid": 11268,
    "index": 47
  },
  {
    "name": "Require(39) node_modules/_egg-watcher@3.1.0@egg-watcher/app.js",
    "start": 1568117513657,
    "end": 1568117513663,
    "duration": 6,
    "pid": 11268,
    "index": 48
  },
  {
    "name": "Require(40) node_modules/_egg-schedule@3.6.4@egg-schedule/app.js",
    "start": 1568117513664,
    "end": 1568117513666,
    "duration": 2,
    "pid": 11268,
    "index": 49
  },
  {
    "name": "Require(41) node_modules/_egg-multipart@2.9.0@egg-multipart/app.js",
    "start": 1568117513667,
    "end": 1568117513671,
    "duration": 4,
    "pid": 11268,
    "index": 50
  },
  {
    "name": "Require(42) node_modules/_egg-development@2.4.3@egg-development/app.js",
    "start": 1568117513672,
    "end": 1568117513672,
    "duration": 0,
    "pid": 11268,
    "index": 51
  },
  {
    "name": "Require(43) node_modules/_egg-logrotator@3.1.0@egg-logrotator/app.js",
    "start": 1568117513673,
    "end": 1568117513673,
    "duration": 0,
    "pid": 11268,
    "index": 52
  },
  {
    "name": "Require(44) node_modules/_egg-static@2.2.0@egg-static/app.js",
    "start": 1568117513673,
    "end": 1568117513674,
    "duration": 1,
    "pid": 11268,
    "index": 53
  },
  {
    "name": "Require(45) node_modules/_egg-sequelize@5.2.0@egg-sequelize/app.js",
    "start": 1568117513675,
    "end": 1568117513675,
    "duration": 0,
    "pid": 11268,
    "index": 54
  },
  {
    "name": "Before Start in node_modules/_egg-watcher@3.1.0@egg-watcher/lib/init.js:15:14",
    "start": 1568117513692,
    "end": 1568117514481,
    "duration": 789,
    "pid": 11268,
    "index": 55
  },
  {
    "name": "Load \"Symbol(model)\" to Application",
    "start": 1568117514224,
    "end": 1568117514249,
    "duration": 25,
    "pid": 11268,
    "index": 56
  },
  {
    "name": "Before Start in node_modules/_egg-sequelize@5.2.0@egg-sequelize/lib/loader.js:39:7",
    "start": 1568117514256,
    "end": 1568117514523,
    "duration": 267,
    "pid": 11268,
    "index": 57
  },
  {
    "name": "Load Service",
    "start": 1568117514257,
    "end": 1568117514262,
    "duration": 5,
    "pid": 11268,
    "index": 58
  },
  {
    "name": "Load \"service\" to Context",
    "start": 1568117514257,
    "end": 1568117514262,
    "duration": 5,
    "pid": 11268,
    "index": 59
  },
  {
    "name": "Load Middleware",
    "start": 1568117514262,
    "end": 1568117514400,
    "duration": 138,
    "pid": 11268,
    "index": 60
  },
  {
    "name": "Load \"middlewares\" to Application",
    "start": 1568117514262,
    "end": 1568117514377,
    "duration": 115,
    "pid": 11268,
    "index": 61
  },
  {
    "name": "Load Controller",
    "start": 1568117514401,
    "end": 1568117514409,
    "duration": 8,
    "pid": 11268,
    "index": 62
  },
  {
    "name": "Load \"controller\" to Application",
    "start": 1568117514401,
    "end": 1568117514409,
    "duration": 8,
    "pid": 11268,
    "index": 63
  },
  {
    "name": "Load Router",
    "start": 1568117514409,
    "end": 1568117514412,
    "duration": 3,
    "pid": 11268,
    "index": 64
  },
  {
    "name": "Require(46) app/router.js",
    "start": 1568117514409,
    "end": 1568117514410,
    "duration": 1,
    "pid": 11268,
    "index": 65
  },
  {
    "name": "Before Start in node_modules/_egg-core@4.17.3@egg-core/lib/egg.js:303:10",
    "start": 1568117514410,
    "end": 1568117514436,
    "duration": 26,
    "pid": 11268,
    "index": 66
  }
]