[
  {
    "name": "Application Start",
    "start": 1568117412611,
    "end": 1568117413723,
    "duration": 1112,
    "pid": 9856,
    "index": 0
  },
  {
    "name": "Load Plugin",
    "start": 1568117412621,
    "end": 1568117412647,
    "duration": 26,
    "pid": 9856,
    "index": 1
  },
  {
    "name": "Load Config",
    "start": 1568117412647,
    "end": 1568117412679,
    "duration": 32,
    "pid": 9856,
    "index": 2
  },
  {
    "name": "Require(0) config/config.default.js",
    "start": 1568117412648,
    "end": 1568117412649,
    "duration": 1,
    "pid": 9856,
    "index": 3
  },
  {
    "name": "Require(1) node_modules/_egg-session@3.1.0@egg-session/config/config.default.js",
    "start": 1568117412651,
    "end": 1568117412651,
    "duration": 0,
    "pid": 9856,
    "index": 4
  },
  {
    "name": "Require(2) node_modules/_egg-security@2.6.1@egg-security/config/config.default.js",
    "start": 1568117412652,
    "end": 1568117412653,
    "duration": 1,
    "pid": 9856,
    "index": 5
  },
  {
    "name": "Require(3) node_modules/_egg-jsonp@2.0.0@egg-jsonp/config/config.default.js",
    "start": 1568117412654,
    "end": 1568117412654,
    "duration": 0,
    "pid": 9856,
    "index": 6
  },
  {
    "name": "Require(4) node_modules/_egg-onerror@2.1.0@egg-onerror/config/config.default.js",
    "start": 1568117412655,
    "end": 1568117412655,
    "duration": 0,
    "pid": 9856,
    "index": 7
  },
  {
    "name": "Require(5) node_modules/_egg-i18n@2.1.1@egg-i18n/config/config.default.js",
    "start": 1568117412656,
    "end": 1568117412656,
    "duration": 0,
    "pid": 9856,
    "index": 8
  },
  {
    "name": "Require(6) node_modules/_egg-watcher@3.1.0@egg-watcher/config/config.default.js",
    "start": 1568117412657,
    "end": 1568117412657,
    "duration": 0,
    "pid": 9856,
    "index": 9
  },
  {
    "name": "Require(7) node_modules/_egg-schedule@3.6.4@egg-schedule/config/config.default.js",
    "start": 1568117412658,
    "end": 1568117412658,
    "duration": 0,
    "pid": 9856,
    "index": 10
  },
  {
    "name": "Require(8) node_modules/_egg-multipart@2.9.0@egg-multipart/config/config.default.js",
    "start": 1568117412659,
    "end": 1568117412660,
    "duration": 1,
    "pid": 9856,
    "index": 11
  },
  {
    "name": "Require(9) node_modules/_egg-development@2.4.3@egg-development/config/config.default.js",
    "start": 1568117412661,
    "end": 1568117412661,
    "duration": 0,
    "pid": 9856,
    "index": 12
  },
  {
    "name": "Require(10) node_modules/_egg-logrotator@3.1.0@egg-logrotator/config/config.default.js",
    "start": 1568117412662,
    "end": 1568117412662,
    "duration": 0,
    "pid": 9856,
    "index": 13
  },
  {
    "name": "Require(11) node_modules/_egg-static@2.2.0@egg-static/config/config.default.js",
    "start": 1568117412663,
    "end": 1568117412663,
    "duration": 0,
    "pid": 9856,
    "index": 14
  },
  {
    "name": "Require(12) node_modules/_egg-view@2.1.2@egg-view/config/config.default.js",
    "start": 1568117412664,
    "end": 1568117412664,
    "duration": 0,
    "pid": 9856,
    "index": 15
  },
  {
    "name": "Require(13) node_modules/_egg-sequelize@5.2.0@egg-sequelize/config/config.default.js",
    "start": 1568117412665,
    "end": 1568117412666,
    "duration": 1,
    "pid": 9856,
    "index": 16
  },
  {
    "name": "Require(14) node_modules/_egg@2.23.0@egg/config/config.default.js",
    "start": 1568117412666,
    "end": 1568117412667,
    "duration": 1,
    "pid": 9856,
    "index": 17
  },
  {
    "name": "Require(15) config/config.default.js",
    "start": 1568117412669,
    "end": 1568117412669,
    "duration": 0,
    "pid": 9856,
    "index": 18
  },
  {
    "name": "Require(16) node_modules/_egg-security@2.6.1@egg-security/config/config.local.js",
    "start": 1568117412670,
    "end": 1568117412671,
    "duration": 1,
    "pid": 9856,
    "index": 19
  },
  {
    "name": "Require(17) node_modules/_egg-watcher@3.1.0@egg-watcher/config/config.local.js",
    "start": 1568117412672,
    "end": 1568117412672,
    "duration": 0,
    "pid": 9856,
    "index": 20
  },
  {
    "name": "Require(18) node_modules/_egg-view@2.1.2@egg-view/config/config.local.js",
    "start": 1568117412674,
    "end": 1568117412675,
    "duration": 1,
    "pid": 9856,
    "index": 21
  },
  {
    "name": "Require(19) node_modules/_egg@2.23.0@egg/config/config.local.js",
    "start": 1568117412676,
    "end": 1568117412678,
    "duration": 2,
    "pid": 9856,
    "index": 22
  },
  {
    "name": "Load extend/application.js",
    "start": 1568117412683,
    "end": 1568117412705,
    "duration": 22,
    "pid": 9856,
    "index": 23
  },
  {
    "name": "Require(20) node_modules/_egg-session@3.1.0@egg-session/app/extend/application.js",
    "start": 1568117412684,
    "end": 1568117412684,
    "duration": 0,
    "pid": 9856,
    "index": 24
  },
  {
    "name": "Require(21) node_modules/_egg-security@2.6.1@egg-security/app/extend/application.js",
    "start": 1568117412685,
    "end": 1568117412686,
    "duration": 1,
    "pid": 9856,
    "index": 25
  },
  {
    "name": "Require(22) node_modules/_egg-jsonp@2.0.0@egg-jsonp/app/extend/application.js",
    "start": 1568117412687,
    "end": 1568117412690,
    "duration": 3,
    "pid": 9856,
    "index": 26
  },
  {
    "name": "Require(23) node_modules/_egg-logrotator@3.1.0@egg-logrotator/app/extend/application.js",
    "start": 1568117412692,
    "end": 1568117412697,
    "duration": 5,
    "pid": 9856,
    "index": 27
  },
  {
    "name": "Require(24) node_modules/_egg-view@2.1.2@egg-view/app/extend/application.js",
    "start": 1568117412698,
    "end": 1568117412700,
    "duration": 2,
    "pid": 9856,
    "index": 28
  },
  {
    "name": "Load extend/request.js",
    "start": 1568117412705,
    "end": 1568117412715,
    "duration": 10,
    "pid": 9856,
    "index": 29
  },
  {
    "name": "Require(25) node_modules/_egg@2.23.0@egg/app/extend/request.js",
    "start": 1568117412708,
    "end": 1568117412711,
    "duration": 3,
    "pid": 9856,
    "index": 30
  },
  {
    "name": "Load extend/response.js",
    "start": 1568117412715,
    "end": 1568117412725,
    "duration": 10,
    "pid": 9856,
    "index": 31
  },
  {
    "name": "Require(26) node_modules/_egg@2.23.0@egg/app/extend/response.js",
    "start": 1568117412718,
    "end": 1568117412722,
    "duration": 4,
    "pid": 9856,
    "index": 32
  },
  {
    "name": "Load extend/context.js",
    "start": 1568117412725,
    "end": 1568117412831,
    "duration": 106,
    "pid": 9856,
    "index": 33
  },
  {
    "name": "Require(27) node_modules/_egg-security@2.6.1@egg-security/app/extend/context.js",
    "start": 1568117412726,
    "end": 1568117412746,
    "duration": 20,
    "pid": 9856,
    "index": 34
  },
  {
    "name": "Require(28) node_modules/_egg-jsonp@2.0.0@egg-jsonp/app/extend/context.js",
    "start": 1568117412747,
    "end": 1568117412749,
    "duration": 2,
    "pid": 9856,
    "index": 35
  },
  {
    "name": "Require(29) node_modules/_egg-i18n@2.1.1@egg-i18n/app/extend/context.js",
    "start": 1568117412750,
    "end": 1568117412750,
    "duration": 0,
    "pid": 9856,
    "index": 36
  },
  {
    "name": "Require(30) node_modules/_egg-multipart@2.9.0@egg-multipart/app/extend/context.js",
    "start": 1568117412751,
    "end": 1568117412821,
    "duration": 70,
    "pid": 9856,
    "index": 37
  },
  {
    "name": "Require(31) node_modules/_egg-view@2.1.2@egg-view/app/extend/context.js",
    "start": 1568117412822,
    "end": 1568117412823,
    "duration": 1,
    "pid": 9856,
    "index": 38
  },
  {
    "name": "Require(32) node_modules/_egg@2.23.0@egg/app/extend/context.js",
    "start": 1568117412824,
    "end": 1568117412827,
    "duration": 3,
    "pid": 9856,
    "index": 39
  },
  {
    "name": "Load extend/helper.js",
    "start": 1568117412831,
    "end": 1568117412866,
    "duration": 35,
    "pid": 9856,
    "index": 40
  },
  {
    "name": "Require(33) node_modules/_egg-security@2.6.1@egg-security/app/extend/helper.js",
    "start": 1568117412832,
    "end": 1568117412859,
    "duration": 27,
    "pid": 9856,
    "index": 41
  },
  {
    "name": "Require(34) node_modules/_egg@2.23.0@egg/app/extend/helper.js",
    "start": 1568117412862,
    "end": 1568117412863,
    "duration": 1,
    "pid": 9856,
    "index": 42
  },
  {
    "name": "Load app.js",
    "start": 1568117412867,
    "end": 1568117412919,
    "duration": 52,
    "pid": 9856,
    "index": 43
  },
  {
    "name": "Require(35) node_modules/_egg-session@3.1.0@egg-session/app.js",
    "start": 1568117412867,
    "end": 1568117412867,
    "duration": 0,
    "pid": 9856,
    "index": 44
  },
  {
    "name": "Require(36) node_modules/_egg-security@2.6.1@egg-security/app.js",
    "start": 1568117412868,
    "end": 1568117412871,
    "duration": 3,
    "pid": 9856,
    "index": 45
  },
  {
    "name": "Require(37) node_modules/_egg-onerror@2.1.0@egg-onerror/app.js",
    "start": 1568117412872,
    "end": 1568117412886,
    "duration": 14,
    "pid": 9856,
    "index": 46
  },
  {
    "name": "Require(38) node_modules/_egg-i18n@2.1.1@egg-i18n/app.js",
    "start": 1568117412887,
    "end": 1568117412898,
    "duration": 11,
    "pid": 9856,
    "index": 47
  },
  {
    "name": "Require(39) node_modules/_egg-watcher@3.1.0@egg-watcher/app.js",
    "start": 1568117412899,
    "end": 1568117412905,
    "duration": 6,
    "pid": 9856,
    "index": 48
  },
  {
    "name": "Require(40) node_modules/_egg-schedule@3.6.4@egg-schedule/app.js",
    "start": 1568117412905,
    "end": 1568117412909,
    "duration": 4,
    "pid": 9856,
    "index": 49
  },
  {
    "name": "Require(41) node_modules/_egg-multipart@2.9.0@egg-multipart/app.js",
    "start": 1568117412909,
    "end": 1568117412914,
    "duration": 5,
    "pid": 9856,
    "index": 50
  },
  {
    "name": "Require(42) node_modules/_egg-development@2.4.3@egg-development/app.js",
    "start": 1568117412914,
    "end": 1568117412915,
    "duration": 1,
    "pid": 9856,
    "index": 51
  },
  {
    "name": "Require(43) node_modules/_egg-logrotator@3.1.0@egg-logrotator/app.js",
    "start": 1568117412915,
    "end": 1568117412915,
    "duration": 0,
    "pid": 9856,
    "index": 52
  },
  {
    "name": "Require(44) node_modules/_egg-static@2.2.0@egg-static/app.js",
    "start": 1568117412916,
    "end": 1568117412916,
    "duration": 0,
    "pid": 9856,
    "index": 53
  },
  {
    "name": "Require(45) node_modules/_egg-sequelize@5.2.0@egg-sequelize/app.js",
    "start": 1568117412917,
    "end": 1568117412918,
    "duration": 1,
    "pid": 9856,
    "index": 54
  },
  {
    "name": "Before Start in node_modules/_egg-watcher@3.1.0@egg-watcher/lib/init.js:15:14",
    "start": 1568117412934,
    "end": 1568117413687,
    "duration": 753,
    "pid": 9856,
    "index": 55
  },
  {
    "name": "Load \"Symbol(model)\" to Application",
    "start": 1568117413440,
    "end": 1568117413463,
    "duration": 23,
    "pid": 9856,
    "index": 56
  },
  {
    "name": "Before Start in node_modules/_egg-sequelize@5.2.0@egg-sequelize/lib/loader.js:39:7",
    "start": 1568117413471,
    "end": 1568117413722,
    "duration": 251,
    "pid": 9856,
    "index": 57
  },
  {
    "name": "Load Service",
    "start": 1568117413471,
    "end": 1568117413477,
    "duration": 6,
    "pid": 9856,
    "index": 58
  },
  {
    "name": "Load \"service\" to Context",
    "start": 1568117413471,
    "end": 1568117413477,
    "duration": 6,
    "pid": 9856,
    "index": 59
  },
  {
    "name": "Load Middleware",
    "start": 1568117413477,
    "end": 1568117413603,
    "duration": 126,
    "pid": 9856,
    "index": 60
  },
  {
    "name": "Load \"middlewares\" to Application",
    "start": 1568117413477,
    "end": 1568117413587,
    "duration": 110,
    "pid": 9856,
    "index": 61
  },
  {
    "name": "Load Controller",
    "start": 1568117413603,
    "end": 1568117413607,
    "duration": 4,
    "pid": 9856,
    "index": 62
  },
  {
    "name": "Load \"controller\" to Application",
    "start": 1568117413603,
    "end": 1568117413607,
    "duration": 4,
    "pid": 9856,
    "index": 63
  },
  {
    "name": "Load Router",
    "start": 1568117413607,
    "end": 1568117413610,
    "duration": 3,
    "pid": 9856,
    "index": 64
  },
  {
    "name": "Require(46) app/router.js",
    "start": 1568117413607,
    "end": 1568117413608,
    "duration": 1,
    "pid": 9856,
    "index": 65
  },
  {
    "name": "Before Start in node_modules/_egg-core@4.17.3@egg-core/lib/egg.js:303:10",
    "start": 1568117413608,
    "end": 1568117413631,
    "duration": 23,
    "pid": 9856,
    "index": 66
  }
]