[
  {
    "name": "Application Start",
    "start": 1568102882168,
    "end": 1568102883544,
    "duration": 1376,
    "pid": 12140,
    "index": 0
  },
  {
    "name": "Load Plugin",
    "start": 1568102882174,
    "end": 1568102882210,
    "duration": 36,
    "pid": 12140,
    "index": 1
  },
  {
    "name": "Load Config",
    "start": 1568102882210,
    "end": 1568102882245,
    "duration": 35,
    "pid": 12140,
    "index": 2
  },
  {
    "name": "Require(0) config/config.default.js",
    "start": 1568102882212,
    "end": 1568102882213,
    "duration": 1,
    "pid": 12140,
    "index": 3
  },
  {
    "name": "Require(1) node_modules/_egg-session@3.1.0@egg-session/config/config.default.js",
    "start": 1568102882215,
    "end": 1568102882215,
    "duration": 0,
    "pid": 12140,
    "index": 4
  },
  {
    "name": "Require(2) node_modules/_egg-security@2.6.1@egg-security/config/config.default.js",
    "start": 1568102882216,
    "end": 1568102882217,
    "duration": 1,
    "pid": 12140,
    "index": 5
  },
  {
    "name": "Require(3) node_modules/_egg-jsonp@2.0.0@egg-jsonp/config/config.default.js",
    "start": 1568102882218,
    "end": 1568102882219,
    "duration": 1,
    "pid": 12140,
    "index": 6
  },
  {
    "name": "Require(4) node_modules/_egg-onerror@2.1.0@egg-onerror/config/config.default.js",
    "start": 1568102882219,
    "end": 1568102882220,
    "duration": 1,
    "pid": 12140,
    "index": 7
  },
  {
    "name": "Require(5) node_modules/_egg-i18n@2.1.1@egg-i18n/config/config.default.js",
    "start": 1568102882220,
    "end": 1568102882221,
    "duration": 1,
    "pid": 12140,
    "index": 8
  },
  {
    "name": "Require(6) node_modules/_egg-watcher@3.1.0@egg-watcher/config/config.default.js",
    "start": 1568102882222,
    "end": 1568102882222,
    "duration": 0,
    "pid": 12140,
    "index": 9
  },
  {
    "name": "Require(7) node_modules/_egg-schedule@3.6.4@egg-schedule/config/config.default.js",
    "start": 1568102882223,
    "end": 1568102882223,
    "duration": 0,
    "pid": 12140,
    "index": 10
  },
  {
    "name": "Require(8) node_modules/_egg-multipart@2.9.0@egg-multipart/config/config.default.js",
    "start": 1568102882224,
    "end": 1568102882224,
    "duration": 0,
    "pid": 12140,
    "index": 11
  },
  {
    "name": "Require(9) node_modules/_egg-development@2.4.3@egg-development/config/config.default.js",
    "start": 1568102882226,
    "end": 1568102882226,
    "duration": 0,
    "pid": 12140,
    "index": 12
  },
  {
    "name": "Require(10) node_modules/_egg-logrotator@3.1.0@egg-logrotator/config/config.default.js",
    "start": 1568102882227,
    "end": 1568102882228,
    "duration": 1,
    "pid": 12140,
    "index": 13
  },
  {
    "name": "Require(11) node_modules/_egg-static@2.2.0@egg-static/config/config.default.js",
    "start": 1568102882229,
    "end": 1568102882230,
    "duration": 1,
    "pid": 12140,
    "index": 14
  },
  {
    "name": "Require(12) node_modules/_egg-view@2.1.2@egg-view/config/config.default.js",
    "start": 1568102882231,
    "end": 1568102882231,
    "duration": 0,
    "pid": 12140,
    "index": 15
  },
  {
    "name": "Require(13) node_modules/_egg-sequelize@5.2.0@egg-sequelize/config/config.default.js",
    "start": 1568102882233,
    "end": 1568102882233,
    "duration": 0,
    "pid": 12140,
    "index": 16
  },
  {
    "name": "Require(14) node_modules/_egg@2.23.0@egg/config/config.default.js",
    "start": 1568102882234,
    "end": 1568102882234,
    "duration": 0,
    "pid": 12140,
    "index": 17
  },
  {
    "name": "Require(15) config/config.default.js",
    "start": 1568102882236,
    "end": 1568102882236,
    "duration": 0,
    "pid": 12140,
    "index": 18
  },
  {
    "name": "Require(16) node_modules/_egg-security@2.6.1@egg-security/config/config.local.js",
    "start": 1568102882237,
    "end": 1568102882238,
    "duration": 1,
    "pid": 12140,
    "index": 19
  },
  {
    "name": "Require(17) node_modules/_egg-watcher@3.1.0@egg-watcher/config/config.local.js",
    "start": 1568102882240,
    "end": 1568102882240,
    "duration": 0,
    "pid": 12140,
    "index": 20
  },
  {
    "name": "Require(18) node_modules/_egg-view@2.1.2@egg-view/config/config.local.js",
    "start": 1568102882243,
    "end": 1568102882243,
    "duration": 0,
    "pid": 12140,
    "index": 21
  },
  {
    "name": "Require(19) node_modules/_egg@2.23.0@egg/config/config.local.js",
    "start": 1568102882244,
    "end": 1568102882245,
    "duration": 1,
    "pid": 12140,
    "index": 22
  },
  {
    "name": "Load extend/application.js",
    "start": 1568102882247,
    "end": 1568102882271,
    "duration": 24,
    "pid": 12140,
    "index": 23
  },
  {
    "name": "Require(20) node_modules/_egg-session@3.1.0@egg-session/app/extend/application.js",
    "start": 1568102882249,
    "end": 1568102882250,
    "duration": 1,
    "pid": 12140,
    "index": 24
  },
  {
    "name": "Require(21) node_modules/_egg-security@2.6.1@egg-security/app/extend/application.js",
    "start": 1568102882250,
    "end": 1568102882252,
    "duration": 2,
    "pid": 12140,
    "index": 25
  },
  {
    "name": "Require(22) node_modules/_egg-jsonp@2.0.0@egg-jsonp/app/extend/application.js",
    "start": 1568102882253,
    "end": 1568102882257,
    "duration": 4,
    "pid": 12140,
    "index": 26
  },
  {
    "name": "Require(23) node_modules/_egg-logrotator@3.1.0@egg-logrotator/app/extend/application.js",
    "start": 1568102882260,
    "end": 1568102882264,
    "duration": 4,
    "pid": 12140,
    "index": 27
  },
  {
    "name": "Require(24) node_modules/_egg-view@2.1.2@egg-view/app/extend/application.js",
    "start": 1568102882265,
    "end": 1568102882267,
    "duration": 2,
    "pid": 12140,
    "index": 28
  },
  {
    "name": "Load extend/request.js",
    "start": 1568102882271,
    "end": 1568102882282,
    "duration": 11,
    "pid": 12140,
    "index": 29
  },
  {
    "name": "Require(25) node_modules/_egg@2.23.0@egg/app/extend/request.js",
    "start": 1568102882275,
    "end": 1568102882278,
    "duration": 3,
    "pid": 12140,
    "index": 30
  },
  {
    "name": "Load extend/response.js",
    "start": 1568102882282,
    "end": 1568102882293,
    "duration": 11,
    "pid": 12140,
    "index": 31
  },
  {
    "name": "Require(26) node_modules/_egg@2.23.0@egg/app/extend/response.js",
    "start": 1568102882286,
    "end": 1568102882289,
    "duration": 3,
    "pid": 12140,
    "index": 32
  },
  {
    "name": "Load extend/context.js",
    "start": 1568102882294,
    "end": 1568102882418,
    "duration": 124,
    "pid": 12140,
    "index": 33
  },
  {
    "name": "Require(27) node_modules/_egg-security@2.6.1@egg-security/app/extend/context.js",
    "start": 1568102882294,
    "end": 1568102882319,
    "duration": 25,
    "pid": 12140,
    "index": 34
  },
  {
    "name": "Require(28) node_modules/_egg-jsonp@2.0.0@egg-jsonp/app/extend/context.js",
    "start": 1568102882320,
    "end": 1568102882323,
    "duration": 3,
    "pid": 12140,
    "index": 35
  },
  {
    "name": "Require(29) node_modules/_egg-i18n@2.1.1@egg-i18n/app/extend/context.js",
    "start": 1568102882323,
    "end": 1568102882324,
    "duration": 1,
    "pid": 12140,
    "index": 36
  },
  {
    "name": "Require(30) node_modules/_egg-multipart@2.9.0@egg-multipart/app/extend/context.js",
    "start": 1568102882326,
    "end": 1568102882407,
    "duration": 81,
    "pid": 12140,
    "index": 37
  },
  {
    "name": "Require(31) node_modules/_egg-view@2.1.2@egg-view/app/extend/context.js",
    "start": 1568102882408,
    "end": 1568102882409,
    "duration": 1,
    "pid": 12140,
    "index": 38
  },
  {
    "name": "Require(32) node_modules/_egg@2.23.0@egg/app/extend/context.js",
    "start": 1568102882410,
    "end": 1568102882414,
    "duration": 4,
    "pid": 12140,
    "index": 39
  },
  {
    "name": "Load extend/helper.js",
    "start": 1568102882418,
    "end": 1568102882466,
    "duration": 48,
    "pid": 12140,
    "index": 40
  },
  {
    "name": "Require(33) node_modules/_egg-security@2.6.1@egg-security/app/extend/helper.js",
    "start": 1568102882419,
    "end": 1568102882457,
    "duration": 38,
    "pid": 12140,
    "index": 41
  },
  {
    "name": "Require(34) node_modules/_egg@2.23.0@egg/app/extend/helper.js",
    "start": 1568102882460,
    "end": 1568102882460,
    "duration": 0,
    "pid": 12140,
    "index": 42
  },
  {
    "name": "Load app.js",
    "start": 1568102882466,
    "end": 1568102882544,
    "duration": 78,
    "pid": 12140,
    "index": 43
  },
  {
    "name": "Require(35) node_modules/_egg-session@3.1.0@egg-session/app.js",
    "start": 1568102882467,
    "end": 1568102882467,
    "duration": 0,
    "pid": 12140,
    "index": 44
  },
  {
    "name": "Require(36) node_modules/_egg-security@2.6.1@egg-security/app.js",
    "start": 1568102882468,
    "end": 1568102882471,
    "duration": 3,
    "pid": 12140,
    "index": 45
  },
  {
    "name": "Require(37) node_modules/_egg-onerror@2.1.0@egg-onerror/app.js",
    "start": 1568102882472,
    "end": 1568102882496,
    "duration": 24,
    "pid": 12140,
    "index": 46
  },
  {
    "name": "Require(38) node_modules/_egg-i18n@2.1.1@egg-i18n/app.js",
    "start": 1568102882497,
    "end": 1568102882511,
    "duration": 14,
    "pid": 12140,
    "index": 47
  },
  {
    "name": "Require(39) node_modules/_egg-watcher@3.1.0@egg-watcher/app.js",
    "start": 1568102882512,
    "end": 1568102882519,
    "duration": 7,
    "pid": 12140,
    "index": 48
  },
  {
    "name": "Require(40) node_modules/_egg-schedule@3.6.4@egg-schedule/app.js",
    "start": 1568102882519,
    "end": 1568102882522,
    "duration": 3,
    "pid": 12140,
    "index": 49
  },
  {
    "name": "Require(41) node_modules/_egg-multipart@2.9.0@egg-multipart/app.js",
    "start": 1568102882523,
    "end": 1568102882529,
    "duration": 6,
    "pid": 12140,
    "index": 50
  },
  {
    "name": "Require(42) node_modules/_egg-development@2.4.3@egg-development/app.js",
    "start": 1568102882530,
    "end": 1568102882531,
    "duration": 1,
    "pid": 12140,
    "index": 51
  },
  {
    "name": "Require(43) node_modules/_egg-logrotator@3.1.0@egg-logrotator/app.js",
    "start": 1568102882533,
    "end": 1568102882536,
    "duration": 3,
    "pid": 12140,
    "index": 52
  },
  {
    "name": "Require(44) node_modules/_egg-static@2.2.0@egg-static/app.js",
    "start": 1568102882537,
    "end": 1568102882539,
    "duration": 2,
    "pid": 12140,
    "index": 53
  },
  {
    "name": "Require(45) node_modules/_egg-sequelize@5.2.0@egg-sequelize/app.js",
    "start": 1568102882542,
    "end": 1568102882542,
    "duration": 0,
    "pid": 12140,
    "index": 54
  },
  {
    "name": "Before Start in node_modules/_egg-watcher@3.1.0@egg-watcher/lib/init.js:15:14",
    "start": 1568102882561,
    "end": 1568102883501,
    "duration": 940,
    "pid": 12140,
    "index": 55
  },
  {
    "name": "Load \"Symbol(model)\" to Application",
    "start": 1568102883192,
    "end": 1568102883218,
    "duration": 26,
    "pid": 12140,
    "index": 56
  },
  {
    "name": "Before Start in node_modules/_egg-sequelize@5.2.0@egg-sequelize/lib/loader.js:39:7",
    "start": 1568102883225,
    "end": 1568102883543,
    "duration": 318,
    "pid": 12140,
    "index": 57
  },
  {
    "name": "Load Service",
    "start": 1568102883225,
    "end": 1568102883237,
    "duration": 12,
    "pid": 12140,
    "index": 58
  },
  {
    "name": "Load \"service\" to Context",
    "start": 1568102883225,
    "end": 1568102883237,
    "duration": 12,
    "pid": 12140,
    "index": 59
  },
  {
    "name": "Load Middleware",
    "start": 1568102883237,
    "end": 1568102883389,
    "duration": 152,
    "pid": 12140,
    "index": 60
  },
  {
    "name": "Load \"middlewares\" to Application",
    "start": 1568102883237,
    "end": 1568102883370,
    "duration": 133,
    "pid": 12140,
    "index": 61
  },
  {
    "name": "Load Controller",
    "start": 1568102883390,
    "end": 1568102883393,
    "duration": 3,
    "pid": 12140,
    "index": 62
  },
  {
    "name": "Load \"controller\" to Application",
    "start": 1568102883390,
    "end": 1568102883393,
    "duration": 3,
    "pid": 12140,
    "index": 63
  },
  {
    "name": "Load Router",
    "start": 1568102883393,
    "end": 1568102883398,
    "duration": 5,
    "pid": 12140,
    "index": 64
  },
  {
    "name": "Require(46) app/router.js",
    "start": 1568102883393,
    "end": 1568102883394,
    "duration": 1,
    "pid": 12140,
    "index": 65
  },
  {
    "name": "Before Start in node_modules/_egg-core@4.17.3@egg-core/lib/egg.js:303:10",
    "start": 1568102883395,
    "end": 1568102883440,
    "duration": 45,
    "pid": 12140,
    "index": 66
  }
]