[
  {
    "name": "Application Start",
    "start": 1568102886059,
    "end": 1568102887422,
    "duration": 1363,
    "pid": 13804,
    "index": 0
  },
  {
    "name": "Load Plugin",
    "start": 1568102886066,
    "end": 1568102886099,
    "duration": 33,
    "pid": 13804,
    "index": 1
  },
  {
    "name": "Load Config",
    "start": 1568102886099,
    "end": 1568102886131,
    "duration": 32,
    "pid": 13804,
    "index": 2
  },
  {
    "name": "Require(0) config/config.default.js",
    "start": 1568102886101,
    "end": 1568102886101,
    "duration": 0,
    "pid": 13804,
    "index": 3
  },
  {
    "name": "Require(1) node_modules/_egg-session@3.1.0@egg-session/config/config.default.js",
    "start": 1568102886103,
    "end": 1568102886103,
    "duration": 0,
    "pid": 13804,
    "index": 4
  },
  {
    "name": "Require(2) node_modules/_egg-security@2.6.1@egg-security/config/config.default.js",
    "start": 1568102886104,
    "end": 1568102886105,
    "duration": 1,
    "pid": 13804,
    "index": 5
  },
  {
    "name": "Require(3) node_modules/_egg-jsonp@2.0.0@egg-jsonp/config/config.default.js",
    "start": 1568102886106,
    "end": 1568102886106,
    "duration": 0,
    "pid": 13804,
    "index": 6
  },
  {
    "name": "Require(4) node_modules/_egg-onerror@2.1.0@egg-onerror/config/config.default.js",
    "start": 1568102886107,
    "end": 1568102886108,
    "duration": 1,
    "pid": 13804,
    "index": 7
  },
  {
    "name": "Require(5) node_modules/_egg-i18n@2.1.1@egg-i18n/config/config.default.js",
    "start": 1568102886109,
    "end": 1568102886110,
    "duration": 1,
    "pid": 13804,
    "index": 8
  },
  {
    "name": "Require(6) node_modules/_egg-watcher@3.1.0@egg-watcher/config/config.default.js",
    "start": 1568102886111,
    "end": 1568102886111,
    "duration": 0,
    "pid": 13804,
    "index": 9
  },
  {
    "name": "Require(7) node_modules/_egg-schedule@3.6.4@egg-schedule/config/config.default.js",
    "start": 1568102886112,
    "end": 1568102886113,
    "duration": 1,
    "pid": 13804,
    "index": 10
  },
  {
    "name": "Require(8) node_modules/_egg-multipart@2.9.0@egg-multipart/config/config.default.js",
    "start": 1568102886114,
    "end": 1568102886114,
    "duration": 0,
    "pid": 13804,
    "index": 11
  },
  {
    "name": "Require(9) node_modules/_egg-development@2.4.3@egg-development/config/config.default.js",
    "start": 1568102886115,
    "end": 1568102886115,
    "duration": 0,
    "pid": 13804,
    "index": 12
  },
  {
    "name": "Require(10) node_modules/_egg-logrotator@3.1.0@egg-logrotator/config/config.default.js",
    "start": 1568102886116,
    "end": 1568102886116,
    "duration": 0,
    "pid": 13804,
    "index": 13
  },
  {
    "name": "Require(11) node_modules/_egg-static@2.2.0@egg-static/config/config.default.js",
    "start": 1568102886117,
    "end": 1568102886117,
    "duration": 0,
    "pid": 13804,
    "index": 14
  },
  {
    "name": "Require(12) node_modules/_egg-view@2.1.2@egg-view/config/config.default.js",
    "start": 1568102886119,
    "end": 1568102886119,
    "duration": 0,
    "pid": 13804,
    "index": 15
  },
  {
    "name": "Require(13) node_modules/_egg-sequelize@5.2.0@egg-sequelize/config/config.default.js",
    "start": 1568102886120,
    "end": 1568102886121,
    "duration": 1,
    "pid": 13804,
    "index": 16
  },
  {
    "name": "Require(14) node_modules/_egg@2.23.0@egg/config/config.default.js",
    "start": 1568102886121,
    "end": 1568102886122,
    "duration": 1,
    "pid": 13804,
    "index": 17
  },
  {
    "name": "Require(15) config/config.default.js",
    "start": 1568102886124,
    "end": 1568102886124,
    "duration": 0,
    "pid": 13804,
    "index": 18
  },
  {
    "name": "Require(16) node_modules/_egg-security@2.6.1@egg-security/config/config.local.js",
    "start": 1568102886125,
    "end": 1568102886125,
    "duration": 0,
    "pid": 13804,
    "index": 19
  },
  {
    "name": "Require(17) node_modules/_egg-watcher@3.1.0@egg-watcher/config/config.local.js",
    "start": 1568102886127,
    "end": 1568102886127,
    "duration": 0,
    "pid": 13804,
    "index": 20
  },
  {
    "name": "Require(18) node_modules/_egg-view@2.1.2@egg-view/config/config.local.js",
    "start": 1568102886129,
    "end": 1568102886130,
    "duration": 1,
    "pid": 13804,
    "index": 21
  },
  {
    "name": "Require(19) node_modules/_egg@2.23.0@egg/config/config.local.js",
    "start": 1568102886130,
    "end": 1568102886131,
    "duration": 1,
    "pid": 13804,
    "index": 22
  },
  {
    "name": "Load extend/application.js",
    "start": 1568102886133,
    "end": 1568102886156,
    "duration": 23,
    "pid": 13804,
    "index": 23
  },
  {
    "name": "Require(20) node_modules/_egg-session@3.1.0@egg-session/app/extend/application.js",
    "start": 1568102886134,
    "end": 1568102886134,
    "duration": 0,
    "pid": 13804,
    "index": 24
  },
  {
    "name": "Require(21) node_modules/_egg-security@2.6.1@egg-security/app/extend/application.js",
    "start": 1568102886135,
    "end": 1568102886136,
    "duration": 1,
    "pid": 13804,
    "index": 25
  },
  {
    "name": "Require(22) node_modules/_egg-jsonp@2.0.0@egg-jsonp/app/extend/application.js",
    "start": 1568102886137,
    "end": 1568102886140,
    "duration": 3,
    "pid": 13804,
    "index": 26
  },
  {
    "name": "Require(23) node_modules/_egg-logrotator@3.1.0@egg-logrotator/app/extend/application.js",
    "start": 1568102886143,
    "end": 1568102886148,
    "duration": 5,
    "pid": 13804,
    "index": 27
  },
  {
    "name": "Require(24) node_modules/_egg-view@2.1.2@egg-view/app/extend/application.js",
    "start": 1568102886149,
    "end": 1568102886152,
    "duration": 3,
    "pid": 13804,
    "index": 28
  },
  {
    "name": "Load extend/request.js",
    "start": 1568102886156,
    "end": 1568102886166,
    "duration": 10,
    "pid": 13804,
    "index": 29
  },
  {
    "name": "Require(25) node_modules/_egg@2.23.0@egg/app/extend/request.js",
    "start": 1568102886160,
    "end": 1568102886163,
    "duration": 3,
    "pid": 13804,
    "index": 30
  },
  {
    "name": "Load extend/response.js",
    "start": 1568102886166,
    "end": 1568102886180,
    "duration": 14,
    "pid": 13804,
    "index": 31
  },
  {
    "name": "Require(26) node_modules/_egg@2.23.0@egg/app/extend/response.js",
    "start": 1568102886170,
    "end": 1568102886174,
    "duration": 4,
    "pid": 13804,
    "index": 32
  },
  {
    "name": "Load extend/context.js",
    "start": 1568102886180,
    "end": 1568102886317,
    "duration": 137,
    "pid": 13804,
    "index": 33
  },
  {
    "name": "Require(27) node_modules/_egg-security@2.6.1@egg-security/app/extend/context.js",
    "start": 1568102886181,
    "end": 1568102886206,
    "duration": 25,
    "pid": 13804,
    "index": 34
  },
  {
    "name": "Require(28) node_modules/_egg-jsonp@2.0.0@egg-jsonp/app/extend/context.js",
    "start": 1568102886207,
    "end": 1568102886210,
    "duration": 3,
    "pid": 13804,
    "index": 35
  },
  {
    "name": "Require(29) node_modules/_egg-i18n@2.1.1@egg-i18n/app/extend/context.js",
    "start": 1568102886211,
    "end": 1568102886212,
    "duration": 1,
    "pid": 13804,
    "index": 36
  },
  {
    "name": "Require(30) node_modules/_egg-multipart@2.9.0@egg-multipart/app/extend/context.js",
    "start": 1568102886214,
    "end": 1568102886305,
    "duration": 91,
    "pid": 13804,
    "index": 37
  },
  {
    "name": "Require(31) node_modules/_egg-view@2.1.2@egg-view/app/extend/context.js",
    "start": 1568102886306,
    "end": 1568102886308,
    "duration": 2,
    "pid": 13804,
    "index": 38
  },
  {
    "name": "Require(32) node_modules/_egg@2.23.0@egg/app/extend/context.js",
    "start": 1568102886309,
    "end": 1568102886313,
    "duration": 4,
    "pid": 13804,
    "index": 39
  },
  {
    "name": "Load extend/helper.js",
    "start": 1568102886317,
    "end": 1568102886355,
    "duration": 38,
    "pid": 13804,
    "index": 40
  },
  {
    "name": "Require(33) node_modules/_egg-security@2.6.1@egg-security/app/extend/helper.js",
    "start": 1568102886318,
    "end": 1568102886347,
    "duration": 29,
    "pid": 13804,
    "index": 41
  },
  {
    "name": "Require(34) node_modules/_egg@2.23.0@egg/app/extend/helper.js",
    "start": 1568102886351,
    "end": 1568102886351,
    "duration": 0,
    "pid": 13804,
    "index": 42
  },
  {
    "name": "Load app.js",
    "start": 1568102886355,
    "end": 1568102886421,
    "duration": 66,
    "pid": 13804,
    "index": 43
  },
  {
    "name": "Require(35) node_modules/_egg-session@3.1.0@egg-session/app.js",
    "start": 1568102886356,
    "end": 1568102886356,
    "duration": 0,
    "pid": 13804,
    "index": 44
  },
  {
    "name": "Require(36) node_modules/_egg-security@2.6.1@egg-security/app.js",
    "start": 1568102886357,
    "end": 1568102886360,
    "duration": 3,
    "pid": 13804,
    "index": 45
  },
  {
    "name": "Require(37) node_modules/_egg-onerror@2.1.0@egg-onerror/app.js",
    "start": 1568102886361,
    "end": 1568102886383,
    "duration": 22,
    "pid": 13804,
    "index": 46
  },
  {
    "name": "Require(38) node_modules/_egg-i18n@2.1.1@egg-i18n/app.js",
    "start": 1568102886383,
    "end": 1568102886398,
    "duration": 15,
    "pid": 13804,
    "index": 47
  },
  {
    "name": "Require(39) node_modules/_egg-watcher@3.1.0@egg-watcher/app.js",
    "start": 1568102886398,
    "end": 1568102886406,
    "duration": 8,
    "pid": 13804,
    "index": 48
  },
  {
    "name": "Require(40) node_modules/_egg-schedule@3.6.4@egg-schedule/app.js",
    "start": 1568102886407,
    "end": 1568102886410,
    "duration": 3,
    "pid": 13804,
    "index": 49
  },
  {
    "name": "Require(41) node_modules/_egg-multipart@2.9.0@egg-multipart/app.js",
    "start": 1568102886410,
    "end": 1568102886415,
    "duration": 5,
    "pid": 13804,
    "index": 50
  },
  {
    "name": "Require(42) node_modules/_egg-development@2.4.3@egg-development/app.js",
    "start": 1568102886416,
    "end": 1568102886416,
    "duration": 0,
    "pid": 13804,
    "index": 51
  },
  {
    "name": "Require(43) node_modules/_egg-logrotator@3.1.0@egg-logrotator/app.js",
    "start": 1568102886417,
    "end": 1568102886417,
    "duration": 0,
    "pid": 13804,
    "index": 52
  },
  {
    "name": "Require(44) node_modules/_egg-static@2.2.0@egg-static/app.js",
    "start": 1568102886418,
    "end": 1568102886418,
    "duration": 0,
    "pid": 13804,
    "index": 53
  },
  {
    "name": "Require(45) node_modules/_egg-sequelize@5.2.0@egg-sequelize/app.js",
    "start": 1568102886419,
    "end": 1568102886419,
    "duration": 0,
    "pid": 13804,
    "index": 54
  },
  {
    "name": "Before Start in node_modules/_egg-watcher@3.1.0@egg-watcher/lib/init.js:15:14",
    "start": 1568102886439,
    "end": 1568102887378,
    "duration": 939,
    "pid": 13804,
    "index": 55
  },
  {
    "name": "Load \"Symbol(model)\" to Application",
    "start": 1568102887069,
    "end": 1568102887096,
    "duration": 27,
    "pid": 13804,
    "index": 56
  },
  {
    "name": "Before Start in node_modules/_egg-sequelize@5.2.0@egg-sequelize/lib/loader.js:39:7",
    "start": 1568102887102,
    "end": 1568102887421,
    "duration": 319,
    "pid": 13804,
    "index": 57
  },
  {
    "name": "Load Service",
    "start": 1568102887103,
    "end": 1568102887108,
    "duration": 5,
    "pid": 13804,
    "index": 58
  },
  {
    "name": "Load \"service\" to Context",
    "start": 1568102887103,
    "end": 1568102887108,
    "duration": 5,
    "pid": 13804,
    "index": 59
  },
  {
    "name": "Load Middleware",
    "start": 1568102887109,
    "end": 1568102887263,
    "duration": 154,
    "pid": 13804,
    "index": 60
  },
  {
    "name": "Load \"middlewares\" to Application",
    "start": 1568102887109,
    "end": 1568102887243,
    "duration": 134,
    "pid": 13804,
    "index": 61
  },
  {
    "name": "Load Controller",
    "start": 1568102887263,
    "end": 1568102887266,
    "duration": 3,
    "pid": 13804,
    "index": 62
  },
  {
    "name": "Load \"controller\" to Application",
    "start": 1568102887263,
    "end": 1568102887266,
    "duration": 3,
    "pid": 13804,
    "index": 63
  },
  {
    "name": "Load Router",
    "start": 1568102887266,
    "end": 1568102887269,
    "duration": 3,
    "pid": 13804,
    "index": 64
  },
  {
    "name": "Require(46) app/router.js",
    "start": 1568102887266,
    "end": 1568102887267,
    "duration": 1,
    "pid": 13804,
    "index": 65
  },
  {
    "name": "Before Start in node_modules/_egg-core@4.17.3@egg-core/lib/egg.js:303:10",
    "start": 1568102887267,
    "end": 1568102887300,
    "duration": 33,
    "pid": 13804,
    "index": 66
  }
]