[
  {
    "name": "Process Start",
    "start": 1611305563577,
    "end": 1611305565055,
    "duration": 1478,
    "pid": 3284,
    "index": 0
  },
  {
    "name": "Application Start",
    "start": 1611305565056,
    "end": 1611305565549,
    "duration": 493,
    "pid": 3284,
    "index": 1
  },
  {
    "name": "Load Plugin",
    "start": 1611305565061,
    "end": 1611305565083,
    "duration": 22,
    "pid": 3284,
    "index": 2
  },
  {
    "name": "Load Config",
    "start": 1611305565083,
    "end": 1611305565109,
    "duration": 26,
    "pid": 3284,
    "index": 3
  },
  {
    "name": "Require(0) config/config.default.js",
    "start": 1611305565084,
    "end": 1611305565084,
    "duration": 0,
    "pid": 3284,
    "index": 4
  },
  {
    "name": "Require(1) node_modules/_egg-session@3.2.0@egg-session/config/config.default.js",
    "start": 1611305565086,
    "end": 1611305565087,
    "duration": 1,
    "pid": 3284,
    "index": 5
  },
  {
    "name": "Require(2) node_modules/_egg-security@2.8.0@egg-security/config/config.default.js",
    "start": 1611305565087,
    "end": 1611305565088,
    "duration": 1,
    "pid": 3284,
    "index": 6
  },
  {
    "name": "Require(3) node_modules/_egg-jsonp@2.0.0@egg-jsonp/config/config.default.js",
    "start": 1611305565089,
    "end": 1611305565090,
    "duration": 1,
    "pid": 3284,
    "index": 7
  },
  {
    "name": "Require(4) node_modules/_egg-onerror@2.1.0@egg-onerror/config/config.default.js",
    "start": 1611305565090,
    "end": 1611305565091,
    "duration": 1,
    "pid": 3284,
    "index": 8
  },
  {
    "name": "Require(5) node_modules/_egg-i18n@2.1.1@egg-i18n/config/config.default.js",
    "start": 1611305565091,
    "end": 1611305565092,
    "duration": 1,
    "pid": 3284,
    "index": 9
  },
  {
    "name": "Require(6) node_modules/_egg-watcher@3.1.1@egg-watcher/config/config.default.js",
    "start": 1611305565093,
    "end": 1611305565093,
    "duration": 0,
    "pid": 3284,
    "index": 10
  },
  {
    "name": "Require(7) node_modules/_egg-schedule@3.6.6@egg-schedule/config/config.default.js",
    "start": 1611305565094,
    "end": 1611305565094,
    "duration": 0,
    "pid": 3284,
    "index": 11
  },
  {
    "name": "Require(8) node_modules/_egg-multipart@2.10.3@egg-multipart/config/config.default.js",
    "start": 1611305565095,
    "end": 1611305565095,
    "duration": 0,
    "pid": 3284,
    "index": 12
  },
  {
    "name": "Require(9) node_modules/_egg-development@2.7.0@egg-development/config/config.default.js",
    "start": 1611305565096,
    "end": 1611305565097,
    "duration": 1,
    "pid": 3284,
    "index": 13
  },
  {
    "name": "Require(10) node_modules/_egg-logrotator@3.1.0@egg-logrotator/config/config.default.js",
    "start": 1611305565097,
    "end": 1611305565098,
    "duration": 1,
    "pid": 3284,
    "index": 14
  },
  {
    "name": "Require(11) node_modules/_egg-static@2.2.0@egg-static/config/config.default.js",
    "start": 1611305565099,
    "end": 1611305565099,
    "duration": 0,
    "pid": 3284,
    "index": 15
  },
  {
    "name": "Require(12) node_modules/_egg-view@2.1.3@egg-view/config/config.default.js",
    "start": 1611305565100,
    "end": 1611305565101,
    "duration": 1,
    "pid": 3284,
    "index": 16
  },
  {
    "name": "Require(13) node_modules/_egg@2.29.1@egg/config/config.default.js",
    "start": 1611305565101,
    "end": 1611305565102,
    "duration": 1,
    "pid": 3284,
    "index": 17
  },
  {
    "name": "Require(14) config/config.default.js",
    "start": 1611305565103,
    "end": 1611305565103,
    "duration": 0,
    "pid": 3284,
    "index": 18
  },
  {
    "name": "Require(15) node_modules/_egg-security@2.8.0@egg-security/config/config.local.js",
    "start": 1611305565104,
    "end": 1611305565104,
    "duration": 0,
    "pid": 3284,
    "index": 19
  },
  {
    "name": "Require(16) node_modules/_egg-watcher@3.1.1@egg-watcher/config/config.local.js",
    "start": 1611305565106,
    "end": 1611305565106,
    "duration": 0,
    "pid": 3284,
    "index": 20
  },
  {
    "name": "Require(17) node_modules/_egg-view@2.1.3@egg-view/config/config.local.js",
    "start": 1611305565108,
    "end": 1611305565108,
    "duration": 0,
    "pid": 3284,
    "index": 21
  },
  {
    "name": "Require(18) node_modules/_egg@2.29.1@egg/config/config.local.js",
    "start": 1611305565109,
    "end": 1611305565109,
    "duration": 0,
    "pid": 3284,
    "index": 22
  },
  {
    "name": "Load extend/application.js",
    "start": 1611305565110,
    "end": 1611305565133,
    "duration": 23,
    "pid": 3284,
    "index": 23
  },
  {
    "name": "Require(19) node_modules/_egg-session@3.2.0@egg-session/app/extend/application.js",
    "start": 1611305565111,
    "end": 1611305565112,
    "duration": 1,
    "pid": 3284,
    "index": 24
  },
  {
    "name": "Require(20) node_modules/_egg-security@2.8.0@egg-security/app/extend/application.js",
    "start": 1611305565112,
    "end": 1611305565114,
    "duration": 2,
    "pid": 3284,
    "index": 25
  },
  {
    "name": "Require(21) node_modules/_egg-jsonp@2.0.0@egg-jsonp/app/extend/application.js",
    "start": 1611305565115,
    "end": 1611305565118,
    "duration": 3,
    "pid": 3284,
    "index": 26
  },
  {
    "name": "Require(22) node_modules/_egg-logrotator@3.1.0@egg-logrotator/app/extend/application.js",
    "start": 1611305565119,
    "end": 1611305565124,
    "duration": 5,
    "pid": 3284,
    "index": 27
  },
  {
    "name": "Require(23) node_modules/_egg-view@2.1.3@egg-view/app/extend/application.js",
    "start": 1611305565125,
    "end": 1611305565128,
    "duration": 3,
    "pid": 3284,
    "index": 28
  },
  {
    "name": "Load extend/request.js",
    "start": 1611305565133,
    "end": 1611305565145,
    "duration": 12,
    "pid": 3284,
    "index": 29
  },
  {
    "name": "Require(24) node_modules/_egg@2.29.1@egg/app/extend/request.js",
    "start": 1611305565137,
    "end": 1611305565140,
    "duration": 3,
    "pid": 3284,
    "index": 30
  },
  {
    "name": "Load extend/response.js",
    "start": 1611305565145,
    "end": 1611305565159,
    "duration": 14,
    "pid": 3284,
    "index": 31
  },
  {
    "name": "Require(25) node_modules/_egg@2.29.1@egg/app/extend/response.js",
    "start": 1611305565152,
    "end": 1611305565155,
    "duration": 3,
    "pid": 3284,
    "index": 32
  },
  {
    "name": "Load extend/context.js",
    "start": 1611305565159,
    "end": 1611305565260,
    "duration": 101,
    "pid": 3284,
    "index": 33
  },
  {
    "name": "Require(26) node_modules/_egg-security@2.8.0@egg-security/app/extend/context.js",
    "start": 1611305565160,
    "end": 1611305565179,
    "duration": 19,
    "pid": 3284,
    "index": 34
  },
  {
    "name": "Require(27) node_modules/_egg-jsonp@2.0.0@egg-jsonp/app/extend/context.js",
    "start": 1611305565180,
    "end": 1611305565182,
    "duration": 2,
    "pid": 3284,
    "index": 35
  },
  {
    "name": "Require(28) node_modules/_egg-i18n@2.1.1@egg-i18n/app/extend/context.js",
    "start": 1611305565183,
    "end": 1611305565184,
    "duration": 1,
    "pid": 3284,
    "index": 36
  },
  {
    "name": "Require(29) node_modules/_egg-multipart@2.10.3@egg-multipart/app/extend/context.js",
    "start": 1611305565185,
    "end": 1611305565252,
    "duration": 67,
    "pid": 3284,
    "index": 37
  },
  {
    "name": "Require(30) node_modules/_egg-view@2.1.3@egg-view/app/extend/context.js",
    "start": 1611305565253,
    "end": 1611305565254,
    "duration": 1,
    "pid": 3284,
    "index": 38
  },
  {
    "name": "Require(31) node_modules/_egg@2.29.1@egg/app/extend/context.js",
    "start": 1611305565254,
    "end": 1611305565256,
    "duration": 2,
    "pid": 3284,
    "index": 39
  },
  {
    "name": "Load extend/helper.js",
    "start": 1611305565260,
    "end": 1611305565288,
    "duration": 28,
    "pid": 3284,
    "index": 40
  },
  {
    "name": "Require(32) node_modules/_egg-security@2.8.0@egg-security/app/extend/helper.js",
    "start": 1611305565261,
    "end": 1611305565282,
    "duration": 21,
    "pid": 3284,
    "index": 41
  },
  {
    "name": "Require(33) node_modules/_egg@2.29.1@egg/app/extend/helper.js",
    "start": 1611305565285,
    "end": 1611305565285,
    "duration": 0,
    "pid": 3284,
    "index": 42
  },
  {
    "name": "Load app.js",
    "start": 1611305565289,
    "end": 1611305565330,
    "duration": 41,
    "pid": 3284,
    "index": 43
  },
  {
    "name": "Require(34) node_modules/_egg-session@3.2.0@egg-session/app.js",
    "start": 1611305565289,
    "end": 1611305565289,
    "duration": 0,
    "pid": 3284,
    "index": 44
  },
  {
    "name": "Require(35) node_modules/_egg-security@2.8.0@egg-security/app.js",
    "start": 1611305565290,
    "end": 1611305565292,
    "duration": 2,
    "pid": 3284,
    "index": 45
  },
  {
    "name": "Require(36) node_modules/_egg-onerror@2.1.0@egg-onerror/app.js",
    "start": 1611305565293,
    "end": 1611305565306,
    "duration": 13,
    "pid": 3284,
    "index": 46
  },
  {
    "name": "Require(37) node_modules/_egg-i18n@2.1.1@egg-i18n/app.js",
    "start": 1611305565307,
    "end": 1611305565317,
    "duration": 10,
    "pid": 3284,
    "index": 47
  },
  {
    "name": "Require(38) node_modules/_egg-watcher@3.1.1@egg-watcher/app.js",
    "start": 1611305565317,
    "end": 1611305565322,
    "duration": 5,
    "pid": 3284,
    "index": 48
  },
  {
    "name": "Require(39) node_modules/_egg-schedule@3.6.6@egg-schedule/app.js",
    "start": 1611305565323,
    "end": 1611305565325,
    "duration": 2,
    "pid": 3284,
    "index": 49
  },
  {
    "name": "Require(40) node_modules/_egg-multipart@2.10.3@egg-multipart/app.js",
    "start": 1611305565326,
    "end": 1611305565326,
    "duration": 0,
    "pid": 3284,
    "index": 50
  },
  {
    "name": "Require(41) node_modules/_egg-development@2.7.0@egg-development/app.js",
    "start": 1611305565327,
    "end": 1611305565327,
    "duration": 0,
    "pid": 3284,
    "index": 51
  },
  {
    "name": "Require(42) node_modules/_egg-logrotator@3.1.0@egg-logrotator/app.js",
    "start": 1611305565328,
    "end": 1611305565328,
    "duration": 0,
    "pid": 3284,
    "index": 52
  },
  {
    "name": "Require(43) node_modules/_egg-static@2.2.0@egg-static/app.js",
    "start": 1611305565328,
    "end": 1611305565329,
    "duration": 1,
    "pid": 3284,
    "index": 53
  },
  {
    "name": "Before Start in node_modules/_egg-watcher@3.1.1@egg-watcher/lib/init.js:15:14",
    "start": 1611305565340,
    "end": 1611305565549,
    "duration": 209,
    "pid": 3284,
    "index": 54
  },
  {
    "name": "Load Service",
    "start": 1611305565373,
    "end": 1611305565379,
    "duration": 6,
    "pid": 3284,
    "index": 55
  },
  {
    "name": "Load \"service\" to Context",
    "start": 1611305565373,
    "end": 1611305565379,
    "duration": 6,
    "pid": 3284,
    "index": 56
  },
  {
    "name": "Load Middleware",
    "start": 1611305565380,
    "end": 1611305565526,
    "duration": 146,
    "pid": 3284,
    "index": 57
  },
  {
    "name": "Load \"middlewares\" to Application",
    "start": 1611305565380,
    "end": 1611305565509,
    "duration": 129,
    "pid": 3284,
    "index": 58
  },
  {
    "name": "Load Controller",
    "start": 1611305565526,
    "end": 1611305565529,
    "duration": 3,
    "pid": 3284,
    "index": 59
  },
  {
    "name": "Load \"controller\" to Application",
    "start": 1611305565526,
    "end": 1611305565529,
    "duration": 3,
    "pid": 3284,
    "index": 60
  },
  {
    "name": "Load Router",
    "start": 1611305565529,
    "end": 1611305565532,
    "duration": 3,
    "pid": 3284,
    "index": 61
  },
  {
    "name": "Require(44) app/router.js",
    "start": 1611305565530,
    "end": 1611305565530,
    "duration": 0,
    "pid": 3284,
    "index": 62
  },
  {
    "name": "Before Start in node_modules/_egg-core@4.20.0@egg-core/lib/egg.js:303:10",
    "start": 1611305565530,
    "end": 1611305565540,
    "duration": 10,
    "pid": 3284,
    "index": 63
  }
]