[
  {
    "name": "Process Start",
    "start": 1611305542572,
    "end": 1611305543712,
    "duration": 1140,
    "pid": 10912,
    "index": 0
  },
  {
    "name": "Application Start",
    "start": 1611305543712,
    "end": 1611305544208,
    "duration": 496,
    "pid": 10912,
    "index": 1
  },
  {
    "name": "Load Plugin",
    "start": 1611305543717,
    "end": 1611305543734,
    "duration": 17,
    "pid": 10912,
    "index": 2
  },
  {
    "name": "Load Config",
    "start": 1611305543734,
    "end": 1611305543754,
    "duration": 20,
    "pid": 10912,
    "index": 3
  },
  {
    "name": "Require(0) config/config.default.js",
    "start": 1611305543735,
    "end": 1611305543735,
    "duration": 0,
    "pid": 10912,
    "index": 4
  },
  {
    "name": "Require(1) node_modules/_egg-session@3.2.0@egg-session/config/config.default.js",
    "start": 1611305543736,
    "end": 1611305543737,
    "duration": 1,
    "pid": 10912,
    "index": 5
  },
  {
    "name": "Require(2) node_modules/_egg-security@2.8.0@egg-security/config/config.default.js",
    "start": 1611305543737,
    "end": 1611305543738,
    "duration": 1,
    "pid": 10912,
    "index": 6
  },
  {
    "name": "Require(3) node_modules/_egg-jsonp@2.0.0@egg-jsonp/config/config.default.js",
    "start": 1611305543739,
    "end": 1611305543739,
    "duration": 0,
    "pid": 10912,
    "index": 7
  },
  {
    "name": "Require(4) node_modules/_egg-onerror@2.1.0@egg-onerror/config/config.default.js",
    "start": 1611305543740,
    "end": 1611305543740,
    "duration": 0,
    "pid": 10912,
    "index": 8
  },
  {
    "name": "Require(5) node_modules/_egg-i18n@2.1.1@egg-i18n/config/config.default.js",
    "start": 1611305543740,
    "end": 1611305543741,
    "duration": 1,
    "pid": 10912,
    "index": 9
  },
  {
    "name": "Require(6) node_modules/_egg-watcher@3.1.1@egg-watcher/config/config.default.js",
    "start": 1611305543742,
    "end": 1611305543742,
    "duration": 0,
    "pid": 10912,
    "index": 10
  },
  {
    "name": "Require(7) node_modules/_egg-schedule@3.6.6@egg-schedule/config/config.default.js",
    "start": 1611305543743,
    "end": 1611305543743,
    "duration": 0,
    "pid": 10912,
    "index": 11
  },
  {
    "name": "Require(8) node_modules/_egg-multipart@2.10.3@egg-multipart/config/config.default.js",
    "start": 1611305543743,
    "end": 1611305543744,
    "duration": 1,
    "pid": 10912,
    "index": 12
  },
  {
    "name": "Require(9) node_modules/_egg-development@2.7.0@egg-development/config/config.default.js",
    "start": 1611305543745,
    "end": 1611305543745,
    "duration": 0,
    "pid": 10912,
    "index": 13
  },
  {
    "name": "Require(10) node_modules/_egg-logrotator@3.1.0@egg-logrotator/config/config.default.js",
    "start": 1611305543745,
    "end": 1611305543746,
    "duration": 1,
    "pid": 10912,
    "index": 14
  },
  {
    "name": "Require(11) node_modules/_egg-static@2.2.0@egg-static/config/config.default.js",
    "start": 1611305543746,
    "end": 1611305543747,
    "duration": 1,
    "pid": 10912,
    "index": 15
  },
  {
    "name": "Require(12) node_modules/_egg-view@2.1.3@egg-view/config/config.default.js",
    "start": 1611305543747,
    "end": 1611305543748,
    "duration": 1,
    "pid": 10912,
    "index": 16
  },
  {
    "name": "Require(13) node_modules/_egg@2.29.1@egg/config/config.default.js",
    "start": 1611305543748,
    "end": 1611305543749,
    "duration": 1,
    "pid": 10912,
    "index": 17
  },
  {
    "name": "Require(14) config/config.default.js",
    "start": 1611305543750,
    "end": 1611305543750,
    "duration": 0,
    "pid": 10912,
    "index": 18
  },
  {
    "name": "Require(15) node_modules/_egg-security@2.8.0@egg-security/config/config.local.js",
    "start": 1611305543750,
    "end": 1611305543751,
    "duration": 1,
    "pid": 10912,
    "index": 19
  },
  {
    "name": "Require(16) node_modules/_egg-watcher@3.1.1@egg-watcher/config/config.local.js",
    "start": 1611305543752,
    "end": 1611305543752,
    "duration": 0,
    "pid": 10912,
    "index": 20
  },
  {
    "name": "Require(17) node_modules/_egg-view@2.1.3@egg-view/config/config.local.js",
    "start": 1611305543753,
    "end": 1611305543753,
    "duration": 0,
    "pid": 10912,
    "index": 21
  },
  {
    "name": "Require(18) node_modules/_egg@2.29.1@egg/config/config.local.js",
    "start": 1611305543754,
    "end": 1611305543754,
    "duration": 0,
    "pid": 10912,
    "index": 22
  },
  {
    "name": "Load extend/application.js",
    "start": 1611305543756,
    "end": 1611305543772,
    "duration": 16,
    "pid": 10912,
    "index": 23
  },
  {
    "name": "Require(19) node_modules/_egg-session@3.2.0@egg-session/app/extend/application.js",
    "start": 1611305543756,
    "end": 1611305543757,
    "duration": 1,
    "pid": 10912,
    "index": 24
  },
  {
    "name": "Require(20) node_modules/_egg-security@2.8.0@egg-security/app/extend/application.js",
    "start": 1611305543758,
    "end": 1611305543759,
    "duration": 1,
    "pid": 10912,
    "index": 25
  },
  {
    "name": "Require(21) node_modules/_egg-jsonp@2.0.0@egg-jsonp/app/extend/application.js",
    "start": 1611305543759,
    "end": 1611305543761,
    "duration": 2,
    "pid": 10912,
    "index": 26
  },
  {
    "name": "Require(22) node_modules/_egg-logrotator@3.1.0@egg-logrotator/app/extend/application.js",
    "start": 1611305543763,
    "end": 1611305543766,
    "duration": 3,
    "pid": 10912,
    "index": 27
  },
  {
    "name": "Require(23) node_modules/_egg-view@2.1.3@egg-view/app/extend/application.js",
    "start": 1611305543767,
    "end": 1611305543769,
    "duration": 2,
    "pid": 10912,
    "index": 28
  },
  {
    "name": "Load extend/request.js",
    "start": 1611305543772,
    "end": 1611305543778,
    "duration": 6,
    "pid": 10912,
    "index": 29
  },
  {
    "name": "Require(24) node_modules/_egg@2.29.1@egg/app/extend/request.js",
    "start": 1611305543774,
    "end": 1611305543776,
    "duration": 2,
    "pid": 10912,
    "index": 30
  },
  {
    "name": "Load extend/response.js",
    "start": 1611305543778,
    "end": 1611305543789,
    "duration": 11,
    "pid": 10912,
    "index": 31
  },
  {
    "name": "Require(25) node_modules/_egg@2.29.1@egg/app/extend/response.js",
    "start": 1611305543783,
    "end": 1611305543786,
    "duration": 3,
    "pid": 10912,
    "index": 32
  },
  {
    "name": "Load extend/context.js",
    "start": 1611305543789,
    "end": 1611305543867,
    "duration": 78,
    "pid": 10912,
    "index": 33
  },
  {
    "name": "Require(26) node_modules/_egg-security@2.8.0@egg-security/app/extend/context.js",
    "start": 1611305543789,
    "end": 1611305543803,
    "duration": 14,
    "pid": 10912,
    "index": 34
  },
  {
    "name": "Require(27) node_modules/_egg-jsonp@2.0.0@egg-jsonp/app/extend/context.js",
    "start": 1611305543803,
    "end": 1611305543805,
    "duration": 2,
    "pid": 10912,
    "index": 35
  },
  {
    "name": "Require(28) node_modules/_egg-i18n@2.1.1@egg-i18n/app/extend/context.js",
    "start": 1611305543805,
    "end": 1611305543806,
    "duration": 1,
    "pid": 10912,
    "index": 36
  },
  {
    "name": "Require(29) node_modules/_egg-multipart@2.10.3@egg-multipart/app/extend/context.js",
    "start": 1611305543807,
    "end": 1611305543860,
    "duration": 53,
    "pid": 10912,
    "index": 37
  },
  {
    "name": "Require(30) node_modules/_egg-view@2.1.3@egg-view/app/extend/context.js",
    "start": 1611305543861,
    "end": 1611305543862,
    "duration": 1,
    "pid": 10912,
    "index": 38
  },
  {
    "name": "Require(31) node_modules/_egg@2.29.1@egg/app/extend/context.js",
    "start": 1611305543862,
    "end": 1611305543864,
    "duration": 2,
    "pid": 10912,
    "index": 39
  },
  {
    "name": "Load extend/helper.js",
    "start": 1611305543867,
    "end": 1611305543888,
    "duration": 21,
    "pid": 10912,
    "index": 40
  },
  {
    "name": "Require(32) node_modules/_egg-security@2.8.0@egg-security/app/extend/helper.js",
    "start": 1611305543867,
    "end": 1611305543883,
    "duration": 16,
    "pid": 10912,
    "index": 41
  },
  {
    "name": "Require(33) node_modules/_egg@2.29.1@egg/app/extend/helper.js",
    "start": 1611305543885,
    "end": 1611305543886,
    "duration": 1,
    "pid": 10912,
    "index": 42
  },
  {
    "name": "Load app.js",
    "start": 1611305543889,
    "end": 1611305543922,
    "duration": 33,
    "pid": 10912,
    "index": 43
  },
  {
    "name": "Require(34) node_modules/_egg-session@3.2.0@egg-session/app.js",
    "start": 1611305543889,
    "end": 1611305543889,
    "duration": 0,
    "pid": 10912,
    "index": 44
  },
  {
    "name": "Require(35) node_modules/_egg-security@2.8.0@egg-security/app.js",
    "start": 1611305543890,
    "end": 1611305543892,
    "duration": 2,
    "pid": 10912,
    "index": 45
  },
  {
    "name": "Require(36) node_modules/_egg-onerror@2.1.0@egg-onerror/app.js",
    "start": 1611305543892,
    "end": 1611305543903,
    "duration": 11,
    "pid": 10912,
    "index": 46
  },
  {
    "name": "Require(37) node_modules/_egg-i18n@2.1.1@egg-i18n/app.js",
    "start": 1611305543903,
    "end": 1611305543911,
    "duration": 8,
    "pid": 10912,
    "index": 47
  },
  {
    "name": "Require(38) node_modules/_egg-watcher@3.1.1@egg-watcher/app.js",
    "start": 1611305543911,
    "end": 1611305543916,
    "duration": 5,
    "pid": 10912,
    "index": 48
  },
  {
    "name": "Require(39) node_modules/_egg-schedule@3.6.6@egg-schedule/app.js",
    "start": 1611305543917,
    "end": 1611305543919,
    "duration": 2,
    "pid": 10912,
    "index": 49
  },
  {
    "name": "Require(40) node_modules/_egg-multipart@2.10.3@egg-multipart/app.js",
    "start": 1611305543919,
    "end": 1611305543920,
    "duration": 1,
    "pid": 10912,
    "index": 50
  },
  {
    "name": "Require(41) node_modules/_egg-development@2.7.0@egg-development/app.js",
    "start": 1611305543920,
    "end": 1611305543920,
    "duration": 0,
    "pid": 10912,
    "index": 51
  },
  {
    "name": "Require(42) node_modules/_egg-logrotator@3.1.0@egg-logrotator/app.js",
    "start": 1611305543920,
    "end": 1611305543921,
    "duration": 1,
    "pid": 10912,
    "index": 52
  },
  {
    "name": "Require(43) node_modules/_egg-static@2.2.0@egg-static/app.js",
    "start": 1611305543921,
    "end": 1611305543921,
    "duration": 0,
    "pid": 10912,
    "index": 53
  },
  {
    "name": "Before Start in node_modules/_egg-watcher@3.1.1@egg-watcher/lib/init.js:15:14",
    "start": 1611305543930,
    "end": 1611305544208,
    "duration": 278,
    "pid": 10912,
    "index": 54
  },
  {
    "name": "Load Service",
    "start": 1611305543959,
    "end": 1611305543966,
    "duration": 7,
    "pid": 10912,
    "index": 55
  },
  {
    "name": "Load \"service\" to Context",
    "start": 1611305543959,
    "end": 1611305543966,
    "duration": 7,
    "pid": 10912,
    "index": 56
  },
  {
    "name": "Load Middleware",
    "start": 1611305543966,
    "end": 1611305544186,
    "duration": 220,
    "pid": 10912,
    "index": 57
  },
  {
    "name": "Load \"middlewares\" to Application",
    "start": 1611305543966,
    "end": 1611305544160,
    "duration": 194,
    "pid": 10912,
    "index": 58
  },
  {
    "name": "Load Controller",
    "start": 1611305544186,
    "end": 1611305544189,
    "duration": 3,
    "pid": 10912,
    "index": 59
  },
  {
    "name": "Load \"controller\" to Application",
    "start": 1611305544186,
    "end": 1611305544189,
    "duration": 3,
    "pid": 10912,
    "index": 60
  },
  {
    "name": "Load Router",
    "start": 1611305544189,
    "end": 1611305544191,
    "duration": 2,
    "pid": 10912,
    "index": 61
  },
  {
    "name": "Require(44) app/router.js",
    "start": 1611305544189,
    "end": 1611305544189,
    "duration": 0,
    "pid": 10912,
    "index": 62
  },
  {
    "name": "Before Start in node_modules/_egg-core@4.20.0@egg-core/lib/egg.js:303:10",
    "start": 1611305544190,
    "end": 1611305544198,
    "duration": 8,
    "pid": 10912,
    "index": 63
  }
]