[
  {
    "name": "Process Start",
    "start": 1611305420354,
    "end": 1611305421505,
    "duration": 1151,
    "pid": 10796,
    "index": 0
  },
  {
    "name": "Application Start",
    "start": 1611305421506,
    "end": 1611305421915,
    "duration": 409,
    "pid": 10796,
    "index": 1
  },
  {
    "name": "Load Plugin",
    "start": 1611305421510,
    "end": 1611305421530,
    "duration": 20,
    "pid": 10796,
    "index": 2
  },
  {
    "name": "Load Config",
    "start": 1611305421530,
    "end": 1611305421554,
    "duration": 24,
    "pid": 10796,
    "index": 3
  },
  {
    "name": "Require(0) config/config.default.js",
    "start": 1611305421531,
    "end": 1611305421531,
    "duration": 0,
    "pid": 10796,
    "index": 4
  },
  {
    "name": "Require(1) node_modules/_egg-session@3.2.0@egg-session/config/config.default.js",
    "start": 1611305421533,
    "end": 1611305421533,
    "duration": 0,
    "pid": 10796,
    "index": 5
  },
  {
    "name": "Require(2) node_modules/_egg-security@2.8.0@egg-security/config/config.default.js",
    "start": 1611305421534,
    "end": 1611305421534,
    "duration": 0,
    "pid": 10796,
    "index": 6
  },
  {
    "name": "Require(3) node_modules/_egg-jsonp@2.0.0@egg-jsonp/config/config.default.js",
    "start": 1611305421535,
    "end": 1611305421536,
    "duration": 1,
    "pid": 10796,
    "index": 7
  },
  {
    "name": "Require(4) node_modules/_egg-onerror@2.1.0@egg-onerror/config/config.default.js",
    "start": 1611305421536,
    "end": 1611305421537,
    "duration": 1,
    "pid": 10796,
    "index": 8
  },
  {
    "name": "Require(5) node_modules/_egg-i18n@2.1.1@egg-i18n/config/config.default.js",
    "start": 1611305421537,
    "end": 1611305421538,
    "duration": 1,
    "pid": 10796,
    "index": 9
  },
  {
    "name": "Require(6) node_modules/_egg-watcher@3.1.1@egg-watcher/config/config.default.js",
    "start": 1611305421538,
    "end": 1611305421539,
    "duration": 1,
    "pid": 10796,
    "index": 10
  },
  {
    "name": "Require(7) node_modules/_egg-schedule@3.6.6@egg-schedule/config/config.default.js",
    "start": 1611305421539,
    "end": 1611305421540,
    "duration": 1,
    "pid": 10796,
    "index": 11
  },
  {
    "name": "Require(8) node_modules/_egg-multipart@2.10.3@egg-multipart/config/config.default.js",
    "start": 1611305421540,
    "end": 1611305421541,
    "duration": 1,
    "pid": 10796,
    "index": 12
  },
  {
    "name": "Require(9) node_modules/_egg-development@2.7.0@egg-development/config/config.default.js",
    "start": 1611305421542,
    "end": 1611305421542,
    "duration": 0,
    "pid": 10796,
    "index": 13
  },
  {
    "name": "Require(10) node_modules/_egg-logrotator@3.1.0@egg-logrotator/config/config.default.js",
    "start": 1611305421543,
    "end": 1611305421543,
    "duration": 0,
    "pid": 10796,
    "index": 14
  },
  {
    "name": "Require(11) node_modules/_egg-static@2.2.0@egg-static/config/config.default.js",
    "start": 1611305421543,
    "end": 1611305421544,
    "duration": 1,
    "pid": 10796,
    "index": 15
  },
  {
    "name": "Require(12) node_modules/_egg-view@2.1.3@egg-view/config/config.default.js",
    "start": 1611305421545,
    "end": 1611305421545,
    "duration": 0,
    "pid": 10796,
    "index": 16
  },
  {
    "name": "Require(13) node_modules/_egg@2.29.1@egg/config/config.default.js",
    "start": 1611305421546,
    "end": 1611305421546,
    "duration": 0,
    "pid": 10796,
    "index": 17
  },
  {
    "name": "Require(14) config/config.default.js",
    "start": 1611305421548,
    "end": 1611305421548,
    "duration": 0,
    "pid": 10796,
    "index": 18
  },
  {
    "name": "Require(15) node_modules/_egg-security@2.8.0@egg-security/config/config.local.js",
    "start": 1611305421548,
    "end": 1611305421549,
    "duration": 1,
    "pid": 10796,
    "index": 19
  },
  {
    "name": "Require(16) node_modules/_egg-watcher@3.1.1@egg-watcher/config/config.local.js",
    "start": 1611305421550,
    "end": 1611305421550,
    "duration": 0,
    "pid": 10796,
    "index": 20
  },
  {
    "name": "Require(17) node_modules/_egg-view@2.1.3@egg-view/config/config.local.js",
    "start": 1611305421552,
    "end": 1611305421553,
    "duration": 1,
    "pid": 10796,
    "index": 21
  },
  {
    "name": "Require(18) node_modules/_egg@2.29.1@egg/config/config.local.js",
    "start": 1611305421553,
    "end": 1611305421553,
    "duration": 0,
    "pid": 10796,
    "index": 22
  },
  {
    "name": "Load extend/application.js",
    "start": 1611305421555,
    "end": 1611305421571,
    "duration": 16,
    "pid": 10796,
    "index": 23
  },
  {
    "name": "Require(19) node_modules/_egg-session@3.2.0@egg-session/app/extend/application.js",
    "start": 1611305421556,
    "end": 1611305421556,
    "duration": 0,
    "pid": 10796,
    "index": 24
  },
  {
    "name": "Require(20) node_modules/_egg-security@2.8.0@egg-security/app/extend/application.js",
    "start": 1611305421557,
    "end": 1611305421558,
    "duration": 1,
    "pid": 10796,
    "index": 25
  },
  {
    "name": "Require(21) node_modules/_egg-jsonp@2.0.0@egg-jsonp/app/extend/application.js",
    "start": 1611305421558,
    "end": 1611305421561,
    "duration": 3,
    "pid": 10796,
    "index": 26
  },
  {
    "name": "Require(22) node_modules/_egg-logrotator@3.1.0@egg-logrotator/app/extend/application.js",
    "start": 1611305421562,
    "end": 1611305421566,
    "duration": 4,
    "pid": 10796,
    "index": 27
  },
  {
    "name": "Require(23) node_modules/_egg-view@2.1.3@egg-view/app/extend/application.js",
    "start": 1611305421566,
    "end": 1611305421568,
    "duration": 2,
    "pid": 10796,
    "index": 28
  },
  {
    "name": "Load extend/request.js",
    "start": 1611305421571,
    "end": 1611305421578,
    "duration": 7,
    "pid": 10796,
    "index": 29
  },
  {
    "name": "Require(24) node_modules/_egg@2.29.1@egg/app/extend/request.js",
    "start": 1611305421574,
    "end": 1611305421575,
    "duration": 1,
    "pid": 10796,
    "index": 30
  },
  {
    "name": "Load extend/response.js",
    "start": 1611305421578,
    "end": 1611305421587,
    "duration": 9,
    "pid": 10796,
    "index": 31
  },
  {
    "name": "Require(25) node_modules/_egg@2.29.1@egg/app/extend/response.js",
    "start": 1611305421582,
    "end": 1611305421584,
    "duration": 2,
    "pid": 10796,
    "index": 32
  },
  {
    "name": "Load extend/context.js",
    "start": 1611305421587,
    "end": 1611305421675,
    "duration": 88,
    "pid": 10796,
    "index": 33
  },
  {
    "name": "Require(26) node_modules/_egg-security@2.8.0@egg-security/app/extend/context.js",
    "start": 1611305421588,
    "end": 1611305421602,
    "duration": 14,
    "pid": 10796,
    "index": 34
  },
  {
    "name": "Require(27) node_modules/_egg-jsonp@2.0.0@egg-jsonp/app/extend/context.js",
    "start": 1611305421602,
    "end": 1611305421604,
    "duration": 2,
    "pid": 10796,
    "index": 35
  },
  {
    "name": "Require(28) node_modules/_egg-i18n@2.1.1@egg-i18n/app/extend/context.js",
    "start": 1611305421604,
    "end": 1611305421605,
    "duration": 1,
    "pid": 10796,
    "index": 36
  },
  {
    "name": "Require(29) node_modules/_egg-multipart@2.10.3@egg-multipart/app/extend/context.js",
    "start": 1611305421606,
    "end": 1611305421669,
    "duration": 63,
    "pid": 10796,
    "index": 37
  },
  {
    "name": "Require(30) node_modules/_egg-view@2.1.3@egg-view/app/extend/context.js",
    "start": 1611305421670,
    "end": 1611305421671,
    "duration": 1,
    "pid": 10796,
    "index": 38
  },
  {
    "name": "Require(31) node_modules/_egg@2.29.1@egg/app/extend/context.js",
    "start": 1611305421671,
    "end": 1611305421672,
    "duration": 1,
    "pid": 10796,
    "index": 39
  },
  {
    "name": "Load extend/helper.js",
    "start": 1611305421675,
    "end": 1611305421696,
    "duration": 21,
    "pid": 10796,
    "index": 40
  },
  {
    "name": "Require(32) node_modules/_egg-security@2.8.0@egg-security/app/extend/helper.js",
    "start": 1611305421675,
    "end": 1611305421691,
    "duration": 16,
    "pid": 10796,
    "index": 41
  },
  {
    "name": "Require(33) node_modules/_egg@2.29.1@egg/app/extend/helper.js",
    "start": 1611305421693,
    "end": 1611305421693,
    "duration": 0,
    "pid": 10796,
    "index": 42
  },
  {
    "name": "Load app.js",
    "start": 1611305421696,
    "end": 1611305421725,
    "duration": 29,
    "pid": 10796,
    "index": 43
  },
  {
    "name": "Require(34) node_modules/_egg-session@3.2.0@egg-session/app.js",
    "start": 1611305421697,
    "end": 1611305421697,
    "duration": 0,
    "pid": 10796,
    "index": 44
  },
  {
    "name": "Require(35) node_modules/_egg-security@2.8.0@egg-security/app.js",
    "start": 1611305421697,
    "end": 1611305421699,
    "duration": 2,
    "pid": 10796,
    "index": 45
  },
  {
    "name": "Require(36) node_modules/_egg-onerror@2.1.0@egg-onerror/app.js",
    "start": 1611305421699,
    "end": 1611305421708,
    "duration": 9,
    "pid": 10796,
    "index": 46
  },
  {
    "name": "Require(37) node_modules/_egg-i18n@2.1.1@egg-i18n/app.js",
    "start": 1611305421709,
    "end": 1611305421716,
    "duration": 7,
    "pid": 10796,
    "index": 47
  },
  {
    "name": "Require(38) node_modules/_egg-watcher@3.1.1@egg-watcher/app.js",
    "start": 1611305421716,
    "end": 1611305421720,
    "duration": 4,
    "pid": 10796,
    "index": 48
  },
  {
    "name": "Require(39) node_modules/_egg-schedule@3.6.6@egg-schedule/app.js",
    "start": 1611305421720,
    "end": 1611305421722,
    "duration": 2,
    "pid": 10796,
    "index": 49
  },
  {
    "name": "Require(40) node_modules/_egg-multipart@2.10.3@egg-multipart/app.js",
    "start": 1611305421722,
    "end": 1611305421723,
    "duration": 1,
    "pid": 10796,
    "index": 50
  },
  {
    "name": "Require(41) node_modules/_egg-development@2.7.0@egg-development/app.js",
    "start": 1611305421723,
    "end": 1611305421723,
    "duration": 0,
    "pid": 10796,
    "index": 51
  },
  {
    "name": "Require(42) node_modules/_egg-logrotator@3.1.0@egg-logrotator/app.js",
    "start": 1611305421724,
    "end": 1611305421724,
    "duration": 0,
    "pid": 10796,
    "index": 52
  },
  {
    "name": "Require(43) node_modules/_egg-static@2.2.0@egg-static/app.js",
    "start": 1611305421724,
    "end": 1611305421724,
    "duration": 0,
    "pid": 10796,
    "index": 53
  },
  {
    "name": "Before Start in node_modules/_egg-watcher@3.1.1@egg-watcher/lib/init.js:15:14",
    "start": 1611305421733,
    "end": 1611305421914,
    "duration": 181,
    "pid": 10796,
    "index": 54
  },
  {
    "name": "Load Service",
    "start": 1611305421758,
    "end": 1611305421763,
    "duration": 5,
    "pid": 10796,
    "index": 55
  },
  {
    "name": "Load \"service\" to Context",
    "start": 1611305421758,
    "end": 1611305421763,
    "duration": 5,
    "pid": 10796,
    "index": 56
  },
  {
    "name": "Load Middleware",
    "start": 1611305421764,
    "end": 1611305421894,
    "duration": 130,
    "pid": 10796,
    "index": 57
  },
  {
    "name": "Load \"middlewares\" to Application",
    "start": 1611305421764,
    "end": 1611305421879,
    "duration": 115,
    "pid": 10796,
    "index": 58
  },
  {
    "name": "Load Controller",
    "start": 1611305421895,
    "end": 1611305421897,
    "duration": 2,
    "pid": 10796,
    "index": 59
  },
  {
    "name": "Load \"controller\" to Application",
    "start": 1611305421895,
    "end": 1611305421897,
    "duration": 2,
    "pid": 10796,
    "index": 60
  },
  {
    "name": "Load Router",
    "start": 1611305421897,
    "end": 1611305421899,
    "duration": 2,
    "pid": 10796,
    "index": 61
  },
  {
    "name": "Require(44) app/router.js",
    "start": 1611305421897,
    "end": 1611305421898,
    "duration": 1,
    "pid": 10796,
    "index": 62
  },
  {
    "name": "Before Start in node_modules/_egg-core@4.20.0@egg-core/lib/egg.js:303:10",
    "start": 1611305421898,
    "end": 1611305421906,
    "duration": 8,
    "pid": 10796,
    "index": 63
  }
]