[
  {
    "name": "Process Start",
    "start": 1611305544246,
    "end": 1611305545448,
    "duration": 1202,
    "pid": 1304,
    "index": 0
  },
  {
    "name": "Application Start",
    "start": 1611305545449,
    "end": 1611305545912,
    "duration": 463,
    "pid": 1304,
    "index": 1
  },
  {
    "name": "Load Plugin",
    "start": 1611305545453,
    "end": 1611305545475,
    "duration": 22,
    "pid": 1304,
    "index": 2
  },
  {
    "name": "Load Config",
    "start": 1611305545475,
    "end": 1611305545500,
    "duration": 25,
    "pid": 1304,
    "index": 3
  },
  {
    "name": "Require(0) config/config.default.js",
    "start": 1611305545476,
    "end": 1611305545477,
    "duration": 1,
    "pid": 1304,
    "index": 4
  },
  {
    "name": "Require(1) node_modules/_egg-session@3.2.0@egg-session/config/config.default.js",
    "start": 1611305545478,
    "end": 1611305545479,
    "duration": 1,
    "pid": 1304,
    "index": 5
  },
  {
    "name": "Require(2) node_modules/_egg-security@2.8.0@egg-security/config/config.default.js",
    "start": 1611305545479,
    "end": 1611305545480,
    "duration": 1,
    "pid": 1304,
    "index": 6
  },
  {
    "name": "Require(3) node_modules/_egg-jsonp@2.0.0@egg-jsonp/config/config.default.js",
    "start": 1611305545481,
    "end": 1611305545481,
    "duration": 0,
    "pid": 1304,
    "index": 7
  },
  {
    "name": "Require(4) node_modules/_egg-onerror@2.1.0@egg-onerror/config/config.default.js",
    "start": 1611305545482,
    "end": 1611305545483,
    "duration": 1,
    "pid": 1304,
    "index": 8
  },
  {
    "name": "Require(5) node_modules/_egg-i18n@2.1.1@egg-i18n/config/config.default.js",
    "start": 1611305545483,
    "end": 1611305545484,
    "duration": 1,
    "pid": 1304,
    "index": 9
  },
  {
    "name": "Require(6) node_modules/_egg-watcher@3.1.1@egg-watcher/config/config.default.js",
    "start": 1611305545485,
    "end": 1611305545486,
    "duration": 1,
    "pid": 1304,
    "index": 10
  },
  {
    "name": "Require(7) node_modules/_egg-schedule@3.6.6@egg-schedule/config/config.default.js",
    "start": 1611305545486,
    "end": 1611305545487,
    "duration": 1,
    "pid": 1304,
    "index": 11
  },
  {
    "name": "Require(8) node_modules/_egg-multipart@2.10.3@egg-multipart/config/config.default.js",
    "start": 1611305545487,
    "end": 1611305545488,
    "duration": 1,
    "pid": 1304,
    "index": 12
  },
  {
    "name": "Require(9) node_modules/_egg-development@2.7.0@egg-development/config/config.default.js",
    "start": 1611305545489,
    "end": 1611305545489,
    "duration": 0,
    "pid": 1304,
    "index": 13
  },
  {
    "name": "Require(10) node_modules/_egg-logrotator@3.1.0@egg-logrotator/config/config.default.js",
    "start": 1611305545489,
    "end": 1611305545490,
    "duration": 1,
    "pid": 1304,
    "index": 14
  },
  {
    "name": "Require(11) node_modules/_egg-static@2.2.0@egg-static/config/config.default.js",
    "start": 1611305545490,
    "end": 1611305545491,
    "duration": 1,
    "pid": 1304,
    "index": 15
  },
  {
    "name": "Require(12) node_modules/_egg-view@2.1.3@egg-view/config/config.default.js",
    "start": 1611305545491,
    "end": 1611305545492,
    "duration": 1,
    "pid": 1304,
    "index": 16
  },
  {
    "name": "Require(13) node_modules/_egg@2.29.1@egg/config/config.default.js",
    "start": 1611305545493,
    "end": 1611305545493,
    "duration": 0,
    "pid": 1304,
    "index": 17
  },
  {
    "name": "Require(14) config/config.default.js",
    "start": 1611305545494,
    "end": 1611305545494,
    "duration": 0,
    "pid": 1304,
    "index": 18
  },
  {
    "name": "Require(15) node_modules/_egg-security@2.8.0@egg-security/config/config.local.js",
    "start": 1611305545495,
    "end": 1611305545495,
    "duration": 0,
    "pid": 1304,
    "index": 19
  },
  {
    "name": "Require(16) node_modules/_egg-watcher@3.1.1@egg-watcher/config/config.local.js",
    "start": 1611305545496,
    "end": 1611305545497,
    "duration": 1,
    "pid": 1304,
    "index": 20
  },
  {
    "name": "Require(17) node_modules/_egg-view@2.1.3@egg-view/config/config.local.js",
    "start": 1611305545498,
    "end": 1611305545499,
    "duration": 1,
    "pid": 1304,
    "index": 21
  },
  {
    "name": "Require(18) node_modules/_egg@2.29.1@egg/config/config.local.js",
    "start": 1611305545499,
    "end": 1611305545499,
    "duration": 0,
    "pid": 1304,
    "index": 22
  },
  {
    "name": "Load extend/application.js",
    "start": 1611305545501,
    "end": 1611305545519,
    "duration": 18,
    "pid": 1304,
    "index": 23
  },
  {
    "name": "Require(19) node_modules/_egg-session@3.2.0@egg-session/app/extend/application.js",
    "start": 1611305545501,
    "end": 1611305545502,
    "duration": 1,
    "pid": 1304,
    "index": 24
  },
  {
    "name": "Require(20) node_modules/_egg-security@2.8.0@egg-security/app/extend/application.js",
    "start": 1611305545502,
    "end": 1611305545504,
    "duration": 2,
    "pid": 1304,
    "index": 25
  },
  {
    "name": "Require(21) node_modules/_egg-jsonp@2.0.0@egg-jsonp/app/extend/application.js",
    "start": 1611305545504,
    "end": 1611305545507,
    "duration": 3,
    "pid": 1304,
    "index": 26
  },
  {
    "name": "Require(22) node_modules/_egg-logrotator@3.1.0@egg-logrotator/app/extend/application.js",
    "start": 1611305545509,
    "end": 1611305545512,
    "duration": 3,
    "pid": 1304,
    "index": 27
  },
  {
    "name": "Require(23) node_modules/_egg-view@2.1.3@egg-view/app/extend/application.js",
    "start": 1611305545513,
    "end": 1611305545515,
    "duration": 2,
    "pid": 1304,
    "index": 28
  },
  {
    "name": "Load extend/request.js",
    "start": 1611305545519,
    "end": 1611305545526,
    "duration": 7,
    "pid": 1304,
    "index": 29
  },
  {
    "name": "Require(24) node_modules/_egg@2.29.1@egg/app/extend/request.js",
    "start": 1611305545521,
    "end": 1611305545523,
    "duration": 2,
    "pid": 1304,
    "index": 30
  },
  {
    "name": "Load extend/response.js",
    "start": 1611305545526,
    "end": 1611305545536,
    "duration": 10,
    "pid": 1304,
    "index": 31
  },
  {
    "name": "Require(25) node_modules/_egg@2.29.1@egg/app/extend/response.js",
    "start": 1611305545528,
    "end": 1611305545533,
    "duration": 5,
    "pid": 1304,
    "index": 32
  },
  {
    "name": "Load extend/context.js",
    "start": 1611305545536,
    "end": 1611305545609,
    "duration": 73,
    "pid": 1304,
    "index": 33
  },
  {
    "name": "Require(26) node_modules/_egg-security@2.8.0@egg-security/app/extend/context.js",
    "start": 1611305545536,
    "end": 1611305545551,
    "duration": 15,
    "pid": 1304,
    "index": 34
  },
  {
    "name": "Require(27) node_modules/_egg-jsonp@2.0.0@egg-jsonp/app/extend/context.js",
    "start": 1611305545551,
    "end": 1611305545553,
    "duration": 2,
    "pid": 1304,
    "index": 35
  },
  {
    "name": "Require(28) node_modules/_egg-i18n@2.1.1@egg-i18n/app/extend/context.js",
    "start": 1611305545553,
    "end": 1611305545554,
    "duration": 1,
    "pid": 1304,
    "index": 36
  },
  {
    "name": "Require(29) node_modules/_egg-multipart@2.10.3@egg-multipart/app/extend/context.js",
    "start": 1611305545554,
    "end": 1611305545602,
    "duration": 48,
    "pid": 1304,
    "index": 37
  },
  {
    "name": "Require(30) node_modules/_egg-view@2.1.3@egg-view/app/extend/context.js",
    "start": 1611305545603,
    "end": 1611305545604,
    "duration": 1,
    "pid": 1304,
    "index": 38
  },
  {
    "name": "Require(31) node_modules/_egg@2.29.1@egg/app/extend/context.js",
    "start": 1611305545604,
    "end": 1611305545606,
    "duration": 2,
    "pid": 1304,
    "index": 39
  },
  {
    "name": "Load extend/helper.js",
    "start": 1611305545609,
    "end": 1611305545638,
    "duration": 29,
    "pid": 1304,
    "index": 40
  },
  {
    "name": "Require(32) node_modules/_egg-security@2.8.0@egg-security/app/extend/helper.js",
    "start": 1611305545610,
    "end": 1611305545631,
    "duration": 21,
    "pid": 1304,
    "index": 41
  },
  {
    "name": "Require(33) node_modules/_egg@2.29.1@egg/app/extend/helper.js",
    "start": 1611305545634,
    "end": 1611305545634,
    "duration": 0,
    "pid": 1304,
    "index": 42
  },
  {
    "name": "Load app.js",
    "start": 1611305545638,
    "end": 1611305545672,
    "duration": 34,
    "pid": 1304,
    "index": 43
  },
  {
    "name": "Require(34) node_modules/_egg-session@3.2.0@egg-session/app.js",
    "start": 1611305545638,
    "end": 1611305545639,
    "duration": 1,
    "pid": 1304,
    "index": 44
  },
  {
    "name": "Require(35) node_modules/_egg-security@2.8.0@egg-security/app.js",
    "start": 1611305545639,
    "end": 1611305545641,
    "duration": 2,
    "pid": 1304,
    "index": 45
  },
  {
    "name": "Require(36) node_modules/_egg-onerror@2.1.0@egg-onerror/app.js",
    "start": 1611305545642,
    "end": 1611305545653,
    "duration": 11,
    "pid": 1304,
    "index": 46
  },
  {
    "name": "Require(37) node_modules/_egg-i18n@2.1.1@egg-i18n/app.js",
    "start": 1611305545653,
    "end": 1611305545661,
    "duration": 8,
    "pid": 1304,
    "index": 47
  },
  {
    "name": "Require(38) node_modules/_egg-watcher@3.1.1@egg-watcher/app.js",
    "start": 1611305545662,
    "end": 1611305545666,
    "duration": 4,
    "pid": 1304,
    "index": 48
  },
  {
    "name": "Require(39) node_modules/_egg-schedule@3.6.6@egg-schedule/app.js",
    "start": 1611305545666,
    "end": 1611305545668,
    "duration": 2,
    "pid": 1304,
    "index": 49
  },
  {
    "name": "Require(40) node_modules/_egg-multipart@2.10.3@egg-multipart/app.js",
    "start": 1611305545669,
    "end": 1611305545669,
    "duration": 0,
    "pid": 1304,
    "index": 50
  },
  {
    "name": "Require(41) node_modules/_egg-development@2.7.0@egg-development/app.js",
    "start": 1611305545670,
    "end": 1611305545670,
    "duration": 0,
    "pid": 1304,
    "index": 51
  },
  {
    "name": "Require(42) node_modules/_egg-logrotator@3.1.0@egg-logrotator/app.js",
    "start": 1611305545670,
    "end": 1611305545670,
    "duration": 0,
    "pid": 1304,
    "index": 52
  },
  {
    "name": "Require(43) node_modules/_egg-static@2.2.0@egg-static/app.js",
    "start": 1611305545671,
    "end": 1611305545671,
    "duration": 0,
    "pid": 1304,
    "index": 53
  },
  {
    "name": "Before Start in node_modules/_egg-watcher@3.1.1@egg-watcher/lib/init.js:15:14",
    "start": 1611305545681,
    "end": 1611305545912,
    "duration": 231,
    "pid": 1304,
    "index": 54
  },
  {
    "name": "Load Service",
    "start": 1611305545712,
    "end": 1611305545720,
    "duration": 8,
    "pid": 1304,
    "index": 55
  },
  {
    "name": "Load \"service\" to Context",
    "start": 1611305545712,
    "end": 1611305545720,
    "duration": 8,
    "pid": 1304,
    "index": 56
  },
  {
    "name": "Load Middleware",
    "start": 1611305545721,
    "end": 1611305545890,
    "duration": 169,
    "pid": 1304,
    "index": 57
  },
  {
    "name": "Load \"middlewares\" to Application",
    "start": 1611305545721,
    "end": 1611305545871,
    "duration": 150,
    "pid": 1304,
    "index": 58
  },
  {
    "name": "Load Controller",
    "start": 1611305545890,
    "end": 1611305545893,
    "duration": 3,
    "pid": 1304,
    "index": 59
  },
  {
    "name": "Load \"controller\" to Application",
    "start": 1611305545890,
    "end": 1611305545893,
    "duration": 3,
    "pid": 1304,
    "index": 60
  },
  {
    "name": "Load Router",
    "start": 1611305545893,
    "end": 1611305545895,
    "duration": 2,
    "pid": 1304,
    "index": 61
  },
  {
    "name": "Require(44) app/router.js",
    "start": 1611305545893,
    "end": 1611305545894,
    "duration": 1,
    "pid": 1304,
    "index": 62
  },
  {
    "name": "Before Start in node_modules/_egg-core@4.20.0@egg-core/lib/egg.js:303:10",
    "start": 1611305545894,
    "end": 1611305545903,
    "duration": 9,
    "pid": 1304,
    "index": 63
  }
]