[
  {
    "name": "Process Start",
    "start": 1611305560191,
    "end": 1611305561283,
    "duration": 1092,
    "pid": 3708,
    "index": 0
  },
  {
    "name": "Application Start",
    "start": 1611305561284,
    "end": 1611305561696,
    "duration": 412,
    "pid": 3708,
    "index": 1
  },
  {
    "name": "Load Plugin",
    "start": 1611305561288,
    "end": 1611305561306,
    "duration": 18,
    "pid": 3708,
    "index": 2
  },
  {
    "name": "Load Config",
    "start": 1611305561306,
    "end": 1611305561326,
    "duration": 20,
    "pid": 3708,
    "index": 3
  },
  {
    "name": "Require(0) config/config.default.js",
    "start": 1611305561307,
    "end": 1611305561307,
    "duration": 0,
    "pid": 3708,
    "index": 4
  },
  {
    "name": "Require(1) node_modules/_egg-session@3.2.0@egg-session/config/config.default.js",
    "start": 1611305561308,
    "end": 1611305561309,
    "duration": 1,
    "pid": 3708,
    "index": 5
  },
  {
    "name": "Require(2) node_modules/_egg-security@2.8.0@egg-security/config/config.default.js",
    "start": 1611305561309,
    "end": 1611305561310,
    "duration": 1,
    "pid": 3708,
    "index": 6
  },
  {
    "name": "Require(3) node_modules/_egg-jsonp@2.0.0@egg-jsonp/config/config.default.js",
    "start": 1611305561311,
    "end": 1611305561311,
    "duration": 0,
    "pid": 3708,
    "index": 7
  },
  {
    "name": "Require(4) node_modules/_egg-onerror@2.1.0@egg-onerror/config/config.default.js",
    "start": 1611305561312,
    "end": 1611305561312,
    "duration": 0,
    "pid": 3708,
    "index": 8
  },
  {
    "name": "Require(5) node_modules/_egg-i18n@2.1.1@egg-i18n/config/config.default.js",
    "start": 1611305561312,
    "end": 1611305561313,
    "duration": 1,
    "pid": 3708,
    "index": 9
  },
  {
    "name": "Require(6) node_modules/_egg-watcher@3.1.1@egg-watcher/config/config.default.js",
    "start": 1611305561314,
    "end": 1611305561314,
    "duration": 0,
    "pid": 3708,
    "index": 10
  },
  {
    "name": "Require(7) node_modules/_egg-schedule@3.6.6@egg-schedule/config/config.default.js",
    "start": 1611305561314,
    "end": 1611305561315,
    "duration": 1,
    "pid": 3708,
    "index": 11
  },
  {
    "name": "Require(8) node_modules/_egg-multipart@2.10.3@egg-multipart/config/config.default.js",
    "start": 1611305561315,
    "end": 1611305561316,
    "duration": 1,
    "pid": 3708,
    "index": 12
  },
  {
    "name": "Require(9) node_modules/_egg-development@2.7.0@egg-development/config/config.default.js",
    "start": 1611305561316,
    "end": 1611305561317,
    "duration": 1,
    "pid": 3708,
    "index": 13
  },
  {
    "name": "Require(10) node_modules/_egg-logrotator@3.1.0@egg-logrotator/config/config.default.js",
    "start": 1611305561317,
    "end": 1611305561318,
    "duration": 1,
    "pid": 3708,
    "index": 14
  },
  {
    "name": "Require(11) node_modules/_egg-static@2.2.0@egg-static/config/config.default.js",
    "start": 1611305561318,
    "end": 1611305561319,
    "duration": 1,
    "pid": 3708,
    "index": 15
  },
  {
    "name": "Require(12) node_modules/_egg-view@2.1.3@egg-view/config/config.default.js",
    "start": 1611305561319,
    "end": 1611305561319,
    "duration": 0,
    "pid": 3708,
    "index": 16
  },
  {
    "name": "Require(13) node_modules/_egg@2.29.1@egg/config/config.default.js",
    "start": 1611305561320,
    "end": 1611305561320,
    "duration": 0,
    "pid": 3708,
    "index": 17
  },
  {
    "name": "Require(14) config/config.default.js",
    "start": 1611305561321,
    "end": 1611305561321,
    "duration": 0,
    "pid": 3708,
    "index": 18
  },
  {
    "name": "Require(15) node_modules/_egg-security@2.8.0@egg-security/config/config.local.js",
    "start": 1611305561322,
    "end": 1611305561322,
    "duration": 0,
    "pid": 3708,
    "index": 19
  },
  {
    "name": "Require(16) node_modules/_egg-watcher@3.1.1@egg-watcher/config/config.local.js",
    "start": 1611305561323,
    "end": 1611305561324,
    "duration": 1,
    "pid": 3708,
    "index": 20
  },
  {
    "name": "Require(17) node_modules/_egg-view@2.1.3@egg-view/config/config.local.js",
    "start": 1611305561325,
    "end": 1611305561325,
    "duration": 0,
    "pid": 3708,
    "index": 21
  },
  {
    "name": "Require(18) node_modules/_egg@2.29.1@egg/config/config.local.js",
    "start": 1611305561326,
    "end": 1611305561326,
    "duration": 0,
    "pid": 3708,
    "index": 22
  },
  {
    "name": "Load extend/application.js",
    "start": 1611305561327,
    "end": 1611305561343,
    "duration": 16,
    "pid": 3708,
    "index": 23
  },
  {
    "name": "Require(19) node_modules/_egg-session@3.2.0@egg-session/app/extend/application.js",
    "start": 1611305561328,
    "end": 1611305561328,
    "duration": 0,
    "pid": 3708,
    "index": 24
  },
  {
    "name": "Require(20) node_modules/_egg-security@2.8.0@egg-security/app/extend/application.js",
    "start": 1611305561328,
    "end": 1611305561330,
    "duration": 2,
    "pid": 3708,
    "index": 25
  },
  {
    "name": "Require(21) node_modules/_egg-jsonp@2.0.0@egg-jsonp/app/extend/application.js",
    "start": 1611305561330,
    "end": 1611305561332,
    "duration": 2,
    "pid": 3708,
    "index": 26
  },
  {
    "name": "Require(22) node_modules/_egg-logrotator@3.1.0@egg-logrotator/app/extend/application.js",
    "start": 1611305561334,
    "end": 1611305561337,
    "duration": 3,
    "pid": 3708,
    "index": 27
  },
  {
    "name": "Require(23) node_modules/_egg-view@2.1.3@egg-view/app/extend/application.js",
    "start": 1611305561337,
    "end": 1611305561339,
    "duration": 2,
    "pid": 3708,
    "index": 28
  },
  {
    "name": "Load extend/request.js",
    "start": 1611305561343,
    "end": 1611305561352,
    "duration": 9,
    "pid": 3708,
    "index": 29
  },
  {
    "name": "Require(24) node_modules/_egg@2.29.1@egg/app/extend/request.js",
    "start": 1611305561345,
    "end": 1611305561347,
    "duration": 2,
    "pid": 3708,
    "index": 30
  },
  {
    "name": "Load extend/response.js",
    "start": 1611305561352,
    "end": 1611305561360,
    "duration": 8,
    "pid": 3708,
    "index": 31
  },
  {
    "name": "Require(25) node_modules/_egg@2.29.1@egg/app/extend/response.js",
    "start": 1611305561354,
    "end": 1611305561357,
    "duration": 3,
    "pid": 3708,
    "index": 32
  },
  {
    "name": "Load extend/context.js",
    "start": 1611305561360,
    "end": 1611305561432,
    "duration": 72,
    "pid": 3708,
    "index": 33
  },
  {
    "name": "Require(26) node_modules/_egg-security@2.8.0@egg-security/app/extend/context.js",
    "start": 1611305561360,
    "end": 1611305561374,
    "duration": 14,
    "pid": 3708,
    "index": 34
  },
  {
    "name": "Require(27) node_modules/_egg-jsonp@2.0.0@egg-jsonp/app/extend/context.js",
    "start": 1611305561375,
    "end": 1611305561376,
    "duration": 1,
    "pid": 3708,
    "index": 35
  },
  {
    "name": "Require(28) node_modules/_egg-i18n@2.1.1@egg-i18n/app/extend/context.js",
    "start": 1611305561377,
    "end": 1611305561377,
    "duration": 0,
    "pid": 3708,
    "index": 36
  },
  {
    "name": "Require(29) node_modules/_egg-multipart@2.10.3@egg-multipart/app/extend/context.js",
    "start": 1611305561378,
    "end": 1611305561426,
    "duration": 48,
    "pid": 3708,
    "index": 37
  },
  {
    "name": "Require(30) node_modules/_egg-view@2.1.3@egg-view/app/extend/context.js",
    "start": 1611305561427,
    "end": 1611305561428,
    "duration": 1,
    "pid": 3708,
    "index": 38
  },
  {
    "name": "Require(31) node_modules/_egg@2.29.1@egg/app/extend/context.js",
    "start": 1611305561428,
    "end": 1611305561429,
    "duration": 1,
    "pid": 3708,
    "index": 39
  },
  {
    "name": "Load extend/helper.js",
    "start": 1611305561432,
    "end": 1611305561455,
    "duration": 23,
    "pid": 3708,
    "index": 40
  },
  {
    "name": "Require(32) node_modules/_egg-security@2.8.0@egg-security/app/extend/helper.js",
    "start": 1611305561433,
    "end": 1611305561449,
    "duration": 16,
    "pid": 3708,
    "index": 41
  },
  {
    "name": "Require(33) node_modules/_egg@2.29.1@egg/app/extend/helper.js",
    "start": 1611305561452,
    "end": 1611305561452,
    "duration": 0,
    "pid": 3708,
    "index": 42
  },
  {
    "name": "Load app.js",
    "start": 1611305561455,
    "end": 1611305561486,
    "duration": 31,
    "pid": 3708,
    "index": 43
  },
  {
    "name": "Require(34) node_modules/_egg-session@3.2.0@egg-session/app.js",
    "start": 1611305561455,
    "end": 1611305561456,
    "duration": 1,
    "pid": 3708,
    "index": 44
  },
  {
    "name": "Require(35) node_modules/_egg-security@2.8.0@egg-security/app.js",
    "start": 1611305561456,
    "end": 1611305561458,
    "duration": 2,
    "pid": 3708,
    "index": 45
  },
  {
    "name": "Require(36) node_modules/_egg-onerror@2.1.0@egg-onerror/app.js",
    "start": 1611305561458,
    "end": 1611305561468,
    "duration": 10,
    "pid": 3708,
    "index": 46
  },
  {
    "name": "Require(37) node_modules/_egg-i18n@2.1.1@egg-i18n/app.js",
    "start": 1611305561469,
    "end": 1611305561476,
    "duration": 7,
    "pid": 3708,
    "index": 47
  },
  {
    "name": "Require(38) node_modules/_egg-watcher@3.1.1@egg-watcher/app.js",
    "start": 1611305561477,
    "end": 1611305561480,
    "duration": 3,
    "pid": 3708,
    "index": 48
  },
  {
    "name": "Require(39) node_modules/_egg-schedule@3.6.6@egg-schedule/app.js",
    "start": 1611305561481,
    "end": 1611305561482,
    "duration": 1,
    "pid": 3708,
    "index": 49
  },
  {
    "name": "Require(40) node_modules/_egg-multipart@2.10.3@egg-multipart/app.js",
    "start": 1611305561483,
    "end": 1611305561483,
    "duration": 0,
    "pid": 3708,
    "index": 50
  },
  {
    "name": "Require(41) node_modules/_egg-development@2.7.0@egg-development/app.js",
    "start": 1611305561483,
    "end": 1611305561484,
    "duration": 1,
    "pid": 3708,
    "index": 51
  },
  {
    "name": "Require(42) node_modules/_egg-logrotator@3.1.0@egg-logrotator/app.js",
    "start": 1611305561484,
    "end": 1611305561484,
    "duration": 0,
    "pid": 3708,
    "index": 52
  },
  {
    "name": "Require(43) node_modules/_egg-static@2.2.0@egg-static/app.js",
    "start": 1611305561484,
    "end": 1611305561484,
    "duration": 0,
    "pid": 3708,
    "index": 53
  },
  {
    "name": "Before Start in node_modules/_egg-watcher@3.1.1@egg-watcher/lib/init.js:15:14",
    "start": 1611305561493,
    "end": 1611305561695,
    "duration": 202,
    "pid": 3708,
    "index": 54
  },
  {
    "name": "Load Service",
    "start": 1611305561520,
    "end": 1611305561526,
    "duration": 6,
    "pid": 3708,
    "index": 55
  },
  {
    "name": "Load \"service\" to Context",
    "start": 1611305561520,
    "end": 1611305561526,
    "duration": 6,
    "pid": 3708,
    "index": 56
  },
  {
    "name": "Load Middleware",
    "start": 1611305561526,
    "end": 1611305561658,
    "duration": 132,
    "pid": 3708,
    "index": 57
  },
  {
    "name": "Load \"middlewares\" to Application",
    "start": 1611305561526,
    "end": 1611305561641,
    "duration": 115,
    "pid": 3708,
    "index": 58
  },
  {
    "name": "Load Controller",
    "start": 1611305561658,
    "end": 1611305561679,
    "duration": 21,
    "pid": 3708,
    "index": 59
  },
  {
    "name": "Load \"controller\" to Application",
    "start": 1611305561658,
    "end": 1611305561679,
    "duration": 21,
    "pid": 3708,
    "index": 60
  },
  {
    "name": "Load Router",
    "start": 1611305561679,
    "end": 1611305561681,
    "duration": 2,
    "pid": 3708,
    "index": 61
  },
  {
    "name": "Require(44) app/router.js",
    "start": 1611305561679,
    "end": 1611305561679,
    "duration": 0,
    "pid": 3708,
    "index": 62
  },
  {
    "name": "Before Start in node_modules/_egg-core@4.20.0@egg-core/lib/egg.js:303:10",
    "start": 1611305561680,
    "end": 1611305561686,
    "duration": 6,
    "pid": 3708,
    "index": 63
  }
]