[
  {
    "name": "Process Start",
    "start": 1611305547075,
    "end": 1611305548209,
    "duration": 1134,
    "pid": 5776,
    "index": 0
  },
  {
    "name": "Application Start",
    "start": 1611305548210,
    "end": 1611305548663,
    "duration": 453,
    "pid": 5776,
    "index": 1
  },
  {
    "name": "Load Plugin",
    "start": 1611305548213,
    "end": 1611305548231,
    "duration": 18,
    "pid": 5776,
    "index": 2
  },
  {
    "name": "Load Config",
    "start": 1611305548231,
    "end": 1611305548252,
    "duration": 21,
    "pid": 5776,
    "index": 3
  },
  {
    "name": "Require(0) config/config.default.js",
    "start": 1611305548232,
    "end": 1611305548232,
    "duration": 0,
    "pid": 5776,
    "index": 4
  },
  {
    "name": "Require(1) node_modules/_egg-session@3.2.0@egg-session/config/config.default.js",
    "start": 1611305548234,
    "end": 1611305548234,
    "duration": 0,
    "pid": 5776,
    "index": 5
  },
  {
    "name": "Require(2) node_modules/_egg-security@2.8.0@egg-security/config/config.default.js",
    "start": 1611305548235,
    "end": 1611305548235,
    "duration": 0,
    "pid": 5776,
    "index": 6
  },
  {
    "name": "Require(3) node_modules/_egg-jsonp@2.0.0@egg-jsonp/config/config.default.js",
    "start": 1611305548236,
    "end": 1611305548236,
    "duration": 0,
    "pid": 5776,
    "index": 7
  },
  {
    "name": "Require(4) node_modules/_egg-onerror@2.1.0@egg-onerror/config/config.default.js",
    "start": 1611305548237,
    "end": 1611305548237,
    "duration": 0,
    "pid": 5776,
    "index": 8
  },
  {
    "name": "Require(5) node_modules/_egg-i18n@2.1.1@egg-i18n/config/config.default.js",
    "start": 1611305548238,
    "end": 1611305548238,
    "duration": 0,
    "pid": 5776,
    "index": 9
  },
  {
    "name": "Require(6) node_modules/_egg-watcher@3.1.1@egg-watcher/config/config.default.js",
    "start": 1611305548239,
    "end": 1611305548239,
    "duration": 0,
    "pid": 5776,
    "index": 10
  },
  {
    "name": "Require(7) node_modules/_egg-schedule@3.6.6@egg-schedule/config/config.default.js",
    "start": 1611305548240,
    "end": 1611305548240,
    "duration": 0,
    "pid": 5776,
    "index": 11
  },
  {
    "name": "Require(8) node_modules/_egg-multipart@2.10.3@egg-multipart/config/config.default.js",
    "start": 1611305548241,
    "end": 1611305548241,
    "duration": 0,
    "pid": 5776,
    "index": 12
  },
  {
    "name": "Require(9) node_modules/_egg-development@2.7.0@egg-development/config/config.default.js",
    "start": 1611305548242,
    "end": 1611305548242,
    "duration": 0,
    "pid": 5776,
    "index": 13
  },
  {
    "name": "Require(10) node_modules/_egg-logrotator@3.1.0@egg-logrotator/config/config.default.js",
    "start": 1611305548243,
    "end": 1611305548243,
    "duration": 0,
    "pid": 5776,
    "index": 14
  },
  {
    "name": "Require(11) node_modules/_egg-static@2.2.0@egg-static/config/config.default.js",
    "start": 1611305548244,
    "end": 1611305548244,
    "duration": 0,
    "pid": 5776,
    "index": 15
  },
  {
    "name": "Require(12) node_modules/_egg-view@2.1.3@egg-view/config/config.default.js",
    "start": 1611305548245,
    "end": 1611305548245,
    "duration": 0,
    "pid": 5776,
    "index": 16
  },
  {
    "name": "Require(13) node_modules/_egg@2.29.1@egg/config/config.default.js",
    "start": 1611305548246,
    "end": 1611305548246,
    "duration": 0,
    "pid": 5776,
    "index": 17
  },
  {
    "name": "Require(14) config/config.default.js",
    "start": 1611305548247,
    "end": 1611305548248,
    "duration": 1,
    "pid": 5776,
    "index": 18
  },
  {
    "name": "Require(15) node_modules/_egg-security@2.8.0@egg-security/config/config.local.js",
    "start": 1611305548248,
    "end": 1611305548248,
    "duration": 0,
    "pid": 5776,
    "index": 19
  },
  {
    "name": "Require(16) node_modules/_egg-watcher@3.1.1@egg-watcher/config/config.local.js",
    "start": 1611305548249,
    "end": 1611305548250,
    "duration": 1,
    "pid": 5776,
    "index": 20
  },
  {
    "name": "Require(17) node_modules/_egg-view@2.1.3@egg-view/config/config.local.js",
    "start": 1611305548251,
    "end": 1611305548251,
    "duration": 0,
    "pid": 5776,
    "index": 21
  },
  {
    "name": "Require(18) node_modules/_egg@2.29.1@egg/config/config.local.js",
    "start": 1611305548252,
    "end": 1611305548252,
    "duration": 0,
    "pid": 5776,
    "index": 22
  },
  {
    "name": "Load extend/application.js",
    "start": 1611305548253,
    "end": 1611305548268,
    "duration": 15,
    "pid": 5776,
    "index": 23
  },
  {
    "name": "Require(19) node_modules/_egg-session@3.2.0@egg-session/app/extend/application.js",
    "start": 1611305548254,
    "end": 1611305548255,
    "duration": 1,
    "pid": 5776,
    "index": 24
  },
  {
    "name": "Require(20) node_modules/_egg-security@2.8.0@egg-security/app/extend/application.js",
    "start": 1611305548255,
    "end": 1611305548256,
    "duration": 1,
    "pid": 5776,
    "index": 25
  },
  {
    "name": "Require(21) node_modules/_egg-jsonp@2.0.0@egg-jsonp/app/extend/application.js",
    "start": 1611305548257,
    "end": 1611305548259,
    "duration": 2,
    "pid": 5776,
    "index": 26
  },
  {
    "name": "Require(22) node_modules/_egg-logrotator@3.1.0@egg-logrotator/app/extend/application.js",
    "start": 1611305548260,
    "end": 1611305548263,
    "duration": 3,
    "pid": 5776,
    "index": 27
  },
  {
    "name": "Require(23) node_modules/_egg-view@2.1.3@egg-view/app/extend/application.js",
    "start": 1611305548263,
    "end": 1611305548265,
    "duration": 2,
    "pid": 5776,
    "index": 28
  },
  {
    "name": "Load extend/request.js",
    "start": 1611305548268,
    "end": 1611305548275,
    "duration": 7,
    "pid": 5776,
    "index": 29
  },
  {
    "name": "Require(24) node_modules/_egg@2.29.1@egg/app/extend/request.js",
    "start": 1611305548271,
    "end": 1611305548272,
    "duration": 1,
    "pid": 5776,
    "index": 30
  },
  {
    "name": "Load extend/response.js",
    "start": 1611305548275,
    "end": 1611305548286,
    "duration": 11,
    "pid": 5776,
    "index": 31
  },
  {
    "name": "Require(25) node_modules/_egg@2.29.1@egg/app/extend/response.js",
    "start": 1611305548277,
    "end": 1611305548283,
    "duration": 6,
    "pid": 5776,
    "index": 32
  },
  {
    "name": "Load extend/context.js",
    "start": 1611305548286,
    "end": 1611305548359,
    "duration": 73,
    "pid": 5776,
    "index": 33
  },
  {
    "name": "Require(26) node_modules/_egg-security@2.8.0@egg-security/app/extend/context.js",
    "start": 1611305548286,
    "end": 1611305548299,
    "duration": 13,
    "pid": 5776,
    "index": 34
  },
  {
    "name": "Require(27) node_modules/_egg-jsonp@2.0.0@egg-jsonp/app/extend/context.js",
    "start": 1611305548300,
    "end": 1611305548301,
    "duration": 1,
    "pid": 5776,
    "index": 35
  },
  {
    "name": "Require(28) node_modules/_egg-i18n@2.1.1@egg-i18n/app/extend/context.js",
    "start": 1611305548302,
    "end": 1611305548302,
    "duration": 0,
    "pid": 5776,
    "index": 36
  },
  {
    "name": "Require(29) node_modules/_egg-multipart@2.10.3@egg-multipart/app/extend/context.js",
    "start": 1611305548303,
    "end": 1611305548353,
    "duration": 50,
    "pid": 5776,
    "index": 37
  },
  {
    "name": "Require(30) node_modules/_egg-view@2.1.3@egg-view/app/extend/context.js",
    "start": 1611305548354,
    "end": 1611305548355,
    "duration": 1,
    "pid": 5776,
    "index": 38
  },
  {
    "name": "Require(31) node_modules/_egg@2.29.1@egg/app/extend/context.js",
    "start": 1611305548355,
    "end": 1611305548357,
    "duration": 2,
    "pid": 5776,
    "index": 39
  },
  {
    "name": "Load extend/helper.js",
    "start": 1611305548359,
    "end": 1611305548383,
    "duration": 24,
    "pid": 5776,
    "index": 40
  },
  {
    "name": "Require(32) node_modules/_egg-security@2.8.0@egg-security/app/extend/helper.js",
    "start": 1611305548360,
    "end": 1611305548377,
    "duration": 17,
    "pid": 5776,
    "index": 41
  },
  {
    "name": "Require(33) node_modules/_egg@2.29.1@egg/app/extend/helper.js",
    "start": 1611305548379,
    "end": 1611305548380,
    "duration": 1,
    "pid": 5776,
    "index": 42
  },
  {
    "name": "Load app.js",
    "start": 1611305548383,
    "end": 1611305548421,
    "duration": 38,
    "pid": 5776,
    "index": 43
  },
  {
    "name": "Require(34) node_modules/_egg-session@3.2.0@egg-session/app.js",
    "start": 1611305548383,
    "end": 1611305548384,
    "duration": 1,
    "pid": 5776,
    "index": 44
  },
  {
    "name": "Require(35) node_modules/_egg-security@2.8.0@egg-security/app.js",
    "start": 1611305548384,
    "end": 1611305548386,
    "duration": 2,
    "pid": 5776,
    "index": 45
  },
  {
    "name": "Require(36) node_modules/_egg-onerror@2.1.0@egg-onerror/app.js",
    "start": 1611305548387,
    "end": 1611305548399,
    "duration": 12,
    "pid": 5776,
    "index": 46
  },
  {
    "name": "Require(37) node_modules/_egg-i18n@2.1.1@egg-i18n/app.js",
    "start": 1611305548400,
    "end": 1611305548409,
    "duration": 9,
    "pid": 5776,
    "index": 47
  },
  {
    "name": "Require(38) node_modules/_egg-watcher@3.1.1@egg-watcher/app.js",
    "start": 1611305548409,
    "end": 1611305548414,
    "duration": 5,
    "pid": 5776,
    "index": 48
  },
  {
    "name": "Require(39) node_modules/_egg-schedule@3.6.6@egg-schedule/app.js",
    "start": 1611305548414,
    "end": 1611305548417,
    "duration": 3,
    "pid": 5776,
    "index": 49
  },
  {
    "name": "Require(40) node_modules/_egg-multipart@2.10.3@egg-multipart/app.js",
    "start": 1611305548418,
    "end": 1611305548418,
    "duration": 0,
    "pid": 5776,
    "index": 50
  },
  {
    "name": "Require(41) node_modules/_egg-development@2.7.0@egg-development/app.js",
    "start": 1611305548419,
    "end": 1611305548419,
    "duration": 0,
    "pid": 5776,
    "index": 51
  },
  {
    "name": "Require(42) node_modules/_egg-logrotator@3.1.0@egg-logrotator/app.js",
    "start": 1611305548419,
    "end": 1611305548419,
    "duration": 0,
    "pid": 5776,
    "index": 52
  },
  {
    "name": "Require(43) node_modules/_egg-static@2.2.0@egg-static/app.js",
    "start": 1611305548420,
    "end": 1611305548420,
    "duration": 0,
    "pid": 5776,
    "index": 53
  },
  {
    "name": "Before Start in node_modules/_egg-watcher@3.1.1@egg-watcher/lib/init.js:15:14",
    "start": 1611305548431,
    "end": 1611305548662,
    "duration": 231,
    "pid": 5776,
    "index": 54
  },
  {
    "name": "Load Service",
    "start": 1611305548469,
    "end": 1611305548476,
    "duration": 7,
    "pid": 5776,
    "index": 55
  },
  {
    "name": "Load \"service\" to Context",
    "start": 1611305548469,
    "end": 1611305548476,
    "duration": 7,
    "pid": 5776,
    "index": 56
  },
  {
    "name": "Load Middleware",
    "start": 1611305548476,
    "end": 1611305548640,
    "duration": 164,
    "pid": 5776,
    "index": 57
  },
  {
    "name": "Load \"middlewares\" to Application",
    "start": 1611305548477,
    "end": 1611305548621,
    "duration": 144,
    "pid": 5776,
    "index": 58
  },
  {
    "name": "Load Controller",
    "start": 1611305548640,
    "end": 1611305548643,
    "duration": 3,
    "pid": 5776,
    "index": 59
  },
  {
    "name": "Load \"controller\" to Application",
    "start": 1611305548640,
    "end": 1611305548643,
    "duration": 3,
    "pid": 5776,
    "index": 60
  },
  {
    "name": "Load Router",
    "start": 1611305548643,
    "end": 1611305548646,
    "duration": 3,
    "pid": 5776,
    "index": 61
  },
  {
    "name": "Require(44) app/router.js",
    "start": 1611305548644,
    "end": 1611305548644,
    "duration": 0,
    "pid": 5776,
    "index": 62
  },
  {
    "name": "Before Start in node_modules/_egg-core@4.20.0@egg-core/lib/egg.js:303:10",
    "start": 1611305548645,
    "end": 1611305548654,
    "duration": 9,
    "pid": 5776,
    "index": 63
  }
]