[
  {
    "name": "Process Start",
    "start": 1611305561919,
    "end": 1611305563128,
    "duration": 1209,
    "pid": 16372,
    "index": 0
  },
  {
    "name": "Application Start",
    "start": 1611305563129,
    "end": 1611305563540,
    "duration": 411,
    "pid": 16372,
    "index": 1
  },
  {
    "name": "Load Plugin",
    "start": 1611305563135,
    "end": 1611305563154,
    "duration": 19,
    "pid": 16372,
    "index": 2
  },
  {
    "name": "Load Config",
    "start": 1611305563154,
    "end": 1611305563176,
    "duration": 22,
    "pid": 16372,
    "index": 3
  },
  {
    "name": "Require(0) config/config.default.js",
    "start": 1611305563155,
    "end": 1611305563155,
    "duration": 0,
    "pid": 16372,
    "index": 4
  },
  {
    "name": "Require(1) node_modules/_egg-session@3.2.0@egg-session/config/config.default.js",
    "start": 1611305563156,
    "end": 1611305563157,
    "duration": 1,
    "pid": 16372,
    "index": 5
  },
  {
    "name": "Require(2) node_modules/_egg-security@2.8.0@egg-security/config/config.default.js",
    "start": 1611305563157,
    "end": 1611305563158,
    "duration": 1,
    "pid": 16372,
    "index": 6
  },
  {
    "name": "Require(3) node_modules/_egg-jsonp@2.0.0@egg-jsonp/config/config.default.js",
    "start": 1611305563158,
    "end": 1611305563159,
    "duration": 1,
    "pid": 16372,
    "index": 7
  },
  {
    "name": "Require(4) node_modules/_egg-onerror@2.1.0@egg-onerror/config/config.default.js",
    "start": 1611305563159,
    "end": 1611305563160,
    "duration": 1,
    "pid": 16372,
    "index": 8
  },
  {
    "name": "Require(5) node_modules/_egg-i18n@2.1.1@egg-i18n/config/config.default.js",
    "start": 1611305563160,
    "end": 1611305563160,
    "duration": 0,
    "pid": 16372,
    "index": 9
  },
  {
    "name": "Require(6) node_modules/_egg-watcher@3.1.1@egg-watcher/config/config.default.js",
    "start": 1611305563161,
    "end": 1611305563162,
    "duration": 1,
    "pid": 16372,
    "index": 10
  },
  {
    "name": "Require(7) node_modules/_egg-schedule@3.6.6@egg-schedule/config/config.default.js",
    "start": 1611305563162,
    "end": 1611305563163,
    "duration": 1,
    "pid": 16372,
    "index": 11
  },
  {
    "name": "Require(8) node_modules/_egg-multipart@2.10.3@egg-multipart/config/config.default.js",
    "start": 1611305563164,
    "end": 1611305563166,
    "duration": 2,
    "pid": 16372,
    "index": 12
  },
  {
    "name": "Require(9) node_modules/_egg-development@2.7.0@egg-development/config/config.default.js",
    "start": 1611305563167,
    "end": 1611305563167,
    "duration": 0,
    "pid": 16372,
    "index": 13
  },
  {
    "name": "Require(10) node_modules/_egg-logrotator@3.1.0@egg-logrotator/config/config.default.js",
    "start": 1611305563168,
    "end": 1611305563168,
    "duration": 0,
    "pid": 16372,
    "index": 14
  },
  {
    "name": "Require(11) node_modules/_egg-static@2.2.0@egg-static/config/config.default.js",
    "start": 1611305563168,
    "end": 1611305563169,
    "duration": 1,
    "pid": 16372,
    "index": 15
  },
  {
    "name": "Require(12) node_modules/_egg-view@2.1.3@egg-view/config/config.default.js",
    "start": 1611305563169,
    "end": 1611305563170,
    "duration": 1,
    "pid": 16372,
    "index": 16
  },
  {
    "name": "Require(13) node_modules/_egg@2.29.1@egg/config/config.default.js",
    "start": 1611305563170,
    "end": 1611305563171,
    "duration": 1,
    "pid": 16372,
    "index": 17
  },
  {
    "name": "Require(14) config/config.default.js",
    "start": 1611305563172,
    "end": 1611305563172,
    "duration": 0,
    "pid": 16372,
    "index": 18
  },
  {
    "name": "Require(15) node_modules/_egg-security@2.8.0@egg-security/config/config.local.js",
    "start": 1611305563172,
    "end": 1611305563173,
    "duration": 1,
    "pid": 16372,
    "index": 19
  },
  {
    "name": "Require(16) node_modules/_egg-watcher@3.1.1@egg-watcher/config/config.local.js",
    "start": 1611305563174,
    "end": 1611305563174,
    "duration": 0,
    "pid": 16372,
    "index": 20
  },
  {
    "name": "Require(17) node_modules/_egg-view@2.1.3@egg-view/config/config.local.js",
    "start": 1611305563175,
    "end": 1611305563176,
    "duration": 1,
    "pid": 16372,
    "index": 21
  },
  {
    "name": "Require(18) node_modules/_egg@2.29.1@egg/config/config.local.js",
    "start": 1611305563176,
    "end": 1611305563176,
    "duration": 0,
    "pid": 16372,
    "index": 22
  },
  {
    "name": "Load extend/application.js",
    "start": 1611305563177,
    "end": 1611305563196,
    "duration": 19,
    "pid": 16372,
    "index": 23
  },
  {
    "name": "Require(19) node_modules/_egg-session@3.2.0@egg-session/app/extend/application.js",
    "start": 1611305563178,
    "end": 1611305563179,
    "duration": 1,
    "pid": 16372,
    "index": 24
  },
  {
    "name": "Require(20) node_modules/_egg-security@2.8.0@egg-security/app/extend/application.js",
    "start": 1611305563179,
    "end": 1611305563182,
    "duration": 3,
    "pid": 16372,
    "index": 25
  },
  {
    "name": "Require(21) node_modules/_egg-jsonp@2.0.0@egg-jsonp/app/extend/application.js",
    "start": 1611305563183,
    "end": 1611305563186,
    "duration": 3,
    "pid": 16372,
    "index": 26
  },
  {
    "name": "Require(22) node_modules/_egg-logrotator@3.1.0@egg-logrotator/app/extend/application.js",
    "start": 1611305563187,
    "end": 1611305563190,
    "duration": 3,
    "pid": 16372,
    "index": 27
  },
  {
    "name": "Require(23) node_modules/_egg-view@2.1.3@egg-view/app/extend/application.js",
    "start": 1611305563191,
    "end": 1611305563193,
    "duration": 2,
    "pid": 16372,
    "index": 28
  },
  {
    "name": "Load extend/request.js",
    "start": 1611305563196,
    "end": 1611305563204,
    "duration": 8,
    "pid": 16372,
    "index": 29
  },
  {
    "name": "Require(24) node_modules/_egg@2.29.1@egg/app/extend/request.js",
    "start": 1611305563200,
    "end": 1611305563201,
    "duration": 1,
    "pid": 16372,
    "index": 30
  },
  {
    "name": "Load extend/response.js",
    "start": 1611305563204,
    "end": 1611305563214,
    "duration": 10,
    "pid": 16372,
    "index": 31
  },
  {
    "name": "Require(25) node_modules/_egg@2.29.1@egg/app/extend/response.js",
    "start": 1611305563206,
    "end": 1611305563210,
    "duration": 4,
    "pid": 16372,
    "index": 32
  },
  {
    "name": "Load extend/context.js",
    "start": 1611305563214,
    "end": 1611305563291,
    "duration": 77,
    "pid": 16372,
    "index": 33
  },
  {
    "name": "Require(26) node_modules/_egg-security@2.8.0@egg-security/app/extend/context.js",
    "start": 1611305563215,
    "end": 1611305563230,
    "duration": 15,
    "pid": 16372,
    "index": 34
  },
  {
    "name": "Require(27) node_modules/_egg-jsonp@2.0.0@egg-jsonp/app/extend/context.js",
    "start": 1611305563231,
    "end": 1611305563233,
    "duration": 2,
    "pid": 16372,
    "index": 35
  },
  {
    "name": "Require(28) node_modules/_egg-i18n@2.1.1@egg-i18n/app/extend/context.js",
    "start": 1611305563234,
    "end": 1611305563234,
    "duration": 0,
    "pid": 16372,
    "index": 36
  },
  {
    "name": "Require(29) node_modules/_egg-multipart@2.10.3@egg-multipart/app/extend/context.js",
    "start": 1611305563235,
    "end": 1611305563285,
    "duration": 50,
    "pid": 16372,
    "index": 37
  },
  {
    "name": "Require(30) node_modules/_egg-view@2.1.3@egg-view/app/extend/context.js",
    "start": 1611305563286,
    "end": 1611305563287,
    "duration": 1,
    "pid": 16372,
    "index": 38
  },
  {
    "name": "Require(31) node_modules/_egg@2.29.1@egg/app/extend/context.js",
    "start": 1611305563287,
    "end": 1611305563288,
    "duration": 1,
    "pid": 16372,
    "index": 39
  },
  {
    "name": "Load extend/helper.js",
    "start": 1611305563291,
    "end": 1611305563315,
    "duration": 24,
    "pid": 16372,
    "index": 40
  },
  {
    "name": "Require(32) node_modules/_egg-security@2.8.0@egg-security/app/extend/helper.js",
    "start": 1611305563292,
    "end": 1611305563309,
    "duration": 17,
    "pid": 16372,
    "index": 41
  },
  {
    "name": "Require(33) node_modules/_egg@2.29.1@egg/app/extend/helper.js",
    "start": 1611305563311,
    "end": 1611305563312,
    "duration": 1,
    "pid": 16372,
    "index": 42
  },
  {
    "name": "Load app.js",
    "start": 1611305563315,
    "end": 1611305563351,
    "duration": 36,
    "pid": 16372,
    "index": 43
  },
  {
    "name": "Require(34) node_modules/_egg-session@3.2.0@egg-session/app.js",
    "start": 1611305563316,
    "end": 1611305563316,
    "duration": 0,
    "pid": 16372,
    "index": 44
  },
  {
    "name": "Require(35) node_modules/_egg-security@2.8.0@egg-security/app.js",
    "start": 1611305563317,
    "end": 1611305563319,
    "duration": 2,
    "pid": 16372,
    "index": 45
  },
  {
    "name": "Require(36) node_modules/_egg-onerror@2.1.0@egg-onerror/app.js",
    "start": 1611305563319,
    "end": 1611305563330,
    "duration": 11,
    "pid": 16372,
    "index": 46
  },
  {
    "name": "Require(37) node_modules/_egg-i18n@2.1.1@egg-i18n/app.js",
    "start": 1611305563331,
    "end": 1611305563339,
    "duration": 8,
    "pid": 16372,
    "index": 47
  },
  {
    "name": "Require(38) node_modules/_egg-watcher@3.1.1@egg-watcher/app.js",
    "start": 1611305563339,
    "end": 1611305563344,
    "duration": 5,
    "pid": 16372,
    "index": 48
  },
  {
    "name": "Require(39) node_modules/_egg-schedule@3.6.6@egg-schedule/app.js",
    "start": 1611305563344,
    "end": 1611305563346,
    "duration": 2,
    "pid": 16372,
    "index": 49
  },
  {
    "name": "Require(40) node_modules/_egg-multipart@2.10.3@egg-multipart/app.js",
    "start": 1611305563347,
    "end": 1611305563347,
    "duration": 0,
    "pid": 16372,
    "index": 50
  },
  {
    "name": "Require(41) node_modules/_egg-development@2.7.0@egg-development/app.js",
    "start": 1611305563348,
    "end": 1611305563348,
    "duration": 0,
    "pid": 16372,
    "index": 51
  },
  {
    "name": "Require(42) node_modules/_egg-logrotator@3.1.0@egg-logrotator/app.js",
    "start": 1611305563349,
    "end": 1611305563349,
    "duration": 0,
    "pid": 16372,
    "index": 52
  },
  {
    "name": "Require(43) node_modules/_egg-static@2.2.0@egg-static/app.js",
    "start": 1611305563349,
    "end": 1611305563350,
    "duration": 1,
    "pid": 16372,
    "index": 53
  },
  {
    "name": "Before Start in node_modules/_egg-watcher@3.1.1@egg-watcher/lib/init.js:15:14",
    "start": 1611305563359,
    "end": 1611305563540,
    "duration": 181,
    "pid": 16372,
    "index": 54
  },
  {
    "name": "Load Service",
    "start": 1611305563390,
    "end": 1611305563395,
    "duration": 5,
    "pid": 16372,
    "index": 55
  },
  {
    "name": "Load \"service\" to Context",
    "start": 1611305563390,
    "end": 1611305563395,
    "duration": 5,
    "pid": 16372,
    "index": 56
  },
  {
    "name": "Load Middleware",
    "start": 1611305563396,
    "end": 1611305563522,
    "duration": 126,
    "pid": 16372,
    "index": 57
  },
  {
    "name": "Load \"middlewares\" to Application",
    "start": 1611305563396,
    "end": 1611305563507,
    "duration": 111,
    "pid": 16372,
    "index": 58
  },
  {
    "name": "Load Controller",
    "start": 1611305563522,
    "end": 1611305563525,
    "duration": 3,
    "pid": 16372,
    "index": 59
  },
  {
    "name": "Load \"controller\" to Application",
    "start": 1611305563522,
    "end": 1611305563525,
    "duration": 3,
    "pid": 16372,
    "index": 60
  },
  {
    "name": "Load Router",
    "start": 1611305563525,
    "end": 1611305563526,
    "duration": 1,
    "pid": 16372,
    "index": 61
  },
  {
    "name": "Require(44) app/router.js",
    "start": 1611305563525,
    "end": 1611305563525,
    "duration": 0,
    "pid": 16372,
    "index": 62
  },
  {
    "name": "Before Start in node_modules/_egg-core@4.20.0@egg-core/lib/egg.js:303:10",
    "start": 1611305563525,
    "end": 1611305563534,
    "duration": 9,
    "pid": 16372,
    "index": 63
  }
]