[
  {
    "name": "Process Start",
    "start": 1611305551292,
    "end": 1611305552580,
    "duration": 1288,
    "pid": 3512,
    "index": 0
  },
  {
    "name": "Application Start",
    "start": 1611305552582,
    "end": 1611305553087,
    "duration": 505,
    "pid": 3512,
    "index": 1
  },
  {
    "name": "Load Plugin",
    "start": 1611305552588,
    "end": 1611305552612,
    "duration": 24,
    "pid": 3512,
    "index": 2
  },
  {
    "name": "Load Config",
    "start": 1611305552612,
    "end": 1611305552639,
    "duration": 27,
    "pid": 3512,
    "index": 3
  },
  {
    "name": "Require(0) config/config.default.js",
    "start": 1611305552613,
    "end": 1611305552613,
    "duration": 0,
    "pid": 3512,
    "index": 4
  },
  {
    "name": "Require(1) node_modules/_egg-session@3.2.0@egg-session/config/config.default.js",
    "start": 1611305552615,
    "end": 1611305552616,
    "duration": 1,
    "pid": 3512,
    "index": 5
  },
  {
    "name": "Require(2) node_modules/_egg-security@2.8.0@egg-security/config/config.default.js",
    "start": 1611305552616,
    "end": 1611305552617,
    "duration": 1,
    "pid": 3512,
    "index": 6
  },
  {
    "name": "Require(3) node_modules/_egg-jsonp@2.0.0@egg-jsonp/config/config.default.js",
    "start": 1611305552618,
    "end": 1611305552619,
    "duration": 1,
    "pid": 3512,
    "index": 7
  },
  {
    "name": "Require(4) node_modules/_egg-onerror@2.1.0@egg-onerror/config/config.default.js",
    "start": 1611305552619,
    "end": 1611305552620,
    "duration": 1,
    "pid": 3512,
    "index": 8
  },
  {
    "name": "Require(5) node_modules/_egg-i18n@2.1.1@egg-i18n/config/config.default.js",
    "start": 1611305552621,
    "end": 1611305552621,
    "duration": 0,
    "pid": 3512,
    "index": 9
  },
  {
    "name": "Require(6) node_modules/_egg-watcher@3.1.1@egg-watcher/config/config.default.js",
    "start": 1611305552622,
    "end": 1611305552623,
    "duration": 1,
    "pid": 3512,
    "index": 10
  },
  {
    "name": "Require(7) node_modules/_egg-schedule@3.6.6@egg-schedule/config/config.default.js",
    "start": 1611305552623,
    "end": 1611305552624,
    "duration": 1,
    "pid": 3512,
    "index": 11
  },
  {
    "name": "Require(8) node_modules/_egg-multipart@2.10.3@egg-multipart/config/config.default.js",
    "start": 1611305552624,
    "end": 1611305552625,
    "duration": 1,
    "pid": 3512,
    "index": 12
  },
  {
    "name": "Require(9) node_modules/_egg-development@2.7.0@egg-development/config/config.default.js",
    "start": 1611305552626,
    "end": 1611305552626,
    "duration": 0,
    "pid": 3512,
    "index": 13
  },
  {
    "name": "Require(10) node_modules/_egg-logrotator@3.1.0@egg-logrotator/config/config.default.js",
    "start": 1611305552627,
    "end": 1611305552628,
    "duration": 1,
    "pid": 3512,
    "index": 14
  },
  {
    "name": "Require(11) node_modules/_egg-static@2.2.0@egg-static/config/config.default.js",
    "start": 1611305552628,
    "end": 1611305552629,
    "duration": 1,
    "pid": 3512,
    "index": 15
  },
  {
    "name": "Require(12) node_modules/_egg-view@2.1.3@egg-view/config/config.default.js",
    "start": 1611305552630,
    "end": 1611305552630,
    "duration": 0,
    "pid": 3512,
    "index": 16
  },
  {
    "name": "Require(13) node_modules/_egg@2.29.1@egg/config/config.default.js",
    "start": 1611305552631,
    "end": 1611305552631,
    "duration": 0,
    "pid": 3512,
    "index": 17
  },
  {
    "name": "Require(14) config/config.default.js",
    "start": 1611305552633,
    "end": 1611305552633,
    "duration": 0,
    "pid": 3512,
    "index": 18
  },
  {
    "name": "Require(15) node_modules/_egg-security@2.8.0@egg-security/config/config.local.js",
    "start": 1611305552634,
    "end": 1611305552634,
    "duration": 0,
    "pid": 3512,
    "index": 19
  },
  {
    "name": "Require(16) node_modules/_egg-watcher@3.1.1@egg-watcher/config/config.local.js",
    "start": 1611305552636,
    "end": 1611305552636,
    "duration": 0,
    "pid": 3512,
    "index": 20
  },
  {
    "name": "Require(17) node_modules/_egg-view@2.1.3@egg-view/config/config.local.js",
    "start": 1611305552638,
    "end": 1611305552638,
    "duration": 0,
    "pid": 3512,
    "index": 21
  },
  {
    "name": "Require(18) node_modules/_egg@2.29.1@egg/config/config.local.js",
    "start": 1611305552639,
    "end": 1611305552639,
    "duration": 0,
    "pid": 3512,
    "index": 22
  },
  {
    "name": "Load extend/application.js",
    "start": 1611305552641,
    "end": 1611305552661,
    "duration": 20,
    "pid": 3512,
    "index": 23
  },
  {
    "name": "Require(19) node_modules/_egg-session@3.2.0@egg-session/app/extend/application.js",
    "start": 1611305552641,
    "end": 1611305552642,
    "duration": 1,
    "pid": 3512,
    "index": 24
  },
  {
    "name": "Require(20) node_modules/_egg-security@2.8.0@egg-security/app/extend/application.js",
    "start": 1611305552642,
    "end": 1611305552644,
    "duration": 2,
    "pid": 3512,
    "index": 25
  },
  {
    "name": "Require(21) node_modules/_egg-jsonp@2.0.0@egg-jsonp/app/extend/application.js",
    "start": 1611305552644,
    "end": 1611305552647,
    "duration": 3,
    "pid": 3512,
    "index": 26
  },
  {
    "name": "Require(22) node_modules/_egg-logrotator@3.1.0@egg-logrotator/app/extend/application.js",
    "start": 1611305552650,
    "end": 1611305552654,
    "duration": 4,
    "pid": 3512,
    "index": 27
  },
  {
    "name": "Require(23) node_modules/_egg-view@2.1.3@egg-view/app/extend/application.js",
    "start": 1611305552655,
    "end": 1611305552657,
    "duration": 2,
    "pid": 3512,
    "index": 28
  },
  {
    "name": "Load extend/request.js",
    "start": 1611305552661,
    "end": 1611305552671,
    "duration": 10,
    "pid": 3512,
    "index": 29
  },
  {
    "name": "Require(24) node_modules/_egg@2.29.1@egg/app/extend/request.js",
    "start": 1611305552665,
    "end": 1611305552667,
    "duration": 2,
    "pid": 3512,
    "index": 30
  },
  {
    "name": "Load extend/response.js",
    "start": 1611305552671,
    "end": 1611305552683,
    "duration": 12,
    "pid": 3512,
    "index": 31
  },
  {
    "name": "Require(25) node_modules/_egg@2.29.1@egg/app/extend/response.js",
    "start": 1611305552676,
    "end": 1611305552679,
    "duration": 3,
    "pid": 3512,
    "index": 32
  },
  {
    "name": "Load extend/context.js",
    "start": 1611305552683,
    "end": 1611305552771,
    "duration": 88,
    "pid": 3512,
    "index": 33
  },
  {
    "name": "Require(26) node_modules/_egg-security@2.8.0@egg-security/app/extend/context.js",
    "start": 1611305552684,
    "end": 1611305552702,
    "duration": 18,
    "pid": 3512,
    "index": 34
  },
  {
    "name": "Require(27) node_modules/_egg-jsonp@2.0.0@egg-jsonp/app/extend/context.js",
    "start": 1611305552702,
    "end": 1611305552704,
    "duration": 2,
    "pid": 3512,
    "index": 35
  },
  {
    "name": "Require(28) node_modules/_egg-i18n@2.1.1@egg-i18n/app/extend/context.js",
    "start": 1611305552705,
    "end": 1611305552706,
    "duration": 1,
    "pid": 3512,
    "index": 36
  },
  {
    "name": "Require(29) node_modules/_egg-multipart@2.10.3@egg-multipart/app/extend/context.js",
    "start": 1611305552707,
    "end": 1611305552763,
    "duration": 56,
    "pid": 3512,
    "index": 37
  },
  {
    "name": "Require(30) node_modules/_egg-view@2.1.3@egg-view/app/extend/context.js",
    "start": 1611305552764,
    "end": 1611305552765,
    "duration": 1,
    "pid": 3512,
    "index": 38
  },
  {
    "name": "Require(31) node_modules/_egg@2.29.1@egg/app/extend/context.js",
    "start": 1611305552765,
    "end": 1611305552767,
    "duration": 2,
    "pid": 3512,
    "index": 39
  },
  {
    "name": "Load extend/helper.js",
    "start": 1611305552771,
    "end": 1611305552798,
    "duration": 27,
    "pid": 3512,
    "index": 40
  },
  {
    "name": "Require(32) node_modules/_egg-security@2.8.0@egg-security/app/extend/helper.js",
    "start": 1611305552771,
    "end": 1611305552791,
    "duration": 20,
    "pid": 3512,
    "index": 41
  },
  {
    "name": "Require(33) node_modules/_egg@2.29.1@egg/app/extend/helper.js",
    "start": 1611305552794,
    "end": 1611305552794,
    "duration": 0,
    "pid": 3512,
    "index": 42
  },
  {
    "name": "Load app.js",
    "start": 1611305552798,
    "end": 1611305552841,
    "duration": 43,
    "pid": 3512,
    "index": 43
  },
  {
    "name": "Require(34) node_modules/_egg-session@3.2.0@egg-session/app.js",
    "start": 1611305552799,
    "end": 1611305552799,
    "duration": 0,
    "pid": 3512,
    "index": 44
  },
  {
    "name": "Require(35) node_modules/_egg-security@2.8.0@egg-security/app.js",
    "start": 1611305552800,
    "end": 1611305552802,
    "duration": 2,
    "pid": 3512,
    "index": 45
  },
  {
    "name": "Require(36) node_modules/_egg-onerror@2.1.0@egg-onerror/app.js",
    "start": 1611305552803,
    "end": 1611305552817,
    "duration": 14,
    "pid": 3512,
    "index": 46
  },
  {
    "name": "Require(37) node_modules/_egg-i18n@2.1.1@egg-i18n/app.js",
    "start": 1611305552818,
    "end": 1611305552828,
    "duration": 10,
    "pid": 3512,
    "index": 47
  },
  {
    "name": "Require(38) node_modules/_egg-watcher@3.1.1@egg-watcher/app.js",
    "start": 1611305552828,
    "end": 1611305552834,
    "duration": 6,
    "pid": 3512,
    "index": 48
  },
  {
    "name": "Require(39) node_modules/_egg-schedule@3.6.6@egg-schedule/app.js",
    "start": 1611305552834,
    "end": 1611305552837,
    "duration": 3,
    "pid": 3512,
    "index": 49
  },
  {
    "name": "Require(40) node_modules/_egg-multipart@2.10.3@egg-multipart/app.js",
    "start": 1611305552837,
    "end": 1611305552838,
    "duration": 1,
    "pid": 3512,
    "index": 50
  },
  {
    "name": "Require(41) node_modules/_egg-development@2.7.0@egg-development/app.js",
    "start": 1611305552838,
    "end": 1611305552839,
    "duration": 1,
    "pid": 3512,
    "index": 51
  },
  {
    "name": "Require(42) node_modules/_egg-logrotator@3.1.0@egg-logrotator/app.js",
    "start": 1611305552839,
    "end": 1611305552839,
    "duration": 0,
    "pid": 3512,
    "index": 52
  },
  {
    "name": "Require(43) node_modules/_egg-static@2.2.0@egg-static/app.js",
    "start": 1611305552840,
    "end": 1611305552840,
    "duration": 0,
    "pid": 3512,
    "index": 53
  },
  {
    "name": "Before Start in node_modules/_egg-watcher@3.1.1@egg-watcher/lib/init.js:15:14",
    "start": 1611305552852,
    "end": 1611305553087,
    "duration": 235,
    "pid": 3512,
    "index": 54
  },
  {
    "name": "Load Service",
    "start": 1611305552892,
    "end": 1611305552901,
    "duration": 9,
    "pid": 3512,
    "index": 55
  },
  {
    "name": "Load \"service\" to Context",
    "start": 1611305552893,
    "end": 1611305552901,
    "duration": 8,
    "pid": 3512,
    "index": 56
  },
  {
    "name": "Load Middleware",
    "start": 1611305552901,
    "end": 1611305553062,
    "duration": 161,
    "pid": 3512,
    "index": 57
  },
  {
    "name": "Load \"middlewares\" to Application",
    "start": 1611305552901,
    "end": 1611305553043,
    "duration": 142,
    "pid": 3512,
    "index": 58
  },
  {
    "name": "Load Controller",
    "start": 1611305553062,
    "end": 1611305553066,
    "duration": 4,
    "pid": 3512,
    "index": 59
  },
  {
    "name": "Load \"controller\" to Application",
    "start": 1611305553063,
    "end": 1611305553066,
    "duration": 3,
    "pid": 3512,
    "index": 60
  },
  {
    "name": "Load Router",
    "start": 1611305553066,
    "end": 1611305553068,
    "duration": 2,
    "pid": 3512,
    "index": 61
  },
  {
    "name": "Require(44) app/router.js",
    "start": 1611305553066,
    "end": 1611305553067,
    "duration": 1,
    "pid": 3512,
    "index": 62
  },
  {
    "name": "Before Start in node_modules/_egg-core@4.20.0@egg-core/lib/egg.js:303:10",
    "start": 1611305553067,
    "end": 1611305553076,
    "duration": 9,
    "pid": 3512,
    "index": 63
  }
]