[
  {
    "name": "Process Start",
    "start": 1611305549531,
    "end": 1611305550749,
    "duration": 1218,
    "pid": 7244,
    "index": 0
  },
  {
    "name": "Application Start",
    "start": 1611305550750,
    "end": 1611305551254,
    "duration": 504,
    "pid": 7244,
    "index": 1
  },
  {
    "name": "Load Plugin",
    "start": 1611305550754,
    "end": 1611305550774,
    "duration": 20,
    "pid": 7244,
    "index": 2
  },
  {
    "name": "Load Config",
    "start": 1611305550775,
    "end": 1611305550818,
    "duration": 43,
    "pid": 7244,
    "index": 3
  },
  {
    "name": "Require(0) config/config.default.js",
    "start": 1611305550775,
    "end": 1611305550776,
    "duration": 1,
    "pid": 7244,
    "index": 4
  },
  {
    "name": "Require(1) node_modules/_egg-session@3.2.0@egg-session/config/config.default.js",
    "start": 1611305550777,
    "end": 1611305550778,
    "duration": 1,
    "pid": 7244,
    "index": 5
  },
  {
    "name": "Require(2) node_modules/_egg-security@2.8.0@egg-security/config/config.default.js",
    "start": 1611305550778,
    "end": 1611305550779,
    "duration": 1,
    "pid": 7244,
    "index": 6
  },
  {
    "name": "Require(3) node_modules/_egg-jsonp@2.0.0@egg-jsonp/config/config.default.js",
    "start": 1611305550780,
    "end": 1611305550781,
    "duration": 1,
    "pid": 7244,
    "index": 7
  },
  {
    "name": "Require(4) node_modules/_egg-onerror@2.1.0@egg-onerror/config/config.default.js",
    "start": 1611305550782,
    "end": 1611305550782,
    "duration": 0,
    "pid": 7244,
    "index": 8
  },
  {
    "name": "Require(5) node_modules/_egg-i18n@2.1.1@egg-i18n/config/config.default.js",
    "start": 1611305550783,
    "end": 1611305550784,
    "duration": 1,
    "pid": 7244,
    "index": 9
  },
  {
    "name": "Require(6) node_modules/_egg-watcher@3.1.1@egg-watcher/config/config.default.js",
    "start": 1611305550785,
    "end": 1611305550786,
    "duration": 1,
    "pid": 7244,
    "index": 10
  },
  {
    "name": "Require(7) node_modules/_egg-schedule@3.6.6@egg-schedule/config/config.default.js",
    "start": 1611305550787,
    "end": 1611305550787,
    "duration": 0,
    "pid": 7244,
    "index": 11
  },
  {
    "name": "Require(8) node_modules/_egg-multipart@2.10.3@egg-multipart/config/config.default.js",
    "start": 1611305550788,
    "end": 1611305550789,
    "duration": 1,
    "pid": 7244,
    "index": 12
  },
  {
    "name": "Require(9) node_modules/_egg-development@2.7.0@egg-development/config/config.default.js",
    "start": 1611305550790,
    "end": 1611305550791,
    "duration": 1,
    "pid": 7244,
    "index": 13
  },
  {
    "name": "Require(10) node_modules/_egg-logrotator@3.1.0@egg-logrotator/config/config.default.js",
    "start": 1611305550792,
    "end": 1611305550798,
    "duration": 6,
    "pid": 7244,
    "index": 14
  },
  {
    "name": "Require(11) node_modules/_egg-static@2.2.0@egg-static/config/config.default.js",
    "start": 1611305550803,
    "end": 1611305550804,
    "duration": 1,
    "pid": 7244,
    "index": 15
  },
  {
    "name": "Require(12) node_modules/_egg-view@2.1.3@egg-view/config/config.default.js",
    "start": 1611305550805,
    "end": 1611305550806,
    "duration": 1,
    "pid": 7244,
    "index": 16
  },
  {
    "name": "Require(13) node_modules/_egg@2.29.1@egg/config/config.default.js",
    "start": 1611305550807,
    "end": 1611305550808,
    "duration": 1,
    "pid": 7244,
    "index": 17
  },
  {
    "name": "Require(14) config/config.default.js",
    "start": 1611305550810,
    "end": 1611305550810,
    "duration": 0,
    "pid": 7244,
    "index": 18
  },
  {
    "name": "Require(15) node_modules/_egg-security@2.8.0@egg-security/config/config.local.js",
    "start": 1611305550812,
    "end": 1611305550812,
    "duration": 0,
    "pid": 7244,
    "index": 19
  },
  {
    "name": "Require(16) node_modules/_egg-watcher@3.1.1@egg-watcher/config/config.local.js",
    "start": 1611305550814,
    "end": 1611305550814,
    "duration": 0,
    "pid": 7244,
    "index": 20
  },
  {
    "name": "Require(17) node_modules/_egg-view@2.1.3@egg-view/config/config.local.js",
    "start": 1611305550817,
    "end": 1611305550817,
    "duration": 0,
    "pid": 7244,
    "index": 21
  },
  {
    "name": "Require(18) node_modules/_egg@2.29.1@egg/config/config.local.js",
    "start": 1611305550818,
    "end": 1611305550818,
    "duration": 0,
    "pid": 7244,
    "index": 22
  },
  {
    "name": "Load extend/application.js",
    "start": 1611305550819,
    "end": 1611305550848,
    "duration": 29,
    "pid": 7244,
    "index": 23
  },
  {
    "name": "Require(19) node_modules/_egg-session@3.2.0@egg-session/app/extend/application.js",
    "start": 1611305550820,
    "end": 1611305550821,
    "duration": 1,
    "pid": 7244,
    "index": 24
  },
  {
    "name": "Require(20) node_modules/_egg-security@2.8.0@egg-security/app/extend/application.js",
    "start": 1611305550822,
    "end": 1611305550824,
    "duration": 2,
    "pid": 7244,
    "index": 25
  },
  {
    "name": "Require(21) node_modules/_egg-jsonp@2.0.0@egg-jsonp/app/extend/application.js",
    "start": 1611305550825,
    "end": 1611305550829,
    "duration": 4,
    "pid": 7244,
    "index": 26
  },
  {
    "name": "Require(22) node_modules/_egg-logrotator@3.1.0@egg-logrotator/app/extend/application.js",
    "start": 1611305550832,
    "end": 1611305550838,
    "duration": 6,
    "pid": 7244,
    "index": 27
  },
  {
    "name": "Require(23) node_modules/_egg-view@2.1.3@egg-view/app/extend/application.js",
    "start": 1611305550839,
    "end": 1611305550843,
    "duration": 4,
    "pid": 7244,
    "index": 28
  },
  {
    "name": "Load extend/request.js",
    "start": 1611305550848,
    "end": 1611305550861,
    "duration": 13,
    "pid": 7244,
    "index": 29
  },
  {
    "name": "Require(24) node_modules/_egg@2.29.1@egg/app/extend/request.js",
    "start": 1611305550854,
    "end": 1611305550856,
    "duration": 2,
    "pid": 7244,
    "index": 30
  },
  {
    "name": "Load extend/response.js",
    "start": 1611305550861,
    "end": 1611305550877,
    "duration": 16,
    "pid": 7244,
    "index": 31
  },
  {
    "name": "Require(25) node_modules/_egg@2.29.1@egg/app/extend/response.js",
    "start": 1611305550869,
    "end": 1611305550873,
    "duration": 4,
    "pid": 7244,
    "index": 32
  },
  {
    "name": "Load extend/context.js",
    "start": 1611305550877,
    "end": 1611305550967,
    "duration": 90,
    "pid": 7244,
    "index": 33
  },
  {
    "name": "Require(26) node_modules/_egg-security@2.8.0@egg-security/app/extend/context.js",
    "start": 1611305550878,
    "end": 1611305550897,
    "duration": 19,
    "pid": 7244,
    "index": 34
  },
  {
    "name": "Require(27) node_modules/_egg-jsonp@2.0.0@egg-jsonp/app/extend/context.js",
    "start": 1611305550898,
    "end": 1611305550902,
    "duration": 4,
    "pid": 7244,
    "index": 35
  },
  {
    "name": "Require(28) node_modules/_egg-i18n@2.1.1@egg-i18n/app/extend/context.js",
    "start": 1611305550903,
    "end": 1611305550903,
    "duration": 0,
    "pid": 7244,
    "index": 36
  },
  {
    "name": "Require(29) node_modules/_egg-multipart@2.10.3@egg-multipart/app/extend/context.js",
    "start": 1611305550904,
    "end": 1611305550959,
    "duration": 55,
    "pid": 7244,
    "index": 37
  },
  {
    "name": "Require(30) node_modules/_egg-view@2.1.3@egg-view/app/extend/context.js",
    "start": 1611305550960,
    "end": 1611305550961,
    "duration": 1,
    "pid": 7244,
    "index": 38
  },
  {
    "name": "Require(31) node_modules/_egg@2.29.1@egg/app/extend/context.js",
    "start": 1611305550962,
    "end": 1611305550963,
    "duration": 1,
    "pid": 7244,
    "index": 39
  },
  {
    "name": "Load extend/helper.js",
    "start": 1611305550967,
    "end": 1611305550991,
    "duration": 24,
    "pid": 7244,
    "index": 40
  },
  {
    "name": "Require(32) node_modules/_egg-security@2.8.0@egg-security/app/extend/helper.js",
    "start": 1611305550968,
    "end": 1611305550985,
    "duration": 17,
    "pid": 7244,
    "index": 41
  },
  {
    "name": "Require(33) node_modules/_egg@2.29.1@egg/app/extend/helper.js",
    "start": 1611305550987,
    "end": 1611305550988,
    "duration": 1,
    "pid": 7244,
    "index": 42
  },
  {
    "name": "Load app.js",
    "start": 1611305550991,
    "end": 1611305551030,
    "duration": 39,
    "pid": 7244,
    "index": 43
  },
  {
    "name": "Require(34) node_modules/_egg-session@3.2.0@egg-session/app.js",
    "start": 1611305550991,
    "end": 1611305550992,
    "duration": 1,
    "pid": 7244,
    "index": 44
  },
  {
    "name": "Require(35) node_modules/_egg-security@2.8.0@egg-security/app.js",
    "start": 1611305550992,
    "end": 1611305550995,
    "duration": 3,
    "pid": 7244,
    "index": 45
  },
  {
    "name": "Require(36) node_modules/_egg-onerror@2.1.0@egg-onerror/app.js",
    "start": 1611305550996,
    "end": 1611305551008,
    "duration": 12,
    "pid": 7244,
    "index": 46
  },
  {
    "name": "Require(37) node_modules/_egg-i18n@2.1.1@egg-i18n/app.js",
    "start": 1611305551008,
    "end": 1611305551017,
    "duration": 9,
    "pid": 7244,
    "index": 47
  },
  {
    "name": "Require(38) node_modules/_egg-watcher@3.1.1@egg-watcher/app.js",
    "start": 1611305551018,
    "end": 1611305551023,
    "duration": 5,
    "pid": 7244,
    "index": 48
  },
  {
    "name": "Require(39) node_modules/_egg-schedule@3.6.6@egg-schedule/app.js",
    "start": 1611305551024,
    "end": 1611305551026,
    "duration": 2,
    "pid": 7244,
    "index": 49
  },
  {
    "name": "Require(40) node_modules/_egg-multipart@2.10.3@egg-multipart/app.js",
    "start": 1611305551026,
    "end": 1611305551027,
    "duration": 1,
    "pid": 7244,
    "index": 50
  },
  {
    "name": "Require(41) node_modules/_egg-development@2.7.0@egg-development/app.js",
    "start": 1611305551027,
    "end": 1611305551027,
    "duration": 0,
    "pid": 7244,
    "index": 51
  },
  {
    "name": "Require(42) node_modules/_egg-logrotator@3.1.0@egg-logrotator/app.js",
    "start": 1611305551028,
    "end": 1611305551028,
    "duration": 0,
    "pid": 7244,
    "index": 52
  },
  {
    "name": "Require(43) node_modules/_egg-static@2.2.0@egg-static/app.js",
    "start": 1611305551028,
    "end": 1611305551029,
    "duration": 1,
    "pid": 7244,
    "index": 53
  },
  {
    "name": "Before Start in node_modules/_egg-watcher@3.1.1@egg-watcher/lib/init.js:15:14",
    "start": 1611305551040,
    "end": 1611305551254,
    "duration": 214,
    "pid": 7244,
    "index": 54
  },
  {
    "name": "Load Service",
    "start": 1611305551074,
    "end": 1611305551080,
    "duration": 6,
    "pid": 7244,
    "index": 55
  },
  {
    "name": "Load \"service\" to Context",
    "start": 1611305551074,
    "end": 1611305551080,
    "duration": 6,
    "pid": 7244,
    "index": 56
  },
  {
    "name": "Load Middleware",
    "start": 1611305551080,
    "end": 1611305551236,
    "duration": 156,
    "pid": 7244,
    "index": 57
  },
  {
    "name": "Load \"middlewares\" to Application",
    "start": 1611305551080,
    "end": 1611305551220,
    "duration": 140,
    "pid": 7244,
    "index": 58
  },
  {
    "name": "Load Controller",
    "start": 1611305551236,
    "end": 1611305551238,
    "duration": 2,
    "pid": 7244,
    "index": 59
  },
  {
    "name": "Load \"controller\" to Application",
    "start": 1611305551236,
    "end": 1611305551238,
    "duration": 2,
    "pid": 7244,
    "index": 60
  },
  {
    "name": "Load Router",
    "start": 1611305551238,
    "end": 1611305551240,
    "duration": 2,
    "pid": 7244,
    "index": 61
  },
  {
    "name": "Require(44) app/router.js",
    "start": 1611305551239,
    "end": 1611305551239,
    "duration": 0,
    "pid": 7244,
    "index": 62
  },
  {
    "name": "Before Start in node_modules/_egg-core@4.20.0@egg-core/lib/egg.js:303:10",
    "start": 1611305551239,
    "end": 1611305551247,
    "duration": 8,
    "pid": 7244,
    "index": 63
  }
]