[
  {
    "name": "Process Start",
    "start": 1611390113966,
    "end": 1611390115071,
    "duration": 1105,
    "pid": 7892,
    "index": 0
  },
  {
    "name": "Application Start",
    "start": 1611390115071,
    "end": 1611390115558,
    "duration": 487,
    "pid": 7892,
    "index": 1
  },
  {
    "name": "Load Plugin",
    "start": 1611390115075,
    "end": 1611390115094,
    "duration": 19,
    "pid": 7892,
    "index": 2
  },
  {
    "name": "Load Config",
    "start": 1611390115094,
    "end": 1611390115113,
    "duration": 19,
    "pid": 7892,
    "index": 3
  },
  {
    "name": "Require(0) config/config.default.js",
    "start": 1611390115094,
    "end": 1611390115095,
    "duration": 1,
    "pid": 7892,
    "index": 4
  },
  {
    "name": "Require(1) node_modules/_egg-session@3.2.0@egg-session/config/config.default.js",
    "start": 1611390115096,
    "end": 1611390115096,
    "duration": 0,
    "pid": 7892,
    "index": 5
  },
  {
    "name": "Require(2) node_modules/_egg-security@2.8.0@egg-security/config/config.default.js",
    "start": 1611390115097,
    "end": 1611390115097,
    "duration": 0,
    "pid": 7892,
    "index": 6
  },
  {
    "name": "Require(3) node_modules/_egg-jsonp@2.0.0@egg-jsonp/config/config.default.js",
    "start": 1611390115098,
    "end": 1611390115098,
    "duration": 0,
    "pid": 7892,
    "index": 7
  },
  {
    "name": "Require(4) node_modules/_egg-onerror@2.1.0@egg-onerror/config/config.default.js",
    "start": 1611390115099,
    "end": 1611390115099,
    "duration": 0,
    "pid": 7892,
    "index": 8
  },
  {
    "name": "Require(5) node_modules/_egg-i18n@2.1.1@egg-i18n/config/config.default.js",
    "start": 1611390115100,
    "end": 1611390115100,
    "duration": 0,
    "pid": 7892,
    "index": 9
  },
  {
    "name": "Require(6) node_modules/_egg-watcher@3.1.1@egg-watcher/config/config.default.js",
    "start": 1611390115101,
    "end": 1611390115101,
    "duration": 0,
    "pid": 7892,
    "index": 10
  },
  {
    "name": "Require(7) node_modules/_egg-schedule@3.6.6@egg-schedule/config/config.default.js",
    "start": 1611390115102,
    "end": 1611390115102,
    "duration": 0,
    "pid": 7892,
    "index": 11
  },
  {
    "name": "Require(8) node_modules/_egg-multipart@2.10.3@egg-multipart/config/config.default.js",
    "start": 1611390115102,
    "end": 1611390115103,
    "duration": 1,
    "pid": 7892,
    "index": 12
  },
  {
    "name": "Require(9) node_modules/_egg-development@2.7.0@egg-development/config/config.default.js",
    "start": 1611390115103,
    "end": 1611390115104,
    "duration": 1,
    "pid": 7892,
    "index": 13
  },
  {
    "name": "Require(10) node_modules/_egg-logrotator@3.1.0@egg-logrotator/config/config.default.js",
    "start": 1611390115104,
    "end": 1611390115105,
    "duration": 1,
    "pid": 7892,
    "index": 14
  },
  {
    "name": "Require(11) node_modules/_egg-static@2.2.0@egg-static/config/config.default.js",
    "start": 1611390115105,
    "end": 1611390115105,
    "duration": 0,
    "pid": 7892,
    "index": 15
  },
  {
    "name": "Require(12) node_modules/_egg-view@2.1.3@egg-view/config/config.default.js",
    "start": 1611390115106,
    "end": 1611390115106,
    "duration": 0,
    "pid": 7892,
    "index": 16
  },
  {
    "name": "Require(13) node_modules/_egg@2.29.1@egg/config/config.default.js",
    "start": 1611390115107,
    "end": 1611390115107,
    "duration": 0,
    "pid": 7892,
    "index": 17
  },
  {
    "name": "Require(14) config/config.default.js",
    "start": 1611390115108,
    "end": 1611390115108,
    "duration": 0,
    "pid": 7892,
    "index": 18
  },
  {
    "name": "Require(15) node_modules/_egg-security@2.8.0@egg-security/config/config.local.js",
    "start": 1611390115109,
    "end": 1611390115109,
    "duration": 0,
    "pid": 7892,
    "index": 19
  },
  {
    "name": "Require(16) node_modules/_egg-watcher@3.1.1@egg-watcher/config/config.local.js",
    "start": 1611390115110,
    "end": 1611390115110,
    "duration": 0,
    "pid": 7892,
    "index": 20
  },
  {
    "name": "Require(17) node_modules/_egg-view@2.1.3@egg-view/config/config.local.js",
    "start": 1611390115112,
    "end": 1611390115112,
    "duration": 0,
    "pid": 7892,
    "index": 21
  },
  {
    "name": "Require(18) node_modules/_egg@2.29.1@egg/config/config.local.js",
    "start": 1611390115112,
    "end": 1611390115113,
    "duration": 1,
    "pid": 7892,
    "index": 22
  },
  {
    "name": "Load extend/application.js",
    "start": 1611390115114,
    "end": 1611390115129,
    "duration": 15,
    "pid": 7892,
    "index": 23
  },
  {
    "name": "Require(19) node_modules/_egg-session@3.2.0@egg-session/app/extend/application.js",
    "start": 1611390115114,
    "end": 1611390115115,
    "duration": 1,
    "pid": 7892,
    "index": 24
  },
  {
    "name": "Require(20) node_modules/_egg-security@2.8.0@egg-security/app/extend/application.js",
    "start": 1611390115115,
    "end": 1611390115116,
    "duration": 1,
    "pid": 7892,
    "index": 25
  },
  {
    "name": "Require(21) node_modules/_egg-jsonp@2.0.0@egg-jsonp/app/extend/application.js",
    "start": 1611390115117,
    "end": 1611390115119,
    "duration": 2,
    "pid": 7892,
    "index": 26
  },
  {
    "name": "Require(22) node_modules/_egg-logrotator@3.1.0@egg-logrotator/app/extend/application.js",
    "start": 1611390115120,
    "end": 1611390115123,
    "duration": 3,
    "pid": 7892,
    "index": 27
  },
  {
    "name": "Require(23) node_modules/_egg-view@2.1.3@egg-view/app/extend/application.js",
    "start": 1611390115124,
    "end": 1611390115126,
    "duration": 2,
    "pid": 7892,
    "index": 28
  },
  {
    "name": "Load extend/request.js",
    "start": 1611390115129,
    "end": 1611390115141,
    "duration": 12,
    "pid": 7892,
    "index": 29
  },
  {
    "name": "Require(24) node_modules/_egg@2.29.1@egg/app/extend/request.js",
    "start": 1611390115133,
    "end": 1611390115136,
    "duration": 3,
    "pid": 7892,
    "index": 30
  },
  {
    "name": "Load extend/response.js",
    "start": 1611390115142,
    "end": 1611390115162,
    "duration": 20,
    "pid": 7892,
    "index": 31
  },
  {
    "name": "Require(25) node_modules/_egg@2.29.1@egg/app/extend/response.js",
    "start": 1611390115151,
    "end": 1611390115158,
    "duration": 7,
    "pid": 7892,
    "index": 32
  },
  {
    "name": "Load extend/context.js",
    "start": 1611390115162,
    "end": 1611390115230,
    "duration": 68,
    "pid": 7892,
    "index": 33
  },
  {
    "name": "Require(26) node_modules/_egg-security@2.8.0@egg-security/app/extend/context.js",
    "start": 1611390115162,
    "end": 1611390115176,
    "duration": 14,
    "pid": 7892,
    "index": 34
  },
  {
    "name": "Require(27) node_modules/_egg-jsonp@2.0.0@egg-jsonp/app/extend/context.js",
    "start": 1611390115176,
    "end": 1611390115178,
    "duration": 2,
    "pid": 7892,
    "index": 35
  },
  {
    "name": "Require(28) node_modules/_egg-i18n@2.1.1@egg-i18n/app/extend/context.js",
    "start": 1611390115178,
    "end": 1611390115179,
    "duration": 1,
    "pid": 7892,
    "index": 36
  },
  {
    "name": "Require(29) node_modules/_egg-multipart@2.10.3@egg-multipart/app/extend/context.js",
    "start": 1611390115179,
    "end": 1611390115224,
    "duration": 45,
    "pid": 7892,
    "index": 37
  },
  {
    "name": "Require(30) node_modules/_egg-view@2.1.3@egg-view/app/extend/context.js",
    "start": 1611390115225,
    "end": 1611390115226,
    "duration": 1,
    "pid": 7892,
    "index": 38
  },
  {
    "name": "Require(31) node_modules/_egg@2.29.1@egg/app/extend/context.js",
    "start": 1611390115226,
    "end": 1611390115228,
    "duration": 2,
    "pid": 7892,
    "index": 39
  },
  {
    "name": "Load extend/helper.js",
    "start": 1611390115230,
    "end": 1611390115251,
    "duration": 21,
    "pid": 7892,
    "index": 40
  },
  {
    "name": "Require(32) node_modules/_egg-security@2.8.0@egg-security/app/extend/helper.js",
    "start": 1611390115231,
    "end": 1611390115246,
    "duration": 15,
    "pid": 7892,
    "index": 41
  },
  {
    "name": "Require(33) node_modules/_egg@2.29.1@egg/app/extend/helper.js",
    "start": 1611390115249,
    "end": 1611390115249,
    "duration": 0,
    "pid": 7892,
    "index": 42
  },
  {
    "name": "Load app.js",
    "start": 1611390115252,
    "end": 1611390115284,
    "duration": 32,
    "pid": 7892,
    "index": 43
  },
  {
    "name": "Require(34) node_modules/_egg-session@3.2.0@egg-session/app.js",
    "start": 1611390115252,
    "end": 1611390115252,
    "duration": 0,
    "pid": 7892,
    "index": 44
  },
  {
    "name": "Require(35) node_modules/_egg-security@2.8.0@egg-security/app.js",
    "start": 1611390115253,
    "end": 1611390115254,
    "duration": 1,
    "pid": 7892,
    "index": 45
  },
  {
    "name": "Require(36) node_modules/_egg-onerror@2.1.0@egg-onerror/app.js",
    "start": 1611390115255,
    "end": 1611390115265,
    "duration": 10,
    "pid": 7892,
    "index": 46
  },
  {
    "name": "Require(37) node_modules/_egg-i18n@2.1.1@egg-i18n/app.js",
    "start": 1611390115266,
    "end": 1611390115273,
    "duration": 7,
    "pid": 7892,
    "index": 47
  },
  {
    "name": "Require(38) node_modules/_egg-watcher@3.1.1@egg-watcher/app.js",
    "start": 1611390115274,
    "end": 1611390115278,
    "duration": 4,
    "pid": 7892,
    "index": 48
  },
  {
    "name": "Require(39) node_modules/_egg-schedule@3.6.6@egg-schedule/app.js",
    "start": 1611390115278,
    "end": 1611390115280,
    "duration": 2,
    "pid": 7892,
    "index": 49
  },
  {
    "name": "Require(40) node_modules/_egg-multipart@2.10.3@egg-multipart/app.js",
    "start": 1611390115280,
    "end": 1611390115281,
    "duration": 1,
    "pid": 7892,
    "index": 50
  },
  {
    "name": "Require(41) node_modules/_egg-development@2.7.0@egg-development/app.js",
    "start": 1611390115281,
    "end": 1611390115282,
    "duration": 1,
    "pid": 7892,
    "index": 51
  },
  {
    "name": "Require(42) node_modules/_egg-logrotator@3.1.0@egg-logrotator/app.js",
    "start": 1611390115282,
    "end": 1611390115282,
    "duration": 0,
    "pid": 7892,
    "index": 52
  },
  {
    "name": "Require(43) node_modules/_egg-static@2.2.0@egg-static/app.js",
    "start": 1611390115283,
    "end": 1611390115283,
    "duration": 0,
    "pid": 7892,
    "index": 53
  },
  {
    "name": "Before Start in node_modules/_egg-watcher@3.1.1@egg-watcher/lib/init.js:15:14",
    "start": 1611390115292,
    "end": 1611390115558,
    "duration": 266,
    "pid": 7892,
    "index": 54
  },
  {
    "name": "Load Service",
    "start": 1611390115426,
    "end": 1611390115432,
    "duration": 6,
    "pid": 7892,
    "index": 55
  },
  {
    "name": "Load \"service\" to Context",
    "start": 1611390115426,
    "end": 1611390115432,
    "duration": 6,
    "pid": 7892,
    "index": 56
  },
  {
    "name": "Load Middleware",
    "start": 1611390115432,
    "end": 1611390115541,
    "duration": 109,
    "pid": 7892,
    "index": 57
  },
  {
    "name": "Load \"middlewares\" to Application",
    "start": 1611390115432,
    "end": 1611390115526,
    "duration": 94,
    "pid": 7892,
    "index": 58
  },
  {
    "name": "Load Controller",
    "start": 1611390115541,
    "end": 1611390115542,
    "duration": 1,
    "pid": 7892,
    "index": 59
  },
  {
    "name": "Load \"controller\" to Application",
    "start": 1611390115541,
    "end": 1611390115542,
    "duration": 1,
    "pid": 7892,
    "index": 60
  },
  {
    "name": "Load Router",
    "start": 1611390115542,
    "end": 1611390115544,
    "duration": 2,
    "pid": 7892,
    "index": 61
  },
  {
    "name": "Require(44) app/router.js",
    "start": 1611390115543,
    "end": 1611390115543,
    "duration": 0,
    "pid": 7892,
    "index": 62
  },
  {
    "name": "Before Start in node_modules/_egg-core@4.20.0@egg-core/lib/egg.js:303:10",
    "start": 1611390115543,
    "end": 1611390115550,
    "duration": 7,
    "pid": 7892,
    "index": 63
  }
]