[
  {
    "name": "Process Start",
    "start": 1611386220938,
    "end": 1611386221950,
    "duration": 1012,
    "pid": 14992,
    "index": 0
  },
  {
    "name": "Application Start",
    "start": 1611386221950,
    "end": 1611386222333,
    "duration": 383,
    "pid": 14992,
    "index": 1
  },
  {
    "name": "Load Plugin",
    "start": 1611386221954,
    "end": 1611386221971,
    "duration": 17,
    "pid": 14992,
    "index": 2
  },
  {
    "name": "Load Config",
    "start": 1611386221971,
    "end": 1611386221992,
    "duration": 21,
    "pid": 14992,
    "index": 3
  },
  {
    "name": "Require(0) config/config.default.js",
    "start": 1611386221972,
    "end": 1611386221972,
    "duration": 0,
    "pid": 14992,
    "index": 4
  },
  {
    "name": "Require(1) node_modules/_egg-session@3.2.0@egg-session/config/config.default.js",
    "start": 1611386221973,
    "end": 1611386221974,
    "duration": 1,
    "pid": 14992,
    "index": 5
  },
  {
    "name": "Require(2) node_modules/_egg-security@2.8.0@egg-security/config/config.default.js",
    "start": 1611386221974,
    "end": 1611386221974,
    "duration": 0,
    "pid": 14992,
    "index": 6
  },
  {
    "name": "Require(3) node_modules/_egg-jsonp@2.0.0@egg-jsonp/config/config.default.js",
    "start": 1611386221975,
    "end": 1611386221976,
    "duration": 1,
    "pid": 14992,
    "index": 7
  },
  {
    "name": "Require(4) node_modules/_egg-onerror@2.1.0@egg-onerror/config/config.default.js",
    "start": 1611386221976,
    "end": 1611386221976,
    "duration": 0,
    "pid": 14992,
    "index": 8
  },
  {
    "name": "Require(5) node_modules/_egg-i18n@2.1.1@egg-i18n/config/config.default.js",
    "start": 1611386221977,
    "end": 1611386221978,
    "duration": 1,
    "pid": 14992,
    "index": 9
  },
  {
    "name": "Require(6) node_modules/_egg-watcher@3.1.1@egg-watcher/config/config.default.js",
    "start": 1611386221979,
    "end": 1611386221979,
    "duration": 0,
    "pid": 14992,
    "index": 10
  },
  {
    "name": "Require(7) node_modules/_egg-schedule@3.6.6@egg-schedule/config/config.default.js",
    "start": 1611386221980,
    "end": 1611386221980,
    "duration": 0,
    "pid": 14992,
    "index": 11
  },
  {
    "name": "Require(8) node_modules/_egg-multipart@2.10.3@egg-multipart/config/config.default.js",
    "start": 1611386221980,
    "end": 1611386221981,
    "duration": 1,
    "pid": 14992,
    "index": 12
  },
  {
    "name": "Require(9) node_modules/_egg-development@2.7.0@egg-development/config/config.default.js",
    "start": 1611386221981,
    "end": 1611386221982,
    "duration": 1,
    "pid": 14992,
    "index": 13
  },
  {
    "name": "Require(10) node_modules/_egg-logrotator@3.1.0@egg-logrotator/config/config.default.js",
    "start": 1611386221982,
    "end": 1611386221982,
    "duration": 0,
    "pid": 14992,
    "index": 14
  },
  {
    "name": "Require(11) node_modules/_egg-static@2.2.0@egg-static/config/config.default.js",
    "start": 1611386221983,
    "end": 1611386221983,
    "duration": 0,
    "pid": 14992,
    "index": 15
  },
  {
    "name": "Require(12) node_modules/_egg-view@2.1.3@egg-view/config/config.default.js",
    "start": 1611386221984,
    "end": 1611386221984,
    "duration": 0,
    "pid": 14992,
    "index": 16
  },
  {
    "name": "Require(13) node_modules/_egg-view-ejs@2.0.1@egg-view-ejs/config/config.default.js",
    "start": 1611386221984,
    "end": 1611386221985,
    "duration": 1,
    "pid": 14992,
    "index": 17
  },
  {
    "name": "Require(14) node_modules/_egg@2.29.1@egg/config/config.default.js",
    "start": 1611386221985,
    "end": 1611386221986,
    "duration": 1,
    "pid": 14992,
    "index": 18
  },
  {
    "name": "Require(15) config/config.default.js",
    "start": 1611386221987,
    "end": 1611386221987,
    "duration": 0,
    "pid": 14992,
    "index": 19
  },
  {
    "name": "Require(16) node_modules/_egg-security@2.8.0@egg-security/config/config.local.js",
    "start": 1611386221987,
    "end": 1611386221987,
    "duration": 0,
    "pid": 14992,
    "index": 20
  },
  {
    "name": "Require(17) node_modules/_egg-watcher@3.1.1@egg-watcher/config/config.local.js",
    "start": 1611386221989,
    "end": 1611386221989,
    "duration": 0,
    "pid": 14992,
    "index": 21
  },
  {
    "name": "Require(18) node_modules/_egg-view@2.1.3@egg-view/config/config.local.js",
    "start": 1611386221990,
    "end": 1611386221990,
    "duration": 0,
    "pid": 14992,
    "index": 22
  },
  {
    "name": "Require(19) node_modules/_egg-view-ejs@2.0.1@egg-view-ejs/config/config.local.js",
    "start": 1611386221991,
    "end": 1611386221991,
    "duration": 0,
    "pid": 14992,
    "index": 23
  },
  {
    "name": "Require(20) node_modules/_egg@2.29.1@egg/config/config.local.js",
    "start": 1611386221991,
    "end": 1611386221992,
    "duration": 1,
    "pid": 14992,
    "index": 24
  },
  {
    "name": "Load extend/application.js",
    "start": 1611386221993,
    "end": 1611386222007,
    "duration": 14,
    "pid": 14992,
    "index": 25
  },
  {
    "name": "Require(21) node_modules/_egg-session@3.2.0@egg-session/app/extend/application.js",
    "start": 1611386221993,
    "end": 1611386221993,
    "duration": 0,
    "pid": 14992,
    "index": 26
  },
  {
    "name": "Require(22) node_modules/_egg-security@2.8.0@egg-security/app/extend/application.js",
    "start": 1611386221994,
    "end": 1611386221995,
    "duration": 1,
    "pid": 14992,
    "index": 27
  },
  {
    "name": "Require(23) node_modules/_egg-jsonp@2.0.0@egg-jsonp/app/extend/application.js",
    "start": 1611386221995,
    "end": 1611386221997,
    "duration": 2,
    "pid": 14992,
    "index": 28
  },
  {
    "name": "Require(24) node_modules/_egg-logrotator@3.1.0@egg-logrotator/app/extend/application.js",
    "start": 1611386221998,
    "end": 1611386222001,
    "duration": 3,
    "pid": 14992,
    "index": 29
  },
  {
    "name": "Require(25) node_modules/_egg-view@2.1.3@egg-view/app/extend/application.js",
    "start": 1611386222002,
    "end": 1611386222004,
    "duration": 2,
    "pid": 14992,
    "index": 30
  },
  {
    "name": "Load extend/request.js",
    "start": 1611386222007,
    "end": 1611386222013,
    "duration": 6,
    "pid": 14992,
    "index": 31
  },
  {
    "name": "Require(26) node_modules/_egg@2.29.1@egg/app/extend/request.js",
    "start": 1611386222009,
    "end": 1611386222011,
    "duration": 2,
    "pid": 14992,
    "index": 32
  },
  {
    "name": "Load extend/response.js",
    "start": 1611386222013,
    "end": 1611386222023,
    "duration": 10,
    "pid": 14992,
    "index": 33
  },
  {
    "name": "Require(27) node_modules/_egg@2.29.1@egg/app/extend/response.js",
    "start": 1611386222018,
    "end": 1611386222020,
    "duration": 2,
    "pid": 14992,
    "index": 34
  },
  {
    "name": "Load extend/context.js",
    "start": 1611386222023,
    "end": 1611386222087,
    "duration": 64,
    "pid": 14992,
    "index": 35
  },
  {
    "name": "Require(28) node_modules/_egg-security@2.8.0@egg-security/app/extend/context.js",
    "start": 1611386222023,
    "end": 1611386222036,
    "duration": 13,
    "pid": 14992,
    "index": 36
  },
  {
    "name": "Require(29) node_modules/_egg-jsonp@2.0.0@egg-jsonp/app/extend/context.js",
    "start": 1611386222037,
    "end": 1611386222038,
    "duration": 1,
    "pid": 14992,
    "index": 37
  },
  {
    "name": "Require(30) node_modules/_egg-i18n@2.1.1@egg-i18n/app/extend/context.js",
    "start": 1611386222039,
    "end": 1611386222039,
    "duration": 0,
    "pid": 14992,
    "index": 38
  },
  {
    "name": "Require(31) node_modules/_egg-multipart@2.10.3@egg-multipart/app/extend/context.js",
    "start": 1611386222040,
    "end": 1611386222081,
    "duration": 41,
    "pid": 14992,
    "index": 39
  },
  {
    "name": "Require(32) node_modules/_egg-view@2.1.3@egg-view/app/extend/context.js",
    "start": 1611386222082,
    "end": 1611386222082,
    "duration": 0,
    "pid": 14992,
    "index": 40
  },
  {
    "name": "Require(33) node_modules/_egg@2.29.1@egg/app/extend/context.js",
    "start": 1611386222083,
    "end": 1611386222084,
    "duration": 1,
    "pid": 14992,
    "index": 41
  },
  {
    "name": "Load extend/helper.js",
    "start": 1611386222087,
    "end": 1611386222107,
    "duration": 20,
    "pid": 14992,
    "index": 42
  },
  {
    "name": "Require(34) node_modules/_egg-security@2.8.0@egg-security/app/extend/helper.js",
    "start": 1611386222087,
    "end": 1611386222102,
    "duration": 15,
    "pid": 14992,
    "index": 43
  },
  {
    "name": "Require(35) node_modules/_egg@2.29.1@egg/app/extend/helper.js",
    "start": 1611386222104,
    "end": 1611386222105,
    "duration": 1,
    "pid": 14992,
    "index": 44
  },
  {
    "name": "Load app.js",
    "start": 1611386222108,
    "end": 1611386222138,
    "duration": 30,
    "pid": 14992,
    "index": 45
  },
  {
    "name": "Require(36) node_modules/_egg-session@3.2.0@egg-session/app.js",
    "start": 1611386222108,
    "end": 1611386222108,
    "duration": 0,
    "pid": 14992,
    "index": 46
  },
  {
    "name": "Require(37) node_modules/_egg-security@2.8.0@egg-security/app.js",
    "start": 1611386222108,
    "end": 1611386222110,
    "duration": 2,
    "pid": 14992,
    "index": 47
  },
  {
    "name": "Require(38) node_modules/_egg-onerror@2.1.0@egg-onerror/app.js",
    "start": 1611386222111,
    "end": 1611386222120,
    "duration": 9,
    "pid": 14992,
    "index": 48
  },
  {
    "name": "Require(39) node_modules/_egg-i18n@2.1.1@egg-i18n/app.js",
    "start": 1611386222121,
    "end": 1611386222128,
    "duration": 7,
    "pid": 14992,
    "index": 49
  },
  {
    "name": "Require(40) node_modules/_egg-watcher@3.1.1@egg-watcher/app.js",
    "start": 1611386222128,
    "end": 1611386222132,
    "duration": 4,
    "pid": 14992,
    "index": 50
  },
  {
    "name": "Require(41) node_modules/_egg-schedule@3.6.6@egg-schedule/app.js",
    "start": 1611386222132,
    "end": 1611386222134,
    "duration": 2,
    "pid": 14992,
    "index": 51
  },
  {
    "name": "Require(42) node_modules/_egg-multipart@2.10.3@egg-multipart/app.js",
    "start": 1611386222135,
    "end": 1611386222135,
    "duration": 0,
    "pid": 14992,
    "index": 52
  },
  {
    "name": "Require(43) node_modules/_egg-development@2.7.0@egg-development/app.js",
    "start": 1611386222135,
    "end": 1611386222136,
    "duration": 1,
    "pid": 14992,
    "index": 53
  },
  {
    "name": "Require(44) node_modules/_egg-logrotator@3.1.0@egg-logrotator/app.js",
    "start": 1611386222136,
    "end": 1611386222136,
    "duration": 0,
    "pid": 14992,
    "index": 54
  },
  {
    "name": "Require(45) node_modules/_egg-static@2.2.0@egg-static/app.js",
    "start": 1611386222136,
    "end": 1611386222137,
    "duration": 1,
    "pid": 14992,
    "index": 55
  },
  {
    "name": "Require(46) node_modules/_egg-view-ejs@2.0.1@egg-view-ejs/app.js",
    "start": 1611386222137,
    "end": 1611386222138,
    "duration": 1,
    "pid": 14992,
    "index": 56
  },
  {
    "name": "Before Start in node_modules/_egg-watcher@3.1.1@egg-watcher/lib/init.js:15:14",
    "start": 1611386222146,
    "end": 1611386222333,
    "duration": 187,
    "pid": 14992,
    "index": 57
  },
  {
    "name": "Load Service",
    "start": 1611386222176,
    "end": 1611386222180,
    "duration": 4,
    "pid": 14992,
    "index": 58
  },
  {
    "name": "Load \"service\" to Context",
    "start": 1611386222176,
    "end": 1611386222180,
    "duration": 4,
    "pid": 14992,
    "index": 59
  },
  {
    "name": "Load Middleware",
    "start": 1611386222180,
    "end": 1611386222307,
    "duration": 127,
    "pid": 14992,
    "index": 60
  },
  {
    "name": "Load \"middlewares\" to Application",
    "start": 1611386222180,
    "end": 1611386222284,
    "duration": 104,
    "pid": 14992,
    "index": 61
  },
  {
    "name": "Load Controller",
    "start": 1611386222307,
    "end": 1611386222312,
    "duration": 5,
    "pid": 14992,
    "index": 62
  },
  {
    "name": "Load \"controller\" to Application",
    "start": 1611386222307,
    "end": 1611386222312,
    "duration": 5,
    "pid": 14992,
    "index": 63
  },
  {
    "name": "Load Router",
    "start": 1611386222312,
    "end": 1611386222316,
    "duration": 4,
    "pid": 14992,
    "index": 64
  },
  {
    "name": "Require(47) app/router.js",
    "start": 1611386222313,
    "end": 1611386222313,
    "duration": 0,
    "pid": 14992,
    "index": 65
  },
  {
    "name": "Before Start in node_modules/_egg-core@4.20.0@egg-core/lib/egg.js:303:10",
    "start": 1611386222314,
    "end": 1611386222325,
    "duration": 11,
    "pid": 14992,
    "index": 66
  }
]