[
  {
    "name": "Process Start",
    "start": 1611386317091,
    "end": 1611386318042,
    "duration": 951,
    "pid": 10676,
    "index": 0
  },
  {
    "name": "Application Start",
    "start": 1611386318043,
    "end": 1611386318432,
    "duration": 389,
    "pid": 10676,
    "index": 1
  },
  {
    "name": "Load Plugin",
    "start": 1611386318046,
    "end": 1611386318064,
    "duration": 18,
    "pid": 10676,
    "index": 2
  },
  {
    "name": "Load Config",
    "start": 1611386318064,
    "end": 1611386318084,
    "duration": 20,
    "pid": 10676,
    "index": 3
  },
  {
    "name": "Require(0) config/config.default.js",
    "start": 1611386318064,
    "end": 1611386318065,
    "duration": 1,
    "pid": 10676,
    "index": 4
  },
  {
    "name": "Require(1) node_modules/_egg-session@3.2.0@egg-session/config/config.default.js",
    "start": 1611386318066,
    "end": 1611386318067,
    "duration": 1,
    "pid": 10676,
    "index": 5
  },
  {
    "name": "Require(2) node_modules/_egg-security@2.8.0@egg-security/config/config.default.js",
    "start": 1611386318067,
    "end": 1611386318067,
    "duration": 0,
    "pid": 10676,
    "index": 6
  },
  {
    "name": "Require(3) node_modules/_egg-jsonp@2.0.0@egg-jsonp/config/config.default.js",
    "start": 1611386318068,
    "end": 1611386318069,
    "duration": 1,
    "pid": 10676,
    "index": 7
  },
  {
    "name": "Require(4) node_modules/_egg-onerror@2.1.0@egg-onerror/config/config.default.js",
    "start": 1611386318069,
    "end": 1611386318070,
    "duration": 1,
    "pid": 10676,
    "index": 8
  },
  {
    "name": "Require(5) node_modules/_egg-i18n@2.1.1@egg-i18n/config/config.default.js",
    "start": 1611386318070,
    "end": 1611386318070,
    "duration": 0,
    "pid": 10676,
    "index": 9
  },
  {
    "name": "Require(6) node_modules/_egg-watcher@3.1.1@egg-watcher/config/config.default.js",
    "start": 1611386318071,
    "end": 1611386318071,
    "duration": 0,
    "pid": 10676,
    "index": 10
  },
  {
    "name": "Require(7) node_modules/_egg-schedule@3.6.6@egg-schedule/config/config.default.js",
    "start": 1611386318072,
    "end": 1611386318072,
    "duration": 0,
    "pid": 10676,
    "index": 11
  },
  {
    "name": "Require(8) node_modules/_egg-multipart@2.10.3@egg-multipart/config/config.default.js",
    "start": 1611386318073,
    "end": 1611386318073,
    "duration": 0,
    "pid": 10676,
    "index": 12
  },
  {
    "name": "Require(9) node_modules/_egg-development@2.7.0@egg-development/config/config.default.js",
    "start": 1611386318074,
    "end": 1611386318074,
    "duration": 0,
    "pid": 10676,
    "index": 13
  },
  {
    "name": "Require(10) node_modules/_egg-logrotator@3.1.0@egg-logrotator/config/config.default.js",
    "start": 1611386318075,
    "end": 1611386318075,
    "duration": 0,
    "pid": 10676,
    "index": 14
  },
  {
    "name": "Require(11) node_modules/_egg-static@2.2.0@egg-static/config/config.default.js",
    "start": 1611386318075,
    "end": 1611386318076,
    "duration": 1,
    "pid": 10676,
    "index": 15
  },
  {
    "name": "Require(12) node_modules/_egg-view@2.1.3@egg-view/config/config.default.js",
    "start": 1611386318076,
    "end": 1611386318077,
    "duration": 1,
    "pid": 10676,
    "index": 16
  },
  {
    "name": "Require(13) node_modules/_egg-view-ejs@2.0.1@egg-view-ejs/config/config.default.js",
    "start": 1611386318077,
    "end": 1611386318077,
    "duration": 0,
    "pid": 10676,
    "index": 17
  },
  {
    "name": "Require(14) node_modules/_egg@2.29.1@egg/config/config.default.js",
    "start": 1611386318078,
    "end": 1611386318078,
    "duration": 0,
    "pid": 10676,
    "index": 18
  },
  {
    "name": "Require(15) config/config.default.js",
    "start": 1611386318079,
    "end": 1611386318079,
    "duration": 0,
    "pid": 10676,
    "index": 19
  },
  {
    "name": "Require(16) node_modules/_egg-security@2.8.0@egg-security/config/config.local.js",
    "start": 1611386318080,
    "end": 1611386318080,
    "duration": 0,
    "pid": 10676,
    "index": 20
  },
  {
    "name": "Require(17) node_modules/_egg-watcher@3.1.1@egg-watcher/config/config.local.js",
    "start": 1611386318081,
    "end": 1611386318081,
    "duration": 0,
    "pid": 10676,
    "index": 21
  },
  {
    "name": "Require(18) node_modules/_egg-view@2.1.3@egg-view/config/config.local.js",
    "start": 1611386318082,
    "end": 1611386318083,
    "duration": 1,
    "pid": 10676,
    "index": 22
  },
  {
    "name": "Require(19) node_modules/_egg-view-ejs@2.0.1@egg-view-ejs/config/config.local.js",
    "start": 1611386318083,
    "end": 1611386318083,
    "duration": 0,
    "pid": 10676,
    "index": 23
  },
  {
    "name": "Require(20) node_modules/_egg@2.29.1@egg/config/config.local.js",
    "start": 1611386318083,
    "end": 1611386318084,
    "duration": 1,
    "pid": 10676,
    "index": 24
  },
  {
    "name": "Load extend/application.js",
    "start": 1611386318085,
    "end": 1611386318099,
    "duration": 14,
    "pid": 10676,
    "index": 25
  },
  {
    "name": "Require(21) node_modules/_egg-session@3.2.0@egg-session/app/extend/application.js",
    "start": 1611386318085,
    "end": 1611386318086,
    "duration": 1,
    "pid": 10676,
    "index": 26
  },
  {
    "name": "Require(22) node_modules/_egg-security@2.8.0@egg-security/app/extend/application.js",
    "start": 1611386318086,
    "end": 1611386318087,
    "duration": 1,
    "pid": 10676,
    "index": 27
  },
  {
    "name": "Require(23) node_modules/_egg-jsonp@2.0.0@egg-jsonp/app/extend/application.js",
    "start": 1611386318087,
    "end": 1611386318089,
    "duration": 2,
    "pid": 10676,
    "index": 28
  },
  {
    "name": "Require(24) node_modules/_egg-logrotator@3.1.0@egg-logrotator/app/extend/application.js",
    "start": 1611386318091,
    "end": 1611386318093,
    "duration": 2,
    "pid": 10676,
    "index": 29
  },
  {
    "name": "Require(25) node_modules/_egg-view@2.1.3@egg-view/app/extend/application.js",
    "start": 1611386318094,
    "end": 1611386318096,
    "duration": 2,
    "pid": 10676,
    "index": 30
  },
  {
    "name": "Load extend/request.js",
    "start": 1611386318099,
    "end": 1611386318109,
    "duration": 10,
    "pid": 10676,
    "index": 31
  },
  {
    "name": "Require(26) node_modules/_egg@2.29.1@egg/app/extend/request.js",
    "start": 1611386318102,
    "end": 1611386318103,
    "duration": 1,
    "pid": 10676,
    "index": 32
  },
  {
    "name": "Load extend/response.js",
    "start": 1611386318109,
    "end": 1611386318117,
    "duration": 8,
    "pid": 10676,
    "index": 33
  },
  {
    "name": "Require(27) node_modules/_egg@2.29.1@egg/app/extend/response.js",
    "start": 1611386318111,
    "end": 1611386318114,
    "duration": 3,
    "pid": 10676,
    "index": 34
  },
  {
    "name": "Load extend/context.js",
    "start": 1611386318117,
    "end": 1611386318183,
    "duration": 66,
    "pid": 10676,
    "index": 35
  },
  {
    "name": "Require(28) node_modules/_egg-security@2.8.0@egg-security/app/extend/context.js",
    "start": 1611386318117,
    "end": 1611386318130,
    "duration": 13,
    "pid": 10676,
    "index": 36
  },
  {
    "name": "Require(29) node_modules/_egg-jsonp@2.0.0@egg-jsonp/app/extend/context.js",
    "start": 1611386318130,
    "end": 1611386318132,
    "duration": 2,
    "pid": 10676,
    "index": 37
  },
  {
    "name": "Require(30) node_modules/_egg-i18n@2.1.1@egg-i18n/app/extend/context.js",
    "start": 1611386318132,
    "end": 1611386318133,
    "duration": 1,
    "pid": 10676,
    "index": 38
  },
  {
    "name": "Require(31) node_modules/_egg-multipart@2.10.3@egg-multipart/app/extend/context.js",
    "start": 1611386318134,
    "end": 1611386318177,
    "duration": 43,
    "pid": 10676,
    "index": 39
  },
  {
    "name": "Require(32) node_modules/_egg-view@2.1.3@egg-view/app/extend/context.js",
    "start": 1611386318178,
    "end": 1611386318179,
    "duration": 1,
    "pid": 10676,
    "index": 40
  },
  {
    "name": "Require(33) node_modules/_egg@2.29.1@egg/app/extend/context.js",
    "start": 1611386318179,
    "end": 1611386318181,
    "duration": 2,
    "pid": 10676,
    "index": 41
  },
  {
    "name": "Load extend/helper.js",
    "start": 1611386318184,
    "end": 1611386318206,
    "duration": 22,
    "pid": 10676,
    "index": 42
  },
  {
    "name": "Require(34) node_modules/_egg-security@2.8.0@egg-security/app/extend/helper.js",
    "start": 1611386318184,
    "end": 1611386318201,
    "duration": 17,
    "pid": 10676,
    "index": 43
  },
  {
    "name": "Require(35) node_modules/_egg@2.29.1@egg/app/extend/helper.js",
    "start": 1611386318203,
    "end": 1611386318204,
    "duration": 1,
    "pid": 10676,
    "index": 44
  },
  {
    "name": "Load app.js",
    "start": 1611386318206,
    "end": 1611386318242,
    "duration": 36,
    "pid": 10676,
    "index": 45
  },
  {
    "name": "Require(36) node_modules/_egg-session@3.2.0@egg-session/app.js",
    "start": 1611386318207,
    "end": 1611386318207,
    "duration": 0,
    "pid": 10676,
    "index": 46
  },
  {
    "name": "Require(37) node_modules/_egg-security@2.8.0@egg-security/app.js",
    "start": 1611386318208,
    "end": 1611386318210,
    "duration": 2,
    "pid": 10676,
    "index": 47
  },
  {
    "name": "Require(38) node_modules/_egg-onerror@2.1.0@egg-onerror/app.js",
    "start": 1611386318211,
    "end": 1611386318221,
    "duration": 10,
    "pid": 10676,
    "index": 48
  },
  {
    "name": "Require(39) node_modules/_egg-i18n@2.1.1@egg-i18n/app.js",
    "start": 1611386318221,
    "end": 1611386318231,
    "duration": 10,
    "pid": 10676,
    "index": 49
  },
  {
    "name": "Require(40) node_modules/_egg-watcher@3.1.1@egg-watcher/app.js",
    "start": 1611386318231,
    "end": 1611386318235,
    "duration": 4,
    "pid": 10676,
    "index": 50
  },
  {
    "name": "Require(41) node_modules/_egg-schedule@3.6.6@egg-schedule/app.js",
    "start": 1611386318235,
    "end": 1611386318238,
    "duration": 3,
    "pid": 10676,
    "index": 51
  },
  {
    "name": "Require(42) node_modules/_egg-multipart@2.10.3@egg-multipart/app.js",
    "start": 1611386318238,
    "end": 1611386318238,
    "duration": 0,
    "pid": 10676,
    "index": 52
  },
  {
    "name": "Require(43) node_modules/_egg-development@2.7.0@egg-development/app.js",
    "start": 1611386318239,
    "end": 1611386318239,
    "duration": 0,
    "pid": 10676,
    "index": 53
  },
  {
    "name": "Require(44) node_modules/_egg-logrotator@3.1.0@egg-logrotator/app.js",
    "start": 1611386318239,
    "end": 1611386318239,
    "duration": 0,
    "pid": 10676,
    "index": 54
  },
  {
    "name": "Require(45) node_modules/_egg-static@2.2.0@egg-static/app.js",
    "start": 1611386318240,
    "end": 1611386318240,
    "duration": 0,
    "pid": 10676,
    "index": 55
  },
  {
    "name": "Require(46) node_modules/_egg-view-ejs@2.0.1@egg-view-ejs/app.js",
    "start": 1611386318241,
    "end": 1611386318241,
    "duration": 0,
    "pid": 10676,
    "index": 56
  },
  {
    "name": "Before Start in node_modules/_egg-watcher@3.1.1@egg-watcher/lib/init.js:15:14",
    "start": 1611386318251,
    "end": 1611386318432,
    "duration": 181,
    "pid": 10676,
    "index": 57
  },
  {
    "name": "Load Service",
    "start": 1611386318285,
    "end": 1611386318289,
    "duration": 4,
    "pid": 10676,
    "index": 58
  },
  {
    "name": "Load \"service\" to Context",
    "start": 1611386318285,
    "end": 1611386318289,
    "duration": 4,
    "pid": 10676,
    "index": 59
  },
  {
    "name": "Load Middleware",
    "start": 1611386318289,
    "end": 1611386318414,
    "duration": 125,
    "pid": 10676,
    "index": 60
  },
  {
    "name": "Load \"middlewares\" to Application",
    "start": 1611386318289,
    "end": 1611386318399,
    "duration": 110,
    "pid": 10676,
    "index": 61
  },
  {
    "name": "Load Controller",
    "start": 1611386318414,
    "end": 1611386318417,
    "duration": 3,
    "pid": 10676,
    "index": 62
  },
  {
    "name": "Load \"controller\" to Application",
    "start": 1611386318414,
    "end": 1611386318417,
    "duration": 3,
    "pid": 10676,
    "index": 63
  },
  {
    "name": "Load Router",
    "start": 1611386318417,
    "end": 1611386318419,
    "duration": 2,
    "pid": 10676,
    "index": 64
  },
  {
    "name": "Require(47) app/router.js",
    "start": 1611386318417,
    "end": 1611386318417,
    "duration": 0,
    "pid": 10676,
    "index": 65
  },
  {
    "name": "Before Start in node_modules/_egg-core@4.20.0@egg-core/lib/egg.js:303:10",
    "start": 1611386318417,
    "end": 1611386318425,
    "duration": 8,
    "pid": 10676,
    "index": 66
  }
]