[
  {
    "name": "Process Start",
    "start": 1611386208200,
    "end": 1611386209201,
    "duration": 1001,
    "pid": 6852,
    "index": 0
  },
  {
    "name": "Application Start",
    "start": 1611386209201,
    "end": 1611386209581,
    "duration": 380,
    "pid": 6852,
    "index": 1
  },
  {
    "name": "Load Plugin",
    "start": 1611386209206,
    "end": 1611386209223,
    "duration": 17,
    "pid": 6852,
    "index": 2
  },
  {
    "name": "Load Config",
    "start": 1611386209223,
    "end": 1611386209243,
    "duration": 20,
    "pid": 6852,
    "index": 3
  },
  {
    "name": "Require(0) config/config.default.js",
    "start": 1611386209223,
    "end": 1611386209224,
    "duration": 1,
    "pid": 6852,
    "index": 4
  },
  {
    "name": "Require(1) node_modules/_egg-session@3.2.0@egg-session/config/config.default.js",
    "start": 1611386209225,
    "end": 1611386209225,
    "duration": 0,
    "pid": 6852,
    "index": 5
  },
  {
    "name": "Require(2) node_modules/_egg-security@2.8.0@egg-security/config/config.default.js",
    "start": 1611386209226,
    "end": 1611386209226,
    "duration": 0,
    "pid": 6852,
    "index": 6
  },
  {
    "name": "Require(3) node_modules/_egg-jsonp@2.0.0@egg-jsonp/config/config.default.js",
    "start": 1611386209227,
    "end": 1611386209228,
    "duration": 1,
    "pid": 6852,
    "index": 7
  },
  {
    "name": "Require(4) node_modules/_egg-onerror@2.1.0@egg-onerror/config/config.default.js",
    "start": 1611386209228,
    "end": 1611386209229,
    "duration": 1,
    "pid": 6852,
    "index": 8
  },
  {
    "name": "Require(5) node_modules/_egg-i18n@2.1.1@egg-i18n/config/config.default.js",
    "start": 1611386209229,
    "end": 1611386209229,
    "duration": 0,
    "pid": 6852,
    "index": 9
  },
  {
    "name": "Require(6) node_modules/_egg-watcher@3.1.1@egg-watcher/config/config.default.js",
    "start": 1611386209230,
    "end": 1611386209230,
    "duration": 0,
    "pid": 6852,
    "index": 10
  },
  {
    "name": "Require(7) node_modules/_egg-schedule@3.6.6@egg-schedule/config/config.default.js",
    "start": 1611386209231,
    "end": 1611386209231,
    "duration": 0,
    "pid": 6852,
    "index": 11
  },
  {
    "name": "Require(8) node_modules/_egg-multipart@2.10.3@egg-multipart/config/config.default.js",
    "start": 1611386209232,
    "end": 1611386209232,
    "duration": 0,
    "pid": 6852,
    "index": 12
  },
  {
    "name": "Require(9) node_modules/_egg-development@2.7.0@egg-development/config/config.default.js",
    "start": 1611386209232,
    "end": 1611386209233,
    "duration": 1,
    "pid": 6852,
    "index": 13
  },
  {
    "name": "Require(10) node_modules/_egg-logrotator@3.1.0@egg-logrotator/config/config.default.js",
    "start": 1611386209233,
    "end": 1611386209234,
    "duration": 1,
    "pid": 6852,
    "index": 14
  },
  {
    "name": "Require(11) node_modules/_egg-static@2.2.0@egg-static/config/config.default.js",
    "start": 1611386209234,
    "end": 1611386209234,
    "duration": 0,
    "pid": 6852,
    "index": 15
  },
  {
    "name": "Require(12) node_modules/_egg-view@2.1.3@egg-view/config/config.default.js",
    "start": 1611386209235,
    "end": 1611386209235,
    "duration": 0,
    "pid": 6852,
    "index": 16
  },
  {
    "name": "Require(13) node_modules/_egg-view-ejs@2.0.1@egg-view-ejs/config/config.default.js",
    "start": 1611386209236,
    "end": 1611386209236,
    "duration": 0,
    "pid": 6852,
    "index": 17
  },
  {
    "name": "Require(14) node_modules/_egg@2.29.1@egg/config/config.default.js",
    "start": 1611386209237,
    "end": 1611386209237,
    "duration": 0,
    "pid": 6852,
    "index": 18
  },
  {
    "name": "Require(15) config/config.default.js",
    "start": 1611386209238,
    "end": 1611386209238,
    "duration": 0,
    "pid": 6852,
    "index": 19
  },
  {
    "name": "Require(16) node_modules/_egg-security@2.8.0@egg-security/config/config.local.js",
    "start": 1611386209239,
    "end": 1611386209239,
    "duration": 0,
    "pid": 6852,
    "index": 20
  },
  {
    "name": "Require(17) node_modules/_egg-watcher@3.1.1@egg-watcher/config/config.local.js",
    "start": 1611386209240,
    "end": 1611386209240,
    "duration": 0,
    "pid": 6852,
    "index": 21
  },
  {
    "name": "Require(18) node_modules/_egg-view@2.1.3@egg-view/config/config.local.js",
    "start": 1611386209241,
    "end": 1611386209241,
    "duration": 0,
    "pid": 6852,
    "index": 22
  },
  {
    "name": "Require(19) node_modules/_egg-view-ejs@2.0.1@egg-view-ejs/config/config.local.js",
    "start": 1611386209242,
    "end": 1611386209242,
    "duration": 0,
    "pid": 6852,
    "index": 23
  },
  {
    "name": "Require(20) node_modules/_egg@2.29.1@egg/config/config.local.js",
    "start": 1611386209242,
    "end": 1611386209243,
    "duration": 1,
    "pid": 6852,
    "index": 24
  },
  {
    "name": "Load extend/application.js",
    "start": 1611386209244,
    "end": 1611386209259,
    "duration": 15,
    "pid": 6852,
    "index": 25
  },
  {
    "name": "Require(21) node_modules/_egg-session@3.2.0@egg-session/app/extend/application.js",
    "start": 1611386209244,
    "end": 1611386209245,
    "duration": 1,
    "pid": 6852,
    "index": 26
  },
  {
    "name": "Require(22) node_modules/_egg-security@2.8.0@egg-security/app/extend/application.js",
    "start": 1611386209245,
    "end": 1611386209247,
    "duration": 2,
    "pid": 6852,
    "index": 27
  },
  {
    "name": "Require(23) node_modules/_egg-jsonp@2.0.0@egg-jsonp/app/extend/application.js",
    "start": 1611386209247,
    "end": 1611386209249,
    "duration": 2,
    "pid": 6852,
    "index": 28
  },
  {
    "name": "Require(24) node_modules/_egg-logrotator@3.1.0@egg-logrotator/app/extend/application.js",
    "start": 1611386209251,
    "end": 1611386209253,
    "duration": 2,
    "pid": 6852,
    "index": 29
  },
  {
    "name": "Require(25) node_modules/_egg-view@2.1.3@egg-view/app/extend/application.js",
    "start": 1611386209254,
    "end": 1611386209256,
    "duration": 2,
    "pid": 6852,
    "index": 30
  },
  {
    "name": "Load extend/request.js",
    "start": 1611386209259,
    "end": 1611386209268,
    "duration": 9,
    "pid": 6852,
    "index": 31
  },
  {
    "name": "Require(26) node_modules/_egg@2.29.1@egg/app/extend/request.js",
    "start": 1611386209262,
    "end": 1611386209263,
    "duration": 1,
    "pid": 6852,
    "index": 32
  },
  {
    "name": "Load extend/response.js",
    "start": 1611386209268,
    "end": 1611386209276,
    "duration": 8,
    "pid": 6852,
    "index": 33
  },
  {
    "name": "Require(27) node_modules/_egg@2.29.1@egg/app/extend/response.js",
    "start": 1611386209270,
    "end": 1611386209273,
    "duration": 3,
    "pid": 6852,
    "index": 34
  },
  {
    "name": "Load extend/context.js",
    "start": 1611386209276,
    "end": 1611386209344,
    "duration": 68,
    "pid": 6852,
    "index": 35
  },
  {
    "name": "Require(28) node_modules/_egg-security@2.8.0@egg-security/app/extend/context.js",
    "start": 1611386209276,
    "end": 1611386209289,
    "duration": 13,
    "pid": 6852,
    "index": 36
  },
  {
    "name": "Require(29) node_modules/_egg-jsonp@2.0.0@egg-jsonp/app/extend/context.js",
    "start": 1611386209290,
    "end": 1611386209291,
    "duration": 1,
    "pid": 6852,
    "index": 37
  },
  {
    "name": "Require(30) node_modules/_egg-i18n@2.1.1@egg-i18n/app/extend/context.js",
    "start": 1611386209292,
    "end": 1611386209292,
    "duration": 0,
    "pid": 6852,
    "index": 38
  },
  {
    "name": "Require(31) node_modules/_egg-multipart@2.10.3@egg-multipart/app/extend/context.js",
    "start": 1611386209293,
    "end": 1611386209338,
    "duration": 45,
    "pid": 6852,
    "index": 39
  },
  {
    "name": "Require(32) node_modules/_egg-view@2.1.3@egg-view/app/extend/context.js",
    "start": 1611386209339,
    "end": 1611386209340,
    "duration": 1,
    "pid": 6852,
    "index": 40
  },
  {
    "name": "Require(33) node_modules/_egg@2.29.1@egg/app/extend/context.js",
    "start": 1611386209340,
    "end": 1611386209342,
    "duration": 2,
    "pid": 6852,
    "index": 41
  },
  {
    "name": "Load extend/helper.js",
    "start": 1611386209344,
    "end": 1611386209365,
    "duration": 21,
    "pid": 6852,
    "index": 42
  },
  {
    "name": "Require(34) node_modules/_egg-security@2.8.0@egg-security/app/extend/helper.js",
    "start": 1611386209345,
    "end": 1611386209360,
    "duration": 15,
    "pid": 6852,
    "index": 43
  },
  {
    "name": "Require(35) node_modules/_egg@2.29.1@egg/app/extend/helper.js",
    "start": 1611386209362,
    "end": 1611386209363,
    "duration": 1,
    "pid": 6852,
    "index": 44
  },
  {
    "name": "Load app.js",
    "start": 1611386209366,
    "end": 1611386209398,
    "duration": 32,
    "pid": 6852,
    "index": 45
  },
  {
    "name": "Require(36) node_modules/_egg-session@3.2.0@egg-session/app.js",
    "start": 1611386209366,
    "end": 1611386209366,
    "duration": 0,
    "pid": 6852,
    "index": 46
  },
  {
    "name": "Require(37) node_modules/_egg-security@2.8.0@egg-security/app.js",
    "start": 1611386209367,
    "end": 1611386209368,
    "duration": 1,
    "pid": 6852,
    "index": 47
  },
  {
    "name": "Require(38) node_modules/_egg-onerror@2.1.0@egg-onerror/app.js",
    "start": 1611386209369,
    "end": 1611386209379,
    "duration": 10,
    "pid": 6852,
    "index": 48
  },
  {
    "name": "Require(39) node_modules/_egg-i18n@2.1.1@egg-i18n/app.js",
    "start": 1611386209380,
    "end": 1611386209387,
    "duration": 7,
    "pid": 6852,
    "index": 49
  },
  {
    "name": "Require(40) node_modules/_egg-watcher@3.1.1@egg-watcher/app.js",
    "start": 1611386209387,
    "end": 1611386209392,
    "duration": 5,
    "pid": 6852,
    "index": 50
  },
  {
    "name": "Require(41) node_modules/_egg-schedule@3.6.6@egg-schedule/app.js",
    "start": 1611386209392,
    "end": 1611386209394,
    "duration": 2,
    "pid": 6852,
    "index": 51
  },
  {
    "name": "Require(42) node_modules/_egg-multipart@2.10.3@egg-multipart/app.js",
    "start": 1611386209394,
    "end": 1611386209395,
    "duration": 1,
    "pid": 6852,
    "index": 52
  },
  {
    "name": "Require(43) node_modules/_egg-development@2.7.0@egg-development/app.js",
    "start": 1611386209395,
    "end": 1611386209395,
    "duration": 0,
    "pid": 6852,
    "index": 53
  },
  {
    "name": "Require(44) node_modules/_egg-logrotator@3.1.0@egg-logrotator/app.js",
    "start": 1611386209396,
    "end": 1611386209396,
    "duration": 0,
    "pid": 6852,
    "index": 54
  },
  {
    "name": "Require(45) node_modules/_egg-static@2.2.0@egg-static/app.js",
    "start": 1611386209396,
    "end": 1611386209396,
    "duration": 0,
    "pid": 6852,
    "index": 55
  },
  {
    "name": "Require(46) node_modules/_egg-view-ejs@2.0.1@egg-view-ejs/app.js",
    "start": 1611386209397,
    "end": 1611386209397,
    "duration": 0,
    "pid": 6852,
    "index": 56
  },
  {
    "name": "Before Start in node_modules/_egg-watcher@3.1.1@egg-watcher/lib/init.js:15:14",
    "start": 1611386209406,
    "end": 1611386209580,
    "duration": 174,
    "pid": 6852,
    "index": 57
  },
  {
    "name": "Load Service",
    "start": 1611386209437,
    "end": 1611386209442,
    "duration": 5,
    "pid": 6852,
    "index": 58
  },
  {
    "name": "Load \"service\" to Context",
    "start": 1611386209437,
    "end": 1611386209442,
    "duration": 5,
    "pid": 6852,
    "index": 59
  },
  {
    "name": "Load Middleware",
    "start": 1611386209442,
    "end": 1611386209563,
    "duration": 121,
    "pid": 6852,
    "index": 60
  },
  {
    "name": "Load \"middlewares\" to Application",
    "start": 1611386209442,
    "end": 1611386209548,
    "duration": 106,
    "pid": 6852,
    "index": 61
  },
  {
    "name": "Load Controller",
    "start": 1611386209563,
    "end": 1611386209566,
    "duration": 3,
    "pid": 6852,
    "index": 62
  },
  {
    "name": "Load \"controller\" to Application",
    "start": 1611386209563,
    "end": 1611386209566,
    "duration": 3,
    "pid": 6852,
    "index": 63
  },
  {
    "name": "Load Router",
    "start": 1611386209566,
    "end": 1611386209568,
    "duration": 2,
    "pid": 6852,
    "index": 64
  },
  {
    "name": "Require(47) app/router.js",
    "start": 1611386209566,
    "end": 1611386209566,
    "duration": 0,
    "pid": 6852,
    "index": 65
  },
  {
    "name": "Before Start in node_modules/_egg-core@4.20.0@egg-core/lib/egg.js:303:10",
    "start": 1611386209567,
    "end": 1611386209574,
    "duration": 7,
    "pid": 6852,
    "index": 66
  }
]