[
  {
    "name": "Process Start",
    "start": 1611386387026,
    "end": 1611386388116,
    "duration": 1090,
    "pid": 20024,
    "index": 0
  },
  {
    "name": "Application Start",
    "start": 1611386388117,
    "end": 1611386388510,
    "duration": 393,
    "pid": 20024,
    "index": 1
  },
  {
    "name": "Load Plugin",
    "start": 1611386388120,
    "end": 1611386388138,
    "duration": 18,
    "pid": 20024,
    "index": 2
  },
  {
    "name": "Load Config",
    "start": 1611386388138,
    "end": 1611386388158,
    "duration": 20,
    "pid": 20024,
    "index": 3
  },
  {
    "name": "Require(0) config/config.default.js",
    "start": 1611386388139,
    "end": 1611386388139,
    "duration": 0,
    "pid": 20024,
    "index": 4
  },
  {
    "name": "Require(1) node_modules/_egg-session@3.2.0@egg-session/config/config.default.js",
    "start": 1611386388140,
    "end": 1611386388141,
    "duration": 1,
    "pid": 20024,
    "index": 5
  },
  {
    "name": "Require(2) node_modules/_egg-security@2.8.0@egg-security/config/config.default.js",
    "start": 1611386388141,
    "end": 1611386388142,
    "duration": 1,
    "pid": 20024,
    "index": 6
  },
  {
    "name": "Require(3) node_modules/_egg-jsonp@2.0.0@egg-jsonp/config/config.default.js",
    "start": 1611386388142,
    "end": 1611386388143,
    "duration": 1,
    "pid": 20024,
    "index": 7
  },
  {
    "name": "Require(4) node_modules/_egg-onerror@2.1.0@egg-onerror/config/config.default.js",
    "start": 1611386388143,
    "end": 1611386388144,
    "duration": 1,
    "pid": 20024,
    "index": 8
  },
  {
    "name": "Require(5) node_modules/_egg-i18n@2.1.1@egg-i18n/config/config.default.js",
    "start": 1611386388144,
    "end": 1611386388144,
    "duration": 0,
    "pid": 20024,
    "index": 9
  },
  {
    "name": "Require(6) node_modules/_egg-watcher@3.1.1@egg-watcher/config/config.default.js",
    "start": 1611386388145,
    "end": 1611386388145,
    "duration": 0,
    "pid": 20024,
    "index": 10
  },
  {
    "name": "Require(7) node_modules/_egg-schedule@3.6.6@egg-schedule/config/config.default.js",
    "start": 1611386388146,
    "end": 1611386388146,
    "duration": 0,
    "pid": 20024,
    "index": 11
  },
  {
    "name": "Require(8) node_modules/_egg-multipart@2.10.3@egg-multipart/config/config.default.js",
    "start": 1611386388147,
    "end": 1611386388147,
    "duration": 0,
    "pid": 20024,
    "index": 12
  },
  {
    "name": "Require(9) node_modules/_egg-development@2.7.0@egg-development/config/config.default.js",
    "start": 1611386388148,
    "end": 1611386388148,
    "duration": 0,
    "pid": 20024,
    "index": 13
  },
  {
    "name": "Require(10) node_modules/_egg-logrotator@3.1.0@egg-logrotator/config/config.default.js",
    "start": 1611386388149,
    "end": 1611386388149,
    "duration": 0,
    "pid": 20024,
    "index": 14
  },
  {
    "name": "Require(11) node_modules/_egg-static@2.2.0@egg-static/config/config.default.js",
    "start": 1611386388150,
    "end": 1611386388150,
    "duration": 0,
    "pid": 20024,
    "index": 15
  },
  {
    "name": "Require(12) node_modules/_egg-view@2.1.3@egg-view/config/config.default.js",
    "start": 1611386388150,
    "end": 1611386388151,
    "duration": 1,
    "pid": 20024,
    "index": 16
  },
  {
    "name": "Require(13) node_modules/_egg-view-ejs@2.0.1@egg-view-ejs/config/config.default.js",
    "start": 1611386388151,
    "end": 1611386388152,
    "duration": 1,
    "pid": 20024,
    "index": 17
  },
  {
    "name": "Require(14) node_modules/_egg@2.29.1@egg/config/config.default.js",
    "start": 1611386388152,
    "end": 1611386388153,
    "duration": 1,
    "pid": 20024,
    "index": 18
  },
  {
    "name": "Require(15) config/config.default.js",
    "start": 1611386388153,
    "end": 1611386388153,
    "duration": 0,
    "pid": 20024,
    "index": 19
  },
  {
    "name": "Require(16) node_modules/_egg-security@2.8.0@egg-security/config/config.local.js",
    "start": 1611386388154,
    "end": 1611386388154,
    "duration": 0,
    "pid": 20024,
    "index": 20
  },
  {
    "name": "Require(17) node_modules/_egg-watcher@3.1.1@egg-watcher/config/config.local.js",
    "start": 1611386388155,
    "end": 1611386388155,
    "duration": 0,
    "pid": 20024,
    "index": 21
  },
  {
    "name": "Require(18) node_modules/_egg-view@2.1.3@egg-view/config/config.local.js",
    "start": 1611386388157,
    "end": 1611386388157,
    "duration": 0,
    "pid": 20024,
    "index": 22
  },
  {
    "name": "Require(19) node_modules/_egg-view-ejs@2.0.1@egg-view-ejs/config/config.local.js",
    "start": 1611386388157,
    "end": 1611386388157,
    "duration": 0,
    "pid": 20024,
    "index": 23
  },
  {
    "name": "Require(20) node_modules/_egg@2.29.1@egg/config/config.local.js",
    "start": 1611386388158,
    "end": 1611386388158,
    "duration": 0,
    "pid": 20024,
    "index": 24
  },
  {
    "name": "Load extend/application.js",
    "start": 1611386388159,
    "end": 1611386388174,
    "duration": 15,
    "pid": 20024,
    "index": 25
  },
  {
    "name": "Require(21) node_modules/_egg-session@3.2.0@egg-session/app/extend/application.js",
    "start": 1611386388160,
    "end": 1611386388160,
    "duration": 0,
    "pid": 20024,
    "index": 26
  },
  {
    "name": "Require(22) node_modules/_egg-security@2.8.0@egg-security/app/extend/application.js",
    "start": 1611386388160,
    "end": 1611386388162,
    "duration": 2,
    "pid": 20024,
    "index": 27
  },
  {
    "name": "Require(23) node_modules/_egg-jsonp@2.0.0@egg-jsonp/app/extend/application.js",
    "start": 1611386388162,
    "end": 1611386388164,
    "duration": 2,
    "pid": 20024,
    "index": 28
  },
  {
    "name": "Require(24) node_modules/_egg-logrotator@3.1.0@egg-logrotator/app/extend/application.js",
    "start": 1611386388166,
    "end": 1611386388168,
    "duration": 2,
    "pid": 20024,
    "index": 29
  },
  {
    "name": "Require(25) node_modules/_egg-view@2.1.3@egg-view/app/extend/application.js",
    "start": 1611386388169,
    "end": 1611386388171,
    "duration": 2,
    "pid": 20024,
    "index": 30
  },
  {
    "name": "Load extend/request.js",
    "start": 1611386388174,
    "end": 1611386388184,
    "duration": 10,
    "pid": 20024,
    "index": 31
  },
  {
    "name": "Require(26) node_modules/_egg@2.29.1@egg/app/extend/request.js",
    "start": 1611386388177,
    "end": 1611386388178,
    "duration": 1,
    "pid": 20024,
    "index": 32
  },
  {
    "name": "Load extend/response.js",
    "start": 1611386388184,
    "end": 1611386388191,
    "duration": 7,
    "pid": 20024,
    "index": 33
  },
  {
    "name": "Require(27) node_modules/_egg@2.29.1@egg/app/extend/response.js",
    "start": 1611386388186,
    "end": 1611386388188,
    "duration": 2,
    "pid": 20024,
    "index": 34
  },
  {
    "name": "Load extend/context.js",
    "start": 1611386388191,
    "end": 1611386388261,
    "duration": 70,
    "pid": 20024,
    "index": 35
  },
  {
    "name": "Require(28) node_modules/_egg-security@2.8.0@egg-security/app/extend/context.js",
    "start": 1611386388192,
    "end": 1611386388205,
    "duration": 13,
    "pid": 20024,
    "index": 36
  },
  {
    "name": "Require(29) node_modules/_egg-jsonp@2.0.0@egg-jsonp/app/extend/context.js",
    "start": 1611386388206,
    "end": 1611386388207,
    "duration": 1,
    "pid": 20024,
    "index": 37
  },
  {
    "name": "Require(30) node_modules/_egg-i18n@2.1.1@egg-i18n/app/extend/context.js",
    "start": 1611386388208,
    "end": 1611386388208,
    "duration": 0,
    "pid": 20024,
    "index": 38
  },
  {
    "name": "Require(31) node_modules/_egg-multipart@2.10.3@egg-multipart/app/extend/context.js",
    "start": 1611386388209,
    "end": 1611386388254,
    "duration": 45,
    "pid": 20024,
    "index": 39
  },
  {
    "name": "Require(32) node_modules/_egg-view@2.1.3@egg-view/app/extend/context.js",
    "start": 1611386388255,
    "end": 1611386388256,
    "duration": 1,
    "pid": 20024,
    "index": 40
  },
  {
    "name": "Require(33) node_modules/_egg@2.29.1@egg/app/extend/context.js",
    "start": 1611386388256,
    "end": 1611386388258,
    "duration": 2,
    "pid": 20024,
    "index": 41
  },
  {
    "name": "Load extend/helper.js",
    "start": 1611386388261,
    "end": 1611386388283,
    "duration": 22,
    "pid": 20024,
    "index": 42
  },
  {
    "name": "Require(34) node_modules/_egg-security@2.8.0@egg-security/app/extend/helper.js",
    "start": 1611386388261,
    "end": 1611386388278,
    "duration": 17,
    "pid": 20024,
    "index": 43
  },
  {
    "name": "Require(35) node_modules/_egg@2.29.1@egg/app/extend/helper.js",
    "start": 1611386388280,
    "end": 1611386388280,
    "duration": 0,
    "pid": 20024,
    "index": 44
  },
  {
    "name": "Load app.js",
    "start": 1611386388283,
    "end": 1611386388316,
    "duration": 33,
    "pid": 20024,
    "index": 45
  },
  {
    "name": "Require(36) node_modules/_egg-session@3.2.0@egg-session/app.js",
    "start": 1611386388284,
    "end": 1611386388284,
    "duration": 0,
    "pid": 20024,
    "index": 46
  },
  {
    "name": "Require(37) node_modules/_egg-security@2.8.0@egg-security/app.js",
    "start": 1611386388285,
    "end": 1611386388286,
    "duration": 1,
    "pid": 20024,
    "index": 47
  },
  {
    "name": "Require(38) node_modules/_egg-onerror@2.1.0@egg-onerror/app.js",
    "start": 1611386388287,
    "end": 1611386388297,
    "duration": 10,
    "pid": 20024,
    "index": 48
  },
  {
    "name": "Require(39) node_modules/_egg-i18n@2.1.1@egg-i18n/app.js",
    "start": 1611386388297,
    "end": 1611386388305,
    "duration": 8,
    "pid": 20024,
    "index": 49
  },
  {
    "name": "Require(40) node_modules/_egg-watcher@3.1.1@egg-watcher/app.js",
    "start": 1611386388306,
    "end": 1611386388310,
    "duration": 4,
    "pid": 20024,
    "index": 50
  },
  {
    "name": "Require(41) node_modules/_egg-schedule@3.6.6@egg-schedule/app.js",
    "start": 1611386388310,
    "end": 1611386388312,
    "duration": 2,
    "pid": 20024,
    "index": 51
  },
  {
    "name": "Require(42) node_modules/_egg-multipart@2.10.3@egg-multipart/app.js",
    "start": 1611386388312,
    "end": 1611386388312,
    "duration": 0,
    "pid": 20024,
    "index": 52
  },
  {
    "name": "Require(43) node_modules/_egg-development@2.7.0@egg-development/app.js",
    "start": 1611386388313,
    "end": 1611386388313,
    "duration": 0,
    "pid": 20024,
    "index": 53
  },
  {
    "name": "Require(44) node_modules/_egg-logrotator@3.1.0@egg-logrotator/app.js",
    "start": 1611386388313,
    "end": 1611386388314,
    "duration": 1,
    "pid": 20024,
    "index": 54
  },
  {
    "name": "Require(45) node_modules/_egg-static@2.2.0@egg-static/app.js",
    "start": 1611386388314,
    "end": 1611386388314,
    "duration": 0,
    "pid": 20024,
    "index": 55
  },
  {
    "name": "Require(46) node_modules/_egg-view-ejs@2.0.1@egg-view-ejs/app.js",
    "start": 1611386388315,
    "end": 1611386388315,
    "duration": 0,
    "pid": 20024,
    "index": 56
  },
  {
    "name": "Before Start in node_modules/_egg-watcher@3.1.1@egg-watcher/lib/init.js:15:14",
    "start": 1611386388324,
    "end": 1611386388509,
    "duration": 185,
    "pid": 20024,
    "index": 57
  },
  {
    "name": "Load Service",
    "start": 1611386388356,
    "end": 1611386388360,
    "duration": 4,
    "pid": 20024,
    "index": 58
  },
  {
    "name": "Load \"service\" to Context",
    "start": 1611386388356,
    "end": 1611386388360,
    "duration": 4,
    "pid": 20024,
    "index": 59
  },
  {
    "name": "Load Middleware",
    "start": 1611386388360,
    "end": 1611386388491,
    "duration": 131,
    "pid": 20024,
    "index": 60
  },
  {
    "name": "Load \"middlewares\" to Application",
    "start": 1611386388360,
    "end": 1611386388476,
    "duration": 116,
    "pid": 20024,
    "index": 61
  },
  {
    "name": "Load Controller",
    "start": 1611386388491,
    "end": 1611386388494,
    "duration": 3,
    "pid": 20024,
    "index": 62
  },
  {
    "name": "Load \"controller\" to Application",
    "start": 1611386388491,
    "end": 1611386388494,
    "duration": 3,
    "pid": 20024,
    "index": 63
  },
  {
    "name": "Load Router",
    "start": 1611386388494,
    "end": 1611386388496,
    "duration": 2,
    "pid": 20024,
    "index": 64
  },
  {
    "name": "Require(47) app/router.js",
    "start": 1611386388494,
    "end": 1611386388494,
    "duration": 0,
    "pid": 20024,
    "index": 65
  },
  {
    "name": "Before Start in node_modules/_egg-core@4.20.0@egg-core/lib/egg.js:303:10",
    "start": 1611386388495,
    "end": 1611386388503,
    "duration": 8,
    "pid": 20024,
    "index": 66
  }
]