[
  {
    "name": "Process Start",
    "start": 1611386440797,
    "end": 1611386441762,
    "duration": 965,
    "pid": 13328,
    "index": 0
  },
  {
    "name": "Application Start",
    "start": 1611386441762,
    "end": 1611386442155,
    "duration": 393,
    "pid": 13328,
    "index": 1
  },
  {
    "name": "Load Plugin",
    "start": 1611386441766,
    "end": 1611386441785,
    "duration": 19,
    "pid": 13328,
    "index": 2
  },
  {
    "name": "Load Config",
    "start": 1611386441785,
    "end": 1611386441807,
    "duration": 22,
    "pid": 13328,
    "index": 3
  },
  {
    "name": "Require(0) config/config.default.js",
    "start": 1611386441786,
    "end": 1611386441786,
    "duration": 0,
    "pid": 13328,
    "index": 4
  },
  {
    "name": "Require(1) node_modules/_egg-session@3.2.0@egg-session/config/config.default.js",
    "start": 1611386441787,
    "end": 1611386441787,
    "duration": 0,
    "pid": 13328,
    "index": 5
  },
  {
    "name": "Require(2) node_modules/_egg-security@2.8.0@egg-security/config/config.default.js",
    "start": 1611386441788,
    "end": 1611386441788,
    "duration": 0,
    "pid": 13328,
    "index": 6
  },
  {
    "name": "Require(3) node_modules/_egg-jsonp@2.0.0@egg-jsonp/config/config.default.js",
    "start": 1611386441789,
    "end": 1611386441790,
    "duration": 1,
    "pid": 13328,
    "index": 7
  },
  {
    "name": "Require(4) node_modules/_egg-onerror@2.1.0@egg-onerror/config/config.default.js",
    "start": 1611386441790,
    "end": 1611386441790,
    "duration": 0,
    "pid": 13328,
    "index": 8
  },
  {
    "name": "Require(5) node_modules/_egg-i18n@2.1.1@egg-i18n/config/config.default.js",
    "start": 1611386441791,
    "end": 1611386441791,
    "duration": 0,
    "pid": 13328,
    "index": 9
  },
  {
    "name": "Require(6) node_modules/_egg-watcher@3.1.1@egg-watcher/config/config.default.js",
    "start": 1611386441792,
    "end": 1611386441793,
    "duration": 1,
    "pid": 13328,
    "index": 10
  },
  {
    "name": "Require(7) node_modules/_egg-schedule@3.6.6@egg-schedule/config/config.default.js",
    "start": 1611386441794,
    "end": 1611386441794,
    "duration": 0,
    "pid": 13328,
    "index": 11
  },
  {
    "name": "Require(8) node_modules/_egg-multipart@2.10.3@egg-multipart/config/config.default.js",
    "start": 1611386441795,
    "end": 1611386441795,
    "duration": 0,
    "pid": 13328,
    "index": 12
  },
  {
    "name": "Require(9) node_modules/_egg-development@2.7.0@egg-development/config/config.default.js",
    "start": 1611386441796,
    "end": 1611386441797,
    "duration": 1,
    "pid": 13328,
    "index": 13
  },
  {
    "name": "Require(10) node_modules/_egg-logrotator@3.1.0@egg-logrotator/config/config.default.js",
    "start": 1611386441797,
    "end": 1611386441798,
    "duration": 1,
    "pid": 13328,
    "index": 14
  },
  {
    "name": "Require(11) node_modules/_egg-static@2.2.0@egg-static/config/config.default.js",
    "start": 1611386441798,
    "end": 1611386441799,
    "duration": 1,
    "pid": 13328,
    "index": 15
  },
  {
    "name": "Require(12) node_modules/_egg-view@2.1.3@egg-view/config/config.default.js",
    "start": 1611386441799,
    "end": 1611386441799,
    "duration": 0,
    "pid": 13328,
    "index": 16
  },
  {
    "name": "Require(13) node_modules/_egg-view-ejs@2.0.1@egg-view-ejs/config/config.default.js",
    "start": 1611386441800,
    "end": 1611386441800,
    "duration": 0,
    "pid": 13328,
    "index": 17
  },
  {
    "name": "Require(14) node_modules/_egg@2.29.1@egg/config/config.default.js",
    "start": 1611386441801,
    "end": 1611386441801,
    "duration": 0,
    "pid": 13328,
    "index": 18
  },
  {
    "name": "Require(15) config/config.default.js",
    "start": 1611386441802,
    "end": 1611386441802,
    "duration": 0,
    "pid": 13328,
    "index": 19
  },
  {
    "name": "Require(16) node_modules/_egg-security@2.8.0@egg-security/config/config.local.js",
    "start": 1611386441803,
    "end": 1611386441803,
    "duration": 0,
    "pid": 13328,
    "index": 20
  },
  {
    "name": "Require(17) node_modules/_egg-watcher@3.1.1@egg-watcher/config/config.local.js",
    "start": 1611386441804,
    "end": 1611386441804,
    "duration": 0,
    "pid": 13328,
    "index": 21
  },
  {
    "name": "Require(18) node_modules/_egg-view@2.1.3@egg-view/config/config.local.js",
    "start": 1611386441805,
    "end": 1611386441805,
    "duration": 0,
    "pid": 13328,
    "index": 22
  },
  {
    "name": "Require(19) node_modules/_egg-view-ejs@2.0.1@egg-view-ejs/config/config.local.js",
    "start": 1611386441806,
    "end": 1611386441806,
    "duration": 0,
    "pid": 13328,
    "index": 23
  },
  {
    "name": "Require(20) node_modules/_egg@2.29.1@egg/config/config.local.js",
    "start": 1611386441806,
    "end": 1611386441806,
    "duration": 0,
    "pid": 13328,
    "index": 24
  },
  {
    "name": "Load extend/application.js",
    "start": 1611386441807,
    "end": 1611386441823,
    "duration": 16,
    "pid": 13328,
    "index": 25
  },
  {
    "name": "Require(21) node_modules/_egg-session@3.2.0@egg-session/app/extend/application.js",
    "start": 1611386441808,
    "end": 1611386441808,
    "duration": 0,
    "pid": 13328,
    "index": 26
  },
  {
    "name": "Require(22) node_modules/_egg-security@2.8.0@egg-security/app/extend/application.js",
    "start": 1611386441810,
    "end": 1611386441811,
    "duration": 1,
    "pid": 13328,
    "index": 27
  },
  {
    "name": "Require(23) node_modules/_egg-jsonp@2.0.0@egg-jsonp/app/extend/application.js",
    "start": 1611386441811,
    "end": 1611386441814,
    "duration": 3,
    "pid": 13328,
    "index": 28
  },
  {
    "name": "Require(24) node_modules/_egg-logrotator@3.1.0@egg-logrotator/app/extend/application.js",
    "start": 1611386441816,
    "end": 1611386441818,
    "duration": 2,
    "pid": 13328,
    "index": 29
  },
  {
    "name": "Require(25) node_modules/_egg-view@2.1.3@egg-view/app/extend/application.js",
    "start": 1611386441819,
    "end": 1611386441820,
    "duration": 1,
    "pid": 13328,
    "index": 30
  },
  {
    "name": "Load extend/request.js",
    "start": 1611386441824,
    "end": 1611386441834,
    "duration": 10,
    "pid": 13328,
    "index": 31
  },
  {
    "name": "Require(26) node_modules/_egg@2.29.1@egg/app/extend/request.js",
    "start": 1611386441827,
    "end": 1611386441829,
    "duration": 2,
    "pid": 13328,
    "index": 32
  },
  {
    "name": "Load extend/response.js",
    "start": 1611386441834,
    "end": 1611386441842,
    "duration": 8,
    "pid": 13328,
    "index": 33
  },
  {
    "name": "Require(27) node_modules/_egg@2.29.1@egg/app/extend/response.js",
    "start": 1611386441836,
    "end": 1611386441839,
    "duration": 3,
    "pid": 13328,
    "index": 34
  },
  {
    "name": "Load extend/context.js",
    "start": 1611386441842,
    "end": 1611386441914,
    "duration": 72,
    "pid": 13328,
    "index": 35
  },
  {
    "name": "Require(28) node_modules/_egg-security@2.8.0@egg-security/app/extend/context.js",
    "start": 1611386441843,
    "end": 1611386441857,
    "duration": 14,
    "pid": 13328,
    "index": 36
  },
  {
    "name": "Require(29) node_modules/_egg-jsonp@2.0.0@egg-jsonp/app/extend/context.js",
    "start": 1611386441857,
    "end": 1611386441859,
    "duration": 2,
    "pid": 13328,
    "index": 37
  },
  {
    "name": "Require(30) node_modules/_egg-i18n@2.1.1@egg-i18n/app/extend/context.js",
    "start": 1611386441860,
    "end": 1611386441860,
    "duration": 0,
    "pid": 13328,
    "index": 38
  },
  {
    "name": "Require(31) node_modules/_egg-multipart@2.10.3@egg-multipart/app/extend/context.js",
    "start": 1611386441861,
    "end": 1611386441907,
    "duration": 46,
    "pid": 13328,
    "index": 39
  },
  {
    "name": "Require(32) node_modules/_egg-view@2.1.3@egg-view/app/extend/context.js",
    "start": 1611386441907,
    "end": 1611386441908,
    "duration": 1,
    "pid": 13328,
    "index": 40
  },
  {
    "name": "Require(33) node_modules/_egg@2.29.1@egg/app/extend/context.js",
    "start": 1611386441909,
    "end": 1611386441911,
    "duration": 2,
    "pid": 13328,
    "index": 41
  },
  {
    "name": "Load extend/helper.js",
    "start": 1611386441914,
    "end": 1611386441935,
    "duration": 21,
    "pid": 13328,
    "index": 42
  },
  {
    "name": "Require(34) node_modules/_egg-security@2.8.0@egg-security/app/extend/helper.js",
    "start": 1611386441914,
    "end": 1611386441930,
    "duration": 16,
    "pid": 13328,
    "index": 43
  },
  {
    "name": "Require(35) node_modules/_egg@2.29.1@egg/app/extend/helper.js",
    "start": 1611386441932,
    "end": 1611386441933,
    "duration": 1,
    "pid": 13328,
    "index": 44
  },
  {
    "name": "Load app.js",
    "start": 1611386441936,
    "end": 1611386441970,
    "duration": 34,
    "pid": 13328,
    "index": 45
  },
  {
    "name": "Require(36) node_modules/_egg-session@3.2.0@egg-session/app.js",
    "start": 1611386441936,
    "end": 1611386441936,
    "duration": 0,
    "pid": 13328,
    "index": 46
  },
  {
    "name": "Require(37) node_modules/_egg-security@2.8.0@egg-security/app.js",
    "start": 1611386441937,
    "end": 1611386441938,
    "duration": 1,
    "pid": 13328,
    "index": 47
  },
  {
    "name": "Require(38) node_modules/_egg-onerror@2.1.0@egg-onerror/app.js",
    "start": 1611386441939,
    "end": 1611386441951,
    "duration": 12,
    "pid": 13328,
    "index": 48
  },
  {
    "name": "Require(39) node_modules/_egg-i18n@2.1.1@egg-i18n/app.js",
    "start": 1611386441951,
    "end": 1611386441959,
    "duration": 8,
    "pid": 13328,
    "index": 49
  },
  {
    "name": "Require(40) node_modules/_egg-watcher@3.1.1@egg-watcher/app.js",
    "start": 1611386441960,
    "end": 1611386441964,
    "duration": 4,
    "pid": 13328,
    "index": 50
  },
  {
    "name": "Require(41) node_modules/_egg-schedule@3.6.6@egg-schedule/app.js",
    "start": 1611386441965,
    "end": 1611386441967,
    "duration": 2,
    "pid": 13328,
    "index": 51
  },
  {
    "name": "Require(42) node_modules/_egg-multipart@2.10.3@egg-multipart/app.js",
    "start": 1611386441967,
    "end": 1611386441967,
    "duration": 0,
    "pid": 13328,
    "index": 52
  },
  {
    "name": "Require(43) node_modules/_egg-development@2.7.0@egg-development/app.js",
    "start": 1611386441968,
    "end": 1611386441968,
    "duration": 0,
    "pid": 13328,
    "index": 53
  },
  {
    "name": "Require(44) node_modules/_egg-logrotator@3.1.0@egg-logrotator/app.js",
    "start": 1611386441968,
    "end": 1611386441968,
    "duration": 0,
    "pid": 13328,
    "index": 54
  },
  {
    "name": "Require(45) node_modules/_egg-static@2.2.0@egg-static/app.js",
    "start": 1611386441969,
    "end": 1611386441969,
    "duration": 0,
    "pid": 13328,
    "index": 55
  },
  {
    "name": "Require(46) node_modules/_egg-view-ejs@2.0.1@egg-view-ejs/app.js",
    "start": 1611386441969,
    "end": 1611386441970,
    "duration": 1,
    "pid": 13328,
    "index": 56
  },
  {
    "name": "Before Start in node_modules/_egg-watcher@3.1.1@egg-watcher/lib/init.js:15:14",
    "start": 1611386441979,
    "end": 1611386442155,
    "duration": 176,
    "pid": 13328,
    "index": 57
  },
  {
    "name": "Load Service",
    "start": 1611386442011,
    "end": 1611386442015,
    "duration": 4,
    "pid": 13328,
    "index": 58
  },
  {
    "name": "Load \"service\" to Context",
    "start": 1611386442012,
    "end": 1611386442015,
    "duration": 3,
    "pid": 13328,
    "index": 59
  },
  {
    "name": "Load Middleware",
    "start": 1611386442016,
    "end": 1611386442137,
    "duration": 121,
    "pid": 13328,
    "index": 60
  },
  {
    "name": "Load \"middlewares\" to Application",
    "start": 1611386442016,
    "end": 1611386442122,
    "duration": 106,
    "pid": 13328,
    "index": 61
  },
  {
    "name": "Load Controller",
    "start": 1611386442137,
    "end": 1611386442140,
    "duration": 3,
    "pid": 13328,
    "index": 62
  },
  {
    "name": "Load \"controller\" to Application",
    "start": 1611386442137,
    "end": 1611386442140,
    "duration": 3,
    "pid": 13328,
    "index": 63
  },
  {
    "name": "Load Router",
    "start": 1611386442140,
    "end": 1611386442142,
    "duration": 2,
    "pid": 13328,
    "index": 64
  },
  {
    "name": "Require(47) app/router.js",
    "start": 1611386442141,
    "end": 1611386442141,
    "duration": 0,
    "pid": 13328,
    "index": 65
  },
  {
    "name": "Before Start in node_modules/_egg-core@4.20.0@egg-core/lib/egg.js:303:10",
    "start": 1611386442141,
    "end": 1611386442148,
    "duration": 7,
    "pid": 13328,
    "index": 66
  }
]