[
  {
    "name": "Process Start",
    "start": 1611386229764,
    "end": 1611386230929,
    "duration": 1165,
    "pid": 19132,
    "index": 0
  },
  {
    "name": "Application Start",
    "start": 1611386230930,
    "end": 1611386231341,
    "duration": 411,
    "pid": 19132,
    "index": 1
  },
  {
    "name": "Load Plugin",
    "start": 1611386230934,
    "end": 1611386230954,
    "duration": 20,
    "pid": 19132,
    "index": 2
  },
  {
    "name": "Load Config",
    "start": 1611386230954,
    "end": 1611386230976,
    "duration": 22,
    "pid": 19132,
    "index": 3
  },
  {
    "name": "Require(0) config/config.default.js",
    "start": 1611386230955,
    "end": 1611386230955,
    "duration": 0,
    "pid": 19132,
    "index": 4
  },
  {
    "name": "Require(1) node_modules/_egg-session@3.2.0@egg-session/config/config.default.js",
    "start": 1611386230957,
    "end": 1611386230957,
    "duration": 0,
    "pid": 19132,
    "index": 5
  },
  {
    "name": "Require(2) node_modules/_egg-security@2.8.0@egg-security/config/config.default.js",
    "start": 1611386230957,
    "end": 1611386230958,
    "duration": 1,
    "pid": 19132,
    "index": 6
  },
  {
    "name": "Require(3) node_modules/_egg-jsonp@2.0.0@egg-jsonp/config/config.default.js",
    "start": 1611386230959,
    "end": 1611386230959,
    "duration": 0,
    "pid": 19132,
    "index": 7
  },
  {
    "name": "Require(4) node_modules/_egg-onerror@2.1.0@egg-onerror/config/config.default.js",
    "start": 1611386230960,
    "end": 1611386230960,
    "duration": 0,
    "pid": 19132,
    "index": 8
  },
  {
    "name": "Require(5) node_modules/_egg-i18n@2.1.1@egg-i18n/config/config.default.js",
    "start": 1611386230961,
    "end": 1611386230961,
    "duration": 0,
    "pid": 19132,
    "index": 9
  },
  {
    "name": "Require(6) node_modules/_egg-watcher@3.1.1@egg-watcher/config/config.default.js",
    "start": 1611386230962,
    "end": 1611386230962,
    "duration": 0,
    "pid": 19132,
    "index": 10
  },
  {
    "name": "Require(7) node_modules/_egg-schedule@3.6.6@egg-schedule/config/config.default.js",
    "start": 1611386230963,
    "end": 1611386230963,
    "duration": 0,
    "pid": 19132,
    "index": 11
  },
  {
    "name": "Require(8) node_modules/_egg-multipart@2.10.3@egg-multipart/config/config.default.js",
    "start": 1611386230964,
    "end": 1611386230964,
    "duration": 0,
    "pid": 19132,
    "index": 12
  },
  {
    "name": "Require(9) node_modules/_egg-development@2.7.0@egg-development/config/config.default.js",
    "start": 1611386230965,
    "end": 1611386230965,
    "duration": 0,
    "pid": 19132,
    "index": 13
  },
  {
    "name": "Require(10) node_modules/_egg-logrotator@3.1.0@egg-logrotator/config/config.default.js",
    "start": 1611386230966,
    "end": 1611386230966,
    "duration": 0,
    "pid": 19132,
    "index": 14
  },
  {
    "name": "Require(11) node_modules/_egg-static@2.2.0@egg-static/config/config.default.js",
    "start": 1611386230967,
    "end": 1611386230967,
    "duration": 0,
    "pid": 19132,
    "index": 15
  },
  {
    "name": "Require(12) node_modules/_egg-view@2.1.3@egg-view/config/config.default.js",
    "start": 1611386230968,
    "end": 1611386230968,
    "duration": 0,
    "pid": 19132,
    "index": 16
  },
  {
    "name": "Require(13) node_modules/_egg-view-ejs@2.0.1@egg-view-ejs/config/config.default.js",
    "start": 1611386230969,
    "end": 1611386230969,
    "duration": 0,
    "pid": 19132,
    "index": 17
  },
  {
    "name": "Require(14) node_modules/_egg@2.29.1@egg/config/config.default.js",
    "start": 1611386230970,
    "end": 1611386230970,
    "duration": 0,
    "pid": 19132,
    "index": 18
  },
  {
    "name": "Require(15) config/config.default.js",
    "start": 1611386230971,
    "end": 1611386230971,
    "duration": 0,
    "pid": 19132,
    "index": 19
  },
  {
    "name": "Require(16) node_modules/_egg-security@2.8.0@egg-security/config/config.local.js",
    "start": 1611386230972,
    "end": 1611386230972,
    "duration": 0,
    "pid": 19132,
    "index": 20
  },
  {
    "name": "Require(17) node_modules/_egg-watcher@3.1.1@egg-watcher/config/config.local.js",
    "start": 1611386230973,
    "end": 1611386230973,
    "duration": 0,
    "pid": 19132,
    "index": 21
  },
  {
    "name": "Require(18) node_modules/_egg-view@2.1.3@egg-view/config/config.local.js",
    "start": 1611386230975,
    "end": 1611386230975,
    "duration": 0,
    "pid": 19132,
    "index": 22
  },
  {
    "name": "Require(19) node_modules/_egg-view-ejs@2.0.1@egg-view-ejs/config/config.local.js",
    "start": 1611386230975,
    "end": 1611386230976,
    "duration": 1,
    "pid": 19132,
    "index": 23
  },
  {
    "name": "Require(20) node_modules/_egg@2.29.1@egg/config/config.local.js",
    "start": 1611386230976,
    "end": 1611386230976,
    "duration": 0,
    "pid": 19132,
    "index": 24
  },
  {
    "name": "Load extend/application.js",
    "start": 1611386230977,
    "end": 1611386230994,
    "duration": 17,
    "pid": 19132,
    "index": 25
  },
  {
    "name": "Require(21) node_modules/_egg-session@3.2.0@egg-session/app/extend/application.js",
    "start": 1611386230978,
    "end": 1611386230979,
    "duration": 1,
    "pid": 19132,
    "index": 26
  },
  {
    "name": "Require(22) node_modules/_egg-security@2.8.0@egg-security/app/extend/application.js",
    "start": 1611386230979,
    "end": 1611386230980,
    "duration": 1,
    "pid": 19132,
    "index": 27
  },
  {
    "name": "Require(23) node_modules/_egg-jsonp@2.0.0@egg-jsonp/app/extend/application.js",
    "start": 1611386230981,
    "end": 1611386230983,
    "duration": 2,
    "pid": 19132,
    "index": 28
  },
  {
    "name": "Require(24) node_modules/_egg-logrotator@3.1.0@egg-logrotator/app/extend/application.js",
    "start": 1611386230985,
    "end": 1611386230988,
    "duration": 3,
    "pid": 19132,
    "index": 29
  },
  {
    "name": "Require(25) node_modules/_egg-view@2.1.3@egg-view/app/extend/application.js",
    "start": 1611386230988,
    "end": 1611386230990,
    "duration": 2,
    "pid": 19132,
    "index": 30
  },
  {
    "name": "Load extend/request.js",
    "start": 1611386230994,
    "end": 1611386231002,
    "duration": 8,
    "pid": 19132,
    "index": 31
  },
  {
    "name": "Require(26) node_modules/_egg@2.29.1@egg/app/extend/request.js",
    "start": 1611386230997,
    "end": 1611386230999,
    "duration": 2,
    "pid": 19132,
    "index": 32
  },
  {
    "name": "Load extend/response.js",
    "start": 1611386231002,
    "end": 1611386231013,
    "duration": 11,
    "pid": 19132,
    "index": 33
  },
  {
    "name": "Require(27) node_modules/_egg@2.29.1@egg/app/extend/response.js",
    "start": 1611386231007,
    "end": 1611386231010,
    "duration": 3,
    "pid": 19132,
    "index": 34
  },
  {
    "name": "Load extend/context.js",
    "start": 1611386231013,
    "end": 1611386231086,
    "duration": 73,
    "pid": 19132,
    "index": 35
  },
  {
    "name": "Require(28) node_modules/_egg-security@2.8.0@egg-security/app/extend/context.js",
    "start": 1611386231014,
    "end": 1611386231028,
    "duration": 14,
    "pid": 19132,
    "index": 36
  },
  {
    "name": "Require(29) node_modules/_egg-jsonp@2.0.0@egg-jsonp/app/extend/context.js",
    "start": 1611386231028,
    "end": 1611386231030,
    "duration": 2,
    "pid": 19132,
    "index": 37
  },
  {
    "name": "Require(30) node_modules/_egg-i18n@2.1.1@egg-i18n/app/extend/context.js",
    "start": 1611386231031,
    "end": 1611386231031,
    "duration": 0,
    "pid": 19132,
    "index": 38
  },
  {
    "name": "Require(31) node_modules/_egg-multipart@2.10.3@egg-multipart/app/extend/context.js",
    "start": 1611386231032,
    "end": 1611386231079,
    "duration": 47,
    "pid": 19132,
    "index": 39
  },
  {
    "name": "Require(32) node_modules/_egg-view@2.1.3@egg-view/app/extend/context.js",
    "start": 1611386231080,
    "end": 1611386231081,
    "duration": 1,
    "pid": 19132,
    "index": 40
  },
  {
    "name": "Require(33) node_modules/_egg@2.29.1@egg/app/extend/context.js",
    "start": 1611386231082,
    "end": 1611386231083,
    "duration": 1,
    "pid": 19132,
    "index": 41
  },
  {
    "name": "Load extend/helper.js",
    "start": 1611386231086,
    "end": 1611386231109,
    "duration": 23,
    "pid": 19132,
    "index": 42
  },
  {
    "name": "Require(34) node_modules/_egg-security@2.8.0@egg-security/app/extend/helper.js",
    "start": 1611386231087,
    "end": 1611386231103,
    "duration": 16,
    "pid": 19132,
    "index": 43
  },
  {
    "name": "Require(35) node_modules/_egg@2.29.1@egg/app/extend/helper.js",
    "start": 1611386231106,
    "end": 1611386231106,
    "duration": 0,
    "pid": 19132,
    "index": 44
  },
  {
    "name": "Load app.js",
    "start": 1611386231109,
    "end": 1611386231144,
    "duration": 35,
    "pid": 19132,
    "index": 45
  },
  {
    "name": "Require(36) node_modules/_egg-session@3.2.0@egg-session/app.js",
    "start": 1611386231110,
    "end": 1611386231110,
    "duration": 0,
    "pid": 19132,
    "index": 46
  },
  {
    "name": "Require(37) node_modules/_egg-security@2.8.0@egg-security/app.js",
    "start": 1611386231110,
    "end": 1611386231112,
    "duration": 2,
    "pid": 19132,
    "index": 47
  },
  {
    "name": "Require(38) node_modules/_egg-onerror@2.1.0@egg-onerror/app.js",
    "start": 1611386231113,
    "end": 1611386231123,
    "duration": 10,
    "pid": 19132,
    "index": 48
  },
  {
    "name": "Require(39) node_modules/_egg-i18n@2.1.1@egg-i18n/app.js",
    "start": 1611386231124,
    "end": 1611386231132,
    "duration": 8,
    "pid": 19132,
    "index": 49
  },
  {
    "name": "Require(40) node_modules/_egg-watcher@3.1.1@egg-watcher/app.js",
    "start": 1611386231133,
    "end": 1611386231137,
    "duration": 4,
    "pid": 19132,
    "index": 50
  },
  {
    "name": "Require(41) node_modules/_egg-schedule@3.6.6@egg-schedule/app.js",
    "start": 1611386231137,
    "end": 1611386231139,
    "duration": 2,
    "pid": 19132,
    "index": 51
  },
  {
    "name": "Require(42) node_modules/_egg-multipart@2.10.3@egg-multipart/app.js",
    "start": 1611386231140,
    "end": 1611386231140,
    "duration": 0,
    "pid": 19132,
    "index": 52
  },
  {
    "name": "Require(43) node_modules/_egg-development@2.7.0@egg-development/app.js",
    "start": 1611386231141,
    "end": 1611386231141,
    "duration": 0,
    "pid": 19132,
    "index": 53
  },
  {
    "name": "Require(44) node_modules/_egg-logrotator@3.1.0@egg-logrotator/app.js",
    "start": 1611386231141,
    "end": 1611386231141,
    "duration": 0,
    "pid": 19132,
    "index": 54
  },
  {
    "name": "Require(45) node_modules/_egg-static@2.2.0@egg-static/app.js",
    "start": 1611386231142,
    "end": 1611386231142,
    "duration": 0,
    "pid": 19132,
    "index": 55
  },
  {
    "name": "Require(46) node_modules/_egg-view-ejs@2.0.1@egg-view-ejs/app.js",
    "start": 1611386231143,
    "end": 1611386231143,
    "duration": 0,
    "pid": 19132,
    "index": 56
  },
  {
    "name": "Before Start in node_modules/_egg-watcher@3.1.1@egg-watcher/lib/init.js:15:14",
    "start": 1611386231152,
    "end": 1611386231341,
    "duration": 189,
    "pid": 19132,
    "index": 57
  },
  {
    "name": "Load Service",
    "start": 1611386231186,
    "end": 1611386231190,
    "duration": 4,
    "pid": 19132,
    "index": 58
  },
  {
    "name": "Load \"service\" to Context",
    "start": 1611386231186,
    "end": 1611386231190,
    "duration": 4,
    "pid": 19132,
    "index": 59
  },
  {
    "name": "Load Middleware",
    "start": 1611386231190,
    "end": 1611386231321,
    "duration": 131,
    "pid": 19132,
    "index": 60
  },
  {
    "name": "Load \"middlewares\" to Application",
    "start": 1611386231191,
    "end": 1611386231305,
    "duration": 114,
    "pid": 19132,
    "index": 61
  },
  {
    "name": "Load Controller",
    "start": 1611386231321,
    "end": 1611386231325,
    "duration": 4,
    "pid": 19132,
    "index": 62
  },
  {
    "name": "Load \"controller\" to Application",
    "start": 1611386231322,
    "end": 1611386231325,
    "duration": 3,
    "pid": 19132,
    "index": 63
  },
  {
    "name": "Load Router",
    "start": 1611386231325,
    "end": 1611386231327,
    "duration": 2,
    "pid": 19132,
    "index": 64
  },
  {
    "name": "Require(47) app/router.js",
    "start": 1611386231325,
    "end": 1611386231325,
    "duration": 0,
    "pid": 19132,
    "index": 65
  },
  {
    "name": "Before Start in node_modules/_egg-core@4.20.0@egg-core/lib/egg.js:303:10",
    "start": 1611386231326,
    "end": 1611386231333,
    "duration": 7,
    "pid": 19132,
    "index": 66
  }
]