[
  {
    "name": "Process Start",
    "start": 1611386211136,
    "end": 1611386212165,
    "duration": 1029,
    "pid": 17004,
    "index": 0
  },
  {
    "name": "Application Start",
    "start": 1611386212166,
    "end": 1611386212577,
    "duration": 411,
    "pid": 17004,
    "index": 1
  },
  {
    "name": "Load Plugin",
    "start": 1611386212170,
    "end": 1611386212194,
    "duration": 24,
    "pid": 17004,
    "index": 2
  },
  {
    "name": "Load Config",
    "start": 1611386212194,
    "end": 1611386212217,
    "duration": 23,
    "pid": 17004,
    "index": 3
  },
  {
    "name": "Require(0) config/config.default.js",
    "start": 1611386212195,
    "end": 1611386212195,
    "duration": 0,
    "pid": 17004,
    "index": 4
  },
  {
    "name": "Require(1) node_modules/_egg-session@3.2.0@egg-session/config/config.default.js",
    "start": 1611386212196,
    "end": 1611386212197,
    "duration": 1,
    "pid": 17004,
    "index": 5
  },
  {
    "name": "Require(2) node_modules/_egg-security@2.8.0@egg-security/config/config.default.js",
    "start": 1611386212197,
    "end": 1611386212198,
    "duration": 1,
    "pid": 17004,
    "index": 6
  },
  {
    "name": "Require(3) node_modules/_egg-jsonp@2.0.0@egg-jsonp/config/config.default.js",
    "start": 1611386212198,
    "end": 1611386212199,
    "duration": 1,
    "pid": 17004,
    "index": 7
  },
  {
    "name": "Require(4) node_modules/_egg-onerror@2.1.0@egg-onerror/config/config.default.js",
    "start": 1611386212199,
    "end": 1611386212200,
    "duration": 1,
    "pid": 17004,
    "index": 8
  },
  {
    "name": "Require(5) node_modules/_egg-i18n@2.1.1@egg-i18n/config/config.default.js",
    "start": 1611386212200,
    "end": 1611386212200,
    "duration": 0,
    "pid": 17004,
    "index": 9
  },
  {
    "name": "Require(6) node_modules/_egg-watcher@3.1.1@egg-watcher/config/config.default.js",
    "start": 1611386212201,
    "end": 1611386212201,
    "duration": 0,
    "pid": 17004,
    "index": 10
  },
  {
    "name": "Require(7) node_modules/_egg-schedule@3.6.6@egg-schedule/config/config.default.js",
    "start": 1611386212202,
    "end": 1611386212202,
    "duration": 0,
    "pid": 17004,
    "index": 11
  },
  {
    "name": "Require(8) node_modules/_egg-multipart@2.10.3@egg-multipart/config/config.default.js",
    "start": 1611386212203,
    "end": 1611386212203,
    "duration": 0,
    "pid": 17004,
    "index": 12
  },
  {
    "name": "Require(9) node_modules/_egg-development@2.7.0@egg-development/config/config.default.js",
    "start": 1611386212204,
    "end": 1611386212204,
    "duration": 0,
    "pid": 17004,
    "index": 13
  },
  {
    "name": "Require(10) node_modules/_egg-logrotator@3.1.0@egg-logrotator/config/config.default.js",
    "start": 1611386212204,
    "end": 1611386212205,
    "duration": 1,
    "pid": 17004,
    "index": 14
  },
  {
    "name": "Require(11) node_modules/_egg-static@2.2.0@egg-static/config/config.default.js",
    "start": 1611386212206,
    "end": 1611386212207,
    "duration": 1,
    "pid": 17004,
    "index": 15
  },
  {
    "name": "Require(12) node_modules/_egg-view@2.1.3@egg-view/config/config.default.js",
    "start": 1611386212207,
    "end": 1611386212208,
    "duration": 1,
    "pid": 17004,
    "index": 16
  },
  {
    "name": "Require(13) node_modules/_egg-view-ejs@2.0.1@egg-view-ejs/config/config.default.js",
    "start": 1611386212208,
    "end": 1611386212209,
    "duration": 1,
    "pid": 17004,
    "index": 17
  },
  {
    "name": "Require(14) node_modules/_egg@2.29.1@egg/config/config.default.js",
    "start": 1611386212209,
    "end": 1611386212210,
    "duration": 1,
    "pid": 17004,
    "index": 18
  },
  {
    "name": "Require(15) config/config.default.js",
    "start": 1611386212211,
    "end": 1611386212211,
    "duration": 0,
    "pid": 17004,
    "index": 19
  },
  {
    "name": "Require(16) node_modules/_egg-security@2.8.0@egg-security/config/config.local.js",
    "start": 1611386212211,
    "end": 1611386212212,
    "duration": 1,
    "pid": 17004,
    "index": 20
  },
  {
    "name": "Require(17) node_modules/_egg-watcher@3.1.1@egg-watcher/config/config.local.js",
    "start": 1611386212213,
    "end": 1611386212213,
    "duration": 0,
    "pid": 17004,
    "index": 21
  },
  {
    "name": "Require(18) node_modules/_egg-view@2.1.3@egg-view/config/config.local.js",
    "start": 1611386212215,
    "end": 1611386212215,
    "duration": 0,
    "pid": 17004,
    "index": 22
  },
  {
    "name": "Require(19) node_modules/_egg-view-ejs@2.0.1@egg-view-ejs/config/config.local.js",
    "start": 1611386212216,
    "end": 1611386212216,
    "duration": 0,
    "pid": 17004,
    "index": 23
  },
  {
    "name": "Require(20) node_modules/_egg@2.29.1@egg/config/config.local.js",
    "start": 1611386212216,
    "end": 1611386212216,
    "duration": 0,
    "pid": 17004,
    "index": 24
  },
  {
    "name": "Load extend/application.js",
    "start": 1611386212217,
    "end": 1611386212233,
    "duration": 16,
    "pid": 17004,
    "index": 25
  },
  {
    "name": "Require(21) node_modules/_egg-session@3.2.0@egg-session/app/extend/application.js",
    "start": 1611386212218,
    "end": 1611386212218,
    "duration": 0,
    "pid": 17004,
    "index": 26
  },
  {
    "name": "Require(22) node_modules/_egg-security@2.8.0@egg-security/app/extend/application.js",
    "start": 1611386212219,
    "end": 1611386212220,
    "duration": 1,
    "pid": 17004,
    "index": 27
  },
  {
    "name": "Require(23) node_modules/_egg-jsonp@2.0.0@egg-jsonp/app/extend/application.js",
    "start": 1611386212220,
    "end": 1611386212224,
    "duration": 4,
    "pid": 17004,
    "index": 28
  },
  {
    "name": "Require(24) node_modules/_egg-logrotator@3.1.0@egg-logrotator/app/extend/application.js",
    "start": 1611386212225,
    "end": 1611386212228,
    "duration": 3,
    "pid": 17004,
    "index": 29
  },
  {
    "name": "Require(25) node_modules/_egg-view@2.1.3@egg-view/app/extend/application.js",
    "start": 1611386212229,
    "end": 1611386212230,
    "duration": 1,
    "pid": 17004,
    "index": 30
  },
  {
    "name": "Load extend/request.js",
    "start": 1611386212233,
    "end": 1611386212243,
    "duration": 10,
    "pid": 17004,
    "index": 31
  },
  {
    "name": "Require(26) node_modules/_egg@2.29.1@egg/app/extend/request.js",
    "start": 1611386212236,
    "end": 1611386212237,
    "duration": 1,
    "pid": 17004,
    "index": 32
  },
  {
    "name": "Load extend/response.js",
    "start": 1611386212243,
    "end": 1611386212252,
    "duration": 9,
    "pid": 17004,
    "index": 33
  },
  {
    "name": "Require(27) node_modules/_egg@2.29.1@egg/app/extend/response.js",
    "start": 1611386212245,
    "end": 1611386212249,
    "duration": 4,
    "pid": 17004,
    "index": 34
  },
  {
    "name": "Load extend/context.js",
    "start": 1611386212252,
    "end": 1611386212324,
    "duration": 72,
    "pid": 17004,
    "index": 35
  },
  {
    "name": "Require(28) node_modules/_egg-security@2.8.0@egg-security/app/extend/context.js",
    "start": 1611386212252,
    "end": 1611386212266,
    "duration": 14,
    "pid": 17004,
    "index": 36
  },
  {
    "name": "Require(29) node_modules/_egg-jsonp@2.0.0@egg-jsonp/app/extend/context.js",
    "start": 1611386212266,
    "end": 1611386212268,
    "duration": 2,
    "pid": 17004,
    "index": 37
  },
  {
    "name": "Require(30) node_modules/_egg-i18n@2.1.1@egg-i18n/app/extend/context.js",
    "start": 1611386212268,
    "end": 1611386212269,
    "duration": 1,
    "pid": 17004,
    "index": 38
  },
  {
    "name": "Require(31) node_modules/_egg-multipart@2.10.3@egg-multipart/app/extend/context.js",
    "start": 1611386212270,
    "end": 1611386212317,
    "duration": 47,
    "pid": 17004,
    "index": 39
  },
  {
    "name": "Require(32) node_modules/_egg-view@2.1.3@egg-view/app/extend/context.js",
    "start": 1611386212318,
    "end": 1611386212319,
    "duration": 1,
    "pid": 17004,
    "index": 40
  },
  {
    "name": "Require(33) node_modules/_egg@2.29.1@egg/app/extend/context.js",
    "start": 1611386212319,
    "end": 1611386212320,
    "duration": 1,
    "pid": 17004,
    "index": 41
  },
  {
    "name": "Load extend/helper.js",
    "start": 1611386212324,
    "end": 1611386212347,
    "duration": 23,
    "pid": 17004,
    "index": 42
  },
  {
    "name": "Require(34) node_modules/_egg-security@2.8.0@egg-security/app/extend/helper.js",
    "start": 1611386212325,
    "end": 1611386212341,
    "duration": 16,
    "pid": 17004,
    "index": 43
  },
  {
    "name": "Require(35) node_modules/_egg@2.29.1@egg/app/extend/helper.js",
    "start": 1611386212344,
    "end": 1611386212344,
    "duration": 0,
    "pid": 17004,
    "index": 44
  },
  {
    "name": "Load app.js",
    "start": 1611386212348,
    "end": 1611386212383,
    "duration": 35,
    "pid": 17004,
    "index": 45
  },
  {
    "name": "Require(36) node_modules/_egg-session@3.2.0@egg-session/app.js",
    "start": 1611386212348,
    "end": 1611386212348,
    "duration": 0,
    "pid": 17004,
    "index": 46
  },
  {
    "name": "Require(37) node_modules/_egg-security@2.8.0@egg-security/app.js",
    "start": 1611386212349,
    "end": 1611386212351,
    "duration": 2,
    "pid": 17004,
    "index": 47
  },
  {
    "name": "Require(38) node_modules/_egg-onerror@2.1.0@egg-onerror/app.js",
    "start": 1611386212351,
    "end": 1611386212362,
    "duration": 11,
    "pid": 17004,
    "index": 48
  },
  {
    "name": "Require(39) node_modules/_egg-i18n@2.1.1@egg-i18n/app.js",
    "start": 1611386212363,
    "end": 1611386212370,
    "duration": 7,
    "pid": 17004,
    "index": 49
  },
  {
    "name": "Require(40) node_modules/_egg-watcher@3.1.1@egg-watcher/app.js",
    "start": 1611386212371,
    "end": 1611386212375,
    "duration": 4,
    "pid": 17004,
    "index": 50
  },
  {
    "name": "Require(41) node_modules/_egg-schedule@3.6.6@egg-schedule/app.js",
    "start": 1611386212376,
    "end": 1611386212378,
    "duration": 2,
    "pid": 17004,
    "index": 51
  },
  {
    "name": "Require(42) node_modules/_egg-multipart@2.10.3@egg-multipart/app.js",
    "start": 1611386212378,
    "end": 1611386212378,
    "duration": 0,
    "pid": 17004,
    "index": 52
  },
  {
    "name": "Require(43) node_modules/_egg-development@2.7.0@egg-development/app.js",
    "start": 1611386212379,
    "end": 1611386212379,
    "duration": 0,
    "pid": 17004,
    "index": 53
  },
  {
    "name": "Require(44) node_modules/_egg-logrotator@3.1.0@egg-logrotator/app.js",
    "start": 1611386212380,
    "end": 1611386212380,
    "duration": 0,
    "pid": 17004,
    "index": 54
  },
  {
    "name": "Require(45) node_modules/_egg-static@2.2.0@egg-static/app.js",
    "start": 1611386212381,
    "end": 1611386212381,
    "duration": 0,
    "pid": 17004,
    "index": 55
  },
  {
    "name": "Require(46) node_modules/_egg-view-ejs@2.0.1@egg-view-ejs/app.js",
    "start": 1611386212381,
    "end": 1611386212382,
    "duration": 1,
    "pid": 17004,
    "index": 56
  },
  {
    "name": "Before Start in node_modules/_egg-watcher@3.1.1@egg-watcher/lib/init.js:15:14",
    "start": 1611386212391,
    "end": 1611386212577,
    "duration": 186,
    "pid": 17004,
    "index": 57
  },
  {
    "name": "Load Service",
    "start": 1611386212421,
    "end": 1611386212430,
    "duration": 9,
    "pid": 17004,
    "index": 58
  },
  {
    "name": "Load \"service\" to Context",
    "start": 1611386212421,
    "end": 1611386212430,
    "duration": 9,
    "pid": 17004,
    "index": 59
  },
  {
    "name": "Load Middleware",
    "start": 1611386212430,
    "end": 1611386212559,
    "duration": 129,
    "pid": 17004,
    "index": 60
  },
  {
    "name": "Load \"middlewares\" to Application",
    "start": 1611386212430,
    "end": 1611386212544,
    "duration": 114,
    "pid": 17004,
    "index": 61
  },
  {
    "name": "Load Controller",
    "start": 1611386212559,
    "end": 1611386212562,
    "duration": 3,
    "pid": 17004,
    "index": 62
  },
  {
    "name": "Load \"controller\" to Application",
    "start": 1611386212559,
    "end": 1611386212562,
    "duration": 3,
    "pid": 17004,
    "index": 63
  },
  {
    "name": "Load Router",
    "start": 1611386212562,
    "end": 1611386212564,
    "duration": 2,
    "pid": 17004,
    "index": 64
  },
  {
    "name": "Require(47) app/router.js",
    "start": 1611386212562,
    "end": 1611386212563,
    "duration": 1,
    "pid": 17004,
    "index": 65
  },
  {
    "name": "Before Start in node_modules/_egg-core@4.20.0@egg-core/lib/egg.js:303:10",
    "start": 1611386212563,
    "end": 1611386212570,
    "duration": 7,
    "pid": 17004,
    "index": 66
  }
]