{
  "config": {
    "session": {
      "maxAge": 1800000,
      "key": "SESSION_ID",
      "httpOnly": true,
      "encrypt": true,
      "renew": true,
      "overwrite": true,
      "signed": true,
      "autoCommit": true,
      "encode": "<Function encode>",
      "decode": "<Function decode>",
      "genid": "<Function v4>"
    },
    "security": {
      "domainWhiteList": [],
      "protocolWhiteList": [],
      "defaultMiddleware": "csrf,hsts,methodnoallow,noopen,nosniff,csp,xssProtection,xframe,dta",
      "csrf": {
        "enable": true,
        "type": "ctoken",
        "ignoreJSON": false,
        "useSession": false,
        "cookieName": "csrfToken",
        "sessionName": "csrfToken",
        "headerName": "x-csrf-token",
        "bodyName": "_csrf",
        "queryName": "_csrf",
        "refererWhiteList": [],
        "matching": "<Function anonymous>"
      },
      "xframe": {
        "enable": true,
        "value": "SAMEORIGIN",
        "matching": "<Function anonymous>"
      },
      "hsts": {
        "enable": false,
        "maxAge": 31536000,
        "includeSubdomains": false
      },
      "dta": {
        "enable": true,
        "matching": "<Function anonymous>"
      },
      "methodnoallow": {
        "enable": true,
        "matching": "<Function anonymous>"
      },
      "noopen": {
        "enable": true,
        "matching": "<Function anonymous>"
      },
      "nosniff": {
        "enable": true,
        "matching": "<Function anonymous>"
      },
      "referrerPolicy": {
        "enable": false,
        "value": "no-referrer-when-downgrade"
      },
      "xssProtection": {
        "enable": true,
        "value": "1; mode=block",
        "matching": "<Function anonymous>"
      },
      "csp": {
        "enable": false,
        "policy": {}
      },
      "ssrf": {
        "ipBlackList": null,
        "checkAddress": null
      },
      "_protocolWhiteListSet": "<Set>"
    },
    "helper": {
      "shtml": {}
    },
    "jsonp": {
      "limit": 50,
      "callback": [
        "_callback",
        "callback"
      ],
      "csrf": false
    },
    "onerror": {
      "errorPageUrl": "",
      "appErrorFilter": null,
      "templatePath": "D:\\egg\\eggdemo01\\node_modules\\_egg-onerror@2.1.0@egg-onerror\\lib\\onerror_page.mustache"
    },
    "i18n": {
      "defaultLocale": "en_US",
      "dirs": [
        "D:\\egg\\eggdemo01\\node_modules\\_egg-session@3.2.0@egg-session\\config\\locales",
        "D:\\egg\\eggdemo01\\node_modules\\_egg-security@2.8.0@egg-security\\config\\locales",
        "D:\\egg\\eggdemo01\\node_modules\\_egg-jsonp@2.0.0@egg-jsonp\\config\\locales",
        "D:\\egg\\eggdemo01\\node_modules\\_egg-onerror@2.1.0@egg-onerror\\config\\locales",
        "D:\\egg\\eggdemo01\\node_modules\\_egg-i18n@2.1.1@egg-i18n\\config\\locales",
        "D:\\egg\\eggdemo01\\node_modules\\_egg-watcher@3.1.1@egg-watcher\\config\\locales",
        "D:\\egg\\eggdemo01\\node_modules\\_egg-schedule@3.6.6@egg-schedule\\config\\locales",
        "D:\\egg\\eggdemo01\\node_modules\\_egg-multipart@2.10.3@egg-multipart\\config\\locales",
        "D:\\egg\\eggdemo01\\node_modules\\_egg-development@2.7.0@egg-development\\config\\locales",
        "D:\\egg\\eggdemo01\\node_modules\\_egg-logrotator@3.1.0@egg-logrotator\\config\\locales",
        "D:\\egg\\eggdemo01\\node_modules\\_egg-static@2.2.0@egg-static\\config\\locales",
        "D:\\egg\\eggdemo01\\node_modules\\_egg-view@2.1.3@egg-view\\config\\locales",
        "D:\\egg\\eggdemo01\\node_modules\\_egg-view-ejs@2.0.1@egg-view-ejs\\config\\locales",
        "D:\\egg\\eggdemo01\\node_modules\\_egg@2.29.1@egg\\config\\locales",
        "D:\\egg\\eggdemo01\\config\\locales"
      ],
      "queryField": "locale",
      "cookieField": "locale",
      "cookieDomain": "",
      "cookieMaxAge": "1y",
      "functionName": "__"
    },
    "watcher": {
      "type": "development",
      "eventSources": {
        "default": "D:\\egg\\eggdemo01\\node_modules\\_egg-watcher@3.1.1@egg-watcher\\lib\\event-sources\\default",
        "development": "D:\\egg\\eggdemo01\\node_modules\\_egg-watcher@3.1.1@egg-watcher\\lib\\event-sources\\development"
      }
    },
    "customLogger": {
      "scheduleLogger": {
        "consoleLevel": "NONE",
        "file": "egg-schedule.log"
      }
    },
    "schedule": {
      "directory": []
    },
    "multipart": {
      "mode": "stream",
      "autoFields": false,
      "defaultCharset": "utf8",
      "fieldNameSize": 100,
      "fieldSize": 102400,
      "fields": 10,
      "fileSize": 10485760,
      "files": 10,
      "fileExtensions": [],
      "whitelist": null,
      "tmpdir": "C:\\Users\\HTZHAN\\x7e1\\AppData\\Local\\Temp\\egg-multipart-tmp\\eggdemo01",
      "cleanSchedule": {
        "cron": "0 30 4 * * *"
      }
    },
    "development": {
      "watchDirs": [],
      "ignoreDirs": [],
      "fastReady": false,
      "reloadOnDebug": true,
      "overrideDefault": false,
      "overrideIgnore": false
    },
    "logrotator": {
      "filesRotateByHour": null,
      "hourDelimiter": "-",
      "filesRotateBySize": null,
      "maxFileSize": 52428800,
      "maxFiles": 10,
      "rotateDuration": 60000,
      "maxDays": 31
    },
    "static": {
      "prefix": "/public/",
      "dir": "D:\\egg\\eggdemo01\\app\\public",
      "dynamic": true,
      "preload": false,
      "buffer": false,
      "maxFiles": 1000
    },
    "view": {
      "root": [
        "D:\\egg\\eggdemo01\\app\\view"
      ],
      "cache": false,
      "defaultExtension": ".html",
      "defaultViewEngine": "",
      "mapping": {
        ".html": "ejs"
      }
    },
    "ejs": {
      "root": "D:\\egg\\eggdemo01\\app\\view",
      "cache": false,
      "debug": false,
      "compileDebug": true,
      "delimiter": null,
      "strict": false
    },
    "env": "local",
    "name": "eggdemo01",
    "keys": "<String len: 28>",
    "cookies": {},
    "proxy": false,
    "maxIpsCount": 0,
    "maxProxyCount": 0,
    "protocolHeaders": "x-forwarded-proto",
    "ipHeaders": "x-forwarded-for",
    "hostHeaders": "",
    "pkg": {
      "name": "eggdemo01",
      "version": "1.0.0",
      "description": "",
      "private": true,
      "egg": {
        "declarations": true
      },
      "dependencies": {
        "egg": "^2.15.1",
        "egg-scripts": "^2.11.0",
        "egg-view-ejs": "^2.0.1",
        "silly-datetime": "^0.1.2"
      },
      "devDependencies": {
        "autod": "^3.0.1",
        "autod-egg": "^1.1.0",
        "egg-bin": "^4.11.0",
        "egg-ci": "^1.11.0",
        "egg-mock": "^3.21.0",
        "eslint": "^5.13.0",
        "eslint-config-egg": "^7.1.0"
      },
      "engines": {
        "node": ">=10.0.0"
      },
      "scripts": {
        "start": "egg-scripts start --daemon --title=egg-server-eggdemo01",
        "stop": "egg-scripts stop --title=egg-server-eggdemo01",
        "dev": "egg-bin dev",
        "debug": "egg-bin debug",
        "test": "npm run lint -- --fix && npm run test-local",
        "test-local": "egg-bin test",
        "cov": "egg-bin cov",
        "lint": "eslint .",
        "ci": "npm run lint && npm run cov",
        "autod": "autod"
      },
      "ci": {
        "version": "10"
      },
      "repository": {
        "type": "git",
        "url": ""
      },
      "author": "",
      "license": "MIT"
    },
    "baseDir": "D:\\egg\\eggdemo01",
    "HOME": "C:\\Users\\htzhanglong",
    "rundir": "D:\\egg\\eggdemo01\\run",
    "dump": {
      "ignore": "<Set>"
    },
    "confusedConfigurations": {
      "bodyparser": "bodyParser",
      "notFound": "notfound",
      "sitefile": "siteFile",
      "middlewares": "middleware",
      "httpClient": "httpclient"
    },
    "notfound": {
      "pageUrl": ""
    },
    "siteFile": {
      "/favicon.ico": "<Buffer len: 6463>"
    },
    "bodyParser": {
      "enable": true,
      "encoding": "utf8",
      "formLimit": "1mb",
      "jsonLimit": "1mb",
      "textLimit": "1mb",
      "strict": true,
      "queryString": {
        "arrayLimit": 100,
        "depth": 5,
        "parameterLimit": 1000
      },
      "returnRawBody": true
    },
    "logger": {
      "dir": "D:\\egg\\eggdemo01\\logs\\eggdemo01",
      "encoding": "utf8",
      "env": "local",
      "level": "INFO",
      "consoleLevel": "INFO",
      "disableConsoleAfterReady": false,
      "outputJSON": false,
      "buffer": true,
      "appLogName": "eggdemo01-web.log",
      "coreLogName": "egg-web.log",
      "agentLogName": "egg-agent.log",
      "errorLogName": "common-error.log",
      "coreLogger": {
        "consoleLevel": "WARN"
      },
      "allowDebugAtProd": false,
      "type": "application"
    },
    "httpclient": {
      "enableDNSCache": false,
      "dnsCacheLookupInterval": 10000,
      "dnsCacheMaxLength": 1000,
      "request": {
        "timeout": 5000
      },
      "httpAgent": {
        "keepAlive": true,
        "freeSocketTimeout": 4000,
        "maxSockets": 9007199254740991,
        "maxFreeSockets": 256
      },
      "httpsAgent": {
        "keepAlive": true,
        "freeSocketTimeout": 4000,
        "maxSockets": 9007199254740991,
        "maxFreeSockets": 256
      }
    },
    "meta": {
      "enable": true,
      "logging": false
    },
    "coreMiddleware": [
      "meta",
      "siteFile",
      "notfound",
      "static",
      "bodyParser",
      "overrideMethod",
      "session",
      "securities",
      "i18n",
      "eggLoaderTrace"
    ],
    "workerStartTimeout": 600000,
    "serverTimeout": null,
    "cluster": {
      "listen": {
        "path": "",
        "port": 7001,
        "hostname": ""
      }
    },
    "clusterClient": {
      "maxWaitTime": 60000,
      "responseTimeout": 60000
    },
    "onClientError": null,
    "middleware": [
      "auth"
    ],
    "auth": {
      "title": "this is auth111"
    },
    "coreMiddlewares": "~config~coreMiddleware",
    "appMiddlewares": "~config~middleware",
    "appMiddleware": "~config~middleware",
    "multipartParseOptions": {
      "autoFields": false,
      "defCharset": "utf8",
      "limits": {
        "fieldNameSize": 100,
        "fieldSize": 102400,
        "fields": 10,
        "fileSize": 10485760,
        "files": 10
      },
      "checkFile": "<Function checkFile>"
    }
  },
  "plugins": {
    "onerror": {
      "enable": true,
      "package": "egg-onerror",
      "name": "onerror",
      "dependencies": [],
      "optionalDependencies": [
        "jsonp"
      ],
      "env": [],
      "from": "D:\\egg\\eggdemo01\\node_modules\\_egg@2.29.1@egg\\config\\plugin.js",
      "path": "D:\\egg\\eggdemo01\\node_modules\\_egg-onerror@2.1.0@egg-onerror",
      "version": "2.1.0"
    },
    "session": {
      "enable": true,
      "package": "egg-session",
      "name": "session",
      "dependencies": [],
      "optionalDependencies": [],
      "env": [],
      "from": "D:\\egg\\eggdemo01\\node_modules\\_egg@2.29.1@egg\\config\\plugin.js",
      "path": "D:\\egg\\eggdemo01\\node_modules\\_egg-session@3.2.0@egg-session",
      "version": "3.2.0"
    },
    "i18n": {
      "enable": true,
      "package": "egg-i18n",
      "name": "i18n",
      "dependencies": [],
      "optionalDependencies": [],
      "env": [],
      "from": "D:\\egg\\eggdemo01\\node_modules\\_egg@2.29.1@egg\\config\\plugin.js",
      "path": "D:\\egg\\eggdemo01\\node_modules\\_egg-i18n@2.1.1@egg-i18n",
      "version": "2.1.1"
    },
    "watcher": {
      "enable": true,
      "package": "egg-watcher",
      "name": "watcher",
      "dependencies": [],
      "optionalDependencies": [],
      "env": [],
      "from": "D:\\egg\\eggdemo01\\node_modules\\_egg@2.29.1@egg\\config\\plugin.js",
      "path": "D:\\egg\\eggdemo01\\node_modules\\_egg-watcher@3.1.1@egg-watcher",
      "version": "3.1.1"
    },
    "multipart": {
      "enable": true,
      "package": "egg-multipart",
      "name": "multipart",
      "dependencies": [],
      "optionalDependencies": [
        "schedule"
      ],
      "env": [],
      "from": "D:\\egg\\eggdemo01\\node_modules\\_egg@2.29.1@egg\\config\\plugin.js",
      "path": "D:\\egg\\eggdemo01\\node_modules\\_egg-multipart@2.10.3@egg-multipart",
      "version": "2.10.3"
    },
    "security": {
      "enable": true,
      "package": "egg-security",
      "name": "security",
      "dependencies": [],
      "optionalDependencies": [
        "session"
      ],
      "env": [],
      "from": "D:\\egg\\eggdemo01\\node_modules\\_egg@2.29.1@egg\\config\\plugin.js",
      "path": "D:\\egg\\eggdemo01\\node_modules\\_egg-security@2.8.0@egg-security",
      "version": "2.8.0"
    },
    "development": {
      "enable": true,
      "package": "egg-development",
      "name": "development",
      "dependencies": [
        "watcher"
      ],
      "optionalDependencies": [],
      "env": [
        "local"
      ],
      "from": "D:\\egg\\eggdemo01\\node_modules\\_egg@2.29.1@egg\\config\\plugin.js",
      "path": "D:\\egg\\eggdemo01\\node_modules\\_egg-development@2.7.0@egg-development",
      "version": "2.7.0"
    },
    "logrotator": {
      "enable": true,
      "package": "egg-logrotator",
      "name": "logrotator",
      "dependencies": [
        "schedule"
      ],
      "optionalDependencies": [],
      "env": [],
      "from": "D:\\egg\\eggdemo01\\node_modules\\_egg@2.29.1@egg\\config\\plugin.js",
      "path": "D:\\egg\\eggdemo01\\node_modules\\_egg-logrotator@3.1.0@egg-logrotator",
      "version": "3.1.0"
    },
    "schedule": {
      "enable": true,
      "package": "egg-schedule",
      "name": "schedule",
      "dependencies": [],
      "optionalDependencies": [],
      "env": [],
      "from": "D:\\egg\\eggdemo01\\node_modules\\_egg@2.29.1@egg\\config\\plugin.js",
      "path": "D:\\egg\\eggdemo01\\node_modules\\_egg-schedule@3.6.6@egg-schedule",
      "version": "3.6.6"
    },
    "static": {
      "enable": true,
      "package": "egg-static",
      "name": "static",
      "dependencies": [],
      "optionalDependencies": [],
      "env": [],
      "from": "D:\\egg\\eggdemo01\\node_modules\\_egg@2.29.1@egg\\config\\plugin.js",
      "path": "D:\\egg\\eggdemo01\\node_modules\\_egg-static@2.2.0@egg-static",
      "version": "2.2.0"
    },
    "jsonp": {
      "enable": true,
      "package": "egg-jsonp",
      "name": "jsonp",
      "dependencies": [],
      "optionalDependencies": [
        "security"
      ],
      "env": [],
      "from": "D:\\egg\\eggdemo01\\node_modules\\_egg@2.29.1@egg\\config\\plugin.js",
      "path": "D:\\egg\\eggdemo01\\node_modules\\_egg-jsonp@2.0.0@egg-jsonp",
      "version": "2.0.0"
    },
    "view": {
      "enable": true,
      "package": "egg-view",
      "name": "view",
      "dependencies": [],
      "optionalDependencies": [],
      "env": [],
      "from": "D:\\egg\\eggdemo01\\node_modules\\_egg@2.29.1@egg\\config\\plugin.js",
      "path": "D:\\egg\\eggdemo01\\node_modules\\_egg-view@2.1.3@egg-view",
      "version": "2.1.3"
    },
    "ejs": {
      "enable": true,
      "package": "egg-view-ejs",
      "name": "ejs",
      "dependencies": [
        "view"
      ],
      "optionalDependencies": [],
      "env": [],
      "from": "D:\\egg\\eggdemo01\\config\\plugin.js",
      "path": "D:\\egg\\eggdemo01\\node_modules\\_egg-view-ejs@2.0.1@egg-view-ejs",
      "version": "2.0.1"
    }
  }
}