[
  {
    "name": "Process Start",
    "start": 1611386224997,
    "end": 1611386226038,
    "duration": 1041,
    "pid": 14784,
    "index": 0
  },
  {
    "name": "Application Start",
    "start": 1611386226038,
    "end": 1611386226421,
    "duration": 383,
    "pid": 14784,
    "index": 1
  },
  {
    "name": "Load Plugin",
    "start": 1611386226042,
    "end": 1611386226062,
    "duration": 20,
    "pid": 14784,
    "index": 2
  },
  {
    "name": "Load Config",
    "start": 1611386226062,
    "end": 1611386226083,
    "duration": 21,
    "pid": 14784,
    "index": 3
  },
  {
    "name": "Require(0) config/config.default.js",
    "start": 1611386226062,
    "end": 1611386226063,
    "duration": 1,
    "pid": 14784,
    "index": 4
  },
  {
    "name": "Require(1) node_modules/_egg-session@3.2.0@egg-session/config/config.default.js",
    "start": 1611386226064,
    "end": 1611386226064,
    "duration": 0,
    "pid": 14784,
    "index": 5
  },
  {
    "name": "Require(2) node_modules/_egg-security@2.8.0@egg-security/config/config.default.js",
    "start": 1611386226065,
    "end": 1611386226065,
    "duration": 0,
    "pid": 14784,
    "index": 6
  },
  {
    "name": "Require(3) node_modules/_egg-jsonp@2.0.0@egg-jsonp/config/config.default.js",
    "start": 1611386226066,
    "end": 1611386226067,
    "duration": 1,
    "pid": 14784,
    "index": 7
  },
  {
    "name": "Require(4) node_modules/_egg-onerror@2.1.0@egg-onerror/config/config.default.js",
    "start": 1611386226067,
    "end": 1611386226068,
    "duration": 1,
    "pid": 14784,
    "index": 8
  },
  {
    "name": "Require(5) node_modules/_egg-i18n@2.1.1@egg-i18n/config/config.default.js",
    "start": 1611386226068,
    "end": 1611386226068,
    "duration": 0,
    "pid": 14784,
    "index": 9
  },
  {
    "name": "Require(6) node_modules/_egg-watcher@3.1.1@egg-watcher/config/config.default.js",
    "start": 1611386226069,
    "end": 1611386226070,
    "duration": 1,
    "pid": 14784,
    "index": 10
  },
  {
    "name": "Require(7) node_modules/_egg-schedule@3.6.6@egg-schedule/config/config.default.js",
    "start": 1611386226070,
    "end": 1611386226071,
    "duration": 1,
    "pid": 14784,
    "index": 11
  },
  {
    "name": "Require(8) node_modules/_egg-multipart@2.10.3@egg-multipart/config/config.default.js",
    "start": 1611386226071,
    "end": 1611386226072,
    "duration": 1,
    "pid": 14784,
    "index": 12
  },
  {
    "name": "Require(9) node_modules/_egg-development@2.7.0@egg-development/config/config.default.js",
    "start": 1611386226072,
    "end": 1611386226073,
    "duration": 1,
    "pid": 14784,
    "index": 13
  },
  {
    "name": "Require(10) node_modules/_egg-logrotator@3.1.0@egg-logrotator/config/config.default.js",
    "start": 1611386226073,
    "end": 1611386226073,
    "duration": 0,
    "pid": 14784,
    "index": 14
  },
  {
    "name": "Require(11) node_modules/_egg-static@2.2.0@egg-static/config/config.default.js",
    "start": 1611386226074,
    "end": 1611386226074,
    "duration": 0,
    "pid": 14784,
    "index": 15
  },
  {
    "name": "Require(12) node_modules/_egg-view@2.1.3@egg-view/config/config.default.js",
    "start": 1611386226075,
    "end": 1611386226075,
    "duration": 0,
    "pid": 14784,
    "index": 16
  },
  {
    "name": "Require(13) node_modules/_egg-view-ejs@2.0.1@egg-view-ejs/config/config.default.js",
    "start": 1611386226076,
    "end": 1611386226076,
    "duration": 0,
    "pid": 14784,
    "index": 17
  },
  {
    "name": "Require(14) node_modules/_egg@2.29.1@egg/config/config.default.js",
    "start": 1611386226077,
    "end": 1611386226077,
    "duration": 0,
    "pid": 14784,
    "index": 18
  },
  {
    "name": "Require(15) config/config.default.js",
    "start": 1611386226078,
    "end": 1611386226078,
    "duration": 0,
    "pid": 14784,
    "index": 19
  },
  {
    "name": "Require(16) node_modules/_egg-security@2.8.0@egg-security/config/config.local.js",
    "start": 1611386226079,
    "end": 1611386226079,
    "duration": 0,
    "pid": 14784,
    "index": 20
  },
  {
    "name": "Require(17) node_modules/_egg-watcher@3.1.1@egg-watcher/config/config.local.js",
    "start": 1611386226080,
    "end": 1611386226080,
    "duration": 0,
    "pid": 14784,
    "index": 21
  },
  {
    "name": "Require(18) node_modules/_egg-view@2.1.3@egg-view/config/config.local.js",
    "start": 1611386226082,
    "end": 1611386226082,
    "duration": 0,
    "pid": 14784,
    "index": 22
  },
  {
    "name": "Require(19) node_modules/_egg-view-ejs@2.0.1@egg-view-ejs/config/config.local.js",
    "start": 1611386226082,
    "end": 1611386226082,
    "duration": 0,
    "pid": 14784,
    "index": 23
  },
  {
    "name": "Require(20) node_modules/_egg@2.29.1@egg/config/config.local.js",
    "start": 1611386226083,
    "end": 1611386226083,
    "duration": 0,
    "pid": 14784,
    "index": 24
  },
  {
    "name": "Load extend/application.js",
    "start": 1611386226084,
    "end": 1611386226098,
    "duration": 14,
    "pid": 14784,
    "index": 25
  },
  {
    "name": "Require(21) node_modules/_egg-session@3.2.0@egg-session/app/extend/application.js",
    "start": 1611386226085,
    "end": 1611386226085,
    "duration": 0,
    "pid": 14784,
    "index": 26
  },
  {
    "name": "Require(22) node_modules/_egg-security@2.8.0@egg-security/app/extend/application.js",
    "start": 1611386226085,
    "end": 1611386226086,
    "duration": 1,
    "pid": 14784,
    "index": 27
  },
  {
    "name": "Require(23) node_modules/_egg-jsonp@2.0.0@egg-jsonp/app/extend/application.js",
    "start": 1611386226087,
    "end": 1611386226089,
    "duration": 2,
    "pid": 14784,
    "index": 28
  },
  {
    "name": "Require(24) node_modules/_egg-logrotator@3.1.0@egg-logrotator/app/extend/application.js",
    "start": 1611386226090,
    "end": 1611386226093,
    "duration": 3,
    "pid": 14784,
    "index": 29
  },
  {
    "name": "Require(25) node_modules/_egg-view@2.1.3@egg-view/app/extend/application.js",
    "start": 1611386226093,
    "end": 1611386226095,
    "duration": 2,
    "pid": 14784,
    "index": 30
  },
  {
    "name": "Load extend/request.js",
    "start": 1611386226098,
    "end": 1611386226105,
    "duration": 7,
    "pid": 14784,
    "index": 31
  },
  {
    "name": "Require(26) node_modules/_egg@2.29.1@egg/app/extend/request.js",
    "start": 1611386226100,
    "end": 1611386226102,
    "duration": 2,
    "pid": 14784,
    "index": 32
  },
  {
    "name": "Load extend/response.js",
    "start": 1611386226105,
    "end": 1611386226118,
    "duration": 13,
    "pid": 14784,
    "index": 33
  },
  {
    "name": "Require(27) node_modules/_egg@2.29.1@egg/app/extend/response.js",
    "start": 1611386226110,
    "end": 1611386226113,
    "duration": 3,
    "pid": 14784,
    "index": 34
  },
  {
    "name": "Load extend/context.js",
    "start": 1611386226118,
    "end": 1611386226187,
    "duration": 69,
    "pid": 14784,
    "index": 35
  },
  {
    "name": "Require(28) node_modules/_egg-security@2.8.0@egg-security/app/extend/context.js",
    "start": 1611386226119,
    "end": 1611386226135,
    "duration": 16,
    "pid": 14784,
    "index": 36
  },
  {
    "name": "Require(29) node_modules/_egg-jsonp@2.0.0@egg-jsonp/app/extend/context.js",
    "start": 1611386226136,
    "end": 1611386226137,
    "duration": 1,
    "pid": 14784,
    "index": 37
  },
  {
    "name": "Require(30) node_modules/_egg-i18n@2.1.1@egg-i18n/app/extend/context.js",
    "start": 1611386226138,
    "end": 1611386226138,
    "duration": 0,
    "pid": 14784,
    "index": 38
  },
  {
    "name": "Require(31) node_modules/_egg-multipart@2.10.3@egg-multipart/app/extend/context.js",
    "start": 1611386226139,
    "end": 1611386226181,
    "duration": 42,
    "pid": 14784,
    "index": 39
  },
  {
    "name": "Require(32) node_modules/_egg-view@2.1.3@egg-view/app/extend/context.js",
    "start": 1611386226182,
    "end": 1611386226183,
    "duration": 1,
    "pid": 14784,
    "index": 40
  },
  {
    "name": "Require(33) node_modules/_egg@2.29.1@egg/app/extend/context.js",
    "start": 1611386226183,
    "end": 1611386226184,
    "duration": 1,
    "pid": 14784,
    "index": 41
  },
  {
    "name": "Load extend/helper.js",
    "start": 1611386226187,
    "end": 1611386226206,
    "duration": 19,
    "pid": 14784,
    "index": 42
  },
  {
    "name": "Require(34) node_modules/_egg-security@2.8.0@egg-security/app/extend/helper.js",
    "start": 1611386226187,
    "end": 1611386226201,
    "duration": 14,
    "pid": 14784,
    "index": 43
  },
  {
    "name": "Require(35) node_modules/_egg@2.29.1@egg/app/extend/helper.js",
    "start": 1611386226203,
    "end": 1611386226204,
    "duration": 1,
    "pid": 14784,
    "index": 44
  },
  {
    "name": "Load app.js",
    "start": 1611386226206,
    "end": 1611386226238,
    "duration": 32,
    "pid": 14784,
    "index": 45
  },
  {
    "name": "Require(36) node_modules/_egg-session@3.2.0@egg-session/app.js",
    "start": 1611386226207,
    "end": 1611386226207,
    "duration": 0,
    "pid": 14784,
    "index": 46
  },
  {
    "name": "Require(37) node_modules/_egg-security@2.8.0@egg-security/app.js",
    "start": 1611386226207,
    "end": 1611386226209,
    "duration": 2,
    "pid": 14784,
    "index": 47
  },
  {
    "name": "Require(38) node_modules/_egg-onerror@2.1.0@egg-onerror/app.js",
    "start": 1611386226210,
    "end": 1611386226219,
    "duration": 9,
    "pid": 14784,
    "index": 48
  },
  {
    "name": "Require(39) node_modules/_egg-i18n@2.1.1@egg-i18n/app.js",
    "start": 1611386226219,
    "end": 1611386226226,
    "duration": 7,
    "pid": 14784,
    "index": 49
  },
  {
    "name": "Require(40) node_modules/_egg-watcher@3.1.1@egg-watcher/app.js",
    "start": 1611386226226,
    "end": 1611386226231,
    "duration": 5,
    "pid": 14784,
    "index": 50
  },
  {
    "name": "Require(41) node_modules/_egg-schedule@3.6.6@egg-schedule/app.js",
    "start": 1611386226231,
    "end": 1611386226234,
    "duration": 3,
    "pid": 14784,
    "index": 51
  },
  {
    "name": "Require(42) node_modules/_egg-multipart@2.10.3@egg-multipart/app.js",
    "start": 1611386226234,
    "end": 1611386226235,
    "duration": 1,
    "pid": 14784,
    "index": 52
  },
  {
    "name": "Require(43) node_modules/_egg-development@2.7.0@egg-development/app.js",
    "start": 1611386226235,
    "end": 1611386226235,
    "duration": 0,
    "pid": 14784,
    "index": 53
  },
  {
    "name": "Require(44) node_modules/_egg-logrotator@3.1.0@egg-logrotator/app.js",
    "start": 1611386226236,
    "end": 1611386226236,
    "duration": 0,
    "pid": 14784,
    "index": 54
  },
  {
    "name": "Require(45) node_modules/_egg-static@2.2.0@egg-static/app.js",
    "start": 1611386226236,
    "end": 1611386226236,
    "duration": 0,
    "pid": 14784,
    "index": 55
  },
  {
    "name": "Require(46) node_modules/_egg-view-ejs@2.0.1@egg-view-ejs/app.js",
    "start": 1611386226237,
    "end": 1611386226237,
    "duration": 0,
    "pid": 14784,
    "index": 56
  },
  {
    "name": "Before Start in node_modules/_egg-watcher@3.1.1@egg-watcher/lib/init.js:15:14",
    "start": 1611386226245,
    "end": 1611386226421,
    "duration": 176,
    "pid": 14784,
    "index": 57
  },
  {
    "name": "Load Service",
    "start": 1611386226275,
    "end": 1611386226280,
    "duration": 5,
    "pid": 14784,
    "index": 58
  },
  {
    "name": "Load \"service\" to Context",
    "start": 1611386226275,
    "end": 1611386226280,
    "duration": 5,
    "pid": 14784,
    "index": 59
  },
  {
    "name": "Load Middleware",
    "start": 1611386226280,
    "end": 1611386226403,
    "duration": 123,
    "pid": 14784,
    "index": 60
  },
  {
    "name": "Load \"middlewares\" to Application",
    "start": 1611386226280,
    "end": 1611386226388,
    "duration": 108,
    "pid": 14784,
    "index": 61
  },
  {
    "name": "Load Controller",
    "start": 1611386226403,
    "end": 1611386226406,
    "duration": 3,
    "pid": 14784,
    "index": 62
  },
  {
    "name": "Load \"controller\" to Application",
    "start": 1611386226403,
    "end": 1611386226406,
    "duration": 3,
    "pid": 14784,
    "index": 63
  },
  {
    "name": "Load Router",
    "start": 1611386226406,
    "end": 1611386226408,
    "duration": 2,
    "pid": 14784,
    "index": 64
  },
  {
    "name": "Require(47) app/router.js",
    "start": 1611386226407,
    "end": 1611386226407,
    "duration": 0,
    "pid": 14784,
    "index": 65
  },
  {
    "name": "Before Start in node_modules/_egg-core@4.20.0@egg-core/lib/egg.js:303:10",
    "start": 1611386226407,
    "end": 1611386226414,
    "duration": 7,
    "pid": 14784,
    "index": 66
  }
]