[
  {
    "name": "Process Start",
    "start": 1611386223421,
    "end": 1611386224410,
    "duration": 989,
    "pid": 8232,
    "index": 0
  },
  {
    "name": "Application Start",
    "start": 1611386224410,
    "end": 1611386224788,
    "duration": 378,
    "pid": 8232,
    "index": 1
  },
  {
    "name": "Load Plugin",
    "start": 1611386224414,
    "end": 1611386224432,
    "duration": 18,
    "pid": 8232,
    "index": 2
  },
  {
    "name": "Load Config",
    "start": 1611386224432,
    "end": 1611386224453,
    "duration": 21,
    "pid": 8232,
    "index": 3
  },
  {
    "name": "Require(0) config/config.default.js",
    "start": 1611386224433,
    "end": 1611386224433,
    "duration": 0,
    "pid": 8232,
    "index": 4
  },
  {
    "name": "Require(1) node_modules/_egg-session@3.2.0@egg-session/config/config.default.js",
    "start": 1611386224434,
    "end": 1611386224435,
    "duration": 1,
    "pid": 8232,
    "index": 5
  },
  {
    "name": "Require(2) node_modules/_egg-security@2.8.0@egg-security/config/config.default.js",
    "start": 1611386224435,
    "end": 1611386224436,
    "duration": 1,
    "pid": 8232,
    "index": 6
  },
  {
    "name": "Require(3) node_modules/_egg-jsonp@2.0.0@egg-jsonp/config/config.default.js",
    "start": 1611386224437,
    "end": 1611386224437,
    "duration": 0,
    "pid": 8232,
    "index": 7
  },
  {
    "name": "Require(4) node_modules/_egg-onerror@2.1.0@egg-onerror/config/config.default.js",
    "start": 1611386224438,
    "end": 1611386224438,
    "duration": 0,
    "pid": 8232,
    "index": 8
  },
  {
    "name": "Require(5) node_modules/_egg-i18n@2.1.1@egg-i18n/config/config.default.js",
    "start": 1611386224439,
    "end": 1611386224439,
    "duration": 0,
    "pid": 8232,
    "index": 9
  },
  {
    "name": "Require(6) node_modules/_egg-watcher@3.1.1@egg-watcher/config/config.default.js",
    "start": 1611386224440,
    "end": 1611386224440,
    "duration": 0,
    "pid": 8232,
    "index": 10
  },
  {
    "name": "Require(7) node_modules/_egg-schedule@3.6.6@egg-schedule/config/config.default.js",
    "start": 1611386224441,
    "end": 1611386224441,
    "duration": 0,
    "pid": 8232,
    "index": 11
  },
  {
    "name": "Require(8) node_modules/_egg-multipart@2.10.3@egg-multipart/config/config.default.js",
    "start": 1611386224442,
    "end": 1611386224442,
    "duration": 0,
    "pid": 8232,
    "index": 12
  },
  {
    "name": "Require(9) node_modules/_egg-development@2.7.0@egg-development/config/config.default.js",
    "start": 1611386224443,
    "end": 1611386224443,
    "duration": 0,
    "pid": 8232,
    "index": 13
  },
  {
    "name": "Require(10) node_modules/_egg-logrotator@3.1.0@egg-logrotator/config/config.default.js",
    "start": 1611386224444,
    "end": 1611386224444,
    "duration": 0,
    "pid": 8232,
    "index": 14
  },
  {
    "name": "Require(11) node_modules/_egg-static@2.2.0@egg-static/config/config.default.js",
    "start": 1611386224444,
    "end": 1611386224445,
    "duration": 1,
    "pid": 8232,
    "index": 15
  },
  {
    "name": "Require(12) node_modules/_egg-view@2.1.3@egg-view/config/config.default.js",
    "start": 1611386224445,
    "end": 1611386224446,
    "duration": 1,
    "pid": 8232,
    "index": 16
  },
  {
    "name": "Require(13) node_modules/_egg-view-ejs@2.0.1@egg-view-ejs/config/config.default.js",
    "start": 1611386224446,
    "end": 1611386224447,
    "duration": 1,
    "pid": 8232,
    "index": 17
  },
  {
    "name": "Require(14) node_modules/_egg@2.29.1@egg/config/config.default.js",
    "start": 1611386224447,
    "end": 1611386224447,
    "duration": 0,
    "pid": 8232,
    "index": 18
  },
  {
    "name": "Require(15) config/config.default.js",
    "start": 1611386224448,
    "end": 1611386224448,
    "duration": 0,
    "pid": 8232,
    "index": 19
  },
  {
    "name": "Require(16) node_modules/_egg-security@2.8.0@egg-security/config/config.local.js",
    "start": 1611386224449,
    "end": 1611386224449,
    "duration": 0,
    "pid": 8232,
    "index": 20
  },
  {
    "name": "Require(17) node_modules/_egg-watcher@3.1.1@egg-watcher/config/config.local.js",
    "start": 1611386224450,
    "end": 1611386224450,
    "duration": 0,
    "pid": 8232,
    "index": 21
  },
  {
    "name": "Require(18) node_modules/_egg-view@2.1.3@egg-view/config/config.local.js",
    "start": 1611386224451,
    "end": 1611386224452,
    "duration": 1,
    "pid": 8232,
    "index": 22
  },
  {
    "name": "Require(19) node_modules/_egg-view-ejs@2.0.1@egg-view-ejs/config/config.local.js",
    "start": 1611386224452,
    "end": 1611386224452,
    "duration": 0,
    "pid": 8232,
    "index": 23
  },
  {
    "name": "Require(20) node_modules/_egg@2.29.1@egg/config/config.local.js",
    "start": 1611386224453,
    "end": 1611386224453,
    "duration": 0,
    "pid": 8232,
    "index": 24
  },
  {
    "name": "Load extend/application.js",
    "start": 1611386224454,
    "end": 1611386224468,
    "duration": 14,
    "pid": 8232,
    "index": 25
  },
  {
    "name": "Require(21) node_modules/_egg-session@3.2.0@egg-session/app/extend/application.js",
    "start": 1611386224454,
    "end": 1611386224455,
    "duration": 1,
    "pid": 8232,
    "index": 26
  },
  {
    "name": "Require(22) node_modules/_egg-security@2.8.0@egg-security/app/extend/application.js",
    "start": 1611386224455,
    "end": 1611386224456,
    "duration": 1,
    "pid": 8232,
    "index": 27
  },
  {
    "name": "Require(23) node_modules/_egg-jsonp@2.0.0@egg-jsonp/app/extend/application.js",
    "start": 1611386224457,
    "end": 1611386224458,
    "duration": 1,
    "pid": 8232,
    "index": 28
  },
  {
    "name": "Require(24) node_modules/_egg-logrotator@3.1.0@egg-logrotator/app/extend/application.js",
    "start": 1611386224460,
    "end": 1611386224462,
    "duration": 2,
    "pid": 8232,
    "index": 29
  },
  {
    "name": "Require(25) node_modules/_egg-view@2.1.3@egg-view/app/extend/application.js",
    "start": 1611386224463,
    "end": 1611386224465,
    "duration": 2,
    "pid": 8232,
    "index": 30
  },
  {
    "name": "Load extend/request.js",
    "start": 1611386224468,
    "end": 1611386224475,
    "duration": 7,
    "pid": 8232,
    "index": 31
  },
  {
    "name": "Require(26) node_modules/_egg@2.29.1@egg/app/extend/request.js",
    "start": 1611386224471,
    "end": 1611386224472,
    "duration": 1,
    "pid": 8232,
    "index": 32
  },
  {
    "name": "Load extend/response.js",
    "start": 1611386224475,
    "end": 1611386224484,
    "duration": 9,
    "pid": 8232,
    "index": 33
  },
  {
    "name": "Require(27) node_modules/_egg@2.29.1@egg/app/extend/response.js",
    "start": 1611386224479,
    "end": 1611386224482,
    "duration": 3,
    "pid": 8232,
    "index": 34
  },
  {
    "name": "Load extend/context.js",
    "start": 1611386224484,
    "end": 1611386224553,
    "duration": 69,
    "pid": 8232,
    "index": 35
  },
  {
    "name": "Require(28) node_modules/_egg-security@2.8.0@egg-security/app/extend/context.js",
    "start": 1611386224485,
    "end": 1611386224498,
    "duration": 13,
    "pid": 8232,
    "index": 36
  },
  {
    "name": "Require(29) node_modules/_egg-jsonp@2.0.0@egg-jsonp/app/extend/context.js",
    "start": 1611386224498,
    "end": 1611386224500,
    "duration": 2,
    "pid": 8232,
    "index": 37
  },
  {
    "name": "Require(30) node_modules/_egg-i18n@2.1.1@egg-i18n/app/extend/context.js",
    "start": 1611386224500,
    "end": 1611386224501,
    "duration": 1,
    "pid": 8232,
    "index": 38
  },
  {
    "name": "Require(31) node_modules/_egg-multipart@2.10.3@egg-multipart/app/extend/context.js",
    "start": 1611386224501,
    "end": 1611386224546,
    "duration": 45,
    "pid": 8232,
    "index": 39
  },
  {
    "name": "Require(32) node_modules/_egg-view@2.1.3@egg-view/app/extend/context.js",
    "start": 1611386224547,
    "end": 1611386224548,
    "duration": 1,
    "pid": 8232,
    "index": 40
  },
  {
    "name": "Require(33) node_modules/_egg@2.29.1@egg/app/extend/context.js",
    "start": 1611386224549,
    "end": 1611386224550,
    "duration": 1,
    "pid": 8232,
    "index": 41
  },
  {
    "name": "Load extend/helper.js",
    "start": 1611386224553,
    "end": 1611386224573,
    "duration": 20,
    "pid": 8232,
    "index": 42
  },
  {
    "name": "Require(34) node_modules/_egg-security@2.8.0@egg-security/app/extend/helper.js",
    "start": 1611386224553,
    "end": 1611386224568,
    "duration": 15,
    "pid": 8232,
    "index": 43
  },
  {
    "name": "Require(35) node_modules/_egg@2.29.1@egg/app/extend/helper.js",
    "start": 1611386224571,
    "end": 1611386224571,
    "duration": 0,
    "pid": 8232,
    "index": 44
  },
  {
    "name": "Load app.js",
    "start": 1611386224574,
    "end": 1611386224605,
    "duration": 31,
    "pid": 8232,
    "index": 45
  },
  {
    "name": "Require(36) node_modules/_egg-session@3.2.0@egg-session/app.js",
    "start": 1611386224574,
    "end": 1611386224574,
    "duration": 0,
    "pid": 8232,
    "index": 46
  },
  {
    "name": "Require(37) node_modules/_egg-security@2.8.0@egg-security/app.js",
    "start": 1611386224574,
    "end": 1611386224576,
    "duration": 2,
    "pid": 8232,
    "index": 47
  },
  {
    "name": "Require(38) node_modules/_egg-onerror@2.1.0@egg-onerror/app.js",
    "start": 1611386224576,
    "end": 1611386224586,
    "duration": 10,
    "pid": 8232,
    "index": 48
  },
  {
    "name": "Require(39) node_modules/_egg-i18n@2.1.1@egg-i18n/app.js",
    "start": 1611386224587,
    "end": 1611386224594,
    "duration": 7,
    "pid": 8232,
    "index": 49
  },
  {
    "name": "Require(40) node_modules/_egg-watcher@3.1.1@egg-watcher/app.js",
    "start": 1611386224594,
    "end": 1611386224598,
    "duration": 4,
    "pid": 8232,
    "index": 50
  },
  {
    "name": "Require(41) node_modules/_egg-schedule@3.6.6@egg-schedule/app.js",
    "start": 1611386224598,
    "end": 1611386224600,
    "duration": 2,
    "pid": 8232,
    "index": 51
  },
  {
    "name": "Require(42) node_modules/_egg-multipart@2.10.3@egg-multipart/app.js",
    "start": 1611386224600,
    "end": 1611386224601,
    "duration": 1,
    "pid": 8232,
    "index": 52
  },
  {
    "name": "Require(43) node_modules/_egg-development@2.7.0@egg-development/app.js",
    "start": 1611386224602,
    "end": 1611386224602,
    "duration": 0,
    "pid": 8232,
    "index": 53
  },
  {
    "name": "Require(44) node_modules/_egg-logrotator@3.1.0@egg-logrotator/app.js",
    "start": 1611386224602,
    "end": 1611386224603,
    "duration": 1,
    "pid": 8232,
    "index": 54
  },
  {
    "name": "Require(45) node_modules/_egg-static@2.2.0@egg-static/app.js",
    "start": 1611386224603,
    "end": 1611386224603,
    "duration": 0,
    "pid": 8232,
    "index": 55
  },
  {
    "name": "Require(46) node_modules/_egg-view-ejs@2.0.1@egg-view-ejs/app.js",
    "start": 1611386224604,
    "end": 1611386224604,
    "duration": 0,
    "pid": 8232,
    "index": 56
  },
  {
    "name": "Before Start in node_modules/_egg-watcher@3.1.1@egg-watcher/lib/init.js:15:14",
    "start": 1611386224613,
    "end": 1611386224788,
    "duration": 175,
    "pid": 8232,
    "index": 57
  },
  {
    "name": "Load Service",
    "start": 1611386224642,
    "end": 1611386224648,
    "duration": 6,
    "pid": 8232,
    "index": 58
  },
  {
    "name": "Load \"service\" to Context",
    "start": 1611386224643,
    "end": 1611386224648,
    "duration": 5,
    "pid": 8232,
    "index": 59
  },
  {
    "name": "Load Middleware",
    "start": 1611386224648,
    "end": 1611386224772,
    "duration": 124,
    "pid": 8232,
    "index": 60
  },
  {
    "name": "Load \"middlewares\" to Application",
    "start": 1611386224648,
    "end": 1611386224758,
    "duration": 110,
    "pid": 8232,
    "index": 61
  },
  {
    "name": "Load Controller",
    "start": 1611386224772,
    "end": 1611386224774,
    "duration": 2,
    "pid": 8232,
    "index": 62
  },
  {
    "name": "Load \"controller\" to Application",
    "start": 1611386224772,
    "end": 1611386224774,
    "duration": 2,
    "pid": 8232,
    "index": 63
  },
  {
    "name": "Load Router",
    "start": 1611386224774,
    "end": 1611386224776,
    "duration": 2,
    "pid": 8232,
    "index": 64
  },
  {
    "name": "Require(47) app/router.js",
    "start": 1611386224775,
    "end": 1611386224775,
    "duration": 0,
    "pid": 8232,
    "index": 65
  },
  {
    "name": "Before Start in node_modules/_egg-core@4.20.0@egg-core/lib/egg.js:303:10",
    "start": 1611386224775,
    "end": 1611386224781,
    "duration": 6,
    "pid": 8232,
    "index": 66
  }
]