[
  {
    "name": "Process Start",
    "start": 1611386445008,
    "end": 1611386445981,
    "duration": 973,
    "pid": 8732,
    "index": 0
  },
  {
    "name": "Application Start",
    "start": 1611386445981,
    "end": 1611386446361,
    "duration": 380,
    "pid": 8732,
    "index": 1
  },
  {
    "name": "Load Plugin",
    "start": 1611386445985,
    "end": 1611386446003,
    "duration": 18,
    "pid": 8732,
    "index": 2
  },
  {
    "name": "Load Config",
    "start": 1611386446003,
    "end": 1611386446022,
    "duration": 19,
    "pid": 8732,
    "index": 3
  },
  {
    "name": "Require(0) config/config.default.js",
    "start": 1611386446003,
    "end": 1611386446004,
    "duration": 1,
    "pid": 8732,
    "index": 4
  },
  {
    "name": "Require(1) node_modules/_egg-session@3.2.0@egg-session/config/config.default.js",
    "start": 1611386446005,
    "end": 1611386446005,
    "duration": 0,
    "pid": 8732,
    "index": 5
  },
  {
    "name": "Require(2) node_modules/_egg-security@2.8.0@egg-security/config/config.default.js",
    "start": 1611386446006,
    "end": 1611386446006,
    "duration": 0,
    "pid": 8732,
    "index": 6
  },
  {
    "name": "Require(3) node_modules/_egg-jsonp@2.0.0@egg-jsonp/config/config.default.js",
    "start": 1611386446007,
    "end": 1611386446007,
    "duration": 0,
    "pid": 8732,
    "index": 7
  },
  {
    "name": "Require(4) node_modules/_egg-onerror@2.1.0@egg-onerror/config/config.default.js",
    "start": 1611386446008,
    "end": 1611386446008,
    "duration": 0,
    "pid": 8732,
    "index": 8
  },
  {
    "name": "Require(5) node_modules/_egg-i18n@2.1.1@egg-i18n/config/config.default.js",
    "start": 1611386446008,
    "end": 1611386446009,
    "duration": 1,
    "pid": 8732,
    "index": 9
  },
  {
    "name": "Require(6) node_modules/_egg-watcher@3.1.1@egg-watcher/config/config.default.js",
    "start": 1611386446009,
    "end": 1611386446010,
    "duration": 1,
    "pid": 8732,
    "index": 10
  },
  {
    "name": "Require(7) node_modules/_egg-schedule@3.6.6@egg-schedule/config/config.default.js",
    "start": 1611386446010,
    "end": 1611386446010,
    "duration": 0,
    "pid": 8732,
    "index": 11
  },
  {
    "name": "Require(8) node_modules/_egg-multipart@2.10.3@egg-multipart/config/config.default.js",
    "start": 1611386446011,
    "end": 1611386446011,
    "duration": 0,
    "pid": 8732,
    "index": 12
  },
  {
    "name": "Require(9) node_modules/_egg-development@2.7.0@egg-development/config/config.default.js",
    "start": 1611386446012,
    "end": 1611386446012,
    "duration": 0,
    "pid": 8732,
    "index": 13
  },
  {
    "name": "Require(10) node_modules/_egg-logrotator@3.1.0@egg-logrotator/config/config.default.js",
    "start": 1611386446012,
    "end": 1611386446013,
    "duration": 1,
    "pid": 8732,
    "index": 14
  },
  {
    "name": "Require(11) node_modules/_egg-static@2.2.0@egg-static/config/config.default.js",
    "start": 1611386446013,
    "end": 1611386446014,
    "duration": 1,
    "pid": 8732,
    "index": 15
  },
  {
    "name": "Require(12) node_modules/_egg-view@2.1.3@egg-view/config/config.default.js",
    "start": 1611386446014,
    "end": 1611386446014,
    "duration": 0,
    "pid": 8732,
    "index": 16
  },
  {
    "name": "Require(13) node_modules/_egg-view-ejs@2.0.1@egg-view-ejs/config/config.default.js",
    "start": 1611386446015,
    "end": 1611386446015,
    "duration": 0,
    "pid": 8732,
    "index": 17
  },
  {
    "name": "Require(14) node_modules/_egg@2.29.1@egg/config/config.default.js",
    "start": 1611386446016,
    "end": 1611386446016,
    "duration": 0,
    "pid": 8732,
    "index": 18
  },
  {
    "name": "Require(15) config/config.default.js",
    "start": 1611386446017,
    "end": 1611386446017,
    "duration": 0,
    "pid": 8732,
    "index": 19
  },
  {
    "name": "Require(16) node_modules/_egg-security@2.8.0@egg-security/config/config.local.js",
    "start": 1611386446018,
    "end": 1611386446018,
    "duration": 0,
    "pid": 8732,
    "index": 20
  },
  {
    "name": "Require(17) node_modules/_egg-watcher@3.1.1@egg-watcher/config/config.local.js",
    "start": 1611386446019,
    "end": 1611386446020,
    "duration": 1,
    "pid": 8732,
    "index": 21
  },
  {
    "name": "Require(18) node_modules/_egg-view@2.1.3@egg-view/config/config.local.js",
    "start": 1611386446021,
    "end": 1611386446021,
    "duration": 0,
    "pid": 8732,
    "index": 22
  },
  {
    "name": "Require(19) node_modules/_egg-view-ejs@2.0.1@egg-view-ejs/config/config.local.js",
    "start": 1611386446021,
    "end": 1611386446022,
    "duration": 1,
    "pid": 8732,
    "index": 23
  },
  {
    "name": "Require(20) node_modules/_egg@2.29.1@egg/config/config.local.js",
    "start": 1611386446022,
    "end": 1611386446022,
    "duration": 0,
    "pid": 8732,
    "index": 24
  },
  {
    "name": "Load extend/application.js",
    "start": 1611386446023,
    "end": 1611386446037,
    "duration": 14,
    "pid": 8732,
    "index": 25
  },
  {
    "name": "Require(21) node_modules/_egg-session@3.2.0@egg-session/app/extend/application.js",
    "start": 1611386446024,
    "end": 1611386446024,
    "duration": 0,
    "pid": 8732,
    "index": 26
  },
  {
    "name": "Require(22) node_modules/_egg-security@2.8.0@egg-security/app/extend/application.js",
    "start": 1611386446024,
    "end": 1611386446025,
    "duration": 1,
    "pid": 8732,
    "index": 27
  },
  {
    "name": "Require(23) node_modules/_egg-jsonp@2.0.0@egg-jsonp/app/extend/application.js",
    "start": 1611386446026,
    "end": 1611386446027,
    "duration": 1,
    "pid": 8732,
    "index": 28
  },
  {
    "name": "Require(24) node_modules/_egg-logrotator@3.1.0@egg-logrotator/app/extend/application.js",
    "start": 1611386446029,
    "end": 1611386446031,
    "duration": 2,
    "pid": 8732,
    "index": 29
  },
  {
    "name": "Require(25) node_modules/_egg-view@2.1.3@egg-view/app/extend/application.js",
    "start": 1611386446032,
    "end": 1611386446034,
    "duration": 2,
    "pid": 8732,
    "index": 30
  },
  {
    "name": "Load extend/request.js",
    "start": 1611386446037,
    "end": 1611386446047,
    "duration": 10,
    "pid": 8732,
    "index": 31
  },
  {
    "name": "Require(26) node_modules/_egg@2.29.1@egg/app/extend/request.js",
    "start": 1611386446040,
    "end": 1611386446043,
    "duration": 3,
    "pid": 8732,
    "index": 32
  },
  {
    "name": "Load extend/response.js",
    "start": 1611386446047,
    "end": 1611386446066,
    "duration": 19,
    "pid": 8732,
    "index": 33
  },
  {
    "name": "Require(27) node_modules/_egg@2.29.1@egg/app/extend/response.js",
    "start": 1611386446058,
    "end": 1611386446062,
    "duration": 4,
    "pid": 8732,
    "index": 34
  },
  {
    "name": "Load extend/context.js",
    "start": 1611386446066,
    "end": 1611386446135,
    "duration": 69,
    "pid": 8732,
    "index": 35
  },
  {
    "name": "Require(28) node_modules/_egg-security@2.8.0@egg-security/app/extend/context.js",
    "start": 1611386446067,
    "end": 1611386446085,
    "duration": 18,
    "pid": 8732,
    "index": 36
  },
  {
    "name": "Require(29) node_modules/_egg-jsonp@2.0.0@egg-jsonp/app/extend/context.js",
    "start": 1611386446085,
    "end": 1611386446087,
    "duration": 2,
    "pid": 8732,
    "index": 37
  },
  {
    "name": "Require(30) node_modules/_egg-i18n@2.1.1@egg-i18n/app/extend/context.js",
    "start": 1611386446088,
    "end": 1611386446088,
    "duration": 0,
    "pid": 8732,
    "index": 38
  },
  {
    "name": "Require(31) node_modules/_egg-multipart@2.10.3@egg-multipart/app/extend/context.js",
    "start": 1611386446089,
    "end": 1611386446129,
    "duration": 40,
    "pid": 8732,
    "index": 39
  },
  {
    "name": "Require(32) node_modules/_egg-view@2.1.3@egg-view/app/extend/context.js",
    "start": 1611386446130,
    "end": 1611386446131,
    "duration": 1,
    "pid": 8732,
    "index": 40
  },
  {
    "name": "Require(33) node_modules/_egg@2.29.1@egg/app/extend/context.js",
    "start": 1611386446131,
    "end": 1611386446133,
    "duration": 2,
    "pid": 8732,
    "index": 41
  },
  {
    "name": "Load extend/helper.js",
    "start": 1611386446135,
    "end": 1611386446157,
    "duration": 22,
    "pid": 8732,
    "index": 42
  },
  {
    "name": "Require(34) node_modules/_egg-security@2.8.0@egg-security/app/extend/helper.js",
    "start": 1611386446136,
    "end": 1611386446152,
    "duration": 16,
    "pid": 8732,
    "index": 43
  },
  {
    "name": "Require(35) node_modules/_egg@2.29.1@egg/app/extend/helper.js",
    "start": 1611386446154,
    "end": 1611386446154,
    "duration": 0,
    "pid": 8732,
    "index": 44
  },
  {
    "name": "Load app.js",
    "start": 1611386446157,
    "end": 1611386446187,
    "duration": 30,
    "pid": 8732,
    "index": 45
  },
  {
    "name": "Require(36) node_modules/_egg-session@3.2.0@egg-session/app.js",
    "start": 1611386446157,
    "end": 1611386446157,
    "duration": 0,
    "pid": 8732,
    "index": 46
  },
  {
    "name": "Require(37) node_modules/_egg-security@2.8.0@egg-security/app.js",
    "start": 1611386446158,
    "end": 1611386446159,
    "duration": 1,
    "pid": 8732,
    "index": 47
  },
  {
    "name": "Require(38) node_modules/_egg-onerror@2.1.0@egg-onerror/app.js",
    "start": 1611386446160,
    "end": 1611386446169,
    "duration": 9,
    "pid": 8732,
    "index": 48
  },
  {
    "name": "Require(39) node_modules/_egg-i18n@2.1.1@egg-i18n/app.js",
    "start": 1611386446169,
    "end": 1611386446176,
    "duration": 7,
    "pid": 8732,
    "index": 49
  },
  {
    "name": "Require(40) node_modules/_egg-watcher@3.1.1@egg-watcher/app.js",
    "start": 1611386446177,
    "end": 1611386446181,
    "duration": 4,
    "pid": 8732,
    "index": 50
  },
  {
    "name": "Require(41) node_modules/_egg-schedule@3.6.6@egg-schedule/app.js",
    "start": 1611386446181,
    "end": 1611386446183,
    "duration": 2,
    "pid": 8732,
    "index": 51
  },
  {
    "name": "Require(42) node_modules/_egg-multipart@2.10.3@egg-multipart/app.js",
    "start": 1611386446183,
    "end": 1611386446184,
    "duration": 1,
    "pid": 8732,
    "index": 52
  },
  {
    "name": "Require(43) node_modules/_egg-development@2.7.0@egg-development/app.js",
    "start": 1611386446184,
    "end": 1611386446184,
    "duration": 0,
    "pid": 8732,
    "index": 53
  },
  {
    "name": "Require(44) node_modules/_egg-logrotator@3.1.0@egg-logrotator/app.js",
    "start": 1611386446184,
    "end": 1611386446185,
    "duration": 1,
    "pid": 8732,
    "index": 54
  },
  {
    "name": "Require(45) node_modules/_egg-static@2.2.0@egg-static/app.js",
    "start": 1611386446185,
    "end": 1611386446185,
    "duration": 0,
    "pid": 8732,
    "index": 55
  },
  {
    "name": "Require(46) node_modules/_egg-view-ejs@2.0.1@egg-view-ejs/app.js",
    "start": 1611386446186,
    "end": 1611386446186,
    "duration": 0,
    "pid": 8732,
    "index": 56
  },
  {
    "name": "Before Start in node_modules/_egg-watcher@3.1.1@egg-watcher/lib/init.js:15:14",
    "start": 1611386446194,
    "end": 1611386446360,
    "duration": 166,
    "pid": 8732,
    "index": 57
  },
  {
    "name": "Load Service",
    "start": 1611386446224,
    "end": 1611386446228,
    "duration": 4,
    "pid": 8732,
    "index": 58
  },
  {
    "name": "Load \"service\" to Context",
    "start": 1611386446224,
    "end": 1611386446228,
    "duration": 4,
    "pid": 8732,
    "index": 59
  },
  {
    "name": "Load Middleware",
    "start": 1611386446228,
    "end": 1611386446344,
    "duration": 116,
    "pid": 8732,
    "index": 60
  },
  {
    "name": "Load \"middlewares\" to Application",
    "start": 1611386446228,
    "end": 1611386446331,
    "duration": 103,
    "pid": 8732,
    "index": 61
  },
  {
    "name": "Load Controller",
    "start": 1611386446345,
    "end": 1611386446347,
    "duration": 2,
    "pid": 8732,
    "index": 62
  },
  {
    "name": "Load \"controller\" to Application",
    "start": 1611386446345,
    "end": 1611386446347,
    "duration": 2,
    "pid": 8732,
    "index": 63
  },
  {
    "name": "Load Router",
    "start": 1611386446347,
    "end": 1611386446349,
    "duration": 2,
    "pid": 8732,
    "index": 64
  },
  {
    "name": "Require(47) app/router.js",
    "start": 1611386446348,
    "end": 1611386446348,
    "duration": 0,
    "pid": 8732,
    "index": 65
  },
  {
    "name": "Before Start in node_modules/_egg-core@4.20.0@egg-core/lib/egg.js:303:10",
    "start": 1611386446348,
    "end": 1611386446354,
    "duration": 6,
    "pid": 8732,
    "index": 66
  }
]