[
  {
    "name": "Process Start",
    "start": 1611386330555,
    "end": 1611386331573,
    "duration": 1018,
    "pid": 14764,
    "index": 0
  },
  {
    "name": "Application Start",
    "start": 1611386331574,
    "end": 1611386331935,
    "duration": 361,
    "pid": 14764,
    "index": 1
  },
  {
    "name": "Load Plugin",
    "start": 1611386331577,
    "end": 1611386331594,
    "duration": 17,
    "pid": 14764,
    "index": 2
  },
  {
    "name": "Load Config",
    "start": 1611386331594,
    "end": 1611386331614,
    "duration": 20,
    "pid": 14764,
    "index": 3
  },
  {
    "name": "Require(0) config/config.default.js",
    "start": 1611386331595,
    "end": 1611386331595,
    "duration": 0,
    "pid": 14764,
    "index": 4
  },
  {
    "name": "Require(1) node_modules/_egg-session@3.2.0@egg-session/config/config.default.js",
    "start": 1611386331597,
    "end": 1611386331597,
    "duration": 0,
    "pid": 14764,
    "index": 5
  },
  {
    "name": "Require(2) node_modules/_egg-security@2.8.0@egg-security/config/config.default.js",
    "start": 1611386331598,
    "end": 1611386331598,
    "duration": 0,
    "pid": 14764,
    "index": 6
  },
  {
    "name": "Require(3) node_modules/_egg-jsonp@2.0.0@egg-jsonp/config/config.default.js",
    "start": 1611386331599,
    "end": 1611386331600,
    "duration": 1,
    "pid": 14764,
    "index": 7
  },
  {
    "name": "Require(4) node_modules/_egg-onerror@2.1.0@egg-onerror/config/config.default.js",
    "start": 1611386331600,
    "end": 1611386331600,
    "duration": 0,
    "pid": 14764,
    "index": 8
  },
  {
    "name": "Require(5) node_modules/_egg-i18n@2.1.1@egg-i18n/config/config.default.js",
    "start": 1611386331601,
    "end": 1611386331601,
    "duration": 0,
    "pid": 14764,
    "index": 9
  },
  {
    "name": "Require(6) node_modules/_egg-watcher@3.1.1@egg-watcher/config/config.default.js",
    "start": 1611386331602,
    "end": 1611386331602,
    "duration": 0,
    "pid": 14764,
    "index": 10
  },
  {
    "name": "Require(7) node_modules/_egg-schedule@3.6.6@egg-schedule/config/config.default.js",
    "start": 1611386331602,
    "end": 1611386331603,
    "duration": 1,
    "pid": 14764,
    "index": 11
  },
  {
    "name": "Require(8) node_modules/_egg-multipart@2.10.3@egg-multipart/config/config.default.js",
    "start": 1611386331603,
    "end": 1611386331604,
    "duration": 1,
    "pid": 14764,
    "index": 12
  },
  {
    "name": "Require(9) node_modules/_egg-development@2.7.0@egg-development/config/config.default.js",
    "start": 1611386331604,
    "end": 1611386331605,
    "duration": 1,
    "pid": 14764,
    "index": 13
  },
  {
    "name": "Require(10) node_modules/_egg-logrotator@3.1.0@egg-logrotator/config/config.default.js",
    "start": 1611386331605,
    "end": 1611386331605,
    "duration": 0,
    "pid": 14764,
    "index": 14
  },
  {
    "name": "Require(11) node_modules/_egg-static@2.2.0@egg-static/config/config.default.js",
    "start": 1611386331606,
    "end": 1611386331606,
    "duration": 0,
    "pid": 14764,
    "index": 15
  },
  {
    "name": "Require(12) node_modules/_egg-view@2.1.3@egg-view/config/config.default.js",
    "start": 1611386331607,
    "end": 1611386331607,
    "duration": 0,
    "pid": 14764,
    "index": 16
  },
  {
    "name": "Require(13) node_modules/_egg-view-ejs@2.0.1@egg-view-ejs/config/config.default.js",
    "start": 1611386331607,
    "end": 1611386331608,
    "duration": 1,
    "pid": 14764,
    "index": 17
  },
  {
    "name": "Require(14) node_modules/_egg@2.29.1@egg/config/config.default.js",
    "start": 1611386331608,
    "end": 1611386331608,
    "duration": 0,
    "pid": 14764,
    "index": 18
  },
  {
    "name": "Require(15) config/config.default.js",
    "start": 1611386331609,
    "end": 1611386331609,
    "duration": 0,
    "pid": 14764,
    "index": 19
  },
  {
    "name": "Require(16) node_modules/_egg-security@2.8.0@egg-security/config/config.local.js",
    "start": 1611386331610,
    "end": 1611386331610,
    "duration": 0,
    "pid": 14764,
    "index": 20
  },
  {
    "name": "Require(17) node_modules/_egg-watcher@3.1.1@egg-watcher/config/config.local.js",
    "start": 1611386331611,
    "end": 1611386331611,
    "duration": 0,
    "pid": 14764,
    "index": 21
  },
  {
    "name": "Require(18) node_modules/_egg-view@2.1.3@egg-view/config/config.local.js",
    "start": 1611386331612,
    "end": 1611386331612,
    "duration": 0,
    "pid": 14764,
    "index": 22
  },
  {
    "name": "Require(19) node_modules/_egg-view-ejs@2.0.1@egg-view-ejs/config/config.local.js",
    "start": 1611386331613,
    "end": 1611386331613,
    "duration": 0,
    "pid": 14764,
    "index": 23
  },
  {
    "name": "Require(20) node_modules/_egg@2.29.1@egg/config/config.local.js",
    "start": 1611386331613,
    "end": 1611386331613,
    "duration": 0,
    "pid": 14764,
    "index": 24
  },
  {
    "name": "Load extend/application.js",
    "start": 1611386331614,
    "end": 1611386331629,
    "duration": 15,
    "pid": 14764,
    "index": 25
  },
  {
    "name": "Require(21) node_modules/_egg-session@3.2.0@egg-session/app/extend/application.js",
    "start": 1611386331615,
    "end": 1611386331615,
    "duration": 0,
    "pid": 14764,
    "index": 26
  },
  {
    "name": "Require(22) node_modules/_egg-security@2.8.0@egg-security/app/extend/application.js",
    "start": 1611386331616,
    "end": 1611386331617,
    "duration": 1,
    "pid": 14764,
    "index": 27
  },
  {
    "name": "Require(23) node_modules/_egg-jsonp@2.0.0@egg-jsonp/app/extend/application.js",
    "start": 1611386331617,
    "end": 1611386331620,
    "duration": 3,
    "pid": 14764,
    "index": 28
  },
  {
    "name": "Require(24) node_modules/_egg-logrotator@3.1.0@egg-logrotator/app/extend/application.js",
    "start": 1611386331621,
    "end": 1611386331624,
    "duration": 3,
    "pid": 14764,
    "index": 29
  },
  {
    "name": "Require(25) node_modules/_egg-view@2.1.3@egg-view/app/extend/application.js",
    "start": 1611386331624,
    "end": 1611386331626,
    "duration": 2,
    "pid": 14764,
    "index": 30
  },
  {
    "name": "Load extend/request.js",
    "start": 1611386331629,
    "end": 1611386331638,
    "duration": 9,
    "pid": 14764,
    "index": 31
  },
  {
    "name": "Require(26) node_modules/_egg@2.29.1@egg/app/extend/request.js",
    "start": 1611386331631,
    "end": 1611386331633,
    "duration": 2,
    "pid": 14764,
    "index": 32
  },
  {
    "name": "Load extend/response.js",
    "start": 1611386331638,
    "end": 1611386331645,
    "duration": 7,
    "pid": 14764,
    "index": 33
  },
  {
    "name": "Require(27) node_modules/_egg@2.29.1@egg/app/extend/response.js",
    "start": 1611386331640,
    "end": 1611386331642,
    "duration": 2,
    "pid": 14764,
    "index": 34
  },
  {
    "name": "Load extend/context.js",
    "start": 1611386331645,
    "end": 1611386331710,
    "duration": 65,
    "pid": 14764,
    "index": 35
  },
  {
    "name": "Require(28) node_modules/_egg-security@2.8.0@egg-security/app/extend/context.js",
    "start": 1611386331646,
    "end": 1611386331658,
    "duration": 12,
    "pid": 14764,
    "index": 36
  },
  {
    "name": "Require(29) node_modules/_egg-jsonp@2.0.0@egg-jsonp/app/extend/context.js",
    "start": 1611386331658,
    "end": 1611386331660,
    "duration": 2,
    "pid": 14764,
    "index": 37
  },
  {
    "name": "Require(30) node_modules/_egg-i18n@2.1.1@egg-i18n/app/extend/context.js",
    "start": 1611386331660,
    "end": 1611386331661,
    "duration": 1,
    "pid": 14764,
    "index": 38
  },
  {
    "name": "Require(31) node_modules/_egg-multipart@2.10.3@egg-multipart/app/extend/context.js",
    "start": 1611386331662,
    "end": 1611386331703,
    "duration": 41,
    "pid": 14764,
    "index": 39
  },
  {
    "name": "Require(32) node_modules/_egg-view@2.1.3@egg-view/app/extend/context.js",
    "start": 1611386331704,
    "end": 1611386331705,
    "duration": 1,
    "pid": 14764,
    "index": 40
  },
  {
    "name": "Require(33) node_modules/_egg@2.29.1@egg/app/extend/context.js",
    "start": 1611386331705,
    "end": 1611386331706,
    "duration": 1,
    "pid": 14764,
    "index": 41
  },
  {
    "name": "Load extend/helper.js",
    "start": 1611386331710,
    "end": 1611386331729,
    "duration": 19,
    "pid": 14764,
    "index": 42
  },
  {
    "name": "Require(34) node_modules/_egg-security@2.8.0@egg-security/app/extend/helper.js",
    "start": 1611386331710,
    "end": 1611386331724,
    "duration": 14,
    "pid": 14764,
    "index": 43
  },
  {
    "name": "Require(35) node_modules/_egg@2.29.1@egg/app/extend/helper.js",
    "start": 1611386331726,
    "end": 1611386331726,
    "duration": 0,
    "pid": 14764,
    "index": 44
  },
  {
    "name": "Load app.js",
    "start": 1611386331730,
    "end": 1611386331760,
    "duration": 30,
    "pid": 14764,
    "index": 45
  },
  {
    "name": "Require(36) node_modules/_egg-session@3.2.0@egg-session/app.js",
    "start": 1611386331730,
    "end": 1611386331730,
    "duration": 0,
    "pid": 14764,
    "index": 46
  },
  {
    "name": "Require(37) node_modules/_egg-security@2.8.0@egg-security/app.js",
    "start": 1611386331731,
    "end": 1611386331732,
    "duration": 1,
    "pid": 14764,
    "index": 47
  },
  {
    "name": "Require(38) node_modules/_egg-onerror@2.1.0@egg-onerror/app.js",
    "start": 1611386331733,
    "end": 1611386331742,
    "duration": 9,
    "pid": 14764,
    "index": 48
  },
  {
    "name": "Require(39) node_modules/_egg-i18n@2.1.1@egg-i18n/app.js",
    "start": 1611386331742,
    "end": 1611386331749,
    "duration": 7,
    "pid": 14764,
    "index": 49
  },
  {
    "name": "Require(40) node_modules/_egg-watcher@3.1.1@egg-watcher/app.js",
    "start": 1611386331749,
    "end": 1611386331753,
    "duration": 4,
    "pid": 14764,
    "index": 50
  },
  {
    "name": "Require(41) node_modules/_egg-schedule@3.6.6@egg-schedule/app.js",
    "start": 1611386331753,
    "end": 1611386331755,
    "duration": 2,
    "pid": 14764,
    "index": 51
  },
  {
    "name": "Require(42) node_modules/_egg-multipart@2.10.3@egg-multipart/app.js",
    "start": 1611386331755,
    "end": 1611386331756,
    "duration": 1,
    "pid": 14764,
    "index": 52
  },
  {
    "name": "Require(43) node_modules/_egg-development@2.7.0@egg-development/app.js",
    "start": 1611386331756,
    "end": 1611386331756,
    "duration": 0,
    "pid": 14764,
    "index": 53
  },
  {
    "name": "Require(44) node_modules/_egg-logrotator@3.1.0@egg-logrotator/app.js",
    "start": 1611386331757,
    "end": 1611386331757,
    "duration": 0,
    "pid": 14764,
    "index": 54
  },
  {
    "name": "Require(45) node_modules/_egg-static@2.2.0@egg-static/app.js",
    "start": 1611386331757,
    "end": 1611386331757,
    "duration": 0,
    "pid": 14764,
    "index": 55
  },
  {
    "name": "Require(46) node_modules/_egg-view-ejs@2.0.1@egg-view-ejs/app.js",
    "start": 1611386331758,
    "end": 1611386331759,
    "duration": 1,
    "pid": 14764,
    "index": 56
  },
  {
    "name": "Before Start in node_modules/_egg-watcher@3.1.1@egg-watcher/lib/init.js:15:14",
    "start": 1611386331767,
    "end": 1611386331935,
    "duration": 168,
    "pid": 14764,
    "index": 57
  },
  {
    "name": "Load Service",
    "start": 1611386331796,
    "end": 1611386331800,
    "duration": 4,
    "pid": 14764,
    "index": 58
  },
  {
    "name": "Load \"service\" to Context",
    "start": 1611386331796,
    "end": 1611386331800,
    "duration": 4,
    "pid": 14764,
    "index": 59
  },
  {
    "name": "Load Middleware",
    "start": 1611386331800,
    "end": 1611386331918,
    "duration": 118,
    "pid": 14764,
    "index": 60
  },
  {
    "name": "Load \"middlewares\" to Application",
    "start": 1611386331800,
    "end": 1611386331904,
    "duration": 104,
    "pid": 14764,
    "index": 61
  },
  {
    "name": "Load Controller",
    "start": 1611386331918,
    "end": 1611386331921,
    "duration": 3,
    "pid": 14764,
    "index": 62
  },
  {
    "name": "Load \"controller\" to Application",
    "start": 1611386331918,
    "end": 1611386331921,
    "duration": 3,
    "pid": 14764,
    "index": 63
  },
  {
    "name": "Load Router",
    "start": 1611386331921,
    "end": 1611386331922,
    "duration": 1,
    "pid": 14764,
    "index": 64
  },
  {
    "name": "Require(47) app/router.js",
    "start": 1611386331921,
    "end": 1611386331921,
    "duration": 0,
    "pid": 14764,
    "index": 65
  },
  {
    "name": "Before Start in node_modules/_egg-core@4.20.0@egg-core/lib/egg.js:303:10",
    "start": 1611386331921,
    "end": 1611386331929,
    "duration": 8,
    "pid": 14764,
    "index": 66
  }
]