[
  {
    "name": "Process Start",
    "start": 1611386332294,
    "end": 1611386333327,
    "duration": 1033,
    "pid": 7640,
    "index": 0
  },
  {
    "name": "Application Start",
    "start": 1611386333327,
    "end": 1611386333712,
    "duration": 385,
    "pid": 7640,
    "index": 1
  },
  {
    "name": "Load Plugin",
    "start": 1611386333331,
    "end": 1611386333349,
    "duration": 18,
    "pid": 7640,
    "index": 2
  },
  {
    "name": "Load Config",
    "start": 1611386333349,
    "end": 1611386333370,
    "duration": 21,
    "pid": 7640,
    "index": 3
  },
  {
    "name": "Require(0) config/config.default.js",
    "start": 1611386333350,
    "end": 1611386333350,
    "duration": 0,
    "pid": 7640,
    "index": 4
  },
  {
    "name": "Require(1) node_modules/_egg-session@3.2.0@egg-session/config/config.default.js",
    "start": 1611386333351,
    "end": 1611386333351,
    "duration": 0,
    "pid": 7640,
    "index": 5
  },
  {
    "name": "Require(2) node_modules/_egg-security@2.8.0@egg-security/config/config.default.js",
    "start": 1611386333352,
    "end": 1611386333352,
    "duration": 0,
    "pid": 7640,
    "index": 6
  },
  {
    "name": "Require(3) node_modules/_egg-jsonp@2.0.0@egg-jsonp/config/config.default.js",
    "start": 1611386333353,
    "end": 1611386333354,
    "duration": 1,
    "pid": 7640,
    "index": 7
  },
  {
    "name": "Require(4) node_modules/_egg-onerror@2.1.0@egg-onerror/config/config.default.js",
    "start": 1611386333354,
    "end": 1611386333354,
    "duration": 0,
    "pid": 7640,
    "index": 8
  },
  {
    "name": "Require(5) node_modules/_egg-i18n@2.1.1@egg-i18n/config/config.default.js",
    "start": 1611386333355,
    "end": 1611386333356,
    "duration": 1,
    "pid": 7640,
    "index": 9
  },
  {
    "name": "Require(6) node_modules/_egg-watcher@3.1.1@egg-watcher/config/config.default.js",
    "start": 1611386333357,
    "end": 1611386333357,
    "duration": 0,
    "pid": 7640,
    "index": 10
  },
  {
    "name": "Require(7) node_modules/_egg-schedule@3.6.6@egg-schedule/config/config.default.js",
    "start": 1611386333358,
    "end": 1611386333358,
    "duration": 0,
    "pid": 7640,
    "index": 11
  },
  {
    "name": "Require(8) node_modules/_egg-multipart@2.10.3@egg-multipart/config/config.default.js",
    "start": 1611386333359,
    "end": 1611386333359,
    "duration": 0,
    "pid": 7640,
    "index": 12
  },
  {
    "name": "Require(9) node_modules/_egg-development@2.7.0@egg-development/config/config.default.js",
    "start": 1611386333360,
    "end": 1611386333360,
    "duration": 0,
    "pid": 7640,
    "index": 13
  },
  {
    "name": "Require(10) node_modules/_egg-logrotator@3.1.0@egg-logrotator/config/config.default.js",
    "start": 1611386333361,
    "end": 1611386333361,
    "duration": 0,
    "pid": 7640,
    "index": 14
  },
  {
    "name": "Require(11) node_modules/_egg-static@2.2.0@egg-static/config/config.default.js",
    "start": 1611386333361,
    "end": 1611386333362,
    "duration": 1,
    "pid": 7640,
    "index": 15
  },
  {
    "name": "Require(12) node_modules/_egg-view@2.1.3@egg-view/config/config.default.js",
    "start": 1611386333362,
    "end": 1611386333363,
    "duration": 1,
    "pid": 7640,
    "index": 16
  },
  {
    "name": "Require(13) node_modules/_egg-view-ejs@2.0.1@egg-view-ejs/config/config.default.js",
    "start": 1611386333363,
    "end": 1611386333363,
    "duration": 0,
    "pid": 7640,
    "index": 17
  },
  {
    "name": "Require(14) node_modules/_egg@2.29.1@egg/config/config.default.js",
    "start": 1611386333364,
    "end": 1611386333364,
    "duration": 0,
    "pid": 7640,
    "index": 18
  },
  {
    "name": "Require(15) config/config.default.js",
    "start": 1611386333365,
    "end": 1611386333365,
    "duration": 0,
    "pid": 7640,
    "index": 19
  },
  {
    "name": "Require(16) node_modules/_egg-security@2.8.0@egg-security/config/config.local.js",
    "start": 1611386333366,
    "end": 1611386333366,
    "duration": 0,
    "pid": 7640,
    "index": 20
  },
  {
    "name": "Require(17) node_modules/_egg-watcher@3.1.1@egg-watcher/config/config.local.js",
    "start": 1611386333367,
    "end": 1611386333367,
    "duration": 0,
    "pid": 7640,
    "index": 21
  },
  {
    "name": "Require(18) node_modules/_egg-view@2.1.3@egg-view/config/config.local.js",
    "start": 1611386333368,
    "end": 1611386333369,
    "duration": 1,
    "pid": 7640,
    "index": 22
  },
  {
    "name": "Require(19) node_modules/_egg-view-ejs@2.0.1@egg-view-ejs/config/config.local.js",
    "start": 1611386333369,
    "end": 1611386333369,
    "duration": 0,
    "pid": 7640,
    "index": 23
  },
  {
    "name": "Require(20) node_modules/_egg@2.29.1@egg/config/config.local.js",
    "start": 1611386333370,
    "end": 1611386333370,
    "duration": 0,
    "pid": 7640,
    "index": 24
  },
  {
    "name": "Load extend/application.js",
    "start": 1611386333371,
    "end": 1611386333386,
    "duration": 15,
    "pid": 7640,
    "index": 25
  },
  {
    "name": "Require(21) node_modules/_egg-session@3.2.0@egg-session/app/extend/application.js",
    "start": 1611386333371,
    "end": 1611386333372,
    "duration": 1,
    "pid": 7640,
    "index": 26
  },
  {
    "name": "Require(22) node_modules/_egg-security@2.8.0@egg-security/app/extend/application.js",
    "start": 1611386333373,
    "end": 1611386333374,
    "duration": 1,
    "pid": 7640,
    "index": 27
  },
  {
    "name": "Require(23) node_modules/_egg-jsonp@2.0.0@egg-jsonp/app/extend/application.js",
    "start": 1611386333374,
    "end": 1611386333376,
    "duration": 2,
    "pid": 7640,
    "index": 28
  },
  {
    "name": "Require(24) node_modules/_egg-logrotator@3.1.0@egg-logrotator/app/extend/application.js",
    "start": 1611386333378,
    "end": 1611386333381,
    "duration": 3,
    "pid": 7640,
    "index": 29
  },
  {
    "name": "Require(25) node_modules/_egg-view@2.1.3@egg-view/app/extend/application.js",
    "start": 1611386333381,
    "end": 1611386333383,
    "duration": 2,
    "pid": 7640,
    "index": 30
  },
  {
    "name": "Load extend/request.js",
    "start": 1611386333386,
    "end": 1611386333395,
    "duration": 9,
    "pid": 7640,
    "index": 31
  },
  {
    "name": "Require(26) node_modules/_egg@2.29.1@egg/app/extend/request.js",
    "start": 1611386333389,
    "end": 1611386333390,
    "duration": 1,
    "pid": 7640,
    "index": 32
  },
  {
    "name": "Load extend/response.js",
    "start": 1611386333395,
    "end": 1611386333403,
    "duration": 8,
    "pid": 7640,
    "index": 33
  },
  {
    "name": "Require(27) node_modules/_egg@2.29.1@egg/app/extend/response.js",
    "start": 1611386333397,
    "end": 1611386333400,
    "duration": 3,
    "pid": 7640,
    "index": 34
  },
  {
    "name": "Load extend/context.js",
    "start": 1611386333403,
    "end": 1611386333470,
    "duration": 67,
    "pid": 7640,
    "index": 35
  },
  {
    "name": "Require(28) node_modules/_egg-security@2.8.0@egg-security/app/extend/context.js",
    "start": 1611386333403,
    "end": 1611386333416,
    "duration": 13,
    "pid": 7640,
    "index": 36
  },
  {
    "name": "Require(29) node_modules/_egg-jsonp@2.0.0@egg-jsonp/app/extend/context.js",
    "start": 1611386333417,
    "end": 1611386333418,
    "duration": 1,
    "pid": 7640,
    "index": 37
  },
  {
    "name": "Require(30) node_modules/_egg-i18n@2.1.1@egg-i18n/app/extend/context.js",
    "start": 1611386333419,
    "end": 1611386333419,
    "duration": 0,
    "pid": 7640,
    "index": 38
  },
  {
    "name": "Require(31) node_modules/_egg-multipart@2.10.3@egg-multipart/app/extend/context.js",
    "start": 1611386333420,
    "end": 1611386333464,
    "duration": 44,
    "pid": 7640,
    "index": 39
  },
  {
    "name": "Require(32) node_modules/_egg-view@2.1.3@egg-view/app/extend/context.js",
    "start": 1611386333465,
    "end": 1611386333466,
    "duration": 1,
    "pid": 7640,
    "index": 40
  },
  {
    "name": "Require(33) node_modules/_egg@2.29.1@egg/app/extend/context.js",
    "start": 1611386333466,
    "end": 1611386333468,
    "duration": 2,
    "pid": 7640,
    "index": 41
  },
  {
    "name": "Load extend/helper.js",
    "start": 1611386333470,
    "end": 1611386333490,
    "duration": 20,
    "pid": 7640,
    "index": 42
  },
  {
    "name": "Require(34) node_modules/_egg-security@2.8.0@egg-security/app/extend/helper.js",
    "start": 1611386333471,
    "end": 1611386333485,
    "duration": 14,
    "pid": 7640,
    "index": 43
  },
  {
    "name": "Require(35) node_modules/_egg@2.29.1@egg/app/extend/helper.js",
    "start": 1611386333487,
    "end": 1611386333488,
    "duration": 1,
    "pid": 7640,
    "index": 44
  },
  {
    "name": "Load app.js",
    "start": 1611386333491,
    "end": 1611386333524,
    "duration": 33,
    "pid": 7640,
    "index": 45
  },
  {
    "name": "Require(36) node_modules/_egg-session@3.2.0@egg-session/app.js",
    "start": 1611386333491,
    "end": 1611386333491,
    "duration": 0,
    "pid": 7640,
    "index": 46
  },
  {
    "name": "Require(37) node_modules/_egg-security@2.8.0@egg-security/app.js",
    "start": 1611386333492,
    "end": 1611386333493,
    "duration": 1,
    "pid": 7640,
    "index": 47
  },
  {
    "name": "Require(38) node_modules/_egg-onerror@2.1.0@egg-onerror/app.js",
    "start": 1611386333494,
    "end": 1611386333504,
    "duration": 10,
    "pid": 7640,
    "index": 48
  },
  {
    "name": "Require(39) node_modules/_egg-i18n@2.1.1@egg-i18n/app.js",
    "start": 1611386333504,
    "end": 1611386333512,
    "duration": 8,
    "pid": 7640,
    "index": 49
  },
  {
    "name": "Require(40) node_modules/_egg-watcher@3.1.1@egg-watcher/app.js",
    "start": 1611386333512,
    "end": 1611386333516,
    "duration": 4,
    "pid": 7640,
    "index": 50
  },
  {
    "name": "Require(41) node_modules/_egg-schedule@3.6.6@egg-schedule/app.js",
    "start": 1611386333516,
    "end": 1611386333518,
    "duration": 2,
    "pid": 7640,
    "index": 51
  },
  {
    "name": "Require(42) node_modules/_egg-multipart@2.10.3@egg-multipart/app.js",
    "start": 1611386333519,
    "end": 1611386333519,
    "duration": 0,
    "pid": 7640,
    "index": 52
  },
  {
    "name": "Require(43) node_modules/_egg-development@2.7.0@egg-development/app.js",
    "start": 1611386333520,
    "end": 1611386333520,
    "duration": 0,
    "pid": 7640,
    "index": 53
  },
  {
    "name": "Require(44) node_modules/_egg-logrotator@3.1.0@egg-logrotator/app.js",
    "start": 1611386333520,
    "end": 1611386333521,
    "duration": 1,
    "pid": 7640,
    "index": 54
  },
  {
    "name": "Require(45) node_modules/_egg-static@2.2.0@egg-static/app.js",
    "start": 1611386333521,
    "end": 1611386333522,
    "duration": 1,
    "pid": 7640,
    "index": 55
  },
  {
    "name": "Require(46) node_modules/_egg-view-ejs@2.0.1@egg-view-ejs/app.js",
    "start": 1611386333523,
    "end": 1611386333523,
    "duration": 0,
    "pid": 7640,
    "index": 56
  },
  {
    "name": "Before Start in node_modules/_egg-watcher@3.1.1@egg-watcher/lib/init.js:15:14",
    "start": 1611386333532,
    "end": 1611386333712,
    "duration": 180,
    "pid": 7640,
    "index": 57
  },
  {
    "name": "Load Service",
    "start": 1611386333568,
    "end": 1611386333573,
    "duration": 5,
    "pid": 7640,
    "index": 58
  },
  {
    "name": "Load \"service\" to Context",
    "start": 1611386333568,
    "end": 1611386333573,
    "duration": 5,
    "pid": 7640,
    "index": 59
  },
  {
    "name": "Load Middleware",
    "start": 1611386333573,
    "end": 1611386333696,
    "duration": 123,
    "pid": 7640,
    "index": 60
  },
  {
    "name": "Load \"middlewares\" to Application",
    "start": 1611386333574,
    "end": 1611386333680,
    "duration": 106,
    "pid": 7640,
    "index": 61
  },
  {
    "name": "Load Controller",
    "start": 1611386333696,
    "end": 1611386333699,
    "duration": 3,
    "pid": 7640,
    "index": 62
  },
  {
    "name": "Load \"controller\" to Application",
    "start": 1611386333696,
    "end": 1611386333699,
    "duration": 3,
    "pid": 7640,
    "index": 63
  },
  {
    "name": "Load Router",
    "start": 1611386333699,
    "end": 1611386333701,
    "duration": 2,
    "pid": 7640,
    "index": 64
  },
  {
    "name": "Require(47) app/router.js",
    "start": 1611386333699,
    "end": 1611386333699,
    "duration": 0,
    "pid": 7640,
    "index": 65
  },
  {
    "name": "Before Start in node_modules/_egg-core@4.20.0@egg-core/lib/egg.js:303:10",
    "start": 1611386333699,
    "end": 1611386333706,
    "duration": 7,
    "pid": 7640,
    "index": 66
  }
]