[
  {
    "name": "Process Start",
    "start": 1611386168238,
    "end": 1611386169221,
    "duration": 983,
    "pid": 1844,
    "index": 0
  },
  {
    "name": "Application Start",
    "start": 1611386169221,
    "end": 1611386169621,
    "duration": 400,
    "pid": 1844,
    "index": 1
  },
  {
    "name": "Load Plugin",
    "start": 1611386169225,
    "end": 1611386169244,
    "duration": 19,
    "pid": 1844,
    "index": 2
  },
  {
    "name": "Load Config",
    "start": 1611386169244,
    "end": 1611386169263,
    "duration": 19,
    "pid": 1844,
    "index": 3
  },
  {
    "name": "Require(0) config/config.default.js",
    "start": 1611386169245,
    "end": 1611386169245,
    "duration": 0,
    "pid": 1844,
    "index": 4
  },
  {
    "name": "Require(1) node_modules/_egg-session@3.2.0@egg-session/config/config.default.js",
    "start": 1611386169246,
    "end": 1611386169247,
    "duration": 1,
    "pid": 1844,
    "index": 5
  },
  {
    "name": "Require(2) node_modules/_egg-security@2.8.0@egg-security/config/config.default.js",
    "start": 1611386169247,
    "end": 1611386169247,
    "duration": 0,
    "pid": 1844,
    "index": 6
  },
  {
    "name": "Require(3) node_modules/_egg-jsonp@2.0.0@egg-jsonp/config/config.default.js",
    "start": 1611386169248,
    "end": 1611386169249,
    "duration": 1,
    "pid": 1844,
    "index": 7
  },
  {
    "name": "Require(4) node_modules/_egg-onerror@2.1.0@egg-onerror/config/config.default.js",
    "start": 1611386169249,
    "end": 1611386169250,
    "duration": 1,
    "pid": 1844,
    "index": 8
  },
  {
    "name": "Require(5) node_modules/_egg-i18n@2.1.1@egg-i18n/config/config.default.js",
    "start": 1611386169250,
    "end": 1611386169250,
    "duration": 0,
    "pid": 1844,
    "index": 9
  },
  {
    "name": "Require(6) node_modules/_egg-watcher@3.1.1@egg-watcher/config/config.default.js",
    "start": 1611386169251,
    "end": 1611386169251,
    "duration": 0,
    "pid": 1844,
    "index": 10
  },
  {
    "name": "Require(7) node_modules/_egg-schedule@3.6.6@egg-schedule/config/config.default.js",
    "start": 1611386169252,
    "end": 1611386169252,
    "duration": 0,
    "pid": 1844,
    "index": 11
  },
  {
    "name": "Require(8) node_modules/_egg-multipart@2.10.3@egg-multipart/config/config.default.js",
    "start": 1611386169253,
    "end": 1611386169253,
    "duration": 0,
    "pid": 1844,
    "index": 12
  },
  {
    "name": "Require(9) node_modules/_egg-development@2.7.0@egg-development/config/config.default.js",
    "start": 1611386169253,
    "end": 1611386169254,
    "duration": 1,
    "pid": 1844,
    "index": 13
  },
  {
    "name": "Require(10) node_modules/_egg-logrotator@3.1.0@egg-logrotator/config/config.default.js",
    "start": 1611386169254,
    "end": 1611386169254,
    "duration": 0,
    "pid": 1844,
    "index": 14
  },
  {
    "name": "Require(11) node_modules/_egg-static@2.2.0@egg-static/config/config.default.js",
    "start": 1611386169255,
    "end": 1611386169255,
    "duration": 0,
    "pid": 1844,
    "index": 15
  },
  {
    "name": "Require(12) node_modules/_egg-view@2.1.3@egg-view/config/config.default.js",
    "start": 1611386169256,
    "end": 1611386169256,
    "duration": 0,
    "pid": 1844,
    "index": 16
  },
  {
    "name": "Require(13) node_modules/_egg-view-ejs@2.0.1@egg-view-ejs/config/config.default.js",
    "start": 1611386169256,
    "end": 1611386169257,
    "duration": 1,
    "pid": 1844,
    "index": 17
  },
  {
    "name": "Require(14) node_modules/_egg@2.29.1@egg/config/config.default.js",
    "start": 1611386169257,
    "end": 1611386169258,
    "duration": 1,
    "pid": 1844,
    "index": 18
  },
  {
    "name": "Require(15) config/config.default.js",
    "start": 1611386169259,
    "end": 1611386169259,
    "duration": 0,
    "pid": 1844,
    "index": 19
  },
  {
    "name": "Require(16) node_modules/_egg-security@2.8.0@egg-security/config/config.local.js",
    "start": 1611386169259,
    "end": 1611386169259,
    "duration": 0,
    "pid": 1844,
    "index": 20
  },
  {
    "name": "Require(17) node_modules/_egg-watcher@3.1.1@egg-watcher/config/config.local.js",
    "start": 1611386169260,
    "end": 1611386169261,
    "duration": 1,
    "pid": 1844,
    "index": 21
  },
  {
    "name": "Require(18) node_modules/_egg-view@2.1.3@egg-view/config/config.local.js",
    "start": 1611386169262,
    "end": 1611386169262,
    "duration": 0,
    "pid": 1844,
    "index": 22
  },
  {
    "name": "Require(19) node_modules/_egg-view-ejs@2.0.1@egg-view-ejs/config/config.local.js",
    "start": 1611386169263,
    "end": 1611386169263,
    "duration": 0,
    "pid": 1844,
    "index": 23
  },
  {
    "name": "Require(20) node_modules/_egg@2.29.1@egg/config/config.local.js",
    "start": 1611386169263,
    "end": 1611386169263,
    "duration": 0,
    "pid": 1844,
    "index": 24
  },
  {
    "name": "Load extend/application.js",
    "start": 1611386169264,
    "end": 1611386169280,
    "duration": 16,
    "pid": 1844,
    "index": 25
  },
  {
    "name": "Require(21) node_modules/_egg-session@3.2.0@egg-session/app/extend/application.js",
    "start": 1611386169265,
    "end": 1611386169265,
    "duration": 0,
    "pid": 1844,
    "index": 26
  },
  {
    "name": "Require(22) node_modules/_egg-security@2.8.0@egg-security/app/extend/application.js",
    "start": 1611386169266,
    "end": 1611386169267,
    "duration": 1,
    "pid": 1844,
    "index": 27
  },
  {
    "name": "Require(23) node_modules/_egg-jsonp@2.0.0@egg-jsonp/app/extend/application.js",
    "start": 1611386169267,
    "end": 1611386169269,
    "duration": 2,
    "pid": 1844,
    "index": 28
  },
  {
    "name": "Require(24) node_modules/_egg-logrotator@3.1.0@egg-logrotator/app/extend/application.js",
    "start": 1611386169271,
    "end": 1611386169273,
    "duration": 2,
    "pid": 1844,
    "index": 29
  },
  {
    "name": "Require(25) node_modules/_egg-view@2.1.3@egg-view/app/extend/application.js",
    "start": 1611386169274,
    "end": 1611386169276,
    "duration": 2,
    "pid": 1844,
    "index": 30
  },
  {
    "name": "Load extend/request.js",
    "start": 1611386169280,
    "end": 1611386169289,
    "duration": 9,
    "pid": 1844,
    "index": 31
  },
  {
    "name": "Require(26) node_modules/_egg@2.29.1@egg/app/extend/request.js",
    "start": 1611386169282,
    "end": 1611386169284,
    "duration": 2,
    "pid": 1844,
    "index": 32
  },
  {
    "name": "Load extend/response.js",
    "start": 1611386169289,
    "end": 1611386169298,
    "duration": 9,
    "pid": 1844,
    "index": 33
  },
  {
    "name": "Require(27) node_modules/_egg@2.29.1@egg/app/extend/response.js",
    "start": 1611386169292,
    "end": 1611386169295,
    "duration": 3,
    "pid": 1844,
    "index": 34
  },
  {
    "name": "Load extend/context.js",
    "start": 1611386169298,
    "end": 1611386169367,
    "duration": 69,
    "pid": 1844,
    "index": 35
  },
  {
    "name": "Require(28) node_modules/_egg-security@2.8.0@egg-security/app/extend/context.js",
    "start": 1611386169298,
    "end": 1611386169312,
    "duration": 14,
    "pid": 1844,
    "index": 36
  },
  {
    "name": "Require(29) node_modules/_egg-jsonp@2.0.0@egg-jsonp/app/extend/context.js",
    "start": 1611386169312,
    "end": 1611386169314,
    "duration": 2,
    "pid": 1844,
    "index": 37
  },
  {
    "name": "Require(30) node_modules/_egg-i18n@2.1.1@egg-i18n/app/extend/context.js",
    "start": 1611386169314,
    "end": 1611386169315,
    "duration": 1,
    "pid": 1844,
    "index": 38
  },
  {
    "name": "Require(31) node_modules/_egg-multipart@2.10.3@egg-multipart/app/extend/context.js",
    "start": 1611386169315,
    "end": 1611386169360,
    "duration": 45,
    "pid": 1844,
    "index": 39
  },
  {
    "name": "Require(32) node_modules/_egg-view@2.1.3@egg-view/app/extend/context.js",
    "start": 1611386169361,
    "end": 1611386169362,
    "duration": 1,
    "pid": 1844,
    "index": 40
  },
  {
    "name": "Require(33) node_modules/_egg@2.29.1@egg/app/extend/context.js",
    "start": 1611386169363,
    "end": 1611386169364,
    "duration": 1,
    "pid": 1844,
    "index": 41
  },
  {
    "name": "Load extend/helper.js",
    "start": 1611386169367,
    "end": 1611386169388,
    "duration": 21,
    "pid": 1844,
    "index": 42
  },
  {
    "name": "Require(34) node_modules/_egg-security@2.8.0@egg-security/app/extend/helper.js",
    "start": 1611386169367,
    "end": 1611386169383,
    "duration": 16,
    "pid": 1844,
    "index": 43
  },
  {
    "name": "Require(35) node_modules/_egg@2.29.1@egg/app/extend/helper.js",
    "start": 1611386169385,
    "end": 1611386169385,
    "duration": 0,
    "pid": 1844,
    "index": 44
  },
  {
    "name": "Load app.js",
    "start": 1611386169388,
    "end": 1611386169422,
    "duration": 34,
    "pid": 1844,
    "index": 45
  },
  {
    "name": "Require(36) node_modules/_egg-session@3.2.0@egg-session/app.js",
    "start": 1611386169389,
    "end": 1611386169389,
    "duration": 0,
    "pid": 1844,
    "index": 46
  },
  {
    "name": "Require(37) node_modules/_egg-security@2.8.0@egg-security/app.js",
    "start": 1611386169389,
    "end": 1611386169391,
    "duration": 2,
    "pid": 1844,
    "index": 47
  },
  {
    "name": "Require(38) node_modules/_egg-onerror@2.1.0@egg-onerror/app.js",
    "start": 1611386169391,
    "end": 1611386169402,
    "duration": 11,
    "pid": 1844,
    "index": 48
  },
  {
    "name": "Require(39) node_modules/_egg-i18n@2.1.1@egg-i18n/app.js",
    "start": 1611386169403,
    "end": 1611386169410,
    "duration": 7,
    "pid": 1844,
    "index": 49
  },
  {
    "name": "Require(40) node_modules/_egg-watcher@3.1.1@egg-watcher/app.js",
    "start": 1611386169411,
    "end": 1611386169415,
    "duration": 4,
    "pid": 1844,
    "index": 50
  },
  {
    "name": "Require(41) node_modules/_egg-schedule@3.6.6@egg-schedule/app.js",
    "start": 1611386169415,
    "end": 1611386169417,
    "duration": 2,
    "pid": 1844,
    "index": 51
  },
  {
    "name": "Require(42) node_modules/_egg-multipart@2.10.3@egg-multipart/app.js",
    "start": 1611386169418,
    "end": 1611386169418,
    "duration": 0,
    "pid": 1844,
    "index": 52
  },
  {
    "name": "Require(43) node_modules/_egg-development@2.7.0@egg-development/app.js",
    "start": 1611386169419,
    "end": 1611386169419,
    "duration": 0,
    "pid": 1844,
    "index": 53
  },
  {
    "name": "Require(44) node_modules/_egg-logrotator@3.1.0@egg-logrotator/app.js",
    "start": 1611386169419,
    "end": 1611386169419,
    "duration": 0,
    "pid": 1844,
    "index": 54
  },
  {
    "name": "Require(45) node_modules/_egg-static@2.2.0@egg-static/app.js",
    "start": 1611386169420,
    "end": 1611386169420,
    "duration": 0,
    "pid": 1844,
    "index": 55
  },
  {
    "name": "Require(46) node_modules/_egg-view-ejs@2.0.1@egg-view-ejs/app.js",
    "start": 1611386169421,
    "end": 1611386169421,
    "duration": 0,
    "pid": 1844,
    "index": 56
  },
  {
    "name": "Before Start in node_modules/_egg-watcher@3.1.1@egg-watcher/lib/init.js:15:14",
    "start": 1611386169430,
    "end": 1611386169621,
    "duration": 191,
    "pid": 1844,
    "index": 57
  },
  {
    "name": "Load Service",
    "start": 1611386169463,
    "end": 1611386169469,
    "duration": 6,
    "pid": 1844,
    "index": 58
  },
  {
    "name": "Load \"service\" to Context",
    "start": 1611386169463,
    "end": 1611386169469,
    "duration": 6,
    "pid": 1844,
    "index": 59
  },
  {
    "name": "Load Middleware",
    "start": 1611386169470,
    "end": 1611386169600,
    "duration": 130,
    "pid": 1844,
    "index": 60
  },
  {
    "name": "Load \"middlewares\" to Application",
    "start": 1611386169470,
    "end": 1611386169585,
    "duration": 115,
    "pid": 1844,
    "index": 61
  },
  {
    "name": "Load Controller",
    "start": 1611386169601,
    "end": 1611386169604,
    "duration": 3,
    "pid": 1844,
    "index": 62
  },
  {
    "name": "Load \"controller\" to Application",
    "start": 1611386169601,
    "end": 1611386169604,
    "duration": 3,
    "pid": 1844,
    "index": 63
  },
  {
    "name": "Load Router",
    "start": 1611386169604,
    "end": 1611386169606,
    "duration": 2,
    "pid": 1844,
    "index": 64
  },
  {
    "name": "Require(47) app/router.js",
    "start": 1611386169604,
    "end": 1611386169604,
    "duration": 0,
    "pid": 1844,
    "index": 65
  },
  {
    "name": "Before Start in node_modules/_egg-core@4.20.0@egg-core/lib/egg.js:303:10",
    "start": 1611386169604,
    "end": 1611386169612,
    "duration": 8,
    "pid": 1844,
    "index": 66
  }
]