[
  {
    "name": "Process Start",
    "start": 1611386309335,
    "end": 1611386310418,
    "duration": 1083,
    "pid": 15436,
    "index": 0
  },
  {
    "name": "Application Start",
    "start": 1611386310419,
    "end": 1611386310860,
    "duration": 441,
    "pid": 15436,
    "index": 1
  },
  {
    "name": "Load Plugin",
    "start": 1611386310422,
    "end": 1611386310442,
    "duration": 20,
    "pid": 15436,
    "index": 2
  },
  {
    "name": "Load Config",
    "start": 1611386310442,
    "end": 1611386310498,
    "duration": 56,
    "pid": 15436,
    "index": 3
  },
  {
    "name": "Require(0) config/config.default.js",
    "start": 1611386310444,
    "end": 1611386310445,
    "duration": 1,
    "pid": 15436,
    "index": 4
  },
  {
    "name": "Require(1) node_modules/_egg-session@3.2.0@egg-session/config/config.default.js",
    "start": 1611386310448,
    "end": 1611386310449,
    "duration": 1,
    "pid": 15436,
    "index": 5
  },
  {
    "name": "Require(2) node_modules/_egg-security@2.8.0@egg-security/config/config.default.js",
    "start": 1611386310450,
    "end": 1611386310451,
    "duration": 1,
    "pid": 15436,
    "index": 6
  },
  {
    "name": "Require(3) node_modules/_egg-jsonp@2.0.0@egg-jsonp/config/config.default.js",
    "start": 1611386310453,
    "end": 1611386310455,
    "duration": 2,
    "pid": 15436,
    "index": 7
  },
  {
    "name": "Require(4) node_modules/_egg-onerror@2.1.0@egg-onerror/config/config.default.js",
    "start": 1611386310456,
    "end": 1611386310457,
    "duration": 1,
    "pid": 15436,
    "index": 8
  },
  {
    "name": "Require(5) node_modules/_egg-i18n@2.1.1@egg-i18n/config/config.default.js",
    "start": 1611386310458,
    "end": 1611386310459,
    "duration": 1,
    "pid": 15436,
    "index": 9
  },
  {
    "name": "Require(6) node_modules/_egg-watcher@3.1.1@egg-watcher/config/config.default.js",
    "start": 1611386310461,
    "end": 1611386310462,
    "duration": 1,
    "pid": 15436,
    "index": 10
  },
  {
    "name": "Require(7) node_modules/_egg-schedule@3.6.6@egg-schedule/config/config.default.js",
    "start": 1611386310463,
    "end": 1611386310464,
    "duration": 1,
    "pid": 15436,
    "index": 11
  },
  {
    "name": "Require(8) node_modules/_egg-multipart@2.10.3@egg-multipart/config/config.default.js",
    "start": 1611386310466,
    "end": 1611386310467,
    "duration": 1,
    "pid": 15436,
    "index": 12
  },
  {
    "name": "Require(9) node_modules/_egg-development@2.7.0@egg-development/config/config.default.js",
    "start": 1611386310468,
    "end": 1611386310469,
    "duration": 1,
    "pid": 15436,
    "index": 13
  },
  {
    "name": "Require(10) node_modules/_egg-logrotator@3.1.0@egg-logrotator/config/config.default.js",
    "start": 1611386310471,
    "end": 1611386310472,
    "duration": 1,
    "pid": 15436,
    "index": 14
  },
  {
    "name": "Require(11) node_modules/_egg-static@2.2.0@egg-static/config/config.default.js",
    "start": 1611386310473,
    "end": 1611386310474,
    "duration": 1,
    "pid": 15436,
    "index": 15
  },
  {
    "name": "Require(12) node_modules/_egg-view@2.1.3@egg-view/config/config.default.js",
    "start": 1611386310475,
    "end": 1611386310477,
    "duration": 2,
    "pid": 15436,
    "index": 16
  },
  {
    "name": "Require(13) node_modules/_egg-view-ejs@2.0.1@egg-view-ejs/config/config.default.js",
    "start": 1611386310478,
    "end": 1611386310479,
    "duration": 1,
    "pid": 15436,
    "index": 17
  },
  {
    "name": "Require(14) node_modules/_egg@2.29.1@egg/config/config.default.js",
    "start": 1611386310480,
    "end": 1611386310481,
    "duration": 1,
    "pid": 15436,
    "index": 18
  },
  {
    "name": "Require(15) config/config.default.js",
    "start": 1611386310484,
    "end": 1611386310484,
    "duration": 0,
    "pid": 15436,
    "index": 19
  },
  {
    "name": "Require(16) node_modules/_egg-security@2.8.0@egg-security/config/config.local.js",
    "start": 1611386310486,
    "end": 1611386310486,
    "duration": 0,
    "pid": 15436,
    "index": 20
  },
  {
    "name": "Require(17) node_modules/_egg-watcher@3.1.1@egg-watcher/config/config.local.js",
    "start": 1611386310490,
    "end": 1611386310491,
    "duration": 1,
    "pid": 15436,
    "index": 21
  },
  {
    "name": "Require(18) node_modules/_egg-view@2.1.3@egg-view/config/config.local.js",
    "start": 1611386310494,
    "end": 1611386310495,
    "duration": 1,
    "pid": 15436,
    "index": 22
  },
  {
    "name": "Require(19) node_modules/_egg-view-ejs@2.0.1@egg-view-ejs/config/config.local.js",
    "start": 1611386310496,
    "end": 1611386310496,
    "duration": 0,
    "pid": 15436,
    "index": 23
  },
  {
    "name": "Require(20) node_modules/_egg@2.29.1@egg/config/config.local.js",
    "start": 1611386310497,
    "end": 1611386310498,
    "duration": 1,
    "pid": 15436,
    "index": 24
  },
  {
    "name": "Load extend/application.js",
    "start": 1611386310501,
    "end": 1611386310520,
    "duration": 19,
    "pid": 15436,
    "index": 25
  },
  {
    "name": "Require(21) node_modules/_egg-session@3.2.0@egg-session/app/extend/application.js",
    "start": 1611386310502,
    "end": 1611386310503,
    "duration": 1,
    "pid": 15436,
    "index": 26
  },
  {
    "name": "Require(22) node_modules/_egg-security@2.8.0@egg-security/app/extend/application.js",
    "start": 1611386310503,
    "end": 1611386310505,
    "duration": 2,
    "pid": 15436,
    "index": 27
  },
  {
    "name": "Require(23) node_modules/_egg-jsonp@2.0.0@egg-jsonp/app/extend/application.js",
    "start": 1611386310506,
    "end": 1611386310510,
    "duration": 4,
    "pid": 15436,
    "index": 28
  },
  {
    "name": "Require(24) node_modules/_egg-logrotator@3.1.0@egg-logrotator/app/extend/application.js",
    "start": 1611386310511,
    "end": 1611386310515,
    "duration": 4,
    "pid": 15436,
    "index": 29
  },
  {
    "name": "Require(25) node_modules/_egg-view@2.1.3@egg-view/app/extend/application.js",
    "start": 1611386310516,
    "end": 1611386310518,
    "duration": 2,
    "pid": 15436,
    "index": 30
  },
  {
    "name": "Load extend/request.js",
    "start": 1611386310520,
    "end": 1611386310528,
    "duration": 8,
    "pid": 15436,
    "index": 31
  },
  {
    "name": "Require(26) node_modules/_egg@2.29.1@egg/app/extend/request.js",
    "start": 1611386310523,
    "end": 1611386310525,
    "duration": 2,
    "pid": 15436,
    "index": 32
  },
  {
    "name": "Load extend/response.js",
    "start": 1611386310528,
    "end": 1611386310543,
    "duration": 15,
    "pid": 15436,
    "index": 33
  },
  {
    "name": "Require(27) node_modules/_egg@2.29.1@egg/app/extend/response.js",
    "start": 1611386310535,
    "end": 1611386310538,
    "duration": 3,
    "pid": 15436,
    "index": 34
  },
  {
    "name": "Load extend/context.js",
    "start": 1611386310543,
    "end": 1611386310614,
    "duration": 71,
    "pid": 15436,
    "index": 35
  },
  {
    "name": "Require(28) node_modules/_egg-security@2.8.0@egg-security/app/extend/context.js",
    "start": 1611386310543,
    "end": 1611386310559,
    "duration": 16,
    "pid": 15436,
    "index": 36
  },
  {
    "name": "Require(29) node_modules/_egg-jsonp@2.0.0@egg-jsonp/app/extend/context.js",
    "start": 1611386310559,
    "end": 1611386310560,
    "duration": 1,
    "pid": 15436,
    "index": 37
  },
  {
    "name": "Require(30) node_modules/_egg-i18n@2.1.1@egg-i18n/app/extend/context.js",
    "start": 1611386310561,
    "end": 1611386310561,
    "duration": 0,
    "pid": 15436,
    "index": 38
  },
  {
    "name": "Require(31) node_modules/_egg-multipart@2.10.3@egg-multipart/app/extend/context.js",
    "start": 1611386310562,
    "end": 1611386310608,
    "duration": 46,
    "pid": 15436,
    "index": 39
  },
  {
    "name": "Require(32) node_modules/_egg-view@2.1.3@egg-view/app/extend/context.js",
    "start": 1611386310609,
    "end": 1611386310610,
    "duration": 1,
    "pid": 15436,
    "index": 40
  },
  {
    "name": "Require(33) node_modules/_egg@2.29.1@egg/app/extend/context.js",
    "start": 1611386310610,
    "end": 1611386310612,
    "duration": 2,
    "pid": 15436,
    "index": 41
  },
  {
    "name": "Load extend/helper.js",
    "start": 1611386310615,
    "end": 1611386310639,
    "duration": 24,
    "pid": 15436,
    "index": 42
  },
  {
    "name": "Require(34) node_modules/_egg-security@2.8.0@egg-security/app/extend/helper.js",
    "start": 1611386310615,
    "end": 1611386310634,
    "duration": 19,
    "pid": 15436,
    "index": 43
  },
  {
    "name": "Require(35) node_modules/_egg@2.29.1@egg/app/extend/helper.js",
    "start": 1611386310636,
    "end": 1611386310636,
    "duration": 0,
    "pid": 15436,
    "index": 44
  },
  {
    "name": "Load app.js",
    "start": 1611386310639,
    "end": 1611386310675,
    "duration": 36,
    "pid": 15436,
    "index": 45
  },
  {
    "name": "Require(36) node_modules/_egg-session@3.2.0@egg-session/app.js",
    "start": 1611386310640,
    "end": 1611386310640,
    "duration": 0,
    "pid": 15436,
    "index": 46
  },
  {
    "name": "Require(37) node_modules/_egg-security@2.8.0@egg-security/app.js",
    "start": 1611386310640,
    "end": 1611386310644,
    "duration": 4,
    "pid": 15436,
    "index": 47
  },
  {
    "name": "Require(38) node_modules/_egg-onerror@2.1.0@egg-onerror/app.js",
    "start": 1611386310644,
    "end": 1611386310654,
    "duration": 10,
    "pid": 15436,
    "index": 48
  },
  {
    "name": "Require(39) node_modules/_egg-i18n@2.1.1@egg-i18n/app.js",
    "start": 1611386310654,
    "end": 1611386310663,
    "duration": 9,
    "pid": 15436,
    "index": 49
  },
  {
    "name": "Require(40) node_modules/_egg-watcher@3.1.1@egg-watcher/app.js",
    "start": 1611386310663,
    "end": 1611386310668,
    "duration": 5,
    "pid": 15436,
    "index": 50
  },
  {
    "name": "Require(41) node_modules/_egg-schedule@3.6.6@egg-schedule/app.js",
    "start": 1611386310668,
    "end": 1611386310670,
    "duration": 2,
    "pid": 15436,
    "index": 51
  },
  {
    "name": "Require(42) node_modules/_egg-multipart@2.10.3@egg-multipart/app.js",
    "start": 1611386310671,
    "end": 1611386310671,
    "duration": 0,
    "pid": 15436,
    "index": 52
  },
  {
    "name": "Require(43) node_modules/_egg-development@2.7.0@egg-development/app.js",
    "start": 1611386310671,
    "end": 1611386310672,
    "duration": 1,
    "pid": 15436,
    "index": 53
  },
  {
    "name": "Require(44) node_modules/_egg-logrotator@3.1.0@egg-logrotator/app.js",
    "start": 1611386310672,
    "end": 1611386310672,
    "duration": 0,
    "pid": 15436,
    "index": 54
  },
  {
    "name": "Require(45) node_modules/_egg-static@2.2.0@egg-static/app.js",
    "start": 1611386310672,
    "end": 1611386310673,
    "duration": 1,
    "pid": 15436,
    "index": 55
  },
  {
    "name": "Require(46) node_modules/_egg-view-ejs@2.0.1@egg-view-ejs/app.js",
    "start": 1611386310673,
    "end": 1611386310674,
    "duration": 1,
    "pid": 15436,
    "index": 56
  },
  {
    "name": "Before Start in node_modules/_egg-watcher@3.1.1@egg-watcher/lib/init.js:15:14",
    "start": 1611386310683,
    "end": 1611386310859,
    "duration": 176,
    "pid": 15436,
    "index": 57
  },
  {
    "name": "Load Service",
    "start": 1611386310715,
    "end": 1611386310719,
    "duration": 4,
    "pid": 15436,
    "index": 58
  },
  {
    "name": "Load \"service\" to Context",
    "start": 1611386310715,
    "end": 1611386310719,
    "duration": 4,
    "pid": 15436,
    "index": 59
  },
  {
    "name": "Load Middleware",
    "start": 1611386310719,
    "end": 1611386310841,
    "duration": 122,
    "pid": 15436,
    "index": 60
  },
  {
    "name": "Load \"middlewares\" to Application",
    "start": 1611386310719,
    "end": 1611386310826,
    "duration": 107,
    "pid": 15436,
    "index": 61
  },
  {
    "name": "Load Controller",
    "start": 1611386310841,
    "end": 1611386310844,
    "duration": 3,
    "pid": 15436,
    "index": 62
  },
  {
    "name": "Load \"controller\" to Application",
    "start": 1611386310841,
    "end": 1611386310844,
    "duration": 3,
    "pid": 15436,
    "index": 63
  },
  {
    "name": "Load Router",
    "start": 1611386310844,
    "end": 1611386310846,
    "duration": 2,
    "pid": 15436,
    "index": 64
  },
  {
    "name": "Require(47) app/router.js",
    "start": 1611386310844,
    "end": 1611386310845,
    "duration": 1,
    "pid": 15436,
    "index": 65
  },
  {
    "name": "Before Start in node_modules/_egg-core@4.20.0@egg-core/lib/egg.js:303:10",
    "start": 1611386310845,
    "end": 1611386310853,
    "duration": 8,
    "pid": 15436,
    "index": 66
  }
]