[
  {
    "name": "Process Start",
    "start": 1611386228706,
    "end": 1611386229993,
    "duration": 1287,
    "pid": 6200,
    "index": 0
  },
  {
    "name": "Application Start",
    "start": 1611386229994,
    "end": 1611386230439,
    "duration": 445,
    "pid": 6200,
    "index": 1
  },
  {
    "name": "Load Plugin",
    "start": 1611386229998,
    "end": 1611386230021,
    "duration": 23,
    "pid": 6200,
    "index": 2
  },
  {
    "name": "Load Config",
    "start": 1611386230021,
    "end": 1611386230044,
    "duration": 23,
    "pid": 6200,
    "index": 3
  },
  {
    "name": "Require(0) config/config.default.js",
    "start": 1611386230021,
    "end": 1611386230022,
    "duration": 1,
    "pid": 6200,
    "index": 4
  },
  {
    "name": "Require(1) node_modules/_egg-session@3.2.0@egg-session/config/config.default.js",
    "start": 1611386230023,
    "end": 1611386230024,
    "duration": 1,
    "pid": 6200,
    "index": 5
  },
  {
    "name": "Require(2) node_modules/_egg-security@2.8.0@egg-security/config/config.default.js",
    "start": 1611386230024,
    "end": 1611386230025,
    "duration": 1,
    "pid": 6200,
    "index": 6
  },
  {
    "name": "Require(3) node_modules/_egg-jsonp@2.0.0@egg-jsonp/config/config.default.js",
    "start": 1611386230025,
    "end": 1611386230026,
    "duration": 1,
    "pid": 6200,
    "index": 7
  },
  {
    "name": "Require(4) node_modules/_egg-onerror@2.1.0@egg-onerror/config/config.default.js",
    "start": 1611386230026,
    "end": 1611386230027,
    "duration": 1,
    "pid": 6200,
    "index": 8
  },
  {
    "name": "Require(5) node_modules/_egg-i18n@2.1.1@egg-i18n/config/config.default.js",
    "start": 1611386230027,
    "end": 1611386230028,
    "duration": 1,
    "pid": 6200,
    "index": 9
  },
  {
    "name": "Require(6) node_modules/_egg-watcher@3.1.1@egg-watcher/config/config.default.js",
    "start": 1611386230029,
    "end": 1611386230029,
    "duration": 0,
    "pid": 6200,
    "index": 10
  },
  {
    "name": "Require(7) node_modules/_egg-schedule@3.6.6@egg-schedule/config/config.default.js",
    "start": 1611386230030,
    "end": 1611386230030,
    "duration": 0,
    "pid": 6200,
    "index": 11
  },
  {
    "name": "Require(8) node_modules/_egg-multipart@2.10.3@egg-multipart/config/config.default.js",
    "start": 1611386230031,
    "end": 1611386230031,
    "duration": 0,
    "pid": 6200,
    "index": 12
  },
  {
    "name": "Require(9) node_modules/_egg-development@2.7.0@egg-development/config/config.default.js",
    "start": 1611386230032,
    "end": 1611386230032,
    "duration": 0,
    "pid": 6200,
    "index": 13
  },
  {
    "name": "Require(10) node_modules/_egg-logrotator@3.1.0@egg-logrotator/config/config.default.js",
    "start": 1611386230033,
    "end": 1611386230033,
    "duration": 0,
    "pid": 6200,
    "index": 14
  },
  {
    "name": "Require(11) node_modules/_egg-static@2.2.0@egg-static/config/config.default.js",
    "start": 1611386230033,
    "end": 1611386230034,
    "duration": 1,
    "pid": 6200,
    "index": 15
  },
  {
    "name": "Require(12) node_modules/_egg-view@2.1.3@egg-view/config/config.default.js",
    "start": 1611386230034,
    "end": 1611386230035,
    "duration": 1,
    "pid": 6200,
    "index": 16
  },
  {
    "name": "Require(13) node_modules/_egg-view-ejs@2.0.1@egg-view-ejs/config/config.default.js",
    "start": 1611386230035,
    "end": 1611386230036,
    "duration": 1,
    "pid": 6200,
    "index": 17
  },
  {
    "name": "Require(14) node_modules/_egg@2.29.1@egg/config/config.default.js",
    "start": 1611386230036,
    "end": 1611386230037,
    "duration": 1,
    "pid": 6200,
    "index": 18
  },
  {
    "name": "Require(15) config/config.default.js",
    "start": 1611386230038,
    "end": 1611386230038,
    "duration": 0,
    "pid": 6200,
    "index": 19
  },
  {
    "name": "Require(16) node_modules/_egg-security@2.8.0@egg-security/config/config.local.js",
    "start": 1611386230039,
    "end": 1611386230039,
    "duration": 0,
    "pid": 6200,
    "index": 20
  },
  {
    "name": "Require(17) node_modules/_egg-watcher@3.1.1@egg-watcher/config/config.local.js",
    "start": 1611386230040,
    "end": 1611386230041,
    "duration": 1,
    "pid": 6200,
    "index": 21
  },
  {
    "name": "Require(18) node_modules/_egg-view@2.1.3@egg-view/config/config.local.js",
    "start": 1611386230042,
    "end": 1611386230042,
    "duration": 0,
    "pid": 6200,
    "index": 22
  },
  {
    "name": "Require(19) node_modules/_egg-view-ejs@2.0.1@egg-view-ejs/config/config.local.js",
    "start": 1611386230043,
    "end": 1611386230043,
    "duration": 0,
    "pid": 6200,
    "index": 23
  },
  {
    "name": "Require(20) node_modules/_egg@2.29.1@egg/config/config.local.js",
    "start": 1611386230043,
    "end": 1611386230044,
    "duration": 1,
    "pid": 6200,
    "index": 24
  },
  {
    "name": "Load extend/application.js",
    "start": 1611386230045,
    "end": 1611386230061,
    "duration": 16,
    "pid": 6200,
    "index": 25
  },
  {
    "name": "Require(21) node_modules/_egg-session@3.2.0@egg-session/app/extend/application.js",
    "start": 1611386230045,
    "end": 1611386230046,
    "duration": 1,
    "pid": 6200,
    "index": 26
  },
  {
    "name": "Require(22) node_modules/_egg-security@2.8.0@egg-security/app/extend/application.js",
    "start": 1611386230046,
    "end": 1611386230048,
    "duration": 2,
    "pid": 6200,
    "index": 27
  },
  {
    "name": "Require(23) node_modules/_egg-jsonp@2.0.0@egg-jsonp/app/extend/application.js",
    "start": 1611386230048,
    "end": 1611386230050,
    "duration": 2,
    "pid": 6200,
    "index": 28
  },
  {
    "name": "Require(24) node_modules/_egg-logrotator@3.1.0@egg-logrotator/app/extend/application.js",
    "start": 1611386230052,
    "end": 1611386230055,
    "duration": 3,
    "pid": 6200,
    "index": 29
  },
  {
    "name": "Require(25) node_modules/_egg-view@2.1.3@egg-view/app/extend/application.js",
    "start": 1611386230056,
    "end": 1611386230058,
    "duration": 2,
    "pid": 6200,
    "index": 30
  },
  {
    "name": "Load extend/request.js",
    "start": 1611386230061,
    "end": 1611386230071,
    "duration": 10,
    "pid": 6200,
    "index": 31
  },
  {
    "name": "Require(26) node_modules/_egg@2.29.1@egg/app/extend/request.js",
    "start": 1611386230064,
    "end": 1611386230066,
    "duration": 2,
    "pid": 6200,
    "index": 32
  },
  {
    "name": "Load extend/response.js",
    "start": 1611386230072,
    "end": 1611386230081,
    "duration": 9,
    "pid": 6200,
    "index": 33
  },
  {
    "name": "Require(27) node_modules/_egg@2.29.1@egg/app/extend/response.js",
    "start": 1611386230075,
    "end": 1611386230078,
    "duration": 3,
    "pid": 6200,
    "index": 34
  },
  {
    "name": "Load extend/context.js",
    "start": 1611386230081,
    "end": 1611386230158,
    "duration": 77,
    "pid": 6200,
    "index": 35
  },
  {
    "name": "Require(28) node_modules/_egg-security@2.8.0@egg-security/app/extend/context.js",
    "start": 1611386230082,
    "end": 1611386230097,
    "duration": 15,
    "pid": 6200,
    "index": 36
  },
  {
    "name": "Require(29) node_modules/_egg-jsonp@2.0.0@egg-jsonp/app/extend/context.js",
    "start": 1611386230097,
    "end": 1611386230099,
    "duration": 2,
    "pid": 6200,
    "index": 37
  },
  {
    "name": "Require(30) node_modules/_egg-i18n@2.1.1@egg-i18n/app/extend/context.js",
    "start": 1611386230100,
    "end": 1611386230100,
    "duration": 0,
    "pid": 6200,
    "index": 38
  },
  {
    "name": "Require(31) node_modules/_egg-multipart@2.10.3@egg-multipart/app/extend/context.js",
    "start": 1611386230101,
    "end": 1611386230151,
    "duration": 50,
    "pid": 6200,
    "index": 39
  },
  {
    "name": "Require(32) node_modules/_egg-view@2.1.3@egg-view/app/extend/context.js",
    "start": 1611386230152,
    "end": 1611386230153,
    "duration": 1,
    "pid": 6200,
    "index": 40
  },
  {
    "name": "Require(33) node_modules/_egg@2.29.1@egg/app/extend/context.js",
    "start": 1611386230153,
    "end": 1611386230155,
    "duration": 2,
    "pid": 6200,
    "index": 41
  },
  {
    "name": "Load extend/helper.js",
    "start": 1611386230158,
    "end": 1611386230184,
    "duration": 26,
    "pid": 6200,
    "index": 42
  },
  {
    "name": "Require(34) node_modules/_egg-security@2.8.0@egg-security/app/extend/helper.js",
    "start": 1611386230159,
    "end": 1611386230178,
    "duration": 19,
    "pid": 6200,
    "index": 43
  },
  {
    "name": "Require(35) node_modules/_egg@2.29.1@egg/app/extend/helper.js",
    "start": 1611386230180,
    "end": 1611386230181,
    "duration": 1,
    "pid": 6200,
    "index": 44
  },
  {
    "name": "Load app.js",
    "start": 1611386230184,
    "end": 1611386230221,
    "duration": 37,
    "pid": 6200,
    "index": 45
  },
  {
    "name": "Require(36) node_modules/_egg-session@3.2.0@egg-session/app.js",
    "start": 1611386230185,
    "end": 1611386230185,
    "duration": 0,
    "pid": 6200,
    "index": 46
  },
  {
    "name": "Require(37) node_modules/_egg-security@2.8.0@egg-security/app.js",
    "start": 1611386230186,
    "end": 1611386230188,
    "duration": 2,
    "pid": 6200,
    "index": 47
  },
  {
    "name": "Require(38) node_modules/_egg-onerror@2.1.0@egg-onerror/app.js",
    "start": 1611386230188,
    "end": 1611386230200,
    "duration": 12,
    "pid": 6200,
    "index": 48
  },
  {
    "name": "Require(39) node_modules/_egg-i18n@2.1.1@egg-i18n/app.js",
    "start": 1611386230200,
    "end": 1611386230209,
    "duration": 9,
    "pid": 6200,
    "index": 49
  },
  {
    "name": "Require(40) node_modules/_egg-watcher@3.1.1@egg-watcher/app.js",
    "start": 1611386230209,
    "end": 1611386230214,
    "duration": 5,
    "pid": 6200,
    "index": 50
  },
  {
    "name": "Require(41) node_modules/_egg-schedule@3.6.6@egg-schedule/app.js",
    "start": 1611386230214,
    "end": 1611386230216,
    "duration": 2,
    "pid": 6200,
    "index": 51
  },
  {
    "name": "Require(42) node_modules/_egg-multipart@2.10.3@egg-multipart/app.js",
    "start": 1611386230217,
    "end": 1611386230217,
    "duration": 0,
    "pid": 6200,
    "index": 52
  },
  {
    "name": "Require(43) node_modules/_egg-development@2.7.0@egg-development/app.js",
    "start": 1611386230218,
    "end": 1611386230218,
    "duration": 0,
    "pid": 6200,
    "index": 53
  },
  {
    "name": "Require(44) node_modules/_egg-logrotator@3.1.0@egg-logrotator/app.js",
    "start": 1611386230218,
    "end": 1611386230218,
    "duration": 0,
    "pid": 6200,
    "index": 54
  },
  {
    "name": "Require(45) node_modules/_egg-static@2.2.0@egg-static/app.js",
    "start": 1611386230219,
    "end": 1611386230219,
    "duration": 0,
    "pid": 6200,
    "index": 55
  },
  {
    "name": "Require(46) node_modules/_egg-view-ejs@2.0.1@egg-view-ejs/app.js",
    "start": 1611386230220,
    "end": 1611386230220,
    "duration": 0,
    "pid": 6200,
    "index": 56
  },
  {
    "name": "Before Start in node_modules/_egg-watcher@3.1.1@egg-watcher/lib/init.js:15:14",
    "start": 1611386230230,
    "end": 1611386230439,
    "duration": 209,
    "pid": 6200,
    "index": 57
  },
  {
    "name": "Load Service",
    "start": 1611386230266,
    "end": 1611386230271,
    "duration": 5,
    "pid": 6200,
    "index": 58
  },
  {
    "name": "Load \"service\" to Context",
    "start": 1611386230266,
    "end": 1611386230271,
    "duration": 5,
    "pid": 6200,
    "index": 59
  },
  {
    "name": "Load Middleware",
    "start": 1611386230271,
    "end": 1611386230418,
    "duration": 147,
    "pid": 6200,
    "index": 60
  },
  {
    "name": "Load \"middlewares\" to Application",
    "start": 1611386230271,
    "end": 1611386230400,
    "duration": 129,
    "pid": 6200,
    "index": 61
  },
  {
    "name": "Load Controller",
    "start": 1611386230418,
    "end": 1611386230422,
    "duration": 4,
    "pid": 6200,
    "index": 62
  },
  {
    "name": "Load \"controller\" to Application",
    "start": 1611386230418,
    "end": 1611386230422,
    "duration": 4,
    "pid": 6200,
    "index": 63
  },
  {
    "name": "Load Router",
    "start": 1611386230422,
    "end": 1611386230424,
    "duration": 2,
    "pid": 6200,
    "index": 64
  },
  {
    "name": "Require(47) app/router.js",
    "start": 1611386230422,
    "end": 1611386230422,
    "duration": 0,
    "pid": 6200,
    "index": 65
  },
  {
    "name": "Before Start in node_modules/_egg-core@4.20.0@egg-core/lib/egg.js:303:10",
    "start": 1611386230423,
    "end": 1611386230431,
    "duration": 8,
    "pid": 6200,
    "index": 66
  }
]