[
  {
    "name": "Process Start",
    "start": 1611386329150,
    "end": 1611386330124,
    "duration": 974,
    "pid": 11728,
    "index": 0
  },
  {
    "name": "Application Start",
    "start": 1611386330124,
    "end": 1611386330523,
    "duration": 399,
    "pid": 11728,
    "index": 1
  },
  {
    "name": "Load Plugin",
    "start": 1611386330128,
    "end": 1611386330145,
    "duration": 17,
    "pid": 11728,
    "index": 2
  },
  {
    "name": "Load Config",
    "start": 1611386330146,
    "end": 1611386330166,
    "duration": 20,
    "pid": 11728,
    "index": 3
  },
  {
    "name": "Require(0) config/config.default.js",
    "start": 1611386330146,
    "end": 1611386330146,
    "duration": 0,
    "pid": 11728,
    "index": 4
  },
  {
    "name": "Require(1) node_modules/_egg-session@3.2.0@egg-session/config/config.default.js",
    "start": 1611386330148,
    "end": 1611386330148,
    "duration": 0,
    "pid": 11728,
    "index": 5
  },
  {
    "name": "Require(2) node_modules/_egg-security@2.8.0@egg-security/config/config.default.js",
    "start": 1611386330149,
    "end": 1611386330149,
    "duration": 0,
    "pid": 11728,
    "index": 6
  },
  {
    "name": "Require(3) node_modules/_egg-jsonp@2.0.0@egg-jsonp/config/config.default.js",
    "start": 1611386330150,
    "end": 1611386330151,
    "duration": 1,
    "pid": 11728,
    "index": 7
  },
  {
    "name": "Require(4) node_modules/_egg-onerror@2.1.0@egg-onerror/config/config.default.js",
    "start": 1611386330151,
    "end": 1611386330151,
    "duration": 0,
    "pid": 11728,
    "index": 8
  },
  {
    "name": "Require(5) node_modules/_egg-i18n@2.1.1@egg-i18n/config/config.default.js",
    "start": 1611386330152,
    "end": 1611386330152,
    "duration": 0,
    "pid": 11728,
    "index": 9
  },
  {
    "name": "Require(6) node_modules/_egg-watcher@3.1.1@egg-watcher/config/config.default.js",
    "start": 1611386330153,
    "end": 1611386330153,
    "duration": 0,
    "pid": 11728,
    "index": 10
  },
  {
    "name": "Require(7) node_modules/_egg-schedule@3.6.6@egg-schedule/config/config.default.js",
    "start": 1611386330154,
    "end": 1611386330154,
    "duration": 0,
    "pid": 11728,
    "index": 11
  },
  {
    "name": "Require(8) node_modules/_egg-multipart@2.10.3@egg-multipart/config/config.default.js",
    "start": 1611386330154,
    "end": 1611386330155,
    "duration": 1,
    "pid": 11728,
    "index": 12
  },
  {
    "name": "Require(9) node_modules/_egg-development@2.7.0@egg-development/config/config.default.js",
    "start": 1611386330155,
    "end": 1611386330156,
    "duration": 1,
    "pid": 11728,
    "index": 13
  },
  {
    "name": "Require(10) node_modules/_egg-logrotator@3.1.0@egg-logrotator/config/config.default.js",
    "start": 1611386330156,
    "end": 1611386330157,
    "duration": 1,
    "pid": 11728,
    "index": 14
  },
  {
    "name": "Require(11) node_modules/_egg-static@2.2.0@egg-static/config/config.default.js",
    "start": 1611386330157,
    "end": 1611386330158,
    "duration": 1,
    "pid": 11728,
    "index": 15
  },
  {
    "name": "Require(12) node_modules/_egg-view@2.1.3@egg-view/config/config.default.js",
    "start": 1611386330158,
    "end": 1611386330158,
    "duration": 0,
    "pid": 11728,
    "index": 16
  },
  {
    "name": "Require(13) node_modules/_egg-view-ejs@2.0.1@egg-view-ejs/config/config.default.js",
    "start": 1611386330159,
    "end": 1611386330159,
    "duration": 0,
    "pid": 11728,
    "index": 17
  },
  {
    "name": "Require(14) node_modules/_egg@2.29.1@egg/config/config.default.js",
    "start": 1611386330160,
    "end": 1611386330160,
    "duration": 0,
    "pid": 11728,
    "index": 18
  },
  {
    "name": "Require(15) config/config.default.js",
    "start": 1611386330161,
    "end": 1611386330161,
    "duration": 0,
    "pid": 11728,
    "index": 19
  },
  {
    "name": "Require(16) node_modules/_egg-security@2.8.0@egg-security/config/config.local.js",
    "start": 1611386330161,
    "end": 1611386330162,
    "duration": 1,
    "pid": 11728,
    "index": 20
  },
  {
    "name": "Require(17) node_modules/_egg-watcher@3.1.1@egg-watcher/config/config.local.js",
    "start": 1611386330162,
    "end": 1611386330163,
    "duration": 1,
    "pid": 11728,
    "index": 21
  },
  {
    "name": "Require(18) node_modules/_egg-view@2.1.3@egg-view/config/config.local.js",
    "start": 1611386330164,
    "end": 1611386330164,
    "duration": 0,
    "pid": 11728,
    "index": 22
  },
  {
    "name": "Require(19) node_modules/_egg-view-ejs@2.0.1@egg-view-ejs/config/config.local.js",
    "start": 1611386330165,
    "end": 1611386330165,
    "duration": 0,
    "pid": 11728,
    "index": 23
  },
  {
    "name": "Require(20) node_modules/_egg@2.29.1@egg/config/config.local.js",
    "start": 1611386330166,
    "end": 1611386330166,
    "duration": 0,
    "pid": 11728,
    "index": 24
  },
  {
    "name": "Load extend/application.js",
    "start": 1611386330167,
    "end": 1611386330181,
    "duration": 14,
    "pid": 11728,
    "index": 25
  },
  {
    "name": "Require(21) node_modules/_egg-session@3.2.0@egg-session/app/extend/application.js",
    "start": 1611386330167,
    "end": 1611386330168,
    "duration": 1,
    "pid": 11728,
    "index": 26
  },
  {
    "name": "Require(22) node_modules/_egg-security@2.8.0@egg-security/app/extend/application.js",
    "start": 1611386330168,
    "end": 1611386330169,
    "duration": 1,
    "pid": 11728,
    "index": 27
  },
  {
    "name": "Require(23) node_modules/_egg-jsonp@2.0.0@egg-jsonp/app/extend/application.js",
    "start": 1611386330169,
    "end": 1611386330171,
    "duration": 2,
    "pid": 11728,
    "index": 28
  },
  {
    "name": "Require(24) node_modules/_egg-logrotator@3.1.0@egg-logrotator/app/extend/application.js",
    "start": 1611386330172,
    "end": 1611386330175,
    "duration": 3,
    "pid": 11728,
    "index": 29
  },
  {
    "name": "Require(25) node_modules/_egg-view@2.1.3@egg-view/app/extend/application.js",
    "start": 1611386330176,
    "end": 1611386330178,
    "duration": 2,
    "pid": 11728,
    "index": 30
  },
  {
    "name": "Load extend/request.js",
    "start": 1611386330181,
    "end": 1611386330190,
    "duration": 9,
    "pid": 11728,
    "index": 31
  },
  {
    "name": "Require(26) node_modules/_egg@2.29.1@egg/app/extend/request.js",
    "start": 1611386330184,
    "end": 1611386330185,
    "duration": 1,
    "pid": 11728,
    "index": 32
  },
  {
    "name": "Load extend/response.js",
    "start": 1611386330190,
    "end": 1611386330198,
    "duration": 8,
    "pid": 11728,
    "index": 33
  },
  {
    "name": "Require(27) node_modules/_egg@2.29.1@egg/app/extend/response.js",
    "start": 1611386330193,
    "end": 1611386330195,
    "duration": 2,
    "pid": 11728,
    "index": 34
  },
  {
    "name": "Load extend/context.js",
    "start": 1611386330198,
    "end": 1611386330265,
    "duration": 67,
    "pid": 11728,
    "index": 35
  },
  {
    "name": "Require(28) node_modules/_egg-security@2.8.0@egg-security/app/extend/context.js",
    "start": 1611386330198,
    "end": 1611386330212,
    "duration": 14,
    "pid": 11728,
    "index": 36
  },
  {
    "name": "Require(29) node_modules/_egg-jsonp@2.0.0@egg-jsonp/app/extend/context.js",
    "start": 1611386330213,
    "end": 1611386330215,
    "duration": 2,
    "pid": 11728,
    "index": 37
  },
  {
    "name": "Require(30) node_modules/_egg-i18n@2.1.1@egg-i18n/app/extend/context.js",
    "start": 1611386330215,
    "end": 1611386330216,
    "duration": 1,
    "pid": 11728,
    "index": 38
  },
  {
    "name": "Require(31) node_modules/_egg-multipart@2.10.3@egg-multipart/app/extend/context.js",
    "start": 1611386330216,
    "end": 1611386330259,
    "duration": 43,
    "pid": 11728,
    "index": 39
  },
  {
    "name": "Require(32) node_modules/_egg-view@2.1.3@egg-view/app/extend/context.js",
    "start": 1611386330259,
    "end": 1611386330260,
    "duration": 1,
    "pid": 11728,
    "index": 40
  },
  {
    "name": "Require(33) node_modules/_egg@2.29.1@egg/app/extend/context.js",
    "start": 1611386330261,
    "end": 1611386330262,
    "duration": 1,
    "pid": 11728,
    "index": 41
  },
  {
    "name": "Load extend/helper.js",
    "start": 1611386330265,
    "end": 1611386330285,
    "duration": 20,
    "pid": 11728,
    "index": 42
  },
  {
    "name": "Require(34) node_modules/_egg-security@2.8.0@egg-security/app/extend/helper.js",
    "start": 1611386330265,
    "end": 1611386330280,
    "duration": 15,
    "pid": 11728,
    "index": 43
  },
  {
    "name": "Require(35) node_modules/_egg@2.29.1@egg/app/extend/helper.js",
    "start": 1611386330282,
    "end": 1611386330282,
    "duration": 0,
    "pid": 11728,
    "index": 44
  },
  {
    "name": "Load app.js",
    "start": 1611386330285,
    "end": 1611386330323,
    "duration": 38,
    "pid": 11728,
    "index": 45
  },
  {
    "name": "Require(36) node_modules/_egg-session@3.2.0@egg-session/app.js",
    "start": 1611386330286,
    "end": 1611386330286,
    "duration": 0,
    "pid": 11728,
    "index": 46
  },
  {
    "name": "Require(37) node_modules/_egg-security@2.8.0@egg-security/app.js",
    "start": 1611386330286,
    "end": 1611386330288,
    "duration": 2,
    "pid": 11728,
    "index": 47
  },
  {
    "name": "Require(38) node_modules/_egg-onerror@2.1.0@egg-onerror/app.js",
    "start": 1611386330288,
    "end": 1611386330298,
    "duration": 10,
    "pid": 11728,
    "index": 48
  },
  {
    "name": "Require(39) node_modules/_egg-i18n@2.1.1@egg-i18n/app.js",
    "start": 1611386330298,
    "end": 1611386330308,
    "duration": 10,
    "pid": 11728,
    "index": 49
  },
  {
    "name": "Require(40) node_modules/_egg-watcher@3.1.1@egg-watcher/app.js",
    "start": 1611386330308,
    "end": 1611386330315,
    "duration": 7,
    "pid": 11728,
    "index": 50
  },
  {
    "name": "Require(41) node_modules/_egg-schedule@3.6.6@egg-schedule/app.js",
    "start": 1611386330315,
    "end": 1611386330318,
    "duration": 3,
    "pid": 11728,
    "index": 51
  },
  {
    "name": "Require(42) node_modules/_egg-multipart@2.10.3@egg-multipart/app.js",
    "start": 1611386330318,
    "end": 1611386330319,
    "duration": 1,
    "pid": 11728,
    "index": 52
  },
  {
    "name": "Require(43) node_modules/_egg-development@2.7.0@egg-development/app.js",
    "start": 1611386330319,
    "end": 1611386330319,
    "duration": 0,
    "pid": 11728,
    "index": 53
  },
  {
    "name": "Require(44) node_modules/_egg-logrotator@3.1.0@egg-logrotator/app.js",
    "start": 1611386330320,
    "end": 1611386330320,
    "duration": 0,
    "pid": 11728,
    "index": 54
  },
  {
    "name": "Require(45) node_modules/_egg-static@2.2.0@egg-static/app.js",
    "start": 1611386330320,
    "end": 1611386330321,
    "duration": 1,
    "pid": 11728,
    "index": 55
  },
  {
    "name": "Require(46) node_modules/_egg-view-ejs@2.0.1@egg-view-ejs/app.js",
    "start": 1611386330321,
    "end": 1611386330322,
    "duration": 1,
    "pid": 11728,
    "index": 56
  },
  {
    "name": "Before Start in node_modules/_egg-watcher@3.1.1@egg-watcher/lib/init.js:15:14",
    "start": 1611386330334,
    "end": 1611386330523,
    "duration": 189,
    "pid": 11728,
    "index": 57
  },
  {
    "name": "Load Service",
    "start": 1611386330371,
    "end": 1611386330376,
    "duration": 5,
    "pid": 11728,
    "index": 58
  },
  {
    "name": "Load \"service\" to Context",
    "start": 1611386330371,
    "end": 1611386330376,
    "duration": 5,
    "pid": 11728,
    "index": 59
  },
  {
    "name": "Load Middleware",
    "start": 1611386330376,
    "end": 1611386330504,
    "duration": 128,
    "pid": 11728,
    "index": 60
  },
  {
    "name": "Load \"middlewares\" to Application",
    "start": 1611386330376,
    "end": 1611386330489,
    "duration": 113,
    "pid": 11728,
    "index": 61
  },
  {
    "name": "Load Controller",
    "start": 1611386330504,
    "end": 1611386330507,
    "duration": 3,
    "pid": 11728,
    "index": 62
  },
  {
    "name": "Load \"controller\" to Application",
    "start": 1611386330504,
    "end": 1611386330507,
    "duration": 3,
    "pid": 11728,
    "index": 63
  },
  {
    "name": "Load Router",
    "start": 1611386330507,
    "end": 1611386330509,
    "duration": 2,
    "pid": 11728,
    "index": 64
  },
  {
    "name": "Require(47) app/router.js",
    "start": 1611386330507,
    "end": 1611386330507,
    "duration": 0,
    "pid": 11728,
    "index": 65
  },
  {
    "name": "Before Start in node_modules/_egg-core@4.20.0@egg-core/lib/egg.js:303:10",
    "start": 1611386330508,
    "end": 1611386330515,
    "duration": 7,
    "pid": 11728,
    "index": 66
  }
]