[
  {
    "name": "Process Start",
    "start": 1611386226756,
    "end": 1611386227777,
    "duration": 1021,
    "pid": 2700,
    "index": 0
  },
  {
    "name": "Application Start",
    "start": 1611386227777,
    "end": 1611386228159,
    "duration": 382,
    "pid": 2700,
    "index": 1
  },
  {
    "name": "Load Plugin",
    "start": 1611386227781,
    "end": 1611386227799,
    "duration": 18,
    "pid": 2700,
    "index": 2
  },
  {
    "name": "Load Config",
    "start": 1611386227799,
    "end": 1611386227820,
    "duration": 21,
    "pid": 2700,
    "index": 3
  },
  {
    "name": "Require(0) config/config.default.js",
    "start": 1611386227800,
    "end": 1611386227800,
    "duration": 0,
    "pid": 2700,
    "index": 4
  },
  {
    "name": "Require(1) node_modules/_egg-session@3.2.0@egg-session/config/config.default.js",
    "start": 1611386227802,
    "end": 1611386227802,
    "duration": 0,
    "pid": 2700,
    "index": 5
  },
  {
    "name": "Require(2) node_modules/_egg-security@2.8.0@egg-security/config/config.default.js",
    "start": 1611386227803,
    "end": 1611386227804,
    "duration": 1,
    "pid": 2700,
    "index": 6
  },
  {
    "name": "Require(3) node_modules/_egg-jsonp@2.0.0@egg-jsonp/config/config.default.js",
    "start": 1611386227805,
    "end": 1611386227805,
    "duration": 0,
    "pid": 2700,
    "index": 7
  },
  {
    "name": "Require(4) node_modules/_egg-onerror@2.1.0@egg-onerror/config/config.default.js",
    "start": 1611386227805,
    "end": 1611386227806,
    "duration": 1,
    "pid": 2700,
    "index": 8
  },
  {
    "name": "Require(5) node_modules/_egg-i18n@2.1.1@egg-i18n/config/config.default.js",
    "start": 1611386227806,
    "end": 1611386227806,
    "duration": 0,
    "pid": 2700,
    "index": 9
  },
  {
    "name": "Require(6) node_modules/_egg-watcher@3.1.1@egg-watcher/config/config.default.js",
    "start": 1611386227807,
    "end": 1611386227807,
    "duration": 0,
    "pid": 2700,
    "index": 10
  },
  {
    "name": "Require(7) node_modules/_egg-schedule@3.6.6@egg-schedule/config/config.default.js",
    "start": 1611386227808,
    "end": 1611386227808,
    "duration": 0,
    "pid": 2700,
    "index": 11
  },
  {
    "name": "Require(8) node_modules/_egg-multipart@2.10.3@egg-multipart/config/config.default.js",
    "start": 1611386227809,
    "end": 1611386227809,
    "duration": 0,
    "pid": 2700,
    "index": 12
  },
  {
    "name": "Require(9) node_modules/_egg-development@2.7.0@egg-development/config/config.default.js",
    "start": 1611386227810,
    "end": 1611386227810,
    "duration": 0,
    "pid": 2700,
    "index": 13
  },
  {
    "name": "Require(10) node_modules/_egg-logrotator@3.1.0@egg-logrotator/config/config.default.js",
    "start": 1611386227810,
    "end": 1611386227811,
    "duration": 1,
    "pid": 2700,
    "index": 14
  },
  {
    "name": "Require(11) node_modules/_egg-static@2.2.0@egg-static/config/config.default.js",
    "start": 1611386227811,
    "end": 1611386227811,
    "duration": 0,
    "pid": 2700,
    "index": 15
  },
  {
    "name": "Require(12) node_modules/_egg-view@2.1.3@egg-view/config/config.default.js",
    "start": 1611386227812,
    "end": 1611386227812,
    "duration": 0,
    "pid": 2700,
    "index": 16
  },
  {
    "name": "Require(13) node_modules/_egg-view-ejs@2.0.1@egg-view-ejs/config/config.default.js",
    "start": 1611386227813,
    "end": 1611386227813,
    "duration": 0,
    "pid": 2700,
    "index": 17
  },
  {
    "name": "Require(14) node_modules/_egg@2.29.1@egg/config/config.default.js",
    "start": 1611386227814,
    "end": 1611386227814,
    "duration": 0,
    "pid": 2700,
    "index": 18
  },
  {
    "name": "Require(15) config/config.default.js",
    "start": 1611386227815,
    "end": 1611386227815,
    "duration": 0,
    "pid": 2700,
    "index": 19
  },
  {
    "name": "Require(16) node_modules/_egg-security@2.8.0@egg-security/config/config.local.js",
    "start": 1611386227815,
    "end": 1611386227816,
    "duration": 1,
    "pid": 2700,
    "index": 20
  },
  {
    "name": "Require(17) node_modules/_egg-watcher@3.1.1@egg-watcher/config/config.local.js",
    "start": 1611386227816,
    "end": 1611386227817,
    "duration": 1,
    "pid": 2700,
    "index": 21
  },
  {
    "name": "Require(18) node_modules/_egg-view@2.1.3@egg-view/config/config.local.js",
    "start": 1611386227818,
    "end": 1611386227818,
    "duration": 0,
    "pid": 2700,
    "index": 22
  },
  {
    "name": "Require(19) node_modules/_egg-view-ejs@2.0.1@egg-view-ejs/config/config.local.js",
    "start": 1611386227819,
    "end": 1611386227819,
    "duration": 0,
    "pid": 2700,
    "index": 23
  },
  {
    "name": "Require(20) node_modules/_egg@2.29.1@egg/config/config.local.js",
    "start": 1611386227819,
    "end": 1611386227820,
    "duration": 1,
    "pid": 2700,
    "index": 24
  },
  {
    "name": "Load extend/application.js",
    "start": 1611386227821,
    "end": 1611386227835,
    "duration": 14,
    "pid": 2700,
    "index": 25
  },
  {
    "name": "Require(21) node_modules/_egg-session@3.2.0@egg-session/app/extend/application.js",
    "start": 1611386227821,
    "end": 1611386227822,
    "duration": 1,
    "pid": 2700,
    "index": 26
  },
  {
    "name": "Require(22) node_modules/_egg-security@2.8.0@egg-security/app/extend/application.js",
    "start": 1611386227822,
    "end": 1611386227823,
    "duration": 1,
    "pid": 2700,
    "index": 27
  },
  {
    "name": "Require(23) node_modules/_egg-jsonp@2.0.0@egg-jsonp/app/extend/application.js",
    "start": 1611386227824,
    "end": 1611386227825,
    "duration": 1,
    "pid": 2700,
    "index": 28
  },
  {
    "name": "Require(24) node_modules/_egg-logrotator@3.1.0@egg-logrotator/app/extend/application.js",
    "start": 1611386227827,
    "end": 1611386227829,
    "duration": 2,
    "pid": 2700,
    "index": 29
  },
  {
    "name": "Require(25) node_modules/_egg-view@2.1.3@egg-view/app/extend/application.js",
    "start": 1611386227830,
    "end": 1611386227832,
    "duration": 2,
    "pid": 2700,
    "index": 30
  },
  {
    "name": "Load extend/request.js",
    "start": 1611386227835,
    "end": 1611386227843,
    "duration": 8,
    "pid": 2700,
    "index": 31
  },
  {
    "name": "Require(26) node_modules/_egg@2.29.1@egg/app/extend/request.js",
    "start": 1611386227838,
    "end": 1611386227840,
    "duration": 2,
    "pid": 2700,
    "index": 32
  },
  {
    "name": "Load extend/response.js",
    "start": 1611386227843,
    "end": 1611386227853,
    "duration": 10,
    "pid": 2700,
    "index": 33
  },
  {
    "name": "Require(27) node_modules/_egg@2.29.1@egg/app/extend/response.js",
    "start": 1611386227847,
    "end": 1611386227850,
    "duration": 3,
    "pid": 2700,
    "index": 34
  },
  {
    "name": "Load extend/context.js",
    "start": 1611386227853,
    "end": 1611386227920,
    "duration": 67,
    "pid": 2700,
    "index": 35
  },
  {
    "name": "Require(28) node_modules/_egg-security@2.8.0@egg-security/app/extend/context.js",
    "start": 1611386227854,
    "end": 1611386227867,
    "duration": 13,
    "pid": 2700,
    "index": 36
  },
  {
    "name": "Require(29) node_modules/_egg-jsonp@2.0.0@egg-jsonp/app/extend/context.js",
    "start": 1611386227867,
    "end": 1611386227868,
    "duration": 1,
    "pid": 2700,
    "index": 37
  },
  {
    "name": "Require(30) node_modules/_egg-i18n@2.1.1@egg-i18n/app/extend/context.js",
    "start": 1611386227869,
    "end": 1611386227869,
    "duration": 0,
    "pid": 2700,
    "index": 38
  },
  {
    "name": "Require(31) node_modules/_egg-multipart@2.10.3@egg-multipart/app/extend/context.js",
    "start": 1611386227870,
    "end": 1611386227915,
    "duration": 45,
    "pid": 2700,
    "index": 39
  },
  {
    "name": "Require(32) node_modules/_egg-view@2.1.3@egg-view/app/extend/context.js",
    "start": 1611386227915,
    "end": 1611386227916,
    "duration": 1,
    "pid": 2700,
    "index": 40
  },
  {
    "name": "Require(33) node_modules/_egg@2.29.1@egg/app/extend/context.js",
    "start": 1611386227917,
    "end": 1611386227918,
    "duration": 1,
    "pid": 2700,
    "index": 41
  },
  {
    "name": "Load extend/helper.js",
    "start": 1611386227920,
    "end": 1611386227940,
    "duration": 20,
    "pid": 2700,
    "index": 42
  },
  {
    "name": "Require(34) node_modules/_egg-security@2.8.0@egg-security/app/extend/helper.js",
    "start": 1611386227921,
    "end": 1611386227935,
    "duration": 14,
    "pid": 2700,
    "index": 43
  },
  {
    "name": "Require(35) node_modules/_egg@2.29.1@egg/app/extend/helper.js",
    "start": 1611386227937,
    "end": 1611386227937,
    "duration": 0,
    "pid": 2700,
    "index": 44
  },
  {
    "name": "Load app.js",
    "start": 1611386227940,
    "end": 1611386227974,
    "duration": 34,
    "pid": 2700,
    "index": 45
  },
  {
    "name": "Require(36) node_modules/_egg-session@3.2.0@egg-session/app.js",
    "start": 1611386227940,
    "end": 1611386227941,
    "duration": 1,
    "pid": 2700,
    "index": 46
  },
  {
    "name": "Require(37) node_modules/_egg-security@2.8.0@egg-security/app.js",
    "start": 1611386227941,
    "end": 1611386227943,
    "duration": 2,
    "pid": 2700,
    "index": 47
  },
  {
    "name": "Require(38) node_modules/_egg-onerror@2.1.0@egg-onerror/app.js",
    "start": 1611386227943,
    "end": 1611386227954,
    "duration": 11,
    "pid": 2700,
    "index": 48
  },
  {
    "name": "Require(39) node_modules/_egg-i18n@2.1.1@egg-i18n/app.js",
    "start": 1611386227955,
    "end": 1611386227962,
    "duration": 7,
    "pid": 2700,
    "index": 49
  },
  {
    "name": "Require(40) node_modules/_egg-watcher@3.1.1@egg-watcher/app.js",
    "start": 1611386227962,
    "end": 1611386227966,
    "duration": 4,
    "pid": 2700,
    "index": 50
  },
  {
    "name": "Require(41) node_modules/_egg-schedule@3.6.6@egg-schedule/app.js",
    "start": 1611386227967,
    "end": 1611386227969,
    "duration": 2,
    "pid": 2700,
    "index": 51
  },
  {
    "name": "Require(42) node_modules/_egg-multipart@2.10.3@egg-multipart/app.js",
    "start": 1611386227970,
    "end": 1611386227970,
    "duration": 0,
    "pid": 2700,
    "index": 52
  },
  {
    "name": "Require(43) node_modules/_egg-development@2.7.0@egg-development/app.js",
    "start": 1611386227971,
    "end": 1611386227971,
    "duration": 0,
    "pid": 2700,
    "index": 53
  },
  {
    "name": "Require(44) node_modules/_egg-logrotator@3.1.0@egg-logrotator/app.js",
    "start": 1611386227971,
    "end": 1611386227972,
    "duration": 1,
    "pid": 2700,
    "index": 54
  },
  {
    "name": "Require(45) node_modules/_egg-static@2.2.0@egg-static/app.js",
    "start": 1611386227972,
    "end": 1611386227972,
    "duration": 0,
    "pid": 2700,
    "index": 55
  },
  {
    "name": "Require(46) node_modules/_egg-view-ejs@2.0.1@egg-view-ejs/app.js",
    "start": 1611386227973,
    "end": 1611386227973,
    "duration": 0,
    "pid": 2700,
    "index": 56
  },
  {
    "name": "Before Start in node_modules/_egg-watcher@3.1.1@egg-watcher/lib/init.js:15:14",
    "start": 1611386227981,
    "end": 1611386228158,
    "duration": 177,
    "pid": 2700,
    "index": 57
  },
  {
    "name": "Load Service",
    "start": 1611386228013,
    "end": 1611386228017,
    "duration": 4,
    "pid": 2700,
    "index": 58
  },
  {
    "name": "Load \"service\" to Context",
    "start": 1611386228013,
    "end": 1611386228017,
    "duration": 4,
    "pid": 2700,
    "index": 59
  },
  {
    "name": "Load Middleware",
    "start": 1611386228017,
    "end": 1611386228142,
    "duration": 125,
    "pid": 2700,
    "index": 60
  },
  {
    "name": "Load \"middlewares\" to Application",
    "start": 1611386228017,
    "end": 1611386228126,
    "duration": 109,
    "pid": 2700,
    "index": 61
  },
  {
    "name": "Load Controller",
    "start": 1611386228142,
    "end": 1611386228145,
    "duration": 3,
    "pid": 2700,
    "index": 62
  },
  {
    "name": "Load \"controller\" to Application",
    "start": 1611386228142,
    "end": 1611386228145,
    "duration": 3,
    "pid": 2700,
    "index": 63
  },
  {
    "name": "Load Router",
    "start": 1611386228145,
    "end": 1611386228147,
    "duration": 2,
    "pid": 2700,
    "index": 64
  },
  {
    "name": "Require(47) app/router.js",
    "start": 1611386228146,
    "end": 1611386228146,
    "duration": 0,
    "pid": 2700,
    "index": 65
  },
  {
    "name": "Before Start in node_modules/_egg-core@4.20.0@egg-core/lib/egg.js:303:10",
    "start": 1611386228146,
    "end": 1611386228152,
    "duration": 6,
    "pid": 2700,
    "index": 66
  }
]