[
  {
    "name": "Process Start",
    "start": 1611386442183,
    "end": 1611386443204,
    "duration": 1021,
    "pid": 19980,
    "index": 0
  },
  {
    "name": "Application Start",
    "start": 1611386443204,
    "end": 1611386443659,
    "duration": 455,
    "pid": 19980,
    "index": 1
  },
  {
    "name": "Load Plugin",
    "start": 1611386443210,
    "end": 1611386443233,
    "duration": 23,
    "pid": 19980,
    "index": 2
  },
  {
    "name": "Load Config",
    "start": 1611386443233,
    "end": 1611386443265,
    "duration": 32,
    "pid": 19980,
    "index": 3
  },
  {
    "name": "Require(0) config/config.default.js",
    "start": 1611386443234,
    "end": 1611386443234,
    "duration": 0,
    "pid": 19980,
    "index": 4
  },
  {
    "name": "Require(1) node_modules/_egg-session@3.2.0@egg-session/config/config.default.js",
    "start": 1611386443236,
    "end": 1611386443236,
    "duration": 0,
    "pid": 19980,
    "index": 5
  },
  {
    "name": "Require(2) node_modules/_egg-security@2.8.0@egg-security/config/config.default.js",
    "start": 1611386443237,
    "end": 1611386443237,
    "duration": 0,
    "pid": 19980,
    "index": 6
  },
  {
    "name": "Require(3) node_modules/_egg-jsonp@2.0.0@egg-jsonp/config/config.default.js",
    "start": 1611386443238,
    "end": 1611386443239,
    "duration": 1,
    "pid": 19980,
    "index": 7
  },
  {
    "name": "Require(4) node_modules/_egg-onerror@2.1.0@egg-onerror/config/config.default.js",
    "start": 1611386443239,
    "end": 1611386443240,
    "duration": 1,
    "pid": 19980,
    "index": 8
  },
  {
    "name": "Require(5) node_modules/_egg-i18n@2.1.1@egg-i18n/config/config.default.js",
    "start": 1611386443240,
    "end": 1611386443241,
    "duration": 1,
    "pid": 19980,
    "index": 9
  },
  {
    "name": "Require(6) node_modules/_egg-watcher@3.1.1@egg-watcher/config/config.default.js",
    "start": 1611386443242,
    "end": 1611386443242,
    "duration": 0,
    "pid": 19980,
    "index": 10
  },
  {
    "name": "Require(7) node_modules/_egg-schedule@3.6.6@egg-schedule/config/config.default.js",
    "start": 1611386443243,
    "end": 1611386443243,
    "duration": 0,
    "pid": 19980,
    "index": 11
  },
  {
    "name": "Require(8) node_modules/_egg-multipart@2.10.3@egg-multipart/config/config.default.js",
    "start": 1611386443244,
    "end": 1611386443244,
    "duration": 0,
    "pid": 19980,
    "index": 12
  },
  {
    "name": "Require(9) node_modules/_egg-development@2.7.0@egg-development/config/config.default.js",
    "start": 1611386443245,
    "end": 1611386443245,
    "duration": 0,
    "pid": 19980,
    "index": 13
  },
  {
    "name": "Require(10) node_modules/_egg-logrotator@3.1.0@egg-logrotator/config/config.default.js",
    "start": 1611386443246,
    "end": 1611386443246,
    "duration": 0,
    "pid": 19980,
    "index": 14
  },
  {
    "name": "Require(11) node_modules/_egg-static@2.2.0@egg-static/config/config.default.js",
    "start": 1611386443247,
    "end": 1611386443249,
    "duration": 2,
    "pid": 19980,
    "index": 15
  },
  {
    "name": "Require(12) node_modules/_egg-view@2.1.3@egg-view/config/config.default.js",
    "start": 1611386443250,
    "end": 1611386443253,
    "duration": 3,
    "pid": 19980,
    "index": 16
  },
  {
    "name": "Require(13) node_modules/_egg-view-ejs@2.0.1@egg-view-ejs/config/config.default.js",
    "start": 1611386443254,
    "end": 1611386443255,
    "duration": 1,
    "pid": 19980,
    "index": 17
  },
  {
    "name": "Require(14) node_modules/_egg@2.29.1@egg/config/config.default.js",
    "start": 1611386443256,
    "end": 1611386443256,
    "duration": 0,
    "pid": 19980,
    "index": 18
  },
  {
    "name": "Require(15) config/config.default.js",
    "start": 1611386443259,
    "end": 1611386443259,
    "duration": 0,
    "pid": 19980,
    "index": 19
  },
  {
    "name": "Require(16) node_modules/_egg-security@2.8.0@egg-security/config/config.local.js",
    "start": 1611386443260,
    "end": 1611386443260,
    "duration": 0,
    "pid": 19980,
    "index": 20
  },
  {
    "name": "Require(17) node_modules/_egg-watcher@3.1.1@egg-watcher/config/config.local.js",
    "start": 1611386443261,
    "end": 1611386443261,
    "duration": 0,
    "pid": 19980,
    "index": 21
  },
  {
    "name": "Require(18) node_modules/_egg-view@2.1.3@egg-view/config/config.local.js",
    "start": 1611386443263,
    "end": 1611386443263,
    "duration": 0,
    "pid": 19980,
    "index": 22
  },
  {
    "name": "Require(19) node_modules/_egg-view-ejs@2.0.1@egg-view-ejs/config/config.local.js",
    "start": 1611386443263,
    "end": 1611386443264,
    "duration": 1,
    "pid": 19980,
    "index": 23
  },
  {
    "name": "Require(20) node_modules/_egg@2.29.1@egg/config/config.local.js",
    "start": 1611386443264,
    "end": 1611386443264,
    "duration": 0,
    "pid": 19980,
    "index": 24
  },
  {
    "name": "Load extend/application.js",
    "start": 1611386443266,
    "end": 1611386443283,
    "duration": 17,
    "pid": 19980,
    "index": 25
  },
  {
    "name": "Require(21) node_modules/_egg-session@3.2.0@egg-session/app/extend/application.js",
    "start": 1611386443266,
    "end": 1611386443267,
    "duration": 1,
    "pid": 19980,
    "index": 26
  },
  {
    "name": "Require(22) node_modules/_egg-security@2.8.0@egg-security/app/extend/application.js",
    "start": 1611386443268,
    "end": 1611386443269,
    "duration": 1,
    "pid": 19980,
    "index": 27
  },
  {
    "name": "Require(23) node_modules/_egg-jsonp@2.0.0@egg-jsonp/app/extend/application.js",
    "start": 1611386443270,
    "end": 1611386443272,
    "duration": 2,
    "pid": 19980,
    "index": 28
  },
  {
    "name": "Require(24) node_modules/_egg-logrotator@3.1.0@egg-logrotator/app/extend/application.js",
    "start": 1611386443274,
    "end": 1611386443277,
    "duration": 3,
    "pid": 19980,
    "index": 29
  },
  {
    "name": "Require(25) node_modules/_egg-view@2.1.3@egg-view/app/extend/application.js",
    "start": 1611386443278,
    "end": 1611386443280,
    "duration": 2,
    "pid": 19980,
    "index": 30
  },
  {
    "name": "Load extend/request.js",
    "start": 1611386443283,
    "end": 1611386443291,
    "duration": 8,
    "pid": 19980,
    "index": 31
  },
  {
    "name": "Require(26) node_modules/_egg@2.29.1@egg/app/extend/request.js",
    "start": 1611386443286,
    "end": 1611386443288,
    "duration": 2,
    "pid": 19980,
    "index": 32
  },
  {
    "name": "Load extend/response.js",
    "start": 1611386443291,
    "end": 1611386443303,
    "duration": 12,
    "pid": 19980,
    "index": 33
  },
  {
    "name": "Require(27) node_modules/_egg@2.29.1@egg/app/extend/response.js",
    "start": 1611386443296,
    "end": 1611386443299,
    "duration": 3,
    "pid": 19980,
    "index": 34
  },
  {
    "name": "Load extend/context.js",
    "start": 1611386443303,
    "end": 1611386443380,
    "duration": 77,
    "pid": 19980,
    "index": 35
  },
  {
    "name": "Require(28) node_modules/_egg-security@2.8.0@egg-security/app/extend/context.js",
    "start": 1611386443303,
    "end": 1611386443316,
    "duration": 13,
    "pid": 19980,
    "index": 36
  },
  {
    "name": "Require(29) node_modules/_egg-jsonp@2.0.0@egg-jsonp/app/extend/context.js",
    "start": 1611386443316,
    "end": 1611386443318,
    "duration": 2,
    "pid": 19980,
    "index": 37
  },
  {
    "name": "Require(30) node_modules/_egg-i18n@2.1.1@egg-i18n/app/extend/context.js",
    "start": 1611386443318,
    "end": 1611386443319,
    "duration": 1,
    "pid": 19980,
    "index": 38
  },
  {
    "name": "Require(31) node_modules/_egg-multipart@2.10.3@egg-multipart/app/extend/context.js",
    "start": 1611386443319,
    "end": 1611386443371,
    "duration": 52,
    "pid": 19980,
    "index": 39
  },
  {
    "name": "Require(32) node_modules/_egg-view@2.1.3@egg-view/app/extend/context.js",
    "start": 1611386443372,
    "end": 1611386443373,
    "duration": 1,
    "pid": 19980,
    "index": 40
  },
  {
    "name": "Require(33) node_modules/_egg@2.29.1@egg/app/extend/context.js",
    "start": 1611386443374,
    "end": 1611386443377,
    "duration": 3,
    "pid": 19980,
    "index": 41
  },
  {
    "name": "Load extend/helper.js",
    "start": 1611386443381,
    "end": 1611386443406,
    "duration": 25,
    "pid": 19980,
    "index": 42
  },
  {
    "name": "Require(34) node_modules/_egg-security@2.8.0@egg-security/app/extend/helper.js",
    "start": 1611386443381,
    "end": 1611386443401,
    "duration": 20,
    "pid": 19980,
    "index": 43
  },
  {
    "name": "Require(35) node_modules/_egg@2.29.1@egg/app/extend/helper.js",
    "start": 1611386443403,
    "end": 1611386443403,
    "duration": 0,
    "pid": 19980,
    "index": 44
  },
  {
    "name": "Load app.js",
    "start": 1611386443406,
    "end": 1611386443445,
    "duration": 39,
    "pid": 19980,
    "index": 45
  },
  {
    "name": "Require(36) node_modules/_egg-session@3.2.0@egg-session/app.js",
    "start": 1611386443406,
    "end": 1611386443407,
    "duration": 1,
    "pid": 19980,
    "index": 46
  },
  {
    "name": "Require(37) node_modules/_egg-security@2.8.0@egg-security/app.js",
    "start": 1611386443407,
    "end": 1611386443410,
    "duration": 3,
    "pid": 19980,
    "index": 47
  },
  {
    "name": "Require(38) node_modules/_egg-onerror@2.1.0@egg-onerror/app.js",
    "start": 1611386443410,
    "end": 1611386443420,
    "duration": 10,
    "pid": 19980,
    "index": 48
  },
  {
    "name": "Require(39) node_modules/_egg-i18n@2.1.1@egg-i18n/app.js",
    "start": 1611386443421,
    "end": 1611386443432,
    "duration": 11,
    "pid": 19980,
    "index": 49
  },
  {
    "name": "Require(40) node_modules/_egg-watcher@3.1.1@egg-watcher/app.js",
    "start": 1611386443432,
    "end": 1611386443436,
    "duration": 4,
    "pid": 19980,
    "index": 50
  },
  {
    "name": "Require(41) node_modules/_egg-schedule@3.6.6@egg-schedule/app.js",
    "start": 1611386443436,
    "end": 1611386443438,
    "duration": 2,
    "pid": 19980,
    "index": 51
  },
  {
    "name": "Require(42) node_modules/_egg-multipart@2.10.3@egg-multipart/app.js",
    "start": 1611386443439,
    "end": 1611386443439,
    "duration": 0,
    "pid": 19980,
    "index": 52
  },
  {
    "name": "Require(43) node_modules/_egg-development@2.7.0@egg-development/app.js",
    "start": 1611386443439,
    "end": 1611386443440,
    "duration": 1,
    "pid": 19980,
    "index": 53
  },
  {
    "name": "Require(44) node_modules/_egg-logrotator@3.1.0@egg-logrotator/app.js",
    "start": 1611386443440,
    "end": 1611386443440,
    "duration": 0,
    "pid": 19980,
    "index": 54
  },
  {
    "name": "Require(45) node_modules/_egg-static@2.2.0@egg-static/app.js",
    "start": 1611386443441,
    "end": 1611386443442,
    "duration": 1,
    "pid": 19980,
    "index": 55
  },
  {
    "name": "Require(46) node_modules/_egg-view-ejs@2.0.1@egg-view-ejs/app.js",
    "start": 1611386443443,
    "end": 1611386443444,
    "duration": 1,
    "pid": 19980,
    "index": 56
  },
  {
    "name": "Before Start in node_modules/_egg-watcher@3.1.1@egg-watcher/lib/init.js:15:14",
    "start": 1611386443453,
    "end": 1611386443659,
    "duration": 206,
    "pid": 19980,
    "index": 57
  },
  {
    "name": "Load Service",
    "start": 1611386443494,
    "end": 1611386443499,
    "duration": 5,
    "pid": 19980,
    "index": 58
  },
  {
    "name": "Load \"service\" to Context",
    "start": 1611386443494,
    "end": 1611386443499,
    "duration": 5,
    "pid": 19980,
    "index": 59
  },
  {
    "name": "Load Middleware",
    "start": 1611386443499,
    "end": 1611386443635,
    "duration": 136,
    "pid": 19980,
    "index": 60
  },
  {
    "name": "Load \"middlewares\" to Application",
    "start": 1611386443499,
    "end": 1611386443619,
    "duration": 120,
    "pid": 19980,
    "index": 61
  },
  {
    "name": "Load Controller",
    "start": 1611386443636,
    "end": 1611386443639,
    "duration": 3,
    "pid": 19980,
    "index": 62
  },
  {
    "name": "Load \"controller\" to Application",
    "start": 1611386443636,
    "end": 1611386443639,
    "duration": 3,
    "pid": 19980,
    "index": 63
  },
  {
    "name": "Load Router",
    "start": 1611386443639,
    "end": 1611386443641,
    "duration": 2,
    "pid": 19980,
    "index": 64
  },
  {
    "name": "Require(47) app/router.js",
    "start": 1611386443639,
    "end": 1611386443639,
    "duration": 0,
    "pid": 19980,
    "index": 65
  },
  {
    "name": "Before Start in node_modules/_egg-core@4.20.0@egg-core/lib/egg.js:303:10",
    "start": 1611386443640,
    "end": 1611386443651,
    "duration": 11,
    "pid": 19980,
    "index": 66
  }
]