[
  {
    "name": "Process Start",
    "start": 1611386364721,
    "end": 1611386365709,
    "duration": 988,
    "pid": 15492,
    "index": 0
  },
  {
    "name": "Application Start",
    "start": 1611386365710,
    "end": 1611386366081,
    "duration": 371,
    "pid": 15492,
    "index": 1
  },
  {
    "name": "Load Plugin",
    "start": 1611386365713,
    "end": 1611386365731,
    "duration": 18,
    "pid": 15492,
    "index": 2
  },
  {
    "name": "Load Config",
    "start": 1611386365731,
    "end": 1611386365753,
    "duration": 22,
    "pid": 15492,
    "index": 3
  },
  {
    "name": "Require(0) config/config.default.js",
    "start": 1611386365732,
    "end": 1611386365733,
    "duration": 1,
    "pid": 15492,
    "index": 4
  },
  {
    "name": "Require(1) node_modules/_egg-session@3.2.0@egg-session/config/config.default.js",
    "start": 1611386365734,
    "end": 1611386365735,
    "duration": 1,
    "pid": 15492,
    "index": 5
  },
  {
    "name": "Require(2) node_modules/_egg-security@2.8.0@egg-security/config/config.default.js",
    "start": 1611386365735,
    "end": 1611386365736,
    "duration": 1,
    "pid": 15492,
    "index": 6
  },
  {
    "name": "Require(3) node_modules/_egg-jsonp@2.0.0@egg-jsonp/config/config.default.js",
    "start": 1611386365737,
    "end": 1611386365737,
    "duration": 0,
    "pid": 15492,
    "index": 7
  },
  {
    "name": "Require(4) node_modules/_egg-onerror@2.1.0@egg-onerror/config/config.default.js",
    "start": 1611386365737,
    "end": 1611386365738,
    "duration": 1,
    "pid": 15492,
    "index": 8
  },
  {
    "name": "Require(5) node_modules/_egg-i18n@2.1.1@egg-i18n/config/config.default.js",
    "start": 1611386365738,
    "end": 1611386365739,
    "duration": 1,
    "pid": 15492,
    "index": 9
  },
  {
    "name": "Require(6) node_modules/_egg-watcher@3.1.1@egg-watcher/config/config.default.js",
    "start": 1611386365739,
    "end": 1611386365740,
    "duration": 1,
    "pid": 15492,
    "index": 10
  },
  {
    "name": "Require(7) node_modules/_egg-schedule@3.6.6@egg-schedule/config/config.default.js",
    "start": 1611386365740,
    "end": 1611386365741,
    "duration": 1,
    "pid": 15492,
    "index": 11
  },
  {
    "name": "Require(8) node_modules/_egg-multipart@2.10.3@egg-multipart/config/config.default.js",
    "start": 1611386365741,
    "end": 1611386365741,
    "duration": 0,
    "pid": 15492,
    "index": 12
  },
  {
    "name": "Require(9) node_modules/_egg-development@2.7.0@egg-development/config/config.default.js",
    "start": 1611386365742,
    "end": 1611386365742,
    "duration": 0,
    "pid": 15492,
    "index": 13
  },
  {
    "name": "Require(10) node_modules/_egg-logrotator@3.1.0@egg-logrotator/config/config.default.js",
    "start": 1611386365743,
    "end": 1611386365743,
    "duration": 0,
    "pid": 15492,
    "index": 14
  },
  {
    "name": "Require(11) node_modules/_egg-static@2.2.0@egg-static/config/config.default.js",
    "start": 1611386365744,
    "end": 1611386365744,
    "duration": 0,
    "pid": 15492,
    "index": 15
  },
  {
    "name": "Require(12) node_modules/_egg-view@2.1.3@egg-view/config/config.default.js",
    "start": 1611386365745,
    "end": 1611386365745,
    "duration": 0,
    "pid": 15492,
    "index": 16
  },
  {
    "name": "Require(13) node_modules/_egg-view-ejs@2.0.1@egg-view-ejs/config/config.default.js",
    "start": 1611386365745,
    "end": 1611386365746,
    "duration": 1,
    "pid": 15492,
    "index": 17
  },
  {
    "name": "Require(14) node_modules/_egg@2.29.1@egg/config/config.default.js",
    "start": 1611386365746,
    "end": 1611386365747,
    "duration": 1,
    "pid": 15492,
    "index": 18
  },
  {
    "name": "Require(15) config/config.default.js",
    "start": 1611386365748,
    "end": 1611386365748,
    "duration": 0,
    "pid": 15492,
    "index": 19
  },
  {
    "name": "Require(16) node_modules/_egg-security@2.8.0@egg-security/config/config.local.js",
    "start": 1611386365748,
    "end": 1611386365749,
    "duration": 1,
    "pid": 15492,
    "index": 20
  },
  {
    "name": "Require(17) node_modules/_egg-watcher@3.1.1@egg-watcher/config/config.local.js",
    "start": 1611386365750,
    "end": 1611386365750,
    "duration": 0,
    "pid": 15492,
    "index": 21
  },
  {
    "name": "Require(18) node_modules/_egg-view@2.1.3@egg-view/config/config.local.js",
    "start": 1611386365751,
    "end": 1611386365751,
    "duration": 0,
    "pid": 15492,
    "index": 22
  },
  {
    "name": "Require(19) node_modules/_egg-view-ejs@2.0.1@egg-view-ejs/config/config.local.js",
    "start": 1611386365752,
    "end": 1611386365752,
    "duration": 0,
    "pid": 15492,
    "index": 23
  },
  {
    "name": "Require(20) node_modules/_egg@2.29.1@egg/config/config.local.js",
    "start": 1611386365752,
    "end": 1611386365753,
    "duration": 1,
    "pid": 15492,
    "index": 24
  },
  {
    "name": "Load extend/application.js",
    "start": 1611386365754,
    "end": 1611386365771,
    "duration": 17,
    "pid": 15492,
    "index": 25
  },
  {
    "name": "Require(21) node_modules/_egg-session@3.2.0@egg-session/app/extend/application.js",
    "start": 1611386365754,
    "end": 1611386365755,
    "duration": 1,
    "pid": 15492,
    "index": 26
  },
  {
    "name": "Require(22) node_modules/_egg-security@2.8.0@egg-security/app/extend/application.js",
    "start": 1611386365755,
    "end": 1611386365756,
    "duration": 1,
    "pid": 15492,
    "index": 27
  },
  {
    "name": "Require(23) node_modules/_egg-jsonp@2.0.0@egg-jsonp/app/extend/application.js",
    "start": 1611386365757,
    "end": 1611386365759,
    "duration": 2,
    "pid": 15492,
    "index": 28
  },
  {
    "name": "Require(24) node_modules/_egg-logrotator@3.1.0@egg-logrotator/app/extend/application.js",
    "start": 1611386365761,
    "end": 1611386365764,
    "duration": 3,
    "pid": 15492,
    "index": 29
  },
  {
    "name": "Require(25) node_modules/_egg-view@2.1.3@egg-view/app/extend/application.js",
    "start": 1611386365764,
    "end": 1611386365767,
    "duration": 3,
    "pid": 15492,
    "index": 30
  },
  {
    "name": "Load extend/request.js",
    "start": 1611386365771,
    "end": 1611386365778,
    "duration": 7,
    "pid": 15492,
    "index": 31
  },
  {
    "name": "Require(26) node_modules/_egg@2.29.1@egg/app/extend/request.js",
    "start": 1611386365773,
    "end": 1611386365775,
    "duration": 2,
    "pid": 15492,
    "index": 32
  },
  {
    "name": "Load extend/response.js",
    "start": 1611386365778,
    "end": 1611386365788,
    "duration": 10,
    "pid": 15492,
    "index": 33
  },
  {
    "name": "Require(27) node_modules/_egg@2.29.1@egg/app/extend/response.js",
    "start": 1611386365782,
    "end": 1611386365785,
    "duration": 3,
    "pid": 15492,
    "index": 34
  },
  {
    "name": "Load extend/context.js",
    "start": 1611386365788,
    "end": 1611386365850,
    "duration": 62,
    "pid": 15492,
    "index": 35
  },
  {
    "name": "Require(28) node_modules/_egg-security@2.8.0@egg-security/app/extend/context.js",
    "start": 1611386365788,
    "end": 1611386365800,
    "duration": 12,
    "pid": 15492,
    "index": 36
  },
  {
    "name": "Require(29) node_modules/_egg-jsonp@2.0.0@egg-jsonp/app/extend/context.js",
    "start": 1611386365800,
    "end": 1611386365802,
    "duration": 2,
    "pid": 15492,
    "index": 37
  },
  {
    "name": "Require(30) node_modules/_egg-i18n@2.1.1@egg-i18n/app/extend/context.js",
    "start": 1611386365803,
    "end": 1611386365803,
    "duration": 0,
    "pid": 15492,
    "index": 38
  },
  {
    "name": "Require(31) node_modules/_egg-multipart@2.10.3@egg-multipart/app/extend/context.js",
    "start": 1611386365804,
    "end": 1611386365845,
    "duration": 41,
    "pid": 15492,
    "index": 39
  },
  {
    "name": "Require(32) node_modules/_egg-view@2.1.3@egg-view/app/extend/context.js",
    "start": 1611386365846,
    "end": 1611386365846,
    "duration": 0,
    "pid": 15492,
    "index": 40
  },
  {
    "name": "Require(33) node_modules/_egg@2.29.1@egg/app/extend/context.js",
    "start": 1611386365847,
    "end": 1611386365848,
    "duration": 1,
    "pid": 15492,
    "index": 41
  },
  {
    "name": "Load extend/helper.js",
    "start": 1611386365851,
    "end": 1611386365871,
    "duration": 20,
    "pid": 15492,
    "index": 42
  },
  {
    "name": "Require(34) node_modules/_egg-security@2.8.0@egg-security/app/extend/helper.js",
    "start": 1611386365851,
    "end": 1611386365866,
    "duration": 15,
    "pid": 15492,
    "index": 43
  },
  {
    "name": "Require(35) node_modules/_egg@2.29.1@egg/app/extend/helper.js",
    "start": 1611386365868,
    "end": 1611386365868,
    "duration": 0,
    "pid": 15492,
    "index": 44
  },
  {
    "name": "Load app.js",
    "start": 1611386365871,
    "end": 1611386365903,
    "duration": 32,
    "pid": 15492,
    "index": 45
  },
  {
    "name": "Require(36) node_modules/_egg-session@3.2.0@egg-session/app.js",
    "start": 1611386365871,
    "end": 1611386365872,
    "duration": 1,
    "pid": 15492,
    "index": 46
  },
  {
    "name": "Require(37) node_modules/_egg-security@2.8.0@egg-security/app.js",
    "start": 1611386365872,
    "end": 1611386365874,
    "duration": 2,
    "pid": 15492,
    "index": 47
  },
  {
    "name": "Require(38) node_modules/_egg-onerror@2.1.0@egg-onerror/app.js",
    "start": 1611386365875,
    "end": 1611386365884,
    "duration": 9,
    "pid": 15492,
    "index": 48
  },
  {
    "name": "Require(39) node_modules/_egg-i18n@2.1.1@egg-i18n/app.js",
    "start": 1611386365884,
    "end": 1611386365892,
    "duration": 8,
    "pid": 15492,
    "index": 49
  },
  {
    "name": "Require(40) node_modules/_egg-watcher@3.1.1@egg-watcher/app.js",
    "start": 1611386365892,
    "end": 1611386365896,
    "duration": 4,
    "pid": 15492,
    "index": 50
  },
  {
    "name": "Require(41) node_modules/_egg-schedule@3.6.6@egg-schedule/app.js",
    "start": 1611386365897,
    "end": 1611386365899,
    "duration": 2,
    "pid": 15492,
    "index": 51
  },
  {
    "name": "Require(42) node_modules/_egg-multipart@2.10.3@egg-multipart/app.js",
    "start": 1611386365899,
    "end": 1611386365900,
    "duration": 1,
    "pid": 15492,
    "index": 52
  },
  {
    "name": "Require(43) node_modules/_egg-development@2.7.0@egg-development/app.js",
    "start": 1611386365900,
    "end": 1611386365900,
    "duration": 0,
    "pid": 15492,
    "index": 53
  },
  {
    "name": "Require(44) node_modules/_egg-logrotator@3.1.0@egg-logrotator/app.js",
    "start": 1611386365900,
    "end": 1611386365901,
    "duration": 1,
    "pid": 15492,
    "index": 54
  },
  {
    "name": "Require(45) node_modules/_egg-static@2.2.0@egg-static/app.js",
    "start": 1611386365901,
    "end": 1611386365901,
    "duration": 0,
    "pid": 15492,
    "index": 55
  },
  {
    "name": "Require(46) node_modules/_egg-view-ejs@2.0.1@egg-view-ejs/app.js",
    "start": 1611386365902,
    "end": 1611386365902,
    "duration": 0,
    "pid": 15492,
    "index": 56
  },
  {
    "name": "Before Start in node_modules/_egg-watcher@3.1.1@egg-watcher/lib/init.js:15:14",
    "start": 1611386365910,
    "end": 1611386366081,
    "duration": 171,
    "pid": 15492,
    "index": 57
  },
  {
    "name": "Load Service",
    "start": 1611386365941,
    "end": 1611386365946,
    "duration": 5,
    "pid": 15492,
    "index": 58
  },
  {
    "name": "Load \"service\" to Context",
    "start": 1611386365941,
    "end": 1611386365946,
    "duration": 5,
    "pid": 15492,
    "index": 59
  },
  {
    "name": "Load Middleware",
    "start": 1611386365946,
    "end": 1611386366064,
    "duration": 118,
    "pid": 15492,
    "index": 60
  },
  {
    "name": "Load \"middlewares\" to Application",
    "start": 1611386365946,
    "end": 1611386366049,
    "duration": 103,
    "pid": 15492,
    "index": 61
  },
  {
    "name": "Load Controller",
    "start": 1611386366064,
    "end": 1611386366066,
    "duration": 2,
    "pid": 15492,
    "index": 62
  },
  {
    "name": "Load \"controller\" to Application",
    "start": 1611386366064,
    "end": 1611386366066,
    "duration": 2,
    "pid": 15492,
    "index": 63
  },
  {
    "name": "Load Router",
    "start": 1611386366066,
    "end": 1611386366068,
    "duration": 2,
    "pid": 15492,
    "index": 64
  },
  {
    "name": "Require(47) app/router.js",
    "start": 1611386366067,
    "end": 1611386366067,
    "duration": 0,
    "pid": 15492,
    "index": 65
  },
  {
    "name": "Before Start in node_modules/_egg-core@4.20.0@egg-core/lib/egg.js:303:10",
    "start": 1611386366067,
    "end": 1611386366074,
    "duration": 7,
    "pid": 15492,
    "index": 66
  }
]