[
  {
    "name": "Process Start",
    "start": 1611386310522,
    "end": 1611386311566,
    "duration": 1044,
    "pid": 18412,
    "index": 0
  },
  {
    "name": "Application Start",
    "start": 1611386311566,
    "end": 1611386311991,
    "duration": 425,
    "pid": 18412,
    "index": 1
  },
  {
    "name": "Load Plugin",
    "start": 1611386311572,
    "end": 1611386311601,
    "duration": 29,
    "pid": 18412,
    "index": 2
  },
  {
    "name": "Load Config",
    "start": 1611386311601,
    "end": 1611386311629,
    "duration": 28,
    "pid": 18412,
    "index": 3
  },
  {
    "name": "Require(0) config/config.default.js",
    "start": 1611386311602,
    "end": 1611386311602,
    "duration": 0,
    "pid": 18412,
    "index": 4
  },
  {
    "name": "Require(1) node_modules/_egg-session@3.2.0@egg-session/config/config.default.js",
    "start": 1611386311603,
    "end": 1611386311604,
    "duration": 1,
    "pid": 18412,
    "index": 5
  },
  {
    "name": "Require(2) node_modules/_egg-security@2.8.0@egg-security/config/config.default.js",
    "start": 1611386311604,
    "end": 1611386311605,
    "duration": 1,
    "pid": 18412,
    "index": 6
  },
  {
    "name": "Require(3) node_modules/_egg-jsonp@2.0.0@egg-jsonp/config/config.default.js",
    "start": 1611386311605,
    "end": 1611386311606,
    "duration": 1,
    "pid": 18412,
    "index": 7
  },
  {
    "name": "Require(4) node_modules/_egg-onerror@2.1.0@egg-onerror/config/config.default.js",
    "start": 1611386311606,
    "end": 1611386311607,
    "duration": 1,
    "pid": 18412,
    "index": 8
  },
  {
    "name": "Require(5) node_modules/_egg-i18n@2.1.1@egg-i18n/config/config.default.js",
    "start": 1611386311607,
    "end": 1611386311608,
    "duration": 1,
    "pid": 18412,
    "index": 9
  },
  {
    "name": "Require(6) node_modules/_egg-watcher@3.1.1@egg-watcher/config/config.default.js",
    "start": 1611386311610,
    "end": 1611386311611,
    "duration": 1,
    "pid": 18412,
    "index": 10
  },
  {
    "name": "Require(7) node_modules/_egg-schedule@3.6.6@egg-schedule/config/config.default.js",
    "start": 1611386311611,
    "end": 1611386311612,
    "duration": 1,
    "pid": 18412,
    "index": 11
  },
  {
    "name": "Require(8) node_modules/_egg-multipart@2.10.3@egg-multipart/config/config.default.js",
    "start": 1611386311613,
    "end": 1611386311614,
    "duration": 1,
    "pid": 18412,
    "index": 12
  },
  {
    "name": "Require(9) node_modules/_egg-development@2.7.0@egg-development/config/config.default.js",
    "start": 1611386311614,
    "end": 1611386311615,
    "duration": 1,
    "pid": 18412,
    "index": 13
  },
  {
    "name": "Require(10) node_modules/_egg-logrotator@3.1.0@egg-logrotator/config/config.default.js",
    "start": 1611386311616,
    "end": 1611386311616,
    "duration": 0,
    "pid": 18412,
    "index": 14
  },
  {
    "name": "Require(11) node_modules/_egg-static@2.2.0@egg-static/config/config.default.js",
    "start": 1611386311617,
    "end": 1611386311618,
    "duration": 1,
    "pid": 18412,
    "index": 15
  },
  {
    "name": "Require(12) node_modules/_egg-view@2.1.3@egg-view/config/config.default.js",
    "start": 1611386311618,
    "end": 1611386311619,
    "duration": 1,
    "pid": 18412,
    "index": 16
  },
  {
    "name": "Require(13) node_modules/_egg-view-ejs@2.0.1@egg-view-ejs/config/config.default.js",
    "start": 1611386311619,
    "end": 1611386311620,
    "duration": 1,
    "pid": 18412,
    "index": 17
  },
  {
    "name": "Require(14) node_modules/_egg@2.29.1@egg/config/config.default.js",
    "start": 1611386311620,
    "end": 1611386311620,
    "duration": 0,
    "pid": 18412,
    "index": 18
  },
  {
    "name": "Require(15) config/config.default.js",
    "start": 1611386311621,
    "end": 1611386311621,
    "duration": 0,
    "pid": 18412,
    "index": 19
  },
  {
    "name": "Require(16) node_modules/_egg-security@2.8.0@egg-security/config/config.local.js",
    "start": 1611386311622,
    "end": 1611386311623,
    "duration": 1,
    "pid": 18412,
    "index": 20
  },
  {
    "name": "Require(17) node_modules/_egg-watcher@3.1.1@egg-watcher/config/config.local.js",
    "start": 1611386311624,
    "end": 1611386311625,
    "duration": 1,
    "pid": 18412,
    "index": 21
  },
  {
    "name": "Require(18) node_modules/_egg-view@2.1.3@egg-view/config/config.local.js",
    "start": 1611386311627,
    "end": 1611386311628,
    "duration": 1,
    "pid": 18412,
    "index": 22
  },
  {
    "name": "Require(19) node_modules/_egg-view-ejs@2.0.1@egg-view-ejs/config/config.local.js",
    "start": 1611386311628,
    "end": 1611386311628,
    "duration": 0,
    "pid": 18412,
    "index": 23
  },
  {
    "name": "Require(20) node_modules/_egg@2.29.1@egg/config/config.local.js",
    "start": 1611386311629,
    "end": 1611386311629,
    "duration": 0,
    "pid": 18412,
    "index": 24
  },
  {
    "name": "Load extend/application.js",
    "start": 1611386311630,
    "end": 1611386311645,
    "duration": 15,
    "pid": 18412,
    "index": 25
  },
  {
    "name": "Require(21) node_modules/_egg-session@3.2.0@egg-session/app/extend/application.js",
    "start": 1611386311630,
    "end": 1611386311631,
    "duration": 1,
    "pid": 18412,
    "index": 26
  },
  {
    "name": "Require(22) node_modules/_egg-security@2.8.0@egg-security/app/extend/application.js",
    "start": 1611386311631,
    "end": 1611386311632,
    "duration": 1,
    "pid": 18412,
    "index": 27
  },
  {
    "name": "Require(23) node_modules/_egg-jsonp@2.0.0@egg-jsonp/app/extend/application.js",
    "start": 1611386311633,
    "end": 1611386311635,
    "duration": 2,
    "pid": 18412,
    "index": 28
  },
  {
    "name": "Require(24) node_modules/_egg-logrotator@3.1.0@egg-logrotator/app/extend/application.js",
    "start": 1611386311636,
    "end": 1611386311639,
    "duration": 3,
    "pid": 18412,
    "index": 29
  },
  {
    "name": "Require(25) node_modules/_egg-view@2.1.3@egg-view/app/extend/application.js",
    "start": 1611386311639,
    "end": 1611386311641,
    "duration": 2,
    "pid": 18412,
    "index": 30
  },
  {
    "name": "Load extend/request.js",
    "start": 1611386311645,
    "end": 1611386311653,
    "duration": 8,
    "pid": 18412,
    "index": 31
  },
  {
    "name": "Require(26) node_modules/_egg@2.29.1@egg/app/extend/request.js",
    "start": 1611386311648,
    "end": 1611386311649,
    "duration": 1,
    "pid": 18412,
    "index": 32
  },
  {
    "name": "Load extend/response.js",
    "start": 1611386311653,
    "end": 1611386311665,
    "duration": 12,
    "pid": 18412,
    "index": 33
  },
  {
    "name": "Require(27) node_modules/_egg@2.29.1@egg/app/extend/response.js",
    "start": 1611386311659,
    "end": 1611386311662,
    "duration": 3,
    "pid": 18412,
    "index": 34
  },
  {
    "name": "Load extend/context.js",
    "start": 1611386311665,
    "end": 1611386311739,
    "duration": 74,
    "pid": 18412,
    "index": 35
  },
  {
    "name": "Require(28) node_modules/_egg-security@2.8.0@egg-security/app/extend/context.js",
    "start": 1611386311666,
    "end": 1611386311682,
    "duration": 16,
    "pid": 18412,
    "index": 36
  },
  {
    "name": "Require(29) node_modules/_egg-jsonp@2.0.0@egg-jsonp/app/extend/context.js",
    "start": 1611386311682,
    "end": 1611386311684,
    "duration": 2,
    "pid": 18412,
    "index": 37
  },
  {
    "name": "Require(30) node_modules/_egg-i18n@2.1.1@egg-i18n/app/extend/context.js",
    "start": 1611386311685,
    "end": 1611386311685,
    "duration": 0,
    "pid": 18412,
    "index": 38
  },
  {
    "name": "Require(31) node_modules/_egg-multipart@2.10.3@egg-multipart/app/extend/context.js",
    "start": 1611386311686,
    "end": 1611386311733,
    "duration": 47,
    "pid": 18412,
    "index": 39
  },
  {
    "name": "Require(32) node_modules/_egg-view@2.1.3@egg-view/app/extend/context.js",
    "start": 1611386311734,
    "end": 1611386311735,
    "duration": 1,
    "pid": 18412,
    "index": 40
  },
  {
    "name": "Require(33) node_modules/_egg@2.29.1@egg/app/extend/context.js",
    "start": 1611386311735,
    "end": 1611386311736,
    "duration": 1,
    "pid": 18412,
    "index": 41
  },
  {
    "name": "Load extend/helper.js",
    "start": 1611386311739,
    "end": 1611386311761,
    "duration": 22,
    "pid": 18412,
    "index": 42
  },
  {
    "name": "Require(34) node_modules/_egg-security@2.8.0@egg-security/app/extend/helper.js",
    "start": 1611386311740,
    "end": 1611386311755,
    "duration": 15,
    "pid": 18412,
    "index": 43
  },
  {
    "name": "Require(35) node_modules/_egg@2.29.1@egg/app/extend/helper.js",
    "start": 1611386311757,
    "end": 1611386311758,
    "duration": 1,
    "pid": 18412,
    "index": 44
  },
  {
    "name": "Load app.js",
    "start": 1611386311761,
    "end": 1611386311795,
    "duration": 34,
    "pid": 18412,
    "index": 45
  },
  {
    "name": "Require(36) node_modules/_egg-session@3.2.0@egg-session/app.js",
    "start": 1611386311762,
    "end": 1611386311762,
    "duration": 0,
    "pid": 18412,
    "index": 46
  },
  {
    "name": "Require(37) node_modules/_egg-security@2.8.0@egg-security/app.js",
    "start": 1611386311762,
    "end": 1611386311764,
    "duration": 2,
    "pid": 18412,
    "index": 47
  },
  {
    "name": "Require(38) node_modules/_egg-onerror@2.1.0@egg-onerror/app.js",
    "start": 1611386311765,
    "end": 1611386311774,
    "duration": 9,
    "pid": 18412,
    "index": 48
  },
  {
    "name": "Require(39) node_modules/_egg-i18n@2.1.1@egg-i18n/app.js",
    "start": 1611386311775,
    "end": 1611386311783,
    "duration": 8,
    "pid": 18412,
    "index": 49
  },
  {
    "name": "Require(40) node_modules/_egg-watcher@3.1.1@egg-watcher/app.js",
    "start": 1611386311783,
    "end": 1611386311787,
    "duration": 4,
    "pid": 18412,
    "index": 50
  },
  {
    "name": "Require(41) node_modules/_egg-schedule@3.6.6@egg-schedule/app.js",
    "start": 1611386311787,
    "end": 1611386311790,
    "duration": 3,
    "pid": 18412,
    "index": 51
  },
  {
    "name": "Require(42) node_modules/_egg-multipart@2.10.3@egg-multipart/app.js",
    "start": 1611386311790,
    "end": 1611386311791,
    "duration": 1,
    "pid": 18412,
    "index": 52
  },
  {
    "name": "Require(43) node_modules/_egg-development@2.7.0@egg-development/app.js",
    "start": 1611386311791,
    "end": 1611386311792,
    "duration": 1,
    "pid": 18412,
    "index": 53
  },
  {
    "name": "Require(44) node_modules/_egg-logrotator@3.1.0@egg-logrotator/app.js",
    "start": 1611386311792,
    "end": 1611386311792,
    "duration": 0,
    "pid": 18412,
    "index": 54
  },
  {
    "name": "Require(45) node_modules/_egg-static@2.2.0@egg-static/app.js",
    "start": 1611386311793,
    "end": 1611386311793,
    "duration": 0,
    "pid": 18412,
    "index": 55
  },
  {
    "name": "Require(46) node_modules/_egg-view-ejs@2.0.1@egg-view-ejs/app.js",
    "start": 1611386311794,
    "end": 1611386311794,
    "duration": 0,
    "pid": 18412,
    "index": 56
  },
  {
    "name": "Before Start in node_modules/_egg-watcher@3.1.1@egg-watcher/lib/init.js:15:14",
    "start": 1611386311803,
    "end": 1611386311990,
    "duration": 187,
    "pid": 18412,
    "index": 57
  },
  {
    "name": "Load Service",
    "start": 1611386311835,
    "end": 1611386311839,
    "duration": 4,
    "pid": 18412,
    "index": 58
  },
  {
    "name": "Load \"service\" to Context",
    "start": 1611386311835,
    "end": 1611386311839,
    "duration": 4,
    "pid": 18412,
    "index": 59
  },
  {
    "name": "Load Middleware",
    "start": 1611386311839,
    "end": 1611386311972,
    "duration": 133,
    "pid": 18412,
    "index": 60
  },
  {
    "name": "Load \"middlewares\" to Application",
    "start": 1611386311839,
    "end": 1611386311957,
    "duration": 118,
    "pid": 18412,
    "index": 61
  },
  {
    "name": "Load Controller",
    "start": 1611386311972,
    "end": 1611386311977,
    "duration": 5,
    "pid": 18412,
    "index": 62
  },
  {
    "name": "Load \"controller\" to Application",
    "start": 1611386311972,
    "end": 1611386311977,
    "duration": 5,
    "pid": 18412,
    "index": 63
  },
  {
    "name": "Load Router",
    "start": 1611386311977,
    "end": 1611386311979,
    "duration": 2,
    "pid": 18412,
    "index": 64
  },
  {
    "name": "Require(47) app/router.js",
    "start": 1611386311977,
    "end": 1611386311977,
    "duration": 0,
    "pid": 18412,
    "index": 65
  },
  {
    "name": "Before Start in node_modules/_egg-core@4.20.0@egg-core/lib/egg.js:303:10",
    "start": 1611386311978,
    "end": 1611386311984,
    "duration": 6,
    "pid": 18412,
    "index": 66
  }
]