[
  {
    "name": "Process Start",
    "start": 1611386363277,
    "end": 1611386364315,
    "duration": 1038,
    "pid": 8948,
    "index": 0
  },
  {
    "name": "Application Start",
    "start": 1611386364315,
    "end": 1611386364690,
    "duration": 375,
    "pid": 8948,
    "index": 1
  },
  {
    "name": "Load Plugin",
    "start": 1611386364319,
    "end": 1611386364337,
    "duration": 18,
    "pid": 8948,
    "index": 2
  },
  {
    "name": "Load Config",
    "start": 1611386364337,
    "end": 1611386364360,
    "duration": 23,
    "pid": 8948,
    "index": 3
  },
  {
    "name": "Require(0) config/config.default.js",
    "start": 1611386364338,
    "end": 1611386364338,
    "duration": 0,
    "pid": 8948,
    "index": 4
  },
  {
    "name": "Require(1) node_modules/_egg-session@3.2.0@egg-session/config/config.default.js",
    "start": 1611386364340,
    "end": 1611386364340,
    "duration": 0,
    "pid": 8948,
    "index": 5
  },
  {
    "name": "Require(2) node_modules/_egg-security@2.8.0@egg-security/config/config.default.js",
    "start": 1611386364340,
    "end": 1611386364341,
    "duration": 1,
    "pid": 8948,
    "index": 6
  },
  {
    "name": "Require(3) node_modules/_egg-jsonp@2.0.0@egg-jsonp/config/config.default.js",
    "start": 1611386364342,
    "end": 1611386364342,
    "duration": 0,
    "pid": 8948,
    "index": 7
  },
  {
    "name": "Require(4) node_modules/_egg-onerror@2.1.0@egg-onerror/config/config.default.js",
    "start": 1611386364343,
    "end": 1611386364343,
    "duration": 0,
    "pid": 8948,
    "index": 8
  },
  {
    "name": "Require(5) node_modules/_egg-i18n@2.1.1@egg-i18n/config/config.default.js",
    "start": 1611386364344,
    "end": 1611386364344,
    "duration": 0,
    "pid": 8948,
    "index": 9
  },
  {
    "name": "Require(6) node_modules/_egg-watcher@3.1.1@egg-watcher/config/config.default.js",
    "start": 1611386364345,
    "end": 1611386364346,
    "duration": 1,
    "pid": 8948,
    "index": 10
  },
  {
    "name": "Require(7) node_modules/_egg-schedule@3.6.6@egg-schedule/config/config.default.js",
    "start": 1611386364346,
    "end": 1611386364347,
    "duration": 1,
    "pid": 8948,
    "index": 11
  },
  {
    "name": "Require(8) node_modules/_egg-multipart@2.10.3@egg-multipart/config/config.default.js",
    "start": 1611386364347,
    "end": 1611386364348,
    "duration": 1,
    "pid": 8948,
    "index": 12
  },
  {
    "name": "Require(9) node_modules/_egg-development@2.7.0@egg-development/config/config.default.js",
    "start": 1611386364348,
    "end": 1611386364349,
    "duration": 1,
    "pid": 8948,
    "index": 13
  },
  {
    "name": "Require(10) node_modules/_egg-logrotator@3.1.0@egg-logrotator/config/config.default.js",
    "start": 1611386364349,
    "end": 1611386364350,
    "duration": 1,
    "pid": 8948,
    "index": 14
  },
  {
    "name": "Require(11) node_modules/_egg-static@2.2.0@egg-static/config/config.default.js",
    "start": 1611386364350,
    "end": 1611386364351,
    "duration": 1,
    "pid": 8948,
    "index": 15
  },
  {
    "name": "Require(12) node_modules/_egg-view@2.1.3@egg-view/config/config.default.js",
    "start": 1611386364352,
    "end": 1611386364352,
    "duration": 0,
    "pid": 8948,
    "index": 16
  },
  {
    "name": "Require(13) node_modules/_egg-view-ejs@2.0.1@egg-view-ejs/config/config.default.js",
    "start": 1611386364353,
    "end": 1611386364354,
    "duration": 1,
    "pid": 8948,
    "index": 17
  },
  {
    "name": "Require(14) node_modules/_egg@2.29.1@egg/config/config.default.js",
    "start": 1611386364354,
    "end": 1611386364354,
    "duration": 0,
    "pid": 8948,
    "index": 18
  },
  {
    "name": "Require(15) config/config.default.js",
    "start": 1611386364355,
    "end": 1611386364355,
    "duration": 0,
    "pid": 8948,
    "index": 19
  },
  {
    "name": "Require(16) node_modules/_egg-security@2.8.0@egg-security/config/config.local.js",
    "start": 1611386364356,
    "end": 1611386364356,
    "duration": 0,
    "pid": 8948,
    "index": 20
  },
  {
    "name": "Require(17) node_modules/_egg-watcher@3.1.1@egg-watcher/config/config.local.js",
    "start": 1611386364357,
    "end": 1611386364357,
    "duration": 0,
    "pid": 8948,
    "index": 21
  },
  {
    "name": "Require(18) node_modules/_egg-view@2.1.3@egg-view/config/config.local.js",
    "start": 1611386364359,
    "end": 1611386364359,
    "duration": 0,
    "pid": 8948,
    "index": 22
  },
  {
    "name": "Require(19) node_modules/_egg-view-ejs@2.0.1@egg-view-ejs/config/config.local.js",
    "start": 1611386364359,
    "end": 1611386364360,
    "duration": 1,
    "pid": 8948,
    "index": 23
  },
  {
    "name": "Require(20) node_modules/_egg@2.29.1@egg/config/config.local.js",
    "start": 1611386364360,
    "end": 1611386364360,
    "duration": 0,
    "pid": 8948,
    "index": 24
  },
  {
    "name": "Load extend/application.js",
    "start": 1611386364361,
    "end": 1611386364377,
    "duration": 16,
    "pid": 8948,
    "index": 25
  },
  {
    "name": "Require(21) node_modules/_egg-session@3.2.0@egg-session/app/extend/application.js",
    "start": 1611386364362,
    "end": 1611386364362,
    "duration": 0,
    "pid": 8948,
    "index": 26
  },
  {
    "name": "Require(22) node_modules/_egg-security@2.8.0@egg-security/app/extend/application.js",
    "start": 1611386364363,
    "end": 1611386364364,
    "duration": 1,
    "pid": 8948,
    "index": 27
  },
  {
    "name": "Require(23) node_modules/_egg-jsonp@2.0.0@egg-jsonp/app/extend/application.js",
    "start": 1611386364364,
    "end": 1611386364366,
    "duration": 2,
    "pid": 8948,
    "index": 28
  },
  {
    "name": "Require(24) node_modules/_egg-logrotator@3.1.0@egg-logrotator/app/extend/application.js",
    "start": 1611386364368,
    "end": 1611386364372,
    "duration": 4,
    "pid": 8948,
    "index": 29
  },
  {
    "name": "Require(25) node_modules/_egg-view@2.1.3@egg-view/app/extend/application.js",
    "start": 1611386364372,
    "end": 1611386364374,
    "duration": 2,
    "pid": 8948,
    "index": 30
  },
  {
    "name": "Load extend/request.js",
    "start": 1611386364377,
    "end": 1611386364387,
    "duration": 10,
    "pid": 8948,
    "index": 31
  },
  {
    "name": "Require(26) node_modules/_egg@2.29.1@egg/app/extend/request.js",
    "start": 1611386364380,
    "end": 1611386364381,
    "duration": 1,
    "pid": 8948,
    "index": 32
  },
  {
    "name": "Load extend/response.js",
    "start": 1611386364387,
    "end": 1611386364395,
    "duration": 8,
    "pid": 8948,
    "index": 33
  },
  {
    "name": "Require(27) node_modules/_egg@2.29.1@egg/app/extend/response.js",
    "start": 1611386364389,
    "end": 1611386364392,
    "duration": 3,
    "pid": 8948,
    "index": 34
  },
  {
    "name": "Load extend/context.js",
    "start": 1611386364395,
    "end": 1611386364457,
    "duration": 62,
    "pid": 8948,
    "index": 35
  },
  {
    "name": "Require(28) node_modules/_egg-security@2.8.0@egg-security/app/extend/context.js",
    "start": 1611386364395,
    "end": 1611386364408,
    "duration": 13,
    "pid": 8948,
    "index": 36
  },
  {
    "name": "Require(29) node_modules/_egg-jsonp@2.0.0@egg-jsonp/app/extend/context.js",
    "start": 1611386364408,
    "end": 1611386364410,
    "duration": 2,
    "pid": 8948,
    "index": 37
  },
  {
    "name": "Require(30) node_modules/_egg-i18n@2.1.1@egg-i18n/app/extend/context.js",
    "start": 1611386364410,
    "end": 1611386364411,
    "duration": 1,
    "pid": 8948,
    "index": 38
  },
  {
    "name": "Require(31) node_modules/_egg-multipart@2.10.3@egg-multipart/app/extend/context.js",
    "start": 1611386364411,
    "end": 1611386364451,
    "duration": 40,
    "pid": 8948,
    "index": 39
  },
  {
    "name": "Require(32) node_modules/_egg-view@2.1.3@egg-view/app/extend/context.js",
    "start": 1611386364452,
    "end": 1611386364453,
    "duration": 1,
    "pid": 8948,
    "index": 40
  },
  {
    "name": "Require(33) node_modules/_egg@2.29.1@egg/app/extend/context.js",
    "start": 1611386364453,
    "end": 1611386364454,
    "duration": 1,
    "pid": 8948,
    "index": 41
  },
  {
    "name": "Load extend/helper.js",
    "start": 1611386364457,
    "end": 1611386364476,
    "duration": 19,
    "pid": 8948,
    "index": 42
  },
  {
    "name": "Require(34) node_modules/_egg-security@2.8.0@egg-security/app/extend/helper.js",
    "start": 1611386364458,
    "end": 1611386364471,
    "duration": 13,
    "pid": 8948,
    "index": 43
  },
  {
    "name": "Require(35) node_modules/_egg@2.29.1@egg/app/extend/helper.js",
    "start": 1611386364473,
    "end": 1611386364473,
    "duration": 0,
    "pid": 8948,
    "index": 44
  },
  {
    "name": "Load app.js",
    "start": 1611386364476,
    "end": 1611386364507,
    "duration": 31,
    "pid": 8948,
    "index": 45
  },
  {
    "name": "Require(36) node_modules/_egg-session@3.2.0@egg-session/app.js",
    "start": 1611386364476,
    "end": 1611386364476,
    "duration": 0,
    "pid": 8948,
    "index": 46
  },
  {
    "name": "Require(37) node_modules/_egg-security@2.8.0@egg-security/app.js",
    "start": 1611386364477,
    "end": 1611386364479,
    "duration": 2,
    "pid": 8948,
    "index": 47
  },
  {
    "name": "Require(38) node_modules/_egg-onerror@2.1.0@egg-onerror/app.js",
    "start": 1611386364479,
    "end": 1611386364488,
    "duration": 9,
    "pid": 8948,
    "index": 48
  },
  {
    "name": "Require(39) node_modules/_egg-i18n@2.1.1@egg-i18n/app.js",
    "start": 1611386364488,
    "end": 1611386364496,
    "duration": 8,
    "pid": 8948,
    "index": 49
  },
  {
    "name": "Require(40) node_modules/_egg-watcher@3.1.1@egg-watcher/app.js",
    "start": 1611386364496,
    "end": 1611386364500,
    "duration": 4,
    "pid": 8948,
    "index": 50
  },
  {
    "name": "Require(41) node_modules/_egg-schedule@3.6.6@egg-schedule/app.js",
    "start": 1611386364500,
    "end": 1611386364502,
    "duration": 2,
    "pid": 8948,
    "index": 51
  },
  {
    "name": "Require(42) node_modules/_egg-multipart@2.10.3@egg-multipart/app.js",
    "start": 1611386364503,
    "end": 1611386364503,
    "duration": 0,
    "pid": 8948,
    "index": 52
  },
  {
    "name": "Require(43) node_modules/_egg-development@2.7.0@egg-development/app.js",
    "start": 1611386364504,
    "end": 1611386364504,
    "duration": 0,
    "pid": 8948,
    "index": 53
  },
  {
    "name": "Require(44) node_modules/_egg-logrotator@3.1.0@egg-logrotator/app.js",
    "start": 1611386364504,
    "end": 1611386364504,
    "duration": 0,
    "pid": 8948,
    "index": 54
  },
  {
    "name": "Require(45) node_modules/_egg-static@2.2.0@egg-static/app.js",
    "start": 1611386364505,
    "end": 1611386364505,
    "duration": 0,
    "pid": 8948,
    "index": 55
  },
  {
    "name": "Require(46) node_modules/_egg-view-ejs@2.0.1@egg-view-ejs/app.js",
    "start": 1611386364505,
    "end": 1611386364506,
    "duration": 1,
    "pid": 8948,
    "index": 56
  },
  {
    "name": "Before Start in node_modules/_egg-watcher@3.1.1@egg-watcher/lib/init.js:15:14",
    "start": 1611386364515,
    "end": 1611386364690,
    "duration": 175,
    "pid": 8948,
    "index": 57
  },
  {
    "name": "Load Service",
    "start": 1611386364544,
    "end": 1611386364548,
    "duration": 4,
    "pid": 8948,
    "index": 58
  },
  {
    "name": "Load \"service\" to Context",
    "start": 1611386364544,
    "end": 1611386364548,
    "duration": 4,
    "pid": 8948,
    "index": 59
  },
  {
    "name": "Load Middleware",
    "start": 1611386364548,
    "end": 1611386364671,
    "duration": 123,
    "pid": 8948,
    "index": 60
  },
  {
    "name": "Load \"middlewares\" to Application",
    "start": 1611386364548,
    "end": 1611386364656,
    "duration": 108,
    "pid": 8948,
    "index": 61
  },
  {
    "name": "Load Controller",
    "start": 1611386364671,
    "end": 1611386364674,
    "duration": 3,
    "pid": 8948,
    "index": 62
  },
  {
    "name": "Load \"controller\" to Application",
    "start": 1611386364672,
    "end": 1611386364674,
    "duration": 2,
    "pid": 8948,
    "index": 63
  },
  {
    "name": "Load Router",
    "start": 1611386364674,
    "end": 1611386364676,
    "duration": 2,
    "pid": 8948,
    "index": 64
  },
  {
    "name": "Require(47) app/router.js",
    "start": 1611386364675,
    "end": 1611386364675,
    "duration": 0,
    "pid": 8948,
    "index": 65
  },
  {
    "name": "Before Start in node_modules/_egg-core@4.20.0@egg-core/lib/egg.js:303:10",
    "start": 1611386364675,
    "end": 1611386364683,
    "duration": 8,
    "pid": 8948,
    "index": 66
  }
]