[
  {
    "name": "Process Start",
    "start": 1611386209658,
    "end": 1611386210666,
    "duration": 1008,
    "pid": 18772,
    "index": 0
  },
  {
    "name": "Application Start",
    "start": 1611386210666,
    "end": 1611386211047,
    "duration": 381,
    "pid": 18772,
    "index": 1
  },
  {
    "name": "Load Plugin",
    "start": 1611386210670,
    "end": 1611386210687,
    "duration": 17,
    "pid": 18772,
    "index": 2
  },
  {
    "name": "Load Config",
    "start": 1611386210687,
    "end": 1611386210721,
    "duration": 34,
    "pid": 18772,
    "index": 3
  },
  {
    "name": "Require(0) config/config.default.js",
    "start": 1611386210688,
    "end": 1611386210688,
    "duration": 0,
    "pid": 18772,
    "index": 4
  },
  {
    "name": "Require(1) node_modules/_egg-session@3.2.0@egg-session/config/config.default.js",
    "start": 1611386210689,
    "end": 1611386210690,
    "duration": 1,
    "pid": 18772,
    "index": 5
  },
  {
    "name": "Require(2) node_modules/_egg-security@2.8.0@egg-security/config/config.default.js",
    "start": 1611386210690,
    "end": 1611386210690,
    "duration": 0,
    "pid": 18772,
    "index": 6
  },
  {
    "name": "Require(3) node_modules/_egg-jsonp@2.0.0@egg-jsonp/config/config.default.js",
    "start": 1611386210691,
    "end": 1611386210692,
    "duration": 1,
    "pid": 18772,
    "index": 7
  },
  {
    "name": "Require(4) node_modules/_egg-onerror@2.1.0@egg-onerror/config/config.default.js",
    "start": 1611386210693,
    "end": 1611386210694,
    "duration": 1,
    "pid": 18772,
    "index": 8
  },
  {
    "name": "Require(5) node_modules/_egg-i18n@2.1.1@egg-i18n/config/config.default.js",
    "start": 1611386210697,
    "end": 1611386210697,
    "duration": 0,
    "pid": 18772,
    "index": 9
  },
  {
    "name": "Require(6) node_modules/_egg-watcher@3.1.1@egg-watcher/config/config.default.js",
    "start": 1611386210699,
    "end": 1611386210699,
    "duration": 0,
    "pid": 18772,
    "index": 10
  },
  {
    "name": "Require(7) node_modules/_egg-schedule@3.6.6@egg-schedule/config/config.default.js",
    "start": 1611386210700,
    "end": 1611386210701,
    "duration": 1,
    "pid": 18772,
    "index": 11
  },
  {
    "name": "Require(8) node_modules/_egg-multipart@2.10.3@egg-multipart/config/config.default.js",
    "start": 1611386210701,
    "end": 1611386210702,
    "duration": 1,
    "pid": 18772,
    "index": 12
  },
  {
    "name": "Require(9) node_modules/_egg-development@2.7.0@egg-development/config/config.default.js",
    "start": 1611386210703,
    "end": 1611386210704,
    "duration": 1,
    "pid": 18772,
    "index": 13
  },
  {
    "name": "Require(10) node_modules/_egg-logrotator@3.1.0@egg-logrotator/config/config.default.js",
    "start": 1611386210705,
    "end": 1611386210706,
    "duration": 1,
    "pid": 18772,
    "index": 14
  },
  {
    "name": "Require(11) node_modules/_egg-static@2.2.0@egg-static/config/config.default.js",
    "start": 1611386210707,
    "end": 1611386210707,
    "duration": 0,
    "pid": 18772,
    "index": 15
  },
  {
    "name": "Require(12) node_modules/_egg-view@2.1.3@egg-view/config/config.default.js",
    "start": 1611386210708,
    "end": 1611386210709,
    "duration": 1,
    "pid": 18772,
    "index": 16
  },
  {
    "name": "Require(13) node_modules/_egg-view-ejs@2.0.1@egg-view-ejs/config/config.default.js",
    "start": 1611386210710,
    "end": 1611386210711,
    "duration": 1,
    "pid": 18772,
    "index": 17
  },
  {
    "name": "Require(14) node_modules/_egg@2.29.1@egg/config/config.default.js",
    "start": 1611386210712,
    "end": 1611386210713,
    "duration": 1,
    "pid": 18772,
    "index": 18
  },
  {
    "name": "Require(15) config/config.default.js",
    "start": 1611386210714,
    "end": 1611386210714,
    "duration": 0,
    "pid": 18772,
    "index": 19
  },
  {
    "name": "Require(16) node_modules/_egg-security@2.8.0@egg-security/config/config.local.js",
    "start": 1611386210715,
    "end": 1611386210716,
    "duration": 1,
    "pid": 18772,
    "index": 20
  },
  {
    "name": "Require(17) node_modules/_egg-watcher@3.1.1@egg-watcher/config/config.local.js",
    "start": 1611386210717,
    "end": 1611386210717,
    "duration": 0,
    "pid": 18772,
    "index": 21
  },
  {
    "name": "Require(18) node_modules/_egg-view@2.1.3@egg-view/config/config.local.js",
    "start": 1611386210718,
    "end": 1611386210719,
    "duration": 1,
    "pid": 18772,
    "index": 22
  },
  {
    "name": "Require(19) node_modules/_egg-view-ejs@2.0.1@egg-view-ejs/config/config.local.js",
    "start": 1611386210719,
    "end": 1611386210720,
    "duration": 1,
    "pid": 18772,
    "index": 23
  },
  {
    "name": "Require(20) node_modules/_egg@2.29.1@egg/config/config.local.js",
    "start": 1611386210720,
    "end": 1611386210721,
    "duration": 1,
    "pid": 18772,
    "index": 24
  },
  {
    "name": "Load extend/application.js",
    "start": 1611386210723,
    "end": 1611386210738,
    "duration": 15,
    "pid": 18772,
    "index": 25
  },
  {
    "name": "Require(21) node_modules/_egg-session@3.2.0@egg-session/app/extend/application.js",
    "start": 1611386210723,
    "end": 1611386210724,
    "duration": 1,
    "pid": 18772,
    "index": 26
  },
  {
    "name": "Require(22) node_modules/_egg-security@2.8.0@egg-security/app/extend/application.js",
    "start": 1611386210724,
    "end": 1611386210726,
    "duration": 2,
    "pid": 18772,
    "index": 27
  },
  {
    "name": "Require(23) node_modules/_egg-jsonp@2.0.0@egg-jsonp/app/extend/application.js",
    "start": 1611386210726,
    "end": 1611386210729,
    "duration": 3,
    "pid": 18772,
    "index": 28
  },
  {
    "name": "Require(24) node_modules/_egg-logrotator@3.1.0@egg-logrotator/app/extend/application.js",
    "start": 1611386210730,
    "end": 1611386210733,
    "duration": 3,
    "pid": 18772,
    "index": 29
  },
  {
    "name": "Require(25) node_modules/_egg-view@2.1.3@egg-view/app/extend/application.js",
    "start": 1611386210733,
    "end": 1611386210735,
    "duration": 2,
    "pid": 18772,
    "index": 30
  },
  {
    "name": "Load extend/request.js",
    "start": 1611386210738,
    "end": 1611386210746,
    "duration": 8,
    "pid": 18772,
    "index": 31
  },
  {
    "name": "Require(26) node_modules/_egg@2.29.1@egg/app/extend/request.js",
    "start": 1611386210740,
    "end": 1611386210742,
    "duration": 2,
    "pid": 18772,
    "index": 32
  },
  {
    "name": "Load extend/response.js",
    "start": 1611386210746,
    "end": 1611386210754,
    "duration": 8,
    "pid": 18772,
    "index": 33
  },
  {
    "name": "Require(27) node_modules/_egg@2.29.1@egg/app/extend/response.js",
    "start": 1611386210749,
    "end": 1611386210751,
    "duration": 2,
    "pid": 18772,
    "index": 34
  },
  {
    "name": "Load extend/context.js",
    "start": 1611386210754,
    "end": 1611386210818,
    "duration": 64,
    "pid": 18772,
    "index": 35
  },
  {
    "name": "Require(28) node_modules/_egg-security@2.8.0@egg-security/app/extend/context.js",
    "start": 1611386210754,
    "end": 1611386210766,
    "duration": 12,
    "pid": 18772,
    "index": 36
  },
  {
    "name": "Require(29) node_modules/_egg-jsonp@2.0.0@egg-jsonp/app/extend/context.js",
    "start": 1611386210767,
    "end": 1611386210768,
    "duration": 1,
    "pid": 18772,
    "index": 37
  },
  {
    "name": "Require(30) node_modules/_egg-i18n@2.1.1@egg-i18n/app/extend/context.js",
    "start": 1611386210768,
    "end": 1611386210769,
    "duration": 1,
    "pid": 18772,
    "index": 38
  },
  {
    "name": "Require(31) node_modules/_egg-multipart@2.10.3@egg-multipart/app/extend/context.js",
    "start": 1611386210769,
    "end": 1611386210812,
    "duration": 43,
    "pid": 18772,
    "index": 39
  },
  {
    "name": "Require(32) node_modules/_egg-view@2.1.3@egg-view/app/extend/context.js",
    "start": 1611386210813,
    "end": 1611386210813,
    "duration": 0,
    "pid": 18772,
    "index": 40
  },
  {
    "name": "Require(33) node_modules/_egg@2.29.1@egg/app/extend/context.js",
    "start": 1611386210814,
    "end": 1611386210816,
    "duration": 2,
    "pid": 18772,
    "index": 41
  },
  {
    "name": "Load extend/helper.js",
    "start": 1611386210818,
    "end": 1611386210839,
    "duration": 21,
    "pid": 18772,
    "index": 42
  },
  {
    "name": "Require(34) node_modules/_egg-security@2.8.0@egg-security/app/extend/helper.js",
    "start": 1611386210819,
    "end": 1611386210834,
    "duration": 15,
    "pid": 18772,
    "index": 43
  },
  {
    "name": "Require(35) node_modules/_egg@2.29.1@egg/app/extend/helper.js",
    "start": 1611386210836,
    "end": 1611386210836,
    "duration": 0,
    "pid": 18772,
    "index": 44
  },
  {
    "name": "Load app.js",
    "start": 1611386210839,
    "end": 1611386210871,
    "duration": 32,
    "pid": 18772,
    "index": 45
  },
  {
    "name": "Require(36) node_modules/_egg-session@3.2.0@egg-session/app.js",
    "start": 1611386210840,
    "end": 1611386210840,
    "duration": 0,
    "pid": 18772,
    "index": 46
  },
  {
    "name": "Require(37) node_modules/_egg-security@2.8.0@egg-security/app.js",
    "start": 1611386210840,
    "end": 1611386210842,
    "duration": 2,
    "pid": 18772,
    "index": 47
  },
  {
    "name": "Require(38) node_modules/_egg-onerror@2.1.0@egg-onerror/app.js",
    "start": 1611386210843,
    "end": 1611386210853,
    "duration": 10,
    "pid": 18772,
    "index": 48
  },
  {
    "name": "Require(39) node_modules/_egg-i18n@2.1.1@egg-i18n/app.js",
    "start": 1611386210853,
    "end": 1611386210861,
    "duration": 8,
    "pid": 18772,
    "index": 49
  },
  {
    "name": "Require(40) node_modules/_egg-watcher@3.1.1@egg-watcher/app.js",
    "start": 1611386210861,
    "end": 1611386210864,
    "duration": 3,
    "pid": 18772,
    "index": 50
  },
  {
    "name": "Require(41) node_modules/_egg-schedule@3.6.6@egg-schedule/app.js",
    "start": 1611386210865,
    "end": 1611386210867,
    "duration": 2,
    "pid": 18772,
    "index": 51
  },
  {
    "name": "Require(42) node_modules/_egg-multipart@2.10.3@egg-multipart/app.js",
    "start": 1611386210867,
    "end": 1611386210867,
    "duration": 0,
    "pid": 18772,
    "index": 52
  },
  {
    "name": "Require(43) node_modules/_egg-development@2.7.0@egg-development/app.js",
    "start": 1611386210868,
    "end": 1611386210868,
    "duration": 0,
    "pid": 18772,
    "index": 53
  },
  {
    "name": "Require(44) node_modules/_egg-logrotator@3.1.0@egg-logrotator/app.js",
    "start": 1611386210868,
    "end": 1611386210869,
    "duration": 1,
    "pid": 18772,
    "index": 54
  },
  {
    "name": "Require(45) node_modules/_egg-static@2.2.0@egg-static/app.js",
    "start": 1611386210869,
    "end": 1611386210869,
    "duration": 0,
    "pid": 18772,
    "index": 55
  },
  {
    "name": "Require(46) node_modules/_egg-view-ejs@2.0.1@egg-view-ejs/app.js",
    "start": 1611386210870,
    "end": 1611386210870,
    "duration": 0,
    "pid": 18772,
    "index": 56
  },
  {
    "name": "Before Start in node_modules/_egg-watcher@3.1.1@egg-watcher/lib/init.js:15:14",
    "start": 1611386210878,
    "end": 1611386211047,
    "duration": 169,
    "pid": 18772,
    "index": 57
  },
  {
    "name": "Load Service",
    "start": 1611386210908,
    "end": 1611386210913,
    "duration": 5,
    "pid": 18772,
    "index": 58
  },
  {
    "name": "Load \"service\" to Context",
    "start": 1611386210909,
    "end": 1611386210913,
    "duration": 4,
    "pid": 18772,
    "index": 59
  },
  {
    "name": "Load Middleware",
    "start": 1611386210913,
    "end": 1611386211030,
    "duration": 117,
    "pid": 18772,
    "index": 60
  },
  {
    "name": "Load \"middlewares\" to Application",
    "start": 1611386210913,
    "end": 1611386211015,
    "duration": 102,
    "pid": 18772,
    "index": 61
  },
  {
    "name": "Load Controller",
    "start": 1611386211030,
    "end": 1611386211032,
    "duration": 2,
    "pid": 18772,
    "index": 62
  },
  {
    "name": "Load \"controller\" to Application",
    "start": 1611386211030,
    "end": 1611386211032,
    "duration": 2,
    "pid": 18772,
    "index": 63
  },
  {
    "name": "Load Router",
    "start": 1611386211032,
    "end": 1611386211034,
    "duration": 2,
    "pid": 18772,
    "index": 64
  },
  {
    "name": "Require(47) app/router.js",
    "start": 1611386211032,
    "end": 1611386211033,
    "duration": 1,
    "pid": 18772,
    "index": 65
  },
  {
    "name": "Before Start in node_modules/_egg-core@4.20.0@egg-core/lib/egg.js:303:10",
    "start": 1611386211033,
    "end": 1611386211040,
    "duration": 7,
    "pid": 18772,
    "index": 66
  }
]