[
  {
    "name": "Process Start",
    "start": 1611307470869,
    "end": 1611307471930,
    "duration": 1061,
    "pid": 16240,
    "index": 0
  },
  {
    "name": "Application Start",
    "start": 1611307471930,
    "end": 1611307472345,
    "duration": 415,
    "pid": 16240,
    "index": 1
  },
  {
    "name": "Load Plugin",
    "start": 1611307471934,
    "end": 1611307471953,
    "duration": 19,
    "pid": 16240,
    "index": 2
  },
  {
    "name": "Load Config",
    "start": 1611307471953,
    "end": 1611307471977,
    "duration": 24,
    "pid": 16240,
    "index": 3
  },
  {
    "name": "Require(0) config/config.default.js",
    "start": 1611307471954,
    "end": 1611307471954,
    "duration": 0,
    "pid": 16240,
    "index": 4
  },
  {
    "name": "Require(1) node_modules/_egg-session@3.2.0@egg-session/config/config.default.js",
    "start": 1611307471955,
    "end": 1611307471956,
    "duration": 1,
    "pid": 16240,
    "index": 5
  },
  {
    "name": "Require(2) node_modules/_egg-security@2.8.0@egg-security/config/config.default.js",
    "start": 1611307471956,
    "end": 1611307471957,
    "duration": 1,
    "pid": 16240,
    "index": 6
  },
  {
    "name": "Require(3) node_modules/_egg-jsonp@2.0.0@egg-jsonp/config/config.default.js",
    "start": 1611307471958,
    "end": 1611307471958,
    "duration": 0,
    "pid": 16240,
    "index": 7
  },
  {
    "name": "Require(4) node_modules/_egg-onerror@2.1.0@egg-onerror/config/config.default.js",
    "start": 1611307471959,
    "end": 1611307471959,
    "duration": 0,
    "pid": 16240,
    "index": 8
  },
  {
    "name": "Require(5) node_modules/_egg-i18n@2.1.1@egg-i18n/config/config.default.js",
    "start": 1611307471960,
    "end": 1611307471960,
    "duration": 0,
    "pid": 16240,
    "index": 9
  },
  {
    "name": "Require(6) node_modules/_egg-watcher@3.1.1@egg-watcher/config/config.default.js",
    "start": 1611307471961,
    "end": 1611307471962,
    "duration": 1,
    "pid": 16240,
    "index": 10
  },
  {
    "name": "Require(7) node_modules/_egg-schedule@3.6.6@egg-schedule/config/config.default.js",
    "start": 1611307471962,
    "end": 1611307471963,
    "duration": 1,
    "pid": 16240,
    "index": 11
  },
  {
    "name": "Require(8) node_modules/_egg-multipart@2.10.3@egg-multipart/config/config.default.js",
    "start": 1611307471963,
    "end": 1611307471964,
    "duration": 1,
    "pid": 16240,
    "index": 12
  },
  {
    "name": "Require(9) node_modules/_egg-development@2.7.0@egg-development/config/config.default.js",
    "start": 1611307471964,
    "end": 1611307471965,
    "duration": 1,
    "pid": 16240,
    "index": 13
  },
  {
    "name": "Require(10) node_modules/_egg-logrotator@3.1.0@egg-logrotator/config/config.default.js",
    "start": 1611307471965,
    "end": 1611307471966,
    "duration": 1,
    "pid": 16240,
    "index": 14
  },
  {
    "name": "Require(11) node_modules/_egg-static@2.2.0@egg-static/config/config.default.js",
    "start": 1611307471966,
    "end": 1611307471967,
    "duration": 1,
    "pid": 16240,
    "index": 15
  },
  {
    "name": "Require(12) node_modules/_egg-view@2.1.3@egg-view/config/config.default.js",
    "start": 1611307471967,
    "end": 1611307471968,
    "duration": 1,
    "pid": 16240,
    "index": 16
  },
  {
    "name": "Require(13) node_modules/_egg-view-ejs@2.0.1@egg-view-ejs/config/config.default.js",
    "start": 1611307471968,
    "end": 1611307471969,
    "duration": 1,
    "pid": 16240,
    "index": 17
  },
  {
    "name": "Require(14) node_modules/_egg@2.29.1@egg/config/config.default.js",
    "start": 1611307471969,
    "end": 1611307471970,
    "duration": 1,
    "pid": 16240,
    "index": 18
  },
  {
    "name": "Require(15) config/config.default.js",
    "start": 1611307471971,
    "end": 1611307471971,
    "duration": 0,
    "pid": 16240,
    "index": 19
  },
  {
    "name": "Require(16) node_modules/_egg-security@2.8.0@egg-security/config/config.local.js",
    "start": 1611307471972,
    "end": 1611307471972,
    "duration": 0,
    "pid": 16240,
    "index": 20
  },
  {
    "name": "Require(17) node_modules/_egg-watcher@3.1.1@egg-watcher/config/config.local.js",
    "start": 1611307471973,
    "end": 1611307471973,
    "duration": 0,
    "pid": 16240,
    "index": 21
  },
  {
    "name": "Require(18) node_modules/_egg-view@2.1.3@egg-view/config/config.local.js",
    "start": 1611307471975,
    "end": 1611307471975,
    "duration": 0,
    "pid": 16240,
    "index": 22
  },
  {
    "name": "Require(19) node_modules/_egg-view-ejs@2.0.1@egg-view-ejs/config/config.local.js",
    "start": 1611307471975,
    "end": 1611307471976,
    "duration": 1,
    "pid": 16240,
    "index": 23
  },
  {
    "name": "Require(20) node_modules/_egg@2.29.1@egg/config/config.local.js",
    "start": 1611307471976,
    "end": 1611307471976,
    "duration": 0,
    "pid": 16240,
    "index": 24
  },
  {
    "name": "Load extend/application.js",
    "start": 1611307471978,
    "end": 1611307471994,
    "duration": 16,
    "pid": 16240,
    "index": 25
  },
  {
    "name": "Require(21) node_modules/_egg-session@3.2.0@egg-session/app/extend/application.js",
    "start": 1611307471978,
    "end": 1611307471979,
    "duration": 1,
    "pid": 16240,
    "index": 26
  },
  {
    "name": "Require(22) node_modules/_egg-security@2.8.0@egg-security/app/extend/application.js",
    "start": 1611307471979,
    "end": 1611307471980,
    "duration": 1,
    "pid": 16240,
    "index": 27
  },
  {
    "name": "Require(23) node_modules/_egg-jsonp@2.0.0@egg-jsonp/app/extend/application.js",
    "start": 1611307471981,
    "end": 1611307471983,
    "duration": 2,
    "pid": 16240,
    "index": 28
  },
  {
    "name": "Require(24) node_modules/_egg-logrotator@3.1.0@egg-logrotator/app/extend/application.js",
    "start": 1611307471985,
    "end": 1611307471988,
    "duration": 3,
    "pid": 16240,
    "index": 29
  },
  {
    "name": "Require(25) node_modules/_egg-view@2.1.3@egg-view/app/extend/application.js",
    "start": 1611307471988,
    "end": 1611307471991,
    "duration": 3,
    "pid": 16240,
    "index": 30
  },
  {
    "name": "Load extend/request.js",
    "start": 1611307471994,
    "end": 1611307472004,
    "duration": 10,
    "pid": 16240,
    "index": 31
  },
  {
    "name": "Require(26) node_modules/_egg@2.29.1@egg/app/extend/request.js",
    "start": 1611307471997,
    "end": 1611307471999,
    "duration": 2,
    "pid": 16240,
    "index": 32
  },
  {
    "name": "Load extend/response.js",
    "start": 1611307472004,
    "end": 1611307472013,
    "duration": 9,
    "pid": 16240,
    "index": 33
  },
  {
    "name": "Require(27) node_modules/_egg@2.29.1@egg/app/extend/response.js",
    "start": 1611307472008,
    "end": 1611307472010,
    "duration": 2,
    "pid": 16240,
    "index": 34
  },
  {
    "name": "Load extend/context.js",
    "start": 1611307472014,
    "end": 1611307472092,
    "duration": 78,
    "pid": 16240,
    "index": 35
  },
  {
    "name": "Require(28) node_modules/_egg-security@2.8.0@egg-security/app/extend/context.js",
    "start": 1611307472015,
    "end": 1611307472035,
    "duration": 20,
    "pid": 16240,
    "index": 36
  },
  {
    "name": "Require(29) node_modules/_egg-jsonp@2.0.0@egg-jsonp/app/extend/context.js",
    "start": 1611307472035,
    "end": 1611307472037,
    "duration": 2,
    "pid": 16240,
    "index": 37
  },
  {
    "name": "Require(30) node_modules/_egg-i18n@2.1.1@egg-i18n/app/extend/context.js",
    "start": 1611307472038,
    "end": 1611307472038,
    "duration": 0,
    "pid": 16240,
    "index": 38
  },
  {
    "name": "Require(31) node_modules/_egg-multipart@2.10.3@egg-multipart/app/extend/context.js",
    "start": 1611307472039,
    "end": 1611307472085,
    "duration": 46,
    "pid": 16240,
    "index": 39
  },
  {
    "name": "Require(32) node_modules/_egg-view@2.1.3@egg-view/app/extend/context.js",
    "start": 1611307472086,
    "end": 1611307472087,
    "duration": 1,
    "pid": 16240,
    "index": 40
  },
  {
    "name": "Require(33) node_modules/_egg@2.29.1@egg/app/extend/context.js",
    "start": 1611307472088,
    "end": 1611307472089,
    "duration": 1,
    "pid": 16240,
    "index": 41
  },
  {
    "name": "Load extend/helper.js",
    "start": 1611307472092,
    "end": 1611307472116,
    "duration": 24,
    "pid": 16240,
    "index": 42
  },
  {
    "name": "Require(34) node_modules/_egg-security@2.8.0@egg-security/app/extend/helper.js",
    "start": 1611307472093,
    "end": 1611307472110,
    "duration": 17,
    "pid": 16240,
    "index": 43
  },
  {
    "name": "Require(35) node_modules/_egg@2.29.1@egg/app/extend/helper.js",
    "start": 1611307472113,
    "end": 1611307472113,
    "duration": 0,
    "pid": 16240,
    "index": 44
  },
  {
    "name": "Load app.js",
    "start": 1611307472116,
    "end": 1611307472149,
    "duration": 33,
    "pid": 16240,
    "index": 45
  },
  {
    "name": "Require(36) node_modules/_egg-session@3.2.0@egg-session/app.js",
    "start": 1611307472117,
    "end": 1611307472117,
    "duration": 0,
    "pid": 16240,
    "index": 46
  },
  {
    "name": "Require(37) node_modules/_egg-security@2.8.0@egg-security/app.js",
    "start": 1611307472118,
    "end": 1611307472119,
    "duration": 1,
    "pid": 16240,
    "index": 47
  },
  {
    "name": "Require(38) node_modules/_egg-onerror@2.1.0@egg-onerror/app.js",
    "start": 1611307472120,
    "end": 1611307472130,
    "duration": 10,
    "pid": 16240,
    "index": 48
  },
  {
    "name": "Require(39) node_modules/_egg-i18n@2.1.1@egg-i18n/app.js",
    "start": 1611307472131,
    "end": 1611307472138,
    "duration": 7,
    "pid": 16240,
    "index": 49
  },
  {
    "name": "Require(40) node_modules/_egg-watcher@3.1.1@egg-watcher/app.js",
    "start": 1611307472139,
    "end": 1611307472142,
    "duration": 3,
    "pid": 16240,
    "index": 50
  },
  {
    "name": "Require(41) node_modules/_egg-schedule@3.6.6@egg-schedule/app.js",
    "start": 1611307472143,
    "end": 1611307472145,
    "duration": 2,
    "pid": 16240,
    "index": 51
  },
  {
    "name": "Require(42) node_modules/_egg-multipart@2.10.3@egg-multipart/app.js",
    "start": 1611307472145,
    "end": 1611307472145,
    "duration": 0,
    "pid": 16240,
    "index": 52
  },
  {
    "name": "Require(43) node_modules/_egg-development@2.7.0@egg-development/app.js",
    "start": 1611307472146,
    "end": 1611307472146,
    "duration": 0,
    "pid": 16240,
    "index": 53
  },
  {
    "name": "Require(44) node_modules/_egg-logrotator@3.1.0@egg-logrotator/app.js",
    "start": 1611307472146,
    "end": 1611307472147,
    "duration": 1,
    "pid": 16240,
    "index": 54
  },
  {
    "name": "Require(45) node_modules/_egg-static@2.2.0@egg-static/app.js",
    "start": 1611307472147,
    "end": 1611307472147,
    "duration": 0,
    "pid": 16240,
    "index": 55
  },
  {
    "name": "Require(46) node_modules/_egg-view-ejs@2.0.1@egg-view-ejs/app.js",
    "start": 1611307472148,
    "end": 1611307472148,
    "duration": 0,
    "pid": 16240,
    "index": 56
  },
  {
    "name": "Before Start in node_modules/_egg-watcher@3.1.1@egg-watcher/lib/init.js:15:14",
    "start": 1611307472157,
    "end": 1611307472345,
    "duration": 188,
    "pid": 16240,
    "index": 57
  },
  {
    "name": "Load Service",
    "start": 1611307472187,
    "end": 1611307472195,
    "duration": 8,
    "pid": 16240,
    "index": 58
  },
  {
    "name": "Load \"service\" to Context",
    "start": 1611307472187,
    "end": 1611307472195,
    "duration": 8,
    "pid": 16240,
    "index": 59
  },
  {
    "name": "Load Middleware",
    "start": 1611307472195,
    "end": 1611307472324,
    "duration": 129,
    "pid": 16240,
    "index": 60
  },
  {
    "name": "Load \"middlewares\" to Application",
    "start": 1611307472195,
    "end": 1611307472308,
    "duration": 113,
    "pid": 16240,
    "index": 61
  },
  {
    "name": "Load Controller",
    "start": 1611307472324,
    "end": 1611307472327,
    "duration": 3,
    "pid": 16240,
    "index": 62
  },
  {
    "name": "Load \"controller\" to Application",
    "start": 1611307472324,
    "end": 1611307472327,
    "duration": 3,
    "pid": 16240,
    "index": 63
  },
  {
    "name": "Load Router",
    "start": 1611307472327,
    "end": 1611307472329,
    "duration": 2,
    "pid": 16240,
    "index": 64
  },
  {
    "name": "Require(47) app/router.js",
    "start": 1611307472327,
    "end": 1611307472327,
    "duration": 0,
    "pid": 16240,
    "index": 65
  },
  {
    "name": "Before Start in node_modules/_egg-core@4.20.0@egg-core/lib/egg.js:303:10",
    "start": 1611307472328,
    "end": 1611307472335,
    "duration": 7,
    "pid": 16240,
    "index": 66
  }
]