[
  {
    "name": "Process Start",
    "start": 1611309440166,
    "end": 1611309441251,
    "duration": 1085,
    "pid": 7956,
    "index": 0
  },
  {
    "name": "Application Start",
    "start": 1611309441252,
    "end": 1611309441701,
    "duration": 449,
    "pid": 7956,
    "index": 1
  },
  {
    "name": "Load Plugin",
    "start": 1611309441256,
    "end": 1611309441280,
    "duration": 24,
    "pid": 7956,
    "index": 2
  },
  {
    "name": "Load Config",
    "start": 1611309441280,
    "end": 1611309441303,
    "duration": 23,
    "pid": 7956,
    "index": 3
  },
  {
    "name": "Require(0) config/config.default.js",
    "start": 1611309441281,
    "end": 1611309441281,
    "duration": 0,
    "pid": 7956,
    "index": 4
  },
  {
    "name": "Require(1) node_modules/_egg-session@3.2.0@egg-session/config/config.default.js",
    "start": 1611309441282,
    "end": 1611309441283,
    "duration": 1,
    "pid": 7956,
    "index": 5
  },
  {
    "name": "Require(2) node_modules/_egg-security@2.8.0@egg-security/config/config.default.js",
    "start": 1611309441283,
    "end": 1611309441284,
    "duration": 1,
    "pid": 7956,
    "index": 6
  },
  {
    "name": "Require(3) node_modules/_egg-jsonp@2.0.0@egg-jsonp/config/config.default.js",
    "start": 1611309441285,
    "end": 1611309441285,
    "duration": 0,
    "pid": 7956,
    "index": 7
  },
  {
    "name": "Require(4) node_modules/_egg-onerror@2.1.0@egg-onerror/config/config.default.js",
    "start": 1611309441286,
    "end": 1611309441286,
    "duration": 0,
    "pid": 7956,
    "index": 8
  },
  {
    "name": "Require(5) node_modules/_egg-i18n@2.1.1@egg-i18n/config/config.default.js",
    "start": 1611309441286,
    "end": 1611309441287,
    "duration": 1,
    "pid": 7956,
    "index": 9
  },
  {
    "name": "Require(6) node_modules/_egg-watcher@3.1.1@egg-watcher/config/config.default.js",
    "start": 1611309441287,
    "end": 1611309441288,
    "duration": 1,
    "pid": 7956,
    "index": 10
  },
  {
    "name": "Require(7) node_modules/_egg-schedule@3.6.6@egg-schedule/config/config.default.js",
    "start": 1611309441288,
    "end": 1611309441289,
    "duration": 1,
    "pid": 7956,
    "index": 11
  },
  {
    "name": "Require(8) node_modules/_egg-multipart@2.10.3@egg-multipart/config/config.default.js",
    "start": 1611309441289,
    "end": 1611309441290,
    "duration": 1,
    "pid": 7956,
    "index": 12
  },
  {
    "name": "Require(9) node_modules/_egg-development@2.7.0@egg-development/config/config.default.js",
    "start": 1611309441290,
    "end": 1611309441291,
    "duration": 1,
    "pid": 7956,
    "index": 13
  },
  {
    "name": "Require(10) node_modules/_egg-logrotator@3.1.0@egg-logrotator/config/config.default.js",
    "start": 1611309441291,
    "end": 1611309441291,
    "duration": 0,
    "pid": 7956,
    "index": 14
  },
  {
    "name": "Require(11) node_modules/_egg-static@2.2.0@egg-static/config/config.default.js",
    "start": 1611309441292,
    "end": 1611309441292,
    "duration": 0,
    "pid": 7956,
    "index": 15
  },
  {
    "name": "Require(12) node_modules/_egg-view@2.1.3@egg-view/config/config.default.js",
    "start": 1611309441293,
    "end": 1611309441294,
    "duration": 1,
    "pid": 7956,
    "index": 16
  },
  {
    "name": "Require(13) node_modules/_egg-view-ejs@2.0.1@egg-view-ejs/config/config.default.js",
    "start": 1611309441296,
    "end": 1611309441296,
    "duration": 0,
    "pid": 7956,
    "index": 17
  },
  {
    "name": "Require(14) node_modules/_egg@2.29.1@egg/config/config.default.js",
    "start": 1611309441297,
    "end": 1611309441297,
    "duration": 0,
    "pid": 7956,
    "index": 18
  },
  {
    "name": "Require(15) config/config.default.js",
    "start": 1611309441298,
    "end": 1611309441298,
    "duration": 0,
    "pid": 7956,
    "index": 19
  },
  {
    "name": "Require(16) node_modules/_egg-security@2.8.0@egg-security/config/config.local.js",
    "start": 1611309441299,
    "end": 1611309441299,
    "duration": 0,
    "pid": 7956,
    "index": 20
  },
  {
    "name": "Require(17) node_modules/_egg-watcher@3.1.1@egg-watcher/config/config.local.js",
    "start": 1611309441300,
    "end": 1611309441300,
    "duration": 0,
    "pid": 7956,
    "index": 21
  },
  {
    "name": "Require(18) node_modules/_egg-view@2.1.3@egg-view/config/config.local.js",
    "start": 1611309441301,
    "end": 1611309441302,
    "duration": 1,
    "pid": 7956,
    "index": 22
  },
  {
    "name": "Require(19) node_modules/_egg-view-ejs@2.0.1@egg-view-ejs/config/config.local.js",
    "start": 1611309441302,
    "end": 1611309441302,
    "duration": 0,
    "pid": 7956,
    "index": 23
  },
  {
    "name": "Require(20) node_modules/_egg@2.29.1@egg/config/config.local.js",
    "start": 1611309441302,
    "end": 1611309441303,
    "duration": 1,
    "pid": 7956,
    "index": 24
  },
  {
    "name": "Load extend/application.js",
    "start": 1611309441304,
    "end": 1611309441322,
    "duration": 18,
    "pid": 7956,
    "index": 25
  },
  {
    "name": "Require(21) node_modules/_egg-session@3.2.0@egg-session/app/extend/application.js",
    "start": 1611309441304,
    "end": 1611309441305,
    "duration": 1,
    "pid": 7956,
    "index": 26
  },
  {
    "name": "Require(22) node_modules/_egg-security@2.8.0@egg-security/app/extend/application.js",
    "start": 1611309441305,
    "end": 1611309441306,
    "duration": 1,
    "pid": 7956,
    "index": 27
  },
  {
    "name": "Require(23) node_modules/_egg-jsonp@2.0.0@egg-jsonp/app/extend/application.js",
    "start": 1611309441307,
    "end": 1611309441309,
    "duration": 2,
    "pid": 7956,
    "index": 28
  },
  {
    "name": "Require(24) node_modules/_egg-logrotator@3.1.0@egg-logrotator/app/extend/application.js",
    "start": 1611309441312,
    "end": 1611309441316,
    "duration": 4,
    "pid": 7956,
    "index": 29
  },
  {
    "name": "Require(25) node_modules/_egg-view@2.1.3@egg-view/app/extend/application.js",
    "start": 1611309441316,
    "end": 1611309441318,
    "duration": 2,
    "pid": 7956,
    "index": 30
  },
  {
    "name": "Load extend/request.js",
    "start": 1611309441322,
    "end": 1611309441331,
    "duration": 9,
    "pid": 7956,
    "index": 31
  },
  {
    "name": "Require(26) node_modules/_egg@2.29.1@egg/app/extend/request.js",
    "start": 1611309441324,
    "end": 1611309441327,
    "duration": 3,
    "pid": 7956,
    "index": 32
  },
  {
    "name": "Load extend/response.js",
    "start": 1611309441331,
    "end": 1611309441341,
    "duration": 10,
    "pid": 7956,
    "index": 33
  },
  {
    "name": "Require(27) node_modules/_egg@2.29.1@egg/app/extend/response.js",
    "start": 1611309441336,
    "end": 1611309441338,
    "duration": 2,
    "pid": 7956,
    "index": 34
  },
  {
    "name": "Load extend/context.js",
    "start": 1611309441341,
    "end": 1611309441421,
    "duration": 80,
    "pid": 7956,
    "index": 35
  },
  {
    "name": "Require(28) node_modules/_egg-security@2.8.0@egg-security/app/extend/context.js",
    "start": 1611309441341,
    "end": 1611309441356,
    "duration": 15,
    "pid": 7956,
    "index": 36
  },
  {
    "name": "Require(29) node_modules/_egg-jsonp@2.0.0@egg-jsonp/app/extend/context.js",
    "start": 1611309441356,
    "end": 1611309441358,
    "duration": 2,
    "pid": 7956,
    "index": 37
  },
  {
    "name": "Require(30) node_modules/_egg-i18n@2.1.1@egg-i18n/app/extend/context.js",
    "start": 1611309441359,
    "end": 1611309441359,
    "duration": 0,
    "pid": 7956,
    "index": 38
  },
  {
    "name": "Require(31) node_modules/_egg-multipart@2.10.3@egg-multipart/app/extend/context.js",
    "start": 1611309441362,
    "end": 1611309441415,
    "duration": 53,
    "pid": 7956,
    "index": 39
  },
  {
    "name": "Require(32) node_modules/_egg-view@2.1.3@egg-view/app/extend/context.js",
    "start": 1611309441416,
    "end": 1611309441417,
    "duration": 1,
    "pid": 7956,
    "index": 40
  },
  {
    "name": "Require(33) node_modules/_egg@2.29.1@egg/app/extend/context.js",
    "start": 1611309441417,
    "end": 1611309441418,
    "duration": 1,
    "pid": 7956,
    "index": 41
  },
  {
    "name": "Load extend/helper.js",
    "start": 1611309441421,
    "end": 1611309441447,
    "duration": 26,
    "pid": 7956,
    "index": 42
  },
  {
    "name": "Require(34) node_modules/_egg-security@2.8.0@egg-security/app/extend/helper.js",
    "start": 1611309441422,
    "end": 1611309441439,
    "duration": 17,
    "pid": 7956,
    "index": 43
  },
  {
    "name": "Require(35) node_modules/_egg@2.29.1@egg/app/extend/helper.js",
    "start": 1611309441442,
    "end": 1611309441442,
    "duration": 0,
    "pid": 7956,
    "index": 44
  },
  {
    "name": "Load app.js",
    "start": 1611309441447,
    "end": 1611309441487,
    "duration": 40,
    "pid": 7956,
    "index": 45
  },
  {
    "name": "Require(36) node_modules/_egg-session@3.2.0@egg-session/app.js",
    "start": 1611309441447,
    "end": 1611309441448,
    "duration": 1,
    "pid": 7956,
    "index": 46
  },
  {
    "name": "Require(37) node_modules/_egg-security@2.8.0@egg-security/app.js",
    "start": 1611309441448,
    "end": 1611309441450,
    "duration": 2,
    "pid": 7956,
    "index": 47
  },
  {
    "name": "Require(38) node_modules/_egg-onerror@2.1.0@egg-onerror/app.js",
    "start": 1611309441451,
    "end": 1611309441465,
    "duration": 14,
    "pid": 7956,
    "index": 48
  },
  {
    "name": "Require(39) node_modules/_egg-i18n@2.1.1@egg-i18n/app.js",
    "start": 1611309441465,
    "end": 1611309441473,
    "duration": 8,
    "pid": 7956,
    "index": 49
  },
  {
    "name": "Require(40) node_modules/_egg-watcher@3.1.1@egg-watcher/app.js",
    "start": 1611309441473,
    "end": 1611309441480,
    "duration": 7,
    "pid": 7956,
    "index": 50
  },
  {
    "name": "Require(41) node_modules/_egg-schedule@3.6.6@egg-schedule/app.js",
    "start": 1611309441481,
    "end": 1611309441483,
    "duration": 2,
    "pid": 7956,
    "index": 51
  },
  {
    "name": "Require(42) node_modules/_egg-multipart@2.10.3@egg-multipart/app.js",
    "start": 1611309441483,
    "end": 1611309441484,
    "duration": 1,
    "pid": 7956,
    "index": 52
  },
  {
    "name": "Require(43) node_modules/_egg-development@2.7.0@egg-development/app.js",
    "start": 1611309441484,
    "end": 1611309441484,
    "duration": 0,
    "pid": 7956,
    "index": 53
  },
  {
    "name": "Require(44) node_modules/_egg-logrotator@3.1.0@egg-logrotator/app.js",
    "start": 1611309441484,
    "end": 1611309441485,
    "duration": 1,
    "pid": 7956,
    "index": 54
  },
  {
    "name": "Require(45) node_modules/_egg-static@2.2.0@egg-static/app.js",
    "start": 1611309441485,
    "end": 1611309441485,
    "duration": 0,
    "pid": 7956,
    "index": 55
  },
  {
    "name": "Require(46) node_modules/_egg-view-ejs@2.0.1@egg-view-ejs/app.js",
    "start": 1611309441486,
    "end": 1611309441486,
    "duration": 0,
    "pid": 7956,
    "index": 56
  },
  {
    "name": "Before Start in node_modules/_egg-watcher@3.1.1@egg-watcher/lib/init.js:15:14",
    "start": 1611309441498,
    "end": 1611309441701,
    "duration": 203,
    "pid": 7956,
    "index": 57
  },
  {
    "name": "Load Service",
    "start": 1611309441537,
    "end": 1611309441541,
    "duration": 4,
    "pid": 7956,
    "index": 58
  },
  {
    "name": "Load \"service\" to Context",
    "start": 1611309441537,
    "end": 1611309441541,
    "duration": 4,
    "pid": 7956,
    "index": 59
  },
  {
    "name": "Load Middleware",
    "start": 1611309441541,
    "end": 1611309441682,
    "duration": 141,
    "pid": 7956,
    "index": 60
  },
  {
    "name": "Load \"middlewares\" to Application",
    "start": 1611309441541,
    "end": 1611309441665,
    "duration": 124,
    "pid": 7956,
    "index": 61
  },
  {
    "name": "Load Controller",
    "start": 1611309441682,
    "end": 1611309441685,
    "duration": 3,
    "pid": 7956,
    "index": 62
  },
  {
    "name": "Load \"controller\" to Application",
    "start": 1611309441682,
    "end": 1611309441685,
    "duration": 3,
    "pid": 7956,
    "index": 63
  },
  {
    "name": "Load Router",
    "start": 1611309441685,
    "end": 1611309441687,
    "duration": 2,
    "pid": 7956,
    "index": 64
  },
  {
    "name": "Require(47) app/router.js",
    "start": 1611309441685,
    "end": 1611309441686,
    "duration": 1,
    "pid": 7956,
    "index": 65
  },
  {
    "name": "Before Start in node_modules/_egg-core@4.20.0@egg-core/lib/egg.js:303:10",
    "start": 1611309441686,
    "end": 1611309441694,
    "duration": 8,
    "pid": 7956,
    "index": 66
  }
]