[
  {
    "name": "Process Start",
    "start": 1611309407107,
    "end": 1611309408400,
    "duration": 1293,
    "pid": 14956,
    "index": 0
  },
  {
    "name": "Application Start",
    "start": 1611309408401,
    "end": 1611309408850,
    "duration": 449,
    "pid": 14956,
    "index": 1
  },
  {
    "name": "Load Plugin",
    "start": 1611309408407,
    "end": 1611309408430,
    "duration": 23,
    "pid": 14956,
    "index": 2
  },
  {
    "name": "Load Config",
    "start": 1611309408430,
    "end": 1611309408455,
    "duration": 25,
    "pid": 14956,
    "index": 3
  },
  {
    "name": "Require(0) config/config.default.js",
    "start": 1611309408431,
    "end": 1611309408431,
    "duration": 0,
    "pid": 14956,
    "index": 4
  },
  {
    "name": "Require(1) node_modules/_egg-session@3.2.0@egg-session/config/config.default.js",
    "start": 1611309408433,
    "end": 1611309408433,
    "duration": 0,
    "pid": 14956,
    "index": 5
  },
  {
    "name": "Require(2) node_modules/_egg-security@2.8.0@egg-security/config/config.default.js",
    "start": 1611309408434,
    "end": 1611309408435,
    "duration": 1,
    "pid": 14956,
    "index": 6
  },
  {
    "name": "Require(3) node_modules/_egg-jsonp@2.0.0@egg-jsonp/config/config.default.js",
    "start": 1611309408436,
    "end": 1611309408437,
    "duration": 1,
    "pid": 14956,
    "index": 7
  },
  {
    "name": "Require(4) node_modules/_egg-onerror@2.1.0@egg-onerror/config/config.default.js",
    "start": 1611309408437,
    "end": 1611309408438,
    "duration": 1,
    "pid": 14956,
    "index": 8
  },
  {
    "name": "Require(5) node_modules/_egg-i18n@2.1.1@egg-i18n/config/config.default.js",
    "start": 1611309408438,
    "end": 1611309408439,
    "duration": 1,
    "pid": 14956,
    "index": 9
  },
  {
    "name": "Require(6) node_modules/_egg-watcher@3.1.1@egg-watcher/config/config.default.js",
    "start": 1611309408439,
    "end": 1611309408440,
    "duration": 1,
    "pid": 14956,
    "index": 10
  },
  {
    "name": "Require(7) node_modules/_egg-schedule@3.6.6@egg-schedule/config/config.default.js",
    "start": 1611309408441,
    "end": 1611309408441,
    "duration": 0,
    "pid": 14956,
    "index": 11
  },
  {
    "name": "Require(8) node_modules/_egg-multipart@2.10.3@egg-multipart/config/config.default.js",
    "start": 1611309408442,
    "end": 1611309408442,
    "duration": 0,
    "pid": 14956,
    "index": 12
  },
  {
    "name": "Require(9) node_modules/_egg-development@2.7.0@egg-development/config/config.default.js",
    "start": 1611309408443,
    "end": 1611309408443,
    "duration": 0,
    "pid": 14956,
    "index": 13
  },
  {
    "name": "Require(10) node_modules/_egg-logrotator@3.1.0@egg-logrotator/config/config.default.js",
    "start": 1611309408444,
    "end": 1611309408444,
    "duration": 0,
    "pid": 14956,
    "index": 14
  },
  {
    "name": "Require(11) node_modules/_egg-static@2.2.0@egg-static/config/config.default.js",
    "start": 1611309408445,
    "end": 1611309408445,
    "duration": 0,
    "pid": 14956,
    "index": 15
  },
  {
    "name": "Require(12) node_modules/_egg-view@2.1.3@egg-view/config/config.default.js",
    "start": 1611309408446,
    "end": 1611309408446,
    "duration": 0,
    "pid": 14956,
    "index": 16
  },
  {
    "name": "Require(13) node_modules/_egg-view-ejs@2.0.1@egg-view-ejs/config/config.default.js",
    "start": 1611309408447,
    "end": 1611309408447,
    "duration": 0,
    "pid": 14956,
    "index": 17
  },
  {
    "name": "Require(14) node_modules/_egg@2.29.1@egg/config/config.default.js",
    "start": 1611309408448,
    "end": 1611309408448,
    "duration": 0,
    "pid": 14956,
    "index": 18
  },
  {
    "name": "Require(15) config/config.default.js",
    "start": 1611309408450,
    "end": 1611309408450,
    "duration": 0,
    "pid": 14956,
    "index": 19
  },
  {
    "name": "Require(16) node_modules/_egg-security@2.8.0@egg-security/config/config.local.js",
    "start": 1611309408450,
    "end": 1611309408451,
    "duration": 1,
    "pid": 14956,
    "index": 20
  },
  {
    "name": "Require(17) node_modules/_egg-watcher@3.1.1@egg-watcher/config/config.local.js",
    "start": 1611309408452,
    "end": 1611309408452,
    "duration": 0,
    "pid": 14956,
    "index": 21
  },
  {
    "name": "Require(18) node_modules/_egg-view@2.1.3@egg-view/config/config.local.js",
    "start": 1611309408454,
    "end": 1611309408454,
    "duration": 0,
    "pid": 14956,
    "index": 22
  },
  {
    "name": "Require(19) node_modules/_egg-view-ejs@2.0.1@egg-view-ejs/config/config.local.js",
    "start": 1611309408454,
    "end": 1611309408454,
    "duration": 0,
    "pid": 14956,
    "index": 23
  },
  {
    "name": "Require(20) node_modules/_egg@2.29.1@egg/config/config.local.js",
    "start": 1611309408455,
    "end": 1611309408455,
    "duration": 0,
    "pid": 14956,
    "index": 24
  },
  {
    "name": "Load extend/application.js",
    "start": 1611309408456,
    "end": 1611309408473,
    "duration": 17,
    "pid": 14956,
    "index": 25
  },
  {
    "name": "Require(21) node_modules/_egg-session@3.2.0@egg-session/app/extend/application.js",
    "start": 1611309408457,
    "end": 1611309408457,
    "duration": 0,
    "pid": 14956,
    "index": 26
  },
  {
    "name": "Require(22) node_modules/_egg-security@2.8.0@egg-security/app/extend/application.js",
    "start": 1611309408458,
    "end": 1611309408459,
    "duration": 1,
    "pid": 14956,
    "index": 27
  },
  {
    "name": "Require(23) node_modules/_egg-jsonp@2.0.0@egg-jsonp/app/extend/application.js",
    "start": 1611309408460,
    "end": 1611309408462,
    "duration": 2,
    "pid": 14956,
    "index": 28
  },
  {
    "name": "Require(24) node_modules/_egg-logrotator@3.1.0@egg-logrotator/app/extend/application.js",
    "start": 1611309408464,
    "end": 1611309408467,
    "duration": 3,
    "pid": 14956,
    "index": 29
  },
  {
    "name": "Require(25) node_modules/_egg-view@2.1.3@egg-view/app/extend/application.js",
    "start": 1611309408468,
    "end": 1611309408470,
    "duration": 2,
    "pid": 14956,
    "index": 30
  },
  {
    "name": "Load extend/request.js",
    "start": 1611309408473,
    "end": 1611309408481,
    "duration": 8,
    "pid": 14956,
    "index": 31
  },
  {
    "name": "Require(26) node_modules/_egg@2.29.1@egg/app/extend/request.js",
    "start": 1611309408477,
    "end": 1611309408478,
    "duration": 1,
    "pid": 14956,
    "index": 32
  },
  {
    "name": "Load extend/response.js",
    "start": 1611309408482,
    "end": 1611309408493,
    "duration": 11,
    "pid": 14956,
    "index": 33
  },
  {
    "name": "Require(27) node_modules/_egg@2.29.1@egg/app/extend/response.js",
    "start": 1611309408487,
    "end": 1611309408490,
    "duration": 3,
    "pid": 14956,
    "index": 34
  },
  {
    "name": "Load extend/context.js",
    "start": 1611309408493,
    "end": 1611309408579,
    "duration": 86,
    "pid": 14956,
    "index": 35
  },
  {
    "name": "Require(28) node_modules/_egg-security@2.8.0@egg-security/app/extend/context.js",
    "start": 1611309408494,
    "end": 1611309408511,
    "duration": 17,
    "pid": 14956,
    "index": 36
  },
  {
    "name": "Require(29) node_modules/_egg-jsonp@2.0.0@egg-jsonp/app/extend/context.js",
    "start": 1611309408511,
    "end": 1611309408513,
    "duration": 2,
    "pid": 14956,
    "index": 37
  },
  {
    "name": "Require(30) node_modules/_egg-i18n@2.1.1@egg-i18n/app/extend/context.js",
    "start": 1611309408514,
    "end": 1611309408514,
    "duration": 0,
    "pid": 14956,
    "index": 38
  },
  {
    "name": "Require(31) node_modules/_egg-multipart@2.10.3@egg-multipart/app/extend/context.js",
    "start": 1611309408515,
    "end": 1611309408570,
    "duration": 55,
    "pid": 14956,
    "index": 39
  },
  {
    "name": "Require(32) node_modules/_egg-view@2.1.3@egg-view/app/extend/context.js",
    "start": 1611309408571,
    "end": 1611309408572,
    "duration": 1,
    "pid": 14956,
    "index": 40
  },
  {
    "name": "Require(33) node_modules/_egg@2.29.1@egg/app/extend/context.js",
    "start": 1611309408572,
    "end": 1611309408575,
    "duration": 3,
    "pid": 14956,
    "index": 41
  },
  {
    "name": "Load extend/helper.js",
    "start": 1611309408579,
    "end": 1611309408608,
    "duration": 29,
    "pid": 14956,
    "index": 42
  },
  {
    "name": "Require(34) node_modules/_egg-security@2.8.0@egg-security/app/extend/helper.js",
    "start": 1611309408581,
    "end": 1611309408602,
    "duration": 21,
    "pid": 14956,
    "index": 43
  },
  {
    "name": "Require(35) node_modules/_egg@2.29.1@egg/app/extend/helper.js",
    "start": 1611309408605,
    "end": 1611309408605,
    "duration": 0,
    "pid": 14956,
    "index": 44
  },
  {
    "name": "Load app.js",
    "start": 1611309408608,
    "end": 1611309408642,
    "duration": 34,
    "pid": 14956,
    "index": 45
  },
  {
    "name": "Require(36) node_modules/_egg-session@3.2.0@egg-session/app.js",
    "start": 1611309408609,
    "end": 1611309408609,
    "duration": 0,
    "pid": 14956,
    "index": 46
  },
  {
    "name": "Require(37) node_modules/_egg-security@2.8.0@egg-security/app.js",
    "start": 1611309408609,
    "end": 1611309408611,
    "duration": 2,
    "pid": 14956,
    "index": 47
  },
  {
    "name": "Require(38) node_modules/_egg-onerror@2.1.0@egg-onerror/app.js",
    "start": 1611309408612,
    "end": 1611309408623,
    "duration": 11,
    "pid": 14956,
    "index": 48
  },
  {
    "name": "Require(39) node_modules/_egg-i18n@2.1.1@egg-i18n/app.js",
    "start": 1611309408624,
    "end": 1611309408632,
    "duration": 8,
    "pid": 14956,
    "index": 49
  },
  {
    "name": "Require(40) node_modules/_egg-watcher@3.1.1@egg-watcher/app.js",
    "start": 1611309408632,
    "end": 1611309408636,
    "duration": 4,
    "pid": 14956,
    "index": 50
  },
  {
    "name": "Require(41) node_modules/_egg-schedule@3.6.6@egg-schedule/app.js",
    "start": 1611309408636,
    "end": 1611309408638,
    "duration": 2,
    "pid": 14956,
    "index": 51
  },
  {
    "name": "Require(42) node_modules/_egg-multipart@2.10.3@egg-multipart/app.js",
    "start": 1611309408639,
    "end": 1611309408639,
    "duration": 0,
    "pid": 14956,
    "index": 52
  },
  {
    "name": "Require(43) node_modules/_egg-development@2.7.0@egg-development/app.js",
    "start": 1611309408639,
    "end": 1611309408640,
    "duration": 1,
    "pid": 14956,
    "index": 53
  },
  {
    "name": "Require(44) node_modules/_egg-logrotator@3.1.0@egg-logrotator/app.js",
    "start": 1611309408640,
    "end": 1611309408640,
    "duration": 0,
    "pid": 14956,
    "index": 54
  },
  {
    "name": "Require(45) node_modules/_egg-static@2.2.0@egg-static/app.js",
    "start": 1611309408640,
    "end": 1611309408641,
    "duration": 1,
    "pid": 14956,
    "index": 55
  },
  {
    "name": "Require(46) node_modules/_egg-view-ejs@2.0.1@egg-view-ejs/app.js",
    "start": 1611309408641,
    "end": 1611309408641,
    "duration": 0,
    "pid": 14956,
    "index": 56
  },
  {
    "name": "Before Start in node_modules/_egg-watcher@3.1.1@egg-watcher/lib/init.js:15:14",
    "start": 1611309408651,
    "end": 1611309408850,
    "duration": 199,
    "pid": 14956,
    "index": 57
  },
  {
    "name": "Load Service",
    "start": 1611309408684,
    "end": 1611309408688,
    "duration": 4,
    "pid": 14956,
    "index": 58
  },
  {
    "name": "Load \"service\" to Context",
    "start": 1611309408684,
    "end": 1611309408688,
    "duration": 4,
    "pid": 14956,
    "index": 59
  },
  {
    "name": "Load Middleware",
    "start": 1611309408688,
    "end": 1611309408829,
    "duration": 141,
    "pid": 14956,
    "index": 60
  },
  {
    "name": "Load \"middlewares\" to Application",
    "start": 1611309408688,
    "end": 1611309408812,
    "duration": 124,
    "pid": 14956,
    "index": 61
  },
  {
    "name": "Load Controller",
    "start": 1611309408829,
    "end": 1611309408833,
    "duration": 4,
    "pid": 14956,
    "index": 62
  },
  {
    "name": "Load \"controller\" to Application",
    "start": 1611309408829,
    "end": 1611309408833,
    "duration": 4,
    "pid": 14956,
    "index": 63
  },
  {
    "name": "Load Router",
    "start": 1611309408833,
    "end": 1611309408835,
    "duration": 2,
    "pid": 14956,
    "index": 64
  },
  {
    "name": "Require(47) app/router.js",
    "start": 1611309408833,
    "end": 1611309408834,
    "duration": 1,
    "pid": 14956,
    "index": 65
  },
  {
    "name": "Before Start in node_modules/_egg-core@4.20.0@egg-core/lib/egg.js:303:10",
    "start": 1611309408834,
    "end": 1611309408842,
    "duration": 8,
    "pid": 14956,
    "index": 66
  }
]