[
  {
    "name": "Process Start",
    "start": 1611309441735,
    "end": 1611309443155,
    "duration": 1420,
    "pid": 10884,
    "index": 0
  },
  {
    "name": "Application Start",
    "start": 1611309443156,
    "end": 1611309443607,
    "duration": 451,
    "pid": 10884,
    "index": 1
  },
  {
    "name": "Load Plugin",
    "start": 1611309443161,
    "end": 1611309443182,
    "duration": 21,
    "pid": 10884,
    "index": 2
  },
  {
    "name": "Load Config",
    "start": 1611309443182,
    "end": 1611309443204,
    "duration": 22,
    "pid": 10884,
    "index": 3
  },
  {
    "name": "Require(0) config/config.default.js",
    "start": 1611309443182,
    "end": 1611309443183,
    "duration": 1,
    "pid": 10884,
    "index": 4
  },
  {
    "name": "Require(1) node_modules/_egg-session@3.2.0@egg-session/config/config.default.js",
    "start": 1611309443184,
    "end": 1611309443184,
    "duration": 0,
    "pid": 10884,
    "index": 5
  },
  {
    "name": "Require(2) node_modules/_egg-security@2.8.0@egg-security/config/config.default.js",
    "start": 1611309443185,
    "end": 1611309443185,
    "duration": 0,
    "pid": 10884,
    "index": 6
  },
  {
    "name": "Require(3) node_modules/_egg-jsonp@2.0.0@egg-jsonp/config/config.default.js",
    "start": 1611309443186,
    "end": 1611309443187,
    "duration": 1,
    "pid": 10884,
    "index": 7
  },
  {
    "name": "Require(4) node_modules/_egg-onerror@2.1.0@egg-onerror/config/config.default.js",
    "start": 1611309443187,
    "end": 1611309443188,
    "duration": 1,
    "pid": 10884,
    "index": 8
  },
  {
    "name": "Require(5) node_modules/_egg-i18n@2.1.1@egg-i18n/config/config.default.js",
    "start": 1611309443188,
    "end": 1611309443189,
    "duration": 1,
    "pid": 10884,
    "index": 9
  },
  {
    "name": "Require(6) node_modules/_egg-watcher@3.1.1@egg-watcher/config/config.default.js",
    "start": 1611309443189,
    "end": 1611309443190,
    "duration": 1,
    "pid": 10884,
    "index": 10
  },
  {
    "name": "Require(7) node_modules/_egg-schedule@3.6.6@egg-schedule/config/config.default.js",
    "start": 1611309443190,
    "end": 1611309443191,
    "duration": 1,
    "pid": 10884,
    "index": 11
  },
  {
    "name": "Require(8) node_modules/_egg-multipart@2.10.3@egg-multipart/config/config.default.js",
    "start": 1611309443191,
    "end": 1611309443192,
    "duration": 1,
    "pid": 10884,
    "index": 12
  },
  {
    "name": "Require(9) node_modules/_egg-development@2.7.0@egg-development/config/config.default.js",
    "start": 1611309443193,
    "end": 1611309443193,
    "duration": 0,
    "pid": 10884,
    "index": 13
  },
  {
    "name": "Require(10) node_modules/_egg-logrotator@3.1.0@egg-logrotator/config/config.default.js",
    "start": 1611309443194,
    "end": 1611309443195,
    "duration": 1,
    "pid": 10884,
    "index": 14
  },
  {
    "name": "Require(11) node_modules/_egg-static@2.2.0@egg-static/config/config.default.js",
    "start": 1611309443195,
    "end": 1611309443195,
    "duration": 0,
    "pid": 10884,
    "index": 15
  },
  {
    "name": "Require(12) node_modules/_egg-view@2.1.3@egg-view/config/config.default.js",
    "start": 1611309443196,
    "end": 1611309443196,
    "duration": 0,
    "pid": 10884,
    "index": 16
  },
  {
    "name": "Require(13) node_modules/_egg-view-ejs@2.0.1@egg-view-ejs/config/config.default.js",
    "start": 1611309443197,
    "end": 1611309443197,
    "duration": 0,
    "pid": 10884,
    "index": 17
  },
  {
    "name": "Require(14) node_modules/_egg@2.29.1@egg/config/config.default.js",
    "start": 1611309443198,
    "end": 1611309443198,
    "duration": 0,
    "pid": 10884,
    "index": 18
  },
  {
    "name": "Require(15) config/config.default.js",
    "start": 1611309443199,
    "end": 1611309443199,
    "duration": 0,
    "pid": 10884,
    "index": 19
  },
  {
    "name": "Require(16) node_modules/_egg-security@2.8.0@egg-security/config/config.local.js",
    "start": 1611309443200,
    "end": 1611309443200,
    "duration": 0,
    "pid": 10884,
    "index": 20
  },
  {
    "name": "Require(17) node_modules/_egg-watcher@3.1.1@egg-watcher/config/config.local.js",
    "start": 1611309443201,
    "end": 1611309443201,
    "duration": 0,
    "pid": 10884,
    "index": 21
  },
  {
    "name": "Require(18) node_modules/_egg-view@2.1.3@egg-view/config/config.local.js",
    "start": 1611309443202,
    "end": 1611309443203,
    "duration": 1,
    "pid": 10884,
    "index": 22
  },
  {
    "name": "Require(19) node_modules/_egg-view-ejs@2.0.1@egg-view-ejs/config/config.local.js",
    "start": 1611309443203,
    "end": 1611309443203,
    "duration": 0,
    "pid": 10884,
    "index": 23
  },
  {
    "name": "Require(20) node_modules/_egg@2.29.1@egg/config/config.local.js",
    "start": 1611309443204,
    "end": 1611309443204,
    "duration": 0,
    "pid": 10884,
    "index": 24
  },
  {
    "name": "Load extend/application.js",
    "start": 1611309443205,
    "end": 1611309443221,
    "duration": 16,
    "pid": 10884,
    "index": 25
  },
  {
    "name": "Require(21) node_modules/_egg-session@3.2.0@egg-session/app/extend/application.js",
    "start": 1611309443206,
    "end": 1611309443206,
    "duration": 0,
    "pid": 10884,
    "index": 26
  },
  {
    "name": "Require(22) node_modules/_egg-security@2.8.0@egg-security/app/extend/application.js",
    "start": 1611309443207,
    "end": 1611309443208,
    "duration": 1,
    "pid": 10884,
    "index": 27
  },
  {
    "name": "Require(23) node_modules/_egg-jsonp@2.0.0@egg-jsonp/app/extend/application.js",
    "start": 1611309443208,
    "end": 1611309443211,
    "duration": 3,
    "pid": 10884,
    "index": 28
  },
  {
    "name": "Require(24) node_modules/_egg-logrotator@3.1.0@egg-logrotator/app/extend/application.js",
    "start": 1611309443212,
    "end": 1611309443215,
    "duration": 3,
    "pid": 10884,
    "index": 29
  },
  {
    "name": "Require(25) node_modules/_egg-view@2.1.3@egg-view/app/extend/application.js",
    "start": 1611309443216,
    "end": 1611309443217,
    "duration": 1,
    "pid": 10884,
    "index": 30
  },
  {
    "name": "Load extend/request.js",
    "start": 1611309443221,
    "end": 1611309443228,
    "duration": 7,
    "pid": 10884,
    "index": 31
  },
  {
    "name": "Require(26) node_modules/_egg@2.29.1@egg/app/extend/request.js",
    "start": 1611309443224,
    "end": 1611309443225,
    "duration": 1,
    "pid": 10884,
    "index": 32
  },
  {
    "name": "Load extend/response.js",
    "start": 1611309443228,
    "end": 1611309443238,
    "duration": 10,
    "pid": 10884,
    "index": 33
  },
  {
    "name": "Require(27) node_modules/_egg@2.29.1@egg/app/extend/response.js",
    "start": 1611309443232,
    "end": 1611309443235,
    "duration": 3,
    "pid": 10884,
    "index": 34
  },
  {
    "name": "Load extend/context.js",
    "start": 1611309443238,
    "end": 1611309443311,
    "duration": 73,
    "pid": 10884,
    "index": 35
  },
  {
    "name": "Require(28) node_modules/_egg-security@2.8.0@egg-security/app/extend/context.js",
    "start": 1611309443238,
    "end": 1611309443253,
    "duration": 15,
    "pid": 10884,
    "index": 36
  },
  {
    "name": "Require(29) node_modules/_egg-jsonp@2.0.0@egg-jsonp/app/extend/context.js",
    "start": 1611309443253,
    "end": 1611309443255,
    "duration": 2,
    "pid": 10884,
    "index": 37
  },
  {
    "name": "Require(30) node_modules/_egg-i18n@2.1.1@egg-i18n/app/extend/context.js",
    "start": 1611309443255,
    "end": 1611309443256,
    "duration": 1,
    "pid": 10884,
    "index": 38
  },
  {
    "name": "Require(31) node_modules/_egg-multipart@2.10.3@egg-multipart/app/extend/context.js",
    "start": 1611309443256,
    "end": 1611309443304,
    "duration": 48,
    "pid": 10884,
    "index": 39
  },
  {
    "name": "Require(32) node_modules/_egg-view@2.1.3@egg-view/app/extend/context.js",
    "start": 1611309443305,
    "end": 1611309443306,
    "duration": 1,
    "pid": 10884,
    "index": 40
  },
  {
    "name": "Require(33) node_modules/_egg@2.29.1@egg/app/extend/context.js",
    "start": 1611309443306,
    "end": 1611309443308,
    "duration": 2,
    "pid": 10884,
    "index": 41
  },
  {
    "name": "Load extend/helper.js",
    "start": 1611309443311,
    "end": 1611309443333,
    "duration": 22,
    "pid": 10884,
    "index": 42
  },
  {
    "name": "Require(34) node_modules/_egg-security@2.8.0@egg-security/app/extend/helper.js",
    "start": 1611309443312,
    "end": 1611309443327,
    "duration": 15,
    "pid": 10884,
    "index": 43
  },
  {
    "name": "Require(35) node_modules/_egg@2.29.1@egg/app/extend/helper.js",
    "start": 1611309443330,
    "end": 1611309443330,
    "duration": 0,
    "pid": 10884,
    "index": 44
  },
  {
    "name": "Load app.js",
    "start": 1611309443333,
    "end": 1611309443367,
    "duration": 34,
    "pid": 10884,
    "index": 45
  },
  {
    "name": "Require(36) node_modules/_egg-session@3.2.0@egg-session/app.js",
    "start": 1611309443334,
    "end": 1611309443334,
    "duration": 0,
    "pid": 10884,
    "index": 46
  },
  {
    "name": "Require(37) node_modules/_egg-security@2.8.0@egg-security/app.js",
    "start": 1611309443334,
    "end": 1611309443336,
    "duration": 2,
    "pid": 10884,
    "index": 47
  },
  {
    "name": "Require(38) node_modules/_egg-onerror@2.1.0@egg-onerror/app.js",
    "start": 1611309443337,
    "end": 1611309443347,
    "duration": 10,
    "pid": 10884,
    "index": 48
  },
  {
    "name": "Require(39) node_modules/_egg-i18n@2.1.1@egg-i18n/app.js",
    "start": 1611309443348,
    "end": 1611309443355,
    "duration": 7,
    "pid": 10884,
    "index": 49
  },
  {
    "name": "Require(40) node_modules/_egg-watcher@3.1.1@egg-watcher/app.js",
    "start": 1611309443356,
    "end": 1611309443360,
    "duration": 4,
    "pid": 10884,
    "index": 50
  },
  {
    "name": "Require(41) node_modules/_egg-schedule@3.6.6@egg-schedule/app.js",
    "start": 1611309443361,
    "end": 1611309443363,
    "duration": 2,
    "pid": 10884,
    "index": 51
  },
  {
    "name": "Require(42) node_modules/_egg-multipart@2.10.3@egg-multipart/app.js",
    "start": 1611309443363,
    "end": 1611309443363,
    "duration": 0,
    "pid": 10884,
    "index": 52
  },
  {
    "name": "Require(43) node_modules/_egg-development@2.7.0@egg-development/app.js",
    "start": 1611309443364,
    "end": 1611309443364,
    "duration": 0,
    "pid": 10884,
    "index": 53
  },
  {
    "name": "Require(44) node_modules/_egg-logrotator@3.1.0@egg-logrotator/app.js",
    "start": 1611309443364,
    "end": 1611309443365,
    "duration": 1,
    "pid": 10884,
    "index": 54
  },
  {
    "name": "Require(45) node_modules/_egg-static@2.2.0@egg-static/app.js",
    "start": 1611309443365,
    "end": 1611309443365,
    "duration": 0,
    "pid": 10884,
    "index": 55
  },
  {
    "name": "Require(46) node_modules/_egg-view-ejs@2.0.1@egg-view-ejs/app.js",
    "start": 1611309443366,
    "end": 1611309443366,
    "duration": 0,
    "pid": 10884,
    "index": 56
  },
  {
    "name": "Before Start in node_modules/_egg-watcher@3.1.1@egg-watcher/lib/init.js:15:14",
    "start": 1611309443375,
    "end": 1611309443607,
    "duration": 232,
    "pid": 10884,
    "index": 57
  },
  {
    "name": "Load Service",
    "start": 1611309443409,
    "end": 1611309443414,
    "duration": 5,
    "pid": 10884,
    "index": 58
  },
  {
    "name": "Load \"service\" to Context",
    "start": 1611309443410,
    "end": 1611309443414,
    "duration": 4,
    "pid": 10884,
    "index": 59
  },
  {
    "name": "Load Middleware",
    "start": 1611309443414,
    "end": 1611309443582,
    "duration": 168,
    "pid": 10884,
    "index": 60
  },
  {
    "name": "Load \"middlewares\" to Application",
    "start": 1611309443414,
    "end": 1611309443561,
    "duration": 147,
    "pid": 10884,
    "index": 61
  },
  {
    "name": "Load Controller",
    "start": 1611309443582,
    "end": 1611309443587,
    "duration": 5,
    "pid": 10884,
    "index": 62
  },
  {
    "name": "Load \"controller\" to Application",
    "start": 1611309443582,
    "end": 1611309443587,
    "duration": 5,
    "pid": 10884,
    "index": 63
  },
  {
    "name": "Load Router",
    "start": 1611309443587,
    "end": 1611309443589,
    "duration": 2,
    "pid": 10884,
    "index": 64
  },
  {
    "name": "Require(47) app/router.js",
    "start": 1611309443587,
    "end": 1611309443587,
    "duration": 0,
    "pid": 10884,
    "index": 65
  },
  {
    "name": "Before Start in node_modules/_egg-core@4.20.0@egg-core/lib/egg.js:303:10",
    "start": 1611309443588,
    "end": 1611309443597,
    "duration": 9,
    "pid": 10884,
    "index": 66
  }
]