[
  {
    "name": "Process Start",
    "start": 1611309375872,
    "end": 1611309376984,
    "duration": 1112,
    "pid": 19552,
    "index": 0
  },
  {
    "name": "Application Start",
    "start": 1611309376985,
    "end": 1611309377392,
    "duration": 407,
    "pid": 19552,
    "index": 1
  },
  {
    "name": "Load Plugin",
    "start": 1611309376989,
    "end": 1611309377014,
    "duration": 25,
    "pid": 19552,
    "index": 2
  },
  {
    "name": "Load Config",
    "start": 1611309377014,
    "end": 1611309377038,
    "duration": 24,
    "pid": 19552,
    "index": 3
  },
  {
    "name": "Require(0) config/config.default.js",
    "start": 1611309377015,
    "end": 1611309377015,
    "duration": 0,
    "pid": 19552,
    "index": 4
  },
  {
    "name": "Require(1) node_modules/_egg-session@3.2.0@egg-session/config/config.default.js",
    "start": 1611309377016,
    "end": 1611309377017,
    "duration": 1,
    "pid": 19552,
    "index": 5
  },
  {
    "name": "Require(2) node_modules/_egg-security@2.8.0@egg-security/config/config.default.js",
    "start": 1611309377017,
    "end": 1611309377018,
    "duration": 1,
    "pid": 19552,
    "index": 6
  },
  {
    "name": "Require(3) node_modules/_egg-jsonp@2.0.0@egg-jsonp/config/config.default.js",
    "start": 1611309377019,
    "end": 1611309377020,
    "duration": 1,
    "pid": 19552,
    "index": 7
  },
  {
    "name": "Require(4) node_modules/_egg-onerror@2.1.0@egg-onerror/config/config.default.js",
    "start": 1611309377021,
    "end": 1611309377021,
    "duration": 0,
    "pid": 19552,
    "index": 8
  },
  {
    "name": "Require(5) node_modules/_egg-i18n@2.1.1@egg-i18n/config/config.default.js",
    "start": 1611309377022,
    "end": 1611309377022,
    "duration": 0,
    "pid": 19552,
    "index": 9
  },
  {
    "name": "Require(6) node_modules/_egg-watcher@3.1.1@egg-watcher/config/config.default.js",
    "start": 1611309377023,
    "end": 1611309377023,
    "duration": 0,
    "pid": 19552,
    "index": 10
  },
  {
    "name": "Require(7) node_modules/_egg-schedule@3.6.6@egg-schedule/config/config.default.js",
    "start": 1611309377024,
    "end": 1611309377024,
    "duration": 0,
    "pid": 19552,
    "index": 11
  },
  {
    "name": "Require(8) node_modules/_egg-multipart@2.10.3@egg-multipart/config/config.default.js",
    "start": 1611309377025,
    "end": 1611309377025,
    "duration": 0,
    "pid": 19552,
    "index": 12
  },
  {
    "name": "Require(9) node_modules/_egg-development@2.7.0@egg-development/config/config.default.js",
    "start": 1611309377026,
    "end": 1611309377026,
    "duration": 0,
    "pid": 19552,
    "index": 13
  },
  {
    "name": "Require(10) node_modules/_egg-logrotator@3.1.0@egg-logrotator/config/config.default.js",
    "start": 1611309377027,
    "end": 1611309377027,
    "duration": 0,
    "pid": 19552,
    "index": 14
  },
  {
    "name": "Require(11) node_modules/_egg-static@2.2.0@egg-static/config/config.default.js",
    "start": 1611309377027,
    "end": 1611309377028,
    "duration": 1,
    "pid": 19552,
    "index": 15
  },
  {
    "name": "Require(12) node_modules/_egg-view@2.1.3@egg-view/config/config.default.js",
    "start": 1611309377028,
    "end": 1611309377029,
    "duration": 1,
    "pid": 19552,
    "index": 16
  },
  {
    "name": "Require(13) node_modules/_egg-view-ejs@2.0.1@egg-view-ejs/config/config.default.js",
    "start": 1611309377029,
    "end": 1611309377030,
    "duration": 1,
    "pid": 19552,
    "index": 17
  },
  {
    "name": "Require(14) node_modules/_egg@2.29.1@egg/config/config.default.js",
    "start": 1611309377030,
    "end": 1611309377030,
    "duration": 0,
    "pid": 19552,
    "index": 18
  },
  {
    "name": "Require(15) config/config.default.js",
    "start": 1611309377032,
    "end": 1611309377032,
    "duration": 0,
    "pid": 19552,
    "index": 19
  },
  {
    "name": "Require(16) node_modules/_egg-security@2.8.0@egg-security/config/config.local.js",
    "start": 1611309377032,
    "end": 1611309377033,
    "duration": 1,
    "pid": 19552,
    "index": 20
  },
  {
    "name": "Require(17) node_modules/_egg-watcher@3.1.1@egg-watcher/config/config.local.js",
    "start": 1611309377034,
    "end": 1611309377034,
    "duration": 0,
    "pid": 19552,
    "index": 21
  },
  {
    "name": "Require(18) node_modules/_egg-view@2.1.3@egg-view/config/config.local.js",
    "start": 1611309377036,
    "end": 1611309377036,
    "duration": 0,
    "pid": 19552,
    "index": 22
  },
  {
    "name": "Require(19) node_modules/_egg-view-ejs@2.0.1@egg-view-ejs/config/config.local.js",
    "start": 1611309377037,
    "end": 1611309377037,
    "duration": 0,
    "pid": 19552,
    "index": 23
  },
  {
    "name": "Require(20) node_modules/_egg@2.29.1@egg/config/config.local.js",
    "start": 1611309377037,
    "end": 1611309377038,
    "duration": 1,
    "pid": 19552,
    "index": 24
  },
  {
    "name": "Load extend/application.js",
    "start": 1611309377039,
    "end": 1611309377056,
    "duration": 17,
    "pid": 19552,
    "index": 25
  },
  {
    "name": "Require(21) node_modules/_egg-session@3.2.0@egg-session/app/extend/application.js",
    "start": 1611309377039,
    "end": 1611309377040,
    "duration": 1,
    "pid": 19552,
    "index": 26
  },
  {
    "name": "Require(22) node_modules/_egg-security@2.8.0@egg-security/app/extend/application.js",
    "start": 1611309377040,
    "end": 1611309377041,
    "duration": 1,
    "pid": 19552,
    "index": 27
  },
  {
    "name": "Require(23) node_modules/_egg-jsonp@2.0.0@egg-jsonp/app/extend/application.js",
    "start": 1611309377042,
    "end": 1611309377044,
    "duration": 2,
    "pid": 19552,
    "index": 28
  },
  {
    "name": "Require(24) node_modules/_egg-logrotator@3.1.0@egg-logrotator/app/extend/application.js",
    "start": 1611309377046,
    "end": 1611309377049,
    "duration": 3,
    "pid": 19552,
    "index": 29
  },
  {
    "name": "Require(25) node_modules/_egg-view@2.1.3@egg-view/app/extend/application.js",
    "start": 1611309377049,
    "end": 1611309377051,
    "duration": 2,
    "pid": 19552,
    "index": 30
  },
  {
    "name": "Load extend/request.js",
    "start": 1611309377056,
    "end": 1611309377065,
    "duration": 9,
    "pid": 19552,
    "index": 31
  },
  {
    "name": "Require(26) node_modules/_egg@2.29.1@egg/app/extend/request.js",
    "start": 1611309377059,
    "end": 1611309377060,
    "duration": 1,
    "pid": 19552,
    "index": 32
  },
  {
    "name": "Load extend/response.js",
    "start": 1611309377065,
    "end": 1611309377074,
    "duration": 9,
    "pid": 19552,
    "index": 33
  },
  {
    "name": "Require(27) node_modules/_egg@2.29.1@egg/app/extend/response.js",
    "start": 1611309377068,
    "end": 1611309377071,
    "duration": 3,
    "pid": 19552,
    "index": 34
  },
  {
    "name": "Load extend/context.js",
    "start": 1611309377074,
    "end": 1611309377144,
    "duration": 70,
    "pid": 19552,
    "index": 35
  },
  {
    "name": "Require(28) node_modules/_egg-security@2.8.0@egg-security/app/extend/context.js",
    "start": 1611309377074,
    "end": 1611309377088,
    "duration": 14,
    "pid": 19552,
    "index": 36
  },
  {
    "name": "Require(29) node_modules/_egg-jsonp@2.0.0@egg-jsonp/app/extend/context.js",
    "start": 1611309377088,
    "end": 1611309377090,
    "duration": 2,
    "pid": 19552,
    "index": 37
  },
  {
    "name": "Require(30) node_modules/_egg-i18n@2.1.1@egg-i18n/app/extend/context.js",
    "start": 1611309377090,
    "end": 1611309377090,
    "duration": 0,
    "pid": 19552,
    "index": 38
  },
  {
    "name": "Require(31) node_modules/_egg-multipart@2.10.3@egg-multipart/app/extend/context.js",
    "start": 1611309377091,
    "end": 1611309377137,
    "duration": 46,
    "pid": 19552,
    "index": 39
  },
  {
    "name": "Require(32) node_modules/_egg-view@2.1.3@egg-view/app/extend/context.js",
    "start": 1611309377138,
    "end": 1611309377139,
    "duration": 1,
    "pid": 19552,
    "index": 40
  },
  {
    "name": "Require(33) node_modules/_egg@2.29.1@egg/app/extend/context.js",
    "start": 1611309377140,
    "end": 1611309377141,
    "duration": 1,
    "pid": 19552,
    "index": 41
  },
  {
    "name": "Load extend/helper.js",
    "start": 1611309377144,
    "end": 1611309377165,
    "duration": 21,
    "pid": 19552,
    "index": 42
  },
  {
    "name": "Require(34) node_modules/_egg-security@2.8.0@egg-security/app/extend/helper.js",
    "start": 1611309377144,
    "end": 1611309377160,
    "duration": 16,
    "pid": 19552,
    "index": 43
  },
  {
    "name": "Require(35) node_modules/_egg@2.29.1@egg/app/extend/helper.js",
    "start": 1611309377162,
    "end": 1611309377162,
    "duration": 0,
    "pid": 19552,
    "index": 44
  },
  {
    "name": "Load app.js",
    "start": 1611309377165,
    "end": 1611309377197,
    "duration": 32,
    "pid": 19552,
    "index": 45
  },
  {
    "name": "Require(36) node_modules/_egg-session@3.2.0@egg-session/app.js",
    "start": 1611309377166,
    "end": 1611309377166,
    "duration": 0,
    "pid": 19552,
    "index": 46
  },
  {
    "name": "Require(37) node_modules/_egg-security@2.8.0@egg-security/app.js",
    "start": 1611309377166,
    "end": 1611309377168,
    "duration": 2,
    "pid": 19552,
    "index": 47
  },
  {
    "name": "Require(38) node_modules/_egg-onerror@2.1.0@egg-onerror/app.js",
    "start": 1611309377169,
    "end": 1611309377179,
    "duration": 10,
    "pid": 19552,
    "index": 48
  },
  {
    "name": "Require(39) node_modules/_egg-i18n@2.1.1@egg-i18n/app.js",
    "start": 1611309377179,
    "end": 1611309377186,
    "duration": 7,
    "pid": 19552,
    "index": 49
  },
  {
    "name": "Require(40) node_modules/_egg-watcher@3.1.1@egg-watcher/app.js",
    "start": 1611309377187,
    "end": 1611309377191,
    "duration": 4,
    "pid": 19552,
    "index": 50
  },
  {
    "name": "Require(41) node_modules/_egg-schedule@3.6.6@egg-schedule/app.js",
    "start": 1611309377191,
    "end": 1611309377193,
    "duration": 2,
    "pid": 19552,
    "index": 51
  },
  {
    "name": "Require(42) node_modules/_egg-multipart@2.10.3@egg-multipart/app.js",
    "start": 1611309377194,
    "end": 1611309377194,
    "duration": 0,
    "pid": 19552,
    "index": 52
  },
  {
    "name": "Require(43) node_modules/_egg-development@2.7.0@egg-development/app.js",
    "start": 1611309377194,
    "end": 1611309377195,
    "duration": 1,
    "pid": 19552,
    "index": 53
  },
  {
    "name": "Require(44) node_modules/_egg-logrotator@3.1.0@egg-logrotator/app.js",
    "start": 1611309377195,
    "end": 1611309377195,
    "duration": 0,
    "pid": 19552,
    "index": 54
  },
  {
    "name": "Require(45) node_modules/_egg-static@2.2.0@egg-static/app.js",
    "start": 1611309377195,
    "end": 1611309377196,
    "duration": 1,
    "pid": 19552,
    "index": 55
  },
  {
    "name": "Require(46) node_modules/_egg-view-ejs@2.0.1@egg-view-ejs/app.js",
    "start": 1611309377196,
    "end": 1611309377197,
    "duration": 1,
    "pid": 19552,
    "index": 56
  },
  {
    "name": "Before Start in node_modules/_egg-watcher@3.1.1@egg-watcher/lib/init.js:15:14",
    "start": 1611309377206,
    "end": 1611309377392,
    "duration": 186,
    "pid": 19552,
    "index": 57
  },
  {
    "name": "Load Service",
    "start": 1611309377237,
    "end": 1611309377242,
    "duration": 5,
    "pid": 19552,
    "index": 58
  },
  {
    "name": "Load \"service\" to Context",
    "start": 1611309377237,
    "end": 1611309377242,
    "duration": 5,
    "pid": 19552,
    "index": 59
  },
  {
    "name": "Load Middleware",
    "start": 1611309377242,
    "end": 1611309377371,
    "duration": 129,
    "pid": 19552,
    "index": 60
  },
  {
    "name": "Load \"middlewares\" to Application",
    "start": 1611309377242,
    "end": 1611309377358,
    "duration": 116,
    "pid": 19552,
    "index": 61
  },
  {
    "name": "Load Controller",
    "start": 1611309377371,
    "end": 1611309377374,
    "duration": 3,
    "pid": 19552,
    "index": 62
  },
  {
    "name": "Load \"controller\" to Application",
    "start": 1611309377371,
    "end": 1611309377374,
    "duration": 3,
    "pid": 19552,
    "index": 63
  },
  {
    "name": "Load Router",
    "start": 1611309377374,
    "end": 1611309377376,
    "duration": 2,
    "pid": 19552,
    "index": 64
  },
  {
    "name": "Require(47) app/router.js",
    "start": 1611309377375,
    "end": 1611309377375,
    "duration": 0,
    "pid": 19552,
    "index": 65
  },
  {
    "name": "Before Start in node_modules/_egg-core@4.20.0@egg-core/lib/egg.js:303:10",
    "start": 1611309377375,
    "end": 1611309377382,
    "duration": 7,
    "pid": 19552,
    "index": 66
  }
]