[
  {
    "name": "Process Start",
    "start": 1611307721720,
    "end": 1611307723046,
    "duration": 1326,
    "pid": 7504,
    "index": 0
  },
  {
    "name": "Application Start",
    "start": 1611307723047,
    "end": 1611307723555,
    "duration": 508,
    "pid": 7504,
    "index": 1
  },
  {
    "name": "Load Plugin",
    "start": 1611307723051,
    "end": 1611307723074,
    "duration": 23,
    "pid": 7504,
    "index": 2
  },
  {
    "name": "Load Config",
    "start": 1611307723074,
    "end": 1611307723100,
    "duration": 26,
    "pid": 7504,
    "index": 3
  },
  {
    "name": "Require(0) config/config.default.js",
    "start": 1611307723075,
    "end": 1611307723075,
    "duration": 0,
    "pid": 7504,
    "index": 4
  },
  {
    "name": "Require(1) node_modules/_egg-session@3.2.0@egg-session/config/config.default.js",
    "start": 1611307723077,
    "end": 1611307723077,
    "duration": 0,
    "pid": 7504,
    "index": 5
  },
  {
    "name": "Require(2) node_modules/_egg-security@2.8.0@egg-security/config/config.default.js",
    "start": 1611307723078,
    "end": 1611307723078,
    "duration": 0,
    "pid": 7504,
    "index": 6
  },
  {
    "name": "Require(3) node_modules/_egg-jsonp@2.0.0@egg-jsonp/config/config.default.js",
    "start": 1611307723079,
    "end": 1611307723080,
    "duration": 1,
    "pid": 7504,
    "index": 7
  },
  {
    "name": "Require(4) node_modules/_egg-onerror@2.1.0@egg-onerror/config/config.default.js",
    "start": 1611307723080,
    "end": 1611307723081,
    "duration": 1,
    "pid": 7504,
    "index": 8
  },
  {
    "name": "Require(5) node_modules/_egg-i18n@2.1.1@egg-i18n/config/config.default.js",
    "start": 1611307723082,
    "end": 1611307723082,
    "duration": 0,
    "pid": 7504,
    "index": 9
  },
  {
    "name": "Require(6) node_modules/_egg-watcher@3.1.1@egg-watcher/config/config.default.js",
    "start": 1611307723083,
    "end": 1611307723084,
    "duration": 1,
    "pid": 7504,
    "index": 10
  },
  {
    "name": "Require(7) node_modules/_egg-schedule@3.6.6@egg-schedule/config/config.default.js",
    "start": 1611307723084,
    "end": 1611307723085,
    "duration": 1,
    "pid": 7504,
    "index": 11
  },
  {
    "name": "Require(8) node_modules/_egg-multipart@2.10.3@egg-multipart/config/config.default.js",
    "start": 1611307723085,
    "end": 1611307723086,
    "duration": 1,
    "pid": 7504,
    "index": 12
  },
  {
    "name": "Require(9) node_modules/_egg-development@2.7.0@egg-development/config/config.default.js",
    "start": 1611307723087,
    "end": 1611307723087,
    "duration": 0,
    "pid": 7504,
    "index": 13
  },
  {
    "name": "Require(10) node_modules/_egg-logrotator@3.1.0@egg-logrotator/config/config.default.js",
    "start": 1611307723088,
    "end": 1611307723088,
    "duration": 0,
    "pid": 7504,
    "index": 14
  },
  {
    "name": "Require(11) node_modules/_egg-static@2.2.0@egg-static/config/config.default.js",
    "start": 1611307723089,
    "end": 1611307723089,
    "duration": 0,
    "pid": 7504,
    "index": 15
  },
  {
    "name": "Require(12) node_modules/_egg-view@2.1.3@egg-view/config/config.default.js",
    "start": 1611307723090,
    "end": 1611307723090,
    "duration": 0,
    "pid": 7504,
    "index": 16
  },
  {
    "name": "Require(13) node_modules/_egg-view-ejs@2.0.1@egg-view-ejs/config/config.default.js",
    "start": 1611307723091,
    "end": 1611307723092,
    "duration": 1,
    "pid": 7504,
    "index": 17
  },
  {
    "name": "Require(14) node_modules/_egg@2.29.1@egg/config/config.default.js",
    "start": 1611307723092,
    "end": 1611307723093,
    "duration": 1,
    "pid": 7504,
    "index": 18
  },
  {
    "name": "Require(15) config/config.default.js",
    "start": 1611307723094,
    "end": 1611307723094,
    "duration": 0,
    "pid": 7504,
    "index": 19
  },
  {
    "name": "Require(16) node_modules/_egg-security@2.8.0@egg-security/config/config.local.js",
    "start": 1611307723094,
    "end": 1611307723095,
    "duration": 1,
    "pid": 7504,
    "index": 20
  },
  {
    "name": "Require(17) node_modules/_egg-watcher@3.1.1@egg-watcher/config/config.local.js",
    "start": 1611307723096,
    "end": 1611307723096,
    "duration": 0,
    "pid": 7504,
    "index": 21
  },
  {
    "name": "Require(18) node_modules/_egg-view@2.1.3@egg-view/config/config.local.js",
    "start": 1611307723098,
    "end": 1611307723098,
    "duration": 0,
    "pid": 7504,
    "index": 22
  },
  {
    "name": "Require(19) node_modules/_egg-view-ejs@2.0.1@egg-view-ejs/config/config.local.js",
    "start": 1611307723099,
    "end": 1611307723099,
    "duration": 0,
    "pid": 7504,
    "index": 23
  },
  {
    "name": "Require(20) node_modules/_egg@2.29.1@egg/config/config.local.js",
    "start": 1611307723099,
    "end": 1611307723100,
    "duration": 1,
    "pid": 7504,
    "index": 24
  },
  {
    "name": "Load extend/application.js",
    "start": 1611307723101,
    "end": 1611307723120,
    "duration": 19,
    "pid": 7504,
    "index": 25
  },
  {
    "name": "Require(21) node_modules/_egg-session@3.2.0@egg-session/app/extend/application.js",
    "start": 1611307723102,
    "end": 1611307723102,
    "duration": 0,
    "pid": 7504,
    "index": 26
  },
  {
    "name": "Require(22) node_modules/_egg-security@2.8.0@egg-security/app/extend/application.js",
    "start": 1611307723103,
    "end": 1611307723104,
    "duration": 1,
    "pid": 7504,
    "index": 27
  },
  {
    "name": "Require(23) node_modules/_egg-jsonp@2.0.0@egg-jsonp/app/extend/application.js",
    "start": 1611307723104,
    "end": 1611307723107,
    "duration": 3,
    "pid": 7504,
    "index": 28
  },
  {
    "name": "Require(24) node_modules/_egg-logrotator@3.1.0@egg-logrotator/app/extend/application.js",
    "start": 1611307723109,
    "end": 1611307723112,
    "duration": 3,
    "pid": 7504,
    "index": 29
  },
  {
    "name": "Require(25) node_modules/_egg-view@2.1.3@egg-view/app/extend/application.js",
    "start": 1611307723113,
    "end": 1611307723115,
    "duration": 2,
    "pid": 7504,
    "index": 30
  },
  {
    "name": "Require(26) app/extend/application.js",
    "start": 1611307723116,
    "end": 1611307723117,
    "duration": 1,
    "pid": 7504,
    "index": 31
  },
  {
    "name": "Load extend/request.js",
    "start": 1611307723120,
    "end": 1611307723131,
    "duration": 11,
    "pid": 7504,
    "index": 32
  },
  {
    "name": "Require(27) node_modules/_egg@2.29.1@egg/app/extend/request.js",
    "start": 1611307723123,
    "end": 1611307723125,
    "duration": 2,
    "pid": 7504,
    "index": 33
  },
  {
    "name": "Require(28) app/extend/request.js",
    "start": 1611307723125,
    "end": 1611307723126,
    "duration": 1,
    "pid": 7504,
    "index": 34
  },
  {
    "name": "Load extend/response.js",
    "start": 1611307723132,
    "end": 1611307723141,
    "duration": 9,
    "pid": 7504,
    "index": 35
  },
  {
    "name": "Require(29) node_modules/_egg@2.29.1@egg/app/extend/response.js",
    "start": 1611307723135,
    "end": 1611307723137,
    "duration": 2,
    "pid": 7504,
    "index": 36
  },
  {
    "name": "Load extend/context.js",
    "start": 1611307723141,
    "end": 1611307723228,
    "duration": 87,
    "pid": 7504,
    "index": 37
  },
  {
    "name": "Require(30) node_modules/_egg-security@2.8.0@egg-security/app/extend/context.js",
    "start": 1611307723142,
    "end": 1611307723158,
    "duration": 16,
    "pid": 7504,
    "index": 38
  },
  {
    "name": "Require(31) node_modules/_egg-jsonp@2.0.0@egg-jsonp/app/extend/context.js",
    "start": 1611307723159,
    "end": 1611307723160,
    "duration": 1,
    "pid": 7504,
    "index": 39
  },
  {
    "name": "Require(32) node_modules/_egg-i18n@2.1.1@egg-i18n/app/extend/context.js",
    "start": 1611307723161,
    "end": 1611307723161,
    "duration": 0,
    "pid": 7504,
    "index": 40
  },
  {
    "name": "Require(33) node_modules/_egg-multipart@2.10.3@egg-multipart/app/extend/context.js",
    "start": 1611307723162,
    "end": 1611307723219,
    "duration": 57,
    "pid": 7504,
    "index": 41
  },
  {
    "name": "Require(34) node_modules/_egg-view@2.1.3@egg-view/app/extend/context.js",
    "start": 1611307723220,
    "end": 1611307723221,
    "duration": 1,
    "pid": 7504,
    "index": 42
  },
  {
    "name": "Require(35) node_modules/_egg@2.29.1@egg/app/extend/context.js",
    "start": 1611307723222,
    "end": 1611307723224,
    "duration": 2,
    "pid": 7504,
    "index": 43
  },
  {
    "name": "Require(36) app/extend/context.js",
    "start": 1611307723224,
    "end": 1611307723224,
    "duration": 0,
    "pid": 7504,
    "index": 44
  },
  {
    "name": "Load extend/helper.js",
    "start": 1611307723228,
    "end": 1611307723261,
    "duration": 33,
    "pid": 7504,
    "index": 45
  },
  {
    "name": "Require(37) node_modules/_egg-security@2.8.0@egg-security/app/extend/helper.js",
    "start": 1611307723229,
    "end": 1611307723251,
    "duration": 22,
    "pid": 7504,
    "index": 46
  },
  {
    "name": "Require(38) node_modules/_egg@2.29.1@egg/app/extend/helper.js",
    "start": 1611307723254,
    "end": 1611307723255,
    "duration": 1,
    "pid": 7504,
    "index": 47
  },
  {
    "name": "Require(39) app/extend/helper.js",
    "start": 1611307723255,
    "end": 1611307723257,
    "duration": 2,
    "pid": 7504,
    "index": 48
  },
  {
    "name": "Load app.js",
    "start": 1611307723262,
    "end": 1611307723307,
    "duration": 45,
    "pid": 7504,
    "index": 49
  },
  {
    "name": "Require(40) node_modules/_egg-session@3.2.0@egg-session/app.js",
    "start": 1611307723262,
    "end": 1611307723262,
    "duration": 0,
    "pid": 7504,
    "index": 50
  },
  {
    "name": "Require(41) node_modules/_egg-security@2.8.0@egg-security/app.js",
    "start": 1611307723263,
    "end": 1611307723266,
    "duration": 3,
    "pid": 7504,
    "index": 51
  },
  {
    "name": "Require(42) node_modules/_egg-onerror@2.1.0@egg-onerror/app.js",
    "start": 1611307723267,
    "end": 1611307723280,
    "duration": 13,
    "pid": 7504,
    "index": 52
  },
  {
    "name": "Require(43) node_modules/_egg-i18n@2.1.1@egg-i18n/app.js",
    "start": 1611307723280,
    "end": 1611307723290,
    "duration": 10,
    "pid": 7504,
    "index": 53
  },
  {
    "name": "Require(44) node_modules/_egg-watcher@3.1.1@egg-watcher/app.js",
    "start": 1611307723291,
    "end": 1611307723296,
    "duration": 5,
    "pid": 7504,
    "index": 54
  },
  {
    "name": "Require(45) node_modules/_egg-schedule@3.6.6@egg-schedule/app.js",
    "start": 1611307723297,
    "end": 1611307723300,
    "duration": 3,
    "pid": 7504,
    "index": 55
  },
  {
    "name": "Require(46) node_modules/_egg-multipart@2.10.3@egg-multipart/app.js",
    "start": 1611307723301,
    "end": 1611307723301,
    "duration": 0,
    "pid": 7504,
    "index": 56
  },
  {
    "name": "Require(47) node_modules/_egg-development@2.7.0@egg-development/app.js",
    "start": 1611307723302,
    "end": 1611307723302,
    "duration": 0,
    "pid": 7504,
    "index": 57
  },
  {
    "name": "Require(48) node_modules/_egg-logrotator@3.1.0@egg-logrotator/app.js",
    "start": 1611307723303,
    "end": 1611307723303,
    "duration": 0,
    "pid": 7504,
    "index": 58
  },
  {
    "name": "Require(49) node_modules/_egg-static@2.2.0@egg-static/app.js",
    "start": 1611307723303,
    "end": 1611307723304,
    "duration": 1,
    "pid": 7504,
    "index": 59
  },
  {
    "name": "Require(50) node_modules/_egg-view-ejs@2.0.1@egg-view-ejs/app.js",
    "start": 1611307723305,
    "end": 1611307723306,
    "duration": 1,
    "pid": 7504,
    "index": 60
  },
  {
    "name": "Before Start in node_modules/_egg-watcher@3.1.1@egg-watcher/lib/init.js:15:14",
    "start": 1611307723318,
    "end": 1611307723555,
    "duration": 237,
    "pid": 7504,
    "index": 61
  },
  {
    "name": "Load Service",
    "start": 1611307723360,
    "end": 1611307723367,
    "duration": 7,
    "pid": 7504,
    "index": 62
  },
  {
    "name": "Load \"service\" to Context",
    "start": 1611307723360,
    "end": 1611307723367,
    "duration": 7,
    "pid": 7504,
    "index": 63
  },
  {
    "name": "Load Middleware",
    "start": 1611307723367,
    "end": 1611307723531,
    "duration": 164,
    "pid": 7504,
    "index": 64
  },
  {
    "name": "Load \"middlewares\" to Application",
    "start": 1611307723370,
    "end": 1611307723512,
    "duration": 142,
    "pid": 7504,
    "index": 65
  },
  {
    "name": "Load Controller",
    "start": 1611307723531,
    "end": 1611307723535,
    "duration": 4,
    "pid": 7504,
    "index": 66
  },
  {
    "name": "Load \"controller\" to Application",
    "start": 1611307723532,
    "end": 1611307723535,
    "duration": 3,
    "pid": 7504,
    "index": 67
  },
  {
    "name": "Load Router",
    "start": 1611307723535,
    "end": 1611307723537,
    "duration": 2,
    "pid": 7504,
    "index": 68
  },
  {
    "name": "Require(51) app/router.js",
    "start": 1611307723535,
    "end": 1611307723536,
    "duration": 1,
    "pid": 7504,
    "index": 69
  },
  {
    "name": "Before Start in node_modules/_egg-core@4.20.0@egg-core/lib/egg.js:303:10",
    "start": 1611307723536,
    "end": 1611307723545,
    "duration": 9,
    "pid": 7504,
    "index": 70
  }
]