[
  {
    "name": "Process Start",
    "start": 1611307718613,
    "end": 1611307720173,
    "duration": 1560,
    "pid": 10632,
    "index": 0
  },
  {
    "name": "Application Start",
    "start": 1611307720174,
    "end": 1611307721877,
    "duration": 1703,
    "pid": 10632,
    "index": 1
  },
  {
    "name": "Load Plugin",
    "start": 1611307720180,
    "end": 1611307720206,
    "duration": 26,
    "pid": 10632,
    "index": 2
  },
  {
    "name": "Load Config",
    "start": 1611307720206,
    "end": 1611307720235,
    "duration": 29,
    "pid": 10632,
    "index": 3
  },
  {
    "name": "Require(0) config/config.default.js",
    "start": 1611307720207,
    "end": 1611307720208,
    "duration": 1,
    "pid": 10632,
    "index": 4
  },
  {
    "name": "Require(1) node_modules/_egg-session@3.2.0@egg-session/config/config.default.js",
    "start": 1611307720209,
    "end": 1611307720210,
    "duration": 1,
    "pid": 10632,
    "index": 5
  },
  {
    "name": "Require(2) node_modules/_egg-security@2.8.0@egg-security/config/config.default.js",
    "start": 1611307720210,
    "end": 1611307720211,
    "duration": 1,
    "pid": 10632,
    "index": 6
  },
  {
    "name": "Require(3) node_modules/_egg-jsonp@2.0.0@egg-jsonp/config/config.default.js",
    "start": 1611307720212,
    "end": 1611307720213,
    "duration": 1,
    "pid": 10632,
    "index": 7
  },
  {
    "name": "Require(4) node_modules/_egg-onerror@2.1.0@egg-onerror/config/config.default.js",
    "start": 1611307720213,
    "end": 1611307720214,
    "duration": 1,
    "pid": 10632,
    "index": 8
  },
  {
    "name": "Require(5) node_modules/_egg-i18n@2.1.1@egg-i18n/config/config.default.js",
    "start": 1611307720215,
    "end": 1611307720215,
    "duration": 0,
    "pid": 10632,
    "index": 9
  },
  {
    "name": "Require(6) node_modules/_egg-watcher@3.1.1@egg-watcher/config/config.default.js",
    "start": 1611307720216,
    "end": 1611307720217,
    "duration": 1,
    "pid": 10632,
    "index": 10
  },
  {
    "name": "Require(7) node_modules/_egg-schedule@3.6.6@egg-schedule/config/config.default.js",
    "start": 1611307720218,
    "end": 1611307720218,
    "duration": 0,
    "pid": 10632,
    "index": 11
  },
  {
    "name": "Require(8) node_modules/_egg-multipart@2.10.3@egg-multipart/config/config.default.js",
    "start": 1611307720219,
    "end": 1611307720220,
    "duration": 1,
    "pid": 10632,
    "index": 12
  },
  {
    "name": "Require(9) node_modules/_egg-development@2.7.0@egg-development/config/config.default.js",
    "start": 1611307720220,
    "end": 1611307720221,
    "duration": 1,
    "pid": 10632,
    "index": 13
  },
  {
    "name": "Require(10) node_modules/_egg-logrotator@3.1.0@egg-logrotator/config/config.default.js",
    "start": 1611307720222,
    "end": 1611307720222,
    "duration": 0,
    "pid": 10632,
    "index": 14
  },
  {
    "name": "Require(11) node_modules/_egg-static@2.2.0@egg-static/config/config.default.js",
    "start": 1611307720223,
    "end": 1611307720223,
    "duration": 0,
    "pid": 10632,
    "index": 15
  },
  {
    "name": "Require(12) node_modules/_egg-view@2.1.3@egg-view/config/config.default.js",
    "start": 1611307720224,
    "end": 1611307720224,
    "duration": 0,
    "pid": 10632,
    "index": 16
  },
  {
    "name": "Require(13) node_modules/_egg-view-ejs@2.0.1@egg-view-ejs/config/config.default.js",
    "start": 1611307720225,
    "end": 1611307720226,
    "duration": 1,
    "pid": 10632,
    "index": 17
  },
  {
    "name": "Require(14) node_modules/_egg@2.29.1@egg/config/config.default.js",
    "start": 1611307720226,
    "end": 1611307720227,
    "duration": 1,
    "pid": 10632,
    "index": 18
  },
  {
    "name": "Require(15) config/config.default.js",
    "start": 1611307720228,
    "end": 1611307720228,
    "duration": 0,
    "pid": 10632,
    "index": 19
  },
  {
    "name": "Require(16) node_modules/_egg-security@2.8.0@egg-security/config/config.local.js",
    "start": 1611307720229,
    "end": 1611307720229,
    "duration": 0,
    "pid": 10632,
    "index": 20
  },
  {
    "name": "Require(17) node_modules/_egg-watcher@3.1.1@egg-watcher/config/config.local.js",
    "start": 1611307720230,
    "end": 1611307720231,
    "duration": 1,
    "pid": 10632,
    "index": 21
  },
  {
    "name": "Require(18) node_modules/_egg-view@2.1.3@egg-view/config/config.local.js",
    "start": 1611307720232,
    "end": 1611307720233,
    "duration": 1,
    "pid": 10632,
    "index": 22
  },
  {
    "name": "Require(19) node_modules/_egg-view-ejs@2.0.1@egg-view-ejs/config/config.local.js",
    "start": 1611307720233,
    "end": 1611307720234,
    "duration": 1,
    "pid": 10632,
    "index": 23
  },
  {
    "name": "Require(20) node_modules/_egg@2.29.1@egg/config/config.local.js",
    "start": 1611307720234,
    "end": 1611307720235,
    "duration": 1,
    "pid": 10632,
    "index": 24
  },
  {
    "name": "Load extend/application.js",
    "start": 1611307720236,
    "end": 1611307720258,
    "duration": 22,
    "pid": 10632,
    "index": 25
  },
  {
    "name": "Require(21) node_modules/_egg-session@3.2.0@egg-session/app/extend/application.js",
    "start": 1611307720237,
    "end": 1611307720237,
    "duration": 0,
    "pid": 10632,
    "index": 26
  },
  {
    "name": "Require(22) node_modules/_egg-security@2.8.0@egg-security/app/extend/application.js",
    "start": 1611307720238,
    "end": 1611307720239,
    "duration": 1,
    "pid": 10632,
    "index": 27
  },
  {
    "name": "Require(23) node_modules/_egg-jsonp@2.0.0@egg-jsonp/app/extend/application.js",
    "start": 1611307720240,
    "end": 1611307720243,
    "duration": 3,
    "pid": 10632,
    "index": 28
  },
  {
    "name": "Require(24) node_modules/_egg-logrotator@3.1.0@egg-logrotator/app/extend/application.js",
    "start": 1611307720245,
    "end": 1611307720248,
    "duration": 3,
    "pid": 10632,
    "index": 29
  },
  {
    "name": "Require(25) node_modules/_egg-view@2.1.3@egg-view/app/extend/application.js",
    "start": 1611307720249,
    "end": 1611307720252,
    "duration": 3,
    "pid": 10632,
    "index": 30
  },
  {
    "name": "Require(26) app/extend/application.js",
    "start": 1611307720253,
    "end": 1611307720254,
    "duration": 1,
    "pid": 10632,
    "index": 31
  },
  {
    "name": "Load extend/request.js",
    "start": 1611307720259,
    "end": 1611307721490,
    "duration": 1231,
    "pid": 10632,
    "index": 32
  },
  {
    "name": "Require(27) node_modules/_egg@2.29.1@egg/app/extend/request.js",
    "start": 1611307720262,
    "end": 1611307720264,
    "duration": 2,
    "pid": 10632,
    "index": 33
  },
  {
    "name": "Require(28) app/extend/request.js",
    "start": 1611307721472,
    "end": 1611307721473,
    "duration": 1,
    "pid": 10632,
    "index": 34
  },
  {
    "name": "Load extend/response.js",
    "start": 1611307721490,
    "end": 1611307721512,
    "duration": 22,
    "pid": 10632,
    "index": 35
  },
  {
    "name": "Require(29) node_modules/_egg@2.29.1@egg/app/extend/response.js",
    "start": 1611307721498,
    "end": 1611307721506,
    "duration": 8,
    "pid": 10632,
    "index": 36
  },
  {
    "name": "Load extend/context.js",
    "start": 1611307721512,
    "end": 1611307721584,
    "duration": 72,
    "pid": 10632,
    "index": 37
  },
  {
    "name": "Require(30) node_modules/_egg-security@2.8.0@egg-security/app/extend/context.js",
    "start": 1611307721512,
    "end": 1611307721525,
    "duration": 13,
    "pid": 10632,
    "index": 38
  },
  {
    "name": "Require(31) node_modules/_egg-jsonp@2.0.0@egg-jsonp/app/extend/context.js",
    "start": 1611307721525,
    "end": 1611307721527,
    "duration": 2,
    "pid": 10632,
    "index": 39
  },
  {
    "name": "Require(32) node_modules/_egg-i18n@2.1.1@egg-i18n/app/extend/context.js",
    "start": 1611307721527,
    "end": 1611307721528,
    "duration": 1,
    "pid": 10632,
    "index": 40
  },
  {
    "name": "Require(33) node_modules/_egg-multipart@2.10.3@egg-multipart/app/extend/context.js",
    "start": 1611307721529,
    "end": 1611307721577,
    "duration": 48,
    "pid": 10632,
    "index": 41
  },
  {
    "name": "Require(34) node_modules/_egg-view@2.1.3@egg-view/app/extend/context.js",
    "start": 1611307721578,
    "end": 1611307721579,
    "duration": 1,
    "pid": 10632,
    "index": 42
  },
  {
    "name": "Require(35) node_modules/_egg@2.29.1@egg/app/extend/context.js",
    "start": 1611307721580,
    "end": 1611307721581,
    "duration": 1,
    "pid": 10632,
    "index": 43
  },
  {
    "name": "Require(36) app/extend/context.js",
    "start": 1611307721581,
    "end": 1611307721582,
    "duration": 1,
    "pid": 10632,
    "index": 44
  },
  {
    "name": "Load extend/helper.js",
    "start": 1611307721585,
    "end": 1611307721610,
    "duration": 25,
    "pid": 10632,
    "index": 45
  },
  {
    "name": "Require(37) node_modules/_egg-security@2.8.0@egg-security/app/extend/helper.js",
    "start": 1611307721585,
    "end": 1611307721603,
    "duration": 18,
    "pid": 10632,
    "index": 46
  },
  {
    "name": "Require(38) node_modules/_egg@2.29.1@egg/app/extend/helper.js",
    "start": 1611307721605,
    "end": 1611307721605,
    "duration": 0,
    "pid": 10632,
    "index": 47
  },
  {
    "name": "Require(39) app/extend/helper.js",
    "start": 1611307721605,
    "end": 1611307721607,
    "duration": 2,
    "pid": 10632,
    "index": 48
  },
  {
    "name": "Load app.js",
    "start": 1611307721610,
    "end": 1611307721647,
    "duration": 37,
    "pid": 10632,
    "index": 49
  },
  {
    "name": "Require(40) node_modules/_egg-session@3.2.0@egg-session/app.js",
    "start": 1611307721611,
    "end": 1611307721611,
    "duration": 0,
    "pid": 10632,
    "index": 50
  },
  {
    "name": "Require(41) node_modules/_egg-security@2.8.0@egg-security/app.js",
    "start": 1611307721612,
    "end": 1611307721613,
    "duration": 1,
    "pid": 10632,
    "index": 51
  },
  {
    "name": "Require(42) node_modules/_egg-onerror@2.1.0@egg-onerror/app.js",
    "start": 1611307721614,
    "end": 1611307721625,
    "duration": 11,
    "pid": 10632,
    "index": 52
  },
  {
    "name": "Require(43) node_modules/_egg-i18n@2.1.1@egg-i18n/app.js",
    "start": 1611307721626,
    "end": 1611307721634,
    "duration": 8,
    "pid": 10632,
    "index": 53
  },
  {
    "name": "Require(44) node_modules/_egg-watcher@3.1.1@egg-watcher/app.js",
    "start": 1611307721635,
    "end": 1611307721639,
    "duration": 4,
    "pid": 10632,
    "index": 54
  },
  {
    "name": "Require(45) node_modules/_egg-schedule@3.6.6@egg-schedule/app.js",
    "start": 1611307721640,
    "end": 1611307721642,
    "duration": 2,
    "pid": 10632,
    "index": 55
  },
  {
    "name": "Require(46) node_modules/_egg-multipart@2.10.3@egg-multipart/app.js",
    "start": 1611307721642,
    "end": 1611307721643,
    "duration": 1,
    "pid": 10632,
    "index": 56
  },
  {
    "name": "Require(47) node_modules/_egg-development@2.7.0@egg-development/app.js",
    "start": 1611307721643,
    "end": 1611307721643,
    "duration": 0,
    "pid": 10632,
    "index": 57
  },
  {
    "name": "Require(48) node_modules/_egg-logrotator@3.1.0@egg-logrotator/app.js",
    "start": 1611307721644,
    "end": 1611307721644,
    "duration": 0,
    "pid": 10632,
    "index": 58
  },
  {
    "name": "Require(49) node_modules/_egg-static@2.2.0@egg-static/app.js",
    "start": 1611307721644,
    "end": 1611307721644,
    "duration": 0,
    "pid": 10632,
    "index": 59
  },
  {
    "name": "Require(50) node_modules/_egg-view-ejs@2.0.1@egg-view-ejs/app.js",
    "start": 1611307721645,
    "end": 1611307721646,
    "duration": 1,
    "pid": 10632,
    "index": 60
  },
  {
    "name": "Before Start in node_modules/_egg-watcher@3.1.1@egg-watcher/lib/init.js:15:14",
    "start": 1611307721656,
    "end": 1611307721877,
    "duration": 221,
    "pid": 10632,
    "index": 61
  },
  {
    "name": "Load Service",
    "start": 1611307721690,
    "end": 1611307721701,
    "duration": 11,
    "pid": 10632,
    "index": 62
  },
  {
    "name": "Load \"service\" to Context",
    "start": 1611307721690,
    "end": 1611307721701,
    "duration": 11,
    "pid": 10632,
    "index": 63
  },
  {
    "name": "Load Middleware",
    "start": 1611307721701,
    "end": 1611307721854,
    "duration": 153,
    "pid": 10632,
    "index": 64
  },
  {
    "name": "Load \"middlewares\" to Application",
    "start": 1611307721701,
    "end": 1611307721836,
    "duration": 135,
    "pid": 10632,
    "index": 65
  },
  {
    "name": "Load Controller",
    "start": 1611307721854,
    "end": 1611307721857,
    "duration": 3,
    "pid": 10632,
    "index": 66
  },
  {
    "name": "Load \"controller\" to Application",
    "start": 1611307721854,
    "end": 1611307721857,
    "duration": 3,
    "pid": 10632,
    "index": 67
  },
  {
    "name": "Load Router",
    "start": 1611307721857,
    "end": 1611307721859,
    "duration": 2,
    "pid": 10632,
    "index": 68
  },
  {
    "name": "Require(51) app/router.js",
    "start": 1611307721857,
    "end": 1611307721858,
    "duration": 1,
    "pid": 10632,
    "index": 69
  },
  {
    "name": "Before Start in node_modules/_egg-core@4.20.0@egg-core/lib/egg.js:303:10",
    "start": 1611307721858,
    "end": 1611307721867,
    "duration": 9,
    "pid": 10632,
    "index": 70
  }
]