[
  {
    "name": "Process Start",
    "start": 1611307755870,
    "end": 1611307757093,
    "duration": 1223,
    "pid": 16992,
    "index": 0
  },
  {
    "name": "Application Start",
    "start": 1611307757094,
    "end": 1611307757518,
    "duration": 424,
    "pid": 16992,
    "index": 1
  },
  {
    "name": "Load Plugin",
    "start": 1611307757098,
    "end": 1611307757118,
    "duration": 20,
    "pid": 16992,
    "index": 2
  },
  {
    "name": "Load Config",
    "start": 1611307757119,
    "end": 1611307757145,
    "duration": 26,
    "pid": 16992,
    "index": 3
  },
  {
    "name": "Require(0) config/config.default.js",
    "start": 1611307757119,
    "end": 1611307757120,
    "duration": 1,
    "pid": 16992,
    "index": 4
  },
  {
    "name": "Require(1) node_modules/_egg-session@3.2.0@egg-session/config/config.default.js",
    "start": 1611307757121,
    "end": 1611307757121,
    "duration": 0,
    "pid": 16992,
    "index": 5
  },
  {
    "name": "Require(2) node_modules/_egg-security@2.8.0@egg-security/config/config.default.js",
    "start": 1611307757122,
    "end": 1611307757122,
    "duration": 0,
    "pid": 16992,
    "index": 6
  },
  {
    "name": "Require(3) node_modules/_egg-jsonp@2.0.0@egg-jsonp/config/config.default.js",
    "start": 1611307757123,
    "end": 1611307757124,
    "duration": 1,
    "pid": 16992,
    "index": 7
  },
  {
    "name": "Require(4) node_modules/_egg-onerror@2.1.0@egg-onerror/config/config.default.js",
    "start": 1611307757124,
    "end": 1611307757125,
    "duration": 1,
    "pid": 16992,
    "index": 8
  },
  {
    "name": "Require(5) node_modules/_egg-i18n@2.1.1@egg-i18n/config/config.default.js",
    "start": 1611307757126,
    "end": 1611307757126,
    "duration": 0,
    "pid": 16992,
    "index": 9
  },
  {
    "name": "Require(6) node_modules/_egg-watcher@3.1.1@egg-watcher/config/config.default.js",
    "start": 1611307757127,
    "end": 1611307757128,
    "duration": 1,
    "pid": 16992,
    "index": 10
  },
  {
    "name": "Require(7) node_modules/_egg-schedule@3.6.6@egg-schedule/config/config.default.js",
    "start": 1611307757129,
    "end": 1611307757129,
    "duration": 0,
    "pid": 16992,
    "index": 11
  },
  {
    "name": "Require(8) node_modules/_egg-multipart@2.10.3@egg-multipart/config/config.default.js",
    "start": 1611307757130,
    "end": 1611307757130,
    "duration": 0,
    "pid": 16992,
    "index": 12
  },
  {
    "name": "Require(9) node_modules/_egg-development@2.7.0@egg-development/config/config.default.js",
    "start": 1611307757131,
    "end": 1611307757132,
    "duration": 1,
    "pid": 16992,
    "index": 13
  },
  {
    "name": "Require(10) node_modules/_egg-logrotator@3.1.0@egg-logrotator/config/config.default.js",
    "start": 1611307757132,
    "end": 1611307757133,
    "duration": 1,
    "pid": 16992,
    "index": 14
  },
  {
    "name": "Require(11) node_modules/_egg-static@2.2.0@egg-static/config/config.default.js",
    "start": 1611307757133,
    "end": 1611307757134,
    "duration": 1,
    "pid": 16992,
    "index": 15
  },
  {
    "name": "Require(12) node_modules/_egg-view@2.1.3@egg-view/config/config.default.js",
    "start": 1611307757134,
    "end": 1611307757135,
    "duration": 1,
    "pid": 16992,
    "index": 16
  },
  {
    "name": "Require(13) node_modules/_egg-view-ejs@2.0.1@egg-view-ejs/config/config.default.js",
    "start": 1611307757136,
    "end": 1611307757136,
    "duration": 0,
    "pid": 16992,
    "index": 17
  },
  {
    "name": "Require(14) node_modules/_egg@2.29.1@egg/config/config.default.js",
    "start": 1611307757137,
    "end": 1611307757137,
    "duration": 0,
    "pid": 16992,
    "index": 18
  },
  {
    "name": "Require(15) config/config.default.js",
    "start": 1611307757139,
    "end": 1611307757139,
    "duration": 0,
    "pid": 16992,
    "index": 19
  },
  {
    "name": "Require(16) node_modules/_egg-security@2.8.0@egg-security/config/config.local.js",
    "start": 1611307757140,
    "end": 1611307757140,
    "duration": 0,
    "pid": 16992,
    "index": 20
  },
  {
    "name": "Require(17) node_modules/_egg-watcher@3.1.1@egg-watcher/config/config.local.js",
    "start": 1611307757141,
    "end": 1611307757141,
    "duration": 0,
    "pid": 16992,
    "index": 21
  },
  {
    "name": "Require(18) node_modules/_egg-view@2.1.3@egg-view/config/config.local.js",
    "start": 1611307757143,
    "end": 1611307757143,
    "duration": 0,
    "pid": 16992,
    "index": 22
  },
  {
    "name": "Require(19) node_modules/_egg-view-ejs@2.0.1@egg-view-ejs/config/config.local.js",
    "start": 1611307757144,
    "end": 1611307757144,
    "duration": 0,
    "pid": 16992,
    "index": 23
  },
  {
    "name": "Require(20) node_modules/_egg@2.29.1@egg/config/config.local.js",
    "start": 1611307757145,
    "end": 1611307757145,
    "duration": 0,
    "pid": 16992,
    "index": 24
  },
  {
    "name": "Load extend/application.js",
    "start": 1611307757146,
    "end": 1611307757165,
    "duration": 19,
    "pid": 16992,
    "index": 25
  },
  {
    "name": "Require(21) node_modules/_egg-session@3.2.0@egg-session/app/extend/application.js",
    "start": 1611307757147,
    "end": 1611307757147,
    "duration": 0,
    "pid": 16992,
    "index": 26
  },
  {
    "name": "Require(22) node_modules/_egg-security@2.8.0@egg-security/app/extend/application.js",
    "start": 1611307757148,
    "end": 1611307757149,
    "duration": 1,
    "pid": 16992,
    "index": 27
  },
  {
    "name": "Require(23) node_modules/_egg-jsonp@2.0.0@egg-jsonp/app/extend/application.js",
    "start": 1611307757150,
    "end": 1611307757152,
    "duration": 2,
    "pid": 16992,
    "index": 28
  },
  {
    "name": "Require(24) node_modules/_egg-logrotator@3.1.0@egg-logrotator/app/extend/application.js",
    "start": 1611307757154,
    "end": 1611307757157,
    "duration": 3,
    "pid": 16992,
    "index": 29
  },
  {
    "name": "Require(25) node_modules/_egg-view@2.1.3@egg-view/app/extend/application.js",
    "start": 1611307757158,
    "end": 1611307757160,
    "duration": 2,
    "pid": 16992,
    "index": 30
  },
  {
    "name": "Require(26) app/extend/application.js",
    "start": 1611307757161,
    "end": 1611307757162,
    "duration": 1,
    "pid": 16992,
    "index": 31
  },
  {
    "name": "Load extend/request.js",
    "start": 1611307757165,
    "end": 1611307757176,
    "duration": 11,
    "pid": 16992,
    "index": 32
  },
  {
    "name": "Require(27) node_modules/_egg@2.29.1@egg/app/extend/request.js",
    "start": 1611307757168,
    "end": 1611307757170,
    "duration": 2,
    "pid": 16992,
    "index": 33
  },
  {
    "name": "Require(28) app/extend/request.js",
    "start": 1611307757170,
    "end": 1611307757171,
    "duration": 1,
    "pid": 16992,
    "index": 34
  },
  {
    "name": "Load extend/response.js",
    "start": 1611307757176,
    "end": 1611307757185,
    "duration": 9,
    "pid": 16992,
    "index": 35
  },
  {
    "name": "Require(29) node_modules/_egg@2.29.1@egg/app/extend/response.js",
    "start": 1611307757179,
    "end": 1611307757182,
    "duration": 3,
    "pid": 16992,
    "index": 36
  },
  {
    "name": "Load extend/context.js",
    "start": 1611307757185,
    "end": 1611307757268,
    "duration": 83,
    "pid": 16992,
    "index": 37
  },
  {
    "name": "Require(30) node_modules/_egg-security@2.8.0@egg-security/app/extend/context.js",
    "start": 1611307757185,
    "end": 1611307757201,
    "duration": 16,
    "pid": 16992,
    "index": 38
  },
  {
    "name": "Require(31) node_modules/_egg-jsonp@2.0.0@egg-jsonp/app/extend/context.js",
    "start": 1611307757201,
    "end": 1611307757203,
    "duration": 2,
    "pid": 16992,
    "index": 39
  },
  {
    "name": "Require(32) node_modules/_egg-i18n@2.1.1@egg-i18n/app/extend/context.js",
    "start": 1611307757204,
    "end": 1611307757204,
    "duration": 0,
    "pid": 16992,
    "index": 40
  },
  {
    "name": "Require(33) node_modules/_egg-multipart@2.10.3@egg-multipart/app/extend/context.js",
    "start": 1611307757205,
    "end": 1611307757260,
    "duration": 55,
    "pid": 16992,
    "index": 41
  },
  {
    "name": "Require(34) node_modules/_egg-view@2.1.3@egg-view/app/extend/context.js",
    "start": 1611307757261,
    "end": 1611307757262,
    "duration": 1,
    "pid": 16992,
    "index": 42
  },
  {
    "name": "Require(35) node_modules/_egg@2.29.1@egg/app/extend/context.js",
    "start": 1611307757262,
    "end": 1611307757264,
    "duration": 2,
    "pid": 16992,
    "index": 43
  },
  {
    "name": "Require(36) app/extend/context.js",
    "start": 1611307757264,
    "end": 1611307757265,
    "duration": 1,
    "pid": 16992,
    "index": 44
  },
  {
    "name": "Load extend/helper.js",
    "start": 1611307757268,
    "end": 1611307757294,
    "duration": 26,
    "pid": 16992,
    "index": 45
  },
  {
    "name": "Require(37) node_modules/_egg-security@2.8.0@egg-security/app/extend/helper.js",
    "start": 1611307757268,
    "end": 1611307757286,
    "duration": 18,
    "pid": 16992,
    "index": 46
  },
  {
    "name": "Require(38) node_modules/_egg@2.29.1@egg/app/extend/helper.js",
    "start": 1611307757288,
    "end": 1611307757288,
    "duration": 0,
    "pid": 16992,
    "index": 47
  },
  {
    "name": "Require(39) app/extend/helper.js",
    "start": 1611307757289,
    "end": 1611307757291,
    "duration": 2,
    "pid": 16992,
    "index": 48
  },
  {
    "name": "Load app.js",
    "start": 1611307757294,
    "end": 1611307757329,
    "duration": 35,
    "pid": 16992,
    "index": 49
  },
  {
    "name": "Require(40) node_modules/_egg-session@3.2.0@egg-session/app.js",
    "start": 1611307757294,
    "end": 1611307757295,
    "duration": 1,
    "pid": 16992,
    "index": 50
  },
  {
    "name": "Require(41) node_modules/_egg-security@2.8.0@egg-security/app.js",
    "start": 1611307757295,
    "end": 1611307757297,
    "duration": 2,
    "pid": 16992,
    "index": 51
  },
  {
    "name": "Require(42) node_modules/_egg-onerror@2.1.0@egg-onerror/app.js",
    "start": 1611307757298,
    "end": 1611307757308,
    "duration": 10,
    "pid": 16992,
    "index": 52
  },
  {
    "name": "Require(43) node_modules/_egg-i18n@2.1.1@egg-i18n/app.js",
    "start": 1611307757309,
    "end": 1611307757317,
    "duration": 8,
    "pid": 16992,
    "index": 53
  },
  {
    "name": "Require(44) node_modules/_egg-watcher@3.1.1@egg-watcher/app.js",
    "start": 1611307757317,
    "end": 1611307757321,
    "duration": 4,
    "pid": 16992,
    "index": 54
  },
  {
    "name": "Require(45) node_modules/_egg-schedule@3.6.6@egg-schedule/app.js",
    "start": 1611307757322,
    "end": 1611307757324,
    "duration": 2,
    "pid": 16992,
    "index": 55
  },
  {
    "name": "Require(46) node_modules/_egg-multipart@2.10.3@egg-multipart/app.js",
    "start": 1611307757324,
    "end": 1611307757325,
    "duration": 1,
    "pid": 16992,
    "index": 56
  },
  {
    "name": "Require(47) node_modules/_egg-development@2.7.0@egg-development/app.js",
    "start": 1611307757325,
    "end": 1611307757325,
    "duration": 0,
    "pid": 16992,
    "index": 57
  },
  {
    "name": "Require(48) node_modules/_egg-logrotator@3.1.0@egg-logrotator/app.js",
    "start": 1611307757325,
    "end": 1611307757326,
    "duration": 1,
    "pid": 16992,
    "index": 58
  },
  {
    "name": "Require(49) node_modules/_egg-static@2.2.0@egg-static/app.js",
    "start": 1611307757326,
    "end": 1611307757326,
    "duration": 0,
    "pid": 16992,
    "index": 59
  },
  {
    "name": "Require(50) node_modules/_egg-view-ejs@2.0.1@egg-view-ejs/app.js",
    "start": 1611307757327,
    "end": 1611307757328,
    "duration": 1,
    "pid": 16992,
    "index": 60
  },
  {
    "name": "Before Start in node_modules/_egg-watcher@3.1.1@egg-watcher/lib/init.js:15:14",
    "start": 1611307757338,
    "end": 1611307757518,
    "duration": 180,
    "pid": 16992,
    "index": 61
  },
  {
    "name": "Load Service",
    "start": 1611307757371,
    "end": 1611307757380,
    "duration": 9,
    "pid": 16992,
    "index": 62
  },
  {
    "name": "Load \"service\" to Context",
    "start": 1611307757371,
    "end": 1611307757380,
    "duration": 9,
    "pid": 16992,
    "index": 63
  },
  {
    "name": "Load Middleware",
    "start": 1611307757380,
    "end": 1611307757499,
    "duration": 119,
    "pid": 16992,
    "index": 64
  },
  {
    "name": "Load \"middlewares\" to Application",
    "start": 1611307757380,
    "end": 1611307757485,
    "duration": 105,
    "pid": 16992,
    "index": 65
  },
  {
    "name": "Load Controller",
    "start": 1611307757500,
    "end": 1611307757502,
    "duration": 2,
    "pid": 16992,
    "index": 66
  },
  {
    "name": "Load \"controller\" to Application",
    "start": 1611307757500,
    "end": 1611307757502,
    "duration": 2,
    "pid": 16992,
    "index": 67
  },
  {
    "name": "Load Router",
    "start": 1611307757502,
    "end": 1611307757504,
    "duration": 2,
    "pid": 16992,
    "index": 68
  },
  {
    "name": "Require(51) app/router.js",
    "start": 1611307757502,
    "end": 1611307757502,
    "duration": 0,
    "pid": 16992,
    "index": 69
  },
  {
    "name": "Before Start in node_modules/_egg-core@4.20.0@egg-core/lib/egg.js:303:10",
    "start": 1611307757503,
    "end": 1611307757511,
    "duration": 8,
    "pid": 16992,
    "index": 70
  }
]