[
  {
    "name": "Process Start",
    "start": 1611388261055,
    "end": 1611388262082,
    "duration": 1027,
    "pid": 8596,
    "index": 0
  },
  {
    "name": "Application Start",
    "start": 1611388262083,
    "end": 1611388262507,
    "duration": 424,
    "pid": 8596,
    "index": 1
  },
  {
    "name": "Load Plugin",
    "start": 1611388262086,
    "end": 1611388262105,
    "duration": 19,
    "pid": 8596,
    "index": 2
  },
  {
    "name": "Load Config",
    "start": 1611388262105,
    "end": 1611388262129,
    "duration": 24,
    "pid": 8596,
    "index": 3
  },
  {
    "name": "Require(0) config/config.default.js",
    "start": 1611388262106,
    "end": 1611388262107,
    "duration": 1,
    "pid": 8596,
    "index": 4
  },
  {
    "name": "Require(1) node_modules/_egg-session@3.2.0@egg-session/config/config.default.js",
    "start": 1611388262108,
    "end": 1611388262108,
    "duration": 0,
    "pid": 8596,
    "index": 5
  },
  {
    "name": "Require(2) node_modules/_egg-security@2.8.0@egg-security/config/config.default.js",
    "start": 1611388262109,
    "end": 1611388262109,
    "duration": 0,
    "pid": 8596,
    "index": 6
  },
  {
    "name": "Require(3) node_modules/_egg-jsonp@2.0.0@egg-jsonp/config/config.default.js",
    "start": 1611388262111,
    "end": 1611388262111,
    "duration": 0,
    "pid": 8596,
    "index": 7
  },
  {
    "name": "Require(4) node_modules/_egg-onerror@2.1.0@egg-onerror/config/config.default.js",
    "start": 1611388262112,
    "end": 1611388262113,
    "duration": 1,
    "pid": 8596,
    "index": 8
  },
  {
    "name": "Require(5) node_modules/_egg-i18n@2.1.1@egg-i18n/config/config.default.js",
    "start": 1611388262113,
    "end": 1611388262114,
    "duration": 1,
    "pid": 8596,
    "index": 9
  },
  {
    "name": "Require(6) node_modules/_egg-watcher@3.1.1@egg-watcher/config/config.default.js",
    "start": 1611388262114,
    "end": 1611388262115,
    "duration": 1,
    "pid": 8596,
    "index": 10
  },
  {
    "name": "Require(7) node_modules/_egg-schedule@3.6.6@egg-schedule/config/config.default.js",
    "start": 1611388262115,
    "end": 1611388262116,
    "duration": 1,
    "pid": 8596,
    "index": 11
  },
  {
    "name": "Require(8) node_modules/_egg-multipart@2.10.3@egg-multipart/config/config.default.js",
    "start": 1611388262116,
    "end": 1611388262117,
    "duration": 1,
    "pid": 8596,
    "index": 12
  },
  {
    "name": "Require(9) node_modules/_egg-development@2.7.0@egg-development/config/config.default.js",
    "start": 1611388262117,
    "end": 1611388262118,
    "duration": 1,
    "pid": 8596,
    "index": 13
  },
  {
    "name": "Require(10) node_modules/_egg-logrotator@3.1.0@egg-logrotator/config/config.default.js",
    "start": 1611388262118,
    "end": 1611388262118,
    "duration": 0,
    "pid": 8596,
    "index": 14
  },
  {
    "name": "Require(11) node_modules/_egg-static@2.2.0@egg-static/config/config.default.js",
    "start": 1611388262119,
    "end": 1611388262119,
    "duration": 0,
    "pid": 8596,
    "index": 15
  },
  {
    "name": "Require(12) node_modules/_egg-view@2.1.3@egg-view/config/config.default.js",
    "start": 1611388262120,
    "end": 1611388262120,
    "duration": 0,
    "pid": 8596,
    "index": 16
  },
  {
    "name": "Require(13) node_modules/_egg-view-ejs@2.0.1@egg-view-ejs/config/config.default.js",
    "start": 1611388262121,
    "end": 1611388262121,
    "duration": 0,
    "pid": 8596,
    "index": 17
  },
  {
    "name": "Require(14) node_modules/_egg@2.29.1@egg/config/config.default.js",
    "start": 1611388262121,
    "end": 1611388262122,
    "duration": 1,
    "pid": 8596,
    "index": 18
  },
  {
    "name": "Require(15) config/config.default.js",
    "start": 1611388262124,
    "end": 1611388262124,
    "duration": 0,
    "pid": 8596,
    "index": 19
  },
  {
    "name": "Require(16) node_modules/_egg-security@2.8.0@egg-security/config/config.local.js",
    "start": 1611388262124,
    "end": 1611388262125,
    "duration": 1,
    "pid": 8596,
    "index": 20
  },
  {
    "name": "Require(17) node_modules/_egg-watcher@3.1.1@egg-watcher/config/config.local.js",
    "start": 1611388262126,
    "end": 1611388262126,
    "duration": 0,
    "pid": 8596,
    "index": 21
  },
  {
    "name": "Require(18) node_modules/_egg-view@2.1.3@egg-view/config/config.local.js",
    "start": 1611388262127,
    "end": 1611388262128,
    "duration": 1,
    "pid": 8596,
    "index": 22
  },
  {
    "name": "Require(19) node_modules/_egg-view-ejs@2.0.1@egg-view-ejs/config/config.local.js",
    "start": 1611388262128,
    "end": 1611388262128,
    "duration": 0,
    "pid": 8596,
    "index": 23
  },
  {
    "name": "Require(20) node_modules/_egg@2.29.1@egg/config/config.local.js",
    "start": 1611388262128,
    "end": 1611388262129,
    "duration": 1,
    "pid": 8596,
    "index": 24
  },
  {
    "name": "Load extend/application.js",
    "start": 1611388262130,
    "end": 1611388262145,
    "duration": 15,
    "pid": 8596,
    "index": 25
  },
  {
    "name": "Require(21) node_modules/_egg-session@3.2.0@egg-session/app/extend/application.js",
    "start": 1611388262130,
    "end": 1611388262131,
    "duration": 1,
    "pid": 8596,
    "index": 26
  },
  {
    "name": "Require(22) node_modules/_egg-security@2.8.0@egg-security/app/extend/application.js",
    "start": 1611388262131,
    "end": 1611388262132,
    "duration": 1,
    "pid": 8596,
    "index": 27
  },
  {
    "name": "Require(23) node_modules/_egg-jsonp@2.0.0@egg-jsonp/app/extend/application.js",
    "start": 1611388262133,
    "end": 1611388262135,
    "duration": 2,
    "pid": 8596,
    "index": 28
  },
  {
    "name": "Require(24) node_modules/_egg-logrotator@3.1.0@egg-logrotator/app/extend/application.js",
    "start": 1611388262136,
    "end": 1611388262139,
    "duration": 3,
    "pid": 8596,
    "index": 29
  },
  {
    "name": "Require(25) node_modules/_egg-view@2.1.3@egg-view/app/extend/application.js",
    "start": 1611388262140,
    "end": 1611388262142,
    "duration": 2,
    "pid": 8596,
    "index": 30
  },
  {
    "name": "Load extend/request.js",
    "start": 1611388262145,
    "end": 1611388262154,
    "duration": 9,
    "pid": 8596,
    "index": 31
  },
  {
    "name": "Require(26) node_modules/_egg@2.29.1@egg/app/extend/request.js",
    "start": 1611388262148,
    "end": 1611388262149,
    "duration": 1,
    "pid": 8596,
    "index": 32
  },
  {
    "name": "Load extend/response.js",
    "start": 1611388262154,
    "end": 1611388262162,
    "duration": 8,
    "pid": 8596,
    "index": 33
  },
  {
    "name": "Require(27) node_modules/_egg@2.29.1@egg/app/extend/response.js",
    "start": 1611388262157,
    "end": 1611388262159,
    "duration": 2,
    "pid": 8596,
    "index": 34
  },
  {
    "name": "Load extend/context.js",
    "start": 1611388262162,
    "end": 1611388262235,
    "duration": 73,
    "pid": 8596,
    "index": 35
  },
  {
    "name": "Require(28) node_modules/_egg-security@2.8.0@egg-security/app/extend/context.js",
    "start": 1611388262162,
    "end": 1611388262176,
    "duration": 14,
    "pid": 8596,
    "index": 36
  },
  {
    "name": "Require(29) node_modules/_egg-jsonp@2.0.0@egg-jsonp/app/extend/context.js",
    "start": 1611388262176,
    "end": 1611388262178,
    "duration": 2,
    "pid": 8596,
    "index": 37
  },
  {
    "name": "Require(30) node_modules/_egg-i18n@2.1.1@egg-i18n/app/extend/context.js",
    "start": 1611388262178,
    "end": 1611388262179,
    "duration": 1,
    "pid": 8596,
    "index": 38
  },
  {
    "name": "Require(31) node_modules/_egg-multipart@2.10.3@egg-multipart/app/extend/context.js",
    "start": 1611388262180,
    "end": 1611388262229,
    "duration": 49,
    "pid": 8596,
    "index": 39
  },
  {
    "name": "Require(32) node_modules/_egg-view@2.1.3@egg-view/app/extend/context.js",
    "start": 1611388262230,
    "end": 1611388262231,
    "duration": 1,
    "pid": 8596,
    "index": 40
  },
  {
    "name": "Require(33) node_modules/_egg@2.29.1@egg/app/extend/context.js",
    "start": 1611388262231,
    "end": 1611388262233,
    "duration": 2,
    "pid": 8596,
    "index": 41
  },
  {
    "name": "Load extend/helper.js",
    "start": 1611388262235,
    "end": 1611388262258,
    "duration": 23,
    "pid": 8596,
    "index": 42
  },
  {
    "name": "Require(34) node_modules/_egg-security@2.8.0@egg-security/app/extend/helper.js",
    "start": 1611388262236,
    "end": 1611388262252,
    "duration": 16,
    "pid": 8596,
    "index": 43
  },
  {
    "name": "Require(35) node_modules/_egg@2.29.1@egg/app/extend/helper.js",
    "start": 1611388262254,
    "end": 1611388262255,
    "duration": 1,
    "pid": 8596,
    "index": 44
  },
  {
    "name": "Load app.js",
    "start": 1611388262258,
    "end": 1611388262295,
    "duration": 37,
    "pid": 8596,
    "index": 45
  },
  {
    "name": "Require(36) node_modules/_egg-session@3.2.0@egg-session/app.js",
    "start": 1611388262259,
    "end": 1611388262259,
    "duration": 0,
    "pid": 8596,
    "index": 46
  },
  {
    "name": "Require(37) node_modules/_egg-security@2.8.0@egg-security/app.js",
    "start": 1611388262260,
    "end": 1611388262262,
    "duration": 2,
    "pid": 8596,
    "index": 47
  },
  {
    "name": "Require(38) node_modules/_egg-onerror@2.1.0@egg-onerror/app.js",
    "start": 1611388262262,
    "end": 1611388262272,
    "duration": 10,
    "pid": 8596,
    "index": 48
  },
  {
    "name": "Require(39) node_modules/_egg-i18n@2.1.1@egg-i18n/app.js",
    "start": 1611388262272,
    "end": 1611388262281,
    "duration": 9,
    "pid": 8596,
    "index": 49
  },
  {
    "name": "Require(40) node_modules/_egg-watcher@3.1.1@egg-watcher/app.js",
    "start": 1611388262282,
    "end": 1611388262286,
    "duration": 4,
    "pid": 8596,
    "index": 50
  },
  {
    "name": "Require(41) node_modules/_egg-schedule@3.6.6@egg-schedule/app.js",
    "start": 1611388262286,
    "end": 1611388262288,
    "duration": 2,
    "pid": 8596,
    "index": 51
  },
  {
    "name": "Require(42) node_modules/_egg-multipart@2.10.3@egg-multipart/app.js",
    "start": 1611388262288,
    "end": 1611388262289,
    "duration": 1,
    "pid": 8596,
    "index": 52
  },
  {
    "name": "Require(43) node_modules/_egg-development@2.7.0@egg-development/app.js",
    "start": 1611388262290,
    "end": 1611388262291,
    "duration": 1,
    "pid": 8596,
    "index": 53
  },
  {
    "name": "Require(44) node_modules/_egg-logrotator@3.1.0@egg-logrotator/app.js",
    "start": 1611388262291,
    "end": 1611388262292,
    "duration": 1,
    "pid": 8596,
    "index": 54
  },
  {
    "name": "Require(45) node_modules/_egg-static@2.2.0@egg-static/app.js",
    "start": 1611388262292,
    "end": 1611388262292,
    "duration": 0,
    "pid": 8596,
    "index": 55
  },
  {
    "name": "Require(46) node_modules/_egg-view-ejs@2.0.1@egg-view-ejs/app.js",
    "start": 1611388262293,
    "end": 1611388262294,
    "duration": 1,
    "pid": 8596,
    "index": 56
  },
  {
    "name": "Before Start in node_modules/_egg-watcher@3.1.1@egg-watcher/lib/init.js:15:14",
    "start": 1611388262302,
    "end": 1611388262507,
    "duration": 205,
    "pid": 8596,
    "index": 57
  },
  {
    "name": "Load Service",
    "start": 1611388262337,
    "end": 1611388262343,
    "duration": 6,
    "pid": 8596,
    "index": 58
  },
  {
    "name": "Load \"service\" to Context",
    "start": 1611388262338,
    "end": 1611388262343,
    "duration": 5,
    "pid": 8596,
    "index": 59
  },
  {
    "name": "Load Middleware",
    "start": 1611388262343,
    "end": 1611388262483,
    "duration": 140,
    "pid": 8596,
    "index": 60
  },
  {
    "name": "Load \"middlewares\" to Application",
    "start": 1611388262345,
    "end": 1611388262467,
    "duration": 122,
    "pid": 8596,
    "index": 61
  },
  {
    "name": "Load Controller",
    "start": 1611388262483,
    "end": 1611388262491,
    "duration": 8,
    "pid": 8596,
    "index": 62
  },
  {
    "name": "Load \"controller\" to Application",
    "start": 1611388262483,
    "end": 1611388262491,
    "duration": 8,
    "pid": 8596,
    "index": 63
  },
  {
    "name": "Load Router",
    "start": 1611388262491,
    "end": 1611388262493,
    "duration": 2,
    "pid": 8596,
    "index": 64
  },
  {
    "name": "Require(47) app/router.js",
    "start": 1611388262491,
    "end": 1611388262491,
    "duration": 0,
    "pid": 8596,
    "index": 65
  },
  {
    "name": "Before Start in node_modules/_egg-core@4.20.0@egg-core/lib/egg.js:303:10",
    "start": 1611388262492,
    "end": 1611388262499,
    "duration": 7,
    "pid": 8596,
    "index": 66
  }
]