[
  {
    "name": "Process Start",
    "start": 1611388227168,
    "end": 1611388228290,
    "duration": 1122,
    "pid": 17548,
    "index": 0
  },
  {
    "name": "Application Start",
    "start": 1611388228291,
    "end": 1611388228738,
    "duration": 447,
    "pid": 17548,
    "index": 1
  },
  {
    "name": "Load Plugin",
    "start": 1611388228296,
    "end": 1611388228317,
    "duration": 21,
    "pid": 17548,
    "index": 2
  },
  {
    "name": "Load Config",
    "start": 1611388228317,
    "end": 1611388228339,
    "duration": 22,
    "pid": 17548,
    "index": 3
  },
  {
    "name": "Require(0) config/config.default.js",
    "start": 1611388228317,
    "end": 1611388228318,
    "duration": 1,
    "pid": 17548,
    "index": 4
  },
  {
    "name": "Require(1) node_modules/_egg-session@3.2.0@egg-session/config/config.default.js",
    "start": 1611388228319,
    "end": 1611388228320,
    "duration": 1,
    "pid": 17548,
    "index": 5
  },
  {
    "name": "Require(2) node_modules/_egg-security@2.8.0@egg-security/config/config.default.js",
    "start": 1611388228320,
    "end": 1611388228321,
    "duration": 1,
    "pid": 17548,
    "index": 6
  },
  {
    "name": "Require(3) node_modules/_egg-jsonp@2.0.0@egg-jsonp/config/config.default.js",
    "start": 1611388228322,
    "end": 1611388228322,
    "duration": 0,
    "pid": 17548,
    "index": 7
  },
  {
    "name": "Require(4) node_modules/_egg-onerror@2.1.0@egg-onerror/config/config.default.js",
    "start": 1611388228323,
    "end": 1611388228323,
    "duration": 0,
    "pid": 17548,
    "index": 8
  },
  {
    "name": "Require(5) node_modules/_egg-i18n@2.1.1@egg-i18n/config/config.default.js",
    "start": 1611388228323,
    "end": 1611388228324,
    "duration": 1,
    "pid": 17548,
    "index": 9
  },
  {
    "name": "Require(6) node_modules/_egg-watcher@3.1.1@egg-watcher/config/config.default.js",
    "start": 1611388228324,
    "end": 1611388228325,
    "duration": 1,
    "pid": 17548,
    "index": 10
  },
  {
    "name": "Require(7) node_modules/_egg-schedule@3.6.6@egg-schedule/config/config.default.js",
    "start": 1611388228325,
    "end": 1611388228326,
    "duration": 1,
    "pid": 17548,
    "index": 11
  },
  {
    "name": "Require(8) node_modules/_egg-multipart@2.10.3@egg-multipart/config/config.default.js",
    "start": 1611388228326,
    "end": 1611388228327,
    "duration": 1,
    "pid": 17548,
    "index": 12
  },
  {
    "name": "Require(9) node_modules/_egg-development@2.7.0@egg-development/config/config.default.js",
    "start": 1611388228327,
    "end": 1611388228328,
    "duration": 1,
    "pid": 17548,
    "index": 13
  },
  {
    "name": "Require(10) node_modules/_egg-logrotator@3.1.0@egg-logrotator/config/config.default.js",
    "start": 1611388228328,
    "end": 1611388228329,
    "duration": 1,
    "pid": 17548,
    "index": 14
  },
  {
    "name": "Require(11) node_modules/_egg-static@2.2.0@egg-static/config/config.default.js",
    "start": 1611388228329,
    "end": 1611388228330,
    "duration": 1,
    "pid": 17548,
    "index": 15
  },
  {
    "name": "Require(12) node_modules/_egg-view@2.1.3@egg-view/config/config.default.js",
    "start": 1611388228330,
    "end": 1611388228331,
    "duration": 1,
    "pid": 17548,
    "index": 16
  },
  {
    "name": "Require(13) node_modules/_egg-view-ejs@2.0.1@egg-view-ejs/config/config.default.js",
    "start": 1611388228331,
    "end": 1611388228332,
    "duration": 1,
    "pid": 17548,
    "index": 17
  },
  {
    "name": "Require(14) node_modules/_egg@2.29.1@egg/config/config.default.js",
    "start": 1611388228332,
    "end": 1611388228332,
    "duration": 0,
    "pid": 17548,
    "index": 18
  },
  {
    "name": "Require(15) config/config.default.js",
    "start": 1611388228334,
    "end": 1611388228334,
    "duration": 0,
    "pid": 17548,
    "index": 19
  },
  {
    "name": "Require(16) node_modules/_egg-security@2.8.0@egg-security/config/config.local.js",
    "start": 1611388228334,
    "end": 1611388228335,
    "duration": 1,
    "pid": 17548,
    "index": 20
  },
  {
    "name": "Require(17) node_modules/_egg-watcher@3.1.1@egg-watcher/config/config.local.js",
    "start": 1611388228336,
    "end": 1611388228336,
    "duration": 0,
    "pid": 17548,
    "index": 21
  },
  {
    "name": "Require(18) node_modules/_egg-view@2.1.3@egg-view/config/config.local.js",
    "start": 1611388228337,
    "end": 1611388228338,
    "duration": 1,
    "pid": 17548,
    "index": 22
  },
  {
    "name": "Require(19) node_modules/_egg-view-ejs@2.0.1@egg-view-ejs/config/config.local.js",
    "start": 1611388228338,
    "end": 1611388228338,
    "duration": 0,
    "pid": 17548,
    "index": 23
  },
  {
    "name": "Require(20) node_modules/_egg@2.29.1@egg/config/config.local.js",
    "start": 1611388228339,
    "end": 1611388228339,
    "duration": 0,
    "pid": 17548,
    "index": 24
  },
  {
    "name": "Load extend/application.js",
    "start": 1611388228340,
    "end": 1611388228356,
    "duration": 16,
    "pid": 17548,
    "index": 25
  },
  {
    "name": "Require(21) node_modules/_egg-session@3.2.0@egg-session/app/extend/application.js",
    "start": 1611388228341,
    "end": 1611388228341,
    "duration": 0,
    "pid": 17548,
    "index": 26
  },
  {
    "name": "Require(22) node_modules/_egg-security@2.8.0@egg-security/app/extend/application.js",
    "start": 1611388228342,
    "end": 1611388228343,
    "duration": 1,
    "pid": 17548,
    "index": 27
  },
  {
    "name": "Require(23) node_modules/_egg-jsonp@2.0.0@egg-jsonp/app/extend/application.js",
    "start": 1611388228343,
    "end": 1611388228346,
    "duration": 3,
    "pid": 17548,
    "index": 28
  },
  {
    "name": "Require(24) node_modules/_egg-logrotator@3.1.0@egg-logrotator/app/extend/application.js",
    "start": 1611388228347,
    "end": 1611388228350,
    "duration": 3,
    "pid": 17548,
    "index": 29
  },
  {
    "name": "Require(25) node_modules/_egg-view@2.1.3@egg-view/app/extend/application.js",
    "start": 1611388228351,
    "end": 1611388228353,
    "duration": 2,
    "pid": 17548,
    "index": 30
  },
  {
    "name": "Load extend/request.js",
    "start": 1611388228356,
    "end": 1611388228364,
    "duration": 8,
    "pid": 17548,
    "index": 31
  },
  {
    "name": "Require(26) node_modules/_egg@2.29.1@egg/app/extend/request.js",
    "start": 1611388228359,
    "end": 1611388228361,
    "duration": 2,
    "pid": 17548,
    "index": 32
  },
  {
    "name": "Load extend/response.js",
    "start": 1611388228364,
    "end": 1611388228375,
    "duration": 11,
    "pid": 17548,
    "index": 33
  },
  {
    "name": "Require(27) node_modules/_egg@2.29.1@egg/app/extend/response.js",
    "start": 1611388228369,
    "end": 1611388228372,
    "duration": 3,
    "pid": 17548,
    "index": 34
  },
  {
    "name": "Load extend/context.js",
    "start": 1611388228375,
    "end": 1611388228450,
    "duration": 75,
    "pid": 17548,
    "index": 35
  },
  {
    "name": "Require(28) node_modules/_egg-security@2.8.0@egg-security/app/extend/context.js",
    "start": 1611388228376,
    "end": 1611388228390,
    "duration": 14,
    "pid": 17548,
    "index": 36
  },
  {
    "name": "Require(29) node_modules/_egg-jsonp@2.0.0@egg-jsonp/app/extend/context.js",
    "start": 1611388228390,
    "end": 1611388228391,
    "duration": 1,
    "pid": 17548,
    "index": 37
  },
  {
    "name": "Require(30) node_modules/_egg-i18n@2.1.1@egg-i18n/app/extend/context.js",
    "start": 1611388228392,
    "end": 1611388228392,
    "duration": 0,
    "pid": 17548,
    "index": 38
  },
  {
    "name": "Require(31) node_modules/_egg-multipart@2.10.3@egg-multipart/app/extend/context.js",
    "start": 1611388228393,
    "end": 1611388228443,
    "duration": 50,
    "pid": 17548,
    "index": 39
  },
  {
    "name": "Require(32) node_modules/_egg-view@2.1.3@egg-view/app/extend/context.js",
    "start": 1611388228444,
    "end": 1611388228445,
    "duration": 1,
    "pid": 17548,
    "index": 40
  },
  {
    "name": "Require(33) node_modules/_egg@2.29.1@egg/app/extend/context.js",
    "start": 1611388228445,
    "end": 1611388228447,
    "duration": 2,
    "pid": 17548,
    "index": 41
  },
  {
    "name": "Load extend/helper.js",
    "start": 1611388228450,
    "end": 1611388228474,
    "duration": 24,
    "pid": 17548,
    "index": 42
  },
  {
    "name": "Require(34) node_modules/_egg-security@2.8.0@egg-security/app/extend/helper.js",
    "start": 1611388228451,
    "end": 1611388228467,
    "duration": 16,
    "pid": 17548,
    "index": 43
  },
  {
    "name": "Require(35) node_modules/_egg@2.29.1@egg/app/extend/helper.js",
    "start": 1611388228469,
    "end": 1611388228470,
    "duration": 1,
    "pid": 17548,
    "index": 44
  },
  {
    "name": "Load app.js",
    "start": 1611388228474,
    "end": 1611388228509,
    "duration": 35,
    "pid": 17548,
    "index": 45
  },
  {
    "name": "Require(36) node_modules/_egg-session@3.2.0@egg-session/app.js",
    "start": 1611388228474,
    "end": 1611388228474,
    "duration": 0,
    "pid": 17548,
    "index": 46
  },
  {
    "name": "Require(37) node_modules/_egg-security@2.8.0@egg-security/app.js",
    "start": 1611388228475,
    "end": 1611388228477,
    "duration": 2,
    "pid": 17548,
    "index": 47
  },
  {
    "name": "Require(38) node_modules/_egg-onerror@2.1.0@egg-onerror/app.js",
    "start": 1611388228477,
    "end": 1611388228488,
    "duration": 11,
    "pid": 17548,
    "index": 48
  },
  {
    "name": "Require(39) node_modules/_egg-i18n@2.1.1@egg-i18n/app.js",
    "start": 1611388228488,
    "end": 1611388228497,
    "duration": 9,
    "pid": 17548,
    "index": 49
  },
  {
    "name": "Require(40) node_modules/_egg-watcher@3.1.1@egg-watcher/app.js",
    "start": 1611388228497,
    "end": 1611388228502,
    "duration": 5,
    "pid": 17548,
    "index": 50
  },
  {
    "name": "Require(41) node_modules/_egg-schedule@3.6.6@egg-schedule/app.js",
    "start": 1611388228503,
    "end": 1611388228505,
    "duration": 2,
    "pid": 17548,
    "index": 51
  },
  {
    "name": "Require(42) node_modules/_egg-multipart@2.10.3@egg-multipart/app.js",
    "start": 1611388228505,
    "end": 1611388228506,
    "duration": 1,
    "pid": 17548,
    "index": 52
  },
  {
    "name": "Require(43) node_modules/_egg-development@2.7.0@egg-development/app.js",
    "start": 1611388228506,
    "end": 1611388228506,
    "duration": 0,
    "pid": 17548,
    "index": 53
  },
  {
    "name": "Require(44) node_modules/_egg-logrotator@3.1.0@egg-logrotator/app.js",
    "start": 1611388228507,
    "end": 1611388228507,
    "duration": 0,
    "pid": 17548,
    "index": 54
  },
  {
    "name": "Require(45) node_modules/_egg-static@2.2.0@egg-static/app.js",
    "start": 1611388228507,
    "end": 1611388228507,
    "duration": 0,
    "pid": 17548,
    "index": 55
  },
  {
    "name": "Require(46) node_modules/_egg-view-ejs@2.0.1@egg-view-ejs/app.js",
    "start": 1611388228508,
    "end": 1611388228508,
    "duration": 0,
    "pid": 17548,
    "index": 56
  },
  {
    "name": "Before Start in node_modules/_egg-watcher@3.1.1@egg-watcher/lib/init.js:15:14",
    "start": 1611388228518,
    "end": 1611388228737,
    "duration": 219,
    "pid": 17548,
    "index": 57
  },
  {
    "name": "Load Service",
    "start": 1611388228552,
    "end": 1611388228557,
    "duration": 5,
    "pid": 17548,
    "index": 58
  },
  {
    "name": "Load \"service\" to Context",
    "start": 1611388228552,
    "end": 1611388228557,
    "duration": 5,
    "pid": 17548,
    "index": 59
  },
  {
    "name": "Load Middleware",
    "start": 1611388228557,
    "end": 1611388228716,
    "duration": 159,
    "pid": 17548,
    "index": 60
  },
  {
    "name": "Load \"middlewares\" to Application",
    "start": 1611388228557,
    "end": 1611388228699,
    "duration": 142,
    "pid": 17548,
    "index": 61
  },
  {
    "name": "Load Controller",
    "start": 1611388228716,
    "end": 1611388228723,
    "duration": 7,
    "pid": 17548,
    "index": 62
  },
  {
    "name": "Load \"controller\" to Application",
    "start": 1611388228716,
    "end": 1611388228723,
    "duration": 7,
    "pid": 17548,
    "index": 63
  },
  {
    "name": "Load Router",
    "start": 1611388228723,
    "end": 1611388228725,
    "duration": 2,
    "pid": 17548,
    "index": 64
  },
  {
    "name": "Require(47) app/router.js",
    "start": 1611388228723,
    "end": 1611388228724,
    "duration": 1,
    "pid": 17548,
    "index": 65
  },
  {
    "name": "Before Start in node_modules/_egg-core@4.20.0@egg-core/lib/egg.js:303:10",
    "start": 1611388228724,
    "end": 1611388228731,
    "duration": 7,
    "pid": 17548,
    "index": 66
  }
]