[
  {
    "name": "Process Start",
    "start": 1611388287608,
    "end": 1611388288695,
    "duration": 1087,
    "pid": 14920,
    "index": 0
  },
  {
    "name": "Application Start",
    "start": 1611388288696,
    "end": 1611388289121,
    "duration": 425,
    "pid": 14920,
    "index": 1
  },
  {
    "name": "Load Plugin",
    "start": 1611388288700,
    "end": 1611388288721,
    "duration": 21,
    "pid": 14920,
    "index": 2
  },
  {
    "name": "Load Config",
    "start": 1611388288721,
    "end": 1611388288744,
    "duration": 23,
    "pid": 14920,
    "index": 3
  },
  {
    "name": "Require(0) config/config.default.js",
    "start": 1611388288722,
    "end": 1611388288722,
    "duration": 0,
    "pid": 14920,
    "index": 4
  },
  {
    "name": "Require(1) node_modules/_egg-session@3.2.0@egg-session/config/config.default.js",
    "start": 1611388288724,
    "end": 1611388288724,
    "duration": 0,
    "pid": 14920,
    "index": 5
  },
  {
    "name": "Require(2) node_modules/_egg-security@2.8.0@egg-security/config/config.default.js",
    "start": 1611388288725,
    "end": 1611388288725,
    "duration": 0,
    "pid": 14920,
    "index": 6
  },
  {
    "name": "Require(3) node_modules/_egg-jsonp@2.0.0@egg-jsonp/config/config.default.js",
    "start": 1611388288726,
    "end": 1611388288727,
    "duration": 1,
    "pid": 14920,
    "index": 7
  },
  {
    "name": "Require(4) node_modules/_egg-onerror@2.1.0@egg-onerror/config/config.default.js",
    "start": 1611388288727,
    "end": 1611388288728,
    "duration": 1,
    "pid": 14920,
    "index": 8
  },
  {
    "name": "Require(5) node_modules/_egg-i18n@2.1.1@egg-i18n/config/config.default.js",
    "start": 1611388288728,
    "end": 1611388288729,
    "duration": 1,
    "pid": 14920,
    "index": 9
  },
  {
    "name": "Require(6) node_modules/_egg-watcher@3.1.1@egg-watcher/config/config.default.js",
    "start": 1611388288729,
    "end": 1611388288730,
    "duration": 1,
    "pid": 14920,
    "index": 10
  },
  {
    "name": "Require(7) node_modules/_egg-schedule@3.6.6@egg-schedule/config/config.default.js",
    "start": 1611388288730,
    "end": 1611388288731,
    "duration": 1,
    "pid": 14920,
    "index": 11
  },
  {
    "name": "Require(8) node_modules/_egg-multipart@2.10.3@egg-multipart/config/config.default.js",
    "start": 1611388288731,
    "end": 1611388288732,
    "duration": 1,
    "pid": 14920,
    "index": 12
  },
  {
    "name": "Require(9) node_modules/_egg-development@2.7.0@egg-development/config/config.default.js",
    "start": 1611388288732,
    "end": 1611388288733,
    "duration": 1,
    "pid": 14920,
    "index": 13
  },
  {
    "name": "Require(10) node_modules/_egg-logrotator@3.1.0@egg-logrotator/config/config.default.js",
    "start": 1611388288733,
    "end": 1611388288734,
    "duration": 1,
    "pid": 14920,
    "index": 14
  },
  {
    "name": "Require(11) node_modules/_egg-static@2.2.0@egg-static/config/config.default.js",
    "start": 1611388288734,
    "end": 1611388288735,
    "duration": 1,
    "pid": 14920,
    "index": 15
  },
  {
    "name": "Require(12) node_modules/_egg-view@2.1.3@egg-view/config/config.default.js",
    "start": 1611388288735,
    "end": 1611388288736,
    "duration": 1,
    "pid": 14920,
    "index": 16
  },
  {
    "name": "Require(13) node_modules/_egg-view-ejs@2.0.1@egg-view-ejs/config/config.default.js",
    "start": 1611388288736,
    "end": 1611388288737,
    "duration": 1,
    "pid": 14920,
    "index": 17
  },
  {
    "name": "Require(14) node_modules/_egg@2.29.1@egg/config/config.default.js",
    "start": 1611388288737,
    "end": 1611388288738,
    "duration": 1,
    "pid": 14920,
    "index": 18
  },
  {
    "name": "Require(15) config/config.default.js",
    "start": 1611388288739,
    "end": 1611388288739,
    "duration": 0,
    "pid": 14920,
    "index": 19
  },
  {
    "name": "Require(16) node_modules/_egg-security@2.8.0@egg-security/config/config.local.js",
    "start": 1611388288740,
    "end": 1611388288740,
    "duration": 0,
    "pid": 14920,
    "index": 20
  },
  {
    "name": "Require(17) node_modules/_egg-watcher@3.1.1@egg-watcher/config/config.local.js",
    "start": 1611388288741,
    "end": 1611388288741,
    "duration": 0,
    "pid": 14920,
    "index": 21
  },
  {
    "name": "Require(18) node_modules/_egg-view@2.1.3@egg-view/config/config.local.js",
    "start": 1611388288742,
    "end": 1611388288743,
    "duration": 1,
    "pid": 14920,
    "index": 22
  },
  {
    "name": "Require(19) node_modules/_egg-view-ejs@2.0.1@egg-view-ejs/config/config.local.js",
    "start": 1611388288743,
    "end": 1611388288743,
    "duration": 0,
    "pid": 14920,
    "index": 23
  },
  {
    "name": "Require(20) node_modules/_egg@2.29.1@egg/config/config.local.js",
    "start": 1611388288744,
    "end": 1611388288744,
    "duration": 0,
    "pid": 14920,
    "index": 24
  },
  {
    "name": "Load extend/application.js",
    "start": 1611388288745,
    "end": 1611388288761,
    "duration": 16,
    "pid": 14920,
    "index": 25
  },
  {
    "name": "Require(21) node_modules/_egg-session@3.2.0@egg-session/app/extend/application.js",
    "start": 1611388288745,
    "end": 1611388288746,
    "duration": 1,
    "pid": 14920,
    "index": 26
  },
  {
    "name": "Require(22) node_modules/_egg-security@2.8.0@egg-security/app/extend/application.js",
    "start": 1611388288746,
    "end": 1611388288748,
    "duration": 2,
    "pid": 14920,
    "index": 27
  },
  {
    "name": "Require(23) node_modules/_egg-jsonp@2.0.0@egg-jsonp/app/extend/application.js",
    "start": 1611388288748,
    "end": 1611388288750,
    "duration": 2,
    "pid": 14920,
    "index": 28
  },
  {
    "name": "Require(24) node_modules/_egg-logrotator@3.1.0@egg-logrotator/app/extend/application.js",
    "start": 1611388288752,
    "end": 1611388288755,
    "duration": 3,
    "pid": 14920,
    "index": 29
  },
  {
    "name": "Require(25) node_modules/_egg-view@2.1.3@egg-view/app/extend/application.js",
    "start": 1611388288756,
    "end": 1611388288758,
    "duration": 2,
    "pid": 14920,
    "index": 30
  },
  {
    "name": "Load extend/request.js",
    "start": 1611388288761,
    "end": 1611388288771,
    "duration": 10,
    "pid": 14920,
    "index": 31
  },
  {
    "name": "Require(26) node_modules/_egg@2.29.1@egg/app/extend/request.js",
    "start": 1611388288764,
    "end": 1611388288765,
    "duration": 1,
    "pid": 14920,
    "index": 32
  },
  {
    "name": "Load extend/response.js",
    "start": 1611388288771,
    "end": 1611388288778,
    "duration": 7,
    "pid": 14920,
    "index": 33
  },
  {
    "name": "Require(27) node_modules/_egg@2.29.1@egg/app/extend/response.js",
    "start": 1611388288773,
    "end": 1611388288775,
    "duration": 2,
    "pid": 14920,
    "index": 34
  },
  {
    "name": "Load extend/context.js",
    "start": 1611388288778,
    "end": 1611388288854,
    "duration": 76,
    "pid": 14920,
    "index": 35
  },
  {
    "name": "Require(28) node_modules/_egg-security@2.8.0@egg-security/app/extend/context.js",
    "start": 1611388288779,
    "end": 1611388288793,
    "duration": 14,
    "pid": 14920,
    "index": 36
  },
  {
    "name": "Require(29) node_modules/_egg-jsonp@2.0.0@egg-jsonp/app/extend/context.js",
    "start": 1611388288793,
    "end": 1611388288795,
    "duration": 2,
    "pid": 14920,
    "index": 37
  },
  {
    "name": "Require(30) node_modules/_egg-i18n@2.1.1@egg-i18n/app/extend/context.js",
    "start": 1611388288796,
    "end": 1611388288796,
    "duration": 0,
    "pid": 14920,
    "index": 38
  },
  {
    "name": "Require(31) node_modules/_egg-multipart@2.10.3@egg-multipart/app/extend/context.js",
    "start": 1611388288797,
    "end": 1611388288846,
    "duration": 49,
    "pid": 14920,
    "index": 39
  },
  {
    "name": "Require(32) node_modules/_egg-view@2.1.3@egg-view/app/extend/context.js",
    "start": 1611388288847,
    "end": 1611388288848,
    "duration": 1,
    "pid": 14920,
    "index": 40
  },
  {
    "name": "Require(33) node_modules/_egg@2.29.1@egg/app/extend/context.js",
    "start": 1611388288849,
    "end": 1611388288850,
    "duration": 1,
    "pid": 14920,
    "index": 41
  },
  {
    "name": "Load extend/helper.js",
    "start": 1611388288854,
    "end": 1611388288878,
    "duration": 24,
    "pid": 14920,
    "index": 42
  },
  {
    "name": "Require(34) node_modules/_egg-security@2.8.0@egg-security/app/extend/helper.js",
    "start": 1611388288855,
    "end": 1611388288872,
    "duration": 17,
    "pid": 14920,
    "index": 43
  },
  {
    "name": "Require(35) node_modules/_egg@2.29.1@egg/app/extend/helper.js",
    "start": 1611388288874,
    "end": 1611388288875,
    "duration": 1,
    "pid": 14920,
    "index": 44
  },
  {
    "name": "Load app.js",
    "start": 1611388288878,
    "end": 1611388288911,
    "duration": 33,
    "pid": 14920,
    "index": 45
  },
  {
    "name": "Require(36) node_modules/_egg-session@3.2.0@egg-session/app.js",
    "start": 1611388288878,
    "end": 1611388288878,
    "duration": 0,
    "pid": 14920,
    "index": 46
  },
  {
    "name": "Require(37) node_modules/_egg-security@2.8.0@egg-security/app.js",
    "start": 1611388288879,
    "end": 1611388288881,
    "duration": 2,
    "pid": 14920,
    "index": 47
  },
  {
    "name": "Require(38) node_modules/_egg-onerror@2.1.0@egg-onerror/app.js",
    "start": 1611388288881,
    "end": 1611388288892,
    "duration": 11,
    "pid": 14920,
    "index": 48
  },
  {
    "name": "Require(39) node_modules/_egg-i18n@2.1.1@egg-i18n/app.js",
    "start": 1611388288893,
    "end": 1611388288900,
    "duration": 7,
    "pid": 14920,
    "index": 49
  },
  {
    "name": "Require(40) node_modules/_egg-watcher@3.1.1@egg-watcher/app.js",
    "start": 1611388288901,
    "end": 1611388288905,
    "duration": 4,
    "pid": 14920,
    "index": 50
  },
  {
    "name": "Require(41) node_modules/_egg-schedule@3.6.6@egg-schedule/app.js",
    "start": 1611388288905,
    "end": 1611388288907,
    "duration": 2,
    "pid": 14920,
    "index": 51
  },
  {
    "name": "Require(42) node_modules/_egg-multipart@2.10.3@egg-multipart/app.js",
    "start": 1611388288907,
    "end": 1611388288908,
    "duration": 1,
    "pid": 14920,
    "index": 52
  },
  {
    "name": "Require(43) node_modules/_egg-development@2.7.0@egg-development/app.js",
    "start": 1611388288908,
    "end": 1611388288908,
    "duration": 0,
    "pid": 14920,
    "index": 53
  },
  {
    "name": "Require(44) node_modules/_egg-logrotator@3.1.0@egg-logrotator/app.js",
    "start": 1611388288909,
    "end": 1611388288909,
    "duration": 0,
    "pid": 14920,
    "index": 54
  },
  {
    "name": "Require(45) node_modules/_egg-static@2.2.0@egg-static/app.js",
    "start": 1611388288909,
    "end": 1611388288909,
    "duration": 0,
    "pid": 14920,
    "index": 55
  },
  {
    "name": "Require(46) node_modules/_egg-view-ejs@2.0.1@egg-view-ejs/app.js",
    "start": 1611388288910,
    "end": 1611388288910,
    "duration": 0,
    "pid": 14920,
    "index": 56
  },
  {
    "name": "Before Start in node_modules/_egg-watcher@3.1.1@egg-watcher/lib/init.js:15:14",
    "start": 1611388288919,
    "end": 1611388289121,
    "duration": 202,
    "pid": 14920,
    "index": 57
  },
  {
    "name": "Load Service",
    "start": 1611388288953,
    "end": 1611388288960,
    "duration": 7,
    "pid": 14920,
    "index": 58
  },
  {
    "name": "Load \"service\" to Context",
    "start": 1611388288953,
    "end": 1611388288960,
    "duration": 7,
    "pid": 14920,
    "index": 59
  },
  {
    "name": "Load Middleware",
    "start": 1611388288960,
    "end": 1611388289097,
    "duration": 137,
    "pid": 14920,
    "index": 60
  },
  {
    "name": "Load \"middlewares\" to Application",
    "start": 1611388288960,
    "end": 1611388289080,
    "duration": 120,
    "pid": 14920,
    "index": 61
  },
  {
    "name": "Load Controller",
    "start": 1611388289097,
    "end": 1611388289105,
    "duration": 8,
    "pid": 14920,
    "index": 62
  },
  {
    "name": "Load \"controller\" to Application",
    "start": 1611388289097,
    "end": 1611388289105,
    "duration": 8,
    "pid": 14920,
    "index": 63
  },
  {
    "name": "Load Router",
    "start": 1611388289105,
    "end": 1611388289107,
    "duration": 2,
    "pid": 14920,
    "index": 64
  },
  {
    "name": "Require(47) app/router.js",
    "start": 1611388289106,
    "end": 1611388289106,
    "duration": 0,
    "pid": 14920,
    "index": 65
  },
  {
    "name": "Before Start in node_modules/_egg-core@4.20.0@egg-core/lib/egg.js:303:10",
    "start": 1611388289106,
    "end": 1611388289114,
    "duration": 8,
    "pid": 14920,
    "index": 66
  }
]