[
  {
    "name": "Process Start",
    "start": 1611388225675,
    "end": 1611388226718,
    "duration": 1043,
    "pid": 8736,
    "index": 0
  },
  {
    "name": "Application Start",
    "start": 1611388226718,
    "end": 1611388227131,
    "duration": 413,
    "pid": 8736,
    "index": 1
  },
  {
    "name": "Load Plugin",
    "start": 1611388226724,
    "end": 1611388226743,
    "duration": 19,
    "pid": 8736,
    "index": 2
  },
  {
    "name": "Load Config",
    "start": 1611388226743,
    "end": 1611388226762,
    "duration": 19,
    "pid": 8736,
    "index": 3
  },
  {
    "name": "Require(0) config/config.default.js",
    "start": 1611388226743,
    "end": 1611388226744,
    "duration": 1,
    "pid": 8736,
    "index": 4
  },
  {
    "name": "Require(1) node_modules/_egg-session@3.2.0@egg-session/config/config.default.js",
    "start": 1611388226745,
    "end": 1611388226745,
    "duration": 0,
    "pid": 8736,
    "index": 5
  },
  {
    "name": "Require(2) node_modules/_egg-security@2.8.0@egg-security/config/config.default.js",
    "start": 1611388226746,
    "end": 1611388226746,
    "duration": 0,
    "pid": 8736,
    "index": 6
  },
  {
    "name": "Require(3) node_modules/_egg-jsonp@2.0.0@egg-jsonp/config/config.default.js",
    "start": 1611388226747,
    "end": 1611388226747,
    "duration": 0,
    "pid": 8736,
    "index": 7
  },
  {
    "name": "Require(4) node_modules/_egg-onerror@2.1.0@egg-onerror/config/config.default.js",
    "start": 1611388226748,
    "end": 1611388226748,
    "duration": 0,
    "pid": 8736,
    "index": 8
  },
  {
    "name": "Require(5) node_modules/_egg-i18n@2.1.1@egg-i18n/config/config.default.js",
    "start": 1611388226749,
    "end": 1611388226749,
    "duration": 0,
    "pid": 8736,
    "index": 9
  },
  {
    "name": "Require(6) node_modules/_egg-watcher@3.1.1@egg-watcher/config/config.default.js",
    "start": 1611388226749,
    "end": 1611388226750,
    "duration": 1,
    "pid": 8736,
    "index": 10
  },
  {
    "name": "Require(7) node_modules/_egg-schedule@3.6.6@egg-schedule/config/config.default.js",
    "start": 1611388226750,
    "end": 1611388226751,
    "duration": 1,
    "pid": 8736,
    "index": 11
  },
  {
    "name": "Require(8) node_modules/_egg-multipart@2.10.3@egg-multipart/config/config.default.js",
    "start": 1611388226751,
    "end": 1611388226752,
    "duration": 1,
    "pid": 8736,
    "index": 12
  },
  {
    "name": "Require(9) node_modules/_egg-development@2.7.0@egg-development/config/config.default.js",
    "start": 1611388226752,
    "end": 1611388226752,
    "duration": 0,
    "pid": 8736,
    "index": 13
  },
  {
    "name": "Require(10) node_modules/_egg-logrotator@3.1.0@egg-logrotator/config/config.default.js",
    "start": 1611388226753,
    "end": 1611388226753,
    "duration": 0,
    "pid": 8736,
    "index": 14
  },
  {
    "name": "Require(11) node_modules/_egg-static@2.2.0@egg-static/config/config.default.js",
    "start": 1611388226754,
    "end": 1611388226754,
    "duration": 0,
    "pid": 8736,
    "index": 15
  },
  {
    "name": "Require(12) node_modules/_egg-view@2.1.3@egg-view/config/config.default.js",
    "start": 1611388226754,
    "end": 1611388226755,
    "duration": 1,
    "pid": 8736,
    "index": 16
  },
  {
    "name": "Require(13) node_modules/_egg-view-ejs@2.0.1@egg-view-ejs/config/config.default.js",
    "start": 1611388226755,
    "end": 1611388226756,
    "duration": 1,
    "pid": 8736,
    "index": 17
  },
  {
    "name": "Require(14) node_modules/_egg@2.29.1@egg/config/config.default.js",
    "start": 1611388226756,
    "end": 1611388226756,
    "duration": 0,
    "pid": 8736,
    "index": 18
  },
  {
    "name": "Require(15) config/config.default.js",
    "start": 1611388226757,
    "end": 1611388226757,
    "duration": 0,
    "pid": 8736,
    "index": 19
  },
  {
    "name": "Require(16) node_modules/_egg-security@2.8.0@egg-security/config/config.local.js",
    "start": 1611388226758,
    "end": 1611388226758,
    "duration": 0,
    "pid": 8736,
    "index": 20
  },
  {
    "name": "Require(17) node_modules/_egg-watcher@3.1.1@egg-watcher/config/config.local.js",
    "start": 1611388226759,
    "end": 1611388226760,
    "duration": 1,
    "pid": 8736,
    "index": 21
  },
  {
    "name": "Require(18) node_modules/_egg-view@2.1.3@egg-view/config/config.local.js",
    "start": 1611388226761,
    "end": 1611388226761,
    "duration": 0,
    "pid": 8736,
    "index": 22
  },
  {
    "name": "Require(19) node_modules/_egg-view-ejs@2.0.1@egg-view-ejs/config/config.local.js",
    "start": 1611388226761,
    "end": 1611388226762,
    "duration": 1,
    "pid": 8736,
    "index": 23
  },
  {
    "name": "Require(20) node_modules/_egg@2.29.1@egg/config/config.local.js",
    "start": 1611388226762,
    "end": 1611388226762,
    "duration": 0,
    "pid": 8736,
    "index": 24
  },
  {
    "name": "Load extend/application.js",
    "start": 1611388226763,
    "end": 1611388226779,
    "duration": 16,
    "pid": 8736,
    "index": 25
  },
  {
    "name": "Require(21) node_modules/_egg-session@3.2.0@egg-session/app/extend/application.js",
    "start": 1611388226764,
    "end": 1611388226764,
    "duration": 0,
    "pid": 8736,
    "index": 26
  },
  {
    "name": "Require(22) node_modules/_egg-security@2.8.0@egg-security/app/extend/application.js",
    "start": 1611388226765,
    "end": 1611388226766,
    "duration": 1,
    "pid": 8736,
    "index": 27
  },
  {
    "name": "Require(23) node_modules/_egg-jsonp@2.0.0@egg-jsonp/app/extend/application.js",
    "start": 1611388226766,
    "end": 1611388226768,
    "duration": 2,
    "pid": 8736,
    "index": 28
  },
  {
    "name": "Require(24) node_modules/_egg-logrotator@3.1.0@egg-logrotator/app/extend/application.js",
    "start": 1611388226770,
    "end": 1611388226774,
    "duration": 4,
    "pid": 8736,
    "index": 29
  },
  {
    "name": "Require(25) node_modules/_egg-view@2.1.3@egg-view/app/extend/application.js",
    "start": 1611388226774,
    "end": 1611388226776,
    "duration": 2,
    "pid": 8736,
    "index": 30
  },
  {
    "name": "Load extend/request.js",
    "start": 1611388226779,
    "end": 1611388226791,
    "duration": 12,
    "pid": 8736,
    "index": 31
  },
  {
    "name": "Require(26) node_modules/_egg@2.29.1@egg/app/extend/request.js",
    "start": 1611388226783,
    "end": 1611388226786,
    "duration": 3,
    "pid": 8736,
    "index": 32
  },
  {
    "name": "Load extend/response.js",
    "start": 1611388226791,
    "end": 1611388226800,
    "duration": 9,
    "pid": 8736,
    "index": 33
  },
  {
    "name": "Require(27) node_modules/_egg@2.29.1@egg/app/extend/response.js",
    "start": 1611388226794,
    "end": 1611388226797,
    "duration": 3,
    "pid": 8736,
    "index": 34
  },
  {
    "name": "Load extend/context.js",
    "start": 1611388226800,
    "end": 1611388226869,
    "duration": 69,
    "pid": 8736,
    "index": 35
  },
  {
    "name": "Require(28) node_modules/_egg-security@2.8.0@egg-security/app/extend/context.js",
    "start": 1611388226800,
    "end": 1611388226814,
    "duration": 14,
    "pid": 8736,
    "index": 36
  },
  {
    "name": "Require(29) node_modules/_egg-jsonp@2.0.0@egg-jsonp/app/extend/context.js",
    "start": 1611388226814,
    "end": 1611388226816,
    "duration": 2,
    "pid": 8736,
    "index": 37
  },
  {
    "name": "Require(30) node_modules/_egg-i18n@2.1.1@egg-i18n/app/extend/context.js",
    "start": 1611388226817,
    "end": 1611388226817,
    "duration": 0,
    "pid": 8736,
    "index": 38
  },
  {
    "name": "Require(31) node_modules/_egg-multipart@2.10.3@egg-multipart/app/extend/context.js",
    "start": 1611388226818,
    "end": 1611388226862,
    "duration": 44,
    "pid": 8736,
    "index": 39
  },
  {
    "name": "Require(32) node_modules/_egg-view@2.1.3@egg-view/app/extend/context.js",
    "start": 1611388226863,
    "end": 1611388226864,
    "duration": 1,
    "pid": 8736,
    "index": 40
  },
  {
    "name": "Require(33) node_modules/_egg@2.29.1@egg/app/extend/context.js",
    "start": 1611388226864,
    "end": 1611388226866,
    "duration": 2,
    "pid": 8736,
    "index": 41
  },
  {
    "name": "Load extend/helper.js",
    "start": 1611388226869,
    "end": 1611388226890,
    "duration": 21,
    "pid": 8736,
    "index": 42
  },
  {
    "name": "Require(34) node_modules/_egg-security@2.8.0@egg-security/app/extend/helper.js",
    "start": 1611388226869,
    "end": 1611388226885,
    "duration": 16,
    "pid": 8736,
    "index": 43
  },
  {
    "name": "Require(35) node_modules/_egg@2.29.1@egg/app/extend/helper.js",
    "start": 1611388226887,
    "end": 1611388226887,
    "duration": 0,
    "pid": 8736,
    "index": 44
  },
  {
    "name": "Load app.js",
    "start": 1611388226890,
    "end": 1611388226921,
    "duration": 31,
    "pid": 8736,
    "index": 45
  },
  {
    "name": "Require(36) node_modules/_egg-session@3.2.0@egg-session/app.js",
    "start": 1611388226891,
    "end": 1611388226891,
    "duration": 0,
    "pid": 8736,
    "index": 46
  },
  {
    "name": "Require(37) node_modules/_egg-security@2.8.0@egg-security/app.js",
    "start": 1611388226891,
    "end": 1611388226893,
    "duration": 2,
    "pid": 8736,
    "index": 47
  },
  {
    "name": "Require(38) node_modules/_egg-onerror@2.1.0@egg-onerror/app.js",
    "start": 1611388226894,
    "end": 1611388226903,
    "duration": 9,
    "pid": 8736,
    "index": 48
  },
  {
    "name": "Require(39) node_modules/_egg-i18n@2.1.1@egg-i18n/app.js",
    "start": 1611388226904,
    "end": 1611388226911,
    "duration": 7,
    "pid": 8736,
    "index": 49
  },
  {
    "name": "Require(40) node_modules/_egg-watcher@3.1.1@egg-watcher/app.js",
    "start": 1611388226912,
    "end": 1611388226915,
    "duration": 3,
    "pid": 8736,
    "index": 50
  },
  {
    "name": "Require(41) node_modules/_egg-schedule@3.6.6@egg-schedule/app.js",
    "start": 1611388226916,
    "end": 1611388226918,
    "duration": 2,
    "pid": 8736,
    "index": 51
  },
  {
    "name": "Require(42) node_modules/_egg-multipart@2.10.3@egg-multipart/app.js",
    "start": 1611388226918,
    "end": 1611388226918,
    "duration": 0,
    "pid": 8736,
    "index": 52
  },
  {
    "name": "Require(43) node_modules/_egg-development@2.7.0@egg-development/app.js",
    "start": 1611388226919,
    "end": 1611388226919,
    "duration": 0,
    "pid": 8736,
    "index": 53
  },
  {
    "name": "Require(44) node_modules/_egg-logrotator@3.1.0@egg-logrotator/app.js",
    "start": 1611388226919,
    "end": 1611388226919,
    "duration": 0,
    "pid": 8736,
    "index": 54
  },
  {
    "name": "Require(45) node_modules/_egg-static@2.2.0@egg-static/app.js",
    "start": 1611388226920,
    "end": 1611388226920,
    "duration": 0,
    "pid": 8736,
    "index": 55
  },
  {
    "name": "Require(46) node_modules/_egg-view-ejs@2.0.1@egg-view-ejs/app.js",
    "start": 1611388226920,
    "end": 1611388226921,
    "duration": 1,
    "pid": 8736,
    "index": 56
  },
  {
    "name": "Before Start in node_modules/_egg-watcher@3.1.1@egg-watcher/lib/init.js:15:14",
    "start": 1611388226929,
    "end": 1611388227130,
    "duration": 201,
    "pid": 8736,
    "index": 57
  },
  {
    "name": "Load Service",
    "start": 1611388226961,
    "end": 1611388226965,
    "duration": 4,
    "pid": 8736,
    "index": 58
  },
  {
    "name": "Load \"service\" to Context",
    "start": 1611388226961,
    "end": 1611388226965,
    "duration": 4,
    "pid": 8736,
    "index": 59
  },
  {
    "name": "Load Middleware",
    "start": 1611388226965,
    "end": 1611388227104,
    "duration": 139,
    "pid": 8736,
    "index": 60
  },
  {
    "name": "Load \"middlewares\" to Application",
    "start": 1611388226965,
    "end": 1611388227086,
    "duration": 121,
    "pid": 8736,
    "index": 61
  },
  {
    "name": "Load Controller",
    "start": 1611388227104,
    "end": 1611388227114,
    "duration": 10,
    "pid": 8736,
    "index": 62
  },
  {
    "name": "Load \"controller\" to Application",
    "start": 1611388227104,
    "end": 1611388227114,
    "duration": 10,
    "pid": 8736,
    "index": 63
  },
  {
    "name": "Load Router",
    "start": 1611388227114,
    "end": 1611388227116,
    "duration": 2,
    "pid": 8736,
    "index": 64
  },
  {
    "name": "Require(47) app/router.js",
    "start": 1611388227115,
    "end": 1611388227115,
    "duration": 0,
    "pid": 8736,
    "index": 65
  },
  {
    "name": "Before Start in node_modules/_egg-core@4.20.0@egg-core/lib/egg.js:303:10",
    "start": 1611388227115,
    "end": 1611388227123,
    "duration": 8,
    "pid": 8736,
    "index": 66
  }
]