[
  {
    "name": "Process Start",
    "start": 1611388240033,
    "end": 1611388241226,
    "duration": 1193,
    "pid": 14084,
    "index": 0
  },
  {
    "name": "Application Start",
    "start": 1611388241226,
    "end": 1611388241622,
    "duration": 396,
    "pid": 14084,
    "index": 1
  },
  {
    "name": "Load Plugin",
    "start": 1611388241231,
    "end": 1611388241250,
    "duration": 19,
    "pid": 14084,
    "index": 2
  },
  {
    "name": "Load Config",
    "start": 1611388241250,
    "end": 1611388241270,
    "duration": 20,
    "pid": 14084,
    "index": 3
  },
  {
    "name": "Require(0) config/config.default.js",
    "start": 1611388241250,
    "end": 1611388241251,
    "duration": 1,
    "pid": 14084,
    "index": 4
  },
  {
    "name": "Require(1) node_modules/_egg-session@3.2.0@egg-session/config/config.default.js",
    "start": 1611388241252,
    "end": 1611388241252,
    "duration": 0,
    "pid": 14084,
    "index": 5
  },
  {
    "name": "Require(2) node_modules/_egg-security@2.8.0@egg-security/config/config.default.js",
    "start": 1611388241253,
    "end": 1611388241253,
    "duration": 0,
    "pid": 14084,
    "index": 6
  },
  {
    "name": "Require(3) node_modules/_egg-jsonp@2.0.0@egg-jsonp/config/config.default.js",
    "start": 1611388241254,
    "end": 1611388241254,
    "duration": 0,
    "pid": 14084,
    "index": 7
  },
  {
    "name": "Require(4) node_modules/_egg-onerror@2.1.0@egg-onerror/config/config.default.js",
    "start": 1611388241255,
    "end": 1611388241255,
    "duration": 0,
    "pid": 14084,
    "index": 8
  },
  {
    "name": "Require(5) node_modules/_egg-i18n@2.1.1@egg-i18n/config/config.default.js",
    "start": 1611388241256,
    "end": 1611388241256,
    "duration": 0,
    "pid": 14084,
    "index": 9
  },
  {
    "name": "Require(6) node_modules/_egg-watcher@3.1.1@egg-watcher/config/config.default.js",
    "start": 1611388241256,
    "end": 1611388241257,
    "duration": 1,
    "pid": 14084,
    "index": 10
  },
  {
    "name": "Require(7) node_modules/_egg-schedule@3.6.6@egg-schedule/config/config.default.js",
    "start": 1611388241258,
    "end": 1611388241258,
    "duration": 0,
    "pid": 14084,
    "index": 11
  },
  {
    "name": "Require(8) node_modules/_egg-multipart@2.10.3@egg-multipart/config/config.default.js",
    "start": 1611388241259,
    "end": 1611388241259,
    "duration": 0,
    "pid": 14084,
    "index": 12
  },
  {
    "name": "Require(9) node_modules/_egg-development@2.7.0@egg-development/config/config.default.js",
    "start": 1611388241260,
    "end": 1611388241260,
    "duration": 0,
    "pid": 14084,
    "index": 13
  },
  {
    "name": "Require(10) node_modules/_egg-logrotator@3.1.0@egg-logrotator/config/config.default.js",
    "start": 1611388241261,
    "end": 1611388241261,
    "duration": 0,
    "pid": 14084,
    "index": 14
  },
  {
    "name": "Require(11) node_modules/_egg-static@2.2.0@egg-static/config/config.default.js",
    "start": 1611388241261,
    "end": 1611388241262,
    "duration": 1,
    "pid": 14084,
    "index": 15
  },
  {
    "name": "Require(12) node_modules/_egg-view@2.1.3@egg-view/config/config.default.js",
    "start": 1611388241262,
    "end": 1611388241263,
    "duration": 1,
    "pid": 14084,
    "index": 16
  },
  {
    "name": "Require(13) node_modules/_egg-view-ejs@2.0.1@egg-view-ejs/config/config.default.js",
    "start": 1611388241263,
    "end": 1611388241264,
    "duration": 1,
    "pid": 14084,
    "index": 17
  },
  {
    "name": "Require(14) node_modules/_egg@2.29.1@egg/config/config.default.js",
    "start": 1611388241264,
    "end": 1611388241264,
    "duration": 0,
    "pid": 14084,
    "index": 18
  },
  {
    "name": "Require(15) config/config.default.js",
    "start": 1611388241265,
    "end": 1611388241265,
    "duration": 0,
    "pid": 14084,
    "index": 19
  },
  {
    "name": "Require(16) node_modules/_egg-security@2.8.0@egg-security/config/config.local.js",
    "start": 1611388241266,
    "end": 1611388241266,
    "duration": 0,
    "pid": 14084,
    "index": 20
  },
  {
    "name": "Require(17) node_modules/_egg-watcher@3.1.1@egg-watcher/config/config.local.js",
    "start": 1611388241267,
    "end": 1611388241267,
    "duration": 0,
    "pid": 14084,
    "index": 21
  },
  {
    "name": "Require(18) node_modules/_egg-view@2.1.3@egg-view/config/config.local.js",
    "start": 1611388241269,
    "end": 1611388241269,
    "duration": 0,
    "pid": 14084,
    "index": 22
  },
  {
    "name": "Require(19) node_modules/_egg-view-ejs@2.0.1@egg-view-ejs/config/config.local.js",
    "start": 1611388241269,
    "end": 1611388241270,
    "duration": 1,
    "pid": 14084,
    "index": 23
  },
  {
    "name": "Require(20) node_modules/_egg@2.29.1@egg/config/config.local.js",
    "start": 1611388241270,
    "end": 1611388241270,
    "duration": 0,
    "pid": 14084,
    "index": 24
  },
  {
    "name": "Load extend/application.js",
    "start": 1611388241271,
    "end": 1611388241287,
    "duration": 16,
    "pid": 14084,
    "index": 25
  },
  {
    "name": "Require(21) node_modules/_egg-session@3.2.0@egg-session/app/extend/application.js",
    "start": 1611388241272,
    "end": 1611388241272,
    "duration": 0,
    "pid": 14084,
    "index": 26
  },
  {
    "name": "Require(22) node_modules/_egg-security@2.8.0@egg-security/app/extend/application.js",
    "start": 1611388241273,
    "end": 1611388241274,
    "duration": 1,
    "pid": 14084,
    "index": 27
  },
  {
    "name": "Require(23) node_modules/_egg-jsonp@2.0.0@egg-jsonp/app/extend/application.js",
    "start": 1611388241274,
    "end": 1611388241277,
    "duration": 3,
    "pid": 14084,
    "index": 28
  },
  {
    "name": "Require(24) node_modules/_egg-logrotator@3.1.0@egg-logrotator/app/extend/application.js",
    "start": 1611388241278,
    "end": 1611388241281,
    "duration": 3,
    "pid": 14084,
    "index": 29
  },
  {
    "name": "Require(25) node_modules/_egg-view@2.1.3@egg-view/app/extend/application.js",
    "start": 1611388241282,
    "end": 1611388241284,
    "duration": 2,
    "pid": 14084,
    "index": 30
  },
  {
    "name": "Load extend/request.js",
    "start": 1611388241287,
    "end": 1611388241295,
    "duration": 8,
    "pid": 14084,
    "index": 31
  },
  {
    "name": "Require(26) node_modules/_egg@2.29.1@egg/app/extend/request.js",
    "start": 1611388241289,
    "end": 1611388241291,
    "duration": 2,
    "pid": 14084,
    "index": 32
  },
  {
    "name": "Load extend/response.js",
    "start": 1611388241295,
    "end": 1611388241303,
    "duration": 8,
    "pid": 14084,
    "index": 33
  },
  {
    "name": "Require(27) node_modules/_egg@2.29.1@egg/app/extend/response.js",
    "start": 1611388241298,
    "end": 1611388241300,
    "duration": 2,
    "pid": 14084,
    "index": 34
  },
  {
    "name": "Load extend/context.js",
    "start": 1611388241303,
    "end": 1611388241372,
    "duration": 69,
    "pid": 14084,
    "index": 35
  },
  {
    "name": "Require(28) node_modules/_egg-security@2.8.0@egg-security/app/extend/context.js",
    "start": 1611388241303,
    "end": 1611388241317,
    "duration": 14,
    "pid": 14084,
    "index": 36
  },
  {
    "name": "Require(29) node_modules/_egg-jsonp@2.0.0@egg-jsonp/app/extend/context.js",
    "start": 1611388241318,
    "end": 1611388241319,
    "duration": 1,
    "pid": 14084,
    "index": 37
  },
  {
    "name": "Require(30) node_modules/_egg-i18n@2.1.1@egg-i18n/app/extend/context.js",
    "start": 1611388241320,
    "end": 1611388241320,
    "duration": 0,
    "pid": 14084,
    "index": 38
  },
  {
    "name": "Require(31) node_modules/_egg-multipart@2.10.3@egg-multipart/app/extend/context.js",
    "start": 1611388241321,
    "end": 1611388241365,
    "duration": 44,
    "pid": 14084,
    "index": 39
  },
  {
    "name": "Require(32) node_modules/_egg-view@2.1.3@egg-view/app/extend/context.js",
    "start": 1611388241366,
    "end": 1611388241367,
    "duration": 1,
    "pid": 14084,
    "index": 40
  },
  {
    "name": "Require(33) node_modules/_egg@2.29.1@egg/app/extend/context.js",
    "start": 1611388241368,
    "end": 1611388241369,
    "duration": 1,
    "pid": 14084,
    "index": 41
  },
  {
    "name": "Load extend/helper.js",
    "start": 1611388241372,
    "end": 1611388241393,
    "duration": 21,
    "pid": 14084,
    "index": 42
  },
  {
    "name": "Require(34) node_modules/_egg-security@2.8.0@egg-security/app/extend/helper.js",
    "start": 1611388241372,
    "end": 1611388241388,
    "duration": 16,
    "pid": 14084,
    "index": 43
  },
  {
    "name": "Require(35) node_modules/_egg@2.29.1@egg/app/extend/helper.js",
    "start": 1611388241390,
    "end": 1611388241390,
    "duration": 0,
    "pid": 14084,
    "index": 44
  },
  {
    "name": "Load app.js",
    "start": 1611388241393,
    "end": 1611388241425,
    "duration": 32,
    "pid": 14084,
    "index": 45
  },
  {
    "name": "Require(36) node_modules/_egg-session@3.2.0@egg-session/app.js",
    "start": 1611388241393,
    "end": 1611388241394,
    "duration": 1,
    "pid": 14084,
    "index": 46
  },
  {
    "name": "Require(37) node_modules/_egg-security@2.8.0@egg-security/app.js",
    "start": 1611388241394,
    "end": 1611388241396,
    "duration": 2,
    "pid": 14084,
    "index": 47
  },
  {
    "name": "Require(38) node_modules/_egg-onerror@2.1.0@egg-onerror/app.js",
    "start": 1611388241397,
    "end": 1611388241406,
    "duration": 9,
    "pid": 14084,
    "index": 48
  },
  {
    "name": "Require(39) node_modules/_egg-i18n@2.1.1@egg-i18n/app.js",
    "start": 1611388241406,
    "end": 1611388241415,
    "duration": 9,
    "pid": 14084,
    "index": 49
  },
  {
    "name": "Require(40) node_modules/_egg-watcher@3.1.1@egg-watcher/app.js",
    "start": 1611388241415,
    "end": 1611388241419,
    "duration": 4,
    "pid": 14084,
    "index": 50
  },
  {
    "name": "Require(41) node_modules/_egg-schedule@3.6.6@egg-schedule/app.js",
    "start": 1611388241419,
    "end": 1611388241421,
    "duration": 2,
    "pid": 14084,
    "index": 51
  },
  {
    "name": "Require(42) node_modules/_egg-multipart@2.10.3@egg-multipart/app.js",
    "start": 1611388241421,
    "end": 1611388241422,
    "duration": 1,
    "pid": 14084,
    "index": 52
  },
  {
    "name": "Require(43) node_modules/_egg-development@2.7.0@egg-development/app.js",
    "start": 1611388241422,
    "end": 1611388241422,
    "duration": 0,
    "pid": 14084,
    "index": 53
  },
  {
    "name": "Require(44) node_modules/_egg-logrotator@3.1.0@egg-logrotator/app.js",
    "start": 1611388241423,
    "end": 1611388241423,
    "duration": 0,
    "pid": 14084,
    "index": 54
  },
  {
    "name": "Require(45) node_modules/_egg-static@2.2.0@egg-static/app.js",
    "start": 1611388241423,
    "end": 1611388241423,
    "duration": 0,
    "pid": 14084,
    "index": 55
  },
  {
    "name": "Require(46) node_modules/_egg-view-ejs@2.0.1@egg-view-ejs/app.js",
    "start": 1611388241424,
    "end": 1611388241424,
    "duration": 0,
    "pid": 14084,
    "index": 56
  },
  {
    "name": "Before Start in node_modules/_egg-watcher@3.1.1@egg-watcher/lib/init.js:15:14",
    "start": 1611388241433,
    "end": 1611388241621,
    "duration": 188,
    "pid": 14084,
    "index": 57
  },
  {
    "name": "Load Service",
    "start": 1611388241464,
    "end": 1611388241469,
    "duration": 5,
    "pid": 14084,
    "index": 58
  },
  {
    "name": "Load \"service\" to Context",
    "start": 1611388241465,
    "end": 1611388241469,
    "duration": 4,
    "pid": 14084,
    "index": 59
  },
  {
    "name": "Load Middleware",
    "start": 1611388241469,
    "end": 1611388241601,
    "duration": 132,
    "pid": 14084,
    "index": 60
  },
  {
    "name": "Load \"middlewares\" to Application",
    "start": 1611388241469,
    "end": 1611388241586,
    "duration": 117,
    "pid": 14084,
    "index": 61
  },
  {
    "name": "Load Controller",
    "start": 1611388241601,
    "end": 1611388241608,
    "duration": 7,
    "pid": 14084,
    "index": 62
  },
  {
    "name": "Load \"controller\" to Application",
    "start": 1611388241601,
    "end": 1611388241608,
    "duration": 7,
    "pid": 14084,
    "index": 63
  },
  {
    "name": "Load Router",
    "start": 1611388241608,
    "end": 1611388241610,
    "duration": 2,
    "pid": 14084,
    "index": 64
  },
  {
    "name": "Require(47) app/router.js",
    "start": 1611388241608,
    "end": 1611388241609,
    "duration": 1,
    "pid": 14084,
    "index": 65
  },
  {
    "name": "Before Start in node_modules/_egg-core@4.20.0@egg-core/lib/egg.js:303:10",
    "start": 1611388241609,
    "end": 1611388241615,
    "duration": 6,
    "pid": 14084,
    "index": 66
  }
]