[
  {
    "name": "Process Start",
    "start": 1611388304856,
    "end": 1611388305982,
    "duration": 1126,
    "pid": 16208,
    "index": 0
  },
  {
    "name": "Application Start",
    "start": 1611388305983,
    "end": 1611388306491,
    "duration": 508,
    "pid": 16208,
    "index": 1
  },
  {
    "name": "Load Plugin",
    "start": 1611388305988,
    "end": 1611388306021,
    "duration": 33,
    "pid": 16208,
    "index": 2
  },
  {
    "name": "Load Config",
    "start": 1611388306021,
    "end": 1611388306051,
    "duration": 30,
    "pid": 16208,
    "index": 3
  },
  {
    "name": "Require(0) config/config.default.js",
    "start": 1611388306022,
    "end": 1611388306023,
    "duration": 1,
    "pid": 16208,
    "index": 4
  },
  {
    "name": "Require(1) node_modules/_egg-session@3.2.0@egg-session/config/config.default.js",
    "start": 1611388306025,
    "end": 1611388306025,
    "duration": 0,
    "pid": 16208,
    "index": 5
  },
  {
    "name": "Require(2) node_modules/_egg-security@2.8.0@egg-security/config/config.default.js",
    "start": 1611388306026,
    "end": 1611388306026,
    "duration": 0,
    "pid": 16208,
    "index": 6
  },
  {
    "name": "Require(3) node_modules/_egg-jsonp@2.0.0@egg-jsonp/config/config.default.js",
    "start": 1611388306027,
    "end": 1611388306028,
    "duration": 1,
    "pid": 16208,
    "index": 7
  },
  {
    "name": "Require(4) node_modules/_egg-onerror@2.1.0@egg-onerror/config/config.default.js",
    "start": 1611388306028,
    "end": 1611388306029,
    "duration": 1,
    "pid": 16208,
    "index": 8
  },
  {
    "name": "Require(5) node_modules/_egg-i18n@2.1.1@egg-i18n/config/config.default.js",
    "start": 1611388306029,
    "end": 1611388306030,
    "duration": 1,
    "pid": 16208,
    "index": 9
  },
  {
    "name": "Require(6) node_modules/_egg-watcher@3.1.1@egg-watcher/config/config.default.js",
    "start": 1611388306031,
    "end": 1611388306031,
    "duration": 0,
    "pid": 16208,
    "index": 10
  },
  {
    "name": "Require(7) node_modules/_egg-schedule@3.6.6@egg-schedule/config/config.default.js",
    "start": 1611388306032,
    "end": 1611388306032,
    "duration": 0,
    "pid": 16208,
    "index": 11
  },
  {
    "name": "Require(8) node_modules/_egg-multipart@2.10.3@egg-multipart/config/config.default.js",
    "start": 1611388306033,
    "end": 1611388306034,
    "duration": 1,
    "pid": 16208,
    "index": 12
  },
  {
    "name": "Require(9) node_modules/_egg-development@2.7.0@egg-development/config/config.default.js",
    "start": 1611388306035,
    "end": 1611388306035,
    "duration": 0,
    "pid": 16208,
    "index": 13
  },
  {
    "name": "Require(10) node_modules/_egg-logrotator@3.1.0@egg-logrotator/config/config.default.js",
    "start": 1611388306036,
    "end": 1611388306037,
    "duration": 1,
    "pid": 16208,
    "index": 14
  },
  {
    "name": "Require(11) node_modules/_egg-static@2.2.0@egg-static/config/config.default.js",
    "start": 1611388306037,
    "end": 1611388306038,
    "duration": 1,
    "pid": 16208,
    "index": 15
  },
  {
    "name": "Require(12) node_modules/_egg-view@2.1.3@egg-view/config/config.default.js",
    "start": 1611388306039,
    "end": 1611388306040,
    "duration": 1,
    "pid": 16208,
    "index": 16
  },
  {
    "name": "Require(13) node_modules/_egg-view-ejs@2.0.1@egg-view-ejs/config/config.default.js",
    "start": 1611388306040,
    "end": 1611388306041,
    "duration": 1,
    "pid": 16208,
    "index": 17
  },
  {
    "name": "Require(14) node_modules/_egg@2.29.1@egg/config/config.default.js",
    "start": 1611388306041,
    "end": 1611388306042,
    "duration": 1,
    "pid": 16208,
    "index": 18
  },
  {
    "name": "Require(15) config/config.default.js",
    "start": 1611388306043,
    "end": 1611388306043,
    "duration": 0,
    "pid": 16208,
    "index": 19
  },
  {
    "name": "Require(16) node_modules/_egg-security@2.8.0@egg-security/config/config.local.js",
    "start": 1611388306044,
    "end": 1611388306045,
    "duration": 1,
    "pid": 16208,
    "index": 20
  },
  {
    "name": "Require(17) node_modules/_egg-watcher@3.1.1@egg-watcher/config/config.local.js",
    "start": 1611388306046,
    "end": 1611388306047,
    "duration": 1,
    "pid": 16208,
    "index": 21
  },
  {
    "name": "Require(18) node_modules/_egg-view@2.1.3@egg-view/config/config.local.js",
    "start": 1611388306048,
    "end": 1611388306049,
    "duration": 1,
    "pid": 16208,
    "index": 22
  },
  {
    "name": "Require(19) node_modules/_egg-view-ejs@2.0.1@egg-view-ejs/config/config.local.js",
    "start": 1611388306049,
    "end": 1611388306050,
    "duration": 1,
    "pid": 16208,
    "index": 23
  },
  {
    "name": "Require(20) node_modules/_egg@2.29.1@egg/config/config.local.js",
    "start": 1611388306050,
    "end": 1611388306051,
    "duration": 1,
    "pid": 16208,
    "index": 24
  },
  {
    "name": "Load extend/application.js",
    "start": 1611388306052,
    "end": 1611388306074,
    "duration": 22,
    "pid": 16208,
    "index": 25
  },
  {
    "name": "Require(21) node_modules/_egg-session@3.2.0@egg-session/app/extend/application.js",
    "start": 1611388306053,
    "end": 1611388306054,
    "duration": 1,
    "pid": 16208,
    "index": 26
  },
  {
    "name": "Require(22) node_modules/_egg-security@2.8.0@egg-security/app/extend/application.js",
    "start": 1611388306054,
    "end": 1611388306056,
    "duration": 2,
    "pid": 16208,
    "index": 27
  },
  {
    "name": "Require(23) node_modules/_egg-jsonp@2.0.0@egg-jsonp/app/extend/application.js",
    "start": 1611388306057,
    "end": 1611388306060,
    "duration": 3,
    "pid": 16208,
    "index": 28
  },
  {
    "name": "Require(24) node_modules/_egg-logrotator@3.1.0@egg-logrotator/app/extend/application.js",
    "start": 1611388306062,
    "end": 1611388306065,
    "duration": 3,
    "pid": 16208,
    "index": 29
  },
  {
    "name": "Require(25) node_modules/_egg-view@2.1.3@egg-view/app/extend/application.js",
    "start": 1611388306066,
    "end": 1611388306069,
    "duration": 3,
    "pid": 16208,
    "index": 30
  },
  {
    "name": "Load extend/request.js",
    "start": 1611388306074,
    "end": 1611388306082,
    "duration": 8,
    "pid": 16208,
    "index": 31
  },
  {
    "name": "Require(26) node_modules/_egg@2.29.1@egg/app/extend/request.js",
    "start": 1611388306077,
    "end": 1611388306079,
    "duration": 2,
    "pid": 16208,
    "index": 32
  },
  {
    "name": "Load extend/response.js",
    "start": 1611388306082,
    "end": 1611388306096,
    "duration": 14,
    "pid": 16208,
    "index": 33
  },
  {
    "name": "Require(27) node_modules/_egg@2.29.1@egg/app/extend/response.js",
    "start": 1611388306088,
    "end": 1611388306092,
    "duration": 4,
    "pid": 16208,
    "index": 34
  },
  {
    "name": "Load extend/context.js",
    "start": 1611388306096,
    "end": 1611388306178,
    "duration": 82,
    "pid": 16208,
    "index": 35
  },
  {
    "name": "Require(28) node_modules/_egg-security@2.8.0@egg-security/app/extend/context.js",
    "start": 1611388306096,
    "end": 1611388306113,
    "duration": 17,
    "pid": 16208,
    "index": 36
  },
  {
    "name": "Require(29) node_modules/_egg-jsonp@2.0.0@egg-jsonp/app/extend/context.js",
    "start": 1611388306113,
    "end": 1611388306115,
    "duration": 2,
    "pid": 16208,
    "index": 37
  },
  {
    "name": "Require(30) node_modules/_egg-i18n@2.1.1@egg-i18n/app/extend/context.js",
    "start": 1611388306116,
    "end": 1611388306117,
    "duration": 1,
    "pid": 16208,
    "index": 38
  },
  {
    "name": "Require(31) node_modules/_egg-multipart@2.10.3@egg-multipart/app/extend/context.js",
    "start": 1611388306118,
    "end": 1611388306170,
    "duration": 52,
    "pid": 16208,
    "index": 39
  },
  {
    "name": "Require(32) node_modules/_egg-view@2.1.3@egg-view/app/extend/context.js",
    "start": 1611388306171,
    "end": 1611388306172,
    "duration": 1,
    "pid": 16208,
    "index": 40
  },
  {
    "name": "Require(33) node_modules/_egg@2.29.1@egg/app/extend/context.js",
    "start": 1611388306173,
    "end": 1611388306175,
    "duration": 2,
    "pid": 16208,
    "index": 41
  },
  {
    "name": "Load extend/helper.js",
    "start": 1611388306178,
    "end": 1611388306206,
    "duration": 28,
    "pid": 16208,
    "index": 42
  },
  {
    "name": "Require(34) node_modules/_egg-security@2.8.0@egg-security/app/extend/helper.js",
    "start": 1611388306179,
    "end": 1611388306199,
    "duration": 20,
    "pid": 16208,
    "index": 43
  },
  {
    "name": "Require(35) node_modules/_egg@2.29.1@egg/app/extend/helper.js",
    "start": 1611388306202,
    "end": 1611388306202,
    "duration": 0,
    "pid": 16208,
    "index": 44
  },
  {
    "name": "Load app.js",
    "start": 1611388306206,
    "end": 1611388306256,
    "duration": 50,
    "pid": 16208,
    "index": 45
  },
  {
    "name": "Require(36) node_modules/_egg-session@3.2.0@egg-session/app.js",
    "start": 1611388306207,
    "end": 1611388306207,
    "duration": 0,
    "pid": 16208,
    "index": 46
  },
  {
    "name": "Require(37) node_modules/_egg-security@2.8.0@egg-security/app.js",
    "start": 1611388306208,
    "end": 1611388306211,
    "duration": 3,
    "pid": 16208,
    "index": 47
  },
  {
    "name": "Require(38) node_modules/_egg-onerror@2.1.0@egg-onerror/app.js",
    "start": 1611388306212,
    "end": 1611388306228,
    "duration": 16,
    "pid": 16208,
    "index": 48
  },
  {
    "name": "Require(39) node_modules/_egg-i18n@2.1.1@egg-i18n/app.js",
    "start": 1611388306228,
    "end": 1611388306241,
    "duration": 13,
    "pid": 16208,
    "index": 49
  },
  {
    "name": "Require(40) node_modules/_egg-watcher@3.1.1@egg-watcher/app.js",
    "start": 1611388306242,
    "end": 1611388306246,
    "duration": 4,
    "pid": 16208,
    "index": 50
  },
  {
    "name": "Require(41) node_modules/_egg-schedule@3.6.6@egg-schedule/app.js",
    "start": 1611388306247,
    "end": 1611388306250,
    "duration": 3,
    "pid": 16208,
    "index": 51
  },
  {
    "name": "Require(42) node_modules/_egg-multipart@2.10.3@egg-multipart/app.js",
    "start": 1611388306250,
    "end": 1611388306251,
    "duration": 1,
    "pid": 16208,
    "index": 52
  },
  {
    "name": "Require(43) node_modules/_egg-development@2.7.0@egg-development/app.js",
    "start": 1611388306251,
    "end": 1611388306252,
    "duration": 1,
    "pid": 16208,
    "index": 53
  },
  {
    "name": "Require(44) node_modules/_egg-logrotator@3.1.0@egg-logrotator/app.js",
    "start": 1611388306252,
    "end": 1611388306252,
    "duration": 0,
    "pid": 16208,
    "index": 54
  },
  {
    "name": "Require(45) node_modules/_egg-static@2.2.0@egg-static/app.js",
    "start": 1611388306253,
    "end": 1611388306253,
    "duration": 0,
    "pid": 16208,
    "index": 55
  },
  {
    "name": "Require(46) node_modules/_egg-view-ejs@2.0.1@egg-view-ejs/app.js",
    "start": 1611388306254,
    "end": 1611388306255,
    "duration": 1,
    "pid": 16208,
    "index": 56
  },
  {
    "name": "Before Start in node_modules/_egg-watcher@3.1.1@egg-watcher/lib/init.js:15:14",
    "start": 1611388306267,
    "end": 1611388306491,
    "duration": 224,
    "pid": 16208,
    "index": 57
  },
  {
    "name": "Load Service",
    "start": 1611388306305,
    "end": 1611388306310,
    "duration": 5,
    "pid": 16208,
    "index": 58
  },
  {
    "name": "Load \"service\" to Context",
    "start": 1611388306305,
    "end": 1611388306310,
    "duration": 5,
    "pid": 16208,
    "index": 59
  },
  {
    "name": "Load Middleware",
    "start": 1611388306310,
    "end": 1611388306462,
    "duration": 152,
    "pid": 16208,
    "index": 60
  },
  {
    "name": "Load \"middlewares\" to Application",
    "start": 1611388306311,
    "end": 1611388306444,
    "duration": 133,
    "pid": 16208,
    "index": 61
  },
  {
    "name": "Load Controller",
    "start": 1611388306462,
    "end": 1611388306473,
    "duration": 11,
    "pid": 16208,
    "index": 62
  },
  {
    "name": "Load \"controller\" to Application",
    "start": 1611388306463,
    "end": 1611388306473,
    "duration": 10,
    "pid": 16208,
    "index": 63
  },
  {
    "name": "Load Router",
    "start": 1611388306473,
    "end": 1611388306476,
    "duration": 3,
    "pid": 16208,
    "index": 64
  },
  {
    "name": "Require(47) app/router.js",
    "start": 1611388306474,
    "end": 1611388306474,
    "duration": 0,
    "pid": 16208,
    "index": 65
  },
  {
    "name": "Before Start in node_modules/_egg-core@4.20.0@egg-core/lib/egg.js:303:10",
    "start": 1611388306475,
    "end": 1611388306482,
    "duration": 7,
    "pid": 16208,
    "index": 66
  }
]