[
  {
    "name": "Process Start",
    "start": 1611388275765,
    "end": 1611388276899,
    "duration": 1134,
    "pid": 13076,
    "index": 0
  },
  {
    "name": "Application Start",
    "start": 1611388276900,
    "end": 1611388277348,
    "duration": 448,
    "pid": 13076,
    "index": 1
  },
  {
    "name": "Load Plugin",
    "start": 1611388276905,
    "end": 1611388276928,
    "duration": 23,
    "pid": 13076,
    "index": 2
  },
  {
    "name": "Load Config",
    "start": 1611388276928,
    "end": 1611388276953,
    "duration": 25,
    "pid": 13076,
    "index": 3
  },
  {
    "name": "Require(0) config/config.default.js",
    "start": 1611388276929,
    "end": 1611388276929,
    "duration": 0,
    "pid": 13076,
    "index": 4
  },
  {
    "name": "Require(1) node_modules/_egg-session@3.2.0@egg-session/config/config.default.js",
    "start": 1611388276931,
    "end": 1611388276931,
    "duration": 0,
    "pid": 13076,
    "index": 5
  },
  {
    "name": "Require(2) node_modules/_egg-security@2.8.0@egg-security/config/config.default.js",
    "start": 1611388276932,
    "end": 1611388276932,
    "duration": 0,
    "pid": 13076,
    "index": 6
  },
  {
    "name": "Require(3) node_modules/_egg-jsonp@2.0.0@egg-jsonp/config/config.default.js",
    "start": 1611388276933,
    "end": 1611388276934,
    "duration": 1,
    "pid": 13076,
    "index": 7
  },
  {
    "name": "Require(4) node_modules/_egg-onerror@2.1.0@egg-onerror/config/config.default.js",
    "start": 1611388276934,
    "end": 1611388276935,
    "duration": 1,
    "pid": 13076,
    "index": 8
  },
  {
    "name": "Require(5) node_modules/_egg-i18n@2.1.1@egg-i18n/config/config.default.js",
    "start": 1611388276935,
    "end": 1611388276935,
    "duration": 0,
    "pid": 13076,
    "index": 9
  },
  {
    "name": "Require(6) node_modules/_egg-watcher@3.1.1@egg-watcher/config/config.default.js",
    "start": 1611388276936,
    "end": 1611388276937,
    "duration": 1,
    "pid": 13076,
    "index": 10
  },
  {
    "name": "Require(7) node_modules/_egg-schedule@3.6.6@egg-schedule/config/config.default.js",
    "start": 1611388276938,
    "end": 1611388276938,
    "duration": 0,
    "pid": 13076,
    "index": 11
  },
  {
    "name": "Require(8) node_modules/_egg-multipart@2.10.3@egg-multipart/config/config.default.js",
    "start": 1611388276939,
    "end": 1611388276939,
    "duration": 0,
    "pid": 13076,
    "index": 12
  },
  {
    "name": "Require(9) node_modules/_egg-development@2.7.0@egg-development/config/config.default.js",
    "start": 1611388276940,
    "end": 1611388276941,
    "duration": 1,
    "pid": 13076,
    "index": 13
  },
  {
    "name": "Require(10) node_modules/_egg-logrotator@3.1.0@egg-logrotator/config/config.default.js",
    "start": 1611388276941,
    "end": 1611388276942,
    "duration": 1,
    "pid": 13076,
    "index": 14
  },
  {
    "name": "Require(11) node_modules/_egg-static@2.2.0@egg-static/config/config.default.js",
    "start": 1611388276943,
    "end": 1611388276943,
    "duration": 0,
    "pid": 13076,
    "index": 15
  },
  {
    "name": "Require(12) node_modules/_egg-view@2.1.3@egg-view/config/config.default.js",
    "start": 1611388276944,
    "end": 1611388276944,
    "duration": 0,
    "pid": 13076,
    "index": 16
  },
  {
    "name": "Require(13) node_modules/_egg-view-ejs@2.0.1@egg-view-ejs/config/config.default.js",
    "start": 1611388276945,
    "end": 1611388276945,
    "duration": 0,
    "pid": 13076,
    "index": 17
  },
  {
    "name": "Require(14) node_modules/_egg@2.29.1@egg/config/config.default.js",
    "start": 1611388276946,
    "end": 1611388276946,
    "duration": 0,
    "pid": 13076,
    "index": 18
  },
  {
    "name": "Require(15) config/config.default.js",
    "start": 1611388276947,
    "end": 1611388276947,
    "duration": 0,
    "pid": 13076,
    "index": 19
  },
  {
    "name": "Require(16) node_modules/_egg-security@2.8.0@egg-security/config/config.local.js",
    "start": 1611388276948,
    "end": 1611388276948,
    "duration": 0,
    "pid": 13076,
    "index": 20
  },
  {
    "name": "Require(17) node_modules/_egg-watcher@3.1.1@egg-watcher/config/config.local.js",
    "start": 1611388276949,
    "end": 1611388276950,
    "duration": 1,
    "pid": 13076,
    "index": 21
  },
  {
    "name": "Require(18) node_modules/_egg-view@2.1.3@egg-view/config/config.local.js",
    "start": 1611388276951,
    "end": 1611388276951,
    "duration": 0,
    "pid": 13076,
    "index": 22
  },
  {
    "name": "Require(19) node_modules/_egg-view-ejs@2.0.1@egg-view-ejs/config/config.local.js",
    "start": 1611388276952,
    "end": 1611388276952,
    "duration": 0,
    "pid": 13076,
    "index": 23
  },
  {
    "name": "Require(20) node_modules/_egg@2.29.1@egg/config/config.local.js",
    "start": 1611388276952,
    "end": 1611388276953,
    "duration": 1,
    "pid": 13076,
    "index": 24
  },
  {
    "name": "Load extend/application.js",
    "start": 1611388276954,
    "end": 1611388276972,
    "duration": 18,
    "pid": 13076,
    "index": 25
  },
  {
    "name": "Require(21) node_modules/_egg-session@3.2.0@egg-session/app/extend/application.js",
    "start": 1611388276955,
    "end": 1611388276956,
    "duration": 1,
    "pid": 13076,
    "index": 26
  },
  {
    "name": "Require(22) node_modules/_egg-security@2.8.0@egg-security/app/extend/application.js",
    "start": 1611388276956,
    "end": 1611388276957,
    "duration": 1,
    "pid": 13076,
    "index": 27
  },
  {
    "name": "Require(23) node_modules/_egg-jsonp@2.0.0@egg-jsonp/app/extend/application.js",
    "start": 1611388276958,
    "end": 1611388276960,
    "duration": 2,
    "pid": 13076,
    "index": 28
  },
  {
    "name": "Require(24) node_modules/_egg-logrotator@3.1.0@egg-logrotator/app/extend/application.js",
    "start": 1611388276962,
    "end": 1611388276965,
    "duration": 3,
    "pid": 13076,
    "index": 29
  },
  {
    "name": "Require(25) node_modules/_egg-view@2.1.3@egg-view/app/extend/application.js",
    "start": 1611388276965,
    "end": 1611388276967,
    "duration": 2,
    "pid": 13076,
    "index": 30
  },
  {
    "name": "Load extend/request.js",
    "start": 1611388276972,
    "end": 1611388276981,
    "duration": 9,
    "pid": 13076,
    "index": 31
  },
  {
    "name": "Require(26) node_modules/_egg@2.29.1@egg/app/extend/request.js",
    "start": 1611388276975,
    "end": 1611388276976,
    "duration": 1,
    "pid": 13076,
    "index": 32
  },
  {
    "name": "Load extend/response.js",
    "start": 1611388276981,
    "end": 1611388276990,
    "duration": 9,
    "pid": 13076,
    "index": 33
  },
  {
    "name": "Require(27) node_modules/_egg@2.29.1@egg/app/extend/response.js",
    "start": 1611388276984,
    "end": 1611388276987,
    "duration": 3,
    "pid": 13076,
    "index": 34
  },
  {
    "name": "Load extend/context.js",
    "start": 1611388276990,
    "end": 1611388277060,
    "duration": 70,
    "pid": 13076,
    "index": 35
  },
  {
    "name": "Require(28) node_modules/_egg-security@2.8.0@egg-security/app/extend/context.js",
    "start": 1611388276990,
    "end": 1611388277004,
    "duration": 14,
    "pid": 13076,
    "index": 36
  },
  {
    "name": "Require(29) node_modules/_egg-jsonp@2.0.0@egg-jsonp/app/extend/context.js",
    "start": 1611388277005,
    "end": 1611388277007,
    "duration": 2,
    "pid": 13076,
    "index": 37
  },
  {
    "name": "Require(30) node_modules/_egg-i18n@2.1.1@egg-i18n/app/extend/context.js",
    "start": 1611388277007,
    "end": 1611388277007,
    "duration": 0,
    "pid": 13076,
    "index": 38
  },
  {
    "name": "Require(31) node_modules/_egg-multipart@2.10.3@egg-multipart/app/extend/context.js",
    "start": 1611388277008,
    "end": 1611388277054,
    "duration": 46,
    "pid": 13076,
    "index": 39
  },
  {
    "name": "Require(32) node_modules/_egg-view@2.1.3@egg-view/app/extend/context.js",
    "start": 1611388277055,
    "end": 1611388277056,
    "duration": 1,
    "pid": 13076,
    "index": 40
  },
  {
    "name": "Require(33) node_modules/_egg@2.29.1@egg/app/extend/context.js",
    "start": 1611388277056,
    "end": 1611388277058,
    "duration": 2,
    "pid": 13076,
    "index": 41
  },
  {
    "name": "Load extend/helper.js",
    "start": 1611388277060,
    "end": 1611388277082,
    "duration": 22,
    "pid": 13076,
    "index": 42
  },
  {
    "name": "Require(34) node_modules/_egg-security@2.8.0@egg-security/app/extend/helper.js",
    "start": 1611388277061,
    "end": 1611388277077,
    "duration": 16,
    "pid": 13076,
    "index": 43
  },
  {
    "name": "Require(35) node_modules/_egg@2.29.1@egg/app/extend/helper.js",
    "start": 1611388277079,
    "end": 1611388277079,
    "duration": 0,
    "pid": 13076,
    "index": 44
  },
  {
    "name": "Load app.js",
    "start": 1611388277082,
    "end": 1611388277115,
    "duration": 33,
    "pid": 13076,
    "index": 45
  },
  {
    "name": "Require(36) node_modules/_egg-session@3.2.0@egg-session/app.js",
    "start": 1611388277082,
    "end": 1611388277083,
    "duration": 1,
    "pid": 13076,
    "index": 46
  },
  {
    "name": "Require(37) node_modules/_egg-security@2.8.0@egg-security/app.js",
    "start": 1611388277083,
    "end": 1611388277085,
    "duration": 2,
    "pid": 13076,
    "index": 47
  },
  {
    "name": "Require(38) node_modules/_egg-onerror@2.1.0@egg-onerror/app.js",
    "start": 1611388277085,
    "end": 1611388277095,
    "duration": 10,
    "pid": 13076,
    "index": 48
  },
  {
    "name": "Require(39) node_modules/_egg-i18n@2.1.1@egg-i18n/app.js",
    "start": 1611388277096,
    "end": 1611388277103,
    "duration": 7,
    "pid": 13076,
    "index": 49
  },
  {
    "name": "Require(40) node_modules/_egg-watcher@3.1.1@egg-watcher/app.js",
    "start": 1611388277104,
    "end": 1611388277108,
    "duration": 4,
    "pid": 13076,
    "index": 50
  },
  {
    "name": "Require(41) node_modules/_egg-schedule@3.6.6@egg-schedule/app.js",
    "start": 1611388277108,
    "end": 1611388277110,
    "duration": 2,
    "pid": 13076,
    "index": 51
  },
  {
    "name": "Require(42) node_modules/_egg-multipart@2.10.3@egg-multipart/app.js",
    "start": 1611388277110,
    "end": 1611388277111,
    "duration": 1,
    "pid": 13076,
    "index": 52
  },
  {
    "name": "Require(43) node_modules/_egg-development@2.7.0@egg-development/app.js",
    "start": 1611388277111,
    "end": 1611388277111,
    "duration": 0,
    "pid": 13076,
    "index": 53
  },
  {
    "name": "Require(44) node_modules/_egg-logrotator@3.1.0@egg-logrotator/app.js",
    "start": 1611388277112,
    "end": 1611388277112,
    "duration": 0,
    "pid": 13076,
    "index": 54
  },
  {
    "name": "Require(45) node_modules/_egg-static@2.2.0@egg-static/app.js",
    "start": 1611388277112,
    "end": 1611388277112,
    "duration": 0,
    "pid": 13076,
    "index": 55
  },
  {
    "name": "Require(46) node_modules/_egg-view-ejs@2.0.1@egg-view-ejs/app.js",
    "start": 1611388277113,
    "end": 1611388277114,
    "duration": 1,
    "pid": 13076,
    "index": 56
  },
  {
    "name": "Before Start in node_modules/_egg-watcher@3.1.1@egg-watcher/lib/init.js:15:14",
    "start": 1611388277123,
    "end": 1611388277347,
    "duration": 224,
    "pid": 13076,
    "index": 57
  },
  {
    "name": "Load Service",
    "start": 1611388277160,
    "end": 1611388277165,
    "duration": 5,
    "pid": 13076,
    "index": 58
  },
  {
    "name": "Load \"service\" to Context",
    "start": 1611388277161,
    "end": 1611388277165,
    "duration": 4,
    "pid": 13076,
    "index": 59
  },
  {
    "name": "Load Middleware",
    "start": 1611388277165,
    "end": 1611388277325,
    "duration": 160,
    "pid": 13076,
    "index": 60
  },
  {
    "name": "Load \"middlewares\" to Application",
    "start": 1611388277166,
    "end": 1611388277309,
    "duration": 143,
    "pid": 13076,
    "index": 61
  },
  {
    "name": "Load Controller",
    "start": 1611388277325,
    "end": 1611388277332,
    "duration": 7,
    "pid": 13076,
    "index": 62
  },
  {
    "name": "Load \"controller\" to Application",
    "start": 1611388277325,
    "end": 1611388277332,
    "duration": 7,
    "pid": 13076,
    "index": 63
  },
  {
    "name": "Load Router",
    "start": 1611388277332,
    "end": 1611388277334,
    "duration": 2,
    "pid": 13076,
    "index": 64
  },
  {
    "name": "Require(47) app/router.js",
    "start": 1611388277333,
    "end": 1611388277333,
    "duration": 0,
    "pid": 13076,
    "index": 65
  },
  {
    "name": "Before Start in node_modules/_egg-core@4.20.0@egg-core/lib/egg.js:303:10",
    "start": 1611388277333,
    "end": 1611388277341,
    "duration": 8,
    "pid": 13076,
    "index": 66
  }
]