[
  {
    "name": "Process Start",
    "start": 1611388323807,
    "end": 1611388324970,
    "duration": 1163,
    "pid": 19104,
    "index": 0
  },
  {
    "name": "Application Start",
    "start": 1611388324970,
    "end": 1611388325419,
    "duration": 449,
    "pid": 19104,
    "index": 1
  },
  {
    "name": "Load Plugin",
    "start": 1611388324975,
    "end": 1611388324999,
    "duration": 24,
    "pid": 19104,
    "index": 2
  },
  {
    "name": "Load Config",
    "start": 1611388324999,
    "end": 1611388325026,
    "duration": 27,
    "pid": 19104,
    "index": 3
  },
  {
    "name": "Require(0) config/config.default.js",
    "start": 1611388325000,
    "end": 1611388325000,
    "duration": 0,
    "pid": 19104,
    "index": 4
  },
  {
    "name": "Require(1) node_modules/_egg-session@3.2.0@egg-session/config/config.default.js",
    "start": 1611388325002,
    "end": 1611388325003,
    "duration": 1,
    "pid": 19104,
    "index": 5
  },
  {
    "name": "Require(2) node_modules/_egg-security@2.8.0@egg-security/config/config.default.js",
    "start": 1611388325004,
    "end": 1611388325004,
    "duration": 0,
    "pid": 19104,
    "index": 6
  },
  {
    "name": "Require(3) node_modules/_egg-jsonp@2.0.0@egg-jsonp/config/config.default.js",
    "start": 1611388325005,
    "end": 1611388325006,
    "duration": 1,
    "pid": 19104,
    "index": 7
  },
  {
    "name": "Require(4) node_modules/_egg-onerror@2.1.0@egg-onerror/config/config.default.js",
    "start": 1611388325006,
    "end": 1611388325007,
    "duration": 1,
    "pid": 19104,
    "index": 8
  },
  {
    "name": "Require(5) node_modules/_egg-i18n@2.1.1@egg-i18n/config/config.default.js",
    "start": 1611388325007,
    "end": 1611388325008,
    "duration": 1,
    "pid": 19104,
    "index": 9
  },
  {
    "name": "Require(6) node_modules/_egg-watcher@3.1.1@egg-watcher/config/config.default.js",
    "start": 1611388325008,
    "end": 1611388325009,
    "duration": 1,
    "pid": 19104,
    "index": 10
  },
  {
    "name": "Require(7) node_modules/_egg-schedule@3.6.6@egg-schedule/config/config.default.js",
    "start": 1611388325009,
    "end": 1611388325010,
    "duration": 1,
    "pid": 19104,
    "index": 11
  },
  {
    "name": "Require(8) node_modules/_egg-multipart@2.10.3@egg-multipart/config/config.default.js",
    "start": 1611388325010,
    "end": 1611388325011,
    "duration": 1,
    "pid": 19104,
    "index": 12
  },
  {
    "name": "Require(9) node_modules/_egg-development@2.7.0@egg-development/config/config.default.js",
    "start": 1611388325012,
    "end": 1611388325012,
    "duration": 0,
    "pid": 19104,
    "index": 13
  },
  {
    "name": "Require(10) node_modules/_egg-logrotator@3.1.0@egg-logrotator/config/config.default.js",
    "start": 1611388325013,
    "end": 1611388325013,
    "duration": 0,
    "pid": 19104,
    "index": 14
  },
  {
    "name": "Require(11) node_modules/_egg-static@2.2.0@egg-static/config/config.default.js",
    "start": 1611388325014,
    "end": 1611388325015,
    "duration": 1,
    "pid": 19104,
    "index": 15
  },
  {
    "name": "Require(12) node_modules/_egg-view@2.1.3@egg-view/config/config.default.js",
    "start": 1611388325016,
    "end": 1611388325016,
    "duration": 0,
    "pid": 19104,
    "index": 16
  },
  {
    "name": "Require(13) node_modules/_egg-view-ejs@2.0.1@egg-view-ejs/config/config.default.js",
    "start": 1611388325017,
    "end": 1611388325017,
    "duration": 0,
    "pid": 19104,
    "index": 17
  },
  {
    "name": "Require(14) node_modules/_egg@2.29.1@egg/config/config.default.js",
    "start": 1611388325018,
    "end": 1611388325018,
    "duration": 0,
    "pid": 19104,
    "index": 18
  },
  {
    "name": "Require(15) config/config.default.js",
    "start": 1611388325020,
    "end": 1611388325020,
    "duration": 0,
    "pid": 19104,
    "index": 19
  },
  {
    "name": "Require(16) node_modules/_egg-security@2.8.0@egg-security/config/config.local.js",
    "start": 1611388325020,
    "end": 1611388325021,
    "duration": 1,
    "pid": 19104,
    "index": 20
  },
  {
    "name": "Require(17) node_modules/_egg-watcher@3.1.1@egg-watcher/config/config.local.js",
    "start": 1611388325022,
    "end": 1611388325022,
    "duration": 0,
    "pid": 19104,
    "index": 21
  },
  {
    "name": "Require(18) node_modules/_egg-view@2.1.3@egg-view/config/config.local.js",
    "start": 1611388325024,
    "end": 1611388325024,
    "duration": 0,
    "pid": 19104,
    "index": 22
  },
  {
    "name": "Require(19) node_modules/_egg-view-ejs@2.0.1@egg-view-ejs/config/config.local.js",
    "start": 1611388325025,
    "end": 1611388325025,
    "duration": 0,
    "pid": 19104,
    "index": 23
  },
  {
    "name": "Require(20) node_modules/_egg@2.29.1@egg/config/config.local.js",
    "start": 1611388325025,
    "end": 1611388325026,
    "duration": 1,
    "pid": 19104,
    "index": 24
  },
  {
    "name": "Load extend/application.js",
    "start": 1611388325027,
    "end": 1611388325046,
    "duration": 19,
    "pid": 19104,
    "index": 25
  },
  {
    "name": "Require(21) node_modules/_egg-session@3.2.0@egg-session/app/extend/application.js",
    "start": 1611388325028,
    "end": 1611388325028,
    "duration": 0,
    "pid": 19104,
    "index": 26
  },
  {
    "name": "Require(22) node_modules/_egg-security@2.8.0@egg-security/app/extend/application.js",
    "start": 1611388325029,
    "end": 1611388325031,
    "duration": 2,
    "pid": 19104,
    "index": 27
  },
  {
    "name": "Require(23) node_modules/_egg-jsonp@2.0.0@egg-jsonp/app/extend/application.js",
    "start": 1611388325031,
    "end": 1611388325034,
    "duration": 3,
    "pid": 19104,
    "index": 28
  },
  {
    "name": "Require(24) node_modules/_egg-logrotator@3.1.0@egg-logrotator/app/extend/application.js",
    "start": 1611388325036,
    "end": 1611388325039,
    "duration": 3,
    "pid": 19104,
    "index": 29
  },
  {
    "name": "Require(25) node_modules/_egg-view@2.1.3@egg-view/app/extend/application.js",
    "start": 1611388325040,
    "end": 1611388325043,
    "duration": 3,
    "pid": 19104,
    "index": 30
  },
  {
    "name": "Load extend/request.js",
    "start": 1611388325046,
    "end": 1611388325056,
    "duration": 10,
    "pid": 19104,
    "index": 31
  },
  {
    "name": "Require(26) node_modules/_egg@2.29.1@egg/app/extend/request.js",
    "start": 1611388325050,
    "end": 1611388325051,
    "duration": 1,
    "pid": 19104,
    "index": 32
  },
  {
    "name": "Load extend/response.js",
    "start": 1611388325056,
    "end": 1611388325064,
    "duration": 8,
    "pid": 19104,
    "index": 33
  },
  {
    "name": "Require(27) node_modules/_egg@2.29.1@egg/app/extend/response.js",
    "start": 1611388325058,
    "end": 1611388325061,
    "duration": 3,
    "pid": 19104,
    "index": 34
  },
  {
    "name": "Load extend/context.js",
    "start": 1611388325064,
    "end": 1611388325137,
    "duration": 73,
    "pid": 19104,
    "index": 35
  },
  {
    "name": "Require(28) node_modules/_egg-security@2.8.0@egg-security/app/extend/context.js",
    "start": 1611388325065,
    "end": 1611388325080,
    "duration": 15,
    "pid": 19104,
    "index": 36
  },
  {
    "name": "Require(29) node_modules/_egg-jsonp@2.0.0@egg-jsonp/app/extend/context.js",
    "start": 1611388325081,
    "end": 1611388325083,
    "duration": 2,
    "pid": 19104,
    "index": 37
  },
  {
    "name": "Require(30) node_modules/_egg-i18n@2.1.1@egg-i18n/app/extend/context.js",
    "start": 1611388325084,
    "end": 1611388325084,
    "duration": 0,
    "pid": 19104,
    "index": 38
  },
  {
    "name": "Require(31) node_modules/_egg-multipart@2.10.3@egg-multipart/app/extend/context.js",
    "start": 1611388325085,
    "end": 1611388325131,
    "duration": 46,
    "pid": 19104,
    "index": 39
  },
  {
    "name": "Require(32) node_modules/_egg-view@2.1.3@egg-view/app/extend/context.js",
    "start": 1611388325131,
    "end": 1611388325132,
    "duration": 1,
    "pid": 19104,
    "index": 40
  },
  {
    "name": "Require(33) node_modules/_egg@2.29.1@egg/app/extend/context.js",
    "start": 1611388325133,
    "end": 1611388325134,
    "duration": 1,
    "pid": 19104,
    "index": 41
  },
  {
    "name": "Load extend/helper.js",
    "start": 1611388325137,
    "end": 1611388325160,
    "duration": 23,
    "pid": 19104,
    "index": 42
  },
  {
    "name": "Require(34) node_modules/_egg-security@2.8.0@egg-security/app/extend/helper.js",
    "start": 1611388325138,
    "end": 1611388325154,
    "duration": 16,
    "pid": 19104,
    "index": 43
  },
  {
    "name": "Require(35) node_modules/_egg@2.29.1@egg/app/extend/helper.js",
    "start": 1611388325157,
    "end": 1611388325157,
    "duration": 0,
    "pid": 19104,
    "index": 44
  },
  {
    "name": "Load app.js",
    "start": 1611388325160,
    "end": 1611388325191,
    "duration": 31,
    "pid": 19104,
    "index": 45
  },
  {
    "name": "Require(36) node_modules/_egg-session@3.2.0@egg-session/app.js",
    "start": 1611388325161,
    "end": 1611388325161,
    "duration": 0,
    "pid": 19104,
    "index": 46
  },
  {
    "name": "Require(37) node_modules/_egg-security@2.8.0@egg-security/app.js",
    "start": 1611388325162,
    "end": 1611388325163,
    "duration": 1,
    "pid": 19104,
    "index": 47
  },
  {
    "name": "Require(38) node_modules/_egg-onerror@2.1.0@egg-onerror/app.js",
    "start": 1611388325164,
    "end": 1611388325173,
    "duration": 9,
    "pid": 19104,
    "index": 48
  },
  {
    "name": "Require(39) node_modules/_egg-i18n@2.1.1@egg-i18n/app.js",
    "start": 1611388325173,
    "end": 1611388325181,
    "duration": 8,
    "pid": 19104,
    "index": 49
  },
  {
    "name": "Require(40) node_modules/_egg-watcher@3.1.1@egg-watcher/app.js",
    "start": 1611388325181,
    "end": 1611388325185,
    "duration": 4,
    "pid": 19104,
    "index": 50
  },
  {
    "name": "Require(41) node_modules/_egg-schedule@3.6.6@egg-schedule/app.js",
    "start": 1611388325185,
    "end": 1611388325187,
    "duration": 2,
    "pid": 19104,
    "index": 51
  },
  {
    "name": "Require(42) node_modules/_egg-multipart@2.10.3@egg-multipart/app.js",
    "start": 1611388325187,
    "end": 1611388325188,
    "duration": 1,
    "pid": 19104,
    "index": 52
  },
  {
    "name": "Require(43) node_modules/_egg-development@2.7.0@egg-development/app.js",
    "start": 1611388325188,
    "end": 1611388325188,
    "duration": 0,
    "pid": 19104,
    "index": 53
  },
  {
    "name": "Require(44) node_modules/_egg-logrotator@3.1.0@egg-logrotator/app.js",
    "start": 1611388325188,
    "end": 1611388325189,
    "duration": 1,
    "pid": 19104,
    "index": 54
  },
  {
    "name": "Require(45) node_modules/_egg-static@2.2.0@egg-static/app.js",
    "start": 1611388325189,
    "end": 1611388325189,
    "duration": 0,
    "pid": 19104,
    "index": 55
  },
  {
    "name": "Require(46) node_modules/_egg-view-ejs@2.0.1@egg-view-ejs/app.js",
    "start": 1611388325190,
    "end": 1611388325190,
    "duration": 0,
    "pid": 19104,
    "index": 56
  },
  {
    "name": "Before Start in node_modules/_egg-watcher@3.1.1@egg-watcher/lib/init.js:15:14",
    "start": 1611388325199,
    "end": 1611388325419,
    "duration": 220,
    "pid": 19104,
    "index": 57
  },
  {
    "name": "Load Service",
    "start": 1611388325231,
    "end": 1611388325235,
    "duration": 4,
    "pid": 19104,
    "index": 58
  },
  {
    "name": "Load \"service\" to Context",
    "start": 1611388325231,
    "end": 1611388325235,
    "duration": 4,
    "pid": 19104,
    "index": 59
  },
  {
    "name": "Load Middleware",
    "start": 1611388325235,
    "end": 1611388325397,
    "duration": 162,
    "pid": 19104,
    "index": 60
  },
  {
    "name": "Load \"middlewares\" to Application",
    "start": 1611388325236,
    "end": 1611388325363,
    "duration": 127,
    "pid": 19104,
    "index": 61
  },
  {
    "name": "Load Controller",
    "start": 1611388325397,
    "end": 1611388325404,
    "duration": 7,
    "pid": 19104,
    "index": 62
  },
  {
    "name": "Load \"controller\" to Application",
    "start": 1611388325397,
    "end": 1611388325404,
    "duration": 7,
    "pid": 19104,
    "index": 63
  },
  {
    "name": "Load Router",
    "start": 1611388325404,
    "end": 1611388325406,
    "duration": 2,
    "pid": 19104,
    "index": 64
  },
  {
    "name": "Require(47) app/router.js",
    "start": 1611388325405,
    "end": 1611388325405,
    "duration": 0,
    "pid": 19104,
    "index": 65
  },
  {
    "name": "Before Start in node_modules/_egg-core@4.20.0@egg-core/lib/egg.js:303:10",
    "start": 1611388325405,
    "end": 1611388325412,
    "duration": 7,
    "pid": 19104,
    "index": 66
  }
]