[
  {
    "name": "Process Start",
    "start": 1611388205914,
    "end": 1611388207200,
    "duration": 1286,
    "pid": 4456,
    "index": 0
  },
  {
    "name": "Application Start",
    "start": 1611388207201,
    "end": 1611388207674,
    "duration": 473,
    "pid": 4456,
    "index": 1
  },
  {
    "name": "Load Plugin",
    "start": 1611388207205,
    "end": 1611388207227,
    "duration": 22,
    "pid": 4456,
    "index": 2
  },
  {
    "name": "Load Config",
    "start": 1611388207227,
    "end": 1611388207254,
    "duration": 27,
    "pid": 4456,
    "index": 3
  },
  {
    "name": "Require(0) config/config.default.js",
    "start": 1611388207228,
    "end": 1611388207228,
    "duration": 0,
    "pid": 4456,
    "index": 4
  },
  {
    "name": "Require(1) node_modules/_egg-session@3.2.0@egg-session/config/config.default.js",
    "start": 1611388207230,
    "end": 1611388207230,
    "duration": 0,
    "pid": 4456,
    "index": 5
  },
  {
    "name": "Require(2) node_modules/_egg-security@2.8.0@egg-security/config/config.default.js",
    "start": 1611388207231,
    "end": 1611388207231,
    "duration": 0,
    "pid": 4456,
    "index": 6
  },
  {
    "name": "Require(3) node_modules/_egg-jsonp@2.0.0@egg-jsonp/config/config.default.js",
    "start": 1611388207233,
    "end": 1611388207233,
    "duration": 0,
    "pid": 4456,
    "index": 7
  },
  {
    "name": "Require(4) node_modules/_egg-onerror@2.1.0@egg-onerror/config/config.default.js",
    "start": 1611388207234,
    "end": 1611388207234,
    "duration": 0,
    "pid": 4456,
    "index": 8
  },
  {
    "name": "Require(5) node_modules/_egg-i18n@2.1.1@egg-i18n/config/config.default.js",
    "start": 1611388207235,
    "end": 1611388207236,
    "duration": 1,
    "pid": 4456,
    "index": 9
  },
  {
    "name": "Require(6) node_modules/_egg-watcher@3.1.1@egg-watcher/config/config.default.js",
    "start": 1611388207237,
    "end": 1611388207237,
    "duration": 0,
    "pid": 4456,
    "index": 10
  },
  {
    "name": "Require(7) node_modules/_egg-schedule@3.6.6@egg-schedule/config/config.default.js",
    "start": 1611388207238,
    "end": 1611388207238,
    "duration": 0,
    "pid": 4456,
    "index": 11
  },
  {
    "name": "Require(8) node_modules/_egg-multipart@2.10.3@egg-multipart/config/config.default.js",
    "start": 1611388207239,
    "end": 1611388207239,
    "duration": 0,
    "pid": 4456,
    "index": 12
  },
  {
    "name": "Require(9) node_modules/_egg-development@2.7.0@egg-development/config/config.default.js",
    "start": 1611388207240,
    "end": 1611388207241,
    "duration": 1,
    "pid": 4456,
    "index": 13
  },
  {
    "name": "Require(10) node_modules/_egg-logrotator@3.1.0@egg-logrotator/config/config.default.js",
    "start": 1611388207241,
    "end": 1611388207242,
    "duration": 1,
    "pid": 4456,
    "index": 14
  },
  {
    "name": "Require(11) node_modules/_egg-static@2.2.0@egg-static/config/config.default.js",
    "start": 1611388207242,
    "end": 1611388207243,
    "duration": 1,
    "pid": 4456,
    "index": 15
  },
  {
    "name": "Require(12) node_modules/_egg-view@2.1.3@egg-view/config/config.default.js",
    "start": 1611388207243,
    "end": 1611388207244,
    "duration": 1,
    "pid": 4456,
    "index": 16
  },
  {
    "name": "Require(13) node_modules/_egg-view-ejs@2.0.1@egg-view-ejs/config/config.default.js",
    "start": 1611388207244,
    "end": 1611388207245,
    "duration": 1,
    "pid": 4456,
    "index": 17
  },
  {
    "name": "Require(14) node_modules/_egg@2.29.1@egg/config/config.default.js",
    "start": 1611388207246,
    "end": 1611388207246,
    "duration": 0,
    "pid": 4456,
    "index": 18
  },
  {
    "name": "Require(15) config/config.default.js",
    "start": 1611388207248,
    "end": 1611388207248,
    "duration": 0,
    "pid": 4456,
    "index": 19
  },
  {
    "name": "Require(16) node_modules/_egg-security@2.8.0@egg-security/config/config.local.js",
    "start": 1611388207248,
    "end": 1611388207249,
    "duration": 1,
    "pid": 4456,
    "index": 20
  },
  {
    "name": "Require(17) node_modules/_egg-watcher@3.1.1@egg-watcher/config/config.local.js",
    "start": 1611388207250,
    "end": 1611388207250,
    "duration": 0,
    "pid": 4456,
    "index": 21
  },
  {
    "name": "Require(18) node_modules/_egg-view@2.1.3@egg-view/config/config.local.js",
    "start": 1611388207252,
    "end": 1611388207252,
    "duration": 0,
    "pid": 4456,
    "index": 22
  },
  {
    "name": "Require(19) node_modules/_egg-view-ejs@2.0.1@egg-view-ejs/config/config.local.js",
    "start": 1611388207253,
    "end": 1611388207253,
    "duration": 0,
    "pid": 4456,
    "index": 23
  },
  {
    "name": "Require(20) node_modules/_egg@2.29.1@egg/config/config.local.js",
    "start": 1611388207253,
    "end": 1611388207254,
    "duration": 1,
    "pid": 4456,
    "index": 24
  },
  {
    "name": "Load extend/application.js",
    "start": 1611388207255,
    "end": 1611388207273,
    "duration": 18,
    "pid": 4456,
    "index": 25
  },
  {
    "name": "Require(21) node_modules/_egg-session@3.2.0@egg-session/app/extend/application.js",
    "start": 1611388207256,
    "end": 1611388207256,
    "duration": 0,
    "pid": 4456,
    "index": 26
  },
  {
    "name": "Require(22) node_modules/_egg-security@2.8.0@egg-security/app/extend/application.js",
    "start": 1611388207257,
    "end": 1611388207258,
    "duration": 1,
    "pid": 4456,
    "index": 27
  },
  {
    "name": "Require(23) node_modules/_egg-jsonp@2.0.0@egg-jsonp/app/extend/application.js",
    "start": 1611388207258,
    "end": 1611388207261,
    "duration": 3,
    "pid": 4456,
    "index": 28
  },
  {
    "name": "Require(24) node_modules/_egg-logrotator@3.1.0@egg-logrotator/app/extend/application.js",
    "start": 1611388207263,
    "end": 1611388207266,
    "duration": 3,
    "pid": 4456,
    "index": 29
  },
  {
    "name": "Require(25) node_modules/_egg-view@2.1.3@egg-view/app/extend/application.js",
    "start": 1611388207267,
    "end": 1611388207269,
    "duration": 2,
    "pid": 4456,
    "index": 30
  },
  {
    "name": "Load extend/request.js",
    "start": 1611388207273,
    "end": 1611388207283,
    "duration": 10,
    "pid": 4456,
    "index": 31
  },
  {
    "name": "Require(26) node_modules/_egg@2.29.1@egg/app/extend/request.js",
    "start": 1611388207276,
    "end": 1611388207278,
    "duration": 2,
    "pid": 4456,
    "index": 32
  },
  {
    "name": "Load extend/response.js",
    "start": 1611388207283,
    "end": 1611388207293,
    "duration": 10,
    "pid": 4456,
    "index": 33
  },
  {
    "name": "Require(27) node_modules/_egg@2.29.1@egg/app/extend/response.js",
    "start": 1611388207287,
    "end": 1611388207290,
    "duration": 3,
    "pid": 4456,
    "index": 34
  },
  {
    "name": "Load extend/context.js",
    "start": 1611388207293,
    "end": 1611388207376,
    "duration": 83,
    "pid": 4456,
    "index": 35
  },
  {
    "name": "Require(28) node_modules/_egg-security@2.8.0@egg-security/app/extend/context.js",
    "start": 1611388207294,
    "end": 1611388207310,
    "duration": 16,
    "pid": 4456,
    "index": 36
  },
  {
    "name": "Require(29) node_modules/_egg-jsonp@2.0.0@egg-jsonp/app/extend/context.js",
    "start": 1611388207310,
    "end": 1611388207312,
    "duration": 2,
    "pid": 4456,
    "index": 37
  },
  {
    "name": "Require(30) node_modules/_egg-i18n@2.1.1@egg-i18n/app/extend/context.js",
    "start": 1611388207313,
    "end": 1611388207314,
    "duration": 1,
    "pid": 4456,
    "index": 38
  },
  {
    "name": "Require(31) node_modules/_egg-multipart@2.10.3@egg-multipart/app/extend/context.js",
    "start": 1611388207315,
    "end": 1611388207368,
    "duration": 53,
    "pid": 4456,
    "index": 39
  },
  {
    "name": "Require(32) node_modules/_egg-view@2.1.3@egg-view/app/extend/context.js",
    "start": 1611388207369,
    "end": 1611388207370,
    "duration": 1,
    "pid": 4456,
    "index": 40
  },
  {
    "name": "Require(33) node_modules/_egg@2.29.1@egg/app/extend/context.js",
    "start": 1611388207371,
    "end": 1611388207372,
    "duration": 1,
    "pid": 4456,
    "index": 41
  },
  {
    "name": "Load extend/helper.js",
    "start": 1611388207376,
    "end": 1611388207402,
    "duration": 26,
    "pid": 4456,
    "index": 42
  },
  {
    "name": "Require(34) node_modules/_egg-security@2.8.0@egg-security/app/extend/helper.js",
    "start": 1611388207377,
    "end": 1611388207396,
    "duration": 19,
    "pid": 4456,
    "index": 43
  },
  {
    "name": "Require(35) node_modules/_egg@2.29.1@egg/app/extend/helper.js",
    "start": 1611388207398,
    "end": 1611388207399,
    "duration": 1,
    "pid": 4456,
    "index": 44
  },
  {
    "name": "Load app.js",
    "start": 1611388207402,
    "end": 1611388207441,
    "duration": 39,
    "pid": 4456,
    "index": 45
  },
  {
    "name": "Require(36) node_modules/_egg-session@3.2.0@egg-session/app.js",
    "start": 1611388207403,
    "end": 1611388207403,
    "duration": 0,
    "pid": 4456,
    "index": 46
  },
  {
    "name": "Require(37) node_modules/_egg-security@2.8.0@egg-security/app.js",
    "start": 1611388207403,
    "end": 1611388207405,
    "duration": 2,
    "pid": 4456,
    "index": 47
  },
  {
    "name": "Require(38) node_modules/_egg-onerror@2.1.0@egg-onerror/app.js",
    "start": 1611388207406,
    "end": 1611388207418,
    "duration": 12,
    "pid": 4456,
    "index": 48
  },
  {
    "name": "Require(39) node_modules/_egg-i18n@2.1.1@egg-i18n/app.js",
    "start": 1611388207419,
    "end": 1611388207428,
    "duration": 9,
    "pid": 4456,
    "index": 49
  },
  {
    "name": "Require(40) node_modules/_egg-watcher@3.1.1@egg-watcher/app.js",
    "start": 1611388207428,
    "end": 1611388207433,
    "duration": 5,
    "pid": 4456,
    "index": 50
  },
  {
    "name": "Require(41) node_modules/_egg-schedule@3.6.6@egg-schedule/app.js",
    "start": 1611388207433,
    "end": 1611388207436,
    "duration": 3,
    "pid": 4456,
    "index": 51
  },
  {
    "name": "Require(42) node_modules/_egg-multipart@2.10.3@egg-multipart/app.js",
    "start": 1611388207436,
    "end": 1611388207436,
    "duration": 0,
    "pid": 4456,
    "index": 52
  },
  {
    "name": "Require(43) node_modules/_egg-development@2.7.0@egg-development/app.js",
    "start": 1611388207437,
    "end": 1611388207437,
    "duration": 0,
    "pid": 4456,
    "index": 53
  },
  {
    "name": "Require(44) node_modules/_egg-logrotator@3.1.0@egg-logrotator/app.js",
    "start": 1611388207438,
    "end": 1611388207438,
    "duration": 0,
    "pid": 4456,
    "index": 54
  },
  {
    "name": "Require(45) node_modules/_egg-static@2.2.0@egg-static/app.js",
    "start": 1611388207438,
    "end": 1611388207438,
    "duration": 0,
    "pid": 4456,
    "index": 55
  },
  {
    "name": "Require(46) node_modules/_egg-view-ejs@2.0.1@egg-view-ejs/app.js",
    "start": 1611388207439,
    "end": 1611388207439,
    "duration": 0,
    "pid": 4456,
    "index": 56
  },
  {
    "name": "Before Start in node_modules/_egg-watcher@3.1.1@egg-watcher/lib/init.js:15:14",
    "start": 1611388207450,
    "end": 1611388207674,
    "duration": 224,
    "pid": 4456,
    "index": 57
  },
  {
    "name": "Load Service",
    "start": 1611388207488,
    "end": 1611388207494,
    "duration": 6,
    "pid": 4456,
    "index": 58
  },
  {
    "name": "Load \"service\" to Context",
    "start": 1611388207489,
    "end": 1611388207494,
    "duration": 5,
    "pid": 4456,
    "index": 59
  },
  {
    "name": "Load Middleware",
    "start": 1611388207494,
    "end": 1611388207649,
    "duration": 155,
    "pid": 4456,
    "index": 60
  },
  {
    "name": "Load \"middlewares\" to Application",
    "start": 1611388207494,
    "end": 1611388207632,
    "duration": 138,
    "pid": 4456,
    "index": 61
  },
  {
    "name": "Load Controller",
    "start": 1611388207649,
    "end": 1611388207657,
    "duration": 8,
    "pid": 4456,
    "index": 62
  },
  {
    "name": "Load \"controller\" to Application",
    "start": 1611388207649,
    "end": 1611388207657,
    "duration": 8,
    "pid": 4456,
    "index": 63
  },
  {
    "name": "Load Router",
    "start": 1611388207657,
    "end": 1611388207659,
    "duration": 2,
    "pid": 4456,
    "index": 64
  },
  {
    "name": "Require(47) app/router.js",
    "start": 1611388207657,
    "end": 1611388207657,
    "duration": 0,
    "pid": 4456,
    "index": 65
  },
  {
    "name": "Before Start in node_modules/_egg-core@4.20.0@egg-core/lib/egg.js:303:10",
    "start": 1611388207658,
    "end": 1611388207665,
    "duration": 7,
    "pid": 4456,
    "index": 66
  }
]