[
  {
    "name": "Process Start",
    "start": 1611388258637,
    "end": 1611388259664,
    "duration": 1027,
    "pid": 3808,
    "index": 0
  },
  {
    "name": "Application Start",
    "start": 1611388259665,
    "end": 1611388260055,
    "duration": 390,
    "pid": 3808,
    "index": 1
  },
  {
    "name": "Load Plugin",
    "start": 1611388259669,
    "end": 1611388259688,
    "duration": 19,
    "pid": 3808,
    "index": 2
  },
  {
    "name": "Load Config",
    "start": 1611388259688,
    "end": 1611388259709,
    "duration": 21,
    "pid": 3808,
    "index": 3
  },
  {
    "name": "Require(0) config/config.default.js",
    "start": 1611388259689,
    "end": 1611388259689,
    "duration": 0,
    "pid": 3808,
    "index": 4
  },
  {
    "name": "Require(1) node_modules/_egg-session@3.2.0@egg-session/config/config.default.js",
    "start": 1611388259690,
    "end": 1611388259690,
    "duration": 0,
    "pid": 3808,
    "index": 5
  },
  {
    "name": "Require(2) node_modules/_egg-security@2.8.0@egg-security/config/config.default.js",
    "start": 1611388259691,
    "end": 1611388259691,
    "duration": 0,
    "pid": 3808,
    "index": 6
  },
  {
    "name": "Require(3) node_modules/_egg-jsonp@2.0.0@egg-jsonp/config/config.default.js",
    "start": 1611388259692,
    "end": 1611388259693,
    "duration": 1,
    "pid": 3808,
    "index": 7
  },
  {
    "name": "Require(4) node_modules/_egg-onerror@2.1.0@egg-onerror/config/config.default.js",
    "start": 1611388259693,
    "end": 1611388259694,
    "duration": 1,
    "pid": 3808,
    "index": 8
  },
  {
    "name": "Require(5) node_modules/_egg-i18n@2.1.1@egg-i18n/config/config.default.js",
    "start": 1611388259694,
    "end": 1611388259695,
    "duration": 1,
    "pid": 3808,
    "index": 9
  },
  {
    "name": "Require(6) node_modules/_egg-watcher@3.1.1@egg-watcher/config/config.default.js",
    "start": 1611388259695,
    "end": 1611388259696,
    "duration": 1,
    "pid": 3808,
    "index": 10
  },
  {
    "name": "Require(7) node_modules/_egg-schedule@3.6.6@egg-schedule/config/config.default.js",
    "start": 1611388259696,
    "end": 1611388259696,
    "duration": 0,
    "pid": 3808,
    "index": 11
  },
  {
    "name": "Require(8) node_modules/_egg-multipart@2.10.3@egg-multipart/config/config.default.js",
    "start": 1611388259697,
    "end": 1611388259697,
    "duration": 0,
    "pid": 3808,
    "index": 12
  },
  {
    "name": "Require(9) node_modules/_egg-development@2.7.0@egg-development/config/config.default.js",
    "start": 1611388259698,
    "end": 1611388259698,
    "duration": 0,
    "pid": 3808,
    "index": 13
  },
  {
    "name": "Require(10) node_modules/_egg-logrotator@3.1.0@egg-logrotator/config/config.default.js",
    "start": 1611388259699,
    "end": 1611388259699,
    "duration": 0,
    "pid": 3808,
    "index": 14
  },
  {
    "name": "Require(11) node_modules/_egg-static@2.2.0@egg-static/config/config.default.js",
    "start": 1611388259699,
    "end": 1611388259700,
    "duration": 1,
    "pid": 3808,
    "index": 15
  },
  {
    "name": "Require(12) node_modules/_egg-view@2.1.3@egg-view/config/config.default.js",
    "start": 1611388259700,
    "end": 1611388259700,
    "duration": 0,
    "pid": 3808,
    "index": 16
  },
  {
    "name": "Require(13) node_modules/_egg-view-ejs@2.0.1@egg-view-ejs/config/config.default.js",
    "start": 1611388259701,
    "end": 1611388259701,
    "duration": 0,
    "pid": 3808,
    "index": 17
  },
  {
    "name": "Require(14) node_modules/_egg@2.29.1@egg/config/config.default.js",
    "start": 1611388259702,
    "end": 1611388259702,
    "duration": 0,
    "pid": 3808,
    "index": 18
  },
  {
    "name": "Require(15) config/config.default.js",
    "start": 1611388259703,
    "end": 1611388259703,
    "duration": 0,
    "pid": 3808,
    "index": 19
  },
  {
    "name": "Require(16) node_modules/_egg-security@2.8.0@egg-security/config/config.local.js",
    "start": 1611388259704,
    "end": 1611388259704,
    "duration": 0,
    "pid": 3808,
    "index": 20
  },
  {
    "name": "Require(17) node_modules/_egg-watcher@3.1.1@egg-watcher/config/config.local.js",
    "start": 1611388259705,
    "end": 1611388259705,
    "duration": 0,
    "pid": 3808,
    "index": 21
  },
  {
    "name": "Require(18) node_modules/_egg-view@2.1.3@egg-view/config/config.local.js",
    "start": 1611388259707,
    "end": 1611388259707,
    "duration": 0,
    "pid": 3808,
    "index": 22
  },
  {
    "name": "Require(19) node_modules/_egg-view-ejs@2.0.1@egg-view-ejs/config/config.local.js",
    "start": 1611388259707,
    "end": 1611388259708,
    "duration": 1,
    "pid": 3808,
    "index": 23
  },
  {
    "name": "Require(20) node_modules/_egg@2.29.1@egg/config/config.local.js",
    "start": 1611388259708,
    "end": 1611388259708,
    "duration": 0,
    "pid": 3808,
    "index": 24
  },
  {
    "name": "Load extend/application.js",
    "start": 1611388259709,
    "end": 1611388259726,
    "duration": 17,
    "pid": 3808,
    "index": 25
  },
  {
    "name": "Require(21) node_modules/_egg-session@3.2.0@egg-session/app/extend/application.js",
    "start": 1611388259710,
    "end": 1611388259710,
    "duration": 0,
    "pid": 3808,
    "index": 26
  },
  {
    "name": "Require(22) node_modules/_egg-security@2.8.0@egg-security/app/extend/application.js",
    "start": 1611388259711,
    "end": 1611388259712,
    "duration": 1,
    "pid": 3808,
    "index": 27
  },
  {
    "name": "Require(23) node_modules/_egg-jsonp@2.0.0@egg-jsonp/app/extend/application.js",
    "start": 1611388259712,
    "end": 1611388259715,
    "duration": 3,
    "pid": 3808,
    "index": 28
  },
  {
    "name": "Require(24) node_modules/_egg-logrotator@3.1.0@egg-logrotator/app/extend/application.js",
    "start": 1611388259716,
    "end": 1611388259719,
    "duration": 3,
    "pid": 3808,
    "index": 29
  },
  {
    "name": "Require(25) node_modules/_egg-view@2.1.3@egg-view/app/extend/application.js",
    "start": 1611388259720,
    "end": 1611388259722,
    "duration": 2,
    "pid": 3808,
    "index": 30
  },
  {
    "name": "Load extend/request.js",
    "start": 1611388259726,
    "end": 1611388259734,
    "duration": 8,
    "pid": 3808,
    "index": 31
  },
  {
    "name": "Require(26) node_modules/_egg@2.29.1@egg/app/extend/request.js",
    "start": 1611388259728,
    "end": 1611388259730,
    "duration": 2,
    "pid": 3808,
    "index": 32
  },
  {
    "name": "Load extend/response.js",
    "start": 1611388259734,
    "end": 1611388259741,
    "duration": 7,
    "pid": 3808,
    "index": 33
  },
  {
    "name": "Require(27) node_modules/_egg@2.29.1@egg/app/extend/response.js",
    "start": 1611388259736,
    "end": 1611388259739,
    "duration": 3,
    "pid": 3808,
    "index": 34
  },
  {
    "name": "Load extend/context.js",
    "start": 1611388259741,
    "end": 1611388259805,
    "duration": 64,
    "pid": 3808,
    "index": 35
  },
  {
    "name": "Require(28) node_modules/_egg-security@2.8.0@egg-security/app/extend/context.js",
    "start": 1611388259742,
    "end": 1611388259754,
    "duration": 12,
    "pid": 3808,
    "index": 36
  },
  {
    "name": "Require(29) node_modules/_egg-jsonp@2.0.0@egg-jsonp/app/extend/context.js",
    "start": 1611388259754,
    "end": 1611388259756,
    "duration": 2,
    "pid": 3808,
    "index": 37
  },
  {
    "name": "Require(30) node_modules/_egg-i18n@2.1.1@egg-i18n/app/extend/context.js",
    "start": 1611388259756,
    "end": 1611388259757,
    "duration": 1,
    "pid": 3808,
    "index": 38
  },
  {
    "name": "Require(31) node_modules/_egg-multipart@2.10.3@egg-multipart/app/extend/context.js",
    "start": 1611388259757,
    "end": 1611388259799,
    "duration": 42,
    "pid": 3808,
    "index": 39
  },
  {
    "name": "Require(32) node_modules/_egg-view@2.1.3@egg-view/app/extend/context.js",
    "start": 1611388259800,
    "end": 1611388259801,
    "duration": 1,
    "pid": 3808,
    "index": 40
  },
  {
    "name": "Require(33) node_modules/_egg@2.29.1@egg/app/extend/context.js",
    "start": 1611388259801,
    "end": 1611388259802,
    "duration": 1,
    "pid": 3808,
    "index": 41
  },
  {
    "name": "Load extend/helper.js",
    "start": 1611388259805,
    "end": 1611388259826,
    "duration": 21,
    "pid": 3808,
    "index": 42
  },
  {
    "name": "Require(34) node_modules/_egg-security@2.8.0@egg-security/app/extend/helper.js",
    "start": 1611388259805,
    "end": 1611388259821,
    "duration": 16,
    "pid": 3808,
    "index": 43
  },
  {
    "name": "Require(35) node_modules/_egg@2.29.1@egg/app/extend/helper.js",
    "start": 1611388259823,
    "end": 1611388259824,
    "duration": 1,
    "pid": 3808,
    "index": 44
  },
  {
    "name": "Load app.js",
    "start": 1611388259826,
    "end": 1611388259857,
    "duration": 31,
    "pid": 3808,
    "index": 45
  },
  {
    "name": "Require(36) node_modules/_egg-session@3.2.0@egg-session/app.js",
    "start": 1611388259827,
    "end": 1611388259827,
    "duration": 0,
    "pid": 3808,
    "index": 46
  },
  {
    "name": "Require(37) node_modules/_egg-security@2.8.0@egg-security/app.js",
    "start": 1611388259827,
    "end": 1611388259829,
    "duration": 2,
    "pid": 3808,
    "index": 47
  },
  {
    "name": "Require(38) node_modules/_egg-onerror@2.1.0@egg-onerror/app.js",
    "start": 1611388259829,
    "end": 1611388259839,
    "duration": 10,
    "pid": 3808,
    "index": 48
  },
  {
    "name": "Require(39) node_modules/_egg-i18n@2.1.1@egg-i18n/app.js",
    "start": 1611388259839,
    "end": 1611388259847,
    "duration": 8,
    "pid": 3808,
    "index": 49
  },
  {
    "name": "Require(40) node_modules/_egg-watcher@3.1.1@egg-watcher/app.js",
    "start": 1611388259847,
    "end": 1611388259851,
    "duration": 4,
    "pid": 3808,
    "index": 50
  },
  {
    "name": "Require(41) node_modules/_egg-schedule@3.6.6@egg-schedule/app.js",
    "start": 1611388259851,
    "end": 1611388259853,
    "duration": 2,
    "pid": 3808,
    "index": 51
  },
  {
    "name": "Require(42) node_modules/_egg-multipart@2.10.3@egg-multipart/app.js",
    "start": 1611388259853,
    "end": 1611388259854,
    "duration": 1,
    "pid": 3808,
    "index": 52
  },
  {
    "name": "Require(43) node_modules/_egg-development@2.7.0@egg-development/app.js",
    "start": 1611388259854,
    "end": 1611388259854,
    "duration": 0,
    "pid": 3808,
    "index": 53
  },
  {
    "name": "Require(44) node_modules/_egg-logrotator@3.1.0@egg-logrotator/app.js",
    "start": 1611388259854,
    "end": 1611388259855,
    "duration": 1,
    "pid": 3808,
    "index": 54
  },
  {
    "name": "Require(45) node_modules/_egg-static@2.2.0@egg-static/app.js",
    "start": 1611388259855,
    "end": 1611388259855,
    "duration": 0,
    "pid": 3808,
    "index": 55
  },
  {
    "name": "Require(46) node_modules/_egg-view-ejs@2.0.1@egg-view-ejs/app.js",
    "start": 1611388259856,
    "end": 1611388259856,
    "duration": 0,
    "pid": 3808,
    "index": 56
  },
  {
    "name": "Before Start in node_modules/_egg-watcher@3.1.1@egg-watcher/lib/init.js:15:14",
    "start": 1611388259864,
    "end": 1611388260055,
    "duration": 191,
    "pid": 3808,
    "index": 57
  },
  {
    "name": "Load Service",
    "start": 1611388259893,
    "end": 1611388259897,
    "duration": 4,
    "pid": 3808,
    "index": 58
  },
  {
    "name": "Load \"service\" to Context",
    "start": 1611388259893,
    "end": 1611388259897,
    "duration": 4,
    "pid": 3808,
    "index": 59
  },
  {
    "name": "Load Middleware",
    "start": 1611388259897,
    "end": 1611388260034,
    "duration": 137,
    "pid": 3808,
    "index": 60
  },
  {
    "name": "Load \"middlewares\" to Application",
    "start": 1611388259897,
    "end": 1611388260019,
    "duration": 122,
    "pid": 3808,
    "index": 61
  },
  {
    "name": "Load Controller",
    "start": 1611388260034,
    "end": 1611388260041,
    "duration": 7,
    "pid": 3808,
    "index": 62
  },
  {
    "name": "Load \"controller\" to Application",
    "start": 1611388260034,
    "end": 1611388260041,
    "duration": 7,
    "pid": 3808,
    "index": 63
  },
  {
    "name": "Load Router",
    "start": 1611388260041,
    "end": 1611388260043,
    "duration": 2,
    "pid": 3808,
    "index": 64
  },
  {
    "name": "Require(47) app/router.js",
    "start": 1611388260041,
    "end": 1611388260042,
    "duration": 1,
    "pid": 3808,
    "index": 65
  },
  {
    "name": "Before Start in node_modules/_egg-core@4.20.0@egg-core/lib/egg.js:303:10",
    "start": 1611388260042,
    "end": 1611388260049,
    "duration": 7,
    "pid": 3808,
    "index": 66
  }
]