[
  {
    "name": "Process Start",
    "start": 1611388320392,
    "end": 1611388321554,
    "duration": 1162,
    "pid": 18312,
    "index": 0
  },
  {
    "name": "Application Start",
    "start": 1611388321555,
    "end": 1611388321993,
    "duration": 438,
    "pid": 18312,
    "index": 1
  },
  {
    "name": "Load Plugin",
    "start": 1611388321559,
    "end": 1611388321583,
    "duration": 24,
    "pid": 18312,
    "index": 2
  },
  {
    "name": "Load Config",
    "start": 1611388321583,
    "end": 1611388321606,
    "duration": 23,
    "pid": 18312,
    "index": 3
  },
  {
    "name": "Require(0) config/config.default.js",
    "start": 1611388321583,
    "end": 1611388321584,
    "duration": 1,
    "pid": 18312,
    "index": 4
  },
  {
    "name": "Require(1) node_modules/_egg-session@3.2.0@egg-session/config/config.default.js",
    "start": 1611388321585,
    "end": 1611388321586,
    "duration": 1,
    "pid": 18312,
    "index": 5
  },
  {
    "name": "Require(2) node_modules/_egg-security@2.8.0@egg-security/config/config.default.js",
    "start": 1611388321586,
    "end": 1611388321587,
    "duration": 1,
    "pid": 18312,
    "index": 6
  },
  {
    "name": "Require(3) node_modules/_egg-jsonp@2.0.0@egg-jsonp/config/config.default.js",
    "start": 1611388321588,
    "end": 1611388321588,
    "duration": 0,
    "pid": 18312,
    "index": 7
  },
  {
    "name": "Require(4) node_modules/_egg-onerror@2.1.0@egg-onerror/config/config.default.js",
    "start": 1611388321589,
    "end": 1611388321589,
    "duration": 0,
    "pid": 18312,
    "index": 8
  },
  {
    "name": "Require(5) node_modules/_egg-i18n@2.1.1@egg-i18n/config/config.default.js",
    "start": 1611388321590,
    "end": 1611388321590,
    "duration": 0,
    "pid": 18312,
    "index": 9
  },
  {
    "name": "Require(6) node_modules/_egg-watcher@3.1.1@egg-watcher/config/config.default.js",
    "start": 1611388321591,
    "end": 1611388321591,
    "duration": 0,
    "pid": 18312,
    "index": 10
  },
  {
    "name": "Require(7) node_modules/_egg-schedule@3.6.6@egg-schedule/config/config.default.js",
    "start": 1611388321592,
    "end": 1611388321592,
    "duration": 0,
    "pid": 18312,
    "index": 11
  },
  {
    "name": "Require(8) node_modules/_egg-multipart@2.10.3@egg-multipart/config/config.default.js",
    "start": 1611388321593,
    "end": 1611388321593,
    "duration": 0,
    "pid": 18312,
    "index": 12
  },
  {
    "name": "Require(9) node_modules/_egg-development@2.7.0@egg-development/config/config.default.js",
    "start": 1611388321594,
    "end": 1611388321595,
    "duration": 1,
    "pid": 18312,
    "index": 13
  },
  {
    "name": "Require(10) node_modules/_egg-logrotator@3.1.0@egg-logrotator/config/config.default.js",
    "start": 1611388321595,
    "end": 1611388321596,
    "duration": 1,
    "pid": 18312,
    "index": 14
  },
  {
    "name": "Require(11) node_modules/_egg-static@2.2.0@egg-static/config/config.default.js",
    "start": 1611388321596,
    "end": 1611388321596,
    "duration": 0,
    "pid": 18312,
    "index": 15
  },
  {
    "name": "Require(12) node_modules/_egg-view@2.1.3@egg-view/config/config.default.js",
    "start": 1611388321598,
    "end": 1611388321598,
    "duration": 0,
    "pid": 18312,
    "index": 16
  },
  {
    "name": "Require(13) node_modules/_egg-view-ejs@2.0.1@egg-view-ejs/config/config.default.js",
    "start": 1611388321599,
    "end": 1611388321599,
    "duration": 0,
    "pid": 18312,
    "index": 17
  },
  {
    "name": "Require(14) node_modules/_egg@2.29.1@egg/config/config.default.js",
    "start": 1611388321600,
    "end": 1611388321600,
    "duration": 0,
    "pid": 18312,
    "index": 18
  },
  {
    "name": "Require(15) config/config.default.js",
    "start": 1611388321601,
    "end": 1611388321602,
    "duration": 1,
    "pid": 18312,
    "index": 19
  },
  {
    "name": "Require(16) node_modules/_egg-security@2.8.0@egg-security/config/config.local.js",
    "start": 1611388321602,
    "end": 1611388321602,
    "duration": 0,
    "pid": 18312,
    "index": 20
  },
  {
    "name": "Require(17) node_modules/_egg-watcher@3.1.1@egg-watcher/config/config.local.js",
    "start": 1611388321603,
    "end": 1611388321604,
    "duration": 1,
    "pid": 18312,
    "index": 21
  },
  {
    "name": "Require(18) node_modules/_egg-view@2.1.3@egg-view/config/config.local.js",
    "start": 1611388321605,
    "end": 1611388321605,
    "duration": 0,
    "pid": 18312,
    "index": 22
  },
  {
    "name": "Require(19) node_modules/_egg-view-ejs@2.0.1@egg-view-ejs/config/config.local.js",
    "start": 1611388321605,
    "end": 1611388321606,
    "duration": 1,
    "pid": 18312,
    "index": 23
  },
  {
    "name": "Require(20) node_modules/_egg@2.29.1@egg/config/config.local.js",
    "start": 1611388321606,
    "end": 1611388321606,
    "duration": 0,
    "pid": 18312,
    "index": 24
  },
  {
    "name": "Load extend/application.js",
    "start": 1611388321607,
    "end": 1611388321621,
    "duration": 14,
    "pid": 18312,
    "index": 25
  },
  {
    "name": "Require(21) node_modules/_egg-session@3.2.0@egg-session/app/extend/application.js",
    "start": 1611388321607,
    "end": 1611388321608,
    "duration": 1,
    "pid": 18312,
    "index": 26
  },
  {
    "name": "Require(22) node_modules/_egg-security@2.8.0@egg-security/app/extend/application.js",
    "start": 1611388321608,
    "end": 1611388321609,
    "duration": 1,
    "pid": 18312,
    "index": 27
  },
  {
    "name": "Require(23) node_modules/_egg-jsonp@2.0.0@egg-jsonp/app/extend/application.js",
    "start": 1611388321610,
    "end": 1611388321612,
    "duration": 2,
    "pid": 18312,
    "index": 28
  },
  {
    "name": "Require(24) node_modules/_egg-logrotator@3.1.0@egg-logrotator/app/extend/application.js",
    "start": 1611388321613,
    "end": 1611388321616,
    "duration": 3,
    "pid": 18312,
    "index": 29
  },
  {
    "name": "Require(25) node_modules/_egg-view@2.1.3@egg-view/app/extend/application.js",
    "start": 1611388321617,
    "end": 1611388321619,
    "duration": 2,
    "pid": 18312,
    "index": 30
  },
  {
    "name": "Load extend/request.js",
    "start": 1611388321622,
    "end": 1611388321630,
    "duration": 8,
    "pid": 18312,
    "index": 31
  },
  {
    "name": "Require(26) node_modules/_egg@2.29.1@egg/app/extend/request.js",
    "start": 1611388321624,
    "end": 1611388321625,
    "duration": 1,
    "pid": 18312,
    "index": 32
  },
  {
    "name": "Load extend/response.js",
    "start": 1611388321630,
    "end": 1611388321639,
    "duration": 9,
    "pid": 18312,
    "index": 33
  },
  {
    "name": "Require(27) node_modules/_egg@2.29.1@egg/app/extend/response.js",
    "start": 1611388321633,
    "end": 1611388321636,
    "duration": 3,
    "pid": 18312,
    "index": 34
  },
  {
    "name": "Load extend/context.js",
    "start": 1611388321639,
    "end": 1611388321707,
    "duration": 68,
    "pid": 18312,
    "index": 35
  },
  {
    "name": "Require(28) node_modules/_egg-security@2.8.0@egg-security/app/extend/context.js",
    "start": 1611388321639,
    "end": 1611388321653,
    "duration": 14,
    "pid": 18312,
    "index": 36
  },
  {
    "name": "Require(29) node_modules/_egg-jsonp@2.0.0@egg-jsonp/app/extend/context.js",
    "start": 1611388321654,
    "end": 1611388321655,
    "duration": 1,
    "pid": 18312,
    "index": 37
  },
  {
    "name": "Require(30) node_modules/_egg-i18n@2.1.1@egg-i18n/app/extend/context.js",
    "start": 1611388321655,
    "end": 1611388321656,
    "duration": 1,
    "pid": 18312,
    "index": 38
  },
  {
    "name": "Require(31) node_modules/_egg-multipart@2.10.3@egg-multipart/app/extend/context.js",
    "start": 1611388321656,
    "end": 1611388321701,
    "duration": 45,
    "pid": 18312,
    "index": 39
  },
  {
    "name": "Require(32) node_modules/_egg-view@2.1.3@egg-view/app/extend/context.js",
    "start": 1611388321702,
    "end": 1611388321703,
    "duration": 1,
    "pid": 18312,
    "index": 40
  },
  {
    "name": "Require(33) node_modules/_egg@2.29.1@egg/app/extend/context.js",
    "start": 1611388321703,
    "end": 1611388321705,
    "duration": 2,
    "pid": 18312,
    "index": 41
  },
  {
    "name": "Load extend/helper.js",
    "start": 1611388321707,
    "end": 1611388321730,
    "duration": 23,
    "pid": 18312,
    "index": 42
  },
  {
    "name": "Require(34) node_modules/_egg-security@2.8.0@egg-security/app/extend/helper.js",
    "start": 1611388321708,
    "end": 1611388321724,
    "duration": 16,
    "pid": 18312,
    "index": 43
  },
  {
    "name": "Require(35) node_modules/_egg@2.29.1@egg/app/extend/helper.js",
    "start": 1611388321727,
    "end": 1611388321727,
    "duration": 0,
    "pid": 18312,
    "index": 44
  },
  {
    "name": "Load app.js",
    "start": 1611388321730,
    "end": 1611388321767,
    "duration": 37,
    "pid": 18312,
    "index": 45
  },
  {
    "name": "Require(36) node_modules/_egg-session@3.2.0@egg-session/app.js",
    "start": 1611388321731,
    "end": 1611388321731,
    "duration": 0,
    "pid": 18312,
    "index": 46
  },
  {
    "name": "Require(37) node_modules/_egg-security@2.8.0@egg-security/app.js",
    "start": 1611388321732,
    "end": 1611388321734,
    "duration": 2,
    "pid": 18312,
    "index": 47
  },
  {
    "name": "Require(38) node_modules/_egg-onerror@2.1.0@egg-onerror/app.js",
    "start": 1611388321734,
    "end": 1611388321745,
    "duration": 11,
    "pid": 18312,
    "index": 48
  },
  {
    "name": "Require(39) node_modules/_egg-i18n@2.1.1@egg-i18n/app.js",
    "start": 1611388321746,
    "end": 1611388321755,
    "duration": 9,
    "pid": 18312,
    "index": 49
  },
  {
    "name": "Require(40) node_modules/_egg-watcher@3.1.1@egg-watcher/app.js",
    "start": 1611388321755,
    "end": 1611388321759,
    "duration": 4,
    "pid": 18312,
    "index": 50
  },
  {
    "name": "Require(41) node_modules/_egg-schedule@3.6.6@egg-schedule/app.js",
    "start": 1611388321760,
    "end": 1611388321762,
    "duration": 2,
    "pid": 18312,
    "index": 51
  },
  {
    "name": "Require(42) node_modules/_egg-multipart@2.10.3@egg-multipart/app.js",
    "start": 1611388321762,
    "end": 1611388321763,
    "duration": 1,
    "pid": 18312,
    "index": 52
  },
  {
    "name": "Require(43) node_modules/_egg-development@2.7.0@egg-development/app.js",
    "start": 1611388321763,
    "end": 1611388321763,
    "duration": 0,
    "pid": 18312,
    "index": 53
  },
  {
    "name": "Require(44) node_modules/_egg-logrotator@3.1.0@egg-logrotator/app.js",
    "start": 1611388321764,
    "end": 1611388321764,
    "duration": 0,
    "pid": 18312,
    "index": 54
  },
  {
    "name": "Require(45) node_modules/_egg-static@2.2.0@egg-static/app.js",
    "start": 1611388321765,
    "end": 1611388321765,
    "duration": 0,
    "pid": 18312,
    "index": 55
  },
  {
    "name": "Require(46) node_modules/_egg-view-ejs@2.0.1@egg-view-ejs/app.js",
    "start": 1611388321766,
    "end": 1611388321766,
    "duration": 0,
    "pid": 18312,
    "index": 56
  },
  {
    "name": "Before Start in node_modules/_egg-watcher@3.1.1@egg-watcher/lib/init.js:15:14",
    "start": 1611388321777,
    "end": 1611388321993,
    "duration": 216,
    "pid": 18312,
    "index": 57
  },
  {
    "name": "Load Service",
    "start": 1611388321811,
    "end": 1611388321816,
    "duration": 5,
    "pid": 18312,
    "index": 58
  },
  {
    "name": "Load \"service\" to Context",
    "start": 1611388321811,
    "end": 1611388321816,
    "duration": 5,
    "pid": 18312,
    "index": 59
  },
  {
    "name": "Load Middleware",
    "start": 1611388321817,
    "end": 1611388321970,
    "duration": 153,
    "pid": 18312,
    "index": 60
  },
  {
    "name": "Load \"middlewares\" to Application",
    "start": 1611388321817,
    "end": 1611388321954,
    "duration": 137,
    "pid": 18312,
    "index": 61
  },
  {
    "name": "Load Controller",
    "start": 1611388321970,
    "end": 1611388321977,
    "duration": 7,
    "pid": 18312,
    "index": 62
  },
  {
    "name": "Load \"controller\" to Application",
    "start": 1611388321970,
    "end": 1611388321977,
    "duration": 7,
    "pid": 18312,
    "index": 63
  },
  {
    "name": "Load Router",
    "start": 1611388321977,
    "end": 1611388321979,
    "duration": 2,
    "pid": 18312,
    "index": 64
  },
  {
    "name": "Require(47) app/router.js",
    "start": 1611388321978,
    "end": 1611388321978,
    "duration": 0,
    "pid": 18312,
    "index": 65
  },
  {
    "name": "Before Start in node_modules/_egg-core@4.20.0@egg-core/lib/egg.js:303:10",
    "start": 1611388321978,
    "end": 1611388321986,
    "duration": 8,
    "pid": 18312,
    "index": 66
  }
]