[
  {
    "name": "Process Start",
    "start": 1611388306706,
    "end": 1611388307930,
    "duration": 1224,
    "pid": 20436,
    "index": 0
  },
  {
    "name": "Application Start",
    "start": 1611388307931,
    "end": 1611388308368,
    "duration": 437,
    "pid": 20436,
    "index": 1
  },
  {
    "name": "Load Plugin",
    "start": 1611388307937,
    "end": 1611388307958,
    "duration": 21,
    "pid": 20436,
    "index": 2
  },
  {
    "name": "Load Config",
    "start": 1611388307958,
    "end": 1611388307981,
    "duration": 23,
    "pid": 20436,
    "index": 3
  },
  {
    "name": "Require(0) config/config.default.js",
    "start": 1611388307958,
    "end": 1611388307959,
    "duration": 1,
    "pid": 20436,
    "index": 4
  },
  {
    "name": "Require(1) node_modules/_egg-session@3.2.0@egg-session/config/config.default.js",
    "start": 1611388307960,
    "end": 1611388307961,
    "duration": 1,
    "pid": 20436,
    "index": 5
  },
  {
    "name": "Require(2) node_modules/_egg-security@2.8.0@egg-security/config/config.default.js",
    "start": 1611388307961,
    "end": 1611388307961,
    "duration": 0,
    "pid": 20436,
    "index": 6
  },
  {
    "name": "Require(3) node_modules/_egg-jsonp@2.0.0@egg-jsonp/config/config.default.js",
    "start": 1611388307962,
    "end": 1611388307963,
    "duration": 1,
    "pid": 20436,
    "index": 7
  },
  {
    "name": "Require(4) node_modules/_egg-onerror@2.1.0@egg-onerror/config/config.default.js",
    "start": 1611388307963,
    "end": 1611388307964,
    "duration": 1,
    "pid": 20436,
    "index": 8
  },
  {
    "name": "Require(5) node_modules/_egg-i18n@2.1.1@egg-i18n/config/config.default.js",
    "start": 1611388307964,
    "end": 1611388307965,
    "duration": 1,
    "pid": 20436,
    "index": 9
  },
  {
    "name": "Require(6) node_modules/_egg-watcher@3.1.1@egg-watcher/config/config.default.js",
    "start": 1611388307965,
    "end": 1611388307966,
    "duration": 1,
    "pid": 20436,
    "index": 10
  },
  {
    "name": "Require(7) node_modules/_egg-schedule@3.6.6@egg-schedule/config/config.default.js",
    "start": 1611388307967,
    "end": 1611388307968,
    "duration": 1,
    "pid": 20436,
    "index": 11
  },
  {
    "name": "Require(8) node_modules/_egg-multipart@2.10.3@egg-multipart/config/config.default.js",
    "start": 1611388307969,
    "end": 1611388307969,
    "duration": 0,
    "pid": 20436,
    "index": 12
  },
  {
    "name": "Require(9) node_modules/_egg-development@2.7.0@egg-development/config/config.default.js",
    "start": 1611388307970,
    "end": 1611388307970,
    "duration": 0,
    "pid": 20436,
    "index": 13
  },
  {
    "name": "Require(10) node_modules/_egg-logrotator@3.1.0@egg-logrotator/config/config.default.js",
    "start": 1611388307971,
    "end": 1611388307971,
    "duration": 0,
    "pid": 20436,
    "index": 14
  },
  {
    "name": "Require(11) node_modules/_egg-static@2.2.0@egg-static/config/config.default.js",
    "start": 1611388307971,
    "end": 1611388307972,
    "duration": 1,
    "pid": 20436,
    "index": 15
  },
  {
    "name": "Require(12) node_modules/_egg-view@2.1.3@egg-view/config/config.default.js",
    "start": 1611388307972,
    "end": 1611388307973,
    "duration": 1,
    "pid": 20436,
    "index": 16
  },
  {
    "name": "Require(13) node_modules/_egg-view-ejs@2.0.1@egg-view-ejs/config/config.default.js",
    "start": 1611388307973,
    "end": 1611388307974,
    "duration": 1,
    "pid": 20436,
    "index": 17
  },
  {
    "name": "Require(14) node_modules/_egg@2.29.1@egg/config/config.default.js",
    "start": 1611388307974,
    "end": 1611388307975,
    "duration": 1,
    "pid": 20436,
    "index": 18
  },
  {
    "name": "Require(15) config/config.default.js",
    "start": 1611388307976,
    "end": 1611388307976,
    "duration": 0,
    "pid": 20436,
    "index": 19
  },
  {
    "name": "Require(16) node_modules/_egg-security@2.8.0@egg-security/config/config.local.js",
    "start": 1611388307976,
    "end": 1611388307976,
    "duration": 0,
    "pid": 20436,
    "index": 20
  },
  {
    "name": "Require(17) node_modules/_egg-watcher@3.1.1@egg-watcher/config/config.local.js",
    "start": 1611388307977,
    "end": 1611388307978,
    "duration": 1,
    "pid": 20436,
    "index": 21
  },
  {
    "name": "Require(18) node_modules/_egg-view@2.1.3@egg-view/config/config.local.js",
    "start": 1611388307979,
    "end": 1611388307979,
    "duration": 0,
    "pid": 20436,
    "index": 22
  },
  {
    "name": "Require(19) node_modules/_egg-view-ejs@2.0.1@egg-view-ejs/config/config.local.js",
    "start": 1611388307980,
    "end": 1611388307980,
    "duration": 0,
    "pid": 20436,
    "index": 23
  },
  {
    "name": "Require(20) node_modules/_egg@2.29.1@egg/config/config.local.js",
    "start": 1611388307980,
    "end": 1611388307980,
    "duration": 0,
    "pid": 20436,
    "index": 24
  },
  {
    "name": "Load extend/application.js",
    "start": 1611388307982,
    "end": 1611388307998,
    "duration": 16,
    "pid": 20436,
    "index": 25
  },
  {
    "name": "Require(21) node_modules/_egg-session@3.2.0@egg-session/app/extend/application.js",
    "start": 1611388307982,
    "end": 1611388307983,
    "duration": 1,
    "pid": 20436,
    "index": 26
  },
  {
    "name": "Require(22) node_modules/_egg-security@2.8.0@egg-security/app/extend/application.js",
    "start": 1611388307984,
    "end": 1611388307985,
    "duration": 1,
    "pid": 20436,
    "index": 27
  },
  {
    "name": "Require(23) node_modules/_egg-jsonp@2.0.0@egg-jsonp/app/extend/application.js",
    "start": 1611388307986,
    "end": 1611388307988,
    "duration": 2,
    "pid": 20436,
    "index": 28
  },
  {
    "name": "Require(24) node_modules/_egg-logrotator@3.1.0@egg-logrotator/app/extend/application.js",
    "start": 1611388307989,
    "end": 1611388307992,
    "duration": 3,
    "pid": 20436,
    "index": 29
  },
  {
    "name": "Require(25) node_modules/_egg-view@2.1.3@egg-view/app/extend/application.js",
    "start": 1611388307993,
    "end": 1611388307995,
    "duration": 2,
    "pid": 20436,
    "index": 30
  },
  {
    "name": "Load extend/request.js",
    "start": 1611388307998,
    "end": 1611388308008,
    "duration": 10,
    "pid": 20436,
    "index": 31
  },
  {
    "name": "Require(26) node_modules/_egg@2.29.1@egg/app/extend/request.js",
    "start": 1611388308001,
    "end": 1611388308003,
    "duration": 2,
    "pid": 20436,
    "index": 32
  },
  {
    "name": "Load extend/response.js",
    "start": 1611388308008,
    "end": 1611388308016,
    "duration": 8,
    "pid": 20436,
    "index": 33
  },
  {
    "name": "Require(27) node_modules/_egg@2.29.1@egg/app/extend/response.js",
    "start": 1611388308011,
    "end": 1611388308013,
    "duration": 2,
    "pid": 20436,
    "index": 34
  },
  {
    "name": "Load extend/context.js",
    "start": 1611388308016,
    "end": 1611388308094,
    "duration": 78,
    "pid": 20436,
    "index": 35
  },
  {
    "name": "Require(28) node_modules/_egg-security@2.8.0@egg-security/app/extend/context.js",
    "start": 1611388308017,
    "end": 1611388308031,
    "duration": 14,
    "pid": 20436,
    "index": 36
  },
  {
    "name": "Require(29) node_modules/_egg-jsonp@2.0.0@egg-jsonp/app/extend/context.js",
    "start": 1611388308031,
    "end": 1611388308033,
    "duration": 2,
    "pid": 20436,
    "index": 37
  },
  {
    "name": "Require(30) node_modules/_egg-i18n@2.1.1@egg-i18n/app/extend/context.js",
    "start": 1611388308034,
    "end": 1611388308034,
    "duration": 0,
    "pid": 20436,
    "index": 38
  },
  {
    "name": "Require(31) node_modules/_egg-multipart@2.10.3@egg-multipart/app/extend/context.js",
    "start": 1611388308035,
    "end": 1611388308087,
    "duration": 52,
    "pid": 20436,
    "index": 39
  },
  {
    "name": "Require(32) node_modules/_egg-view@2.1.3@egg-view/app/extend/context.js",
    "start": 1611388308088,
    "end": 1611388308089,
    "duration": 1,
    "pid": 20436,
    "index": 40
  },
  {
    "name": "Require(33) node_modules/_egg@2.29.1@egg/app/extend/context.js",
    "start": 1611388308089,
    "end": 1611388308091,
    "duration": 2,
    "pid": 20436,
    "index": 41
  },
  {
    "name": "Load extend/helper.js",
    "start": 1611388308094,
    "end": 1611388308119,
    "duration": 25,
    "pid": 20436,
    "index": 42
  },
  {
    "name": "Require(34) node_modules/_egg-security@2.8.0@egg-security/app/extend/helper.js",
    "start": 1611388308095,
    "end": 1611388308113,
    "duration": 18,
    "pid": 20436,
    "index": 43
  },
  {
    "name": "Require(35) node_modules/_egg@2.29.1@egg/app/extend/helper.js",
    "start": 1611388308115,
    "end": 1611388308116,
    "duration": 1,
    "pid": 20436,
    "index": 44
  },
  {
    "name": "Load app.js",
    "start": 1611388308119,
    "end": 1611388308157,
    "duration": 38,
    "pid": 20436,
    "index": 45
  },
  {
    "name": "Require(36) node_modules/_egg-session@3.2.0@egg-session/app.js",
    "start": 1611388308120,
    "end": 1611388308120,
    "duration": 0,
    "pid": 20436,
    "index": 46
  },
  {
    "name": "Require(37) node_modules/_egg-security@2.8.0@egg-security/app.js",
    "start": 1611388308121,
    "end": 1611388308122,
    "duration": 1,
    "pid": 20436,
    "index": 47
  },
  {
    "name": "Require(38) node_modules/_egg-onerror@2.1.0@egg-onerror/app.js",
    "start": 1611388308123,
    "end": 1611388308135,
    "duration": 12,
    "pid": 20436,
    "index": 48
  },
  {
    "name": "Require(39) node_modules/_egg-i18n@2.1.1@egg-i18n/app.js",
    "start": 1611388308135,
    "end": 1611388308144,
    "duration": 9,
    "pid": 20436,
    "index": 49
  },
  {
    "name": "Require(40) node_modules/_egg-watcher@3.1.1@egg-watcher/app.js",
    "start": 1611388308144,
    "end": 1611388308149,
    "duration": 5,
    "pid": 20436,
    "index": 50
  },
  {
    "name": "Require(41) node_modules/_egg-schedule@3.6.6@egg-schedule/app.js",
    "start": 1611388308150,
    "end": 1611388308152,
    "duration": 2,
    "pid": 20436,
    "index": 51
  },
  {
    "name": "Require(42) node_modules/_egg-multipart@2.10.3@egg-multipart/app.js",
    "start": 1611388308153,
    "end": 1611388308153,
    "duration": 0,
    "pid": 20436,
    "index": 52
  },
  {
    "name": "Require(43) node_modules/_egg-development@2.7.0@egg-development/app.js",
    "start": 1611388308154,
    "end": 1611388308154,
    "duration": 0,
    "pid": 20436,
    "index": 53
  },
  {
    "name": "Require(44) node_modules/_egg-logrotator@3.1.0@egg-logrotator/app.js",
    "start": 1611388308154,
    "end": 1611388308154,
    "duration": 0,
    "pid": 20436,
    "index": 54
  },
  {
    "name": "Require(45) node_modules/_egg-static@2.2.0@egg-static/app.js",
    "start": 1611388308155,
    "end": 1611388308155,
    "duration": 0,
    "pid": 20436,
    "index": 55
  },
  {
    "name": "Require(46) node_modules/_egg-view-ejs@2.0.1@egg-view-ejs/app.js",
    "start": 1611388308156,
    "end": 1611388308156,
    "duration": 0,
    "pid": 20436,
    "index": 56
  },
  {
    "name": "Before Start in node_modules/_egg-watcher@3.1.1@egg-watcher/lib/init.js:15:14",
    "start": 1611388308167,
    "end": 1611388308368,
    "duration": 201,
    "pid": 20436,
    "index": 57
  },
  {
    "name": "Load Service",
    "start": 1611388308204,
    "end": 1611388308209,
    "duration": 5,
    "pid": 20436,
    "index": 58
  },
  {
    "name": "Load \"service\" to Context",
    "start": 1611388308204,
    "end": 1611388308209,
    "duration": 5,
    "pid": 20436,
    "index": 59
  },
  {
    "name": "Load Middleware",
    "start": 1611388308209,
    "end": 1611388308346,
    "duration": 137,
    "pid": 20436,
    "index": 60
  },
  {
    "name": "Load \"middlewares\" to Application",
    "start": 1611388308209,
    "end": 1611388308330,
    "duration": 121,
    "pid": 20436,
    "index": 61
  },
  {
    "name": "Load Controller",
    "start": 1611388308346,
    "end": 1611388308353,
    "duration": 7,
    "pid": 20436,
    "index": 62
  },
  {
    "name": "Load \"controller\" to Application",
    "start": 1611388308346,
    "end": 1611388308353,
    "duration": 7,
    "pid": 20436,
    "index": 63
  },
  {
    "name": "Load Router",
    "start": 1611388308353,
    "end": 1611388308355,
    "duration": 2,
    "pid": 20436,
    "index": 64
  },
  {
    "name": "Require(47) app/router.js",
    "start": 1611388308354,
    "end": 1611388308354,
    "duration": 0,
    "pid": 20436,
    "index": 65
  },
  {
    "name": "Before Start in node_modules/_egg-core@4.20.0@egg-core/lib/egg.js:303:10",
    "start": 1611388308354,
    "end": 1611388308362,
    "duration": 8,
    "pid": 20436,
    "index": 66
  }
]