[
  {
    "name": "Process Start",
    "start": 1611388241654,
    "end": 1611388242711,
    "duration": 1057,
    "pid": 17256,
    "index": 0
  },
  {
    "name": "Application Start",
    "start": 1611388242711,
    "end": 1611388243145,
    "duration": 434,
    "pid": 17256,
    "index": 1
  },
  {
    "name": "Load Plugin",
    "start": 1611388242716,
    "end": 1611388242736,
    "duration": 20,
    "pid": 17256,
    "index": 2
  },
  {
    "name": "Load Config",
    "start": 1611388242736,
    "end": 1611388242758,
    "duration": 22,
    "pid": 17256,
    "index": 3
  },
  {
    "name": "Require(0) config/config.default.js",
    "start": 1611388242737,
    "end": 1611388242738,
    "duration": 1,
    "pid": 17256,
    "index": 4
  },
  {
    "name": "Require(1) node_modules/_egg-session@3.2.0@egg-session/config/config.default.js",
    "start": 1611388242739,
    "end": 1611388242739,
    "duration": 0,
    "pid": 17256,
    "index": 5
  },
  {
    "name": "Require(2) node_modules/_egg-security@2.8.0@egg-security/config/config.default.js",
    "start": 1611388242740,
    "end": 1611388242740,
    "duration": 0,
    "pid": 17256,
    "index": 6
  },
  {
    "name": "Require(3) node_modules/_egg-jsonp@2.0.0@egg-jsonp/config/config.default.js",
    "start": 1611388242741,
    "end": 1611388242742,
    "duration": 1,
    "pid": 17256,
    "index": 7
  },
  {
    "name": "Require(4) node_modules/_egg-onerror@2.1.0@egg-onerror/config/config.default.js",
    "start": 1611388242742,
    "end": 1611388242743,
    "duration": 1,
    "pid": 17256,
    "index": 8
  },
  {
    "name": "Require(5) node_modules/_egg-i18n@2.1.1@egg-i18n/config/config.default.js",
    "start": 1611388242743,
    "end": 1611388242744,
    "duration": 1,
    "pid": 17256,
    "index": 9
  },
  {
    "name": "Require(6) node_modules/_egg-watcher@3.1.1@egg-watcher/config/config.default.js",
    "start": 1611388242744,
    "end": 1611388242745,
    "duration": 1,
    "pid": 17256,
    "index": 10
  },
  {
    "name": "Require(7) node_modules/_egg-schedule@3.6.6@egg-schedule/config/config.default.js",
    "start": 1611388242745,
    "end": 1611388242745,
    "duration": 0,
    "pid": 17256,
    "index": 11
  },
  {
    "name": "Require(8) node_modules/_egg-multipart@2.10.3@egg-multipart/config/config.default.js",
    "start": 1611388242746,
    "end": 1611388242746,
    "duration": 0,
    "pid": 17256,
    "index": 12
  },
  {
    "name": "Require(9) node_modules/_egg-development@2.7.0@egg-development/config/config.default.js",
    "start": 1611388242747,
    "end": 1611388242747,
    "duration": 0,
    "pid": 17256,
    "index": 13
  },
  {
    "name": "Require(10) node_modules/_egg-logrotator@3.1.0@egg-logrotator/config/config.default.js",
    "start": 1611388242748,
    "end": 1611388242748,
    "duration": 0,
    "pid": 17256,
    "index": 14
  },
  {
    "name": "Require(11) node_modules/_egg-static@2.2.0@egg-static/config/config.default.js",
    "start": 1611388242749,
    "end": 1611388242749,
    "duration": 0,
    "pid": 17256,
    "index": 15
  },
  {
    "name": "Require(12) node_modules/_egg-view@2.1.3@egg-view/config/config.default.js",
    "start": 1611388242750,
    "end": 1611388242750,
    "duration": 0,
    "pid": 17256,
    "index": 16
  },
  {
    "name": "Require(13) node_modules/_egg-view-ejs@2.0.1@egg-view-ejs/config/config.default.js",
    "start": 1611388242751,
    "end": 1611388242751,
    "duration": 0,
    "pid": 17256,
    "index": 17
  },
  {
    "name": "Require(14) node_modules/_egg@2.29.1@egg/config/config.default.js",
    "start": 1611388242751,
    "end": 1611388242752,
    "duration": 1,
    "pid": 17256,
    "index": 18
  },
  {
    "name": "Require(15) config/config.default.js",
    "start": 1611388242753,
    "end": 1611388242753,
    "duration": 0,
    "pid": 17256,
    "index": 19
  },
  {
    "name": "Require(16) node_modules/_egg-security@2.8.0@egg-security/config/config.local.js",
    "start": 1611388242754,
    "end": 1611388242754,
    "duration": 0,
    "pid": 17256,
    "index": 20
  },
  {
    "name": "Require(17) node_modules/_egg-watcher@3.1.1@egg-watcher/config/config.local.js",
    "start": 1611388242755,
    "end": 1611388242755,
    "duration": 0,
    "pid": 17256,
    "index": 21
  },
  {
    "name": "Require(18) node_modules/_egg-view@2.1.3@egg-view/config/config.local.js",
    "start": 1611388242757,
    "end": 1611388242757,
    "duration": 0,
    "pid": 17256,
    "index": 22
  },
  {
    "name": "Require(19) node_modules/_egg-view-ejs@2.0.1@egg-view-ejs/config/config.local.js",
    "start": 1611388242757,
    "end": 1611388242757,
    "duration": 0,
    "pid": 17256,
    "index": 23
  },
  {
    "name": "Require(20) node_modules/_egg@2.29.1@egg/config/config.local.js",
    "start": 1611388242758,
    "end": 1611388242758,
    "duration": 0,
    "pid": 17256,
    "index": 24
  },
  {
    "name": "Load extend/application.js",
    "start": 1611388242759,
    "end": 1611388242775,
    "duration": 16,
    "pid": 17256,
    "index": 25
  },
  {
    "name": "Require(21) node_modules/_egg-session@3.2.0@egg-session/app/extend/application.js",
    "start": 1611388242760,
    "end": 1611388242760,
    "duration": 0,
    "pid": 17256,
    "index": 26
  },
  {
    "name": "Require(22) node_modules/_egg-security@2.8.0@egg-security/app/extend/application.js",
    "start": 1611388242761,
    "end": 1611388242762,
    "duration": 1,
    "pid": 17256,
    "index": 27
  },
  {
    "name": "Require(23) node_modules/_egg-jsonp@2.0.0@egg-jsonp/app/extend/application.js",
    "start": 1611388242762,
    "end": 1611388242764,
    "duration": 2,
    "pid": 17256,
    "index": 28
  },
  {
    "name": "Require(24) node_modules/_egg-logrotator@3.1.0@egg-logrotator/app/extend/application.js",
    "start": 1611388242766,
    "end": 1611388242769,
    "duration": 3,
    "pid": 17256,
    "index": 29
  },
  {
    "name": "Require(25) node_modules/_egg-view@2.1.3@egg-view/app/extend/application.js",
    "start": 1611388242770,
    "end": 1611388242772,
    "duration": 2,
    "pid": 17256,
    "index": 30
  },
  {
    "name": "Load extend/request.js",
    "start": 1611388242775,
    "end": 1611388242783,
    "duration": 8,
    "pid": 17256,
    "index": 31
  },
  {
    "name": "Require(26) node_modules/_egg@2.29.1@egg/app/extend/request.js",
    "start": 1611388242778,
    "end": 1611388242780,
    "duration": 2,
    "pid": 17256,
    "index": 32
  },
  {
    "name": "Load extend/response.js",
    "start": 1611388242783,
    "end": 1611388242793,
    "duration": 10,
    "pid": 17256,
    "index": 33
  },
  {
    "name": "Require(27) node_modules/_egg@2.29.1@egg/app/extend/response.js",
    "start": 1611388242787,
    "end": 1611388242790,
    "duration": 3,
    "pid": 17256,
    "index": 34
  },
  {
    "name": "Load extend/context.js",
    "start": 1611388242793,
    "end": 1611388242861,
    "duration": 68,
    "pid": 17256,
    "index": 35
  },
  {
    "name": "Require(28) node_modules/_egg-security@2.8.0@egg-security/app/extend/context.js",
    "start": 1611388242794,
    "end": 1611388242808,
    "duration": 14,
    "pid": 17256,
    "index": 36
  },
  {
    "name": "Require(29) node_modules/_egg-jsonp@2.0.0@egg-jsonp/app/extend/context.js",
    "start": 1611388242808,
    "end": 1611388242810,
    "duration": 2,
    "pid": 17256,
    "index": 37
  },
  {
    "name": "Require(30) node_modules/_egg-i18n@2.1.1@egg-i18n/app/extend/context.js",
    "start": 1611388242811,
    "end": 1611388242811,
    "duration": 0,
    "pid": 17256,
    "index": 38
  },
  {
    "name": "Require(31) node_modules/_egg-multipart@2.10.3@egg-multipart/app/extend/context.js",
    "start": 1611388242812,
    "end": 1611388242855,
    "duration": 43,
    "pid": 17256,
    "index": 39
  },
  {
    "name": "Require(32) node_modules/_egg-view@2.1.3@egg-view/app/extend/context.js",
    "start": 1611388242856,
    "end": 1611388242857,
    "duration": 1,
    "pid": 17256,
    "index": 40
  },
  {
    "name": "Require(33) node_modules/_egg@2.29.1@egg/app/extend/context.js",
    "start": 1611388242857,
    "end": 1611388242859,
    "duration": 2,
    "pid": 17256,
    "index": 41
  },
  {
    "name": "Load extend/helper.js",
    "start": 1611388242861,
    "end": 1611388242883,
    "duration": 22,
    "pid": 17256,
    "index": 42
  },
  {
    "name": "Require(34) node_modules/_egg-security@2.8.0@egg-security/app/extend/helper.js",
    "start": 1611388242862,
    "end": 1611388242878,
    "duration": 16,
    "pid": 17256,
    "index": 43
  },
  {
    "name": "Require(35) node_modules/_egg@2.29.1@egg/app/extend/helper.js",
    "start": 1611388242880,
    "end": 1611388242880,
    "duration": 0,
    "pid": 17256,
    "index": 44
  },
  {
    "name": "Load app.js",
    "start": 1611388242884,
    "end": 1611388242921,
    "duration": 37,
    "pid": 17256,
    "index": 45
  },
  {
    "name": "Require(36) node_modules/_egg-session@3.2.0@egg-session/app.js",
    "start": 1611388242884,
    "end": 1611388242884,
    "duration": 0,
    "pid": 17256,
    "index": 46
  },
  {
    "name": "Require(37) node_modules/_egg-security@2.8.0@egg-security/app.js",
    "start": 1611388242885,
    "end": 1611388242886,
    "duration": 1,
    "pid": 17256,
    "index": 47
  },
  {
    "name": "Require(38) node_modules/_egg-onerror@2.1.0@egg-onerror/app.js",
    "start": 1611388242887,
    "end": 1611388242901,
    "duration": 14,
    "pid": 17256,
    "index": 48
  },
  {
    "name": "Require(39) node_modules/_egg-i18n@2.1.1@egg-i18n/app.js",
    "start": 1611388242901,
    "end": 1611388242911,
    "duration": 10,
    "pid": 17256,
    "index": 49
  },
  {
    "name": "Require(40) node_modules/_egg-watcher@3.1.1@egg-watcher/app.js",
    "start": 1611388242911,
    "end": 1611388242915,
    "duration": 4,
    "pid": 17256,
    "index": 50
  },
  {
    "name": "Require(41) node_modules/_egg-schedule@3.6.6@egg-schedule/app.js",
    "start": 1611388242916,
    "end": 1611388242918,
    "duration": 2,
    "pid": 17256,
    "index": 51
  },
  {
    "name": "Require(42) node_modules/_egg-multipart@2.10.3@egg-multipart/app.js",
    "start": 1611388242918,
    "end": 1611388242918,
    "duration": 0,
    "pid": 17256,
    "index": 52
  },
  {
    "name": "Require(43) node_modules/_egg-development@2.7.0@egg-development/app.js",
    "start": 1611388242919,
    "end": 1611388242919,
    "duration": 0,
    "pid": 17256,
    "index": 53
  },
  {
    "name": "Require(44) node_modules/_egg-logrotator@3.1.0@egg-logrotator/app.js",
    "start": 1611388242919,
    "end": 1611388242919,
    "duration": 0,
    "pid": 17256,
    "index": 54
  },
  {
    "name": "Require(45) node_modules/_egg-static@2.2.0@egg-static/app.js",
    "start": 1611388242919,
    "end": 1611388242920,
    "duration": 1,
    "pid": 17256,
    "index": 55
  },
  {
    "name": "Require(46) node_modules/_egg-view-ejs@2.0.1@egg-view-ejs/app.js",
    "start": 1611388242920,
    "end": 1611388242921,
    "duration": 1,
    "pid": 17256,
    "index": 56
  },
  {
    "name": "Before Start in node_modules/_egg-watcher@3.1.1@egg-watcher/lib/init.js:15:14",
    "start": 1611388242929,
    "end": 1611388243145,
    "duration": 216,
    "pid": 17256,
    "index": 57
  },
  {
    "name": "Load Service",
    "start": 1611388242963,
    "end": 1611388242968,
    "duration": 5,
    "pid": 17256,
    "index": 58
  },
  {
    "name": "Load \"service\" to Context",
    "start": 1611388242963,
    "end": 1611388242968,
    "duration": 5,
    "pid": 17256,
    "index": 59
  },
  {
    "name": "Load Middleware",
    "start": 1611388242968,
    "end": 1611388243123,
    "duration": 155,
    "pid": 17256,
    "index": 60
  },
  {
    "name": "Load \"middlewares\" to Application",
    "start": 1611388242968,
    "end": 1611388243108,
    "duration": 140,
    "pid": 17256,
    "index": 61
  },
  {
    "name": "Load Controller",
    "start": 1611388243123,
    "end": 1611388243130,
    "duration": 7,
    "pid": 17256,
    "index": 62
  },
  {
    "name": "Load \"controller\" to Application",
    "start": 1611388243123,
    "end": 1611388243130,
    "duration": 7,
    "pid": 17256,
    "index": 63
  },
  {
    "name": "Load Router",
    "start": 1611388243130,
    "end": 1611388243132,
    "duration": 2,
    "pid": 17256,
    "index": 64
  },
  {
    "name": "Require(47) app/router.js",
    "start": 1611388243130,
    "end": 1611388243131,
    "duration": 1,
    "pid": 17256,
    "index": 65
  },
  {
    "name": "Before Start in node_modules/_egg-core@4.20.0@egg-core/lib/egg.js:303:10",
    "start": 1611388243131,
    "end": 1611388243138,
    "duration": 7,
    "pid": 17256,
    "index": 66
  }
]