[
  {
    "name": "Process Start",
    "start": 1611388229434,
    "end": 1611388230726,
    "duration": 1292,
    "pid": 18448,
    "index": 0
  },
  {
    "name": "Application Start",
    "start": 1611388230726,
    "end": 1611388231129,
    "duration": 403,
    "pid": 18448,
    "index": 1
  },
  {
    "name": "Load Plugin",
    "start": 1611388230730,
    "end": 1611388230748,
    "duration": 18,
    "pid": 18448,
    "index": 2
  },
  {
    "name": "Load Config",
    "start": 1611388230748,
    "end": 1611388230767,
    "duration": 19,
    "pid": 18448,
    "index": 3
  },
  {
    "name": "Require(0) config/config.default.js",
    "start": 1611388230748,
    "end": 1611388230749,
    "duration": 1,
    "pid": 18448,
    "index": 4
  },
  {
    "name": "Require(1) node_modules/_egg-session@3.2.0@egg-session/config/config.default.js",
    "start": 1611388230750,
    "end": 1611388230750,
    "duration": 0,
    "pid": 18448,
    "index": 5
  },
  {
    "name": "Require(2) node_modules/_egg-security@2.8.0@egg-security/config/config.default.js",
    "start": 1611388230751,
    "end": 1611388230751,
    "duration": 0,
    "pid": 18448,
    "index": 6
  },
  {
    "name": "Require(3) node_modules/_egg-jsonp@2.0.0@egg-jsonp/config/config.default.js",
    "start": 1611388230752,
    "end": 1611388230752,
    "duration": 0,
    "pid": 18448,
    "index": 7
  },
  {
    "name": "Require(4) node_modules/_egg-onerror@2.1.0@egg-onerror/config/config.default.js",
    "start": 1611388230753,
    "end": 1611388230753,
    "duration": 0,
    "pid": 18448,
    "index": 8
  },
  {
    "name": "Require(5) node_modules/_egg-i18n@2.1.1@egg-i18n/config/config.default.js",
    "start": 1611388230753,
    "end": 1611388230754,
    "duration": 1,
    "pid": 18448,
    "index": 9
  },
  {
    "name": "Require(6) node_modules/_egg-watcher@3.1.1@egg-watcher/config/config.default.js",
    "start": 1611388230754,
    "end": 1611388230755,
    "duration": 1,
    "pid": 18448,
    "index": 10
  },
  {
    "name": "Require(7) node_modules/_egg-schedule@3.6.6@egg-schedule/config/config.default.js",
    "start": 1611388230755,
    "end": 1611388230755,
    "duration": 0,
    "pid": 18448,
    "index": 11
  },
  {
    "name": "Require(8) node_modules/_egg-multipart@2.10.3@egg-multipart/config/config.default.js",
    "start": 1611388230756,
    "end": 1611388230756,
    "duration": 0,
    "pid": 18448,
    "index": 12
  },
  {
    "name": "Require(9) node_modules/_egg-development@2.7.0@egg-development/config/config.default.js",
    "start": 1611388230757,
    "end": 1611388230757,
    "duration": 0,
    "pid": 18448,
    "index": 13
  },
  {
    "name": "Require(10) node_modules/_egg-logrotator@3.1.0@egg-logrotator/config/config.default.js",
    "start": 1611388230758,
    "end": 1611388230758,
    "duration": 0,
    "pid": 18448,
    "index": 14
  },
  {
    "name": "Require(11) node_modules/_egg-static@2.2.0@egg-static/config/config.default.js",
    "start": 1611388230758,
    "end": 1611388230759,
    "duration": 1,
    "pid": 18448,
    "index": 15
  },
  {
    "name": "Require(12) node_modules/_egg-view@2.1.3@egg-view/config/config.default.js",
    "start": 1611388230759,
    "end": 1611388230760,
    "duration": 1,
    "pid": 18448,
    "index": 16
  },
  {
    "name": "Require(13) node_modules/_egg-view-ejs@2.0.1@egg-view-ejs/config/config.default.js",
    "start": 1611388230760,
    "end": 1611388230760,
    "duration": 0,
    "pid": 18448,
    "index": 17
  },
  {
    "name": "Require(14) node_modules/_egg@2.29.1@egg/config/config.default.js",
    "start": 1611388230761,
    "end": 1611388230761,
    "duration": 0,
    "pid": 18448,
    "index": 18
  },
  {
    "name": "Require(15) config/config.default.js",
    "start": 1611388230762,
    "end": 1611388230762,
    "duration": 0,
    "pid": 18448,
    "index": 19
  },
  {
    "name": "Require(16) node_modules/_egg-security@2.8.0@egg-security/config/config.local.js",
    "start": 1611388230763,
    "end": 1611388230763,
    "duration": 0,
    "pid": 18448,
    "index": 20
  },
  {
    "name": "Require(17) node_modules/_egg-watcher@3.1.1@egg-watcher/config/config.local.js",
    "start": 1611388230764,
    "end": 1611388230764,
    "duration": 0,
    "pid": 18448,
    "index": 21
  },
  {
    "name": "Require(18) node_modules/_egg-view@2.1.3@egg-view/config/config.local.js",
    "start": 1611388230765,
    "end": 1611388230766,
    "duration": 1,
    "pid": 18448,
    "index": 22
  },
  {
    "name": "Require(19) node_modules/_egg-view-ejs@2.0.1@egg-view-ejs/config/config.local.js",
    "start": 1611388230766,
    "end": 1611388230766,
    "duration": 0,
    "pid": 18448,
    "index": 23
  },
  {
    "name": "Require(20) node_modules/_egg@2.29.1@egg/config/config.local.js",
    "start": 1611388230766,
    "end": 1611388230767,
    "duration": 1,
    "pid": 18448,
    "index": 24
  },
  {
    "name": "Load extend/application.js",
    "start": 1611388230768,
    "end": 1611388230782,
    "duration": 14,
    "pid": 18448,
    "index": 25
  },
  {
    "name": "Require(21) node_modules/_egg-session@3.2.0@egg-session/app/extend/application.js",
    "start": 1611388230768,
    "end": 1611388230768,
    "duration": 0,
    "pid": 18448,
    "index": 26
  },
  {
    "name": "Require(22) node_modules/_egg-security@2.8.0@egg-security/app/extend/application.js",
    "start": 1611388230769,
    "end": 1611388230770,
    "duration": 1,
    "pid": 18448,
    "index": 27
  },
  {
    "name": "Require(23) node_modules/_egg-jsonp@2.0.0@egg-jsonp/app/extend/application.js",
    "start": 1611388230770,
    "end": 1611388230772,
    "duration": 2,
    "pid": 18448,
    "index": 28
  },
  {
    "name": "Require(24) node_modules/_egg-logrotator@3.1.0@egg-logrotator/app/extend/application.js",
    "start": 1611388230774,
    "end": 1611388230777,
    "duration": 3,
    "pid": 18448,
    "index": 29
  },
  {
    "name": "Require(25) node_modules/_egg-view@2.1.3@egg-view/app/extend/application.js",
    "start": 1611388230777,
    "end": 1611388230779,
    "duration": 2,
    "pid": 18448,
    "index": 30
  },
  {
    "name": "Load extend/request.js",
    "start": 1611388230782,
    "end": 1611388230790,
    "duration": 8,
    "pid": 18448,
    "index": 31
  },
  {
    "name": "Require(26) node_modules/_egg@2.29.1@egg/app/extend/request.js",
    "start": 1611388230784,
    "end": 1611388230786,
    "duration": 2,
    "pid": 18448,
    "index": 32
  },
  {
    "name": "Load extend/response.js",
    "start": 1611388230791,
    "end": 1611388230799,
    "duration": 8,
    "pid": 18448,
    "index": 33
  },
  {
    "name": "Require(27) node_modules/_egg@2.29.1@egg/app/extend/response.js",
    "start": 1611388230793,
    "end": 1611388230796,
    "duration": 3,
    "pid": 18448,
    "index": 34
  },
  {
    "name": "Load extend/context.js",
    "start": 1611388230799,
    "end": 1611388230864,
    "duration": 65,
    "pid": 18448,
    "index": 35
  },
  {
    "name": "Require(28) node_modules/_egg-security@2.8.0@egg-security/app/extend/context.js",
    "start": 1611388230800,
    "end": 1611388230812,
    "duration": 12,
    "pid": 18448,
    "index": 36
  },
  {
    "name": "Require(29) node_modules/_egg-jsonp@2.0.0@egg-jsonp/app/extend/context.js",
    "start": 1611388230812,
    "end": 1611388230814,
    "duration": 2,
    "pid": 18448,
    "index": 37
  },
  {
    "name": "Require(30) node_modules/_egg-i18n@2.1.1@egg-i18n/app/extend/context.js",
    "start": 1611388230814,
    "end": 1611388230815,
    "duration": 1,
    "pid": 18448,
    "index": 38
  },
  {
    "name": "Require(31) node_modules/_egg-multipart@2.10.3@egg-multipart/app/extend/context.js",
    "start": 1611388230815,
    "end": 1611388230858,
    "duration": 43,
    "pid": 18448,
    "index": 39
  },
  {
    "name": "Require(32) node_modules/_egg-view@2.1.3@egg-view/app/extend/context.js",
    "start": 1611388230859,
    "end": 1611388230860,
    "duration": 1,
    "pid": 18448,
    "index": 40
  },
  {
    "name": "Require(33) node_modules/_egg@2.29.1@egg/app/extend/context.js",
    "start": 1611388230860,
    "end": 1611388230861,
    "duration": 1,
    "pid": 18448,
    "index": 41
  },
  {
    "name": "Load extend/helper.js",
    "start": 1611388230864,
    "end": 1611388230885,
    "duration": 21,
    "pid": 18448,
    "index": 42
  },
  {
    "name": "Require(34) node_modules/_egg-security@2.8.0@egg-security/app/extend/helper.js",
    "start": 1611388230865,
    "end": 1611388230879,
    "duration": 14,
    "pid": 18448,
    "index": 43
  },
  {
    "name": "Require(35) node_modules/_egg@2.29.1@egg/app/extend/helper.js",
    "start": 1611388230882,
    "end": 1611388230882,
    "duration": 0,
    "pid": 18448,
    "index": 44
  },
  {
    "name": "Load app.js",
    "start": 1611388230885,
    "end": 1611388230915,
    "duration": 30,
    "pid": 18448,
    "index": 45
  },
  {
    "name": "Require(36) node_modules/_egg-session@3.2.0@egg-session/app.js",
    "start": 1611388230885,
    "end": 1611388230885,
    "duration": 0,
    "pid": 18448,
    "index": 46
  },
  {
    "name": "Require(37) node_modules/_egg-security@2.8.0@egg-security/app.js",
    "start": 1611388230886,
    "end": 1611388230887,
    "duration": 1,
    "pid": 18448,
    "index": 47
  },
  {
    "name": "Require(38) node_modules/_egg-onerror@2.1.0@egg-onerror/app.js",
    "start": 1611388230888,
    "end": 1611388230897,
    "duration": 9,
    "pid": 18448,
    "index": 48
  },
  {
    "name": "Require(39) node_modules/_egg-i18n@2.1.1@egg-i18n/app.js",
    "start": 1611388230898,
    "end": 1611388230905,
    "duration": 7,
    "pid": 18448,
    "index": 49
  },
  {
    "name": "Require(40) node_modules/_egg-watcher@3.1.1@egg-watcher/app.js",
    "start": 1611388230905,
    "end": 1611388230909,
    "duration": 4,
    "pid": 18448,
    "index": 50
  },
  {
    "name": "Require(41) node_modules/_egg-schedule@3.6.6@egg-schedule/app.js",
    "start": 1611388230909,
    "end": 1611388230911,
    "duration": 2,
    "pid": 18448,
    "index": 51
  },
  {
    "name": "Require(42) node_modules/_egg-multipart@2.10.3@egg-multipart/app.js",
    "start": 1611388230911,
    "end": 1611388230912,
    "duration": 1,
    "pid": 18448,
    "index": 52
  },
  {
    "name": "Require(43) node_modules/_egg-development@2.7.0@egg-development/app.js",
    "start": 1611388230912,
    "end": 1611388230912,
    "duration": 0,
    "pid": 18448,
    "index": 53
  },
  {
    "name": "Require(44) node_modules/_egg-logrotator@3.1.0@egg-logrotator/app.js",
    "start": 1611388230913,
    "end": 1611388230913,
    "duration": 0,
    "pid": 18448,
    "index": 54
  },
  {
    "name": "Require(45) node_modules/_egg-static@2.2.0@egg-static/app.js",
    "start": 1611388230913,
    "end": 1611388230913,
    "duration": 0,
    "pid": 18448,
    "index": 55
  },
  {
    "name": "Require(46) node_modules/_egg-view-ejs@2.0.1@egg-view-ejs/app.js",
    "start": 1611388230914,
    "end": 1611388230914,
    "duration": 0,
    "pid": 18448,
    "index": 56
  },
  {
    "name": "Before Start in node_modules/_egg-watcher@3.1.1@egg-watcher/lib/init.js:15:14",
    "start": 1611388230922,
    "end": 1611388231128,
    "duration": 206,
    "pid": 18448,
    "index": 57
  },
  {
    "name": "Load Service",
    "start": 1611388230951,
    "end": 1611388230955,
    "duration": 4,
    "pid": 18448,
    "index": 58
  },
  {
    "name": "Load \"service\" to Context",
    "start": 1611388230951,
    "end": 1611388230955,
    "duration": 4,
    "pid": 18448,
    "index": 59
  },
  {
    "name": "Load Middleware",
    "start": 1611388230955,
    "end": 1611388231102,
    "duration": 147,
    "pid": 18448,
    "index": 60
  },
  {
    "name": "Load \"middlewares\" to Application",
    "start": 1611388230956,
    "end": 1611388231084,
    "duration": 128,
    "pid": 18448,
    "index": 61
  },
  {
    "name": "Load Controller",
    "start": 1611388231102,
    "end": 1611388231109,
    "duration": 7,
    "pid": 18448,
    "index": 62
  },
  {
    "name": "Load \"controller\" to Application",
    "start": 1611388231102,
    "end": 1611388231109,
    "duration": 7,
    "pid": 18448,
    "index": 63
  },
  {
    "name": "Load Router",
    "start": 1611388231109,
    "end": 1611388231111,
    "duration": 2,
    "pid": 18448,
    "index": 64
  },
  {
    "name": "Require(47) app/router.js",
    "start": 1611388231110,
    "end": 1611388231110,
    "duration": 0,
    "pid": 18448,
    "index": 65
  },
  {
    "name": "Before Start in node_modules/_egg-core@4.20.0@egg-core/lib/egg.js:303:10",
    "start": 1611388231110,
    "end": 1611388231118,
    "duration": 8,
    "pid": 18448,
    "index": 66
  }
]