[
  {
    "name": "Process Start",
    "start": 1611388262550,
    "end": 1611388263607,
    "duration": 1057,
    "pid": 4468,
    "index": 0
  },
  {
    "name": "Application Start",
    "start": 1611388263608,
    "end": 1611388264074,
    "duration": 466,
    "pid": 4468,
    "index": 1
  },
  {
    "name": "Load Plugin",
    "start": 1611388263612,
    "end": 1611388263639,
    "duration": 27,
    "pid": 4468,
    "index": 2
  },
  {
    "name": "Load Config",
    "start": 1611388263639,
    "end": 1611388263677,
    "duration": 38,
    "pid": 4468,
    "index": 3
  },
  {
    "name": "Require(0) config/config.default.js",
    "start": 1611388263640,
    "end": 1611388263640,
    "duration": 0,
    "pid": 4468,
    "index": 4
  },
  {
    "name": "Require(1) node_modules/_egg-session@3.2.0@egg-session/config/config.default.js",
    "start": 1611388263642,
    "end": 1611388263643,
    "duration": 1,
    "pid": 4468,
    "index": 5
  },
  {
    "name": "Require(2) node_modules/_egg-security@2.8.0@egg-security/config/config.default.js",
    "start": 1611388263643,
    "end": 1611388263644,
    "duration": 1,
    "pid": 4468,
    "index": 6
  },
  {
    "name": "Require(3) node_modules/_egg-jsonp@2.0.0@egg-jsonp/config/config.default.js",
    "start": 1611388263645,
    "end": 1611388263645,
    "duration": 0,
    "pid": 4468,
    "index": 7
  },
  {
    "name": "Require(4) node_modules/_egg-onerror@2.1.0@egg-onerror/config/config.default.js",
    "start": 1611388263646,
    "end": 1611388263646,
    "duration": 0,
    "pid": 4468,
    "index": 8
  },
  {
    "name": "Require(5) node_modules/_egg-i18n@2.1.1@egg-i18n/config/config.default.js",
    "start": 1611388263647,
    "end": 1611388263647,
    "duration": 0,
    "pid": 4468,
    "index": 9
  },
  {
    "name": "Require(6) node_modules/_egg-watcher@3.1.1@egg-watcher/config/config.default.js",
    "start": 1611388263648,
    "end": 1611388263649,
    "duration": 1,
    "pid": 4468,
    "index": 10
  },
  {
    "name": "Require(7) node_modules/_egg-schedule@3.6.6@egg-schedule/config/config.default.js",
    "start": 1611388263650,
    "end": 1611388263651,
    "duration": 1,
    "pid": 4468,
    "index": 11
  },
  {
    "name": "Require(8) node_modules/_egg-multipart@2.10.3@egg-multipart/config/config.default.js",
    "start": 1611388263652,
    "end": 1611388263653,
    "duration": 1,
    "pid": 4468,
    "index": 12
  },
  {
    "name": "Require(9) node_modules/_egg-development@2.7.0@egg-development/config/config.default.js",
    "start": 1611388263655,
    "end": 1611388263656,
    "duration": 1,
    "pid": 4468,
    "index": 13
  },
  {
    "name": "Require(10) node_modules/_egg-logrotator@3.1.0@egg-logrotator/config/config.default.js",
    "start": 1611388263657,
    "end": 1611388263658,
    "duration": 1,
    "pid": 4468,
    "index": 14
  },
  {
    "name": "Require(11) node_modules/_egg-static@2.2.0@egg-static/config/config.default.js",
    "start": 1611388263659,
    "end": 1611388263659,
    "duration": 0,
    "pid": 4468,
    "index": 15
  },
  {
    "name": "Require(12) node_modules/_egg-view@2.1.3@egg-view/config/config.default.js",
    "start": 1611388263660,
    "end": 1611388263661,
    "duration": 1,
    "pid": 4468,
    "index": 16
  },
  {
    "name": "Require(13) node_modules/_egg-view-ejs@2.0.1@egg-view-ejs/config/config.default.js",
    "start": 1611388263662,
    "end": 1611388263663,
    "duration": 1,
    "pid": 4468,
    "index": 17
  },
  {
    "name": "Require(14) node_modules/_egg@2.29.1@egg/config/config.default.js",
    "start": 1611388263664,
    "end": 1611388263664,
    "duration": 0,
    "pid": 4468,
    "index": 18
  },
  {
    "name": "Require(15) config/config.default.js",
    "start": 1611388263667,
    "end": 1611388263667,
    "duration": 0,
    "pid": 4468,
    "index": 19
  },
  {
    "name": "Require(16) node_modules/_egg-security@2.8.0@egg-security/config/config.local.js",
    "start": 1611388263668,
    "end": 1611388263669,
    "duration": 1,
    "pid": 4468,
    "index": 20
  },
  {
    "name": "Require(17) node_modules/_egg-watcher@3.1.1@egg-watcher/config/config.local.js",
    "start": 1611388263671,
    "end": 1611388263671,
    "duration": 0,
    "pid": 4468,
    "index": 21
  },
  {
    "name": "Require(18) node_modules/_egg-view@2.1.3@egg-view/config/config.local.js",
    "start": 1611388263674,
    "end": 1611388263674,
    "duration": 0,
    "pid": 4468,
    "index": 22
  },
  {
    "name": "Require(19) node_modules/_egg-view-ejs@2.0.1@egg-view-ejs/config/config.local.js",
    "start": 1611388263675,
    "end": 1611388263675,
    "duration": 0,
    "pid": 4468,
    "index": 23
  },
  {
    "name": "Require(20) node_modules/_egg@2.29.1@egg/config/config.local.js",
    "start": 1611388263676,
    "end": 1611388263676,
    "duration": 0,
    "pid": 4468,
    "index": 24
  },
  {
    "name": "Load extend/application.js",
    "start": 1611388263678,
    "end": 1611388263702,
    "duration": 24,
    "pid": 4468,
    "index": 25
  },
  {
    "name": "Require(21) node_modules/_egg-session@3.2.0@egg-session/app/extend/application.js",
    "start": 1611388263680,
    "end": 1611388263680,
    "duration": 0,
    "pid": 4468,
    "index": 26
  },
  {
    "name": "Require(22) node_modules/_egg-security@2.8.0@egg-security/app/extend/application.js",
    "start": 1611388263681,
    "end": 1611388263683,
    "duration": 2,
    "pid": 4468,
    "index": 27
  },
  {
    "name": "Require(23) node_modules/_egg-jsonp@2.0.0@egg-jsonp/app/extend/application.js",
    "start": 1611388263683,
    "end": 1611388263686,
    "duration": 3,
    "pid": 4468,
    "index": 28
  },
  {
    "name": "Require(24) node_modules/_egg-logrotator@3.1.0@egg-logrotator/app/extend/application.js",
    "start": 1611388263688,
    "end": 1611388263693,
    "duration": 5,
    "pid": 4468,
    "index": 29
  },
  {
    "name": "Require(25) node_modules/_egg-view@2.1.3@egg-view/app/extend/application.js",
    "start": 1611388263695,
    "end": 1611388263698,
    "duration": 3,
    "pid": 4468,
    "index": 30
  },
  {
    "name": "Load extend/request.js",
    "start": 1611388263702,
    "end": 1611388263712,
    "duration": 10,
    "pid": 4468,
    "index": 31
  },
  {
    "name": "Require(26) node_modules/_egg@2.29.1@egg/app/extend/request.js",
    "start": 1611388263705,
    "end": 1611388263706,
    "duration": 1,
    "pid": 4468,
    "index": 32
  },
  {
    "name": "Load extend/response.js",
    "start": 1611388263712,
    "end": 1611388263719,
    "duration": 7,
    "pid": 4468,
    "index": 33
  },
  {
    "name": "Require(27) node_modules/_egg@2.29.1@egg/app/extend/response.js",
    "start": 1611388263714,
    "end": 1611388263716,
    "duration": 2,
    "pid": 4468,
    "index": 34
  },
  {
    "name": "Load extend/context.js",
    "start": 1611388263719,
    "end": 1611388263788,
    "duration": 69,
    "pid": 4468,
    "index": 35
  },
  {
    "name": "Require(28) node_modules/_egg-security@2.8.0@egg-security/app/extend/context.js",
    "start": 1611388263720,
    "end": 1611388263733,
    "duration": 13,
    "pid": 4468,
    "index": 36
  },
  {
    "name": "Require(29) node_modules/_egg-jsonp@2.0.0@egg-jsonp/app/extend/context.js",
    "start": 1611388263734,
    "end": 1611388263735,
    "duration": 1,
    "pid": 4468,
    "index": 37
  },
  {
    "name": "Require(30) node_modules/_egg-i18n@2.1.1@egg-i18n/app/extend/context.js",
    "start": 1611388263736,
    "end": 1611388263736,
    "duration": 0,
    "pid": 4468,
    "index": 38
  },
  {
    "name": "Require(31) node_modules/_egg-multipart@2.10.3@egg-multipart/app/extend/context.js",
    "start": 1611388263737,
    "end": 1611388263781,
    "duration": 44,
    "pid": 4468,
    "index": 39
  },
  {
    "name": "Require(32) node_modules/_egg-view@2.1.3@egg-view/app/extend/context.js",
    "start": 1611388263782,
    "end": 1611388263783,
    "duration": 1,
    "pid": 4468,
    "index": 40
  },
  {
    "name": "Require(33) node_modules/_egg@2.29.1@egg/app/extend/context.js",
    "start": 1611388263784,
    "end": 1611388263785,
    "duration": 1,
    "pid": 4468,
    "index": 41
  },
  {
    "name": "Load extend/helper.js",
    "start": 1611388263788,
    "end": 1611388263810,
    "duration": 22,
    "pid": 4468,
    "index": 42
  },
  {
    "name": "Require(34) node_modules/_egg-security@2.8.0@egg-security/app/extend/helper.js",
    "start": 1611388263789,
    "end": 1611388263805,
    "duration": 16,
    "pid": 4468,
    "index": 43
  },
  {
    "name": "Require(35) node_modules/_egg@2.29.1@egg/app/extend/helper.js",
    "start": 1611388263807,
    "end": 1611388263807,
    "duration": 0,
    "pid": 4468,
    "index": 44
  },
  {
    "name": "Load app.js",
    "start": 1611388263810,
    "end": 1611388263842,
    "duration": 32,
    "pid": 4468,
    "index": 45
  },
  {
    "name": "Require(36) node_modules/_egg-session@3.2.0@egg-session/app.js",
    "start": 1611388263811,
    "end": 1611388263811,
    "duration": 0,
    "pid": 4468,
    "index": 46
  },
  {
    "name": "Require(37) node_modules/_egg-security@2.8.0@egg-security/app.js",
    "start": 1611388263811,
    "end": 1611388263813,
    "duration": 2,
    "pid": 4468,
    "index": 47
  },
  {
    "name": "Require(38) node_modules/_egg-onerror@2.1.0@egg-onerror/app.js",
    "start": 1611388263814,
    "end": 1611388263823,
    "duration": 9,
    "pid": 4468,
    "index": 48
  },
  {
    "name": "Require(39) node_modules/_egg-i18n@2.1.1@egg-i18n/app.js",
    "start": 1611388263824,
    "end": 1611388263831,
    "duration": 7,
    "pid": 4468,
    "index": 49
  },
  {
    "name": "Require(40) node_modules/_egg-watcher@3.1.1@egg-watcher/app.js",
    "start": 1611388263831,
    "end": 1611388263835,
    "duration": 4,
    "pid": 4468,
    "index": 50
  },
  {
    "name": "Require(41) node_modules/_egg-schedule@3.6.6@egg-schedule/app.js",
    "start": 1611388263836,
    "end": 1611388263838,
    "duration": 2,
    "pid": 4468,
    "index": 51
  },
  {
    "name": "Require(42) node_modules/_egg-multipart@2.10.3@egg-multipart/app.js",
    "start": 1611388263838,
    "end": 1611388263839,
    "duration": 1,
    "pid": 4468,
    "index": 52
  },
  {
    "name": "Require(43) node_modules/_egg-development@2.7.0@egg-development/app.js",
    "start": 1611388263839,
    "end": 1611388263839,
    "duration": 0,
    "pid": 4468,
    "index": 53
  },
  {
    "name": "Require(44) node_modules/_egg-logrotator@3.1.0@egg-logrotator/app.js",
    "start": 1611388263840,
    "end": 1611388263840,
    "duration": 0,
    "pid": 4468,
    "index": 54
  },
  {
    "name": "Require(45) node_modules/_egg-static@2.2.0@egg-static/app.js",
    "start": 1611388263840,
    "end": 1611388263840,
    "duration": 0,
    "pid": 4468,
    "index": 55
  },
  {
    "name": "Require(46) node_modules/_egg-view-ejs@2.0.1@egg-view-ejs/app.js",
    "start": 1611388263841,
    "end": 1611388263841,
    "duration": 0,
    "pid": 4468,
    "index": 56
  },
  {
    "name": "Before Start in node_modules/_egg-watcher@3.1.1@egg-watcher/lib/init.js:15:14",
    "start": 1611388263850,
    "end": 1611388264073,
    "duration": 223,
    "pid": 4468,
    "index": 57
  },
  {
    "name": "Load Service",
    "start": 1611388263880,
    "end": 1611388263885,
    "duration": 5,
    "pid": 4468,
    "index": 58
  },
  {
    "name": "Load \"service\" to Context",
    "start": 1611388263880,
    "end": 1611388263885,
    "duration": 5,
    "pid": 4468,
    "index": 59
  },
  {
    "name": "Load Middleware",
    "start": 1611388263885,
    "end": 1611388264035,
    "duration": 150,
    "pid": 4468,
    "index": 60
  },
  {
    "name": "Load \"middlewares\" to Application",
    "start": 1611388263885,
    "end": 1611388264017,
    "duration": 132,
    "pid": 4468,
    "index": 61
  },
  {
    "name": "Load Controller",
    "start": 1611388264035,
    "end": 1611388264045,
    "duration": 10,
    "pid": 4468,
    "index": 62
  },
  {
    "name": "Load \"controller\" to Application",
    "start": 1611388264035,
    "end": 1611388264045,
    "duration": 10,
    "pid": 4468,
    "index": 63
  },
  {
    "name": "Load Router",
    "start": 1611388264045,
    "end": 1611388264052,
    "duration": 7,
    "pid": 4468,
    "index": 64
  },
  {
    "name": "Require(47) app/router.js",
    "start": 1611388264047,
    "end": 1611388264048,
    "duration": 1,
    "pid": 4468,
    "index": 65
  },
  {
    "name": "Before Start in node_modules/_egg-core@4.20.0@egg-core/lib/egg.js:303:10",
    "start": 1611388264048,
    "end": 1611388264063,
    "duration": 15,
    "pid": 4468,
    "index": 66
  }
]