[
  {
    "name": "Process Start",
    "start": 1611388322027,
    "end": 1611388323113,
    "duration": 1086,
    "pid": 4620,
    "index": 0
  },
  {
    "name": "Application Start",
    "start": 1611388323114,
    "end": 1611388323571,
    "duration": 457,
    "pid": 4620,
    "index": 1
  },
  {
    "name": "Load Plugin",
    "start": 1611388323118,
    "end": 1611388323139,
    "duration": 21,
    "pid": 4620,
    "index": 2
  },
  {
    "name": "Load Config",
    "start": 1611388323139,
    "end": 1611388323162,
    "duration": 23,
    "pid": 4620,
    "index": 3
  },
  {
    "name": "Require(0) config/config.default.js",
    "start": 1611388323139,
    "end": 1611388323140,
    "duration": 1,
    "pid": 4620,
    "index": 4
  },
  {
    "name": "Require(1) node_modules/_egg-session@3.2.0@egg-session/config/config.default.js",
    "start": 1611388323141,
    "end": 1611388323142,
    "duration": 1,
    "pid": 4620,
    "index": 5
  },
  {
    "name": "Require(2) node_modules/_egg-security@2.8.0@egg-security/config/config.default.js",
    "start": 1611388323142,
    "end": 1611388323143,
    "duration": 1,
    "pid": 4620,
    "index": 6
  },
  {
    "name": "Require(3) node_modules/_egg-jsonp@2.0.0@egg-jsonp/config/config.default.js",
    "start": 1611388323144,
    "end": 1611388323144,
    "duration": 0,
    "pid": 4620,
    "index": 7
  },
  {
    "name": "Require(4) node_modules/_egg-onerror@2.1.0@egg-onerror/config/config.default.js",
    "start": 1611388323145,
    "end": 1611388323145,
    "duration": 0,
    "pid": 4620,
    "index": 8
  },
  {
    "name": "Require(5) node_modules/_egg-i18n@2.1.1@egg-i18n/config/config.default.js",
    "start": 1611388323146,
    "end": 1611388323146,
    "duration": 0,
    "pid": 4620,
    "index": 9
  },
  {
    "name": "Require(6) node_modules/_egg-watcher@3.1.1@egg-watcher/config/config.default.js",
    "start": 1611388323147,
    "end": 1611388323147,
    "duration": 0,
    "pid": 4620,
    "index": 10
  },
  {
    "name": "Require(7) node_modules/_egg-schedule@3.6.6@egg-schedule/config/config.default.js",
    "start": 1611388323148,
    "end": 1611388323148,
    "duration": 0,
    "pid": 4620,
    "index": 11
  },
  {
    "name": "Require(8) node_modules/_egg-multipart@2.10.3@egg-multipart/config/config.default.js",
    "start": 1611388323149,
    "end": 1611388323149,
    "duration": 0,
    "pid": 4620,
    "index": 12
  },
  {
    "name": "Require(9) node_modules/_egg-development@2.7.0@egg-development/config/config.default.js",
    "start": 1611388323150,
    "end": 1611388323150,
    "duration": 0,
    "pid": 4620,
    "index": 13
  },
  {
    "name": "Require(10) node_modules/_egg-logrotator@3.1.0@egg-logrotator/config/config.default.js",
    "start": 1611388323151,
    "end": 1611388323151,
    "duration": 0,
    "pid": 4620,
    "index": 14
  },
  {
    "name": "Require(11) node_modules/_egg-static@2.2.0@egg-static/config/config.default.js",
    "start": 1611388323152,
    "end": 1611388323152,
    "duration": 0,
    "pid": 4620,
    "index": 15
  },
  {
    "name": "Require(12) node_modules/_egg-view@2.1.3@egg-view/config/config.default.js",
    "start": 1611388323153,
    "end": 1611388323153,
    "duration": 0,
    "pid": 4620,
    "index": 16
  },
  {
    "name": "Require(13) node_modules/_egg-view-ejs@2.0.1@egg-view-ejs/config/config.default.js",
    "start": 1611388323154,
    "end": 1611388323154,
    "duration": 0,
    "pid": 4620,
    "index": 17
  },
  {
    "name": "Require(14) node_modules/_egg@2.29.1@egg/config/config.default.js",
    "start": 1611388323155,
    "end": 1611388323155,
    "duration": 0,
    "pid": 4620,
    "index": 18
  },
  {
    "name": "Require(15) config/config.default.js",
    "start": 1611388323156,
    "end": 1611388323157,
    "duration": 1,
    "pid": 4620,
    "index": 19
  },
  {
    "name": "Require(16) node_modules/_egg-security@2.8.0@egg-security/config/config.local.js",
    "start": 1611388323157,
    "end": 1611388323158,
    "duration": 1,
    "pid": 4620,
    "index": 20
  },
  {
    "name": "Require(17) node_modules/_egg-watcher@3.1.1@egg-watcher/config/config.local.js",
    "start": 1611388323159,
    "end": 1611388323159,
    "duration": 0,
    "pid": 4620,
    "index": 21
  },
  {
    "name": "Require(18) node_modules/_egg-view@2.1.3@egg-view/config/config.local.js",
    "start": 1611388323161,
    "end": 1611388323161,
    "duration": 0,
    "pid": 4620,
    "index": 22
  },
  {
    "name": "Require(19) node_modules/_egg-view-ejs@2.0.1@egg-view-ejs/config/config.local.js",
    "start": 1611388323161,
    "end": 1611388323162,
    "duration": 1,
    "pid": 4620,
    "index": 23
  },
  {
    "name": "Require(20) node_modules/_egg@2.29.1@egg/config/config.local.js",
    "start": 1611388323162,
    "end": 1611388323162,
    "duration": 0,
    "pid": 4620,
    "index": 24
  },
  {
    "name": "Load extend/application.js",
    "start": 1611388323163,
    "end": 1611388323180,
    "duration": 17,
    "pid": 4620,
    "index": 25
  },
  {
    "name": "Require(21) node_modules/_egg-session@3.2.0@egg-session/app/extend/application.js",
    "start": 1611388323164,
    "end": 1611388323164,
    "duration": 0,
    "pid": 4620,
    "index": 26
  },
  {
    "name": "Require(22) node_modules/_egg-security@2.8.0@egg-security/app/extend/application.js",
    "start": 1611388323165,
    "end": 1611388323166,
    "duration": 1,
    "pid": 4620,
    "index": 27
  },
  {
    "name": "Require(23) node_modules/_egg-jsonp@2.0.0@egg-jsonp/app/extend/application.js",
    "start": 1611388323167,
    "end": 1611388323169,
    "duration": 2,
    "pid": 4620,
    "index": 28
  },
  {
    "name": "Require(24) node_modules/_egg-logrotator@3.1.0@egg-logrotator/app/extend/application.js",
    "start": 1611388323170,
    "end": 1611388323173,
    "duration": 3,
    "pid": 4620,
    "index": 29
  },
  {
    "name": "Require(25) node_modules/_egg-view@2.1.3@egg-view/app/extend/application.js",
    "start": 1611388323174,
    "end": 1611388323176,
    "duration": 2,
    "pid": 4620,
    "index": 30
  },
  {
    "name": "Load extend/request.js",
    "start": 1611388323180,
    "end": 1611388323188,
    "duration": 8,
    "pid": 4620,
    "index": 31
  },
  {
    "name": "Require(26) node_modules/_egg@2.29.1@egg/app/extend/request.js",
    "start": 1611388323183,
    "end": 1611388323185,
    "duration": 2,
    "pid": 4620,
    "index": 32
  },
  {
    "name": "Load extend/response.js",
    "start": 1611388323188,
    "end": 1611388323199,
    "duration": 11,
    "pid": 4620,
    "index": 33
  },
  {
    "name": "Require(27) node_modules/_egg@2.29.1@egg/app/extend/response.js",
    "start": 1611388323193,
    "end": 1611388323196,
    "duration": 3,
    "pid": 4620,
    "index": 34
  },
  {
    "name": "Load extend/context.js",
    "start": 1611388323199,
    "end": 1611388323281,
    "duration": 82,
    "pid": 4620,
    "index": 35
  },
  {
    "name": "Require(28) node_modules/_egg-security@2.8.0@egg-security/app/extend/context.js",
    "start": 1611388323200,
    "end": 1611388323216,
    "duration": 16,
    "pid": 4620,
    "index": 36
  },
  {
    "name": "Require(29) node_modules/_egg-jsonp@2.0.0@egg-jsonp/app/extend/context.js",
    "start": 1611388323216,
    "end": 1611388323218,
    "duration": 2,
    "pid": 4620,
    "index": 37
  },
  {
    "name": "Require(30) node_modules/_egg-i18n@2.1.1@egg-i18n/app/extend/context.js",
    "start": 1611388323219,
    "end": 1611388323219,
    "duration": 0,
    "pid": 4620,
    "index": 38
  },
  {
    "name": "Require(31) node_modules/_egg-multipart@2.10.3@egg-multipart/app/extend/context.js",
    "start": 1611388323220,
    "end": 1611388323273,
    "duration": 53,
    "pid": 4620,
    "index": 39
  },
  {
    "name": "Require(32) node_modules/_egg-view@2.1.3@egg-view/app/extend/context.js",
    "start": 1611388323274,
    "end": 1611388323275,
    "duration": 1,
    "pid": 4620,
    "index": 40
  },
  {
    "name": "Require(33) node_modules/_egg@2.29.1@egg/app/extend/context.js",
    "start": 1611388323276,
    "end": 1611388323277,
    "duration": 1,
    "pid": 4620,
    "index": 41
  },
  {
    "name": "Load extend/helper.js",
    "start": 1611388323281,
    "end": 1611388323305,
    "duration": 24,
    "pid": 4620,
    "index": 42
  },
  {
    "name": "Require(34) node_modules/_egg-security@2.8.0@egg-security/app/extend/helper.js",
    "start": 1611388323281,
    "end": 1611388323299,
    "duration": 18,
    "pid": 4620,
    "index": 43
  },
  {
    "name": "Require(35) node_modules/_egg@2.29.1@egg/app/extend/helper.js",
    "start": 1611388323302,
    "end": 1611388323302,
    "duration": 0,
    "pid": 4620,
    "index": 44
  },
  {
    "name": "Load app.js",
    "start": 1611388323306,
    "end": 1611388323342,
    "duration": 36,
    "pid": 4620,
    "index": 45
  },
  {
    "name": "Require(36) node_modules/_egg-session@3.2.0@egg-session/app.js",
    "start": 1611388323306,
    "end": 1611388323306,
    "duration": 0,
    "pid": 4620,
    "index": 46
  },
  {
    "name": "Require(37) node_modules/_egg-security@2.8.0@egg-security/app.js",
    "start": 1611388323307,
    "end": 1611388323309,
    "duration": 2,
    "pid": 4620,
    "index": 47
  },
  {
    "name": "Require(38) node_modules/_egg-onerror@2.1.0@egg-onerror/app.js",
    "start": 1611388323309,
    "end": 1611388323322,
    "duration": 13,
    "pid": 4620,
    "index": 48
  },
  {
    "name": "Require(39) node_modules/_egg-i18n@2.1.1@egg-i18n/app.js",
    "start": 1611388323323,
    "end": 1611388323330,
    "duration": 7,
    "pid": 4620,
    "index": 49
  },
  {
    "name": "Require(40) node_modules/_egg-watcher@3.1.1@egg-watcher/app.js",
    "start": 1611388323331,
    "end": 1611388323335,
    "duration": 4,
    "pid": 4620,
    "index": 50
  },
  {
    "name": "Require(41) node_modules/_egg-schedule@3.6.6@egg-schedule/app.js",
    "start": 1611388323336,
    "end": 1611388323338,
    "duration": 2,
    "pid": 4620,
    "index": 51
  },
  {
    "name": "Require(42) node_modules/_egg-multipart@2.10.3@egg-multipart/app.js",
    "start": 1611388323338,
    "end": 1611388323339,
    "duration": 1,
    "pid": 4620,
    "index": 52
  },
  {
    "name": "Require(43) node_modules/_egg-development@2.7.0@egg-development/app.js",
    "start": 1611388323339,
    "end": 1611388323339,
    "duration": 0,
    "pid": 4620,
    "index": 53
  },
  {
    "name": "Require(44) node_modules/_egg-logrotator@3.1.0@egg-logrotator/app.js",
    "start": 1611388323339,
    "end": 1611388323340,
    "duration": 1,
    "pid": 4620,
    "index": 54
  },
  {
    "name": "Require(45) node_modules/_egg-static@2.2.0@egg-static/app.js",
    "start": 1611388323340,
    "end": 1611388323340,
    "duration": 0,
    "pid": 4620,
    "index": 55
  },
  {
    "name": "Require(46) node_modules/_egg-view-ejs@2.0.1@egg-view-ejs/app.js",
    "start": 1611388323341,
    "end": 1611388323341,
    "duration": 0,
    "pid": 4620,
    "index": 56
  },
  {
    "name": "Before Start in node_modules/_egg-watcher@3.1.1@egg-watcher/lib/init.js:15:14",
    "start": 1611388323351,
    "end": 1611388323570,
    "duration": 219,
    "pid": 4620,
    "index": 57
  },
  {
    "name": "Load Service",
    "start": 1611388323388,
    "end": 1611388323393,
    "duration": 5,
    "pid": 4620,
    "index": 58
  },
  {
    "name": "Load \"service\" to Context",
    "start": 1611388323388,
    "end": 1611388323393,
    "duration": 5,
    "pid": 4620,
    "index": 59
  },
  {
    "name": "Load Middleware",
    "start": 1611388323394,
    "end": 1611388323540,
    "duration": 146,
    "pid": 4620,
    "index": 60
  },
  {
    "name": "Load \"middlewares\" to Application",
    "start": 1611388323394,
    "end": 1611388323523,
    "duration": 129,
    "pid": 4620,
    "index": 61
  },
  {
    "name": "Load Controller",
    "start": 1611388323540,
    "end": 1611388323556,
    "duration": 16,
    "pid": 4620,
    "index": 62
  },
  {
    "name": "Load \"controller\" to Application",
    "start": 1611388323540,
    "end": 1611388323556,
    "duration": 16,
    "pid": 4620,
    "index": 63
  },
  {
    "name": "Load Router",
    "start": 1611388323556,
    "end": 1611388323558,
    "duration": 2,
    "pid": 4620,
    "index": 64
  },
  {
    "name": "Require(47) app/router.js",
    "start": 1611388323557,
    "end": 1611388323557,
    "duration": 0,
    "pid": 4620,
    "index": 65
  },
  {
    "name": "Before Start in node_modules/_egg-core@4.20.0@egg-core/lib/egg.js:303:10",
    "start": 1611388323557,
    "end": 1611388323563,
    "duration": 6,
    "pid": 4620,
    "index": 66
  }
]