[
  {
    "name": "Process Start",
    "start": 1611388271431,
    "end": 1611388272465,
    "duration": 1034,
    "pid": 7020,
    "index": 0
  },
  {
    "name": "Application Start",
    "start": 1611388272465,
    "end": 1611388272922,
    "duration": 457,
    "pid": 7020,
    "index": 1
  },
  {
    "name": "Load Plugin",
    "start": 1611388272469,
    "end": 1611388272488,
    "duration": 19,
    "pid": 7020,
    "index": 2
  },
  {
    "name": "Load Config",
    "start": 1611388272488,
    "end": 1611388272508,
    "duration": 20,
    "pid": 7020,
    "index": 3
  },
  {
    "name": "Require(0) config/config.default.js",
    "start": 1611388272488,
    "end": 1611388272489,
    "duration": 1,
    "pid": 7020,
    "index": 4
  },
  {
    "name": "Require(1) node_modules/_egg-session@3.2.0@egg-session/config/config.default.js",
    "start": 1611388272490,
    "end": 1611388272490,
    "duration": 0,
    "pid": 7020,
    "index": 5
  },
  {
    "name": "Require(2) node_modules/_egg-security@2.8.0@egg-security/config/config.default.js",
    "start": 1611388272491,
    "end": 1611388272491,
    "duration": 0,
    "pid": 7020,
    "index": 6
  },
  {
    "name": "Require(3) node_modules/_egg-jsonp@2.0.0@egg-jsonp/config/config.default.js",
    "start": 1611388272492,
    "end": 1611388272492,
    "duration": 0,
    "pid": 7020,
    "index": 7
  },
  {
    "name": "Require(4) node_modules/_egg-onerror@2.1.0@egg-onerror/config/config.default.js",
    "start": 1611388272493,
    "end": 1611388272493,
    "duration": 0,
    "pid": 7020,
    "index": 8
  },
  {
    "name": "Require(5) node_modules/_egg-i18n@2.1.1@egg-i18n/config/config.default.js",
    "start": 1611388272494,
    "end": 1611388272494,
    "duration": 0,
    "pid": 7020,
    "index": 9
  },
  {
    "name": "Require(6) node_modules/_egg-watcher@3.1.1@egg-watcher/config/config.default.js",
    "start": 1611388272494,
    "end": 1611388272495,
    "duration": 1,
    "pid": 7020,
    "index": 10
  },
  {
    "name": "Require(7) node_modules/_egg-schedule@3.6.6@egg-schedule/config/config.default.js",
    "start": 1611388272495,
    "end": 1611388272496,
    "duration": 1,
    "pid": 7020,
    "index": 11
  },
  {
    "name": "Require(8) node_modules/_egg-multipart@2.10.3@egg-multipart/config/config.default.js",
    "start": 1611388272496,
    "end": 1611388272496,
    "duration": 0,
    "pid": 7020,
    "index": 12
  },
  {
    "name": "Require(9) node_modules/_egg-development@2.7.0@egg-development/config/config.default.js",
    "start": 1611388272497,
    "end": 1611388272497,
    "duration": 0,
    "pid": 7020,
    "index": 13
  },
  {
    "name": "Require(10) node_modules/_egg-logrotator@3.1.0@egg-logrotator/config/config.default.js",
    "start": 1611388272498,
    "end": 1611388272498,
    "duration": 0,
    "pid": 7020,
    "index": 14
  },
  {
    "name": "Require(11) node_modules/_egg-static@2.2.0@egg-static/config/config.default.js",
    "start": 1611388272499,
    "end": 1611388272499,
    "duration": 0,
    "pid": 7020,
    "index": 15
  },
  {
    "name": "Require(12) node_modules/_egg-view@2.1.3@egg-view/config/config.default.js",
    "start": 1611388272500,
    "end": 1611388272500,
    "duration": 0,
    "pid": 7020,
    "index": 16
  },
  {
    "name": "Require(13) node_modules/_egg-view-ejs@2.0.1@egg-view-ejs/config/config.default.js",
    "start": 1611388272501,
    "end": 1611388272501,
    "duration": 0,
    "pid": 7020,
    "index": 17
  },
  {
    "name": "Require(14) node_modules/_egg@2.29.1@egg/config/config.default.js",
    "start": 1611388272501,
    "end": 1611388272502,
    "duration": 1,
    "pid": 7020,
    "index": 18
  },
  {
    "name": "Require(15) config/config.default.js",
    "start": 1611388272503,
    "end": 1611388272503,
    "duration": 0,
    "pid": 7020,
    "index": 19
  },
  {
    "name": "Require(16) node_modules/_egg-security@2.8.0@egg-security/config/config.local.js",
    "start": 1611388272504,
    "end": 1611388272504,
    "duration": 0,
    "pid": 7020,
    "index": 20
  },
  {
    "name": "Require(17) node_modules/_egg-watcher@3.1.1@egg-watcher/config/config.local.js",
    "start": 1611388272505,
    "end": 1611388272505,
    "duration": 0,
    "pid": 7020,
    "index": 21
  },
  {
    "name": "Require(18) node_modules/_egg-view@2.1.3@egg-view/config/config.local.js",
    "start": 1611388272507,
    "end": 1611388272507,
    "duration": 0,
    "pid": 7020,
    "index": 22
  },
  {
    "name": "Require(19) node_modules/_egg-view-ejs@2.0.1@egg-view-ejs/config/config.local.js",
    "start": 1611388272507,
    "end": 1611388272508,
    "duration": 1,
    "pid": 7020,
    "index": 23
  },
  {
    "name": "Require(20) node_modules/_egg@2.29.1@egg/config/config.local.js",
    "start": 1611388272508,
    "end": 1611388272508,
    "duration": 0,
    "pid": 7020,
    "index": 24
  },
  {
    "name": "Load extend/application.js",
    "start": 1611388272509,
    "end": 1611388272525,
    "duration": 16,
    "pid": 7020,
    "index": 25
  },
  {
    "name": "Require(21) node_modules/_egg-session@3.2.0@egg-session/app/extend/application.js",
    "start": 1611388272510,
    "end": 1611388272510,
    "duration": 0,
    "pid": 7020,
    "index": 26
  },
  {
    "name": "Require(22) node_modules/_egg-security@2.8.0@egg-security/app/extend/application.js",
    "start": 1611388272511,
    "end": 1611388272512,
    "duration": 1,
    "pid": 7020,
    "index": 27
  },
  {
    "name": "Require(23) node_modules/_egg-jsonp@2.0.0@egg-jsonp/app/extend/application.js",
    "start": 1611388272513,
    "end": 1611388272515,
    "duration": 2,
    "pid": 7020,
    "index": 28
  },
  {
    "name": "Require(24) node_modules/_egg-logrotator@3.1.0@egg-logrotator/app/extend/application.js",
    "start": 1611388272516,
    "end": 1611388272519,
    "duration": 3,
    "pid": 7020,
    "index": 29
  },
  {
    "name": "Require(25) node_modules/_egg-view@2.1.3@egg-view/app/extend/application.js",
    "start": 1611388272520,
    "end": 1611388272522,
    "duration": 2,
    "pid": 7020,
    "index": 30
  },
  {
    "name": "Load extend/request.js",
    "start": 1611388272526,
    "end": 1611388272536,
    "duration": 10,
    "pid": 7020,
    "index": 31
  },
  {
    "name": "Require(26) node_modules/_egg@2.29.1@egg/app/extend/request.js",
    "start": 1611388272529,
    "end": 1611388272530,
    "duration": 1,
    "pid": 7020,
    "index": 32
  },
  {
    "name": "Load extend/response.js",
    "start": 1611388272536,
    "end": 1611388272545,
    "duration": 9,
    "pid": 7020,
    "index": 33
  },
  {
    "name": "Require(27) node_modules/_egg@2.29.1@egg/app/extend/response.js",
    "start": 1611388272539,
    "end": 1611388272542,
    "duration": 3,
    "pid": 7020,
    "index": 34
  },
  {
    "name": "Load extend/context.js",
    "start": 1611388272545,
    "end": 1611388272616,
    "duration": 71,
    "pid": 7020,
    "index": 35
  },
  {
    "name": "Require(28) node_modules/_egg-security@2.8.0@egg-security/app/extend/context.js",
    "start": 1611388272546,
    "end": 1611388272560,
    "duration": 14,
    "pid": 7020,
    "index": 36
  },
  {
    "name": "Require(29) node_modules/_egg-jsonp@2.0.0@egg-jsonp/app/extend/context.js",
    "start": 1611388272560,
    "end": 1611388272562,
    "duration": 2,
    "pid": 7020,
    "index": 37
  },
  {
    "name": "Require(30) node_modules/_egg-i18n@2.1.1@egg-i18n/app/extend/context.js",
    "start": 1611388272562,
    "end": 1611388272563,
    "duration": 1,
    "pid": 7020,
    "index": 38
  },
  {
    "name": "Require(31) node_modules/_egg-multipart@2.10.3@egg-multipart/app/extend/context.js",
    "start": 1611388272563,
    "end": 1611388272609,
    "duration": 46,
    "pid": 7020,
    "index": 39
  },
  {
    "name": "Require(32) node_modules/_egg-view@2.1.3@egg-view/app/extend/context.js",
    "start": 1611388272610,
    "end": 1611388272611,
    "duration": 1,
    "pid": 7020,
    "index": 40
  },
  {
    "name": "Require(33) node_modules/_egg@2.29.1@egg/app/extend/context.js",
    "start": 1611388272611,
    "end": 1611388272613,
    "duration": 2,
    "pid": 7020,
    "index": 41
  },
  {
    "name": "Load extend/helper.js",
    "start": 1611388272616,
    "end": 1611388272637,
    "duration": 21,
    "pid": 7020,
    "index": 42
  },
  {
    "name": "Require(34) node_modules/_egg-security@2.8.0@egg-security/app/extend/helper.js",
    "start": 1611388272616,
    "end": 1611388272632,
    "duration": 16,
    "pid": 7020,
    "index": 43
  },
  {
    "name": "Require(35) node_modules/_egg@2.29.1@egg/app/extend/helper.js",
    "start": 1611388272634,
    "end": 1611388272635,
    "duration": 1,
    "pid": 7020,
    "index": 44
  },
  {
    "name": "Load app.js",
    "start": 1611388272638,
    "end": 1611388272671,
    "duration": 33,
    "pid": 7020,
    "index": 45
  },
  {
    "name": "Require(36) node_modules/_egg-session@3.2.0@egg-session/app.js",
    "start": 1611388272638,
    "end": 1611388272638,
    "duration": 0,
    "pid": 7020,
    "index": 46
  },
  {
    "name": "Require(37) node_modules/_egg-security@2.8.0@egg-security/app.js",
    "start": 1611388272639,
    "end": 1611388272640,
    "duration": 1,
    "pid": 7020,
    "index": 47
  },
  {
    "name": "Require(38) node_modules/_egg-onerror@2.1.0@egg-onerror/app.js",
    "start": 1611388272641,
    "end": 1611388272651,
    "duration": 10,
    "pid": 7020,
    "index": 48
  },
  {
    "name": "Require(39) node_modules/_egg-i18n@2.1.1@egg-i18n/app.js",
    "start": 1611388272651,
    "end": 1611388272659,
    "duration": 8,
    "pid": 7020,
    "index": 49
  },
  {
    "name": "Require(40) node_modules/_egg-watcher@3.1.1@egg-watcher/app.js",
    "start": 1611388272659,
    "end": 1611388272663,
    "duration": 4,
    "pid": 7020,
    "index": 50
  },
  {
    "name": "Require(41) node_modules/_egg-schedule@3.6.6@egg-schedule/app.js",
    "start": 1611388272664,
    "end": 1611388272667,
    "duration": 3,
    "pid": 7020,
    "index": 51
  },
  {
    "name": "Require(42) node_modules/_egg-multipart@2.10.3@egg-multipart/app.js",
    "start": 1611388272667,
    "end": 1611388272667,
    "duration": 0,
    "pid": 7020,
    "index": 52
  },
  {
    "name": "Require(43) node_modules/_egg-development@2.7.0@egg-development/app.js",
    "start": 1611388272668,
    "end": 1611388272668,
    "duration": 0,
    "pid": 7020,
    "index": 53
  },
  {
    "name": "Require(44) node_modules/_egg-logrotator@3.1.0@egg-logrotator/app.js",
    "start": 1611388272668,
    "end": 1611388272668,
    "duration": 0,
    "pid": 7020,
    "index": 54
  },
  {
    "name": "Require(45) node_modules/_egg-static@2.2.0@egg-static/app.js",
    "start": 1611388272669,
    "end": 1611388272669,
    "duration": 0,
    "pid": 7020,
    "index": 55
  },
  {
    "name": "Require(46) node_modules/_egg-view-ejs@2.0.1@egg-view-ejs/app.js",
    "start": 1611388272669,
    "end": 1611388272670,
    "duration": 1,
    "pid": 7020,
    "index": 56
  },
  {
    "name": "Before Start in node_modules/_egg-watcher@3.1.1@egg-watcher/lib/init.js:15:14",
    "start": 1611388272678,
    "end": 1611388272922,
    "duration": 244,
    "pid": 7020,
    "index": 57
  },
  {
    "name": "Load Service",
    "start": 1611388272707,
    "end": 1611388272712,
    "duration": 5,
    "pid": 7020,
    "index": 58
  },
  {
    "name": "Load \"service\" to Context",
    "start": 1611388272707,
    "end": 1611388272712,
    "duration": 5,
    "pid": 7020,
    "index": 59
  },
  {
    "name": "Load Middleware",
    "start": 1611388272712,
    "end": 1611388272895,
    "duration": 183,
    "pid": 7020,
    "index": 60
  },
  {
    "name": "Load \"middlewares\" to Application",
    "start": 1611388272712,
    "end": 1611388272872,
    "duration": 160,
    "pid": 7020,
    "index": 61
  },
  {
    "name": "Load Controller",
    "start": 1611388272895,
    "end": 1611388272904,
    "duration": 9,
    "pid": 7020,
    "index": 62
  },
  {
    "name": "Load \"controller\" to Application",
    "start": 1611388272895,
    "end": 1611388272904,
    "duration": 9,
    "pid": 7020,
    "index": 63
  },
  {
    "name": "Load Router",
    "start": 1611388272904,
    "end": 1611388272906,
    "duration": 2,
    "pid": 7020,
    "index": 64
  },
  {
    "name": "Require(47) app/router.js",
    "start": 1611388272905,
    "end": 1611388272905,
    "duration": 0,
    "pid": 7020,
    "index": 65
  },
  {
    "name": "Before Start in node_modules/_egg-core@4.20.0@egg-core/lib/egg.js:303:10",
    "start": 1611388272905,
    "end": 1611388272914,
    "duration": 9,
    "pid": 7020,
    "index": 66
  }
]