[
  {
    "name": "Process Start",
    "start": 1615871899298,
    "end": 1615871901553,
    "duration": 2255,
    "pid": 7516,
    "index": 0
  },
  {
    "name": "Application Start",
    "start": 1615871901555,
    "end": 1615871902496,
    "duration": 941,
    "pid": 7516,
    "index": 1
  },
  {
    "name": "Load Plugin",
    "start": 1615871901562,
    "end": 1615871901599,
    "duration": 37,
    "pid": 7516,
    "index": 2
  },
  {
    "name": "Load Config",
    "start": 1615871901599,
    "end": 1615871901643,
    "duration": 44,
    "pid": 7516,
    "index": 3
  },
  {
    "name": "Require(0) config/config.default.js",
    "start": 1615871901601,
    "end": 1615871901601,
    "duration": 0,
    "pid": 7516,
    "index": 4
  },
  {
    "name": "Require(1) node_modules/_egg-session@3.2.0@egg-session/config/config.default.js",
    "start": 1615871901604,
    "end": 1615871901606,
    "duration": 2,
    "pid": 7516,
    "index": 5
  },
  {
    "name": "Require(2) node_modules/_egg-security@2.8.0@egg-security/config/config.default.js",
    "start": 1615871901607,
    "end": 1615871901608,
    "duration": 1,
    "pid": 7516,
    "index": 6
  },
  {
    "name": "Require(3) node_modules/_egg-jsonp@2.0.0@egg-jsonp/config/config.default.js",
    "start": 1615871901611,
    "end": 1615871901611,
    "duration": 0,
    "pid": 7516,
    "index": 7
  },
  {
    "name": "Require(4) node_modules/_egg-onerror@2.1.0@egg-onerror/config/config.default.js",
    "start": 1615871901612,
    "end": 1615871901613,
    "duration": 1,
    "pid": 7516,
    "index": 8
  },
  {
    "name": "Require(5) node_modules/_egg-i18n@2.1.1@egg-i18n/config/config.default.js",
    "start": 1615871901614,
    "end": 1615871901615,
    "duration": 1,
    "pid": 7516,
    "index": 9
  },
  {
    "name": "Require(6) node_modules/_egg-watcher@3.1.1@egg-watcher/config/config.default.js",
    "start": 1615871901617,
    "end": 1615871901618,
    "duration": 1,
    "pid": 7516,
    "index": 10
  },
  {
    "name": "Require(7) node_modules/_egg-schedule@3.6.6@egg-schedule/config/config.default.js",
    "start": 1615871901619,
    "end": 1615871901619,
    "duration": 0,
    "pid": 7516,
    "index": 11
  },
  {
    "name": "Require(8) node_modules/_egg-multipart@2.10.3@egg-multipart/config/config.default.js",
    "start": 1615871901620,
    "end": 1615871901621,
    "duration": 1,
    "pid": 7516,
    "index": 12
  },
  {
    "name": "Require(9) node_modules/_egg-development@2.7.0@egg-development/config/config.default.js",
    "start": 1615871901622,
    "end": 1615871901623,
    "duration": 1,
    "pid": 7516,
    "index": 13
  },
  {
    "name": "Require(10) node_modules/_egg-logrotator@3.1.0@egg-logrotator/config/config.default.js",
    "start": 1615871901624,
    "end": 1615871901625,
    "duration": 1,
    "pid": 7516,
    "index": 14
  },
  {
    "name": "Require(11) node_modules/_egg-static@2.2.0@egg-static/config/config.default.js",
    "start": 1615871901626,
    "end": 1615871901626,
    "duration": 0,
    "pid": 7516,
    "index": 15
  },
  {
    "name": "Require(12) node_modules/_egg-view@2.1.3@egg-view/config/config.default.js",
    "start": 1615871901627,
    "end": 1615871901628,
    "duration": 1,
    "pid": 7516,
    "index": 16
  },
  {
    "name": "Require(13) node_modules/_egg@2.29.3@egg/config/config.default.js",
    "start": 1615871901629,
    "end": 1615871901630,
    "duration": 1,
    "pid": 7516,
    "index": 17
  },
  {
    "name": "Require(14) config/config.default.js",
    "start": 1615871901631,
    "end": 1615871901632,
    "duration": 1,
    "pid": 7516,
    "index": 18
  },
  {
    "name": "Require(15) node_modules/_egg-security@2.8.0@egg-security/config/config.local.js",
    "start": 1615871901633,
    "end": 1615871901634,
    "duration": 1,
    "pid": 7516,
    "index": 19
  },
  {
    "name": "Require(16) node_modules/_egg-watcher@3.1.1@egg-watcher/config/config.local.js",
    "start": 1615871901636,
    "end": 1615871901637,
    "duration": 1,
    "pid": 7516,
    "index": 20
  },
  {
    "name": "Require(17) node_modules/_egg-view@2.1.3@egg-view/config/config.local.js",
    "start": 1615871901640,
    "end": 1615871901641,
    "duration": 1,
    "pid": 7516,
    "index": 21
  },
  {
    "name": "Require(18) node_modules/_egg@2.29.3@egg/config/config.local.js",
    "start": 1615871901642,
    "end": 1615871901643,
    "duration": 1,
    "pid": 7516,
    "index": 22
  },
  {
    "name": "Load extend/application.js",
    "start": 1615871901645,
    "end": 1615871901682,
    "duration": 37,
    "pid": 7516,
    "index": 23
  },
  {
    "name": "Require(19) node_modules/_egg-session@3.2.0@egg-session/app/extend/application.js",
    "start": 1615871901647,
    "end": 1615871901648,
    "duration": 1,
    "pid": 7516,
    "index": 24
  },
  {
    "name": "Require(20) node_modules/_egg-security@2.8.0@egg-security/app/extend/application.js",
    "start": 1615871901649,
    "end": 1615871901653,
    "duration": 4,
    "pid": 7516,
    "index": 25
  },
  {
    "name": "Require(21) node_modules/_egg-jsonp@2.0.0@egg-jsonp/app/extend/application.js",
    "start": 1615871901654,
    "end": 1615871901660,
    "duration": 6,
    "pid": 7516,
    "index": 26
  },
  {
    "name": "Require(22) node_modules/_egg-logrotator@3.1.0@egg-logrotator/app/extend/application.js",
    "start": 1615871901664,
    "end": 1615871901672,
    "duration": 8,
    "pid": 7516,
    "index": 27
  },
  {
    "name": "Require(23) node_modules/_egg-view@2.1.3@egg-view/app/extend/application.js",
    "start": 1615871901673,
    "end": 1615871901677,
    "duration": 4,
    "pid": 7516,
    "index": 28
  },
  {
    "name": "Load extend/request.js",
    "start": 1615871901682,
    "end": 1615871901697,
    "duration": 15,
    "pid": 7516,
    "index": 29
  },
  {
    "name": "Require(24) node_modules/_egg@2.29.3@egg/app/extend/request.js",
    "start": 1615871901688,
    "end": 1615871901691,
    "duration": 3,
    "pid": 7516,
    "index": 30
  },
  {
    "name": "Load extend/response.js",
    "start": 1615871901697,
    "end": 1615871901721,
    "duration": 24,
    "pid": 7516,
    "index": 31
  },
  {
    "name": "Require(25) node_modules/_egg@2.29.3@egg/app/extend/response.js",
    "start": 1615871901702,
    "end": 1615871901709,
    "duration": 7,
    "pid": 7516,
    "index": 32
  },
  {
    "name": "Load extend/context.js",
    "start": 1615871901721,
    "end": 1615871901880,
    "duration": 159,
    "pid": 7516,
    "index": 33
  },
  {
    "name": "Require(26) node_modules/_egg-security@2.8.0@egg-security/app/extend/context.js",
    "start": 1615871901722,
    "end": 1615871901752,
    "duration": 30,
    "pid": 7516,
    "index": 34
  },
  {
    "name": "Require(27) node_modules/_egg-jsonp@2.0.0@egg-jsonp/app/extend/context.js",
    "start": 1615871901752,
    "end": 1615871901755,
    "duration": 3,
    "pid": 7516,
    "index": 35
  },
  {
    "name": "Require(28) node_modules/_egg-i18n@2.1.1@egg-i18n/app/extend/context.js",
    "start": 1615871901756,
    "end": 1615871901757,
    "duration": 1,
    "pid": 7516,
    "index": 36
  },
  {
    "name": "Require(29) node_modules/_egg-multipart@2.10.3@egg-multipart/app/extend/context.js",
    "start": 1615871901758,
    "end": 1615871901864,
    "duration": 106,
    "pid": 7516,
    "index": 37
  },
  {
    "name": "Require(30) node_modules/_egg-view@2.1.3@egg-view/app/extend/context.js",
    "start": 1615871901866,
    "end": 1615871901868,
    "duration": 2,
    "pid": 7516,
    "index": 38
  },
  {
    "name": "Require(31) node_modules/_egg@2.29.3@egg/app/extend/context.js",
    "start": 1615871901869,
    "end": 1615871901873,
    "duration": 4,
    "pid": 7516,
    "index": 39
  },
  {
    "name": "Load extend/helper.js",
    "start": 1615871901880,
    "end": 1615871901931,
    "duration": 51,
    "pid": 7516,
    "index": 40
  },
  {
    "name": "Require(32) node_modules/_egg-security@2.8.0@egg-security/app/extend/helper.js",
    "start": 1615871901882,
    "end": 1615871901917,
    "duration": 35,
    "pid": 7516,
    "index": 41
  },
  {
    "name": "Require(33) node_modules/_egg@2.29.3@egg/app/extend/helper.js",
    "start": 1615871901922,
    "end": 1615871901923,
    "duration": 1,
    "pid": 7516,
    "index": 42
  },
  {
    "name": "Load app.js",
    "start": 1615871901931,
    "end": 1615871902003,
    "duration": 72,
    "pid": 7516,
    "index": 43
  },
  {
    "name": "Require(34) node_modules/_egg-session@3.2.0@egg-session/app.js",
    "start": 1615871901932,
    "end": 1615871901933,
    "duration": 1,
    "pid": 7516,
    "index": 44
  },
  {
    "name": "Require(35) node_modules/_egg-security@2.8.0@egg-security/app.js",
    "start": 1615871901934,
    "end": 1615871901939,
    "duration": 5,
    "pid": 7516,
    "index": 45
  },
  {
    "name": "Require(36) node_modules/_egg-onerror@2.1.0@egg-onerror/app.js",
    "start": 1615871901941,
    "end": 1615871901963,
    "duration": 22,
    "pid": 7516,
    "index": 46
  },
  {
    "name": "Require(37) node_modules/_egg-i18n@2.1.1@egg-i18n/app.js",
    "start": 1615871901964,
    "end": 1615871901978,
    "duration": 14,
    "pid": 7516,
    "index": 47
  },
  {
    "name": "Require(38) node_modules/_egg-watcher@3.1.1@egg-watcher/app.js",
    "start": 1615871901979,
    "end": 1615871901987,
    "duration": 8,
    "pid": 7516,
    "index": 48
  },
  {
    "name": "Require(39) node_modules/_egg-schedule@3.6.6@egg-schedule/app.js",
    "start": 1615871901988,
    "end": 1615871901992,
    "duration": 4,
    "pid": 7516,
    "index": 49
  },
  {
    "name": "Require(40) node_modules/_egg-multipart@2.10.3@egg-multipart/app.js",
    "start": 1615871901993,
    "end": 1615871901995,
    "duration": 2,
    "pid": 7516,
    "index": 50
  },
  {
    "name": "Require(41) node_modules/_egg-development@2.7.0@egg-development/app.js",
    "start": 1615871901995,
    "end": 1615871901996,
    "duration": 1,
    "pid": 7516,
    "index": 51
  },
  {
    "name": "Require(42) node_modules/_egg-logrotator@3.1.0@egg-logrotator/app.js",
    "start": 1615871901997,
    "end": 1615871901998,
    "duration": 1,
    "pid": 7516,
    "index": 52
  },
  {
    "name": "Require(43) node_modules/_egg-static@2.2.0@egg-static/app.js",
    "start": 1615871901998,
    "end": 1615871901999,
    "duration": 1,
    "pid": 7516,
    "index": 53
  },
  {
    "name": "Before Start in node_modules/_egg-watcher@3.1.1@egg-watcher/lib/init.js:15:14",
    "start": 1615871902023,
    "end": 1615871902495,
    "duration": 472,
    "pid": 7516,
    "index": 54
  },
  {
    "name": "Load Service",
    "start": 1615871902087,
    "end": 1615871902097,
    "duration": 10,
    "pid": 7516,
    "index": 55
  },
  {
    "name": "Load \"service\" to Context",
    "start": 1615871902087,
    "end": 1615871902097,
    "duration": 10,
    "pid": 7516,
    "index": 56
  },
  {
    "name": "Load Middleware",
    "start": 1615871902098,
    "end": 1615871902462,
    "duration": 364,
    "pid": 7516,
    "index": 57
  },
  {
    "name": "Load \"middlewares\" to Application",
    "start": 1615871902098,
    "end": 1615871902424,
    "duration": 326,
    "pid": 7516,
    "index": 58
  },
  {
    "name": "Load Controller",
    "start": 1615871902462,
    "end": 1615871902466,
    "duration": 4,
    "pid": 7516,
    "index": 59
  },
  {
    "name": "Load \"controller\" to Application",
    "start": 1615871902462,
    "end": 1615871902465,
    "duration": 3,
    "pid": 7516,
    "index": 60
  },
  {
    "name": "Load Router",
    "start": 1615871902466,
    "end": 1615871902470,
    "duration": 4,
    "pid": 7516,
    "index": 61
  },
  {
    "name": "Require(44) app/router.js",
    "start": 1615871902466,
    "end": 1615871902467,
    "duration": 1,
    "pid": 7516,
    "index": 62
  },
  {
    "name": "Before Start in node_modules/_egg-core@4.20.0@egg-core/lib/egg.js:303:10",
    "start": 1615871902467,
    "end": 1615871902482,
    "duration": 15,
    "pid": 7516,
    "index": 63
  }
]