[
  {
    "name": "Process Start",
    "start": 1615871852692,
    "end": 1615871853776,
    "duration": 1084,
    "pid": 16192,
    "index": 0
  },
  {
    "name": "Application Start",
    "start": 1615871853776,
    "end": 1615871854177,
    "duration": 401,
    "pid": 16192,
    "index": 1
  },
  {
    "name": "Load Plugin",
    "start": 1615871853780,
    "end": 1615871853798,
    "duration": 18,
    "pid": 16192,
    "index": 2
  },
  {
    "name": "Load Config",
    "start": 1615871853798,
    "end": 1615871853820,
    "duration": 22,
    "pid": 16192,
    "index": 3
  },
  {
    "name": "Require(0) config/config.default.js",
    "start": 1615871853799,
    "end": 1615871853799,
    "duration": 0,
    "pid": 16192,
    "index": 4
  },
  {
    "name": "Require(1) node_modules/_egg-session@3.2.0@egg-session/config/config.default.js",
    "start": 1615871853800,
    "end": 1615871853801,
    "duration": 1,
    "pid": 16192,
    "index": 5
  },
  {
    "name": "Require(2) node_modules/_egg-security@2.8.0@egg-security/config/config.default.js",
    "start": 1615871853801,
    "end": 1615871853802,
    "duration": 1,
    "pid": 16192,
    "index": 6
  },
  {
    "name": "Require(3) node_modules/_egg-jsonp@2.0.0@egg-jsonp/config/config.default.js",
    "start": 1615871853803,
    "end": 1615871853803,
    "duration": 0,
    "pid": 16192,
    "index": 7
  },
  {
    "name": "Require(4) node_modules/_egg-onerror@2.1.0@egg-onerror/config/config.default.js",
    "start": 1615871853804,
    "end": 1615871853804,
    "duration": 0,
    "pid": 16192,
    "index": 8
  },
  {
    "name": "Require(5) node_modules/_egg-i18n@2.1.1@egg-i18n/config/config.default.js",
    "start": 1615871853805,
    "end": 1615871853805,
    "duration": 0,
    "pid": 16192,
    "index": 9
  },
  {
    "name": "Require(6) node_modules/_egg-watcher@3.1.1@egg-watcher/config/config.default.js",
    "start": 1615871853806,
    "end": 1615871853806,
    "duration": 0,
    "pid": 16192,
    "index": 10
  },
  {
    "name": "Require(7) node_modules/_egg-schedule@3.6.6@egg-schedule/config/config.default.js",
    "start": 1615871853807,
    "end": 1615871853807,
    "duration": 0,
    "pid": 16192,
    "index": 11
  },
  {
    "name": "Require(8) node_modules/_egg-multipart@2.10.3@egg-multipart/config/config.default.js",
    "start": 1615871853808,
    "end": 1615871853808,
    "duration": 0,
    "pid": 16192,
    "index": 12
  },
  {
    "name": "Require(9) node_modules/_egg-development@2.7.0@egg-development/config/config.default.js",
    "start": 1615871853809,
    "end": 1615871853809,
    "duration": 0,
    "pid": 16192,
    "index": 13
  },
  {
    "name": "Require(10) node_modules/_egg-logrotator@3.1.0@egg-logrotator/config/config.default.js",
    "start": 1615871853810,
    "end": 1615871853810,
    "duration": 0,
    "pid": 16192,
    "index": 14
  },
  {
    "name": "Require(11) node_modules/_egg-static@2.2.0@egg-static/config/config.default.js",
    "start": 1615871853811,
    "end": 1615871853811,
    "duration": 0,
    "pid": 16192,
    "index": 15
  },
  {
    "name": "Require(12) node_modules/_egg-view@2.1.3@egg-view/config/config.default.js",
    "start": 1615871853812,
    "end": 1615871853812,
    "duration": 0,
    "pid": 16192,
    "index": 16
  },
  {
    "name": "Require(13) node_modules/_egg@2.29.3@egg/config/config.default.js",
    "start": 1615871853812,
    "end": 1615871853813,
    "duration": 1,
    "pid": 16192,
    "index": 17
  },
  {
    "name": "Require(14) config/config.default.js",
    "start": 1615871853814,
    "end": 1615871853814,
    "duration": 0,
    "pid": 16192,
    "index": 18
  },
  {
    "name": "Require(15) node_modules/_egg-security@2.8.0@egg-security/config/config.local.js",
    "start": 1615871853815,
    "end": 1615871853815,
    "duration": 0,
    "pid": 16192,
    "index": 19
  },
  {
    "name": "Require(16) node_modules/_egg-watcher@3.1.1@egg-watcher/config/config.local.js",
    "start": 1615871853817,
    "end": 1615871853817,
    "duration": 0,
    "pid": 16192,
    "index": 20
  },
  {
    "name": "Require(17) node_modules/_egg-view@2.1.3@egg-view/config/config.local.js",
    "start": 1615871853819,
    "end": 1615871853819,
    "duration": 0,
    "pid": 16192,
    "index": 21
  },
  {
    "name": "Require(18) node_modules/_egg@2.29.3@egg/config/config.local.js",
    "start": 1615871853819,
    "end": 1615871853820,
    "duration": 1,
    "pid": 16192,
    "index": 22
  },
  {
    "name": "Load extend/application.js",
    "start": 1615871853821,
    "end": 1615871853836,
    "duration": 15,
    "pid": 16192,
    "index": 23
  },
  {
    "name": "Require(19) node_modules/_egg-session@3.2.0@egg-session/app/extend/application.js",
    "start": 1615871853821,
    "end": 1615871853822,
    "duration": 1,
    "pid": 16192,
    "index": 24
  },
  {
    "name": "Require(20) node_modules/_egg-security@2.8.0@egg-security/app/extend/application.js",
    "start": 1615871853822,
    "end": 1615871853823,
    "duration": 1,
    "pid": 16192,
    "index": 25
  },
  {
    "name": "Require(21) node_modules/_egg-jsonp@2.0.0@egg-jsonp/app/extend/application.js",
    "start": 1615871853824,
    "end": 1615871853826,
    "duration": 2,
    "pid": 16192,
    "index": 26
  },
  {
    "name": "Require(22) node_modules/_egg-logrotator@3.1.0@egg-logrotator/app/extend/application.js",
    "start": 1615871853827,
    "end": 1615871853830,
    "duration": 3,
    "pid": 16192,
    "index": 27
  },
  {
    "name": "Require(23) node_modules/_egg-view@2.1.3@egg-view/app/extend/application.js",
    "start": 1615871853831,
    "end": 1615871853833,
    "duration": 2,
    "pid": 16192,
    "index": 28
  },
  {
    "name": "Load extend/request.js",
    "start": 1615871853836,
    "end": 1615871853843,
    "duration": 7,
    "pid": 16192,
    "index": 29
  },
  {
    "name": "Require(24) node_modules/_egg@2.29.3@egg/app/extend/request.js",
    "start": 1615871853839,
    "end": 1615871853840,
    "duration": 1,
    "pid": 16192,
    "index": 30
  },
  {
    "name": "Load extend/response.js",
    "start": 1615871853843,
    "end": 1615871853854,
    "duration": 11,
    "pid": 16192,
    "index": 31
  },
  {
    "name": "Require(25) node_modules/_egg@2.29.3@egg/app/extend/response.js",
    "start": 1615871853846,
    "end": 1615871853849,
    "duration": 3,
    "pid": 16192,
    "index": 32
  },
  {
    "name": "Load extend/context.js",
    "start": 1615871853854,
    "end": 1615871853926,
    "duration": 72,
    "pid": 16192,
    "index": 33
  },
  {
    "name": "Require(26) node_modules/_egg-security@2.8.0@egg-security/app/extend/context.js",
    "start": 1615871853855,
    "end": 1615871853869,
    "duration": 14,
    "pid": 16192,
    "index": 34
  },
  {
    "name": "Require(27) node_modules/_egg-jsonp@2.0.0@egg-jsonp/app/extend/context.js",
    "start": 1615871853869,
    "end": 1615871853871,
    "duration": 2,
    "pid": 16192,
    "index": 35
  },
  {
    "name": "Require(28) node_modules/_egg-i18n@2.1.1@egg-i18n/app/extend/context.js",
    "start": 1615871853871,
    "end": 1615871853872,
    "duration": 1,
    "pid": 16192,
    "index": 36
  },
  {
    "name": "Require(29) node_modules/_egg-multipart@2.10.3@egg-multipart/app/extend/context.js",
    "start": 1615871853873,
    "end": 1615871853920,
    "duration": 47,
    "pid": 16192,
    "index": 37
  },
  {
    "name": "Require(30) node_modules/_egg-view@2.1.3@egg-view/app/extend/context.js",
    "start": 1615871853921,
    "end": 1615871853922,
    "duration": 1,
    "pid": 16192,
    "index": 38
  },
  {
    "name": "Require(31) node_modules/_egg@2.29.3@egg/app/extend/context.js",
    "start": 1615871853922,
    "end": 1615871853924,
    "duration": 2,
    "pid": 16192,
    "index": 39
  },
  {
    "name": "Load extend/helper.js",
    "start": 1615871853926,
    "end": 1615871853948,
    "duration": 22,
    "pid": 16192,
    "index": 40
  },
  {
    "name": "Require(32) node_modules/_egg-security@2.8.0@egg-security/app/extend/helper.js",
    "start": 1615871853927,
    "end": 1615871853943,
    "duration": 16,
    "pid": 16192,
    "index": 41
  },
  {
    "name": "Require(33) node_modules/_egg@2.29.3@egg/app/extend/helper.js",
    "start": 1615871853945,
    "end": 1615871853946,
    "duration": 1,
    "pid": 16192,
    "index": 42
  },
  {
    "name": "Load app.js",
    "start": 1615871853948,
    "end": 1615871853980,
    "duration": 32,
    "pid": 16192,
    "index": 43
  },
  {
    "name": "Require(34) node_modules/_egg-session@3.2.0@egg-session/app.js",
    "start": 1615871853949,
    "end": 1615871853949,
    "duration": 0,
    "pid": 16192,
    "index": 44
  },
  {
    "name": "Require(35) node_modules/_egg-security@2.8.0@egg-security/app.js",
    "start": 1615871853949,
    "end": 1615871853951,
    "duration": 2,
    "pid": 16192,
    "index": 45
  },
  {
    "name": "Require(36) node_modules/_egg-onerror@2.1.0@egg-onerror/app.js",
    "start": 1615871853952,
    "end": 1615871853962,
    "duration": 10,
    "pid": 16192,
    "index": 46
  },
  {
    "name": "Require(37) node_modules/_egg-i18n@2.1.1@egg-i18n/app.js",
    "start": 1615871853963,
    "end": 1615871853970,
    "duration": 7,
    "pid": 16192,
    "index": 47
  },
  {
    "name": "Require(38) node_modules/_egg-watcher@3.1.1@egg-watcher/app.js",
    "start": 1615871853970,
    "end": 1615871853974,
    "duration": 4,
    "pid": 16192,
    "index": 48
  },
  {
    "name": "Require(39) node_modules/_egg-schedule@3.6.6@egg-schedule/app.js",
    "start": 1615871853974,
    "end": 1615871853976,
    "duration": 2,
    "pid": 16192,
    "index": 49
  },
  {
    "name": "Require(40) node_modules/_egg-multipart@2.10.3@egg-multipart/app.js",
    "start": 1615871853977,
    "end": 1615871853977,
    "duration": 0,
    "pid": 16192,
    "index": 50
  },
  {
    "name": "Require(41) node_modules/_egg-development@2.7.0@egg-development/app.js",
    "start": 1615871853977,
    "end": 1615871853977,
    "duration": 0,
    "pid": 16192,
    "index": 51
  },
  {
    "name": "Require(42) node_modules/_egg-logrotator@3.1.0@egg-logrotator/app.js",
    "start": 1615871853978,
    "end": 1615871853978,
    "duration": 0,
    "pid": 16192,
    "index": 52
  },
  {
    "name": "Require(43) node_modules/_egg-static@2.2.0@egg-static/app.js",
    "start": 1615871853978,
    "end": 1615871853978,
    "duration": 0,
    "pid": 16192,
    "index": 53
  },
  {
    "name": "Before Start in node_modules/_egg-watcher@3.1.1@egg-watcher/lib/init.js:15:14",
    "start": 1615871853987,
    "end": 1615871854176,
    "duration": 189,
    "pid": 16192,
    "index": 54
  },
  {
    "name": "Load Service",
    "start": 1615871854016,
    "end": 1615871854021,
    "duration": 5,
    "pid": 16192,
    "index": 55
  },
  {
    "name": "Load \"service\" to Context",
    "start": 1615871854016,
    "end": 1615871854021,
    "duration": 5,
    "pid": 16192,
    "index": 56
  },
  {
    "name": "Load Middleware",
    "start": 1615871854021,
    "end": 1615871854156,
    "duration": 135,
    "pid": 16192,
    "index": 57
  },
  {
    "name": "Load \"middlewares\" to Application",
    "start": 1615871854021,
    "end": 1615871854138,
    "duration": 117,
    "pid": 16192,
    "index": 58
  },
  {
    "name": "Load Controller",
    "start": 1615871854156,
    "end": 1615871854158,
    "duration": 2,
    "pid": 16192,
    "index": 59
  },
  {
    "name": "Load \"controller\" to Application",
    "start": 1615871854156,
    "end": 1615871854158,
    "duration": 2,
    "pid": 16192,
    "index": 60
  },
  {
    "name": "Load Router",
    "start": 1615871854158,
    "end": 1615871854159,
    "duration": 1,
    "pid": 16192,
    "index": 61
  },
  {
    "name": "Require(44) app/router.js",
    "start": 1615871854158,
    "end": 1615871854158,
    "duration": 0,
    "pid": 16192,
    "index": 62
  },
  {
    "name": "Before Start in node_modules/_egg-core@4.20.0@egg-core/lib/egg.js:303:10",
    "start": 1615871854158,
    "end": 1615871854169,
    "duration": 11,
    "pid": 16192,
    "index": 63
  }
]