[
  {
    "name": "Process Start",
    "start": 1611387089023,
    "end": 1611387090000,
    "duration": 977,
    "pid": 16772,
    "index": 0
  },
  {
    "name": "Application Start",
    "start": 1611387090001,
    "end": 1611387090388,
    "duration": 387,
    "pid": 16772,
    "index": 1
  },
  {
    "name": "Load Plugin",
    "start": 1611387090005,
    "end": 1611387090021,
    "duration": 16,
    "pid": 16772,
    "index": 2
  },
  {
    "name": "Load Config",
    "start": 1611387090021,
    "end": 1611387090042,
    "duration": 21,
    "pid": 16772,
    "index": 3
  },
  {
    "name": "Require(0) config/config.default.js",
    "start": 1611387090022,
    "end": 1611387090022,
    "duration": 0,
    "pid": 16772,
    "index": 4
  },
  {
    "name": "Require(1) node_modules/_egg-session@3.2.0@egg-session/config/config.default.js",
    "start": 1611387090024,
    "end": 1611387090025,
    "duration": 1,
    "pid": 16772,
    "index": 5
  },
  {
    "name": "Require(2) node_modules/_egg-security@2.8.0@egg-security/config/config.default.js",
    "start": 1611387090025,
    "end": 1611387090025,
    "duration": 0,
    "pid": 16772,
    "index": 6
  },
  {
    "name": "Require(3) node_modules/_egg-jsonp@2.0.0@egg-jsonp/config/config.default.js",
    "start": 1611387090026,
    "end": 1611387090027,
    "duration": 1,
    "pid": 16772,
    "index": 7
  },
  {
    "name": "Require(4) node_modules/_egg-onerror@2.1.0@egg-onerror/config/config.default.js",
    "start": 1611387090027,
    "end": 1611387090027,
    "duration": 0,
    "pid": 16772,
    "index": 8
  },
  {
    "name": "Require(5) node_modules/_egg-i18n@2.1.1@egg-i18n/config/config.default.js",
    "start": 1611387090028,
    "end": 1611387090028,
    "duration": 0,
    "pid": 16772,
    "index": 9
  },
  {
    "name": "Require(6) node_modules/_egg-watcher@3.1.1@egg-watcher/config/config.default.js",
    "start": 1611387090029,
    "end": 1611387090029,
    "duration": 0,
    "pid": 16772,
    "index": 10
  },
  {
    "name": "Require(7) node_modules/_egg-schedule@3.6.6@egg-schedule/config/config.default.js",
    "start": 1611387090029,
    "end": 1611387090030,
    "duration": 1,
    "pid": 16772,
    "index": 11
  },
  {
    "name": "Require(8) node_modules/_egg-multipart@2.10.3@egg-multipart/config/config.default.js",
    "start": 1611387090030,
    "end": 1611387090031,
    "duration": 1,
    "pid": 16772,
    "index": 12
  },
  {
    "name": "Require(9) node_modules/_egg-development@2.7.0@egg-development/config/config.default.js",
    "start": 1611387090031,
    "end": 1611387090031,
    "duration": 0,
    "pid": 16772,
    "index": 13
  },
  {
    "name": "Require(10) node_modules/_egg-logrotator@3.1.0@egg-logrotator/config/config.default.js",
    "start": 1611387090032,
    "end": 1611387090032,
    "duration": 0,
    "pid": 16772,
    "index": 14
  },
  {
    "name": "Require(11) node_modules/_egg-static@2.2.0@egg-static/config/config.default.js",
    "start": 1611387090033,
    "end": 1611387090033,
    "duration": 0,
    "pid": 16772,
    "index": 15
  },
  {
    "name": "Require(12) node_modules/_egg-view@2.1.3@egg-view/config/config.default.js",
    "start": 1611387090034,
    "end": 1611387090034,
    "duration": 0,
    "pid": 16772,
    "index": 16
  },
  {
    "name": "Require(13) node_modules/_egg-view-ejs@2.0.1@egg-view-ejs/config/config.default.js",
    "start": 1611387090035,
    "end": 1611387090035,
    "duration": 0,
    "pid": 16772,
    "index": 17
  },
  {
    "name": "Require(14) node_modules/_egg@2.29.1@egg/config/config.default.js",
    "start": 1611387090036,
    "end": 1611387090036,
    "duration": 0,
    "pid": 16772,
    "index": 18
  },
  {
    "name": "Require(15) config/config.default.js",
    "start": 1611387090037,
    "end": 1611387090037,
    "duration": 0,
    "pid": 16772,
    "index": 19
  },
  {
    "name": "Require(16) node_modules/_egg-security@2.8.0@egg-security/config/config.local.js",
    "start": 1611387090038,
    "end": 1611387090038,
    "duration": 0,
    "pid": 16772,
    "index": 20
  },
  {
    "name": "Require(17) node_modules/_egg-watcher@3.1.1@egg-watcher/config/config.local.js",
    "start": 1611387090039,
    "end": 1611387090039,
    "duration": 0,
    "pid": 16772,
    "index": 21
  },
  {
    "name": "Require(18) node_modules/_egg-view@2.1.3@egg-view/config/config.local.js",
    "start": 1611387090040,
    "end": 1611387090040,
    "duration": 0,
    "pid": 16772,
    "index": 22
  },
  {
    "name": "Require(19) node_modules/_egg-view-ejs@2.0.1@egg-view-ejs/config/config.local.js",
    "start": 1611387090041,
    "end": 1611387090041,
    "duration": 0,
    "pid": 16772,
    "index": 23
  },
  {
    "name": "Require(20) node_modules/_egg@2.29.1@egg/config/config.local.js",
    "start": 1611387090041,
    "end": 1611387090041,
    "duration": 0,
    "pid": 16772,
    "index": 24
  },
  {
    "name": "Load extend/application.js",
    "start": 1611387090042,
    "end": 1611387090056,
    "duration": 14,
    "pid": 16772,
    "index": 25
  },
  {
    "name": "Require(21) node_modules/_egg-session@3.2.0@egg-session/app/extend/application.js",
    "start": 1611387090043,
    "end": 1611387090043,
    "duration": 0,
    "pid": 16772,
    "index": 26
  },
  {
    "name": "Require(22) node_modules/_egg-security@2.8.0@egg-security/app/extend/application.js",
    "start": 1611387090044,
    "end": 1611387090045,
    "duration": 1,
    "pid": 16772,
    "index": 27
  },
  {
    "name": "Require(23) node_modules/_egg-jsonp@2.0.0@egg-jsonp/app/extend/application.js",
    "start": 1611387090045,
    "end": 1611387090047,
    "duration": 2,
    "pid": 16772,
    "index": 28
  },
  {
    "name": "Require(24) node_modules/_egg-logrotator@3.1.0@egg-logrotator/app/extend/application.js",
    "start": 1611387090048,
    "end": 1611387090051,
    "duration": 3,
    "pid": 16772,
    "index": 29
  },
  {
    "name": "Require(25) node_modules/_egg-view@2.1.3@egg-view/app/extend/application.js",
    "start": 1611387090052,
    "end": 1611387090053,
    "duration": 1,
    "pid": 16772,
    "index": 30
  },
  {
    "name": "Load extend/request.js",
    "start": 1611387090056,
    "end": 1611387090062,
    "duration": 6,
    "pid": 16772,
    "index": 31
  },
  {
    "name": "Require(26) node_modules/_egg@2.29.1@egg/app/extend/request.js",
    "start": 1611387090058,
    "end": 1611387090060,
    "duration": 2,
    "pid": 16772,
    "index": 32
  },
  {
    "name": "Load extend/response.js",
    "start": 1611387090062,
    "end": 1611387090074,
    "duration": 12,
    "pid": 16772,
    "index": 33
  },
  {
    "name": "Require(27) node_modules/_egg@2.29.1@egg/app/extend/response.js",
    "start": 1611387090067,
    "end": 1611387090070,
    "duration": 3,
    "pid": 16772,
    "index": 34
  },
  {
    "name": "Load extend/context.js",
    "start": 1611387090074,
    "end": 1611387090142,
    "duration": 68,
    "pid": 16772,
    "index": 35
  },
  {
    "name": "Require(28) node_modules/_egg-security@2.8.0@egg-security/app/extend/context.js",
    "start": 1611387090075,
    "end": 1611387090089,
    "duration": 14,
    "pid": 16772,
    "index": 36
  },
  {
    "name": "Require(29) node_modules/_egg-jsonp@2.0.0@egg-jsonp/app/extend/context.js",
    "start": 1611387090090,
    "end": 1611387090091,
    "duration": 1,
    "pid": 16772,
    "index": 37
  },
  {
    "name": "Require(30) node_modules/_egg-i18n@2.1.1@egg-i18n/app/extend/context.js",
    "start": 1611387090092,
    "end": 1611387090092,
    "duration": 0,
    "pid": 16772,
    "index": 38
  },
  {
    "name": "Require(31) node_modules/_egg-multipart@2.10.3@egg-multipart/app/extend/context.js",
    "start": 1611387090093,
    "end": 1611387090136,
    "duration": 43,
    "pid": 16772,
    "index": 39
  },
  {
    "name": "Require(32) node_modules/_egg-view@2.1.3@egg-view/app/extend/context.js",
    "start": 1611387090136,
    "end": 1611387090137,
    "duration": 1,
    "pid": 16772,
    "index": 40
  },
  {
    "name": "Require(33) node_modules/_egg@2.29.1@egg/app/extend/context.js",
    "start": 1611387090138,
    "end": 1611387090139,
    "duration": 1,
    "pid": 16772,
    "index": 41
  },
  {
    "name": "Load extend/helper.js",
    "start": 1611387090142,
    "end": 1611387090163,
    "duration": 21,
    "pid": 16772,
    "index": 42
  },
  {
    "name": "Require(34) node_modules/_egg-security@2.8.0@egg-security/app/extend/helper.js",
    "start": 1611387090143,
    "end": 1611387090158,
    "duration": 15,
    "pid": 16772,
    "index": 43
  },
  {
    "name": "Require(35) node_modules/_egg@2.29.1@egg/app/extend/helper.js",
    "start": 1611387090161,
    "end": 1611387090161,
    "duration": 0,
    "pid": 16772,
    "index": 44
  },
  {
    "name": "Load app.js",
    "start": 1611387090164,
    "end": 1611387090195,
    "duration": 31,
    "pid": 16772,
    "index": 45
  },
  {
    "name": "Require(36) node_modules/_egg-session@3.2.0@egg-session/app.js",
    "start": 1611387090164,
    "end": 1611387090164,
    "duration": 0,
    "pid": 16772,
    "index": 46
  },
  {
    "name": "Require(37) node_modules/_egg-security@2.8.0@egg-security/app.js",
    "start": 1611387090164,
    "end": 1611387090166,
    "duration": 2,
    "pid": 16772,
    "index": 47
  },
  {
    "name": "Require(38) node_modules/_egg-onerror@2.1.0@egg-onerror/app.js",
    "start": 1611387090167,
    "end": 1611387090177,
    "duration": 10,
    "pid": 16772,
    "index": 48
  },
  {
    "name": "Require(39) node_modules/_egg-i18n@2.1.1@egg-i18n/app.js",
    "start": 1611387090177,
    "end": 1611387090184,
    "duration": 7,
    "pid": 16772,
    "index": 49
  },
  {
    "name": "Require(40) node_modules/_egg-watcher@3.1.1@egg-watcher/app.js",
    "start": 1611387090184,
    "end": 1611387090188,
    "duration": 4,
    "pid": 16772,
    "index": 50
  },
  {
    "name": "Require(41) node_modules/_egg-schedule@3.6.6@egg-schedule/app.js",
    "start": 1611387090188,
    "end": 1611387090190,
    "duration": 2,
    "pid": 16772,
    "index": 51
  },
  {
    "name": "Require(42) node_modules/_egg-multipart@2.10.3@egg-multipart/app.js",
    "start": 1611387090191,
    "end": 1611387090191,
    "duration": 0,
    "pid": 16772,
    "index": 52
  },
  {
    "name": "Require(43) node_modules/_egg-development@2.7.0@egg-development/app.js",
    "start": 1611387090192,
    "end": 1611387090192,
    "duration": 0,
    "pid": 16772,
    "index": 53
  },
  {
    "name": "Require(44) node_modules/_egg-logrotator@3.1.0@egg-logrotator/app.js",
    "start": 1611387090193,
    "end": 1611387090193,
    "duration": 0,
    "pid": 16772,
    "index": 54
  },
  {
    "name": "Require(45) node_modules/_egg-static@2.2.0@egg-static/app.js",
    "start": 1611387090193,
    "end": 1611387090194,
    "duration": 1,
    "pid": 16772,
    "index": 55
  },
  {
    "name": "Require(46) node_modules/_egg-view-ejs@2.0.1@egg-view-ejs/app.js",
    "start": 1611387090194,
    "end": 1611387090194,
    "duration": 0,
    "pid": 16772,
    "index": 56
  },
  {
    "name": "Before Start in node_modules/_egg-watcher@3.1.1@egg-watcher/lib/init.js:15:14",
    "start": 1611387090202,
    "end": 1611387090388,
    "duration": 186,
    "pid": 16772,
    "index": 57
  },
  {
    "name": "Load Service",
    "start": 1611387090235,
    "end": 1611387090239,
    "duration": 4,
    "pid": 16772,
    "index": 58
  },
  {
    "name": "Load \"service\" to Context",
    "start": 1611387090235,
    "end": 1611387090239,
    "duration": 4,
    "pid": 16772,
    "index": 59
  },
  {
    "name": "Load Middleware",
    "start": 1611387090239,
    "end": 1611387090370,
    "duration": 131,
    "pid": 16772,
    "index": 60
  },
  {
    "name": "Load \"middlewares\" to Application",
    "start": 1611387090239,
    "end": 1611387090357,
    "duration": 118,
    "pid": 16772,
    "index": 61
  },
  {
    "name": "Load Controller",
    "start": 1611387090370,
    "end": 1611387090373,
    "duration": 3,
    "pid": 16772,
    "index": 62
  },
  {
    "name": "Load \"controller\" to Application",
    "start": 1611387090370,
    "end": 1611387090373,
    "duration": 3,
    "pid": 16772,
    "index": 63
  },
  {
    "name": "Load Router",
    "start": 1611387090373,
    "end": 1611387090375,
    "duration": 2,
    "pid": 16772,
    "index": 64
  },
  {
    "name": "Require(47) app/router.js",
    "start": 1611387090373,
    "end": 1611387090374,
    "duration": 1,
    "pid": 16772,
    "index": 65
  },
  {
    "name": "Before Start in node_modules/_egg-core@4.20.0@egg-core/lib/egg.js:303:10",
    "start": 1611387090374,
    "end": 1611387090380,
    "duration": 6,
    "pid": 16772,
    "index": 66
  }
]