[
  {
    "name": "Process Start",
    "start": 1611388138406,
    "end": 1611388139612,
    "duration": 1206,
    "pid": 5252,
    "index": 0
  },
  {
    "name": "Application Start",
    "start": 1611388139612,
    "end": 1611388140147,
    "duration": 535,
    "pid": 5252,
    "index": 1
  },
  {
    "name": "Load Plugin",
    "start": 1611388139616,
    "end": 1611388139640,
    "duration": 24,
    "pid": 5252,
    "index": 2
  },
  {
    "name": "Load Config",
    "start": 1611388139640,
    "end": 1611388139665,
    "duration": 25,
    "pid": 5252,
    "index": 3
  },
  {
    "name": "Require(0) config/config.default.js",
    "start": 1611388139641,
    "end": 1611388139642,
    "duration": 1,
    "pid": 5252,
    "index": 4
  },
  {
    "name": "Require(1) node_modules/_egg-session@3.2.0@egg-session/config/config.default.js",
    "start": 1611388139644,
    "end": 1611388139644,
    "duration": 0,
    "pid": 5252,
    "index": 5
  },
  {
    "name": "Require(2) node_modules/_egg-security@2.8.0@egg-security/config/config.default.js",
    "start": 1611388139645,
    "end": 1611388139645,
    "duration": 0,
    "pid": 5252,
    "index": 6
  },
  {
    "name": "Require(3) node_modules/_egg-jsonp@2.0.0@egg-jsonp/config/config.default.js",
    "start": 1611388139646,
    "end": 1611388139647,
    "duration": 1,
    "pid": 5252,
    "index": 7
  },
  {
    "name": "Require(4) node_modules/_egg-onerror@2.1.0@egg-onerror/config/config.default.js",
    "start": 1611388139647,
    "end": 1611388139648,
    "duration": 1,
    "pid": 5252,
    "index": 8
  },
  {
    "name": "Require(5) node_modules/_egg-i18n@2.1.1@egg-i18n/config/config.default.js",
    "start": 1611388139648,
    "end": 1611388139648,
    "duration": 0,
    "pid": 5252,
    "index": 9
  },
  {
    "name": "Require(6) node_modules/_egg-watcher@3.1.1@egg-watcher/config/config.default.js",
    "start": 1611388139649,
    "end": 1611388139650,
    "duration": 1,
    "pid": 5252,
    "index": 10
  },
  {
    "name": "Require(7) node_modules/_egg-schedule@3.6.6@egg-schedule/config/config.default.js",
    "start": 1611388139650,
    "end": 1611388139650,
    "duration": 0,
    "pid": 5252,
    "index": 11
  },
  {
    "name": "Require(8) node_modules/_egg-multipart@2.10.3@egg-multipart/config/config.default.js",
    "start": 1611388139651,
    "end": 1611388139651,
    "duration": 0,
    "pid": 5252,
    "index": 12
  },
  {
    "name": "Require(9) node_modules/_egg-development@2.7.0@egg-development/config/config.default.js",
    "start": 1611388139652,
    "end": 1611388139653,
    "duration": 1,
    "pid": 5252,
    "index": 13
  },
  {
    "name": "Require(10) node_modules/_egg-logrotator@3.1.0@egg-logrotator/config/config.default.js",
    "start": 1611388139653,
    "end": 1611388139654,
    "duration": 1,
    "pid": 5252,
    "index": 14
  },
  {
    "name": "Require(11) node_modules/_egg-static@2.2.0@egg-static/config/config.default.js",
    "start": 1611388139655,
    "end": 1611388139656,
    "duration": 1,
    "pid": 5252,
    "index": 15
  },
  {
    "name": "Require(12) node_modules/_egg-view@2.1.3@egg-view/config/config.default.js",
    "start": 1611388139656,
    "end": 1611388139657,
    "duration": 1,
    "pid": 5252,
    "index": 16
  },
  {
    "name": "Require(13) node_modules/_egg-view-ejs@2.0.1@egg-view-ejs/config/config.default.js",
    "start": 1611388139657,
    "end": 1611388139658,
    "duration": 1,
    "pid": 5252,
    "index": 17
  },
  {
    "name": "Require(14) node_modules/_egg@2.29.1@egg/config/config.default.js",
    "start": 1611388139658,
    "end": 1611388139659,
    "duration": 1,
    "pid": 5252,
    "index": 18
  },
  {
    "name": "Require(15) config/config.default.js",
    "start": 1611388139660,
    "end": 1611388139660,
    "duration": 0,
    "pid": 5252,
    "index": 19
  },
  {
    "name": "Require(16) node_modules/_egg-security@2.8.0@egg-security/config/config.local.js",
    "start": 1611388139661,
    "end": 1611388139661,
    "duration": 0,
    "pid": 5252,
    "index": 20
  },
  {
    "name": "Require(17) node_modules/_egg-watcher@3.1.1@egg-watcher/config/config.local.js",
    "start": 1611388139662,
    "end": 1611388139662,
    "duration": 0,
    "pid": 5252,
    "index": 21
  },
  {
    "name": "Require(18) node_modules/_egg-view@2.1.3@egg-view/config/config.local.js",
    "start": 1611388139663,
    "end": 1611388139664,
    "duration": 1,
    "pid": 5252,
    "index": 22
  },
  {
    "name": "Require(19) node_modules/_egg-view-ejs@2.0.1@egg-view-ejs/config/config.local.js",
    "start": 1611388139664,
    "end": 1611388139664,
    "duration": 0,
    "pid": 5252,
    "index": 23
  },
  {
    "name": "Require(20) node_modules/_egg@2.29.1@egg/config/config.local.js",
    "start": 1611388139665,
    "end": 1611388139665,
    "duration": 0,
    "pid": 5252,
    "index": 24
  },
  {
    "name": "Load extend/application.js",
    "start": 1611388139666,
    "end": 1611388139683,
    "duration": 17,
    "pid": 5252,
    "index": 25
  },
  {
    "name": "Require(21) node_modules/_egg-session@3.2.0@egg-session/app/extend/application.js",
    "start": 1611388139667,
    "end": 1611388139667,
    "duration": 0,
    "pid": 5252,
    "index": 26
  },
  {
    "name": "Require(22) node_modules/_egg-security@2.8.0@egg-security/app/extend/application.js",
    "start": 1611388139668,
    "end": 1611388139669,
    "duration": 1,
    "pid": 5252,
    "index": 27
  },
  {
    "name": "Require(23) node_modules/_egg-jsonp@2.0.0@egg-jsonp/app/extend/application.js",
    "start": 1611388139669,
    "end": 1611388139672,
    "duration": 3,
    "pid": 5252,
    "index": 28
  },
  {
    "name": "Require(24) node_modules/_egg-logrotator@3.1.0@egg-logrotator/app/extend/application.js",
    "start": 1611388139674,
    "end": 1611388139677,
    "duration": 3,
    "pid": 5252,
    "index": 29
  },
  {
    "name": "Require(25) node_modules/_egg-view@2.1.3@egg-view/app/extend/application.js",
    "start": 1611388139677,
    "end": 1611388139679,
    "duration": 2,
    "pid": 5252,
    "index": 30
  },
  {
    "name": "Load extend/request.js",
    "start": 1611388139683,
    "end": 1611388139693,
    "duration": 10,
    "pid": 5252,
    "index": 31
  },
  {
    "name": "Require(26) node_modules/_egg@2.29.1@egg/app/extend/request.js",
    "start": 1611388139686,
    "end": 1611388139688,
    "duration": 2,
    "pid": 5252,
    "index": 32
  },
  {
    "name": "Load extend/response.js",
    "start": 1611388139693,
    "end": 1611388139702,
    "duration": 9,
    "pid": 5252,
    "index": 33
  },
  {
    "name": "Require(27) node_modules/_egg@2.29.1@egg/app/extend/response.js",
    "start": 1611388139696,
    "end": 1611388139699,
    "duration": 3,
    "pid": 5252,
    "index": 34
  },
  {
    "name": "Load extend/context.js",
    "start": 1611388139702,
    "end": 1611388139785,
    "duration": 83,
    "pid": 5252,
    "index": 35
  },
  {
    "name": "Require(28) node_modules/_egg-security@2.8.0@egg-security/app/extend/context.js",
    "start": 1611388139702,
    "end": 1611388139717,
    "duration": 15,
    "pid": 5252,
    "index": 36
  },
  {
    "name": "Require(29) node_modules/_egg-jsonp@2.0.0@egg-jsonp/app/extend/context.js",
    "start": 1611388139718,
    "end": 1611388139720,
    "duration": 2,
    "pid": 5252,
    "index": 37
  },
  {
    "name": "Require(30) node_modules/_egg-i18n@2.1.1@egg-i18n/app/extend/context.js",
    "start": 1611388139721,
    "end": 1611388139721,
    "duration": 0,
    "pid": 5252,
    "index": 38
  },
  {
    "name": "Require(31) node_modules/_egg-multipart@2.10.3@egg-multipart/app/extend/context.js",
    "start": 1611388139723,
    "end": 1611388139777,
    "duration": 54,
    "pid": 5252,
    "index": 39
  },
  {
    "name": "Require(32) node_modules/_egg-view@2.1.3@egg-view/app/extend/context.js",
    "start": 1611388139778,
    "end": 1611388139779,
    "duration": 1,
    "pid": 5252,
    "index": 40
  },
  {
    "name": "Require(33) node_modules/_egg@2.29.1@egg/app/extend/context.js",
    "start": 1611388139780,
    "end": 1611388139782,
    "duration": 2,
    "pid": 5252,
    "index": 41
  },
  {
    "name": "Load extend/helper.js",
    "start": 1611388139785,
    "end": 1611388139815,
    "duration": 30,
    "pid": 5252,
    "index": 42
  },
  {
    "name": "Require(34) node_modules/_egg-security@2.8.0@egg-security/app/extend/helper.js",
    "start": 1611388139786,
    "end": 1611388139809,
    "duration": 23,
    "pid": 5252,
    "index": 43
  },
  {
    "name": "Require(35) node_modules/_egg@2.29.1@egg/app/extend/helper.js",
    "start": 1611388139812,
    "end": 1611388139812,
    "duration": 0,
    "pid": 5252,
    "index": 44
  },
  {
    "name": "Load app.js",
    "start": 1611388139815,
    "end": 1611388139852,
    "duration": 37,
    "pid": 5252,
    "index": 45
  },
  {
    "name": "Require(36) node_modules/_egg-session@3.2.0@egg-session/app.js",
    "start": 1611388139815,
    "end": 1611388139816,
    "duration": 1,
    "pid": 5252,
    "index": 46
  },
  {
    "name": "Require(37) node_modules/_egg-security@2.8.0@egg-security/app.js",
    "start": 1611388139816,
    "end": 1611388139818,
    "duration": 2,
    "pid": 5252,
    "index": 47
  },
  {
    "name": "Require(38) node_modules/_egg-onerror@2.1.0@egg-onerror/app.js",
    "start": 1611388139818,
    "end": 1611388139831,
    "duration": 13,
    "pid": 5252,
    "index": 48
  },
  {
    "name": "Require(39) node_modules/_egg-i18n@2.1.1@egg-i18n/app.js",
    "start": 1611388139831,
    "end": 1611388139841,
    "duration": 10,
    "pid": 5252,
    "index": 49
  },
  {
    "name": "Require(40) node_modules/_egg-watcher@3.1.1@egg-watcher/app.js",
    "start": 1611388139842,
    "end": 1611388139845,
    "duration": 3,
    "pid": 5252,
    "index": 50
  },
  {
    "name": "Require(41) node_modules/_egg-schedule@3.6.6@egg-schedule/app.js",
    "start": 1611388139846,
    "end": 1611388139848,
    "duration": 2,
    "pid": 5252,
    "index": 51
  },
  {
    "name": "Require(42) node_modules/_egg-multipart@2.10.3@egg-multipart/app.js",
    "start": 1611388139848,
    "end": 1611388139848,
    "duration": 0,
    "pid": 5252,
    "index": 52
  },
  {
    "name": "Require(43) node_modules/_egg-development@2.7.0@egg-development/app.js",
    "start": 1611388139849,
    "end": 1611388139849,
    "duration": 0,
    "pid": 5252,
    "index": 53
  },
  {
    "name": "Require(44) node_modules/_egg-logrotator@3.1.0@egg-logrotator/app.js",
    "start": 1611388139849,
    "end": 1611388139850,
    "duration": 1,
    "pid": 5252,
    "index": 54
  },
  {
    "name": "Require(45) node_modules/_egg-static@2.2.0@egg-static/app.js",
    "start": 1611388139850,
    "end": 1611388139850,
    "duration": 0,
    "pid": 5252,
    "index": 55
  },
  {
    "name": "Require(46) node_modules/_egg-view-ejs@2.0.1@egg-view-ejs/app.js",
    "start": 1611388139851,
    "end": 1611388139851,
    "duration": 0,
    "pid": 5252,
    "index": 56
  },
  {
    "name": "Before Start in node_modules/_egg-watcher@3.1.1@egg-watcher/lib/init.js:15:14",
    "start": 1611388139862,
    "end": 1611388140146,
    "duration": 284,
    "pid": 5252,
    "index": 57
  },
  {
    "name": "Load Service",
    "start": 1611388139901,
    "end": 1611388139908,
    "duration": 7,
    "pid": 5252,
    "index": 58
  },
  {
    "name": "Load \"service\" to Context",
    "start": 1611388139901,
    "end": 1611388139908,
    "duration": 7,
    "pid": 5252,
    "index": 59
  },
  {
    "name": "Load Middleware",
    "start": 1611388139909,
    "end": 1611388140101,
    "duration": 192,
    "pid": 5252,
    "index": 60
  },
  {
    "name": "Load \"middlewares\" to Application",
    "start": 1611388139909,
    "end": 1611388140079,
    "duration": 170,
    "pid": 5252,
    "index": 61
  },
  {
    "name": "Load Controller",
    "start": 1611388140101,
    "end": 1611388140114,
    "duration": 13,
    "pid": 5252,
    "index": 62
  },
  {
    "name": "Load \"controller\" to Application",
    "start": 1611388140101,
    "end": 1611388140114,
    "duration": 13,
    "pid": 5252,
    "index": 63
  },
  {
    "name": "Load Router",
    "start": 1611388140115,
    "end": 1611388140119,
    "duration": 4,
    "pid": 5252,
    "index": 64
  },
  {
    "name": "Require(47) app/router.js",
    "start": 1611388140115,
    "end": 1611388140116,
    "duration": 1,
    "pid": 5252,
    "index": 65
  },
  {
    "name": "Before Start in node_modules/_egg-core@4.20.0@egg-core/lib/egg.js:303:10",
    "start": 1611388140116,
    "end": 1611388140131,
    "duration": 15,
    "pid": 5252,
    "index": 66
  }
]