[
  {
    "name": "Process Start",
    "start": 1611388106370,
    "end": 1611388107493,
    "duration": 1123,
    "pid": 12948,
    "index": 0
  },
  {
    "name": "Application Start",
    "start": 1611388107494,
    "end": 1611388107999,
    "duration": 505,
    "pid": 12948,
    "index": 1
  },
  {
    "name": "Load Plugin",
    "start": 1611388107498,
    "end": 1611388107518,
    "duration": 20,
    "pid": 12948,
    "index": 2
  },
  {
    "name": "Load Config",
    "start": 1611388107518,
    "end": 1611388107541,
    "duration": 23,
    "pid": 12948,
    "index": 3
  },
  {
    "name": "Require(0) config/config.default.js",
    "start": 1611388107519,
    "end": 1611388107519,
    "duration": 0,
    "pid": 12948,
    "index": 4
  },
  {
    "name": "Require(1) node_modules/_egg-session@3.2.0@egg-session/config/config.default.js",
    "start": 1611388107520,
    "end": 1611388107521,
    "duration": 1,
    "pid": 12948,
    "index": 5
  },
  {
    "name": "Require(2) node_modules/_egg-security@2.8.0@egg-security/config/config.default.js",
    "start": 1611388107521,
    "end": 1611388107522,
    "duration": 1,
    "pid": 12948,
    "index": 6
  },
  {
    "name": "Require(3) node_modules/_egg-jsonp@2.0.0@egg-jsonp/config/config.default.js",
    "start": 1611388107523,
    "end": 1611388107523,
    "duration": 0,
    "pid": 12948,
    "index": 7
  },
  {
    "name": "Require(4) node_modules/_egg-onerror@2.1.0@egg-onerror/config/config.default.js",
    "start": 1611388107524,
    "end": 1611388107524,
    "duration": 0,
    "pid": 12948,
    "index": 8
  },
  {
    "name": "Require(5) node_modules/_egg-i18n@2.1.1@egg-i18n/config/config.default.js",
    "start": 1611388107525,
    "end": 1611388107526,
    "duration": 1,
    "pid": 12948,
    "index": 9
  },
  {
    "name": "Require(6) node_modules/_egg-watcher@3.1.1@egg-watcher/config/config.default.js",
    "start": 1611388107527,
    "end": 1611388107527,
    "duration": 0,
    "pid": 12948,
    "index": 10
  },
  {
    "name": "Require(7) node_modules/_egg-schedule@3.6.6@egg-schedule/config/config.default.js",
    "start": 1611388107527,
    "end": 1611388107528,
    "duration": 1,
    "pid": 12948,
    "index": 11
  },
  {
    "name": "Require(8) node_modules/_egg-multipart@2.10.3@egg-multipart/config/config.default.js",
    "start": 1611388107528,
    "end": 1611388107529,
    "duration": 1,
    "pid": 12948,
    "index": 12
  },
  {
    "name": "Require(9) node_modules/_egg-development@2.7.0@egg-development/config/config.default.js",
    "start": 1611388107529,
    "end": 1611388107530,
    "duration": 1,
    "pid": 12948,
    "index": 13
  },
  {
    "name": "Require(10) node_modules/_egg-logrotator@3.1.0@egg-logrotator/config/config.default.js",
    "start": 1611388107530,
    "end": 1611388107531,
    "duration": 1,
    "pid": 12948,
    "index": 14
  },
  {
    "name": "Require(11) node_modules/_egg-static@2.2.0@egg-static/config/config.default.js",
    "start": 1611388107531,
    "end": 1611388107532,
    "duration": 1,
    "pid": 12948,
    "index": 15
  },
  {
    "name": "Require(12) node_modules/_egg-view@2.1.3@egg-view/config/config.default.js",
    "start": 1611388107532,
    "end": 1611388107533,
    "duration": 1,
    "pid": 12948,
    "index": 16
  },
  {
    "name": "Require(13) node_modules/_egg-view-ejs@2.0.1@egg-view-ejs/config/config.default.js",
    "start": 1611388107533,
    "end": 1611388107533,
    "duration": 0,
    "pid": 12948,
    "index": 17
  },
  {
    "name": "Require(14) node_modules/_egg@2.29.1@egg/config/config.default.js",
    "start": 1611388107534,
    "end": 1611388107534,
    "duration": 0,
    "pid": 12948,
    "index": 18
  },
  {
    "name": "Require(15) config/config.default.js",
    "start": 1611388107535,
    "end": 1611388107536,
    "duration": 1,
    "pid": 12948,
    "index": 19
  },
  {
    "name": "Require(16) node_modules/_egg-security@2.8.0@egg-security/config/config.local.js",
    "start": 1611388107536,
    "end": 1611388107537,
    "duration": 1,
    "pid": 12948,
    "index": 20
  },
  {
    "name": "Require(17) node_modules/_egg-watcher@3.1.1@egg-watcher/config/config.local.js",
    "start": 1611388107538,
    "end": 1611388107538,
    "duration": 0,
    "pid": 12948,
    "index": 21
  },
  {
    "name": "Require(18) node_modules/_egg-view@2.1.3@egg-view/config/config.local.js",
    "start": 1611388107539,
    "end": 1611388107540,
    "duration": 1,
    "pid": 12948,
    "index": 22
  },
  {
    "name": "Require(19) node_modules/_egg-view-ejs@2.0.1@egg-view-ejs/config/config.local.js",
    "start": 1611388107540,
    "end": 1611388107540,
    "duration": 0,
    "pid": 12948,
    "index": 23
  },
  {
    "name": "Require(20) node_modules/_egg@2.29.1@egg/config/config.local.js",
    "start": 1611388107541,
    "end": 1611388107541,
    "duration": 0,
    "pid": 12948,
    "index": 24
  },
  {
    "name": "Load extend/application.js",
    "start": 1611388107542,
    "end": 1611388107561,
    "duration": 19,
    "pid": 12948,
    "index": 25
  },
  {
    "name": "Require(21) node_modules/_egg-session@3.2.0@egg-session/app/extend/application.js",
    "start": 1611388107543,
    "end": 1611388107543,
    "duration": 0,
    "pid": 12948,
    "index": 26
  },
  {
    "name": "Require(22) node_modules/_egg-security@2.8.0@egg-security/app/extend/application.js",
    "start": 1611388107544,
    "end": 1611388107545,
    "duration": 1,
    "pid": 12948,
    "index": 27
  },
  {
    "name": "Require(23) node_modules/_egg-jsonp@2.0.0@egg-jsonp/app/extend/application.js",
    "start": 1611388107546,
    "end": 1611388107548,
    "duration": 2,
    "pid": 12948,
    "index": 28
  },
  {
    "name": "Require(24) node_modules/_egg-logrotator@3.1.0@egg-logrotator/app/extend/application.js",
    "start": 1611388107550,
    "end": 1611388107553,
    "duration": 3,
    "pid": 12948,
    "index": 29
  },
  {
    "name": "Require(25) node_modules/_egg-view@2.1.3@egg-view/app/extend/application.js",
    "start": 1611388107554,
    "end": 1611388107557,
    "duration": 3,
    "pid": 12948,
    "index": 30
  },
  {
    "name": "Load extend/request.js",
    "start": 1611388107561,
    "end": 1611388107569,
    "duration": 8,
    "pid": 12948,
    "index": 31
  },
  {
    "name": "Require(26) node_modules/_egg@2.29.1@egg/app/extend/request.js",
    "start": 1611388107564,
    "end": 1611388107566,
    "duration": 2,
    "pid": 12948,
    "index": 32
  },
  {
    "name": "Load extend/response.js",
    "start": 1611388107569,
    "end": 1611388107581,
    "duration": 12,
    "pid": 12948,
    "index": 33
  },
  {
    "name": "Require(27) node_modules/_egg@2.29.1@egg/app/extend/response.js",
    "start": 1611388107574,
    "end": 1611388107578,
    "duration": 4,
    "pid": 12948,
    "index": 34
  },
  {
    "name": "Load extend/context.js",
    "start": 1611388107581,
    "end": 1611388107677,
    "duration": 96,
    "pid": 12948,
    "index": 35
  },
  {
    "name": "Require(28) node_modules/_egg-security@2.8.0@egg-security/app/extend/context.js",
    "start": 1611388107582,
    "end": 1611388107601,
    "duration": 19,
    "pid": 12948,
    "index": 36
  },
  {
    "name": "Require(29) node_modules/_egg-jsonp@2.0.0@egg-jsonp/app/extend/context.js",
    "start": 1611388107601,
    "end": 1611388107603,
    "duration": 2,
    "pid": 12948,
    "index": 37
  },
  {
    "name": "Require(30) node_modules/_egg-i18n@2.1.1@egg-i18n/app/extend/context.js",
    "start": 1611388107604,
    "end": 1611388107604,
    "duration": 0,
    "pid": 12948,
    "index": 38
  },
  {
    "name": "Require(31) node_modules/_egg-multipart@2.10.3@egg-multipart/app/extend/context.js",
    "start": 1611388107605,
    "end": 1611388107669,
    "duration": 64,
    "pid": 12948,
    "index": 39
  },
  {
    "name": "Require(32) node_modules/_egg-view@2.1.3@egg-view/app/extend/context.js",
    "start": 1611388107670,
    "end": 1611388107671,
    "duration": 1,
    "pid": 12948,
    "index": 40
  },
  {
    "name": "Require(33) node_modules/_egg@2.29.1@egg/app/extend/context.js",
    "start": 1611388107672,
    "end": 1611388107673,
    "duration": 1,
    "pid": 12948,
    "index": 41
  },
  {
    "name": "Load extend/helper.js",
    "start": 1611388107677,
    "end": 1611388107705,
    "duration": 28,
    "pid": 12948,
    "index": 42
  },
  {
    "name": "Require(34) node_modules/_egg-security@2.8.0@egg-security/app/extend/helper.js",
    "start": 1611388107678,
    "end": 1611388107698,
    "duration": 20,
    "pid": 12948,
    "index": 43
  },
  {
    "name": "Require(35) node_modules/_egg@2.29.1@egg/app/extend/helper.js",
    "start": 1611388107701,
    "end": 1611388107701,
    "duration": 0,
    "pid": 12948,
    "index": 44
  },
  {
    "name": "Load app.js",
    "start": 1611388107705,
    "end": 1611388107745,
    "duration": 40,
    "pid": 12948,
    "index": 45
  },
  {
    "name": "Require(36) node_modules/_egg-session@3.2.0@egg-session/app.js",
    "start": 1611388107706,
    "end": 1611388107706,
    "duration": 0,
    "pid": 12948,
    "index": 46
  },
  {
    "name": "Require(37) node_modules/_egg-security@2.8.0@egg-security/app.js",
    "start": 1611388107706,
    "end": 1611388107709,
    "duration": 3,
    "pid": 12948,
    "index": 47
  },
  {
    "name": "Require(38) node_modules/_egg-onerror@2.1.0@egg-onerror/app.js",
    "start": 1611388107710,
    "end": 1611388107723,
    "duration": 13,
    "pid": 12948,
    "index": 48
  },
  {
    "name": "Require(39) node_modules/_egg-i18n@2.1.1@egg-i18n/app.js",
    "start": 1611388107723,
    "end": 1611388107733,
    "duration": 10,
    "pid": 12948,
    "index": 49
  },
  {
    "name": "Require(40) node_modules/_egg-watcher@3.1.1@egg-watcher/app.js",
    "start": 1611388107733,
    "end": 1611388107737,
    "duration": 4,
    "pid": 12948,
    "index": 50
  },
  {
    "name": "Require(41) node_modules/_egg-schedule@3.6.6@egg-schedule/app.js",
    "start": 1611388107737,
    "end": 1611388107740,
    "duration": 3,
    "pid": 12948,
    "index": 51
  },
  {
    "name": "Require(42) node_modules/_egg-multipart@2.10.3@egg-multipart/app.js",
    "start": 1611388107740,
    "end": 1611388107740,
    "duration": 0,
    "pid": 12948,
    "index": 52
  },
  {
    "name": "Require(43) node_modules/_egg-development@2.7.0@egg-development/app.js",
    "start": 1611388107741,
    "end": 1611388107741,
    "duration": 0,
    "pid": 12948,
    "index": 53
  },
  {
    "name": "Require(44) node_modules/_egg-logrotator@3.1.0@egg-logrotator/app.js",
    "start": 1611388107742,
    "end": 1611388107742,
    "duration": 0,
    "pid": 12948,
    "index": 54
  },
  {
    "name": "Require(45) node_modules/_egg-static@2.2.0@egg-static/app.js",
    "start": 1611388107742,
    "end": 1611388107743,
    "duration": 1,
    "pid": 12948,
    "index": 55
  },
  {
    "name": "Require(46) node_modules/_egg-view-ejs@2.0.1@egg-view-ejs/app.js",
    "start": 1611388107744,
    "end": 1611388107744,
    "duration": 0,
    "pid": 12948,
    "index": 56
  },
  {
    "name": "Before Start in node_modules/_egg-watcher@3.1.1@egg-watcher/lib/init.js:15:14",
    "start": 1611388107753,
    "end": 1611388107999,
    "duration": 246,
    "pid": 12948,
    "index": 57
  },
  {
    "name": "Load Service",
    "start": 1611388107791,
    "end": 1611388107797,
    "duration": 6,
    "pid": 12948,
    "index": 58
  },
  {
    "name": "Load \"service\" to Context",
    "start": 1611388107791,
    "end": 1611388107797,
    "duration": 6,
    "pid": 12948,
    "index": 59
  },
  {
    "name": "Load Middleware",
    "start": 1611388107797,
    "end": 1611388107973,
    "duration": 176,
    "pid": 12948,
    "index": 60
  },
  {
    "name": "Load \"middlewares\" to Application",
    "start": 1611388107797,
    "end": 1611388107956,
    "duration": 159,
    "pid": 12948,
    "index": 61
  },
  {
    "name": "Load Controller",
    "start": 1611388107973,
    "end": 1611388107983,
    "duration": 10,
    "pid": 12948,
    "index": 62
  },
  {
    "name": "Load \"controller\" to Application",
    "start": 1611388107973,
    "end": 1611388107983,
    "duration": 10,
    "pid": 12948,
    "index": 63
  },
  {
    "name": "Load Router",
    "start": 1611388107983,
    "end": 1611388107985,
    "duration": 2,
    "pid": 12948,
    "index": 64
  },
  {
    "name": "Require(47) app/router.js",
    "start": 1611388107983,
    "end": 1611388107984,
    "duration": 1,
    "pid": 12948,
    "index": 65
  },
  {
    "name": "Before Start in node_modules/_egg-core@4.20.0@egg-core/lib/egg.js:303:10",
    "start": 1611388107984,
    "end": 1611388107992,
    "duration": 8,
    "pid": 12948,
    "index": 66
  }
]