[
  {
    "name": "Process Start",
    "start": 1611388092773,
    "end": 1611388093822,
    "duration": 1049,
    "pid": 17476,
    "index": 0
  },
  {
    "name": "Application Start",
    "start": 1611388093822,
    "end": 1611388094267,
    "duration": 445,
    "pid": 17476,
    "index": 1
  },
  {
    "name": "Load Plugin",
    "start": 1611388093826,
    "end": 1611388093844,
    "duration": 18,
    "pid": 17476,
    "index": 2
  },
  {
    "name": "Load Config",
    "start": 1611388093844,
    "end": 1611388093863,
    "duration": 19,
    "pid": 17476,
    "index": 3
  },
  {
    "name": "Require(0) config/config.default.js",
    "start": 1611388093844,
    "end": 1611388093845,
    "duration": 1,
    "pid": 17476,
    "index": 4
  },
  {
    "name": "Require(1) node_modules/_egg-session@3.2.0@egg-session/config/config.default.js",
    "start": 1611388093846,
    "end": 1611388093846,
    "duration": 0,
    "pid": 17476,
    "index": 5
  },
  {
    "name": "Require(2) node_modules/_egg-security@2.8.0@egg-security/config/config.default.js",
    "start": 1611388093847,
    "end": 1611388093847,
    "duration": 0,
    "pid": 17476,
    "index": 6
  },
  {
    "name": "Require(3) node_modules/_egg-jsonp@2.0.0@egg-jsonp/config/config.default.js",
    "start": 1611388093848,
    "end": 1611388093848,
    "duration": 0,
    "pid": 17476,
    "index": 7
  },
  {
    "name": "Require(4) node_modules/_egg-onerror@2.1.0@egg-onerror/config/config.default.js",
    "start": 1611388093849,
    "end": 1611388093849,
    "duration": 0,
    "pid": 17476,
    "index": 8
  },
  {
    "name": "Require(5) node_modules/_egg-i18n@2.1.1@egg-i18n/config/config.default.js",
    "start": 1611388093849,
    "end": 1611388093850,
    "duration": 1,
    "pid": 17476,
    "index": 9
  },
  {
    "name": "Require(6) node_modules/_egg-watcher@3.1.1@egg-watcher/config/config.default.js",
    "start": 1611388093850,
    "end": 1611388093851,
    "duration": 1,
    "pid": 17476,
    "index": 10
  },
  {
    "name": "Require(7) node_modules/_egg-schedule@3.6.6@egg-schedule/config/config.default.js",
    "start": 1611388093851,
    "end": 1611388093851,
    "duration": 0,
    "pid": 17476,
    "index": 11
  },
  {
    "name": "Require(8) node_modules/_egg-multipart@2.10.3@egg-multipart/config/config.default.js",
    "start": 1611388093852,
    "end": 1611388093852,
    "duration": 0,
    "pid": 17476,
    "index": 12
  },
  {
    "name": "Require(9) node_modules/_egg-development@2.7.0@egg-development/config/config.default.js",
    "start": 1611388093853,
    "end": 1611388093853,
    "duration": 0,
    "pid": 17476,
    "index": 13
  },
  {
    "name": "Require(10) node_modules/_egg-logrotator@3.1.0@egg-logrotator/config/config.default.js",
    "start": 1611388093854,
    "end": 1611388093854,
    "duration": 0,
    "pid": 17476,
    "index": 14
  },
  {
    "name": "Require(11) node_modules/_egg-static@2.2.0@egg-static/config/config.default.js",
    "start": 1611388093854,
    "end": 1611388093855,
    "duration": 1,
    "pid": 17476,
    "index": 15
  },
  {
    "name": "Require(12) node_modules/_egg-view@2.1.3@egg-view/config/config.default.js",
    "start": 1611388093855,
    "end": 1611388093856,
    "duration": 1,
    "pid": 17476,
    "index": 16
  },
  {
    "name": "Require(13) node_modules/_egg-view-ejs@2.0.1@egg-view-ejs/config/config.default.js",
    "start": 1611388093856,
    "end": 1611388093856,
    "duration": 0,
    "pid": 17476,
    "index": 17
  },
  {
    "name": "Require(14) node_modules/_egg@2.29.1@egg/config/config.default.js",
    "start": 1611388093857,
    "end": 1611388093857,
    "duration": 0,
    "pid": 17476,
    "index": 18
  },
  {
    "name": "Require(15) config/config.default.js",
    "start": 1611388093858,
    "end": 1611388093858,
    "duration": 0,
    "pid": 17476,
    "index": 19
  },
  {
    "name": "Require(16) node_modules/_egg-security@2.8.0@egg-security/config/config.local.js",
    "start": 1611388093859,
    "end": 1611388093859,
    "duration": 0,
    "pid": 17476,
    "index": 20
  },
  {
    "name": "Require(17) node_modules/_egg-watcher@3.1.1@egg-watcher/config/config.local.js",
    "start": 1611388093860,
    "end": 1611388093860,
    "duration": 0,
    "pid": 17476,
    "index": 21
  },
  {
    "name": "Require(18) node_modules/_egg-view@2.1.3@egg-view/config/config.local.js",
    "start": 1611388093862,
    "end": 1611388093862,
    "duration": 0,
    "pid": 17476,
    "index": 22
  },
  {
    "name": "Require(19) node_modules/_egg-view-ejs@2.0.1@egg-view-ejs/config/config.local.js",
    "start": 1611388093862,
    "end": 1611388093862,
    "duration": 0,
    "pid": 17476,
    "index": 23
  },
  {
    "name": "Require(20) node_modules/_egg@2.29.1@egg/config/config.local.js",
    "start": 1611388093863,
    "end": 1611388093863,
    "duration": 0,
    "pid": 17476,
    "index": 24
  },
  {
    "name": "Load extend/application.js",
    "start": 1611388093864,
    "end": 1611388093879,
    "duration": 15,
    "pid": 17476,
    "index": 25
  },
  {
    "name": "Require(21) node_modules/_egg-session@3.2.0@egg-session/app/extend/application.js",
    "start": 1611388093865,
    "end": 1611388093865,
    "duration": 0,
    "pid": 17476,
    "index": 26
  },
  {
    "name": "Require(22) node_modules/_egg-security@2.8.0@egg-security/app/extend/application.js",
    "start": 1611388093865,
    "end": 1611388093866,
    "duration": 1,
    "pid": 17476,
    "index": 27
  },
  {
    "name": "Require(23) node_modules/_egg-jsonp@2.0.0@egg-jsonp/app/extend/application.js",
    "start": 1611388093867,
    "end": 1611388093869,
    "duration": 2,
    "pid": 17476,
    "index": 28
  },
  {
    "name": "Require(24) node_modules/_egg-logrotator@3.1.0@egg-logrotator/app/extend/application.js",
    "start": 1611388093870,
    "end": 1611388093873,
    "duration": 3,
    "pid": 17476,
    "index": 29
  },
  {
    "name": "Require(25) node_modules/_egg-view@2.1.3@egg-view/app/extend/application.js",
    "start": 1611388093874,
    "end": 1611388093876,
    "duration": 2,
    "pid": 17476,
    "index": 30
  },
  {
    "name": "Load extend/request.js",
    "start": 1611388093879,
    "end": 1611388093889,
    "duration": 10,
    "pid": 17476,
    "index": 31
  },
  {
    "name": "Require(26) node_modules/_egg@2.29.1@egg/app/extend/request.js",
    "start": 1611388093882,
    "end": 1611388093885,
    "duration": 3,
    "pid": 17476,
    "index": 32
  },
  {
    "name": "Load extend/response.js",
    "start": 1611388093889,
    "end": 1611388093897,
    "duration": 8,
    "pid": 17476,
    "index": 33
  },
  {
    "name": "Require(27) node_modules/_egg@2.29.1@egg/app/extend/response.js",
    "start": 1611388093891,
    "end": 1611388093894,
    "duration": 3,
    "pid": 17476,
    "index": 34
  },
  {
    "name": "Load extend/context.js",
    "start": 1611388093897,
    "end": 1611388093973,
    "duration": 76,
    "pid": 17476,
    "index": 35
  },
  {
    "name": "Require(28) node_modules/_egg-security@2.8.0@egg-security/app/extend/context.js",
    "start": 1611388093898,
    "end": 1611388093912,
    "duration": 14,
    "pid": 17476,
    "index": 36
  },
  {
    "name": "Require(29) node_modules/_egg-jsonp@2.0.0@egg-jsonp/app/extend/context.js",
    "start": 1611388093912,
    "end": 1611388093914,
    "duration": 2,
    "pid": 17476,
    "index": 37
  },
  {
    "name": "Require(30) node_modules/_egg-i18n@2.1.1@egg-i18n/app/extend/context.js",
    "start": 1611388093915,
    "end": 1611388093915,
    "duration": 0,
    "pid": 17476,
    "index": 38
  },
  {
    "name": "Require(31) node_modules/_egg-multipart@2.10.3@egg-multipart/app/extend/context.js",
    "start": 1611388093916,
    "end": 1611388093965,
    "duration": 49,
    "pid": 17476,
    "index": 39
  },
  {
    "name": "Require(32) node_modules/_egg-view@2.1.3@egg-view/app/extend/context.js",
    "start": 1611388093966,
    "end": 1611388093967,
    "duration": 1,
    "pid": 17476,
    "index": 40
  },
  {
    "name": "Require(33) node_modules/_egg@2.29.1@egg/app/extend/context.js",
    "start": 1611388093968,
    "end": 1611388093969,
    "duration": 1,
    "pid": 17476,
    "index": 41
  },
  {
    "name": "Load extend/helper.js",
    "start": 1611388093973,
    "end": 1611388093996,
    "duration": 23,
    "pid": 17476,
    "index": 42
  },
  {
    "name": "Require(34) node_modules/_egg-security@2.8.0@egg-security/app/extend/helper.js",
    "start": 1611388093973,
    "end": 1611388093990,
    "duration": 17,
    "pid": 17476,
    "index": 43
  },
  {
    "name": "Require(35) node_modules/_egg@2.29.1@egg/app/extend/helper.js",
    "start": 1611388093992,
    "end": 1611388093993,
    "duration": 1,
    "pid": 17476,
    "index": 44
  },
  {
    "name": "Load app.js",
    "start": 1611388093996,
    "end": 1611388094031,
    "duration": 35,
    "pid": 17476,
    "index": 45
  },
  {
    "name": "Require(36) node_modules/_egg-session@3.2.0@egg-session/app.js",
    "start": 1611388093996,
    "end": 1611388093996,
    "duration": 0,
    "pid": 17476,
    "index": 46
  },
  {
    "name": "Require(37) node_modules/_egg-security@2.8.0@egg-security/app.js",
    "start": 1611388093997,
    "end": 1611388093999,
    "duration": 2,
    "pid": 17476,
    "index": 47
  },
  {
    "name": "Require(38) node_modules/_egg-onerror@2.1.0@egg-onerror/app.js",
    "start": 1611388093999,
    "end": 1611388094011,
    "duration": 12,
    "pid": 17476,
    "index": 48
  },
  {
    "name": "Require(39) node_modules/_egg-i18n@2.1.1@egg-i18n/app.js",
    "start": 1611388094012,
    "end": 1611388094020,
    "duration": 8,
    "pid": 17476,
    "index": 49
  },
  {
    "name": "Require(40) node_modules/_egg-watcher@3.1.1@egg-watcher/app.js",
    "start": 1611388094020,
    "end": 1611388094025,
    "duration": 5,
    "pid": 17476,
    "index": 50
  },
  {
    "name": "Require(41) node_modules/_egg-schedule@3.6.6@egg-schedule/app.js",
    "start": 1611388094025,
    "end": 1611388094027,
    "duration": 2,
    "pid": 17476,
    "index": 51
  },
  {
    "name": "Require(42) node_modules/_egg-multipart@2.10.3@egg-multipart/app.js",
    "start": 1611388094027,
    "end": 1611388094028,
    "duration": 1,
    "pid": 17476,
    "index": 52
  },
  {
    "name": "Require(43) node_modules/_egg-development@2.7.0@egg-development/app.js",
    "start": 1611388094028,
    "end": 1611388094028,
    "duration": 0,
    "pid": 17476,
    "index": 53
  },
  {
    "name": "Require(44) node_modules/_egg-logrotator@3.1.0@egg-logrotator/app.js",
    "start": 1611388094028,
    "end": 1611388094029,
    "duration": 1,
    "pid": 17476,
    "index": 54
  },
  {
    "name": "Require(45) node_modules/_egg-static@2.2.0@egg-static/app.js",
    "start": 1611388094029,
    "end": 1611388094029,
    "duration": 0,
    "pid": 17476,
    "index": 55
  },
  {
    "name": "Require(46) node_modules/_egg-view-ejs@2.0.1@egg-view-ejs/app.js",
    "start": 1611388094030,
    "end": 1611388094030,
    "duration": 0,
    "pid": 17476,
    "index": 56
  },
  {
    "name": "Before Start in node_modules/_egg-watcher@3.1.1@egg-watcher/lib/init.js:15:14",
    "start": 1611388094039,
    "end": 1611388094267,
    "duration": 228,
    "pid": 17476,
    "index": 57
  },
  {
    "name": "Load Service",
    "start": 1611388094072,
    "end": 1611388094080,
    "duration": 8,
    "pid": 17476,
    "index": 58
  },
  {
    "name": "Load \"service\" to Context",
    "start": 1611388094072,
    "end": 1611388094080,
    "duration": 8,
    "pid": 17476,
    "index": 59
  },
  {
    "name": "Load Middleware",
    "start": 1611388094080,
    "end": 1611388094231,
    "duration": 151,
    "pid": 17476,
    "index": 60
  },
  {
    "name": "Load \"middlewares\" to Application",
    "start": 1611388094080,
    "end": 1611388094214,
    "duration": 134,
    "pid": 17476,
    "index": 61
  },
  {
    "name": "Load Controller",
    "start": 1611388094231,
    "end": 1611388094250,
    "duration": 19,
    "pid": 17476,
    "index": 62
  },
  {
    "name": "Load \"controller\" to Application",
    "start": 1611388094231,
    "end": 1611388094250,
    "duration": 19,
    "pid": 17476,
    "index": 63
  },
  {
    "name": "Load Router",
    "start": 1611388094250,
    "end": 1611388094253,
    "duration": 3,
    "pid": 17476,
    "index": 64
  },
  {
    "name": "Require(47) app/router.js",
    "start": 1611388094251,
    "end": 1611388094251,
    "duration": 0,
    "pid": 17476,
    "index": 65
  },
  {
    "name": "Before Start in node_modules/_egg-core@4.20.0@egg-core/lib/egg.js:303:10",
    "start": 1611388094252,
    "end": 1611388094260,
    "duration": 8,
    "pid": 17476,
    "index": 66
  }
]