[
  {
    "name": "Process Start",
    "start": 1611388140202,
    "end": 1611388141390,
    "duration": 1188,
    "pid": 11824,
    "index": 0
  },
  {
    "name": "Application Start",
    "start": 1611388141391,
    "end": 1611388141872,
    "duration": 481,
    "pid": 11824,
    "index": 1
  },
  {
    "name": "Load Plugin",
    "start": 1611388141396,
    "end": 1611388141420,
    "duration": 24,
    "pid": 11824,
    "index": 2
  },
  {
    "name": "Load Config",
    "start": 1611388141421,
    "end": 1611388141445,
    "duration": 24,
    "pid": 11824,
    "index": 3
  },
  {
    "name": "Require(0) config/config.default.js",
    "start": 1611388141422,
    "end": 1611388141422,
    "duration": 0,
    "pid": 11824,
    "index": 4
  },
  {
    "name": "Require(1) node_modules/_egg-session@3.2.0@egg-session/config/config.default.js",
    "start": 1611388141424,
    "end": 1611388141425,
    "duration": 1,
    "pid": 11824,
    "index": 5
  },
  {
    "name": "Require(2) node_modules/_egg-security@2.8.0@egg-security/config/config.default.js",
    "start": 1611388141426,
    "end": 1611388141426,
    "duration": 0,
    "pid": 11824,
    "index": 6
  },
  {
    "name": "Require(3) node_modules/_egg-jsonp@2.0.0@egg-jsonp/config/config.default.js",
    "start": 1611388141427,
    "end": 1611388141428,
    "duration": 1,
    "pid": 11824,
    "index": 7
  },
  {
    "name": "Require(4) node_modules/_egg-onerror@2.1.0@egg-onerror/config/config.default.js",
    "start": 1611388141428,
    "end": 1611388141429,
    "duration": 1,
    "pid": 11824,
    "index": 8
  },
  {
    "name": "Require(5) node_modules/_egg-i18n@2.1.1@egg-i18n/config/config.default.js",
    "start": 1611388141429,
    "end": 1611388141430,
    "duration": 1,
    "pid": 11824,
    "index": 9
  },
  {
    "name": "Require(6) node_modules/_egg-watcher@3.1.1@egg-watcher/config/config.default.js",
    "start": 1611388141430,
    "end": 1611388141431,
    "duration": 1,
    "pid": 11824,
    "index": 10
  },
  {
    "name": "Require(7) node_modules/_egg-schedule@3.6.6@egg-schedule/config/config.default.js",
    "start": 1611388141431,
    "end": 1611388141432,
    "duration": 1,
    "pid": 11824,
    "index": 11
  },
  {
    "name": "Require(8) node_modules/_egg-multipart@2.10.3@egg-multipart/config/config.default.js",
    "start": 1611388141432,
    "end": 1611388141432,
    "duration": 0,
    "pid": 11824,
    "index": 12
  },
  {
    "name": "Require(9) node_modules/_egg-development@2.7.0@egg-development/config/config.default.js",
    "start": 1611388141433,
    "end": 1611388141433,
    "duration": 0,
    "pid": 11824,
    "index": 13
  },
  {
    "name": "Require(10) node_modules/_egg-logrotator@3.1.0@egg-logrotator/config/config.default.js",
    "start": 1611388141434,
    "end": 1611388141434,
    "duration": 0,
    "pid": 11824,
    "index": 14
  },
  {
    "name": "Require(11) node_modules/_egg-static@2.2.0@egg-static/config/config.default.js",
    "start": 1611388141435,
    "end": 1611388141435,
    "duration": 0,
    "pid": 11824,
    "index": 15
  },
  {
    "name": "Require(12) node_modules/_egg-view@2.1.3@egg-view/config/config.default.js",
    "start": 1611388141436,
    "end": 1611388141436,
    "duration": 0,
    "pid": 11824,
    "index": 16
  },
  {
    "name": "Require(13) node_modules/_egg-view-ejs@2.0.1@egg-view-ejs/config/config.default.js",
    "start": 1611388141437,
    "end": 1611388141437,
    "duration": 0,
    "pid": 11824,
    "index": 17
  },
  {
    "name": "Require(14) node_modules/_egg@2.29.1@egg/config/config.default.js",
    "start": 1611388141438,
    "end": 1611388141439,
    "duration": 1,
    "pid": 11824,
    "index": 18
  },
  {
    "name": "Require(15) config/config.default.js",
    "start": 1611388141440,
    "end": 1611388141440,
    "duration": 0,
    "pid": 11824,
    "index": 19
  },
  {
    "name": "Require(16) node_modules/_egg-security@2.8.0@egg-security/config/config.local.js",
    "start": 1611388141441,
    "end": 1611388141441,
    "duration": 0,
    "pid": 11824,
    "index": 20
  },
  {
    "name": "Require(17) node_modules/_egg-watcher@3.1.1@egg-watcher/config/config.local.js",
    "start": 1611388141442,
    "end": 1611388141442,
    "duration": 0,
    "pid": 11824,
    "index": 21
  },
  {
    "name": "Require(18) node_modules/_egg-view@2.1.3@egg-view/config/config.local.js",
    "start": 1611388141443,
    "end": 1611388141444,
    "duration": 1,
    "pid": 11824,
    "index": 22
  },
  {
    "name": "Require(19) node_modules/_egg-view-ejs@2.0.1@egg-view-ejs/config/config.local.js",
    "start": 1611388141444,
    "end": 1611388141444,
    "duration": 0,
    "pid": 11824,
    "index": 23
  },
  {
    "name": "Require(20) node_modules/_egg@2.29.1@egg/config/config.local.js",
    "start": 1611388141445,
    "end": 1611388141445,
    "duration": 0,
    "pid": 11824,
    "index": 24
  },
  {
    "name": "Load extend/application.js",
    "start": 1611388141446,
    "end": 1611388141462,
    "duration": 16,
    "pid": 11824,
    "index": 25
  },
  {
    "name": "Require(21) node_modules/_egg-session@3.2.0@egg-session/app/extend/application.js",
    "start": 1611388141446,
    "end": 1611388141447,
    "duration": 1,
    "pid": 11824,
    "index": 26
  },
  {
    "name": "Require(22) node_modules/_egg-security@2.8.0@egg-security/app/extend/application.js",
    "start": 1611388141447,
    "end": 1611388141449,
    "duration": 2,
    "pid": 11824,
    "index": 27
  },
  {
    "name": "Require(23) node_modules/_egg-jsonp@2.0.0@egg-jsonp/app/extend/application.js",
    "start": 1611388141449,
    "end": 1611388141451,
    "duration": 2,
    "pid": 11824,
    "index": 28
  },
  {
    "name": "Require(24) node_modules/_egg-logrotator@3.1.0@egg-logrotator/app/extend/application.js",
    "start": 1611388141453,
    "end": 1611388141456,
    "duration": 3,
    "pid": 11824,
    "index": 29
  },
  {
    "name": "Require(25) node_modules/_egg-view@2.1.3@egg-view/app/extend/application.js",
    "start": 1611388141456,
    "end": 1611388141459,
    "duration": 3,
    "pid": 11824,
    "index": 30
  },
  {
    "name": "Load extend/request.js",
    "start": 1611388141462,
    "end": 1611388141469,
    "duration": 7,
    "pid": 11824,
    "index": 31
  },
  {
    "name": "Require(26) node_modules/_egg@2.29.1@egg/app/extend/request.js",
    "start": 1611388141465,
    "end": 1611388141466,
    "duration": 1,
    "pid": 11824,
    "index": 32
  },
  {
    "name": "Load extend/response.js",
    "start": 1611388141469,
    "end": 1611388141480,
    "duration": 11,
    "pid": 11824,
    "index": 33
  },
  {
    "name": "Require(27) node_modules/_egg@2.29.1@egg/app/extend/response.js",
    "start": 1611388141475,
    "end": 1611388141477,
    "duration": 2,
    "pid": 11824,
    "index": 34
  },
  {
    "name": "Load extend/context.js",
    "start": 1611388141480,
    "end": 1611388141560,
    "duration": 80,
    "pid": 11824,
    "index": 35
  },
  {
    "name": "Require(28) node_modules/_egg-security@2.8.0@egg-security/app/extend/context.js",
    "start": 1611388141481,
    "end": 1611388141496,
    "duration": 15,
    "pid": 11824,
    "index": 36
  },
  {
    "name": "Require(29) node_modules/_egg-jsonp@2.0.0@egg-jsonp/app/extend/context.js",
    "start": 1611388141496,
    "end": 1611388141498,
    "duration": 2,
    "pid": 11824,
    "index": 37
  },
  {
    "name": "Require(30) node_modules/_egg-i18n@2.1.1@egg-i18n/app/extend/context.js",
    "start": 1611388141499,
    "end": 1611388141499,
    "duration": 0,
    "pid": 11824,
    "index": 38
  },
  {
    "name": "Require(31) node_modules/_egg-multipart@2.10.3@egg-multipart/app/extend/context.js",
    "start": 1611388141500,
    "end": 1611388141551,
    "duration": 51,
    "pid": 11824,
    "index": 39
  },
  {
    "name": "Require(32) node_modules/_egg-view@2.1.3@egg-view/app/extend/context.js",
    "start": 1611388141553,
    "end": 1611388141554,
    "duration": 1,
    "pid": 11824,
    "index": 40
  },
  {
    "name": "Require(33) node_modules/_egg@2.29.1@egg/app/extend/context.js",
    "start": 1611388141555,
    "end": 1611388141557,
    "duration": 2,
    "pid": 11824,
    "index": 41
  },
  {
    "name": "Load extend/helper.js",
    "start": 1611388141560,
    "end": 1611388141588,
    "duration": 28,
    "pid": 11824,
    "index": 42
  },
  {
    "name": "Require(34) node_modules/_egg-security@2.8.0@egg-security/app/extend/helper.js",
    "start": 1611388141560,
    "end": 1611388141581,
    "duration": 21,
    "pid": 11824,
    "index": 43
  },
  {
    "name": "Require(35) node_modules/_egg@2.29.1@egg/app/extend/helper.js",
    "start": 1611388141584,
    "end": 1611388141584,
    "duration": 0,
    "pid": 11824,
    "index": 44
  },
  {
    "name": "Load app.js",
    "start": 1611388141588,
    "end": 1611388141631,
    "duration": 43,
    "pid": 11824,
    "index": 45
  },
  {
    "name": "Require(36) node_modules/_egg-session@3.2.0@egg-session/app.js",
    "start": 1611388141589,
    "end": 1611388141589,
    "duration": 0,
    "pid": 11824,
    "index": 46
  },
  {
    "name": "Require(37) node_modules/_egg-security@2.8.0@egg-security/app.js",
    "start": 1611388141590,
    "end": 1611388141592,
    "duration": 2,
    "pid": 11824,
    "index": 47
  },
  {
    "name": "Require(38) node_modules/_egg-onerror@2.1.0@egg-onerror/app.js",
    "start": 1611388141593,
    "end": 1611388141607,
    "duration": 14,
    "pid": 11824,
    "index": 48
  },
  {
    "name": "Require(39) node_modules/_egg-i18n@2.1.1@egg-i18n/app.js",
    "start": 1611388141607,
    "end": 1611388141617,
    "duration": 10,
    "pid": 11824,
    "index": 49
  },
  {
    "name": "Require(40) node_modules/_egg-watcher@3.1.1@egg-watcher/app.js",
    "start": 1611388141617,
    "end": 1611388141622,
    "duration": 5,
    "pid": 11824,
    "index": 50
  },
  {
    "name": "Require(41) node_modules/_egg-schedule@3.6.6@egg-schedule/app.js",
    "start": 1611388141623,
    "end": 1611388141625,
    "duration": 2,
    "pid": 11824,
    "index": 51
  },
  {
    "name": "Require(42) node_modules/_egg-multipart@2.10.3@egg-multipart/app.js",
    "start": 1611388141626,
    "end": 1611388141627,
    "duration": 1,
    "pid": 11824,
    "index": 52
  },
  {
    "name": "Require(43) node_modules/_egg-development@2.7.0@egg-development/app.js",
    "start": 1611388141627,
    "end": 1611388141628,
    "duration": 1,
    "pid": 11824,
    "index": 53
  },
  {
    "name": "Require(44) node_modules/_egg-logrotator@3.1.0@egg-logrotator/app.js",
    "start": 1611388141628,
    "end": 1611388141628,
    "duration": 0,
    "pid": 11824,
    "index": 54
  },
  {
    "name": "Require(45) node_modules/_egg-static@2.2.0@egg-static/app.js",
    "start": 1611388141629,
    "end": 1611388141629,
    "duration": 0,
    "pid": 11824,
    "index": 55
  },
  {
    "name": "Require(46) node_modules/_egg-view-ejs@2.0.1@egg-view-ejs/app.js",
    "start": 1611388141630,
    "end": 1611388141630,
    "duration": 0,
    "pid": 11824,
    "index": 56
  },
  {
    "name": "Before Start in node_modules/_egg-watcher@3.1.1@egg-watcher/lib/init.js:15:14",
    "start": 1611388141641,
    "end": 1611388141872,
    "duration": 231,
    "pid": 11824,
    "index": 57
  },
  {
    "name": "Load Service",
    "start": 1611388141682,
    "end": 1611388141687,
    "duration": 5,
    "pid": 11824,
    "index": 58
  },
  {
    "name": "Load \"service\" to Context",
    "start": 1611388141682,
    "end": 1611388141687,
    "duration": 5,
    "pid": 11824,
    "index": 59
  },
  {
    "name": "Load Middleware",
    "start": 1611388141687,
    "end": 1611388141845,
    "duration": 158,
    "pid": 11824,
    "index": 60
  },
  {
    "name": "Load \"middlewares\" to Application",
    "start": 1611388141687,
    "end": 1611388141827,
    "duration": 140,
    "pid": 11824,
    "index": 61
  },
  {
    "name": "Load Controller",
    "start": 1611388141845,
    "end": 1611388141853,
    "duration": 8,
    "pid": 11824,
    "index": 62
  },
  {
    "name": "Load \"controller\" to Application",
    "start": 1611388141845,
    "end": 1611388141853,
    "duration": 8,
    "pid": 11824,
    "index": 63
  },
  {
    "name": "Load Router",
    "start": 1611388141853,
    "end": 1611388141856,
    "duration": 3,
    "pid": 11824,
    "index": 64
  },
  {
    "name": "Require(47) app/router.js",
    "start": 1611388141853,
    "end": 1611388141854,
    "duration": 1,
    "pid": 11824,
    "index": 65
  },
  {
    "name": "Before Start in node_modules/_egg-core@4.20.0@egg-core/lib/egg.js:303:10",
    "start": 1611388141854,
    "end": 1611388141863,
    "duration": 9,
    "pid": 11824,
    "index": 66
  }
]