[
  {
    "name": "Process Start",
    "start": 1611388111753,
    "end": 1611388112925,
    "duration": 1172,
    "pid": 12520,
    "index": 0
  },
  {
    "name": "Application Start",
    "start": 1611388112927,
    "end": 1611388113436,
    "duration": 509,
    "pid": 12520,
    "index": 1
  },
  {
    "name": "Load Plugin",
    "start": 1611388112931,
    "end": 1611388112950,
    "duration": 19,
    "pid": 12520,
    "index": 2
  },
  {
    "name": "Load Config",
    "start": 1611388112950,
    "end": 1611388112989,
    "duration": 39,
    "pid": 12520,
    "index": 3
  },
  {
    "name": "Require(0) config/config.default.js",
    "start": 1611388112951,
    "end": 1611388112951,
    "duration": 0,
    "pid": 12520,
    "index": 4
  },
  {
    "name": "Require(1) node_modules/_egg-session@3.2.0@egg-session/config/config.default.js",
    "start": 1611388112952,
    "end": 1611388112953,
    "duration": 1,
    "pid": 12520,
    "index": 5
  },
  {
    "name": "Require(2) node_modules/_egg-security@2.8.0@egg-security/config/config.default.js",
    "start": 1611388112953,
    "end": 1611388112954,
    "duration": 1,
    "pid": 12520,
    "index": 6
  },
  {
    "name": "Require(3) node_modules/_egg-jsonp@2.0.0@egg-jsonp/config/config.default.js",
    "start": 1611388112955,
    "end": 1611388112955,
    "duration": 0,
    "pid": 12520,
    "index": 7
  },
  {
    "name": "Require(4) node_modules/_egg-onerror@2.1.0@egg-onerror/config/config.default.js",
    "start": 1611388112955,
    "end": 1611388112956,
    "duration": 1,
    "pid": 12520,
    "index": 8
  },
  {
    "name": "Require(5) node_modules/_egg-i18n@2.1.1@egg-i18n/config/config.default.js",
    "start": 1611388112956,
    "end": 1611388112957,
    "duration": 1,
    "pid": 12520,
    "index": 9
  },
  {
    "name": "Require(6) node_modules/_egg-watcher@3.1.1@egg-watcher/config/config.default.js",
    "start": 1611388112957,
    "end": 1611388112958,
    "duration": 1,
    "pid": 12520,
    "index": 10
  },
  {
    "name": "Require(7) node_modules/_egg-schedule@3.6.6@egg-schedule/config/config.default.js",
    "start": 1611388112958,
    "end": 1611388112959,
    "duration": 1,
    "pid": 12520,
    "index": 11
  },
  {
    "name": "Require(8) node_modules/_egg-multipart@2.10.3@egg-multipart/config/config.default.js",
    "start": 1611388112959,
    "end": 1611388112960,
    "duration": 1,
    "pid": 12520,
    "index": 12
  },
  {
    "name": "Require(9) node_modules/_egg-development@2.7.0@egg-development/config/config.default.js",
    "start": 1611388112962,
    "end": 1611388112963,
    "duration": 1,
    "pid": 12520,
    "index": 13
  },
  {
    "name": "Require(10) node_modules/_egg-logrotator@3.1.0@egg-logrotator/config/config.default.js",
    "start": 1611388112964,
    "end": 1611388112965,
    "duration": 1,
    "pid": 12520,
    "index": 14
  },
  {
    "name": "Require(11) node_modules/_egg-static@2.2.0@egg-static/config/config.default.js",
    "start": 1611388112966,
    "end": 1611388112967,
    "duration": 1,
    "pid": 12520,
    "index": 15
  },
  {
    "name": "Require(12) node_modules/_egg-view@2.1.3@egg-view/config/config.default.js",
    "start": 1611388112968,
    "end": 1611388112969,
    "duration": 1,
    "pid": 12520,
    "index": 16
  },
  {
    "name": "Require(13) node_modules/_egg-view-ejs@2.0.1@egg-view-ejs/config/config.default.js",
    "start": 1611388112971,
    "end": 1611388112972,
    "duration": 1,
    "pid": 12520,
    "index": 17
  },
  {
    "name": "Require(14) node_modules/_egg@2.29.1@egg/config/config.default.js",
    "start": 1611388112973,
    "end": 1611388112974,
    "duration": 1,
    "pid": 12520,
    "index": 18
  },
  {
    "name": "Require(15) config/config.default.js",
    "start": 1611388112976,
    "end": 1611388112977,
    "duration": 1,
    "pid": 12520,
    "index": 19
  },
  {
    "name": "Require(16) node_modules/_egg-security@2.8.0@egg-security/config/config.local.js",
    "start": 1611388112978,
    "end": 1611388112979,
    "duration": 1,
    "pid": 12520,
    "index": 20
  },
  {
    "name": "Require(17) node_modules/_egg-watcher@3.1.1@egg-watcher/config/config.local.js",
    "start": 1611388112981,
    "end": 1611388112982,
    "duration": 1,
    "pid": 12520,
    "index": 21
  },
  {
    "name": "Require(18) node_modules/_egg-view@2.1.3@egg-view/config/config.local.js",
    "start": 1611388112985,
    "end": 1611388112986,
    "duration": 1,
    "pid": 12520,
    "index": 22
  },
  {
    "name": "Require(19) node_modules/_egg-view-ejs@2.0.1@egg-view-ejs/config/config.local.js",
    "start": 1611388112987,
    "end": 1611388112987,
    "duration": 0,
    "pid": 12520,
    "index": 23
  },
  {
    "name": "Require(20) node_modules/_egg@2.29.1@egg/config/config.local.js",
    "start": 1611388112988,
    "end": 1611388112989,
    "duration": 1,
    "pid": 12520,
    "index": 24
  },
  {
    "name": "Load extend/application.js",
    "start": 1611388112991,
    "end": 1611388113012,
    "duration": 21,
    "pid": 12520,
    "index": 25
  },
  {
    "name": "Require(21) node_modules/_egg-session@3.2.0@egg-session/app/extend/application.js",
    "start": 1611388112993,
    "end": 1611388112994,
    "duration": 1,
    "pid": 12520,
    "index": 26
  },
  {
    "name": "Require(22) node_modules/_egg-security@2.8.0@egg-security/app/extend/application.js",
    "start": 1611388112994,
    "end": 1611388112997,
    "duration": 3,
    "pid": 12520,
    "index": 27
  },
  {
    "name": "Require(23) node_modules/_egg-jsonp@2.0.0@egg-jsonp/app/extend/application.js",
    "start": 1611388112997,
    "end": 1611388113000,
    "duration": 3,
    "pid": 12520,
    "index": 28
  },
  {
    "name": "Require(24) node_modules/_egg-logrotator@3.1.0@egg-logrotator/app/extend/application.js",
    "start": 1611388113003,
    "end": 1611388113006,
    "duration": 3,
    "pid": 12520,
    "index": 29
  },
  {
    "name": "Require(25) node_modules/_egg-view@2.1.3@egg-view/app/extend/application.js",
    "start": 1611388113007,
    "end": 1611388113009,
    "duration": 2,
    "pid": 12520,
    "index": 30
  },
  {
    "name": "Load extend/request.js",
    "start": 1611388113012,
    "end": 1611388113019,
    "duration": 7,
    "pid": 12520,
    "index": 31
  },
  {
    "name": "Require(26) node_modules/_egg@2.29.1@egg/app/extend/request.js",
    "start": 1611388113015,
    "end": 1611388113017,
    "duration": 2,
    "pid": 12520,
    "index": 32
  },
  {
    "name": "Load extend/response.js",
    "start": 1611388113020,
    "end": 1611388113030,
    "duration": 10,
    "pid": 12520,
    "index": 33
  },
  {
    "name": "Require(27) node_modules/_egg@2.29.1@egg/app/extend/response.js",
    "start": 1611388113024,
    "end": 1611388113027,
    "duration": 3,
    "pid": 12520,
    "index": 34
  },
  {
    "name": "Load extend/context.js",
    "start": 1611388113030,
    "end": 1611388113115,
    "duration": 85,
    "pid": 12520,
    "index": 35
  },
  {
    "name": "Require(28) node_modules/_egg-security@2.8.0@egg-security/app/extend/context.js",
    "start": 1611388113030,
    "end": 1611388113046,
    "duration": 16,
    "pid": 12520,
    "index": 36
  },
  {
    "name": "Require(29) node_modules/_egg-jsonp@2.0.0@egg-jsonp/app/extend/context.js",
    "start": 1611388113046,
    "end": 1611388113048,
    "duration": 2,
    "pid": 12520,
    "index": 37
  },
  {
    "name": "Require(30) node_modules/_egg-i18n@2.1.1@egg-i18n/app/extend/context.js",
    "start": 1611388113048,
    "end": 1611388113049,
    "duration": 1,
    "pid": 12520,
    "index": 38
  },
  {
    "name": "Require(31) node_modules/_egg-multipart@2.10.3@egg-multipart/app/extend/context.js",
    "start": 1611388113050,
    "end": 1611388113107,
    "duration": 57,
    "pid": 12520,
    "index": 39
  },
  {
    "name": "Require(32) node_modules/_egg-view@2.1.3@egg-view/app/extend/context.js",
    "start": 1611388113108,
    "end": 1611388113109,
    "duration": 1,
    "pid": 12520,
    "index": 40
  },
  {
    "name": "Require(33) node_modules/_egg@2.29.1@egg/app/extend/context.js",
    "start": 1611388113110,
    "end": 1611388113111,
    "duration": 1,
    "pid": 12520,
    "index": 41
  },
  {
    "name": "Load extend/helper.js",
    "start": 1611388113115,
    "end": 1611388113138,
    "duration": 23,
    "pid": 12520,
    "index": 42
  },
  {
    "name": "Require(34) node_modules/_egg-security@2.8.0@egg-security/app/extend/helper.js",
    "start": 1611388113115,
    "end": 1611388113132,
    "duration": 17,
    "pid": 12520,
    "index": 43
  },
  {
    "name": "Require(35) node_modules/_egg@2.29.1@egg/app/extend/helper.js",
    "start": 1611388113135,
    "end": 1611388113135,
    "duration": 0,
    "pid": 12520,
    "index": 44
  },
  {
    "name": "Load app.js",
    "start": 1611388113138,
    "end": 1611388113174,
    "duration": 36,
    "pid": 12520,
    "index": 45
  },
  {
    "name": "Require(36) node_modules/_egg-session@3.2.0@egg-session/app.js",
    "start": 1611388113139,
    "end": 1611388113139,
    "duration": 0,
    "pid": 12520,
    "index": 46
  },
  {
    "name": "Require(37) node_modules/_egg-security@2.8.0@egg-security/app.js",
    "start": 1611388113140,
    "end": 1611388113142,
    "duration": 2,
    "pid": 12520,
    "index": 47
  },
  {
    "name": "Require(38) node_modules/_egg-onerror@2.1.0@egg-onerror/app.js",
    "start": 1611388113142,
    "end": 1611388113154,
    "duration": 12,
    "pid": 12520,
    "index": 48
  },
  {
    "name": "Require(39) node_modules/_egg-i18n@2.1.1@egg-i18n/app.js",
    "start": 1611388113154,
    "end": 1611388113163,
    "duration": 9,
    "pid": 12520,
    "index": 49
  },
  {
    "name": "Require(40) node_modules/_egg-watcher@3.1.1@egg-watcher/app.js",
    "start": 1611388113164,
    "end": 1611388113168,
    "duration": 4,
    "pid": 12520,
    "index": 50
  },
  {
    "name": "Require(41) node_modules/_egg-schedule@3.6.6@egg-schedule/app.js",
    "start": 1611388113169,
    "end": 1611388113171,
    "duration": 2,
    "pid": 12520,
    "index": 51
  },
  {
    "name": "Require(42) node_modules/_egg-multipart@2.10.3@egg-multipart/app.js",
    "start": 1611388113171,
    "end": 1611388113171,
    "duration": 0,
    "pid": 12520,
    "index": 52
  },
  {
    "name": "Require(43) node_modules/_egg-development@2.7.0@egg-development/app.js",
    "start": 1611388113172,
    "end": 1611388113172,
    "duration": 0,
    "pid": 12520,
    "index": 53
  },
  {
    "name": "Require(44) node_modules/_egg-logrotator@3.1.0@egg-logrotator/app.js",
    "start": 1611388113172,
    "end": 1611388113172,
    "duration": 0,
    "pid": 12520,
    "index": 54
  },
  {
    "name": "Require(45) node_modules/_egg-static@2.2.0@egg-static/app.js",
    "start": 1611388113173,
    "end": 1611388113173,
    "duration": 0,
    "pid": 12520,
    "index": 55
  },
  {
    "name": "Require(46) node_modules/_egg-view-ejs@2.0.1@egg-view-ejs/app.js",
    "start": 1611388113173,
    "end": 1611388113174,
    "duration": 1,
    "pid": 12520,
    "index": 56
  },
  {
    "name": "Before Start in node_modules/_egg-watcher@3.1.1@egg-watcher/lib/init.js:15:14",
    "start": 1611388113182,
    "end": 1611388113435,
    "duration": 253,
    "pid": 12520,
    "index": 57
  },
  {
    "name": "Load Service",
    "start": 1611388113216,
    "end": 1611388113220,
    "duration": 4,
    "pid": 12520,
    "index": 58
  },
  {
    "name": "Load \"service\" to Context",
    "start": 1611388113216,
    "end": 1611388113220,
    "duration": 4,
    "pid": 12520,
    "index": 59
  },
  {
    "name": "Load Middleware",
    "start": 1611388113220,
    "end": 1611388113412,
    "duration": 192,
    "pid": 12520,
    "index": 60
  },
  {
    "name": "Load \"middlewares\" to Application",
    "start": 1611388113221,
    "end": 1611388113394,
    "duration": 173,
    "pid": 12520,
    "index": 61
  },
  {
    "name": "Load Controller",
    "start": 1611388113412,
    "end": 1611388113420,
    "duration": 8,
    "pid": 12520,
    "index": 62
  },
  {
    "name": "Load \"controller\" to Application",
    "start": 1611388113412,
    "end": 1611388113420,
    "duration": 8,
    "pid": 12520,
    "index": 63
  },
  {
    "name": "Load Router",
    "start": 1611388113420,
    "end": 1611388113422,
    "duration": 2,
    "pid": 12520,
    "index": 64
  },
  {
    "name": "Require(47) app/router.js",
    "start": 1611388113420,
    "end": 1611388113420,
    "duration": 0,
    "pid": 12520,
    "index": 65
  },
  {
    "name": "Before Start in node_modules/_egg-core@4.20.0@egg-core/lib/egg.js:303:10",
    "start": 1611388113420,
    "end": 1611388113428,
    "duration": 8,
    "pid": 12520,
    "index": 66
  }
]