[
  {
    "name": "Process Start",
    "start": 1611388081719,
    "end": 1611388083070,
    "duration": 1351,
    "pid": 11792,
    "index": 0
  },
  {
    "name": "Application Start",
    "start": 1611388083071,
    "end": 1611388083530,
    "duration": 459,
    "pid": 11792,
    "index": 1
  },
  {
    "name": "Load Plugin",
    "start": 1611388083075,
    "end": 1611388083095,
    "duration": 20,
    "pid": 11792,
    "index": 2
  },
  {
    "name": "Load Config",
    "start": 1611388083095,
    "end": 1611388083117,
    "duration": 22,
    "pid": 11792,
    "index": 3
  },
  {
    "name": "Require(0) config/config.default.js",
    "start": 1611388083096,
    "end": 1611388083096,
    "duration": 0,
    "pid": 11792,
    "index": 4
  },
  {
    "name": "Require(1) node_modules/_egg-session@3.2.0@egg-session/config/config.default.js",
    "start": 1611388083098,
    "end": 1611388083098,
    "duration": 0,
    "pid": 11792,
    "index": 5
  },
  {
    "name": "Require(2) node_modules/_egg-security@2.8.0@egg-security/config/config.default.js",
    "start": 1611388083099,
    "end": 1611388083099,
    "duration": 0,
    "pid": 11792,
    "index": 6
  },
  {
    "name": "Require(3) node_modules/_egg-jsonp@2.0.0@egg-jsonp/config/config.default.js",
    "start": 1611388083100,
    "end": 1611388083100,
    "duration": 0,
    "pid": 11792,
    "index": 7
  },
  {
    "name": "Require(4) node_modules/_egg-onerror@2.1.0@egg-onerror/config/config.default.js",
    "start": 1611388083101,
    "end": 1611388083101,
    "duration": 0,
    "pid": 11792,
    "index": 8
  },
  {
    "name": "Require(5) node_modules/_egg-i18n@2.1.1@egg-i18n/config/config.default.js",
    "start": 1611388083102,
    "end": 1611388083102,
    "duration": 0,
    "pid": 11792,
    "index": 9
  },
  {
    "name": "Require(6) node_modules/_egg-watcher@3.1.1@egg-watcher/config/config.default.js",
    "start": 1611388083103,
    "end": 1611388083103,
    "duration": 0,
    "pid": 11792,
    "index": 10
  },
  {
    "name": "Require(7) node_modules/_egg-schedule@3.6.6@egg-schedule/config/config.default.js",
    "start": 1611388083104,
    "end": 1611388083104,
    "duration": 0,
    "pid": 11792,
    "index": 11
  },
  {
    "name": "Require(8) node_modules/_egg-multipart@2.10.3@egg-multipart/config/config.default.js",
    "start": 1611388083105,
    "end": 1611388083105,
    "duration": 0,
    "pid": 11792,
    "index": 12
  },
  {
    "name": "Require(9) node_modules/_egg-development@2.7.0@egg-development/config/config.default.js",
    "start": 1611388083106,
    "end": 1611388083106,
    "duration": 0,
    "pid": 11792,
    "index": 13
  },
  {
    "name": "Require(10) node_modules/_egg-logrotator@3.1.0@egg-logrotator/config/config.default.js",
    "start": 1611388083107,
    "end": 1611388083107,
    "duration": 0,
    "pid": 11792,
    "index": 14
  },
  {
    "name": "Require(11) node_modules/_egg-static@2.2.0@egg-static/config/config.default.js",
    "start": 1611388083107,
    "end": 1611388083108,
    "duration": 1,
    "pid": 11792,
    "index": 15
  },
  {
    "name": "Require(12) node_modules/_egg-view@2.1.3@egg-view/config/config.default.js",
    "start": 1611388083108,
    "end": 1611388083109,
    "duration": 1,
    "pid": 11792,
    "index": 16
  },
  {
    "name": "Require(13) node_modules/_egg-view-ejs@2.0.1@egg-view-ejs/config/config.default.js",
    "start": 1611388083109,
    "end": 1611388083110,
    "duration": 1,
    "pid": 11792,
    "index": 17
  },
  {
    "name": "Require(14) node_modules/_egg@2.29.1@egg/config/config.default.js",
    "start": 1611388083110,
    "end": 1611388083111,
    "duration": 1,
    "pid": 11792,
    "index": 18
  },
  {
    "name": "Require(15) config/config.default.js",
    "start": 1611388083112,
    "end": 1611388083112,
    "duration": 0,
    "pid": 11792,
    "index": 19
  },
  {
    "name": "Require(16) node_modules/_egg-security@2.8.0@egg-security/config/config.local.js",
    "start": 1611388083113,
    "end": 1611388083113,
    "duration": 0,
    "pid": 11792,
    "index": 20
  },
  {
    "name": "Require(17) node_modules/_egg-watcher@3.1.1@egg-watcher/config/config.local.js",
    "start": 1611388083114,
    "end": 1611388083114,
    "duration": 0,
    "pid": 11792,
    "index": 21
  },
  {
    "name": "Require(18) node_modules/_egg-view@2.1.3@egg-view/config/config.local.js",
    "start": 1611388083116,
    "end": 1611388083116,
    "duration": 0,
    "pid": 11792,
    "index": 22
  },
  {
    "name": "Require(19) node_modules/_egg-view-ejs@2.0.1@egg-view-ejs/config/config.local.js",
    "start": 1611388083116,
    "end": 1611388083117,
    "duration": 1,
    "pid": 11792,
    "index": 23
  },
  {
    "name": "Require(20) node_modules/_egg@2.29.1@egg/config/config.local.js",
    "start": 1611388083117,
    "end": 1611388083117,
    "duration": 0,
    "pid": 11792,
    "index": 24
  },
  {
    "name": "Load extend/application.js",
    "start": 1611388083118,
    "end": 1611388083134,
    "duration": 16,
    "pid": 11792,
    "index": 25
  },
  {
    "name": "Require(21) node_modules/_egg-session@3.2.0@egg-session/app/extend/application.js",
    "start": 1611388083119,
    "end": 1611388083119,
    "duration": 0,
    "pid": 11792,
    "index": 26
  },
  {
    "name": "Require(22) node_modules/_egg-security@2.8.0@egg-security/app/extend/application.js",
    "start": 1611388083120,
    "end": 1611388083121,
    "duration": 1,
    "pid": 11792,
    "index": 27
  },
  {
    "name": "Require(23) node_modules/_egg-jsonp@2.0.0@egg-jsonp/app/extend/application.js",
    "start": 1611388083122,
    "end": 1611388083124,
    "duration": 2,
    "pid": 11792,
    "index": 28
  },
  {
    "name": "Require(24) node_modules/_egg-logrotator@3.1.0@egg-logrotator/app/extend/application.js",
    "start": 1611388083125,
    "end": 1611388083128,
    "duration": 3,
    "pid": 11792,
    "index": 29
  },
  {
    "name": "Require(25) node_modules/_egg-view@2.1.3@egg-view/app/extend/application.js",
    "start": 1611388083129,
    "end": 1611388083131,
    "duration": 2,
    "pid": 11792,
    "index": 30
  },
  {
    "name": "Load extend/request.js",
    "start": 1611388083134,
    "end": 1611388083144,
    "duration": 10,
    "pid": 11792,
    "index": 31
  },
  {
    "name": "Require(26) node_modules/_egg@2.29.1@egg/app/extend/request.js",
    "start": 1611388083137,
    "end": 1611388083138,
    "duration": 1,
    "pid": 11792,
    "index": 32
  },
  {
    "name": "Load extend/response.js",
    "start": 1611388083144,
    "end": 1611388083152,
    "duration": 8,
    "pid": 11792,
    "index": 33
  },
  {
    "name": "Require(27) node_modules/_egg@2.29.1@egg/app/extend/response.js",
    "start": 1611388083147,
    "end": 1611388083149,
    "duration": 2,
    "pid": 11792,
    "index": 34
  },
  {
    "name": "Load extend/context.js",
    "start": 1611388083152,
    "end": 1611388083224,
    "duration": 72,
    "pid": 11792,
    "index": 35
  },
  {
    "name": "Require(28) node_modules/_egg-security@2.8.0@egg-security/app/extend/context.js",
    "start": 1611388083153,
    "end": 1611388083167,
    "duration": 14,
    "pid": 11792,
    "index": 36
  },
  {
    "name": "Require(29) node_modules/_egg-jsonp@2.0.0@egg-jsonp/app/extend/context.js",
    "start": 1611388083167,
    "end": 1611388083169,
    "duration": 2,
    "pid": 11792,
    "index": 37
  },
  {
    "name": "Require(30) node_modules/_egg-i18n@2.1.1@egg-i18n/app/extend/context.js",
    "start": 1611388083169,
    "end": 1611388083170,
    "duration": 1,
    "pid": 11792,
    "index": 38
  },
  {
    "name": "Require(31) node_modules/_egg-multipart@2.10.3@egg-multipart/app/extend/context.js",
    "start": 1611388083170,
    "end": 1611388083218,
    "duration": 48,
    "pid": 11792,
    "index": 39
  },
  {
    "name": "Require(32) node_modules/_egg-view@2.1.3@egg-view/app/extend/context.js",
    "start": 1611388083219,
    "end": 1611388083219,
    "duration": 0,
    "pid": 11792,
    "index": 40
  },
  {
    "name": "Require(33) node_modules/_egg@2.29.1@egg/app/extend/context.js",
    "start": 1611388083220,
    "end": 1611388083221,
    "duration": 1,
    "pid": 11792,
    "index": 41
  },
  {
    "name": "Load extend/helper.js",
    "start": 1611388083224,
    "end": 1611388083246,
    "duration": 22,
    "pid": 11792,
    "index": 42
  },
  {
    "name": "Require(34) node_modules/_egg-security@2.8.0@egg-security/app/extend/helper.js",
    "start": 1611388083225,
    "end": 1611388083241,
    "duration": 16,
    "pid": 11792,
    "index": 43
  },
  {
    "name": "Require(35) node_modules/_egg@2.29.1@egg/app/extend/helper.js",
    "start": 1611388083243,
    "end": 1611388083244,
    "duration": 1,
    "pid": 11792,
    "index": 44
  },
  {
    "name": "Load app.js",
    "start": 1611388083247,
    "end": 1611388083280,
    "duration": 33,
    "pid": 11792,
    "index": 45
  },
  {
    "name": "Require(36) node_modules/_egg-session@3.2.0@egg-session/app.js",
    "start": 1611388083247,
    "end": 1611388083247,
    "duration": 0,
    "pid": 11792,
    "index": 46
  },
  {
    "name": "Require(37) node_modules/_egg-security@2.8.0@egg-security/app.js",
    "start": 1611388083248,
    "end": 1611388083249,
    "duration": 1,
    "pid": 11792,
    "index": 47
  },
  {
    "name": "Require(38) node_modules/_egg-onerror@2.1.0@egg-onerror/app.js",
    "start": 1611388083250,
    "end": 1611388083260,
    "duration": 10,
    "pid": 11792,
    "index": 48
  },
  {
    "name": "Require(39) node_modules/_egg-i18n@2.1.1@egg-i18n/app.js",
    "start": 1611388083260,
    "end": 1611388083268,
    "duration": 8,
    "pid": 11792,
    "index": 49
  },
  {
    "name": "Require(40) node_modules/_egg-watcher@3.1.1@egg-watcher/app.js",
    "start": 1611388083268,
    "end": 1611388083273,
    "duration": 5,
    "pid": 11792,
    "index": 50
  },
  {
    "name": "Require(41) node_modules/_egg-schedule@3.6.6@egg-schedule/app.js",
    "start": 1611388083273,
    "end": 1611388083275,
    "duration": 2,
    "pid": 11792,
    "index": 51
  },
  {
    "name": "Require(42) node_modules/_egg-multipart@2.10.3@egg-multipart/app.js",
    "start": 1611388083276,
    "end": 1611388083276,
    "duration": 0,
    "pid": 11792,
    "index": 52
  },
  {
    "name": "Require(43) node_modules/_egg-development@2.7.0@egg-development/app.js",
    "start": 1611388083277,
    "end": 1611388083277,
    "duration": 0,
    "pid": 11792,
    "index": 53
  },
  {
    "name": "Require(44) node_modules/_egg-logrotator@3.1.0@egg-logrotator/app.js",
    "start": 1611388083277,
    "end": 1611388083277,
    "duration": 0,
    "pid": 11792,
    "index": 54
  },
  {
    "name": "Require(45) node_modules/_egg-static@2.2.0@egg-static/app.js",
    "start": 1611388083278,
    "end": 1611388083278,
    "duration": 0,
    "pid": 11792,
    "index": 55
  },
  {
    "name": "Require(46) node_modules/_egg-view-ejs@2.0.1@egg-view-ejs/app.js",
    "start": 1611388083279,
    "end": 1611388083279,
    "duration": 0,
    "pid": 11792,
    "index": 56
  },
  {
    "name": "Before Start in node_modules/_egg-watcher@3.1.1@egg-watcher/lib/init.js:15:14",
    "start": 1611388083288,
    "end": 1611388083529,
    "duration": 241,
    "pid": 11792,
    "index": 57
  },
  {
    "name": "Load Service",
    "start": 1611388083320,
    "end": 1611388083325,
    "duration": 5,
    "pid": 11792,
    "index": 58
  },
  {
    "name": "Load \"service\" to Context",
    "start": 1611388083320,
    "end": 1611388083325,
    "duration": 5,
    "pid": 11792,
    "index": 59
  },
  {
    "name": "Load Middleware",
    "start": 1611388083325,
    "end": 1611388083496,
    "duration": 171,
    "pid": 11792,
    "index": 60
  },
  {
    "name": "Load \"middlewares\" to Application",
    "start": 1611388083326,
    "end": 1611388083476,
    "duration": 150,
    "pid": 11792,
    "index": 61
  },
  {
    "name": "Load Controller",
    "start": 1611388083496,
    "end": 1611388083506,
    "duration": 10,
    "pid": 11792,
    "index": 62
  },
  {
    "name": "Load \"controller\" to Application",
    "start": 1611388083497,
    "end": 1611388083506,
    "duration": 9,
    "pid": 11792,
    "index": 63
  },
  {
    "name": "Load Router",
    "start": 1611388083506,
    "end": 1611388083510,
    "duration": 4,
    "pid": 11792,
    "index": 64
  },
  {
    "name": "Require(47) app/router.js",
    "start": 1611388083507,
    "end": 1611388083507,
    "duration": 0,
    "pid": 11792,
    "index": 65
  },
  {
    "name": "Before Start in node_modules/_egg-core@4.20.0@egg-core/lib/egg.js:303:10",
    "start": 1611388083508,
    "end": 1611388083518,
    "duration": 10,
    "pid": 11792,
    "index": 66
  }
]