[
  {
    "name": "Process Start",
    "start": 1611388099458,
    "end": 1611388100594,
    "duration": 1136,
    "pid": 11968,
    "index": 0
  },
  {
    "name": "Application Start",
    "start": 1611388100595,
    "end": 1611388101066,
    "duration": 471,
    "pid": 11968,
    "index": 1
  },
  {
    "name": "Load Plugin",
    "start": 1611388100599,
    "end": 1611388100621,
    "duration": 22,
    "pid": 11968,
    "index": 2
  },
  {
    "name": "Load Config",
    "start": 1611388100621,
    "end": 1611388100645,
    "duration": 24,
    "pid": 11968,
    "index": 3
  },
  {
    "name": "Require(0) config/config.default.js",
    "start": 1611388100622,
    "end": 1611388100622,
    "duration": 0,
    "pid": 11968,
    "index": 4
  },
  {
    "name": "Require(1) node_modules/_egg-session@3.2.0@egg-session/config/config.default.js",
    "start": 1611388100623,
    "end": 1611388100624,
    "duration": 1,
    "pid": 11968,
    "index": 5
  },
  {
    "name": "Require(2) node_modules/_egg-security@2.8.0@egg-security/config/config.default.js",
    "start": 1611388100624,
    "end": 1611388100625,
    "duration": 1,
    "pid": 11968,
    "index": 6
  },
  {
    "name": "Require(3) node_modules/_egg-jsonp@2.0.0@egg-jsonp/config/config.default.js",
    "start": 1611388100626,
    "end": 1611388100626,
    "duration": 0,
    "pid": 11968,
    "index": 7
  },
  {
    "name": "Require(4) node_modules/_egg-onerror@2.1.0@egg-onerror/config/config.default.js",
    "start": 1611388100627,
    "end": 1611388100627,
    "duration": 0,
    "pid": 11968,
    "index": 8
  },
  {
    "name": "Require(5) node_modules/_egg-i18n@2.1.1@egg-i18n/config/config.default.js",
    "start": 1611388100628,
    "end": 1611388100628,
    "duration": 0,
    "pid": 11968,
    "index": 9
  },
  {
    "name": "Require(6) node_modules/_egg-watcher@3.1.1@egg-watcher/config/config.default.js",
    "start": 1611388100629,
    "end": 1611388100629,
    "duration": 0,
    "pid": 11968,
    "index": 10
  },
  {
    "name": "Require(7) node_modules/_egg-schedule@3.6.6@egg-schedule/config/config.default.js",
    "start": 1611388100630,
    "end": 1611388100630,
    "duration": 0,
    "pid": 11968,
    "index": 11
  },
  {
    "name": "Require(8) node_modules/_egg-multipart@2.10.3@egg-multipart/config/config.default.js",
    "start": 1611388100631,
    "end": 1611388100631,
    "duration": 0,
    "pid": 11968,
    "index": 12
  },
  {
    "name": "Require(9) node_modules/_egg-development@2.7.0@egg-development/config/config.default.js",
    "start": 1611388100632,
    "end": 1611388100633,
    "duration": 1,
    "pid": 11968,
    "index": 13
  },
  {
    "name": "Require(10) node_modules/_egg-logrotator@3.1.0@egg-logrotator/config/config.default.js",
    "start": 1611388100633,
    "end": 1611388100634,
    "duration": 1,
    "pid": 11968,
    "index": 14
  },
  {
    "name": "Require(11) node_modules/_egg-static@2.2.0@egg-static/config/config.default.js",
    "start": 1611388100634,
    "end": 1611388100634,
    "duration": 0,
    "pid": 11968,
    "index": 15
  },
  {
    "name": "Require(12) node_modules/_egg-view@2.1.3@egg-view/config/config.default.js",
    "start": 1611388100635,
    "end": 1611388100636,
    "duration": 1,
    "pid": 11968,
    "index": 16
  },
  {
    "name": "Require(13) node_modules/_egg-view-ejs@2.0.1@egg-view-ejs/config/config.default.js",
    "start": 1611388100636,
    "end": 1611388100637,
    "duration": 1,
    "pid": 11968,
    "index": 17
  },
  {
    "name": "Require(14) node_modules/_egg@2.29.1@egg/config/config.default.js",
    "start": 1611388100637,
    "end": 1611388100638,
    "duration": 1,
    "pid": 11968,
    "index": 18
  },
  {
    "name": "Require(15) config/config.default.js",
    "start": 1611388100639,
    "end": 1611388100639,
    "duration": 0,
    "pid": 11968,
    "index": 19
  },
  {
    "name": "Require(16) node_modules/_egg-security@2.8.0@egg-security/config/config.local.js",
    "start": 1611388100639,
    "end": 1611388100640,
    "duration": 1,
    "pid": 11968,
    "index": 20
  },
  {
    "name": "Require(17) node_modules/_egg-watcher@3.1.1@egg-watcher/config/config.local.js",
    "start": 1611388100641,
    "end": 1611388100641,
    "duration": 0,
    "pid": 11968,
    "index": 21
  },
  {
    "name": "Require(18) node_modules/_egg-view@2.1.3@egg-view/config/config.local.js",
    "start": 1611388100643,
    "end": 1611388100643,
    "duration": 0,
    "pid": 11968,
    "index": 22
  },
  {
    "name": "Require(19) node_modules/_egg-view-ejs@2.0.1@egg-view-ejs/config/config.local.js",
    "start": 1611388100643,
    "end": 1611388100644,
    "duration": 1,
    "pid": 11968,
    "index": 23
  },
  {
    "name": "Require(20) node_modules/_egg@2.29.1@egg/config/config.local.js",
    "start": 1611388100644,
    "end": 1611388100644,
    "duration": 0,
    "pid": 11968,
    "index": 24
  },
  {
    "name": "Load extend/application.js",
    "start": 1611388100646,
    "end": 1611388100660,
    "duration": 14,
    "pid": 11968,
    "index": 25
  },
  {
    "name": "Require(21) node_modules/_egg-session@3.2.0@egg-session/app/extend/application.js",
    "start": 1611388100646,
    "end": 1611388100647,
    "duration": 1,
    "pid": 11968,
    "index": 26
  },
  {
    "name": "Require(22) node_modules/_egg-security@2.8.0@egg-security/app/extend/application.js",
    "start": 1611388100647,
    "end": 1611388100648,
    "duration": 1,
    "pid": 11968,
    "index": 27
  },
  {
    "name": "Require(23) node_modules/_egg-jsonp@2.0.0@egg-jsonp/app/extend/application.js",
    "start": 1611388100649,
    "end": 1611388100651,
    "duration": 2,
    "pid": 11968,
    "index": 28
  },
  {
    "name": "Require(24) node_modules/_egg-logrotator@3.1.0@egg-logrotator/app/extend/application.js",
    "start": 1611388100652,
    "end": 1611388100655,
    "duration": 3,
    "pid": 11968,
    "index": 29
  },
  {
    "name": "Require(25) node_modules/_egg-view@2.1.3@egg-view/app/extend/application.js",
    "start": 1611388100656,
    "end": 1611388100657,
    "duration": 1,
    "pid": 11968,
    "index": 30
  },
  {
    "name": "Load extend/request.js",
    "start": 1611388100660,
    "end": 1611388100669,
    "duration": 9,
    "pid": 11968,
    "index": 31
  },
  {
    "name": "Require(26) node_modules/_egg@2.29.1@egg/app/extend/request.js",
    "start": 1611388100663,
    "end": 1611388100664,
    "duration": 1,
    "pid": 11968,
    "index": 32
  },
  {
    "name": "Load extend/response.js",
    "start": 1611388100669,
    "end": 1611388100677,
    "duration": 8,
    "pid": 11968,
    "index": 33
  },
  {
    "name": "Require(27) node_modules/_egg@2.29.1@egg/app/extend/response.js",
    "start": 1611388100671,
    "end": 1611388100674,
    "duration": 3,
    "pid": 11968,
    "index": 34
  },
  {
    "name": "Load extend/context.js",
    "start": 1611388100677,
    "end": 1611388100774,
    "duration": 97,
    "pid": 11968,
    "index": 35
  },
  {
    "name": "Require(28) node_modules/_egg-security@2.8.0@egg-security/app/extend/context.js",
    "start": 1611388100677,
    "end": 1611388100691,
    "duration": 14,
    "pid": 11968,
    "index": 36
  },
  {
    "name": "Require(29) node_modules/_egg-jsonp@2.0.0@egg-jsonp/app/extend/context.js",
    "start": 1611388100691,
    "end": 1611388100693,
    "duration": 2,
    "pid": 11968,
    "index": 37
  },
  {
    "name": "Require(30) node_modules/_egg-i18n@2.1.1@egg-i18n/app/extend/context.js",
    "start": 1611388100693,
    "end": 1611388100694,
    "duration": 1,
    "pid": 11968,
    "index": 38
  },
  {
    "name": "Require(31) node_modules/_egg-multipart@2.10.3@egg-multipart/app/extend/context.js",
    "start": 1611388100695,
    "end": 1611388100759,
    "duration": 64,
    "pid": 11968,
    "index": 39
  },
  {
    "name": "Require(32) node_modules/_egg-view@2.1.3@egg-view/app/extend/context.js",
    "start": 1611388100762,
    "end": 1611388100765,
    "duration": 3,
    "pid": 11968,
    "index": 40
  },
  {
    "name": "Require(33) node_modules/_egg@2.29.1@egg/app/extend/context.js",
    "start": 1611388100766,
    "end": 1611388100769,
    "duration": 3,
    "pid": 11968,
    "index": 41
  },
  {
    "name": "Load extend/helper.js",
    "start": 1611388100774,
    "end": 1611388100811,
    "duration": 37,
    "pid": 11968,
    "index": 42
  },
  {
    "name": "Require(34) node_modules/_egg-security@2.8.0@egg-security/app/extend/helper.js",
    "start": 1611388100776,
    "end": 1611388100803,
    "duration": 27,
    "pid": 11968,
    "index": 43
  },
  {
    "name": "Require(35) node_modules/_egg@2.29.1@egg/app/extend/helper.js",
    "start": 1611388100806,
    "end": 1611388100807,
    "duration": 1,
    "pid": 11968,
    "index": 44
  },
  {
    "name": "Load app.js",
    "start": 1611388100811,
    "end": 1611388100849,
    "duration": 38,
    "pid": 11968,
    "index": 45
  },
  {
    "name": "Require(36) node_modules/_egg-session@3.2.0@egg-session/app.js",
    "start": 1611388100812,
    "end": 1611388100812,
    "duration": 0,
    "pid": 11968,
    "index": 46
  },
  {
    "name": "Require(37) node_modules/_egg-security@2.8.0@egg-security/app.js",
    "start": 1611388100813,
    "end": 1611388100815,
    "duration": 2,
    "pid": 11968,
    "index": 47
  },
  {
    "name": "Require(38) node_modules/_egg-onerror@2.1.0@egg-onerror/app.js",
    "start": 1611388100816,
    "end": 1611388100828,
    "duration": 12,
    "pid": 11968,
    "index": 48
  },
  {
    "name": "Require(39) node_modules/_egg-i18n@2.1.1@egg-i18n/app.js",
    "start": 1611388100828,
    "end": 1611388100837,
    "duration": 9,
    "pid": 11968,
    "index": 49
  },
  {
    "name": "Require(40) node_modules/_egg-watcher@3.1.1@egg-watcher/app.js",
    "start": 1611388100837,
    "end": 1611388100841,
    "duration": 4,
    "pid": 11968,
    "index": 50
  },
  {
    "name": "Require(41) node_modules/_egg-schedule@3.6.6@egg-schedule/app.js",
    "start": 1611388100842,
    "end": 1611388100844,
    "duration": 2,
    "pid": 11968,
    "index": 51
  },
  {
    "name": "Require(42) node_modules/_egg-multipart@2.10.3@egg-multipart/app.js",
    "start": 1611388100844,
    "end": 1611388100845,
    "duration": 1,
    "pid": 11968,
    "index": 52
  },
  {
    "name": "Require(43) node_modules/_egg-development@2.7.0@egg-development/app.js",
    "start": 1611388100845,
    "end": 1611388100845,
    "duration": 0,
    "pid": 11968,
    "index": 53
  },
  {
    "name": "Require(44) node_modules/_egg-logrotator@3.1.0@egg-logrotator/app.js",
    "start": 1611388100846,
    "end": 1611388100846,
    "duration": 0,
    "pid": 11968,
    "index": 54
  },
  {
    "name": "Require(45) node_modules/_egg-static@2.2.0@egg-static/app.js",
    "start": 1611388100846,
    "end": 1611388100847,
    "duration": 1,
    "pid": 11968,
    "index": 55
  },
  {
    "name": "Require(46) node_modules/_egg-view-ejs@2.0.1@egg-view-ejs/app.js",
    "start": 1611388100847,
    "end": 1611388100848,
    "duration": 1,
    "pid": 11968,
    "index": 56
  },
  {
    "name": "Before Start in node_modules/_egg-watcher@3.1.1@egg-watcher/lib/init.js:15:14",
    "start": 1611388100857,
    "end": 1611388101066,
    "duration": 209,
    "pid": 11968,
    "index": 57
  },
  {
    "name": "Load Service",
    "start": 1611388100889,
    "end": 1611388100893,
    "duration": 4,
    "pid": 11968,
    "index": 58
  },
  {
    "name": "Load \"service\" to Context",
    "start": 1611388100889,
    "end": 1611388100893,
    "duration": 4,
    "pid": 11968,
    "index": 59
  },
  {
    "name": "Load Middleware",
    "start": 1611388100894,
    "end": 1611388101037,
    "duration": 143,
    "pid": 11968,
    "index": 60
  },
  {
    "name": "Load \"middlewares\" to Application",
    "start": 1611388100894,
    "end": 1611388101020,
    "duration": 126,
    "pid": 11968,
    "index": 61
  },
  {
    "name": "Load Controller",
    "start": 1611388101037,
    "end": 1611388101045,
    "duration": 8,
    "pid": 11968,
    "index": 62
  },
  {
    "name": "Load \"controller\" to Application",
    "start": 1611388101037,
    "end": 1611388101045,
    "duration": 8,
    "pid": 11968,
    "index": 63
  },
  {
    "name": "Load Router",
    "start": 1611388101045,
    "end": 1611388101048,
    "duration": 3,
    "pid": 11968,
    "index": 64
  },
  {
    "name": "Require(47) app/router.js",
    "start": 1611388101046,
    "end": 1611388101046,
    "duration": 0,
    "pid": 11968,
    "index": 65
  },
  {
    "name": "Before Start in node_modules/_egg-core@4.20.0@egg-core/lib/egg.js:303:10",
    "start": 1611388101046,
    "end": 1611388101056,
    "duration": 10,
    "pid": 11968,
    "index": 66
  }
]