[
  {
    "name": "Process Start",
    "start": 1611388110024,
    "end": 1611388111256,
    "duration": 1232,
    "pid": 16772,
    "index": 0
  },
  {
    "name": "Application Start",
    "start": 1611388111257,
    "end": 1611388111719,
    "duration": 462,
    "pid": 16772,
    "index": 1
  },
  {
    "name": "Load Plugin",
    "start": 1611388111263,
    "end": 1611388111284,
    "duration": 21,
    "pid": 16772,
    "index": 2
  },
  {
    "name": "Load Config",
    "start": 1611388111284,
    "end": 1611388111307,
    "duration": 23,
    "pid": 16772,
    "index": 3
  },
  {
    "name": "Require(0) config/config.default.js",
    "start": 1611388111285,
    "end": 1611388111285,
    "duration": 0,
    "pid": 16772,
    "index": 4
  },
  {
    "name": "Require(1) node_modules/_egg-session@3.2.0@egg-session/config/config.default.js",
    "start": 1611388111287,
    "end": 1611388111287,
    "duration": 0,
    "pid": 16772,
    "index": 5
  },
  {
    "name": "Require(2) node_modules/_egg-security@2.8.0@egg-security/config/config.default.js",
    "start": 1611388111288,
    "end": 1611388111288,
    "duration": 0,
    "pid": 16772,
    "index": 6
  },
  {
    "name": "Require(3) node_modules/_egg-jsonp@2.0.0@egg-jsonp/config/config.default.js",
    "start": 1611388111289,
    "end": 1611388111290,
    "duration": 1,
    "pid": 16772,
    "index": 7
  },
  {
    "name": "Require(4) node_modules/_egg-onerror@2.1.0@egg-onerror/config/config.default.js",
    "start": 1611388111290,
    "end": 1611388111291,
    "duration": 1,
    "pid": 16772,
    "index": 8
  },
  {
    "name": "Require(5) node_modules/_egg-i18n@2.1.1@egg-i18n/config/config.default.js",
    "start": 1611388111291,
    "end": 1611388111292,
    "duration": 1,
    "pid": 16772,
    "index": 9
  },
  {
    "name": "Require(6) node_modules/_egg-watcher@3.1.1@egg-watcher/config/config.default.js",
    "start": 1611388111293,
    "end": 1611388111293,
    "duration": 0,
    "pid": 16772,
    "index": 10
  },
  {
    "name": "Require(7) node_modules/_egg-schedule@3.6.6@egg-schedule/config/config.default.js",
    "start": 1611388111294,
    "end": 1611388111294,
    "duration": 0,
    "pid": 16772,
    "index": 11
  },
  {
    "name": "Require(8) node_modules/_egg-multipart@2.10.3@egg-multipart/config/config.default.js",
    "start": 1611388111294,
    "end": 1611388111295,
    "duration": 1,
    "pid": 16772,
    "index": 12
  },
  {
    "name": "Require(9) node_modules/_egg-development@2.7.0@egg-development/config/config.default.js",
    "start": 1611388111296,
    "end": 1611388111296,
    "duration": 0,
    "pid": 16772,
    "index": 13
  },
  {
    "name": "Require(10) node_modules/_egg-logrotator@3.1.0@egg-logrotator/config/config.default.js",
    "start": 1611388111296,
    "end": 1611388111297,
    "duration": 1,
    "pid": 16772,
    "index": 14
  },
  {
    "name": "Require(11) node_modules/_egg-static@2.2.0@egg-static/config/config.default.js",
    "start": 1611388111297,
    "end": 1611388111298,
    "duration": 1,
    "pid": 16772,
    "index": 15
  },
  {
    "name": "Require(12) node_modules/_egg-view@2.1.3@egg-view/config/config.default.js",
    "start": 1611388111298,
    "end": 1611388111299,
    "duration": 1,
    "pid": 16772,
    "index": 16
  },
  {
    "name": "Require(13) node_modules/_egg-view-ejs@2.0.1@egg-view-ejs/config/config.default.js",
    "start": 1611388111299,
    "end": 1611388111300,
    "duration": 1,
    "pid": 16772,
    "index": 17
  },
  {
    "name": "Require(14) node_modules/_egg@2.29.1@egg/config/config.default.js",
    "start": 1611388111300,
    "end": 1611388111300,
    "duration": 0,
    "pid": 16772,
    "index": 18
  },
  {
    "name": "Require(15) config/config.default.js",
    "start": 1611388111302,
    "end": 1611388111302,
    "duration": 0,
    "pid": 16772,
    "index": 19
  },
  {
    "name": "Require(16) node_modules/_egg-security@2.8.0@egg-security/config/config.local.js",
    "start": 1611388111302,
    "end": 1611388111303,
    "duration": 1,
    "pid": 16772,
    "index": 20
  },
  {
    "name": "Require(17) node_modules/_egg-watcher@3.1.1@egg-watcher/config/config.local.js",
    "start": 1611388111304,
    "end": 1611388111304,
    "duration": 0,
    "pid": 16772,
    "index": 21
  },
  {
    "name": "Require(18) node_modules/_egg-view@2.1.3@egg-view/config/config.local.js",
    "start": 1611388111305,
    "end": 1611388111306,
    "duration": 1,
    "pid": 16772,
    "index": 22
  },
  {
    "name": "Require(19) node_modules/_egg-view-ejs@2.0.1@egg-view-ejs/config/config.local.js",
    "start": 1611388111306,
    "end": 1611388111306,
    "duration": 0,
    "pid": 16772,
    "index": 23
  },
  {
    "name": "Require(20) node_modules/_egg@2.29.1@egg/config/config.local.js",
    "start": 1611388111307,
    "end": 1611388111307,
    "duration": 0,
    "pid": 16772,
    "index": 24
  },
  {
    "name": "Load extend/application.js",
    "start": 1611388111308,
    "end": 1611388111324,
    "duration": 16,
    "pid": 16772,
    "index": 25
  },
  {
    "name": "Require(21) node_modules/_egg-session@3.2.0@egg-session/app/extend/application.js",
    "start": 1611388111309,
    "end": 1611388111310,
    "duration": 1,
    "pid": 16772,
    "index": 26
  },
  {
    "name": "Require(22) node_modules/_egg-security@2.8.0@egg-security/app/extend/application.js",
    "start": 1611388111310,
    "end": 1611388111311,
    "duration": 1,
    "pid": 16772,
    "index": 27
  },
  {
    "name": "Require(23) node_modules/_egg-jsonp@2.0.0@egg-jsonp/app/extend/application.js",
    "start": 1611388111311,
    "end": 1611388111313,
    "duration": 2,
    "pid": 16772,
    "index": 28
  },
  {
    "name": "Require(24) node_modules/_egg-logrotator@3.1.0@egg-logrotator/app/extend/application.js",
    "start": 1611388111315,
    "end": 1611388111318,
    "duration": 3,
    "pid": 16772,
    "index": 29
  },
  {
    "name": "Require(25) node_modules/_egg-view@2.1.3@egg-view/app/extend/application.js",
    "start": 1611388111318,
    "end": 1611388111320,
    "duration": 2,
    "pid": 16772,
    "index": 30
  },
  {
    "name": "Load extend/request.js",
    "start": 1611388111324,
    "end": 1611388111332,
    "duration": 8,
    "pid": 16772,
    "index": 31
  },
  {
    "name": "Require(26) node_modules/_egg@2.29.1@egg/app/extend/request.js",
    "start": 1611388111327,
    "end": 1611388111328,
    "duration": 1,
    "pid": 16772,
    "index": 32
  },
  {
    "name": "Load extend/response.js",
    "start": 1611388111332,
    "end": 1611388111342,
    "duration": 10,
    "pid": 16772,
    "index": 33
  },
  {
    "name": "Require(27) node_modules/_egg@2.29.1@egg/app/extend/response.js",
    "start": 1611388111335,
    "end": 1611388111338,
    "duration": 3,
    "pid": 16772,
    "index": 34
  },
  {
    "name": "Load extend/context.js",
    "start": 1611388111342,
    "end": 1611388111416,
    "duration": 74,
    "pid": 16772,
    "index": 35
  },
  {
    "name": "Require(28) node_modules/_egg-security@2.8.0@egg-security/app/extend/context.js",
    "start": 1611388111342,
    "end": 1611388111358,
    "duration": 16,
    "pid": 16772,
    "index": 36
  },
  {
    "name": "Require(29) node_modules/_egg-jsonp@2.0.0@egg-jsonp/app/extend/context.js",
    "start": 1611388111359,
    "end": 1611388111361,
    "duration": 2,
    "pid": 16772,
    "index": 37
  },
  {
    "name": "Require(30) node_modules/_egg-i18n@2.1.1@egg-i18n/app/extend/context.js",
    "start": 1611388111362,
    "end": 1611388111362,
    "duration": 0,
    "pid": 16772,
    "index": 38
  },
  {
    "name": "Require(31) node_modules/_egg-multipart@2.10.3@egg-multipart/app/extend/context.js",
    "start": 1611388111363,
    "end": 1611388111410,
    "duration": 47,
    "pid": 16772,
    "index": 39
  },
  {
    "name": "Require(32) node_modules/_egg-view@2.1.3@egg-view/app/extend/context.js",
    "start": 1611388111411,
    "end": 1611388111412,
    "duration": 1,
    "pid": 16772,
    "index": 40
  },
  {
    "name": "Require(33) node_modules/_egg@2.29.1@egg/app/extend/context.js",
    "start": 1611388111412,
    "end": 1611388111413,
    "duration": 1,
    "pid": 16772,
    "index": 41
  },
  {
    "name": "Load extend/helper.js",
    "start": 1611388111416,
    "end": 1611388111440,
    "duration": 24,
    "pid": 16772,
    "index": 42
  },
  {
    "name": "Require(34) node_modules/_egg-security@2.8.0@egg-security/app/extend/helper.js",
    "start": 1611388111417,
    "end": 1611388111435,
    "duration": 18,
    "pid": 16772,
    "index": 43
  },
  {
    "name": "Require(35) node_modules/_egg@2.29.1@egg/app/extend/helper.js",
    "start": 1611388111437,
    "end": 1611388111437,
    "duration": 0,
    "pid": 16772,
    "index": 44
  },
  {
    "name": "Load app.js",
    "start": 1611388111440,
    "end": 1611388111477,
    "duration": 37,
    "pid": 16772,
    "index": 45
  },
  {
    "name": "Require(36) node_modules/_egg-session@3.2.0@egg-session/app.js",
    "start": 1611388111442,
    "end": 1611388111442,
    "duration": 0,
    "pid": 16772,
    "index": 46
  },
  {
    "name": "Require(37) node_modules/_egg-security@2.8.0@egg-security/app.js",
    "start": 1611388111443,
    "end": 1611388111444,
    "duration": 1,
    "pid": 16772,
    "index": 47
  },
  {
    "name": "Require(38) node_modules/_egg-onerror@2.1.0@egg-onerror/app.js",
    "start": 1611388111445,
    "end": 1611388111455,
    "duration": 10,
    "pid": 16772,
    "index": 48
  },
  {
    "name": "Require(39) node_modules/_egg-i18n@2.1.1@egg-i18n/app.js",
    "start": 1611388111456,
    "end": 1611388111465,
    "duration": 9,
    "pid": 16772,
    "index": 49
  },
  {
    "name": "Require(40) node_modules/_egg-watcher@3.1.1@egg-watcher/app.js",
    "start": 1611388111465,
    "end": 1611388111469,
    "duration": 4,
    "pid": 16772,
    "index": 50
  },
  {
    "name": "Require(41) node_modules/_egg-schedule@3.6.6@egg-schedule/app.js",
    "start": 1611388111470,
    "end": 1611388111472,
    "duration": 2,
    "pid": 16772,
    "index": 51
  },
  {
    "name": "Require(42) node_modules/_egg-multipart@2.10.3@egg-multipart/app.js",
    "start": 1611388111472,
    "end": 1611388111472,
    "duration": 0,
    "pid": 16772,
    "index": 52
  },
  {
    "name": "Require(43) node_modules/_egg-development@2.7.0@egg-development/app.js",
    "start": 1611388111473,
    "end": 1611388111473,
    "duration": 0,
    "pid": 16772,
    "index": 53
  },
  {
    "name": "Require(44) node_modules/_egg-logrotator@3.1.0@egg-logrotator/app.js",
    "start": 1611388111473,
    "end": 1611388111474,
    "duration": 1,
    "pid": 16772,
    "index": 54
  },
  {
    "name": "Require(45) node_modules/_egg-static@2.2.0@egg-static/app.js",
    "start": 1611388111474,
    "end": 1611388111475,
    "duration": 1,
    "pid": 16772,
    "index": 55
  },
  {
    "name": "Require(46) node_modules/_egg-view-ejs@2.0.1@egg-view-ejs/app.js",
    "start": 1611388111476,
    "end": 1611388111476,
    "duration": 0,
    "pid": 16772,
    "index": 56
  },
  {
    "name": "Before Start in node_modules/_egg-watcher@3.1.1@egg-watcher/lib/init.js:15:14",
    "start": 1611388111485,
    "end": 1611388111718,
    "duration": 233,
    "pid": 16772,
    "index": 57
  },
  {
    "name": "Load Service",
    "start": 1611388111529,
    "end": 1611388111538,
    "duration": 9,
    "pid": 16772,
    "index": 58
  },
  {
    "name": "Load \"service\" to Context",
    "start": 1611388111530,
    "end": 1611388111538,
    "duration": 8,
    "pid": 16772,
    "index": 59
  },
  {
    "name": "Load Middleware",
    "start": 1611388111539,
    "end": 1611388111696,
    "duration": 157,
    "pid": 16772,
    "index": 60
  },
  {
    "name": "Load \"middlewares\" to Application",
    "start": 1611388111539,
    "end": 1611388111680,
    "duration": 141,
    "pid": 16772,
    "index": 61
  },
  {
    "name": "Load Controller",
    "start": 1611388111696,
    "end": 1611388111703,
    "duration": 7,
    "pid": 16772,
    "index": 62
  },
  {
    "name": "Load \"controller\" to Application",
    "start": 1611388111696,
    "end": 1611388111703,
    "duration": 7,
    "pid": 16772,
    "index": 63
  },
  {
    "name": "Load Router",
    "start": 1611388111703,
    "end": 1611388111706,
    "duration": 3,
    "pid": 16772,
    "index": 64
  },
  {
    "name": "Require(47) app/router.js",
    "start": 1611388111704,
    "end": 1611388111704,
    "duration": 0,
    "pid": 16772,
    "index": 65
  },
  {
    "name": "Before Start in node_modules/_egg-core@4.20.0@egg-core/lib/egg.js:303:10",
    "start": 1611388111704,
    "end": 1611388111712,
    "duration": 8,
    "pid": 16772,
    "index": 66
  }
]