[
  {
    "name": "Process Start",
    "start": 1611388060255,
    "end": 1611388061367,
    "duration": 1112,
    "pid": 8564,
    "index": 0
  },
  {
    "name": "Application Start",
    "start": 1611388061368,
    "end": 1611388061796,
    "duration": 428,
    "pid": 8564,
    "index": 1
  },
  {
    "name": "Load Plugin",
    "start": 1611388061372,
    "end": 1611388061391,
    "duration": 19,
    "pid": 8564,
    "index": 2
  },
  {
    "name": "Load Config",
    "start": 1611388061391,
    "end": 1611388061414,
    "duration": 23,
    "pid": 8564,
    "index": 3
  },
  {
    "name": "Require(0) config/config.default.js",
    "start": 1611388061391,
    "end": 1611388061392,
    "duration": 1,
    "pid": 8564,
    "index": 4
  },
  {
    "name": "Require(1) node_modules/_egg-session@3.2.0@egg-session/config/config.default.js",
    "start": 1611388061393,
    "end": 1611388061393,
    "duration": 0,
    "pid": 8564,
    "index": 5
  },
  {
    "name": "Require(2) node_modules/_egg-security@2.8.0@egg-security/config/config.default.js",
    "start": 1611388061394,
    "end": 1611388061394,
    "duration": 0,
    "pid": 8564,
    "index": 6
  },
  {
    "name": "Require(3) node_modules/_egg-jsonp@2.0.0@egg-jsonp/config/config.default.js",
    "start": 1611388061395,
    "end": 1611388061396,
    "duration": 1,
    "pid": 8564,
    "index": 7
  },
  {
    "name": "Require(4) node_modules/_egg-onerror@2.1.0@egg-onerror/config/config.default.js",
    "start": 1611388061396,
    "end": 1611388061396,
    "duration": 0,
    "pid": 8564,
    "index": 8
  },
  {
    "name": "Require(5) node_modules/_egg-i18n@2.1.1@egg-i18n/config/config.default.js",
    "start": 1611388061397,
    "end": 1611388061397,
    "duration": 0,
    "pid": 8564,
    "index": 9
  },
  {
    "name": "Require(6) node_modules/_egg-watcher@3.1.1@egg-watcher/config/config.default.js",
    "start": 1611388061398,
    "end": 1611388061399,
    "duration": 1,
    "pid": 8564,
    "index": 10
  },
  {
    "name": "Require(7) node_modules/_egg-schedule@3.6.6@egg-schedule/config/config.default.js",
    "start": 1611388061399,
    "end": 1611388061400,
    "duration": 1,
    "pid": 8564,
    "index": 11
  },
  {
    "name": "Require(8) node_modules/_egg-multipart@2.10.3@egg-multipart/config/config.default.js",
    "start": 1611388061400,
    "end": 1611388061401,
    "duration": 1,
    "pid": 8564,
    "index": 12
  },
  {
    "name": "Require(9) node_modules/_egg-development@2.7.0@egg-development/config/config.default.js",
    "start": 1611388061401,
    "end": 1611388061402,
    "duration": 1,
    "pid": 8564,
    "index": 13
  },
  {
    "name": "Require(10) node_modules/_egg-logrotator@3.1.0@egg-logrotator/config/config.default.js",
    "start": 1611388061402,
    "end": 1611388061403,
    "duration": 1,
    "pid": 8564,
    "index": 14
  },
  {
    "name": "Require(11) node_modules/_egg-static@2.2.0@egg-static/config/config.default.js",
    "start": 1611388061403,
    "end": 1611388061404,
    "duration": 1,
    "pid": 8564,
    "index": 15
  },
  {
    "name": "Require(12) node_modules/_egg-view@2.1.3@egg-view/config/config.default.js",
    "start": 1611388061404,
    "end": 1611388061405,
    "duration": 1,
    "pid": 8564,
    "index": 16
  },
  {
    "name": "Require(13) node_modules/_egg-view-ejs@2.0.1@egg-view-ejs/config/config.default.js",
    "start": 1611388061405,
    "end": 1611388061406,
    "duration": 1,
    "pid": 8564,
    "index": 17
  },
  {
    "name": "Require(14) node_modules/_egg@2.29.1@egg/config/config.default.js",
    "start": 1611388061406,
    "end": 1611388061407,
    "duration": 1,
    "pid": 8564,
    "index": 18
  },
  {
    "name": "Require(15) config/config.default.js",
    "start": 1611388061408,
    "end": 1611388061408,
    "duration": 0,
    "pid": 8564,
    "index": 19
  },
  {
    "name": "Require(16) node_modules/_egg-security@2.8.0@egg-security/config/config.local.js",
    "start": 1611388061409,
    "end": 1611388061409,
    "duration": 0,
    "pid": 8564,
    "index": 20
  },
  {
    "name": "Require(17) node_modules/_egg-watcher@3.1.1@egg-watcher/config/config.local.js",
    "start": 1611388061410,
    "end": 1611388061410,
    "duration": 0,
    "pid": 8564,
    "index": 21
  },
  {
    "name": "Require(18) node_modules/_egg-view@2.1.3@egg-view/config/config.local.js",
    "start": 1611388061412,
    "end": 1611388061412,
    "duration": 0,
    "pid": 8564,
    "index": 22
  },
  {
    "name": "Require(19) node_modules/_egg-view-ejs@2.0.1@egg-view-ejs/config/config.local.js",
    "start": 1611388061413,
    "end": 1611388061413,
    "duration": 0,
    "pid": 8564,
    "index": 23
  },
  {
    "name": "Require(20) node_modules/_egg@2.29.1@egg/config/config.local.js",
    "start": 1611388061413,
    "end": 1611388061414,
    "duration": 1,
    "pid": 8564,
    "index": 24
  },
  {
    "name": "Load extend/application.js",
    "start": 1611388061415,
    "end": 1611388061432,
    "duration": 17,
    "pid": 8564,
    "index": 25
  },
  {
    "name": "Require(21) node_modules/_egg-session@3.2.0@egg-session/app/extend/application.js",
    "start": 1611388061416,
    "end": 1611388061416,
    "duration": 0,
    "pid": 8564,
    "index": 26
  },
  {
    "name": "Require(22) node_modules/_egg-security@2.8.0@egg-security/app/extend/application.js",
    "start": 1611388061417,
    "end": 1611388061418,
    "duration": 1,
    "pid": 8564,
    "index": 27
  },
  {
    "name": "Require(23) node_modules/_egg-jsonp@2.0.0@egg-jsonp/app/extend/application.js",
    "start": 1611388061418,
    "end": 1611388061421,
    "duration": 3,
    "pid": 8564,
    "index": 28
  },
  {
    "name": "Require(24) node_modules/_egg-logrotator@3.1.0@egg-logrotator/app/extend/application.js",
    "start": 1611388061423,
    "end": 1611388061426,
    "duration": 3,
    "pid": 8564,
    "index": 29
  },
  {
    "name": "Require(25) node_modules/_egg-view@2.1.3@egg-view/app/extend/application.js",
    "start": 1611388061426,
    "end": 1611388061428,
    "duration": 2,
    "pid": 8564,
    "index": 30
  },
  {
    "name": "Load extend/request.js",
    "start": 1611388061432,
    "end": 1611388061440,
    "duration": 8,
    "pid": 8564,
    "index": 31
  },
  {
    "name": "Require(26) node_modules/_egg@2.29.1@egg/app/extend/request.js",
    "start": 1611388061436,
    "end": 1611388061437,
    "duration": 1,
    "pid": 8564,
    "index": 32
  },
  {
    "name": "Load extend/response.js",
    "start": 1611388061441,
    "end": 1611388061451,
    "duration": 10,
    "pid": 8564,
    "index": 33
  },
  {
    "name": "Require(27) node_modules/_egg@2.29.1@egg/app/extend/response.js",
    "start": 1611388061445,
    "end": 1611388061447,
    "duration": 2,
    "pid": 8564,
    "index": 34
  },
  {
    "name": "Load extend/context.js",
    "start": 1611388061451,
    "end": 1611388061532,
    "duration": 81,
    "pid": 8564,
    "index": 35
  },
  {
    "name": "Require(28) node_modules/_egg-security@2.8.0@egg-security/app/extend/context.js",
    "start": 1611388061452,
    "end": 1611388061467,
    "duration": 15,
    "pid": 8564,
    "index": 36
  },
  {
    "name": "Require(29) node_modules/_egg-jsonp@2.0.0@egg-jsonp/app/extend/context.js",
    "start": 1611388061468,
    "end": 1611388061469,
    "duration": 1,
    "pid": 8564,
    "index": 37
  },
  {
    "name": "Require(30) node_modules/_egg-i18n@2.1.1@egg-i18n/app/extend/context.js",
    "start": 1611388061470,
    "end": 1611388061471,
    "duration": 1,
    "pid": 8564,
    "index": 38
  },
  {
    "name": "Require(31) node_modules/_egg-multipart@2.10.3@egg-multipart/app/extend/context.js",
    "start": 1611388061472,
    "end": 1611388061525,
    "duration": 53,
    "pid": 8564,
    "index": 39
  },
  {
    "name": "Require(32) node_modules/_egg-view@2.1.3@egg-view/app/extend/context.js",
    "start": 1611388061526,
    "end": 1611388061527,
    "duration": 1,
    "pid": 8564,
    "index": 40
  },
  {
    "name": "Require(33) node_modules/_egg@2.29.1@egg/app/extend/context.js",
    "start": 1611388061527,
    "end": 1611388061529,
    "duration": 2,
    "pid": 8564,
    "index": 41
  },
  {
    "name": "Load extend/helper.js",
    "start": 1611388061532,
    "end": 1611388061554,
    "duration": 22,
    "pid": 8564,
    "index": 42
  },
  {
    "name": "Require(34) node_modules/_egg-security@2.8.0@egg-security/app/extend/helper.js",
    "start": 1611388061533,
    "end": 1611388061549,
    "duration": 16,
    "pid": 8564,
    "index": 43
  },
  {
    "name": "Require(35) node_modules/_egg@2.29.1@egg/app/extend/helper.js",
    "start": 1611388061551,
    "end": 1611388061552,
    "duration": 1,
    "pid": 8564,
    "index": 44
  },
  {
    "name": "Load app.js",
    "start": 1611388061555,
    "end": 1611388061589,
    "duration": 34,
    "pid": 8564,
    "index": 45
  },
  {
    "name": "Require(36) node_modules/_egg-session@3.2.0@egg-session/app.js",
    "start": 1611388061555,
    "end": 1611388061555,
    "duration": 0,
    "pid": 8564,
    "index": 46
  },
  {
    "name": "Require(37) node_modules/_egg-security@2.8.0@egg-security/app.js",
    "start": 1611388061556,
    "end": 1611388061557,
    "duration": 1,
    "pid": 8564,
    "index": 47
  },
  {
    "name": "Require(38) node_modules/_egg-onerror@2.1.0@egg-onerror/app.js",
    "start": 1611388061558,
    "end": 1611388061569,
    "duration": 11,
    "pid": 8564,
    "index": 48
  },
  {
    "name": "Require(39) node_modules/_egg-i18n@2.1.1@egg-i18n/app.js",
    "start": 1611388061569,
    "end": 1611388061577,
    "duration": 8,
    "pid": 8564,
    "index": 49
  },
  {
    "name": "Require(40) node_modules/_egg-watcher@3.1.1@egg-watcher/app.js",
    "start": 1611388061577,
    "end": 1611388061581,
    "duration": 4,
    "pid": 8564,
    "index": 50
  },
  {
    "name": "Require(41) node_modules/_egg-schedule@3.6.6@egg-schedule/app.js",
    "start": 1611388061582,
    "end": 1611388061584,
    "duration": 2,
    "pid": 8564,
    "index": 51
  },
  {
    "name": "Require(42) node_modules/_egg-multipart@2.10.3@egg-multipart/app.js",
    "start": 1611388061585,
    "end": 1611388061585,
    "duration": 0,
    "pid": 8564,
    "index": 52
  },
  {
    "name": "Require(43) node_modules/_egg-development@2.7.0@egg-development/app.js",
    "start": 1611388061586,
    "end": 1611388061586,
    "duration": 0,
    "pid": 8564,
    "index": 53
  },
  {
    "name": "Require(44) node_modules/_egg-logrotator@3.1.0@egg-logrotator/app.js",
    "start": 1611388061586,
    "end": 1611388061586,
    "duration": 0,
    "pid": 8564,
    "index": 54
  },
  {
    "name": "Require(45) node_modules/_egg-static@2.2.0@egg-static/app.js",
    "start": 1611388061587,
    "end": 1611388061587,
    "duration": 0,
    "pid": 8564,
    "index": 55
  },
  {
    "name": "Require(46) node_modules/_egg-view-ejs@2.0.1@egg-view-ejs/app.js",
    "start": 1611388061587,
    "end": 1611388061588,
    "duration": 1,
    "pid": 8564,
    "index": 56
  },
  {
    "name": "Before Start in node_modules/_egg-watcher@3.1.1@egg-watcher/lib/init.js:15:14",
    "start": 1611388061596,
    "end": 1611388061795,
    "duration": 199,
    "pid": 8564,
    "index": 57
  },
  {
    "name": "Load Service",
    "start": 1611388061627,
    "end": 1611388061632,
    "duration": 5,
    "pid": 8564,
    "index": 58
  },
  {
    "name": "Load \"service\" to Context",
    "start": 1611388061628,
    "end": 1611388061632,
    "duration": 4,
    "pid": 8564,
    "index": 59
  },
  {
    "name": "Load Middleware",
    "start": 1611388061632,
    "end": 1611388061772,
    "duration": 140,
    "pid": 8564,
    "index": 60
  },
  {
    "name": "Load \"middlewares\" to Application",
    "start": 1611388061632,
    "end": 1611388061756,
    "duration": 124,
    "pid": 8564,
    "index": 61
  },
  {
    "name": "Load Controller",
    "start": 1611388061772,
    "end": 1611388061779,
    "duration": 7,
    "pid": 8564,
    "index": 62
  },
  {
    "name": "Load \"controller\" to Application",
    "start": 1611388061772,
    "end": 1611388061779,
    "duration": 7,
    "pid": 8564,
    "index": 63
  },
  {
    "name": "Load Router",
    "start": 1611388061779,
    "end": 1611388061782,
    "duration": 3,
    "pid": 8564,
    "index": 64
  },
  {
    "name": "Require(47) app/router.js",
    "start": 1611388061780,
    "end": 1611388061780,
    "duration": 0,
    "pid": 8564,
    "index": 65
  },
  {
    "name": "Before Start in node_modules/_egg-core@4.20.0@egg-core/lib/egg.js:303:10",
    "start": 1611388061780,
    "end": 1611388061788,
    "duration": 8,
    "pid": 8564,
    "index": 66
  }
]