[
  {
    "name": "Process Start",
    "start": 1611388094472,
    "end": 1611388095883,
    "duration": 1411,
    "pid": 12852,
    "index": 0
  },
  {
    "name": "Application Start",
    "start": 1611388095883,
    "end": 1611388096365,
    "duration": 482,
    "pid": 12852,
    "index": 1
  },
  {
    "name": "Load Plugin",
    "start": 1611388095888,
    "end": 1611388095911,
    "duration": 23,
    "pid": 12852,
    "index": 2
  },
  {
    "name": "Load Config",
    "start": 1611388095911,
    "end": 1611388095935,
    "duration": 24,
    "pid": 12852,
    "index": 3
  },
  {
    "name": "Require(0) config/config.default.js",
    "start": 1611388095912,
    "end": 1611388095912,
    "duration": 0,
    "pid": 12852,
    "index": 4
  },
  {
    "name": "Require(1) node_modules/_egg-session@3.2.0@egg-session/config/config.default.js",
    "start": 1611388095914,
    "end": 1611388095914,
    "duration": 0,
    "pid": 12852,
    "index": 5
  },
  {
    "name": "Require(2) node_modules/_egg-security@2.8.0@egg-security/config/config.default.js",
    "start": 1611388095914,
    "end": 1611388095915,
    "duration": 1,
    "pid": 12852,
    "index": 6
  },
  {
    "name": "Require(3) node_modules/_egg-jsonp@2.0.0@egg-jsonp/config/config.default.js",
    "start": 1611388095916,
    "end": 1611388095916,
    "duration": 0,
    "pid": 12852,
    "index": 7
  },
  {
    "name": "Require(4) node_modules/_egg-onerror@2.1.0@egg-onerror/config/config.default.js",
    "start": 1611388095917,
    "end": 1611388095917,
    "duration": 0,
    "pid": 12852,
    "index": 8
  },
  {
    "name": "Require(5) node_modules/_egg-i18n@2.1.1@egg-i18n/config/config.default.js",
    "start": 1611388095918,
    "end": 1611388095918,
    "duration": 0,
    "pid": 12852,
    "index": 9
  },
  {
    "name": "Require(6) node_modules/_egg-watcher@3.1.1@egg-watcher/config/config.default.js",
    "start": 1611388095919,
    "end": 1611388095919,
    "duration": 0,
    "pid": 12852,
    "index": 10
  },
  {
    "name": "Require(7) node_modules/_egg-schedule@3.6.6@egg-schedule/config/config.default.js",
    "start": 1611388095920,
    "end": 1611388095920,
    "duration": 0,
    "pid": 12852,
    "index": 11
  },
  {
    "name": "Require(8) node_modules/_egg-multipart@2.10.3@egg-multipart/config/config.default.js",
    "start": 1611388095921,
    "end": 1611388095921,
    "duration": 0,
    "pid": 12852,
    "index": 12
  },
  {
    "name": "Require(9) node_modules/_egg-development@2.7.0@egg-development/config/config.default.js",
    "start": 1611388095922,
    "end": 1611388095922,
    "duration": 0,
    "pid": 12852,
    "index": 13
  },
  {
    "name": "Require(10) node_modules/_egg-logrotator@3.1.0@egg-logrotator/config/config.default.js",
    "start": 1611388095923,
    "end": 1611388095923,
    "duration": 0,
    "pid": 12852,
    "index": 14
  },
  {
    "name": "Require(11) node_modules/_egg-static@2.2.0@egg-static/config/config.default.js",
    "start": 1611388095924,
    "end": 1611388095924,
    "duration": 0,
    "pid": 12852,
    "index": 15
  },
  {
    "name": "Require(12) node_modules/_egg-view@2.1.3@egg-view/config/config.default.js",
    "start": 1611388095925,
    "end": 1611388095925,
    "duration": 0,
    "pid": 12852,
    "index": 16
  },
  {
    "name": "Require(13) node_modules/_egg-view-ejs@2.0.1@egg-view-ejs/config/config.default.js",
    "start": 1611388095926,
    "end": 1611388095927,
    "duration": 1,
    "pid": 12852,
    "index": 17
  },
  {
    "name": "Require(14) node_modules/_egg@2.29.1@egg/config/config.default.js",
    "start": 1611388095928,
    "end": 1611388095928,
    "duration": 0,
    "pid": 12852,
    "index": 18
  },
  {
    "name": "Require(15) config/config.default.js",
    "start": 1611388095930,
    "end": 1611388095930,
    "duration": 0,
    "pid": 12852,
    "index": 19
  },
  {
    "name": "Require(16) node_modules/_egg-security@2.8.0@egg-security/config/config.local.js",
    "start": 1611388095930,
    "end": 1611388095931,
    "duration": 1,
    "pid": 12852,
    "index": 20
  },
  {
    "name": "Require(17) node_modules/_egg-watcher@3.1.1@egg-watcher/config/config.local.js",
    "start": 1611388095932,
    "end": 1611388095932,
    "duration": 0,
    "pid": 12852,
    "index": 21
  },
  {
    "name": "Require(18) node_modules/_egg-view@2.1.3@egg-view/config/config.local.js",
    "start": 1611388095934,
    "end": 1611388095934,
    "duration": 0,
    "pid": 12852,
    "index": 22
  },
  {
    "name": "Require(19) node_modules/_egg-view-ejs@2.0.1@egg-view-ejs/config/config.local.js",
    "start": 1611388095934,
    "end": 1611388095934,
    "duration": 0,
    "pid": 12852,
    "index": 23
  },
  {
    "name": "Require(20) node_modules/_egg@2.29.1@egg/config/config.local.js",
    "start": 1611388095935,
    "end": 1611388095935,
    "duration": 0,
    "pid": 12852,
    "index": 24
  },
  {
    "name": "Load extend/application.js",
    "start": 1611388095936,
    "end": 1611388095954,
    "duration": 18,
    "pid": 12852,
    "index": 25
  },
  {
    "name": "Require(21) node_modules/_egg-session@3.2.0@egg-session/app/extend/application.js",
    "start": 1611388095937,
    "end": 1611388095937,
    "duration": 0,
    "pid": 12852,
    "index": 26
  },
  {
    "name": "Require(22) node_modules/_egg-security@2.8.0@egg-security/app/extend/application.js",
    "start": 1611388095938,
    "end": 1611388095939,
    "duration": 1,
    "pid": 12852,
    "index": 27
  },
  {
    "name": "Require(23) node_modules/_egg-jsonp@2.0.0@egg-jsonp/app/extend/application.js",
    "start": 1611388095940,
    "end": 1611388095942,
    "duration": 2,
    "pid": 12852,
    "index": 28
  },
  {
    "name": "Require(24) node_modules/_egg-logrotator@3.1.0@egg-logrotator/app/extend/application.js",
    "start": 1611388095945,
    "end": 1611388095948,
    "duration": 3,
    "pid": 12852,
    "index": 29
  },
  {
    "name": "Require(25) node_modules/_egg-view@2.1.3@egg-view/app/extend/application.js",
    "start": 1611388095948,
    "end": 1611388095951,
    "duration": 3,
    "pid": 12852,
    "index": 30
  },
  {
    "name": "Load extend/request.js",
    "start": 1611388095954,
    "end": 1611388095963,
    "duration": 9,
    "pid": 12852,
    "index": 31
  },
  {
    "name": "Require(26) node_modules/_egg@2.29.1@egg/app/extend/request.js",
    "start": 1611388095957,
    "end": 1611388095959,
    "duration": 2,
    "pid": 12852,
    "index": 32
  },
  {
    "name": "Load extend/response.js",
    "start": 1611388095963,
    "end": 1611388095974,
    "duration": 11,
    "pid": 12852,
    "index": 33
  },
  {
    "name": "Require(27) node_modules/_egg@2.29.1@egg/app/extend/response.js",
    "start": 1611388095968,
    "end": 1611388095971,
    "duration": 3,
    "pid": 12852,
    "index": 34
  },
  {
    "name": "Load extend/context.js",
    "start": 1611388095974,
    "end": 1611388096055,
    "duration": 81,
    "pid": 12852,
    "index": 35
  },
  {
    "name": "Require(28) node_modules/_egg-security@2.8.0@egg-security/app/extend/context.js",
    "start": 1611388095975,
    "end": 1611388095992,
    "duration": 17,
    "pid": 12852,
    "index": 36
  },
  {
    "name": "Require(29) node_modules/_egg-jsonp@2.0.0@egg-jsonp/app/extend/context.js",
    "start": 1611388095992,
    "end": 1611388095994,
    "duration": 2,
    "pid": 12852,
    "index": 37
  },
  {
    "name": "Require(30) node_modules/_egg-i18n@2.1.1@egg-i18n/app/extend/context.js",
    "start": 1611388095994,
    "end": 1611388095995,
    "duration": 1,
    "pid": 12852,
    "index": 38
  },
  {
    "name": "Require(31) node_modules/_egg-multipart@2.10.3@egg-multipart/app/extend/context.js",
    "start": 1611388095996,
    "end": 1611388096046,
    "duration": 50,
    "pid": 12852,
    "index": 39
  },
  {
    "name": "Require(32) node_modules/_egg-view@2.1.3@egg-view/app/extend/context.js",
    "start": 1611388096047,
    "end": 1611388096048,
    "duration": 1,
    "pid": 12852,
    "index": 40
  },
  {
    "name": "Require(33) node_modules/_egg@2.29.1@egg/app/extend/context.js",
    "start": 1611388096049,
    "end": 1611388096050,
    "duration": 1,
    "pid": 12852,
    "index": 41
  },
  {
    "name": "Load extend/helper.js",
    "start": 1611388096055,
    "end": 1611388096083,
    "duration": 28,
    "pid": 12852,
    "index": 42
  },
  {
    "name": "Require(34) node_modules/_egg-security@2.8.0@egg-security/app/extend/helper.js",
    "start": 1611388096056,
    "end": 1611388096077,
    "duration": 21,
    "pid": 12852,
    "index": 43
  },
  {
    "name": "Require(35) node_modules/_egg@2.29.1@egg/app/extend/helper.js",
    "start": 1611388096080,
    "end": 1611388096080,
    "duration": 0,
    "pid": 12852,
    "index": 44
  },
  {
    "name": "Load app.js",
    "start": 1611388096083,
    "end": 1611388096123,
    "duration": 40,
    "pid": 12852,
    "index": 45
  },
  {
    "name": "Require(36) node_modules/_egg-session@3.2.0@egg-session/app.js",
    "start": 1611388096084,
    "end": 1611388096084,
    "duration": 0,
    "pid": 12852,
    "index": 46
  },
  {
    "name": "Require(37) node_modules/_egg-security@2.8.0@egg-security/app.js",
    "start": 1611388096085,
    "end": 1611388096087,
    "duration": 2,
    "pid": 12852,
    "index": 47
  },
  {
    "name": "Require(38) node_modules/_egg-onerror@2.1.0@egg-onerror/app.js",
    "start": 1611388096087,
    "end": 1611388096100,
    "duration": 13,
    "pid": 12852,
    "index": 48
  },
  {
    "name": "Require(39) node_modules/_egg-i18n@2.1.1@egg-i18n/app.js",
    "start": 1611388096101,
    "end": 1611388096109,
    "duration": 8,
    "pid": 12852,
    "index": 49
  },
  {
    "name": "Require(40) node_modules/_egg-watcher@3.1.1@egg-watcher/app.js",
    "start": 1611388096110,
    "end": 1611388096115,
    "duration": 5,
    "pid": 12852,
    "index": 50
  },
  {
    "name": "Require(41) node_modules/_egg-schedule@3.6.6@egg-schedule/app.js",
    "start": 1611388096116,
    "end": 1611388096118,
    "duration": 2,
    "pid": 12852,
    "index": 51
  },
  {
    "name": "Require(42) node_modules/_egg-multipart@2.10.3@egg-multipart/app.js",
    "start": 1611388096119,
    "end": 1611388096119,
    "duration": 0,
    "pid": 12852,
    "index": 52
  },
  {
    "name": "Require(43) node_modules/_egg-development@2.7.0@egg-development/app.js",
    "start": 1611388096120,
    "end": 1611388096120,
    "duration": 0,
    "pid": 12852,
    "index": 53
  },
  {
    "name": "Require(44) node_modules/_egg-logrotator@3.1.0@egg-logrotator/app.js",
    "start": 1611388096120,
    "end": 1611388096121,
    "duration": 1,
    "pid": 12852,
    "index": 54
  },
  {
    "name": "Require(45) node_modules/_egg-static@2.2.0@egg-static/app.js",
    "start": 1611388096121,
    "end": 1611388096121,
    "duration": 0,
    "pid": 12852,
    "index": 55
  },
  {
    "name": "Require(46) node_modules/_egg-view-ejs@2.0.1@egg-view-ejs/app.js",
    "start": 1611388096122,
    "end": 1611388096122,
    "duration": 0,
    "pid": 12852,
    "index": 56
  },
  {
    "name": "Before Start in node_modules/_egg-watcher@3.1.1@egg-watcher/lib/init.js:15:14",
    "start": 1611388096134,
    "end": 1611388096365,
    "duration": 231,
    "pid": 12852,
    "index": 57
  },
  {
    "name": "Load Service",
    "start": 1611388096172,
    "end": 1611388096178,
    "duration": 6,
    "pid": 12852,
    "index": 58
  },
  {
    "name": "Load \"service\" to Context",
    "start": 1611388096172,
    "end": 1611388096178,
    "duration": 6,
    "pid": 12852,
    "index": 59
  },
  {
    "name": "Load Middleware",
    "start": 1611388096178,
    "end": 1611388096341,
    "duration": 163,
    "pid": 12852,
    "index": 60
  },
  {
    "name": "Load \"middlewares\" to Application",
    "start": 1611388096178,
    "end": 1611388096325,
    "duration": 147,
    "pid": 12852,
    "index": 61
  },
  {
    "name": "Load Controller",
    "start": 1611388096341,
    "end": 1611388096349,
    "duration": 8,
    "pid": 12852,
    "index": 62
  },
  {
    "name": "Load \"controller\" to Application",
    "start": 1611388096341,
    "end": 1611388096349,
    "duration": 8,
    "pid": 12852,
    "index": 63
  },
  {
    "name": "Load Router",
    "start": 1611388096349,
    "end": 1611388096352,
    "duration": 3,
    "pid": 12852,
    "index": 64
  },
  {
    "name": "Require(47) app/router.js",
    "start": 1611388096349,
    "end": 1611388096350,
    "duration": 1,
    "pid": 12852,
    "index": 65
  },
  {
    "name": "Before Start in node_modules/_egg-core@4.20.0@egg-core/lib/egg.js:303:10",
    "start": 1611388096350,
    "end": 1611388096358,
    "duration": 8,
    "pid": 12852,
    "index": 66
  }
]