[
  {
    "name": "Process Start",
    "start": 1611388066063,
    "end": 1611388067127,
    "duration": 1064,
    "pid": 9688,
    "index": 0
  },
  {
    "name": "Application Start",
    "start": 1611388067128,
    "end": 1611388067576,
    "duration": 448,
    "pid": 9688,
    "index": 1
  },
  {
    "name": "Load Plugin",
    "start": 1611388067133,
    "end": 1611388067152,
    "duration": 19,
    "pid": 9688,
    "index": 2
  },
  {
    "name": "Load Config",
    "start": 1611388067152,
    "end": 1611388067177,
    "duration": 25,
    "pid": 9688,
    "index": 3
  },
  {
    "name": "Require(0) config/config.default.js",
    "start": 1611388067153,
    "end": 1611388067154,
    "duration": 1,
    "pid": 9688,
    "index": 4
  },
  {
    "name": "Require(1) node_modules/_egg-session@3.2.0@egg-session/config/config.default.js",
    "start": 1611388067156,
    "end": 1611388067156,
    "duration": 0,
    "pid": 9688,
    "index": 5
  },
  {
    "name": "Require(2) node_modules/_egg-security@2.8.0@egg-security/config/config.default.js",
    "start": 1611388067156,
    "end": 1611388067157,
    "duration": 1,
    "pid": 9688,
    "index": 6
  },
  {
    "name": "Require(3) node_modules/_egg-jsonp@2.0.0@egg-jsonp/config/config.default.js",
    "start": 1611388067158,
    "end": 1611388067158,
    "duration": 0,
    "pid": 9688,
    "index": 7
  },
  {
    "name": "Require(4) node_modules/_egg-onerror@2.1.0@egg-onerror/config/config.default.js",
    "start": 1611388067159,
    "end": 1611388067159,
    "duration": 0,
    "pid": 9688,
    "index": 8
  },
  {
    "name": "Require(5) node_modules/_egg-i18n@2.1.1@egg-i18n/config/config.default.js",
    "start": 1611388067160,
    "end": 1611388067160,
    "duration": 0,
    "pid": 9688,
    "index": 9
  },
  {
    "name": "Require(6) node_modules/_egg-watcher@3.1.1@egg-watcher/config/config.default.js",
    "start": 1611388067161,
    "end": 1611388067161,
    "duration": 0,
    "pid": 9688,
    "index": 10
  },
  {
    "name": "Require(7) node_modules/_egg-schedule@3.6.6@egg-schedule/config/config.default.js",
    "start": 1611388067162,
    "end": 1611388067162,
    "duration": 0,
    "pid": 9688,
    "index": 11
  },
  {
    "name": "Require(8) node_modules/_egg-multipart@2.10.3@egg-multipart/config/config.default.js",
    "start": 1611388067163,
    "end": 1611388067163,
    "duration": 0,
    "pid": 9688,
    "index": 12
  },
  {
    "name": "Require(9) node_modules/_egg-development@2.7.0@egg-development/config/config.default.js",
    "start": 1611388067164,
    "end": 1611388067165,
    "duration": 1,
    "pid": 9688,
    "index": 13
  },
  {
    "name": "Require(10) node_modules/_egg-logrotator@3.1.0@egg-logrotator/config/config.default.js",
    "start": 1611388067165,
    "end": 1611388067166,
    "duration": 1,
    "pid": 9688,
    "index": 14
  },
  {
    "name": "Require(11) node_modules/_egg-static@2.2.0@egg-static/config/config.default.js",
    "start": 1611388067166,
    "end": 1611388067167,
    "duration": 1,
    "pid": 9688,
    "index": 15
  },
  {
    "name": "Require(12) node_modules/_egg-view@2.1.3@egg-view/config/config.default.js",
    "start": 1611388067167,
    "end": 1611388067168,
    "duration": 1,
    "pid": 9688,
    "index": 16
  },
  {
    "name": "Require(13) node_modules/_egg-view-ejs@2.0.1@egg-view-ejs/config/config.default.js",
    "start": 1611388067169,
    "end": 1611388067169,
    "duration": 0,
    "pid": 9688,
    "index": 17
  },
  {
    "name": "Require(14) node_modules/_egg@2.29.1@egg/config/config.default.js",
    "start": 1611388067170,
    "end": 1611388067170,
    "duration": 0,
    "pid": 9688,
    "index": 18
  },
  {
    "name": "Require(15) config/config.default.js",
    "start": 1611388067172,
    "end": 1611388067172,
    "duration": 0,
    "pid": 9688,
    "index": 19
  },
  {
    "name": "Require(16) node_modules/_egg-security@2.8.0@egg-security/config/config.local.js",
    "start": 1611388067173,
    "end": 1611388067173,
    "duration": 0,
    "pid": 9688,
    "index": 20
  },
  {
    "name": "Require(17) node_modules/_egg-watcher@3.1.1@egg-watcher/config/config.local.js",
    "start": 1611388067174,
    "end": 1611388067174,
    "duration": 0,
    "pid": 9688,
    "index": 21
  },
  {
    "name": "Require(18) node_modules/_egg-view@2.1.3@egg-view/config/config.local.js",
    "start": 1611388067176,
    "end": 1611388067176,
    "duration": 0,
    "pid": 9688,
    "index": 22
  },
  {
    "name": "Require(19) node_modules/_egg-view-ejs@2.0.1@egg-view-ejs/config/config.local.js",
    "start": 1611388067176,
    "end": 1611388067177,
    "duration": 1,
    "pid": 9688,
    "index": 23
  },
  {
    "name": "Require(20) node_modules/_egg@2.29.1@egg/config/config.local.js",
    "start": 1611388067177,
    "end": 1611388067177,
    "duration": 0,
    "pid": 9688,
    "index": 24
  },
  {
    "name": "Load extend/application.js",
    "start": 1611388067178,
    "end": 1611388067196,
    "duration": 18,
    "pid": 9688,
    "index": 25
  },
  {
    "name": "Require(21) node_modules/_egg-session@3.2.0@egg-session/app/extend/application.js",
    "start": 1611388067179,
    "end": 1611388067179,
    "duration": 0,
    "pid": 9688,
    "index": 26
  },
  {
    "name": "Require(22) node_modules/_egg-security@2.8.0@egg-security/app/extend/application.js",
    "start": 1611388067180,
    "end": 1611388067182,
    "duration": 2,
    "pid": 9688,
    "index": 27
  },
  {
    "name": "Require(23) node_modules/_egg-jsonp@2.0.0@egg-jsonp/app/extend/application.js",
    "start": 1611388067182,
    "end": 1611388067185,
    "duration": 3,
    "pid": 9688,
    "index": 28
  },
  {
    "name": "Require(24) node_modules/_egg-logrotator@3.1.0@egg-logrotator/app/extend/application.js",
    "start": 1611388067187,
    "end": 1611388067190,
    "duration": 3,
    "pid": 9688,
    "index": 29
  },
  {
    "name": "Require(25) node_modules/_egg-view@2.1.3@egg-view/app/extend/application.js",
    "start": 1611388067190,
    "end": 1611388067193,
    "duration": 3,
    "pid": 9688,
    "index": 30
  },
  {
    "name": "Load extend/request.js",
    "start": 1611388067196,
    "end": 1611388067206,
    "duration": 10,
    "pid": 9688,
    "index": 31
  },
  {
    "name": "Require(26) node_modules/_egg@2.29.1@egg/app/extend/request.js",
    "start": 1611388067201,
    "end": 1611388067203,
    "duration": 2,
    "pid": 9688,
    "index": 32
  },
  {
    "name": "Load extend/response.js",
    "start": 1611388067206,
    "end": 1611388067216,
    "duration": 10,
    "pid": 9688,
    "index": 33
  },
  {
    "name": "Require(27) node_modules/_egg@2.29.1@egg/app/extend/response.js",
    "start": 1611388067210,
    "end": 1611388067212,
    "duration": 2,
    "pid": 9688,
    "index": 34
  },
  {
    "name": "Load extend/context.js",
    "start": 1611388067216,
    "end": 1611388067294,
    "duration": 78,
    "pid": 9688,
    "index": 35
  },
  {
    "name": "Require(28) node_modules/_egg-security@2.8.0@egg-security/app/extend/context.js",
    "start": 1611388067217,
    "end": 1611388067233,
    "duration": 16,
    "pid": 9688,
    "index": 36
  },
  {
    "name": "Require(29) node_modules/_egg-jsonp@2.0.0@egg-jsonp/app/extend/context.js",
    "start": 1611388067234,
    "end": 1611388067236,
    "duration": 2,
    "pid": 9688,
    "index": 37
  },
  {
    "name": "Require(30) node_modules/_egg-i18n@2.1.1@egg-i18n/app/extend/context.js",
    "start": 1611388067236,
    "end": 1611388067237,
    "duration": 1,
    "pid": 9688,
    "index": 38
  },
  {
    "name": "Require(31) node_modules/_egg-multipart@2.10.3@egg-multipart/app/extend/context.js",
    "start": 1611388067238,
    "end": 1611388067287,
    "duration": 49,
    "pid": 9688,
    "index": 39
  },
  {
    "name": "Require(32) node_modules/_egg-view@2.1.3@egg-view/app/extend/context.js",
    "start": 1611388067288,
    "end": 1611388067289,
    "duration": 1,
    "pid": 9688,
    "index": 40
  },
  {
    "name": "Require(33) node_modules/_egg@2.29.1@egg/app/extend/context.js",
    "start": 1611388067289,
    "end": 1611388067291,
    "duration": 2,
    "pid": 9688,
    "index": 41
  },
  {
    "name": "Load extend/helper.js",
    "start": 1611388067294,
    "end": 1611388067319,
    "duration": 25,
    "pid": 9688,
    "index": 42
  },
  {
    "name": "Require(34) node_modules/_egg-security@2.8.0@egg-security/app/extend/helper.js",
    "start": 1611388067294,
    "end": 1611388067313,
    "duration": 19,
    "pid": 9688,
    "index": 43
  },
  {
    "name": "Require(35) node_modules/_egg@2.29.1@egg/app/extend/helper.js",
    "start": 1611388067316,
    "end": 1611388067316,
    "duration": 0,
    "pid": 9688,
    "index": 44
  },
  {
    "name": "Load app.js",
    "start": 1611388067319,
    "end": 1611388067357,
    "duration": 38,
    "pid": 9688,
    "index": 45
  },
  {
    "name": "Require(36) node_modules/_egg-session@3.2.0@egg-session/app.js",
    "start": 1611388067320,
    "end": 1611388067320,
    "duration": 0,
    "pid": 9688,
    "index": 46
  },
  {
    "name": "Require(37) node_modules/_egg-security@2.8.0@egg-security/app.js",
    "start": 1611388067320,
    "end": 1611388067322,
    "duration": 2,
    "pid": 9688,
    "index": 47
  },
  {
    "name": "Require(38) node_modules/_egg-onerror@2.1.0@egg-onerror/app.js",
    "start": 1611388067323,
    "end": 1611388067334,
    "duration": 11,
    "pid": 9688,
    "index": 48
  },
  {
    "name": "Require(39) node_modules/_egg-i18n@2.1.1@egg-i18n/app.js",
    "start": 1611388067335,
    "end": 1611388067344,
    "duration": 9,
    "pid": 9688,
    "index": 49
  },
  {
    "name": "Require(40) node_modules/_egg-watcher@3.1.1@egg-watcher/app.js",
    "start": 1611388067344,
    "end": 1611388067349,
    "duration": 5,
    "pid": 9688,
    "index": 50
  },
  {
    "name": "Require(41) node_modules/_egg-schedule@3.6.6@egg-schedule/app.js",
    "start": 1611388067350,
    "end": 1611388067352,
    "duration": 2,
    "pid": 9688,
    "index": 51
  },
  {
    "name": "Require(42) node_modules/_egg-multipart@2.10.3@egg-multipart/app.js",
    "start": 1611388067353,
    "end": 1611388067353,
    "duration": 0,
    "pid": 9688,
    "index": 52
  },
  {
    "name": "Require(43) node_modules/_egg-development@2.7.0@egg-development/app.js",
    "start": 1611388067354,
    "end": 1611388067354,
    "duration": 0,
    "pid": 9688,
    "index": 53
  },
  {
    "name": "Require(44) node_modules/_egg-logrotator@3.1.0@egg-logrotator/app.js",
    "start": 1611388067354,
    "end": 1611388067355,
    "duration": 1,
    "pid": 9688,
    "index": 54
  },
  {
    "name": "Require(45) node_modules/_egg-static@2.2.0@egg-static/app.js",
    "start": 1611388067355,
    "end": 1611388067355,
    "duration": 0,
    "pid": 9688,
    "index": 55
  },
  {
    "name": "Require(46) node_modules/_egg-view-ejs@2.0.1@egg-view-ejs/app.js",
    "start": 1611388067356,
    "end": 1611388067356,
    "duration": 0,
    "pid": 9688,
    "index": 56
  },
  {
    "name": "Before Start in node_modules/_egg-watcher@3.1.1@egg-watcher/lib/init.js:15:14",
    "start": 1611388067366,
    "end": 1611388067576,
    "duration": 210,
    "pid": 9688,
    "index": 57
  },
  {
    "name": "Load Service",
    "start": 1611388067404,
    "end": 1611388067412,
    "duration": 8,
    "pid": 9688,
    "index": 58
  },
  {
    "name": "Load \"service\" to Context",
    "start": 1611388067405,
    "end": 1611388067412,
    "duration": 7,
    "pid": 9688,
    "index": 59
  },
  {
    "name": "Load Middleware",
    "start": 1611388067412,
    "end": 1611388067554,
    "duration": 142,
    "pid": 9688,
    "index": 60
  },
  {
    "name": "Load \"middlewares\" to Application",
    "start": 1611388067412,
    "end": 1611388067539,
    "duration": 127,
    "pid": 9688,
    "index": 61
  },
  {
    "name": "Load Controller",
    "start": 1611388067554,
    "end": 1611388067561,
    "duration": 7,
    "pid": 9688,
    "index": 62
  },
  {
    "name": "Load \"controller\" to Application",
    "start": 1611388067554,
    "end": 1611388067561,
    "duration": 7,
    "pid": 9688,
    "index": 63
  },
  {
    "name": "Load Router",
    "start": 1611388067561,
    "end": 1611388067564,
    "duration": 3,
    "pid": 9688,
    "index": 64
  },
  {
    "name": "Require(47) app/router.js",
    "start": 1611388067562,
    "end": 1611388067562,
    "duration": 0,
    "pid": 9688,
    "index": 65
  },
  {
    "name": "Before Start in node_modules/_egg-core@4.20.0@egg-core/lib/egg.js:303:10",
    "start": 1611388067562,
    "end": 1611388067570,
    "duration": 8,
    "pid": 9688,
    "index": 66
  }
]