[
  {
    "name": "Process Start",
    "start": 1611388131795,
    "end": 1611388133057,
    "duration": 1262,
    "pid": 14900,
    "index": 0
  },
  {
    "name": "Application Start",
    "start": 1611388133057,
    "end": 1611388133504,
    "duration": 447,
    "pid": 14900,
    "index": 1
  },
  {
    "name": "Load Plugin",
    "start": 1611388133061,
    "end": 1611388133081,
    "duration": 20,
    "pid": 14900,
    "index": 2
  },
  {
    "name": "Load Config",
    "start": 1611388133081,
    "end": 1611388133104,
    "duration": 23,
    "pid": 14900,
    "index": 3
  },
  {
    "name": "Require(0) config/config.default.js",
    "start": 1611388133082,
    "end": 1611388133082,
    "duration": 0,
    "pid": 14900,
    "index": 4
  },
  {
    "name": "Require(1) node_modules/_egg-session@3.2.0@egg-session/config/config.default.js",
    "start": 1611388133083,
    "end": 1611388133084,
    "duration": 1,
    "pid": 14900,
    "index": 5
  },
  {
    "name": "Require(2) node_modules/_egg-security@2.8.0@egg-security/config/config.default.js",
    "start": 1611388133084,
    "end": 1611388133085,
    "duration": 1,
    "pid": 14900,
    "index": 6
  },
  {
    "name": "Require(3) node_modules/_egg-jsonp@2.0.0@egg-jsonp/config/config.default.js",
    "start": 1611388133086,
    "end": 1611388133086,
    "duration": 0,
    "pid": 14900,
    "index": 7
  },
  {
    "name": "Require(4) node_modules/_egg-onerror@2.1.0@egg-onerror/config/config.default.js",
    "start": 1611388133087,
    "end": 1611388133087,
    "duration": 0,
    "pid": 14900,
    "index": 8
  },
  {
    "name": "Require(5) node_modules/_egg-i18n@2.1.1@egg-i18n/config/config.default.js",
    "start": 1611388133088,
    "end": 1611388133088,
    "duration": 0,
    "pid": 14900,
    "index": 9
  },
  {
    "name": "Require(6) node_modules/_egg-watcher@3.1.1@egg-watcher/config/config.default.js",
    "start": 1611388133089,
    "end": 1611388133090,
    "duration": 1,
    "pid": 14900,
    "index": 10
  },
  {
    "name": "Require(7) node_modules/_egg-schedule@3.6.6@egg-schedule/config/config.default.js",
    "start": 1611388133090,
    "end": 1611388133091,
    "duration": 1,
    "pid": 14900,
    "index": 11
  },
  {
    "name": "Require(8) node_modules/_egg-multipart@2.10.3@egg-multipart/config/config.default.js",
    "start": 1611388133091,
    "end": 1611388133092,
    "duration": 1,
    "pid": 14900,
    "index": 12
  },
  {
    "name": "Require(9) node_modules/_egg-development@2.7.0@egg-development/config/config.default.js",
    "start": 1611388133092,
    "end": 1611388133093,
    "duration": 1,
    "pid": 14900,
    "index": 13
  },
  {
    "name": "Require(10) node_modules/_egg-logrotator@3.1.0@egg-logrotator/config/config.default.js",
    "start": 1611388133093,
    "end": 1611388133094,
    "duration": 1,
    "pid": 14900,
    "index": 14
  },
  {
    "name": "Require(11) node_modules/_egg-static@2.2.0@egg-static/config/config.default.js",
    "start": 1611388133094,
    "end": 1611388133095,
    "duration": 1,
    "pid": 14900,
    "index": 15
  },
  {
    "name": "Require(12) node_modules/_egg-view@2.1.3@egg-view/config/config.default.js",
    "start": 1611388133095,
    "end": 1611388133096,
    "duration": 1,
    "pid": 14900,
    "index": 16
  },
  {
    "name": "Require(13) node_modules/_egg-view-ejs@2.0.1@egg-view-ejs/config/config.default.js",
    "start": 1611388133096,
    "end": 1611388133097,
    "duration": 1,
    "pid": 14900,
    "index": 17
  },
  {
    "name": "Require(14) node_modules/_egg@2.29.1@egg/config/config.default.js",
    "start": 1611388133097,
    "end": 1611388133098,
    "duration": 1,
    "pid": 14900,
    "index": 18
  },
  {
    "name": "Require(15) config/config.default.js",
    "start": 1611388133099,
    "end": 1611388133099,
    "duration": 0,
    "pid": 14900,
    "index": 19
  },
  {
    "name": "Require(16) node_modules/_egg-security@2.8.0@egg-security/config/config.local.js",
    "start": 1611388133100,
    "end": 1611388133100,
    "duration": 0,
    "pid": 14900,
    "index": 20
  },
  {
    "name": "Require(17) node_modules/_egg-watcher@3.1.1@egg-watcher/config/config.local.js",
    "start": 1611388133101,
    "end": 1611388133101,
    "duration": 0,
    "pid": 14900,
    "index": 21
  },
  {
    "name": "Require(18) node_modules/_egg-view@2.1.3@egg-view/config/config.local.js",
    "start": 1611388133103,
    "end": 1611388133103,
    "duration": 0,
    "pid": 14900,
    "index": 22
  },
  {
    "name": "Require(19) node_modules/_egg-view-ejs@2.0.1@egg-view-ejs/config/config.local.js",
    "start": 1611388133103,
    "end": 1611388133104,
    "duration": 1,
    "pid": 14900,
    "index": 23
  },
  {
    "name": "Require(20) node_modules/_egg@2.29.1@egg/config/config.local.js",
    "start": 1611388133104,
    "end": 1611388133104,
    "duration": 0,
    "pid": 14900,
    "index": 24
  },
  {
    "name": "Load extend/application.js",
    "start": 1611388133106,
    "end": 1611388133123,
    "duration": 17,
    "pid": 14900,
    "index": 25
  },
  {
    "name": "Require(21) node_modules/_egg-session@3.2.0@egg-session/app/extend/application.js",
    "start": 1611388133106,
    "end": 1611388133107,
    "duration": 1,
    "pid": 14900,
    "index": 26
  },
  {
    "name": "Require(22) node_modules/_egg-security@2.8.0@egg-security/app/extend/application.js",
    "start": 1611388133107,
    "end": 1611388133109,
    "duration": 2,
    "pid": 14900,
    "index": 27
  },
  {
    "name": "Require(23) node_modules/_egg-jsonp@2.0.0@egg-jsonp/app/extend/application.js",
    "start": 1611388133109,
    "end": 1611388133112,
    "duration": 3,
    "pid": 14900,
    "index": 28
  },
  {
    "name": "Require(24) node_modules/_egg-logrotator@3.1.0@egg-logrotator/app/extend/application.js",
    "start": 1611388133113,
    "end": 1611388133117,
    "duration": 4,
    "pid": 14900,
    "index": 29
  },
  {
    "name": "Require(25) node_modules/_egg-view@2.1.3@egg-view/app/extend/application.js",
    "start": 1611388133117,
    "end": 1611388133119,
    "duration": 2,
    "pid": 14900,
    "index": 30
  },
  {
    "name": "Load extend/request.js",
    "start": 1611388133123,
    "end": 1611388133132,
    "duration": 9,
    "pid": 14900,
    "index": 31
  },
  {
    "name": "Require(26) node_modules/_egg@2.29.1@egg/app/extend/request.js",
    "start": 1611388133126,
    "end": 1611388133128,
    "duration": 2,
    "pid": 14900,
    "index": 32
  },
  {
    "name": "Load extend/response.js",
    "start": 1611388133132,
    "end": 1611388133144,
    "duration": 12,
    "pid": 14900,
    "index": 33
  },
  {
    "name": "Require(27) node_modules/_egg@2.29.1@egg/app/extend/response.js",
    "start": 1611388133137,
    "end": 1611388133140,
    "duration": 3,
    "pid": 14900,
    "index": 34
  },
  {
    "name": "Load extend/context.js",
    "start": 1611388133144,
    "end": 1611388133229,
    "duration": 85,
    "pid": 14900,
    "index": 35
  },
  {
    "name": "Require(28) node_modules/_egg-security@2.8.0@egg-security/app/extend/context.js",
    "start": 1611388133144,
    "end": 1611388133160,
    "duration": 16,
    "pid": 14900,
    "index": 36
  },
  {
    "name": "Require(29) node_modules/_egg-jsonp@2.0.0@egg-jsonp/app/extend/context.js",
    "start": 1611388133161,
    "end": 1611388133162,
    "duration": 1,
    "pid": 14900,
    "index": 37
  },
  {
    "name": "Require(30) node_modules/_egg-i18n@2.1.1@egg-i18n/app/extend/context.js",
    "start": 1611388133163,
    "end": 1611388133164,
    "duration": 1,
    "pid": 14900,
    "index": 38
  },
  {
    "name": "Require(31) node_modules/_egg-multipart@2.10.3@egg-multipart/app/extend/context.js",
    "start": 1611388133164,
    "end": 1611388133219,
    "duration": 55,
    "pid": 14900,
    "index": 39
  },
  {
    "name": "Require(32) node_modules/_egg-view@2.1.3@egg-view/app/extend/context.js",
    "start": 1611388133221,
    "end": 1611388133222,
    "duration": 1,
    "pid": 14900,
    "index": 40
  },
  {
    "name": "Require(33) node_modules/_egg@2.29.1@egg/app/extend/context.js",
    "start": 1611388133223,
    "end": 1611388133225,
    "duration": 2,
    "pid": 14900,
    "index": 41
  },
  {
    "name": "Load extend/helper.js",
    "start": 1611388133229,
    "end": 1611388133256,
    "duration": 27,
    "pid": 14900,
    "index": 42
  },
  {
    "name": "Require(34) node_modules/_egg-security@2.8.0@egg-security/app/extend/helper.js",
    "start": 1611388133230,
    "end": 1611388133249,
    "duration": 19,
    "pid": 14900,
    "index": 43
  },
  {
    "name": "Require(35) node_modules/_egg@2.29.1@egg/app/extend/helper.js",
    "start": 1611388133252,
    "end": 1611388133252,
    "duration": 0,
    "pid": 14900,
    "index": 44
  },
  {
    "name": "Load app.js",
    "start": 1611388133256,
    "end": 1611388133293,
    "duration": 37,
    "pid": 14900,
    "index": 45
  },
  {
    "name": "Require(36) node_modules/_egg-session@3.2.0@egg-session/app.js",
    "start": 1611388133257,
    "end": 1611388133257,
    "duration": 0,
    "pid": 14900,
    "index": 46
  },
  {
    "name": "Require(37) node_modules/_egg-security@2.8.0@egg-security/app.js",
    "start": 1611388133258,
    "end": 1611388133260,
    "duration": 2,
    "pid": 14900,
    "index": 47
  },
  {
    "name": "Require(38) node_modules/_egg-onerror@2.1.0@egg-onerror/app.js",
    "start": 1611388133261,
    "end": 1611388133272,
    "duration": 11,
    "pid": 14900,
    "index": 48
  },
  {
    "name": "Require(39) node_modules/_egg-i18n@2.1.1@egg-i18n/app.js",
    "start": 1611388133272,
    "end": 1611388133281,
    "duration": 9,
    "pid": 14900,
    "index": 49
  },
  {
    "name": "Require(40) node_modules/_egg-watcher@3.1.1@egg-watcher/app.js",
    "start": 1611388133281,
    "end": 1611388133286,
    "duration": 5,
    "pid": 14900,
    "index": 50
  },
  {
    "name": "Require(41) node_modules/_egg-schedule@3.6.6@egg-schedule/app.js",
    "start": 1611388133286,
    "end": 1611388133289,
    "duration": 3,
    "pid": 14900,
    "index": 51
  },
  {
    "name": "Require(42) node_modules/_egg-multipart@2.10.3@egg-multipart/app.js",
    "start": 1611388133289,
    "end": 1611388133289,
    "duration": 0,
    "pid": 14900,
    "index": 52
  },
  {
    "name": "Require(43) node_modules/_egg-development@2.7.0@egg-development/app.js",
    "start": 1611388133290,
    "end": 1611388133290,
    "duration": 0,
    "pid": 14900,
    "index": 53
  },
  {
    "name": "Require(44) node_modules/_egg-logrotator@3.1.0@egg-logrotator/app.js",
    "start": 1611388133291,
    "end": 1611388133291,
    "duration": 0,
    "pid": 14900,
    "index": 54
  },
  {
    "name": "Require(45) node_modules/_egg-static@2.2.0@egg-static/app.js",
    "start": 1611388133291,
    "end": 1611388133291,
    "duration": 0,
    "pid": 14900,
    "index": 55
  },
  {
    "name": "Require(46) node_modules/_egg-view-ejs@2.0.1@egg-view-ejs/app.js",
    "start": 1611388133292,
    "end": 1611388133292,
    "duration": 0,
    "pid": 14900,
    "index": 56
  },
  {
    "name": "Before Start in node_modules/_egg-watcher@3.1.1@egg-watcher/lib/init.js:15:14",
    "start": 1611388133302,
    "end": 1611388133504,
    "duration": 202,
    "pid": 14900,
    "index": 57
  },
  {
    "name": "Load Service",
    "start": 1611388133335,
    "end": 1611388133339,
    "duration": 4,
    "pid": 14900,
    "index": 58
  },
  {
    "name": "Load \"service\" to Context",
    "start": 1611388133335,
    "end": 1611388133339,
    "duration": 4,
    "pid": 14900,
    "index": 59
  },
  {
    "name": "Load Middleware",
    "start": 1611388133340,
    "end": 1611388133480,
    "duration": 140,
    "pid": 14900,
    "index": 60
  },
  {
    "name": "Load \"middlewares\" to Application",
    "start": 1611388133340,
    "end": 1611388133464,
    "duration": 124,
    "pid": 14900,
    "index": 61
  },
  {
    "name": "Load Controller",
    "start": 1611388133480,
    "end": 1611388133488,
    "duration": 8,
    "pid": 14900,
    "index": 62
  },
  {
    "name": "Load \"controller\" to Application",
    "start": 1611388133480,
    "end": 1611388133488,
    "duration": 8,
    "pid": 14900,
    "index": 63
  },
  {
    "name": "Load Router",
    "start": 1611388133488,
    "end": 1611388133491,
    "duration": 3,
    "pid": 14900,
    "index": 64
  },
  {
    "name": "Require(47) app/router.js",
    "start": 1611388133488,
    "end": 1611388133489,
    "duration": 1,
    "pid": 14900,
    "index": 65
  },
  {
    "name": "Before Start in node_modules/_egg-core@4.20.0@egg-core/lib/egg.js:303:10",
    "start": 1611388133489,
    "end": 1611388133497,
    "duration": 8,
    "pid": 14900,
    "index": 66
  }
]