[
  {
    "name": "Process Start",
    "start": 1611388075685,
    "end": 1611388076991,
    "duration": 1306,
    "pid": 10164,
    "index": 0
  },
  {
    "name": "Application Start",
    "start": 1611388076992,
    "end": 1611388077601,
    "duration": 609,
    "pid": 10164,
    "index": 1
  },
  {
    "name": "Load Plugin",
    "start": 1611388076998,
    "end": 1611388077022,
    "duration": 24,
    "pid": 10164,
    "index": 2
  },
  {
    "name": "Load Config",
    "start": 1611388077022,
    "end": 1611388077050,
    "duration": 28,
    "pid": 10164,
    "index": 3
  },
  {
    "name": "Require(0) config/config.default.js",
    "start": 1611388077023,
    "end": 1611388077023,
    "duration": 0,
    "pid": 10164,
    "index": 4
  },
  {
    "name": "Require(1) node_modules/_egg-session@3.2.0@egg-session/config/config.default.js",
    "start": 1611388077025,
    "end": 1611388077025,
    "duration": 0,
    "pid": 10164,
    "index": 5
  },
  {
    "name": "Require(2) node_modules/_egg-security@2.8.0@egg-security/config/config.default.js",
    "start": 1611388077026,
    "end": 1611388077027,
    "duration": 1,
    "pid": 10164,
    "index": 6
  },
  {
    "name": "Require(3) node_modules/_egg-jsonp@2.0.0@egg-jsonp/config/config.default.js",
    "start": 1611388077028,
    "end": 1611388077028,
    "duration": 0,
    "pid": 10164,
    "index": 7
  },
  {
    "name": "Require(4) node_modules/_egg-onerror@2.1.0@egg-onerror/config/config.default.js",
    "start": 1611388077029,
    "end": 1611388077029,
    "duration": 0,
    "pid": 10164,
    "index": 8
  },
  {
    "name": "Require(5) node_modules/_egg-i18n@2.1.1@egg-i18n/config/config.default.js",
    "start": 1611388077030,
    "end": 1611388077031,
    "duration": 1,
    "pid": 10164,
    "index": 9
  },
  {
    "name": "Require(6) node_modules/_egg-watcher@3.1.1@egg-watcher/config/config.default.js",
    "start": 1611388077031,
    "end": 1611388077032,
    "duration": 1,
    "pid": 10164,
    "index": 10
  },
  {
    "name": "Require(7) node_modules/_egg-schedule@3.6.6@egg-schedule/config/config.default.js",
    "start": 1611388077032,
    "end": 1611388077033,
    "duration": 1,
    "pid": 10164,
    "index": 11
  },
  {
    "name": "Require(8) node_modules/_egg-multipart@2.10.3@egg-multipart/config/config.default.js",
    "start": 1611388077033,
    "end": 1611388077034,
    "duration": 1,
    "pid": 10164,
    "index": 12
  },
  {
    "name": "Require(9) node_modules/_egg-development@2.7.0@egg-development/config/config.default.js",
    "start": 1611388077035,
    "end": 1611388077035,
    "duration": 0,
    "pid": 10164,
    "index": 13
  },
  {
    "name": "Require(10) node_modules/_egg-logrotator@3.1.0@egg-logrotator/config/config.default.js",
    "start": 1611388077036,
    "end": 1611388077037,
    "duration": 1,
    "pid": 10164,
    "index": 14
  },
  {
    "name": "Require(11) node_modules/_egg-static@2.2.0@egg-static/config/config.default.js",
    "start": 1611388077037,
    "end": 1611388077038,
    "duration": 1,
    "pid": 10164,
    "index": 15
  },
  {
    "name": "Require(12) node_modules/_egg-view@2.1.3@egg-view/config/config.default.js",
    "start": 1611388077038,
    "end": 1611388077039,
    "duration": 1,
    "pid": 10164,
    "index": 16
  },
  {
    "name": "Require(13) node_modules/_egg-view-ejs@2.0.1@egg-view-ejs/config/config.default.js",
    "start": 1611388077040,
    "end": 1611388077040,
    "duration": 0,
    "pid": 10164,
    "index": 17
  },
  {
    "name": "Require(14) node_modules/_egg@2.29.1@egg/config/config.default.js",
    "start": 1611388077041,
    "end": 1611388077042,
    "duration": 1,
    "pid": 10164,
    "index": 18
  },
  {
    "name": "Require(15) config/config.default.js",
    "start": 1611388077043,
    "end": 1611388077043,
    "duration": 0,
    "pid": 10164,
    "index": 19
  },
  {
    "name": "Require(16) node_modules/_egg-security@2.8.0@egg-security/config/config.local.js",
    "start": 1611388077044,
    "end": 1611388077044,
    "duration": 0,
    "pid": 10164,
    "index": 20
  },
  {
    "name": "Require(17) node_modules/_egg-watcher@3.1.1@egg-watcher/config/config.local.js",
    "start": 1611388077046,
    "end": 1611388077046,
    "duration": 0,
    "pid": 10164,
    "index": 21
  },
  {
    "name": "Require(18) node_modules/_egg-view@2.1.3@egg-view/config/config.local.js",
    "start": 1611388077048,
    "end": 1611388077048,
    "duration": 0,
    "pid": 10164,
    "index": 22
  },
  {
    "name": "Require(19) node_modules/_egg-view-ejs@2.0.1@egg-view-ejs/config/config.local.js",
    "start": 1611388077049,
    "end": 1611388077049,
    "duration": 0,
    "pid": 10164,
    "index": 23
  },
  {
    "name": "Require(20) node_modules/_egg@2.29.1@egg/config/config.local.js",
    "start": 1611388077050,
    "end": 1611388077050,
    "duration": 0,
    "pid": 10164,
    "index": 24
  },
  {
    "name": "Load extend/application.js",
    "start": 1611388077051,
    "end": 1611388077073,
    "duration": 22,
    "pid": 10164,
    "index": 25
  },
  {
    "name": "Require(21) node_modules/_egg-session@3.2.0@egg-session/app/extend/application.js",
    "start": 1611388077052,
    "end": 1611388077053,
    "duration": 1,
    "pid": 10164,
    "index": 26
  },
  {
    "name": "Require(22) node_modules/_egg-security@2.8.0@egg-security/app/extend/application.js",
    "start": 1611388077053,
    "end": 1611388077055,
    "duration": 2,
    "pid": 10164,
    "index": 27
  },
  {
    "name": "Require(23) node_modules/_egg-jsonp@2.0.0@egg-jsonp/app/extend/application.js",
    "start": 1611388077056,
    "end": 1611388077059,
    "duration": 3,
    "pid": 10164,
    "index": 28
  },
  {
    "name": "Require(24) node_modules/_egg-logrotator@3.1.0@egg-logrotator/app/extend/application.js",
    "start": 1611388077061,
    "end": 1611388077065,
    "duration": 4,
    "pid": 10164,
    "index": 29
  },
  {
    "name": "Require(25) node_modules/_egg-view@2.1.3@egg-view/app/extend/application.js",
    "start": 1611388077066,
    "end": 1611388077069,
    "duration": 3,
    "pid": 10164,
    "index": 30
  },
  {
    "name": "Load extend/request.js",
    "start": 1611388077073,
    "end": 1611388077087,
    "duration": 14,
    "pid": 10164,
    "index": 31
  },
  {
    "name": "Require(26) node_modules/_egg@2.29.1@egg/app/extend/request.js",
    "start": 1611388077077,
    "end": 1611388077082,
    "duration": 5,
    "pid": 10164,
    "index": 32
  },
  {
    "name": "Load extend/response.js",
    "start": 1611388077087,
    "end": 1611388077099,
    "duration": 12,
    "pid": 10164,
    "index": 33
  },
  {
    "name": "Require(27) node_modules/_egg@2.29.1@egg/app/extend/response.js",
    "start": 1611388077091,
    "end": 1611388077094,
    "duration": 3,
    "pid": 10164,
    "index": 34
  },
  {
    "name": "Load extend/context.js",
    "start": 1611388077100,
    "end": 1611388077201,
    "duration": 101,
    "pid": 10164,
    "index": 35
  },
  {
    "name": "Require(28) node_modules/_egg-security@2.8.0@egg-security/app/extend/context.js",
    "start": 1611388077100,
    "end": 1611388077123,
    "duration": 23,
    "pid": 10164,
    "index": 36
  },
  {
    "name": "Require(29) node_modules/_egg-jsonp@2.0.0@egg-jsonp/app/extend/context.js",
    "start": 1611388077123,
    "end": 1611388077125,
    "duration": 2,
    "pid": 10164,
    "index": 37
  },
  {
    "name": "Require(30) node_modules/_egg-i18n@2.1.1@egg-i18n/app/extend/context.js",
    "start": 1611388077126,
    "end": 1611388077127,
    "duration": 1,
    "pid": 10164,
    "index": 38
  },
  {
    "name": "Require(31) node_modules/_egg-multipart@2.10.3@egg-multipart/app/extend/context.js",
    "start": 1611388077128,
    "end": 1611388077192,
    "duration": 64,
    "pid": 10164,
    "index": 39
  },
  {
    "name": "Require(32) node_modules/_egg-view@2.1.3@egg-view/app/extend/context.js",
    "start": 1611388077193,
    "end": 1611388077194,
    "duration": 1,
    "pid": 10164,
    "index": 40
  },
  {
    "name": "Require(33) node_modules/_egg@2.29.1@egg/app/extend/context.js",
    "start": 1611388077195,
    "end": 1611388077197,
    "duration": 2,
    "pid": 10164,
    "index": 41
  },
  {
    "name": "Load extend/helper.js",
    "start": 1611388077201,
    "end": 1611388077232,
    "duration": 31,
    "pid": 10164,
    "index": 42
  },
  {
    "name": "Require(34) node_modules/_egg-security@2.8.0@egg-security/app/extend/helper.js",
    "start": 1611388077202,
    "end": 1611388077225,
    "duration": 23,
    "pid": 10164,
    "index": 43
  },
  {
    "name": "Require(35) node_modules/_egg@2.29.1@egg/app/extend/helper.js",
    "start": 1611388077228,
    "end": 1611388077229,
    "duration": 1,
    "pid": 10164,
    "index": 44
  },
  {
    "name": "Load app.js",
    "start": 1611388077233,
    "end": 1611388077279,
    "duration": 46,
    "pid": 10164,
    "index": 45
  },
  {
    "name": "Require(36) node_modules/_egg-session@3.2.0@egg-session/app.js",
    "start": 1611388077233,
    "end": 1611388077234,
    "duration": 1,
    "pid": 10164,
    "index": 46
  },
  {
    "name": "Require(37) node_modules/_egg-security@2.8.0@egg-security/app.js",
    "start": 1611388077234,
    "end": 1611388077237,
    "duration": 3,
    "pid": 10164,
    "index": 47
  },
  {
    "name": "Require(38) node_modules/_egg-onerror@2.1.0@egg-onerror/app.js",
    "start": 1611388077238,
    "end": 1611388077252,
    "duration": 14,
    "pid": 10164,
    "index": 48
  },
  {
    "name": "Require(39) node_modules/_egg-i18n@2.1.1@egg-i18n/app.js",
    "start": 1611388077253,
    "end": 1611388077265,
    "duration": 12,
    "pid": 10164,
    "index": 49
  },
  {
    "name": "Require(40) node_modules/_egg-watcher@3.1.1@egg-watcher/app.js",
    "start": 1611388077265,
    "end": 1611388077271,
    "duration": 6,
    "pid": 10164,
    "index": 50
  },
  {
    "name": "Require(41) node_modules/_egg-schedule@3.6.6@egg-schedule/app.js",
    "start": 1611388077271,
    "end": 1611388077274,
    "duration": 3,
    "pid": 10164,
    "index": 51
  },
  {
    "name": "Require(42) node_modules/_egg-multipart@2.10.3@egg-multipart/app.js",
    "start": 1611388077274,
    "end": 1611388077275,
    "duration": 1,
    "pid": 10164,
    "index": 52
  },
  {
    "name": "Require(43) node_modules/_egg-development@2.7.0@egg-development/app.js",
    "start": 1611388077275,
    "end": 1611388077275,
    "duration": 0,
    "pid": 10164,
    "index": 53
  },
  {
    "name": "Require(44) node_modules/_egg-logrotator@3.1.0@egg-logrotator/app.js",
    "start": 1611388077276,
    "end": 1611388077276,
    "duration": 0,
    "pid": 10164,
    "index": 54
  },
  {
    "name": "Require(45) node_modules/_egg-static@2.2.0@egg-static/app.js",
    "start": 1611388077276,
    "end": 1611388077277,
    "duration": 1,
    "pid": 10164,
    "index": 55
  },
  {
    "name": "Require(46) node_modules/_egg-view-ejs@2.0.1@egg-view-ejs/app.js",
    "start": 1611388077277,
    "end": 1611388077278,
    "duration": 1,
    "pid": 10164,
    "index": 56
  },
  {
    "name": "Before Start in node_modules/_egg-watcher@3.1.1@egg-watcher/lib/init.js:15:14",
    "start": 1611388077290,
    "end": 1611388077600,
    "duration": 310,
    "pid": 10164,
    "index": 57
  },
  {
    "name": "Load Service",
    "start": 1611388077350,
    "end": 1611388077359,
    "duration": 9,
    "pid": 10164,
    "index": 58
  },
  {
    "name": "Load \"service\" to Context",
    "start": 1611388077350,
    "end": 1611388077359,
    "duration": 9,
    "pid": 10164,
    "index": 59
  },
  {
    "name": "Load Middleware",
    "start": 1611388077359,
    "end": 1611388077568,
    "duration": 209,
    "pid": 10164,
    "index": 60
  },
  {
    "name": "Load \"middlewares\" to Application",
    "start": 1611388077359,
    "end": 1611388077542,
    "duration": 183,
    "pid": 10164,
    "index": 61
  },
  {
    "name": "Load Controller",
    "start": 1611388077569,
    "end": 1611388077581,
    "duration": 12,
    "pid": 10164,
    "index": 62
  },
  {
    "name": "Load \"controller\" to Application",
    "start": 1611388077569,
    "end": 1611388077581,
    "duration": 12,
    "pid": 10164,
    "index": 63
  },
  {
    "name": "Load Router",
    "start": 1611388077581,
    "end": 1611388077585,
    "duration": 4,
    "pid": 10164,
    "index": 64
  },
  {
    "name": "Require(47) app/router.js",
    "start": 1611388077581,
    "end": 1611388077582,
    "duration": 1,
    "pid": 10164,
    "index": 65
  },
  {
    "name": "Before Start in node_modules/_egg-core@4.20.0@egg-core/lib/egg.js:303:10",
    "start": 1611388077582,
    "end": 1611388077592,
    "duration": 10,
    "pid": 10164,
    "index": 66
  }
]