[
  {
    "name": "Process Start",
    "start": 1611388067666,
    "end": 1611388068781,
    "duration": 1115,
    "pid": 18560,
    "index": 0
  },
  {
    "name": "Application Start",
    "start": 1611388068781,
    "end": 1611388069215,
    "duration": 434,
    "pid": 18560,
    "index": 1
  },
  {
    "name": "Load Plugin",
    "start": 1611388068785,
    "end": 1611388068805,
    "duration": 20,
    "pid": 18560,
    "index": 2
  },
  {
    "name": "Load Config",
    "start": 1611388068805,
    "end": 1611388068828,
    "duration": 23,
    "pid": 18560,
    "index": 3
  },
  {
    "name": "Require(0) config/config.default.js",
    "start": 1611388068806,
    "end": 1611388068806,
    "duration": 0,
    "pid": 18560,
    "index": 4
  },
  {
    "name": "Require(1) node_modules/_egg-session@3.2.0@egg-session/config/config.default.js",
    "start": 1611388068808,
    "end": 1611388068808,
    "duration": 0,
    "pid": 18560,
    "index": 5
  },
  {
    "name": "Require(2) node_modules/_egg-security@2.8.0@egg-security/config/config.default.js",
    "start": 1611388068809,
    "end": 1611388068809,
    "duration": 0,
    "pid": 18560,
    "index": 6
  },
  {
    "name": "Require(3) node_modules/_egg-jsonp@2.0.0@egg-jsonp/config/config.default.js",
    "start": 1611388068810,
    "end": 1611388068811,
    "duration": 1,
    "pid": 18560,
    "index": 7
  },
  {
    "name": "Require(4) node_modules/_egg-onerror@2.1.0@egg-onerror/config/config.default.js",
    "start": 1611388068811,
    "end": 1611388068812,
    "duration": 1,
    "pid": 18560,
    "index": 8
  },
  {
    "name": "Require(5) node_modules/_egg-i18n@2.1.1@egg-i18n/config/config.default.js",
    "start": 1611388068812,
    "end": 1611388068812,
    "duration": 0,
    "pid": 18560,
    "index": 9
  },
  {
    "name": "Require(6) node_modules/_egg-watcher@3.1.1@egg-watcher/config/config.default.js",
    "start": 1611388068813,
    "end": 1611388068814,
    "duration": 1,
    "pid": 18560,
    "index": 10
  },
  {
    "name": "Require(7) node_modules/_egg-schedule@3.6.6@egg-schedule/config/config.default.js",
    "start": 1611388068814,
    "end": 1611388068815,
    "duration": 1,
    "pid": 18560,
    "index": 11
  },
  {
    "name": "Require(8) node_modules/_egg-multipart@2.10.3@egg-multipart/config/config.default.js",
    "start": 1611388068815,
    "end": 1611388068816,
    "duration": 1,
    "pid": 18560,
    "index": 12
  },
  {
    "name": "Require(9) node_modules/_egg-development@2.7.0@egg-development/config/config.default.js",
    "start": 1611388068816,
    "end": 1611388068817,
    "duration": 1,
    "pid": 18560,
    "index": 13
  },
  {
    "name": "Require(10) node_modules/_egg-logrotator@3.1.0@egg-logrotator/config/config.default.js",
    "start": 1611388068817,
    "end": 1611388068818,
    "duration": 1,
    "pid": 18560,
    "index": 14
  },
  {
    "name": "Require(11) node_modules/_egg-static@2.2.0@egg-static/config/config.default.js",
    "start": 1611388068818,
    "end": 1611388068819,
    "duration": 1,
    "pid": 18560,
    "index": 15
  },
  {
    "name": "Require(12) node_modules/_egg-view@2.1.3@egg-view/config/config.default.js",
    "start": 1611388068819,
    "end": 1611388068819,
    "duration": 0,
    "pid": 18560,
    "index": 16
  },
  {
    "name": "Require(13) node_modules/_egg-view-ejs@2.0.1@egg-view-ejs/config/config.default.js",
    "start": 1611388068820,
    "end": 1611388068820,
    "duration": 0,
    "pid": 18560,
    "index": 17
  },
  {
    "name": "Require(14) node_modules/_egg@2.29.1@egg/config/config.default.js",
    "start": 1611388068821,
    "end": 1611388068821,
    "duration": 0,
    "pid": 18560,
    "index": 18
  },
  {
    "name": "Require(15) config/config.default.js",
    "start": 1611388068822,
    "end": 1611388068822,
    "duration": 0,
    "pid": 18560,
    "index": 19
  },
  {
    "name": "Require(16) node_modules/_egg-security@2.8.0@egg-security/config/config.local.js",
    "start": 1611388068823,
    "end": 1611388068823,
    "duration": 0,
    "pid": 18560,
    "index": 20
  },
  {
    "name": "Require(17) node_modules/_egg-watcher@3.1.1@egg-watcher/config/config.local.js",
    "start": 1611388068824,
    "end": 1611388068825,
    "duration": 1,
    "pid": 18560,
    "index": 21
  },
  {
    "name": "Require(18) node_modules/_egg-view@2.1.3@egg-view/config/config.local.js",
    "start": 1611388068826,
    "end": 1611388068826,
    "duration": 0,
    "pid": 18560,
    "index": 22
  },
  {
    "name": "Require(19) node_modules/_egg-view-ejs@2.0.1@egg-view-ejs/config/config.local.js",
    "start": 1611388068827,
    "end": 1611388068827,
    "duration": 0,
    "pid": 18560,
    "index": 23
  },
  {
    "name": "Require(20) node_modules/_egg@2.29.1@egg/config/config.local.js",
    "start": 1611388068827,
    "end": 1611388068828,
    "duration": 1,
    "pid": 18560,
    "index": 24
  },
  {
    "name": "Load extend/application.js",
    "start": 1611388068829,
    "end": 1611388068845,
    "duration": 16,
    "pid": 18560,
    "index": 25
  },
  {
    "name": "Require(21) node_modules/_egg-session@3.2.0@egg-session/app/extend/application.js",
    "start": 1611388068829,
    "end": 1611388068830,
    "duration": 1,
    "pid": 18560,
    "index": 26
  },
  {
    "name": "Require(22) node_modules/_egg-security@2.8.0@egg-security/app/extend/application.js",
    "start": 1611388068830,
    "end": 1611388068832,
    "duration": 2,
    "pid": 18560,
    "index": 27
  },
  {
    "name": "Require(23) node_modules/_egg-jsonp@2.0.0@egg-jsonp/app/extend/application.js",
    "start": 1611388068832,
    "end": 1611388068834,
    "duration": 2,
    "pid": 18560,
    "index": 28
  },
  {
    "name": "Require(24) node_modules/_egg-logrotator@3.1.0@egg-logrotator/app/extend/application.js",
    "start": 1611388068836,
    "end": 1611388068839,
    "duration": 3,
    "pid": 18560,
    "index": 29
  },
  {
    "name": "Require(25) node_modules/_egg-view@2.1.3@egg-view/app/extend/application.js",
    "start": 1611388068839,
    "end": 1611388068841,
    "duration": 2,
    "pid": 18560,
    "index": 30
  },
  {
    "name": "Load extend/request.js",
    "start": 1611388068845,
    "end": 1611388068853,
    "duration": 8,
    "pid": 18560,
    "index": 31
  },
  {
    "name": "Require(26) node_modules/_egg@2.29.1@egg/app/extend/request.js",
    "start": 1611388068848,
    "end": 1611388068850,
    "duration": 2,
    "pid": 18560,
    "index": 32
  },
  {
    "name": "Load extend/response.js",
    "start": 1611388068853,
    "end": 1611388068863,
    "duration": 10,
    "pid": 18560,
    "index": 33
  },
  {
    "name": "Require(27) node_modules/_egg@2.29.1@egg/app/extend/response.js",
    "start": 1611388068857,
    "end": 1611388068860,
    "duration": 3,
    "pid": 18560,
    "index": 34
  },
  {
    "name": "Load extend/context.js",
    "start": 1611388068863,
    "end": 1611388068940,
    "duration": 77,
    "pid": 18560,
    "index": 35
  },
  {
    "name": "Require(28) node_modules/_egg-security@2.8.0@egg-security/app/extend/context.js",
    "start": 1611388068864,
    "end": 1611388068877,
    "duration": 13,
    "pid": 18560,
    "index": 36
  },
  {
    "name": "Require(29) node_modules/_egg-jsonp@2.0.0@egg-jsonp/app/extend/context.js",
    "start": 1611388068878,
    "end": 1611388068879,
    "duration": 1,
    "pid": 18560,
    "index": 37
  },
  {
    "name": "Require(30) node_modules/_egg-i18n@2.1.1@egg-i18n/app/extend/context.js",
    "start": 1611388068880,
    "end": 1611388068880,
    "duration": 0,
    "pid": 18560,
    "index": 38
  },
  {
    "name": "Require(31) node_modules/_egg-multipart@2.10.3@egg-multipart/app/extend/context.js",
    "start": 1611388068881,
    "end": 1611388068933,
    "duration": 52,
    "pid": 18560,
    "index": 39
  },
  {
    "name": "Require(32) node_modules/_egg-view@2.1.3@egg-view/app/extend/context.js",
    "start": 1611388068934,
    "end": 1611388068935,
    "duration": 1,
    "pid": 18560,
    "index": 40
  },
  {
    "name": "Require(33) node_modules/_egg@2.29.1@egg/app/extend/context.js",
    "start": 1611388068935,
    "end": 1611388068937,
    "duration": 2,
    "pid": 18560,
    "index": 41
  },
  {
    "name": "Load extend/helper.js",
    "start": 1611388068940,
    "end": 1611388068963,
    "duration": 23,
    "pid": 18560,
    "index": 42
  },
  {
    "name": "Require(34) node_modules/_egg-security@2.8.0@egg-security/app/extend/helper.js",
    "start": 1611388068940,
    "end": 1611388068957,
    "duration": 17,
    "pid": 18560,
    "index": 43
  },
  {
    "name": "Require(35) node_modules/_egg@2.29.1@egg/app/extend/helper.js",
    "start": 1611388068960,
    "end": 1611388068960,
    "duration": 0,
    "pid": 18560,
    "index": 44
  },
  {
    "name": "Load app.js",
    "start": 1611388068963,
    "end": 1611388069001,
    "duration": 38,
    "pid": 18560,
    "index": 45
  },
  {
    "name": "Require(36) node_modules/_egg-session@3.2.0@egg-session/app.js",
    "start": 1611388068964,
    "end": 1611388068964,
    "duration": 0,
    "pid": 18560,
    "index": 46
  },
  {
    "name": "Require(37) node_modules/_egg-security@2.8.0@egg-security/app.js",
    "start": 1611388068965,
    "end": 1611388068967,
    "duration": 2,
    "pid": 18560,
    "index": 47
  },
  {
    "name": "Require(38) node_modules/_egg-onerror@2.1.0@egg-onerror/app.js",
    "start": 1611388068968,
    "end": 1611388068980,
    "duration": 12,
    "pid": 18560,
    "index": 48
  },
  {
    "name": "Require(39) node_modules/_egg-i18n@2.1.1@egg-i18n/app.js",
    "start": 1611388068981,
    "end": 1611388068989,
    "duration": 8,
    "pid": 18560,
    "index": 49
  },
  {
    "name": "Require(40) node_modules/_egg-watcher@3.1.1@egg-watcher/app.js",
    "start": 1611388068989,
    "end": 1611388068994,
    "duration": 5,
    "pid": 18560,
    "index": 50
  },
  {
    "name": "Require(41) node_modules/_egg-schedule@3.6.6@egg-schedule/app.js",
    "start": 1611388068994,
    "end": 1611388068996,
    "duration": 2,
    "pid": 18560,
    "index": 51
  },
  {
    "name": "Require(42) node_modules/_egg-multipart@2.10.3@egg-multipart/app.js",
    "start": 1611388068996,
    "end": 1611388068997,
    "duration": 1,
    "pid": 18560,
    "index": 52
  },
  {
    "name": "Require(43) node_modules/_egg-development@2.7.0@egg-development/app.js",
    "start": 1611388068997,
    "end": 1611388068998,
    "duration": 1,
    "pid": 18560,
    "index": 53
  },
  {
    "name": "Require(44) node_modules/_egg-logrotator@3.1.0@egg-logrotator/app.js",
    "start": 1611388068999,
    "end": 1611388068999,
    "duration": 0,
    "pid": 18560,
    "index": 54
  },
  {
    "name": "Require(45) node_modules/_egg-static@2.2.0@egg-static/app.js",
    "start": 1611388068999,
    "end": 1611388068999,
    "duration": 0,
    "pid": 18560,
    "index": 55
  },
  {
    "name": "Require(46) node_modules/_egg-view-ejs@2.0.1@egg-view-ejs/app.js",
    "start": 1611388069000,
    "end": 1611388069000,
    "duration": 0,
    "pid": 18560,
    "index": 56
  },
  {
    "name": "Before Start in node_modules/_egg-watcher@3.1.1@egg-watcher/lib/init.js:15:14",
    "start": 1611388069009,
    "end": 1611388069215,
    "duration": 206,
    "pid": 18560,
    "index": 57
  },
  {
    "name": "Load Service",
    "start": 1611388069041,
    "end": 1611388069045,
    "duration": 4,
    "pid": 18560,
    "index": 58
  },
  {
    "name": "Load \"service\" to Context",
    "start": 1611388069041,
    "end": 1611388069045,
    "duration": 4,
    "pid": 18560,
    "index": 59
  },
  {
    "name": "Load Middleware",
    "start": 1611388069046,
    "end": 1611388069194,
    "duration": 148,
    "pid": 18560,
    "index": 60
  },
  {
    "name": "Load \"middlewares\" to Application",
    "start": 1611388069046,
    "end": 1611388069177,
    "duration": 131,
    "pid": 18560,
    "index": 61
  },
  {
    "name": "Load Controller",
    "start": 1611388069194,
    "end": 1611388069201,
    "duration": 7,
    "pid": 18560,
    "index": 62
  },
  {
    "name": "Load \"controller\" to Application",
    "start": 1611388069194,
    "end": 1611388069201,
    "duration": 7,
    "pid": 18560,
    "index": 63
  },
  {
    "name": "Load Router",
    "start": 1611388069201,
    "end": 1611388069203,
    "duration": 2,
    "pid": 18560,
    "index": 64
  },
  {
    "name": "Require(47) app/router.js",
    "start": 1611388069201,
    "end": 1611388069201,
    "duration": 0,
    "pid": 18560,
    "index": 65
  },
  {
    "name": "Before Start in node_modules/_egg-core@4.20.0@egg-core/lib/egg.js:303:10",
    "start": 1611388069202,
    "end": 1611388069209,
    "duration": 7,
    "pid": 18560,
    "index": 66
  }
]