[
  {
    "name": "Process Start",
    "start": 1611388122592,
    "end": 1611388123845,
    "duration": 1253,
    "pid": 15364,
    "index": 0
  },
  {
    "name": "Application Start",
    "start": 1611388123846,
    "end": 1611388124309,
    "duration": 463,
    "pid": 15364,
    "index": 1
  },
  {
    "name": "Load Plugin",
    "start": 1611388123850,
    "end": 1611388123872,
    "duration": 22,
    "pid": 15364,
    "index": 2
  },
  {
    "name": "Load Config",
    "start": 1611388123872,
    "end": 1611388123897,
    "duration": 25,
    "pid": 15364,
    "index": 3
  },
  {
    "name": "Require(0) config/config.default.js",
    "start": 1611388123873,
    "end": 1611388123873,
    "duration": 0,
    "pid": 15364,
    "index": 4
  },
  {
    "name": "Require(1) node_modules/_egg-session@3.2.0@egg-session/config/config.default.js",
    "start": 1611388123875,
    "end": 1611388123876,
    "duration": 1,
    "pid": 15364,
    "index": 5
  },
  {
    "name": "Require(2) node_modules/_egg-security@2.8.0@egg-security/config/config.default.js",
    "start": 1611388123876,
    "end": 1611388123877,
    "duration": 1,
    "pid": 15364,
    "index": 6
  },
  {
    "name": "Require(3) node_modules/_egg-jsonp@2.0.0@egg-jsonp/config/config.default.js",
    "start": 1611388123878,
    "end": 1611388123878,
    "duration": 0,
    "pid": 15364,
    "index": 7
  },
  {
    "name": "Require(4) node_modules/_egg-onerror@2.1.0@egg-onerror/config/config.default.js",
    "start": 1611388123879,
    "end": 1611388123879,
    "duration": 0,
    "pid": 15364,
    "index": 8
  },
  {
    "name": "Require(5) node_modules/_egg-i18n@2.1.1@egg-i18n/config/config.default.js",
    "start": 1611388123880,
    "end": 1611388123880,
    "duration": 0,
    "pid": 15364,
    "index": 9
  },
  {
    "name": "Require(6) node_modules/_egg-watcher@3.1.1@egg-watcher/config/config.default.js",
    "start": 1611388123881,
    "end": 1611388123881,
    "duration": 0,
    "pid": 15364,
    "index": 10
  },
  {
    "name": "Require(7) node_modules/_egg-schedule@3.6.6@egg-schedule/config/config.default.js",
    "start": 1611388123882,
    "end": 1611388123882,
    "duration": 0,
    "pid": 15364,
    "index": 11
  },
  {
    "name": "Require(8) node_modules/_egg-multipart@2.10.3@egg-multipart/config/config.default.js",
    "start": 1611388123883,
    "end": 1611388123883,
    "duration": 0,
    "pid": 15364,
    "index": 12
  },
  {
    "name": "Require(9) node_modules/_egg-development@2.7.0@egg-development/config/config.default.js",
    "start": 1611388123884,
    "end": 1611388123884,
    "duration": 0,
    "pid": 15364,
    "index": 13
  },
  {
    "name": "Require(10) node_modules/_egg-logrotator@3.1.0@egg-logrotator/config/config.default.js",
    "start": 1611388123885,
    "end": 1611388123885,
    "duration": 0,
    "pid": 15364,
    "index": 14
  },
  {
    "name": "Require(11) node_modules/_egg-static@2.2.0@egg-static/config/config.default.js",
    "start": 1611388123886,
    "end": 1611388123886,
    "duration": 0,
    "pid": 15364,
    "index": 15
  },
  {
    "name": "Require(12) node_modules/_egg-view@2.1.3@egg-view/config/config.default.js",
    "start": 1611388123887,
    "end": 1611388123888,
    "duration": 1,
    "pid": 15364,
    "index": 16
  },
  {
    "name": "Require(13) node_modules/_egg-view-ejs@2.0.1@egg-view-ejs/config/config.default.js",
    "start": 1611388123888,
    "end": 1611388123889,
    "duration": 1,
    "pid": 15364,
    "index": 17
  },
  {
    "name": "Require(14) node_modules/_egg@2.29.1@egg/config/config.default.js",
    "start": 1611388123889,
    "end": 1611388123890,
    "duration": 1,
    "pid": 15364,
    "index": 18
  },
  {
    "name": "Require(15) config/config.default.js",
    "start": 1611388123891,
    "end": 1611388123891,
    "duration": 0,
    "pid": 15364,
    "index": 19
  },
  {
    "name": "Require(16) node_modules/_egg-security@2.8.0@egg-security/config/config.local.js",
    "start": 1611388123892,
    "end": 1611388123892,
    "duration": 0,
    "pid": 15364,
    "index": 20
  },
  {
    "name": "Require(17) node_modules/_egg-watcher@3.1.1@egg-watcher/config/config.local.js",
    "start": 1611388123893,
    "end": 1611388123893,
    "duration": 0,
    "pid": 15364,
    "index": 21
  },
  {
    "name": "Require(18) node_modules/_egg-view@2.1.3@egg-view/config/config.local.js",
    "start": 1611388123895,
    "end": 1611388123895,
    "duration": 0,
    "pid": 15364,
    "index": 22
  },
  {
    "name": "Require(19) node_modules/_egg-view-ejs@2.0.1@egg-view-ejs/config/config.local.js",
    "start": 1611388123896,
    "end": 1611388123896,
    "duration": 0,
    "pid": 15364,
    "index": 23
  },
  {
    "name": "Require(20) node_modules/_egg@2.29.1@egg/config/config.local.js",
    "start": 1611388123896,
    "end": 1611388123897,
    "duration": 1,
    "pid": 15364,
    "index": 24
  },
  {
    "name": "Load extend/application.js",
    "start": 1611388123898,
    "end": 1611388123915,
    "duration": 17,
    "pid": 15364,
    "index": 25
  },
  {
    "name": "Require(21) node_modules/_egg-session@3.2.0@egg-session/app/extend/application.js",
    "start": 1611388123898,
    "end": 1611388123899,
    "duration": 1,
    "pid": 15364,
    "index": 26
  },
  {
    "name": "Require(22) node_modules/_egg-security@2.8.0@egg-security/app/extend/application.js",
    "start": 1611388123899,
    "end": 1611388123901,
    "duration": 2,
    "pid": 15364,
    "index": 27
  },
  {
    "name": "Require(23) node_modules/_egg-jsonp@2.0.0@egg-jsonp/app/extend/application.js",
    "start": 1611388123901,
    "end": 1611388123904,
    "duration": 3,
    "pid": 15364,
    "index": 28
  },
  {
    "name": "Require(24) node_modules/_egg-logrotator@3.1.0@egg-logrotator/app/extend/application.js",
    "start": 1611388123905,
    "end": 1611388123909,
    "duration": 4,
    "pid": 15364,
    "index": 29
  },
  {
    "name": "Require(25) node_modules/_egg-view@2.1.3@egg-view/app/extend/application.js",
    "start": 1611388123909,
    "end": 1611388123912,
    "duration": 3,
    "pid": 15364,
    "index": 30
  },
  {
    "name": "Load extend/request.js",
    "start": 1611388123916,
    "end": 1611388123926,
    "duration": 10,
    "pid": 15364,
    "index": 31
  },
  {
    "name": "Require(26) node_modules/_egg@2.29.1@egg/app/extend/request.js",
    "start": 1611388123919,
    "end": 1611388123921,
    "duration": 2,
    "pid": 15364,
    "index": 32
  },
  {
    "name": "Load extend/response.js",
    "start": 1611388123926,
    "end": 1611388123935,
    "duration": 9,
    "pid": 15364,
    "index": 33
  },
  {
    "name": "Require(27) node_modules/_egg@2.29.1@egg/app/extend/response.js",
    "start": 1611388123929,
    "end": 1611388123932,
    "duration": 3,
    "pid": 15364,
    "index": 34
  },
  {
    "name": "Load extend/context.js",
    "start": 1611388123935,
    "end": 1611388124009,
    "duration": 74,
    "pid": 15364,
    "index": 35
  },
  {
    "name": "Require(28) node_modules/_egg-security@2.8.0@egg-security/app/extend/context.js",
    "start": 1611388123935,
    "end": 1611388123949,
    "duration": 14,
    "pid": 15364,
    "index": 36
  },
  {
    "name": "Require(29) node_modules/_egg-jsonp@2.0.0@egg-jsonp/app/extend/context.js",
    "start": 1611388123949,
    "end": 1611388123951,
    "duration": 2,
    "pid": 15364,
    "index": 37
  },
  {
    "name": "Require(30) node_modules/_egg-i18n@2.1.1@egg-i18n/app/extend/context.js",
    "start": 1611388123951,
    "end": 1611388123952,
    "duration": 1,
    "pid": 15364,
    "index": 38
  },
  {
    "name": "Require(31) node_modules/_egg-multipart@2.10.3@egg-multipart/app/extend/context.js",
    "start": 1611388123952,
    "end": 1611388124001,
    "duration": 49,
    "pid": 15364,
    "index": 39
  },
  {
    "name": "Require(32) node_modules/_egg-view@2.1.3@egg-view/app/extend/context.js",
    "start": 1611388124002,
    "end": 1611388124003,
    "duration": 1,
    "pid": 15364,
    "index": 40
  },
  {
    "name": "Require(33) node_modules/_egg@2.29.1@egg/app/extend/context.js",
    "start": 1611388124003,
    "end": 1611388124005,
    "duration": 2,
    "pid": 15364,
    "index": 41
  },
  {
    "name": "Load extend/helper.js",
    "start": 1611388124009,
    "end": 1611388124035,
    "duration": 26,
    "pid": 15364,
    "index": 42
  },
  {
    "name": "Require(34) node_modules/_egg-security@2.8.0@egg-security/app/extend/helper.js",
    "start": 1611388124010,
    "end": 1611388124029,
    "duration": 19,
    "pid": 15364,
    "index": 43
  },
  {
    "name": "Require(35) node_modules/_egg@2.29.1@egg/app/extend/helper.js",
    "start": 1611388124032,
    "end": 1611388124032,
    "duration": 0,
    "pid": 15364,
    "index": 44
  },
  {
    "name": "Load app.js",
    "start": 1611388124035,
    "end": 1611388124074,
    "duration": 39,
    "pid": 15364,
    "index": 45
  },
  {
    "name": "Require(36) node_modules/_egg-session@3.2.0@egg-session/app.js",
    "start": 1611388124035,
    "end": 1611388124036,
    "duration": 1,
    "pid": 15364,
    "index": 46
  },
  {
    "name": "Require(37) node_modules/_egg-security@2.8.0@egg-security/app.js",
    "start": 1611388124036,
    "end": 1611388124038,
    "duration": 2,
    "pid": 15364,
    "index": 47
  },
  {
    "name": "Require(38) node_modules/_egg-onerror@2.1.0@egg-onerror/app.js",
    "start": 1611388124039,
    "end": 1611388124050,
    "duration": 11,
    "pid": 15364,
    "index": 48
  },
  {
    "name": "Require(39) node_modules/_egg-i18n@2.1.1@egg-i18n/app.js",
    "start": 1611388124050,
    "end": 1611388124061,
    "duration": 11,
    "pid": 15364,
    "index": 49
  },
  {
    "name": "Require(40) node_modules/_egg-watcher@3.1.1@egg-watcher/app.js",
    "start": 1611388124061,
    "end": 1611388124066,
    "duration": 5,
    "pid": 15364,
    "index": 50
  },
  {
    "name": "Require(41) node_modules/_egg-schedule@3.6.6@egg-schedule/app.js",
    "start": 1611388124067,
    "end": 1611388124069,
    "duration": 2,
    "pid": 15364,
    "index": 51
  },
  {
    "name": "Require(42) node_modules/_egg-multipart@2.10.3@egg-multipart/app.js",
    "start": 1611388124069,
    "end": 1611388124069,
    "duration": 0,
    "pid": 15364,
    "index": 52
  },
  {
    "name": "Require(43) node_modules/_egg-development@2.7.0@egg-development/app.js",
    "start": 1611388124070,
    "end": 1611388124070,
    "duration": 0,
    "pid": 15364,
    "index": 53
  },
  {
    "name": "Require(44) node_modules/_egg-logrotator@3.1.0@egg-logrotator/app.js",
    "start": 1611388124070,
    "end": 1611388124070,
    "duration": 0,
    "pid": 15364,
    "index": 54
  },
  {
    "name": "Require(45) node_modules/_egg-static@2.2.0@egg-static/app.js",
    "start": 1611388124071,
    "end": 1611388124071,
    "duration": 0,
    "pid": 15364,
    "index": 55
  },
  {
    "name": "Require(46) node_modules/_egg-view-ejs@2.0.1@egg-view-ejs/app.js",
    "start": 1611388124072,
    "end": 1611388124072,
    "duration": 0,
    "pid": 15364,
    "index": 56
  },
  {
    "name": "Before Start in node_modules/_egg-watcher@3.1.1@egg-watcher/lib/init.js:15:14",
    "start": 1611388124083,
    "end": 1611388124309,
    "duration": 226,
    "pid": 15364,
    "index": 57
  },
  {
    "name": "Load Service",
    "start": 1611388124125,
    "end": 1611388124130,
    "duration": 5,
    "pid": 15364,
    "index": 58
  },
  {
    "name": "Load \"service\" to Context",
    "start": 1611388124125,
    "end": 1611388124130,
    "duration": 5,
    "pid": 15364,
    "index": 59
  },
  {
    "name": "Load Middleware",
    "start": 1611388124130,
    "end": 1611388124282,
    "duration": 152,
    "pid": 15364,
    "index": 60
  },
  {
    "name": "Load \"middlewares\" to Application",
    "start": 1611388124131,
    "end": 1611388124265,
    "duration": 134,
    "pid": 15364,
    "index": 61
  },
  {
    "name": "Load Controller",
    "start": 1611388124282,
    "end": 1611388124291,
    "duration": 9,
    "pid": 15364,
    "index": 62
  },
  {
    "name": "Load \"controller\" to Application",
    "start": 1611388124282,
    "end": 1611388124291,
    "duration": 9,
    "pid": 15364,
    "index": 63
  },
  {
    "name": "Load Router",
    "start": 1611388124291,
    "end": 1611388124293,
    "duration": 2,
    "pid": 15364,
    "index": 64
  },
  {
    "name": "Require(47) app/router.js",
    "start": 1611388124291,
    "end": 1611388124292,
    "duration": 1,
    "pid": 15364,
    "index": 65
  },
  {
    "name": "Before Start in node_modules/_egg-core@4.20.0@egg-core/lib/egg.js:303:10",
    "start": 1611388124292,
    "end": 1611388124301,
    "duration": 9,
    "pid": 15364,
    "index": 66
  }
]