[
  {
    "name": "Process Start",
    "start": 1611388135146,
    "end": 1611388136296,
    "duration": 1150,
    "pid": 4808,
    "index": 0
  },
  {
    "name": "Application Start",
    "start": 1611388136296,
    "end": 1611388136728,
    "duration": 432,
    "pid": 4808,
    "index": 1
  },
  {
    "name": "Load Plugin",
    "start": 1611388136300,
    "end": 1611388136320,
    "duration": 20,
    "pid": 4808,
    "index": 2
  },
  {
    "name": "Load Config",
    "start": 1611388136320,
    "end": 1611388136342,
    "duration": 22,
    "pid": 4808,
    "index": 3
  },
  {
    "name": "Require(0) config/config.default.js",
    "start": 1611388136321,
    "end": 1611388136321,
    "duration": 0,
    "pid": 4808,
    "index": 4
  },
  {
    "name": "Require(1) node_modules/_egg-session@3.2.0@egg-session/config/config.default.js",
    "start": 1611388136322,
    "end": 1611388136323,
    "duration": 1,
    "pid": 4808,
    "index": 5
  },
  {
    "name": "Require(2) node_modules/_egg-security@2.8.0@egg-security/config/config.default.js",
    "start": 1611388136323,
    "end": 1611388136324,
    "duration": 1,
    "pid": 4808,
    "index": 6
  },
  {
    "name": "Require(3) node_modules/_egg-jsonp@2.0.0@egg-jsonp/config/config.default.js",
    "start": 1611388136325,
    "end": 1611388136325,
    "duration": 0,
    "pid": 4808,
    "index": 7
  },
  {
    "name": "Require(4) node_modules/_egg-onerror@2.1.0@egg-onerror/config/config.default.js",
    "start": 1611388136326,
    "end": 1611388136326,
    "duration": 0,
    "pid": 4808,
    "index": 8
  },
  {
    "name": "Require(5) node_modules/_egg-i18n@2.1.1@egg-i18n/config/config.default.js",
    "start": 1611388136327,
    "end": 1611388136327,
    "duration": 0,
    "pid": 4808,
    "index": 9
  },
  {
    "name": "Require(6) node_modules/_egg-watcher@3.1.1@egg-watcher/config/config.default.js",
    "start": 1611388136327,
    "end": 1611388136328,
    "duration": 1,
    "pid": 4808,
    "index": 10
  },
  {
    "name": "Require(7) node_modules/_egg-schedule@3.6.6@egg-schedule/config/config.default.js",
    "start": 1611388136328,
    "end": 1611388136329,
    "duration": 1,
    "pid": 4808,
    "index": 11
  },
  {
    "name": "Require(8) node_modules/_egg-multipart@2.10.3@egg-multipart/config/config.default.js",
    "start": 1611388136329,
    "end": 1611388136330,
    "duration": 1,
    "pid": 4808,
    "index": 12
  },
  {
    "name": "Require(9) node_modules/_egg-development@2.7.0@egg-development/config/config.default.js",
    "start": 1611388136330,
    "end": 1611388136331,
    "duration": 1,
    "pid": 4808,
    "index": 13
  },
  {
    "name": "Require(10) node_modules/_egg-logrotator@3.1.0@egg-logrotator/config/config.default.js",
    "start": 1611388136331,
    "end": 1611388136332,
    "duration": 1,
    "pid": 4808,
    "index": 14
  },
  {
    "name": "Require(11) node_modules/_egg-static@2.2.0@egg-static/config/config.default.js",
    "start": 1611388136332,
    "end": 1611388136333,
    "duration": 1,
    "pid": 4808,
    "index": 15
  },
  {
    "name": "Require(12) node_modules/_egg-view@2.1.3@egg-view/config/config.default.js",
    "start": 1611388136333,
    "end": 1611388136334,
    "duration": 1,
    "pid": 4808,
    "index": 16
  },
  {
    "name": "Require(13) node_modules/_egg-view-ejs@2.0.1@egg-view-ejs/config/config.default.js",
    "start": 1611388136334,
    "end": 1611388136334,
    "duration": 0,
    "pid": 4808,
    "index": 17
  },
  {
    "name": "Require(14) node_modules/_egg@2.29.1@egg/config/config.default.js",
    "start": 1611388136335,
    "end": 1611388136335,
    "duration": 0,
    "pid": 4808,
    "index": 18
  },
  {
    "name": "Require(15) config/config.default.js",
    "start": 1611388136336,
    "end": 1611388136336,
    "duration": 0,
    "pid": 4808,
    "index": 19
  },
  {
    "name": "Require(16) node_modules/_egg-security@2.8.0@egg-security/config/config.local.js",
    "start": 1611388136337,
    "end": 1611388136337,
    "duration": 0,
    "pid": 4808,
    "index": 20
  },
  {
    "name": "Require(17) node_modules/_egg-watcher@3.1.1@egg-watcher/config/config.local.js",
    "start": 1611388136338,
    "end": 1611388136339,
    "duration": 1,
    "pid": 4808,
    "index": 21
  },
  {
    "name": "Require(18) node_modules/_egg-view@2.1.3@egg-view/config/config.local.js",
    "start": 1611388136340,
    "end": 1611388136340,
    "duration": 0,
    "pid": 4808,
    "index": 22
  },
  {
    "name": "Require(19) node_modules/_egg-view-ejs@2.0.1@egg-view-ejs/config/config.local.js",
    "start": 1611388136341,
    "end": 1611388136341,
    "duration": 0,
    "pid": 4808,
    "index": 23
  },
  {
    "name": "Require(20) node_modules/_egg@2.29.1@egg/config/config.local.js",
    "start": 1611388136341,
    "end": 1611388136342,
    "duration": 1,
    "pid": 4808,
    "index": 24
  },
  {
    "name": "Load extend/application.js",
    "start": 1611388136343,
    "end": 1611388136358,
    "duration": 15,
    "pid": 4808,
    "index": 25
  },
  {
    "name": "Require(21) node_modules/_egg-session@3.2.0@egg-session/app/extend/application.js",
    "start": 1611388136343,
    "end": 1611388136344,
    "duration": 1,
    "pid": 4808,
    "index": 26
  },
  {
    "name": "Require(22) node_modules/_egg-security@2.8.0@egg-security/app/extend/application.js",
    "start": 1611388136344,
    "end": 1611388136345,
    "duration": 1,
    "pid": 4808,
    "index": 27
  },
  {
    "name": "Require(23) node_modules/_egg-jsonp@2.0.0@egg-jsonp/app/extend/application.js",
    "start": 1611388136346,
    "end": 1611388136348,
    "duration": 2,
    "pid": 4808,
    "index": 28
  },
  {
    "name": "Require(24) node_modules/_egg-logrotator@3.1.0@egg-logrotator/app/extend/application.js",
    "start": 1611388136350,
    "end": 1611388136352,
    "duration": 2,
    "pid": 4808,
    "index": 29
  },
  {
    "name": "Require(25) node_modules/_egg-view@2.1.3@egg-view/app/extend/application.js",
    "start": 1611388136353,
    "end": 1611388136355,
    "duration": 2,
    "pid": 4808,
    "index": 30
  },
  {
    "name": "Load extend/request.js",
    "start": 1611388136358,
    "end": 1611388136368,
    "duration": 10,
    "pid": 4808,
    "index": 31
  },
  {
    "name": "Require(26) node_modules/_egg@2.29.1@egg/app/extend/request.js",
    "start": 1611388136361,
    "end": 1611388136365,
    "duration": 4,
    "pid": 4808,
    "index": 32
  },
  {
    "name": "Load extend/response.js",
    "start": 1611388136368,
    "end": 1611388136376,
    "duration": 8,
    "pid": 4808,
    "index": 33
  },
  {
    "name": "Require(27) node_modules/_egg@2.29.1@egg/app/extend/response.js",
    "start": 1611388136371,
    "end": 1611388136373,
    "duration": 2,
    "pid": 4808,
    "index": 34
  },
  {
    "name": "Load extend/context.js",
    "start": 1611388136376,
    "end": 1611388136451,
    "duration": 75,
    "pid": 4808,
    "index": 35
  },
  {
    "name": "Require(28) node_modules/_egg-security@2.8.0@egg-security/app/extend/context.js",
    "start": 1611388136376,
    "end": 1611388136390,
    "duration": 14,
    "pid": 4808,
    "index": 36
  },
  {
    "name": "Require(29) node_modules/_egg-jsonp@2.0.0@egg-jsonp/app/extend/context.js",
    "start": 1611388136390,
    "end": 1611388136392,
    "duration": 2,
    "pid": 4808,
    "index": 37
  },
  {
    "name": "Require(30) node_modules/_egg-i18n@2.1.1@egg-i18n/app/extend/context.js",
    "start": 1611388136392,
    "end": 1611388136393,
    "duration": 1,
    "pid": 4808,
    "index": 38
  },
  {
    "name": "Require(31) node_modules/_egg-multipart@2.10.3@egg-multipart/app/extend/context.js",
    "start": 1611388136393,
    "end": 1611388136444,
    "duration": 51,
    "pid": 4808,
    "index": 39
  },
  {
    "name": "Require(32) node_modules/_egg-view@2.1.3@egg-view/app/extend/context.js",
    "start": 1611388136445,
    "end": 1611388136446,
    "duration": 1,
    "pid": 4808,
    "index": 40
  },
  {
    "name": "Require(33) node_modules/_egg@2.29.1@egg/app/extend/context.js",
    "start": 1611388136446,
    "end": 1611388136448,
    "duration": 2,
    "pid": 4808,
    "index": 41
  },
  {
    "name": "Load extend/helper.js",
    "start": 1611388136451,
    "end": 1611388136476,
    "duration": 25,
    "pid": 4808,
    "index": 42
  },
  {
    "name": "Require(34) node_modules/_egg-security@2.8.0@egg-security/app/extend/helper.js",
    "start": 1611388136452,
    "end": 1611388136469,
    "duration": 17,
    "pid": 4808,
    "index": 43
  },
  {
    "name": "Require(35) node_modules/_egg@2.29.1@egg/app/extend/helper.js",
    "start": 1611388136472,
    "end": 1611388136473,
    "duration": 1,
    "pid": 4808,
    "index": 44
  },
  {
    "name": "Load app.js",
    "start": 1611388136476,
    "end": 1611388136512,
    "duration": 36,
    "pid": 4808,
    "index": 45
  },
  {
    "name": "Require(36) node_modules/_egg-session@3.2.0@egg-session/app.js",
    "start": 1611388136476,
    "end": 1611388136477,
    "duration": 1,
    "pid": 4808,
    "index": 46
  },
  {
    "name": "Require(37) node_modules/_egg-security@2.8.0@egg-security/app.js",
    "start": 1611388136477,
    "end": 1611388136479,
    "duration": 2,
    "pid": 4808,
    "index": 47
  },
  {
    "name": "Require(38) node_modules/_egg-onerror@2.1.0@egg-onerror/app.js",
    "start": 1611388136480,
    "end": 1611388136491,
    "duration": 11,
    "pid": 4808,
    "index": 48
  },
  {
    "name": "Require(39) node_modules/_egg-i18n@2.1.1@egg-i18n/app.js",
    "start": 1611388136492,
    "end": 1611388136500,
    "duration": 8,
    "pid": 4808,
    "index": 49
  },
  {
    "name": "Require(40) node_modules/_egg-watcher@3.1.1@egg-watcher/app.js",
    "start": 1611388136501,
    "end": 1611388136506,
    "duration": 5,
    "pid": 4808,
    "index": 50
  },
  {
    "name": "Require(41) node_modules/_egg-schedule@3.6.6@egg-schedule/app.js",
    "start": 1611388136506,
    "end": 1611388136508,
    "duration": 2,
    "pid": 4808,
    "index": 51
  },
  {
    "name": "Require(42) node_modules/_egg-multipart@2.10.3@egg-multipart/app.js",
    "start": 1611388136509,
    "end": 1611388136509,
    "duration": 0,
    "pid": 4808,
    "index": 52
  },
  {
    "name": "Require(43) node_modules/_egg-development@2.7.0@egg-development/app.js",
    "start": 1611388136509,
    "end": 1611388136509,
    "duration": 0,
    "pid": 4808,
    "index": 53
  },
  {
    "name": "Require(44) node_modules/_egg-logrotator@3.1.0@egg-logrotator/app.js",
    "start": 1611388136510,
    "end": 1611388136510,
    "duration": 0,
    "pid": 4808,
    "index": 54
  },
  {
    "name": "Require(45) node_modules/_egg-static@2.2.0@egg-static/app.js",
    "start": 1611388136510,
    "end": 1611388136511,
    "duration": 1,
    "pid": 4808,
    "index": 55
  },
  {
    "name": "Require(46) node_modules/_egg-view-ejs@2.0.1@egg-view-ejs/app.js",
    "start": 1611388136511,
    "end": 1611388136511,
    "duration": 0,
    "pid": 4808,
    "index": 56
  },
  {
    "name": "Before Start in node_modules/_egg-watcher@3.1.1@egg-watcher/lib/init.js:15:14",
    "start": 1611388136520,
    "end": 1611388136728,
    "duration": 208,
    "pid": 4808,
    "index": 57
  },
  {
    "name": "Load Service",
    "start": 1611388136552,
    "end": 1611388136560,
    "duration": 8,
    "pid": 4808,
    "index": 58
  },
  {
    "name": "Load \"service\" to Context",
    "start": 1611388136553,
    "end": 1611388136560,
    "duration": 7,
    "pid": 4808,
    "index": 59
  },
  {
    "name": "Load Middleware",
    "start": 1611388136560,
    "end": 1611388136703,
    "duration": 143,
    "pid": 4808,
    "index": 60
  },
  {
    "name": "Load \"middlewares\" to Application",
    "start": 1611388136560,
    "end": 1611388136686,
    "duration": 126,
    "pid": 4808,
    "index": 61
  },
  {
    "name": "Load Controller",
    "start": 1611388136703,
    "end": 1611388136711,
    "duration": 8,
    "pid": 4808,
    "index": 62
  },
  {
    "name": "Load \"controller\" to Application",
    "start": 1611388136703,
    "end": 1611388136711,
    "duration": 8,
    "pid": 4808,
    "index": 63
  },
  {
    "name": "Load Router",
    "start": 1611388136711,
    "end": 1611388136714,
    "duration": 3,
    "pid": 4808,
    "index": 64
  },
  {
    "name": "Require(47) app/router.js",
    "start": 1611388136711,
    "end": 1611388136711,
    "duration": 0,
    "pid": 4808,
    "index": 65
  },
  {
    "name": "Before Start in node_modules/_egg-core@4.20.0@egg-core/lib/egg.js:303:10",
    "start": 1611388136712,
    "end": 1611388136720,
    "duration": 8,
    "pid": 4808,
    "index": 66
  }
]