[
  {
    "name": "Process Start",
    "start": 1611388117332,
    "end": 1611388118586,
    "duration": 1254,
    "pid": 10432,
    "index": 0
  },
  {
    "name": "Application Start",
    "start": 1611388118586,
    "end": 1611388119056,
    "duration": 470,
    "pid": 10432,
    "index": 1
  },
  {
    "name": "Load Plugin",
    "start": 1611388118592,
    "end": 1611388118614,
    "duration": 22,
    "pid": 10432,
    "index": 2
  },
  {
    "name": "Load Config",
    "start": 1611388118614,
    "end": 1611388118640,
    "duration": 26,
    "pid": 10432,
    "index": 3
  },
  {
    "name": "Require(0) config/config.default.js",
    "start": 1611388118615,
    "end": 1611388118615,
    "duration": 0,
    "pid": 10432,
    "index": 4
  },
  {
    "name": "Require(1) node_modules/_egg-session@3.2.0@egg-session/config/config.default.js",
    "start": 1611388118617,
    "end": 1611388118617,
    "duration": 0,
    "pid": 10432,
    "index": 5
  },
  {
    "name": "Require(2) node_modules/_egg-security@2.8.0@egg-security/config/config.default.js",
    "start": 1611388118618,
    "end": 1611388118618,
    "duration": 0,
    "pid": 10432,
    "index": 6
  },
  {
    "name": "Require(3) node_modules/_egg-jsonp@2.0.0@egg-jsonp/config/config.default.js",
    "start": 1611388118619,
    "end": 1611388118620,
    "duration": 1,
    "pid": 10432,
    "index": 7
  },
  {
    "name": "Require(4) node_modules/_egg-onerror@2.1.0@egg-onerror/config/config.default.js",
    "start": 1611388118620,
    "end": 1611388118621,
    "duration": 1,
    "pid": 10432,
    "index": 8
  },
  {
    "name": "Require(5) node_modules/_egg-i18n@2.1.1@egg-i18n/config/config.default.js",
    "start": 1611388118621,
    "end": 1611388118622,
    "duration": 1,
    "pid": 10432,
    "index": 9
  },
  {
    "name": "Require(6) node_modules/_egg-watcher@3.1.1@egg-watcher/config/config.default.js",
    "start": 1611388118622,
    "end": 1611388118623,
    "duration": 1,
    "pid": 10432,
    "index": 10
  },
  {
    "name": "Require(7) node_modules/_egg-schedule@3.6.6@egg-schedule/config/config.default.js",
    "start": 1611388118623,
    "end": 1611388118624,
    "duration": 1,
    "pid": 10432,
    "index": 11
  },
  {
    "name": "Require(8) node_modules/_egg-multipart@2.10.3@egg-multipart/config/config.default.js",
    "start": 1611388118626,
    "end": 1611388118626,
    "duration": 0,
    "pid": 10432,
    "index": 12
  },
  {
    "name": "Require(9) node_modules/_egg-development@2.7.0@egg-development/config/config.default.js",
    "start": 1611388118627,
    "end": 1611388118628,
    "duration": 1,
    "pid": 10432,
    "index": 13
  },
  {
    "name": "Require(10) node_modules/_egg-logrotator@3.1.0@egg-logrotator/config/config.default.js",
    "start": 1611388118628,
    "end": 1611388118628,
    "duration": 0,
    "pid": 10432,
    "index": 14
  },
  {
    "name": "Require(11) node_modules/_egg-static@2.2.0@egg-static/config/config.default.js",
    "start": 1611388118629,
    "end": 1611388118629,
    "duration": 0,
    "pid": 10432,
    "index": 15
  },
  {
    "name": "Require(12) node_modules/_egg-view@2.1.3@egg-view/config/config.default.js",
    "start": 1611388118630,
    "end": 1611388118631,
    "duration": 1,
    "pid": 10432,
    "index": 16
  },
  {
    "name": "Require(13) node_modules/_egg-view-ejs@2.0.1@egg-view-ejs/config/config.default.js",
    "start": 1611388118631,
    "end": 1611388118632,
    "duration": 1,
    "pid": 10432,
    "index": 17
  },
  {
    "name": "Require(14) node_modules/_egg@2.29.1@egg/config/config.default.js",
    "start": 1611388118632,
    "end": 1611388118632,
    "duration": 0,
    "pid": 10432,
    "index": 18
  },
  {
    "name": "Require(15) config/config.default.js",
    "start": 1611388118634,
    "end": 1611388118634,
    "duration": 0,
    "pid": 10432,
    "index": 19
  },
  {
    "name": "Require(16) node_modules/_egg-security@2.8.0@egg-security/config/config.local.js",
    "start": 1611388118634,
    "end": 1611388118635,
    "duration": 1,
    "pid": 10432,
    "index": 20
  },
  {
    "name": "Require(17) node_modules/_egg-watcher@3.1.1@egg-watcher/config/config.local.js",
    "start": 1611388118636,
    "end": 1611388118636,
    "duration": 0,
    "pid": 10432,
    "index": 21
  },
  {
    "name": "Require(18) node_modules/_egg-view@2.1.3@egg-view/config/config.local.js",
    "start": 1611388118638,
    "end": 1611388118638,
    "duration": 0,
    "pid": 10432,
    "index": 22
  },
  {
    "name": "Require(19) node_modules/_egg-view-ejs@2.0.1@egg-view-ejs/config/config.local.js",
    "start": 1611388118638,
    "end": 1611388118639,
    "duration": 1,
    "pid": 10432,
    "index": 23
  },
  {
    "name": "Require(20) node_modules/_egg@2.29.1@egg/config/config.local.js",
    "start": 1611388118639,
    "end": 1611388118639,
    "duration": 0,
    "pid": 10432,
    "index": 24
  },
  {
    "name": "Load extend/application.js",
    "start": 1611388118641,
    "end": 1611388118660,
    "duration": 19,
    "pid": 10432,
    "index": 25
  },
  {
    "name": "Require(21) node_modules/_egg-session@3.2.0@egg-session/app/extend/application.js",
    "start": 1611388118642,
    "end": 1611388118643,
    "duration": 1,
    "pid": 10432,
    "index": 26
  },
  {
    "name": "Require(22) node_modules/_egg-security@2.8.0@egg-security/app/extend/application.js",
    "start": 1611388118643,
    "end": 1611388118645,
    "duration": 2,
    "pid": 10432,
    "index": 27
  },
  {
    "name": "Require(23) node_modules/_egg-jsonp@2.0.0@egg-jsonp/app/extend/application.js",
    "start": 1611388118645,
    "end": 1611388118648,
    "duration": 3,
    "pid": 10432,
    "index": 28
  },
  {
    "name": "Require(24) node_modules/_egg-logrotator@3.1.0@egg-logrotator/app/extend/application.js",
    "start": 1611388118649,
    "end": 1611388118653,
    "duration": 4,
    "pid": 10432,
    "index": 29
  },
  {
    "name": "Require(25) node_modules/_egg-view@2.1.3@egg-view/app/extend/application.js",
    "start": 1611388118654,
    "end": 1611388118656,
    "duration": 2,
    "pid": 10432,
    "index": 30
  },
  {
    "name": "Load extend/request.js",
    "start": 1611388118661,
    "end": 1611388118671,
    "duration": 10,
    "pid": 10432,
    "index": 31
  },
  {
    "name": "Require(26) node_modules/_egg@2.29.1@egg/app/extend/request.js",
    "start": 1611388118664,
    "end": 1611388118666,
    "duration": 2,
    "pid": 10432,
    "index": 32
  },
  {
    "name": "Load extend/response.js",
    "start": 1611388118671,
    "end": 1611388118681,
    "duration": 10,
    "pid": 10432,
    "index": 33
  },
  {
    "name": "Require(27) node_modules/_egg@2.29.1@egg/app/extend/response.js",
    "start": 1611388118674,
    "end": 1611388118677,
    "duration": 3,
    "pid": 10432,
    "index": 34
  },
  {
    "name": "Load extend/context.js",
    "start": 1611388118681,
    "end": 1611388118757,
    "duration": 76,
    "pid": 10432,
    "index": 35
  },
  {
    "name": "Require(28) node_modules/_egg-security@2.8.0@egg-security/app/extend/context.js",
    "start": 1611388118682,
    "end": 1611388118698,
    "duration": 16,
    "pid": 10432,
    "index": 36
  },
  {
    "name": "Require(29) node_modules/_egg-jsonp@2.0.0@egg-jsonp/app/extend/context.js",
    "start": 1611388118699,
    "end": 1611388118700,
    "duration": 1,
    "pid": 10432,
    "index": 37
  },
  {
    "name": "Require(30) node_modules/_egg-i18n@2.1.1@egg-i18n/app/extend/context.js",
    "start": 1611388118701,
    "end": 1611388118701,
    "duration": 0,
    "pid": 10432,
    "index": 38
  },
  {
    "name": "Require(31) node_modules/_egg-multipart@2.10.3@egg-multipart/app/extend/context.js",
    "start": 1611388118702,
    "end": 1611388118750,
    "duration": 48,
    "pid": 10432,
    "index": 39
  },
  {
    "name": "Require(32) node_modules/_egg-view@2.1.3@egg-view/app/extend/context.js",
    "start": 1611388118751,
    "end": 1611388118752,
    "duration": 1,
    "pid": 10432,
    "index": 40
  },
  {
    "name": "Require(33) node_modules/_egg@2.29.1@egg/app/extend/context.js",
    "start": 1611388118752,
    "end": 1611388118754,
    "duration": 2,
    "pid": 10432,
    "index": 41
  },
  {
    "name": "Load extend/helper.js",
    "start": 1611388118757,
    "end": 1611388118782,
    "duration": 25,
    "pid": 10432,
    "index": 42
  },
  {
    "name": "Require(34) node_modules/_egg-security@2.8.0@egg-security/app/extend/helper.js",
    "start": 1611388118758,
    "end": 1611388118776,
    "duration": 18,
    "pid": 10432,
    "index": 43
  },
  {
    "name": "Require(35) node_modules/_egg@2.29.1@egg/app/extend/helper.js",
    "start": 1611388118778,
    "end": 1611388118779,
    "duration": 1,
    "pid": 10432,
    "index": 44
  },
  {
    "name": "Load app.js",
    "start": 1611388118782,
    "end": 1611388118821,
    "duration": 39,
    "pid": 10432,
    "index": 45
  },
  {
    "name": "Require(36) node_modules/_egg-session@3.2.0@egg-session/app.js",
    "start": 1611388118782,
    "end": 1611388118783,
    "duration": 1,
    "pid": 10432,
    "index": 46
  },
  {
    "name": "Require(37) node_modules/_egg-security@2.8.0@egg-security/app.js",
    "start": 1611388118783,
    "end": 1611388118785,
    "duration": 2,
    "pid": 10432,
    "index": 47
  },
  {
    "name": "Require(38) node_modules/_egg-onerror@2.1.0@egg-onerror/app.js",
    "start": 1611388118786,
    "end": 1611388118798,
    "duration": 12,
    "pid": 10432,
    "index": 48
  },
  {
    "name": "Require(39) node_modules/_egg-i18n@2.1.1@egg-i18n/app.js",
    "start": 1611388118799,
    "end": 1611388118808,
    "duration": 9,
    "pid": 10432,
    "index": 49
  },
  {
    "name": "Require(40) node_modules/_egg-watcher@3.1.1@egg-watcher/app.js",
    "start": 1611388118808,
    "end": 1611388118813,
    "duration": 5,
    "pid": 10432,
    "index": 50
  },
  {
    "name": "Require(41) node_modules/_egg-schedule@3.6.6@egg-schedule/app.js",
    "start": 1611388118813,
    "end": 1611388118816,
    "duration": 3,
    "pid": 10432,
    "index": 51
  },
  {
    "name": "Require(42) node_modules/_egg-multipart@2.10.3@egg-multipart/app.js",
    "start": 1611388118816,
    "end": 1611388118817,
    "duration": 1,
    "pid": 10432,
    "index": 52
  },
  {
    "name": "Require(43) node_modules/_egg-development@2.7.0@egg-development/app.js",
    "start": 1611388118817,
    "end": 1611388118817,
    "duration": 0,
    "pid": 10432,
    "index": 53
  },
  {
    "name": "Require(44) node_modules/_egg-logrotator@3.1.0@egg-logrotator/app.js",
    "start": 1611388118818,
    "end": 1611388118818,
    "duration": 0,
    "pid": 10432,
    "index": 54
  },
  {
    "name": "Require(45) node_modules/_egg-static@2.2.0@egg-static/app.js",
    "start": 1611388118818,
    "end": 1611388118819,
    "duration": 1,
    "pid": 10432,
    "index": 55
  },
  {
    "name": "Require(46) node_modules/_egg-view-ejs@2.0.1@egg-view-ejs/app.js",
    "start": 1611388118819,
    "end": 1611388118820,
    "duration": 1,
    "pid": 10432,
    "index": 56
  },
  {
    "name": "Before Start in node_modules/_egg-watcher@3.1.1@egg-watcher/lib/init.js:15:14",
    "start": 1611388118830,
    "end": 1611388119056,
    "duration": 226,
    "pid": 10432,
    "index": 57
  },
  {
    "name": "Load Service",
    "start": 1611388118870,
    "end": 1611388118874,
    "duration": 4,
    "pid": 10432,
    "index": 58
  },
  {
    "name": "Load \"service\" to Context",
    "start": 1611388118870,
    "end": 1611388118874,
    "duration": 4,
    "pid": 10432,
    "index": 59
  },
  {
    "name": "Load Middleware",
    "start": 1611388118875,
    "end": 1611388119029,
    "duration": 154,
    "pid": 10432,
    "index": 60
  },
  {
    "name": "Load \"middlewares\" to Application",
    "start": 1611388118875,
    "end": 1611388119011,
    "duration": 136,
    "pid": 10432,
    "index": 61
  },
  {
    "name": "Load Controller",
    "start": 1611388119029,
    "end": 1611388119038,
    "duration": 9,
    "pid": 10432,
    "index": 62
  },
  {
    "name": "Load \"controller\" to Application",
    "start": 1611388119029,
    "end": 1611388119038,
    "duration": 9,
    "pid": 10432,
    "index": 63
  },
  {
    "name": "Load Router",
    "start": 1611388119038,
    "end": 1611388119042,
    "duration": 4,
    "pid": 10432,
    "index": 64
  },
  {
    "name": "Require(47) app/router.js",
    "start": 1611388119039,
    "end": 1611388119039,
    "duration": 0,
    "pid": 10432,
    "index": 65
  },
  {
    "name": "Before Start in node_modules/_egg-core@4.20.0@egg-core/lib/egg.js:303:10",
    "start": 1611388119039,
    "end": 1611388119048,
    "duration": 9,
    "pid": 10432,
    "index": 66
  }
]