[
  {
    "name": "Process Start",
    "start": 1611388141938,
    "end": 1611388143163,
    "duration": 1225,
    "pid": 15672,
    "index": 0
  },
  {
    "name": "Application Start",
    "start": 1611388143164,
    "end": 1611388143627,
    "duration": 463,
    "pid": 15672,
    "index": 1
  },
  {
    "name": "Load Plugin",
    "start": 1611388143172,
    "end": 1611388143197,
    "duration": 25,
    "pid": 15672,
    "index": 2
  },
  {
    "name": "Load Config",
    "start": 1611388143197,
    "end": 1611388143227,
    "duration": 30,
    "pid": 15672,
    "index": 3
  },
  {
    "name": "Require(0) config/config.default.js",
    "start": 1611388143198,
    "end": 1611388143199,
    "duration": 1,
    "pid": 15672,
    "index": 4
  },
  {
    "name": "Require(1) node_modules/_egg-session@3.2.0@egg-session/config/config.default.js",
    "start": 1611388143200,
    "end": 1611388143201,
    "duration": 1,
    "pid": 15672,
    "index": 5
  },
  {
    "name": "Require(2) node_modules/_egg-security@2.8.0@egg-security/config/config.default.js",
    "start": 1611388143202,
    "end": 1611388143202,
    "duration": 0,
    "pid": 15672,
    "index": 6
  },
  {
    "name": "Require(3) node_modules/_egg-jsonp@2.0.0@egg-jsonp/config/config.default.js",
    "start": 1611388143203,
    "end": 1611388143205,
    "duration": 2,
    "pid": 15672,
    "index": 7
  },
  {
    "name": "Require(4) node_modules/_egg-onerror@2.1.0@egg-onerror/config/config.default.js",
    "start": 1611388143206,
    "end": 1611388143207,
    "duration": 1,
    "pid": 15672,
    "index": 8
  },
  {
    "name": "Require(5) node_modules/_egg-i18n@2.1.1@egg-i18n/config/config.default.js",
    "start": 1611388143207,
    "end": 1611388143208,
    "duration": 1,
    "pid": 15672,
    "index": 9
  },
  {
    "name": "Require(6) node_modules/_egg-watcher@3.1.1@egg-watcher/config/config.default.js",
    "start": 1611388143209,
    "end": 1611388143209,
    "duration": 0,
    "pid": 15672,
    "index": 10
  },
  {
    "name": "Require(7) node_modules/_egg-schedule@3.6.6@egg-schedule/config/config.default.js",
    "start": 1611388143210,
    "end": 1611388143210,
    "duration": 0,
    "pid": 15672,
    "index": 11
  },
  {
    "name": "Require(8) node_modules/_egg-multipart@2.10.3@egg-multipart/config/config.default.js",
    "start": 1611388143211,
    "end": 1611388143212,
    "duration": 1,
    "pid": 15672,
    "index": 12
  },
  {
    "name": "Require(9) node_modules/_egg-development@2.7.0@egg-development/config/config.default.js",
    "start": 1611388143212,
    "end": 1611388143213,
    "duration": 1,
    "pid": 15672,
    "index": 13
  },
  {
    "name": "Require(10) node_modules/_egg-logrotator@3.1.0@egg-logrotator/config/config.default.js",
    "start": 1611388143213,
    "end": 1611388143214,
    "duration": 1,
    "pid": 15672,
    "index": 14
  },
  {
    "name": "Require(11) node_modules/_egg-static@2.2.0@egg-static/config/config.default.js",
    "start": 1611388143215,
    "end": 1611388143215,
    "duration": 0,
    "pid": 15672,
    "index": 15
  },
  {
    "name": "Require(12) node_modules/_egg-view@2.1.3@egg-view/config/config.default.js",
    "start": 1611388143216,
    "end": 1611388143216,
    "duration": 0,
    "pid": 15672,
    "index": 16
  },
  {
    "name": "Require(13) node_modules/_egg-view-ejs@2.0.1@egg-view-ejs/config/config.default.js",
    "start": 1611388143217,
    "end": 1611388143217,
    "duration": 0,
    "pid": 15672,
    "index": 17
  },
  {
    "name": "Require(14) node_modules/_egg@2.29.1@egg/config/config.default.js",
    "start": 1611388143218,
    "end": 1611388143218,
    "duration": 0,
    "pid": 15672,
    "index": 18
  },
  {
    "name": "Require(15) config/config.default.js",
    "start": 1611388143220,
    "end": 1611388143220,
    "duration": 0,
    "pid": 15672,
    "index": 19
  },
  {
    "name": "Require(16) node_modules/_egg-security@2.8.0@egg-security/config/config.local.js",
    "start": 1611388143221,
    "end": 1611388143221,
    "duration": 0,
    "pid": 15672,
    "index": 20
  },
  {
    "name": "Require(17) node_modules/_egg-watcher@3.1.1@egg-watcher/config/config.local.js",
    "start": 1611388143222,
    "end": 1611388143223,
    "duration": 1,
    "pid": 15672,
    "index": 21
  },
  {
    "name": "Require(18) node_modules/_egg-view@2.1.3@egg-view/config/config.local.js",
    "start": 1611388143225,
    "end": 1611388143225,
    "duration": 0,
    "pid": 15672,
    "index": 22
  },
  {
    "name": "Require(19) node_modules/_egg-view-ejs@2.0.1@egg-view-ejs/config/config.local.js",
    "start": 1611388143225,
    "end": 1611388143226,
    "duration": 1,
    "pid": 15672,
    "index": 23
  },
  {
    "name": "Require(20) node_modules/_egg@2.29.1@egg/config/config.local.js",
    "start": 1611388143226,
    "end": 1611388143227,
    "duration": 1,
    "pid": 15672,
    "index": 24
  },
  {
    "name": "Load extend/application.js",
    "start": 1611388143228,
    "end": 1611388143246,
    "duration": 18,
    "pid": 15672,
    "index": 25
  },
  {
    "name": "Require(21) node_modules/_egg-session@3.2.0@egg-session/app/extend/application.js",
    "start": 1611388143229,
    "end": 1611388143229,
    "duration": 0,
    "pid": 15672,
    "index": 26
  },
  {
    "name": "Require(22) node_modules/_egg-security@2.8.0@egg-security/app/extend/application.js",
    "start": 1611388143230,
    "end": 1611388143231,
    "duration": 1,
    "pid": 15672,
    "index": 27
  },
  {
    "name": "Require(23) node_modules/_egg-jsonp@2.0.0@egg-jsonp/app/extend/application.js",
    "start": 1611388143232,
    "end": 1611388143234,
    "duration": 2,
    "pid": 15672,
    "index": 28
  },
  {
    "name": "Require(24) node_modules/_egg-logrotator@3.1.0@egg-logrotator/app/extend/application.js",
    "start": 1611388143236,
    "end": 1611388143240,
    "duration": 4,
    "pid": 15672,
    "index": 29
  },
  {
    "name": "Require(25) node_modules/_egg-view@2.1.3@egg-view/app/extend/application.js",
    "start": 1611388143240,
    "end": 1611388143243,
    "duration": 3,
    "pid": 15672,
    "index": 30
  },
  {
    "name": "Load extend/request.js",
    "start": 1611388143246,
    "end": 1611388143253,
    "duration": 7,
    "pid": 15672,
    "index": 31
  },
  {
    "name": "Require(26) node_modules/_egg@2.29.1@egg/app/extend/request.js",
    "start": 1611388143249,
    "end": 1611388143250,
    "duration": 1,
    "pid": 15672,
    "index": 32
  },
  {
    "name": "Load extend/response.js",
    "start": 1611388143253,
    "end": 1611388143264,
    "duration": 11,
    "pid": 15672,
    "index": 33
  },
  {
    "name": "Require(27) node_modules/_egg@2.29.1@egg/app/extend/response.js",
    "start": 1611388143258,
    "end": 1611388143261,
    "duration": 3,
    "pid": 15672,
    "index": 34
  },
  {
    "name": "Load extend/context.js",
    "start": 1611388143264,
    "end": 1611388143340,
    "duration": 76,
    "pid": 15672,
    "index": 35
  },
  {
    "name": "Require(28) node_modules/_egg-security@2.8.0@egg-security/app/extend/context.js",
    "start": 1611388143265,
    "end": 1611388143280,
    "duration": 15,
    "pid": 15672,
    "index": 36
  },
  {
    "name": "Require(29) node_modules/_egg-jsonp@2.0.0@egg-jsonp/app/extend/context.js",
    "start": 1611388143280,
    "end": 1611388143282,
    "duration": 2,
    "pid": 15672,
    "index": 37
  },
  {
    "name": "Require(30) node_modules/_egg-i18n@2.1.1@egg-i18n/app/extend/context.js",
    "start": 1611388143283,
    "end": 1611388143283,
    "duration": 0,
    "pid": 15672,
    "index": 38
  },
  {
    "name": "Require(31) node_modules/_egg-multipart@2.10.3@egg-multipart/app/extend/context.js",
    "start": 1611388143284,
    "end": 1611388143333,
    "duration": 49,
    "pid": 15672,
    "index": 39
  },
  {
    "name": "Require(32) node_modules/_egg-view@2.1.3@egg-view/app/extend/context.js",
    "start": 1611388143334,
    "end": 1611388143335,
    "duration": 1,
    "pid": 15672,
    "index": 40
  },
  {
    "name": "Require(33) node_modules/_egg@2.29.1@egg/app/extend/context.js",
    "start": 1611388143336,
    "end": 1611388143337,
    "duration": 1,
    "pid": 15672,
    "index": 41
  },
  {
    "name": "Load extend/helper.js",
    "start": 1611388143341,
    "end": 1611388143363,
    "duration": 22,
    "pid": 15672,
    "index": 42
  },
  {
    "name": "Require(34) node_modules/_egg-security@2.8.0@egg-security/app/extend/helper.js",
    "start": 1611388143341,
    "end": 1611388143358,
    "duration": 17,
    "pid": 15672,
    "index": 43
  },
  {
    "name": "Require(35) node_modules/_egg@2.29.1@egg/app/extend/helper.js",
    "start": 1611388143360,
    "end": 1611388143360,
    "duration": 0,
    "pid": 15672,
    "index": 44
  },
  {
    "name": "Load app.js",
    "start": 1611388143363,
    "end": 1611388143398,
    "duration": 35,
    "pid": 15672,
    "index": 45
  },
  {
    "name": "Require(36) node_modules/_egg-session@3.2.0@egg-session/app.js",
    "start": 1611388143364,
    "end": 1611388143364,
    "duration": 0,
    "pid": 15672,
    "index": 46
  },
  {
    "name": "Require(37) node_modules/_egg-security@2.8.0@egg-security/app.js",
    "start": 1611388143364,
    "end": 1611388143366,
    "duration": 2,
    "pid": 15672,
    "index": 47
  },
  {
    "name": "Require(38) node_modules/_egg-onerror@2.1.0@egg-onerror/app.js",
    "start": 1611388143367,
    "end": 1611388143377,
    "duration": 10,
    "pid": 15672,
    "index": 48
  },
  {
    "name": "Require(39) node_modules/_egg-i18n@2.1.1@egg-i18n/app.js",
    "start": 1611388143378,
    "end": 1611388143386,
    "duration": 8,
    "pid": 15672,
    "index": 49
  },
  {
    "name": "Require(40) node_modules/_egg-watcher@3.1.1@egg-watcher/app.js",
    "start": 1611388143386,
    "end": 1611388143391,
    "duration": 5,
    "pid": 15672,
    "index": 50
  },
  {
    "name": "Require(41) node_modules/_egg-schedule@3.6.6@egg-schedule/app.js",
    "start": 1611388143391,
    "end": 1611388143393,
    "duration": 2,
    "pid": 15672,
    "index": 51
  },
  {
    "name": "Require(42) node_modules/_egg-multipart@2.10.3@egg-multipart/app.js",
    "start": 1611388143394,
    "end": 1611388143394,
    "duration": 0,
    "pid": 15672,
    "index": 52
  },
  {
    "name": "Require(43) node_modules/_egg-development@2.7.0@egg-development/app.js",
    "start": 1611388143395,
    "end": 1611388143395,
    "duration": 0,
    "pid": 15672,
    "index": 53
  },
  {
    "name": "Require(44) node_modules/_egg-logrotator@3.1.0@egg-logrotator/app.js",
    "start": 1611388143395,
    "end": 1611388143396,
    "duration": 1,
    "pid": 15672,
    "index": 54
  },
  {
    "name": "Require(45) node_modules/_egg-static@2.2.0@egg-static/app.js",
    "start": 1611388143396,
    "end": 1611388143396,
    "duration": 0,
    "pid": 15672,
    "index": 55
  },
  {
    "name": "Require(46) node_modules/_egg-view-ejs@2.0.1@egg-view-ejs/app.js",
    "start": 1611388143397,
    "end": 1611388143397,
    "duration": 0,
    "pid": 15672,
    "index": 56
  },
  {
    "name": "Before Start in node_modules/_egg-watcher@3.1.1@egg-watcher/lib/init.js:15:14",
    "start": 1611388143407,
    "end": 1611388143627,
    "duration": 220,
    "pid": 15672,
    "index": 57
  },
  {
    "name": "Load Service",
    "start": 1611388143442,
    "end": 1611388143446,
    "duration": 4,
    "pid": 15672,
    "index": 58
  },
  {
    "name": "Load \"service\" to Context",
    "start": 1611388143442,
    "end": 1611388143446,
    "duration": 4,
    "pid": 15672,
    "index": 59
  },
  {
    "name": "Load Middleware",
    "start": 1611388143446,
    "end": 1611388143604,
    "duration": 158,
    "pid": 15672,
    "index": 60
  },
  {
    "name": "Load \"middlewares\" to Application",
    "start": 1611388143447,
    "end": 1611388143589,
    "duration": 142,
    "pid": 15672,
    "index": 61
  },
  {
    "name": "Load Controller",
    "start": 1611388143604,
    "end": 1611388143611,
    "duration": 7,
    "pid": 15672,
    "index": 62
  },
  {
    "name": "Load \"controller\" to Application",
    "start": 1611388143604,
    "end": 1611388143611,
    "duration": 7,
    "pid": 15672,
    "index": 63
  },
  {
    "name": "Load Router",
    "start": 1611388143611,
    "end": 1611388143614,
    "duration": 3,
    "pid": 15672,
    "index": 64
  },
  {
    "name": "Require(47) app/router.js",
    "start": 1611388143612,
    "end": 1611388143612,
    "duration": 0,
    "pid": 15672,
    "index": 65
  },
  {
    "name": "Before Start in node_modules/_egg-core@4.20.0@egg-core/lib/egg.js:303:10",
    "start": 1611388143612,
    "end": 1611388143620,
    "duration": 8,
    "pid": 15672,
    "index": 66
  }
]