[
  {
    "name": "Process Start",
    "start": 1611388124351,
    "end": 1611388125541,
    "duration": 1190,
    "pid": 16876,
    "index": 0
  },
  {
    "name": "Application Start",
    "start": 1611388125542,
    "end": 1611388126014,
    "duration": 472,
    "pid": 16876,
    "index": 1
  },
  {
    "name": "Load Plugin",
    "start": 1611388125546,
    "end": 1611388125565,
    "duration": 19,
    "pid": 16876,
    "index": 2
  },
  {
    "name": "Load Config",
    "start": 1611388125565,
    "end": 1611388125588,
    "duration": 23,
    "pid": 16876,
    "index": 3
  },
  {
    "name": "Require(0) config/config.default.js",
    "start": 1611388125566,
    "end": 1611388125566,
    "duration": 0,
    "pid": 16876,
    "index": 4
  },
  {
    "name": "Require(1) node_modules/_egg-session@3.2.0@egg-session/config/config.default.js",
    "start": 1611388125567,
    "end": 1611388125568,
    "duration": 1,
    "pid": 16876,
    "index": 5
  },
  {
    "name": "Require(2) node_modules/_egg-security@2.8.0@egg-security/config/config.default.js",
    "start": 1611388125568,
    "end": 1611388125569,
    "duration": 1,
    "pid": 16876,
    "index": 6
  },
  {
    "name": "Require(3) node_modules/_egg-jsonp@2.0.0@egg-jsonp/config/config.default.js",
    "start": 1611388125569,
    "end": 1611388125570,
    "duration": 1,
    "pid": 16876,
    "index": 7
  },
  {
    "name": "Require(4) node_modules/_egg-onerror@2.1.0@egg-onerror/config/config.default.js",
    "start": 1611388125570,
    "end": 1611388125571,
    "duration": 1,
    "pid": 16876,
    "index": 8
  },
  {
    "name": "Require(5) node_modules/_egg-i18n@2.1.1@egg-i18n/config/config.default.js",
    "start": 1611388125571,
    "end": 1611388125572,
    "duration": 1,
    "pid": 16876,
    "index": 9
  },
  {
    "name": "Require(6) node_modules/_egg-watcher@3.1.1@egg-watcher/config/config.default.js",
    "start": 1611388125572,
    "end": 1611388125573,
    "duration": 1,
    "pid": 16876,
    "index": 10
  },
  {
    "name": "Require(7) node_modules/_egg-schedule@3.6.6@egg-schedule/config/config.default.js",
    "start": 1611388125573,
    "end": 1611388125574,
    "duration": 1,
    "pid": 16876,
    "index": 11
  },
  {
    "name": "Require(8) node_modules/_egg-multipart@2.10.3@egg-multipart/config/config.default.js",
    "start": 1611388125574,
    "end": 1611388125575,
    "duration": 1,
    "pid": 16876,
    "index": 12
  },
  {
    "name": "Require(9) node_modules/_egg-development@2.7.0@egg-development/config/config.default.js",
    "start": 1611388125576,
    "end": 1611388125576,
    "duration": 0,
    "pid": 16876,
    "index": 13
  },
  {
    "name": "Require(10) node_modules/_egg-logrotator@3.1.0@egg-logrotator/config/config.default.js",
    "start": 1611388125577,
    "end": 1611388125577,
    "duration": 0,
    "pid": 16876,
    "index": 14
  },
  {
    "name": "Require(11) node_modules/_egg-static@2.2.0@egg-static/config/config.default.js",
    "start": 1611388125578,
    "end": 1611388125578,
    "duration": 0,
    "pid": 16876,
    "index": 15
  },
  {
    "name": "Require(12) node_modules/_egg-view@2.1.3@egg-view/config/config.default.js",
    "start": 1611388125578,
    "end": 1611388125579,
    "duration": 1,
    "pid": 16876,
    "index": 16
  },
  {
    "name": "Require(13) node_modules/_egg-view-ejs@2.0.1@egg-view-ejs/config/config.default.js",
    "start": 1611388125579,
    "end": 1611388125580,
    "duration": 1,
    "pid": 16876,
    "index": 17
  },
  {
    "name": "Require(14) node_modules/_egg@2.29.1@egg/config/config.default.js",
    "start": 1611388125580,
    "end": 1611388125581,
    "duration": 1,
    "pid": 16876,
    "index": 18
  },
  {
    "name": "Require(15) config/config.default.js",
    "start": 1611388125582,
    "end": 1611388125582,
    "duration": 0,
    "pid": 16876,
    "index": 19
  },
  {
    "name": "Require(16) node_modules/_egg-security@2.8.0@egg-security/config/config.local.js",
    "start": 1611388125583,
    "end": 1611388125583,
    "duration": 0,
    "pid": 16876,
    "index": 20
  },
  {
    "name": "Require(17) node_modules/_egg-watcher@3.1.1@egg-watcher/config/config.local.js",
    "start": 1611388125584,
    "end": 1611388125584,
    "duration": 0,
    "pid": 16876,
    "index": 21
  },
  {
    "name": "Require(18) node_modules/_egg-view@2.1.3@egg-view/config/config.local.js",
    "start": 1611388125586,
    "end": 1611388125586,
    "duration": 0,
    "pid": 16876,
    "index": 22
  },
  {
    "name": "Require(19) node_modules/_egg-view-ejs@2.0.1@egg-view-ejs/config/config.local.js",
    "start": 1611388125586,
    "end": 1611388125587,
    "duration": 1,
    "pid": 16876,
    "index": 23
  },
  {
    "name": "Require(20) node_modules/_egg@2.29.1@egg/config/config.local.js",
    "start": 1611388125587,
    "end": 1611388125587,
    "duration": 0,
    "pid": 16876,
    "index": 24
  },
  {
    "name": "Load extend/application.js",
    "start": 1611388125588,
    "end": 1611388125607,
    "duration": 19,
    "pid": 16876,
    "index": 25
  },
  {
    "name": "Require(21) node_modules/_egg-session@3.2.0@egg-session/app/extend/application.js",
    "start": 1611388125589,
    "end": 1611388125590,
    "duration": 1,
    "pid": 16876,
    "index": 26
  },
  {
    "name": "Require(22) node_modules/_egg-security@2.8.0@egg-security/app/extend/application.js",
    "start": 1611388125590,
    "end": 1611388125592,
    "duration": 2,
    "pid": 16876,
    "index": 27
  },
  {
    "name": "Require(23) node_modules/_egg-jsonp@2.0.0@egg-jsonp/app/extend/application.js",
    "start": 1611388125592,
    "end": 1611388125595,
    "duration": 3,
    "pid": 16876,
    "index": 28
  },
  {
    "name": "Require(24) node_modules/_egg-logrotator@3.1.0@egg-logrotator/app/extend/application.js",
    "start": 1611388125596,
    "end": 1611388125600,
    "duration": 4,
    "pid": 16876,
    "index": 29
  },
  {
    "name": "Require(25) node_modules/_egg-view@2.1.3@egg-view/app/extend/application.js",
    "start": 1611388125600,
    "end": 1611388125603,
    "duration": 3,
    "pid": 16876,
    "index": 30
  },
  {
    "name": "Load extend/request.js",
    "start": 1611388125607,
    "end": 1611388125617,
    "duration": 10,
    "pid": 16876,
    "index": 31
  },
  {
    "name": "Require(26) node_modules/_egg@2.29.1@egg/app/extend/request.js",
    "start": 1611388125610,
    "end": 1611388125614,
    "duration": 4,
    "pid": 16876,
    "index": 32
  },
  {
    "name": "Load extend/response.js",
    "start": 1611388125617,
    "end": 1611388125627,
    "duration": 10,
    "pid": 16876,
    "index": 33
  },
  {
    "name": "Require(27) node_modules/_egg@2.29.1@egg/app/extend/response.js",
    "start": 1611388125620,
    "end": 1611388125623,
    "duration": 3,
    "pid": 16876,
    "index": 34
  },
  {
    "name": "Load extend/context.js",
    "start": 1611388125627,
    "end": 1611388125714,
    "duration": 87,
    "pid": 16876,
    "index": 35
  },
  {
    "name": "Require(28) node_modules/_egg-security@2.8.0@egg-security/app/extend/context.js",
    "start": 1611388125628,
    "end": 1611388125645,
    "duration": 17,
    "pid": 16876,
    "index": 36
  },
  {
    "name": "Require(29) node_modules/_egg-jsonp@2.0.0@egg-jsonp/app/extend/context.js",
    "start": 1611388125645,
    "end": 1611388125647,
    "duration": 2,
    "pid": 16876,
    "index": 37
  },
  {
    "name": "Require(30) node_modules/_egg-i18n@2.1.1@egg-i18n/app/extend/context.js",
    "start": 1611388125648,
    "end": 1611388125648,
    "duration": 0,
    "pid": 16876,
    "index": 38
  },
  {
    "name": "Require(31) node_modules/_egg-multipart@2.10.3@egg-multipart/app/extend/context.js",
    "start": 1611388125649,
    "end": 1611388125706,
    "duration": 57,
    "pid": 16876,
    "index": 39
  },
  {
    "name": "Require(32) node_modules/_egg-view@2.1.3@egg-view/app/extend/context.js",
    "start": 1611388125707,
    "end": 1611388125708,
    "duration": 1,
    "pid": 16876,
    "index": 40
  },
  {
    "name": "Require(33) node_modules/_egg@2.29.1@egg/app/extend/context.js",
    "start": 1611388125709,
    "end": 1611388125710,
    "duration": 1,
    "pid": 16876,
    "index": 41
  },
  {
    "name": "Load extend/helper.js",
    "start": 1611388125714,
    "end": 1611388125740,
    "duration": 26,
    "pid": 16876,
    "index": 42
  },
  {
    "name": "Require(34) node_modules/_egg-security@2.8.0@egg-security/app/extend/helper.js",
    "start": 1611388125715,
    "end": 1611388125734,
    "duration": 19,
    "pid": 16876,
    "index": 43
  },
  {
    "name": "Require(35) node_modules/_egg@2.29.1@egg/app/extend/helper.js",
    "start": 1611388125736,
    "end": 1611388125737,
    "duration": 1,
    "pid": 16876,
    "index": 44
  },
  {
    "name": "Load app.js",
    "start": 1611388125740,
    "end": 1611388125781,
    "duration": 41,
    "pid": 16876,
    "index": 45
  },
  {
    "name": "Require(36) node_modules/_egg-session@3.2.0@egg-session/app.js",
    "start": 1611388125741,
    "end": 1611388125741,
    "duration": 0,
    "pid": 16876,
    "index": 46
  },
  {
    "name": "Require(37) node_modules/_egg-security@2.8.0@egg-security/app.js",
    "start": 1611388125742,
    "end": 1611388125744,
    "duration": 2,
    "pid": 16876,
    "index": 47
  },
  {
    "name": "Require(38) node_modules/_egg-onerror@2.1.0@egg-onerror/app.js",
    "start": 1611388125745,
    "end": 1611388125759,
    "duration": 14,
    "pid": 16876,
    "index": 48
  },
  {
    "name": "Require(39) node_modules/_egg-i18n@2.1.1@egg-i18n/app.js",
    "start": 1611388125759,
    "end": 1611388125768,
    "duration": 9,
    "pid": 16876,
    "index": 49
  },
  {
    "name": "Require(40) node_modules/_egg-watcher@3.1.1@egg-watcher/app.js",
    "start": 1611388125769,
    "end": 1611388125774,
    "duration": 5,
    "pid": 16876,
    "index": 50
  },
  {
    "name": "Require(41) node_modules/_egg-schedule@3.6.6@egg-schedule/app.js",
    "start": 1611388125774,
    "end": 1611388125776,
    "duration": 2,
    "pid": 16876,
    "index": 51
  },
  {
    "name": "Require(42) node_modules/_egg-multipart@2.10.3@egg-multipart/app.js",
    "start": 1611388125777,
    "end": 1611388125777,
    "duration": 0,
    "pid": 16876,
    "index": 52
  },
  {
    "name": "Require(43) node_modules/_egg-development@2.7.0@egg-development/app.js",
    "start": 1611388125778,
    "end": 1611388125778,
    "duration": 0,
    "pid": 16876,
    "index": 53
  },
  {
    "name": "Require(44) node_modules/_egg-logrotator@3.1.0@egg-logrotator/app.js",
    "start": 1611388125778,
    "end": 1611388125779,
    "duration": 1,
    "pid": 16876,
    "index": 54
  },
  {
    "name": "Require(45) node_modules/_egg-static@2.2.0@egg-static/app.js",
    "start": 1611388125779,
    "end": 1611388125779,
    "duration": 0,
    "pid": 16876,
    "index": 55
  },
  {
    "name": "Require(46) node_modules/_egg-view-ejs@2.0.1@egg-view-ejs/app.js",
    "start": 1611388125780,
    "end": 1611388125780,
    "duration": 0,
    "pid": 16876,
    "index": 56
  },
  {
    "name": "Before Start in node_modules/_egg-watcher@3.1.1@egg-watcher/lib/init.js:15:14",
    "start": 1611388125791,
    "end": 1611388126013,
    "duration": 222,
    "pid": 16876,
    "index": 57
  },
  {
    "name": "Load Service",
    "start": 1611388125824,
    "end": 1611388125831,
    "duration": 7,
    "pid": 16876,
    "index": 58
  },
  {
    "name": "Load \"service\" to Context",
    "start": 1611388125824,
    "end": 1611388125831,
    "duration": 7,
    "pid": 16876,
    "index": 59
  },
  {
    "name": "Load Middleware",
    "start": 1611388125831,
    "end": 1611388125987,
    "duration": 156,
    "pid": 16876,
    "index": 60
  },
  {
    "name": "Load \"middlewares\" to Application",
    "start": 1611388125831,
    "end": 1611388125971,
    "duration": 140,
    "pid": 16876,
    "index": 61
  },
  {
    "name": "Load Controller",
    "start": 1611388125988,
    "end": 1611388125996,
    "duration": 8,
    "pid": 16876,
    "index": 62
  },
  {
    "name": "Load \"controller\" to Application",
    "start": 1611388125988,
    "end": 1611388125996,
    "duration": 8,
    "pid": 16876,
    "index": 63
  },
  {
    "name": "Load Router",
    "start": 1611388125996,
    "end": 1611388125999,
    "duration": 3,
    "pid": 16876,
    "index": 64
  },
  {
    "name": "Require(47) app/router.js",
    "start": 1611388125997,
    "end": 1611388125997,
    "duration": 0,
    "pid": 16876,
    "index": 65
  },
  {
    "name": "Before Start in node_modules/_egg-core@4.20.0@egg-core/lib/egg.js:303:10",
    "start": 1611388125997,
    "end": 1611388126006,
    "duration": 9,
    "pid": 16876,
    "index": 66
  }
]