[
  {
    "name": "Process Start",
    "start": 1611309798435,
    "end": 1611309799570,
    "duration": 1135,
    "pid": 18104,
    "index": 0
  },
  {
    "name": "Application Start",
    "start": 1611309799571,
    "end": 1611309800029,
    "duration": 458,
    "pid": 18104,
    "index": 1
  },
  {
    "name": "Load Plugin",
    "start": 1611309799575,
    "end": 1611309799596,
    "duration": 21,
    "pid": 18104,
    "index": 2
  },
  {
    "name": "Load Config",
    "start": 1611309799596,
    "end": 1611309799620,
    "duration": 24,
    "pid": 18104,
    "index": 3
  },
  {
    "name": "Require(0) config/config.default.js",
    "start": 1611309799597,
    "end": 1611309799598,
    "duration": 1,
    "pid": 18104,
    "index": 4
  },
  {
    "name": "Require(1) node_modules/_egg-session@3.2.0@egg-session/config/config.default.js",
    "start": 1611309799599,
    "end": 1611309799600,
    "duration": 1,
    "pid": 18104,
    "index": 5
  },
  {
    "name": "Require(2) node_modules/_egg-security@2.8.0@egg-security/config/config.default.js",
    "start": 1611309799600,
    "end": 1611309799600,
    "duration": 0,
    "pid": 18104,
    "index": 6
  },
  {
    "name": "Require(3) node_modules/_egg-jsonp@2.0.0@egg-jsonp/config/config.default.js",
    "start": 1611309799601,
    "end": 1611309799602,
    "duration": 1,
    "pid": 18104,
    "index": 7
  },
  {
    "name": "Require(4) node_modules/_egg-onerror@2.1.0@egg-onerror/config/config.default.js",
    "start": 1611309799602,
    "end": 1611309799603,
    "duration": 1,
    "pid": 18104,
    "index": 8
  },
  {
    "name": "Require(5) node_modules/_egg-i18n@2.1.1@egg-i18n/config/config.default.js",
    "start": 1611309799603,
    "end": 1611309799604,
    "duration": 1,
    "pid": 18104,
    "index": 9
  },
  {
    "name": "Require(6) node_modules/_egg-watcher@3.1.1@egg-watcher/config/config.default.js",
    "start": 1611309799604,
    "end": 1611309799605,
    "duration": 1,
    "pid": 18104,
    "index": 10
  },
  {
    "name": "Require(7) node_modules/_egg-schedule@3.6.6@egg-schedule/config/config.default.js",
    "start": 1611309799605,
    "end": 1611309799606,
    "duration": 1,
    "pid": 18104,
    "index": 11
  },
  {
    "name": "Require(8) node_modules/_egg-multipart@2.10.3@egg-multipart/config/config.default.js",
    "start": 1611309799606,
    "end": 1611309799607,
    "duration": 1,
    "pid": 18104,
    "index": 12
  },
  {
    "name": "Require(9) node_modules/_egg-development@2.7.0@egg-development/config/config.default.js",
    "start": 1611309799607,
    "end": 1611309799608,
    "duration": 1,
    "pid": 18104,
    "index": 13
  },
  {
    "name": "Require(10) node_modules/_egg-logrotator@3.1.0@egg-logrotator/config/config.default.js",
    "start": 1611309799608,
    "end": 1611309799609,
    "duration": 1,
    "pid": 18104,
    "index": 14
  },
  {
    "name": "Require(11) node_modules/_egg-static@2.2.0@egg-static/config/config.default.js",
    "start": 1611309799609,
    "end": 1611309799609,
    "duration": 0,
    "pid": 18104,
    "index": 15
  },
  {
    "name": "Require(12) node_modules/_egg-view@2.1.3@egg-view/config/config.default.js",
    "start": 1611309799610,
    "end": 1611309799610,
    "duration": 0,
    "pid": 18104,
    "index": 16
  },
  {
    "name": "Require(13) node_modules/_egg-view-ejs@2.0.1@egg-view-ejs/config/config.default.js",
    "start": 1611309799611,
    "end": 1611309799611,
    "duration": 0,
    "pid": 18104,
    "index": 17
  },
  {
    "name": "Require(14) node_modules/_egg@2.29.1@egg/config/config.default.js",
    "start": 1611309799612,
    "end": 1611309799612,
    "duration": 0,
    "pid": 18104,
    "index": 18
  },
  {
    "name": "Require(15) config/config.default.js",
    "start": 1611309799614,
    "end": 1611309799614,
    "duration": 0,
    "pid": 18104,
    "index": 19
  },
  {
    "name": "Require(16) node_modules/_egg-security@2.8.0@egg-security/config/config.local.js",
    "start": 1611309799615,
    "end": 1611309799615,
    "duration": 0,
    "pid": 18104,
    "index": 20
  },
  {
    "name": "Require(17) node_modules/_egg-watcher@3.1.1@egg-watcher/config/config.local.js",
    "start": 1611309799616,
    "end": 1611309799616,
    "duration": 0,
    "pid": 18104,
    "index": 21
  },
  {
    "name": "Require(18) node_modules/_egg-view@2.1.3@egg-view/config/config.local.js",
    "start": 1611309799618,
    "end": 1611309799618,
    "duration": 0,
    "pid": 18104,
    "index": 22
  },
  {
    "name": "Require(19) node_modules/_egg-view-ejs@2.0.1@egg-view-ejs/config/config.local.js",
    "start": 1611309799619,
    "end": 1611309799619,
    "duration": 0,
    "pid": 18104,
    "index": 23
  },
  {
    "name": "Require(20) node_modules/_egg@2.29.1@egg/config/config.local.js",
    "start": 1611309799619,
    "end": 1611309799619,
    "duration": 0,
    "pid": 18104,
    "index": 24
  },
  {
    "name": "Load extend/application.js",
    "start": 1611309799621,
    "end": 1611309799638,
    "duration": 17,
    "pid": 18104,
    "index": 25
  },
  {
    "name": "Require(21) node_modules/_egg-session@3.2.0@egg-session/app/extend/application.js",
    "start": 1611309799621,
    "end": 1611309799622,
    "duration": 1,
    "pid": 18104,
    "index": 26
  },
  {
    "name": "Require(22) node_modules/_egg-security@2.8.0@egg-security/app/extend/application.js",
    "start": 1611309799622,
    "end": 1611309799624,
    "duration": 2,
    "pid": 18104,
    "index": 27
  },
  {
    "name": "Require(23) node_modules/_egg-jsonp@2.0.0@egg-jsonp/app/extend/application.js",
    "start": 1611309799624,
    "end": 1611309799626,
    "duration": 2,
    "pid": 18104,
    "index": 28
  },
  {
    "name": "Require(24) node_modules/_egg-logrotator@3.1.0@egg-logrotator/app/extend/application.js",
    "start": 1611309799628,
    "end": 1611309799632,
    "duration": 4,
    "pid": 18104,
    "index": 29
  },
  {
    "name": "Require(25) node_modules/_egg-view@2.1.3@egg-view/app/extend/application.js",
    "start": 1611309799632,
    "end": 1611309799635,
    "duration": 3,
    "pid": 18104,
    "index": 30
  },
  {
    "name": "Load extend/request.js",
    "start": 1611309799638,
    "end": 1611309799646,
    "duration": 8,
    "pid": 18104,
    "index": 31
  },
  {
    "name": "Require(26) node_modules/_egg@2.29.1@egg/app/extend/request.js",
    "start": 1611309799641,
    "end": 1611309799643,
    "duration": 2,
    "pid": 18104,
    "index": 32
  },
  {
    "name": "Load extend/response.js",
    "start": 1611309799646,
    "end": 1611309799661,
    "duration": 15,
    "pid": 18104,
    "index": 33
  },
  {
    "name": "Require(27) node_modules/_egg@2.29.1@egg/app/extend/response.js",
    "start": 1611309799651,
    "end": 1611309799656,
    "duration": 5,
    "pid": 18104,
    "index": 34
  },
  {
    "name": "Load extend/context.js",
    "start": 1611309799661,
    "end": 1611309799754,
    "duration": 93,
    "pid": 18104,
    "index": 35
  },
  {
    "name": "Require(28) node_modules/_egg-security@2.8.0@egg-security/app/extend/context.js",
    "start": 1611309799662,
    "end": 1611309799681,
    "duration": 19,
    "pid": 18104,
    "index": 36
  },
  {
    "name": "Require(29) node_modules/_egg-jsonp@2.0.0@egg-jsonp/app/extend/context.js",
    "start": 1611309799682,
    "end": 1611309799684,
    "duration": 2,
    "pid": 18104,
    "index": 37
  },
  {
    "name": "Require(30) node_modules/_egg-i18n@2.1.1@egg-i18n/app/extend/context.js",
    "start": 1611309799685,
    "end": 1611309799685,
    "duration": 0,
    "pid": 18104,
    "index": 38
  },
  {
    "name": "Require(31) node_modules/_egg-multipart@2.10.3@egg-multipart/app/extend/context.js",
    "start": 1611309799686,
    "end": 1611309799746,
    "duration": 60,
    "pid": 18104,
    "index": 39
  },
  {
    "name": "Require(32) node_modules/_egg-view@2.1.3@egg-view/app/extend/context.js",
    "start": 1611309799747,
    "end": 1611309799748,
    "duration": 1,
    "pid": 18104,
    "index": 40
  },
  {
    "name": "Require(33) node_modules/_egg@2.29.1@egg/app/extend/context.js",
    "start": 1611309799749,
    "end": 1611309799751,
    "duration": 2,
    "pid": 18104,
    "index": 41
  },
  {
    "name": "Load extend/helper.js",
    "start": 1611309799754,
    "end": 1611309799781,
    "duration": 27,
    "pid": 18104,
    "index": 42
  },
  {
    "name": "Require(34) node_modules/_egg-security@2.8.0@egg-security/app/extend/helper.js",
    "start": 1611309799755,
    "end": 1611309799775,
    "duration": 20,
    "pid": 18104,
    "index": 43
  },
  {
    "name": "Require(35) node_modules/_egg@2.29.1@egg/app/extend/helper.js",
    "start": 1611309799777,
    "end": 1611309799778,
    "duration": 1,
    "pid": 18104,
    "index": 44
  },
  {
    "name": "Load app.js",
    "start": 1611309799781,
    "end": 1611309799818,
    "duration": 37,
    "pid": 18104,
    "index": 45
  },
  {
    "name": "Require(36) node_modules/_egg-session@3.2.0@egg-session/app.js",
    "start": 1611309799782,
    "end": 1611309799782,
    "duration": 0,
    "pid": 18104,
    "index": 46
  },
  {
    "name": "Require(37) node_modules/_egg-security@2.8.0@egg-security/app.js",
    "start": 1611309799782,
    "end": 1611309799785,
    "duration": 3,
    "pid": 18104,
    "index": 47
  },
  {
    "name": "Require(38) node_modules/_egg-onerror@2.1.0@egg-onerror/app.js",
    "start": 1611309799786,
    "end": 1611309799798,
    "duration": 12,
    "pid": 18104,
    "index": 48
  },
  {
    "name": "Require(39) node_modules/_egg-i18n@2.1.1@egg-i18n/app.js",
    "start": 1611309799798,
    "end": 1611309799807,
    "duration": 9,
    "pid": 18104,
    "index": 49
  },
  {
    "name": "Require(40) node_modules/_egg-watcher@3.1.1@egg-watcher/app.js",
    "start": 1611309799807,
    "end": 1611309799811,
    "duration": 4,
    "pid": 18104,
    "index": 50
  },
  {
    "name": "Require(41) node_modules/_egg-schedule@3.6.6@egg-schedule/app.js",
    "start": 1611309799811,
    "end": 1611309799814,
    "duration": 3,
    "pid": 18104,
    "index": 51
  },
  {
    "name": "Require(42) node_modules/_egg-multipart@2.10.3@egg-multipart/app.js",
    "start": 1611309799814,
    "end": 1611309799815,
    "duration": 1,
    "pid": 18104,
    "index": 52
  },
  {
    "name": "Require(43) node_modules/_egg-development@2.7.0@egg-development/app.js",
    "start": 1611309799815,
    "end": 1611309799815,
    "duration": 0,
    "pid": 18104,
    "index": 53
  },
  {
    "name": "Require(44) node_modules/_egg-logrotator@3.1.0@egg-logrotator/app.js",
    "start": 1611309799816,
    "end": 1611309799816,
    "duration": 0,
    "pid": 18104,
    "index": 54
  },
  {
    "name": "Require(45) node_modules/_egg-static@2.2.0@egg-static/app.js",
    "start": 1611309799816,
    "end": 1611309799816,
    "duration": 0,
    "pid": 18104,
    "index": 55
  },
  {
    "name": "Require(46) node_modules/_egg-view-ejs@2.0.1@egg-view-ejs/app.js",
    "start": 1611309799817,
    "end": 1611309799817,
    "duration": 0,
    "pid": 18104,
    "index": 56
  },
  {
    "name": "Before Start in node_modules/_egg-watcher@3.1.1@egg-watcher/lib/init.js:15:14",
    "start": 1611309799828,
    "end": 1611309800028,
    "duration": 200,
    "pid": 18104,
    "index": 57
  },
  {
    "name": "Load Service",
    "start": 1611309799864,
    "end": 1611309799869,
    "duration": 5,
    "pid": 18104,
    "index": 58
  },
  {
    "name": "Load \"service\" to Context",
    "start": 1611309799864,
    "end": 1611309799869,
    "duration": 5,
    "pid": 18104,
    "index": 59
  },
  {
    "name": "Load Middleware",
    "start": 1611309799869,
    "end": 1611309800009,
    "duration": 140,
    "pid": 18104,
    "index": 60
  },
  {
    "name": "Load \"middlewares\" to Application",
    "start": 1611309799869,
    "end": 1611309799993,
    "duration": 124,
    "pid": 18104,
    "index": 61
  },
  {
    "name": "Load Controller",
    "start": 1611309800010,
    "end": 1611309800013,
    "duration": 3,
    "pid": 18104,
    "index": 62
  },
  {
    "name": "Load \"controller\" to Application",
    "start": 1611309800010,
    "end": 1611309800013,
    "duration": 3,
    "pid": 18104,
    "index": 63
  },
  {
    "name": "Load Router",
    "start": 1611309800013,
    "end": 1611309800015,
    "duration": 2,
    "pid": 18104,
    "index": 64
  },
  {
    "name": "Require(47) app/router.js",
    "start": 1611309800013,
    "end": 1611309800014,
    "duration": 1,
    "pid": 18104,
    "index": 65
  },
  {
    "name": "Before Start in node_modules/_egg-core@4.20.0@egg-core/lib/egg.js:303:10",
    "start": 1611309800014,
    "end": 1611309800021,
    "duration": 7,
    "pid": 18104,
    "index": 66
  }
]