[
  {
    "name": "Process Start",
    "start": 1611309800061,
    "end": 1611309801287,
    "duration": 1226,
    "pid": 1480,
    "index": 0
  },
  {
    "name": "Application Start",
    "start": 1611309801288,
    "end": 1611309801727,
    "duration": 439,
    "pid": 1480,
    "index": 1
  },
  {
    "name": "Load Plugin",
    "start": 1611309801292,
    "end": 1611309801313,
    "duration": 21,
    "pid": 1480,
    "index": 2
  },
  {
    "name": "Load Config",
    "start": 1611309801313,
    "end": 1611309801335,
    "duration": 22,
    "pid": 1480,
    "index": 3
  },
  {
    "name": "Require(0) config/config.default.js",
    "start": 1611309801314,
    "end": 1611309801314,
    "duration": 0,
    "pid": 1480,
    "index": 4
  },
  {
    "name": "Require(1) node_modules/_egg-session@3.2.0@egg-session/config/config.default.js",
    "start": 1611309801316,
    "end": 1611309801316,
    "duration": 0,
    "pid": 1480,
    "index": 5
  },
  {
    "name": "Require(2) node_modules/_egg-security@2.8.0@egg-security/config/config.default.js",
    "start": 1611309801317,
    "end": 1611309801317,
    "duration": 0,
    "pid": 1480,
    "index": 6
  },
  {
    "name": "Require(3) node_modules/_egg-jsonp@2.0.0@egg-jsonp/config/config.default.js",
    "start": 1611309801318,
    "end": 1611309801318,
    "duration": 0,
    "pid": 1480,
    "index": 7
  },
  {
    "name": "Require(4) node_modules/_egg-onerror@2.1.0@egg-onerror/config/config.default.js",
    "start": 1611309801319,
    "end": 1611309801319,
    "duration": 0,
    "pid": 1480,
    "index": 8
  },
  {
    "name": "Require(5) node_modules/_egg-i18n@2.1.1@egg-i18n/config/config.default.js",
    "start": 1611309801320,
    "end": 1611309801320,
    "duration": 0,
    "pid": 1480,
    "index": 9
  },
  {
    "name": "Require(6) node_modules/_egg-watcher@3.1.1@egg-watcher/config/config.default.js",
    "start": 1611309801321,
    "end": 1611309801321,
    "duration": 0,
    "pid": 1480,
    "index": 10
  },
  {
    "name": "Require(7) node_modules/_egg-schedule@3.6.6@egg-schedule/config/config.default.js",
    "start": 1611309801322,
    "end": 1611309801322,
    "duration": 0,
    "pid": 1480,
    "index": 11
  },
  {
    "name": "Require(8) node_modules/_egg-multipart@2.10.3@egg-multipart/config/config.default.js",
    "start": 1611309801323,
    "end": 1611309801323,
    "duration": 0,
    "pid": 1480,
    "index": 12
  },
  {
    "name": "Require(9) node_modules/_egg-development@2.7.0@egg-development/config/config.default.js",
    "start": 1611309801324,
    "end": 1611309801324,
    "duration": 0,
    "pid": 1480,
    "index": 13
  },
  {
    "name": "Require(10) node_modules/_egg-logrotator@3.1.0@egg-logrotator/config/config.default.js",
    "start": 1611309801324,
    "end": 1611309801325,
    "duration": 1,
    "pid": 1480,
    "index": 14
  },
  {
    "name": "Require(11) node_modules/_egg-static@2.2.0@egg-static/config/config.default.js",
    "start": 1611309801325,
    "end": 1611309801326,
    "duration": 1,
    "pid": 1480,
    "index": 15
  },
  {
    "name": "Require(12) node_modules/_egg-view@2.1.3@egg-view/config/config.default.js",
    "start": 1611309801326,
    "end": 1611309801327,
    "duration": 1,
    "pid": 1480,
    "index": 16
  },
  {
    "name": "Require(13) node_modules/_egg-view-ejs@2.0.1@egg-view-ejs/config/config.default.js",
    "start": 1611309801327,
    "end": 1611309801328,
    "duration": 1,
    "pid": 1480,
    "index": 17
  },
  {
    "name": "Require(14) node_modules/_egg@2.29.1@egg/config/config.default.js",
    "start": 1611309801328,
    "end": 1611309801329,
    "duration": 1,
    "pid": 1480,
    "index": 18
  },
  {
    "name": "Require(15) config/config.default.js",
    "start": 1611309801330,
    "end": 1611309801330,
    "duration": 0,
    "pid": 1480,
    "index": 19
  },
  {
    "name": "Require(16) node_modules/_egg-security@2.8.0@egg-security/config/config.local.js",
    "start": 1611309801331,
    "end": 1611309801331,
    "duration": 0,
    "pid": 1480,
    "index": 20
  },
  {
    "name": "Require(17) node_modules/_egg-watcher@3.1.1@egg-watcher/config/config.local.js",
    "start": 1611309801332,
    "end": 1611309801332,
    "duration": 0,
    "pid": 1480,
    "index": 21
  },
  {
    "name": "Require(18) node_modules/_egg-view@2.1.3@egg-view/config/config.local.js",
    "start": 1611309801334,
    "end": 1611309801334,
    "duration": 0,
    "pid": 1480,
    "index": 22
  },
  {
    "name": "Require(19) node_modules/_egg-view-ejs@2.0.1@egg-view-ejs/config/config.local.js",
    "start": 1611309801334,
    "end": 1611309801335,
    "duration": 1,
    "pid": 1480,
    "index": 23
  },
  {
    "name": "Require(20) node_modules/_egg@2.29.1@egg/config/config.local.js",
    "start": 1611309801335,
    "end": 1611309801335,
    "duration": 0,
    "pid": 1480,
    "index": 24
  },
  {
    "name": "Load extend/application.js",
    "start": 1611309801336,
    "end": 1611309801351,
    "duration": 15,
    "pid": 1480,
    "index": 25
  },
  {
    "name": "Require(21) node_modules/_egg-session@3.2.0@egg-session/app/extend/application.js",
    "start": 1611309801337,
    "end": 1611309801337,
    "duration": 0,
    "pid": 1480,
    "index": 26
  },
  {
    "name": "Require(22) node_modules/_egg-security@2.8.0@egg-security/app/extend/application.js",
    "start": 1611309801337,
    "end": 1611309801338,
    "duration": 1,
    "pid": 1480,
    "index": 27
  },
  {
    "name": "Require(23) node_modules/_egg-jsonp@2.0.0@egg-jsonp/app/extend/application.js",
    "start": 1611309801339,
    "end": 1611309801341,
    "duration": 2,
    "pid": 1480,
    "index": 28
  },
  {
    "name": "Require(24) node_modules/_egg-logrotator@3.1.0@egg-logrotator/app/extend/application.js",
    "start": 1611309801342,
    "end": 1611309801345,
    "duration": 3,
    "pid": 1480,
    "index": 29
  },
  {
    "name": "Require(25) node_modules/_egg-view@2.1.3@egg-view/app/extend/application.js",
    "start": 1611309801346,
    "end": 1611309801348,
    "duration": 2,
    "pid": 1480,
    "index": 30
  },
  {
    "name": "Load extend/request.js",
    "start": 1611309801351,
    "end": 1611309801358,
    "duration": 7,
    "pid": 1480,
    "index": 31
  },
  {
    "name": "Require(26) node_modules/_egg@2.29.1@egg/app/extend/request.js",
    "start": 1611309801354,
    "end": 1611309801355,
    "duration": 1,
    "pid": 1480,
    "index": 32
  },
  {
    "name": "Load extend/response.js",
    "start": 1611309801358,
    "end": 1611309801368,
    "duration": 10,
    "pid": 1480,
    "index": 33
  },
  {
    "name": "Require(27) node_modules/_egg@2.29.1@egg/app/extend/response.js",
    "start": 1611309801362,
    "end": 1611309801365,
    "duration": 3,
    "pid": 1480,
    "index": 34
  },
  {
    "name": "Load extend/context.js",
    "start": 1611309801368,
    "end": 1611309801443,
    "duration": 75,
    "pid": 1480,
    "index": 35
  },
  {
    "name": "Require(28) node_modules/_egg-security@2.8.0@egg-security/app/extend/context.js",
    "start": 1611309801368,
    "end": 1611309801382,
    "duration": 14,
    "pid": 1480,
    "index": 36
  },
  {
    "name": "Require(29) node_modules/_egg-jsonp@2.0.0@egg-jsonp/app/extend/context.js",
    "start": 1611309801382,
    "end": 1611309801384,
    "duration": 2,
    "pid": 1480,
    "index": 37
  },
  {
    "name": "Require(30) node_modules/_egg-i18n@2.1.1@egg-i18n/app/extend/context.js",
    "start": 1611309801384,
    "end": 1611309801385,
    "duration": 1,
    "pid": 1480,
    "index": 38
  },
  {
    "name": "Require(31) node_modules/_egg-multipart@2.10.3@egg-multipart/app/extend/context.js",
    "start": 1611309801386,
    "end": 1611309801436,
    "duration": 50,
    "pid": 1480,
    "index": 39
  },
  {
    "name": "Require(32) node_modules/_egg-view@2.1.3@egg-view/app/extend/context.js",
    "start": 1611309801437,
    "end": 1611309801438,
    "duration": 1,
    "pid": 1480,
    "index": 40
  },
  {
    "name": "Require(33) node_modules/_egg@2.29.1@egg/app/extend/context.js",
    "start": 1611309801439,
    "end": 1611309801440,
    "duration": 1,
    "pid": 1480,
    "index": 41
  },
  {
    "name": "Load extend/helper.js",
    "start": 1611309801443,
    "end": 1611309801468,
    "duration": 25,
    "pid": 1480,
    "index": 42
  },
  {
    "name": "Require(34) node_modules/_egg-security@2.8.0@egg-security/app/extend/helper.js",
    "start": 1611309801444,
    "end": 1611309801462,
    "duration": 18,
    "pid": 1480,
    "index": 43
  },
  {
    "name": "Require(35) node_modules/_egg@2.29.1@egg/app/extend/helper.js",
    "start": 1611309801465,
    "end": 1611309801465,
    "duration": 0,
    "pid": 1480,
    "index": 44
  },
  {
    "name": "Load app.js",
    "start": 1611309801469,
    "end": 1611309801506,
    "duration": 37,
    "pid": 1480,
    "index": 45
  },
  {
    "name": "Require(36) node_modules/_egg-session@3.2.0@egg-session/app.js",
    "start": 1611309801469,
    "end": 1611309801469,
    "duration": 0,
    "pid": 1480,
    "index": 46
  },
  {
    "name": "Require(37) node_modules/_egg-security@2.8.0@egg-security/app.js",
    "start": 1611309801470,
    "end": 1611309801472,
    "duration": 2,
    "pid": 1480,
    "index": 47
  },
  {
    "name": "Require(38) node_modules/_egg-onerror@2.1.0@egg-onerror/app.js",
    "start": 1611309801473,
    "end": 1611309801483,
    "duration": 10,
    "pid": 1480,
    "index": 48
  },
  {
    "name": "Require(39) node_modules/_egg-i18n@2.1.1@egg-i18n/app.js",
    "start": 1611309801483,
    "end": 1611309801490,
    "duration": 7,
    "pid": 1480,
    "index": 49
  },
  {
    "name": "Require(40) node_modules/_egg-watcher@3.1.1@egg-watcher/app.js",
    "start": 1611309801491,
    "end": 1611309801495,
    "duration": 4,
    "pid": 1480,
    "index": 50
  },
  {
    "name": "Require(41) node_modules/_egg-schedule@3.6.6@egg-schedule/app.js",
    "start": 1611309801495,
    "end": 1611309801498,
    "duration": 3,
    "pid": 1480,
    "index": 51
  },
  {
    "name": "Require(42) node_modules/_egg-multipart@2.10.3@egg-multipart/app.js",
    "start": 1611309801498,
    "end": 1611309801498,
    "duration": 0,
    "pid": 1480,
    "index": 52
  },
  {
    "name": "Require(43) node_modules/_egg-development@2.7.0@egg-development/app.js",
    "start": 1611309801499,
    "end": 1611309801499,
    "duration": 0,
    "pid": 1480,
    "index": 53
  },
  {
    "name": "Require(44) node_modules/_egg-logrotator@3.1.0@egg-logrotator/app.js",
    "start": 1611309801500,
    "end": 1611309801500,
    "duration": 0,
    "pid": 1480,
    "index": 54
  },
  {
    "name": "Require(45) node_modules/_egg-static@2.2.0@egg-static/app.js",
    "start": 1611309801501,
    "end": 1611309801502,
    "duration": 1,
    "pid": 1480,
    "index": 55
  },
  {
    "name": "Require(46) node_modules/_egg-view-ejs@2.0.1@egg-view-ejs/app.js",
    "start": 1611309801503,
    "end": 1611309801504,
    "duration": 1,
    "pid": 1480,
    "index": 56
  },
  {
    "name": "Before Start in node_modules/_egg-watcher@3.1.1@egg-watcher/lib/init.js:15:14",
    "start": 1611309801525,
    "end": 1611309801727,
    "duration": 202,
    "pid": 1480,
    "index": 57
  },
  {
    "name": "Load Service",
    "start": 1611309801576,
    "end": 1611309801581,
    "duration": 5,
    "pid": 1480,
    "index": 58
  },
  {
    "name": "Load \"service\" to Context",
    "start": 1611309801576,
    "end": 1611309801581,
    "duration": 5,
    "pid": 1480,
    "index": 59
  },
  {
    "name": "Load Middleware",
    "start": 1611309801581,
    "end": 1611309801709,
    "duration": 128,
    "pid": 1480,
    "index": 60
  },
  {
    "name": "Load \"middlewares\" to Application",
    "start": 1611309801581,
    "end": 1611309801693,
    "duration": 112,
    "pid": 1480,
    "index": 61
  },
  {
    "name": "Load Controller",
    "start": 1611309801709,
    "end": 1611309801712,
    "duration": 3,
    "pid": 1480,
    "index": 62
  },
  {
    "name": "Load \"controller\" to Application",
    "start": 1611309801709,
    "end": 1611309801712,
    "duration": 3,
    "pid": 1480,
    "index": 63
  },
  {
    "name": "Load Router",
    "start": 1611309801712,
    "end": 1611309801714,
    "duration": 2,
    "pid": 1480,
    "index": 64
  },
  {
    "name": "Require(47) app/router.js",
    "start": 1611309801712,
    "end": 1611309801713,
    "duration": 1,
    "pid": 1480,
    "index": 65
  },
  {
    "name": "Before Start in node_modules/_egg-core@4.20.0@egg-core/lib/egg.js:303:10",
    "start": 1611309801713,
    "end": 1611309801720,
    "duration": 7,
    "pid": 1480,
    "index": 66
  }
]