[
  {
    "name": "Process Start",
    "start": 1611309785726,
    "end": 1611309787137,
    "duration": 1411,
    "pid": 1468,
    "index": 0
  },
  {
    "name": "Application Start",
    "start": 1611309787138,
    "end": 1611309787599,
    "duration": 461,
    "pid": 1468,
    "index": 1
  },
  {
    "name": "Load Plugin",
    "start": 1611309787142,
    "end": 1611309787163,
    "duration": 21,
    "pid": 1468,
    "index": 2
  },
  {
    "name": "Load Config",
    "start": 1611309787163,
    "end": 1611309787190,
    "duration": 27,
    "pid": 1468,
    "index": 3
  },
  {
    "name": "Require(0) config/config.default.js",
    "start": 1611309787164,
    "end": 1611309787164,
    "duration": 0,
    "pid": 1468,
    "index": 4
  },
  {
    "name": "Require(1) node_modules/_egg-session@3.2.0@egg-session/config/config.default.js",
    "start": 1611309787167,
    "end": 1611309787167,
    "duration": 0,
    "pid": 1468,
    "index": 5
  },
  {
    "name": "Require(2) node_modules/_egg-security@2.8.0@egg-security/config/config.default.js",
    "start": 1611309787168,
    "end": 1611309787168,
    "duration": 0,
    "pid": 1468,
    "index": 6
  },
  {
    "name": "Require(3) node_modules/_egg-jsonp@2.0.0@egg-jsonp/config/config.default.js",
    "start": 1611309787169,
    "end": 1611309787170,
    "duration": 1,
    "pid": 1468,
    "index": 7
  },
  {
    "name": "Require(4) node_modules/_egg-onerror@2.1.0@egg-onerror/config/config.default.js",
    "start": 1611309787171,
    "end": 1611309787172,
    "duration": 1,
    "pid": 1468,
    "index": 8
  },
  {
    "name": "Require(5) node_modules/_egg-i18n@2.1.1@egg-i18n/config/config.default.js",
    "start": 1611309787172,
    "end": 1611309787173,
    "duration": 1,
    "pid": 1468,
    "index": 9
  },
  {
    "name": "Require(6) node_modules/_egg-watcher@3.1.1@egg-watcher/config/config.default.js",
    "start": 1611309787173,
    "end": 1611309787174,
    "duration": 1,
    "pid": 1468,
    "index": 10
  },
  {
    "name": "Require(7) node_modules/_egg-schedule@3.6.6@egg-schedule/config/config.default.js",
    "start": 1611309787174,
    "end": 1611309787175,
    "duration": 1,
    "pid": 1468,
    "index": 11
  },
  {
    "name": "Require(8) node_modules/_egg-multipart@2.10.3@egg-multipart/config/config.default.js",
    "start": 1611309787175,
    "end": 1611309787176,
    "duration": 1,
    "pid": 1468,
    "index": 12
  },
  {
    "name": "Require(9) node_modules/_egg-development@2.7.0@egg-development/config/config.default.js",
    "start": 1611309787176,
    "end": 1611309787177,
    "duration": 1,
    "pid": 1468,
    "index": 13
  },
  {
    "name": "Require(10) node_modules/_egg-logrotator@3.1.0@egg-logrotator/config/config.default.js",
    "start": 1611309787177,
    "end": 1611309787178,
    "duration": 1,
    "pid": 1468,
    "index": 14
  },
  {
    "name": "Require(11) node_modules/_egg-static@2.2.0@egg-static/config/config.default.js",
    "start": 1611309787178,
    "end": 1611309787179,
    "duration": 1,
    "pid": 1468,
    "index": 15
  },
  {
    "name": "Require(12) node_modules/_egg-view@2.1.3@egg-view/config/config.default.js",
    "start": 1611309787179,
    "end": 1611309787180,
    "duration": 1,
    "pid": 1468,
    "index": 16
  },
  {
    "name": "Require(13) node_modules/_egg-view-ejs@2.0.1@egg-view-ejs/config/config.default.js",
    "start": 1611309787180,
    "end": 1611309787181,
    "duration": 1,
    "pid": 1468,
    "index": 17
  },
  {
    "name": "Require(14) node_modules/_egg@2.29.1@egg/config/config.default.js",
    "start": 1611309787181,
    "end": 1611309787182,
    "duration": 1,
    "pid": 1468,
    "index": 18
  },
  {
    "name": "Require(15) config/config.default.js",
    "start": 1611309787184,
    "end": 1611309787184,
    "duration": 0,
    "pid": 1468,
    "index": 19
  },
  {
    "name": "Require(16) node_modules/_egg-security@2.8.0@egg-security/config/config.local.js",
    "start": 1611309787185,
    "end": 1611309787185,
    "duration": 0,
    "pid": 1468,
    "index": 20
  },
  {
    "name": "Require(17) node_modules/_egg-watcher@3.1.1@egg-watcher/config/config.local.js",
    "start": 1611309787186,
    "end": 1611309787187,
    "duration": 1,
    "pid": 1468,
    "index": 21
  },
  {
    "name": "Require(18) node_modules/_egg-view@2.1.3@egg-view/config/config.local.js",
    "start": 1611309787188,
    "end": 1611309787188,
    "duration": 0,
    "pid": 1468,
    "index": 22
  },
  {
    "name": "Require(19) node_modules/_egg-view-ejs@2.0.1@egg-view-ejs/config/config.local.js",
    "start": 1611309787189,
    "end": 1611309787189,
    "duration": 0,
    "pid": 1468,
    "index": 23
  },
  {
    "name": "Require(20) node_modules/_egg@2.29.1@egg/config/config.local.js",
    "start": 1611309787189,
    "end": 1611309787190,
    "duration": 1,
    "pid": 1468,
    "index": 24
  },
  {
    "name": "Load extend/application.js",
    "start": 1611309787191,
    "end": 1611309787207,
    "duration": 16,
    "pid": 1468,
    "index": 25
  },
  {
    "name": "Require(21) node_modules/_egg-session@3.2.0@egg-session/app/extend/application.js",
    "start": 1611309787191,
    "end": 1611309787192,
    "duration": 1,
    "pid": 1468,
    "index": 26
  },
  {
    "name": "Require(22) node_modules/_egg-security@2.8.0@egg-security/app/extend/application.js",
    "start": 1611309787192,
    "end": 1611309787193,
    "duration": 1,
    "pid": 1468,
    "index": 27
  },
  {
    "name": "Require(23) node_modules/_egg-jsonp@2.0.0@egg-jsonp/app/extend/application.js",
    "start": 1611309787193,
    "end": 1611309787195,
    "duration": 2,
    "pid": 1468,
    "index": 28
  },
  {
    "name": "Require(24) node_modules/_egg-logrotator@3.1.0@egg-logrotator/app/extend/application.js",
    "start": 1611309787197,
    "end": 1611309787201,
    "duration": 4,
    "pid": 1468,
    "index": 29
  },
  {
    "name": "Require(25) node_modules/_egg-view@2.1.3@egg-view/app/extend/application.js",
    "start": 1611309787202,
    "end": 1611309787204,
    "duration": 2,
    "pid": 1468,
    "index": 30
  },
  {
    "name": "Load extend/request.js",
    "start": 1611309787207,
    "end": 1611309787214,
    "duration": 7,
    "pid": 1468,
    "index": 31
  },
  {
    "name": "Require(26) node_modules/_egg@2.29.1@egg/app/extend/request.js",
    "start": 1611309787210,
    "end": 1611309787211,
    "duration": 1,
    "pid": 1468,
    "index": 32
  },
  {
    "name": "Load extend/response.js",
    "start": 1611309787214,
    "end": 1611309787226,
    "duration": 12,
    "pid": 1468,
    "index": 33
  },
  {
    "name": "Require(27) node_modules/_egg@2.29.1@egg/app/extend/response.js",
    "start": 1611309787220,
    "end": 1611309787223,
    "duration": 3,
    "pid": 1468,
    "index": 34
  },
  {
    "name": "Load extend/context.js",
    "start": 1611309787226,
    "end": 1611309787309,
    "duration": 83,
    "pid": 1468,
    "index": 35
  },
  {
    "name": "Require(28) node_modules/_egg-security@2.8.0@egg-security/app/extend/context.js",
    "start": 1611309787227,
    "end": 1611309787243,
    "duration": 16,
    "pid": 1468,
    "index": 36
  },
  {
    "name": "Require(29) node_modules/_egg-jsonp@2.0.0@egg-jsonp/app/extend/context.js",
    "start": 1611309787244,
    "end": 1611309787245,
    "duration": 1,
    "pid": 1468,
    "index": 37
  },
  {
    "name": "Require(30) node_modules/_egg-i18n@2.1.1@egg-i18n/app/extend/context.js",
    "start": 1611309787246,
    "end": 1611309787246,
    "duration": 0,
    "pid": 1468,
    "index": 38
  },
  {
    "name": "Require(31) node_modules/_egg-multipart@2.10.3@egg-multipart/app/extend/context.js",
    "start": 1611309787247,
    "end": 1611309787302,
    "duration": 55,
    "pid": 1468,
    "index": 39
  },
  {
    "name": "Require(32) node_modules/_egg-view@2.1.3@egg-view/app/extend/context.js",
    "start": 1611309787303,
    "end": 1611309787304,
    "duration": 1,
    "pid": 1468,
    "index": 40
  },
  {
    "name": "Require(33) node_modules/_egg@2.29.1@egg/app/extend/context.js",
    "start": 1611309787305,
    "end": 1611309787306,
    "duration": 1,
    "pid": 1468,
    "index": 41
  },
  {
    "name": "Load extend/helper.js",
    "start": 1611309787309,
    "end": 1611309787332,
    "duration": 23,
    "pid": 1468,
    "index": 42
  },
  {
    "name": "Require(34) node_modules/_egg-security@2.8.0@egg-security/app/extend/helper.js",
    "start": 1611309787309,
    "end": 1611309787326,
    "duration": 17,
    "pid": 1468,
    "index": 43
  },
  {
    "name": "Require(35) node_modules/_egg@2.29.1@egg/app/extend/helper.js",
    "start": 1611309787329,
    "end": 1611309787329,
    "duration": 0,
    "pid": 1468,
    "index": 44
  },
  {
    "name": "Load app.js",
    "start": 1611309787332,
    "end": 1611309787371,
    "duration": 39,
    "pid": 1468,
    "index": 45
  },
  {
    "name": "Require(36) node_modules/_egg-session@3.2.0@egg-session/app.js",
    "start": 1611309787333,
    "end": 1611309787333,
    "duration": 0,
    "pid": 1468,
    "index": 46
  },
  {
    "name": "Require(37) node_modules/_egg-security@2.8.0@egg-security/app.js",
    "start": 1611309787333,
    "end": 1611309787336,
    "duration": 3,
    "pid": 1468,
    "index": 47
  },
  {
    "name": "Require(38) node_modules/_egg-onerror@2.1.0@egg-onerror/app.js",
    "start": 1611309787337,
    "end": 1611309787348,
    "duration": 11,
    "pid": 1468,
    "index": 48
  },
  {
    "name": "Require(39) node_modules/_egg-i18n@2.1.1@egg-i18n/app.js",
    "start": 1611309787349,
    "end": 1611309787358,
    "duration": 9,
    "pid": 1468,
    "index": 49
  },
  {
    "name": "Require(40) node_modules/_egg-watcher@3.1.1@egg-watcher/app.js",
    "start": 1611309787358,
    "end": 1611309787362,
    "duration": 4,
    "pid": 1468,
    "index": 50
  },
  {
    "name": "Require(41) node_modules/_egg-schedule@3.6.6@egg-schedule/app.js",
    "start": 1611309787363,
    "end": 1611309787365,
    "duration": 2,
    "pid": 1468,
    "index": 51
  },
  {
    "name": "Require(42) node_modules/_egg-multipart@2.10.3@egg-multipart/app.js",
    "start": 1611309787365,
    "end": 1611309787366,
    "duration": 1,
    "pid": 1468,
    "index": 52
  },
  {
    "name": "Require(43) node_modules/_egg-development@2.7.0@egg-development/app.js",
    "start": 1611309787367,
    "end": 1611309787367,
    "duration": 0,
    "pid": 1468,
    "index": 53
  },
  {
    "name": "Require(44) node_modules/_egg-logrotator@3.1.0@egg-logrotator/app.js",
    "start": 1611309787367,
    "end": 1611309787368,
    "duration": 1,
    "pid": 1468,
    "index": 54
  },
  {
    "name": "Require(45) node_modules/_egg-static@2.2.0@egg-static/app.js",
    "start": 1611309787368,
    "end": 1611309787368,
    "duration": 0,
    "pid": 1468,
    "index": 55
  },
  {
    "name": "Require(46) node_modules/_egg-view-ejs@2.0.1@egg-view-ejs/app.js",
    "start": 1611309787369,
    "end": 1611309787369,
    "duration": 0,
    "pid": 1468,
    "index": 56
  },
  {
    "name": "Before Start in node_modules/_egg-watcher@3.1.1@egg-watcher/lib/init.js:15:14",
    "start": 1611309787379,
    "end": 1611309787598,
    "duration": 219,
    "pid": 1468,
    "index": 57
  },
  {
    "name": "Load Service",
    "start": 1611309787416,
    "end": 1611309787421,
    "duration": 5,
    "pid": 1468,
    "index": 58
  },
  {
    "name": "Load \"service\" to Context",
    "start": 1611309787416,
    "end": 1611309787421,
    "duration": 5,
    "pid": 1468,
    "index": 59
  },
  {
    "name": "Load Middleware",
    "start": 1611309787421,
    "end": 1611309787571,
    "duration": 150,
    "pid": 1468,
    "index": 60
  },
  {
    "name": "Load \"middlewares\" to Application",
    "start": 1611309787422,
    "end": 1611309787550,
    "duration": 128,
    "pid": 1468,
    "index": 61
  },
  {
    "name": "Load Controller",
    "start": 1611309787571,
    "end": 1611309787575,
    "duration": 4,
    "pid": 1468,
    "index": 62
  },
  {
    "name": "Load \"controller\" to Application",
    "start": 1611309787571,
    "end": 1611309787575,
    "duration": 4,
    "pid": 1468,
    "index": 63
  },
  {
    "name": "Load Router",
    "start": 1611309787575,
    "end": 1611309787577,
    "duration": 2,
    "pid": 1468,
    "index": 64
  },
  {
    "name": "Require(47) app/router.js",
    "start": 1611309787576,
    "end": 1611309787576,
    "duration": 0,
    "pid": 1468,
    "index": 65
  },
  {
    "name": "Before Start in node_modules/_egg-core@4.20.0@egg-core/lib/egg.js:303:10",
    "start": 1611309787576,
    "end": 1611309787586,
    "duration": 10,
    "pid": 1468,
    "index": 66
  }
]