[
  {
    "name": "Application Start",
    "start": 1568084077052,
    "end": 1568084078171,
    "duration": 1119,
    "pid": 5184,
    "index": 0
  },
  {
    "name": "Load Plugin",
    "start": 1568084077059,
    "end": 1568084077084,
    "duration": 25,
    "pid": 5184,
    "index": 1
  },
  {
    "name": "Load Config",
    "start": 1568084077084,
    "end": 1568084077111,
    "duration": 27,
    "pid": 5184,
    "index": 2
  },
  {
    "name": "Require(0) config/config.default.js",
    "start": 1568084077085,
    "end": 1568084077086,
    "duration": 1,
    "pid": 5184,
    "index": 3
  },
  {
    "name": "Require(1) node_modules/_egg-session@3.1.0@egg-session/config/config.default.js",
    "start": 1568084077088,
    "end": 1568084077089,
    "duration": 1,
    "pid": 5184,
    "index": 4
  },
  {
    "name": "Require(2) node_modules/_egg-security@2.6.1@egg-security/config/config.default.js",
    "start": 1568084077089,
    "end": 1568084077090,
    "duration": 1,
    "pid": 5184,
    "index": 5
  },
  {
    "name": "Require(3) node_modules/_egg-jsonp@2.0.0@egg-jsonp/config/config.default.js",
    "start": 1568084077091,
    "end": 1568084077091,
    "duration": 0,
    "pid": 5184,
    "index": 6
  },
  {
    "name": "Require(4) node_modules/_egg-onerror@2.1.0@egg-onerror/config/config.default.js",
    "start": 1568084077092,
    "end": 1568084077092,
    "duration": 0,
    "pid": 5184,
    "index": 7
  },
  {
    "name": "Require(5) node_modules/_egg-i18n@2.1.1@egg-i18n/config/config.default.js",
    "start": 1568084077093,
    "end": 1568084077093,
    "duration": 0,
    "pid": 5184,
    "index": 8
  },
  {
    "name": "Require(6) node_modules/_egg-watcher@3.1.0@egg-watcher/config/config.default.js",
    "start": 1568084077094,
    "end": 1568084077094,
    "duration": 0,
    "pid": 5184,
    "index": 9
  },
  {
    "name": "Require(7) node_modules/_egg-schedule@3.6.4@egg-schedule/config/config.default.js",
    "start": 1568084077095,
    "end": 1568084077095,
    "duration": 0,
    "pid": 5184,
    "index": 10
  },
  {
    "name": "Require(8) node_modules/_egg-multipart@2.9.0@egg-multipart/config/config.default.js",
    "start": 1568084077096,
    "end": 1568084077097,
    "duration": 1,
    "pid": 5184,
    "index": 11
  },
  {
    "name": "Require(9) node_modules/_egg-development@2.4.3@egg-development/config/config.default.js",
    "start": 1568084077098,
    "end": 1568084077098,
    "duration": 0,
    "pid": 5184,
    "index": 12
  },
  {
    "name": "Require(10) node_modules/_egg-logrotator@3.1.0@egg-logrotator/config/config.default.js",
    "start": 1568084077098,
    "end": 1568084077099,
    "duration": 1,
    "pid": 5184,
    "index": 13
  },
  {
    "name": "Require(11) node_modules/_egg-static@2.2.0@egg-static/config/config.default.js",
    "start": 1568084077099,
    "end": 1568084077100,
    "duration": 1,
    "pid": 5184,
    "index": 14
  },
  {
    "name": "Require(12) node_modules/_egg-view@2.1.2@egg-view/config/config.default.js",
    "start": 1568084077100,
    "end": 1568084077101,
    "duration": 1,
    "pid": 5184,
    "index": 15
  },
  {
    "name": "Require(13) node_modules/_egg-sequelize@5.2.0@egg-sequelize/config/config.default.js",
    "start": 1568084077101,
    "end": 1568084077102,
    "duration": 1,
    "pid": 5184,
    "index": 16
  },
  {
    "name": "Require(14) node_modules/_egg@2.23.0@egg/config/config.default.js",
    "start": 1568084077102,
    "end": 1568084077103,
    "duration": 1,
    "pid": 5184,
    "index": 17
  },
  {
    "name": "Require(15) config/config.default.js",
    "start": 1568084077105,
    "end": 1568084077105,
    "duration": 0,
    "pid": 5184,
    "index": 18
  },
  {
    "name": "Require(16) node_modules/_egg-security@2.6.1@egg-security/config/config.local.js",
    "start": 1568084077106,
    "end": 1568084077106,
    "duration": 0,
    "pid": 5184,
    "index": 19
  },
  {
    "name": "Require(17) node_modules/_egg-watcher@3.1.0@egg-watcher/config/config.local.js",
    "start": 1568084077107,
    "end": 1568084077108,
    "duration": 1,
    "pid": 5184,
    "index": 20
  },
  {
    "name": "Require(18) node_modules/_egg-view@2.1.2@egg-view/config/config.local.js",
    "start": 1568084077109,
    "end": 1568084077110,
    "duration": 1,
    "pid": 5184,
    "index": 21
  },
  {
    "name": "Require(19) node_modules/_egg@2.23.0@egg/config/config.local.js",
    "start": 1568084077110,
    "end": 1568084077111,
    "duration": 1,
    "pid": 5184,
    "index": 22
  },
  {
    "name": "Load extend/application.js",
    "start": 1568084077113,
    "end": 1568084077134,
    "duration": 21,
    "pid": 5184,
    "index": 23
  },
  {
    "name": "Require(20) node_modules/_egg-session@3.1.0@egg-session/app/extend/application.js",
    "start": 1568084077113,
    "end": 1568084077114,
    "duration": 1,
    "pid": 5184,
    "index": 24
  },
  {
    "name": "Require(21) node_modules/_egg-security@2.6.1@egg-security/app/extend/application.js",
    "start": 1568084077114,
    "end": 1568084077116,
    "duration": 2,
    "pid": 5184,
    "index": 25
  },
  {
    "name": "Require(22) node_modules/_egg-jsonp@2.0.0@egg-jsonp/app/extend/application.js",
    "start": 1568084077117,
    "end": 1568084077120,
    "duration": 3,
    "pid": 5184,
    "index": 26
  },
  {
    "name": "Require(23) node_modules/_egg-logrotator@3.1.0@egg-logrotator/app/extend/application.js",
    "start": 1568084077122,
    "end": 1568084077127,
    "duration": 5,
    "pid": 5184,
    "index": 27
  },
  {
    "name": "Require(24) node_modules/_egg-view@2.1.2@egg-view/app/extend/application.js",
    "start": 1568084077128,
    "end": 1568084077130,
    "duration": 2,
    "pid": 5184,
    "index": 28
  },
  {
    "name": "Load extend/request.js",
    "start": 1568084077134,
    "end": 1568084077144,
    "duration": 10,
    "pid": 5184,
    "index": 29
  },
  {
    "name": "Require(25) node_modules/_egg@2.23.0@egg/app/extend/request.js",
    "start": 1568084077137,
    "end": 1568084077140,
    "duration": 3,
    "pid": 5184,
    "index": 30
  },
  {
    "name": "Load extend/response.js",
    "start": 1568084077144,
    "end": 1568084077155,
    "duration": 11,
    "pid": 5184,
    "index": 31
  },
  {
    "name": "Require(26) node_modules/_egg@2.23.0@egg/app/extend/response.js",
    "start": 1568084077148,
    "end": 1568084077151,
    "duration": 3,
    "pid": 5184,
    "index": 32
  },
  {
    "name": "Load extend/context.js",
    "start": 1568084077155,
    "end": 1568084077264,
    "duration": 109,
    "pid": 5184,
    "index": 33
  },
  {
    "name": "Require(27) node_modules/_egg-security@2.6.1@egg-security/app/extend/context.js",
    "start": 1568084077156,
    "end": 1568084077175,
    "duration": 19,
    "pid": 5184,
    "index": 34
  },
  {
    "name": "Require(28) node_modules/_egg-jsonp@2.0.0@egg-jsonp/app/extend/context.js",
    "start": 1568084077176,
    "end": 1568084077178,
    "duration": 2,
    "pid": 5184,
    "index": 35
  },
  {
    "name": "Require(29) node_modules/_egg-i18n@2.1.1@egg-i18n/app/extend/context.js",
    "start": 1568084077179,
    "end": 1568084077180,
    "duration": 1,
    "pid": 5184,
    "index": 36
  },
  {
    "name": "Require(30) node_modules/_egg-multipart@2.9.0@egg-multipart/app/extend/context.js",
    "start": 1568084077181,
    "end": 1568084077254,
    "duration": 73,
    "pid": 5184,
    "index": 37
  },
  {
    "name": "Require(31) node_modules/_egg-view@2.1.2@egg-view/app/extend/context.js",
    "start": 1568084077255,
    "end": 1568084077257,
    "duration": 2,
    "pid": 5184,
    "index": 38
  },
  {
    "name": "Require(32) node_modules/_egg@2.23.0@egg/app/extend/context.js",
    "start": 1568084077257,
    "end": 1568084077261,
    "duration": 4,
    "pid": 5184,
    "index": 39
  },
  {
    "name": "Load extend/helper.js",
    "start": 1568084077264,
    "end": 1568084077301,
    "duration": 37,
    "pid": 5184,
    "index": 40
  },
  {
    "name": "Require(33) node_modules/_egg-security@2.6.1@egg-security/app/extend/helper.js",
    "start": 1568084077265,
    "end": 1568084077294,
    "duration": 29,
    "pid": 5184,
    "index": 41
  },
  {
    "name": "Require(34) node_modules/_egg@2.23.0@egg/app/extend/helper.js",
    "start": 1568084077297,
    "end": 1568084077297,
    "duration": 0,
    "pid": 5184,
    "index": 42
  },
  {
    "name": "Load app.js",
    "start": 1568084077301,
    "end": 1568084077357,
    "duration": 56,
    "pid": 5184,
    "index": 43
  },
  {
    "name": "Require(35) node_modules/_egg-session@3.1.0@egg-session/app.js",
    "start": 1568084077302,
    "end": 1568084077302,
    "duration": 0,
    "pid": 5184,
    "index": 44
  },
  {
    "name": "Require(36) node_modules/_egg-security@2.6.1@egg-security/app.js",
    "start": 1568084077303,
    "end": 1568084077305,
    "duration": 2,
    "pid": 5184,
    "index": 45
  },
  {
    "name": "Require(37) node_modules/_egg-onerror@2.1.0@egg-onerror/app.js",
    "start": 1568084077306,
    "end": 1568084077322,
    "duration": 16,
    "pid": 5184,
    "index": 46
  },
  {
    "name": "Require(38) node_modules/_egg-i18n@2.1.1@egg-i18n/app.js",
    "start": 1568084077323,
    "end": 1568084077337,
    "duration": 14,
    "pid": 5184,
    "index": 47
  },
  {
    "name": "Require(39) node_modules/_egg-watcher@3.1.0@egg-watcher/app.js",
    "start": 1568084077337,
    "end": 1568084077344,
    "duration": 7,
    "pid": 5184,
    "index": 48
  },
  {
    "name": "Require(40) node_modules/_egg-schedule@3.6.4@egg-schedule/app.js",
    "start": 1568084077344,
    "end": 1568084077347,
    "duration": 3,
    "pid": 5184,
    "index": 49
  },
  {
    "name": "Require(41) node_modules/_egg-multipart@2.9.0@egg-multipart/app.js",
    "start": 1568084077347,
    "end": 1568084077352,
    "duration": 5,
    "pid": 5184,
    "index": 50
  },
  {
    "name": "Require(42) node_modules/_egg-development@2.4.3@egg-development/app.js",
    "start": 1568084077352,
    "end": 1568084077353,
    "duration": 1,
    "pid": 5184,
    "index": 51
  },
  {
    "name": "Require(43) node_modules/_egg-logrotator@3.1.0@egg-logrotator/app.js",
    "start": 1568084077353,
    "end": 1568084077353,
    "duration": 0,
    "pid": 5184,
    "index": 52
  },
  {
    "name": "Require(44) node_modules/_egg-static@2.2.0@egg-static/app.js",
    "start": 1568084077354,
    "end": 1568084077354,
    "duration": 0,
    "pid": 5184,
    "index": 53
  },
  {
    "name": "Require(45) node_modules/_egg-sequelize@5.2.0@egg-sequelize/app.js",
    "start": 1568084077355,
    "end": 1568084077355,
    "duration": 0,
    "pid": 5184,
    "index": 54
  },
  {
    "name": "Before Start in node_modules/_egg-watcher@3.1.0@egg-watcher/lib/init.js:15:14",
    "start": 1568084077371,
    "end": 1568084078131,
    "duration": 760,
    "pid": 5184,
    "index": 55
  },
  {
    "name": "Load \"Symbol(model)\" to Application",
    "start": 1568084077899,
    "end": 1568084077911,
    "duration": 12,
    "pid": 5184,
    "index": 56
  },
  {
    "name": "Before Start in node_modules/_egg-sequelize@5.2.0@egg-sequelize/lib/loader.js:39:7",
    "start": 1568084077911,
    "end": 1568084078171,
    "duration": 260,
    "pid": 5184,
    "index": 57
  },
  {
    "name": "Load Service",
    "start": 1568084077911,
    "end": 1568084077916,
    "duration": 5,
    "pid": 5184,
    "index": 58
  },
  {
    "name": "Load \"service\" to Context",
    "start": 1568084077911,
    "end": 1568084077916,
    "duration": 5,
    "pid": 5184,
    "index": 59
  },
  {
    "name": "Load Middleware",
    "start": 1568084077916,
    "end": 1568084078052,
    "duration": 136,
    "pid": 5184,
    "index": 60
  },
  {
    "name": "Load \"middlewares\" to Application",
    "start": 1568084077917,
    "end": 1568084078036,
    "duration": 119,
    "pid": 5184,
    "index": 61
  },
  {
    "name": "Load Controller",
    "start": 1568084078052,
    "end": 1568084078055,
    "duration": 3,
    "pid": 5184,
    "index": 62
  },
  {
    "name": "Load \"controller\" to Application",
    "start": 1568084078052,
    "end": 1568084078055,
    "duration": 3,
    "pid": 5184,
    "index": 63
  },
  {
    "name": "Load Router",
    "start": 1568084078055,
    "end": 1568084078058,
    "duration": 3,
    "pid": 5184,
    "index": 64
  },
  {
    "name": "Require(46) app/router.js",
    "start": 1568084078056,
    "end": 1568084078056,
    "duration": 0,
    "pid": 5184,
    "index": 65
  },
  {
    "name": "Before Start in node_modules/_egg-core@4.17.3@egg-core/lib/egg.js:303:10",
    "start": 1568084078057,
    "end": 1568084078078,
    "duration": 21,
    "pid": 5184,
    "index": 66
  }
]