[
  {
    "name": "Application Start",
    "start": 1568083831638,
    "end": 1568083833010,
    "duration": 1372,
    "pid": 8932,
    "index": 0
  },
  {
    "name": "Load Plugin",
    "start": 1568083831646,
    "end": 1568083831682,
    "duration": 36,
    "pid": 8932,
    "index": 1
  },
  {
    "name": "Load Config",
    "start": 1568083831682,
    "end": 1568083831722,
    "duration": 40,
    "pid": 8932,
    "index": 2
  },
  {
    "name": "Require(0) config/config.default.js",
    "start": 1568083831684,
    "end": 1568083831684,
    "duration": 0,
    "pid": 8932,
    "index": 3
  },
  {
    "name": "Require(1) node_modules/_egg-session@3.1.0@egg-session/config/config.default.js",
    "start": 1568083831687,
    "end": 1568083831688,
    "duration": 1,
    "pid": 8932,
    "index": 4
  },
  {
    "name": "Require(2) node_modules/_egg-security@2.6.1@egg-security/config/config.default.js",
    "start": 1568083831689,
    "end": 1568083831690,
    "duration": 1,
    "pid": 8932,
    "index": 5
  },
  {
    "name": "Require(3) node_modules/_egg-jsonp@2.0.0@egg-jsonp/config/config.default.js",
    "start": 1568083831692,
    "end": 1568083831693,
    "duration": 1,
    "pid": 8932,
    "index": 6
  },
  {
    "name": "Require(4) node_modules/_egg-onerror@2.1.0@egg-onerror/config/config.default.js",
    "start": 1568083831693,
    "end": 1568083831694,
    "duration": 1,
    "pid": 8932,
    "index": 7
  },
  {
    "name": "Require(5) node_modules/_egg-i18n@2.1.1@egg-i18n/config/config.default.js",
    "start": 1568083831694,
    "end": 1568083831695,
    "duration": 1,
    "pid": 8932,
    "index": 8
  },
  {
    "name": "Require(6) node_modules/_egg-watcher@3.1.0@egg-watcher/config/config.default.js",
    "start": 1568083831696,
    "end": 1568083831696,
    "duration": 0,
    "pid": 8932,
    "index": 9
  },
  {
    "name": "Require(7) node_modules/_egg-schedule@3.6.4@egg-schedule/config/config.default.js",
    "start": 1568083831697,
    "end": 1568083831697,
    "duration": 0,
    "pid": 8932,
    "index": 10
  },
  {
    "name": "Require(8) node_modules/_egg-multipart@2.9.0@egg-multipart/config/config.default.js",
    "start": 1568083831698,
    "end": 1568083831699,
    "duration": 1,
    "pid": 8932,
    "index": 11
  },
  {
    "name": "Require(9) node_modules/_egg-development@2.4.3@egg-development/config/config.default.js",
    "start": 1568083831700,
    "end": 1568083831701,
    "duration": 1,
    "pid": 8932,
    "index": 12
  },
  {
    "name": "Require(10) node_modules/_egg-logrotator@3.1.0@egg-logrotator/config/config.default.js",
    "start": 1568083831702,
    "end": 1568083831702,
    "duration": 0,
    "pid": 8932,
    "index": 13
  },
  {
    "name": "Require(11) node_modules/_egg-static@2.2.0@egg-static/config/config.default.js",
    "start": 1568083831703,
    "end": 1568083831704,
    "duration": 1,
    "pid": 8932,
    "index": 14
  },
  {
    "name": "Require(12) node_modules/_egg-view@2.1.2@egg-view/config/config.default.js",
    "start": 1568083831706,
    "end": 1568083831706,
    "duration": 0,
    "pid": 8932,
    "index": 15
  },
  {
    "name": "Require(13) node_modules/_egg-sequelize@5.2.0@egg-sequelize/config/config.default.js",
    "start": 1568083831707,
    "end": 1568083831708,
    "duration": 1,
    "pid": 8932,
    "index": 16
  },
  {
    "name": "Require(14) node_modules/_egg@2.23.0@egg/config/config.default.js",
    "start": 1568083831709,
    "end": 1568083831710,
    "duration": 1,
    "pid": 8932,
    "index": 17
  },
  {
    "name": "Require(15) config/config.default.js",
    "start": 1568083831713,
    "end": 1568083831713,
    "duration": 0,
    "pid": 8932,
    "index": 18
  },
  {
    "name": "Require(16) node_modules/_egg-security@2.6.1@egg-security/config/config.local.js",
    "start": 1568083831714,
    "end": 1568083831714,
    "duration": 0,
    "pid": 8932,
    "index": 19
  },
  {
    "name": "Require(17) node_modules/_egg-watcher@3.1.0@egg-watcher/config/config.local.js",
    "start": 1568083831716,
    "end": 1568083831717,
    "duration": 1,
    "pid": 8932,
    "index": 20
  },
  {
    "name": "Require(18) node_modules/_egg-view@2.1.2@egg-view/config/config.local.js",
    "start": 1568083831719,
    "end": 1568083831720,
    "duration": 1,
    "pid": 8932,
    "index": 21
  },
  {
    "name": "Require(19) node_modules/_egg@2.23.0@egg/config/config.local.js",
    "start": 1568083831721,
    "end": 1568083831721,
    "duration": 0,
    "pid": 8932,
    "index": 22
  },
  {
    "name": "Load extend/application.js",
    "start": 1568083831725,
    "end": 1568083831755,
    "duration": 30,
    "pid": 8932,
    "index": 23
  },
  {
    "name": "Require(20) node_modules/_egg-session@3.1.0@egg-session/app/extend/application.js",
    "start": 1568083831727,
    "end": 1568083831728,
    "duration": 1,
    "pid": 8932,
    "index": 24
  },
  {
    "name": "Require(21) node_modules/_egg-security@2.6.1@egg-security/app/extend/application.js",
    "start": 1568083831729,
    "end": 1568083831730,
    "duration": 1,
    "pid": 8932,
    "index": 25
  },
  {
    "name": "Require(22) node_modules/_egg-jsonp@2.0.0@egg-jsonp/app/extend/application.js",
    "start": 1568083831731,
    "end": 1568083831737,
    "duration": 6,
    "pid": 8932,
    "index": 26
  },
  {
    "name": "Require(23) node_modules/_egg-logrotator@3.1.0@egg-logrotator/app/extend/application.js",
    "start": 1568083831739,
    "end": 1568083831745,
    "duration": 6,
    "pid": 8932,
    "index": 27
  },
  {
    "name": "Require(24) node_modules/_egg-view@2.1.2@egg-view/app/extend/application.js",
    "start": 1568083831746,
    "end": 1568083831750,
    "duration": 4,
    "pid": 8932,
    "index": 28
  },
  {
    "name": "Load extend/request.js",
    "start": 1568083831755,
    "end": 1568083831769,
    "duration": 14,
    "pid": 8932,
    "index": 29
  },
  {
    "name": "Require(25) node_modules/_egg@2.23.0@egg/app/extend/request.js",
    "start": 1568083831760,
    "end": 1568083831762,
    "duration": 2,
    "pid": 8932,
    "index": 30
  },
  {
    "name": "Load extend/response.js",
    "start": 1568083831769,
    "end": 1568083831785,
    "duration": 16,
    "pid": 8932,
    "index": 31
  },
  {
    "name": "Require(26) node_modules/_egg@2.23.0@egg/app/extend/response.js",
    "start": 1568083831774,
    "end": 1568083831780,
    "duration": 6,
    "pid": 8932,
    "index": 32
  },
  {
    "name": "Load extend/context.js",
    "start": 1568083831785,
    "end": 1568083831901,
    "duration": 116,
    "pid": 8932,
    "index": 33
  },
  {
    "name": "Require(27) node_modules/_egg-security@2.6.1@egg-security/app/extend/context.js",
    "start": 1568083831786,
    "end": 1568083831815,
    "duration": 29,
    "pid": 8932,
    "index": 34
  },
  {
    "name": "Require(28) node_modules/_egg-jsonp@2.0.0@egg-jsonp/app/extend/context.js",
    "start": 1568083831815,
    "end": 1568083831818,
    "duration": 3,
    "pid": 8932,
    "index": 35
  },
  {
    "name": "Require(29) node_modules/_egg-i18n@2.1.1@egg-i18n/app/extend/context.js",
    "start": 1568083831819,
    "end": 1568083831819,
    "duration": 0,
    "pid": 8932,
    "index": 36
  },
  {
    "name": "Require(30) node_modules/_egg-multipart@2.9.0@egg-multipart/app/extend/context.js",
    "start": 1568083831820,
    "end": 1568083831892,
    "duration": 72,
    "pid": 8932,
    "index": 37
  },
  {
    "name": "Require(31) node_modules/_egg-view@2.1.2@egg-view/app/extend/context.js",
    "start": 1568083831893,
    "end": 1568083831894,
    "duration": 1,
    "pid": 8932,
    "index": 38
  },
  {
    "name": "Require(32) node_modules/_egg@2.23.0@egg/app/extend/context.js",
    "start": 1568083831895,
    "end": 1568083831898,
    "duration": 3,
    "pid": 8932,
    "index": 39
  },
  {
    "name": "Load extend/helper.js",
    "start": 1568083831901,
    "end": 1568083831957,
    "duration": 56,
    "pid": 8932,
    "index": 40
  },
  {
    "name": "Require(33) node_modules/_egg-security@2.6.1@egg-security/app/extend/helper.js",
    "start": 1568083831902,
    "end": 1568083831946,
    "duration": 44,
    "pid": 8932,
    "index": 41
  },
  {
    "name": "Require(34) node_modules/_egg@2.23.0@egg/app/extend/helper.js",
    "start": 1568083831950,
    "end": 1568083831951,
    "duration": 1,
    "pid": 8932,
    "index": 42
  },
  {
    "name": "Load app.js",
    "start": 1568083831958,
    "end": 1568083832039,
    "duration": 81,
    "pid": 8932,
    "index": 43
  },
  {
    "name": "Require(35) node_modules/_egg-session@3.1.0@egg-session/app.js",
    "start": 1568083831959,
    "end": 1568083831960,
    "duration": 1,
    "pid": 8932,
    "index": 44
  },
  {
    "name": "Require(36) node_modules/_egg-security@2.6.1@egg-security/app.js",
    "start": 1568083831961,
    "end": 1568083831965,
    "duration": 4,
    "pid": 8932,
    "index": 45
  },
  {
    "name": "Require(37) node_modules/_egg-onerror@2.1.0@egg-onerror/app.js",
    "start": 1568083831966,
    "end": 1568083831989,
    "duration": 23,
    "pid": 8932,
    "index": 46
  },
  {
    "name": "Require(38) node_modules/_egg-i18n@2.1.1@egg-i18n/app.js",
    "start": 1568083831990,
    "end": 1568083832007,
    "duration": 17,
    "pid": 8932,
    "index": 47
  },
  {
    "name": "Require(39) node_modules/_egg-watcher@3.1.0@egg-watcher/app.js",
    "start": 1568083832007,
    "end": 1568083832017,
    "duration": 10,
    "pid": 8932,
    "index": 48
  },
  {
    "name": "Require(40) node_modules/_egg-schedule@3.6.4@egg-schedule/app.js",
    "start": 1568083832018,
    "end": 1568083832023,
    "duration": 5,
    "pid": 8932,
    "index": 49
  },
  {
    "name": "Require(41) node_modules/_egg-multipart@2.9.0@egg-multipart/app.js",
    "start": 1568083832024,
    "end": 1568083832031,
    "duration": 7,
    "pid": 8932,
    "index": 50
  },
  {
    "name": "Require(42) node_modules/_egg-development@2.4.3@egg-development/app.js",
    "start": 1568083832032,
    "end": 1568083832033,
    "duration": 1,
    "pid": 8932,
    "index": 51
  },
  {
    "name": "Require(43) node_modules/_egg-logrotator@3.1.0@egg-logrotator/app.js",
    "start": 1568083832034,
    "end": 1568083832034,
    "duration": 0,
    "pid": 8932,
    "index": 52
  },
  {
    "name": "Require(44) node_modules/_egg-static@2.2.0@egg-static/app.js",
    "start": 1568083832035,
    "end": 1568083832035,
    "duration": 0,
    "pid": 8932,
    "index": 53
  },
  {
    "name": "Require(45) node_modules/_egg-sequelize@5.2.0@egg-sequelize/app.js",
    "start": 1568083832037,
    "end": 1568083832037,
    "duration": 0,
    "pid": 8932,
    "index": 54
  },
  {
    "name": "Before Start in node_modules/_egg-watcher@3.1.0@egg-watcher/lib/init.js:15:14",
    "start": 1568083832061,
    "end": 1568083832962,
    "duration": 901,
    "pid": 8932,
    "index": 55
  },
  {
    "name": "Load \"Symbol(model)\" to Application",
    "start": 1568083832668,
    "end": 1568083832680,
    "duration": 12,
    "pid": 8932,
    "index": 56
  },
  {
    "name": "Before Start in node_modules/_egg-sequelize@5.2.0@egg-sequelize/lib/loader.js:39:7",
    "start": 1568083832680,
    "end": 1568083833009,
    "duration": 329,
    "pid": 8932,
    "index": 57
  },
  {
    "name": "Load Service",
    "start": 1568083832680,
    "end": 1568083832685,
    "duration": 5,
    "pid": 8932,
    "index": 58
  },
  {
    "name": "Load \"service\" to Context",
    "start": 1568083832680,
    "end": 1568083832685,
    "duration": 5,
    "pid": 8932,
    "index": 59
  },
  {
    "name": "Load Middleware",
    "start": 1568083832686,
    "end": 1568083832860,
    "duration": 174,
    "pid": 8932,
    "index": 60
  },
  {
    "name": "Load \"middlewares\" to Application",
    "start": 1568083832686,
    "end": 1568083832834,
    "duration": 148,
    "pid": 8932,
    "index": 61
  },
  {
    "name": "Load Controller",
    "start": 1568083832860,
    "end": 1568083832865,
    "duration": 5,
    "pid": 8932,
    "index": 62
  },
  {
    "name": "Load \"controller\" to Application",
    "start": 1568083832860,
    "end": 1568083832865,
    "duration": 5,
    "pid": 8932,
    "index": 63
  },
  {
    "name": "Load Router",
    "start": 1568083832865,
    "end": 1568083832869,
    "duration": 4,
    "pid": 8932,
    "index": 64
  },
  {
    "name": "Require(46) app/router.js",
    "start": 1568083832866,
    "end": 1568083832866,
    "duration": 0,
    "pid": 8932,
    "index": 65
  },
  {
    "name": "Before Start in node_modules/_egg-core@4.17.3@egg-core/lib/egg.js:303:10",
    "start": 1568083832867,
    "end": 1568083832895,
    "duration": 28,
    "pid": 8932,
    "index": 66
  }
]