[
  {
    "name": "Application Start",
    "start": 1568084237078,
    "end": 1568084238429,
    "duration": 1351,
    "pid": 6056,
    "index": 0
  },
  {
    "name": "Load Plugin",
    "start": 1568084237086,
    "end": 1568084237113,
    "duration": 27,
    "pid": 6056,
    "index": 1
  },
  {
    "name": "Load Config",
    "start": 1568084237114,
    "end": 1568084237145,
    "duration": 31,
    "pid": 6056,
    "index": 2
  },
  {
    "name": "Require(0) config/config.default.js",
    "start": 1568084237115,
    "end": 1568084237115,
    "duration": 0,
    "pid": 6056,
    "index": 3
  },
  {
    "name": "Require(1) node_modules/_egg-session@3.1.0@egg-session/config/config.default.js",
    "start": 1568084237117,
    "end": 1568084237118,
    "duration": 1,
    "pid": 6056,
    "index": 4
  },
  {
    "name": "Require(2) node_modules/_egg-security@2.6.1@egg-security/config/config.default.js",
    "start": 1568084237119,
    "end": 1568084237119,
    "duration": 0,
    "pid": 6056,
    "index": 5
  },
  {
    "name": "Require(3) node_modules/_egg-jsonp@2.0.0@egg-jsonp/config/config.default.js",
    "start": 1568084237121,
    "end": 1568084237121,
    "duration": 0,
    "pid": 6056,
    "index": 6
  },
  {
    "name": "Require(4) node_modules/_egg-onerror@2.1.0@egg-onerror/config/config.default.js",
    "start": 1568084237122,
    "end": 1568084237122,
    "duration": 0,
    "pid": 6056,
    "index": 7
  },
  {
    "name": "Require(5) node_modules/_egg-i18n@2.1.1@egg-i18n/config/config.default.js",
    "start": 1568084237123,
    "end": 1568084237123,
    "duration": 0,
    "pid": 6056,
    "index": 8
  },
  {
    "name": "Require(6) node_modules/_egg-watcher@3.1.0@egg-watcher/config/config.default.js",
    "start": 1568084237124,
    "end": 1568084237124,
    "duration": 0,
    "pid": 6056,
    "index": 9
  },
  {
    "name": "Require(7) node_modules/_egg-schedule@3.6.4@egg-schedule/config/config.default.js",
    "start": 1568084237125,
    "end": 1568084237125,
    "duration": 0,
    "pid": 6056,
    "index": 10
  },
  {
    "name": "Require(8) node_modules/_egg-multipart@2.9.0@egg-multipart/config/config.default.js",
    "start": 1568084237126,
    "end": 1568084237127,
    "duration": 1,
    "pid": 6056,
    "index": 11
  },
  {
    "name": "Require(9) node_modules/_egg-development@2.4.3@egg-development/config/config.default.js",
    "start": 1568084237128,
    "end": 1568084237128,
    "duration": 0,
    "pid": 6056,
    "index": 12
  },
  {
    "name": "Require(10) node_modules/_egg-logrotator@3.1.0@egg-logrotator/config/config.default.js",
    "start": 1568084237129,
    "end": 1568084237129,
    "duration": 0,
    "pid": 6056,
    "index": 13
  },
  {
    "name": "Require(11) node_modules/_egg-static@2.2.0@egg-static/config/config.default.js",
    "start": 1568084237130,
    "end": 1568084237130,
    "duration": 0,
    "pid": 6056,
    "index": 14
  },
  {
    "name": "Require(12) node_modules/_egg-view@2.1.2@egg-view/config/config.default.js",
    "start": 1568084237131,
    "end": 1568084237131,
    "duration": 0,
    "pid": 6056,
    "index": 15
  },
  {
    "name": "Require(13) node_modules/_egg-sequelize@5.2.0@egg-sequelize/config/config.default.js",
    "start": 1568084237132,
    "end": 1568084237133,
    "duration": 1,
    "pid": 6056,
    "index": 16
  },
  {
    "name": "Require(14) node_modules/_egg@2.23.0@egg/config/config.default.js",
    "start": 1568084237133,
    "end": 1568084237134,
    "duration": 1,
    "pid": 6056,
    "index": 17
  },
  {
    "name": "Require(15) config/config.default.js",
    "start": 1568084237137,
    "end": 1568084237137,
    "duration": 0,
    "pid": 6056,
    "index": 18
  },
  {
    "name": "Require(16) node_modules/_egg-security@2.6.1@egg-security/config/config.local.js",
    "start": 1568084237138,
    "end": 1568084237138,
    "duration": 0,
    "pid": 6056,
    "index": 19
  },
  {
    "name": "Require(17) node_modules/_egg-watcher@3.1.0@egg-watcher/config/config.local.js",
    "start": 1568084237140,
    "end": 1568084237141,
    "duration": 1,
    "pid": 6056,
    "index": 20
  },
  {
    "name": "Require(18) node_modules/_egg-view@2.1.2@egg-view/config/config.local.js",
    "start": 1568084237143,
    "end": 1568084237143,
    "duration": 0,
    "pid": 6056,
    "index": 21
  },
  {
    "name": "Require(19) node_modules/_egg@2.23.0@egg/config/config.local.js",
    "start": 1568084237144,
    "end": 1568084237145,
    "duration": 1,
    "pid": 6056,
    "index": 22
  },
  {
    "name": "Load extend/application.js",
    "start": 1568084237147,
    "end": 1568084237168,
    "duration": 21,
    "pid": 6056,
    "index": 23
  },
  {
    "name": "Require(20) node_modules/_egg-session@3.1.0@egg-session/app/extend/application.js",
    "start": 1568084237147,
    "end": 1568084237148,
    "duration": 1,
    "pid": 6056,
    "index": 24
  },
  {
    "name": "Require(21) node_modules/_egg-security@2.6.1@egg-security/app/extend/application.js",
    "start": 1568084237149,
    "end": 1568084237151,
    "duration": 2,
    "pid": 6056,
    "index": 25
  },
  {
    "name": "Require(22) node_modules/_egg-jsonp@2.0.0@egg-jsonp/app/extend/application.js",
    "start": 1568084237151,
    "end": 1568084237155,
    "duration": 4,
    "pid": 6056,
    "index": 26
  },
  {
    "name": "Require(23) node_modules/_egg-logrotator@3.1.0@egg-logrotator/app/extend/application.js",
    "start": 1568084237156,
    "end": 1568084237160,
    "duration": 4,
    "pid": 6056,
    "index": 27
  },
  {
    "name": "Require(24) node_modules/_egg-view@2.1.2@egg-view/app/extend/application.js",
    "start": 1568084237161,
    "end": 1568084237164,
    "duration": 3,
    "pid": 6056,
    "index": 28
  },
  {
    "name": "Load extend/request.js",
    "start": 1568084237168,
    "end": 1568084237179,
    "duration": 11,
    "pid": 6056,
    "index": 29
  },
  {
    "name": "Require(25) node_modules/_egg@2.23.0@egg/app/extend/request.js",
    "start": 1568084237172,
    "end": 1568084237175,
    "duration": 3,
    "pid": 6056,
    "index": 30
  },
  {
    "name": "Load extend/response.js",
    "start": 1568084237179,
    "end": 1568084237190,
    "duration": 11,
    "pid": 6056,
    "index": 31
  },
  {
    "name": "Require(26) node_modules/_egg@2.23.0@egg/app/extend/response.js",
    "start": 1568084237183,
    "end": 1568084237186,
    "duration": 3,
    "pid": 6056,
    "index": 32
  },
  {
    "name": "Load extend/context.js",
    "start": 1568084237190,
    "end": 1568084237315,
    "duration": 125,
    "pid": 6056,
    "index": 33
  },
  {
    "name": "Require(27) node_modules/_egg-security@2.6.1@egg-security/app/extend/context.js",
    "start": 1568084237191,
    "end": 1568084237214,
    "duration": 23,
    "pid": 6056,
    "index": 34
  },
  {
    "name": "Require(28) node_modules/_egg-jsonp@2.0.0@egg-jsonp/app/extend/context.js",
    "start": 1568084237214,
    "end": 1568084237217,
    "duration": 3,
    "pid": 6056,
    "index": 35
  },
  {
    "name": "Require(29) node_modules/_egg-i18n@2.1.1@egg-i18n/app/extend/context.js",
    "start": 1568084237217,
    "end": 1568084237218,
    "duration": 1,
    "pid": 6056,
    "index": 36
  },
  {
    "name": "Require(30) node_modules/_egg-multipart@2.9.0@egg-multipart/app/extend/context.js",
    "start": 1568084237219,
    "end": 1568084237305,
    "duration": 86,
    "pid": 6056,
    "index": 37
  },
  {
    "name": "Require(31) node_modules/_egg-view@2.1.2@egg-view/app/extend/context.js",
    "start": 1568084237306,
    "end": 1568084237307,
    "duration": 1,
    "pid": 6056,
    "index": 38
  },
  {
    "name": "Require(32) node_modules/_egg@2.23.0@egg/app/extend/context.js",
    "start": 1568084237308,
    "end": 1568084237312,
    "duration": 4,
    "pid": 6056,
    "index": 39
  },
  {
    "name": "Load extend/helper.js",
    "start": 1568084237316,
    "end": 1568084237356,
    "duration": 40,
    "pid": 6056,
    "index": 40
  },
  {
    "name": "Require(33) node_modules/_egg-security@2.6.1@egg-security/app/extend/helper.js",
    "start": 1568084237316,
    "end": 1568084237346,
    "duration": 30,
    "pid": 6056,
    "index": 41
  },
  {
    "name": "Require(34) node_modules/_egg@2.23.0@egg/app/extend/helper.js",
    "start": 1568084237348,
    "end": 1568084237349,
    "duration": 1,
    "pid": 6056,
    "index": 42
  },
  {
    "name": "Load app.js",
    "start": 1568084237357,
    "end": 1568084237416,
    "duration": 59,
    "pid": 6056,
    "index": 43
  },
  {
    "name": "Require(35) node_modules/_egg-session@3.1.0@egg-session/app.js",
    "start": 1568084237357,
    "end": 1568084237358,
    "duration": 1,
    "pid": 6056,
    "index": 44
  },
  {
    "name": "Require(36) node_modules/_egg-security@2.6.1@egg-security/app.js",
    "start": 1568084237358,
    "end": 1568084237362,
    "duration": 4,
    "pid": 6056,
    "index": 45
  },
  {
    "name": "Require(37) node_modules/_egg-onerror@2.1.0@egg-onerror/app.js",
    "start": 1568084237363,
    "end": 1568084237381,
    "duration": 18,
    "pid": 6056,
    "index": 46
  },
  {
    "name": "Require(38) node_modules/_egg-i18n@2.1.1@egg-i18n/app.js",
    "start": 1568084237381,
    "end": 1568084237395,
    "duration": 14,
    "pid": 6056,
    "index": 47
  },
  {
    "name": "Require(39) node_modules/_egg-watcher@3.1.0@egg-watcher/app.js",
    "start": 1568084237395,
    "end": 1568084237402,
    "duration": 7,
    "pid": 6056,
    "index": 48
  },
  {
    "name": "Require(40) node_modules/_egg-schedule@3.6.4@egg-schedule/app.js",
    "start": 1568084237402,
    "end": 1568084237405,
    "duration": 3,
    "pid": 6056,
    "index": 49
  },
  {
    "name": "Require(41) node_modules/_egg-multipart@2.9.0@egg-multipart/app.js",
    "start": 1568084237406,
    "end": 1568084237411,
    "duration": 5,
    "pid": 6056,
    "index": 50
  },
  {
    "name": "Require(42) node_modules/_egg-development@2.4.3@egg-development/app.js",
    "start": 1568084237411,
    "end": 1568084237412,
    "duration": 1,
    "pid": 6056,
    "index": 51
  },
  {
    "name": "Require(43) node_modules/_egg-logrotator@3.1.0@egg-logrotator/app.js",
    "start": 1568084237412,
    "end": 1568084237413,
    "duration": 1,
    "pid": 6056,
    "index": 52
  },
  {
    "name": "Require(44) node_modules/_egg-static@2.2.0@egg-static/app.js",
    "start": 1568084237413,
    "end": 1568084237413,
    "duration": 0,
    "pid": 6056,
    "index": 53
  },
  {
    "name": "Require(45) node_modules/_egg-sequelize@5.2.0@egg-sequelize/app.js",
    "start": 1568084237414,
    "end": 1568084237415,
    "duration": 1,
    "pid": 6056,
    "index": 54
  },
  {
    "name": "Before Start in node_modules/_egg-watcher@3.1.0@egg-watcher/lib/init.js:15:14",
    "start": 1568084237434,
    "end": 1568084238374,
    "duration": 940,
    "pid": 6056,
    "index": 55
  },
  {
    "name": "Load \"Symbol(model)\" to Application",
    "start": 1568084238042,
    "end": 1568084238056,
    "duration": 14,
    "pid": 6056,
    "index": 56
  },
  {
    "name": "Before Start in node_modules/_egg-sequelize@5.2.0@egg-sequelize/lib/loader.js:39:7",
    "start": 1568084238057,
    "end": 1568084238428,
    "duration": 371,
    "pid": 6056,
    "index": 57
  },
  {
    "name": "Load Service",
    "start": 1568084238057,
    "end": 1568084238065,
    "duration": 8,
    "pid": 6056,
    "index": 58
  },
  {
    "name": "Load \"service\" to Context",
    "start": 1568084238057,
    "end": 1568084238065,
    "duration": 8,
    "pid": 6056,
    "index": 59
  },
  {
    "name": "Load Middleware",
    "start": 1568084238065,
    "end": 1568084238241,
    "duration": 176,
    "pid": 6056,
    "index": 60
  },
  {
    "name": "Load \"middlewares\" to Application",
    "start": 1568084238066,
    "end": 1568084238202,
    "duration": 136,
    "pid": 6056,
    "index": 61
  },
  {
    "name": "Load Controller",
    "start": 1568084238241,
    "end": 1568084238249,
    "duration": 8,
    "pid": 6056,
    "index": 62
  },
  {
    "name": "Load \"controller\" to Application",
    "start": 1568084238241,
    "end": 1568084238249,
    "duration": 8,
    "pid": 6056,
    "index": 63
  },
  {
    "name": "Load Router",
    "start": 1568084238249,
    "end": 1568084238258,
    "duration": 9,
    "pid": 6056,
    "index": 64
  },
  {
    "name": "Require(46) app/router.js",
    "start": 1568084238250,
    "end": 1568084238251,
    "duration": 1,
    "pid": 6056,
    "index": 65
  },
  {
    "name": "Before Start in node_modules/_egg-core@4.17.3@egg-core/lib/egg.js:303:10",
    "start": 1568084238252,
    "end": 1568084238296,
    "duration": 44,
    "pid": 6056,
    "index": 66
  }
]