[
  {
    "name": "Application Start",
    "start": 1568084355074,
    "end": 1568084356164,
    "duration": 1090,
    "pid": 5404,
    "index": 0
  },
  {
    "name": "Load Plugin",
    "start": 1568084355080,
    "end": 1568084355106,
    "duration": 26,
    "pid": 5404,
    "index": 1
  },
  {
    "name": "Load Config",
    "start": 1568084355106,
    "end": 1568084355133,
    "duration": 27,
    "pid": 5404,
    "index": 2
  },
  {
    "name": "Require(0) config/config.default.js",
    "start": 1568084355107,
    "end": 1568084355107,
    "duration": 0,
    "pid": 5404,
    "index": 3
  },
  {
    "name": "Require(1) node_modules/_egg-session@3.1.0@egg-session/config/config.default.js",
    "start": 1568084355109,
    "end": 1568084355110,
    "duration": 1,
    "pid": 5404,
    "index": 4
  },
  {
    "name": "Require(2) node_modules/_egg-security@2.6.1@egg-security/config/config.default.js",
    "start": 1568084355110,
    "end": 1568084355111,
    "duration": 1,
    "pid": 5404,
    "index": 5
  },
  {
    "name": "Require(3) node_modules/_egg-jsonp@2.0.0@egg-jsonp/config/config.default.js",
    "start": 1568084355112,
    "end": 1568084355112,
    "duration": 0,
    "pid": 5404,
    "index": 6
  },
  {
    "name": "Require(4) node_modules/_egg-onerror@2.1.0@egg-onerror/config/config.default.js",
    "start": 1568084355113,
    "end": 1568084355113,
    "duration": 0,
    "pid": 5404,
    "index": 7
  },
  {
    "name": "Require(5) node_modules/_egg-i18n@2.1.1@egg-i18n/config/config.default.js",
    "start": 1568084355114,
    "end": 1568084355114,
    "duration": 0,
    "pid": 5404,
    "index": 8
  },
  {
    "name": "Require(6) node_modules/_egg-watcher@3.1.0@egg-watcher/config/config.default.js",
    "start": 1568084355115,
    "end": 1568084355116,
    "duration": 1,
    "pid": 5404,
    "index": 9
  },
  {
    "name": "Require(7) node_modules/_egg-schedule@3.6.4@egg-schedule/config/config.default.js",
    "start": 1568084355116,
    "end": 1568084355117,
    "duration": 1,
    "pid": 5404,
    "index": 10
  },
  {
    "name": "Require(8) node_modules/_egg-multipart@2.9.0@egg-multipart/config/config.default.js",
    "start": 1568084355118,
    "end": 1568084355118,
    "duration": 0,
    "pid": 5404,
    "index": 11
  },
  {
    "name": "Require(9) node_modules/_egg-development@2.4.3@egg-development/config/config.default.js",
    "start": 1568084355119,
    "end": 1568084355119,
    "duration": 0,
    "pid": 5404,
    "index": 12
  },
  {
    "name": "Require(10) node_modules/_egg-logrotator@3.1.0@egg-logrotator/config/config.default.js",
    "start": 1568084355120,
    "end": 1568084355120,
    "duration": 0,
    "pid": 5404,
    "index": 13
  },
  {
    "name": "Require(11) node_modules/_egg-static@2.2.0@egg-static/config/config.default.js",
    "start": 1568084355121,
    "end": 1568084355121,
    "duration": 0,
    "pid": 5404,
    "index": 14
  },
  {
    "name": "Require(12) node_modules/_egg-view@2.1.2@egg-view/config/config.default.js",
    "start": 1568084355122,
    "end": 1568084355122,
    "duration": 0,
    "pid": 5404,
    "index": 15
  },
  {
    "name": "Require(13) node_modules/_egg-sequelize@5.2.0@egg-sequelize/config/config.default.js",
    "start": 1568084355123,
    "end": 1568084355123,
    "duration": 0,
    "pid": 5404,
    "index": 16
  },
  {
    "name": "Require(14) node_modules/_egg@2.23.0@egg/config/config.default.js",
    "start": 1568084355124,
    "end": 1568084355125,
    "duration": 1,
    "pid": 5404,
    "index": 17
  },
  {
    "name": "Require(15) config/config.default.js",
    "start": 1568084355126,
    "end": 1568084355126,
    "duration": 0,
    "pid": 5404,
    "index": 18
  },
  {
    "name": "Require(16) node_modules/_egg-security@2.6.1@egg-security/config/config.local.js",
    "start": 1568084355127,
    "end": 1568084355128,
    "duration": 1,
    "pid": 5404,
    "index": 19
  },
  {
    "name": "Require(17) node_modules/_egg-watcher@3.1.0@egg-watcher/config/config.local.js",
    "start": 1568084355129,
    "end": 1568084355129,
    "duration": 0,
    "pid": 5404,
    "index": 20
  },
  {
    "name": "Require(18) node_modules/_egg-view@2.1.2@egg-view/config/config.local.js",
    "start": 1568084355131,
    "end": 1568084355131,
    "duration": 0,
    "pid": 5404,
    "index": 21
  },
  {
    "name": "Require(19) node_modules/_egg@2.23.0@egg/config/config.local.js",
    "start": 1568084355132,
    "end": 1568084355132,
    "duration": 0,
    "pid": 5404,
    "index": 22
  },
  {
    "name": "Load extend/application.js",
    "start": 1568084355135,
    "end": 1568084355158,
    "duration": 23,
    "pid": 5404,
    "index": 23
  },
  {
    "name": "Require(20) node_modules/_egg-session@3.1.0@egg-session/app/extend/application.js",
    "start": 1568084355136,
    "end": 1568084355137,
    "duration": 1,
    "pid": 5404,
    "index": 24
  },
  {
    "name": "Require(21) node_modules/_egg-security@2.6.1@egg-security/app/extend/application.js",
    "start": 1568084355138,
    "end": 1568084355140,
    "duration": 2,
    "pid": 5404,
    "index": 25
  },
  {
    "name": "Require(22) node_modules/_egg-jsonp@2.0.0@egg-jsonp/app/extend/application.js",
    "start": 1568084355141,
    "end": 1568084355145,
    "duration": 4,
    "pid": 5404,
    "index": 26
  },
  {
    "name": "Require(23) node_modules/_egg-logrotator@3.1.0@egg-logrotator/app/extend/application.js",
    "start": 1568084355147,
    "end": 1568084355151,
    "duration": 4,
    "pid": 5404,
    "index": 27
  },
  {
    "name": "Require(24) node_modules/_egg-view@2.1.2@egg-view/app/extend/application.js",
    "start": 1568084355151,
    "end": 1568084355154,
    "duration": 3,
    "pid": 5404,
    "index": 28
  },
  {
    "name": "Load extend/request.js",
    "start": 1568084355158,
    "end": 1568084355167,
    "duration": 9,
    "pid": 5404,
    "index": 29
  },
  {
    "name": "Require(25) node_modules/_egg@2.23.0@egg/app/extend/request.js",
    "start": 1568084355161,
    "end": 1568084355164,
    "duration": 3,
    "pid": 5404,
    "index": 30
  },
  {
    "name": "Load extend/response.js",
    "start": 1568084355167,
    "end": 1568084355177,
    "duration": 10,
    "pid": 5404,
    "index": 31
  },
  {
    "name": "Require(26) node_modules/_egg@2.23.0@egg/app/extend/response.js",
    "start": 1568084355171,
    "end": 1568084355174,
    "duration": 3,
    "pid": 5404,
    "index": 32
  },
  {
    "name": "Load extend/context.js",
    "start": 1568084355177,
    "end": 1568084355287,
    "duration": 110,
    "pid": 5404,
    "index": 33
  },
  {
    "name": "Require(27) node_modules/_egg-security@2.6.1@egg-security/app/extend/context.js",
    "start": 1568084355178,
    "end": 1568084355201,
    "duration": 23,
    "pid": 5404,
    "index": 34
  },
  {
    "name": "Require(28) node_modules/_egg-jsonp@2.0.0@egg-jsonp/app/extend/context.js",
    "start": 1568084355201,
    "end": 1568084355204,
    "duration": 3,
    "pid": 5404,
    "index": 35
  },
  {
    "name": "Require(29) node_modules/_egg-i18n@2.1.1@egg-i18n/app/extend/context.js",
    "start": 1568084355205,
    "end": 1568084355205,
    "duration": 0,
    "pid": 5404,
    "index": 36
  },
  {
    "name": "Require(30) node_modules/_egg-multipart@2.9.0@egg-multipart/app/extend/context.js",
    "start": 1568084355206,
    "end": 1568084355277,
    "duration": 71,
    "pid": 5404,
    "index": 37
  },
  {
    "name": "Require(31) node_modules/_egg-view@2.1.2@egg-view/app/extend/context.js",
    "start": 1568084355278,
    "end": 1568084355280,
    "duration": 2,
    "pid": 5404,
    "index": 38
  },
  {
    "name": "Require(32) node_modules/_egg@2.23.0@egg/app/extend/context.js",
    "start": 1568084355280,
    "end": 1568084355284,
    "duration": 4,
    "pid": 5404,
    "index": 39
  },
  {
    "name": "Load extend/helper.js",
    "start": 1568084355287,
    "end": 1568084355321,
    "duration": 34,
    "pid": 5404,
    "index": 40
  },
  {
    "name": "Require(33) node_modules/_egg-security@2.6.1@egg-security/app/extend/helper.js",
    "start": 1568084355288,
    "end": 1568084355314,
    "duration": 26,
    "pid": 5404,
    "index": 41
  },
  {
    "name": "Require(34) node_modules/_egg@2.23.0@egg/app/extend/helper.js",
    "start": 1568084355317,
    "end": 1568084355317,
    "duration": 0,
    "pid": 5404,
    "index": 42
  },
  {
    "name": "Load app.js",
    "start": 1568084355321,
    "end": 1568084355373,
    "duration": 52,
    "pid": 5404,
    "index": 43
  },
  {
    "name": "Require(35) node_modules/_egg-session@3.1.0@egg-session/app.js",
    "start": 1568084355321,
    "end": 1568084355322,
    "duration": 1,
    "pid": 5404,
    "index": 44
  },
  {
    "name": "Require(36) node_modules/_egg-security@2.6.1@egg-security/app.js",
    "start": 1568084355322,
    "end": 1568084355325,
    "duration": 3,
    "pid": 5404,
    "index": 45
  },
  {
    "name": "Require(37) node_modules/_egg-onerror@2.1.0@egg-onerror/app.js",
    "start": 1568084355326,
    "end": 1568084355342,
    "duration": 16,
    "pid": 5404,
    "index": 46
  },
  {
    "name": "Require(38) node_modules/_egg-i18n@2.1.1@egg-i18n/app.js",
    "start": 1568084355342,
    "end": 1568084355354,
    "duration": 12,
    "pid": 5404,
    "index": 47
  },
  {
    "name": "Require(39) node_modules/_egg-watcher@3.1.0@egg-watcher/app.js",
    "start": 1568084355354,
    "end": 1568084355360,
    "duration": 6,
    "pid": 5404,
    "index": 48
  },
  {
    "name": "Require(40) node_modules/_egg-schedule@3.6.4@egg-schedule/app.js",
    "start": 1568084355360,
    "end": 1568084355363,
    "duration": 3,
    "pid": 5404,
    "index": 49
  },
  {
    "name": "Require(41) node_modules/_egg-multipart@2.9.0@egg-multipart/app.js",
    "start": 1568084355364,
    "end": 1568084355368,
    "duration": 4,
    "pid": 5404,
    "index": 50
  },
  {
    "name": "Require(42) node_modules/_egg-development@2.4.3@egg-development/app.js",
    "start": 1568084355369,
    "end": 1568084355369,
    "duration": 0,
    "pid": 5404,
    "index": 51
  },
  {
    "name": "Require(43) node_modules/_egg-logrotator@3.1.0@egg-logrotator/app.js",
    "start": 1568084355370,
    "end": 1568084355370,
    "duration": 0,
    "pid": 5404,
    "index": 52
  },
  {
    "name": "Require(44) node_modules/_egg-static@2.2.0@egg-static/app.js",
    "start": 1568084355370,
    "end": 1568084355371,
    "duration": 1,
    "pid": 5404,
    "index": 53
  },
  {
    "name": "Require(45) node_modules/_egg-sequelize@5.2.0@egg-sequelize/app.js",
    "start": 1568084355372,
    "end": 1568084355372,
    "duration": 0,
    "pid": 5404,
    "index": 54
  },
  {
    "name": "Before Start in node_modules/_egg-watcher@3.1.0@egg-watcher/lib/init.js:15:14",
    "start": 1568084355388,
    "end": 1568084356122,
    "duration": 734,
    "pid": 5404,
    "index": 55
  },
  {
    "name": "Load \"Symbol(model)\" to Application",
    "start": 1568084355910,
    "end": 1568084355922,
    "duration": 12,
    "pid": 5404,
    "index": 56
  },
  {
    "name": "Before Start in node_modules/_egg-sequelize@5.2.0@egg-sequelize/lib/loader.js:39:7",
    "start": 1568084355923,
    "end": 1568084356163,
    "duration": 240,
    "pid": 5404,
    "index": 57
  },
  {
    "name": "Load Service",
    "start": 1568084355923,
    "end": 1568084355928,
    "duration": 5,
    "pid": 5404,
    "index": 58
  },
  {
    "name": "Load \"service\" to Context",
    "start": 1568084355923,
    "end": 1568084355928,
    "duration": 5,
    "pid": 5404,
    "index": 59
  },
  {
    "name": "Load Middleware",
    "start": 1568084355928,
    "end": 1568084356054,
    "duration": 126,
    "pid": 5404,
    "index": 60
  },
  {
    "name": "Load \"middlewares\" to Application",
    "start": 1568084355928,
    "end": 1568084356038,
    "duration": 110,
    "pid": 5404,
    "index": 61
  },
  {
    "name": "Load Controller",
    "start": 1568084356054,
    "end": 1568084356057,
    "duration": 3,
    "pid": 5404,
    "index": 62
  },
  {
    "name": "Load \"controller\" to Application",
    "start": 1568084356055,
    "end": 1568084356057,
    "duration": 2,
    "pid": 5404,
    "index": 63
  },
  {
    "name": "Load Router",
    "start": 1568084356057,
    "end": 1568084356060,
    "duration": 3,
    "pid": 5404,
    "index": 64
  },
  {
    "name": "Require(46) app/router.js",
    "start": 1568084356058,
    "end": 1568084356058,
    "duration": 0,
    "pid": 5404,
    "index": 65
  },
  {
    "name": "Before Start in node_modules/_egg-core@4.17.3@egg-core/lib/egg.js:303:10",
    "start": 1568084356058,
    "end": 1568084356080,
    "duration": 22,
    "pid": 5404,
    "index": 66
  }
]