[
  {
    "name": "Application Start",
    "start": 1568084357872,
    "end": 1568084358979,
    "duration": 1107,
    "pid": 5252,
    "index": 0
  },
  {
    "name": "Load Plugin",
    "start": 1568084357878,
    "end": 1568084357906,
    "duration": 28,
    "pid": 5252,
    "index": 1
  },
  {
    "name": "Load Config",
    "start": 1568084357906,
    "end": 1568084357934,
    "duration": 28,
    "pid": 5252,
    "index": 2
  },
  {
    "name": "Require(0) config/config.default.js",
    "start": 1568084357907,
    "end": 1568084357907,
    "duration": 0,
    "pid": 5252,
    "index": 3
  },
  {
    "name": "Require(1) node_modules/_egg-session@3.1.0@egg-session/config/config.default.js",
    "start": 1568084357910,
    "end": 1568084357910,
    "duration": 0,
    "pid": 5252,
    "index": 4
  },
  {
    "name": "Require(2) node_modules/_egg-security@2.6.1@egg-security/config/config.default.js",
    "start": 1568084357911,
    "end": 1568084357911,
    "duration": 0,
    "pid": 5252,
    "index": 5
  },
  {
    "name": "Require(3) node_modules/_egg-jsonp@2.0.0@egg-jsonp/config/config.default.js",
    "start": 1568084357912,
    "end": 1568084357912,
    "duration": 0,
    "pid": 5252,
    "index": 6
  },
  {
    "name": "Require(4) node_modules/_egg-onerror@2.1.0@egg-onerror/config/config.default.js",
    "start": 1568084357913,
    "end": 1568084357913,
    "duration": 0,
    "pid": 5252,
    "index": 7
  },
  {
    "name": "Require(5) node_modules/_egg-i18n@2.1.1@egg-i18n/config/config.default.js",
    "start": 1568084357914,
    "end": 1568084357914,
    "duration": 0,
    "pid": 5252,
    "index": 8
  },
  {
    "name": "Require(6) node_modules/_egg-watcher@3.1.0@egg-watcher/config/config.default.js",
    "start": 1568084357915,
    "end": 1568084357915,
    "duration": 0,
    "pid": 5252,
    "index": 9
  },
  {
    "name": "Require(7) node_modules/_egg-schedule@3.6.4@egg-schedule/config/config.default.js",
    "start": 1568084357916,
    "end": 1568084357916,
    "duration": 0,
    "pid": 5252,
    "index": 10
  },
  {
    "name": "Require(8) node_modules/_egg-multipart@2.9.0@egg-multipart/config/config.default.js",
    "start": 1568084357917,
    "end": 1568084357917,
    "duration": 0,
    "pid": 5252,
    "index": 11
  },
  {
    "name": "Require(9) node_modules/_egg-development@2.4.3@egg-development/config/config.default.js",
    "start": 1568084357918,
    "end": 1568084357919,
    "duration": 1,
    "pid": 5252,
    "index": 12
  },
  {
    "name": "Require(10) node_modules/_egg-logrotator@3.1.0@egg-logrotator/config/config.default.js",
    "start": 1568084357919,
    "end": 1568084357920,
    "duration": 1,
    "pid": 5252,
    "index": 13
  },
  {
    "name": "Require(11) node_modules/_egg-static@2.2.0@egg-static/config/config.default.js",
    "start": 1568084357921,
    "end": 1568084357922,
    "duration": 1,
    "pid": 5252,
    "index": 14
  },
  {
    "name": "Require(12) node_modules/_egg-view@2.1.2@egg-view/config/config.default.js",
    "start": 1568084357922,
    "end": 1568084357923,
    "duration": 1,
    "pid": 5252,
    "index": 15
  },
  {
    "name": "Require(13) node_modules/_egg-sequelize@5.2.0@egg-sequelize/config/config.default.js",
    "start": 1568084357924,
    "end": 1568084357924,
    "duration": 0,
    "pid": 5252,
    "index": 16
  },
  {
    "name": "Require(14) node_modules/_egg@2.23.0@egg/config/config.default.js",
    "start": 1568084357925,
    "end": 1568084357925,
    "duration": 0,
    "pid": 5252,
    "index": 17
  },
  {
    "name": "Require(15) config/config.default.js",
    "start": 1568084357927,
    "end": 1568084357927,
    "duration": 0,
    "pid": 5252,
    "index": 18
  },
  {
    "name": "Require(16) node_modules/_egg-security@2.6.1@egg-security/config/config.local.js",
    "start": 1568084357928,
    "end": 1568084357928,
    "duration": 0,
    "pid": 5252,
    "index": 19
  },
  {
    "name": "Require(17) node_modules/_egg-watcher@3.1.0@egg-watcher/config/config.local.js",
    "start": 1568084357930,
    "end": 1568084357930,
    "duration": 0,
    "pid": 5252,
    "index": 20
  },
  {
    "name": "Require(18) node_modules/_egg-view@2.1.2@egg-view/config/config.local.js",
    "start": 1568084357932,
    "end": 1568084357932,
    "duration": 0,
    "pid": 5252,
    "index": 21
  },
  {
    "name": "Require(19) node_modules/_egg@2.23.0@egg/config/config.local.js",
    "start": 1568084357933,
    "end": 1568084357933,
    "duration": 0,
    "pid": 5252,
    "index": 22
  },
  {
    "name": "Load extend/application.js",
    "start": 1568084357936,
    "end": 1568084357955,
    "duration": 19,
    "pid": 5252,
    "index": 23
  },
  {
    "name": "Require(20) node_modules/_egg-session@3.1.0@egg-session/app/extend/application.js",
    "start": 1568084357937,
    "end": 1568084357937,
    "duration": 0,
    "pid": 5252,
    "index": 24
  },
  {
    "name": "Require(21) node_modules/_egg-security@2.6.1@egg-security/app/extend/application.js",
    "start": 1568084357938,
    "end": 1568084357939,
    "duration": 1,
    "pid": 5252,
    "index": 25
  },
  {
    "name": "Require(22) node_modules/_egg-jsonp@2.0.0@egg-jsonp/app/extend/application.js",
    "start": 1568084357940,
    "end": 1568084357943,
    "duration": 3,
    "pid": 5252,
    "index": 26
  },
  {
    "name": "Require(23) node_modules/_egg-logrotator@3.1.0@egg-logrotator/app/extend/application.js",
    "start": 1568084357945,
    "end": 1568084357948,
    "duration": 3,
    "pid": 5252,
    "index": 27
  },
  {
    "name": "Require(24) node_modules/_egg-view@2.1.2@egg-view/app/extend/application.js",
    "start": 1568084357949,
    "end": 1568084357951,
    "duration": 2,
    "pid": 5252,
    "index": 28
  },
  {
    "name": "Load extend/request.js",
    "start": 1568084357955,
    "end": 1568084357964,
    "duration": 9,
    "pid": 5252,
    "index": 29
  },
  {
    "name": "Require(25) node_modules/_egg@2.23.0@egg/app/extend/request.js",
    "start": 1568084357959,
    "end": 1568084357961,
    "duration": 2,
    "pid": 5252,
    "index": 30
  },
  {
    "name": "Load extend/response.js",
    "start": 1568084357964,
    "end": 1568084357974,
    "duration": 10,
    "pid": 5252,
    "index": 31
  },
  {
    "name": "Require(26) node_modules/_egg@2.23.0@egg/app/extend/response.js",
    "start": 1568084357967,
    "end": 1568084357970,
    "duration": 3,
    "pid": 5252,
    "index": 32
  },
  {
    "name": "Load extend/context.js",
    "start": 1568084357974,
    "end": 1568084358080,
    "duration": 106,
    "pid": 5252,
    "index": 33
  },
  {
    "name": "Require(27) node_modules/_egg-security@2.6.1@egg-security/app/extend/context.js",
    "start": 1568084357975,
    "end": 1568084357995,
    "duration": 20,
    "pid": 5252,
    "index": 34
  },
  {
    "name": "Require(28) node_modules/_egg-jsonp@2.0.0@egg-jsonp/app/extend/context.js",
    "start": 1568084357995,
    "end": 1568084357997,
    "duration": 2,
    "pid": 5252,
    "index": 35
  },
  {
    "name": "Require(29) node_modules/_egg-i18n@2.1.1@egg-i18n/app/extend/context.js",
    "start": 1568084357998,
    "end": 1568084357998,
    "duration": 0,
    "pid": 5252,
    "index": 36
  },
  {
    "name": "Require(30) node_modules/_egg-multipart@2.9.0@egg-multipart/app/extend/context.js",
    "start": 1568084358000,
    "end": 1568084358070,
    "duration": 70,
    "pid": 5252,
    "index": 37
  },
  {
    "name": "Require(31) node_modules/_egg-view@2.1.2@egg-view/app/extend/context.js",
    "start": 1568084358071,
    "end": 1568084358073,
    "duration": 2,
    "pid": 5252,
    "index": 38
  },
  {
    "name": "Require(32) node_modules/_egg@2.23.0@egg/app/extend/context.js",
    "start": 1568084358073,
    "end": 1568084358077,
    "duration": 4,
    "pid": 5252,
    "index": 39
  },
  {
    "name": "Load extend/helper.js",
    "start": 1568084358080,
    "end": 1568084358112,
    "duration": 32,
    "pid": 5252,
    "index": 40
  },
  {
    "name": "Require(33) node_modules/_egg-security@2.6.1@egg-security/app/extend/helper.js",
    "start": 1568084358081,
    "end": 1568084358106,
    "duration": 25,
    "pid": 5252,
    "index": 41
  },
  {
    "name": "Require(34) node_modules/_egg@2.23.0@egg/app/extend/helper.js",
    "start": 1568084358108,
    "end": 1568084358109,
    "duration": 1,
    "pid": 5252,
    "index": 42
  },
  {
    "name": "Load app.js",
    "start": 1568084358113,
    "end": 1568084358167,
    "duration": 54,
    "pid": 5252,
    "index": 43
  },
  {
    "name": "Require(35) node_modules/_egg-session@3.1.0@egg-session/app.js",
    "start": 1568084358113,
    "end": 1568084358114,
    "duration": 1,
    "pid": 5252,
    "index": 44
  },
  {
    "name": "Require(36) node_modules/_egg-security@2.6.1@egg-security/app.js",
    "start": 1568084358114,
    "end": 1568084358117,
    "duration": 3,
    "pid": 5252,
    "index": 45
  },
  {
    "name": "Require(37) node_modules/_egg-onerror@2.1.0@egg-onerror/app.js",
    "start": 1568084358118,
    "end": 1568084358135,
    "duration": 17,
    "pid": 5252,
    "index": 46
  },
  {
    "name": "Require(38) node_modules/_egg-i18n@2.1.1@egg-i18n/app.js",
    "start": 1568084358136,
    "end": 1568084358149,
    "duration": 13,
    "pid": 5252,
    "index": 47
  },
  {
    "name": "Require(39) node_modules/_egg-watcher@3.1.0@egg-watcher/app.js",
    "start": 1568084358149,
    "end": 1568084358155,
    "duration": 6,
    "pid": 5252,
    "index": 48
  },
  {
    "name": "Require(40) node_modules/_egg-schedule@3.6.4@egg-schedule/app.js",
    "start": 1568084358155,
    "end": 1568084358158,
    "duration": 3,
    "pid": 5252,
    "index": 49
  },
  {
    "name": "Require(41) node_modules/_egg-multipart@2.9.0@egg-multipart/app.js",
    "start": 1568084358159,
    "end": 1568084358163,
    "duration": 4,
    "pid": 5252,
    "index": 50
  },
  {
    "name": "Require(42) node_modules/_egg-development@2.4.3@egg-development/app.js",
    "start": 1568084358163,
    "end": 1568084358163,
    "duration": 0,
    "pid": 5252,
    "index": 51
  },
  {
    "name": "Require(43) node_modules/_egg-logrotator@3.1.0@egg-logrotator/app.js",
    "start": 1568084358164,
    "end": 1568084358164,
    "duration": 0,
    "pid": 5252,
    "index": 52
  },
  {
    "name": "Require(44) node_modules/_egg-static@2.2.0@egg-static/app.js",
    "start": 1568084358165,
    "end": 1568084358165,
    "duration": 0,
    "pid": 5252,
    "index": 53
  },
  {
    "name": "Require(45) node_modules/_egg-sequelize@5.2.0@egg-sequelize/app.js",
    "start": 1568084358166,
    "end": 1568084358166,
    "duration": 0,
    "pid": 5252,
    "index": 54
  },
  {
    "name": "Before Start in node_modules/_egg-watcher@3.1.0@egg-watcher/lib/init.js:15:14",
    "start": 1568084358182,
    "end": 1568084358943,
    "duration": 761,
    "pid": 5252,
    "index": 55
  },
  {
    "name": "Load \"Symbol(model)\" to Application",
    "start": 1568084358706,
    "end": 1568084358719,
    "duration": 13,
    "pid": 5252,
    "index": 56
  },
  {
    "name": "Before Start in node_modules/_egg-sequelize@5.2.0@egg-sequelize/lib/loader.js:39:7",
    "start": 1568084358719,
    "end": 1568084358978,
    "duration": 259,
    "pid": 5252,
    "index": 57
  },
  {
    "name": "Load Service",
    "start": 1568084358719,
    "end": 1568084358725,
    "duration": 6,
    "pid": 5252,
    "index": 58
  },
  {
    "name": "Load \"service\" to Context",
    "start": 1568084358720,
    "end": 1568084358725,
    "duration": 5,
    "pid": 5252,
    "index": 59
  },
  {
    "name": "Load Middleware",
    "start": 1568084358725,
    "end": 1568084358852,
    "duration": 127,
    "pid": 5252,
    "index": 60
  },
  {
    "name": "Load \"middlewares\" to Application",
    "start": 1568084358725,
    "end": 1568084358832,
    "duration": 107,
    "pid": 5252,
    "index": 61
  },
  {
    "name": "Load Controller",
    "start": 1568084358852,
    "end": 1568084358855,
    "duration": 3,
    "pid": 5252,
    "index": 62
  },
  {
    "name": "Load \"controller\" to Application",
    "start": 1568084358852,
    "end": 1568084358855,
    "duration": 3,
    "pid": 5252,
    "index": 63
  },
  {
    "name": "Load Router",
    "start": 1568084358855,
    "end": 1568084358858,
    "duration": 3,
    "pid": 5252,
    "index": 64
  },
  {
    "name": "Require(46) app/router.js",
    "start": 1568084358856,
    "end": 1568084358856,
    "duration": 0,
    "pid": 5252,
    "index": 65
  },
  {
    "name": "Before Start in node_modules/_egg-core@4.17.3@egg-core/lib/egg.js:303:10",
    "start": 1568084358857,
    "end": 1568084358877,
    "duration": 20,
    "pid": 5252,
    "index": 66
  }
]