[
  {
    "name": "Application Start",
    "start": 1568084558256,
    "end": 1568084559464,
    "duration": 1208,
    "pid": 9188,
    "index": 0
  },
  {
    "name": "Load Plugin",
    "start": 1568084558263,
    "end": 1568084558290,
    "duration": 27,
    "pid": 9188,
    "index": 1
  },
  {
    "name": "Load Config",
    "start": 1568084558290,
    "end": 1568084558321,
    "duration": 31,
    "pid": 9188,
    "index": 2
  },
  {
    "name": "Require(0) config/config.default.js",
    "start": 1568084558291,
    "end": 1568084558292,
    "duration": 1,
    "pid": 9188,
    "index": 3
  },
  {
    "name": "Require(1) node_modules/_egg-session@3.1.0@egg-session/config/config.default.js",
    "start": 1568084558294,
    "end": 1568084558294,
    "duration": 0,
    "pid": 9188,
    "index": 4
  },
  {
    "name": "Require(2) node_modules/_egg-security@2.6.1@egg-security/config/config.default.js",
    "start": 1568084558295,
    "end": 1568084558295,
    "duration": 0,
    "pid": 9188,
    "index": 5
  },
  {
    "name": "Require(3) node_modules/_egg-jsonp@2.0.0@egg-jsonp/config/config.default.js",
    "start": 1568084558297,
    "end": 1568084558297,
    "duration": 0,
    "pid": 9188,
    "index": 6
  },
  {
    "name": "Require(4) node_modules/_egg-onerror@2.1.0@egg-onerror/config/config.default.js",
    "start": 1568084558298,
    "end": 1568084558298,
    "duration": 0,
    "pid": 9188,
    "index": 7
  },
  {
    "name": "Require(5) node_modules/_egg-i18n@2.1.1@egg-i18n/config/config.default.js",
    "start": 1568084558299,
    "end": 1568084558299,
    "duration": 0,
    "pid": 9188,
    "index": 8
  },
  {
    "name": "Require(6) node_modules/_egg-watcher@3.1.0@egg-watcher/config/config.default.js",
    "start": 1568084558300,
    "end": 1568084558301,
    "duration": 1,
    "pid": 9188,
    "index": 9
  },
  {
    "name": "Require(7) node_modules/_egg-schedule@3.6.4@egg-schedule/config/config.default.js",
    "start": 1568084558302,
    "end": 1568084558302,
    "duration": 0,
    "pid": 9188,
    "index": 10
  },
  {
    "name": "Require(8) node_modules/_egg-multipart@2.9.0@egg-multipart/config/config.default.js",
    "start": 1568084558304,
    "end": 1568084558304,
    "duration": 0,
    "pid": 9188,
    "index": 11
  },
  {
    "name": "Require(9) node_modules/_egg-development@2.4.3@egg-development/config/config.default.js",
    "start": 1568084558306,
    "end": 1568084558306,
    "duration": 0,
    "pid": 9188,
    "index": 12
  },
  {
    "name": "Require(10) node_modules/_egg-logrotator@3.1.0@egg-logrotator/config/config.default.js",
    "start": 1568084558307,
    "end": 1568084558307,
    "duration": 0,
    "pid": 9188,
    "index": 13
  },
  {
    "name": "Require(11) node_modules/_egg-static@2.2.0@egg-static/config/config.default.js",
    "start": 1568084558308,
    "end": 1568084558308,
    "duration": 0,
    "pid": 9188,
    "index": 14
  },
  {
    "name": "Require(12) node_modules/_egg-view@2.1.2@egg-view/config/config.default.js",
    "start": 1568084558310,
    "end": 1568084558310,
    "duration": 0,
    "pid": 9188,
    "index": 15
  },
  {
    "name": "Require(13) node_modules/_egg-sequelize@5.2.0@egg-sequelize/config/config.default.js",
    "start": 1568084558311,
    "end": 1568084558311,
    "duration": 0,
    "pid": 9188,
    "index": 16
  },
  {
    "name": "Require(14) node_modules/_egg@2.23.0@egg/config/config.default.js",
    "start": 1568084558312,
    "end": 1568084558312,
    "duration": 0,
    "pid": 9188,
    "index": 17
  },
  {
    "name": "Require(15) config/config.default.js",
    "start": 1568084558314,
    "end": 1568084558314,
    "duration": 0,
    "pid": 9188,
    "index": 18
  },
  {
    "name": "Require(16) node_modules/_egg-security@2.6.1@egg-security/config/config.local.js",
    "start": 1568084558315,
    "end": 1568084558315,
    "duration": 0,
    "pid": 9188,
    "index": 19
  },
  {
    "name": "Require(17) node_modules/_egg-watcher@3.1.0@egg-watcher/config/config.local.js",
    "start": 1568084558318,
    "end": 1568084558318,
    "duration": 0,
    "pid": 9188,
    "index": 20
  },
  {
    "name": "Require(18) node_modules/_egg-view@2.1.2@egg-view/config/config.local.js",
    "start": 1568084558320,
    "end": 1568084558320,
    "duration": 0,
    "pid": 9188,
    "index": 21
  },
  {
    "name": "Require(19) node_modules/_egg@2.23.0@egg/config/config.local.js",
    "start": 1568084558321,
    "end": 1568084558321,
    "duration": 0,
    "pid": 9188,
    "index": 22
  },
  {
    "name": "Load extend/application.js",
    "start": 1568084558323,
    "end": 1568084558344,
    "duration": 21,
    "pid": 9188,
    "index": 23
  },
  {
    "name": "Require(20) node_modules/_egg-session@3.1.0@egg-session/app/extend/application.js",
    "start": 1568084558324,
    "end": 1568084558324,
    "duration": 0,
    "pid": 9188,
    "index": 24
  },
  {
    "name": "Require(21) node_modules/_egg-security@2.6.1@egg-security/app/extend/application.js",
    "start": 1568084558325,
    "end": 1568084558326,
    "duration": 1,
    "pid": 9188,
    "index": 25
  },
  {
    "name": "Require(22) node_modules/_egg-jsonp@2.0.0@egg-jsonp/app/extend/application.js",
    "start": 1568084558327,
    "end": 1568084558330,
    "duration": 3,
    "pid": 9188,
    "index": 26
  },
  {
    "name": "Require(23) node_modules/_egg-logrotator@3.1.0@egg-logrotator/app/extend/application.js",
    "start": 1568084558332,
    "end": 1568084558336,
    "duration": 4,
    "pid": 9188,
    "index": 27
  },
  {
    "name": "Require(24) node_modules/_egg-view@2.1.2@egg-view/app/extend/application.js",
    "start": 1568084558337,
    "end": 1568084558340,
    "duration": 3,
    "pid": 9188,
    "index": 28
  },
  {
    "name": "Load extend/request.js",
    "start": 1568084558344,
    "end": 1568084558354,
    "duration": 10,
    "pid": 9188,
    "index": 29
  },
  {
    "name": "Require(25) node_modules/_egg@2.23.0@egg/app/extend/request.js",
    "start": 1568084558348,
    "end": 1568084558350,
    "duration": 2,
    "pid": 9188,
    "index": 30
  },
  {
    "name": "Load extend/response.js",
    "start": 1568084558354,
    "end": 1568084558364,
    "duration": 10,
    "pid": 9188,
    "index": 31
  },
  {
    "name": "Require(26) node_modules/_egg@2.23.0@egg/app/extend/response.js",
    "start": 1568084558357,
    "end": 1568084558360,
    "duration": 3,
    "pid": 9188,
    "index": 32
  },
  {
    "name": "Load extend/context.js",
    "start": 1568084558364,
    "end": 1568084558484,
    "duration": 120,
    "pid": 9188,
    "index": 33
  },
  {
    "name": "Require(27) node_modules/_egg-security@2.6.1@egg-security/app/extend/context.js",
    "start": 1568084558364,
    "end": 1568084558389,
    "duration": 25,
    "pid": 9188,
    "index": 34
  },
  {
    "name": "Require(28) node_modules/_egg-jsonp@2.0.0@egg-jsonp/app/extend/context.js",
    "start": 1568084558389,
    "end": 1568084558392,
    "duration": 3,
    "pid": 9188,
    "index": 35
  },
  {
    "name": "Require(29) node_modules/_egg-i18n@2.1.1@egg-i18n/app/extend/context.js",
    "start": 1568084558392,
    "end": 1568084558393,
    "duration": 1,
    "pid": 9188,
    "index": 36
  },
  {
    "name": "Require(30) node_modules/_egg-multipart@2.9.0@egg-multipart/app/extend/context.js",
    "start": 1568084558394,
    "end": 1568084558473,
    "duration": 79,
    "pid": 9188,
    "index": 37
  },
  {
    "name": "Require(31) node_modules/_egg-view@2.1.2@egg-view/app/extend/context.js",
    "start": 1568084558474,
    "end": 1568084558476,
    "duration": 2,
    "pid": 9188,
    "index": 38
  },
  {
    "name": "Require(32) node_modules/_egg@2.23.0@egg/app/extend/context.js",
    "start": 1568084558476,
    "end": 1568084558480,
    "duration": 4,
    "pid": 9188,
    "index": 39
  },
  {
    "name": "Load extend/helper.js",
    "start": 1568084558484,
    "end": 1568084558526,
    "duration": 42,
    "pid": 9188,
    "index": 40
  },
  {
    "name": "Require(33) node_modules/_egg-security@2.6.1@egg-security/app/extend/helper.js",
    "start": 1568084558485,
    "end": 1568084558518,
    "duration": 33,
    "pid": 9188,
    "index": 41
  },
  {
    "name": "Require(34) node_modules/_egg@2.23.0@egg/app/extend/helper.js",
    "start": 1568084558521,
    "end": 1568084558522,
    "duration": 1,
    "pid": 9188,
    "index": 42
  },
  {
    "name": "Load app.js",
    "start": 1568084558526,
    "end": 1568084558588,
    "duration": 62,
    "pid": 9188,
    "index": 43
  },
  {
    "name": "Require(35) node_modules/_egg-session@3.1.0@egg-session/app.js",
    "start": 1568084558526,
    "end": 1568084558527,
    "duration": 1,
    "pid": 9188,
    "index": 44
  },
  {
    "name": "Require(36) node_modules/_egg-security@2.6.1@egg-security/app.js",
    "start": 1568084558527,
    "end": 1568084558530,
    "duration": 3,
    "pid": 9188,
    "index": 45
  },
  {
    "name": "Require(37) node_modules/_egg-onerror@2.1.0@egg-onerror/app.js",
    "start": 1568084558531,
    "end": 1568084558551,
    "duration": 20,
    "pid": 9188,
    "index": 46
  },
  {
    "name": "Require(38) node_modules/_egg-i18n@2.1.1@egg-i18n/app.js",
    "start": 1568084558552,
    "end": 1568084558565,
    "duration": 13,
    "pid": 9188,
    "index": 47
  },
  {
    "name": "Require(39) node_modules/_egg-watcher@3.1.0@egg-watcher/app.js",
    "start": 1568084558565,
    "end": 1568084558572,
    "duration": 7,
    "pid": 9188,
    "index": 48
  },
  {
    "name": "Require(40) node_modules/_egg-schedule@3.6.4@egg-schedule/app.js",
    "start": 1568084558573,
    "end": 1568084558576,
    "duration": 3,
    "pid": 9188,
    "index": 49
  },
  {
    "name": "Require(41) node_modules/_egg-multipart@2.9.0@egg-multipart/app.js",
    "start": 1568084558576,
    "end": 1568084558581,
    "duration": 5,
    "pid": 9188,
    "index": 50
  },
  {
    "name": "Require(42) node_modules/_egg-development@2.4.3@egg-development/app.js",
    "start": 1568084558581,
    "end": 1568084558582,
    "duration": 1,
    "pid": 9188,
    "index": 51
  },
  {
    "name": "Require(43) node_modules/_egg-logrotator@3.1.0@egg-logrotator/app.js",
    "start": 1568084558582,
    "end": 1568084558583,
    "duration": 1,
    "pid": 9188,
    "index": 52
  },
  {
    "name": "Require(44) node_modules/_egg-static@2.2.0@egg-static/app.js",
    "start": 1568084558584,
    "end": 1568084558585,
    "duration": 1,
    "pid": 9188,
    "index": 53
  },
  {
    "name": "Require(45) node_modules/_egg-sequelize@5.2.0@egg-sequelize/app.js",
    "start": 1568084558586,
    "end": 1568084558586,
    "duration": 0,
    "pid": 9188,
    "index": 54
  },
  {
    "name": "Before Start in node_modules/_egg-watcher@3.1.0@egg-watcher/lib/init.js:15:14",
    "start": 1568084558604,
    "end": 1568084559426,
    "duration": 822,
    "pid": 9188,
    "index": 55
  },
  {
    "name": "Load \"Symbol(model)\" to Application",
    "start": 1568084559178,
    "end": 1568084559192,
    "duration": 14,
    "pid": 9188,
    "index": 56
  },
  {
    "name": "Before Start in node_modules/_egg-sequelize@5.2.0@egg-sequelize/lib/loader.js:39:7",
    "start": 1568084559192,
    "end": 1568084559464,
    "duration": 272,
    "pid": 9188,
    "index": 57
  },
  {
    "name": "Load Service",
    "start": 1568084559192,
    "end": 1568084559198,
    "duration": 6,
    "pid": 9188,
    "index": 58
  },
  {
    "name": "Load \"service\" to Context",
    "start": 1568084559192,
    "end": 1568084559198,
    "duration": 6,
    "pid": 9188,
    "index": 59
  },
  {
    "name": "Load Middleware",
    "start": 1568084559198,
    "end": 1568084559336,
    "duration": 138,
    "pid": 9188,
    "index": 60
  },
  {
    "name": "Load \"middlewares\" to Application",
    "start": 1568084559198,
    "end": 1568084559317,
    "duration": 119,
    "pid": 9188,
    "index": 61
  },
  {
    "name": "Load Controller",
    "start": 1568084559336,
    "end": 1568084559339,
    "duration": 3,
    "pid": 9188,
    "index": 62
  },
  {
    "name": "Load \"controller\" to Application",
    "start": 1568084559336,
    "end": 1568084559339,
    "duration": 3,
    "pid": 9188,
    "index": 63
  },
  {
    "name": "Load Router",
    "start": 1568084559339,
    "end": 1568084559344,
    "duration": 5,
    "pid": 9188,
    "index": 64
  },
  {
    "name": "Require(46) app/router.js",
    "start": 1568084559340,
    "end": 1568084559340,
    "duration": 0,
    "pid": 9188,
    "index": 65
  },
  {
    "name": "Before Start in node_modules/_egg-core@4.17.3@egg-core/lib/egg.js:303:10",
    "start": 1568084559341,
    "end": 1568084559367,
    "duration": 26,
    "pid": 9188,
    "index": 66
  }
]