[
  {
    "name": "Application Start",
    "start": 1568084394059,
    "end": 1568084395223,
    "duration": 1164,
    "pid": 2868,
    "index": 0
  },
  {
    "name": "Load Plugin",
    "start": 1568084394067,
    "end": 1568084394093,
    "duration": 26,
    "pid": 2868,
    "index": 1
  },
  {
    "name": "Load Config",
    "start": 1568084394093,
    "end": 1568084394121,
    "duration": 28,
    "pid": 2868,
    "index": 2
  },
  {
    "name": "Require(0) config/config.default.js",
    "start": 1568084394094,
    "end": 1568084394094,
    "duration": 0,
    "pid": 2868,
    "index": 3
  },
  {
    "name": "Require(1) node_modules/_egg-session@3.1.0@egg-session/config/config.default.js",
    "start": 1568084394097,
    "end": 1568084394097,
    "duration": 0,
    "pid": 2868,
    "index": 4
  },
  {
    "name": "Require(2) node_modules/_egg-security@2.6.1@egg-security/config/config.default.js",
    "start": 1568084394098,
    "end": 1568084394098,
    "duration": 0,
    "pid": 2868,
    "index": 5
  },
  {
    "name": "Require(3) node_modules/_egg-jsonp@2.0.0@egg-jsonp/config/config.default.js",
    "start": 1568084394099,
    "end": 1568084394100,
    "duration": 1,
    "pid": 2868,
    "index": 6
  },
  {
    "name": "Require(4) node_modules/_egg-onerror@2.1.0@egg-onerror/config/config.default.js",
    "start": 1568084394100,
    "end": 1568084394101,
    "duration": 1,
    "pid": 2868,
    "index": 7
  },
  {
    "name": "Require(5) node_modules/_egg-i18n@2.1.1@egg-i18n/config/config.default.js",
    "start": 1568084394102,
    "end": 1568084394102,
    "duration": 0,
    "pid": 2868,
    "index": 8
  },
  {
    "name": "Require(6) node_modules/_egg-watcher@3.1.0@egg-watcher/config/config.default.js",
    "start": 1568084394103,
    "end": 1568084394103,
    "duration": 0,
    "pid": 2868,
    "index": 9
  },
  {
    "name": "Require(7) node_modules/_egg-schedule@3.6.4@egg-schedule/config/config.default.js",
    "start": 1568084394104,
    "end": 1568084394104,
    "duration": 0,
    "pid": 2868,
    "index": 10
  },
  {
    "name": "Require(8) node_modules/_egg-multipart@2.9.0@egg-multipart/config/config.default.js",
    "start": 1568084394105,
    "end": 1568084394105,
    "duration": 0,
    "pid": 2868,
    "index": 11
  },
  {
    "name": "Require(9) node_modules/_egg-development@2.4.3@egg-development/config/config.default.js",
    "start": 1568084394106,
    "end": 1568084394106,
    "duration": 0,
    "pid": 2868,
    "index": 12
  },
  {
    "name": "Require(10) node_modules/_egg-logrotator@3.1.0@egg-logrotator/config/config.default.js",
    "start": 1568084394107,
    "end": 1568084394107,
    "duration": 0,
    "pid": 2868,
    "index": 13
  },
  {
    "name": "Require(11) node_modules/_egg-static@2.2.0@egg-static/config/config.default.js",
    "start": 1568084394108,
    "end": 1568084394108,
    "duration": 0,
    "pid": 2868,
    "index": 14
  },
  {
    "name": "Require(12) node_modules/_egg-view@2.1.2@egg-view/config/config.default.js",
    "start": 1568084394109,
    "end": 1568084394109,
    "duration": 0,
    "pid": 2868,
    "index": 15
  },
  {
    "name": "Require(13) node_modules/_egg-sequelize@5.2.0@egg-sequelize/config/config.default.js",
    "start": 1568084394110,
    "end": 1568084394110,
    "duration": 0,
    "pid": 2868,
    "index": 16
  },
  {
    "name": "Require(14) node_modules/_egg@2.23.0@egg/config/config.default.js",
    "start": 1568084394111,
    "end": 1568084394112,
    "duration": 1,
    "pid": 2868,
    "index": 17
  },
  {
    "name": "Require(15) config/config.default.js",
    "start": 1568084394113,
    "end": 1568084394113,
    "duration": 0,
    "pid": 2868,
    "index": 18
  },
  {
    "name": "Require(16) node_modules/_egg-security@2.6.1@egg-security/config/config.local.js",
    "start": 1568084394114,
    "end": 1568084394115,
    "duration": 1,
    "pid": 2868,
    "index": 19
  },
  {
    "name": "Require(17) node_modules/_egg-watcher@3.1.0@egg-watcher/config/config.local.js",
    "start": 1568084394116,
    "end": 1568084394117,
    "duration": 1,
    "pid": 2868,
    "index": 20
  },
  {
    "name": "Require(18) node_modules/_egg-view@2.1.2@egg-view/config/config.local.js",
    "start": 1568084394119,
    "end": 1568084394119,
    "duration": 0,
    "pid": 2868,
    "index": 21
  },
  {
    "name": "Require(19) node_modules/_egg@2.23.0@egg/config/config.local.js",
    "start": 1568084394120,
    "end": 1568084394120,
    "duration": 0,
    "pid": 2868,
    "index": 22
  },
  {
    "name": "Load extend/application.js",
    "start": 1568084394123,
    "end": 1568084394154,
    "duration": 31,
    "pid": 2868,
    "index": 23
  },
  {
    "name": "Require(20) node_modules/_egg-session@3.1.0@egg-session/app/extend/application.js",
    "start": 1568084394124,
    "end": 1568084394125,
    "duration": 1,
    "pid": 2868,
    "index": 24
  },
  {
    "name": "Require(21) node_modules/_egg-security@2.6.1@egg-security/app/extend/application.js",
    "start": 1568084394126,
    "end": 1568084394128,
    "duration": 2,
    "pid": 2868,
    "index": 25
  },
  {
    "name": "Require(22) node_modules/_egg-jsonp@2.0.0@egg-jsonp/app/extend/application.js",
    "start": 1568084394131,
    "end": 1568084394140,
    "duration": 9,
    "pid": 2868,
    "index": 26
  },
  {
    "name": "Require(23) node_modules/_egg-logrotator@3.1.0@egg-logrotator/app/extend/application.js",
    "start": 1568084394142,
    "end": 1568084394147,
    "duration": 5,
    "pid": 2868,
    "index": 27
  },
  {
    "name": "Require(24) node_modules/_egg-view@2.1.2@egg-view/app/extend/application.js",
    "start": 1568084394148,
    "end": 1568084394150,
    "duration": 2,
    "pid": 2868,
    "index": 28
  },
  {
    "name": "Load extend/request.js",
    "start": 1568084394154,
    "end": 1568084394164,
    "duration": 10,
    "pid": 2868,
    "index": 29
  },
  {
    "name": "Require(25) node_modules/_egg@2.23.0@egg/app/extend/request.js",
    "start": 1568084394158,
    "end": 1568084394160,
    "duration": 2,
    "pid": 2868,
    "index": 30
  },
  {
    "name": "Load extend/response.js",
    "start": 1568084394164,
    "end": 1568084394173,
    "duration": 9,
    "pid": 2868,
    "index": 31
  },
  {
    "name": "Require(26) node_modules/_egg@2.23.0@egg/app/extend/response.js",
    "start": 1568084394167,
    "end": 1568084394170,
    "duration": 3,
    "pid": 2868,
    "index": 32
  },
  {
    "name": "Load extend/context.js",
    "start": 1568084394174,
    "end": 1568084394289,
    "duration": 115,
    "pid": 2868,
    "index": 33
  },
  {
    "name": "Require(27) node_modules/_egg-security@2.6.1@egg-security/app/extend/context.js",
    "start": 1568084394174,
    "end": 1568084394197,
    "duration": 23,
    "pid": 2868,
    "index": 34
  },
  {
    "name": "Require(28) node_modules/_egg-jsonp@2.0.0@egg-jsonp/app/extend/context.js",
    "start": 1568084394198,
    "end": 1568084394200,
    "duration": 2,
    "pid": 2868,
    "index": 35
  },
  {
    "name": "Require(29) node_modules/_egg-i18n@2.1.1@egg-i18n/app/extend/context.js",
    "start": 1568084394201,
    "end": 1568084394201,
    "duration": 0,
    "pid": 2868,
    "index": 36
  },
  {
    "name": "Require(30) node_modules/_egg-multipart@2.9.0@egg-multipart/app/extend/context.js",
    "start": 1568084394203,
    "end": 1568084394278,
    "duration": 75,
    "pid": 2868,
    "index": 37
  },
  {
    "name": "Require(31) node_modules/_egg-view@2.1.2@egg-view/app/extend/context.js",
    "start": 1568084394280,
    "end": 1568084394282,
    "duration": 2,
    "pid": 2868,
    "index": 38
  },
  {
    "name": "Require(32) node_modules/_egg@2.23.0@egg/app/extend/context.js",
    "start": 1568084394282,
    "end": 1568084394286,
    "duration": 4,
    "pid": 2868,
    "index": 39
  },
  {
    "name": "Load extend/helper.js",
    "start": 1568084394289,
    "end": 1568084394322,
    "duration": 33,
    "pid": 2868,
    "index": 40
  },
  {
    "name": "Require(33) node_modules/_egg-security@2.6.1@egg-security/app/extend/helper.js",
    "start": 1568084394290,
    "end": 1568084394316,
    "duration": 26,
    "pid": 2868,
    "index": 41
  },
  {
    "name": "Require(34) node_modules/_egg@2.23.0@egg/app/extend/helper.js",
    "start": 1568084394318,
    "end": 1568084394319,
    "duration": 1,
    "pid": 2868,
    "index": 42
  },
  {
    "name": "Load app.js",
    "start": 1568084394322,
    "end": 1568084394378,
    "duration": 56,
    "pid": 2868,
    "index": 43
  },
  {
    "name": "Require(35) node_modules/_egg-session@3.1.0@egg-session/app.js",
    "start": 1568084394323,
    "end": 1568084394323,
    "duration": 0,
    "pid": 2868,
    "index": 44
  },
  {
    "name": "Require(36) node_modules/_egg-security@2.6.1@egg-security/app.js",
    "start": 1568084394324,
    "end": 1568084394327,
    "duration": 3,
    "pid": 2868,
    "index": 45
  },
  {
    "name": "Require(37) node_modules/_egg-onerror@2.1.0@egg-onerror/app.js",
    "start": 1568084394327,
    "end": 1568084394345,
    "duration": 18,
    "pid": 2868,
    "index": 46
  },
  {
    "name": "Require(38) node_modules/_egg-i18n@2.1.1@egg-i18n/app.js",
    "start": 1568084394346,
    "end": 1568084394357,
    "duration": 11,
    "pid": 2868,
    "index": 47
  },
  {
    "name": "Require(39) node_modules/_egg-watcher@3.1.0@egg-watcher/app.js",
    "start": 1568084394358,
    "end": 1568084394364,
    "duration": 6,
    "pid": 2868,
    "index": 48
  },
  {
    "name": "Require(40) node_modules/_egg-schedule@3.6.4@egg-schedule/app.js",
    "start": 1568084394365,
    "end": 1568084394368,
    "duration": 3,
    "pid": 2868,
    "index": 49
  },
  {
    "name": "Require(41) node_modules/_egg-multipart@2.9.0@egg-multipart/app.js",
    "start": 1568084394368,
    "end": 1568084394373,
    "duration": 5,
    "pid": 2868,
    "index": 50
  },
  {
    "name": "Require(42) node_modules/_egg-development@2.4.3@egg-development/app.js",
    "start": 1568084394374,
    "end": 1568084394374,
    "duration": 0,
    "pid": 2868,
    "index": 51
  },
  {
    "name": "Require(43) node_modules/_egg-logrotator@3.1.0@egg-logrotator/app.js",
    "start": 1568084394374,
    "end": 1568084394375,
    "duration": 1,
    "pid": 2868,
    "index": 52
  },
  {
    "name": "Require(44) node_modules/_egg-static@2.2.0@egg-static/app.js",
    "start": 1568084394375,
    "end": 1568084394375,
    "duration": 0,
    "pid": 2868,
    "index": 53
  },
  {
    "name": "Require(45) node_modules/_egg-sequelize@5.2.0@egg-sequelize/app.js",
    "start": 1568084394376,
    "end": 1568084394377,
    "duration": 1,
    "pid": 2868,
    "index": 54
  },
  {
    "name": "Before Start in node_modules/_egg-watcher@3.1.0@egg-watcher/lib/init.js:15:14",
    "start": 1568084394395,
    "end": 1568084395187,
    "duration": 792,
    "pid": 2868,
    "index": 55
  },
  {
    "name": "Load \"Symbol(model)\" to Application",
    "start": 1568084394959,
    "end": 1568084394972,
    "duration": 13,
    "pid": 2868,
    "index": 56
  },
  {
    "name": "Before Start in node_modules/_egg-sequelize@5.2.0@egg-sequelize/lib/loader.js:39:7",
    "start": 1568084394972,
    "end": 1568084395222,
    "duration": 250,
    "pid": 2868,
    "index": 57
  },
  {
    "name": "Load Service",
    "start": 1568084394973,
    "end": 1568084394978,
    "duration": 5,
    "pid": 2868,
    "index": 58
  },
  {
    "name": "Load \"service\" to Context",
    "start": 1568084394973,
    "end": 1568084394978,
    "duration": 5,
    "pid": 2868,
    "index": 59
  },
  {
    "name": "Load Middleware",
    "start": 1568084394978,
    "end": 1568084395110,
    "duration": 132,
    "pid": 2868,
    "index": 60
  },
  {
    "name": "Load \"middlewares\" to Application",
    "start": 1568084394978,
    "end": 1568084395093,
    "duration": 115,
    "pid": 2868,
    "index": 61
  },
  {
    "name": "Load Controller",
    "start": 1568084395111,
    "end": 1568084395114,
    "duration": 3,
    "pid": 2868,
    "index": 62
  },
  {
    "name": "Load \"controller\" to Application",
    "start": 1568084395111,
    "end": 1568084395114,
    "duration": 3,
    "pid": 2868,
    "index": 63
  },
  {
    "name": "Load Router",
    "start": 1568084395114,
    "end": 1568084395117,
    "duration": 3,
    "pid": 2868,
    "index": 64
  },
  {
    "name": "Require(46) app/router.js",
    "start": 1568084395114,
    "end": 1568084395114,
    "duration": 0,
    "pid": 2868,
    "index": 65
  },
  {
    "name": "Before Start in node_modules/_egg-core@4.17.3@egg-core/lib/egg.js:303:10",
    "start": 1568084395115,
    "end": 1568084395140,
    "duration": 25,
    "pid": 2868,
    "index": 66
  }
]