[
  {
    "name": "Application Start",
    "start": 1568083804935,
    "end": 1568083806197,
    "duration": 1262,
    "pid": 8516,
    "index": 0
  },
  {
    "name": "Load Plugin",
    "start": 1568083804942,
    "end": 1568083804967,
    "duration": 25,
    "pid": 8516,
    "index": 1
  },
  {
    "name": "Load Config",
    "start": 1568083804967,
    "end": 1568083804994,
    "duration": 27,
    "pid": 8516,
    "index": 2
  },
  {
    "name": "Require(0) config/config.default.js",
    "start": 1568083804968,
    "end": 1568083804968,
    "duration": 0,
    "pid": 8516,
    "index": 3
  },
  {
    "name": "Require(1) node_modules/_egg-session@3.1.0@egg-session/config/config.default.js",
    "start": 1568083804970,
    "end": 1568083804971,
    "duration": 1,
    "pid": 8516,
    "index": 4
  },
  {
    "name": "Require(2) node_modules/_egg-security@2.6.1@egg-security/config/config.default.js",
    "start": 1568083804971,
    "end": 1568083804972,
    "duration": 1,
    "pid": 8516,
    "index": 5
  },
  {
    "name": "Require(3) node_modules/_egg-jsonp@2.0.0@egg-jsonp/config/config.default.js",
    "start": 1568083804973,
    "end": 1568083804973,
    "duration": 0,
    "pid": 8516,
    "index": 6
  },
  {
    "name": "Require(4) node_modules/_egg-onerror@2.1.0@egg-onerror/config/config.default.js",
    "start": 1568083804974,
    "end": 1568083804974,
    "duration": 0,
    "pid": 8516,
    "index": 7
  },
  {
    "name": "Require(5) node_modules/_egg-i18n@2.1.1@egg-i18n/config/config.default.js",
    "start": 1568083804975,
    "end": 1568083804975,
    "duration": 0,
    "pid": 8516,
    "index": 8
  },
  {
    "name": "Require(6) node_modules/_egg-watcher@3.1.0@egg-watcher/config/config.default.js",
    "start": 1568083804976,
    "end": 1568083804977,
    "duration": 1,
    "pid": 8516,
    "index": 9
  },
  {
    "name": "Require(7) node_modules/_egg-schedule@3.6.4@egg-schedule/config/config.default.js",
    "start": 1568083804977,
    "end": 1568083804978,
    "duration": 1,
    "pid": 8516,
    "index": 10
  },
  {
    "name": "Require(8) node_modules/_egg-multipart@2.9.0@egg-multipart/config/config.default.js",
    "start": 1568083804979,
    "end": 1568083804979,
    "duration": 0,
    "pid": 8516,
    "index": 11
  },
  {
    "name": "Require(9) node_modules/_egg-development@2.4.3@egg-development/config/config.default.js",
    "start": 1568083804980,
    "end": 1568083804980,
    "duration": 0,
    "pid": 8516,
    "index": 12
  },
  {
    "name": "Require(10) node_modules/_egg-logrotator@3.1.0@egg-logrotator/config/config.default.js",
    "start": 1568083804981,
    "end": 1568083804981,
    "duration": 0,
    "pid": 8516,
    "index": 13
  },
  {
    "name": "Require(11) node_modules/_egg-static@2.2.0@egg-static/config/config.default.js",
    "start": 1568083804982,
    "end": 1568083804982,
    "duration": 0,
    "pid": 8516,
    "index": 14
  },
  {
    "name": "Require(12) node_modules/_egg-view@2.1.2@egg-view/config/config.default.js",
    "start": 1568083804983,
    "end": 1568083804983,
    "duration": 0,
    "pid": 8516,
    "index": 15
  },
  {
    "name": "Require(13) node_modules/_egg-sequelize@5.2.0@egg-sequelize/config/config.default.js",
    "start": 1568083804984,
    "end": 1568083804984,
    "duration": 0,
    "pid": 8516,
    "index": 16
  },
  {
    "name": "Require(14) node_modules/_egg@2.23.0@egg/config/config.default.js",
    "start": 1568083804985,
    "end": 1568083804985,
    "duration": 0,
    "pid": 8516,
    "index": 17
  },
  {
    "name": "Require(15) config/config.default.js",
    "start": 1568083804987,
    "end": 1568083804987,
    "duration": 0,
    "pid": 8516,
    "index": 18
  },
  {
    "name": "Require(16) node_modules/_egg-security@2.6.1@egg-security/config/config.local.js",
    "start": 1568083804988,
    "end": 1568083804988,
    "duration": 0,
    "pid": 8516,
    "index": 19
  },
  {
    "name": "Require(17) node_modules/_egg-watcher@3.1.0@egg-watcher/config/config.local.js",
    "start": 1568083804990,
    "end": 1568083804990,
    "duration": 0,
    "pid": 8516,
    "index": 20
  },
  {
    "name": "Require(18) node_modules/_egg-view@2.1.2@egg-view/config/config.local.js",
    "start": 1568083804992,
    "end": 1568083804992,
    "duration": 0,
    "pid": 8516,
    "index": 21
  },
  {
    "name": "Require(19) node_modules/_egg@2.23.0@egg/config/config.local.js",
    "start": 1568083804993,
    "end": 1568083804993,
    "duration": 0,
    "pid": 8516,
    "index": 22
  },
  {
    "name": "Load extend/application.js",
    "start": 1568083804996,
    "end": 1568083805017,
    "duration": 21,
    "pid": 8516,
    "index": 23
  },
  {
    "name": "Require(20) node_modules/_egg-session@3.1.0@egg-session/app/extend/application.js",
    "start": 1568083804997,
    "end": 1568083804997,
    "duration": 0,
    "pid": 8516,
    "index": 24
  },
  {
    "name": "Require(21) node_modules/_egg-security@2.6.1@egg-security/app/extend/application.js",
    "start": 1568083804998,
    "end": 1568083805000,
    "duration": 2,
    "pid": 8516,
    "index": 25
  },
  {
    "name": "Require(22) node_modules/_egg-jsonp@2.0.0@egg-jsonp/app/extend/application.js",
    "start": 1568083805001,
    "end": 1568083805004,
    "duration": 3,
    "pid": 8516,
    "index": 26
  },
  {
    "name": "Require(23) node_modules/_egg-logrotator@3.1.0@egg-logrotator/app/extend/application.js",
    "start": 1568083805006,
    "end": 1568083805010,
    "duration": 4,
    "pid": 8516,
    "index": 27
  },
  {
    "name": "Require(24) node_modules/_egg-view@2.1.2@egg-view/app/extend/application.js",
    "start": 1568083805010,
    "end": 1568083805013,
    "duration": 3,
    "pid": 8516,
    "index": 28
  },
  {
    "name": "Load extend/request.js",
    "start": 1568083805017,
    "end": 1568083805026,
    "duration": 9,
    "pid": 8516,
    "index": 29
  },
  {
    "name": "Require(25) node_modules/_egg@2.23.0@egg/app/extend/request.js",
    "start": 1568083805020,
    "end": 1568083805023,
    "duration": 3,
    "pid": 8516,
    "index": 30
  },
  {
    "name": "Load extend/response.js",
    "start": 1568083805026,
    "end": 1568083805035,
    "duration": 9,
    "pid": 8516,
    "index": 31
  },
  {
    "name": "Require(26) node_modules/_egg@2.23.0@egg/app/extend/response.js",
    "start": 1568083805029,
    "end": 1568083805032,
    "duration": 3,
    "pid": 8516,
    "index": 32
  },
  {
    "name": "Load extend/context.js",
    "start": 1568083805035,
    "end": 1568083805143,
    "duration": 108,
    "pid": 8516,
    "index": 33
  },
  {
    "name": "Require(27) node_modules/_egg-security@2.6.1@egg-security/app/extend/context.js",
    "start": 1568083805036,
    "end": 1568083805056,
    "duration": 20,
    "pid": 8516,
    "index": 34
  },
  {
    "name": "Require(28) node_modules/_egg-jsonp@2.0.0@egg-jsonp/app/extend/context.js",
    "start": 1568083805057,
    "end": 1568083805059,
    "duration": 2,
    "pid": 8516,
    "index": 35
  },
  {
    "name": "Require(29) node_modules/_egg-i18n@2.1.1@egg-i18n/app/extend/context.js",
    "start": 1568083805060,
    "end": 1568083805060,
    "duration": 0,
    "pid": 8516,
    "index": 36
  },
  {
    "name": "Require(30) node_modules/_egg-multipart@2.9.0@egg-multipart/app/extend/context.js",
    "start": 1568083805062,
    "end": 1568083805132,
    "duration": 70,
    "pid": 8516,
    "index": 37
  },
  {
    "name": "Require(31) node_modules/_egg-view@2.1.2@egg-view/app/extend/context.js",
    "start": 1568083805133,
    "end": 1568083805135,
    "duration": 2,
    "pid": 8516,
    "index": 38
  },
  {
    "name": "Require(32) node_modules/_egg@2.23.0@egg/app/extend/context.js",
    "start": 1568083805136,
    "end": 1568083805140,
    "duration": 4,
    "pid": 8516,
    "index": 39
  },
  {
    "name": "Load extend/helper.js",
    "start": 1568083805143,
    "end": 1568083805180,
    "duration": 37,
    "pid": 8516,
    "index": 40
  },
  {
    "name": "Require(33) node_modules/_egg-security@2.6.1@egg-security/app/extend/helper.js",
    "start": 1568083805144,
    "end": 1568083805173,
    "duration": 29,
    "pid": 8516,
    "index": 41
  },
  {
    "name": "Require(34) node_modules/_egg@2.23.0@egg/app/extend/helper.js",
    "start": 1568083805176,
    "end": 1568083805176,
    "duration": 0,
    "pid": 8516,
    "index": 42
  },
  {
    "name": "Load app.js",
    "start": 1568083805180,
    "end": 1568083805236,
    "duration": 56,
    "pid": 8516,
    "index": 43
  },
  {
    "name": "Require(35) node_modules/_egg-session@3.1.0@egg-session/app.js",
    "start": 1568083805181,
    "end": 1568083805181,
    "duration": 0,
    "pid": 8516,
    "index": 44
  },
  {
    "name": "Require(36) node_modules/_egg-security@2.6.1@egg-security/app.js",
    "start": 1568083805182,
    "end": 1568083805185,
    "duration": 3,
    "pid": 8516,
    "index": 45
  },
  {
    "name": "Require(37) node_modules/_egg-onerror@2.1.0@egg-onerror/app.js",
    "start": 1568083805186,
    "end": 1568083805202,
    "duration": 16,
    "pid": 8516,
    "index": 46
  },
  {
    "name": "Require(38) node_modules/_egg-i18n@2.1.1@egg-i18n/app.js",
    "start": 1568083805202,
    "end": 1568083805215,
    "duration": 13,
    "pid": 8516,
    "index": 47
  },
  {
    "name": "Require(39) node_modules/_egg-watcher@3.1.0@egg-watcher/app.js",
    "start": 1568083805215,
    "end": 1568083805222,
    "duration": 7,
    "pid": 8516,
    "index": 48
  },
  {
    "name": "Require(40) node_modules/_egg-schedule@3.6.4@egg-schedule/app.js",
    "start": 1568083805223,
    "end": 1568083805226,
    "duration": 3,
    "pid": 8516,
    "index": 49
  },
  {
    "name": "Require(41) node_modules/_egg-multipart@2.9.0@egg-multipart/app.js",
    "start": 1568083805227,
    "end": 1568083805231,
    "duration": 4,
    "pid": 8516,
    "index": 50
  },
  {
    "name": "Require(42) node_modules/_egg-development@2.4.3@egg-development/app.js",
    "start": 1568083805231,
    "end": 1568083805232,
    "duration": 1,
    "pid": 8516,
    "index": 51
  },
  {
    "name": "Require(43) node_modules/_egg-logrotator@3.1.0@egg-logrotator/app.js",
    "start": 1568083805232,
    "end": 1568083805232,
    "duration": 0,
    "pid": 8516,
    "index": 52
  },
  {
    "name": "Require(44) node_modules/_egg-static@2.2.0@egg-static/app.js",
    "start": 1568083805233,
    "end": 1568083805233,
    "duration": 0,
    "pid": 8516,
    "index": 53
  },
  {
    "name": "Require(45) node_modules/_egg-sequelize@5.2.0@egg-sequelize/app.js",
    "start": 1568083805234,
    "end": 1568083805234,
    "duration": 0,
    "pid": 8516,
    "index": 54
  },
  {
    "name": "Before Start in node_modules/_egg-watcher@3.1.0@egg-watcher/lib/init.js:15:14",
    "start": 1568083805251,
    "end": 1568083806150,
    "duration": 899,
    "pid": 8516,
    "index": 55
  },
  {
    "name": "Load \"Symbol(model)\" to Application",
    "start": 1568083805883,
    "end": 1568083805898,
    "duration": 15,
    "pid": 8516,
    "index": 56
  },
  {
    "name": "Before Start in node_modules/_egg-sequelize@5.2.0@egg-sequelize/lib/loader.js:39:7",
    "start": 1568083805898,
    "end": 1568083806196,
    "duration": 298,
    "pid": 8516,
    "index": 57
  },
  {
    "name": "Load Service",
    "start": 1568083805898,
    "end": 1568083805903,
    "duration": 5,
    "pid": 8516,
    "index": 58
  },
  {
    "name": "Load \"service\" to Context",
    "start": 1568083805898,
    "end": 1568083805903,
    "duration": 5,
    "pid": 8516,
    "index": 59
  },
  {
    "name": "Load Middleware",
    "start": 1568083805904,
    "end": 1568083806061,
    "duration": 157,
    "pid": 8516,
    "index": 60
  },
  {
    "name": "Load \"middlewares\" to Application",
    "start": 1568083805904,
    "end": 1568083806043,
    "duration": 139,
    "pid": 8516,
    "index": 61
  },
  {
    "name": "Load Controller",
    "start": 1568083806061,
    "end": 1568083806064,
    "duration": 3,
    "pid": 8516,
    "index": 62
  },
  {
    "name": "Load \"controller\" to Application",
    "start": 1568083806061,
    "end": 1568083806064,
    "duration": 3,
    "pid": 8516,
    "index": 63
  },
  {
    "name": "Load Router",
    "start": 1568083806064,
    "end": 1568083806069,
    "duration": 5,
    "pid": 8516,
    "index": 64
  },
  {
    "name": "Require(46) app/router.js",
    "start": 1568083806065,
    "end": 1568083806065,
    "duration": 0,
    "pid": 8516,
    "index": 65
  },
  {
    "name": "Before Start in node_modules/_egg-core@4.17.3@egg-core/lib/egg.js:303:10",
    "start": 1568083806066,
    "end": 1568083806092,
    "duration": 26,
    "pid": 8516,
    "index": 66
  }
]