[
  {
    "name": "Application Start",
    "start": 1568084286936,
    "end": 1568084288039,
    "duration": 1103,
    "pid": 7004,
    "index": 0
  },
  {
    "name": "Load Plugin",
    "start": 1568084286943,
    "end": 1568084286969,
    "duration": 26,
    "pid": 7004,
    "index": 1
  },
  {
    "name": "Load Config",
    "start": 1568084286969,
    "end": 1568084286998,
    "duration": 29,
    "pid": 7004,
    "index": 2
  },
  {
    "name": "Require(0) config/config.default.js",
    "start": 1568084286971,
    "end": 1568084286971,
    "duration": 0,
    "pid": 7004,
    "index": 3
  },
  {
    "name": "Require(1) node_modules/_egg-session@3.1.0@egg-session/config/config.default.js",
    "start": 1568084286974,
    "end": 1568084286974,
    "duration": 0,
    "pid": 7004,
    "index": 4
  },
  {
    "name": "Require(2) node_modules/_egg-security@2.6.1@egg-security/config/config.default.js",
    "start": 1568084286975,
    "end": 1568084286975,
    "duration": 0,
    "pid": 7004,
    "index": 5
  },
  {
    "name": "Require(3) node_modules/_egg-jsonp@2.0.0@egg-jsonp/config/config.default.js",
    "start": 1568084286976,
    "end": 1568084286977,
    "duration": 1,
    "pid": 7004,
    "index": 6
  },
  {
    "name": "Require(4) node_modules/_egg-onerror@2.1.0@egg-onerror/config/config.default.js",
    "start": 1568084286977,
    "end": 1568084286978,
    "duration": 1,
    "pid": 7004,
    "index": 7
  },
  {
    "name": "Require(5) node_modules/_egg-i18n@2.1.1@egg-i18n/config/config.default.js",
    "start": 1568084286978,
    "end": 1568084286979,
    "duration": 1,
    "pid": 7004,
    "index": 8
  },
  {
    "name": "Require(6) node_modules/_egg-watcher@3.1.0@egg-watcher/config/config.default.js",
    "start": 1568084286979,
    "end": 1568084286980,
    "duration": 1,
    "pid": 7004,
    "index": 9
  },
  {
    "name": "Require(7) node_modules/_egg-schedule@3.6.4@egg-schedule/config/config.default.js",
    "start": 1568084286980,
    "end": 1568084286981,
    "duration": 1,
    "pid": 7004,
    "index": 10
  },
  {
    "name": "Require(8) node_modules/_egg-multipart@2.9.0@egg-multipart/config/config.default.js",
    "start": 1568084286982,
    "end": 1568084286982,
    "duration": 0,
    "pid": 7004,
    "index": 11
  },
  {
    "name": "Require(9) node_modules/_egg-development@2.4.3@egg-development/config/config.default.js",
    "start": 1568084286983,
    "end": 1568084286983,
    "duration": 0,
    "pid": 7004,
    "index": 12
  },
  {
    "name": "Require(10) node_modules/_egg-logrotator@3.1.0@egg-logrotator/config/config.default.js",
    "start": 1568084286984,
    "end": 1568084286984,
    "duration": 0,
    "pid": 7004,
    "index": 13
  },
  {
    "name": "Require(11) node_modules/_egg-static@2.2.0@egg-static/config/config.default.js",
    "start": 1568084286985,
    "end": 1568084286985,
    "duration": 0,
    "pid": 7004,
    "index": 14
  },
  {
    "name": "Require(12) node_modules/_egg-view@2.1.2@egg-view/config/config.default.js",
    "start": 1568084286986,
    "end": 1568084286986,
    "duration": 0,
    "pid": 7004,
    "index": 15
  },
  {
    "name": "Require(13) node_modules/_egg-sequelize@5.2.0@egg-sequelize/config/config.default.js",
    "start": 1568084286987,
    "end": 1568084286987,
    "duration": 0,
    "pid": 7004,
    "index": 16
  },
  {
    "name": "Require(14) node_modules/_egg@2.23.0@egg/config/config.default.js",
    "start": 1568084286988,
    "end": 1568084286989,
    "duration": 1,
    "pid": 7004,
    "index": 17
  },
  {
    "name": "Require(15) config/config.default.js",
    "start": 1568084286991,
    "end": 1568084286991,
    "duration": 0,
    "pid": 7004,
    "index": 18
  },
  {
    "name": "Require(16) node_modules/_egg-security@2.6.1@egg-security/config/config.local.js",
    "start": 1568084286991,
    "end": 1568084286992,
    "duration": 1,
    "pid": 7004,
    "index": 19
  },
  {
    "name": "Require(17) node_modules/_egg-watcher@3.1.0@egg-watcher/config/config.local.js",
    "start": 1568084286994,
    "end": 1568084286994,
    "duration": 0,
    "pid": 7004,
    "index": 20
  },
  {
    "name": "Require(18) node_modules/_egg-view@2.1.2@egg-view/config/config.local.js",
    "start": 1568084286996,
    "end": 1568084286996,
    "duration": 0,
    "pid": 7004,
    "index": 21
  },
  {
    "name": "Require(19) node_modules/_egg@2.23.0@egg/config/config.local.js",
    "start": 1568084286997,
    "end": 1568084286997,
    "duration": 0,
    "pid": 7004,
    "index": 22
  },
  {
    "name": "Load extend/application.js",
    "start": 1568084286999,
    "end": 1568084287020,
    "duration": 21,
    "pid": 7004,
    "index": 23
  },
  {
    "name": "Require(20) node_modules/_egg-session@3.1.0@egg-session/app/extend/application.js",
    "start": 1568084287000,
    "end": 1568084287001,
    "duration": 1,
    "pid": 7004,
    "index": 24
  },
  {
    "name": "Require(21) node_modules/_egg-security@2.6.1@egg-security/app/extend/application.js",
    "start": 1568084287002,
    "end": 1568084287004,
    "duration": 2,
    "pid": 7004,
    "index": 25
  },
  {
    "name": "Require(22) node_modules/_egg-jsonp@2.0.0@egg-jsonp/app/extend/application.js",
    "start": 1568084287004,
    "end": 1568084287007,
    "duration": 3,
    "pid": 7004,
    "index": 26
  },
  {
    "name": "Require(23) node_modules/_egg-logrotator@3.1.0@egg-logrotator/app/extend/application.js",
    "start": 1568084287009,
    "end": 1568084287013,
    "duration": 4,
    "pid": 7004,
    "index": 27
  },
  {
    "name": "Require(24) node_modules/_egg-view@2.1.2@egg-view/app/extend/application.js",
    "start": 1568084287014,
    "end": 1568084287016,
    "duration": 2,
    "pid": 7004,
    "index": 28
  },
  {
    "name": "Load extend/request.js",
    "start": 1568084287020,
    "end": 1568084287029,
    "duration": 9,
    "pid": 7004,
    "index": 29
  },
  {
    "name": "Require(25) node_modules/_egg@2.23.0@egg/app/extend/request.js",
    "start": 1568084287023,
    "end": 1568084287025,
    "duration": 2,
    "pid": 7004,
    "index": 30
  },
  {
    "name": "Load extend/response.js",
    "start": 1568084287029,
    "end": 1568084287039,
    "duration": 10,
    "pid": 7004,
    "index": 31
  },
  {
    "name": "Require(26) node_modules/_egg@2.23.0@egg/app/extend/response.js",
    "start": 1568084287032,
    "end": 1568084287035,
    "duration": 3,
    "pid": 7004,
    "index": 32
  },
  {
    "name": "Load extend/context.js",
    "start": 1568084287039,
    "end": 1568084287149,
    "duration": 110,
    "pid": 7004,
    "index": 33
  },
  {
    "name": "Require(27) node_modules/_egg-security@2.6.1@egg-security/app/extend/context.js",
    "start": 1568084287040,
    "end": 1568084287059,
    "duration": 19,
    "pid": 7004,
    "index": 34
  },
  {
    "name": "Require(28) node_modules/_egg-jsonp@2.0.0@egg-jsonp/app/extend/context.js",
    "start": 1568084287060,
    "end": 1568084287062,
    "duration": 2,
    "pid": 7004,
    "index": 35
  },
  {
    "name": "Require(29) node_modules/_egg-i18n@2.1.1@egg-i18n/app/extend/context.js",
    "start": 1568084287063,
    "end": 1568084287064,
    "duration": 1,
    "pid": 7004,
    "index": 36
  },
  {
    "name": "Require(30) node_modules/_egg-multipart@2.9.0@egg-multipart/app/extend/context.js",
    "start": 1568084287065,
    "end": 1568084287139,
    "duration": 74,
    "pid": 7004,
    "index": 37
  },
  {
    "name": "Require(31) node_modules/_egg-view@2.1.2@egg-view/app/extend/context.js",
    "start": 1568084287140,
    "end": 1568084287141,
    "duration": 1,
    "pid": 7004,
    "index": 38
  },
  {
    "name": "Require(32) node_modules/_egg@2.23.0@egg/app/extend/context.js",
    "start": 1568084287142,
    "end": 1568084287145,
    "duration": 3,
    "pid": 7004,
    "index": 39
  },
  {
    "name": "Load extend/helper.js",
    "start": 1568084287150,
    "end": 1568084287187,
    "duration": 37,
    "pid": 7004,
    "index": 40
  },
  {
    "name": "Require(33) node_modules/_egg-security@2.6.1@egg-security/app/extend/helper.js",
    "start": 1568084287150,
    "end": 1568084287180,
    "duration": 30,
    "pid": 7004,
    "index": 41
  },
  {
    "name": "Require(34) node_modules/_egg@2.23.0@egg/app/extend/helper.js",
    "start": 1568084287183,
    "end": 1568084287184,
    "duration": 1,
    "pid": 7004,
    "index": 42
  },
  {
    "name": "Load app.js",
    "start": 1568084287188,
    "end": 1568084287243,
    "duration": 55,
    "pid": 7004,
    "index": 43
  },
  {
    "name": "Require(35) node_modules/_egg-session@3.1.0@egg-session/app.js",
    "start": 1568084287188,
    "end": 1568084287189,
    "duration": 1,
    "pid": 7004,
    "index": 44
  },
  {
    "name": "Require(36) node_modules/_egg-security@2.6.1@egg-security/app.js",
    "start": 1568084287189,
    "end": 1568084287192,
    "duration": 3,
    "pid": 7004,
    "index": 45
  },
  {
    "name": "Require(37) node_modules/_egg-onerror@2.1.0@egg-onerror/app.js",
    "start": 1568084287193,
    "end": 1568084287209,
    "duration": 16,
    "pid": 7004,
    "index": 46
  },
  {
    "name": "Require(38) node_modules/_egg-i18n@2.1.1@egg-i18n/app.js",
    "start": 1568084287209,
    "end": 1568084287222,
    "duration": 13,
    "pid": 7004,
    "index": 47
  },
  {
    "name": "Require(39) node_modules/_egg-watcher@3.1.0@egg-watcher/app.js",
    "start": 1568084287222,
    "end": 1568084287229,
    "duration": 7,
    "pid": 7004,
    "index": 48
  },
  {
    "name": "Require(40) node_modules/_egg-schedule@3.6.4@egg-schedule/app.js",
    "start": 1568084287229,
    "end": 1568084287232,
    "duration": 3,
    "pid": 7004,
    "index": 49
  },
  {
    "name": "Require(41) node_modules/_egg-multipart@2.9.0@egg-multipart/app.js",
    "start": 1568084287233,
    "end": 1568084287237,
    "duration": 4,
    "pid": 7004,
    "index": 50
  },
  {
    "name": "Require(42) node_modules/_egg-development@2.4.3@egg-development/app.js",
    "start": 1568084287238,
    "end": 1568084287239,
    "duration": 1,
    "pid": 7004,
    "index": 51
  },
  {
    "name": "Require(43) node_modules/_egg-logrotator@3.1.0@egg-logrotator/app.js",
    "start": 1568084287239,
    "end": 1568084287239,
    "duration": 0,
    "pid": 7004,
    "index": 52
  },
  {
    "name": "Require(44) node_modules/_egg-static@2.2.0@egg-static/app.js",
    "start": 1568084287240,
    "end": 1568084287240,
    "duration": 0,
    "pid": 7004,
    "index": 53
  },
  {
    "name": "Require(45) node_modules/_egg-sequelize@5.2.0@egg-sequelize/app.js",
    "start": 1568084287241,
    "end": 1568084287241,
    "duration": 0,
    "pid": 7004,
    "index": 54
  },
  {
    "name": "Before Start in node_modules/_egg-watcher@3.1.0@egg-watcher/lib/init.js:15:14",
    "start": 1568084287258,
    "end": 1568084288002,
    "duration": 744,
    "pid": 7004,
    "index": 55
  },
  {
    "name": "Load \"Symbol(model)\" to Application",
    "start": 1568084287769,
    "end": 1568084287780,
    "duration": 11,
    "pid": 7004,
    "index": 56
  },
  {
    "name": "Before Start in node_modules/_egg-sequelize@5.2.0@egg-sequelize/lib/loader.js:39:7",
    "start": 1568084287780,
    "end": 1568084288038,
    "duration": 258,
    "pid": 7004,
    "index": 57
  },
  {
    "name": "Load Service",
    "start": 1568084287781,
    "end": 1568084287786,
    "duration": 5,
    "pid": 7004,
    "index": 58
  },
  {
    "name": "Load \"service\" to Context",
    "start": 1568084287781,
    "end": 1568084287786,
    "duration": 5,
    "pid": 7004,
    "index": 59
  },
  {
    "name": "Load Middleware",
    "start": 1568084287786,
    "end": 1568084287922,
    "duration": 136,
    "pid": 7004,
    "index": 60
  },
  {
    "name": "Load \"middlewares\" to Application",
    "start": 1568084287786,
    "end": 1568084287905,
    "duration": 119,
    "pid": 7004,
    "index": 61
  },
  {
    "name": "Load Controller",
    "start": 1568084287923,
    "end": 1568084287925,
    "duration": 2,
    "pid": 7004,
    "index": 62
  },
  {
    "name": "Load \"controller\" to Application",
    "start": 1568084287923,
    "end": 1568084287925,
    "duration": 2,
    "pid": 7004,
    "index": 63
  },
  {
    "name": "Load Router",
    "start": 1568084287925,
    "end": 1568084287928,
    "duration": 3,
    "pid": 7004,
    "index": 64
  },
  {
    "name": "Require(46) app/router.js",
    "start": 1568084287926,
    "end": 1568084287926,
    "duration": 0,
    "pid": 7004,
    "index": 65
  },
  {
    "name": "Before Start in node_modules/_egg-core@4.17.3@egg-core/lib/egg.js:303:10",
    "start": 1568084287927,
    "end": 1568084287950,
    "duration": 23,
    "pid": 7004,
    "index": 66
  }
]