[
  {
    "name": "Application Start",
    "start": 1568083868586,
    "end": 1568083869859,
    "duration": 1273,
    "pid": 5696,
    "index": 0
  },
  {
    "name": "Load Plugin",
    "start": 1568083868594,
    "end": 1568083868628,
    "duration": 34,
    "pid": 5696,
    "index": 1
  },
  {
    "name": "Load Config",
    "start": 1568083868628,
    "end": 1568083868660,
    "duration": 32,
    "pid": 5696,
    "index": 2
  },
  {
    "name": "Require(0) config/config.default.js",
    "start": 1568083868629,
    "end": 1568083868630,
    "duration": 1,
    "pid": 5696,
    "index": 3
  },
  {
    "name": "Require(1) node_modules/_egg-session@3.1.0@egg-session/config/config.default.js",
    "start": 1568083868632,
    "end": 1568083868633,
    "duration": 1,
    "pid": 5696,
    "index": 4
  },
  {
    "name": "Require(2) node_modules/_egg-security@2.6.1@egg-security/config/config.default.js",
    "start": 1568083868634,
    "end": 1568083868634,
    "duration": 0,
    "pid": 5696,
    "index": 5
  },
  {
    "name": "Require(3) node_modules/_egg-jsonp@2.0.0@egg-jsonp/config/config.default.js",
    "start": 1568083868636,
    "end": 1568083868636,
    "duration": 0,
    "pid": 5696,
    "index": 6
  },
  {
    "name": "Require(4) node_modules/_egg-onerror@2.1.0@egg-onerror/config/config.default.js",
    "start": 1568083868637,
    "end": 1568083868637,
    "duration": 0,
    "pid": 5696,
    "index": 7
  },
  {
    "name": "Require(5) node_modules/_egg-i18n@2.1.1@egg-i18n/config/config.default.js",
    "start": 1568083868638,
    "end": 1568083868638,
    "duration": 0,
    "pid": 5696,
    "index": 8
  },
  {
    "name": "Require(6) node_modules/_egg-watcher@3.1.0@egg-watcher/config/config.default.js",
    "start": 1568083868639,
    "end": 1568083868640,
    "duration": 1,
    "pid": 5696,
    "index": 9
  },
  {
    "name": "Require(7) node_modules/_egg-schedule@3.6.4@egg-schedule/config/config.default.js",
    "start": 1568083868640,
    "end": 1568083868641,
    "duration": 1,
    "pid": 5696,
    "index": 10
  },
  {
    "name": "Require(8) node_modules/_egg-multipart@2.9.0@egg-multipart/config/config.default.js",
    "start": 1568083868642,
    "end": 1568083868642,
    "duration": 0,
    "pid": 5696,
    "index": 11
  },
  {
    "name": "Require(9) node_modules/_egg-development@2.4.3@egg-development/config/config.default.js",
    "start": 1568083868643,
    "end": 1568083868643,
    "duration": 0,
    "pid": 5696,
    "index": 12
  },
  {
    "name": "Require(10) node_modules/_egg-logrotator@3.1.0@egg-logrotator/config/config.default.js",
    "start": 1568083868644,
    "end": 1568083868644,
    "duration": 0,
    "pid": 5696,
    "index": 13
  },
  {
    "name": "Require(11) node_modules/_egg-static@2.2.0@egg-static/config/config.default.js",
    "start": 1568083868645,
    "end": 1568083868645,
    "duration": 0,
    "pid": 5696,
    "index": 14
  },
  {
    "name": "Require(12) node_modules/_egg-view@2.1.2@egg-view/config/config.default.js",
    "start": 1568083868646,
    "end": 1568083868647,
    "duration": 1,
    "pid": 5696,
    "index": 15
  },
  {
    "name": "Require(13) node_modules/_egg-sequelize@5.2.0@egg-sequelize/config/config.default.js",
    "start": 1568083868647,
    "end": 1568083868648,
    "duration": 1,
    "pid": 5696,
    "index": 16
  },
  {
    "name": "Require(14) node_modules/_egg@2.23.0@egg/config/config.default.js",
    "start": 1568083868649,
    "end": 1568083868649,
    "duration": 0,
    "pid": 5696,
    "index": 17
  },
  {
    "name": "Require(15) config/config.default.js",
    "start": 1568083868651,
    "end": 1568083868651,
    "duration": 0,
    "pid": 5696,
    "index": 18
  },
  {
    "name": "Require(16) node_modules/_egg-security@2.6.1@egg-security/config/config.local.js",
    "start": 1568083868652,
    "end": 1568083868652,
    "duration": 0,
    "pid": 5696,
    "index": 19
  },
  {
    "name": "Require(17) node_modules/_egg-watcher@3.1.0@egg-watcher/config/config.local.js",
    "start": 1568083868655,
    "end": 1568083868655,
    "duration": 0,
    "pid": 5696,
    "index": 20
  },
  {
    "name": "Require(18) node_modules/_egg-view@2.1.2@egg-view/config/config.local.js",
    "start": 1568083868658,
    "end": 1568083868658,
    "duration": 0,
    "pid": 5696,
    "index": 21
  },
  {
    "name": "Require(19) node_modules/_egg@2.23.0@egg/config/config.local.js",
    "start": 1568083868660,
    "end": 1568083868660,
    "duration": 0,
    "pid": 5696,
    "index": 22
  },
  {
    "name": "Load extend/application.js",
    "start": 1568083868663,
    "end": 1568083868687,
    "duration": 24,
    "pid": 5696,
    "index": 23
  },
  {
    "name": "Require(20) node_modules/_egg-session@3.1.0@egg-session/app/extend/application.js",
    "start": 1568083868664,
    "end": 1568083868665,
    "duration": 1,
    "pid": 5696,
    "index": 24
  },
  {
    "name": "Require(21) node_modules/_egg-security@2.6.1@egg-security/app/extend/application.js",
    "start": 1568083868666,
    "end": 1568083868669,
    "duration": 3,
    "pid": 5696,
    "index": 25
  },
  {
    "name": "Require(22) node_modules/_egg-jsonp@2.0.0@egg-jsonp/app/extend/application.js",
    "start": 1568083868669,
    "end": 1568083868672,
    "duration": 3,
    "pid": 5696,
    "index": 26
  },
  {
    "name": "Require(23) node_modules/_egg-logrotator@3.1.0@egg-logrotator/app/extend/application.js",
    "start": 1568083868674,
    "end": 1568083868678,
    "duration": 4,
    "pid": 5696,
    "index": 27
  },
  {
    "name": "Require(24) node_modules/_egg-view@2.1.2@egg-view/app/extend/application.js",
    "start": 1568083868679,
    "end": 1568083868682,
    "duration": 3,
    "pid": 5696,
    "index": 28
  },
  {
    "name": "Load extend/request.js",
    "start": 1568083868687,
    "end": 1568083868697,
    "duration": 10,
    "pid": 5696,
    "index": 29
  },
  {
    "name": "Require(25) node_modules/_egg@2.23.0@egg/app/extend/request.js",
    "start": 1568083868691,
    "end": 1568083868693,
    "duration": 2,
    "pid": 5696,
    "index": 30
  },
  {
    "name": "Load extend/response.js",
    "start": 1568083868697,
    "end": 1568083868708,
    "duration": 11,
    "pid": 5696,
    "index": 31
  },
  {
    "name": "Require(26) node_modules/_egg@2.23.0@egg/app/extend/response.js",
    "start": 1568083868700,
    "end": 1568083868704,
    "duration": 4,
    "pid": 5696,
    "index": 32
  },
  {
    "name": "Load extend/context.js",
    "start": 1568083868708,
    "end": 1568083868840,
    "duration": 132,
    "pid": 5696,
    "index": 33
  },
  {
    "name": "Require(27) node_modules/_egg-security@2.6.1@egg-security/app/extend/context.js",
    "start": 1568083868709,
    "end": 1568083868731,
    "duration": 22,
    "pid": 5696,
    "index": 34
  },
  {
    "name": "Require(28) node_modules/_egg-jsonp@2.0.0@egg-jsonp/app/extend/context.js",
    "start": 1568083868732,
    "end": 1568083868735,
    "duration": 3,
    "pid": 5696,
    "index": 35
  },
  {
    "name": "Require(29) node_modules/_egg-i18n@2.1.1@egg-i18n/app/extend/context.js",
    "start": 1568083868735,
    "end": 1568083868736,
    "duration": 1,
    "pid": 5696,
    "index": 36
  },
  {
    "name": "Require(30) node_modules/_egg-multipart@2.9.0@egg-multipart/app/extend/context.js",
    "start": 1568083868738,
    "end": 1568083868829,
    "duration": 91,
    "pid": 5696,
    "index": 37
  },
  {
    "name": "Require(31) node_modules/_egg-view@2.1.2@egg-view/app/extend/context.js",
    "start": 1568083868830,
    "end": 1568083868831,
    "duration": 1,
    "pid": 5696,
    "index": 38
  },
  {
    "name": "Require(32) node_modules/_egg@2.23.0@egg/app/extend/context.js",
    "start": 1568083868832,
    "end": 1568083868836,
    "duration": 4,
    "pid": 5696,
    "index": 39
  },
  {
    "name": "Load extend/helper.js",
    "start": 1568083868840,
    "end": 1568083868883,
    "duration": 43,
    "pid": 5696,
    "index": 40
  },
  {
    "name": "Require(33) node_modules/_egg-security@2.6.1@egg-security/app/extend/helper.js",
    "start": 1568083868841,
    "end": 1568083868875,
    "duration": 34,
    "pid": 5696,
    "index": 41
  },
  {
    "name": "Require(34) node_modules/_egg@2.23.0@egg/app/extend/helper.js",
    "start": 1568083868878,
    "end": 1568083868879,
    "duration": 1,
    "pid": 5696,
    "index": 42
  },
  {
    "name": "Load app.js",
    "start": 1568083868883,
    "end": 1568083868946,
    "duration": 63,
    "pid": 5696,
    "index": 43
  },
  {
    "name": "Require(35) node_modules/_egg-session@3.1.0@egg-session/app.js",
    "start": 1568083868884,
    "end": 1568083868884,
    "duration": 0,
    "pid": 5696,
    "index": 44
  },
  {
    "name": "Require(36) node_modules/_egg-security@2.6.1@egg-security/app.js",
    "start": 1568083868885,
    "end": 1568083868888,
    "duration": 3,
    "pid": 5696,
    "index": 45
  },
  {
    "name": "Require(37) node_modules/_egg-onerror@2.1.0@egg-onerror/app.js",
    "start": 1568083868889,
    "end": 1568083868906,
    "duration": 17,
    "pid": 5696,
    "index": 46
  },
  {
    "name": "Require(38) node_modules/_egg-i18n@2.1.1@egg-i18n/app.js",
    "start": 1568083868906,
    "end": 1568083868919,
    "duration": 13,
    "pid": 5696,
    "index": 47
  },
  {
    "name": "Require(39) node_modules/_egg-watcher@3.1.0@egg-watcher/app.js",
    "start": 1568083868920,
    "end": 1568083868928,
    "duration": 8,
    "pid": 5696,
    "index": 48
  },
  {
    "name": "Require(40) node_modules/_egg-schedule@3.6.4@egg-schedule/app.js",
    "start": 1568083868929,
    "end": 1568083868932,
    "duration": 3,
    "pid": 5696,
    "index": 49
  },
  {
    "name": "Require(41) node_modules/_egg-multipart@2.9.0@egg-multipart/app.js",
    "start": 1568083868932,
    "end": 1568083868938,
    "duration": 6,
    "pid": 5696,
    "index": 50
  },
  {
    "name": "Require(42) node_modules/_egg-development@2.4.3@egg-development/app.js",
    "start": 1568083868939,
    "end": 1568083868940,
    "duration": 1,
    "pid": 5696,
    "index": 51
  },
  {
    "name": "Require(43) node_modules/_egg-logrotator@3.1.0@egg-logrotator/app.js",
    "start": 1568083868941,
    "end": 1568083868941,
    "duration": 0,
    "pid": 5696,
    "index": 52
  },
  {
    "name": "Require(44) node_modules/_egg-static@2.2.0@egg-static/app.js",
    "start": 1568083868942,
    "end": 1568083868943,
    "duration": 1,
    "pid": 5696,
    "index": 53
  },
  {
    "name": "Require(45) node_modules/_egg-sequelize@5.2.0@egg-sequelize/app.js",
    "start": 1568083868944,
    "end": 1568083868944,
    "duration": 0,
    "pid": 5696,
    "index": 54
  },
  {
    "name": "Before Start in node_modules/_egg-watcher@3.1.0@egg-watcher/lib/init.js:15:14",
    "start": 1568083868963,
    "end": 1568083869820,
    "duration": 857,
    "pid": 5696,
    "index": 55
  },
  {
    "name": "Load \"Symbol(model)\" to Application",
    "start": 1568083869580,
    "end": 1568083869596,
    "duration": 16,
    "pid": 5696,
    "index": 56
  },
  {
    "name": "Before Start in node_modules/_egg-sequelize@5.2.0@egg-sequelize/lib/loader.js:39:7",
    "start": 1568083869596,
    "end": 1568083869859,
    "duration": 263,
    "pid": 5696,
    "index": 57
  },
  {
    "name": "Load Service",
    "start": 1568083869596,
    "end": 1568083869602,
    "duration": 6,
    "pid": 5696,
    "index": 58
  },
  {
    "name": "Load \"service\" to Context",
    "start": 1568083869596,
    "end": 1568083869602,
    "duration": 6,
    "pid": 5696,
    "index": 59
  },
  {
    "name": "Load Middleware",
    "start": 1568083869602,
    "end": 1568083869733,
    "duration": 131,
    "pid": 5696,
    "index": 60
  },
  {
    "name": "Load \"middlewares\" to Application",
    "start": 1568083869602,
    "end": 1568083869714,
    "duration": 112,
    "pid": 5696,
    "index": 61
  },
  {
    "name": "Load Controller",
    "start": 1568083869733,
    "end": 1568083869737,
    "duration": 4,
    "pid": 5696,
    "index": 62
  },
  {
    "name": "Load \"controller\" to Application",
    "start": 1568083869733,
    "end": 1568083869737,
    "duration": 4,
    "pid": 5696,
    "index": 63
  },
  {
    "name": "Load Router",
    "start": 1568083869737,
    "end": 1568083869740,
    "duration": 3,
    "pid": 5696,
    "index": 64
  },
  {
    "name": "Require(46) app/router.js",
    "start": 1568083869737,
    "end": 1568083869738,
    "duration": 1,
    "pid": 5696,
    "index": 65
  },
  {
    "name": "Before Start in node_modules/_egg-core@4.17.3@egg-core/lib/egg.js:303:10",
    "start": 1568083869738,
    "end": 1568083869761,
    "duration": 23,
    "pid": 5696,
    "index": 66
  }
]