[
  {
    "name": "Application Start",
    "start": 1568083754413,
    "end": 1568083755558,
    "duration": 1145,
    "pid": 7108,
    "index": 0
  },
  {
    "name": "Load Plugin",
    "start": 1568083754419,
    "end": 1568083754444,
    "duration": 25,
    "pid": 7108,
    "index": 1
  },
  {
    "name": "Load Config",
    "start": 1568083754444,
    "end": 1568083754474,
    "duration": 30,
    "pid": 7108,
    "index": 2
  },
  {
    "name": "Require(0) config/config.default.js",
    "start": 1568083754445,
    "end": 1568083754445,
    "duration": 0,
    "pid": 7108,
    "index": 3
  },
  {
    "name": "Require(1) node_modules/_egg-session@3.1.0@egg-session/config/config.default.js",
    "start": 1568083754447,
    "end": 1568083754448,
    "duration": 1,
    "pid": 7108,
    "index": 4
  },
  {
    "name": "Require(2) node_modules/_egg-security@2.6.1@egg-security/config/config.default.js",
    "start": 1568083754449,
    "end": 1568083754450,
    "duration": 1,
    "pid": 7108,
    "index": 5
  },
  {
    "name": "Require(3) node_modules/_egg-jsonp@2.0.0@egg-jsonp/config/config.default.js",
    "start": 1568083754452,
    "end": 1568083754452,
    "duration": 0,
    "pid": 7108,
    "index": 6
  },
  {
    "name": "Require(4) node_modules/_egg-onerror@2.1.0@egg-onerror/config/config.default.js",
    "start": 1568083754453,
    "end": 1568083754453,
    "duration": 0,
    "pid": 7108,
    "index": 7
  },
  {
    "name": "Require(5) node_modules/_egg-i18n@2.1.1@egg-i18n/config/config.default.js",
    "start": 1568083754454,
    "end": 1568083754454,
    "duration": 0,
    "pid": 7108,
    "index": 8
  },
  {
    "name": "Require(6) node_modules/_egg-watcher@3.1.0@egg-watcher/config/config.default.js",
    "start": 1568083754455,
    "end": 1568083754455,
    "duration": 0,
    "pid": 7108,
    "index": 9
  },
  {
    "name": "Require(7) node_modules/_egg-schedule@3.6.4@egg-schedule/config/config.default.js",
    "start": 1568083754456,
    "end": 1568083754456,
    "duration": 0,
    "pid": 7108,
    "index": 10
  },
  {
    "name": "Require(8) node_modules/_egg-multipart@2.9.0@egg-multipart/config/config.default.js",
    "start": 1568083754457,
    "end": 1568083754458,
    "duration": 1,
    "pid": 7108,
    "index": 11
  },
  {
    "name": "Require(9) node_modules/_egg-development@2.4.3@egg-development/config/config.default.js",
    "start": 1568083754458,
    "end": 1568083754459,
    "duration": 1,
    "pid": 7108,
    "index": 12
  },
  {
    "name": "Require(10) node_modules/_egg-logrotator@3.1.0@egg-logrotator/config/config.default.js",
    "start": 1568083754459,
    "end": 1568083754460,
    "duration": 1,
    "pid": 7108,
    "index": 13
  },
  {
    "name": "Require(11) node_modules/_egg-static@2.2.0@egg-static/config/config.default.js",
    "start": 1568083754461,
    "end": 1568083754461,
    "duration": 0,
    "pid": 7108,
    "index": 14
  },
  {
    "name": "Require(12) node_modules/_egg-view@2.1.2@egg-view/config/config.default.js",
    "start": 1568083754462,
    "end": 1568083754462,
    "duration": 0,
    "pid": 7108,
    "index": 15
  },
  {
    "name": "Require(13) node_modules/_egg-sequelize@5.2.0@egg-sequelize/config/config.default.js",
    "start": 1568083754463,
    "end": 1568083754463,
    "duration": 0,
    "pid": 7108,
    "index": 16
  },
  {
    "name": "Require(14) node_modules/_egg@2.23.0@egg/config/config.default.js",
    "start": 1568083754464,
    "end": 1568083754465,
    "duration": 1,
    "pid": 7108,
    "index": 17
  },
  {
    "name": "Require(15) config/config.default.js",
    "start": 1568083754467,
    "end": 1568083754467,
    "duration": 0,
    "pid": 7108,
    "index": 18
  },
  {
    "name": "Require(16) node_modules/_egg-security@2.6.1@egg-security/config/config.local.js",
    "start": 1568083754468,
    "end": 1568083754468,
    "duration": 0,
    "pid": 7108,
    "index": 19
  },
  {
    "name": "Require(17) node_modules/_egg-watcher@3.1.0@egg-watcher/config/config.local.js",
    "start": 1568083754469,
    "end": 1568083754470,
    "duration": 1,
    "pid": 7108,
    "index": 20
  },
  {
    "name": "Require(18) node_modules/_egg-view@2.1.2@egg-view/config/config.local.js",
    "start": 1568083754472,
    "end": 1568083754472,
    "duration": 0,
    "pid": 7108,
    "index": 21
  },
  {
    "name": "Require(19) node_modules/_egg@2.23.0@egg/config/config.local.js",
    "start": 1568083754473,
    "end": 1568083754474,
    "duration": 1,
    "pid": 7108,
    "index": 22
  },
  {
    "name": "Load extend/application.js",
    "start": 1568083754476,
    "end": 1568083754497,
    "duration": 21,
    "pid": 7108,
    "index": 23
  },
  {
    "name": "Require(20) node_modules/_egg-session@3.1.0@egg-session/app/extend/application.js",
    "start": 1568083754477,
    "end": 1568083754478,
    "duration": 1,
    "pid": 7108,
    "index": 24
  },
  {
    "name": "Require(21) node_modules/_egg-security@2.6.1@egg-security/app/extend/application.js",
    "start": 1568083754479,
    "end": 1568083754480,
    "duration": 1,
    "pid": 7108,
    "index": 25
  },
  {
    "name": "Require(22) node_modules/_egg-jsonp@2.0.0@egg-jsonp/app/extend/application.js",
    "start": 1568083754481,
    "end": 1568083754484,
    "duration": 3,
    "pid": 7108,
    "index": 26
  },
  {
    "name": "Require(23) node_modules/_egg-logrotator@3.1.0@egg-logrotator/app/extend/application.js",
    "start": 1568083754486,
    "end": 1568083754490,
    "duration": 4,
    "pid": 7108,
    "index": 27
  },
  {
    "name": "Require(24) node_modules/_egg-view@2.1.2@egg-view/app/extend/application.js",
    "start": 1568083754491,
    "end": 1568083754493,
    "duration": 2,
    "pid": 7108,
    "index": 28
  },
  {
    "name": "Load extend/request.js",
    "start": 1568083754497,
    "end": 1568083754506,
    "duration": 9,
    "pid": 7108,
    "index": 29
  },
  {
    "name": "Require(25) node_modules/_egg@2.23.0@egg/app/extend/request.js",
    "start": 1568083754501,
    "end": 1568083754503,
    "duration": 2,
    "pid": 7108,
    "index": 30
  },
  {
    "name": "Load extend/response.js",
    "start": 1568083754506,
    "end": 1568083754516,
    "duration": 10,
    "pid": 7108,
    "index": 31
  },
  {
    "name": "Require(26) node_modules/_egg@2.23.0@egg/app/extend/response.js",
    "start": 1568083754510,
    "end": 1568083754513,
    "duration": 3,
    "pid": 7108,
    "index": 32
  },
  {
    "name": "Load extend/context.js",
    "start": 1568083754516,
    "end": 1568083754624,
    "duration": 108,
    "pid": 7108,
    "index": 33
  },
  {
    "name": "Require(27) node_modules/_egg-security@2.6.1@egg-security/app/extend/context.js",
    "start": 1568083754517,
    "end": 1568083754538,
    "duration": 21,
    "pid": 7108,
    "index": 34
  },
  {
    "name": "Require(28) node_modules/_egg-jsonp@2.0.0@egg-jsonp/app/extend/context.js",
    "start": 1568083754539,
    "end": 1568083754542,
    "duration": 3,
    "pid": 7108,
    "index": 35
  },
  {
    "name": "Require(29) node_modules/_egg-i18n@2.1.1@egg-i18n/app/extend/context.js",
    "start": 1568083754543,
    "end": 1568083754543,
    "duration": 0,
    "pid": 7108,
    "index": 36
  },
  {
    "name": "Require(30) node_modules/_egg-multipart@2.9.0@egg-multipart/app/extend/context.js",
    "start": 1568083754545,
    "end": 1568083754614,
    "duration": 69,
    "pid": 7108,
    "index": 37
  },
  {
    "name": "Require(31) node_modules/_egg-view@2.1.2@egg-view/app/extend/context.js",
    "start": 1568083754615,
    "end": 1568083754617,
    "duration": 2,
    "pid": 7108,
    "index": 38
  },
  {
    "name": "Require(32) node_modules/_egg@2.23.0@egg/app/extend/context.js",
    "start": 1568083754618,
    "end": 1568083754621,
    "duration": 3,
    "pid": 7108,
    "index": 39
  },
  {
    "name": "Load extend/helper.js",
    "start": 1568083754625,
    "end": 1568083754658,
    "duration": 33,
    "pid": 7108,
    "index": 40
  },
  {
    "name": "Require(33) node_modules/_egg-security@2.6.1@egg-security/app/extend/helper.js",
    "start": 1568083754625,
    "end": 1568083754652,
    "duration": 27,
    "pid": 7108,
    "index": 41
  },
  {
    "name": "Require(34) node_modules/_egg@2.23.0@egg/app/extend/helper.js",
    "start": 1568083754655,
    "end": 1568083754655,
    "duration": 0,
    "pid": 7108,
    "index": 42
  },
  {
    "name": "Load app.js",
    "start": 1568083754659,
    "end": 1568083754711,
    "duration": 52,
    "pid": 7108,
    "index": 43
  },
  {
    "name": "Require(35) node_modules/_egg-session@3.1.0@egg-session/app.js",
    "start": 1568083754659,
    "end": 1568083754660,
    "duration": 1,
    "pid": 7108,
    "index": 44
  },
  {
    "name": "Require(36) node_modules/_egg-security@2.6.1@egg-security/app.js",
    "start": 1568083754660,
    "end": 1568083754664,
    "duration": 4,
    "pid": 7108,
    "index": 45
  },
  {
    "name": "Require(37) node_modules/_egg-onerror@2.1.0@egg-onerror/app.js",
    "start": 1568083754665,
    "end": 1568083754680,
    "duration": 15,
    "pid": 7108,
    "index": 46
  },
  {
    "name": "Require(38) node_modules/_egg-i18n@2.1.1@egg-i18n/app.js",
    "start": 1568083754681,
    "end": 1568083754692,
    "duration": 11,
    "pid": 7108,
    "index": 47
  },
  {
    "name": "Require(39) node_modules/_egg-watcher@3.1.0@egg-watcher/app.js",
    "start": 1568083754693,
    "end": 1568083754699,
    "duration": 6,
    "pid": 7108,
    "index": 48
  },
  {
    "name": "Require(40) node_modules/_egg-schedule@3.6.4@egg-schedule/app.js",
    "start": 1568083754699,
    "end": 1568083754702,
    "duration": 3,
    "pid": 7108,
    "index": 49
  },
  {
    "name": "Require(41) node_modules/_egg-multipart@2.9.0@egg-multipart/app.js",
    "start": 1568083754702,
    "end": 1568083754706,
    "duration": 4,
    "pid": 7108,
    "index": 50
  },
  {
    "name": "Require(42) node_modules/_egg-development@2.4.3@egg-development/app.js",
    "start": 1568083754707,
    "end": 1568083754707,
    "duration": 0,
    "pid": 7108,
    "index": 51
  },
  {
    "name": "Require(43) node_modules/_egg-logrotator@3.1.0@egg-logrotator/app.js",
    "start": 1568083754708,
    "end": 1568083754708,
    "duration": 0,
    "pid": 7108,
    "index": 52
  },
  {
    "name": "Require(44) node_modules/_egg-static@2.2.0@egg-static/app.js",
    "start": 1568083754708,
    "end": 1568083754709,
    "duration": 1,
    "pid": 7108,
    "index": 53
  },
  {
    "name": "Require(45) node_modules/_egg-sequelize@5.2.0@egg-sequelize/app.js",
    "start": 1568083754709,
    "end": 1568083754710,
    "duration": 1,
    "pid": 7108,
    "index": 54
  },
  {
    "name": "Before Start in node_modules/_egg-watcher@3.1.0@egg-watcher/lib/init.js:15:14",
    "start": 1568083754727,
    "end": 1568083755521,
    "duration": 794,
    "pid": 7108,
    "index": 55
  },
  {
    "name": "Load \"Symbol(model)\" to Application",
    "start": 1568083755289,
    "end": 1568083755300,
    "duration": 11,
    "pid": 7108,
    "index": 56
  },
  {
    "name": "Before Start in node_modules/_egg-sequelize@5.2.0@egg-sequelize/lib/loader.js:39:7",
    "start": 1568083755300,
    "end": 1568083755557,
    "duration": 257,
    "pid": 7108,
    "index": 57
  },
  {
    "name": "Load Service",
    "start": 1568083755301,
    "end": 1568083755306,
    "duration": 5,
    "pid": 7108,
    "index": 58
  },
  {
    "name": "Load \"service\" to Context",
    "start": 1568083755301,
    "end": 1568083755306,
    "duration": 5,
    "pid": 7108,
    "index": 59
  },
  {
    "name": "Load Middleware",
    "start": 1568083755306,
    "end": 1568083755433,
    "duration": 127,
    "pid": 7108,
    "index": 60
  },
  {
    "name": "Load \"middlewares\" to Application",
    "start": 1568083755306,
    "end": 1568083755417,
    "duration": 111,
    "pid": 7108,
    "index": 61
  },
  {
    "name": "Load Controller",
    "start": 1568083755433,
    "end": 1568083755436,
    "duration": 3,
    "pid": 7108,
    "index": 62
  },
  {
    "name": "Load \"controller\" to Application",
    "start": 1568083755433,
    "end": 1568083755436,
    "duration": 3,
    "pid": 7108,
    "index": 63
  },
  {
    "name": "Load Router",
    "start": 1568083755436,
    "end": 1568083755439,
    "duration": 3,
    "pid": 7108,
    "index": 64
  },
  {
    "name": "Require(46) app/router.js",
    "start": 1568083755436,
    "end": 1568083755437,
    "duration": 1,
    "pid": 7108,
    "index": 65
  },
  {
    "name": "Before Start in node_modules/_egg-core@4.17.3@egg-core/lib/egg.js:303:10",
    "start": 1568083755437,
    "end": 1568083755461,
    "duration": 24,
    "pid": 7108,
    "index": 66
  }
]