[
  {
    "name": "Application Start",
    "start": 1568083993185,
    "end": 1568083994382,
    "duration": 1197,
    "pid": 8868,
    "index": 0
  },
  {
    "name": "Load Plugin",
    "start": 1568083993191,
    "end": 1568083993222,
    "duration": 31,
    "pid": 8868,
    "index": 1
  },
  {
    "name": "Load Config",
    "start": 1568083993222,
    "end": 1568083993255,
    "duration": 33,
    "pid": 8868,
    "index": 2
  },
  {
    "name": "Require(0) config/config.default.js",
    "start": 1568083993223,
    "end": 1568083993224,
    "duration": 1,
    "pid": 8868,
    "index": 3
  },
  {
    "name": "Require(1) node_modules/_egg-session@3.1.0@egg-session/config/config.default.js",
    "start": 1568083993227,
    "end": 1568083993227,
    "duration": 0,
    "pid": 8868,
    "index": 4
  },
  {
    "name": "Require(2) node_modules/_egg-security@2.6.1@egg-security/config/config.default.js",
    "start": 1568083993228,
    "end": 1568083993228,
    "duration": 0,
    "pid": 8868,
    "index": 5
  },
  {
    "name": "Require(3) node_modules/_egg-jsonp@2.0.0@egg-jsonp/config/config.default.js",
    "start": 1568083993230,
    "end": 1568083993230,
    "duration": 0,
    "pid": 8868,
    "index": 6
  },
  {
    "name": "Require(4) node_modules/_egg-onerror@2.1.0@egg-onerror/config/config.default.js",
    "start": 1568083993231,
    "end": 1568083993231,
    "duration": 0,
    "pid": 8868,
    "index": 7
  },
  {
    "name": "Require(5) node_modules/_egg-i18n@2.1.1@egg-i18n/config/config.default.js",
    "start": 1568083993232,
    "end": 1568083993232,
    "duration": 0,
    "pid": 8868,
    "index": 8
  },
  {
    "name": "Require(6) node_modules/_egg-watcher@3.1.0@egg-watcher/config/config.default.js",
    "start": 1568083993233,
    "end": 1568083993233,
    "duration": 0,
    "pid": 8868,
    "index": 9
  },
  {
    "name": "Require(7) node_modules/_egg-schedule@3.6.4@egg-schedule/config/config.default.js",
    "start": 1568083993235,
    "end": 1568083993235,
    "duration": 0,
    "pid": 8868,
    "index": 10
  },
  {
    "name": "Require(8) node_modules/_egg-multipart@2.9.0@egg-multipart/config/config.default.js",
    "start": 1568083993236,
    "end": 1568083993237,
    "duration": 1,
    "pid": 8868,
    "index": 11
  },
  {
    "name": "Require(9) node_modules/_egg-development@2.4.3@egg-development/config/config.default.js",
    "start": 1568083993239,
    "end": 1568083993240,
    "duration": 1,
    "pid": 8868,
    "index": 12
  },
  {
    "name": "Require(10) node_modules/_egg-logrotator@3.1.0@egg-logrotator/config/config.default.js",
    "start": 1568083993241,
    "end": 1568083993241,
    "duration": 0,
    "pid": 8868,
    "index": 13
  },
  {
    "name": "Require(11) node_modules/_egg-static@2.2.0@egg-static/config/config.default.js",
    "start": 1568083993242,
    "end": 1568083993242,
    "duration": 0,
    "pid": 8868,
    "index": 14
  },
  {
    "name": "Require(12) node_modules/_egg-view@2.1.2@egg-view/config/config.default.js",
    "start": 1568083993243,
    "end": 1568083993243,
    "duration": 0,
    "pid": 8868,
    "index": 15
  },
  {
    "name": "Require(13) node_modules/_egg-sequelize@5.2.0@egg-sequelize/config/config.default.js",
    "start": 1568083993244,
    "end": 1568083993244,
    "duration": 0,
    "pid": 8868,
    "index": 16
  },
  {
    "name": "Require(14) node_modules/_egg@2.23.0@egg/config/config.default.js",
    "start": 1568083993245,
    "end": 1568083993246,
    "duration": 1,
    "pid": 8868,
    "index": 17
  },
  {
    "name": "Require(15) config/config.default.js",
    "start": 1568083993247,
    "end": 1568083993247,
    "duration": 0,
    "pid": 8868,
    "index": 18
  },
  {
    "name": "Require(16) node_modules/_egg-security@2.6.1@egg-security/config/config.local.js",
    "start": 1568083993248,
    "end": 1568083993249,
    "duration": 1,
    "pid": 8868,
    "index": 19
  },
  {
    "name": "Require(17) node_modules/_egg-watcher@3.1.0@egg-watcher/config/config.local.js",
    "start": 1568083993250,
    "end": 1568083993251,
    "duration": 1,
    "pid": 8868,
    "index": 20
  },
  {
    "name": "Require(18) node_modules/_egg-view@2.1.2@egg-view/config/config.local.js",
    "start": 1568083993253,
    "end": 1568083993253,
    "duration": 0,
    "pid": 8868,
    "index": 21
  },
  {
    "name": "Require(19) node_modules/_egg@2.23.0@egg/config/config.local.js",
    "start": 1568083993254,
    "end": 1568083993255,
    "duration": 1,
    "pid": 8868,
    "index": 22
  },
  {
    "name": "Load extend/application.js",
    "start": 1568083993257,
    "end": 1568083993276,
    "duration": 19,
    "pid": 8868,
    "index": 23
  },
  {
    "name": "Require(20) node_modules/_egg-session@3.1.0@egg-session/app/extend/application.js",
    "start": 1568083993257,
    "end": 1568083993258,
    "duration": 1,
    "pid": 8868,
    "index": 24
  },
  {
    "name": "Require(21) node_modules/_egg-security@2.6.1@egg-security/app/extend/application.js",
    "start": 1568083993259,
    "end": 1568083993260,
    "duration": 1,
    "pid": 8868,
    "index": 25
  },
  {
    "name": "Require(22) node_modules/_egg-jsonp@2.0.0@egg-jsonp/app/extend/application.js",
    "start": 1568083993261,
    "end": 1568083993263,
    "duration": 2,
    "pid": 8868,
    "index": 26
  },
  {
    "name": "Require(23) node_modules/_egg-logrotator@3.1.0@egg-logrotator/app/extend/application.js",
    "start": 1568083993265,
    "end": 1568083993269,
    "duration": 4,
    "pid": 8868,
    "index": 27
  },
  {
    "name": "Require(24) node_modules/_egg-view@2.1.2@egg-view/app/extend/application.js",
    "start": 1568083993270,
    "end": 1568083993272,
    "duration": 2,
    "pid": 8868,
    "index": 28
  },
  {
    "name": "Load extend/request.js",
    "start": 1568083993276,
    "end": 1568083993286,
    "duration": 10,
    "pid": 8868,
    "index": 29
  },
  {
    "name": "Require(25) node_modules/_egg@2.23.0@egg/app/extend/request.js",
    "start": 1568083993280,
    "end": 1568083993282,
    "duration": 2,
    "pid": 8868,
    "index": 30
  },
  {
    "name": "Load extend/response.js",
    "start": 1568083993286,
    "end": 1568083993297,
    "duration": 11,
    "pid": 8868,
    "index": 31
  },
  {
    "name": "Require(26) node_modules/_egg@2.23.0@egg/app/extend/response.js",
    "start": 1568083993289,
    "end": 1568083993293,
    "duration": 4,
    "pid": 8868,
    "index": 32
  },
  {
    "name": "Load extend/context.js",
    "start": 1568083993297,
    "end": 1568083993414,
    "duration": 117,
    "pid": 8868,
    "index": 33
  },
  {
    "name": "Require(27) node_modules/_egg-security@2.6.1@egg-security/app/extend/context.js",
    "start": 1568083993299,
    "end": 1568083993324,
    "duration": 25,
    "pid": 8868,
    "index": 34
  },
  {
    "name": "Require(28) node_modules/_egg-jsonp@2.0.0@egg-jsonp/app/extend/context.js",
    "start": 1568083993325,
    "end": 1568083993328,
    "duration": 3,
    "pid": 8868,
    "index": 35
  },
  {
    "name": "Require(29) node_modules/_egg-i18n@2.1.1@egg-i18n/app/extend/context.js",
    "start": 1568083993329,
    "end": 1568083993329,
    "duration": 0,
    "pid": 8868,
    "index": 36
  },
  {
    "name": "Require(30) node_modules/_egg-multipart@2.9.0@egg-multipart/app/extend/context.js",
    "start": 1568083993331,
    "end": 1568083993404,
    "duration": 73,
    "pid": 8868,
    "index": 37
  },
  {
    "name": "Require(31) node_modules/_egg-view@2.1.2@egg-view/app/extend/context.js",
    "start": 1568083993405,
    "end": 1568083993407,
    "duration": 2,
    "pid": 8868,
    "index": 38
  },
  {
    "name": "Require(32) node_modules/_egg@2.23.0@egg/app/extend/context.js",
    "start": 1568083993408,
    "end": 1568083993411,
    "duration": 3,
    "pid": 8868,
    "index": 39
  },
  {
    "name": "Load extend/helper.js",
    "start": 1568083993414,
    "end": 1568083993455,
    "duration": 41,
    "pid": 8868,
    "index": 40
  },
  {
    "name": "Require(33) node_modules/_egg-security@2.6.1@egg-security/app/extend/helper.js",
    "start": 1568083993415,
    "end": 1568083993445,
    "duration": 30,
    "pid": 8868,
    "index": 41
  },
  {
    "name": "Require(34) node_modules/_egg@2.23.0@egg/app/extend/helper.js",
    "start": 1568083993450,
    "end": 1568083993451,
    "duration": 1,
    "pid": 8868,
    "index": 42
  },
  {
    "name": "Load app.js",
    "start": 1568083993456,
    "end": 1568083993512,
    "duration": 56,
    "pid": 8868,
    "index": 43
  },
  {
    "name": "Require(35) node_modules/_egg-session@3.1.0@egg-session/app.js",
    "start": 1568083993457,
    "end": 1568083993457,
    "duration": 0,
    "pid": 8868,
    "index": 44
  },
  {
    "name": "Require(36) node_modules/_egg-security@2.6.1@egg-security/app.js",
    "start": 1568083993458,
    "end": 1568083993461,
    "duration": 3,
    "pid": 8868,
    "index": 45
  },
  {
    "name": "Require(37) node_modules/_egg-onerror@2.1.0@egg-onerror/app.js",
    "start": 1568083993461,
    "end": 1568083993478,
    "duration": 17,
    "pid": 8868,
    "index": 46
  },
  {
    "name": "Require(38) node_modules/_egg-i18n@2.1.1@egg-i18n/app.js",
    "start": 1568083993479,
    "end": 1568083993492,
    "duration": 13,
    "pid": 8868,
    "index": 47
  },
  {
    "name": "Require(39) node_modules/_egg-watcher@3.1.0@egg-watcher/app.js",
    "start": 1568083993492,
    "end": 1568083993498,
    "duration": 6,
    "pid": 8868,
    "index": 48
  },
  {
    "name": "Require(40) node_modules/_egg-schedule@3.6.4@egg-schedule/app.js",
    "start": 1568083993499,
    "end": 1568083993502,
    "duration": 3,
    "pid": 8868,
    "index": 49
  },
  {
    "name": "Require(41) node_modules/_egg-multipart@2.9.0@egg-multipart/app.js",
    "start": 1568083993502,
    "end": 1568083993507,
    "duration": 5,
    "pid": 8868,
    "index": 50
  },
  {
    "name": "Require(42) node_modules/_egg-development@2.4.3@egg-development/app.js",
    "start": 1568083993507,
    "end": 1568083993507,
    "duration": 0,
    "pid": 8868,
    "index": 51
  },
  {
    "name": "Require(43) node_modules/_egg-logrotator@3.1.0@egg-logrotator/app.js",
    "start": 1568083993508,
    "end": 1568083993508,
    "duration": 0,
    "pid": 8868,
    "index": 52
  },
  {
    "name": "Require(44) node_modules/_egg-static@2.2.0@egg-static/app.js",
    "start": 1568083993509,
    "end": 1568083993509,
    "duration": 0,
    "pid": 8868,
    "index": 53
  },
  {
    "name": "Require(45) node_modules/_egg-sequelize@5.2.0@egg-sequelize/app.js",
    "start": 1568083993510,
    "end": 1568083993510,
    "duration": 0,
    "pid": 8868,
    "index": 54
  },
  {
    "name": "Before Start in node_modules/_egg-watcher@3.1.0@egg-watcher/lib/init.js:15:14",
    "start": 1568083993530,
    "end": 1568083994341,
    "duration": 811,
    "pid": 8868,
    "index": 55
  },
  {
    "name": "Load \"Symbol(model)\" to Application",
    "start": 1568083994092,
    "end": 1568083994104,
    "duration": 12,
    "pid": 8868,
    "index": 56
  },
  {
    "name": "Before Start in node_modules/_egg-sequelize@5.2.0@egg-sequelize/lib/loader.js:39:7",
    "start": 1568083994104,
    "end": 1568083994381,
    "duration": 277,
    "pid": 8868,
    "index": 57
  },
  {
    "name": "Load Service",
    "start": 1568083994104,
    "end": 1568083994109,
    "duration": 5,
    "pid": 8868,
    "index": 58
  },
  {
    "name": "Load \"service\" to Context",
    "start": 1568083994104,
    "end": 1568083994109,
    "duration": 5,
    "pid": 8868,
    "index": 59
  },
  {
    "name": "Load Middleware",
    "start": 1568083994110,
    "end": 1568083994259,
    "duration": 149,
    "pid": 8868,
    "index": 60
  },
  {
    "name": "Load \"middlewares\" to Application",
    "start": 1568083994110,
    "end": 1568083994238,
    "duration": 128,
    "pid": 8868,
    "index": 61
  },
  {
    "name": "Load Controller",
    "start": 1568083994259,
    "end": 1568083994262,
    "duration": 3,
    "pid": 8868,
    "index": 62
  },
  {
    "name": "Load \"controller\" to Application",
    "start": 1568083994259,
    "end": 1568083994262,
    "duration": 3,
    "pid": 8868,
    "index": 63
  },
  {
    "name": "Load Router",
    "start": 1568083994262,
    "end": 1568083994266,
    "duration": 4,
    "pid": 8868,
    "index": 64
  },
  {
    "name": "Require(46) app/router.js",
    "start": 1568083994263,
    "end": 1568083994263,
    "duration": 0,
    "pid": 8868,
    "index": 65
  },
  {
    "name": "Before Start in node_modules/_egg-core@4.17.3@egg-core/lib/egg.js:303:10",
    "start": 1568083994264,
    "end": 1568083994294,
    "duration": 30,
    "pid": 8868,
    "index": 66
  }
]