[
  {
    "name": "Application Start",
    "start": 1568083751226,
    "end": 1568083752445,
    "duration": 1219,
    "pid": 6588,
    "index": 0
  },
  {
    "name": "Load Plugin",
    "start": 1568083751233,
    "end": 1568083751264,
    "duration": 31,
    "pid": 6588,
    "index": 1
  },
  {
    "name": "Load Config",
    "start": 1568083751264,
    "end": 1568083751296,
    "duration": 32,
    "pid": 6588,
    "index": 2
  },
  {
    "name": "Require(0) config/config.default.js",
    "start": 1568083751265,
    "end": 1568083751265,
    "duration": 0,
    "pid": 6588,
    "index": 3
  },
  {
    "name": "Require(1) node_modules/_egg-session@3.1.0@egg-session/config/config.default.js",
    "start": 1568083751268,
    "end": 1568083751268,
    "duration": 0,
    "pid": 6588,
    "index": 4
  },
  {
    "name": "Require(2) node_modules/_egg-security@2.6.1@egg-security/config/config.default.js",
    "start": 1568083751269,
    "end": 1568083751270,
    "duration": 1,
    "pid": 6588,
    "index": 5
  },
  {
    "name": "Require(3) node_modules/_egg-jsonp@2.0.0@egg-jsonp/config/config.default.js",
    "start": 1568083751271,
    "end": 1568083751272,
    "duration": 1,
    "pid": 6588,
    "index": 6
  },
  {
    "name": "Require(4) node_modules/_egg-onerror@2.1.0@egg-onerror/config/config.default.js",
    "start": 1568083751273,
    "end": 1568083751273,
    "duration": 0,
    "pid": 6588,
    "index": 7
  },
  {
    "name": "Require(5) node_modules/_egg-i18n@2.1.1@egg-i18n/config/config.default.js",
    "start": 1568083751274,
    "end": 1568083751274,
    "duration": 0,
    "pid": 6588,
    "index": 8
  },
  {
    "name": "Require(6) node_modules/_egg-watcher@3.1.0@egg-watcher/config/config.default.js",
    "start": 1568083751275,
    "end": 1568083751276,
    "duration": 1,
    "pid": 6588,
    "index": 9
  },
  {
    "name": "Require(7) node_modules/_egg-schedule@3.6.4@egg-schedule/config/config.default.js",
    "start": 1568083751277,
    "end": 1568083751277,
    "duration": 0,
    "pid": 6588,
    "index": 10
  },
  {
    "name": "Require(8) node_modules/_egg-multipart@2.9.0@egg-multipart/config/config.default.js",
    "start": 1568083751278,
    "end": 1568083751278,
    "duration": 0,
    "pid": 6588,
    "index": 11
  },
  {
    "name": "Require(9) node_modules/_egg-development@2.4.3@egg-development/config/config.default.js",
    "start": 1568083751279,
    "end": 1568083751280,
    "duration": 1,
    "pid": 6588,
    "index": 12
  },
  {
    "name": "Require(10) node_modules/_egg-logrotator@3.1.0@egg-logrotator/config/config.default.js",
    "start": 1568083751281,
    "end": 1568083751281,
    "duration": 0,
    "pid": 6588,
    "index": 13
  },
  {
    "name": "Require(11) node_modules/_egg-static@2.2.0@egg-static/config/config.default.js",
    "start": 1568083751282,
    "end": 1568083751282,
    "duration": 0,
    "pid": 6588,
    "index": 14
  },
  {
    "name": "Require(12) node_modules/_egg-view@2.1.2@egg-view/config/config.default.js",
    "start": 1568083751283,
    "end": 1568083751284,
    "duration": 1,
    "pid": 6588,
    "index": 15
  },
  {
    "name": "Require(13) node_modules/_egg-sequelize@5.2.0@egg-sequelize/config/config.default.js",
    "start": 1568083751285,
    "end": 1568083751285,
    "duration": 0,
    "pid": 6588,
    "index": 16
  },
  {
    "name": "Require(14) node_modules/_egg@2.23.0@egg/config/config.default.js",
    "start": 1568083751286,
    "end": 1568083751287,
    "duration": 1,
    "pid": 6588,
    "index": 17
  },
  {
    "name": "Require(15) config/config.default.js",
    "start": 1568083751288,
    "end": 1568083751288,
    "duration": 0,
    "pid": 6588,
    "index": 18
  },
  {
    "name": "Require(16) node_modules/_egg-security@2.6.1@egg-security/config/config.local.js",
    "start": 1568083751289,
    "end": 1568083751290,
    "duration": 1,
    "pid": 6588,
    "index": 19
  },
  {
    "name": "Require(17) node_modules/_egg-watcher@3.1.0@egg-watcher/config/config.local.js",
    "start": 1568083751291,
    "end": 1568083751292,
    "duration": 1,
    "pid": 6588,
    "index": 20
  },
  {
    "name": "Require(18) node_modules/_egg-view@2.1.2@egg-view/config/config.local.js",
    "start": 1568083751294,
    "end": 1568083751294,
    "duration": 0,
    "pid": 6588,
    "index": 21
  },
  {
    "name": "Require(19) node_modules/_egg@2.23.0@egg/config/config.local.js",
    "start": 1568083751295,
    "end": 1568083751295,
    "duration": 0,
    "pid": 6588,
    "index": 22
  },
  {
    "name": "Load extend/application.js",
    "start": 1568083751297,
    "end": 1568083751317,
    "duration": 20,
    "pid": 6588,
    "index": 23
  },
  {
    "name": "Require(20) node_modules/_egg-session@3.1.0@egg-session/app/extend/application.js",
    "start": 1568083751298,
    "end": 1568083751299,
    "duration": 1,
    "pid": 6588,
    "index": 24
  },
  {
    "name": "Require(21) node_modules/_egg-security@2.6.1@egg-security/app/extend/application.js",
    "start": 1568083751299,
    "end": 1568083751301,
    "duration": 2,
    "pid": 6588,
    "index": 25
  },
  {
    "name": "Require(22) node_modules/_egg-jsonp@2.0.0@egg-jsonp/app/extend/application.js",
    "start": 1568083751302,
    "end": 1568083751304,
    "duration": 2,
    "pid": 6588,
    "index": 26
  },
  {
    "name": "Require(23) node_modules/_egg-logrotator@3.1.0@egg-logrotator/app/extend/application.js",
    "start": 1568083751306,
    "end": 1568083751310,
    "duration": 4,
    "pid": 6588,
    "index": 27
  },
  {
    "name": "Require(24) node_modules/_egg-view@2.1.2@egg-view/app/extend/application.js",
    "start": 1568083751311,
    "end": 1568083751313,
    "duration": 2,
    "pid": 6588,
    "index": 28
  },
  {
    "name": "Load extend/request.js",
    "start": 1568083751317,
    "end": 1568083751326,
    "duration": 9,
    "pid": 6588,
    "index": 29
  },
  {
    "name": "Require(25) node_modules/_egg@2.23.0@egg/app/extend/request.js",
    "start": 1568083751320,
    "end": 1568083751322,
    "duration": 2,
    "pid": 6588,
    "index": 30
  },
  {
    "name": "Load extend/response.js",
    "start": 1568083751326,
    "end": 1568083751336,
    "duration": 10,
    "pid": 6588,
    "index": 31
  },
  {
    "name": "Require(26) node_modules/_egg@2.23.0@egg/app/extend/response.js",
    "start": 1568083751329,
    "end": 1568083751332,
    "duration": 3,
    "pid": 6588,
    "index": 32
  },
  {
    "name": "Load extend/context.js",
    "start": 1568083751336,
    "end": 1568083751449,
    "duration": 113,
    "pid": 6588,
    "index": 33
  },
  {
    "name": "Require(27) node_modules/_egg-security@2.6.1@egg-security/app/extend/context.js",
    "start": 1568083751337,
    "end": 1568083751359,
    "duration": 22,
    "pid": 6588,
    "index": 34
  },
  {
    "name": "Require(28) node_modules/_egg-jsonp@2.0.0@egg-jsonp/app/extend/context.js",
    "start": 1568083751360,
    "end": 1568083751363,
    "duration": 3,
    "pid": 6588,
    "index": 35
  },
  {
    "name": "Require(29) node_modules/_egg-i18n@2.1.1@egg-i18n/app/extend/context.js",
    "start": 1568083751363,
    "end": 1568083751364,
    "duration": 1,
    "pid": 6588,
    "index": 36
  },
  {
    "name": "Require(30) node_modules/_egg-multipart@2.9.0@egg-multipart/app/extend/context.js",
    "start": 1568083751365,
    "end": 1568083751439,
    "duration": 74,
    "pid": 6588,
    "index": 37
  },
  {
    "name": "Require(31) node_modules/_egg-view@2.1.2@egg-view/app/extend/context.js",
    "start": 1568083751441,
    "end": 1568083751442,
    "duration": 1,
    "pid": 6588,
    "index": 38
  },
  {
    "name": "Require(32) node_modules/_egg@2.23.0@egg/app/extend/context.js",
    "start": 1568083751443,
    "end": 1568083751446,
    "duration": 3,
    "pid": 6588,
    "index": 39
  },
  {
    "name": "Load extend/helper.js",
    "start": 1568083751449,
    "end": 1568083751485,
    "duration": 36,
    "pid": 6588,
    "index": 40
  },
  {
    "name": "Require(33) node_modules/_egg-security@2.6.1@egg-security/app/extend/helper.js",
    "start": 1568083751450,
    "end": 1568083751478,
    "duration": 28,
    "pid": 6588,
    "index": 41
  },
  {
    "name": "Require(34) node_modules/_egg@2.23.0@egg/app/extend/helper.js",
    "start": 1568083751481,
    "end": 1568083751482,
    "duration": 1,
    "pid": 6588,
    "index": 42
  },
  {
    "name": "Load app.js",
    "start": 1568083751486,
    "end": 1568083751540,
    "duration": 54,
    "pid": 6588,
    "index": 43
  },
  {
    "name": "Require(35) node_modules/_egg-session@3.1.0@egg-session/app.js",
    "start": 1568083751486,
    "end": 1568083751487,
    "duration": 1,
    "pid": 6588,
    "index": 44
  },
  {
    "name": "Require(36) node_modules/_egg-security@2.6.1@egg-security/app.js",
    "start": 1568083751488,
    "end": 1568083751491,
    "duration": 3,
    "pid": 6588,
    "index": 45
  },
  {
    "name": "Require(37) node_modules/_egg-onerror@2.1.0@egg-onerror/app.js",
    "start": 1568083751491,
    "end": 1568083751506,
    "duration": 15,
    "pid": 6588,
    "index": 46
  },
  {
    "name": "Require(38) node_modules/_egg-i18n@2.1.1@egg-i18n/app.js",
    "start": 1568083751507,
    "end": 1568083751519,
    "duration": 12,
    "pid": 6588,
    "index": 47
  },
  {
    "name": "Require(39) node_modules/_egg-watcher@3.1.0@egg-watcher/app.js",
    "start": 1568083751519,
    "end": 1568083751526,
    "duration": 7,
    "pid": 6588,
    "index": 48
  },
  {
    "name": "Require(40) node_modules/_egg-schedule@3.6.4@egg-schedule/app.js",
    "start": 1568083751526,
    "end": 1568083751529,
    "duration": 3,
    "pid": 6588,
    "index": 49
  },
  {
    "name": "Require(41) node_modules/_egg-multipart@2.9.0@egg-multipart/app.js",
    "start": 1568083751530,
    "end": 1568083751534,
    "duration": 4,
    "pid": 6588,
    "index": 50
  },
  {
    "name": "Require(42) node_modules/_egg-development@2.4.3@egg-development/app.js",
    "start": 1568083751535,
    "end": 1568083751535,
    "duration": 0,
    "pid": 6588,
    "index": 51
  },
  {
    "name": "Require(43) node_modules/_egg-logrotator@3.1.0@egg-logrotator/app.js",
    "start": 1568083751536,
    "end": 1568083751536,
    "duration": 0,
    "pid": 6588,
    "index": 52
  },
  {
    "name": "Require(44) node_modules/_egg-static@2.2.0@egg-static/app.js",
    "start": 1568083751537,
    "end": 1568083751537,
    "duration": 0,
    "pid": 6588,
    "index": 53
  },
  {
    "name": "Require(45) node_modules/_egg-sequelize@5.2.0@egg-sequelize/app.js",
    "start": 1568083751538,
    "end": 1568083751538,
    "duration": 0,
    "pid": 6588,
    "index": 54
  },
  {
    "name": "Before Start in node_modules/_egg-watcher@3.1.0@egg-watcher/lib/init.js:15:14",
    "start": 1568083751562,
    "end": 1568083752398,
    "duration": 836,
    "pid": 6588,
    "index": 55
  },
  {
    "name": "Load \"Symbol(model)\" to Application",
    "start": 1568083752125,
    "end": 1568083752138,
    "duration": 13,
    "pid": 6588,
    "index": 56
  },
  {
    "name": "Before Start in node_modules/_egg-sequelize@5.2.0@egg-sequelize/lib/loader.js:39:7",
    "start": 1568083752138,
    "end": 1568083752444,
    "duration": 306,
    "pid": 6588,
    "index": 57
  },
  {
    "name": "Load Service",
    "start": 1568083752138,
    "end": 1568083752145,
    "duration": 7,
    "pid": 6588,
    "index": 58
  },
  {
    "name": "Load \"service\" to Context",
    "start": 1568083752139,
    "end": 1568083752145,
    "duration": 6,
    "pid": 6588,
    "index": 59
  },
  {
    "name": "Load Middleware",
    "start": 1568083752146,
    "end": 1568083752305,
    "duration": 159,
    "pid": 6588,
    "index": 60
  },
  {
    "name": "Load \"middlewares\" to Application",
    "start": 1568083752146,
    "end": 1568083752287,
    "duration": 141,
    "pid": 6588,
    "index": 61
  },
  {
    "name": "Load Controller",
    "start": 1568083752305,
    "end": 1568083752309,
    "duration": 4,
    "pid": 6588,
    "index": 62
  },
  {
    "name": "Load \"controller\" to Application",
    "start": 1568083752305,
    "end": 1568083752309,
    "duration": 4,
    "pid": 6588,
    "index": 63
  },
  {
    "name": "Load Router",
    "start": 1568083752309,
    "end": 1568083752312,
    "duration": 3,
    "pid": 6588,
    "index": 64
  },
  {
    "name": "Require(46) app/router.js",
    "start": 1568083752309,
    "end": 1568083752309,
    "duration": 0,
    "pid": 6588,
    "index": 65
  },
  {
    "name": "Before Start in node_modules/_egg-core@4.17.3@egg-core/lib/egg.js:303:10",
    "start": 1568083752310,
    "end": 1568083752335,
    "duration": 25,
    "pid": 6588,
    "index": 66
  }
]