[
  {
    "name": "Application Start",
    "start": 1568084397026,
    "end": 1568084398207,
    "duration": 1181,
    "pid": 8440,
    "index": 0
  },
  {
    "name": "Load Plugin",
    "start": 1568084397032,
    "end": 1568084397057,
    "duration": 25,
    "pid": 8440,
    "index": 1
  },
  {
    "name": "Load Config",
    "start": 1568084397057,
    "end": 1568084397085,
    "duration": 28,
    "pid": 8440,
    "index": 2
  },
  {
    "name": "Require(0) config/config.default.js",
    "start": 1568084397058,
    "end": 1568084397058,
    "duration": 0,
    "pid": 8440,
    "index": 3
  },
  {
    "name": "Require(1) node_modules/_egg-session@3.1.0@egg-session/config/config.default.js",
    "start": 1568084397061,
    "end": 1568084397061,
    "duration": 0,
    "pid": 8440,
    "index": 4
  },
  {
    "name": "Require(2) node_modules/_egg-security@2.6.1@egg-security/config/config.default.js",
    "start": 1568084397062,
    "end": 1568084397062,
    "duration": 0,
    "pid": 8440,
    "index": 5
  },
  {
    "name": "Require(3) node_modules/_egg-jsonp@2.0.0@egg-jsonp/config/config.default.js",
    "start": 1568084397064,
    "end": 1568084397064,
    "duration": 0,
    "pid": 8440,
    "index": 6
  },
  {
    "name": "Require(4) node_modules/_egg-onerror@2.1.0@egg-onerror/config/config.default.js",
    "start": 1568084397065,
    "end": 1568084397065,
    "duration": 0,
    "pid": 8440,
    "index": 7
  },
  {
    "name": "Require(5) node_modules/_egg-i18n@2.1.1@egg-i18n/config/config.default.js",
    "start": 1568084397066,
    "end": 1568084397066,
    "duration": 0,
    "pid": 8440,
    "index": 8
  },
  {
    "name": "Require(6) node_modules/_egg-watcher@3.1.0@egg-watcher/config/config.default.js",
    "start": 1568084397067,
    "end": 1568084397067,
    "duration": 0,
    "pid": 8440,
    "index": 9
  },
  {
    "name": "Require(7) node_modules/_egg-schedule@3.6.4@egg-schedule/config/config.default.js",
    "start": 1568084397068,
    "end": 1568084397068,
    "duration": 0,
    "pid": 8440,
    "index": 10
  },
  {
    "name": "Require(8) node_modules/_egg-multipart@2.9.0@egg-multipart/config/config.default.js",
    "start": 1568084397069,
    "end": 1568084397070,
    "duration": 1,
    "pid": 8440,
    "index": 11
  },
  {
    "name": "Require(9) node_modules/_egg-development@2.4.3@egg-development/config/config.default.js",
    "start": 1568084397071,
    "end": 1568084397071,
    "duration": 0,
    "pid": 8440,
    "index": 12
  },
  {
    "name": "Require(10) node_modules/_egg-logrotator@3.1.0@egg-logrotator/config/config.default.js",
    "start": 1568084397072,
    "end": 1568084397072,
    "duration": 0,
    "pid": 8440,
    "index": 13
  },
  {
    "name": "Require(11) node_modules/_egg-static@2.2.0@egg-static/config/config.default.js",
    "start": 1568084397073,
    "end": 1568084397073,
    "duration": 0,
    "pid": 8440,
    "index": 14
  },
  {
    "name": "Require(12) node_modules/_egg-view@2.1.2@egg-view/config/config.default.js",
    "start": 1568084397074,
    "end": 1568084397074,
    "duration": 0,
    "pid": 8440,
    "index": 15
  },
  {
    "name": "Require(13) node_modules/_egg-sequelize@5.2.0@egg-sequelize/config/config.default.js",
    "start": 1568084397075,
    "end": 1568084397075,
    "duration": 0,
    "pid": 8440,
    "index": 16
  },
  {
    "name": "Require(14) node_modules/_egg@2.23.0@egg/config/config.default.js",
    "start": 1568084397076,
    "end": 1568084397077,
    "duration": 1,
    "pid": 8440,
    "index": 17
  },
  {
    "name": "Require(15) config/config.default.js",
    "start": 1568084397078,
    "end": 1568084397078,
    "duration": 0,
    "pid": 8440,
    "index": 18
  },
  {
    "name": "Require(16) node_modules/_egg-security@2.6.1@egg-security/config/config.local.js",
    "start": 1568084397079,
    "end": 1568084397079,
    "duration": 0,
    "pid": 8440,
    "index": 19
  },
  {
    "name": "Require(17) node_modules/_egg-watcher@3.1.0@egg-watcher/config/config.local.js",
    "start": 1568084397081,
    "end": 1568084397081,
    "duration": 0,
    "pid": 8440,
    "index": 20
  },
  {
    "name": "Require(18) node_modules/_egg-view@2.1.2@egg-view/config/config.local.js",
    "start": 1568084397083,
    "end": 1568084397083,
    "duration": 0,
    "pid": 8440,
    "index": 21
  },
  {
    "name": "Require(19) node_modules/_egg@2.23.0@egg/config/config.local.js",
    "start": 1568084397084,
    "end": 1568084397084,
    "duration": 0,
    "pid": 8440,
    "index": 22
  },
  {
    "name": "Load extend/application.js",
    "start": 1568084397086,
    "end": 1568084397106,
    "duration": 20,
    "pid": 8440,
    "index": 23
  },
  {
    "name": "Require(20) node_modules/_egg-session@3.1.0@egg-session/app/extend/application.js",
    "start": 1568084397087,
    "end": 1568084397088,
    "duration": 1,
    "pid": 8440,
    "index": 24
  },
  {
    "name": "Require(21) node_modules/_egg-security@2.6.1@egg-security/app/extend/application.js",
    "start": 1568084397088,
    "end": 1568084397090,
    "duration": 2,
    "pid": 8440,
    "index": 25
  },
  {
    "name": "Require(22) node_modules/_egg-jsonp@2.0.0@egg-jsonp/app/extend/application.js",
    "start": 1568084397090,
    "end": 1568084397093,
    "duration": 3,
    "pid": 8440,
    "index": 26
  },
  {
    "name": "Require(23) node_modules/_egg-logrotator@3.1.0@egg-logrotator/app/extend/application.js",
    "start": 1568084397095,
    "end": 1568084397099,
    "duration": 4,
    "pid": 8440,
    "index": 27
  },
  {
    "name": "Require(24) node_modules/_egg-view@2.1.2@egg-view/app/extend/application.js",
    "start": 1568084397100,
    "end": 1568084397102,
    "duration": 2,
    "pid": 8440,
    "index": 28
  },
  {
    "name": "Load extend/request.js",
    "start": 1568084397106,
    "end": 1568084397115,
    "duration": 9,
    "pid": 8440,
    "index": 29
  },
  {
    "name": "Require(25) node_modules/_egg@2.23.0@egg/app/extend/request.js",
    "start": 1568084397110,
    "end": 1568084397112,
    "duration": 2,
    "pid": 8440,
    "index": 30
  },
  {
    "name": "Load extend/response.js",
    "start": 1568084397115,
    "end": 1568084397126,
    "duration": 11,
    "pid": 8440,
    "index": 31
  },
  {
    "name": "Require(26) node_modules/_egg@2.23.0@egg/app/extend/response.js",
    "start": 1568084397119,
    "end": 1568084397122,
    "duration": 3,
    "pid": 8440,
    "index": 32
  },
  {
    "name": "Load extend/context.js",
    "start": 1568084397126,
    "end": 1568084397239,
    "duration": 113,
    "pid": 8440,
    "index": 33
  },
  {
    "name": "Require(27) node_modules/_egg-security@2.6.1@egg-security/app/extend/context.js",
    "start": 1568084397127,
    "end": 1568084397149,
    "duration": 22,
    "pid": 8440,
    "index": 34
  },
  {
    "name": "Require(28) node_modules/_egg-jsonp@2.0.0@egg-jsonp/app/extend/context.js",
    "start": 1568084397150,
    "end": 1568084397152,
    "duration": 2,
    "pid": 8440,
    "index": 35
  },
  {
    "name": "Require(29) node_modules/_egg-i18n@2.1.1@egg-i18n/app/extend/context.js",
    "start": 1568084397153,
    "end": 1568084397154,
    "duration": 1,
    "pid": 8440,
    "index": 36
  },
  {
    "name": "Require(30) node_modules/_egg-multipart@2.9.0@egg-multipart/app/extend/context.js",
    "start": 1568084397155,
    "end": 1568084397228,
    "duration": 73,
    "pid": 8440,
    "index": 37
  },
  {
    "name": "Require(31) node_modules/_egg-view@2.1.2@egg-view/app/extend/context.js",
    "start": 1568084397229,
    "end": 1568084397231,
    "duration": 2,
    "pid": 8440,
    "index": 38
  },
  {
    "name": "Require(32) node_modules/_egg@2.23.0@egg/app/extend/context.js",
    "start": 1568084397232,
    "end": 1568084397235,
    "duration": 3,
    "pid": 8440,
    "index": 39
  },
  {
    "name": "Load extend/helper.js",
    "start": 1568084397240,
    "end": 1568084397280,
    "duration": 40,
    "pid": 8440,
    "index": 40
  },
  {
    "name": "Require(33) node_modules/_egg-security@2.6.1@egg-security/app/extend/helper.js",
    "start": 1568084397240,
    "end": 1568084397273,
    "duration": 33,
    "pid": 8440,
    "index": 41
  },
  {
    "name": "Require(34) node_modules/_egg@2.23.0@egg/app/extend/helper.js",
    "start": 1568084397276,
    "end": 1568084397277,
    "duration": 1,
    "pid": 8440,
    "index": 42
  },
  {
    "name": "Load app.js",
    "start": 1568084397280,
    "end": 1568084397336,
    "duration": 56,
    "pid": 8440,
    "index": 43
  },
  {
    "name": "Require(35) node_modules/_egg-session@3.1.0@egg-session/app.js",
    "start": 1568084397281,
    "end": 1568084397281,
    "duration": 0,
    "pid": 8440,
    "index": 44
  },
  {
    "name": "Require(36) node_modules/_egg-security@2.6.1@egg-security/app.js",
    "start": 1568084397282,
    "end": 1568084397286,
    "duration": 4,
    "pid": 8440,
    "index": 45
  },
  {
    "name": "Require(37) node_modules/_egg-onerror@2.1.0@egg-onerror/app.js",
    "start": 1568084397287,
    "end": 1568084397302,
    "duration": 15,
    "pid": 8440,
    "index": 46
  },
  {
    "name": "Require(38) node_modules/_egg-i18n@2.1.1@egg-i18n/app.js",
    "start": 1568084397303,
    "end": 1568084397315,
    "duration": 12,
    "pid": 8440,
    "index": 47
  },
  {
    "name": "Require(39) node_modules/_egg-watcher@3.1.0@egg-watcher/app.js",
    "start": 1568084397315,
    "end": 1568084397322,
    "duration": 7,
    "pid": 8440,
    "index": 48
  },
  {
    "name": "Require(40) node_modules/_egg-schedule@3.6.4@egg-schedule/app.js",
    "start": 1568084397322,
    "end": 1568084397325,
    "duration": 3,
    "pid": 8440,
    "index": 49
  },
  {
    "name": "Require(41) node_modules/_egg-multipart@2.9.0@egg-multipart/app.js",
    "start": 1568084397326,
    "end": 1568084397330,
    "duration": 4,
    "pid": 8440,
    "index": 50
  },
  {
    "name": "Require(42) node_modules/_egg-development@2.4.3@egg-development/app.js",
    "start": 1568084397331,
    "end": 1568084397331,
    "duration": 0,
    "pid": 8440,
    "index": 51
  },
  {
    "name": "Require(43) node_modules/_egg-logrotator@3.1.0@egg-logrotator/app.js",
    "start": 1568084397332,
    "end": 1568084397332,
    "duration": 0,
    "pid": 8440,
    "index": 52
  },
  {
    "name": "Require(44) node_modules/_egg-static@2.2.0@egg-static/app.js",
    "start": 1568084397332,
    "end": 1568084397333,
    "duration": 1,
    "pid": 8440,
    "index": 53
  },
  {
    "name": "Require(45) node_modules/_egg-sequelize@5.2.0@egg-sequelize/app.js",
    "start": 1568084397334,
    "end": 1568084397334,
    "duration": 0,
    "pid": 8440,
    "index": 54
  },
  {
    "name": "Before Start in node_modules/_egg-watcher@3.1.0@egg-watcher/lib/init.js:15:14",
    "start": 1568084397353,
    "end": 1568084398169,
    "duration": 816,
    "pid": 8440,
    "index": 55
  },
  {
    "name": "Load \"Symbol(model)\" to Application",
    "start": 1568084397916,
    "end": 1568084397929,
    "duration": 13,
    "pid": 8440,
    "index": 56
  },
  {
    "name": "Before Start in node_modules/_egg-sequelize@5.2.0@egg-sequelize/lib/loader.js:39:7",
    "start": 1568084397929,
    "end": 1568084398206,
    "duration": 277,
    "pid": 8440,
    "index": 57
  },
  {
    "name": "Load Service",
    "start": 1568084397930,
    "end": 1568084397937,
    "duration": 7,
    "pid": 8440,
    "index": 58
  },
  {
    "name": "Load \"service\" to Context",
    "start": 1568084397930,
    "end": 1568084397937,
    "duration": 7,
    "pid": 8440,
    "index": 59
  },
  {
    "name": "Load Middleware",
    "start": 1568084397938,
    "end": 1568084398082,
    "duration": 144,
    "pid": 8440,
    "index": 60
  },
  {
    "name": "Load \"middlewares\" to Application",
    "start": 1568084397938,
    "end": 1568084398066,
    "duration": 128,
    "pid": 8440,
    "index": 61
  },
  {
    "name": "Load Controller",
    "start": 1568084398082,
    "end": 1568084398085,
    "duration": 3,
    "pid": 8440,
    "index": 62
  },
  {
    "name": "Load \"controller\" to Application",
    "start": 1568084398082,
    "end": 1568084398085,
    "duration": 3,
    "pid": 8440,
    "index": 63
  },
  {
    "name": "Load Router",
    "start": 1568084398085,
    "end": 1568084398089,
    "duration": 4,
    "pid": 8440,
    "index": 64
  },
  {
    "name": "Require(46) app/router.js",
    "start": 1568084398086,
    "end": 1568084398086,
    "duration": 0,
    "pid": 8440,
    "index": 65
  },
  {
    "name": "Before Start in node_modules/_egg-core@4.17.3@egg-core/lib/egg.js:303:10",
    "start": 1568084398087,
    "end": 1568084398109,
    "duration": 22,
    "pid": 8440,
    "index": 66
  }
]