[
  {
    "name": "Application Start",
    "start": 1568083791587,
    "end": 1568083792824,
    "duration": 1237,
    "pid": 8340,
    "index": 0
  },
  {
    "name": "Load Plugin",
    "start": 1568083791593,
    "end": 1568083791618,
    "duration": 25,
    "pid": 8340,
    "index": 1
  },
  {
    "name": "Load Config",
    "start": 1568083791618,
    "end": 1568083791644,
    "duration": 26,
    "pid": 8340,
    "index": 2
  },
  {
    "name": "Require(0) config/config.default.js",
    "start": 1568083791619,
    "end": 1568083791620,
    "duration": 1,
    "pid": 8340,
    "index": 3
  },
  {
    "name": "Require(1) node_modules/_egg-session@3.1.0@egg-session/config/config.default.js",
    "start": 1568083791622,
    "end": 1568083791622,
    "duration": 0,
    "pid": 8340,
    "index": 4
  },
  {
    "name": "Require(2) node_modules/_egg-security@2.6.1@egg-security/config/config.default.js",
    "start": 1568083791623,
    "end": 1568083791623,
    "duration": 0,
    "pid": 8340,
    "index": 5
  },
  {
    "name": "Require(3) node_modules/_egg-jsonp@2.0.0@egg-jsonp/config/config.default.js",
    "start": 1568083791625,
    "end": 1568083791625,
    "duration": 0,
    "pid": 8340,
    "index": 6
  },
  {
    "name": "Require(4) node_modules/_egg-onerror@2.1.0@egg-onerror/config/config.default.js",
    "start": 1568083791625,
    "end": 1568083791626,
    "duration": 1,
    "pid": 8340,
    "index": 7
  },
  {
    "name": "Require(5) node_modules/_egg-i18n@2.1.1@egg-i18n/config/config.default.js",
    "start": 1568083791626,
    "end": 1568083791627,
    "duration": 1,
    "pid": 8340,
    "index": 8
  },
  {
    "name": "Require(6) node_modules/_egg-watcher@3.1.0@egg-watcher/config/config.default.js",
    "start": 1568083791627,
    "end": 1568083791628,
    "duration": 1,
    "pid": 8340,
    "index": 9
  },
  {
    "name": "Require(7) node_modules/_egg-schedule@3.6.4@egg-schedule/config/config.default.js",
    "start": 1568083791628,
    "end": 1568083791629,
    "duration": 1,
    "pid": 8340,
    "index": 10
  },
  {
    "name": "Require(8) node_modules/_egg-multipart@2.9.0@egg-multipart/config/config.default.js",
    "start": 1568083791629,
    "end": 1568083791630,
    "duration": 1,
    "pid": 8340,
    "index": 11
  },
  {
    "name": "Require(9) node_modules/_egg-development@2.4.3@egg-development/config/config.default.js",
    "start": 1568083791631,
    "end": 1568083791631,
    "duration": 0,
    "pid": 8340,
    "index": 12
  },
  {
    "name": "Require(10) node_modules/_egg-logrotator@3.1.0@egg-logrotator/config/config.default.js",
    "start": 1568083791632,
    "end": 1568083791632,
    "duration": 0,
    "pid": 8340,
    "index": 13
  },
  {
    "name": "Require(11) node_modules/_egg-static@2.2.0@egg-static/config/config.default.js",
    "start": 1568083791632,
    "end": 1568083791633,
    "duration": 1,
    "pid": 8340,
    "index": 14
  },
  {
    "name": "Require(12) node_modules/_egg-view@2.1.2@egg-view/config/config.default.js",
    "start": 1568083791633,
    "end": 1568083791634,
    "duration": 1,
    "pid": 8340,
    "index": 15
  },
  {
    "name": "Require(13) node_modules/_egg-sequelize@5.2.0@egg-sequelize/config/config.default.js",
    "start": 1568083791634,
    "end": 1568083791635,
    "duration": 1,
    "pid": 8340,
    "index": 16
  },
  {
    "name": "Require(14) node_modules/_egg@2.23.0@egg/config/config.default.js",
    "start": 1568083791635,
    "end": 1568083791636,
    "duration": 1,
    "pid": 8340,
    "index": 17
  },
  {
    "name": "Require(15) config/config.default.js",
    "start": 1568083791637,
    "end": 1568083791638,
    "duration": 1,
    "pid": 8340,
    "index": 18
  },
  {
    "name": "Require(16) node_modules/_egg-security@2.6.1@egg-security/config/config.local.js",
    "start": 1568083791638,
    "end": 1568083791639,
    "duration": 1,
    "pid": 8340,
    "index": 19
  },
  {
    "name": "Require(17) node_modules/_egg-watcher@3.1.0@egg-watcher/config/config.local.js",
    "start": 1568083791640,
    "end": 1568083791640,
    "duration": 0,
    "pid": 8340,
    "index": 20
  },
  {
    "name": "Require(18) node_modules/_egg-view@2.1.2@egg-view/config/config.local.js",
    "start": 1568083791642,
    "end": 1568083791642,
    "duration": 0,
    "pid": 8340,
    "index": 21
  },
  {
    "name": "Require(19) node_modules/_egg@2.23.0@egg/config/config.local.js",
    "start": 1568083791643,
    "end": 1568083791643,
    "duration": 0,
    "pid": 8340,
    "index": 22
  },
  {
    "name": "Load extend/application.js",
    "start": 1568083791645,
    "end": 1568083791664,
    "duration": 19,
    "pid": 8340,
    "index": 23
  },
  {
    "name": "Require(20) node_modules/_egg-session@3.1.0@egg-session/app/extend/application.js",
    "start": 1568083791646,
    "end": 1568083791647,
    "duration": 1,
    "pid": 8340,
    "index": 24
  },
  {
    "name": "Require(21) node_modules/_egg-security@2.6.1@egg-security/app/extend/application.js",
    "start": 1568083791647,
    "end": 1568083791648,
    "duration": 1,
    "pid": 8340,
    "index": 25
  },
  {
    "name": "Require(22) node_modules/_egg-jsonp@2.0.0@egg-jsonp/app/extend/application.js",
    "start": 1568083791649,
    "end": 1568083791652,
    "duration": 3,
    "pid": 8340,
    "index": 26
  },
  {
    "name": "Require(23) node_modules/_egg-logrotator@3.1.0@egg-logrotator/app/extend/application.js",
    "start": 1568083791654,
    "end": 1568083791658,
    "duration": 4,
    "pid": 8340,
    "index": 27
  },
  {
    "name": "Require(24) node_modules/_egg-view@2.1.2@egg-view/app/extend/application.js",
    "start": 1568083791659,
    "end": 1568083791661,
    "duration": 2,
    "pid": 8340,
    "index": 28
  },
  {
    "name": "Load extend/request.js",
    "start": 1568083791665,
    "end": 1568083791674,
    "duration": 9,
    "pid": 8340,
    "index": 29
  },
  {
    "name": "Require(25) node_modules/_egg@2.23.0@egg/app/extend/request.js",
    "start": 1568083791668,
    "end": 1568083791670,
    "duration": 2,
    "pid": 8340,
    "index": 30
  },
  {
    "name": "Load extend/response.js",
    "start": 1568083791674,
    "end": 1568083791683,
    "duration": 9,
    "pid": 8340,
    "index": 31
  },
  {
    "name": "Require(26) node_modules/_egg@2.23.0@egg/app/extend/response.js",
    "start": 1568083791677,
    "end": 1568083791680,
    "duration": 3,
    "pid": 8340,
    "index": 32
  },
  {
    "name": "Load extend/context.js",
    "start": 1568083791683,
    "end": 1568083791884,
    "duration": 201,
    "pid": 8340,
    "index": 33
  },
  {
    "name": "Require(27) node_modules/_egg-security@2.6.1@egg-security/app/extend/context.js",
    "start": 1568083791684,
    "end": 1568083791710,
    "duration": 26,
    "pid": 8340,
    "index": 34
  },
  {
    "name": "Require(28) node_modules/_egg-jsonp@2.0.0@egg-jsonp/app/extend/context.js",
    "start": 1568083791711,
    "end": 1568083791714,
    "duration": 3,
    "pid": 8340,
    "index": 35
  },
  {
    "name": "Require(29) node_modules/_egg-i18n@2.1.1@egg-i18n/app/extend/context.js",
    "start": 1568083791715,
    "end": 1568083791715,
    "duration": 0,
    "pid": 8340,
    "index": 36
  },
  {
    "name": "Require(30) node_modules/_egg-multipart@2.9.0@egg-multipart/app/extend/context.js",
    "start": 1568083791716,
    "end": 1568083791857,
    "duration": 141,
    "pid": 8340,
    "index": 37
  },
  {
    "name": "Require(31) node_modules/_egg-view@2.1.2@egg-view/app/extend/context.js",
    "start": 1568083791866,
    "end": 1568083791870,
    "duration": 4,
    "pid": 8340,
    "index": 38
  },
  {
    "name": "Require(32) node_modules/_egg@2.23.0@egg/app/extend/context.js",
    "start": 1568083791872,
    "end": 1568083791878,
    "duration": 6,
    "pid": 8340,
    "index": 39
  },
  {
    "name": "Load extend/helper.js",
    "start": 1568083791884,
    "end": 1568083791933,
    "duration": 49,
    "pid": 8340,
    "index": 40
  },
  {
    "name": "Require(33) node_modules/_egg-security@2.6.1@egg-security/app/extend/helper.js",
    "start": 1568083791885,
    "end": 1568083791924,
    "duration": 39,
    "pid": 8340,
    "index": 41
  },
  {
    "name": "Require(34) node_modules/_egg@2.23.0@egg/app/extend/helper.js",
    "start": 1568083791927,
    "end": 1568083791928,
    "duration": 1,
    "pid": 8340,
    "index": 42
  },
  {
    "name": "Load app.js",
    "start": 1568083791933,
    "end": 1568083792008,
    "duration": 75,
    "pid": 8340,
    "index": 43
  },
  {
    "name": "Require(35) node_modules/_egg-session@3.1.0@egg-session/app.js",
    "start": 1568083791934,
    "end": 1568083791935,
    "duration": 1,
    "pid": 8340,
    "index": 44
  },
  {
    "name": "Require(36) node_modules/_egg-security@2.6.1@egg-security/app.js",
    "start": 1568083791936,
    "end": 1568083791941,
    "duration": 5,
    "pid": 8340,
    "index": 45
  },
  {
    "name": "Require(37) node_modules/_egg-onerror@2.1.0@egg-onerror/app.js",
    "start": 1568083791942,
    "end": 1568083791965,
    "duration": 23,
    "pid": 8340,
    "index": 46
  },
  {
    "name": "Require(38) node_modules/_egg-i18n@2.1.1@egg-i18n/app.js",
    "start": 1568083791967,
    "end": 1568083791986,
    "duration": 19,
    "pid": 8340,
    "index": 47
  },
  {
    "name": "Require(39) node_modules/_egg-watcher@3.1.0@egg-watcher/app.js",
    "start": 1568083791986,
    "end": 1568083791994,
    "duration": 8,
    "pid": 8340,
    "index": 48
  },
  {
    "name": "Require(40) node_modules/_egg-schedule@3.6.4@egg-schedule/app.js",
    "start": 1568083791994,
    "end": 1568083791997,
    "duration": 3,
    "pid": 8340,
    "index": 49
  },
  {
    "name": "Require(41) node_modules/_egg-multipart@2.9.0@egg-multipart/app.js",
    "start": 1568083791998,
    "end": 1568083792002,
    "duration": 4,
    "pid": 8340,
    "index": 50
  },
  {
    "name": "Require(42) node_modules/_egg-development@2.4.3@egg-development/app.js",
    "start": 1568083792003,
    "end": 1568083792003,
    "duration": 0,
    "pid": 8340,
    "index": 51
  },
  {
    "name": "Require(43) node_modules/_egg-logrotator@3.1.0@egg-logrotator/app.js",
    "start": 1568083792003,
    "end": 1568083792004,
    "duration": 1,
    "pid": 8340,
    "index": 52
  },
  {
    "name": "Require(44) node_modules/_egg-static@2.2.0@egg-static/app.js",
    "start": 1568083792004,
    "end": 1568083792005,
    "duration": 1,
    "pid": 8340,
    "index": 53
  },
  {
    "name": "Require(45) node_modules/_egg-sequelize@5.2.0@egg-sequelize/app.js",
    "start": 1568083792006,
    "end": 1568083792006,
    "duration": 0,
    "pid": 8340,
    "index": 54
  },
  {
    "name": "Before Start in node_modules/_egg-watcher@3.1.0@egg-watcher/lib/init.js:15:14",
    "start": 1568083792029,
    "end": 1568083792791,
    "duration": 762,
    "pid": 8340,
    "index": 55
  },
  {
    "name": "Load \"Symbol(model)\" to Application",
    "start": 1568083792560,
    "end": 1568083792571,
    "duration": 11,
    "pid": 8340,
    "index": 56
  },
  {
    "name": "Before Start in node_modules/_egg-sequelize@5.2.0@egg-sequelize/lib/loader.js:39:7",
    "start": 1568083792571,
    "end": 1568083792823,
    "duration": 252,
    "pid": 8340,
    "index": 57
  },
  {
    "name": "Load Service",
    "start": 1568083792571,
    "end": 1568083792577,
    "duration": 6,
    "pid": 8340,
    "index": 58
  },
  {
    "name": "Load \"service\" to Context",
    "start": 1568083792571,
    "end": 1568083792577,
    "duration": 6,
    "pid": 8340,
    "index": 59
  },
  {
    "name": "Load Middleware",
    "start": 1568083792577,
    "end": 1568083792708,
    "duration": 131,
    "pid": 8340,
    "index": 60
  },
  {
    "name": "Load \"middlewares\" to Application",
    "start": 1568083792578,
    "end": 1568083792692,
    "duration": 114,
    "pid": 8340,
    "index": 61
  },
  {
    "name": "Load Controller",
    "start": 1568083792708,
    "end": 1568083792711,
    "duration": 3,
    "pid": 8340,
    "index": 62
  },
  {
    "name": "Load \"controller\" to Application",
    "start": 1568083792708,
    "end": 1568083792711,
    "duration": 3,
    "pid": 8340,
    "index": 63
  },
  {
    "name": "Load Router",
    "start": 1568083792711,
    "end": 1568083792714,
    "duration": 3,
    "pid": 8340,
    "index": 64
  },
  {
    "name": "Require(46) app/router.js",
    "start": 1568083792712,
    "end": 1568083792712,
    "duration": 0,
    "pid": 8340,
    "index": 65
  },
  {
    "name": "Before Start in node_modules/_egg-core@4.17.3@egg-core/lib/egg.js:303:10",
    "start": 1568083792712,
    "end": 1568083792734,
    "duration": 22,
    "pid": 8340,
    "index": 66
  }
]