[
  {
    "name": "Application Start",
    "start": 1568084243443,
    "end": 1568084244528,
    "duration": 1085,
    "pid": 1812,
    "index": 0
  },
  {
    "name": "Load Plugin",
    "start": 1568084243449,
    "end": 1568084243473,
    "duration": 24,
    "pid": 1812,
    "index": 1
  },
  {
    "name": "Load Config",
    "start": 1568084243474,
    "end": 1568084243500,
    "duration": 26,
    "pid": 1812,
    "index": 2
  },
  {
    "name": "Require(0) config/config.default.js",
    "start": 1568084243475,
    "end": 1568084243475,
    "duration": 0,
    "pid": 1812,
    "index": 3
  },
  {
    "name": "Require(1) node_modules/_egg-session@3.1.0@egg-session/config/config.default.js",
    "start": 1568084243478,
    "end": 1568084243478,
    "duration": 0,
    "pid": 1812,
    "index": 4
  },
  {
    "name": "Require(2) node_modules/_egg-security@2.6.1@egg-security/config/config.default.js",
    "start": 1568084243479,
    "end": 1568084243479,
    "duration": 0,
    "pid": 1812,
    "index": 5
  },
  {
    "name": "Require(3) node_modules/_egg-jsonp@2.0.0@egg-jsonp/config/config.default.js",
    "start": 1568084243481,
    "end": 1568084243481,
    "duration": 0,
    "pid": 1812,
    "index": 6
  },
  {
    "name": "Require(4) node_modules/_egg-onerror@2.1.0@egg-onerror/config/config.default.js",
    "start": 1568084243482,
    "end": 1568084243482,
    "duration": 0,
    "pid": 1812,
    "index": 7
  },
  {
    "name": "Require(5) node_modules/_egg-i18n@2.1.1@egg-i18n/config/config.default.js",
    "start": 1568084243483,
    "end": 1568084243483,
    "duration": 0,
    "pid": 1812,
    "index": 8
  },
  {
    "name": "Require(6) node_modules/_egg-watcher@3.1.0@egg-watcher/config/config.default.js",
    "start": 1568084243484,
    "end": 1568084243484,
    "duration": 0,
    "pid": 1812,
    "index": 9
  },
  {
    "name": "Require(7) node_modules/_egg-schedule@3.6.4@egg-schedule/config/config.default.js",
    "start": 1568084243485,
    "end": 1568084243485,
    "duration": 0,
    "pid": 1812,
    "index": 10
  },
  {
    "name": "Require(8) node_modules/_egg-multipart@2.9.0@egg-multipart/config/config.default.js",
    "start": 1568084243486,
    "end": 1568084243486,
    "duration": 0,
    "pid": 1812,
    "index": 11
  },
  {
    "name": "Require(9) node_modules/_egg-development@2.4.3@egg-development/config/config.default.js",
    "start": 1568084243487,
    "end": 1568084243487,
    "duration": 0,
    "pid": 1812,
    "index": 12
  },
  {
    "name": "Require(10) node_modules/_egg-logrotator@3.1.0@egg-logrotator/config/config.default.js",
    "start": 1568084243488,
    "end": 1568084243488,
    "duration": 0,
    "pid": 1812,
    "index": 13
  },
  {
    "name": "Require(11) node_modules/_egg-static@2.2.0@egg-static/config/config.default.js",
    "start": 1568084243489,
    "end": 1568084243489,
    "duration": 0,
    "pid": 1812,
    "index": 14
  },
  {
    "name": "Require(12) node_modules/_egg-view@2.1.2@egg-view/config/config.default.js",
    "start": 1568084243490,
    "end": 1568084243490,
    "duration": 0,
    "pid": 1812,
    "index": 15
  },
  {
    "name": "Require(13) node_modules/_egg-sequelize@5.2.0@egg-sequelize/config/config.default.js",
    "start": 1568084243491,
    "end": 1568084243491,
    "duration": 0,
    "pid": 1812,
    "index": 16
  },
  {
    "name": "Require(14) node_modules/_egg@2.23.0@egg/config/config.default.js",
    "start": 1568084243492,
    "end": 1568084243492,
    "duration": 0,
    "pid": 1812,
    "index": 17
  },
  {
    "name": "Require(15) config/config.default.js",
    "start": 1568084243494,
    "end": 1568084243494,
    "duration": 0,
    "pid": 1812,
    "index": 18
  },
  {
    "name": "Require(16) node_modules/_egg-security@2.6.1@egg-security/config/config.local.js",
    "start": 1568084243495,
    "end": 1568084243495,
    "duration": 0,
    "pid": 1812,
    "index": 19
  },
  {
    "name": "Require(17) node_modules/_egg-watcher@3.1.0@egg-watcher/config/config.local.js",
    "start": 1568084243497,
    "end": 1568084243497,
    "duration": 0,
    "pid": 1812,
    "index": 20
  },
  {
    "name": "Require(18) node_modules/_egg-view@2.1.2@egg-view/config/config.local.js",
    "start": 1568084243499,
    "end": 1568084243499,
    "duration": 0,
    "pid": 1812,
    "index": 21
  },
  {
    "name": "Require(19) node_modules/_egg@2.23.0@egg/config/config.local.js",
    "start": 1568084243500,
    "end": 1568084243500,
    "duration": 0,
    "pid": 1812,
    "index": 22
  },
  {
    "name": "Load extend/application.js",
    "start": 1568084243502,
    "end": 1568084243521,
    "duration": 19,
    "pid": 1812,
    "index": 23
  },
  {
    "name": "Require(20) node_modules/_egg-session@3.1.0@egg-session/app/extend/application.js",
    "start": 1568084243503,
    "end": 1568084243503,
    "duration": 0,
    "pid": 1812,
    "index": 24
  },
  {
    "name": "Require(21) node_modules/_egg-security@2.6.1@egg-security/app/extend/application.js",
    "start": 1568084243504,
    "end": 1568084243505,
    "duration": 1,
    "pid": 1812,
    "index": 25
  },
  {
    "name": "Require(22) node_modules/_egg-jsonp@2.0.0@egg-jsonp/app/extend/application.js",
    "start": 1568084243506,
    "end": 1568084243509,
    "duration": 3,
    "pid": 1812,
    "index": 26
  },
  {
    "name": "Require(23) node_modules/_egg-logrotator@3.1.0@egg-logrotator/app/extend/application.js",
    "start": 1568084243511,
    "end": 1568084243515,
    "duration": 4,
    "pid": 1812,
    "index": 27
  },
  {
    "name": "Require(24) node_modules/_egg-view@2.1.2@egg-view/app/extend/application.js",
    "start": 1568084243515,
    "end": 1568084243518,
    "duration": 3,
    "pid": 1812,
    "index": 28
  },
  {
    "name": "Load extend/request.js",
    "start": 1568084243522,
    "end": 1568084243530,
    "duration": 8,
    "pid": 1812,
    "index": 29
  },
  {
    "name": "Require(25) node_modules/_egg@2.23.0@egg/app/extend/request.js",
    "start": 1568084243525,
    "end": 1568084243527,
    "duration": 2,
    "pid": 1812,
    "index": 30
  },
  {
    "name": "Load extend/response.js",
    "start": 1568084243530,
    "end": 1568084243541,
    "duration": 11,
    "pid": 1812,
    "index": 31
  },
  {
    "name": "Require(26) node_modules/_egg@2.23.0@egg/app/extend/response.js",
    "start": 1568084243533,
    "end": 1568084243537,
    "duration": 4,
    "pid": 1812,
    "index": 32
  },
  {
    "name": "Load extend/context.js",
    "start": 1568084243541,
    "end": 1568084243648,
    "duration": 107,
    "pid": 1812,
    "index": 33
  },
  {
    "name": "Require(27) node_modules/_egg-security@2.6.1@egg-security/app/extend/context.js",
    "start": 1568084243541,
    "end": 1568084243562,
    "duration": 21,
    "pid": 1812,
    "index": 34
  },
  {
    "name": "Require(28) node_modules/_egg-jsonp@2.0.0@egg-jsonp/app/extend/context.js",
    "start": 1568084243562,
    "end": 1568084243565,
    "duration": 3,
    "pid": 1812,
    "index": 35
  },
  {
    "name": "Require(29) node_modules/_egg-i18n@2.1.1@egg-i18n/app/extend/context.js",
    "start": 1568084243566,
    "end": 1568084243566,
    "duration": 0,
    "pid": 1812,
    "index": 36
  },
  {
    "name": "Require(30) node_modules/_egg-multipart@2.9.0@egg-multipart/app/extend/context.js",
    "start": 1568084243567,
    "end": 1568084243639,
    "duration": 72,
    "pid": 1812,
    "index": 37
  },
  {
    "name": "Require(31) node_modules/_egg-view@2.1.2@egg-view/app/extend/context.js",
    "start": 1568084243640,
    "end": 1568084243641,
    "duration": 1,
    "pid": 1812,
    "index": 38
  },
  {
    "name": "Require(32) node_modules/_egg@2.23.0@egg/app/extend/context.js",
    "start": 1568084243642,
    "end": 1568084243645,
    "duration": 3,
    "pid": 1812,
    "index": 39
  },
  {
    "name": "Load extend/helper.js",
    "start": 1568084243648,
    "end": 1568084243685,
    "duration": 37,
    "pid": 1812,
    "index": 40
  },
  {
    "name": "Require(33) node_modules/_egg-security@2.6.1@egg-security/app/extend/helper.js",
    "start": 1568084243649,
    "end": 1568084243678,
    "duration": 29,
    "pid": 1812,
    "index": 41
  },
  {
    "name": "Require(34) node_modules/_egg@2.23.0@egg/app/extend/helper.js",
    "start": 1568084243681,
    "end": 1568084243681,
    "duration": 0,
    "pid": 1812,
    "index": 42
  },
  {
    "name": "Load app.js",
    "start": 1568084243685,
    "end": 1568084243740,
    "duration": 55,
    "pid": 1812,
    "index": 43
  },
  {
    "name": "Require(35) node_modules/_egg-session@3.1.0@egg-session/app.js",
    "start": 1568084243686,
    "end": 1568084243686,
    "duration": 0,
    "pid": 1812,
    "index": 44
  },
  {
    "name": "Require(36) node_modules/_egg-security@2.6.1@egg-security/app.js",
    "start": 1568084243687,
    "end": 1568084243689,
    "duration": 2,
    "pid": 1812,
    "index": 45
  },
  {
    "name": "Require(37) node_modules/_egg-onerror@2.1.0@egg-onerror/app.js",
    "start": 1568084243690,
    "end": 1568084243707,
    "duration": 17,
    "pid": 1812,
    "index": 46
  },
  {
    "name": "Require(38) node_modules/_egg-i18n@2.1.1@egg-i18n/app.js",
    "start": 1568084243707,
    "end": 1568084243719,
    "duration": 12,
    "pid": 1812,
    "index": 47
  },
  {
    "name": "Require(39) node_modules/_egg-watcher@3.1.0@egg-watcher/app.js",
    "start": 1568084243720,
    "end": 1568084243725,
    "duration": 5,
    "pid": 1812,
    "index": 48
  },
  {
    "name": "Require(40) node_modules/_egg-schedule@3.6.4@egg-schedule/app.js",
    "start": 1568084243726,
    "end": 1568084243729,
    "duration": 3,
    "pid": 1812,
    "index": 49
  },
  {
    "name": "Require(41) node_modules/_egg-multipart@2.9.0@egg-multipart/app.js",
    "start": 1568084243730,
    "end": 1568084243734,
    "duration": 4,
    "pid": 1812,
    "index": 50
  },
  {
    "name": "Require(42) node_modules/_egg-development@2.4.3@egg-development/app.js",
    "start": 1568084243735,
    "end": 1568084243735,
    "duration": 0,
    "pid": 1812,
    "index": 51
  },
  {
    "name": "Require(43) node_modules/_egg-logrotator@3.1.0@egg-logrotator/app.js",
    "start": 1568084243735,
    "end": 1568084243736,
    "duration": 1,
    "pid": 1812,
    "index": 52
  },
  {
    "name": "Require(44) node_modules/_egg-static@2.2.0@egg-static/app.js",
    "start": 1568084243736,
    "end": 1568084243737,
    "duration": 1,
    "pid": 1812,
    "index": 53
  },
  {
    "name": "Require(45) node_modules/_egg-sequelize@5.2.0@egg-sequelize/app.js",
    "start": 1568084243738,
    "end": 1568084243738,
    "duration": 0,
    "pid": 1812,
    "index": 54
  },
  {
    "name": "Before Start in node_modules/_egg-watcher@3.1.0@egg-watcher/lib/init.js:15:14",
    "start": 1568084243755,
    "end": 1568084244487,
    "duration": 732,
    "pid": 1812,
    "index": 55
  },
  {
    "name": "Load \"Symbol(model)\" to Application",
    "start": 1568084244253,
    "end": 1568084244265,
    "duration": 12,
    "pid": 1812,
    "index": 56
  },
  {
    "name": "Before Start in node_modules/_egg-sequelize@5.2.0@egg-sequelize/lib/loader.js:39:7",
    "start": 1568084244266,
    "end": 1568084244528,
    "duration": 262,
    "pid": 1812,
    "index": 57
  },
  {
    "name": "Load Service",
    "start": 1568084244266,
    "end": 1568084244271,
    "duration": 5,
    "pid": 1812,
    "index": 58
  },
  {
    "name": "Load \"service\" to Context",
    "start": 1568084244266,
    "end": 1568084244271,
    "duration": 5,
    "pid": 1812,
    "index": 59
  },
  {
    "name": "Load Middleware",
    "start": 1568084244271,
    "end": 1568084244400,
    "duration": 129,
    "pid": 1812,
    "index": 60
  },
  {
    "name": "Load \"middlewares\" to Application",
    "start": 1568084244271,
    "end": 1568084244384,
    "duration": 113,
    "pid": 1812,
    "index": 61
  },
  {
    "name": "Load Controller",
    "start": 1568084244400,
    "end": 1568084244402,
    "duration": 2,
    "pid": 1812,
    "index": 62
  },
  {
    "name": "Load \"controller\" to Application",
    "start": 1568084244400,
    "end": 1568084244402,
    "duration": 2,
    "pid": 1812,
    "index": 63
  },
  {
    "name": "Load Router",
    "start": 1568084244402,
    "end": 1568084244405,
    "duration": 3,
    "pid": 1812,
    "index": 64
  },
  {
    "name": "Require(46) app/router.js",
    "start": 1568084244403,
    "end": 1568084244403,
    "duration": 0,
    "pid": 1812,
    "index": 65
  },
  {
    "name": "Before Start in node_modules/_egg-core@4.17.3@egg-core/lib/egg.js:303:10",
    "start": 1568084244404,
    "end": 1568084244426,
    "duration": 22,
    "pid": 1812,
    "index": 66
  }
]