[
  {
    "name": "Application Start",
    "start": 1568084273234,
    "end": 1568084274392,
    "duration": 1158,
    "pid": 8292,
    "index": 0
  },
  {
    "name": "Load Plugin",
    "start": 1568084273242,
    "end": 1568084273270,
    "duration": 28,
    "pid": 8292,
    "index": 1
  },
  {
    "name": "Load Config",
    "start": 1568084273271,
    "end": 1568084273301,
    "duration": 30,
    "pid": 8292,
    "index": 2
  },
  {
    "name": "Require(0) config/config.default.js",
    "start": 1568084273272,
    "end": 1568084273272,
    "duration": 0,
    "pid": 8292,
    "index": 3
  },
  {
    "name": "Require(1) node_modules/_egg-session@3.1.0@egg-session/config/config.default.js",
    "start": 1568084273276,
    "end": 1568084273276,
    "duration": 0,
    "pid": 8292,
    "index": 4
  },
  {
    "name": "Require(2) node_modules/_egg-security@2.6.1@egg-security/config/config.default.js",
    "start": 1568084273277,
    "end": 1568084273277,
    "duration": 0,
    "pid": 8292,
    "index": 5
  },
  {
    "name": "Require(3) node_modules/_egg-jsonp@2.0.0@egg-jsonp/config/config.default.js",
    "start": 1568084273278,
    "end": 1568084273279,
    "duration": 1,
    "pid": 8292,
    "index": 6
  },
  {
    "name": "Require(4) node_modules/_egg-onerror@2.1.0@egg-onerror/config/config.default.js",
    "start": 1568084273279,
    "end": 1568084273280,
    "duration": 1,
    "pid": 8292,
    "index": 7
  },
  {
    "name": "Require(5) node_modules/_egg-i18n@2.1.1@egg-i18n/config/config.default.js",
    "start": 1568084273280,
    "end": 1568084273280,
    "duration": 0,
    "pid": 8292,
    "index": 8
  },
  {
    "name": "Require(6) node_modules/_egg-watcher@3.1.0@egg-watcher/config/config.default.js",
    "start": 1568084273281,
    "end": 1568084273282,
    "duration": 1,
    "pid": 8292,
    "index": 9
  },
  {
    "name": "Require(7) node_modules/_egg-schedule@3.6.4@egg-schedule/config/config.default.js",
    "start": 1568084273282,
    "end": 1568084273282,
    "duration": 0,
    "pid": 8292,
    "index": 10
  },
  {
    "name": "Require(8) node_modules/_egg-multipart@2.9.0@egg-multipart/config/config.default.js",
    "start": 1568084273283,
    "end": 1568084273284,
    "duration": 1,
    "pid": 8292,
    "index": 11
  },
  {
    "name": "Require(9) node_modules/_egg-development@2.4.3@egg-development/config/config.default.js",
    "start": 1568084273285,
    "end": 1568084273285,
    "duration": 0,
    "pid": 8292,
    "index": 12
  },
  {
    "name": "Require(10) node_modules/_egg-logrotator@3.1.0@egg-logrotator/config/config.default.js",
    "start": 1568084273286,
    "end": 1568084273286,
    "duration": 0,
    "pid": 8292,
    "index": 13
  },
  {
    "name": "Require(11) node_modules/_egg-static@2.2.0@egg-static/config/config.default.js",
    "start": 1568084273287,
    "end": 1568084273287,
    "duration": 0,
    "pid": 8292,
    "index": 14
  },
  {
    "name": "Require(12) node_modules/_egg-view@2.1.2@egg-view/config/config.default.js",
    "start": 1568084273288,
    "end": 1568084273289,
    "duration": 1,
    "pid": 8292,
    "index": 15
  },
  {
    "name": "Require(13) node_modules/_egg-sequelize@5.2.0@egg-sequelize/config/config.default.js",
    "start": 1568084273290,
    "end": 1568084273290,
    "duration": 0,
    "pid": 8292,
    "index": 16
  },
  {
    "name": "Require(14) node_modules/_egg@2.23.0@egg/config/config.default.js",
    "start": 1568084273291,
    "end": 1568084273292,
    "duration": 1,
    "pid": 8292,
    "index": 17
  },
  {
    "name": "Require(15) config/config.default.js",
    "start": 1568084273294,
    "end": 1568084273294,
    "duration": 0,
    "pid": 8292,
    "index": 18
  },
  {
    "name": "Require(16) node_modules/_egg-security@2.6.1@egg-security/config/config.local.js",
    "start": 1568084273295,
    "end": 1568084273295,
    "duration": 0,
    "pid": 8292,
    "index": 19
  },
  {
    "name": "Require(17) node_modules/_egg-watcher@3.1.0@egg-watcher/config/config.local.js",
    "start": 1568084273296,
    "end": 1568084273297,
    "duration": 1,
    "pid": 8292,
    "index": 20
  },
  {
    "name": "Require(18) node_modules/_egg-view@2.1.2@egg-view/config/config.local.js",
    "start": 1568084273299,
    "end": 1568084273300,
    "duration": 1,
    "pid": 8292,
    "index": 21
  },
  {
    "name": "Require(19) node_modules/_egg@2.23.0@egg/config/config.local.js",
    "start": 1568084273301,
    "end": 1568084273301,
    "duration": 0,
    "pid": 8292,
    "index": 22
  },
  {
    "name": "Load extend/application.js",
    "start": 1568084273303,
    "end": 1568084273324,
    "duration": 21,
    "pid": 8292,
    "index": 23
  },
  {
    "name": "Require(20) node_modules/_egg-session@3.1.0@egg-session/app/extend/application.js",
    "start": 1568084273304,
    "end": 1568084273305,
    "duration": 1,
    "pid": 8292,
    "index": 24
  },
  {
    "name": "Require(21) node_modules/_egg-security@2.6.1@egg-security/app/extend/application.js",
    "start": 1568084273305,
    "end": 1568084273307,
    "duration": 2,
    "pid": 8292,
    "index": 25
  },
  {
    "name": "Require(22) node_modules/_egg-jsonp@2.0.0@egg-jsonp/app/extend/application.js",
    "start": 1568084273307,
    "end": 1568084273310,
    "duration": 3,
    "pid": 8292,
    "index": 26
  },
  {
    "name": "Require(23) node_modules/_egg-logrotator@3.1.0@egg-logrotator/app/extend/application.js",
    "start": 1568084273312,
    "end": 1568084273316,
    "duration": 4,
    "pid": 8292,
    "index": 27
  },
  {
    "name": "Require(24) node_modules/_egg-view@2.1.2@egg-view/app/extend/application.js",
    "start": 1568084273317,
    "end": 1568084273320,
    "duration": 3,
    "pid": 8292,
    "index": 28
  },
  {
    "name": "Load extend/request.js",
    "start": 1568084273324,
    "end": 1568084273333,
    "duration": 9,
    "pid": 8292,
    "index": 29
  },
  {
    "name": "Require(25) node_modules/_egg@2.23.0@egg/app/extend/request.js",
    "start": 1568084273328,
    "end": 1568084273330,
    "duration": 2,
    "pid": 8292,
    "index": 30
  },
  {
    "name": "Load extend/response.js",
    "start": 1568084273334,
    "end": 1568084273346,
    "duration": 12,
    "pid": 8292,
    "index": 31
  },
  {
    "name": "Require(26) node_modules/_egg@2.23.0@egg/app/extend/response.js",
    "start": 1568084273338,
    "end": 1568084273342,
    "duration": 4,
    "pid": 8292,
    "index": 32
  },
  {
    "name": "Load extend/context.js",
    "start": 1568084273346,
    "end": 1568084273473,
    "duration": 127,
    "pid": 8292,
    "index": 33
  },
  {
    "name": "Require(27) node_modules/_egg-security@2.6.1@egg-security/app/extend/context.js",
    "start": 1568084273347,
    "end": 1568084273370,
    "duration": 23,
    "pid": 8292,
    "index": 34
  },
  {
    "name": "Require(28) node_modules/_egg-jsonp@2.0.0@egg-jsonp/app/extend/context.js",
    "start": 1568084273371,
    "end": 1568084273375,
    "duration": 4,
    "pid": 8292,
    "index": 35
  },
  {
    "name": "Require(29) node_modules/_egg-i18n@2.1.1@egg-i18n/app/extend/context.js",
    "start": 1568084273376,
    "end": 1568084273376,
    "duration": 0,
    "pid": 8292,
    "index": 36
  },
  {
    "name": "Require(30) node_modules/_egg-multipart@2.9.0@egg-multipart/app/extend/context.js",
    "start": 1568084273378,
    "end": 1568084273461,
    "duration": 83,
    "pid": 8292,
    "index": 37
  },
  {
    "name": "Require(31) node_modules/_egg-view@2.1.2@egg-view/app/extend/context.js",
    "start": 1568084273462,
    "end": 1568084273464,
    "duration": 2,
    "pid": 8292,
    "index": 38
  },
  {
    "name": "Require(32) node_modules/_egg@2.23.0@egg/app/extend/context.js",
    "start": 1568084273464,
    "end": 1568084273468,
    "duration": 4,
    "pid": 8292,
    "index": 39
  },
  {
    "name": "Load extend/helper.js",
    "start": 1568084273473,
    "end": 1568084273512,
    "duration": 39,
    "pid": 8292,
    "index": 40
  },
  {
    "name": "Require(33) node_modules/_egg-security@2.6.1@egg-security/app/extend/helper.js",
    "start": 1568084273474,
    "end": 1568084273505,
    "duration": 31,
    "pid": 8292,
    "index": 41
  },
  {
    "name": "Require(34) node_modules/_egg@2.23.0@egg/app/extend/helper.js",
    "start": 1568084273508,
    "end": 1568084273508,
    "duration": 0,
    "pid": 8292,
    "index": 42
  },
  {
    "name": "Load app.js",
    "start": 1568084273513,
    "end": 1568084273572,
    "duration": 59,
    "pid": 8292,
    "index": 43
  },
  {
    "name": "Require(35) node_modules/_egg-session@3.1.0@egg-session/app.js",
    "start": 1568084273513,
    "end": 1568084273513,
    "duration": 0,
    "pid": 8292,
    "index": 44
  },
  {
    "name": "Require(36) node_modules/_egg-security@2.6.1@egg-security/app.js",
    "start": 1568084273514,
    "end": 1568084273517,
    "duration": 3,
    "pid": 8292,
    "index": 45
  },
  {
    "name": "Require(37) node_modules/_egg-onerror@2.1.0@egg-onerror/app.js",
    "start": 1568084273518,
    "end": 1568084273535,
    "duration": 17,
    "pid": 8292,
    "index": 46
  },
  {
    "name": "Require(38) node_modules/_egg-i18n@2.1.1@egg-i18n/app.js",
    "start": 1568084273536,
    "end": 1568084273550,
    "duration": 14,
    "pid": 8292,
    "index": 47
  },
  {
    "name": "Require(39) node_modules/_egg-watcher@3.1.0@egg-watcher/app.js",
    "start": 1568084273551,
    "end": 1568084273557,
    "duration": 6,
    "pid": 8292,
    "index": 48
  },
  {
    "name": "Require(40) node_modules/_egg-schedule@3.6.4@egg-schedule/app.js",
    "start": 1568084273558,
    "end": 1568084273561,
    "duration": 3,
    "pid": 8292,
    "index": 49
  },
  {
    "name": "Require(41) node_modules/_egg-multipart@2.9.0@egg-multipart/app.js",
    "start": 1568084273561,
    "end": 1568084273566,
    "duration": 5,
    "pid": 8292,
    "index": 50
  },
  {
    "name": "Require(42) node_modules/_egg-development@2.4.3@egg-development/app.js",
    "start": 1568084273566,
    "end": 1568084273567,
    "duration": 1,
    "pid": 8292,
    "index": 51
  },
  {
    "name": "Require(43) node_modules/_egg-logrotator@3.1.0@egg-logrotator/app.js",
    "start": 1568084273568,
    "end": 1568084273568,
    "duration": 0,
    "pid": 8292,
    "index": 52
  },
  {
    "name": "Require(44) node_modules/_egg-static@2.2.0@egg-static/app.js",
    "start": 1568084273568,
    "end": 1568084273569,
    "duration": 1,
    "pid": 8292,
    "index": 53
  },
  {
    "name": "Require(45) node_modules/_egg-sequelize@5.2.0@egg-sequelize/app.js",
    "start": 1568084273570,
    "end": 1568084273571,
    "duration": 1,
    "pid": 8292,
    "index": 54
  },
  {
    "name": "Before Start in node_modules/_egg-watcher@3.1.0@egg-watcher/lib/init.js:15:14",
    "start": 1568084273589,
    "end": 1568084274355,
    "duration": 766,
    "pid": 8292,
    "index": 55
  },
  {
    "name": "Load \"Symbol(model)\" to Application",
    "start": 1568084274124,
    "end": 1568084274136,
    "duration": 12,
    "pid": 8292,
    "index": 56
  },
  {
    "name": "Before Start in node_modules/_egg-sequelize@5.2.0@egg-sequelize/lib/loader.js:39:7",
    "start": 1568084274136,
    "end": 1568084274391,
    "duration": 255,
    "pid": 8292,
    "index": 57
  },
  {
    "name": "Load Service",
    "start": 1568084274137,
    "end": 1568084274142,
    "duration": 5,
    "pid": 8292,
    "index": 58
  },
  {
    "name": "Load \"service\" to Context",
    "start": 1568084274137,
    "end": 1568084274142,
    "duration": 5,
    "pid": 8292,
    "index": 59
  },
  {
    "name": "Load Middleware",
    "start": 1568084274143,
    "end": 1568084274271,
    "duration": 128,
    "pid": 8292,
    "index": 60
  },
  {
    "name": "Load \"middlewares\" to Application",
    "start": 1568084274143,
    "end": 1568084274255,
    "duration": 112,
    "pid": 8292,
    "index": 61
  },
  {
    "name": "Load Controller",
    "start": 1568084274271,
    "end": 1568084274274,
    "duration": 3,
    "pid": 8292,
    "index": 62
  },
  {
    "name": "Load \"controller\" to Application",
    "start": 1568084274271,
    "end": 1568084274274,
    "duration": 3,
    "pid": 8292,
    "index": 63
  },
  {
    "name": "Load Router",
    "start": 1568084274274,
    "end": 1568084274279,
    "duration": 5,
    "pid": 8292,
    "index": 64
  },
  {
    "name": "Require(46) app/router.js",
    "start": 1568084274274,
    "end": 1568084274277,
    "duration": 3,
    "pid": 8292,
    "index": 65
  },
  {
    "name": "Before Start in node_modules/_egg-core@4.17.3@egg-core/lib/egg.js:303:10",
    "start": 1568084274277,
    "end": 1568084274300,
    "duration": 23,
    "pid": 8292,
    "index": 66
  }
]