[
  {
    "name": "Application Start",
    "start": 1568084030407,
    "end": 1568084031486,
    "duration": 1079,
    "pid": 6500,
    "index": 0
  },
  {
    "name": "Load Plugin",
    "start": 1568084030414,
    "end": 1568084030439,
    "duration": 25,
    "pid": 6500,
    "index": 1
  },
  {
    "name": "Load Config",
    "start": 1568084030439,
    "end": 1568084030467,
    "duration": 28,
    "pid": 6500,
    "index": 2
  },
  {
    "name": "Require(0) config/config.default.js",
    "start": 1568084030440,
    "end": 1568084030441,
    "duration": 1,
    "pid": 6500,
    "index": 3
  },
  {
    "name": "Require(1) node_modules/_egg-session@3.1.0@egg-session/config/config.default.js",
    "start": 1568084030443,
    "end": 1568084030443,
    "duration": 0,
    "pid": 6500,
    "index": 4
  },
  {
    "name": "Require(2) node_modules/_egg-security@2.6.1@egg-security/config/config.default.js",
    "start": 1568084030444,
    "end": 1568084030444,
    "duration": 0,
    "pid": 6500,
    "index": 5
  },
  {
    "name": "Require(3) node_modules/_egg-jsonp@2.0.0@egg-jsonp/config/config.default.js",
    "start": 1568084030446,
    "end": 1568084030446,
    "duration": 0,
    "pid": 6500,
    "index": 6
  },
  {
    "name": "Require(4) node_modules/_egg-onerror@2.1.0@egg-onerror/config/config.default.js",
    "start": 1568084030447,
    "end": 1568084030447,
    "duration": 0,
    "pid": 6500,
    "index": 7
  },
  {
    "name": "Require(5) node_modules/_egg-i18n@2.1.1@egg-i18n/config/config.default.js",
    "start": 1568084030448,
    "end": 1568084030448,
    "duration": 0,
    "pid": 6500,
    "index": 8
  },
  {
    "name": "Require(6) node_modules/_egg-watcher@3.1.0@egg-watcher/config/config.default.js",
    "start": 1568084030449,
    "end": 1568084030449,
    "duration": 0,
    "pid": 6500,
    "index": 9
  },
  {
    "name": "Require(7) node_modules/_egg-schedule@3.6.4@egg-schedule/config/config.default.js",
    "start": 1568084030450,
    "end": 1568084030450,
    "duration": 0,
    "pid": 6500,
    "index": 10
  },
  {
    "name": "Require(8) node_modules/_egg-multipart@2.9.0@egg-multipart/config/config.default.js",
    "start": 1568084030451,
    "end": 1568084030452,
    "duration": 1,
    "pid": 6500,
    "index": 11
  },
  {
    "name": "Require(9) node_modules/_egg-development@2.4.3@egg-development/config/config.default.js",
    "start": 1568084030452,
    "end": 1568084030453,
    "duration": 1,
    "pid": 6500,
    "index": 12
  },
  {
    "name": "Require(10) node_modules/_egg-logrotator@3.1.0@egg-logrotator/config/config.default.js",
    "start": 1568084030453,
    "end": 1568084030454,
    "duration": 1,
    "pid": 6500,
    "index": 13
  },
  {
    "name": "Require(11) node_modules/_egg-static@2.2.0@egg-static/config/config.default.js",
    "start": 1568084030454,
    "end": 1568084030455,
    "duration": 1,
    "pid": 6500,
    "index": 14
  },
  {
    "name": "Require(12) node_modules/_egg-view@2.1.2@egg-view/config/config.default.js",
    "start": 1568084030456,
    "end": 1568084030456,
    "duration": 0,
    "pid": 6500,
    "index": 15
  },
  {
    "name": "Require(13) node_modules/_egg-sequelize@5.2.0@egg-sequelize/config/config.default.js",
    "start": 1568084030457,
    "end": 1568084030457,
    "duration": 0,
    "pid": 6500,
    "index": 16
  },
  {
    "name": "Require(14) node_modules/_egg@2.23.0@egg/config/config.default.js",
    "start": 1568084030458,
    "end": 1568084030458,
    "duration": 0,
    "pid": 6500,
    "index": 17
  },
  {
    "name": "Require(15) config/config.default.js",
    "start": 1568084030460,
    "end": 1568084030460,
    "duration": 0,
    "pid": 6500,
    "index": 18
  },
  {
    "name": "Require(16) node_modules/_egg-security@2.6.1@egg-security/config/config.local.js",
    "start": 1568084030461,
    "end": 1568084030461,
    "duration": 0,
    "pid": 6500,
    "index": 19
  },
  {
    "name": "Require(17) node_modules/_egg-watcher@3.1.0@egg-watcher/config/config.local.js",
    "start": 1568084030463,
    "end": 1568084030463,
    "duration": 0,
    "pid": 6500,
    "index": 20
  },
  {
    "name": "Require(18) node_modules/_egg-view@2.1.2@egg-view/config/config.local.js",
    "start": 1568084030465,
    "end": 1568084030465,
    "duration": 0,
    "pid": 6500,
    "index": 21
  },
  {
    "name": "Require(19) node_modules/_egg@2.23.0@egg/config/config.local.js",
    "start": 1568084030466,
    "end": 1568084030466,
    "duration": 0,
    "pid": 6500,
    "index": 22
  },
  {
    "name": "Load extend/application.js",
    "start": 1568084030468,
    "end": 1568084030488,
    "duration": 20,
    "pid": 6500,
    "index": 23
  },
  {
    "name": "Require(20) node_modules/_egg-session@3.1.0@egg-session/app/extend/application.js",
    "start": 1568084030469,
    "end": 1568084030470,
    "duration": 1,
    "pid": 6500,
    "index": 24
  },
  {
    "name": "Require(21) node_modules/_egg-security@2.6.1@egg-security/app/extend/application.js",
    "start": 1568084030470,
    "end": 1568084030472,
    "duration": 2,
    "pid": 6500,
    "index": 25
  },
  {
    "name": "Require(22) node_modules/_egg-jsonp@2.0.0@egg-jsonp/app/extend/application.js",
    "start": 1568084030472,
    "end": 1568084030475,
    "duration": 3,
    "pid": 6500,
    "index": 26
  },
  {
    "name": "Require(23) node_modules/_egg-logrotator@3.1.0@egg-logrotator/app/extend/application.js",
    "start": 1568084030477,
    "end": 1568084030481,
    "duration": 4,
    "pid": 6500,
    "index": 27
  },
  {
    "name": "Require(24) node_modules/_egg-view@2.1.2@egg-view/app/extend/application.js",
    "start": 1568084030482,
    "end": 1568084030485,
    "duration": 3,
    "pid": 6500,
    "index": 28
  },
  {
    "name": "Load extend/request.js",
    "start": 1568084030488,
    "end": 1568084030498,
    "duration": 10,
    "pid": 6500,
    "index": 29
  },
  {
    "name": "Require(25) node_modules/_egg@2.23.0@egg/app/extend/request.js",
    "start": 1568084030492,
    "end": 1568084030494,
    "duration": 2,
    "pid": 6500,
    "index": 30
  },
  {
    "name": "Load extend/response.js",
    "start": 1568084030498,
    "end": 1568084030508,
    "duration": 10,
    "pid": 6500,
    "index": 31
  },
  {
    "name": "Require(26) node_modules/_egg@2.23.0@egg/app/extend/response.js",
    "start": 1568084030501,
    "end": 1568084030504,
    "duration": 3,
    "pid": 6500,
    "index": 32
  },
  {
    "name": "Load extend/context.js",
    "start": 1568084030508,
    "end": 1568084030616,
    "duration": 108,
    "pid": 6500,
    "index": 33
  },
  {
    "name": "Require(27) node_modules/_egg-security@2.6.1@egg-security/app/extend/context.js",
    "start": 1568084030509,
    "end": 1568084030528,
    "duration": 19,
    "pid": 6500,
    "index": 34
  },
  {
    "name": "Require(28) node_modules/_egg-jsonp@2.0.0@egg-jsonp/app/extend/context.js",
    "start": 1568084030529,
    "end": 1568084030531,
    "duration": 2,
    "pid": 6500,
    "index": 35
  },
  {
    "name": "Require(29) node_modules/_egg-i18n@2.1.1@egg-i18n/app/extend/context.js",
    "start": 1568084030532,
    "end": 1568084030532,
    "duration": 0,
    "pid": 6500,
    "index": 36
  },
  {
    "name": "Require(30) node_modules/_egg-multipart@2.9.0@egg-multipart/app/extend/context.js",
    "start": 1568084030534,
    "end": 1568084030605,
    "duration": 71,
    "pid": 6500,
    "index": 37
  },
  {
    "name": "Require(31) node_modules/_egg-view@2.1.2@egg-view/app/extend/context.js",
    "start": 1568084030606,
    "end": 1568084030608,
    "duration": 2,
    "pid": 6500,
    "index": 38
  },
  {
    "name": "Require(32) node_modules/_egg@2.23.0@egg/app/extend/context.js",
    "start": 1568084030609,
    "end": 1568084030612,
    "duration": 3,
    "pid": 6500,
    "index": 39
  },
  {
    "name": "Load extend/helper.js",
    "start": 1568084030616,
    "end": 1568084030657,
    "duration": 41,
    "pid": 6500,
    "index": 40
  },
  {
    "name": "Require(33) node_modules/_egg-security@2.6.1@egg-security/app/extend/helper.js",
    "start": 1568084030622,
    "end": 1568084030651,
    "duration": 29,
    "pid": 6500,
    "index": 41
  },
  {
    "name": "Require(34) node_modules/_egg@2.23.0@egg/app/extend/helper.js",
    "start": 1568084030654,
    "end": 1568084030654,
    "duration": 0,
    "pid": 6500,
    "index": 42
  },
  {
    "name": "Load app.js",
    "start": 1568084030658,
    "end": 1568084030712,
    "duration": 54,
    "pid": 6500,
    "index": 43
  },
  {
    "name": "Require(35) node_modules/_egg-session@3.1.0@egg-session/app.js",
    "start": 1568084030658,
    "end": 1568084030659,
    "duration": 1,
    "pid": 6500,
    "index": 44
  },
  {
    "name": "Require(36) node_modules/_egg-security@2.6.1@egg-security/app.js",
    "start": 1568084030659,
    "end": 1568084030662,
    "duration": 3,
    "pid": 6500,
    "index": 45
  },
  {
    "name": "Require(37) node_modules/_egg-onerror@2.1.0@egg-onerror/app.js",
    "start": 1568084030663,
    "end": 1568084030679,
    "duration": 16,
    "pid": 6500,
    "index": 46
  },
  {
    "name": "Require(38) node_modules/_egg-i18n@2.1.1@egg-i18n/app.js",
    "start": 1568084030679,
    "end": 1568084030691,
    "duration": 12,
    "pid": 6500,
    "index": 47
  },
  {
    "name": "Require(39) node_modules/_egg-watcher@3.1.0@egg-watcher/app.js",
    "start": 1568084030692,
    "end": 1568084030699,
    "duration": 7,
    "pid": 6500,
    "index": 48
  },
  {
    "name": "Require(40) node_modules/_egg-schedule@3.6.4@egg-schedule/app.js",
    "start": 1568084030699,
    "end": 1568084030702,
    "duration": 3,
    "pid": 6500,
    "index": 49
  },
  {
    "name": "Require(41) node_modules/_egg-multipart@2.9.0@egg-multipart/app.js",
    "start": 1568084030702,
    "end": 1568084030707,
    "duration": 5,
    "pid": 6500,
    "index": 50
  },
  {
    "name": "Require(42) node_modules/_egg-development@2.4.3@egg-development/app.js",
    "start": 1568084030707,
    "end": 1568084030708,
    "duration": 1,
    "pid": 6500,
    "index": 51
  },
  {
    "name": "Require(43) node_modules/_egg-logrotator@3.1.0@egg-logrotator/app.js",
    "start": 1568084030708,
    "end": 1568084030709,
    "duration": 1,
    "pid": 6500,
    "index": 52
  },
  {
    "name": "Require(44) node_modules/_egg-static@2.2.0@egg-static/app.js",
    "start": 1568084030709,
    "end": 1568084030709,
    "duration": 0,
    "pid": 6500,
    "index": 53
  },
  {
    "name": "Require(45) node_modules/_egg-sequelize@5.2.0@egg-sequelize/app.js",
    "start": 1568084030710,
    "end": 1568084030711,
    "duration": 1,
    "pid": 6500,
    "index": 54
  },
  {
    "name": "Before Start in node_modules/_egg-watcher@3.1.0@egg-watcher/lib/init.js:15:14",
    "start": 1568084030727,
    "end": 1568084031448,
    "duration": 721,
    "pid": 6500,
    "index": 55
  },
  {
    "name": "Load \"Symbol(model)\" to Application",
    "start": 1568084031237,
    "end": 1568084031248,
    "duration": 11,
    "pid": 6500,
    "index": 56
  },
  {
    "name": "Before Start in node_modules/_egg-sequelize@5.2.0@egg-sequelize/lib/loader.js:39:7",
    "start": 1568084031248,
    "end": 1568084031485,
    "duration": 237,
    "pid": 6500,
    "index": 57
  },
  {
    "name": "Load Service",
    "start": 1568084031249,
    "end": 1568084031254,
    "duration": 5,
    "pid": 6500,
    "index": 58
  },
  {
    "name": "Load \"service\" to Context",
    "start": 1568084031249,
    "end": 1568084031254,
    "duration": 5,
    "pid": 6500,
    "index": 59
  },
  {
    "name": "Load Middleware",
    "start": 1568084031254,
    "end": 1568084031379,
    "duration": 125,
    "pid": 6500,
    "index": 60
  },
  {
    "name": "Load \"middlewares\" to Application",
    "start": 1568084031254,
    "end": 1568084031364,
    "duration": 110,
    "pid": 6500,
    "index": 61
  },
  {
    "name": "Load Controller",
    "start": 1568084031380,
    "end": 1568084031382,
    "duration": 2,
    "pid": 6500,
    "index": 62
  },
  {
    "name": "Load \"controller\" to Application",
    "start": 1568084031380,
    "end": 1568084031382,
    "duration": 2,
    "pid": 6500,
    "index": 63
  },
  {
    "name": "Load Router",
    "start": 1568084031382,
    "end": 1568084031385,
    "duration": 3,
    "pid": 6500,
    "index": 64
  },
  {
    "name": "Require(46) app/router.js",
    "start": 1568084031383,
    "end": 1568084031383,
    "duration": 0,
    "pid": 6500,
    "index": 65
  },
  {
    "name": "Before Start in node_modules/_egg-core@4.17.3@egg-core/lib/egg.js:303:10",
    "start": 1568084031383,
    "end": 1568084031407,
    "duration": 24,
    "pid": 6500,
    "index": 66
  }
]