[
  {
    "name": "Application Start",
    "start": 1568084247213,
    "end": 1568084248402,
    "duration": 1189,
    "pid": 5344,
    "index": 0
  },
  {
    "name": "Load Plugin",
    "start": 1568084247219,
    "end": 1568084247244,
    "duration": 25,
    "pid": 5344,
    "index": 1
  },
  {
    "name": "Load Config",
    "start": 1568084247245,
    "end": 1568084247273,
    "duration": 28,
    "pid": 5344,
    "index": 2
  },
  {
    "name": "Require(0) config/config.default.js",
    "start": 1568084247246,
    "end": 1568084247246,
    "duration": 0,
    "pid": 5344,
    "index": 3
  },
  {
    "name": "Require(1) node_modules/_egg-session@3.1.0@egg-session/config/config.default.js",
    "start": 1568084247248,
    "end": 1568084247248,
    "duration": 0,
    "pid": 5344,
    "index": 4
  },
  {
    "name": "Require(2) node_modules/_egg-security@2.6.1@egg-security/config/config.default.js",
    "start": 1568084247249,
    "end": 1568084247250,
    "duration": 1,
    "pid": 5344,
    "index": 5
  },
  {
    "name": "Require(3) node_modules/_egg-jsonp@2.0.0@egg-jsonp/config/config.default.js",
    "start": 1568084247251,
    "end": 1568084247251,
    "duration": 0,
    "pid": 5344,
    "index": 6
  },
  {
    "name": "Require(4) node_modules/_egg-onerror@2.1.0@egg-onerror/config/config.default.js",
    "start": 1568084247252,
    "end": 1568084247253,
    "duration": 1,
    "pid": 5344,
    "index": 7
  },
  {
    "name": "Require(5) node_modules/_egg-i18n@2.1.1@egg-i18n/config/config.default.js",
    "start": 1568084247253,
    "end": 1568084247254,
    "duration": 1,
    "pid": 5344,
    "index": 8
  },
  {
    "name": "Require(6) node_modules/_egg-watcher@3.1.0@egg-watcher/config/config.default.js",
    "start": 1568084247254,
    "end": 1568084247255,
    "duration": 1,
    "pid": 5344,
    "index": 9
  },
  {
    "name": "Require(7) node_modules/_egg-schedule@3.6.4@egg-schedule/config/config.default.js",
    "start": 1568084247255,
    "end": 1568084247256,
    "duration": 1,
    "pid": 5344,
    "index": 10
  },
  {
    "name": "Require(8) node_modules/_egg-multipart@2.9.0@egg-multipart/config/config.default.js",
    "start": 1568084247256,
    "end": 1568084247257,
    "duration": 1,
    "pid": 5344,
    "index": 11
  },
  {
    "name": "Require(9) node_modules/_egg-development@2.4.3@egg-development/config/config.default.js",
    "start": 1568084247258,
    "end": 1568084247258,
    "duration": 0,
    "pid": 5344,
    "index": 12
  },
  {
    "name": "Require(10) node_modules/_egg-logrotator@3.1.0@egg-logrotator/config/config.default.js",
    "start": 1568084247259,
    "end": 1568084247259,
    "duration": 0,
    "pid": 5344,
    "index": 13
  },
  {
    "name": "Require(11) node_modules/_egg-static@2.2.0@egg-static/config/config.default.js",
    "start": 1568084247260,
    "end": 1568084247260,
    "duration": 0,
    "pid": 5344,
    "index": 14
  },
  {
    "name": "Require(12) node_modules/_egg-view@2.1.2@egg-view/config/config.default.js",
    "start": 1568084247261,
    "end": 1568084247261,
    "duration": 0,
    "pid": 5344,
    "index": 15
  },
  {
    "name": "Require(13) node_modules/_egg-sequelize@5.2.0@egg-sequelize/config/config.default.js",
    "start": 1568084247262,
    "end": 1568084247262,
    "duration": 0,
    "pid": 5344,
    "index": 16
  },
  {
    "name": "Require(14) node_modules/_egg@2.23.0@egg/config/config.default.js",
    "start": 1568084247263,
    "end": 1568084247263,
    "duration": 0,
    "pid": 5344,
    "index": 17
  },
  {
    "name": "Require(15) config/config.default.js",
    "start": 1568084247265,
    "end": 1568084247265,
    "duration": 0,
    "pid": 5344,
    "index": 18
  },
  {
    "name": "Require(16) node_modules/_egg-security@2.6.1@egg-security/config/config.local.js",
    "start": 1568084247266,
    "end": 1568084247266,
    "duration": 0,
    "pid": 5344,
    "index": 19
  },
  {
    "name": "Require(17) node_modules/_egg-watcher@3.1.0@egg-watcher/config/config.local.js",
    "start": 1568084247267,
    "end": 1568084247268,
    "duration": 1,
    "pid": 5344,
    "index": 20
  },
  {
    "name": "Require(18) node_modules/_egg-view@2.1.2@egg-view/config/config.local.js",
    "start": 1568084247270,
    "end": 1568084247271,
    "duration": 1,
    "pid": 5344,
    "index": 21
  },
  {
    "name": "Require(19) node_modules/_egg@2.23.0@egg/config/config.local.js",
    "start": 1568084247272,
    "end": 1568084247272,
    "duration": 0,
    "pid": 5344,
    "index": 22
  },
  {
    "name": "Load extend/application.js",
    "start": 1568084247277,
    "end": 1568084247303,
    "duration": 26,
    "pid": 5344,
    "index": 23
  },
  {
    "name": "Require(20) node_modules/_egg-session@3.1.0@egg-session/app/extend/application.js",
    "start": 1568084247278,
    "end": 1568084247279,
    "duration": 1,
    "pid": 5344,
    "index": 24
  },
  {
    "name": "Require(21) node_modules/_egg-security@2.6.1@egg-security/app/extend/application.js",
    "start": 1568084247280,
    "end": 1568084247282,
    "duration": 2,
    "pid": 5344,
    "index": 25
  },
  {
    "name": "Require(22) node_modules/_egg-jsonp@2.0.0@egg-jsonp/app/extend/application.js",
    "start": 1568084247283,
    "end": 1568084247289,
    "duration": 6,
    "pid": 5344,
    "index": 26
  },
  {
    "name": "Require(23) node_modules/_egg-logrotator@3.1.0@egg-logrotator/app/extend/application.js",
    "start": 1568084247292,
    "end": 1568084247295,
    "duration": 3,
    "pid": 5344,
    "index": 27
  },
  {
    "name": "Require(24) node_modules/_egg-view@2.1.2@egg-view/app/extend/application.js",
    "start": 1568084247296,
    "end": 1568084247299,
    "duration": 3,
    "pid": 5344,
    "index": 28
  },
  {
    "name": "Load extend/request.js",
    "start": 1568084247303,
    "end": 1568084247313,
    "duration": 10,
    "pid": 5344,
    "index": 29
  },
  {
    "name": "Require(25) node_modules/_egg@2.23.0@egg/app/extend/request.js",
    "start": 1568084247306,
    "end": 1568084247309,
    "duration": 3,
    "pid": 5344,
    "index": 30
  },
  {
    "name": "Load extend/response.js",
    "start": 1568084247313,
    "end": 1568084247323,
    "duration": 10,
    "pid": 5344,
    "index": 31
  },
  {
    "name": "Require(26) node_modules/_egg@2.23.0@egg/app/extend/response.js",
    "start": 1568084247316,
    "end": 1568084247320,
    "duration": 4,
    "pid": 5344,
    "index": 32
  },
  {
    "name": "Load extend/context.js",
    "start": 1568084247323,
    "end": 1568084247437,
    "duration": 114,
    "pid": 5344,
    "index": 33
  },
  {
    "name": "Require(27) node_modules/_egg-security@2.6.1@egg-security/app/extend/context.js",
    "start": 1568084247324,
    "end": 1568084247348,
    "duration": 24,
    "pid": 5344,
    "index": 34
  },
  {
    "name": "Require(28) node_modules/_egg-jsonp@2.0.0@egg-jsonp/app/extend/context.js",
    "start": 1568084247349,
    "end": 1568084247351,
    "duration": 2,
    "pid": 5344,
    "index": 35
  },
  {
    "name": "Require(29) node_modules/_egg-i18n@2.1.1@egg-i18n/app/extend/context.js",
    "start": 1568084247352,
    "end": 1568084247353,
    "duration": 1,
    "pid": 5344,
    "index": 36
  },
  {
    "name": "Require(30) node_modules/_egg-multipart@2.9.0@egg-multipart/app/extend/context.js",
    "start": 1568084247354,
    "end": 1568084247427,
    "duration": 73,
    "pid": 5344,
    "index": 37
  },
  {
    "name": "Require(31) node_modules/_egg-view@2.1.2@egg-view/app/extend/context.js",
    "start": 1568084247428,
    "end": 1568084247430,
    "duration": 2,
    "pid": 5344,
    "index": 38
  },
  {
    "name": "Require(32) node_modules/_egg@2.23.0@egg/app/extend/context.js",
    "start": 1568084247430,
    "end": 1568084247434,
    "duration": 4,
    "pid": 5344,
    "index": 39
  },
  {
    "name": "Load extend/helper.js",
    "start": 1568084247438,
    "end": 1568084247476,
    "duration": 38,
    "pid": 5344,
    "index": 40
  },
  {
    "name": "Require(33) node_modules/_egg-security@2.6.1@egg-security/app/extend/helper.js",
    "start": 1568084247438,
    "end": 1568084247468,
    "duration": 30,
    "pid": 5344,
    "index": 41
  },
  {
    "name": "Require(34) node_modules/_egg@2.23.0@egg/app/extend/helper.js",
    "start": 1568084247472,
    "end": 1568084247473,
    "duration": 1,
    "pid": 5344,
    "index": 42
  },
  {
    "name": "Load app.js",
    "start": 1568084247476,
    "end": 1568084247530,
    "duration": 54,
    "pid": 5344,
    "index": 43
  },
  {
    "name": "Require(35) node_modules/_egg-session@3.1.0@egg-session/app.js",
    "start": 1568084247477,
    "end": 1568084247477,
    "duration": 0,
    "pid": 5344,
    "index": 44
  },
  {
    "name": "Require(36) node_modules/_egg-security@2.6.1@egg-security/app.js",
    "start": 1568084247478,
    "end": 1568084247481,
    "duration": 3,
    "pid": 5344,
    "index": 45
  },
  {
    "name": "Require(37) node_modules/_egg-onerror@2.1.0@egg-onerror/app.js",
    "start": 1568084247481,
    "end": 1568084247497,
    "duration": 16,
    "pid": 5344,
    "index": 46
  },
  {
    "name": "Require(38) node_modules/_egg-i18n@2.1.1@egg-i18n/app.js",
    "start": 1568084247497,
    "end": 1568084247510,
    "duration": 13,
    "pid": 5344,
    "index": 47
  },
  {
    "name": "Require(39) node_modules/_egg-watcher@3.1.0@egg-watcher/app.js",
    "start": 1568084247510,
    "end": 1568084247516,
    "duration": 6,
    "pid": 5344,
    "index": 48
  },
  {
    "name": "Require(40) node_modules/_egg-schedule@3.6.4@egg-schedule/app.js",
    "start": 1568084247517,
    "end": 1568084247520,
    "duration": 3,
    "pid": 5344,
    "index": 49
  },
  {
    "name": "Require(41) node_modules/_egg-multipart@2.9.0@egg-multipart/app.js",
    "start": 1568084247520,
    "end": 1568084247525,
    "duration": 5,
    "pid": 5344,
    "index": 50
  },
  {
    "name": "Require(42) node_modules/_egg-development@2.4.3@egg-development/app.js",
    "start": 1568084247525,
    "end": 1568084247526,
    "duration": 1,
    "pid": 5344,
    "index": 51
  },
  {
    "name": "Require(43) node_modules/_egg-logrotator@3.1.0@egg-logrotator/app.js",
    "start": 1568084247526,
    "end": 1568084247526,
    "duration": 0,
    "pid": 5344,
    "index": 52
  },
  {
    "name": "Require(44) node_modules/_egg-static@2.2.0@egg-static/app.js",
    "start": 1568084247527,
    "end": 1568084247527,
    "duration": 0,
    "pid": 5344,
    "index": 53
  },
  {
    "name": "Require(45) node_modules/_egg-sequelize@5.2.0@egg-sequelize/app.js",
    "start": 1568084247528,
    "end": 1568084247528,
    "duration": 0,
    "pid": 5344,
    "index": 54
  },
  {
    "name": "Before Start in node_modules/_egg-watcher@3.1.0@egg-watcher/lib/init.js:15:14",
    "start": 1568084247547,
    "end": 1568084248361,
    "duration": 814,
    "pid": 5344,
    "index": 55
  },
  {
    "name": "Load \"Symbol(model)\" to Application",
    "start": 1568084248057,
    "end": 1568084248069,
    "duration": 12,
    "pid": 5344,
    "index": 56
  },
  {
    "name": "Before Start in node_modules/_egg-sequelize@5.2.0@egg-sequelize/lib/loader.js:39:7",
    "start": 1568084248069,
    "end": 1568084248402,
    "duration": 333,
    "pid": 5344,
    "index": 57
  },
  {
    "name": "Load Service",
    "start": 1568084248070,
    "end": 1568084248075,
    "duration": 5,
    "pid": 5344,
    "index": 58
  },
  {
    "name": "Load \"service\" to Context",
    "start": 1568084248070,
    "end": 1568084248075,
    "duration": 5,
    "pid": 5344,
    "index": 59
  },
  {
    "name": "Load Middleware",
    "start": 1568084248075,
    "end": 1568084248265,
    "duration": 190,
    "pid": 5344,
    "index": 60
  },
  {
    "name": "Load \"middlewares\" to Application",
    "start": 1568084248075,
    "end": 1568084248240,
    "duration": 165,
    "pid": 5344,
    "index": 61
  },
  {
    "name": "Load Controller",
    "start": 1568084248266,
    "end": 1568084248269,
    "duration": 3,
    "pid": 5344,
    "index": 62
  },
  {
    "name": "Load \"controller\" to Application",
    "start": 1568084248266,
    "end": 1568084248269,
    "duration": 3,
    "pid": 5344,
    "index": 63
  },
  {
    "name": "Load Router",
    "start": 1568084248269,
    "end": 1568084248273,
    "duration": 4,
    "pid": 5344,
    "index": 64
  },
  {
    "name": "Require(46) app/router.js",
    "start": 1568084248270,
    "end": 1568084248270,
    "duration": 0,
    "pid": 5344,
    "index": 65
  },
  {
    "name": "Before Start in node_modules/_egg-core@4.17.3@egg-core/lib/egg.js:303:10",
    "start": 1568084248271,
    "end": 1568084248296,
    "duration": 25,
    "pid": 5344,
    "index": 66
  }
]