[
  {
    "name": "Application Start",
    "start": 1568084316846,
    "end": 1568084318026,
    "duration": 1180,
    "pid": 2404,
    "index": 0
  },
  {
    "name": "Load Plugin",
    "start": 1568084316853,
    "end": 1568084316877,
    "duration": 24,
    "pid": 2404,
    "index": 1
  },
  {
    "name": "Load Config",
    "start": 1568084316878,
    "end": 1568084316904,
    "duration": 26,
    "pid": 2404,
    "index": 2
  },
  {
    "name": "Require(0) config/config.default.js",
    "start": 1568084316879,
    "end": 1568084316879,
    "duration": 0,
    "pid": 2404,
    "index": 3
  },
  {
    "name": "Require(1) node_modules/_egg-session@3.1.0@egg-session/config/config.default.js",
    "start": 1568084316881,
    "end": 1568084316881,
    "duration": 0,
    "pid": 2404,
    "index": 4
  },
  {
    "name": "Require(2) node_modules/_egg-security@2.6.1@egg-security/config/config.default.js",
    "start": 1568084316882,
    "end": 1568084316883,
    "duration": 1,
    "pid": 2404,
    "index": 5
  },
  {
    "name": "Require(3) node_modules/_egg-jsonp@2.0.0@egg-jsonp/config/config.default.js",
    "start": 1568084316884,
    "end": 1568084316884,
    "duration": 0,
    "pid": 2404,
    "index": 6
  },
  {
    "name": "Require(4) node_modules/_egg-onerror@2.1.0@egg-onerror/config/config.default.js",
    "start": 1568084316885,
    "end": 1568084316885,
    "duration": 0,
    "pid": 2404,
    "index": 7
  },
  {
    "name": "Require(5) node_modules/_egg-i18n@2.1.1@egg-i18n/config/config.default.js",
    "start": 1568084316886,
    "end": 1568084316886,
    "duration": 0,
    "pid": 2404,
    "index": 8
  },
  {
    "name": "Require(6) node_modules/_egg-watcher@3.1.0@egg-watcher/config/config.default.js",
    "start": 1568084316887,
    "end": 1568084316887,
    "duration": 0,
    "pid": 2404,
    "index": 9
  },
  {
    "name": "Require(7) node_modules/_egg-schedule@3.6.4@egg-schedule/config/config.default.js",
    "start": 1568084316888,
    "end": 1568084316888,
    "duration": 0,
    "pid": 2404,
    "index": 10
  },
  {
    "name": "Require(8) node_modules/_egg-multipart@2.9.0@egg-multipart/config/config.default.js",
    "start": 1568084316889,
    "end": 1568084316889,
    "duration": 0,
    "pid": 2404,
    "index": 11
  },
  {
    "name": "Require(9) node_modules/_egg-development@2.4.3@egg-development/config/config.default.js",
    "start": 1568084316890,
    "end": 1568084316891,
    "duration": 1,
    "pid": 2404,
    "index": 12
  },
  {
    "name": "Require(10) node_modules/_egg-logrotator@3.1.0@egg-logrotator/config/config.default.js",
    "start": 1568084316891,
    "end": 1568084316892,
    "duration": 1,
    "pid": 2404,
    "index": 13
  },
  {
    "name": "Require(11) node_modules/_egg-static@2.2.0@egg-static/config/config.default.js",
    "start": 1568084316892,
    "end": 1568084316893,
    "duration": 1,
    "pid": 2404,
    "index": 14
  },
  {
    "name": "Require(12) node_modules/_egg-view@2.1.2@egg-view/config/config.default.js",
    "start": 1568084316893,
    "end": 1568084316894,
    "duration": 1,
    "pid": 2404,
    "index": 15
  },
  {
    "name": "Require(13) node_modules/_egg-sequelize@5.2.0@egg-sequelize/config/config.default.js",
    "start": 1568084316894,
    "end": 1568084316895,
    "duration": 1,
    "pid": 2404,
    "index": 16
  },
  {
    "name": "Require(14) node_modules/_egg@2.23.0@egg/config/config.default.js",
    "start": 1568084316895,
    "end": 1568084316896,
    "duration": 1,
    "pid": 2404,
    "index": 17
  },
  {
    "name": "Require(15) config/config.default.js",
    "start": 1568084316897,
    "end": 1568084316898,
    "duration": 1,
    "pid": 2404,
    "index": 18
  },
  {
    "name": "Require(16) node_modules/_egg-security@2.6.1@egg-security/config/config.local.js",
    "start": 1568084316898,
    "end": 1568084316899,
    "duration": 1,
    "pid": 2404,
    "index": 19
  },
  {
    "name": "Require(17) node_modules/_egg-watcher@3.1.0@egg-watcher/config/config.local.js",
    "start": 1568084316900,
    "end": 1568084316900,
    "duration": 0,
    "pid": 2404,
    "index": 20
  },
  {
    "name": "Require(18) node_modules/_egg-view@2.1.2@egg-view/config/config.local.js",
    "start": 1568084316902,
    "end": 1568084316902,
    "duration": 0,
    "pid": 2404,
    "index": 21
  },
  {
    "name": "Require(19) node_modules/_egg@2.23.0@egg/config/config.local.js",
    "start": 1568084316903,
    "end": 1568084316903,
    "duration": 0,
    "pid": 2404,
    "index": 22
  },
  {
    "name": "Load extend/application.js",
    "start": 1568084316905,
    "end": 1568084316929,
    "duration": 24,
    "pid": 2404,
    "index": 23
  },
  {
    "name": "Require(20) node_modules/_egg-session@3.1.0@egg-session/app/extend/application.js",
    "start": 1568084316906,
    "end": 1568084316906,
    "duration": 0,
    "pid": 2404,
    "index": 24
  },
  {
    "name": "Require(21) node_modules/_egg-security@2.6.1@egg-security/app/extend/application.js",
    "start": 1568084316907,
    "end": 1568084316908,
    "duration": 1,
    "pid": 2404,
    "index": 25
  },
  {
    "name": "Require(22) node_modules/_egg-jsonp@2.0.0@egg-jsonp/app/extend/application.js",
    "start": 1568084316909,
    "end": 1568084316913,
    "duration": 4,
    "pid": 2404,
    "index": 26
  },
  {
    "name": "Require(23) node_modules/_egg-logrotator@3.1.0@egg-logrotator/app/extend/application.js",
    "start": 1568084316915,
    "end": 1568084316920,
    "duration": 5,
    "pid": 2404,
    "index": 27
  },
  {
    "name": "Require(24) node_modules/_egg-view@2.1.2@egg-view/app/extend/application.js",
    "start": 1568084316921,
    "end": 1568084316923,
    "duration": 2,
    "pid": 2404,
    "index": 28
  },
  {
    "name": "Load extend/request.js",
    "start": 1568084316929,
    "end": 1568084316942,
    "duration": 13,
    "pid": 2404,
    "index": 29
  },
  {
    "name": "Require(25) node_modules/_egg@2.23.0@egg/app/extend/request.js",
    "start": 1568084316934,
    "end": 1568084316938,
    "duration": 4,
    "pid": 2404,
    "index": 30
  },
  {
    "name": "Load extend/response.js",
    "start": 1568084316942,
    "end": 1568084316953,
    "duration": 11,
    "pid": 2404,
    "index": 31
  },
  {
    "name": "Require(26) node_modules/_egg@2.23.0@egg/app/extend/response.js",
    "start": 1568084316945,
    "end": 1568084316948,
    "duration": 3,
    "pid": 2404,
    "index": 32
  },
  {
    "name": "Load extend/context.js",
    "start": 1568084316953,
    "end": 1568084317071,
    "duration": 118,
    "pid": 2404,
    "index": 33
  },
  {
    "name": "Require(27) node_modules/_egg-security@2.6.1@egg-security/app/extend/context.js",
    "start": 1568084316953,
    "end": 1568084316975,
    "duration": 22,
    "pid": 2404,
    "index": 34
  },
  {
    "name": "Require(28) node_modules/_egg-jsonp@2.0.0@egg-jsonp/app/extend/context.js",
    "start": 1568084316976,
    "end": 1568084316978,
    "duration": 2,
    "pid": 2404,
    "index": 35
  },
  {
    "name": "Require(29) node_modules/_egg-i18n@2.1.1@egg-i18n/app/extend/context.js",
    "start": 1568084316979,
    "end": 1568084316979,
    "duration": 0,
    "pid": 2404,
    "index": 36
  },
  {
    "name": "Require(30) node_modules/_egg-multipart@2.9.0@egg-multipart/app/extend/context.js",
    "start": 1568084316980,
    "end": 1568084317061,
    "duration": 81,
    "pid": 2404,
    "index": 37
  },
  {
    "name": "Require(31) node_modules/_egg-view@2.1.2@egg-view/app/extend/context.js",
    "start": 1568084317062,
    "end": 1568084317063,
    "duration": 1,
    "pid": 2404,
    "index": 38
  },
  {
    "name": "Require(32) node_modules/_egg@2.23.0@egg/app/extend/context.js",
    "start": 1568084317064,
    "end": 1568084317067,
    "duration": 3,
    "pid": 2404,
    "index": 39
  },
  {
    "name": "Load extend/helper.js",
    "start": 1568084317071,
    "end": 1568084317106,
    "duration": 35,
    "pid": 2404,
    "index": 40
  },
  {
    "name": "Require(33) node_modules/_egg-security@2.6.1@egg-security/app/extend/helper.js",
    "start": 1568084317072,
    "end": 1568084317098,
    "duration": 26,
    "pid": 2404,
    "index": 41
  },
  {
    "name": "Require(34) node_modules/_egg@2.23.0@egg/app/extend/helper.js",
    "start": 1568084317101,
    "end": 1568084317102,
    "duration": 1,
    "pid": 2404,
    "index": 42
  },
  {
    "name": "Load app.js",
    "start": 1568084317106,
    "end": 1568084317160,
    "duration": 54,
    "pid": 2404,
    "index": 43
  },
  {
    "name": "Require(35) node_modules/_egg-session@3.1.0@egg-session/app.js",
    "start": 1568084317107,
    "end": 1568084317107,
    "duration": 0,
    "pid": 2404,
    "index": 44
  },
  {
    "name": "Require(36) node_modules/_egg-security@2.6.1@egg-security/app.js",
    "start": 1568084317107,
    "end": 1568084317111,
    "duration": 4,
    "pid": 2404,
    "index": 45
  },
  {
    "name": "Require(37) node_modules/_egg-onerror@2.1.0@egg-onerror/app.js",
    "start": 1568084317111,
    "end": 1568084317126,
    "duration": 15,
    "pid": 2404,
    "index": 46
  },
  {
    "name": "Require(38) node_modules/_egg-i18n@2.1.1@egg-i18n/app.js",
    "start": 1568084317127,
    "end": 1568084317140,
    "duration": 13,
    "pid": 2404,
    "index": 47
  },
  {
    "name": "Require(39) node_modules/_egg-watcher@3.1.0@egg-watcher/app.js",
    "start": 1568084317141,
    "end": 1568084317147,
    "duration": 6,
    "pid": 2404,
    "index": 48
  },
  {
    "name": "Require(40) node_modules/_egg-schedule@3.6.4@egg-schedule/app.js",
    "start": 1568084317148,
    "end": 1568084317150,
    "duration": 2,
    "pid": 2404,
    "index": 49
  },
  {
    "name": "Require(41) node_modules/_egg-multipart@2.9.0@egg-multipart/app.js",
    "start": 1568084317151,
    "end": 1568084317155,
    "duration": 4,
    "pid": 2404,
    "index": 50
  },
  {
    "name": "Require(42) node_modules/_egg-development@2.4.3@egg-development/app.js",
    "start": 1568084317155,
    "end": 1568084317156,
    "duration": 1,
    "pid": 2404,
    "index": 51
  },
  {
    "name": "Require(43) node_modules/_egg-logrotator@3.1.0@egg-logrotator/app.js",
    "start": 1568084317156,
    "end": 1568084317156,
    "duration": 0,
    "pid": 2404,
    "index": 52
  },
  {
    "name": "Require(44) node_modules/_egg-static@2.2.0@egg-static/app.js",
    "start": 1568084317157,
    "end": 1568084317157,
    "duration": 0,
    "pid": 2404,
    "index": 53
  },
  {
    "name": "Require(45) node_modules/_egg-sequelize@5.2.0@egg-sequelize/app.js",
    "start": 1568084317158,
    "end": 1568084317159,
    "duration": 1,
    "pid": 2404,
    "index": 54
  },
  {
    "name": "Before Start in node_modules/_egg-watcher@3.1.0@egg-watcher/lib/init.js:15:14",
    "start": 1568084317175,
    "end": 1568084317988,
    "duration": 813,
    "pid": 2404,
    "index": 55
  },
  {
    "name": "Load \"Symbol(model)\" to Application",
    "start": 1568084317743,
    "end": 1568084317756,
    "duration": 13,
    "pid": 2404,
    "index": 56
  },
  {
    "name": "Before Start in node_modules/_egg-sequelize@5.2.0@egg-sequelize/lib/loader.js:39:7",
    "start": 1568084317756,
    "end": 1568084318025,
    "duration": 269,
    "pid": 2404,
    "index": 57
  },
  {
    "name": "Load Service",
    "start": 1568084317757,
    "end": 1568084317762,
    "duration": 5,
    "pid": 2404,
    "index": 58
  },
  {
    "name": "Load \"service\" to Context",
    "start": 1568084317757,
    "end": 1568084317762,
    "duration": 5,
    "pid": 2404,
    "index": 59
  },
  {
    "name": "Load Middleware",
    "start": 1568084317762,
    "end": 1568084317900,
    "duration": 138,
    "pid": 2404,
    "index": 60
  },
  {
    "name": "Load \"middlewares\" to Application",
    "start": 1568084317762,
    "end": 1568084317881,
    "duration": 119,
    "pid": 2404,
    "index": 61
  },
  {
    "name": "Load Controller",
    "start": 1568084317900,
    "end": 1568084317904,
    "duration": 4,
    "pid": 2404,
    "index": 62
  },
  {
    "name": "Load \"controller\" to Application",
    "start": 1568084317900,
    "end": 1568084317904,
    "duration": 4,
    "pid": 2404,
    "index": 63
  },
  {
    "name": "Load Router",
    "start": 1568084317904,
    "end": 1568084317907,
    "duration": 3,
    "pid": 2404,
    "index": 64
  },
  {
    "name": "Require(46) app/router.js",
    "start": 1568084317904,
    "end": 1568084317905,
    "duration": 1,
    "pid": 2404,
    "index": 65
  },
  {
    "name": "Before Start in node_modules/_egg-core@4.17.3@egg-core/lib/egg.js:303:10",
    "start": 1568084317905,
    "end": 1568084317929,
    "duration": 24,
    "pid": 2404,
    "index": 66
  }
]