[
  {
    "name": "Application Start",
    "start": 1568084099347,
    "end": 1568084100478,
    "duration": 1131,
    "pid": 4468,
    "index": 0
  },
  {
    "name": "Load Plugin",
    "start": 1568084099353,
    "end": 1568084099378,
    "duration": 25,
    "pid": 4468,
    "index": 1
  },
  {
    "name": "Load Config",
    "start": 1568084099378,
    "end": 1568084099405,
    "duration": 27,
    "pid": 4468,
    "index": 2
  },
  {
    "name": "Require(0) config/config.default.js",
    "start": 1568084099379,
    "end": 1568084099380,
    "duration": 1,
    "pid": 4468,
    "index": 3
  },
  {
    "name": "Require(1) node_modules/_egg-session@3.1.0@egg-session/config/config.default.js",
    "start": 1568084099382,
    "end": 1568084099382,
    "duration": 0,
    "pid": 4468,
    "index": 4
  },
  {
    "name": "Require(2) node_modules/_egg-security@2.6.1@egg-security/config/config.default.js",
    "start": 1568084099383,
    "end": 1568084099383,
    "duration": 0,
    "pid": 4468,
    "index": 5
  },
  {
    "name": "Require(3) node_modules/_egg-jsonp@2.0.0@egg-jsonp/config/config.default.js",
    "start": 1568084099385,
    "end": 1568084099385,
    "duration": 0,
    "pid": 4468,
    "index": 6
  },
  {
    "name": "Require(4) node_modules/_egg-onerror@2.1.0@egg-onerror/config/config.default.js",
    "start": 1568084099386,
    "end": 1568084099386,
    "duration": 0,
    "pid": 4468,
    "index": 7
  },
  {
    "name": "Require(5) node_modules/_egg-i18n@2.1.1@egg-i18n/config/config.default.js",
    "start": 1568084099387,
    "end": 1568084099387,
    "duration": 0,
    "pid": 4468,
    "index": 8
  },
  {
    "name": "Require(6) node_modules/_egg-watcher@3.1.0@egg-watcher/config/config.default.js",
    "start": 1568084099388,
    "end": 1568084099388,
    "duration": 0,
    "pid": 4468,
    "index": 9
  },
  {
    "name": "Require(7) node_modules/_egg-schedule@3.6.4@egg-schedule/config/config.default.js",
    "start": 1568084099389,
    "end": 1568084099389,
    "duration": 0,
    "pid": 4468,
    "index": 10
  },
  {
    "name": "Require(8) node_modules/_egg-multipart@2.9.0@egg-multipart/config/config.default.js",
    "start": 1568084099390,
    "end": 1568084099390,
    "duration": 0,
    "pid": 4468,
    "index": 11
  },
  {
    "name": "Require(9) node_modules/_egg-development@2.4.3@egg-development/config/config.default.js",
    "start": 1568084099391,
    "end": 1568084099391,
    "duration": 0,
    "pid": 4468,
    "index": 12
  },
  {
    "name": "Require(10) node_modules/_egg-logrotator@3.1.0@egg-logrotator/config/config.default.js",
    "start": 1568084099392,
    "end": 1568084099392,
    "duration": 0,
    "pid": 4468,
    "index": 13
  },
  {
    "name": "Require(11) node_modules/_egg-static@2.2.0@egg-static/config/config.default.js",
    "start": 1568084099393,
    "end": 1568084099393,
    "duration": 0,
    "pid": 4468,
    "index": 14
  },
  {
    "name": "Require(12) node_modules/_egg-view@2.1.2@egg-view/config/config.default.js",
    "start": 1568084099394,
    "end": 1568084099394,
    "duration": 0,
    "pid": 4468,
    "index": 15
  },
  {
    "name": "Require(13) node_modules/_egg-sequelize@5.2.0@egg-sequelize/config/config.default.js",
    "start": 1568084099395,
    "end": 1568084099396,
    "duration": 1,
    "pid": 4468,
    "index": 16
  },
  {
    "name": "Require(14) node_modules/_egg@2.23.0@egg/config/config.default.js",
    "start": 1568084099396,
    "end": 1568084099397,
    "duration": 1,
    "pid": 4468,
    "index": 17
  },
  {
    "name": "Require(15) config/config.default.js",
    "start": 1568084099398,
    "end": 1568084099398,
    "duration": 0,
    "pid": 4468,
    "index": 18
  },
  {
    "name": "Require(16) node_modules/_egg-security@2.6.1@egg-security/config/config.local.js",
    "start": 1568084099399,
    "end": 1568084099400,
    "duration": 1,
    "pid": 4468,
    "index": 19
  },
  {
    "name": "Require(17) node_modules/_egg-watcher@3.1.0@egg-watcher/config/config.local.js",
    "start": 1568084099401,
    "end": 1568084099401,
    "duration": 0,
    "pid": 4468,
    "index": 20
  },
  {
    "name": "Require(18) node_modules/_egg-view@2.1.2@egg-view/config/config.local.js",
    "start": 1568084099403,
    "end": 1568084099403,
    "duration": 0,
    "pid": 4468,
    "index": 21
  },
  {
    "name": "Require(19) node_modules/_egg@2.23.0@egg/config/config.local.js",
    "start": 1568084099404,
    "end": 1568084099404,
    "duration": 0,
    "pid": 4468,
    "index": 22
  },
  {
    "name": "Load extend/application.js",
    "start": 1568084099406,
    "end": 1568084099427,
    "duration": 21,
    "pid": 4468,
    "index": 23
  },
  {
    "name": "Require(20) node_modules/_egg-session@3.1.0@egg-session/app/extend/application.js",
    "start": 1568084099407,
    "end": 1568084099408,
    "duration": 1,
    "pid": 4468,
    "index": 24
  },
  {
    "name": "Require(21) node_modules/_egg-security@2.6.1@egg-security/app/extend/application.js",
    "start": 1568084099408,
    "end": 1568084099410,
    "duration": 2,
    "pid": 4468,
    "index": 25
  },
  {
    "name": "Require(22) node_modules/_egg-jsonp@2.0.0@egg-jsonp/app/extend/application.js",
    "start": 1568084099410,
    "end": 1568084099414,
    "duration": 4,
    "pid": 4468,
    "index": 26
  },
  {
    "name": "Require(23) node_modules/_egg-logrotator@3.1.0@egg-logrotator/app/extend/application.js",
    "start": 1568084099415,
    "end": 1568084099419,
    "duration": 4,
    "pid": 4468,
    "index": 27
  },
  {
    "name": "Require(24) node_modules/_egg-view@2.1.2@egg-view/app/extend/application.js",
    "start": 1568084099420,
    "end": 1568084099422,
    "duration": 2,
    "pid": 4468,
    "index": 28
  },
  {
    "name": "Load extend/request.js",
    "start": 1568084099427,
    "end": 1568084099436,
    "duration": 9,
    "pid": 4468,
    "index": 29
  },
  {
    "name": "Require(25) node_modules/_egg@2.23.0@egg/app/extend/request.js",
    "start": 1568084099430,
    "end": 1568084099432,
    "duration": 2,
    "pid": 4468,
    "index": 30
  },
  {
    "name": "Load extend/response.js",
    "start": 1568084099436,
    "end": 1568084099446,
    "duration": 10,
    "pid": 4468,
    "index": 31
  },
  {
    "name": "Require(26) node_modules/_egg@2.23.0@egg/app/extend/response.js",
    "start": 1568084099439,
    "end": 1568084099442,
    "duration": 3,
    "pid": 4468,
    "index": 32
  },
  {
    "name": "Load extend/context.js",
    "start": 1568084099446,
    "end": 1568084099554,
    "duration": 108,
    "pid": 4468,
    "index": 33
  },
  {
    "name": "Require(27) node_modules/_egg-security@2.6.1@egg-security/app/extend/context.js",
    "start": 1568084099446,
    "end": 1568084099466,
    "duration": 20,
    "pid": 4468,
    "index": 34
  },
  {
    "name": "Require(28) node_modules/_egg-jsonp@2.0.0@egg-jsonp/app/extend/context.js",
    "start": 1568084099466,
    "end": 1568084099468,
    "duration": 2,
    "pid": 4468,
    "index": 35
  },
  {
    "name": "Require(29) node_modules/_egg-i18n@2.1.1@egg-i18n/app/extend/context.js",
    "start": 1568084099469,
    "end": 1568084099470,
    "duration": 1,
    "pid": 4468,
    "index": 36
  },
  {
    "name": "Require(30) node_modules/_egg-multipart@2.9.0@egg-multipart/app/extend/context.js",
    "start": 1568084099471,
    "end": 1568084099544,
    "duration": 73,
    "pid": 4468,
    "index": 37
  },
  {
    "name": "Require(31) node_modules/_egg-view@2.1.2@egg-view/app/extend/context.js",
    "start": 1568084099545,
    "end": 1568084099546,
    "duration": 1,
    "pid": 4468,
    "index": 38
  },
  {
    "name": "Require(32) node_modules/_egg@2.23.0@egg/app/extend/context.js",
    "start": 1568084099547,
    "end": 1568084099550,
    "duration": 3,
    "pid": 4468,
    "index": 39
  },
  {
    "name": "Load extend/helper.js",
    "start": 1568084099554,
    "end": 1568084099591,
    "duration": 37,
    "pid": 4468,
    "index": 40
  },
  {
    "name": "Require(33) node_modules/_egg-security@2.6.1@egg-security/app/extend/helper.js",
    "start": 1568084099555,
    "end": 1568084099584,
    "duration": 29,
    "pid": 4468,
    "index": 41
  },
  {
    "name": "Require(34) node_modules/_egg@2.23.0@egg/app/extend/helper.js",
    "start": 1568084099587,
    "end": 1568084099587,
    "duration": 0,
    "pid": 4468,
    "index": 42
  },
  {
    "name": "Load app.js",
    "start": 1568084099591,
    "end": 1568084099646,
    "duration": 55,
    "pid": 4468,
    "index": 43
  },
  {
    "name": "Require(35) node_modules/_egg-session@3.1.0@egg-session/app.js",
    "start": 1568084099592,
    "end": 1568084099592,
    "duration": 0,
    "pid": 4468,
    "index": 44
  },
  {
    "name": "Require(36) node_modules/_egg-security@2.6.1@egg-security/app.js",
    "start": 1568084099593,
    "end": 1568084099595,
    "duration": 2,
    "pid": 4468,
    "index": 45
  },
  {
    "name": "Require(37) node_modules/_egg-onerror@2.1.0@egg-onerror/app.js",
    "start": 1568084099596,
    "end": 1568084099612,
    "duration": 16,
    "pid": 4468,
    "index": 46
  },
  {
    "name": "Require(38) node_modules/_egg-i18n@2.1.1@egg-i18n/app.js",
    "start": 1568084099613,
    "end": 1568084099626,
    "duration": 13,
    "pid": 4468,
    "index": 47
  },
  {
    "name": "Require(39) node_modules/_egg-watcher@3.1.0@egg-watcher/app.js",
    "start": 1568084099626,
    "end": 1568084099632,
    "duration": 6,
    "pid": 4468,
    "index": 48
  },
  {
    "name": "Require(40) node_modules/_egg-schedule@3.6.4@egg-schedule/app.js",
    "start": 1568084099633,
    "end": 1568084099636,
    "duration": 3,
    "pid": 4468,
    "index": 49
  },
  {
    "name": "Require(41) node_modules/_egg-multipart@2.9.0@egg-multipart/app.js",
    "start": 1568084099637,
    "end": 1568084099641,
    "duration": 4,
    "pid": 4468,
    "index": 50
  },
  {
    "name": "Require(42) node_modules/_egg-development@2.4.3@egg-development/app.js",
    "start": 1568084099641,
    "end": 1568084099642,
    "duration": 1,
    "pid": 4468,
    "index": 51
  },
  {
    "name": "Require(43) node_modules/_egg-logrotator@3.1.0@egg-logrotator/app.js",
    "start": 1568084099642,
    "end": 1568084099643,
    "duration": 1,
    "pid": 4468,
    "index": 52
  },
  {
    "name": "Require(44) node_modules/_egg-static@2.2.0@egg-static/app.js",
    "start": 1568084099643,
    "end": 1568084099643,
    "duration": 0,
    "pid": 4468,
    "index": 53
  },
  {
    "name": "Require(45) node_modules/_egg-sequelize@5.2.0@egg-sequelize/app.js",
    "start": 1568084099644,
    "end": 1568084099645,
    "duration": 1,
    "pid": 4468,
    "index": 54
  },
  {
    "name": "Before Start in node_modules/_egg-watcher@3.1.0@egg-watcher/lib/init.js:15:14",
    "start": 1568084099661,
    "end": 1568084100438,
    "duration": 777,
    "pid": 4468,
    "index": 55
  },
  {
    "name": "Load \"Symbol(model)\" to Application",
    "start": 1568084100203,
    "end": 1568084100214,
    "duration": 11,
    "pid": 4468,
    "index": 56
  },
  {
    "name": "Before Start in node_modules/_egg-sequelize@5.2.0@egg-sequelize/lib/loader.js:39:7",
    "start": 1568084100214,
    "end": 1568084100477,
    "duration": 263,
    "pid": 4468,
    "index": 57
  },
  {
    "name": "Load Service",
    "start": 1568084100214,
    "end": 1568084100220,
    "duration": 6,
    "pid": 4468,
    "index": 58
  },
  {
    "name": "Load \"service\" to Context",
    "start": 1568084100215,
    "end": 1568084100220,
    "duration": 5,
    "pid": 4468,
    "index": 59
  },
  {
    "name": "Load Middleware",
    "start": 1568084100220,
    "end": 1568084100354,
    "duration": 134,
    "pid": 4468,
    "index": 60
  },
  {
    "name": "Load \"middlewares\" to Application",
    "start": 1568084100220,
    "end": 1568084100335,
    "duration": 115,
    "pid": 4468,
    "index": 61
  },
  {
    "name": "Load Controller",
    "start": 1568084100354,
    "end": 1568084100358,
    "duration": 4,
    "pid": 4468,
    "index": 62
  },
  {
    "name": "Load \"controller\" to Application",
    "start": 1568084100355,
    "end": 1568084100358,
    "duration": 3,
    "pid": 4468,
    "index": 63
  },
  {
    "name": "Load Router",
    "start": 1568084100358,
    "end": 1568084100361,
    "duration": 3,
    "pid": 4468,
    "index": 64
  },
  {
    "name": "Require(46) app/router.js",
    "start": 1568084100358,
    "end": 1568084100358,
    "duration": 0,
    "pid": 4468,
    "index": 65
  },
  {
    "name": "Before Start in node_modules/_egg-core@4.17.3@egg-core/lib/egg.js:303:10",
    "start": 1568084100359,
    "end": 1568084100382,
    "duration": 23,
    "pid": 4468,
    "index": 66
  }
]