[
  {
    "name": "Application Start",
    "start": 1568084362261,
    "end": 1568084363481,
    "duration": 1220,
    "pid": 4228,
    "index": 0
  },
  {
    "name": "Load Plugin",
    "start": 1568084362267,
    "end": 1568084362291,
    "duration": 24,
    "pid": 4228,
    "index": 1
  },
  {
    "name": "Load Config",
    "start": 1568084362291,
    "end": 1568084362318,
    "duration": 27,
    "pid": 4228,
    "index": 2
  },
  {
    "name": "Require(0) config/config.default.js",
    "start": 1568084362292,
    "end": 1568084362293,
    "duration": 1,
    "pid": 4228,
    "index": 3
  },
  {
    "name": "Require(1) node_modules/_egg-session@3.1.0@egg-session/config/config.default.js",
    "start": 1568084362295,
    "end": 1568084362295,
    "duration": 0,
    "pid": 4228,
    "index": 4
  },
  {
    "name": "Require(2) node_modules/_egg-security@2.6.1@egg-security/config/config.default.js",
    "start": 1568084362296,
    "end": 1568084362296,
    "duration": 0,
    "pid": 4228,
    "index": 5
  },
  {
    "name": "Require(3) node_modules/_egg-jsonp@2.0.0@egg-jsonp/config/config.default.js",
    "start": 1568084362298,
    "end": 1568084362298,
    "duration": 0,
    "pid": 4228,
    "index": 6
  },
  {
    "name": "Require(4) node_modules/_egg-onerror@2.1.0@egg-onerror/config/config.default.js",
    "start": 1568084362298,
    "end": 1568084362299,
    "duration": 1,
    "pid": 4228,
    "index": 7
  },
  {
    "name": "Require(5) node_modules/_egg-i18n@2.1.1@egg-i18n/config/config.default.js",
    "start": 1568084362299,
    "end": 1568084362300,
    "duration": 1,
    "pid": 4228,
    "index": 8
  },
  {
    "name": "Require(6) node_modules/_egg-watcher@3.1.0@egg-watcher/config/config.default.js",
    "start": 1568084362301,
    "end": 1568084362301,
    "duration": 0,
    "pid": 4228,
    "index": 9
  },
  {
    "name": "Require(7) node_modules/_egg-schedule@3.6.4@egg-schedule/config/config.default.js",
    "start": 1568084362302,
    "end": 1568084362302,
    "duration": 0,
    "pid": 4228,
    "index": 10
  },
  {
    "name": "Require(8) node_modules/_egg-multipart@2.9.0@egg-multipart/config/config.default.js",
    "start": 1568084362303,
    "end": 1568084362303,
    "duration": 0,
    "pid": 4228,
    "index": 11
  },
  {
    "name": "Require(9) node_modules/_egg-development@2.4.3@egg-development/config/config.default.js",
    "start": 1568084362304,
    "end": 1568084362305,
    "duration": 1,
    "pid": 4228,
    "index": 12
  },
  {
    "name": "Require(10) node_modules/_egg-logrotator@3.1.0@egg-logrotator/config/config.default.js",
    "start": 1568084362305,
    "end": 1568084362306,
    "duration": 1,
    "pid": 4228,
    "index": 13
  },
  {
    "name": "Require(11) node_modules/_egg-static@2.2.0@egg-static/config/config.default.js",
    "start": 1568084362306,
    "end": 1568084362307,
    "duration": 1,
    "pid": 4228,
    "index": 14
  },
  {
    "name": "Require(12) node_modules/_egg-view@2.1.2@egg-view/config/config.default.js",
    "start": 1568084362307,
    "end": 1568084362308,
    "duration": 1,
    "pid": 4228,
    "index": 15
  },
  {
    "name": "Require(13) node_modules/_egg-sequelize@5.2.0@egg-sequelize/config/config.default.js",
    "start": 1568084362308,
    "end": 1568084362309,
    "duration": 1,
    "pid": 4228,
    "index": 16
  },
  {
    "name": "Require(14) node_modules/_egg@2.23.0@egg/config/config.default.js",
    "start": 1568084362309,
    "end": 1568084362310,
    "duration": 1,
    "pid": 4228,
    "index": 17
  },
  {
    "name": "Require(15) config/config.default.js",
    "start": 1568084362311,
    "end": 1568084362311,
    "duration": 0,
    "pid": 4228,
    "index": 18
  },
  {
    "name": "Require(16) node_modules/_egg-security@2.6.1@egg-security/config/config.local.js",
    "start": 1568084362312,
    "end": 1568084362313,
    "duration": 1,
    "pid": 4228,
    "index": 19
  },
  {
    "name": "Require(17) node_modules/_egg-watcher@3.1.0@egg-watcher/config/config.local.js",
    "start": 1568084362314,
    "end": 1568084362314,
    "duration": 0,
    "pid": 4228,
    "index": 20
  },
  {
    "name": "Require(18) node_modules/_egg-view@2.1.2@egg-view/config/config.local.js",
    "start": 1568084362316,
    "end": 1568084362316,
    "duration": 0,
    "pid": 4228,
    "index": 21
  },
  {
    "name": "Require(19) node_modules/_egg@2.23.0@egg/config/config.local.js",
    "start": 1568084362317,
    "end": 1568084362318,
    "duration": 1,
    "pid": 4228,
    "index": 22
  },
  {
    "name": "Load extend/application.js",
    "start": 1568084362321,
    "end": 1568084362349,
    "duration": 28,
    "pid": 4228,
    "index": 23
  },
  {
    "name": "Require(20) node_modules/_egg-session@3.1.0@egg-session/app/extend/application.js",
    "start": 1568084362322,
    "end": 1568084362322,
    "duration": 0,
    "pid": 4228,
    "index": 24
  },
  {
    "name": "Require(21) node_modules/_egg-security@2.6.1@egg-security/app/extend/application.js",
    "start": 1568084362323,
    "end": 1568084362325,
    "duration": 2,
    "pid": 4228,
    "index": 25
  },
  {
    "name": "Require(22) node_modules/_egg-jsonp@2.0.0@egg-jsonp/app/extend/application.js",
    "start": 1568084362326,
    "end": 1568084362329,
    "duration": 3,
    "pid": 4228,
    "index": 26
  },
  {
    "name": "Require(23) node_modules/_egg-logrotator@3.1.0@egg-logrotator/app/extend/application.js",
    "start": 1568084362331,
    "end": 1568084362336,
    "duration": 5,
    "pid": 4228,
    "index": 27
  },
  {
    "name": "Require(24) node_modules/_egg-view@2.1.2@egg-view/app/extend/application.js",
    "start": 1568084362338,
    "end": 1568084362342,
    "duration": 4,
    "pid": 4228,
    "index": 28
  },
  {
    "name": "Load extend/request.js",
    "start": 1568084362349,
    "end": 1568084362361,
    "duration": 12,
    "pid": 4228,
    "index": 29
  },
  {
    "name": "Require(25) node_modules/_egg@2.23.0@egg/app/extend/request.js",
    "start": 1568084362353,
    "end": 1568084362357,
    "duration": 4,
    "pid": 4228,
    "index": 30
  },
  {
    "name": "Load extend/response.js",
    "start": 1568084362361,
    "end": 1568084362371,
    "duration": 10,
    "pid": 4228,
    "index": 31
  },
  {
    "name": "Require(26) node_modules/_egg@2.23.0@egg/app/extend/response.js",
    "start": 1568084362364,
    "end": 1568084362368,
    "duration": 4,
    "pid": 4228,
    "index": 32
  },
  {
    "name": "Load extend/context.js",
    "start": 1568084362371,
    "end": 1568084362481,
    "duration": 110,
    "pid": 4228,
    "index": 33
  },
  {
    "name": "Require(27) node_modules/_egg-security@2.6.1@egg-security/app/extend/context.js",
    "start": 1568084362372,
    "end": 1568084362392,
    "duration": 20,
    "pid": 4228,
    "index": 34
  },
  {
    "name": "Require(28) node_modules/_egg-jsonp@2.0.0@egg-jsonp/app/extend/context.js",
    "start": 1568084362393,
    "end": 1568084362395,
    "duration": 2,
    "pid": 4228,
    "index": 35
  },
  {
    "name": "Require(29) node_modules/_egg-i18n@2.1.1@egg-i18n/app/extend/context.js",
    "start": 1568084362396,
    "end": 1568084362397,
    "duration": 1,
    "pid": 4228,
    "index": 36
  },
  {
    "name": "Require(30) node_modules/_egg-multipart@2.9.0@egg-multipart/app/extend/context.js",
    "start": 1568084362398,
    "end": 1568084362471,
    "duration": 73,
    "pid": 4228,
    "index": 37
  },
  {
    "name": "Require(31) node_modules/_egg-view@2.1.2@egg-view/app/extend/context.js",
    "start": 1568084362472,
    "end": 1568084362474,
    "duration": 2,
    "pid": 4228,
    "index": 38
  },
  {
    "name": "Require(32) node_modules/_egg@2.23.0@egg/app/extend/context.js",
    "start": 1568084362474,
    "end": 1568084362478,
    "duration": 4,
    "pid": 4228,
    "index": 39
  },
  {
    "name": "Load extend/helper.js",
    "start": 1568084362481,
    "end": 1568084362517,
    "duration": 36,
    "pid": 4228,
    "index": 40
  },
  {
    "name": "Require(33) node_modules/_egg-security@2.6.1@egg-security/app/extend/helper.js",
    "start": 1568084362482,
    "end": 1568084362511,
    "duration": 29,
    "pid": 4228,
    "index": 41
  },
  {
    "name": "Require(34) node_modules/_egg@2.23.0@egg/app/extend/helper.js",
    "start": 1568084362514,
    "end": 1568084362514,
    "duration": 0,
    "pid": 4228,
    "index": 42
  },
  {
    "name": "Load app.js",
    "start": 1568084362518,
    "end": 1568084362579,
    "duration": 61,
    "pid": 4228,
    "index": 43
  },
  {
    "name": "Require(35) node_modules/_egg-session@3.1.0@egg-session/app.js",
    "start": 1568084362518,
    "end": 1568084362519,
    "duration": 1,
    "pid": 4228,
    "index": 44
  },
  {
    "name": "Require(36) node_modules/_egg-security@2.6.1@egg-security/app.js",
    "start": 1568084362519,
    "end": 1568084362522,
    "duration": 3,
    "pid": 4228,
    "index": 45
  },
  {
    "name": "Require(37) node_modules/_egg-onerror@2.1.0@egg-onerror/app.js",
    "start": 1568084362524,
    "end": 1568084362545,
    "duration": 21,
    "pid": 4228,
    "index": 46
  },
  {
    "name": "Require(38) node_modules/_egg-i18n@2.1.1@egg-i18n/app.js",
    "start": 1568084362546,
    "end": 1568084362558,
    "duration": 12,
    "pid": 4228,
    "index": 47
  },
  {
    "name": "Require(39) node_modules/_egg-watcher@3.1.0@egg-watcher/app.js",
    "start": 1568084362558,
    "end": 1568084362564,
    "duration": 6,
    "pid": 4228,
    "index": 48
  },
  {
    "name": "Require(40) node_modules/_egg-schedule@3.6.4@egg-schedule/app.js",
    "start": 1568084362565,
    "end": 1568084362567,
    "duration": 2,
    "pid": 4228,
    "index": 49
  },
  {
    "name": "Require(41) node_modules/_egg-multipart@2.9.0@egg-multipart/app.js",
    "start": 1568084362568,
    "end": 1568084362573,
    "duration": 5,
    "pid": 4228,
    "index": 50
  },
  {
    "name": "Require(42) node_modules/_egg-development@2.4.3@egg-development/app.js",
    "start": 1568084362574,
    "end": 1568084362574,
    "duration": 0,
    "pid": 4228,
    "index": 51
  },
  {
    "name": "Require(43) node_modules/_egg-logrotator@3.1.0@egg-logrotator/app.js",
    "start": 1568084362575,
    "end": 1568084362575,
    "duration": 0,
    "pid": 4228,
    "index": 52
  },
  {
    "name": "Require(44) node_modules/_egg-static@2.2.0@egg-static/app.js",
    "start": 1568084362576,
    "end": 1568084362576,
    "duration": 0,
    "pid": 4228,
    "index": 53
  },
  {
    "name": "Require(45) node_modules/_egg-sequelize@5.2.0@egg-sequelize/app.js",
    "start": 1568084362577,
    "end": 1568084362577,
    "duration": 0,
    "pid": 4228,
    "index": 54
  },
  {
    "name": "Before Start in node_modules/_egg-watcher@3.1.0@egg-watcher/lib/init.js:15:14",
    "start": 1568084362594,
    "end": 1568084363444,
    "duration": 850,
    "pid": 4228,
    "index": 55
  },
  {
    "name": "Load \"Symbol(model)\" to Application",
    "start": 1568084363206,
    "end": 1568084363218,
    "duration": 12,
    "pid": 4228,
    "index": 56
  },
  {
    "name": "Before Start in node_modules/_egg-sequelize@5.2.0@egg-sequelize/lib/loader.js:39:7",
    "start": 1568084363218,
    "end": 1568084363481,
    "duration": 263,
    "pid": 4228,
    "index": 57
  },
  {
    "name": "Load Service",
    "start": 1568084363219,
    "end": 1568084363224,
    "duration": 5,
    "pid": 4228,
    "index": 58
  },
  {
    "name": "Load \"service\" to Context",
    "start": 1568084363219,
    "end": 1568084363224,
    "duration": 5,
    "pid": 4228,
    "index": 59
  },
  {
    "name": "Load Middleware",
    "start": 1568084363225,
    "end": 1568084363366,
    "duration": 141,
    "pid": 4228,
    "index": 60
  },
  {
    "name": "Load \"middlewares\" to Application",
    "start": 1568084363225,
    "end": 1568084363348,
    "duration": 123,
    "pid": 4228,
    "index": 61
  },
  {
    "name": "Load Controller",
    "start": 1568084363366,
    "end": 1568084363369,
    "duration": 3,
    "pid": 4228,
    "index": 62
  },
  {
    "name": "Load \"controller\" to Application",
    "start": 1568084363366,
    "end": 1568084363369,
    "duration": 3,
    "pid": 4228,
    "index": 63
  },
  {
    "name": "Load Router",
    "start": 1568084363369,
    "end": 1568084363372,
    "duration": 3,
    "pid": 4228,
    "index": 64
  },
  {
    "name": "Require(46) app/router.js",
    "start": 1568084363369,
    "end": 1568084363370,
    "duration": 1,
    "pid": 4228,
    "index": 65
  },
  {
    "name": "Before Start in node_modules/_egg-core@4.17.3@egg-core/lib/egg.js:303:10",
    "start": 1568084363370,
    "end": 1568084363393,
    "duration": 23,
    "pid": 4228,
    "index": 66
  }
]