[
  {
    "name": "Application Start",
    "start": 1568084312111,
    "end": 1568084313302,
    "duration": 1191,
    "pid": 2416,
    "index": 0
  },
  {
    "name": "Load Plugin",
    "start": 1568084312119,
    "end": 1568084312146,
    "duration": 27,
    "pid": 2416,
    "index": 1
  },
  {
    "name": "Load Config",
    "start": 1568084312146,
    "end": 1568084312174,
    "duration": 28,
    "pid": 2416,
    "index": 2
  },
  {
    "name": "Require(0) config/config.default.js",
    "start": 1568084312148,
    "end": 1568084312148,
    "duration": 0,
    "pid": 2416,
    "index": 3
  },
  {
    "name": "Require(1) node_modules/_egg-session@3.1.0@egg-session/config/config.default.js",
    "start": 1568084312150,
    "end": 1568084312150,
    "duration": 0,
    "pid": 2416,
    "index": 4
  },
  {
    "name": "Require(2) node_modules/_egg-security@2.6.1@egg-security/config/config.default.js",
    "start": 1568084312151,
    "end": 1568084312151,
    "duration": 0,
    "pid": 2416,
    "index": 5
  },
  {
    "name": "Require(3) node_modules/_egg-jsonp@2.0.0@egg-jsonp/config/config.default.js",
    "start": 1568084312153,
    "end": 1568084312153,
    "duration": 0,
    "pid": 2416,
    "index": 6
  },
  {
    "name": "Require(4) node_modules/_egg-onerror@2.1.0@egg-onerror/config/config.default.js",
    "start": 1568084312154,
    "end": 1568084312154,
    "duration": 0,
    "pid": 2416,
    "index": 7
  },
  {
    "name": "Require(5) node_modules/_egg-i18n@2.1.1@egg-i18n/config/config.default.js",
    "start": 1568084312155,
    "end": 1568084312155,
    "duration": 0,
    "pid": 2416,
    "index": 8
  },
  {
    "name": "Require(6) node_modules/_egg-watcher@3.1.0@egg-watcher/config/config.default.js",
    "start": 1568084312156,
    "end": 1568084312157,
    "duration": 1,
    "pid": 2416,
    "index": 9
  },
  {
    "name": "Require(7) node_modules/_egg-schedule@3.6.4@egg-schedule/config/config.default.js",
    "start": 1568084312157,
    "end": 1568084312158,
    "duration": 1,
    "pid": 2416,
    "index": 10
  },
  {
    "name": "Require(8) node_modules/_egg-multipart@2.9.0@egg-multipart/config/config.default.js",
    "start": 1568084312158,
    "end": 1568084312159,
    "duration": 1,
    "pid": 2416,
    "index": 11
  },
  {
    "name": "Require(9) node_modules/_egg-development@2.4.3@egg-development/config/config.default.js",
    "start": 1568084312160,
    "end": 1568084312160,
    "duration": 0,
    "pid": 2416,
    "index": 12
  },
  {
    "name": "Require(10) node_modules/_egg-logrotator@3.1.0@egg-logrotator/config/config.default.js",
    "start": 1568084312161,
    "end": 1568084312161,
    "duration": 0,
    "pid": 2416,
    "index": 13
  },
  {
    "name": "Require(11) node_modules/_egg-static@2.2.0@egg-static/config/config.default.js",
    "start": 1568084312162,
    "end": 1568084312162,
    "duration": 0,
    "pid": 2416,
    "index": 14
  },
  {
    "name": "Require(12) node_modules/_egg-view@2.1.2@egg-view/config/config.default.js",
    "start": 1568084312163,
    "end": 1568084312164,
    "duration": 1,
    "pid": 2416,
    "index": 15
  },
  {
    "name": "Require(13) node_modules/_egg-sequelize@5.2.0@egg-sequelize/config/config.default.js",
    "start": 1568084312164,
    "end": 1568084312165,
    "duration": 1,
    "pid": 2416,
    "index": 16
  },
  {
    "name": "Require(14) node_modules/_egg@2.23.0@egg/config/config.default.js",
    "start": 1568084312166,
    "end": 1568084312166,
    "duration": 0,
    "pid": 2416,
    "index": 17
  },
  {
    "name": "Require(15) config/config.default.js",
    "start": 1568084312168,
    "end": 1568084312168,
    "duration": 0,
    "pid": 2416,
    "index": 18
  },
  {
    "name": "Require(16) node_modules/_egg-security@2.6.1@egg-security/config/config.local.js",
    "start": 1568084312169,
    "end": 1568084312169,
    "duration": 0,
    "pid": 2416,
    "index": 19
  },
  {
    "name": "Require(17) node_modules/_egg-watcher@3.1.0@egg-watcher/config/config.local.js",
    "start": 1568084312170,
    "end": 1568084312171,
    "duration": 1,
    "pid": 2416,
    "index": 20
  },
  {
    "name": "Require(18) node_modules/_egg-view@2.1.2@egg-view/config/config.local.js",
    "start": 1568084312173,
    "end": 1568084312173,
    "duration": 0,
    "pid": 2416,
    "index": 21
  },
  {
    "name": "Require(19) node_modules/_egg@2.23.0@egg/config/config.local.js",
    "start": 1568084312174,
    "end": 1568084312174,
    "duration": 0,
    "pid": 2416,
    "index": 22
  },
  {
    "name": "Load extend/application.js",
    "start": 1568084312176,
    "end": 1568084312197,
    "duration": 21,
    "pid": 2416,
    "index": 23
  },
  {
    "name": "Require(20) node_modules/_egg-session@3.1.0@egg-session/app/extend/application.js",
    "start": 1568084312177,
    "end": 1568084312177,
    "duration": 0,
    "pid": 2416,
    "index": 24
  },
  {
    "name": "Require(21) node_modules/_egg-security@2.6.1@egg-security/app/extend/application.js",
    "start": 1568084312178,
    "end": 1568084312179,
    "duration": 1,
    "pid": 2416,
    "index": 25
  },
  {
    "name": "Require(22) node_modules/_egg-jsonp@2.0.0@egg-jsonp/app/extend/application.js",
    "start": 1568084312180,
    "end": 1568084312183,
    "duration": 3,
    "pid": 2416,
    "index": 26
  },
  {
    "name": "Require(23) node_modules/_egg-logrotator@3.1.0@egg-logrotator/app/extend/application.js",
    "start": 1568084312185,
    "end": 1568084312189,
    "duration": 4,
    "pid": 2416,
    "index": 27
  },
  {
    "name": "Require(24) node_modules/_egg-view@2.1.2@egg-view/app/extend/application.js",
    "start": 1568084312190,
    "end": 1568084312192,
    "duration": 2,
    "pid": 2416,
    "index": 28
  },
  {
    "name": "Load extend/request.js",
    "start": 1568084312197,
    "end": 1568084312206,
    "duration": 9,
    "pid": 2416,
    "index": 29
  },
  {
    "name": "Require(25) node_modules/_egg@2.23.0@egg/app/extend/request.js",
    "start": 1568084312200,
    "end": 1568084312202,
    "duration": 2,
    "pid": 2416,
    "index": 30
  },
  {
    "name": "Load extend/response.js",
    "start": 1568084312206,
    "end": 1568084312217,
    "duration": 11,
    "pid": 2416,
    "index": 31
  },
  {
    "name": "Require(26) node_modules/_egg@2.23.0@egg/app/extend/response.js",
    "start": 1568084312210,
    "end": 1568084312213,
    "duration": 3,
    "pid": 2416,
    "index": 32
  },
  {
    "name": "Load extend/context.js",
    "start": 1568084312217,
    "end": 1568084312322,
    "duration": 105,
    "pid": 2416,
    "index": 33
  },
  {
    "name": "Require(27) node_modules/_egg-security@2.6.1@egg-security/app/extend/context.js",
    "start": 1568084312217,
    "end": 1568084312237,
    "duration": 20,
    "pid": 2416,
    "index": 34
  },
  {
    "name": "Require(28) node_modules/_egg-jsonp@2.0.0@egg-jsonp/app/extend/context.js",
    "start": 1568084312238,
    "end": 1568084312240,
    "duration": 2,
    "pid": 2416,
    "index": 35
  },
  {
    "name": "Require(29) node_modules/_egg-i18n@2.1.1@egg-i18n/app/extend/context.js",
    "start": 1568084312241,
    "end": 1568084312241,
    "duration": 0,
    "pid": 2416,
    "index": 36
  },
  {
    "name": "Require(30) node_modules/_egg-multipart@2.9.0@egg-multipart/app/extend/context.js",
    "start": 1568084312242,
    "end": 1568084312313,
    "duration": 71,
    "pid": 2416,
    "index": 37
  },
  {
    "name": "Require(31) node_modules/_egg-view@2.1.2@egg-view/app/extend/context.js",
    "start": 1568084312314,
    "end": 1568084312315,
    "duration": 1,
    "pid": 2416,
    "index": 38
  },
  {
    "name": "Require(32) node_modules/_egg@2.23.0@egg/app/extend/context.js",
    "start": 1568084312316,
    "end": 1568084312319,
    "duration": 3,
    "pid": 2416,
    "index": 39
  },
  {
    "name": "Load extend/helper.js",
    "start": 1568084312322,
    "end": 1568084312359,
    "duration": 37,
    "pid": 2416,
    "index": 40
  },
  {
    "name": "Require(33) node_modules/_egg-security@2.6.1@egg-security/app/extend/helper.js",
    "start": 1568084312323,
    "end": 1568084312352,
    "duration": 29,
    "pid": 2416,
    "index": 41
  },
  {
    "name": "Require(34) node_modules/_egg@2.23.0@egg/app/extend/helper.js",
    "start": 1568084312355,
    "end": 1568084312356,
    "duration": 1,
    "pid": 2416,
    "index": 42
  },
  {
    "name": "Load app.js",
    "start": 1568084312360,
    "end": 1568084312420,
    "duration": 60,
    "pid": 2416,
    "index": 43
  },
  {
    "name": "Require(35) node_modules/_egg-session@3.1.0@egg-session/app.js",
    "start": 1568084312360,
    "end": 1568084312360,
    "duration": 0,
    "pid": 2416,
    "index": 44
  },
  {
    "name": "Require(36) node_modules/_egg-security@2.6.1@egg-security/app.js",
    "start": 1568084312361,
    "end": 1568084312364,
    "duration": 3,
    "pid": 2416,
    "index": 45
  },
  {
    "name": "Require(37) node_modules/_egg-onerror@2.1.0@egg-onerror/app.js",
    "start": 1568084312365,
    "end": 1568084312386,
    "duration": 21,
    "pid": 2416,
    "index": 46
  },
  {
    "name": "Require(38) node_modules/_egg-i18n@2.1.1@egg-i18n/app.js",
    "start": 1568084312387,
    "end": 1568084312398,
    "duration": 11,
    "pid": 2416,
    "index": 47
  },
  {
    "name": "Require(39) node_modules/_egg-watcher@3.1.0@egg-watcher/app.js",
    "start": 1568084312399,
    "end": 1568084312406,
    "duration": 7,
    "pid": 2416,
    "index": 48
  },
  {
    "name": "Require(40) node_modules/_egg-schedule@3.6.4@egg-schedule/app.js",
    "start": 1568084312407,
    "end": 1568084312410,
    "duration": 3,
    "pid": 2416,
    "index": 49
  },
  {
    "name": "Require(41) node_modules/_egg-multipart@2.9.0@egg-multipart/app.js",
    "start": 1568084312410,
    "end": 1568084312415,
    "duration": 5,
    "pid": 2416,
    "index": 50
  },
  {
    "name": "Require(42) node_modules/_egg-development@2.4.3@egg-development/app.js",
    "start": 1568084312415,
    "end": 1568084312415,
    "duration": 0,
    "pid": 2416,
    "index": 51
  },
  {
    "name": "Require(43) node_modules/_egg-logrotator@3.1.0@egg-logrotator/app.js",
    "start": 1568084312416,
    "end": 1568084312416,
    "duration": 0,
    "pid": 2416,
    "index": 52
  },
  {
    "name": "Require(44) node_modules/_egg-static@2.2.0@egg-static/app.js",
    "start": 1568084312417,
    "end": 1568084312417,
    "duration": 0,
    "pid": 2416,
    "index": 53
  },
  {
    "name": "Require(45) node_modules/_egg-sequelize@5.2.0@egg-sequelize/app.js",
    "start": 1568084312418,
    "end": 1568084312418,
    "duration": 0,
    "pid": 2416,
    "index": 54
  },
  {
    "name": "Before Start in node_modules/_egg-watcher@3.1.0@egg-watcher/lib/init.js:15:14",
    "start": 1568084312440,
    "end": 1568084313265,
    "duration": 825,
    "pid": 2416,
    "index": 55
  },
  {
    "name": "Load \"Symbol(model)\" to Application",
    "start": 1568084313030,
    "end": 1568084313041,
    "duration": 11,
    "pid": 2416,
    "index": 56
  },
  {
    "name": "Before Start in node_modules/_egg-sequelize@5.2.0@egg-sequelize/lib/loader.js:39:7",
    "start": 1568084313042,
    "end": 1568084313301,
    "duration": 259,
    "pid": 2416,
    "index": 57
  },
  {
    "name": "Load Service",
    "start": 1568084313042,
    "end": 1568084313048,
    "duration": 6,
    "pid": 2416,
    "index": 58
  },
  {
    "name": "Load \"service\" to Context",
    "start": 1568084313042,
    "end": 1568084313048,
    "duration": 6,
    "pid": 2416,
    "index": 59
  },
  {
    "name": "Load Middleware",
    "start": 1568084313048,
    "end": 1568084313179,
    "duration": 131,
    "pid": 2416,
    "index": 60
  },
  {
    "name": "Load \"middlewares\" to Application",
    "start": 1568084313048,
    "end": 1568084313163,
    "duration": 115,
    "pid": 2416,
    "index": 61
  },
  {
    "name": "Load Controller",
    "start": 1568084313179,
    "end": 1568084313183,
    "duration": 4,
    "pid": 2416,
    "index": 62
  },
  {
    "name": "Load \"controller\" to Application",
    "start": 1568084313179,
    "end": 1568084313183,
    "duration": 4,
    "pid": 2416,
    "index": 63
  },
  {
    "name": "Load Router",
    "start": 1568084313183,
    "end": 1568084313186,
    "duration": 3,
    "pid": 2416,
    "index": 64
  },
  {
    "name": "Require(46) app/router.js",
    "start": 1568084313183,
    "end": 1568084313184,
    "duration": 1,
    "pid": 2416,
    "index": 65
  },
  {
    "name": "Before Start in node_modules/_egg-core@4.17.3@egg-core/lib/egg.js:303:10",
    "start": 1568084313184,
    "end": 1568084313206,
    "duration": 22,
    "pid": 2416,
    "index": 66
  }
]