[
  {
    "name": "Application Start",
    "start": 1568084386014,
    "end": 1568084387222,
    "duration": 1208,
    "pid": 676,
    "index": 0
  },
  {
    "name": "Load Plugin",
    "start": 1568084386020,
    "end": 1568084386046,
    "duration": 26,
    "pid": 676,
    "index": 1
  },
  {
    "name": "Load Config",
    "start": 1568084386046,
    "end": 1568084386073,
    "duration": 27,
    "pid": 676,
    "index": 2
  },
  {
    "name": "Require(0) config/config.default.js",
    "start": 1568084386047,
    "end": 1568084386047,
    "duration": 0,
    "pid": 676,
    "index": 3
  },
  {
    "name": "Require(1) node_modules/_egg-session@3.1.0@egg-session/config/config.default.js",
    "start": 1568084386049,
    "end": 1568084386050,
    "duration": 1,
    "pid": 676,
    "index": 4
  },
  {
    "name": "Require(2) node_modules/_egg-security@2.6.1@egg-security/config/config.default.js",
    "start": 1568084386051,
    "end": 1568084386051,
    "duration": 0,
    "pid": 676,
    "index": 5
  },
  {
    "name": "Require(3) node_modules/_egg-jsonp@2.0.0@egg-jsonp/config/config.default.js",
    "start": 1568084386053,
    "end": 1568084386053,
    "duration": 0,
    "pid": 676,
    "index": 6
  },
  {
    "name": "Require(4) node_modules/_egg-onerror@2.1.0@egg-onerror/config/config.default.js",
    "start": 1568084386054,
    "end": 1568084386054,
    "duration": 0,
    "pid": 676,
    "index": 7
  },
  {
    "name": "Require(5) node_modules/_egg-i18n@2.1.1@egg-i18n/config/config.default.js",
    "start": 1568084386055,
    "end": 1568084386055,
    "duration": 0,
    "pid": 676,
    "index": 8
  },
  {
    "name": "Require(6) node_modules/_egg-watcher@3.1.0@egg-watcher/config/config.default.js",
    "start": 1568084386056,
    "end": 1568084386056,
    "duration": 0,
    "pid": 676,
    "index": 9
  },
  {
    "name": "Require(7) node_modules/_egg-schedule@3.6.4@egg-schedule/config/config.default.js",
    "start": 1568084386057,
    "end": 1568084386057,
    "duration": 0,
    "pid": 676,
    "index": 10
  },
  {
    "name": "Require(8) node_modules/_egg-multipart@2.9.0@egg-multipart/config/config.default.js",
    "start": 1568084386058,
    "end": 1568084386058,
    "duration": 0,
    "pid": 676,
    "index": 11
  },
  {
    "name": "Require(9) node_modules/_egg-development@2.4.3@egg-development/config/config.default.js",
    "start": 1568084386059,
    "end": 1568084386059,
    "duration": 0,
    "pid": 676,
    "index": 12
  },
  {
    "name": "Require(10) node_modules/_egg-logrotator@3.1.0@egg-logrotator/config/config.default.js",
    "start": 1568084386060,
    "end": 1568084386060,
    "duration": 0,
    "pid": 676,
    "index": 13
  },
  {
    "name": "Require(11) node_modules/_egg-static@2.2.0@egg-static/config/config.default.js",
    "start": 1568084386061,
    "end": 1568084386061,
    "duration": 0,
    "pid": 676,
    "index": 14
  },
  {
    "name": "Require(12) node_modules/_egg-view@2.1.2@egg-view/config/config.default.js",
    "start": 1568084386062,
    "end": 1568084386063,
    "duration": 1,
    "pid": 676,
    "index": 15
  },
  {
    "name": "Require(13) node_modules/_egg-sequelize@5.2.0@egg-sequelize/config/config.default.js",
    "start": 1568084386063,
    "end": 1568084386064,
    "duration": 1,
    "pid": 676,
    "index": 16
  },
  {
    "name": "Require(14) node_modules/_egg@2.23.0@egg/config/config.default.js",
    "start": 1568084386064,
    "end": 1568084386065,
    "duration": 1,
    "pid": 676,
    "index": 17
  },
  {
    "name": "Require(15) config/config.default.js",
    "start": 1568084386066,
    "end": 1568084386066,
    "duration": 0,
    "pid": 676,
    "index": 18
  },
  {
    "name": "Require(16) node_modules/_egg-security@2.6.1@egg-security/config/config.local.js",
    "start": 1568084386068,
    "end": 1568084386068,
    "duration": 0,
    "pid": 676,
    "index": 19
  },
  {
    "name": "Require(17) node_modules/_egg-watcher@3.1.0@egg-watcher/config/config.local.js",
    "start": 1568084386069,
    "end": 1568084386070,
    "duration": 1,
    "pid": 676,
    "index": 20
  },
  {
    "name": "Require(18) node_modules/_egg-view@2.1.2@egg-view/config/config.local.js",
    "start": 1568084386071,
    "end": 1568084386072,
    "duration": 1,
    "pid": 676,
    "index": 21
  },
  {
    "name": "Require(19) node_modules/_egg@2.23.0@egg/config/config.local.js",
    "start": 1568084386072,
    "end": 1568084386073,
    "duration": 1,
    "pid": 676,
    "index": 22
  },
  {
    "name": "Load extend/application.js",
    "start": 1568084386075,
    "end": 1568084386095,
    "duration": 20,
    "pid": 676,
    "index": 23
  },
  {
    "name": "Require(20) node_modules/_egg-session@3.1.0@egg-session/app/extend/application.js",
    "start": 1568084386076,
    "end": 1568084386077,
    "duration": 1,
    "pid": 676,
    "index": 24
  },
  {
    "name": "Require(21) node_modules/_egg-security@2.6.1@egg-security/app/extend/application.js",
    "start": 1568084386077,
    "end": 1568084386079,
    "duration": 2,
    "pid": 676,
    "index": 25
  },
  {
    "name": "Require(22) node_modules/_egg-jsonp@2.0.0@egg-jsonp/app/extend/application.js",
    "start": 1568084386079,
    "end": 1568084386082,
    "duration": 3,
    "pid": 676,
    "index": 26
  },
  {
    "name": "Require(23) node_modules/_egg-logrotator@3.1.0@egg-logrotator/app/extend/application.js",
    "start": 1568084386084,
    "end": 1568084386088,
    "duration": 4,
    "pid": 676,
    "index": 27
  },
  {
    "name": "Require(24) node_modules/_egg-view@2.1.2@egg-view/app/extend/application.js",
    "start": 1568084386089,
    "end": 1568084386092,
    "duration": 3,
    "pid": 676,
    "index": 28
  },
  {
    "name": "Load extend/request.js",
    "start": 1568084386096,
    "end": 1568084386105,
    "duration": 9,
    "pid": 676,
    "index": 29
  },
  {
    "name": "Require(25) node_modules/_egg@2.23.0@egg/app/extend/request.js",
    "start": 1568084386099,
    "end": 1568084386101,
    "duration": 2,
    "pid": 676,
    "index": 30
  },
  {
    "name": "Load extend/response.js",
    "start": 1568084386105,
    "end": 1568084386115,
    "duration": 10,
    "pid": 676,
    "index": 31
  },
  {
    "name": "Require(26) node_modules/_egg@2.23.0@egg/app/extend/response.js",
    "start": 1568084386108,
    "end": 1568084386111,
    "duration": 3,
    "pid": 676,
    "index": 32
  },
  {
    "name": "Load extend/context.js",
    "start": 1568084386115,
    "end": 1568084386233,
    "duration": 118,
    "pid": 676,
    "index": 33
  },
  {
    "name": "Require(27) node_modules/_egg-security@2.6.1@egg-security/app/extend/context.js",
    "start": 1568084386116,
    "end": 1568084386138,
    "duration": 22,
    "pid": 676,
    "index": 34
  },
  {
    "name": "Require(28) node_modules/_egg-jsonp@2.0.0@egg-jsonp/app/extend/context.js",
    "start": 1568084386139,
    "end": 1568084386142,
    "duration": 3,
    "pid": 676,
    "index": 35
  },
  {
    "name": "Require(29) node_modules/_egg-i18n@2.1.1@egg-i18n/app/extend/context.js",
    "start": 1568084386142,
    "end": 1568084386143,
    "duration": 1,
    "pid": 676,
    "index": 36
  },
  {
    "name": "Require(30) node_modules/_egg-multipart@2.9.0@egg-multipart/app/extend/context.js",
    "start": 1568084386145,
    "end": 1568084386222,
    "duration": 77,
    "pid": 676,
    "index": 37
  },
  {
    "name": "Require(31) node_modules/_egg-view@2.1.2@egg-view/app/extend/context.js",
    "start": 1568084386224,
    "end": 1568084386225,
    "duration": 1,
    "pid": 676,
    "index": 38
  },
  {
    "name": "Require(32) node_modules/_egg@2.23.0@egg/app/extend/context.js",
    "start": 1568084386226,
    "end": 1568084386229,
    "duration": 3,
    "pid": 676,
    "index": 39
  },
  {
    "name": "Load extend/helper.js",
    "start": 1568084386233,
    "end": 1568084386267,
    "duration": 34,
    "pid": 676,
    "index": 40
  },
  {
    "name": "Require(33) node_modules/_egg-security@2.6.1@egg-security/app/extend/helper.js",
    "start": 1568084386233,
    "end": 1568084386261,
    "duration": 28,
    "pid": 676,
    "index": 41
  },
  {
    "name": "Require(34) node_modules/_egg@2.23.0@egg/app/extend/helper.js",
    "start": 1568084386264,
    "end": 1568084386264,
    "duration": 0,
    "pid": 676,
    "index": 42
  },
  {
    "name": "Load app.js",
    "start": 1568084386268,
    "end": 1568084386321,
    "duration": 53,
    "pid": 676,
    "index": 43
  },
  {
    "name": "Require(35) node_modules/_egg-session@3.1.0@egg-session/app.js",
    "start": 1568084386268,
    "end": 1568084386269,
    "duration": 1,
    "pid": 676,
    "index": 44
  },
  {
    "name": "Require(36) node_modules/_egg-security@2.6.1@egg-security/app.js",
    "start": 1568084386269,
    "end": 1568084386273,
    "duration": 4,
    "pid": 676,
    "index": 45
  },
  {
    "name": "Require(37) node_modules/_egg-onerror@2.1.0@egg-onerror/app.js",
    "start": 1568084386274,
    "end": 1568084386289,
    "duration": 15,
    "pid": 676,
    "index": 46
  },
  {
    "name": "Require(38) node_modules/_egg-i18n@2.1.1@egg-i18n/app.js",
    "start": 1568084386289,
    "end": 1568084386301,
    "duration": 12,
    "pid": 676,
    "index": 47
  },
  {
    "name": "Require(39) node_modules/_egg-watcher@3.1.0@egg-watcher/app.js",
    "start": 1568084386302,
    "end": 1568084386308,
    "duration": 6,
    "pid": 676,
    "index": 48
  },
  {
    "name": "Require(40) node_modules/_egg-schedule@3.6.4@egg-schedule/app.js",
    "start": 1568084386308,
    "end": 1568084386311,
    "duration": 3,
    "pid": 676,
    "index": 49
  },
  {
    "name": "Require(41) node_modules/_egg-multipart@2.9.0@egg-multipart/app.js",
    "start": 1568084386312,
    "end": 1568084386316,
    "duration": 4,
    "pid": 676,
    "index": 50
  },
  {
    "name": "Require(42) node_modules/_egg-development@2.4.3@egg-development/app.js",
    "start": 1568084386317,
    "end": 1568084386317,
    "duration": 0,
    "pid": 676,
    "index": 51
  },
  {
    "name": "Require(43) node_modules/_egg-logrotator@3.1.0@egg-logrotator/app.js",
    "start": 1568084386318,
    "end": 1568084386318,
    "duration": 0,
    "pid": 676,
    "index": 52
  },
  {
    "name": "Require(44) node_modules/_egg-static@2.2.0@egg-static/app.js",
    "start": 1568084386318,
    "end": 1568084386319,
    "duration": 1,
    "pid": 676,
    "index": 53
  },
  {
    "name": "Require(45) node_modules/_egg-sequelize@5.2.0@egg-sequelize/app.js",
    "start": 1568084386320,
    "end": 1568084386320,
    "duration": 0,
    "pid": 676,
    "index": 54
  },
  {
    "name": "Before Start in node_modules/_egg-watcher@3.1.0@egg-watcher/lib/init.js:15:14",
    "start": 1568084386337,
    "end": 1568084387185,
    "duration": 848,
    "pid": 676,
    "index": 55
  },
  {
    "name": "Load \"Symbol(model)\" to Application",
    "start": 1568084386873,
    "end": 1568084386887,
    "duration": 14,
    "pid": 676,
    "index": 56
  },
  {
    "name": "Before Start in node_modules/_egg-sequelize@5.2.0@egg-sequelize/lib/loader.js:39:7",
    "start": 1568084386887,
    "end": 1568084387222,
    "duration": 335,
    "pid": 676,
    "index": 57
  },
  {
    "name": "Load Service",
    "start": 1568084386887,
    "end": 1568084386893,
    "duration": 6,
    "pid": 676,
    "index": 58
  },
  {
    "name": "Load \"service\" to Context",
    "start": 1568084386887,
    "end": 1568084386893,
    "duration": 6,
    "pid": 676,
    "index": 59
  },
  {
    "name": "Load Middleware",
    "start": 1568084386893,
    "end": 1568084387066,
    "duration": 173,
    "pid": 676,
    "index": 60
  },
  {
    "name": "Load \"middlewares\" to Application",
    "start": 1568084386894,
    "end": 1568084387038,
    "duration": 144,
    "pid": 676,
    "index": 61
  },
  {
    "name": "Load Controller",
    "start": 1568084387066,
    "end": 1568084387070,
    "duration": 4,
    "pid": 676,
    "index": 62
  },
  {
    "name": "Load \"controller\" to Application",
    "start": 1568084387067,
    "end": 1568084387070,
    "duration": 3,
    "pid": 676,
    "index": 63
  },
  {
    "name": "Load Router",
    "start": 1568084387070,
    "end": 1568084387074,
    "duration": 4,
    "pid": 676,
    "index": 64
  },
  {
    "name": "Require(46) app/router.js",
    "start": 1568084387070,
    "end": 1568084387071,
    "duration": 1,
    "pid": 676,
    "index": 65
  },
  {
    "name": "Before Start in node_modules/_egg-core@4.17.3@egg-core/lib/egg.js:303:10",
    "start": 1568084387071,
    "end": 1568084387101,
    "duration": 30,
    "pid": 676,
    "index": 66
  }
]