[
  {
    "name": "Application Start",
    "start": 1568084720026,
    "end": 1568084721240,
    "duration": 1214,
    "pid": 6940,
    "index": 0
  },
  {
    "name": "Load Plugin",
    "start": 1568084720033,
    "end": 1568084720058,
    "duration": 25,
    "pid": 6940,
    "index": 1
  },
  {
    "name": "Load Config",
    "start": 1568084720058,
    "end": 1568084720086,
    "duration": 28,
    "pid": 6940,
    "index": 2
  },
  {
    "name": "Require(0) config/config.default.js",
    "start": 1568084720060,
    "end": 1568084720060,
    "duration": 0,
    "pid": 6940,
    "index": 3
  },
  {
    "name": "Require(1) node_modules/_egg-session@3.1.0@egg-session/config/config.default.js",
    "start": 1568084720062,
    "end": 1568084720063,
    "duration": 1,
    "pid": 6940,
    "index": 4
  },
  {
    "name": "Require(2) node_modules/_egg-security@2.6.1@egg-security/config/config.default.js",
    "start": 1568084720064,
    "end": 1568084720064,
    "duration": 0,
    "pid": 6940,
    "index": 5
  },
  {
    "name": "Require(3) node_modules/_egg-jsonp@2.0.0@egg-jsonp/config/config.default.js",
    "start": 1568084720065,
    "end": 1568084720066,
    "duration": 1,
    "pid": 6940,
    "index": 6
  },
  {
    "name": "Require(4) node_modules/_egg-onerror@2.1.0@egg-onerror/config/config.default.js",
    "start": 1568084720066,
    "end": 1568084720067,
    "duration": 1,
    "pid": 6940,
    "index": 7
  },
  {
    "name": "Require(5) node_modules/_egg-i18n@2.1.1@egg-i18n/config/config.default.js",
    "start": 1568084720067,
    "end": 1568084720068,
    "duration": 1,
    "pid": 6940,
    "index": 8
  },
  {
    "name": "Require(6) node_modules/_egg-watcher@3.1.0@egg-watcher/config/config.default.js",
    "start": 1568084720068,
    "end": 1568084720069,
    "duration": 1,
    "pid": 6940,
    "index": 9
  },
  {
    "name": "Require(7) node_modules/_egg-schedule@3.6.4@egg-schedule/config/config.default.js",
    "start": 1568084720069,
    "end": 1568084720070,
    "duration": 1,
    "pid": 6940,
    "index": 10
  },
  {
    "name": "Require(8) node_modules/_egg-multipart@2.9.0@egg-multipart/config/config.default.js",
    "start": 1568084720070,
    "end": 1568084720071,
    "duration": 1,
    "pid": 6940,
    "index": 11
  },
  {
    "name": "Require(9) node_modules/_egg-development@2.4.3@egg-development/config/config.default.js",
    "start": 1568084720072,
    "end": 1568084720072,
    "duration": 0,
    "pid": 6940,
    "index": 12
  },
  {
    "name": "Require(10) node_modules/_egg-logrotator@3.1.0@egg-logrotator/config/config.default.js",
    "start": 1568084720073,
    "end": 1568084720073,
    "duration": 0,
    "pid": 6940,
    "index": 13
  },
  {
    "name": "Require(11) node_modules/_egg-static@2.2.0@egg-static/config/config.default.js",
    "start": 1568084720074,
    "end": 1568084720074,
    "duration": 0,
    "pid": 6940,
    "index": 14
  },
  {
    "name": "Require(12) node_modules/_egg-view@2.1.2@egg-view/config/config.default.js",
    "start": 1568084720075,
    "end": 1568084720075,
    "duration": 0,
    "pid": 6940,
    "index": 15
  },
  {
    "name": "Require(13) node_modules/_egg-sequelize@5.2.0@egg-sequelize/config/config.default.js",
    "start": 1568084720076,
    "end": 1568084720076,
    "duration": 0,
    "pid": 6940,
    "index": 16
  },
  {
    "name": "Require(14) node_modules/_egg@2.23.0@egg/config/config.default.js",
    "start": 1568084720077,
    "end": 1568084720077,
    "duration": 0,
    "pid": 6940,
    "index": 17
  },
  {
    "name": "Require(15) config/config.default.js",
    "start": 1568084720080,
    "end": 1568084720080,
    "duration": 0,
    "pid": 6940,
    "index": 18
  },
  {
    "name": "Require(16) node_modules/_egg-security@2.6.1@egg-security/config/config.local.js",
    "start": 1568084720081,
    "end": 1568084720081,
    "duration": 0,
    "pid": 6940,
    "index": 19
  },
  {
    "name": "Require(17) node_modules/_egg-watcher@3.1.0@egg-watcher/config/config.local.js",
    "start": 1568084720082,
    "end": 1568084720083,
    "duration": 1,
    "pid": 6940,
    "index": 20
  },
  {
    "name": "Require(18) node_modules/_egg-view@2.1.2@egg-view/config/config.local.js",
    "start": 1568084720084,
    "end": 1568084720085,
    "duration": 1,
    "pid": 6940,
    "index": 21
  },
  {
    "name": "Require(19) node_modules/_egg@2.23.0@egg/config/config.local.js",
    "start": 1568084720086,
    "end": 1568084720086,
    "duration": 0,
    "pid": 6940,
    "index": 22
  },
  {
    "name": "Load extend/application.js",
    "start": 1568084720088,
    "end": 1568084720108,
    "duration": 20,
    "pid": 6940,
    "index": 23
  },
  {
    "name": "Require(20) node_modules/_egg-session@3.1.0@egg-session/app/extend/application.js",
    "start": 1568084720089,
    "end": 1568084720089,
    "duration": 0,
    "pid": 6940,
    "index": 24
  },
  {
    "name": "Require(21) node_modules/_egg-security@2.6.1@egg-security/app/extend/application.js",
    "start": 1568084720090,
    "end": 1568084720091,
    "duration": 1,
    "pid": 6940,
    "index": 25
  },
  {
    "name": "Require(22) node_modules/_egg-jsonp@2.0.0@egg-jsonp/app/extend/application.js",
    "start": 1568084720092,
    "end": 1568084720095,
    "duration": 3,
    "pid": 6940,
    "index": 26
  },
  {
    "name": "Require(23) node_modules/_egg-logrotator@3.1.0@egg-logrotator/app/extend/application.js",
    "start": 1568084720097,
    "end": 1568084720101,
    "duration": 4,
    "pid": 6940,
    "index": 27
  },
  {
    "name": "Require(24) node_modules/_egg-view@2.1.2@egg-view/app/extend/application.js",
    "start": 1568084720102,
    "end": 1568084720104,
    "duration": 2,
    "pid": 6940,
    "index": 28
  },
  {
    "name": "Load extend/request.js",
    "start": 1568084720108,
    "end": 1568084720117,
    "duration": 9,
    "pid": 6940,
    "index": 29
  },
  {
    "name": "Require(25) node_modules/_egg@2.23.0@egg/app/extend/request.js",
    "start": 1568084720111,
    "end": 1568084720114,
    "duration": 3,
    "pid": 6940,
    "index": 30
  },
  {
    "name": "Load extend/response.js",
    "start": 1568084720117,
    "end": 1568084720127,
    "duration": 10,
    "pid": 6940,
    "index": 31
  },
  {
    "name": "Require(26) node_modules/_egg@2.23.0@egg/app/extend/response.js",
    "start": 1568084720120,
    "end": 1568084720124,
    "duration": 4,
    "pid": 6940,
    "index": 32
  },
  {
    "name": "Load extend/context.js",
    "start": 1568084720127,
    "end": 1568084720258,
    "duration": 131,
    "pid": 6940,
    "index": 33
  },
  {
    "name": "Require(27) node_modules/_egg-security@2.6.1@egg-security/app/extend/context.js",
    "start": 1568084720128,
    "end": 1568084720164,
    "duration": 36,
    "pid": 6940,
    "index": 34
  },
  {
    "name": "Require(28) node_modules/_egg-jsonp@2.0.0@egg-jsonp/app/extend/context.js",
    "start": 1568084720164,
    "end": 1568084720167,
    "duration": 3,
    "pid": 6940,
    "index": 35
  },
  {
    "name": "Require(29) node_modules/_egg-i18n@2.1.1@egg-i18n/app/extend/context.js",
    "start": 1568084720168,
    "end": 1568084720169,
    "duration": 1,
    "pid": 6940,
    "index": 36
  },
  {
    "name": "Require(30) node_modules/_egg-multipart@2.9.0@egg-multipart/app/extend/context.js",
    "start": 1568084720170,
    "end": 1568084720247,
    "duration": 77,
    "pid": 6940,
    "index": 37
  },
  {
    "name": "Require(31) node_modules/_egg-view@2.1.2@egg-view/app/extend/context.js",
    "start": 1568084720249,
    "end": 1568084720250,
    "duration": 1,
    "pid": 6940,
    "index": 38
  },
  {
    "name": "Require(32) node_modules/_egg@2.23.0@egg/app/extend/context.js",
    "start": 1568084720251,
    "end": 1568084720254,
    "duration": 3,
    "pid": 6940,
    "index": 39
  },
  {
    "name": "Load extend/helper.js",
    "start": 1568084720258,
    "end": 1568084720298,
    "duration": 40,
    "pid": 6940,
    "index": 40
  },
  {
    "name": "Require(33) node_modules/_egg-security@2.6.1@egg-security/app/extend/helper.js",
    "start": 1568084720258,
    "end": 1568084720291,
    "duration": 33,
    "pid": 6940,
    "index": 41
  },
  {
    "name": "Require(34) node_modules/_egg@2.23.0@egg/app/extend/helper.js",
    "start": 1568084720294,
    "end": 1568084720294,
    "duration": 0,
    "pid": 6940,
    "index": 42
  },
  {
    "name": "Load app.js",
    "start": 1568084720298,
    "end": 1568084720357,
    "duration": 59,
    "pid": 6940,
    "index": 43
  },
  {
    "name": "Require(35) node_modules/_egg-session@3.1.0@egg-session/app.js",
    "start": 1568084720299,
    "end": 1568084720299,
    "duration": 0,
    "pid": 6940,
    "index": 44
  },
  {
    "name": "Require(36) node_modules/_egg-security@2.6.1@egg-security/app.js",
    "start": 1568084720300,
    "end": 1568084720303,
    "duration": 3,
    "pid": 6940,
    "index": 45
  },
  {
    "name": "Require(37) node_modules/_egg-onerror@2.1.0@egg-onerror/app.js",
    "start": 1568084720304,
    "end": 1568084720320,
    "duration": 16,
    "pid": 6940,
    "index": 46
  },
  {
    "name": "Require(38) node_modules/_egg-i18n@2.1.1@egg-i18n/app.js",
    "start": 1568084720320,
    "end": 1568084720334,
    "duration": 14,
    "pid": 6940,
    "index": 47
  },
  {
    "name": "Require(39) node_modules/_egg-watcher@3.1.0@egg-watcher/app.js",
    "start": 1568084720335,
    "end": 1568084720342,
    "duration": 7,
    "pid": 6940,
    "index": 48
  },
  {
    "name": "Require(40) node_modules/_egg-schedule@3.6.4@egg-schedule/app.js",
    "start": 1568084720343,
    "end": 1568084720346,
    "duration": 3,
    "pid": 6940,
    "index": 49
  },
  {
    "name": "Require(41) node_modules/_egg-multipart@2.9.0@egg-multipart/app.js",
    "start": 1568084720347,
    "end": 1568084720352,
    "duration": 5,
    "pid": 6940,
    "index": 50
  },
  {
    "name": "Require(42) node_modules/_egg-development@2.4.3@egg-development/app.js",
    "start": 1568084720352,
    "end": 1568084720353,
    "duration": 1,
    "pid": 6940,
    "index": 51
  },
  {
    "name": "Require(43) node_modules/_egg-logrotator@3.1.0@egg-logrotator/app.js",
    "start": 1568084720353,
    "end": 1568084720353,
    "duration": 0,
    "pid": 6940,
    "index": 52
  },
  {
    "name": "Require(44) node_modules/_egg-static@2.2.0@egg-static/app.js",
    "start": 1568084720354,
    "end": 1568084720354,
    "duration": 0,
    "pid": 6940,
    "index": 53
  },
  {
    "name": "Require(45) node_modules/_egg-sequelize@5.2.0@egg-sequelize/app.js",
    "start": 1568084720355,
    "end": 1568084720355,
    "duration": 0,
    "pid": 6940,
    "index": 54
  },
  {
    "name": "Before Start in node_modules/_egg-watcher@3.1.0@egg-watcher/lib/init.js:15:14",
    "start": 1568084720374,
    "end": 1568084721206,
    "duration": 832,
    "pid": 6940,
    "index": 55
  },
  {
    "name": "Load \"Symbol(model)\" to Application",
    "start": 1568084720937,
    "end": 1568084720952,
    "duration": 15,
    "pid": 6940,
    "index": 56
  },
  {
    "name": "Before Start in node_modules/_egg-sequelize@5.2.0@egg-sequelize/lib/loader.js:39:7",
    "start": 1568084720952,
    "end": 1568084721240,
    "duration": 288,
    "pid": 6940,
    "index": 57
  },
  {
    "name": "Load Service",
    "start": 1568084720952,
    "end": 1568084720958,
    "duration": 6,
    "pid": 6940,
    "index": 58
  },
  {
    "name": "Load \"service\" to Context",
    "start": 1568084720953,
    "end": 1568084720958,
    "duration": 5,
    "pid": 6940,
    "index": 59
  },
  {
    "name": "Load Middleware",
    "start": 1568084720958,
    "end": 1568084721099,
    "duration": 141,
    "pid": 6940,
    "index": 60
  },
  {
    "name": "Load \"middlewares\" to Application",
    "start": 1568084720958,
    "end": 1568084721082,
    "duration": 124,
    "pid": 6940,
    "index": 61
  },
  {
    "name": "Load Controller",
    "start": 1568084721100,
    "end": 1568084721103,
    "duration": 3,
    "pid": 6940,
    "index": 62
  },
  {
    "name": "Load \"controller\" to Application",
    "start": 1568084721100,
    "end": 1568084721103,
    "duration": 3,
    "pid": 6940,
    "index": 63
  },
  {
    "name": "Load Router",
    "start": 1568084721103,
    "end": 1568084721107,
    "duration": 4,
    "pid": 6940,
    "index": 64
  },
  {
    "name": "Require(46) app/router.js",
    "start": 1568084721103,
    "end": 1568084721104,
    "duration": 1,
    "pid": 6940,
    "index": 65
  },
  {
    "name": "Before Start in node_modules/_egg-core@4.17.3@egg-core/lib/egg.js:303:10",
    "start": 1568084721104,
    "end": 1568084721129,
    "duration": 25,
    "pid": 6940,
    "index": 66
  }
]