[
  {
    "name": "Application Start",
    "start": 1568083787240,
    "end": 1568083788354,
    "duration": 1114,
    "pid": 6292,
    "index": 0
  },
  {
    "name": "Load Plugin",
    "start": 1568083787247,
    "end": 1568083787277,
    "duration": 30,
    "pid": 6292,
    "index": 1
  },
  {
    "name": "Load Config",
    "start": 1568083787278,
    "end": 1568083787307,
    "duration": 29,
    "pid": 6292,
    "index": 2
  },
  {
    "name": "Require(0) config/config.default.js",
    "start": 1568083787279,
    "end": 1568083787280,
    "duration": 1,
    "pid": 6292,
    "index": 3
  },
  {
    "name": "Require(1) node_modules/_egg-session@3.1.0@egg-session/config/config.default.js",
    "start": 1568083787282,
    "end": 1568083787282,
    "duration": 0,
    "pid": 6292,
    "index": 4
  },
  {
    "name": "Require(2) node_modules/_egg-security@2.6.1@egg-security/config/config.default.js",
    "start": 1568083787283,
    "end": 1568083787283,
    "duration": 0,
    "pid": 6292,
    "index": 5
  },
  {
    "name": "Require(3) node_modules/_egg-jsonp@2.0.0@egg-jsonp/config/config.default.js",
    "start": 1568083787285,
    "end": 1568083787285,
    "duration": 0,
    "pid": 6292,
    "index": 6
  },
  {
    "name": "Require(4) node_modules/_egg-onerror@2.1.0@egg-onerror/config/config.default.js",
    "start": 1568083787286,
    "end": 1568083787286,
    "duration": 0,
    "pid": 6292,
    "index": 7
  },
  {
    "name": "Require(5) node_modules/_egg-i18n@2.1.1@egg-i18n/config/config.default.js",
    "start": 1568083787287,
    "end": 1568083787287,
    "duration": 0,
    "pid": 6292,
    "index": 8
  },
  {
    "name": "Require(6) node_modules/_egg-watcher@3.1.0@egg-watcher/config/config.default.js",
    "start": 1568083787288,
    "end": 1568083787289,
    "duration": 1,
    "pid": 6292,
    "index": 9
  },
  {
    "name": "Require(7) node_modules/_egg-schedule@3.6.4@egg-schedule/config/config.default.js",
    "start": 1568083787289,
    "end": 1568083787290,
    "duration": 1,
    "pid": 6292,
    "index": 10
  },
  {
    "name": "Require(8) node_modules/_egg-multipart@2.9.0@egg-multipart/config/config.default.js",
    "start": 1568083787290,
    "end": 1568083787291,
    "duration": 1,
    "pid": 6292,
    "index": 11
  },
  {
    "name": "Require(9) node_modules/_egg-development@2.4.3@egg-development/config/config.default.js",
    "start": 1568083787292,
    "end": 1568083787292,
    "duration": 0,
    "pid": 6292,
    "index": 12
  },
  {
    "name": "Require(10) node_modules/_egg-logrotator@3.1.0@egg-logrotator/config/config.default.js",
    "start": 1568083787293,
    "end": 1568083787293,
    "duration": 0,
    "pid": 6292,
    "index": 13
  },
  {
    "name": "Require(11) node_modules/_egg-static@2.2.0@egg-static/config/config.default.js",
    "start": 1568083787294,
    "end": 1568083787294,
    "duration": 0,
    "pid": 6292,
    "index": 14
  },
  {
    "name": "Require(12) node_modules/_egg-view@2.1.2@egg-view/config/config.default.js",
    "start": 1568083787295,
    "end": 1568083787295,
    "duration": 0,
    "pid": 6292,
    "index": 15
  },
  {
    "name": "Require(13) node_modules/_egg-sequelize@5.2.0@egg-sequelize/config/config.default.js",
    "start": 1568083787297,
    "end": 1568083787297,
    "duration": 0,
    "pid": 6292,
    "index": 16
  },
  {
    "name": "Require(14) node_modules/_egg@2.23.0@egg/config/config.default.js",
    "start": 1568083787298,
    "end": 1568083787299,
    "duration": 1,
    "pid": 6292,
    "index": 17
  },
  {
    "name": "Require(15) config/config.default.js",
    "start": 1568083787301,
    "end": 1568083787301,
    "duration": 0,
    "pid": 6292,
    "index": 18
  },
  {
    "name": "Require(16) node_modules/_egg-security@2.6.1@egg-security/config/config.local.js",
    "start": 1568083787302,
    "end": 1568083787302,
    "duration": 0,
    "pid": 6292,
    "index": 19
  },
  {
    "name": "Require(17) node_modules/_egg-watcher@3.1.0@egg-watcher/config/config.local.js",
    "start": 1568083787303,
    "end": 1568083787304,
    "duration": 1,
    "pid": 6292,
    "index": 20
  },
  {
    "name": "Require(18) node_modules/_egg-view@2.1.2@egg-view/config/config.local.js",
    "start": 1568083787305,
    "end": 1568083787306,
    "duration": 1,
    "pid": 6292,
    "index": 21
  },
  {
    "name": "Require(19) node_modules/_egg@2.23.0@egg/config/config.local.js",
    "start": 1568083787307,
    "end": 1568083787307,
    "duration": 0,
    "pid": 6292,
    "index": 22
  },
  {
    "name": "Load extend/application.js",
    "start": 1568083787309,
    "end": 1568083787329,
    "duration": 20,
    "pid": 6292,
    "index": 23
  },
  {
    "name": "Require(20) node_modules/_egg-session@3.1.0@egg-session/app/extend/application.js",
    "start": 1568083787310,
    "end": 1568083787311,
    "duration": 1,
    "pid": 6292,
    "index": 24
  },
  {
    "name": "Require(21) node_modules/_egg-security@2.6.1@egg-security/app/extend/application.js",
    "start": 1568083787311,
    "end": 1568083787312,
    "duration": 1,
    "pid": 6292,
    "index": 25
  },
  {
    "name": "Require(22) node_modules/_egg-jsonp@2.0.0@egg-jsonp/app/extend/application.js",
    "start": 1568083787313,
    "end": 1568083787316,
    "duration": 3,
    "pid": 6292,
    "index": 26
  },
  {
    "name": "Require(23) node_modules/_egg-logrotator@3.1.0@egg-logrotator/app/extend/application.js",
    "start": 1568083787318,
    "end": 1568083787322,
    "duration": 4,
    "pid": 6292,
    "index": 27
  },
  {
    "name": "Require(24) node_modules/_egg-view@2.1.2@egg-view/app/extend/application.js",
    "start": 1568083787323,
    "end": 1568083787325,
    "duration": 2,
    "pid": 6292,
    "index": 28
  },
  {
    "name": "Load extend/request.js",
    "start": 1568083787329,
    "end": 1568083787339,
    "duration": 10,
    "pid": 6292,
    "index": 29
  },
  {
    "name": "Require(25) node_modules/_egg@2.23.0@egg/app/extend/request.js",
    "start": 1568083787332,
    "end": 1568083787335,
    "duration": 3,
    "pid": 6292,
    "index": 30
  },
  {
    "name": "Load extend/response.js",
    "start": 1568083787339,
    "end": 1568083787351,
    "duration": 12,
    "pid": 6292,
    "index": 31
  },
  {
    "name": "Require(26) node_modules/_egg@2.23.0@egg/app/extend/response.js",
    "start": 1568083787343,
    "end": 1568083787347,
    "duration": 4,
    "pid": 6292,
    "index": 32
  },
  {
    "name": "Load extend/context.js",
    "start": 1568083787351,
    "end": 1568083787461,
    "duration": 110,
    "pid": 6292,
    "index": 33
  },
  {
    "name": "Require(27) node_modules/_egg-security@2.6.1@egg-security/app/extend/context.js",
    "start": 1568083787351,
    "end": 1568083787371,
    "duration": 20,
    "pid": 6292,
    "index": 34
  },
  {
    "name": "Require(28) node_modules/_egg-jsonp@2.0.0@egg-jsonp/app/extend/context.js",
    "start": 1568083787372,
    "end": 1568083787374,
    "duration": 2,
    "pid": 6292,
    "index": 35
  },
  {
    "name": "Require(29) node_modules/_egg-i18n@2.1.1@egg-i18n/app/extend/context.js",
    "start": 1568083787375,
    "end": 1568083787375,
    "duration": 0,
    "pid": 6292,
    "index": 36
  },
  {
    "name": "Require(30) node_modules/_egg-multipart@2.9.0@egg-multipart/app/extend/context.js",
    "start": 1568083787377,
    "end": 1568083787451,
    "duration": 74,
    "pid": 6292,
    "index": 37
  },
  {
    "name": "Require(31) node_modules/_egg-view@2.1.2@egg-view/app/extend/context.js",
    "start": 1568083787452,
    "end": 1568083787454,
    "duration": 2,
    "pid": 6292,
    "index": 38
  },
  {
    "name": "Require(32) node_modules/_egg@2.23.0@egg/app/extend/context.js",
    "start": 1568083787455,
    "end": 1568083787458,
    "duration": 3,
    "pid": 6292,
    "index": 39
  },
  {
    "name": "Load extend/helper.js",
    "start": 1568083787462,
    "end": 1568083787496,
    "duration": 34,
    "pid": 6292,
    "index": 40
  },
  {
    "name": "Require(33) node_modules/_egg-security@2.6.1@egg-security/app/extend/helper.js",
    "start": 1568083787462,
    "end": 1568083787490,
    "duration": 28,
    "pid": 6292,
    "index": 41
  },
  {
    "name": "Require(34) node_modules/_egg@2.23.0@egg/app/extend/helper.js",
    "start": 1568083787493,
    "end": 1568083787493,
    "duration": 0,
    "pid": 6292,
    "index": 42
  },
  {
    "name": "Load app.js",
    "start": 1568083787497,
    "end": 1568083787556,
    "duration": 59,
    "pid": 6292,
    "index": 43
  },
  {
    "name": "Require(35) node_modules/_egg-session@3.1.0@egg-session/app.js",
    "start": 1568083787497,
    "end": 1568083787498,
    "duration": 1,
    "pid": 6292,
    "index": 44
  },
  {
    "name": "Require(36) node_modules/_egg-security@2.6.1@egg-security/app.js",
    "start": 1568083787498,
    "end": 1568083787501,
    "duration": 3,
    "pid": 6292,
    "index": 45
  },
  {
    "name": "Require(37) node_modules/_egg-onerror@2.1.0@egg-onerror/app.js",
    "start": 1568083787502,
    "end": 1568083787519,
    "duration": 17,
    "pid": 6292,
    "index": 46
  },
  {
    "name": "Require(38) node_modules/_egg-i18n@2.1.1@egg-i18n/app.js",
    "start": 1568083787519,
    "end": 1568083787531,
    "duration": 12,
    "pid": 6292,
    "index": 47
  },
  {
    "name": "Require(39) node_modules/_egg-watcher@3.1.0@egg-watcher/app.js",
    "start": 1568083787532,
    "end": 1568083787540,
    "duration": 8,
    "pid": 6292,
    "index": 48
  },
  {
    "name": "Require(40) node_modules/_egg-schedule@3.6.4@egg-schedule/app.js",
    "start": 1568083787541,
    "end": 1568083787546,
    "duration": 5,
    "pid": 6292,
    "index": 49
  },
  {
    "name": "Require(41) node_modules/_egg-multipart@2.9.0@egg-multipart/app.js",
    "start": 1568083787546,
    "end": 1568083787551,
    "duration": 5,
    "pid": 6292,
    "index": 50
  },
  {
    "name": "Require(42) node_modules/_egg-development@2.4.3@egg-development/app.js",
    "start": 1568083787552,
    "end": 1568083787552,
    "duration": 0,
    "pid": 6292,
    "index": 51
  },
  {
    "name": "Require(43) node_modules/_egg-logrotator@3.1.0@egg-logrotator/app.js",
    "start": 1568083787552,
    "end": 1568083787553,
    "duration": 1,
    "pid": 6292,
    "index": 52
  },
  {
    "name": "Require(44) node_modules/_egg-static@2.2.0@egg-static/app.js",
    "start": 1568083787553,
    "end": 1568083787554,
    "duration": 1,
    "pid": 6292,
    "index": 53
  },
  {
    "name": "Require(45) node_modules/_egg-sequelize@5.2.0@egg-sequelize/app.js",
    "start": 1568083787554,
    "end": 1568083787555,
    "duration": 1,
    "pid": 6292,
    "index": 54
  },
  {
    "name": "Before Start in node_modules/_egg-watcher@3.1.0@egg-watcher/lib/init.js:15:14",
    "start": 1568083787571,
    "end": 1568083788307,
    "duration": 736,
    "pid": 6292,
    "index": 55
  },
  {
    "name": "Load \"Symbol(model)\" to Application",
    "start": 1568083788082,
    "end": 1568083788093,
    "duration": 11,
    "pid": 6292,
    "index": 56
  },
  {
    "name": "Before Start in node_modules/_egg-sequelize@5.2.0@egg-sequelize/lib/loader.js:39:7",
    "start": 1568083788093,
    "end": 1568083788353,
    "duration": 260,
    "pid": 6292,
    "index": 57
  },
  {
    "name": "Load Service",
    "start": 1568083788094,
    "end": 1568083788099,
    "duration": 5,
    "pid": 6292,
    "index": 58
  },
  {
    "name": "Load \"service\" to Context",
    "start": 1568083788094,
    "end": 1568083788099,
    "duration": 5,
    "pid": 6292,
    "index": 59
  },
  {
    "name": "Load Middleware",
    "start": 1568083788099,
    "end": 1568083788231,
    "duration": 132,
    "pid": 6292,
    "index": 60
  },
  {
    "name": "Load \"middlewares\" to Application",
    "start": 1568083788100,
    "end": 1568083788215,
    "duration": 115,
    "pid": 6292,
    "index": 61
  },
  {
    "name": "Load Controller",
    "start": 1568083788231,
    "end": 1568083788233,
    "duration": 2,
    "pid": 6292,
    "index": 62
  },
  {
    "name": "Load \"controller\" to Application",
    "start": 1568083788231,
    "end": 1568083788233,
    "duration": 2,
    "pid": 6292,
    "index": 63
  },
  {
    "name": "Load Router",
    "start": 1568083788233,
    "end": 1568083788237,
    "duration": 4,
    "pid": 6292,
    "index": 64
  },
  {
    "name": "Require(46) app/router.js",
    "start": 1568083788234,
    "end": 1568083788234,
    "duration": 0,
    "pid": 6292,
    "index": 65
  },
  {
    "name": "Before Start in node_modules/_egg-core@4.17.3@egg-core/lib/egg.js:303:10",
    "start": 1568083788235,
    "end": 1568083788256,
    "duration": 21,
    "pid": 6292,
    "index": 66
  }
]