[
  {
    "name": "Application Start",
    "start": 1568083816614,
    "end": 1568083817691,
    "duration": 1077,
    "pid": 2872,
    "index": 0
  },
  {
    "name": "Load Plugin",
    "start": 1568083816620,
    "end": 1568083816645,
    "duration": 25,
    "pid": 2872,
    "index": 1
  },
  {
    "name": "Load Config",
    "start": 1568083816645,
    "end": 1568083816672,
    "duration": 27,
    "pid": 2872,
    "index": 2
  },
  {
    "name": "Require(0) config/config.default.js",
    "start": 1568083816646,
    "end": 1568083816647,
    "duration": 1,
    "pid": 2872,
    "index": 3
  },
  {
    "name": "Require(1) node_modules/_egg-session@3.1.0@egg-session/config/config.default.js",
    "start": 1568083816649,
    "end": 1568083816649,
    "duration": 0,
    "pid": 2872,
    "index": 4
  },
  {
    "name": "Require(2) node_modules/_egg-security@2.6.1@egg-security/config/config.default.js",
    "start": 1568083816650,
    "end": 1568083816651,
    "duration": 1,
    "pid": 2872,
    "index": 5
  },
  {
    "name": "Require(3) node_modules/_egg-jsonp@2.0.0@egg-jsonp/config/config.default.js",
    "start": 1568083816652,
    "end": 1568083816652,
    "duration": 0,
    "pid": 2872,
    "index": 6
  },
  {
    "name": "Require(4) node_modules/_egg-onerror@2.1.0@egg-onerror/config/config.default.js",
    "start": 1568083816653,
    "end": 1568083816653,
    "duration": 0,
    "pid": 2872,
    "index": 7
  },
  {
    "name": "Require(5) node_modules/_egg-i18n@2.1.1@egg-i18n/config/config.default.js",
    "start": 1568083816654,
    "end": 1568083816654,
    "duration": 0,
    "pid": 2872,
    "index": 8
  },
  {
    "name": "Require(6) node_modules/_egg-watcher@3.1.0@egg-watcher/config/config.default.js",
    "start": 1568083816655,
    "end": 1568083816655,
    "duration": 0,
    "pid": 2872,
    "index": 9
  },
  {
    "name": "Require(7) node_modules/_egg-schedule@3.6.4@egg-schedule/config/config.default.js",
    "start": 1568083816656,
    "end": 1568083816656,
    "duration": 0,
    "pid": 2872,
    "index": 10
  },
  {
    "name": "Require(8) node_modules/_egg-multipart@2.9.0@egg-multipart/config/config.default.js",
    "start": 1568083816657,
    "end": 1568083816657,
    "duration": 0,
    "pid": 2872,
    "index": 11
  },
  {
    "name": "Require(9) node_modules/_egg-development@2.4.3@egg-development/config/config.default.js",
    "start": 1568083816658,
    "end": 1568083816659,
    "duration": 1,
    "pid": 2872,
    "index": 12
  },
  {
    "name": "Require(10) node_modules/_egg-logrotator@3.1.0@egg-logrotator/config/config.default.js",
    "start": 1568083816659,
    "end": 1568083816660,
    "duration": 1,
    "pid": 2872,
    "index": 13
  },
  {
    "name": "Require(11) node_modules/_egg-static@2.2.0@egg-static/config/config.default.js",
    "start": 1568083816660,
    "end": 1568083816661,
    "duration": 1,
    "pid": 2872,
    "index": 14
  },
  {
    "name": "Require(12) node_modules/_egg-view@2.1.2@egg-view/config/config.default.js",
    "start": 1568083816661,
    "end": 1568083816662,
    "duration": 1,
    "pid": 2872,
    "index": 15
  },
  {
    "name": "Require(13) node_modules/_egg-sequelize@5.2.0@egg-sequelize/config/config.default.js",
    "start": 1568083816662,
    "end": 1568083816663,
    "duration": 1,
    "pid": 2872,
    "index": 16
  },
  {
    "name": "Require(14) node_modules/_egg@2.23.0@egg/config/config.default.js",
    "start": 1568083816663,
    "end": 1568083816664,
    "duration": 1,
    "pid": 2872,
    "index": 17
  },
  {
    "name": "Require(15) config/config.default.js",
    "start": 1568083816666,
    "end": 1568083816666,
    "duration": 0,
    "pid": 2872,
    "index": 18
  },
  {
    "name": "Require(16) node_modules/_egg-security@2.6.1@egg-security/config/config.local.js",
    "start": 1568083816667,
    "end": 1568083816667,
    "duration": 0,
    "pid": 2872,
    "index": 19
  },
  {
    "name": "Require(17) node_modules/_egg-watcher@3.1.0@egg-watcher/config/config.local.js",
    "start": 1568083816668,
    "end": 1568083816669,
    "duration": 1,
    "pid": 2872,
    "index": 20
  },
  {
    "name": "Require(18) node_modules/_egg-view@2.1.2@egg-view/config/config.local.js",
    "start": 1568083816670,
    "end": 1568083816671,
    "duration": 1,
    "pid": 2872,
    "index": 21
  },
  {
    "name": "Require(19) node_modules/_egg@2.23.0@egg/config/config.local.js",
    "start": 1568083816671,
    "end": 1568083816672,
    "duration": 1,
    "pid": 2872,
    "index": 22
  },
  {
    "name": "Load extend/application.js",
    "start": 1568083816674,
    "end": 1568083816693,
    "duration": 19,
    "pid": 2872,
    "index": 23
  },
  {
    "name": "Require(20) node_modules/_egg-session@3.1.0@egg-session/app/extend/application.js",
    "start": 1568083816675,
    "end": 1568083816675,
    "duration": 0,
    "pid": 2872,
    "index": 24
  },
  {
    "name": "Require(21) node_modules/_egg-security@2.6.1@egg-security/app/extend/application.js",
    "start": 1568083816676,
    "end": 1568083816677,
    "duration": 1,
    "pid": 2872,
    "index": 25
  },
  {
    "name": "Require(22) node_modules/_egg-jsonp@2.0.0@egg-jsonp/app/extend/application.js",
    "start": 1568083816678,
    "end": 1568083816680,
    "duration": 2,
    "pid": 2872,
    "index": 26
  },
  {
    "name": "Require(23) node_modules/_egg-logrotator@3.1.0@egg-logrotator/app/extend/application.js",
    "start": 1568083816682,
    "end": 1568083816686,
    "duration": 4,
    "pid": 2872,
    "index": 27
  },
  {
    "name": "Require(24) node_modules/_egg-view@2.1.2@egg-view/app/extend/application.js",
    "start": 1568083816687,
    "end": 1568083816689,
    "duration": 2,
    "pid": 2872,
    "index": 28
  },
  {
    "name": "Load extend/request.js",
    "start": 1568083816693,
    "end": 1568083816702,
    "duration": 9,
    "pid": 2872,
    "index": 29
  },
  {
    "name": "Require(25) node_modules/_egg@2.23.0@egg/app/extend/request.js",
    "start": 1568083816697,
    "end": 1568083816699,
    "duration": 2,
    "pid": 2872,
    "index": 30
  },
  {
    "name": "Load extend/response.js",
    "start": 1568083816702,
    "end": 1568083816713,
    "duration": 11,
    "pid": 2872,
    "index": 31
  },
  {
    "name": "Require(26) node_modules/_egg@2.23.0@egg/app/extend/response.js",
    "start": 1568083816707,
    "end": 1568083816710,
    "duration": 3,
    "pid": 2872,
    "index": 32
  },
  {
    "name": "Load extend/context.js",
    "start": 1568083816714,
    "end": 1568083816824,
    "duration": 110,
    "pid": 2872,
    "index": 33
  },
  {
    "name": "Require(27) node_modules/_egg-security@2.6.1@egg-security/app/extend/context.js",
    "start": 1568083816714,
    "end": 1568083816739,
    "duration": 25,
    "pid": 2872,
    "index": 34
  },
  {
    "name": "Require(28) node_modules/_egg-jsonp@2.0.0@egg-jsonp/app/extend/context.js",
    "start": 1568083816740,
    "end": 1568083816742,
    "duration": 2,
    "pid": 2872,
    "index": 35
  },
  {
    "name": "Require(29) node_modules/_egg-i18n@2.1.1@egg-i18n/app/extend/context.js",
    "start": 1568083816743,
    "end": 1568083816744,
    "duration": 1,
    "pid": 2872,
    "index": 36
  },
  {
    "name": "Require(30) node_modules/_egg-multipart@2.9.0@egg-multipart/app/extend/context.js",
    "start": 1568083816745,
    "end": 1568083816814,
    "duration": 69,
    "pid": 2872,
    "index": 37
  },
  {
    "name": "Require(31) node_modules/_egg-view@2.1.2@egg-view/app/extend/context.js",
    "start": 1568083816815,
    "end": 1568083816817,
    "duration": 2,
    "pid": 2872,
    "index": 38
  },
  {
    "name": "Require(32) node_modules/_egg@2.23.0@egg/app/extend/context.js",
    "start": 1568083816817,
    "end": 1568083816821,
    "duration": 4,
    "pid": 2872,
    "index": 39
  },
  {
    "name": "Load extend/helper.js",
    "start": 1568083816824,
    "end": 1568083816857,
    "duration": 33,
    "pid": 2872,
    "index": 40
  },
  {
    "name": "Require(33) node_modules/_egg-security@2.6.1@egg-security/app/extend/helper.js",
    "start": 1568083816825,
    "end": 1568083816850,
    "duration": 25,
    "pid": 2872,
    "index": 41
  },
  {
    "name": "Require(34) node_modules/_egg@2.23.0@egg/app/extend/helper.js",
    "start": 1568083816852,
    "end": 1568083816853,
    "duration": 1,
    "pid": 2872,
    "index": 42
  },
  {
    "name": "Load app.js",
    "start": 1568083816857,
    "end": 1568083816908,
    "duration": 51,
    "pid": 2872,
    "index": 43
  },
  {
    "name": "Require(35) node_modules/_egg-session@3.1.0@egg-session/app.js",
    "start": 1568083816857,
    "end": 1568083816858,
    "duration": 1,
    "pid": 2872,
    "index": 44
  },
  {
    "name": "Require(36) node_modules/_egg-security@2.6.1@egg-security/app.js",
    "start": 1568083816858,
    "end": 1568083816861,
    "duration": 3,
    "pid": 2872,
    "index": 45
  },
  {
    "name": "Require(37) node_modules/_egg-onerror@2.1.0@egg-onerror/app.js",
    "start": 1568083816862,
    "end": 1568083816877,
    "duration": 15,
    "pid": 2872,
    "index": 46
  },
  {
    "name": "Require(38) node_modules/_egg-i18n@2.1.1@egg-i18n/app.js",
    "start": 1568083816878,
    "end": 1568083816889,
    "duration": 11,
    "pid": 2872,
    "index": 47
  },
  {
    "name": "Require(39) node_modules/_egg-watcher@3.1.0@egg-watcher/app.js",
    "start": 1568083816890,
    "end": 1568083816896,
    "duration": 6,
    "pid": 2872,
    "index": 48
  },
  {
    "name": "Require(40) node_modules/_egg-schedule@3.6.4@egg-schedule/app.js",
    "start": 1568083816896,
    "end": 1568083816899,
    "duration": 3,
    "pid": 2872,
    "index": 49
  },
  {
    "name": "Require(41) node_modules/_egg-multipart@2.9.0@egg-multipart/app.js",
    "start": 1568083816900,
    "end": 1568083816904,
    "duration": 4,
    "pid": 2872,
    "index": 50
  },
  {
    "name": "Require(42) node_modules/_egg-development@2.4.3@egg-development/app.js",
    "start": 1568083816904,
    "end": 1568083816904,
    "duration": 0,
    "pid": 2872,
    "index": 51
  },
  {
    "name": "Require(43) node_modules/_egg-logrotator@3.1.0@egg-logrotator/app.js",
    "start": 1568083816905,
    "end": 1568083816905,
    "duration": 0,
    "pid": 2872,
    "index": 52
  },
  {
    "name": "Require(44) node_modules/_egg-static@2.2.0@egg-static/app.js",
    "start": 1568083816906,
    "end": 1568083816906,
    "duration": 0,
    "pid": 2872,
    "index": 53
  },
  {
    "name": "Require(45) node_modules/_egg-sequelize@5.2.0@egg-sequelize/app.js",
    "start": 1568083816907,
    "end": 1568083816907,
    "duration": 0,
    "pid": 2872,
    "index": 54
  },
  {
    "name": "Before Start in node_modules/_egg-watcher@3.1.0@egg-watcher/lib/init.js:15:14",
    "start": 1568083816923,
    "end": 1568083817651,
    "duration": 728,
    "pid": 2872,
    "index": 55
  },
  {
    "name": "Load \"Symbol(model)\" to Application",
    "start": 1568083817424,
    "end": 1568083817435,
    "duration": 11,
    "pid": 2872,
    "index": 56
  },
  {
    "name": "Before Start in node_modules/_egg-sequelize@5.2.0@egg-sequelize/lib/loader.js:39:7",
    "start": 1568083817435,
    "end": 1568083817690,
    "duration": 255,
    "pid": 2872,
    "index": 57
  },
  {
    "name": "Load Service",
    "start": 1568083817436,
    "end": 1568083817442,
    "duration": 6,
    "pid": 2872,
    "index": 58
  },
  {
    "name": "Load \"service\" to Context",
    "start": 1568083817436,
    "end": 1568083817442,
    "duration": 6,
    "pid": 2872,
    "index": 59
  },
  {
    "name": "Load Middleware",
    "start": 1568083817442,
    "end": 1568083817569,
    "duration": 127,
    "pid": 2872,
    "index": 60
  },
  {
    "name": "Load \"middlewares\" to Application",
    "start": 1568083817442,
    "end": 1568083817552,
    "duration": 110,
    "pid": 2872,
    "index": 61
  },
  {
    "name": "Load Controller",
    "start": 1568083817569,
    "end": 1568083817572,
    "duration": 3,
    "pid": 2872,
    "index": 62
  },
  {
    "name": "Load \"controller\" to Application",
    "start": 1568083817569,
    "end": 1568083817572,
    "duration": 3,
    "pid": 2872,
    "index": 63
  },
  {
    "name": "Load Router",
    "start": 1568083817572,
    "end": 1568083817575,
    "duration": 3,
    "pid": 2872,
    "index": 64
  },
  {
    "name": "Require(46) app/router.js",
    "start": 1568083817572,
    "end": 1568083817573,
    "duration": 1,
    "pid": 2872,
    "index": 65
  },
  {
    "name": "Before Start in node_modules/_egg-core@4.17.3@egg-core/lib/egg.js:303:10",
    "start": 1568083817573,
    "end": 1568083817597,
    "duration": 24,
    "pid": 2872,
    "index": 66
  }
]