[
  {
    "name": "Application Start",
    "start": 1568084131303,
    "end": 1568084132396,
    "duration": 1093,
    "pid": 5952,
    "index": 0
  },
  {
    "name": "Load Plugin",
    "start": 1568084131311,
    "end": 1568084131337,
    "duration": 26,
    "pid": 5952,
    "index": 1
  },
  {
    "name": "Load Config",
    "start": 1568084131337,
    "end": 1568084131364,
    "duration": 27,
    "pid": 5952,
    "index": 2
  },
  {
    "name": "Require(0) config/config.default.js",
    "start": 1568084131339,
    "end": 1568084131339,
    "duration": 0,
    "pid": 5952,
    "index": 3
  },
  {
    "name": "Require(1) node_modules/_egg-session@3.1.0@egg-session/config/config.default.js",
    "start": 1568084131341,
    "end": 1568084131342,
    "duration": 1,
    "pid": 5952,
    "index": 4
  },
  {
    "name": "Require(2) node_modules/_egg-security@2.6.1@egg-security/config/config.default.js",
    "start": 1568084131342,
    "end": 1568084131343,
    "duration": 1,
    "pid": 5952,
    "index": 5
  },
  {
    "name": "Require(3) node_modules/_egg-jsonp@2.0.0@egg-jsonp/config/config.default.js",
    "start": 1568084131344,
    "end": 1568084131344,
    "duration": 0,
    "pid": 5952,
    "index": 6
  },
  {
    "name": "Require(4) node_modules/_egg-onerror@2.1.0@egg-onerror/config/config.default.js",
    "start": 1568084131345,
    "end": 1568084131345,
    "duration": 0,
    "pid": 5952,
    "index": 7
  },
  {
    "name": "Require(5) node_modules/_egg-i18n@2.1.1@egg-i18n/config/config.default.js",
    "start": 1568084131346,
    "end": 1568084131346,
    "duration": 0,
    "pid": 5952,
    "index": 8
  },
  {
    "name": "Require(6) node_modules/_egg-watcher@3.1.0@egg-watcher/config/config.default.js",
    "start": 1568084131347,
    "end": 1568084131347,
    "duration": 0,
    "pid": 5952,
    "index": 9
  },
  {
    "name": "Require(7) node_modules/_egg-schedule@3.6.4@egg-schedule/config/config.default.js",
    "start": 1568084131348,
    "end": 1568084131348,
    "duration": 0,
    "pid": 5952,
    "index": 10
  },
  {
    "name": "Require(8) node_modules/_egg-multipart@2.9.0@egg-multipart/config/config.default.js",
    "start": 1568084131349,
    "end": 1568084131350,
    "duration": 1,
    "pid": 5952,
    "index": 11
  },
  {
    "name": "Require(9) node_modules/_egg-development@2.4.3@egg-development/config/config.default.js",
    "start": 1568084131351,
    "end": 1568084131351,
    "duration": 0,
    "pid": 5952,
    "index": 12
  },
  {
    "name": "Require(10) node_modules/_egg-logrotator@3.1.0@egg-logrotator/config/config.default.js",
    "start": 1568084131352,
    "end": 1568084131352,
    "duration": 0,
    "pid": 5952,
    "index": 13
  },
  {
    "name": "Require(11) node_modules/_egg-static@2.2.0@egg-static/config/config.default.js",
    "start": 1568084131353,
    "end": 1568084131353,
    "duration": 0,
    "pid": 5952,
    "index": 14
  },
  {
    "name": "Require(12) node_modules/_egg-view@2.1.2@egg-view/config/config.default.js",
    "start": 1568084131354,
    "end": 1568084131354,
    "duration": 0,
    "pid": 5952,
    "index": 15
  },
  {
    "name": "Require(13) node_modules/_egg-sequelize@5.2.0@egg-sequelize/config/config.default.js",
    "start": 1568084131355,
    "end": 1568084131355,
    "duration": 0,
    "pid": 5952,
    "index": 16
  },
  {
    "name": "Require(14) node_modules/_egg@2.23.0@egg/config/config.default.js",
    "start": 1568084131356,
    "end": 1568084131356,
    "duration": 0,
    "pid": 5952,
    "index": 17
  },
  {
    "name": "Require(15) config/config.default.js",
    "start": 1568084131358,
    "end": 1568084131358,
    "duration": 0,
    "pid": 5952,
    "index": 18
  },
  {
    "name": "Require(16) node_modules/_egg-security@2.6.1@egg-security/config/config.local.js",
    "start": 1568084131359,
    "end": 1568084131359,
    "duration": 0,
    "pid": 5952,
    "index": 19
  },
  {
    "name": "Require(17) node_modules/_egg-watcher@3.1.0@egg-watcher/config/config.local.js",
    "start": 1568084131361,
    "end": 1568084131361,
    "duration": 0,
    "pid": 5952,
    "index": 20
  },
  {
    "name": "Require(18) node_modules/_egg-view@2.1.2@egg-view/config/config.local.js",
    "start": 1568084131363,
    "end": 1568084131363,
    "duration": 0,
    "pid": 5952,
    "index": 21
  },
  {
    "name": "Require(19) node_modules/_egg@2.23.0@egg/config/config.local.js",
    "start": 1568084131364,
    "end": 1568084131364,
    "duration": 0,
    "pid": 5952,
    "index": 22
  },
  {
    "name": "Load extend/application.js",
    "start": 1568084131366,
    "end": 1568084131386,
    "duration": 20,
    "pid": 5952,
    "index": 23
  },
  {
    "name": "Require(20) node_modules/_egg-session@3.1.0@egg-session/app/extend/application.js",
    "start": 1568084131367,
    "end": 1568084131368,
    "duration": 1,
    "pid": 5952,
    "index": 24
  },
  {
    "name": "Require(21) node_modules/_egg-security@2.6.1@egg-security/app/extend/application.js",
    "start": 1568084131369,
    "end": 1568084131370,
    "duration": 1,
    "pid": 5952,
    "index": 25
  },
  {
    "name": "Require(22) node_modules/_egg-jsonp@2.0.0@egg-jsonp/app/extend/application.js",
    "start": 1568084131371,
    "end": 1568084131374,
    "duration": 3,
    "pid": 5952,
    "index": 26
  },
  {
    "name": "Require(23) node_modules/_egg-logrotator@3.1.0@egg-logrotator/app/extend/application.js",
    "start": 1568084131376,
    "end": 1568084131379,
    "duration": 3,
    "pid": 5952,
    "index": 27
  },
  {
    "name": "Require(24) node_modules/_egg-view@2.1.2@egg-view/app/extend/application.js",
    "start": 1568084131380,
    "end": 1568084131382,
    "duration": 2,
    "pid": 5952,
    "index": 28
  },
  {
    "name": "Load extend/request.js",
    "start": 1568084131386,
    "end": 1568084131395,
    "duration": 9,
    "pid": 5952,
    "index": 29
  },
  {
    "name": "Require(25) node_modules/_egg@2.23.0@egg/app/extend/request.js",
    "start": 1568084131389,
    "end": 1568084131392,
    "duration": 3,
    "pid": 5952,
    "index": 30
  },
  {
    "name": "Load extend/response.js",
    "start": 1568084131395,
    "end": 1568084131405,
    "duration": 10,
    "pid": 5952,
    "index": 31
  },
  {
    "name": "Require(26) node_modules/_egg@2.23.0@egg/app/extend/response.js",
    "start": 1568084131399,
    "end": 1568084131402,
    "duration": 3,
    "pid": 5952,
    "index": 32
  },
  {
    "name": "Load extend/context.js",
    "start": 1568084131405,
    "end": 1568084131517,
    "duration": 112,
    "pid": 5952,
    "index": 33
  },
  {
    "name": "Require(27) node_modules/_egg-security@2.6.1@egg-security/app/extend/context.js",
    "start": 1568084131406,
    "end": 1568084131427,
    "duration": 21,
    "pid": 5952,
    "index": 34
  },
  {
    "name": "Require(28) node_modules/_egg-jsonp@2.0.0@egg-jsonp/app/extend/context.js",
    "start": 1568084131428,
    "end": 1568084131430,
    "duration": 2,
    "pid": 5952,
    "index": 35
  },
  {
    "name": "Require(29) node_modules/_egg-i18n@2.1.1@egg-i18n/app/extend/context.js",
    "start": 1568084131431,
    "end": 1568084131432,
    "duration": 1,
    "pid": 5952,
    "index": 36
  },
  {
    "name": "Require(30) node_modules/_egg-multipart@2.9.0@egg-multipart/app/extend/context.js",
    "start": 1568084131433,
    "end": 1568084131507,
    "duration": 74,
    "pid": 5952,
    "index": 37
  },
  {
    "name": "Require(31) node_modules/_egg-view@2.1.2@egg-view/app/extend/context.js",
    "start": 1568084131508,
    "end": 1568084131510,
    "duration": 2,
    "pid": 5952,
    "index": 38
  },
  {
    "name": "Require(32) node_modules/_egg@2.23.0@egg/app/extend/context.js",
    "start": 1568084131510,
    "end": 1568084131514,
    "duration": 4,
    "pid": 5952,
    "index": 39
  },
  {
    "name": "Load extend/helper.js",
    "start": 1568084131517,
    "end": 1568084131555,
    "duration": 38,
    "pid": 5952,
    "index": 40
  },
  {
    "name": "Require(33) node_modules/_egg-security@2.6.1@egg-security/app/extend/helper.js",
    "start": 1568084131518,
    "end": 1568084131549,
    "duration": 31,
    "pid": 5952,
    "index": 41
  },
  {
    "name": "Require(34) node_modules/_egg@2.23.0@egg/app/extend/helper.js",
    "start": 1568084131551,
    "end": 1568084131552,
    "duration": 1,
    "pid": 5952,
    "index": 42
  },
  {
    "name": "Load app.js",
    "start": 1568084131556,
    "end": 1568084131609,
    "duration": 53,
    "pid": 5952,
    "index": 43
  },
  {
    "name": "Require(35) node_modules/_egg-session@3.1.0@egg-session/app.js",
    "start": 1568084131556,
    "end": 1568084131557,
    "duration": 1,
    "pid": 5952,
    "index": 44
  },
  {
    "name": "Require(36) node_modules/_egg-security@2.6.1@egg-security/app.js",
    "start": 1568084131557,
    "end": 1568084131560,
    "duration": 3,
    "pid": 5952,
    "index": 45
  },
  {
    "name": "Require(37) node_modules/_egg-onerror@2.1.0@egg-onerror/app.js",
    "start": 1568084131561,
    "end": 1568084131576,
    "duration": 15,
    "pid": 5952,
    "index": 46
  },
  {
    "name": "Require(38) node_modules/_egg-i18n@2.1.1@egg-i18n/app.js",
    "start": 1568084131577,
    "end": 1568084131589,
    "duration": 12,
    "pid": 5952,
    "index": 47
  },
  {
    "name": "Require(39) node_modules/_egg-watcher@3.1.0@egg-watcher/app.js",
    "start": 1568084131590,
    "end": 1568084131596,
    "duration": 6,
    "pid": 5952,
    "index": 48
  },
  {
    "name": "Require(40) node_modules/_egg-schedule@3.6.4@egg-schedule/app.js",
    "start": 1568084131596,
    "end": 1568084131599,
    "duration": 3,
    "pid": 5952,
    "index": 49
  },
  {
    "name": "Require(41) node_modules/_egg-multipart@2.9.0@egg-multipart/app.js",
    "start": 1568084131600,
    "end": 1568084131604,
    "duration": 4,
    "pid": 5952,
    "index": 50
  },
  {
    "name": "Require(42) node_modules/_egg-development@2.4.3@egg-development/app.js",
    "start": 1568084131604,
    "end": 1568084131605,
    "duration": 1,
    "pid": 5952,
    "index": 51
  },
  {
    "name": "Require(43) node_modules/_egg-logrotator@3.1.0@egg-logrotator/app.js",
    "start": 1568084131605,
    "end": 1568084131606,
    "duration": 1,
    "pid": 5952,
    "index": 52
  },
  {
    "name": "Require(44) node_modules/_egg-static@2.2.0@egg-static/app.js",
    "start": 1568084131606,
    "end": 1568084131606,
    "duration": 0,
    "pid": 5952,
    "index": 53
  },
  {
    "name": "Require(45) node_modules/_egg-sequelize@5.2.0@egg-sequelize/app.js",
    "start": 1568084131607,
    "end": 1568084131608,
    "duration": 1,
    "pid": 5952,
    "index": 54
  },
  {
    "name": "Before Start in node_modules/_egg-watcher@3.1.0@egg-watcher/lib/init.js:15:14",
    "start": 1568084131624,
    "end": 1568084132363,
    "duration": 739,
    "pid": 5952,
    "index": 55
  },
  {
    "name": "Load \"Symbol(model)\" to Application",
    "start": 1568084132127,
    "end": 1568084132140,
    "duration": 13,
    "pid": 5952,
    "index": 56
  },
  {
    "name": "Before Start in node_modules/_egg-sequelize@5.2.0@egg-sequelize/lib/loader.js:39:7",
    "start": 1568084132140,
    "end": 1568084132396,
    "duration": 256,
    "pid": 5952,
    "index": 57
  },
  {
    "name": "Load Service",
    "start": 1568084132140,
    "end": 1568084132145,
    "duration": 5,
    "pid": 5952,
    "index": 58
  },
  {
    "name": "Load \"service\" to Context",
    "start": 1568084132140,
    "end": 1568084132145,
    "duration": 5,
    "pid": 5952,
    "index": 59
  },
  {
    "name": "Load Middleware",
    "start": 1568084132146,
    "end": 1568084132277,
    "duration": 131,
    "pid": 5952,
    "index": 60
  },
  {
    "name": "Load \"middlewares\" to Application",
    "start": 1568084132146,
    "end": 1568084132261,
    "duration": 115,
    "pid": 5952,
    "index": 61
  },
  {
    "name": "Load Controller",
    "start": 1568084132277,
    "end": 1568084132280,
    "duration": 3,
    "pid": 5952,
    "index": 62
  },
  {
    "name": "Load \"controller\" to Application",
    "start": 1568084132277,
    "end": 1568084132280,
    "duration": 3,
    "pid": 5952,
    "index": 63
  },
  {
    "name": "Load Router",
    "start": 1568084132280,
    "end": 1568084132283,
    "duration": 3,
    "pid": 5952,
    "index": 64
  },
  {
    "name": "Require(46) app/router.js",
    "start": 1568084132280,
    "end": 1568084132280,
    "duration": 0,
    "pid": 5952,
    "index": 65
  },
  {
    "name": "Before Start in node_modules/_egg-core@4.17.3@egg-core/lib/egg.js:303:10",
    "start": 1568084132281,
    "end": 1568084132304,
    "duration": 23,
    "pid": 5952,
    "index": 66
  }
]