[
  {
    "name": "Application Start",
    "start": 1568084304592,
    "end": 1568084306029,
    "duration": 1437,
    "pid": 8580,
    "index": 0
  },
  {
    "name": "Load Plugin",
    "start": 1568084304599,
    "end": 1568084304627,
    "duration": 28,
    "pid": 8580,
    "index": 1
  },
  {
    "name": "Load Config",
    "start": 1568084304627,
    "end": 1568084304666,
    "duration": 39,
    "pid": 8580,
    "index": 2
  },
  {
    "name": "Require(0) config/config.default.js",
    "start": 1568084304629,
    "end": 1568084304629,
    "duration": 0,
    "pid": 8580,
    "index": 3
  },
  {
    "name": "Require(1) node_modules/_egg-session@3.1.0@egg-session/config/config.default.js",
    "start": 1568084304632,
    "end": 1568084304633,
    "duration": 1,
    "pid": 8580,
    "index": 4
  },
  {
    "name": "Require(2) node_modules/_egg-security@2.6.1@egg-security/config/config.default.js",
    "start": 1568084304634,
    "end": 1568084304635,
    "duration": 1,
    "pid": 8580,
    "index": 5
  },
  {
    "name": "Require(3) node_modules/_egg-jsonp@2.0.0@egg-jsonp/config/config.default.js",
    "start": 1568084304636,
    "end": 1568084304637,
    "duration": 1,
    "pid": 8580,
    "index": 6
  },
  {
    "name": "Require(4) node_modules/_egg-onerror@2.1.0@egg-onerror/config/config.default.js",
    "start": 1568084304638,
    "end": 1568084304638,
    "duration": 0,
    "pid": 8580,
    "index": 7
  },
  {
    "name": "Require(5) node_modules/_egg-i18n@2.1.1@egg-i18n/config/config.default.js",
    "start": 1568084304639,
    "end": 1568084304640,
    "duration": 1,
    "pid": 8580,
    "index": 8
  },
  {
    "name": "Require(6) node_modules/_egg-watcher@3.1.0@egg-watcher/config/config.default.js",
    "start": 1568084304641,
    "end": 1568084304641,
    "duration": 0,
    "pid": 8580,
    "index": 9
  },
  {
    "name": "Require(7) node_modules/_egg-schedule@3.6.4@egg-schedule/config/config.default.js",
    "start": 1568084304642,
    "end": 1568084304643,
    "duration": 1,
    "pid": 8580,
    "index": 10
  },
  {
    "name": "Require(8) node_modules/_egg-multipart@2.9.0@egg-multipart/config/config.default.js",
    "start": 1568084304643,
    "end": 1568084304644,
    "duration": 1,
    "pid": 8580,
    "index": 11
  },
  {
    "name": "Require(9) node_modules/_egg-development@2.4.3@egg-development/config/config.default.js",
    "start": 1568084304645,
    "end": 1568084304645,
    "duration": 0,
    "pid": 8580,
    "index": 12
  },
  {
    "name": "Require(10) node_modules/_egg-logrotator@3.1.0@egg-logrotator/config/config.default.js",
    "start": 1568084304646,
    "end": 1568084304647,
    "duration": 1,
    "pid": 8580,
    "index": 13
  },
  {
    "name": "Require(11) node_modules/_egg-static@2.2.0@egg-static/config/config.default.js",
    "start": 1568084304648,
    "end": 1568084304648,
    "duration": 0,
    "pid": 8580,
    "index": 14
  },
  {
    "name": "Require(12) node_modules/_egg-view@2.1.2@egg-view/config/config.default.js",
    "start": 1568084304649,
    "end": 1568084304650,
    "duration": 1,
    "pid": 8580,
    "index": 15
  },
  {
    "name": "Require(13) node_modules/_egg-sequelize@5.2.0@egg-sequelize/config/config.default.js",
    "start": 1568084304651,
    "end": 1568084304652,
    "duration": 1,
    "pid": 8580,
    "index": 16
  },
  {
    "name": "Require(14) node_modules/_egg@2.23.0@egg/config/config.default.js",
    "start": 1568084304652,
    "end": 1568084304653,
    "duration": 1,
    "pid": 8580,
    "index": 17
  },
  {
    "name": "Require(15) config/config.default.js",
    "start": 1568084304656,
    "end": 1568084304656,
    "duration": 0,
    "pid": 8580,
    "index": 18
  },
  {
    "name": "Require(16) node_modules/_egg-security@2.6.1@egg-security/config/config.local.js",
    "start": 1568084304657,
    "end": 1568084304658,
    "duration": 1,
    "pid": 8580,
    "index": 19
  },
  {
    "name": "Require(17) node_modules/_egg-watcher@3.1.0@egg-watcher/config/config.local.js",
    "start": 1568084304660,
    "end": 1568084304660,
    "duration": 0,
    "pid": 8580,
    "index": 20
  },
  {
    "name": "Require(18) node_modules/_egg-view@2.1.2@egg-view/config/config.local.js",
    "start": 1568084304663,
    "end": 1568084304664,
    "duration": 1,
    "pid": 8580,
    "index": 21
  },
  {
    "name": "Require(19) node_modules/_egg@2.23.0@egg/config/config.local.js",
    "start": 1568084304665,
    "end": 1568084304666,
    "duration": 1,
    "pid": 8580,
    "index": 22
  },
  {
    "name": "Load extend/application.js",
    "start": 1568084304669,
    "end": 1568084304701,
    "duration": 32,
    "pid": 8580,
    "index": 23
  },
  {
    "name": "Require(20) node_modules/_egg-session@3.1.0@egg-session/app/extend/application.js",
    "start": 1568084304670,
    "end": 1568084304671,
    "duration": 1,
    "pid": 8580,
    "index": 24
  },
  {
    "name": "Require(21) node_modules/_egg-security@2.6.1@egg-security/app/extend/application.js",
    "start": 1568084304672,
    "end": 1568084304674,
    "duration": 2,
    "pid": 8580,
    "index": 25
  },
  {
    "name": "Require(22) node_modules/_egg-jsonp@2.0.0@egg-jsonp/app/extend/application.js",
    "start": 1568084304675,
    "end": 1568084304680,
    "duration": 5,
    "pid": 8580,
    "index": 26
  },
  {
    "name": "Require(23) node_modules/_egg-logrotator@3.1.0@egg-logrotator/app/extend/application.js",
    "start": 1568084304683,
    "end": 1568084304689,
    "duration": 6,
    "pid": 8580,
    "index": 27
  },
  {
    "name": "Require(24) node_modules/_egg-view@2.1.2@egg-view/app/extend/application.js",
    "start": 1568084304691,
    "end": 1568084304695,
    "duration": 4,
    "pid": 8580,
    "index": 28
  },
  {
    "name": "Load extend/request.js",
    "start": 1568084304701,
    "end": 1568084304716,
    "duration": 15,
    "pid": 8580,
    "index": 29
  },
  {
    "name": "Require(25) node_modules/_egg@2.23.0@egg/app/extend/request.js",
    "start": 1568084304707,
    "end": 1568084304710,
    "duration": 3,
    "pid": 8580,
    "index": 30
  },
  {
    "name": "Load extend/response.js",
    "start": 1568084304716,
    "end": 1568084304732,
    "duration": 16,
    "pid": 8580,
    "index": 31
  },
  {
    "name": "Require(26) node_modules/_egg@2.23.0@egg/app/extend/response.js",
    "start": 1568084304721,
    "end": 1568084304726,
    "duration": 5,
    "pid": 8580,
    "index": 32
  },
  {
    "name": "Load extend/context.js",
    "start": 1568084304732,
    "end": 1568084304852,
    "duration": 120,
    "pid": 8580,
    "index": 33
  },
  {
    "name": "Require(27) node_modules/_egg-security@2.6.1@egg-security/app/extend/context.js",
    "start": 1568084304733,
    "end": 1568084304761,
    "duration": 28,
    "pid": 8580,
    "index": 34
  },
  {
    "name": "Require(28) node_modules/_egg-jsonp@2.0.0@egg-jsonp/app/extend/context.js",
    "start": 1568084304762,
    "end": 1568084304765,
    "duration": 3,
    "pid": 8580,
    "index": 35
  },
  {
    "name": "Require(29) node_modules/_egg-i18n@2.1.1@egg-i18n/app/extend/context.js",
    "start": 1568084304766,
    "end": 1568084304766,
    "duration": 0,
    "pid": 8580,
    "index": 36
  },
  {
    "name": "Require(30) node_modules/_egg-multipart@2.9.0@egg-multipart/app/extend/context.js",
    "start": 1568084304768,
    "end": 1568084304841,
    "duration": 73,
    "pid": 8580,
    "index": 37
  },
  {
    "name": "Require(31) node_modules/_egg-view@2.1.2@egg-view/app/extend/context.js",
    "start": 1568084304842,
    "end": 1568084304843,
    "duration": 1,
    "pid": 8580,
    "index": 38
  },
  {
    "name": "Require(32) node_modules/_egg@2.23.0@egg/app/extend/context.js",
    "start": 1568084304844,
    "end": 1568084304847,
    "duration": 3,
    "pid": 8580,
    "index": 39
  },
  {
    "name": "Load extend/helper.js",
    "start": 1568084304852,
    "end": 1568084304889,
    "duration": 37,
    "pid": 8580,
    "index": 40
  },
  {
    "name": "Require(33) node_modules/_egg-security@2.6.1@egg-security/app/extend/helper.js",
    "start": 1568084304853,
    "end": 1568084304882,
    "duration": 29,
    "pid": 8580,
    "index": 41
  },
  {
    "name": "Require(34) node_modules/_egg@2.23.0@egg/app/extend/helper.js",
    "start": 1568084304885,
    "end": 1568084304886,
    "duration": 1,
    "pid": 8580,
    "index": 42
  },
  {
    "name": "Load app.js",
    "start": 1568084304889,
    "end": 1568084304961,
    "duration": 72,
    "pid": 8580,
    "index": 43
  },
  {
    "name": "Require(35) node_modules/_egg-session@3.1.0@egg-session/app.js",
    "start": 1568084304890,
    "end": 1568084304890,
    "duration": 0,
    "pid": 8580,
    "index": 44
  },
  {
    "name": "Require(36) node_modules/_egg-security@2.6.1@egg-security/app.js",
    "start": 1568084304891,
    "end": 1568084304894,
    "duration": 3,
    "pid": 8580,
    "index": 45
  },
  {
    "name": "Require(37) node_modules/_egg-onerror@2.1.0@egg-onerror/app.js",
    "start": 1568084304895,
    "end": 1568084304916,
    "duration": 21,
    "pid": 8580,
    "index": 46
  },
  {
    "name": "Require(38) node_modules/_egg-i18n@2.1.1@egg-i18n/app.js",
    "start": 1568084304916,
    "end": 1568084304930,
    "duration": 14,
    "pid": 8580,
    "index": 47
  },
  {
    "name": "Require(39) node_modules/_egg-watcher@3.1.0@egg-watcher/app.js",
    "start": 1568084304931,
    "end": 1568084304939,
    "duration": 8,
    "pid": 8580,
    "index": 48
  },
  {
    "name": "Require(40) node_modules/_egg-schedule@3.6.4@egg-schedule/app.js",
    "start": 1568084304940,
    "end": 1568084304944,
    "duration": 4,
    "pid": 8580,
    "index": 49
  },
  {
    "name": "Require(41) node_modules/_egg-multipart@2.9.0@egg-multipart/app.js",
    "start": 1568084304944,
    "end": 1568084304951,
    "duration": 7,
    "pid": 8580,
    "index": 50
  },
  {
    "name": "Require(42) node_modules/_egg-development@2.4.3@egg-development/app.js",
    "start": 1568084304951,
    "end": 1568084304952,
    "duration": 1,
    "pid": 8580,
    "index": 51
  },
  {
    "name": "Require(43) node_modules/_egg-logrotator@3.1.0@egg-logrotator/app.js",
    "start": 1568084304952,
    "end": 1568084304953,
    "duration": 1,
    "pid": 8580,
    "index": 52
  },
  {
    "name": "Require(44) node_modules/_egg-static@2.2.0@egg-static/app.js",
    "start": 1568084304954,
    "end": 1568084304954,
    "duration": 0,
    "pid": 8580,
    "index": 53
  },
  {
    "name": "Require(45) node_modules/_egg-sequelize@5.2.0@egg-sequelize/app.js",
    "start": 1568084304958,
    "end": 1568084304958,
    "duration": 0,
    "pid": 8580,
    "index": 54
  },
  {
    "name": "Before Start in node_modules/_egg-watcher@3.1.0@egg-watcher/lib/init.js:15:14",
    "start": 1568084305005,
    "end": 1568084305989,
    "duration": 984,
    "pid": 8580,
    "index": 55
  },
  {
    "name": "Load \"Symbol(model)\" to Application",
    "start": 1568084305711,
    "end": 1568084305730,
    "duration": 19,
    "pid": 8580,
    "index": 56
  },
  {
    "name": "Before Start in node_modules/_egg-sequelize@5.2.0@egg-sequelize/lib/loader.js:39:7",
    "start": 1568084305730,
    "end": 1568084306028,
    "duration": 298,
    "pid": 8580,
    "index": 57
  },
  {
    "name": "Load Service",
    "start": 1568084305730,
    "end": 1568084305737,
    "duration": 7,
    "pid": 8580,
    "index": 58
  },
  {
    "name": "Load \"service\" to Context",
    "start": 1568084305731,
    "end": 1568084305737,
    "duration": 6,
    "pid": 8580,
    "index": 59
  },
  {
    "name": "Load Middleware",
    "start": 1568084305738,
    "end": 1568084305892,
    "duration": 154,
    "pid": 8580,
    "index": 60
  },
  {
    "name": "Load \"middlewares\" to Application",
    "start": 1568084305738,
    "end": 1568084305875,
    "duration": 137,
    "pid": 8580,
    "index": 61
  },
  {
    "name": "Load Controller",
    "start": 1568084305893,
    "end": 1568084305897,
    "duration": 4,
    "pid": 8580,
    "index": 62
  },
  {
    "name": "Load \"controller\" to Application",
    "start": 1568084305893,
    "end": 1568084305897,
    "duration": 4,
    "pid": 8580,
    "index": 63
  },
  {
    "name": "Load Router",
    "start": 1568084305897,
    "end": 1568084305901,
    "duration": 4,
    "pid": 8580,
    "index": 64
  },
  {
    "name": "Require(46) app/router.js",
    "start": 1568084305898,
    "end": 1568084305899,
    "duration": 1,
    "pid": 8580,
    "index": 65
  },
  {
    "name": "Before Start in node_modules/_egg-core@4.17.3@egg-core/lib/egg.js:303:10",
    "start": 1568084305899,
    "end": 1568084305921,
    "duration": 22,
    "pid": 8580,
    "index": 66
  }
]