[
  {
    "name": "Application Start",
    "start": 1568083720766,
    "end": 1568083722260,
    "duration": 1494,
    "pid": 7312,
    "index": 0
  },
  {
    "name": "Load Plugin",
    "start": 1568083720776,
    "end": 1568083720822,
    "duration": 46,
    "pid": 7312,
    "index": 1
  },
  {
    "name": "Load Config",
    "start": 1568083720822,
    "end": 1568083720868,
    "duration": 46,
    "pid": 7312,
    "index": 2
  },
  {
    "name": "Require(0) config/config.default.js",
    "start": 1568083720824,
    "end": 1568083720825,
    "duration": 1,
    "pid": 7312,
    "index": 3
  },
  {
    "name": "Require(1) node_modules/_egg-session@3.1.0@egg-session/config/config.default.js",
    "start": 1568083720828,
    "end": 1568083720829,
    "duration": 1,
    "pid": 7312,
    "index": 4
  },
  {
    "name": "Require(2) node_modules/_egg-security@2.6.1@egg-security/config/config.default.js",
    "start": 1568083720830,
    "end": 1568083720831,
    "duration": 1,
    "pid": 7312,
    "index": 5
  },
  {
    "name": "Require(3) node_modules/_egg-jsonp@2.0.0@egg-jsonp/config/config.default.js",
    "start": 1568083720835,
    "end": 1568083720836,
    "duration": 1,
    "pid": 7312,
    "index": 6
  },
  {
    "name": "Require(4) node_modules/_egg-onerror@2.1.0@egg-onerror/config/config.default.js",
    "start": 1568083720837,
    "end": 1568083720838,
    "duration": 1,
    "pid": 7312,
    "index": 7
  },
  {
    "name": "Require(5) node_modules/_egg-i18n@2.1.1@egg-i18n/config/config.default.js",
    "start": 1568083720839,
    "end": 1568083720839,
    "duration": 0,
    "pid": 7312,
    "index": 8
  },
  {
    "name": "Require(6) node_modules/_egg-watcher@3.1.0@egg-watcher/config/config.default.js",
    "start": 1568083720841,
    "end": 1568083720842,
    "duration": 1,
    "pid": 7312,
    "index": 9
  },
  {
    "name": "Require(7) node_modules/_egg-schedule@3.6.4@egg-schedule/config/config.default.js",
    "start": 1568083720843,
    "end": 1568083720843,
    "duration": 0,
    "pid": 7312,
    "index": 10
  },
  {
    "name": "Require(8) node_modules/_egg-multipart@2.9.0@egg-multipart/config/config.default.js",
    "start": 1568083720844,
    "end": 1568083720845,
    "duration": 1,
    "pid": 7312,
    "index": 11
  },
  {
    "name": "Require(9) node_modules/_egg-development@2.4.3@egg-development/config/config.default.js",
    "start": 1568083720847,
    "end": 1568083720847,
    "duration": 0,
    "pid": 7312,
    "index": 12
  },
  {
    "name": "Require(10) node_modules/_egg-logrotator@3.1.0@egg-logrotator/config/config.default.js",
    "start": 1568083720848,
    "end": 1568083720849,
    "duration": 1,
    "pid": 7312,
    "index": 13
  },
  {
    "name": "Require(11) node_modules/_egg-static@2.2.0@egg-static/config/config.default.js",
    "start": 1568083720850,
    "end": 1568083720850,
    "duration": 0,
    "pid": 7312,
    "index": 14
  },
  {
    "name": "Require(12) node_modules/_egg-view@2.1.2@egg-view/config/config.default.js",
    "start": 1568083720851,
    "end": 1568083720852,
    "duration": 1,
    "pid": 7312,
    "index": 15
  },
  {
    "name": "Require(13) node_modules/_egg-sequelize@5.2.0@egg-sequelize/config/config.default.js",
    "start": 1568083720853,
    "end": 1568083720854,
    "duration": 1,
    "pid": 7312,
    "index": 16
  },
  {
    "name": "Require(14) node_modules/_egg@2.23.0@egg/config/config.default.js",
    "start": 1568083720854,
    "end": 1568083720856,
    "duration": 2,
    "pid": 7312,
    "index": 17
  },
  {
    "name": "Require(15) config/config.default.js",
    "start": 1568083720859,
    "end": 1568083720859,
    "duration": 0,
    "pid": 7312,
    "index": 18
  },
  {
    "name": "Require(16) node_modules/_egg-security@2.6.1@egg-security/config/config.local.js",
    "start": 1568083720860,
    "end": 1568083720861,
    "duration": 1,
    "pid": 7312,
    "index": 19
  },
  {
    "name": "Require(17) node_modules/_egg-watcher@3.1.0@egg-watcher/config/config.local.js",
    "start": 1568083720863,
    "end": 1568083720863,
    "duration": 0,
    "pid": 7312,
    "index": 20
  },
  {
    "name": "Require(18) node_modules/_egg-view@2.1.2@egg-view/config/config.local.js",
    "start": 1568083720866,
    "end": 1568083720866,
    "duration": 0,
    "pid": 7312,
    "index": 21
  },
  {
    "name": "Require(19) node_modules/_egg@2.23.0@egg/config/config.local.js",
    "start": 1568083720867,
    "end": 1568083720868,
    "duration": 1,
    "pid": 7312,
    "index": 22
  },
  {
    "name": "Load extend/application.js",
    "start": 1568083720879,
    "end": 1568083720919,
    "duration": 40,
    "pid": 7312,
    "index": 23
  },
  {
    "name": "Require(20) node_modules/_egg-session@3.1.0@egg-session/app/extend/application.js",
    "start": 1568083720880,
    "end": 1568083720881,
    "duration": 1,
    "pid": 7312,
    "index": 24
  },
  {
    "name": "Require(21) node_modules/_egg-security@2.6.1@egg-security/app/extend/application.js",
    "start": 1568083720883,
    "end": 1568083720885,
    "duration": 2,
    "pid": 7312,
    "index": 25
  },
  {
    "name": "Require(22) node_modules/_egg-jsonp@2.0.0@egg-jsonp/app/extend/application.js",
    "start": 1568083720892,
    "end": 1568083720897,
    "duration": 5,
    "pid": 7312,
    "index": 26
  },
  {
    "name": "Require(23) node_modules/_egg-logrotator@3.1.0@egg-logrotator/app/extend/application.js",
    "start": 1568083720900,
    "end": 1568083720908,
    "duration": 8,
    "pid": 7312,
    "index": 27
  },
  {
    "name": "Require(24) node_modules/_egg-view@2.1.2@egg-view/app/extend/application.js",
    "start": 1568083720909,
    "end": 1568083720913,
    "duration": 4,
    "pid": 7312,
    "index": 28
  },
  {
    "name": "Load extend/request.js",
    "start": 1568083720919,
    "end": 1568083720938,
    "duration": 19,
    "pid": 7312,
    "index": 29
  },
  {
    "name": "Require(25) node_modules/_egg@2.23.0@egg/app/extend/request.js",
    "start": 1568083720925,
    "end": 1568083720929,
    "duration": 4,
    "pid": 7312,
    "index": 30
  },
  {
    "name": "Load extend/response.js",
    "start": 1568083720938,
    "end": 1568083720953,
    "duration": 15,
    "pid": 7312,
    "index": 31
  },
  {
    "name": "Require(26) node_modules/_egg@2.23.0@egg/app/extend/response.js",
    "start": 1568083720942,
    "end": 1568083720947,
    "duration": 5,
    "pid": 7312,
    "index": 32
  },
  {
    "name": "Load extend/context.js",
    "start": 1568083720953,
    "end": 1568083721232,
    "duration": 279,
    "pid": 7312,
    "index": 33
  },
  {
    "name": "Require(27) node_modules/_egg-security@2.6.1@egg-security/app/extend/context.js",
    "start": 1568083720954,
    "end": 1568083720991,
    "duration": 37,
    "pid": 7312,
    "index": 34
  },
  {
    "name": "Require(28) node_modules/_egg-jsonp@2.0.0@egg-jsonp/app/extend/context.js",
    "start": 1568083720992,
    "end": 1568083720995,
    "duration": 3,
    "pid": 7312,
    "index": 35
  },
  {
    "name": "Require(29) node_modules/_egg-i18n@2.1.1@egg-i18n/app/extend/context.js",
    "start": 1568083720996,
    "end": 1568083720997,
    "duration": 1,
    "pid": 7312,
    "index": 36
  },
  {
    "name": "Require(30) node_modules/_egg-multipart@2.9.0@egg-multipart/app/extend/context.js",
    "start": 1568083721000,
    "end": 1568083721198,
    "duration": 198,
    "pid": 7312,
    "index": 37
  },
  {
    "name": "Require(31) node_modules/_egg-view@2.1.2@egg-view/app/extend/context.js",
    "start": 1568083721199,
    "end": 1568083721216,
    "duration": 17,
    "pid": 7312,
    "index": 38
  },
  {
    "name": "Require(32) node_modules/_egg@2.23.0@egg/app/extend/context.js",
    "start": 1568083721218,
    "end": 1568083721222,
    "duration": 4,
    "pid": 7312,
    "index": 39
  },
  {
    "name": "Load extend/helper.js",
    "start": 1568083721232,
    "end": 1568083721294,
    "duration": 62,
    "pid": 7312,
    "index": 40
  },
  {
    "name": "Require(33) node_modules/_egg-security@2.6.1@egg-security/app/extend/helper.js",
    "start": 1568083721233,
    "end": 1568083721286,
    "duration": 53,
    "pid": 7312,
    "index": 41
  },
  {
    "name": "Require(34) node_modules/_egg@2.23.0@egg/app/extend/helper.js",
    "start": 1568083721290,
    "end": 1568083721291,
    "duration": 1,
    "pid": 7312,
    "index": 42
  },
  {
    "name": "Load app.js",
    "start": 1568083721294,
    "end": 1568083721355,
    "duration": 61,
    "pid": 7312,
    "index": 43
  },
  {
    "name": "Require(35) node_modules/_egg-session@3.1.0@egg-session/app.js",
    "start": 1568083721295,
    "end": 1568083721296,
    "duration": 1,
    "pid": 7312,
    "index": 44
  },
  {
    "name": "Require(36) node_modules/_egg-security@2.6.1@egg-security/app.js",
    "start": 1568083721296,
    "end": 1568083721301,
    "duration": 5,
    "pid": 7312,
    "index": 45
  },
  {
    "name": "Require(37) node_modules/_egg-onerror@2.1.0@egg-onerror/app.js",
    "start": 1568083721303,
    "end": 1568083721320,
    "duration": 17,
    "pid": 7312,
    "index": 46
  },
  {
    "name": "Require(38) node_modules/_egg-i18n@2.1.1@egg-i18n/app.js",
    "start": 1568083721321,
    "end": 1568083721333,
    "duration": 12,
    "pid": 7312,
    "index": 47
  },
  {
    "name": "Require(39) node_modules/_egg-watcher@3.1.0@egg-watcher/app.js",
    "start": 1568083721333,
    "end": 1568083721339,
    "duration": 6,
    "pid": 7312,
    "index": 48
  },
  {
    "name": "Require(40) node_modules/_egg-schedule@3.6.4@egg-schedule/app.js",
    "start": 1568083721339,
    "end": 1568083721343,
    "duration": 4,
    "pid": 7312,
    "index": 49
  },
  {
    "name": "Require(41) node_modules/_egg-multipart@2.9.0@egg-multipart/app.js",
    "start": 1568083721344,
    "end": 1568083721350,
    "duration": 6,
    "pid": 7312,
    "index": 50
  },
  {
    "name": "Require(42) node_modules/_egg-development@2.4.3@egg-development/app.js",
    "start": 1568083721350,
    "end": 1568083721350,
    "duration": 0,
    "pid": 7312,
    "index": 51
  },
  {
    "name": "Require(43) node_modules/_egg-logrotator@3.1.0@egg-logrotator/app.js",
    "start": 1568083721351,
    "end": 1568083721351,
    "duration": 0,
    "pid": 7312,
    "index": 52
  },
  {
    "name": "Require(44) node_modules/_egg-static@2.2.0@egg-static/app.js",
    "start": 1568083721352,
    "end": 1568083721352,
    "duration": 0,
    "pid": 7312,
    "index": 53
  },
  {
    "name": "Require(45) node_modules/_egg-sequelize@5.2.0@egg-sequelize/app.js",
    "start": 1568083721353,
    "end": 1568083721353,
    "duration": 0,
    "pid": 7312,
    "index": 54
  },
  {
    "name": "Before Start in node_modules/_egg-watcher@3.1.0@egg-watcher/lib/init.js:15:14",
    "start": 1568083721380,
    "end": 1568083722218,
    "duration": 838,
    "pid": 7312,
    "index": 55
  },
  {
    "name": "Load \"Symbol(model)\" to Application",
    "start": 1568083721954,
    "end": 1568083721969,
    "duration": 15,
    "pid": 7312,
    "index": 56
  },
  {
    "name": "Before Start in node_modules/_egg-sequelize@5.2.0@egg-sequelize/lib/loader.js:39:7",
    "start": 1568083721969,
    "end": 1568083722259,
    "duration": 290,
    "pid": 7312,
    "index": 57
  },
  {
    "name": "Load Service",
    "start": 1568083721970,
    "end": 1568083721976,
    "duration": 6,
    "pid": 7312,
    "index": 58
  },
  {
    "name": "Load \"service\" to Context",
    "start": 1568083721970,
    "end": 1568083721976,
    "duration": 6,
    "pid": 7312,
    "index": 59
  },
  {
    "name": "Load Middleware",
    "start": 1568083721976,
    "end": 1568083722121,
    "duration": 145,
    "pid": 7312,
    "index": 60
  },
  {
    "name": "Load \"middlewares\" to Application",
    "start": 1568083721977,
    "end": 1568083722101,
    "duration": 124,
    "pid": 7312,
    "index": 61
  },
  {
    "name": "Load Controller",
    "start": 1568083722121,
    "end": 1568083722124,
    "duration": 3,
    "pid": 7312,
    "index": 62
  },
  {
    "name": "Load \"controller\" to Application",
    "start": 1568083722121,
    "end": 1568083722124,
    "duration": 3,
    "pid": 7312,
    "index": 63
  },
  {
    "name": "Load Router",
    "start": 1568083722124,
    "end": 1568083722127,
    "duration": 3,
    "pid": 7312,
    "index": 64
  },
  {
    "name": "Require(46) app/router.js",
    "start": 1568083722124,
    "end": 1568083722125,
    "duration": 1,
    "pid": 7312,
    "index": 65
  },
  {
    "name": "Before Start in node_modules/_egg-core@4.17.3@egg-core/lib/egg.js:303:10",
    "start": 1568083722125,
    "end": 1568083722151,
    "duration": 26,
    "pid": 7312,
    "index": 66
  }
]