[
  {
    "name": "Application Start",
    "start": 1568084169064,
    "end": 1568084170158,
    "duration": 1094,
    "pid": 6536,
    "index": 0
  },
  {
    "name": "Load Plugin",
    "start": 1568084169071,
    "end": 1568084169097,
    "duration": 26,
    "pid": 6536,
    "index": 1
  },
  {
    "name": "Load Config",
    "start": 1568084169097,
    "end": 1568084169124,
    "duration": 27,
    "pid": 6536,
    "index": 2
  },
  {
    "name": "Require(0) config/config.default.js",
    "start": 1568084169098,
    "end": 1568084169098,
    "duration": 0,
    "pid": 6536,
    "index": 3
  },
  {
    "name": "Require(1) node_modules/_egg-session@3.1.0@egg-session/config/config.default.js",
    "start": 1568084169100,
    "end": 1568084169101,
    "duration": 1,
    "pid": 6536,
    "index": 4
  },
  {
    "name": "Require(2) node_modules/_egg-security@2.6.1@egg-security/config/config.default.js",
    "start": 1568084169101,
    "end": 1568084169102,
    "duration": 1,
    "pid": 6536,
    "index": 5
  },
  {
    "name": "Require(3) node_modules/_egg-jsonp@2.0.0@egg-jsonp/config/config.default.js",
    "start": 1568084169103,
    "end": 1568084169103,
    "duration": 0,
    "pid": 6536,
    "index": 6
  },
  {
    "name": "Require(4) node_modules/_egg-onerror@2.1.0@egg-onerror/config/config.default.js",
    "start": 1568084169104,
    "end": 1568084169105,
    "duration": 1,
    "pid": 6536,
    "index": 7
  },
  {
    "name": "Require(5) node_modules/_egg-i18n@2.1.1@egg-i18n/config/config.default.js",
    "start": 1568084169105,
    "end": 1568084169106,
    "duration": 1,
    "pid": 6536,
    "index": 8
  },
  {
    "name": "Require(6) node_modules/_egg-watcher@3.1.0@egg-watcher/config/config.default.js",
    "start": 1568084169106,
    "end": 1568084169107,
    "duration": 1,
    "pid": 6536,
    "index": 9
  },
  {
    "name": "Require(7) node_modules/_egg-schedule@3.6.4@egg-schedule/config/config.default.js",
    "start": 1568084169108,
    "end": 1568084169108,
    "duration": 0,
    "pid": 6536,
    "index": 10
  },
  {
    "name": "Require(8) node_modules/_egg-multipart@2.9.0@egg-multipart/config/config.default.js",
    "start": 1568084169109,
    "end": 1568084169109,
    "duration": 0,
    "pid": 6536,
    "index": 11
  },
  {
    "name": "Require(9) node_modules/_egg-development@2.4.3@egg-development/config/config.default.js",
    "start": 1568084169110,
    "end": 1568084169110,
    "duration": 0,
    "pid": 6536,
    "index": 12
  },
  {
    "name": "Require(10) node_modules/_egg-logrotator@3.1.0@egg-logrotator/config/config.default.js",
    "start": 1568084169111,
    "end": 1568084169111,
    "duration": 0,
    "pid": 6536,
    "index": 13
  },
  {
    "name": "Require(11) node_modules/_egg-static@2.2.0@egg-static/config/config.default.js",
    "start": 1568084169112,
    "end": 1568084169112,
    "duration": 0,
    "pid": 6536,
    "index": 14
  },
  {
    "name": "Require(12) node_modules/_egg-view@2.1.2@egg-view/config/config.default.js",
    "start": 1568084169113,
    "end": 1568084169113,
    "duration": 0,
    "pid": 6536,
    "index": 15
  },
  {
    "name": "Require(13) node_modules/_egg-sequelize@5.2.0@egg-sequelize/config/config.default.js",
    "start": 1568084169114,
    "end": 1568084169115,
    "duration": 1,
    "pid": 6536,
    "index": 16
  },
  {
    "name": "Require(14) node_modules/_egg@2.23.0@egg/config/config.default.js",
    "start": 1568084169115,
    "end": 1568084169116,
    "duration": 1,
    "pid": 6536,
    "index": 17
  },
  {
    "name": "Require(15) config/config.default.js",
    "start": 1568084169118,
    "end": 1568084169118,
    "duration": 0,
    "pid": 6536,
    "index": 18
  },
  {
    "name": "Require(16) node_modules/_egg-security@2.6.1@egg-security/config/config.local.js",
    "start": 1568084169118,
    "end": 1568084169119,
    "duration": 1,
    "pid": 6536,
    "index": 19
  },
  {
    "name": "Require(17) node_modules/_egg-watcher@3.1.0@egg-watcher/config/config.local.js",
    "start": 1568084169120,
    "end": 1568084169120,
    "duration": 0,
    "pid": 6536,
    "index": 20
  },
  {
    "name": "Require(18) node_modules/_egg-view@2.1.2@egg-view/config/config.local.js",
    "start": 1568084169122,
    "end": 1568084169122,
    "duration": 0,
    "pid": 6536,
    "index": 21
  },
  {
    "name": "Require(19) node_modules/_egg@2.23.0@egg/config/config.local.js",
    "start": 1568084169123,
    "end": 1568084169123,
    "duration": 0,
    "pid": 6536,
    "index": 22
  },
  {
    "name": "Load extend/application.js",
    "start": 1568084169125,
    "end": 1568084169147,
    "duration": 22,
    "pid": 6536,
    "index": 23
  },
  {
    "name": "Require(20) node_modules/_egg-session@3.1.0@egg-session/app/extend/application.js",
    "start": 1568084169126,
    "end": 1568084169128,
    "duration": 2,
    "pid": 6536,
    "index": 24
  },
  {
    "name": "Require(21) node_modules/_egg-security@2.6.1@egg-security/app/extend/application.js",
    "start": 1568084169129,
    "end": 1568084169130,
    "duration": 1,
    "pid": 6536,
    "index": 25
  },
  {
    "name": "Require(22) node_modules/_egg-jsonp@2.0.0@egg-jsonp/app/extend/application.js",
    "start": 1568084169131,
    "end": 1568084169133,
    "duration": 2,
    "pid": 6536,
    "index": 26
  },
  {
    "name": "Require(23) node_modules/_egg-logrotator@3.1.0@egg-logrotator/app/extend/application.js",
    "start": 1568084169135,
    "end": 1568084169139,
    "duration": 4,
    "pid": 6536,
    "index": 27
  },
  {
    "name": "Require(24) node_modules/_egg-view@2.1.2@egg-view/app/extend/application.js",
    "start": 1568084169140,
    "end": 1568084169143,
    "duration": 3,
    "pid": 6536,
    "index": 28
  },
  {
    "name": "Load extend/request.js",
    "start": 1568084169147,
    "end": 1568084169156,
    "duration": 9,
    "pid": 6536,
    "index": 29
  },
  {
    "name": "Require(25) node_modules/_egg@2.23.0@egg/app/extend/request.js",
    "start": 1568084169150,
    "end": 1568084169152,
    "duration": 2,
    "pid": 6536,
    "index": 30
  },
  {
    "name": "Load extend/response.js",
    "start": 1568084169156,
    "end": 1568084169166,
    "duration": 10,
    "pid": 6536,
    "index": 31
  },
  {
    "name": "Require(26) node_modules/_egg@2.23.0@egg/app/extend/response.js",
    "start": 1568084169159,
    "end": 1568084169162,
    "duration": 3,
    "pid": 6536,
    "index": 32
  },
  {
    "name": "Load extend/context.js",
    "start": 1568084169166,
    "end": 1568084169281,
    "duration": 115,
    "pid": 6536,
    "index": 33
  },
  {
    "name": "Require(27) node_modules/_egg-security@2.6.1@egg-security/app/extend/context.js",
    "start": 1568084169166,
    "end": 1568084169189,
    "duration": 23,
    "pid": 6536,
    "index": 34
  },
  {
    "name": "Require(28) node_modules/_egg-jsonp@2.0.0@egg-jsonp/app/extend/context.js",
    "start": 1568084169190,
    "end": 1568084169192,
    "duration": 2,
    "pid": 6536,
    "index": 35
  },
  {
    "name": "Require(29) node_modules/_egg-i18n@2.1.1@egg-i18n/app/extend/context.js",
    "start": 1568084169193,
    "end": 1568084169193,
    "duration": 0,
    "pid": 6536,
    "index": 36
  },
  {
    "name": "Require(30) node_modules/_egg-multipart@2.9.0@egg-multipart/app/extend/context.js",
    "start": 1568084169195,
    "end": 1568084169271,
    "duration": 76,
    "pid": 6536,
    "index": 37
  },
  {
    "name": "Require(31) node_modules/_egg-view@2.1.2@egg-view/app/extend/context.js",
    "start": 1568084169272,
    "end": 1568084169273,
    "duration": 1,
    "pid": 6536,
    "index": 38
  },
  {
    "name": "Require(32) node_modules/_egg@2.23.0@egg/app/extend/context.js",
    "start": 1568084169274,
    "end": 1568084169278,
    "duration": 4,
    "pid": 6536,
    "index": 39
  },
  {
    "name": "Load extend/helper.js",
    "start": 1568084169282,
    "end": 1568084169315,
    "duration": 33,
    "pid": 6536,
    "index": 40
  },
  {
    "name": "Require(33) node_modules/_egg-security@2.6.1@egg-security/app/extend/helper.js",
    "start": 1568084169282,
    "end": 1568084169307,
    "duration": 25,
    "pid": 6536,
    "index": 41
  },
  {
    "name": "Require(34) node_modules/_egg@2.23.0@egg/app/extend/helper.js",
    "start": 1568084169310,
    "end": 1568084169311,
    "duration": 1,
    "pid": 6536,
    "index": 42
  },
  {
    "name": "Load app.js",
    "start": 1568084169315,
    "end": 1568084169370,
    "duration": 55,
    "pid": 6536,
    "index": 43
  },
  {
    "name": "Require(35) node_modules/_egg-session@3.1.0@egg-session/app.js",
    "start": 1568084169316,
    "end": 1568084169316,
    "duration": 0,
    "pid": 6536,
    "index": 44
  },
  {
    "name": "Require(36) node_modules/_egg-security@2.6.1@egg-security/app.js",
    "start": 1568084169317,
    "end": 1568084169319,
    "duration": 2,
    "pid": 6536,
    "index": 45
  },
  {
    "name": "Require(37) node_modules/_egg-onerror@2.1.0@egg-onerror/app.js",
    "start": 1568084169320,
    "end": 1568084169337,
    "duration": 17,
    "pid": 6536,
    "index": 46
  },
  {
    "name": "Require(38) node_modules/_egg-i18n@2.1.1@egg-i18n/app.js",
    "start": 1568084169338,
    "end": 1568084169350,
    "duration": 12,
    "pid": 6536,
    "index": 47
  },
  {
    "name": "Require(39) node_modules/_egg-watcher@3.1.0@egg-watcher/app.js",
    "start": 1568084169350,
    "end": 1568084169356,
    "duration": 6,
    "pid": 6536,
    "index": 48
  },
  {
    "name": "Require(40) node_modules/_egg-schedule@3.6.4@egg-schedule/app.js",
    "start": 1568084169357,
    "end": 1568084169360,
    "duration": 3,
    "pid": 6536,
    "index": 49
  },
  {
    "name": "Require(41) node_modules/_egg-multipart@2.9.0@egg-multipart/app.js",
    "start": 1568084169360,
    "end": 1568084169364,
    "duration": 4,
    "pid": 6536,
    "index": 50
  },
  {
    "name": "Require(42) node_modules/_egg-development@2.4.3@egg-development/app.js",
    "start": 1568084169365,
    "end": 1568084169365,
    "duration": 0,
    "pid": 6536,
    "index": 51
  },
  {
    "name": "Require(43) node_modules/_egg-logrotator@3.1.0@egg-logrotator/app.js",
    "start": 1568084169366,
    "end": 1568084169366,
    "duration": 0,
    "pid": 6536,
    "index": 52
  },
  {
    "name": "Require(44) node_modules/_egg-static@2.2.0@egg-static/app.js",
    "start": 1568084169366,
    "end": 1568084169367,
    "duration": 1,
    "pid": 6536,
    "index": 53
  },
  {
    "name": "Require(45) node_modules/_egg-sequelize@5.2.0@egg-sequelize/app.js",
    "start": 1568084169368,
    "end": 1568084169368,
    "duration": 0,
    "pid": 6536,
    "index": 54
  },
  {
    "name": "Before Start in node_modules/_egg-watcher@3.1.0@egg-watcher/lib/init.js:15:14",
    "start": 1568084169386,
    "end": 1568084170120,
    "duration": 734,
    "pid": 6536,
    "index": 55
  },
  {
    "name": "Load \"Symbol(model)\" to Application",
    "start": 1568084169895,
    "end": 1568084169906,
    "duration": 11,
    "pid": 6536,
    "index": 56
  },
  {
    "name": "Before Start in node_modules/_egg-sequelize@5.2.0@egg-sequelize/lib/loader.js:39:7",
    "start": 1568084169907,
    "end": 1568084170158,
    "duration": 251,
    "pid": 6536,
    "index": 57
  },
  {
    "name": "Load Service",
    "start": 1568084169907,
    "end": 1568084169912,
    "duration": 5,
    "pid": 6536,
    "index": 58
  },
  {
    "name": "Load \"service\" to Context",
    "start": 1568084169907,
    "end": 1568084169912,
    "duration": 5,
    "pid": 6536,
    "index": 59
  },
  {
    "name": "Load Middleware",
    "start": 1568084169913,
    "end": 1568084170042,
    "duration": 129,
    "pid": 6536,
    "index": 60
  },
  {
    "name": "Load \"middlewares\" to Application",
    "start": 1568084169913,
    "end": 1568084170026,
    "duration": 113,
    "pid": 6536,
    "index": 61
  },
  {
    "name": "Load Controller",
    "start": 1568084170042,
    "end": 1568084170045,
    "duration": 3,
    "pid": 6536,
    "index": 62
  },
  {
    "name": "Load \"controller\" to Application",
    "start": 1568084170042,
    "end": 1568084170045,
    "duration": 3,
    "pid": 6536,
    "index": 63
  },
  {
    "name": "Load Router",
    "start": 1568084170045,
    "end": 1568084170048,
    "duration": 3,
    "pid": 6536,
    "index": 64
  },
  {
    "name": "Require(46) app/router.js",
    "start": 1568084170046,
    "end": 1568084170046,
    "duration": 0,
    "pid": 6536,
    "index": 65
  },
  {
    "name": "Before Start in node_modules/_egg-core@4.17.3@egg-core/lib/egg.js:303:10",
    "start": 1568084170046,
    "end": 1568084170069,
    "duration": 23,
    "pid": 6536,
    "index": 66
  }
]