[
  {
    "name": "Application Start",
    "start": 1568084301113,
    "end": 1568084302348,
    "duration": 1235,
    "pid": 8140,
    "index": 0
  },
  {
    "name": "Load Plugin",
    "start": 1568084301120,
    "end": 1568084301151,
    "duration": 31,
    "pid": 8140,
    "index": 1
  },
  {
    "name": "Load Config",
    "start": 1568084301151,
    "end": 1568084301180,
    "duration": 29,
    "pid": 8140,
    "index": 2
  },
  {
    "name": "Require(0) config/config.default.js",
    "start": 1568084301153,
    "end": 1568084301153,
    "duration": 0,
    "pid": 8140,
    "index": 3
  },
  {
    "name": "Require(1) node_modules/_egg-session@3.1.0@egg-session/config/config.default.js",
    "start": 1568084301156,
    "end": 1568084301156,
    "duration": 0,
    "pid": 8140,
    "index": 4
  },
  {
    "name": "Require(2) node_modules/_egg-security@2.6.1@egg-security/config/config.default.js",
    "start": 1568084301157,
    "end": 1568084301158,
    "duration": 1,
    "pid": 8140,
    "index": 5
  },
  {
    "name": "Require(3) node_modules/_egg-jsonp@2.0.0@egg-jsonp/config/config.default.js",
    "start": 1568084301159,
    "end": 1568084301159,
    "duration": 0,
    "pid": 8140,
    "index": 6
  },
  {
    "name": "Require(4) node_modules/_egg-onerror@2.1.0@egg-onerror/config/config.default.js",
    "start": 1568084301160,
    "end": 1568084301160,
    "duration": 0,
    "pid": 8140,
    "index": 7
  },
  {
    "name": "Require(5) node_modules/_egg-i18n@2.1.1@egg-i18n/config/config.default.js",
    "start": 1568084301161,
    "end": 1568084301161,
    "duration": 0,
    "pid": 8140,
    "index": 8
  },
  {
    "name": "Require(6) node_modules/_egg-watcher@3.1.0@egg-watcher/config/config.default.js",
    "start": 1568084301162,
    "end": 1568084301163,
    "duration": 1,
    "pid": 8140,
    "index": 9
  },
  {
    "name": "Require(7) node_modules/_egg-schedule@3.6.4@egg-schedule/config/config.default.js",
    "start": 1568084301163,
    "end": 1568084301164,
    "duration": 1,
    "pid": 8140,
    "index": 10
  },
  {
    "name": "Require(8) node_modules/_egg-multipart@2.9.0@egg-multipart/config/config.default.js",
    "start": 1568084301165,
    "end": 1568084301165,
    "duration": 0,
    "pid": 8140,
    "index": 11
  },
  {
    "name": "Require(9) node_modules/_egg-development@2.4.3@egg-development/config/config.default.js",
    "start": 1568084301166,
    "end": 1568084301167,
    "duration": 1,
    "pid": 8140,
    "index": 12
  },
  {
    "name": "Require(10) node_modules/_egg-logrotator@3.1.0@egg-logrotator/config/config.default.js",
    "start": 1568084301167,
    "end": 1568084301168,
    "duration": 1,
    "pid": 8140,
    "index": 13
  },
  {
    "name": "Require(11) node_modules/_egg-static@2.2.0@egg-static/config/config.default.js",
    "start": 1568084301168,
    "end": 1568084301169,
    "duration": 1,
    "pid": 8140,
    "index": 14
  },
  {
    "name": "Require(12) node_modules/_egg-view@2.1.2@egg-view/config/config.default.js",
    "start": 1568084301169,
    "end": 1568084301170,
    "duration": 1,
    "pid": 8140,
    "index": 15
  },
  {
    "name": "Require(13) node_modules/_egg-sequelize@5.2.0@egg-sequelize/config/config.default.js",
    "start": 1568084301170,
    "end": 1568084301171,
    "duration": 1,
    "pid": 8140,
    "index": 16
  },
  {
    "name": "Require(14) node_modules/_egg@2.23.0@egg/config/config.default.js",
    "start": 1568084301171,
    "end": 1568084301172,
    "duration": 1,
    "pid": 8140,
    "index": 17
  },
  {
    "name": "Require(15) config/config.default.js",
    "start": 1568084301174,
    "end": 1568084301174,
    "duration": 0,
    "pid": 8140,
    "index": 18
  },
  {
    "name": "Require(16) node_modules/_egg-security@2.6.1@egg-security/config/config.local.js",
    "start": 1568084301175,
    "end": 1568084301175,
    "duration": 0,
    "pid": 8140,
    "index": 19
  },
  {
    "name": "Require(17) node_modules/_egg-watcher@3.1.0@egg-watcher/config/config.local.js",
    "start": 1568084301176,
    "end": 1568084301176,
    "duration": 0,
    "pid": 8140,
    "index": 20
  },
  {
    "name": "Require(18) node_modules/_egg-view@2.1.2@egg-view/config/config.local.js",
    "start": 1568084301178,
    "end": 1568084301178,
    "duration": 0,
    "pid": 8140,
    "index": 21
  },
  {
    "name": "Require(19) node_modules/_egg@2.23.0@egg/config/config.local.js",
    "start": 1568084301179,
    "end": 1568084301180,
    "duration": 1,
    "pid": 8140,
    "index": 22
  },
  {
    "name": "Load extend/application.js",
    "start": 1568084301182,
    "end": 1568084301202,
    "duration": 20,
    "pid": 8140,
    "index": 23
  },
  {
    "name": "Require(20) node_modules/_egg-session@3.1.0@egg-session/app/extend/application.js",
    "start": 1568084301183,
    "end": 1568084301183,
    "duration": 0,
    "pid": 8140,
    "index": 24
  },
  {
    "name": "Require(21) node_modules/_egg-security@2.6.1@egg-security/app/extend/application.js",
    "start": 1568084301184,
    "end": 1568084301185,
    "duration": 1,
    "pid": 8140,
    "index": 25
  },
  {
    "name": "Require(22) node_modules/_egg-jsonp@2.0.0@egg-jsonp/app/extend/application.js",
    "start": 1568084301186,
    "end": 1568084301189,
    "duration": 3,
    "pid": 8140,
    "index": 26
  },
  {
    "name": "Require(23) node_modules/_egg-logrotator@3.1.0@egg-logrotator/app/extend/application.js",
    "start": 1568084301191,
    "end": 1568084301195,
    "duration": 4,
    "pid": 8140,
    "index": 27
  },
  {
    "name": "Require(24) node_modules/_egg-view@2.1.2@egg-view/app/extend/application.js",
    "start": 1568084301196,
    "end": 1568084301198,
    "duration": 2,
    "pid": 8140,
    "index": 28
  },
  {
    "name": "Load extend/request.js",
    "start": 1568084301202,
    "end": 1568084301211,
    "duration": 9,
    "pid": 8140,
    "index": 29
  },
  {
    "name": "Require(25) node_modules/_egg@2.23.0@egg/app/extend/request.js",
    "start": 1568084301205,
    "end": 1568084301207,
    "duration": 2,
    "pid": 8140,
    "index": 30
  },
  {
    "name": "Load extend/response.js",
    "start": 1568084301211,
    "end": 1568084301221,
    "duration": 10,
    "pid": 8140,
    "index": 31
  },
  {
    "name": "Require(26) node_modules/_egg@2.23.0@egg/app/extend/response.js",
    "start": 1568084301214,
    "end": 1568084301218,
    "duration": 4,
    "pid": 8140,
    "index": 32
  },
  {
    "name": "Load extend/context.js",
    "start": 1568084301221,
    "end": 1568084301344,
    "duration": 123,
    "pid": 8140,
    "index": 33
  },
  {
    "name": "Require(27) node_modules/_egg-security@2.6.1@egg-security/app/extend/context.js",
    "start": 1568084301222,
    "end": 1568084301248,
    "duration": 26,
    "pid": 8140,
    "index": 34
  },
  {
    "name": "Require(28) node_modules/_egg-jsonp@2.0.0@egg-jsonp/app/extend/context.js",
    "start": 1568084301248,
    "end": 1568084301251,
    "duration": 3,
    "pid": 8140,
    "index": 35
  },
  {
    "name": "Require(29) node_modules/_egg-i18n@2.1.1@egg-i18n/app/extend/context.js",
    "start": 1568084301252,
    "end": 1568084301253,
    "duration": 1,
    "pid": 8140,
    "index": 36
  },
  {
    "name": "Require(30) node_modules/_egg-multipart@2.9.0@egg-multipart/app/extend/context.js",
    "start": 1568084301254,
    "end": 1568084301331,
    "duration": 77,
    "pid": 8140,
    "index": 37
  },
  {
    "name": "Require(31) node_modules/_egg-view@2.1.2@egg-view/app/extend/context.js",
    "start": 1568084301332,
    "end": 1568084301334,
    "duration": 2,
    "pid": 8140,
    "index": 38
  },
  {
    "name": "Require(32) node_modules/_egg@2.23.0@egg/app/extend/context.js",
    "start": 1568084301335,
    "end": 1568084301339,
    "duration": 4,
    "pid": 8140,
    "index": 39
  },
  {
    "name": "Load extend/helper.js",
    "start": 1568084301344,
    "end": 1568084301391,
    "duration": 47,
    "pid": 8140,
    "index": 40
  },
  {
    "name": "Require(33) node_modules/_egg-security@2.6.1@egg-security/app/extend/helper.js",
    "start": 1568084301345,
    "end": 1568084301382,
    "duration": 37,
    "pid": 8140,
    "index": 41
  },
  {
    "name": "Require(34) node_modules/_egg@2.23.0@egg/app/extend/helper.js",
    "start": 1568084301385,
    "end": 1568084301385,
    "duration": 0,
    "pid": 8140,
    "index": 42
  },
  {
    "name": "Load app.js",
    "start": 1568084301392,
    "end": 1568084301445,
    "duration": 53,
    "pid": 8140,
    "index": 43
  },
  {
    "name": "Require(35) node_modules/_egg-session@3.1.0@egg-session/app.js",
    "start": 1568084301392,
    "end": 1568084301392,
    "duration": 0,
    "pid": 8140,
    "index": 44
  },
  {
    "name": "Require(36) node_modules/_egg-security@2.6.1@egg-security/app.js",
    "start": 1568084301393,
    "end": 1568084301396,
    "duration": 3,
    "pid": 8140,
    "index": 45
  },
  {
    "name": "Require(37) node_modules/_egg-onerror@2.1.0@egg-onerror/app.js",
    "start": 1568084301397,
    "end": 1568084301413,
    "duration": 16,
    "pid": 8140,
    "index": 46
  },
  {
    "name": "Require(38) node_modules/_egg-i18n@2.1.1@egg-i18n/app.js",
    "start": 1568084301413,
    "end": 1568084301426,
    "duration": 13,
    "pid": 8140,
    "index": 47
  },
  {
    "name": "Require(39) node_modules/_egg-watcher@3.1.0@egg-watcher/app.js",
    "start": 1568084301427,
    "end": 1568084301432,
    "duration": 5,
    "pid": 8140,
    "index": 48
  },
  {
    "name": "Require(40) node_modules/_egg-schedule@3.6.4@egg-schedule/app.js",
    "start": 1568084301433,
    "end": 1568084301436,
    "duration": 3,
    "pid": 8140,
    "index": 49
  },
  {
    "name": "Require(41) node_modules/_egg-multipart@2.9.0@egg-multipart/app.js",
    "start": 1568084301436,
    "end": 1568084301440,
    "duration": 4,
    "pid": 8140,
    "index": 50
  },
  {
    "name": "Require(42) node_modules/_egg-development@2.4.3@egg-development/app.js",
    "start": 1568084301441,
    "end": 1568084301441,
    "duration": 0,
    "pid": 8140,
    "index": 51
  },
  {
    "name": "Require(43) node_modules/_egg-logrotator@3.1.0@egg-logrotator/app.js",
    "start": 1568084301442,
    "end": 1568084301442,
    "duration": 0,
    "pid": 8140,
    "index": 52
  },
  {
    "name": "Require(44) node_modules/_egg-static@2.2.0@egg-static/app.js",
    "start": 1568084301442,
    "end": 1568084301443,
    "duration": 1,
    "pid": 8140,
    "index": 53
  },
  {
    "name": "Require(45) node_modules/_egg-sequelize@5.2.0@egg-sequelize/app.js",
    "start": 1568084301443,
    "end": 1568084301444,
    "duration": 1,
    "pid": 8140,
    "index": 54
  },
  {
    "name": "Before Start in node_modules/_egg-watcher@3.1.0@egg-watcher/lib/init.js:15:14",
    "start": 1568084301460,
    "end": 1568084302290,
    "duration": 830,
    "pid": 8140,
    "index": 55
  },
  {
    "name": "Load \"Symbol(model)\" to Application",
    "start": 1568084302035,
    "end": 1568084302053,
    "duration": 18,
    "pid": 8140,
    "index": 56
  },
  {
    "name": "Before Start in node_modules/_egg-sequelize@5.2.0@egg-sequelize/lib/loader.js:39:7",
    "start": 1568084302053,
    "end": 1568084302347,
    "duration": 294,
    "pid": 8140,
    "index": 57
  },
  {
    "name": "Load Service",
    "start": 1568084302054,
    "end": 1568084302061,
    "duration": 7,
    "pid": 8140,
    "index": 58
  },
  {
    "name": "Load \"service\" to Context",
    "start": 1568084302054,
    "end": 1568084302061,
    "duration": 7,
    "pid": 8140,
    "index": 59
  },
  {
    "name": "Load Middleware",
    "start": 1568084302061,
    "end": 1568084302201,
    "duration": 140,
    "pid": 8140,
    "index": 60
  },
  {
    "name": "Load \"middlewares\" to Application",
    "start": 1568084302061,
    "end": 1568084302185,
    "duration": 124,
    "pid": 8140,
    "index": 61
  },
  {
    "name": "Load Controller",
    "start": 1568084302202,
    "end": 1568084302204,
    "duration": 2,
    "pid": 8140,
    "index": 62
  },
  {
    "name": "Load \"controller\" to Application",
    "start": 1568084302202,
    "end": 1568084302204,
    "duration": 2,
    "pid": 8140,
    "index": 63
  },
  {
    "name": "Load Router",
    "start": 1568084302204,
    "end": 1568084302207,
    "duration": 3,
    "pid": 8140,
    "index": 64
  },
  {
    "name": "Require(46) app/router.js",
    "start": 1568084302205,
    "end": 1568084302205,
    "duration": 0,
    "pid": 8140,
    "index": 65
  },
  {
    "name": "Before Start in node_modules/_egg-core@4.17.3@egg-core/lib/egg.js:303:10",
    "start": 1568084302206,
    "end": 1568084302228,
    "duration": 22,
    "pid": 8140,
    "index": 66
  }
]