[
  {
    "name": "Application Start",
    "start": 1568083863455,
    "end": 1568083864603,
    "duration": 1148,
    "pid": 8004,
    "index": 0
  },
  {
    "name": "Load Plugin",
    "start": 1568083863461,
    "end": 1568083863486,
    "duration": 25,
    "pid": 8004,
    "index": 1
  },
  {
    "name": "Load Config",
    "start": 1568083863487,
    "end": 1568083863515,
    "duration": 28,
    "pid": 8004,
    "index": 2
  },
  {
    "name": "Require(0) config/config.default.js",
    "start": 1568083863488,
    "end": 1568083863488,
    "duration": 0,
    "pid": 8004,
    "index": 3
  },
  {
    "name": "Require(1) node_modules/_egg-session@3.1.0@egg-session/config/config.default.js",
    "start": 1568083863490,
    "end": 1568083863491,
    "duration": 1,
    "pid": 8004,
    "index": 4
  },
  {
    "name": "Require(2) node_modules/_egg-security@2.6.1@egg-security/config/config.default.js",
    "start": 1568083863492,
    "end": 1568083863492,
    "duration": 0,
    "pid": 8004,
    "index": 5
  },
  {
    "name": "Require(3) node_modules/_egg-jsonp@2.0.0@egg-jsonp/config/config.default.js",
    "start": 1568083863493,
    "end": 1568083863494,
    "duration": 1,
    "pid": 8004,
    "index": 6
  },
  {
    "name": "Require(4) node_modules/_egg-onerror@2.1.0@egg-onerror/config/config.default.js",
    "start": 1568083863494,
    "end": 1568083863495,
    "duration": 1,
    "pid": 8004,
    "index": 7
  },
  {
    "name": "Require(5) node_modules/_egg-i18n@2.1.1@egg-i18n/config/config.default.js",
    "start": 1568083863495,
    "end": 1568083863496,
    "duration": 1,
    "pid": 8004,
    "index": 8
  },
  {
    "name": "Require(6) node_modules/_egg-watcher@3.1.0@egg-watcher/config/config.default.js",
    "start": 1568083863496,
    "end": 1568083863497,
    "duration": 1,
    "pid": 8004,
    "index": 9
  },
  {
    "name": "Require(7) node_modules/_egg-schedule@3.6.4@egg-schedule/config/config.default.js",
    "start": 1568083863498,
    "end": 1568083863498,
    "duration": 0,
    "pid": 8004,
    "index": 10
  },
  {
    "name": "Require(8) node_modules/_egg-multipart@2.9.0@egg-multipart/config/config.default.js",
    "start": 1568083863499,
    "end": 1568083863499,
    "duration": 0,
    "pid": 8004,
    "index": 11
  },
  {
    "name": "Require(9) node_modules/_egg-development@2.4.3@egg-development/config/config.default.js",
    "start": 1568083863500,
    "end": 1568083863500,
    "duration": 0,
    "pid": 8004,
    "index": 12
  },
  {
    "name": "Require(10) node_modules/_egg-logrotator@3.1.0@egg-logrotator/config/config.default.js",
    "start": 1568083863501,
    "end": 1568083863501,
    "duration": 0,
    "pid": 8004,
    "index": 13
  },
  {
    "name": "Require(11) node_modules/_egg-static@2.2.0@egg-static/config/config.default.js",
    "start": 1568083863502,
    "end": 1568083863502,
    "duration": 0,
    "pid": 8004,
    "index": 14
  },
  {
    "name": "Require(12) node_modules/_egg-view@2.1.2@egg-view/config/config.default.js",
    "start": 1568083863503,
    "end": 1568083863503,
    "duration": 0,
    "pid": 8004,
    "index": 15
  },
  {
    "name": "Require(13) node_modules/_egg-sequelize@5.2.0@egg-sequelize/config/config.default.js",
    "start": 1568083863505,
    "end": 1568083863505,
    "duration": 0,
    "pid": 8004,
    "index": 16
  },
  {
    "name": "Require(14) node_modules/_egg@2.23.0@egg/config/config.default.js",
    "start": 1568083863506,
    "end": 1568083863507,
    "duration": 1,
    "pid": 8004,
    "index": 17
  },
  {
    "name": "Require(15) config/config.default.js",
    "start": 1568083863508,
    "end": 1568083863508,
    "duration": 0,
    "pid": 8004,
    "index": 18
  },
  {
    "name": "Require(16) node_modules/_egg-security@2.6.1@egg-security/config/config.local.js",
    "start": 1568083863509,
    "end": 1568083863510,
    "duration": 1,
    "pid": 8004,
    "index": 19
  },
  {
    "name": "Require(17) node_modules/_egg-watcher@3.1.0@egg-watcher/config/config.local.js",
    "start": 1568083863511,
    "end": 1568083863511,
    "duration": 0,
    "pid": 8004,
    "index": 20
  },
  {
    "name": "Require(18) node_modules/_egg-view@2.1.2@egg-view/config/config.local.js",
    "start": 1568083863513,
    "end": 1568083863513,
    "duration": 0,
    "pid": 8004,
    "index": 21
  },
  {
    "name": "Require(19) node_modules/_egg@2.23.0@egg/config/config.local.js",
    "start": 1568083863514,
    "end": 1568083863514,
    "duration": 0,
    "pid": 8004,
    "index": 22
  },
  {
    "name": "Load extend/application.js",
    "start": 1568083863516,
    "end": 1568083863547,
    "duration": 31,
    "pid": 8004,
    "index": 23
  },
  {
    "name": "Require(20) node_modules/_egg-session@3.1.0@egg-session/app/extend/application.js",
    "start": 1568083863517,
    "end": 1568083863518,
    "duration": 1,
    "pid": 8004,
    "index": 24
  },
  {
    "name": "Require(21) node_modules/_egg-security@2.6.1@egg-security/app/extend/application.js",
    "start": 1568083863519,
    "end": 1568083863522,
    "duration": 3,
    "pid": 8004,
    "index": 25
  },
  {
    "name": "Require(22) node_modules/_egg-jsonp@2.0.0@egg-jsonp/app/extend/application.js",
    "start": 1568083863523,
    "end": 1568083863526,
    "duration": 3,
    "pid": 8004,
    "index": 26
  },
  {
    "name": "Require(23) node_modules/_egg-logrotator@3.1.0@egg-logrotator/app/extend/application.js",
    "start": 1568083863528,
    "end": 1568083863533,
    "duration": 5,
    "pid": 8004,
    "index": 27
  },
  {
    "name": "Require(24) node_modules/_egg-view@2.1.2@egg-view/app/extend/application.js",
    "start": 1568083863540,
    "end": 1568083863543,
    "duration": 3,
    "pid": 8004,
    "index": 28
  },
  {
    "name": "Load extend/request.js",
    "start": 1568083863547,
    "end": 1568083863557,
    "duration": 10,
    "pid": 8004,
    "index": 29
  },
  {
    "name": "Require(25) node_modules/_egg@2.23.0@egg/app/extend/request.js",
    "start": 1568083863551,
    "end": 1568083863554,
    "duration": 3,
    "pid": 8004,
    "index": 30
  },
  {
    "name": "Load extend/response.js",
    "start": 1568083863557,
    "end": 1568083863569,
    "duration": 12,
    "pid": 8004,
    "index": 31
  },
  {
    "name": "Require(26) node_modules/_egg@2.23.0@egg/app/extend/response.js",
    "start": 1568083863560,
    "end": 1568083863563,
    "duration": 3,
    "pid": 8004,
    "index": 32
  },
  {
    "name": "Load extend/context.js",
    "start": 1568083863569,
    "end": 1568083863683,
    "duration": 114,
    "pid": 8004,
    "index": 33
  },
  {
    "name": "Require(27) node_modules/_egg-security@2.6.1@egg-security/app/extend/context.js",
    "start": 1568083863569,
    "end": 1568083863595,
    "duration": 26,
    "pid": 8004,
    "index": 34
  },
  {
    "name": "Require(28) node_modules/_egg-jsonp@2.0.0@egg-jsonp/app/extend/context.js",
    "start": 1568083863595,
    "end": 1568083863598,
    "duration": 3,
    "pid": 8004,
    "index": 35
  },
  {
    "name": "Require(29) node_modules/_egg-i18n@2.1.1@egg-i18n/app/extend/context.js",
    "start": 1568083863599,
    "end": 1568083863600,
    "duration": 1,
    "pid": 8004,
    "index": 36
  },
  {
    "name": "Require(30) node_modules/_egg-multipart@2.9.0@egg-multipart/app/extend/context.js",
    "start": 1568083863601,
    "end": 1568083863672,
    "duration": 71,
    "pid": 8004,
    "index": 37
  },
  {
    "name": "Require(31) node_modules/_egg-view@2.1.2@egg-view/app/extend/context.js",
    "start": 1568083863673,
    "end": 1568083863675,
    "duration": 2,
    "pid": 8004,
    "index": 38
  },
  {
    "name": "Require(32) node_modules/_egg@2.23.0@egg/app/extend/context.js",
    "start": 1568083863676,
    "end": 1568083863680,
    "duration": 4,
    "pid": 8004,
    "index": 39
  },
  {
    "name": "Load extend/helper.js",
    "start": 1568083863683,
    "end": 1568083863719,
    "duration": 36,
    "pid": 8004,
    "index": 40
  },
  {
    "name": "Require(33) node_modules/_egg-security@2.6.1@egg-security/app/extend/helper.js",
    "start": 1568083863684,
    "end": 1568083863712,
    "duration": 28,
    "pid": 8004,
    "index": 41
  },
  {
    "name": "Require(34) node_modules/_egg@2.23.0@egg/app/extend/helper.js",
    "start": 1568083863715,
    "end": 1568083863716,
    "duration": 1,
    "pid": 8004,
    "index": 42
  },
  {
    "name": "Load app.js",
    "start": 1568083863720,
    "end": 1568083863778,
    "duration": 58,
    "pid": 8004,
    "index": 43
  },
  {
    "name": "Require(35) node_modules/_egg-session@3.1.0@egg-session/app.js",
    "start": 1568083863720,
    "end": 1568083863721,
    "duration": 1,
    "pid": 8004,
    "index": 44
  },
  {
    "name": "Require(36) node_modules/_egg-security@2.6.1@egg-security/app.js",
    "start": 1568083863721,
    "end": 1568083863724,
    "duration": 3,
    "pid": 8004,
    "index": 45
  },
  {
    "name": "Require(37) node_modules/_egg-onerror@2.1.0@egg-onerror/app.js",
    "start": 1568083863725,
    "end": 1568083863745,
    "duration": 20,
    "pid": 8004,
    "index": 46
  },
  {
    "name": "Require(38) node_modules/_egg-i18n@2.1.1@egg-i18n/app.js",
    "start": 1568083863746,
    "end": 1568083863759,
    "duration": 13,
    "pid": 8004,
    "index": 47
  },
  {
    "name": "Require(39) node_modules/_egg-watcher@3.1.0@egg-watcher/app.js",
    "start": 1568083863759,
    "end": 1568083863765,
    "duration": 6,
    "pid": 8004,
    "index": 48
  },
  {
    "name": "Require(40) node_modules/_egg-schedule@3.6.4@egg-schedule/app.js",
    "start": 1568083863766,
    "end": 1568083863768,
    "duration": 2,
    "pid": 8004,
    "index": 49
  },
  {
    "name": "Require(41) node_modules/_egg-multipart@2.9.0@egg-multipart/app.js",
    "start": 1568083863769,
    "end": 1568083863773,
    "duration": 4,
    "pid": 8004,
    "index": 50
  },
  {
    "name": "Require(42) node_modules/_egg-development@2.4.3@egg-development/app.js",
    "start": 1568083863774,
    "end": 1568083863774,
    "duration": 0,
    "pid": 8004,
    "index": 51
  },
  {
    "name": "Require(43) node_modules/_egg-logrotator@3.1.0@egg-logrotator/app.js",
    "start": 1568083863775,
    "end": 1568083863775,
    "duration": 0,
    "pid": 8004,
    "index": 52
  },
  {
    "name": "Require(44) node_modules/_egg-static@2.2.0@egg-static/app.js",
    "start": 1568083863775,
    "end": 1568083863776,
    "duration": 1,
    "pid": 8004,
    "index": 53
  },
  {
    "name": "Require(45) node_modules/_egg-sequelize@5.2.0@egg-sequelize/app.js",
    "start": 1568083863777,
    "end": 1568083863777,
    "duration": 0,
    "pid": 8004,
    "index": 54
  },
  {
    "name": "Before Start in node_modules/_egg-watcher@3.1.0@egg-watcher/lib/init.js:15:14",
    "start": 1568083863801,
    "end": 1568083864567,
    "duration": 766,
    "pid": 8004,
    "index": 55
  },
  {
    "name": "Load \"Symbol(model)\" to Application",
    "start": 1568083864339,
    "end": 1568083864350,
    "duration": 11,
    "pid": 8004,
    "index": 56
  },
  {
    "name": "Before Start in node_modules/_egg-sequelize@5.2.0@egg-sequelize/lib/loader.js:39:7",
    "start": 1568083864350,
    "end": 1568083864603,
    "duration": 253,
    "pid": 8004,
    "index": 57
  },
  {
    "name": "Load Service",
    "start": 1568083864351,
    "end": 1568083864356,
    "duration": 5,
    "pid": 8004,
    "index": 58
  },
  {
    "name": "Load \"service\" to Context",
    "start": 1568083864351,
    "end": 1568083864356,
    "duration": 5,
    "pid": 8004,
    "index": 59
  },
  {
    "name": "Load Middleware",
    "start": 1568083864356,
    "end": 1568083864482,
    "duration": 126,
    "pid": 8004,
    "index": 60
  },
  {
    "name": "Load \"middlewares\" to Application",
    "start": 1568083864356,
    "end": 1568083864466,
    "duration": 110,
    "pid": 8004,
    "index": 61
  },
  {
    "name": "Load Controller",
    "start": 1568083864482,
    "end": 1568083864485,
    "duration": 3,
    "pid": 8004,
    "index": 62
  },
  {
    "name": "Load \"controller\" to Application",
    "start": 1568083864482,
    "end": 1568083864485,
    "duration": 3,
    "pid": 8004,
    "index": 63
  },
  {
    "name": "Load Router",
    "start": 1568083864485,
    "end": 1568083864488,
    "duration": 3,
    "pid": 8004,
    "index": 64
  },
  {
    "name": "Require(46) app/router.js",
    "start": 1568083864485,
    "end": 1568083864486,
    "duration": 1,
    "pid": 8004,
    "index": 65
  },
  {
    "name": "Before Start in node_modules/_egg-core@4.17.3@egg-core/lib/egg.js:303:10",
    "start": 1568083864486,
    "end": 1568083864507,
    "duration": 21,
    "pid": 8004,
    "index": 66
  }
]