[
  {
    "name": "Application Start",
    "start": 1568084380581,
    "end": 1568084381820,
    "duration": 1239,
    "pid": 8612,
    "index": 0
  },
  {
    "name": "Load Plugin",
    "start": 1568084380587,
    "end": 1568084380630,
    "duration": 43,
    "pid": 8612,
    "index": 1
  },
  {
    "name": "Load Config",
    "start": 1568084380630,
    "end": 1568084380667,
    "duration": 37,
    "pid": 8612,
    "index": 2
  },
  {
    "name": "Require(0) config/config.default.js",
    "start": 1568084380632,
    "end": 1568084380632,
    "duration": 0,
    "pid": 8612,
    "index": 3
  },
  {
    "name": "Require(1) node_modules/_egg-session@3.1.0@egg-session/config/config.default.js",
    "start": 1568084380635,
    "end": 1568084380635,
    "duration": 0,
    "pid": 8612,
    "index": 4
  },
  {
    "name": "Require(2) node_modules/_egg-security@2.6.1@egg-security/config/config.default.js",
    "start": 1568084380636,
    "end": 1568084380636,
    "duration": 0,
    "pid": 8612,
    "index": 5
  },
  {
    "name": "Require(3) node_modules/_egg-jsonp@2.0.0@egg-jsonp/config/config.default.js",
    "start": 1568084380639,
    "end": 1568084380639,
    "duration": 0,
    "pid": 8612,
    "index": 6
  },
  {
    "name": "Require(4) node_modules/_egg-onerror@2.1.0@egg-onerror/config/config.default.js",
    "start": 1568084380641,
    "end": 1568084380641,
    "duration": 0,
    "pid": 8612,
    "index": 7
  },
  {
    "name": "Require(5) node_modules/_egg-i18n@2.1.1@egg-i18n/config/config.default.js",
    "start": 1568084380642,
    "end": 1568084380642,
    "duration": 0,
    "pid": 8612,
    "index": 8
  },
  {
    "name": "Require(6) node_modules/_egg-watcher@3.1.0@egg-watcher/config/config.default.js",
    "start": 1568084380643,
    "end": 1568084380644,
    "duration": 1,
    "pid": 8612,
    "index": 9
  },
  {
    "name": "Require(7) node_modules/_egg-schedule@3.6.4@egg-schedule/config/config.default.js",
    "start": 1568084380644,
    "end": 1568084380645,
    "duration": 1,
    "pid": 8612,
    "index": 10
  },
  {
    "name": "Require(8) node_modules/_egg-multipart@2.9.0@egg-multipart/config/config.default.js",
    "start": 1568084380646,
    "end": 1568084380646,
    "duration": 0,
    "pid": 8612,
    "index": 11
  },
  {
    "name": "Require(9) node_modules/_egg-development@2.4.3@egg-development/config/config.default.js",
    "start": 1568084380648,
    "end": 1568084380648,
    "duration": 0,
    "pid": 8612,
    "index": 12
  },
  {
    "name": "Require(10) node_modules/_egg-logrotator@3.1.0@egg-logrotator/config/config.default.js",
    "start": 1568084380649,
    "end": 1568084380649,
    "duration": 0,
    "pid": 8612,
    "index": 13
  },
  {
    "name": "Require(11) node_modules/_egg-static@2.2.0@egg-static/config/config.default.js",
    "start": 1568084380650,
    "end": 1568084380651,
    "duration": 1,
    "pid": 8612,
    "index": 14
  },
  {
    "name": "Require(12) node_modules/_egg-view@2.1.2@egg-view/config/config.default.js",
    "start": 1568084380652,
    "end": 1568084380652,
    "duration": 0,
    "pid": 8612,
    "index": 15
  },
  {
    "name": "Require(13) node_modules/_egg-sequelize@5.2.0@egg-sequelize/config/config.default.js",
    "start": 1568084380653,
    "end": 1568084380654,
    "duration": 1,
    "pid": 8612,
    "index": 16
  },
  {
    "name": "Require(14) node_modules/_egg@2.23.0@egg/config/config.default.js",
    "start": 1568084380655,
    "end": 1568084380656,
    "duration": 1,
    "pid": 8612,
    "index": 17
  },
  {
    "name": "Require(15) config/config.default.js",
    "start": 1568084380658,
    "end": 1568084380658,
    "duration": 0,
    "pid": 8612,
    "index": 18
  },
  {
    "name": "Require(16) node_modules/_egg-security@2.6.1@egg-security/config/config.local.js",
    "start": 1568084380660,
    "end": 1568084380660,
    "duration": 0,
    "pid": 8612,
    "index": 19
  },
  {
    "name": "Require(17) node_modules/_egg-watcher@3.1.0@egg-watcher/config/config.local.js",
    "start": 1568084380662,
    "end": 1568084380663,
    "duration": 1,
    "pid": 8612,
    "index": 20
  },
  {
    "name": "Require(18) node_modules/_egg-view@2.1.2@egg-view/config/config.local.js",
    "start": 1568084380665,
    "end": 1568084380665,
    "duration": 0,
    "pid": 8612,
    "index": 21
  },
  {
    "name": "Require(19) node_modules/_egg@2.23.0@egg/config/config.local.js",
    "start": 1568084380666,
    "end": 1568084380666,
    "duration": 0,
    "pid": 8612,
    "index": 22
  },
  {
    "name": "Load extend/application.js",
    "start": 1568084380668,
    "end": 1568084380692,
    "duration": 24,
    "pid": 8612,
    "index": 23
  },
  {
    "name": "Require(20) node_modules/_egg-session@3.1.0@egg-session/app/extend/application.js",
    "start": 1568084380669,
    "end": 1568084380670,
    "duration": 1,
    "pid": 8612,
    "index": 24
  },
  {
    "name": "Require(21) node_modules/_egg-security@2.6.1@egg-security/app/extend/application.js",
    "start": 1568084380671,
    "end": 1568084380672,
    "duration": 1,
    "pid": 8612,
    "index": 25
  },
  {
    "name": "Require(22) node_modules/_egg-jsonp@2.0.0@egg-jsonp/app/extend/application.js",
    "start": 1568084380673,
    "end": 1568084380676,
    "duration": 3,
    "pid": 8612,
    "index": 26
  },
  {
    "name": "Require(23) node_modules/_egg-logrotator@3.1.0@egg-logrotator/app/extend/application.js",
    "start": 1568084380678,
    "end": 1568084380682,
    "duration": 4,
    "pid": 8612,
    "index": 27
  },
  {
    "name": "Require(24) node_modules/_egg-view@2.1.2@egg-view/app/extend/application.js",
    "start": 1568084380683,
    "end": 1568084380687,
    "duration": 4,
    "pid": 8612,
    "index": 28
  },
  {
    "name": "Load extend/request.js",
    "start": 1568084380693,
    "end": 1568084380702,
    "duration": 9,
    "pid": 8612,
    "index": 29
  },
  {
    "name": "Require(25) node_modules/_egg@2.23.0@egg/app/extend/request.js",
    "start": 1568084380696,
    "end": 1568084380698,
    "duration": 2,
    "pid": 8612,
    "index": 30
  },
  {
    "name": "Load extend/response.js",
    "start": 1568084380702,
    "end": 1568084380712,
    "duration": 10,
    "pid": 8612,
    "index": 31
  },
  {
    "name": "Require(26) node_modules/_egg@2.23.0@egg/app/extend/response.js",
    "start": 1568084380705,
    "end": 1568084380708,
    "duration": 3,
    "pid": 8612,
    "index": 32
  },
  {
    "name": "Load extend/context.js",
    "start": 1568084380712,
    "end": 1568084380828,
    "duration": 116,
    "pid": 8612,
    "index": 33
  },
  {
    "name": "Require(27) node_modules/_egg-security@2.6.1@egg-security/app/extend/context.js",
    "start": 1568084380713,
    "end": 1568084380736,
    "duration": 23,
    "pid": 8612,
    "index": 34
  },
  {
    "name": "Require(28) node_modules/_egg-jsonp@2.0.0@egg-jsonp/app/extend/context.js",
    "start": 1568084380737,
    "end": 1568084380740,
    "duration": 3,
    "pid": 8612,
    "index": 35
  },
  {
    "name": "Require(29) node_modules/_egg-i18n@2.1.1@egg-i18n/app/extend/context.js",
    "start": 1568084380741,
    "end": 1568084380742,
    "duration": 1,
    "pid": 8612,
    "index": 36
  },
  {
    "name": "Require(30) node_modules/_egg-multipart@2.9.0@egg-multipart/app/extend/context.js",
    "start": 1568084380743,
    "end": 1568084380818,
    "duration": 75,
    "pid": 8612,
    "index": 37
  },
  {
    "name": "Require(31) node_modules/_egg-view@2.1.2@egg-view/app/extend/context.js",
    "start": 1568084380819,
    "end": 1568084380821,
    "duration": 2,
    "pid": 8612,
    "index": 38
  },
  {
    "name": "Require(32) node_modules/_egg@2.23.0@egg/app/extend/context.js",
    "start": 1568084380822,
    "end": 1568084380825,
    "duration": 3,
    "pid": 8612,
    "index": 39
  },
  {
    "name": "Load extend/helper.js",
    "start": 1568084380828,
    "end": 1568084380874,
    "duration": 46,
    "pid": 8612,
    "index": 40
  },
  {
    "name": "Require(33) node_modules/_egg-security@2.6.1@egg-security/app/extend/helper.js",
    "start": 1568084380829,
    "end": 1568084380866,
    "duration": 37,
    "pid": 8612,
    "index": 41
  },
  {
    "name": "Require(34) node_modules/_egg@2.23.0@egg/app/extend/helper.js",
    "start": 1568084380869,
    "end": 1568084380869,
    "duration": 0,
    "pid": 8612,
    "index": 42
  },
  {
    "name": "Load app.js",
    "start": 1568084380875,
    "end": 1568084380931,
    "duration": 56,
    "pid": 8612,
    "index": 43
  },
  {
    "name": "Require(35) node_modules/_egg-session@3.1.0@egg-session/app.js",
    "start": 1568084380876,
    "end": 1568084380876,
    "duration": 0,
    "pid": 8612,
    "index": 44
  },
  {
    "name": "Require(36) node_modules/_egg-security@2.6.1@egg-security/app.js",
    "start": 1568084380877,
    "end": 1568084380881,
    "duration": 4,
    "pid": 8612,
    "index": 45
  },
  {
    "name": "Require(37) node_modules/_egg-onerror@2.1.0@egg-onerror/app.js",
    "start": 1568084380882,
    "end": 1568084380898,
    "duration": 16,
    "pid": 8612,
    "index": 46
  },
  {
    "name": "Require(38) node_modules/_egg-i18n@2.1.1@egg-i18n/app.js",
    "start": 1568084380898,
    "end": 1568084380911,
    "duration": 13,
    "pid": 8612,
    "index": 47
  },
  {
    "name": "Require(39) node_modules/_egg-watcher@3.1.0@egg-watcher/app.js",
    "start": 1568084380911,
    "end": 1568084380917,
    "duration": 6,
    "pid": 8612,
    "index": 48
  },
  {
    "name": "Require(40) node_modules/_egg-schedule@3.6.4@egg-schedule/app.js",
    "start": 1568084380918,
    "end": 1568084380921,
    "duration": 3,
    "pid": 8612,
    "index": 49
  },
  {
    "name": "Require(41) node_modules/_egg-multipart@2.9.0@egg-multipart/app.js",
    "start": 1568084380922,
    "end": 1568084380926,
    "duration": 4,
    "pid": 8612,
    "index": 50
  },
  {
    "name": "Require(42) node_modules/_egg-development@2.4.3@egg-development/app.js",
    "start": 1568084380926,
    "end": 1568084380927,
    "duration": 1,
    "pid": 8612,
    "index": 51
  },
  {
    "name": "Require(43) node_modules/_egg-logrotator@3.1.0@egg-logrotator/app.js",
    "start": 1568084380927,
    "end": 1568084380927,
    "duration": 0,
    "pid": 8612,
    "index": 52
  },
  {
    "name": "Require(44) node_modules/_egg-static@2.2.0@egg-static/app.js",
    "start": 1568084380928,
    "end": 1568084380929,
    "duration": 1,
    "pid": 8612,
    "index": 53
  },
  {
    "name": "Require(45) node_modules/_egg-sequelize@5.2.0@egg-sequelize/app.js",
    "start": 1568084380930,
    "end": 1568084380930,
    "duration": 0,
    "pid": 8612,
    "index": 54
  },
  {
    "name": "Before Start in node_modules/_egg-watcher@3.1.0@egg-watcher/lib/init.js:15:14",
    "start": 1568084380950,
    "end": 1568084381785,
    "duration": 835,
    "pid": 8612,
    "index": 55
  },
  {
    "name": "Load \"Symbol(model)\" to Application",
    "start": 1568084381545,
    "end": 1568084381557,
    "duration": 12,
    "pid": 8612,
    "index": 56
  },
  {
    "name": "Before Start in node_modules/_egg-sequelize@5.2.0@egg-sequelize/lib/loader.js:39:7",
    "start": 1568084381557,
    "end": 1568084381820,
    "duration": 263,
    "pid": 8612,
    "index": 57
  },
  {
    "name": "Load Service",
    "start": 1568084381557,
    "end": 1568084381562,
    "duration": 5,
    "pid": 8612,
    "index": 58
  },
  {
    "name": "Load \"service\" to Context",
    "start": 1568084381557,
    "end": 1568084381562,
    "duration": 5,
    "pid": 8612,
    "index": 59
  },
  {
    "name": "Load Middleware",
    "start": 1568084381563,
    "end": 1568084381698,
    "duration": 135,
    "pid": 8612,
    "index": 60
  },
  {
    "name": "Load \"middlewares\" to Application",
    "start": 1568084381563,
    "end": 1568084381681,
    "duration": 118,
    "pid": 8612,
    "index": 61
  },
  {
    "name": "Load Controller",
    "start": 1568084381698,
    "end": 1568084381701,
    "duration": 3,
    "pid": 8612,
    "index": 62
  },
  {
    "name": "Load \"controller\" to Application",
    "start": 1568084381698,
    "end": 1568084381701,
    "duration": 3,
    "pid": 8612,
    "index": 63
  },
  {
    "name": "Load Router",
    "start": 1568084381701,
    "end": 1568084381704,
    "duration": 3,
    "pid": 8612,
    "index": 64
  },
  {
    "name": "Require(46) app/router.js",
    "start": 1568084381701,
    "end": 1568084381702,
    "duration": 1,
    "pid": 8612,
    "index": 65
  },
  {
    "name": "Before Start in node_modules/_egg-core@4.17.3@egg-core/lib/egg.js:303:10",
    "start": 1568084381702,
    "end": 1568084381725,
    "duration": 23,
    "pid": 8612,
    "index": 66
  }
]