[
  {
    "name": "Application Start",
    "start": 1568083828441,
    "end": 1568083829611,
    "duration": 1170,
    "pid": 8400,
    "index": 0
  },
  {
    "name": "Load Plugin",
    "start": 1568083828447,
    "end": 1568083828473,
    "duration": 26,
    "pid": 8400,
    "index": 1
  },
  {
    "name": "Load Config",
    "start": 1568083828473,
    "end": 1568083828499,
    "duration": 26,
    "pid": 8400,
    "index": 2
  },
  {
    "name": "Require(0) config/config.default.js",
    "start": 1568083828474,
    "end": 1568083828474,
    "duration": 0,
    "pid": 8400,
    "index": 3
  },
  {
    "name": "Require(1) node_modules/_egg-session@3.1.0@egg-session/config/config.default.js",
    "start": 1568083828476,
    "end": 1568083828476,
    "duration": 0,
    "pid": 8400,
    "index": 4
  },
  {
    "name": "Require(2) node_modules/_egg-security@2.6.1@egg-security/config/config.default.js",
    "start": 1568083828477,
    "end": 1568083828477,
    "duration": 0,
    "pid": 8400,
    "index": 5
  },
  {
    "name": "Require(3) node_modules/_egg-jsonp@2.0.0@egg-jsonp/config/config.default.js",
    "start": 1568083828479,
    "end": 1568083828479,
    "duration": 0,
    "pid": 8400,
    "index": 6
  },
  {
    "name": "Require(4) node_modules/_egg-onerror@2.1.0@egg-onerror/config/config.default.js",
    "start": 1568083828480,
    "end": 1568083828480,
    "duration": 0,
    "pid": 8400,
    "index": 7
  },
  {
    "name": "Require(5) node_modules/_egg-i18n@2.1.1@egg-i18n/config/config.default.js",
    "start": 1568083828481,
    "end": 1568083828481,
    "duration": 0,
    "pid": 8400,
    "index": 8
  },
  {
    "name": "Require(6) node_modules/_egg-watcher@3.1.0@egg-watcher/config/config.default.js",
    "start": 1568083828482,
    "end": 1568083828482,
    "duration": 0,
    "pid": 8400,
    "index": 9
  },
  {
    "name": "Require(7) node_modules/_egg-schedule@3.6.4@egg-schedule/config/config.default.js",
    "start": 1568083828483,
    "end": 1568083828483,
    "duration": 0,
    "pid": 8400,
    "index": 10
  },
  {
    "name": "Require(8) node_modules/_egg-multipart@2.9.0@egg-multipart/config/config.default.js",
    "start": 1568083828484,
    "end": 1568083828484,
    "duration": 0,
    "pid": 8400,
    "index": 11
  },
  {
    "name": "Require(9) node_modules/_egg-development@2.4.3@egg-development/config/config.default.js",
    "start": 1568083828485,
    "end": 1568083828485,
    "duration": 0,
    "pid": 8400,
    "index": 12
  },
  {
    "name": "Require(10) node_modules/_egg-logrotator@3.1.0@egg-logrotator/config/config.default.js",
    "start": 1568083828486,
    "end": 1568083828486,
    "duration": 0,
    "pid": 8400,
    "index": 13
  },
  {
    "name": "Require(11) node_modules/_egg-static@2.2.0@egg-static/config/config.default.js",
    "start": 1568083828487,
    "end": 1568083828487,
    "duration": 0,
    "pid": 8400,
    "index": 14
  },
  {
    "name": "Require(12) node_modules/_egg-view@2.1.2@egg-view/config/config.default.js",
    "start": 1568083828488,
    "end": 1568083828488,
    "duration": 0,
    "pid": 8400,
    "index": 15
  },
  {
    "name": "Require(13) node_modules/_egg-sequelize@5.2.0@egg-sequelize/config/config.default.js",
    "start": 1568083828489,
    "end": 1568083828490,
    "duration": 1,
    "pid": 8400,
    "index": 16
  },
  {
    "name": "Require(14) node_modules/_egg@2.23.0@egg/config/config.default.js",
    "start": 1568083828490,
    "end": 1568083828491,
    "duration": 1,
    "pid": 8400,
    "index": 17
  },
  {
    "name": "Require(15) config/config.default.js",
    "start": 1568083828492,
    "end": 1568083828492,
    "duration": 0,
    "pid": 8400,
    "index": 18
  },
  {
    "name": "Require(16) node_modules/_egg-security@2.6.1@egg-security/config/config.local.js",
    "start": 1568083828493,
    "end": 1568083828494,
    "duration": 1,
    "pid": 8400,
    "index": 19
  },
  {
    "name": "Require(17) node_modules/_egg-watcher@3.1.0@egg-watcher/config/config.local.js",
    "start": 1568083828495,
    "end": 1568083828495,
    "duration": 0,
    "pid": 8400,
    "index": 20
  },
  {
    "name": "Require(18) node_modules/_egg-view@2.1.2@egg-view/config/config.local.js",
    "start": 1568083828497,
    "end": 1568083828497,
    "duration": 0,
    "pid": 8400,
    "index": 21
  },
  {
    "name": "Require(19) node_modules/_egg@2.23.0@egg/config/config.local.js",
    "start": 1568083828498,
    "end": 1568083828498,
    "duration": 0,
    "pid": 8400,
    "index": 22
  },
  {
    "name": "Load extend/application.js",
    "start": 1568083828500,
    "end": 1568083828520,
    "duration": 20,
    "pid": 8400,
    "index": 23
  },
  {
    "name": "Require(20) node_modules/_egg-session@3.1.0@egg-session/app/extend/application.js",
    "start": 1568083828501,
    "end": 1568083828502,
    "duration": 1,
    "pid": 8400,
    "index": 24
  },
  {
    "name": "Require(21) node_modules/_egg-security@2.6.1@egg-security/app/extend/application.js",
    "start": 1568083828502,
    "end": 1568083828504,
    "duration": 2,
    "pid": 8400,
    "index": 25
  },
  {
    "name": "Require(22) node_modules/_egg-jsonp@2.0.0@egg-jsonp/app/extend/application.js",
    "start": 1568083828504,
    "end": 1568083828507,
    "duration": 3,
    "pid": 8400,
    "index": 26
  },
  {
    "name": "Require(23) node_modules/_egg-logrotator@3.1.0@egg-logrotator/app/extend/application.js",
    "start": 1568083828509,
    "end": 1568083828512,
    "duration": 3,
    "pid": 8400,
    "index": 27
  },
  {
    "name": "Require(24) node_modules/_egg-view@2.1.2@egg-view/app/extend/application.js",
    "start": 1568083828513,
    "end": 1568083828516,
    "duration": 3,
    "pid": 8400,
    "index": 28
  },
  {
    "name": "Load extend/request.js",
    "start": 1568083828520,
    "end": 1568083828528,
    "duration": 8,
    "pid": 8400,
    "index": 29
  },
  {
    "name": "Require(25) node_modules/_egg@2.23.0@egg/app/extend/request.js",
    "start": 1568083828523,
    "end": 1568083828525,
    "duration": 2,
    "pid": 8400,
    "index": 30
  },
  {
    "name": "Load extend/response.js",
    "start": 1568083828529,
    "end": 1568083828539,
    "duration": 10,
    "pid": 8400,
    "index": 31
  },
  {
    "name": "Require(26) node_modules/_egg@2.23.0@egg/app/extend/response.js",
    "start": 1568083828532,
    "end": 1568083828536,
    "duration": 4,
    "pid": 8400,
    "index": 32
  },
  {
    "name": "Load extend/context.js",
    "start": 1568083828539,
    "end": 1568083828650,
    "duration": 111,
    "pid": 8400,
    "index": 33
  },
  {
    "name": "Require(27) node_modules/_egg-security@2.6.1@egg-security/app/extend/context.js",
    "start": 1568083828540,
    "end": 1568083828559,
    "duration": 19,
    "pid": 8400,
    "index": 34
  },
  {
    "name": "Require(28) node_modules/_egg-jsonp@2.0.0@egg-jsonp/app/extend/context.js",
    "start": 1568083828560,
    "end": 1568083828562,
    "duration": 2,
    "pid": 8400,
    "index": 35
  },
  {
    "name": "Require(29) node_modules/_egg-i18n@2.1.1@egg-i18n/app/extend/context.js",
    "start": 1568083828563,
    "end": 1568083828563,
    "duration": 0,
    "pid": 8400,
    "index": 36
  },
  {
    "name": "Require(30) node_modules/_egg-multipart@2.9.0@egg-multipart/app/extend/context.js",
    "start": 1568083828564,
    "end": 1568083828640,
    "duration": 76,
    "pid": 8400,
    "index": 37
  },
  {
    "name": "Require(31) node_modules/_egg-view@2.1.2@egg-view/app/extend/context.js",
    "start": 1568083828641,
    "end": 1568083828643,
    "duration": 2,
    "pid": 8400,
    "index": 38
  },
  {
    "name": "Require(32) node_modules/_egg@2.23.0@egg/app/extend/context.js",
    "start": 1568083828643,
    "end": 1568083828647,
    "duration": 4,
    "pid": 8400,
    "index": 39
  },
  {
    "name": "Load extend/helper.js",
    "start": 1568083828650,
    "end": 1568083828686,
    "duration": 36,
    "pid": 8400,
    "index": 40
  },
  {
    "name": "Require(33) node_modules/_egg-security@2.6.1@egg-security/app/extend/helper.js",
    "start": 1568083828651,
    "end": 1568083828680,
    "duration": 29,
    "pid": 8400,
    "index": 41
  },
  {
    "name": "Require(34) node_modules/_egg@2.23.0@egg/app/extend/helper.js",
    "start": 1568083828682,
    "end": 1568083828683,
    "duration": 1,
    "pid": 8400,
    "index": 42
  },
  {
    "name": "Load app.js",
    "start": 1568083828687,
    "end": 1568083828744,
    "duration": 57,
    "pid": 8400,
    "index": 43
  },
  {
    "name": "Require(35) node_modules/_egg-session@3.1.0@egg-session/app.js",
    "start": 1568083828687,
    "end": 1568083828688,
    "duration": 1,
    "pid": 8400,
    "index": 44
  },
  {
    "name": "Require(36) node_modules/_egg-security@2.6.1@egg-security/app.js",
    "start": 1568083828688,
    "end": 1568083828692,
    "duration": 4,
    "pid": 8400,
    "index": 45
  },
  {
    "name": "Require(37) node_modules/_egg-onerror@2.1.0@egg-onerror/app.js",
    "start": 1568083828693,
    "end": 1568083828709,
    "duration": 16,
    "pid": 8400,
    "index": 46
  },
  {
    "name": "Require(38) node_modules/_egg-i18n@2.1.1@egg-i18n/app.js",
    "start": 1568083828710,
    "end": 1568083828721,
    "duration": 11,
    "pid": 8400,
    "index": 47
  },
  {
    "name": "Require(39) node_modules/_egg-watcher@3.1.0@egg-watcher/app.js",
    "start": 1568083828722,
    "end": 1568083828728,
    "duration": 6,
    "pid": 8400,
    "index": 48
  },
  {
    "name": "Require(40) node_modules/_egg-schedule@3.6.4@egg-schedule/app.js",
    "start": 1568083828728,
    "end": 1568083828731,
    "duration": 3,
    "pid": 8400,
    "index": 49
  },
  {
    "name": "Require(41) node_modules/_egg-multipart@2.9.0@egg-multipart/app.js",
    "start": 1568083828732,
    "end": 1568083828737,
    "duration": 5,
    "pid": 8400,
    "index": 50
  },
  {
    "name": "Require(42) node_modules/_egg-development@2.4.3@egg-development/app.js",
    "start": 1568083828738,
    "end": 1568083828738,
    "duration": 0,
    "pid": 8400,
    "index": 51
  },
  {
    "name": "Require(43) node_modules/_egg-logrotator@3.1.0@egg-logrotator/app.js",
    "start": 1568083828739,
    "end": 1568083828739,
    "duration": 0,
    "pid": 8400,
    "index": 52
  },
  {
    "name": "Require(44) node_modules/_egg-static@2.2.0@egg-static/app.js",
    "start": 1568083828740,
    "end": 1568083828740,
    "duration": 0,
    "pid": 8400,
    "index": 53
  },
  {
    "name": "Require(45) node_modules/_egg-sequelize@5.2.0@egg-sequelize/app.js",
    "start": 1568083828742,
    "end": 1568083828742,
    "duration": 0,
    "pid": 8400,
    "index": 54
  },
  {
    "name": "Before Start in node_modules/_egg-watcher@3.1.0@egg-watcher/lib/init.js:15:14",
    "start": 1568083828759,
    "end": 1568083829567,
    "duration": 808,
    "pid": 8400,
    "index": 55
  },
  {
    "name": "Load \"Symbol(model)\" to Application",
    "start": 1568083829275,
    "end": 1568083829289,
    "duration": 14,
    "pid": 8400,
    "index": 56
  },
  {
    "name": "Before Start in node_modules/_egg-sequelize@5.2.0@egg-sequelize/lib/loader.js:39:7",
    "start": 1568083829290,
    "end": 1568083829610,
    "duration": 320,
    "pid": 8400,
    "index": 57
  },
  {
    "name": "Load Service",
    "start": 1568083829290,
    "end": 1568083829297,
    "duration": 7,
    "pid": 8400,
    "index": 58
  },
  {
    "name": "Load \"service\" to Context",
    "start": 1568083829290,
    "end": 1568083829297,
    "duration": 7,
    "pid": 8400,
    "index": 59
  },
  {
    "name": "Load Middleware",
    "start": 1568083829298,
    "end": 1568083829459,
    "duration": 161,
    "pid": 8400,
    "index": 60
  },
  {
    "name": "Load \"middlewares\" to Application",
    "start": 1568083829298,
    "end": 1568083829437,
    "duration": 139,
    "pid": 8400,
    "index": 61
  },
  {
    "name": "Load Controller",
    "start": 1568083829459,
    "end": 1568083829463,
    "duration": 4,
    "pid": 8400,
    "index": 62
  },
  {
    "name": "Load \"controller\" to Application",
    "start": 1568083829459,
    "end": 1568083829463,
    "duration": 4,
    "pid": 8400,
    "index": 63
  },
  {
    "name": "Load Router",
    "start": 1568083829463,
    "end": 1568083829466,
    "duration": 3,
    "pid": 8400,
    "index": 64
  },
  {
    "name": "Require(46) app/router.js",
    "start": 1568083829464,
    "end": 1568083829464,
    "duration": 0,
    "pid": 8400,
    "index": 65
  },
  {
    "name": "Before Start in node_modules/_egg-core@4.17.3@egg-core/lib/egg.js:303:10",
    "start": 1568083829465,
    "end": 1568083829494,
    "duration": 29,
    "pid": 8400,
    "index": 66
  }
]