[
  {
    "name": "Application Start",
    "start": 1568083971117,
    "end": 1568083972365,
    "duration": 1248,
    "pid": 5008,
    "index": 0
  },
  {
    "name": "Load Plugin",
    "start": 1568083971124,
    "end": 1568083971156,
    "duration": 32,
    "pid": 5008,
    "index": 1
  },
  {
    "name": "Load Config",
    "start": 1568083971156,
    "end": 1568083971191,
    "duration": 35,
    "pid": 5008,
    "index": 2
  },
  {
    "name": "Require(0) config/config.default.js",
    "start": 1568083971157,
    "end": 1568083971158,
    "duration": 1,
    "pid": 5008,
    "index": 3
  },
  {
    "name": "Require(1) node_modules/_egg-session@3.1.0@egg-session/config/config.default.js",
    "start": 1568083971161,
    "end": 1568083971162,
    "duration": 1,
    "pid": 5008,
    "index": 4
  },
  {
    "name": "Require(2) node_modules/_egg-security@2.6.1@egg-security/config/config.default.js",
    "start": 1568083971163,
    "end": 1568083971163,
    "duration": 0,
    "pid": 5008,
    "index": 5
  },
  {
    "name": "Require(3) node_modules/_egg-jsonp@2.0.0@egg-jsonp/config/config.default.js",
    "start": 1568083971165,
    "end": 1568083971165,
    "duration": 0,
    "pid": 5008,
    "index": 6
  },
  {
    "name": "Require(4) node_modules/_egg-onerror@2.1.0@egg-onerror/config/config.default.js",
    "start": 1568083971166,
    "end": 1568083971167,
    "duration": 1,
    "pid": 5008,
    "index": 7
  },
  {
    "name": "Require(5) node_modules/_egg-i18n@2.1.1@egg-i18n/config/config.default.js",
    "start": 1568083971167,
    "end": 1568083971168,
    "duration": 1,
    "pid": 5008,
    "index": 8
  },
  {
    "name": "Require(6) node_modules/_egg-watcher@3.1.0@egg-watcher/config/config.default.js",
    "start": 1568083971170,
    "end": 1568083971170,
    "duration": 0,
    "pid": 5008,
    "index": 9
  },
  {
    "name": "Require(7) node_modules/_egg-schedule@3.6.4@egg-schedule/config/config.default.js",
    "start": 1568083971171,
    "end": 1568083971172,
    "duration": 1,
    "pid": 5008,
    "index": 10
  },
  {
    "name": "Require(8) node_modules/_egg-multipart@2.9.0@egg-multipart/config/config.default.js",
    "start": 1568083971173,
    "end": 1568083971173,
    "duration": 0,
    "pid": 5008,
    "index": 11
  },
  {
    "name": "Require(9) node_modules/_egg-development@2.4.3@egg-development/config/config.default.js",
    "start": 1568083971175,
    "end": 1568083971175,
    "duration": 0,
    "pid": 5008,
    "index": 12
  },
  {
    "name": "Require(10) node_modules/_egg-logrotator@3.1.0@egg-logrotator/config/config.default.js",
    "start": 1568083971176,
    "end": 1568083971176,
    "duration": 0,
    "pid": 5008,
    "index": 13
  },
  {
    "name": "Require(11) node_modules/_egg-static@2.2.0@egg-static/config/config.default.js",
    "start": 1568083971177,
    "end": 1568083971177,
    "duration": 0,
    "pid": 5008,
    "index": 14
  },
  {
    "name": "Require(12) node_modules/_egg-view@2.1.2@egg-view/config/config.default.js",
    "start": 1568083971178,
    "end": 1568083971178,
    "duration": 0,
    "pid": 5008,
    "index": 15
  },
  {
    "name": "Require(13) node_modules/_egg-sequelize@5.2.0@egg-sequelize/config/config.default.js",
    "start": 1568083971179,
    "end": 1568083971179,
    "duration": 0,
    "pid": 5008,
    "index": 16
  },
  {
    "name": "Require(14) node_modules/_egg@2.23.0@egg/config/config.default.js",
    "start": 1568083971180,
    "end": 1568083971180,
    "duration": 0,
    "pid": 5008,
    "index": 17
  },
  {
    "name": "Require(15) config/config.default.js",
    "start": 1568083971182,
    "end": 1568083971182,
    "duration": 0,
    "pid": 5008,
    "index": 18
  },
  {
    "name": "Require(16) node_modules/_egg-security@2.6.1@egg-security/config/config.local.js",
    "start": 1568083971183,
    "end": 1568083971184,
    "duration": 1,
    "pid": 5008,
    "index": 19
  },
  {
    "name": "Require(17) node_modules/_egg-watcher@3.1.0@egg-watcher/config/config.local.js",
    "start": 1568083971185,
    "end": 1568083971185,
    "duration": 0,
    "pid": 5008,
    "index": 20
  },
  {
    "name": "Require(18) node_modules/_egg-view@2.1.2@egg-view/config/config.local.js",
    "start": 1568083971189,
    "end": 1568083971189,
    "duration": 0,
    "pid": 5008,
    "index": 21
  },
  {
    "name": "Require(19) node_modules/_egg@2.23.0@egg/config/config.local.js",
    "start": 1568083971190,
    "end": 1568083971191,
    "duration": 1,
    "pid": 5008,
    "index": 22
  },
  {
    "name": "Load extend/application.js",
    "start": 1568083971193,
    "end": 1568083971216,
    "duration": 23,
    "pid": 5008,
    "index": 23
  },
  {
    "name": "Require(20) node_modules/_egg-session@3.1.0@egg-session/app/extend/application.js",
    "start": 1568083971194,
    "end": 1568083971195,
    "duration": 1,
    "pid": 5008,
    "index": 24
  },
  {
    "name": "Require(21) node_modules/_egg-security@2.6.1@egg-security/app/extend/application.js",
    "start": 1568083971195,
    "end": 1568083971197,
    "duration": 2,
    "pid": 5008,
    "index": 25
  },
  {
    "name": "Require(22) node_modules/_egg-jsonp@2.0.0@egg-jsonp/app/extend/application.js",
    "start": 1568083971197,
    "end": 1568083971200,
    "duration": 3,
    "pid": 5008,
    "index": 26
  },
  {
    "name": "Require(23) node_modules/_egg-logrotator@3.1.0@egg-logrotator/app/extend/application.js",
    "start": 1568083971204,
    "end": 1568083971209,
    "duration": 5,
    "pid": 5008,
    "index": 27
  },
  {
    "name": "Require(24) node_modules/_egg-view@2.1.2@egg-view/app/extend/application.js",
    "start": 1568083971210,
    "end": 1568083971212,
    "duration": 2,
    "pid": 5008,
    "index": 28
  },
  {
    "name": "Load extend/request.js",
    "start": 1568083971217,
    "end": 1568083971228,
    "duration": 11,
    "pid": 5008,
    "index": 29
  },
  {
    "name": "Require(25) node_modules/_egg@2.23.0@egg/app/extend/request.js",
    "start": 1568083971221,
    "end": 1568083971224,
    "duration": 3,
    "pid": 5008,
    "index": 30
  },
  {
    "name": "Load extend/response.js",
    "start": 1568083971228,
    "end": 1568083971240,
    "duration": 12,
    "pid": 5008,
    "index": 31
  },
  {
    "name": "Require(26) node_modules/_egg@2.23.0@egg/app/extend/response.js",
    "start": 1568083971232,
    "end": 1568083971235,
    "duration": 3,
    "pid": 5008,
    "index": 32
  },
  {
    "name": "Load extend/context.js",
    "start": 1568083971240,
    "end": 1568083971364,
    "duration": 124,
    "pid": 5008,
    "index": 33
  },
  {
    "name": "Require(27) node_modules/_egg-security@2.6.1@egg-security/app/extend/context.js",
    "start": 1568083971241,
    "end": 1568083971264,
    "duration": 23,
    "pid": 5008,
    "index": 34
  },
  {
    "name": "Require(28) node_modules/_egg-jsonp@2.0.0@egg-jsonp/app/extend/context.js",
    "start": 1568083971265,
    "end": 1568083971267,
    "duration": 2,
    "pid": 5008,
    "index": 35
  },
  {
    "name": "Require(29) node_modules/_egg-i18n@2.1.1@egg-i18n/app/extend/context.js",
    "start": 1568083971268,
    "end": 1568083971269,
    "duration": 1,
    "pid": 5008,
    "index": 36
  },
  {
    "name": "Require(30) node_modules/_egg-multipart@2.9.0@egg-multipart/app/extend/context.js",
    "start": 1568083971270,
    "end": 1568083971354,
    "duration": 84,
    "pid": 5008,
    "index": 37
  },
  {
    "name": "Require(31) node_modules/_egg-view@2.1.2@egg-view/app/extend/context.js",
    "start": 1568083971355,
    "end": 1568083971357,
    "duration": 2,
    "pid": 5008,
    "index": 38
  },
  {
    "name": "Require(32) node_modules/_egg@2.23.0@egg/app/extend/context.js",
    "start": 1568083971358,
    "end": 1568083971361,
    "duration": 3,
    "pid": 5008,
    "index": 39
  },
  {
    "name": "Load extend/helper.js",
    "start": 1568083971364,
    "end": 1568083971405,
    "duration": 41,
    "pid": 5008,
    "index": 40
  },
  {
    "name": "Require(33) node_modules/_egg-security@2.6.1@egg-security/app/extend/helper.js",
    "start": 1568083971365,
    "end": 1568083971398,
    "duration": 33,
    "pid": 5008,
    "index": 41
  },
  {
    "name": "Require(34) node_modules/_egg@2.23.0@egg/app/extend/helper.js",
    "start": 1568083971401,
    "end": 1568083971401,
    "duration": 0,
    "pid": 5008,
    "index": 42
  },
  {
    "name": "Load app.js",
    "start": 1568083971405,
    "end": 1568083971462,
    "duration": 57,
    "pid": 5008,
    "index": 43
  },
  {
    "name": "Require(35) node_modules/_egg-session@3.1.0@egg-session/app.js",
    "start": 1568083971406,
    "end": 1568083971406,
    "duration": 0,
    "pid": 5008,
    "index": 44
  },
  {
    "name": "Require(36) node_modules/_egg-security@2.6.1@egg-security/app.js",
    "start": 1568083971407,
    "end": 1568083971410,
    "duration": 3,
    "pid": 5008,
    "index": 45
  },
  {
    "name": "Require(37) node_modules/_egg-onerror@2.1.0@egg-onerror/app.js",
    "start": 1568083971410,
    "end": 1568083971427,
    "duration": 17,
    "pid": 5008,
    "index": 46
  },
  {
    "name": "Require(38) node_modules/_egg-i18n@2.1.1@egg-i18n/app.js",
    "start": 1568083971428,
    "end": 1568083971440,
    "duration": 12,
    "pid": 5008,
    "index": 47
  },
  {
    "name": "Require(39) node_modules/_egg-watcher@3.1.0@egg-watcher/app.js",
    "start": 1568083971441,
    "end": 1568083971447,
    "duration": 6,
    "pid": 5008,
    "index": 48
  },
  {
    "name": "Require(40) node_modules/_egg-schedule@3.6.4@egg-schedule/app.js",
    "start": 1568083971448,
    "end": 1568083971451,
    "duration": 3,
    "pid": 5008,
    "index": 49
  },
  {
    "name": "Require(41) node_modules/_egg-multipart@2.9.0@egg-multipart/app.js",
    "start": 1568083971452,
    "end": 1568083971456,
    "duration": 4,
    "pid": 5008,
    "index": 50
  },
  {
    "name": "Require(42) node_modules/_egg-development@2.4.3@egg-development/app.js",
    "start": 1568083971457,
    "end": 1568083971457,
    "duration": 0,
    "pid": 5008,
    "index": 51
  },
  {
    "name": "Require(43) node_modules/_egg-logrotator@3.1.0@egg-logrotator/app.js",
    "start": 1568083971458,
    "end": 1568083971458,
    "duration": 0,
    "pid": 5008,
    "index": 52
  },
  {
    "name": "Require(44) node_modules/_egg-static@2.2.0@egg-static/app.js",
    "start": 1568083971459,
    "end": 1568083971459,
    "duration": 0,
    "pid": 5008,
    "index": 53
  },
  {
    "name": "Require(45) node_modules/_egg-sequelize@5.2.0@egg-sequelize/app.js",
    "start": 1568083971460,
    "end": 1568083971460,
    "duration": 0,
    "pid": 5008,
    "index": 54
  },
  {
    "name": "Before Start in node_modules/_egg-watcher@3.1.0@egg-watcher/lib/init.js:15:14",
    "start": 1568083971477,
    "end": 1568083972320,
    "duration": 843,
    "pid": 5008,
    "index": 55
  },
  {
    "name": "Load \"Symbol(model)\" to Application",
    "start": 1568083972051,
    "end": 1568083972065,
    "duration": 14,
    "pid": 5008,
    "index": 56
  },
  {
    "name": "Before Start in node_modules/_egg-sequelize@5.2.0@egg-sequelize/lib/loader.js:39:7",
    "start": 1568083972065,
    "end": 1568083972363,
    "duration": 298,
    "pid": 5008,
    "index": 57
  },
  {
    "name": "Load Service",
    "start": 1568083972066,
    "end": 1568083972075,
    "duration": 9,
    "pid": 5008,
    "index": 58
  },
  {
    "name": "Load \"service\" to Context",
    "start": 1568083972066,
    "end": 1568083972075,
    "duration": 9,
    "pid": 5008,
    "index": 59
  },
  {
    "name": "Load Middleware",
    "start": 1568083972075,
    "end": 1568083972229,
    "duration": 154,
    "pid": 5008,
    "index": 60
  },
  {
    "name": "Load \"middlewares\" to Application",
    "start": 1568083972075,
    "end": 1568083972209,
    "duration": 134,
    "pid": 5008,
    "index": 61
  },
  {
    "name": "Load Controller",
    "start": 1568083972229,
    "end": 1568083972232,
    "duration": 3,
    "pid": 5008,
    "index": 62
  },
  {
    "name": "Load \"controller\" to Application",
    "start": 1568083972229,
    "end": 1568083972232,
    "duration": 3,
    "pid": 5008,
    "index": 63
  },
  {
    "name": "Load Router",
    "start": 1568083972232,
    "end": 1568083972236,
    "duration": 4,
    "pid": 5008,
    "index": 64
  },
  {
    "name": "Require(46) app/router.js",
    "start": 1568083972233,
    "end": 1568083972233,
    "duration": 0,
    "pid": 5008,
    "index": 65
  },
  {
    "name": "Before Start in node_modules/_egg-core@4.17.3@egg-core/lib/egg.js:303:10",
    "start": 1568083972234,
    "end": 1568083972261,
    "duration": 27,
    "pid": 5008,
    "index": 66
  }
]