[
  {
    "name": "Application Start",
    "start": 1568084197231,
    "end": 1568084198283,
    "duration": 1052,
    "pid": 7600,
    "index": 0
  },
  {
    "name": "Load Plugin",
    "start": 1568084197237,
    "end": 1568084197261,
    "duration": 24,
    "pid": 7600,
    "index": 1
  },
  {
    "name": "Load Config",
    "start": 1568084197261,
    "end": 1568084197288,
    "duration": 27,
    "pid": 7600,
    "index": 2
  },
  {
    "name": "Require(0) config/config.default.js",
    "start": 1568084197262,
    "end": 1568084197262,
    "duration": 0,
    "pid": 7600,
    "index": 3
  },
  {
    "name": "Require(1) node_modules/_egg-session@3.1.0@egg-session/config/config.default.js",
    "start": 1568084197264,
    "end": 1568084197265,
    "duration": 1,
    "pid": 7600,
    "index": 4
  },
  {
    "name": "Require(2) node_modules/_egg-security@2.6.1@egg-security/config/config.default.js",
    "start": 1568084197265,
    "end": 1568084197266,
    "duration": 1,
    "pid": 7600,
    "index": 5
  },
  {
    "name": "Require(3) node_modules/_egg-jsonp@2.0.0@egg-jsonp/config/config.default.js",
    "start": 1568084197267,
    "end": 1568084197267,
    "duration": 0,
    "pid": 7600,
    "index": 6
  },
  {
    "name": "Require(4) node_modules/_egg-onerror@2.1.0@egg-onerror/config/config.default.js",
    "start": 1568084197268,
    "end": 1568084197269,
    "duration": 1,
    "pid": 7600,
    "index": 7
  },
  {
    "name": "Require(5) node_modules/_egg-i18n@2.1.1@egg-i18n/config/config.default.js",
    "start": 1568084197269,
    "end": 1568084197269,
    "duration": 0,
    "pid": 7600,
    "index": 8
  },
  {
    "name": "Require(6) node_modules/_egg-watcher@3.1.0@egg-watcher/config/config.default.js",
    "start": 1568084197270,
    "end": 1568084197271,
    "duration": 1,
    "pid": 7600,
    "index": 9
  },
  {
    "name": "Require(7) node_modules/_egg-schedule@3.6.4@egg-schedule/config/config.default.js",
    "start": 1568084197271,
    "end": 1568084197271,
    "duration": 0,
    "pid": 7600,
    "index": 10
  },
  {
    "name": "Require(8) node_modules/_egg-multipart@2.9.0@egg-multipart/config/config.default.js",
    "start": 1568084197272,
    "end": 1568084197273,
    "duration": 1,
    "pid": 7600,
    "index": 11
  },
  {
    "name": "Require(9) node_modules/_egg-development@2.4.3@egg-development/config/config.default.js",
    "start": 1568084197273,
    "end": 1568084197274,
    "duration": 1,
    "pid": 7600,
    "index": 12
  },
  {
    "name": "Require(10) node_modules/_egg-logrotator@3.1.0@egg-logrotator/config/config.default.js",
    "start": 1568084197275,
    "end": 1568084197275,
    "duration": 0,
    "pid": 7600,
    "index": 13
  },
  {
    "name": "Require(11) node_modules/_egg-static@2.2.0@egg-static/config/config.default.js",
    "start": 1568084197276,
    "end": 1568084197276,
    "duration": 0,
    "pid": 7600,
    "index": 14
  },
  {
    "name": "Require(12) node_modules/_egg-view@2.1.2@egg-view/config/config.default.js",
    "start": 1568084197277,
    "end": 1568084197277,
    "duration": 0,
    "pid": 7600,
    "index": 15
  },
  {
    "name": "Require(13) node_modules/_egg-sequelize@5.2.0@egg-sequelize/config/config.default.js",
    "start": 1568084197278,
    "end": 1568084197278,
    "duration": 0,
    "pid": 7600,
    "index": 16
  },
  {
    "name": "Require(14) node_modules/_egg@2.23.0@egg/config/config.default.js",
    "start": 1568084197279,
    "end": 1568084197279,
    "duration": 0,
    "pid": 7600,
    "index": 17
  },
  {
    "name": "Require(15) config/config.default.js",
    "start": 1568084197281,
    "end": 1568084197281,
    "duration": 0,
    "pid": 7600,
    "index": 18
  },
  {
    "name": "Require(16) node_modules/_egg-security@2.6.1@egg-security/config/config.local.js",
    "start": 1568084197282,
    "end": 1568084197282,
    "duration": 0,
    "pid": 7600,
    "index": 19
  },
  {
    "name": "Require(17) node_modules/_egg-watcher@3.1.0@egg-watcher/config/config.local.js",
    "start": 1568084197283,
    "end": 1568084197284,
    "duration": 1,
    "pid": 7600,
    "index": 20
  },
  {
    "name": "Require(18) node_modules/_egg-view@2.1.2@egg-view/config/config.local.js",
    "start": 1568084197286,
    "end": 1568084197286,
    "duration": 0,
    "pid": 7600,
    "index": 21
  },
  {
    "name": "Require(19) node_modules/_egg@2.23.0@egg/config/config.local.js",
    "start": 1568084197287,
    "end": 1568084197287,
    "duration": 0,
    "pid": 7600,
    "index": 22
  },
  {
    "name": "Load extend/application.js",
    "start": 1568084197289,
    "end": 1568084197308,
    "duration": 19,
    "pid": 7600,
    "index": 23
  },
  {
    "name": "Require(20) node_modules/_egg-session@3.1.0@egg-session/app/extend/application.js",
    "start": 1568084197290,
    "end": 1568084197291,
    "duration": 1,
    "pid": 7600,
    "index": 24
  },
  {
    "name": "Require(21) node_modules/_egg-security@2.6.1@egg-security/app/extend/application.js",
    "start": 1568084197291,
    "end": 1568084197292,
    "duration": 1,
    "pid": 7600,
    "index": 25
  },
  {
    "name": "Require(22) node_modules/_egg-jsonp@2.0.0@egg-jsonp/app/extend/application.js",
    "start": 1568084197293,
    "end": 1568084197296,
    "duration": 3,
    "pid": 7600,
    "index": 26
  },
  {
    "name": "Require(23) node_modules/_egg-logrotator@3.1.0@egg-logrotator/app/extend/application.js",
    "start": 1568084197298,
    "end": 1568084197301,
    "duration": 3,
    "pid": 7600,
    "index": 27
  },
  {
    "name": "Require(24) node_modules/_egg-view@2.1.2@egg-view/app/extend/application.js",
    "start": 1568084197302,
    "end": 1568084197305,
    "duration": 3,
    "pid": 7600,
    "index": 28
  },
  {
    "name": "Load extend/request.js",
    "start": 1568084197309,
    "end": 1568084197317,
    "duration": 8,
    "pid": 7600,
    "index": 29
  },
  {
    "name": "Require(25) node_modules/_egg@2.23.0@egg/app/extend/request.js",
    "start": 1568084197312,
    "end": 1568084197314,
    "duration": 2,
    "pid": 7600,
    "index": 30
  },
  {
    "name": "Load extend/response.js",
    "start": 1568084197318,
    "end": 1568084197327,
    "duration": 9,
    "pid": 7600,
    "index": 31
  },
  {
    "name": "Require(26) node_modules/_egg@2.23.0@egg/app/extend/response.js",
    "start": 1568084197321,
    "end": 1568084197324,
    "duration": 3,
    "pid": 7600,
    "index": 32
  },
  {
    "name": "Load extend/context.js",
    "start": 1568084197327,
    "end": 1568084197427,
    "duration": 100,
    "pid": 7600,
    "index": 33
  },
  {
    "name": "Require(27) node_modules/_egg-security@2.6.1@egg-security/app/extend/context.js",
    "start": 1568084197328,
    "end": 1568084197347,
    "duration": 19,
    "pid": 7600,
    "index": 34
  },
  {
    "name": "Require(28) node_modules/_egg-jsonp@2.0.0@egg-jsonp/app/extend/context.js",
    "start": 1568084197347,
    "end": 1568084197350,
    "duration": 3,
    "pid": 7600,
    "index": 35
  },
  {
    "name": "Require(29) node_modules/_egg-i18n@2.1.1@egg-i18n/app/extend/context.js",
    "start": 1568084197350,
    "end": 1568084197351,
    "duration": 1,
    "pid": 7600,
    "index": 36
  },
  {
    "name": "Require(30) node_modules/_egg-multipart@2.9.0@egg-multipart/app/extend/context.js",
    "start": 1568084197352,
    "end": 1568084197418,
    "duration": 66,
    "pid": 7600,
    "index": 37
  },
  {
    "name": "Require(31) node_modules/_egg-view@2.1.2@egg-view/app/extend/context.js",
    "start": 1568084197419,
    "end": 1568084197420,
    "duration": 1,
    "pid": 7600,
    "index": 38
  },
  {
    "name": "Require(32) node_modules/_egg@2.23.0@egg/app/extend/context.js",
    "start": 1568084197421,
    "end": 1568084197424,
    "duration": 3,
    "pid": 7600,
    "index": 39
  },
  {
    "name": "Load extend/helper.js",
    "start": 1568084197427,
    "end": 1568084197462,
    "duration": 35,
    "pid": 7600,
    "index": 40
  },
  {
    "name": "Require(33) node_modules/_egg-security@2.6.1@egg-security/app/extend/helper.js",
    "start": 1568084197428,
    "end": 1568084197453,
    "duration": 25,
    "pid": 7600,
    "index": 41
  },
  {
    "name": "Require(34) node_modules/_egg@2.23.0@egg/app/extend/helper.js",
    "start": 1568084197456,
    "end": 1568084197457,
    "duration": 1,
    "pid": 7600,
    "index": 42
  },
  {
    "name": "Load app.js",
    "start": 1568084197463,
    "end": 1568084197514,
    "duration": 51,
    "pid": 7600,
    "index": 43
  },
  {
    "name": "Require(35) node_modules/_egg-session@3.1.0@egg-session/app.js",
    "start": 1568084197463,
    "end": 1568084197464,
    "duration": 1,
    "pid": 7600,
    "index": 44
  },
  {
    "name": "Require(36) node_modules/_egg-security@2.6.1@egg-security/app.js",
    "start": 1568084197464,
    "end": 1568084197467,
    "duration": 3,
    "pid": 7600,
    "index": 45
  },
  {
    "name": "Require(37) node_modules/_egg-onerror@2.1.0@egg-onerror/app.js",
    "start": 1568084197468,
    "end": 1568084197482,
    "duration": 14,
    "pid": 7600,
    "index": 46
  },
  {
    "name": "Require(38) node_modules/_egg-i18n@2.1.1@egg-i18n/app.js",
    "start": 1568084197483,
    "end": 1568084197495,
    "duration": 12,
    "pid": 7600,
    "index": 47
  },
  {
    "name": "Require(39) node_modules/_egg-watcher@3.1.0@egg-watcher/app.js",
    "start": 1568084197495,
    "end": 1568084197501,
    "duration": 6,
    "pid": 7600,
    "index": 48
  },
  {
    "name": "Require(40) node_modules/_egg-schedule@3.6.4@egg-schedule/app.js",
    "start": 1568084197501,
    "end": 1568084197504,
    "duration": 3,
    "pid": 7600,
    "index": 49
  },
  {
    "name": "Require(41) node_modules/_egg-multipart@2.9.0@egg-multipart/app.js",
    "start": 1568084197504,
    "end": 1568084197509,
    "duration": 5,
    "pid": 7600,
    "index": 50
  },
  {
    "name": "Require(42) node_modules/_egg-development@2.4.3@egg-development/app.js",
    "start": 1568084197509,
    "end": 1568084197510,
    "duration": 1,
    "pid": 7600,
    "index": 51
  },
  {
    "name": "Require(43) node_modules/_egg-logrotator@3.1.0@egg-logrotator/app.js",
    "start": 1568084197510,
    "end": 1568084197511,
    "duration": 1,
    "pid": 7600,
    "index": 52
  },
  {
    "name": "Require(44) node_modules/_egg-static@2.2.0@egg-static/app.js",
    "start": 1568084197511,
    "end": 1568084197511,
    "duration": 0,
    "pid": 7600,
    "index": 53
  },
  {
    "name": "Require(45) node_modules/_egg-sequelize@5.2.0@egg-sequelize/app.js",
    "start": 1568084197512,
    "end": 1568084197512,
    "duration": 0,
    "pid": 7600,
    "index": 54
  },
  {
    "name": "Before Start in node_modules/_egg-watcher@3.1.0@egg-watcher/lib/init.js:15:14",
    "start": 1568084197528,
    "end": 1568084198250,
    "duration": 722,
    "pid": 7600,
    "index": 55
  },
  {
    "name": "Load \"Symbol(model)\" to Application",
    "start": 1568084198027,
    "end": 1568084198039,
    "duration": 12,
    "pid": 7600,
    "index": 56
  },
  {
    "name": "Before Start in node_modules/_egg-sequelize@5.2.0@egg-sequelize/lib/loader.js:39:7",
    "start": 1568084198039,
    "end": 1568084198283,
    "duration": 244,
    "pid": 7600,
    "index": 57
  },
  {
    "name": "Load Service",
    "start": 1568084198039,
    "end": 1568084198044,
    "duration": 5,
    "pid": 7600,
    "index": 58
  },
  {
    "name": "Load \"service\" to Context",
    "start": 1568084198039,
    "end": 1568084198044,
    "duration": 5,
    "pid": 7600,
    "index": 59
  },
  {
    "name": "Load Middleware",
    "start": 1568084198044,
    "end": 1568084198169,
    "duration": 125,
    "pid": 7600,
    "index": 60
  },
  {
    "name": "Load \"middlewares\" to Application",
    "start": 1568084198045,
    "end": 1568084198149,
    "duration": 104,
    "pid": 7600,
    "index": 61
  },
  {
    "name": "Load Controller",
    "start": 1568084198169,
    "end": 1568084198172,
    "duration": 3,
    "pid": 7600,
    "index": 62
  },
  {
    "name": "Load \"controller\" to Application",
    "start": 1568084198169,
    "end": 1568084198172,
    "duration": 3,
    "pid": 7600,
    "index": 63
  },
  {
    "name": "Load Router",
    "start": 1568084198172,
    "end": 1568084198175,
    "duration": 3,
    "pid": 7600,
    "index": 64
  },
  {
    "name": "Require(46) app/router.js",
    "start": 1568084198172,
    "end": 1568084198173,
    "duration": 1,
    "pid": 7600,
    "index": 65
  },
  {
    "name": "Before Start in node_modules/_egg-core@4.17.3@egg-core/lib/egg.js:303:10",
    "start": 1568084198173,
    "end": 1568084198194,
    "duration": 21,
    "pid": 7600,
    "index": 66
  }
]