[
  {
    "name": "Application Start",
    "start": 1568084260292,
    "end": 1568084261372,
    "duration": 1080,
    "pid": 7812,
    "index": 0
  },
  {
    "name": "Load Plugin",
    "start": 1568084260298,
    "end": 1568084260323,
    "duration": 25,
    "pid": 7812,
    "index": 1
  },
  {
    "name": "Load Config",
    "start": 1568084260323,
    "end": 1568084260350,
    "duration": 27,
    "pid": 7812,
    "index": 2
  },
  {
    "name": "Require(0) config/config.default.js",
    "start": 1568084260325,
    "end": 1568084260325,
    "duration": 0,
    "pid": 7812,
    "index": 3
  },
  {
    "name": "Require(1) node_modules/_egg-session@3.1.0@egg-session/config/config.default.js",
    "start": 1568084260327,
    "end": 1568084260327,
    "duration": 0,
    "pid": 7812,
    "index": 4
  },
  {
    "name": "Require(2) node_modules/_egg-security@2.6.1@egg-security/config/config.default.js",
    "start": 1568084260328,
    "end": 1568084260328,
    "duration": 0,
    "pid": 7812,
    "index": 5
  },
  {
    "name": "Require(3) node_modules/_egg-jsonp@2.0.0@egg-jsonp/config/config.default.js",
    "start": 1568084260330,
    "end": 1568084260330,
    "duration": 0,
    "pid": 7812,
    "index": 6
  },
  {
    "name": "Require(4) node_modules/_egg-onerror@2.1.0@egg-onerror/config/config.default.js",
    "start": 1568084260331,
    "end": 1568084260331,
    "duration": 0,
    "pid": 7812,
    "index": 7
  },
  {
    "name": "Require(5) node_modules/_egg-i18n@2.1.1@egg-i18n/config/config.default.js",
    "start": 1568084260332,
    "end": 1568084260332,
    "duration": 0,
    "pid": 7812,
    "index": 8
  },
  {
    "name": "Require(6) node_modules/_egg-watcher@3.1.0@egg-watcher/config/config.default.js",
    "start": 1568084260333,
    "end": 1568084260334,
    "duration": 1,
    "pid": 7812,
    "index": 9
  },
  {
    "name": "Require(7) node_modules/_egg-schedule@3.6.4@egg-schedule/config/config.default.js",
    "start": 1568084260334,
    "end": 1568084260335,
    "duration": 1,
    "pid": 7812,
    "index": 10
  },
  {
    "name": "Require(8) node_modules/_egg-multipart@2.9.0@egg-multipart/config/config.default.js",
    "start": 1568084260335,
    "end": 1568084260336,
    "duration": 1,
    "pid": 7812,
    "index": 11
  },
  {
    "name": "Require(9) node_modules/_egg-development@2.4.3@egg-development/config/config.default.js",
    "start": 1568084260337,
    "end": 1568084260337,
    "duration": 0,
    "pid": 7812,
    "index": 12
  },
  {
    "name": "Require(10) node_modules/_egg-logrotator@3.1.0@egg-logrotator/config/config.default.js",
    "start": 1568084260338,
    "end": 1568084260338,
    "duration": 0,
    "pid": 7812,
    "index": 13
  },
  {
    "name": "Require(11) node_modules/_egg-static@2.2.0@egg-static/config/config.default.js",
    "start": 1568084260339,
    "end": 1568084260339,
    "duration": 0,
    "pid": 7812,
    "index": 14
  },
  {
    "name": "Require(12) node_modules/_egg-view@2.1.2@egg-view/config/config.default.js",
    "start": 1568084260340,
    "end": 1568084260340,
    "duration": 0,
    "pid": 7812,
    "index": 15
  },
  {
    "name": "Require(13) node_modules/_egg-sequelize@5.2.0@egg-sequelize/config/config.default.js",
    "start": 1568084260341,
    "end": 1568084260341,
    "duration": 0,
    "pid": 7812,
    "index": 16
  },
  {
    "name": "Require(14) node_modules/_egg@2.23.0@egg/config/config.default.js",
    "start": 1568084260342,
    "end": 1568084260342,
    "duration": 0,
    "pid": 7812,
    "index": 17
  },
  {
    "name": "Require(15) config/config.default.js",
    "start": 1568084260344,
    "end": 1568084260344,
    "duration": 0,
    "pid": 7812,
    "index": 18
  },
  {
    "name": "Require(16) node_modules/_egg-security@2.6.1@egg-security/config/config.local.js",
    "start": 1568084260345,
    "end": 1568084260345,
    "duration": 0,
    "pid": 7812,
    "index": 19
  },
  {
    "name": "Require(17) node_modules/_egg-watcher@3.1.0@egg-watcher/config/config.local.js",
    "start": 1568084260346,
    "end": 1568084260347,
    "duration": 1,
    "pid": 7812,
    "index": 20
  },
  {
    "name": "Require(18) node_modules/_egg-view@2.1.2@egg-view/config/config.local.js",
    "start": 1568084260348,
    "end": 1568084260349,
    "duration": 1,
    "pid": 7812,
    "index": 21
  },
  {
    "name": "Require(19) node_modules/_egg@2.23.0@egg/config/config.local.js",
    "start": 1568084260350,
    "end": 1568084260350,
    "duration": 0,
    "pid": 7812,
    "index": 22
  },
  {
    "name": "Load extend/application.js",
    "start": 1568084260352,
    "end": 1568084260372,
    "duration": 20,
    "pid": 7812,
    "index": 23
  },
  {
    "name": "Require(20) node_modules/_egg-session@3.1.0@egg-session/app/extend/application.js",
    "start": 1568084260353,
    "end": 1568084260353,
    "duration": 0,
    "pid": 7812,
    "index": 24
  },
  {
    "name": "Require(21) node_modules/_egg-security@2.6.1@egg-security/app/extend/application.js",
    "start": 1568084260354,
    "end": 1568084260355,
    "duration": 1,
    "pid": 7812,
    "index": 25
  },
  {
    "name": "Require(22) node_modules/_egg-jsonp@2.0.0@egg-jsonp/app/extend/application.js",
    "start": 1568084260356,
    "end": 1568084260359,
    "duration": 3,
    "pid": 7812,
    "index": 26
  },
  {
    "name": "Require(23) node_modules/_egg-logrotator@3.1.0@egg-logrotator/app/extend/application.js",
    "start": 1568084260361,
    "end": 1568084260365,
    "duration": 4,
    "pid": 7812,
    "index": 27
  },
  {
    "name": "Require(24) node_modules/_egg-view@2.1.2@egg-view/app/extend/application.js",
    "start": 1568084260366,
    "end": 1568084260368,
    "duration": 2,
    "pid": 7812,
    "index": 28
  },
  {
    "name": "Load extend/request.js",
    "start": 1568084260372,
    "end": 1568084260381,
    "duration": 9,
    "pid": 7812,
    "index": 29
  },
  {
    "name": "Require(25) node_modules/_egg@2.23.0@egg/app/extend/request.js",
    "start": 1568084260375,
    "end": 1568084260378,
    "duration": 3,
    "pid": 7812,
    "index": 30
  },
  {
    "name": "Load extend/response.js",
    "start": 1568084260381,
    "end": 1568084260390,
    "duration": 9,
    "pid": 7812,
    "index": 31
  },
  {
    "name": "Require(26) node_modules/_egg@2.23.0@egg/app/extend/response.js",
    "start": 1568084260384,
    "end": 1568084260387,
    "duration": 3,
    "pid": 7812,
    "index": 32
  },
  {
    "name": "Load extend/context.js",
    "start": 1568084260391,
    "end": 1568084260499,
    "duration": 108,
    "pid": 7812,
    "index": 33
  },
  {
    "name": "Require(27) node_modules/_egg-security@2.6.1@egg-security/app/extend/context.js",
    "start": 1568084260391,
    "end": 1568084260411,
    "duration": 20,
    "pid": 7812,
    "index": 34
  },
  {
    "name": "Require(28) node_modules/_egg-jsonp@2.0.0@egg-jsonp/app/extend/context.js",
    "start": 1568084260412,
    "end": 1568084260414,
    "duration": 2,
    "pid": 7812,
    "index": 35
  },
  {
    "name": "Require(29) node_modules/_egg-i18n@2.1.1@egg-i18n/app/extend/context.js",
    "start": 1568084260415,
    "end": 1568084260415,
    "duration": 0,
    "pid": 7812,
    "index": 36
  },
  {
    "name": "Require(30) node_modules/_egg-multipart@2.9.0@egg-multipart/app/extend/context.js",
    "start": 1568084260417,
    "end": 1568084260489,
    "duration": 72,
    "pid": 7812,
    "index": 37
  },
  {
    "name": "Require(31) node_modules/_egg-view@2.1.2@egg-view/app/extend/context.js",
    "start": 1568084260491,
    "end": 1568084260492,
    "duration": 1,
    "pid": 7812,
    "index": 38
  },
  {
    "name": "Require(32) node_modules/_egg@2.23.0@egg/app/extend/context.js",
    "start": 1568084260493,
    "end": 1568084260496,
    "duration": 3,
    "pid": 7812,
    "index": 39
  },
  {
    "name": "Load extend/helper.js",
    "start": 1568084260500,
    "end": 1568084260535,
    "duration": 35,
    "pid": 7812,
    "index": 40
  },
  {
    "name": "Require(33) node_modules/_egg-security@2.6.1@egg-security/app/extend/helper.js",
    "start": 1568084260500,
    "end": 1568084260528,
    "duration": 28,
    "pid": 7812,
    "index": 41
  },
  {
    "name": "Require(34) node_modules/_egg@2.23.0@egg/app/extend/helper.js",
    "start": 1568084260531,
    "end": 1568084260532,
    "duration": 1,
    "pid": 7812,
    "index": 42
  },
  {
    "name": "Load app.js",
    "start": 1568084260536,
    "end": 1568084260589,
    "duration": 53,
    "pid": 7812,
    "index": 43
  },
  {
    "name": "Require(35) node_modules/_egg-session@3.1.0@egg-session/app.js",
    "start": 1568084260536,
    "end": 1568084260537,
    "duration": 1,
    "pid": 7812,
    "index": 44
  },
  {
    "name": "Require(36) node_modules/_egg-security@2.6.1@egg-security/app.js",
    "start": 1568084260537,
    "end": 1568084260540,
    "duration": 3,
    "pid": 7812,
    "index": 45
  },
  {
    "name": "Require(37) node_modules/_egg-onerror@2.1.0@egg-onerror/app.js",
    "start": 1568084260541,
    "end": 1568084260557,
    "duration": 16,
    "pid": 7812,
    "index": 46
  },
  {
    "name": "Require(38) node_modules/_egg-i18n@2.1.1@egg-i18n/app.js",
    "start": 1568084260557,
    "end": 1568084260569,
    "duration": 12,
    "pid": 7812,
    "index": 47
  },
  {
    "name": "Require(39) node_modules/_egg-watcher@3.1.0@egg-watcher/app.js",
    "start": 1568084260570,
    "end": 1568084260576,
    "duration": 6,
    "pid": 7812,
    "index": 48
  },
  {
    "name": "Require(40) node_modules/_egg-schedule@3.6.4@egg-schedule/app.js",
    "start": 1568084260577,
    "end": 1568084260580,
    "duration": 3,
    "pid": 7812,
    "index": 49
  },
  {
    "name": "Require(41) node_modules/_egg-multipart@2.9.0@egg-multipart/app.js",
    "start": 1568084260580,
    "end": 1568084260584,
    "duration": 4,
    "pid": 7812,
    "index": 50
  },
  {
    "name": "Require(42) node_modules/_egg-development@2.4.3@egg-development/app.js",
    "start": 1568084260585,
    "end": 1568084260585,
    "duration": 0,
    "pid": 7812,
    "index": 51
  },
  {
    "name": "Require(43) node_modules/_egg-logrotator@3.1.0@egg-logrotator/app.js",
    "start": 1568084260585,
    "end": 1568084260586,
    "duration": 1,
    "pid": 7812,
    "index": 52
  },
  {
    "name": "Require(44) node_modules/_egg-static@2.2.0@egg-static/app.js",
    "start": 1568084260586,
    "end": 1568084260586,
    "duration": 0,
    "pid": 7812,
    "index": 53
  },
  {
    "name": "Require(45) node_modules/_egg-sequelize@5.2.0@egg-sequelize/app.js",
    "start": 1568084260587,
    "end": 1568084260588,
    "duration": 1,
    "pid": 7812,
    "index": 54
  },
  {
    "name": "Before Start in node_modules/_egg-watcher@3.1.0@egg-watcher/lib/init.js:15:14",
    "start": 1568084260605,
    "end": 1568084261337,
    "duration": 732,
    "pid": 7812,
    "index": 55
  },
  {
    "name": "Load \"Symbol(model)\" to Application",
    "start": 1568084261103,
    "end": 1568084261115,
    "duration": 12,
    "pid": 7812,
    "index": 56
  },
  {
    "name": "Before Start in node_modules/_egg-sequelize@5.2.0@egg-sequelize/lib/loader.js:39:7",
    "start": 1568084261115,
    "end": 1568084261371,
    "duration": 256,
    "pid": 7812,
    "index": 57
  },
  {
    "name": "Load Service",
    "start": 1568084261116,
    "end": 1568084261121,
    "duration": 5,
    "pid": 7812,
    "index": 58
  },
  {
    "name": "Load \"service\" to Context",
    "start": 1568084261116,
    "end": 1568084261121,
    "duration": 5,
    "pid": 7812,
    "index": 59
  },
  {
    "name": "Load Middleware",
    "start": 1568084261122,
    "end": 1568084261252,
    "duration": 130,
    "pid": 7812,
    "index": 60
  },
  {
    "name": "Load \"middlewares\" to Application",
    "start": 1568084261122,
    "end": 1568084261235,
    "duration": 113,
    "pid": 7812,
    "index": 61
  },
  {
    "name": "Load Controller",
    "start": 1568084261252,
    "end": 1568084261255,
    "duration": 3,
    "pid": 7812,
    "index": 62
  },
  {
    "name": "Load \"controller\" to Application",
    "start": 1568084261252,
    "end": 1568084261255,
    "duration": 3,
    "pid": 7812,
    "index": 63
  },
  {
    "name": "Load Router",
    "start": 1568084261255,
    "end": 1568084261258,
    "duration": 3,
    "pid": 7812,
    "index": 64
  },
  {
    "name": "Require(46) app/router.js",
    "start": 1568084261255,
    "end": 1568084261256,
    "duration": 1,
    "pid": 7812,
    "index": 65
  },
  {
    "name": "Before Start in node_modules/_egg-core@4.17.3@egg-core/lib/egg.js:303:10",
    "start": 1568084261256,
    "end": 1568084261277,
    "duration": 21,
    "pid": 7812,
    "index": 66
  }
]