[
  {
    "name": "Application Start",
    "start": 1568084283661,
    "end": 1568084284916,
    "duration": 1255,
    "pid": 8164,
    "index": 0
  },
  {
    "name": "Load Plugin",
    "start": 1568084283669,
    "end": 1568084283695,
    "duration": 26,
    "pid": 8164,
    "index": 1
  },
  {
    "name": "Load Config",
    "start": 1568084283696,
    "end": 1568084283724,
    "duration": 28,
    "pid": 8164,
    "index": 2
  },
  {
    "name": "Require(0) config/config.default.js",
    "start": 1568084283697,
    "end": 1568084283697,
    "duration": 0,
    "pid": 8164,
    "index": 3
  },
  {
    "name": "Require(1) node_modules/_egg-session@3.1.0@egg-session/config/config.default.js",
    "start": 1568084283699,
    "end": 1568084283699,
    "duration": 0,
    "pid": 8164,
    "index": 4
  },
  {
    "name": "Require(2) node_modules/_egg-security@2.6.1@egg-security/config/config.default.js",
    "start": 1568084283700,
    "end": 1568084283700,
    "duration": 0,
    "pid": 8164,
    "index": 5
  },
  {
    "name": "Require(3) node_modules/_egg-jsonp@2.0.0@egg-jsonp/config/config.default.js",
    "start": 1568084283702,
    "end": 1568084283702,
    "duration": 0,
    "pid": 8164,
    "index": 6
  },
  {
    "name": "Require(4) node_modules/_egg-onerror@2.1.0@egg-onerror/config/config.default.js",
    "start": 1568084283703,
    "end": 1568084283703,
    "duration": 0,
    "pid": 8164,
    "index": 7
  },
  {
    "name": "Require(5) node_modules/_egg-i18n@2.1.1@egg-i18n/config/config.default.js",
    "start": 1568084283704,
    "end": 1568084283704,
    "duration": 0,
    "pid": 8164,
    "index": 8
  },
  {
    "name": "Require(6) node_modules/_egg-watcher@3.1.0@egg-watcher/config/config.default.js",
    "start": 1568084283705,
    "end": 1568084283705,
    "duration": 0,
    "pid": 8164,
    "index": 9
  },
  {
    "name": "Require(7) node_modules/_egg-schedule@3.6.4@egg-schedule/config/config.default.js",
    "start": 1568084283706,
    "end": 1568084283707,
    "duration": 1,
    "pid": 8164,
    "index": 10
  },
  {
    "name": "Require(8) node_modules/_egg-multipart@2.9.0@egg-multipart/config/config.default.js",
    "start": 1568084283708,
    "end": 1568084283708,
    "duration": 0,
    "pid": 8164,
    "index": 11
  },
  {
    "name": "Require(9) node_modules/_egg-development@2.4.3@egg-development/config/config.default.js",
    "start": 1568084283709,
    "end": 1568084283710,
    "duration": 1,
    "pid": 8164,
    "index": 12
  },
  {
    "name": "Require(10) node_modules/_egg-logrotator@3.1.0@egg-logrotator/config/config.default.js",
    "start": 1568084283711,
    "end": 1568084283711,
    "duration": 0,
    "pid": 8164,
    "index": 13
  },
  {
    "name": "Require(11) node_modules/_egg-static@2.2.0@egg-static/config/config.default.js",
    "start": 1568084283712,
    "end": 1568084283712,
    "duration": 0,
    "pid": 8164,
    "index": 14
  },
  {
    "name": "Require(12) node_modules/_egg-view@2.1.2@egg-view/config/config.default.js",
    "start": 1568084283713,
    "end": 1568084283714,
    "duration": 1,
    "pid": 8164,
    "index": 15
  },
  {
    "name": "Require(13) node_modules/_egg-sequelize@5.2.0@egg-sequelize/config/config.default.js",
    "start": 1568084283714,
    "end": 1568084283715,
    "duration": 1,
    "pid": 8164,
    "index": 16
  },
  {
    "name": "Require(14) node_modules/_egg@2.23.0@egg/config/config.default.js",
    "start": 1568084283715,
    "end": 1568084283716,
    "duration": 1,
    "pid": 8164,
    "index": 17
  },
  {
    "name": "Require(15) config/config.default.js",
    "start": 1568084283718,
    "end": 1568084283718,
    "duration": 0,
    "pid": 8164,
    "index": 18
  },
  {
    "name": "Require(16) node_modules/_egg-security@2.6.1@egg-security/config/config.local.js",
    "start": 1568084283719,
    "end": 1568084283719,
    "duration": 0,
    "pid": 8164,
    "index": 19
  },
  {
    "name": "Require(17) node_modules/_egg-watcher@3.1.0@egg-watcher/config/config.local.js",
    "start": 1568084283720,
    "end": 1568084283720,
    "duration": 0,
    "pid": 8164,
    "index": 20
  },
  {
    "name": "Require(18) node_modules/_egg-view@2.1.2@egg-view/config/config.local.js",
    "start": 1568084283722,
    "end": 1568084283723,
    "duration": 1,
    "pid": 8164,
    "index": 21
  },
  {
    "name": "Require(19) node_modules/_egg@2.23.0@egg/config/config.local.js",
    "start": 1568084283724,
    "end": 1568084283724,
    "duration": 0,
    "pid": 8164,
    "index": 22
  },
  {
    "name": "Load extend/application.js",
    "start": 1568084283726,
    "end": 1568084283748,
    "duration": 22,
    "pid": 8164,
    "index": 23
  },
  {
    "name": "Require(20) node_modules/_egg-session@3.1.0@egg-session/app/extend/application.js",
    "start": 1568084283727,
    "end": 1568084283727,
    "duration": 0,
    "pid": 8164,
    "index": 24
  },
  {
    "name": "Require(21) node_modules/_egg-security@2.6.1@egg-security/app/extend/application.js",
    "start": 1568084283728,
    "end": 1568084283729,
    "duration": 1,
    "pid": 8164,
    "index": 25
  },
  {
    "name": "Require(22) node_modules/_egg-jsonp@2.0.0@egg-jsonp/app/extend/application.js",
    "start": 1568084283730,
    "end": 1568084283733,
    "duration": 3,
    "pid": 8164,
    "index": 26
  },
  {
    "name": "Require(23) node_modules/_egg-logrotator@3.1.0@egg-logrotator/app/extend/application.js",
    "start": 1568084283735,
    "end": 1568084283739,
    "duration": 4,
    "pid": 8164,
    "index": 27
  },
  {
    "name": "Require(24) node_modules/_egg-view@2.1.2@egg-view/app/extend/application.js",
    "start": 1568084283740,
    "end": 1568084283744,
    "duration": 4,
    "pid": 8164,
    "index": 28
  },
  {
    "name": "Load extend/request.js",
    "start": 1568084283748,
    "end": 1568084283757,
    "duration": 9,
    "pid": 8164,
    "index": 29
  },
  {
    "name": "Require(25) node_modules/_egg@2.23.0@egg/app/extend/request.js",
    "start": 1568084283751,
    "end": 1568084283753,
    "duration": 2,
    "pid": 8164,
    "index": 30
  },
  {
    "name": "Load extend/response.js",
    "start": 1568084283757,
    "end": 1568084283768,
    "duration": 11,
    "pid": 8164,
    "index": 31
  },
  {
    "name": "Require(26) node_modules/_egg@2.23.0@egg/app/extend/response.js",
    "start": 1568084283762,
    "end": 1568084283765,
    "duration": 3,
    "pid": 8164,
    "index": 32
  },
  {
    "name": "Load extend/context.js",
    "start": 1568084283768,
    "end": 1568084283892,
    "duration": 124,
    "pid": 8164,
    "index": 33
  },
  {
    "name": "Require(27) node_modules/_egg-security@2.6.1@egg-security/app/extend/context.js",
    "start": 1568084283769,
    "end": 1568084283794,
    "duration": 25,
    "pid": 8164,
    "index": 34
  },
  {
    "name": "Require(28) node_modules/_egg-jsonp@2.0.0@egg-jsonp/app/extend/context.js",
    "start": 1568084283794,
    "end": 1568084283797,
    "duration": 3,
    "pid": 8164,
    "index": 35
  },
  {
    "name": "Require(29) node_modules/_egg-i18n@2.1.1@egg-i18n/app/extend/context.js",
    "start": 1568084283798,
    "end": 1568084283798,
    "duration": 0,
    "pid": 8164,
    "index": 36
  },
  {
    "name": "Require(30) node_modules/_egg-multipart@2.9.0@egg-multipart/app/extend/context.js",
    "start": 1568084283799,
    "end": 1568084283879,
    "duration": 80,
    "pid": 8164,
    "index": 37
  },
  {
    "name": "Require(31) node_modules/_egg-view@2.1.2@egg-view/app/extend/context.js",
    "start": 1568084283880,
    "end": 1568084283883,
    "duration": 3,
    "pid": 8164,
    "index": 38
  },
  {
    "name": "Require(32) node_modules/_egg@2.23.0@egg/app/extend/context.js",
    "start": 1568084283884,
    "end": 1568084283887,
    "duration": 3,
    "pid": 8164,
    "index": 39
  },
  {
    "name": "Load extend/helper.js",
    "start": 1568084283892,
    "end": 1568084283936,
    "duration": 44,
    "pid": 8164,
    "index": 40
  },
  {
    "name": "Require(33) node_modules/_egg-security@2.6.1@egg-security/app/extend/helper.js",
    "start": 1568084283894,
    "end": 1568084283928,
    "duration": 34,
    "pid": 8164,
    "index": 41
  },
  {
    "name": "Require(34) node_modules/_egg@2.23.0@egg/app/extend/helper.js",
    "start": 1568084283931,
    "end": 1568084283931,
    "duration": 0,
    "pid": 8164,
    "index": 42
  },
  {
    "name": "Load app.js",
    "start": 1568084283936,
    "end": 1568084284016,
    "duration": 80,
    "pid": 8164,
    "index": 43
  },
  {
    "name": "Require(35) node_modules/_egg-session@3.1.0@egg-session/app.js",
    "start": 1568084283938,
    "end": 1568084283938,
    "duration": 0,
    "pid": 8164,
    "index": 44
  },
  {
    "name": "Require(36) node_modules/_egg-security@2.6.1@egg-security/app.js",
    "start": 1568084283939,
    "end": 1568084283943,
    "duration": 4,
    "pid": 8164,
    "index": 45
  },
  {
    "name": "Require(37) node_modules/_egg-onerror@2.1.0@egg-onerror/app.js",
    "start": 1568084283945,
    "end": 1568084283967,
    "duration": 22,
    "pid": 8164,
    "index": 46
  },
  {
    "name": "Require(38) node_modules/_egg-i18n@2.1.1@egg-i18n/app.js",
    "start": 1568084283967,
    "end": 1568084283984,
    "duration": 17,
    "pid": 8164,
    "index": 47
  },
  {
    "name": "Require(39) node_modules/_egg-watcher@3.1.0@egg-watcher/app.js",
    "start": 1568084283985,
    "end": 1568084283993,
    "duration": 8,
    "pid": 8164,
    "index": 48
  },
  {
    "name": "Require(40) node_modules/_egg-schedule@3.6.4@egg-schedule/app.js",
    "start": 1568084283994,
    "end": 1568084284001,
    "duration": 7,
    "pid": 8164,
    "index": 49
  },
  {
    "name": "Require(41) node_modules/_egg-multipart@2.9.0@egg-multipart/app.js",
    "start": 1568084284002,
    "end": 1568084284009,
    "duration": 7,
    "pid": 8164,
    "index": 50
  },
  {
    "name": "Require(42) node_modules/_egg-development@2.4.3@egg-development/app.js",
    "start": 1568084284011,
    "end": 1568084284011,
    "duration": 0,
    "pid": 8164,
    "index": 51
  },
  {
    "name": "Require(43) node_modules/_egg-logrotator@3.1.0@egg-logrotator/app.js",
    "start": 1568084284012,
    "end": 1568084284012,
    "duration": 0,
    "pid": 8164,
    "index": 52
  },
  {
    "name": "Require(44) node_modules/_egg-static@2.2.0@egg-static/app.js",
    "start": 1568084284013,
    "end": 1568084284013,
    "duration": 0,
    "pid": 8164,
    "index": 53
  },
  {
    "name": "Require(45) node_modules/_egg-sequelize@5.2.0@egg-sequelize/app.js",
    "start": 1568084284014,
    "end": 1568084284014,
    "duration": 0,
    "pid": 8164,
    "index": 54
  },
  {
    "name": "Before Start in node_modules/_egg-watcher@3.1.0@egg-watcher/lib/init.js:15:14",
    "start": 1568084284036,
    "end": 1568084284864,
    "duration": 828,
    "pid": 8164,
    "index": 55
  },
  {
    "name": "Load \"Symbol(model)\" to Application",
    "start": 1568084284629,
    "end": 1568084284640,
    "duration": 11,
    "pid": 8164,
    "index": 56
  },
  {
    "name": "Before Start in node_modules/_egg-sequelize@5.2.0@egg-sequelize/lib/loader.js:39:7",
    "start": 1568084284640,
    "end": 1568084284915,
    "duration": 275,
    "pid": 8164,
    "index": 57
  },
  {
    "name": "Load Service",
    "start": 1568084284641,
    "end": 1568084284646,
    "duration": 5,
    "pid": 8164,
    "index": 58
  },
  {
    "name": "Load \"service\" to Context",
    "start": 1568084284641,
    "end": 1568084284646,
    "duration": 5,
    "pid": 8164,
    "index": 59
  },
  {
    "name": "Load Middleware",
    "start": 1568084284646,
    "end": 1568084284790,
    "duration": 144,
    "pid": 8164,
    "index": 60
  },
  {
    "name": "Load \"middlewares\" to Application",
    "start": 1568084284646,
    "end": 1568084284774,
    "duration": 128,
    "pid": 8164,
    "index": 61
  },
  {
    "name": "Load Controller",
    "start": 1568084284790,
    "end": 1568084284793,
    "duration": 3,
    "pid": 8164,
    "index": 62
  },
  {
    "name": "Load \"controller\" to Application",
    "start": 1568084284790,
    "end": 1568084284793,
    "duration": 3,
    "pid": 8164,
    "index": 63
  },
  {
    "name": "Load Router",
    "start": 1568084284793,
    "end": 1568084284796,
    "duration": 3,
    "pid": 8164,
    "index": 64
  },
  {
    "name": "Require(46) app/router.js",
    "start": 1568084284794,
    "end": 1568084284794,
    "duration": 0,
    "pid": 8164,
    "index": 65
  },
  {
    "name": "Before Start in node_modules/_egg-core@4.17.3@egg-core/lib/egg.js:303:10",
    "start": 1568084284794,
    "end": 1568084284818,
    "duration": 24,
    "pid": 8164,
    "index": 66
  }
]