[
  {
    "name": "Application Start",
    "start": 1568084324017,
    "end": 1568084325242,
    "duration": 1225,
    "pid": 8840,
    "index": 0
  },
  {
    "name": "Load Plugin",
    "start": 1568084324024,
    "end": 1568084324054,
    "duration": 30,
    "pid": 8840,
    "index": 1
  },
  {
    "name": "Load Config",
    "start": 1568084324054,
    "end": 1568084324087,
    "duration": 33,
    "pid": 8840,
    "index": 2
  },
  {
    "name": "Require(0) config/config.default.js",
    "start": 1568084324056,
    "end": 1568084324056,
    "duration": 0,
    "pid": 8840,
    "index": 3
  },
  {
    "name": "Require(1) node_modules/_egg-session@3.1.0@egg-session/config/config.default.js",
    "start": 1568084324058,
    "end": 1568084324059,
    "duration": 1,
    "pid": 8840,
    "index": 4
  },
  {
    "name": "Require(2) node_modules/_egg-security@2.6.1@egg-security/config/config.default.js",
    "start": 1568084324060,
    "end": 1568084324060,
    "duration": 0,
    "pid": 8840,
    "index": 5
  },
  {
    "name": "Require(3) node_modules/_egg-jsonp@2.0.0@egg-jsonp/config/config.default.js",
    "start": 1568084324062,
    "end": 1568084324063,
    "duration": 1,
    "pid": 8840,
    "index": 6
  },
  {
    "name": "Require(4) node_modules/_egg-onerror@2.1.0@egg-onerror/config/config.default.js",
    "start": 1568084324063,
    "end": 1568084324064,
    "duration": 1,
    "pid": 8840,
    "index": 7
  },
  {
    "name": "Require(5) node_modules/_egg-i18n@2.1.1@egg-i18n/config/config.default.js",
    "start": 1568084324065,
    "end": 1568084324065,
    "duration": 0,
    "pid": 8840,
    "index": 8
  },
  {
    "name": "Require(6) node_modules/_egg-watcher@3.1.0@egg-watcher/config/config.default.js",
    "start": 1568084324066,
    "end": 1568084324067,
    "duration": 1,
    "pid": 8840,
    "index": 9
  },
  {
    "name": "Require(7) node_modules/_egg-schedule@3.6.4@egg-schedule/config/config.default.js",
    "start": 1568084324068,
    "end": 1568084324068,
    "duration": 0,
    "pid": 8840,
    "index": 10
  },
  {
    "name": "Require(8) node_modules/_egg-multipart@2.9.0@egg-multipart/config/config.default.js",
    "start": 1568084324070,
    "end": 1568084324070,
    "duration": 0,
    "pid": 8840,
    "index": 11
  },
  {
    "name": "Require(9) node_modules/_egg-development@2.4.3@egg-development/config/config.default.js",
    "start": 1568084324071,
    "end": 1568084324072,
    "duration": 1,
    "pid": 8840,
    "index": 12
  },
  {
    "name": "Require(10) node_modules/_egg-logrotator@3.1.0@egg-logrotator/config/config.default.js",
    "start": 1568084324072,
    "end": 1568084324073,
    "duration": 1,
    "pid": 8840,
    "index": 13
  },
  {
    "name": "Require(11) node_modules/_egg-static@2.2.0@egg-static/config/config.default.js",
    "start": 1568084324073,
    "end": 1568084324074,
    "duration": 1,
    "pid": 8840,
    "index": 14
  },
  {
    "name": "Require(12) node_modules/_egg-view@2.1.2@egg-view/config/config.default.js",
    "start": 1568084324075,
    "end": 1568084324075,
    "duration": 0,
    "pid": 8840,
    "index": 15
  },
  {
    "name": "Require(13) node_modules/_egg-sequelize@5.2.0@egg-sequelize/config/config.default.js",
    "start": 1568084324076,
    "end": 1568084324076,
    "duration": 0,
    "pid": 8840,
    "index": 16
  },
  {
    "name": "Require(14) node_modules/_egg@2.23.0@egg/config/config.default.js",
    "start": 1568084324077,
    "end": 1568084324077,
    "duration": 0,
    "pid": 8840,
    "index": 17
  },
  {
    "name": "Require(15) config/config.default.js",
    "start": 1568084324079,
    "end": 1568084324079,
    "duration": 0,
    "pid": 8840,
    "index": 18
  },
  {
    "name": "Require(16) node_modules/_egg-security@2.6.1@egg-security/config/config.local.js",
    "start": 1568084324080,
    "end": 1568084324080,
    "duration": 0,
    "pid": 8840,
    "index": 19
  },
  {
    "name": "Require(17) node_modules/_egg-watcher@3.1.0@egg-watcher/config/config.local.js",
    "start": 1568084324082,
    "end": 1568084324083,
    "duration": 1,
    "pid": 8840,
    "index": 20
  },
  {
    "name": "Require(18) node_modules/_egg-view@2.1.2@egg-view/config/config.local.js",
    "start": 1568084324085,
    "end": 1568084324086,
    "duration": 1,
    "pid": 8840,
    "index": 21
  },
  {
    "name": "Require(19) node_modules/_egg@2.23.0@egg/config/config.local.js",
    "start": 1568084324087,
    "end": 1568084324087,
    "duration": 0,
    "pid": 8840,
    "index": 22
  },
  {
    "name": "Load extend/application.js",
    "start": 1568084324089,
    "end": 1568084324114,
    "duration": 25,
    "pid": 8840,
    "index": 23
  },
  {
    "name": "Require(20) node_modules/_egg-session@3.1.0@egg-session/app/extend/application.js",
    "start": 1568084324090,
    "end": 1568084324090,
    "duration": 0,
    "pid": 8840,
    "index": 24
  },
  {
    "name": "Require(21) node_modules/_egg-security@2.6.1@egg-security/app/extend/application.js",
    "start": 1568084324091,
    "end": 1568084324093,
    "duration": 2,
    "pid": 8840,
    "index": 25
  },
  {
    "name": "Require(22) node_modules/_egg-jsonp@2.0.0@egg-jsonp/app/extend/application.js",
    "start": 1568084324094,
    "end": 1568084324097,
    "duration": 3,
    "pid": 8840,
    "index": 26
  },
  {
    "name": "Require(23) node_modules/_egg-logrotator@3.1.0@egg-logrotator/app/extend/application.js",
    "start": 1568084324099,
    "end": 1568084324105,
    "duration": 6,
    "pid": 8840,
    "index": 27
  },
  {
    "name": "Require(24) node_modules/_egg-view@2.1.2@egg-view/app/extend/application.js",
    "start": 1568084324105,
    "end": 1568084324109,
    "duration": 4,
    "pid": 8840,
    "index": 28
  },
  {
    "name": "Load extend/request.js",
    "start": 1568084324114,
    "end": 1568084324126,
    "duration": 12,
    "pid": 8840,
    "index": 29
  },
  {
    "name": "Require(25) node_modules/_egg@2.23.0@egg/app/extend/request.js",
    "start": 1568084324118,
    "end": 1568084324121,
    "duration": 3,
    "pid": 8840,
    "index": 30
  },
  {
    "name": "Load extend/response.js",
    "start": 1568084324126,
    "end": 1568084324140,
    "duration": 14,
    "pid": 8840,
    "index": 31
  },
  {
    "name": "Require(26) node_modules/_egg@2.23.0@egg/app/extend/response.js",
    "start": 1568084324130,
    "end": 1568084324135,
    "duration": 5,
    "pid": 8840,
    "index": 32
  },
  {
    "name": "Load extend/context.js",
    "start": 1568084324141,
    "end": 1568084324262,
    "duration": 121,
    "pid": 8840,
    "index": 33
  },
  {
    "name": "Require(27) node_modules/_egg-security@2.6.1@egg-security/app/extend/context.js",
    "start": 1568084324142,
    "end": 1568084324164,
    "duration": 22,
    "pid": 8840,
    "index": 34
  },
  {
    "name": "Require(28) node_modules/_egg-jsonp@2.0.0@egg-jsonp/app/extend/context.js",
    "start": 1568084324165,
    "end": 1568084324167,
    "duration": 2,
    "pid": 8840,
    "index": 35
  },
  {
    "name": "Require(29) node_modules/_egg-i18n@2.1.1@egg-i18n/app/extend/context.js",
    "start": 1568084324168,
    "end": 1568084324169,
    "duration": 1,
    "pid": 8840,
    "index": 36
  },
  {
    "name": "Require(30) node_modules/_egg-multipart@2.9.0@egg-multipart/app/extend/context.js",
    "start": 1568084324171,
    "end": 1568084324249,
    "duration": 78,
    "pid": 8840,
    "index": 37
  },
  {
    "name": "Require(31) node_modules/_egg-view@2.1.2@egg-view/app/extend/context.js",
    "start": 1568084324250,
    "end": 1568084324252,
    "duration": 2,
    "pid": 8840,
    "index": 38
  },
  {
    "name": "Require(32) node_modules/_egg@2.23.0@egg/app/extend/context.js",
    "start": 1568084324253,
    "end": 1568084324258,
    "duration": 5,
    "pid": 8840,
    "index": 39
  },
  {
    "name": "Load extend/helper.js",
    "start": 1568084324262,
    "end": 1568084324304,
    "duration": 42,
    "pid": 8840,
    "index": 40
  },
  {
    "name": "Require(33) node_modules/_egg-security@2.6.1@egg-security/app/extend/helper.js",
    "start": 1568084324263,
    "end": 1568084324296,
    "duration": 33,
    "pid": 8840,
    "index": 41
  },
  {
    "name": "Require(34) node_modules/_egg@2.23.0@egg/app/extend/helper.js",
    "start": 1568084324299,
    "end": 1568084324299,
    "duration": 0,
    "pid": 8840,
    "index": 42
  },
  {
    "name": "Load app.js",
    "start": 1568084324304,
    "end": 1568084324368,
    "duration": 64,
    "pid": 8840,
    "index": 43
  },
  {
    "name": "Require(35) node_modules/_egg-session@3.1.0@egg-session/app.js",
    "start": 1568084324305,
    "end": 1568084324305,
    "duration": 0,
    "pid": 8840,
    "index": 44
  },
  {
    "name": "Require(36) node_modules/_egg-security@2.6.1@egg-security/app.js",
    "start": 1568084324306,
    "end": 1568084324309,
    "duration": 3,
    "pid": 8840,
    "index": 45
  },
  {
    "name": "Require(37) node_modules/_egg-onerror@2.1.0@egg-onerror/app.js",
    "start": 1568084324311,
    "end": 1568084324330,
    "duration": 19,
    "pid": 8840,
    "index": 46
  },
  {
    "name": "Require(38) node_modules/_egg-i18n@2.1.1@egg-i18n/app.js",
    "start": 1568084324330,
    "end": 1568084324345,
    "duration": 15,
    "pid": 8840,
    "index": 47
  },
  {
    "name": "Require(39) node_modules/_egg-watcher@3.1.0@egg-watcher/app.js",
    "start": 1568084324346,
    "end": 1568084324353,
    "duration": 7,
    "pid": 8840,
    "index": 48
  },
  {
    "name": "Require(40) node_modules/_egg-schedule@3.6.4@egg-schedule/app.js",
    "start": 1568084324354,
    "end": 1568084324357,
    "duration": 3,
    "pid": 8840,
    "index": 49
  },
  {
    "name": "Require(41) node_modules/_egg-multipart@2.9.0@egg-multipart/app.js",
    "start": 1568084324358,
    "end": 1568084324363,
    "duration": 5,
    "pid": 8840,
    "index": 50
  },
  {
    "name": "Require(42) node_modules/_egg-development@2.4.3@egg-development/app.js",
    "start": 1568084324363,
    "end": 1568084324364,
    "duration": 1,
    "pid": 8840,
    "index": 51
  },
  {
    "name": "Require(43) node_modules/_egg-logrotator@3.1.0@egg-logrotator/app.js",
    "start": 1568084324364,
    "end": 1568084324365,
    "duration": 1,
    "pid": 8840,
    "index": 52
  },
  {
    "name": "Require(44) node_modules/_egg-static@2.2.0@egg-static/app.js",
    "start": 1568084324365,
    "end": 1568084324365,
    "duration": 0,
    "pid": 8840,
    "index": 53
  },
  {
    "name": "Require(45) node_modules/_egg-sequelize@5.2.0@egg-sequelize/app.js",
    "start": 1568084324366,
    "end": 1568084324367,
    "duration": 1,
    "pid": 8840,
    "index": 54
  },
  {
    "name": "Before Start in node_modules/_egg-watcher@3.1.0@egg-watcher/lib/init.js:15:14",
    "start": 1568084324389,
    "end": 1568084325204,
    "duration": 815,
    "pid": 8840,
    "index": 55
  },
  {
    "name": "Load \"Symbol(model)\" to Application",
    "start": 1568084324980,
    "end": 1568084324991,
    "duration": 11,
    "pid": 8840,
    "index": 56
  },
  {
    "name": "Before Start in node_modules/_egg-sequelize@5.2.0@egg-sequelize/lib/loader.js:39:7",
    "start": 1568084324991,
    "end": 1568084325241,
    "duration": 250,
    "pid": 8840,
    "index": 57
  },
  {
    "name": "Load Service",
    "start": 1568084324991,
    "end": 1568084324996,
    "duration": 5,
    "pid": 8840,
    "index": 58
  },
  {
    "name": "Load \"service\" to Context",
    "start": 1568084324991,
    "end": 1568084324996,
    "duration": 5,
    "pid": 8840,
    "index": 59
  },
  {
    "name": "Load Middleware",
    "start": 1568084324996,
    "end": 1568084325121,
    "duration": 125,
    "pid": 8840,
    "index": 60
  },
  {
    "name": "Load \"middlewares\" to Application",
    "start": 1568084324997,
    "end": 1568084325106,
    "duration": 109,
    "pid": 8840,
    "index": 61
  },
  {
    "name": "Load Controller",
    "start": 1568084325121,
    "end": 1568084325124,
    "duration": 3,
    "pid": 8840,
    "index": 62
  },
  {
    "name": "Load \"controller\" to Application",
    "start": 1568084325121,
    "end": 1568084325124,
    "duration": 3,
    "pid": 8840,
    "index": 63
  },
  {
    "name": "Load Router",
    "start": 1568084325124,
    "end": 1568084325127,
    "duration": 3,
    "pid": 8840,
    "index": 64
  },
  {
    "name": "Require(46) app/router.js",
    "start": 1568084325124,
    "end": 1568084325125,
    "duration": 1,
    "pid": 8840,
    "index": 65
  },
  {
    "name": "Before Start in node_modules/_egg-core@4.17.3@egg-core/lib/egg.js:303:10",
    "start": 1568084325125,
    "end": 1568084325147,
    "duration": 22,
    "pid": 8840,
    "index": 66
  }
]