[
  {
    "name": "Application Start",
    "start": 1568084241555,
    "end": 1568084242869,
    "duration": 1314,
    "pid": 8220,
    "index": 0
  },
  {
    "name": "Load Plugin",
    "start": 1568084241562,
    "end": 1568084241592,
    "duration": 30,
    "pid": 8220,
    "index": 1
  },
  {
    "name": "Load Config",
    "start": 1568084241592,
    "end": 1568084241625,
    "duration": 33,
    "pid": 8220,
    "index": 2
  },
  {
    "name": "Require(0) config/config.default.js",
    "start": 1568084241594,
    "end": 1568084241594,
    "duration": 0,
    "pid": 8220,
    "index": 3
  },
  {
    "name": "Require(1) node_modules/_egg-session@3.1.0@egg-session/config/config.default.js",
    "start": 1568084241597,
    "end": 1568084241597,
    "duration": 0,
    "pid": 8220,
    "index": 4
  },
  {
    "name": "Require(2) node_modules/_egg-security@2.6.1@egg-security/config/config.default.js",
    "start": 1568084241598,
    "end": 1568084241598,
    "duration": 0,
    "pid": 8220,
    "index": 5
  },
  {
    "name": "Require(3) node_modules/_egg-jsonp@2.0.0@egg-jsonp/config/config.default.js",
    "start": 1568084241600,
    "end": 1568084241600,
    "duration": 0,
    "pid": 8220,
    "index": 6
  },
  {
    "name": "Require(4) node_modules/_egg-onerror@2.1.0@egg-onerror/config/config.default.js",
    "start": 1568084241601,
    "end": 1568084241601,
    "duration": 0,
    "pid": 8220,
    "index": 7
  },
  {
    "name": "Require(5) node_modules/_egg-i18n@2.1.1@egg-i18n/config/config.default.js",
    "start": 1568084241602,
    "end": 1568084241602,
    "duration": 0,
    "pid": 8220,
    "index": 8
  },
  {
    "name": "Require(6) node_modules/_egg-watcher@3.1.0@egg-watcher/config/config.default.js",
    "start": 1568084241603,
    "end": 1568084241604,
    "duration": 1,
    "pid": 8220,
    "index": 9
  },
  {
    "name": "Require(7) node_modules/_egg-schedule@3.6.4@egg-schedule/config/config.default.js",
    "start": 1568084241605,
    "end": 1568084241606,
    "duration": 1,
    "pid": 8220,
    "index": 10
  },
  {
    "name": "Require(8) node_modules/_egg-multipart@2.9.0@egg-multipart/config/config.default.js",
    "start": 1568084241607,
    "end": 1568084241607,
    "duration": 0,
    "pid": 8220,
    "index": 11
  },
  {
    "name": "Require(9) node_modules/_egg-development@2.4.3@egg-development/config/config.default.js",
    "start": 1568084241609,
    "end": 1568084241609,
    "duration": 0,
    "pid": 8220,
    "index": 12
  },
  {
    "name": "Require(10) node_modules/_egg-logrotator@3.1.0@egg-logrotator/config/config.default.js",
    "start": 1568084241610,
    "end": 1568084241610,
    "duration": 0,
    "pid": 8220,
    "index": 13
  },
  {
    "name": "Require(11) node_modules/_egg-static@2.2.0@egg-static/config/config.default.js",
    "start": 1568084241611,
    "end": 1568084241612,
    "duration": 1,
    "pid": 8220,
    "index": 14
  },
  {
    "name": "Require(12) node_modules/_egg-view@2.1.2@egg-view/config/config.default.js",
    "start": 1568084241613,
    "end": 1568084241613,
    "duration": 0,
    "pid": 8220,
    "index": 15
  },
  {
    "name": "Require(13) node_modules/_egg-sequelize@5.2.0@egg-sequelize/config/config.default.js",
    "start": 1568084241614,
    "end": 1568084241614,
    "duration": 0,
    "pid": 8220,
    "index": 16
  },
  {
    "name": "Require(14) node_modules/_egg@2.23.0@egg/config/config.default.js",
    "start": 1568084241615,
    "end": 1568084241615,
    "duration": 0,
    "pid": 8220,
    "index": 17
  },
  {
    "name": "Require(15) config/config.default.js",
    "start": 1568084241617,
    "end": 1568084241617,
    "duration": 0,
    "pid": 8220,
    "index": 18
  },
  {
    "name": "Require(16) node_modules/_egg-security@2.6.1@egg-security/config/config.local.js",
    "start": 1568084241618,
    "end": 1568084241618,
    "duration": 0,
    "pid": 8220,
    "index": 19
  },
  {
    "name": "Require(17) node_modules/_egg-watcher@3.1.0@egg-watcher/config/config.local.js",
    "start": 1568084241621,
    "end": 1568084241621,
    "duration": 0,
    "pid": 8220,
    "index": 20
  },
  {
    "name": "Require(18) node_modules/_egg-view@2.1.2@egg-view/config/config.local.js",
    "start": 1568084241623,
    "end": 1568084241624,
    "duration": 1,
    "pid": 8220,
    "index": 21
  },
  {
    "name": "Require(19) node_modules/_egg@2.23.0@egg/config/config.local.js",
    "start": 1568084241625,
    "end": 1568084241625,
    "duration": 0,
    "pid": 8220,
    "index": 22
  },
  {
    "name": "Load extend/application.js",
    "start": 1568084241627,
    "end": 1568084241654,
    "duration": 27,
    "pid": 8220,
    "index": 23
  },
  {
    "name": "Require(20) node_modules/_egg-session@3.1.0@egg-session/app/extend/application.js",
    "start": 1568084241628,
    "end": 1568084241629,
    "duration": 1,
    "pid": 8220,
    "index": 24
  },
  {
    "name": "Require(21) node_modules/_egg-security@2.6.1@egg-security/app/extend/application.js",
    "start": 1568084241630,
    "end": 1568084241632,
    "duration": 2,
    "pid": 8220,
    "index": 25
  },
  {
    "name": "Require(22) node_modules/_egg-jsonp@2.0.0@egg-jsonp/app/extend/application.js",
    "start": 1568084241633,
    "end": 1568084241638,
    "duration": 5,
    "pid": 8220,
    "index": 26
  },
  {
    "name": "Require(23) node_modules/_egg-logrotator@3.1.0@egg-logrotator/app/extend/application.js",
    "start": 1568084241641,
    "end": 1568084241644,
    "duration": 3,
    "pid": 8220,
    "index": 27
  },
  {
    "name": "Require(24) node_modules/_egg-view@2.1.2@egg-view/app/extend/application.js",
    "start": 1568084241646,
    "end": 1568084241648,
    "duration": 2,
    "pid": 8220,
    "index": 28
  },
  {
    "name": "Load extend/request.js",
    "start": 1568084241654,
    "end": 1568084241665,
    "duration": 11,
    "pid": 8220,
    "index": 29
  },
  {
    "name": "Require(25) node_modules/_egg@2.23.0@egg/app/extend/request.js",
    "start": 1568084241659,
    "end": 1568084241662,
    "duration": 3,
    "pid": 8220,
    "index": 30
  },
  {
    "name": "Load extend/response.js",
    "start": 1568084241665,
    "end": 1568084241678,
    "duration": 13,
    "pid": 8220,
    "index": 31
  },
  {
    "name": "Require(26) node_modules/_egg@2.23.0@egg/app/extend/response.js",
    "start": 1568084241669,
    "end": 1568084241674,
    "duration": 5,
    "pid": 8220,
    "index": 32
  },
  {
    "name": "Load extend/context.js",
    "start": 1568084241678,
    "end": 1568084241800,
    "duration": 122,
    "pid": 8220,
    "index": 33
  },
  {
    "name": "Require(27) node_modules/_egg-security@2.6.1@egg-security/app/extend/context.js",
    "start": 1568084241678,
    "end": 1568084241704,
    "duration": 26,
    "pid": 8220,
    "index": 34
  },
  {
    "name": "Require(28) node_modules/_egg-jsonp@2.0.0@egg-jsonp/app/extend/context.js",
    "start": 1568084241705,
    "end": 1568084241707,
    "duration": 2,
    "pid": 8220,
    "index": 35
  },
  {
    "name": "Require(29) node_modules/_egg-i18n@2.1.1@egg-i18n/app/extend/context.js",
    "start": 1568084241708,
    "end": 1568084241709,
    "duration": 1,
    "pid": 8220,
    "index": 36
  },
  {
    "name": "Require(30) node_modules/_egg-multipart@2.9.0@egg-multipart/app/extend/context.js",
    "start": 1568084241710,
    "end": 1568084241790,
    "duration": 80,
    "pid": 8220,
    "index": 37
  },
  {
    "name": "Require(31) node_modules/_egg-view@2.1.2@egg-view/app/extend/context.js",
    "start": 1568084241791,
    "end": 1568084241793,
    "duration": 2,
    "pid": 8220,
    "index": 38
  },
  {
    "name": "Require(32) node_modules/_egg@2.23.0@egg/app/extend/context.js",
    "start": 1568084241793,
    "end": 1568084241797,
    "duration": 4,
    "pid": 8220,
    "index": 39
  },
  {
    "name": "Load extend/helper.js",
    "start": 1568084241801,
    "end": 1568084241844,
    "duration": 43,
    "pid": 8220,
    "index": 40
  },
  {
    "name": "Require(33) node_modules/_egg-security@2.6.1@egg-security/app/extend/helper.js",
    "start": 1568084241801,
    "end": 1568084241835,
    "duration": 34,
    "pid": 8220,
    "index": 41
  },
  {
    "name": "Require(34) node_modules/_egg@2.23.0@egg/app/extend/helper.js",
    "start": 1568084241839,
    "end": 1568084241840,
    "duration": 1,
    "pid": 8220,
    "index": 42
  },
  {
    "name": "Load app.js",
    "start": 1568084241844,
    "end": 1568084241913,
    "duration": 69,
    "pid": 8220,
    "index": 43
  },
  {
    "name": "Require(35) node_modules/_egg-session@3.1.0@egg-session/app.js",
    "start": 1568084241845,
    "end": 1568084241845,
    "duration": 0,
    "pid": 8220,
    "index": 44
  },
  {
    "name": "Require(36) node_modules/_egg-security@2.6.1@egg-security/app.js",
    "start": 1568084241846,
    "end": 1568084241849,
    "duration": 3,
    "pid": 8220,
    "index": 45
  },
  {
    "name": "Require(37) node_modules/_egg-onerror@2.1.0@egg-onerror/app.js",
    "start": 1568084241850,
    "end": 1568084241868,
    "duration": 18,
    "pid": 8220,
    "index": 46
  },
  {
    "name": "Require(38) node_modules/_egg-i18n@2.1.1@egg-i18n/app.js",
    "start": 1568084241868,
    "end": 1568084241882,
    "duration": 14,
    "pid": 8220,
    "index": 47
  },
  {
    "name": "Require(39) node_modules/_egg-watcher@3.1.0@egg-watcher/app.js",
    "start": 1568084241883,
    "end": 1568084241893,
    "duration": 10,
    "pid": 8220,
    "index": 48
  },
  {
    "name": "Require(40) node_modules/_egg-schedule@3.6.4@egg-schedule/app.js",
    "start": 1568084241894,
    "end": 1568084241897,
    "duration": 3,
    "pid": 8220,
    "index": 49
  },
  {
    "name": "Require(41) node_modules/_egg-multipart@2.9.0@egg-multipart/app.js",
    "start": 1568084241898,
    "end": 1568084241905,
    "duration": 7,
    "pid": 8220,
    "index": 50
  },
  {
    "name": "Require(42) node_modules/_egg-development@2.4.3@egg-development/app.js",
    "start": 1568084241906,
    "end": 1568084241906,
    "duration": 0,
    "pid": 8220,
    "index": 51
  },
  {
    "name": "Require(43) node_modules/_egg-logrotator@3.1.0@egg-logrotator/app.js",
    "start": 1568084241907,
    "end": 1568084241908,
    "duration": 1,
    "pid": 8220,
    "index": 52
  },
  {
    "name": "Require(44) node_modules/_egg-static@2.2.0@egg-static/app.js",
    "start": 1568084241908,
    "end": 1568084241909,
    "duration": 1,
    "pid": 8220,
    "index": 53
  },
  {
    "name": "Require(45) node_modules/_egg-sequelize@5.2.0@egg-sequelize/app.js",
    "start": 1568084241910,
    "end": 1568084241911,
    "duration": 1,
    "pid": 8220,
    "index": 54
  },
  {
    "name": "Before Start in node_modules/_egg-watcher@3.1.0@egg-watcher/lib/init.js:15:14",
    "start": 1568084241938,
    "end": 1568084242828,
    "duration": 890,
    "pid": 8220,
    "index": 55
  },
  {
    "name": "Load \"Symbol(model)\" to Application",
    "start": 1568084242553,
    "end": 1568084242566,
    "duration": 13,
    "pid": 8220,
    "index": 56
  },
  {
    "name": "Before Start in node_modules/_egg-sequelize@5.2.0@egg-sequelize/lib/loader.js:39:7",
    "start": 1568084242566,
    "end": 1568084242868,
    "duration": 302,
    "pid": 8220,
    "index": 57
  },
  {
    "name": "Load Service",
    "start": 1568084242567,
    "end": 1568084242573,
    "duration": 6,
    "pid": 8220,
    "index": 58
  },
  {
    "name": "Load \"service\" to Context",
    "start": 1568084242567,
    "end": 1568084242573,
    "duration": 6,
    "pid": 8220,
    "index": 59
  },
  {
    "name": "Load Middleware",
    "start": 1568084242573,
    "end": 1568084242732,
    "duration": 159,
    "pid": 8220,
    "index": 60
  },
  {
    "name": "Load \"middlewares\" to Application",
    "start": 1568084242573,
    "end": 1568084242712,
    "duration": 139,
    "pid": 8220,
    "index": 61
  },
  {
    "name": "Load Controller",
    "start": 1568084242732,
    "end": 1568084242735,
    "duration": 3,
    "pid": 8220,
    "index": 62
  },
  {
    "name": "Load \"controller\" to Application",
    "start": 1568084242732,
    "end": 1568084242735,
    "duration": 3,
    "pid": 8220,
    "index": 63
  },
  {
    "name": "Load Router",
    "start": 1568084242735,
    "end": 1568084242738,
    "duration": 3,
    "pid": 8220,
    "index": 64
  },
  {
    "name": "Require(46) app/router.js",
    "start": 1568084242736,
    "end": 1568084242736,
    "duration": 0,
    "pid": 8220,
    "index": 65
  },
  {
    "name": "Before Start in node_modules/_egg-core@4.17.3@egg-core/lib/egg.js:303:10",
    "start": 1568084242737,
    "end": 1568084242763,
    "duration": 26,
    "pid": 8220,
    "index": 66
  }
]