[
  {
    "name": "Application Start",
    "start": 1568084023320,
    "end": 1568084024439,
    "duration": 1119,
    "pid": 8472,
    "index": 0
  },
  {
    "name": "Load Plugin",
    "start": 1568084023327,
    "end": 1568084023354,
    "duration": 27,
    "pid": 8472,
    "index": 1
  },
  {
    "name": "Load Config",
    "start": 1568084023355,
    "end": 1568084023384,
    "duration": 29,
    "pid": 8472,
    "index": 2
  },
  {
    "name": "Require(0) config/config.default.js",
    "start": 1568084023356,
    "end": 1568084023356,
    "duration": 0,
    "pid": 8472,
    "index": 3
  },
  {
    "name": "Require(1) node_modules/_egg-session@3.1.0@egg-session/config/config.default.js",
    "start": 1568084023358,
    "end": 1568084023359,
    "duration": 1,
    "pid": 8472,
    "index": 4
  },
  {
    "name": "Require(2) node_modules/_egg-security@2.6.1@egg-security/config/config.default.js",
    "start": 1568084023360,
    "end": 1568084023360,
    "duration": 0,
    "pid": 8472,
    "index": 5
  },
  {
    "name": "Require(3) node_modules/_egg-jsonp@2.0.0@egg-jsonp/config/config.default.js",
    "start": 1568084023362,
    "end": 1568084023362,
    "duration": 0,
    "pid": 8472,
    "index": 6
  },
  {
    "name": "Require(4) node_modules/_egg-onerror@2.1.0@egg-onerror/config/config.default.js",
    "start": 1568084023363,
    "end": 1568084023363,
    "duration": 0,
    "pid": 8472,
    "index": 7
  },
  {
    "name": "Require(5) node_modules/_egg-i18n@2.1.1@egg-i18n/config/config.default.js",
    "start": 1568084023364,
    "end": 1568084023364,
    "duration": 0,
    "pid": 8472,
    "index": 8
  },
  {
    "name": "Require(6) node_modules/_egg-watcher@3.1.0@egg-watcher/config/config.default.js",
    "start": 1568084023365,
    "end": 1568084023365,
    "duration": 0,
    "pid": 8472,
    "index": 9
  },
  {
    "name": "Require(7) node_modules/_egg-schedule@3.6.4@egg-schedule/config/config.default.js",
    "start": 1568084023366,
    "end": 1568084023366,
    "duration": 0,
    "pid": 8472,
    "index": 10
  },
  {
    "name": "Require(8) node_modules/_egg-multipart@2.9.0@egg-multipart/config/config.default.js",
    "start": 1568084023367,
    "end": 1568084023367,
    "duration": 0,
    "pid": 8472,
    "index": 11
  },
  {
    "name": "Require(9) node_modules/_egg-development@2.4.3@egg-development/config/config.default.js",
    "start": 1568084023368,
    "end": 1568084023369,
    "duration": 1,
    "pid": 8472,
    "index": 12
  },
  {
    "name": "Require(10) node_modules/_egg-logrotator@3.1.0@egg-logrotator/config/config.default.js",
    "start": 1568084023369,
    "end": 1568084023370,
    "duration": 1,
    "pid": 8472,
    "index": 13
  },
  {
    "name": "Require(11) node_modules/_egg-static@2.2.0@egg-static/config/config.default.js",
    "start": 1568084023370,
    "end": 1568084023371,
    "duration": 1,
    "pid": 8472,
    "index": 14
  },
  {
    "name": "Require(12) node_modules/_egg-view@2.1.2@egg-view/config/config.default.js",
    "start": 1568084023372,
    "end": 1568084023372,
    "duration": 0,
    "pid": 8472,
    "index": 15
  },
  {
    "name": "Require(13) node_modules/_egg-sequelize@5.2.0@egg-sequelize/config/config.default.js",
    "start": 1568084023373,
    "end": 1568084023374,
    "duration": 1,
    "pid": 8472,
    "index": 16
  },
  {
    "name": "Require(14) node_modules/_egg@2.23.0@egg/config/config.default.js",
    "start": 1568084023374,
    "end": 1568084023375,
    "duration": 1,
    "pid": 8472,
    "index": 17
  },
  {
    "name": "Require(15) config/config.default.js",
    "start": 1568084023377,
    "end": 1568084023377,
    "duration": 0,
    "pid": 8472,
    "index": 18
  },
  {
    "name": "Require(16) node_modules/_egg-security@2.6.1@egg-security/config/config.local.js",
    "start": 1568084023377,
    "end": 1568084023378,
    "duration": 1,
    "pid": 8472,
    "index": 19
  },
  {
    "name": "Require(17) node_modules/_egg-watcher@3.1.0@egg-watcher/config/config.local.js",
    "start": 1568084023379,
    "end": 1568084023380,
    "duration": 1,
    "pid": 8472,
    "index": 20
  },
  {
    "name": "Require(18) node_modules/_egg-view@2.1.2@egg-view/config/config.local.js",
    "start": 1568084023382,
    "end": 1568084023382,
    "duration": 0,
    "pid": 8472,
    "index": 21
  },
  {
    "name": "Require(19) node_modules/_egg@2.23.0@egg/config/config.local.js",
    "start": 1568084023383,
    "end": 1568084023383,
    "duration": 0,
    "pid": 8472,
    "index": 22
  },
  {
    "name": "Load extend/application.js",
    "start": 1568084023385,
    "end": 1568084023406,
    "duration": 21,
    "pid": 8472,
    "index": 23
  },
  {
    "name": "Require(20) node_modules/_egg-session@3.1.0@egg-session/app/extend/application.js",
    "start": 1568084023386,
    "end": 1568084023387,
    "duration": 1,
    "pid": 8472,
    "index": 24
  },
  {
    "name": "Require(21) node_modules/_egg-security@2.6.1@egg-security/app/extend/application.js",
    "start": 1568084023388,
    "end": 1568084023389,
    "duration": 1,
    "pid": 8472,
    "index": 25
  },
  {
    "name": "Require(22) node_modules/_egg-jsonp@2.0.0@egg-jsonp/app/extend/application.js",
    "start": 1568084023390,
    "end": 1568084023393,
    "duration": 3,
    "pid": 8472,
    "index": 26
  },
  {
    "name": "Require(23) node_modules/_egg-logrotator@3.1.0@egg-logrotator/app/extend/application.js",
    "start": 1568084023395,
    "end": 1568084023399,
    "duration": 4,
    "pid": 8472,
    "index": 27
  },
  {
    "name": "Require(24) node_modules/_egg-view@2.1.2@egg-view/app/extend/application.js",
    "start": 1568084023400,
    "end": 1568084023402,
    "duration": 2,
    "pid": 8472,
    "index": 28
  },
  {
    "name": "Load extend/request.js",
    "start": 1568084023406,
    "end": 1568084023415,
    "duration": 9,
    "pid": 8472,
    "index": 29
  },
  {
    "name": "Require(25) node_modules/_egg@2.23.0@egg/app/extend/request.js",
    "start": 1568084023410,
    "end": 1568084023412,
    "duration": 2,
    "pid": 8472,
    "index": 30
  },
  {
    "name": "Load extend/response.js",
    "start": 1568084023415,
    "end": 1568084023425,
    "duration": 10,
    "pid": 8472,
    "index": 31
  },
  {
    "name": "Require(26) node_modules/_egg@2.23.0@egg/app/extend/response.js",
    "start": 1568084023418,
    "end": 1568084023422,
    "duration": 4,
    "pid": 8472,
    "index": 32
  },
  {
    "name": "Load extend/context.js",
    "start": 1568084023425,
    "end": 1568084023536,
    "duration": 111,
    "pid": 8472,
    "index": 33
  },
  {
    "name": "Require(27) node_modules/_egg-security@2.6.1@egg-security/app/extend/context.js",
    "start": 1568084023426,
    "end": 1568084023448,
    "duration": 22,
    "pid": 8472,
    "index": 34
  },
  {
    "name": "Require(28) node_modules/_egg-jsonp@2.0.0@egg-jsonp/app/extend/context.js",
    "start": 1568084023448,
    "end": 1568084023451,
    "duration": 3,
    "pid": 8472,
    "index": 35
  },
  {
    "name": "Require(29) node_modules/_egg-i18n@2.1.1@egg-i18n/app/extend/context.js",
    "start": 1568084023451,
    "end": 1568084023452,
    "duration": 1,
    "pid": 8472,
    "index": 36
  },
  {
    "name": "Require(30) node_modules/_egg-multipart@2.9.0@egg-multipart/app/extend/context.js",
    "start": 1568084023453,
    "end": 1568084023526,
    "duration": 73,
    "pid": 8472,
    "index": 37
  },
  {
    "name": "Require(31) node_modules/_egg-view@2.1.2@egg-view/app/extend/context.js",
    "start": 1568084023527,
    "end": 1568084023529,
    "duration": 2,
    "pid": 8472,
    "index": 38
  },
  {
    "name": "Require(32) node_modules/_egg@2.23.0@egg/app/extend/context.js",
    "start": 1568084023530,
    "end": 1568084023533,
    "duration": 3,
    "pid": 8472,
    "index": 39
  },
  {
    "name": "Load extend/helper.js",
    "start": 1568084023537,
    "end": 1568084023572,
    "duration": 35,
    "pid": 8472,
    "index": 40
  },
  {
    "name": "Require(33) node_modules/_egg-security@2.6.1@egg-security/app/extend/helper.js",
    "start": 1568084023538,
    "end": 1568084023565,
    "duration": 27,
    "pid": 8472,
    "index": 41
  },
  {
    "name": "Require(34) node_modules/_egg@2.23.0@egg/app/extend/helper.js",
    "start": 1568084023568,
    "end": 1568084023569,
    "duration": 1,
    "pid": 8472,
    "index": 42
  },
  {
    "name": "Load app.js",
    "start": 1568084023572,
    "end": 1568084023629,
    "duration": 57,
    "pid": 8472,
    "index": 43
  },
  {
    "name": "Require(35) node_modules/_egg-session@3.1.0@egg-session/app.js",
    "start": 1568084023573,
    "end": 1568084023573,
    "duration": 0,
    "pid": 8472,
    "index": 44
  },
  {
    "name": "Require(36) node_modules/_egg-security@2.6.1@egg-security/app.js",
    "start": 1568084023574,
    "end": 1568084023576,
    "duration": 2,
    "pid": 8472,
    "index": 45
  },
  {
    "name": "Require(37) node_modules/_egg-onerror@2.1.0@egg-onerror/app.js",
    "start": 1568084023578,
    "end": 1568084023594,
    "duration": 16,
    "pid": 8472,
    "index": 46
  },
  {
    "name": "Require(38) node_modules/_egg-i18n@2.1.1@egg-i18n/app.js",
    "start": 1568084023594,
    "end": 1568084023609,
    "duration": 15,
    "pid": 8472,
    "index": 47
  },
  {
    "name": "Require(39) node_modules/_egg-watcher@3.1.0@egg-watcher/app.js",
    "start": 1568084023609,
    "end": 1568084023615,
    "duration": 6,
    "pid": 8472,
    "index": 48
  },
  {
    "name": "Require(40) node_modules/_egg-schedule@3.6.4@egg-schedule/app.js",
    "start": 1568084023616,
    "end": 1568084023619,
    "duration": 3,
    "pid": 8472,
    "index": 49
  },
  {
    "name": "Require(41) node_modules/_egg-multipart@2.9.0@egg-multipart/app.js",
    "start": 1568084023619,
    "end": 1568084023624,
    "duration": 5,
    "pid": 8472,
    "index": 50
  },
  {
    "name": "Require(42) node_modules/_egg-development@2.4.3@egg-development/app.js",
    "start": 1568084023624,
    "end": 1568084023625,
    "duration": 1,
    "pid": 8472,
    "index": 51
  },
  {
    "name": "Require(43) node_modules/_egg-logrotator@3.1.0@egg-logrotator/app.js",
    "start": 1568084023625,
    "end": 1568084023625,
    "duration": 0,
    "pid": 8472,
    "index": 52
  },
  {
    "name": "Require(44) node_modules/_egg-static@2.2.0@egg-static/app.js",
    "start": 1568084023626,
    "end": 1568084023626,
    "duration": 0,
    "pid": 8472,
    "index": 53
  },
  {
    "name": "Require(45) node_modules/_egg-sequelize@5.2.0@egg-sequelize/app.js",
    "start": 1568084023627,
    "end": 1568084023627,
    "duration": 0,
    "pid": 8472,
    "index": 54
  },
  {
    "name": "Before Start in node_modules/_egg-watcher@3.1.0@egg-watcher/lib/init.js:15:14",
    "start": 1568084023643,
    "end": 1568084024404,
    "duration": 761,
    "pid": 8472,
    "index": 55
  },
  {
    "name": "Load \"Symbol(model)\" to Application",
    "start": 1568084024179,
    "end": 1568084024192,
    "duration": 13,
    "pid": 8472,
    "index": 56
  },
  {
    "name": "Before Start in node_modules/_egg-sequelize@5.2.0@egg-sequelize/lib/loader.js:39:7",
    "start": 1568084024192,
    "end": 1568084024438,
    "duration": 246,
    "pid": 8472,
    "index": 57
  },
  {
    "name": "Load Service",
    "start": 1568084024192,
    "end": 1568084024197,
    "duration": 5,
    "pid": 8472,
    "index": 58
  },
  {
    "name": "Load \"service\" to Context",
    "start": 1568084024192,
    "end": 1568084024197,
    "duration": 5,
    "pid": 8472,
    "index": 59
  },
  {
    "name": "Load Middleware",
    "start": 1568084024198,
    "end": 1568084024328,
    "duration": 130,
    "pid": 8472,
    "index": 60
  },
  {
    "name": "Load \"middlewares\" to Application",
    "start": 1568084024198,
    "end": 1568084024312,
    "duration": 114,
    "pid": 8472,
    "index": 61
  },
  {
    "name": "Load Controller",
    "start": 1568084024328,
    "end": 1568084024331,
    "duration": 3,
    "pid": 8472,
    "index": 62
  },
  {
    "name": "Load \"controller\" to Application",
    "start": 1568084024329,
    "end": 1568084024331,
    "duration": 2,
    "pid": 8472,
    "index": 63
  },
  {
    "name": "Load Router",
    "start": 1568084024331,
    "end": 1568084024335,
    "duration": 4,
    "pid": 8472,
    "index": 64
  },
  {
    "name": "Require(46) app/router.js",
    "start": 1568084024332,
    "end": 1568084024332,
    "duration": 0,
    "pid": 8472,
    "index": 65
  },
  {
    "name": "Before Start in node_modules/_egg-core@4.17.3@egg-core/lib/egg.js:303:10",
    "start": 1568084024333,
    "end": 1568084024355,
    "duration": 22,
    "pid": 8472,
    "index": 66
  }
]