[
  {
    "name": "Application Start",
    "start": 1568084122151,
    "end": 1568084123360,
    "duration": 1209,
    "pid": 6300,
    "index": 0
  },
  {
    "name": "Load Plugin",
    "start": 1568084122160,
    "end": 1568084122194,
    "duration": 34,
    "pid": 6300,
    "index": 1
  },
  {
    "name": "Load Config",
    "start": 1568084122195,
    "end": 1568084122234,
    "duration": 39,
    "pid": 6300,
    "index": 2
  },
  {
    "name": "Require(0) config/config.default.js",
    "start": 1568084122196,
    "end": 1568084122197,
    "duration": 1,
    "pid": 6300,
    "index": 3
  },
  {
    "name": "Require(1) node_modules/_egg-session@3.1.0@egg-session/config/config.default.js",
    "start": 1568084122200,
    "end": 1568084122200,
    "duration": 0,
    "pid": 6300,
    "index": 4
  },
  {
    "name": "Require(2) node_modules/_egg-security@2.6.1@egg-security/config/config.default.js",
    "start": 1568084122202,
    "end": 1568084122202,
    "duration": 0,
    "pid": 6300,
    "index": 5
  },
  {
    "name": "Require(3) node_modules/_egg-jsonp@2.0.0@egg-jsonp/config/config.default.js",
    "start": 1568084122205,
    "end": 1568084122205,
    "duration": 0,
    "pid": 6300,
    "index": 6
  },
  {
    "name": "Require(4) node_modules/_egg-onerror@2.1.0@egg-onerror/config/config.default.js",
    "start": 1568084122206,
    "end": 1568084122207,
    "duration": 1,
    "pid": 6300,
    "index": 7
  },
  {
    "name": "Require(5) node_modules/_egg-i18n@2.1.1@egg-i18n/config/config.default.js",
    "start": 1568084122208,
    "end": 1568084122208,
    "duration": 0,
    "pid": 6300,
    "index": 8
  },
  {
    "name": "Require(6) node_modules/_egg-watcher@3.1.0@egg-watcher/config/config.default.js",
    "start": 1568084122209,
    "end": 1568084122210,
    "duration": 1,
    "pid": 6300,
    "index": 9
  },
  {
    "name": "Require(7) node_modules/_egg-schedule@3.6.4@egg-schedule/config/config.default.js",
    "start": 1568084122211,
    "end": 1568084122211,
    "duration": 0,
    "pid": 6300,
    "index": 10
  },
  {
    "name": "Require(8) node_modules/_egg-multipart@2.9.0@egg-multipart/config/config.default.js",
    "start": 1568084122212,
    "end": 1568084122213,
    "duration": 1,
    "pid": 6300,
    "index": 11
  },
  {
    "name": "Require(9) node_modules/_egg-development@2.4.3@egg-development/config/config.default.js",
    "start": 1568084122214,
    "end": 1568084122214,
    "duration": 0,
    "pid": 6300,
    "index": 12
  },
  {
    "name": "Require(10) node_modules/_egg-logrotator@3.1.0@egg-logrotator/config/config.default.js",
    "start": 1568084122215,
    "end": 1568084122216,
    "duration": 1,
    "pid": 6300,
    "index": 13
  },
  {
    "name": "Require(11) node_modules/_egg-static@2.2.0@egg-static/config/config.default.js",
    "start": 1568084122217,
    "end": 1568084122217,
    "duration": 0,
    "pid": 6300,
    "index": 14
  },
  {
    "name": "Require(12) node_modules/_egg-view@2.1.2@egg-view/config/config.default.js",
    "start": 1568084122218,
    "end": 1568084122219,
    "duration": 1,
    "pid": 6300,
    "index": 15
  },
  {
    "name": "Require(13) node_modules/_egg-sequelize@5.2.0@egg-sequelize/config/config.default.js",
    "start": 1568084122220,
    "end": 1568084122220,
    "duration": 0,
    "pid": 6300,
    "index": 16
  },
  {
    "name": "Require(14) node_modules/_egg@2.23.0@egg/config/config.default.js",
    "start": 1568084122221,
    "end": 1568084122222,
    "duration": 1,
    "pid": 6300,
    "index": 17
  },
  {
    "name": "Require(15) config/config.default.js",
    "start": 1568084122225,
    "end": 1568084122225,
    "duration": 0,
    "pid": 6300,
    "index": 18
  },
  {
    "name": "Require(16) node_modules/_egg-security@2.6.1@egg-security/config/config.local.js",
    "start": 1568084122226,
    "end": 1568084122227,
    "duration": 1,
    "pid": 6300,
    "index": 19
  },
  {
    "name": "Require(17) node_modules/_egg-watcher@3.1.0@egg-watcher/config/config.local.js",
    "start": 1568084122228,
    "end": 1568084122229,
    "duration": 1,
    "pid": 6300,
    "index": 20
  },
  {
    "name": "Require(18) node_modules/_egg-view@2.1.2@egg-view/config/config.local.js",
    "start": 1568084122231,
    "end": 1568084122232,
    "duration": 1,
    "pid": 6300,
    "index": 21
  },
  {
    "name": "Require(19) node_modules/_egg@2.23.0@egg/config/config.local.js",
    "start": 1568084122233,
    "end": 1568084122233,
    "duration": 0,
    "pid": 6300,
    "index": 22
  },
  {
    "name": "Load extend/application.js",
    "start": 1568084122237,
    "end": 1568084122270,
    "duration": 33,
    "pid": 6300,
    "index": 23
  },
  {
    "name": "Require(20) node_modules/_egg-session@3.1.0@egg-session/app/extend/application.js",
    "start": 1568084122238,
    "end": 1568084122239,
    "duration": 1,
    "pid": 6300,
    "index": 24
  },
  {
    "name": "Require(21) node_modules/_egg-security@2.6.1@egg-security/app/extend/application.js",
    "start": 1568084122240,
    "end": 1568084122243,
    "duration": 3,
    "pid": 6300,
    "index": 25
  },
  {
    "name": "Require(22) node_modules/_egg-jsonp@2.0.0@egg-jsonp/app/extend/application.js",
    "start": 1568084122244,
    "end": 1568084122248,
    "duration": 4,
    "pid": 6300,
    "index": 26
  },
  {
    "name": "Require(23) node_modules/_egg-logrotator@3.1.0@egg-logrotator/app/extend/application.js",
    "start": 1568084122251,
    "end": 1568084122259,
    "duration": 8,
    "pid": 6300,
    "index": 27
  },
  {
    "name": "Require(24) node_modules/_egg-view@2.1.2@egg-view/app/extend/application.js",
    "start": 1568084122260,
    "end": 1568084122264,
    "duration": 4,
    "pid": 6300,
    "index": 28
  },
  {
    "name": "Load extend/request.js",
    "start": 1568084122270,
    "end": 1568084122282,
    "duration": 12,
    "pid": 6300,
    "index": 29
  },
  {
    "name": "Require(25) node_modules/_egg@2.23.0@egg/app/extend/request.js",
    "start": 1568084122275,
    "end": 1568084122278,
    "duration": 3,
    "pid": 6300,
    "index": 30
  },
  {
    "name": "Load extend/response.js",
    "start": 1568084122282,
    "end": 1568084122295,
    "duration": 13,
    "pid": 6300,
    "index": 31
  },
  {
    "name": "Require(26) node_modules/_egg@2.23.0@egg/app/extend/response.js",
    "start": 1568084122286,
    "end": 1568084122290,
    "duration": 4,
    "pid": 6300,
    "index": 32
  },
  {
    "name": "Load extend/context.js",
    "start": 1568084122295,
    "end": 1568084122419,
    "duration": 124,
    "pid": 6300,
    "index": 33
  },
  {
    "name": "Require(27) node_modules/_egg-security@2.6.1@egg-security/app/extend/context.js",
    "start": 1568084122296,
    "end": 1568084122327,
    "duration": 31,
    "pid": 6300,
    "index": 34
  },
  {
    "name": "Require(28) node_modules/_egg-jsonp@2.0.0@egg-jsonp/app/extend/context.js",
    "start": 1568084122328,
    "end": 1568084122331,
    "duration": 3,
    "pid": 6300,
    "index": 35
  },
  {
    "name": "Require(29) node_modules/_egg-i18n@2.1.1@egg-i18n/app/extend/context.js",
    "start": 1568084122332,
    "end": 1568084122332,
    "duration": 0,
    "pid": 6300,
    "index": 36
  },
  {
    "name": "Require(30) node_modules/_egg-multipart@2.9.0@egg-multipart/app/extend/context.js",
    "start": 1568084122334,
    "end": 1568084122409,
    "duration": 75,
    "pid": 6300,
    "index": 37
  },
  {
    "name": "Require(31) node_modules/_egg-view@2.1.2@egg-view/app/extend/context.js",
    "start": 1568084122410,
    "end": 1568084122411,
    "duration": 1,
    "pid": 6300,
    "index": 38
  },
  {
    "name": "Require(32) node_modules/_egg@2.23.0@egg/app/extend/context.js",
    "start": 1568084122412,
    "end": 1568084122416,
    "duration": 4,
    "pid": 6300,
    "index": 39
  },
  {
    "name": "Load extend/helper.js",
    "start": 1568084122419,
    "end": 1568084122461,
    "duration": 42,
    "pid": 6300,
    "index": 40
  },
  {
    "name": "Require(33) node_modules/_egg-security@2.6.1@egg-security/app/extend/helper.js",
    "start": 1568084122420,
    "end": 1568084122454,
    "duration": 34,
    "pid": 6300,
    "index": 41
  },
  {
    "name": "Require(34) node_modules/_egg@2.23.0@egg/app/extend/helper.js",
    "start": 1568084122457,
    "end": 1568084122458,
    "duration": 1,
    "pid": 6300,
    "index": 42
  },
  {
    "name": "Load app.js",
    "start": 1568084122461,
    "end": 1568084122511,
    "duration": 50,
    "pid": 6300,
    "index": 43
  },
  {
    "name": "Require(35) node_modules/_egg-session@3.1.0@egg-session/app.js",
    "start": 1568084122462,
    "end": 1568084122462,
    "duration": 0,
    "pid": 6300,
    "index": 44
  },
  {
    "name": "Require(36) node_modules/_egg-security@2.6.1@egg-security/app.js",
    "start": 1568084122463,
    "end": 1568084122465,
    "duration": 2,
    "pid": 6300,
    "index": 45
  },
  {
    "name": "Require(37) node_modules/_egg-onerror@2.1.0@egg-onerror/app.js",
    "start": 1568084122466,
    "end": 1568084122480,
    "duration": 14,
    "pid": 6300,
    "index": 46
  },
  {
    "name": "Require(38) node_modules/_egg-i18n@2.1.1@egg-i18n/app.js",
    "start": 1568084122481,
    "end": 1568084122492,
    "duration": 11,
    "pid": 6300,
    "index": 47
  },
  {
    "name": "Require(39) node_modules/_egg-watcher@3.1.0@egg-watcher/app.js",
    "start": 1568084122493,
    "end": 1568084122498,
    "duration": 5,
    "pid": 6300,
    "index": 48
  },
  {
    "name": "Require(40) node_modules/_egg-schedule@3.6.4@egg-schedule/app.js",
    "start": 1568084122499,
    "end": 1568084122502,
    "duration": 3,
    "pid": 6300,
    "index": 49
  },
  {
    "name": "Require(41) node_modules/_egg-multipart@2.9.0@egg-multipart/app.js",
    "start": 1568084122502,
    "end": 1568084122506,
    "duration": 4,
    "pid": 6300,
    "index": 50
  },
  {
    "name": "Require(42) node_modules/_egg-development@2.4.3@egg-development/app.js",
    "start": 1568084122507,
    "end": 1568084122507,
    "duration": 0,
    "pid": 6300,
    "index": 51
  },
  {
    "name": "Require(43) node_modules/_egg-logrotator@3.1.0@egg-logrotator/app.js",
    "start": 1568084122507,
    "end": 1568084122508,
    "duration": 1,
    "pid": 6300,
    "index": 52
  },
  {
    "name": "Require(44) node_modules/_egg-static@2.2.0@egg-static/app.js",
    "start": 1568084122508,
    "end": 1568084122508,
    "duration": 0,
    "pid": 6300,
    "index": 53
  },
  {
    "name": "Require(45) node_modules/_egg-sequelize@5.2.0@egg-sequelize/app.js",
    "start": 1568084122509,
    "end": 1568084122510,
    "duration": 1,
    "pid": 6300,
    "index": 54
  },
  {
    "name": "Before Start in node_modules/_egg-watcher@3.1.0@egg-watcher/lib/init.js:15:14",
    "start": 1568084122526,
    "end": 1568084123314,
    "duration": 788,
    "pid": 6300,
    "index": 55
  },
  {
    "name": "Load \"Symbol(model)\" to Application",
    "start": 1568084123062,
    "end": 1568084123076,
    "duration": 14,
    "pid": 6300,
    "index": 56
  },
  {
    "name": "Before Start in node_modules/_egg-sequelize@5.2.0@egg-sequelize/lib/loader.js:39:7",
    "start": 1568084123076,
    "end": 1568084123360,
    "duration": 284,
    "pid": 6300,
    "index": 57
  },
  {
    "name": "Load Service",
    "start": 1568084123076,
    "end": 1568084123082,
    "duration": 6,
    "pid": 6300,
    "index": 58
  },
  {
    "name": "Load \"service\" to Context",
    "start": 1568084123077,
    "end": 1568084123082,
    "duration": 5,
    "pid": 6300,
    "index": 59
  },
  {
    "name": "Load Middleware",
    "start": 1568084123082,
    "end": 1568084123227,
    "duration": 145,
    "pid": 6300,
    "index": 60
  },
  {
    "name": "Load \"middlewares\" to Application",
    "start": 1568084123082,
    "end": 1568084123206,
    "duration": 124,
    "pid": 6300,
    "index": 61
  },
  {
    "name": "Load Controller",
    "start": 1568084123227,
    "end": 1568084123232,
    "duration": 5,
    "pid": 6300,
    "index": 62
  },
  {
    "name": "Load \"controller\" to Application",
    "start": 1568084123227,
    "end": 1568084123232,
    "duration": 5,
    "pid": 6300,
    "index": 63
  },
  {
    "name": "Load Router",
    "start": 1568084123232,
    "end": 1568084123235,
    "duration": 3,
    "pid": 6300,
    "index": 64
  },
  {
    "name": "Require(46) app/router.js",
    "start": 1568084123232,
    "end": 1568084123233,
    "duration": 1,
    "pid": 6300,
    "index": 65
  },
  {
    "name": "Before Start in node_modules/_egg-core@4.17.3@egg-core/lib/egg.js:303:10",
    "start": 1568084123234,
    "end": 1568084123259,
    "duration": 25,
    "pid": 6300,
    "index": 66
  }
]