[
  {
    "name": "Application Start",
    "start": 1568083798207,
    "end": 1568083799497,
    "duration": 1290,
    "pid": 6584,
    "index": 0
  },
  {
    "name": "Load Plugin",
    "start": 1568083798213,
    "end": 1568083798242,
    "duration": 29,
    "pid": 6584,
    "index": 1
  },
  {
    "name": "Load Config",
    "start": 1568083798243,
    "end": 1568083798272,
    "duration": 29,
    "pid": 6584,
    "index": 2
  },
  {
    "name": "Require(0) config/config.default.js",
    "start": 1568083798244,
    "end": 1568083798245,
    "duration": 1,
    "pid": 6584,
    "index": 3
  },
  {
    "name": "Require(1) node_modules/_egg-session@3.1.0@egg-session/config/config.default.js",
    "start": 1568083798248,
    "end": 1568083798248,
    "duration": 0,
    "pid": 6584,
    "index": 4
  },
  {
    "name": "Require(2) node_modules/_egg-security@2.6.1@egg-security/config/config.default.js",
    "start": 1568083798249,
    "end": 1568083798249,
    "duration": 0,
    "pid": 6584,
    "index": 5
  },
  {
    "name": "Require(3) node_modules/_egg-jsonp@2.0.0@egg-jsonp/config/config.default.js",
    "start": 1568083798251,
    "end": 1568083798251,
    "duration": 0,
    "pid": 6584,
    "index": 6
  },
  {
    "name": "Require(4) node_modules/_egg-onerror@2.1.0@egg-onerror/config/config.default.js",
    "start": 1568083798252,
    "end": 1568083798252,
    "duration": 0,
    "pid": 6584,
    "index": 7
  },
  {
    "name": "Require(5) node_modules/_egg-i18n@2.1.1@egg-i18n/config/config.default.js",
    "start": 1568083798253,
    "end": 1568083798254,
    "duration": 1,
    "pid": 6584,
    "index": 8
  },
  {
    "name": "Require(6) node_modules/_egg-watcher@3.1.0@egg-watcher/config/config.default.js",
    "start": 1568083798254,
    "end": 1568083798255,
    "duration": 1,
    "pid": 6584,
    "index": 9
  },
  {
    "name": "Require(7) node_modules/_egg-schedule@3.6.4@egg-schedule/config/config.default.js",
    "start": 1568083798255,
    "end": 1568083798256,
    "duration": 1,
    "pid": 6584,
    "index": 10
  },
  {
    "name": "Require(8) node_modules/_egg-multipart@2.9.0@egg-multipart/config/config.default.js",
    "start": 1568083798257,
    "end": 1568083798257,
    "duration": 0,
    "pid": 6584,
    "index": 11
  },
  {
    "name": "Require(9) node_modules/_egg-development@2.4.3@egg-development/config/config.default.js",
    "start": 1568083798258,
    "end": 1568083798258,
    "duration": 0,
    "pid": 6584,
    "index": 12
  },
  {
    "name": "Require(10) node_modules/_egg-logrotator@3.1.0@egg-logrotator/config/config.default.js",
    "start": 1568083798259,
    "end": 1568083798259,
    "duration": 0,
    "pid": 6584,
    "index": 13
  },
  {
    "name": "Require(11) node_modules/_egg-static@2.2.0@egg-static/config/config.default.js",
    "start": 1568083798260,
    "end": 1568083798260,
    "duration": 0,
    "pid": 6584,
    "index": 14
  },
  {
    "name": "Require(12) node_modules/_egg-view@2.1.2@egg-view/config/config.default.js",
    "start": 1568083798261,
    "end": 1568083798261,
    "duration": 0,
    "pid": 6584,
    "index": 15
  },
  {
    "name": "Require(13) node_modules/_egg-sequelize@5.2.0@egg-sequelize/config/config.default.js",
    "start": 1568083798262,
    "end": 1568083798262,
    "duration": 0,
    "pid": 6584,
    "index": 16
  },
  {
    "name": "Require(14) node_modules/_egg@2.23.0@egg/config/config.default.js",
    "start": 1568083798263,
    "end": 1568083798264,
    "duration": 1,
    "pid": 6584,
    "index": 17
  },
  {
    "name": "Require(15) config/config.default.js",
    "start": 1568083798265,
    "end": 1568083798265,
    "duration": 0,
    "pid": 6584,
    "index": 18
  },
  {
    "name": "Require(16) node_modules/_egg-security@2.6.1@egg-security/config/config.local.js",
    "start": 1568083798266,
    "end": 1568083798267,
    "duration": 1,
    "pid": 6584,
    "index": 19
  },
  {
    "name": "Require(17) node_modules/_egg-watcher@3.1.0@egg-watcher/config/config.local.js",
    "start": 1568083798268,
    "end": 1568083798268,
    "duration": 0,
    "pid": 6584,
    "index": 20
  },
  {
    "name": "Require(18) node_modules/_egg-view@2.1.2@egg-view/config/config.local.js",
    "start": 1568083798270,
    "end": 1568083798271,
    "duration": 1,
    "pid": 6584,
    "index": 21
  },
  {
    "name": "Require(19) node_modules/_egg@2.23.0@egg/config/config.local.js",
    "start": 1568083798272,
    "end": 1568083798272,
    "duration": 0,
    "pid": 6584,
    "index": 22
  },
  {
    "name": "Load extend/application.js",
    "start": 1568083798275,
    "end": 1568083798299,
    "duration": 24,
    "pid": 6584,
    "index": 23
  },
  {
    "name": "Require(20) node_modules/_egg-session@3.1.0@egg-session/app/extend/application.js",
    "start": 1568083798276,
    "end": 1568083798277,
    "duration": 1,
    "pid": 6584,
    "index": 24
  },
  {
    "name": "Require(21) node_modules/_egg-security@2.6.1@egg-security/app/extend/application.js",
    "start": 1568083798277,
    "end": 1568083798279,
    "duration": 2,
    "pid": 6584,
    "index": 25
  },
  {
    "name": "Require(22) node_modules/_egg-jsonp@2.0.0@egg-jsonp/app/extend/application.js",
    "start": 1568083798279,
    "end": 1568083798283,
    "duration": 4,
    "pid": 6584,
    "index": 26
  },
  {
    "name": "Require(23) node_modules/_egg-logrotator@3.1.0@egg-logrotator/app/extend/application.js",
    "start": 1568083798285,
    "end": 1568083798290,
    "duration": 5,
    "pid": 6584,
    "index": 27
  },
  {
    "name": "Require(24) node_modules/_egg-view@2.1.2@egg-view/app/extend/application.js",
    "start": 1568083798291,
    "end": 1568083798294,
    "duration": 3,
    "pid": 6584,
    "index": 28
  },
  {
    "name": "Load extend/request.js",
    "start": 1568083798299,
    "end": 1568083798310,
    "duration": 11,
    "pid": 6584,
    "index": 29
  },
  {
    "name": "Require(25) node_modules/_egg@2.23.0@egg/app/extend/request.js",
    "start": 1568083798303,
    "end": 1568083798305,
    "duration": 2,
    "pid": 6584,
    "index": 30
  },
  {
    "name": "Load extend/response.js",
    "start": 1568083798310,
    "end": 1568083798322,
    "duration": 12,
    "pid": 6584,
    "index": 31
  },
  {
    "name": "Require(26) node_modules/_egg@2.23.0@egg/app/extend/response.js",
    "start": 1568083798315,
    "end": 1568083798318,
    "duration": 3,
    "pid": 6584,
    "index": 32
  },
  {
    "name": "Load extend/context.js",
    "start": 1568083798322,
    "end": 1568083798456,
    "duration": 134,
    "pid": 6584,
    "index": 33
  },
  {
    "name": "Require(27) node_modules/_egg-security@2.6.1@egg-security/app/extend/context.js",
    "start": 1568083798324,
    "end": 1568083798353,
    "duration": 29,
    "pid": 6584,
    "index": 34
  },
  {
    "name": "Require(28) node_modules/_egg-jsonp@2.0.0@egg-jsonp/app/extend/context.js",
    "start": 1568083798353,
    "end": 1568083798356,
    "duration": 3,
    "pid": 6584,
    "index": 35
  },
  {
    "name": "Require(29) node_modules/_egg-i18n@2.1.1@egg-i18n/app/extend/context.js",
    "start": 1568083798357,
    "end": 1568083798358,
    "duration": 1,
    "pid": 6584,
    "index": 36
  },
  {
    "name": "Require(30) node_modules/_egg-multipart@2.9.0@egg-multipart/app/extend/context.js",
    "start": 1568083798360,
    "end": 1568083798445,
    "duration": 85,
    "pid": 6584,
    "index": 37
  },
  {
    "name": "Require(31) node_modules/_egg-view@2.1.2@egg-view/app/extend/context.js",
    "start": 1568083798446,
    "end": 1568083798448,
    "duration": 2,
    "pid": 6584,
    "index": 38
  },
  {
    "name": "Require(32) node_modules/_egg@2.23.0@egg/app/extend/context.js",
    "start": 1568083798448,
    "end": 1568083798452,
    "duration": 4,
    "pid": 6584,
    "index": 39
  },
  {
    "name": "Load extend/helper.js",
    "start": 1568083798456,
    "end": 1568083798491,
    "duration": 35,
    "pid": 6584,
    "index": 40
  },
  {
    "name": "Require(33) node_modules/_egg-security@2.6.1@egg-security/app/extend/helper.js",
    "start": 1568083798457,
    "end": 1568083798483,
    "duration": 26,
    "pid": 6584,
    "index": 41
  },
  {
    "name": "Require(34) node_modules/_egg@2.23.0@egg/app/extend/helper.js",
    "start": 1568083798486,
    "end": 1568083798487,
    "duration": 1,
    "pid": 6584,
    "index": 42
  },
  {
    "name": "Load app.js",
    "start": 1568083798491,
    "end": 1568083798551,
    "duration": 60,
    "pid": 6584,
    "index": 43
  },
  {
    "name": "Require(35) node_modules/_egg-session@3.1.0@egg-session/app.js",
    "start": 1568083798492,
    "end": 1568083798492,
    "duration": 0,
    "pid": 6584,
    "index": 44
  },
  {
    "name": "Require(36) node_modules/_egg-security@2.6.1@egg-security/app.js",
    "start": 1568083798493,
    "end": 1568083798496,
    "duration": 3,
    "pid": 6584,
    "index": 45
  },
  {
    "name": "Require(37) node_modules/_egg-onerror@2.1.0@egg-onerror/app.js",
    "start": 1568083798497,
    "end": 1568083798513,
    "duration": 16,
    "pid": 6584,
    "index": 46
  },
  {
    "name": "Require(38) node_modules/_egg-i18n@2.1.1@egg-i18n/app.js",
    "start": 1568083798514,
    "end": 1568083798527,
    "duration": 13,
    "pid": 6584,
    "index": 47
  },
  {
    "name": "Require(39) node_modules/_egg-watcher@3.1.0@egg-watcher/app.js",
    "start": 1568083798528,
    "end": 1568083798535,
    "duration": 7,
    "pid": 6584,
    "index": 48
  },
  {
    "name": "Require(40) node_modules/_egg-schedule@3.6.4@egg-schedule/app.js",
    "start": 1568083798535,
    "end": 1568083798539,
    "duration": 4,
    "pid": 6584,
    "index": 49
  },
  {
    "name": "Require(41) node_modules/_egg-multipart@2.9.0@egg-multipart/app.js",
    "start": 1568083798540,
    "end": 1568083798545,
    "duration": 5,
    "pid": 6584,
    "index": 50
  },
  {
    "name": "Require(42) node_modules/_egg-development@2.4.3@egg-development/app.js",
    "start": 1568083798545,
    "end": 1568083798546,
    "duration": 1,
    "pid": 6584,
    "index": 51
  },
  {
    "name": "Require(43) node_modules/_egg-logrotator@3.1.0@egg-logrotator/app.js",
    "start": 1568083798546,
    "end": 1568083798547,
    "duration": 1,
    "pid": 6584,
    "index": 52
  },
  {
    "name": "Require(44) node_modules/_egg-static@2.2.0@egg-static/app.js",
    "start": 1568083798547,
    "end": 1568083798548,
    "duration": 1,
    "pid": 6584,
    "index": 53
  },
  {
    "name": "Require(45) node_modules/_egg-sequelize@5.2.0@egg-sequelize/app.js",
    "start": 1568083798549,
    "end": 1568083798549,
    "duration": 0,
    "pid": 6584,
    "index": 54
  },
  {
    "name": "Before Start in node_modules/_egg-watcher@3.1.0@egg-watcher/lib/init.js:15:14",
    "start": 1568083798568,
    "end": 1568083799438,
    "duration": 870,
    "pid": 6584,
    "index": 55
  },
  {
    "name": "Load \"Symbol(model)\" to Application",
    "start": 1568083799151,
    "end": 1568083799170,
    "duration": 19,
    "pid": 6584,
    "index": 56
  },
  {
    "name": "Before Start in node_modules/_egg-sequelize@5.2.0@egg-sequelize/lib/loader.js:39:7",
    "start": 1568083799170,
    "end": 1568083799496,
    "duration": 326,
    "pid": 6584,
    "index": 57
  },
  {
    "name": "Load Service",
    "start": 1568083799171,
    "end": 1568083799184,
    "duration": 13,
    "pid": 6584,
    "index": 58
  },
  {
    "name": "Load \"service\" to Context",
    "start": 1568083799171,
    "end": 1568083799184,
    "duration": 13,
    "pid": 6584,
    "index": 59
  },
  {
    "name": "Load Middleware",
    "start": 1568083799185,
    "end": 1568083799340,
    "duration": 155,
    "pid": 6584,
    "index": 60
  },
  {
    "name": "Load \"middlewares\" to Application",
    "start": 1568083799185,
    "end": 1568083799320,
    "duration": 135,
    "pid": 6584,
    "index": 61
  },
  {
    "name": "Load Controller",
    "start": 1568083799340,
    "end": 1568083799344,
    "duration": 4,
    "pid": 6584,
    "index": 62
  },
  {
    "name": "Load \"controller\" to Application",
    "start": 1568083799340,
    "end": 1568083799344,
    "duration": 4,
    "pid": 6584,
    "index": 63
  },
  {
    "name": "Load Router",
    "start": 1568083799344,
    "end": 1568083799349,
    "duration": 5,
    "pid": 6584,
    "index": 64
  },
  {
    "name": "Require(46) app/router.js",
    "start": 1568083799345,
    "end": 1568083799345,
    "duration": 0,
    "pid": 6584,
    "index": 65
  },
  {
    "name": "Before Start in node_modules/_egg-core@4.17.3@egg-core/lib/egg.js:303:10",
    "start": 1568083799346,
    "end": 1568083799376,
    "duration": 30,
    "pid": 6584,
    "index": 66
  }
]