[
  {
    "name": "Process Start",
    "start": 1611309614326,
    "end": 1611309615338,
    "duration": 1012,
    "pid": 13888,
    "index": 0
  },
  {
    "name": "Application Start",
    "start": 1611309615339,
    "end": 1611309615732,
    "duration": 393,
    "pid": 13888,
    "index": 1
  },
  {
    "name": "Load Plugin",
    "start": 1611309615343,
    "end": 1611309615361,
    "duration": 18,
    "pid": 13888,
    "index": 2
  },
  {
    "name": "Load Config",
    "start": 1611309615361,
    "end": 1611309615383,
    "duration": 22,
    "pid": 13888,
    "index": 3
  },
  {
    "name": "Require(0) config/config.default.js",
    "start": 1611309615362,
    "end": 1611309615362,
    "duration": 0,
    "pid": 13888,
    "index": 4
  },
  {
    "name": "Require(1) node_modules/_egg-session@3.2.0@egg-session/config/config.default.js",
    "start": 1611309615363,
    "end": 1611309615364,
    "duration": 1,
    "pid": 13888,
    "index": 5
  },
  {
    "name": "Require(2) node_modules/_egg-security@2.8.0@egg-security/config/config.default.js",
    "start": 1611309615364,
    "end": 1611309615365,
    "duration": 1,
    "pid": 13888,
    "index": 6
  },
  {
    "name": "Require(3) node_modules/_egg-jsonp@2.0.0@egg-jsonp/config/config.default.js",
    "start": 1611309615366,
    "end": 1611309615366,
    "duration": 0,
    "pid": 13888,
    "index": 7
  },
  {
    "name": "Require(4) node_modules/_egg-onerror@2.1.0@egg-onerror/config/config.default.js",
    "start": 1611309615366,
    "end": 1611309615367,
    "duration": 1,
    "pid": 13888,
    "index": 8
  },
  {
    "name": "Require(5) node_modules/_egg-i18n@2.1.1@egg-i18n/config/config.default.js",
    "start": 1611309615367,
    "end": 1611309615368,
    "duration": 1,
    "pid": 13888,
    "index": 9
  },
  {
    "name": "Require(6) node_modules/_egg-watcher@3.1.1@egg-watcher/config/config.default.js",
    "start": 1611309615368,
    "end": 1611309615369,
    "duration": 1,
    "pid": 13888,
    "index": 10
  },
  {
    "name": "Require(7) node_modules/_egg-schedule@3.6.6@egg-schedule/config/config.default.js",
    "start": 1611309615369,
    "end": 1611309615370,
    "duration": 1,
    "pid": 13888,
    "index": 11
  },
  {
    "name": "Require(8) node_modules/_egg-multipart@2.10.3@egg-multipart/config/config.default.js",
    "start": 1611309615370,
    "end": 1611309615371,
    "duration": 1,
    "pid": 13888,
    "index": 12
  },
  {
    "name": "Require(9) node_modules/_egg-development@2.7.0@egg-development/config/config.default.js",
    "start": 1611309615372,
    "end": 1611309615372,
    "duration": 0,
    "pid": 13888,
    "index": 13
  },
  {
    "name": "Require(10) node_modules/_egg-logrotator@3.1.0@egg-logrotator/config/config.default.js",
    "start": 1611309615373,
    "end": 1611309615373,
    "duration": 0,
    "pid": 13888,
    "index": 14
  },
  {
    "name": "Require(11) node_modules/_egg-static@2.2.0@egg-static/config/config.default.js",
    "start": 1611309615374,
    "end": 1611309615374,
    "duration": 0,
    "pid": 13888,
    "index": 15
  },
  {
    "name": "Require(12) node_modules/_egg-view@2.1.3@egg-view/config/config.default.js",
    "start": 1611309615374,
    "end": 1611309615375,
    "duration": 1,
    "pid": 13888,
    "index": 16
  },
  {
    "name": "Require(13) node_modules/_egg-view-ejs@2.0.1@egg-view-ejs/config/config.default.js",
    "start": 1611309615375,
    "end": 1611309615376,
    "duration": 1,
    "pid": 13888,
    "index": 17
  },
  {
    "name": "Require(14) node_modules/_egg@2.29.1@egg/config/config.default.js",
    "start": 1611309615376,
    "end": 1611309615377,
    "duration": 1,
    "pid": 13888,
    "index": 18
  },
  {
    "name": "Require(15) config/config.default.js",
    "start": 1611309615378,
    "end": 1611309615378,
    "duration": 0,
    "pid": 13888,
    "index": 19
  },
  {
    "name": "Require(16) node_modules/_egg-security@2.8.0@egg-security/config/config.local.js",
    "start": 1611309615378,
    "end": 1611309615379,
    "duration": 1,
    "pid": 13888,
    "index": 20
  },
  {
    "name": "Require(17) node_modules/_egg-watcher@3.1.1@egg-watcher/config/config.local.js",
    "start": 1611309615380,
    "end": 1611309615380,
    "duration": 0,
    "pid": 13888,
    "index": 21
  },
  {
    "name": "Require(18) node_modules/_egg-view@2.1.3@egg-view/config/config.local.js",
    "start": 1611309615381,
    "end": 1611309615381,
    "duration": 0,
    "pid": 13888,
    "index": 22
  },
  {
    "name": "Require(19) node_modules/_egg-view-ejs@2.0.1@egg-view-ejs/config/config.local.js",
    "start": 1611309615382,
    "end": 1611309615382,
    "duration": 0,
    "pid": 13888,
    "index": 23
  },
  {
    "name": "Require(20) node_modules/_egg@2.29.1@egg/config/config.local.js",
    "start": 1611309615382,
    "end": 1611309615383,
    "duration": 1,
    "pid": 13888,
    "index": 24
  },
  {
    "name": "Load extend/application.js",
    "start": 1611309615384,
    "end": 1611309615399,
    "duration": 15,
    "pid": 13888,
    "index": 25
  },
  {
    "name": "Require(21) node_modules/_egg-session@3.2.0@egg-session/app/extend/application.js",
    "start": 1611309615384,
    "end": 1611309615385,
    "duration": 1,
    "pid": 13888,
    "index": 26
  },
  {
    "name": "Require(22) node_modules/_egg-security@2.8.0@egg-security/app/extend/application.js",
    "start": 1611309615385,
    "end": 1611309615386,
    "duration": 1,
    "pid": 13888,
    "index": 27
  },
  {
    "name": "Require(23) node_modules/_egg-jsonp@2.0.0@egg-jsonp/app/extend/application.js",
    "start": 1611309615387,
    "end": 1611309615389,
    "duration": 2,
    "pid": 13888,
    "index": 28
  },
  {
    "name": "Require(24) node_modules/_egg-logrotator@3.1.0@egg-logrotator/app/extend/application.js",
    "start": 1611309615390,
    "end": 1611309615393,
    "duration": 3,
    "pid": 13888,
    "index": 29
  },
  {
    "name": "Require(25) node_modules/_egg-view@2.1.3@egg-view/app/extend/application.js",
    "start": 1611309615394,
    "end": 1611309615396,
    "duration": 2,
    "pid": 13888,
    "index": 30
  },
  {
    "name": "Load extend/request.js",
    "start": 1611309615399,
    "end": 1611309615407,
    "duration": 8,
    "pid": 13888,
    "index": 31
  },
  {
    "name": "Require(26) node_modules/_egg@2.29.1@egg/app/extend/request.js",
    "start": 1611309615402,
    "end": 1611309615404,
    "duration": 2,
    "pid": 13888,
    "index": 32
  },
  {
    "name": "Load extend/response.js",
    "start": 1611309615407,
    "end": 1611309615416,
    "duration": 9,
    "pid": 13888,
    "index": 33
  },
  {
    "name": "Require(27) node_modules/_egg@2.29.1@egg/app/extend/response.js",
    "start": 1611309615411,
    "end": 1611309615413,
    "duration": 2,
    "pid": 13888,
    "index": 34
  },
  {
    "name": "Load extend/context.js",
    "start": 1611309615416,
    "end": 1611309615487,
    "duration": 71,
    "pid": 13888,
    "index": 35
  },
  {
    "name": "Require(28) node_modules/_egg-security@2.8.0@egg-security/app/extend/context.js",
    "start": 1611309615417,
    "end": 1611309615430,
    "duration": 13,
    "pid": 13888,
    "index": 36
  },
  {
    "name": "Require(29) node_modules/_egg-jsonp@2.0.0@egg-jsonp/app/extend/context.js",
    "start": 1611309615430,
    "end": 1611309615432,
    "duration": 2,
    "pid": 13888,
    "index": 37
  },
  {
    "name": "Require(30) node_modules/_egg-i18n@2.1.1@egg-i18n/app/extend/context.js",
    "start": 1611309615432,
    "end": 1611309615433,
    "duration": 1,
    "pid": 13888,
    "index": 38
  },
  {
    "name": "Require(31) node_modules/_egg-multipart@2.10.3@egg-multipart/app/extend/context.js",
    "start": 1611309615433,
    "end": 1611309615480,
    "duration": 47,
    "pid": 13888,
    "index": 39
  },
  {
    "name": "Require(32) node_modules/_egg-view@2.1.3@egg-view/app/extend/context.js",
    "start": 1611309615481,
    "end": 1611309615482,
    "duration": 1,
    "pid": 13888,
    "index": 40
  },
  {
    "name": "Require(33) node_modules/_egg@2.29.1@egg/app/extend/context.js",
    "start": 1611309615482,
    "end": 1611309615484,
    "duration": 2,
    "pid": 13888,
    "index": 41
  },
  {
    "name": "Load extend/helper.js",
    "start": 1611309615487,
    "end": 1611309615509,
    "duration": 22,
    "pid": 13888,
    "index": 42
  },
  {
    "name": "Require(34) node_modules/_egg-security@2.8.0@egg-security/app/extend/helper.js",
    "start": 1611309615488,
    "end": 1611309615504,
    "duration": 16,
    "pid": 13888,
    "index": 43
  },
  {
    "name": "Require(35) node_modules/_egg@2.29.1@egg/app/extend/helper.js",
    "start": 1611309615506,
    "end": 1611309615507,
    "duration": 1,
    "pid": 13888,
    "index": 44
  },
  {
    "name": "Load app.js",
    "start": 1611309615509,
    "end": 1611309615541,
    "duration": 32,
    "pid": 13888,
    "index": 45
  },
  {
    "name": "Require(36) node_modules/_egg-session@3.2.0@egg-session/app.js",
    "start": 1611309615510,
    "end": 1611309615510,
    "duration": 0,
    "pid": 13888,
    "index": 46
  },
  {
    "name": "Require(37) node_modules/_egg-security@2.8.0@egg-security/app.js",
    "start": 1611309615510,
    "end": 1611309615512,
    "duration": 2,
    "pid": 13888,
    "index": 47
  },
  {
    "name": "Require(38) node_modules/_egg-onerror@2.1.0@egg-onerror/app.js",
    "start": 1611309615513,
    "end": 1611309615523,
    "duration": 10,
    "pid": 13888,
    "index": 48
  },
  {
    "name": "Require(39) node_modules/_egg-i18n@2.1.1@egg-i18n/app.js",
    "start": 1611309615523,
    "end": 1611309615530,
    "duration": 7,
    "pid": 13888,
    "index": 49
  },
  {
    "name": "Require(40) node_modules/_egg-watcher@3.1.1@egg-watcher/app.js",
    "start": 1611309615530,
    "end": 1611309615534,
    "duration": 4,
    "pid": 13888,
    "index": 50
  },
  {
    "name": "Require(41) node_modules/_egg-schedule@3.6.6@egg-schedule/app.js",
    "start": 1611309615535,
    "end": 1611309615537,
    "duration": 2,
    "pid": 13888,
    "index": 51
  },
  {
    "name": "Require(42) node_modules/_egg-multipart@2.10.3@egg-multipart/app.js",
    "start": 1611309615537,
    "end": 1611309615538,
    "duration": 1,
    "pid": 13888,
    "index": 52
  },
  {
    "name": "Require(43) node_modules/_egg-development@2.7.0@egg-development/app.js",
    "start": 1611309615538,
    "end": 1611309615539,
    "duration": 1,
    "pid": 13888,
    "index": 53
  },
  {
    "name": "Require(44) node_modules/_egg-logrotator@3.1.0@egg-logrotator/app.js",
    "start": 1611309615539,
    "end": 1611309615539,
    "duration": 0,
    "pid": 13888,
    "index": 54
  },
  {
    "name": "Require(45) node_modules/_egg-static@2.2.0@egg-static/app.js",
    "start": 1611309615539,
    "end": 1611309615540,
    "duration": 1,
    "pid": 13888,
    "index": 55
  },
  {
    "name": "Require(46) node_modules/_egg-view-ejs@2.0.1@egg-view-ejs/app.js",
    "start": 1611309615540,
    "end": 1611309615540,
    "duration": 0,
    "pid": 13888,
    "index": 56
  },
  {
    "name": "Before Start in node_modules/_egg-watcher@3.1.1@egg-watcher/lib/init.js:15:14",
    "start": 1611309615549,
    "end": 1611309615732,
    "duration": 183,
    "pid": 13888,
    "index": 57
  },
  {
    "name": "Load Service",
    "start": 1611309615580,
    "end": 1611309615584,
    "duration": 4,
    "pid": 13888,
    "index": 58
  },
  {
    "name": "Load \"service\" to Context",
    "start": 1611309615580,
    "end": 1611309615584,
    "duration": 4,
    "pid": 13888,
    "index": 59
  },
  {
    "name": "Load Middleware",
    "start": 1611309615585,
    "end": 1611309615715,
    "duration": 130,
    "pid": 13888,
    "index": 60
  },
  {
    "name": "Load \"middlewares\" to Application",
    "start": 1611309615585,
    "end": 1611309615700,
    "duration": 115,
    "pid": 13888,
    "index": 61
  },
  {
    "name": "Load Controller",
    "start": 1611309615715,
    "end": 1611309615718,
    "duration": 3,
    "pid": 13888,
    "index": 62
  },
  {
    "name": "Load \"controller\" to Application",
    "start": 1611309615715,
    "end": 1611309615718,
    "duration": 3,
    "pid": 13888,
    "index": 63
  },
  {
    "name": "Load Router",
    "start": 1611309615718,
    "end": 1611309615720,
    "duration": 2,
    "pid": 13888,
    "index": 64
  },
  {
    "name": "Require(47) app/router.js",
    "start": 1611309615718,
    "end": 1611309615719,
    "duration": 1,
    "pid": 13888,
    "index": 65
  },
  {
    "name": "Before Start in node_modules/_egg-core@4.20.0@egg-core/lib/egg.js:303:10",
    "start": 1611309615719,
    "end": 1611309615726,
    "duration": 7,
    "pid": 13888,
    "index": 66
  }
]