[
  {
    "name": "Process Start",
    "start": 1611309594609,
    "end": 1611309595606,
    "duration": 997,
    "pid": 14104,
    "index": 0
  },
  {
    "name": "Application Start",
    "start": 1611309595606,
    "end": 1611309595976,
    "duration": 370,
    "pid": 14104,
    "index": 1
  },
  {
    "name": "Load Plugin",
    "start": 1611309595610,
    "end": 1611309595628,
    "duration": 18,
    "pid": 14104,
    "index": 2
  },
  {
    "name": "Load Config",
    "start": 1611309595628,
    "end": 1611309595648,
    "duration": 20,
    "pid": 14104,
    "index": 3
  },
  {
    "name": "Require(0) config/config.default.js",
    "start": 1611309595629,
    "end": 1611309595629,
    "duration": 0,
    "pid": 14104,
    "index": 4
  },
  {
    "name": "Require(1) node_modules/_egg-session@3.2.0@egg-session/config/config.default.js",
    "start": 1611309595630,
    "end": 1611309595631,
    "duration": 1,
    "pid": 14104,
    "index": 5
  },
  {
    "name": "Require(2) node_modules/_egg-security@2.8.0@egg-security/config/config.default.js",
    "start": 1611309595631,
    "end": 1611309595631,
    "duration": 0,
    "pid": 14104,
    "index": 6
  },
  {
    "name": "Require(3) node_modules/_egg-jsonp@2.0.0@egg-jsonp/config/config.default.js",
    "start": 1611309595632,
    "end": 1611309595633,
    "duration": 1,
    "pid": 14104,
    "index": 7
  },
  {
    "name": "Require(4) node_modules/_egg-onerror@2.1.0@egg-onerror/config/config.default.js",
    "start": 1611309595633,
    "end": 1611309595634,
    "duration": 1,
    "pid": 14104,
    "index": 8
  },
  {
    "name": "Require(5) node_modules/_egg-i18n@2.1.1@egg-i18n/config/config.default.js",
    "start": 1611309595634,
    "end": 1611309595634,
    "duration": 0,
    "pid": 14104,
    "index": 9
  },
  {
    "name": "Require(6) node_modules/_egg-watcher@3.1.1@egg-watcher/config/config.default.js",
    "start": 1611309595635,
    "end": 1611309595635,
    "duration": 0,
    "pid": 14104,
    "index": 10
  },
  {
    "name": "Require(7) node_modules/_egg-schedule@3.6.6@egg-schedule/config/config.default.js",
    "start": 1611309595636,
    "end": 1611309595636,
    "duration": 0,
    "pid": 14104,
    "index": 11
  },
  {
    "name": "Require(8) node_modules/_egg-multipart@2.10.3@egg-multipart/config/config.default.js",
    "start": 1611309595637,
    "end": 1611309595637,
    "duration": 0,
    "pid": 14104,
    "index": 12
  },
  {
    "name": "Require(9) node_modules/_egg-development@2.7.0@egg-development/config/config.default.js",
    "start": 1611309595638,
    "end": 1611309595638,
    "duration": 0,
    "pid": 14104,
    "index": 13
  },
  {
    "name": "Require(10) node_modules/_egg-logrotator@3.1.0@egg-logrotator/config/config.default.js",
    "start": 1611309595639,
    "end": 1611309595639,
    "duration": 0,
    "pid": 14104,
    "index": 14
  },
  {
    "name": "Require(11) node_modules/_egg-static@2.2.0@egg-static/config/config.default.js",
    "start": 1611309595640,
    "end": 1611309595640,
    "duration": 0,
    "pid": 14104,
    "index": 15
  },
  {
    "name": "Require(12) node_modules/_egg-view@2.1.3@egg-view/config/config.default.js",
    "start": 1611309595641,
    "end": 1611309595641,
    "duration": 0,
    "pid": 14104,
    "index": 16
  },
  {
    "name": "Require(13) node_modules/_egg-view-ejs@2.0.1@egg-view-ejs/config/config.default.js",
    "start": 1611309595641,
    "end": 1611309595642,
    "duration": 1,
    "pid": 14104,
    "index": 17
  },
  {
    "name": "Require(14) node_modules/_egg@2.29.1@egg/config/config.default.js",
    "start": 1611309595642,
    "end": 1611309595643,
    "duration": 1,
    "pid": 14104,
    "index": 18
  },
  {
    "name": "Require(15) config/config.default.js",
    "start": 1611309595644,
    "end": 1611309595644,
    "duration": 0,
    "pid": 14104,
    "index": 19
  },
  {
    "name": "Require(16) node_modules/_egg-security@2.8.0@egg-security/config/config.local.js",
    "start": 1611309595644,
    "end": 1611309595644,
    "duration": 0,
    "pid": 14104,
    "index": 20
  },
  {
    "name": "Require(17) node_modules/_egg-watcher@3.1.1@egg-watcher/config/config.local.js",
    "start": 1611309595645,
    "end": 1611309595646,
    "duration": 1,
    "pid": 14104,
    "index": 21
  },
  {
    "name": "Require(18) node_modules/_egg-view@2.1.3@egg-view/config/config.local.js",
    "start": 1611309595647,
    "end": 1611309595647,
    "duration": 0,
    "pid": 14104,
    "index": 22
  },
  {
    "name": "Require(19) node_modules/_egg-view-ejs@2.0.1@egg-view-ejs/config/config.local.js",
    "start": 1611309595647,
    "end": 1611309595648,
    "duration": 1,
    "pid": 14104,
    "index": 23
  },
  {
    "name": "Require(20) node_modules/_egg@2.29.1@egg/config/config.local.js",
    "start": 1611309595648,
    "end": 1611309595648,
    "duration": 0,
    "pid": 14104,
    "index": 24
  },
  {
    "name": "Load extend/application.js",
    "start": 1611309595649,
    "end": 1611309595663,
    "duration": 14,
    "pid": 14104,
    "index": 25
  },
  {
    "name": "Require(21) node_modules/_egg-session@3.2.0@egg-session/app/extend/application.js",
    "start": 1611309595650,
    "end": 1611309595650,
    "duration": 0,
    "pid": 14104,
    "index": 26
  },
  {
    "name": "Require(22) node_modules/_egg-security@2.8.0@egg-security/app/extend/application.js",
    "start": 1611309595651,
    "end": 1611309595652,
    "duration": 1,
    "pid": 14104,
    "index": 27
  },
  {
    "name": "Require(23) node_modules/_egg-jsonp@2.0.0@egg-jsonp/app/extend/application.js",
    "start": 1611309595652,
    "end": 1611309595654,
    "duration": 2,
    "pid": 14104,
    "index": 28
  },
  {
    "name": "Require(24) node_modules/_egg-logrotator@3.1.0@egg-logrotator/app/extend/application.js",
    "start": 1611309595655,
    "end": 1611309595658,
    "duration": 3,
    "pid": 14104,
    "index": 29
  },
  {
    "name": "Require(25) node_modules/_egg-view@2.1.3@egg-view/app/extend/application.js",
    "start": 1611309595659,
    "end": 1611309595660,
    "duration": 1,
    "pid": 14104,
    "index": 30
  },
  {
    "name": "Load extend/request.js",
    "start": 1611309595663,
    "end": 1611309595671,
    "duration": 8,
    "pid": 14104,
    "index": 31
  },
  {
    "name": "Require(26) node_modules/_egg@2.29.1@egg/app/extend/request.js",
    "start": 1611309595666,
    "end": 1611309595668,
    "duration": 2,
    "pid": 14104,
    "index": 32
  },
  {
    "name": "Load extend/response.js",
    "start": 1611309595671,
    "end": 1611309595681,
    "duration": 10,
    "pid": 14104,
    "index": 33
  },
  {
    "name": "Require(27) node_modules/_egg@2.29.1@egg/app/extend/response.js",
    "start": 1611309595675,
    "end": 1611309595678,
    "duration": 3,
    "pid": 14104,
    "index": 34
  },
  {
    "name": "Load extend/context.js",
    "start": 1611309595681,
    "end": 1611309595747,
    "duration": 66,
    "pid": 14104,
    "index": 35
  },
  {
    "name": "Require(28) node_modules/_egg-security@2.8.0@egg-security/app/extend/context.js",
    "start": 1611309595681,
    "end": 1611309595694,
    "duration": 13,
    "pid": 14104,
    "index": 36
  },
  {
    "name": "Require(29) node_modules/_egg-jsonp@2.0.0@egg-jsonp/app/extend/context.js",
    "start": 1611309595694,
    "end": 1611309595696,
    "duration": 2,
    "pid": 14104,
    "index": 37
  },
  {
    "name": "Require(30) node_modules/_egg-i18n@2.1.1@egg-i18n/app/extend/context.js",
    "start": 1611309595696,
    "end": 1611309595696,
    "duration": 0,
    "pid": 14104,
    "index": 38
  },
  {
    "name": "Require(31) node_modules/_egg-multipart@2.10.3@egg-multipart/app/extend/context.js",
    "start": 1611309595697,
    "end": 1611309595741,
    "duration": 44,
    "pid": 14104,
    "index": 39
  },
  {
    "name": "Require(32) node_modules/_egg-view@2.1.3@egg-view/app/extend/context.js",
    "start": 1611309595741,
    "end": 1611309595742,
    "duration": 1,
    "pid": 14104,
    "index": 40
  },
  {
    "name": "Require(33) node_modules/_egg@2.29.1@egg/app/extend/context.js",
    "start": 1611309595743,
    "end": 1611309595744,
    "duration": 1,
    "pid": 14104,
    "index": 41
  },
  {
    "name": "Load extend/helper.js",
    "start": 1611309595747,
    "end": 1611309595767,
    "duration": 20,
    "pid": 14104,
    "index": 42
  },
  {
    "name": "Require(34) node_modules/_egg-security@2.8.0@egg-security/app/extend/helper.js",
    "start": 1611309595747,
    "end": 1611309595762,
    "duration": 15,
    "pid": 14104,
    "index": 43
  },
  {
    "name": "Require(35) node_modules/_egg@2.29.1@egg/app/extend/helper.js",
    "start": 1611309595764,
    "end": 1611309595764,
    "duration": 0,
    "pid": 14104,
    "index": 44
  },
  {
    "name": "Load app.js",
    "start": 1611309595767,
    "end": 1611309595799,
    "duration": 32,
    "pid": 14104,
    "index": 45
  },
  {
    "name": "Require(36) node_modules/_egg-session@3.2.0@egg-session/app.js",
    "start": 1611309595768,
    "end": 1611309595768,
    "duration": 0,
    "pid": 14104,
    "index": 46
  },
  {
    "name": "Require(37) node_modules/_egg-security@2.8.0@egg-security/app.js",
    "start": 1611309595768,
    "end": 1611309595770,
    "duration": 2,
    "pid": 14104,
    "index": 47
  },
  {
    "name": "Require(38) node_modules/_egg-onerror@2.1.0@egg-onerror/app.js",
    "start": 1611309595771,
    "end": 1611309595781,
    "duration": 10,
    "pid": 14104,
    "index": 48
  },
  {
    "name": "Require(39) node_modules/_egg-i18n@2.1.1@egg-i18n/app.js",
    "start": 1611309595781,
    "end": 1611309595789,
    "duration": 8,
    "pid": 14104,
    "index": 49
  },
  {
    "name": "Require(40) node_modules/_egg-watcher@3.1.1@egg-watcher/app.js",
    "start": 1611309595789,
    "end": 1611309595793,
    "duration": 4,
    "pid": 14104,
    "index": 50
  },
  {
    "name": "Require(41) node_modules/_egg-schedule@3.6.6@egg-schedule/app.js",
    "start": 1611309595794,
    "end": 1611309595796,
    "duration": 2,
    "pid": 14104,
    "index": 51
  },
  {
    "name": "Require(42) node_modules/_egg-multipart@2.10.3@egg-multipart/app.js",
    "start": 1611309595796,
    "end": 1611309595796,
    "duration": 0,
    "pid": 14104,
    "index": 52
  },
  {
    "name": "Require(43) node_modules/_egg-development@2.7.0@egg-development/app.js",
    "start": 1611309595797,
    "end": 1611309595797,
    "duration": 0,
    "pid": 14104,
    "index": 53
  },
  {
    "name": "Require(44) node_modules/_egg-logrotator@3.1.0@egg-logrotator/app.js",
    "start": 1611309595797,
    "end": 1611309595797,
    "duration": 0,
    "pid": 14104,
    "index": 54
  },
  {
    "name": "Require(45) node_modules/_egg-static@2.2.0@egg-static/app.js",
    "start": 1611309595798,
    "end": 1611309595798,
    "duration": 0,
    "pid": 14104,
    "index": 55
  },
  {
    "name": "Require(46) node_modules/_egg-view-ejs@2.0.1@egg-view-ejs/app.js",
    "start": 1611309595798,
    "end": 1611309595799,
    "duration": 1,
    "pid": 14104,
    "index": 56
  },
  {
    "name": "Before Start in node_modules/_egg-watcher@3.1.1@egg-watcher/lib/init.js:15:14",
    "start": 1611309595807,
    "end": 1611309595976,
    "duration": 169,
    "pid": 14104,
    "index": 57
  },
  {
    "name": "Load Service",
    "start": 1611309595838,
    "end": 1611309595842,
    "duration": 4,
    "pid": 14104,
    "index": 58
  },
  {
    "name": "Load \"service\" to Context",
    "start": 1611309595838,
    "end": 1611309595842,
    "duration": 4,
    "pid": 14104,
    "index": 59
  },
  {
    "name": "Load Middleware",
    "start": 1611309595842,
    "end": 1611309595958,
    "duration": 116,
    "pid": 14104,
    "index": 60
  },
  {
    "name": "Load \"middlewares\" to Application",
    "start": 1611309595842,
    "end": 1611309595944,
    "duration": 102,
    "pid": 14104,
    "index": 61
  },
  {
    "name": "Load Controller",
    "start": 1611309595958,
    "end": 1611309595962,
    "duration": 4,
    "pid": 14104,
    "index": 62
  },
  {
    "name": "Load \"controller\" to Application",
    "start": 1611309595959,
    "end": 1611309595962,
    "duration": 3,
    "pid": 14104,
    "index": 63
  },
  {
    "name": "Load Router",
    "start": 1611309595962,
    "end": 1611309595963,
    "duration": 1,
    "pid": 14104,
    "index": 64
  },
  {
    "name": "Require(47) app/router.js",
    "start": 1611309595962,
    "end": 1611309595962,
    "duration": 0,
    "pid": 14104,
    "index": 65
  },
  {
    "name": "Before Start in node_modules/_egg-core@4.20.0@egg-core/lib/egg.js:303:10",
    "start": 1611309595962,
    "end": 1611309595969,
    "duration": 7,
    "pid": 14104,
    "index": 66
  }
]