[
  {
    "name": "Process Start",
    "start": 1611309605522,
    "end": 1611309606681,
    "duration": 1159,
    "pid": 4612,
    "index": 0
  },
  {
    "name": "Application Start",
    "start": 1611309606682,
    "end": 1611309607075,
    "duration": 393,
    "pid": 4612,
    "index": 1
  },
  {
    "name": "Load Plugin",
    "start": 1611309606686,
    "end": 1611309606704,
    "duration": 18,
    "pid": 4612,
    "index": 2
  },
  {
    "name": "Load Config",
    "start": 1611309606704,
    "end": 1611309606725,
    "duration": 21,
    "pid": 4612,
    "index": 3
  },
  {
    "name": "Require(0) config/config.default.js",
    "start": 1611309606705,
    "end": 1611309606705,
    "duration": 0,
    "pid": 4612,
    "index": 4
  },
  {
    "name": "Require(1) node_modules/_egg-session@3.2.0@egg-session/config/config.default.js",
    "start": 1611309606706,
    "end": 1611309606707,
    "duration": 1,
    "pid": 4612,
    "index": 5
  },
  {
    "name": "Require(2) node_modules/_egg-security@2.8.0@egg-security/config/config.default.js",
    "start": 1611309606707,
    "end": 1611309606708,
    "duration": 1,
    "pid": 4612,
    "index": 6
  },
  {
    "name": "Require(3) node_modules/_egg-jsonp@2.0.0@egg-jsonp/config/config.default.js",
    "start": 1611309606709,
    "end": 1611309606709,
    "duration": 0,
    "pid": 4612,
    "index": 7
  },
  {
    "name": "Require(4) node_modules/_egg-onerror@2.1.0@egg-onerror/config/config.default.js",
    "start": 1611309606709,
    "end": 1611309606710,
    "duration": 1,
    "pid": 4612,
    "index": 8
  },
  {
    "name": "Require(5) node_modules/_egg-i18n@2.1.1@egg-i18n/config/config.default.js",
    "start": 1611309606710,
    "end": 1611309606711,
    "duration": 1,
    "pid": 4612,
    "index": 9
  },
  {
    "name": "Require(6) node_modules/_egg-watcher@3.1.1@egg-watcher/config/config.default.js",
    "start": 1611309606711,
    "end": 1611309606712,
    "duration": 1,
    "pid": 4612,
    "index": 10
  },
  {
    "name": "Require(7) node_modules/_egg-schedule@3.6.6@egg-schedule/config/config.default.js",
    "start": 1611309606712,
    "end": 1611309606713,
    "duration": 1,
    "pid": 4612,
    "index": 11
  },
  {
    "name": "Require(8) node_modules/_egg-multipart@2.10.3@egg-multipart/config/config.default.js",
    "start": 1611309606713,
    "end": 1611309606713,
    "duration": 0,
    "pid": 4612,
    "index": 12
  },
  {
    "name": "Require(9) node_modules/_egg-development@2.7.0@egg-development/config/config.default.js",
    "start": 1611309606714,
    "end": 1611309606714,
    "duration": 0,
    "pid": 4612,
    "index": 13
  },
  {
    "name": "Require(10) node_modules/_egg-logrotator@3.1.0@egg-logrotator/config/config.default.js",
    "start": 1611309606715,
    "end": 1611309606715,
    "duration": 0,
    "pid": 4612,
    "index": 14
  },
  {
    "name": "Require(11) node_modules/_egg-static@2.2.0@egg-static/config/config.default.js",
    "start": 1611309606716,
    "end": 1611309606716,
    "duration": 0,
    "pid": 4612,
    "index": 15
  },
  {
    "name": "Require(12) node_modules/_egg-view@2.1.3@egg-view/config/config.default.js",
    "start": 1611309606717,
    "end": 1611309606717,
    "duration": 0,
    "pid": 4612,
    "index": 16
  },
  {
    "name": "Require(13) node_modules/_egg-view-ejs@2.0.1@egg-view-ejs/config/config.default.js",
    "start": 1611309606718,
    "end": 1611309606718,
    "duration": 0,
    "pid": 4612,
    "index": 17
  },
  {
    "name": "Require(14) node_modules/_egg@2.29.1@egg/config/config.default.js",
    "start": 1611309606718,
    "end": 1611309606719,
    "duration": 1,
    "pid": 4612,
    "index": 18
  },
  {
    "name": "Require(15) config/config.default.js",
    "start": 1611309606720,
    "end": 1611309606720,
    "duration": 0,
    "pid": 4612,
    "index": 19
  },
  {
    "name": "Require(16) node_modules/_egg-security@2.8.0@egg-security/config/config.local.js",
    "start": 1611309606720,
    "end": 1611309606720,
    "duration": 0,
    "pid": 4612,
    "index": 20
  },
  {
    "name": "Require(17) node_modules/_egg-watcher@3.1.1@egg-watcher/config/config.local.js",
    "start": 1611309606721,
    "end": 1611309606722,
    "duration": 1,
    "pid": 4612,
    "index": 21
  },
  {
    "name": "Require(18) node_modules/_egg-view@2.1.3@egg-view/config/config.local.js",
    "start": 1611309606723,
    "end": 1611309606723,
    "duration": 0,
    "pid": 4612,
    "index": 22
  },
  {
    "name": "Require(19) node_modules/_egg-view-ejs@2.0.1@egg-view-ejs/config/config.local.js",
    "start": 1611309606724,
    "end": 1611309606724,
    "duration": 0,
    "pid": 4612,
    "index": 23
  },
  {
    "name": "Require(20) node_modules/_egg@2.29.1@egg/config/config.local.js",
    "start": 1611309606724,
    "end": 1611309606724,
    "duration": 0,
    "pid": 4612,
    "index": 24
  },
  {
    "name": "Load extend/application.js",
    "start": 1611309606725,
    "end": 1611309606740,
    "duration": 15,
    "pid": 4612,
    "index": 25
  },
  {
    "name": "Require(21) node_modules/_egg-session@3.2.0@egg-session/app/extend/application.js",
    "start": 1611309606726,
    "end": 1611309606726,
    "duration": 0,
    "pid": 4612,
    "index": 26
  },
  {
    "name": "Require(22) node_modules/_egg-security@2.8.0@egg-security/app/extend/application.js",
    "start": 1611309606727,
    "end": 1611309606728,
    "duration": 1,
    "pid": 4612,
    "index": 27
  },
  {
    "name": "Require(23) node_modules/_egg-jsonp@2.0.0@egg-jsonp/app/extend/application.js",
    "start": 1611309606728,
    "end": 1611309606730,
    "duration": 2,
    "pid": 4612,
    "index": 28
  },
  {
    "name": "Require(24) node_modules/_egg-logrotator@3.1.0@egg-logrotator/app/extend/application.js",
    "start": 1611309606732,
    "end": 1611309606734,
    "duration": 2,
    "pid": 4612,
    "index": 29
  },
  {
    "name": "Require(25) node_modules/_egg-view@2.1.3@egg-view/app/extend/application.js",
    "start": 1611309606735,
    "end": 1611309606737,
    "duration": 2,
    "pid": 4612,
    "index": 30
  },
  {
    "name": "Load extend/request.js",
    "start": 1611309606740,
    "end": 1611309606747,
    "duration": 7,
    "pid": 4612,
    "index": 31
  },
  {
    "name": "Require(26) node_modules/_egg@2.29.1@egg/app/extend/request.js",
    "start": 1611309606743,
    "end": 1611309606745,
    "duration": 2,
    "pid": 4612,
    "index": 32
  },
  {
    "name": "Load extend/response.js",
    "start": 1611309606747,
    "end": 1611309606757,
    "duration": 10,
    "pid": 4612,
    "index": 33
  },
  {
    "name": "Require(27) node_modules/_egg@2.29.1@egg/app/extend/response.js",
    "start": 1611309606752,
    "end": 1611309606754,
    "duration": 2,
    "pid": 4612,
    "index": 34
  },
  {
    "name": "Load extend/context.js",
    "start": 1611309606757,
    "end": 1611309606828,
    "duration": 71,
    "pid": 4612,
    "index": 35
  },
  {
    "name": "Require(28) node_modules/_egg-security@2.8.0@egg-security/app/extend/context.js",
    "start": 1611309606758,
    "end": 1611309606770,
    "duration": 12,
    "pid": 4612,
    "index": 36
  },
  {
    "name": "Require(29) node_modules/_egg-jsonp@2.0.0@egg-jsonp/app/extend/context.js",
    "start": 1611309606771,
    "end": 1611309606772,
    "duration": 1,
    "pid": 4612,
    "index": 37
  },
  {
    "name": "Require(30) node_modules/_egg-i18n@2.1.1@egg-i18n/app/extend/context.js",
    "start": 1611309606773,
    "end": 1611309606773,
    "duration": 0,
    "pid": 4612,
    "index": 38
  },
  {
    "name": "Require(31) node_modules/_egg-multipart@2.10.3@egg-multipart/app/extend/context.js",
    "start": 1611309606774,
    "end": 1611309606821,
    "duration": 47,
    "pid": 4612,
    "index": 39
  },
  {
    "name": "Require(32) node_modules/_egg-view@2.1.3@egg-view/app/extend/context.js",
    "start": 1611309606822,
    "end": 1611309606823,
    "duration": 1,
    "pid": 4612,
    "index": 40
  },
  {
    "name": "Require(33) node_modules/_egg@2.29.1@egg/app/extend/context.js",
    "start": 1611309606823,
    "end": 1611309606825,
    "duration": 2,
    "pid": 4612,
    "index": 41
  },
  {
    "name": "Load extend/helper.js",
    "start": 1611309606828,
    "end": 1611309606852,
    "duration": 24,
    "pid": 4612,
    "index": 42
  },
  {
    "name": "Require(34) node_modules/_egg-security@2.8.0@egg-security/app/extend/helper.js",
    "start": 1611309606829,
    "end": 1611309606847,
    "duration": 18,
    "pid": 4612,
    "index": 43
  },
  {
    "name": "Require(35) node_modules/_egg@2.29.1@egg/app/extend/helper.js",
    "start": 1611309606849,
    "end": 1611309606849,
    "duration": 0,
    "pid": 4612,
    "index": 44
  },
  {
    "name": "Load app.js",
    "start": 1611309606852,
    "end": 1611309606885,
    "duration": 33,
    "pid": 4612,
    "index": 45
  },
  {
    "name": "Require(36) node_modules/_egg-session@3.2.0@egg-session/app.js",
    "start": 1611309606852,
    "end": 1611309606853,
    "duration": 1,
    "pid": 4612,
    "index": 46
  },
  {
    "name": "Require(37) node_modules/_egg-security@2.8.0@egg-security/app.js",
    "start": 1611309606853,
    "end": 1611309606855,
    "duration": 2,
    "pid": 4612,
    "index": 47
  },
  {
    "name": "Require(38) node_modules/_egg-onerror@2.1.0@egg-onerror/app.js",
    "start": 1611309606855,
    "end": 1611309606866,
    "duration": 11,
    "pid": 4612,
    "index": 48
  },
  {
    "name": "Require(39) node_modules/_egg-i18n@2.1.1@egg-i18n/app.js",
    "start": 1611309606866,
    "end": 1611309606875,
    "duration": 9,
    "pid": 4612,
    "index": 49
  },
  {
    "name": "Require(40) node_modules/_egg-watcher@3.1.1@egg-watcher/app.js",
    "start": 1611309606875,
    "end": 1611309606879,
    "duration": 4,
    "pid": 4612,
    "index": 50
  },
  {
    "name": "Require(41) node_modules/_egg-schedule@3.6.6@egg-schedule/app.js",
    "start": 1611309606879,
    "end": 1611309606881,
    "duration": 2,
    "pid": 4612,
    "index": 51
  },
  {
    "name": "Require(42) node_modules/_egg-multipart@2.10.3@egg-multipart/app.js",
    "start": 1611309606881,
    "end": 1611309606882,
    "duration": 1,
    "pid": 4612,
    "index": 52
  },
  {
    "name": "Require(43) node_modules/_egg-development@2.7.0@egg-development/app.js",
    "start": 1611309606882,
    "end": 1611309606882,
    "duration": 0,
    "pid": 4612,
    "index": 53
  },
  {
    "name": "Require(44) node_modules/_egg-logrotator@3.1.0@egg-logrotator/app.js",
    "start": 1611309606882,
    "end": 1611309606883,
    "duration": 1,
    "pid": 4612,
    "index": 54
  },
  {
    "name": "Require(45) node_modules/_egg-static@2.2.0@egg-static/app.js",
    "start": 1611309606883,
    "end": 1611309606883,
    "duration": 0,
    "pid": 4612,
    "index": 55
  },
  {
    "name": "Require(46) node_modules/_egg-view-ejs@2.0.1@egg-view-ejs/app.js",
    "start": 1611309606884,
    "end": 1611309606884,
    "duration": 0,
    "pid": 4612,
    "index": 56
  },
  {
    "name": "Before Start in node_modules/_egg-watcher@3.1.1@egg-watcher/lib/init.js:15:14",
    "start": 1611309606893,
    "end": 1611309607075,
    "duration": 182,
    "pid": 4612,
    "index": 57
  },
  {
    "name": "Load Service",
    "start": 1611309606925,
    "end": 1611309606929,
    "duration": 4,
    "pid": 4612,
    "index": 58
  },
  {
    "name": "Load \"service\" to Context",
    "start": 1611309606925,
    "end": 1611309606929,
    "duration": 4,
    "pid": 4612,
    "index": 59
  },
  {
    "name": "Load Middleware",
    "start": 1611309606929,
    "end": 1611309607059,
    "duration": 130,
    "pid": 4612,
    "index": 60
  },
  {
    "name": "Load \"middlewares\" to Application",
    "start": 1611309606930,
    "end": 1611309607043,
    "duration": 113,
    "pid": 4612,
    "index": 61
  },
  {
    "name": "Load Controller",
    "start": 1611309607059,
    "end": 1611309607062,
    "duration": 3,
    "pid": 4612,
    "index": 62
  },
  {
    "name": "Load \"controller\" to Application",
    "start": 1611309607059,
    "end": 1611309607062,
    "duration": 3,
    "pid": 4612,
    "index": 63
  },
  {
    "name": "Load Router",
    "start": 1611309607062,
    "end": 1611309607064,
    "duration": 2,
    "pid": 4612,
    "index": 64
  },
  {
    "name": "Require(47) app/router.js",
    "start": 1611309607062,
    "end": 1611309607062,
    "duration": 0,
    "pid": 4612,
    "index": 65
  },
  {
    "name": "Before Start in node_modules/_egg-core@4.20.0@egg-core/lib/egg.js:303:10",
    "start": 1611309607063,
    "end": 1611309607069,
    "duration": 6,
    "pid": 4612,
    "index": 66
  }
]