[
  {
    "name": "Process Start",
    "start": 1611309551956,
    "end": 1611309553675,
    "duration": 1719,
    "pid": 2988,
    "index": 0
  },
  {
    "name": "Application Start",
    "start": 1611309553676,
    "end": 1611309554197,
    "duration": 521,
    "pid": 2988,
    "index": 1
  },
  {
    "name": "Load Plugin",
    "start": 1611309553682,
    "end": 1611309553707,
    "duration": 25,
    "pid": 2988,
    "index": 2
  },
  {
    "name": "Load Config",
    "start": 1611309553708,
    "end": 1611309553737,
    "duration": 29,
    "pid": 2988,
    "index": 3
  },
  {
    "name": "Require(0) config/config.default.js",
    "start": 1611309553708,
    "end": 1611309553709,
    "duration": 1,
    "pid": 2988,
    "index": 4
  },
  {
    "name": "Require(1) node_modules/_egg-session@3.2.0@egg-session/config/config.default.js",
    "start": 1611309553711,
    "end": 1611309553711,
    "duration": 0,
    "pid": 2988,
    "index": 5
  },
  {
    "name": "Require(2) node_modules/_egg-security@2.8.0@egg-security/config/config.default.js",
    "start": 1611309553712,
    "end": 1611309553713,
    "duration": 1,
    "pid": 2988,
    "index": 6
  },
  {
    "name": "Require(3) node_modules/_egg-jsonp@2.0.0@egg-jsonp/config/config.default.js",
    "start": 1611309553714,
    "end": 1611309553715,
    "duration": 1,
    "pid": 2988,
    "index": 7
  },
  {
    "name": "Require(4) node_modules/_egg-onerror@2.1.0@egg-onerror/config/config.default.js",
    "start": 1611309553715,
    "end": 1611309553716,
    "duration": 1,
    "pid": 2988,
    "index": 8
  },
  {
    "name": "Require(5) node_modules/_egg-i18n@2.1.1@egg-i18n/config/config.default.js",
    "start": 1611309553716,
    "end": 1611309553717,
    "duration": 1,
    "pid": 2988,
    "index": 9
  },
  {
    "name": "Require(6) node_modules/_egg-watcher@3.1.1@egg-watcher/config/config.default.js",
    "start": 1611309553718,
    "end": 1611309553718,
    "duration": 0,
    "pid": 2988,
    "index": 10
  },
  {
    "name": "Require(7) node_modules/_egg-schedule@3.6.6@egg-schedule/config/config.default.js",
    "start": 1611309553719,
    "end": 1611309553719,
    "duration": 0,
    "pid": 2988,
    "index": 11
  },
  {
    "name": "Require(8) node_modules/_egg-multipart@2.10.3@egg-multipart/config/config.default.js",
    "start": 1611309553720,
    "end": 1611309553721,
    "duration": 1,
    "pid": 2988,
    "index": 12
  },
  {
    "name": "Require(9) node_modules/_egg-development@2.7.0@egg-development/config/config.default.js",
    "start": 1611309553721,
    "end": 1611309553722,
    "duration": 1,
    "pid": 2988,
    "index": 13
  },
  {
    "name": "Require(10) node_modules/_egg-logrotator@3.1.0@egg-logrotator/config/config.default.js",
    "start": 1611309553723,
    "end": 1611309553723,
    "duration": 0,
    "pid": 2988,
    "index": 14
  },
  {
    "name": "Require(11) node_modules/_egg-static@2.2.0@egg-static/config/config.default.js",
    "start": 1611309553724,
    "end": 1611309553724,
    "duration": 0,
    "pid": 2988,
    "index": 15
  },
  {
    "name": "Require(12) node_modules/_egg-view@2.1.3@egg-view/config/config.default.js",
    "start": 1611309553725,
    "end": 1611309553725,
    "duration": 0,
    "pid": 2988,
    "index": 16
  },
  {
    "name": "Require(13) node_modules/_egg-view-ejs@2.0.1@egg-view-ejs/config/config.default.js",
    "start": 1611309553726,
    "end": 1611309553727,
    "duration": 1,
    "pid": 2988,
    "index": 17
  },
  {
    "name": "Require(14) node_modules/_egg@2.29.1@egg/config/config.default.js",
    "start": 1611309553727,
    "end": 1611309553728,
    "duration": 1,
    "pid": 2988,
    "index": 18
  },
  {
    "name": "Require(15) config/config.default.js",
    "start": 1611309553729,
    "end": 1611309553729,
    "duration": 0,
    "pid": 2988,
    "index": 19
  },
  {
    "name": "Require(16) node_modules/_egg-security@2.8.0@egg-security/config/config.local.js",
    "start": 1611309553730,
    "end": 1611309553731,
    "duration": 1,
    "pid": 2988,
    "index": 20
  },
  {
    "name": "Require(17) node_modules/_egg-watcher@3.1.1@egg-watcher/config/config.local.js",
    "start": 1611309553732,
    "end": 1611309553733,
    "duration": 1,
    "pid": 2988,
    "index": 21
  },
  {
    "name": "Require(18) node_modules/_egg-view@2.1.3@egg-view/config/config.local.js",
    "start": 1611309553734,
    "end": 1611309553735,
    "duration": 1,
    "pid": 2988,
    "index": 22
  },
  {
    "name": "Require(19) node_modules/_egg-view-ejs@2.0.1@egg-view-ejs/config/config.local.js",
    "start": 1611309553735,
    "end": 1611309553736,
    "duration": 1,
    "pid": 2988,
    "index": 23
  },
  {
    "name": "Require(20) node_modules/_egg@2.29.1@egg/config/config.local.js",
    "start": 1611309553736,
    "end": 1611309553736,
    "duration": 0,
    "pid": 2988,
    "index": 24
  },
  {
    "name": "Load extend/application.js",
    "start": 1611309553738,
    "end": 1611309553758,
    "duration": 20,
    "pid": 2988,
    "index": 25
  },
  {
    "name": "Require(21) node_modules/_egg-session@3.2.0@egg-session/app/extend/application.js",
    "start": 1611309553739,
    "end": 1611309553739,
    "duration": 0,
    "pid": 2988,
    "index": 26
  },
  {
    "name": "Require(22) node_modules/_egg-security@2.8.0@egg-security/app/extend/application.js",
    "start": 1611309553740,
    "end": 1611309553741,
    "duration": 1,
    "pid": 2988,
    "index": 27
  },
  {
    "name": "Require(23) node_modules/_egg-jsonp@2.0.0@egg-jsonp/app/extend/application.js",
    "start": 1611309553742,
    "end": 1611309553745,
    "duration": 3,
    "pid": 2988,
    "index": 28
  },
  {
    "name": "Require(24) node_modules/_egg-logrotator@3.1.0@egg-logrotator/app/extend/application.js",
    "start": 1611309553747,
    "end": 1611309553750,
    "duration": 3,
    "pid": 2988,
    "index": 29
  },
  {
    "name": "Require(25) node_modules/_egg-view@2.1.3@egg-view/app/extend/application.js",
    "start": 1611309553751,
    "end": 1611309553754,
    "duration": 3,
    "pid": 2988,
    "index": 30
  },
  {
    "name": "Load extend/request.js",
    "start": 1611309553758,
    "end": 1611309553770,
    "duration": 12,
    "pid": 2988,
    "index": 31
  },
  {
    "name": "Require(26) node_modules/_egg@2.29.1@egg/app/extend/request.js",
    "start": 1611309553762,
    "end": 1611309553764,
    "duration": 2,
    "pid": 2988,
    "index": 32
  },
  {
    "name": "Load extend/response.js",
    "start": 1611309553770,
    "end": 1611309553781,
    "duration": 11,
    "pid": 2988,
    "index": 33
  },
  {
    "name": "Require(27) node_modules/_egg@2.29.1@egg/app/extend/response.js",
    "start": 1611309553774,
    "end": 1611309553777,
    "duration": 3,
    "pid": 2988,
    "index": 34
  },
  {
    "name": "Load extend/context.js",
    "start": 1611309553781,
    "end": 1611309553872,
    "duration": 91,
    "pid": 2988,
    "index": 35
  },
  {
    "name": "Require(28) node_modules/_egg-security@2.8.0@egg-security/app/extend/context.js",
    "start": 1611309553781,
    "end": 1611309553800,
    "duration": 19,
    "pid": 2988,
    "index": 36
  },
  {
    "name": "Require(29) node_modules/_egg-jsonp@2.0.0@egg-jsonp/app/extend/context.js",
    "start": 1611309553800,
    "end": 1611309553802,
    "duration": 2,
    "pid": 2988,
    "index": 37
  },
  {
    "name": "Require(30) node_modules/_egg-i18n@2.1.1@egg-i18n/app/extend/context.js",
    "start": 1611309553803,
    "end": 1611309553803,
    "duration": 0,
    "pid": 2988,
    "index": 38
  },
  {
    "name": "Require(31) node_modules/_egg-multipart@2.10.3@egg-multipart/app/extend/context.js",
    "start": 1611309553804,
    "end": 1611309553859,
    "duration": 55,
    "pid": 2988,
    "index": 39
  },
  {
    "name": "Require(32) node_modules/_egg-view@2.1.3@egg-view/app/extend/context.js",
    "start": 1611309553860,
    "end": 1611309553862,
    "duration": 2,
    "pid": 2988,
    "index": 40
  },
  {
    "name": "Require(33) node_modules/_egg@2.29.1@egg/app/extend/context.js",
    "start": 1611309553863,
    "end": 1611309553867,
    "duration": 4,
    "pid": 2988,
    "index": 41
  },
  {
    "name": "Load extend/helper.js",
    "start": 1611309553872,
    "end": 1611309553907,
    "duration": 35,
    "pid": 2988,
    "index": 42
  },
  {
    "name": "Require(34) node_modules/_egg-security@2.8.0@egg-security/app/extend/helper.js",
    "start": 1611309553873,
    "end": 1611309553899,
    "duration": 26,
    "pid": 2988,
    "index": 43
  },
  {
    "name": "Require(35) node_modules/_egg@2.29.1@egg/app/extend/helper.js",
    "start": 1611309553902,
    "end": 1611309553903,
    "duration": 1,
    "pid": 2988,
    "index": 44
  },
  {
    "name": "Load app.js",
    "start": 1611309553907,
    "end": 1611309553950,
    "duration": 43,
    "pid": 2988,
    "index": 45
  },
  {
    "name": "Require(36) node_modules/_egg-session@3.2.0@egg-session/app.js",
    "start": 1611309553907,
    "end": 1611309553908,
    "duration": 1,
    "pid": 2988,
    "index": 46
  },
  {
    "name": "Require(37) node_modules/_egg-security@2.8.0@egg-security/app.js",
    "start": 1611309553908,
    "end": 1611309553911,
    "duration": 3,
    "pid": 2988,
    "index": 47
  },
  {
    "name": "Require(38) node_modules/_egg-onerror@2.1.0@egg-onerror/app.js",
    "start": 1611309553911,
    "end": 1611309553924,
    "duration": 13,
    "pid": 2988,
    "index": 48
  },
  {
    "name": "Require(39) node_modules/_egg-i18n@2.1.1@egg-i18n/app.js",
    "start": 1611309553925,
    "end": 1611309553935,
    "duration": 10,
    "pid": 2988,
    "index": 49
  },
  {
    "name": "Require(40) node_modules/_egg-watcher@3.1.1@egg-watcher/app.js",
    "start": 1611309553936,
    "end": 1611309553941,
    "duration": 5,
    "pid": 2988,
    "index": 50
  },
  {
    "name": "Require(41) node_modules/_egg-schedule@3.6.6@egg-schedule/app.js",
    "start": 1611309553941,
    "end": 1611309553944,
    "duration": 3,
    "pid": 2988,
    "index": 51
  },
  {
    "name": "Require(42) node_modules/_egg-multipart@2.10.3@egg-multipart/app.js",
    "start": 1611309553944,
    "end": 1611309553945,
    "duration": 1,
    "pid": 2988,
    "index": 52
  },
  {
    "name": "Require(43) node_modules/_egg-development@2.7.0@egg-development/app.js",
    "start": 1611309553945,
    "end": 1611309553946,
    "duration": 1,
    "pid": 2988,
    "index": 53
  },
  {
    "name": "Require(44) node_modules/_egg-logrotator@3.1.0@egg-logrotator/app.js",
    "start": 1611309553946,
    "end": 1611309553946,
    "duration": 0,
    "pid": 2988,
    "index": 54
  },
  {
    "name": "Require(45) node_modules/_egg-static@2.2.0@egg-static/app.js",
    "start": 1611309553947,
    "end": 1611309553947,
    "duration": 0,
    "pid": 2988,
    "index": 55
  },
  {
    "name": "Require(46) node_modules/_egg-view-ejs@2.0.1@egg-view-ejs/app.js",
    "start": 1611309553948,
    "end": 1611309553948,
    "duration": 0,
    "pid": 2988,
    "index": 56
  },
  {
    "name": "Before Start in node_modules/_egg-watcher@3.1.1@egg-watcher/lib/init.js:15:14",
    "start": 1611309553960,
    "end": 1611309554196,
    "duration": 236,
    "pid": 2988,
    "index": 57
  },
  {
    "name": "Load Service",
    "start": 1611309553999,
    "end": 1611309554004,
    "duration": 5,
    "pid": 2988,
    "index": 58
  },
  {
    "name": "Load \"service\" to Context",
    "start": 1611309553999,
    "end": 1611309554004,
    "duration": 5,
    "pid": 2988,
    "index": 59
  },
  {
    "name": "Load Middleware",
    "start": 1611309554004,
    "end": 1611309554168,
    "duration": 164,
    "pid": 2988,
    "index": 60
  },
  {
    "name": "Load \"middlewares\" to Application",
    "start": 1611309554004,
    "end": 1611309554147,
    "duration": 143,
    "pid": 2988,
    "index": 61
  },
  {
    "name": "Load Controller",
    "start": 1611309554168,
    "end": 1611309554172,
    "duration": 4,
    "pid": 2988,
    "index": 62
  },
  {
    "name": "Load \"controller\" to Application",
    "start": 1611309554168,
    "end": 1611309554172,
    "duration": 4,
    "pid": 2988,
    "index": 63
  },
  {
    "name": "Load Router",
    "start": 1611309554172,
    "end": 1611309554175,
    "duration": 3,
    "pid": 2988,
    "index": 64
  },
  {
    "name": "Require(47) app/router.js",
    "start": 1611309554173,
    "end": 1611309554173,
    "duration": 0,
    "pid": 2988,
    "index": 65
  },
  {
    "name": "Before Start in node_modules/_egg-core@4.20.0@egg-core/lib/egg.js:303:10",
    "start": 1611309554173,
    "end": 1611309554183,
    "duration": 10,
    "pid": 2988,
    "index": 66
  }
]