[
  {
    "name": "Process Start",
    "start": 1611309627724,
    "end": 1611309628780,
    "duration": 1056,
    "pid": 11804,
    "index": 0
  },
  {
    "name": "Application Start",
    "start": 1611309628781,
    "end": 1611309629202,
    "duration": 421,
    "pid": 11804,
    "index": 1
  },
  {
    "name": "Load Plugin",
    "start": 1611309628785,
    "end": 1611309628808,
    "duration": 23,
    "pid": 11804,
    "index": 2
  },
  {
    "name": "Load Config",
    "start": 1611309628808,
    "end": 1611309628830,
    "duration": 22,
    "pid": 11804,
    "index": 3
  },
  {
    "name": "Require(0) config/config.default.js",
    "start": 1611309628809,
    "end": 1611309628809,
    "duration": 0,
    "pid": 11804,
    "index": 4
  },
  {
    "name": "Require(1) node_modules/_egg-session@3.2.0@egg-session/config/config.default.js",
    "start": 1611309628810,
    "end": 1611309628810,
    "duration": 0,
    "pid": 11804,
    "index": 5
  },
  {
    "name": "Require(2) node_modules/_egg-security@2.8.0@egg-security/config/config.default.js",
    "start": 1611309628811,
    "end": 1611309628811,
    "duration": 0,
    "pid": 11804,
    "index": 6
  },
  {
    "name": "Require(3) node_modules/_egg-jsonp@2.0.0@egg-jsonp/config/config.default.js",
    "start": 1611309628812,
    "end": 1611309628813,
    "duration": 1,
    "pid": 11804,
    "index": 7
  },
  {
    "name": "Require(4) node_modules/_egg-onerror@2.1.0@egg-onerror/config/config.default.js",
    "start": 1611309628813,
    "end": 1611309628813,
    "duration": 0,
    "pid": 11804,
    "index": 8
  },
  {
    "name": "Require(5) node_modules/_egg-i18n@2.1.1@egg-i18n/config/config.default.js",
    "start": 1611309628814,
    "end": 1611309628814,
    "duration": 0,
    "pid": 11804,
    "index": 9
  },
  {
    "name": "Require(6) node_modules/_egg-watcher@3.1.1@egg-watcher/config/config.default.js",
    "start": 1611309628815,
    "end": 1611309628815,
    "duration": 0,
    "pid": 11804,
    "index": 10
  },
  {
    "name": "Require(7) node_modules/_egg-schedule@3.6.6@egg-schedule/config/config.default.js",
    "start": 1611309628816,
    "end": 1611309628816,
    "duration": 0,
    "pid": 11804,
    "index": 11
  },
  {
    "name": "Require(8) node_modules/_egg-multipart@2.10.3@egg-multipart/config/config.default.js",
    "start": 1611309628817,
    "end": 1611309628817,
    "duration": 0,
    "pid": 11804,
    "index": 12
  },
  {
    "name": "Require(9) node_modules/_egg-development@2.7.0@egg-development/config/config.default.js",
    "start": 1611309628818,
    "end": 1611309628818,
    "duration": 0,
    "pid": 11804,
    "index": 13
  },
  {
    "name": "Require(10) node_modules/_egg-logrotator@3.1.0@egg-logrotator/config/config.default.js",
    "start": 1611309628819,
    "end": 1611309628819,
    "duration": 0,
    "pid": 11804,
    "index": 14
  },
  {
    "name": "Require(11) node_modules/_egg-static@2.2.0@egg-static/config/config.default.js",
    "start": 1611309628821,
    "end": 1611309628822,
    "duration": 1,
    "pid": 11804,
    "index": 15
  },
  {
    "name": "Require(12) node_modules/_egg-view@2.1.3@egg-view/config/config.default.js",
    "start": 1611309628822,
    "end": 1611309628823,
    "duration": 1,
    "pid": 11804,
    "index": 16
  },
  {
    "name": "Require(13) node_modules/_egg-view-ejs@2.0.1@egg-view-ejs/config/config.default.js",
    "start": 1611309628823,
    "end": 1611309628824,
    "duration": 1,
    "pid": 11804,
    "index": 17
  },
  {
    "name": "Require(14) node_modules/_egg@2.29.1@egg/config/config.default.js",
    "start": 1611309628824,
    "end": 1611309628824,
    "duration": 0,
    "pid": 11804,
    "index": 18
  },
  {
    "name": "Require(15) config/config.default.js",
    "start": 1611309628825,
    "end": 1611309628825,
    "duration": 0,
    "pid": 11804,
    "index": 19
  },
  {
    "name": "Require(16) node_modules/_egg-security@2.8.0@egg-security/config/config.local.js",
    "start": 1611309628826,
    "end": 1611309628826,
    "duration": 0,
    "pid": 11804,
    "index": 20
  },
  {
    "name": "Require(17) node_modules/_egg-watcher@3.1.1@egg-watcher/config/config.local.js",
    "start": 1611309628827,
    "end": 1611309628827,
    "duration": 0,
    "pid": 11804,
    "index": 21
  },
  {
    "name": "Require(18) node_modules/_egg-view@2.1.3@egg-view/config/config.local.js",
    "start": 1611309628829,
    "end": 1611309628829,
    "duration": 0,
    "pid": 11804,
    "index": 22
  },
  {
    "name": "Require(19) node_modules/_egg-view-ejs@2.0.1@egg-view-ejs/config/config.local.js",
    "start": 1611309628829,
    "end": 1611309628830,
    "duration": 1,
    "pid": 11804,
    "index": 23
  },
  {
    "name": "Require(20) node_modules/_egg@2.29.1@egg/config/config.local.js",
    "start": 1611309628830,
    "end": 1611309628830,
    "duration": 0,
    "pid": 11804,
    "index": 24
  },
  {
    "name": "Load extend/application.js",
    "start": 1611309628831,
    "end": 1611309628848,
    "duration": 17,
    "pid": 11804,
    "index": 25
  },
  {
    "name": "Require(21) node_modules/_egg-session@3.2.0@egg-session/app/extend/application.js",
    "start": 1611309628832,
    "end": 1611309628832,
    "duration": 0,
    "pid": 11804,
    "index": 26
  },
  {
    "name": "Require(22) node_modules/_egg-security@2.8.0@egg-security/app/extend/application.js",
    "start": 1611309628833,
    "end": 1611309628834,
    "duration": 1,
    "pid": 11804,
    "index": 27
  },
  {
    "name": "Require(23) node_modules/_egg-jsonp@2.0.0@egg-jsonp/app/extend/application.js",
    "start": 1611309628834,
    "end": 1611309628837,
    "duration": 3,
    "pid": 11804,
    "index": 28
  },
  {
    "name": "Require(24) node_modules/_egg-logrotator@3.1.0@egg-logrotator/app/extend/application.js",
    "start": 1611309628839,
    "end": 1611309628842,
    "duration": 3,
    "pid": 11804,
    "index": 29
  },
  {
    "name": "Require(25) node_modules/_egg-view@2.1.3@egg-view/app/extend/application.js",
    "start": 1611309628843,
    "end": 1611309628845,
    "duration": 2,
    "pid": 11804,
    "index": 30
  },
  {
    "name": "Load extend/request.js",
    "start": 1611309628848,
    "end": 1611309628857,
    "duration": 9,
    "pid": 11804,
    "index": 31
  },
  {
    "name": "Require(26) node_modules/_egg@2.29.1@egg/app/extend/request.js",
    "start": 1611309628851,
    "end": 1611309628854,
    "duration": 3,
    "pid": 11804,
    "index": 32
  },
  {
    "name": "Load extend/response.js",
    "start": 1611309628857,
    "end": 1611309628865,
    "duration": 8,
    "pid": 11804,
    "index": 33
  },
  {
    "name": "Require(27) node_modules/_egg@2.29.1@egg/app/extend/response.js",
    "start": 1611309628861,
    "end": 1611309628863,
    "duration": 2,
    "pid": 11804,
    "index": 34
  },
  {
    "name": "Load extend/context.js",
    "start": 1611309628866,
    "end": 1611309628937,
    "duration": 71,
    "pid": 11804,
    "index": 35
  },
  {
    "name": "Require(28) node_modules/_egg-security@2.8.0@egg-security/app/extend/context.js",
    "start": 1611309628866,
    "end": 1611309628879,
    "duration": 13,
    "pid": 11804,
    "index": 36
  },
  {
    "name": "Require(29) node_modules/_egg-jsonp@2.0.0@egg-jsonp/app/extend/context.js",
    "start": 1611309628880,
    "end": 1611309628881,
    "duration": 1,
    "pid": 11804,
    "index": 37
  },
  {
    "name": "Require(30) node_modules/_egg-i18n@2.1.1@egg-i18n/app/extend/context.js",
    "start": 1611309628882,
    "end": 1611309628882,
    "duration": 0,
    "pid": 11804,
    "index": 38
  },
  {
    "name": "Require(31) node_modules/_egg-multipart@2.10.3@egg-multipart/app/extend/context.js",
    "start": 1611309628883,
    "end": 1611309628930,
    "duration": 47,
    "pid": 11804,
    "index": 39
  },
  {
    "name": "Require(32) node_modules/_egg-view@2.1.3@egg-view/app/extend/context.js",
    "start": 1611309628931,
    "end": 1611309628932,
    "duration": 1,
    "pid": 11804,
    "index": 40
  },
  {
    "name": "Require(33) node_modules/_egg@2.29.1@egg/app/extend/context.js",
    "start": 1611309628932,
    "end": 1611309628934,
    "duration": 2,
    "pid": 11804,
    "index": 41
  },
  {
    "name": "Load extend/helper.js",
    "start": 1611309628938,
    "end": 1611309628960,
    "duration": 22,
    "pid": 11804,
    "index": 42
  },
  {
    "name": "Require(34) node_modules/_egg-security@2.8.0@egg-security/app/extend/helper.js",
    "start": 1611309628938,
    "end": 1611309628955,
    "duration": 17,
    "pid": 11804,
    "index": 43
  },
  {
    "name": "Require(35) node_modules/_egg@2.29.1@egg/app/extend/helper.js",
    "start": 1611309628957,
    "end": 1611309628957,
    "duration": 0,
    "pid": 11804,
    "index": 44
  },
  {
    "name": "Load app.js",
    "start": 1611309628960,
    "end": 1611309628997,
    "duration": 37,
    "pid": 11804,
    "index": 45
  },
  {
    "name": "Require(36) node_modules/_egg-session@3.2.0@egg-session/app.js",
    "start": 1611309628961,
    "end": 1611309628961,
    "duration": 0,
    "pid": 11804,
    "index": 46
  },
  {
    "name": "Require(37) node_modules/_egg-security@2.8.0@egg-security/app.js",
    "start": 1611309628961,
    "end": 1611309628963,
    "duration": 2,
    "pid": 11804,
    "index": 47
  },
  {
    "name": "Require(38) node_modules/_egg-onerror@2.1.0@egg-onerror/app.js",
    "start": 1611309628963,
    "end": 1611309628975,
    "duration": 12,
    "pid": 11804,
    "index": 48
  },
  {
    "name": "Require(39) node_modules/_egg-i18n@2.1.1@egg-i18n/app.js",
    "start": 1611309628975,
    "end": 1611309628983,
    "duration": 8,
    "pid": 11804,
    "index": 49
  },
  {
    "name": "Require(40) node_modules/_egg-watcher@3.1.1@egg-watcher/app.js",
    "start": 1611309628983,
    "end": 1611309628990,
    "duration": 7,
    "pid": 11804,
    "index": 50
  },
  {
    "name": "Require(41) node_modules/_egg-schedule@3.6.6@egg-schedule/app.js",
    "start": 1611309628990,
    "end": 1611309628993,
    "duration": 3,
    "pid": 11804,
    "index": 51
  },
  {
    "name": "Require(42) node_modules/_egg-multipart@2.10.3@egg-multipart/app.js",
    "start": 1611309628993,
    "end": 1611309628993,
    "duration": 0,
    "pid": 11804,
    "index": 52
  },
  {
    "name": "Require(43) node_modules/_egg-development@2.7.0@egg-development/app.js",
    "start": 1611309628994,
    "end": 1611309628994,
    "duration": 0,
    "pid": 11804,
    "index": 53
  },
  {
    "name": "Require(44) node_modules/_egg-logrotator@3.1.0@egg-logrotator/app.js",
    "start": 1611309628994,
    "end": 1611309628994,
    "duration": 0,
    "pid": 11804,
    "index": 54
  },
  {
    "name": "Require(45) node_modules/_egg-static@2.2.0@egg-static/app.js",
    "start": 1611309628995,
    "end": 1611309628995,
    "duration": 0,
    "pid": 11804,
    "index": 55
  },
  {
    "name": "Require(46) node_modules/_egg-view-ejs@2.0.1@egg-view-ejs/app.js",
    "start": 1611309628996,
    "end": 1611309628996,
    "duration": 0,
    "pid": 11804,
    "index": 56
  },
  {
    "name": "Before Start in node_modules/_egg-watcher@3.1.1@egg-watcher/lib/init.js:15:14",
    "start": 1611309629006,
    "end": 1611309629202,
    "duration": 196,
    "pid": 11804,
    "index": 57
  },
  {
    "name": "Load Service",
    "start": 1611309629041,
    "end": 1611309629046,
    "duration": 5,
    "pid": 11804,
    "index": 58
  },
  {
    "name": "Load \"service\" to Context",
    "start": 1611309629041,
    "end": 1611309629046,
    "duration": 5,
    "pid": 11804,
    "index": 59
  },
  {
    "name": "Load Middleware",
    "start": 1611309629046,
    "end": 1611309629182,
    "duration": 136,
    "pid": 11804,
    "index": 60
  },
  {
    "name": "Load \"middlewares\" to Application",
    "start": 1611309629046,
    "end": 1611309629165,
    "duration": 119,
    "pid": 11804,
    "index": 61
  },
  {
    "name": "Load Controller",
    "start": 1611309629182,
    "end": 1611309629186,
    "duration": 4,
    "pid": 11804,
    "index": 62
  },
  {
    "name": "Load \"controller\" to Application",
    "start": 1611309629182,
    "end": 1611309629186,
    "duration": 4,
    "pid": 11804,
    "index": 63
  },
  {
    "name": "Load Router",
    "start": 1611309629186,
    "end": 1611309629188,
    "duration": 2,
    "pid": 11804,
    "index": 64
  },
  {
    "name": "Require(47) app/router.js",
    "start": 1611309629186,
    "end": 1611309629186,
    "duration": 0,
    "pid": 11804,
    "index": 65
  },
  {
    "name": "Before Start in node_modules/_egg-core@4.20.0@egg-core/lib/egg.js:303:10",
    "start": 1611309629187,
    "end": 1611309629194,
    "duration": 7,
    "pid": 11804,
    "index": 66
  }
]