[
  {
    "name": "Process Start",
    "start": 1611309615764,
    "end": 1611309616892,
    "duration": 1128,
    "pid": 3416,
    "index": 0
  },
  {
    "name": "Application Start",
    "start": 1611309616893,
    "end": 1611309617288,
    "duration": 395,
    "pid": 3416,
    "index": 1
  },
  {
    "name": "Load Plugin",
    "start": 1611309616899,
    "end": 1611309616921,
    "duration": 22,
    "pid": 3416,
    "index": 2
  },
  {
    "name": "Load Config",
    "start": 1611309616921,
    "end": 1611309616946,
    "duration": 25,
    "pid": 3416,
    "index": 3
  },
  {
    "name": "Require(0) config/config.default.js",
    "start": 1611309616922,
    "end": 1611309616922,
    "duration": 0,
    "pid": 3416,
    "index": 4
  },
  {
    "name": "Require(1) node_modules/_egg-session@3.2.0@egg-session/config/config.default.js",
    "start": 1611309616924,
    "end": 1611309616924,
    "duration": 0,
    "pid": 3416,
    "index": 5
  },
  {
    "name": "Require(2) node_modules/_egg-security@2.8.0@egg-security/config/config.default.js",
    "start": 1611309616925,
    "end": 1611309616925,
    "duration": 0,
    "pid": 3416,
    "index": 6
  },
  {
    "name": "Require(3) node_modules/_egg-jsonp@2.0.0@egg-jsonp/config/config.default.js",
    "start": 1611309616927,
    "end": 1611309616927,
    "duration": 0,
    "pid": 3416,
    "index": 7
  },
  {
    "name": "Require(4) node_modules/_egg-onerror@2.1.0@egg-onerror/config/config.default.js",
    "start": 1611309616928,
    "end": 1611309616928,
    "duration": 0,
    "pid": 3416,
    "index": 8
  },
  {
    "name": "Require(5) node_modules/_egg-i18n@2.1.1@egg-i18n/config/config.default.js",
    "start": 1611309616929,
    "end": 1611309616929,
    "duration": 0,
    "pid": 3416,
    "index": 9
  },
  {
    "name": "Require(6) node_modules/_egg-watcher@3.1.1@egg-watcher/config/config.default.js",
    "start": 1611309616930,
    "end": 1611309616931,
    "duration": 1,
    "pid": 3416,
    "index": 10
  },
  {
    "name": "Require(7) node_modules/_egg-schedule@3.6.6@egg-schedule/config/config.default.js",
    "start": 1611309616931,
    "end": 1611309616932,
    "duration": 1,
    "pid": 3416,
    "index": 11
  },
  {
    "name": "Require(8) node_modules/_egg-multipart@2.10.3@egg-multipart/config/config.default.js",
    "start": 1611309616932,
    "end": 1611309616933,
    "duration": 1,
    "pid": 3416,
    "index": 12
  },
  {
    "name": "Require(9) node_modules/_egg-development@2.7.0@egg-development/config/config.default.js",
    "start": 1611309616933,
    "end": 1611309616934,
    "duration": 1,
    "pid": 3416,
    "index": 13
  },
  {
    "name": "Require(10) node_modules/_egg-logrotator@3.1.0@egg-logrotator/config/config.default.js",
    "start": 1611309616934,
    "end": 1611309616935,
    "duration": 1,
    "pid": 3416,
    "index": 14
  },
  {
    "name": "Require(11) node_modules/_egg-static@2.2.0@egg-static/config/config.default.js",
    "start": 1611309616936,
    "end": 1611309616936,
    "duration": 0,
    "pid": 3416,
    "index": 15
  },
  {
    "name": "Require(12) node_modules/_egg-view@2.1.3@egg-view/config/config.default.js",
    "start": 1611309616937,
    "end": 1611309616937,
    "duration": 0,
    "pid": 3416,
    "index": 16
  },
  {
    "name": "Require(13) node_modules/_egg-view-ejs@2.0.1@egg-view-ejs/config/config.default.js",
    "start": 1611309616938,
    "end": 1611309616938,
    "duration": 0,
    "pid": 3416,
    "index": 17
  },
  {
    "name": "Require(14) node_modules/_egg@2.29.1@egg/config/config.default.js",
    "start": 1611309616939,
    "end": 1611309616939,
    "duration": 0,
    "pid": 3416,
    "index": 18
  },
  {
    "name": "Require(15) config/config.default.js",
    "start": 1611309616941,
    "end": 1611309616941,
    "duration": 0,
    "pid": 3416,
    "index": 19
  },
  {
    "name": "Require(16) node_modules/_egg-security@2.8.0@egg-security/config/config.local.js",
    "start": 1611309616941,
    "end": 1611309616942,
    "duration": 1,
    "pid": 3416,
    "index": 20
  },
  {
    "name": "Require(17) node_modules/_egg-watcher@3.1.1@egg-watcher/config/config.local.js",
    "start": 1611309616943,
    "end": 1611309616943,
    "duration": 0,
    "pid": 3416,
    "index": 21
  },
  {
    "name": "Require(18) node_modules/_egg-view@2.1.3@egg-view/config/config.local.js",
    "start": 1611309616944,
    "end": 1611309616945,
    "duration": 1,
    "pid": 3416,
    "index": 22
  },
  {
    "name": "Require(19) node_modules/_egg-view-ejs@2.0.1@egg-view-ejs/config/config.local.js",
    "start": 1611309616945,
    "end": 1611309616945,
    "duration": 0,
    "pid": 3416,
    "index": 23
  },
  {
    "name": "Require(20) node_modules/_egg@2.29.1@egg/config/config.local.js",
    "start": 1611309616946,
    "end": 1611309616946,
    "duration": 0,
    "pid": 3416,
    "index": 24
  },
  {
    "name": "Load extend/application.js",
    "start": 1611309616947,
    "end": 1611309616964,
    "duration": 17,
    "pid": 3416,
    "index": 25
  },
  {
    "name": "Require(21) node_modules/_egg-session@3.2.0@egg-session/app/extend/application.js",
    "start": 1611309616948,
    "end": 1611309616948,
    "duration": 0,
    "pid": 3416,
    "index": 26
  },
  {
    "name": "Require(22) node_modules/_egg-security@2.8.0@egg-security/app/extend/application.js",
    "start": 1611309616949,
    "end": 1611309616950,
    "duration": 1,
    "pid": 3416,
    "index": 27
  },
  {
    "name": "Require(23) node_modules/_egg-jsonp@2.0.0@egg-jsonp/app/extend/application.js",
    "start": 1611309616950,
    "end": 1611309616953,
    "duration": 3,
    "pid": 3416,
    "index": 28
  },
  {
    "name": "Require(24) node_modules/_egg-logrotator@3.1.0@egg-logrotator/app/extend/application.js",
    "start": 1611309616954,
    "end": 1611309616958,
    "duration": 4,
    "pid": 3416,
    "index": 29
  },
  {
    "name": "Require(25) node_modules/_egg-view@2.1.3@egg-view/app/extend/application.js",
    "start": 1611309616958,
    "end": 1611309616960,
    "duration": 2,
    "pid": 3416,
    "index": 30
  },
  {
    "name": "Load extend/request.js",
    "start": 1611309616964,
    "end": 1611309616972,
    "duration": 8,
    "pid": 3416,
    "index": 31
  },
  {
    "name": "Require(26) node_modules/_egg@2.29.1@egg/app/extend/request.js",
    "start": 1611309616967,
    "end": 1611309616969,
    "duration": 2,
    "pid": 3416,
    "index": 32
  },
  {
    "name": "Load extend/response.js",
    "start": 1611309616972,
    "end": 1611309616983,
    "duration": 11,
    "pid": 3416,
    "index": 33
  },
  {
    "name": "Require(27) node_modules/_egg@2.29.1@egg/app/extend/response.js",
    "start": 1611309616977,
    "end": 1611309616980,
    "duration": 3,
    "pid": 3416,
    "index": 34
  },
  {
    "name": "Load extend/context.js",
    "start": 1611309616983,
    "end": 1611309617050,
    "duration": 67,
    "pid": 3416,
    "index": 35
  },
  {
    "name": "Require(28) node_modules/_egg-security@2.8.0@egg-security/app/extend/context.js",
    "start": 1611309616983,
    "end": 1611309616996,
    "duration": 13,
    "pid": 3416,
    "index": 36
  },
  {
    "name": "Require(29) node_modules/_egg-jsonp@2.0.0@egg-jsonp/app/extend/context.js",
    "start": 1611309616996,
    "end": 1611309616998,
    "duration": 2,
    "pid": 3416,
    "index": 37
  },
  {
    "name": "Require(30) node_modules/_egg-i18n@2.1.1@egg-i18n/app/extend/context.js",
    "start": 1611309616999,
    "end": 1611309616999,
    "duration": 0,
    "pid": 3416,
    "index": 38
  },
  {
    "name": "Require(31) node_modules/_egg-multipart@2.10.3@egg-multipart/app/extend/context.js",
    "start": 1611309617000,
    "end": 1611309617043,
    "duration": 43,
    "pid": 3416,
    "index": 39
  },
  {
    "name": "Require(32) node_modules/_egg-view@2.1.3@egg-view/app/extend/context.js",
    "start": 1611309617044,
    "end": 1611309617045,
    "duration": 1,
    "pid": 3416,
    "index": 40
  },
  {
    "name": "Require(33) node_modules/_egg@2.29.1@egg/app/extend/context.js",
    "start": 1611309617046,
    "end": 1611309617047,
    "duration": 1,
    "pid": 3416,
    "index": 41
  },
  {
    "name": "Load extend/helper.js",
    "start": 1611309617050,
    "end": 1611309617071,
    "duration": 21,
    "pid": 3416,
    "index": 42
  },
  {
    "name": "Require(34) node_modules/_egg-security@2.8.0@egg-security/app/extend/helper.js",
    "start": 1611309617050,
    "end": 1611309617066,
    "duration": 16,
    "pid": 3416,
    "index": 43
  },
  {
    "name": "Require(35) node_modules/_egg@2.29.1@egg/app/extend/helper.js",
    "start": 1611309617068,
    "end": 1611309617068,
    "duration": 0,
    "pid": 3416,
    "index": 44
  },
  {
    "name": "Load app.js",
    "start": 1611309617071,
    "end": 1611309617103,
    "duration": 32,
    "pid": 3416,
    "index": 45
  },
  {
    "name": "Require(36) node_modules/_egg-session@3.2.0@egg-session/app.js",
    "start": 1611309617072,
    "end": 1611309617072,
    "duration": 0,
    "pid": 3416,
    "index": 46
  },
  {
    "name": "Require(37) node_modules/_egg-security@2.8.0@egg-security/app.js",
    "start": 1611309617072,
    "end": 1611309617074,
    "duration": 2,
    "pid": 3416,
    "index": 47
  },
  {
    "name": "Require(38) node_modules/_egg-onerror@2.1.0@egg-onerror/app.js",
    "start": 1611309617075,
    "end": 1611309617085,
    "duration": 10,
    "pid": 3416,
    "index": 48
  },
  {
    "name": "Require(39) node_modules/_egg-i18n@2.1.1@egg-i18n/app.js",
    "start": 1611309617085,
    "end": 1611309617093,
    "duration": 8,
    "pid": 3416,
    "index": 49
  },
  {
    "name": "Require(40) node_modules/_egg-watcher@3.1.1@egg-watcher/app.js",
    "start": 1611309617093,
    "end": 1611309617097,
    "duration": 4,
    "pid": 3416,
    "index": 50
  },
  {
    "name": "Require(41) node_modules/_egg-schedule@3.6.6@egg-schedule/app.js",
    "start": 1611309617097,
    "end": 1611309617099,
    "duration": 2,
    "pid": 3416,
    "index": 51
  },
  {
    "name": "Require(42) node_modules/_egg-multipart@2.10.3@egg-multipart/app.js",
    "start": 1611309617099,
    "end": 1611309617099,
    "duration": 0,
    "pid": 3416,
    "index": 52
  },
  {
    "name": "Require(43) node_modules/_egg-development@2.7.0@egg-development/app.js",
    "start": 1611309617100,
    "end": 1611309617100,
    "duration": 0,
    "pid": 3416,
    "index": 53
  },
  {
    "name": "Require(44) node_modules/_egg-logrotator@3.1.0@egg-logrotator/app.js",
    "start": 1611309617100,
    "end": 1611309617100,
    "duration": 0,
    "pid": 3416,
    "index": 54
  },
  {
    "name": "Require(45) node_modules/_egg-static@2.2.0@egg-static/app.js",
    "start": 1611309617101,
    "end": 1611309617101,
    "duration": 0,
    "pid": 3416,
    "index": 55
  },
  {
    "name": "Require(46) node_modules/_egg-view-ejs@2.0.1@egg-view-ejs/app.js",
    "start": 1611309617102,
    "end": 1611309617102,
    "duration": 0,
    "pid": 3416,
    "index": 56
  },
  {
    "name": "Before Start in node_modules/_egg-watcher@3.1.1@egg-watcher/lib/init.js:15:14",
    "start": 1611309617110,
    "end": 1611309617288,
    "duration": 178,
    "pid": 3416,
    "index": 57
  },
  {
    "name": "Load Service",
    "start": 1611309617141,
    "end": 1611309617145,
    "duration": 4,
    "pid": 3416,
    "index": 58
  },
  {
    "name": "Load \"service\" to Context",
    "start": 1611309617141,
    "end": 1611309617145,
    "duration": 4,
    "pid": 3416,
    "index": 59
  },
  {
    "name": "Load Middleware",
    "start": 1611309617145,
    "end": 1611309617268,
    "duration": 123,
    "pid": 3416,
    "index": 60
  },
  {
    "name": "Load \"middlewares\" to Application",
    "start": 1611309617145,
    "end": 1611309617253,
    "duration": 108,
    "pid": 3416,
    "index": 61
  },
  {
    "name": "Load Controller",
    "start": 1611309617268,
    "end": 1611309617271,
    "duration": 3,
    "pid": 3416,
    "index": 62
  },
  {
    "name": "Load \"controller\" to Application",
    "start": 1611309617268,
    "end": 1611309617271,
    "duration": 3,
    "pid": 3416,
    "index": 63
  },
  {
    "name": "Load Router",
    "start": 1611309617271,
    "end": 1611309617274,
    "duration": 3,
    "pid": 3416,
    "index": 64
  },
  {
    "name": "Require(47) app/router.js",
    "start": 1611309617272,
    "end": 1611309617272,
    "duration": 0,
    "pid": 3416,
    "index": 65
  },
  {
    "name": "Before Start in node_modules/_egg-core@4.20.0@egg-core/lib/egg.js:303:10",
    "start": 1611309617272,
    "end": 1611309617280,
    "duration": 8,
    "pid": 3416,
    "index": 66
  }
]