[
  {
    "name": "Process Start",
    "start": 1611309596010,
    "end": 1611309597081,
    "duration": 1071,
    "pid": 15532,
    "index": 0
  },
  {
    "name": "Application Start",
    "start": 1611309597082,
    "end": 1611309597508,
    "duration": 426,
    "pid": 15532,
    "index": 1
  },
  {
    "name": "Load Plugin",
    "start": 1611309597086,
    "end": 1611309597112,
    "duration": 26,
    "pid": 15532,
    "index": 2
  },
  {
    "name": "Load Config",
    "start": 1611309597112,
    "end": 1611309597137,
    "duration": 25,
    "pid": 15532,
    "index": 3
  },
  {
    "name": "Require(0) config/config.default.js",
    "start": 1611309597113,
    "end": 1611309597113,
    "duration": 0,
    "pid": 15532,
    "index": 4
  },
  {
    "name": "Require(1) node_modules/_egg-session@3.2.0@egg-session/config/config.default.js",
    "start": 1611309597115,
    "end": 1611309597115,
    "duration": 0,
    "pid": 15532,
    "index": 5
  },
  {
    "name": "Require(2) node_modules/_egg-security@2.8.0@egg-security/config/config.default.js",
    "start": 1611309597116,
    "end": 1611309597116,
    "duration": 0,
    "pid": 15532,
    "index": 6
  },
  {
    "name": "Require(3) node_modules/_egg-jsonp@2.0.0@egg-jsonp/config/config.default.js",
    "start": 1611309597117,
    "end": 1611309597118,
    "duration": 1,
    "pid": 15532,
    "index": 7
  },
  {
    "name": "Require(4) node_modules/_egg-onerror@2.1.0@egg-onerror/config/config.default.js",
    "start": 1611309597118,
    "end": 1611309597119,
    "duration": 1,
    "pid": 15532,
    "index": 8
  },
  {
    "name": "Require(5) node_modules/_egg-i18n@2.1.1@egg-i18n/config/config.default.js",
    "start": 1611309597119,
    "end": 1611309597120,
    "duration": 1,
    "pid": 15532,
    "index": 9
  },
  {
    "name": "Require(6) node_modules/_egg-watcher@3.1.1@egg-watcher/config/config.default.js",
    "start": 1611309597120,
    "end": 1611309597121,
    "duration": 1,
    "pid": 15532,
    "index": 10
  },
  {
    "name": "Require(7) node_modules/_egg-schedule@3.6.6@egg-schedule/config/config.default.js",
    "start": 1611309597121,
    "end": 1611309597122,
    "duration": 1,
    "pid": 15532,
    "index": 11
  },
  {
    "name": "Require(8) node_modules/_egg-multipart@2.10.3@egg-multipart/config/config.default.js",
    "start": 1611309597123,
    "end": 1611309597123,
    "duration": 0,
    "pid": 15532,
    "index": 12
  },
  {
    "name": "Require(9) node_modules/_egg-development@2.7.0@egg-development/config/config.default.js",
    "start": 1611309597124,
    "end": 1611309597125,
    "duration": 1,
    "pid": 15532,
    "index": 13
  },
  {
    "name": "Require(10) node_modules/_egg-logrotator@3.1.0@egg-logrotator/config/config.default.js",
    "start": 1611309597126,
    "end": 1611309597126,
    "duration": 0,
    "pid": 15532,
    "index": 14
  },
  {
    "name": "Require(11) node_modules/_egg-static@2.2.0@egg-static/config/config.default.js",
    "start": 1611309597127,
    "end": 1611309597127,
    "duration": 0,
    "pid": 15532,
    "index": 15
  },
  {
    "name": "Require(12) node_modules/_egg-view@2.1.3@egg-view/config/config.default.js",
    "start": 1611309597128,
    "end": 1611309597128,
    "duration": 0,
    "pid": 15532,
    "index": 16
  },
  {
    "name": "Require(13) node_modules/_egg-view-ejs@2.0.1@egg-view-ejs/config/config.default.js",
    "start": 1611309597129,
    "end": 1611309597129,
    "duration": 0,
    "pid": 15532,
    "index": 17
  },
  {
    "name": "Require(14) node_modules/_egg@2.29.1@egg/config/config.default.js",
    "start": 1611309597130,
    "end": 1611309597130,
    "duration": 0,
    "pid": 15532,
    "index": 18
  },
  {
    "name": "Require(15) config/config.default.js",
    "start": 1611309597131,
    "end": 1611309597131,
    "duration": 0,
    "pid": 15532,
    "index": 19
  },
  {
    "name": "Require(16) node_modules/_egg-security@2.8.0@egg-security/config/config.local.js",
    "start": 1611309597132,
    "end": 1611309597132,
    "duration": 0,
    "pid": 15532,
    "index": 20
  },
  {
    "name": "Require(17) node_modules/_egg-watcher@3.1.1@egg-watcher/config/config.local.js",
    "start": 1611309597134,
    "end": 1611309597134,
    "duration": 0,
    "pid": 15532,
    "index": 21
  },
  {
    "name": "Require(18) node_modules/_egg-view@2.1.3@egg-view/config/config.local.js",
    "start": 1611309597136,
    "end": 1611309597136,
    "duration": 0,
    "pid": 15532,
    "index": 22
  },
  {
    "name": "Require(19) node_modules/_egg-view-ejs@2.0.1@egg-view-ejs/config/config.local.js",
    "start": 1611309597136,
    "end": 1611309597137,
    "duration": 1,
    "pid": 15532,
    "index": 23
  },
  {
    "name": "Require(20) node_modules/_egg@2.29.1@egg/config/config.local.js",
    "start": 1611309597137,
    "end": 1611309597137,
    "duration": 0,
    "pid": 15532,
    "index": 24
  },
  {
    "name": "Load extend/application.js",
    "start": 1611309597138,
    "end": 1611309597156,
    "duration": 18,
    "pid": 15532,
    "index": 25
  },
  {
    "name": "Require(21) node_modules/_egg-session@3.2.0@egg-session/app/extend/application.js",
    "start": 1611309597139,
    "end": 1611309597140,
    "duration": 1,
    "pid": 15532,
    "index": 26
  },
  {
    "name": "Require(22) node_modules/_egg-security@2.8.0@egg-security/app/extend/application.js",
    "start": 1611309597140,
    "end": 1611309597142,
    "duration": 2,
    "pid": 15532,
    "index": 27
  },
  {
    "name": "Require(23) node_modules/_egg-jsonp@2.0.0@egg-jsonp/app/extend/application.js",
    "start": 1611309597142,
    "end": 1611309597145,
    "duration": 3,
    "pid": 15532,
    "index": 28
  },
  {
    "name": "Require(24) node_modules/_egg-logrotator@3.1.0@egg-logrotator/app/extend/application.js",
    "start": 1611309597146,
    "end": 1611309597149,
    "duration": 3,
    "pid": 15532,
    "index": 29
  },
  {
    "name": "Require(25) node_modules/_egg-view@2.1.3@egg-view/app/extend/application.js",
    "start": 1611309597150,
    "end": 1611309597152,
    "duration": 2,
    "pid": 15532,
    "index": 30
  },
  {
    "name": "Load extend/request.js",
    "start": 1611309597156,
    "end": 1611309597167,
    "duration": 11,
    "pid": 15532,
    "index": 31
  },
  {
    "name": "Require(26) node_modules/_egg@2.29.1@egg/app/extend/request.js",
    "start": 1611309597160,
    "end": 1611309597162,
    "duration": 2,
    "pid": 15532,
    "index": 32
  },
  {
    "name": "Load extend/response.js",
    "start": 1611309597168,
    "end": 1611309597177,
    "duration": 9,
    "pid": 15532,
    "index": 33
  },
  {
    "name": "Require(27) node_modules/_egg@2.29.1@egg/app/extend/response.js",
    "start": 1611309597170,
    "end": 1611309597173,
    "duration": 3,
    "pid": 15532,
    "index": 34
  },
  {
    "name": "Load extend/context.js",
    "start": 1611309597177,
    "end": 1611309597243,
    "duration": 66,
    "pid": 15532,
    "index": 35
  },
  {
    "name": "Require(28) node_modules/_egg-security@2.8.0@egg-security/app/extend/context.js",
    "start": 1611309597177,
    "end": 1611309597191,
    "duration": 14,
    "pid": 15532,
    "index": 36
  },
  {
    "name": "Require(29) node_modules/_egg-jsonp@2.0.0@egg-jsonp/app/extend/context.js",
    "start": 1611309597192,
    "end": 1611309597193,
    "duration": 1,
    "pid": 15532,
    "index": 37
  },
  {
    "name": "Require(30) node_modules/_egg-i18n@2.1.1@egg-i18n/app/extend/context.js",
    "start": 1611309597194,
    "end": 1611309597194,
    "duration": 0,
    "pid": 15532,
    "index": 38
  },
  {
    "name": "Require(31) node_modules/_egg-multipart@2.10.3@egg-multipart/app/extend/context.js",
    "start": 1611309597195,
    "end": 1611309597237,
    "duration": 42,
    "pid": 15532,
    "index": 39
  },
  {
    "name": "Require(32) node_modules/_egg-view@2.1.3@egg-view/app/extend/context.js",
    "start": 1611309597238,
    "end": 1611309597239,
    "duration": 1,
    "pid": 15532,
    "index": 40
  },
  {
    "name": "Require(33) node_modules/_egg@2.29.1@egg/app/extend/context.js",
    "start": 1611309597239,
    "end": 1611309597240,
    "duration": 1,
    "pid": 15532,
    "index": 41
  },
  {
    "name": "Load extend/helper.js",
    "start": 1611309597243,
    "end": 1611309597264,
    "duration": 21,
    "pid": 15532,
    "index": 42
  },
  {
    "name": "Require(34) node_modules/_egg-security@2.8.0@egg-security/app/extend/helper.js",
    "start": 1611309597244,
    "end": 1611309597259,
    "duration": 15,
    "pid": 15532,
    "index": 43
  },
  {
    "name": "Require(35) node_modules/_egg@2.29.1@egg/app/extend/helper.js",
    "start": 1611309597261,
    "end": 1611309597261,
    "duration": 0,
    "pid": 15532,
    "index": 44
  },
  {
    "name": "Load app.js",
    "start": 1611309597264,
    "end": 1611309597295,
    "duration": 31,
    "pid": 15532,
    "index": 45
  },
  {
    "name": "Require(36) node_modules/_egg-session@3.2.0@egg-session/app.js",
    "start": 1611309597265,
    "end": 1611309597265,
    "duration": 0,
    "pid": 15532,
    "index": 46
  },
  {
    "name": "Require(37) node_modules/_egg-security@2.8.0@egg-security/app.js",
    "start": 1611309597265,
    "end": 1611309597267,
    "duration": 2,
    "pid": 15532,
    "index": 47
  },
  {
    "name": "Require(38) node_modules/_egg-onerror@2.1.0@egg-onerror/app.js",
    "start": 1611309597267,
    "end": 1611309597277,
    "duration": 10,
    "pid": 15532,
    "index": 48
  },
  {
    "name": "Require(39) node_modules/_egg-i18n@2.1.1@egg-i18n/app.js",
    "start": 1611309597277,
    "end": 1611309597285,
    "duration": 8,
    "pid": 15532,
    "index": 49
  },
  {
    "name": "Require(40) node_modules/_egg-watcher@3.1.1@egg-watcher/app.js",
    "start": 1611309597285,
    "end": 1611309597289,
    "duration": 4,
    "pid": 15532,
    "index": 50
  },
  {
    "name": "Require(41) node_modules/_egg-schedule@3.6.6@egg-schedule/app.js",
    "start": 1611309597289,
    "end": 1611309597291,
    "duration": 2,
    "pid": 15532,
    "index": 51
  },
  {
    "name": "Require(42) node_modules/_egg-multipart@2.10.3@egg-multipart/app.js",
    "start": 1611309597292,
    "end": 1611309597292,
    "duration": 0,
    "pid": 15532,
    "index": 52
  },
  {
    "name": "Require(43) node_modules/_egg-development@2.7.0@egg-development/app.js",
    "start": 1611309597292,
    "end": 1611309597292,
    "duration": 0,
    "pid": 15532,
    "index": 53
  },
  {
    "name": "Require(44) node_modules/_egg-logrotator@3.1.0@egg-logrotator/app.js",
    "start": 1611309597293,
    "end": 1611309597293,
    "duration": 0,
    "pid": 15532,
    "index": 54
  },
  {
    "name": "Require(45) node_modules/_egg-static@2.2.0@egg-static/app.js",
    "start": 1611309597293,
    "end": 1611309597293,
    "duration": 0,
    "pid": 15532,
    "index": 55
  },
  {
    "name": "Require(46) node_modules/_egg-view-ejs@2.0.1@egg-view-ejs/app.js",
    "start": 1611309597294,
    "end": 1611309597294,
    "duration": 0,
    "pid": 15532,
    "index": 56
  },
  {
    "name": "Before Start in node_modules/_egg-watcher@3.1.1@egg-watcher/lib/init.js:15:14",
    "start": 1611309597302,
    "end": 1611309597508,
    "duration": 206,
    "pid": 15532,
    "index": 57
  },
  {
    "name": "Load Service",
    "start": 1611309597361,
    "end": 1611309597366,
    "duration": 5,
    "pid": 15532,
    "index": 58
  },
  {
    "name": "Load \"service\" to Context",
    "start": 1611309597361,
    "end": 1611309597366,
    "duration": 5,
    "pid": 15532,
    "index": 59
  },
  {
    "name": "Load Middleware",
    "start": 1611309597366,
    "end": 1611309597489,
    "duration": 123,
    "pid": 15532,
    "index": 60
  },
  {
    "name": "Load \"middlewares\" to Application",
    "start": 1611309597366,
    "end": 1611309597474,
    "duration": 108,
    "pid": 15532,
    "index": 61
  },
  {
    "name": "Load Controller",
    "start": 1611309597489,
    "end": 1611309597492,
    "duration": 3,
    "pid": 15532,
    "index": 62
  },
  {
    "name": "Load \"controller\" to Application",
    "start": 1611309597489,
    "end": 1611309597492,
    "duration": 3,
    "pid": 15532,
    "index": 63
  },
  {
    "name": "Load Router",
    "start": 1611309597492,
    "end": 1611309597494,
    "duration": 2,
    "pid": 15532,
    "index": 64
  },
  {
    "name": "Require(47) app/router.js",
    "start": 1611309597492,
    "end": 1611309597493,
    "duration": 1,
    "pid": 15532,
    "index": 65
  },
  {
    "name": "Before Start in node_modules/_egg-core@4.20.0@egg-core/lib/egg.js:303:10",
    "start": 1611309597493,
    "end": 1611309597500,
    "duration": 7,
    "pid": 15532,
    "index": 66
  }
]