[
  {
    "name": "Process Start",
    "start": 1611309629235,
    "end": 1611309630339,
    "duration": 1104,
    "pid": 9864,
    "index": 0
  },
  {
    "name": "Application Start",
    "start": 1611309630341,
    "end": 1611309630749,
    "duration": 408,
    "pid": 9864,
    "index": 1
  },
  {
    "name": "Load Plugin",
    "start": 1611309630349,
    "end": 1611309630378,
    "duration": 29,
    "pid": 9864,
    "index": 2
  },
  {
    "name": "Load Config",
    "start": 1611309630378,
    "end": 1611309630408,
    "duration": 30,
    "pid": 9864,
    "index": 3
  },
  {
    "name": "Require(0) config/config.default.js",
    "start": 1611309630379,
    "end": 1611309630379,
    "duration": 0,
    "pid": 9864,
    "index": 4
  },
  {
    "name": "Require(1) node_modules/_egg-session@3.2.0@egg-session/config/config.default.js",
    "start": 1611309630381,
    "end": 1611309630382,
    "duration": 1,
    "pid": 9864,
    "index": 5
  },
  {
    "name": "Require(2) node_modules/_egg-security@2.8.0@egg-security/config/config.default.js",
    "start": 1611309630383,
    "end": 1611309630383,
    "duration": 0,
    "pid": 9864,
    "index": 6
  },
  {
    "name": "Require(3) node_modules/_egg-jsonp@2.0.0@egg-jsonp/config/config.default.js",
    "start": 1611309630385,
    "end": 1611309630386,
    "duration": 1,
    "pid": 9864,
    "index": 7
  },
  {
    "name": "Require(4) node_modules/_egg-onerror@2.1.0@egg-onerror/config/config.default.js",
    "start": 1611309630386,
    "end": 1611309630387,
    "duration": 1,
    "pid": 9864,
    "index": 8
  },
  {
    "name": "Require(5) node_modules/_egg-i18n@2.1.1@egg-i18n/config/config.default.js",
    "start": 1611309630388,
    "end": 1611309630389,
    "duration": 1,
    "pid": 9864,
    "index": 9
  },
  {
    "name": "Require(6) node_modules/_egg-watcher@3.1.1@egg-watcher/config/config.default.js",
    "start": 1611309630390,
    "end": 1611309630391,
    "duration": 1,
    "pid": 9864,
    "index": 10
  },
  {
    "name": "Require(7) node_modules/_egg-schedule@3.6.6@egg-schedule/config/config.default.js",
    "start": 1611309630391,
    "end": 1611309630392,
    "duration": 1,
    "pid": 9864,
    "index": 11
  },
  {
    "name": "Require(8) node_modules/_egg-multipart@2.10.3@egg-multipart/config/config.default.js",
    "start": 1611309630392,
    "end": 1611309630393,
    "duration": 1,
    "pid": 9864,
    "index": 12
  },
  {
    "name": "Require(9) node_modules/_egg-development@2.7.0@egg-development/config/config.default.js",
    "start": 1611309630394,
    "end": 1611309630394,
    "duration": 0,
    "pid": 9864,
    "index": 13
  },
  {
    "name": "Require(10) node_modules/_egg-logrotator@3.1.0@egg-logrotator/config/config.default.js",
    "start": 1611309630395,
    "end": 1611309630395,
    "duration": 0,
    "pid": 9864,
    "index": 14
  },
  {
    "name": "Require(11) node_modules/_egg-static@2.2.0@egg-static/config/config.default.js",
    "start": 1611309630396,
    "end": 1611309630396,
    "duration": 0,
    "pid": 9864,
    "index": 15
  },
  {
    "name": "Require(12) node_modules/_egg-view@2.1.3@egg-view/config/config.default.js",
    "start": 1611309630397,
    "end": 1611309630397,
    "duration": 0,
    "pid": 9864,
    "index": 16
  },
  {
    "name": "Require(13) node_modules/_egg-view-ejs@2.0.1@egg-view-ejs/config/config.default.js",
    "start": 1611309630398,
    "end": 1611309630398,
    "duration": 0,
    "pid": 9864,
    "index": 17
  },
  {
    "name": "Require(14) node_modules/_egg@2.29.1@egg/config/config.default.js",
    "start": 1611309630399,
    "end": 1611309630400,
    "duration": 1,
    "pid": 9864,
    "index": 18
  },
  {
    "name": "Require(15) config/config.default.js",
    "start": 1611309630401,
    "end": 1611309630401,
    "duration": 0,
    "pid": 9864,
    "index": 19
  },
  {
    "name": "Require(16) node_modules/_egg-security@2.8.0@egg-security/config/config.local.js",
    "start": 1611309630402,
    "end": 1611309630402,
    "duration": 0,
    "pid": 9864,
    "index": 20
  },
  {
    "name": "Require(17) node_modules/_egg-watcher@3.1.1@egg-watcher/config/config.local.js",
    "start": 1611309630404,
    "end": 1611309630404,
    "duration": 0,
    "pid": 9864,
    "index": 21
  },
  {
    "name": "Require(18) node_modules/_egg-view@2.1.3@egg-view/config/config.local.js",
    "start": 1611309630406,
    "end": 1611309630406,
    "duration": 0,
    "pid": 9864,
    "index": 22
  },
  {
    "name": "Require(19) node_modules/_egg-view-ejs@2.0.1@egg-view-ejs/config/config.local.js",
    "start": 1611309630406,
    "end": 1611309630407,
    "duration": 1,
    "pid": 9864,
    "index": 23
  },
  {
    "name": "Require(20) node_modules/_egg@2.29.1@egg/config/config.local.js",
    "start": 1611309630407,
    "end": 1611309630407,
    "duration": 0,
    "pid": 9864,
    "index": 24
  },
  {
    "name": "Load extend/application.js",
    "start": 1611309630409,
    "end": 1611309630425,
    "duration": 16,
    "pid": 9864,
    "index": 25
  },
  {
    "name": "Require(21) node_modules/_egg-session@3.2.0@egg-session/app/extend/application.js",
    "start": 1611309630409,
    "end": 1611309630410,
    "duration": 1,
    "pid": 9864,
    "index": 26
  },
  {
    "name": "Require(22) node_modules/_egg-security@2.8.0@egg-security/app/extend/application.js",
    "start": 1611309630410,
    "end": 1611309630411,
    "duration": 1,
    "pid": 9864,
    "index": 27
  },
  {
    "name": "Require(23) node_modules/_egg-jsonp@2.0.0@egg-jsonp/app/extend/application.js",
    "start": 1611309630412,
    "end": 1611309630414,
    "duration": 2,
    "pid": 9864,
    "index": 28
  },
  {
    "name": "Require(24) node_modules/_egg-logrotator@3.1.0@egg-logrotator/app/extend/application.js",
    "start": 1611309630416,
    "end": 1611309630419,
    "duration": 3,
    "pid": 9864,
    "index": 29
  },
  {
    "name": "Require(25) node_modules/_egg-view@2.1.3@egg-view/app/extend/application.js",
    "start": 1611309630420,
    "end": 1611309630422,
    "duration": 2,
    "pid": 9864,
    "index": 30
  },
  {
    "name": "Load extend/request.js",
    "start": 1611309630426,
    "end": 1611309630433,
    "duration": 7,
    "pid": 9864,
    "index": 31
  },
  {
    "name": "Require(26) node_modules/_egg@2.29.1@egg/app/extend/request.js",
    "start": 1611309630429,
    "end": 1611309630430,
    "duration": 1,
    "pid": 9864,
    "index": 32
  },
  {
    "name": "Load extend/response.js",
    "start": 1611309630433,
    "end": 1611309630445,
    "duration": 12,
    "pid": 9864,
    "index": 33
  },
  {
    "name": "Require(27) node_modules/_egg@2.29.1@egg/app/extend/response.js",
    "start": 1611309630439,
    "end": 1611309630442,
    "duration": 3,
    "pid": 9864,
    "index": 34
  },
  {
    "name": "Load extend/context.js",
    "start": 1611309630445,
    "end": 1611309630518,
    "duration": 73,
    "pid": 9864,
    "index": 35
  },
  {
    "name": "Require(28) node_modules/_egg-security@2.8.0@egg-security/app/extend/context.js",
    "start": 1611309630445,
    "end": 1611309630460,
    "duration": 15,
    "pid": 9864,
    "index": 36
  },
  {
    "name": "Require(29) node_modules/_egg-jsonp@2.0.0@egg-jsonp/app/extend/context.js",
    "start": 1611309630461,
    "end": 1611309630463,
    "duration": 2,
    "pid": 9864,
    "index": 37
  },
  {
    "name": "Require(30) node_modules/_egg-i18n@2.1.1@egg-i18n/app/extend/context.js",
    "start": 1611309630463,
    "end": 1611309630464,
    "duration": 1,
    "pid": 9864,
    "index": 38
  },
  {
    "name": "Require(31) node_modules/_egg-multipart@2.10.3@egg-multipart/app/extend/context.js",
    "start": 1611309630465,
    "end": 1611309630511,
    "duration": 46,
    "pid": 9864,
    "index": 39
  },
  {
    "name": "Require(32) node_modules/_egg-view@2.1.3@egg-view/app/extend/context.js",
    "start": 1611309630512,
    "end": 1611309630513,
    "duration": 1,
    "pid": 9864,
    "index": 40
  },
  {
    "name": "Require(33) node_modules/_egg@2.29.1@egg/app/extend/context.js",
    "start": 1611309630514,
    "end": 1611309630515,
    "duration": 1,
    "pid": 9864,
    "index": 41
  },
  {
    "name": "Load extend/helper.js",
    "start": 1611309630518,
    "end": 1611309630539,
    "duration": 21,
    "pid": 9864,
    "index": 42
  },
  {
    "name": "Require(34) node_modules/_egg-security@2.8.0@egg-security/app/extend/helper.js",
    "start": 1611309630519,
    "end": 1611309630534,
    "duration": 15,
    "pid": 9864,
    "index": 43
  },
  {
    "name": "Require(35) node_modules/_egg@2.29.1@egg/app/extend/helper.js",
    "start": 1611309630536,
    "end": 1611309630536,
    "duration": 0,
    "pid": 9864,
    "index": 44
  },
  {
    "name": "Load app.js",
    "start": 1611309630539,
    "end": 1611309630570,
    "duration": 31,
    "pid": 9864,
    "index": 45
  },
  {
    "name": "Require(36) node_modules/_egg-session@3.2.0@egg-session/app.js",
    "start": 1611309630540,
    "end": 1611309630540,
    "duration": 0,
    "pid": 9864,
    "index": 46
  },
  {
    "name": "Require(37) node_modules/_egg-security@2.8.0@egg-security/app.js",
    "start": 1611309630540,
    "end": 1611309630542,
    "duration": 2,
    "pid": 9864,
    "index": 47
  },
  {
    "name": "Require(38) node_modules/_egg-onerror@2.1.0@egg-onerror/app.js",
    "start": 1611309630543,
    "end": 1611309630552,
    "duration": 9,
    "pid": 9864,
    "index": 48
  },
  {
    "name": "Require(39) node_modules/_egg-i18n@2.1.1@egg-i18n/app.js",
    "start": 1611309630552,
    "end": 1611309630559,
    "duration": 7,
    "pid": 9864,
    "index": 49
  },
  {
    "name": "Require(40) node_modules/_egg-watcher@3.1.1@egg-watcher/app.js",
    "start": 1611309630560,
    "end": 1611309630564,
    "duration": 4,
    "pid": 9864,
    "index": 50
  },
  {
    "name": "Require(41) node_modules/_egg-schedule@3.6.6@egg-schedule/app.js",
    "start": 1611309630564,
    "end": 1611309630566,
    "duration": 2,
    "pid": 9864,
    "index": 51
  },
  {
    "name": "Require(42) node_modules/_egg-multipart@2.10.3@egg-multipart/app.js",
    "start": 1611309630566,
    "end": 1611309630567,
    "duration": 1,
    "pid": 9864,
    "index": 52
  },
  {
    "name": "Require(43) node_modules/_egg-development@2.7.0@egg-development/app.js",
    "start": 1611309630567,
    "end": 1611309630567,
    "duration": 0,
    "pid": 9864,
    "index": 53
  },
  {
    "name": "Require(44) node_modules/_egg-logrotator@3.1.0@egg-logrotator/app.js",
    "start": 1611309630568,
    "end": 1611309630568,
    "duration": 0,
    "pid": 9864,
    "index": 54
  },
  {
    "name": "Require(45) node_modules/_egg-static@2.2.0@egg-static/app.js",
    "start": 1611309630568,
    "end": 1611309630568,
    "duration": 0,
    "pid": 9864,
    "index": 55
  },
  {
    "name": "Require(46) node_modules/_egg-view-ejs@2.0.1@egg-view-ejs/app.js",
    "start": 1611309630569,
    "end": 1611309630569,
    "duration": 0,
    "pid": 9864,
    "index": 56
  },
  {
    "name": "Before Start in node_modules/_egg-watcher@3.1.1@egg-watcher/lib/init.js:15:14",
    "start": 1611309630578,
    "end": 1611309630749,
    "duration": 171,
    "pid": 9864,
    "index": 57
  },
  {
    "name": "Load Service",
    "start": 1611309630608,
    "end": 1611309630612,
    "duration": 4,
    "pid": 9864,
    "index": 58
  },
  {
    "name": "Load \"service\" to Context",
    "start": 1611309630608,
    "end": 1611309630612,
    "duration": 4,
    "pid": 9864,
    "index": 59
  },
  {
    "name": "Load Middleware",
    "start": 1611309630612,
    "end": 1611309630731,
    "duration": 119,
    "pid": 9864,
    "index": 60
  },
  {
    "name": "Load \"middlewares\" to Application",
    "start": 1611309630613,
    "end": 1611309630717,
    "duration": 104,
    "pid": 9864,
    "index": 61
  },
  {
    "name": "Load Controller",
    "start": 1611309630731,
    "end": 1611309630734,
    "duration": 3,
    "pid": 9864,
    "index": 62
  },
  {
    "name": "Load \"controller\" to Application",
    "start": 1611309630731,
    "end": 1611309630734,
    "duration": 3,
    "pid": 9864,
    "index": 63
  },
  {
    "name": "Load Router",
    "start": 1611309630734,
    "end": 1611309630736,
    "duration": 2,
    "pid": 9864,
    "index": 64
  },
  {
    "name": "Require(47) app/router.js",
    "start": 1611309630735,
    "end": 1611309630735,
    "duration": 0,
    "pid": 9864,
    "index": 65
  },
  {
    "name": "Before Start in node_modules/_egg-core@4.20.0@egg-core/lib/egg.js:303:10",
    "start": 1611309630735,
    "end": 1611309630742,
    "duration": 7,
    "pid": 9864,
    "index": 66
  }
]