[
  {
    "name": "Process Start",
    "start": 1611309619034,
    "end": 1611309620229,
    "duration": 1195,
    "pid": 4992,
    "index": 0
  },
  {
    "name": "Application Start",
    "start": 1611309620230,
    "end": 1611309620691,
    "duration": 461,
    "pid": 4992,
    "index": 1
  },
  {
    "name": "Load Plugin",
    "start": 1611309620234,
    "end": 1611309620255,
    "duration": 21,
    "pid": 4992,
    "index": 2
  },
  {
    "name": "Load Config",
    "start": 1611309620256,
    "end": 1611309620278,
    "duration": 22,
    "pid": 4992,
    "index": 3
  },
  {
    "name": "Require(0) config/config.default.js",
    "start": 1611309620256,
    "end": 1611309620257,
    "duration": 1,
    "pid": 4992,
    "index": 4
  },
  {
    "name": "Require(1) node_modules/_egg-session@3.2.0@egg-session/config/config.default.js",
    "start": 1611309620258,
    "end": 1611309620258,
    "duration": 0,
    "pid": 4992,
    "index": 5
  },
  {
    "name": "Require(2) node_modules/_egg-security@2.8.0@egg-security/config/config.default.js",
    "start": 1611309620259,
    "end": 1611309620259,
    "duration": 0,
    "pid": 4992,
    "index": 6
  },
  {
    "name": "Require(3) node_modules/_egg-jsonp@2.0.0@egg-jsonp/config/config.default.js",
    "start": 1611309620260,
    "end": 1611309620261,
    "duration": 1,
    "pid": 4992,
    "index": 7
  },
  {
    "name": "Require(4) node_modules/_egg-onerror@2.1.0@egg-onerror/config/config.default.js",
    "start": 1611309620261,
    "end": 1611309620262,
    "duration": 1,
    "pid": 4992,
    "index": 8
  },
  {
    "name": "Require(5) node_modules/_egg-i18n@2.1.1@egg-i18n/config/config.default.js",
    "start": 1611309620262,
    "end": 1611309620262,
    "duration": 0,
    "pid": 4992,
    "index": 9
  },
  {
    "name": "Require(6) node_modules/_egg-watcher@3.1.1@egg-watcher/config/config.default.js",
    "start": 1611309620263,
    "end": 1611309620264,
    "duration": 1,
    "pid": 4992,
    "index": 10
  },
  {
    "name": "Require(7) node_modules/_egg-schedule@3.6.6@egg-schedule/config/config.default.js",
    "start": 1611309620264,
    "end": 1611309620265,
    "duration": 1,
    "pid": 4992,
    "index": 11
  },
  {
    "name": "Require(8) node_modules/_egg-multipart@2.10.3@egg-multipart/config/config.default.js",
    "start": 1611309620265,
    "end": 1611309620266,
    "duration": 1,
    "pid": 4992,
    "index": 12
  },
  {
    "name": "Require(9) node_modules/_egg-development@2.7.0@egg-development/config/config.default.js",
    "start": 1611309620266,
    "end": 1611309620267,
    "duration": 1,
    "pid": 4992,
    "index": 13
  },
  {
    "name": "Require(10) node_modules/_egg-logrotator@3.1.0@egg-logrotator/config/config.default.js",
    "start": 1611309620267,
    "end": 1611309620268,
    "duration": 1,
    "pid": 4992,
    "index": 14
  },
  {
    "name": "Require(11) node_modules/_egg-static@2.2.0@egg-static/config/config.default.js",
    "start": 1611309620268,
    "end": 1611309620268,
    "duration": 0,
    "pid": 4992,
    "index": 15
  },
  {
    "name": "Require(12) node_modules/_egg-view@2.1.3@egg-view/config/config.default.js",
    "start": 1611309620269,
    "end": 1611309620270,
    "duration": 1,
    "pid": 4992,
    "index": 16
  },
  {
    "name": "Require(13) node_modules/_egg-view-ejs@2.0.1@egg-view-ejs/config/config.default.js",
    "start": 1611309620271,
    "end": 1611309620271,
    "duration": 0,
    "pid": 4992,
    "index": 17
  },
  {
    "name": "Require(14) node_modules/_egg@2.29.1@egg/config/config.default.js",
    "start": 1611309620272,
    "end": 1611309620272,
    "duration": 0,
    "pid": 4992,
    "index": 18
  },
  {
    "name": "Require(15) config/config.default.js",
    "start": 1611309620273,
    "end": 1611309620273,
    "duration": 0,
    "pid": 4992,
    "index": 19
  },
  {
    "name": "Require(16) node_modules/_egg-security@2.8.0@egg-security/config/config.local.js",
    "start": 1611309620274,
    "end": 1611309620274,
    "duration": 0,
    "pid": 4992,
    "index": 20
  },
  {
    "name": "Require(17) node_modules/_egg-watcher@3.1.1@egg-watcher/config/config.local.js",
    "start": 1611309620275,
    "end": 1611309620275,
    "duration": 0,
    "pid": 4992,
    "index": 21
  },
  {
    "name": "Require(18) node_modules/_egg-view@2.1.3@egg-view/config/config.local.js",
    "start": 1611309620277,
    "end": 1611309620277,
    "duration": 0,
    "pid": 4992,
    "index": 22
  },
  {
    "name": "Require(19) node_modules/_egg-view-ejs@2.0.1@egg-view-ejs/config/config.local.js",
    "start": 1611309620277,
    "end": 1611309620278,
    "duration": 1,
    "pid": 4992,
    "index": 23
  },
  {
    "name": "Require(20) node_modules/_egg@2.29.1@egg/config/config.local.js",
    "start": 1611309620278,
    "end": 1611309620278,
    "duration": 0,
    "pid": 4992,
    "index": 24
  },
  {
    "name": "Load extend/application.js",
    "start": 1611309620279,
    "end": 1611309620296,
    "duration": 17,
    "pid": 4992,
    "index": 25
  },
  {
    "name": "Require(21) node_modules/_egg-session@3.2.0@egg-session/app/extend/application.js",
    "start": 1611309620280,
    "end": 1611309620280,
    "duration": 0,
    "pid": 4992,
    "index": 26
  },
  {
    "name": "Require(22) node_modules/_egg-security@2.8.0@egg-security/app/extend/application.js",
    "start": 1611309620281,
    "end": 1611309620282,
    "duration": 1,
    "pid": 4992,
    "index": 27
  },
  {
    "name": "Require(23) node_modules/_egg-jsonp@2.0.0@egg-jsonp/app/extend/application.js",
    "start": 1611309620283,
    "end": 1611309620285,
    "duration": 2,
    "pid": 4992,
    "index": 28
  },
  {
    "name": "Require(24) node_modules/_egg-logrotator@3.1.0@egg-logrotator/app/extend/application.js",
    "start": 1611309620287,
    "end": 1611309620290,
    "duration": 3,
    "pid": 4992,
    "index": 29
  },
  {
    "name": "Require(25) node_modules/_egg-view@2.1.3@egg-view/app/extend/application.js",
    "start": 1611309620291,
    "end": 1611309620293,
    "duration": 2,
    "pid": 4992,
    "index": 30
  },
  {
    "name": "Load extend/request.js",
    "start": 1611309620296,
    "end": 1611309620307,
    "duration": 11,
    "pid": 4992,
    "index": 31
  },
  {
    "name": "Require(26) node_modules/_egg@2.29.1@egg/app/extend/request.js",
    "start": 1611309620299,
    "end": 1611309620303,
    "duration": 4,
    "pid": 4992,
    "index": 32
  },
  {
    "name": "Load extend/response.js",
    "start": 1611309620307,
    "end": 1611309620316,
    "duration": 9,
    "pid": 4992,
    "index": 33
  },
  {
    "name": "Require(27) node_modules/_egg@2.29.1@egg/app/extend/response.js",
    "start": 1611309620310,
    "end": 1611309620312,
    "duration": 2,
    "pid": 4992,
    "index": 34
  },
  {
    "name": "Load extend/context.js",
    "start": 1611309620316,
    "end": 1611309620401,
    "duration": 85,
    "pid": 4992,
    "index": 35
  },
  {
    "name": "Require(28) node_modules/_egg-security@2.8.0@egg-security/app/extend/context.js",
    "start": 1611309620316,
    "end": 1611309620333,
    "duration": 17,
    "pid": 4992,
    "index": 36
  },
  {
    "name": "Require(29) node_modules/_egg-jsonp@2.0.0@egg-jsonp/app/extend/context.js",
    "start": 1611309620334,
    "end": 1611309620336,
    "duration": 2,
    "pid": 4992,
    "index": 37
  },
  {
    "name": "Require(30) node_modules/_egg-i18n@2.1.1@egg-i18n/app/extend/context.js",
    "start": 1611309620336,
    "end": 1611309620337,
    "duration": 1,
    "pid": 4992,
    "index": 38
  },
  {
    "name": "Require(31) node_modules/_egg-multipart@2.10.3@egg-multipart/app/extend/context.js",
    "start": 1611309620338,
    "end": 1611309620393,
    "duration": 55,
    "pid": 4992,
    "index": 39
  },
  {
    "name": "Require(32) node_modules/_egg-view@2.1.3@egg-view/app/extend/context.js",
    "start": 1611309620394,
    "end": 1611309620395,
    "duration": 1,
    "pid": 4992,
    "index": 40
  },
  {
    "name": "Require(33) node_modules/_egg@2.29.1@egg/app/extend/context.js",
    "start": 1611309620396,
    "end": 1611309620398,
    "duration": 2,
    "pid": 4992,
    "index": 41
  },
  {
    "name": "Load extend/helper.js",
    "start": 1611309620401,
    "end": 1611309620429,
    "duration": 28,
    "pid": 4992,
    "index": 42
  },
  {
    "name": "Require(34) node_modules/_egg-security@2.8.0@egg-security/app/extend/helper.js",
    "start": 1611309620402,
    "end": 1611309620423,
    "duration": 21,
    "pid": 4992,
    "index": 43
  },
  {
    "name": "Require(35) node_modules/_egg@2.29.1@egg/app/extend/helper.js",
    "start": 1611309620425,
    "end": 1611309620426,
    "duration": 1,
    "pid": 4992,
    "index": 44
  },
  {
    "name": "Load app.js",
    "start": 1611309620429,
    "end": 1611309620469,
    "duration": 40,
    "pid": 4992,
    "index": 45
  },
  {
    "name": "Require(36) node_modules/_egg-session@3.2.0@egg-session/app.js",
    "start": 1611309620430,
    "end": 1611309620430,
    "duration": 0,
    "pid": 4992,
    "index": 46
  },
  {
    "name": "Require(37) node_modules/_egg-security@2.8.0@egg-security/app.js",
    "start": 1611309620431,
    "end": 1611309620433,
    "duration": 2,
    "pid": 4992,
    "index": 47
  },
  {
    "name": "Require(38) node_modules/_egg-onerror@2.1.0@egg-onerror/app.js",
    "start": 1611309620433,
    "end": 1611309620446,
    "duration": 13,
    "pid": 4992,
    "index": 48
  },
  {
    "name": "Require(39) node_modules/_egg-i18n@2.1.1@egg-i18n/app.js",
    "start": 1611309620447,
    "end": 1611309620456,
    "duration": 9,
    "pid": 4992,
    "index": 49
  },
  {
    "name": "Require(40) node_modules/_egg-watcher@3.1.1@egg-watcher/app.js",
    "start": 1611309620457,
    "end": 1611309620461,
    "duration": 4,
    "pid": 4992,
    "index": 50
  },
  {
    "name": "Require(41) node_modules/_egg-schedule@3.6.6@egg-schedule/app.js",
    "start": 1611309620462,
    "end": 1611309620464,
    "duration": 2,
    "pid": 4992,
    "index": 51
  },
  {
    "name": "Require(42) node_modules/_egg-multipart@2.10.3@egg-multipart/app.js",
    "start": 1611309620465,
    "end": 1611309620465,
    "duration": 0,
    "pid": 4992,
    "index": 52
  },
  {
    "name": "Require(43) node_modules/_egg-development@2.7.0@egg-development/app.js",
    "start": 1611309620465,
    "end": 1611309620466,
    "duration": 1,
    "pid": 4992,
    "index": 53
  },
  {
    "name": "Require(44) node_modules/_egg-logrotator@3.1.0@egg-logrotator/app.js",
    "start": 1611309620466,
    "end": 1611309620466,
    "duration": 0,
    "pid": 4992,
    "index": 54
  },
  {
    "name": "Require(45) node_modules/_egg-static@2.2.0@egg-static/app.js",
    "start": 1611309620467,
    "end": 1611309620467,
    "duration": 0,
    "pid": 4992,
    "index": 55
  },
  {
    "name": "Require(46) node_modules/_egg-view-ejs@2.0.1@egg-view-ejs/app.js",
    "start": 1611309620468,
    "end": 1611309620468,
    "duration": 0,
    "pid": 4992,
    "index": 56
  },
  {
    "name": "Before Start in node_modules/_egg-watcher@3.1.1@egg-watcher/lib/init.js:15:14",
    "start": 1611309620479,
    "end": 1611309620691,
    "duration": 212,
    "pid": 4992,
    "index": 57
  },
  {
    "name": "Load Service",
    "start": 1611309620518,
    "end": 1611309620526,
    "duration": 8,
    "pid": 4992,
    "index": 58
  },
  {
    "name": "Load \"service\" to Context",
    "start": 1611309620518,
    "end": 1611309620526,
    "duration": 8,
    "pid": 4992,
    "index": 59
  },
  {
    "name": "Load Middleware",
    "start": 1611309620527,
    "end": 1611309620670,
    "duration": 143,
    "pid": 4992,
    "index": 60
  },
  {
    "name": "Load \"middlewares\" to Application",
    "start": 1611309620527,
    "end": 1611309620653,
    "duration": 126,
    "pid": 4992,
    "index": 61
  },
  {
    "name": "Load Controller",
    "start": 1611309620670,
    "end": 1611309620674,
    "duration": 4,
    "pid": 4992,
    "index": 62
  },
  {
    "name": "Load \"controller\" to Application",
    "start": 1611309620670,
    "end": 1611309620674,
    "duration": 4,
    "pid": 4992,
    "index": 63
  },
  {
    "name": "Load Router",
    "start": 1611309620674,
    "end": 1611309620676,
    "duration": 2,
    "pid": 4992,
    "index": 64
  },
  {
    "name": "Require(47) app/router.js",
    "start": 1611309620674,
    "end": 1611309620674,
    "duration": 0,
    "pid": 4992,
    "index": 65
  },
  {
    "name": "Before Start in node_modules/_egg-core@4.20.0@egg-core/lib/egg.js:303:10",
    "start": 1611309620675,
    "end": 1611309620682,
    "duration": 7,
    "pid": 4992,
    "index": 66
  }
]