[
  {
    "name": "Process Start",
    "start": 1611309602820,
    "end": 1611309603810,
    "duration": 990,
    "pid": 18520,
    "index": 0
  },
  {
    "name": "Application Start",
    "start": 1611309603811,
    "end": 1611309604199,
    "duration": 388,
    "pid": 18520,
    "index": 1
  },
  {
    "name": "Load Plugin",
    "start": 1611309603815,
    "end": 1611309603833,
    "duration": 18,
    "pid": 18520,
    "index": 2
  },
  {
    "name": "Load Config",
    "start": 1611309603833,
    "end": 1611309603854,
    "duration": 21,
    "pid": 18520,
    "index": 3
  },
  {
    "name": "Require(0) config/config.default.js",
    "start": 1611309603834,
    "end": 1611309603834,
    "duration": 0,
    "pid": 18520,
    "index": 4
  },
  {
    "name": "Require(1) node_modules/_egg-session@3.2.0@egg-session/config/config.default.js",
    "start": 1611309603835,
    "end": 1611309603836,
    "duration": 1,
    "pid": 18520,
    "index": 5
  },
  {
    "name": "Require(2) node_modules/_egg-security@2.8.0@egg-security/config/config.default.js",
    "start": 1611309603836,
    "end": 1611309603837,
    "duration": 1,
    "pid": 18520,
    "index": 6
  },
  {
    "name": "Require(3) node_modules/_egg-jsonp@2.0.0@egg-jsonp/config/config.default.js",
    "start": 1611309603837,
    "end": 1611309603838,
    "duration": 1,
    "pid": 18520,
    "index": 7
  },
  {
    "name": "Require(4) node_modules/_egg-onerror@2.1.0@egg-onerror/config/config.default.js",
    "start": 1611309603838,
    "end": 1611309603839,
    "duration": 1,
    "pid": 18520,
    "index": 8
  },
  {
    "name": "Require(5) node_modules/_egg-i18n@2.1.1@egg-i18n/config/config.default.js",
    "start": 1611309603839,
    "end": 1611309603840,
    "duration": 1,
    "pid": 18520,
    "index": 9
  },
  {
    "name": "Require(6) node_modules/_egg-watcher@3.1.1@egg-watcher/config/config.default.js",
    "start": 1611309603840,
    "end": 1611309603841,
    "duration": 1,
    "pid": 18520,
    "index": 10
  },
  {
    "name": "Require(7) node_modules/_egg-schedule@3.6.6@egg-schedule/config/config.default.js",
    "start": 1611309603841,
    "end": 1611309603842,
    "duration": 1,
    "pid": 18520,
    "index": 11
  },
  {
    "name": "Require(8) node_modules/_egg-multipart@2.10.3@egg-multipart/config/config.default.js",
    "start": 1611309603842,
    "end": 1611309603843,
    "duration": 1,
    "pid": 18520,
    "index": 12
  },
  {
    "name": "Require(9) node_modules/_egg-development@2.7.0@egg-development/config/config.default.js",
    "start": 1611309603843,
    "end": 1611309603844,
    "duration": 1,
    "pid": 18520,
    "index": 13
  },
  {
    "name": "Require(10) node_modules/_egg-logrotator@3.1.0@egg-logrotator/config/config.default.js",
    "start": 1611309603844,
    "end": 1611309603844,
    "duration": 0,
    "pid": 18520,
    "index": 14
  },
  {
    "name": "Require(11) node_modules/_egg-static@2.2.0@egg-static/config/config.default.js",
    "start": 1611309603845,
    "end": 1611309603845,
    "duration": 0,
    "pid": 18520,
    "index": 15
  },
  {
    "name": "Require(12) node_modules/_egg-view@2.1.3@egg-view/config/config.default.js",
    "start": 1611309603846,
    "end": 1611309603846,
    "duration": 0,
    "pid": 18520,
    "index": 16
  },
  {
    "name": "Require(13) node_modules/_egg-view-ejs@2.0.1@egg-view-ejs/config/config.default.js",
    "start": 1611309603847,
    "end": 1611309603847,
    "duration": 0,
    "pid": 18520,
    "index": 17
  },
  {
    "name": "Require(14) node_modules/_egg@2.29.1@egg/config/config.default.js",
    "start": 1611309603848,
    "end": 1611309603848,
    "duration": 0,
    "pid": 18520,
    "index": 18
  },
  {
    "name": "Require(15) config/config.default.js",
    "start": 1611309603849,
    "end": 1611309603849,
    "duration": 0,
    "pid": 18520,
    "index": 19
  },
  {
    "name": "Require(16) node_modules/_egg-security@2.8.0@egg-security/config/config.local.js",
    "start": 1611309603850,
    "end": 1611309603850,
    "duration": 0,
    "pid": 18520,
    "index": 20
  },
  {
    "name": "Require(17) node_modules/_egg-watcher@3.1.1@egg-watcher/config/config.local.js",
    "start": 1611309603851,
    "end": 1611309603851,
    "duration": 0,
    "pid": 18520,
    "index": 21
  },
  {
    "name": "Require(18) node_modules/_egg-view@2.1.3@egg-view/config/config.local.js",
    "start": 1611309603853,
    "end": 1611309603853,
    "duration": 0,
    "pid": 18520,
    "index": 22
  },
  {
    "name": "Require(19) node_modules/_egg-view-ejs@2.0.1@egg-view-ejs/config/config.local.js",
    "start": 1611309603853,
    "end": 1611309603854,
    "duration": 1,
    "pid": 18520,
    "index": 23
  },
  {
    "name": "Require(20) node_modules/_egg@2.29.1@egg/config/config.local.js",
    "start": 1611309603854,
    "end": 1611309603854,
    "duration": 0,
    "pid": 18520,
    "index": 24
  },
  {
    "name": "Load extend/application.js",
    "start": 1611309603855,
    "end": 1611309603871,
    "duration": 16,
    "pid": 18520,
    "index": 25
  },
  {
    "name": "Require(21) node_modules/_egg-session@3.2.0@egg-session/app/extend/application.js",
    "start": 1611309603856,
    "end": 1611309603856,
    "duration": 0,
    "pid": 18520,
    "index": 26
  },
  {
    "name": "Require(22) node_modules/_egg-security@2.8.0@egg-security/app/extend/application.js",
    "start": 1611309603857,
    "end": 1611309603858,
    "duration": 1,
    "pid": 18520,
    "index": 27
  },
  {
    "name": "Require(23) node_modules/_egg-jsonp@2.0.0@egg-jsonp/app/extend/application.js",
    "start": 1611309603858,
    "end": 1611309603861,
    "duration": 3,
    "pid": 18520,
    "index": 28
  },
  {
    "name": "Require(24) node_modules/_egg-logrotator@3.1.0@egg-logrotator/app/extend/application.js",
    "start": 1611309603862,
    "end": 1611309603865,
    "duration": 3,
    "pid": 18520,
    "index": 29
  },
  {
    "name": "Require(25) node_modules/_egg-view@2.1.3@egg-view/app/extend/application.js",
    "start": 1611309603866,
    "end": 1611309603867,
    "duration": 1,
    "pid": 18520,
    "index": 30
  },
  {
    "name": "Load extend/request.js",
    "start": 1611309603871,
    "end": 1611309603880,
    "duration": 9,
    "pid": 18520,
    "index": 31
  },
  {
    "name": "Require(26) node_modules/_egg@2.29.1@egg/app/extend/request.js",
    "start": 1611309603873,
    "end": 1611309603875,
    "duration": 2,
    "pid": 18520,
    "index": 32
  },
  {
    "name": "Load extend/response.js",
    "start": 1611309603880,
    "end": 1611309603887,
    "duration": 7,
    "pid": 18520,
    "index": 33
  },
  {
    "name": "Require(27) node_modules/_egg@2.29.1@egg/app/extend/response.js",
    "start": 1611309603882,
    "end": 1611309603884,
    "duration": 2,
    "pid": 18520,
    "index": 34
  },
  {
    "name": "Load extend/context.js",
    "start": 1611309603887,
    "end": 1611309603956,
    "duration": 69,
    "pid": 18520,
    "index": 35
  },
  {
    "name": "Require(28) node_modules/_egg-security@2.8.0@egg-security/app/extend/context.js",
    "start": 1611309603888,
    "end": 1611309603901,
    "duration": 13,
    "pid": 18520,
    "index": 36
  },
  {
    "name": "Require(29) node_modules/_egg-jsonp@2.0.0@egg-jsonp/app/extend/context.js",
    "start": 1611309603901,
    "end": 1611309603903,
    "duration": 2,
    "pid": 18520,
    "index": 37
  },
  {
    "name": "Require(30) node_modules/_egg-i18n@2.1.1@egg-i18n/app/extend/context.js",
    "start": 1611309603903,
    "end": 1611309603904,
    "duration": 1,
    "pid": 18520,
    "index": 38
  },
  {
    "name": "Require(31) node_modules/_egg-multipart@2.10.3@egg-multipart/app/extend/context.js",
    "start": 1611309603904,
    "end": 1611309603950,
    "duration": 46,
    "pid": 18520,
    "index": 39
  },
  {
    "name": "Require(32) node_modules/_egg-view@2.1.3@egg-view/app/extend/context.js",
    "start": 1611309603951,
    "end": 1611309603952,
    "duration": 1,
    "pid": 18520,
    "index": 40
  },
  {
    "name": "Require(33) node_modules/_egg@2.29.1@egg/app/extend/context.js",
    "start": 1611309603952,
    "end": 1611309603953,
    "duration": 1,
    "pid": 18520,
    "index": 41
  },
  {
    "name": "Load extend/helper.js",
    "start": 1611309603956,
    "end": 1611309603977,
    "duration": 21,
    "pid": 18520,
    "index": 42
  },
  {
    "name": "Require(34) node_modules/_egg-security@2.8.0@egg-security/app/extend/helper.js",
    "start": 1611309603956,
    "end": 1611309603971,
    "duration": 15,
    "pid": 18520,
    "index": 43
  },
  {
    "name": "Require(35) node_modules/_egg@2.29.1@egg/app/extend/helper.js",
    "start": 1611309603974,
    "end": 1611309603974,
    "duration": 0,
    "pid": 18520,
    "index": 44
  },
  {
    "name": "Load app.js",
    "start": 1611309603977,
    "end": 1611309604008,
    "duration": 31,
    "pid": 18520,
    "index": 45
  },
  {
    "name": "Require(36) node_modules/_egg-session@3.2.0@egg-session/app.js",
    "start": 1611309603977,
    "end": 1611309603977,
    "duration": 0,
    "pid": 18520,
    "index": 46
  },
  {
    "name": "Require(37) node_modules/_egg-security@2.8.0@egg-security/app.js",
    "start": 1611309603978,
    "end": 1611309603979,
    "duration": 1,
    "pid": 18520,
    "index": 47
  },
  {
    "name": "Require(38) node_modules/_egg-onerror@2.1.0@egg-onerror/app.js",
    "start": 1611309603980,
    "end": 1611309603989,
    "duration": 9,
    "pid": 18520,
    "index": 48
  },
  {
    "name": "Require(39) node_modules/_egg-i18n@2.1.1@egg-i18n/app.js",
    "start": 1611309603990,
    "end": 1611309603997,
    "duration": 7,
    "pid": 18520,
    "index": 49
  },
  {
    "name": "Require(40) node_modules/_egg-watcher@3.1.1@egg-watcher/app.js",
    "start": 1611309603997,
    "end": 1611309604001,
    "duration": 4,
    "pid": 18520,
    "index": 50
  },
  {
    "name": "Require(41) node_modules/_egg-schedule@3.6.6@egg-schedule/app.js",
    "start": 1611309604001,
    "end": 1611309604003,
    "duration": 2,
    "pid": 18520,
    "index": 51
  },
  {
    "name": "Require(42) node_modules/_egg-multipart@2.10.3@egg-multipart/app.js",
    "start": 1611309604003,
    "end": 1611309604004,
    "duration": 1,
    "pid": 18520,
    "index": 52
  },
  {
    "name": "Require(43) node_modules/_egg-development@2.7.0@egg-development/app.js",
    "start": 1611309604004,
    "end": 1611309604004,
    "duration": 0,
    "pid": 18520,
    "index": 53
  },
  {
    "name": "Require(44) node_modules/_egg-logrotator@3.1.0@egg-logrotator/app.js",
    "start": 1611309604005,
    "end": 1611309604005,
    "duration": 0,
    "pid": 18520,
    "index": 54
  },
  {
    "name": "Require(45) node_modules/_egg-static@2.2.0@egg-static/app.js",
    "start": 1611309604005,
    "end": 1611309604005,
    "duration": 0,
    "pid": 18520,
    "index": 55
  },
  {
    "name": "Require(46) node_modules/_egg-view-ejs@2.0.1@egg-view-ejs/app.js",
    "start": 1611309604006,
    "end": 1611309604006,
    "duration": 0,
    "pid": 18520,
    "index": 56
  },
  {
    "name": "Before Start in node_modules/_egg-watcher@3.1.1@egg-watcher/lib/init.js:15:14",
    "start": 1611309604022,
    "end": 1611309604198,
    "duration": 176,
    "pid": 18520,
    "index": 57
  },
  {
    "name": "Load Service",
    "start": 1611309604062,
    "end": 1611309604066,
    "duration": 4,
    "pid": 18520,
    "index": 58
  },
  {
    "name": "Load \"service\" to Context",
    "start": 1611309604063,
    "end": 1611309604066,
    "duration": 3,
    "pid": 18520,
    "index": 59
  },
  {
    "name": "Load Middleware",
    "start": 1611309604067,
    "end": 1611309604182,
    "duration": 115,
    "pid": 18520,
    "index": 60
  },
  {
    "name": "Load \"middlewares\" to Application",
    "start": 1611309604067,
    "end": 1611309604168,
    "duration": 101,
    "pid": 18520,
    "index": 61
  },
  {
    "name": "Load Controller",
    "start": 1611309604182,
    "end": 1611309604185,
    "duration": 3,
    "pid": 18520,
    "index": 62
  },
  {
    "name": "Load \"controller\" to Application",
    "start": 1611309604182,
    "end": 1611309604185,
    "duration": 3,
    "pid": 18520,
    "index": 63
  },
  {
    "name": "Load Router",
    "start": 1611309604185,
    "end": 1611309604187,
    "duration": 2,
    "pid": 18520,
    "index": 64
  },
  {
    "name": "Require(47) app/router.js",
    "start": 1611309604185,
    "end": 1611309604185,
    "duration": 0,
    "pid": 18520,
    "index": 65
  },
  {
    "name": "Before Start in node_modules/_egg-core@4.20.0@egg-core/lib/egg.js:303:10",
    "start": 1611309604186,
    "end": 1611309604192,
    "duration": 6,
    "pid": 18520,
    "index": 66
  }
]