[
  {
    "name": "Process Start",
    "start": 1611309600250,
    "end": 1611309601225,
    "duration": 975,
    "pid": 3052,
    "index": 0
  },
  {
    "name": "Application Start",
    "start": 1611309601226,
    "end": 1611309601616,
    "duration": 390,
    "pid": 3052,
    "index": 1
  },
  {
    "name": "Load Plugin",
    "start": 1611309601230,
    "end": 1611309601252,
    "duration": 22,
    "pid": 3052,
    "index": 2
  },
  {
    "name": "Load Config",
    "start": 1611309601252,
    "end": 1611309601277,
    "duration": 25,
    "pid": 3052,
    "index": 3
  },
  {
    "name": "Require(0) config/config.default.js",
    "start": 1611309601252,
    "end": 1611309601253,
    "duration": 1,
    "pid": 3052,
    "index": 4
  },
  {
    "name": "Require(1) node_modules/_egg-session@3.2.0@egg-session/config/config.default.js",
    "start": 1611309601254,
    "end": 1611309601254,
    "duration": 0,
    "pid": 3052,
    "index": 5
  },
  {
    "name": "Require(2) node_modules/_egg-security@2.8.0@egg-security/config/config.default.js",
    "start": 1611309601255,
    "end": 1611309601256,
    "duration": 1,
    "pid": 3052,
    "index": 6
  },
  {
    "name": "Require(3) node_modules/_egg-jsonp@2.0.0@egg-jsonp/config/config.default.js",
    "start": 1611309601257,
    "end": 1611309601257,
    "duration": 0,
    "pid": 3052,
    "index": 7
  },
  {
    "name": "Require(4) node_modules/_egg-onerror@2.1.0@egg-onerror/config/config.default.js",
    "start": 1611309601258,
    "end": 1611309601258,
    "duration": 0,
    "pid": 3052,
    "index": 8
  },
  {
    "name": "Require(5) node_modules/_egg-i18n@2.1.1@egg-i18n/config/config.default.js",
    "start": 1611309601259,
    "end": 1611309601259,
    "duration": 0,
    "pid": 3052,
    "index": 9
  },
  {
    "name": "Require(6) node_modules/_egg-watcher@3.1.1@egg-watcher/config/config.default.js",
    "start": 1611309601260,
    "end": 1611309601261,
    "duration": 1,
    "pid": 3052,
    "index": 10
  },
  {
    "name": "Require(7) node_modules/_egg-schedule@3.6.6@egg-schedule/config/config.default.js",
    "start": 1611309601262,
    "end": 1611309601262,
    "duration": 0,
    "pid": 3052,
    "index": 11
  },
  {
    "name": "Require(8) node_modules/_egg-multipart@2.10.3@egg-multipart/config/config.default.js",
    "start": 1611309601263,
    "end": 1611309601264,
    "duration": 1,
    "pid": 3052,
    "index": 12
  },
  {
    "name": "Require(9) node_modules/_egg-development@2.7.0@egg-development/config/config.default.js",
    "start": 1611309601265,
    "end": 1611309601265,
    "duration": 0,
    "pid": 3052,
    "index": 13
  },
  {
    "name": "Require(10) node_modules/_egg-logrotator@3.1.0@egg-logrotator/config/config.default.js",
    "start": 1611309601265,
    "end": 1611309601266,
    "duration": 1,
    "pid": 3052,
    "index": 14
  },
  {
    "name": "Require(11) node_modules/_egg-static@2.2.0@egg-static/config/config.default.js",
    "start": 1611309601266,
    "end": 1611309601267,
    "duration": 1,
    "pid": 3052,
    "index": 15
  },
  {
    "name": "Require(12) node_modules/_egg-view@2.1.3@egg-view/config/config.default.js",
    "start": 1611309601267,
    "end": 1611309601268,
    "duration": 1,
    "pid": 3052,
    "index": 16
  },
  {
    "name": "Require(13) node_modules/_egg-view-ejs@2.0.1@egg-view-ejs/config/config.default.js",
    "start": 1611309601269,
    "end": 1611309601269,
    "duration": 0,
    "pid": 3052,
    "index": 17
  },
  {
    "name": "Require(14) node_modules/_egg@2.29.1@egg/config/config.default.js",
    "start": 1611309601270,
    "end": 1611309601270,
    "duration": 0,
    "pid": 3052,
    "index": 18
  },
  {
    "name": "Require(15) config/config.default.js",
    "start": 1611309601271,
    "end": 1611309601271,
    "duration": 0,
    "pid": 3052,
    "index": 19
  },
  {
    "name": "Require(16) node_modules/_egg-security@2.8.0@egg-security/config/config.local.js",
    "start": 1611309601272,
    "end": 1611309601272,
    "duration": 0,
    "pid": 3052,
    "index": 20
  },
  {
    "name": "Require(17) node_modules/_egg-watcher@3.1.1@egg-watcher/config/config.local.js",
    "start": 1611309601273,
    "end": 1611309601274,
    "duration": 1,
    "pid": 3052,
    "index": 21
  },
  {
    "name": "Require(18) node_modules/_egg-view@2.1.3@egg-view/config/config.local.js",
    "start": 1611309601275,
    "end": 1611309601276,
    "duration": 1,
    "pid": 3052,
    "index": 22
  },
  {
    "name": "Require(19) node_modules/_egg-view-ejs@2.0.1@egg-view-ejs/config/config.local.js",
    "start": 1611309601276,
    "end": 1611309601276,
    "duration": 0,
    "pid": 3052,
    "index": 23
  },
  {
    "name": "Require(20) node_modules/_egg@2.29.1@egg/config/config.local.js",
    "start": 1611309601277,
    "end": 1611309601277,
    "duration": 0,
    "pid": 3052,
    "index": 24
  },
  {
    "name": "Load extend/application.js",
    "start": 1611309601278,
    "end": 1611309601296,
    "duration": 18,
    "pid": 3052,
    "index": 25
  },
  {
    "name": "Require(21) node_modules/_egg-session@3.2.0@egg-session/app/extend/application.js",
    "start": 1611309601279,
    "end": 1611309601279,
    "duration": 0,
    "pid": 3052,
    "index": 26
  },
  {
    "name": "Require(22) node_modules/_egg-security@2.8.0@egg-security/app/extend/application.js",
    "start": 1611309601280,
    "end": 1611309601281,
    "duration": 1,
    "pid": 3052,
    "index": 27
  },
  {
    "name": "Require(23) node_modules/_egg-jsonp@2.0.0@egg-jsonp/app/extend/application.js",
    "start": 1611309601282,
    "end": 1611309601284,
    "duration": 2,
    "pid": 3052,
    "index": 28
  },
  {
    "name": "Require(24) node_modules/_egg-logrotator@3.1.0@egg-logrotator/app/extend/application.js",
    "start": 1611309601286,
    "end": 1611309601289,
    "duration": 3,
    "pid": 3052,
    "index": 29
  },
  {
    "name": "Require(25) node_modules/_egg-view@2.1.3@egg-view/app/extend/application.js",
    "start": 1611309601289,
    "end": 1611309601292,
    "duration": 3,
    "pid": 3052,
    "index": 30
  },
  {
    "name": "Load extend/request.js",
    "start": 1611309601296,
    "end": 1611309601302,
    "duration": 6,
    "pid": 3052,
    "index": 31
  },
  {
    "name": "Require(26) node_modules/_egg@2.29.1@egg/app/extend/request.js",
    "start": 1611309601298,
    "end": 1611309601300,
    "duration": 2,
    "pid": 3052,
    "index": 32
  },
  {
    "name": "Load extend/response.js",
    "start": 1611309601303,
    "end": 1611309601313,
    "duration": 10,
    "pid": 3052,
    "index": 33
  },
  {
    "name": "Require(27) node_modules/_egg@2.29.1@egg/app/extend/response.js",
    "start": 1611309601308,
    "end": 1611309601310,
    "duration": 2,
    "pid": 3052,
    "index": 34
  },
  {
    "name": "Load extend/context.js",
    "start": 1611309601313,
    "end": 1611309601384,
    "duration": 71,
    "pid": 3052,
    "index": 35
  },
  {
    "name": "Require(28) node_modules/_egg-security@2.8.0@egg-security/app/extend/context.js",
    "start": 1611309601313,
    "end": 1611309601327,
    "duration": 14,
    "pid": 3052,
    "index": 36
  },
  {
    "name": "Require(29) node_modules/_egg-jsonp@2.0.0@egg-jsonp/app/extend/context.js",
    "start": 1611309601327,
    "end": 1611309601329,
    "duration": 2,
    "pid": 3052,
    "index": 37
  },
  {
    "name": "Require(30) node_modules/_egg-i18n@2.1.1@egg-i18n/app/extend/context.js",
    "start": 1611309601329,
    "end": 1611309601330,
    "duration": 1,
    "pid": 3052,
    "index": 38
  },
  {
    "name": "Require(31) node_modules/_egg-multipart@2.10.3@egg-multipart/app/extend/context.js",
    "start": 1611309601330,
    "end": 1611309601377,
    "duration": 47,
    "pid": 3052,
    "index": 39
  },
  {
    "name": "Require(32) node_modules/_egg-view@2.1.3@egg-view/app/extend/context.js",
    "start": 1611309601378,
    "end": 1611309601379,
    "duration": 1,
    "pid": 3052,
    "index": 40
  },
  {
    "name": "Require(33) node_modules/_egg@2.29.1@egg/app/extend/context.js",
    "start": 1611309601380,
    "end": 1611309601381,
    "duration": 1,
    "pid": 3052,
    "index": 41
  },
  {
    "name": "Load extend/helper.js",
    "start": 1611309601384,
    "end": 1611309601406,
    "duration": 22,
    "pid": 3052,
    "index": 42
  },
  {
    "name": "Require(34) node_modules/_egg-security@2.8.0@egg-security/app/extend/helper.js",
    "start": 1611309601385,
    "end": 1611309601401,
    "duration": 16,
    "pid": 3052,
    "index": 43
  },
  {
    "name": "Require(35) node_modules/_egg@2.29.1@egg/app/extend/helper.js",
    "start": 1611309601403,
    "end": 1611309601403,
    "duration": 0,
    "pid": 3052,
    "index": 44
  },
  {
    "name": "Load app.js",
    "start": 1611309601406,
    "end": 1611309601438,
    "duration": 32,
    "pid": 3052,
    "index": 45
  },
  {
    "name": "Require(36) node_modules/_egg-session@3.2.0@egg-session/app.js",
    "start": 1611309601407,
    "end": 1611309601407,
    "duration": 0,
    "pid": 3052,
    "index": 46
  },
  {
    "name": "Require(37) node_modules/_egg-security@2.8.0@egg-security/app.js",
    "start": 1611309601407,
    "end": 1611309601409,
    "duration": 2,
    "pid": 3052,
    "index": 47
  },
  {
    "name": "Require(38) node_modules/_egg-onerror@2.1.0@egg-onerror/app.js",
    "start": 1611309601410,
    "end": 1611309601419,
    "duration": 9,
    "pid": 3052,
    "index": 48
  },
  {
    "name": "Require(39) node_modules/_egg-i18n@2.1.1@egg-i18n/app.js",
    "start": 1611309601420,
    "end": 1611309601427,
    "duration": 7,
    "pid": 3052,
    "index": 49
  },
  {
    "name": "Require(40) node_modules/_egg-watcher@3.1.1@egg-watcher/app.js",
    "start": 1611309601428,
    "end": 1611309601432,
    "duration": 4,
    "pid": 3052,
    "index": 50
  },
  {
    "name": "Require(41) node_modules/_egg-schedule@3.6.6@egg-schedule/app.js",
    "start": 1611309601432,
    "end": 1611309601434,
    "duration": 2,
    "pid": 3052,
    "index": 51
  },
  {
    "name": "Require(42) node_modules/_egg-multipart@2.10.3@egg-multipart/app.js",
    "start": 1611309601434,
    "end": 1611309601435,
    "duration": 1,
    "pid": 3052,
    "index": 52
  },
  {
    "name": "Require(43) node_modules/_egg-development@2.7.0@egg-development/app.js",
    "start": 1611309601435,
    "end": 1611309601435,
    "duration": 0,
    "pid": 3052,
    "index": 53
  },
  {
    "name": "Require(44) node_modules/_egg-logrotator@3.1.0@egg-logrotator/app.js",
    "start": 1611309601435,
    "end": 1611309601436,
    "duration": 1,
    "pid": 3052,
    "index": 54
  },
  {
    "name": "Require(45) node_modules/_egg-static@2.2.0@egg-static/app.js",
    "start": 1611309601436,
    "end": 1611309601436,
    "duration": 0,
    "pid": 3052,
    "index": 55
  },
  {
    "name": "Require(46) node_modules/_egg-view-ejs@2.0.1@egg-view-ejs/app.js",
    "start": 1611309601437,
    "end": 1611309601437,
    "duration": 0,
    "pid": 3052,
    "index": 56
  },
  {
    "name": "Before Start in node_modules/_egg-watcher@3.1.1@egg-watcher/lib/init.js:15:14",
    "start": 1611309601446,
    "end": 1611309601616,
    "duration": 170,
    "pid": 3052,
    "index": 57
  },
  {
    "name": "Load Service",
    "start": 1611309601480,
    "end": 1611309601484,
    "duration": 4,
    "pid": 3052,
    "index": 58
  },
  {
    "name": "Load \"service\" to Context",
    "start": 1611309601480,
    "end": 1611309601484,
    "duration": 4,
    "pid": 3052,
    "index": 59
  },
  {
    "name": "Load Middleware",
    "start": 1611309601484,
    "end": 1611309601599,
    "duration": 115,
    "pid": 3052,
    "index": 60
  },
  {
    "name": "Load \"middlewares\" to Application",
    "start": 1611309601484,
    "end": 1611309601584,
    "duration": 100,
    "pid": 3052,
    "index": 61
  },
  {
    "name": "Load Controller",
    "start": 1611309601599,
    "end": 1611309601602,
    "duration": 3,
    "pid": 3052,
    "index": 62
  },
  {
    "name": "Load \"controller\" to Application",
    "start": 1611309601599,
    "end": 1611309601602,
    "duration": 3,
    "pid": 3052,
    "index": 63
  },
  {
    "name": "Load Router",
    "start": 1611309601602,
    "end": 1611309601604,
    "duration": 2,
    "pid": 3052,
    "index": 64
  },
  {
    "name": "Require(47) app/router.js",
    "start": 1611309601602,
    "end": 1611309601602,
    "duration": 0,
    "pid": 3052,
    "index": 65
  },
  {
    "name": "Before Start in node_modules/_egg-core@4.20.0@egg-core/lib/egg.js:303:10",
    "start": 1611309601602,
    "end": 1611309601609,
    "duration": 7,
    "pid": 3052,
    "index": 66
  }
]