[
  {
    "name": "Process Start",
    "start": 1611309560444,
    "end": 1611309561487,
    "duration": 1043,
    "pid": 14756,
    "index": 0
  },
  {
    "name": "Application Start",
    "start": 1611309561488,
    "end": 1611309561882,
    "duration": 394,
    "pid": 14756,
    "index": 1
  },
  {
    "name": "Load Plugin",
    "start": 1611309561491,
    "end": 1611309561509,
    "duration": 18,
    "pid": 14756,
    "index": 2
  },
  {
    "name": "Load Config",
    "start": 1611309561509,
    "end": 1611309561529,
    "duration": 20,
    "pid": 14756,
    "index": 3
  },
  {
    "name": "Require(0) config/config.default.js",
    "start": 1611309561510,
    "end": 1611309561510,
    "duration": 0,
    "pid": 14756,
    "index": 4
  },
  {
    "name": "Require(1) node_modules/_egg-session@3.2.0@egg-session/config/config.default.js",
    "start": 1611309561511,
    "end": 1611309561512,
    "duration": 1,
    "pid": 14756,
    "index": 5
  },
  {
    "name": "Require(2) node_modules/_egg-security@2.8.0@egg-security/config/config.default.js",
    "start": 1611309561512,
    "end": 1611309561513,
    "duration": 1,
    "pid": 14756,
    "index": 6
  },
  {
    "name": "Require(3) node_modules/_egg-jsonp@2.0.0@egg-jsonp/config/config.default.js",
    "start": 1611309561514,
    "end": 1611309561514,
    "duration": 0,
    "pid": 14756,
    "index": 7
  },
  {
    "name": "Require(4) node_modules/_egg-onerror@2.1.0@egg-onerror/config/config.default.js",
    "start": 1611309561514,
    "end": 1611309561515,
    "duration": 1,
    "pid": 14756,
    "index": 8
  },
  {
    "name": "Require(5) node_modules/_egg-i18n@2.1.1@egg-i18n/config/config.default.js",
    "start": 1611309561515,
    "end": 1611309561516,
    "duration": 1,
    "pid": 14756,
    "index": 9
  },
  {
    "name": "Require(6) node_modules/_egg-watcher@3.1.1@egg-watcher/config/config.default.js",
    "start": 1611309561516,
    "end": 1611309561517,
    "duration": 1,
    "pid": 14756,
    "index": 10
  },
  {
    "name": "Require(7) node_modules/_egg-schedule@3.6.6@egg-schedule/config/config.default.js",
    "start": 1611309561517,
    "end": 1611309561517,
    "duration": 0,
    "pid": 14756,
    "index": 11
  },
  {
    "name": "Require(8) node_modules/_egg-multipart@2.10.3@egg-multipart/config/config.default.js",
    "start": 1611309561518,
    "end": 1611309561518,
    "duration": 0,
    "pid": 14756,
    "index": 12
  },
  {
    "name": "Require(9) node_modules/_egg-development@2.7.0@egg-development/config/config.default.js",
    "start": 1611309561519,
    "end": 1611309561519,
    "duration": 0,
    "pid": 14756,
    "index": 13
  },
  {
    "name": "Require(10) node_modules/_egg-logrotator@3.1.0@egg-logrotator/config/config.default.js",
    "start": 1611309561520,
    "end": 1611309561520,
    "duration": 0,
    "pid": 14756,
    "index": 14
  },
  {
    "name": "Require(11) node_modules/_egg-static@2.2.0@egg-static/config/config.default.js",
    "start": 1611309561521,
    "end": 1611309561521,
    "duration": 0,
    "pid": 14756,
    "index": 15
  },
  {
    "name": "Require(12) node_modules/_egg-view@2.1.3@egg-view/config/config.default.js",
    "start": 1611309561521,
    "end": 1611309561522,
    "duration": 1,
    "pid": 14756,
    "index": 16
  },
  {
    "name": "Require(13) node_modules/_egg-view-ejs@2.0.1@egg-view-ejs/config/config.default.js",
    "start": 1611309561522,
    "end": 1611309561523,
    "duration": 1,
    "pid": 14756,
    "index": 17
  },
  {
    "name": "Require(14) node_modules/_egg@2.29.1@egg/config/config.default.js",
    "start": 1611309561523,
    "end": 1611309561524,
    "duration": 1,
    "pid": 14756,
    "index": 18
  },
  {
    "name": "Require(15) config/config.default.js",
    "start": 1611309561525,
    "end": 1611309561525,
    "duration": 0,
    "pid": 14756,
    "index": 19
  },
  {
    "name": "Require(16) node_modules/_egg-security@2.8.0@egg-security/config/config.local.js",
    "start": 1611309561525,
    "end": 1611309561525,
    "duration": 0,
    "pid": 14756,
    "index": 20
  },
  {
    "name": "Require(17) node_modules/_egg-watcher@3.1.1@egg-watcher/config/config.local.js",
    "start": 1611309561526,
    "end": 1611309561527,
    "duration": 1,
    "pid": 14756,
    "index": 21
  },
  {
    "name": "Require(18) node_modules/_egg-view@2.1.3@egg-view/config/config.local.js",
    "start": 1611309561528,
    "end": 1611309561528,
    "duration": 0,
    "pid": 14756,
    "index": 22
  },
  {
    "name": "Require(19) node_modules/_egg-view-ejs@2.0.1@egg-view-ejs/config/config.local.js",
    "start": 1611309561528,
    "end": 1611309561529,
    "duration": 1,
    "pid": 14756,
    "index": 23
  },
  {
    "name": "Require(20) node_modules/_egg@2.29.1@egg/config/config.local.js",
    "start": 1611309561529,
    "end": 1611309561529,
    "duration": 0,
    "pid": 14756,
    "index": 24
  },
  {
    "name": "Load extend/application.js",
    "start": 1611309561530,
    "end": 1611309561545,
    "duration": 15,
    "pid": 14756,
    "index": 25
  },
  {
    "name": "Require(21) node_modules/_egg-session@3.2.0@egg-session/app/extend/application.js",
    "start": 1611309561531,
    "end": 1611309561531,
    "duration": 0,
    "pid": 14756,
    "index": 26
  },
  {
    "name": "Require(22) node_modules/_egg-security@2.8.0@egg-security/app/extend/application.js",
    "start": 1611309561532,
    "end": 1611309561533,
    "duration": 1,
    "pid": 14756,
    "index": 27
  },
  {
    "name": "Require(23) node_modules/_egg-jsonp@2.0.0@egg-jsonp/app/extend/application.js",
    "start": 1611309561533,
    "end": 1611309561535,
    "duration": 2,
    "pid": 14756,
    "index": 28
  },
  {
    "name": "Require(24) node_modules/_egg-logrotator@3.1.0@egg-logrotator/app/extend/application.js",
    "start": 1611309561536,
    "end": 1611309561539,
    "duration": 3,
    "pid": 14756,
    "index": 29
  },
  {
    "name": "Require(25) node_modules/_egg-view@2.1.3@egg-view/app/extend/application.js",
    "start": 1611309561540,
    "end": 1611309561542,
    "duration": 2,
    "pid": 14756,
    "index": 30
  },
  {
    "name": "Load extend/request.js",
    "start": 1611309561545,
    "end": 1611309561554,
    "duration": 9,
    "pid": 14756,
    "index": 31
  },
  {
    "name": "Require(26) node_modules/_egg@2.29.1@egg/app/extend/request.js",
    "start": 1611309561547,
    "end": 1611309561549,
    "duration": 2,
    "pid": 14756,
    "index": 32
  },
  {
    "name": "Load extend/response.js",
    "start": 1611309561554,
    "end": 1611309561561,
    "duration": 7,
    "pid": 14756,
    "index": 33
  },
  {
    "name": "Require(27) node_modules/_egg@2.29.1@egg/app/extend/response.js",
    "start": 1611309561556,
    "end": 1611309561558,
    "duration": 2,
    "pid": 14756,
    "index": 34
  },
  {
    "name": "Load extend/context.js",
    "start": 1611309561561,
    "end": 1611309561634,
    "duration": 73,
    "pid": 14756,
    "index": 35
  },
  {
    "name": "Require(28) node_modules/_egg-security@2.8.0@egg-security/app/extend/context.js",
    "start": 1611309561562,
    "end": 1611309561575,
    "duration": 13,
    "pid": 14756,
    "index": 36
  },
  {
    "name": "Require(29) node_modules/_egg-jsonp@2.0.0@egg-jsonp/app/extend/context.js",
    "start": 1611309561576,
    "end": 1611309561577,
    "duration": 1,
    "pid": 14756,
    "index": 37
  },
  {
    "name": "Require(30) node_modules/_egg-i18n@2.1.1@egg-i18n/app/extend/context.js",
    "start": 1611309561578,
    "end": 1611309561578,
    "duration": 0,
    "pid": 14756,
    "index": 38
  },
  {
    "name": "Require(31) node_modules/_egg-multipart@2.10.3@egg-multipart/app/extend/context.js",
    "start": 1611309561579,
    "end": 1611309561627,
    "duration": 48,
    "pid": 14756,
    "index": 39
  },
  {
    "name": "Require(32) node_modules/_egg-view@2.1.3@egg-view/app/extend/context.js",
    "start": 1611309561629,
    "end": 1611309561630,
    "duration": 1,
    "pid": 14756,
    "index": 40
  },
  {
    "name": "Require(33) node_modules/_egg@2.29.1@egg/app/extend/context.js",
    "start": 1611309561630,
    "end": 1611309561631,
    "duration": 1,
    "pid": 14756,
    "index": 41
  },
  {
    "name": "Load extend/helper.js",
    "start": 1611309561634,
    "end": 1611309561656,
    "duration": 22,
    "pid": 14756,
    "index": 42
  },
  {
    "name": "Require(34) node_modules/_egg-security@2.8.0@egg-security/app/extend/helper.js",
    "start": 1611309561635,
    "end": 1611309561651,
    "duration": 16,
    "pid": 14756,
    "index": 43
  },
  {
    "name": "Require(35) node_modules/_egg@2.29.1@egg/app/extend/helper.js",
    "start": 1611309561653,
    "end": 1611309561653,
    "duration": 0,
    "pid": 14756,
    "index": 44
  },
  {
    "name": "Load app.js",
    "start": 1611309561656,
    "end": 1611309561688,
    "duration": 32,
    "pid": 14756,
    "index": 45
  },
  {
    "name": "Require(36) node_modules/_egg-session@3.2.0@egg-session/app.js",
    "start": 1611309561656,
    "end": 1611309561657,
    "duration": 1,
    "pid": 14756,
    "index": 46
  },
  {
    "name": "Require(37) node_modules/_egg-security@2.8.0@egg-security/app.js",
    "start": 1611309561657,
    "end": 1611309561659,
    "duration": 2,
    "pid": 14756,
    "index": 47
  },
  {
    "name": "Require(38) node_modules/_egg-onerror@2.1.0@egg-onerror/app.js",
    "start": 1611309561659,
    "end": 1611309561669,
    "duration": 10,
    "pid": 14756,
    "index": 48
  },
  {
    "name": "Require(39) node_modules/_egg-i18n@2.1.1@egg-i18n/app.js",
    "start": 1611309561669,
    "end": 1611309561677,
    "duration": 8,
    "pid": 14756,
    "index": 49
  },
  {
    "name": "Require(40) node_modules/_egg-watcher@3.1.1@egg-watcher/app.js",
    "start": 1611309561677,
    "end": 1611309561681,
    "duration": 4,
    "pid": 14756,
    "index": 50
  },
  {
    "name": "Require(41) node_modules/_egg-schedule@3.6.6@egg-schedule/app.js",
    "start": 1611309561682,
    "end": 1611309561684,
    "duration": 2,
    "pid": 14756,
    "index": 51
  },
  {
    "name": "Require(42) node_modules/_egg-multipart@2.10.3@egg-multipart/app.js",
    "start": 1611309561684,
    "end": 1611309561685,
    "duration": 1,
    "pid": 14756,
    "index": 52
  },
  {
    "name": "Require(43) node_modules/_egg-development@2.7.0@egg-development/app.js",
    "start": 1611309561685,
    "end": 1611309561685,
    "duration": 0,
    "pid": 14756,
    "index": 53
  },
  {
    "name": "Require(44) node_modules/_egg-logrotator@3.1.0@egg-logrotator/app.js",
    "start": 1611309561685,
    "end": 1611309561686,
    "duration": 1,
    "pid": 14756,
    "index": 54
  },
  {
    "name": "Require(45) node_modules/_egg-static@2.2.0@egg-static/app.js",
    "start": 1611309561686,
    "end": 1611309561686,
    "duration": 0,
    "pid": 14756,
    "index": 55
  },
  {
    "name": "Require(46) node_modules/_egg-view-ejs@2.0.1@egg-view-ejs/app.js",
    "start": 1611309561687,
    "end": 1611309561687,
    "duration": 0,
    "pid": 14756,
    "index": 56
  },
  {
    "name": "Before Start in node_modules/_egg-watcher@3.1.1@egg-watcher/lib/init.js:15:14",
    "start": 1611309561697,
    "end": 1611309561881,
    "duration": 184,
    "pid": 14756,
    "index": 57
  },
  {
    "name": "Load Service",
    "start": 1611309561737,
    "end": 1611309561741,
    "duration": 4,
    "pid": 14756,
    "index": 58
  },
  {
    "name": "Load \"service\" to Context",
    "start": 1611309561737,
    "end": 1611309561741,
    "duration": 4,
    "pid": 14756,
    "index": 59
  },
  {
    "name": "Load Middleware",
    "start": 1611309561741,
    "end": 1611309561864,
    "duration": 123,
    "pid": 14756,
    "index": 60
  },
  {
    "name": "Load \"middlewares\" to Application",
    "start": 1611309561741,
    "end": 1611309561850,
    "duration": 109,
    "pid": 14756,
    "index": 61
  },
  {
    "name": "Load Controller",
    "start": 1611309561864,
    "end": 1611309561867,
    "duration": 3,
    "pid": 14756,
    "index": 62
  },
  {
    "name": "Load \"controller\" to Application",
    "start": 1611309561864,
    "end": 1611309561867,
    "duration": 3,
    "pid": 14756,
    "index": 63
  },
  {
    "name": "Load Router",
    "start": 1611309561867,
    "end": 1611309561869,
    "duration": 2,
    "pid": 14756,
    "index": 64
  },
  {
    "name": "Require(47) app/router.js",
    "start": 1611309561867,
    "end": 1611309561867,
    "duration": 0,
    "pid": 14756,
    "index": 65
  },
  {
    "name": "Before Start in node_modules/_egg-core@4.20.0@egg-core/lib/egg.js:303:10",
    "start": 1611309561868,
    "end": 1611309561874,
    "duration": 6,
    "pid": 14756,
    "index": 66
  }
]