[
  {
    "name": "Process Start",
    "start": 1611309555696,
    "end": 1611309556707,
    "duration": 1011,
    "pid": 18344,
    "index": 0
  },
  {
    "name": "Application Start",
    "start": 1611309556707,
    "end": 1611309557146,
    "duration": 439,
    "pid": 18344,
    "index": 1
  },
  {
    "name": "Load Plugin",
    "start": 1611309556711,
    "end": 1611309556731,
    "duration": 20,
    "pid": 18344,
    "index": 2
  },
  {
    "name": "Load Config",
    "start": 1611309556731,
    "end": 1611309556752,
    "duration": 21,
    "pid": 18344,
    "index": 3
  },
  {
    "name": "Require(0) config/config.default.js",
    "start": 1611309556731,
    "end": 1611309556732,
    "duration": 1,
    "pid": 18344,
    "index": 4
  },
  {
    "name": "Require(1) node_modules/_egg-session@3.2.0@egg-session/config/config.default.js",
    "start": 1611309556733,
    "end": 1611309556733,
    "duration": 0,
    "pid": 18344,
    "index": 5
  },
  {
    "name": "Require(2) node_modules/_egg-security@2.8.0@egg-security/config/config.default.js",
    "start": 1611309556734,
    "end": 1611309556734,
    "duration": 0,
    "pid": 18344,
    "index": 6
  },
  {
    "name": "Require(3) node_modules/_egg-jsonp@2.0.0@egg-jsonp/config/config.default.js",
    "start": 1611309556735,
    "end": 1611309556736,
    "duration": 1,
    "pid": 18344,
    "index": 7
  },
  {
    "name": "Require(4) node_modules/_egg-onerror@2.1.0@egg-onerror/config/config.default.js",
    "start": 1611309556736,
    "end": 1611309556737,
    "duration": 1,
    "pid": 18344,
    "index": 8
  },
  {
    "name": "Require(5) node_modules/_egg-i18n@2.1.1@egg-i18n/config/config.default.js",
    "start": 1611309556737,
    "end": 1611309556737,
    "duration": 0,
    "pid": 18344,
    "index": 9
  },
  {
    "name": "Require(6) node_modules/_egg-watcher@3.1.1@egg-watcher/config/config.default.js",
    "start": 1611309556738,
    "end": 1611309556739,
    "duration": 1,
    "pid": 18344,
    "index": 10
  },
  {
    "name": "Require(7) node_modules/_egg-schedule@3.6.6@egg-schedule/config/config.default.js",
    "start": 1611309556739,
    "end": 1611309556739,
    "duration": 0,
    "pid": 18344,
    "index": 11
  },
  {
    "name": "Require(8) node_modules/_egg-multipart@2.10.3@egg-multipart/config/config.default.js",
    "start": 1611309556740,
    "end": 1611309556740,
    "duration": 0,
    "pid": 18344,
    "index": 12
  },
  {
    "name": "Require(9) node_modules/_egg-development@2.7.0@egg-development/config/config.default.js",
    "start": 1611309556741,
    "end": 1611309556741,
    "duration": 0,
    "pid": 18344,
    "index": 13
  },
  {
    "name": "Require(10) node_modules/_egg-logrotator@3.1.0@egg-logrotator/config/config.default.js",
    "start": 1611309556742,
    "end": 1611309556742,
    "duration": 0,
    "pid": 18344,
    "index": 14
  },
  {
    "name": "Require(11) node_modules/_egg-static@2.2.0@egg-static/config/config.default.js",
    "start": 1611309556743,
    "end": 1611309556743,
    "duration": 0,
    "pid": 18344,
    "index": 15
  },
  {
    "name": "Require(12) node_modules/_egg-view@2.1.3@egg-view/config/config.default.js",
    "start": 1611309556744,
    "end": 1611309556744,
    "duration": 0,
    "pid": 18344,
    "index": 16
  },
  {
    "name": "Require(13) node_modules/_egg-view-ejs@2.0.1@egg-view-ejs/config/config.default.js",
    "start": 1611309556745,
    "end": 1611309556745,
    "duration": 0,
    "pid": 18344,
    "index": 17
  },
  {
    "name": "Require(14) node_modules/_egg@2.29.1@egg/config/config.default.js",
    "start": 1611309556745,
    "end": 1611309556746,
    "duration": 1,
    "pid": 18344,
    "index": 18
  },
  {
    "name": "Require(15) config/config.default.js",
    "start": 1611309556747,
    "end": 1611309556747,
    "duration": 0,
    "pid": 18344,
    "index": 19
  },
  {
    "name": "Require(16) node_modules/_egg-security@2.8.0@egg-security/config/config.local.js",
    "start": 1611309556747,
    "end": 1611309556748,
    "duration": 1,
    "pid": 18344,
    "index": 20
  },
  {
    "name": "Require(17) node_modules/_egg-watcher@3.1.1@egg-watcher/config/config.local.js",
    "start": 1611309556749,
    "end": 1611309556749,
    "duration": 0,
    "pid": 18344,
    "index": 21
  },
  {
    "name": "Require(18) node_modules/_egg-view@2.1.3@egg-view/config/config.local.js",
    "start": 1611309556750,
    "end": 1611309556750,
    "duration": 0,
    "pid": 18344,
    "index": 22
  },
  {
    "name": "Require(19) node_modules/_egg-view-ejs@2.0.1@egg-view-ejs/config/config.local.js",
    "start": 1611309556751,
    "end": 1611309556751,
    "duration": 0,
    "pid": 18344,
    "index": 23
  },
  {
    "name": "Require(20) node_modules/_egg@2.29.1@egg/config/config.local.js",
    "start": 1611309556751,
    "end": 1611309556752,
    "duration": 1,
    "pid": 18344,
    "index": 24
  },
  {
    "name": "Load extend/application.js",
    "start": 1611309556753,
    "end": 1611309556769,
    "duration": 16,
    "pid": 18344,
    "index": 25
  },
  {
    "name": "Require(21) node_modules/_egg-session@3.2.0@egg-session/app/extend/application.js",
    "start": 1611309556753,
    "end": 1611309556754,
    "duration": 1,
    "pid": 18344,
    "index": 26
  },
  {
    "name": "Require(22) node_modules/_egg-security@2.8.0@egg-security/app/extend/application.js",
    "start": 1611309556754,
    "end": 1611309556755,
    "duration": 1,
    "pid": 18344,
    "index": 27
  },
  {
    "name": "Require(23) node_modules/_egg-jsonp@2.0.0@egg-jsonp/app/extend/application.js",
    "start": 1611309556756,
    "end": 1611309556758,
    "duration": 2,
    "pid": 18344,
    "index": 28
  },
  {
    "name": "Require(24) node_modules/_egg-logrotator@3.1.0@egg-logrotator/app/extend/application.js",
    "start": 1611309556759,
    "end": 1611309556762,
    "duration": 3,
    "pid": 18344,
    "index": 29
  },
  {
    "name": "Require(25) node_modules/_egg-view@2.1.3@egg-view/app/extend/application.js",
    "start": 1611309556763,
    "end": 1611309556765,
    "duration": 2,
    "pid": 18344,
    "index": 30
  },
  {
    "name": "Load extend/request.js",
    "start": 1611309556769,
    "end": 1611309556776,
    "duration": 7,
    "pid": 18344,
    "index": 31
  },
  {
    "name": "Require(26) node_modules/_egg@2.29.1@egg/app/extend/request.js",
    "start": 1611309556772,
    "end": 1611309556773,
    "duration": 1,
    "pid": 18344,
    "index": 32
  },
  {
    "name": "Load extend/response.js",
    "start": 1611309556776,
    "end": 1611309556789,
    "duration": 13,
    "pid": 18344,
    "index": 33
  },
  {
    "name": "Require(27) node_modules/_egg@2.29.1@egg/app/extend/response.js",
    "start": 1611309556783,
    "end": 1611309556785,
    "duration": 2,
    "pid": 18344,
    "index": 34
  },
  {
    "name": "Load extend/context.js",
    "start": 1611309556789,
    "end": 1611309556861,
    "duration": 72,
    "pid": 18344,
    "index": 35
  },
  {
    "name": "Require(28) node_modules/_egg-security@2.8.0@egg-security/app/extend/context.js",
    "start": 1611309556789,
    "end": 1611309556803,
    "duration": 14,
    "pid": 18344,
    "index": 36
  },
  {
    "name": "Require(29) node_modules/_egg-jsonp@2.0.0@egg-jsonp/app/extend/context.js",
    "start": 1611309556804,
    "end": 1611309556805,
    "duration": 1,
    "pid": 18344,
    "index": 37
  },
  {
    "name": "Require(30) node_modules/_egg-i18n@2.1.1@egg-i18n/app/extend/context.js",
    "start": 1611309556806,
    "end": 1611309556806,
    "duration": 0,
    "pid": 18344,
    "index": 38
  },
  {
    "name": "Require(31) node_modules/_egg-multipart@2.10.3@egg-multipart/app/extend/context.js",
    "start": 1611309556807,
    "end": 1611309556855,
    "duration": 48,
    "pid": 18344,
    "index": 39
  },
  {
    "name": "Require(32) node_modules/_egg-view@2.1.3@egg-view/app/extend/context.js",
    "start": 1611309556856,
    "end": 1611309556856,
    "duration": 0,
    "pid": 18344,
    "index": 40
  },
  {
    "name": "Require(33) node_modules/_egg@2.29.1@egg/app/extend/context.js",
    "start": 1611309556857,
    "end": 1611309556858,
    "duration": 1,
    "pid": 18344,
    "index": 41
  },
  {
    "name": "Load extend/helper.js",
    "start": 1611309556861,
    "end": 1611309556885,
    "duration": 24,
    "pid": 18344,
    "index": 42
  },
  {
    "name": "Require(34) node_modules/_egg-security@2.8.0@egg-security/app/extend/helper.js",
    "start": 1611309556862,
    "end": 1611309556879,
    "duration": 17,
    "pid": 18344,
    "index": 43
  },
  {
    "name": "Require(35) node_modules/_egg@2.29.1@egg/app/extend/helper.js",
    "start": 1611309556881,
    "end": 1611309556882,
    "duration": 1,
    "pid": 18344,
    "index": 44
  },
  {
    "name": "Load app.js",
    "start": 1611309556885,
    "end": 1611309556926,
    "duration": 41,
    "pid": 18344,
    "index": 45
  },
  {
    "name": "Require(36) node_modules/_egg-session@3.2.0@egg-session/app.js",
    "start": 1611309556886,
    "end": 1611309556886,
    "duration": 0,
    "pid": 18344,
    "index": 46
  },
  {
    "name": "Require(37) node_modules/_egg-security@2.8.0@egg-security/app.js",
    "start": 1611309556886,
    "end": 1611309556888,
    "duration": 2,
    "pid": 18344,
    "index": 47
  },
  {
    "name": "Require(38) node_modules/_egg-onerror@2.1.0@egg-onerror/app.js",
    "start": 1611309556889,
    "end": 1611309556900,
    "duration": 11,
    "pid": 18344,
    "index": 48
  },
  {
    "name": "Require(39) node_modules/_egg-i18n@2.1.1@egg-i18n/app.js",
    "start": 1611309556901,
    "end": 1611309556910,
    "duration": 9,
    "pid": 18344,
    "index": 49
  },
  {
    "name": "Require(40) node_modules/_egg-watcher@3.1.1@egg-watcher/app.js",
    "start": 1611309556910,
    "end": 1611309556917,
    "duration": 7,
    "pid": 18344,
    "index": 50
  },
  {
    "name": "Require(41) node_modules/_egg-schedule@3.6.6@egg-schedule/app.js",
    "start": 1611309556917,
    "end": 1611309556920,
    "duration": 3,
    "pid": 18344,
    "index": 51
  },
  {
    "name": "Require(42) node_modules/_egg-multipart@2.10.3@egg-multipart/app.js",
    "start": 1611309556921,
    "end": 1611309556922,
    "duration": 1,
    "pid": 18344,
    "index": 52
  },
  {
    "name": "Require(43) node_modules/_egg-development@2.7.0@egg-development/app.js",
    "start": 1611309556922,
    "end": 1611309556923,
    "duration": 1,
    "pid": 18344,
    "index": 53
  },
  {
    "name": "Require(44) node_modules/_egg-logrotator@3.1.0@egg-logrotator/app.js",
    "start": 1611309556923,
    "end": 1611309556923,
    "duration": 0,
    "pid": 18344,
    "index": 54
  },
  {
    "name": "Require(45) node_modules/_egg-static@2.2.0@egg-static/app.js",
    "start": 1611309556924,
    "end": 1611309556924,
    "duration": 0,
    "pid": 18344,
    "index": 55
  },
  {
    "name": "Require(46) node_modules/_egg-view-ejs@2.0.1@egg-view-ejs/app.js",
    "start": 1611309556925,
    "end": 1611309556925,
    "duration": 0,
    "pid": 18344,
    "index": 56
  },
  {
    "name": "Before Start in node_modules/_egg-watcher@3.1.1@egg-watcher/lib/init.js:15:14",
    "start": 1611309556935,
    "end": 1611309557146,
    "duration": 211,
    "pid": 18344,
    "index": 57
  },
  {
    "name": "Load Service",
    "start": 1611309556970,
    "end": 1611309556975,
    "duration": 5,
    "pid": 18344,
    "index": 58
  },
  {
    "name": "Load \"service\" to Context",
    "start": 1611309556971,
    "end": 1611309556975,
    "duration": 4,
    "pid": 18344,
    "index": 59
  },
  {
    "name": "Load Middleware",
    "start": 1611309556976,
    "end": 1611309557125,
    "duration": 149,
    "pid": 18344,
    "index": 60
  },
  {
    "name": "Load \"middlewares\" to Application",
    "start": 1611309556976,
    "end": 1611309557108,
    "duration": 132,
    "pid": 18344,
    "index": 61
  },
  {
    "name": "Load Controller",
    "start": 1611309557125,
    "end": 1611309557129,
    "duration": 4,
    "pid": 18344,
    "index": 62
  },
  {
    "name": "Load \"controller\" to Application",
    "start": 1611309557125,
    "end": 1611309557129,
    "duration": 4,
    "pid": 18344,
    "index": 63
  },
  {
    "name": "Load Router",
    "start": 1611309557129,
    "end": 1611309557131,
    "duration": 2,
    "pid": 18344,
    "index": 64
  },
  {
    "name": "Require(47) app/router.js",
    "start": 1611309557129,
    "end": 1611309557130,
    "duration": 1,
    "pid": 18344,
    "index": 65
  },
  {
    "name": "Before Start in node_modules/_egg-core@4.20.0@egg-core/lib/egg.js:303:10",
    "start": 1611309557130,
    "end": 1611309557138,
    "duration": 8,
    "pid": 18344,
    "index": 66
  }
]