[
  {
    "name": "Process Start",
    "start": 1611309562389,
    "end": 1611309563489,
    "duration": 1100,
    "pid": 17004,
    "index": 0
  },
  {
    "name": "Application Start",
    "start": 1611309563490,
    "end": 1611309563882,
    "duration": 392,
    "pid": 17004,
    "index": 1
  },
  {
    "name": "Load Plugin",
    "start": 1611309563494,
    "end": 1611309563515,
    "duration": 21,
    "pid": 17004,
    "index": 2
  },
  {
    "name": "Load Config",
    "start": 1611309563515,
    "end": 1611309563534,
    "duration": 19,
    "pid": 17004,
    "index": 3
  },
  {
    "name": "Require(0) config/config.default.js",
    "start": 1611309563515,
    "end": 1611309563516,
    "duration": 1,
    "pid": 17004,
    "index": 4
  },
  {
    "name": "Require(1) node_modules/_egg-session@3.2.0@egg-session/config/config.default.js",
    "start": 1611309563517,
    "end": 1611309563517,
    "duration": 0,
    "pid": 17004,
    "index": 5
  },
  {
    "name": "Require(2) node_modules/_egg-security@2.8.0@egg-security/config/config.default.js",
    "start": 1611309563518,
    "end": 1611309563518,
    "duration": 0,
    "pid": 17004,
    "index": 6
  },
  {
    "name": "Require(3) node_modules/_egg-jsonp@2.0.0@egg-jsonp/config/config.default.js",
    "start": 1611309563519,
    "end": 1611309563519,
    "duration": 0,
    "pid": 17004,
    "index": 7
  },
  {
    "name": "Require(4) node_modules/_egg-onerror@2.1.0@egg-onerror/config/config.default.js",
    "start": 1611309563520,
    "end": 1611309563520,
    "duration": 0,
    "pid": 17004,
    "index": 8
  },
  {
    "name": "Require(5) node_modules/_egg-i18n@2.1.1@egg-i18n/config/config.default.js",
    "start": 1611309563520,
    "end": 1611309563521,
    "duration": 1,
    "pid": 17004,
    "index": 9
  },
  {
    "name": "Require(6) node_modules/_egg-watcher@3.1.1@egg-watcher/config/config.default.js",
    "start": 1611309563521,
    "end": 1611309563522,
    "duration": 1,
    "pid": 17004,
    "index": 10
  },
  {
    "name": "Require(7) node_modules/_egg-schedule@3.6.6@egg-schedule/config/config.default.js",
    "start": 1611309563522,
    "end": 1611309563523,
    "duration": 1,
    "pid": 17004,
    "index": 11
  },
  {
    "name": "Require(8) node_modules/_egg-multipart@2.10.3@egg-multipart/config/config.default.js",
    "start": 1611309563523,
    "end": 1611309563523,
    "duration": 0,
    "pid": 17004,
    "index": 12
  },
  {
    "name": "Require(9) node_modules/_egg-development@2.7.0@egg-development/config/config.default.js",
    "start": 1611309563524,
    "end": 1611309563524,
    "duration": 0,
    "pid": 17004,
    "index": 13
  },
  {
    "name": "Require(10) node_modules/_egg-logrotator@3.1.0@egg-logrotator/config/config.default.js",
    "start": 1611309563525,
    "end": 1611309563525,
    "duration": 0,
    "pid": 17004,
    "index": 14
  },
  {
    "name": "Require(11) node_modules/_egg-static@2.2.0@egg-static/config/config.default.js",
    "start": 1611309563525,
    "end": 1611309563526,
    "duration": 1,
    "pid": 17004,
    "index": 15
  },
  {
    "name": "Require(12) node_modules/_egg-view@2.1.3@egg-view/config/config.default.js",
    "start": 1611309563526,
    "end": 1611309563527,
    "duration": 1,
    "pid": 17004,
    "index": 16
  },
  {
    "name": "Require(13) node_modules/_egg-view-ejs@2.0.1@egg-view-ejs/config/config.default.js",
    "start": 1611309563527,
    "end": 1611309563528,
    "duration": 1,
    "pid": 17004,
    "index": 17
  },
  {
    "name": "Require(14) node_modules/_egg@2.29.1@egg/config/config.default.js",
    "start": 1611309563528,
    "end": 1611309563528,
    "duration": 0,
    "pid": 17004,
    "index": 18
  },
  {
    "name": "Require(15) config/config.default.js",
    "start": 1611309563529,
    "end": 1611309563529,
    "duration": 0,
    "pid": 17004,
    "index": 19
  },
  {
    "name": "Require(16) node_modules/_egg-security@2.8.0@egg-security/config/config.local.js",
    "start": 1611309563530,
    "end": 1611309563530,
    "duration": 0,
    "pid": 17004,
    "index": 20
  },
  {
    "name": "Require(17) node_modules/_egg-watcher@3.1.1@egg-watcher/config/config.local.js",
    "start": 1611309563531,
    "end": 1611309563531,
    "duration": 0,
    "pid": 17004,
    "index": 21
  },
  {
    "name": "Require(18) node_modules/_egg-view@2.1.3@egg-view/config/config.local.js",
    "start": 1611309563533,
    "end": 1611309563533,
    "duration": 0,
    "pid": 17004,
    "index": 22
  },
  {
    "name": "Require(19) node_modules/_egg-view-ejs@2.0.1@egg-view-ejs/config/config.local.js",
    "start": 1611309563533,
    "end": 1611309563533,
    "duration": 0,
    "pid": 17004,
    "index": 23
  },
  {
    "name": "Require(20) node_modules/_egg@2.29.1@egg/config/config.local.js",
    "start": 1611309563534,
    "end": 1611309563534,
    "duration": 0,
    "pid": 17004,
    "index": 24
  },
  {
    "name": "Load extend/application.js",
    "start": 1611309563535,
    "end": 1611309563549,
    "duration": 14,
    "pid": 17004,
    "index": 25
  },
  {
    "name": "Require(21) node_modules/_egg-session@3.2.0@egg-session/app/extend/application.js",
    "start": 1611309563535,
    "end": 1611309563536,
    "duration": 1,
    "pid": 17004,
    "index": 26
  },
  {
    "name": "Require(22) node_modules/_egg-security@2.8.0@egg-security/app/extend/application.js",
    "start": 1611309563536,
    "end": 1611309563537,
    "duration": 1,
    "pid": 17004,
    "index": 27
  },
  {
    "name": "Require(23) node_modules/_egg-jsonp@2.0.0@egg-jsonp/app/extend/application.js",
    "start": 1611309563538,
    "end": 1611309563540,
    "duration": 2,
    "pid": 17004,
    "index": 28
  },
  {
    "name": "Require(24) node_modules/_egg-logrotator@3.1.0@egg-logrotator/app/extend/application.js",
    "start": 1611309563541,
    "end": 1611309563544,
    "duration": 3,
    "pid": 17004,
    "index": 29
  },
  {
    "name": "Require(25) node_modules/_egg-view@2.1.3@egg-view/app/extend/application.js",
    "start": 1611309563544,
    "end": 1611309563546,
    "duration": 2,
    "pid": 17004,
    "index": 30
  },
  {
    "name": "Load extend/request.js",
    "start": 1611309563549,
    "end": 1611309563556,
    "duration": 7,
    "pid": 17004,
    "index": 31
  },
  {
    "name": "Require(26) node_modules/_egg@2.29.1@egg/app/extend/request.js",
    "start": 1611309563552,
    "end": 1611309563553,
    "duration": 1,
    "pid": 17004,
    "index": 32
  },
  {
    "name": "Load extend/response.js",
    "start": 1611309563556,
    "end": 1611309563566,
    "duration": 10,
    "pid": 17004,
    "index": 33
  },
  {
    "name": "Require(27) node_modules/_egg@2.29.1@egg/app/extend/response.js",
    "start": 1611309563561,
    "end": 1611309563563,
    "duration": 2,
    "pid": 17004,
    "index": 34
  },
  {
    "name": "Load extend/context.js",
    "start": 1611309563566,
    "end": 1611309563636,
    "duration": 70,
    "pid": 17004,
    "index": 35
  },
  {
    "name": "Require(28) node_modules/_egg-security@2.8.0@egg-security/app/extend/context.js",
    "start": 1611309563567,
    "end": 1611309563580,
    "duration": 13,
    "pid": 17004,
    "index": 36
  },
  {
    "name": "Require(29) node_modules/_egg-jsonp@2.0.0@egg-jsonp/app/extend/context.js",
    "start": 1611309563581,
    "end": 1611309563582,
    "duration": 1,
    "pid": 17004,
    "index": 37
  },
  {
    "name": "Require(30) node_modules/_egg-i18n@2.1.1@egg-i18n/app/extend/context.js",
    "start": 1611309563583,
    "end": 1611309563583,
    "duration": 0,
    "pid": 17004,
    "index": 38
  },
  {
    "name": "Require(31) node_modules/_egg-multipart@2.10.3@egg-multipart/app/extend/context.js",
    "start": 1611309563584,
    "end": 1611309563630,
    "duration": 46,
    "pid": 17004,
    "index": 39
  },
  {
    "name": "Require(32) node_modules/_egg-view@2.1.3@egg-view/app/extend/context.js",
    "start": 1611309563631,
    "end": 1611309563632,
    "duration": 1,
    "pid": 17004,
    "index": 40
  },
  {
    "name": "Require(33) node_modules/_egg@2.29.1@egg/app/extend/context.js",
    "start": 1611309563632,
    "end": 1611309563634,
    "duration": 2,
    "pid": 17004,
    "index": 41
  },
  {
    "name": "Load extend/helper.js",
    "start": 1611309563637,
    "end": 1611309563660,
    "duration": 23,
    "pid": 17004,
    "index": 42
  },
  {
    "name": "Require(34) node_modules/_egg-security@2.8.0@egg-security/app/extend/helper.js",
    "start": 1611309563637,
    "end": 1611309563654,
    "duration": 17,
    "pid": 17004,
    "index": 43
  },
  {
    "name": "Require(35) node_modules/_egg@2.29.1@egg/app/extend/helper.js",
    "start": 1611309563656,
    "end": 1611309563657,
    "duration": 1,
    "pid": 17004,
    "index": 44
  },
  {
    "name": "Load app.js",
    "start": 1611309563660,
    "end": 1611309563694,
    "duration": 34,
    "pid": 17004,
    "index": 45
  },
  {
    "name": "Require(36) node_modules/_egg-session@3.2.0@egg-session/app.js",
    "start": 1611309563660,
    "end": 1611309563661,
    "duration": 1,
    "pid": 17004,
    "index": 46
  },
  {
    "name": "Require(37) node_modules/_egg-security@2.8.0@egg-security/app.js",
    "start": 1611309563661,
    "end": 1611309563663,
    "duration": 2,
    "pid": 17004,
    "index": 47
  },
  {
    "name": "Require(38) node_modules/_egg-onerror@2.1.0@egg-onerror/app.js",
    "start": 1611309563664,
    "end": 1611309563674,
    "duration": 10,
    "pid": 17004,
    "index": 48
  },
  {
    "name": "Require(39) node_modules/_egg-i18n@2.1.1@egg-i18n/app.js",
    "start": 1611309563675,
    "end": 1611309563683,
    "duration": 8,
    "pid": 17004,
    "index": 49
  },
  {
    "name": "Require(40) node_modules/_egg-watcher@3.1.1@egg-watcher/app.js",
    "start": 1611309563683,
    "end": 1611309563687,
    "duration": 4,
    "pid": 17004,
    "index": 50
  },
  {
    "name": "Require(41) node_modules/_egg-schedule@3.6.6@egg-schedule/app.js",
    "start": 1611309563687,
    "end": 1611309563690,
    "duration": 3,
    "pid": 17004,
    "index": 51
  },
  {
    "name": "Require(42) node_modules/_egg-multipart@2.10.3@egg-multipart/app.js",
    "start": 1611309563690,
    "end": 1611309563691,
    "duration": 1,
    "pid": 17004,
    "index": 52
  },
  {
    "name": "Require(43) node_modules/_egg-development@2.7.0@egg-development/app.js",
    "start": 1611309563691,
    "end": 1611309563691,
    "duration": 0,
    "pid": 17004,
    "index": 53
  },
  {
    "name": "Require(44) node_modules/_egg-logrotator@3.1.0@egg-logrotator/app.js",
    "start": 1611309563692,
    "end": 1611309563692,
    "duration": 0,
    "pid": 17004,
    "index": 54
  },
  {
    "name": "Require(45) node_modules/_egg-static@2.2.0@egg-static/app.js",
    "start": 1611309563692,
    "end": 1611309563692,
    "duration": 0,
    "pid": 17004,
    "index": 55
  },
  {
    "name": "Require(46) node_modules/_egg-view-ejs@2.0.1@egg-view-ejs/app.js",
    "start": 1611309563693,
    "end": 1611309563694,
    "duration": 1,
    "pid": 17004,
    "index": 56
  },
  {
    "name": "Before Start in node_modules/_egg-watcher@3.1.1@egg-watcher/lib/init.js:15:14",
    "start": 1611309563703,
    "end": 1611309563882,
    "duration": 179,
    "pid": 17004,
    "index": 57
  },
  {
    "name": "Load Service",
    "start": 1611309563735,
    "end": 1611309563740,
    "duration": 5,
    "pid": 17004,
    "index": 58
  },
  {
    "name": "Load \"service\" to Context",
    "start": 1611309563735,
    "end": 1611309563740,
    "duration": 5,
    "pid": 17004,
    "index": 59
  },
  {
    "name": "Load Middleware",
    "start": 1611309563740,
    "end": 1611309563864,
    "duration": 124,
    "pid": 17004,
    "index": 60
  },
  {
    "name": "Load \"middlewares\" to Application",
    "start": 1611309563740,
    "end": 1611309563849,
    "duration": 109,
    "pid": 17004,
    "index": 61
  },
  {
    "name": "Load Controller",
    "start": 1611309563864,
    "end": 1611309563867,
    "duration": 3,
    "pid": 17004,
    "index": 62
  },
  {
    "name": "Load \"controller\" to Application",
    "start": 1611309563864,
    "end": 1611309563867,
    "duration": 3,
    "pid": 17004,
    "index": 63
  },
  {
    "name": "Load Router",
    "start": 1611309563867,
    "end": 1611309563869,
    "duration": 2,
    "pid": 17004,
    "index": 64
  },
  {
    "name": "Require(47) app/router.js",
    "start": 1611309563867,
    "end": 1611309563868,
    "duration": 1,
    "pid": 17004,
    "index": 65
  },
  {
    "name": "Before Start in node_modules/_egg-core@4.20.0@egg-core/lib/egg.js:303:10",
    "start": 1611309563868,
    "end": 1611309563875,
    "duration": 7,
    "pid": 17004,
    "index": 66
  }
]