[
  {
    "name": "Process Start",
    "start": 1611387760920,
    "end": 1611387761997,
    "duration": 1077,
    "pid": 14644,
    "index": 0
  },
  {
    "name": "Application Start",
    "start": 1611387761998,
    "end": 1611387762526,
    "duration": 528,
    "pid": 14644,
    "index": 1
  },
  {
    "name": "Load Plugin",
    "start": 1611387762002,
    "end": 1611387762023,
    "duration": 21,
    "pid": 14644,
    "index": 2
  },
  {
    "name": "Load Config",
    "start": 1611387762023,
    "end": 1611387762047,
    "duration": 24,
    "pid": 14644,
    "index": 3
  },
  {
    "name": "Require(0) config/config.default.js",
    "start": 1611387762024,
    "end": 1611387762024,
    "duration": 0,
    "pid": 14644,
    "index": 4
  },
  {
    "name": "Require(1) node_modules/_egg-session@3.2.0@egg-session/config/config.default.js",
    "start": 1611387762026,
    "end": 1611387762027,
    "duration": 1,
    "pid": 14644,
    "index": 5
  },
  {
    "name": "Require(2) node_modules/_egg-security@2.8.0@egg-security/config/config.default.js",
    "start": 1611387762027,
    "end": 1611387762028,
    "duration": 1,
    "pid": 14644,
    "index": 6
  },
  {
    "name": "Require(3) node_modules/_egg-jsonp@2.0.0@egg-jsonp/config/config.default.js",
    "start": 1611387762029,
    "end": 1611387762029,
    "duration": 0,
    "pid": 14644,
    "index": 7
  },
  {
    "name": "Require(4) node_modules/_egg-onerror@2.1.0@egg-onerror/config/config.default.js",
    "start": 1611387762029,
    "end": 1611387762030,
    "duration": 1,
    "pid": 14644,
    "index": 8
  },
  {
    "name": "Require(5) node_modules/_egg-i18n@2.1.1@egg-i18n/config/config.default.js",
    "start": 1611387762030,
    "end": 1611387762031,
    "duration": 1,
    "pid": 14644,
    "index": 9
  },
  {
    "name": "Require(6) node_modules/_egg-watcher@3.1.1@egg-watcher/config/config.default.js",
    "start": 1611387762031,
    "end": 1611387762032,
    "duration": 1,
    "pid": 14644,
    "index": 10
  },
  {
    "name": "Require(7) node_modules/_egg-schedule@3.6.6@egg-schedule/config/config.default.js",
    "start": 1611387762032,
    "end": 1611387762033,
    "duration": 1,
    "pid": 14644,
    "index": 11
  },
  {
    "name": "Require(8) node_modules/_egg-multipart@2.10.3@egg-multipart/config/config.default.js",
    "start": 1611387762033,
    "end": 1611387762034,
    "duration": 1,
    "pid": 14644,
    "index": 12
  },
  {
    "name": "Require(9) node_modules/_egg-development@2.7.0@egg-development/config/config.default.js",
    "start": 1611387762034,
    "end": 1611387762035,
    "duration": 1,
    "pid": 14644,
    "index": 13
  },
  {
    "name": "Require(10) node_modules/_egg-logrotator@3.1.0@egg-logrotator/config/config.default.js",
    "start": 1611387762035,
    "end": 1611387762036,
    "duration": 1,
    "pid": 14644,
    "index": 14
  },
  {
    "name": "Require(11) node_modules/_egg-static@2.2.0@egg-static/config/config.default.js",
    "start": 1611387762036,
    "end": 1611387762037,
    "duration": 1,
    "pid": 14644,
    "index": 15
  },
  {
    "name": "Require(12) node_modules/_egg-view@2.1.3@egg-view/config/config.default.js",
    "start": 1611387762038,
    "end": 1611387762038,
    "duration": 0,
    "pid": 14644,
    "index": 16
  },
  {
    "name": "Require(13) node_modules/_egg-view-ejs@2.0.1@egg-view-ejs/config/config.default.js",
    "start": 1611387762039,
    "end": 1611387762039,
    "duration": 0,
    "pid": 14644,
    "index": 17
  },
  {
    "name": "Require(14) node_modules/_egg@2.29.1@egg/config/config.default.js",
    "start": 1611387762040,
    "end": 1611387762040,
    "duration": 0,
    "pid": 14644,
    "index": 18
  },
  {
    "name": "Require(15) config/config.default.js",
    "start": 1611387762042,
    "end": 1611387762042,
    "duration": 0,
    "pid": 14644,
    "index": 19
  },
  {
    "name": "Require(16) node_modules/_egg-security@2.8.0@egg-security/config/config.local.js",
    "start": 1611387762043,
    "end": 1611387762043,
    "duration": 0,
    "pid": 14644,
    "index": 20
  },
  {
    "name": "Require(17) node_modules/_egg-watcher@3.1.1@egg-watcher/config/config.local.js",
    "start": 1611387762044,
    "end": 1611387762044,
    "duration": 0,
    "pid": 14644,
    "index": 21
  },
  {
    "name": "Require(18) node_modules/_egg-view@2.1.3@egg-view/config/config.local.js",
    "start": 1611387762045,
    "end": 1611387762045,
    "duration": 0,
    "pid": 14644,
    "index": 22
  },
  {
    "name": "Require(19) node_modules/_egg-view-ejs@2.0.1@egg-view-ejs/config/config.local.js",
    "start": 1611387762046,
    "end": 1611387762046,
    "duration": 0,
    "pid": 14644,
    "index": 23
  },
  {
    "name": "Require(20) node_modules/_egg@2.29.1@egg/config/config.local.js",
    "start": 1611387762046,
    "end": 1611387762046,
    "duration": 0,
    "pid": 14644,
    "index": 24
  },
  {
    "name": "Load extend/application.js",
    "start": 1611387762047,
    "end": 1611387762064,
    "duration": 17,
    "pid": 14644,
    "index": 25
  },
  {
    "name": "Require(21) node_modules/_egg-session@3.2.0@egg-session/app/extend/application.js",
    "start": 1611387762048,
    "end": 1611387762048,
    "duration": 0,
    "pid": 14644,
    "index": 26
  },
  {
    "name": "Require(22) node_modules/_egg-security@2.8.0@egg-security/app/extend/application.js",
    "start": 1611387762049,
    "end": 1611387762050,
    "duration": 1,
    "pid": 14644,
    "index": 27
  },
  {
    "name": "Require(23) node_modules/_egg-jsonp@2.0.0@egg-jsonp/app/extend/application.js",
    "start": 1611387762050,
    "end": 1611387762053,
    "duration": 3,
    "pid": 14644,
    "index": 28
  },
  {
    "name": "Require(24) node_modules/_egg-logrotator@3.1.0@egg-logrotator/app/extend/application.js",
    "start": 1611387762055,
    "end": 1611387762058,
    "duration": 3,
    "pid": 14644,
    "index": 29
  },
  {
    "name": "Require(25) node_modules/_egg-view@2.1.3@egg-view/app/extend/application.js",
    "start": 1611387762059,
    "end": 1611387762061,
    "duration": 2,
    "pid": 14644,
    "index": 30
  },
  {
    "name": "Load extend/request.js",
    "start": 1611387762064,
    "end": 1611387762071,
    "duration": 7,
    "pid": 14644,
    "index": 31
  },
  {
    "name": "Require(26) node_modules/_egg@2.29.1@egg/app/extend/request.js",
    "start": 1611387762067,
    "end": 1611387762068,
    "duration": 1,
    "pid": 14644,
    "index": 32
  },
  {
    "name": "Load extend/response.js",
    "start": 1611387762071,
    "end": 1611387762084,
    "duration": 13,
    "pid": 14644,
    "index": 33
  },
  {
    "name": "Require(27) node_modules/_egg@2.29.1@egg/app/extend/response.js",
    "start": 1611387762077,
    "end": 1611387762080,
    "duration": 3,
    "pid": 14644,
    "index": 34
  },
  {
    "name": "Load extend/context.js",
    "start": 1611387762084,
    "end": 1611387762168,
    "duration": 84,
    "pid": 14644,
    "index": 35
  },
  {
    "name": "Require(28) node_modules/_egg-security@2.8.0@egg-security/app/extend/context.js",
    "start": 1611387762085,
    "end": 1611387762103,
    "duration": 18,
    "pid": 14644,
    "index": 36
  },
  {
    "name": "Require(29) node_modules/_egg-jsonp@2.0.0@egg-jsonp/app/extend/context.js",
    "start": 1611387762103,
    "end": 1611387762106,
    "duration": 3,
    "pid": 14644,
    "index": 37
  },
  {
    "name": "Require(30) node_modules/_egg-i18n@2.1.1@egg-i18n/app/extend/context.js",
    "start": 1611387762106,
    "end": 1611387762107,
    "duration": 1,
    "pid": 14644,
    "index": 38
  },
  {
    "name": "Require(31) node_modules/_egg-multipart@2.10.3@egg-multipart/app/extend/context.js",
    "start": 1611387762108,
    "end": 1611387762162,
    "duration": 54,
    "pid": 14644,
    "index": 39
  },
  {
    "name": "Require(32) node_modules/_egg-view@2.1.3@egg-view/app/extend/context.js",
    "start": 1611387762163,
    "end": 1611387762163,
    "duration": 0,
    "pid": 14644,
    "index": 40
  },
  {
    "name": "Require(33) node_modules/_egg@2.29.1@egg/app/extend/context.js",
    "start": 1611387762164,
    "end": 1611387762165,
    "duration": 1,
    "pid": 14644,
    "index": 41
  },
  {
    "name": "Load extend/helper.js",
    "start": 1611387762168,
    "end": 1611387762192,
    "duration": 24,
    "pid": 14644,
    "index": 42
  },
  {
    "name": "Require(34) node_modules/_egg-security@2.8.0@egg-security/app/extend/helper.js",
    "start": 1611387762169,
    "end": 1611387762186,
    "duration": 17,
    "pid": 14644,
    "index": 43
  },
  {
    "name": "Require(35) node_modules/_egg@2.29.1@egg/app/extend/helper.js",
    "start": 1611387762188,
    "end": 1611387762189,
    "duration": 1,
    "pid": 14644,
    "index": 44
  },
  {
    "name": "Load app.js",
    "start": 1611387762192,
    "end": 1611387762225,
    "duration": 33,
    "pid": 14644,
    "index": 45
  },
  {
    "name": "Require(36) node_modules/_egg-session@3.2.0@egg-session/app.js",
    "start": 1611387762193,
    "end": 1611387762193,
    "duration": 0,
    "pid": 14644,
    "index": 46
  },
  {
    "name": "Require(37) node_modules/_egg-security@2.8.0@egg-security/app.js",
    "start": 1611387762193,
    "end": 1611387762195,
    "duration": 2,
    "pid": 14644,
    "index": 47
  },
  {
    "name": "Require(38) node_modules/_egg-onerror@2.1.0@egg-onerror/app.js",
    "start": 1611387762196,
    "end": 1611387762205,
    "duration": 9,
    "pid": 14644,
    "index": 48
  },
  {
    "name": "Require(39) node_modules/_egg-i18n@2.1.1@egg-i18n/app.js",
    "start": 1611387762206,
    "end": 1611387762214,
    "duration": 8,
    "pid": 14644,
    "index": 49
  },
  {
    "name": "Require(40) node_modules/_egg-watcher@3.1.1@egg-watcher/app.js",
    "start": 1611387762214,
    "end": 1611387762218,
    "duration": 4,
    "pid": 14644,
    "index": 50
  },
  {
    "name": "Require(41) node_modules/_egg-schedule@3.6.6@egg-schedule/app.js",
    "start": 1611387762218,
    "end": 1611387762220,
    "duration": 2,
    "pid": 14644,
    "index": 51
  },
  {
    "name": "Require(42) node_modules/_egg-multipart@2.10.3@egg-multipart/app.js",
    "start": 1611387762220,
    "end": 1611387762221,
    "duration": 1,
    "pid": 14644,
    "index": 52
  },
  {
    "name": "Require(43) node_modules/_egg-development@2.7.0@egg-development/app.js",
    "start": 1611387762221,
    "end": 1611387762221,
    "duration": 0,
    "pid": 14644,
    "index": 53
  },
  {
    "name": "Require(44) node_modules/_egg-logrotator@3.1.0@egg-logrotator/app.js",
    "start": 1611387762222,
    "end": 1611387762222,
    "duration": 0,
    "pid": 14644,
    "index": 54
  },
  {
    "name": "Require(45) node_modules/_egg-static@2.2.0@egg-static/app.js",
    "start": 1611387762222,
    "end": 1611387762223,
    "duration": 1,
    "pid": 14644,
    "index": 55
  },
  {
    "name": "Require(46) node_modules/_egg-view-ejs@2.0.1@egg-view-ejs/app.js",
    "start": 1611387762224,
    "end": 1611387762224,
    "duration": 0,
    "pid": 14644,
    "index": 56
  },
  {
    "name": "Before Start in node_modules/_egg-watcher@3.1.1@egg-watcher/lib/init.js:15:14",
    "start": 1611387762232,
    "end": 1611387762526,
    "duration": 294,
    "pid": 14644,
    "index": 57
  },
  {
    "name": "Load Service",
    "start": 1611387762267,
    "end": 1611387762272,
    "duration": 5,
    "pid": 14644,
    "index": 58
  },
  {
    "name": "Load \"service\" to Context",
    "start": 1611387762267,
    "end": 1611387762272,
    "duration": 5,
    "pid": 14644,
    "index": 59
  },
  {
    "name": "Load Middleware",
    "start": 1611387762272,
    "end": 1611387762411,
    "duration": 139,
    "pid": 14644,
    "index": 60
  },
  {
    "name": "Load \"middlewares\" to Application",
    "start": 1611387762272,
    "end": 1611387762395,
    "duration": 123,
    "pid": 14644,
    "index": 61
  },
  {
    "name": "Load Controller",
    "start": 1611387762411,
    "end": 1611387762499,
    "duration": 88,
    "pid": 14644,
    "index": 62
  },
  {
    "name": "Load \"controller\" to Application",
    "start": 1611387762411,
    "end": 1611387762499,
    "duration": 88,
    "pid": 14644,
    "index": 63
  },
  {
    "name": "Load Router",
    "start": 1611387762499,
    "end": 1611387762506,
    "duration": 7,
    "pid": 14644,
    "index": 64
  },
  {
    "name": "Require(47) app/router.js",
    "start": 1611387762500,
    "end": 1611387762502,
    "duration": 2,
    "pid": 14644,
    "index": 65
  },
  {
    "name": "Before Start in node_modules/_egg-core@4.20.0@egg-core/lib/egg.js:303:10",
    "start": 1611387762502,
    "end": 1611387762517,
    "duration": 15,
    "pid": 14644,
    "index": 66
  }
]