[
  {
    "name": "Process Start",
    "start": 1611387819498,
    "end": 1611387820559,
    "duration": 1061,
    "pid": 4048,
    "index": 0
  },
  {
    "name": "Application Start",
    "start": 1611387820560,
    "end": 1611387820942,
    "duration": 382,
    "pid": 4048,
    "index": 1
  },
  {
    "name": "Load Plugin",
    "start": 1611387820564,
    "end": 1611387820582,
    "duration": 18,
    "pid": 4048,
    "index": 2
  },
  {
    "name": "Load Config",
    "start": 1611387820582,
    "end": 1611387820602,
    "duration": 20,
    "pid": 4048,
    "index": 3
  },
  {
    "name": "Require(0) config/config.default.js",
    "start": 1611387820583,
    "end": 1611387820583,
    "duration": 0,
    "pid": 4048,
    "index": 4
  },
  {
    "name": "Require(1) node_modules/_egg-session@3.2.0@egg-session/config/config.default.js",
    "start": 1611387820584,
    "end": 1611387820585,
    "duration": 1,
    "pid": 4048,
    "index": 5
  },
  {
    "name": "Require(2) node_modules/_egg-security@2.8.0@egg-security/config/config.default.js",
    "start": 1611387820585,
    "end": 1611387820585,
    "duration": 0,
    "pid": 4048,
    "index": 6
  },
  {
    "name": "Require(3) node_modules/_egg-jsonp@2.0.0@egg-jsonp/config/config.default.js",
    "start": 1611387820586,
    "end": 1611387820587,
    "duration": 1,
    "pid": 4048,
    "index": 7
  },
  {
    "name": "Require(4) node_modules/_egg-onerror@2.1.0@egg-onerror/config/config.default.js",
    "start": 1611387820587,
    "end": 1611387820587,
    "duration": 0,
    "pid": 4048,
    "index": 8
  },
  {
    "name": "Require(5) node_modules/_egg-i18n@2.1.1@egg-i18n/config/config.default.js",
    "start": 1611387820588,
    "end": 1611387820588,
    "duration": 0,
    "pid": 4048,
    "index": 9
  },
  {
    "name": "Require(6) node_modules/_egg-watcher@3.1.1@egg-watcher/config/config.default.js",
    "start": 1611387820589,
    "end": 1611387820589,
    "duration": 0,
    "pid": 4048,
    "index": 10
  },
  {
    "name": "Require(7) node_modules/_egg-schedule@3.6.6@egg-schedule/config/config.default.js",
    "start": 1611387820589,
    "end": 1611387820590,
    "duration": 1,
    "pid": 4048,
    "index": 11
  },
  {
    "name": "Require(8) node_modules/_egg-multipart@2.10.3@egg-multipart/config/config.default.js",
    "start": 1611387820590,
    "end": 1611387820591,
    "duration": 1,
    "pid": 4048,
    "index": 12
  },
  {
    "name": "Require(9) node_modules/_egg-development@2.7.0@egg-development/config/config.default.js",
    "start": 1611387820591,
    "end": 1611387820592,
    "duration": 1,
    "pid": 4048,
    "index": 13
  },
  {
    "name": "Require(10) node_modules/_egg-logrotator@3.1.0@egg-logrotator/config/config.default.js",
    "start": 1611387820592,
    "end": 1611387820592,
    "duration": 0,
    "pid": 4048,
    "index": 14
  },
  {
    "name": "Require(11) node_modules/_egg-static@2.2.0@egg-static/config/config.default.js",
    "start": 1611387820593,
    "end": 1611387820593,
    "duration": 0,
    "pid": 4048,
    "index": 15
  },
  {
    "name": "Require(12) node_modules/_egg-view@2.1.3@egg-view/config/config.default.js",
    "start": 1611387820594,
    "end": 1611387820594,
    "duration": 0,
    "pid": 4048,
    "index": 16
  },
  {
    "name": "Require(13) node_modules/_egg-view-ejs@2.0.1@egg-view-ejs/config/config.default.js",
    "start": 1611387820594,
    "end": 1611387820595,
    "duration": 1,
    "pid": 4048,
    "index": 17
  },
  {
    "name": "Require(14) node_modules/_egg@2.29.1@egg/config/config.default.js",
    "start": 1611387820595,
    "end": 1611387820596,
    "duration": 1,
    "pid": 4048,
    "index": 18
  },
  {
    "name": "Require(15) config/config.default.js",
    "start": 1611387820597,
    "end": 1611387820597,
    "duration": 0,
    "pid": 4048,
    "index": 19
  },
  {
    "name": "Require(16) node_modules/_egg-security@2.8.0@egg-security/config/config.local.js",
    "start": 1611387820598,
    "end": 1611387820599,
    "duration": 1,
    "pid": 4048,
    "index": 20
  },
  {
    "name": "Require(17) node_modules/_egg-watcher@3.1.1@egg-watcher/config/config.local.js",
    "start": 1611387820599,
    "end": 1611387820600,
    "duration": 1,
    "pid": 4048,
    "index": 21
  },
  {
    "name": "Require(18) node_modules/_egg-view@2.1.3@egg-view/config/config.local.js",
    "start": 1611387820601,
    "end": 1611387820601,
    "duration": 0,
    "pid": 4048,
    "index": 22
  },
  {
    "name": "Require(19) node_modules/_egg-view-ejs@2.0.1@egg-view-ejs/config/config.local.js",
    "start": 1611387820601,
    "end": 1611387820602,
    "duration": 1,
    "pid": 4048,
    "index": 23
  },
  {
    "name": "Require(20) node_modules/_egg@2.29.1@egg/config/config.local.js",
    "start": 1611387820602,
    "end": 1611387820602,
    "duration": 0,
    "pid": 4048,
    "index": 24
  },
  {
    "name": "Load extend/application.js",
    "start": 1611387820603,
    "end": 1611387820619,
    "duration": 16,
    "pid": 4048,
    "index": 25
  },
  {
    "name": "Require(21) node_modules/_egg-session@3.2.0@egg-session/app/extend/application.js",
    "start": 1611387820604,
    "end": 1611387820604,
    "duration": 0,
    "pid": 4048,
    "index": 26
  },
  {
    "name": "Require(22) node_modules/_egg-security@2.8.0@egg-security/app/extend/application.js",
    "start": 1611387820604,
    "end": 1611387820606,
    "duration": 2,
    "pid": 4048,
    "index": 27
  },
  {
    "name": "Require(23) node_modules/_egg-jsonp@2.0.0@egg-jsonp/app/extend/application.js",
    "start": 1611387820606,
    "end": 1611387820608,
    "duration": 2,
    "pid": 4048,
    "index": 28
  },
  {
    "name": "Require(24) node_modules/_egg-logrotator@3.1.0@egg-logrotator/app/extend/application.js",
    "start": 1611387820610,
    "end": 1611387820612,
    "duration": 2,
    "pid": 4048,
    "index": 29
  },
  {
    "name": "Require(25) node_modules/_egg-view@2.1.3@egg-view/app/extend/application.js",
    "start": 1611387820613,
    "end": 1611387820615,
    "duration": 2,
    "pid": 4048,
    "index": 30
  },
  {
    "name": "Load extend/request.js",
    "start": 1611387820619,
    "end": 1611387820627,
    "duration": 8,
    "pid": 4048,
    "index": 31
  },
  {
    "name": "Require(26) node_modules/_egg@2.29.1@egg/app/extend/request.js",
    "start": 1611387820621,
    "end": 1611387820622,
    "duration": 1,
    "pid": 4048,
    "index": 32
  },
  {
    "name": "Load extend/response.js",
    "start": 1611387820627,
    "end": 1611387820635,
    "duration": 8,
    "pid": 4048,
    "index": 33
  },
  {
    "name": "Require(27) node_modules/_egg@2.29.1@egg/app/extend/response.js",
    "start": 1611387820630,
    "end": 1611387820632,
    "duration": 2,
    "pid": 4048,
    "index": 34
  },
  {
    "name": "Load extend/context.js",
    "start": 1611387820635,
    "end": 1611387820701,
    "duration": 66,
    "pid": 4048,
    "index": 35
  },
  {
    "name": "Require(28) node_modules/_egg-security@2.8.0@egg-security/app/extend/context.js",
    "start": 1611387820635,
    "end": 1611387820648,
    "duration": 13,
    "pid": 4048,
    "index": 36
  },
  {
    "name": "Require(29) node_modules/_egg-jsonp@2.0.0@egg-jsonp/app/extend/context.js",
    "start": 1611387820648,
    "end": 1611387820650,
    "duration": 2,
    "pid": 4048,
    "index": 37
  },
  {
    "name": "Require(30) node_modules/_egg-i18n@2.1.1@egg-i18n/app/extend/context.js",
    "start": 1611387820650,
    "end": 1611387820650,
    "duration": 0,
    "pid": 4048,
    "index": 38
  },
  {
    "name": "Require(31) node_modules/_egg-multipart@2.10.3@egg-multipart/app/extend/context.js",
    "start": 1611387820651,
    "end": 1611387820694,
    "duration": 43,
    "pid": 4048,
    "index": 39
  },
  {
    "name": "Require(32) node_modules/_egg-view@2.1.3@egg-view/app/extend/context.js",
    "start": 1611387820695,
    "end": 1611387820696,
    "duration": 1,
    "pid": 4048,
    "index": 40
  },
  {
    "name": "Require(33) node_modules/_egg@2.29.1@egg/app/extend/context.js",
    "start": 1611387820696,
    "end": 1611387820698,
    "duration": 2,
    "pid": 4048,
    "index": 41
  },
  {
    "name": "Load extend/helper.js",
    "start": 1611387820701,
    "end": 1611387820721,
    "duration": 20,
    "pid": 4048,
    "index": 42
  },
  {
    "name": "Require(34) node_modules/_egg-security@2.8.0@egg-security/app/extend/helper.js",
    "start": 1611387820701,
    "end": 1611387820717,
    "duration": 16,
    "pid": 4048,
    "index": 43
  },
  {
    "name": "Require(35) node_modules/_egg@2.29.1@egg/app/extend/helper.js",
    "start": 1611387820719,
    "end": 1611387820719,
    "duration": 0,
    "pid": 4048,
    "index": 44
  },
  {
    "name": "Load app.js",
    "start": 1611387820722,
    "end": 1611387820752,
    "duration": 30,
    "pid": 4048,
    "index": 45
  },
  {
    "name": "Require(36) node_modules/_egg-session@3.2.0@egg-session/app.js",
    "start": 1611387820722,
    "end": 1611387820722,
    "duration": 0,
    "pid": 4048,
    "index": 46
  },
  {
    "name": "Require(37) node_modules/_egg-security@2.8.0@egg-security/app.js",
    "start": 1611387820722,
    "end": 1611387820724,
    "duration": 2,
    "pid": 4048,
    "index": 47
  },
  {
    "name": "Require(38) node_modules/_egg-onerror@2.1.0@egg-onerror/app.js",
    "start": 1611387820725,
    "end": 1611387820735,
    "duration": 10,
    "pid": 4048,
    "index": 48
  },
  {
    "name": "Require(39) node_modules/_egg-i18n@2.1.1@egg-i18n/app.js",
    "start": 1611387820735,
    "end": 1611387820742,
    "duration": 7,
    "pid": 4048,
    "index": 49
  },
  {
    "name": "Require(40) node_modules/_egg-watcher@3.1.1@egg-watcher/app.js",
    "start": 1611387820742,
    "end": 1611387820746,
    "duration": 4,
    "pid": 4048,
    "index": 50
  },
  {
    "name": "Require(41) node_modules/_egg-schedule@3.6.6@egg-schedule/app.js",
    "start": 1611387820746,
    "end": 1611387820748,
    "duration": 2,
    "pid": 4048,
    "index": 51
  },
  {
    "name": "Require(42) node_modules/_egg-multipart@2.10.3@egg-multipart/app.js",
    "start": 1611387820748,
    "end": 1611387820748,
    "duration": 0,
    "pid": 4048,
    "index": 52
  },
  {
    "name": "Require(43) node_modules/_egg-development@2.7.0@egg-development/app.js",
    "start": 1611387820749,
    "end": 1611387820749,
    "duration": 0,
    "pid": 4048,
    "index": 53
  },
  {
    "name": "Require(44) node_modules/_egg-logrotator@3.1.0@egg-logrotator/app.js",
    "start": 1611387820749,
    "end": 1611387820749,
    "duration": 0,
    "pid": 4048,
    "index": 54
  },
  {
    "name": "Require(45) node_modules/_egg-static@2.2.0@egg-static/app.js",
    "start": 1611387820750,
    "end": 1611387820750,
    "duration": 0,
    "pid": 4048,
    "index": 55
  },
  {
    "name": "Require(46) node_modules/_egg-view-ejs@2.0.1@egg-view-ejs/app.js",
    "start": 1611387820751,
    "end": 1611387820751,
    "duration": 0,
    "pid": 4048,
    "index": 56
  },
  {
    "name": "Before Start in node_modules/_egg-watcher@3.1.1@egg-watcher/lib/init.js:15:14",
    "start": 1611387820760,
    "end": 1611387820942,
    "duration": 182,
    "pid": 4048,
    "index": 57
  },
  {
    "name": "Load Service",
    "start": 1611387820790,
    "end": 1611387820794,
    "duration": 4,
    "pid": 4048,
    "index": 58
  },
  {
    "name": "Load \"service\" to Context",
    "start": 1611387820790,
    "end": 1611387820794,
    "duration": 4,
    "pid": 4048,
    "index": 59
  },
  {
    "name": "Load Middleware",
    "start": 1611387820794,
    "end": 1611387820924,
    "duration": 130,
    "pid": 4048,
    "index": 60
  },
  {
    "name": "Load \"middlewares\" to Application",
    "start": 1611387820795,
    "end": 1611387820909,
    "duration": 114,
    "pid": 4048,
    "index": 61
  },
  {
    "name": "Load Controller",
    "start": 1611387820924,
    "end": 1611387820927,
    "duration": 3,
    "pid": 4048,
    "index": 62
  },
  {
    "name": "Load \"controller\" to Application",
    "start": 1611387820924,
    "end": 1611387820927,
    "duration": 3,
    "pid": 4048,
    "index": 63
  },
  {
    "name": "Load Router",
    "start": 1611387820927,
    "end": 1611387820929,
    "duration": 2,
    "pid": 4048,
    "index": 64
  },
  {
    "name": "Require(47) app/router.js",
    "start": 1611387820927,
    "end": 1611387820927,
    "duration": 0,
    "pid": 4048,
    "index": 65
  },
  {
    "name": "Before Start in node_modules/_egg-core@4.20.0@egg-core/lib/egg.js:303:10",
    "start": 1611387820928,
    "end": 1611387820935,
    "duration": 7,
    "pid": 4048,
    "index": 66
  }
]