[
  {
    "name": "Process Start",
    "start": 1611387829679,
    "end": 1611387830899,
    "duration": 1220,
    "pid": 3452,
    "index": 0
  },
  {
    "name": "Application Start",
    "start": 1611387830899,
    "end": 1611387831329,
    "duration": 430,
    "pid": 3452,
    "index": 1
  },
  {
    "name": "Load Plugin",
    "start": 1611387830903,
    "end": 1611387830923,
    "duration": 20,
    "pid": 3452,
    "index": 2
  },
  {
    "name": "Load Config",
    "start": 1611387830923,
    "end": 1611387830946,
    "duration": 23,
    "pid": 3452,
    "index": 3
  },
  {
    "name": "Require(0) config/config.default.js",
    "start": 1611387830924,
    "end": 1611387830924,
    "duration": 0,
    "pid": 3452,
    "index": 4
  },
  {
    "name": "Require(1) node_modules/_egg-session@3.2.0@egg-session/config/config.default.js",
    "start": 1611387830926,
    "end": 1611387830926,
    "duration": 0,
    "pid": 3452,
    "index": 5
  },
  {
    "name": "Require(2) node_modules/_egg-security@2.8.0@egg-security/config/config.default.js",
    "start": 1611387830926,
    "end": 1611387830927,
    "duration": 1,
    "pid": 3452,
    "index": 6
  },
  {
    "name": "Require(3) node_modules/_egg-jsonp@2.0.0@egg-jsonp/config/config.default.js",
    "start": 1611387830928,
    "end": 1611387830929,
    "duration": 1,
    "pid": 3452,
    "index": 7
  },
  {
    "name": "Require(4) node_modules/_egg-onerror@2.1.0@egg-onerror/config/config.default.js",
    "start": 1611387830929,
    "end": 1611387830930,
    "duration": 1,
    "pid": 3452,
    "index": 8
  },
  {
    "name": "Require(5) node_modules/_egg-i18n@2.1.1@egg-i18n/config/config.default.js",
    "start": 1611387830930,
    "end": 1611387830931,
    "duration": 1,
    "pid": 3452,
    "index": 9
  },
  {
    "name": "Require(6) node_modules/_egg-watcher@3.1.1@egg-watcher/config/config.default.js",
    "start": 1611387830931,
    "end": 1611387830932,
    "duration": 1,
    "pid": 3452,
    "index": 10
  },
  {
    "name": "Require(7) node_modules/_egg-schedule@3.6.6@egg-schedule/config/config.default.js",
    "start": 1611387830932,
    "end": 1611387830932,
    "duration": 0,
    "pid": 3452,
    "index": 11
  },
  {
    "name": "Require(8) node_modules/_egg-multipart@2.10.3@egg-multipart/config/config.default.js",
    "start": 1611387830933,
    "end": 1611387830933,
    "duration": 0,
    "pid": 3452,
    "index": 12
  },
  {
    "name": "Require(9) node_modules/_egg-development@2.7.0@egg-development/config/config.default.js",
    "start": 1611387830934,
    "end": 1611387830935,
    "duration": 1,
    "pid": 3452,
    "index": 13
  },
  {
    "name": "Require(10) node_modules/_egg-logrotator@3.1.0@egg-logrotator/config/config.default.js",
    "start": 1611387830935,
    "end": 1611387830935,
    "duration": 0,
    "pid": 3452,
    "index": 14
  },
  {
    "name": "Require(11) node_modules/_egg-static@2.2.0@egg-static/config/config.default.js",
    "start": 1611387830936,
    "end": 1611387830936,
    "duration": 0,
    "pid": 3452,
    "index": 15
  },
  {
    "name": "Require(12) node_modules/_egg-view@2.1.3@egg-view/config/config.default.js",
    "start": 1611387830937,
    "end": 1611387830937,
    "duration": 0,
    "pid": 3452,
    "index": 16
  },
  {
    "name": "Require(13) node_modules/_egg-view-ejs@2.0.1@egg-view-ejs/config/config.default.js",
    "start": 1611387830938,
    "end": 1611387830938,
    "duration": 0,
    "pid": 3452,
    "index": 17
  },
  {
    "name": "Require(14) node_modules/_egg@2.29.1@egg/config/config.default.js",
    "start": 1611387830939,
    "end": 1611387830939,
    "duration": 0,
    "pid": 3452,
    "index": 18
  },
  {
    "name": "Require(15) config/config.default.js",
    "start": 1611387830940,
    "end": 1611387830940,
    "duration": 0,
    "pid": 3452,
    "index": 19
  },
  {
    "name": "Require(16) node_modules/_egg-security@2.8.0@egg-security/config/config.local.js",
    "start": 1611387830941,
    "end": 1611387830941,
    "duration": 0,
    "pid": 3452,
    "index": 20
  },
  {
    "name": "Require(17) node_modules/_egg-watcher@3.1.1@egg-watcher/config/config.local.js",
    "start": 1611387830942,
    "end": 1611387830942,
    "duration": 0,
    "pid": 3452,
    "index": 21
  },
  {
    "name": "Require(18) node_modules/_egg-view@2.1.3@egg-view/config/config.local.js",
    "start": 1611387830944,
    "end": 1611387830944,
    "duration": 0,
    "pid": 3452,
    "index": 22
  },
  {
    "name": "Require(19) node_modules/_egg-view-ejs@2.0.1@egg-view-ejs/config/config.local.js",
    "start": 1611387830945,
    "end": 1611387830945,
    "duration": 0,
    "pid": 3452,
    "index": 23
  },
  {
    "name": "Require(20) node_modules/_egg@2.29.1@egg/config/config.local.js",
    "start": 1611387830945,
    "end": 1611387830946,
    "duration": 1,
    "pid": 3452,
    "index": 24
  },
  {
    "name": "Load extend/application.js",
    "start": 1611387830947,
    "end": 1611387830963,
    "duration": 16,
    "pid": 3452,
    "index": 25
  },
  {
    "name": "Require(21) node_modules/_egg-session@3.2.0@egg-session/app/extend/application.js",
    "start": 1611387830947,
    "end": 1611387830948,
    "duration": 1,
    "pid": 3452,
    "index": 26
  },
  {
    "name": "Require(22) node_modules/_egg-security@2.8.0@egg-security/app/extend/application.js",
    "start": 1611387830948,
    "end": 1611387830949,
    "duration": 1,
    "pid": 3452,
    "index": 27
  },
  {
    "name": "Require(23) node_modules/_egg-jsonp@2.0.0@egg-jsonp/app/extend/application.js",
    "start": 1611387830950,
    "end": 1611387830952,
    "duration": 2,
    "pid": 3452,
    "index": 28
  },
  {
    "name": "Require(24) node_modules/_egg-logrotator@3.1.0@egg-logrotator/app/extend/application.js",
    "start": 1611387830953,
    "end": 1611387830957,
    "duration": 4,
    "pid": 3452,
    "index": 29
  },
  {
    "name": "Require(25) node_modules/_egg-view@2.1.3@egg-view/app/extend/application.js",
    "start": 1611387830957,
    "end": 1611387830959,
    "duration": 2,
    "pid": 3452,
    "index": 30
  },
  {
    "name": "Load extend/request.js",
    "start": 1611387830963,
    "end": 1611387830972,
    "duration": 9,
    "pid": 3452,
    "index": 31
  },
  {
    "name": "Require(26) node_modules/_egg@2.29.1@egg/app/extend/request.js",
    "start": 1611387830966,
    "end": 1611387830969,
    "duration": 3,
    "pid": 3452,
    "index": 32
  },
  {
    "name": "Load extend/response.js",
    "start": 1611387830972,
    "end": 1611387830980,
    "duration": 8,
    "pid": 3452,
    "index": 33
  },
  {
    "name": "Require(27) node_modules/_egg@2.29.1@egg/app/extend/response.js",
    "start": 1611387830974,
    "end": 1611387830977,
    "duration": 3,
    "pid": 3452,
    "index": 34
  },
  {
    "name": "Load extend/context.js",
    "start": 1611387830980,
    "end": 1611387831057,
    "duration": 77,
    "pid": 3452,
    "index": 35
  },
  {
    "name": "Require(28) node_modules/_egg-security@2.8.0@egg-security/app/extend/context.js",
    "start": 1611387830980,
    "end": 1611387830994,
    "duration": 14,
    "pid": 3452,
    "index": 36
  },
  {
    "name": "Require(29) node_modules/_egg-jsonp@2.0.0@egg-jsonp/app/extend/context.js",
    "start": 1611387830995,
    "end": 1611387830997,
    "duration": 2,
    "pid": 3452,
    "index": 37
  },
  {
    "name": "Require(30) node_modules/_egg-i18n@2.1.1@egg-i18n/app/extend/context.js",
    "start": 1611387830997,
    "end": 1611387830998,
    "duration": 1,
    "pid": 3452,
    "index": 38
  },
  {
    "name": "Require(31) node_modules/_egg-multipart@2.10.3@egg-multipart/app/extend/context.js",
    "start": 1611387830999,
    "end": 1611387831050,
    "duration": 51,
    "pid": 3452,
    "index": 39
  },
  {
    "name": "Require(32) node_modules/_egg-view@2.1.3@egg-view/app/extend/context.js",
    "start": 1611387831051,
    "end": 1611387831052,
    "duration": 1,
    "pid": 3452,
    "index": 40
  },
  {
    "name": "Require(33) node_modules/_egg@2.29.1@egg/app/extend/context.js",
    "start": 1611387831052,
    "end": 1611387831054,
    "duration": 2,
    "pid": 3452,
    "index": 41
  },
  {
    "name": "Load extend/helper.js",
    "start": 1611387831057,
    "end": 1611387831082,
    "duration": 25,
    "pid": 3452,
    "index": 42
  },
  {
    "name": "Require(34) node_modules/_egg-security@2.8.0@egg-security/app/extend/helper.js",
    "start": 1611387831058,
    "end": 1611387831075,
    "duration": 17,
    "pid": 3452,
    "index": 43
  },
  {
    "name": "Require(35) node_modules/_egg@2.29.1@egg/app/extend/helper.js",
    "start": 1611387831078,
    "end": 1611387831079,
    "duration": 1,
    "pid": 3452,
    "index": 44
  },
  {
    "name": "Load app.js",
    "start": 1611387831082,
    "end": 1611387831116,
    "duration": 34,
    "pid": 3452,
    "index": 45
  },
  {
    "name": "Require(36) node_modules/_egg-session@3.2.0@egg-session/app.js",
    "start": 1611387831082,
    "end": 1611387831083,
    "duration": 1,
    "pid": 3452,
    "index": 46
  },
  {
    "name": "Require(37) node_modules/_egg-security@2.8.0@egg-security/app.js",
    "start": 1611387831083,
    "end": 1611387831085,
    "duration": 2,
    "pid": 3452,
    "index": 47
  },
  {
    "name": "Require(38) node_modules/_egg-onerror@2.1.0@egg-onerror/app.js",
    "start": 1611387831086,
    "end": 1611387831097,
    "duration": 11,
    "pid": 3452,
    "index": 48
  },
  {
    "name": "Require(39) node_modules/_egg-i18n@2.1.1@egg-i18n/app.js",
    "start": 1611387831098,
    "end": 1611387831105,
    "duration": 7,
    "pid": 3452,
    "index": 49
  },
  {
    "name": "Require(40) node_modules/_egg-watcher@3.1.1@egg-watcher/app.js",
    "start": 1611387831105,
    "end": 1611387831109,
    "duration": 4,
    "pid": 3452,
    "index": 50
  },
  {
    "name": "Require(41) node_modules/_egg-schedule@3.6.6@egg-schedule/app.js",
    "start": 1611387831109,
    "end": 1611387831112,
    "duration": 3,
    "pid": 3452,
    "index": 51
  },
  {
    "name": "Require(42) node_modules/_egg-multipart@2.10.3@egg-multipart/app.js",
    "start": 1611387831112,
    "end": 1611387831113,
    "duration": 1,
    "pid": 3452,
    "index": 52
  },
  {
    "name": "Require(43) node_modules/_egg-development@2.7.0@egg-development/app.js",
    "start": 1611387831113,
    "end": 1611387831113,
    "duration": 0,
    "pid": 3452,
    "index": 53
  },
  {
    "name": "Require(44) node_modules/_egg-logrotator@3.1.0@egg-logrotator/app.js",
    "start": 1611387831114,
    "end": 1611387831114,
    "duration": 0,
    "pid": 3452,
    "index": 54
  },
  {
    "name": "Require(45) node_modules/_egg-static@2.2.0@egg-static/app.js",
    "start": 1611387831114,
    "end": 1611387831114,
    "duration": 0,
    "pid": 3452,
    "index": 55
  },
  {
    "name": "Require(46) node_modules/_egg-view-ejs@2.0.1@egg-view-ejs/app.js",
    "start": 1611387831115,
    "end": 1611387831115,
    "duration": 0,
    "pid": 3452,
    "index": 56
  },
  {
    "name": "Before Start in node_modules/_egg-watcher@3.1.1@egg-watcher/lib/init.js:15:14",
    "start": 1611387831123,
    "end": 1611387831329,
    "duration": 206,
    "pid": 3452,
    "index": 57
  },
  {
    "name": "Load Service",
    "start": 1611387831155,
    "end": 1611387831162,
    "duration": 7,
    "pid": 3452,
    "index": 58
  },
  {
    "name": "Load \"service\" to Context",
    "start": 1611387831155,
    "end": 1611387831162,
    "duration": 7,
    "pid": 3452,
    "index": 59
  },
  {
    "name": "Load Middleware",
    "start": 1611387831163,
    "end": 1611387831307,
    "duration": 144,
    "pid": 3452,
    "index": 60
  },
  {
    "name": "Load \"middlewares\" to Application",
    "start": 1611387831163,
    "end": 1611387831290,
    "duration": 127,
    "pid": 3452,
    "index": 61
  },
  {
    "name": "Load Controller",
    "start": 1611387831307,
    "end": 1611387831311,
    "duration": 4,
    "pid": 3452,
    "index": 62
  },
  {
    "name": "Load \"controller\" to Application",
    "start": 1611387831307,
    "end": 1611387831311,
    "duration": 4,
    "pid": 3452,
    "index": 63
  },
  {
    "name": "Load Router",
    "start": 1611387831311,
    "end": 1611387831314,
    "duration": 3,
    "pid": 3452,
    "index": 64
  },
  {
    "name": "Require(47) app/router.js",
    "start": 1611387831311,
    "end": 1611387831312,
    "duration": 1,
    "pid": 3452,
    "index": 65
  },
  {
    "name": "Before Start in node_modules/_egg-core@4.20.0@egg-core/lib/egg.js:303:10",
    "start": 1611387831312,
    "end": 1611387831321,
    "duration": 9,
    "pid": 3452,
    "index": 66
  }
]