[
  {
    "name": "Process Start",
    "start": 1611387792156,
    "end": 1611387793115,
    "duration": 959,
    "pid": 11328,
    "index": 0
  },
  {
    "name": "Application Start",
    "start": 1611387793116,
    "end": 1611387793507,
    "duration": 391,
    "pid": 11328,
    "index": 1
  },
  {
    "name": "Load Plugin",
    "start": 1611387793119,
    "end": 1611387793137,
    "duration": 18,
    "pid": 11328,
    "index": 2
  },
  {
    "name": "Load Config",
    "start": 1611387793137,
    "end": 1611387793156,
    "duration": 19,
    "pid": 11328,
    "index": 3
  },
  {
    "name": "Require(0) config/config.default.js",
    "start": 1611387793138,
    "end": 1611387793138,
    "duration": 0,
    "pid": 11328,
    "index": 4
  },
  {
    "name": "Require(1) node_modules/_egg-session@3.2.0@egg-session/config/config.default.js",
    "start": 1611387793139,
    "end": 1611387793139,
    "duration": 0,
    "pid": 11328,
    "index": 5
  },
  {
    "name": "Require(2) node_modules/_egg-security@2.8.0@egg-security/config/config.default.js",
    "start": 1611387793140,
    "end": 1611387793140,
    "duration": 0,
    "pid": 11328,
    "index": 6
  },
  {
    "name": "Require(3) node_modules/_egg-jsonp@2.0.0@egg-jsonp/config/config.default.js",
    "start": 1611387793141,
    "end": 1611387793141,
    "duration": 0,
    "pid": 11328,
    "index": 7
  },
  {
    "name": "Require(4) node_modules/_egg-onerror@2.1.0@egg-onerror/config/config.default.js",
    "start": 1611387793142,
    "end": 1611387793142,
    "duration": 0,
    "pid": 11328,
    "index": 8
  },
  {
    "name": "Require(5) node_modules/_egg-i18n@2.1.1@egg-i18n/config/config.default.js",
    "start": 1611387793143,
    "end": 1611387793143,
    "duration": 0,
    "pid": 11328,
    "index": 9
  },
  {
    "name": "Require(6) node_modules/_egg-watcher@3.1.1@egg-watcher/config/config.default.js",
    "start": 1611387793143,
    "end": 1611387793144,
    "duration": 1,
    "pid": 11328,
    "index": 10
  },
  {
    "name": "Require(7) node_modules/_egg-schedule@3.6.6@egg-schedule/config/config.default.js",
    "start": 1611387793144,
    "end": 1611387793145,
    "duration": 1,
    "pid": 11328,
    "index": 11
  },
  {
    "name": "Require(8) node_modules/_egg-multipart@2.10.3@egg-multipart/config/config.default.js",
    "start": 1611387793145,
    "end": 1611387793145,
    "duration": 0,
    "pid": 11328,
    "index": 12
  },
  {
    "name": "Require(9) node_modules/_egg-development@2.7.0@egg-development/config/config.default.js",
    "start": 1611387793146,
    "end": 1611387793146,
    "duration": 0,
    "pid": 11328,
    "index": 13
  },
  {
    "name": "Require(10) node_modules/_egg-logrotator@3.1.0@egg-logrotator/config/config.default.js",
    "start": 1611387793147,
    "end": 1611387793147,
    "duration": 0,
    "pid": 11328,
    "index": 14
  },
  {
    "name": "Require(11) node_modules/_egg-static@2.2.0@egg-static/config/config.default.js",
    "start": 1611387793148,
    "end": 1611387793148,
    "duration": 0,
    "pid": 11328,
    "index": 15
  },
  {
    "name": "Require(12) node_modules/_egg-view@2.1.3@egg-view/config/config.default.js",
    "start": 1611387793148,
    "end": 1611387793149,
    "duration": 1,
    "pid": 11328,
    "index": 16
  },
  {
    "name": "Require(13) node_modules/_egg-view-ejs@2.0.1@egg-view-ejs/config/config.default.js",
    "start": 1611387793149,
    "end": 1611387793150,
    "duration": 1,
    "pid": 11328,
    "index": 17
  },
  {
    "name": "Require(14) node_modules/_egg@2.29.1@egg/config/config.default.js",
    "start": 1611387793150,
    "end": 1611387793150,
    "duration": 0,
    "pid": 11328,
    "index": 18
  },
  {
    "name": "Require(15) config/config.default.js",
    "start": 1611387793151,
    "end": 1611387793151,
    "duration": 0,
    "pid": 11328,
    "index": 19
  },
  {
    "name": "Require(16) node_modules/_egg-security@2.8.0@egg-security/config/config.local.js",
    "start": 1611387793152,
    "end": 1611387793152,
    "duration": 0,
    "pid": 11328,
    "index": 20
  },
  {
    "name": "Require(17) node_modules/_egg-watcher@3.1.1@egg-watcher/config/config.local.js",
    "start": 1611387793153,
    "end": 1611387793153,
    "duration": 0,
    "pid": 11328,
    "index": 21
  },
  {
    "name": "Require(18) node_modules/_egg-view@2.1.3@egg-view/config/config.local.js",
    "start": 1611387793155,
    "end": 1611387793155,
    "duration": 0,
    "pid": 11328,
    "index": 22
  },
  {
    "name": "Require(19) node_modules/_egg-view-ejs@2.0.1@egg-view-ejs/config/config.local.js",
    "start": 1611387793155,
    "end": 1611387793155,
    "duration": 0,
    "pid": 11328,
    "index": 23
  },
  {
    "name": "Require(20) node_modules/_egg@2.29.1@egg/config/config.local.js",
    "start": 1611387793156,
    "end": 1611387793156,
    "duration": 0,
    "pid": 11328,
    "index": 24
  },
  {
    "name": "Load extend/application.js",
    "start": 1611387793157,
    "end": 1611387793171,
    "duration": 14,
    "pid": 11328,
    "index": 25
  },
  {
    "name": "Require(21) node_modules/_egg-session@3.2.0@egg-session/app/extend/application.js",
    "start": 1611387793157,
    "end": 1611387793158,
    "duration": 1,
    "pid": 11328,
    "index": 26
  },
  {
    "name": "Require(22) node_modules/_egg-security@2.8.0@egg-security/app/extend/application.js",
    "start": 1611387793158,
    "end": 1611387793159,
    "duration": 1,
    "pid": 11328,
    "index": 27
  },
  {
    "name": "Require(23) node_modules/_egg-jsonp@2.0.0@egg-jsonp/app/extend/application.js",
    "start": 1611387793160,
    "end": 1611387793161,
    "duration": 1,
    "pid": 11328,
    "index": 28
  },
  {
    "name": "Require(24) node_modules/_egg-logrotator@3.1.0@egg-logrotator/app/extend/application.js",
    "start": 1611387793163,
    "end": 1611387793165,
    "duration": 2,
    "pid": 11328,
    "index": 29
  },
  {
    "name": "Require(25) node_modules/_egg-view@2.1.3@egg-view/app/extend/application.js",
    "start": 1611387793166,
    "end": 1611387793168,
    "duration": 2,
    "pid": 11328,
    "index": 30
  },
  {
    "name": "Load extend/request.js",
    "start": 1611387793171,
    "end": 1611387793177,
    "duration": 6,
    "pid": 11328,
    "index": 31
  },
  {
    "name": "Require(26) node_modules/_egg@2.29.1@egg/app/extend/request.js",
    "start": 1611387793173,
    "end": 1611387793175,
    "duration": 2,
    "pid": 11328,
    "index": 32
  },
  {
    "name": "Load extend/response.js",
    "start": 1611387793178,
    "end": 1611387793188,
    "duration": 10,
    "pid": 11328,
    "index": 33
  },
  {
    "name": "Require(27) node_modules/_egg@2.29.1@egg/app/extend/response.js",
    "start": 1611387793183,
    "end": 1611387793185,
    "duration": 2,
    "pid": 11328,
    "index": 34
  },
  {
    "name": "Load extend/context.js",
    "start": 1611387793188,
    "end": 1611387793255,
    "duration": 67,
    "pid": 11328,
    "index": 35
  },
  {
    "name": "Require(28) node_modules/_egg-security@2.8.0@egg-security/app/extend/context.js",
    "start": 1611387793188,
    "end": 1611387793201,
    "duration": 13,
    "pid": 11328,
    "index": 36
  },
  {
    "name": "Require(29) node_modules/_egg-jsonp@2.0.0@egg-jsonp/app/extend/context.js",
    "start": 1611387793201,
    "end": 1611387793203,
    "duration": 2,
    "pid": 11328,
    "index": 37
  },
  {
    "name": "Require(30) node_modules/_egg-i18n@2.1.1@egg-i18n/app/extend/context.js",
    "start": 1611387793203,
    "end": 1611387793204,
    "duration": 1,
    "pid": 11328,
    "index": 38
  },
  {
    "name": "Require(31) node_modules/_egg-multipart@2.10.3@egg-multipart/app/extend/context.js",
    "start": 1611387793204,
    "end": 1611387793248,
    "duration": 44,
    "pid": 11328,
    "index": 39
  },
  {
    "name": "Require(32) node_modules/_egg-view@2.1.3@egg-view/app/extend/context.js",
    "start": 1611387793249,
    "end": 1611387793250,
    "duration": 1,
    "pid": 11328,
    "index": 40
  },
  {
    "name": "Require(33) node_modules/_egg@2.29.1@egg/app/extend/context.js",
    "start": 1611387793251,
    "end": 1611387793252,
    "duration": 1,
    "pid": 11328,
    "index": 41
  },
  {
    "name": "Load extend/helper.js",
    "start": 1611387793255,
    "end": 1611387793276,
    "duration": 21,
    "pid": 11328,
    "index": 42
  },
  {
    "name": "Require(34) node_modules/_egg-security@2.8.0@egg-security/app/extend/helper.js",
    "start": 1611387793255,
    "end": 1611387793271,
    "duration": 16,
    "pid": 11328,
    "index": 43
  },
  {
    "name": "Require(35) node_modules/_egg@2.29.1@egg/app/extend/helper.js",
    "start": 1611387793273,
    "end": 1611387793273,
    "duration": 0,
    "pid": 11328,
    "index": 44
  },
  {
    "name": "Load app.js",
    "start": 1611387793276,
    "end": 1611387793308,
    "duration": 32,
    "pid": 11328,
    "index": 45
  },
  {
    "name": "Require(36) node_modules/_egg-session@3.2.0@egg-session/app.js",
    "start": 1611387793276,
    "end": 1611387793277,
    "duration": 1,
    "pid": 11328,
    "index": 46
  },
  {
    "name": "Require(37) node_modules/_egg-security@2.8.0@egg-security/app.js",
    "start": 1611387793277,
    "end": 1611387793279,
    "duration": 2,
    "pid": 11328,
    "index": 47
  },
  {
    "name": "Require(38) node_modules/_egg-onerror@2.1.0@egg-onerror/app.js",
    "start": 1611387793279,
    "end": 1611387793289,
    "duration": 10,
    "pid": 11328,
    "index": 48
  },
  {
    "name": "Require(39) node_modules/_egg-i18n@2.1.1@egg-i18n/app.js",
    "start": 1611387793289,
    "end": 1611387793297,
    "duration": 8,
    "pid": 11328,
    "index": 49
  },
  {
    "name": "Require(40) node_modules/_egg-watcher@3.1.1@egg-watcher/app.js",
    "start": 1611387793297,
    "end": 1611387793301,
    "duration": 4,
    "pid": 11328,
    "index": 50
  },
  {
    "name": "Require(41) node_modules/_egg-schedule@3.6.6@egg-schedule/app.js",
    "start": 1611387793302,
    "end": 1611387793304,
    "duration": 2,
    "pid": 11328,
    "index": 51
  },
  {
    "name": "Require(42) node_modules/_egg-multipart@2.10.3@egg-multipart/app.js",
    "start": 1611387793304,
    "end": 1611387793304,
    "duration": 0,
    "pid": 11328,
    "index": 52
  },
  {
    "name": "Require(43) node_modules/_egg-development@2.7.0@egg-development/app.js",
    "start": 1611387793305,
    "end": 1611387793305,
    "duration": 0,
    "pid": 11328,
    "index": 53
  },
  {
    "name": "Require(44) node_modules/_egg-logrotator@3.1.0@egg-logrotator/app.js",
    "start": 1611387793305,
    "end": 1611387793305,
    "duration": 0,
    "pid": 11328,
    "index": 54
  },
  {
    "name": "Require(45) node_modules/_egg-static@2.2.0@egg-static/app.js",
    "start": 1611387793306,
    "end": 1611387793306,
    "duration": 0,
    "pid": 11328,
    "index": 55
  },
  {
    "name": "Require(46) node_modules/_egg-view-ejs@2.0.1@egg-view-ejs/app.js",
    "start": 1611387793307,
    "end": 1611387793307,
    "duration": 0,
    "pid": 11328,
    "index": 56
  },
  {
    "name": "Before Start in node_modules/_egg-watcher@3.1.1@egg-watcher/lib/init.js:15:14",
    "start": 1611387793316,
    "end": 1611387793507,
    "duration": 191,
    "pid": 11328,
    "index": 57
  },
  {
    "name": "Load Service",
    "start": 1611387793348,
    "end": 1611387793352,
    "duration": 4,
    "pid": 11328,
    "index": 58
  },
  {
    "name": "Load \"service\" to Context",
    "start": 1611387793348,
    "end": 1611387793352,
    "duration": 4,
    "pid": 11328,
    "index": 59
  },
  {
    "name": "Load Middleware",
    "start": 1611387793352,
    "end": 1611387793489,
    "duration": 137,
    "pid": 11328,
    "index": 60
  },
  {
    "name": "Load \"middlewares\" to Application",
    "start": 1611387793352,
    "end": 1611387793474,
    "duration": 122,
    "pid": 11328,
    "index": 61
  },
  {
    "name": "Load Controller",
    "start": 1611387793489,
    "end": 1611387793492,
    "duration": 3,
    "pid": 11328,
    "index": 62
  },
  {
    "name": "Load \"controller\" to Application",
    "start": 1611387793489,
    "end": 1611387793492,
    "duration": 3,
    "pid": 11328,
    "index": 63
  },
  {
    "name": "Load Router",
    "start": 1611387793492,
    "end": 1611387793494,
    "duration": 2,
    "pid": 11328,
    "index": 64
  },
  {
    "name": "Require(47) app/router.js",
    "start": 1611387793492,
    "end": 1611387793493,
    "duration": 1,
    "pid": 11328,
    "index": 65
  },
  {
    "name": "Before Start in node_modules/_egg-core@4.20.0@egg-core/lib/egg.js:303:10",
    "start": 1611387793493,
    "end": 1611387793500,
    "duration": 7,
    "pid": 11328,
    "index": 66
  }
]