[
  {
    "name": "Process Start",
    "start": 1611387873087,
    "end": 1611387874708,
    "duration": 1621,
    "pid": 11940,
    "index": 0
  },
  {
    "name": "Application Start",
    "start": 1611387874709,
    "end": 1611387875202,
    "duration": 493,
    "pid": 11940,
    "index": 1
  },
  {
    "name": "Load Plugin",
    "start": 1611387874713,
    "end": 1611387874739,
    "duration": 26,
    "pid": 11940,
    "index": 2
  },
  {
    "name": "Load Config",
    "start": 1611387874739,
    "end": 1611387874767,
    "duration": 28,
    "pid": 11940,
    "index": 3
  },
  {
    "name": "Require(0) config/config.default.js",
    "start": 1611387874739,
    "end": 1611387874740,
    "duration": 1,
    "pid": 11940,
    "index": 4
  },
  {
    "name": "Require(1) node_modules/_egg-session@3.2.0@egg-session/config/config.default.js",
    "start": 1611387874742,
    "end": 1611387874742,
    "duration": 0,
    "pid": 11940,
    "index": 5
  },
  {
    "name": "Require(2) node_modules/_egg-security@2.8.0@egg-security/config/config.default.js",
    "start": 1611387874743,
    "end": 1611387874744,
    "duration": 1,
    "pid": 11940,
    "index": 6
  },
  {
    "name": "Require(3) node_modules/_egg-jsonp@2.0.0@egg-jsonp/config/config.default.js",
    "start": 1611387874745,
    "end": 1611387874745,
    "duration": 0,
    "pid": 11940,
    "index": 7
  },
  {
    "name": "Require(4) node_modules/_egg-onerror@2.1.0@egg-onerror/config/config.default.js",
    "start": 1611387874746,
    "end": 1611387874747,
    "duration": 1,
    "pid": 11940,
    "index": 8
  },
  {
    "name": "Require(5) node_modules/_egg-i18n@2.1.1@egg-i18n/config/config.default.js",
    "start": 1611387874747,
    "end": 1611387874748,
    "duration": 1,
    "pid": 11940,
    "index": 9
  },
  {
    "name": "Require(6) node_modules/_egg-watcher@3.1.1@egg-watcher/config/config.default.js",
    "start": 1611387874748,
    "end": 1611387874749,
    "duration": 1,
    "pid": 11940,
    "index": 10
  },
  {
    "name": "Require(7) node_modules/_egg-schedule@3.6.6@egg-schedule/config/config.default.js",
    "start": 1611387874749,
    "end": 1611387874750,
    "duration": 1,
    "pid": 11940,
    "index": 11
  },
  {
    "name": "Require(8) node_modules/_egg-multipart@2.10.3@egg-multipart/config/config.default.js",
    "start": 1611387874751,
    "end": 1611387874751,
    "duration": 0,
    "pid": 11940,
    "index": 12
  },
  {
    "name": "Require(9) node_modules/_egg-development@2.7.0@egg-development/config/config.default.js",
    "start": 1611387874752,
    "end": 1611387874752,
    "duration": 0,
    "pid": 11940,
    "index": 13
  },
  {
    "name": "Require(10) node_modules/_egg-logrotator@3.1.0@egg-logrotator/config/config.default.js",
    "start": 1611387874753,
    "end": 1611387874754,
    "duration": 1,
    "pid": 11940,
    "index": 14
  },
  {
    "name": "Require(11) node_modules/_egg-static@2.2.0@egg-static/config/config.default.js",
    "start": 1611387874754,
    "end": 1611387874755,
    "duration": 1,
    "pid": 11940,
    "index": 15
  },
  {
    "name": "Require(12) node_modules/_egg-view@2.1.3@egg-view/config/config.default.js",
    "start": 1611387874755,
    "end": 1611387874756,
    "duration": 1,
    "pid": 11940,
    "index": 16
  },
  {
    "name": "Require(13) node_modules/_egg-view-ejs@2.0.1@egg-view-ejs/config/config.default.js",
    "start": 1611387874757,
    "end": 1611387874757,
    "duration": 0,
    "pid": 11940,
    "index": 17
  },
  {
    "name": "Require(14) node_modules/_egg@2.29.1@egg/config/config.default.js",
    "start": 1611387874758,
    "end": 1611387874758,
    "duration": 0,
    "pid": 11940,
    "index": 18
  },
  {
    "name": "Require(15) config/config.default.js",
    "start": 1611387874760,
    "end": 1611387874760,
    "duration": 0,
    "pid": 11940,
    "index": 19
  },
  {
    "name": "Require(16) node_modules/_egg-security@2.8.0@egg-security/config/config.local.js",
    "start": 1611387874761,
    "end": 1611387874761,
    "duration": 0,
    "pid": 11940,
    "index": 20
  },
  {
    "name": "Require(17) node_modules/_egg-watcher@3.1.1@egg-watcher/config/config.local.js",
    "start": 1611387874762,
    "end": 1611387874763,
    "duration": 1,
    "pid": 11940,
    "index": 21
  },
  {
    "name": "Require(18) node_modules/_egg-view@2.1.3@egg-view/config/config.local.js",
    "start": 1611387874764,
    "end": 1611387874765,
    "duration": 1,
    "pid": 11940,
    "index": 22
  },
  {
    "name": "Require(19) node_modules/_egg-view-ejs@2.0.1@egg-view-ejs/config/config.local.js",
    "start": 1611387874765,
    "end": 1611387874766,
    "duration": 1,
    "pid": 11940,
    "index": 23
  },
  {
    "name": "Require(20) node_modules/_egg@2.29.1@egg/config/config.local.js",
    "start": 1611387874766,
    "end": 1611387874766,
    "duration": 0,
    "pid": 11940,
    "index": 24
  },
  {
    "name": "Load extend/application.js",
    "start": 1611387874768,
    "end": 1611387874797,
    "duration": 29,
    "pid": 11940,
    "index": 25
  },
  {
    "name": "Require(21) node_modules/_egg-session@3.2.0@egg-session/app/extend/application.js",
    "start": 1611387874769,
    "end": 1611387874770,
    "duration": 1,
    "pid": 11940,
    "index": 26
  },
  {
    "name": "Require(22) node_modules/_egg-security@2.8.0@egg-security/app/extend/application.js",
    "start": 1611387874771,
    "end": 1611387874773,
    "duration": 2,
    "pid": 11940,
    "index": 27
  },
  {
    "name": "Require(23) node_modules/_egg-jsonp@2.0.0@egg-jsonp/app/extend/application.js",
    "start": 1611387874773,
    "end": 1611387874776,
    "duration": 3,
    "pid": 11940,
    "index": 28
  },
  {
    "name": "Require(24) node_modules/_egg-logrotator@3.1.0@egg-logrotator/app/extend/application.js",
    "start": 1611387874778,
    "end": 1611387874785,
    "duration": 7,
    "pid": 11940,
    "index": 29
  },
  {
    "name": "Require(25) node_modules/_egg-view@2.1.3@egg-view/app/extend/application.js",
    "start": 1611387874787,
    "end": 1611387874792,
    "duration": 5,
    "pid": 11940,
    "index": 30
  },
  {
    "name": "Load extend/request.js",
    "start": 1611387874797,
    "end": 1611387874810,
    "duration": 13,
    "pid": 11940,
    "index": 31
  },
  {
    "name": "Require(26) node_modules/_egg@2.29.1@egg/app/extend/request.js",
    "start": 1611387874801,
    "end": 1611387874803,
    "duration": 2,
    "pid": 11940,
    "index": 32
  },
  {
    "name": "Load extend/response.js",
    "start": 1611387874810,
    "end": 1611387874821,
    "duration": 11,
    "pid": 11940,
    "index": 33
  },
  {
    "name": "Require(27) node_modules/_egg@2.29.1@egg/app/extend/response.js",
    "start": 1611387874813,
    "end": 1611387874817,
    "duration": 4,
    "pid": 11940,
    "index": 34
  },
  {
    "name": "Load extend/context.js",
    "start": 1611387874821,
    "end": 1611387874896,
    "duration": 75,
    "pid": 11940,
    "index": 35
  },
  {
    "name": "Require(28) node_modules/_egg-security@2.8.0@egg-security/app/extend/context.js",
    "start": 1611387874822,
    "end": 1611387874839,
    "duration": 17,
    "pid": 11940,
    "index": 36
  },
  {
    "name": "Require(29) node_modules/_egg-jsonp@2.0.0@egg-jsonp/app/extend/context.js",
    "start": 1611387874839,
    "end": 1611387874841,
    "duration": 2,
    "pid": 11940,
    "index": 37
  },
  {
    "name": "Require(30) node_modules/_egg-i18n@2.1.1@egg-i18n/app/extend/context.js",
    "start": 1611387874842,
    "end": 1611387874842,
    "duration": 0,
    "pid": 11940,
    "index": 38
  },
  {
    "name": "Require(31) node_modules/_egg-multipart@2.10.3@egg-multipart/app/extend/context.js",
    "start": 1611387874843,
    "end": 1611387874889,
    "duration": 46,
    "pid": 11940,
    "index": 39
  },
  {
    "name": "Require(32) node_modules/_egg-view@2.1.3@egg-view/app/extend/context.js",
    "start": 1611387874890,
    "end": 1611387874890,
    "duration": 0,
    "pid": 11940,
    "index": 40
  },
  {
    "name": "Require(33) node_modules/_egg@2.29.1@egg/app/extend/context.js",
    "start": 1611387874891,
    "end": 1611387874892,
    "duration": 1,
    "pid": 11940,
    "index": 41
  },
  {
    "name": "Load extend/helper.js",
    "start": 1611387874896,
    "end": 1611387874919,
    "duration": 23,
    "pid": 11940,
    "index": 42
  },
  {
    "name": "Require(34) node_modules/_egg-security@2.8.0@egg-security/app/extend/helper.js",
    "start": 1611387874896,
    "end": 1611387874913,
    "duration": 17,
    "pid": 11940,
    "index": 43
  },
  {
    "name": "Require(35) node_modules/_egg@2.29.1@egg/app/extend/helper.js",
    "start": 1611387874915,
    "end": 1611387874916,
    "duration": 1,
    "pid": 11940,
    "index": 44
  },
  {
    "name": "Load app.js",
    "start": 1611387874919,
    "end": 1611387874956,
    "duration": 37,
    "pid": 11940,
    "index": 45
  },
  {
    "name": "Require(36) node_modules/_egg-session@3.2.0@egg-session/app.js",
    "start": 1611387874919,
    "end": 1611387874920,
    "duration": 1,
    "pid": 11940,
    "index": 46
  },
  {
    "name": "Require(37) node_modules/_egg-security@2.8.0@egg-security/app.js",
    "start": 1611387874920,
    "end": 1611387874922,
    "duration": 2,
    "pid": 11940,
    "index": 47
  },
  {
    "name": "Require(38) node_modules/_egg-onerror@2.1.0@egg-onerror/app.js",
    "start": 1611387874923,
    "end": 1611387874934,
    "duration": 11,
    "pid": 11940,
    "index": 48
  },
  {
    "name": "Require(39) node_modules/_egg-i18n@2.1.1@egg-i18n/app.js",
    "start": 1611387874934,
    "end": 1611387874943,
    "duration": 9,
    "pid": 11940,
    "index": 49
  },
  {
    "name": "Require(40) node_modules/_egg-watcher@3.1.1@egg-watcher/app.js",
    "start": 1611387874943,
    "end": 1611387874948,
    "duration": 5,
    "pid": 11940,
    "index": 50
  },
  {
    "name": "Require(41) node_modules/_egg-schedule@3.6.6@egg-schedule/app.js",
    "start": 1611387874949,
    "end": 1611387874951,
    "duration": 2,
    "pid": 11940,
    "index": 51
  },
  {
    "name": "Require(42) node_modules/_egg-multipart@2.10.3@egg-multipart/app.js",
    "start": 1611387874951,
    "end": 1611387874952,
    "duration": 1,
    "pid": 11940,
    "index": 52
  },
  {
    "name": "Require(43) node_modules/_egg-development@2.7.0@egg-development/app.js",
    "start": 1611387874952,
    "end": 1611387874952,
    "duration": 0,
    "pid": 11940,
    "index": 53
  },
  {
    "name": "Require(44) node_modules/_egg-logrotator@3.1.0@egg-logrotator/app.js",
    "start": 1611387874953,
    "end": 1611387874953,
    "duration": 0,
    "pid": 11940,
    "index": 54
  },
  {
    "name": "Require(45) node_modules/_egg-static@2.2.0@egg-static/app.js",
    "start": 1611387874953,
    "end": 1611387874954,
    "duration": 1,
    "pid": 11940,
    "index": 55
  },
  {
    "name": "Require(46) node_modules/_egg-view-ejs@2.0.1@egg-view-ejs/app.js",
    "start": 1611387874954,
    "end": 1611387874955,
    "duration": 1,
    "pid": 11940,
    "index": 56
  },
  {
    "name": "Before Start in node_modules/_egg-watcher@3.1.1@egg-watcher/lib/init.js:15:14",
    "start": 1611387874965,
    "end": 1611387875201,
    "duration": 236,
    "pid": 11940,
    "index": 57
  },
  {
    "name": "Load Service",
    "start": 1611387875002,
    "end": 1611387875007,
    "duration": 5,
    "pid": 11940,
    "index": 58
  },
  {
    "name": "Load \"service\" to Context",
    "start": 1611387875002,
    "end": 1611387875007,
    "duration": 5,
    "pid": 11940,
    "index": 59
  },
  {
    "name": "Load Middleware",
    "start": 1611387875008,
    "end": 1611387875178,
    "duration": 170,
    "pid": 11940,
    "index": 60
  },
  {
    "name": "Load \"middlewares\" to Application",
    "start": 1611387875008,
    "end": 1611387875159,
    "duration": 151,
    "pid": 11940,
    "index": 61
  },
  {
    "name": "Load Controller",
    "start": 1611387875178,
    "end": 1611387875182,
    "duration": 4,
    "pid": 11940,
    "index": 62
  },
  {
    "name": "Load \"controller\" to Application",
    "start": 1611387875178,
    "end": 1611387875182,
    "duration": 4,
    "pid": 11940,
    "index": 63
  },
  {
    "name": "Load Router",
    "start": 1611387875182,
    "end": 1611387875184,
    "duration": 2,
    "pid": 11940,
    "index": 64
  },
  {
    "name": "Require(47) app/router.js",
    "start": 1611387875182,
    "end": 1611387875182,
    "duration": 0,
    "pid": 11940,
    "index": 65
  },
  {
    "name": "Before Start in node_modules/_egg-core@4.20.0@egg-core/lib/egg.js:303:10",
    "start": 1611387875183,
    "end": 1611387875193,
    "duration": 10,
    "pid": 11940,
    "index": 66
  }
]