[
  {
    "name": "Process Start",
    "start": 1611387808481,
    "end": 1611387809626,
    "duration": 1145,
    "pid": 12136,
    "index": 0
  },
  {
    "name": "Application Start",
    "start": 1611387809627,
    "end": 1611387810029,
    "duration": 402,
    "pid": 12136,
    "index": 1
  },
  {
    "name": "Load Plugin",
    "start": 1611387809633,
    "end": 1611387809652,
    "duration": 19,
    "pid": 12136,
    "index": 2
  },
  {
    "name": "Load Config",
    "start": 1611387809652,
    "end": 1611387809672,
    "duration": 20,
    "pid": 12136,
    "index": 3
  },
  {
    "name": "Require(0) config/config.default.js",
    "start": 1611387809652,
    "end": 1611387809653,
    "duration": 1,
    "pid": 12136,
    "index": 4
  },
  {
    "name": "Require(1) node_modules/_egg-session@3.2.0@egg-session/config/config.default.js",
    "start": 1611387809654,
    "end": 1611387809654,
    "duration": 0,
    "pid": 12136,
    "index": 5
  },
  {
    "name": "Require(2) node_modules/_egg-security@2.8.0@egg-security/config/config.default.js",
    "start": 1611387809655,
    "end": 1611387809655,
    "duration": 0,
    "pid": 12136,
    "index": 6
  },
  {
    "name": "Require(3) node_modules/_egg-jsonp@2.0.0@egg-jsonp/config/config.default.js",
    "start": 1611387809656,
    "end": 1611387809656,
    "duration": 0,
    "pid": 12136,
    "index": 7
  },
  {
    "name": "Require(4) node_modules/_egg-onerror@2.1.0@egg-onerror/config/config.default.js",
    "start": 1611387809657,
    "end": 1611387809657,
    "duration": 0,
    "pid": 12136,
    "index": 8
  },
  {
    "name": "Require(5) node_modules/_egg-i18n@2.1.1@egg-i18n/config/config.default.js",
    "start": 1611387809657,
    "end": 1611387809658,
    "duration": 1,
    "pid": 12136,
    "index": 9
  },
  {
    "name": "Require(6) node_modules/_egg-watcher@3.1.1@egg-watcher/config/config.default.js",
    "start": 1611387809658,
    "end": 1611387809659,
    "duration": 1,
    "pid": 12136,
    "index": 10
  },
  {
    "name": "Require(7) node_modules/_egg-schedule@3.6.6@egg-schedule/config/config.default.js",
    "start": 1611387809659,
    "end": 1611387809659,
    "duration": 0,
    "pid": 12136,
    "index": 11
  },
  {
    "name": "Require(8) node_modules/_egg-multipart@2.10.3@egg-multipart/config/config.default.js",
    "start": 1611387809660,
    "end": 1611387809661,
    "duration": 1,
    "pid": 12136,
    "index": 12
  },
  {
    "name": "Require(9) node_modules/_egg-development@2.7.0@egg-development/config/config.default.js",
    "start": 1611387809662,
    "end": 1611387809662,
    "duration": 0,
    "pid": 12136,
    "index": 13
  },
  {
    "name": "Require(10) node_modules/_egg-logrotator@3.1.0@egg-logrotator/config/config.default.js",
    "start": 1611387809662,
    "end": 1611387809663,
    "duration": 1,
    "pid": 12136,
    "index": 14
  },
  {
    "name": "Require(11) node_modules/_egg-static@2.2.0@egg-static/config/config.default.js",
    "start": 1611387809663,
    "end": 1611387809664,
    "duration": 1,
    "pid": 12136,
    "index": 15
  },
  {
    "name": "Require(12) node_modules/_egg-view@2.1.3@egg-view/config/config.default.js",
    "start": 1611387809665,
    "end": 1611387809665,
    "duration": 0,
    "pid": 12136,
    "index": 16
  },
  {
    "name": "Require(13) node_modules/_egg-view-ejs@2.0.1@egg-view-ejs/config/config.default.js",
    "start": 1611387809666,
    "end": 1611387809666,
    "duration": 0,
    "pid": 12136,
    "index": 17
  },
  {
    "name": "Require(14) node_modules/_egg@2.29.1@egg/config/config.default.js",
    "start": 1611387809667,
    "end": 1611387809667,
    "duration": 0,
    "pid": 12136,
    "index": 18
  },
  {
    "name": "Require(15) config/config.default.js",
    "start": 1611387809668,
    "end": 1611387809668,
    "duration": 0,
    "pid": 12136,
    "index": 19
  },
  {
    "name": "Require(16) node_modules/_egg-security@2.8.0@egg-security/config/config.local.js",
    "start": 1611387809669,
    "end": 1611387809669,
    "duration": 0,
    "pid": 12136,
    "index": 20
  },
  {
    "name": "Require(17) node_modules/_egg-watcher@3.1.1@egg-watcher/config/config.local.js",
    "start": 1611387809670,
    "end": 1611387809670,
    "duration": 0,
    "pid": 12136,
    "index": 21
  },
  {
    "name": "Require(18) node_modules/_egg-view@2.1.3@egg-view/config/config.local.js",
    "start": 1611387809671,
    "end": 1611387809671,
    "duration": 0,
    "pid": 12136,
    "index": 22
  },
  {
    "name": "Require(19) node_modules/_egg-view-ejs@2.0.1@egg-view-ejs/config/config.local.js",
    "start": 1611387809672,
    "end": 1611387809672,
    "duration": 0,
    "pid": 12136,
    "index": 23
  },
  {
    "name": "Require(20) node_modules/_egg@2.29.1@egg/config/config.local.js",
    "start": 1611387809672,
    "end": 1611387809672,
    "duration": 0,
    "pid": 12136,
    "index": 24
  },
  {
    "name": "Load extend/application.js",
    "start": 1611387809673,
    "end": 1611387809688,
    "duration": 15,
    "pid": 12136,
    "index": 25
  },
  {
    "name": "Require(21) node_modules/_egg-session@3.2.0@egg-session/app/extend/application.js",
    "start": 1611387809674,
    "end": 1611387809674,
    "duration": 0,
    "pid": 12136,
    "index": 26
  },
  {
    "name": "Require(22) node_modules/_egg-security@2.8.0@egg-security/app/extend/application.js",
    "start": 1611387809675,
    "end": 1611387809676,
    "duration": 1,
    "pid": 12136,
    "index": 27
  },
  {
    "name": "Require(23) node_modules/_egg-jsonp@2.0.0@egg-jsonp/app/extend/application.js",
    "start": 1611387809676,
    "end": 1611387809678,
    "duration": 2,
    "pid": 12136,
    "index": 28
  },
  {
    "name": "Require(24) node_modules/_egg-logrotator@3.1.0@egg-logrotator/app/extend/application.js",
    "start": 1611387809680,
    "end": 1611387809683,
    "duration": 3,
    "pid": 12136,
    "index": 29
  },
  {
    "name": "Require(25) node_modules/_egg-view@2.1.3@egg-view/app/extend/application.js",
    "start": 1611387809683,
    "end": 1611387809685,
    "duration": 2,
    "pid": 12136,
    "index": 30
  },
  {
    "name": "Load extend/request.js",
    "start": 1611387809688,
    "end": 1611387809697,
    "duration": 9,
    "pid": 12136,
    "index": 31
  },
  {
    "name": "Require(26) node_modules/_egg@2.29.1@egg/app/extend/request.js",
    "start": 1611387809691,
    "end": 1611387809692,
    "duration": 1,
    "pid": 12136,
    "index": 32
  },
  {
    "name": "Load extend/response.js",
    "start": 1611387809697,
    "end": 1611387809705,
    "duration": 8,
    "pid": 12136,
    "index": 33
  },
  {
    "name": "Require(27) node_modules/_egg@2.29.1@egg/app/extend/response.js",
    "start": 1611387809700,
    "end": 1611387809702,
    "duration": 2,
    "pid": 12136,
    "index": 34
  },
  {
    "name": "Load extend/context.js",
    "start": 1611387809705,
    "end": 1611387809774,
    "duration": 69,
    "pid": 12136,
    "index": 35
  },
  {
    "name": "Require(28) node_modules/_egg-security@2.8.0@egg-security/app/extend/context.js",
    "start": 1611387809705,
    "end": 1611387809720,
    "duration": 15,
    "pid": 12136,
    "index": 36
  },
  {
    "name": "Require(29) node_modules/_egg-jsonp@2.0.0@egg-jsonp/app/extend/context.js",
    "start": 1611387809720,
    "end": 1611387809722,
    "duration": 2,
    "pid": 12136,
    "index": 37
  },
  {
    "name": "Require(30) node_modules/_egg-i18n@2.1.1@egg-i18n/app/extend/context.js",
    "start": 1611387809722,
    "end": 1611387809723,
    "duration": 1,
    "pid": 12136,
    "index": 38
  },
  {
    "name": "Require(31) node_modules/_egg-multipart@2.10.3@egg-multipart/app/extend/context.js",
    "start": 1611387809723,
    "end": 1611387809767,
    "duration": 44,
    "pid": 12136,
    "index": 39
  },
  {
    "name": "Require(32) node_modules/_egg-view@2.1.3@egg-view/app/extend/context.js",
    "start": 1611387809768,
    "end": 1611387809769,
    "duration": 1,
    "pid": 12136,
    "index": 40
  },
  {
    "name": "Require(33) node_modules/_egg@2.29.1@egg/app/extend/context.js",
    "start": 1611387809769,
    "end": 1611387809771,
    "duration": 2,
    "pid": 12136,
    "index": 41
  },
  {
    "name": "Load extend/helper.js",
    "start": 1611387809774,
    "end": 1611387809796,
    "duration": 22,
    "pid": 12136,
    "index": 42
  },
  {
    "name": "Require(34) node_modules/_egg-security@2.8.0@egg-security/app/extend/helper.js",
    "start": 1611387809774,
    "end": 1611387809791,
    "duration": 17,
    "pid": 12136,
    "index": 43
  },
  {
    "name": "Require(35) node_modules/_egg@2.29.1@egg/app/extend/helper.js",
    "start": 1611387809793,
    "end": 1611387809793,
    "duration": 0,
    "pid": 12136,
    "index": 44
  },
  {
    "name": "Load app.js",
    "start": 1611387809796,
    "end": 1611387809830,
    "duration": 34,
    "pid": 12136,
    "index": 45
  },
  {
    "name": "Require(36) node_modules/_egg-session@3.2.0@egg-session/app.js",
    "start": 1611387809797,
    "end": 1611387809797,
    "duration": 0,
    "pid": 12136,
    "index": 46
  },
  {
    "name": "Require(37) node_modules/_egg-security@2.8.0@egg-security/app.js",
    "start": 1611387809798,
    "end": 1611387809800,
    "duration": 2,
    "pid": 12136,
    "index": 47
  },
  {
    "name": "Require(38) node_modules/_egg-onerror@2.1.0@egg-onerror/app.js",
    "start": 1611387809801,
    "end": 1611387809811,
    "duration": 10,
    "pid": 12136,
    "index": 48
  },
  {
    "name": "Require(39) node_modules/_egg-i18n@2.1.1@egg-i18n/app.js",
    "start": 1611387809812,
    "end": 1611387809820,
    "duration": 8,
    "pid": 12136,
    "index": 49
  },
  {
    "name": "Require(40) node_modules/_egg-watcher@3.1.1@egg-watcher/app.js",
    "start": 1611387809820,
    "end": 1611387809824,
    "duration": 4,
    "pid": 12136,
    "index": 50
  },
  {
    "name": "Require(41) node_modules/_egg-schedule@3.6.6@egg-schedule/app.js",
    "start": 1611387809824,
    "end": 1611387809826,
    "duration": 2,
    "pid": 12136,
    "index": 51
  },
  {
    "name": "Require(42) node_modules/_egg-multipart@2.10.3@egg-multipart/app.js",
    "start": 1611387809826,
    "end": 1611387809827,
    "duration": 1,
    "pid": 12136,
    "index": 52
  },
  {
    "name": "Require(43) node_modules/_egg-development@2.7.0@egg-development/app.js",
    "start": 1611387809827,
    "end": 1611387809827,
    "duration": 0,
    "pid": 12136,
    "index": 53
  },
  {
    "name": "Require(44) node_modules/_egg-logrotator@3.1.0@egg-logrotator/app.js",
    "start": 1611387809828,
    "end": 1611387809828,
    "duration": 0,
    "pid": 12136,
    "index": 54
  },
  {
    "name": "Require(45) node_modules/_egg-static@2.2.0@egg-static/app.js",
    "start": 1611387809828,
    "end": 1611387809828,
    "duration": 0,
    "pid": 12136,
    "index": 55
  },
  {
    "name": "Require(46) node_modules/_egg-view-ejs@2.0.1@egg-view-ejs/app.js",
    "start": 1611387809829,
    "end": 1611387809829,
    "duration": 0,
    "pid": 12136,
    "index": 56
  },
  {
    "name": "Before Start in node_modules/_egg-watcher@3.1.1@egg-watcher/lib/init.js:15:14",
    "start": 1611387809838,
    "end": 1611387810029,
    "duration": 191,
    "pid": 12136,
    "index": 57
  },
  {
    "name": "Load Service",
    "start": 1611387809874,
    "end": 1611387809878,
    "duration": 4,
    "pid": 12136,
    "index": 58
  },
  {
    "name": "Load \"service\" to Context",
    "start": 1611387809874,
    "end": 1611387809878,
    "duration": 4,
    "pid": 12136,
    "index": 59
  },
  {
    "name": "Load Middleware",
    "start": 1611387809879,
    "end": 1611387810012,
    "duration": 133,
    "pid": 12136,
    "index": 60
  },
  {
    "name": "Load \"middlewares\" to Application",
    "start": 1611387809879,
    "end": 1611387809997,
    "duration": 118,
    "pid": 12136,
    "index": 61
  },
  {
    "name": "Load Controller",
    "start": 1611387810012,
    "end": 1611387810015,
    "duration": 3,
    "pid": 12136,
    "index": 62
  },
  {
    "name": "Load \"controller\" to Application",
    "start": 1611387810012,
    "end": 1611387810015,
    "duration": 3,
    "pid": 12136,
    "index": 63
  },
  {
    "name": "Load Router",
    "start": 1611387810015,
    "end": 1611387810017,
    "duration": 2,
    "pid": 12136,
    "index": 64
  },
  {
    "name": "Require(47) app/router.js",
    "start": 1611387810015,
    "end": 1611387810015,
    "duration": 0,
    "pid": 12136,
    "index": 65
  },
  {
    "name": "Before Start in node_modules/_egg-core@4.20.0@egg-core/lib/egg.js:303:10",
    "start": 1611387810016,
    "end": 1611387810022,
    "duration": 6,
    "pid": 12136,
    "index": 66
  }
]