[
  {
    "name": "Process Start",
    "start": 1611387767079,
    "end": 1611387768135,
    "duration": 1056,
    "pid": 19172,
    "index": 0
  },
  {
    "name": "Application Start",
    "start": 1611387768136,
    "end": 1611387768561,
    "duration": 425,
    "pid": 19172,
    "index": 1
  },
  {
    "name": "Load Plugin",
    "start": 1611387768140,
    "end": 1611387768160,
    "duration": 20,
    "pid": 19172,
    "index": 2
  },
  {
    "name": "Load Config",
    "start": 1611387768161,
    "end": 1611387768186,
    "duration": 25,
    "pid": 19172,
    "index": 3
  },
  {
    "name": "Require(0) config/config.default.js",
    "start": 1611387768161,
    "end": 1611387768162,
    "duration": 1,
    "pid": 19172,
    "index": 4
  },
  {
    "name": "Require(1) node_modules/_egg-session@3.2.0@egg-session/config/config.default.js",
    "start": 1611387768163,
    "end": 1611387768164,
    "duration": 1,
    "pid": 19172,
    "index": 5
  },
  {
    "name": "Require(2) node_modules/_egg-security@2.8.0@egg-security/config/config.default.js",
    "start": 1611387768164,
    "end": 1611387768165,
    "duration": 1,
    "pid": 19172,
    "index": 6
  },
  {
    "name": "Require(3) node_modules/_egg-jsonp@2.0.0@egg-jsonp/config/config.default.js",
    "start": 1611387768166,
    "end": 1611387768166,
    "duration": 0,
    "pid": 19172,
    "index": 7
  },
  {
    "name": "Require(4) node_modules/_egg-onerror@2.1.0@egg-onerror/config/config.default.js",
    "start": 1611387768167,
    "end": 1611387768167,
    "duration": 0,
    "pid": 19172,
    "index": 8
  },
  {
    "name": "Require(5) node_modules/_egg-i18n@2.1.1@egg-i18n/config/config.default.js",
    "start": 1611387768168,
    "end": 1611387768169,
    "duration": 1,
    "pid": 19172,
    "index": 9
  },
  {
    "name": "Require(6) node_modules/_egg-watcher@3.1.1@egg-watcher/config/config.default.js",
    "start": 1611387768169,
    "end": 1611387768170,
    "duration": 1,
    "pid": 19172,
    "index": 10
  },
  {
    "name": "Require(7) node_modules/_egg-schedule@3.6.6@egg-schedule/config/config.default.js",
    "start": 1611387768171,
    "end": 1611387768171,
    "duration": 0,
    "pid": 19172,
    "index": 11
  },
  {
    "name": "Require(8) node_modules/_egg-multipart@2.10.3@egg-multipart/config/config.default.js",
    "start": 1611387768172,
    "end": 1611387768172,
    "duration": 0,
    "pid": 19172,
    "index": 12
  },
  {
    "name": "Require(9) node_modules/_egg-development@2.7.0@egg-development/config/config.default.js",
    "start": 1611387768173,
    "end": 1611387768173,
    "duration": 0,
    "pid": 19172,
    "index": 13
  },
  {
    "name": "Require(10) node_modules/_egg-logrotator@3.1.0@egg-logrotator/config/config.default.js",
    "start": 1611387768174,
    "end": 1611387768175,
    "duration": 1,
    "pid": 19172,
    "index": 14
  },
  {
    "name": "Require(11) node_modules/_egg-static@2.2.0@egg-static/config/config.default.js",
    "start": 1611387768175,
    "end": 1611387768176,
    "duration": 1,
    "pid": 19172,
    "index": 15
  },
  {
    "name": "Require(12) node_modules/_egg-view@2.1.3@egg-view/config/config.default.js",
    "start": 1611387768177,
    "end": 1611387768177,
    "duration": 0,
    "pid": 19172,
    "index": 16
  },
  {
    "name": "Require(13) node_modules/_egg-view-ejs@2.0.1@egg-view-ejs/config/config.default.js",
    "start": 1611387768178,
    "end": 1611387768178,
    "duration": 0,
    "pid": 19172,
    "index": 17
  },
  {
    "name": "Require(14) node_modules/_egg@2.29.1@egg/config/config.default.js",
    "start": 1611387768179,
    "end": 1611387768179,
    "duration": 0,
    "pid": 19172,
    "index": 18
  },
  {
    "name": "Require(15) config/config.default.js",
    "start": 1611387768180,
    "end": 1611387768180,
    "duration": 0,
    "pid": 19172,
    "index": 19
  },
  {
    "name": "Require(16) node_modules/_egg-security@2.8.0@egg-security/config/config.local.js",
    "start": 1611387768181,
    "end": 1611387768181,
    "duration": 0,
    "pid": 19172,
    "index": 20
  },
  {
    "name": "Require(17) node_modules/_egg-watcher@3.1.1@egg-watcher/config/config.local.js",
    "start": 1611387768183,
    "end": 1611387768183,
    "duration": 0,
    "pid": 19172,
    "index": 21
  },
  {
    "name": "Require(18) node_modules/_egg-view@2.1.3@egg-view/config/config.local.js",
    "start": 1611387768184,
    "end": 1611387768185,
    "duration": 1,
    "pid": 19172,
    "index": 22
  },
  {
    "name": "Require(19) node_modules/_egg-view-ejs@2.0.1@egg-view-ejs/config/config.local.js",
    "start": 1611387768185,
    "end": 1611387768185,
    "duration": 0,
    "pid": 19172,
    "index": 23
  },
  {
    "name": "Require(20) node_modules/_egg@2.29.1@egg/config/config.local.js",
    "start": 1611387768186,
    "end": 1611387768186,
    "duration": 0,
    "pid": 19172,
    "index": 24
  },
  {
    "name": "Load extend/application.js",
    "start": 1611387768187,
    "end": 1611387768205,
    "duration": 18,
    "pid": 19172,
    "index": 25
  },
  {
    "name": "Require(21) node_modules/_egg-session@3.2.0@egg-session/app/extend/application.js",
    "start": 1611387768188,
    "end": 1611387768188,
    "duration": 0,
    "pid": 19172,
    "index": 26
  },
  {
    "name": "Require(22) node_modules/_egg-security@2.8.0@egg-security/app/extend/application.js",
    "start": 1611387768189,
    "end": 1611387768190,
    "duration": 1,
    "pid": 19172,
    "index": 27
  },
  {
    "name": "Require(23) node_modules/_egg-jsonp@2.0.0@egg-jsonp/app/extend/application.js",
    "start": 1611387768190,
    "end": 1611387768193,
    "duration": 3,
    "pid": 19172,
    "index": 28
  },
  {
    "name": "Require(24) node_modules/_egg-logrotator@3.1.0@egg-logrotator/app/extend/application.js",
    "start": 1611387768195,
    "end": 1611387768199,
    "duration": 4,
    "pid": 19172,
    "index": 29
  },
  {
    "name": "Require(25) node_modules/_egg-view@2.1.3@egg-view/app/extend/application.js",
    "start": 1611387768199,
    "end": 1611387768202,
    "duration": 3,
    "pid": 19172,
    "index": 30
  },
  {
    "name": "Load extend/request.js",
    "start": 1611387768205,
    "end": 1611387768213,
    "duration": 8,
    "pid": 19172,
    "index": 31
  },
  {
    "name": "Require(26) node_modules/_egg@2.29.1@egg/app/extend/request.js",
    "start": 1611387768208,
    "end": 1611387768210,
    "duration": 2,
    "pid": 19172,
    "index": 32
  },
  {
    "name": "Load extend/response.js",
    "start": 1611387768213,
    "end": 1611387768224,
    "duration": 11,
    "pid": 19172,
    "index": 33
  },
  {
    "name": "Require(27) node_modules/_egg@2.29.1@egg/app/extend/response.js",
    "start": 1611387768218,
    "end": 1611387768221,
    "duration": 3,
    "pid": 19172,
    "index": 34
  },
  {
    "name": "Load extend/context.js",
    "start": 1611387768224,
    "end": 1611387768298,
    "duration": 74,
    "pid": 19172,
    "index": 35
  },
  {
    "name": "Require(28) node_modules/_egg-security@2.8.0@egg-security/app/extend/context.js",
    "start": 1611387768225,
    "end": 1611387768239,
    "duration": 14,
    "pid": 19172,
    "index": 36
  },
  {
    "name": "Require(29) node_modules/_egg-jsonp@2.0.0@egg-jsonp/app/extend/context.js",
    "start": 1611387768239,
    "end": 1611387768241,
    "duration": 2,
    "pid": 19172,
    "index": 37
  },
  {
    "name": "Require(30) node_modules/_egg-i18n@2.1.1@egg-i18n/app/extend/context.js",
    "start": 1611387768242,
    "end": 1611387768242,
    "duration": 0,
    "pid": 19172,
    "index": 38
  },
  {
    "name": "Require(31) node_modules/_egg-multipart@2.10.3@egg-multipart/app/extend/context.js",
    "start": 1611387768243,
    "end": 1611387768291,
    "duration": 48,
    "pid": 19172,
    "index": 39
  },
  {
    "name": "Require(32) node_modules/_egg-view@2.1.3@egg-view/app/extend/context.js",
    "start": 1611387768292,
    "end": 1611387768293,
    "duration": 1,
    "pid": 19172,
    "index": 40
  },
  {
    "name": "Require(33) node_modules/_egg@2.29.1@egg/app/extend/context.js",
    "start": 1611387768293,
    "end": 1611387768295,
    "duration": 2,
    "pid": 19172,
    "index": 41
  },
  {
    "name": "Load extend/helper.js",
    "start": 1611387768298,
    "end": 1611387768320,
    "duration": 22,
    "pid": 19172,
    "index": 42
  },
  {
    "name": "Require(34) node_modules/_egg-security@2.8.0@egg-security/app/extend/helper.js",
    "start": 1611387768298,
    "end": 1611387768314,
    "duration": 16,
    "pid": 19172,
    "index": 43
  },
  {
    "name": "Require(35) node_modules/_egg@2.29.1@egg/app/extend/helper.js",
    "start": 1611387768316,
    "end": 1611387768317,
    "duration": 1,
    "pid": 19172,
    "index": 44
  },
  {
    "name": "Load app.js",
    "start": 1611387768320,
    "end": 1611387768351,
    "duration": 31,
    "pid": 19172,
    "index": 45
  },
  {
    "name": "Require(36) node_modules/_egg-session@3.2.0@egg-session/app.js",
    "start": 1611387768320,
    "end": 1611387768321,
    "duration": 1,
    "pid": 19172,
    "index": 46
  },
  {
    "name": "Require(37) node_modules/_egg-security@2.8.0@egg-security/app.js",
    "start": 1611387768321,
    "end": 1611387768323,
    "duration": 2,
    "pid": 19172,
    "index": 47
  },
  {
    "name": "Require(38) node_modules/_egg-onerror@2.1.0@egg-onerror/app.js",
    "start": 1611387768324,
    "end": 1611387768333,
    "duration": 9,
    "pid": 19172,
    "index": 48
  },
  {
    "name": "Require(39) node_modules/_egg-i18n@2.1.1@egg-i18n/app.js",
    "start": 1611387768333,
    "end": 1611387768341,
    "duration": 8,
    "pid": 19172,
    "index": 49
  },
  {
    "name": "Require(40) node_modules/_egg-watcher@3.1.1@egg-watcher/app.js",
    "start": 1611387768341,
    "end": 1611387768345,
    "duration": 4,
    "pid": 19172,
    "index": 50
  },
  {
    "name": "Require(41) node_modules/_egg-schedule@3.6.6@egg-schedule/app.js",
    "start": 1611387768345,
    "end": 1611387768347,
    "duration": 2,
    "pid": 19172,
    "index": 51
  },
  {
    "name": "Require(42) node_modules/_egg-multipart@2.10.3@egg-multipart/app.js",
    "start": 1611387768347,
    "end": 1611387768348,
    "duration": 1,
    "pid": 19172,
    "index": 52
  },
  {
    "name": "Require(43) node_modules/_egg-development@2.7.0@egg-development/app.js",
    "start": 1611387768348,
    "end": 1611387768348,
    "duration": 0,
    "pid": 19172,
    "index": 53
  },
  {
    "name": "Require(44) node_modules/_egg-logrotator@3.1.0@egg-logrotator/app.js",
    "start": 1611387768349,
    "end": 1611387768349,
    "duration": 0,
    "pid": 19172,
    "index": 54
  },
  {
    "name": "Require(45) node_modules/_egg-static@2.2.0@egg-static/app.js",
    "start": 1611387768349,
    "end": 1611387768349,
    "duration": 0,
    "pid": 19172,
    "index": 55
  },
  {
    "name": "Require(46) node_modules/_egg-view-ejs@2.0.1@egg-view-ejs/app.js",
    "start": 1611387768350,
    "end": 1611387768350,
    "duration": 0,
    "pid": 19172,
    "index": 56
  },
  {
    "name": "Before Start in node_modules/_egg-watcher@3.1.1@egg-watcher/lib/init.js:15:14",
    "start": 1611387768359,
    "end": 1611387768561,
    "duration": 202,
    "pid": 19172,
    "index": 57
  },
  {
    "name": "Load Service",
    "start": 1611387768391,
    "end": 1611387768395,
    "duration": 4,
    "pid": 19172,
    "index": 58
  },
  {
    "name": "Load \"service\" to Context",
    "start": 1611387768391,
    "end": 1611387768395,
    "duration": 4,
    "pid": 19172,
    "index": 59
  },
  {
    "name": "Load Middleware",
    "start": 1611387768396,
    "end": 1611387768542,
    "duration": 146,
    "pid": 19172,
    "index": 60
  },
  {
    "name": "Load \"middlewares\" to Application",
    "start": 1611387768396,
    "end": 1611387768525,
    "duration": 129,
    "pid": 19172,
    "index": 61
  },
  {
    "name": "Load Controller",
    "start": 1611387768542,
    "end": 1611387768545,
    "duration": 3,
    "pid": 19172,
    "index": 62
  },
  {
    "name": "Load \"controller\" to Application",
    "start": 1611387768543,
    "end": 1611387768545,
    "duration": 2,
    "pid": 19172,
    "index": 63
  },
  {
    "name": "Load Router",
    "start": 1611387768545,
    "end": 1611387768547,
    "duration": 2,
    "pid": 19172,
    "index": 64
  },
  {
    "name": "Require(47) app/router.js",
    "start": 1611387768546,
    "end": 1611387768546,
    "duration": 0,
    "pid": 19172,
    "index": 65
  },
  {
    "name": "Before Start in node_modules/_egg-core@4.20.0@egg-core/lib/egg.js:303:10",
    "start": 1611387768546,
    "end": 1611387768553,
    "duration": 7,
    "pid": 19172,
    "index": 66
  }
]