[
  {
    "name": "Process Start",
    "start": 1611387870971,
    "end": 1611387872174,
    "duration": 1203,
    "pid": 3308,
    "index": 0
  },
  {
    "name": "Application Start",
    "start": 1611387872175,
    "end": 1611387872628,
    "duration": 453,
    "pid": 3308,
    "index": 1
  },
  {
    "name": "Load Plugin",
    "start": 1611387872179,
    "end": 1611387872198,
    "duration": 19,
    "pid": 3308,
    "index": 2
  },
  {
    "name": "Load Config",
    "start": 1611387872198,
    "end": 1611387872219,
    "duration": 21,
    "pid": 3308,
    "index": 3
  },
  {
    "name": "Require(0) config/config.default.js",
    "start": 1611387872198,
    "end": 1611387872199,
    "duration": 1,
    "pid": 3308,
    "index": 4
  },
  {
    "name": "Require(1) node_modules/_egg-session@3.2.0@egg-session/config/config.default.js",
    "start": 1611387872200,
    "end": 1611387872201,
    "duration": 1,
    "pid": 3308,
    "index": 5
  },
  {
    "name": "Require(2) node_modules/_egg-security@2.8.0@egg-security/config/config.default.js",
    "start": 1611387872201,
    "end": 1611387872202,
    "duration": 1,
    "pid": 3308,
    "index": 6
  },
  {
    "name": "Require(3) node_modules/_egg-jsonp@2.0.0@egg-jsonp/config/config.default.js",
    "start": 1611387872203,
    "end": 1611387872203,
    "duration": 0,
    "pid": 3308,
    "index": 7
  },
  {
    "name": "Require(4) node_modules/_egg-onerror@2.1.0@egg-onerror/config/config.default.js",
    "start": 1611387872204,
    "end": 1611387872204,
    "duration": 0,
    "pid": 3308,
    "index": 8
  },
  {
    "name": "Require(5) node_modules/_egg-i18n@2.1.1@egg-i18n/config/config.default.js",
    "start": 1611387872204,
    "end": 1611387872205,
    "duration": 1,
    "pid": 3308,
    "index": 9
  },
  {
    "name": "Require(6) node_modules/_egg-watcher@3.1.1@egg-watcher/config/config.default.js",
    "start": 1611387872205,
    "end": 1611387872206,
    "duration": 1,
    "pid": 3308,
    "index": 10
  },
  {
    "name": "Require(7) node_modules/_egg-schedule@3.6.6@egg-schedule/config/config.default.js",
    "start": 1611387872206,
    "end": 1611387872207,
    "duration": 1,
    "pid": 3308,
    "index": 11
  },
  {
    "name": "Require(8) node_modules/_egg-multipart@2.10.3@egg-multipart/config/config.default.js",
    "start": 1611387872208,
    "end": 1611387872208,
    "duration": 0,
    "pid": 3308,
    "index": 12
  },
  {
    "name": "Require(9) node_modules/_egg-development@2.7.0@egg-development/config/config.default.js",
    "start": 1611387872209,
    "end": 1611387872209,
    "duration": 0,
    "pid": 3308,
    "index": 13
  },
  {
    "name": "Require(10) node_modules/_egg-logrotator@3.1.0@egg-logrotator/config/config.default.js",
    "start": 1611387872210,
    "end": 1611387872210,
    "duration": 0,
    "pid": 3308,
    "index": 14
  },
  {
    "name": "Require(11) node_modules/_egg-static@2.2.0@egg-static/config/config.default.js",
    "start": 1611387872210,
    "end": 1611387872211,
    "duration": 1,
    "pid": 3308,
    "index": 15
  },
  {
    "name": "Require(12) node_modules/_egg-view@2.1.3@egg-view/config/config.default.js",
    "start": 1611387872211,
    "end": 1611387872212,
    "duration": 1,
    "pid": 3308,
    "index": 16
  },
  {
    "name": "Require(13) node_modules/_egg-view-ejs@2.0.1@egg-view-ejs/config/config.default.js",
    "start": 1611387872212,
    "end": 1611387872213,
    "duration": 1,
    "pid": 3308,
    "index": 17
  },
  {
    "name": "Require(14) node_modules/_egg@2.29.1@egg/config/config.default.js",
    "start": 1611387872213,
    "end": 1611387872214,
    "duration": 1,
    "pid": 3308,
    "index": 18
  },
  {
    "name": "Require(15) config/config.default.js",
    "start": 1611387872214,
    "end": 1611387872215,
    "duration": 1,
    "pid": 3308,
    "index": 19
  },
  {
    "name": "Require(16) node_modules/_egg-security@2.8.0@egg-security/config/config.local.js",
    "start": 1611387872215,
    "end": 1611387872215,
    "duration": 0,
    "pid": 3308,
    "index": 20
  },
  {
    "name": "Require(17) node_modules/_egg-watcher@3.1.1@egg-watcher/config/config.local.js",
    "start": 1611387872216,
    "end": 1611387872216,
    "duration": 0,
    "pid": 3308,
    "index": 21
  },
  {
    "name": "Require(18) node_modules/_egg-view@2.1.3@egg-view/config/config.local.js",
    "start": 1611387872218,
    "end": 1611387872218,
    "duration": 0,
    "pid": 3308,
    "index": 22
  },
  {
    "name": "Require(19) node_modules/_egg-view-ejs@2.0.1@egg-view-ejs/config/config.local.js",
    "start": 1611387872218,
    "end": 1611387872218,
    "duration": 0,
    "pid": 3308,
    "index": 23
  },
  {
    "name": "Require(20) node_modules/_egg@2.29.1@egg/config/config.local.js",
    "start": 1611387872219,
    "end": 1611387872219,
    "duration": 0,
    "pid": 3308,
    "index": 24
  },
  {
    "name": "Load extend/application.js",
    "start": 1611387872220,
    "end": 1611387872234,
    "duration": 14,
    "pid": 3308,
    "index": 25
  },
  {
    "name": "Require(21) node_modules/_egg-session@3.2.0@egg-session/app/extend/application.js",
    "start": 1611387872220,
    "end": 1611387872221,
    "duration": 1,
    "pid": 3308,
    "index": 26
  },
  {
    "name": "Require(22) node_modules/_egg-security@2.8.0@egg-security/app/extend/application.js",
    "start": 1611387872222,
    "end": 1611387872223,
    "duration": 1,
    "pid": 3308,
    "index": 27
  },
  {
    "name": "Require(23) node_modules/_egg-jsonp@2.0.0@egg-jsonp/app/extend/application.js",
    "start": 1611387872223,
    "end": 1611387872225,
    "duration": 2,
    "pid": 3308,
    "index": 28
  },
  {
    "name": "Require(24) node_modules/_egg-logrotator@3.1.0@egg-logrotator/app/extend/application.js",
    "start": 1611387872227,
    "end": 1611387872229,
    "duration": 2,
    "pid": 3308,
    "index": 29
  },
  {
    "name": "Require(25) node_modules/_egg-view@2.1.3@egg-view/app/extend/application.js",
    "start": 1611387872230,
    "end": 1611387872231,
    "duration": 1,
    "pid": 3308,
    "index": 30
  },
  {
    "name": "Load extend/request.js",
    "start": 1611387872234,
    "end": 1611387872243,
    "duration": 9,
    "pid": 3308,
    "index": 31
  },
  {
    "name": "Require(26) node_modules/_egg@2.29.1@egg/app/extend/request.js",
    "start": 1611387872237,
    "end": 1611387872238,
    "duration": 1,
    "pid": 3308,
    "index": 32
  },
  {
    "name": "Load extend/response.js",
    "start": 1611387872243,
    "end": 1611387872250,
    "duration": 7,
    "pid": 3308,
    "index": 33
  },
  {
    "name": "Require(27) node_modules/_egg@2.29.1@egg/app/extend/response.js",
    "start": 1611387872245,
    "end": 1611387872248,
    "duration": 3,
    "pid": 3308,
    "index": 34
  },
  {
    "name": "Load extend/context.js",
    "start": 1611387872250,
    "end": 1611387872327,
    "duration": 77,
    "pid": 3308,
    "index": 35
  },
  {
    "name": "Require(28) node_modules/_egg-security@2.8.0@egg-security/app/extend/context.js",
    "start": 1611387872251,
    "end": 1611387872265,
    "duration": 14,
    "pid": 3308,
    "index": 36
  },
  {
    "name": "Require(29) node_modules/_egg-jsonp@2.0.0@egg-jsonp/app/extend/context.js",
    "start": 1611387872265,
    "end": 1611387872267,
    "duration": 2,
    "pid": 3308,
    "index": 37
  },
  {
    "name": "Require(30) node_modules/_egg-i18n@2.1.1@egg-i18n/app/extend/context.js",
    "start": 1611387872267,
    "end": 1611387872268,
    "duration": 1,
    "pid": 3308,
    "index": 38
  },
  {
    "name": "Require(31) node_modules/_egg-multipart@2.10.3@egg-multipart/app/extend/context.js",
    "start": 1611387872268,
    "end": 1611387872319,
    "duration": 51,
    "pid": 3308,
    "index": 39
  },
  {
    "name": "Require(32) node_modules/_egg-view@2.1.3@egg-view/app/extend/context.js",
    "start": 1611387872320,
    "end": 1611387872321,
    "duration": 1,
    "pid": 3308,
    "index": 40
  },
  {
    "name": "Require(33) node_modules/_egg@2.29.1@egg/app/extend/context.js",
    "start": 1611387872322,
    "end": 1611387872323,
    "duration": 1,
    "pid": 3308,
    "index": 41
  },
  {
    "name": "Load extend/helper.js",
    "start": 1611387872327,
    "end": 1611387872351,
    "duration": 24,
    "pid": 3308,
    "index": 42
  },
  {
    "name": "Require(34) node_modules/_egg-security@2.8.0@egg-security/app/extend/helper.js",
    "start": 1611387872327,
    "end": 1611387872345,
    "duration": 18,
    "pid": 3308,
    "index": 43
  },
  {
    "name": "Require(35) node_modules/_egg@2.29.1@egg/app/extend/helper.js",
    "start": 1611387872347,
    "end": 1611387872348,
    "duration": 1,
    "pid": 3308,
    "index": 44
  },
  {
    "name": "Load app.js",
    "start": 1611387872351,
    "end": 1611387872387,
    "duration": 36,
    "pid": 3308,
    "index": 45
  },
  {
    "name": "Require(36) node_modules/_egg-session@3.2.0@egg-session/app.js",
    "start": 1611387872351,
    "end": 1611387872352,
    "duration": 1,
    "pid": 3308,
    "index": 46
  },
  {
    "name": "Require(37) node_modules/_egg-security@2.8.0@egg-security/app.js",
    "start": 1611387872352,
    "end": 1611387872354,
    "duration": 2,
    "pid": 3308,
    "index": 47
  },
  {
    "name": "Require(38) node_modules/_egg-onerror@2.1.0@egg-onerror/app.js",
    "start": 1611387872355,
    "end": 1611387872365,
    "duration": 10,
    "pid": 3308,
    "index": 48
  },
  {
    "name": "Require(39) node_modules/_egg-i18n@2.1.1@egg-i18n/app.js",
    "start": 1611387872366,
    "end": 1611387872375,
    "duration": 9,
    "pid": 3308,
    "index": 49
  },
  {
    "name": "Require(40) node_modules/_egg-watcher@3.1.1@egg-watcher/app.js",
    "start": 1611387872375,
    "end": 1611387872380,
    "duration": 5,
    "pid": 3308,
    "index": 50
  },
  {
    "name": "Require(41) node_modules/_egg-schedule@3.6.6@egg-schedule/app.js",
    "start": 1611387872380,
    "end": 1611387872382,
    "duration": 2,
    "pid": 3308,
    "index": 51
  },
  {
    "name": "Require(42) node_modules/_egg-multipart@2.10.3@egg-multipart/app.js",
    "start": 1611387872383,
    "end": 1611387872383,
    "duration": 0,
    "pid": 3308,
    "index": 52
  },
  {
    "name": "Require(43) node_modules/_egg-development@2.7.0@egg-development/app.js",
    "start": 1611387872383,
    "end": 1611387872384,
    "duration": 1,
    "pid": 3308,
    "index": 53
  },
  {
    "name": "Require(44) node_modules/_egg-logrotator@3.1.0@egg-logrotator/app.js",
    "start": 1611387872384,
    "end": 1611387872384,
    "duration": 0,
    "pid": 3308,
    "index": 54
  },
  {
    "name": "Require(45) node_modules/_egg-static@2.2.0@egg-static/app.js",
    "start": 1611387872385,
    "end": 1611387872385,
    "duration": 0,
    "pid": 3308,
    "index": 55
  },
  {
    "name": "Require(46) node_modules/_egg-view-ejs@2.0.1@egg-view-ejs/app.js",
    "start": 1611387872385,
    "end": 1611387872386,
    "duration": 1,
    "pid": 3308,
    "index": 56
  },
  {
    "name": "Before Start in node_modules/_egg-watcher@3.1.1@egg-watcher/lib/init.js:15:14",
    "start": 1611387872396,
    "end": 1611387872628,
    "duration": 232,
    "pid": 3308,
    "index": 57
  },
  {
    "name": "Load Service",
    "start": 1611387872426,
    "end": 1611387872431,
    "duration": 5,
    "pid": 3308,
    "index": 58
  },
  {
    "name": "Load \"service\" to Context",
    "start": 1611387872426,
    "end": 1611387872431,
    "duration": 5,
    "pid": 3308,
    "index": 59
  },
  {
    "name": "Load Middleware",
    "start": 1611387872431,
    "end": 1611387872606,
    "duration": 175,
    "pid": 3308,
    "index": 60
  },
  {
    "name": "Load \"middlewares\" to Application",
    "start": 1611387872431,
    "end": 1611387872586,
    "duration": 155,
    "pid": 3308,
    "index": 61
  },
  {
    "name": "Load Controller",
    "start": 1611387872606,
    "end": 1611387872610,
    "duration": 4,
    "pid": 3308,
    "index": 62
  },
  {
    "name": "Load \"controller\" to Application",
    "start": 1611387872606,
    "end": 1611387872610,
    "duration": 4,
    "pid": 3308,
    "index": 63
  },
  {
    "name": "Load Router",
    "start": 1611387872610,
    "end": 1611387872612,
    "duration": 2,
    "pid": 3308,
    "index": 64
  },
  {
    "name": "Require(47) app/router.js",
    "start": 1611387872610,
    "end": 1611387872610,
    "duration": 0,
    "pid": 3308,
    "index": 65
  },
  {
    "name": "Before Start in node_modules/_egg-core@4.20.0@egg-core/lib/egg.js:303:10",
    "start": 1611387872611,
    "end": 1611387872619,
    "duration": 8,
    "pid": 3308,
    "index": 66
  }
]