[
  {
    "name": "Process Start",
    "start": 1611387797595,
    "end": 1611387798695,
    "duration": 1100,
    "pid": 872,
    "index": 0
  },
  {
    "name": "Application Start",
    "start": 1611387798696,
    "end": 1611387799118,
    "duration": 422,
    "pid": 872,
    "index": 1
  },
  {
    "name": "Load Plugin",
    "start": 1611387798701,
    "end": 1611387798723,
    "duration": 22,
    "pid": 872,
    "index": 2
  },
  {
    "name": "Load Config",
    "start": 1611387798723,
    "end": 1611387798748,
    "duration": 25,
    "pid": 872,
    "index": 3
  },
  {
    "name": "Require(0) config/config.default.js",
    "start": 1611387798724,
    "end": 1611387798724,
    "duration": 0,
    "pid": 872,
    "index": 4
  },
  {
    "name": "Require(1) node_modules/_egg-session@3.2.0@egg-session/config/config.default.js",
    "start": 1611387798726,
    "end": 1611387798726,
    "duration": 0,
    "pid": 872,
    "index": 5
  },
  {
    "name": "Require(2) node_modules/_egg-security@2.8.0@egg-security/config/config.default.js",
    "start": 1611387798727,
    "end": 1611387798727,
    "duration": 0,
    "pid": 872,
    "index": 6
  },
  {
    "name": "Require(3) node_modules/_egg-jsonp@2.0.0@egg-jsonp/config/config.default.js",
    "start": 1611387798728,
    "end": 1611387798729,
    "duration": 1,
    "pid": 872,
    "index": 7
  },
  {
    "name": "Require(4) node_modules/_egg-onerror@2.1.0@egg-onerror/config/config.default.js",
    "start": 1611387798729,
    "end": 1611387798730,
    "duration": 1,
    "pid": 872,
    "index": 8
  },
  {
    "name": "Require(5) node_modules/_egg-i18n@2.1.1@egg-i18n/config/config.default.js",
    "start": 1611387798730,
    "end": 1611387798731,
    "duration": 1,
    "pid": 872,
    "index": 9
  },
  {
    "name": "Require(6) node_modules/_egg-watcher@3.1.1@egg-watcher/config/config.default.js",
    "start": 1611387798731,
    "end": 1611387798732,
    "duration": 1,
    "pid": 872,
    "index": 10
  },
  {
    "name": "Require(7) node_modules/_egg-schedule@3.6.6@egg-schedule/config/config.default.js",
    "start": 1611387798733,
    "end": 1611387798733,
    "duration": 0,
    "pid": 872,
    "index": 11
  },
  {
    "name": "Require(8) node_modules/_egg-multipart@2.10.3@egg-multipart/config/config.default.js",
    "start": 1611387798734,
    "end": 1611387798734,
    "duration": 0,
    "pid": 872,
    "index": 12
  },
  {
    "name": "Require(9) node_modules/_egg-development@2.7.0@egg-development/config/config.default.js",
    "start": 1611387798735,
    "end": 1611387798735,
    "duration": 0,
    "pid": 872,
    "index": 13
  },
  {
    "name": "Require(10) node_modules/_egg-logrotator@3.1.0@egg-logrotator/config/config.default.js",
    "start": 1611387798736,
    "end": 1611387798737,
    "duration": 1,
    "pid": 872,
    "index": 14
  },
  {
    "name": "Require(11) node_modules/_egg-static@2.2.0@egg-static/config/config.default.js",
    "start": 1611387798737,
    "end": 1611387798738,
    "duration": 1,
    "pid": 872,
    "index": 15
  },
  {
    "name": "Require(12) node_modules/_egg-view@2.1.3@egg-view/config/config.default.js",
    "start": 1611387798739,
    "end": 1611387798739,
    "duration": 0,
    "pid": 872,
    "index": 16
  },
  {
    "name": "Require(13) node_modules/_egg-view-ejs@2.0.1@egg-view-ejs/config/config.default.js",
    "start": 1611387798740,
    "end": 1611387798740,
    "duration": 0,
    "pid": 872,
    "index": 17
  },
  {
    "name": "Require(14) node_modules/_egg@2.29.1@egg/config/config.default.js",
    "start": 1611387798741,
    "end": 1611387798741,
    "duration": 0,
    "pid": 872,
    "index": 18
  },
  {
    "name": "Require(15) config/config.default.js",
    "start": 1611387798742,
    "end": 1611387798742,
    "duration": 0,
    "pid": 872,
    "index": 19
  },
  {
    "name": "Require(16) node_modules/_egg-security@2.8.0@egg-security/config/config.local.js",
    "start": 1611387798743,
    "end": 1611387798743,
    "duration": 0,
    "pid": 872,
    "index": 20
  },
  {
    "name": "Require(17) node_modules/_egg-watcher@3.1.1@egg-watcher/config/config.local.js",
    "start": 1611387798744,
    "end": 1611387798744,
    "duration": 0,
    "pid": 872,
    "index": 21
  },
  {
    "name": "Require(18) node_modules/_egg-view@2.1.3@egg-view/config/config.local.js",
    "start": 1611387798746,
    "end": 1611387798746,
    "duration": 0,
    "pid": 872,
    "index": 22
  },
  {
    "name": "Require(19) node_modules/_egg-view-ejs@2.0.1@egg-view-ejs/config/config.local.js",
    "start": 1611387798746,
    "end": 1611387798747,
    "duration": 1,
    "pid": 872,
    "index": 23
  },
  {
    "name": "Require(20) node_modules/_egg@2.29.1@egg/config/config.local.js",
    "start": 1611387798747,
    "end": 1611387798747,
    "duration": 0,
    "pid": 872,
    "index": 24
  },
  {
    "name": "Load extend/application.js",
    "start": 1611387798749,
    "end": 1611387798766,
    "duration": 17,
    "pid": 872,
    "index": 25
  },
  {
    "name": "Require(21) node_modules/_egg-session@3.2.0@egg-session/app/extend/application.js",
    "start": 1611387798749,
    "end": 1611387798750,
    "duration": 1,
    "pid": 872,
    "index": 26
  },
  {
    "name": "Require(22) node_modules/_egg-security@2.8.0@egg-security/app/extend/application.js",
    "start": 1611387798751,
    "end": 1611387798752,
    "duration": 1,
    "pid": 872,
    "index": 27
  },
  {
    "name": "Require(23) node_modules/_egg-jsonp@2.0.0@egg-jsonp/app/extend/application.js",
    "start": 1611387798753,
    "end": 1611387798755,
    "duration": 2,
    "pid": 872,
    "index": 28
  },
  {
    "name": "Require(24) node_modules/_egg-logrotator@3.1.0@egg-logrotator/app/extend/application.js",
    "start": 1611387798757,
    "end": 1611387798760,
    "duration": 3,
    "pid": 872,
    "index": 29
  },
  {
    "name": "Require(25) node_modules/_egg-view@2.1.3@egg-view/app/extend/application.js",
    "start": 1611387798760,
    "end": 1611387798762,
    "duration": 2,
    "pid": 872,
    "index": 30
  },
  {
    "name": "Load extend/request.js",
    "start": 1611387798766,
    "end": 1611387798776,
    "duration": 10,
    "pid": 872,
    "index": 31
  },
  {
    "name": "Require(26) node_modules/_egg@2.29.1@egg/app/extend/request.js",
    "start": 1611387798769,
    "end": 1611387798771,
    "duration": 2,
    "pid": 872,
    "index": 32
  },
  {
    "name": "Load extend/response.js",
    "start": 1611387798776,
    "end": 1611387798786,
    "duration": 10,
    "pid": 872,
    "index": 33
  },
  {
    "name": "Require(27) node_modules/_egg@2.29.1@egg/app/extend/response.js",
    "start": 1611387798779,
    "end": 1611387798783,
    "duration": 4,
    "pid": 872,
    "index": 34
  },
  {
    "name": "Load extend/context.js",
    "start": 1611387798786,
    "end": 1611387798867,
    "duration": 81,
    "pid": 872,
    "index": 35
  },
  {
    "name": "Require(28) node_modules/_egg-security@2.8.0@egg-security/app/extend/context.js",
    "start": 1611387798787,
    "end": 1611387798804,
    "duration": 17,
    "pid": 872,
    "index": 36
  },
  {
    "name": "Require(29) node_modules/_egg-jsonp@2.0.0@egg-jsonp/app/extend/context.js",
    "start": 1611387798804,
    "end": 1611387798806,
    "duration": 2,
    "pid": 872,
    "index": 37
  },
  {
    "name": "Require(30) node_modules/_egg-i18n@2.1.1@egg-i18n/app/extend/context.js",
    "start": 1611387798807,
    "end": 1611387798807,
    "duration": 0,
    "pid": 872,
    "index": 38
  },
  {
    "name": "Require(31) node_modules/_egg-multipart@2.10.3@egg-multipart/app/extend/context.js",
    "start": 1611387798808,
    "end": 1611387798860,
    "duration": 52,
    "pid": 872,
    "index": 39
  },
  {
    "name": "Require(32) node_modules/_egg-view@2.1.3@egg-view/app/extend/context.js",
    "start": 1611387798861,
    "end": 1611387798862,
    "duration": 1,
    "pid": 872,
    "index": 40
  },
  {
    "name": "Require(33) node_modules/_egg@2.29.1@egg/app/extend/context.js",
    "start": 1611387798862,
    "end": 1611387798864,
    "duration": 2,
    "pid": 872,
    "index": 41
  },
  {
    "name": "Load extend/helper.js",
    "start": 1611387798867,
    "end": 1611387798890,
    "duration": 23,
    "pid": 872,
    "index": 42
  },
  {
    "name": "Require(34) node_modules/_egg-security@2.8.0@egg-security/app/extend/helper.js",
    "start": 1611387798868,
    "end": 1611387798884,
    "duration": 16,
    "pid": 872,
    "index": 43
  },
  {
    "name": "Require(35) node_modules/_egg@2.29.1@egg/app/extend/helper.js",
    "start": 1611387798887,
    "end": 1611387798887,
    "duration": 0,
    "pid": 872,
    "index": 44
  },
  {
    "name": "Load app.js",
    "start": 1611387798890,
    "end": 1611387798923,
    "duration": 33,
    "pid": 872,
    "index": 45
  },
  {
    "name": "Require(36) node_modules/_egg-session@3.2.0@egg-session/app.js",
    "start": 1611387798890,
    "end": 1611387798891,
    "duration": 1,
    "pid": 872,
    "index": 46
  },
  {
    "name": "Require(37) node_modules/_egg-security@2.8.0@egg-security/app.js",
    "start": 1611387798891,
    "end": 1611387798893,
    "duration": 2,
    "pid": 872,
    "index": 47
  },
  {
    "name": "Require(38) node_modules/_egg-onerror@2.1.0@egg-onerror/app.js",
    "start": 1611387798894,
    "end": 1611387798904,
    "duration": 10,
    "pid": 872,
    "index": 48
  },
  {
    "name": "Require(39) node_modules/_egg-i18n@2.1.1@egg-i18n/app.js",
    "start": 1611387798904,
    "end": 1611387798912,
    "duration": 8,
    "pid": 872,
    "index": 49
  },
  {
    "name": "Require(40) node_modules/_egg-watcher@3.1.1@egg-watcher/app.js",
    "start": 1611387798912,
    "end": 1611387798916,
    "duration": 4,
    "pid": 872,
    "index": 50
  },
  {
    "name": "Require(41) node_modules/_egg-schedule@3.6.6@egg-schedule/app.js",
    "start": 1611387798917,
    "end": 1611387798919,
    "duration": 2,
    "pid": 872,
    "index": 51
  },
  {
    "name": "Require(42) node_modules/_egg-multipart@2.10.3@egg-multipart/app.js",
    "start": 1611387798919,
    "end": 1611387798920,
    "duration": 1,
    "pid": 872,
    "index": 52
  },
  {
    "name": "Require(43) node_modules/_egg-development@2.7.0@egg-development/app.js",
    "start": 1611387798920,
    "end": 1611387798920,
    "duration": 0,
    "pid": 872,
    "index": 53
  },
  {
    "name": "Require(44) node_modules/_egg-logrotator@3.1.0@egg-logrotator/app.js",
    "start": 1611387798921,
    "end": 1611387798921,
    "duration": 0,
    "pid": 872,
    "index": 54
  },
  {
    "name": "Require(45) node_modules/_egg-static@2.2.0@egg-static/app.js",
    "start": 1611387798921,
    "end": 1611387798921,
    "duration": 0,
    "pid": 872,
    "index": 55
  },
  {
    "name": "Require(46) node_modules/_egg-view-ejs@2.0.1@egg-view-ejs/app.js",
    "start": 1611387798922,
    "end": 1611387798922,
    "duration": 0,
    "pid": 872,
    "index": 56
  },
  {
    "name": "Before Start in node_modules/_egg-watcher@3.1.1@egg-watcher/lib/init.js:15:14",
    "start": 1611387798932,
    "end": 1611387799117,
    "duration": 185,
    "pid": 872,
    "index": 57
  },
  {
    "name": "Load Service",
    "start": 1611387798965,
    "end": 1611387798969,
    "duration": 4,
    "pid": 872,
    "index": 58
  },
  {
    "name": "Load \"service\" to Context",
    "start": 1611387798965,
    "end": 1611387798969,
    "duration": 4,
    "pid": 872,
    "index": 59
  },
  {
    "name": "Load Middleware",
    "start": 1611387798970,
    "end": 1611387799100,
    "duration": 130,
    "pid": 872,
    "index": 60
  },
  {
    "name": "Load \"middlewares\" to Application",
    "start": 1611387798970,
    "end": 1611387799086,
    "duration": 116,
    "pid": 872,
    "index": 61
  },
  {
    "name": "Load Controller",
    "start": 1611387799100,
    "end": 1611387799103,
    "duration": 3,
    "pid": 872,
    "index": 62
  },
  {
    "name": "Load \"controller\" to Application",
    "start": 1611387799100,
    "end": 1611387799103,
    "duration": 3,
    "pid": 872,
    "index": 63
  },
  {
    "name": "Load Router",
    "start": 1611387799103,
    "end": 1611387799104,
    "duration": 1,
    "pid": 872,
    "index": 64
  },
  {
    "name": "Require(47) app/router.js",
    "start": 1611387799103,
    "end": 1611387799103,
    "duration": 0,
    "pid": 872,
    "index": 65
  },
  {
    "name": "Before Start in node_modules/_egg-core@4.20.0@egg-core/lib/egg.js:303:10",
    "start": 1611387799103,
    "end": 1611387799110,
    "duration": 7,
    "pid": 872,
    "index": 66
  }
]