[
  {
    "name": "Process Start",
    "start": 1611387818045,
    "end": 1611387819060,
    "duration": 1015,
    "pid": 19716,
    "index": 0
  },
  {
    "name": "Application Start",
    "start": 1611387819061,
    "end": 1611387819467,
    "duration": 406,
    "pid": 19716,
    "index": 1
  },
  {
    "name": "Load Plugin",
    "start": 1611387819065,
    "end": 1611387819089,
    "duration": 24,
    "pid": 19716,
    "index": 2
  },
  {
    "name": "Load Config",
    "start": 1611387819089,
    "end": 1611387819112,
    "duration": 23,
    "pid": 19716,
    "index": 3
  },
  {
    "name": "Require(0) config/config.default.js",
    "start": 1611387819089,
    "end": 1611387819090,
    "duration": 1,
    "pid": 19716,
    "index": 4
  },
  {
    "name": "Require(1) node_modules/_egg-session@3.2.0@egg-session/config/config.default.js",
    "start": 1611387819091,
    "end": 1611387819092,
    "duration": 1,
    "pid": 19716,
    "index": 5
  },
  {
    "name": "Require(2) node_modules/_egg-security@2.8.0@egg-security/config/config.default.js",
    "start": 1611387819092,
    "end": 1611387819093,
    "duration": 1,
    "pid": 19716,
    "index": 6
  },
  {
    "name": "Require(3) node_modules/_egg-jsonp@2.0.0@egg-jsonp/config/config.default.js",
    "start": 1611387819094,
    "end": 1611387819094,
    "duration": 0,
    "pid": 19716,
    "index": 7
  },
  {
    "name": "Require(4) node_modules/_egg-onerror@2.1.0@egg-onerror/config/config.default.js",
    "start": 1611387819094,
    "end": 1611387819095,
    "duration": 1,
    "pid": 19716,
    "index": 8
  },
  {
    "name": "Require(5) node_modules/_egg-i18n@2.1.1@egg-i18n/config/config.default.js",
    "start": 1611387819095,
    "end": 1611387819096,
    "duration": 1,
    "pid": 19716,
    "index": 9
  },
  {
    "name": "Require(6) node_modules/_egg-watcher@3.1.1@egg-watcher/config/config.default.js",
    "start": 1611387819097,
    "end": 1611387819097,
    "duration": 0,
    "pid": 19716,
    "index": 10
  },
  {
    "name": "Require(7) node_modules/_egg-schedule@3.6.6@egg-schedule/config/config.default.js",
    "start": 1611387819098,
    "end": 1611387819099,
    "duration": 1,
    "pid": 19716,
    "index": 11
  },
  {
    "name": "Require(8) node_modules/_egg-multipart@2.10.3@egg-multipart/config/config.default.js",
    "start": 1611387819099,
    "end": 1611387819100,
    "duration": 1,
    "pid": 19716,
    "index": 12
  },
  {
    "name": "Require(9) node_modules/_egg-development@2.7.0@egg-development/config/config.default.js",
    "start": 1611387819100,
    "end": 1611387819101,
    "duration": 1,
    "pid": 19716,
    "index": 13
  },
  {
    "name": "Require(10) node_modules/_egg-logrotator@3.1.0@egg-logrotator/config/config.default.js",
    "start": 1611387819101,
    "end": 1611387819102,
    "duration": 1,
    "pid": 19716,
    "index": 14
  },
  {
    "name": "Require(11) node_modules/_egg-static@2.2.0@egg-static/config/config.default.js",
    "start": 1611387819102,
    "end": 1611387819103,
    "duration": 1,
    "pid": 19716,
    "index": 15
  },
  {
    "name": "Require(12) node_modules/_egg-view@2.1.3@egg-view/config/config.default.js",
    "start": 1611387819103,
    "end": 1611387819104,
    "duration": 1,
    "pid": 19716,
    "index": 16
  },
  {
    "name": "Require(13) node_modules/_egg-view-ejs@2.0.1@egg-view-ejs/config/config.default.js",
    "start": 1611387819104,
    "end": 1611387819105,
    "duration": 1,
    "pid": 19716,
    "index": 17
  },
  {
    "name": "Require(14) node_modules/_egg@2.29.1@egg/config/config.default.js",
    "start": 1611387819105,
    "end": 1611387819105,
    "duration": 0,
    "pid": 19716,
    "index": 18
  },
  {
    "name": "Require(15) config/config.default.js",
    "start": 1611387819107,
    "end": 1611387819107,
    "duration": 0,
    "pid": 19716,
    "index": 19
  },
  {
    "name": "Require(16) node_modules/_egg-security@2.8.0@egg-security/config/config.local.js",
    "start": 1611387819107,
    "end": 1611387819107,
    "duration": 0,
    "pid": 19716,
    "index": 20
  },
  {
    "name": "Require(17) node_modules/_egg-watcher@3.1.1@egg-watcher/config/config.local.js",
    "start": 1611387819108,
    "end": 1611387819109,
    "duration": 1,
    "pid": 19716,
    "index": 21
  },
  {
    "name": "Require(18) node_modules/_egg-view@2.1.3@egg-view/config/config.local.js",
    "start": 1611387819110,
    "end": 1611387819110,
    "duration": 0,
    "pid": 19716,
    "index": 22
  },
  {
    "name": "Require(19) node_modules/_egg-view-ejs@2.0.1@egg-view-ejs/config/config.local.js",
    "start": 1611387819111,
    "end": 1611387819111,
    "duration": 0,
    "pid": 19716,
    "index": 23
  },
  {
    "name": "Require(20) node_modules/_egg@2.29.1@egg/config/config.local.js",
    "start": 1611387819111,
    "end": 1611387819112,
    "duration": 1,
    "pid": 19716,
    "index": 24
  },
  {
    "name": "Load extend/application.js",
    "start": 1611387819113,
    "end": 1611387819129,
    "duration": 16,
    "pid": 19716,
    "index": 25
  },
  {
    "name": "Require(21) node_modules/_egg-session@3.2.0@egg-session/app/extend/application.js",
    "start": 1611387819114,
    "end": 1611387819114,
    "duration": 0,
    "pid": 19716,
    "index": 26
  },
  {
    "name": "Require(22) node_modules/_egg-security@2.8.0@egg-security/app/extend/application.js",
    "start": 1611387819115,
    "end": 1611387819116,
    "duration": 1,
    "pid": 19716,
    "index": 27
  },
  {
    "name": "Require(23) node_modules/_egg-jsonp@2.0.0@egg-jsonp/app/extend/application.js",
    "start": 1611387819116,
    "end": 1611387819118,
    "duration": 2,
    "pid": 19716,
    "index": 28
  },
  {
    "name": "Require(24) node_modules/_egg-logrotator@3.1.0@egg-logrotator/app/extend/application.js",
    "start": 1611387819120,
    "end": 1611387819123,
    "duration": 3,
    "pid": 19716,
    "index": 29
  },
  {
    "name": "Require(25) node_modules/_egg-view@2.1.3@egg-view/app/extend/application.js",
    "start": 1611387819123,
    "end": 1611387819125,
    "duration": 2,
    "pid": 19716,
    "index": 30
  },
  {
    "name": "Load extend/request.js",
    "start": 1611387819129,
    "end": 1611387819139,
    "duration": 10,
    "pid": 19716,
    "index": 31
  },
  {
    "name": "Require(26) node_modules/_egg@2.29.1@egg/app/extend/request.js",
    "start": 1611387819132,
    "end": 1611387819134,
    "duration": 2,
    "pid": 19716,
    "index": 32
  },
  {
    "name": "Load extend/response.js",
    "start": 1611387819139,
    "end": 1611387819147,
    "duration": 8,
    "pid": 19716,
    "index": 33
  },
  {
    "name": "Require(27) node_modules/_egg@2.29.1@egg/app/extend/response.js",
    "start": 1611387819142,
    "end": 1611387819144,
    "duration": 2,
    "pid": 19716,
    "index": 34
  },
  {
    "name": "Load extend/context.js",
    "start": 1611387819147,
    "end": 1611387819215,
    "duration": 68,
    "pid": 19716,
    "index": 35
  },
  {
    "name": "Require(28) node_modules/_egg-security@2.8.0@egg-security/app/extend/context.js",
    "start": 1611387819147,
    "end": 1611387819160,
    "duration": 13,
    "pid": 19716,
    "index": 36
  },
  {
    "name": "Require(29) node_modules/_egg-jsonp@2.0.0@egg-jsonp/app/extend/context.js",
    "start": 1611387819160,
    "end": 1611387819162,
    "duration": 2,
    "pid": 19716,
    "index": 37
  },
  {
    "name": "Require(30) node_modules/_egg-i18n@2.1.1@egg-i18n/app/extend/context.js",
    "start": 1611387819162,
    "end": 1611387819163,
    "duration": 1,
    "pid": 19716,
    "index": 38
  },
  {
    "name": "Require(31) node_modules/_egg-multipart@2.10.3@egg-multipart/app/extend/context.js",
    "start": 1611387819164,
    "end": 1611387819209,
    "duration": 45,
    "pid": 19716,
    "index": 39
  },
  {
    "name": "Require(32) node_modules/_egg-view@2.1.3@egg-view/app/extend/context.js",
    "start": 1611387819209,
    "end": 1611387819210,
    "duration": 1,
    "pid": 19716,
    "index": 40
  },
  {
    "name": "Require(33) node_modules/_egg@2.29.1@egg/app/extend/context.js",
    "start": 1611387819211,
    "end": 1611387819212,
    "duration": 1,
    "pid": 19716,
    "index": 41
  },
  {
    "name": "Load extend/helper.js",
    "start": 1611387819215,
    "end": 1611387819237,
    "duration": 22,
    "pid": 19716,
    "index": 42
  },
  {
    "name": "Require(34) node_modules/_egg-security@2.8.0@egg-security/app/extend/helper.js",
    "start": 1611387819216,
    "end": 1611387819231,
    "duration": 15,
    "pid": 19716,
    "index": 43
  },
  {
    "name": "Require(35) node_modules/_egg@2.29.1@egg/app/extend/helper.js",
    "start": 1611387819234,
    "end": 1611387819234,
    "duration": 0,
    "pid": 19716,
    "index": 44
  },
  {
    "name": "Load app.js",
    "start": 1611387819237,
    "end": 1611387819269,
    "duration": 32,
    "pid": 19716,
    "index": 45
  },
  {
    "name": "Require(36) node_modules/_egg-session@3.2.0@egg-session/app.js",
    "start": 1611387819237,
    "end": 1611387819237,
    "duration": 0,
    "pid": 19716,
    "index": 46
  },
  {
    "name": "Require(37) node_modules/_egg-security@2.8.0@egg-security/app.js",
    "start": 1611387819238,
    "end": 1611387819240,
    "duration": 2,
    "pid": 19716,
    "index": 47
  },
  {
    "name": "Require(38) node_modules/_egg-onerror@2.1.0@egg-onerror/app.js",
    "start": 1611387819240,
    "end": 1611387819250,
    "duration": 10,
    "pid": 19716,
    "index": 48
  },
  {
    "name": "Require(39) node_modules/_egg-i18n@2.1.1@egg-i18n/app.js",
    "start": 1611387819251,
    "end": 1611387819258,
    "duration": 7,
    "pid": 19716,
    "index": 49
  },
  {
    "name": "Require(40) node_modules/_egg-watcher@3.1.1@egg-watcher/app.js",
    "start": 1611387819258,
    "end": 1611387819262,
    "duration": 4,
    "pid": 19716,
    "index": 50
  },
  {
    "name": "Require(41) node_modules/_egg-schedule@3.6.6@egg-schedule/app.js",
    "start": 1611387819263,
    "end": 1611387819265,
    "duration": 2,
    "pid": 19716,
    "index": 51
  },
  {
    "name": "Require(42) node_modules/_egg-multipart@2.10.3@egg-multipart/app.js",
    "start": 1611387819265,
    "end": 1611387819266,
    "duration": 1,
    "pid": 19716,
    "index": 52
  },
  {
    "name": "Require(43) node_modules/_egg-development@2.7.0@egg-development/app.js",
    "start": 1611387819266,
    "end": 1611387819266,
    "duration": 0,
    "pid": 19716,
    "index": 53
  },
  {
    "name": "Require(44) node_modules/_egg-logrotator@3.1.0@egg-logrotator/app.js",
    "start": 1611387819266,
    "end": 1611387819267,
    "duration": 1,
    "pid": 19716,
    "index": 54
  },
  {
    "name": "Require(45) node_modules/_egg-static@2.2.0@egg-static/app.js",
    "start": 1611387819267,
    "end": 1611387819267,
    "duration": 0,
    "pid": 19716,
    "index": 55
  },
  {
    "name": "Require(46) node_modules/_egg-view-ejs@2.0.1@egg-view-ejs/app.js",
    "start": 1611387819268,
    "end": 1611387819268,
    "duration": 0,
    "pid": 19716,
    "index": 56
  },
  {
    "name": "Before Start in node_modules/_egg-watcher@3.1.1@egg-watcher/lib/init.js:15:14",
    "start": 1611387819277,
    "end": 1611387819467,
    "duration": 190,
    "pid": 19716,
    "index": 57
  },
  {
    "name": "Load Service",
    "start": 1611387819309,
    "end": 1611387819313,
    "duration": 4,
    "pid": 19716,
    "index": 58
  },
  {
    "name": "Load \"service\" to Context",
    "start": 1611387819309,
    "end": 1611387819313,
    "duration": 4,
    "pid": 19716,
    "index": 59
  },
  {
    "name": "Load Middleware",
    "start": 1611387819313,
    "end": 1611387819449,
    "duration": 136,
    "pid": 19716,
    "index": 60
  },
  {
    "name": "Load \"middlewares\" to Application",
    "start": 1611387819313,
    "end": 1611387819434,
    "duration": 121,
    "pid": 19716,
    "index": 61
  },
  {
    "name": "Load Controller",
    "start": 1611387819449,
    "end": 1611387819452,
    "duration": 3,
    "pid": 19716,
    "index": 62
  },
  {
    "name": "Load \"controller\" to Application",
    "start": 1611387819449,
    "end": 1611387819452,
    "duration": 3,
    "pid": 19716,
    "index": 63
  },
  {
    "name": "Load Router",
    "start": 1611387819452,
    "end": 1611387819454,
    "duration": 2,
    "pid": 19716,
    "index": 64
  },
  {
    "name": "Require(47) app/router.js",
    "start": 1611387819453,
    "end": 1611387819453,
    "duration": 0,
    "pid": 19716,
    "index": 65
  },
  {
    "name": "Before Start in node_modules/_egg-core@4.20.0@egg-core/lib/egg.js:303:10",
    "start": 1611387819453,
    "end": 1611387819460,
    "duration": 7,
    "pid": 19716,
    "index": 66
  }
]