[
  {
    "name": "Process Start",
    "start": 1611387825761,
    "end": 1611387826803,
    "duration": 1042,
    "pid": 15816,
    "index": 0
  },
  {
    "name": "Application Start",
    "start": 1611387826804,
    "end": 1611387827204,
    "duration": 400,
    "pid": 15816,
    "index": 1
  },
  {
    "name": "Load Plugin",
    "start": 1611387826808,
    "end": 1611387826826,
    "duration": 18,
    "pid": 15816,
    "index": 2
  },
  {
    "name": "Load Config",
    "start": 1611387826826,
    "end": 1611387826848,
    "duration": 22,
    "pid": 15816,
    "index": 3
  },
  {
    "name": "Require(0) config/config.default.js",
    "start": 1611387826827,
    "end": 1611387826828,
    "duration": 1,
    "pid": 15816,
    "index": 4
  },
  {
    "name": "Require(1) node_modules/_egg-session@3.2.0@egg-session/config/config.default.js",
    "start": 1611387826829,
    "end": 1611387826830,
    "duration": 1,
    "pid": 15816,
    "index": 5
  },
  {
    "name": "Require(2) node_modules/_egg-security@2.8.0@egg-security/config/config.default.js",
    "start": 1611387826830,
    "end": 1611387826831,
    "duration": 1,
    "pid": 15816,
    "index": 6
  },
  {
    "name": "Require(3) node_modules/_egg-jsonp@2.0.0@egg-jsonp/config/config.default.js",
    "start": 1611387826832,
    "end": 1611387826832,
    "duration": 0,
    "pid": 15816,
    "index": 7
  },
  {
    "name": "Require(4) node_modules/_egg-onerror@2.1.0@egg-onerror/config/config.default.js",
    "start": 1611387826832,
    "end": 1611387826833,
    "duration": 1,
    "pid": 15816,
    "index": 8
  },
  {
    "name": "Require(5) node_modules/_egg-i18n@2.1.1@egg-i18n/config/config.default.js",
    "start": 1611387826833,
    "end": 1611387826834,
    "duration": 1,
    "pid": 15816,
    "index": 9
  },
  {
    "name": "Require(6) node_modules/_egg-watcher@3.1.1@egg-watcher/config/config.default.js",
    "start": 1611387826834,
    "end": 1611387826835,
    "duration": 1,
    "pid": 15816,
    "index": 10
  },
  {
    "name": "Require(7) node_modules/_egg-schedule@3.6.6@egg-schedule/config/config.default.js",
    "start": 1611387826835,
    "end": 1611387826835,
    "duration": 0,
    "pid": 15816,
    "index": 11
  },
  {
    "name": "Require(8) node_modules/_egg-multipart@2.10.3@egg-multipart/config/config.default.js",
    "start": 1611387826836,
    "end": 1611387826836,
    "duration": 0,
    "pid": 15816,
    "index": 12
  },
  {
    "name": "Require(9) node_modules/_egg-development@2.7.0@egg-development/config/config.default.js",
    "start": 1611387826837,
    "end": 1611387826837,
    "duration": 0,
    "pid": 15816,
    "index": 13
  },
  {
    "name": "Require(10) node_modules/_egg-logrotator@3.1.0@egg-logrotator/config/config.default.js",
    "start": 1611387826838,
    "end": 1611387826838,
    "duration": 0,
    "pid": 15816,
    "index": 14
  },
  {
    "name": "Require(11) node_modules/_egg-static@2.2.0@egg-static/config/config.default.js",
    "start": 1611387826839,
    "end": 1611387826839,
    "duration": 0,
    "pid": 15816,
    "index": 15
  },
  {
    "name": "Require(12) node_modules/_egg-view@2.1.3@egg-view/config/config.default.js",
    "start": 1611387826840,
    "end": 1611387826840,
    "duration": 0,
    "pid": 15816,
    "index": 16
  },
  {
    "name": "Require(13) node_modules/_egg-view-ejs@2.0.1@egg-view-ejs/config/config.default.js",
    "start": 1611387826841,
    "end": 1611387826841,
    "duration": 0,
    "pid": 15816,
    "index": 17
  },
  {
    "name": "Require(14) node_modules/_egg@2.29.1@egg/config/config.default.js",
    "start": 1611387826841,
    "end": 1611387826842,
    "duration": 1,
    "pid": 15816,
    "index": 18
  },
  {
    "name": "Require(15) config/config.default.js",
    "start": 1611387826843,
    "end": 1611387826843,
    "duration": 0,
    "pid": 15816,
    "index": 19
  },
  {
    "name": "Require(16) node_modules/_egg-security@2.8.0@egg-security/config/config.local.js",
    "start": 1611387826844,
    "end": 1611387826844,
    "duration": 0,
    "pid": 15816,
    "index": 20
  },
  {
    "name": "Require(17) node_modules/_egg-watcher@3.1.1@egg-watcher/config/config.local.js",
    "start": 1611387826845,
    "end": 1611387826845,
    "duration": 0,
    "pid": 15816,
    "index": 21
  },
  {
    "name": "Require(18) node_modules/_egg-view@2.1.3@egg-view/config/config.local.js",
    "start": 1611387826847,
    "end": 1611387826847,
    "duration": 0,
    "pid": 15816,
    "index": 22
  },
  {
    "name": "Require(19) node_modules/_egg-view-ejs@2.0.1@egg-view-ejs/config/config.local.js",
    "start": 1611387826847,
    "end": 1611387826848,
    "duration": 1,
    "pid": 15816,
    "index": 23
  },
  {
    "name": "Require(20) node_modules/_egg@2.29.1@egg/config/config.local.js",
    "start": 1611387826848,
    "end": 1611387826848,
    "duration": 0,
    "pid": 15816,
    "index": 24
  },
  {
    "name": "Load extend/application.js",
    "start": 1611387826849,
    "end": 1611387826865,
    "duration": 16,
    "pid": 15816,
    "index": 25
  },
  {
    "name": "Require(21) node_modules/_egg-session@3.2.0@egg-session/app/extend/application.js",
    "start": 1611387826850,
    "end": 1611387826850,
    "duration": 0,
    "pid": 15816,
    "index": 26
  },
  {
    "name": "Require(22) node_modules/_egg-security@2.8.0@egg-security/app/extend/application.js",
    "start": 1611387826851,
    "end": 1611387826852,
    "duration": 1,
    "pid": 15816,
    "index": 27
  },
  {
    "name": "Require(23) node_modules/_egg-jsonp@2.0.0@egg-jsonp/app/extend/application.js",
    "start": 1611387826853,
    "end": 1611387826855,
    "duration": 2,
    "pid": 15816,
    "index": 28
  },
  {
    "name": "Require(24) node_modules/_egg-logrotator@3.1.0@egg-logrotator/app/extend/application.js",
    "start": 1611387826856,
    "end": 1611387826859,
    "duration": 3,
    "pid": 15816,
    "index": 29
  },
  {
    "name": "Require(25) node_modules/_egg-view@2.1.3@egg-view/app/extend/application.js",
    "start": 1611387826860,
    "end": 1611387826862,
    "duration": 2,
    "pid": 15816,
    "index": 30
  },
  {
    "name": "Load extend/request.js",
    "start": 1611387826865,
    "end": 1611387826874,
    "duration": 9,
    "pid": 15816,
    "index": 31
  },
  {
    "name": "Require(26) node_modules/_egg@2.29.1@egg/app/extend/request.js",
    "start": 1611387826869,
    "end": 1611387826871,
    "duration": 2,
    "pid": 15816,
    "index": 32
  },
  {
    "name": "Load extend/response.js",
    "start": 1611387826874,
    "end": 1611387826884,
    "duration": 10,
    "pid": 15816,
    "index": 33
  },
  {
    "name": "Require(27) node_modules/_egg@2.29.1@egg/app/extend/response.js",
    "start": 1611387826879,
    "end": 1611387826881,
    "duration": 2,
    "pid": 15816,
    "index": 34
  },
  {
    "name": "Load extend/context.js",
    "start": 1611387826884,
    "end": 1611387826951,
    "duration": 67,
    "pid": 15816,
    "index": 35
  },
  {
    "name": "Require(28) node_modules/_egg-security@2.8.0@egg-security/app/extend/context.js",
    "start": 1611387826884,
    "end": 1611387826898,
    "duration": 14,
    "pid": 15816,
    "index": 36
  },
  {
    "name": "Require(29) node_modules/_egg-jsonp@2.0.0@egg-jsonp/app/extend/context.js",
    "start": 1611387826899,
    "end": 1611387826900,
    "duration": 1,
    "pid": 15816,
    "index": 37
  },
  {
    "name": "Require(30) node_modules/_egg-i18n@2.1.1@egg-i18n/app/extend/context.js",
    "start": 1611387826901,
    "end": 1611387826901,
    "duration": 0,
    "pid": 15816,
    "index": 38
  },
  {
    "name": "Require(31) node_modules/_egg-multipart@2.10.3@egg-multipart/app/extend/context.js",
    "start": 1611387826902,
    "end": 1611387826945,
    "duration": 43,
    "pid": 15816,
    "index": 39
  },
  {
    "name": "Require(32) node_modules/_egg-view@2.1.3@egg-view/app/extend/context.js",
    "start": 1611387826946,
    "end": 1611387826947,
    "duration": 1,
    "pid": 15816,
    "index": 40
  },
  {
    "name": "Require(33) node_modules/_egg@2.29.1@egg/app/extend/context.js",
    "start": 1611387826947,
    "end": 1611387826949,
    "duration": 2,
    "pid": 15816,
    "index": 41
  },
  {
    "name": "Load extend/helper.js",
    "start": 1611387826951,
    "end": 1611387826972,
    "duration": 21,
    "pid": 15816,
    "index": 42
  },
  {
    "name": "Require(34) node_modules/_egg-security@2.8.0@egg-security/app/extend/helper.js",
    "start": 1611387826952,
    "end": 1611387826967,
    "duration": 15,
    "pid": 15816,
    "index": 43
  },
  {
    "name": "Require(35) node_modules/_egg@2.29.1@egg/app/extend/helper.js",
    "start": 1611387826969,
    "end": 1611387826969,
    "duration": 0,
    "pid": 15816,
    "index": 44
  },
  {
    "name": "Load app.js",
    "start": 1611387826972,
    "end": 1611387827005,
    "duration": 33,
    "pid": 15816,
    "index": 45
  },
  {
    "name": "Require(36) node_modules/_egg-session@3.2.0@egg-session/app.js",
    "start": 1611387826973,
    "end": 1611387826973,
    "duration": 0,
    "pid": 15816,
    "index": 46
  },
  {
    "name": "Require(37) node_modules/_egg-security@2.8.0@egg-security/app.js",
    "start": 1611387826973,
    "end": 1611387826975,
    "duration": 2,
    "pid": 15816,
    "index": 47
  },
  {
    "name": "Require(38) node_modules/_egg-onerror@2.1.0@egg-onerror/app.js",
    "start": 1611387826976,
    "end": 1611387826986,
    "duration": 10,
    "pid": 15816,
    "index": 48
  },
  {
    "name": "Require(39) node_modules/_egg-i18n@2.1.1@egg-i18n/app.js",
    "start": 1611387826986,
    "end": 1611387826994,
    "duration": 8,
    "pid": 15816,
    "index": 49
  },
  {
    "name": "Require(40) node_modules/_egg-watcher@3.1.1@egg-watcher/app.js",
    "start": 1611387826994,
    "end": 1611387826998,
    "duration": 4,
    "pid": 15816,
    "index": 50
  },
  {
    "name": "Require(41) node_modules/_egg-schedule@3.6.6@egg-schedule/app.js",
    "start": 1611387826998,
    "end": 1611387827001,
    "duration": 3,
    "pid": 15816,
    "index": 51
  },
  {
    "name": "Require(42) node_modules/_egg-multipart@2.10.3@egg-multipart/app.js",
    "start": 1611387827001,
    "end": 1611387827001,
    "duration": 0,
    "pid": 15816,
    "index": 52
  },
  {
    "name": "Require(43) node_modules/_egg-development@2.7.0@egg-development/app.js",
    "start": 1611387827002,
    "end": 1611387827002,
    "duration": 0,
    "pid": 15816,
    "index": 53
  },
  {
    "name": "Require(44) node_modules/_egg-logrotator@3.1.0@egg-logrotator/app.js",
    "start": 1611387827002,
    "end": 1611387827002,
    "duration": 0,
    "pid": 15816,
    "index": 54
  },
  {
    "name": "Require(45) node_modules/_egg-static@2.2.0@egg-static/app.js",
    "start": 1611387827003,
    "end": 1611387827003,
    "duration": 0,
    "pid": 15816,
    "index": 55
  },
  {
    "name": "Require(46) node_modules/_egg-view-ejs@2.0.1@egg-view-ejs/app.js",
    "start": 1611387827004,
    "end": 1611387827004,
    "duration": 0,
    "pid": 15816,
    "index": 56
  },
  {
    "name": "Before Start in node_modules/_egg-watcher@3.1.1@egg-watcher/lib/init.js:15:14",
    "start": 1611387827013,
    "end": 1611387827203,
    "duration": 190,
    "pid": 15816,
    "index": 57
  },
  {
    "name": "Load Service",
    "start": 1611387827043,
    "end": 1611387827048,
    "duration": 5,
    "pid": 15816,
    "index": 58
  },
  {
    "name": "Load \"service\" to Context",
    "start": 1611387827043,
    "end": 1611387827048,
    "duration": 5,
    "pid": 15816,
    "index": 59
  },
  {
    "name": "Load Middleware",
    "start": 1611387827048,
    "end": 1611387827185,
    "duration": 137,
    "pid": 15816,
    "index": 60
  },
  {
    "name": "Load \"middlewares\" to Application",
    "start": 1611387827048,
    "end": 1611387827169,
    "duration": 121,
    "pid": 15816,
    "index": 61
  },
  {
    "name": "Load Controller",
    "start": 1611387827185,
    "end": 1611387827188,
    "duration": 3,
    "pid": 15816,
    "index": 62
  },
  {
    "name": "Load \"controller\" to Application",
    "start": 1611387827185,
    "end": 1611387827188,
    "duration": 3,
    "pid": 15816,
    "index": 63
  },
  {
    "name": "Load Router",
    "start": 1611387827188,
    "end": 1611387827191,
    "duration": 3,
    "pid": 15816,
    "index": 64
  },
  {
    "name": "Require(47) app/router.js",
    "start": 1611387827189,
    "end": 1611387827189,
    "duration": 0,
    "pid": 15816,
    "index": 65
  },
  {
    "name": "Before Start in node_modules/_egg-core@4.20.0@egg-core/lib/egg.js:303:10",
    "start": 1611387827189,
    "end": 1611387827197,
    "duration": 8,
    "pid": 15816,
    "index": 66
  }
]