[
  {
    "name": "Process Start",
    "start": 1611387751484,
    "end": 1611387752598,
    "duration": 1114,
    "pid": 8916,
    "index": 0
  },
  {
    "name": "Application Start",
    "start": 1611387752598,
    "end": 1611387753013,
    "duration": 415,
    "pid": 8916,
    "index": 1
  },
  {
    "name": "Load Plugin",
    "start": 1611387752602,
    "end": 1611387752621,
    "duration": 19,
    "pid": 8916,
    "index": 2
  },
  {
    "name": "Load Config",
    "start": 1611387752621,
    "end": 1611387752643,
    "duration": 22,
    "pid": 8916,
    "index": 3
  },
  {
    "name": "Require(0) config/config.default.js",
    "start": 1611387752622,
    "end": 1611387752622,
    "duration": 0,
    "pid": 8916,
    "index": 4
  },
  {
    "name": "Require(1) node_modules/_egg-session@3.2.0@egg-session/config/config.default.js",
    "start": 1611387752624,
    "end": 1611387752624,
    "duration": 0,
    "pid": 8916,
    "index": 5
  },
  {
    "name": "Require(2) node_modules/_egg-security@2.8.0@egg-security/config/config.default.js",
    "start": 1611387752625,
    "end": 1611387752625,
    "duration": 0,
    "pid": 8916,
    "index": 6
  },
  {
    "name": "Require(3) node_modules/_egg-jsonp@2.0.0@egg-jsonp/config/config.default.js",
    "start": 1611387752626,
    "end": 1611387752626,
    "duration": 0,
    "pid": 8916,
    "index": 7
  },
  {
    "name": "Require(4) node_modules/_egg-onerror@2.1.0@egg-onerror/config/config.default.js",
    "start": 1611387752627,
    "end": 1611387752627,
    "duration": 0,
    "pid": 8916,
    "index": 8
  },
  {
    "name": "Require(5) node_modules/_egg-i18n@2.1.1@egg-i18n/config/config.default.js",
    "start": 1611387752628,
    "end": 1611387752628,
    "duration": 0,
    "pid": 8916,
    "index": 9
  },
  {
    "name": "Require(6) node_modules/_egg-watcher@3.1.1@egg-watcher/config/config.default.js",
    "start": 1611387752629,
    "end": 1611387752629,
    "duration": 0,
    "pid": 8916,
    "index": 10
  },
  {
    "name": "Require(7) node_modules/_egg-schedule@3.6.6@egg-schedule/config/config.default.js",
    "start": 1611387752630,
    "end": 1611387752630,
    "duration": 0,
    "pid": 8916,
    "index": 11
  },
  {
    "name": "Require(8) node_modules/_egg-multipart@2.10.3@egg-multipart/config/config.default.js",
    "start": 1611387752630,
    "end": 1611387752631,
    "duration": 1,
    "pid": 8916,
    "index": 12
  },
  {
    "name": "Require(9) node_modules/_egg-development@2.7.0@egg-development/config/config.default.js",
    "start": 1611387752631,
    "end": 1611387752632,
    "duration": 1,
    "pid": 8916,
    "index": 13
  },
  {
    "name": "Require(10) node_modules/_egg-logrotator@3.1.0@egg-logrotator/config/config.default.js",
    "start": 1611387752632,
    "end": 1611387752633,
    "duration": 1,
    "pid": 8916,
    "index": 14
  },
  {
    "name": "Require(11) node_modules/_egg-static@2.2.0@egg-static/config/config.default.js",
    "start": 1611387752633,
    "end": 1611387752633,
    "duration": 0,
    "pid": 8916,
    "index": 15
  },
  {
    "name": "Require(12) node_modules/_egg-view@2.1.3@egg-view/config/config.default.js",
    "start": 1611387752634,
    "end": 1611387752634,
    "duration": 0,
    "pid": 8916,
    "index": 16
  },
  {
    "name": "Require(13) node_modules/_egg-view-ejs@2.0.1@egg-view-ejs/config/config.default.js",
    "start": 1611387752635,
    "end": 1611387752635,
    "duration": 0,
    "pid": 8916,
    "index": 17
  },
  {
    "name": "Require(14) node_modules/_egg@2.29.1@egg/config/config.default.js",
    "start": 1611387752636,
    "end": 1611387752636,
    "duration": 0,
    "pid": 8916,
    "index": 18
  },
  {
    "name": "Require(15) config/config.default.js",
    "start": 1611387752637,
    "end": 1611387752637,
    "duration": 0,
    "pid": 8916,
    "index": 19
  },
  {
    "name": "Require(16) node_modules/_egg-security@2.8.0@egg-security/config/config.local.js",
    "start": 1611387752638,
    "end": 1611387752638,
    "duration": 0,
    "pid": 8916,
    "index": 20
  },
  {
    "name": "Require(17) node_modules/_egg-watcher@3.1.1@egg-watcher/config/config.local.js",
    "start": 1611387752639,
    "end": 1611387752640,
    "duration": 1,
    "pid": 8916,
    "index": 21
  },
  {
    "name": "Require(18) node_modules/_egg-view@2.1.3@egg-view/config/config.local.js",
    "start": 1611387752641,
    "end": 1611387752642,
    "duration": 1,
    "pid": 8916,
    "index": 22
  },
  {
    "name": "Require(19) node_modules/_egg-view-ejs@2.0.1@egg-view-ejs/config/config.local.js",
    "start": 1611387752642,
    "end": 1611387752642,
    "duration": 0,
    "pid": 8916,
    "index": 23
  },
  {
    "name": "Require(20) node_modules/_egg@2.29.1@egg/config/config.local.js",
    "start": 1611387752643,
    "end": 1611387752643,
    "duration": 0,
    "pid": 8916,
    "index": 24
  },
  {
    "name": "Load extend/application.js",
    "start": 1611387752644,
    "end": 1611387752658,
    "duration": 14,
    "pid": 8916,
    "index": 25
  },
  {
    "name": "Require(21) node_modules/_egg-session@3.2.0@egg-session/app/extend/application.js",
    "start": 1611387752645,
    "end": 1611387752645,
    "duration": 0,
    "pid": 8916,
    "index": 26
  },
  {
    "name": "Require(22) node_modules/_egg-security@2.8.0@egg-security/app/extend/application.js",
    "start": 1611387752645,
    "end": 1611387752646,
    "duration": 1,
    "pid": 8916,
    "index": 27
  },
  {
    "name": "Require(23) node_modules/_egg-jsonp@2.0.0@egg-jsonp/app/extend/application.js",
    "start": 1611387752647,
    "end": 1611387752649,
    "duration": 2,
    "pid": 8916,
    "index": 28
  },
  {
    "name": "Require(24) node_modules/_egg-logrotator@3.1.0@egg-logrotator/app/extend/application.js",
    "start": 1611387752650,
    "end": 1611387752653,
    "duration": 3,
    "pid": 8916,
    "index": 29
  },
  {
    "name": "Require(25) node_modules/_egg-view@2.1.3@egg-view/app/extend/application.js",
    "start": 1611387752653,
    "end": 1611387752655,
    "duration": 2,
    "pid": 8916,
    "index": 30
  },
  {
    "name": "Load extend/request.js",
    "start": 1611387752658,
    "end": 1611387752665,
    "duration": 7,
    "pid": 8916,
    "index": 31
  },
  {
    "name": "Require(26) node_modules/_egg@2.29.1@egg/app/extend/request.js",
    "start": 1611387752661,
    "end": 1611387752662,
    "duration": 1,
    "pid": 8916,
    "index": 32
  },
  {
    "name": "Load extend/response.js",
    "start": 1611387752665,
    "end": 1611387752675,
    "duration": 10,
    "pid": 8916,
    "index": 33
  },
  {
    "name": "Require(27) node_modules/_egg@2.29.1@egg/app/extend/response.js",
    "start": 1611387752670,
    "end": 1611387752672,
    "duration": 2,
    "pid": 8916,
    "index": 34
  },
  {
    "name": "Load extend/context.js",
    "start": 1611387752675,
    "end": 1611387752745,
    "duration": 70,
    "pid": 8916,
    "index": 35
  },
  {
    "name": "Require(28) node_modules/_egg-security@2.8.0@egg-security/app/extend/context.js",
    "start": 1611387752676,
    "end": 1611387752690,
    "duration": 14,
    "pid": 8916,
    "index": 36
  },
  {
    "name": "Require(29) node_modules/_egg-jsonp@2.0.0@egg-jsonp/app/extend/context.js",
    "start": 1611387752690,
    "end": 1611387752692,
    "duration": 2,
    "pid": 8916,
    "index": 37
  },
  {
    "name": "Require(30) node_modules/_egg-i18n@2.1.1@egg-i18n/app/extend/context.js",
    "start": 1611387752693,
    "end": 1611387752693,
    "duration": 0,
    "pid": 8916,
    "index": 38
  },
  {
    "name": "Require(31) node_modules/_egg-multipart@2.10.3@egg-multipart/app/extend/context.js",
    "start": 1611387752694,
    "end": 1611387752737,
    "duration": 43,
    "pid": 8916,
    "index": 39
  },
  {
    "name": "Require(32) node_modules/_egg-view@2.1.3@egg-view/app/extend/context.js",
    "start": 1611387752738,
    "end": 1611387752739,
    "duration": 1,
    "pid": 8916,
    "index": 40
  },
  {
    "name": "Require(33) node_modules/_egg@2.29.1@egg/app/extend/context.js",
    "start": 1611387752740,
    "end": 1611387752741,
    "duration": 1,
    "pid": 8916,
    "index": 41
  },
  {
    "name": "Load extend/helper.js",
    "start": 1611387752745,
    "end": 1611387752770,
    "duration": 25,
    "pid": 8916,
    "index": 42
  },
  {
    "name": "Require(34) node_modules/_egg-security@2.8.0@egg-security/app/extend/helper.js",
    "start": 1611387752746,
    "end": 1611387752765,
    "duration": 19,
    "pid": 8916,
    "index": 43
  },
  {
    "name": "Require(35) node_modules/_egg@2.29.1@egg/app/extend/helper.js",
    "start": 1611387752767,
    "end": 1611387752767,
    "duration": 0,
    "pid": 8916,
    "index": 44
  },
  {
    "name": "Load app.js",
    "start": 1611387752770,
    "end": 1611387752806,
    "duration": 36,
    "pid": 8916,
    "index": 45
  },
  {
    "name": "Require(36) node_modules/_egg-session@3.2.0@egg-session/app.js",
    "start": 1611387752771,
    "end": 1611387752772,
    "duration": 1,
    "pid": 8916,
    "index": 46
  },
  {
    "name": "Require(37) node_modules/_egg-security@2.8.0@egg-security/app.js",
    "start": 1611387752773,
    "end": 1611387752775,
    "duration": 2,
    "pid": 8916,
    "index": 47
  },
  {
    "name": "Require(38) node_modules/_egg-onerror@2.1.0@egg-onerror/app.js",
    "start": 1611387752775,
    "end": 1611387752785,
    "duration": 10,
    "pid": 8916,
    "index": 48
  },
  {
    "name": "Require(39) node_modules/_egg-i18n@2.1.1@egg-i18n/app.js",
    "start": 1611387752786,
    "end": 1611387752794,
    "duration": 8,
    "pid": 8916,
    "index": 49
  },
  {
    "name": "Require(40) node_modules/_egg-watcher@3.1.1@egg-watcher/app.js",
    "start": 1611387752794,
    "end": 1611387752799,
    "duration": 5,
    "pid": 8916,
    "index": 50
  },
  {
    "name": "Require(41) node_modules/_egg-schedule@3.6.6@egg-schedule/app.js",
    "start": 1611387752799,
    "end": 1611387752801,
    "duration": 2,
    "pid": 8916,
    "index": 51
  },
  {
    "name": "Require(42) node_modules/_egg-multipart@2.10.3@egg-multipart/app.js",
    "start": 1611387752802,
    "end": 1611387752802,
    "duration": 0,
    "pid": 8916,
    "index": 52
  },
  {
    "name": "Require(43) node_modules/_egg-development@2.7.0@egg-development/app.js",
    "start": 1611387752803,
    "end": 1611387752803,
    "duration": 0,
    "pid": 8916,
    "index": 53
  },
  {
    "name": "Require(44) node_modules/_egg-logrotator@3.1.0@egg-logrotator/app.js",
    "start": 1611387752803,
    "end": 1611387752803,
    "duration": 0,
    "pid": 8916,
    "index": 54
  },
  {
    "name": "Require(45) node_modules/_egg-static@2.2.0@egg-static/app.js",
    "start": 1611387752804,
    "end": 1611387752804,
    "duration": 0,
    "pid": 8916,
    "index": 55
  },
  {
    "name": "Require(46) node_modules/_egg-view-ejs@2.0.1@egg-view-ejs/app.js",
    "start": 1611387752805,
    "end": 1611387752805,
    "duration": 0,
    "pid": 8916,
    "index": 56
  },
  {
    "name": "Before Start in node_modules/_egg-watcher@3.1.1@egg-watcher/lib/init.js:15:14",
    "start": 1611387752814,
    "end": 1611387753012,
    "duration": 198,
    "pid": 8916,
    "index": 57
  },
  {
    "name": "Load Service",
    "start": 1611387752848,
    "end": 1611387752853,
    "duration": 5,
    "pid": 8916,
    "index": 58
  },
  {
    "name": "Load \"service\" to Context",
    "start": 1611387752848,
    "end": 1611387752853,
    "duration": 5,
    "pid": 8916,
    "index": 59
  },
  {
    "name": "Load Middleware",
    "start": 1611387752853,
    "end": 1611387752992,
    "duration": 139,
    "pid": 8916,
    "index": 60
  },
  {
    "name": "Load \"middlewares\" to Application",
    "start": 1611387752853,
    "end": 1611387752976,
    "duration": 123,
    "pid": 8916,
    "index": 61
  },
  {
    "name": "Load Controller",
    "start": 1611387752992,
    "end": 1611387752995,
    "duration": 3,
    "pid": 8916,
    "index": 62
  },
  {
    "name": "Load \"controller\" to Application",
    "start": 1611387752992,
    "end": 1611387752995,
    "duration": 3,
    "pid": 8916,
    "index": 63
  },
  {
    "name": "Load Router",
    "start": 1611387752995,
    "end": 1611387752997,
    "duration": 2,
    "pid": 8916,
    "index": 64
  },
  {
    "name": "Require(47) app/router.js",
    "start": 1611387752996,
    "end": 1611387752996,
    "duration": 0,
    "pid": 8916,
    "index": 65
  },
  {
    "name": "Before Start in node_modules/_egg-core@4.20.0@egg-core/lib/egg.js:303:10",
    "start": 1611387752996,
    "end": 1611387753004,
    "duration": 8,
    "pid": 8916,
    "index": 66
  }
]