[
  {
    "name": "Process Start",
    "start": 1611387862296,
    "end": 1611387863467,
    "duration": 1171,
    "pid": 15236,
    "index": 0
  },
  {
    "name": "Application Start",
    "start": 1611387863467,
    "end": 1611387863890,
    "duration": 423,
    "pid": 15236,
    "index": 1
  },
  {
    "name": "Load Plugin",
    "start": 1611387863471,
    "end": 1611387863491,
    "duration": 20,
    "pid": 15236,
    "index": 2
  },
  {
    "name": "Load Config",
    "start": 1611387863491,
    "end": 1611387863513,
    "duration": 22,
    "pid": 15236,
    "index": 3
  },
  {
    "name": "Require(0) config/config.default.js",
    "start": 1611387863492,
    "end": 1611387863492,
    "duration": 0,
    "pid": 15236,
    "index": 4
  },
  {
    "name": "Require(1) node_modules/_egg-session@3.2.0@egg-session/config/config.default.js",
    "start": 1611387863493,
    "end": 1611387863494,
    "duration": 1,
    "pid": 15236,
    "index": 5
  },
  {
    "name": "Require(2) node_modules/_egg-security@2.8.0@egg-security/config/config.default.js",
    "start": 1611387863494,
    "end": 1611387863495,
    "duration": 1,
    "pid": 15236,
    "index": 6
  },
  {
    "name": "Require(3) node_modules/_egg-jsonp@2.0.0@egg-jsonp/config/config.default.js",
    "start": 1611387863496,
    "end": 1611387863496,
    "duration": 0,
    "pid": 15236,
    "index": 7
  },
  {
    "name": "Require(4) node_modules/_egg-onerror@2.1.0@egg-onerror/config/config.default.js",
    "start": 1611387863497,
    "end": 1611387863497,
    "duration": 0,
    "pid": 15236,
    "index": 8
  },
  {
    "name": "Require(5) node_modules/_egg-i18n@2.1.1@egg-i18n/config/config.default.js",
    "start": 1611387863497,
    "end": 1611387863498,
    "duration": 1,
    "pid": 15236,
    "index": 9
  },
  {
    "name": "Require(6) node_modules/_egg-watcher@3.1.1@egg-watcher/config/config.default.js",
    "start": 1611387863498,
    "end": 1611387863499,
    "duration": 1,
    "pid": 15236,
    "index": 10
  },
  {
    "name": "Require(7) node_modules/_egg-schedule@3.6.6@egg-schedule/config/config.default.js",
    "start": 1611387863499,
    "end": 1611387863500,
    "duration": 1,
    "pid": 15236,
    "index": 11
  },
  {
    "name": "Require(8) node_modules/_egg-multipart@2.10.3@egg-multipart/config/config.default.js",
    "start": 1611387863500,
    "end": 1611387863501,
    "duration": 1,
    "pid": 15236,
    "index": 12
  },
  {
    "name": "Require(9) node_modules/_egg-development@2.7.0@egg-development/config/config.default.js",
    "start": 1611387863501,
    "end": 1611387863502,
    "duration": 1,
    "pid": 15236,
    "index": 13
  },
  {
    "name": "Require(10) node_modules/_egg-logrotator@3.1.0@egg-logrotator/config/config.default.js",
    "start": 1611387863502,
    "end": 1611387863503,
    "duration": 1,
    "pid": 15236,
    "index": 14
  },
  {
    "name": "Require(11) node_modules/_egg-static@2.2.0@egg-static/config/config.default.js",
    "start": 1611387863503,
    "end": 1611387863504,
    "duration": 1,
    "pid": 15236,
    "index": 15
  },
  {
    "name": "Require(12) node_modules/_egg-view@2.1.3@egg-view/config/config.default.js",
    "start": 1611387863504,
    "end": 1611387863505,
    "duration": 1,
    "pid": 15236,
    "index": 16
  },
  {
    "name": "Require(13) node_modules/_egg-view-ejs@2.0.1@egg-view-ejs/config/config.default.js",
    "start": 1611387863505,
    "end": 1611387863506,
    "duration": 1,
    "pid": 15236,
    "index": 17
  },
  {
    "name": "Require(14) node_modules/_egg@2.29.1@egg/config/config.default.js",
    "start": 1611387863506,
    "end": 1611387863507,
    "duration": 1,
    "pid": 15236,
    "index": 18
  },
  {
    "name": "Require(15) config/config.default.js",
    "start": 1611387863508,
    "end": 1611387863508,
    "duration": 0,
    "pid": 15236,
    "index": 19
  },
  {
    "name": "Require(16) node_modules/_egg-security@2.8.0@egg-security/config/config.local.js",
    "start": 1611387863509,
    "end": 1611387863509,
    "duration": 0,
    "pid": 15236,
    "index": 20
  },
  {
    "name": "Require(17) node_modules/_egg-watcher@3.1.1@egg-watcher/config/config.local.js",
    "start": 1611387863510,
    "end": 1611387863510,
    "duration": 0,
    "pid": 15236,
    "index": 21
  },
  {
    "name": "Require(18) node_modules/_egg-view@2.1.3@egg-view/config/config.local.js",
    "start": 1611387863512,
    "end": 1611387863512,
    "duration": 0,
    "pid": 15236,
    "index": 22
  },
  {
    "name": "Require(19) node_modules/_egg-view-ejs@2.0.1@egg-view-ejs/config/config.local.js",
    "start": 1611387863512,
    "end": 1611387863513,
    "duration": 1,
    "pid": 15236,
    "index": 23
  },
  {
    "name": "Require(20) node_modules/_egg@2.29.1@egg/config/config.local.js",
    "start": 1611387863513,
    "end": 1611387863513,
    "duration": 0,
    "pid": 15236,
    "index": 24
  },
  {
    "name": "Load extend/application.js",
    "start": 1611387863514,
    "end": 1611387863530,
    "duration": 16,
    "pid": 15236,
    "index": 25
  },
  {
    "name": "Require(21) node_modules/_egg-session@3.2.0@egg-session/app/extend/application.js",
    "start": 1611387863515,
    "end": 1611387863515,
    "duration": 0,
    "pid": 15236,
    "index": 26
  },
  {
    "name": "Require(22) node_modules/_egg-security@2.8.0@egg-security/app/extend/application.js",
    "start": 1611387863516,
    "end": 1611387863517,
    "duration": 1,
    "pid": 15236,
    "index": 27
  },
  {
    "name": "Require(23) node_modules/_egg-jsonp@2.0.0@egg-jsonp/app/extend/application.js",
    "start": 1611387863518,
    "end": 1611387863520,
    "duration": 2,
    "pid": 15236,
    "index": 28
  },
  {
    "name": "Require(24) node_modules/_egg-logrotator@3.1.0@egg-logrotator/app/extend/application.js",
    "start": 1611387863522,
    "end": 1611387863525,
    "duration": 3,
    "pid": 15236,
    "index": 29
  },
  {
    "name": "Require(25) node_modules/_egg-view@2.1.3@egg-view/app/extend/application.js",
    "start": 1611387863526,
    "end": 1611387863527,
    "duration": 1,
    "pid": 15236,
    "index": 30
  },
  {
    "name": "Load extend/request.js",
    "start": 1611387863530,
    "end": 1611387863539,
    "duration": 9,
    "pid": 15236,
    "index": 31
  },
  {
    "name": "Require(26) node_modules/_egg@2.29.1@egg/app/extend/request.js",
    "start": 1611387863533,
    "end": 1611387863534,
    "duration": 1,
    "pid": 15236,
    "index": 32
  },
  {
    "name": "Load extend/response.js",
    "start": 1611387863539,
    "end": 1611387863548,
    "duration": 9,
    "pid": 15236,
    "index": 33
  },
  {
    "name": "Require(27) node_modules/_egg@2.29.1@egg/app/extend/response.js",
    "start": 1611387863542,
    "end": 1611387863545,
    "duration": 3,
    "pid": 15236,
    "index": 34
  },
  {
    "name": "Load extend/context.js",
    "start": 1611387863548,
    "end": 1611387863620,
    "duration": 72,
    "pid": 15236,
    "index": 35
  },
  {
    "name": "Require(28) node_modules/_egg-security@2.8.0@egg-security/app/extend/context.js",
    "start": 1611387863548,
    "end": 1611387863562,
    "duration": 14,
    "pid": 15236,
    "index": 36
  },
  {
    "name": "Require(29) node_modules/_egg-jsonp@2.0.0@egg-jsonp/app/extend/context.js",
    "start": 1611387863563,
    "end": 1611387863564,
    "duration": 1,
    "pid": 15236,
    "index": 37
  },
  {
    "name": "Require(30) node_modules/_egg-i18n@2.1.1@egg-i18n/app/extend/context.js",
    "start": 1611387863565,
    "end": 1611387863565,
    "duration": 0,
    "pid": 15236,
    "index": 38
  },
  {
    "name": "Require(31) node_modules/_egg-multipart@2.10.3@egg-multipart/app/extend/context.js",
    "start": 1611387863566,
    "end": 1611387863613,
    "duration": 47,
    "pid": 15236,
    "index": 39
  },
  {
    "name": "Require(32) node_modules/_egg-view@2.1.3@egg-view/app/extend/context.js",
    "start": 1611387863614,
    "end": 1611387863615,
    "duration": 1,
    "pid": 15236,
    "index": 40
  },
  {
    "name": "Require(33) node_modules/_egg@2.29.1@egg/app/extend/context.js",
    "start": 1611387863615,
    "end": 1611387863617,
    "duration": 2,
    "pid": 15236,
    "index": 41
  },
  {
    "name": "Load extend/helper.js",
    "start": 1611387863620,
    "end": 1611387863642,
    "duration": 22,
    "pid": 15236,
    "index": 42
  },
  {
    "name": "Require(34) node_modules/_egg-security@2.8.0@egg-security/app/extend/helper.js",
    "start": 1611387863620,
    "end": 1611387863636,
    "duration": 16,
    "pid": 15236,
    "index": 43
  },
  {
    "name": "Require(35) node_modules/_egg@2.29.1@egg/app/extend/helper.js",
    "start": 1611387863639,
    "end": 1611387863639,
    "duration": 0,
    "pid": 15236,
    "index": 44
  },
  {
    "name": "Load app.js",
    "start": 1611387863642,
    "end": 1611387863675,
    "duration": 33,
    "pid": 15236,
    "index": 45
  },
  {
    "name": "Require(36) node_modules/_egg-session@3.2.0@egg-session/app.js",
    "start": 1611387863642,
    "end": 1611387863643,
    "duration": 1,
    "pid": 15236,
    "index": 46
  },
  {
    "name": "Require(37) node_modules/_egg-security@2.8.0@egg-security/app.js",
    "start": 1611387863643,
    "end": 1611387863645,
    "duration": 2,
    "pid": 15236,
    "index": 47
  },
  {
    "name": "Require(38) node_modules/_egg-onerror@2.1.0@egg-onerror/app.js",
    "start": 1611387863645,
    "end": 1611387863656,
    "duration": 11,
    "pid": 15236,
    "index": 48
  },
  {
    "name": "Require(39) node_modules/_egg-i18n@2.1.1@egg-i18n/app.js",
    "start": 1611387863656,
    "end": 1611387863664,
    "duration": 8,
    "pid": 15236,
    "index": 49
  },
  {
    "name": "Require(40) node_modules/_egg-watcher@3.1.1@egg-watcher/app.js",
    "start": 1611387863664,
    "end": 1611387863668,
    "duration": 4,
    "pid": 15236,
    "index": 50
  },
  {
    "name": "Require(41) node_modules/_egg-schedule@3.6.6@egg-schedule/app.js",
    "start": 1611387863668,
    "end": 1611387863670,
    "duration": 2,
    "pid": 15236,
    "index": 51
  },
  {
    "name": "Require(42) node_modules/_egg-multipart@2.10.3@egg-multipart/app.js",
    "start": 1611387863671,
    "end": 1611387863671,
    "duration": 0,
    "pid": 15236,
    "index": 52
  },
  {
    "name": "Require(43) node_modules/_egg-development@2.7.0@egg-development/app.js",
    "start": 1611387863672,
    "end": 1611387863672,
    "duration": 0,
    "pid": 15236,
    "index": 53
  },
  {
    "name": "Require(44) node_modules/_egg-logrotator@3.1.0@egg-logrotator/app.js",
    "start": 1611387863672,
    "end": 1611387863672,
    "duration": 0,
    "pid": 15236,
    "index": 54
  },
  {
    "name": "Require(45) node_modules/_egg-static@2.2.0@egg-static/app.js",
    "start": 1611387863673,
    "end": 1611387863673,
    "duration": 0,
    "pid": 15236,
    "index": 55
  },
  {
    "name": "Require(46) node_modules/_egg-view-ejs@2.0.1@egg-view-ejs/app.js",
    "start": 1611387863674,
    "end": 1611387863674,
    "duration": 0,
    "pid": 15236,
    "index": 56
  },
  {
    "name": "Before Start in node_modules/_egg-watcher@3.1.1@egg-watcher/lib/init.js:15:14",
    "start": 1611387863683,
    "end": 1611387863889,
    "duration": 206,
    "pid": 15236,
    "index": 57
  },
  {
    "name": "Load Service",
    "start": 1611387863713,
    "end": 1611387863717,
    "duration": 4,
    "pid": 15236,
    "index": 58
  },
  {
    "name": "Load \"service\" to Context",
    "start": 1611387863713,
    "end": 1611387863717,
    "duration": 4,
    "pid": 15236,
    "index": 59
  },
  {
    "name": "Load Middleware",
    "start": 1611387863718,
    "end": 1611387863873,
    "duration": 155,
    "pid": 15236,
    "index": 60
  },
  {
    "name": "Load \"middlewares\" to Application",
    "start": 1611387863718,
    "end": 1611387863857,
    "duration": 139,
    "pid": 15236,
    "index": 61
  },
  {
    "name": "Load Controller",
    "start": 1611387863873,
    "end": 1611387863875,
    "duration": 2,
    "pid": 15236,
    "index": 62
  },
  {
    "name": "Load \"controller\" to Application",
    "start": 1611387863873,
    "end": 1611387863875,
    "duration": 2,
    "pid": 15236,
    "index": 63
  },
  {
    "name": "Load Router",
    "start": 1611387863875,
    "end": 1611387863877,
    "duration": 2,
    "pid": 15236,
    "index": 64
  },
  {
    "name": "Require(47) app/router.js",
    "start": 1611387863876,
    "end": 1611387863876,
    "duration": 0,
    "pid": 15236,
    "index": 65
  },
  {
    "name": "Before Start in node_modules/_egg-core@4.20.0@egg-core/lib/egg.js:303:10",
    "start": 1611387863876,
    "end": 1611387863883,
    "duration": 7,
    "pid": 15236,
    "index": 66
  }
]