[
  {
    "name": "Process Start",
    "start": 1611387768693,
    "end": 1611387769798,
    "duration": 1105,
    "pid": 19996,
    "index": 0
  },
  {
    "name": "Application Start",
    "start": 1611387769799,
    "end": 1611387770237,
    "duration": 438,
    "pid": 19996,
    "index": 1
  },
  {
    "name": "Load Plugin",
    "start": 1611387769803,
    "end": 1611387769824,
    "duration": 21,
    "pid": 19996,
    "index": 2
  },
  {
    "name": "Load Config",
    "start": 1611387769824,
    "end": 1611387769847,
    "duration": 23,
    "pid": 19996,
    "index": 3
  },
  {
    "name": "Require(0) config/config.default.js",
    "start": 1611387769825,
    "end": 1611387769825,
    "duration": 0,
    "pid": 19996,
    "index": 4
  },
  {
    "name": "Require(1) node_modules/_egg-session@3.2.0@egg-session/config/config.default.js",
    "start": 1611387769827,
    "end": 1611387769828,
    "duration": 1,
    "pid": 19996,
    "index": 5
  },
  {
    "name": "Require(2) node_modules/_egg-security@2.8.0@egg-security/config/config.default.js",
    "start": 1611387769828,
    "end": 1611387769829,
    "duration": 1,
    "pid": 19996,
    "index": 6
  },
  {
    "name": "Require(3) node_modules/_egg-jsonp@2.0.0@egg-jsonp/config/config.default.js",
    "start": 1611387769829,
    "end": 1611387769830,
    "duration": 1,
    "pid": 19996,
    "index": 7
  },
  {
    "name": "Require(4) node_modules/_egg-onerror@2.1.0@egg-onerror/config/config.default.js",
    "start": 1611387769830,
    "end": 1611387769831,
    "duration": 1,
    "pid": 19996,
    "index": 8
  },
  {
    "name": "Require(5) node_modules/_egg-i18n@2.1.1@egg-i18n/config/config.default.js",
    "start": 1611387769831,
    "end": 1611387769832,
    "duration": 1,
    "pid": 19996,
    "index": 9
  },
  {
    "name": "Require(6) node_modules/_egg-watcher@3.1.1@egg-watcher/config/config.default.js",
    "start": 1611387769832,
    "end": 1611387769833,
    "duration": 1,
    "pid": 19996,
    "index": 10
  },
  {
    "name": "Require(7) node_modules/_egg-schedule@3.6.6@egg-schedule/config/config.default.js",
    "start": 1611387769833,
    "end": 1611387769834,
    "duration": 1,
    "pid": 19996,
    "index": 11
  },
  {
    "name": "Require(8) node_modules/_egg-multipart@2.10.3@egg-multipart/config/config.default.js",
    "start": 1611387769834,
    "end": 1611387769835,
    "duration": 1,
    "pid": 19996,
    "index": 12
  },
  {
    "name": "Require(9) node_modules/_egg-development@2.7.0@egg-development/config/config.default.js",
    "start": 1611387769835,
    "end": 1611387769836,
    "duration": 1,
    "pid": 19996,
    "index": 13
  },
  {
    "name": "Require(10) node_modules/_egg-logrotator@3.1.0@egg-logrotator/config/config.default.js",
    "start": 1611387769836,
    "end": 1611387769837,
    "duration": 1,
    "pid": 19996,
    "index": 14
  },
  {
    "name": "Require(11) node_modules/_egg-static@2.2.0@egg-static/config/config.default.js",
    "start": 1611387769837,
    "end": 1611387769838,
    "duration": 1,
    "pid": 19996,
    "index": 15
  },
  {
    "name": "Require(12) node_modules/_egg-view@2.1.3@egg-view/config/config.default.js",
    "start": 1611387769838,
    "end": 1611387769839,
    "duration": 1,
    "pid": 19996,
    "index": 16
  },
  {
    "name": "Require(13) node_modules/_egg-view-ejs@2.0.1@egg-view-ejs/config/config.default.js",
    "start": 1611387769839,
    "end": 1611387769840,
    "duration": 1,
    "pid": 19996,
    "index": 17
  },
  {
    "name": "Require(14) node_modules/_egg@2.29.1@egg/config/config.default.js",
    "start": 1611387769840,
    "end": 1611387769840,
    "duration": 0,
    "pid": 19996,
    "index": 18
  },
  {
    "name": "Require(15) config/config.default.js",
    "start": 1611387769841,
    "end": 1611387769842,
    "duration": 1,
    "pid": 19996,
    "index": 19
  },
  {
    "name": "Require(16) node_modules/_egg-security@2.8.0@egg-security/config/config.local.js",
    "start": 1611387769842,
    "end": 1611387769842,
    "duration": 0,
    "pid": 19996,
    "index": 20
  },
  {
    "name": "Require(17) node_modules/_egg-watcher@3.1.1@egg-watcher/config/config.local.js",
    "start": 1611387769843,
    "end": 1611387769844,
    "duration": 1,
    "pid": 19996,
    "index": 21
  },
  {
    "name": "Require(18) node_modules/_egg-view@2.1.3@egg-view/config/config.local.js",
    "start": 1611387769845,
    "end": 1611387769845,
    "duration": 0,
    "pid": 19996,
    "index": 22
  },
  {
    "name": "Require(19) node_modules/_egg-view-ejs@2.0.1@egg-view-ejs/config/config.local.js",
    "start": 1611387769846,
    "end": 1611387769846,
    "duration": 0,
    "pid": 19996,
    "index": 23
  },
  {
    "name": "Require(20) node_modules/_egg@2.29.1@egg/config/config.local.js",
    "start": 1611387769846,
    "end": 1611387769846,
    "duration": 0,
    "pid": 19996,
    "index": 24
  },
  {
    "name": "Load extend/application.js",
    "start": 1611387769848,
    "end": 1611387769864,
    "duration": 16,
    "pid": 19996,
    "index": 25
  },
  {
    "name": "Require(21) node_modules/_egg-session@3.2.0@egg-session/app/extend/application.js",
    "start": 1611387769848,
    "end": 1611387769849,
    "duration": 1,
    "pid": 19996,
    "index": 26
  },
  {
    "name": "Require(22) node_modules/_egg-security@2.8.0@egg-security/app/extend/application.js",
    "start": 1611387769849,
    "end": 1611387769851,
    "duration": 2,
    "pid": 19996,
    "index": 27
  },
  {
    "name": "Require(23) node_modules/_egg-jsonp@2.0.0@egg-jsonp/app/extend/application.js",
    "start": 1611387769851,
    "end": 1611387769853,
    "duration": 2,
    "pid": 19996,
    "index": 28
  },
  {
    "name": "Require(24) node_modules/_egg-logrotator@3.1.0@egg-logrotator/app/extend/application.js",
    "start": 1611387769855,
    "end": 1611387769858,
    "duration": 3,
    "pid": 19996,
    "index": 29
  },
  {
    "name": "Require(25) node_modules/_egg-view@2.1.3@egg-view/app/extend/application.js",
    "start": 1611387769859,
    "end": 1611387769861,
    "duration": 2,
    "pid": 19996,
    "index": 30
  },
  {
    "name": "Load extend/request.js",
    "start": 1611387769865,
    "end": 1611387769875,
    "duration": 10,
    "pid": 19996,
    "index": 31
  },
  {
    "name": "Require(26) node_modules/_egg@2.29.1@egg/app/extend/request.js",
    "start": 1611387769867,
    "end": 1611387769869,
    "duration": 2,
    "pid": 19996,
    "index": 32
  },
  {
    "name": "Load extend/response.js",
    "start": 1611387769875,
    "end": 1611387769884,
    "duration": 9,
    "pid": 19996,
    "index": 33
  },
  {
    "name": "Require(27) node_modules/_egg@2.29.1@egg/app/extend/response.js",
    "start": 1611387769878,
    "end": 1611387769881,
    "duration": 3,
    "pid": 19996,
    "index": 34
  },
  {
    "name": "Load extend/context.js",
    "start": 1611387769884,
    "end": 1611387769958,
    "duration": 74,
    "pid": 19996,
    "index": 35
  },
  {
    "name": "Require(28) node_modules/_egg-security@2.8.0@egg-security/app/extend/context.js",
    "start": 1611387769885,
    "end": 1611387769899,
    "duration": 14,
    "pid": 19996,
    "index": 36
  },
  {
    "name": "Require(29) node_modules/_egg-jsonp@2.0.0@egg-jsonp/app/extend/context.js",
    "start": 1611387769900,
    "end": 1611387769901,
    "duration": 1,
    "pid": 19996,
    "index": 37
  },
  {
    "name": "Require(30) node_modules/_egg-i18n@2.1.1@egg-i18n/app/extend/context.js",
    "start": 1611387769902,
    "end": 1611387769903,
    "duration": 1,
    "pid": 19996,
    "index": 38
  },
  {
    "name": "Require(31) node_modules/_egg-multipart@2.10.3@egg-multipart/app/extend/context.js",
    "start": 1611387769904,
    "end": 1611387769951,
    "duration": 47,
    "pid": 19996,
    "index": 39
  },
  {
    "name": "Require(32) node_modules/_egg-view@2.1.3@egg-view/app/extend/context.js",
    "start": 1611387769952,
    "end": 1611387769953,
    "duration": 1,
    "pid": 19996,
    "index": 40
  },
  {
    "name": "Require(33) node_modules/_egg@2.29.1@egg/app/extend/context.js",
    "start": 1611387769953,
    "end": 1611387769955,
    "duration": 2,
    "pid": 19996,
    "index": 41
  },
  {
    "name": "Load extend/helper.js",
    "start": 1611387769958,
    "end": 1611387769981,
    "duration": 23,
    "pid": 19996,
    "index": 42
  },
  {
    "name": "Require(34) node_modules/_egg-security@2.8.0@egg-security/app/extend/helper.js",
    "start": 1611387769958,
    "end": 1611387769975,
    "duration": 17,
    "pid": 19996,
    "index": 43
  },
  {
    "name": "Require(35) node_modules/_egg@2.29.1@egg/app/extend/helper.js",
    "start": 1611387769977,
    "end": 1611387769978,
    "duration": 1,
    "pid": 19996,
    "index": 44
  },
  {
    "name": "Load app.js",
    "start": 1611387769981,
    "end": 1611387770016,
    "duration": 35,
    "pid": 19996,
    "index": 45
  },
  {
    "name": "Require(36) node_modules/_egg-session@3.2.0@egg-session/app.js",
    "start": 1611387769981,
    "end": 1611387769982,
    "duration": 1,
    "pid": 19996,
    "index": 46
  },
  {
    "name": "Require(37) node_modules/_egg-security@2.8.0@egg-security/app.js",
    "start": 1611387769982,
    "end": 1611387769984,
    "duration": 2,
    "pid": 19996,
    "index": 47
  },
  {
    "name": "Require(38) node_modules/_egg-onerror@2.1.0@egg-onerror/app.js",
    "start": 1611387769985,
    "end": 1611387769995,
    "duration": 10,
    "pid": 19996,
    "index": 48
  },
  {
    "name": "Require(39) node_modules/_egg-i18n@2.1.1@egg-i18n/app.js",
    "start": 1611387769995,
    "end": 1611387770004,
    "duration": 9,
    "pid": 19996,
    "index": 49
  },
  {
    "name": "Require(40) node_modules/_egg-watcher@3.1.1@egg-watcher/app.js",
    "start": 1611387770004,
    "end": 1611387770009,
    "duration": 5,
    "pid": 19996,
    "index": 50
  },
  {
    "name": "Require(41) node_modules/_egg-schedule@3.6.6@egg-schedule/app.js",
    "start": 1611387770009,
    "end": 1611387770011,
    "duration": 2,
    "pid": 19996,
    "index": 51
  },
  {
    "name": "Require(42) node_modules/_egg-multipart@2.10.3@egg-multipart/app.js",
    "start": 1611387770012,
    "end": 1611387770012,
    "duration": 0,
    "pid": 19996,
    "index": 52
  },
  {
    "name": "Require(43) node_modules/_egg-development@2.7.0@egg-development/app.js",
    "start": 1611387770013,
    "end": 1611387770013,
    "duration": 0,
    "pid": 19996,
    "index": 53
  },
  {
    "name": "Require(44) node_modules/_egg-logrotator@3.1.0@egg-logrotator/app.js",
    "start": 1611387770013,
    "end": 1611387770014,
    "duration": 1,
    "pid": 19996,
    "index": 54
  },
  {
    "name": "Require(45) node_modules/_egg-static@2.2.0@egg-static/app.js",
    "start": 1611387770014,
    "end": 1611387770014,
    "duration": 0,
    "pid": 19996,
    "index": 55
  },
  {
    "name": "Require(46) node_modules/_egg-view-ejs@2.0.1@egg-view-ejs/app.js",
    "start": 1611387770015,
    "end": 1611387770015,
    "duration": 0,
    "pid": 19996,
    "index": 56
  },
  {
    "name": "Before Start in node_modules/_egg-watcher@3.1.1@egg-watcher/lib/init.js:15:14",
    "start": 1611387770025,
    "end": 1611387770236,
    "duration": 211,
    "pid": 19996,
    "index": 57
  },
  {
    "name": "Load Service",
    "start": 1611387770058,
    "end": 1611387770063,
    "duration": 5,
    "pid": 19996,
    "index": 58
  },
  {
    "name": "Load \"service\" to Context",
    "start": 1611387770058,
    "end": 1611387770063,
    "duration": 5,
    "pid": 19996,
    "index": 59
  },
  {
    "name": "Load Middleware",
    "start": 1611387770063,
    "end": 1611387770217,
    "duration": 154,
    "pid": 19996,
    "index": 60
  },
  {
    "name": "Load \"middlewares\" to Application",
    "start": 1611387770063,
    "end": 1611387770200,
    "duration": 137,
    "pid": 19996,
    "index": 61
  },
  {
    "name": "Load Controller",
    "start": 1611387770217,
    "end": 1611387770220,
    "duration": 3,
    "pid": 19996,
    "index": 62
  },
  {
    "name": "Load \"controller\" to Application",
    "start": 1611387770217,
    "end": 1611387770220,
    "duration": 3,
    "pid": 19996,
    "index": 63
  },
  {
    "name": "Load Router",
    "start": 1611387770220,
    "end": 1611387770222,
    "duration": 2,
    "pid": 19996,
    "index": 64
  },
  {
    "name": "Require(47) app/router.js",
    "start": 1611387770221,
    "end": 1611387770221,
    "duration": 0,
    "pid": 19996,
    "index": 65
  },
  {
    "name": "Before Start in node_modules/_egg-core@4.20.0@egg-core/lib/egg.js:303:10",
    "start": 1611387770221,
    "end": 1611387770229,
    "duration": 8,
    "pid": 19996,
    "index": 66
  }
]