[
  {
    "name": "Process Start",
    "start": 1611387866652,
    "end": 1611387867829,
    "duration": 1177,
    "pid": 9188,
    "index": 0
  },
  {
    "name": "Application Start",
    "start": 1611387867829,
    "end": 1611387868249,
    "duration": 420,
    "pid": 9188,
    "index": 1
  },
  {
    "name": "Load Plugin",
    "start": 1611387867833,
    "end": 1611387867851,
    "duration": 18,
    "pid": 9188,
    "index": 2
  },
  {
    "name": "Load Config",
    "start": 1611387867851,
    "end": 1611387867883,
    "duration": 32,
    "pid": 9188,
    "index": 3
  },
  {
    "name": "Require(0) config/config.default.js",
    "start": 1611387867851,
    "end": 1611387867852,
    "duration": 1,
    "pid": 9188,
    "index": 4
  },
  {
    "name": "Require(1) node_modules/_egg-session@3.2.0@egg-session/config/config.default.js",
    "start": 1611387867853,
    "end": 1611387867853,
    "duration": 0,
    "pid": 9188,
    "index": 5
  },
  {
    "name": "Require(2) node_modules/_egg-security@2.8.0@egg-security/config/config.default.js",
    "start": 1611387867854,
    "end": 1611387867854,
    "duration": 0,
    "pid": 9188,
    "index": 6
  },
  {
    "name": "Require(3) node_modules/_egg-jsonp@2.0.0@egg-jsonp/config/config.default.js",
    "start": 1611387867855,
    "end": 1611387867856,
    "duration": 1,
    "pid": 9188,
    "index": 7
  },
  {
    "name": "Require(4) node_modules/_egg-onerror@2.1.0@egg-onerror/config/config.default.js",
    "start": 1611387867856,
    "end": 1611387867857,
    "duration": 1,
    "pid": 9188,
    "index": 8
  },
  {
    "name": "Require(5) node_modules/_egg-i18n@2.1.1@egg-i18n/config/config.default.js",
    "start": 1611387867857,
    "end": 1611387867857,
    "duration": 0,
    "pid": 9188,
    "index": 9
  },
  {
    "name": "Require(6) node_modules/_egg-watcher@3.1.1@egg-watcher/config/config.default.js",
    "start": 1611387867858,
    "end": 1611387867858,
    "duration": 0,
    "pid": 9188,
    "index": 10
  },
  {
    "name": "Require(7) node_modules/_egg-schedule@3.6.6@egg-schedule/config/config.default.js",
    "start": 1611387867859,
    "end": 1611387867859,
    "duration": 0,
    "pid": 9188,
    "index": 11
  },
  {
    "name": "Require(8) node_modules/_egg-multipart@2.10.3@egg-multipart/config/config.default.js",
    "start": 1611387867859,
    "end": 1611387867860,
    "duration": 1,
    "pid": 9188,
    "index": 12
  },
  {
    "name": "Require(9) node_modules/_egg-development@2.7.0@egg-development/config/config.default.js",
    "start": 1611387867861,
    "end": 1611387867862,
    "duration": 1,
    "pid": 9188,
    "index": 13
  },
  {
    "name": "Require(10) node_modules/_egg-logrotator@3.1.0@egg-logrotator/config/config.default.js",
    "start": 1611387867863,
    "end": 1611387867864,
    "duration": 1,
    "pid": 9188,
    "index": 14
  },
  {
    "name": "Require(11) node_modules/_egg-static@2.2.0@egg-static/config/config.default.js",
    "start": 1611387867865,
    "end": 1611387867866,
    "duration": 1,
    "pid": 9188,
    "index": 15
  },
  {
    "name": "Require(12) node_modules/_egg-view@2.1.3@egg-view/config/config.default.js",
    "start": 1611387867867,
    "end": 1611387867867,
    "duration": 0,
    "pid": 9188,
    "index": 16
  },
  {
    "name": "Require(13) node_modules/_egg-view-ejs@2.0.1@egg-view-ejs/config/config.default.js",
    "start": 1611387867868,
    "end": 1611387867869,
    "duration": 1,
    "pid": 9188,
    "index": 17
  },
  {
    "name": "Require(14) node_modules/_egg@2.29.1@egg/config/config.default.js",
    "start": 1611387867870,
    "end": 1611387867871,
    "duration": 1,
    "pid": 9188,
    "index": 18
  },
  {
    "name": "Require(15) config/config.default.js",
    "start": 1611387867873,
    "end": 1611387867873,
    "duration": 0,
    "pid": 9188,
    "index": 19
  },
  {
    "name": "Require(16) node_modules/_egg-security@2.8.0@egg-security/config/config.local.js",
    "start": 1611387867874,
    "end": 1611387867875,
    "duration": 1,
    "pid": 9188,
    "index": 20
  },
  {
    "name": "Require(17) node_modules/_egg-watcher@3.1.1@egg-watcher/config/config.local.js",
    "start": 1611387867877,
    "end": 1611387867877,
    "duration": 0,
    "pid": 9188,
    "index": 21
  },
  {
    "name": "Require(18) node_modules/_egg-view@2.1.3@egg-view/config/config.local.js",
    "start": 1611387867880,
    "end": 1611387867880,
    "duration": 0,
    "pid": 9188,
    "index": 22
  },
  {
    "name": "Require(19) node_modules/_egg-view-ejs@2.0.1@egg-view-ejs/config/config.local.js",
    "start": 1611387867881,
    "end": 1611387867882,
    "duration": 1,
    "pid": 9188,
    "index": 23
  },
  {
    "name": "Require(20) node_modules/_egg@2.29.1@egg/config/config.local.js",
    "start": 1611387867882,
    "end": 1611387867883,
    "duration": 1,
    "pid": 9188,
    "index": 24
  },
  {
    "name": "Load extend/application.js",
    "start": 1611387867885,
    "end": 1611387867904,
    "duration": 19,
    "pid": 9188,
    "index": 25
  },
  {
    "name": "Require(21) node_modules/_egg-session@3.2.0@egg-session/app/extend/application.js",
    "start": 1611387867886,
    "end": 1611387867887,
    "duration": 1,
    "pid": 9188,
    "index": 26
  },
  {
    "name": "Require(22) node_modules/_egg-security@2.8.0@egg-security/app/extend/application.js",
    "start": 1611387867888,
    "end": 1611387867890,
    "duration": 2,
    "pid": 9188,
    "index": 27
  },
  {
    "name": "Require(23) node_modules/_egg-jsonp@2.0.0@egg-jsonp/app/extend/application.js",
    "start": 1611387867891,
    "end": 1611387867894,
    "duration": 3,
    "pid": 9188,
    "index": 28
  },
  {
    "name": "Require(24) node_modules/_egg-logrotator@3.1.0@egg-logrotator/app/extend/application.js",
    "start": 1611387867896,
    "end": 1611387867899,
    "duration": 3,
    "pid": 9188,
    "index": 29
  },
  {
    "name": "Require(25) node_modules/_egg-view@2.1.3@egg-view/app/extend/application.js",
    "start": 1611387867899,
    "end": 1611387867901,
    "duration": 2,
    "pid": 9188,
    "index": 30
  },
  {
    "name": "Load extend/request.js",
    "start": 1611387867904,
    "end": 1611387867910,
    "duration": 6,
    "pid": 9188,
    "index": 31
  },
  {
    "name": "Require(26) node_modules/_egg@2.29.1@egg/app/extend/request.js",
    "start": 1611387867906,
    "end": 1611387867907,
    "duration": 1,
    "pid": 9188,
    "index": 32
  },
  {
    "name": "Load extend/response.js",
    "start": 1611387867910,
    "end": 1611387867920,
    "duration": 10,
    "pid": 9188,
    "index": 33
  },
  {
    "name": "Require(27) node_modules/_egg@2.29.1@egg/app/extend/response.js",
    "start": 1611387867915,
    "end": 1611387867917,
    "duration": 2,
    "pid": 9188,
    "index": 34
  },
  {
    "name": "Load extend/context.js",
    "start": 1611387867920,
    "end": 1611387867993,
    "duration": 73,
    "pid": 9188,
    "index": 35
  },
  {
    "name": "Require(28) node_modules/_egg-security@2.8.0@egg-security/app/extend/context.js",
    "start": 1611387867920,
    "end": 1611387867933,
    "duration": 13,
    "pid": 9188,
    "index": 36
  },
  {
    "name": "Require(29) node_modules/_egg-jsonp@2.0.0@egg-jsonp/app/extend/context.js",
    "start": 1611387867934,
    "end": 1611387867935,
    "duration": 1,
    "pid": 9188,
    "index": 37
  },
  {
    "name": "Require(30) node_modules/_egg-i18n@2.1.1@egg-i18n/app/extend/context.js",
    "start": 1611387867936,
    "end": 1611387867936,
    "duration": 0,
    "pid": 9188,
    "index": 38
  },
  {
    "name": "Require(31) node_modules/_egg-multipart@2.10.3@egg-multipart/app/extend/context.js",
    "start": 1611387867937,
    "end": 1611387867985,
    "duration": 48,
    "pid": 9188,
    "index": 39
  },
  {
    "name": "Require(32) node_modules/_egg-view@2.1.3@egg-view/app/extend/context.js",
    "start": 1611387867986,
    "end": 1611387867987,
    "duration": 1,
    "pid": 9188,
    "index": 40
  },
  {
    "name": "Require(33) node_modules/_egg@2.29.1@egg/app/extend/context.js",
    "start": 1611387867988,
    "end": 1611387867989,
    "duration": 1,
    "pid": 9188,
    "index": 41
  },
  {
    "name": "Load extend/helper.js",
    "start": 1611387867993,
    "end": 1611387868014,
    "duration": 21,
    "pid": 9188,
    "index": 42
  },
  {
    "name": "Require(34) node_modules/_egg-security@2.8.0@egg-security/app/extend/helper.js",
    "start": 1611387867993,
    "end": 1611387868009,
    "duration": 16,
    "pid": 9188,
    "index": 43
  },
  {
    "name": "Require(35) node_modules/_egg@2.29.1@egg/app/extend/helper.js",
    "start": 1611387868011,
    "end": 1611387868011,
    "duration": 0,
    "pid": 9188,
    "index": 44
  },
  {
    "name": "Load app.js",
    "start": 1611387868015,
    "end": 1611387868048,
    "duration": 33,
    "pid": 9188,
    "index": 45
  },
  {
    "name": "Require(36) node_modules/_egg-session@3.2.0@egg-session/app.js",
    "start": 1611387868015,
    "end": 1611387868015,
    "duration": 0,
    "pid": 9188,
    "index": 46
  },
  {
    "name": "Require(37) node_modules/_egg-security@2.8.0@egg-security/app.js",
    "start": 1611387868016,
    "end": 1611387868017,
    "duration": 1,
    "pid": 9188,
    "index": 47
  },
  {
    "name": "Require(38) node_modules/_egg-onerror@2.1.0@egg-onerror/app.js",
    "start": 1611387868018,
    "end": 1611387868029,
    "duration": 11,
    "pid": 9188,
    "index": 48
  },
  {
    "name": "Require(39) node_modules/_egg-i18n@2.1.1@egg-i18n/app.js",
    "start": 1611387868029,
    "end": 1611387868037,
    "duration": 8,
    "pid": 9188,
    "index": 49
  },
  {
    "name": "Require(40) node_modules/_egg-watcher@3.1.1@egg-watcher/app.js",
    "start": 1611387868038,
    "end": 1611387868042,
    "duration": 4,
    "pid": 9188,
    "index": 50
  },
  {
    "name": "Require(41) node_modules/_egg-schedule@3.6.6@egg-schedule/app.js",
    "start": 1611387868042,
    "end": 1611387868044,
    "duration": 2,
    "pid": 9188,
    "index": 51
  },
  {
    "name": "Require(42) node_modules/_egg-multipart@2.10.3@egg-multipart/app.js",
    "start": 1611387868044,
    "end": 1611387868045,
    "duration": 1,
    "pid": 9188,
    "index": 52
  },
  {
    "name": "Require(43) node_modules/_egg-development@2.7.0@egg-development/app.js",
    "start": 1611387868045,
    "end": 1611387868045,
    "duration": 0,
    "pid": 9188,
    "index": 53
  },
  {
    "name": "Require(44) node_modules/_egg-logrotator@3.1.0@egg-logrotator/app.js",
    "start": 1611387868046,
    "end": 1611387868046,
    "duration": 0,
    "pid": 9188,
    "index": 54
  },
  {
    "name": "Require(45) node_modules/_egg-static@2.2.0@egg-static/app.js",
    "start": 1611387868046,
    "end": 1611387868046,
    "duration": 0,
    "pid": 9188,
    "index": 55
  },
  {
    "name": "Require(46) node_modules/_egg-view-ejs@2.0.1@egg-view-ejs/app.js",
    "start": 1611387868047,
    "end": 1611387868047,
    "duration": 0,
    "pid": 9188,
    "index": 56
  },
  {
    "name": "Before Start in node_modules/_egg-watcher@3.1.1@egg-watcher/lib/init.js:15:14",
    "start": 1611387868056,
    "end": 1611387868249,
    "duration": 193,
    "pid": 9188,
    "index": 57
  },
  {
    "name": "Load Service",
    "start": 1611387868090,
    "end": 1611387868095,
    "duration": 5,
    "pid": 9188,
    "index": 58
  },
  {
    "name": "Load \"service\" to Context",
    "start": 1611387868090,
    "end": 1611387868095,
    "duration": 5,
    "pid": 9188,
    "index": 59
  },
  {
    "name": "Load Middleware",
    "start": 1611387868095,
    "end": 1611387868231,
    "duration": 136,
    "pid": 9188,
    "index": 60
  },
  {
    "name": "Load \"middlewares\" to Application",
    "start": 1611387868095,
    "end": 1611387868216,
    "duration": 121,
    "pid": 9188,
    "index": 61
  },
  {
    "name": "Load Controller",
    "start": 1611387868231,
    "end": 1611387868234,
    "duration": 3,
    "pid": 9188,
    "index": 62
  },
  {
    "name": "Load \"controller\" to Application",
    "start": 1611387868231,
    "end": 1611387868234,
    "duration": 3,
    "pid": 9188,
    "index": 63
  },
  {
    "name": "Load Router",
    "start": 1611387868234,
    "end": 1611387868236,
    "duration": 2,
    "pid": 9188,
    "index": 64
  },
  {
    "name": "Require(47) app/router.js",
    "start": 1611387868235,
    "end": 1611387868235,
    "duration": 0,
    "pid": 9188,
    "index": 65
  },
  {
    "name": "Before Start in node_modules/_egg-core@4.20.0@egg-core/lib/egg.js:303:10",
    "start": 1611387868235,
    "end": 1611387868242,
    "duration": 7,
    "pid": 9188,
    "index": 66
  }
]