[
  {
    "name": "Process Start",
    "start": 1611387794068,
    "end": 1611387795038,
    "duration": 970,
    "pid": 18908,
    "index": 0
  },
  {
    "name": "Application Start",
    "start": 1611387795038,
    "end": 1611387795433,
    "duration": 395,
    "pid": 18908,
    "index": 1
  },
  {
    "name": "Load Plugin",
    "start": 1611387795043,
    "end": 1611387795061,
    "duration": 18,
    "pid": 18908,
    "index": 2
  },
  {
    "name": "Load Config",
    "start": 1611387795061,
    "end": 1611387795081,
    "duration": 20,
    "pid": 18908,
    "index": 3
  },
  {
    "name": "Require(0) config/config.default.js",
    "start": 1611387795062,
    "end": 1611387795062,
    "duration": 0,
    "pid": 18908,
    "index": 4
  },
  {
    "name": "Require(1) node_modules/_egg-session@3.2.0@egg-session/config/config.default.js",
    "start": 1611387795064,
    "end": 1611387795064,
    "duration": 0,
    "pid": 18908,
    "index": 5
  },
  {
    "name": "Require(2) node_modules/_egg-security@2.8.0@egg-security/config/config.default.js",
    "start": 1611387795064,
    "end": 1611387795065,
    "duration": 1,
    "pid": 18908,
    "index": 6
  },
  {
    "name": "Require(3) node_modules/_egg-jsonp@2.0.0@egg-jsonp/config/config.default.js",
    "start": 1611387795066,
    "end": 1611387795066,
    "duration": 0,
    "pid": 18908,
    "index": 7
  },
  {
    "name": "Require(4) node_modules/_egg-onerror@2.1.0@egg-onerror/config/config.default.js",
    "start": 1611387795067,
    "end": 1611387795067,
    "duration": 0,
    "pid": 18908,
    "index": 8
  },
  {
    "name": "Require(5) node_modules/_egg-i18n@2.1.1@egg-i18n/config/config.default.js",
    "start": 1611387795067,
    "end": 1611387795068,
    "duration": 1,
    "pid": 18908,
    "index": 9
  },
  {
    "name": "Require(6) node_modules/_egg-watcher@3.1.1@egg-watcher/config/config.default.js",
    "start": 1611387795068,
    "end": 1611387795069,
    "duration": 1,
    "pid": 18908,
    "index": 10
  },
  {
    "name": "Require(7) node_modules/_egg-schedule@3.6.6@egg-schedule/config/config.default.js",
    "start": 1611387795069,
    "end": 1611387795069,
    "duration": 0,
    "pid": 18908,
    "index": 11
  },
  {
    "name": "Require(8) node_modules/_egg-multipart@2.10.3@egg-multipart/config/config.default.js",
    "start": 1611387795070,
    "end": 1611387795070,
    "duration": 0,
    "pid": 18908,
    "index": 12
  },
  {
    "name": "Require(9) node_modules/_egg-development@2.7.0@egg-development/config/config.default.js",
    "start": 1611387795071,
    "end": 1611387795071,
    "duration": 0,
    "pid": 18908,
    "index": 13
  },
  {
    "name": "Require(10) node_modules/_egg-logrotator@3.1.0@egg-logrotator/config/config.default.js",
    "start": 1611387795072,
    "end": 1611387795072,
    "duration": 0,
    "pid": 18908,
    "index": 14
  },
  {
    "name": "Require(11) node_modules/_egg-static@2.2.0@egg-static/config/config.default.js",
    "start": 1611387795073,
    "end": 1611387795073,
    "duration": 0,
    "pid": 18908,
    "index": 15
  },
  {
    "name": "Require(12) node_modules/_egg-view@2.1.3@egg-view/config/config.default.js",
    "start": 1611387795073,
    "end": 1611387795074,
    "duration": 1,
    "pid": 18908,
    "index": 16
  },
  {
    "name": "Require(13) node_modules/_egg-view-ejs@2.0.1@egg-view-ejs/config/config.default.js",
    "start": 1611387795074,
    "end": 1611387795075,
    "duration": 1,
    "pid": 18908,
    "index": 17
  },
  {
    "name": "Require(14) node_modules/_egg@2.29.1@egg/config/config.default.js",
    "start": 1611387795075,
    "end": 1611387795075,
    "duration": 0,
    "pid": 18908,
    "index": 18
  },
  {
    "name": "Require(15) config/config.default.js",
    "start": 1611387795076,
    "end": 1611387795076,
    "duration": 0,
    "pid": 18908,
    "index": 19
  },
  {
    "name": "Require(16) node_modules/_egg-security@2.8.0@egg-security/config/config.local.js",
    "start": 1611387795077,
    "end": 1611387795077,
    "duration": 0,
    "pid": 18908,
    "index": 20
  },
  {
    "name": "Require(17) node_modules/_egg-watcher@3.1.1@egg-watcher/config/config.local.js",
    "start": 1611387795078,
    "end": 1611387795078,
    "duration": 0,
    "pid": 18908,
    "index": 21
  },
  {
    "name": "Require(18) node_modules/_egg-view@2.1.3@egg-view/config/config.local.js",
    "start": 1611387795080,
    "end": 1611387795080,
    "duration": 0,
    "pid": 18908,
    "index": 22
  },
  {
    "name": "Require(19) node_modules/_egg-view-ejs@2.0.1@egg-view-ejs/config/config.local.js",
    "start": 1611387795080,
    "end": 1611387795081,
    "duration": 1,
    "pid": 18908,
    "index": 23
  },
  {
    "name": "Require(20) node_modules/_egg@2.29.1@egg/config/config.local.js",
    "start": 1611387795081,
    "end": 1611387795081,
    "duration": 0,
    "pid": 18908,
    "index": 24
  },
  {
    "name": "Load extend/application.js",
    "start": 1611387795082,
    "end": 1611387795097,
    "duration": 15,
    "pid": 18908,
    "index": 25
  },
  {
    "name": "Require(21) node_modules/_egg-session@3.2.0@egg-session/app/extend/application.js",
    "start": 1611387795083,
    "end": 1611387795083,
    "duration": 0,
    "pid": 18908,
    "index": 26
  },
  {
    "name": "Require(22) node_modules/_egg-security@2.8.0@egg-security/app/extend/application.js",
    "start": 1611387795083,
    "end": 1611387795084,
    "duration": 1,
    "pid": 18908,
    "index": 27
  },
  {
    "name": "Require(23) node_modules/_egg-jsonp@2.0.0@egg-jsonp/app/extend/application.js",
    "start": 1611387795085,
    "end": 1611387795087,
    "duration": 2,
    "pid": 18908,
    "index": 28
  },
  {
    "name": "Require(24) node_modules/_egg-logrotator@3.1.0@egg-logrotator/app/extend/application.js",
    "start": 1611387795088,
    "end": 1611387795091,
    "duration": 3,
    "pid": 18908,
    "index": 29
  },
  {
    "name": "Require(25) node_modules/_egg-view@2.1.3@egg-view/app/extend/application.js",
    "start": 1611387795091,
    "end": 1611387795093,
    "duration": 2,
    "pid": 18908,
    "index": 30
  },
  {
    "name": "Load extend/request.js",
    "start": 1611387795097,
    "end": 1611387795104,
    "duration": 7,
    "pid": 18908,
    "index": 31
  },
  {
    "name": "Require(26) node_modules/_egg@2.29.1@egg/app/extend/request.js",
    "start": 1611387795099,
    "end": 1611387795101,
    "duration": 2,
    "pid": 18908,
    "index": 32
  },
  {
    "name": "Load extend/response.js",
    "start": 1611387795104,
    "end": 1611387795114,
    "duration": 10,
    "pid": 18908,
    "index": 33
  },
  {
    "name": "Require(27) node_modules/_egg@2.29.1@egg/app/extend/response.js",
    "start": 1611387795109,
    "end": 1611387795111,
    "duration": 2,
    "pid": 18908,
    "index": 34
  },
  {
    "name": "Load extend/context.js",
    "start": 1611387795114,
    "end": 1611387795179,
    "duration": 65,
    "pid": 18908,
    "index": 35
  },
  {
    "name": "Require(28) node_modules/_egg-security@2.8.0@egg-security/app/extend/context.js",
    "start": 1611387795114,
    "end": 1611387795127,
    "duration": 13,
    "pid": 18908,
    "index": 36
  },
  {
    "name": "Require(29) node_modules/_egg-jsonp@2.0.0@egg-jsonp/app/extend/context.js",
    "start": 1611387795127,
    "end": 1611387795128,
    "duration": 1,
    "pid": 18908,
    "index": 37
  },
  {
    "name": "Require(30) node_modules/_egg-i18n@2.1.1@egg-i18n/app/extend/context.js",
    "start": 1611387795129,
    "end": 1611387795129,
    "duration": 0,
    "pid": 18908,
    "index": 38
  },
  {
    "name": "Require(31) node_modules/_egg-multipart@2.10.3@egg-multipart/app/extend/context.js",
    "start": 1611387795130,
    "end": 1611387795172,
    "duration": 42,
    "pid": 18908,
    "index": 39
  },
  {
    "name": "Require(32) node_modules/_egg-view@2.1.3@egg-view/app/extend/context.js",
    "start": 1611387795173,
    "end": 1611387795174,
    "duration": 1,
    "pid": 18908,
    "index": 40
  },
  {
    "name": "Require(33) node_modules/_egg@2.29.1@egg/app/extend/context.js",
    "start": 1611387795175,
    "end": 1611387795176,
    "duration": 1,
    "pid": 18908,
    "index": 41
  },
  {
    "name": "Load extend/helper.js",
    "start": 1611387795179,
    "end": 1611387795199,
    "duration": 20,
    "pid": 18908,
    "index": 42
  },
  {
    "name": "Require(34) node_modules/_egg-security@2.8.0@egg-security/app/extend/helper.js",
    "start": 1611387795179,
    "end": 1611387795194,
    "duration": 15,
    "pid": 18908,
    "index": 43
  },
  {
    "name": "Require(35) node_modules/_egg@2.29.1@egg/app/extend/helper.js",
    "start": 1611387795196,
    "end": 1611387795196,
    "duration": 0,
    "pid": 18908,
    "index": 44
  },
  {
    "name": "Load app.js",
    "start": 1611387795199,
    "end": 1611387795229,
    "duration": 30,
    "pid": 18908,
    "index": 45
  },
  {
    "name": "Require(36) node_modules/_egg-session@3.2.0@egg-session/app.js",
    "start": 1611387795199,
    "end": 1611387795199,
    "duration": 0,
    "pid": 18908,
    "index": 46
  },
  {
    "name": "Require(37) node_modules/_egg-security@2.8.0@egg-security/app.js",
    "start": 1611387795200,
    "end": 1611387795201,
    "duration": 1,
    "pid": 18908,
    "index": 47
  },
  {
    "name": "Require(38) node_modules/_egg-onerror@2.1.0@egg-onerror/app.js",
    "start": 1611387795202,
    "end": 1611387795211,
    "duration": 9,
    "pid": 18908,
    "index": 48
  },
  {
    "name": "Require(39) node_modules/_egg-i18n@2.1.1@egg-i18n/app.js",
    "start": 1611387795212,
    "end": 1611387795219,
    "duration": 7,
    "pid": 18908,
    "index": 49
  },
  {
    "name": "Require(40) node_modules/_egg-watcher@3.1.1@egg-watcher/app.js",
    "start": 1611387795219,
    "end": 1611387795223,
    "duration": 4,
    "pid": 18908,
    "index": 50
  },
  {
    "name": "Require(41) node_modules/_egg-schedule@3.6.6@egg-schedule/app.js",
    "start": 1611387795223,
    "end": 1611387795225,
    "duration": 2,
    "pid": 18908,
    "index": 51
  },
  {
    "name": "Require(42) node_modules/_egg-multipart@2.10.3@egg-multipart/app.js",
    "start": 1611387795225,
    "end": 1611387795226,
    "duration": 1,
    "pid": 18908,
    "index": 52
  },
  {
    "name": "Require(43) node_modules/_egg-development@2.7.0@egg-development/app.js",
    "start": 1611387795226,
    "end": 1611387795226,
    "duration": 0,
    "pid": 18908,
    "index": 53
  },
  {
    "name": "Require(44) node_modules/_egg-logrotator@3.1.0@egg-logrotator/app.js",
    "start": 1611387795227,
    "end": 1611387795227,
    "duration": 0,
    "pid": 18908,
    "index": 54
  },
  {
    "name": "Require(45) node_modules/_egg-static@2.2.0@egg-static/app.js",
    "start": 1611387795227,
    "end": 1611387795227,
    "duration": 0,
    "pid": 18908,
    "index": 55
  },
  {
    "name": "Require(46) node_modules/_egg-view-ejs@2.0.1@egg-view-ejs/app.js",
    "start": 1611387795228,
    "end": 1611387795228,
    "duration": 0,
    "pid": 18908,
    "index": 56
  },
  {
    "name": "Before Start in node_modules/_egg-watcher@3.1.1@egg-watcher/lib/init.js:15:14",
    "start": 1611387795237,
    "end": 1611387795433,
    "duration": 196,
    "pid": 18908,
    "index": 57
  },
  {
    "name": "Load Service",
    "start": 1611387795266,
    "end": 1611387795270,
    "duration": 4,
    "pid": 18908,
    "index": 58
  },
  {
    "name": "Load \"service\" to Context",
    "start": 1611387795266,
    "end": 1611387795270,
    "duration": 4,
    "pid": 18908,
    "index": 59
  },
  {
    "name": "Load Middleware",
    "start": 1611387795270,
    "end": 1611387795402,
    "duration": 132,
    "pid": 18908,
    "index": 60
  },
  {
    "name": "Load \"middlewares\" to Application",
    "start": 1611387795270,
    "end": 1611387795388,
    "duration": 118,
    "pid": 18908,
    "index": 61
  },
  {
    "name": "Load Controller",
    "start": 1611387795402,
    "end": 1611387795405,
    "duration": 3,
    "pid": 18908,
    "index": 62
  },
  {
    "name": "Load \"controller\" to Application",
    "start": 1611387795402,
    "end": 1611387795405,
    "duration": 3,
    "pid": 18908,
    "index": 63
  },
  {
    "name": "Load Router",
    "start": 1611387795405,
    "end": 1611387795407,
    "duration": 2,
    "pid": 18908,
    "index": 64
  },
  {
    "name": "Require(47) app/router.js",
    "start": 1611387795406,
    "end": 1611387795406,
    "duration": 0,
    "pid": 18908,
    "index": 65
  },
  {
    "name": "Before Start in node_modules/_egg-core@4.20.0@egg-core/lib/egg.js:303:10",
    "start": 1611387795406,
    "end": 1611387795417,
    "duration": 11,
    "pid": 18908,
    "index": 66
  }
]