[
  {
    "name": "Process Start",
    "start": 1611387863922,
    "end": 1611387865041,
    "duration": 1119,
    "pid": 10492,
    "index": 0
  },
  {
    "name": "Application Start",
    "start": 1611387865042,
    "end": 1611387865498,
    "duration": 456,
    "pid": 10492,
    "index": 1
  },
  {
    "name": "Load Plugin",
    "start": 1611387865046,
    "end": 1611387865068,
    "duration": 22,
    "pid": 10492,
    "index": 2
  },
  {
    "name": "Load Config",
    "start": 1611387865068,
    "end": 1611387865096,
    "duration": 28,
    "pid": 10492,
    "index": 3
  },
  {
    "name": "Require(0) config/config.default.js",
    "start": 1611387865069,
    "end": 1611387865069,
    "duration": 0,
    "pid": 10492,
    "index": 4
  },
  {
    "name": "Require(1) node_modules/_egg-session@3.2.0@egg-session/config/config.default.js",
    "start": 1611387865071,
    "end": 1611387865071,
    "duration": 0,
    "pid": 10492,
    "index": 5
  },
  {
    "name": "Require(2) node_modules/_egg-security@2.8.0@egg-security/config/config.default.js",
    "start": 1611387865072,
    "end": 1611387865072,
    "duration": 0,
    "pid": 10492,
    "index": 6
  },
  {
    "name": "Require(3) node_modules/_egg-jsonp@2.0.0@egg-jsonp/config/config.default.js",
    "start": 1611387865074,
    "end": 1611387865075,
    "duration": 1,
    "pid": 10492,
    "index": 7
  },
  {
    "name": "Require(4) node_modules/_egg-onerror@2.1.0@egg-onerror/config/config.default.js",
    "start": 1611387865075,
    "end": 1611387865076,
    "duration": 1,
    "pid": 10492,
    "index": 8
  },
  {
    "name": "Require(5) node_modules/_egg-i18n@2.1.1@egg-i18n/config/config.default.js",
    "start": 1611387865077,
    "end": 1611387865077,
    "duration": 0,
    "pid": 10492,
    "index": 9
  },
  {
    "name": "Require(6) node_modules/_egg-watcher@3.1.1@egg-watcher/config/config.default.js",
    "start": 1611387865078,
    "end": 1611387865079,
    "duration": 1,
    "pid": 10492,
    "index": 10
  },
  {
    "name": "Require(7) node_modules/_egg-schedule@3.6.6@egg-schedule/config/config.default.js",
    "start": 1611387865079,
    "end": 1611387865080,
    "duration": 1,
    "pid": 10492,
    "index": 11
  },
  {
    "name": "Require(8) node_modules/_egg-multipart@2.10.3@egg-multipart/config/config.default.js",
    "start": 1611387865080,
    "end": 1611387865081,
    "duration": 1,
    "pid": 10492,
    "index": 12
  },
  {
    "name": "Require(9) node_modules/_egg-development@2.7.0@egg-development/config/config.default.js",
    "start": 1611387865081,
    "end": 1611387865082,
    "duration": 1,
    "pid": 10492,
    "index": 13
  },
  {
    "name": "Require(10) node_modules/_egg-logrotator@3.1.0@egg-logrotator/config/config.default.js",
    "start": 1611387865082,
    "end": 1611387865083,
    "duration": 1,
    "pid": 10492,
    "index": 14
  },
  {
    "name": "Require(11) node_modules/_egg-static@2.2.0@egg-static/config/config.default.js",
    "start": 1611387865083,
    "end": 1611387865084,
    "duration": 1,
    "pid": 10492,
    "index": 15
  },
  {
    "name": "Require(12) node_modules/_egg-view@2.1.3@egg-view/config/config.default.js",
    "start": 1611387865084,
    "end": 1611387865085,
    "duration": 1,
    "pid": 10492,
    "index": 16
  },
  {
    "name": "Require(13) node_modules/_egg-view-ejs@2.0.1@egg-view-ejs/config/config.default.js",
    "start": 1611387865086,
    "end": 1611387865086,
    "duration": 0,
    "pid": 10492,
    "index": 17
  },
  {
    "name": "Require(14) node_modules/_egg@2.29.1@egg/config/config.default.js",
    "start": 1611387865087,
    "end": 1611387865087,
    "duration": 0,
    "pid": 10492,
    "index": 18
  },
  {
    "name": "Require(15) config/config.default.js",
    "start": 1611387865089,
    "end": 1611387865089,
    "duration": 0,
    "pid": 10492,
    "index": 19
  },
  {
    "name": "Require(16) node_modules/_egg-security@2.8.0@egg-security/config/config.local.js",
    "start": 1611387865090,
    "end": 1611387865090,
    "duration": 0,
    "pid": 10492,
    "index": 20
  },
  {
    "name": "Require(17) node_modules/_egg-watcher@3.1.1@egg-watcher/config/config.local.js",
    "start": 1611387865092,
    "end": 1611387865092,
    "duration": 0,
    "pid": 10492,
    "index": 21
  },
  {
    "name": "Require(18) node_modules/_egg-view@2.1.3@egg-view/config/config.local.js",
    "start": 1611387865093,
    "end": 1611387865094,
    "duration": 1,
    "pid": 10492,
    "index": 22
  },
  {
    "name": "Require(19) node_modules/_egg-view-ejs@2.0.1@egg-view-ejs/config/config.local.js",
    "start": 1611387865094,
    "end": 1611387865095,
    "duration": 1,
    "pid": 10492,
    "index": 23
  },
  {
    "name": "Require(20) node_modules/_egg@2.29.1@egg/config/config.local.js",
    "start": 1611387865095,
    "end": 1611387865095,
    "duration": 0,
    "pid": 10492,
    "index": 24
  },
  {
    "name": "Load extend/application.js",
    "start": 1611387865096,
    "end": 1611387865112,
    "duration": 16,
    "pid": 10492,
    "index": 25
  },
  {
    "name": "Require(21) node_modules/_egg-session@3.2.0@egg-session/app/extend/application.js",
    "start": 1611387865097,
    "end": 1611387865097,
    "duration": 0,
    "pid": 10492,
    "index": 26
  },
  {
    "name": "Require(22) node_modules/_egg-security@2.8.0@egg-security/app/extend/application.js",
    "start": 1611387865098,
    "end": 1611387865099,
    "duration": 1,
    "pid": 10492,
    "index": 27
  },
  {
    "name": "Require(23) node_modules/_egg-jsonp@2.0.0@egg-jsonp/app/extend/application.js",
    "start": 1611387865099,
    "end": 1611387865101,
    "duration": 2,
    "pid": 10492,
    "index": 28
  },
  {
    "name": "Require(24) node_modules/_egg-logrotator@3.1.0@egg-logrotator/app/extend/application.js",
    "start": 1611387865103,
    "end": 1611387865106,
    "duration": 3,
    "pid": 10492,
    "index": 29
  },
  {
    "name": "Require(25) node_modules/_egg-view@2.1.3@egg-view/app/extend/application.js",
    "start": 1611387865106,
    "end": 1611387865109,
    "duration": 3,
    "pid": 10492,
    "index": 30
  },
  {
    "name": "Load extend/request.js",
    "start": 1611387865112,
    "end": 1611387865121,
    "duration": 9,
    "pid": 10492,
    "index": 31
  },
  {
    "name": "Require(26) node_modules/_egg@2.29.1@egg/app/extend/request.js",
    "start": 1611387865115,
    "end": 1611387865116,
    "duration": 1,
    "pid": 10492,
    "index": 32
  },
  {
    "name": "Load extend/response.js",
    "start": 1611387865121,
    "end": 1611387865129,
    "duration": 8,
    "pid": 10492,
    "index": 33
  },
  {
    "name": "Require(27) node_modules/_egg@2.29.1@egg/app/extend/response.js",
    "start": 1611387865124,
    "end": 1611387865126,
    "duration": 2,
    "pid": 10492,
    "index": 34
  },
  {
    "name": "Load extend/context.js",
    "start": 1611387865129,
    "end": 1611387865205,
    "duration": 76,
    "pid": 10492,
    "index": 35
  },
  {
    "name": "Require(28) node_modules/_egg-security@2.8.0@egg-security/app/extend/context.js",
    "start": 1611387865130,
    "end": 1611387865143,
    "duration": 13,
    "pid": 10492,
    "index": 36
  },
  {
    "name": "Require(29) node_modules/_egg-jsonp@2.0.0@egg-jsonp/app/extend/context.js",
    "start": 1611387865144,
    "end": 1611387865145,
    "duration": 1,
    "pid": 10492,
    "index": 37
  },
  {
    "name": "Require(30) node_modules/_egg-i18n@2.1.1@egg-i18n/app/extend/context.js",
    "start": 1611387865146,
    "end": 1611387865146,
    "duration": 0,
    "pid": 10492,
    "index": 38
  },
  {
    "name": "Require(31) node_modules/_egg-multipart@2.10.3@egg-multipart/app/extend/context.js",
    "start": 1611387865147,
    "end": 1611387865197,
    "duration": 50,
    "pid": 10492,
    "index": 39
  },
  {
    "name": "Require(32) node_modules/_egg-view@2.1.3@egg-view/app/extend/context.js",
    "start": 1611387865199,
    "end": 1611387865200,
    "duration": 1,
    "pid": 10492,
    "index": 40
  },
  {
    "name": "Require(33) node_modules/_egg@2.29.1@egg/app/extend/context.js",
    "start": 1611387865200,
    "end": 1611387865202,
    "duration": 2,
    "pid": 10492,
    "index": 41
  },
  {
    "name": "Load extend/helper.js",
    "start": 1611387865205,
    "end": 1611387865231,
    "duration": 26,
    "pid": 10492,
    "index": 42
  },
  {
    "name": "Require(34) node_modules/_egg-security@2.8.0@egg-security/app/extend/helper.js",
    "start": 1611387865206,
    "end": 1611387865225,
    "duration": 19,
    "pid": 10492,
    "index": 43
  },
  {
    "name": "Require(35) node_modules/_egg@2.29.1@egg/app/extend/helper.js",
    "start": 1611387865227,
    "end": 1611387865228,
    "duration": 1,
    "pid": 10492,
    "index": 44
  },
  {
    "name": "Load app.js",
    "start": 1611387865231,
    "end": 1611387865276,
    "duration": 45,
    "pid": 10492,
    "index": 45
  },
  {
    "name": "Require(36) node_modules/_egg-session@3.2.0@egg-session/app.js",
    "start": 1611387865232,
    "end": 1611387865232,
    "duration": 0,
    "pid": 10492,
    "index": 46
  },
  {
    "name": "Require(37) node_modules/_egg-security@2.8.0@egg-security/app.js",
    "start": 1611387865233,
    "end": 1611387865235,
    "duration": 2,
    "pid": 10492,
    "index": 47
  },
  {
    "name": "Require(38) node_modules/_egg-onerror@2.1.0@egg-onerror/app.js",
    "start": 1611387865236,
    "end": 1611387865252,
    "duration": 16,
    "pid": 10492,
    "index": 48
  },
  {
    "name": "Require(39) node_modules/_egg-i18n@2.1.1@egg-i18n/app.js",
    "start": 1611387865253,
    "end": 1611387865263,
    "duration": 10,
    "pid": 10492,
    "index": 49
  },
  {
    "name": "Require(40) node_modules/_egg-watcher@3.1.1@egg-watcher/app.js",
    "start": 1611387865263,
    "end": 1611387865268,
    "duration": 5,
    "pid": 10492,
    "index": 50
  },
  {
    "name": "Require(41) node_modules/_egg-schedule@3.6.6@egg-schedule/app.js",
    "start": 1611387865269,
    "end": 1611387865271,
    "duration": 2,
    "pid": 10492,
    "index": 51
  },
  {
    "name": "Require(42) node_modules/_egg-multipart@2.10.3@egg-multipart/app.js",
    "start": 1611387865272,
    "end": 1611387865272,
    "duration": 0,
    "pid": 10492,
    "index": 52
  },
  {
    "name": "Require(43) node_modules/_egg-development@2.7.0@egg-development/app.js",
    "start": 1611387865272,
    "end": 1611387865273,
    "duration": 1,
    "pid": 10492,
    "index": 53
  },
  {
    "name": "Require(44) node_modules/_egg-logrotator@3.1.0@egg-logrotator/app.js",
    "start": 1611387865273,
    "end": 1611387865273,
    "duration": 0,
    "pid": 10492,
    "index": 54
  },
  {
    "name": "Require(45) node_modules/_egg-static@2.2.0@egg-static/app.js",
    "start": 1611387865274,
    "end": 1611387865274,
    "duration": 0,
    "pid": 10492,
    "index": 55
  },
  {
    "name": "Require(46) node_modules/_egg-view-ejs@2.0.1@egg-view-ejs/app.js",
    "start": 1611387865275,
    "end": 1611387865275,
    "duration": 0,
    "pid": 10492,
    "index": 56
  },
  {
    "name": "Before Start in node_modules/_egg-watcher@3.1.1@egg-watcher/lib/init.js:15:14",
    "start": 1611387865285,
    "end": 1611387865497,
    "duration": 212,
    "pid": 10492,
    "index": 57
  },
  {
    "name": "Load Service",
    "start": 1611387865319,
    "end": 1611387865323,
    "duration": 4,
    "pid": 10492,
    "index": 58
  },
  {
    "name": "Load \"service\" to Context",
    "start": 1611387865319,
    "end": 1611387865323,
    "duration": 4,
    "pid": 10492,
    "index": 59
  },
  {
    "name": "Load Middleware",
    "start": 1611387865323,
    "end": 1611387865479,
    "duration": 156,
    "pid": 10492,
    "index": 60
  },
  {
    "name": "Load \"middlewares\" to Application",
    "start": 1611387865323,
    "end": 1611387865463,
    "duration": 140,
    "pid": 10492,
    "index": 61
  },
  {
    "name": "Load Controller",
    "start": 1611387865479,
    "end": 1611387865482,
    "duration": 3,
    "pid": 10492,
    "index": 62
  },
  {
    "name": "Load \"controller\" to Application",
    "start": 1611387865479,
    "end": 1611387865482,
    "duration": 3,
    "pid": 10492,
    "index": 63
  },
  {
    "name": "Load Router",
    "start": 1611387865482,
    "end": 1611387865484,
    "duration": 2,
    "pid": 10492,
    "index": 64
  },
  {
    "name": "Require(47) app/router.js",
    "start": 1611387865483,
    "end": 1611387865483,
    "duration": 0,
    "pid": 10492,
    "index": 65
  },
  {
    "name": "Before Start in node_modules/_egg-core@4.20.0@egg-core/lib/egg.js:303:10",
    "start": 1611387865483,
    "end": 1611387865491,
    "duration": 8,
    "pid": 10492,
    "index": 66
  }
]