[
  {
    "name": "Process Start",
    "start": 1611387855972,
    "end": 1611387857077,
    "duration": 1105,
    "pid": 8808,
    "index": 0
  },
  {
    "name": "Application Start",
    "start": 1611387857078,
    "end": 1611387857485,
    "duration": 407,
    "pid": 8808,
    "index": 1
  },
  {
    "name": "Load Plugin",
    "start": 1611387857081,
    "end": 1611387857099,
    "duration": 18,
    "pid": 8808,
    "index": 2
  },
  {
    "name": "Load Config",
    "start": 1611387857099,
    "end": 1611387857120,
    "duration": 21,
    "pid": 8808,
    "index": 3
  },
  {
    "name": "Require(0) config/config.default.js",
    "start": 1611387857100,
    "end": 1611387857100,
    "duration": 0,
    "pid": 8808,
    "index": 4
  },
  {
    "name": "Require(1) node_modules/_egg-session@3.2.0@egg-session/config/config.default.js",
    "start": 1611387857102,
    "end": 1611387857102,
    "duration": 0,
    "pid": 8808,
    "index": 5
  },
  {
    "name": "Require(2) node_modules/_egg-security@2.8.0@egg-security/config/config.default.js",
    "start": 1611387857102,
    "end": 1611387857103,
    "duration": 1,
    "pid": 8808,
    "index": 6
  },
  {
    "name": "Require(3) node_modules/_egg-jsonp@2.0.0@egg-jsonp/config/config.default.js",
    "start": 1611387857104,
    "end": 1611387857104,
    "duration": 0,
    "pid": 8808,
    "index": 7
  },
  {
    "name": "Require(4) node_modules/_egg-onerror@2.1.0@egg-onerror/config/config.default.js",
    "start": 1611387857104,
    "end": 1611387857105,
    "duration": 1,
    "pid": 8808,
    "index": 8
  },
  {
    "name": "Require(5) node_modules/_egg-i18n@2.1.1@egg-i18n/config/config.default.js",
    "start": 1611387857105,
    "end": 1611387857106,
    "duration": 1,
    "pid": 8808,
    "index": 9
  },
  {
    "name": "Require(6) node_modules/_egg-watcher@3.1.1@egg-watcher/config/config.default.js",
    "start": 1611387857106,
    "end": 1611387857107,
    "duration": 1,
    "pid": 8808,
    "index": 10
  },
  {
    "name": "Require(7) node_modules/_egg-schedule@3.6.6@egg-schedule/config/config.default.js",
    "start": 1611387857107,
    "end": 1611387857108,
    "duration": 1,
    "pid": 8808,
    "index": 11
  },
  {
    "name": "Require(8) node_modules/_egg-multipart@2.10.3@egg-multipart/config/config.default.js",
    "start": 1611387857108,
    "end": 1611387857109,
    "duration": 1,
    "pid": 8808,
    "index": 12
  },
  {
    "name": "Require(9) node_modules/_egg-development@2.7.0@egg-development/config/config.default.js",
    "start": 1611387857109,
    "end": 1611387857110,
    "duration": 1,
    "pid": 8808,
    "index": 13
  },
  {
    "name": "Require(10) node_modules/_egg-logrotator@3.1.0@egg-logrotator/config/config.default.js",
    "start": 1611387857110,
    "end": 1611387857111,
    "duration": 1,
    "pid": 8808,
    "index": 14
  },
  {
    "name": "Require(11) node_modules/_egg-static@2.2.0@egg-static/config/config.default.js",
    "start": 1611387857111,
    "end": 1611387857111,
    "duration": 0,
    "pid": 8808,
    "index": 15
  },
  {
    "name": "Require(12) node_modules/_egg-view@2.1.3@egg-view/config/config.default.js",
    "start": 1611387857112,
    "end": 1611387857112,
    "duration": 0,
    "pid": 8808,
    "index": 16
  },
  {
    "name": "Require(13) node_modules/_egg-view-ejs@2.0.1@egg-view-ejs/config/config.default.js",
    "start": 1611387857113,
    "end": 1611387857113,
    "duration": 0,
    "pid": 8808,
    "index": 17
  },
  {
    "name": "Require(14) node_modules/_egg@2.29.1@egg/config/config.default.js",
    "start": 1611387857114,
    "end": 1611387857114,
    "duration": 0,
    "pid": 8808,
    "index": 18
  },
  {
    "name": "Require(15) config/config.default.js",
    "start": 1611387857115,
    "end": 1611387857115,
    "duration": 0,
    "pid": 8808,
    "index": 19
  },
  {
    "name": "Require(16) node_modules/_egg-security@2.8.0@egg-security/config/config.local.js",
    "start": 1611387857116,
    "end": 1611387857116,
    "duration": 0,
    "pid": 8808,
    "index": 20
  },
  {
    "name": "Require(17) node_modules/_egg-watcher@3.1.1@egg-watcher/config/config.local.js",
    "start": 1611387857117,
    "end": 1611387857117,
    "duration": 0,
    "pid": 8808,
    "index": 21
  },
  {
    "name": "Require(18) node_modules/_egg-view@2.1.3@egg-view/config/config.local.js",
    "start": 1611387857119,
    "end": 1611387857119,
    "duration": 0,
    "pid": 8808,
    "index": 22
  },
  {
    "name": "Require(19) node_modules/_egg-view-ejs@2.0.1@egg-view-ejs/config/config.local.js",
    "start": 1611387857119,
    "end": 1611387857119,
    "duration": 0,
    "pid": 8808,
    "index": 23
  },
  {
    "name": "Require(20) node_modules/_egg@2.29.1@egg/config/config.local.js",
    "start": 1611387857120,
    "end": 1611387857120,
    "duration": 0,
    "pid": 8808,
    "index": 24
  },
  {
    "name": "Load extend/application.js",
    "start": 1611387857121,
    "end": 1611387857137,
    "duration": 16,
    "pid": 8808,
    "index": 25
  },
  {
    "name": "Require(21) node_modules/_egg-session@3.2.0@egg-session/app/extend/application.js",
    "start": 1611387857122,
    "end": 1611387857122,
    "duration": 0,
    "pid": 8808,
    "index": 26
  },
  {
    "name": "Require(22) node_modules/_egg-security@2.8.0@egg-security/app/extend/application.js",
    "start": 1611387857123,
    "end": 1611387857124,
    "duration": 1,
    "pid": 8808,
    "index": 27
  },
  {
    "name": "Require(23) node_modules/_egg-jsonp@2.0.0@egg-jsonp/app/extend/application.js",
    "start": 1611387857124,
    "end": 1611387857127,
    "duration": 3,
    "pid": 8808,
    "index": 28
  },
  {
    "name": "Require(24) node_modules/_egg-logrotator@3.1.0@egg-logrotator/app/extend/application.js",
    "start": 1611387857128,
    "end": 1611387857131,
    "duration": 3,
    "pid": 8808,
    "index": 29
  },
  {
    "name": "Require(25) node_modules/_egg-view@2.1.3@egg-view/app/extend/application.js",
    "start": 1611387857132,
    "end": 1611387857134,
    "duration": 2,
    "pid": 8808,
    "index": 30
  },
  {
    "name": "Load extend/request.js",
    "start": 1611387857137,
    "end": 1611387857147,
    "duration": 10,
    "pid": 8808,
    "index": 31
  },
  {
    "name": "Require(26) node_modules/_egg@2.29.1@egg/app/extend/request.js",
    "start": 1611387857140,
    "end": 1611387857142,
    "duration": 2,
    "pid": 8808,
    "index": 32
  },
  {
    "name": "Load extend/response.js",
    "start": 1611387857147,
    "end": 1611387857155,
    "duration": 8,
    "pid": 8808,
    "index": 33
  },
  {
    "name": "Require(27) node_modules/_egg@2.29.1@egg/app/extend/response.js",
    "start": 1611387857150,
    "end": 1611387857152,
    "duration": 2,
    "pid": 8808,
    "index": 34
  },
  {
    "name": "Load extend/context.js",
    "start": 1611387857156,
    "end": 1611387857224,
    "duration": 68,
    "pid": 8808,
    "index": 35
  },
  {
    "name": "Require(28) node_modules/_egg-security@2.8.0@egg-security/app/extend/context.js",
    "start": 1611387857156,
    "end": 1611387857169,
    "duration": 13,
    "pid": 8808,
    "index": 36
  },
  {
    "name": "Require(29) node_modules/_egg-jsonp@2.0.0@egg-jsonp/app/extend/context.js",
    "start": 1611387857170,
    "end": 1611387857171,
    "duration": 1,
    "pid": 8808,
    "index": 37
  },
  {
    "name": "Require(30) node_modules/_egg-i18n@2.1.1@egg-i18n/app/extend/context.js",
    "start": 1611387857171,
    "end": 1611387857172,
    "duration": 1,
    "pid": 8808,
    "index": 38
  },
  {
    "name": "Require(31) node_modules/_egg-multipart@2.10.3@egg-multipart/app/extend/context.js",
    "start": 1611387857173,
    "end": 1611387857218,
    "duration": 45,
    "pid": 8808,
    "index": 39
  },
  {
    "name": "Require(32) node_modules/_egg-view@2.1.3@egg-view/app/extend/context.js",
    "start": 1611387857218,
    "end": 1611387857219,
    "duration": 1,
    "pid": 8808,
    "index": 40
  },
  {
    "name": "Require(33) node_modules/_egg@2.29.1@egg/app/extend/context.js",
    "start": 1611387857220,
    "end": 1611387857221,
    "duration": 1,
    "pid": 8808,
    "index": 41
  },
  {
    "name": "Load extend/helper.js",
    "start": 1611387857224,
    "end": 1611387857246,
    "duration": 22,
    "pid": 8808,
    "index": 42
  },
  {
    "name": "Require(34) node_modules/_egg-security@2.8.0@egg-security/app/extend/helper.js",
    "start": 1611387857225,
    "end": 1611387857241,
    "duration": 16,
    "pid": 8808,
    "index": 43
  },
  {
    "name": "Require(35) node_modules/_egg@2.29.1@egg/app/extend/helper.js",
    "start": 1611387857243,
    "end": 1611387857244,
    "duration": 1,
    "pid": 8808,
    "index": 44
  },
  {
    "name": "Load app.js",
    "start": 1611387857247,
    "end": 1611387857278,
    "duration": 31,
    "pid": 8808,
    "index": 45
  },
  {
    "name": "Require(36) node_modules/_egg-session@3.2.0@egg-session/app.js",
    "start": 1611387857247,
    "end": 1611387857247,
    "duration": 0,
    "pid": 8808,
    "index": 46
  },
  {
    "name": "Require(37) node_modules/_egg-security@2.8.0@egg-security/app.js",
    "start": 1611387857248,
    "end": 1611387857249,
    "duration": 1,
    "pid": 8808,
    "index": 47
  },
  {
    "name": "Require(38) node_modules/_egg-onerror@2.1.0@egg-onerror/app.js",
    "start": 1611387857250,
    "end": 1611387857259,
    "duration": 9,
    "pid": 8808,
    "index": 48
  },
  {
    "name": "Require(39) node_modules/_egg-i18n@2.1.1@egg-i18n/app.js",
    "start": 1611387857260,
    "end": 1611387857267,
    "duration": 7,
    "pid": 8808,
    "index": 49
  },
  {
    "name": "Require(40) node_modules/_egg-watcher@3.1.1@egg-watcher/app.js",
    "start": 1611387857268,
    "end": 1611387857271,
    "duration": 3,
    "pid": 8808,
    "index": 50
  },
  {
    "name": "Require(41) node_modules/_egg-schedule@3.6.6@egg-schedule/app.js",
    "start": 1611387857271,
    "end": 1611387857274,
    "duration": 3,
    "pid": 8808,
    "index": 51
  },
  {
    "name": "Require(42) node_modules/_egg-multipart@2.10.3@egg-multipart/app.js",
    "start": 1611387857274,
    "end": 1611387857275,
    "duration": 1,
    "pid": 8808,
    "index": 52
  },
  {
    "name": "Require(43) node_modules/_egg-development@2.7.0@egg-development/app.js",
    "start": 1611387857275,
    "end": 1611387857275,
    "duration": 0,
    "pid": 8808,
    "index": 53
  },
  {
    "name": "Require(44) node_modules/_egg-logrotator@3.1.0@egg-logrotator/app.js",
    "start": 1611387857276,
    "end": 1611387857276,
    "duration": 0,
    "pid": 8808,
    "index": 54
  },
  {
    "name": "Require(45) node_modules/_egg-static@2.2.0@egg-static/app.js",
    "start": 1611387857276,
    "end": 1611387857276,
    "duration": 0,
    "pid": 8808,
    "index": 55
  },
  {
    "name": "Require(46) node_modules/_egg-view-ejs@2.0.1@egg-view-ejs/app.js",
    "start": 1611387857277,
    "end": 1611387857277,
    "duration": 0,
    "pid": 8808,
    "index": 56
  },
  {
    "name": "Before Start in node_modules/_egg-watcher@3.1.1@egg-watcher/lib/init.js:15:14",
    "start": 1611387857287,
    "end": 1611387857485,
    "duration": 198,
    "pid": 8808,
    "index": 57
  },
  {
    "name": "Load Service",
    "start": 1611387857318,
    "end": 1611387857322,
    "duration": 4,
    "pid": 8808,
    "index": 58
  },
  {
    "name": "Load \"service\" to Context",
    "start": 1611387857318,
    "end": 1611387857322,
    "duration": 4,
    "pid": 8808,
    "index": 59
  },
  {
    "name": "Load Middleware",
    "start": 1611387857323,
    "end": 1611387857466,
    "duration": 143,
    "pid": 8808,
    "index": 60
  },
  {
    "name": "Load \"middlewares\" to Application",
    "start": 1611387857323,
    "end": 1611387857451,
    "duration": 128,
    "pid": 8808,
    "index": 61
  },
  {
    "name": "Load Controller",
    "start": 1611387857466,
    "end": 1611387857469,
    "duration": 3,
    "pid": 8808,
    "index": 62
  },
  {
    "name": "Load \"controller\" to Application",
    "start": 1611387857466,
    "end": 1611387857469,
    "duration": 3,
    "pid": 8808,
    "index": 63
  },
  {
    "name": "Load Router",
    "start": 1611387857469,
    "end": 1611387857471,
    "duration": 2,
    "pid": 8808,
    "index": 64
  },
  {
    "name": "Require(47) app/router.js",
    "start": 1611387857470,
    "end": 1611387857470,
    "duration": 0,
    "pid": 8808,
    "index": 65
  },
  {
    "name": "Before Start in node_modules/_egg-core@4.20.0@egg-core/lib/egg.js:303:10",
    "start": 1611387857470,
    "end": 1611387857477,
    "duration": 7,
    "pid": 8808,
    "index": 66
  }
]