[
  {
    "name": "Process Start",
    "start": 1611387762715,
    "end": 1611387763803,
    "duration": 1088,
    "pid": 2116,
    "index": 0
  },
  {
    "name": "Application Start",
    "start": 1611387763804,
    "end": 1611387764200,
    "duration": 396,
    "pid": 2116,
    "index": 1
  },
  {
    "name": "Load Plugin",
    "start": 1611387763808,
    "end": 1611387763826,
    "duration": 18,
    "pid": 2116,
    "index": 2
  },
  {
    "name": "Load Config",
    "start": 1611387763826,
    "end": 1611387763846,
    "duration": 20,
    "pid": 2116,
    "index": 3
  },
  {
    "name": "Require(0) config/config.default.js",
    "start": 1611387763827,
    "end": 1611387763827,
    "duration": 0,
    "pid": 2116,
    "index": 4
  },
  {
    "name": "Require(1) node_modules/_egg-session@3.2.0@egg-session/config/config.default.js",
    "start": 1611387763828,
    "end": 1611387763828,
    "duration": 0,
    "pid": 2116,
    "index": 5
  },
  {
    "name": "Require(2) node_modules/_egg-security@2.8.0@egg-security/config/config.default.js",
    "start": 1611387763829,
    "end": 1611387763829,
    "duration": 0,
    "pid": 2116,
    "index": 6
  },
  {
    "name": "Require(3) node_modules/_egg-jsonp@2.0.0@egg-jsonp/config/config.default.js",
    "start": 1611387763830,
    "end": 1611387763831,
    "duration": 1,
    "pid": 2116,
    "index": 7
  },
  {
    "name": "Require(4) node_modules/_egg-onerror@2.1.0@egg-onerror/config/config.default.js",
    "start": 1611387763831,
    "end": 1611387763831,
    "duration": 0,
    "pid": 2116,
    "index": 8
  },
  {
    "name": "Require(5) node_modules/_egg-i18n@2.1.1@egg-i18n/config/config.default.js",
    "start": 1611387763832,
    "end": 1611387763832,
    "duration": 0,
    "pid": 2116,
    "index": 9
  },
  {
    "name": "Require(6) node_modules/_egg-watcher@3.1.1@egg-watcher/config/config.default.js",
    "start": 1611387763833,
    "end": 1611387763833,
    "duration": 0,
    "pid": 2116,
    "index": 10
  },
  {
    "name": "Require(7) node_modules/_egg-schedule@3.6.6@egg-schedule/config/config.default.js",
    "start": 1611387763833,
    "end": 1611387763834,
    "duration": 1,
    "pid": 2116,
    "index": 11
  },
  {
    "name": "Require(8) node_modules/_egg-multipart@2.10.3@egg-multipart/config/config.default.js",
    "start": 1611387763834,
    "end": 1611387763835,
    "duration": 1,
    "pid": 2116,
    "index": 12
  },
  {
    "name": "Require(9) node_modules/_egg-development@2.7.0@egg-development/config/config.default.js",
    "start": 1611387763835,
    "end": 1611387763836,
    "duration": 1,
    "pid": 2116,
    "index": 13
  },
  {
    "name": "Require(10) node_modules/_egg-logrotator@3.1.0@egg-logrotator/config/config.default.js",
    "start": 1611387763836,
    "end": 1611387763837,
    "duration": 1,
    "pid": 2116,
    "index": 14
  },
  {
    "name": "Require(11) node_modules/_egg-static@2.2.0@egg-static/config/config.default.js",
    "start": 1611387763837,
    "end": 1611387763837,
    "duration": 0,
    "pid": 2116,
    "index": 15
  },
  {
    "name": "Require(12) node_modules/_egg-view@2.1.3@egg-view/config/config.default.js",
    "start": 1611387763838,
    "end": 1611387763838,
    "duration": 0,
    "pid": 2116,
    "index": 16
  },
  {
    "name": "Require(13) node_modules/_egg-view-ejs@2.0.1@egg-view-ejs/config/config.default.js",
    "start": 1611387763839,
    "end": 1611387763839,
    "duration": 0,
    "pid": 2116,
    "index": 17
  },
  {
    "name": "Require(14) node_modules/_egg@2.29.1@egg/config/config.default.js",
    "start": 1611387763840,
    "end": 1611387763840,
    "duration": 0,
    "pid": 2116,
    "index": 18
  },
  {
    "name": "Require(15) config/config.default.js",
    "start": 1611387763841,
    "end": 1611387763841,
    "duration": 0,
    "pid": 2116,
    "index": 19
  },
  {
    "name": "Require(16) node_modules/_egg-security@2.8.0@egg-security/config/config.local.js",
    "start": 1611387763842,
    "end": 1611387763842,
    "duration": 0,
    "pid": 2116,
    "index": 20
  },
  {
    "name": "Require(17) node_modules/_egg-watcher@3.1.1@egg-watcher/config/config.local.js",
    "start": 1611387763843,
    "end": 1611387763843,
    "duration": 0,
    "pid": 2116,
    "index": 21
  },
  {
    "name": "Require(18) node_modules/_egg-view@2.1.3@egg-view/config/config.local.js",
    "start": 1611387763844,
    "end": 1611387763845,
    "duration": 1,
    "pid": 2116,
    "index": 22
  },
  {
    "name": "Require(19) node_modules/_egg-view-ejs@2.0.1@egg-view-ejs/config/config.local.js",
    "start": 1611387763845,
    "end": 1611387763845,
    "duration": 0,
    "pid": 2116,
    "index": 23
  },
  {
    "name": "Require(20) node_modules/_egg@2.29.1@egg/config/config.local.js",
    "start": 1611387763846,
    "end": 1611387763846,
    "duration": 0,
    "pid": 2116,
    "index": 24
  },
  {
    "name": "Load extend/application.js",
    "start": 1611387763847,
    "end": 1611387763862,
    "duration": 15,
    "pid": 2116,
    "index": 25
  },
  {
    "name": "Require(21) node_modules/_egg-session@3.2.0@egg-session/app/extend/application.js",
    "start": 1611387763847,
    "end": 1611387763848,
    "duration": 1,
    "pid": 2116,
    "index": 26
  },
  {
    "name": "Require(22) node_modules/_egg-security@2.8.0@egg-security/app/extend/application.js",
    "start": 1611387763848,
    "end": 1611387763849,
    "duration": 1,
    "pid": 2116,
    "index": 27
  },
  {
    "name": "Require(23) node_modules/_egg-jsonp@2.0.0@egg-jsonp/app/extend/application.js",
    "start": 1611387763850,
    "end": 1611387763852,
    "duration": 2,
    "pid": 2116,
    "index": 28
  },
  {
    "name": "Require(24) node_modules/_egg-logrotator@3.1.0@egg-logrotator/app/extend/application.js",
    "start": 1611387763853,
    "end": 1611387763856,
    "duration": 3,
    "pid": 2116,
    "index": 29
  },
  {
    "name": "Require(25) node_modules/_egg-view@2.1.3@egg-view/app/extend/application.js",
    "start": 1611387763857,
    "end": 1611387763859,
    "duration": 2,
    "pid": 2116,
    "index": 30
  },
  {
    "name": "Load extend/request.js",
    "start": 1611387763862,
    "end": 1611387763871,
    "duration": 9,
    "pid": 2116,
    "index": 31
  },
  {
    "name": "Require(26) node_modules/_egg@2.29.1@egg/app/extend/request.js",
    "start": 1611387763865,
    "end": 1611387763866,
    "duration": 1,
    "pid": 2116,
    "index": 32
  },
  {
    "name": "Load extend/response.js",
    "start": 1611387763871,
    "end": 1611387763880,
    "duration": 9,
    "pid": 2116,
    "index": 33
  },
  {
    "name": "Require(27) node_modules/_egg@2.29.1@egg/app/extend/response.js",
    "start": 1611387763874,
    "end": 1611387763876,
    "duration": 2,
    "pid": 2116,
    "index": 34
  },
  {
    "name": "Load extend/context.js",
    "start": 1611387763880,
    "end": 1611387763963,
    "duration": 83,
    "pid": 2116,
    "index": 35
  },
  {
    "name": "Require(28) node_modules/_egg-security@2.8.0@egg-security/app/extend/context.js",
    "start": 1611387763880,
    "end": 1611387763893,
    "duration": 13,
    "pid": 2116,
    "index": 36
  },
  {
    "name": "Require(29) node_modules/_egg-jsonp@2.0.0@egg-jsonp/app/extend/context.js",
    "start": 1611387763893,
    "end": 1611387763895,
    "duration": 2,
    "pid": 2116,
    "index": 37
  },
  {
    "name": "Require(30) node_modules/_egg-i18n@2.1.1@egg-i18n/app/extend/context.js",
    "start": 1611387763895,
    "end": 1611387763896,
    "duration": 1,
    "pid": 2116,
    "index": 38
  },
  {
    "name": "Require(31) node_modules/_egg-multipart@2.10.3@egg-multipart/app/extend/context.js",
    "start": 1611387763896,
    "end": 1611387763957,
    "duration": 61,
    "pid": 2116,
    "index": 39
  },
  {
    "name": "Require(32) node_modules/_egg-view@2.1.3@egg-view/app/extend/context.js",
    "start": 1611387763958,
    "end": 1611387763959,
    "duration": 1,
    "pid": 2116,
    "index": 40
  },
  {
    "name": "Require(33) node_modules/_egg@2.29.1@egg/app/extend/context.js",
    "start": 1611387763959,
    "end": 1611387763960,
    "duration": 1,
    "pid": 2116,
    "index": 41
  },
  {
    "name": "Load extend/helper.js",
    "start": 1611387763963,
    "end": 1611387763984,
    "duration": 21,
    "pid": 2116,
    "index": 42
  },
  {
    "name": "Require(34) node_modules/_egg-security@2.8.0@egg-security/app/extend/helper.js",
    "start": 1611387763963,
    "end": 1611387763979,
    "duration": 16,
    "pid": 2116,
    "index": 43
  },
  {
    "name": "Require(35) node_modules/_egg@2.29.1@egg/app/extend/helper.js",
    "start": 1611387763981,
    "end": 1611387763982,
    "duration": 1,
    "pid": 2116,
    "index": 44
  },
  {
    "name": "Load app.js",
    "start": 1611387763984,
    "end": 1611387764015,
    "duration": 31,
    "pid": 2116,
    "index": 45
  },
  {
    "name": "Require(36) node_modules/_egg-session@3.2.0@egg-session/app.js",
    "start": 1611387763985,
    "end": 1611387763985,
    "duration": 0,
    "pid": 2116,
    "index": 46
  },
  {
    "name": "Require(37) node_modules/_egg-security@2.8.0@egg-security/app.js",
    "start": 1611387763985,
    "end": 1611387763987,
    "duration": 2,
    "pid": 2116,
    "index": 47
  },
  {
    "name": "Require(38) node_modules/_egg-onerror@2.1.0@egg-onerror/app.js",
    "start": 1611387763988,
    "end": 1611387763997,
    "duration": 9,
    "pid": 2116,
    "index": 48
  },
  {
    "name": "Require(39) node_modules/_egg-i18n@2.1.1@egg-i18n/app.js",
    "start": 1611387763997,
    "end": 1611387764005,
    "duration": 8,
    "pid": 2116,
    "index": 49
  },
  {
    "name": "Require(40) node_modules/_egg-watcher@3.1.1@egg-watcher/app.js",
    "start": 1611387764005,
    "end": 1611387764009,
    "duration": 4,
    "pid": 2116,
    "index": 50
  },
  {
    "name": "Require(41) node_modules/_egg-schedule@3.6.6@egg-schedule/app.js",
    "start": 1611387764010,
    "end": 1611387764011,
    "duration": 1,
    "pid": 2116,
    "index": 51
  },
  {
    "name": "Require(42) node_modules/_egg-multipart@2.10.3@egg-multipart/app.js",
    "start": 1611387764012,
    "end": 1611387764012,
    "duration": 0,
    "pid": 2116,
    "index": 52
  },
  {
    "name": "Require(43) node_modules/_egg-development@2.7.0@egg-development/app.js",
    "start": 1611387764012,
    "end": 1611387764013,
    "duration": 1,
    "pid": 2116,
    "index": 53
  },
  {
    "name": "Require(44) node_modules/_egg-logrotator@3.1.0@egg-logrotator/app.js",
    "start": 1611387764013,
    "end": 1611387764013,
    "duration": 0,
    "pid": 2116,
    "index": 54
  },
  {
    "name": "Require(45) node_modules/_egg-static@2.2.0@egg-static/app.js",
    "start": 1611387764013,
    "end": 1611387764014,
    "duration": 1,
    "pid": 2116,
    "index": 55
  },
  {
    "name": "Require(46) node_modules/_egg-view-ejs@2.0.1@egg-view-ejs/app.js",
    "start": 1611387764014,
    "end": 1611387764014,
    "duration": 0,
    "pid": 2116,
    "index": 56
  },
  {
    "name": "Before Start in node_modules/_egg-watcher@3.1.1@egg-watcher/lib/init.js:15:14",
    "start": 1611387764023,
    "end": 1611387764200,
    "duration": 177,
    "pid": 2116,
    "index": 57
  },
  {
    "name": "Load Service",
    "start": 1611387764051,
    "end": 1611387764056,
    "duration": 5,
    "pid": 2116,
    "index": 58
  },
  {
    "name": "Load \"service\" to Context",
    "start": 1611387764052,
    "end": 1611387764056,
    "duration": 4,
    "pid": 2116,
    "index": 59
  },
  {
    "name": "Load Middleware",
    "start": 1611387764056,
    "end": 1611387764183,
    "duration": 127,
    "pid": 2116,
    "index": 60
  },
  {
    "name": "Load \"middlewares\" to Application",
    "start": 1611387764056,
    "end": 1611387764169,
    "duration": 113,
    "pid": 2116,
    "index": 61
  },
  {
    "name": "Load Controller",
    "start": 1611387764183,
    "end": 1611387764186,
    "duration": 3,
    "pid": 2116,
    "index": 62
  },
  {
    "name": "Load \"controller\" to Application",
    "start": 1611387764183,
    "end": 1611387764186,
    "duration": 3,
    "pid": 2116,
    "index": 63
  },
  {
    "name": "Load Router",
    "start": 1611387764186,
    "end": 1611387764188,
    "duration": 2,
    "pid": 2116,
    "index": 64
  },
  {
    "name": "Require(47) app/router.js",
    "start": 1611387764186,
    "end": 1611387764187,
    "duration": 1,
    "pid": 2116,
    "index": 65
  },
  {
    "name": "Before Start in node_modules/_egg-core@4.20.0@egg-core/lib/egg.js:303:10",
    "start": 1611387764187,
    "end": 1611387764194,
    "duration": 7,
    "pid": 2116,
    "index": 66
  }
]