[
  {
    "name": "Process Start",
    "start": 1611387775445,
    "end": 1611387776473,
    "duration": 1028,
    "pid": 7800,
    "index": 0
  },
  {
    "name": "Application Start",
    "start": 1611387776473,
    "end": 1611387776884,
    "duration": 411,
    "pid": 7800,
    "index": 1
  },
  {
    "name": "Load Plugin",
    "start": 1611387776477,
    "end": 1611387776495,
    "duration": 18,
    "pid": 7800,
    "index": 2
  },
  {
    "name": "Load Config",
    "start": 1611387776495,
    "end": 1611387776514,
    "duration": 19,
    "pid": 7800,
    "index": 3
  },
  {
    "name": "Require(0) config/config.default.js",
    "start": 1611387776495,
    "end": 1611387776495,
    "duration": 0,
    "pid": 7800,
    "index": 4
  },
  {
    "name": "Require(1) node_modules/_egg-session@3.2.0@egg-session/config/config.default.js",
    "start": 1611387776497,
    "end": 1611387776497,
    "duration": 0,
    "pid": 7800,
    "index": 5
  },
  {
    "name": "Require(2) node_modules/_egg-security@2.8.0@egg-security/config/config.default.js",
    "start": 1611387776497,
    "end": 1611387776498,
    "duration": 1,
    "pid": 7800,
    "index": 6
  },
  {
    "name": "Require(3) node_modules/_egg-jsonp@2.0.0@egg-jsonp/config/config.default.js",
    "start": 1611387776499,
    "end": 1611387776499,
    "duration": 0,
    "pid": 7800,
    "index": 7
  },
  {
    "name": "Require(4) node_modules/_egg-onerror@2.1.0@egg-onerror/config/config.default.js",
    "start": 1611387776499,
    "end": 1611387776500,
    "duration": 1,
    "pid": 7800,
    "index": 8
  },
  {
    "name": "Require(5) node_modules/_egg-i18n@2.1.1@egg-i18n/config/config.default.js",
    "start": 1611387776500,
    "end": 1611387776500,
    "duration": 0,
    "pid": 7800,
    "index": 9
  },
  {
    "name": "Require(6) node_modules/_egg-watcher@3.1.1@egg-watcher/config/config.default.js",
    "start": 1611387776501,
    "end": 1611387776501,
    "duration": 0,
    "pid": 7800,
    "index": 10
  },
  {
    "name": "Require(7) node_modules/_egg-schedule@3.6.6@egg-schedule/config/config.default.js",
    "start": 1611387776502,
    "end": 1611387776502,
    "duration": 0,
    "pid": 7800,
    "index": 11
  },
  {
    "name": "Require(8) node_modules/_egg-multipart@2.10.3@egg-multipart/config/config.default.js",
    "start": 1611387776502,
    "end": 1611387776503,
    "duration": 1,
    "pid": 7800,
    "index": 12
  },
  {
    "name": "Require(9) node_modules/_egg-development@2.7.0@egg-development/config/config.default.js",
    "start": 1611387776503,
    "end": 1611387776504,
    "duration": 1,
    "pid": 7800,
    "index": 13
  },
  {
    "name": "Require(10) node_modules/_egg-logrotator@3.1.0@egg-logrotator/config/config.default.js",
    "start": 1611387776504,
    "end": 1611387776504,
    "duration": 0,
    "pid": 7800,
    "index": 14
  },
  {
    "name": "Require(11) node_modules/_egg-static@2.2.0@egg-static/config/config.default.js",
    "start": 1611387776505,
    "end": 1611387776505,
    "duration": 0,
    "pid": 7800,
    "index": 15
  },
  {
    "name": "Require(12) node_modules/_egg-view@2.1.3@egg-view/config/config.default.js",
    "start": 1611387776506,
    "end": 1611387776506,
    "duration": 0,
    "pid": 7800,
    "index": 16
  },
  {
    "name": "Require(13) node_modules/_egg-view-ejs@2.0.1@egg-view-ejs/config/config.default.js",
    "start": 1611387776506,
    "end": 1611387776507,
    "duration": 1,
    "pid": 7800,
    "index": 17
  },
  {
    "name": "Require(14) node_modules/_egg@2.29.1@egg/config/config.default.js",
    "start": 1611387776507,
    "end": 1611387776507,
    "duration": 0,
    "pid": 7800,
    "index": 18
  },
  {
    "name": "Require(15) config/config.default.js",
    "start": 1611387776508,
    "end": 1611387776508,
    "duration": 0,
    "pid": 7800,
    "index": 19
  },
  {
    "name": "Require(16) node_modules/_egg-security@2.8.0@egg-security/config/config.local.js",
    "start": 1611387776510,
    "end": 1611387776510,
    "duration": 0,
    "pid": 7800,
    "index": 20
  },
  {
    "name": "Require(17) node_modules/_egg-watcher@3.1.1@egg-watcher/config/config.local.js",
    "start": 1611387776511,
    "end": 1611387776511,
    "duration": 0,
    "pid": 7800,
    "index": 21
  },
  {
    "name": "Require(18) node_modules/_egg-view@2.1.3@egg-view/config/config.local.js",
    "start": 1611387776512,
    "end": 1611387776512,
    "duration": 0,
    "pid": 7800,
    "index": 22
  },
  {
    "name": "Require(19) node_modules/_egg-view-ejs@2.0.1@egg-view-ejs/config/config.local.js",
    "start": 1611387776513,
    "end": 1611387776513,
    "duration": 0,
    "pid": 7800,
    "index": 23
  },
  {
    "name": "Require(20) node_modules/_egg@2.29.1@egg/config/config.local.js",
    "start": 1611387776513,
    "end": 1611387776513,
    "duration": 0,
    "pid": 7800,
    "index": 24
  },
  {
    "name": "Load extend/application.js",
    "start": 1611387776514,
    "end": 1611387776528,
    "duration": 14,
    "pid": 7800,
    "index": 25
  },
  {
    "name": "Require(21) node_modules/_egg-session@3.2.0@egg-session/app/extend/application.js",
    "start": 1611387776515,
    "end": 1611387776515,
    "duration": 0,
    "pid": 7800,
    "index": 26
  },
  {
    "name": "Require(22) node_modules/_egg-security@2.8.0@egg-security/app/extend/application.js",
    "start": 1611387776516,
    "end": 1611387776517,
    "duration": 1,
    "pid": 7800,
    "index": 27
  },
  {
    "name": "Require(23) node_modules/_egg-jsonp@2.0.0@egg-jsonp/app/extend/application.js",
    "start": 1611387776517,
    "end": 1611387776519,
    "duration": 2,
    "pid": 7800,
    "index": 28
  },
  {
    "name": "Require(24) node_modules/_egg-logrotator@3.1.0@egg-logrotator/app/extend/application.js",
    "start": 1611387776521,
    "end": 1611387776523,
    "duration": 2,
    "pid": 7800,
    "index": 29
  },
  {
    "name": "Require(25) node_modules/_egg-view@2.1.3@egg-view/app/extend/application.js",
    "start": 1611387776524,
    "end": 1611387776525,
    "duration": 1,
    "pid": 7800,
    "index": 30
  },
  {
    "name": "Load extend/request.js",
    "start": 1611387776528,
    "end": 1611387776537,
    "duration": 9,
    "pid": 7800,
    "index": 31
  },
  {
    "name": "Require(26) node_modules/_egg@2.29.1@egg/app/extend/request.js",
    "start": 1611387776531,
    "end": 1611387776534,
    "duration": 3,
    "pid": 7800,
    "index": 32
  },
  {
    "name": "Load extend/response.js",
    "start": 1611387776537,
    "end": 1611387776544,
    "duration": 7,
    "pid": 7800,
    "index": 33
  },
  {
    "name": "Require(27) node_modules/_egg@2.29.1@egg/app/extend/response.js",
    "start": 1611387776539,
    "end": 1611387776541,
    "duration": 2,
    "pid": 7800,
    "index": 34
  },
  {
    "name": "Load extend/context.js",
    "start": 1611387776544,
    "end": 1611387776617,
    "duration": 73,
    "pid": 7800,
    "index": 35
  },
  {
    "name": "Require(28) node_modules/_egg-security@2.8.0@egg-security/app/extend/context.js",
    "start": 1611387776544,
    "end": 1611387776557,
    "duration": 13,
    "pid": 7800,
    "index": 36
  },
  {
    "name": "Require(29) node_modules/_egg-jsonp@2.0.0@egg-jsonp/app/extend/context.js",
    "start": 1611387776557,
    "end": 1611387776559,
    "duration": 2,
    "pid": 7800,
    "index": 37
  },
  {
    "name": "Require(30) node_modules/_egg-i18n@2.1.1@egg-i18n/app/extend/context.js",
    "start": 1611387776559,
    "end": 1611387776560,
    "duration": 1,
    "pid": 7800,
    "index": 38
  },
  {
    "name": "Require(31) node_modules/_egg-multipart@2.10.3@egg-multipart/app/extend/context.js",
    "start": 1611387776560,
    "end": 1611387776609,
    "duration": 49,
    "pid": 7800,
    "index": 39
  },
  {
    "name": "Require(32) node_modules/_egg-view@2.1.3@egg-view/app/extend/context.js",
    "start": 1611387776610,
    "end": 1611387776611,
    "duration": 1,
    "pid": 7800,
    "index": 40
  },
  {
    "name": "Require(33) node_modules/_egg@2.29.1@egg/app/extend/context.js",
    "start": 1611387776612,
    "end": 1611387776613,
    "duration": 1,
    "pid": 7800,
    "index": 41
  },
  {
    "name": "Load extend/helper.js",
    "start": 1611387776617,
    "end": 1611387776641,
    "duration": 24,
    "pid": 7800,
    "index": 42
  },
  {
    "name": "Require(34) node_modules/_egg-security@2.8.0@egg-security/app/extend/helper.js",
    "start": 1611387776617,
    "end": 1611387776635,
    "duration": 18,
    "pid": 7800,
    "index": 43
  },
  {
    "name": "Require(35) node_modules/_egg@2.29.1@egg/app/extend/helper.js",
    "start": 1611387776637,
    "end": 1611387776638,
    "duration": 1,
    "pid": 7800,
    "index": 44
  },
  {
    "name": "Load app.js",
    "start": 1611387776641,
    "end": 1611387776675,
    "duration": 34,
    "pid": 7800,
    "index": 45
  },
  {
    "name": "Require(36) node_modules/_egg-session@3.2.0@egg-session/app.js",
    "start": 1611387776641,
    "end": 1611387776642,
    "duration": 1,
    "pid": 7800,
    "index": 46
  },
  {
    "name": "Require(37) node_modules/_egg-security@2.8.0@egg-security/app.js",
    "start": 1611387776642,
    "end": 1611387776644,
    "duration": 2,
    "pid": 7800,
    "index": 47
  },
  {
    "name": "Require(38) node_modules/_egg-onerror@2.1.0@egg-onerror/app.js",
    "start": 1611387776645,
    "end": 1611387776655,
    "duration": 10,
    "pid": 7800,
    "index": 48
  },
  {
    "name": "Require(39) node_modules/_egg-i18n@2.1.1@egg-i18n/app.js",
    "start": 1611387776656,
    "end": 1611387776663,
    "duration": 7,
    "pid": 7800,
    "index": 49
  },
  {
    "name": "Require(40) node_modules/_egg-watcher@3.1.1@egg-watcher/app.js",
    "start": 1611387776664,
    "end": 1611387776668,
    "duration": 4,
    "pid": 7800,
    "index": 50
  },
  {
    "name": "Require(41) node_modules/_egg-schedule@3.6.6@egg-schedule/app.js",
    "start": 1611387776668,
    "end": 1611387776671,
    "duration": 3,
    "pid": 7800,
    "index": 51
  },
  {
    "name": "Require(42) node_modules/_egg-multipart@2.10.3@egg-multipart/app.js",
    "start": 1611387776671,
    "end": 1611387776671,
    "duration": 0,
    "pid": 7800,
    "index": 52
  },
  {
    "name": "Require(43) node_modules/_egg-development@2.7.0@egg-development/app.js",
    "start": 1611387776672,
    "end": 1611387776672,
    "duration": 0,
    "pid": 7800,
    "index": 53
  },
  {
    "name": "Require(44) node_modules/_egg-logrotator@3.1.0@egg-logrotator/app.js",
    "start": 1611387776672,
    "end": 1611387776673,
    "duration": 1,
    "pid": 7800,
    "index": 54
  },
  {
    "name": "Require(45) node_modules/_egg-static@2.2.0@egg-static/app.js",
    "start": 1611387776673,
    "end": 1611387776673,
    "duration": 0,
    "pid": 7800,
    "index": 55
  },
  {
    "name": "Require(46) node_modules/_egg-view-ejs@2.0.1@egg-view-ejs/app.js",
    "start": 1611387776674,
    "end": 1611387776674,
    "duration": 0,
    "pid": 7800,
    "index": 56
  },
  {
    "name": "Before Start in node_modules/_egg-watcher@3.1.1@egg-watcher/lib/init.js:15:14",
    "start": 1611387776683,
    "end": 1611387776884,
    "duration": 201,
    "pid": 7800,
    "index": 57
  },
  {
    "name": "Load Service",
    "start": 1611387776717,
    "end": 1611387776722,
    "duration": 5,
    "pid": 7800,
    "index": 58
  },
  {
    "name": "Load \"service\" to Context",
    "start": 1611387776717,
    "end": 1611387776722,
    "duration": 5,
    "pid": 7800,
    "index": 59
  },
  {
    "name": "Load Middleware",
    "start": 1611387776722,
    "end": 1611387776865,
    "duration": 143,
    "pid": 7800,
    "index": 60
  },
  {
    "name": "Load \"middlewares\" to Application",
    "start": 1611387776725,
    "end": 1611387776850,
    "duration": 125,
    "pid": 7800,
    "index": 61
  },
  {
    "name": "Load Controller",
    "start": 1611387776866,
    "end": 1611387776869,
    "duration": 3,
    "pid": 7800,
    "index": 62
  },
  {
    "name": "Load \"controller\" to Application",
    "start": 1611387776866,
    "end": 1611387776869,
    "duration": 3,
    "pid": 7800,
    "index": 63
  },
  {
    "name": "Load Router",
    "start": 1611387776869,
    "end": 1611387776871,
    "duration": 2,
    "pid": 7800,
    "index": 64
  },
  {
    "name": "Require(47) app/router.js",
    "start": 1611387776869,
    "end": 1611387776869,
    "duration": 0,
    "pid": 7800,
    "index": 65
  },
  {
    "name": "Before Start in node_modules/_egg-core@4.20.0@egg-core/lib/egg.js:303:10",
    "start": 1611387776870,
    "end": 1611387776877,
    "duration": 7,
    "pid": 7800,
    "index": 66
  }
]