[
  {
    "name": "Process Start",
    "start": 1611387759452,
    "end": 1611387760483,
    "duration": 1031,
    "pid": 13100,
    "index": 0
  },
  {
    "name": "Application Start",
    "start": 1611387760484,
    "end": 1611387760887,
    "duration": 403,
    "pid": 13100,
    "index": 1
  },
  {
    "name": "Load Plugin",
    "start": 1611387760488,
    "end": 1611387760507,
    "duration": 19,
    "pid": 13100,
    "index": 2
  },
  {
    "name": "Load Config",
    "start": 1611387760507,
    "end": 1611387760528,
    "duration": 21,
    "pid": 13100,
    "index": 3
  },
  {
    "name": "Require(0) config/config.default.js",
    "start": 1611387760508,
    "end": 1611387760508,
    "duration": 0,
    "pid": 13100,
    "index": 4
  },
  {
    "name": "Require(1) node_modules/_egg-session@3.2.0@egg-session/config/config.default.js",
    "start": 1611387760510,
    "end": 1611387760510,
    "duration": 0,
    "pid": 13100,
    "index": 5
  },
  {
    "name": "Require(2) node_modules/_egg-security@2.8.0@egg-security/config/config.default.js",
    "start": 1611387760511,
    "end": 1611387760511,
    "duration": 0,
    "pid": 13100,
    "index": 6
  },
  {
    "name": "Require(3) node_modules/_egg-jsonp@2.0.0@egg-jsonp/config/config.default.js",
    "start": 1611387760512,
    "end": 1611387760512,
    "duration": 0,
    "pid": 13100,
    "index": 7
  },
  {
    "name": "Require(4) node_modules/_egg-onerror@2.1.0@egg-onerror/config/config.default.js",
    "start": 1611387760513,
    "end": 1611387760513,
    "duration": 0,
    "pid": 13100,
    "index": 8
  },
  {
    "name": "Require(5) node_modules/_egg-i18n@2.1.1@egg-i18n/config/config.default.js",
    "start": 1611387760513,
    "end": 1611387760514,
    "duration": 1,
    "pid": 13100,
    "index": 9
  },
  {
    "name": "Require(6) node_modules/_egg-watcher@3.1.1@egg-watcher/config/config.default.js",
    "start": 1611387760514,
    "end": 1611387760515,
    "duration": 1,
    "pid": 13100,
    "index": 10
  },
  {
    "name": "Require(7) node_modules/_egg-schedule@3.6.6@egg-schedule/config/config.default.js",
    "start": 1611387760515,
    "end": 1611387760515,
    "duration": 0,
    "pid": 13100,
    "index": 11
  },
  {
    "name": "Require(8) node_modules/_egg-multipart@2.10.3@egg-multipart/config/config.default.js",
    "start": 1611387760516,
    "end": 1611387760516,
    "duration": 0,
    "pid": 13100,
    "index": 12
  },
  {
    "name": "Require(9) node_modules/_egg-development@2.7.0@egg-development/config/config.default.js",
    "start": 1611387760517,
    "end": 1611387760517,
    "duration": 0,
    "pid": 13100,
    "index": 13
  },
  {
    "name": "Require(10) node_modules/_egg-logrotator@3.1.0@egg-logrotator/config/config.default.js",
    "start": 1611387760518,
    "end": 1611387760518,
    "duration": 0,
    "pid": 13100,
    "index": 14
  },
  {
    "name": "Require(11) node_modules/_egg-static@2.2.0@egg-static/config/config.default.js",
    "start": 1611387760519,
    "end": 1611387760519,
    "duration": 0,
    "pid": 13100,
    "index": 15
  },
  {
    "name": "Require(12) node_modules/_egg-view@2.1.3@egg-view/config/config.default.js",
    "start": 1611387760520,
    "end": 1611387760520,
    "duration": 0,
    "pid": 13100,
    "index": 16
  },
  {
    "name": "Require(13) node_modules/_egg-view-ejs@2.0.1@egg-view-ejs/config/config.default.js",
    "start": 1611387760521,
    "end": 1611387760521,
    "duration": 0,
    "pid": 13100,
    "index": 17
  },
  {
    "name": "Require(14) node_modules/_egg@2.29.1@egg/config/config.default.js",
    "start": 1611387760522,
    "end": 1611387760522,
    "duration": 0,
    "pid": 13100,
    "index": 18
  },
  {
    "name": "Require(15) config/config.default.js",
    "start": 1611387760523,
    "end": 1611387760523,
    "duration": 0,
    "pid": 13100,
    "index": 19
  },
  {
    "name": "Require(16) node_modules/_egg-security@2.8.0@egg-security/config/config.local.js",
    "start": 1611387760524,
    "end": 1611387760524,
    "duration": 0,
    "pid": 13100,
    "index": 20
  },
  {
    "name": "Require(17) node_modules/_egg-watcher@3.1.1@egg-watcher/config/config.local.js",
    "start": 1611387760525,
    "end": 1611387760525,
    "duration": 0,
    "pid": 13100,
    "index": 21
  },
  {
    "name": "Require(18) node_modules/_egg-view@2.1.3@egg-view/config/config.local.js",
    "start": 1611387760526,
    "end": 1611387760526,
    "duration": 0,
    "pid": 13100,
    "index": 22
  },
  {
    "name": "Require(19) node_modules/_egg-view-ejs@2.0.1@egg-view-ejs/config/config.local.js",
    "start": 1611387760527,
    "end": 1611387760527,
    "duration": 0,
    "pid": 13100,
    "index": 23
  },
  {
    "name": "Require(20) node_modules/_egg@2.29.1@egg/config/config.local.js",
    "start": 1611387760527,
    "end": 1611387760527,
    "duration": 0,
    "pid": 13100,
    "index": 24
  },
  {
    "name": "Load extend/application.js",
    "start": 1611387760528,
    "end": 1611387760543,
    "duration": 15,
    "pid": 13100,
    "index": 25
  },
  {
    "name": "Require(21) node_modules/_egg-session@3.2.0@egg-session/app/extend/application.js",
    "start": 1611387760529,
    "end": 1611387760530,
    "duration": 1,
    "pid": 13100,
    "index": 26
  },
  {
    "name": "Require(22) node_modules/_egg-security@2.8.0@egg-security/app/extend/application.js",
    "start": 1611387760530,
    "end": 1611387760531,
    "duration": 1,
    "pid": 13100,
    "index": 27
  },
  {
    "name": "Require(23) node_modules/_egg-jsonp@2.0.0@egg-jsonp/app/extend/application.js",
    "start": 1611387760531,
    "end": 1611387760533,
    "duration": 2,
    "pid": 13100,
    "index": 28
  },
  {
    "name": "Require(24) node_modules/_egg-logrotator@3.1.0@egg-logrotator/app/extend/application.js",
    "start": 1611387760535,
    "end": 1611387760537,
    "duration": 2,
    "pid": 13100,
    "index": 29
  },
  {
    "name": "Require(25) node_modules/_egg-view@2.1.3@egg-view/app/extend/application.js",
    "start": 1611387760538,
    "end": 1611387760540,
    "duration": 2,
    "pid": 13100,
    "index": 30
  },
  {
    "name": "Load extend/request.js",
    "start": 1611387760543,
    "end": 1611387760552,
    "duration": 9,
    "pid": 13100,
    "index": 31
  },
  {
    "name": "Require(26) node_modules/_egg@2.29.1@egg/app/extend/request.js",
    "start": 1611387760545,
    "end": 1611387760547,
    "duration": 2,
    "pid": 13100,
    "index": 32
  },
  {
    "name": "Load extend/response.js",
    "start": 1611387760552,
    "end": 1611387760560,
    "duration": 8,
    "pid": 13100,
    "index": 33
  },
  {
    "name": "Require(27) node_modules/_egg@2.29.1@egg/app/extend/response.js",
    "start": 1611387760555,
    "end": 1611387760557,
    "duration": 2,
    "pid": 13100,
    "index": 34
  },
  {
    "name": "Load extend/context.js",
    "start": 1611387760560,
    "end": 1611387760632,
    "duration": 72,
    "pid": 13100,
    "index": 35
  },
  {
    "name": "Require(28) node_modules/_egg-security@2.8.0@egg-security/app/extend/context.js",
    "start": 1611387760560,
    "end": 1611387760574,
    "duration": 14,
    "pid": 13100,
    "index": 36
  },
  {
    "name": "Require(29) node_modules/_egg-jsonp@2.0.0@egg-jsonp/app/extend/context.js",
    "start": 1611387760575,
    "end": 1611387760576,
    "duration": 1,
    "pid": 13100,
    "index": 37
  },
  {
    "name": "Require(30) node_modules/_egg-i18n@2.1.1@egg-i18n/app/extend/context.js",
    "start": 1611387760577,
    "end": 1611387760577,
    "duration": 0,
    "pid": 13100,
    "index": 38
  },
  {
    "name": "Require(31) node_modules/_egg-multipart@2.10.3@egg-multipart/app/extend/context.js",
    "start": 1611387760578,
    "end": 1611387760625,
    "duration": 47,
    "pid": 13100,
    "index": 39
  },
  {
    "name": "Require(32) node_modules/_egg-view@2.1.3@egg-view/app/extend/context.js",
    "start": 1611387760626,
    "end": 1611387760627,
    "duration": 1,
    "pid": 13100,
    "index": 40
  },
  {
    "name": "Require(33) node_modules/_egg@2.29.1@egg/app/extend/context.js",
    "start": 1611387760627,
    "end": 1611387760629,
    "duration": 2,
    "pid": 13100,
    "index": 41
  },
  {
    "name": "Load extend/helper.js",
    "start": 1611387760632,
    "end": 1611387760655,
    "duration": 23,
    "pid": 13100,
    "index": 42
  },
  {
    "name": "Require(34) node_modules/_egg-security@2.8.0@egg-security/app/extend/helper.js",
    "start": 1611387760632,
    "end": 1611387760649,
    "duration": 17,
    "pid": 13100,
    "index": 43
  },
  {
    "name": "Require(35) node_modules/_egg@2.29.1@egg/app/extend/helper.js",
    "start": 1611387760652,
    "end": 1611387760652,
    "duration": 0,
    "pid": 13100,
    "index": 44
  },
  {
    "name": "Load app.js",
    "start": 1611387760655,
    "end": 1611387760687,
    "duration": 32,
    "pid": 13100,
    "index": 45
  },
  {
    "name": "Require(36) node_modules/_egg-session@3.2.0@egg-session/app.js",
    "start": 1611387760655,
    "end": 1611387760656,
    "duration": 1,
    "pid": 13100,
    "index": 46
  },
  {
    "name": "Require(37) node_modules/_egg-security@2.8.0@egg-security/app.js",
    "start": 1611387760656,
    "end": 1611387760658,
    "duration": 2,
    "pid": 13100,
    "index": 47
  },
  {
    "name": "Require(38) node_modules/_egg-onerror@2.1.0@egg-onerror/app.js",
    "start": 1611387760659,
    "end": 1611387760669,
    "duration": 10,
    "pid": 13100,
    "index": 48
  },
  {
    "name": "Require(39) node_modules/_egg-i18n@2.1.1@egg-i18n/app.js",
    "start": 1611387760669,
    "end": 1611387760677,
    "duration": 8,
    "pid": 13100,
    "index": 49
  },
  {
    "name": "Require(40) node_modules/_egg-watcher@3.1.1@egg-watcher/app.js",
    "start": 1611387760677,
    "end": 1611387760681,
    "duration": 4,
    "pid": 13100,
    "index": 50
  },
  {
    "name": "Require(41) node_modules/_egg-schedule@3.6.6@egg-schedule/app.js",
    "start": 1611387760681,
    "end": 1611387760683,
    "duration": 2,
    "pid": 13100,
    "index": 51
  },
  {
    "name": "Require(42) node_modules/_egg-multipart@2.10.3@egg-multipart/app.js",
    "start": 1611387760683,
    "end": 1611387760684,
    "duration": 1,
    "pid": 13100,
    "index": 52
  },
  {
    "name": "Require(43) node_modules/_egg-development@2.7.0@egg-development/app.js",
    "start": 1611387760684,
    "end": 1611387760684,
    "duration": 0,
    "pid": 13100,
    "index": 53
  },
  {
    "name": "Require(44) node_modules/_egg-logrotator@3.1.0@egg-logrotator/app.js",
    "start": 1611387760685,
    "end": 1611387760685,
    "duration": 0,
    "pid": 13100,
    "index": 54
  },
  {
    "name": "Require(45) node_modules/_egg-static@2.2.0@egg-static/app.js",
    "start": 1611387760685,
    "end": 1611387760685,
    "duration": 0,
    "pid": 13100,
    "index": 55
  },
  {
    "name": "Require(46) node_modules/_egg-view-ejs@2.0.1@egg-view-ejs/app.js",
    "start": 1611387760686,
    "end": 1611387760686,
    "duration": 0,
    "pid": 13100,
    "index": 56
  },
  {
    "name": "Before Start in node_modules/_egg-watcher@3.1.1@egg-watcher/lib/init.js:15:14",
    "start": 1611387760695,
    "end": 1611387760886,
    "duration": 191,
    "pid": 13100,
    "index": 57
  },
  {
    "name": "Load Service",
    "start": 1611387760725,
    "end": 1611387760729,
    "duration": 4,
    "pid": 13100,
    "index": 58
  },
  {
    "name": "Load \"service\" to Context",
    "start": 1611387760725,
    "end": 1611387760729,
    "duration": 4,
    "pid": 13100,
    "index": 59
  },
  {
    "name": "Load Middleware",
    "start": 1611387760729,
    "end": 1611387760870,
    "duration": 141,
    "pid": 13100,
    "index": 60
  },
  {
    "name": "Load \"middlewares\" to Application",
    "start": 1611387760729,
    "end": 1611387760857,
    "duration": 128,
    "pid": 13100,
    "index": 61
  },
  {
    "name": "Load Controller",
    "start": 1611387760870,
    "end": 1611387760873,
    "duration": 3,
    "pid": 13100,
    "index": 62
  },
  {
    "name": "Load \"controller\" to Application",
    "start": 1611387760870,
    "end": 1611387760873,
    "duration": 3,
    "pid": 13100,
    "index": 63
  },
  {
    "name": "Load Router",
    "start": 1611387760873,
    "end": 1611387760875,
    "duration": 2,
    "pid": 13100,
    "index": 64
  },
  {
    "name": "Require(47) app/router.js",
    "start": 1611387760873,
    "end": 1611387760873,
    "duration": 0,
    "pid": 13100,
    "index": 65
  },
  {
    "name": "Before Start in node_modules/_egg-core@4.20.0@egg-core/lib/egg.js:303:10",
    "start": 1611387760874,
    "end": 1611387760880,
    "duration": 6,
    "pid": 13100,
    "index": 66
  }
]