[
  {
    "name": "Process Start",
    "start": 1611387796224,
    "end": 1611387797329,
    "duration": 1105,
    "pid": 8280,
    "index": 0
  },
  {
    "name": "Application Start",
    "start": 1611387797330,
    "end": 1611387797760,
    "duration": 430,
    "pid": 8280,
    "index": 1
  },
  {
    "name": "Load Plugin",
    "start": 1611387797334,
    "end": 1611387797352,
    "duration": 18,
    "pid": 8280,
    "index": 2
  },
  {
    "name": "Load Config",
    "start": 1611387797352,
    "end": 1611387797373,
    "duration": 21,
    "pid": 8280,
    "index": 3
  },
  {
    "name": "Require(0) config/config.default.js",
    "start": 1611387797353,
    "end": 1611387797353,
    "duration": 0,
    "pid": 8280,
    "index": 4
  },
  {
    "name": "Require(1) node_modules/_egg-session@3.2.0@egg-session/config/config.default.js",
    "start": 1611387797355,
    "end": 1611387797356,
    "duration": 1,
    "pid": 8280,
    "index": 5
  },
  {
    "name": "Require(2) node_modules/_egg-security@2.8.0@egg-security/config/config.default.js",
    "start": 1611387797356,
    "end": 1611387797356,
    "duration": 0,
    "pid": 8280,
    "index": 6
  },
  {
    "name": "Require(3) node_modules/_egg-jsonp@2.0.0@egg-jsonp/config/config.default.js",
    "start": 1611387797357,
    "end": 1611387797358,
    "duration": 1,
    "pid": 8280,
    "index": 7
  },
  {
    "name": "Require(4) node_modules/_egg-onerror@2.1.0@egg-onerror/config/config.default.js",
    "start": 1611387797358,
    "end": 1611387797359,
    "duration": 1,
    "pid": 8280,
    "index": 8
  },
  {
    "name": "Require(5) node_modules/_egg-i18n@2.1.1@egg-i18n/config/config.default.js",
    "start": 1611387797359,
    "end": 1611387797359,
    "duration": 0,
    "pid": 8280,
    "index": 9
  },
  {
    "name": "Require(6) node_modules/_egg-watcher@3.1.1@egg-watcher/config/config.default.js",
    "start": 1611387797360,
    "end": 1611387797360,
    "duration": 0,
    "pid": 8280,
    "index": 10
  },
  {
    "name": "Require(7) node_modules/_egg-schedule@3.6.6@egg-schedule/config/config.default.js",
    "start": 1611387797361,
    "end": 1611387797361,
    "duration": 0,
    "pid": 8280,
    "index": 11
  },
  {
    "name": "Require(8) node_modules/_egg-multipart@2.10.3@egg-multipart/config/config.default.js",
    "start": 1611387797361,
    "end": 1611387797362,
    "duration": 1,
    "pid": 8280,
    "index": 12
  },
  {
    "name": "Require(9) node_modules/_egg-development@2.7.0@egg-development/config/config.default.js",
    "start": 1611387797362,
    "end": 1611387797363,
    "duration": 1,
    "pid": 8280,
    "index": 13
  },
  {
    "name": "Require(10) node_modules/_egg-logrotator@3.1.0@egg-logrotator/config/config.default.js",
    "start": 1611387797363,
    "end": 1611387797363,
    "duration": 0,
    "pid": 8280,
    "index": 14
  },
  {
    "name": "Require(11) node_modules/_egg-static@2.2.0@egg-static/config/config.default.js",
    "start": 1611387797364,
    "end": 1611387797364,
    "duration": 0,
    "pid": 8280,
    "index": 15
  },
  {
    "name": "Require(12) node_modules/_egg-view@2.1.3@egg-view/config/config.default.js",
    "start": 1611387797365,
    "end": 1611387797365,
    "duration": 0,
    "pid": 8280,
    "index": 16
  },
  {
    "name": "Require(13) node_modules/_egg-view-ejs@2.0.1@egg-view-ejs/config/config.default.js",
    "start": 1611387797365,
    "end": 1611387797366,
    "duration": 1,
    "pid": 8280,
    "index": 17
  },
  {
    "name": "Require(14) node_modules/_egg@2.29.1@egg/config/config.default.js",
    "start": 1611387797366,
    "end": 1611387797366,
    "duration": 0,
    "pid": 8280,
    "index": 18
  },
  {
    "name": "Require(15) config/config.default.js",
    "start": 1611387797367,
    "end": 1611387797367,
    "duration": 0,
    "pid": 8280,
    "index": 19
  },
  {
    "name": "Require(16) node_modules/_egg-security@2.8.0@egg-security/config/config.local.js",
    "start": 1611387797368,
    "end": 1611387797368,
    "duration": 0,
    "pid": 8280,
    "index": 20
  },
  {
    "name": "Require(17) node_modules/_egg-watcher@3.1.1@egg-watcher/config/config.local.js",
    "start": 1611387797370,
    "end": 1611387797370,
    "duration": 0,
    "pid": 8280,
    "index": 21
  },
  {
    "name": "Require(18) node_modules/_egg-view@2.1.3@egg-view/config/config.local.js",
    "start": 1611387797372,
    "end": 1611387797372,
    "duration": 0,
    "pid": 8280,
    "index": 22
  },
  {
    "name": "Require(19) node_modules/_egg-view-ejs@2.0.1@egg-view-ejs/config/config.local.js",
    "start": 1611387797373,
    "end": 1611387797373,
    "duration": 0,
    "pid": 8280,
    "index": 23
  },
  {
    "name": "Require(20) node_modules/_egg@2.29.1@egg/config/config.local.js",
    "start": 1611387797373,
    "end": 1611387797373,
    "duration": 0,
    "pid": 8280,
    "index": 24
  },
  {
    "name": "Load extend/application.js",
    "start": 1611387797374,
    "end": 1611387797388,
    "duration": 14,
    "pid": 8280,
    "index": 25
  },
  {
    "name": "Require(21) node_modules/_egg-session@3.2.0@egg-session/app/extend/application.js",
    "start": 1611387797375,
    "end": 1611387797375,
    "duration": 0,
    "pid": 8280,
    "index": 26
  },
  {
    "name": "Require(22) node_modules/_egg-security@2.8.0@egg-security/app/extend/application.js",
    "start": 1611387797376,
    "end": 1611387797377,
    "duration": 1,
    "pid": 8280,
    "index": 27
  },
  {
    "name": "Require(23) node_modules/_egg-jsonp@2.0.0@egg-jsonp/app/extend/application.js",
    "start": 1611387797377,
    "end": 1611387797379,
    "duration": 2,
    "pid": 8280,
    "index": 28
  },
  {
    "name": "Require(24) node_modules/_egg-logrotator@3.1.0@egg-logrotator/app/extend/application.js",
    "start": 1611387797380,
    "end": 1611387797383,
    "duration": 3,
    "pid": 8280,
    "index": 29
  },
  {
    "name": "Require(25) node_modules/_egg-view@2.1.3@egg-view/app/extend/application.js",
    "start": 1611387797383,
    "end": 1611387797385,
    "duration": 2,
    "pid": 8280,
    "index": 30
  },
  {
    "name": "Load extend/request.js",
    "start": 1611387797388,
    "end": 1611387797398,
    "duration": 10,
    "pid": 8280,
    "index": 31
  },
  {
    "name": "Require(26) node_modules/_egg@2.29.1@egg/app/extend/request.js",
    "start": 1611387797391,
    "end": 1611387797393,
    "duration": 2,
    "pid": 8280,
    "index": 32
  },
  {
    "name": "Load extend/response.js",
    "start": 1611387797398,
    "end": 1611387797406,
    "duration": 8,
    "pid": 8280,
    "index": 33
  },
  {
    "name": "Require(27) node_modules/_egg@2.29.1@egg/app/extend/response.js",
    "start": 1611387797400,
    "end": 1611387797403,
    "duration": 3,
    "pid": 8280,
    "index": 34
  },
  {
    "name": "Load extend/context.js",
    "start": 1611387797406,
    "end": 1611387797480,
    "duration": 74,
    "pid": 8280,
    "index": 35
  },
  {
    "name": "Require(28) node_modules/_egg-security@2.8.0@egg-security/app/extend/context.js",
    "start": 1611387797407,
    "end": 1611387797422,
    "duration": 15,
    "pid": 8280,
    "index": 36
  },
  {
    "name": "Require(29) node_modules/_egg-jsonp@2.0.0@egg-jsonp/app/extend/context.js",
    "start": 1611387797422,
    "end": 1611387797424,
    "duration": 2,
    "pid": 8280,
    "index": 37
  },
  {
    "name": "Require(30) node_modules/_egg-i18n@2.1.1@egg-i18n/app/extend/context.js",
    "start": 1611387797424,
    "end": 1611387797425,
    "duration": 1,
    "pid": 8280,
    "index": 38
  },
  {
    "name": "Require(31) node_modules/_egg-multipart@2.10.3@egg-multipart/app/extend/context.js",
    "start": 1611387797426,
    "end": 1611387797474,
    "duration": 48,
    "pid": 8280,
    "index": 39
  },
  {
    "name": "Require(32) node_modules/_egg-view@2.1.3@egg-view/app/extend/context.js",
    "start": 1611387797475,
    "end": 1611387797475,
    "duration": 0,
    "pid": 8280,
    "index": 40
  },
  {
    "name": "Require(33) node_modules/_egg@2.29.1@egg/app/extend/context.js",
    "start": 1611387797476,
    "end": 1611387797477,
    "duration": 1,
    "pid": 8280,
    "index": 41
  },
  {
    "name": "Load extend/helper.js",
    "start": 1611387797480,
    "end": 1611387797501,
    "duration": 21,
    "pid": 8280,
    "index": 42
  },
  {
    "name": "Require(34) node_modules/_egg-security@2.8.0@egg-security/app/extend/helper.js",
    "start": 1611387797481,
    "end": 1611387797496,
    "duration": 15,
    "pid": 8280,
    "index": 43
  },
  {
    "name": "Require(35) node_modules/_egg@2.29.1@egg/app/extend/helper.js",
    "start": 1611387797498,
    "end": 1611387797499,
    "duration": 1,
    "pid": 8280,
    "index": 44
  },
  {
    "name": "Load app.js",
    "start": 1611387797502,
    "end": 1611387797534,
    "duration": 32,
    "pid": 8280,
    "index": 45
  },
  {
    "name": "Require(36) node_modules/_egg-session@3.2.0@egg-session/app.js",
    "start": 1611387797502,
    "end": 1611387797502,
    "duration": 0,
    "pid": 8280,
    "index": 46
  },
  {
    "name": "Require(37) node_modules/_egg-security@2.8.0@egg-security/app.js",
    "start": 1611387797503,
    "end": 1611387797505,
    "duration": 2,
    "pid": 8280,
    "index": 47
  },
  {
    "name": "Require(38) node_modules/_egg-onerror@2.1.0@egg-onerror/app.js",
    "start": 1611387797505,
    "end": 1611387797515,
    "duration": 10,
    "pid": 8280,
    "index": 48
  },
  {
    "name": "Require(39) node_modules/_egg-i18n@2.1.1@egg-i18n/app.js",
    "start": 1611387797516,
    "end": 1611387797524,
    "duration": 8,
    "pid": 8280,
    "index": 49
  },
  {
    "name": "Require(40) node_modules/_egg-watcher@3.1.1@egg-watcher/app.js",
    "start": 1611387797524,
    "end": 1611387797528,
    "duration": 4,
    "pid": 8280,
    "index": 50
  },
  {
    "name": "Require(41) node_modules/_egg-schedule@3.6.6@egg-schedule/app.js",
    "start": 1611387797528,
    "end": 1611387797530,
    "duration": 2,
    "pid": 8280,
    "index": 51
  },
  {
    "name": "Require(42) node_modules/_egg-multipart@2.10.3@egg-multipart/app.js",
    "start": 1611387797530,
    "end": 1611387797531,
    "duration": 1,
    "pid": 8280,
    "index": 52
  },
  {
    "name": "Require(43) node_modules/_egg-development@2.7.0@egg-development/app.js",
    "start": 1611387797531,
    "end": 1611387797531,
    "duration": 0,
    "pid": 8280,
    "index": 53
  },
  {
    "name": "Require(44) node_modules/_egg-logrotator@3.1.0@egg-logrotator/app.js",
    "start": 1611387797531,
    "end": 1611387797532,
    "duration": 1,
    "pid": 8280,
    "index": 54
  },
  {
    "name": "Require(45) node_modules/_egg-static@2.2.0@egg-static/app.js",
    "start": 1611387797532,
    "end": 1611387797532,
    "duration": 0,
    "pid": 8280,
    "index": 55
  },
  {
    "name": "Require(46) node_modules/_egg-view-ejs@2.0.1@egg-view-ejs/app.js",
    "start": 1611387797533,
    "end": 1611387797533,
    "duration": 0,
    "pid": 8280,
    "index": 56
  },
  {
    "name": "Before Start in node_modules/_egg-watcher@3.1.1@egg-watcher/lib/init.js:15:14",
    "start": 1611387797542,
    "end": 1611387797759,
    "duration": 217,
    "pid": 8280,
    "index": 57
  },
  {
    "name": "Load Service",
    "start": 1611387797571,
    "end": 1611387797576,
    "duration": 5,
    "pid": 8280,
    "index": 58
  },
  {
    "name": "Load \"service\" to Context",
    "start": 1611387797572,
    "end": 1611387797576,
    "duration": 4,
    "pid": 8280,
    "index": 59
  },
  {
    "name": "Load Middleware",
    "start": 1611387797576,
    "end": 1611387797737,
    "duration": 161,
    "pid": 8280,
    "index": 60
  },
  {
    "name": "Load \"middlewares\" to Application",
    "start": 1611387797576,
    "end": 1611387797720,
    "duration": 144,
    "pid": 8280,
    "index": 61
  },
  {
    "name": "Load Controller",
    "start": 1611387797737,
    "end": 1611387797741,
    "duration": 4,
    "pid": 8280,
    "index": 62
  },
  {
    "name": "Load \"controller\" to Application",
    "start": 1611387797737,
    "end": 1611387797741,
    "duration": 4,
    "pid": 8280,
    "index": 63
  },
  {
    "name": "Load Router",
    "start": 1611387797741,
    "end": 1611387797743,
    "duration": 2,
    "pid": 8280,
    "index": 64
  },
  {
    "name": "Require(47) app/router.js",
    "start": 1611387797741,
    "end": 1611387797741,
    "duration": 0,
    "pid": 8280,
    "index": 65
  },
  {
    "name": "Before Start in node_modules/_egg-core@4.20.0@egg-core/lib/egg.js:303:10",
    "start": 1611387797742,
    "end": 1611387797750,
    "duration": 8,
    "pid": 8280,
    "index": 66
  }
]