[
  {
    "name": "Process Start",
    "start": 1611387773812,
    "end": 1611387774823,
    "duration": 1011,
    "pid": 14712,
    "index": 0
  },
  {
    "name": "Application Start",
    "start": 1611387774824,
    "end": 1611387775226,
    "duration": 402,
    "pid": 14712,
    "index": 1
  },
  {
    "name": "Load Plugin",
    "start": 1611387774827,
    "end": 1611387774845,
    "duration": 18,
    "pid": 14712,
    "index": 2
  },
  {
    "name": "Load Config",
    "start": 1611387774845,
    "end": 1611387774873,
    "duration": 28,
    "pid": 14712,
    "index": 3
  },
  {
    "name": "Require(0) config/config.default.js",
    "start": 1611387774846,
    "end": 1611387774847,
    "duration": 1,
    "pid": 14712,
    "index": 4
  },
  {
    "name": "Require(1) node_modules/_egg-session@3.2.0@egg-session/config/config.default.js",
    "start": 1611387774849,
    "end": 1611387774849,
    "duration": 0,
    "pid": 14712,
    "index": 5
  },
  {
    "name": "Require(2) node_modules/_egg-security@2.8.0@egg-security/config/config.default.js",
    "start": 1611387774850,
    "end": 1611387774851,
    "duration": 1,
    "pid": 14712,
    "index": 6
  },
  {
    "name": "Require(3) node_modules/_egg-jsonp@2.0.0@egg-jsonp/config/config.default.js",
    "start": 1611387774852,
    "end": 1611387774853,
    "duration": 1,
    "pid": 14712,
    "index": 7
  },
  {
    "name": "Require(4) node_modules/_egg-onerror@2.1.0@egg-onerror/config/config.default.js",
    "start": 1611387774853,
    "end": 1611387774854,
    "duration": 1,
    "pid": 14712,
    "index": 8
  },
  {
    "name": "Require(5) node_modules/_egg-i18n@2.1.1@egg-i18n/config/config.default.js",
    "start": 1611387774855,
    "end": 1611387774855,
    "duration": 0,
    "pid": 14712,
    "index": 9
  },
  {
    "name": "Require(6) node_modules/_egg-watcher@3.1.1@egg-watcher/config/config.default.js",
    "start": 1611387774856,
    "end": 1611387774857,
    "duration": 1,
    "pid": 14712,
    "index": 10
  },
  {
    "name": "Require(7) node_modules/_egg-schedule@3.6.6@egg-schedule/config/config.default.js",
    "start": 1611387774857,
    "end": 1611387774858,
    "duration": 1,
    "pid": 14712,
    "index": 11
  },
  {
    "name": "Require(8) node_modules/_egg-multipart@2.10.3@egg-multipart/config/config.default.js",
    "start": 1611387774859,
    "end": 1611387774859,
    "duration": 0,
    "pid": 14712,
    "index": 12
  },
  {
    "name": "Require(9) node_modules/_egg-development@2.7.0@egg-development/config/config.default.js",
    "start": 1611387774860,
    "end": 1611387774861,
    "duration": 1,
    "pid": 14712,
    "index": 13
  },
  {
    "name": "Require(10) node_modules/_egg-logrotator@3.1.0@egg-logrotator/config/config.default.js",
    "start": 1611387774861,
    "end": 1611387774861,
    "duration": 0,
    "pid": 14712,
    "index": 14
  },
  {
    "name": "Require(11) node_modules/_egg-static@2.2.0@egg-static/config/config.default.js",
    "start": 1611387774862,
    "end": 1611387774862,
    "duration": 0,
    "pid": 14712,
    "index": 15
  },
  {
    "name": "Require(12) node_modules/_egg-view@2.1.3@egg-view/config/config.default.js",
    "start": 1611387774863,
    "end": 1611387774863,
    "duration": 0,
    "pid": 14712,
    "index": 16
  },
  {
    "name": "Require(13) node_modules/_egg-view-ejs@2.0.1@egg-view-ejs/config/config.default.js",
    "start": 1611387774864,
    "end": 1611387774864,
    "duration": 0,
    "pid": 14712,
    "index": 17
  },
  {
    "name": "Require(14) node_modules/_egg@2.29.1@egg/config/config.default.js",
    "start": 1611387774865,
    "end": 1611387774865,
    "duration": 0,
    "pid": 14712,
    "index": 18
  },
  {
    "name": "Require(15) config/config.default.js",
    "start": 1611387774866,
    "end": 1611387774866,
    "duration": 0,
    "pid": 14712,
    "index": 19
  },
  {
    "name": "Require(16) node_modules/_egg-security@2.8.0@egg-security/config/config.local.js",
    "start": 1611387774867,
    "end": 1611387774867,
    "duration": 0,
    "pid": 14712,
    "index": 20
  },
  {
    "name": "Require(17) node_modules/_egg-watcher@3.1.1@egg-watcher/config/config.local.js",
    "start": 1611387774869,
    "end": 1611387774869,
    "duration": 0,
    "pid": 14712,
    "index": 21
  },
  {
    "name": "Require(18) node_modules/_egg-view@2.1.3@egg-view/config/config.local.js",
    "start": 1611387774871,
    "end": 1611387774871,
    "duration": 0,
    "pid": 14712,
    "index": 22
  },
  {
    "name": "Require(19) node_modules/_egg-view-ejs@2.0.1@egg-view-ejs/config/config.local.js",
    "start": 1611387774872,
    "end": 1611387774872,
    "duration": 0,
    "pid": 14712,
    "index": 23
  },
  {
    "name": "Require(20) node_modules/_egg@2.29.1@egg/config/config.local.js",
    "start": 1611387774872,
    "end": 1611387774872,
    "duration": 0,
    "pid": 14712,
    "index": 24
  },
  {
    "name": "Load extend/application.js",
    "start": 1611387774874,
    "end": 1611387774890,
    "duration": 16,
    "pid": 14712,
    "index": 25
  },
  {
    "name": "Require(21) node_modules/_egg-session@3.2.0@egg-session/app/extend/application.js",
    "start": 1611387774874,
    "end": 1611387774875,
    "duration": 1,
    "pid": 14712,
    "index": 26
  },
  {
    "name": "Require(22) node_modules/_egg-security@2.8.0@egg-security/app/extend/application.js",
    "start": 1611387774875,
    "end": 1611387774876,
    "duration": 1,
    "pid": 14712,
    "index": 27
  },
  {
    "name": "Require(23) node_modules/_egg-jsonp@2.0.0@egg-jsonp/app/extend/application.js",
    "start": 1611387774877,
    "end": 1611387774879,
    "duration": 2,
    "pid": 14712,
    "index": 28
  },
  {
    "name": "Require(24) node_modules/_egg-logrotator@3.1.0@egg-logrotator/app/extend/application.js",
    "start": 1611387774881,
    "end": 1611387774884,
    "duration": 3,
    "pid": 14712,
    "index": 29
  },
  {
    "name": "Require(25) node_modules/_egg-view@2.1.3@egg-view/app/extend/application.js",
    "start": 1611387774884,
    "end": 1611387774887,
    "duration": 3,
    "pid": 14712,
    "index": 30
  },
  {
    "name": "Load extend/request.js",
    "start": 1611387774890,
    "end": 1611387774899,
    "duration": 9,
    "pid": 14712,
    "index": 31
  },
  {
    "name": "Require(26) node_modules/_egg@2.29.1@egg/app/extend/request.js",
    "start": 1611387774893,
    "end": 1611387774895,
    "duration": 2,
    "pid": 14712,
    "index": 32
  },
  {
    "name": "Load extend/response.js",
    "start": 1611387774899,
    "end": 1611387774907,
    "duration": 8,
    "pid": 14712,
    "index": 33
  },
  {
    "name": "Require(27) node_modules/_egg@2.29.1@egg/app/extend/response.js",
    "start": 1611387774901,
    "end": 1611387774904,
    "duration": 3,
    "pid": 14712,
    "index": 34
  },
  {
    "name": "Load extend/context.js",
    "start": 1611387774907,
    "end": 1611387774975,
    "duration": 68,
    "pid": 14712,
    "index": 35
  },
  {
    "name": "Require(28) node_modules/_egg-security@2.8.0@egg-security/app/extend/context.js",
    "start": 1611387774907,
    "end": 1611387774920,
    "duration": 13,
    "pid": 14712,
    "index": 36
  },
  {
    "name": "Require(29) node_modules/_egg-jsonp@2.0.0@egg-jsonp/app/extend/context.js",
    "start": 1611387774920,
    "end": 1611387774922,
    "duration": 2,
    "pid": 14712,
    "index": 37
  },
  {
    "name": "Require(30) node_modules/_egg-i18n@2.1.1@egg-i18n/app/extend/context.js",
    "start": 1611387774922,
    "end": 1611387774922,
    "duration": 0,
    "pid": 14712,
    "index": 38
  },
  {
    "name": "Require(31) node_modules/_egg-multipart@2.10.3@egg-multipart/app/extend/context.js",
    "start": 1611387774923,
    "end": 1611387774968,
    "duration": 45,
    "pid": 14712,
    "index": 39
  },
  {
    "name": "Require(32) node_modules/_egg-view@2.1.3@egg-view/app/extend/context.js",
    "start": 1611387774969,
    "end": 1611387774970,
    "duration": 1,
    "pid": 14712,
    "index": 40
  },
  {
    "name": "Require(33) node_modules/_egg@2.29.1@egg/app/extend/context.js",
    "start": 1611387774971,
    "end": 1611387774972,
    "duration": 1,
    "pid": 14712,
    "index": 41
  },
  {
    "name": "Load extend/helper.js",
    "start": 1611387774975,
    "end": 1611387774996,
    "duration": 21,
    "pid": 14712,
    "index": 42
  },
  {
    "name": "Require(34) node_modules/_egg-security@2.8.0@egg-security/app/extend/helper.js",
    "start": 1611387774975,
    "end": 1611387774991,
    "duration": 16,
    "pid": 14712,
    "index": 43
  },
  {
    "name": "Require(35) node_modules/_egg@2.29.1@egg/app/extend/helper.js",
    "start": 1611387774993,
    "end": 1611387774993,
    "duration": 0,
    "pid": 14712,
    "index": 44
  },
  {
    "name": "Load app.js",
    "start": 1611387774997,
    "end": 1611387775027,
    "duration": 30,
    "pid": 14712,
    "index": 45
  },
  {
    "name": "Require(36) node_modules/_egg-session@3.2.0@egg-session/app.js",
    "start": 1611387774997,
    "end": 1611387774997,
    "duration": 0,
    "pid": 14712,
    "index": 46
  },
  {
    "name": "Require(37) node_modules/_egg-security@2.8.0@egg-security/app.js",
    "start": 1611387774998,
    "end": 1611387774999,
    "duration": 1,
    "pid": 14712,
    "index": 47
  },
  {
    "name": "Require(38) node_modules/_egg-onerror@2.1.0@egg-onerror/app.js",
    "start": 1611387775000,
    "end": 1611387775009,
    "duration": 9,
    "pid": 14712,
    "index": 48
  },
  {
    "name": "Require(39) node_modules/_egg-i18n@2.1.1@egg-i18n/app.js",
    "start": 1611387775010,
    "end": 1611387775017,
    "duration": 7,
    "pid": 14712,
    "index": 49
  },
  {
    "name": "Require(40) node_modules/_egg-watcher@3.1.1@egg-watcher/app.js",
    "start": 1611387775017,
    "end": 1611387775021,
    "duration": 4,
    "pid": 14712,
    "index": 50
  },
  {
    "name": "Require(41) node_modules/_egg-schedule@3.6.6@egg-schedule/app.js",
    "start": 1611387775022,
    "end": 1611387775023,
    "duration": 1,
    "pid": 14712,
    "index": 51
  },
  {
    "name": "Require(42) node_modules/_egg-multipart@2.10.3@egg-multipart/app.js",
    "start": 1611387775024,
    "end": 1611387775024,
    "duration": 0,
    "pid": 14712,
    "index": 52
  },
  {
    "name": "Require(43) node_modules/_egg-development@2.7.0@egg-development/app.js",
    "start": 1611387775024,
    "end": 1611387775025,
    "duration": 1,
    "pid": 14712,
    "index": 53
  },
  {
    "name": "Require(44) node_modules/_egg-logrotator@3.1.0@egg-logrotator/app.js",
    "start": 1611387775025,
    "end": 1611387775025,
    "duration": 0,
    "pid": 14712,
    "index": 54
  },
  {
    "name": "Require(45) node_modules/_egg-static@2.2.0@egg-static/app.js",
    "start": 1611387775025,
    "end": 1611387775026,
    "duration": 1,
    "pid": 14712,
    "index": 55
  },
  {
    "name": "Require(46) node_modules/_egg-view-ejs@2.0.1@egg-view-ejs/app.js",
    "start": 1611387775026,
    "end": 1611387775026,
    "duration": 0,
    "pid": 14712,
    "index": 56
  },
  {
    "name": "Before Start in node_modules/_egg-watcher@3.1.1@egg-watcher/lib/init.js:15:14",
    "start": 1611387775035,
    "end": 1611387775226,
    "duration": 191,
    "pid": 14712,
    "index": 57
  },
  {
    "name": "Load Service",
    "start": 1611387775066,
    "end": 1611387775071,
    "duration": 5,
    "pid": 14712,
    "index": 58
  },
  {
    "name": "Load \"service\" to Context",
    "start": 1611387775066,
    "end": 1611387775071,
    "duration": 5,
    "pid": 14712,
    "index": 59
  },
  {
    "name": "Load Middleware",
    "start": 1611387775071,
    "end": 1611387775208,
    "duration": 137,
    "pid": 14712,
    "index": 60
  },
  {
    "name": "Load \"middlewares\" to Application",
    "start": 1611387775071,
    "end": 1611387775193,
    "duration": 122,
    "pid": 14712,
    "index": 61
  },
  {
    "name": "Load Controller",
    "start": 1611387775208,
    "end": 1611387775211,
    "duration": 3,
    "pid": 14712,
    "index": 62
  },
  {
    "name": "Load \"controller\" to Application",
    "start": 1611387775208,
    "end": 1611387775211,
    "duration": 3,
    "pid": 14712,
    "index": 63
  },
  {
    "name": "Load Router",
    "start": 1611387775211,
    "end": 1611387775212,
    "duration": 1,
    "pid": 14712,
    "index": 64
  },
  {
    "name": "Require(47) app/router.js",
    "start": 1611387775211,
    "end": 1611387775211,
    "duration": 0,
    "pid": 14712,
    "index": 65
  },
  {
    "name": "Before Start in node_modules/_egg-core@4.20.0@egg-core/lib/egg.js:303:10",
    "start": 1611387775211,
    "end": 1611387775218,
    "duration": 7,
    "pid": 14712,
    "index": 66
  }
]