[
  {
    "name": "Process Start",
    "start": 1611387857519,
    "end": 1611387858570,
    "duration": 1051,
    "pid": 7728,
    "index": 0
  },
  {
    "name": "Application Start",
    "start": 1611387858571,
    "end": 1611387859024,
    "duration": 453,
    "pid": 7728,
    "index": 1
  },
  {
    "name": "Load Plugin",
    "start": 1611387858575,
    "end": 1611387858596,
    "duration": 21,
    "pid": 7728,
    "index": 2
  },
  {
    "name": "Load Config",
    "start": 1611387858596,
    "end": 1611387858619,
    "duration": 23,
    "pid": 7728,
    "index": 3
  },
  {
    "name": "Require(0) config/config.default.js",
    "start": 1611387858596,
    "end": 1611387858597,
    "duration": 1,
    "pid": 7728,
    "index": 4
  },
  {
    "name": "Require(1) node_modules/_egg-session@3.2.0@egg-session/config/config.default.js",
    "start": 1611387858598,
    "end": 1611387858599,
    "duration": 1,
    "pid": 7728,
    "index": 5
  },
  {
    "name": "Require(2) node_modules/_egg-security@2.8.0@egg-security/config/config.default.js",
    "start": 1611387858599,
    "end": 1611387858600,
    "duration": 1,
    "pid": 7728,
    "index": 6
  },
  {
    "name": "Require(3) node_modules/_egg-jsonp@2.0.0@egg-jsonp/config/config.default.js",
    "start": 1611387858601,
    "end": 1611387858601,
    "duration": 0,
    "pid": 7728,
    "index": 7
  },
  {
    "name": "Require(4) node_modules/_egg-onerror@2.1.0@egg-onerror/config/config.default.js",
    "start": 1611387858601,
    "end": 1611387858602,
    "duration": 1,
    "pid": 7728,
    "index": 8
  },
  {
    "name": "Require(5) node_modules/_egg-i18n@2.1.1@egg-i18n/config/config.default.js",
    "start": 1611387858602,
    "end": 1611387858603,
    "duration": 1,
    "pid": 7728,
    "index": 9
  },
  {
    "name": "Require(6) node_modules/_egg-watcher@3.1.1@egg-watcher/config/config.default.js",
    "start": 1611387858603,
    "end": 1611387858604,
    "duration": 1,
    "pid": 7728,
    "index": 10
  },
  {
    "name": "Require(7) node_modules/_egg-schedule@3.6.6@egg-schedule/config/config.default.js",
    "start": 1611387858604,
    "end": 1611387858605,
    "duration": 1,
    "pid": 7728,
    "index": 11
  },
  {
    "name": "Require(8) node_modules/_egg-multipart@2.10.3@egg-multipart/config/config.default.js",
    "start": 1611387858605,
    "end": 1611387858606,
    "duration": 1,
    "pid": 7728,
    "index": 12
  },
  {
    "name": "Require(9) node_modules/_egg-development@2.7.0@egg-development/config/config.default.js",
    "start": 1611387858606,
    "end": 1611387858607,
    "duration": 1,
    "pid": 7728,
    "index": 13
  },
  {
    "name": "Require(10) node_modules/_egg-logrotator@3.1.0@egg-logrotator/config/config.default.js",
    "start": 1611387858607,
    "end": 1611387858608,
    "duration": 1,
    "pid": 7728,
    "index": 14
  },
  {
    "name": "Require(11) node_modules/_egg-static@2.2.0@egg-static/config/config.default.js",
    "start": 1611387858608,
    "end": 1611387858609,
    "duration": 1,
    "pid": 7728,
    "index": 15
  },
  {
    "name": "Require(12) node_modules/_egg-view@2.1.3@egg-view/config/config.default.js",
    "start": 1611387858609,
    "end": 1611387858610,
    "duration": 1,
    "pid": 7728,
    "index": 16
  },
  {
    "name": "Require(13) node_modules/_egg-view-ejs@2.0.1@egg-view-ejs/config/config.default.js",
    "start": 1611387858610,
    "end": 1611387858611,
    "duration": 1,
    "pid": 7728,
    "index": 17
  },
  {
    "name": "Require(14) node_modules/_egg@2.29.1@egg/config/config.default.js",
    "start": 1611387858611,
    "end": 1611387858612,
    "duration": 1,
    "pid": 7728,
    "index": 18
  },
  {
    "name": "Require(15) config/config.default.js",
    "start": 1611387858613,
    "end": 1611387858613,
    "duration": 0,
    "pid": 7728,
    "index": 19
  },
  {
    "name": "Require(16) node_modules/_egg-security@2.8.0@egg-security/config/config.local.js",
    "start": 1611387858614,
    "end": 1611387858614,
    "duration": 0,
    "pid": 7728,
    "index": 20
  },
  {
    "name": "Require(17) node_modules/_egg-watcher@3.1.1@egg-watcher/config/config.local.js",
    "start": 1611387858615,
    "end": 1611387858616,
    "duration": 1,
    "pid": 7728,
    "index": 21
  },
  {
    "name": "Require(18) node_modules/_egg-view@2.1.3@egg-view/config/config.local.js",
    "start": 1611387858617,
    "end": 1611387858617,
    "duration": 0,
    "pid": 7728,
    "index": 22
  },
  {
    "name": "Require(19) node_modules/_egg-view-ejs@2.0.1@egg-view-ejs/config/config.local.js",
    "start": 1611387858618,
    "end": 1611387858618,
    "duration": 0,
    "pid": 7728,
    "index": 23
  },
  {
    "name": "Require(20) node_modules/_egg@2.29.1@egg/config/config.local.js",
    "start": 1611387858618,
    "end": 1611387858618,
    "duration": 0,
    "pid": 7728,
    "index": 24
  },
  {
    "name": "Load extend/application.js",
    "start": 1611387858620,
    "end": 1611387858637,
    "duration": 17,
    "pid": 7728,
    "index": 25
  },
  {
    "name": "Require(21) node_modules/_egg-session@3.2.0@egg-session/app/extend/application.js",
    "start": 1611387858620,
    "end": 1611387858621,
    "duration": 1,
    "pid": 7728,
    "index": 26
  },
  {
    "name": "Require(22) node_modules/_egg-security@2.8.0@egg-security/app/extend/application.js",
    "start": 1611387858621,
    "end": 1611387858622,
    "duration": 1,
    "pid": 7728,
    "index": 27
  },
  {
    "name": "Require(23) node_modules/_egg-jsonp@2.0.0@egg-jsonp/app/extend/application.js",
    "start": 1611387858623,
    "end": 1611387858625,
    "duration": 2,
    "pid": 7728,
    "index": 28
  },
  {
    "name": "Require(24) node_modules/_egg-logrotator@3.1.0@egg-logrotator/app/extend/application.js",
    "start": 1611387858627,
    "end": 1611387858630,
    "duration": 3,
    "pid": 7728,
    "index": 29
  },
  {
    "name": "Require(25) node_modules/_egg-view@2.1.3@egg-view/app/extend/application.js",
    "start": 1611387858631,
    "end": 1611387858633,
    "duration": 2,
    "pid": 7728,
    "index": 30
  },
  {
    "name": "Load extend/request.js",
    "start": 1611387858637,
    "end": 1611387858645,
    "duration": 8,
    "pid": 7728,
    "index": 31
  },
  {
    "name": "Require(26) node_modules/_egg@2.29.1@egg/app/extend/request.js",
    "start": 1611387858640,
    "end": 1611387858642,
    "duration": 2,
    "pid": 7728,
    "index": 32
  },
  {
    "name": "Load extend/response.js",
    "start": 1611387858645,
    "end": 1611387858656,
    "duration": 11,
    "pid": 7728,
    "index": 33
  },
  {
    "name": "Require(27) node_modules/_egg@2.29.1@egg/app/extend/response.js",
    "start": 1611387858649,
    "end": 1611387858652,
    "duration": 3,
    "pid": 7728,
    "index": 34
  },
  {
    "name": "Load extend/context.js",
    "start": 1611387858656,
    "end": 1611387858736,
    "duration": 80,
    "pid": 7728,
    "index": 35
  },
  {
    "name": "Require(28) node_modules/_egg-security@2.8.0@egg-security/app/extend/context.js",
    "start": 1611387858656,
    "end": 1611387858671,
    "duration": 15,
    "pid": 7728,
    "index": 36
  },
  {
    "name": "Require(29) node_modules/_egg-jsonp@2.0.0@egg-jsonp/app/extend/context.js",
    "start": 1611387858671,
    "end": 1611387858673,
    "duration": 2,
    "pid": 7728,
    "index": 37
  },
  {
    "name": "Require(30) node_modules/_egg-i18n@2.1.1@egg-i18n/app/extend/context.js",
    "start": 1611387858674,
    "end": 1611387858674,
    "duration": 0,
    "pid": 7728,
    "index": 38
  },
  {
    "name": "Require(31) node_modules/_egg-multipart@2.10.3@egg-multipart/app/extend/context.js",
    "start": 1611387858675,
    "end": 1611387858729,
    "duration": 54,
    "pid": 7728,
    "index": 39
  },
  {
    "name": "Require(32) node_modules/_egg-view@2.1.3@egg-view/app/extend/context.js",
    "start": 1611387858729,
    "end": 1611387858730,
    "duration": 1,
    "pid": 7728,
    "index": 40
  },
  {
    "name": "Require(33) node_modules/_egg@2.29.1@egg/app/extend/context.js",
    "start": 1611387858731,
    "end": 1611387858733,
    "duration": 2,
    "pid": 7728,
    "index": 41
  },
  {
    "name": "Load extend/helper.js",
    "start": 1611387858736,
    "end": 1611387858763,
    "duration": 27,
    "pid": 7728,
    "index": 42
  },
  {
    "name": "Require(34) node_modules/_egg-security@2.8.0@egg-security/app/extend/helper.js",
    "start": 1611387858737,
    "end": 1611387858756,
    "duration": 19,
    "pid": 7728,
    "index": 43
  },
  {
    "name": "Require(35) node_modules/_egg@2.29.1@egg/app/extend/helper.js",
    "start": 1611387858759,
    "end": 1611387858760,
    "duration": 1,
    "pid": 7728,
    "index": 44
  },
  {
    "name": "Load app.js",
    "start": 1611387858763,
    "end": 1611387858804,
    "duration": 41,
    "pid": 7728,
    "index": 45
  },
  {
    "name": "Require(36) node_modules/_egg-session@3.2.0@egg-session/app.js",
    "start": 1611387858763,
    "end": 1611387858764,
    "duration": 1,
    "pid": 7728,
    "index": 46
  },
  {
    "name": "Require(37) node_modules/_egg-security@2.8.0@egg-security/app.js",
    "start": 1611387858764,
    "end": 1611387858766,
    "duration": 2,
    "pid": 7728,
    "index": 47
  },
  {
    "name": "Require(38) node_modules/_egg-onerror@2.1.0@egg-onerror/app.js",
    "start": 1611387858767,
    "end": 1611387858780,
    "duration": 13,
    "pid": 7728,
    "index": 48
  },
  {
    "name": "Require(39) node_modules/_egg-i18n@2.1.1@egg-i18n/app.js",
    "start": 1611387858781,
    "end": 1611387858790,
    "duration": 9,
    "pid": 7728,
    "index": 49
  },
  {
    "name": "Require(40) node_modules/_egg-watcher@3.1.1@egg-watcher/app.js",
    "start": 1611387858790,
    "end": 1611387858796,
    "duration": 6,
    "pid": 7728,
    "index": 50
  },
  {
    "name": "Require(41) node_modules/_egg-schedule@3.6.6@egg-schedule/app.js",
    "start": 1611387858796,
    "end": 1611387858798,
    "duration": 2,
    "pid": 7728,
    "index": 51
  },
  {
    "name": "Require(42) node_modules/_egg-multipart@2.10.3@egg-multipart/app.js",
    "start": 1611387858799,
    "end": 1611387858799,
    "duration": 0,
    "pid": 7728,
    "index": 52
  },
  {
    "name": "Require(43) node_modules/_egg-development@2.7.0@egg-development/app.js",
    "start": 1611387858800,
    "end": 1611387858800,
    "duration": 0,
    "pid": 7728,
    "index": 53
  },
  {
    "name": "Require(44) node_modules/_egg-logrotator@3.1.0@egg-logrotator/app.js",
    "start": 1611387858801,
    "end": 1611387858802,
    "duration": 1,
    "pid": 7728,
    "index": 54
  },
  {
    "name": "Require(45) node_modules/_egg-static@2.2.0@egg-static/app.js",
    "start": 1611387858802,
    "end": 1611387858802,
    "duration": 0,
    "pid": 7728,
    "index": 55
  },
  {
    "name": "Require(46) node_modules/_egg-view-ejs@2.0.1@egg-view-ejs/app.js",
    "start": 1611387858803,
    "end": 1611387858803,
    "duration": 0,
    "pid": 7728,
    "index": 56
  },
  {
    "name": "Before Start in node_modules/_egg-watcher@3.1.1@egg-watcher/lib/init.js:15:14",
    "start": 1611387858815,
    "end": 1611387859023,
    "duration": 208,
    "pid": 7728,
    "index": 57
  },
  {
    "name": "Load Service",
    "start": 1611387858854,
    "end": 1611387858860,
    "duration": 6,
    "pid": 7728,
    "index": 58
  },
  {
    "name": "Load \"service\" to Context",
    "start": 1611387858855,
    "end": 1611387858860,
    "duration": 5,
    "pid": 7728,
    "index": 59
  },
  {
    "name": "Load Middleware",
    "start": 1611387858860,
    "end": 1611387859006,
    "duration": 146,
    "pid": 7728,
    "index": 60
  },
  {
    "name": "Load \"middlewares\" to Application",
    "start": 1611387858860,
    "end": 1611387858991,
    "duration": 131,
    "pid": 7728,
    "index": 61
  },
  {
    "name": "Load Controller",
    "start": 1611387859006,
    "end": 1611387859009,
    "duration": 3,
    "pid": 7728,
    "index": 62
  },
  {
    "name": "Load \"controller\" to Application",
    "start": 1611387859006,
    "end": 1611387859009,
    "duration": 3,
    "pid": 7728,
    "index": 63
  },
  {
    "name": "Load Router",
    "start": 1611387859009,
    "end": 1611387859010,
    "duration": 1,
    "pid": 7728,
    "index": 64
  },
  {
    "name": "Require(47) app/router.js",
    "start": 1611387859009,
    "end": 1611387859009,
    "duration": 0,
    "pid": 7728,
    "index": 65
  },
  {
    "name": "Before Start in node_modules/_egg-core@4.20.0@egg-core/lib/egg.js:303:10",
    "start": 1611387859009,
    "end": 1611387859016,
    "duration": 7,
    "pid": 7728,
    "index": 66
  }
]