[
  {
    "name": "Process Start",
    "start": 1611387832049,
    "end": 1611387833156,
    "duration": 1107,
    "pid": 7380,
    "index": 0
  },
  {
    "name": "Application Start",
    "start": 1611387833157,
    "end": 1611387833602,
    "duration": 445,
    "pid": 7380,
    "index": 1
  },
  {
    "name": "Load Plugin",
    "start": 1611387833161,
    "end": 1611387833180,
    "duration": 19,
    "pid": 7380,
    "index": 2
  },
  {
    "name": "Load Config",
    "start": 1611387833180,
    "end": 1611387833202,
    "duration": 22,
    "pid": 7380,
    "index": 3
  },
  {
    "name": "Require(0) config/config.default.js",
    "start": 1611387833180,
    "end": 1611387833181,
    "duration": 1,
    "pid": 7380,
    "index": 4
  },
  {
    "name": "Require(1) node_modules/_egg-session@3.2.0@egg-session/config/config.default.js",
    "start": 1611387833182,
    "end": 1611387833183,
    "duration": 1,
    "pid": 7380,
    "index": 5
  },
  {
    "name": "Require(2) node_modules/_egg-security@2.8.0@egg-security/config/config.default.js",
    "start": 1611387833183,
    "end": 1611387833184,
    "duration": 1,
    "pid": 7380,
    "index": 6
  },
  {
    "name": "Require(3) node_modules/_egg-jsonp@2.0.0@egg-jsonp/config/config.default.js",
    "start": 1611387833184,
    "end": 1611387833185,
    "duration": 1,
    "pid": 7380,
    "index": 7
  },
  {
    "name": "Require(4) node_modules/_egg-onerror@2.1.0@egg-onerror/config/config.default.js",
    "start": 1611387833185,
    "end": 1611387833186,
    "duration": 1,
    "pid": 7380,
    "index": 8
  },
  {
    "name": "Require(5) node_modules/_egg-i18n@2.1.1@egg-i18n/config/config.default.js",
    "start": 1611387833186,
    "end": 1611387833187,
    "duration": 1,
    "pid": 7380,
    "index": 9
  },
  {
    "name": "Require(6) node_modules/_egg-watcher@3.1.1@egg-watcher/config/config.default.js",
    "start": 1611387833187,
    "end": 1611387833188,
    "duration": 1,
    "pid": 7380,
    "index": 10
  },
  {
    "name": "Require(7) node_modules/_egg-schedule@3.6.6@egg-schedule/config/config.default.js",
    "start": 1611387833188,
    "end": 1611387833189,
    "duration": 1,
    "pid": 7380,
    "index": 11
  },
  {
    "name": "Require(8) node_modules/_egg-multipart@2.10.3@egg-multipart/config/config.default.js",
    "start": 1611387833189,
    "end": 1611387833190,
    "duration": 1,
    "pid": 7380,
    "index": 12
  },
  {
    "name": "Require(9) node_modules/_egg-development@2.7.0@egg-development/config/config.default.js",
    "start": 1611387833190,
    "end": 1611387833191,
    "duration": 1,
    "pid": 7380,
    "index": 13
  },
  {
    "name": "Require(10) node_modules/_egg-logrotator@3.1.0@egg-logrotator/config/config.default.js",
    "start": 1611387833191,
    "end": 1611387833192,
    "duration": 1,
    "pid": 7380,
    "index": 14
  },
  {
    "name": "Require(11) node_modules/_egg-static@2.2.0@egg-static/config/config.default.js",
    "start": 1611387833192,
    "end": 1611387833192,
    "duration": 0,
    "pid": 7380,
    "index": 15
  },
  {
    "name": "Require(12) node_modules/_egg-view@2.1.3@egg-view/config/config.default.js",
    "start": 1611387833193,
    "end": 1611387833194,
    "duration": 1,
    "pid": 7380,
    "index": 16
  },
  {
    "name": "Require(13) node_modules/_egg-view-ejs@2.0.1@egg-view-ejs/config/config.default.js",
    "start": 1611387833194,
    "end": 1611387833195,
    "duration": 1,
    "pid": 7380,
    "index": 17
  },
  {
    "name": "Require(14) node_modules/_egg@2.29.1@egg/config/config.default.js",
    "start": 1611387833195,
    "end": 1611387833196,
    "duration": 1,
    "pid": 7380,
    "index": 18
  },
  {
    "name": "Require(15) config/config.default.js",
    "start": 1611387833197,
    "end": 1611387833197,
    "duration": 0,
    "pid": 7380,
    "index": 19
  },
  {
    "name": "Require(16) node_modules/_egg-security@2.8.0@egg-security/config/config.local.js",
    "start": 1611387833197,
    "end": 1611387833198,
    "duration": 1,
    "pid": 7380,
    "index": 20
  },
  {
    "name": "Require(17) node_modules/_egg-watcher@3.1.1@egg-watcher/config/config.local.js",
    "start": 1611387833199,
    "end": 1611387833199,
    "duration": 0,
    "pid": 7380,
    "index": 21
  },
  {
    "name": "Require(18) node_modules/_egg-view@2.1.3@egg-view/config/config.local.js",
    "start": 1611387833201,
    "end": 1611387833201,
    "duration": 0,
    "pid": 7380,
    "index": 22
  },
  {
    "name": "Require(19) node_modules/_egg-view-ejs@2.0.1@egg-view-ejs/config/config.local.js",
    "start": 1611387833201,
    "end": 1611387833201,
    "duration": 0,
    "pid": 7380,
    "index": 23
  },
  {
    "name": "Require(20) node_modules/_egg@2.29.1@egg/config/config.local.js",
    "start": 1611387833202,
    "end": 1611387833202,
    "duration": 0,
    "pid": 7380,
    "index": 24
  },
  {
    "name": "Load extend/application.js",
    "start": 1611387833203,
    "end": 1611387833220,
    "duration": 17,
    "pid": 7380,
    "index": 25
  },
  {
    "name": "Require(21) node_modules/_egg-session@3.2.0@egg-session/app/extend/application.js",
    "start": 1611387833204,
    "end": 1611387833204,
    "duration": 0,
    "pid": 7380,
    "index": 26
  },
  {
    "name": "Require(22) node_modules/_egg-security@2.8.0@egg-security/app/extend/application.js",
    "start": 1611387833205,
    "end": 1611387833206,
    "duration": 1,
    "pid": 7380,
    "index": 27
  },
  {
    "name": "Require(23) node_modules/_egg-jsonp@2.0.0@egg-jsonp/app/extend/application.js",
    "start": 1611387833206,
    "end": 1611387833209,
    "duration": 3,
    "pid": 7380,
    "index": 28
  },
  {
    "name": "Require(24) node_modules/_egg-logrotator@3.1.0@egg-logrotator/app/extend/application.js",
    "start": 1611387833210,
    "end": 1611387833213,
    "duration": 3,
    "pid": 7380,
    "index": 29
  },
  {
    "name": "Require(25) node_modules/_egg-view@2.1.3@egg-view/app/extend/application.js",
    "start": 1611387833214,
    "end": 1611387833216,
    "duration": 2,
    "pid": 7380,
    "index": 30
  },
  {
    "name": "Load extend/request.js",
    "start": 1611387833220,
    "end": 1611387833228,
    "duration": 8,
    "pid": 7380,
    "index": 31
  },
  {
    "name": "Require(26) node_modules/_egg@2.29.1@egg/app/extend/request.js",
    "start": 1611387833222,
    "end": 1611387833224,
    "duration": 2,
    "pid": 7380,
    "index": 32
  },
  {
    "name": "Load extend/response.js",
    "start": 1611387833229,
    "end": 1611387833236,
    "duration": 7,
    "pid": 7380,
    "index": 33
  },
  {
    "name": "Require(27) node_modules/_egg@2.29.1@egg/app/extend/response.js",
    "start": 1611387833231,
    "end": 1611387833233,
    "duration": 2,
    "pid": 7380,
    "index": 34
  },
  {
    "name": "Load extend/context.js",
    "start": 1611387833236,
    "end": 1611387833309,
    "duration": 73,
    "pid": 7380,
    "index": 35
  },
  {
    "name": "Require(28) node_modules/_egg-security@2.8.0@egg-security/app/extend/context.js",
    "start": 1611387833236,
    "end": 1611387833249,
    "duration": 13,
    "pid": 7380,
    "index": 36
  },
  {
    "name": "Require(29) node_modules/_egg-jsonp@2.0.0@egg-jsonp/app/extend/context.js",
    "start": 1611387833249,
    "end": 1611387833251,
    "duration": 2,
    "pid": 7380,
    "index": 37
  },
  {
    "name": "Require(30) node_modules/_egg-i18n@2.1.1@egg-i18n/app/extend/context.js",
    "start": 1611387833251,
    "end": 1611387833252,
    "duration": 1,
    "pid": 7380,
    "index": 38
  },
  {
    "name": "Require(31) node_modules/_egg-multipart@2.10.3@egg-multipart/app/extend/context.js",
    "start": 1611387833253,
    "end": 1611387833302,
    "duration": 49,
    "pid": 7380,
    "index": 39
  },
  {
    "name": "Require(32) node_modules/_egg-view@2.1.3@egg-view/app/extend/context.js",
    "start": 1611387833303,
    "end": 1611387833304,
    "duration": 1,
    "pid": 7380,
    "index": 40
  },
  {
    "name": "Require(33) node_modules/_egg@2.29.1@egg/app/extend/context.js",
    "start": 1611387833305,
    "end": 1611387833306,
    "duration": 1,
    "pid": 7380,
    "index": 41
  },
  {
    "name": "Load extend/helper.js",
    "start": 1611387833310,
    "end": 1611387833336,
    "duration": 26,
    "pid": 7380,
    "index": 42
  },
  {
    "name": "Require(34) node_modules/_egg-security@2.8.0@egg-security/app/extend/helper.js",
    "start": 1611387833310,
    "end": 1611387833330,
    "duration": 20,
    "pid": 7380,
    "index": 43
  },
  {
    "name": "Require(35) node_modules/_egg@2.29.1@egg/app/extend/helper.js",
    "start": 1611387833333,
    "end": 1611387833333,
    "duration": 0,
    "pid": 7380,
    "index": 44
  },
  {
    "name": "Load app.js",
    "start": 1611387833336,
    "end": 1611387833368,
    "duration": 32,
    "pid": 7380,
    "index": 45
  },
  {
    "name": "Require(36) node_modules/_egg-session@3.2.0@egg-session/app.js",
    "start": 1611387833337,
    "end": 1611387833337,
    "duration": 0,
    "pid": 7380,
    "index": 46
  },
  {
    "name": "Require(37) node_modules/_egg-security@2.8.0@egg-security/app.js",
    "start": 1611387833337,
    "end": 1611387833339,
    "duration": 2,
    "pid": 7380,
    "index": 47
  },
  {
    "name": "Require(38) node_modules/_egg-onerror@2.1.0@egg-onerror/app.js",
    "start": 1611387833339,
    "end": 1611387833350,
    "duration": 11,
    "pid": 7380,
    "index": 48
  },
  {
    "name": "Require(39) node_modules/_egg-i18n@2.1.1@egg-i18n/app.js",
    "start": 1611387833350,
    "end": 1611387833357,
    "duration": 7,
    "pid": 7380,
    "index": 49
  },
  {
    "name": "Require(40) node_modules/_egg-watcher@3.1.1@egg-watcher/app.js",
    "start": 1611387833358,
    "end": 1611387833362,
    "duration": 4,
    "pid": 7380,
    "index": 50
  },
  {
    "name": "Require(41) node_modules/_egg-schedule@3.6.6@egg-schedule/app.js",
    "start": 1611387833363,
    "end": 1611387833364,
    "duration": 1,
    "pid": 7380,
    "index": 51
  },
  {
    "name": "Require(42) node_modules/_egg-multipart@2.10.3@egg-multipart/app.js",
    "start": 1611387833365,
    "end": 1611387833365,
    "duration": 0,
    "pid": 7380,
    "index": 52
  },
  {
    "name": "Require(43) node_modules/_egg-development@2.7.0@egg-development/app.js",
    "start": 1611387833365,
    "end": 1611387833366,
    "duration": 1,
    "pid": 7380,
    "index": 53
  },
  {
    "name": "Require(44) node_modules/_egg-logrotator@3.1.0@egg-logrotator/app.js",
    "start": 1611387833366,
    "end": 1611387833366,
    "duration": 0,
    "pid": 7380,
    "index": 54
  },
  {
    "name": "Require(45) node_modules/_egg-static@2.2.0@egg-static/app.js",
    "start": 1611387833367,
    "end": 1611387833367,
    "duration": 0,
    "pid": 7380,
    "index": 55
  },
  {
    "name": "Require(46) node_modules/_egg-view-ejs@2.0.1@egg-view-ejs/app.js",
    "start": 1611387833367,
    "end": 1611387833368,
    "duration": 1,
    "pid": 7380,
    "index": 56
  },
  {
    "name": "Before Start in node_modules/_egg-watcher@3.1.1@egg-watcher/lib/init.js:15:14",
    "start": 1611387833376,
    "end": 1611387833602,
    "duration": 226,
    "pid": 7380,
    "index": 57
  },
  {
    "name": "Load Service",
    "start": 1611387833416,
    "end": 1611387833421,
    "duration": 5,
    "pid": 7380,
    "index": 58
  },
  {
    "name": "Load \"service\" to Context",
    "start": 1611387833416,
    "end": 1611387833421,
    "duration": 5,
    "pid": 7380,
    "index": 59
  },
  {
    "name": "Load Middleware",
    "start": 1611387833422,
    "end": 1611387833583,
    "duration": 161,
    "pid": 7380,
    "index": 60
  },
  {
    "name": "Load \"middlewares\" to Application",
    "start": 1611387833422,
    "end": 1611387833565,
    "duration": 143,
    "pid": 7380,
    "index": 61
  },
  {
    "name": "Load Controller",
    "start": 1611387833583,
    "end": 1611387833586,
    "duration": 3,
    "pid": 7380,
    "index": 62
  },
  {
    "name": "Load \"controller\" to Application",
    "start": 1611387833583,
    "end": 1611387833586,
    "duration": 3,
    "pid": 7380,
    "index": 63
  },
  {
    "name": "Load Router",
    "start": 1611387833586,
    "end": 1611387833588,
    "duration": 2,
    "pid": 7380,
    "index": 64
  },
  {
    "name": "Require(47) app/router.js",
    "start": 1611387833586,
    "end": 1611387833586,
    "duration": 0,
    "pid": 7380,
    "index": 65
  },
  {
    "name": "Before Start in node_modules/_egg-core@4.20.0@egg-core/lib/egg.js:303:10",
    "start": 1611387833587,
    "end": 1611387833594,
    "duration": 7,
    "pid": 7380,
    "index": 66
  }
]