[
  {
    "name": "Process Start",
    "start": 1611387828335,
    "end": 1611387829481,
    "duration": 1146,
    "pid": 19200,
    "index": 0
  },
  {
    "name": "Application Start",
    "start": 1611387829481,
    "end": 1611387829967,
    "duration": 486,
    "pid": 19200,
    "index": 1
  },
  {
    "name": "Load Plugin",
    "start": 1611387829485,
    "end": 1611387829504,
    "duration": 19,
    "pid": 19200,
    "index": 2
  },
  {
    "name": "Load Config",
    "start": 1611387829504,
    "end": 1611387829525,
    "duration": 21,
    "pid": 19200,
    "index": 3
  },
  {
    "name": "Require(0) config/config.default.js",
    "start": 1611387829505,
    "end": 1611387829505,
    "duration": 0,
    "pid": 19200,
    "index": 4
  },
  {
    "name": "Require(1) node_modules/_egg-session@3.2.0@egg-session/config/config.default.js",
    "start": 1611387829507,
    "end": 1611387829507,
    "duration": 0,
    "pid": 19200,
    "index": 5
  },
  {
    "name": "Require(2) node_modules/_egg-security@2.8.0@egg-security/config/config.default.js",
    "start": 1611387829508,
    "end": 1611387829508,
    "duration": 0,
    "pid": 19200,
    "index": 6
  },
  {
    "name": "Require(3) node_modules/_egg-jsonp@2.0.0@egg-jsonp/config/config.default.js",
    "start": 1611387829509,
    "end": 1611387829509,
    "duration": 0,
    "pid": 19200,
    "index": 7
  },
  {
    "name": "Require(4) node_modules/_egg-onerror@2.1.0@egg-onerror/config/config.default.js",
    "start": 1611387829510,
    "end": 1611387829510,
    "duration": 0,
    "pid": 19200,
    "index": 8
  },
  {
    "name": "Require(5) node_modules/_egg-i18n@2.1.1@egg-i18n/config/config.default.js",
    "start": 1611387829511,
    "end": 1611387829511,
    "duration": 0,
    "pid": 19200,
    "index": 9
  },
  {
    "name": "Require(6) node_modules/_egg-watcher@3.1.1@egg-watcher/config/config.default.js",
    "start": 1611387829512,
    "end": 1611387829512,
    "duration": 0,
    "pid": 19200,
    "index": 10
  },
  {
    "name": "Require(7) node_modules/_egg-schedule@3.6.6@egg-schedule/config/config.default.js",
    "start": 1611387829513,
    "end": 1611387829513,
    "duration": 0,
    "pid": 19200,
    "index": 11
  },
  {
    "name": "Require(8) node_modules/_egg-multipart@2.10.3@egg-multipart/config/config.default.js",
    "start": 1611387829514,
    "end": 1611387829514,
    "duration": 0,
    "pid": 19200,
    "index": 12
  },
  {
    "name": "Require(9) node_modules/_egg-development@2.7.0@egg-development/config/config.default.js",
    "start": 1611387829515,
    "end": 1611387829515,
    "duration": 0,
    "pid": 19200,
    "index": 13
  },
  {
    "name": "Require(10) node_modules/_egg-logrotator@3.1.0@egg-logrotator/config/config.default.js",
    "start": 1611387829516,
    "end": 1611387829516,
    "duration": 0,
    "pid": 19200,
    "index": 14
  },
  {
    "name": "Require(11) node_modules/_egg-static@2.2.0@egg-static/config/config.default.js",
    "start": 1611387829516,
    "end": 1611387829517,
    "duration": 1,
    "pid": 19200,
    "index": 15
  },
  {
    "name": "Require(12) node_modules/_egg-view@2.1.3@egg-view/config/config.default.js",
    "start": 1611387829517,
    "end": 1611387829518,
    "duration": 1,
    "pid": 19200,
    "index": 16
  },
  {
    "name": "Require(13) node_modules/_egg-view-ejs@2.0.1@egg-view-ejs/config/config.default.js",
    "start": 1611387829518,
    "end": 1611387829519,
    "duration": 1,
    "pid": 19200,
    "index": 17
  },
  {
    "name": "Require(14) node_modules/_egg@2.29.1@egg/config/config.default.js",
    "start": 1611387829519,
    "end": 1611387829519,
    "duration": 0,
    "pid": 19200,
    "index": 18
  },
  {
    "name": "Require(15) config/config.default.js",
    "start": 1611387829520,
    "end": 1611387829520,
    "duration": 0,
    "pid": 19200,
    "index": 19
  },
  {
    "name": "Require(16) node_modules/_egg-security@2.8.0@egg-security/config/config.local.js",
    "start": 1611387829521,
    "end": 1611387829521,
    "duration": 0,
    "pid": 19200,
    "index": 20
  },
  {
    "name": "Require(17) node_modules/_egg-watcher@3.1.1@egg-watcher/config/config.local.js",
    "start": 1611387829522,
    "end": 1611387829523,
    "duration": 1,
    "pid": 19200,
    "index": 21
  },
  {
    "name": "Require(18) node_modules/_egg-view@2.1.3@egg-view/config/config.local.js",
    "start": 1611387829524,
    "end": 1611387829524,
    "duration": 0,
    "pid": 19200,
    "index": 22
  },
  {
    "name": "Require(19) node_modules/_egg-view-ejs@2.0.1@egg-view-ejs/config/config.local.js",
    "start": 1611387829524,
    "end": 1611387829525,
    "duration": 1,
    "pid": 19200,
    "index": 23
  },
  {
    "name": "Require(20) node_modules/_egg@2.29.1@egg/config/config.local.js",
    "start": 1611387829525,
    "end": 1611387829525,
    "duration": 0,
    "pid": 19200,
    "index": 24
  },
  {
    "name": "Load extend/application.js",
    "start": 1611387829526,
    "end": 1611387829541,
    "duration": 15,
    "pid": 19200,
    "index": 25
  },
  {
    "name": "Require(21) node_modules/_egg-session@3.2.0@egg-session/app/extend/application.js",
    "start": 1611387829527,
    "end": 1611387829527,
    "duration": 0,
    "pid": 19200,
    "index": 26
  },
  {
    "name": "Require(22) node_modules/_egg-security@2.8.0@egg-security/app/extend/application.js",
    "start": 1611387829528,
    "end": 1611387829529,
    "duration": 1,
    "pid": 19200,
    "index": 27
  },
  {
    "name": "Require(23) node_modules/_egg-jsonp@2.0.0@egg-jsonp/app/extend/application.js",
    "start": 1611387829529,
    "end": 1611387829531,
    "duration": 2,
    "pid": 19200,
    "index": 28
  },
  {
    "name": "Require(24) node_modules/_egg-logrotator@3.1.0@egg-logrotator/app/extend/application.js",
    "start": 1611387829533,
    "end": 1611387829536,
    "duration": 3,
    "pid": 19200,
    "index": 29
  },
  {
    "name": "Require(25) node_modules/_egg-view@2.1.3@egg-view/app/extend/application.js",
    "start": 1611387829536,
    "end": 1611387829538,
    "duration": 2,
    "pid": 19200,
    "index": 30
  },
  {
    "name": "Load extend/request.js",
    "start": 1611387829541,
    "end": 1611387829548,
    "duration": 7,
    "pid": 19200,
    "index": 31
  },
  {
    "name": "Require(26) node_modules/_egg@2.29.1@egg/app/extend/request.js",
    "start": 1611387829544,
    "end": 1611387829545,
    "duration": 1,
    "pid": 19200,
    "index": 32
  },
  {
    "name": "Load extend/response.js",
    "start": 1611387829548,
    "end": 1611387829557,
    "duration": 9,
    "pid": 19200,
    "index": 33
  },
  {
    "name": "Require(27) node_modules/_egg@2.29.1@egg/app/extend/response.js",
    "start": 1611387829552,
    "end": 1611387829554,
    "duration": 2,
    "pid": 19200,
    "index": 34
  },
  {
    "name": "Load extend/context.js",
    "start": 1611387829557,
    "end": 1611387829632,
    "duration": 75,
    "pid": 19200,
    "index": 35
  },
  {
    "name": "Require(28) node_modules/_egg-security@2.8.0@egg-security/app/extend/context.js",
    "start": 1611387829558,
    "end": 1611387829570,
    "duration": 12,
    "pid": 19200,
    "index": 36
  },
  {
    "name": "Require(29) node_modules/_egg-jsonp@2.0.0@egg-jsonp/app/extend/context.js",
    "start": 1611387829571,
    "end": 1611387829572,
    "duration": 1,
    "pid": 19200,
    "index": 37
  },
  {
    "name": "Require(30) node_modules/_egg-i18n@2.1.1@egg-i18n/app/extend/context.js",
    "start": 1611387829573,
    "end": 1611387829573,
    "duration": 0,
    "pid": 19200,
    "index": 38
  },
  {
    "name": "Require(31) node_modules/_egg-multipart@2.10.3@egg-multipart/app/extend/context.js",
    "start": 1611387829574,
    "end": 1611387829625,
    "duration": 51,
    "pid": 19200,
    "index": 39
  },
  {
    "name": "Require(32) node_modules/_egg-view@2.1.3@egg-view/app/extend/context.js",
    "start": 1611387829626,
    "end": 1611387829627,
    "duration": 1,
    "pid": 19200,
    "index": 40
  },
  {
    "name": "Require(33) node_modules/_egg@2.29.1@egg/app/extend/context.js",
    "start": 1611387829627,
    "end": 1611387829629,
    "duration": 2,
    "pid": 19200,
    "index": 41
  },
  {
    "name": "Load extend/helper.js",
    "start": 1611387829633,
    "end": 1611387829657,
    "duration": 24,
    "pid": 19200,
    "index": 42
  },
  {
    "name": "Require(34) node_modules/_egg-security@2.8.0@egg-security/app/extend/helper.js",
    "start": 1611387829633,
    "end": 1611387829651,
    "duration": 18,
    "pid": 19200,
    "index": 43
  },
  {
    "name": "Require(35) node_modules/_egg@2.29.1@egg/app/extend/helper.js",
    "start": 1611387829654,
    "end": 1611387829654,
    "duration": 0,
    "pid": 19200,
    "index": 44
  },
  {
    "name": "Load app.js",
    "start": 1611387829657,
    "end": 1611387829702,
    "duration": 45,
    "pid": 19200,
    "index": 45
  },
  {
    "name": "Require(36) node_modules/_egg-session@3.2.0@egg-session/app.js",
    "start": 1611387829657,
    "end": 1611387829658,
    "duration": 1,
    "pid": 19200,
    "index": 46
  },
  {
    "name": "Require(37) node_modules/_egg-security@2.8.0@egg-security/app.js",
    "start": 1611387829658,
    "end": 1611387829660,
    "duration": 2,
    "pid": 19200,
    "index": 47
  },
  {
    "name": "Require(38) node_modules/_egg-onerror@2.1.0@egg-onerror/app.js",
    "start": 1611387829661,
    "end": 1611387829677,
    "duration": 16,
    "pid": 19200,
    "index": 48
  },
  {
    "name": "Require(39) node_modules/_egg-i18n@2.1.1@egg-i18n/app.js",
    "start": 1611387829678,
    "end": 1611387829688,
    "duration": 10,
    "pid": 19200,
    "index": 49
  },
  {
    "name": "Require(40) node_modules/_egg-watcher@3.1.1@egg-watcher/app.js",
    "start": 1611387829689,
    "end": 1611387829693,
    "duration": 4,
    "pid": 19200,
    "index": 50
  },
  {
    "name": "Require(41) node_modules/_egg-schedule@3.6.6@egg-schedule/app.js",
    "start": 1611387829693,
    "end": 1611387829697,
    "duration": 4,
    "pid": 19200,
    "index": 51
  },
  {
    "name": "Require(42) node_modules/_egg-multipart@2.10.3@egg-multipart/app.js",
    "start": 1611387829697,
    "end": 1611387829697,
    "duration": 0,
    "pid": 19200,
    "index": 52
  },
  {
    "name": "Require(43) node_modules/_egg-development@2.7.0@egg-development/app.js",
    "start": 1611387829698,
    "end": 1611387829698,
    "duration": 0,
    "pid": 19200,
    "index": 53
  },
  {
    "name": "Require(44) node_modules/_egg-logrotator@3.1.0@egg-logrotator/app.js",
    "start": 1611387829699,
    "end": 1611387829699,
    "duration": 0,
    "pid": 19200,
    "index": 54
  },
  {
    "name": "Require(45) node_modules/_egg-static@2.2.0@egg-static/app.js",
    "start": 1611387829699,
    "end": 1611387829700,
    "duration": 1,
    "pid": 19200,
    "index": 55
  },
  {
    "name": "Require(46) node_modules/_egg-view-ejs@2.0.1@egg-view-ejs/app.js",
    "start": 1611387829700,
    "end": 1611387829701,
    "duration": 1,
    "pid": 19200,
    "index": 56
  },
  {
    "name": "Before Start in node_modules/_egg-watcher@3.1.1@egg-watcher/lib/init.js:15:14",
    "start": 1611387829713,
    "end": 1611387829966,
    "duration": 253,
    "pid": 19200,
    "index": 57
  },
  {
    "name": "Load Service",
    "start": 1611387829753,
    "end": 1611387829758,
    "duration": 5,
    "pid": 19200,
    "index": 58
  },
  {
    "name": "Load \"service\" to Context",
    "start": 1611387829753,
    "end": 1611387829758,
    "duration": 5,
    "pid": 19200,
    "index": 59
  },
  {
    "name": "Load Middleware",
    "start": 1611387829758,
    "end": 1611387829942,
    "duration": 184,
    "pid": 19200,
    "index": 60
  },
  {
    "name": "Load \"middlewares\" to Application",
    "start": 1611387829758,
    "end": 1611387829922,
    "duration": 164,
    "pid": 19200,
    "index": 61
  },
  {
    "name": "Load Controller",
    "start": 1611387829942,
    "end": 1611387829946,
    "duration": 4,
    "pid": 19200,
    "index": 62
  },
  {
    "name": "Load \"controller\" to Application",
    "start": 1611387829942,
    "end": 1611387829946,
    "duration": 4,
    "pid": 19200,
    "index": 63
  },
  {
    "name": "Load Router",
    "start": 1611387829946,
    "end": 1611387829950,
    "duration": 4,
    "pid": 19200,
    "index": 64
  },
  {
    "name": "Require(47) app/router.js",
    "start": 1611387829947,
    "end": 1611387829947,
    "duration": 0,
    "pid": 19200,
    "index": 65
  },
  {
    "name": "Before Start in node_modules/_egg-core@4.20.0@egg-core/lib/egg.js:303:10",
    "start": 1611387829948,
    "end": 1611387829958,
    "duration": 10,
    "pid": 19200,
    "index": 66
  }
]