[
  {
    "name": "Process Start",
    "start": 1611386583004,
    "end": 1611386584055,
    "duration": 1051,
    "pid": 7992,
    "index": 0
  },
  {
    "name": "Application Start",
    "start": 1611386584055,
    "end": 1611386584483,
    "duration": 428,
    "pid": 7992,
    "index": 1
  },
  {
    "name": "Load Plugin",
    "start": 1611386584060,
    "end": 1611386584080,
    "duration": 20,
    "pid": 7992,
    "index": 2
  },
  {
    "name": "Load Config",
    "start": 1611386584080,
    "end": 1611386584104,
    "duration": 24,
    "pid": 7992,
    "index": 3
  },
  {
    "name": "Require(0) config/config.default.js",
    "start": 1611386584081,
    "end": 1611386584081,
    "duration": 0,
    "pid": 7992,
    "index": 4
  },
  {
    "name": "Require(1) node_modules/_egg-session@3.2.0@egg-session/config/config.default.js",
    "start": 1611386584082,
    "end": 1611386584083,
    "duration": 1,
    "pid": 7992,
    "index": 5
  },
  {
    "name": "Require(2) node_modules/_egg-security@2.8.0@egg-security/config/config.default.js",
    "start": 1611386584083,
    "end": 1611386584083,
    "duration": 0,
    "pid": 7992,
    "index": 6
  },
  {
    "name": "Require(3) node_modules/_egg-jsonp@2.0.0@egg-jsonp/config/config.default.js",
    "start": 1611386584084,
    "end": 1611386584085,
    "duration": 1,
    "pid": 7992,
    "index": 7
  },
  {
    "name": "Require(4) node_modules/_egg-onerror@2.1.0@egg-onerror/config/config.default.js",
    "start": 1611386584085,
    "end": 1611386584086,
    "duration": 1,
    "pid": 7992,
    "index": 8
  },
  {
    "name": "Require(5) node_modules/_egg-i18n@2.1.1@egg-i18n/config/config.default.js",
    "start": 1611386584086,
    "end": 1611386584087,
    "duration": 1,
    "pid": 7992,
    "index": 9
  },
  {
    "name": "Require(6) node_modules/_egg-watcher@3.1.1@egg-watcher/config/config.default.js",
    "start": 1611386584087,
    "end": 1611386584088,
    "duration": 1,
    "pid": 7992,
    "index": 10
  },
  {
    "name": "Require(7) node_modules/_egg-schedule@3.6.6@egg-schedule/config/config.default.js",
    "start": 1611386584088,
    "end": 1611386584089,
    "duration": 1,
    "pid": 7992,
    "index": 11
  },
  {
    "name": "Require(8) node_modules/_egg-multipart@2.10.3@egg-multipart/config/config.default.js",
    "start": 1611386584089,
    "end": 1611386584090,
    "duration": 1,
    "pid": 7992,
    "index": 12
  },
  {
    "name": "Require(9) node_modules/_egg-development@2.7.0@egg-development/config/config.default.js",
    "start": 1611386584091,
    "end": 1611386584092,
    "duration": 1,
    "pid": 7992,
    "index": 13
  },
  {
    "name": "Require(10) node_modules/_egg-logrotator@3.1.0@egg-logrotator/config/config.default.js",
    "start": 1611386584092,
    "end": 1611386584093,
    "duration": 1,
    "pid": 7992,
    "index": 14
  },
  {
    "name": "Require(11) node_modules/_egg-static@2.2.0@egg-static/config/config.default.js",
    "start": 1611386584093,
    "end": 1611386584094,
    "duration": 1,
    "pid": 7992,
    "index": 15
  },
  {
    "name": "Require(12) node_modules/_egg-view@2.1.3@egg-view/config/config.default.js",
    "start": 1611386584095,
    "end": 1611386584095,
    "duration": 0,
    "pid": 7992,
    "index": 16
  },
  {
    "name": "Require(13) node_modules/_egg-view-ejs@2.0.1@egg-view-ejs/config/config.default.js",
    "start": 1611386584096,
    "end": 1611386584096,
    "duration": 0,
    "pid": 7992,
    "index": 17
  },
  {
    "name": "Require(14) node_modules/_egg@2.29.1@egg/config/config.default.js",
    "start": 1611386584097,
    "end": 1611386584097,
    "duration": 0,
    "pid": 7992,
    "index": 18
  },
  {
    "name": "Require(15) config/config.default.js",
    "start": 1611386584098,
    "end": 1611386584098,
    "duration": 0,
    "pid": 7992,
    "index": 19
  },
  {
    "name": "Require(16) node_modules/_egg-security@2.8.0@egg-security/config/config.local.js",
    "start": 1611386584099,
    "end": 1611386584099,
    "duration": 0,
    "pid": 7992,
    "index": 20
  },
  {
    "name": "Require(17) node_modules/_egg-watcher@3.1.1@egg-watcher/config/config.local.js",
    "start": 1611386584100,
    "end": 1611386584100,
    "duration": 0,
    "pid": 7992,
    "index": 21
  },
  {
    "name": "Require(18) node_modules/_egg-view@2.1.3@egg-view/config/config.local.js",
    "start": 1611386584102,
    "end": 1611386584102,
    "duration": 0,
    "pid": 7992,
    "index": 22
  },
  {
    "name": "Require(19) node_modules/_egg-view-ejs@2.0.1@egg-view-ejs/config/config.local.js",
    "start": 1611386584102,
    "end": 1611386584103,
    "duration": 1,
    "pid": 7992,
    "index": 23
  },
  {
    "name": "Require(20) node_modules/_egg@2.29.1@egg/config/config.local.js",
    "start": 1611386584103,
    "end": 1611386584103,
    "duration": 0,
    "pid": 7992,
    "index": 24
  },
  {
    "name": "Load extend/application.js",
    "start": 1611386584105,
    "end": 1611386584122,
    "duration": 17,
    "pid": 7992,
    "index": 25
  },
  {
    "name": "Require(21) node_modules/_egg-session@3.2.0@egg-session/app/extend/application.js",
    "start": 1611386584105,
    "end": 1611386584106,
    "duration": 1,
    "pid": 7992,
    "index": 26
  },
  {
    "name": "Require(22) node_modules/_egg-security@2.8.0@egg-security/app/extend/application.js",
    "start": 1611386584107,
    "end": 1611386584109,
    "duration": 2,
    "pid": 7992,
    "index": 27
  },
  {
    "name": "Require(23) node_modules/_egg-jsonp@2.0.0@egg-jsonp/app/extend/application.js",
    "start": 1611386584109,
    "end": 1611386584111,
    "duration": 2,
    "pid": 7992,
    "index": 28
  },
  {
    "name": "Require(24) node_modules/_egg-logrotator@3.1.0@egg-logrotator/app/extend/application.js",
    "start": 1611386584113,
    "end": 1611386584116,
    "duration": 3,
    "pid": 7992,
    "index": 29
  },
  {
    "name": "Require(25) node_modules/_egg-view@2.1.3@egg-view/app/extend/application.js",
    "start": 1611386584116,
    "end": 1611386584119,
    "duration": 3,
    "pid": 7992,
    "index": 30
  },
  {
    "name": "Load extend/request.js",
    "start": 1611386584122,
    "end": 1611386584132,
    "duration": 10,
    "pid": 7992,
    "index": 31
  },
  {
    "name": "Require(26) node_modules/_egg@2.29.1@egg/app/extend/request.js",
    "start": 1611386584126,
    "end": 1611386584127,
    "duration": 1,
    "pid": 7992,
    "index": 32
  },
  {
    "name": "Load extend/response.js",
    "start": 1611386584132,
    "end": 1611386584141,
    "duration": 9,
    "pid": 7992,
    "index": 33
  },
  {
    "name": "Require(27) node_modules/_egg@2.29.1@egg/app/extend/response.js",
    "start": 1611386584135,
    "end": 1611386584138,
    "duration": 3,
    "pid": 7992,
    "index": 34
  },
  {
    "name": "Load extend/context.js",
    "start": 1611386584141,
    "end": 1611386584218,
    "duration": 77,
    "pid": 7992,
    "index": 35
  },
  {
    "name": "Require(28) node_modules/_egg-security@2.8.0@egg-security/app/extend/context.js",
    "start": 1611386584142,
    "end": 1611386584155,
    "duration": 13,
    "pid": 7992,
    "index": 36
  },
  {
    "name": "Require(29) node_modules/_egg-jsonp@2.0.0@egg-jsonp/app/extend/context.js",
    "start": 1611386584155,
    "end": 1611386584157,
    "duration": 2,
    "pid": 7992,
    "index": 37
  },
  {
    "name": "Require(30) node_modules/_egg-i18n@2.1.1@egg-i18n/app/extend/context.js",
    "start": 1611386584158,
    "end": 1611386584158,
    "duration": 0,
    "pid": 7992,
    "index": 38
  },
  {
    "name": "Require(31) node_modules/_egg-multipart@2.10.3@egg-multipart/app/extend/context.js",
    "start": 1611386584159,
    "end": 1611386584211,
    "duration": 52,
    "pid": 7992,
    "index": 39
  },
  {
    "name": "Require(32) node_modules/_egg-view@2.1.3@egg-view/app/extend/context.js",
    "start": 1611386584212,
    "end": 1611386584213,
    "duration": 1,
    "pid": 7992,
    "index": 40
  },
  {
    "name": "Require(33) node_modules/_egg@2.29.1@egg/app/extend/context.js",
    "start": 1611386584214,
    "end": 1611386584215,
    "duration": 1,
    "pid": 7992,
    "index": 41
  },
  {
    "name": "Load extend/helper.js",
    "start": 1611386584219,
    "end": 1611386584243,
    "duration": 24,
    "pid": 7992,
    "index": 42
  },
  {
    "name": "Require(34) node_modules/_egg-security@2.8.0@egg-security/app/extend/helper.js",
    "start": 1611386584219,
    "end": 1611386584237,
    "duration": 18,
    "pid": 7992,
    "index": 43
  },
  {
    "name": "Require(35) node_modules/_egg@2.29.1@egg/app/extend/helper.js",
    "start": 1611386584239,
    "end": 1611386584240,
    "duration": 1,
    "pid": 7992,
    "index": 44
  },
  {
    "name": "Load app.js",
    "start": 1611386584243,
    "end": 1611386584279,
    "duration": 36,
    "pid": 7992,
    "index": 45
  },
  {
    "name": "Require(36) node_modules/_egg-session@3.2.0@egg-session/app.js",
    "start": 1611386584244,
    "end": 1611386584244,
    "duration": 0,
    "pid": 7992,
    "index": 46
  },
  {
    "name": "Require(37) node_modules/_egg-security@2.8.0@egg-security/app.js",
    "start": 1611386584244,
    "end": 1611386584246,
    "duration": 2,
    "pid": 7992,
    "index": 47
  },
  {
    "name": "Require(38) node_modules/_egg-onerror@2.1.0@egg-onerror/app.js",
    "start": 1611386584247,
    "end": 1611386584258,
    "duration": 11,
    "pid": 7992,
    "index": 48
  },
  {
    "name": "Require(39) node_modules/_egg-i18n@2.1.1@egg-i18n/app.js",
    "start": 1611386584259,
    "end": 1611386584267,
    "duration": 8,
    "pid": 7992,
    "index": 49
  },
  {
    "name": "Require(40) node_modules/_egg-watcher@3.1.1@egg-watcher/app.js",
    "start": 1611386584267,
    "end": 1611386584271,
    "duration": 4,
    "pid": 7992,
    "index": 50
  },
  {
    "name": "Require(41) node_modules/_egg-schedule@3.6.6@egg-schedule/app.js",
    "start": 1611386584272,
    "end": 1611386584274,
    "duration": 2,
    "pid": 7992,
    "index": 51
  },
  {
    "name": "Require(42) node_modules/_egg-multipart@2.10.3@egg-multipart/app.js",
    "start": 1611386584275,
    "end": 1611386584275,
    "duration": 0,
    "pid": 7992,
    "index": 52
  },
  {
    "name": "Require(43) node_modules/_egg-development@2.7.0@egg-development/app.js",
    "start": 1611386584276,
    "end": 1611386584276,
    "duration": 0,
    "pid": 7992,
    "index": 53
  },
  {
    "name": "Require(44) node_modules/_egg-logrotator@3.1.0@egg-logrotator/app.js",
    "start": 1611386584276,
    "end": 1611386584276,
    "duration": 0,
    "pid": 7992,
    "index": 54
  },
  {
    "name": "Require(45) node_modules/_egg-static@2.2.0@egg-static/app.js",
    "start": 1611386584277,
    "end": 1611386584277,
    "duration": 0,
    "pid": 7992,
    "index": 55
  },
  {
    "name": "Require(46) node_modules/_egg-view-ejs@2.0.1@egg-view-ejs/app.js",
    "start": 1611386584278,
    "end": 1611386584278,
    "duration": 0,
    "pid": 7992,
    "index": 56
  },
  {
    "name": "Before Start in node_modules/_egg-watcher@3.1.1@egg-watcher/lib/init.js:15:14",
    "start": 1611386584287,
    "end": 1611386584483,
    "duration": 196,
    "pid": 7992,
    "index": 57
  },
  {
    "name": "Load Service",
    "start": 1611386584322,
    "end": 1611386584328,
    "duration": 6,
    "pid": 7992,
    "index": 58
  },
  {
    "name": "Load \"service\" to Context",
    "start": 1611386584322,
    "end": 1611386584328,
    "duration": 6,
    "pid": 7992,
    "index": 59
  },
  {
    "name": "Load Middleware",
    "start": 1611386584328,
    "end": 1611386584464,
    "duration": 136,
    "pid": 7992,
    "index": 60
  },
  {
    "name": "Load \"middlewares\" to Application",
    "start": 1611386584328,
    "end": 1611386584446,
    "duration": 118,
    "pid": 7992,
    "index": 61
  },
  {
    "name": "Load Controller",
    "start": 1611386584464,
    "end": 1611386584467,
    "duration": 3,
    "pid": 7992,
    "index": 62
  },
  {
    "name": "Load \"controller\" to Application",
    "start": 1611386584464,
    "end": 1611386584467,
    "duration": 3,
    "pid": 7992,
    "index": 63
  },
  {
    "name": "Load Router",
    "start": 1611386584467,
    "end": 1611386584469,
    "duration": 2,
    "pid": 7992,
    "index": 64
  },
  {
    "name": "Require(47) app/router.js",
    "start": 1611386584467,
    "end": 1611386584467,
    "duration": 0,
    "pid": 7992,
    "index": 65
  },
  {
    "name": "Before Start in node_modules/_egg-core@4.20.0@egg-core/lib/egg.js:303:10",
    "start": 1611386584467,
    "end": 1611386584476,
    "duration": 9,
    "pid": 7992,
    "index": 66
  }
]