[
  {
    "name": "Process Start",
    "start": 1611386544514,
    "end": 1611386545637,
    "duration": 1123,
    "pid": 10348,
    "index": 0
  },
  {
    "name": "Application Start",
    "start": 1611386545637,
    "end": 1611386546043,
    "duration": 406,
    "pid": 10348,
    "index": 1
  },
  {
    "name": "Load Plugin",
    "start": 1611386545641,
    "end": 1611386545660,
    "duration": 19,
    "pid": 10348,
    "index": 2
  },
  {
    "name": "Load Config",
    "start": 1611386545660,
    "end": 1611386545685,
    "duration": 25,
    "pid": 10348,
    "index": 3
  },
  {
    "name": "Require(0) config/config.default.js",
    "start": 1611386545660,
    "end": 1611386545661,
    "duration": 1,
    "pid": 10348,
    "index": 4
  },
  {
    "name": "Require(1) node_modules/_egg-session@3.2.0@egg-session/config/config.default.js",
    "start": 1611386545663,
    "end": 1611386545663,
    "duration": 0,
    "pid": 10348,
    "index": 5
  },
  {
    "name": "Require(2) node_modules/_egg-security@2.8.0@egg-security/config/config.default.js",
    "start": 1611386545664,
    "end": 1611386545664,
    "duration": 0,
    "pid": 10348,
    "index": 6
  },
  {
    "name": "Require(3) node_modules/_egg-jsonp@2.0.0@egg-jsonp/config/config.default.js",
    "start": 1611386545665,
    "end": 1611386545665,
    "duration": 0,
    "pid": 10348,
    "index": 7
  },
  {
    "name": "Require(4) node_modules/_egg-onerror@2.1.0@egg-onerror/config/config.default.js",
    "start": 1611386545666,
    "end": 1611386545666,
    "duration": 0,
    "pid": 10348,
    "index": 8
  },
  {
    "name": "Require(5) node_modules/_egg-i18n@2.1.1@egg-i18n/config/config.default.js",
    "start": 1611386545667,
    "end": 1611386545667,
    "duration": 0,
    "pid": 10348,
    "index": 9
  },
  {
    "name": "Require(6) node_modules/_egg-watcher@3.1.1@egg-watcher/config/config.default.js",
    "start": 1611386545668,
    "end": 1611386545668,
    "duration": 0,
    "pid": 10348,
    "index": 10
  },
  {
    "name": "Require(7) node_modules/_egg-schedule@3.6.6@egg-schedule/config/config.default.js",
    "start": 1611386545669,
    "end": 1611386545669,
    "duration": 0,
    "pid": 10348,
    "index": 11
  },
  {
    "name": "Require(8) node_modules/_egg-multipart@2.10.3@egg-multipart/config/config.default.js",
    "start": 1611386545670,
    "end": 1611386545670,
    "duration": 0,
    "pid": 10348,
    "index": 12
  },
  {
    "name": "Require(9) node_modules/_egg-development@2.7.0@egg-development/config/config.default.js",
    "start": 1611386545671,
    "end": 1611386545671,
    "duration": 0,
    "pid": 10348,
    "index": 13
  },
  {
    "name": "Require(10) node_modules/_egg-logrotator@3.1.0@egg-logrotator/config/config.default.js",
    "start": 1611386545672,
    "end": 1611386545672,
    "duration": 0,
    "pid": 10348,
    "index": 14
  },
  {
    "name": "Require(11) node_modules/_egg-static@2.2.0@egg-static/config/config.default.js",
    "start": 1611386545673,
    "end": 1611386545674,
    "duration": 1,
    "pid": 10348,
    "index": 15
  },
  {
    "name": "Require(12) node_modules/_egg-view@2.1.3@egg-view/config/config.default.js",
    "start": 1611386545674,
    "end": 1611386545675,
    "duration": 1,
    "pid": 10348,
    "index": 16
  },
  {
    "name": "Require(13) node_modules/_egg-view-ejs@2.0.1@egg-view-ejs/config/config.default.js",
    "start": 1611386545675,
    "end": 1611386545676,
    "duration": 1,
    "pid": 10348,
    "index": 17
  },
  {
    "name": "Require(14) node_modules/_egg@2.29.1@egg/config/config.default.js",
    "start": 1611386545676,
    "end": 1611386545677,
    "duration": 1,
    "pid": 10348,
    "index": 18
  },
  {
    "name": "Require(15) config/config.default.js",
    "start": 1611386545678,
    "end": 1611386545678,
    "duration": 0,
    "pid": 10348,
    "index": 19
  },
  {
    "name": "Require(16) node_modules/_egg-security@2.8.0@egg-security/config/config.local.js",
    "start": 1611386545679,
    "end": 1611386545679,
    "duration": 0,
    "pid": 10348,
    "index": 20
  },
  {
    "name": "Require(17) node_modules/_egg-watcher@3.1.1@egg-watcher/config/config.local.js",
    "start": 1611386545680,
    "end": 1611386545681,
    "duration": 1,
    "pid": 10348,
    "index": 21
  },
  {
    "name": "Require(18) node_modules/_egg-view@2.1.3@egg-view/config/config.local.js",
    "start": 1611386545682,
    "end": 1611386545683,
    "duration": 1,
    "pid": 10348,
    "index": 22
  },
  {
    "name": "Require(19) node_modules/_egg-view-ejs@2.0.1@egg-view-ejs/config/config.local.js",
    "start": 1611386545683,
    "end": 1611386545684,
    "duration": 1,
    "pid": 10348,
    "index": 23
  },
  {
    "name": "Require(20) node_modules/_egg@2.29.1@egg/config/config.local.js",
    "start": 1611386545684,
    "end": 1611386545685,
    "duration": 1,
    "pid": 10348,
    "index": 24
  },
  {
    "name": "Load extend/application.js",
    "start": 1611386545686,
    "end": 1611386545703,
    "duration": 17,
    "pid": 10348,
    "index": 25
  },
  {
    "name": "Require(21) node_modules/_egg-session@3.2.0@egg-session/app/extend/application.js",
    "start": 1611386545686,
    "end": 1611386545687,
    "duration": 1,
    "pid": 10348,
    "index": 26
  },
  {
    "name": "Require(22) node_modules/_egg-security@2.8.0@egg-security/app/extend/application.js",
    "start": 1611386545687,
    "end": 1611386545688,
    "duration": 1,
    "pid": 10348,
    "index": 27
  },
  {
    "name": "Require(23) node_modules/_egg-jsonp@2.0.0@egg-jsonp/app/extend/application.js",
    "start": 1611386545689,
    "end": 1611386545691,
    "duration": 2,
    "pid": 10348,
    "index": 28
  },
  {
    "name": "Require(24) node_modules/_egg-logrotator@3.1.0@egg-logrotator/app/extend/application.js",
    "start": 1611386545692,
    "end": 1611386545695,
    "duration": 3,
    "pid": 10348,
    "index": 29
  },
  {
    "name": "Require(25) node_modules/_egg-view@2.1.3@egg-view/app/extend/application.js",
    "start": 1611386545696,
    "end": 1611386545698,
    "duration": 2,
    "pid": 10348,
    "index": 30
  },
  {
    "name": "Load extend/request.js",
    "start": 1611386545703,
    "end": 1611386545713,
    "duration": 10,
    "pid": 10348,
    "index": 31
  },
  {
    "name": "Require(26) node_modules/_egg@2.29.1@egg/app/extend/request.js",
    "start": 1611386545706,
    "end": 1611386545707,
    "duration": 1,
    "pid": 10348,
    "index": 32
  },
  {
    "name": "Load extend/response.js",
    "start": 1611386545713,
    "end": 1611386545722,
    "duration": 9,
    "pid": 10348,
    "index": 33
  },
  {
    "name": "Require(27) node_modules/_egg@2.29.1@egg/app/extend/response.js",
    "start": 1611386545716,
    "end": 1611386545719,
    "duration": 3,
    "pid": 10348,
    "index": 34
  },
  {
    "name": "Load extend/context.js",
    "start": 1611386545722,
    "end": 1611386545801,
    "duration": 79,
    "pid": 10348,
    "index": 35
  },
  {
    "name": "Require(28) node_modules/_egg-security@2.8.0@egg-security/app/extend/context.js",
    "start": 1611386545722,
    "end": 1611386545738,
    "duration": 16,
    "pid": 10348,
    "index": 36
  },
  {
    "name": "Require(29) node_modules/_egg-jsonp@2.0.0@egg-jsonp/app/extend/context.js",
    "start": 1611386545738,
    "end": 1611386545740,
    "duration": 2,
    "pid": 10348,
    "index": 37
  },
  {
    "name": "Require(30) node_modules/_egg-i18n@2.1.1@egg-i18n/app/extend/context.js",
    "start": 1611386545740,
    "end": 1611386545740,
    "duration": 0,
    "pid": 10348,
    "index": 38
  },
  {
    "name": "Require(31) node_modules/_egg-multipart@2.10.3@egg-multipart/app/extend/context.js",
    "start": 1611386545741,
    "end": 1611386545793,
    "duration": 52,
    "pid": 10348,
    "index": 39
  },
  {
    "name": "Require(32) node_modules/_egg-view@2.1.3@egg-view/app/extend/context.js",
    "start": 1611386545794,
    "end": 1611386545796,
    "duration": 2,
    "pid": 10348,
    "index": 40
  },
  {
    "name": "Require(33) node_modules/_egg@2.29.1@egg/app/extend/context.js",
    "start": 1611386545796,
    "end": 1611386545798,
    "duration": 2,
    "pid": 10348,
    "index": 41
  },
  {
    "name": "Load extend/helper.js",
    "start": 1611386545801,
    "end": 1611386545824,
    "duration": 23,
    "pid": 10348,
    "index": 42
  },
  {
    "name": "Require(34) node_modules/_egg-security@2.8.0@egg-security/app/extend/helper.js",
    "start": 1611386545802,
    "end": 1611386545819,
    "duration": 17,
    "pid": 10348,
    "index": 43
  },
  {
    "name": "Require(35) node_modules/_egg@2.29.1@egg/app/extend/helper.js",
    "start": 1611386545821,
    "end": 1611386545821,
    "duration": 0,
    "pid": 10348,
    "index": 44
  },
  {
    "name": "Load app.js",
    "start": 1611386545824,
    "end": 1611386545858,
    "duration": 34,
    "pid": 10348,
    "index": 45
  },
  {
    "name": "Require(36) node_modules/_egg-session@3.2.0@egg-session/app.js",
    "start": 1611386545825,
    "end": 1611386545825,
    "duration": 0,
    "pid": 10348,
    "index": 46
  },
  {
    "name": "Require(37) node_modules/_egg-security@2.8.0@egg-security/app.js",
    "start": 1611386545825,
    "end": 1611386545827,
    "duration": 2,
    "pid": 10348,
    "index": 47
  },
  {
    "name": "Require(38) node_modules/_egg-onerror@2.1.0@egg-onerror/app.js",
    "start": 1611386545828,
    "end": 1611386545838,
    "duration": 10,
    "pid": 10348,
    "index": 48
  },
  {
    "name": "Require(39) node_modules/_egg-i18n@2.1.1@egg-i18n/app.js",
    "start": 1611386545839,
    "end": 1611386545847,
    "duration": 8,
    "pid": 10348,
    "index": 49
  },
  {
    "name": "Require(40) node_modules/_egg-watcher@3.1.1@egg-watcher/app.js",
    "start": 1611386545847,
    "end": 1611386545851,
    "duration": 4,
    "pid": 10348,
    "index": 50
  },
  {
    "name": "Require(41) node_modules/_egg-schedule@3.6.6@egg-schedule/app.js",
    "start": 1611386545852,
    "end": 1611386545854,
    "duration": 2,
    "pid": 10348,
    "index": 51
  },
  {
    "name": "Require(42) node_modules/_egg-multipart@2.10.3@egg-multipart/app.js",
    "start": 1611386545854,
    "end": 1611386545854,
    "duration": 0,
    "pid": 10348,
    "index": 52
  },
  {
    "name": "Require(43) node_modules/_egg-development@2.7.0@egg-development/app.js",
    "start": 1611386545855,
    "end": 1611386545855,
    "duration": 0,
    "pid": 10348,
    "index": 53
  },
  {
    "name": "Require(44) node_modules/_egg-logrotator@3.1.0@egg-logrotator/app.js",
    "start": 1611386545855,
    "end": 1611386545855,
    "duration": 0,
    "pid": 10348,
    "index": 54
  },
  {
    "name": "Require(45) node_modules/_egg-static@2.2.0@egg-static/app.js",
    "start": 1611386545856,
    "end": 1611386545856,
    "duration": 0,
    "pid": 10348,
    "index": 55
  },
  {
    "name": "Require(46) node_modules/_egg-view-ejs@2.0.1@egg-view-ejs/app.js",
    "start": 1611386545857,
    "end": 1611386545857,
    "duration": 0,
    "pid": 10348,
    "index": 56
  },
  {
    "name": "Before Start in node_modules/_egg-watcher@3.1.1@egg-watcher/lib/init.js:15:14",
    "start": 1611386545867,
    "end": 1611386546042,
    "duration": 175,
    "pid": 10348,
    "index": 57
  },
  {
    "name": "Load Service",
    "start": 1611386545899,
    "end": 1611386545903,
    "duration": 4,
    "pid": 10348,
    "index": 58
  },
  {
    "name": "Load \"service\" to Context",
    "start": 1611386545899,
    "end": 1611386545903,
    "duration": 4,
    "pid": 10348,
    "index": 59
  },
  {
    "name": "Load Middleware",
    "start": 1611386545903,
    "end": 1611386546025,
    "duration": 122,
    "pid": 10348,
    "index": 60
  },
  {
    "name": "Load \"middlewares\" to Application",
    "start": 1611386545903,
    "end": 1611386546010,
    "duration": 107,
    "pid": 10348,
    "index": 61
  },
  {
    "name": "Load Controller",
    "start": 1611386546025,
    "end": 1611386546028,
    "duration": 3,
    "pid": 10348,
    "index": 62
  },
  {
    "name": "Load \"controller\" to Application",
    "start": 1611386546025,
    "end": 1611386546028,
    "duration": 3,
    "pid": 10348,
    "index": 63
  },
  {
    "name": "Load Router",
    "start": 1611386546028,
    "end": 1611386546030,
    "duration": 2,
    "pid": 10348,
    "index": 64
  },
  {
    "name": "Require(47) app/router.js",
    "start": 1611386546029,
    "end": 1611386546029,
    "duration": 0,
    "pid": 10348,
    "index": 65
  },
  {
    "name": "Before Start in node_modules/_egg-core@4.20.0@egg-core/lib/egg.js:303:10",
    "start": 1611386546029,
    "end": 1611386546036,
    "duration": 7,
    "pid": 10348,
    "index": 66
  }
]