[
  {
    "name": "Process Start",
    "start": 1611386584521,
    "end": 1611386585625,
    "duration": 1104,
    "pid": 5128,
    "index": 0
  },
  {
    "name": "Application Start",
    "start": 1611386585625,
    "end": 1611386586035,
    "duration": 410,
    "pid": 5128,
    "index": 1
  },
  {
    "name": "Load Plugin",
    "start": 1611386585630,
    "end": 1611386585651,
    "duration": 21,
    "pid": 5128,
    "index": 2
  },
  {
    "name": "Load Config",
    "start": 1611386585651,
    "end": 1611386585670,
    "duration": 19,
    "pid": 5128,
    "index": 3
  },
  {
    "name": "Require(0) config/config.default.js",
    "start": 1611386585651,
    "end": 1611386585652,
    "duration": 1,
    "pid": 5128,
    "index": 4
  },
  {
    "name": "Require(1) node_modules/_egg-session@3.2.0@egg-session/config/config.default.js",
    "start": 1611386585653,
    "end": 1611386585653,
    "duration": 0,
    "pid": 5128,
    "index": 5
  },
  {
    "name": "Require(2) node_modules/_egg-security@2.8.0@egg-security/config/config.default.js",
    "start": 1611386585654,
    "end": 1611386585654,
    "duration": 0,
    "pid": 5128,
    "index": 6
  },
  {
    "name": "Require(3) node_modules/_egg-jsonp@2.0.0@egg-jsonp/config/config.default.js",
    "start": 1611386585655,
    "end": 1611386585655,
    "duration": 0,
    "pid": 5128,
    "index": 7
  },
  {
    "name": "Require(4) node_modules/_egg-onerror@2.1.0@egg-onerror/config/config.default.js",
    "start": 1611386585656,
    "end": 1611386585656,
    "duration": 0,
    "pid": 5128,
    "index": 8
  },
  {
    "name": "Require(5) node_modules/_egg-i18n@2.1.1@egg-i18n/config/config.default.js",
    "start": 1611386585657,
    "end": 1611386585657,
    "duration": 0,
    "pid": 5128,
    "index": 9
  },
  {
    "name": "Require(6) node_modules/_egg-watcher@3.1.1@egg-watcher/config/config.default.js",
    "start": 1611386585658,
    "end": 1611386585658,
    "duration": 0,
    "pid": 5128,
    "index": 10
  },
  {
    "name": "Require(7) node_modules/_egg-schedule@3.6.6@egg-schedule/config/config.default.js",
    "start": 1611386585659,
    "end": 1611386585659,
    "duration": 0,
    "pid": 5128,
    "index": 11
  },
  {
    "name": "Require(8) node_modules/_egg-multipart@2.10.3@egg-multipart/config/config.default.js",
    "start": 1611386585660,
    "end": 1611386585660,
    "duration": 0,
    "pid": 5128,
    "index": 12
  },
  {
    "name": "Require(9) node_modules/_egg-development@2.7.0@egg-development/config/config.default.js",
    "start": 1611386585661,
    "end": 1611386585661,
    "duration": 0,
    "pid": 5128,
    "index": 13
  },
  {
    "name": "Require(10) node_modules/_egg-logrotator@3.1.0@egg-logrotator/config/config.default.js",
    "start": 1611386585661,
    "end": 1611386585662,
    "duration": 1,
    "pid": 5128,
    "index": 14
  },
  {
    "name": "Require(11) node_modules/_egg-static@2.2.0@egg-static/config/config.default.js",
    "start": 1611386585662,
    "end": 1611386585663,
    "duration": 1,
    "pid": 5128,
    "index": 15
  },
  {
    "name": "Require(12) node_modules/_egg-view@2.1.3@egg-view/config/config.default.js",
    "start": 1611386585663,
    "end": 1611386585663,
    "duration": 0,
    "pid": 5128,
    "index": 16
  },
  {
    "name": "Require(13) node_modules/_egg-view-ejs@2.0.1@egg-view-ejs/config/config.default.js",
    "start": 1611386585664,
    "end": 1611386585664,
    "duration": 0,
    "pid": 5128,
    "index": 17
  },
  {
    "name": "Require(14) node_modules/_egg@2.29.1@egg/config/config.default.js",
    "start": 1611386585665,
    "end": 1611386585665,
    "duration": 0,
    "pid": 5128,
    "index": 18
  },
  {
    "name": "Require(15) config/config.default.js",
    "start": 1611386585666,
    "end": 1611386585666,
    "duration": 0,
    "pid": 5128,
    "index": 19
  },
  {
    "name": "Require(16) node_modules/_egg-security@2.8.0@egg-security/config/config.local.js",
    "start": 1611386585666,
    "end": 1611386585667,
    "duration": 1,
    "pid": 5128,
    "index": 20
  },
  {
    "name": "Require(17) node_modules/_egg-watcher@3.1.1@egg-watcher/config/config.local.js",
    "start": 1611386585667,
    "end": 1611386585668,
    "duration": 1,
    "pid": 5128,
    "index": 21
  },
  {
    "name": "Require(18) node_modules/_egg-view@2.1.3@egg-view/config/config.local.js",
    "start": 1611386585669,
    "end": 1611386585669,
    "duration": 0,
    "pid": 5128,
    "index": 22
  },
  {
    "name": "Require(19) node_modules/_egg-view-ejs@2.0.1@egg-view-ejs/config/config.local.js",
    "start": 1611386585669,
    "end": 1611386585670,
    "duration": 1,
    "pid": 5128,
    "index": 23
  },
  {
    "name": "Require(20) node_modules/_egg@2.29.1@egg/config/config.local.js",
    "start": 1611386585670,
    "end": 1611386585670,
    "duration": 0,
    "pid": 5128,
    "index": 24
  },
  {
    "name": "Load extend/application.js",
    "start": 1611386585671,
    "end": 1611386585685,
    "duration": 14,
    "pid": 5128,
    "index": 25
  },
  {
    "name": "Require(21) node_modules/_egg-session@3.2.0@egg-session/app/extend/application.js",
    "start": 1611386585672,
    "end": 1611386585672,
    "duration": 0,
    "pid": 5128,
    "index": 26
  },
  {
    "name": "Require(22) node_modules/_egg-security@2.8.0@egg-security/app/extend/application.js",
    "start": 1611386585672,
    "end": 1611386585673,
    "duration": 1,
    "pid": 5128,
    "index": 27
  },
  {
    "name": "Require(23) node_modules/_egg-jsonp@2.0.0@egg-jsonp/app/extend/application.js",
    "start": 1611386585674,
    "end": 1611386585676,
    "duration": 2,
    "pid": 5128,
    "index": 28
  },
  {
    "name": "Require(24) node_modules/_egg-logrotator@3.1.0@egg-logrotator/app/extend/application.js",
    "start": 1611386585677,
    "end": 1611386585679,
    "duration": 2,
    "pid": 5128,
    "index": 29
  },
  {
    "name": "Require(25) node_modules/_egg-view@2.1.3@egg-view/app/extend/application.js",
    "start": 1611386585680,
    "end": 1611386585682,
    "duration": 2,
    "pid": 5128,
    "index": 30
  },
  {
    "name": "Load extend/request.js",
    "start": 1611386585685,
    "end": 1611386585694,
    "duration": 9,
    "pid": 5128,
    "index": 31
  },
  {
    "name": "Require(26) node_modules/_egg@2.29.1@egg/app/extend/request.js",
    "start": 1611386585687,
    "end": 1611386585689,
    "duration": 2,
    "pid": 5128,
    "index": 32
  },
  {
    "name": "Load extend/response.js",
    "start": 1611386585694,
    "end": 1611386585701,
    "duration": 7,
    "pid": 5128,
    "index": 33
  },
  {
    "name": "Require(27) node_modules/_egg@2.29.1@egg/app/extend/response.js",
    "start": 1611386585696,
    "end": 1611386585698,
    "duration": 2,
    "pid": 5128,
    "index": 34
  },
  {
    "name": "Load extend/context.js",
    "start": 1611386585701,
    "end": 1611386585777,
    "duration": 76,
    "pid": 5128,
    "index": 35
  },
  {
    "name": "Require(28) node_modules/_egg-security@2.8.0@egg-security/app/extend/context.js",
    "start": 1611386585701,
    "end": 1611386585714,
    "duration": 13,
    "pid": 5128,
    "index": 36
  },
  {
    "name": "Require(29) node_modules/_egg-jsonp@2.0.0@egg-jsonp/app/extend/context.js",
    "start": 1611386585714,
    "end": 1611386585716,
    "duration": 2,
    "pid": 5128,
    "index": 37
  },
  {
    "name": "Require(30) node_modules/_egg-i18n@2.1.1@egg-i18n/app/extend/context.js",
    "start": 1611386585716,
    "end": 1611386585717,
    "duration": 1,
    "pid": 5128,
    "index": 38
  },
  {
    "name": "Require(31) node_modules/_egg-multipart@2.10.3@egg-multipart/app/extend/context.js",
    "start": 1611386585717,
    "end": 1611386585767,
    "duration": 50,
    "pid": 5128,
    "index": 39
  },
  {
    "name": "Require(32) node_modules/_egg-view@2.1.3@egg-view/app/extend/context.js",
    "start": 1611386585768,
    "end": 1611386585770,
    "duration": 2,
    "pid": 5128,
    "index": 40
  },
  {
    "name": "Require(33) node_modules/_egg@2.29.1@egg/app/extend/context.js",
    "start": 1611386585770,
    "end": 1611386585773,
    "duration": 3,
    "pid": 5128,
    "index": 41
  },
  {
    "name": "Load extend/helper.js",
    "start": 1611386585777,
    "end": 1611386585802,
    "duration": 25,
    "pid": 5128,
    "index": 42
  },
  {
    "name": "Require(34) node_modules/_egg-security@2.8.0@egg-security/app/extend/helper.js",
    "start": 1611386585778,
    "end": 1611386585796,
    "duration": 18,
    "pid": 5128,
    "index": 43
  },
  {
    "name": "Require(35) node_modules/_egg@2.29.1@egg/app/extend/helper.js",
    "start": 1611386585799,
    "end": 1611386585799,
    "duration": 0,
    "pid": 5128,
    "index": 44
  },
  {
    "name": "Load app.js",
    "start": 1611386585802,
    "end": 1611386585838,
    "duration": 36,
    "pid": 5128,
    "index": 45
  },
  {
    "name": "Require(36) node_modules/_egg-session@3.2.0@egg-session/app.js",
    "start": 1611386585803,
    "end": 1611386585803,
    "duration": 0,
    "pid": 5128,
    "index": 46
  },
  {
    "name": "Require(37) node_modules/_egg-security@2.8.0@egg-security/app.js",
    "start": 1611386585804,
    "end": 1611386585806,
    "duration": 2,
    "pid": 5128,
    "index": 47
  },
  {
    "name": "Require(38) node_modules/_egg-onerror@2.1.0@egg-onerror/app.js",
    "start": 1611386585807,
    "end": 1611386585820,
    "duration": 13,
    "pid": 5128,
    "index": 48
  },
  {
    "name": "Require(39) node_modules/_egg-i18n@2.1.1@egg-i18n/app.js",
    "start": 1611386585820,
    "end": 1611386585828,
    "duration": 8,
    "pid": 5128,
    "index": 49
  },
  {
    "name": "Require(40) node_modules/_egg-watcher@3.1.1@egg-watcher/app.js",
    "start": 1611386585828,
    "end": 1611386585832,
    "duration": 4,
    "pid": 5128,
    "index": 50
  },
  {
    "name": "Require(41) node_modules/_egg-schedule@3.6.6@egg-schedule/app.js",
    "start": 1611386585832,
    "end": 1611386585834,
    "duration": 2,
    "pid": 5128,
    "index": 51
  },
  {
    "name": "Require(42) node_modules/_egg-multipart@2.10.3@egg-multipart/app.js",
    "start": 1611386585835,
    "end": 1611386585835,
    "duration": 0,
    "pid": 5128,
    "index": 52
  },
  {
    "name": "Require(43) node_modules/_egg-development@2.7.0@egg-development/app.js",
    "start": 1611386585835,
    "end": 1611386585836,
    "duration": 1,
    "pid": 5128,
    "index": 53
  },
  {
    "name": "Require(44) node_modules/_egg-logrotator@3.1.0@egg-logrotator/app.js",
    "start": 1611386585836,
    "end": 1611386585836,
    "duration": 0,
    "pid": 5128,
    "index": 54
  },
  {
    "name": "Require(45) node_modules/_egg-static@2.2.0@egg-static/app.js",
    "start": 1611386585836,
    "end": 1611386585837,
    "duration": 1,
    "pid": 5128,
    "index": 55
  },
  {
    "name": "Require(46) node_modules/_egg-view-ejs@2.0.1@egg-view-ejs/app.js",
    "start": 1611386585837,
    "end": 1611386585838,
    "duration": 1,
    "pid": 5128,
    "index": 56
  },
  {
    "name": "Before Start in node_modules/_egg-watcher@3.1.1@egg-watcher/lib/init.js:15:14",
    "start": 1611386585846,
    "end": 1611386586035,
    "duration": 189,
    "pid": 5128,
    "index": 57
  },
  {
    "name": "Load Service",
    "start": 1611386585878,
    "end": 1611386585882,
    "duration": 4,
    "pid": 5128,
    "index": 58
  },
  {
    "name": "Load \"service\" to Context",
    "start": 1611386585879,
    "end": 1611386585882,
    "duration": 3,
    "pid": 5128,
    "index": 59
  },
  {
    "name": "Load Middleware",
    "start": 1611386585883,
    "end": 1611386586015,
    "duration": 132,
    "pid": 5128,
    "index": 60
  },
  {
    "name": "Load \"middlewares\" to Application",
    "start": 1611386585883,
    "end": 1611386586000,
    "duration": 117,
    "pid": 5128,
    "index": 61
  },
  {
    "name": "Load Controller",
    "start": 1611386586015,
    "end": 1611386586018,
    "duration": 3,
    "pid": 5128,
    "index": 62
  },
  {
    "name": "Load \"controller\" to Application",
    "start": 1611386586015,
    "end": 1611386586018,
    "duration": 3,
    "pid": 5128,
    "index": 63
  },
  {
    "name": "Load Router",
    "start": 1611386586018,
    "end": 1611386586020,
    "duration": 2,
    "pid": 5128,
    "index": 64
  },
  {
    "name": "Require(47) app/router.js",
    "start": 1611386586019,
    "end": 1611386586019,
    "duration": 0,
    "pid": 5128,
    "index": 65
  },
  {
    "name": "Before Start in node_modules/_egg-core@4.20.0@egg-core/lib/egg.js:303:10",
    "start": 1611386586019,
    "end": 1611386586027,
    "duration": 8,
    "pid": 5128,
    "index": 66
  }
]