[
  {
    "name": "Process Start",
    "start": 1611386599001,
    "end": 1611386600030,
    "duration": 1029,
    "pid": 19968,
    "index": 0
  },
  {
    "name": "Application Start",
    "start": 1611386600030,
    "end": 1611386600436,
    "duration": 406,
    "pid": 19968,
    "index": 1
  },
  {
    "name": "Load Plugin",
    "start": 1611386600034,
    "end": 1611386600052,
    "duration": 18,
    "pid": 19968,
    "index": 2
  },
  {
    "name": "Load Config",
    "start": 1611386600053,
    "end": 1611386600076,
    "duration": 23,
    "pid": 19968,
    "index": 3
  },
  {
    "name": "Require(0) config/config.default.js",
    "start": 1611386600053,
    "end": 1611386600054,
    "duration": 1,
    "pid": 19968,
    "index": 4
  },
  {
    "name": "Require(1) node_modules/_egg-session@3.2.0@egg-session/config/config.default.js",
    "start": 1611386600056,
    "end": 1611386600056,
    "duration": 0,
    "pid": 19968,
    "index": 5
  },
  {
    "name": "Require(2) node_modules/_egg-security@2.8.0@egg-security/config/config.default.js",
    "start": 1611386600057,
    "end": 1611386600057,
    "duration": 0,
    "pid": 19968,
    "index": 6
  },
  {
    "name": "Require(3) node_modules/_egg-jsonp@2.0.0@egg-jsonp/config/config.default.js",
    "start": 1611386600058,
    "end": 1611386600058,
    "duration": 0,
    "pid": 19968,
    "index": 7
  },
  {
    "name": "Require(4) node_modules/_egg-onerror@2.1.0@egg-onerror/config/config.default.js",
    "start": 1611386600059,
    "end": 1611386600059,
    "duration": 0,
    "pid": 19968,
    "index": 8
  },
  {
    "name": "Require(5) node_modules/_egg-i18n@2.1.1@egg-i18n/config/config.default.js",
    "start": 1611386600060,
    "end": 1611386600060,
    "duration": 0,
    "pid": 19968,
    "index": 9
  },
  {
    "name": "Require(6) node_modules/_egg-watcher@3.1.1@egg-watcher/config/config.default.js",
    "start": 1611386600061,
    "end": 1611386600061,
    "duration": 0,
    "pid": 19968,
    "index": 10
  },
  {
    "name": "Require(7) node_modules/_egg-schedule@3.6.6@egg-schedule/config/config.default.js",
    "start": 1611386600062,
    "end": 1611386600062,
    "duration": 0,
    "pid": 19968,
    "index": 11
  },
  {
    "name": "Require(8) node_modules/_egg-multipart@2.10.3@egg-multipart/config/config.default.js",
    "start": 1611386600063,
    "end": 1611386600063,
    "duration": 0,
    "pid": 19968,
    "index": 12
  },
  {
    "name": "Require(9) node_modules/_egg-development@2.7.0@egg-development/config/config.default.js",
    "start": 1611386600064,
    "end": 1611386600064,
    "duration": 0,
    "pid": 19968,
    "index": 13
  },
  {
    "name": "Require(10) node_modules/_egg-logrotator@3.1.0@egg-logrotator/config/config.default.js",
    "start": 1611386600064,
    "end": 1611386600065,
    "duration": 1,
    "pid": 19968,
    "index": 14
  },
  {
    "name": "Require(11) node_modules/_egg-static@2.2.0@egg-static/config/config.default.js",
    "start": 1611386600065,
    "end": 1611386600066,
    "duration": 1,
    "pid": 19968,
    "index": 15
  },
  {
    "name": "Require(12) node_modules/_egg-view@2.1.3@egg-view/config/config.default.js",
    "start": 1611386600066,
    "end": 1611386600067,
    "duration": 1,
    "pid": 19968,
    "index": 16
  },
  {
    "name": "Require(13) node_modules/_egg-view-ejs@2.0.1@egg-view-ejs/config/config.default.js",
    "start": 1611386600067,
    "end": 1611386600068,
    "duration": 1,
    "pid": 19968,
    "index": 17
  },
  {
    "name": "Require(14) node_modules/_egg@2.29.1@egg/config/config.default.js",
    "start": 1611386600068,
    "end": 1611386600069,
    "duration": 1,
    "pid": 19968,
    "index": 18
  },
  {
    "name": "Require(15) config/config.default.js",
    "start": 1611386600070,
    "end": 1611386600070,
    "duration": 0,
    "pid": 19968,
    "index": 19
  },
  {
    "name": "Require(16) node_modules/_egg-security@2.8.0@egg-security/config/config.local.js",
    "start": 1611386600071,
    "end": 1611386600072,
    "duration": 1,
    "pid": 19968,
    "index": 20
  },
  {
    "name": "Require(17) node_modules/_egg-watcher@3.1.1@egg-watcher/config/config.local.js",
    "start": 1611386600073,
    "end": 1611386600073,
    "duration": 0,
    "pid": 19968,
    "index": 21
  },
  {
    "name": "Require(18) node_modules/_egg-view@2.1.3@egg-view/config/config.local.js",
    "start": 1611386600075,
    "end": 1611386600075,
    "duration": 0,
    "pid": 19968,
    "index": 22
  },
  {
    "name": "Require(19) node_modules/_egg-view-ejs@2.0.1@egg-view-ejs/config/config.local.js",
    "start": 1611386600075,
    "end": 1611386600076,
    "duration": 1,
    "pid": 19968,
    "index": 23
  },
  {
    "name": "Require(20) node_modules/_egg@2.29.1@egg/config/config.local.js",
    "start": 1611386600076,
    "end": 1611386600076,
    "duration": 0,
    "pid": 19968,
    "index": 24
  },
  {
    "name": "Load extend/application.js",
    "start": 1611386600077,
    "end": 1611386600094,
    "duration": 17,
    "pid": 19968,
    "index": 25
  },
  {
    "name": "Require(21) node_modules/_egg-session@3.2.0@egg-session/app/extend/application.js",
    "start": 1611386600078,
    "end": 1611386600078,
    "duration": 0,
    "pid": 19968,
    "index": 26
  },
  {
    "name": "Require(22) node_modules/_egg-security@2.8.0@egg-security/app/extend/application.js",
    "start": 1611386600079,
    "end": 1611386600080,
    "duration": 1,
    "pid": 19968,
    "index": 27
  },
  {
    "name": "Require(23) node_modules/_egg-jsonp@2.0.0@egg-jsonp/app/extend/application.js",
    "start": 1611386600081,
    "end": 1611386600083,
    "duration": 2,
    "pid": 19968,
    "index": 28
  },
  {
    "name": "Require(24) node_modules/_egg-logrotator@3.1.0@egg-logrotator/app/extend/application.js",
    "start": 1611386600084,
    "end": 1611386600087,
    "duration": 3,
    "pid": 19968,
    "index": 29
  },
  {
    "name": "Require(25) node_modules/_egg-view@2.1.3@egg-view/app/extend/application.js",
    "start": 1611386600089,
    "end": 1611386600091,
    "duration": 2,
    "pid": 19968,
    "index": 30
  },
  {
    "name": "Load extend/request.js",
    "start": 1611386600094,
    "end": 1611386600104,
    "duration": 10,
    "pid": 19968,
    "index": 31
  },
  {
    "name": "Require(26) node_modules/_egg@2.29.1@egg/app/extend/request.js",
    "start": 1611386600097,
    "end": 1611386600101,
    "duration": 4,
    "pid": 19968,
    "index": 32
  },
  {
    "name": "Load extend/response.js",
    "start": 1611386600104,
    "end": 1611386600113,
    "duration": 9,
    "pid": 19968,
    "index": 33
  },
  {
    "name": "Require(27) node_modules/_egg@2.29.1@egg/app/extend/response.js",
    "start": 1611386600107,
    "end": 1611386600110,
    "duration": 3,
    "pid": 19968,
    "index": 34
  },
  {
    "name": "Load extend/context.js",
    "start": 1611386600113,
    "end": 1611386600183,
    "duration": 70,
    "pid": 19968,
    "index": 35
  },
  {
    "name": "Require(28) node_modules/_egg-security@2.8.0@egg-security/app/extend/context.js",
    "start": 1611386600114,
    "end": 1611386600129,
    "duration": 15,
    "pid": 19968,
    "index": 36
  },
  {
    "name": "Require(29) node_modules/_egg-jsonp@2.0.0@egg-jsonp/app/extend/context.js",
    "start": 1611386600129,
    "end": 1611386600131,
    "duration": 2,
    "pid": 19968,
    "index": 37
  },
  {
    "name": "Require(30) node_modules/_egg-i18n@2.1.1@egg-i18n/app/extend/context.js",
    "start": 1611386600131,
    "end": 1611386600132,
    "duration": 1,
    "pid": 19968,
    "index": 38
  },
  {
    "name": "Require(31) node_modules/_egg-multipart@2.10.3@egg-multipart/app/extend/context.js",
    "start": 1611386600132,
    "end": 1611386600177,
    "duration": 45,
    "pid": 19968,
    "index": 39
  },
  {
    "name": "Require(32) node_modules/_egg-view@2.1.3@egg-view/app/extend/context.js",
    "start": 1611386600178,
    "end": 1611386600179,
    "duration": 1,
    "pid": 19968,
    "index": 40
  },
  {
    "name": "Require(33) node_modules/_egg@2.29.1@egg/app/extend/context.js",
    "start": 1611386600179,
    "end": 1611386600181,
    "duration": 2,
    "pid": 19968,
    "index": 41
  },
  {
    "name": "Load extend/helper.js",
    "start": 1611386600183,
    "end": 1611386600206,
    "duration": 23,
    "pid": 19968,
    "index": 42
  },
  {
    "name": "Require(34) node_modules/_egg-security@2.8.0@egg-security/app/extend/helper.js",
    "start": 1611386600184,
    "end": 1611386600200,
    "duration": 16,
    "pid": 19968,
    "index": 43
  },
  {
    "name": "Require(35) node_modules/_egg@2.29.1@egg/app/extend/helper.js",
    "start": 1611386600202,
    "end": 1611386600202,
    "duration": 0,
    "pid": 19968,
    "index": 44
  },
  {
    "name": "Load app.js",
    "start": 1611386600206,
    "end": 1611386600240,
    "duration": 34,
    "pid": 19968,
    "index": 45
  },
  {
    "name": "Require(36) node_modules/_egg-session@3.2.0@egg-session/app.js",
    "start": 1611386600206,
    "end": 1611386600207,
    "duration": 1,
    "pid": 19968,
    "index": 46
  },
  {
    "name": "Require(37) node_modules/_egg-security@2.8.0@egg-security/app.js",
    "start": 1611386600207,
    "end": 1611386600209,
    "duration": 2,
    "pid": 19968,
    "index": 47
  },
  {
    "name": "Require(38) node_modules/_egg-onerror@2.1.0@egg-onerror/app.js",
    "start": 1611386600209,
    "end": 1611386600219,
    "duration": 10,
    "pid": 19968,
    "index": 48
  },
  {
    "name": "Require(39) node_modules/_egg-i18n@2.1.1@egg-i18n/app.js",
    "start": 1611386600219,
    "end": 1611386600228,
    "duration": 9,
    "pid": 19968,
    "index": 49
  },
  {
    "name": "Require(40) node_modules/_egg-watcher@3.1.1@egg-watcher/app.js",
    "start": 1611386600228,
    "end": 1611386600232,
    "duration": 4,
    "pid": 19968,
    "index": 50
  },
  {
    "name": "Require(41) node_modules/_egg-schedule@3.6.6@egg-schedule/app.js",
    "start": 1611386600232,
    "end": 1611386600234,
    "duration": 2,
    "pid": 19968,
    "index": 51
  },
  {
    "name": "Require(42) node_modules/_egg-multipart@2.10.3@egg-multipart/app.js",
    "start": 1611386600235,
    "end": 1611386600235,
    "duration": 0,
    "pid": 19968,
    "index": 52
  },
  {
    "name": "Require(43) node_modules/_egg-development@2.7.0@egg-development/app.js",
    "start": 1611386600235,
    "end": 1611386600236,
    "duration": 1,
    "pid": 19968,
    "index": 53
  },
  {
    "name": "Require(44) node_modules/_egg-logrotator@3.1.0@egg-logrotator/app.js",
    "start": 1611386600236,
    "end": 1611386600236,
    "duration": 0,
    "pid": 19968,
    "index": 54
  },
  {
    "name": "Require(45) node_modules/_egg-static@2.2.0@egg-static/app.js",
    "start": 1611386600236,
    "end": 1611386600237,
    "duration": 1,
    "pid": 19968,
    "index": 55
  },
  {
    "name": "Require(46) node_modules/_egg-view-ejs@2.0.1@egg-view-ejs/app.js",
    "start": 1611386600238,
    "end": 1611386600239,
    "duration": 1,
    "pid": 19968,
    "index": 56
  },
  {
    "name": "Before Start in node_modules/_egg-watcher@3.1.1@egg-watcher/lib/init.js:15:14",
    "start": 1611386600248,
    "end": 1611386600436,
    "duration": 188,
    "pid": 19968,
    "index": 57
  },
  {
    "name": "Load Service",
    "start": 1611386600280,
    "end": 1611386600287,
    "duration": 7,
    "pid": 19968,
    "index": 58
  },
  {
    "name": "Load \"service\" to Context",
    "start": 1611386600280,
    "end": 1611386600287,
    "duration": 7,
    "pid": 19968,
    "index": 59
  },
  {
    "name": "Load Middleware",
    "start": 1611386600288,
    "end": 1611386600417,
    "duration": 129,
    "pid": 19968,
    "index": 60
  },
  {
    "name": "Load \"middlewares\" to Application",
    "start": 1611386600288,
    "end": 1611386600401,
    "duration": 113,
    "pid": 19968,
    "index": 61
  },
  {
    "name": "Load Controller",
    "start": 1611386600417,
    "end": 1611386600420,
    "duration": 3,
    "pid": 19968,
    "index": 62
  },
  {
    "name": "Load \"controller\" to Application",
    "start": 1611386600417,
    "end": 1611386600420,
    "duration": 3,
    "pid": 19968,
    "index": 63
  },
  {
    "name": "Load Router",
    "start": 1611386600420,
    "end": 1611386600423,
    "duration": 3,
    "pid": 19968,
    "index": 64
  },
  {
    "name": "Require(47) app/router.js",
    "start": 1611386600421,
    "end": 1611386600422,
    "duration": 1,
    "pid": 19968,
    "index": 65
  },
  {
    "name": "Before Start in node_modules/_egg-core@4.20.0@egg-core/lib/egg.js:303:10",
    "start": 1611386600422,
    "end": 1611386600429,
    "duration": 7,
    "pid": 19968,
    "index": 66
  }
]