[
  {
    "name": "Process Start",
    "start": 1611386537278,
    "end": 1611386538308,
    "duration": 1030,
    "pid": 18392,
    "index": 0
  },
  {
    "name": "Application Start",
    "start": 1611386538309,
    "end": 1611386538708,
    "duration": 399,
    "pid": 18392,
    "index": 1
  },
  {
    "name": "Load Plugin",
    "start": 1611386538313,
    "end": 1611386538332,
    "duration": 19,
    "pid": 18392,
    "index": 2
  },
  {
    "name": "Load Config",
    "start": 1611386538332,
    "end": 1611386538353,
    "duration": 21,
    "pid": 18392,
    "index": 3
  },
  {
    "name": "Require(0) config/config.default.js",
    "start": 1611386538332,
    "end": 1611386538333,
    "duration": 1,
    "pid": 18392,
    "index": 4
  },
  {
    "name": "Require(1) node_modules/_egg-session@3.2.0@egg-session/config/config.default.js",
    "start": 1611386538335,
    "end": 1611386538335,
    "duration": 0,
    "pid": 18392,
    "index": 5
  },
  {
    "name": "Require(2) node_modules/_egg-security@2.8.0@egg-security/config/config.default.js",
    "start": 1611386538336,
    "end": 1611386538337,
    "duration": 1,
    "pid": 18392,
    "index": 6
  },
  {
    "name": "Require(3) node_modules/_egg-jsonp@2.0.0@egg-jsonp/config/config.default.js",
    "start": 1611386538338,
    "end": 1611386538338,
    "duration": 0,
    "pid": 18392,
    "index": 7
  },
  {
    "name": "Require(4) node_modules/_egg-onerror@2.1.0@egg-onerror/config/config.default.js",
    "start": 1611386538338,
    "end": 1611386538339,
    "duration": 1,
    "pid": 18392,
    "index": 8
  },
  {
    "name": "Require(5) node_modules/_egg-i18n@2.1.1@egg-i18n/config/config.default.js",
    "start": 1611386538339,
    "end": 1611386538340,
    "duration": 1,
    "pid": 18392,
    "index": 9
  },
  {
    "name": "Require(6) node_modules/_egg-watcher@3.1.1@egg-watcher/config/config.default.js",
    "start": 1611386538340,
    "end": 1611386538341,
    "duration": 1,
    "pid": 18392,
    "index": 10
  },
  {
    "name": "Require(7) node_modules/_egg-schedule@3.6.6@egg-schedule/config/config.default.js",
    "start": 1611386538341,
    "end": 1611386538342,
    "duration": 1,
    "pid": 18392,
    "index": 11
  },
  {
    "name": "Require(8) node_modules/_egg-multipart@2.10.3@egg-multipart/config/config.default.js",
    "start": 1611386538342,
    "end": 1611386538343,
    "duration": 1,
    "pid": 18392,
    "index": 12
  },
  {
    "name": "Require(9) node_modules/_egg-development@2.7.0@egg-development/config/config.default.js",
    "start": 1611386538343,
    "end": 1611386538344,
    "duration": 1,
    "pid": 18392,
    "index": 13
  },
  {
    "name": "Require(10) node_modules/_egg-logrotator@3.1.0@egg-logrotator/config/config.default.js",
    "start": 1611386538344,
    "end": 1611386538344,
    "duration": 0,
    "pid": 18392,
    "index": 14
  },
  {
    "name": "Require(11) node_modules/_egg-static@2.2.0@egg-static/config/config.default.js",
    "start": 1611386538345,
    "end": 1611386538345,
    "duration": 0,
    "pid": 18392,
    "index": 15
  },
  {
    "name": "Require(12) node_modules/_egg-view@2.1.3@egg-view/config/config.default.js",
    "start": 1611386538346,
    "end": 1611386538346,
    "duration": 0,
    "pid": 18392,
    "index": 16
  },
  {
    "name": "Require(13) node_modules/_egg-view-ejs@2.0.1@egg-view-ejs/config/config.default.js",
    "start": 1611386538347,
    "end": 1611386538347,
    "duration": 0,
    "pid": 18392,
    "index": 17
  },
  {
    "name": "Require(14) node_modules/_egg@2.29.1@egg/config/config.default.js",
    "start": 1611386538347,
    "end": 1611386538348,
    "duration": 1,
    "pid": 18392,
    "index": 18
  },
  {
    "name": "Require(15) config/config.default.js",
    "start": 1611386538349,
    "end": 1611386538349,
    "duration": 0,
    "pid": 18392,
    "index": 19
  },
  {
    "name": "Require(16) node_modules/_egg-security@2.8.0@egg-security/config/config.local.js",
    "start": 1611386538349,
    "end": 1611386538350,
    "duration": 1,
    "pid": 18392,
    "index": 20
  },
  {
    "name": "Require(17) node_modules/_egg-watcher@3.1.1@egg-watcher/config/config.local.js",
    "start": 1611386538350,
    "end": 1611386538351,
    "duration": 1,
    "pid": 18392,
    "index": 21
  },
  {
    "name": "Require(18) node_modules/_egg-view@2.1.3@egg-view/config/config.local.js",
    "start": 1611386538352,
    "end": 1611386538352,
    "duration": 0,
    "pid": 18392,
    "index": 22
  },
  {
    "name": "Require(19) node_modules/_egg-view-ejs@2.0.1@egg-view-ejs/config/config.local.js",
    "start": 1611386538352,
    "end": 1611386538353,
    "duration": 1,
    "pid": 18392,
    "index": 23
  },
  {
    "name": "Require(20) node_modules/_egg@2.29.1@egg/config/config.local.js",
    "start": 1611386538353,
    "end": 1611386538353,
    "duration": 0,
    "pid": 18392,
    "index": 24
  },
  {
    "name": "Load extend/application.js",
    "start": 1611386538354,
    "end": 1611386538368,
    "duration": 14,
    "pid": 18392,
    "index": 25
  },
  {
    "name": "Require(21) node_modules/_egg-session@3.2.0@egg-session/app/extend/application.js",
    "start": 1611386538355,
    "end": 1611386538355,
    "duration": 0,
    "pid": 18392,
    "index": 26
  },
  {
    "name": "Require(22) node_modules/_egg-security@2.8.0@egg-security/app/extend/application.js",
    "start": 1611386538355,
    "end": 1611386538356,
    "duration": 1,
    "pid": 18392,
    "index": 27
  },
  {
    "name": "Require(23) node_modules/_egg-jsonp@2.0.0@egg-jsonp/app/extend/application.js",
    "start": 1611386538357,
    "end": 1611386538359,
    "duration": 2,
    "pid": 18392,
    "index": 28
  },
  {
    "name": "Require(24) node_modules/_egg-logrotator@3.1.0@egg-logrotator/app/extend/application.js",
    "start": 1611386538360,
    "end": 1611386538363,
    "duration": 3,
    "pid": 18392,
    "index": 29
  },
  {
    "name": "Require(25) node_modules/_egg-view@2.1.3@egg-view/app/extend/application.js",
    "start": 1611386538363,
    "end": 1611386538365,
    "duration": 2,
    "pid": 18392,
    "index": 30
  },
  {
    "name": "Load extend/request.js",
    "start": 1611386538368,
    "end": 1611386538374,
    "duration": 6,
    "pid": 18392,
    "index": 31
  },
  {
    "name": "Require(26) node_modules/_egg@2.29.1@egg/app/extend/request.js",
    "start": 1611386538370,
    "end": 1611386538372,
    "duration": 2,
    "pid": 18392,
    "index": 32
  },
  {
    "name": "Load extend/response.js",
    "start": 1611386538374,
    "end": 1611386538384,
    "duration": 10,
    "pid": 18392,
    "index": 33
  },
  {
    "name": "Require(27) node_modules/_egg@2.29.1@egg/app/extend/response.js",
    "start": 1611386538379,
    "end": 1611386538381,
    "duration": 2,
    "pid": 18392,
    "index": 34
  },
  {
    "name": "Load extend/context.js",
    "start": 1611386538384,
    "end": 1611386538452,
    "duration": 68,
    "pid": 18392,
    "index": 35
  },
  {
    "name": "Require(28) node_modules/_egg-security@2.8.0@egg-security/app/extend/context.js",
    "start": 1611386538385,
    "end": 1611386538398,
    "duration": 13,
    "pid": 18392,
    "index": 36
  },
  {
    "name": "Require(29) node_modules/_egg-jsonp@2.0.0@egg-jsonp/app/extend/context.js",
    "start": 1611386538398,
    "end": 1611386538400,
    "duration": 2,
    "pid": 18392,
    "index": 37
  },
  {
    "name": "Require(30) node_modules/_egg-i18n@2.1.1@egg-i18n/app/extend/context.js",
    "start": 1611386538400,
    "end": 1611386538400,
    "duration": 0,
    "pid": 18392,
    "index": 38
  },
  {
    "name": "Require(31) node_modules/_egg-multipart@2.10.3@egg-multipart/app/extend/context.js",
    "start": 1611386538401,
    "end": 1611386538445,
    "duration": 44,
    "pid": 18392,
    "index": 39
  },
  {
    "name": "Require(32) node_modules/_egg-view@2.1.3@egg-view/app/extend/context.js",
    "start": 1611386538446,
    "end": 1611386538447,
    "duration": 1,
    "pid": 18392,
    "index": 40
  },
  {
    "name": "Require(33) node_modules/_egg@2.29.1@egg/app/extend/context.js",
    "start": 1611386538448,
    "end": 1611386538449,
    "duration": 1,
    "pid": 18392,
    "index": 41
  },
  {
    "name": "Load extend/helper.js",
    "start": 1611386538452,
    "end": 1611386538474,
    "duration": 22,
    "pid": 18392,
    "index": 42
  },
  {
    "name": "Require(34) node_modules/_egg-security@2.8.0@egg-security/app/extend/helper.js",
    "start": 1611386538452,
    "end": 1611386538467,
    "duration": 15,
    "pid": 18392,
    "index": 43
  },
  {
    "name": "Require(35) node_modules/_egg@2.29.1@egg/app/extend/helper.js",
    "start": 1611386538470,
    "end": 1611386538470,
    "duration": 0,
    "pid": 18392,
    "index": 44
  },
  {
    "name": "Load app.js",
    "start": 1611386538474,
    "end": 1611386538505,
    "duration": 31,
    "pid": 18392,
    "index": 45
  },
  {
    "name": "Require(36) node_modules/_egg-session@3.2.0@egg-session/app.js",
    "start": 1611386538474,
    "end": 1611386538475,
    "duration": 1,
    "pid": 18392,
    "index": 46
  },
  {
    "name": "Require(37) node_modules/_egg-security@2.8.0@egg-security/app.js",
    "start": 1611386538475,
    "end": 1611386538477,
    "duration": 2,
    "pid": 18392,
    "index": 47
  },
  {
    "name": "Require(38) node_modules/_egg-onerror@2.1.0@egg-onerror/app.js",
    "start": 1611386538477,
    "end": 1611386538486,
    "duration": 9,
    "pid": 18392,
    "index": 48
  },
  {
    "name": "Require(39) node_modules/_egg-i18n@2.1.1@egg-i18n/app.js",
    "start": 1611386538487,
    "end": 1611386538494,
    "duration": 7,
    "pid": 18392,
    "index": 49
  },
  {
    "name": "Require(40) node_modules/_egg-watcher@3.1.1@egg-watcher/app.js",
    "start": 1611386538494,
    "end": 1611386538498,
    "duration": 4,
    "pid": 18392,
    "index": 50
  },
  {
    "name": "Require(41) node_modules/_egg-schedule@3.6.6@egg-schedule/app.js",
    "start": 1611386538499,
    "end": 1611386538501,
    "duration": 2,
    "pid": 18392,
    "index": 51
  },
  {
    "name": "Require(42) node_modules/_egg-multipart@2.10.3@egg-multipart/app.js",
    "start": 1611386538501,
    "end": 1611386538502,
    "duration": 1,
    "pid": 18392,
    "index": 52
  },
  {
    "name": "Require(43) node_modules/_egg-development@2.7.0@egg-development/app.js",
    "start": 1611386538502,
    "end": 1611386538502,
    "duration": 0,
    "pid": 18392,
    "index": 53
  },
  {
    "name": "Require(44) node_modules/_egg-logrotator@3.1.0@egg-logrotator/app.js",
    "start": 1611386538503,
    "end": 1611386538503,
    "duration": 0,
    "pid": 18392,
    "index": 54
  },
  {
    "name": "Require(45) node_modules/_egg-static@2.2.0@egg-static/app.js",
    "start": 1611386538503,
    "end": 1611386538503,
    "duration": 0,
    "pid": 18392,
    "index": 55
  },
  {
    "name": "Require(46) node_modules/_egg-view-ejs@2.0.1@egg-view-ejs/app.js",
    "start": 1611386538504,
    "end": 1611386538504,
    "duration": 0,
    "pid": 18392,
    "index": 56
  },
  {
    "name": "Before Start in node_modules/_egg-watcher@3.1.1@egg-watcher/lib/init.js:15:14",
    "start": 1611386538514,
    "end": 1611386538707,
    "duration": 193,
    "pid": 18392,
    "index": 57
  },
  {
    "name": "Load Service",
    "start": 1611386538549,
    "end": 1611386538554,
    "duration": 5,
    "pid": 18392,
    "index": 58
  },
  {
    "name": "Load \"service\" to Context",
    "start": 1611386538549,
    "end": 1611386538554,
    "duration": 5,
    "pid": 18392,
    "index": 59
  },
  {
    "name": "Load Middleware",
    "start": 1611386538554,
    "end": 1611386538688,
    "duration": 134,
    "pid": 18392,
    "index": 60
  },
  {
    "name": "Load \"middlewares\" to Application",
    "start": 1611386538554,
    "end": 1611386538672,
    "duration": 118,
    "pid": 18392,
    "index": 61
  },
  {
    "name": "Load Controller",
    "start": 1611386538689,
    "end": 1611386538692,
    "duration": 3,
    "pid": 18392,
    "index": 62
  },
  {
    "name": "Load \"controller\" to Application",
    "start": 1611386538689,
    "end": 1611386538692,
    "duration": 3,
    "pid": 18392,
    "index": 63
  },
  {
    "name": "Load Router",
    "start": 1611386538692,
    "end": 1611386538694,
    "duration": 2,
    "pid": 18392,
    "index": 64
  },
  {
    "name": "Require(47) app/router.js",
    "start": 1611386538692,
    "end": 1611386538692,
    "duration": 0,
    "pid": 18392,
    "index": 65
  },
  {
    "name": "Before Start in node_modules/_egg-core@4.20.0@egg-core/lib/egg.js:303:10",
    "start": 1611386538693,
    "end": 1611386538700,
    "duration": 7,
    "pid": 18392,
    "index": 66
  }
]