[
  {
    "name": "Process Start",
    "start": 1611386533008,
    "end": 1611386534102,
    "duration": 1094,
    "pid": 14112,
    "index": 0
  },
  {
    "name": "Application Start",
    "start": 1611386534103,
    "end": 1611386534548,
    "duration": 445,
    "pid": 14112,
    "index": 1
  },
  {
    "name": "Load Plugin",
    "start": 1611386534107,
    "end": 1611386534128,
    "duration": 21,
    "pid": 14112,
    "index": 2
  },
  {
    "name": "Load Config",
    "start": 1611386534128,
    "end": 1611386534153,
    "duration": 25,
    "pid": 14112,
    "index": 3
  },
  {
    "name": "Require(0) config/config.default.js",
    "start": 1611386534128,
    "end": 1611386534129,
    "duration": 1,
    "pid": 14112,
    "index": 4
  },
  {
    "name": "Require(1) node_modules/_egg-session@3.2.0@egg-session/config/config.default.js",
    "start": 1611386534131,
    "end": 1611386534132,
    "duration": 1,
    "pid": 14112,
    "index": 5
  },
  {
    "name": "Require(2) node_modules/_egg-security@2.8.0@egg-security/config/config.default.js",
    "start": 1611386534132,
    "end": 1611386534133,
    "duration": 1,
    "pid": 14112,
    "index": 6
  },
  {
    "name": "Require(3) node_modules/_egg-jsonp@2.0.0@egg-jsonp/config/config.default.js",
    "start": 1611386534134,
    "end": 1611386534135,
    "duration": 1,
    "pid": 14112,
    "index": 7
  },
  {
    "name": "Require(4) node_modules/_egg-onerror@2.1.0@egg-onerror/config/config.default.js",
    "start": 1611386534135,
    "end": 1611386534136,
    "duration": 1,
    "pid": 14112,
    "index": 8
  },
  {
    "name": "Require(5) node_modules/_egg-i18n@2.1.1@egg-i18n/config/config.default.js",
    "start": 1611386534136,
    "end": 1611386534137,
    "duration": 1,
    "pid": 14112,
    "index": 9
  },
  {
    "name": "Require(6) node_modules/_egg-watcher@3.1.1@egg-watcher/config/config.default.js",
    "start": 1611386534137,
    "end": 1611386534138,
    "duration": 1,
    "pid": 14112,
    "index": 10
  },
  {
    "name": "Require(7) node_modules/_egg-schedule@3.6.6@egg-schedule/config/config.default.js",
    "start": 1611386534138,
    "end": 1611386534139,
    "duration": 1,
    "pid": 14112,
    "index": 11
  },
  {
    "name": "Require(8) node_modules/_egg-multipart@2.10.3@egg-multipart/config/config.default.js",
    "start": 1611386534139,
    "end": 1611386534140,
    "duration": 1,
    "pid": 14112,
    "index": 12
  },
  {
    "name": "Require(9) node_modules/_egg-development@2.7.0@egg-development/config/config.default.js",
    "start": 1611386534140,
    "end": 1611386534141,
    "duration": 1,
    "pid": 14112,
    "index": 13
  },
  {
    "name": "Require(10) node_modules/_egg-logrotator@3.1.0@egg-logrotator/config/config.default.js",
    "start": 1611386534141,
    "end": 1611386534142,
    "duration": 1,
    "pid": 14112,
    "index": 14
  },
  {
    "name": "Require(11) node_modules/_egg-static@2.2.0@egg-static/config/config.default.js",
    "start": 1611386534142,
    "end": 1611386534143,
    "duration": 1,
    "pid": 14112,
    "index": 15
  },
  {
    "name": "Require(12) node_modules/_egg-view@2.1.3@egg-view/config/config.default.js",
    "start": 1611386534143,
    "end": 1611386534144,
    "duration": 1,
    "pid": 14112,
    "index": 16
  },
  {
    "name": "Require(13) node_modules/_egg-view-ejs@2.0.1@egg-view-ejs/config/config.default.js",
    "start": 1611386534144,
    "end": 1611386534144,
    "duration": 0,
    "pid": 14112,
    "index": 17
  },
  {
    "name": "Require(14) node_modules/_egg@2.29.1@egg/config/config.default.js",
    "start": 1611386534145,
    "end": 1611386534145,
    "duration": 0,
    "pid": 14112,
    "index": 18
  },
  {
    "name": "Require(15) config/config.default.js",
    "start": 1611386534147,
    "end": 1611386534147,
    "duration": 0,
    "pid": 14112,
    "index": 19
  },
  {
    "name": "Require(16) node_modules/_egg-security@2.8.0@egg-security/config/config.local.js",
    "start": 1611386534148,
    "end": 1611386534148,
    "duration": 0,
    "pid": 14112,
    "index": 20
  },
  {
    "name": "Require(17) node_modules/_egg-watcher@3.1.1@egg-watcher/config/config.local.js",
    "start": 1611386534149,
    "end": 1611386534149,
    "duration": 0,
    "pid": 14112,
    "index": 21
  },
  {
    "name": "Require(18) node_modules/_egg-view@2.1.3@egg-view/config/config.local.js",
    "start": 1611386534151,
    "end": 1611386534151,
    "duration": 0,
    "pid": 14112,
    "index": 22
  },
  {
    "name": "Require(19) node_modules/_egg-view-ejs@2.0.1@egg-view-ejs/config/config.local.js",
    "start": 1611386534152,
    "end": 1611386534152,
    "duration": 0,
    "pid": 14112,
    "index": 23
  },
  {
    "name": "Require(20) node_modules/_egg@2.29.1@egg/config/config.local.js",
    "start": 1611386534153,
    "end": 1611386534153,
    "duration": 0,
    "pid": 14112,
    "index": 24
  },
  {
    "name": "Load extend/application.js",
    "start": 1611386534154,
    "end": 1611386534171,
    "duration": 17,
    "pid": 14112,
    "index": 25
  },
  {
    "name": "Require(21) node_modules/_egg-session@3.2.0@egg-session/app/extend/application.js",
    "start": 1611386534155,
    "end": 1611386534155,
    "duration": 0,
    "pid": 14112,
    "index": 26
  },
  {
    "name": "Require(22) node_modules/_egg-security@2.8.0@egg-security/app/extend/application.js",
    "start": 1611386534155,
    "end": 1611386534157,
    "duration": 2,
    "pid": 14112,
    "index": 27
  },
  {
    "name": "Require(23) node_modules/_egg-jsonp@2.0.0@egg-jsonp/app/extend/application.js",
    "start": 1611386534157,
    "end": 1611386534159,
    "duration": 2,
    "pid": 14112,
    "index": 28
  },
  {
    "name": "Require(24) node_modules/_egg-logrotator@3.1.0@egg-logrotator/app/extend/application.js",
    "start": 1611386534161,
    "end": 1611386534165,
    "duration": 4,
    "pid": 14112,
    "index": 29
  },
  {
    "name": "Require(25) node_modules/_egg-view@2.1.3@egg-view/app/extend/application.js",
    "start": 1611386534165,
    "end": 1611386534168,
    "duration": 3,
    "pid": 14112,
    "index": 30
  },
  {
    "name": "Load extend/request.js",
    "start": 1611386534171,
    "end": 1611386534181,
    "duration": 10,
    "pid": 14112,
    "index": 31
  },
  {
    "name": "Require(26) node_modules/_egg@2.29.1@egg/app/extend/request.js",
    "start": 1611386534174,
    "end": 1611386534178,
    "duration": 4,
    "pid": 14112,
    "index": 32
  },
  {
    "name": "Load extend/response.js",
    "start": 1611386534181,
    "end": 1611386534189,
    "duration": 8,
    "pid": 14112,
    "index": 33
  },
  {
    "name": "Require(27) node_modules/_egg@2.29.1@egg/app/extend/response.js",
    "start": 1611386534184,
    "end": 1611386534186,
    "duration": 2,
    "pid": 14112,
    "index": 34
  },
  {
    "name": "Load extend/context.js",
    "start": 1611386534189,
    "end": 1611386534265,
    "duration": 76,
    "pid": 14112,
    "index": 35
  },
  {
    "name": "Require(28) node_modules/_egg-security@2.8.0@egg-security/app/extend/context.js",
    "start": 1611386534190,
    "end": 1611386534205,
    "duration": 15,
    "pid": 14112,
    "index": 36
  },
  {
    "name": "Require(29) node_modules/_egg-jsonp@2.0.0@egg-jsonp/app/extend/context.js",
    "start": 1611386534205,
    "end": 1611386534207,
    "duration": 2,
    "pid": 14112,
    "index": 37
  },
  {
    "name": "Require(30) node_modules/_egg-i18n@2.1.1@egg-i18n/app/extend/context.js",
    "start": 1611386534208,
    "end": 1611386534208,
    "duration": 0,
    "pid": 14112,
    "index": 38
  },
  {
    "name": "Require(31) node_modules/_egg-multipart@2.10.3@egg-multipart/app/extend/context.js",
    "start": 1611386534209,
    "end": 1611386534256,
    "duration": 47,
    "pid": 14112,
    "index": 39
  },
  {
    "name": "Require(32) node_modules/_egg-view@2.1.3@egg-view/app/extend/context.js",
    "start": 1611386534257,
    "end": 1611386534259,
    "duration": 2,
    "pid": 14112,
    "index": 40
  },
  {
    "name": "Require(33) node_modules/_egg@2.29.1@egg/app/extend/context.js",
    "start": 1611386534259,
    "end": 1611386534261,
    "duration": 2,
    "pid": 14112,
    "index": 41
  },
  {
    "name": "Load extend/helper.js",
    "start": 1611386534265,
    "end": 1611386534292,
    "duration": 27,
    "pid": 14112,
    "index": 42
  },
  {
    "name": "Require(34) node_modules/_egg-security@2.8.0@egg-security/app/extend/helper.js",
    "start": 1611386534265,
    "end": 1611386534287,
    "duration": 22,
    "pid": 14112,
    "index": 43
  },
  {
    "name": "Require(35) node_modules/_egg@2.29.1@egg/app/extend/helper.js",
    "start": 1611386534289,
    "end": 1611386534289,
    "duration": 0,
    "pid": 14112,
    "index": 44
  },
  {
    "name": "Load app.js",
    "start": 1611386534292,
    "end": 1611386534327,
    "duration": 35,
    "pid": 14112,
    "index": 45
  },
  {
    "name": "Require(36) node_modules/_egg-session@3.2.0@egg-session/app.js",
    "start": 1611386534292,
    "end": 1611386534293,
    "duration": 1,
    "pid": 14112,
    "index": 46
  },
  {
    "name": "Require(37) node_modules/_egg-security@2.8.0@egg-security/app.js",
    "start": 1611386534293,
    "end": 1611386534295,
    "duration": 2,
    "pid": 14112,
    "index": 47
  },
  {
    "name": "Require(38) node_modules/_egg-onerror@2.1.0@egg-onerror/app.js",
    "start": 1611386534295,
    "end": 1611386534306,
    "duration": 11,
    "pid": 14112,
    "index": 48
  },
  {
    "name": "Require(39) node_modules/_egg-i18n@2.1.1@egg-i18n/app.js",
    "start": 1611386534306,
    "end": 1611386534315,
    "duration": 9,
    "pid": 14112,
    "index": 49
  },
  {
    "name": "Require(40) node_modules/_egg-watcher@3.1.1@egg-watcher/app.js",
    "start": 1611386534315,
    "end": 1611386534320,
    "duration": 5,
    "pid": 14112,
    "index": 50
  },
  {
    "name": "Require(41) node_modules/_egg-schedule@3.6.6@egg-schedule/app.js",
    "start": 1611386534321,
    "end": 1611386534323,
    "duration": 2,
    "pid": 14112,
    "index": 51
  },
  {
    "name": "Require(42) node_modules/_egg-multipart@2.10.3@egg-multipart/app.js",
    "start": 1611386534323,
    "end": 1611386534324,
    "duration": 1,
    "pid": 14112,
    "index": 52
  },
  {
    "name": "Require(43) node_modules/_egg-development@2.7.0@egg-development/app.js",
    "start": 1611386534324,
    "end": 1611386534324,
    "duration": 0,
    "pid": 14112,
    "index": 53
  },
  {
    "name": "Require(44) node_modules/_egg-logrotator@3.1.0@egg-logrotator/app.js",
    "start": 1611386534325,
    "end": 1611386534325,
    "duration": 0,
    "pid": 14112,
    "index": 54
  },
  {
    "name": "Require(45) node_modules/_egg-static@2.2.0@egg-static/app.js",
    "start": 1611386534325,
    "end": 1611386534325,
    "duration": 0,
    "pid": 14112,
    "index": 55
  },
  {
    "name": "Require(46) node_modules/_egg-view-ejs@2.0.1@egg-view-ejs/app.js",
    "start": 1611386534326,
    "end": 1611386534326,
    "duration": 0,
    "pid": 14112,
    "index": 56
  },
  {
    "name": "Before Start in node_modules/_egg-watcher@3.1.1@egg-watcher/lib/init.js:15:14",
    "start": 1611386534337,
    "end": 1611386534547,
    "duration": 210,
    "pid": 14112,
    "index": 57
  },
  {
    "name": "Load Service",
    "start": 1611386534373,
    "end": 1611386534380,
    "duration": 7,
    "pid": 14112,
    "index": 58
  },
  {
    "name": "Load \"service\" to Context",
    "start": 1611386534373,
    "end": 1611386534380,
    "duration": 7,
    "pid": 14112,
    "index": 59
  },
  {
    "name": "Load Middleware",
    "start": 1611386534380,
    "end": 1611386534523,
    "duration": 143,
    "pid": 14112,
    "index": 60
  },
  {
    "name": "Load \"middlewares\" to Application",
    "start": 1611386534381,
    "end": 1611386534505,
    "duration": 124,
    "pid": 14112,
    "index": 61
  },
  {
    "name": "Load Controller",
    "start": 1611386534523,
    "end": 1611386534526,
    "duration": 3,
    "pid": 14112,
    "index": 62
  },
  {
    "name": "Load \"controller\" to Application",
    "start": 1611386534523,
    "end": 1611386534526,
    "duration": 3,
    "pid": 14112,
    "index": 63
  },
  {
    "name": "Load Router",
    "start": 1611386534527,
    "end": 1611386534529,
    "duration": 2,
    "pid": 14112,
    "index": 64
  },
  {
    "name": "Require(47) app/router.js",
    "start": 1611386534527,
    "end": 1611386534527,
    "duration": 0,
    "pid": 14112,
    "index": 65
  },
  {
    "name": "Before Start in node_modules/_egg-core@4.20.0@egg-core/lib/egg.js:303:10",
    "start": 1611386534527,
    "end": 1611386534537,
    "duration": 10,
    "pid": 14112,
    "index": 66
  }
]