[
  {
    "name": "Process Start",
    "start": 1611386571696,
    "end": 1611386572812,
    "duration": 1116,
    "pid": 13380,
    "index": 0
  },
  {
    "name": "Application Start",
    "start": 1611386572813,
    "end": 1611386573219,
    "duration": 406,
    "pid": 13380,
    "index": 1
  },
  {
    "name": "Load Plugin",
    "start": 1611386572817,
    "end": 1611386572837,
    "duration": 20,
    "pid": 13380,
    "index": 2
  },
  {
    "name": "Load Config",
    "start": 1611386572837,
    "end": 1611386572861,
    "duration": 24,
    "pid": 13380,
    "index": 3
  },
  {
    "name": "Require(0) config/config.default.js",
    "start": 1611386572838,
    "end": 1611386572839,
    "duration": 1,
    "pid": 13380,
    "index": 4
  },
  {
    "name": "Require(1) node_modules/_egg-session@3.2.0@egg-session/config/config.default.js",
    "start": 1611386572840,
    "end": 1611386572841,
    "duration": 1,
    "pid": 13380,
    "index": 5
  },
  {
    "name": "Require(2) node_modules/_egg-security@2.8.0@egg-security/config/config.default.js",
    "start": 1611386572841,
    "end": 1611386572842,
    "duration": 1,
    "pid": 13380,
    "index": 6
  },
  {
    "name": "Require(3) node_modules/_egg-jsonp@2.0.0@egg-jsonp/config/config.default.js",
    "start": 1611386572843,
    "end": 1611386572843,
    "duration": 0,
    "pid": 13380,
    "index": 7
  },
  {
    "name": "Require(4) node_modules/_egg-onerror@2.1.0@egg-onerror/config/config.default.js",
    "start": 1611386572844,
    "end": 1611386572844,
    "duration": 0,
    "pid": 13380,
    "index": 8
  },
  {
    "name": "Require(5) node_modules/_egg-i18n@2.1.1@egg-i18n/config/config.default.js",
    "start": 1611386572845,
    "end": 1611386572845,
    "duration": 0,
    "pid": 13380,
    "index": 9
  },
  {
    "name": "Require(6) node_modules/_egg-watcher@3.1.1@egg-watcher/config/config.default.js",
    "start": 1611386572846,
    "end": 1611386572846,
    "duration": 0,
    "pid": 13380,
    "index": 10
  },
  {
    "name": "Require(7) node_modules/_egg-schedule@3.6.6@egg-schedule/config/config.default.js",
    "start": 1611386572847,
    "end": 1611386572847,
    "duration": 0,
    "pid": 13380,
    "index": 11
  },
  {
    "name": "Require(8) node_modules/_egg-multipart@2.10.3@egg-multipart/config/config.default.js",
    "start": 1611386572848,
    "end": 1611386572848,
    "duration": 0,
    "pid": 13380,
    "index": 12
  },
  {
    "name": "Require(9) node_modules/_egg-development@2.7.0@egg-development/config/config.default.js",
    "start": 1611386572849,
    "end": 1611386572849,
    "duration": 0,
    "pid": 13380,
    "index": 13
  },
  {
    "name": "Require(10) node_modules/_egg-logrotator@3.1.0@egg-logrotator/config/config.default.js",
    "start": 1611386572850,
    "end": 1611386572850,
    "duration": 0,
    "pid": 13380,
    "index": 14
  },
  {
    "name": "Require(11) node_modules/_egg-static@2.2.0@egg-static/config/config.default.js",
    "start": 1611386572851,
    "end": 1611386572851,
    "duration": 0,
    "pid": 13380,
    "index": 15
  },
  {
    "name": "Require(12) node_modules/_egg-view@2.1.3@egg-view/config/config.default.js",
    "start": 1611386572852,
    "end": 1611386572852,
    "duration": 0,
    "pid": 13380,
    "index": 16
  },
  {
    "name": "Require(13) node_modules/_egg-view-ejs@2.0.1@egg-view-ejs/config/config.default.js",
    "start": 1611386572853,
    "end": 1611386572853,
    "duration": 0,
    "pid": 13380,
    "index": 17
  },
  {
    "name": "Require(14) node_modules/_egg@2.29.1@egg/config/config.default.js",
    "start": 1611386572854,
    "end": 1611386572854,
    "duration": 0,
    "pid": 13380,
    "index": 18
  },
  {
    "name": "Require(15) config/config.default.js",
    "start": 1611386572855,
    "end": 1611386572855,
    "duration": 0,
    "pid": 13380,
    "index": 19
  },
  {
    "name": "Require(16) node_modules/_egg-security@2.8.0@egg-security/config/config.local.js",
    "start": 1611386572856,
    "end": 1611386572856,
    "duration": 0,
    "pid": 13380,
    "index": 20
  },
  {
    "name": "Require(17) node_modules/_egg-watcher@3.1.1@egg-watcher/config/config.local.js",
    "start": 1611386572857,
    "end": 1611386572858,
    "duration": 1,
    "pid": 13380,
    "index": 21
  },
  {
    "name": "Require(18) node_modules/_egg-view@2.1.3@egg-view/config/config.local.js",
    "start": 1611386572860,
    "end": 1611386572860,
    "duration": 0,
    "pid": 13380,
    "index": 22
  },
  {
    "name": "Require(19) node_modules/_egg-view-ejs@2.0.1@egg-view-ejs/config/config.local.js",
    "start": 1611386572860,
    "end": 1611386572860,
    "duration": 0,
    "pid": 13380,
    "index": 23
  },
  {
    "name": "Require(20) node_modules/_egg@2.29.1@egg/config/config.local.js",
    "start": 1611386572861,
    "end": 1611386572861,
    "duration": 0,
    "pid": 13380,
    "index": 24
  },
  {
    "name": "Load extend/application.js",
    "start": 1611386572862,
    "end": 1611386572879,
    "duration": 17,
    "pid": 13380,
    "index": 25
  },
  {
    "name": "Require(21) node_modules/_egg-session@3.2.0@egg-session/app/extend/application.js",
    "start": 1611386572863,
    "end": 1611386572863,
    "duration": 0,
    "pid": 13380,
    "index": 26
  },
  {
    "name": "Require(22) node_modules/_egg-security@2.8.0@egg-security/app/extend/application.js",
    "start": 1611386572864,
    "end": 1611386572865,
    "duration": 1,
    "pid": 13380,
    "index": 27
  },
  {
    "name": "Require(23) node_modules/_egg-jsonp@2.0.0@egg-jsonp/app/extend/application.js",
    "start": 1611386572865,
    "end": 1611386572868,
    "duration": 3,
    "pid": 13380,
    "index": 28
  },
  {
    "name": "Require(24) node_modules/_egg-logrotator@3.1.0@egg-logrotator/app/extend/application.js",
    "start": 1611386572869,
    "end": 1611386572872,
    "duration": 3,
    "pid": 13380,
    "index": 29
  },
  {
    "name": "Require(25) node_modules/_egg-view@2.1.3@egg-view/app/extend/application.js",
    "start": 1611386572873,
    "end": 1611386572875,
    "duration": 2,
    "pid": 13380,
    "index": 30
  },
  {
    "name": "Load extend/request.js",
    "start": 1611386572879,
    "end": 1611386572889,
    "duration": 10,
    "pid": 13380,
    "index": 31
  },
  {
    "name": "Require(26) node_modules/_egg@2.29.1@egg/app/extend/request.js",
    "start": 1611386572882,
    "end": 1611386572883,
    "duration": 1,
    "pid": 13380,
    "index": 32
  },
  {
    "name": "Load extend/response.js",
    "start": 1611386572889,
    "end": 1611386572898,
    "duration": 9,
    "pid": 13380,
    "index": 33
  },
  {
    "name": "Require(27) node_modules/_egg@2.29.1@egg/app/extend/response.js",
    "start": 1611386572892,
    "end": 1611386572895,
    "duration": 3,
    "pid": 13380,
    "index": 34
  },
  {
    "name": "Load extend/context.js",
    "start": 1611386572898,
    "end": 1611386572973,
    "duration": 75,
    "pid": 13380,
    "index": 35
  },
  {
    "name": "Require(28) node_modules/_egg-security@2.8.0@egg-security/app/extend/context.js",
    "start": 1611386572899,
    "end": 1611386572913,
    "duration": 14,
    "pid": 13380,
    "index": 36
  },
  {
    "name": "Require(29) node_modules/_egg-jsonp@2.0.0@egg-jsonp/app/extend/context.js",
    "start": 1611386572914,
    "end": 1611386572915,
    "duration": 1,
    "pid": 13380,
    "index": 37
  },
  {
    "name": "Require(30) node_modules/_egg-i18n@2.1.1@egg-i18n/app/extend/context.js",
    "start": 1611386572916,
    "end": 1611386572916,
    "duration": 0,
    "pid": 13380,
    "index": 38
  },
  {
    "name": "Require(31) node_modules/_egg-multipart@2.10.3@egg-multipart/app/extend/context.js",
    "start": 1611386572917,
    "end": 1611386572966,
    "duration": 49,
    "pid": 13380,
    "index": 39
  },
  {
    "name": "Require(32) node_modules/_egg-view@2.1.3@egg-view/app/extend/context.js",
    "start": 1611386572967,
    "end": 1611386572968,
    "duration": 1,
    "pid": 13380,
    "index": 40
  },
  {
    "name": "Require(33) node_modules/_egg@2.29.1@egg/app/extend/context.js",
    "start": 1611386572969,
    "end": 1611386572970,
    "duration": 1,
    "pid": 13380,
    "index": 41
  },
  {
    "name": "Load extend/helper.js",
    "start": 1611386572973,
    "end": 1611386572995,
    "duration": 22,
    "pid": 13380,
    "index": 42
  },
  {
    "name": "Require(34) node_modules/_egg-security@2.8.0@egg-security/app/extend/helper.js",
    "start": 1611386572973,
    "end": 1611386572989,
    "duration": 16,
    "pid": 13380,
    "index": 43
  },
  {
    "name": "Require(35) node_modules/_egg@2.29.1@egg/app/extend/helper.js",
    "start": 1611386572991,
    "end": 1611386572992,
    "duration": 1,
    "pid": 13380,
    "index": 44
  },
  {
    "name": "Load app.js",
    "start": 1611386572995,
    "end": 1611386573028,
    "duration": 33,
    "pid": 13380,
    "index": 45
  },
  {
    "name": "Require(36) node_modules/_egg-session@3.2.0@egg-session/app.js",
    "start": 1611386572995,
    "end": 1611386572996,
    "duration": 1,
    "pid": 13380,
    "index": 46
  },
  {
    "name": "Require(37) node_modules/_egg-security@2.8.0@egg-security/app.js",
    "start": 1611386572996,
    "end": 1611386572998,
    "duration": 2,
    "pid": 13380,
    "index": 47
  },
  {
    "name": "Require(38) node_modules/_egg-onerror@2.1.0@egg-onerror/app.js",
    "start": 1611386572998,
    "end": 1611386573009,
    "duration": 11,
    "pid": 13380,
    "index": 48
  },
  {
    "name": "Require(39) node_modules/_egg-i18n@2.1.1@egg-i18n/app.js",
    "start": 1611386573010,
    "end": 1611386573017,
    "duration": 7,
    "pid": 13380,
    "index": 49
  },
  {
    "name": "Require(40) node_modules/_egg-watcher@3.1.1@egg-watcher/app.js",
    "start": 1611386573018,
    "end": 1611386573021,
    "duration": 3,
    "pid": 13380,
    "index": 50
  },
  {
    "name": "Require(41) node_modules/_egg-schedule@3.6.6@egg-schedule/app.js",
    "start": 1611386573022,
    "end": 1611386573024,
    "duration": 2,
    "pid": 13380,
    "index": 51
  },
  {
    "name": "Require(42) node_modules/_egg-multipart@2.10.3@egg-multipart/app.js",
    "start": 1611386573024,
    "end": 1611386573025,
    "duration": 1,
    "pid": 13380,
    "index": 52
  },
  {
    "name": "Require(43) node_modules/_egg-development@2.7.0@egg-development/app.js",
    "start": 1611386573025,
    "end": 1611386573026,
    "duration": 1,
    "pid": 13380,
    "index": 53
  },
  {
    "name": "Require(44) node_modules/_egg-logrotator@3.1.0@egg-logrotator/app.js",
    "start": 1611386573026,
    "end": 1611386573026,
    "duration": 0,
    "pid": 13380,
    "index": 54
  },
  {
    "name": "Require(45) node_modules/_egg-static@2.2.0@egg-static/app.js",
    "start": 1611386573026,
    "end": 1611386573027,
    "duration": 1,
    "pid": 13380,
    "index": 55
  },
  {
    "name": "Require(46) node_modules/_egg-view-ejs@2.0.1@egg-view-ejs/app.js",
    "start": 1611386573027,
    "end": 1611386573027,
    "duration": 0,
    "pid": 13380,
    "index": 56
  },
  {
    "name": "Before Start in node_modules/_egg-watcher@3.1.1@egg-watcher/lib/init.js:15:14",
    "start": 1611386573036,
    "end": 1611386573219,
    "duration": 183,
    "pid": 13380,
    "index": 57
  },
  {
    "name": "Load Service",
    "start": 1611386573071,
    "end": 1611386573076,
    "duration": 5,
    "pid": 13380,
    "index": 58
  },
  {
    "name": "Load \"service\" to Context",
    "start": 1611386573071,
    "end": 1611386573076,
    "duration": 5,
    "pid": 13380,
    "index": 59
  },
  {
    "name": "Load Middleware",
    "start": 1611386573076,
    "end": 1611386573202,
    "duration": 126,
    "pid": 13380,
    "index": 60
  },
  {
    "name": "Load \"middlewares\" to Application",
    "start": 1611386573076,
    "end": 1611386573189,
    "duration": 113,
    "pid": 13380,
    "index": 61
  },
  {
    "name": "Load Controller",
    "start": 1611386573203,
    "end": 1611386573205,
    "duration": 2,
    "pid": 13380,
    "index": 62
  },
  {
    "name": "Load \"controller\" to Application",
    "start": 1611386573203,
    "end": 1611386573205,
    "duration": 2,
    "pid": 13380,
    "index": 63
  },
  {
    "name": "Load Router",
    "start": 1611386573205,
    "end": 1611386573207,
    "duration": 2,
    "pid": 13380,
    "index": 64
  },
  {
    "name": "Require(47) app/router.js",
    "start": 1611386573205,
    "end": 1611386573206,
    "duration": 1,
    "pid": 13380,
    "index": 65
  },
  {
    "name": "Before Start in node_modules/_egg-core@4.20.0@egg-core/lib/egg.js:303:10",
    "start": 1611386573206,
    "end": 1611386573212,
    "duration": 6,
    "pid": 13380,
    "index": 66
  }
]