[
  {
    "name": "Process Start",
    "start": 1611386538853,
    "end": 1611386539955,
    "duration": 1102,
    "pid": 16200,
    "index": 0
  },
  {
    "name": "Application Start",
    "start": 1611386539956,
    "end": 1611386540392,
    "duration": 436,
    "pid": 16200,
    "index": 1
  },
  {
    "name": "Load Plugin",
    "start": 1611386539960,
    "end": 1611386539982,
    "duration": 22,
    "pid": 16200,
    "index": 2
  },
  {
    "name": "Load Config",
    "start": 1611386539982,
    "end": 1611386540005,
    "duration": 23,
    "pid": 16200,
    "index": 3
  },
  {
    "name": "Require(0) config/config.default.js",
    "start": 1611386539982,
    "end": 1611386539983,
    "duration": 1,
    "pid": 16200,
    "index": 4
  },
  {
    "name": "Require(1) node_modules/_egg-session@3.2.0@egg-session/config/config.default.js",
    "start": 1611386539984,
    "end": 1611386539984,
    "duration": 0,
    "pid": 16200,
    "index": 5
  },
  {
    "name": "Require(2) node_modules/_egg-security@2.8.0@egg-security/config/config.default.js",
    "start": 1611386539985,
    "end": 1611386539985,
    "duration": 0,
    "pid": 16200,
    "index": 6
  },
  {
    "name": "Require(3) node_modules/_egg-jsonp@2.0.0@egg-jsonp/config/config.default.js",
    "start": 1611386539986,
    "end": 1611386539987,
    "duration": 1,
    "pid": 16200,
    "index": 7
  },
  {
    "name": "Require(4) node_modules/_egg-onerror@2.1.0@egg-onerror/config/config.default.js",
    "start": 1611386539987,
    "end": 1611386539988,
    "duration": 1,
    "pid": 16200,
    "index": 8
  },
  {
    "name": "Require(5) node_modules/_egg-i18n@2.1.1@egg-i18n/config/config.default.js",
    "start": 1611386539988,
    "end": 1611386539989,
    "duration": 1,
    "pid": 16200,
    "index": 9
  },
  {
    "name": "Require(6) node_modules/_egg-watcher@3.1.1@egg-watcher/config/config.default.js",
    "start": 1611386539989,
    "end": 1611386539990,
    "duration": 1,
    "pid": 16200,
    "index": 10
  },
  {
    "name": "Require(7) node_modules/_egg-schedule@3.6.6@egg-schedule/config/config.default.js",
    "start": 1611386539990,
    "end": 1611386539991,
    "duration": 1,
    "pid": 16200,
    "index": 11
  },
  {
    "name": "Require(8) node_modules/_egg-multipart@2.10.3@egg-multipart/config/config.default.js",
    "start": 1611386539991,
    "end": 1611386539992,
    "duration": 1,
    "pid": 16200,
    "index": 12
  },
  {
    "name": "Require(9) node_modules/_egg-development@2.7.0@egg-development/config/config.default.js",
    "start": 1611386539993,
    "end": 1611386539993,
    "duration": 0,
    "pid": 16200,
    "index": 13
  },
  {
    "name": "Require(10) node_modules/_egg-logrotator@3.1.0@egg-logrotator/config/config.default.js",
    "start": 1611386539993,
    "end": 1611386539994,
    "duration": 1,
    "pid": 16200,
    "index": 14
  },
  {
    "name": "Require(11) node_modules/_egg-static@2.2.0@egg-static/config/config.default.js",
    "start": 1611386539994,
    "end": 1611386539995,
    "duration": 1,
    "pid": 16200,
    "index": 15
  },
  {
    "name": "Require(12) node_modules/_egg-view@2.1.3@egg-view/config/config.default.js",
    "start": 1611386539995,
    "end": 1611386539996,
    "duration": 1,
    "pid": 16200,
    "index": 16
  },
  {
    "name": "Require(13) node_modules/_egg-view-ejs@2.0.1@egg-view-ejs/config/config.default.js",
    "start": 1611386539997,
    "end": 1611386539997,
    "duration": 0,
    "pid": 16200,
    "index": 17
  },
  {
    "name": "Require(14) node_modules/_egg@2.29.1@egg/config/config.default.js",
    "start": 1611386539997,
    "end": 1611386539998,
    "duration": 1,
    "pid": 16200,
    "index": 18
  },
  {
    "name": "Require(15) config/config.default.js",
    "start": 1611386539999,
    "end": 1611386539999,
    "duration": 0,
    "pid": 16200,
    "index": 19
  },
  {
    "name": "Require(16) node_modules/_egg-security@2.8.0@egg-security/config/config.local.js",
    "start": 1611386540000,
    "end": 1611386540000,
    "duration": 0,
    "pid": 16200,
    "index": 20
  },
  {
    "name": "Require(17) node_modules/_egg-watcher@3.1.1@egg-watcher/config/config.local.js",
    "start": 1611386540001,
    "end": 1611386540002,
    "duration": 1,
    "pid": 16200,
    "index": 21
  },
  {
    "name": "Require(18) node_modules/_egg-view@2.1.3@egg-view/config/config.local.js",
    "start": 1611386540003,
    "end": 1611386540003,
    "duration": 0,
    "pid": 16200,
    "index": 22
  },
  {
    "name": "Require(19) node_modules/_egg-view-ejs@2.0.1@egg-view-ejs/config/config.local.js",
    "start": 1611386540004,
    "end": 1611386540004,
    "duration": 0,
    "pid": 16200,
    "index": 23
  },
  {
    "name": "Require(20) node_modules/_egg@2.29.1@egg/config/config.local.js",
    "start": 1611386540004,
    "end": 1611386540005,
    "duration": 1,
    "pid": 16200,
    "index": 24
  },
  {
    "name": "Load extend/application.js",
    "start": 1611386540006,
    "end": 1611386540021,
    "duration": 15,
    "pid": 16200,
    "index": 25
  },
  {
    "name": "Require(21) node_modules/_egg-session@3.2.0@egg-session/app/extend/application.js",
    "start": 1611386540006,
    "end": 1611386540007,
    "duration": 1,
    "pid": 16200,
    "index": 26
  },
  {
    "name": "Require(22) node_modules/_egg-security@2.8.0@egg-security/app/extend/application.js",
    "start": 1611386540007,
    "end": 1611386540008,
    "duration": 1,
    "pid": 16200,
    "index": 27
  },
  {
    "name": "Require(23) node_modules/_egg-jsonp@2.0.0@egg-jsonp/app/extend/application.js",
    "start": 1611386540009,
    "end": 1611386540011,
    "duration": 2,
    "pid": 16200,
    "index": 28
  },
  {
    "name": "Require(24) node_modules/_egg-logrotator@3.1.0@egg-logrotator/app/extend/application.js",
    "start": 1611386540013,
    "end": 1611386540016,
    "duration": 3,
    "pid": 16200,
    "index": 29
  },
  {
    "name": "Require(25) node_modules/_egg-view@2.1.3@egg-view/app/extend/application.js",
    "start": 1611386540016,
    "end": 1611386540018,
    "duration": 2,
    "pid": 16200,
    "index": 30
  },
  {
    "name": "Load extend/request.js",
    "start": 1611386540022,
    "end": 1611386540029,
    "duration": 7,
    "pid": 16200,
    "index": 31
  },
  {
    "name": "Require(26) node_modules/_egg@2.29.1@egg/app/extend/request.js",
    "start": 1611386540024,
    "end": 1611386540026,
    "duration": 2,
    "pid": 16200,
    "index": 32
  },
  {
    "name": "Load extend/response.js",
    "start": 1611386540029,
    "end": 1611386540040,
    "duration": 11,
    "pid": 16200,
    "index": 33
  },
  {
    "name": "Require(27) node_modules/_egg@2.29.1@egg/app/extend/response.js",
    "start": 1611386540034,
    "end": 1611386540037,
    "duration": 3,
    "pid": 16200,
    "index": 34
  },
  {
    "name": "Load extend/context.js",
    "start": 1611386540040,
    "end": 1611386540118,
    "duration": 78,
    "pid": 16200,
    "index": 35
  },
  {
    "name": "Require(28) node_modules/_egg-security@2.8.0@egg-security/app/extend/context.js",
    "start": 1611386540041,
    "end": 1611386540055,
    "duration": 14,
    "pid": 16200,
    "index": 36
  },
  {
    "name": "Require(29) node_modules/_egg-jsonp@2.0.0@egg-jsonp/app/extend/context.js",
    "start": 1611386540056,
    "end": 1611386540057,
    "duration": 1,
    "pid": 16200,
    "index": 37
  },
  {
    "name": "Require(30) node_modules/_egg-i18n@2.1.1@egg-i18n/app/extend/context.js",
    "start": 1611386540058,
    "end": 1611386540058,
    "duration": 0,
    "pid": 16200,
    "index": 38
  },
  {
    "name": "Require(31) node_modules/_egg-multipart@2.10.3@egg-multipart/app/extend/context.js",
    "start": 1611386540059,
    "end": 1611386540110,
    "duration": 51,
    "pid": 16200,
    "index": 39
  },
  {
    "name": "Require(32) node_modules/_egg-view@2.1.3@egg-view/app/extend/context.js",
    "start": 1611386540111,
    "end": 1611386540112,
    "duration": 1,
    "pid": 16200,
    "index": 40
  },
  {
    "name": "Require(33) node_modules/_egg@2.29.1@egg/app/extend/context.js",
    "start": 1611386540113,
    "end": 1611386540114,
    "duration": 1,
    "pid": 16200,
    "index": 41
  },
  {
    "name": "Load extend/helper.js",
    "start": 1611386540118,
    "end": 1611386540142,
    "duration": 24,
    "pid": 16200,
    "index": 42
  },
  {
    "name": "Require(34) node_modules/_egg-security@2.8.0@egg-security/app/extend/helper.js",
    "start": 1611386540119,
    "end": 1611386540137,
    "duration": 18,
    "pid": 16200,
    "index": 43
  },
  {
    "name": "Require(35) node_modules/_egg@2.29.1@egg/app/extend/helper.js",
    "start": 1611386540139,
    "end": 1611386540139,
    "duration": 0,
    "pid": 16200,
    "index": 44
  },
  {
    "name": "Load app.js",
    "start": 1611386540143,
    "end": 1611386540179,
    "duration": 36,
    "pid": 16200,
    "index": 45
  },
  {
    "name": "Require(36) node_modules/_egg-session@3.2.0@egg-session/app.js",
    "start": 1611386540143,
    "end": 1611386540143,
    "duration": 0,
    "pid": 16200,
    "index": 46
  },
  {
    "name": "Require(37) node_modules/_egg-security@2.8.0@egg-security/app.js",
    "start": 1611386540144,
    "end": 1611386540146,
    "duration": 2,
    "pid": 16200,
    "index": 47
  },
  {
    "name": "Require(38) node_modules/_egg-onerror@2.1.0@egg-onerror/app.js",
    "start": 1611386540147,
    "end": 1611386540158,
    "duration": 11,
    "pid": 16200,
    "index": 48
  },
  {
    "name": "Require(39) node_modules/_egg-i18n@2.1.1@egg-i18n/app.js",
    "start": 1611386540158,
    "end": 1611386540167,
    "duration": 9,
    "pid": 16200,
    "index": 49
  },
  {
    "name": "Require(40) node_modules/_egg-watcher@3.1.1@egg-watcher/app.js",
    "start": 1611386540167,
    "end": 1611386540172,
    "duration": 5,
    "pid": 16200,
    "index": 50
  },
  {
    "name": "Require(41) node_modules/_egg-schedule@3.6.6@egg-schedule/app.js",
    "start": 1611386540172,
    "end": 1611386540174,
    "duration": 2,
    "pid": 16200,
    "index": 51
  },
  {
    "name": "Require(42) node_modules/_egg-multipart@2.10.3@egg-multipart/app.js",
    "start": 1611386540175,
    "end": 1611386540175,
    "duration": 0,
    "pid": 16200,
    "index": 52
  },
  {
    "name": "Require(43) node_modules/_egg-development@2.7.0@egg-development/app.js",
    "start": 1611386540176,
    "end": 1611386540176,
    "duration": 0,
    "pid": 16200,
    "index": 53
  },
  {
    "name": "Require(44) node_modules/_egg-logrotator@3.1.0@egg-logrotator/app.js",
    "start": 1611386540176,
    "end": 1611386540177,
    "duration": 1,
    "pid": 16200,
    "index": 54
  },
  {
    "name": "Require(45) node_modules/_egg-static@2.2.0@egg-static/app.js",
    "start": 1611386540177,
    "end": 1611386540177,
    "duration": 0,
    "pid": 16200,
    "index": 55
  },
  {
    "name": "Require(46) node_modules/_egg-view-ejs@2.0.1@egg-view-ejs/app.js",
    "start": 1611386540178,
    "end": 1611386540178,
    "duration": 0,
    "pid": 16200,
    "index": 56
  },
  {
    "name": "Before Start in node_modules/_egg-watcher@3.1.1@egg-watcher/lib/init.js:15:14",
    "start": 1611386540188,
    "end": 1611386540392,
    "duration": 204,
    "pid": 16200,
    "index": 57
  },
  {
    "name": "Load Service",
    "start": 1611386540222,
    "end": 1611386540227,
    "duration": 5,
    "pid": 16200,
    "index": 58
  },
  {
    "name": "Load \"service\" to Context",
    "start": 1611386540222,
    "end": 1611386540227,
    "duration": 5,
    "pid": 16200,
    "index": 59
  },
  {
    "name": "Load Middleware",
    "start": 1611386540227,
    "end": 1611386540371,
    "duration": 144,
    "pid": 16200,
    "index": 60
  },
  {
    "name": "Load \"middlewares\" to Application",
    "start": 1611386540227,
    "end": 1611386540354,
    "duration": 127,
    "pid": 16200,
    "index": 61
  },
  {
    "name": "Load Controller",
    "start": 1611386540371,
    "end": 1611386540375,
    "duration": 4,
    "pid": 16200,
    "index": 62
  },
  {
    "name": "Load \"controller\" to Application",
    "start": 1611386540371,
    "end": 1611386540375,
    "duration": 4,
    "pid": 16200,
    "index": 63
  },
  {
    "name": "Load Router",
    "start": 1611386540375,
    "end": 1611386540378,
    "duration": 3,
    "pid": 16200,
    "index": 64
  },
  {
    "name": "Require(47) app/router.js",
    "start": 1611386540376,
    "end": 1611386540376,
    "duration": 0,
    "pid": 16200,
    "index": 65
  },
  {
    "name": "Before Start in node_modules/_egg-core@4.20.0@egg-core/lib/egg.js:303:10",
    "start": 1611386540376,
    "end": 1611386540385,
    "duration": 9,
    "pid": 16200,
    "index": 66
  }
]