[
  {
    "name": "Process Start",
    "start": 1611386557603,
    "end": 1611386558695,
    "duration": 1092,
    "pid": 14832,
    "index": 0
  },
  {
    "name": "Application Start",
    "start": 1611386558695,
    "end": 1611386559124,
    "duration": 429,
    "pid": 14832,
    "index": 1
  },
  {
    "name": "Load Plugin",
    "start": 1611386558699,
    "end": 1611386558717,
    "duration": 18,
    "pid": 14832,
    "index": 2
  },
  {
    "name": "Load Config",
    "start": 1611386558717,
    "end": 1611386558739,
    "duration": 22,
    "pid": 14832,
    "index": 3
  },
  {
    "name": "Require(0) config/config.default.js",
    "start": 1611386558718,
    "end": 1611386558718,
    "duration": 0,
    "pid": 14832,
    "index": 4
  },
  {
    "name": "Require(1) node_modules/_egg-session@3.2.0@egg-session/config/config.default.js",
    "start": 1611386558719,
    "end": 1611386558719,
    "duration": 0,
    "pid": 14832,
    "index": 5
  },
  {
    "name": "Require(2) node_modules/_egg-security@2.8.0@egg-security/config/config.default.js",
    "start": 1611386558720,
    "end": 1611386558720,
    "duration": 0,
    "pid": 14832,
    "index": 6
  },
  {
    "name": "Require(3) node_modules/_egg-jsonp@2.0.0@egg-jsonp/config/config.default.js",
    "start": 1611386558721,
    "end": 1611386558722,
    "duration": 1,
    "pid": 14832,
    "index": 7
  },
  {
    "name": "Require(4) node_modules/_egg-onerror@2.1.0@egg-onerror/config/config.default.js",
    "start": 1611386558722,
    "end": 1611386558722,
    "duration": 0,
    "pid": 14832,
    "index": 8
  },
  {
    "name": "Require(5) node_modules/_egg-i18n@2.1.1@egg-i18n/config/config.default.js",
    "start": 1611386558723,
    "end": 1611386558723,
    "duration": 0,
    "pid": 14832,
    "index": 9
  },
  {
    "name": "Require(6) node_modules/_egg-watcher@3.1.1@egg-watcher/config/config.default.js",
    "start": 1611386558724,
    "end": 1611386558724,
    "duration": 0,
    "pid": 14832,
    "index": 10
  },
  {
    "name": "Require(7) node_modules/_egg-schedule@3.6.6@egg-schedule/config/config.default.js",
    "start": 1611386558725,
    "end": 1611386558725,
    "duration": 0,
    "pid": 14832,
    "index": 11
  },
  {
    "name": "Require(8) node_modules/_egg-multipart@2.10.3@egg-multipart/config/config.default.js",
    "start": 1611386558726,
    "end": 1611386558727,
    "duration": 1,
    "pid": 14832,
    "index": 12
  },
  {
    "name": "Require(9) node_modules/_egg-development@2.7.0@egg-development/config/config.default.js",
    "start": 1611386558728,
    "end": 1611386558728,
    "duration": 0,
    "pid": 14832,
    "index": 13
  },
  {
    "name": "Require(10) node_modules/_egg-logrotator@3.1.0@egg-logrotator/config/config.default.js",
    "start": 1611386558729,
    "end": 1611386558729,
    "duration": 0,
    "pid": 14832,
    "index": 14
  },
  {
    "name": "Require(11) node_modules/_egg-static@2.2.0@egg-static/config/config.default.js",
    "start": 1611386558729,
    "end": 1611386558730,
    "duration": 1,
    "pid": 14832,
    "index": 15
  },
  {
    "name": "Require(12) node_modules/_egg-view@2.1.3@egg-view/config/config.default.js",
    "start": 1611386558730,
    "end": 1611386558731,
    "duration": 1,
    "pid": 14832,
    "index": 16
  },
  {
    "name": "Require(13) node_modules/_egg-view-ejs@2.0.1@egg-view-ejs/config/config.default.js",
    "start": 1611386558731,
    "end": 1611386558732,
    "duration": 1,
    "pid": 14832,
    "index": 17
  },
  {
    "name": "Require(14) node_modules/_egg@2.29.1@egg/config/config.default.js",
    "start": 1611386558732,
    "end": 1611386558733,
    "duration": 1,
    "pid": 14832,
    "index": 18
  },
  {
    "name": "Require(15) config/config.default.js",
    "start": 1611386558734,
    "end": 1611386558734,
    "duration": 0,
    "pid": 14832,
    "index": 19
  },
  {
    "name": "Require(16) node_modules/_egg-security@2.8.0@egg-security/config/config.local.js",
    "start": 1611386558734,
    "end": 1611386558734,
    "duration": 0,
    "pid": 14832,
    "index": 20
  },
  {
    "name": "Require(17) node_modules/_egg-watcher@3.1.1@egg-watcher/config/config.local.js",
    "start": 1611386558735,
    "end": 1611386558736,
    "duration": 1,
    "pid": 14832,
    "index": 21
  },
  {
    "name": "Require(18) node_modules/_egg-view@2.1.3@egg-view/config/config.local.js",
    "start": 1611386558737,
    "end": 1611386558737,
    "duration": 0,
    "pid": 14832,
    "index": 22
  },
  {
    "name": "Require(19) node_modules/_egg-view-ejs@2.0.1@egg-view-ejs/config/config.local.js",
    "start": 1611386558738,
    "end": 1611386558738,
    "duration": 0,
    "pid": 14832,
    "index": 23
  },
  {
    "name": "Require(20) node_modules/_egg@2.29.1@egg/config/config.local.js",
    "start": 1611386558738,
    "end": 1611386558739,
    "duration": 1,
    "pid": 14832,
    "index": 24
  },
  {
    "name": "Load extend/application.js",
    "start": 1611386558740,
    "end": 1611386558761,
    "duration": 21,
    "pid": 14832,
    "index": 25
  },
  {
    "name": "Require(21) node_modules/_egg-session@3.2.0@egg-session/app/extend/application.js",
    "start": 1611386558741,
    "end": 1611386558741,
    "duration": 0,
    "pid": 14832,
    "index": 26
  },
  {
    "name": "Require(22) node_modules/_egg-security@2.8.0@egg-security/app/extend/application.js",
    "start": 1611386558742,
    "end": 1611386558743,
    "duration": 1,
    "pid": 14832,
    "index": 27
  },
  {
    "name": "Require(23) node_modules/_egg-jsonp@2.0.0@egg-jsonp/app/extend/application.js",
    "start": 1611386558744,
    "end": 1611386558747,
    "duration": 3,
    "pid": 14832,
    "index": 28
  },
  {
    "name": "Require(24) node_modules/_egg-logrotator@3.1.0@egg-logrotator/app/extend/application.js",
    "start": 1611386558749,
    "end": 1611386558753,
    "duration": 4,
    "pid": 14832,
    "index": 29
  },
  {
    "name": "Require(25) node_modules/_egg-view@2.1.3@egg-view/app/extend/application.js",
    "start": 1611386558754,
    "end": 1611386558756,
    "duration": 2,
    "pid": 14832,
    "index": 30
  },
  {
    "name": "Load extend/request.js",
    "start": 1611386558761,
    "end": 1611386558769,
    "duration": 8,
    "pid": 14832,
    "index": 31
  },
  {
    "name": "Require(26) node_modules/_egg@2.29.1@egg/app/extend/request.js",
    "start": 1611386558764,
    "end": 1611386558766,
    "duration": 2,
    "pid": 14832,
    "index": 32
  },
  {
    "name": "Load extend/response.js",
    "start": 1611386558769,
    "end": 1611386558780,
    "duration": 11,
    "pid": 14832,
    "index": 33
  },
  {
    "name": "Require(27) node_modules/_egg@2.29.1@egg/app/extend/response.js",
    "start": 1611386558773,
    "end": 1611386558775,
    "duration": 2,
    "pid": 14832,
    "index": 34
  },
  {
    "name": "Load extend/context.js",
    "start": 1611386558780,
    "end": 1611386558862,
    "duration": 82,
    "pid": 14832,
    "index": 35
  },
  {
    "name": "Require(28) node_modules/_egg-security@2.8.0@egg-security/app/extend/context.js",
    "start": 1611386558781,
    "end": 1611386558796,
    "duration": 15,
    "pid": 14832,
    "index": 36
  },
  {
    "name": "Require(29) node_modules/_egg-jsonp@2.0.0@egg-jsonp/app/extend/context.js",
    "start": 1611386558796,
    "end": 1611386558798,
    "duration": 2,
    "pid": 14832,
    "index": 37
  },
  {
    "name": "Require(30) node_modules/_egg-i18n@2.1.1@egg-i18n/app/extend/context.js",
    "start": 1611386558798,
    "end": 1611386558799,
    "duration": 1,
    "pid": 14832,
    "index": 38
  },
  {
    "name": "Require(31) node_modules/_egg-multipart@2.10.3@egg-multipart/app/extend/context.js",
    "start": 1611386558799,
    "end": 1611386558854,
    "duration": 55,
    "pid": 14832,
    "index": 39
  },
  {
    "name": "Require(32) node_modules/_egg-view@2.1.3@egg-view/app/extend/context.js",
    "start": 1611386558855,
    "end": 1611386558856,
    "duration": 1,
    "pid": 14832,
    "index": 40
  },
  {
    "name": "Require(33) node_modules/_egg@2.29.1@egg/app/extend/context.js",
    "start": 1611386558857,
    "end": 1611386558858,
    "duration": 1,
    "pid": 14832,
    "index": 41
  },
  {
    "name": "Load extend/helper.js",
    "start": 1611386558862,
    "end": 1611386558886,
    "duration": 24,
    "pid": 14832,
    "index": 42
  },
  {
    "name": "Require(34) node_modules/_egg-security@2.8.0@egg-security/app/extend/helper.js",
    "start": 1611386558863,
    "end": 1611386558880,
    "duration": 17,
    "pid": 14832,
    "index": 43
  },
  {
    "name": "Require(35) node_modules/_egg@2.29.1@egg/app/extend/helper.js",
    "start": 1611386558883,
    "end": 1611386558883,
    "duration": 0,
    "pid": 14832,
    "index": 44
  },
  {
    "name": "Load app.js",
    "start": 1611386558886,
    "end": 1611386558920,
    "duration": 34,
    "pid": 14832,
    "index": 45
  },
  {
    "name": "Require(36) node_modules/_egg-session@3.2.0@egg-session/app.js",
    "start": 1611386558887,
    "end": 1611386558887,
    "duration": 0,
    "pid": 14832,
    "index": 46
  },
  {
    "name": "Require(37) node_modules/_egg-security@2.8.0@egg-security/app.js",
    "start": 1611386558887,
    "end": 1611386558889,
    "duration": 2,
    "pid": 14832,
    "index": 47
  },
  {
    "name": "Require(38) node_modules/_egg-onerror@2.1.0@egg-onerror/app.js",
    "start": 1611386558890,
    "end": 1611386558901,
    "duration": 11,
    "pid": 14832,
    "index": 48
  },
  {
    "name": "Require(39) node_modules/_egg-i18n@2.1.1@egg-i18n/app.js",
    "start": 1611386558902,
    "end": 1611386558909,
    "duration": 7,
    "pid": 14832,
    "index": 49
  },
  {
    "name": "Require(40) node_modules/_egg-watcher@3.1.1@egg-watcher/app.js",
    "start": 1611386558909,
    "end": 1611386558914,
    "duration": 5,
    "pid": 14832,
    "index": 50
  },
  {
    "name": "Require(41) node_modules/_egg-schedule@3.6.6@egg-schedule/app.js",
    "start": 1611386558914,
    "end": 1611386558916,
    "duration": 2,
    "pid": 14832,
    "index": 51
  },
  {
    "name": "Require(42) node_modules/_egg-multipart@2.10.3@egg-multipart/app.js",
    "start": 1611386558917,
    "end": 1611386558917,
    "duration": 0,
    "pid": 14832,
    "index": 52
  },
  {
    "name": "Require(43) node_modules/_egg-development@2.7.0@egg-development/app.js",
    "start": 1611386558917,
    "end": 1611386558917,
    "duration": 0,
    "pid": 14832,
    "index": 53
  },
  {
    "name": "Require(44) node_modules/_egg-logrotator@3.1.0@egg-logrotator/app.js",
    "start": 1611386558918,
    "end": 1611386558918,
    "duration": 0,
    "pid": 14832,
    "index": 54
  },
  {
    "name": "Require(45) node_modules/_egg-static@2.2.0@egg-static/app.js",
    "start": 1611386558918,
    "end": 1611386558918,
    "duration": 0,
    "pid": 14832,
    "index": 55
  },
  {
    "name": "Require(46) node_modules/_egg-view-ejs@2.0.1@egg-view-ejs/app.js",
    "start": 1611386558919,
    "end": 1611386558919,
    "duration": 0,
    "pid": 14832,
    "index": 56
  },
  {
    "name": "Before Start in node_modules/_egg-watcher@3.1.1@egg-watcher/lib/init.js:15:14",
    "start": 1611386558930,
    "end": 1611386559123,
    "duration": 193,
    "pid": 14832,
    "index": 57
  },
  {
    "name": "Load Service",
    "start": 1611386558964,
    "end": 1611386558969,
    "duration": 5,
    "pid": 14832,
    "index": 58
  },
  {
    "name": "Load \"service\" to Context",
    "start": 1611386558964,
    "end": 1611386558969,
    "duration": 5,
    "pid": 14832,
    "index": 59
  },
  {
    "name": "Load Middleware",
    "start": 1611386558969,
    "end": 1611386559104,
    "duration": 135,
    "pid": 14832,
    "index": 60
  },
  {
    "name": "Load \"middlewares\" to Application",
    "start": 1611386558969,
    "end": 1611386559088,
    "duration": 119,
    "pid": 14832,
    "index": 61
  },
  {
    "name": "Load Controller",
    "start": 1611386559104,
    "end": 1611386559107,
    "duration": 3,
    "pid": 14832,
    "index": 62
  },
  {
    "name": "Load \"controller\" to Application",
    "start": 1611386559104,
    "end": 1611386559107,
    "duration": 3,
    "pid": 14832,
    "index": 63
  },
  {
    "name": "Load Router",
    "start": 1611386559107,
    "end": 1611386559110,
    "duration": 3,
    "pid": 14832,
    "index": 64
  },
  {
    "name": "Require(47) app/router.js",
    "start": 1611386559108,
    "end": 1611386559108,
    "duration": 0,
    "pid": 14832,
    "index": 65
  },
  {
    "name": "Before Start in node_modules/_egg-core@4.20.0@egg-core/lib/egg.js:303:10",
    "start": 1611386559108,
    "end": 1611386559116,
    "duration": 8,
    "pid": 14832,
    "index": 66
  }
]