[
  {
    "name": "Process Start",
    "start": 1611386555013,
    "end": 1611386556029,
    "duration": 1016,
    "pid": 15064,
    "index": 0
  },
  {
    "name": "Application Start",
    "start": 1611386556030,
    "end": 1611386556450,
    "duration": 420,
    "pid": 15064,
    "index": 1
  },
  {
    "name": "Load Plugin",
    "start": 1611386556034,
    "end": 1611386556051,
    "duration": 17,
    "pid": 15064,
    "index": 2
  },
  {
    "name": "Load Config",
    "start": 1611386556051,
    "end": 1611386556071,
    "duration": 20,
    "pid": 15064,
    "index": 3
  },
  {
    "name": "Require(0) config/config.default.js",
    "start": 1611386556052,
    "end": 1611386556052,
    "duration": 0,
    "pid": 15064,
    "index": 4
  },
  {
    "name": "Require(1) node_modules/_egg-session@3.2.0@egg-session/config/config.default.js",
    "start": 1611386556053,
    "end": 1611386556054,
    "duration": 1,
    "pid": 15064,
    "index": 5
  },
  {
    "name": "Require(2) node_modules/_egg-security@2.8.0@egg-security/config/config.default.js",
    "start": 1611386556054,
    "end": 1611386556054,
    "duration": 0,
    "pid": 15064,
    "index": 6
  },
  {
    "name": "Require(3) node_modules/_egg-jsonp@2.0.0@egg-jsonp/config/config.default.js",
    "start": 1611386556056,
    "end": 1611386556056,
    "duration": 0,
    "pid": 15064,
    "index": 7
  },
  {
    "name": "Require(4) node_modules/_egg-onerror@2.1.0@egg-onerror/config/config.default.js",
    "start": 1611386556057,
    "end": 1611386556057,
    "duration": 0,
    "pid": 15064,
    "index": 8
  },
  {
    "name": "Require(5) node_modules/_egg-i18n@2.1.1@egg-i18n/config/config.default.js",
    "start": 1611386556058,
    "end": 1611386556058,
    "duration": 0,
    "pid": 15064,
    "index": 9
  },
  {
    "name": "Require(6) node_modules/_egg-watcher@3.1.1@egg-watcher/config/config.default.js",
    "start": 1611386556059,
    "end": 1611386556059,
    "duration": 0,
    "pid": 15064,
    "index": 10
  },
  {
    "name": "Require(7) node_modules/_egg-schedule@3.6.6@egg-schedule/config/config.default.js",
    "start": 1611386556059,
    "end": 1611386556060,
    "duration": 1,
    "pid": 15064,
    "index": 11
  },
  {
    "name": "Require(8) node_modules/_egg-multipart@2.10.3@egg-multipart/config/config.default.js",
    "start": 1611386556060,
    "end": 1611386556061,
    "duration": 1,
    "pid": 15064,
    "index": 12
  },
  {
    "name": "Require(9) node_modules/_egg-development@2.7.0@egg-development/config/config.default.js",
    "start": 1611386556061,
    "end": 1611386556062,
    "duration": 1,
    "pid": 15064,
    "index": 13
  },
  {
    "name": "Require(10) node_modules/_egg-logrotator@3.1.0@egg-logrotator/config/config.default.js",
    "start": 1611386556062,
    "end": 1611386556062,
    "duration": 0,
    "pid": 15064,
    "index": 14
  },
  {
    "name": "Require(11) node_modules/_egg-static@2.2.0@egg-static/config/config.default.js",
    "start": 1611386556063,
    "end": 1611386556063,
    "duration": 0,
    "pid": 15064,
    "index": 15
  },
  {
    "name": "Require(12) node_modules/_egg-view@2.1.3@egg-view/config/config.default.js",
    "start": 1611386556064,
    "end": 1611386556064,
    "duration": 0,
    "pid": 15064,
    "index": 16
  },
  {
    "name": "Require(13) node_modules/_egg-view-ejs@2.0.1@egg-view-ejs/config/config.default.js",
    "start": 1611386556064,
    "end": 1611386556065,
    "duration": 1,
    "pid": 15064,
    "index": 17
  },
  {
    "name": "Require(14) node_modules/_egg@2.29.1@egg/config/config.default.js",
    "start": 1611386556065,
    "end": 1611386556065,
    "duration": 0,
    "pid": 15064,
    "index": 18
  },
  {
    "name": "Require(15) config/config.default.js",
    "start": 1611386556066,
    "end": 1611386556066,
    "duration": 0,
    "pid": 15064,
    "index": 19
  },
  {
    "name": "Require(16) node_modules/_egg-security@2.8.0@egg-security/config/config.local.js",
    "start": 1611386556067,
    "end": 1611386556067,
    "duration": 0,
    "pid": 15064,
    "index": 20
  },
  {
    "name": "Require(17) node_modules/_egg-watcher@3.1.1@egg-watcher/config/config.local.js",
    "start": 1611386556068,
    "end": 1611386556068,
    "duration": 0,
    "pid": 15064,
    "index": 21
  },
  {
    "name": "Require(18) node_modules/_egg-view@2.1.3@egg-view/config/config.local.js",
    "start": 1611386556070,
    "end": 1611386556070,
    "duration": 0,
    "pid": 15064,
    "index": 22
  },
  {
    "name": "Require(19) node_modules/_egg-view-ejs@2.0.1@egg-view-ejs/config/config.local.js",
    "start": 1611386556070,
    "end": 1611386556070,
    "duration": 0,
    "pid": 15064,
    "index": 23
  },
  {
    "name": "Require(20) node_modules/_egg@2.29.1@egg/config/config.local.js",
    "start": 1611386556071,
    "end": 1611386556071,
    "duration": 0,
    "pid": 15064,
    "index": 24
  },
  {
    "name": "Load extend/application.js",
    "start": 1611386556072,
    "end": 1611386556086,
    "duration": 14,
    "pid": 15064,
    "index": 25
  },
  {
    "name": "Require(21) node_modules/_egg-session@3.2.0@egg-session/app/extend/application.js",
    "start": 1611386556072,
    "end": 1611386556073,
    "duration": 1,
    "pid": 15064,
    "index": 26
  },
  {
    "name": "Require(22) node_modules/_egg-security@2.8.0@egg-security/app/extend/application.js",
    "start": 1611386556073,
    "end": 1611386556074,
    "duration": 1,
    "pid": 15064,
    "index": 27
  },
  {
    "name": "Require(23) node_modules/_egg-jsonp@2.0.0@egg-jsonp/app/extend/application.js",
    "start": 1611386556075,
    "end": 1611386556076,
    "duration": 1,
    "pid": 15064,
    "index": 28
  },
  {
    "name": "Require(24) node_modules/_egg-logrotator@3.1.0@egg-logrotator/app/extend/application.js",
    "start": 1611386556078,
    "end": 1611386556081,
    "duration": 3,
    "pid": 15064,
    "index": 29
  },
  {
    "name": "Require(25) node_modules/_egg-view@2.1.3@egg-view/app/extend/application.js",
    "start": 1611386556081,
    "end": 1611386556083,
    "duration": 2,
    "pid": 15064,
    "index": 30
  },
  {
    "name": "Load extend/request.js",
    "start": 1611386556086,
    "end": 1611386556093,
    "duration": 7,
    "pid": 15064,
    "index": 31
  },
  {
    "name": "Require(26) node_modules/_egg@2.29.1@egg/app/extend/request.js",
    "start": 1611386556088,
    "end": 1611386556090,
    "duration": 2,
    "pid": 15064,
    "index": 32
  },
  {
    "name": "Load extend/response.js",
    "start": 1611386556093,
    "end": 1611386556103,
    "duration": 10,
    "pid": 15064,
    "index": 33
  },
  {
    "name": "Require(27) node_modules/_egg@2.29.1@egg/app/extend/response.js",
    "start": 1611386556097,
    "end": 1611386556099,
    "duration": 2,
    "pid": 15064,
    "index": 34
  },
  {
    "name": "Load extend/context.js",
    "start": 1611386556103,
    "end": 1611386556170,
    "duration": 67,
    "pid": 15064,
    "index": 35
  },
  {
    "name": "Require(28) node_modules/_egg-security@2.8.0@egg-security/app/extend/context.js",
    "start": 1611386556103,
    "end": 1611386556115,
    "duration": 12,
    "pid": 15064,
    "index": 36
  },
  {
    "name": "Require(29) node_modules/_egg-jsonp@2.0.0@egg-jsonp/app/extend/context.js",
    "start": 1611386556116,
    "end": 1611386556117,
    "duration": 1,
    "pid": 15064,
    "index": 37
  },
  {
    "name": "Require(30) node_modules/_egg-i18n@2.1.1@egg-i18n/app/extend/context.js",
    "start": 1611386556118,
    "end": 1611386556118,
    "duration": 0,
    "pid": 15064,
    "index": 38
  },
  {
    "name": "Require(31) node_modules/_egg-multipart@2.10.3@egg-multipart/app/extend/context.js",
    "start": 1611386556119,
    "end": 1611386556163,
    "duration": 44,
    "pid": 15064,
    "index": 39
  },
  {
    "name": "Require(32) node_modules/_egg-view@2.1.3@egg-view/app/extend/context.js",
    "start": 1611386556164,
    "end": 1611386556165,
    "duration": 1,
    "pid": 15064,
    "index": 40
  },
  {
    "name": "Require(33) node_modules/_egg@2.29.1@egg/app/extend/context.js",
    "start": 1611386556166,
    "end": 1611386556167,
    "duration": 1,
    "pid": 15064,
    "index": 41
  },
  {
    "name": "Load extend/helper.js",
    "start": 1611386556170,
    "end": 1611386556204,
    "duration": 34,
    "pid": 15064,
    "index": 42
  },
  {
    "name": "Require(34) node_modules/_egg-security@2.8.0@egg-security/app/extend/helper.js",
    "start": 1611386556171,
    "end": 1611386556196,
    "duration": 25,
    "pid": 15064,
    "index": 43
  },
  {
    "name": "Require(35) node_modules/_egg@2.29.1@egg/app/extend/helper.js",
    "start": 1611386556200,
    "end": 1611386556201,
    "duration": 1,
    "pid": 15064,
    "index": 44
  },
  {
    "name": "Load app.js",
    "start": 1611386556204,
    "end": 1611386556240,
    "duration": 36,
    "pid": 15064,
    "index": 45
  },
  {
    "name": "Require(36) node_modules/_egg-session@3.2.0@egg-session/app.js",
    "start": 1611386556204,
    "end": 1611386556205,
    "duration": 1,
    "pid": 15064,
    "index": 46
  },
  {
    "name": "Require(37) node_modules/_egg-security@2.8.0@egg-security/app.js",
    "start": 1611386556205,
    "end": 1611386556207,
    "duration": 2,
    "pid": 15064,
    "index": 47
  },
  {
    "name": "Require(38) node_modules/_egg-onerror@2.1.0@egg-onerror/app.js",
    "start": 1611386556208,
    "end": 1611386556220,
    "duration": 12,
    "pid": 15064,
    "index": 48
  },
  {
    "name": "Require(39) node_modules/_egg-i18n@2.1.1@egg-i18n/app.js",
    "start": 1611386556221,
    "end": 1611386556230,
    "duration": 9,
    "pid": 15064,
    "index": 49
  },
  {
    "name": "Require(40) node_modules/_egg-watcher@3.1.1@egg-watcher/app.js",
    "start": 1611386556230,
    "end": 1611386556234,
    "duration": 4,
    "pid": 15064,
    "index": 50
  },
  {
    "name": "Require(41) node_modules/_egg-schedule@3.6.6@egg-schedule/app.js",
    "start": 1611386556234,
    "end": 1611386556236,
    "duration": 2,
    "pid": 15064,
    "index": 51
  },
  {
    "name": "Require(42) node_modules/_egg-multipart@2.10.3@egg-multipart/app.js",
    "start": 1611386556236,
    "end": 1611386556237,
    "duration": 1,
    "pid": 15064,
    "index": 52
  },
  {
    "name": "Require(43) node_modules/_egg-development@2.7.0@egg-development/app.js",
    "start": 1611386556237,
    "end": 1611386556237,
    "duration": 0,
    "pid": 15064,
    "index": 53
  },
  {
    "name": "Require(44) node_modules/_egg-logrotator@3.1.0@egg-logrotator/app.js",
    "start": 1611386556237,
    "end": 1611386556238,
    "duration": 1,
    "pid": 15064,
    "index": 54
  },
  {
    "name": "Require(45) node_modules/_egg-static@2.2.0@egg-static/app.js",
    "start": 1611386556238,
    "end": 1611386556238,
    "duration": 0,
    "pid": 15064,
    "index": 55
  },
  {
    "name": "Require(46) node_modules/_egg-view-ejs@2.0.1@egg-view-ejs/app.js",
    "start": 1611386556239,
    "end": 1611386556239,
    "duration": 0,
    "pid": 15064,
    "index": 56
  },
  {
    "name": "Before Start in node_modules/_egg-watcher@3.1.1@egg-watcher/lib/init.js:15:14",
    "start": 1611386556248,
    "end": 1611386556450,
    "duration": 202,
    "pid": 15064,
    "index": 57
  },
  {
    "name": "Load Service",
    "start": 1611386556280,
    "end": 1611386556284,
    "duration": 4,
    "pid": 15064,
    "index": 58
  },
  {
    "name": "Load \"service\" to Context",
    "start": 1611386556281,
    "end": 1611386556284,
    "duration": 3,
    "pid": 15064,
    "index": 59
  },
  {
    "name": "Load Middleware",
    "start": 1611386556285,
    "end": 1611386556429,
    "duration": 144,
    "pid": 15064,
    "index": 60
  },
  {
    "name": "Load \"middlewares\" to Application",
    "start": 1611386556285,
    "end": 1611386556411,
    "duration": 126,
    "pid": 15064,
    "index": 61
  },
  {
    "name": "Load Controller",
    "start": 1611386556429,
    "end": 1611386556434,
    "duration": 5,
    "pid": 15064,
    "index": 62
  },
  {
    "name": "Load \"controller\" to Application",
    "start": 1611386556429,
    "end": 1611386556434,
    "duration": 5,
    "pid": 15064,
    "index": 63
  },
  {
    "name": "Load Router",
    "start": 1611386556434,
    "end": 1611386556436,
    "duration": 2,
    "pid": 15064,
    "index": 64
  },
  {
    "name": "Require(47) app/router.js",
    "start": 1611386556434,
    "end": 1611386556434,
    "duration": 0,
    "pid": 15064,
    "index": 65
  },
  {
    "name": "Before Start in node_modules/_egg-core@4.20.0@egg-core/lib/egg.js:303:10",
    "start": 1611386556435,
    "end": 1611386556442,
    "duration": 7,
    "pid": 15064,
    "index": 66
  }
]