[
  {
    "name": "Process Start",
    "start": 1611386597533,
    "end": 1611386598582,
    "duration": 1049,
    "pid": 9520,
    "index": 0
  },
  {
    "name": "Application Start",
    "start": 1611386598582,
    "end": 1611386598971,
    "duration": 389,
    "pid": 9520,
    "index": 1
  },
  {
    "name": "Load Plugin",
    "start": 1611386598586,
    "end": 1611386598604,
    "duration": 18,
    "pid": 9520,
    "index": 2
  },
  {
    "name": "Load Config",
    "start": 1611386598604,
    "end": 1611386598625,
    "duration": 21,
    "pid": 9520,
    "index": 3
  },
  {
    "name": "Require(0) config/config.default.js",
    "start": 1611386598605,
    "end": 1611386598605,
    "duration": 0,
    "pid": 9520,
    "index": 4
  },
  {
    "name": "Require(1) node_modules/_egg-session@3.2.0@egg-session/config/config.default.js",
    "start": 1611386598607,
    "end": 1611386598607,
    "duration": 0,
    "pid": 9520,
    "index": 5
  },
  {
    "name": "Require(2) node_modules/_egg-security@2.8.0@egg-security/config/config.default.js",
    "start": 1611386598607,
    "end": 1611386598608,
    "duration": 1,
    "pid": 9520,
    "index": 6
  },
  {
    "name": "Require(3) node_modules/_egg-jsonp@2.0.0@egg-jsonp/config/config.default.js",
    "start": 1611386598609,
    "end": 1611386598609,
    "duration": 0,
    "pid": 9520,
    "index": 7
  },
  {
    "name": "Require(4) node_modules/_egg-onerror@2.1.0@egg-onerror/config/config.default.js",
    "start": 1611386598610,
    "end": 1611386598610,
    "duration": 0,
    "pid": 9520,
    "index": 8
  },
  {
    "name": "Require(5) node_modules/_egg-i18n@2.1.1@egg-i18n/config/config.default.js",
    "start": 1611386598610,
    "end": 1611386598611,
    "duration": 1,
    "pid": 9520,
    "index": 9
  },
  {
    "name": "Require(6) node_modules/_egg-watcher@3.1.1@egg-watcher/config/config.default.js",
    "start": 1611386598611,
    "end": 1611386598612,
    "duration": 1,
    "pid": 9520,
    "index": 10
  },
  {
    "name": "Require(7) node_modules/_egg-schedule@3.6.6@egg-schedule/config/config.default.js",
    "start": 1611386598612,
    "end": 1611386598613,
    "duration": 1,
    "pid": 9520,
    "index": 11
  },
  {
    "name": "Require(8) node_modules/_egg-multipart@2.10.3@egg-multipart/config/config.default.js",
    "start": 1611386598613,
    "end": 1611386598614,
    "duration": 1,
    "pid": 9520,
    "index": 12
  },
  {
    "name": "Require(9) node_modules/_egg-development@2.7.0@egg-development/config/config.default.js",
    "start": 1611386598614,
    "end": 1611386598615,
    "duration": 1,
    "pid": 9520,
    "index": 13
  },
  {
    "name": "Require(10) node_modules/_egg-logrotator@3.1.0@egg-logrotator/config/config.default.js",
    "start": 1611386598615,
    "end": 1611386598615,
    "duration": 0,
    "pid": 9520,
    "index": 14
  },
  {
    "name": "Require(11) node_modules/_egg-static@2.2.0@egg-static/config/config.default.js",
    "start": 1611386598616,
    "end": 1611386598616,
    "duration": 0,
    "pid": 9520,
    "index": 15
  },
  {
    "name": "Require(12) node_modules/_egg-view@2.1.3@egg-view/config/config.default.js",
    "start": 1611386598617,
    "end": 1611386598617,
    "duration": 0,
    "pid": 9520,
    "index": 16
  },
  {
    "name": "Require(13) node_modules/_egg-view-ejs@2.0.1@egg-view-ejs/config/config.default.js",
    "start": 1611386598618,
    "end": 1611386598618,
    "duration": 0,
    "pid": 9520,
    "index": 17
  },
  {
    "name": "Require(14) node_modules/_egg@2.29.1@egg/config/config.default.js",
    "start": 1611386598619,
    "end": 1611386598619,
    "duration": 0,
    "pid": 9520,
    "index": 18
  },
  {
    "name": "Require(15) config/config.default.js",
    "start": 1611386598620,
    "end": 1611386598620,
    "duration": 0,
    "pid": 9520,
    "index": 19
  },
  {
    "name": "Require(16) node_modules/_egg-security@2.8.0@egg-security/config/config.local.js",
    "start": 1611386598621,
    "end": 1611386598621,
    "duration": 0,
    "pid": 9520,
    "index": 20
  },
  {
    "name": "Require(17) node_modules/_egg-watcher@3.1.1@egg-watcher/config/config.local.js",
    "start": 1611386598622,
    "end": 1611386598622,
    "duration": 0,
    "pid": 9520,
    "index": 21
  },
  {
    "name": "Require(18) node_modules/_egg-view@2.1.3@egg-view/config/config.local.js",
    "start": 1611386598624,
    "end": 1611386598624,
    "duration": 0,
    "pid": 9520,
    "index": 22
  },
  {
    "name": "Require(19) node_modules/_egg-view-ejs@2.0.1@egg-view-ejs/config/config.local.js",
    "start": 1611386598624,
    "end": 1611386598625,
    "duration": 1,
    "pid": 9520,
    "index": 23
  },
  {
    "name": "Require(20) node_modules/_egg@2.29.1@egg/config/config.local.js",
    "start": 1611386598625,
    "end": 1611386598625,
    "duration": 0,
    "pid": 9520,
    "index": 24
  },
  {
    "name": "Load extend/application.js",
    "start": 1611386598626,
    "end": 1611386598642,
    "duration": 16,
    "pid": 9520,
    "index": 25
  },
  {
    "name": "Require(21) node_modules/_egg-session@3.2.0@egg-session/app/extend/application.js",
    "start": 1611386598627,
    "end": 1611386598627,
    "duration": 0,
    "pid": 9520,
    "index": 26
  },
  {
    "name": "Require(22) node_modules/_egg-security@2.8.0@egg-security/app/extend/application.js",
    "start": 1611386598628,
    "end": 1611386598629,
    "duration": 1,
    "pid": 9520,
    "index": 27
  },
  {
    "name": "Require(23) node_modules/_egg-jsonp@2.0.0@egg-jsonp/app/extend/application.js",
    "start": 1611386598629,
    "end": 1611386598631,
    "duration": 2,
    "pid": 9520,
    "index": 28
  },
  {
    "name": "Require(24) node_modules/_egg-logrotator@3.1.0@egg-logrotator/app/extend/application.js",
    "start": 1611386598633,
    "end": 1611386598636,
    "duration": 3,
    "pid": 9520,
    "index": 29
  },
  {
    "name": "Require(25) node_modules/_egg-view@2.1.3@egg-view/app/extend/application.js",
    "start": 1611386598636,
    "end": 1611386598639,
    "duration": 3,
    "pid": 9520,
    "index": 30
  },
  {
    "name": "Load extend/request.js",
    "start": 1611386598642,
    "end": 1611386598650,
    "duration": 8,
    "pid": 9520,
    "index": 31
  },
  {
    "name": "Require(26) node_modules/_egg@2.29.1@egg/app/extend/request.js",
    "start": 1611386598645,
    "end": 1611386598647,
    "duration": 2,
    "pid": 9520,
    "index": 32
  },
  {
    "name": "Load extend/response.js",
    "start": 1611386598650,
    "end": 1611386598660,
    "duration": 10,
    "pid": 9520,
    "index": 33
  },
  {
    "name": "Require(27) node_modules/_egg@2.29.1@egg/app/extend/response.js",
    "start": 1611386598655,
    "end": 1611386598657,
    "duration": 2,
    "pid": 9520,
    "index": 34
  },
  {
    "name": "Load extend/context.js",
    "start": 1611386598660,
    "end": 1611386598733,
    "duration": 73,
    "pid": 9520,
    "index": 35
  },
  {
    "name": "Require(28) node_modules/_egg-security@2.8.0@egg-security/app/extend/context.js",
    "start": 1611386598661,
    "end": 1611386598676,
    "duration": 15,
    "pid": 9520,
    "index": 36
  },
  {
    "name": "Require(29) node_modules/_egg-jsonp@2.0.0@egg-jsonp/app/extend/context.js",
    "start": 1611386598676,
    "end": 1611386598678,
    "duration": 2,
    "pid": 9520,
    "index": 37
  },
  {
    "name": "Require(30) node_modules/_egg-i18n@2.1.1@egg-i18n/app/extend/context.js",
    "start": 1611386598679,
    "end": 1611386598679,
    "duration": 0,
    "pid": 9520,
    "index": 38
  },
  {
    "name": "Require(31) node_modules/_egg-multipart@2.10.3@egg-multipart/app/extend/context.js",
    "start": 1611386598680,
    "end": 1611386598726,
    "duration": 46,
    "pid": 9520,
    "index": 39
  },
  {
    "name": "Require(32) node_modules/_egg-view@2.1.3@egg-view/app/extend/context.js",
    "start": 1611386598727,
    "end": 1611386598728,
    "duration": 1,
    "pid": 9520,
    "index": 40
  },
  {
    "name": "Require(33) node_modules/_egg@2.29.1@egg/app/extend/context.js",
    "start": 1611386598729,
    "end": 1611386598730,
    "duration": 1,
    "pid": 9520,
    "index": 41
  },
  {
    "name": "Load extend/helper.js",
    "start": 1611386598733,
    "end": 1611386598756,
    "duration": 23,
    "pid": 9520,
    "index": 42
  },
  {
    "name": "Require(34) node_modules/_egg-security@2.8.0@egg-security/app/extend/helper.js",
    "start": 1611386598734,
    "end": 1611386598750,
    "duration": 16,
    "pid": 9520,
    "index": 43
  },
  {
    "name": "Require(35) node_modules/_egg@2.29.1@egg/app/extend/helper.js",
    "start": 1611386598752,
    "end": 1611386598753,
    "duration": 1,
    "pid": 9520,
    "index": 44
  },
  {
    "name": "Load app.js",
    "start": 1611386598756,
    "end": 1611386598789,
    "duration": 33,
    "pid": 9520,
    "index": 45
  },
  {
    "name": "Require(36) node_modules/_egg-session@3.2.0@egg-session/app.js",
    "start": 1611386598756,
    "end": 1611386598757,
    "duration": 1,
    "pid": 9520,
    "index": 46
  },
  {
    "name": "Require(37) node_modules/_egg-security@2.8.0@egg-security/app.js",
    "start": 1611386598757,
    "end": 1611386598759,
    "duration": 2,
    "pid": 9520,
    "index": 47
  },
  {
    "name": "Require(38) node_modules/_egg-onerror@2.1.0@egg-onerror/app.js",
    "start": 1611386598759,
    "end": 1611386598769,
    "duration": 10,
    "pid": 9520,
    "index": 48
  },
  {
    "name": "Require(39) node_modules/_egg-i18n@2.1.1@egg-i18n/app.js",
    "start": 1611386598770,
    "end": 1611386598778,
    "duration": 8,
    "pid": 9520,
    "index": 49
  },
  {
    "name": "Require(40) node_modules/_egg-watcher@3.1.1@egg-watcher/app.js",
    "start": 1611386598778,
    "end": 1611386598782,
    "duration": 4,
    "pid": 9520,
    "index": 50
  },
  {
    "name": "Require(41) node_modules/_egg-schedule@3.6.6@egg-schedule/app.js",
    "start": 1611386598782,
    "end": 1611386598784,
    "duration": 2,
    "pid": 9520,
    "index": 51
  },
  {
    "name": "Require(42) node_modules/_egg-multipart@2.10.3@egg-multipart/app.js",
    "start": 1611386598785,
    "end": 1611386598786,
    "duration": 1,
    "pid": 9520,
    "index": 52
  },
  {
    "name": "Require(43) node_modules/_egg-development@2.7.0@egg-development/app.js",
    "start": 1611386598786,
    "end": 1611386598786,
    "duration": 0,
    "pid": 9520,
    "index": 53
  },
  {
    "name": "Require(44) node_modules/_egg-logrotator@3.1.0@egg-logrotator/app.js",
    "start": 1611386598786,
    "end": 1611386598787,
    "duration": 1,
    "pid": 9520,
    "index": 54
  },
  {
    "name": "Require(45) node_modules/_egg-static@2.2.0@egg-static/app.js",
    "start": 1611386598787,
    "end": 1611386598787,
    "duration": 0,
    "pid": 9520,
    "index": 55
  },
  {
    "name": "Require(46) node_modules/_egg-view-ejs@2.0.1@egg-view-ejs/app.js",
    "start": 1611386598788,
    "end": 1611386598788,
    "duration": 0,
    "pid": 9520,
    "index": 56
  },
  {
    "name": "Before Start in node_modules/_egg-watcher@3.1.1@egg-watcher/lib/init.js:15:14",
    "start": 1611386598796,
    "end": 1611386598970,
    "duration": 174,
    "pid": 9520,
    "index": 57
  },
  {
    "name": "Load Service",
    "start": 1611386598826,
    "end": 1611386598830,
    "duration": 4,
    "pid": 9520,
    "index": 58
  },
  {
    "name": "Load \"service\" to Context",
    "start": 1611386598826,
    "end": 1611386598830,
    "duration": 4,
    "pid": 9520,
    "index": 59
  },
  {
    "name": "Load Middleware",
    "start": 1611386598830,
    "end": 1611386598953,
    "duration": 123,
    "pid": 9520,
    "index": 60
  },
  {
    "name": "Load \"middlewares\" to Application",
    "start": 1611386598830,
    "end": 1611386598938,
    "duration": 108,
    "pid": 9520,
    "index": 61
  },
  {
    "name": "Load Controller",
    "start": 1611386598953,
    "end": 1611386598956,
    "duration": 3,
    "pid": 9520,
    "index": 62
  },
  {
    "name": "Load \"controller\" to Application",
    "start": 1611386598953,
    "end": 1611386598956,
    "duration": 3,
    "pid": 9520,
    "index": 63
  },
  {
    "name": "Load Router",
    "start": 1611386598956,
    "end": 1611386598958,
    "duration": 2,
    "pid": 9520,
    "index": 64
  },
  {
    "name": "Require(47) app/router.js",
    "start": 1611386598956,
    "end": 1611386598956,
    "duration": 0,
    "pid": 9520,
    "index": 65
  },
  {
    "name": "Before Start in node_modules/_egg-core@4.20.0@egg-core/lib/egg.js:303:10",
    "start": 1611386598956,
    "end": 1611386598964,
    "duration": 8,
    "pid": 9520,
    "index": 66
  }
]