[
  {
    "name": "Process Start",
    "start": 1611386565975,
    "end": 1611386567074,
    "duration": 1099,
    "pid": 1140,
    "index": 0
  },
  {
    "name": "Application Start",
    "start": 1611386567075,
    "end": 1611386567494,
    "duration": 419,
    "pid": 1140,
    "index": 1
  },
  {
    "name": "Load Plugin",
    "start": 1611386567081,
    "end": 1611386567104,
    "duration": 23,
    "pid": 1140,
    "index": 2
  },
  {
    "name": "Load Config",
    "start": 1611386567104,
    "end": 1611386567129,
    "duration": 25,
    "pid": 1140,
    "index": 3
  },
  {
    "name": "Require(0) config/config.default.js",
    "start": 1611386567105,
    "end": 1611386567105,
    "duration": 0,
    "pid": 1140,
    "index": 4
  },
  {
    "name": "Require(1) node_modules/_egg-session@3.2.0@egg-session/config/config.default.js",
    "start": 1611386567107,
    "end": 1611386567107,
    "duration": 0,
    "pid": 1140,
    "index": 5
  },
  {
    "name": "Require(2) node_modules/_egg-security@2.8.0@egg-security/config/config.default.js",
    "start": 1611386567108,
    "end": 1611386567108,
    "duration": 0,
    "pid": 1140,
    "index": 6
  },
  {
    "name": "Require(3) node_modules/_egg-jsonp@2.0.0@egg-jsonp/config/config.default.js",
    "start": 1611386567109,
    "end": 1611386567110,
    "duration": 1,
    "pid": 1140,
    "index": 7
  },
  {
    "name": "Require(4) node_modules/_egg-onerror@2.1.0@egg-onerror/config/config.default.js",
    "start": 1611386567110,
    "end": 1611386567111,
    "duration": 1,
    "pid": 1140,
    "index": 8
  },
  {
    "name": "Require(5) node_modules/_egg-i18n@2.1.1@egg-i18n/config/config.default.js",
    "start": 1611386567111,
    "end": 1611386567112,
    "duration": 1,
    "pid": 1140,
    "index": 9
  },
  {
    "name": "Require(6) node_modules/_egg-watcher@3.1.1@egg-watcher/config/config.default.js",
    "start": 1611386567113,
    "end": 1611386567113,
    "duration": 0,
    "pid": 1140,
    "index": 10
  },
  {
    "name": "Require(7) node_modules/_egg-schedule@3.6.6@egg-schedule/config/config.default.js",
    "start": 1611386567114,
    "end": 1611386567114,
    "duration": 0,
    "pid": 1140,
    "index": 11
  },
  {
    "name": "Require(8) node_modules/_egg-multipart@2.10.3@egg-multipart/config/config.default.js",
    "start": 1611386567115,
    "end": 1611386567115,
    "duration": 0,
    "pid": 1140,
    "index": 12
  },
  {
    "name": "Require(9) node_modules/_egg-development@2.7.0@egg-development/config/config.default.js",
    "start": 1611386567116,
    "end": 1611386567116,
    "duration": 0,
    "pid": 1140,
    "index": 13
  },
  {
    "name": "Require(10) node_modules/_egg-logrotator@3.1.0@egg-logrotator/config/config.default.js",
    "start": 1611386567117,
    "end": 1611386567117,
    "duration": 0,
    "pid": 1140,
    "index": 14
  },
  {
    "name": "Require(11) node_modules/_egg-static@2.2.0@egg-static/config/config.default.js",
    "start": 1611386567118,
    "end": 1611386567118,
    "duration": 0,
    "pid": 1140,
    "index": 15
  },
  {
    "name": "Require(12) node_modules/_egg-view@2.1.3@egg-view/config/config.default.js",
    "start": 1611386567119,
    "end": 1611386567119,
    "duration": 0,
    "pid": 1140,
    "index": 16
  },
  {
    "name": "Require(13) node_modules/_egg-view-ejs@2.0.1@egg-view-ejs/config/config.default.js",
    "start": 1611386567120,
    "end": 1611386567120,
    "duration": 0,
    "pid": 1140,
    "index": 17
  },
  {
    "name": "Require(14) node_modules/_egg@2.29.1@egg/config/config.default.js",
    "start": 1611386567121,
    "end": 1611386567121,
    "duration": 0,
    "pid": 1140,
    "index": 18
  },
  {
    "name": "Require(15) config/config.default.js",
    "start": 1611386567123,
    "end": 1611386567123,
    "duration": 0,
    "pid": 1140,
    "index": 19
  },
  {
    "name": "Require(16) node_modules/_egg-security@2.8.0@egg-security/config/config.local.js",
    "start": 1611386567123,
    "end": 1611386567124,
    "duration": 1,
    "pid": 1140,
    "index": 20
  },
  {
    "name": "Require(17) node_modules/_egg-watcher@3.1.1@egg-watcher/config/config.local.js",
    "start": 1611386567125,
    "end": 1611386567125,
    "duration": 0,
    "pid": 1140,
    "index": 21
  },
  {
    "name": "Require(18) node_modules/_egg-view@2.1.3@egg-view/config/config.local.js",
    "start": 1611386567127,
    "end": 1611386567127,
    "duration": 0,
    "pid": 1140,
    "index": 22
  },
  {
    "name": "Require(19) node_modules/_egg-view-ejs@2.0.1@egg-view-ejs/config/config.local.js",
    "start": 1611386567127,
    "end": 1611386567128,
    "duration": 1,
    "pid": 1140,
    "index": 23
  },
  {
    "name": "Require(20) node_modules/_egg@2.29.1@egg/config/config.local.js",
    "start": 1611386567128,
    "end": 1611386567128,
    "duration": 0,
    "pid": 1140,
    "index": 24
  },
  {
    "name": "Load extend/application.js",
    "start": 1611386567130,
    "end": 1611386567148,
    "duration": 18,
    "pid": 1140,
    "index": 25
  },
  {
    "name": "Require(21) node_modules/_egg-session@3.2.0@egg-session/app/extend/application.js",
    "start": 1611386567130,
    "end": 1611386567131,
    "duration": 1,
    "pid": 1140,
    "index": 26
  },
  {
    "name": "Require(22) node_modules/_egg-security@2.8.0@egg-security/app/extend/application.js",
    "start": 1611386567131,
    "end": 1611386567133,
    "duration": 2,
    "pid": 1140,
    "index": 27
  },
  {
    "name": "Require(23) node_modules/_egg-jsonp@2.0.0@egg-jsonp/app/extend/application.js",
    "start": 1611386567133,
    "end": 1611386567136,
    "duration": 3,
    "pid": 1140,
    "index": 28
  },
  {
    "name": "Require(24) node_modules/_egg-logrotator@3.1.0@egg-logrotator/app/extend/application.js",
    "start": 1611386567138,
    "end": 1611386567141,
    "duration": 3,
    "pid": 1140,
    "index": 29
  },
  {
    "name": "Require(25) node_modules/_egg-view@2.1.3@egg-view/app/extend/application.js",
    "start": 1611386567141,
    "end": 1611386567144,
    "duration": 3,
    "pid": 1140,
    "index": 30
  },
  {
    "name": "Load extend/request.js",
    "start": 1611386567148,
    "end": 1611386567157,
    "duration": 9,
    "pid": 1140,
    "index": 31
  },
  {
    "name": "Require(26) node_modules/_egg@2.29.1@egg/app/extend/request.js",
    "start": 1611386567151,
    "end": 1611386567153,
    "duration": 2,
    "pid": 1140,
    "index": 32
  },
  {
    "name": "Load extend/response.js",
    "start": 1611386567157,
    "end": 1611386567167,
    "duration": 10,
    "pid": 1140,
    "index": 33
  },
  {
    "name": "Require(27) node_modules/_egg@2.29.1@egg/app/extend/response.js",
    "start": 1611386567161,
    "end": 1611386567164,
    "duration": 3,
    "pid": 1140,
    "index": 34
  },
  {
    "name": "Load extend/context.js",
    "start": 1611386567167,
    "end": 1611386567247,
    "duration": 80,
    "pid": 1140,
    "index": 35
  },
  {
    "name": "Require(28) node_modules/_egg-security@2.8.0@egg-security/app/extend/context.js",
    "start": 1611386567168,
    "end": 1611386567185,
    "duration": 17,
    "pid": 1140,
    "index": 36
  },
  {
    "name": "Require(29) node_modules/_egg-jsonp@2.0.0@egg-jsonp/app/extend/context.js",
    "start": 1611386567185,
    "end": 1611386567187,
    "duration": 2,
    "pid": 1140,
    "index": 37
  },
  {
    "name": "Require(30) node_modules/_egg-i18n@2.1.1@egg-i18n/app/extend/context.js",
    "start": 1611386567187,
    "end": 1611386567188,
    "duration": 1,
    "pid": 1140,
    "index": 38
  },
  {
    "name": "Require(31) node_modules/_egg-multipart@2.10.3@egg-multipart/app/extend/context.js",
    "start": 1611386567188,
    "end": 1611386567239,
    "duration": 51,
    "pid": 1140,
    "index": 39
  },
  {
    "name": "Require(32) node_modules/_egg-view@2.1.3@egg-view/app/extend/context.js",
    "start": 1611386567240,
    "end": 1611386567241,
    "duration": 1,
    "pid": 1140,
    "index": 40
  },
  {
    "name": "Require(33) node_modules/_egg@2.29.1@egg/app/extend/context.js",
    "start": 1611386567241,
    "end": 1611386567243,
    "duration": 2,
    "pid": 1140,
    "index": 41
  },
  {
    "name": "Load extend/helper.js",
    "start": 1611386567247,
    "end": 1611386567271,
    "duration": 24,
    "pid": 1140,
    "index": 42
  },
  {
    "name": "Require(34) node_modules/_egg-security@2.8.0@egg-security/app/extend/helper.js",
    "start": 1611386567247,
    "end": 1611386567265,
    "duration": 18,
    "pid": 1140,
    "index": 43
  },
  {
    "name": "Require(35) node_modules/_egg@2.29.1@egg/app/extend/helper.js",
    "start": 1611386567267,
    "end": 1611386567268,
    "duration": 1,
    "pid": 1140,
    "index": 44
  },
  {
    "name": "Load app.js",
    "start": 1611386567271,
    "end": 1611386567307,
    "duration": 36,
    "pid": 1140,
    "index": 45
  },
  {
    "name": "Require(36) node_modules/_egg-session@3.2.0@egg-session/app.js",
    "start": 1611386567271,
    "end": 1611386567272,
    "duration": 1,
    "pid": 1140,
    "index": 46
  },
  {
    "name": "Require(37) node_modules/_egg-security@2.8.0@egg-security/app.js",
    "start": 1611386567272,
    "end": 1611386567274,
    "duration": 2,
    "pid": 1140,
    "index": 47
  },
  {
    "name": "Require(38) node_modules/_egg-onerror@2.1.0@egg-onerror/app.js",
    "start": 1611386567275,
    "end": 1611386567286,
    "duration": 11,
    "pid": 1140,
    "index": 48
  },
  {
    "name": "Require(39) node_modules/_egg-i18n@2.1.1@egg-i18n/app.js",
    "start": 1611386567287,
    "end": 1611386567296,
    "duration": 9,
    "pid": 1140,
    "index": 49
  },
  {
    "name": "Require(40) node_modules/_egg-watcher@3.1.1@egg-watcher/app.js",
    "start": 1611386567296,
    "end": 1611386567300,
    "duration": 4,
    "pid": 1140,
    "index": 50
  },
  {
    "name": "Require(41) node_modules/_egg-schedule@3.6.6@egg-schedule/app.js",
    "start": 1611386567300,
    "end": 1611386567302,
    "duration": 2,
    "pid": 1140,
    "index": 51
  },
  {
    "name": "Require(42) node_modules/_egg-multipart@2.10.3@egg-multipart/app.js",
    "start": 1611386567302,
    "end": 1611386567303,
    "duration": 1,
    "pid": 1140,
    "index": 52
  },
  {
    "name": "Require(43) node_modules/_egg-development@2.7.0@egg-development/app.js",
    "start": 1611386567303,
    "end": 1611386567303,
    "duration": 0,
    "pid": 1140,
    "index": 53
  },
  {
    "name": "Require(44) node_modules/_egg-logrotator@3.1.0@egg-logrotator/app.js",
    "start": 1611386567304,
    "end": 1611386567304,
    "duration": 0,
    "pid": 1140,
    "index": 54
  },
  {
    "name": "Require(45) node_modules/_egg-static@2.2.0@egg-static/app.js",
    "start": 1611386567304,
    "end": 1611386567304,
    "duration": 0,
    "pid": 1140,
    "index": 55
  },
  {
    "name": "Require(46) node_modules/_egg-view-ejs@2.0.1@egg-view-ejs/app.js",
    "start": 1611386567305,
    "end": 1611386567305,
    "duration": 0,
    "pid": 1140,
    "index": 56
  },
  {
    "name": "Before Start in node_modules/_egg-watcher@3.1.1@egg-watcher/lib/init.js:15:14",
    "start": 1611386567315,
    "end": 1611386567494,
    "duration": 179,
    "pid": 1140,
    "index": 57
  },
  {
    "name": "Load Service",
    "start": 1611386567347,
    "end": 1611386567351,
    "duration": 4,
    "pid": 1140,
    "index": 58
  },
  {
    "name": "Load \"service\" to Context",
    "start": 1611386567347,
    "end": 1611386567351,
    "duration": 4,
    "pid": 1140,
    "index": 59
  },
  {
    "name": "Load Middleware",
    "start": 1611386567351,
    "end": 1611386567475,
    "duration": 124,
    "pid": 1140,
    "index": 60
  },
  {
    "name": "Load \"middlewares\" to Application",
    "start": 1611386567351,
    "end": 1611386567460,
    "duration": 109,
    "pid": 1140,
    "index": 61
  },
  {
    "name": "Load Controller",
    "start": 1611386567475,
    "end": 1611386567478,
    "duration": 3,
    "pid": 1140,
    "index": 62
  },
  {
    "name": "Load \"controller\" to Application",
    "start": 1611386567475,
    "end": 1611386567478,
    "duration": 3,
    "pid": 1140,
    "index": 63
  },
  {
    "name": "Load Router",
    "start": 1611386567478,
    "end": 1611386567480,
    "duration": 2,
    "pid": 1140,
    "index": 64
  },
  {
    "name": "Require(47) app/router.js",
    "start": 1611386567478,
    "end": 1611386567478,
    "duration": 0,
    "pid": 1140,
    "index": 65
  },
  {
    "name": "Before Start in node_modules/_egg-core@4.20.0@egg-core/lib/egg.js:303:10",
    "start": 1611386567479,
    "end": 1611386567486,
    "duration": 7,
    "pid": 1140,
    "index": 66
  }
]