[
  {
    "name": "Process Start",
    "start": 1611308883526,
    "end": 1611308884668,
    "duration": 1142,
    "pid": 10432,
    "index": 0
  },
  {
    "name": "Application Start",
    "start": 1611308884669,
    "end": 1611308885072,
    "duration": 403,
    "pid": 10432,
    "index": 1
  },
  {
    "name": "Load Plugin",
    "start": 1611308884673,
    "end": 1611308884693,
    "duration": 20,
    "pid": 10432,
    "index": 2
  },
  {
    "name": "Load Config",
    "start": 1611308884693,
    "end": 1611308884715,
    "duration": 22,
    "pid": 10432,
    "index": 3
  },
  {
    "name": "Require(0) config/config.default.js",
    "start": 1611308884693,
    "end": 1611308884694,
    "duration": 1,
    "pid": 10432,
    "index": 4
  },
  {
    "name": "Require(1) node_modules/_egg-session@3.2.0@egg-session/config/config.default.js",
    "start": 1611308884695,
    "end": 1611308884695,
    "duration": 0,
    "pid": 10432,
    "index": 5
  },
  {
    "name": "Require(2) node_modules/_egg-security@2.8.0@egg-security/config/config.default.js",
    "start": 1611308884696,
    "end": 1611308884696,
    "duration": 0,
    "pid": 10432,
    "index": 6
  },
  {
    "name": "Require(3) node_modules/_egg-jsonp@2.0.0@egg-jsonp/config/config.default.js",
    "start": 1611308884697,
    "end": 1611308884697,
    "duration": 0,
    "pid": 10432,
    "index": 7
  },
  {
    "name": "Require(4) node_modules/_egg-onerror@2.1.0@egg-onerror/config/config.default.js",
    "start": 1611308884698,
    "end": 1611308884698,
    "duration": 0,
    "pid": 10432,
    "index": 8
  },
  {
    "name": "Require(5) node_modules/_egg-i18n@2.1.1@egg-i18n/config/config.default.js",
    "start": 1611308884699,
    "end": 1611308884700,
    "duration": 1,
    "pid": 10432,
    "index": 9
  },
  {
    "name": "Require(6) node_modules/_egg-watcher@3.1.1@egg-watcher/config/config.default.js",
    "start": 1611308884702,
    "end": 1611308884702,
    "duration": 0,
    "pid": 10432,
    "index": 10
  },
  {
    "name": "Require(7) node_modules/_egg-schedule@3.6.6@egg-schedule/config/config.default.js",
    "start": 1611308884703,
    "end": 1611308884703,
    "duration": 0,
    "pid": 10432,
    "index": 11
  },
  {
    "name": "Require(8) node_modules/_egg-multipart@2.10.3@egg-multipart/config/config.default.js",
    "start": 1611308884704,
    "end": 1611308884704,
    "duration": 0,
    "pid": 10432,
    "index": 12
  },
  {
    "name": "Require(9) node_modules/_egg-development@2.7.0@egg-development/config/config.default.js",
    "start": 1611308884705,
    "end": 1611308884705,
    "duration": 0,
    "pid": 10432,
    "index": 13
  },
  {
    "name": "Require(10) node_modules/_egg-logrotator@3.1.0@egg-logrotator/config/config.default.js",
    "start": 1611308884705,
    "end": 1611308884706,
    "duration": 1,
    "pid": 10432,
    "index": 14
  },
  {
    "name": "Require(11) node_modules/_egg-static@2.2.0@egg-static/config/config.default.js",
    "start": 1611308884706,
    "end": 1611308884706,
    "duration": 0,
    "pid": 10432,
    "index": 15
  },
  {
    "name": "Require(12) node_modules/_egg-view@2.1.3@egg-view/config/config.default.js",
    "start": 1611308884707,
    "end": 1611308884707,
    "duration": 0,
    "pid": 10432,
    "index": 16
  },
  {
    "name": "Require(13) node_modules/_egg-view-ejs@2.0.1@egg-view-ejs/config/config.default.js",
    "start": 1611308884708,
    "end": 1611308884708,
    "duration": 0,
    "pid": 10432,
    "index": 17
  },
  {
    "name": "Require(14) node_modules/_egg@2.29.1@egg/config/config.default.js",
    "start": 1611308884709,
    "end": 1611308884709,
    "duration": 0,
    "pid": 10432,
    "index": 18
  },
  {
    "name": "Require(15) config/config.default.js",
    "start": 1611308884711,
    "end": 1611308884711,
    "duration": 0,
    "pid": 10432,
    "index": 19
  },
  {
    "name": "Require(16) node_modules/_egg-security@2.8.0@egg-security/config/config.local.js",
    "start": 1611308884711,
    "end": 1611308884712,
    "duration": 1,
    "pid": 10432,
    "index": 20
  },
  {
    "name": "Require(17) node_modules/_egg-watcher@3.1.1@egg-watcher/config/config.local.js",
    "start": 1611308884712,
    "end": 1611308884713,
    "duration": 1,
    "pid": 10432,
    "index": 21
  },
  {
    "name": "Require(18) node_modules/_egg-view@2.1.3@egg-view/config/config.local.js",
    "start": 1611308884714,
    "end": 1611308884714,
    "duration": 0,
    "pid": 10432,
    "index": 22
  },
  {
    "name": "Require(19) node_modules/_egg-view-ejs@2.0.1@egg-view-ejs/config/config.local.js",
    "start": 1611308884714,
    "end": 1611308884715,
    "duration": 1,
    "pid": 10432,
    "index": 23
  },
  {
    "name": "Require(20) node_modules/_egg@2.29.1@egg/config/config.local.js",
    "start": 1611308884715,
    "end": 1611308884715,
    "duration": 0,
    "pid": 10432,
    "index": 24
  },
  {
    "name": "Load extend/application.js",
    "start": 1611308884717,
    "end": 1611308884732,
    "duration": 15,
    "pid": 10432,
    "index": 25
  },
  {
    "name": "Require(21) node_modules/_egg-session@3.2.0@egg-session/app/extend/application.js",
    "start": 1611308884718,
    "end": 1611308884718,
    "duration": 0,
    "pid": 10432,
    "index": 26
  },
  {
    "name": "Require(22) node_modules/_egg-security@2.8.0@egg-security/app/extend/application.js",
    "start": 1611308884719,
    "end": 1611308884720,
    "duration": 1,
    "pid": 10432,
    "index": 27
  },
  {
    "name": "Require(23) node_modules/_egg-jsonp@2.0.0@egg-jsonp/app/extend/application.js",
    "start": 1611308884720,
    "end": 1611308884722,
    "duration": 2,
    "pid": 10432,
    "index": 28
  },
  {
    "name": "Require(24) node_modules/_egg-logrotator@3.1.0@egg-logrotator/app/extend/application.js",
    "start": 1611308884724,
    "end": 1611308884726,
    "duration": 2,
    "pid": 10432,
    "index": 29
  },
  {
    "name": "Require(25) node_modules/_egg-view@2.1.3@egg-view/app/extend/application.js",
    "start": 1611308884727,
    "end": 1611308884729,
    "duration": 2,
    "pid": 10432,
    "index": 30
  },
  {
    "name": "Load extend/request.js",
    "start": 1611308884732,
    "end": 1611308884741,
    "duration": 9,
    "pid": 10432,
    "index": 31
  },
  {
    "name": "Require(26) node_modules/_egg@2.29.1@egg/app/extend/request.js",
    "start": 1611308884736,
    "end": 1611308884738,
    "duration": 2,
    "pid": 10432,
    "index": 32
  },
  {
    "name": "Load extend/response.js",
    "start": 1611308884741,
    "end": 1611308884752,
    "duration": 11,
    "pid": 10432,
    "index": 33
  },
  {
    "name": "Require(27) node_modules/_egg@2.29.1@egg/app/extend/response.js",
    "start": 1611308884745,
    "end": 1611308884748,
    "duration": 3,
    "pid": 10432,
    "index": 34
  },
  {
    "name": "Load extend/context.js",
    "start": 1611308884752,
    "end": 1611308884827,
    "duration": 75,
    "pid": 10432,
    "index": 35
  },
  {
    "name": "Require(28) node_modules/_egg-security@2.8.0@egg-security/app/extend/context.js",
    "start": 1611308884752,
    "end": 1611308884769,
    "duration": 17,
    "pid": 10432,
    "index": 36
  },
  {
    "name": "Require(29) node_modules/_egg-jsonp@2.0.0@egg-jsonp/app/extend/context.js",
    "start": 1611308884769,
    "end": 1611308884771,
    "duration": 2,
    "pid": 10432,
    "index": 37
  },
  {
    "name": "Require(30) node_modules/_egg-i18n@2.1.1@egg-i18n/app/extend/context.js",
    "start": 1611308884771,
    "end": 1611308884772,
    "duration": 1,
    "pid": 10432,
    "index": 38
  },
  {
    "name": "Require(31) node_modules/_egg-multipart@2.10.3@egg-multipart/app/extend/context.js",
    "start": 1611308884772,
    "end": 1611308884821,
    "duration": 49,
    "pid": 10432,
    "index": 39
  },
  {
    "name": "Require(32) node_modules/_egg-view@2.1.3@egg-view/app/extend/context.js",
    "start": 1611308884822,
    "end": 1611308884823,
    "duration": 1,
    "pid": 10432,
    "index": 40
  },
  {
    "name": "Require(33) node_modules/_egg@2.29.1@egg/app/extend/context.js",
    "start": 1611308884823,
    "end": 1611308884824,
    "duration": 1,
    "pid": 10432,
    "index": 41
  },
  {
    "name": "Load extend/helper.js",
    "start": 1611308884827,
    "end": 1611308884850,
    "duration": 23,
    "pid": 10432,
    "index": 42
  },
  {
    "name": "Require(34) node_modules/_egg-security@2.8.0@egg-security/app/extend/helper.js",
    "start": 1611308884828,
    "end": 1611308884844,
    "duration": 16,
    "pid": 10432,
    "index": 43
  },
  {
    "name": "Require(35) node_modules/_egg@2.29.1@egg/app/extend/helper.js",
    "start": 1611308884846,
    "end": 1611308884846,
    "duration": 0,
    "pid": 10432,
    "index": 44
  },
  {
    "name": "Load app.js",
    "start": 1611308884851,
    "end": 1611308884883,
    "duration": 32,
    "pid": 10432,
    "index": 45
  },
  {
    "name": "Require(36) node_modules/_egg-session@3.2.0@egg-session/app.js",
    "start": 1611308884851,
    "end": 1611308884851,
    "duration": 0,
    "pid": 10432,
    "index": 46
  },
  {
    "name": "Require(37) node_modules/_egg-security@2.8.0@egg-security/app.js",
    "start": 1611308884852,
    "end": 1611308884853,
    "duration": 1,
    "pid": 10432,
    "index": 47
  },
  {
    "name": "Require(38) node_modules/_egg-onerror@2.1.0@egg-onerror/app.js",
    "start": 1611308884854,
    "end": 1611308884863,
    "duration": 9,
    "pid": 10432,
    "index": 48
  },
  {
    "name": "Require(39) node_modules/_egg-i18n@2.1.1@egg-i18n/app.js",
    "start": 1611308884864,
    "end": 1611308884872,
    "duration": 8,
    "pid": 10432,
    "index": 49
  },
  {
    "name": "Require(40) node_modules/_egg-watcher@3.1.1@egg-watcher/app.js",
    "start": 1611308884873,
    "end": 1611308884877,
    "duration": 4,
    "pid": 10432,
    "index": 50
  },
  {
    "name": "Require(41) node_modules/_egg-schedule@3.6.6@egg-schedule/app.js",
    "start": 1611308884877,
    "end": 1611308884879,
    "duration": 2,
    "pid": 10432,
    "index": 51
  },
  {
    "name": "Require(42) node_modules/_egg-multipart@2.10.3@egg-multipart/app.js",
    "start": 1611308884879,
    "end": 1611308884880,
    "duration": 1,
    "pid": 10432,
    "index": 52
  },
  {
    "name": "Require(43) node_modules/_egg-development@2.7.0@egg-development/app.js",
    "start": 1611308884880,
    "end": 1611308884880,
    "duration": 0,
    "pid": 10432,
    "index": 53
  },
  {
    "name": "Require(44) node_modules/_egg-logrotator@3.1.0@egg-logrotator/app.js",
    "start": 1611308884881,
    "end": 1611308884881,
    "duration": 0,
    "pid": 10432,
    "index": 54
  },
  {
    "name": "Require(45) node_modules/_egg-static@2.2.0@egg-static/app.js",
    "start": 1611308884881,
    "end": 1611308884881,
    "duration": 0,
    "pid": 10432,
    "index": 55
  },
  {
    "name": "Require(46) node_modules/_egg-view-ejs@2.0.1@egg-view-ejs/app.js",
    "start": 1611308884882,
    "end": 1611308884882,
    "duration": 0,
    "pid": 10432,
    "index": 56
  },
  {
    "name": "Before Start in node_modules/_egg-watcher@3.1.1@egg-watcher/lib/init.js:15:14",
    "start": 1611308884890,
    "end": 1611308885072,
    "duration": 182,
    "pid": 10432,
    "index": 57
  },
  {
    "name": "Load Service",
    "start": 1611308884922,
    "end": 1611308884926,
    "duration": 4,
    "pid": 10432,
    "index": 58
  },
  {
    "name": "Load \"service\" to Context",
    "start": 1611308884922,
    "end": 1611308884926,
    "duration": 4,
    "pid": 10432,
    "index": 59
  },
  {
    "name": "Load Middleware",
    "start": 1611308884926,
    "end": 1611308885057,
    "duration": 131,
    "pid": 10432,
    "index": 60
  },
  {
    "name": "Load \"middlewares\" to Application",
    "start": 1611308884926,
    "end": 1611308885041,
    "duration": 115,
    "pid": 10432,
    "index": 61
  },
  {
    "name": "Load Controller",
    "start": 1611308885057,
    "end": 1611308885059,
    "duration": 2,
    "pid": 10432,
    "index": 62
  },
  {
    "name": "Load \"controller\" to Application",
    "start": 1611308885057,
    "end": 1611308885059,
    "duration": 2,
    "pid": 10432,
    "index": 63
  },
  {
    "name": "Load Router",
    "start": 1611308885059,
    "end": 1611308885060,
    "duration": 1,
    "pid": 10432,
    "index": 64
  },
  {
    "name": "Require(47) app/router.js",
    "start": 1611308885059,
    "end": 1611308885059,
    "duration": 0,
    "pid": 10432,
    "index": 65
  },
  {
    "name": "Before Start in node_modules/_egg-core@4.20.0@egg-core/lib/egg.js:303:10",
    "start": 1611308885059,
    "end": 1611308885066,
    "duration": 7,
    "pid": 10432,
    "index": 66
  }
]