[
  {
    "name": "Process Start",
    "start": 1611308848875,
    "end": 1611308849944,
    "duration": 1069,
    "pid": 14132,
    "index": 0
  },
  {
    "name": "Application Start",
    "start": 1611308849945,
    "end": 1611308850384,
    "duration": 439,
    "pid": 14132,
    "index": 1
  },
  {
    "name": "Load Plugin",
    "start": 1611308849948,
    "end": 1611308849967,
    "duration": 19,
    "pid": 14132,
    "index": 2
  },
  {
    "name": "Load Config",
    "start": 1611308849967,
    "end": 1611308849990,
    "duration": 23,
    "pid": 14132,
    "index": 3
  },
  {
    "name": "Require(0) config/config.default.js",
    "start": 1611308849967,
    "end": 1611308849968,
    "duration": 1,
    "pid": 14132,
    "index": 4
  },
  {
    "name": "Require(1) node_modules/_egg-session@3.2.0@egg-session/config/config.default.js",
    "start": 1611308849969,
    "end": 1611308849969,
    "duration": 0,
    "pid": 14132,
    "index": 5
  },
  {
    "name": "Require(2) node_modules/_egg-security@2.8.0@egg-security/config/config.default.js",
    "start": 1611308849970,
    "end": 1611308849971,
    "duration": 1,
    "pid": 14132,
    "index": 6
  },
  {
    "name": "Require(3) node_modules/_egg-jsonp@2.0.0@egg-jsonp/config/config.default.js",
    "start": 1611308849972,
    "end": 1611308849973,
    "duration": 1,
    "pid": 14132,
    "index": 7
  },
  {
    "name": "Require(4) node_modules/_egg-onerror@2.1.0@egg-onerror/config/config.default.js",
    "start": 1611308849973,
    "end": 1611308849974,
    "duration": 1,
    "pid": 14132,
    "index": 8
  },
  {
    "name": "Require(5) node_modules/_egg-i18n@2.1.1@egg-i18n/config/config.default.js",
    "start": 1611308849974,
    "end": 1611308849974,
    "duration": 0,
    "pid": 14132,
    "index": 9
  },
  {
    "name": "Require(6) node_modules/_egg-watcher@3.1.1@egg-watcher/config/config.default.js",
    "start": 1611308849975,
    "end": 1611308849976,
    "duration": 1,
    "pid": 14132,
    "index": 10
  },
  {
    "name": "Require(7) node_modules/_egg-schedule@3.6.6@egg-schedule/config/config.default.js",
    "start": 1611308849976,
    "end": 1611308849977,
    "duration": 1,
    "pid": 14132,
    "index": 11
  },
  {
    "name": "Require(8) node_modules/_egg-multipart@2.10.3@egg-multipart/config/config.default.js",
    "start": 1611308849977,
    "end": 1611308849977,
    "duration": 0,
    "pid": 14132,
    "index": 12
  },
  {
    "name": "Require(9) node_modules/_egg-development@2.7.0@egg-development/config/config.default.js",
    "start": 1611308849978,
    "end": 1611308849978,
    "duration": 0,
    "pid": 14132,
    "index": 13
  },
  {
    "name": "Require(10) node_modules/_egg-logrotator@3.1.0@egg-logrotator/config/config.default.js",
    "start": 1611308849979,
    "end": 1611308849979,
    "duration": 0,
    "pid": 14132,
    "index": 14
  },
  {
    "name": "Require(11) node_modules/_egg-static@2.2.0@egg-static/config/config.default.js",
    "start": 1611308849980,
    "end": 1611308849980,
    "duration": 0,
    "pid": 14132,
    "index": 15
  },
  {
    "name": "Require(12) node_modules/_egg-view@2.1.3@egg-view/config/config.default.js",
    "start": 1611308849981,
    "end": 1611308849981,
    "duration": 0,
    "pid": 14132,
    "index": 16
  },
  {
    "name": "Require(13) node_modules/_egg-view-ejs@2.0.1@egg-view-ejs/config/config.default.js",
    "start": 1611308849982,
    "end": 1611308849982,
    "duration": 0,
    "pid": 14132,
    "index": 17
  },
  {
    "name": "Require(14) node_modules/_egg@2.29.1@egg/config/config.default.js",
    "start": 1611308849982,
    "end": 1611308849983,
    "duration": 1,
    "pid": 14132,
    "index": 18
  },
  {
    "name": "Require(15) config/config.default.js",
    "start": 1611308849984,
    "end": 1611308849984,
    "duration": 0,
    "pid": 14132,
    "index": 19
  },
  {
    "name": "Require(16) node_modules/_egg-security@2.8.0@egg-security/config/config.local.js",
    "start": 1611308849985,
    "end": 1611308849985,
    "duration": 0,
    "pid": 14132,
    "index": 20
  },
  {
    "name": "Require(17) node_modules/_egg-watcher@3.1.1@egg-watcher/config/config.local.js",
    "start": 1611308849986,
    "end": 1611308849986,
    "duration": 0,
    "pid": 14132,
    "index": 21
  },
  {
    "name": "Require(18) node_modules/_egg-view@2.1.3@egg-view/config/config.local.js",
    "start": 1611308849988,
    "end": 1611308849989,
    "duration": 1,
    "pid": 14132,
    "index": 22
  },
  {
    "name": "Require(19) node_modules/_egg-view-ejs@2.0.1@egg-view-ejs/config/config.local.js",
    "start": 1611308849989,
    "end": 1611308849989,
    "duration": 0,
    "pid": 14132,
    "index": 23
  },
  {
    "name": "Require(20) node_modules/_egg@2.29.1@egg/config/config.local.js",
    "start": 1611308849990,
    "end": 1611308849990,
    "duration": 0,
    "pid": 14132,
    "index": 24
  },
  {
    "name": "Load extend/application.js",
    "start": 1611308849991,
    "end": 1611308850007,
    "duration": 16,
    "pid": 14132,
    "index": 25
  },
  {
    "name": "Require(21) node_modules/_egg-session@3.2.0@egg-session/app/extend/application.js",
    "start": 1611308849992,
    "end": 1611308849992,
    "duration": 0,
    "pid": 14132,
    "index": 26
  },
  {
    "name": "Require(22) node_modules/_egg-security@2.8.0@egg-security/app/extend/application.js",
    "start": 1611308849993,
    "end": 1611308849994,
    "duration": 1,
    "pid": 14132,
    "index": 27
  },
  {
    "name": "Require(23) node_modules/_egg-jsonp@2.0.0@egg-jsonp/app/extend/application.js",
    "start": 1611308849994,
    "end": 1611308849996,
    "duration": 2,
    "pid": 14132,
    "index": 28
  },
  {
    "name": "Require(24) node_modules/_egg-logrotator@3.1.0@egg-logrotator/app/extend/application.js",
    "start": 1611308849998,
    "end": 1611308850001,
    "duration": 3,
    "pid": 14132,
    "index": 29
  },
  {
    "name": "Require(25) node_modules/_egg-view@2.1.3@egg-view/app/extend/application.js",
    "start": 1611308850001,
    "end": 1611308850004,
    "duration": 3,
    "pid": 14132,
    "index": 30
  },
  {
    "name": "Load extend/request.js",
    "start": 1611308850007,
    "end": 1611308850017,
    "duration": 10,
    "pid": 14132,
    "index": 31
  },
  {
    "name": "Require(26) node_modules/_egg@2.29.1@egg/app/extend/request.js",
    "start": 1611308850010,
    "end": 1611308850012,
    "duration": 2,
    "pid": 14132,
    "index": 32
  },
  {
    "name": "Load extend/response.js",
    "start": 1611308850017,
    "end": 1611308850028,
    "duration": 11,
    "pid": 14132,
    "index": 33
  },
  {
    "name": "Require(27) node_modules/_egg@2.29.1@egg/app/extend/response.js",
    "start": 1611308850020,
    "end": 1611308850023,
    "duration": 3,
    "pid": 14132,
    "index": 34
  },
  {
    "name": "Load extend/context.js",
    "start": 1611308850028,
    "end": 1611308850105,
    "duration": 77,
    "pid": 14132,
    "index": 35
  },
  {
    "name": "Require(28) node_modules/_egg-security@2.8.0@egg-security/app/extend/context.js",
    "start": 1611308850029,
    "end": 1611308850048,
    "duration": 19,
    "pid": 14132,
    "index": 36
  },
  {
    "name": "Require(29) node_modules/_egg-jsonp@2.0.0@egg-jsonp/app/extend/context.js",
    "start": 1611308850048,
    "end": 1611308850050,
    "duration": 2,
    "pid": 14132,
    "index": 37
  },
  {
    "name": "Require(30) node_modules/_egg-i18n@2.1.1@egg-i18n/app/extend/context.js",
    "start": 1611308850050,
    "end": 1611308850051,
    "duration": 1,
    "pid": 14132,
    "index": 38
  },
  {
    "name": "Require(31) node_modules/_egg-multipart@2.10.3@egg-multipart/app/extend/context.js",
    "start": 1611308850051,
    "end": 1611308850098,
    "duration": 47,
    "pid": 14132,
    "index": 39
  },
  {
    "name": "Require(32) node_modules/_egg-view@2.1.3@egg-view/app/extend/context.js",
    "start": 1611308850099,
    "end": 1611308850100,
    "duration": 1,
    "pid": 14132,
    "index": 40
  },
  {
    "name": "Require(33) node_modules/_egg@2.29.1@egg/app/extend/context.js",
    "start": 1611308850100,
    "end": 1611308850101,
    "duration": 1,
    "pid": 14132,
    "index": 41
  },
  {
    "name": "Load extend/helper.js",
    "start": 1611308850105,
    "end": 1611308850128,
    "duration": 23,
    "pid": 14132,
    "index": 42
  },
  {
    "name": "Require(34) node_modules/_egg-security@2.8.0@egg-security/app/extend/helper.js",
    "start": 1611308850106,
    "end": 1611308850123,
    "duration": 17,
    "pid": 14132,
    "index": 43
  },
  {
    "name": "Require(35) node_modules/_egg@2.29.1@egg/app/extend/helper.js",
    "start": 1611308850125,
    "end": 1611308850125,
    "duration": 0,
    "pid": 14132,
    "index": 44
  },
  {
    "name": "Load app.js",
    "start": 1611308850128,
    "end": 1611308850164,
    "duration": 36,
    "pid": 14132,
    "index": 45
  },
  {
    "name": "Require(36) node_modules/_egg-session@3.2.0@egg-session/app.js",
    "start": 1611308850129,
    "end": 1611308850129,
    "duration": 0,
    "pid": 14132,
    "index": 46
  },
  {
    "name": "Require(37) node_modules/_egg-security@2.8.0@egg-security/app.js",
    "start": 1611308850129,
    "end": 1611308850131,
    "duration": 2,
    "pid": 14132,
    "index": 47
  },
  {
    "name": "Require(38) node_modules/_egg-onerror@2.1.0@egg-onerror/app.js",
    "start": 1611308850132,
    "end": 1611308850144,
    "duration": 12,
    "pid": 14132,
    "index": 48
  },
  {
    "name": "Require(39) node_modules/_egg-i18n@2.1.1@egg-i18n/app.js",
    "start": 1611308850144,
    "end": 1611308850151,
    "duration": 7,
    "pid": 14132,
    "index": 49
  },
  {
    "name": "Require(40) node_modules/_egg-watcher@3.1.1@egg-watcher/app.js",
    "start": 1611308850152,
    "end": 1611308850156,
    "duration": 4,
    "pid": 14132,
    "index": 50
  },
  {
    "name": "Require(41) node_modules/_egg-schedule@3.6.6@egg-schedule/app.js",
    "start": 1611308850157,
    "end": 1611308850159,
    "duration": 2,
    "pid": 14132,
    "index": 51
  },
  {
    "name": "Require(42) node_modules/_egg-multipart@2.10.3@egg-multipart/app.js",
    "start": 1611308850160,
    "end": 1611308850160,
    "duration": 0,
    "pid": 14132,
    "index": 52
  },
  {
    "name": "Require(43) node_modules/_egg-development@2.7.0@egg-development/app.js",
    "start": 1611308850160,
    "end": 1611308850161,
    "duration": 1,
    "pid": 14132,
    "index": 53
  },
  {
    "name": "Require(44) node_modules/_egg-logrotator@3.1.0@egg-logrotator/app.js",
    "start": 1611308850161,
    "end": 1611308850161,
    "duration": 0,
    "pid": 14132,
    "index": 54
  },
  {
    "name": "Require(45) node_modules/_egg-static@2.2.0@egg-static/app.js",
    "start": 1611308850162,
    "end": 1611308850162,
    "duration": 0,
    "pid": 14132,
    "index": 55
  },
  {
    "name": "Require(46) node_modules/_egg-view-ejs@2.0.1@egg-view-ejs/app.js",
    "start": 1611308850163,
    "end": 1611308850163,
    "duration": 0,
    "pid": 14132,
    "index": 56
  },
  {
    "name": "Before Start in node_modules/_egg-watcher@3.1.1@egg-watcher/lib/init.js:15:14",
    "start": 1611308850172,
    "end": 1611308850384,
    "duration": 212,
    "pid": 14132,
    "index": 57
  },
  {
    "name": "Load Service",
    "start": 1611308850216,
    "end": 1611308850222,
    "duration": 6,
    "pid": 14132,
    "index": 58
  },
  {
    "name": "Load \"service\" to Context",
    "start": 1611308850216,
    "end": 1611308850222,
    "duration": 6,
    "pid": 14132,
    "index": 59
  },
  {
    "name": "Load Middleware",
    "start": 1611308850223,
    "end": 1611308850365,
    "duration": 142,
    "pid": 14132,
    "index": 60
  },
  {
    "name": "Load \"middlewares\" to Application",
    "start": 1611308850223,
    "end": 1611308850349,
    "duration": 126,
    "pid": 14132,
    "index": 61
  },
  {
    "name": "Load Controller",
    "start": 1611308850365,
    "end": 1611308850367,
    "duration": 2,
    "pid": 14132,
    "index": 62
  },
  {
    "name": "Load \"controller\" to Application",
    "start": 1611308850365,
    "end": 1611308850367,
    "duration": 2,
    "pid": 14132,
    "index": 63
  },
  {
    "name": "Load Router",
    "start": 1611308850367,
    "end": 1611308850369,
    "duration": 2,
    "pid": 14132,
    "index": 64
  },
  {
    "name": "Require(47) app/router.js",
    "start": 1611308850368,
    "end": 1611308850368,
    "duration": 0,
    "pid": 14132,
    "index": 65
  },
  {
    "name": "Before Start in node_modules/_egg-core@4.20.0@egg-core/lib/egg.js:303:10",
    "start": 1611308850368,
    "end": 1611308850376,
    "duration": 8,
    "pid": 14132,
    "index": 66
  }
]