[
  {
    "name": "Process Start",
    "start": 1611308880585,
    "end": 1611308881608,
    "duration": 1023,
    "pid": 9428,
    "index": 0
  },
  {
    "name": "Application Start",
    "start": 1611308881608,
    "end": 1611308882008,
    "duration": 400,
    "pid": 9428,
    "index": 1
  },
  {
    "name": "Load Plugin",
    "start": 1611308881613,
    "end": 1611308881639,
    "duration": 26,
    "pid": 9428,
    "index": 2
  },
  {
    "name": "Load Config",
    "start": 1611308881639,
    "end": 1611308881664,
    "duration": 25,
    "pid": 9428,
    "index": 3
  },
  {
    "name": "Require(0) config/config.default.js",
    "start": 1611308881640,
    "end": 1611308881641,
    "duration": 1,
    "pid": 9428,
    "index": 4
  },
  {
    "name": "Require(1) node_modules/_egg-session@3.2.0@egg-session/config/config.default.js",
    "start": 1611308881643,
    "end": 1611308881644,
    "duration": 1,
    "pid": 9428,
    "index": 5
  },
  {
    "name": "Require(2) node_modules/_egg-security@2.8.0@egg-security/config/config.default.js",
    "start": 1611308881644,
    "end": 1611308881645,
    "duration": 1,
    "pid": 9428,
    "index": 6
  },
  {
    "name": "Require(3) node_modules/_egg-jsonp@2.0.0@egg-jsonp/config/config.default.js",
    "start": 1611308881646,
    "end": 1611308881647,
    "duration": 1,
    "pid": 9428,
    "index": 7
  },
  {
    "name": "Require(4) node_modules/_egg-onerror@2.1.0@egg-onerror/config/config.default.js",
    "start": 1611308881647,
    "end": 1611308881648,
    "duration": 1,
    "pid": 9428,
    "index": 8
  },
  {
    "name": "Require(5) node_modules/_egg-i18n@2.1.1@egg-i18n/config/config.default.js",
    "start": 1611308881649,
    "end": 1611308881649,
    "duration": 0,
    "pid": 9428,
    "index": 9
  },
  {
    "name": "Require(6) node_modules/_egg-watcher@3.1.1@egg-watcher/config/config.default.js",
    "start": 1611308881650,
    "end": 1611308881651,
    "duration": 1,
    "pid": 9428,
    "index": 10
  },
  {
    "name": "Require(7) node_modules/_egg-schedule@3.6.6@egg-schedule/config/config.default.js",
    "start": 1611308881651,
    "end": 1611308881652,
    "duration": 1,
    "pid": 9428,
    "index": 11
  },
  {
    "name": "Require(8) node_modules/_egg-multipart@2.10.3@egg-multipart/config/config.default.js",
    "start": 1611308881652,
    "end": 1611308881653,
    "duration": 1,
    "pid": 9428,
    "index": 12
  },
  {
    "name": "Require(9) node_modules/_egg-development@2.7.0@egg-development/config/config.default.js",
    "start": 1611308881654,
    "end": 1611308881654,
    "duration": 0,
    "pid": 9428,
    "index": 13
  },
  {
    "name": "Require(10) node_modules/_egg-logrotator@3.1.0@egg-logrotator/config/config.default.js",
    "start": 1611308881654,
    "end": 1611308881655,
    "duration": 1,
    "pid": 9428,
    "index": 14
  },
  {
    "name": "Require(11) node_modules/_egg-static@2.2.0@egg-static/config/config.default.js",
    "start": 1611308881655,
    "end": 1611308881656,
    "duration": 1,
    "pid": 9428,
    "index": 15
  },
  {
    "name": "Require(12) node_modules/_egg-view@2.1.3@egg-view/config/config.default.js",
    "start": 1611308881656,
    "end": 1611308881657,
    "duration": 1,
    "pid": 9428,
    "index": 16
  },
  {
    "name": "Require(13) node_modules/_egg-view-ejs@2.0.1@egg-view-ejs/config/config.default.js",
    "start": 1611308881657,
    "end": 1611308881658,
    "duration": 1,
    "pid": 9428,
    "index": 17
  },
  {
    "name": "Require(14) node_modules/_egg@2.29.1@egg/config/config.default.js",
    "start": 1611308881658,
    "end": 1611308881658,
    "duration": 0,
    "pid": 9428,
    "index": 18
  },
  {
    "name": "Require(15) config/config.default.js",
    "start": 1611308881659,
    "end": 1611308881659,
    "duration": 0,
    "pid": 9428,
    "index": 19
  },
  {
    "name": "Require(16) node_modules/_egg-security@2.8.0@egg-security/config/config.local.js",
    "start": 1611308881660,
    "end": 1611308881660,
    "duration": 0,
    "pid": 9428,
    "index": 20
  },
  {
    "name": "Require(17) node_modules/_egg-watcher@3.1.1@egg-watcher/config/config.local.js",
    "start": 1611308881661,
    "end": 1611308881661,
    "duration": 0,
    "pid": 9428,
    "index": 21
  },
  {
    "name": "Require(18) node_modules/_egg-view@2.1.3@egg-view/config/config.local.js",
    "start": 1611308881663,
    "end": 1611308881663,
    "duration": 0,
    "pid": 9428,
    "index": 22
  },
  {
    "name": "Require(19) node_modules/_egg-view-ejs@2.0.1@egg-view-ejs/config/config.local.js",
    "start": 1611308881663,
    "end": 1611308881663,
    "duration": 0,
    "pid": 9428,
    "index": 23
  },
  {
    "name": "Require(20) node_modules/_egg@2.29.1@egg/config/config.local.js",
    "start": 1611308881664,
    "end": 1611308881664,
    "duration": 0,
    "pid": 9428,
    "index": 24
  },
  {
    "name": "Load extend/application.js",
    "start": 1611308881665,
    "end": 1611308881680,
    "duration": 15,
    "pid": 9428,
    "index": 25
  },
  {
    "name": "Require(21) node_modules/_egg-session@3.2.0@egg-session/app/extend/application.js",
    "start": 1611308881666,
    "end": 1611308881666,
    "duration": 0,
    "pid": 9428,
    "index": 26
  },
  {
    "name": "Require(22) node_modules/_egg-security@2.8.0@egg-security/app/extend/application.js",
    "start": 1611308881666,
    "end": 1611308881668,
    "duration": 2,
    "pid": 9428,
    "index": 27
  },
  {
    "name": "Require(23) node_modules/_egg-jsonp@2.0.0@egg-jsonp/app/extend/application.js",
    "start": 1611308881668,
    "end": 1611308881670,
    "duration": 2,
    "pid": 9428,
    "index": 28
  },
  {
    "name": "Require(24) node_modules/_egg-logrotator@3.1.0@egg-logrotator/app/extend/application.js",
    "start": 1611308881672,
    "end": 1611308881674,
    "duration": 2,
    "pid": 9428,
    "index": 29
  },
  {
    "name": "Require(25) node_modules/_egg-view@2.1.3@egg-view/app/extend/application.js",
    "start": 1611308881675,
    "end": 1611308881677,
    "duration": 2,
    "pid": 9428,
    "index": 30
  },
  {
    "name": "Load extend/request.js",
    "start": 1611308881680,
    "end": 1611308881687,
    "duration": 7,
    "pid": 9428,
    "index": 31
  },
  {
    "name": "Require(26) node_modules/_egg@2.29.1@egg/app/extend/request.js",
    "start": 1611308881682,
    "end": 1611308881684,
    "duration": 2,
    "pid": 9428,
    "index": 32
  },
  {
    "name": "Load extend/response.js",
    "start": 1611308881687,
    "end": 1611308881697,
    "duration": 10,
    "pid": 9428,
    "index": 33
  },
  {
    "name": "Require(27) node_modules/_egg@2.29.1@egg/app/extend/response.js",
    "start": 1611308881691,
    "end": 1611308881694,
    "duration": 3,
    "pid": 9428,
    "index": 34
  },
  {
    "name": "Load extend/context.js",
    "start": 1611308881697,
    "end": 1611308881765,
    "duration": 68,
    "pid": 9428,
    "index": 35
  },
  {
    "name": "Require(28) node_modules/_egg-security@2.8.0@egg-security/app/extend/context.js",
    "start": 1611308881697,
    "end": 1611308881710,
    "duration": 13,
    "pid": 9428,
    "index": 36
  },
  {
    "name": "Require(29) node_modules/_egg-jsonp@2.0.0@egg-jsonp/app/extend/context.js",
    "start": 1611308881710,
    "end": 1611308881712,
    "duration": 2,
    "pid": 9428,
    "index": 37
  },
  {
    "name": "Require(30) node_modules/_egg-i18n@2.1.1@egg-i18n/app/extend/context.js",
    "start": 1611308881712,
    "end": 1611308881713,
    "duration": 1,
    "pid": 9428,
    "index": 38
  },
  {
    "name": "Require(31) node_modules/_egg-multipart@2.10.3@egg-multipart/app/extend/context.js",
    "start": 1611308881713,
    "end": 1611308881759,
    "duration": 46,
    "pid": 9428,
    "index": 39
  },
  {
    "name": "Require(32) node_modules/_egg-view@2.1.3@egg-view/app/extend/context.js",
    "start": 1611308881760,
    "end": 1611308881761,
    "duration": 1,
    "pid": 9428,
    "index": 40
  },
  {
    "name": "Require(33) node_modules/_egg@2.29.1@egg/app/extend/context.js",
    "start": 1611308881761,
    "end": 1611308881762,
    "duration": 1,
    "pid": 9428,
    "index": 41
  },
  {
    "name": "Load extend/helper.js",
    "start": 1611308881765,
    "end": 1611308881788,
    "duration": 23,
    "pid": 9428,
    "index": 42
  },
  {
    "name": "Require(34) node_modules/_egg-security@2.8.0@egg-security/app/extend/helper.js",
    "start": 1611308881766,
    "end": 1611308881782,
    "duration": 16,
    "pid": 9428,
    "index": 43
  },
  {
    "name": "Require(35) node_modules/_egg@2.29.1@egg/app/extend/helper.js",
    "start": 1611308881785,
    "end": 1611308881785,
    "duration": 0,
    "pid": 9428,
    "index": 44
  },
  {
    "name": "Load app.js",
    "start": 1611308881788,
    "end": 1611308881823,
    "duration": 35,
    "pid": 9428,
    "index": 45
  },
  {
    "name": "Require(36) node_modules/_egg-session@3.2.0@egg-session/app.js",
    "start": 1611308881789,
    "end": 1611308881789,
    "duration": 0,
    "pid": 9428,
    "index": 46
  },
  {
    "name": "Require(37) node_modules/_egg-security@2.8.0@egg-security/app.js",
    "start": 1611308881789,
    "end": 1611308881791,
    "duration": 2,
    "pid": 9428,
    "index": 47
  },
  {
    "name": "Require(38) node_modules/_egg-onerror@2.1.0@egg-onerror/app.js",
    "start": 1611308881792,
    "end": 1611308881802,
    "duration": 10,
    "pid": 9428,
    "index": 48
  },
  {
    "name": "Require(39) node_modules/_egg-i18n@2.1.1@egg-i18n/app.js",
    "start": 1611308881803,
    "end": 1611308881811,
    "duration": 8,
    "pid": 9428,
    "index": 49
  },
  {
    "name": "Require(40) node_modules/_egg-watcher@3.1.1@egg-watcher/app.js",
    "start": 1611308881811,
    "end": 1611308881816,
    "duration": 5,
    "pid": 9428,
    "index": 50
  },
  {
    "name": "Require(41) node_modules/_egg-schedule@3.6.6@egg-schedule/app.js",
    "start": 1611308881816,
    "end": 1611308881818,
    "duration": 2,
    "pid": 9428,
    "index": 51
  },
  {
    "name": "Require(42) node_modules/_egg-multipart@2.10.3@egg-multipart/app.js",
    "start": 1611308881818,
    "end": 1611308881819,
    "duration": 1,
    "pid": 9428,
    "index": 52
  },
  {
    "name": "Require(43) node_modules/_egg-development@2.7.0@egg-development/app.js",
    "start": 1611308881819,
    "end": 1611308881820,
    "duration": 1,
    "pid": 9428,
    "index": 53
  },
  {
    "name": "Require(44) node_modules/_egg-logrotator@3.1.0@egg-logrotator/app.js",
    "start": 1611308881820,
    "end": 1611308881820,
    "duration": 0,
    "pid": 9428,
    "index": 54
  },
  {
    "name": "Require(45) node_modules/_egg-static@2.2.0@egg-static/app.js",
    "start": 1611308881820,
    "end": 1611308881821,
    "duration": 1,
    "pid": 9428,
    "index": 55
  },
  {
    "name": "Require(46) node_modules/_egg-view-ejs@2.0.1@egg-view-ejs/app.js",
    "start": 1611308881821,
    "end": 1611308881822,
    "duration": 1,
    "pid": 9428,
    "index": 56
  },
  {
    "name": "Before Start in node_modules/_egg-watcher@3.1.1@egg-watcher/lib/init.js:15:14",
    "start": 1611308881831,
    "end": 1611308882008,
    "duration": 177,
    "pid": 9428,
    "index": 57
  },
  {
    "name": "Load Service",
    "start": 1611308881865,
    "end": 1611308881870,
    "duration": 5,
    "pid": 9428,
    "index": 58
  },
  {
    "name": "Load \"service\" to Context",
    "start": 1611308881865,
    "end": 1611308881870,
    "duration": 5,
    "pid": 9428,
    "index": 59
  },
  {
    "name": "Load Middleware",
    "start": 1611308881870,
    "end": 1611308881990,
    "duration": 120,
    "pid": 9428,
    "index": 60
  },
  {
    "name": "Load \"middlewares\" to Application",
    "start": 1611308881871,
    "end": 1611308881975,
    "duration": 104,
    "pid": 9428,
    "index": 61
  },
  {
    "name": "Load Controller",
    "start": 1611308881990,
    "end": 1611308881992,
    "duration": 2,
    "pid": 9428,
    "index": 62
  },
  {
    "name": "Load \"controller\" to Application",
    "start": 1611308881990,
    "end": 1611308881992,
    "duration": 2,
    "pid": 9428,
    "index": 63
  },
  {
    "name": "Load Router",
    "start": 1611308881993,
    "end": 1611308881995,
    "duration": 2,
    "pid": 9428,
    "index": 64
  },
  {
    "name": "Require(47) app/router.js",
    "start": 1611308881993,
    "end": 1611308881993,
    "duration": 0,
    "pid": 9428,
    "index": 65
  },
  {
    "name": "Before Start in node_modules/_egg-core@4.20.0@egg-core/lib/egg.js:303:10",
    "start": 1611308881994,
    "end": 1611308882001,
    "duration": 7,
    "pid": 9428,
    "index": 66
  }
]