[
  {
    "name": "Process Start",
    "start": 1611308845637,
    "end": 1611308846639,
    "duration": 1002,
    "pid": 7736,
    "index": 0
  },
  {
    "name": "Application Start",
    "start": 1611308846640,
    "end": 1611308847021,
    "duration": 381,
    "pid": 7736,
    "index": 1
  },
  {
    "name": "Load Plugin",
    "start": 1611308846644,
    "end": 1611308846661,
    "duration": 17,
    "pid": 7736,
    "index": 2
  },
  {
    "name": "Load Config",
    "start": 1611308846661,
    "end": 1611308846681,
    "duration": 20,
    "pid": 7736,
    "index": 3
  },
  {
    "name": "Require(0) config/config.default.js",
    "start": 1611308846662,
    "end": 1611308846663,
    "duration": 1,
    "pid": 7736,
    "index": 4
  },
  {
    "name": "Require(1) node_modules/_egg-session@3.2.0@egg-session/config/config.default.js",
    "start": 1611308846664,
    "end": 1611308846664,
    "duration": 0,
    "pid": 7736,
    "index": 5
  },
  {
    "name": "Require(2) node_modules/_egg-security@2.8.0@egg-security/config/config.default.js",
    "start": 1611308846664,
    "end": 1611308846665,
    "duration": 1,
    "pid": 7736,
    "index": 6
  },
  {
    "name": "Require(3) node_modules/_egg-jsonp@2.0.0@egg-jsonp/config/config.default.js",
    "start": 1611308846666,
    "end": 1611308846666,
    "duration": 0,
    "pid": 7736,
    "index": 7
  },
  {
    "name": "Require(4) node_modules/_egg-onerror@2.1.0@egg-onerror/config/config.default.js",
    "start": 1611308846666,
    "end": 1611308846667,
    "duration": 1,
    "pid": 7736,
    "index": 8
  },
  {
    "name": "Require(5) node_modules/_egg-i18n@2.1.1@egg-i18n/config/config.default.js",
    "start": 1611308846667,
    "end": 1611308846668,
    "duration": 1,
    "pid": 7736,
    "index": 9
  },
  {
    "name": "Require(6) node_modules/_egg-watcher@3.1.1@egg-watcher/config/config.default.js",
    "start": 1611308846668,
    "end": 1611308846669,
    "duration": 1,
    "pid": 7736,
    "index": 10
  },
  {
    "name": "Require(7) node_modules/_egg-schedule@3.6.6@egg-schedule/config/config.default.js",
    "start": 1611308846669,
    "end": 1611308846669,
    "duration": 0,
    "pid": 7736,
    "index": 11
  },
  {
    "name": "Require(8) node_modules/_egg-multipart@2.10.3@egg-multipart/config/config.default.js",
    "start": 1611308846670,
    "end": 1611308846670,
    "duration": 0,
    "pid": 7736,
    "index": 12
  },
  {
    "name": "Require(9) node_modules/_egg-development@2.7.0@egg-development/config/config.default.js",
    "start": 1611308846671,
    "end": 1611308846671,
    "duration": 0,
    "pid": 7736,
    "index": 13
  },
  {
    "name": "Require(10) node_modules/_egg-logrotator@3.1.0@egg-logrotator/config/config.default.js",
    "start": 1611308846671,
    "end": 1611308846672,
    "duration": 1,
    "pid": 7736,
    "index": 14
  },
  {
    "name": "Require(11) node_modules/_egg-static@2.2.0@egg-static/config/config.default.js",
    "start": 1611308846672,
    "end": 1611308846672,
    "duration": 0,
    "pid": 7736,
    "index": 15
  },
  {
    "name": "Require(12) node_modules/_egg-view@2.1.3@egg-view/config/config.default.js",
    "start": 1611308846673,
    "end": 1611308846673,
    "duration": 0,
    "pid": 7736,
    "index": 16
  },
  {
    "name": "Require(13) node_modules/_egg-view-ejs@2.0.1@egg-view-ejs/config/config.default.js",
    "start": 1611308846674,
    "end": 1611308846674,
    "duration": 0,
    "pid": 7736,
    "index": 17
  },
  {
    "name": "Require(14) node_modules/_egg@2.29.1@egg/config/config.default.js",
    "start": 1611308846674,
    "end": 1611308846675,
    "duration": 1,
    "pid": 7736,
    "index": 18
  },
  {
    "name": "Require(15) config/config.default.js",
    "start": 1611308846676,
    "end": 1611308846676,
    "duration": 0,
    "pid": 7736,
    "index": 19
  },
  {
    "name": "Require(16) node_modules/_egg-security@2.8.0@egg-security/config/config.local.js",
    "start": 1611308846677,
    "end": 1611308846677,
    "duration": 0,
    "pid": 7736,
    "index": 20
  },
  {
    "name": "Require(17) node_modules/_egg-watcher@3.1.1@egg-watcher/config/config.local.js",
    "start": 1611308846678,
    "end": 1611308846678,
    "duration": 0,
    "pid": 7736,
    "index": 21
  },
  {
    "name": "Require(18) node_modules/_egg-view@2.1.3@egg-view/config/config.local.js",
    "start": 1611308846679,
    "end": 1611308846679,
    "duration": 0,
    "pid": 7736,
    "index": 22
  },
  {
    "name": "Require(19) node_modules/_egg-view-ejs@2.0.1@egg-view-ejs/config/config.local.js",
    "start": 1611308846680,
    "end": 1611308846680,
    "duration": 0,
    "pid": 7736,
    "index": 23
  },
  {
    "name": "Require(20) node_modules/_egg@2.29.1@egg/config/config.local.js",
    "start": 1611308846680,
    "end": 1611308846680,
    "duration": 0,
    "pid": 7736,
    "index": 24
  },
  {
    "name": "Load extend/application.js",
    "start": 1611308846681,
    "end": 1611308846694,
    "duration": 13,
    "pid": 7736,
    "index": 25
  },
  {
    "name": "Require(21) node_modules/_egg-session@3.2.0@egg-session/app/extend/application.js",
    "start": 1611308846682,
    "end": 1611308846682,
    "duration": 0,
    "pid": 7736,
    "index": 26
  },
  {
    "name": "Require(22) node_modules/_egg-security@2.8.0@egg-security/app/extend/application.js",
    "start": 1611308846683,
    "end": 1611308846684,
    "duration": 1,
    "pid": 7736,
    "index": 27
  },
  {
    "name": "Require(23) node_modules/_egg-jsonp@2.0.0@egg-jsonp/app/extend/application.js",
    "start": 1611308846684,
    "end": 1611308846686,
    "duration": 2,
    "pid": 7736,
    "index": 28
  },
  {
    "name": "Require(24) node_modules/_egg-logrotator@3.1.0@egg-logrotator/app/extend/application.js",
    "start": 1611308846687,
    "end": 1611308846690,
    "duration": 3,
    "pid": 7736,
    "index": 29
  },
  {
    "name": "Require(25) node_modules/_egg-view@2.1.3@egg-view/app/extend/application.js",
    "start": 1611308846690,
    "end": 1611308846692,
    "duration": 2,
    "pid": 7736,
    "index": 30
  },
  {
    "name": "Load extend/request.js",
    "start": 1611308846694,
    "end": 1611308846704,
    "duration": 10,
    "pid": 7736,
    "index": 31
  },
  {
    "name": "Require(26) node_modules/_egg@2.29.1@egg/app/extend/request.js",
    "start": 1611308846698,
    "end": 1611308846699,
    "duration": 1,
    "pid": 7736,
    "index": 32
  },
  {
    "name": "Load extend/response.js",
    "start": 1611308846704,
    "end": 1611308846712,
    "duration": 8,
    "pid": 7736,
    "index": 33
  },
  {
    "name": "Require(27) node_modules/_egg@2.29.1@egg/app/extend/response.js",
    "start": 1611308846707,
    "end": 1611308846709,
    "duration": 2,
    "pid": 7736,
    "index": 34
  },
  {
    "name": "Load extend/context.js",
    "start": 1611308846712,
    "end": 1611308846775,
    "duration": 63,
    "pid": 7736,
    "index": 35
  },
  {
    "name": "Require(28) node_modules/_egg-security@2.8.0@egg-security/app/extend/context.js",
    "start": 1611308846712,
    "end": 1611308846725,
    "duration": 13,
    "pid": 7736,
    "index": 36
  },
  {
    "name": "Require(29) node_modules/_egg-jsonp@2.0.0@egg-jsonp/app/extend/context.js",
    "start": 1611308846725,
    "end": 1611308846727,
    "duration": 2,
    "pid": 7736,
    "index": 37
  },
  {
    "name": "Require(30) node_modules/_egg-i18n@2.1.1@egg-i18n/app/extend/context.js",
    "start": 1611308846727,
    "end": 1611308846727,
    "duration": 0,
    "pid": 7736,
    "index": 38
  },
  {
    "name": "Require(31) node_modules/_egg-multipart@2.10.3@egg-multipart/app/extend/context.js",
    "start": 1611308846728,
    "end": 1611308846770,
    "duration": 42,
    "pid": 7736,
    "index": 39
  },
  {
    "name": "Require(32) node_modules/_egg-view@2.1.3@egg-view/app/extend/context.js",
    "start": 1611308846770,
    "end": 1611308846771,
    "duration": 1,
    "pid": 7736,
    "index": 40
  },
  {
    "name": "Require(33) node_modules/_egg@2.29.1@egg/app/extend/context.js",
    "start": 1611308846772,
    "end": 1611308846773,
    "duration": 1,
    "pid": 7736,
    "index": 41
  },
  {
    "name": "Load extend/helper.js",
    "start": 1611308846775,
    "end": 1611308846795,
    "duration": 20,
    "pid": 7736,
    "index": 42
  },
  {
    "name": "Require(34) node_modules/_egg-security@2.8.0@egg-security/app/extend/helper.js",
    "start": 1611308846776,
    "end": 1611308846790,
    "duration": 14,
    "pid": 7736,
    "index": 43
  },
  {
    "name": "Require(35) node_modules/_egg@2.29.1@egg/app/extend/helper.js",
    "start": 1611308846792,
    "end": 1611308846792,
    "duration": 0,
    "pid": 7736,
    "index": 44
  },
  {
    "name": "Load app.js",
    "start": 1611308846795,
    "end": 1611308846826,
    "duration": 31,
    "pid": 7736,
    "index": 45
  },
  {
    "name": "Require(36) node_modules/_egg-session@3.2.0@egg-session/app.js",
    "start": 1611308846795,
    "end": 1611308846795,
    "duration": 0,
    "pid": 7736,
    "index": 46
  },
  {
    "name": "Require(37) node_modules/_egg-security@2.8.0@egg-security/app.js",
    "start": 1611308846796,
    "end": 1611308846797,
    "duration": 1,
    "pid": 7736,
    "index": 47
  },
  {
    "name": "Require(38) node_modules/_egg-onerror@2.1.0@egg-onerror/app.js",
    "start": 1611308846798,
    "end": 1611308846807,
    "duration": 9,
    "pid": 7736,
    "index": 48
  },
  {
    "name": "Require(39) node_modules/_egg-i18n@2.1.1@egg-i18n/app.js",
    "start": 1611308846808,
    "end": 1611308846815,
    "duration": 7,
    "pid": 7736,
    "index": 49
  },
  {
    "name": "Require(40) node_modules/_egg-watcher@3.1.1@egg-watcher/app.js",
    "start": 1611308846816,
    "end": 1611308846820,
    "duration": 4,
    "pid": 7736,
    "index": 50
  },
  {
    "name": "Require(41) node_modules/_egg-schedule@3.6.6@egg-schedule/app.js",
    "start": 1611308846820,
    "end": 1611308846822,
    "duration": 2,
    "pid": 7736,
    "index": 51
  },
  {
    "name": "Require(42) node_modules/_egg-multipart@2.10.3@egg-multipart/app.js",
    "start": 1611308846822,
    "end": 1611308846823,
    "duration": 1,
    "pid": 7736,
    "index": 52
  },
  {
    "name": "Require(43) node_modules/_egg-development@2.7.0@egg-development/app.js",
    "start": 1611308846823,
    "end": 1611308846823,
    "duration": 0,
    "pid": 7736,
    "index": 53
  },
  {
    "name": "Require(44) node_modules/_egg-logrotator@3.1.0@egg-logrotator/app.js",
    "start": 1611308846824,
    "end": 1611308846824,
    "duration": 0,
    "pid": 7736,
    "index": 54
  },
  {
    "name": "Require(45) node_modules/_egg-static@2.2.0@egg-static/app.js",
    "start": 1611308846824,
    "end": 1611308846824,
    "duration": 0,
    "pid": 7736,
    "index": 55
  },
  {
    "name": "Require(46) node_modules/_egg-view-ejs@2.0.1@egg-view-ejs/app.js",
    "start": 1611308846825,
    "end": 1611308846825,
    "duration": 0,
    "pid": 7736,
    "index": 56
  },
  {
    "name": "Before Start in node_modules/_egg-watcher@3.1.1@egg-watcher/lib/init.js:15:14",
    "start": 1611308846834,
    "end": 1611308847021,
    "duration": 187,
    "pid": 7736,
    "index": 57
  },
  {
    "name": "Load Service",
    "start": 1611308846867,
    "end": 1611308846872,
    "duration": 5,
    "pid": 7736,
    "index": 58
  },
  {
    "name": "Load \"service\" to Context",
    "start": 1611308846867,
    "end": 1611308846871,
    "duration": 4,
    "pid": 7736,
    "index": 59
  },
  {
    "name": "Load Middleware",
    "start": 1611308846872,
    "end": 1611308847002,
    "duration": 130,
    "pid": 7736,
    "index": 60
  },
  {
    "name": "Load \"middlewares\" to Application",
    "start": 1611308846872,
    "end": 1611308846985,
    "duration": 113,
    "pid": 7736,
    "index": 61
  },
  {
    "name": "Load Controller",
    "start": 1611308847002,
    "end": 1611308847005,
    "duration": 3,
    "pid": 7736,
    "index": 62
  },
  {
    "name": "Load \"controller\" to Application",
    "start": 1611308847002,
    "end": 1611308847005,
    "duration": 3,
    "pid": 7736,
    "index": 63
  },
  {
    "name": "Load Router",
    "start": 1611308847005,
    "end": 1611308847008,
    "duration": 3,
    "pid": 7736,
    "index": 64
  },
  {
    "name": "Require(47) app/router.js",
    "start": 1611308847005,
    "end": 1611308847006,
    "duration": 1,
    "pid": 7736,
    "index": 65
  },
  {
    "name": "Before Start in node_modules/_egg-core@4.20.0@egg-core/lib/egg.js:303:10",
    "start": 1611308847006,
    "end": 1611308847014,
    "duration": 8,
    "pid": 7736,
    "index": 66
  }
]