[
  {
    "name": "Process Start",
    "start": 1611308907276,
    "end": 1611308908445,
    "duration": 1169,
    "pid": 17468,
    "index": 0
  },
  {
    "name": "Application Start",
    "start": 1611308908446,
    "end": 1611308909070,
    "duration": 624,
    "pid": 17468,
    "index": 1
  },
  {
    "name": "Load Plugin",
    "start": 1611308908453,
    "end": 1611308908482,
    "duration": 29,
    "pid": 17468,
    "index": 2
  },
  {
    "name": "Load Config",
    "start": 1611308908482,
    "end": 1611308908526,
    "duration": 44,
    "pid": 17468,
    "index": 3
  },
  {
    "name": "Require(0) config/config.default.js",
    "start": 1611308908483,
    "end": 1611308908484,
    "duration": 1,
    "pid": 17468,
    "index": 4
  },
  {
    "name": "Require(1) node_modules/_egg-session@3.2.0@egg-session/config/config.default.js",
    "start": 1611308908488,
    "end": 1611308908489,
    "duration": 1,
    "pid": 17468,
    "index": 5
  },
  {
    "name": "Require(2) node_modules/_egg-security@2.8.0@egg-security/config/config.default.js",
    "start": 1611308908490,
    "end": 1611308908491,
    "duration": 1,
    "pid": 17468,
    "index": 6
  },
  {
    "name": "Require(3) node_modules/_egg-jsonp@2.0.0@egg-jsonp/config/config.default.js",
    "start": 1611308908492,
    "end": 1611308908493,
    "duration": 1,
    "pid": 17468,
    "index": 7
  },
  {
    "name": "Require(4) node_modules/_egg-onerror@2.1.0@egg-onerror/config/config.default.js",
    "start": 1611308908494,
    "end": 1611308908496,
    "duration": 2,
    "pid": 17468,
    "index": 8
  },
  {
    "name": "Require(5) node_modules/_egg-i18n@2.1.1@egg-i18n/config/config.default.js",
    "start": 1611308908499,
    "end": 1611308908500,
    "duration": 1,
    "pid": 17468,
    "index": 9
  },
  {
    "name": "Require(6) node_modules/_egg-watcher@3.1.1@egg-watcher/config/config.default.js",
    "start": 1611308908501,
    "end": 1611308908503,
    "duration": 2,
    "pid": 17468,
    "index": 10
  },
  {
    "name": "Require(7) node_modules/_egg-schedule@3.6.6@egg-schedule/config/config.default.js",
    "start": 1611308908505,
    "end": 1611308908506,
    "duration": 1,
    "pid": 17468,
    "index": 11
  },
  {
    "name": "Require(8) node_modules/_egg-multipart@2.10.3@egg-multipart/config/config.default.js",
    "start": 1611308908506,
    "end": 1611308908507,
    "duration": 1,
    "pid": 17468,
    "index": 12
  },
  {
    "name": "Require(9) node_modules/_egg-development@2.7.0@egg-development/config/config.default.js",
    "start": 1611308908508,
    "end": 1611308908509,
    "duration": 1,
    "pid": 17468,
    "index": 13
  },
  {
    "name": "Require(10) node_modules/_egg-logrotator@3.1.0@egg-logrotator/config/config.default.js",
    "start": 1611308908509,
    "end": 1611308908510,
    "duration": 1,
    "pid": 17468,
    "index": 14
  },
  {
    "name": "Require(11) node_modules/_egg-static@2.2.0@egg-static/config/config.default.js",
    "start": 1611308908511,
    "end": 1611308908511,
    "duration": 0,
    "pid": 17468,
    "index": 15
  },
  {
    "name": "Require(12) node_modules/_egg-view@2.1.3@egg-view/config/config.default.js",
    "start": 1611308908513,
    "end": 1611308908515,
    "duration": 2,
    "pid": 17468,
    "index": 16
  },
  {
    "name": "Require(13) node_modules/_egg-view-ejs@2.0.1@egg-view-ejs/config/config.default.js",
    "start": 1611308908516,
    "end": 1611308908517,
    "duration": 1,
    "pid": 17468,
    "index": 17
  },
  {
    "name": "Require(14) node_modules/_egg@2.29.1@egg/config/config.default.js",
    "start": 1611308908518,
    "end": 1611308908518,
    "duration": 0,
    "pid": 17468,
    "index": 18
  },
  {
    "name": "Require(15) config/config.default.js",
    "start": 1611308908520,
    "end": 1611308908520,
    "duration": 0,
    "pid": 17468,
    "index": 19
  },
  {
    "name": "Require(16) node_modules/_egg-security@2.8.0@egg-security/config/config.local.js",
    "start": 1611308908520,
    "end": 1611308908521,
    "duration": 1,
    "pid": 17468,
    "index": 20
  },
  {
    "name": "Require(17) node_modules/_egg-watcher@3.1.1@egg-watcher/config/config.local.js",
    "start": 1611308908522,
    "end": 1611308908522,
    "duration": 0,
    "pid": 17468,
    "index": 21
  },
  {
    "name": "Require(18) node_modules/_egg-view@2.1.3@egg-view/config/config.local.js",
    "start": 1611308908524,
    "end": 1611308908524,
    "duration": 0,
    "pid": 17468,
    "index": 22
  },
  {
    "name": "Require(19) node_modules/_egg-view-ejs@2.0.1@egg-view-ejs/config/config.local.js",
    "start": 1611308908524,
    "end": 1611308908525,
    "duration": 1,
    "pid": 17468,
    "index": 23
  },
  {
    "name": "Require(20) node_modules/_egg@2.29.1@egg/config/config.local.js",
    "start": 1611308908525,
    "end": 1611308908525,
    "duration": 0,
    "pid": 17468,
    "index": 24
  },
  {
    "name": "Load extend/application.js",
    "start": 1611308908527,
    "end": 1611308908551,
    "duration": 24,
    "pid": 17468,
    "index": 25
  },
  {
    "name": "Require(21) node_modules/_egg-session@3.2.0@egg-session/app/extend/application.js",
    "start": 1611308908528,
    "end": 1611308908528,
    "duration": 0,
    "pid": 17468,
    "index": 26
  },
  {
    "name": "Require(22) node_modules/_egg-security@2.8.0@egg-security/app/extend/application.js",
    "start": 1611308908530,
    "end": 1611308908532,
    "duration": 2,
    "pid": 17468,
    "index": 27
  },
  {
    "name": "Require(23) node_modules/_egg-jsonp@2.0.0@egg-jsonp/app/extend/application.js",
    "start": 1611308908533,
    "end": 1611308908536,
    "duration": 3,
    "pid": 17468,
    "index": 28
  },
  {
    "name": "Require(24) node_modules/_egg-logrotator@3.1.0@egg-logrotator/app/extend/application.js",
    "start": 1611308908538,
    "end": 1611308908541,
    "duration": 3,
    "pid": 17468,
    "index": 29
  },
  {
    "name": "Require(25) node_modules/_egg-view@2.1.3@egg-view/app/extend/application.js",
    "start": 1611308908542,
    "end": 1611308908544,
    "duration": 2,
    "pid": 17468,
    "index": 30
  },
  {
    "name": "Load extend/request.js",
    "start": 1611308908551,
    "end": 1611308908562,
    "duration": 11,
    "pid": 17468,
    "index": 31
  },
  {
    "name": "Require(26) node_modules/_egg@2.29.1@egg/app/extend/request.js",
    "start": 1611308908555,
    "end": 1611308908556,
    "duration": 1,
    "pid": 17468,
    "index": 32
  },
  {
    "name": "Load extend/response.js",
    "start": 1611308908562,
    "end": 1611308908573,
    "duration": 11,
    "pid": 17468,
    "index": 33
  },
  {
    "name": "Require(27) node_modules/_egg@2.29.1@egg/app/extend/response.js",
    "start": 1611308908566,
    "end": 1611308908569,
    "duration": 3,
    "pid": 17468,
    "index": 34
  },
  {
    "name": "Load extend/context.js",
    "start": 1611308908573,
    "end": 1611308908683,
    "duration": 110,
    "pid": 17468,
    "index": 35
  },
  {
    "name": "Require(28) node_modules/_egg-security@2.8.0@egg-security/app/extend/context.js",
    "start": 1611308908574,
    "end": 1611308908592,
    "duration": 18,
    "pid": 17468,
    "index": 36
  },
  {
    "name": "Require(29) node_modules/_egg-jsonp@2.0.0@egg-jsonp/app/extend/context.js",
    "start": 1611308908592,
    "end": 1611308908594,
    "duration": 2,
    "pid": 17468,
    "index": 37
  },
  {
    "name": "Require(30) node_modules/_egg-i18n@2.1.1@egg-i18n/app/extend/context.js",
    "start": 1611308908595,
    "end": 1611308908597,
    "duration": 2,
    "pid": 17468,
    "index": 38
  },
  {
    "name": "Require(31) node_modules/_egg-multipart@2.10.3@egg-multipart/app/extend/context.js",
    "start": 1611308908598,
    "end": 1611308908668,
    "duration": 70,
    "pid": 17468,
    "index": 39
  },
  {
    "name": "Require(32) node_modules/_egg-view@2.1.3@egg-view/app/extend/context.js",
    "start": 1611308908669,
    "end": 1611308908671,
    "duration": 2,
    "pid": 17468,
    "index": 40
  },
  {
    "name": "Require(33) node_modules/_egg@2.29.1@egg/app/extend/context.js",
    "start": 1611308908672,
    "end": 1611308908675,
    "duration": 3,
    "pid": 17468,
    "index": 41
  },
  {
    "name": "Load extend/helper.js",
    "start": 1611308908683,
    "end": 1611308908738,
    "duration": 55,
    "pid": 17468,
    "index": 42
  },
  {
    "name": "Require(34) node_modules/_egg-security@2.8.0@egg-security/app/extend/helper.js",
    "start": 1611308908684,
    "end": 1611308908726,
    "duration": 42,
    "pid": 17468,
    "index": 43
  },
  {
    "name": "Require(35) node_modules/_egg@2.29.1@egg/app/extend/helper.js",
    "start": 1611308908733,
    "end": 1611308908733,
    "duration": 0,
    "pid": 17468,
    "index": 44
  },
  {
    "name": "Load app.js",
    "start": 1611308908739,
    "end": 1611308908816,
    "duration": 77,
    "pid": 17468,
    "index": 45
  },
  {
    "name": "Require(36) node_modules/_egg-session@3.2.0@egg-session/app.js",
    "start": 1611308908740,
    "end": 1611308908741,
    "duration": 1,
    "pid": 17468,
    "index": 46
  },
  {
    "name": "Require(37) node_modules/_egg-security@2.8.0@egg-security/app.js",
    "start": 1611308908741,
    "end": 1611308908745,
    "duration": 4,
    "pid": 17468,
    "index": 47
  },
  {
    "name": "Require(38) node_modules/_egg-onerror@2.1.0@egg-onerror/app.js",
    "start": 1611308908749,
    "end": 1611308908775,
    "duration": 26,
    "pid": 17468,
    "index": 48
  },
  {
    "name": "Require(39) node_modules/_egg-i18n@2.1.1@egg-i18n/app.js",
    "start": 1611308908776,
    "end": 1611308908792,
    "duration": 16,
    "pid": 17468,
    "index": 49
  },
  {
    "name": "Require(40) node_modules/_egg-watcher@3.1.1@egg-watcher/app.js",
    "start": 1611308908793,
    "end": 1611308908804,
    "duration": 11,
    "pid": 17468,
    "index": 50
  },
  {
    "name": "Require(41) node_modules/_egg-schedule@3.6.6@egg-schedule/app.js",
    "start": 1611308908804,
    "end": 1611308908808,
    "duration": 4,
    "pid": 17468,
    "index": 51
  },
  {
    "name": "Require(42) node_modules/_egg-multipart@2.10.3@egg-multipart/app.js",
    "start": 1611308908809,
    "end": 1611308908809,
    "duration": 0,
    "pid": 17468,
    "index": 52
  },
  {
    "name": "Require(43) node_modules/_egg-development@2.7.0@egg-development/app.js",
    "start": 1611308908810,
    "end": 1611308908810,
    "duration": 0,
    "pid": 17468,
    "index": 53
  },
  {
    "name": "Require(44) node_modules/_egg-logrotator@3.1.0@egg-logrotator/app.js",
    "start": 1611308908811,
    "end": 1611308908812,
    "duration": 1,
    "pid": 17468,
    "index": 54
  },
  {
    "name": "Require(45) node_modules/_egg-static@2.2.0@egg-static/app.js",
    "start": 1611308908812,
    "end": 1611308908813,
    "duration": 1,
    "pid": 17468,
    "index": 55
  },
  {
    "name": "Require(46) node_modules/_egg-view-ejs@2.0.1@egg-view-ejs/app.js",
    "start": 1611308908814,
    "end": 1611308908814,
    "duration": 0,
    "pid": 17468,
    "index": 56
  },
  {
    "name": "Before Start in node_modules/_egg-watcher@3.1.1@egg-watcher/lib/init.js:15:14",
    "start": 1611308908832,
    "end": 1611308909069,
    "duration": 237,
    "pid": 17468,
    "index": 57
  },
  {
    "name": "Load Service",
    "start": 1611308908882,
    "end": 1611308908887,
    "duration": 5,
    "pid": 17468,
    "index": 58
  },
  {
    "name": "Load \"service\" to Context",
    "start": 1611308908882,
    "end": 1611308908887,
    "duration": 5,
    "pid": 17468,
    "index": 59
  },
  {
    "name": "Load Middleware",
    "start": 1611308908887,
    "end": 1611308909048,
    "duration": 161,
    "pid": 17468,
    "index": 60
  },
  {
    "name": "Load \"middlewares\" to Application",
    "start": 1611308908888,
    "end": 1611308909025,
    "duration": 137,
    "pid": 17468,
    "index": 61
  },
  {
    "name": "Load Controller",
    "start": 1611308909048,
    "end": 1611308909050,
    "duration": 2,
    "pid": 17468,
    "index": 62
  },
  {
    "name": "Load \"controller\" to Application",
    "start": 1611308909048,
    "end": 1611308909050,
    "duration": 2,
    "pid": 17468,
    "index": 63
  },
  {
    "name": "Load Router",
    "start": 1611308909050,
    "end": 1611308909052,
    "duration": 2,
    "pid": 17468,
    "index": 64
  },
  {
    "name": "Require(47) app/router.js",
    "start": 1611308909050,
    "end": 1611308909051,
    "duration": 1,
    "pid": 17468,
    "index": 65
  },
  {
    "name": "Before Start in node_modules/_egg-core@4.20.0@egg-core/lib/egg.js:303:10",
    "start": 1611308909051,
    "end": 1611308909060,
    "duration": 9,
    "pid": 17468,
    "index": 66
  }
]