[
  {
    "name": "Process Start",
    "start": 1611308819592,
    "end": 1611308820863,
    "duration": 1271,
    "pid": 9676,
    "index": 0
  },
  {
    "name": "Application Start",
    "start": 1611308820864,
    "end": 1611308821339,
    "duration": 475,
    "pid": 9676,
    "index": 1
  },
  {
    "name": "Load Plugin",
    "start": 1611308820868,
    "end": 1611308820890,
    "duration": 22,
    "pid": 9676,
    "index": 2
  },
  {
    "name": "Load Config",
    "start": 1611308820891,
    "end": 1611308820916,
    "duration": 25,
    "pid": 9676,
    "index": 3
  },
  {
    "name": "Require(0) config/config.default.js",
    "start": 1611308820892,
    "end": 1611308820892,
    "duration": 0,
    "pid": 9676,
    "index": 4
  },
  {
    "name": "Require(1) node_modules/_egg-session@3.2.0@egg-session/config/config.default.js",
    "start": 1611308820894,
    "end": 1611308820894,
    "duration": 0,
    "pid": 9676,
    "index": 5
  },
  {
    "name": "Require(2) node_modules/_egg-security@2.8.0@egg-security/config/config.default.js",
    "start": 1611308820895,
    "end": 1611308820895,
    "duration": 0,
    "pid": 9676,
    "index": 6
  },
  {
    "name": "Require(3) node_modules/_egg-jsonp@2.0.0@egg-jsonp/config/config.default.js",
    "start": 1611308820896,
    "end": 1611308820897,
    "duration": 1,
    "pid": 9676,
    "index": 7
  },
  {
    "name": "Require(4) node_modules/_egg-onerror@2.1.0@egg-onerror/config/config.default.js",
    "start": 1611308820897,
    "end": 1611308820898,
    "duration": 1,
    "pid": 9676,
    "index": 8
  },
  {
    "name": "Require(5) node_modules/_egg-i18n@2.1.1@egg-i18n/config/config.default.js",
    "start": 1611308820898,
    "end": 1611308820898,
    "duration": 0,
    "pid": 9676,
    "index": 9
  },
  {
    "name": "Require(6) node_modules/_egg-watcher@3.1.1@egg-watcher/config/config.default.js",
    "start": 1611308820899,
    "end": 1611308820900,
    "duration": 1,
    "pid": 9676,
    "index": 10
  },
  {
    "name": "Require(7) node_modules/_egg-schedule@3.6.6@egg-schedule/config/config.default.js",
    "start": 1611308820900,
    "end": 1611308820901,
    "duration": 1,
    "pid": 9676,
    "index": 11
  },
  {
    "name": "Require(8) node_modules/_egg-multipart@2.10.3@egg-multipart/config/config.default.js",
    "start": 1611308820901,
    "end": 1611308820902,
    "duration": 1,
    "pid": 9676,
    "index": 12
  },
  {
    "name": "Require(9) node_modules/_egg-development@2.7.0@egg-development/config/config.default.js",
    "start": 1611308820902,
    "end": 1611308820903,
    "duration": 1,
    "pid": 9676,
    "index": 13
  },
  {
    "name": "Require(10) node_modules/_egg-logrotator@3.1.0@egg-logrotator/config/config.default.js",
    "start": 1611308820904,
    "end": 1611308820904,
    "duration": 0,
    "pid": 9676,
    "index": 14
  },
  {
    "name": "Require(11) node_modules/_egg-static@2.2.0@egg-static/config/config.default.js",
    "start": 1611308820905,
    "end": 1611308820905,
    "duration": 0,
    "pid": 9676,
    "index": 15
  },
  {
    "name": "Require(12) node_modules/_egg-view@2.1.3@egg-view/config/config.default.js",
    "start": 1611308820906,
    "end": 1611308820907,
    "duration": 1,
    "pid": 9676,
    "index": 16
  },
  {
    "name": "Require(13) node_modules/_egg-view-ejs@2.0.1@egg-view-ejs/config/config.default.js",
    "start": 1611308820907,
    "end": 1611308820908,
    "duration": 1,
    "pid": 9676,
    "index": 17
  },
  {
    "name": "Require(14) node_modules/_egg@2.29.1@egg/config/config.default.js",
    "start": 1611308820909,
    "end": 1611308820909,
    "duration": 0,
    "pid": 9676,
    "index": 18
  },
  {
    "name": "Require(15) config/config.default.js",
    "start": 1611308820910,
    "end": 1611308820910,
    "duration": 0,
    "pid": 9676,
    "index": 19
  },
  {
    "name": "Require(16) node_modules/_egg-security@2.8.0@egg-security/config/config.local.js",
    "start": 1611308820911,
    "end": 1611308820911,
    "duration": 0,
    "pid": 9676,
    "index": 20
  },
  {
    "name": "Require(17) node_modules/_egg-watcher@3.1.1@egg-watcher/config/config.local.js",
    "start": 1611308820912,
    "end": 1611308820913,
    "duration": 1,
    "pid": 9676,
    "index": 21
  },
  {
    "name": "Require(18) node_modules/_egg-view@2.1.3@egg-view/config/config.local.js",
    "start": 1611308820914,
    "end": 1611308820914,
    "duration": 0,
    "pid": 9676,
    "index": 22
  },
  {
    "name": "Require(19) node_modules/_egg-view-ejs@2.0.1@egg-view-ejs/config/config.local.js",
    "start": 1611308820915,
    "end": 1611308820915,
    "duration": 0,
    "pid": 9676,
    "index": 23
  },
  {
    "name": "Require(20) node_modules/_egg@2.29.1@egg/config/config.local.js",
    "start": 1611308820915,
    "end": 1611308820916,
    "duration": 1,
    "pid": 9676,
    "index": 24
  },
  {
    "name": "Load extend/application.js",
    "start": 1611308820917,
    "end": 1611308820935,
    "duration": 18,
    "pid": 9676,
    "index": 25
  },
  {
    "name": "Require(21) node_modules/_egg-session@3.2.0@egg-session/app/extend/application.js",
    "start": 1611308820918,
    "end": 1611308820918,
    "duration": 0,
    "pid": 9676,
    "index": 26
  },
  {
    "name": "Require(22) node_modules/_egg-security@2.8.0@egg-security/app/extend/application.js",
    "start": 1611308820919,
    "end": 1611308820920,
    "duration": 1,
    "pid": 9676,
    "index": 27
  },
  {
    "name": "Require(23) node_modules/_egg-jsonp@2.0.0@egg-jsonp/app/extend/application.js",
    "start": 1611308820920,
    "end": 1611308820923,
    "duration": 3,
    "pid": 9676,
    "index": 28
  },
  {
    "name": "Require(24) node_modules/_egg-logrotator@3.1.0@egg-logrotator/app/extend/application.js",
    "start": 1611308820925,
    "end": 1611308820928,
    "duration": 3,
    "pid": 9676,
    "index": 29
  },
  {
    "name": "Require(25) node_modules/_egg-view@2.1.3@egg-view/app/extend/application.js",
    "start": 1611308820929,
    "end": 1611308820931,
    "duration": 2,
    "pid": 9676,
    "index": 30
  },
  {
    "name": "Load extend/request.js",
    "start": 1611308820935,
    "end": 1611308820946,
    "duration": 11,
    "pid": 9676,
    "index": 31
  },
  {
    "name": "Require(26) node_modules/_egg@2.29.1@egg/app/extend/request.js",
    "start": 1611308820938,
    "end": 1611308820941,
    "duration": 3,
    "pid": 9676,
    "index": 32
  },
  {
    "name": "Load extend/response.js",
    "start": 1611308820946,
    "end": 1611308820956,
    "duration": 10,
    "pid": 9676,
    "index": 33
  },
  {
    "name": "Require(27) node_modules/_egg@2.29.1@egg/app/extend/response.js",
    "start": 1611308820950,
    "end": 1611308820952,
    "duration": 2,
    "pid": 9676,
    "index": 34
  },
  {
    "name": "Load extend/context.js",
    "start": 1611308820956,
    "end": 1611308821038,
    "duration": 82,
    "pid": 9676,
    "index": 35
  },
  {
    "name": "Require(28) node_modules/_egg-security@2.8.0@egg-security/app/extend/context.js",
    "start": 1611308820957,
    "end": 1611308820972,
    "duration": 15,
    "pid": 9676,
    "index": 36
  },
  {
    "name": "Require(29) node_modules/_egg-jsonp@2.0.0@egg-jsonp/app/extend/context.js",
    "start": 1611308820973,
    "end": 1611308820975,
    "duration": 2,
    "pid": 9676,
    "index": 37
  },
  {
    "name": "Require(30) node_modules/_egg-i18n@2.1.1@egg-i18n/app/extend/context.js",
    "start": 1611308820976,
    "end": 1611308820976,
    "duration": 0,
    "pid": 9676,
    "index": 38
  },
  {
    "name": "Require(31) node_modules/_egg-multipart@2.10.3@egg-multipart/app/extend/context.js",
    "start": 1611308820977,
    "end": 1611308821030,
    "duration": 53,
    "pid": 9676,
    "index": 39
  },
  {
    "name": "Require(32) node_modules/_egg-view@2.1.3@egg-view/app/extend/context.js",
    "start": 1611308821031,
    "end": 1611308821032,
    "duration": 1,
    "pid": 9676,
    "index": 40
  },
  {
    "name": "Require(33) node_modules/_egg@2.29.1@egg/app/extend/context.js",
    "start": 1611308821033,
    "end": 1611308821035,
    "duration": 2,
    "pid": 9676,
    "index": 41
  },
  {
    "name": "Load extend/helper.js",
    "start": 1611308821038,
    "end": 1611308821064,
    "duration": 26,
    "pid": 9676,
    "index": 42
  },
  {
    "name": "Require(34) node_modules/_egg-security@2.8.0@egg-security/app/extend/helper.js",
    "start": 1611308821039,
    "end": 1611308821058,
    "duration": 19,
    "pid": 9676,
    "index": 43
  },
  {
    "name": "Require(35) node_modules/_egg@2.29.1@egg/app/extend/helper.js",
    "start": 1611308821061,
    "end": 1611308821061,
    "duration": 0,
    "pid": 9676,
    "index": 44
  },
  {
    "name": "Load app.js",
    "start": 1611308821064,
    "end": 1611308821105,
    "duration": 41,
    "pid": 9676,
    "index": 45
  },
  {
    "name": "Require(36) node_modules/_egg-session@3.2.0@egg-session/app.js",
    "start": 1611308821065,
    "end": 1611308821065,
    "duration": 0,
    "pid": 9676,
    "index": 46
  },
  {
    "name": "Require(37) node_modules/_egg-security@2.8.0@egg-security/app.js",
    "start": 1611308821066,
    "end": 1611308821068,
    "duration": 2,
    "pid": 9676,
    "index": 47
  },
  {
    "name": "Require(38) node_modules/_egg-onerror@2.1.0@egg-onerror/app.js",
    "start": 1611308821068,
    "end": 1611308821080,
    "duration": 12,
    "pid": 9676,
    "index": 48
  },
  {
    "name": "Require(39) node_modules/_egg-i18n@2.1.1@egg-i18n/app.js",
    "start": 1611308821081,
    "end": 1611308821090,
    "duration": 9,
    "pid": 9676,
    "index": 49
  },
  {
    "name": "Require(40) node_modules/_egg-watcher@3.1.1@egg-watcher/app.js",
    "start": 1611308821090,
    "end": 1611308821096,
    "duration": 6,
    "pid": 9676,
    "index": 50
  },
  {
    "name": "Require(41) node_modules/_egg-schedule@3.6.6@egg-schedule/app.js",
    "start": 1611308821096,
    "end": 1611308821099,
    "duration": 3,
    "pid": 9676,
    "index": 51
  },
  {
    "name": "Require(42) node_modules/_egg-multipart@2.10.3@egg-multipart/app.js",
    "start": 1611308821100,
    "end": 1611308821100,
    "duration": 0,
    "pid": 9676,
    "index": 52
  },
  {
    "name": "Require(43) node_modules/_egg-development@2.7.0@egg-development/app.js",
    "start": 1611308821101,
    "end": 1611308821101,
    "duration": 0,
    "pid": 9676,
    "index": 53
  },
  {
    "name": "Require(44) node_modules/_egg-logrotator@3.1.0@egg-logrotator/app.js",
    "start": 1611308821102,
    "end": 1611308821102,
    "duration": 0,
    "pid": 9676,
    "index": 54
  },
  {
    "name": "Require(45) node_modules/_egg-static@2.2.0@egg-static/app.js",
    "start": 1611308821102,
    "end": 1611308821103,
    "duration": 1,
    "pid": 9676,
    "index": 55
  },
  {
    "name": "Require(46) node_modules/_egg-view-ejs@2.0.1@egg-view-ejs/app.js",
    "start": 1611308821104,
    "end": 1611308821104,
    "duration": 0,
    "pid": 9676,
    "index": 56
  },
  {
    "name": "Before Start in node_modules/_egg-watcher@3.1.1@egg-watcher/lib/init.js:15:14",
    "start": 1611308821115,
    "end": 1611308821339,
    "duration": 224,
    "pid": 9676,
    "index": 57
  },
  {
    "name": "Load Service",
    "start": 1611308821156,
    "end": 1611308821162,
    "duration": 6,
    "pid": 9676,
    "index": 58
  },
  {
    "name": "Load \"service\" to Context",
    "start": 1611308821156,
    "end": 1611308821162,
    "duration": 6,
    "pid": 9676,
    "index": 59
  },
  {
    "name": "Load Middleware",
    "start": 1611308821162,
    "end": 1611308821317,
    "duration": 155,
    "pid": 9676,
    "index": 60
  },
  {
    "name": "Load \"middlewares\" to Application",
    "start": 1611308821162,
    "end": 1611308821299,
    "duration": 137,
    "pid": 9676,
    "index": 61
  },
  {
    "name": "Load Controller",
    "start": 1611308821317,
    "end": 1611308821319,
    "duration": 2,
    "pid": 9676,
    "index": 62
  },
  {
    "name": "Load \"controller\" to Application",
    "start": 1611308821317,
    "end": 1611308821319,
    "duration": 2,
    "pid": 9676,
    "index": 63
  },
  {
    "name": "Load Router",
    "start": 1611308821319,
    "end": 1611308821321,
    "duration": 2,
    "pid": 9676,
    "index": 64
  },
  {
    "name": "Require(47) app/router.js",
    "start": 1611308821319,
    "end": 1611308821320,
    "duration": 1,
    "pid": 9676,
    "index": 65
  },
  {
    "name": "Before Start in node_modules/_egg-core@4.20.0@egg-core/lib/egg.js:303:10",
    "start": 1611308821320,
    "end": 1611308821329,
    "duration": 9,
    "pid": 9676,
    "index": 66
  }
]