[
  {
    "name": "Process Start",
    "start": 1611308885115,
    "end": 1611308886311,
    "duration": 1196,
    "pid": 18076,
    "index": 0
  },
  {
    "name": "Application Start",
    "start": 1611308886311,
    "end": 1611308886726,
    "duration": 415,
    "pid": 18076,
    "index": 1
  },
  {
    "name": "Load Plugin",
    "start": 1611308886316,
    "end": 1611308886339,
    "duration": 23,
    "pid": 18076,
    "index": 2
  },
  {
    "name": "Load Config",
    "start": 1611308886339,
    "end": 1611308886363,
    "duration": 24,
    "pid": 18076,
    "index": 3
  },
  {
    "name": "Require(0) config/config.default.js",
    "start": 1611308886340,
    "end": 1611308886340,
    "duration": 0,
    "pid": 18076,
    "index": 4
  },
  {
    "name": "Require(1) node_modules/_egg-session@3.2.0@egg-session/config/config.default.js",
    "start": 1611308886342,
    "end": 1611308886342,
    "duration": 0,
    "pid": 18076,
    "index": 5
  },
  {
    "name": "Require(2) node_modules/_egg-security@2.8.0@egg-security/config/config.default.js",
    "start": 1611308886343,
    "end": 1611308886343,
    "duration": 0,
    "pid": 18076,
    "index": 6
  },
  {
    "name": "Require(3) node_modules/_egg-jsonp@2.0.0@egg-jsonp/config/config.default.js",
    "start": 1611308886344,
    "end": 1611308886344,
    "duration": 0,
    "pid": 18076,
    "index": 7
  },
  {
    "name": "Require(4) node_modules/_egg-onerror@2.1.0@egg-onerror/config/config.default.js",
    "start": 1611308886345,
    "end": 1611308886345,
    "duration": 0,
    "pid": 18076,
    "index": 8
  },
  {
    "name": "Require(5) node_modules/_egg-i18n@2.1.1@egg-i18n/config/config.default.js",
    "start": 1611308886346,
    "end": 1611308886346,
    "duration": 0,
    "pid": 18076,
    "index": 9
  },
  {
    "name": "Require(6) node_modules/_egg-watcher@3.1.1@egg-watcher/config/config.default.js",
    "start": 1611308886347,
    "end": 1611308886348,
    "duration": 1,
    "pid": 18076,
    "index": 10
  },
  {
    "name": "Require(7) node_modules/_egg-schedule@3.6.6@egg-schedule/config/config.default.js",
    "start": 1611308886349,
    "end": 1611308886350,
    "duration": 1,
    "pid": 18076,
    "index": 11
  },
  {
    "name": "Require(8) node_modules/_egg-multipart@2.10.3@egg-multipart/config/config.default.js",
    "start": 1611308886350,
    "end": 1611308886351,
    "duration": 1,
    "pid": 18076,
    "index": 12
  },
  {
    "name": "Require(9) node_modules/_egg-development@2.7.0@egg-development/config/config.default.js",
    "start": 1611308886352,
    "end": 1611308886352,
    "duration": 0,
    "pid": 18076,
    "index": 13
  },
  {
    "name": "Require(10) node_modules/_egg-logrotator@3.1.0@egg-logrotator/config/config.default.js",
    "start": 1611308886353,
    "end": 1611308886353,
    "duration": 0,
    "pid": 18076,
    "index": 14
  },
  {
    "name": "Require(11) node_modules/_egg-static@2.2.0@egg-static/config/config.default.js",
    "start": 1611308886354,
    "end": 1611308886354,
    "duration": 0,
    "pid": 18076,
    "index": 15
  },
  {
    "name": "Require(12) node_modules/_egg-view@2.1.3@egg-view/config/config.default.js",
    "start": 1611308886355,
    "end": 1611308886355,
    "duration": 0,
    "pid": 18076,
    "index": 16
  },
  {
    "name": "Require(13) node_modules/_egg-view-ejs@2.0.1@egg-view-ejs/config/config.default.js",
    "start": 1611308886356,
    "end": 1611308886356,
    "duration": 0,
    "pid": 18076,
    "index": 17
  },
  {
    "name": "Require(14) node_modules/_egg@2.29.1@egg/config/config.default.js",
    "start": 1611308886356,
    "end": 1611308886357,
    "duration": 1,
    "pid": 18076,
    "index": 18
  },
  {
    "name": "Require(15) config/config.default.js",
    "start": 1611308886358,
    "end": 1611308886358,
    "duration": 0,
    "pid": 18076,
    "index": 19
  },
  {
    "name": "Require(16) node_modules/_egg-security@2.8.0@egg-security/config/config.local.js",
    "start": 1611308886359,
    "end": 1611308886359,
    "duration": 0,
    "pid": 18076,
    "index": 20
  },
  {
    "name": "Require(17) node_modules/_egg-watcher@3.1.1@egg-watcher/config/config.local.js",
    "start": 1611308886360,
    "end": 1611308886360,
    "duration": 0,
    "pid": 18076,
    "index": 21
  },
  {
    "name": "Require(18) node_modules/_egg-view@2.1.3@egg-view/config/config.local.js",
    "start": 1611308886361,
    "end": 1611308886362,
    "duration": 1,
    "pid": 18076,
    "index": 22
  },
  {
    "name": "Require(19) node_modules/_egg-view-ejs@2.0.1@egg-view-ejs/config/config.local.js",
    "start": 1611308886362,
    "end": 1611308886362,
    "duration": 0,
    "pid": 18076,
    "index": 23
  },
  {
    "name": "Require(20) node_modules/_egg@2.29.1@egg/config/config.local.js",
    "start": 1611308886363,
    "end": 1611308886363,
    "duration": 0,
    "pid": 18076,
    "index": 24
  },
  {
    "name": "Load extend/application.js",
    "start": 1611308886364,
    "end": 1611308886384,
    "duration": 20,
    "pid": 18076,
    "index": 25
  },
  {
    "name": "Require(21) node_modules/_egg-session@3.2.0@egg-session/app/extend/application.js",
    "start": 1611308886365,
    "end": 1611308886366,
    "duration": 1,
    "pid": 18076,
    "index": 26
  },
  {
    "name": "Require(22) node_modules/_egg-security@2.8.0@egg-security/app/extend/application.js",
    "start": 1611308886367,
    "end": 1611308886368,
    "duration": 1,
    "pid": 18076,
    "index": 27
  },
  {
    "name": "Require(23) node_modules/_egg-jsonp@2.0.0@egg-jsonp/app/extend/application.js",
    "start": 1611308886369,
    "end": 1611308886372,
    "duration": 3,
    "pid": 18076,
    "index": 28
  },
  {
    "name": "Require(24) node_modules/_egg-logrotator@3.1.0@egg-logrotator/app/extend/application.js",
    "start": 1611308886373,
    "end": 1611308886376,
    "duration": 3,
    "pid": 18076,
    "index": 29
  },
  {
    "name": "Require(25) node_modules/_egg-view@2.1.3@egg-view/app/extend/application.js",
    "start": 1611308886377,
    "end": 1611308886379,
    "duration": 2,
    "pid": 18076,
    "index": 30
  },
  {
    "name": "Load extend/request.js",
    "start": 1611308886384,
    "end": 1611308886393,
    "duration": 9,
    "pid": 18076,
    "index": 31
  },
  {
    "name": "Require(26) node_modules/_egg@2.29.1@egg/app/extend/request.js",
    "start": 1611308886387,
    "end": 1611308886389,
    "duration": 2,
    "pid": 18076,
    "index": 32
  },
  {
    "name": "Load extend/response.js",
    "start": 1611308886393,
    "end": 1611308886405,
    "duration": 12,
    "pid": 18076,
    "index": 33
  },
  {
    "name": "Require(27) node_modules/_egg@2.29.1@egg/app/extend/response.js",
    "start": 1611308886398,
    "end": 1611308886402,
    "duration": 4,
    "pid": 18076,
    "index": 34
  },
  {
    "name": "Load extend/context.js",
    "start": 1611308886405,
    "end": 1611308886478,
    "duration": 73,
    "pid": 18076,
    "index": 35
  },
  {
    "name": "Require(28) node_modules/_egg-security@2.8.0@egg-security/app/extend/context.js",
    "start": 1611308886406,
    "end": 1611308886420,
    "duration": 14,
    "pid": 18076,
    "index": 36
  },
  {
    "name": "Require(29) node_modules/_egg-jsonp@2.0.0@egg-jsonp/app/extend/context.js",
    "start": 1611308886420,
    "end": 1611308886422,
    "duration": 2,
    "pid": 18076,
    "index": 37
  },
  {
    "name": "Require(30) node_modules/_egg-i18n@2.1.1@egg-i18n/app/extend/context.js",
    "start": 1611308886422,
    "end": 1611308886423,
    "duration": 1,
    "pid": 18076,
    "index": 38
  },
  {
    "name": "Require(31) node_modules/_egg-multipart@2.10.3@egg-multipart/app/extend/context.js",
    "start": 1611308886423,
    "end": 1611308886471,
    "duration": 48,
    "pid": 18076,
    "index": 39
  },
  {
    "name": "Require(32) node_modules/_egg-view@2.1.3@egg-view/app/extend/context.js",
    "start": 1611308886472,
    "end": 1611308886473,
    "duration": 1,
    "pid": 18076,
    "index": 40
  },
  {
    "name": "Require(33) node_modules/_egg@2.29.1@egg/app/extend/context.js",
    "start": 1611308886473,
    "end": 1611308886475,
    "duration": 2,
    "pid": 18076,
    "index": 41
  },
  {
    "name": "Load extend/helper.js",
    "start": 1611308886478,
    "end": 1611308886500,
    "duration": 22,
    "pid": 18076,
    "index": 42
  },
  {
    "name": "Require(34) node_modules/_egg-security@2.8.0@egg-security/app/extend/helper.js",
    "start": 1611308886478,
    "end": 1611308886495,
    "duration": 17,
    "pid": 18076,
    "index": 43
  },
  {
    "name": "Require(35) node_modules/_egg@2.29.1@egg/app/extend/helper.js",
    "start": 1611308886497,
    "end": 1611308886497,
    "duration": 0,
    "pid": 18076,
    "index": 44
  },
  {
    "name": "Load app.js",
    "start": 1611308886501,
    "end": 1611308886534,
    "duration": 33,
    "pid": 18076,
    "index": 45
  },
  {
    "name": "Require(36) node_modules/_egg-session@3.2.0@egg-session/app.js",
    "start": 1611308886501,
    "end": 1611308886501,
    "duration": 0,
    "pid": 18076,
    "index": 46
  },
  {
    "name": "Require(37) node_modules/_egg-security@2.8.0@egg-security/app.js",
    "start": 1611308886502,
    "end": 1611308886503,
    "duration": 1,
    "pid": 18076,
    "index": 47
  },
  {
    "name": "Require(38) node_modules/_egg-onerror@2.1.0@egg-onerror/app.js",
    "start": 1611308886504,
    "end": 1611308886514,
    "duration": 10,
    "pid": 18076,
    "index": 48
  },
  {
    "name": "Require(39) node_modules/_egg-i18n@2.1.1@egg-i18n/app.js",
    "start": 1611308886515,
    "end": 1611308886523,
    "duration": 8,
    "pid": 18076,
    "index": 49
  },
  {
    "name": "Require(40) node_modules/_egg-watcher@3.1.1@egg-watcher/app.js",
    "start": 1611308886524,
    "end": 1611308886527,
    "duration": 3,
    "pid": 18076,
    "index": 50
  },
  {
    "name": "Require(41) node_modules/_egg-schedule@3.6.6@egg-schedule/app.js",
    "start": 1611308886528,
    "end": 1611308886530,
    "duration": 2,
    "pid": 18076,
    "index": 51
  },
  {
    "name": "Require(42) node_modules/_egg-multipart@2.10.3@egg-multipart/app.js",
    "start": 1611308886530,
    "end": 1611308886530,
    "duration": 0,
    "pid": 18076,
    "index": 52
  },
  {
    "name": "Require(43) node_modules/_egg-development@2.7.0@egg-development/app.js",
    "start": 1611308886531,
    "end": 1611308886531,
    "duration": 0,
    "pid": 18076,
    "index": 53
  },
  {
    "name": "Require(44) node_modules/_egg-logrotator@3.1.0@egg-logrotator/app.js",
    "start": 1611308886531,
    "end": 1611308886532,
    "duration": 1,
    "pid": 18076,
    "index": 54
  },
  {
    "name": "Require(45) node_modules/_egg-static@2.2.0@egg-static/app.js",
    "start": 1611308886532,
    "end": 1611308886532,
    "duration": 0,
    "pid": 18076,
    "index": 55
  },
  {
    "name": "Require(46) node_modules/_egg-view-ejs@2.0.1@egg-view-ejs/app.js",
    "start": 1611308886533,
    "end": 1611308886533,
    "duration": 0,
    "pid": 18076,
    "index": 56
  },
  {
    "name": "Before Start in node_modules/_egg-watcher@3.1.1@egg-watcher/lib/init.js:15:14",
    "start": 1611308886542,
    "end": 1611308886726,
    "duration": 184,
    "pid": 18076,
    "index": 57
  },
  {
    "name": "Load Service",
    "start": 1611308886575,
    "end": 1611308886579,
    "duration": 4,
    "pid": 18076,
    "index": 58
  },
  {
    "name": "Load \"service\" to Context",
    "start": 1611308886575,
    "end": 1611308886579,
    "duration": 4,
    "pid": 18076,
    "index": 59
  },
  {
    "name": "Load Middleware",
    "start": 1611308886579,
    "end": 1611308886709,
    "duration": 130,
    "pid": 18076,
    "index": 60
  },
  {
    "name": "Load \"middlewares\" to Application",
    "start": 1611308886579,
    "end": 1611308886693,
    "duration": 114,
    "pid": 18076,
    "index": 61
  },
  {
    "name": "Load Controller",
    "start": 1611308886709,
    "end": 1611308886710,
    "duration": 1,
    "pid": 18076,
    "index": 62
  },
  {
    "name": "Load \"controller\" to Application",
    "start": 1611308886709,
    "end": 1611308886710,
    "duration": 1,
    "pid": 18076,
    "index": 63
  },
  {
    "name": "Load Router",
    "start": 1611308886710,
    "end": 1611308886712,
    "duration": 2,
    "pid": 18076,
    "index": 64
  },
  {
    "name": "Require(47) app/router.js",
    "start": 1611308886711,
    "end": 1611308886711,
    "duration": 0,
    "pid": 18076,
    "index": 65
  },
  {
    "name": "Before Start in node_modules/_egg-core@4.20.0@egg-core/lib/egg.js:303:10",
    "start": 1611308886711,
    "end": 1611308886719,
    "duration": 8,
    "pid": 18076,
    "index": 66
  }
]