[
  {
    "name": "Process Start",
    "start": 1611308898449,
    "end": 1611308899588,
    "duration": 1139,
    "pid": 7652,
    "index": 0
  },
  {
    "name": "Application Start",
    "start": 1611308899589,
    "end": 1611308899997,
    "duration": 408,
    "pid": 7652,
    "index": 1
  },
  {
    "name": "Load Plugin",
    "start": 1611308899592,
    "end": 1611308899611,
    "duration": 19,
    "pid": 7652,
    "index": 2
  },
  {
    "name": "Load Config",
    "start": 1611308899612,
    "end": 1611308899644,
    "duration": 32,
    "pid": 7652,
    "index": 3
  },
  {
    "name": "Require(0) config/config.default.js",
    "start": 1611308899612,
    "end": 1611308899613,
    "duration": 1,
    "pid": 7652,
    "index": 4
  },
  {
    "name": "Require(1) node_modules/_egg-session@3.2.0@egg-session/config/config.default.js",
    "start": 1611308899614,
    "end": 1611308899615,
    "duration": 1,
    "pid": 7652,
    "index": 5
  },
  {
    "name": "Require(2) node_modules/_egg-security@2.8.0@egg-security/config/config.default.js",
    "start": 1611308899615,
    "end": 1611308899616,
    "duration": 1,
    "pid": 7652,
    "index": 6
  },
  {
    "name": "Require(3) node_modules/_egg-jsonp@2.0.0@egg-jsonp/config/config.default.js",
    "start": 1611308899617,
    "end": 1611308899618,
    "duration": 1,
    "pid": 7652,
    "index": 7
  },
  {
    "name": "Require(4) node_modules/_egg-onerror@2.1.0@egg-onerror/config/config.default.js",
    "start": 1611308899618,
    "end": 1611308899619,
    "duration": 1,
    "pid": 7652,
    "index": 8
  },
  {
    "name": "Require(5) node_modules/_egg-i18n@2.1.1@egg-i18n/config/config.default.js",
    "start": 1611308899619,
    "end": 1611308899620,
    "duration": 1,
    "pid": 7652,
    "index": 9
  },
  {
    "name": "Require(6) node_modules/_egg-watcher@3.1.1@egg-watcher/config/config.default.js",
    "start": 1611308899621,
    "end": 1611308899622,
    "duration": 1,
    "pid": 7652,
    "index": 10
  },
  {
    "name": "Require(7) node_modules/_egg-schedule@3.6.6@egg-schedule/config/config.default.js",
    "start": 1611308899622,
    "end": 1611308899623,
    "duration": 1,
    "pid": 7652,
    "index": 11
  },
  {
    "name": "Require(8) node_modules/_egg-multipart@2.10.3@egg-multipart/config/config.default.js",
    "start": 1611308899624,
    "end": 1611308899624,
    "duration": 0,
    "pid": 7652,
    "index": 12
  },
  {
    "name": "Require(9) node_modules/_egg-development@2.7.0@egg-development/config/config.default.js",
    "start": 1611308899625,
    "end": 1611308899626,
    "duration": 1,
    "pid": 7652,
    "index": 13
  },
  {
    "name": "Require(10) node_modules/_egg-logrotator@3.1.0@egg-logrotator/config/config.default.js",
    "start": 1611308899626,
    "end": 1611308899627,
    "duration": 1,
    "pid": 7652,
    "index": 14
  },
  {
    "name": "Require(11) node_modules/_egg-static@2.2.0@egg-static/config/config.default.js",
    "start": 1611308899627,
    "end": 1611308899628,
    "duration": 1,
    "pid": 7652,
    "index": 15
  },
  {
    "name": "Require(12) node_modules/_egg-view@2.1.3@egg-view/config/config.default.js",
    "start": 1611308899629,
    "end": 1611308899630,
    "duration": 1,
    "pid": 7652,
    "index": 16
  },
  {
    "name": "Require(13) node_modules/_egg-view-ejs@2.0.1@egg-view-ejs/config/config.default.js",
    "start": 1611308899631,
    "end": 1611308899632,
    "duration": 1,
    "pid": 7652,
    "index": 17
  },
  {
    "name": "Require(14) node_modules/_egg@2.29.1@egg/config/config.default.js",
    "start": 1611308899634,
    "end": 1611308899635,
    "duration": 1,
    "pid": 7652,
    "index": 18
  },
  {
    "name": "Require(15) config/config.default.js",
    "start": 1611308899637,
    "end": 1611308899637,
    "duration": 0,
    "pid": 7652,
    "index": 19
  },
  {
    "name": "Require(16) node_modules/_egg-security@2.8.0@egg-security/config/config.local.js",
    "start": 1611308899638,
    "end": 1611308899638,
    "duration": 0,
    "pid": 7652,
    "index": 20
  },
  {
    "name": "Require(17) node_modules/_egg-watcher@3.1.1@egg-watcher/config/config.local.js",
    "start": 1611308899639,
    "end": 1611308899640,
    "duration": 1,
    "pid": 7652,
    "index": 21
  },
  {
    "name": "Require(18) node_modules/_egg-view@2.1.3@egg-view/config/config.local.js",
    "start": 1611308899642,
    "end": 1611308899642,
    "duration": 0,
    "pid": 7652,
    "index": 22
  },
  {
    "name": "Require(19) node_modules/_egg-view-ejs@2.0.1@egg-view-ejs/config/config.local.js",
    "start": 1611308899643,
    "end": 1611308899643,
    "duration": 0,
    "pid": 7652,
    "index": 23
  },
  {
    "name": "Require(20) node_modules/_egg@2.29.1@egg/config/config.local.js",
    "start": 1611308899644,
    "end": 1611308899644,
    "duration": 0,
    "pid": 7652,
    "index": 24
  },
  {
    "name": "Load extend/application.js",
    "start": 1611308899645,
    "end": 1611308899664,
    "duration": 19,
    "pid": 7652,
    "index": 25
  },
  {
    "name": "Require(21) node_modules/_egg-session@3.2.0@egg-session/app/extend/application.js",
    "start": 1611308899646,
    "end": 1611308899646,
    "duration": 0,
    "pid": 7652,
    "index": 26
  },
  {
    "name": "Require(22) node_modules/_egg-security@2.8.0@egg-security/app/extend/application.js",
    "start": 1611308899647,
    "end": 1611308899649,
    "duration": 2,
    "pid": 7652,
    "index": 27
  },
  {
    "name": "Require(23) node_modules/_egg-jsonp@2.0.0@egg-jsonp/app/extend/application.js",
    "start": 1611308899650,
    "end": 1611308899652,
    "duration": 2,
    "pid": 7652,
    "index": 28
  },
  {
    "name": "Require(24) node_modules/_egg-logrotator@3.1.0@egg-logrotator/app/extend/application.js",
    "start": 1611308899654,
    "end": 1611308899657,
    "duration": 3,
    "pid": 7652,
    "index": 29
  },
  {
    "name": "Require(25) node_modules/_egg-view@2.1.3@egg-view/app/extend/application.js",
    "start": 1611308899658,
    "end": 1611308899660,
    "duration": 2,
    "pid": 7652,
    "index": 30
  },
  {
    "name": "Load extend/request.js",
    "start": 1611308899664,
    "end": 1611308899675,
    "duration": 11,
    "pid": 7652,
    "index": 31
  },
  {
    "name": "Require(26) node_modules/_egg@2.29.1@egg/app/extend/request.js",
    "start": 1611308899668,
    "end": 1611308899669,
    "duration": 1,
    "pid": 7652,
    "index": 32
  },
  {
    "name": "Load extend/response.js",
    "start": 1611308899675,
    "end": 1611308899684,
    "duration": 9,
    "pid": 7652,
    "index": 33
  },
  {
    "name": "Require(27) node_modules/_egg@2.29.1@egg/app/extend/response.js",
    "start": 1611308899678,
    "end": 1611308899681,
    "duration": 3,
    "pid": 7652,
    "index": 34
  },
  {
    "name": "Load extend/context.js",
    "start": 1611308899684,
    "end": 1611308899759,
    "duration": 75,
    "pid": 7652,
    "index": 35
  },
  {
    "name": "Require(28) node_modules/_egg-security@2.8.0@egg-security/app/extend/context.js",
    "start": 1611308899685,
    "end": 1611308899700,
    "duration": 15,
    "pid": 7652,
    "index": 36
  },
  {
    "name": "Require(29) node_modules/_egg-jsonp@2.0.0@egg-jsonp/app/extend/context.js",
    "start": 1611308899701,
    "end": 1611308899702,
    "duration": 1,
    "pid": 7652,
    "index": 37
  },
  {
    "name": "Require(30) node_modules/_egg-i18n@2.1.1@egg-i18n/app/extend/context.js",
    "start": 1611308899703,
    "end": 1611308899703,
    "duration": 0,
    "pid": 7652,
    "index": 38
  },
  {
    "name": "Require(31) node_modules/_egg-multipart@2.10.3@egg-multipart/app/extend/context.js",
    "start": 1611308899704,
    "end": 1611308899752,
    "duration": 48,
    "pid": 7652,
    "index": 39
  },
  {
    "name": "Require(32) node_modules/_egg-view@2.1.3@egg-view/app/extend/context.js",
    "start": 1611308899753,
    "end": 1611308899754,
    "duration": 1,
    "pid": 7652,
    "index": 40
  },
  {
    "name": "Require(33) node_modules/_egg@2.29.1@egg/app/extend/context.js",
    "start": 1611308899754,
    "end": 1611308899756,
    "duration": 2,
    "pid": 7652,
    "index": 41
  },
  {
    "name": "Load extend/helper.js",
    "start": 1611308899759,
    "end": 1611308899783,
    "duration": 24,
    "pid": 7652,
    "index": 42
  },
  {
    "name": "Require(34) node_modules/_egg-security@2.8.0@egg-security/app/extend/helper.js",
    "start": 1611308899759,
    "end": 1611308899777,
    "duration": 18,
    "pid": 7652,
    "index": 43
  },
  {
    "name": "Require(35) node_modules/_egg@2.29.1@egg/app/extend/helper.js",
    "start": 1611308899779,
    "end": 1611308899780,
    "duration": 1,
    "pid": 7652,
    "index": 44
  },
  {
    "name": "Load app.js",
    "start": 1611308899783,
    "end": 1611308899814,
    "duration": 31,
    "pid": 7652,
    "index": 45
  },
  {
    "name": "Require(36) node_modules/_egg-session@3.2.0@egg-session/app.js",
    "start": 1611308899783,
    "end": 1611308899784,
    "duration": 1,
    "pid": 7652,
    "index": 46
  },
  {
    "name": "Require(37) node_modules/_egg-security@2.8.0@egg-security/app.js",
    "start": 1611308899784,
    "end": 1611308899786,
    "duration": 2,
    "pid": 7652,
    "index": 47
  },
  {
    "name": "Require(38) node_modules/_egg-onerror@2.1.0@egg-onerror/app.js",
    "start": 1611308899786,
    "end": 1611308899796,
    "duration": 10,
    "pid": 7652,
    "index": 48
  },
  {
    "name": "Require(39) node_modules/_egg-i18n@2.1.1@egg-i18n/app.js",
    "start": 1611308899796,
    "end": 1611308899804,
    "duration": 8,
    "pid": 7652,
    "index": 49
  },
  {
    "name": "Require(40) node_modules/_egg-watcher@3.1.1@egg-watcher/app.js",
    "start": 1611308899804,
    "end": 1611308899808,
    "duration": 4,
    "pid": 7652,
    "index": 50
  },
  {
    "name": "Require(41) node_modules/_egg-schedule@3.6.6@egg-schedule/app.js",
    "start": 1611308899808,
    "end": 1611308899810,
    "duration": 2,
    "pid": 7652,
    "index": 51
  },
  {
    "name": "Require(42) node_modules/_egg-multipart@2.10.3@egg-multipart/app.js",
    "start": 1611308899810,
    "end": 1611308899811,
    "duration": 1,
    "pid": 7652,
    "index": 52
  },
  {
    "name": "Require(43) node_modules/_egg-development@2.7.0@egg-development/app.js",
    "start": 1611308899811,
    "end": 1611308899811,
    "duration": 0,
    "pid": 7652,
    "index": 53
  },
  {
    "name": "Require(44) node_modules/_egg-logrotator@3.1.0@egg-logrotator/app.js",
    "start": 1611308899812,
    "end": 1611308899812,
    "duration": 0,
    "pid": 7652,
    "index": 54
  },
  {
    "name": "Require(45) node_modules/_egg-static@2.2.0@egg-static/app.js",
    "start": 1611308899812,
    "end": 1611308899812,
    "duration": 0,
    "pid": 7652,
    "index": 55
  },
  {
    "name": "Require(46) node_modules/_egg-view-ejs@2.0.1@egg-view-ejs/app.js",
    "start": 1611308899813,
    "end": 1611308899813,
    "duration": 0,
    "pid": 7652,
    "index": 56
  },
  {
    "name": "Before Start in node_modules/_egg-watcher@3.1.1@egg-watcher/lib/init.js:15:14",
    "start": 1611308899822,
    "end": 1611308899997,
    "duration": 175,
    "pid": 7652,
    "index": 57
  },
  {
    "name": "Load Service",
    "start": 1611308899853,
    "end": 1611308899857,
    "duration": 4,
    "pid": 7652,
    "index": 58
  },
  {
    "name": "Load \"service\" to Context",
    "start": 1611308899853,
    "end": 1611308899857,
    "duration": 4,
    "pid": 7652,
    "index": 59
  },
  {
    "name": "Load Middleware",
    "start": 1611308899858,
    "end": 1611308899980,
    "duration": 122,
    "pid": 7652,
    "index": 60
  },
  {
    "name": "Load \"middlewares\" to Application",
    "start": 1611308899858,
    "end": 1611308899966,
    "duration": 108,
    "pid": 7652,
    "index": 61
  },
  {
    "name": "Load Controller",
    "start": 1611308899980,
    "end": 1611308899982,
    "duration": 2,
    "pid": 7652,
    "index": 62
  },
  {
    "name": "Load \"controller\" to Application",
    "start": 1611308899980,
    "end": 1611308899982,
    "duration": 2,
    "pid": 7652,
    "index": 63
  },
  {
    "name": "Load Router",
    "start": 1611308899982,
    "end": 1611308899984,
    "duration": 2,
    "pid": 7652,
    "index": 64
  },
  {
    "name": "Require(47) app/router.js",
    "start": 1611308899982,
    "end": 1611308899982,
    "duration": 0,
    "pid": 7652,
    "index": 65
  },
  {
    "name": "Before Start in node_modules/_egg-core@4.20.0@egg-core/lib/egg.js:303:10",
    "start": 1611308899983,
    "end": 1611308899990,
    "duration": 7,
    "pid": 7652,
    "index": 66
  }
]