[
  {
    "name": "Process Start",
    "start": 1611308847451,
    "end": 1611308848441,
    "duration": 990,
    "pid": 6540,
    "index": 0
  },
  {
    "name": "Application Start",
    "start": 1611308848441,
    "end": 1611308848833,
    "duration": 392,
    "pid": 6540,
    "index": 1
  },
  {
    "name": "Load Plugin",
    "start": 1611308848445,
    "end": 1611308848462,
    "duration": 17,
    "pid": 6540,
    "index": 2
  },
  {
    "name": "Load Config",
    "start": 1611308848462,
    "end": 1611308848484,
    "duration": 22,
    "pid": 6540,
    "index": 3
  },
  {
    "name": "Require(0) config/config.default.js",
    "start": 1611308848463,
    "end": 1611308848463,
    "duration": 0,
    "pid": 6540,
    "index": 4
  },
  {
    "name": "Require(1) node_modules/_egg-session@3.2.0@egg-session/config/config.default.js",
    "start": 1611308848464,
    "end": 1611308848465,
    "duration": 1,
    "pid": 6540,
    "index": 5
  },
  {
    "name": "Require(2) node_modules/_egg-security@2.8.0@egg-security/config/config.default.js",
    "start": 1611308848465,
    "end": 1611308848465,
    "duration": 0,
    "pid": 6540,
    "index": 6
  },
  {
    "name": "Require(3) node_modules/_egg-jsonp@2.0.0@egg-jsonp/config/config.default.js",
    "start": 1611308848466,
    "end": 1611308848466,
    "duration": 0,
    "pid": 6540,
    "index": 7
  },
  {
    "name": "Require(4) node_modules/_egg-onerror@2.1.0@egg-onerror/config/config.default.js",
    "start": 1611308848467,
    "end": 1611308848467,
    "duration": 0,
    "pid": 6540,
    "index": 8
  },
  {
    "name": "Require(5) node_modules/_egg-i18n@2.1.1@egg-i18n/config/config.default.js",
    "start": 1611308848468,
    "end": 1611308848468,
    "duration": 0,
    "pid": 6540,
    "index": 9
  },
  {
    "name": "Require(6) node_modules/_egg-watcher@3.1.1@egg-watcher/config/config.default.js",
    "start": 1611308848469,
    "end": 1611308848469,
    "duration": 0,
    "pid": 6540,
    "index": 10
  },
  {
    "name": "Require(7) node_modules/_egg-schedule@3.6.6@egg-schedule/config/config.default.js",
    "start": 1611308848470,
    "end": 1611308848470,
    "duration": 0,
    "pid": 6540,
    "index": 11
  },
  {
    "name": "Require(8) node_modules/_egg-multipart@2.10.3@egg-multipart/config/config.default.js",
    "start": 1611308848471,
    "end": 1611308848472,
    "duration": 1,
    "pid": 6540,
    "index": 12
  },
  {
    "name": "Require(9) node_modules/_egg-development@2.7.0@egg-development/config/config.default.js",
    "start": 1611308848473,
    "end": 1611308848473,
    "duration": 0,
    "pid": 6540,
    "index": 13
  },
  {
    "name": "Require(10) node_modules/_egg-logrotator@3.1.0@egg-logrotator/config/config.default.js",
    "start": 1611308848474,
    "end": 1611308848474,
    "duration": 0,
    "pid": 6540,
    "index": 14
  },
  {
    "name": "Require(11) node_modules/_egg-static@2.2.0@egg-static/config/config.default.js",
    "start": 1611308848475,
    "end": 1611308848476,
    "duration": 1,
    "pid": 6540,
    "index": 15
  },
  {
    "name": "Require(12) node_modules/_egg-view@2.1.3@egg-view/config/config.default.js",
    "start": 1611308848476,
    "end": 1611308848477,
    "duration": 1,
    "pid": 6540,
    "index": 16
  },
  {
    "name": "Require(13) node_modules/_egg-view-ejs@2.0.1@egg-view-ejs/config/config.default.js",
    "start": 1611308848477,
    "end": 1611308848478,
    "duration": 1,
    "pid": 6540,
    "index": 17
  },
  {
    "name": "Require(14) node_modules/_egg@2.29.1@egg/config/config.default.js",
    "start": 1611308848478,
    "end": 1611308848479,
    "duration": 1,
    "pid": 6540,
    "index": 18
  },
  {
    "name": "Require(15) config/config.default.js",
    "start": 1611308848480,
    "end": 1611308848480,
    "duration": 0,
    "pid": 6540,
    "index": 19
  },
  {
    "name": "Require(16) node_modules/_egg-security@2.8.0@egg-security/config/config.local.js",
    "start": 1611308848480,
    "end": 1611308848480,
    "duration": 0,
    "pid": 6540,
    "index": 20
  },
  {
    "name": "Require(17) node_modules/_egg-watcher@3.1.1@egg-watcher/config/config.local.js",
    "start": 1611308848481,
    "end": 1611308848481,
    "duration": 0,
    "pid": 6540,
    "index": 21
  },
  {
    "name": "Require(18) node_modules/_egg-view@2.1.3@egg-view/config/config.local.js",
    "start": 1611308848483,
    "end": 1611308848483,
    "duration": 0,
    "pid": 6540,
    "index": 22
  },
  {
    "name": "Require(19) node_modules/_egg-view-ejs@2.0.1@egg-view-ejs/config/config.local.js",
    "start": 1611308848483,
    "end": 1611308848483,
    "duration": 0,
    "pid": 6540,
    "index": 23
  },
  {
    "name": "Require(20) node_modules/_egg@2.29.1@egg/config/config.local.js",
    "start": 1611308848484,
    "end": 1611308848484,
    "duration": 0,
    "pid": 6540,
    "index": 24
  },
  {
    "name": "Load extend/application.js",
    "start": 1611308848485,
    "end": 1611308848499,
    "duration": 14,
    "pid": 6540,
    "index": 25
  },
  {
    "name": "Require(21) node_modules/_egg-session@3.2.0@egg-session/app/extend/application.js",
    "start": 1611308848485,
    "end": 1611308848486,
    "duration": 1,
    "pid": 6540,
    "index": 26
  },
  {
    "name": "Require(22) node_modules/_egg-security@2.8.0@egg-security/app/extend/application.js",
    "start": 1611308848486,
    "end": 1611308848487,
    "duration": 1,
    "pid": 6540,
    "index": 27
  },
  {
    "name": "Require(23) node_modules/_egg-jsonp@2.0.0@egg-jsonp/app/extend/application.js",
    "start": 1611308848488,
    "end": 1611308848490,
    "duration": 2,
    "pid": 6540,
    "index": 28
  },
  {
    "name": "Require(24) node_modules/_egg-logrotator@3.1.0@egg-logrotator/app/extend/application.js",
    "start": 1611308848491,
    "end": 1611308848493,
    "duration": 2,
    "pid": 6540,
    "index": 29
  },
  {
    "name": "Require(25) node_modules/_egg-view@2.1.3@egg-view/app/extend/application.js",
    "start": 1611308848494,
    "end": 1611308848497,
    "duration": 3,
    "pid": 6540,
    "index": 30
  },
  {
    "name": "Load extend/request.js",
    "start": 1611308848499,
    "end": 1611308848506,
    "duration": 7,
    "pid": 6540,
    "index": 31
  },
  {
    "name": "Require(26) node_modules/_egg@2.29.1@egg/app/extend/request.js",
    "start": 1611308848502,
    "end": 1611308848503,
    "duration": 1,
    "pid": 6540,
    "index": 32
  },
  {
    "name": "Load extend/response.js",
    "start": 1611308848506,
    "end": 1611308848516,
    "duration": 10,
    "pid": 6540,
    "index": 33
  },
  {
    "name": "Require(27) node_modules/_egg@2.29.1@egg/app/extend/response.js",
    "start": 1611308848511,
    "end": 1611308848513,
    "duration": 2,
    "pid": 6540,
    "index": 34
  },
  {
    "name": "Load extend/context.js",
    "start": 1611308848516,
    "end": 1611308848582,
    "duration": 66,
    "pid": 6540,
    "index": 35
  },
  {
    "name": "Require(28) node_modules/_egg-security@2.8.0@egg-security/app/extend/context.js",
    "start": 1611308848516,
    "end": 1611308848528,
    "duration": 12,
    "pid": 6540,
    "index": 36
  },
  {
    "name": "Require(29) node_modules/_egg-jsonp@2.0.0@egg-jsonp/app/extend/context.js",
    "start": 1611308848528,
    "end": 1611308848530,
    "duration": 2,
    "pid": 6540,
    "index": 37
  },
  {
    "name": "Require(30) node_modules/_egg-i18n@2.1.1@egg-i18n/app/extend/context.js",
    "start": 1611308848530,
    "end": 1611308848531,
    "duration": 1,
    "pid": 6540,
    "index": 38
  },
  {
    "name": "Require(31) node_modules/_egg-multipart@2.10.3@egg-multipart/app/extend/context.js",
    "start": 1611308848531,
    "end": 1611308848575,
    "duration": 44,
    "pid": 6540,
    "index": 39
  },
  {
    "name": "Require(32) node_modules/_egg-view@2.1.3@egg-view/app/extend/context.js",
    "start": 1611308848576,
    "end": 1611308848577,
    "duration": 1,
    "pid": 6540,
    "index": 40
  },
  {
    "name": "Require(33) node_modules/_egg@2.29.1@egg/app/extend/context.js",
    "start": 1611308848577,
    "end": 1611308848579,
    "duration": 2,
    "pid": 6540,
    "index": 41
  },
  {
    "name": "Load extend/helper.js",
    "start": 1611308848582,
    "end": 1611308848603,
    "duration": 21,
    "pid": 6540,
    "index": 42
  },
  {
    "name": "Require(34) node_modules/_egg-security@2.8.0@egg-security/app/extend/helper.js",
    "start": 1611308848582,
    "end": 1611308848597,
    "duration": 15,
    "pid": 6540,
    "index": 43
  },
  {
    "name": "Require(35) node_modules/_egg@2.29.1@egg/app/extend/helper.js",
    "start": 1611308848600,
    "end": 1611308848600,
    "duration": 0,
    "pid": 6540,
    "index": 44
  },
  {
    "name": "Load app.js",
    "start": 1611308848603,
    "end": 1611308848638,
    "duration": 35,
    "pid": 6540,
    "index": 45
  },
  {
    "name": "Require(36) node_modules/_egg-session@3.2.0@egg-session/app.js",
    "start": 1611308848604,
    "end": 1611308848604,
    "duration": 0,
    "pid": 6540,
    "index": 46
  },
  {
    "name": "Require(37) node_modules/_egg-security@2.8.0@egg-security/app.js",
    "start": 1611308848605,
    "end": 1611308848606,
    "duration": 1,
    "pid": 6540,
    "index": 47
  },
  {
    "name": "Require(38) node_modules/_egg-onerror@2.1.0@egg-onerror/app.js",
    "start": 1611308848607,
    "end": 1611308848617,
    "duration": 10,
    "pid": 6540,
    "index": 48
  },
  {
    "name": "Require(39) node_modules/_egg-i18n@2.1.1@egg-i18n/app.js",
    "start": 1611308848618,
    "end": 1611308848627,
    "duration": 9,
    "pid": 6540,
    "index": 49
  },
  {
    "name": "Require(40) node_modules/_egg-watcher@3.1.1@egg-watcher/app.js",
    "start": 1611308848627,
    "end": 1611308848631,
    "duration": 4,
    "pid": 6540,
    "index": 50
  },
  {
    "name": "Require(41) node_modules/_egg-schedule@3.6.6@egg-schedule/app.js",
    "start": 1611308848632,
    "end": 1611308848634,
    "duration": 2,
    "pid": 6540,
    "index": 51
  },
  {
    "name": "Require(42) node_modules/_egg-multipart@2.10.3@egg-multipart/app.js",
    "start": 1611308848634,
    "end": 1611308848634,
    "duration": 0,
    "pid": 6540,
    "index": 52
  },
  {
    "name": "Require(43) node_modules/_egg-development@2.7.0@egg-development/app.js",
    "start": 1611308848635,
    "end": 1611308848635,
    "duration": 0,
    "pid": 6540,
    "index": 53
  },
  {
    "name": "Require(44) node_modules/_egg-logrotator@3.1.0@egg-logrotator/app.js",
    "start": 1611308848635,
    "end": 1611308848636,
    "duration": 1,
    "pid": 6540,
    "index": 54
  },
  {
    "name": "Require(45) node_modules/_egg-static@2.2.0@egg-static/app.js",
    "start": 1611308848636,
    "end": 1611308848636,
    "duration": 0,
    "pid": 6540,
    "index": 55
  },
  {
    "name": "Require(46) node_modules/_egg-view-ejs@2.0.1@egg-view-ejs/app.js",
    "start": 1611308848637,
    "end": 1611308848637,
    "duration": 0,
    "pid": 6540,
    "index": 56
  },
  {
    "name": "Before Start in node_modules/_egg-watcher@3.1.1@egg-watcher/lib/init.js:15:14",
    "start": 1611308848646,
    "end": 1611308848833,
    "duration": 187,
    "pid": 6540,
    "index": 57
  },
  {
    "name": "Load Service",
    "start": 1611308848677,
    "end": 1611308848681,
    "duration": 4,
    "pid": 6540,
    "index": 58
  },
  {
    "name": "Load \"service\" to Context",
    "start": 1611308848677,
    "end": 1611308848681,
    "duration": 4,
    "pid": 6540,
    "index": 59
  },
  {
    "name": "Load Middleware",
    "start": 1611308848681,
    "end": 1611308848817,
    "duration": 136,
    "pid": 6540,
    "index": 60
  },
  {
    "name": "Load \"middlewares\" to Application",
    "start": 1611308848681,
    "end": 1611308848802,
    "duration": 121,
    "pid": 6540,
    "index": 61
  },
  {
    "name": "Load Controller",
    "start": 1611308848817,
    "end": 1611308848819,
    "duration": 2,
    "pid": 6540,
    "index": 62
  },
  {
    "name": "Load \"controller\" to Application",
    "start": 1611308848817,
    "end": 1611308848819,
    "duration": 2,
    "pid": 6540,
    "index": 63
  },
  {
    "name": "Load Router",
    "start": 1611308848819,
    "end": 1611308848821,
    "duration": 2,
    "pid": 6540,
    "index": 64
  },
  {
    "name": "Require(47) app/router.js",
    "start": 1611308848819,
    "end": 1611308848819,
    "duration": 0,
    "pid": 6540,
    "index": 65
  },
  {
    "name": "Before Start in node_modules/_egg-core@4.20.0@egg-core/lib/egg.js:303:10",
    "start": 1611308848820,
    "end": 1611308848827,
    "duration": 7,
    "pid": 6540,
    "index": 66
  }
]